 # VASPBERRY (Ver 1.3.0), by Hyun-Jung Kim. 2026. Sep. 19.                                                                                                                                                                                                       
 #This program calculates (1)berry curvature omega(k) 
 #for closed loop C on a small patches in k-space,
 #and (2) degree of optical selectivity between 
 #two bands specified, and (3) a 2D Z2 invariant by
 #the Fukui-Hatsugai lattice n-field method.
  
 #!!!!!!!!!!!!!!!!!!!!!!!!!!!!!!!!!!!!!!!!!!!!!!!!!!!!!
 #! Copyright 2015. Hyun-Jung Kim All rights reserved.!
 #!        https://github.com/Infant83/VASPBERRY       !
 #!             Hanyang Univ. 2015.Apr.05.            !
 #!!!!!!!!!!!!!!!!!!!!!!!!!!!!!!!!!!!!!!!!!!!!!!!!!!!!!
  
 #*Ref1: T. Fukui, Y. Hatsugai, and H. Suzuki, 
 #       J. Phys. Soc. Jpn. 74, 1674 (2005),
 #       DOI 10.1143/JPSJ.74.1674
 #     'Chern Numbers in Discretized Brillouin Zone: 
 #  Efficient Method of Computing (Spin) Hall Conductances'
 #*Ref2: T. Fukui and Y. Hatsugai, J. Phys. Soc. Jpn.
 #       76, 053702 (2007), DOI 10.1143/JPSJ.76.053702
 #     'Lattice Computation of Z2 Topological 
 #      Invariants and Its Application to Bi and Sb'
 #*Ref3: R. Resta, J. Phys.: Condens. Matter. 12, R107 (2000)
 #     'Menifestations of Berry's phase in molecules 
 #      and condensed matter'
 #*Ref4: W. Yao, D. Xiao, and Q. Niu, PRB 77, 235406 (2008)
 #     'Valley-dependent optoelectronics from inversion
 #      symmetry breaking'
 #*Ref5: http://www.andrew.cmu.edu/user/feenstra/wavetrans/
 #       R. M. Feenstra and M. Widom                  
 #       some routines has been adopted from WAVETRANS
 #*      routines for Wavefunction reading and G 
 #       matching 
  
 #*Syntax:
 # ./vaspberry -f file -kx nx -ky ny -s 2 -ii ni -if nf
 #*  (or) ./vaspberry -f file -kx nx -ky ny -s 2 -is n 
  
 #*For the detailed help: ./vaspberry -h
  
  
# File reading... : WAVECAR                                                                                                                                                                                                                                                         
# TOTAL RECORD LENGTH =     73200
# NELECT     :     10
# ISPIN      :      1 (LSORBIT =.TRUE.)
# ENCUT (eV) :    400.0000
# NKPOINT    :    144
#  K-GRID    :     12   X  12
# NBANDS     :     18
# LATTVEC A1 :      4.388842     0.000000     0.000000
# LATTVEC A2 :      2.194421     3.800849     0.000000
# LATTVEC A3 :      0.000000     0.000000    15.000000
# RECIVEC B1 :      1.431627    -0.826550     0.000000
# RECIVEC B2 :      0.000000     1.653101     0.000000
# RECIVEC B3 :      0.000000     0.000000     0.418879
#  dk^2 = |dk1xk2| =      0.016435
# NPMAX      :  11728
#  NB1MAX    :      8
#  NB2MAX    :      8
#  NB3MAX    :     25
  
  
  
#* Closed loop for KPOINT    1 : (  0.00000  0.00000  0.00000  )
# K1>K2>K3>K4>K5=K1 (k-index):    1  >    2  >   14  >   13  >    1
# K1 = (  0.00000  0.00000  0.00000  ), G1 = (n1,n2) = (0,0)
# K2 = (  0.08333  0.00000  0.00000  ), G2 = (n1,n2) = (0,0)
# K3 = (  0.08333  0.08333  0.00000  ), G3 = (n1,n2) = (0,0)
# K4 = (  0.00000  0.08333  0.00000  ), G4 = (n1,n2) = (0,0)
# K5 = (  0.00000  0.00000  0.00000  ), G5 = (n1,n2) = (0,0)
# 
#===>PI_S[det(S(K_s,K_s+1))] =   2204.39515770  +      0.00169672 i
#__________________________________________________________ 
# Berry Curvature (A^2) : -Im[logPI_S(det(S(K_s,K_s+1)))]/dk^2
#      kx        ky        kz(A^-1)   Berry Curvature (A^2)
#   0.059651   0.034440   0.000000            -0.000047
  
#* Closed loop for KPOINT    2 : (  0.08333 -0.00000  0.00000  )
# K1>K2>K3>K4>K5=K1 (k-index):    2  >    3  >   15  >   14  >    2
# K1 = (  0.08333 -0.00000  0.00000  ), G1 = (n1,n2) = (0,0)
# K2 = (  0.16667 -0.00000  0.00000  ), G2 = (n1,n2) = (0,0)
# K3 = (  0.16667  0.08333  0.00000  ), G3 = (n1,n2) = (0,0)
# K4 = (  0.08333  0.08333  0.00000  ), G4 = (n1,n2) = (0,0)
# K5 = (  0.08333 -0.00000  0.00000  ), G5 = (n1,n2) = (0,0)
# 
#===>PI_S[det(S(K_s,K_s+1))] =   8212.43455494  +      0.00003256 i
#__________________________________________________________ 
# Berry Curvature (A^2) : -Im[logPI_S(det(S(K_s,K_s+1)))]/dk^2
#      kx        ky        kz(A^-1)   Berry Curvature (A^2)
#   0.178953  -0.034440   0.000000            -0.000000
  
#* Closed loop for KPOINT    3 : (  0.16667  0.00000  0.00000  )
# K1>K2>K3>K4>K5=K1 (k-index):    3  >    4  >   16  >   15  >    3
# K1 = (  0.16667  0.00000  0.00000  ), G1 = (n1,n2) = (0,0)
# K2 = (  0.25000  0.00000  0.00000  ), G2 = (n1,n2) = (0,0)
# K3 = (  0.25000  0.08333  0.00000  ), G3 = (n1,n2) = (0,0)
# K4 = (  0.16667  0.08333  0.00000  ), G4 = (n1,n2) = (0,0)
# K5 = (  0.16667  0.00000  0.00000  ), G5 = (n1,n2) = (0,0)
# 
#===>PI_S[det(S(K_s,K_s+1))] =  16133.82639437  +     -0.00188198 i
#__________________________________________________________ 
# Berry Curvature (A^2) : -Im[logPI_S(det(S(K_s,K_s+1)))]/dk^2
#      kx        ky        kz(A^-1)   Berry Curvature (A^2)
#   0.298256  -0.103319   0.000000             0.000007
  
#* Closed loop for KPOINT    4 : (  0.25000  0.00000  0.00000  )
# K1>K2>K3>K4>K5=K1 (k-index):    4  >    5  >   17  >   16  >    4
# K1 = (  0.25000  0.00000  0.00000  ), G1 = (n1,n2) = (0,0)
# K2 = (  0.33333  0.00000  0.00000  ), G2 = (n1,n2) = (0,0)
# K3 = (  0.33333  0.08333  0.00000  ), G3 = (n1,n2) = (0,0)
# K4 = (  0.25000  0.08333  0.00000  ), G4 = (n1,n2) = (0,0)
# K5 = (  0.25000  0.00000  0.00000  ), G5 = (n1,n2) = (0,0)
# 
#===>PI_S[det(S(K_s,K_s+1))] =  19316.05644504  +      0.00055060 i
#__________________________________________________________ 
# Berry Curvature (A^2) : -Im[logPI_S(det(S(K_s,K_s+1)))]/dk^2
#      kx        ky        kz(A^-1)   Berry Curvature (A^2)
#   0.417558  -0.172198   0.000000            -0.000002
  
#* Closed loop for KPOINT    5 : (  0.33333  0.00000  0.00000  )
# K1>K2>K3>K4>K5=K1 (k-index):    5  >    6  >   18  >   17  >    5
# K1 = (  0.33333  0.00000  0.00000  ), G1 = (n1,n2) = (0,0)
# K2 = (  0.41667  0.00000  0.00000  ), G2 = (n1,n2) = (0,0)
# K3 = (  0.41667  0.08333  0.00000  ), G3 = (n1,n2) = (0,0)
# K4 = (  0.33333  0.08333  0.00000  ), G4 = (n1,n2) = (0,0)
# K5 = (  0.33333  0.00000  0.00000  ), G5 = (n1,n2) = (0,0)
# 
#===>PI_S[det(S(K_s,K_s+1))] =  22846.16544160  +      0.00146596 i
#__________________________________________________________ 
# Berry Curvature (A^2) : -Im[logPI_S(det(S(K_s,K_s+1)))]/dk^2
#      kx        ky        kz(A^-1)   Berry Curvature (A^2)
#   0.536860  -0.241077   0.000000            -0.000004
  
#* Closed loop for KPOINT    6 : (  0.41667  0.00000  0.00000  )
# K1>K2>K3>K4>K5=K1 (k-index):    6  >    7  >   19  >   18  >    6
# K1 = (  0.41667  0.00000  0.00000  ), G1 = (n1,n2) = (0,0)
# K2 = (  0.50000  0.00000  0.00000  ), G2 = (n1,n2) = (0,0)
# K3 = (  0.50000  0.08333  0.00000  ), G3 = (n1,n2) = (0,0)
# K4 = (  0.41667  0.08333  0.00000  ), G4 = (n1,n2) = (0,0)
# K5 = (  0.41667  0.00000  0.00000  ), G5 = (n1,n2) = (0,0)
# 
#===>PI_S[det(S(K_s,K_s+1))] =  24919.82886443  +     -0.00057282 i
#__________________________________________________________ 
# Berry Curvature (A^2) : -Im[logPI_S(det(S(K_s,K_s+1)))]/dk^2
#      kx        ky        kz(A^-1)   Berry Curvature (A^2)
#   0.656162  -0.309956   0.000000             0.000001
  
#* Closed loop for KPOINT    7 : (  0.50000  0.00000  0.00000  )
# K1>K2>K3>K4>K5=K1 (k-index):    7  >    8  >   20  >   19  >    7
# K1 = (  0.50000  0.00000  0.00000  ), G1 = (n1,n2) = (0,0)
# K2 = (  0.58333  0.00000  0.00000  ), G2 = (n1,n2) = (1,0)
# K3 = (  0.58333  0.08333  0.00000  ), G3 = (n1,n2) = (1,0)
# K4 = (  0.50000  0.08333  0.00000  ), G4 = (n1,n2) = (0,0)
# K5 = (  0.50000  0.00000  0.00000  ), G5 = (n1,n2) = (0,0)
# 
#===>PI_S[det(S(K_s,K_s+1))] =  25471.74360543  +     -0.00204133 i
#__________________________________________________________ 
# Berry Curvature (A^2) : -Im[logPI_S(det(S(K_s,K_s+1)))]/dk^2
#      kx        ky        kz(A^-1)   Berry Curvature (A^2)
#   0.775465  -0.378836   0.000000             0.000005
  
#* Closed loop for KPOINT    8 : ( -0.41667  0.00000  0.00000  )
# K1>K2>K3>K4>K5=K1 (k-index):    8  >    9  >   21  >   20  >    8
# K1 = ( -0.41667  0.00000  0.00000  ), G1 = (n1,n2) = (0,0)
# K2 = ( -0.33333  0.00000  0.00000  ), G2 = (n1,n2) = (0,0)
# K3 = ( -0.33333  0.08333  0.00000  ), G3 = (n1,n2) = (0,0)
# K4 = ( -0.41667  0.08333  0.00000  ), G4 = (n1,n2) = (0,0)
# K5 = ( -0.41667  0.00000  0.00000  ), G5 = (n1,n2) = (0,0)
# 
#===>PI_S[det(S(K_s,K_s+1))] =  24956.47834471  +      0.00373250 i
#__________________________________________________________ 
# Berry Curvature (A^2) : -Im[logPI_S(det(S(K_s,K_s+1)))]/dk^2
#      kx        ky        kz(A^-1)   Berry Curvature (A^2)
#  -0.536860   0.378836   0.000000            -0.000009
  
#* Closed loop for KPOINT    9 : ( -0.33333 -0.00000  0.00000  )
# K1>K2>K3>K4>K5=K1 (k-index):    9  >   10  >   22  >   21  >    9
# K1 = ( -0.33333 -0.00000  0.00000  ), G1 = (n1,n2) = (0,0)
# K2 = ( -0.25000 -0.00000  0.00000  ), G2 = (n1,n2) = (0,0)
# K3 = ( -0.25000  0.08333  0.00000  ), G3 = (n1,n2) = (0,0)
# K4 = ( -0.33333  0.08333  0.00000  ), G4 = (n1,n2) = (0,0)
# K5 = ( -0.33333 -0.00000  0.00000  ), G5 = (n1,n2) = (0,0)
# 
#===>PI_S[det(S(K_s,K_s+1))] =  22342.71089511  +     -0.00022711 i
#__________________________________________________________ 
# Berry Curvature (A^2) : -Im[logPI_S(det(S(K_s,K_s+1)))]/dk^2
#      kx        ky        kz(A^-1)   Berry Curvature (A^2)
#  -0.417558   0.309956   0.000000             0.000001
  
#* Closed loop for KPOINT   10 : ( -0.25000 -0.00000  0.00000  )
# K1>K2>K3>K4>K5=K1 (k-index):   10  >   11  >   23  >   22  >   10
# K1 = ( -0.25000 -0.00000  0.00000  ), G1 = (n1,n2) = (0,0)
# K2 = ( -0.16667 -0.00000  0.00000  ), G2 = (n1,n2) = (0,0)
# K3 = ( -0.16667  0.08333  0.00000  ), G3 = (n1,n2) = (0,0)
# K4 = ( -0.25000  0.08333  0.00000  ), G4 = (n1,n2) = (0,0)
# K5 = ( -0.25000 -0.00000  0.00000  ), G5 = (n1,n2) = (0,0)
# 
#===>PI_S[det(S(K_s,K_s+1))] =  18581.04454652  +     -0.00176500 i
#__________________________________________________________ 
# Berry Curvature (A^2) : -Im[logPI_S(det(S(K_s,K_s+1)))]/dk^2
#      kx        ky        kz(A^-1)   Berry Curvature (A^2)
#  -0.298256   0.241077   0.000000             0.000006
  
#* Closed loop for KPOINT   11 : ( -0.16667  0.00000  0.00000  )
# K1>K2>K3>K4>K5=K1 (k-index):   11  >   12  >   24  >   23  >   11
# K1 = ( -0.16667  0.00000  0.00000  ), G1 = (n1,n2) = (0,0)
# K2 = ( -0.08333  0.00000  0.00000  ), G2 = (n1,n2) = (0,0)
# K3 = ( -0.08333  0.08333  0.00000  ), G3 = (n1,n2) = (0,0)
# K4 = ( -0.16667  0.08333  0.00000  ), G4 = (n1,n2) = (0,0)
# K5 = ( -0.16667  0.00000  0.00000  ), G5 = (n1,n2) = (0,0)
# 
#===>PI_S[det(S(K_s,K_s+1))] =  15493.48465854  +     -0.00311815 i
#__________________________________________________________ 
# Berry Curvature (A^2) : -Im[logPI_S(det(S(K_s,K_s+1)))]/dk^2
#      kx        ky        kz(A^-1)   Berry Curvature (A^2)
#  -0.178953   0.172198   0.000000             0.000012
  
#* Closed loop for KPOINT   12 : ( -0.08333  0.00000  0.00000  )
# K1>K2>K3>K4>K5=K1 (k-index):   12  >    1  >   13  >   24  >   12
# K1 = ( -0.08333  0.00000  0.00000  ), G1 = (n1,n2) = (0,0)
# K2 = (  0.00000  0.00000  0.00000  ), G2 = (n1,n2) = (0,0)
# K3 = (  0.00000  0.08333  0.00000  ), G3 = (n1,n2) = (0,0)
# K4 = ( -0.08333  0.08333  0.00000  ), G4 = (n1,n2) = (0,0)
# K5 = ( -0.08333  0.00000  0.00000  ), G5 = (n1,n2) = (0,0)
# 
#===>PI_S[det(S(K_s,K_s+1))] =   4417.17096842  +     -0.00187922 i
#__________________________________________________________ 
# Berry Curvature (A^2) : -Im[logPI_S(det(S(K_s,K_s+1)))]/dk^2
#      kx        ky        kz(A^-1)   Berry Curvature (A^2)
#  -0.059651   0.103319   0.000000             0.000026
  
#* Closed loop for KPOINT   13 : (  0.00000  0.08333  0.00000  )
# K1>K2>K3>K4>K5=K1 (k-index):   13  >   14  >   26  >   25  >   13
# K1 = (  0.00000  0.08333  0.00000  ), G1 = (n1,n2) = (0,0)
# K2 = (  0.08333  0.08333  0.00000  ), G2 = (n1,n2) = (0,0)
# K3 = (  0.08333  0.16667  0.00000  ), G3 = (n1,n2) = (0,0)
# K4 = (  0.00000  0.16667  0.00000  ), G4 = (n1,n2) = (0,0)
# K5 = (  0.00000  0.08333  0.00000  ), G5 = (n1,n2) = (0,0)
# 
#===>PI_S[det(S(K_s,K_s+1))] =   8212.31961274  +     -0.00052666 i
#__________________________________________________________ 
# Berry Curvature (A^2) : -Im[logPI_S(det(S(K_s,K_s+1)))]/dk^2
#      kx        ky        kz(A^-1)   Berry Curvature (A^2)
#   0.059651   0.172198   0.000000             0.000004
  
#* Closed loop for KPOINT   14 : (  0.08333  0.08333  0.00000  )
# K1>K2>K3>K4>K5=K1 (k-index):   14  >   15  >   27  >   26  >   14
# K1 = (  0.08333  0.08333  0.00000  ), G1 = (n1,n2) = (0,0)
# K2 = (  0.16667  0.08333  0.00000  ), G2 = (n1,n2) = (0,0)
# K3 = (  0.16667  0.16667  0.00000  ), G3 = (n1,n2) = (0,0)
# K4 = (  0.08333  0.16667  0.00000  ), G4 = (n1,n2) = (0,0)
# K5 = (  0.08333  0.08333  0.00000  ), G5 = (n1,n2) = (0,0)
# 
#===>PI_S[det(S(K_s,K_s+1))] =   9481.96609066  +      0.00100157 i
#__________________________________________________________ 
# Berry Curvature (A^2) : -Im[logPI_S(det(S(K_s,K_s+1)))]/dk^2
#      kx        ky        kz(A^-1)   Berry Curvature (A^2)
#   0.178953   0.103319   0.000000            -0.000006
  
#* Closed loop for KPOINT   15 : (  0.16667  0.08333  0.00000  )
# K1>K2>K3>K4>K5=K1 (k-index):   15  >   16  >   28  >   27  >   15
# K1 = (  0.16667  0.08333  0.00000  ), G1 = (n1,n2) = (0,0)
# K2 = (  0.25000  0.08333  0.00000  ), G2 = (n1,n2) = (0,0)
# K3 = (  0.25000  0.16667  0.00000  ), G3 = (n1,n2) = (0,0)
# K4 = (  0.16667  0.16667  0.00000  ), G4 = (n1,n2) = (0,0)
# K5 = (  0.16667  0.08333  0.00000  ), G5 = (n1,n2) = (0,0)
# 
#===>PI_S[det(S(K_s,K_s+1))] =  15681.93853802  +     -0.00041221 i
#__________________________________________________________ 
# Berry Curvature (A^2) : -Im[logPI_S(det(S(K_s,K_s+1)))]/dk^2
#      kx        ky        kz(A^-1)   Berry Curvature (A^2)
#   0.298256   0.034440   0.000000             0.000002
  
#* Closed loop for KPOINT   16 : (  0.25000  0.08333  0.00000  )
# K1>K2>K3>K4>K5=K1 (k-index):   16  >   17  >   29  >   28  >   16
# K1 = (  0.25000  0.08333  0.00000  ), G1 = (n1,n2) = (0,0)
# K2 = (  0.33333  0.08333  0.00000  ), G2 = (n1,n2) = (0,0)
# K3 = (  0.33333  0.16667  0.00000  ), G3 = (n1,n2) = (0,0)
# K4 = (  0.25000  0.16667  0.00000  ), G4 = (n1,n2) = (0,0)
# K5 = (  0.25000  0.08333  0.00000  ), G5 = (n1,n2) = (0,0)
# 
#===>PI_S[det(S(K_s,K_s+1))] =  24326.15965269  +      0.00045498 i
#__________________________________________________________ 
# Berry Curvature (A^2) : -Im[logPI_S(det(S(K_s,K_s+1)))]/dk^2
#      kx        ky        kz(A^-1)   Berry Curvature (A^2)
#   0.417558  -0.034440   0.000000            -0.000001
  
#* Closed loop for KPOINT   17 : (  0.33333  0.08333  0.00000  )
# K1>K2>K3>K4>K5=K1 (k-index):   17  >   18  >   30  >   29  >   17
# K1 = (  0.33333  0.08333  0.00000  ), G1 = (n1,n2) = (0,0)
# K2 = (  0.41667  0.08333  0.00000  ), G2 = (n1,n2) = (0,0)
# K3 = (  0.41667  0.16667  0.00000  ), G3 = (n1,n2) = (0,0)
# K4 = (  0.33333  0.16667  0.00000  ), G4 = (n1,n2) = (0,0)
# K5 = (  0.33333  0.08333  0.00000  ), G5 = (n1,n2) = (0,0)
# 
#===>PI_S[det(S(K_s,K_s+1))] =  26103.67833359  +     -0.00037001 i
#__________________________________________________________ 
# Berry Curvature (A^2) : -Im[logPI_S(det(S(K_s,K_s+1)))]/dk^2
#      kx        ky        kz(A^-1)   Berry Curvature (A^2)
#   0.536860  -0.103319   0.000000             0.000001
  
#* Closed loop for KPOINT   18 : (  0.41667  0.08333  0.00000  )
# K1>K2>K3>K4>K5=K1 (k-index):   18  >   19  >   31  >   30  >   18
# K1 = (  0.41667  0.08333  0.00000  ), G1 = (n1,n2) = (0,0)
# K2 = (  0.50000  0.08333  0.00000  ), G2 = (n1,n2) = (0,0)
# K3 = (  0.50000  0.16667  0.00000  ), G3 = (n1,n2) = (0,0)
# K4 = (  0.41667  0.16667  0.00000  ), G4 = (n1,n2) = (0,0)
# K5 = (  0.41667  0.08333  0.00000  ), G5 = (n1,n2) = (0,0)
# 
#===>PI_S[det(S(K_s,K_s+1))] =  27396.67262517  +     -0.00129959 i
#__________________________________________________________ 
# Berry Curvature (A^2) : -Im[logPI_S(det(S(K_s,K_s+1)))]/dk^2
#      kx        ky        kz(A^-1)   Berry Curvature (A^2)
#   0.656162  -0.172198   0.000000             0.000003
  
#* Closed loop for KPOINT   19 : (  0.50000  0.08333  0.00000  )
# K1>K2>K3>K4>K5=K1 (k-index):   19  >   20  >   32  >   31  >   19
# K1 = (  0.50000  0.08333  0.00000  ), G1 = (n1,n2) = (0,0)
# K2 = (  0.58333  0.08333  0.00000  ), G2 = (n1,n2) = (1,0)
# K3 = (  0.58333  0.16667  0.00000  ), G3 = (n1,n2) = (1,0)
# K4 = (  0.50000  0.16667  0.00000  ), G4 = (n1,n2) = (0,0)
# K5 = (  0.50000  0.08333  0.00000  ), G5 = (n1,n2) = (0,0)
# 
#===>PI_S[det(S(K_s,K_s+1))] =  28269.57391617  +      0.00085084 i
#__________________________________________________________ 
# Berry Curvature (A^2) : -Im[logPI_S(det(S(K_s,K_s+1)))]/dk^2
#      kx        ky        kz(A^-1)   Berry Curvature (A^2)
#   0.775465  -0.241077   0.000000            -0.000002
  
#* Closed loop for KPOINT   20 : ( -0.41667  0.08333  0.00000  )
# K1>K2>K3>K4>K5=K1 (k-index):   20  >   21  >   33  >   32  >   20
# K1 = ( -0.41667  0.08333  0.00000  ), G1 = (n1,n2) = (0,0)
# K2 = ( -0.33333  0.08333  0.00000  ), G2 = (n1,n2) = (0,0)
# K3 = ( -0.33333  0.16667  0.00000  ), G3 = (n1,n2) = (0,0)
# K4 = ( -0.41667  0.16667  0.00000  ), G4 = (n1,n2) = (0,0)
# K5 = ( -0.41667  0.08333  0.00000  ), G5 = (n1,n2) = (0,0)
# 
#===>PI_S[det(S(K_s,K_s+1))] =  28613.59936102  +     -0.00064573 i
#__________________________________________________________ 
# Berry Curvature (A^2) : -Im[logPI_S(det(S(K_s,K_s+1)))]/dk^2
#      kx        ky        kz(A^-1)   Berry Curvature (A^2)
#  -0.536860   0.516594   0.000000             0.000001
  
#* Closed loop for KPOINT   21 : ( -0.33333  0.08333  0.00000  )
# K1>K2>K3>K4>K5=K1 (k-index):   21  >   22  >   34  >   33  >   21
# K1 = ( -0.33333  0.08333  0.00000  ), G1 = (n1,n2) = (0,0)
# K2 = ( -0.25000  0.08333  0.00000  ), G2 = (n1,n2) = (0,0)
# K3 = ( -0.25000  0.16667  0.00000  ), G3 = (n1,n2) = (0,0)
# K4 = ( -0.33333  0.16667  0.00000  ), G4 = (n1,n2) = (0,0)
# K5 = ( -0.33333  0.08333  0.00000  ), G5 = (n1,n2) = (0,0)
# 
#===>PI_S[det(S(K_s,K_s+1))] =  28113.47660580  +     -0.00037977 i
#__________________________________________________________ 
# Berry Curvature (A^2) : -Im[logPI_S(det(S(K_s,K_s+1)))]/dk^2
#      kx        ky        kz(A^-1)   Berry Curvature (A^2)
#  -0.417558   0.447715   0.000000             0.000001
  
#* Closed loop for KPOINT   22 : ( -0.25000  0.08333  0.00000  )
# K1>K2>K3>K4>K5=K1 (k-index):   22  >   23  >   35  >   34  >   22
# K1 = ( -0.25000  0.08333  0.00000  ), G1 = (n1,n2) = (0,0)
# K2 = ( -0.16667  0.08333  0.00000  ), G2 = (n1,n2) = (0,0)
# K3 = ( -0.16667  0.16667  0.00000  ), G3 = (n1,n2) = (0,0)
# K4 = ( -0.25000  0.16667  0.00000  ), G4 = (n1,n2) = (0,0)
# K5 = ( -0.25000  0.08333  0.00000  ), G5 = (n1,n2) = (0,0)
# 
#===>PI_S[det(S(K_s,K_s+1))] =  26648.65183887  +      0.00090296 i
#__________________________________________________________ 
# Berry Curvature (A^2) : -Im[logPI_S(det(S(K_s,K_s+1)))]/dk^2
#      kx        ky        kz(A^-1)   Berry Curvature (A^2)
#  -0.298256   0.378836   0.000000            -0.000002
  
#* Closed loop for KPOINT   23 : ( -0.16667  0.08333  0.00000  )
# K1>K2>K3>K4>K5=K1 (k-index):   23  >   24  >   36  >   35  >   23
# K1 = ( -0.16667  0.08333  0.00000  ), G1 = (n1,n2) = (0,0)
# K2 = ( -0.08333  0.08333  0.00000  ), G2 = (n1,n2) = (0,0)
# K3 = ( -0.08333  0.16667  0.00000  ), G3 = (n1,n2) = (0,0)
# K4 = ( -0.16667  0.16667  0.00000  ), G4 = (n1,n2) = (0,0)
# K5 = ( -0.16667  0.08333  0.00000  ), G5 = (n1,n2) = (0,0)
# 
#===>PI_S[det(S(K_s,K_s+1))] =  24723.78125763  +      0.00030706 i
#__________________________________________________________ 
# Berry Curvature (A^2) : -Im[logPI_S(det(S(K_s,K_s+1)))]/dk^2
#      kx        ky        kz(A^-1)   Berry Curvature (A^2)
#  -0.178953   0.309956   0.000000            -0.000001
  
#* Closed loop for KPOINT   24 : ( -0.08333  0.08333  0.00000  )
# K1>K2>K3>K4>K5=K1 (k-index):   24  >   13  >   25  >   36  >   24
# K1 = ( -0.08333  0.08333  0.00000  ), G1 = (n1,n2) = (0,0)
# K2 = (  0.00000  0.08333  0.00000  ), G2 = (n1,n2) = (0,0)
# K3 = (  0.00000  0.16667  0.00000  ), G3 = (n1,n2) = (0,0)
# K4 = ( -0.08333  0.16667  0.00000  ), G4 = (n1,n2) = (0,0)
# K5 = ( -0.08333  0.08333  0.00000  ), G5 = (n1,n2) = (0,0)
# 
#===>PI_S[det(S(K_s,K_s+1))] =  15493.41257285  +     -0.00201659 i
#__________________________________________________________ 
# Berry Curvature (A^2) : -Im[logPI_S(det(S(K_s,K_s+1)))]/dk^2
#      kx        ky        kz(A^-1)   Berry Curvature (A^2)
#  -0.059651   0.241077   0.000000             0.000008
  
#* Closed loop for KPOINT   25 : (  0.00000  0.16667  0.00000  )
# K1>K2>K3>K4>K5=K1 (k-index):   25  >   26  >   38  >   37  >   25
# K1 = (  0.00000  0.16667  0.00000  ), G1 = (n1,n2) = (0,0)
# K2 = (  0.08333  0.16667  0.00000  ), G2 = (n1,n2) = (0,0)
# K3 = (  0.08333  0.25000  0.00000  ), G3 = (n1,n2) = (0,0)
# K4 = (  0.00000  0.25000  0.00000  ), G4 = (n1,n2) = (0,0)
# K5 = (  0.00000  0.16667  0.00000  ), G5 = (n1,n2) = (0,0)
# 
#===>PI_S[det(S(K_s,K_s+1))] =  16133.43662394  +     -0.00120572 i
#__________________________________________________________ 
# Berry Curvature (A^2) : -Im[logPI_S(det(S(K_s,K_s+1)))]/dk^2
#      kx        ky        kz(A^-1)   Berry Curvature (A^2)
#   0.059651   0.309956   0.000000             0.000005
  
#* Closed loop for KPOINT   26 : (  0.08333  0.16667  0.00000  )
# K1>K2>K3>K4>K5=K1 (k-index):   26  >   27  >   39  >   38  >   26
# K1 = (  0.08333  0.16667  0.00000  ), G1 = (n1,n2) = (0,0)
# K2 = (  0.16667  0.16667  0.00000  ), G2 = (n1,n2) = (0,0)
# K3 = (  0.16667  0.25000  0.00000  ), G3 = (n1,n2) = (0,0)
# K4 = (  0.08333  0.25000  0.00000  ), G4 = (n1,n2) = (0,0)
# K5 = (  0.08333  0.16667  0.00000  ), G5 = (n1,n2) = (0,0)
# 
#===>PI_S[det(S(K_s,K_s+1))] =  15681.68365116  +      0.00028947 i
#__________________________________________________________ 
# Berry Curvature (A^2) : -Im[logPI_S(det(S(K_s,K_s+1)))]/dk^2
#      kx        ky        kz(A^-1)   Berry Curvature (A^2)
#   0.178953   0.241077   0.000000            -0.000001
  
#* Closed loop for KPOINT   27 : (  0.16667  0.16667  0.00000  )
# K1>K2>K3>K4>K5=K1 (k-index):   27  >   28  >   40  >   39  >   27
# K1 = (  0.16667  0.16667  0.00000  ), G1 = (n1,n2) = (0,0)
# K2 = (  0.25000  0.16667  0.00000  ), G2 = (n1,n2) = (0,0)
# K3 = (  0.25000  0.25000  0.00000  ), G3 = (n1,n2) = (0,0)
# K4 = (  0.16667  0.25000  0.00000  ), G4 = (n1,n2) = (0,0)
# K5 = (  0.16667  0.16667  0.00000  ), G5 = (n1,n2) = (0,0)
# 
#===>PI_S[det(S(K_s,K_s+1))] =  11924.49234335  +      0.00097736 i
#__________________________________________________________ 
# Berry Curvature (A^2) : -Im[logPI_S(det(S(K_s,K_s+1)))]/dk^2
#      kx        ky        kz(A^-1)   Berry Curvature (A^2)
#   0.298256   0.172198   0.000000            -0.000005
  
#* Closed loop for KPOINT   28 : (  0.25000  0.16667  0.00000  )
# K1>K2>K3>K4>K5=K1 (k-index):   28  >   29  >   41  >   40  >   28
# K1 = (  0.25000  0.16667  0.00000  ), G1 = (n1,n2) = (0,0)
# K2 = (  0.33333  0.16667  0.00000  ), G2 = (n1,n2) = (0,0)
# K3 = (  0.33333  0.25000  0.00000  ), G3 = (n1,n2) = (0,0)
# K4 = (  0.25000  0.25000  0.00000  ), G4 = (n1,n2) = (0,0)
# K5 = (  0.25000  0.16667  0.00000  ), G5 = (n1,n2) = (0,0)
# 
#===>PI_S[det(S(K_s,K_s+1))] =  18313.83024199  +      0.00046810 i
#__________________________________________________________ 
# Berry Curvature (A^2) : -Im[logPI_S(det(S(K_s,K_s+1)))]/dk^2
#      kx        ky        kz(A^-1)   Berry Curvature (A^2)
#   0.417558   0.103319   0.000000            -0.000002
  
#* Closed loop for KPOINT   29 : (  0.33333  0.16667  0.00000  )
# K1>K2>K3>K4>K5=K1 (k-index):   29  >   30  >   42  >   41  >   29
# K1 = (  0.33333  0.16667  0.00000  ), G1 = (n1,n2) = (0,0)
# K2 = (  0.41667  0.16667  0.00000  ), G2 = (n1,n2) = (0,0)
# K3 = (  0.41667  0.25000  0.00000  ), G3 = (n1,n2) = (0,0)
# K4 = (  0.33333  0.25000  0.00000  ), G4 = (n1,n2) = (0,0)
# K5 = (  0.33333  0.16667  0.00000  ), G5 = (n1,n2) = (0,0)
# 
#===>PI_S[det(S(K_s,K_s+1))] =  25892.47114218  +      0.00060784 i
#__________________________________________________________ 
# Berry Curvature (A^2) : -Im[logPI_S(det(S(K_s,K_s+1)))]/dk^2
#      kx        ky        kz(A^-1)   Berry Curvature (A^2)
#   0.536860   0.034440   0.000000            -0.000001
  
#* Closed loop for KPOINT   30 : (  0.41667  0.16667  0.00000  )
# K1>K2>K3>K4>K5=K1 (k-index):   30  >   31  >   43  >   42  >   30
# K1 = (  0.41667  0.16667  0.00000  ), G1 = (n1,n2) = (0,0)
# K2 = (  0.50000  0.16667  0.00000  ), G2 = (n1,n2) = (0,0)
# K3 = (  0.50000  0.25000  0.00000  ), G3 = (n1,n2) = (0,0)
# K4 = (  0.41667  0.25000  0.00000  ), G4 = (n1,n2) = (0,0)
# K5 = (  0.41667  0.16667  0.00000  ), G5 = (n1,n2) = (0,0)
# 
#===>PI_S[det(S(K_s,K_s+1))] =  27137.83868500  +      0.00054812 i
#__________________________________________________________ 
# Berry Curvature (A^2) : -Im[logPI_S(det(S(K_s,K_s+1)))]/dk^2
#      kx        ky        kz(A^-1)   Berry Curvature (A^2)
#   0.656162  -0.034440   0.000000            -0.000001
  
#* Closed loop for KPOINT   31 : (  0.50000  0.16667  0.00000  )
# K1>K2>K3>K4>K5=K1 (k-index):   31  >   32  >   44  >   43  >   31
# K1 = (  0.50000  0.16667  0.00000  ), G1 = (n1,n2) = (0,0)
# K2 = (  0.58333  0.16667  0.00000  ), G2 = (n1,n2) = (1,0)
# K3 = (  0.58333  0.25000  0.00000  ), G3 = (n1,n2) = (1,0)
# K4 = (  0.50000  0.25000  0.00000  ), G4 = (n1,n2) = (0,0)
# K5 = (  0.50000  0.16667  0.00000  ), G5 = (n1,n2) = (0,0)
# 
#===>PI_S[det(S(K_s,K_s+1))] =  27806.78909770  +     -0.00102435 i
#__________________________________________________________ 
# Berry Curvature (A^2) : -Im[logPI_S(det(S(K_s,K_s+1)))]/dk^2
#      kx        ky        kz(A^-1)   Berry Curvature (A^2)
#   0.775465  -0.103319   0.000000             0.000002
  
#* Closed loop for KPOINT   32 : ( -0.41667  0.16667  0.00000  )
# K1>K2>K3>K4>K5=K1 (k-index):   32  >   33  >   45  >   44  >   32
# K1 = ( -0.41667  0.16667  0.00000  ), G1 = (n1,n2) = (0,0)
# K2 = ( -0.33333  0.16667  0.00000  ), G2 = (n1,n2) = (0,0)
# K3 = ( -0.33333  0.25000  0.00000  ), G3 = (n1,n2) = (0,0)
# K4 = ( -0.41667  0.25000  0.00000  ), G4 = (n1,n2) = (0,0)
# K5 = ( -0.41667  0.16667  0.00000  ), G5 = (n1,n2) = (0,0)
# 
#===>PI_S[det(S(K_s,K_s+1))] =  28403.81090218  +     -0.00137010 i
#__________________________________________________________ 
# Berry Curvature (A^2) : -Im[logPI_S(det(S(K_s,K_s+1)))]/dk^2
#      kx        ky        kz(A^-1)   Berry Curvature (A^2)
#  -0.536860   0.654352   0.000000             0.000003
  
#* Closed loop for KPOINT   33 : ( -0.33333  0.16667  0.00000  )
# K1>K2>K3>K4>K5=K1 (k-index):   33  >   34  >   46  >   45  >   33
# K1 = ( -0.33333  0.16667  0.00000  ), G1 = (n1,n2) = (0,0)
# K2 = ( -0.25000  0.16667  0.00000  ), G2 = (n1,n2) = (0,0)
# K3 = ( -0.25000  0.25000  0.00000  ), G3 = (n1,n2) = (0,0)
# K4 = ( -0.33333  0.25000  0.00000  ), G4 = (n1,n2) = (0,0)
# K5 = ( -0.33333  0.16667  0.00000  ), G5 = (n1,n2) = (0,0)
# 
#===>PI_S[det(S(K_s,K_s+1))] =  28526.04567387  +      0.00016656 i
#__________________________________________________________ 
# Berry Curvature (A^2) : -Im[logPI_S(det(S(K_s,K_s+1)))]/dk^2
#      kx        ky        kz(A^-1)   Berry Curvature (A^2)
#  -0.417558   0.585473   0.000000            -0.000000
  
#* Closed loop for KPOINT   34 : ( -0.25000  0.16667  0.00000  )
# K1>K2>K3>K4>K5=K1 (k-index):   34  >   35  >   47  >   46  >   34
# K1 = ( -0.25000  0.16667  0.00000  ), G1 = (n1,n2) = (0,0)
# K2 = ( -0.16667  0.16667  0.00000  ), G2 = (n1,n2) = (0,0)
# K3 = ( -0.16667  0.25000  0.00000  ), G3 = (n1,n2) = (0,0)
# K4 = ( -0.25000  0.25000  0.00000  ), G4 = (n1,n2) = (0,0)
# K5 = ( -0.25000  0.16667  0.00000  ), G5 = (n1,n2) = (0,0)
# 
#===>PI_S[det(S(K_s,K_s+1))] =  28005.55396508  +      0.00064691 i
#__________________________________________________________ 
# Berry Curvature (A^2) : -Im[logPI_S(det(S(K_s,K_s+1)))]/dk^2
#      kx        ky        kz(A^-1)   Berry Curvature (A^2)
#  -0.298256   0.516594   0.000000            -0.000001
  
#* Closed loop for KPOINT   35 : ( -0.16667  0.16667  0.00000  )
# K1>K2>K3>K4>K5=K1 (k-index):   35  >   36  >   48  >   47  >   35
# K1 = ( -0.16667  0.16667  0.00000  ), G1 = (n1,n2) = (0,0)
# K2 = ( -0.08333  0.16667  0.00000  ), G2 = (n1,n2) = (0,0)
# K3 = ( -0.08333  0.25000  0.00000  ), G3 = (n1,n2) = (0,0)
# K4 = ( -0.16667  0.25000  0.00000  ), G4 = (n1,n2) = (0,0)
# K5 = ( -0.16667  0.16667  0.00000  ), G5 = (n1,n2) = (0,0)
# 
#===>PI_S[det(S(K_s,K_s+1))] =  26648.41450186  +     -0.00011661 i
#__________________________________________________________ 
# Berry Curvature (A^2) : -Im[logPI_S(det(S(K_s,K_s+1)))]/dk^2
#      kx        ky        kz(A^-1)   Berry Curvature (A^2)
#  -0.178953   0.447715   0.000000             0.000000
  
#* Closed loop for KPOINT   36 : ( -0.08333  0.16667  0.00000  )
# K1>K2>K3>K4>K5=K1 (k-index):   36  >   25  >   37  >   48  >   36
# K1 = ( -0.08333  0.16667  0.00000  ), G1 = (n1,n2) = (0,0)
# K2 = (  0.00000  0.16667  0.00000  ), G2 = (n1,n2) = (0,0)
# K3 = (  0.00000  0.25000  0.00000  ), G3 = (n1,n2) = (0,0)
# K4 = ( -0.08333  0.25000  0.00000  ), G4 = (n1,n2) = (0,0)
# K5 = ( -0.08333  0.16667  0.00000  ), G5 = (n1,n2) = (0,0)
# 
#===>PI_S[det(S(K_s,K_s+1))] =  18580.89303634  +     -0.00127195 i
#__________________________________________________________ 
# Berry Curvature (A^2) : -Im[logPI_S(det(S(K_s,K_s+1)))]/dk^2
#      kx        ky        kz(A^-1)   Berry Curvature (A^2)
#  -0.059651   0.378836   0.000000             0.000004
  
#* Closed loop for KPOINT   37 : (  0.00000  0.25000  0.00000  )
# K1>K2>K3>K4>K5=K1 (k-index):   37  >   38  >   50  >   49  >   37
# K1 = (  0.00000  0.25000  0.00000  ), G1 = (n1,n2) = (0,0)
# K2 = (  0.08333  0.25000  0.00000  ), G2 = (n1,n2) = (0,0)
# K3 = (  0.08333  0.33333  0.00000  ), G3 = (n1,n2) = (0,0)
# K4 = (  0.00000  0.33333  0.00000  ), G4 = (n1,n2) = (0,0)
# K5 = (  0.00000  0.25000  0.00000  ), G5 = (n1,n2) = (0,0)
# 
#===>PI_S[det(S(K_s,K_s+1))] =  19315.83598812  +      0.00105872 i
#__________________________________________________________ 
# Berry Curvature (A^2) : -Im[logPI_S(det(S(K_s,K_s+1)))]/dk^2
#      kx        ky        kz(A^-1)   Berry Curvature (A^2)
#   0.059651   0.447715   0.000000            -0.000003
  
#* Closed loop for KPOINT   38 : (  0.08333  0.25000  0.00000  )
# K1>K2>K3>K4>K5=K1 (k-index):   38  >   39  >   51  >   50  >   38
# K1 = (  0.08333  0.25000  0.00000  ), G1 = (n1,n2) = (0,0)
# K2 = (  0.16667  0.25000  0.00000  ), G2 = (n1,n2) = (0,0)
# K3 = (  0.16667  0.33333  0.00000  ), G3 = (n1,n2) = (0,0)
# K4 = (  0.08333  0.33333  0.00000  ), G4 = (n1,n2) = (0,0)
# K5 = (  0.08333  0.25000  0.00000  ), G5 = (n1,n2) = (0,0)
# 
#===>PI_S[det(S(K_s,K_s+1))] =  24325.04211425  +     -0.00047312 i
#__________________________________________________________ 
# Berry Curvature (A^2) : -Im[logPI_S(det(S(K_s,K_s+1)))]/dk^2
#      kx        ky        kz(A^-1)   Berry Curvature (A^2)
#   0.178953   0.378836   0.000000             0.000001
  
#* Closed loop for KPOINT   39 : (  0.16667  0.25000  0.00000  )
# K1>K2>K3>K4>K5=K1 (k-index):   39  >   40  >   52  >   51  >   39
# K1 = (  0.16667  0.25000  0.00000  ), G1 = (n1,n2) = (0,0)
# K2 = (  0.25000  0.25000  0.00000  ), G2 = (n1,n2) = (0,0)
# K3 = (  0.25000  0.33333  0.00000  ), G3 = (n1,n2) = (0,0)
# K4 = (  0.16667  0.33333  0.00000  ), G4 = (n1,n2) = (0,0)
# K5 = (  0.16667  0.25000  0.00000  ), G5 = (n1,n2) = (0,0)
# 
#===>PI_S[det(S(K_s,K_s+1))] =  18313.11437273  +     -0.00002389 i
#__________________________________________________________ 
# Berry Curvature (A^2) : -Im[logPI_S(det(S(K_s,K_s+1)))]/dk^2
#      kx        ky        kz(A^-1)   Berry Curvature (A^2)
#   0.298256   0.309956   0.000000             0.000000
  
#* Closed loop for KPOINT   40 : (  0.25000  0.25000  0.00000  )
# K1>K2>K3>K4>K5=K1 (k-index):   40  >   41  >   53  >   52  >   40
# K1 = (  0.25000  0.25000  0.00000  ), G1 = (n1,n2) = (0,0)
# K2 = (  0.33333  0.25000  0.00000  ), G2 = (n1,n2) = (0,0)
# K3 = (  0.33333  0.33333  0.00000  ), G3 = (n1,n2) = (0,0)
# K4 = (  0.25000  0.33333  0.00000  ), G4 = (n1,n2) = (0,0)
# K5 = (  0.25000  0.25000  0.00000  ), G5 = (n1,n2) = (0,0)
# 
#===>PI_S[det(S(K_s,K_s+1))] =  15435.73248889  +     -0.00021616 i
#__________________________________________________________ 
# Berry Curvature (A^2) : -Im[logPI_S(det(S(K_s,K_s+1)))]/dk^2
#      kx        ky        kz(A^-1)   Berry Curvature (A^2)
#   0.417558   0.241077   0.000000             0.000001
  
#* Closed loop for KPOINT   41 : (  0.33333  0.25000  0.00000  )
# K1>K2>K3>K4>K5=K1 (k-index):   41  >   42  >   54  >   53  >   41
# K1 = (  0.33333  0.25000  0.00000  ), G1 = (n1,n2) = (0,0)
# K2 = (  0.41667  0.25000  0.00000  ), G2 = (n1,n2) = (0,0)
# K3 = (  0.41667  0.33333  0.00000  ), G3 = (n1,n2) = (0,0)
# K4 = (  0.33333  0.33333  0.00000  ), G4 = (n1,n2) = (0,0)
# K5 = (  0.33333  0.25000  0.00000  ), G5 = (n1,n2) = (0,0)
# 
#===>PI_S[det(S(K_s,K_s+1))] =  20899.62557726  +     -0.00041634 i
#__________________________________________________________ 
# Berry Curvature (A^2) : -Im[logPI_S(det(S(K_s,K_s+1)))]/dk^2
#      kx        ky        kz(A^-1)   Berry Curvature (A^2)
#   0.536860   0.172198   0.000000             0.000001
  
#* Closed loop for KPOINT   42 : (  0.41667  0.25000  0.00000  )
# K1>K2>K3>K4>K5=K1 (k-index):   42  >   43  >   55  >   54  >   42
# K1 = (  0.41667  0.25000  0.00000  ), G1 = (n1,n2) = (0,0)
# K2 = (  0.50000  0.25000  0.00000  ), G2 = (n1,n2) = (0,0)
# K3 = (  0.50000  0.33333  0.00000  ), G3 = (n1,n2) = (0,0)
# K4 = (  0.41667  0.33333  0.00000  ), G4 = (n1,n2) = (0,0)
# K5 = (  0.41667  0.25000  0.00000  ), G5 = (n1,n2) = (0,0)
# 
#===>PI_S[det(S(K_s,K_s+1))] =  26375.63301917  +      0.00074625 i
#__________________________________________________________ 
# Berry Curvature (A^2) : -Im[logPI_S(det(S(K_s,K_s+1)))]/dk^2
#      kx        ky        kz(A^-1)   Berry Curvature (A^2)
#   0.656162   0.103319   0.000000            -0.000002
  
#* Closed loop for KPOINT   43 : (  0.50000  0.25000  0.00000  )
# K1>K2>K3>K4>K5=K1 (k-index):   43  >   44  >   56  >   55  >   43
# K1 = (  0.50000  0.25000  0.00000  ), G1 = (n1,n2) = (0,0)
# K2 = (  0.58333  0.25000  0.00000  ), G2 = (n1,n2) = (1,0)
# K3 = (  0.58333  0.33333  0.00000  ), G3 = (n1,n2) = (1,0)
# K4 = (  0.50000  0.33333  0.00000  ), G4 = (n1,n2) = (0,0)
# K5 = (  0.50000  0.25000  0.00000  ), G5 = (n1,n2) = (0,0)
# 
#===>PI_S[det(S(K_s,K_s+1))] =  27232.54746477  +      0.00155777 i
#__________________________________________________________ 
# Berry Curvature (A^2) : -Im[logPI_S(det(S(K_s,K_s+1)))]/dk^2
#      kx        ky        kz(A^-1)   Berry Curvature (A^2)
#   0.775465   0.034440   0.000000            -0.000003
  
#* Closed loop for KPOINT   44 : ( -0.41667  0.25000  0.00000  )
# K1>K2>K3>K4>K5=K1 (k-index):   44  >   45  >   57  >   56  >   44
# K1 = ( -0.41667  0.25000  0.00000  ), G1 = (n1,n2) = (0,0)
# K2 = ( -0.33333  0.25000  0.00000  ), G2 = (n1,n2) = (0,0)
# K3 = ( -0.33333  0.33333  0.00000  ), G3 = (n1,n2) = (0,0)
# K4 = ( -0.41667  0.33333  0.00000  ), G4 = (n1,n2) = (0,0)
# K5 = ( -0.41667  0.25000  0.00000  ), G5 = (n1,n2) = (0,0)
# 
#===>PI_S[det(S(K_s,K_s+1))] =  27633.97068359  +     -0.00042537 i
#__________________________________________________________ 
# Berry Curvature (A^2) : -Im[logPI_S(det(S(K_s,K_s+1)))]/dk^2
#      kx        ky        kz(A^-1)   Berry Curvature (A^2)
#  -0.536860   0.792111   0.000000             0.000001
  
#* Closed loop for KPOINT   45 : ( -0.33333  0.25000  0.00000  )
# K1>K2>K3>K4>K5=K1 (k-index):   45  >   46  >   58  >   57  >   45
# K1 = ( -0.33333  0.25000  0.00000  ), G1 = (n1,n2) = (0,0)
# K2 = ( -0.25000  0.25000  0.00000  ), G2 = (n1,n2) = (0,0)
# K3 = ( -0.25000  0.33333  0.00000  ), G3 = (n1,n2) = (0,0)
# K4 = ( -0.33333  0.33333  0.00000  ), G4 = (n1,n2) = (0,0)
# K5 = ( -0.33333  0.25000  0.00000  ), G5 = (n1,n2) = (0,0)
# 
#===>PI_S[det(S(K_s,K_s+1))] =  28167.98456488  +      0.00001856 i
#__________________________________________________________ 
# Berry Curvature (A^2) : -Im[logPI_S(det(S(K_s,K_s+1)))]/dk^2
#      kx        ky        kz(A^-1)   Berry Curvature (A^2)
#  -0.417558   0.723232   0.000000            -0.000000
  
#* Closed loop for KPOINT   46 : ( -0.25000  0.25000  0.00000  )
# K1>K2>K3>K4>K5=K1 (k-index):   46  >   47  >   59  >   58  >   46
# K1 = ( -0.25000  0.25000  0.00000  ), G1 = (n1,n2) = (0,0)
# K2 = ( -0.16667  0.25000  0.00000  ), G2 = (n1,n2) = (0,0)
# K3 = ( -0.16667  0.33333  0.00000  ), G3 = (n1,n2) = (0,0)
# K4 = ( -0.25000  0.33333  0.00000  ), G4 = (n1,n2) = (0,0)
# K5 = ( -0.25000  0.25000  0.00000  ), G5 = (n1,n2) = (0,0)
# 
#===>PI_S[det(S(K_s,K_s+1))] =  28525.36245803  +      0.00076816 i
#__________________________________________________________ 
# Berry Curvature (A^2) : -Im[logPI_S(det(S(K_s,K_s+1)))]/dk^2
#      kx        ky        kz(A^-1)   Berry Curvature (A^2)
#  -0.298256   0.654352   0.000000            -0.000002
  
#* Closed loop for KPOINT   47 : ( -0.16667  0.25000  0.00000  )
# K1>K2>K3>K4>K5=K1 (k-index):   47  >   48  >   60  >   59  >   47
# K1 = ( -0.16667  0.25000  0.00000  ), G1 = (n1,n2) = (0,0)
# K2 = ( -0.08333  0.25000  0.00000  ), G2 = (n1,n2) = (0,0)
# K3 = ( -0.08333  0.33333  0.00000  ), G3 = (n1,n2) = (0,0)
# K4 = ( -0.16667  0.33333  0.00000  ), G4 = (n1,n2) = (0,0)
# K5 = ( -0.16667  0.25000  0.00000  ), G5 = (n1,n2) = (0,0)
# 
#===>PI_S[det(S(K_s,K_s+1))] =  28112.95605373  +      0.00032081 i
#__________________________________________________________ 
# Berry Curvature (A^2) : -Im[logPI_S(det(S(K_s,K_s+1)))]/dk^2
#      kx        ky        kz(A^-1)   Berry Curvature (A^2)
#  -0.178953   0.585473   0.000000            -0.000001
  
#* Closed loop for KPOINT   48 : ( -0.08333  0.25000  0.00000  )
# K1>K2>K3>K4>K5=K1 (k-index):   48  >   37  >   49  >   60  >   48
# K1 = ( -0.08333  0.25000  0.00000  ), G1 = (n1,n2) = (0,0)
# K2 = (  0.00000  0.25000  0.00000  ), G2 = (n1,n2) = (0,0)
# K3 = (  0.00000  0.33333  0.00000  ), G3 = (n1,n2) = (0,0)
# K4 = ( -0.08333  0.33333  0.00000  ), G4 = (n1,n2) = (0,0)
# K5 = ( -0.08333  0.25000  0.00000  ), G5 = (n1,n2) = (0,0)
# 
#===>PI_S[det(S(K_s,K_s+1))] =  22342.79047887  +      0.00021110 i
#__________________________________________________________ 
# Berry Curvature (A^2) : -Im[logPI_S(det(S(K_s,K_s+1)))]/dk^2
#      kx        ky        kz(A^-1)   Berry Curvature (A^2)
#  -0.059651   0.516594   0.000000            -0.000001
  
#* Closed loop for KPOINT   49 : (  0.00000  0.33333  0.00000  )
# K1>K2>K3>K4>K5=K1 (k-index):   49  >   50  >   62  >   61  >   49
# K1 = (  0.00000  0.33333  0.00000  ), G1 = (n1,n2) = (0,0)
# K2 = (  0.08333  0.33333  0.00000  ), G2 = (n1,n2) = (0,0)
# K3 = (  0.08333  0.41667  0.00000  ), G3 = (n1,n2) = (0,0)
# K4 = (  0.00000  0.41667  0.00000  ), G4 = (n1,n2) = (0,0)
# K5 = (  0.00000  0.33333  0.00000  ), G5 = (n1,n2) = (0,0)
# 
#===>PI_S[det(S(K_s,K_s+1))] =  22846.17730305  +     -0.00003262 i
#__________________________________________________________ 
# Berry Curvature (A^2) : -Im[logPI_S(det(S(K_s,K_s+1)))]/dk^2
#      kx        ky        kz(A^-1)   Berry Curvature (A^2)
#   0.059651   0.585473   0.000000             0.000000
  
#* Closed loop for KPOINT   50 : (  0.08333  0.33333  0.00000  )
# K1>K2>K3>K4>K5=K1 (k-index):   50  >   51  >   63  >   62  >   50
# K1 = (  0.08333  0.33333  0.00000  ), G1 = (n1,n2) = (0,0)
# K2 = (  0.16667  0.33333  0.00000  ), G2 = (n1,n2) = (0,0)
# K3 = (  0.16667  0.41667  0.00000  ), G3 = (n1,n2) = (0,0)
# K4 = (  0.08333  0.41667  0.00000  ), G4 = (n1,n2) = (0,0)
# K5 = (  0.08333  0.33333  0.00000  ), G5 = (n1,n2) = (0,0)
# 
#===>PI_S[det(S(K_s,K_s+1))] =  26102.84025321  +     -0.00205533 i
#__________________________________________________________ 
# Berry Curvature (A^2) : -Im[logPI_S(det(S(K_s,K_s+1)))]/dk^2
#      kx        ky        kz(A^-1)   Berry Curvature (A^2)
#   0.178953   0.516594   0.000000             0.000005
  
#* Closed loop for KPOINT   51 : (  0.16667  0.33333  0.00000  )
# K1>K2>K3>K4>K5=K1 (k-index):   51  >   52  >   64  >   63  >   51
# K1 = (  0.16667  0.33333  0.00000  ), G1 = (n1,n2) = (0,0)
# K2 = (  0.25000  0.33333  0.00000  ), G2 = (n1,n2) = (0,0)
# K3 = (  0.25000  0.41667  0.00000  ), G3 = (n1,n2) = (0,0)
# K4 = (  0.16667  0.41667  0.00000  ), G4 = (n1,n2) = (0,0)
# K5 = (  0.16667  0.33333  0.00000  ), G5 = (n1,n2) = (0,0)
# 
#===>PI_S[det(S(K_s,K_s+1))] =  25891.47963223  +     -0.00005159 i
#__________________________________________________________ 
# Berry Curvature (A^2) : -Im[logPI_S(det(S(K_s,K_s+1)))]/dk^2
#      kx        ky        kz(A^-1)   Berry Curvature (A^2)
#   0.298256   0.447715   0.000000             0.000000
  
#* Closed loop for KPOINT   52 : (  0.25000  0.33333  0.00000  )
# K1>K2>K3>K4>K5=K1 (k-index):   52  >   53  >   65  >   64  >   52
# K1 = (  0.25000  0.33333  0.00000  ), G1 = (n1,n2) = (0,0)
# K2 = (  0.33333  0.33333  0.00000  ), G2 = (n1,n2) = (0,0)
# K3 = (  0.33333  0.41667  0.00000  ), G3 = (n1,n2) = (0,0)
# K4 = (  0.25000  0.41667  0.00000  ), G4 = (n1,n2) = (0,0)
# K5 = (  0.25000  0.33333  0.00000  ), G5 = (n1,n2) = (0,0)
# 
#===>PI_S[det(S(K_s,K_s+1))] =  20898.99410083  +     -0.00033855 i
#__________________________________________________________ 
# Berry Curvature (A^2) : -Im[logPI_S(det(S(K_s,K_s+1)))]/dk^2
#      kx        ky        kz(A^-1)   Berry Curvature (A^2)
#   0.417558   0.378836   0.000000             0.000001
  
#* Closed loop for KPOINT   53 : (  0.33333  0.33333  0.00000  )
# K1>K2>K3>K4>K5=K1 (k-index):   53  >   54  >   66  >   65  >   53
# K1 = (  0.33333  0.33333  0.00000  ), G1 = (n1,n2) = (0,0)
# K2 = (  0.41667  0.33333  0.00000  ), G2 = (n1,n2) = (0,0)
# K3 = (  0.41667  0.41667  0.00000  ), G3 = (n1,n2) = (0,0)
# K4 = (  0.33333  0.41667  0.00000  ), G4 = (n1,n2) = (0,0)
# K5 = (  0.33333  0.33333  0.00000  ), G5 = (n1,n2) = (0,0)
# 
#===>PI_S[det(S(K_s,K_s+1))] =  18742.16352067  +      0.00014897 i
#__________________________________________________________ 
# Berry Curvature (A^2) : -Im[logPI_S(det(S(K_s,K_s+1)))]/dk^2
#      kx        ky        kz(A^-1)   Berry Curvature (A^2)
#   0.536860   0.309956   0.000000            -0.000000
  
#* Closed loop for KPOINT   54 : (  0.41667  0.33333  0.00000  )
# K1>K2>K3>K4>K5=K1 (k-index):   54  >   55  >   67  >   66  >   54
# K1 = (  0.41667  0.33333  0.00000  ), G1 = (n1,n2) = (0,0)
# K2 = (  0.50000  0.33333  0.00000  ), G2 = (n1,n2) = (0,0)
# K3 = (  0.50000  0.41667  0.00000  ), G3 = (n1,n2) = (0,0)
# K4 = (  0.41667  0.41667  0.00000  ), G4 = (n1,n2) = (0,0)
# K5 = (  0.41667  0.33333  0.00000  ), G5 = (n1,n2) = (0,0)
# 
#===>PI_S[det(S(K_s,K_s+1))] =  22509.73429171  +     -0.00147723 i
#__________________________________________________________ 
# Berry Curvature (A^2) : -Im[logPI_S(det(S(K_s,K_s+1)))]/dk^2
#      kx        ky        kz(A^-1)   Berry Curvature (A^2)
#   0.656162   0.241077   0.000000             0.000004
  
#* Closed loop for KPOINT   55 : (  0.50000  0.33333  0.00000  )
# K1>K2>K3>K4>K5=K1 (k-index):   55  >   56  >   68  >   67  >   55
# K1 = (  0.50000  0.33333  0.00000  ), G1 = (n1,n2) = (0,0)
# K2 = (  0.58333  0.33333  0.00000  ), G2 = (n1,n2) = (1,0)
# K3 = (  0.58333  0.41667  0.00000  ), G3 = (n1,n2) = (1,0)
# K4 = (  0.50000  0.41667  0.00000  ), G4 = (n1,n2) = (0,0)
# K5 = (  0.50000  0.33333  0.00000  ), G5 = (n1,n2) = (0,0)
# 
#===>PI_S[det(S(K_s,K_s+1))] =  26711.17672758  +     -0.00164426 i
#__________________________________________________________ 
# Berry Curvature (A^2) : -Im[logPI_S(det(S(K_s,K_s+1)))]/dk^2
#      kx        ky        kz(A^-1)   Berry Curvature (A^2)
#   0.775465   0.172198   0.000000             0.000004
  
#* Closed loop for KPOINT   56 : ( -0.41667  0.33333  0.00000  )
# K1>K2>K3>K4>K5=K1 (k-index):   56  >   57  >   69  >   68  >   56
# K1 = ( -0.41667  0.33333  0.00000  ), G1 = (n1,n2) = (0,0)
# K2 = ( -0.33333  0.33333  0.00000  ), G2 = (n1,n2) = (0,0)
# K3 = ( -0.33333  0.41667  0.00000  ), G3 = (n1,n2) = (0,0)
# K4 = ( -0.41667  0.41667  0.00000  ), G4 = (n1,n2) = (0,0)
# K5 = ( -0.41667  0.33333  0.00000  ), G5 = (n1,n2) = (0,0)
# 
#===>PI_S[det(S(K_s,K_s+1))] =  27316.66697118  +     -0.00078777 i
#__________________________________________________________ 
# Berry Curvature (A^2) : -Im[logPI_S(det(S(K_s,K_s+1)))]/dk^2
#      kx        ky        kz(A^-1)   Berry Curvature (A^2)
#  -0.536860   0.929869   0.000000             0.000002
  
#* Closed loop for KPOINT   57 : ( -0.33333  0.33333  0.00000  )
# K1>K2>K3>K4>K5=K1 (k-index):   57  >   58  >   70  >   69  >   57
# K1 = ( -0.33333  0.33333  0.00000  ), G1 = (n1,n2) = (0,0)
# K2 = ( -0.25000  0.33333  0.00000  ), G2 = (n1,n2) = (0,0)
# K3 = ( -0.25000  0.41667  0.00000  ), G3 = (n1,n2) = (0,0)
# K4 = ( -0.33333  0.41667  0.00000  ), G4 = (n1,n2) = (0,0)
# K5 = ( -0.33333  0.33333  0.00000  ), G5 = (n1,n2) = (0,0)
# 
#===>PI_S[det(S(K_s,K_s+1))] =  27633.13228449  +     -0.00042815 i
#__________________________________________________________ 
# Berry Curvature (A^2) : -Im[logPI_S(det(S(K_s,K_s+1)))]/dk^2
#      kx        ky        kz(A^-1)   Berry Curvature (A^2)
#  -0.417558   0.860990   0.000000             0.000001
  
#* Closed loop for KPOINT   58 : ( -0.25000  0.33333  0.00000  )
# K1>K2>K3>K4>K5=K1 (k-index):   58  >   59  >   71  >   70  >   58
# K1 = ( -0.25000  0.33333  0.00000  ), G1 = (n1,n2) = (0,0)
# K2 = ( -0.16667  0.33333  0.00000  ), G2 = (n1,n2) = (0,0)
# K3 = ( -0.16667  0.41667  0.00000  ), G3 = (n1,n2) = (0,0)
# K4 = ( -0.25000  0.41667  0.00000  ), G4 = (n1,n2) = (0,0)
# K5 = ( -0.25000  0.33333  0.00000  ), G5 = (n1,n2) = (0,0)
# 
#===>PI_S[det(S(K_s,K_s+1))] =  28403.40276445  +     -0.00004302 i
#__________________________________________________________ 
# Berry Curvature (A^2) : -Im[logPI_S(det(S(K_s,K_s+1)))]/dk^2
#      kx        ky        kz(A^-1)   Berry Curvature (A^2)
#  -0.298256   0.792111   0.000000             0.000000
  
#* Closed loop for KPOINT   59 : ( -0.16667  0.33333  0.00000  )
# K1>K2>K3>K4>K5=K1 (k-index):   59  >   60  >   72  >   71  >   59
# K1 = ( -0.16667  0.33333  0.00000  ), G1 = (n1,n2) = (0,0)
# K2 = ( -0.08333  0.33333  0.00000  ), G2 = (n1,n2) = (0,0)
# K3 = ( -0.08333  0.41667  0.00000  ), G3 = (n1,n2) = (0,0)
# K4 = ( -0.16667  0.41667  0.00000  ), G4 = (n1,n2) = (0,0)
# K5 = ( -0.16667  0.33333  0.00000  ), G5 = (n1,n2) = (0,0)
# 
#===>PI_S[det(S(K_s,K_s+1))] =  28613.78935186  +      0.00071005 i
#__________________________________________________________ 
# Berry Curvature (A^2) : -Im[logPI_S(det(S(K_s,K_s+1)))]/dk^2
#      kx        ky        kz(A^-1)   Berry Curvature (A^2)
#  -0.178953   0.723232   0.000000            -0.000002
  
#* Closed loop for KPOINT   60 : ( -0.08333  0.33333  0.00000  )
# K1>K2>K3>K4>K5=K1 (k-index):   60  >   49  >   61  >   72  >   60
# K1 = ( -0.08333  0.33333  0.00000  ), G1 = (n1,n2) = (0,0)
# K2 = (  0.00000  0.33333  0.00000  ), G2 = (n1,n2) = (0,0)
# K3 = (  0.00000  0.41667  0.00000  ), G3 = (n1,n2) = (0,0)
# K4 = ( -0.08333  0.41667  0.00000  ), G4 = (n1,n2) = (0,0)
# K5 = ( -0.08333  0.33333  0.00000  ), G5 = (n1,n2) = (0,0)
# 
#===>PI_S[det(S(K_s,K_s+1))] =  24956.43005855  +      0.00008120 i
#__________________________________________________________ 
# Berry Curvature (A^2) : -Im[logPI_S(det(S(K_s,K_s+1)))]/dk^2
#      kx        ky        kz(A^-1)   Berry Curvature (A^2)
#  -0.059651   0.654352   0.000000            -0.000000
  
#* Closed loop for KPOINT   61 : (  0.00000  0.41667  0.00000  )
# K1>K2>K3>K4>K5=K1 (k-index):   61  >   62  >   74  >   73  >   61
# K1 = (  0.00000  0.41667  0.00000  ), G1 = (n1,n2) = (0,0)
# K2 = (  0.08333  0.41667  0.00000  ), G2 = (n1,n2) = (0,0)
# K3 = (  0.08333  0.50000  0.00000  ), G3 = (n1,n2) = (0,0)
# K4 = (  0.00000  0.50000  0.00000  ), G4 = (n1,n2) = (0,0)
# K5 = (  0.00000  0.41667  0.00000  ), G5 = (n1,n2) = (0,0)
# 
#===>PI_S[det(S(K_s,K_s+1))] =  24918.68896040  +      0.00017802 i
#__________________________________________________________ 
# Berry Curvature (A^2) : -Im[logPI_S(det(S(K_s,K_s+1)))]/dk^2
#      kx        ky        kz(A^-1)   Berry Curvature (A^2)
#   0.059651   0.723232   0.000000            -0.000000
  
#* Closed loop for KPOINT   62 : (  0.08333  0.41667  0.00000  )
# K1>K2>K3>K4>K5=K1 (k-index):   62  >   63  >   75  >   74  >   62
# K1 = (  0.08333  0.41667  0.00000  ), G1 = (n1,n2) = (0,0)
# K2 = (  0.16667  0.41667  0.00000  ), G2 = (n1,n2) = (0,0)
# K3 = (  0.16667  0.50000  0.00000  ), G3 = (n1,n2) = (0,0)
# K4 = (  0.08333  0.50000  0.00000  ), G4 = (n1,n2) = (0,0)
# K5 = (  0.08333  0.41667  0.00000  ), G5 = (n1,n2) = (0,0)
# 
#===>PI_S[det(S(K_s,K_s+1))] =  27396.33982743  +      0.00077443 i
#__________________________________________________________ 
# Berry Curvature (A^2) : -Im[logPI_S(det(S(K_s,K_s+1)))]/dk^2
#      kx        ky        kz(A^-1)   Berry Curvature (A^2)
#   0.178953   0.654352   0.000000            -0.000002
  
#* Closed loop for KPOINT   63 : (  0.16667  0.41667  0.00000  )
# K1>K2>K3>K4>K5=K1 (k-index):   63  >   64  >   76  >   75  >   63
# K1 = (  0.16667  0.41667  0.00000  ), G1 = (n1,n2) = (0,0)
# K2 = (  0.25000  0.41667  0.00000  ), G2 = (n1,n2) = (0,0)
# K3 = (  0.25000  0.50000  0.00000  ), G3 = (n1,n2) = (0,0)
# K4 = (  0.16667  0.50000  0.00000  ), G4 = (n1,n2) = (0,0)
# K5 = (  0.16667  0.41667  0.00000  ), G5 = (n1,n2) = (0,0)
# 
#===>PI_S[det(S(K_s,K_s+1))] =  27137.45438462  +     -0.00014945 i
#__________________________________________________________ 
# Berry Curvature (A^2) : -Im[logPI_S(det(S(K_s,K_s+1)))]/dk^2
#      kx        ky        kz(A^-1)   Berry Curvature (A^2)
#   0.298256   0.585473   0.000000             0.000000
  
#* Closed loop for KPOINT   64 : (  0.25000  0.41667  0.00000  )
# K1>K2>K3>K4>K5=K1 (k-index):   64  >   65  >   77  >   76  >   64
# K1 = (  0.25000  0.41667  0.00000  ), G1 = (n1,n2) = (0,0)
# K2 = (  0.33333  0.41667  0.00000  ), G2 = (n1,n2) = (0,0)
# K3 = (  0.33333  0.50000  0.00000  ), G3 = (n1,n2) = (0,0)
# K4 = (  0.25000  0.50000  0.00000  ), G4 = (n1,n2) = (0,0)
# K5 = (  0.25000  0.41667  0.00000  ), G5 = (n1,n2) = (0,0)
# 
#===>PI_S[det(S(K_s,K_s+1))] =  26375.00142298  +     -0.00041923 i
#__________________________________________________________ 
# Berry Curvature (A^2) : -Im[logPI_S(det(S(K_s,K_s+1)))]/dk^2
#      kx        ky        kz(A^-1)   Berry Curvature (A^2)
#   0.417558   0.516594   0.000000             0.000001
  
#* Closed loop for KPOINT   65 : (  0.33333  0.41667  0.00000  )
# K1>K2>K3>K4>K5=K1 (k-index):   65  >   66  >   78  >   77  >   65
# K1 = (  0.33333  0.41667  0.00000  ), G1 = (n1,n2) = (0,0)
# K2 = (  0.41667  0.41667  0.00000  ), G2 = (n1,n2) = (0,0)
# K3 = (  0.41667  0.50000  0.00000  ), G3 = (n1,n2) = (0,0)
# K4 = (  0.33333  0.50000  0.00000  ), G4 = (n1,n2) = (0,0)
# K5 = (  0.33333  0.41667  0.00000  ), G5 = (n1,n2) = (0,0)
# 
#===>PI_S[det(S(K_s,K_s+1))] =  22509.93317777  +     -0.00032769 i
#__________________________________________________________ 
# Berry Curvature (A^2) : -Im[logPI_S(det(S(K_s,K_s+1)))]/dk^2
#      kx        ky        kz(A^-1)   Berry Curvature (A^2)
#   0.536860   0.447715   0.000000             0.000001
  
#* Closed loop for KPOINT   66 : (  0.41667  0.41667  0.00000  )
# K1>K2>K3>K4>K5=K1 (k-index):   66  >   67  >   79  >   78  >   66
# K1 = (  0.41667  0.41667  0.00000  ), G1 = (n1,n2) = (0,0)
# K2 = (  0.50000  0.41667  0.00000  ), G2 = (n1,n2) = (0,0)
# K3 = (  0.50000  0.50000  0.00000  ), G3 = (n1,n2) = (0,0)
# K4 = (  0.41667  0.50000  0.00000  ), G4 = (n1,n2) = (0,0)
# K5 = (  0.41667  0.41667  0.00000  ), G5 = (n1,n2) = (0,0)
# 
#===>PI_S[det(S(K_s,K_s+1))] =  19953.67964819  +      0.00009954 i
#__________________________________________________________ 
# Berry Curvature (A^2) : -Im[logPI_S(det(S(K_s,K_s+1)))]/dk^2
#      kx        ky        kz(A^-1)   Berry Curvature (A^2)
#   0.656162   0.378836   0.000000            -0.000000
  
#* Closed loop for KPOINT   67 : (  0.50000  0.41667  0.00000  )
# K1>K2>K3>K4>K5=K1 (k-index):   67  >   68  >   80  >   79  >   67
# K1 = (  0.50000  0.41667  0.00000  ), G1 = (n1,n2) = (0,0)
# K2 = (  0.58333  0.41667  0.00000  ), G2 = (n1,n2) = (1,0)
# K3 = (  0.58333  0.50000  0.00000  ), G3 = (n1,n2) = (1,0)
# K4 = (  0.50000  0.50000  0.00000  ), G4 = (n1,n2) = (0,0)
# K5 = (  0.50000  0.41667  0.00000  ), G5 = (n1,n2) = (0,0)
# 
#===>PI_S[det(S(K_s,K_s+1))] =  22922.01608235  +      0.00039522 i
#__________________________________________________________ 
# Berry Curvature (A^2) : -Im[logPI_S(det(S(K_s,K_s+1)))]/dk^2
#      kx        ky        kz(A^-1)   Berry Curvature (A^2)
#   0.775465   0.309956   0.000000            -0.000001
  
#* Closed loop for KPOINT   68 : ( -0.41667  0.41667  0.00000  )
# K1>K2>K3>K4>K5=K1 (k-index):   68  >   69  >   81  >   80  >   68
# K1 = ( -0.41667  0.41667  0.00000  ), G1 = (n1,n2) = (0,0)
# K2 = ( -0.33333  0.41667  0.00000  ), G2 = (n1,n2) = (0,0)
# K3 = ( -0.33333  0.50000  0.00000  ), G3 = (n1,n2) = (0,0)
# K4 = ( -0.41667  0.50000  0.00000  ), G4 = (n1,n2) = (0,0)
# K5 = ( -0.41667  0.41667  0.00000  ), G5 = (n1,n2) = (0,0)
# 
#===>PI_S[det(S(K_s,K_s+1))] =  26711.32686459  +      0.00063060 i
#__________________________________________________________ 
# Berry Curvature (A^2) : -Im[logPI_S(det(S(K_s,K_s+1)))]/dk^2
#      kx        ky        kz(A^-1)   Berry Curvature (A^2)
#  -0.536860   1.067627   0.000000            -0.000001
  
#* Closed loop for KPOINT   69 : ( -0.33333  0.41667  0.00000  )
# K1>K2>K3>K4>K5=K1 (k-index):   69  >   70  >   82  >   81  >   69
# K1 = ( -0.33333  0.41667  0.00000  ), G1 = (n1,n2) = (0,0)
# K2 = ( -0.25000  0.41667  0.00000  ), G2 = (n1,n2) = (0,0)
# K3 = ( -0.25000  0.50000  0.00000  ), G3 = (n1,n2) = (0,0)
# K4 = ( -0.33333  0.50000  0.00000  ), G4 = (n1,n2) = (0,0)
# K5 = ( -0.33333  0.41667  0.00000  ), G5 = (n1,n2) = (0,0)
# 
#===>PI_S[det(S(K_s,K_s+1))] =  27231.56013579  +      0.00081290 i
#__________________________________________________________ 
# Berry Curvature (A^2) : -Im[logPI_S(det(S(K_s,K_s+1)))]/dk^2
#      kx        ky        kz(A^-1)   Berry Curvature (A^2)
#  -0.417558   0.998748   0.000000            -0.000002
  
#* Closed loop for KPOINT   70 : ( -0.25000  0.41667  0.00000  )
# K1>K2>K3>K4>K5=K1 (k-index):   70  >   71  >   83  >   82  >   70
# K1 = ( -0.25000  0.41667  0.00000  ), G1 = (n1,n2) = (0,0)
# K2 = ( -0.16667  0.41667  0.00000  ), G2 = (n1,n2) = (0,0)
# K3 = ( -0.16667  0.50000  0.00000  ), G3 = (n1,n2) = (0,0)
# K4 = ( -0.25000  0.50000  0.00000  ), G4 = (n1,n2) = (0,0)
# K5 = ( -0.25000  0.41667  0.00000  ), G5 = (n1,n2) = (0,0)
# 
#===>PI_S[det(S(K_s,K_s+1))] =  27806.56885352  +     -0.00023502 i
#__________________________________________________________ 
# Berry Curvature (A^2) : -Im[logPI_S(det(S(K_s,K_s+1)))]/dk^2
#      kx        ky        kz(A^-1)   Berry Curvature (A^2)
#  -0.298256   0.929869   0.000000             0.000001
  
#* Closed loop for KPOINT   71 : ( -0.16667  0.41667  0.00000  )
# K1>K2>K3>K4>K5=K1 (k-index):   71  >   72  >   84  >   83  >   71
# K1 = ( -0.16667  0.41667  0.00000  ), G1 = (n1,n2) = (0,0)
# K2 = ( -0.08333  0.41667  0.00000  ), G2 = (n1,n2) = (0,0)
# K3 = ( -0.08333  0.50000  0.00000  ), G3 = (n1,n2) = (0,0)
# K4 = ( -0.16667  0.50000  0.00000  ), G4 = (n1,n2) = (0,0)
# K5 = ( -0.16667  0.41667  0.00000  ), G5 = (n1,n2) = (0,0)
# 
#===>PI_S[det(S(K_s,K_s+1))] =  28269.29304981  +     -0.00016408 i
#__________________________________________________________ 
# Berry Curvature (A^2) : -Im[logPI_S(det(S(K_s,K_s+1)))]/dk^2
#      kx        ky        kz(A^-1)   Berry Curvature (A^2)
#  -0.178953   0.860990   0.000000             0.000000
  
#* Closed loop for KPOINT   72 : ( -0.08333  0.41667  0.00000  )
# K1>K2>K3>K4>K5=K1 (k-index):   72  >   61  >   73  >   84  >   72
# K1 = ( -0.08333  0.41667  0.00000  ), G1 = (n1,n2) = (0,0)
# K2 = (  0.00000  0.41667  0.00000  ), G2 = (n1,n2) = (0,0)
# K3 = (  0.00000  0.50000  0.00000  ), G3 = (n1,n2) = (0,0)
# K4 = ( -0.08333  0.50000  0.00000  ), G4 = (n1,n2) = (0,0)
# K5 = ( -0.08333  0.41667  0.00000  ), G5 = (n1,n2) = (0,0)
# 
#===>PI_S[det(S(K_s,K_s+1))] =  25470.27226332  +      0.00106005 i
#__________________________________________________________ 
# Berry Curvature (A^2) : -Im[logPI_S(det(S(K_s,K_s+1)))]/dk^2
#      kx        ky        kz(A^-1)   Berry Curvature (A^2)
#  -0.059651   0.792111   0.000000            -0.000003
  
#* Closed loop for KPOINT   73 : (  0.00000  0.50000  0.00000  )
# K1>K2>K3>K4>K5=K1 (k-index):   73  >   74  >   86  >   85  >   73
# K1 = (  0.00000  0.50000  0.00000  ), G1 = (n1,n2) = (0,0)
# K2 = (  0.08333  0.50000  0.00000  ), G2 = (n1,n2) = (0,0)
# K3 = (  0.08333  0.58333  0.00000  ), G3 = (n1,n2) = (0,1)
# K4 = (  0.00000  0.58333  0.00000  ), G4 = (n1,n2) = (0,1)
# K5 = (  0.00000  0.50000  0.00000  ), G5 = (n1,n2) = (0,0)
# 
#===>PI_S[det(S(K_s,K_s+1))] =  25471.19050261  +     -0.00065833 i
#__________________________________________________________ 
# Berry Curvature (A^2) : -Im[logPI_S(det(S(K_s,K_s+1)))]/dk^2
#      kx        ky        kz(A^-1)   Berry Curvature (A^2)
#   0.059651   0.860990   0.000000             0.000002
  
#* Closed loop for KPOINT   74 : (  0.08333  0.50000  0.00000  )
# K1>K2>K3>K4>K5=K1 (k-index):   74  >   75  >   87  >   86  >   74
# K1 = (  0.08333  0.50000  0.00000  ), G1 = (n1,n2) = (0,0)
# K2 = (  0.16667  0.50000  0.00000  ), G2 = (n1,n2) = (0,0)
# K3 = (  0.16667  0.58333  0.00000  ), G3 = (n1,n2) = (0,1)
# K4 = (  0.08333  0.58333  0.00000  ), G4 = (n1,n2) = (0,1)
# K5 = (  0.08333  0.50000  0.00000  ), G5 = (n1,n2) = (0,0)
# 
#===>PI_S[det(S(K_s,K_s+1))] =  28270.43324909  +     -0.00165852 i
#__________________________________________________________ 
# Berry Curvature (A^2) : -Im[logPI_S(det(S(K_s,K_s+1)))]/dk^2
#      kx        ky        kz(A^-1)   Berry Curvature (A^2)
#   0.178953   0.792111   0.000000             0.000004
  
#* Closed loop for KPOINT   75 : (  0.16667  0.50000  0.00000  )
# K1>K2>K3>K4>K5=K1 (k-index):   75  >   76  >   88  >   87  >   75
# K1 = (  0.16667  0.50000  0.00000  ), G1 = (n1,n2) = (0,0)
# K2 = (  0.25000  0.50000  0.00000  ), G2 = (n1,n2) = (0,0)
# K3 = (  0.25000  0.58333  0.00000  ), G3 = (n1,n2) = (0,1)
# K4 = (  0.16667  0.58333  0.00000  ), G4 = (n1,n2) = (0,1)
# K5 = (  0.16667  0.50000  0.00000  ), G5 = (n1,n2) = (0,0)
# 
#===>PI_S[det(S(K_s,K_s+1))] =  27806.42861046  +     -0.00021730 i
#__________________________________________________________ 
# Berry Curvature (A^2) : -Im[logPI_S(det(S(K_s,K_s+1)))]/dk^2
#      kx        ky        kz(A^-1)   Berry Curvature (A^2)
#   0.298256   0.723232   0.000000             0.000000
  
#* Closed loop for KPOINT   76 : (  0.25000  0.50000  0.00000  )
# K1>K2>K3>K4>K5=K1 (k-index):   76  >   77  >   89  >   88  >   76
# K1 = (  0.25000  0.50000  0.00000  ), G1 = (n1,n2) = (0,0)
# K2 = (  0.33333  0.50000  0.00000  ), G2 = (n1,n2) = (0,0)
# K3 = (  0.33333  0.58333  0.00000  ), G3 = (n1,n2) = (0,1)
# K4 = (  0.25000  0.58333  0.00000  ), G4 = (n1,n2) = (0,1)
# K5 = (  0.25000  0.50000  0.00000  ), G5 = (n1,n2) = (0,0)
# 
#===>PI_S[det(S(K_s,K_s+1))] =  27230.53666356  +      0.00010829 i
#__________________________________________________________ 
# Berry Curvature (A^2) : -Im[logPI_S(det(S(K_s,K_s+1)))]/dk^2
#      kx        ky        kz(A^-1)   Berry Curvature (A^2)
#   0.417558   0.654352   0.000000            -0.000000
  
#* Closed loop for KPOINT   77 : (  0.33333  0.50000  0.00000  )
# K1>K2>K3>K4>K5=K1 (k-index):   77  >   78  >   90  >   89  >   77
# K1 = (  0.33333  0.50000  0.00000  ), G1 = (n1,n2) = (0,0)
# K2 = (  0.41667  0.50000  0.00000  ), G2 = (n1,n2) = (0,0)
# K3 = (  0.41667  0.58333  0.00000  ), G3 = (n1,n2) = (0,1)
# K4 = (  0.33333  0.58333  0.00000  ), G4 = (n1,n2) = (0,1)
# K5 = (  0.33333  0.50000  0.00000  ), G5 = (n1,n2) = (0,0)
# 
#===>PI_S[det(S(K_s,K_s+1))] =  26710.75107295  +     -0.00188302 i
#__________________________________________________________ 
# Berry Curvature (A^2) : -Im[logPI_S(det(S(K_s,K_s+1)))]/dk^2
#      kx        ky        kz(A^-1)   Berry Curvature (A^2)
#   0.536860   0.585473   0.000000             0.000004
  
#* Closed loop for KPOINT   78 : (  0.41667  0.50000  0.00000  )
# K1>K2>K3>K4>K5=K1 (k-index):   78  >   79  >   91  >   90  >   78
# K1 = (  0.41667  0.50000  0.00000  ), G1 = (n1,n2) = (0,0)
# K2 = (  0.50000  0.50000  0.00000  ), G2 = (n1,n2) = (0,0)
# K3 = (  0.50000  0.58333  0.00000  ), G3 = (n1,n2) = (0,1)
# K4 = (  0.41667  0.58333  0.00000  ), G4 = (n1,n2) = (0,1)
# K5 = (  0.41667  0.50000  0.00000  ), G5 = (n1,n2) = (0,0)
# 
#===>PI_S[det(S(K_s,K_s+1))] =  22922.36210205  +      0.00076403 i
#__________________________________________________________ 
# Berry Curvature (A^2) : -Im[logPI_S(det(S(K_s,K_s+1)))]/dk^2
#      kx        ky        kz(A^-1)   Berry Curvature (A^2)
#   0.656162   0.516594   0.000000            -0.000002
  
#* Closed loop for KPOINT   79 : (  0.50000  0.50000  0.00000  )
# K1>K2>K3>K4>K5=K1 (k-index):   79  >   80  >   92  >   91  >   79
# K1 = (  0.50000  0.50000  0.00000  ), G1 = (n1,n2) = (0,0)
# K2 = (  0.58333  0.50000  0.00000  ), G2 = (n1,n2) = (1,0)
# K3 = (  0.58333  0.58333  0.00000  ), G3 = (n1,n2) = (1,1)
# K4 = (  0.50000  0.58333  0.00000  ), G4 = (n1,n2) = (0,1)
# K5 = (  0.50000  0.50000  0.00000  ), G5 = (n1,n2) = (0,0)
# 
#===>PI_S[det(S(K_s,K_s+1))] =  19954.23843186  +      0.00049989 i
#__________________________________________________________ 
# Berry Curvature (A^2) : -Im[logPI_S(det(S(K_s,K_s+1)))]/dk^2
#      kx        ky        kz(A^-1)   Berry Curvature (A^2)
#   0.775465   0.447715   0.000000            -0.000002
  
#* Closed loop for KPOINT   80 : ( -0.41667  0.50000  0.00000  )
# K1>K2>K3>K4>K5=K1 (k-index):   80  >   81  >   93  >   92  >   80
# K1 = ( -0.41667  0.50000  0.00000  ), G1 = (n1,n2) = (0,0)
# K2 = ( -0.33333  0.50000  0.00000  ), G2 = (n1,n2) = (0,0)
# K3 = ( -0.33333  0.58333  0.00000  ), G3 = (n1,n2) = (0,1)
# K4 = ( -0.41667  0.58333  0.00000  ), G4 = (n1,n2) = (0,1)
# K5 = ( -0.41667  0.50000  0.00000  ), G5 = (n1,n2) = (0,0)
# 
#===>PI_S[det(S(K_s,K_s+1))] =  22509.98584192  +     -0.00052353 i
#__________________________________________________________ 
# Berry Curvature (A^2) : -Im[logPI_S(det(S(K_s,K_s+1)))]/dk^2
#      kx        ky        kz(A^-1)   Berry Curvature (A^2)
#  -0.536860   1.205386   0.000000             0.000001
  
#* Closed loop for KPOINT   81 : ( -0.33333  0.50000  0.00000  )
# K1>K2>K3>K4>K5=K1 (k-index):   81  >   82  >   94  >   93  >   81
# K1 = ( -0.33333  0.50000  0.00000  ), G1 = (n1,n2) = (0,0)
# K2 = ( -0.25000  0.50000  0.00000  ), G2 = (n1,n2) = (0,0)
# K3 = ( -0.25000  0.58333  0.00000  ), G3 = (n1,n2) = (0,1)
# K4 = ( -0.33333  0.58333  0.00000  ), G4 = (n1,n2) = (0,1)
# K5 = ( -0.33333  0.50000  0.00000  ), G5 = (n1,n2) = (0,0)
# 
#===>PI_S[det(S(K_s,K_s+1))] =  26375.15826246  +     -0.00008301 i
#__________________________________________________________ 
# Berry Curvature (A^2) : -Im[logPI_S(det(S(K_s,K_s+1)))]/dk^2
#      kx        ky        kz(A^-1)   Berry Curvature (A^2)
#  -0.417558   1.136507   0.000000             0.000000
  
#* Closed loop for KPOINT   82 : ( -0.25000  0.50000  0.00000  )
# K1>K2>K3>K4>K5=K1 (k-index):   82  >   83  >   95  >   94  >   82
# K1 = ( -0.25000  0.50000  0.00000  ), G1 = (n1,n2) = (0,0)
# K2 = ( -0.16667  0.50000  0.00000  ), G2 = (n1,n2) = (0,0)
# K3 = ( -0.16667  0.58333  0.00000  ), G3 = (n1,n2) = (0,1)
# K4 = ( -0.25000  0.58333  0.00000  ), G4 = (n1,n2) = (0,1)
# K5 = ( -0.25000  0.50000  0.00000  ), G5 = (n1,n2) = (0,0)
# 
#===>PI_S[det(S(K_s,K_s+1))] =  27137.37952244  +      0.00061487 i
#__________________________________________________________ 
# Berry Curvature (A^2) : -Im[logPI_S(det(S(K_s,K_s+1)))]/dk^2
#      kx        ky        kz(A^-1)   Berry Curvature (A^2)
#  -0.298256   1.067627   0.000000            -0.000001
  
#* Closed loop for KPOINT   83 : ( -0.16667  0.50000  0.00000  )
# K1>K2>K3>K4>K5=K1 (k-index):   83  >   84  >   96  >   95  >   83
# K1 = ( -0.16667  0.50000  0.00000  ), G1 = (n1,n2) = (0,0)
# K2 = ( -0.08333  0.50000  0.00000  ), G2 = (n1,n2) = (0,0)
# K3 = ( -0.08333  0.58333  0.00000  ), G3 = (n1,n2) = (0,1)
# K4 = ( -0.16667  0.58333  0.00000  ), G4 = (n1,n2) = (0,1)
# K5 = ( -0.16667  0.50000  0.00000  ), G5 = (n1,n2) = (0,0)
# 
#===>PI_S[det(S(K_s,K_s+1))] =  27396.01159213  +      0.00073563 i
#__________________________________________________________ 
# Berry Curvature (A^2) : -Im[logPI_S(det(S(K_s,K_s+1)))]/dk^2
#      kx        ky        kz(A^-1)   Berry Curvature (A^2)
#  -0.178953   0.998748   0.000000            -0.000002
  
#* Closed loop for KPOINT   84 : ( -0.08333  0.50000  0.00000  )
# K1>K2>K3>K4>K5=K1 (k-index):   84  >   73  >   85  >   96  >   84
# K1 = ( -0.08333  0.50000  0.00000  ), G1 = (n1,n2) = (0,0)
# K2 = (  0.00000  0.50000  0.00000  ), G2 = (n1,n2) = (0,0)
# K3 = (  0.00000  0.58333  0.00000  ), G3 = (n1,n2) = (0,1)
# K4 = ( -0.08333  0.58333  0.00000  ), G4 = (n1,n2) = (0,1)
# K5 = ( -0.08333  0.50000  0.00000  ), G5 = (n1,n2) = (0,0)
# 
#===>PI_S[det(S(K_s,K_s+1))] =  24919.03265943  +      0.00043230 i
#__________________________________________________________ 
# Berry Curvature (A^2) : -Im[logPI_S(det(S(K_s,K_s+1)))]/dk^2
#      kx        ky        kz(A^-1)   Berry Curvature (A^2)
#  -0.059651   0.929869   0.000000            -0.000001
  
#* Closed loop for KPOINT   85 : (  0.00000 -0.41667  0.00000  )
# K1>K2>K3>K4>K5=K1 (k-index):   85  >   86  >   98  >   97  >   85
# K1 = (  0.00000 -0.41667  0.00000  ), G1 = (n1,n2) = (0,0)
# K2 = (  0.08333 -0.41667  0.00000  ), G2 = (n1,n2) = (0,0)
# K3 = (  0.08333 -0.33333  0.00000  ), G3 = (n1,n2) = (0,0)
# K4 = (  0.00000 -0.33333  0.00000  ), G4 = (n1,n2) = (0,0)
# K5 = (  0.00000 -0.41667  0.00000  ), G5 = (n1,n2) = (0,0)
# 
#===>PI_S[det(S(K_s,K_s+1))] =  24956.85007685  +     -0.00061446 i
#__________________________________________________________ 
# Berry Curvature (A^2) : -Im[logPI_S(det(S(K_s,K_s+1)))]/dk^2
#      kx        ky        kz(A^-1)   Berry Curvature (A^2)
#   0.059651  -0.654352   0.000000             0.000001
  
#* Closed loop for KPOINT   86 : (  0.08333 -0.41667  0.00000  )
# K1>K2>K3>K4>K5=K1 (k-index):   86  >   87  >   99  >   98  >   86
# K1 = (  0.08333 -0.41667  0.00000  ), G1 = (n1,n2) = (0,0)
# K2 = (  0.16667 -0.41667  0.00000  ), G2 = (n1,n2) = (0,0)
# K3 = (  0.16667 -0.33333  0.00000  ), G3 = (n1,n2) = (0,0)
# K4 = (  0.08333 -0.33333  0.00000  ), G4 = (n1,n2) = (0,0)
# K5 = (  0.08333 -0.41667  0.00000  ), G5 = (n1,n2) = (0,0)
# 
#===>PI_S[det(S(K_s,K_s+1))] =  28615.02319719  +      0.00052349 i
#__________________________________________________________ 
# Berry Curvature (A^2) : -Im[logPI_S(det(S(K_s,K_s+1)))]/dk^2
#      kx        ky        kz(A^-1)   Berry Curvature (A^2)
#   0.178953  -0.723232   0.000000            -0.000001
  
#* Closed loop for KPOINT   87 : (  0.16667 -0.41667  0.00000  )
# K1>K2>K3>K4>K5=K1 (k-index):   87  >   88  >  100  >   99  >   87
# K1 = (  0.16667 -0.41667  0.00000  ), G1 = (n1,n2) = (0,0)
# K2 = (  0.25000 -0.41667  0.00000  ), G2 = (n1,n2) = (0,0)
# K3 = (  0.25000 -0.33333  0.00000  ), G3 = (n1,n2) = (0,0)
# K4 = (  0.16667 -0.33333  0.00000  ), G4 = (n1,n2) = (0,0)
# K5 = (  0.16667 -0.41667  0.00000  ), G5 = (n1,n2) = (0,0)
# 
#===>PI_S[det(S(K_s,K_s+1))] =  28402.80964355  +      0.00030853 i
#__________________________________________________________ 
# Berry Curvature (A^2) : -Im[logPI_S(det(S(K_s,K_s+1)))]/dk^2
#      kx        ky        kz(A^-1)   Berry Curvature (A^2)
#   0.298256  -0.792111   0.000000            -0.000001
  
#* Closed loop for KPOINT   88 : (  0.25000 -0.41667  0.00000  )
# K1>K2>K3>K4>K5=K1 (k-index):   88  >   89  >  101  >  100  >   88
# K1 = (  0.25000 -0.41667  0.00000  ), G1 = (n1,n2) = (0,0)
# K2 = (  0.33333 -0.41667  0.00000  ), G2 = (n1,n2) = (0,0)
# K3 = (  0.33333 -0.33333  0.00000  ), G3 = (n1,n2) = (0,0)
# K4 = (  0.25000 -0.33333  0.00000  ), G4 = (n1,n2) = (0,0)
# K5 = (  0.25000 -0.41667  0.00000  ), G5 = (n1,n2) = (0,0)
# 
#===>PI_S[det(S(K_s,K_s+1))] =  27631.58378596  +      0.00204110 i
#__________________________________________________________ 
# Berry Curvature (A^2) : -Im[logPI_S(det(S(K_s,K_s+1)))]/dk^2
#      kx        ky        kz(A^-1)   Berry Curvature (A^2)
#   0.417558  -0.860990   0.000000            -0.000004
  
#* Closed loop for KPOINT   89 : (  0.33333 -0.41667  0.00000  )
# K1>K2>K3>K4>K5=K1 (k-index):   89  >   90  >  102  >  101  >   89
# K1 = (  0.33333 -0.41667  0.00000  ), G1 = (n1,n2) = (0,0)
# K2 = (  0.41667 -0.41667  0.00000  ), G2 = (n1,n2) = (0,0)
# K3 = (  0.41667 -0.33333  0.00000  ), G3 = (n1,n2) = (0,0)
# K4 = (  0.33333 -0.33333  0.00000  ), G4 = (n1,n2) = (0,0)
# K5 = (  0.33333 -0.41667  0.00000  ), G5 = (n1,n2) = (0,0)
# 
#===>PI_S[det(S(K_s,K_s+1))] =  27316.01892611  +     -0.00294198 i
#__________________________________________________________ 
# Berry Curvature (A^2) : -Im[logPI_S(det(S(K_s,K_s+1)))]/dk^2
#      kx        ky        kz(A^-1)   Berry Curvature (A^2)
#   0.536860  -0.929869   0.000000             0.000007
  
#* Closed loop for KPOINT   90 : (  0.41667 -0.41667  0.00000  )
# K1>K2>K3>K4>K5=K1 (k-index):   90  >   91  >  103  >  102  >   90
# K1 = (  0.41667 -0.41667  0.00000  ), G1 = (n1,n2) = (0,0)
# K2 = (  0.50000 -0.41667  0.00000  ), G2 = (n1,n2) = (0,0)
# K3 = (  0.50000 -0.33333  0.00000  ), G3 = (n1,n2) = (0,0)
# K4 = (  0.41667 -0.33333  0.00000  ), G4 = (n1,n2) = (0,0)
# K5 = (  0.41667 -0.41667  0.00000  ), G5 = (n1,n2) = (0,0)
# 
#===>PI_S[det(S(K_s,K_s+1))] =  26711.51594292  +      0.00114238 i
#__________________________________________________________ 
# Berry Curvature (A^2) : -Im[logPI_S(det(S(K_s,K_s+1)))]/dk^2
#      kx        ky        kz(A^-1)   Berry Curvature (A^2)
#   0.656162  -0.998748   0.000000            -0.000003
  
#* Closed loop for KPOINT   91 : (  0.50000 -0.41667  0.00000  )
# K1>K2>K3>K4>K5=K1 (k-index):   91  >   92  >  104  >  103  >   91
# K1 = (  0.50000 -0.41667  0.00000  ), G1 = (n1,n2) = (0,0)
# K2 = (  0.58333 -0.41667  0.00000  ), G2 = (n1,n2) = (1,0)
# K3 = (  0.58333 -0.33333  0.00000  ), G3 = (n1,n2) = (1,0)
# K4 = (  0.50000 -0.33333  0.00000  ), G4 = (n1,n2) = (0,0)
# K5 = (  0.50000 -0.41667  0.00000  ), G5 = (n1,n2) = (0,0)
# 
#===>PI_S[det(S(K_s,K_s+1))] =  22510.04555163  +      0.00061197 i
#__________________________________________________________ 
# Berry Curvature (A^2) : -Im[logPI_S(det(S(K_s,K_s+1)))]/dk^2
#      kx        ky        kz(A^-1)   Berry Curvature (A^2)
#   0.775465  -1.067627   0.000000            -0.000002
  
#* Closed loop for KPOINT   92 : ( -0.41667 -0.41667  0.00000  )
# K1>K2>K3>K4>K5=K1 (k-index):   92  >   93  >  105  >  104  >   92
# K1 = ( -0.41667 -0.41667  0.00000  ), G1 = (n1,n2) = (0,0)
# K2 = ( -0.33333 -0.41667  0.00000  ), G2 = (n1,n2) = (0,0)
# K3 = ( -0.33333 -0.33333  0.00000  ), G3 = (n1,n2) = (0,0)
# K4 = ( -0.41667 -0.33333  0.00000  ), G4 = (n1,n2) = (0,0)
# K5 = ( -0.41667 -0.41667  0.00000  ), G5 = (n1,n2) = (0,0)
# 
#===>PI_S[det(S(K_s,K_s+1))] =  18742.59097931  +     -0.00060459 i
#__________________________________________________________ 
# Berry Curvature (A^2) : -Im[logPI_S(det(S(K_s,K_s+1)))]/dk^2
#      kx        ky        kz(A^-1)   Berry Curvature (A^2)
#  -0.536860  -0.309956   0.000000             0.000002
  
#* Closed loop for KPOINT   93 : ( -0.33333 -0.41667  0.00000  )
# K1>K2>K3>K4>K5=K1 (k-index):   93  >   94  >  106  >  105  >   93
# K1 = ( -0.33333 -0.41667  0.00000  ), G1 = (n1,n2) = (0,0)
# K2 = ( -0.25000 -0.41667  0.00000  ), G2 = (n1,n2) = (0,0)
# K3 = ( -0.25000 -0.33333  0.00000  ), G3 = (n1,n2) = (0,0)
# K4 = ( -0.33333 -0.33333  0.00000  ), G4 = (n1,n2) = (0,0)
# K5 = ( -0.33333 -0.41667  0.00000  ), G5 = (n1,n2) = (0,0)
# 
#===>PI_S[det(S(K_s,K_s+1))] =  20899.76240269  +     -0.00066759 i
#__________________________________________________________ 
# Berry Curvature (A^2) : -Im[logPI_S(det(S(K_s,K_s+1)))]/dk^2
#      kx        ky        kz(A^-1)   Berry Curvature (A^2)
#  -0.417558  -0.378836   0.000000             0.000002
  
#* Closed loop for KPOINT   94 : ( -0.25000 -0.41667  0.00000  )
# K1>K2>K3>K4>K5=K1 (k-index):   94  >   95  >  107  >  106  >   94
# K1 = ( -0.25000 -0.41667  0.00000  ), G1 = (n1,n2) = (0,0)
# K2 = ( -0.16667 -0.41667  0.00000  ), G2 = (n1,n2) = (0,0)
# K3 = ( -0.16667 -0.33333  0.00000  ), G3 = (n1,n2) = (0,0)
# K4 = ( -0.25000 -0.33333  0.00000  ), G4 = (n1,n2) = (0,0)
# K5 = ( -0.25000 -0.41667  0.00000  ), G5 = (n1,n2) = (0,0)
# 
#===>PI_S[det(S(K_s,K_s+1))] =  25892.01118476  +      0.00014537 i
#__________________________________________________________ 
# Berry Curvature (A^2) : -Im[logPI_S(det(S(K_s,K_s+1)))]/dk^2
#      kx        ky        kz(A^-1)   Berry Curvature (A^2)
#  -0.298256  -0.447715   0.000000            -0.000000
  
#* Closed loop for KPOINT   95 : ( -0.16667 -0.41667  0.00000  )
# K1>K2>K3>K4>K5=K1 (k-index):   95  >   96  >  108  >  107  >   95
# K1 = ( -0.16667 -0.41667  0.00000  ), G1 = (n1,n2) = (0,0)
# K2 = ( -0.08333 -0.41667  0.00000  ), G2 = (n1,n2) = (0,0)
# K3 = ( -0.08333 -0.33333  0.00000  ), G3 = (n1,n2) = (0,0)
# K4 = ( -0.16667 -0.33333  0.00000  ), G4 = (n1,n2) = (0,0)
# K5 = ( -0.16667 -0.41667  0.00000  ), G5 = (n1,n2) = (0,0)
# 
#===>PI_S[det(S(K_s,K_s+1))] =  26103.81893974  +     -0.00041687 i
#__________________________________________________________ 
# Berry Curvature (A^2) : -Im[logPI_S(det(S(K_s,K_s+1)))]/dk^2
#      kx        ky        kz(A^-1)   Berry Curvature (A^2)
#  -0.178953  -0.516594   0.000000             0.000001
  
#* Closed loop for KPOINT   96 : ( -0.08333 -0.41667  0.00000  )
# K1>K2>K3>K4>K5=K1 (k-index):   96  >   85  >   97  >  108  >   96
# K1 = ( -0.08333 -0.41667  0.00000  ), G1 = (n1,n2) = (0,0)
# K2 = (  0.00000 -0.41667  0.00000  ), G2 = (n1,n2) = (0,0)
# K3 = (  0.00000 -0.33333  0.00000  ), G3 = (n1,n2) = (0,0)
# K4 = ( -0.08333 -0.33333  0.00000  ), G4 = (n1,n2) = (0,0)
# K5 = ( -0.08333 -0.41667  0.00000  ), G5 = (n1,n2) = (0,0)
# 
#===>PI_S[det(S(K_s,K_s+1))] =  22846.56915396  +     -0.00019889 i
#__________________________________________________________ 
# Berry Curvature (A^2) : -Im[logPI_S(det(S(K_s,K_s+1)))]/dk^2
#      kx        ky        kz(A^-1)   Berry Curvature (A^2)
#  -0.059651  -0.585473   0.000000             0.000001
  
#* Closed loop for KPOINT   97 : (  0.00000 -0.33333  0.00000  )
# K1>K2>K3>K4>K5=K1 (k-index):   97  >   98  >  110  >  109  >   97
# K1 = (  0.00000 -0.33333  0.00000  ), G1 = (n1,n2) = (0,0)
# K2 = (  0.08333 -0.33333  0.00000  ), G2 = (n1,n2) = (0,0)
# K3 = (  0.08333 -0.25000  0.00000  ), G3 = (n1,n2) = (0,0)
# K4 = (  0.00000 -0.25000  0.00000  ), G4 = (n1,n2) = (0,0)
# K5 = (  0.00000 -0.33333  0.00000  ), G5 = (n1,n2) = (0,0)
# 
#===>PI_S[det(S(K_s,K_s+1))] =  22342.88968755  +      0.00080208 i
#__________________________________________________________ 
# Berry Curvature (A^2) : -Im[logPI_S(det(S(K_s,K_s+1)))]/dk^2
#      kx        ky        kz(A^-1)   Berry Curvature (A^2)
#   0.059651  -0.516594   0.000000            -0.000002
  
#* Closed loop for KPOINT   98 : (  0.08333 -0.33333  0.00000  )
# K1>K2>K3>K4>K5=K1 (k-index):   98  >   99  >  111  >  110  >   98
# K1 = (  0.08333 -0.33333  0.00000  ), G1 = (n1,n2) = (0,0)
# K2 = (  0.16667 -0.33333  0.00000  ), G2 = (n1,n2) = (0,0)
# K3 = (  0.16667 -0.25000  0.00000  ), G3 = (n1,n2) = (0,0)
# K4 = (  0.08333 -0.25000  0.00000  ), G4 = (n1,n2) = (0,0)
# K5 = (  0.08333 -0.33333  0.00000  ), G5 = (n1,n2) = (0,0)
# 
#===>PI_S[det(S(K_s,K_s+1))] =  28114.27865058  +      0.00130634 i
#__________________________________________________________ 
# Berry Curvature (A^2) : -Im[logPI_S(det(S(K_s,K_s+1)))]/dk^2
#      kx        ky        kz(A^-1)   Berry Curvature (A^2)
#   0.178953  -0.585473   0.000000            -0.000003
  
#* Closed loop for KPOINT   99 : (  0.16667 -0.33333  0.00000  )
# K1>K2>K3>K4>K5=K1 (k-index):   99  >  100  >  112  >  111  >   99
# K1 = (  0.16667 -0.33333  0.00000  ), G1 = (n1,n2) = (0,0)
# K2 = (  0.25000 -0.33333  0.00000  ), G2 = (n1,n2) = (0,0)
# K3 = (  0.25000 -0.25000  0.00000  ), G3 = (n1,n2) = (0,0)
# K4 = (  0.16667 -0.25000  0.00000  ), G4 = (n1,n2) = (0,0)
# K5 = (  0.16667 -0.33333  0.00000  ), G5 = (n1,n2) = (0,0)
# 
#===>PI_S[det(S(K_s,K_s+1))] =  28524.39584885  +      0.00213570 i
#__________________________________________________________ 
# Berry Curvature (A^2) : -Im[logPI_S(det(S(K_s,K_s+1)))]/dk^2
#      kx        ky        kz(A^-1)   Berry Curvature (A^2)
#   0.298256  -0.654352   0.000000            -0.000005
  
#* Closed loop for KPOINT  100 : (  0.25000 -0.33333  0.00000  )
# K1>K2>K3>K4>K5=K1 (k-index):  100  >  101  >  113  >  112  >  100
# K1 = (  0.25000 -0.33333  0.00000  ), G1 = (n1,n2) = (0,0)
# K2 = (  0.33333 -0.33333  0.00000  ), G2 = (n1,n2) = (0,0)
# K3 = (  0.33333 -0.25000  0.00000  ), G3 = (n1,n2) = (0,0)
# K4 = (  0.25000 -0.25000  0.00000  ), G4 = (n1,n2) = (0,0)
# K5 = (  0.25000 -0.33333  0.00000  ), G5 = (n1,n2) = (0,0)
# 
#===>PI_S[det(S(K_s,K_s+1))] =  28165.53731736  +      0.00201825 i
#__________________________________________________________ 
# Berry Curvature (A^2) : -Im[logPI_S(det(S(K_s,K_s+1)))]/dk^2
#      kx        ky        kz(A^-1)   Berry Curvature (A^2)
#   0.417558  -0.723232   0.000000            -0.000004
  
#* Closed loop for KPOINT  101 : (  0.33333 -0.33333  0.00000  )
# K1>K2>K3>K4>K5=K1 (k-index):  101  >  102  >  114  >  113  >  101
# K1 = (  0.33333 -0.33333  0.00000  ), G1 = (n1,n2) = (0,0)
# K2 = (  0.41667 -0.33333  0.00000  ), G2 = (n1,n2) = (0,0)
# K3 = (  0.41667 -0.25000  0.00000  ), G3 = (n1,n2) = (0,0)
# K4 = (  0.33333 -0.25000  0.00000  ), G4 = (n1,n2) = (0,0)
# K5 = (  0.33333 -0.33333  0.00000  ), G5 = (n1,n2) = (0,0)
# 
#===>PI_S[det(S(K_s,K_s+1))] =  27633.14656248  +     -0.00042613 i
#__________________________________________________________ 
# Berry Curvature (A^2) : -Im[logPI_S(det(S(K_s,K_s+1)))]/dk^2
#      kx        ky        kz(A^-1)   Berry Curvature (A^2)
#   0.536860  -0.792111   0.000000             0.000001
  
#* Closed loop for KPOINT  102 : (  0.41667 -0.33333  0.00000  )
# K1>K2>K3>K4>K5=K1 (k-index):  102  >  103  >  115  >  114  >  102
# K1 = (  0.41667 -0.33333  0.00000  ), G1 = (n1,n2) = (0,0)
# K2 = (  0.50000 -0.33333  0.00000  ), G2 = (n1,n2) = (0,0)
# K3 = (  0.50000 -0.25000  0.00000  ), G3 = (n1,n2) = (0,0)
# K4 = (  0.41667 -0.25000  0.00000  ), G4 = (n1,n2) = (0,0)
# K5 = (  0.41667 -0.33333  0.00000  ), G5 = (n1,n2) = (0,0)
# 
#===>PI_S[det(S(K_s,K_s+1))] =  27232.11720920  +      0.00093821 i
#__________________________________________________________ 
# Berry Curvature (A^2) : -Im[logPI_S(det(S(K_s,K_s+1)))]/dk^2
#      kx        ky        kz(A^-1)   Berry Curvature (A^2)
#   0.656162  -0.860990   0.000000            -0.000002
  
#* Closed loop for KPOINT  103 : (  0.50000 -0.33333  0.00000  )
# K1>K2>K3>K4>K5=K1 (k-index):  103  >  104  >  116  >  115  >  103
# K1 = (  0.50000 -0.33333  0.00000  ), G1 = (n1,n2) = (0,0)
# K2 = (  0.58333 -0.33333  0.00000  ), G2 = (n1,n2) = (1,0)
# K3 = (  0.58333 -0.25000  0.00000  ), G3 = (n1,n2) = (1,0)
# K4 = (  0.50000 -0.25000  0.00000  ), G4 = (n1,n2) = (0,0)
# K5 = (  0.50000 -0.33333  0.00000  ), G5 = (n1,n2) = (0,0)
# 
#===>PI_S[det(S(K_s,K_s+1))] =  26374.83945406  +      0.00023689 i
#__________________________________________________________ 
# Berry Curvature (A^2) : -Im[logPI_S(det(S(K_s,K_s+1)))]/dk^2
#      kx        ky        kz(A^-1)   Berry Curvature (A^2)
#   0.775465  -0.929869   0.000000            -0.000001
  
#* Closed loop for KPOINT  104 : ( -0.41667 -0.33333  0.00000  )
# K1>K2>K3>K4>K5=K1 (k-index):  104  >  105  >  117  >  116  >  104
# K1 = ( -0.41667 -0.33333  0.00000  ), G1 = (n1,n2) = (0,0)
# K2 = ( -0.33333 -0.33333  0.00000  ), G2 = (n1,n2) = (0,0)
# K3 = ( -0.33333 -0.25000  0.00000  ), G3 = (n1,n2) = (0,0)
# K4 = ( -0.41667 -0.25000  0.00000  ), G4 = (n1,n2) = (0,0)
# K5 = ( -0.41667 -0.33333  0.00000  ), G5 = (n1,n2) = (0,0)
# 
#===>PI_S[det(S(K_s,K_s+1))] =  20899.62927579  +     -0.00062599 i
#__________________________________________________________ 
# Berry Curvature (A^2) : -Im[logPI_S(det(S(K_s,K_s+1)))]/dk^2
#      kx        ky        kz(A^-1)   Berry Curvature (A^2)
#  -0.536860  -0.172198   0.000000             0.000002
  
#* Closed loop for KPOINT  105 : ( -0.33333 -0.33333  0.00000  )
# K1>K2>K3>K4>K5=K1 (k-index):  105  >  106  >  118  >  117  >  105
# K1 = ( -0.33333 -0.33333  0.00000  ), G1 = (n1,n2) = (0,0)
# K2 = ( -0.25000 -0.33333  0.00000  ), G2 = (n1,n2) = (0,0)
# K3 = ( -0.25000 -0.25000  0.00000  ), G3 = (n1,n2) = (0,0)
# K4 = ( -0.33333 -0.25000  0.00000  ), G4 = (n1,n2) = (0,0)
# K5 = ( -0.33333 -0.33333  0.00000  ), G5 = (n1,n2) = (0,0)
# 
#===>PI_S[det(S(K_s,K_s+1))] =  15436.05059173  +      0.00004381 i
#__________________________________________________________ 
# Berry Curvature (A^2) : -Im[logPI_S(det(S(K_s,K_s+1)))]/dk^2
#      kx        ky        kz(A^-1)   Berry Curvature (A^2)
#  -0.417558  -0.241077   0.000000            -0.000000
  
#* Closed loop for KPOINT  106 : ( -0.25000 -0.33333  0.00000  )
# K1>K2>K3>K4>K5=K1 (k-index):  106  >  107  >  119  >  118  >  106
# K1 = ( -0.25000 -0.33333  0.00000  ), G1 = (n1,n2) = (0,0)
# K2 = ( -0.16667 -0.33333  0.00000  ), G2 = (n1,n2) = (0,0)
# K3 = ( -0.16667 -0.25000  0.00000  ), G3 = (n1,n2) = (0,0)
# K4 = ( -0.25000 -0.25000  0.00000  ), G4 = (n1,n2) = (0,0)
# K5 = ( -0.25000 -0.33333  0.00000  ), G5 = (n1,n2) = (0,0)
# 
#===>PI_S[det(S(K_s,K_s+1))] =  18313.40913922  +     -0.00006243 i
#__________________________________________________________ 
# Berry Curvature (A^2) : -Im[logPI_S(det(S(K_s,K_s+1)))]/dk^2
#      kx        ky        kz(A^-1)   Berry Curvature (A^2)
#  -0.298256  -0.309956   0.000000             0.000000
  
#* Closed loop for KPOINT  107 : ( -0.16667 -0.33333  0.00000  )
# K1>K2>K3>K4>K5=K1 (k-index):  107  >  108  >  120  >  119  >  107
# K1 = ( -0.16667 -0.33333  0.00000  ), G1 = (n1,n2) = (0,0)
# K2 = ( -0.08333 -0.33333  0.00000  ), G2 = (n1,n2) = (0,0)
# K3 = ( -0.08333 -0.25000  0.00000  ), G3 = (n1,n2) = (0,0)
# K4 = ( -0.16667 -0.25000  0.00000  ), G4 = (n1,n2) = (0,0)
# K5 = ( -0.16667 -0.33333  0.00000  ), G5 = (n1,n2) = (0,0)
# 
#===>PI_S[det(S(K_s,K_s+1))] =  24325.81456165  +     -0.00091167 i
#__________________________________________________________ 
# Berry Curvature (A^2) : -Im[logPI_S(det(S(K_s,K_s+1)))]/dk^2
#      kx        ky        kz(A^-1)   Berry Curvature (A^2)
#  -0.178953  -0.378836   0.000000             0.000002
  
#* Closed loop for KPOINT  108 : ( -0.08333 -0.33333  0.00000  )
# K1>K2>K3>K4>K5=K1 (k-index):  108  >   97  >  109  >  120  >  108
# K1 = ( -0.08333 -0.33333  0.00000  ), G1 = (n1,n2) = (0,0)
# K2 = (  0.00000 -0.33333  0.00000  ), G2 = (n1,n2) = (0,0)
# K3 = (  0.00000 -0.25000  0.00000  ), G3 = (n1,n2) = (0,0)
# K4 = ( -0.08333 -0.25000  0.00000  ), G4 = (n1,n2) = (0,0)
# K5 = ( -0.08333 -0.33333  0.00000  ), G5 = (n1,n2) = (0,0)
# 
#===>PI_S[det(S(K_s,K_s+1))] =  19315.86850037  +     -0.00022565 i
#__________________________________________________________ 
# Berry Curvature (A^2) : -Im[logPI_S(det(S(K_s,K_s+1)))]/dk^2
#      kx        ky        kz(A^-1)   Berry Curvature (A^2)
#  -0.059651  -0.447715   0.000000             0.000001
  
#* Closed loop for KPOINT  109 : (  0.00000 -0.25000  0.00000  )
# K1>K2>K3>K4>K5=K1 (k-index):  109  >  110  >  122  >  121  >  109
# K1 = (  0.00000 -0.25000  0.00000  ), G1 = (n1,n2) = (0,0)
# K2 = (  0.08333 -0.25000  0.00000  ), G2 = (n1,n2) = (0,0)
# K3 = (  0.08333 -0.16667  0.00000  ), G3 = (n1,n2) = (0,0)
# K4 = (  0.00000 -0.16667  0.00000  ), G4 = (n1,n2) = (0,0)
# K5 = (  0.00000 -0.25000  0.00000  ), G5 = (n1,n2) = (0,0)
# 
#===>PI_S[det(S(K_s,K_s+1))] =  18581.22371784  +     -0.00122829 i
#__________________________________________________________ 
# Berry Curvature (A^2) : -Im[logPI_S(det(S(K_s,K_s+1)))]/dk^2
#      kx        ky        kz(A^-1)   Berry Curvature (A^2)
#   0.059651  -0.378836   0.000000             0.000004
  
#* Closed loop for KPOINT  110 : (  0.08333 -0.25000  0.00000  )
# K1>K2>K3>K4>K5=K1 (k-index):  110  >  111  >  123  >  122  >  110
# K1 = (  0.08333 -0.25000  0.00000  ), G1 = (n1,n2) = (0,0)
# K2 = (  0.16667 -0.25000  0.00000  ), G2 = (n1,n2) = (0,0)
# K3 = (  0.16667 -0.16667  0.00000  ), G3 = (n1,n2) = (0,0)
# K4 = (  0.08333 -0.16667  0.00000  ), G4 = (n1,n2) = (0,0)
# K5 = (  0.08333 -0.25000  0.00000  ), G5 = (n1,n2) = (0,0)
# 
#===>PI_S[det(S(K_s,K_s+1))] =  26649.12159542  +      0.00069268 i
#__________________________________________________________ 
# Berry Curvature (A^2) : -Im[logPI_S(det(S(K_s,K_s+1)))]/dk^2
#      kx        ky        kz(A^-1)   Berry Curvature (A^2)
#   0.178953  -0.447715   0.000000            -0.000002
  
#* Closed loop for KPOINT  111 : (  0.16667 -0.25000  0.00000  )
# K1>K2>K3>K4>K5=K1 (k-index):  111  >  112  >  124  >  123  >  111
# K1 = (  0.16667 -0.25000  0.00000  ), G1 = (n1,n2) = (0,0)
# K2 = (  0.25000 -0.25000  0.00000  ), G2 = (n1,n2) = (0,0)
# K3 = (  0.25000 -0.16667  0.00000  ), G3 = (n1,n2) = (0,0)
# K4 = (  0.16667 -0.16667  0.00000  ), G4 = (n1,n2) = (0,0)
# K5 = (  0.16667 -0.25000  0.00000  ), G5 = (n1,n2) = (0,0)
# 
#===>PI_S[det(S(K_s,K_s+1))] =  28005.01056986  +      0.00013913 i
#__________________________________________________________ 
# Berry Curvature (A^2) : -Im[logPI_S(det(S(K_s,K_s+1)))]/dk^2
#      kx        ky        kz(A^-1)   Berry Curvature (A^2)
#   0.298256  -0.516594   0.000000            -0.000000
  
#* Closed loop for KPOINT  112 : (  0.25000 -0.25000  0.00000  )
# K1>K2>K3>K4>K5=K1 (k-index):  112  >  113  >  125  >  124  >  112
# K1 = (  0.25000 -0.25000  0.00000  ), G1 = (n1,n2) = (0,0)
# K2 = (  0.33333 -0.25000  0.00000  ), G2 = (n1,n2) = (0,0)
# K3 = (  0.33333 -0.16667  0.00000  ), G3 = (n1,n2) = (0,0)
# K4 = (  0.25000 -0.16667  0.00000  ), G4 = (n1,n2) = (0,0)
# K5 = (  0.25000 -0.25000  0.00000  ), G5 = (n1,n2) = (0,0)
# 
#===>PI_S[det(S(K_s,K_s+1))] =  28524.08414172  +     -0.00177893 i
#__________________________________________________________ 
# Berry Curvature (A^2) : -Im[logPI_S(det(S(K_s,K_s+1)))]/dk^2
#      kx        ky        kz(A^-1)   Berry Curvature (A^2)
#   0.417558  -0.585473   0.000000             0.000004
  
#* Closed loop for KPOINT  113 : (  0.33333 -0.25000  0.00000  )
# K1>K2>K3>K4>K5=K1 (k-index):  113  >  114  >  126  >  125  >  113
# K1 = (  0.33333 -0.25000  0.00000  ), G1 = (n1,n2) = (0,0)
# K2 = (  0.41667 -0.25000  0.00000  ), G2 = (n1,n2) = (0,0)
# K3 = (  0.41667 -0.16667  0.00000  ), G3 = (n1,n2) = (0,0)
# K4 = (  0.33333 -0.16667  0.00000  ), G4 = (n1,n2) = (0,0)
# K5 = (  0.33333 -0.25000  0.00000  ), G5 = (n1,n2) = (0,0)
# 
#===>PI_S[det(S(K_s,K_s+1))] =  28403.34650803  +     -0.00054255 i
#__________________________________________________________ 
# Berry Curvature (A^2) : -Im[logPI_S(det(S(K_s,K_s+1)))]/dk^2
#      kx        ky        kz(A^-1)   Berry Curvature (A^2)
#   0.536860  -0.654352   0.000000             0.000001
  
#* Closed loop for KPOINT  114 : (  0.41667 -0.25000  0.00000  )
# K1>K2>K3>K4>K5=K1 (k-index):  114  >  115  >  127  >  126  >  114
# K1 = (  0.41667 -0.25000  0.00000  ), G1 = (n1,n2) = (0,0)
# K2 = (  0.50000 -0.25000  0.00000  ), G2 = (n1,n2) = (0,0)
# K3 = (  0.50000 -0.16667  0.00000  ), G3 = (n1,n2) = (0,0)
# K4 = (  0.41667 -0.16667  0.00000  ), G4 = (n1,n2) = (0,0)
# K5 = (  0.41667 -0.25000  0.00000  ), G5 = (n1,n2) = (0,0)
# 
#===>PI_S[det(S(K_s,K_s+1))] =  27806.85715469  +      0.00007213 i
#__________________________________________________________ 
# Berry Curvature (A^2) : -Im[logPI_S(det(S(K_s,K_s+1)))]/dk^2
#      kx        ky        kz(A^-1)   Berry Curvature (A^2)
#   0.656162  -0.723232   0.000000            -0.000000
  
#* Closed loop for KPOINT  115 : (  0.50000 -0.25000  0.00000  )
# K1>K2>K3>K4>K5=K1 (k-index):  115  >  116  >  128  >  127  >  115
# K1 = (  0.50000 -0.25000  0.00000  ), G1 = (n1,n2) = (0,0)
# K2 = (  0.58333 -0.25000  0.00000  ), G2 = (n1,n2) = (1,0)
# K3 = (  0.58333 -0.16667  0.00000  ), G3 = (n1,n2) = (1,0)
# K4 = (  0.50000 -0.16667  0.00000  ), G4 = (n1,n2) = (0,0)
# K5 = (  0.50000 -0.25000  0.00000  ), G5 = (n1,n2) = (0,0)
# 
#===>PI_S[det(S(K_s,K_s+1))] =  27136.96296938  +     -0.00061334 i
#__________________________________________________________ 
# Berry Curvature (A^2) : -Im[logPI_S(det(S(K_s,K_s+1)))]/dk^2
#      kx        ky        kz(A^-1)   Berry Curvature (A^2)
#   0.775465  -0.792111   0.000000             0.000001
  
#* Closed loop for KPOINT  116 : ( -0.41667 -0.25000  0.00000  )
# K1>K2>K3>K4>K5=K1 (k-index):  116  >  117  >  129  >  128  >  116
# K1 = ( -0.41667 -0.25000  0.00000  ), G1 = (n1,n2) = (0,0)
# K2 = ( -0.33333 -0.25000  0.00000  ), G2 = (n1,n2) = (0,0)
# K3 = ( -0.33333 -0.16667  0.00000  ), G3 = (n1,n2) = (0,0)
# K4 = ( -0.41667 -0.16667  0.00000  ), G4 = (n1,n2) = (0,0)
# K5 = ( -0.41667 -0.25000  0.00000  ), G5 = (n1,n2) = (0,0)
# 
#===>PI_S[det(S(K_s,K_s+1))] =  25891.72782683  +      0.00016375 i
#__________________________________________________________ 
# Berry Curvature (A^2) : -Im[logPI_S(det(S(K_s,K_s+1)))]/dk^2
#      kx        ky        kz(A^-1)   Berry Curvature (A^2)
#  -0.536860  -0.034440   0.000000            -0.000000
  
#* Closed loop for KPOINT  117 : ( -0.33333 -0.25000  0.00000  )
# K1>K2>K3>K4>K5=K1 (k-index):  117  >  118  >  130  >  129  >  117
# K1 = ( -0.33333 -0.25000  0.00000  ), G1 = (n1,n2) = (0,0)
# K2 = ( -0.25000 -0.25000  0.00000  ), G2 = (n1,n2) = (0,0)
# K3 = ( -0.25000 -0.16667  0.00000  ), G3 = (n1,n2) = (0,0)
# K4 = ( -0.33333 -0.16667  0.00000  ), G4 = (n1,n2) = (0,0)
# K5 = ( -0.33333 -0.25000  0.00000  ), G5 = (n1,n2) = (0,0)
# 
#===>PI_S[det(S(K_s,K_s+1))] =  18313.23924140  +      0.00117706 i
#__________________________________________________________ 
# Berry Curvature (A^2) : -Im[logPI_S(det(S(K_s,K_s+1)))]/dk^2
#      kx        ky        kz(A^-1)   Berry Curvature (A^2)
#  -0.417558  -0.103319   0.000000            -0.000004
  
#* Closed loop for KPOINT  118 : ( -0.25000 -0.25000  0.00000  )
# K1>K2>K3>K4>K5=K1 (k-index):  118  >  119  >  131  >  130  >  118
# K1 = ( -0.25000 -0.25000  0.00000  ), G1 = (n1,n2) = (0,0)
# K2 = ( -0.16667 -0.25000  0.00000  ), G2 = (n1,n2) = (0,0)
# K3 = ( -0.16667 -0.16667  0.00000  ), G3 = (n1,n2) = (0,0)
# K4 = ( -0.25000 -0.16667  0.00000  ), G4 = (n1,n2) = (0,0)
# K5 = ( -0.25000 -0.25000  0.00000  ), G5 = (n1,n2) = (0,0)
# 
#===>PI_S[det(S(K_s,K_s+1))] =  11924.30897909  +      0.00086997 i
#__________________________________________________________ 
# Berry Curvature (A^2) : -Im[logPI_S(det(S(K_s,K_s+1)))]/dk^2
#      kx        ky        kz(A^-1)   Berry Curvature (A^2)
#  -0.298256  -0.172198   0.000000            -0.000004
  
#* Closed loop for KPOINT  119 : ( -0.16667 -0.25000  0.00000  )
# K1>K2>K3>K4>K5=K1 (k-index):  119  >  120  >  132  >  131  >  119
# K1 = ( -0.16667 -0.25000  0.00000  ), G1 = (n1,n2) = (0,0)
# K2 = ( -0.08333 -0.25000  0.00000  ), G2 = (n1,n2) = (0,0)
# K3 = ( -0.08333 -0.16667  0.00000  ), G3 = (n1,n2) = (0,0)
# K4 = ( -0.16667 -0.16667  0.00000  ), G4 = (n1,n2) = (0,0)
# K5 = ( -0.16667 -0.25000  0.00000  ), G5 = (n1,n2) = (0,0)
# 
#===>PI_S[det(S(K_s,K_s+1))] =  15681.83397197  +     -0.00040785 i
#__________________________________________________________ 
# Berry Curvature (A^2) : -Im[logPI_S(det(S(K_s,K_s+1)))]/dk^2
#      kx        ky        kz(A^-1)   Berry Curvature (A^2)
#  -0.178953  -0.241077   0.000000             0.000002
  
#* Closed loop for KPOINT  120 : ( -0.08333 -0.25000  0.00000  )
# K1>K2>K3>K4>K5=K1 (k-index):  120  >  109  >  121  >  132  >  120
# K1 = ( -0.08333 -0.25000  0.00000  ), G1 = (n1,n2) = (0,0)
# K2 = (  0.00000 -0.25000  0.00000  ), G2 = (n1,n2) = (0,0)
# K3 = (  0.00000 -0.16667  0.00000  ), G3 = (n1,n2) = (0,0)
# K4 = ( -0.08333 -0.16667  0.00000  ), G4 = (n1,n2) = (0,0)
# K5 = ( -0.08333 -0.25000  0.00000  ), G5 = (n1,n2) = (0,0)
# 
#===>PI_S[det(S(K_s,K_s+1))] =  16133.60627866  +     -0.00164420 i
#__________________________________________________________ 
# Berry Curvature (A^2) : -Im[logPI_S(det(S(K_s,K_s+1)))]/dk^2
#      kx        ky        kz(A^-1)   Berry Curvature (A^2)
#  -0.059651  -0.309956   0.000000             0.000006
  
#* Closed loop for KPOINT  121 : (  0.00000 -0.16667  0.00000  )
# K1>K2>K3>K4>K5=K1 (k-index):  121  >  122  >  134  >  133  >  121
# K1 = (  0.00000 -0.16667  0.00000  ), G1 = (n1,n2) = (0,0)
# K2 = (  0.08333 -0.16667  0.00000  ), G2 = (n1,n2) = (0,0)
# K3 = (  0.08333 -0.08333  0.00000  ), G3 = (n1,n2) = (0,0)
# K4 = (  0.00000 -0.08333  0.00000  ), G4 = (n1,n2) = (0,0)
# K5 = (  0.00000 -0.16667  0.00000  ), G5 = (n1,n2) = (0,0)
# 
#===>PI_S[det(S(K_s,K_s+1))] =  15493.56793169  +     -0.00249222 i
#__________________________________________________________ 
# Berry Curvature (A^2) : -Im[logPI_S(det(S(K_s,K_s+1)))]/dk^2
#      kx        ky        kz(A^-1)   Berry Curvature (A^2)
#   0.059651  -0.241077   0.000000             0.000010
  
#* Closed loop for KPOINT  122 : (  0.08333 -0.16667  0.00000  )
# K1>K2>K3>K4>K5=K1 (k-index):  122  >  123  >  135  >  134  >  122
# K1 = (  0.08333 -0.16667  0.00000  ), G1 = (n1,n2) = (0,0)
# K2 = (  0.16667 -0.16667  0.00000  ), G2 = (n1,n2) = (0,0)
# K3 = (  0.16667 -0.08333  0.00000  ), G3 = (n1,n2) = (0,0)
# K4 = (  0.08333 -0.08333  0.00000  ), G4 = (n1,n2) = (0,0)
# K5 = (  0.08333 -0.16667  0.00000  ), G5 = (n1,n2) = (0,0)
# 
#===>PI_S[det(S(K_s,K_s+1))] =  24724.09326304  +      0.00030305 i
#__________________________________________________________ 
# Berry Curvature (A^2) : -Im[logPI_S(det(S(K_s,K_s+1)))]/dk^2
#      kx        ky        kz(A^-1)   Berry Curvature (A^2)
#   0.178953  -0.309956   0.000000            -0.000001
  
#* Closed loop for KPOINT  123 : (  0.16667 -0.16667  0.00000  )
# K1>K2>K3>K4>K5=K1 (k-index):  123  >  124  >  136  >  135  >  123
# K1 = (  0.16667 -0.16667  0.00000  ), G1 = (n1,n2) = (0,0)
# K2 = (  0.25000 -0.16667  0.00000  ), G2 = (n1,n2) = (0,0)
# K3 = (  0.25000 -0.08333  0.00000  ), G3 = (n1,n2) = (0,0)
# K4 = (  0.16667 -0.08333  0.00000  ), G4 = (n1,n2) = (0,0)
# K5 = (  0.16667 -0.16667  0.00000  ), G5 = (n1,n2) = (0,0)
# 
#===>PI_S[det(S(K_s,K_s+1))] =  26648.84099746  +     -0.00088722 i
#__________________________________________________________ 
# Berry Curvature (A^2) : -Im[logPI_S(det(S(K_s,K_s+1)))]/dk^2
#      kx        ky        kz(A^-1)   Berry Curvature (A^2)
#   0.298256  -0.378836   0.000000             0.000002
  
#* Closed loop for KPOINT  124 : (  0.25000 -0.16667  0.00000  )
# K1>K2>K3>K4>K5=K1 (k-index):  124  >  125  >  137  >  136  >  124
# K1 = (  0.25000 -0.16667  0.00000  ), G1 = (n1,n2) = (0,0)
# K2 = (  0.33333 -0.16667  0.00000  ), G2 = (n1,n2) = (0,0)
# K3 = (  0.33333 -0.08333  0.00000  ), G3 = (n1,n2) = (0,0)
# K4 = (  0.25000 -0.08333  0.00000  ), G4 = (n1,n2) = (0,0)
# K5 = (  0.25000 -0.16667  0.00000  ), G5 = (n1,n2) = (0,0)
# 
#===>PI_S[det(S(K_s,K_s+1))] =  28114.01299152  +     -0.00022512 i
#__________________________________________________________ 
# Berry Curvature (A^2) : -Im[logPI_S(det(S(K_s,K_s+1)))]/dk^2
#      kx        ky        kz(A^-1)   Berry Curvature (A^2)
#   0.417558  -0.447715   0.000000             0.000000
  
#* Closed loop for KPOINT  125 : (  0.33333 -0.16667  0.00000  )
# K1>K2>K3>K4>K5=K1 (k-index):  125  >  126  >  138  >  137  >  125
# K1 = (  0.33333 -0.16667  0.00000  ), G1 = (n1,n2) = (0,0)
# K2 = (  0.41667 -0.16667  0.00000  ), G2 = (n1,n2) = (0,0)
# K3 = (  0.41667 -0.08333  0.00000  ), G3 = (n1,n2) = (0,0)
# K4 = (  0.33333 -0.08333  0.00000  ), G4 = (n1,n2) = (0,0)
# K5 = (  0.33333 -0.16667  0.00000  ), G5 = (n1,n2) = (0,0)
# 
#===>PI_S[det(S(K_s,K_s+1))] =  28614.44007304  +      0.00028564 i
#__________________________________________________________ 
# Berry Curvature (A^2) : -Im[logPI_S(det(S(K_s,K_s+1)))]/dk^2
#      kx        ky        kz(A^-1)   Berry Curvature (A^2)
#   0.536860  -0.516594   0.000000            -0.000001
  
#* Closed loop for KPOINT  126 : (  0.41667 -0.16667  0.00000  )
# K1>K2>K3>K4>K5=K1 (k-index):  126  >  127  >  139  >  138  >  126
# K1 = (  0.41667 -0.16667  0.00000  ), G1 = (n1,n2) = (0,0)
# K2 = (  0.50000 -0.16667  0.00000  ), G2 = (n1,n2) = (0,0)
# K3 = (  0.50000 -0.08333  0.00000  ), G3 = (n1,n2) = (0,0)
# K4 = (  0.41667 -0.08333  0.00000  ), G4 = (n1,n2) = (0,0)
# K5 = (  0.41667 -0.16667  0.00000  ), G5 = (n1,n2) = (0,0)
# 
#===>PI_S[det(S(K_s,K_s+1))] =  28269.53962448  +      0.00019081 i
#__________________________________________________________ 
# Berry Curvature (A^2) : -Im[logPI_S(det(S(K_s,K_s+1)))]/dk^2
#      kx        ky        kz(A^-1)   Berry Curvature (A^2)
#   0.656162  -0.585473   0.000000            -0.000000
  
#* Closed loop for KPOINT  127 : (  0.50000 -0.16667  0.00000  )
# K1>K2>K3>K4>K5=K1 (k-index):  127  >  128  >  140  >  139  >  127
# K1 = (  0.50000 -0.16667  0.00000  ), G1 = (n1,n2) = (0,0)
# K2 = (  0.58333 -0.16667  0.00000  ), G2 = (n1,n2) = (1,0)
# K3 = (  0.58333 -0.08333  0.00000  ), G3 = (n1,n2) = (1,0)
# K4 = (  0.50000 -0.08333  0.00000  ), G4 = (n1,n2) = (0,0)
# K5 = (  0.50000 -0.16667  0.00000  ), G5 = (n1,n2) = (0,0)
# 
#===>PI_S[det(S(K_s,K_s+1))] =  27395.78938026  +      0.00115061 i
#__________________________________________________________ 
# Berry Curvature (A^2) : -Im[logPI_S(det(S(K_s,K_s+1)))]/dk^2
#      kx        ky        kz(A^-1)   Berry Curvature (A^2)
#   0.775465  -0.654352   0.000000            -0.000003
  
#* Closed loop for KPOINT  128 : ( -0.41667 -0.16667  0.00000  )
# K1>K2>K3>K4>K5=K1 (k-index):  128  >  129  >  141  >  140  >  128
# K1 = ( -0.41667 -0.16667  0.00000  ), G1 = (n1,n2) = (0,0)
# K2 = ( -0.33333 -0.16667  0.00000  ), G2 = (n1,n2) = (0,0)
# K3 = ( -0.33333 -0.08333  0.00000  ), G3 = (n1,n2) = (0,0)
# K4 = ( -0.41667 -0.08333  0.00000  ), G4 = (n1,n2) = (0,0)
# K5 = ( -0.41667 -0.16667  0.00000  ), G5 = (n1,n2) = (0,0)
# 
#===>PI_S[det(S(K_s,K_s+1))] =  26102.93532427  +     -0.00016180 i
#__________________________________________________________ 
# Berry Curvature (A^2) : -Im[logPI_S(det(S(K_s,K_s+1)))]/dk^2
#      kx        ky        kz(A^-1)   Berry Curvature (A^2)
#  -0.536860   0.103319   0.000000             0.000000
  
#* Closed loop for KPOINT  129 : ( -0.33333 -0.16667  0.00000  )
# K1>K2>K3>K4>K5=K1 (k-index):  129  >  130  >  142  >  141  >  129
# K1 = ( -0.33333 -0.16667  0.00000  ), G1 = (n1,n2) = (0,0)
# K2 = ( -0.25000 -0.16667  0.00000  ), G2 = (n1,n2) = (0,0)
# K3 = ( -0.25000 -0.08333  0.00000  ), G3 = (n1,n2) = (0,0)
# K4 = ( -0.33333 -0.08333  0.00000  ), G4 = (n1,n2) = (0,0)
# K5 = ( -0.33333 -0.16667  0.00000  ), G5 = (n1,n2) = (0,0)
# 
#===>PI_S[det(S(K_s,K_s+1))] =  24325.34444712  +      0.00080218 i
#__________________________________________________________ 
# Berry Curvature (A^2) : -Im[logPI_S(det(S(K_s,K_s+1)))]/dk^2
#      kx        ky        kz(A^-1)   Berry Curvature (A^2)
#  -0.417558   0.034440   0.000000            -0.000002
  
#* Closed loop for KPOINT  130 : ( -0.25000 -0.16667  0.00000  )
# K1>K2>K3>K4>K5=K1 (k-index):  130  >  131  >  143  >  142  >  130
# K1 = ( -0.25000 -0.16667  0.00000  ), G1 = (n1,n2) = (0,0)
# K2 = ( -0.16667 -0.16667  0.00000  ), G2 = (n1,n2) = (0,0)
# K3 = ( -0.16667 -0.08333  0.00000  ), G3 = (n1,n2) = (0,0)
# K4 = ( -0.25000 -0.08333  0.00000  ), G4 = (n1,n2) = (0,0)
# K5 = ( -0.25000 -0.16667  0.00000  ), G5 = (n1,n2) = (0,0)
# 
#===>PI_S[det(S(K_s,K_s+1))] =  15681.63413786  +      0.00029308 i
#__________________________________________________________ 
# Berry Curvature (A^2) : -Im[logPI_S(det(S(K_s,K_s+1)))]/dk^2
#      kx        ky        kz(A^-1)   Berry Curvature (A^2)
#  -0.298256  -0.034440   0.000000            -0.000001
  
#* Closed loop for KPOINT  131 : ( -0.16667 -0.16667  0.00000  )
# K1>K2>K3>K4>K5=K1 (k-index):  131  >  132  >  144  >  143  >  131
# K1 = ( -0.16667 -0.16667  0.00000  ), G1 = (n1,n2) = (0,0)
# K2 = ( -0.08333 -0.16667  0.00000  ), G2 = (n1,n2) = (0,0)
# K3 = ( -0.08333 -0.08333  0.00000  ), G3 = (n1,n2) = (0,0)
# K4 = ( -0.16667 -0.08333  0.00000  ), G4 = (n1,n2) = (0,0)
# K5 = ( -0.16667 -0.16667  0.00000  ), G5 = (n1,n2) = (0,0)
# 
#===>PI_S[det(S(K_s,K_s+1))] =   9481.96838383  +      0.00076797 i
#__________________________________________________________ 
# Berry Curvature (A^2) : -Im[logPI_S(det(S(K_s,K_s+1)))]/dk^2
#      kx        ky        kz(A^-1)   Berry Curvature (A^2)
#  -0.178953  -0.103319   0.000000            -0.000005
  
#* Closed loop for KPOINT  132 : ( -0.08333 -0.16667  0.00000  )
# K1>K2>K3>K4>K5=K1 (k-index):  132  >  121  >  133  >  144  >  132
# K1 = ( -0.08333 -0.16667  0.00000  ), G1 = (n1,n2) = (0,0)
# K2 = (  0.00000 -0.16667  0.00000  ), G2 = (n1,n2) = (0,0)
# K3 = (  0.00000 -0.08333  0.00000  ), G3 = (n1,n2) = (0,0)
# K4 = ( -0.08333 -0.08333  0.00000  ), G4 = (n1,n2) = (0,0)
# K5 = ( -0.08333 -0.16667  0.00000  ), G5 = (n1,n2) = (0,0)
# 
#===>PI_S[det(S(K_s,K_s+1))] =   8212.30498551  +     -0.00081298 i
#__________________________________________________________ 
# Berry Curvature (A^2) : -Im[logPI_S(det(S(K_s,K_s+1)))]/dk^2
#      kx        ky        kz(A^-1)   Berry Curvature (A^2)
#  -0.059651  -0.172198   0.000000             0.000006
  
#* Closed loop for KPOINT  133 : (  0.00000 -0.08333  0.00000  )
# K1>K2>K3>K4>K5=K1 (k-index):  133  >  134  >    2  >    1  >  133
# K1 = (  0.00000 -0.08333  0.00000  ), G1 = (n1,n2) = (0,0)
# K2 = (  0.08333 -0.08333  0.00000  ), G2 = (n1,n2) = (0,0)
# K3 = (  0.08333  0.00000  0.00000  ), G3 = (n1,n2) = (0,0)
# K4 = (  0.00000  0.00000  0.00000  ), G4 = (n1,n2) = (0,0)
# K5 = (  0.00000 -0.08333  0.00000  ), G5 = (n1,n2) = (0,0)
# 
#===>PI_S[det(S(K_s,K_s+1))] =   4417.23564846  +     -0.00153655 i
#__________________________________________________________ 
# Berry Curvature (A^2) : -Im[logPI_S(det(S(K_s,K_s+1)))]/dk^2
#      kx        ky        kz(A^-1)   Berry Curvature (A^2)
#   0.059651  -0.103319   0.000000             0.000021
  
#* Closed loop for KPOINT  134 : (  0.08333 -0.08333  0.00000  )
# K1>K2>K3>K4>K5=K1 (k-index):  134  >  135  >    3  >    2  >  134
# K1 = (  0.08333 -0.08333  0.00000  ), G1 = (n1,n2) = (0,0)
# K2 = (  0.16667 -0.08333  0.00000  ), G2 = (n1,n2) = (0,0)
# K3 = (  0.16667  0.00000  0.00000  ), G3 = (n1,n2) = (0,0)
# K4 = (  0.08333  0.00000  0.00000  ), G4 = (n1,n2) = (0,0)
# K5 = (  0.08333 -0.08333  0.00000  ), G5 = (n1,n2) = (0,0)
# 
#===>PI_S[det(S(K_s,K_s+1))] =  15493.84492850  +     -0.00164228 i
#__________________________________________________________ 
# Berry Curvature (A^2) : -Im[logPI_S(det(S(K_s,K_s+1)))]/dk^2
#      kx        ky        kz(A^-1)   Berry Curvature (A^2)
#   0.178953  -0.172198   0.000000             0.000006
  
#* Closed loop for KPOINT  135 : (  0.16667 -0.08333  0.00000  )
# K1>K2>K3>K4>K5=K1 (k-index):  135  >  136  >    4  >    3  >  135
# K1 = (  0.16667 -0.08333  0.00000  ), G1 = (n1,n2) = (0,0)
# K2 = (  0.25000 -0.08333  0.00000  ), G2 = (n1,n2) = (0,0)
# K3 = (  0.25000  0.00000  0.00000  ), G3 = (n1,n2) = (0,0)
# K4 = (  0.16667  0.00000  0.00000  ), G4 = (n1,n2) = (0,0)
# K5 = (  0.16667 -0.08333  0.00000  ), G5 = (n1,n2) = (0,0)
# 
#===>PI_S[det(S(K_s,K_s+1))] =  18581.31931182  +     -0.00204372 i
#__________________________________________________________ 
# Berry Curvature (A^2) : -Im[logPI_S(det(S(K_s,K_s+1)))]/dk^2
#      kx        ky        kz(A^-1)   Berry Curvature (A^2)
#   0.298256  -0.241077   0.000000             0.000007
  
#* Closed loop for KPOINT  136 : (  0.25000 -0.08333  0.00000  )
# K1>K2>K3>K4>K5=K1 (k-index):  136  >  137  >    5  >    4  >  136
# K1 = (  0.25000 -0.08333  0.00000  ), G1 = (n1,n2) = (0,0)
# K2 = (  0.33333 -0.08333  0.00000  ), G2 = (n1,n2) = (0,0)
# K3 = (  0.33333  0.00000  0.00000  ), G3 = (n1,n2) = (0,0)
# K4 = (  0.25000  0.00000  0.00000  ), G4 = (n1,n2) = (0,0)
# K5 = (  0.25000 -0.08333  0.00000  ), G5 = (n1,n2) = (0,0)
# 
#===>PI_S[det(S(K_s,K_s+1))] =  22342.94026824  +      0.00066600 i
#__________________________________________________________ 
# Berry Curvature (A^2) : -Im[logPI_S(det(S(K_s,K_s+1)))]/dk^2
#      kx        ky        kz(A^-1)   Berry Curvature (A^2)
#   0.417558  -0.309956   0.000000            -0.000002
  
#* Closed loop for KPOINT  137 : (  0.33333 -0.08333  0.00000  )
# K1>K2>K3>K4>K5=K1 (k-index):  137  >  138  >    6  >    5  >  137
# K1 = (  0.33333 -0.08333  0.00000  ), G1 = (n1,n2) = (0,0)
# K2 = (  0.41667 -0.08333  0.00000  ), G2 = (n1,n2) = (0,0)
# K3 = (  0.41667  0.00000  0.00000  ), G3 = (n1,n2) = (0,0)
# K4 = (  0.33333  0.00000  0.00000  ), G4 = (n1,n2) = (0,0)
# K5 = (  0.33333 -0.08333  0.00000  ), G5 = (n1,n2) = (0,0)
# 
#===>PI_S[det(S(K_s,K_s+1))] =  24956.42340152  +      0.00104957 i
#__________________________________________________________ 
# Berry Curvature (A^2) : -Im[logPI_S(det(S(K_s,K_s+1)))]/dk^2
#      kx        ky        kz(A^-1)   Berry Curvature (A^2)
#   0.536860  -0.378836   0.000000            -0.000003
  
#* Closed loop for KPOINT  138 : (  0.41667 -0.08333  0.00000  )
# K1>K2>K3>K4>K5=K1 (k-index):  138  >  139  >    7  >    6  >  138
# K1 = (  0.41667 -0.08333  0.00000  ), G1 = (n1,n2) = (0,0)
# K2 = (  0.50000 -0.08333  0.00000  ), G2 = (n1,n2) = (0,0)
# K3 = (  0.50000  0.00000  0.00000  ), G3 = (n1,n2) = (0,0)
# K4 = (  0.41667  0.00000  0.00000  ), G4 = (n1,n2) = (0,0)
# K5 = (  0.41667 -0.08333  0.00000  ), G5 = (n1,n2) = (0,0)
# 
#===>PI_S[det(S(K_s,K_s+1))] =  25471.33163546  +     -0.00066207 i
#__________________________________________________________ 
# Berry Curvature (A^2) : -Im[logPI_S(det(S(K_s,K_s+1)))]/dk^2
#      kx        ky        kz(A^-1)   Berry Curvature (A^2)
#   0.656162  -0.447715   0.000000             0.000002
  
#* Closed loop for KPOINT  139 : (  0.50000 -0.08333  0.00000  )
# K1>K2>K3>K4>K5=K1 (k-index):  139  >  140  >    8  >    7  >  139
# K1 = (  0.50000 -0.08333  0.00000  ), G1 = (n1,n2) = (0,0)
# K2 = (  0.58333 -0.08333  0.00000  ), G2 = (n1,n2) = (1,0)
# K3 = (  0.58333  0.00000  0.00000  ), G3 = (n1,n2) = (1,0)
# K4 = (  0.50000  0.00000  0.00000  ), G4 = (n1,n2) = (0,0)
# K5 = (  0.50000 -0.08333  0.00000  ), G5 = (n1,n2) = (0,0)
# 
#===>PI_S[det(S(K_s,K_s+1))] =  24919.38455305  +      0.00105960 i
#__________________________________________________________ 
# Berry Curvature (A^2) : -Im[logPI_S(det(S(K_s,K_s+1)))]/dk^2
#      kx        ky        kz(A^-1)   Berry Curvature (A^2)
#   0.775465  -0.516594   0.000000            -0.000003
  
#* Closed loop for KPOINT  140 : ( -0.41667 -0.08333  0.00000  )
# K1>K2>K3>K4>K5=K1 (k-index):  140  >  141  >    9  >    8  >  140
# K1 = ( -0.41667 -0.08333  0.00000  ), G1 = (n1,n2) = (0,0)
# K2 = ( -0.33333 -0.08333  0.00000  ), G2 = (n1,n2) = (0,0)
# K3 = ( -0.33333  0.00000  0.00000  ), G3 = (n1,n2) = (0,0)
# K4 = ( -0.41667  0.00000  0.00000  ), G4 = (n1,n2) = (0,0)
# K5 = ( -0.41667 -0.08333  0.00000  ), G5 = (n1,n2) = (0,0)
# 
#===>PI_S[det(S(K_s,K_s+1))] =  22846.15252758  +     -0.00096342 i
#__________________________________________________________ 
# Berry Curvature (A^2) : -Im[logPI_S(det(S(K_s,K_s+1)))]/dk^2
#      kx        ky        kz(A^-1)   Berry Curvature (A^2)
#  -0.536860   0.241077   0.000000             0.000003
  
#* Closed loop for KPOINT  141 : ( -0.33333 -0.08333  0.00000  )
# K1>K2>K3>K4>K5=K1 (k-index):  141  >  142  >   10  >    9  >  141
# K1 = ( -0.33333 -0.08333  0.00000  ), G1 = (n1,n2) = (0,0)
# K2 = ( -0.25000 -0.08333  0.00000  ), G2 = (n1,n2) = (0,0)
# K3 = ( -0.25000  0.00000  0.00000  ), G3 = (n1,n2) = (0,0)
# K4 = ( -0.33333  0.00000  0.00000  ), G4 = (n1,n2) = (0,0)
# K5 = ( -0.33333 -0.08333  0.00000  ), G5 = (n1,n2) = (0,0)
# 
#===>PI_S[det(S(K_s,K_s+1))] =  19316.00439646  +     -0.00047731 i
#__________________________________________________________ 
# Berry Curvature (A^2) : -Im[logPI_S(det(S(K_s,K_s+1)))]/dk^2
#      kx        ky        kz(A^-1)   Berry Curvature (A^2)
#  -0.417558   0.172198   0.000000             0.000002
  
#* Closed loop for KPOINT  142 : ( -0.25000 -0.08333  0.00000  )
# K1>K2>K3>K4>K5=K1 (k-index):  142  >  143  >   11  >   10  >  142
# K1 = ( -0.25000 -0.08333  0.00000  ), G1 = (n1,n2) = (0,0)
# K2 = ( -0.16667 -0.08333  0.00000  ), G2 = (n1,n2) = (0,0)
# K3 = ( -0.16667  0.00000  0.00000  ), G3 = (n1,n2) = (0,0)
# K4 = ( -0.25000  0.00000  0.00000  ), G4 = (n1,n2) = (0,0)
# K5 = ( -0.25000 -0.08333  0.00000  ), G5 = (n1,n2) = (0,0)
# 
#===>PI_S[det(S(K_s,K_s+1))] =  16133.54260831  +     -0.00092413 i
#__________________________________________________________ 
# Berry Curvature (A^2) : -Im[logPI_S(det(S(K_s,K_s+1)))]/dk^2
#      kx        ky        kz(A^-1)   Berry Curvature (A^2)
#  -0.298256   0.103319   0.000000             0.000003
  
#* Closed loop for KPOINT  143 : ( -0.16667 -0.08333  0.00000  )
# K1>K2>K3>K4>K5=K1 (k-index):  143  >  144  >   12  >   11  >  143
# K1 = ( -0.16667 -0.08333  0.00000  ), G1 = (n1,n2) = (0,0)
# K2 = ( -0.08333 -0.08333  0.00000  ), G2 = (n1,n2) = (0,0)
# K3 = ( -0.08333  0.00000  0.00000  ), G3 = (n1,n2) = (0,0)
# K4 = ( -0.16667  0.00000  0.00000  ), G4 = (n1,n2) = (0,0)
# K5 = ( -0.16667 -0.08333  0.00000  ), G5 = (n1,n2) = (0,0)
# 
#===>PI_S[det(S(K_s,K_s+1))] =   8212.26758552  +      0.00045115 i
#__________________________________________________________ 
# Berry Curvature (A^2) : -Im[logPI_S(det(S(K_s,K_s+1)))]/dk^2
#      kx        ky        kz(A^-1)   Berry Curvature (A^2)
#  -0.178953   0.034440   0.000000            -0.000003
  
#* Closed loop for KPOINT  144 : ( -0.08333 -0.08333  0.00000  )
# K1>K2>K3>K4>K5=K1 (k-index):  144  >  133  >    1  >   12  >  144
# K1 = ( -0.08333 -0.08333  0.00000  ), G1 = (n1,n2) = (0,0)
# K2 = (  0.00000 -0.08333  0.00000  ), G2 = (n1,n2) = (0,0)
# K3 = (  0.00000  0.00000  0.00000  ), G3 = (n1,n2) = (0,0)
# K4 = ( -0.08333  0.00000  0.00000  ), G4 = (n1,n2) = (0,0)
# K5 = ( -0.08333 -0.08333  0.00000  ), G5 = (n1,n2) = (0,0)
# 
#===>PI_S[det(S(K_s,K_s+1))] =   2204.36560687  +      0.00175518 i
#__________________________________________________________ 
# Berry Curvature (A^2) : -Im[logPI_S(det(S(K_s,K_s+1)))]/dk^2
#      kx        ky        kz(A^-1)   Berry Curvature (A^2)
#  -0.059651  -0.034440   0.000000            -0.000048
  
# DONE!
# Chern Number is sum of Berry Curvature on 1BZ
# Chern Number for the BANDS :    1 -   10
# Chern Number =           -0.000000
# DONE! 
#  Results are summarized in BERRYCURV.dat
 end of program
