k_index,q1,q2,q3,path_inv_A,band,energy_eV
1,0.3333333333333333,0.6666666666666666,0.0,0.0,1,-13.28037849751312
1,0.3333333333333333,0.6666666666666666,0.0,0.0,2,-13.248819603619925
1,0.3333333333333333,0.6666666666666666,0.0,0.0,3,-13.171941792388868
1,0.3333333333333333,0.6666666666666666,0.0,0.0,4,-13.168502970365992
1,0.3333333333333333,0.6666666666666666,0.0,0.0,5,-6.667616559908646
1,0.3333333333333333,0.6666666666666666,0.0,0.0,6,-6.660501673382239
1,0.3333333333333333,0.6666666666666666,0.0,0.0,7,-5.9227578204092595
1,0.3333333333333333,0.6666666666666666,0.0,0.0,8,-5.887509509830016
1,0.3333333333333333,0.6666666666666666,0.0,0.0,9,-5.402309114391766
1,0.3333333333333333,0.6666666666666666,0.0,0.0,10,-5.370968288242045
1,0.3333333333333333,0.6666666666666666,0.0,0.0,11,-4.874935347464412
1,0.3333333333333333,0.6666666666666666,0.0,0.0,12,-4.86761447362713
1,0.3333333333333333,0.6666666666666666,0.0,0.0,13,-4.305112280853782
1,0.3333333333333333,0.6666666666666666,0.0,0.0,14,-4.255947697028786
1,0.3333333333333333,0.6666666666666666,0.0,0.0,15,-3.6138379009546404
1,0.3333333333333333,0.6666666666666666,0.0,0.0,16,-3.5900257594756266
1,0.3333333333333333,0.6666666666666666,0.0,0.0,17,-1.421983601826256
1,0.3333333333333333,0.6666666666666666,0.0,0.0,18,-1.2748738806943534
1,0.3333333333333333,0.6666666666666666,0.0,0.0,19,0.3986764832602849
1,0.3333333333333333,0.6666666666666666,0.0,0.0,20,0.4008949608652939
1,0.3333333333333333,0.6666666666666666,0.0,0.0,21,1.4996648113351037
1,0.3333333333333333,0.6666666666666666,0.0,0.0,22,1.5302958721469753
1,0.3333333333333333,0.6666666666666666,0.0,0.0,23,1.9952334581756062
1,0.3333333333333333,0.6666666666666666,0.0,0.0,24,2.1381721941662435
1,0.3333333333333333,0.6666666666666666,0.0,0.0,25,3.3935896452490817
1,0.3333333333333333,0.6666666666666666,0.0,0.0,26,3.474605511129639
2,0.3194444444444445,0.638888888888889,0.0,0.05502933456810839,1,-13.287302258124795
2,0.3194444444444445,0.638888888888889,0.0,0.05502933456810839,2,-13.25604635216793
2,0.3194444444444445,0.638888888888889,0.0,0.05502933456810839,3,-13.176157978568634
2,0.3194444444444445,0.638888888888889,0.0,0.05502933456810839,4,-13.172738524705425
2,0.3194444444444445,0.638888888888889,0.0,0.05502933456810839,5,-6.655196775283681
2,0.3194444444444445,0.638888888888889,0.0,0.05502933456810839,6,-6.648004950695382
2,0.3194444444444445,0.638888888888889,0.0,0.05502933456810839,7,-5.9825789759985994
2,0.3194444444444445,0.638888888888889,0.0,0.05502933456810839,8,-5.9499237416700765
2,0.3194444444444445,0.638888888888889,0.0,0.05502933456810839,9,-5.337521274885022
2,0.3194444444444445,0.638888888888889,0.0,0.05502933456810839,10,-5.305577958991005
2,0.3194444444444445,0.638888888888889,0.0,0.05502933456810839,11,-4.859622522796842
2,0.3194444444444445,0.638888888888889,0.0,0.05502933456810839,12,-4.854388978551123
2,0.3194444444444445,0.638888888888889,0.0,0.05502933456810839,13,-4.321120410086497
2,0.3194444444444445,0.638888888888889,0.0,0.05502933456810839,14,-4.274387897732961
2,0.3194444444444445,0.638888888888889,0.0,0.05502933456810839,15,-3.590904319417371
2,0.3194444444444445,0.638888888888889,0.0,0.05502933456810839,16,-3.5698217865925654
2,0.3194444444444445,0.638888888888889,0.0,0.05502933456810839,17,-1.4399951703612377
2,0.3194444444444445,0.638888888888889,0.0,0.05502933456810839,18,-1.2952459344982659
2,0.3194444444444445,0.638888888888889,0.0,0.05502933456810839,19,0.42074783946855643
2,0.3194444444444445,0.638888888888889,0.0,0.05502933456810839,20,0.4210647276673991
2,0.3194444444444445,0.638888888888889,0.0,0.05502933456810839,21,1.508207899246579
2,0.3194444444444445,0.638888888888889,0.0,0.05502933456810839,22,1.5379377784478026
2,0.3194444444444445,0.638888888888889,0.0,0.05502933456810839,23,1.9740429360967895
2,0.3194444444444445,0.638888888888889,0.0,0.05502933456810839,24,2.116260720749326
2,0.3194444444444445,0.638888888888889,0.0,0.05502933456810839,25,3.3808858822934
2,0.3194444444444445,0.638888888888889,0.0,0.05502933456810839,26,3.4609650560401763
3,0.3055555555555555,0.611111111111111,0.0,0.11005866913621709,1,-13.309475313163553
3,0.3055555555555555,0.611111111111111,0.0,0.11005866913621709,2,-13.279120849041956
3,0.3055555555555555,0.611111111111111,0.0,0.11005866913621709,3,-13.189348694761602
3,0.3055555555555555,0.611111111111111,0.0,0.11005866913621709,4,-13.185986865365006
3,0.3055555555555555,0.611111111111111,0.0,0.11005866913621709,5,-6.616565063780806
3,0.3055555555555555,0.611111111111111,0.0,0.11005866913621709,6,-6.609124773593077
3,0.3055555555555555,0.611111111111111,0.0,0.11005866913621709,7,-6.1005598639017755
3,0.3055555555555555,0.611111111111111,0.0,0.11005866913621709,8,-6.073048320608141
3,0.3055555555555555,0.611111111111111,0.0,0.11005866913621709,9,-5.2011033359601875
3,0.3055555555555555,0.611111111111111,0.0,0.11005866913621709,10,-5.1699274404848
3,0.3055555555555555,0.611111111111111,0.0,0.11005866913621709,11,-4.817950742885095
3,0.3055555555555555,0.611111111111111,0.0,0.11005866913621709,12,-4.816958370309548
3,0.3055555555555555,0.611111111111111,0.0,0.11005866913621709,13,-4.365676567032816
3,0.3055555555555555,0.611111111111111,0.0,0.11005866913621709,14,-4.32440000113005
3,0.3055555555555555,0.611111111111111,0.0,0.11005866913621709,15,-3.5260121535479416
3,0.3055555555555555,0.611111111111111,0.0,0.11005866913621709,16,-3.511348532340221
3,0.3055555555555555,0.611111111111111,0.0,0.11005866913621709,17,-1.4934085976242581
3,0.3055555555555555,0.611111111111111,0.0,0.11005866913621709,18,-1.3548527686712597
3,0.3055555555555555,0.611111111111111,0.0,0.11005866913621709,19,0.4766796395295789
3,0.3055555555555555,0.611111111111111,0.0,0.11005866913621709,20,0.48334340174754453
3,0.3055555555555555,0.611111111111111,0.0,0.11005866913621709,21,1.5296583722866126
3,0.3055555555555555,0.611111111111111,0.0,0.11005866913621709,22,1.5562095896271404
3,0.3055555555555555,0.611111111111111,0.0,0.11005866913621709,23,1.9097924760911402
3,0.3055555555555555,0.611111111111111,0.0,0.11005866913621709,24,2.0491151654179247
3,0.3055555555555555,0.611111111111111,0.0,0.11005866913621709,25,3.3458206138099085
3,0.3055555555555555,0.611111111111111,0.0,0.11005866913621709,26,3.4229431494409392
4,0.2916666666666667,0.5833333333333334,0.0,0.16508800370432547,1,-13.348542369672813
4,0.2916666666666667,0.5833333333333334,0.0,0.16508800370432547,2,-13.319655652991333
4,0.2916666666666667,0.5833333333333334,0.0,0.16508800370432547,3,-13.2119328142687
4,0.2916666666666667,0.5833333333333334,0.0,0.16508800370432547,4,-13.208673541652026
4,0.2916666666666667,0.5833333333333334,0.0,0.16508800370432547,5,-6.550331788075107
4,0.2916666666666667,0.5833333333333334,0.0,0.16508800370432547,6,-6.542453311647644
4,0.2916666666666667,0.5833333333333334,0.0,0.16508800370432547,7,-6.215956767108463
4,0.2916666666666667,0.5833333333333334,0.0,0.16508800370432547,8,-6.194087914164679
4,0.2916666666666667,0.5833333333333334,0.0,0.16508800370432547,9,-5.0660740622136355
4,0.2916666666666667,0.5833333333333334,0.0,0.16508800370432547,10,-5.041667430750016
4,0.2916666666666667,0.5833333333333334,0.0,0.16508800370432547,11,-4.747039164503773
4,0.2916666666666667,0.5833333333333334,0.0,0.16508800370432547,12,-4.732828005715089
4,0.2916666666666667,0.5833333333333334,0.0,0.16508800370432547,13,-4.427614341148211
4,0.2916666666666667,0.5833333333333334,0.0,0.16508800370432547,14,-4.391527484096312
4,0.2916666666666667,0.5833333333333334,0.0,0.16508800370432547,15,-3.4314423261148947
4,0.2916666666666667,0.5833333333333334,0.0,0.16508800370432547,16,-3.4238970047373085
4,0.2916666666666667,0.5833333333333334,0.0,0.16508800370432547,17,-1.5753180728869722
4,0.2916666666666667,0.5833333333333334,0.0,0.16508800370432547,18,-1.4446647832153596
4,0.2916666666666667,0.5833333333333334,0.0,0.16508800370432547,19,0.5563077848953552
4,0.2916666666666667,0.5833333333333334,0.0,0.16508800370432547,20,0.5700920944547454
4,0.2916666666666667,0.5833333333333334,0.0,0.16508800370432547,21,1.5572491652687188
4,0.2916666666666667,0.5833333333333334,0.0,0.16508800370432547,22,1.5766002493846276
4,0.2916666666666667,0.5833333333333334,0.0,0.16508800370432547,23,1.8079882925735116
4,0.2916666666666667,0.5833333333333334,0.0,0.16508800370432547,24,1.9400167135368198
4,0.2916666666666667,0.5833333333333334,0.0,0.16508800370432547,25,3.294267096661775
4,0.2916666666666667,0.5833333333333334,0.0,0.16508800370432547,26,3.366117901367099
5,0.2777777777777778,0.5555555555555556,0.0,0.2201173382724339,1,-13.405398144468702
5,0.2777777777777778,0.5555555555555556,0.0,0.2201173382724339,2,-13.378478906698966
5,0.2777777777777778,0.5555555555555556,0.0,0.2201173382724339,3,-13.24391791758789
5,0.2777777777777778,0.5555555555555556,0.0,0.2201173382724339,4,-13.24081388910172
5,0.2777777777777778,0.5555555555555556,0.0,0.2201173382724339,5,-6.456044702068532
5,0.2777777777777778,0.5555555555555556,0.0,0.2201173382724339,6,-6.447582400743153
5,0.2777777777777778,0.5555555555555556,0.0,0.2201173382724339,7,-6.3075024187678945
5,0.2777777777777778,0.5555555555555556,0.0,0.2201173382724339,8,-6.291312776499648
5,0.2777777777777778,0.5555555555555556,0.0,0.2201173382724339,9,-4.977661582241204
5,0.2777777777777778,0.5555555555555556,0.0,0.2201173382724339,10,-4.962825784341446
5,0.2777777777777778,0.5555555555555556,0.0,0.2201173382724339,11,-4.623084530301435
5,0.2777777777777778,0.5555555555555556,0.0,0.2201173382724339,12,-4.590718479630942
5,0.2777777777777778,0.5555555555555556,0.0,0.2201173382724339,13,-4.493818614878478
5,0.2777777777777778,0.5555555555555556,0.0,0.2201173382724339,14,-4.459758818656722
5,0.2777777777777778,0.5555555555555556,0.0,0.2201173382724339,15,-3.319139824278618
5,0.2777777777777778,0.5555555555555556,0.0,0.2201173382724339,16,-3.318040788498918
5,0.2777777777777778,0.5555555555555556,0.0,0.2201173382724339,17,-1.6744830015424492
5,0.2777777777777778,0.5555555555555556,0.0,0.2201173382724339,18,-1.5515885962876945
5,0.2777777777777778,0.5555555555555556,0.0,0.2201173382724339,19,0.6416298609661963
5,0.2777777777777778,0.5555555555555556,0.0,0.2201173382724339,20,0.659765426775017
5,0.2777777777777778,0.5555555555555556,0.0,0.2201173382724339,21,1.5815021792499415
5,0.2777777777777778,0.5555555555555556,0.0,0.2201173382724339,22,1.5836695118519186
5,0.2777777777777778,0.5555555555555556,0.0,0.2201173382724339,23,1.6902047590775107
5,0.2777777777777778,0.5555555555555556,0.0,0.2201173382724339,24,1.799306356448663
5,0.2777777777777778,0.5555555555555556,0.0,0.2201173382724339,25,3.233034978885961
5,0.2777777777777778,0.5555555555555556,0.0,0.2201173382724339,26,3.296970126316599
6,0.2638888888888889,0.5277777777777778,0.0,0.27514667284054245,1,-13.48007716056027
6,0.2638888888888889,0.5277777777777778,0.0,0.27514667284054245,2,-13.455521164689454
6,0.2638888888888889,0.5277777777777778,0.0,0.27514667284054245,3,-13.284916926627282
6,0.2638888888888889,0.5277777777777778,0.0,0.27514667284054245,4,-13.2820217016808
6,0.2638888888888889,0.5277777777777778,0.0,0.27514667284054245,5,-6.368361930798838
6,0.2638888888888889,0.5277777777777778,0.0,0.27514667284054245,6,-6.35924083214287
6,0.2638888888888889,0.5277777777777778,0.0,0.27514667284054245,7,-6.334126438206164
6,0.2638888888888889,0.5277777777777778,0.0,0.27514667284054245,8,-6.323405027478497
6,0.2638888888888889,0.5277777777777778,0.0,0.27514667284054245,9,-4.937124982381791
6,0.2638888888888889,0.5277777777777778,0.0,0.27514667284054245,10,-4.926594784534229
6,0.2638888888888889,0.5277777777777778,0.0,0.27514667284054245,11,-4.561780990125673
6,0.2638888888888889,0.5277777777777778,0.0,0.27514667284054245,12,-4.546243280238271
6,0.2638888888888889,0.5277777777777778,0.0,0.27514667284054245,13,-4.43013170282534
6,0.2638888888888889,0.5277777777777778,0.0,0.27514667284054245,14,-4.402665663772579
6,0.2638888888888889,0.5277777777777778,0.0,0.27514667284054245,15,-3.2019919979016005
6,0.2638888888888889,0.5277777777777778,0.0,0.27514667284054245,16,-3.197477529872803
6,0.2638888888888889,0.5277777777777778,0.0,0.27514667284054245,17,-1.7793033411600216
6,0.2638888888888889,0.5277777777777778,0.0,0.27514667284054245,18,-1.663125084291118
6,0.2638888888888889,0.5277777777777778,0.0,0.27514667284054245,19,0.713137073011143
6,0.2638888888888889,0.5277777777777778,0.0,0.27514667284054245,20,0.7287779620505457
6,0.2638888888888889,0.5277777777777778,0.0,0.27514667284054245,21,1.503421076934576
6,0.2638888888888889,0.5277777777777778,0.0,0.27514667284054245,22,1.6004569521196097
6,0.2638888888888889,0.5277777777777778,0.0,0.27514667284054245,23,1.6350401208045837
6,0.2638888888888889,0.5277777777777778,0.0,0.27514667284054245,24,1.6441613546910738
6,0.2638888888888889,0.5277777777777778,0.0,0.27514667284054245,25,3.1688150743072754
6,0.2638888888888889,0.5277777777777778,0.0,0.27514667284054245,26,3.222006571338866
7,0.25,0.5,0.0,0.33017600740865094,1,-13.571696578091233
7,0.25,0.5,0.0,0.33017600740865094,2,-13.549767397055287
7,0.25,0.5,0.0,0.33017600740865094,3,-13.33417369189439
7,0.25,0.5,0.0,0.33017600740865094,4,-13.3315321913984
7,0.25,0.5,0.0,0.33017600740865094,5,-6.397020108645664
7,0.25,0.5,0.0,0.33017600740865094,6,-6.392648907954703
7,0.25,0.5,0.0,0.33017600740865094,7,-6.185966373035564
7,0.25,0.5,0.0,0.33017600740865094,8,-6.174835295014974
7,0.25,0.5,0.0,0.33017600740865094,9,-4.926147578755897
7,0.25,0.5,0.0,0.33017600740865094,10,-4.916242219847199
7,0.25,0.5,0.0,0.33017600740865094,11,-4.615436099986011
7,0.25,0.5,0.0,0.33017600740865094,12,-4.594962177643344
7,0.25,0.5,0.0,0.33017600740865094,13,-4.244421674903039
7,0.25,0.5,0.0,0.33017600740865094,14,-4.2032647096021964
7,0.25,0.5,0.0,0.33017600740865094,15,-3.0817324403947097
7,0.25,0.5,0.0,0.33017600740865094,16,-3.072246354895679
7,0.25,0.5,0.0,0.33017600740865094,17,-1.8801390726972418
7,0.25,0.5,0.0,0.33017600740865094,18,-1.7694729868248247
7,0.25,0.5,0.0,0.33017600740865094,19,0.752164683482627
7,0.25,0.5,0.0,0.33017600740865094,20,0.7534320345164676
7,0.25,0.5,0.0,0.33017600740865094,21,1.384193199310563
7,0.25,0.5,0.0,0.33017600740865094,22,1.4889619964068348
7,0.25,0.5,0.0,0.33017600740865094,23,1.6067954334492653
7,0.25,0.5,0.0,0.33017600740865094,24,1.6187368664369837
7,0.25,0.5,0.0,0.33017600740865094,25,3.1067488314947136
7,0.25,0.5,0.0,0.33017600740865094,26,3.146581976615475
8,0.2361111111111111,0.4722222222222222,0.0,0.3852053419767595,1,-13.67856447660046
8,0.2361111111111111,0.4722222222222222,0.0,0.3852053419767595,2,-13.659384789753279
8,0.2361111111111111,0.4722222222222222,0.0,0.3852053419767595,3,-13.390628661078225
8,0.2361111111111111,0.4722222222222222,0.0,0.3852053419767595,4,-13.388271621640293
8,0.2361111111111111,0.4722222222222222,0.0,0.3852053419767595,5,-6.3959906290262865
8,0.2361111111111111,0.4722222222222222,0.0,0.3852053419767595,6,-6.395125276879719
8,0.2361111111111111,0.4722222222222222,0.0,0.3852053419767595,7,-6.013557785198909
8,0.2361111111111111,0.4722222222222222,0.0,0.3852053419767595,8,-6.00084087057828
8,0.2361111111111111,0.4722222222222222,0.0,0.3852053419767595,9,-4.936157833596354
8,0.2361111111111111,0.4722222222222222,0.0,0.3852053419767595,10,-4.925651887490801
8,0.2361111111111111,0.4722222222222222,0.0,0.3852053419767595,11,-4.6553217936495574
8,0.2361111111111111,0.4722222222222222,0.0,0.3852053419767595,12,-4.634685444153918
8,0.2361111111111111,0.4722222222222222,0.0,0.3852053419767595,13,-4.047643235502591
8,0.2361111111111111,0.4722222222222222,0.0,0.3852053419767595,14,-3.999861579714612
8,0.2361111111111111,0.4722222222222222,0.0,0.3852053419767595,15,-2.9617802896711933
8,0.2361111111111111,0.4722222222222222,0.0,0.3852053419767595,16,-2.947750571850691
8,0.2361111111111111,0.4722222222222222,0.0,0.3852053419767595,17,-1.9702831957680385
8,0.2361111111111111,0.4722222222222222,0.0,0.3852053419767595,18,-1.8641534138620424
8,0.2361111111111111,0.4722222222222222,0.0,0.3852053419767595,19,0.7187245607179775
8,0.2361111111111111,0.4722222222222222,0.0,0.3852053419767595,20,0.7445598744355342
8,0.2361111111111111,0.4722222222222222,0.0,0.3852053419767595,21,1.2934837600885425
8,0.2361111111111111,0.4722222222222222,0.0,0.3852053419767595,22,1.3608387422547081
8,0.2361111111111111,0.4722222222222222,0.0,0.3852053419767595,23,1.589269373983207
8,0.2361111111111111,0.4722222222222222,0.0,0.3852053419767595,24,1.591701625015527
8,0.2361111111111111,0.4722222222222222,0.0,0.3852053419767595,25,3.049154841425882
8,0.2361111111111111,0.4722222222222222,0.0,0.3852053419767595,26,3.0738338691138645
9,0.2222222222222222,0.4444444444444445,0.0,0.4402346765448678,1,-13.798341105912488
9,0.2222222222222222,0.4444444444444445,0.0,0.4402346765448678,2,-13.78190339747503
9,0.2222222222222222,0.4444444444444445,0.0,0.4402346765448678,3,-13.453045100221455
9,0.2222222222222222,0.4444444444444445,0.0,0.4402346765448678,4,-13.450987177978174
9,0.2222222222222222,0.4444444444444445,0.0,0.4402346765448678,5,-6.372154984032499
9,0.2222222222222222,0.4444444444444445,0.0,0.4402346765448678,6,-6.366495157829186
9,0.2222222222222222,0.4444444444444445,0.0,0.4402346765448678,7,-5.819906495550538
9,0.2222222222222222,0.4444444444444445,0.0,0.4402346765448678,8,-5.805096345189322
9,0.2222222222222222,0.4444444444444445,0.0,0.4402346765448678,9,-4.963791178279352
9,0.2222222222222222,0.4444444444444445,0.0,0.4402346765448678,10,-4.952573449076369
9,0.2222222222222222,0.4444444444444445,0.0,0.4402346765448678,11,-4.6773982108304795
9,0.2222222222222222,0.4444444444444445,0.0,0.4402346765448678,12,-4.65642362120792
9,0.2222222222222222,0.4444444444444445,0.0,0.4402346765448678,13,-3.8532199994797276
9,0.2222222222222222,0.4444444444444445,0.0,0.4402346765448678,14,-3.7997624457012504
9,0.2222222222222222,0.4444444444444445,0.0,0.4402346765448678,15,-2.845831148810352
9,0.2222222222222222,0.4444444444444445,0.0,0.4402346765448678,16,-2.827517130043728
9,0.2222222222222222,0.4444444444444445,0.0,0.4402346765448678,17,-2.046380878578989
9,0.2222222222222222,0.4444444444444445,0.0,0.4402346765448678,18,-1.944208365519509
9,0.2222222222222222,0.4444444444444445,0.0,0.4402346765448678,19,0.6373566722684707
9,0.2222222222222222,0.4444444444444445,0.0,0.4402346765448678,20,0.6910099091135742
9,0.2222222222222222,0.4444444444444445,0.0,0.4402346765448678,21,1.2349416216031903
9,0.2222222222222222,0.4444444444444445,0.0,0.4402346765448678,22,1.2664012339453992
9,0.2222222222222222,0.4444444444444445,0.0,0.4402346765448678,23,1.5412814352712179
9,0.2222222222222222,0.4444444444444445,0.0,0.4402346765448678,24,1.5573444951221096
9,0.2222222222222222,0.4444444444444445,0.0,0.4402346765448678,25,2.994619970858955
9,0.2222222222222222,0.4444444444444445,0.0,0.4402346765448678,26,3.0036241042370735
10,0.2083333333333333,0.4166666666666667,0.0,0.49526401111297635,1,-13.928221104524209
10,0.2083333333333333,0.4166666666666667,0.0,0.49526401111297635,2,-13.914410536968125
10,0.2083333333333333,0.4166666666666667,0.0,0.49526401111297635,3,-13.52004408354082
10,0.2083333333333333,0.4166666666666667,0.0,0.49526401111297635,4,-13.51828538515679
10,0.2083333333333333,0.4166666666666667,0.0,0.49526401111297635,5,-6.327019337467581
10,0.2083333333333333,0.4166666666666667,0.0,0.49526401111297635,6,-6.317245492204109
10,0.2083333333333333,0.4166666666666667,0.0,0.49526401111297635,7,-5.609084665975048
10,0.2083333333333333,0.4166666666666667,0.0,0.49526401111297635,8,-5.591597342665552
10,0.2083333333333333,0.4166666666666667,0.0,0.49526401111297635,9,-5.005105228488714
10,0.2083333333333333,0.4166666666666667,0.0,0.49526401111297635,10,-4.993571663335527
10,0.2083333333333333,0.4166666666666667,0.0,0.49526401111297635,11,-4.67839108953027
10,0.2083333333333333,0.4166666666666667,0.0,0.49526401111297635,12,-4.656480728640289
10,0.2083333333333333,0.4166666666666667,0.0,0.49526401111297635,13,-3.6676097971306314
10,0.2083333333333333,0.4166666666666667,0.0,0.49526401111297635,14,-3.6085868521490694
10,0.2083333333333333,0.4166666666666667,0.0,0.49526401111297635,15,-2.736962517605452
10,0.2083333333333333,0.4166666666666667,0.0,0.49526401111297635,16,-2.714488253036805
10,0.2083333333333333,0.4166666666666667,0.0,0.49526401111297635,17,-2.1078136960263008
10,0.2083333333333333,0.4166666666666667,0.0,0.49526401111297635,18,-2.009522177279278
10,0.2083333333333333,0.4166666666666667,0.0,0.49526401111297635,19,0.5435532964406898
10,0.2083333333333333,0.4166666666666667,0.0,0.49526401111297635,20,0.6138429971256149
10,0.2083333333333333,0.4166666666666667,0.0,0.49526401111297635,21,1.1901641952297775
10,0.2083333333333333,0.4166666666666667,0.0,0.49526401111297635,22,1.1976017628930533
10,0.2083333333333333,0.4166666666666667,0.0,0.49526401111297635,23,1.4772930630055465
10,0.2083333333333333,0.4166666666666667,0.0,0.49526401111297635,24,1.5059703351672482
10,0.2083333333333333,0.4166666666666667,0.0,0.49526401111297635,25,2.9329464462791854
10,0.2083333333333333,0.4166666666666667,0.0,0.49526401111297635,26,2.9387235354244137
11,0.1944444444444444,0.3888888888888888,0.0,0.5502933456810851,1,-14.065188694641268
11,0.1944444444444444,0.3888888888888888,0.0,0.5502933456810851,2,-14.053813084950825
11,0.1944444444444444,0.3888888888888888,0.0,0.5502933456810851,3,-13.590201565472842
11,0.1944444444444444,0.3888888888888888,0.0,0.5502933456810851,4,-13.588730459778969
11,0.1944444444444444,0.3888888888888888,0.0,0.5502933456810851,5,-6.269453970411913
11,0.1944444444444444,0.3888888888888888,0.0,0.5502933456810851,6,-6.25654433200564
11,0.1944444444444444,0.3888888888888888,0.0,0.5502933456810851,7,-5.3869051156600865
11,0.1944444444444444,0.3888888888888888,0.0,0.5502933456810851,8,-5.366153440317074
11,0.1944444444444444,0.3888888888888888,0.0,0.5502933456810851,9,-5.052554779967576
11,0.1944444444444444,0.3888888888888888,0.0,0.5502933456810851,10,-5.041283822961066
11,0.1944444444444444,0.3888888888888888,0.0,0.5502933456810851,11,-4.654560810624586
11,0.1944444444444444,0.3888888888888888,0.0,0.5502933456810851,12,-4.630981144372566
11,0.1944444444444444,0.3888888888888888,0.0,0.5502933456810851,13,-3.4977223619052764
11,0.1944444444444444,0.3888888888888888,0.0,0.5502933456810851,14,-3.4333192126621777
11,0.1944444444444444,0.3888888888888888,0.0,0.5502933456810851,15,-2.637800696960284
11,0.1944444444444444,0.3888888888888888,0.0,0.5502933456810851,16,-2.6111655419997213
11,0.1944444444444444,0.3888888888888888,0.0,0.5502933456810851,17,-2.1546240295815244
11,0.1944444444444444,0.3888888888888888,0.0,0.5502933456810851,18,-2.0608507457853347
11,0.1944444444444444,0.3888888888888888,0.0,0.5502933456810851,19,0.4665468445139165
11,0.1944444444444444,0.3888888888888888,0.0,0.5502933456810851,20,0.5420704394449164
11,0.1944444444444444,0.3888888888888888,0.0,0.5502933456810851,21,1.1410128747237658
11,0.1944444444444444,0.3888888888888888,0.0,0.5502933456810851,22,1.146522713521121
11,0.1944444444444444,0.3888888888888888,0.0,0.5502933456810851,23,1.4026281351914158
11,0.1944444444444444,0.3888888888888888,0.0,0.5502933456810851,24,1.4424640691727166
11,0.1944444444444444,0.3888888888888888,0.0,0.5502933456810851,25,2.8570293763500185
11,0.1944444444444444,0.3888888888888888,0.0,0.5502933456810851,26,2.8757230425299576
12,0.1805555555555556,0.3611111111111112,0.0,0.6053226802491932,1,-14.206185265376892
12,0.1805555555555556,0.3611111111111112,0.0,0.6053226802491932,2,-14.197003240726811
12,0.1805555555555556,0.3611111111111112,0.0,0.6053226802491932,3,-13.662111558700461
12,0.1805555555555556,0.3611111111111112,0.0,0.6053226802491932,4,-13.66090772071222
12,0.1805555555555556,0.3611111111111112,0.0,0.6053226802491932,5,-6.21237366453181
12,0.1805555555555556,0.3611111111111112,0.0,0.6053226802491932,6,-6.197756833500083
12,0.1805555555555556,0.3611111111111112,0.0,0.6053226802491932,7,-5.162398631029779
12,0.1805555555555556,0.3611111111111112,0.0,0.6053226802491932,8,-5.1401443430538105
12,0.1805555555555556,0.3611111111111112,0.0,0.6053226802491932,9,-5.093120830523148
12,0.1805555555555556,0.3611111111111112,0.0,0.6053226802491932,10,-5.0808866194111015
12,0.1805555555555556,0.3611111111111112,0.0,0.6053226802491932,11,-4.599747981484484
12,0.1805555555555556,0.3611111111111112,0.0,0.6053226802491932,12,-4.573995369950088
12,0.1805555555555556,0.3611111111111112,0.0,0.6053226802491932,13,-3.353326512793928
12,0.1805555555555556,0.3611111111111112,0.0,0.6053226802491932,14,-3.2848325130679856
12,0.1805555555555556,0.3611111111111112,0.0,0.6053226802491932,15,-2.550515939504464
12,0.1805555555555556,0.3611111111111112,0.0,0.6053226802491932,16,-2.5196524199175703
12,0.1805555555555556,0.3611111111111112,0.0,0.6053226802491932,17,-2.1836433081657467
12,0.1805555555555556,0.3611111111111112,0.0,0.6053226802491932,18,-2.096306285597906
12,0.1805555555555556,0.3611111111111112,0.0,0.6053226802491932,19,0.4226126257697983
12,0.1805555555555556,0.3611111111111112,0.0,0.6053226802491932,20,0.4955327754265111
12,0.1805555555555556,0.3611111111111112,0.0,0.6053226802491932,21,1.091083248701159
12,0.1805555555555556,0.3611111111111112,0.0,0.6053226802491932,22,1.102597503216379
12,0.1805555555555556,0.3611111111111112,0.0,0.6053226802491932,23,1.3235864571306184
12,0.1805555555555556,0.3611111111111112,0.0,0.6053226802491932,24,1.3729563298226428
12,0.1805555555555556,0.3611111111111112,0.0,0.6053226802491932,25,2.7711196216185083
12,0.1805555555555556,0.3611111111111112,0.0,0.6053226802491932,26,2.8003852321633853
13,0.1666666666666667,0.3333333333333333,0.0,0.6603520148173019,1,-14.348245637485608
13,0.1666666666666667,0.3333333333333333,0.0,0.6603520148173019,2,-14.3409913760708
13,0.1666666666666667,0.3333333333333333,0.0,0.6603520148173019,3,-13.734381722110886
13,0.1666666666666667,0.3333333333333333,0.0,0.6603520148173019,4,-13.733419214719458
13,0.1666666666666667,0.3333333333333333,0.0,0.6603520148173019,5,-6.172956724715598
13,0.1666666666666667,0.3333333333333333,0.0,0.6603520148173019,6,-6.158585824151869
13,0.1666666666666667,0.3333333333333333,0.0,0.6603520148173019,7,-5.108628860738556
13,0.1666666666666667,0.3333333333333333,0.0,0.6603520148173019,8,-5.103292286929867
13,0.1666666666666667,0.3333333333333333,0.0,0.6603520148173019,9,-4.949347159773118
13,0.1666666666666667,0.3333333333333333,0.0,0.6603520148173019,10,-4.920533571933514
13,0.1666666666666667,0.3333333333333333,0.0,0.6603520148173019,11,-4.502055146640725
13,0.1666666666666667,0.3333333333333333,0.0,0.6603520148173019,12,-4.475523336581576
13,0.1666666666666667,0.3333333333333333,0.0,0.6603520148173019,13,-3.2478295491646794
13,0.1666666666666667,0.3333333333333333,0.0,0.6603520148173019,14,-3.17908742046148
13,0.1666666666666667,0.3333333333333333,0.0,0.6603520148173019,15,-2.4765860518970158
13,0.1666666666666667,0.3333333333333333,0.0,0.6603520148173019,16,-2.4417473083480177
13,0.1666666666666667,0.3333333333333333,0.0,0.6603520148173019,17,-2.185396523123085
13,0.1666666666666667,0.3333333333333333,0.0,0.6603520148173019,18,-2.1084147248160514
13,0.1666666666666667,0.3333333333333333,0.0,0.6603520148173019,19,0.4174049765441655
13,0.1666666666666667,0.3333333333333333,0.0,0.6603520148173019,20,0.4824799237500174
13,0.1666666666666667,0.3333333333333333,0.0,0.6603520148173019,21,1.050153436961846
13,0.1666666666666667,0.3333333333333333,0.0,0.6603520148173019,22,1.063414758626928
13,0.1666666666666667,0.3333333333333333,0.0,0.6603520148173019,23,1.246521636697157
13,0.1666666666666667,0.3333333333333333,0.0,0.6603520148173019,24,1.3038537131271162
13,0.1666666666666667,0.3333333333333333,0.0,0.6603520148173019,25,2.6720321041307624
13,0.1666666666666667,0.3333333333333333,0.0,0.6603520148173019,26,2.709506410631745
14,0.1527777777777778,0.3055555555555556,0.0,0.7153813493854102,1,-14.488607366036868
14,0.1527777777777778,0.3055555555555556,0.0,0.7153813493854102,2,-14.483009171734663
14,0.1527777777777778,0.3055555555555556,0.0,0.7153813493854102,3,-13.805729764276185
14,0.1527777777777778,0.3055555555555556,0.0,0.7153813493854102,4,-13.80497936595233
14,0.1527777777777778,0.3055555555555556,0.0,0.7153813493854102,5,-6.168232236251983
14,0.1527777777777778,0.3055555555555556,0.0,0.7153813493854102,6,-6.156077907959036
14,0.1527777777777778,0.3055555555555556,0.0,0.7153813493854102,7,-5.080578200940165
14,0.1527777777777778,0.3055555555555556,0.0,0.7153813493854102,8,-5.079089657720379
14,0.1527777777777778,0.3055555555555556,0.0,0.7153813493854102,9,-4.76377519105376
14,0.1527777777777778,0.3055555555555556,0.0,0.7153813493854102,10,-4.738210425149404
14,0.1527777777777778,0.3055555555555556,0.0,0.7153813493854102,11,-4.346811756453491
14,0.1527777777777778,0.3055555555555556,0.0,0.7153813493854102,12,-4.324942760543092
14,0.1527777777777778,0.3055555555555556,0.0,0.7153813493854102,13,-3.1944648773325133
14,0.1527777777777778,0.3055555555555556,0.0,0.7153813493854102,14,-3.131740017349774
14,0.1527777777777778,0.3055555555555556,0.0,0.7153813493854102,15,-2.416623636880778
14,0.1527777777777778,0.3055555555555556,0.0,0.7153813493854102,16,-2.3792148942660747
14,0.1527777777777778,0.3055555555555556,0.0,0.7153813493854102,17,-2.1486477519409037
14,0.1527777777777778,0.3055555555555556,0.0,0.7153813493854102,18,-2.0867881143052065
14,0.1527777777777778,0.3055555555555556,0.0,0.7153813493854102,19,0.4486216337639318
14,0.1527777777777778,0.3055555555555556,0.0,0.7153813493854102,20,0.5020986200680704
14,0.1527777777777778,0.3055555555555556,0.0,0.7153813493854102,21,1.024449780633327
14,0.1527777777777778,0.3055555555555556,0.0,0.7153813493854102,22,1.036449136054134
14,0.1527777777777778,0.3055555555555556,0.0,0.7153813493854102,23,1.1773616783050436
14,0.1527777777777778,0.3055555555555556,0.0,0.7153813493854102,24,1.2412361759405566
14,0.1527777777777778,0.3055555555555556,0.0,0.7153813493854102,25,2.5586999178392134
14,0.1527777777777778,0.3055555555555556,0.0,0.7153813493854102,26,2.6022100879700574
15,0.1388888888888889,0.2777777777777777,0.0,0.770410683953519,1,-14.624727660512827
15,0.1388888888888889,0.2777777777777777,0.0,0.770410683953519,2,-14.620520837309495
15,0.1388888888888889,0.2777777777777777,0.0,0.770410683953519,3,-13.8749323572739
15,0.1388888888888889,0.2777777777777777,0.0,0.770410683953519,4,-13.874363698331633
15,0.1388888888888889,0.2777777777777777,0.0,0.770410683953519,5,-6.205169867696556
15,0.1388888888888889,0.2777777777777777,0.0,0.770410683953519,6,-6.1961843985861975
15,0.1388888888888889,0.2777777777777777,0.0,0.770410683953519,7,-5.005061886274465
15,0.1388888888888889,0.2777777777777777,0.0,0.770410683953519,8,-5.002088298233748
15,0.1388888888888889,0.2777777777777777,0.0,0.770410683953519,9,-4.606904508491169
15,0.1388888888888889,0.2777777777777777,0.0,0.770410683953519,10,-4.588684941794751
15,0.1388888888888889,0.2777777777777777,0.0,0.770410683953519,11,-4.139792773708962
15,0.1388888888888889,0.2777777777777777,0.0,0.770410683953519,12,-4.12704389095803
15,0.1388888888888889,0.2777777777777777,0.0,0.770410683953519,13,-3.1967133479901646
15,0.1388888888888889,0.2777777777777777,0.0,0.770410683953519,14,-3.1446772718960725
15,0.1388888888888889,0.2777777777777777,0.0,0.770410683953519,15,-2.371349676047889
15,0.1388888888888889,0.2777777777777777,0.0,0.770410683953519,16,-2.3335869228475987
15,0.1388888888888889,0.2777777777777777,0.0,0.770410683953519,17,-2.0731717366467564
15,0.1388888888888889,0.2777777777777777,0.0,0.770410683953519,18,-2.0284030508574347
15,0.1388888888888889,0.2777777777777777,0.0,0.770410683953519,19,0.5091500690125881
15,0.1388888888888889,0.2777777777777777,0.0,0.770410683953519,20,0.5482868401055025
15,0.1388888888888889,0.2777777777777777,0.0,0.770410683953519,21,1.0206045739971192
15,0.1388888888888889,0.2777777777777777,0.0,0.770410683953519,22,1.0290129178948786
15,0.1388888888888889,0.2777777777777777,0.0,0.770410683953519,23,1.1217874394801481
15,0.1388888888888889,0.2777777777777777,0.0,0.770410683953519,24,1.1909429759621575
15,0.1388888888888889,0.2777777777777777,0.0,0.770410683953519,25,2.432205585013884
15,0.1388888888888889,0.2777777777777777,0.0,0.770410683953519,26,2.4798443794835068
16,0.125,0.25,0.0,0.8254400185216273,1,-14.754318753853063
16,0.125,0.25,0.0,0.8254400185216273,2,-14.751254624385822
16,0.125,0.25,0.0,0.8254400185216273,3,-13.940875734798844
16,0.125,0.25,0.0,0.8254400185216273,4,-13.940458684297255
16,0.125,0.25,0.0,0.8254400185216273,5,-6.276676781945937
16,0.125,0.25,0.0,0.8254400185216273,6,-6.270602761528118
16,0.125,0.25,0.0,0.8254400185216273,7,-4.887439682101063
16,0.125,0.25,0.0,0.8254400185216273,8,-4.880860409910489
16,0.125,0.25,0.0,0.8254400185216273,9,-4.463525910223302
16,0.125,0.25,0.0,0.8254400185216273,10,-4.452039136034654
16,0.125,0.25,0.0,0.8254400185216273,11,-3.9082711830774413
16,0.125,0.25,0.0,0.8254400185216273,12,-3.904109150464593
16,0.125,0.25,0.0,0.8254400185216273,13,-3.243825197693078
16,0.125,0.25,0.0,0.8254400185216273,14,-3.2027919184313394
16,0.125,0.25,0.0,0.8254400185216273,15,-2.3420511444514256
16,0.125,0.25,0.0,0.8254400185216273,16,-2.3054149145069998
16,0.125,0.25,0.0,0.8254400185216273,17,-1.9735361692514677
16,0.125,0.25,0.0,0.8254400185216273,18,-1.9439615869226654
16,0.125,0.25,0.0,0.8254400185216273,19,0.5909134782835028
16,0.125,0.25,0.0,0.8254400185216273,20,0.6143410887401521
16,0.125,0.25,0.0,0.8254400185216273,21,1.0411657554072842
16,0.125,0.25,0.0,0.8254400185216273,22,1.0432621627284884
16,0.125,0.25,0.0,0.8254400185216273,23,1.0879155828399463
16,0.125,0.25,0.0,0.8254400185216273,24,1.159703687466131
16,0.125,0.25,0.0,0.8254400185216273,25,2.295503788532783
16,0.125,0.25,0.0,0.8254400185216273,26,2.3455909819659224
17,0.1111111111111111,0.2222222222222222,0.0,0.8804693530897358,1,-14.875376329904183
17,0.1111111111111111,0.2222222222222222,0.0,0.8804693530897358,2,-14.873227495131431
17,0.1111111111111111,0.2222222222222222,0.0,0.8804693530897358,3,-14.002564614808138
17,0.1111111111111111,0.2222222222222222,0.0,0.8804693530897358,4,-14.002270574644959
17,0.1111111111111111,0.2222222222222222,0.0,0.8804693530897358,5,-6.3692612111666005
17,0.1111111111111111,0.2222222222222222,0.0,0.8804693530897358,6,-6.365365222152368
17,0.1111111111111111,0.2222222222222222,0.0,0.8804693530897358,7,-4.7399979400591885
17,0.1111111111111111,0.2222222222222222,0.0,0.8804693530897358,8,-4.7311605998334265
17,0.1111111111111111,0.2222222222222222,0.0,0.8804693530897358,9,-4.320358853439998
17,0.1111111111111111,0.2222222222222222,0.0,0.8804693530897358,10,-4.313782876242966
17,0.1111111111111111,0.2222222222222222,0.0,0.8804693530897358,11,-3.6775802418425023
17,0.1111111111111111,0.2222222222222222,0.0,0.8804693530897358,12,-3.674948661555552
17,0.1111111111111111,0.2222222222222222,0.0,0.8804693530897358,13,-3.3184455402828403
17,0.1111111111111111,0.2222222222222222,0.0,0.8804693530897358,14,-3.2864440363231884
17,0.1111111111111111,0.2222222222222222,0.0,0.8804693530897358,15,-2.329565710778045
17,0.1111111111111111,0.2222222222222222,0.0,0.8804693530897358,16,-2.2948451821177445
17,0.1111111111111111,0.2222222222222222,0.0,0.8804693530897358,17,-1.8686218440895423
17,0.1111111111111111,0.2222222222222222,0.0,0.8804693530897358,18,-1.850603882269466
17,0.1111111111111111,0.2222222222222222,0.0,0.8804693530897358,19,0.688494595424798
17,0.1111111111111111,0.2222222222222222,0.0,0.8804693530897358,20,0.6970462982320934
17,0.1111111111111111,0.2222222222222222,0.0,0.8804693530897358,21,1.0530212276479713
17,0.1111111111111111,0.2222222222222222,0.0,0.8804693530897358,22,1.0766574382850633
17,0.1111111111111111,0.2222222222222222,0.0,0.8804693530897358,23,1.106401830982782
17,0.1111111111111111,0.2222222222222222,0.0,0.8804693530897358,24,1.1595250307872158
17,0.1111111111111111,0.2222222222222222,0.0,0.8804693530897358,25,2.15278116040051
17,0.1111111111111111,0.2222222222222222,0.0,0.8804693530897358,26,2.2037905432316442
18,0.0972222222222222,0.1944444444444444,0.0,0.9354986876578444,1,-14.986161180920135
18,0.0972222222222222,0.1944444444444444,0.0,0.9354986876578444,2,-14.984724121811094
18,0.0972222222222222,0.1944444444444444,0.0,0.9354986876578444,3,-14.059089744725743
18,0.0972222222222222,0.1944444444444444,0.0,0.9354986876578444,4,-14.05889230540648
18,0.0972222222222222,0.1944444444444444,0.0,0.9354986876578444,5,-6.4705142803711215
18,0.0972222222222222,0.1944444444444444,0.0,0.9354986876578444,6,-6.468113461371209
18,0.0972222222222222,0.1944444444444444,0.0,0.9354986876578444,7,-4.576408002096533
18,0.0972222222222222,0.1944444444444444,0.0,0.9354986876578444,8,-4.566572725933712
18,0.0972222222222222,0.1944444444444444,0.0,0.9354986876578444,9,-4.171638679579663
18,0.0972222222222222,0.1944444444444444,0.0,0.9354986876578444,10,-4.1687114109558525
18,0.0972222222222222,0.1944444444444444,0.0,0.9354986876578444,11,-3.464978412911223
18,0.0972222222222222,0.1944444444444444,0.0,0.9354986876578444,12,-3.454488618224246
18,0.0972222222222222,0.1944444444444444,0.0,0.9354986876578444,13,-3.4019503582699553
18,0.0972222222222222,0.1944444444444444,0.0,0.9354986876578444,14,-3.37940570458514
18,0.0972222222222222,0.1944444444444444,0.0,0.9354986876578444,15,-2.334190124319758
18,0.0972222222222222,0.1944444444444444,0.0,0.9354986876578444,16,-2.302129304777674
18,0.0972222222222222,0.1944444444444444,0.0,0.9354986876578444,17,-1.7727091954011107
18,0.0972222222222222,0.1944444444444444,0.0,0.9354986876578444,18,-1.7626379355560617
18,0.0972222222222222,0.1944444444444444,0.0,0.9354986876578444,19,0.7971269622846808
18,0.0972222222222222,0.1944444444444444,0.0,0.9354986876578444,20,0.8005202753981577
18,0.0972222222222222,0.1944444444444444,0.0,0.9354986876578444,21,1.0619329883814832
18,0.0972222222222222,0.1944444444444444,0.0,0.9354986876578444,22,1.1074045687434713
18,0.0972222222222222,0.1944444444444444,0.0,0.9354986876578444,23,1.170729149563924
18,0.0972222222222222,0.1944444444444444,0.0,0.9354986876578444,24,1.205290321020989
18,0.0972222222222222,0.1944444444444444,0.0,0.9354986876578444,25,2.00924225664069
18,0.0972222222222222,0.1944444444444444,0.0,0.9354986876578444,26,2.059720889000366
19,0.0833333333333333,0.1666666666666667,0.0,0.9905280222259527,1,-15.085139603632065
19,0.0833333333333333,0.1666666666666667,0.0,0.9905280222259527,2,-15.084236192744449
19,0.0833333333333333,0.1666666666666667,0.0,0.9905280222259527,3,-14.109651448303445
19,0.0833333333333333,0.1666666666666667,0.0,0.9905280222259527,4,-14.109526960536165
19,0.0833333333333333,0.1666666666666667,0.0,0.9905280222259527,5,-6.57121397277597
19,0.0833333333333333,0.1666666666666667,0.0,0.9905280222259527,6,-6.569803311594261
19,0.0833333333333333,0.1666666666666667,0.0,0.9905280222259527,7,-4.4082082484327225
19,0.0833333333333333,0.1666666666666667,0.0,0.9905280222259527,8,-4.398394693878314
19,0.0833333333333333,0.1666666666666667,0.0,0.9905280222259527,9,-4.0164179321417475
19,0.0833333333333333,0.1666666666666667,0.0,0.9905280222259527,10,-4.0163293056907445
19,0.0833333333333333,0.1666666666666667,0.0,0.9905280222259527,11,-3.496490491953597
19,0.0833333333333333,0.1666666666666667,0.0,0.9905280222259527,12,-3.4743396384308665
19,0.0833333333333333,0.1666666666666667,0.0,0.9905280222259527,13,-3.262674128518669
19,0.0833333333333333,0.1666666666666667,0.0,0.9905280222259527,14,-3.252978561341193
19,0.0833333333333333,0.1666666666666667,0.0,0.9905280222259527,15,-2.3560482932875386
19,0.0833333333333333,0.1666666666666667,0.0,0.9905280222259527,16,-2.32749301270591
19,0.0833333333333333,0.1666666666666667,0.0,0.9905280222259527,17,-1.6936358287757323
19,0.0833333333333333,0.1666666666666667,0.0,0.9905280222259527,18,-1.6885632517539533
19,0.0833333333333333,0.1666666666666667,0.0,0.9905280222259527,19,0.9152943237830234
19,0.0833333333333333,0.1666666666666667,0.0,0.9905280222259527,20,0.9271017410841761
19,0.0833333333333333,0.1666666666666667,0.0,0.9905280222259527,21,1.0916939656451956
19,0.0833333333333333,0.1666666666666667,0.0,0.9905280222259527,22,1.1419499093245926
19,0.0833333333333333,0.1666666666666667,0.0,0.9905280222259527,23,1.2501701818712485
19,0.0833333333333333,0.1666666666666667,0.0,0.9905280222259527,24,1.2789974899797416
19,0.0833333333333333,0.1666666666666667,0.0,0.9905280222259527,25,1.8705059290263124
19,0.0833333333333333,0.1666666666666667,0.0,0.9905280222259527,26,1.9191299554268526
20,0.0694444444444445,0.1388888888888889,0.0,1.0455573567940613,1,-15.171030644534758
20,0.0694444444444445,0.1388888888888889,0.0,1.0455573567940613,2,-15.170508718375254
20,0.0694444444444445,0.1388888888888889,0.0,1.0455573567940613,3,-14.153583788161457
20,0.0694444444444445,0.1388888888888889,0.0,1.0455573567940613,4,-14.153511700278786
20,0.0694444444444445,0.1388888888888889,0.0,1.0455573567940613,5,-6.66484287435787
20,0.0694444444444445,0.1388888888888889,0.0,1.0455573567940613,6,-6.664069895926675
20,0.0694444444444445,0.1388888888888889,0.0,1.0455573567940613,7,-4.245398140593544
20,0.0694444444444445,0.1388888888888889,0.0,1.0455573567940613,8,-4.236384849307029
20,0.0694444444444445,0.1388888888888889,0.0,1.0455573567940613,9,-3.8594230294825103
20,0.0694444444444445,0.1388888888888889,0.0,1.0455573567940613,10,-3.856116152368908
20,0.0694444444444445,0.1388888888888889,0.0,1.0455573567940613,11,-3.5785623102460855
20,0.0694444444444445,0.1388888888888889,0.0,1.0455573567940613,12,-3.55960028725517
20,0.0694444444444445,0.1388888888888889,0.0,1.0455573567940613,13,-3.093239085310882
20,0.0694444444444445,0.1388888888888889,0.0,1.0455573567940613,14,-3.0811396395526356
20,0.0694444444444445,0.1388888888888889,0.0,1.0455573567940613,15,-2.3950883713282605
20,0.0694444444444445,0.1388888888888889,0.0,1.0455573567940613,16,-2.3708533345443463
20,0.0694444444444445,0.1388888888888889,0.0,1.0455573567940613,17,-1.6337987706843768
20,0.0694444444444445,0.1388888888888889,0.0,1.0455573567940613,18,-1.6315613376482858
20,0.0694444444444445,0.1388888888888889,0.0,1.0455573567940613,19,1.0478197146216437
20,0.0694444444444445,0.1388888888888889,0.0,1.0455573567940613,20,1.0657474619008571
20,0.0694444444444445,0.1388888888888889,0.0,1.0455573567940613,21,1.1421595109714078
20,0.0694444444444445,0.1388888888888889,0.0,1.0455573567940613,22,1.1919513323302282
20,0.0694444444444445,0.1388888888888889,0.0,1.0455573567940613,23,1.3322897746056417
20,0.0694444444444445,0.1388888888888889,0.0,1.0455573567940613,24,1.357886745956205
20,0.0694444444444445,0.1388888888888889,0.0,1.0455573567940613,25,1.7425717489471841
20,0.0694444444444445,0.1388888888888889,0.0,1.0455573567940613,26,1.787760315497556
21,0.0555555555555555,0.1111111111111111,0.0,1.1005866913621698,1,-15.242752556523506
21,0.0555555555555555,0.1111111111111111,0.0,1.1005866913621698,2,-15.24248569343692
21,0.0555555555555555,0.1111111111111111,0.0,1.1005866913621698,3,-14.19030286121823
21,0.0555555555555555,0.1111111111111111,0.0,1.1005866913621698,4,-14.190265948739436
21,0.0555555555555555,0.1111111111111111,0.0,1.1005866913621698,5,-6.746728086064566
21,0.0555555555555555,0.1111111111111111,0.0,1.1005866913621698,6,-6.746348355574126
21,0.0555555555555555,0.1111111111111111,0.0,1.1005866913621698,7,-4.097140995619926
21,0.0555555555555555,0.1111111111111111,0.0,1.1005866913621698,8,-4.08949574738612
21,0.0555555555555555,0.1111111111111111,0.0,1.1005866913621698,9,-3.709327286534416
21,0.0555555555555555,0.1111111111111111,0.0,1.1005866913621698,10,-3.6955532115120384
21,0.0555555555555555,0.1111111111111111,0.0,1.1005866913621698,11,-3.648873182595322
21,0.0555555555555555,0.1111111111111111,0.0,1.1005866913621698,12,-3.6243335309196567
21,0.0555555555555555,0.1111111111111111,0.0,1.1005866913621698,13,-2.953824889324359
21,0.0555555555555555,0.1111111111111111,0.0,1.1005866913621698,14,-2.941252141793065
21,0.0555555555555555,0.1111111111111111,0.0,1.1005866913621698,15,-2.4504992491327267
21,0.0555555555555555,0.1111111111111111,0.0,1.1005866913621698,16,-2.4311861369236523
21,0.0555555555555555,0.1111111111111111,0.0,1.1005866913621698,17,-1.5918244296918433
21,0.0555555555555555,0.1111111111111111,0.0,1.1005866913621698,18,-1.5909963981022246
21,0.0555555555555555,0.1111111111111111,0.0,1.1005866913621698,19,1.1825559418953984
21,0.0555555555555555,0.1111111111111111,0.0,1.1005866913621698,20,1.2066923270550016
21,0.0555555555555555,0.1111111111111111,0.0,1.1005866913621698,21,1.2100308590335245
21,0.0555555555555555,0.1111111111111111,0.0,1.1005866913621698,22,1.2593365580203835
21,0.0555555555555555,0.1111111111111111,0.0,1.1005866913621698,23,1.4081128034046682
21,0.0555555555555555,0.1111111111111111,0.0,1.1005866913621698,24,1.4305408199490013
21,0.0555555555555555,0.1111111111111111,0.0,1.1005866913621698,25,1.63166449790539
21,0.0555555555555555,0.1111111111111111,0.0,1.1005866913621698,26,1.6721322316976366
22,0.0416666666666667,0.0833333333333333,0.0,1.1556160259302783,1,-15.299436054975303
22,0.0416666666666667,0.0833333333333333,0.0,1.1556160259302783,2,-15.299323600094969
22,0.0416666666666667,0.0833333333333333,0.0,1.1556160259302783,3,-14.219347381514893
22,0.0416666666666667,0.0833333333333333,0.0,1.1556160259302783,4,-14.219331823564218
22,0.0416666666666667,0.0833333333333333,0.0,1.1556160259302783,5,-6.813519495535567
22,0.0416666666666667,0.0833333333333333,0.0,1.1556160259302783,6,-6.813364041831666
22,0.0416666666666667,0.0833333333333333,0.0,1.1556160259302783,7,-3.9722687911409267
22,0.0416666666666667,0.0833333333333333,0.0,1.1556160259302783,8,-3.966420348326567
22,0.0416666666666667,0.0833333333333333,0.0,1.1556160259302783,9,-3.7075356559051666
22,0.0416666666666667,0.0833333333333333,0.0,1.1556160259302783,10,-3.704012028260723
22,0.0416666666666667,0.0833333333333333,0.0,1.1556160259302783,11,-3.5359745962787468
22,0.0416666666666667,0.0833333333333333,0.0,1.1556160259302783,12,-3.532587270586113
22,0.0416666666666667,0.0833333333333333,0.0,1.1556160259302783,13,-2.8468726886909055
22,0.0416666666666667,0.0833333333333333,0.0,1.1556160259302783,14,-2.8356724221483622
22,0.0416666666666667,0.0833333333333333,0.0,1.1556160259302783,15,-2.5194773886177027
22,0.0416666666666667,0.0833333333333333,0.0,1.1556160259302783,16,-2.50539083324734
22,0.0416666666666667,0.0833333333333333,0.0,1.1556160259302783,17,-1.564450090197112
22,0.0416666666666667,0.0833333333333333,0.0,1.1556160259302783,18,-1.5642106018029573
22,0.0416666666666667,0.0833333333333333,0.0,1.1556160259302783,19,1.2778298738623928
22,0.0416666666666667,0.0833333333333333,0.0,1.1556160259302783,20,1.2879620210737728
22,0.0416666666666667,0.0833333333333333,0.0,1.1556160259302783,21,1.3446047781793466
22,0.0416666666666667,0.0833333333333333,0.0,1.1556160259302783,22,1.3536398663585976
22,0.0416666666666667,0.0833333333333333,0.0,1.1556160259302783,23,1.4697697358909967
22,0.0416666666666667,0.0833333333333333,0.0,1.1556160259302783,24,1.4882279625660508
22,0.0416666666666667,0.0833333333333333,0.0,1.1556160259302783,25,1.546489240027772
22,0.0416666666666667,0.0833333333333333,0.0,1.1556160259302783,26,1.5807846479507055
23,0.0277777777777778,0.0555555555555556,0.0,1.2106453604983867,1,-15.340411925676257
23,0.0277777777777778,0.0555555555555556,0.0,1.2106453604983867,2,-15.340378631127063
23,0.0277777777777778,0.0555555555555556,0.0,1.2106453604983867,3,-14.240341492987543
23,0.0277777777777778,0.0555555555555556,0.0,1.2106453604983867,4,-14.240336884077312
23,0.0277777777777778,0.0555555555555556,0.0,1.2106453604983867,5,-6.862826247957838
23,0.0277777777777778,0.0555555555555556,0.0,1.2106453604983867,6,-6.862781131143232
23,0.0277777777777778,0.0555555555555556,0.0,1.2106453604983867,7,-3.8801240500544916
23,0.0277777777777778,0.0555555555555556,0.0,1.2106453604983867,8,-3.876552077441721
23,0.0277777777777778,0.0555555555555556,0.0,1.2106453604983867,9,-3.7450116599242156
23,0.0277777777777778,0.0555555555555556,0.0,1.2106453604983867,10,-3.7417150549278313
23,0.0277777777777778,0.0555555555555556,0.0,1.2106453604983867,11,-3.3919915833325023
23,0.0277777777777778,0.0555555555555556,0.0,1.2106453604983867,12,-3.3915758048913185
23,0.0277777777777778,0.0555555555555556,0.0,1.2106453604983867,13,-2.7742213790149473
23,0.0277777777777778,0.0555555555555556,0.0,1.2106453604983867,14,-2.7663443177935267
23,0.0277777777777778,0.0555555555555556,0.0,1.2106453604983867,15,-2.593578317627038
23,0.0277777777777778,0.0555555555555556,0.0,1.2106453604983867,16,-2.5849523521723885
23,0.0277777777777778,0.0555555555555556,0.0,1.2106453604983867,17,-1.5480062696063102
23,0.0277777777777778,0.0555555555555556,0.0,1.2106453604983867,18,-1.547959202182303
23,0.0277777777777778,0.0555555555555556,0.0,1.2106453604983867,19,1.338807637065541
23,0.0277777777777778,0.0555555555555556,0.0,1.2106453604983867,20,1.3497904393191453
23,0.0277777777777778,0.0555555555555556,0.0,1.2106453604983867,21,1.4452444057848086
23,0.0277777777777778,0.0555555555555556,0.0,1.2106453604983867,22,1.4479838168059256
23,0.0277777777777778,0.0555555555555556,0.0,1.2106453604983867,23,1.489866789225694
23,0.0277777777777778,0.0555555555555556,0.0,1.2106453604983867,24,1.500614020113222
23,0.0277777777777778,0.0555555555555556,0.0,1.2106453604983867,25,1.5426892916932495
23,0.0277777777777778,0.0555555555555556,0.0,1.2106453604983867,26,1.5445621828313663
24,0.0138888888888889,0.0277777777777778,0.0,1.2656746950664952,1,-15.365195124754486
24,0.0138888888888889,0.0277777777777778,0.0,1.2656746950664952,2,-15.365190969638363
24,0.0138888888888889,0.0277777777777778,0.0,1.2656746950664952,3,-14.25304312382843
24,0.0138888888888889,0.0277777777777778,0.0,1.2656746950664952,4,-14.253042548871893
24,0.0138888888888889,0.0277777777777778,0.0,1.2656746950664952,5,-6.893034688417576
24,0.0138888888888889,0.0277777777777778,0.0,1.2656746950664952,6,-6.893029097380366
24,0.0138888888888889,0.0277777777777778,0.0,1.2656746950664952,7,-3.8322174140280323
24,0.0138888888888889,0.0277777777777778,0.0,1.2656746950664952,8,-3.831394166641667
24,0.0138888888888889,0.0277777777777778,0.0,1.2656746950664952,9,-3.756656594450182
24,0.0138888888888889,0.0277777777777778,0.0,1.2656746950664952,10,-3.755855056343388
24,0.0138888888888889,0.0277777777777778,0.0,1.2656746950664952,11,-3.279663271099137
24,0.0138888888888889,0.0277777777777778,0.0,1.2656746950664952,12,-3.2796605087477753
24,0.0138888888888889,0.0277777777777778,0.0,1.2656746950664952,13,-2.7430445803625902
24,0.0138888888888889,0.0277777777777778,0.0,1.2656746950664952,14,-2.740734532728143
24,0.0138888888888889,0.0277777777777778,0.0,1.2656746950664952,15,-2.648156232448441
24,0.0138888888888889,0.0277777777777778,0.0,1.2656746950664952,16,-2.6457895294545786
24,0.0138888888888889,0.0277777777777778,0.0,1.2656746950664952,17,-1.5394617179671592
24,0.0138888888888889,0.0277777777777778,0.0,1.2656746950664952,18,-1.5394576645581535
24,0.0138888888888889,0.0277777777777778,0.0,1.2656746950664952,19,1.3719882417307736
24,0.0138888888888889,0.0277777777777778,0.0,1.2656746950664952,20,1.3747316565430463
24,0.0138888888888889,0.0277777777777778,0.0,1.2656746950664952,21,1.449552151166781
24,0.0138888888888889,0.0277777777777778,0.0,1.2656746950664952,22,1.4514573919494822
24,0.0138888888888889,0.0277777777777778,0.0,1.2656746950664952,23,1.5458274417110367
24,0.0138888888888889,0.0277777777777778,0.0,1.2656746950664952,24,1.5493083038407036
24,0.0138888888888889,0.0277777777777778,0.0,1.2656746950664952,25,1.5660400883961625
24,0.0138888888888889,0.0277777777777778,0.0,1.2656746950664952,26,1.5681746037365278
25,0.0,0.0,0.0,1.3207040296346038,1,-15.37348357067651
25,0.0,0.0,0.0,1.3207040296346038,2,-15.373483569284447
25,0.0,0.0,0.0,1.3207040296346038,3,-14.2572963962532
25,0.0,0.0,0.0,1.3207040296346038,4,-14.257296396079191
25,0.0,0.0,0.0,1.3207040296346038,5,-6.903206935799928
25,0.0,0.0,0.0,1.3207040296346038,6,-6.903206934407865
25,0.0,0.0,0.0,1.3207040296346038,7,-3.8232167388930147
25,0.0,0.0,0.0,1.3207040296346038,8,-3.8232167344558112
25,0.0,0.0,0.0,1.3207040296346038,9,-3.7532802785109673
25,0.0,0.0,0.0,1.3207040296346038,10,-3.753280275465827
25,0.0,0.0,0.0,1.3207040296346038,11,-3.2336311510792894
25,0.0,0.0,0.0,1.3207040296346038,12,-3.2336311509922853
25,0.0,0.0,0.0,1.3207040296346038,13,-2.7469070124338497
25,0.0,0.0,0.0,1.3207040296346038,14,-2.746907010954782
25,0.0,0.0,0.0,1.3207040296346038,15,-2.66033608636356
25,0.0,0.0,0.0,1.3207040296346038,16,-2.660336082970405
25,0.0,0.0,0.0,1.3207040296346038,17,-1.536833724619521
25,0.0,0.0,0.0,1.3207040296346038,18,-1.5368337214873775
25,0.0,0.0,0.0,1.3207040296346038,19,1.376337950110881
25,0.0,0.0,0.0,1.3207040296346038,20,1.376338169186917
25,0.0,0.0,0.0,1.3207040296346038,21,1.4510056064962504
25,0.0,0.0,0.0,1.3207040296346038,22,1.4510063545565197
25,0.0,0.0,0.0,1.3207040296346038,23,1.5709386751410923
25,0.0,0.0,0.0,1.3207040296346038,24,1.570975781731971
25,0.0,0.0,0.0,1.3207040296346038,25,1.5784139502305536
25,0.0,0.0,0.0,1.3207040296346038,26,1.5784327599702404
26,-0.0138888888888889,-0.0277777777777778,0.0,1.3757333642027123,1,-15.365195123724561
26,-0.0138888888888889,-0.0277777777777778,0.0,1.3757333642027123,2,-15.365190970658693
26,-0.0138888888888889,-0.0277777777777778,0.0,1.3757333642027123,3,-14.253043123807146
26,-0.0138888888888889,-0.0277777777777778,0.0,1.3757333642027123,4,-14.25304254897473
26,-0.0138888888888889,-0.0277777777777778,0.0,1.3757333642027123,5,-6.893034687009541
26,-0.0138888888888889,-0.0277777777777778,0.0,1.3757333642027123,6,-6.893029098749045
26,-0.0138888888888889,-0.0277777777777778,0.0,1.3757333642027123,7,-3.832217413114934
26,-0.0138888888888889,-0.0277777777777778,0.0,1.3757333642027123,8,-3.8313941665624225
26,-0.0138888888888889,-0.0277777777777778,0.0,1.3757333642027123,9,-3.7566566002583373
26,-0.0138888888888889,-0.0277777777777778,0.0,1.3757333642027123,10,-3.7558550503583903
26,-0.0138888888888889,-0.0277777777777778,0.0,1.3757333642027123,11,-3.2796632710477125
26,-0.0138888888888889,-0.0277777777777778,0.0,1.3757333642027123,12,-3.2796605083040684
26,-0.0138888888888889,-0.0277777777777778,0.0,1.3757333642027123,13,-2.7430445774058074
26,-0.0138888888888889,-0.0277777777777778,0.0,1.3757333642027123,14,-2.7407345336746345
26,-0.0138888888888889,-0.0277777777777778,0.0,1.3757333642027123,15,-2.648156236062111
26,-0.0138888888888889,-0.0277777777777778,0.0,1.3757333642027123,16,-2.6457895281914916
26,-0.0138888888888889,-0.0277777777777778,0.0,1.3757333642027123,17,-1.5394617148124938
26,-0.0138888888888889,-0.0277777777777778,0.0,1.3757333642027123,18,-1.5394576677065204
26,-0.0138888888888889,-0.0277777777777778,0.0,1.3757333642027123,19,1.3720139635519115
26,-0.0138888888888889,-0.0277777777777778,0.0,1.3757333642027123,20,1.374733513448585
26,-0.0138888888888889,-0.0277777777777778,0.0,1.3757333642027123,21,1.449542685922645
26,-0.0138888888888889,-0.0277777777777778,0.0,1.3757333642027123,22,1.4514331019907054
26,-0.0138888888888889,-0.0277777777777778,0.0,1.3757333642027123,23,1.5456314967344666
26,-0.0138888888888889,-0.0277777777777778,0.0,1.3757333642027123,24,1.5494056692913634
26,-0.0138888888888889,-0.0277777777777778,0.0,1.3757333642027123,25,1.5652392314204215
26,-0.0138888888888889,-0.0277777777777778,0.0,1.3757333642027123,26,1.5683855636811108
27,-0.0277777777777778,-0.0555555555555555,0.0,1.4307626987708206,1,-15.340411922821215
27,-0.0277777777777778,-0.0555555555555555,0.0,1.4307626987708206,2,-15.340378628908562
27,-0.0277777777777778,-0.0555555555555555,0.0,1.4307626987708206,3,-14.240341492686326
27,-0.0277777777777778,-0.0555555555555555,0.0,1.4307626987708206,4,-14.240336883830649
27,-0.0277777777777778,-0.0555555555555555,0.0,1.4307626987708206,5,-6.86282624645717
27,-0.0277777777777778,-0.0555555555555555,0.0,1.4307626987708206,6,-6.862781132499278
27,-0.0277777777777778,-0.0555555555555555,0.0,1.4307626987708206,7,-3.880124051968453
27,-0.0277777777777778,-0.0555555555555555,0.0,1.4307626987708206,8,-3.8765520744411166
27,-0.0277777777777778,-0.0555555555555555,0.0,1.4307626987708206,9,-3.7450116691331967
27,-0.0277777777777778,-0.0555555555555555,0.0,1.4307626987708206,10,-3.7417150454740025
27,-0.0277777777777778,-0.0555555555555555,0.0,1.4307626987708206,11,-3.391991582348326
27,-0.0277777777777778,-0.0555555555555555,0.0,1.4307626987708206,12,-3.391575804737636
27,-0.0277777777777778,-0.0555555555555555,0.0,1.4307626987708206,13,-2.7742213737416908
27,-0.0277777777777778,-0.0555555555555555,0.0,1.4307626987708206,14,-2.7663443163114367
27,-0.0277777777777778,-0.0555555555555555,0.0,1.4307626987708206,15,-2.5935783179742824
27,-0.0277777777777778,-0.0555555555555555,0.0,1.4307626987708206,16,-2.5849523491736717
27,-0.0277777777777778,-0.0555555555555555,0.0,1.4307626987708206,17,-1.5480062665111685
27,-0.0277777777777778,-0.0555555555555555,0.0,1.4307626987708206,18,-1.5479592053260836
27,-0.0277777777777778,-0.0555555555555555,0.0,1.4307626987708206,19,1.338805925242457
27,-0.0277777777777778,-0.0555555555555555,0.0,1.4307626987708206,20,1.3497894650603512
27,-0.0277777777777778,-0.0555555555555555,0.0,1.4307626987708206,21,1.445243016436042
27,-0.0277777777777778,-0.0555555555555555,0.0,1.4307626987708206,22,1.4479816494247217
27,-0.0277777777777778,-0.0555555555555555,0.0,1.4307626987708206,23,1.4898607915523048
27,-0.0277777777777778,-0.0555555555555555,0.0,1.4307626987708206,24,1.5005853301798668
27,-0.0277777777777778,-0.0555555555555555,0.0,1.4307626987708206,25,1.5426244903147115
27,-0.0277777777777778,-0.0555555555555555,0.0,1.4307626987708206,26,1.5445538554138794
28,-0.0416666666666667,-0.0833333333333333,0.0,1.4857920333389292,1,-15.299436056194924
28,-0.0416666666666667,-0.0833333333333333,0.0,1.4857920333389292,2,-15.299323601843387
28,-0.0416666666666667,-0.0833333333333333,0.0,1.4857920333389292,3,-14.219347381817801
28,-0.0416666666666667,-0.0833333333333333,0.0,1.4857920333389292,4,-14.21933182390859
28,-0.0416666666666667,-0.0833333333333333,0.0,1.4857920333389292,5,-6.813519494097019
28,-0.0416666666666667,-0.0833333333333333,0.0,1.4857920333389292,6,-6.81336404328582
28,-0.0416666666666667,-0.0833333333333333,0.0,1.4857920333389292,7,-3.972268794698638
28,-0.0416666666666667,-0.0833333333333333,0.0,1.4857920333389292,8,-3.966420345466359
28,-0.0416666666666667,-0.0833333333333333,0.0,1.4857920333389292,9,-3.70753566570861
28,-0.0416666666666667,-0.0833333333333333,0.0,1.4857920333389292,10,-3.704012018811997
28,-0.0416666666666667,-0.0833333333333333,0.0,1.4857920333389292,11,-3.5359745942273415
28,-0.0416666666666667,-0.0833333333333333,0.0,1.4857920333389292,12,-3.5325872698508145
28,-0.0416666666666667,-0.0833333333333333,0.0,1.4857920333389292,13,-2.84687268281604
28,-0.0416666666666667,-0.0833333333333333,0.0,1.4857920333389292,14,-2.8356724189098053
28,-0.0416666666666667,-0.0833333333333333,0.0,1.4857920333389292,15,-2.519477388207303
28,-0.0416666666666667,-0.0833333333333333,0.0,1.4857920333389292,16,-2.5053908293137783
28,-0.0416666666666667,-0.0833333333333333,0.0,1.4857920333389292,17,-1.5644500870391205
28,-0.0416666666666667,-0.0833333333333333,0.0,1.4857920333389292,18,-1.5642106050288476
28,-0.0416666666666667,-0.0833333333333333,0.0,1.4857920333389292,19,1.2778299045444184
28,-0.0416666666666667,-0.0833333333333333,0.0,1.4857920333389292,20,1.2879623336265835
28,-0.0416666666666667,-0.0833333333333333,0.0,1.4857920333389292,21,1.3446066383323905
28,-0.0416666666666667,-0.0833333333333333,0.0,1.4857920333389292,22,1.3536425657307554
28,-0.0416666666666667,-0.0833333333333333,0.0,1.4857920333389292,23,1.46977050321374
28,-0.0416666666666667,-0.0833333333333333,0.0,1.4857920333389292,24,1.4882311219036901
28,-0.0416666666666667,-0.0833333333333333,0.0,1.4857920333389292,25,1.546489174517026
28,-0.0416666666666667,-0.0833333333333333,0.0,1.4857920333389292,26,1.580786977120629
29,-0.0555555555555556,-0.1111111111111112,0.0,1.540821367907038,1,-15.24275255635553
29,-0.0555555555555556,-0.1111111111111112,0.0,1.540821367907038,2,-15.242485693705326
29,-0.0555555555555556,-0.1111111111111112,0.0,1.540821367907038,3,-14.190302861124145
29,-0.0555555555555556,-0.1111111111111112,0.0,1.540821367907038,4,-14.190265948965703
29,-0.0555555555555556,-0.1111111111111112,0.0,1.540821367907038,5,-6.7467280845707815
29,-0.0555555555555556,-0.1111111111111112,0.0,1.540821367907038,6,-6.746348357131378
29,-0.0555555555555556,-0.1111111111111112,0.0,1.540821367907038,7,-4.097140999929545
29,-0.0555555555555556,-0.1111111111111112,0.0,1.540821367907038,8,-4.089495744377475
29,-0.0555555555555556,-0.1111111111111112,0.0,1.540821367907038,9,-3.709327287071641
29,-0.0555555555555556,-0.1111111111111112,0.0,1.540821367907038,10,-3.6955532112626117
29,-0.0555555555555556,-0.1111111111111112,0.0,1.540821367907038,11,-3.6488731915774526
29,-0.0555555555555556,-0.1111111111111112,0.0,1.540821367907038,12,-3.6243335209191363
29,-0.0555555555555556,-0.1111111111111112,0.0,1.540821367907038,13,-2.9538248872860047
29,-0.0555555555555556,-0.1111111111111112,0.0,1.540821367907038,14,-2.9412521428091196
29,-0.0555555555555556,-0.1111111111111112,0.0,1.540821367907038,15,-2.4504992506920713
29,-0.0555555555555556,-0.1111111111111112,0.0,1.540821367907038,16,-2.431186136658477
29,-0.0555555555555556,-0.1111111111111112,0.0,1.540821367907038,17,-1.5918244265018375
29,-0.0555555555555556,-0.1111111111111112,0.0,1.540821367907038,18,-1.5909964012916815
29,-0.0555555555555556,-0.1111111111111112,0.0,1.540821367907038,19,1.1825560478354662
29,-0.0555555555555556,-0.1111111111111112,0.0,1.540821367907038,20,1.2066925438046425
29,-0.0555555555555556,-0.1111111111111112,0.0,1.540821367907038,21,1.2100310591666672
29,-0.0555555555555556,-0.1111111111111112,0.0,1.540821367907038,22,1.259336270687168
29,-0.0555555555555556,-0.1111111111111112,0.0,1.540821367907038,23,1.4081139668637626
29,-0.0555555555555556,-0.1111111111111112,0.0,1.540821367907038,24,1.4305440414632256
29,-0.0555555555555556,-0.1111111111111112,0.0,1.540821367907038,25,1.631680542702299
29,-0.0555555555555556,-0.1111111111111112,0.0,1.540821367907038,26,1.6721129968656077
30,-0.0694444444444444,-0.1388888888888888,0.0,1.595850702475146,1,-15.171030643328493
30,-0.0694444444444444,-0.1388888888888888,0.0,1.595850702475146,2,-15.170508717381264
30,-0.0694444444444444,-0.1388888888888888,0.0,1.595850702475146,3,-14.153583787708463
30,-0.0694444444444444,-0.1388888888888888,0.0,1.595850702475146,4,-14.15351170011029
30,-0.0694444444444444,-0.1388888888888888,0.0,1.595850702475146,5,-6.66484287268683
30,-0.0694444444444444,-0.1388888888888888,0.0,1.595850702475146,6,-6.664069897399738
30,-0.0694444444444444,-0.1388888888888888,0.0,1.595850702475146,7,-4.24539814365359
30,-0.0694444444444444,-0.1388888888888888,0.0,1.595850702475146,8,-4.236384845942892
30,-0.0694444444444444,-0.1388888888888888,0.0,1.595850702475146,9,-3.859423030879736
30,-0.0694444444444444,-0.1388888888888888,0.0,1.595850702475146,10,-3.8561161512591005
30,-0.0694444444444444,-0.1388888888888888,0.0,1.595850702475146,11,-3.5785623200803673
30,-0.0694444444444444,-0.1388888888888888,0.0,1.595850702475146,12,-3.559600277248846
30,-0.0694444444444444,-0.1388888888888888,0.0,1.595850702475146,13,-3.0932390880638763
30,-0.0694444444444444,-0.1388888888888888,0.0,1.595850702475146,14,-3.081139642510266
30,-0.0694444444444444,-0.1388888888888888,0.0,1.595850702475146,15,-2.395088374761619
30,-0.0694444444444444,-0.1388888888888888,0.0,1.595850702475146,16,-2.3708533358309394
30,-0.0694444444444444,-0.1388888888888888,0.0,1.595850702475146,17,-1.633798767311712
30,-0.0694444444444444,-0.1388888888888888,0.0,1.595850702475146,18,-1.6315613409449021
30,-0.0694444444444444,-0.1388888888888888,0.0,1.595850702475146,19,1.0478195017196144
30,-0.0694444444444444,-0.1388888888888888,0.0,1.595850702475146,20,1.0657466282211092
30,-0.0694444444444444,-0.1388888888888888,0.0,1.595850702475146,21,1.1421574403205108
30,-0.0694444444444444,-0.1388888888888888,0.0,1.595850702475146,22,1.1919509461146505
30,-0.0694444444444444,-0.1388888888888888,0.0,1.595850702475146,23,1.3322893290472377
30,-0.0694444444444444,-0.1388888888888888,0.0,1.595850702475146,24,1.357884720406377
30,-0.0694444444444444,-0.1388888888888888,0.0,1.595850702475146,25,1.7425761175224554
30,-0.0694444444444444,-0.1388888888888888,0.0,1.595850702475146,26,1.7877457469823677
31,-0.0833333333333333,-0.1666666666666667,0.0,1.6508800370432548,1,-15.08513960272663
31,-0.0833333333333333,-0.1666666666666667,0.0,1.6508800370432548,2,-15.084236191959489
31,-0.0833333333333333,-0.1666666666666667,0.0,1.6508800370432548,3,-14.109651447891244
31,-0.0833333333333333,-0.1666666666666667,0.0,1.6508800370432548,4,-14.109526960319533
31,-0.0833333333333333,-0.1666666666666667,0.0,1.6508800370432548,5,-6.571213971211916
31,-0.0833333333333333,-0.1666666666666667,0.0,1.6508800370432548,6,-6.569803313183812
31,-0.0833333333333333,-0.1666666666666667,0.0,1.6508800370432548,7,-4.408208251145936
31,-0.0833333333333333,-0.1666666666666667,0.0,1.6508800370432548,8,-4.398394691131347
31,-0.0833333333333333,-0.1666666666666667,0.0,1.6508800370432548,9,-4.016417933229452
31,-0.0833333333333333,-0.1666666666666667,0.0,1.6508800370432548,10,-4.016329304372167
31,-0.0833333333333333,-0.1666666666666667,0.0,1.6508800370432548,11,-3.496490501023188
31,-0.0833333333333333,-0.1666666666666667,0.0,1.6508800370432548,12,-3.4743396288316557
31,-0.0833333333333333,-0.1666666666666667,0.0,1.6508800370432548,13,-3.26267412771987
31,-0.0833333333333333,-0.1666666666666667,0.0,1.6508800370432548,14,-3.2529785631896644
31,-0.0833333333333333,-0.1666666666666667,0.0,1.6508800370432548,15,-2.3560482950342596
31,-0.0833333333333333,-0.1666666666666667,0.0,1.6508800370432548,16,-2.3274930126609226
31,-0.0833333333333333,-0.1666666666666667,0.0,1.6508800370432548,17,-1.693635825432458
31,-0.0833333333333333,-0.1666666666666667,0.0,1.6508800370432548,18,-1.6885632550837602
31,-0.0833333333333333,-0.1666666666666667,0.0,1.6508800370432548,19,0.915294161053721
31,-0.0833333333333333,-0.1666666666666667,0.0,1.6508800370432548,20,0.9271014405802892
31,-0.0833333333333333,-0.1666666666666667,0.0,1.6508800370432548,21,1.091693753321826
31,-0.0833333333333333,-0.1666666666666667,0.0,1.6508800370432548,22,1.1419491248400488
31,-0.0833333333333333,-0.1666666666666667,0.0,1.6508800370432548,23,1.2501683257387022
31,-0.0833333333333333,-0.1666666666666667,0.0,1.6508800370432548,24,1.278997001608083
31,-0.0833333333333333,-0.1666666666666667,0.0,1.6508800370432548,25,1.870511300333971
31,-0.0833333333333333,-0.1666666666666667,0.0,1.6508800370432548,26,1.919022864249519
32,-0.0972222222222223,-0.1944444444444445,0.0,1.7059093716113634,1,-14.98616118138356
32,-0.0972222222222223,-0.1944444444444445,0.0,1.7059093716113634,2,-14.984724122815729
32,-0.0972222222222223,-0.1944444444444445,0.0,1.7059093716113634,3,-14.059089744780172
32,-0.0972222222222223,-0.1944444444444445,0.0,1.7059093716113634,4,-14.058892305775105
32,-0.0972222222222223,-0.1944444444444445,0.0,1.7059093716113634,5,-6.470514278767082
32,-0.0972222222222223,-0.1944444444444445,0.0,1.7059093716113634,6,-6.46811346305952
32,-0.0972222222222223,-0.1944444444444445,0.0,1.7059093716113634,7,-4.576408004498916
32,-0.0972222222222223,-0.1944444444444445,0.0,1.7059093716113634,8,-4.566572723756034
32,-0.0972222222222223,-0.1944444444444445,0.0,1.7059093716113634,9,-4.17163867820728
32,-0.0972222222222223,-0.1944444444444445,0.0,1.7059093716113634,10,-4.168711412130952
32,-0.0972222222222223,-0.1944444444444445,0.0,1.7059093716113634,11,-3.464978411990119
32,-0.0972222222222223,-0.1944444444444445,0.0,1.7059093716113634,12,-3.454488619136063
32,-0.0972222222222223,-0.1944444444444445,0.0,1.7059093716113634,13,-3.401950366118731
32,-0.0972222222222223,-0.1944444444444445,0.0,1.7059093716113634,14,-3.3794056953897957
32,-0.0972222222222223,-0.1944444444444445,0.0,1.7059093716113634,15,-2.3341901256897577
32,-0.0972222222222223,-0.1944444444444445,0.0,1.7059093716113634,16,-2.3021293045459474
32,-0.0972222222222223,-0.1944444444444445,0.0,1.7059093716113634,17,-1.7727091918649727
32,-0.0972222222222223,-0.1944444444444445,0.0,1.7059093716113634,18,-1.762637938799383
32,-0.0972222222222223,-0.1944444444444445,0.0,1.7059093716113634,19,0.7971268788598637
32,-0.0972222222222223,-0.1944444444444445,0.0,1.7059093716113634,20,0.8005201527048303
32,-0.0972222222222223,-0.1944444444444445,0.0,1.7059093716113634,21,1.0619328490584596
32,-0.0972222222222223,-0.1944444444444445,0.0,1.7059093716113634,22,1.1074044292012946
32,-0.0972222222222223,-0.1944444444444445,0.0,1.7059093716113634,23,1.1707288323894054
32,-0.0972222222222223,-0.1944444444444445,0.0,1.7059093716113634,24,1.2052903273938753
32,-0.0972222222222223,-0.1944444444444445,0.0,1.7059093716113634,25,2.009222140314697
32,-0.0972222222222223,-0.1944444444444445,0.0,1.7059093716113634,26,2.0597037025638594
33,-0.1111111111111111,-0.2222222222222222,0.0,1.7609387061794717,1,-14.875376330848912
33,-0.1111111111111111,-0.2222222222222222,0.0,1.7609387061794717,2,-14.87322749602577
33,-0.1111111111111111,-0.2222222222222222,0.0,1.7609387061794717,3,-14.002564614743733
33,-0.1111111111111111,-0.2222222222222222,0.0,1.7609387061794717,4,-14.002270574935343
33,-0.1111111111111111,-0.2222222222222222,0.0,1.7609387061794717,5,-6.369261209511112
33,-0.1111111111111111,-0.2222222222222222,0.0,1.7609387061794717,6,-6.3653652238071565
33,-0.1111111111111111,-0.2222222222222222,0.0,1.7609387061794717,7,-4.7399979419351315
33,-0.1111111111111111,-0.2222222222222222,0.0,1.7609387061794717,8,-4.731160597955331
33,-0.1111111111111111,-0.2222222222222222,0.0,1.7609387061794717,9,-4.32035885196002
33,-0.1111111111111111,-0.2222222222222222,0.0,1.7609387061794717,10,-4.313782877516992
33,-0.1111111111111111,-0.2222222222222222,0.0,1.7609387061794717,11,-3.677580240833255
33,-0.1111111111111111,-0.2222222222222222,0.0,1.7609387061794717,12,-3.674948662617043
33,-0.1111111111111111,-0.2222222222222222,0.0,1.7609387061794717,13,-3.318445548015598
33,-0.1111111111111111,-0.2222222222222222,0.0,1.7609387061794717,14,-3.286444028025438
33,-0.1111111111111111,-0.2222222222222222,0.0,1.7609387061794717,15,-2.3295657119213096
33,-0.1111111111111111,-0.2222222222222222,0.0,1.7609387061794717,16,-2.294845181989272
33,-0.1111111111111111,-0.2222222222222222,0.0,1.7609387061794717,17,-1.8686218404279695
33,-0.1111111111111111,-0.2222222222222222,0.0,1.7609387061794717,18,-1.8506038856085856
33,-0.1111111111111111,-0.2222222222222222,0.0,1.7609387061794717,19,0.6884945886948919
33,-0.1111111111111111,-0.2222222222222222,0.0,1.7609387061794717,20,0.6970462863315141
33,-0.1111111111111111,-0.2222222222222222,0.0,1.7609387061794717,21,1.0530212317177257
33,-0.1111111111111111,-0.2222222222222222,0.0,1.7609387061794717,22,1.0766574104943953
33,-0.1111111111111111,-0.2222222222222222,0.0,1.7609387061794717,23,1.106401723188072
33,-0.1111111111111111,-0.2222222222222222,0.0,1.7609387061794717,24,1.159525028133371
33,-0.1111111111111111,-0.2222222222222222,0.0,1.7609387061794717,25,2.15278299571071
33,-0.1111111111111111,-0.2222222222222222,0.0,1.7609387061794717,26,2.2037915345467045
34,-0.125,-0.25,0.0,1.8159680407475802,1,-14.754318752078543
34,-0.125,-0.25,0.0,1.8159680407475802,2,-14.751254623957369
34,-0.125,-0.25,0.0,1.8159680407475802,3,-13.94087573439991
34,-0.125,-0.25,0.0,1.8159680407475802,4,-13.940458684246604
34,-0.125,-0.25,0.0,1.8159680407475802,5,-6.276676780404397
34,-0.125,-0.25,0.0,1.8159680407475802,6,-6.270602763150883
34,-0.125,-0.25,0.0,1.8159680407475802,7,-4.887439683457963
34,-0.125,-0.25,0.0,1.8159680407475802,8,-4.880860408476655
34,-0.125,-0.25,0.0,1.8159680407475802,9,-4.463525908563433
34,-0.125,-0.25,0.0,1.8159680407475802,10,-4.452039137653639
34,-0.125,-0.25,0.0,1.8159680407475802,11,-3.9082711836296404
34,-0.125,-0.25,0.0,1.8159680407475802,12,-3.904109150445856
34,-0.125,-0.25,0.0,1.8159680407475802,13,-3.243825207360546
34,-0.125,-0.25,0.0,1.8159680407475802,14,-3.2027919128576077
34,-0.125,-0.25,0.0,1.8159680407475802,15,-2.3420511498268777
34,-0.125,-0.25,0.0,1.8159680407475802,16,-2.3054149183849795
34,-0.125,-0.25,0.0,1.8159680407475802,17,-1.9735361653368964
34,-0.125,-0.25,0.0,1.8159680407475802,18,-1.9439615904839167
34,-0.125,-0.25,0.0,1.8159680407475802,19,0.5909134805913049
34,-0.125,-0.25,0.0,1.8159680407475802,20,0.6143410725695249
34,-0.125,-0.25,0.0,1.8159680407475802,21,1.0411657408578026
34,-0.125,-0.25,0.0,1.8159680407475802,22,1.0432620894667357
34,-0.125,-0.25,0.0,1.8159680407475802,23,1.087915583694747
34,-0.125,-0.25,0.0,1.8159680407475802,24,1.1597036067746456
34,-0.125,-0.25,0.0,1.8159680407475802,25,2.29551638243235
34,-0.125,-0.25,0.0,1.8159680407475802,26,2.3455979994681924
35,-0.1388888888888889,-0.2777777777777778,0.0,1.8709973753156888,1,-14.624727663512003
35,-0.1388888888888889,-0.2777777777777778,0.0,1.8709973753156888,2,-14.620520841874635
35,-0.1388888888888889,-0.2777777777777778,0.0,1.8709973753156888,3,-13.874932358358896
35,-0.1388888888888889,-0.2777777777777778,0.0,1.8709973753156888,4,-13.874363699610933
35,-0.1388888888888889,-0.2777777777777778,0.0,1.8709973753156888,5,-6.205169866373414
35,-0.1388888888888889,-0.2777777777777778,0.0,1.8709973753156888,6,-6.196184400193799
35,-0.1388888888888889,-0.2777777777777778,0.0,1.8709973753156888,7,-5.005061887029839
35,-0.1388888888888889,-0.2777777777777778,0.0,1.8709973753156888,8,-5.002088297668109
35,-0.1388888888888889,-0.2777777777777778,0.0,1.8709973753156888,9,-4.60690450565979
35,-0.1388888888888889,-0.2777777777777778,0.0,1.8709973753156888,10,-4.588684943208916
35,-0.1388888888888889,-0.2777777777777778,0.0,1.8709973753156888,11,-4.139792772103476
35,-0.1388888888888889,-0.2777777777777778,0.0,1.8709973753156888,12,-4.12704388849245
35,-0.1388888888888889,-0.2777777777777778,0.0,1.8709973753156888,13,-3.196713345090826
35,-0.1388888888888889,-0.2777777777777778,0.0,1.8709973753156888,14,-3.1446772625823343
35,-0.1388888888888889,-0.2777777777777778,0.0,1.8709973753156888,15,-2.3713496650649963
35,-0.1388888888888889,-0.2777777777777778,0.0,1.8709973753156888,16,-2.3335869179248947
35,-0.1388888888888889,-0.2777777777777778,0.0,1.8709973753156888,17,-2.07317173232149
35,-0.1388888888888889,-0.2777777777777778,0.0,1.8709973753156888,18,-2.0284030548478897
35,-0.1388888888888889,-0.2777777777777778,0.0,1.8709973753156888,19,0.5091500729500029
35,-0.1388888888888889,-0.2777777777777778,0.0,1.8709973753156888,20,0.5482868423670064
35,-0.1388888888888889,-0.2777777777777778,0.0,1.8709973753156888,21,1.0206046050613198
35,-0.1388888888888889,-0.2777777777777778,0.0,1.8709973753156888,22,1.0290129489153552
35,-0.1388888888888889,-0.2777777777777778,0.0,1.8709973753156888,23,1.1217874406115358
35,-0.1388888888888889,-0.2777777777777778,0.0,1.8709973753156888,24,1.1909429832985672
35,-0.1388888888888889,-0.2777777777777778,0.0,1.8709973753156888,25,2.4322053996135775
35,-0.1388888888888889,-0.2777777777777778,0.0,1.8709973753156888,26,2.4798422434711425
36,-0.1527777777777778,-0.3055555555555555,0.0,1.926026709883797,1,-14.488607329941788
36,-0.1527777777777778,-0.3055555555555555,0.0,1.926026709883797,2,-14.483009129701784
36,-0.1527777777777778,-0.3055555555555555,0.0,1.926026709883797,3,-13.805729757477348
36,-0.1527777777777778,-0.3055555555555555,0.0,1.926026709883797,4,-13.804979357016288
36,-0.1527777777777778,-0.3055555555555555,0.0,1.926026709883797,5,-6.168232234017477
36,-0.1527777777777778,-0.3055555555555555,0.0,1.926026709883797,6,-6.156077907853902
36,-0.1527777777777778,-0.3055555555555555,0.0,1.926026709883797,7,-5.080578199668889
36,-0.1527777777777778,-0.3055555555555555,0.0,1.926026709883797,8,-5.079089655604115
36,-0.1527777777777778,-0.3055555555555555,0.0,1.926026709883797,9,-4.763775187827422
36,-0.1527777777777778,-0.3055555555555555,0.0,1.926026709883797,10,-4.73821042673657
36,-0.1527777777777778,-0.3055555555555555,0.0,1.926026709883797,11,-4.346811754408279
36,-0.1527777777777778,-0.3055555555555555,0.0,1.926026709883797,12,-4.324942760143323
36,-0.1527777777777778,-0.3055555555555555,0.0,1.926026709883797,13,-3.1944648739707966
36,-0.1527777777777778,-0.3055555555555555,0.0,1.926026709883797,14,-3.131740005822675
36,-0.1527777777777778,-0.3055555555555555,0.0,1.926026709883797,15,-2.4166236327273976
36,-0.1527777777777778,-0.3055555555555555,0.0,1.926026709883797,16,-2.379214886514509
36,-0.1527777777777778,-0.3055555555555555,0.0,1.926026709883797,17,-2.1486477472983263
36,-0.1527777777777778,-0.3055555555555555,0.0,1.926026709883797,18,-2.0867881187857185
36,-0.1527777777777778,-0.3055555555555555,0.0,1.926026709883797,19,0.4486216324529402
36,-0.1527777777777778,-0.3055555555555555,0.0,1.926026709883797,20,0.5020986202617915
36,-0.1527777777777778,-0.3055555555555555,0.0,1.926026709883797,21,1.0244497868195208
36,-0.1527777777777778,-0.3055555555555555,0.0,1.926026709883797,22,1.0364491568091139
36,-0.1527777777777778,-0.3055555555555555,0.0,1.926026709883797,23,1.1773616612727031
36,-0.1527777777777778,-0.3055555555555555,0.0,1.926026709883797,24,1.241236154287805
36,-0.1527777777777778,-0.3055555555555555,0.0,1.926026709883797,25,2.5587005317444267
36,-0.1527777777777778,-0.3055555555555555,0.0,1.926026709883797,26,2.60221184408061
37,-0.1666666666666667,-0.3333333333333333,0.0,1.9810560444519056,1,-14.348245611884387
37,-0.1666666666666667,-0.3333333333333333,0.0,1.9810560444519056,2,-14.340991348879214
37,-0.1666666666666667,-0.3333333333333333,0.0,1.9810560444519056,3,-13.734381716693495
37,-0.1666666666666667,-0.3333333333333333,0.0,1.9810560444519056,4,-13.733419209947222
37,-0.1666666666666667,-0.3333333333333333,0.0,1.9810560444519056,5,-6.172956722903047
37,-0.1666666666666667,-0.3333333333333333,0.0,1.9810560444519056,6,-6.158585823488136
37,-0.1666666666666667,-0.3333333333333333,0.0,1.9810560444519056,7,-5.108628860108518
37,-0.1666666666666667,-0.3333333333333333,0.0,1.9810560444519056,8,-5.1032922846813635
37,-0.1666666666666667,-0.3333333333333333,0.0,1.9810560444519056,9,-4.949347158568165
37,-0.1666666666666667,-0.3333333333333333,0.0,1.9810560444519056,10,-4.920533575121814
37,-0.1666666666666667,-0.3333333333333333,0.0,1.9810560444519056,11,-4.50205514678708
37,-0.1666666666666667,-0.3333333333333333,0.0,1.9810560444519056,12,-4.475523339264841
37,-0.1666666666666667,-0.3333333333333333,0.0,1.9810560444519056,13,-3.247829554216918
37,-0.1666666666666667,-0.3333333333333333,0.0,1.9810560444519056,14,-3.179087418742024
37,-0.1666666666666667,-0.3333333333333333,0.0,1.9810560444519056,15,-2.4765860588883797
37,-0.1666666666666667,-0.3333333333333333,0.0,1.9810560444519056,16,-2.441747313221363
37,-0.1666666666666667,-0.3333333333333333,0.0,1.9810560444519056,17,-2.1853965184465824
37,-0.1666666666666667,-0.3333333333333333,0.0,1.9810560444519056,18,-2.1084147296564524
37,-0.1666666666666667,-0.3333333333333333,0.0,1.9810560444519056,19,0.4174049740183974
37,-0.1666666666666667,-0.3333333333333333,0.0,1.9810560444519056,20,0.4824799273018019
37,-0.1666666666666667,-0.3333333333333333,0.0,1.9810560444519056,21,1.050153442993567
37,-0.1666666666666667,-0.3333333333333333,0.0,1.9810560444519056,22,1.063414750160376
37,-0.1666666666666667,-0.3333333333333333,0.0,1.9810560444519056,23,1.246521635259585
37,-0.1666666666666667,-0.3333333333333333,0.0,1.9810560444519056,24,1.3038537304505042
37,-0.1666666666666667,-0.3333333333333333,0.0,1.9810560444519056,25,2.6720317085339564
37,-0.1666666666666667,-0.3333333333333333,0.0,1.9810560444519056,26,2.7095057996093628
38,-0.1805555555555556,-0.3611111111111112,0.0,2.0360853790200144,1,-14.206185264259759
38,-0.1805555555555556,-0.3611111111111112,0.0,2.0360853790200144,2,-14.197003244424327
38,-0.1805555555555556,-0.3611111111111112,0.0,2.0360853790200144,3,-13.662111558958664
38,-0.1805555555555556,-0.3611111111111112,0.0,2.0360853790200144,4,-13.660907721666188
38,-0.1805555555555556,-0.3611111111111112,0.0,2.0360853790200144,5,-6.212373664104311
38,-0.1805555555555556,-0.3611111111111112,0.0,2.0360853790200144,6,-6.197756834311038
38,-0.1805555555555556,-0.3611111111111112,0.0,2.0360853790200144,7,-5.162398629496094
38,-0.1805555555555556,-0.3611111111111112,0.0,2.0360853790200144,8,-5.140144344289464
38,-0.1805555555555556,-0.3611111111111112,0.0,2.0360853790200144,9,-5.09312083254183
38,-0.1805555555555556,-0.3611111111111112,0.0,2.0360853790200144,10,-5.08088661815713
38,-0.1805555555555556,-0.3611111111111112,0.0,2.0360853790200144,11,-4.599747980817986
38,-0.1805555555555556,-0.3611111111111112,0.0,2.0360853790200144,12,-4.573995371645131
38,-0.1805555555555556,-0.3611111111111112,0.0,2.0360853790200144,13,-3.353326514115757
38,-0.1805555555555556,-0.3611111111111112,0.0,2.0360853790200144,14,-3.284832512709068
38,-0.1805555555555556,-0.3611111111111112,0.0,2.0360853790200144,15,-2.550515943375265
38,-0.1805555555555556,-0.3611111111111112,0.0,2.0360853790200144,16,-2.519652421547508
38,-0.1805555555555556,-0.3611111111111112,0.0,2.0360853790200144,17,-2.1836433037778864
38,-0.1805555555555556,-0.3611111111111112,0.0,2.0360853790200144,18,-2.0963062901271945
38,-0.1805555555555556,-0.3611111111111112,0.0,2.0360853790200144,19,0.4226126219200132
38,-0.1805555555555556,-0.3611111111111112,0.0,2.0360853790200144,20,0.4955327781798305
38,-0.1805555555555556,-0.3611111111111112,0.0,2.0360853790200144,21,1.0910832483376787
38,-0.1805555555555556,-0.3611111111111112,0.0,2.0360853790200144,22,1.1025974981972997
38,-0.1805555555555556,-0.3611111111111112,0.0,2.0360853790200144,23,1.3235864584260115
38,-0.1805555555555556,-0.3611111111111112,0.0,2.0360853790200144,24,1.3729563282981
38,-0.1805555555555556,-0.3611111111111112,0.0,2.0360853790200144,25,2.7711241069364494
38,-0.1805555555555556,-0.3611111111111112,0.0,2.0360853790200144,26,2.800388755341136
39,-0.1944444444444444,-0.3888888888888888,0.0,2.0911147135881225,1,-14.06518869367712
39,-0.1944444444444444,-0.3888888888888888,0.0,2.0911147135881225,2,-14.053813080780705
39,-0.1944444444444444,-0.3888888888888888,0.0,2.0911147135881225,3,-13.590201567721754
39,-0.1944444444444444,-0.3888888888888888,0.0,2.0911147135881225,4,-13.588730459907394
39,-0.1944444444444444,-0.3888888888888888,0.0,2.0911147135881225,5,-6.269453970775183
39,-0.1944444444444444,-0.3888888888888888,0.0,2.0911147135881225,6,-6.25654433243189
39,-0.1944444444444444,-0.3888888888888888,0.0,2.0911147135881225,7,-5.386905113953887
39,-0.1944444444444444,-0.3888888888888888,0.0,2.0911147135881225,8,-5.3661534419530685
39,-0.1944444444444444,-0.3888888888888888,0.0,2.0911147135881225,9,-5.052554782742364
39,-0.1944444444444444,-0.3888888888888888,0.0,2.0911147135881225,10,-5.041283819370159
39,-0.1944444444444444,-0.3888888888888888,0.0,2.0911147135881225,11,-4.654560809655987
39,-0.1944444444444444,-0.3888888888888888,0.0,2.0911147135881225,12,-4.630981144546984
39,-0.1944444444444444,-0.3888888888888888,0.0,2.0911147135881225,13,-3.4977223633999825
39,-0.1944444444444444,-0.3888888888888888,0.0,2.0911147135881225,14,-3.4333192101800973
39,-0.1944444444444444,-0.3888888888888888,0.0,2.0911147135881225,15,-2.637800698359216
39,-0.1944444444444444,-0.3888888888888888,0.0,2.0911147135881225,16,-2.6111655413158275
39,-0.1944444444444444,-0.3888888888888888,0.0,2.0911147135881225,17,-2.154624025716969
39,-0.1944444444444444,-0.3888888888888888,0.0,2.0911147135881225,18,-2.0608507497542643
39,-0.1944444444444444,-0.3888888888888888,0.0,2.0911147135881225,19,0.46654684111840183
39,-0.1944444444444444,-0.3888888888888888,0.0,2.0911147135881225,20,0.5420704434427956
39,-0.1944444444444444,-0.3888888888888888,0.0,2.0911147135881225,21,1.14101288842294
39,-0.1944444444444444,-0.3888888888888888,0.0,2.0911147135881225,22,1.1465227207438313
39,-0.1944444444444444,-0.3888888888888888,0.0,2.0911147135881225,23,1.402628158036519
39,-0.1944444444444444,-0.3888888888888888,0.0,2.0911147135881225,24,1.4424640810626856
39,-0.1944444444444444,-0.3888888888888888,0.0,2.0911147135881225,25,2.85702721322048
39,-0.1944444444444444,-0.3888888888888888,0.0,2.0911147135881225,26,2.875726639806291
40,-0.2083333333333333,-0.4166666666666667,0.0,2.146144048156231,1,-13.928221102280371
40,-0.2083333333333333,-0.4166666666666667,0.0,2.146144048156231,2,-13.914410536302913
40,-0.2083333333333333,-0.4166666666666667,0.0,2.146144048156231,3,-13.520044081956165
40,-0.2083333333333333,-0.4166666666666667,0.0,2.146144048156231,4,-13.518285384906463
40,-0.2083333333333333,-0.4166666666666667,0.0,2.146144048156231,5,-6.327019337618244
40,-0.2083333333333333,-0.4166666666666667,0.0,2.146144048156231,6,-6.317245492812445
40,-0.2083333333333333,-0.4166666666666667,0.0,2.146144048156231,7,-5.6090846639974075
40,-0.2083333333333333,-0.4166666666666667,0.0,2.146144048156231,8,-5.591597344115458
40,-0.2083333333333333,-0.4166666666666667,0.0,2.146144048156231,9,-5.005105232137671
40,-0.2083333333333333,-0.4166666666666667,0.0,2.146144048156231,10,-4.993571658942063
40,-0.2083333333333333,-0.4166666666666667,0.0,2.146144048156231,11,-4.678391088868363
40,-0.2083333333333333,-0.4166666666666667,0.0,2.146144048156231,12,-4.656480729171891
40,-0.2083333333333333,-0.4166666666666667,0.0,2.146144048156231,13,-3.667609798288822
40,-0.2083333333333333,-0.4166666666666667,0.0,2.146144048156231,14,-3.6085868518547337
40,-0.2083333333333333,-0.4166666666666667,0.0,2.146144048156231,15,-2.7369625180726724
40,-0.2083333333333333,-0.4166666666666667,0.0,2.146144048156231,16,-2.7144882487658424
40,-0.2083333333333333,-0.4166666666666667,0.0,2.146144048156231,17,-2.107813692694808
40,-0.2083333333333333,-0.4166666666666667,0.0,2.146144048156231,18,-2.0095221807826955
40,-0.2083333333333333,-0.4166666666666667,0.0,2.146144048156231,19,0.5435532916306061
40,-0.2083333333333333,-0.4166666666666667,0.0,2.146144048156231,20,0.6138429997921964
40,-0.2083333333333333,-0.4166666666666667,0.0,2.146144048156231,21,1.1901641815304167
40,-0.2083333333333333,-0.4166666666666667,0.0,2.146144048156231,22,1.197601772054813
40,-0.2083333333333333,-0.4166666666666667,0.0,2.146144048156231,23,1.4772930686084487
40,-0.2083333333333333,-0.4166666666666667,0.0,2.146144048156231,24,1.505970330743661
40,-0.2083333333333333,-0.4166666666666667,0.0,2.146144048156231,25,2.9329399268753984
40,-0.2083333333333333,-0.4166666666666667,0.0,2.146144048156231,26,2.9387227549996315
41,-0.2222222222222222,-0.4444444444444445,0.0,2.2011733827243396,1,-13.79834110571192
41,-0.2222222222222222,-0.4444444444444445,0.0,2.2011733827243396,2,-13.78190339636554
41,-0.2222222222222222,-0.4444444444444445,0.0,2.2011733827243396,3,-13.4530450988789
41,-0.2222222222222222,-0.4444444444444445,0.0,2.2011733827243396,4,-13.450987177344
41,-0.2222222222222222,-0.4444444444444445,0.0,2.2011733827243396,5,-6.3721549836256735
41,-0.2222222222222222,-0.4444444444444445,0.0,2.2011733827243396,6,-6.366495157944146
41,-0.2222222222222222,-0.4444444444444445,0.0,2.2011733827243396,7,-5.8199064942038365
41,-0.2222222222222222,-0.4444444444444445,0.0,2.2011733827243396,8,-5.805096345711152
41,-0.2222222222222222,-0.4444444444444445,0.0,2.2011733827243396,9,-4.963791178057269
41,-0.2222222222222222,-0.4444444444444445,0.0,2.2011733827243396,10,-4.95257344590613
41,-0.2222222222222222,-0.4444444444444445,0.0,2.2011733827243396,11,-4.677398209715751
41,-0.2222222222222222,-0.4444444444444445,0.0,2.2011733827243396,12,-4.6564236203808935
41,-0.2222222222222222,-0.4444444444444445,0.0,2.2011733827243396,13,-3.8532200003357264
41,-0.2222222222222222,-0.4444444444444445,0.0,2.2011733827243396,14,-3.799762444829094
41,-0.2222222222222222,-0.4444444444444445,0.0,2.2011733827243396,15,-2.845831159197547
41,-0.2222222222222222,-0.4444444444444445,0.0,2.2011733827243396,16,-2.827517130980449
41,-0.2222222222222222,-0.4444444444444445,0.0,2.2011733827243396,17,-2.0463808755445907
41,-0.2222222222222222,-0.4444444444444445,0.0,2.2011733827243396,18,-1.9442083687293576
41,-0.2222222222222222,-0.4444444444444445,0.0,2.2011733827243396,19,0.6373566632197387
41,-0.2222222222222222,-0.4444444444444445,0.0,2.2011733827243396,20,0.6910099100060236
41,-0.2222222222222222,-0.4444444444444445,0.0,2.2011733827243396,21,1.2349415923339764
41,-0.2222222222222222,-0.4444444444444445,0.0,2.2011733827243396,22,1.2664012407282994
41,-0.2222222222222222,-0.4444444444444445,0.0,2.2011733827243396,23,1.5412814109501762
41,-0.2222222222222222,-0.4444444444444445,0.0,2.2011733827243396,24,1.5573444766215594
41,-0.2222222222222222,-0.4444444444444445,0.0,2.2011733827243396,25,2.9946235000981227
41,-0.2222222222222222,-0.4444444444444445,0.0,2.2011733827243396,26,3.0036233990162557
42,-0.2361111111111111,-0.4722222222222222,0.0,2.2562027172924477,1,-13.678564473467908
42,-0.2361111111111111,-0.4722222222222222,0.0,2.2562027172924477,2,-13.659384786150728
42,-0.2361111111111111,-0.4722222222222222,0.0,2.2562027172924477,3,-13.39062865979923
42,-0.2361111111111111,-0.4722222222222222,0.0,2.2562027172924477,4,-13.388271622746496
42,-0.2361111111111111,-0.4722222222222222,0.0,2.2562027172924477,5,-6.395990628738741
42,-0.2361111111111111,-0.4722222222222222,0.0,2.2562027172924477,6,-6.395125276437661
42,-0.2361111111111111,-0.4722222222222222,0.0,2.2562027172924477,7,-6.01355778416615
42,-0.2361111111111111,-0.4722222222222222,0.0,2.2562027172924477,8,-6.0008408718222945
42,-0.2361111111111111,-0.4722222222222222,0.0,2.2562027172924477,9,-4.936157834230254
42,-0.2361111111111111,-0.4722222222222222,0.0,2.2562027172924477,10,-4.925651882602183
42,-0.2361111111111111,-0.4722222222222222,0.0,2.2562027172924477,11,-4.655321794363696
42,-0.2361111111111111,-0.4722222222222222,0.0,2.2562027172924477,12,-4.63468544589847
42,-0.2361111111111111,-0.4722222222222222,0.0,2.2562027172924477,13,-4.047643232542714
42,-0.2361111111111111,-0.4722222222222222,0.0,2.2562027172924477,14,-3.9998615779775877
42,-0.2361111111111111,-0.4722222222222222,0.0,2.2562027172924477,15,-2.9617802957215034
42,-0.2361111111111111,-0.4722222222222222,0.0,2.2562027172924477,16,-2.947750568991731
42,-0.2361111111111111,-0.4722222222222222,0.0,2.2562027172924477,17,-1.9702831926983777
42,-0.2361111111111111,-0.4722222222222222,0.0,2.2562027172924477,18,-1.864153417010454
42,-0.2361111111111111,-0.4722222222222222,0.0,2.2562027172924477,19,0.7187245575777306
42,-0.2361111111111111,-0.4722222222222222,0.0,2.2562027172924477,20,0.744559875639337
42,-0.2361111111111111,-0.4722222222222222,0.0,2.2562027172924477,21,1.2934837529326497
42,-0.2361111111111111,-0.4722222222222222,0.0,2.2562027172924477,22,1.360838750567045
42,-0.2361111111111111,-0.4722222222222222,0.0,2.2562027172924477,23,1.5892693837603997
42,-0.2361111111111111,-0.4722222222222222,0.0,2.2562027172924477,24,1.59170161349745
42,-0.2361111111111111,-0.4722222222222222,0.0,2.2562027172924477,25,3.0491624894853553
42,-0.2361111111111111,-0.4722222222222222,0.0,2.2562027172924477,26,3.0738210511649795
43,-0.25,-0.5,0.0,2.3112320518605562,1,-13.571696577217397
43,-0.25,-0.5,0.0,2.3112320518605562,2,-13.549767397377947
43,-0.25,-0.5,0.0,2.3112320518605562,3,-13.334173691766674
43,-0.25,-0.5,0.0,2.3112320518605562,4,-13.331532190533123
43,-0.25,-0.5,0.0,2.3112320518605562,5,-6.397020109303167
43,-0.25,-0.5,0.0,2.3112320518605562,6,-6.392648907017094
43,-0.25,-0.5,0.0,2.3112320518605562,7,-6.185966371318406
43,-0.25,-0.5,0.0,2.3112320518605562,8,-6.174835296068817
43,-0.25,-0.5,0.0,2.3112320518605562,9,-4.926147580439535
43,-0.25,-0.5,0.0,2.3112320518605562,10,-4.916242217577691
43,-0.25,-0.5,0.0,2.3112320518605562,11,-4.615436098299636
43,-0.25,-0.5,0.0,2.3112320518605562,12,-4.5949621784006
43,-0.25,-0.5,0.0,2.3112320518605562,13,-4.2444216725636625
43,-0.25,-0.5,0.0,2.3112320518605562,14,-4.203264709758065
43,-0.25,-0.5,0.0,2.3112320518605562,15,-3.0817324384295612
43,-0.25,-0.5,0.0,2.3112320518605562,16,-3.072246355823497
43,-0.25,-0.5,0.0,2.3112320518605562,17,-1.8801390693656304
43,-0.25,-0.5,0.0,2.3112320518605562,18,-1.7694729900208344
43,-0.25,-0.5,0.0,2.3112320518605562,19,0.7521646823545962
43,-0.25,-0.5,0.0,2.3112320518605562,20,0.7534320301097273
43,-0.25,-0.5,0.0,2.3112320518605562,21,1.384193194325738
43,-0.25,-0.5,0.0,2.3112320518605562,22,1.4889620000164003
43,-0.25,-0.5,0.0,2.3112320518605562,23,1.6067954208098867
43,-0.25,-0.5,0.0,2.3112320518605562,24,1.618736861748566
43,-0.25,-0.5,0.0,2.3112320518605562,25,3.1067486316120516
43,-0.25,-0.5,0.0,2.3112320518605562,26,3.1465820721660367
44,-0.2638888888888889,-0.5277777777777778,0.0,2.366261386428665,1,-13.480077159589753
44,-0.2638888888888889,-0.5277777777777778,0.0,2.366261386428665,2,-13.455521166182189
44,-0.2638888888888889,-0.5277777777777778,0.0,2.366261386428665,3,-13.284916926138871
44,-0.2638888888888889,-0.5277777777777778,0.0,2.366261386428665,4,-13.282021701556163
44,-0.2638888888888889,-0.5277777777777778,0.0,2.366261386428665,5,-6.3683619321023315
44,-0.2638888888888889,-0.5277777777777778,0.0,2.366261386428665,6,-6.359240832277868
44,-0.2638888888888889,-0.5277777777777778,0.0,2.366261386428665,7,-6.334126436783663
44,-0.2638888888888889,-0.5277777777777778,0.0,2.366261386428665,8,-6.323405028578518
44,-0.2638888888888889,-0.5277777777777778,0.0,2.366261386428665,9,-4.93712498443114
44,-0.2638888888888889,-0.5277777777777778,0.0,2.366261386428665,10,-4.926594781624464
44,-0.2638888888888889,-0.5277777777777778,0.0,2.366261386428665,11,-4.561780991553972
44,-0.2638888888888889,-0.5277777777777778,0.0,2.366261386428665,12,-4.546243285206424
44,-0.2638888888888889,-0.5277777777777778,0.0,2.366261386428665,13,-4.430131699833037
44,-0.2638888888888889,-0.5277777777777778,0.0,2.366261386428665,14,-4.4026656616060755
44,-0.2638888888888889,-0.5277777777777778,0.0,2.366261386428665,15,-3.2019919988312155
44,-0.2638888888888889,-0.5277777777777778,0.0,2.366261386428665,16,-3.197477527397904
44,-0.2638888888888889,-0.5277777777777778,0.0,2.366261386428665,17,-1.7793033374792948
44,-0.2638888888888889,-0.5277777777777778,0.0,2.366261386428665,18,-1.6631250878957506
44,-0.2638888888888889,-0.5277777777777778,0.0,2.366261386428665,19,0.7131370740547727
44,-0.2638888888888889,-0.5277777777777778,0.0,2.366261386428665,20,0.7287779609831924
44,-0.2638888888888889,-0.5277777777777778,0.0,2.366261386428665,21,1.50342107763997
44,-0.2638888888888889,-0.5277777777777778,0.0,2.366261386428665,22,1.600456960244725
44,-0.2638888888888889,-0.5277777777777778,0.0,2.366261386428665,23,1.635040135042237
44,-0.2638888888888889,-0.5277777777777778,0.0,2.366261386428665,24,1.6441613642658295
44,-0.2638888888888889,-0.5277777777777778,0.0,2.366261386428665,25,3.168815083728191
44,-0.2638888888888889,-0.5277777777777778,0.0,2.366261386428665,26,3.2220064805996547
45,-0.2777777777777777,-0.5555555555555555,0.0,2.421290720996773,1,-13.405398144185874
45,-0.2777777777777777,-0.5555555555555555,0.0,2.421290720996773,2,-13.378478906160291
45,-0.2777777777777777,-0.5555555555555555,0.0,2.421290720996773,3,-13.243917917804497
45,-0.2777777777777777,-0.5555555555555555,0.0,2.421290720996773,4,-13.240813888429495
45,-0.2777777777777777,-0.5555555555555555,0.0,2.421290720996773,5,-6.4560447014034885
45,-0.2777777777777777,-0.5555555555555555,0.0,2.421290720996773,6,-6.447582400930646
45,-0.2777777777777777,-0.5555555555555555,0.0,2.421290720996773,7,-6.307502419863546
45,-0.2777777777777777,-0.5555555555555555,0.0,2.421290720996773,8,-6.291312774956216
45,-0.2777777777777777,-0.5555555555555555,0.0,2.421290720996773,9,-4.977661583233907
45,-0.2777777777777777,-0.5555555555555555,0.0,2.421290720996773,10,-4.962825782592478
45,-0.2777777777777777,-0.5555555555555555,0.0,2.421290720996773,11,-4.623084534771339
45,-0.2777777777777777,-0.5555555555555555,0.0,2.421290720996773,12,-4.590718481517197
45,-0.2777777777777777,-0.5555555555555555,0.0,2.421290720996773,13,-4.4938186100027036
45,-0.2777777777777777,-0.5555555555555555,0.0,2.421290720996773,14,-4.459758815493776
45,-0.2777777777777777,-0.5555555555555555,0.0,2.421290720996773,15,-3.31913982269381
45,-0.2777777777777777,-0.5555555555555555,0.0,2.421290720996773,16,-3.318040785468871
45,-0.2777777777777777,-0.5555555555555555,0.0,2.421290720996773,17,-1.6744829973583562
45,-0.2777777777777777,-0.5555555555555555,0.0,2.421290720996773,18,-1.5515886003447428
45,-0.2777777777777777,-0.5555555555555555,0.0,2.421290720996773,19,0.6416298624424921
45,-0.2777777777777777,-0.5555555555555555,0.0,2.421290720996773,20,0.6597654253718122
45,-0.2777777777777777,-0.5555555555555555,0.0,2.421290720996773,21,1.5815021856910412
45,-0.2777777777777777,-0.5555555555555555,0.0,2.421290720996773,22,1.583669508928041
45,-0.2777777777777777,-0.5555555555555555,0.0,2.421290720996773,23,1.690204785262277
45,-0.2777777777777777,-0.5555555555555555,0.0,2.421290720996773,24,1.799306437474458
45,-0.2777777777777777,-0.5555555555555555,0.0,2.421290720996773,25,3.233034974923557
45,-0.2777777777777777,-0.5555555555555555,0.0,2.421290720996773,26,3.2969699950330105
46,-0.2916666666666667,-0.5833333333333334,0.0,2.4763200555648814,1,-13.34854236886034
46,-0.2916666666666667,-0.5833333333333334,0.0,2.4763200555648814,2,-13.319655652956133
46,-0.2916666666666667,-0.5833333333333334,0.0,2.4763200555648814,3,-13.211932813577722
46,-0.2916666666666667,-0.5833333333333334,0.0,2.4763200555648814,4,-13.208673541628652
46,-0.2916666666666667,-0.5833333333333334,0.0,2.4763200555648814,5,-6.5503317873235885
46,-0.2916666666666667,-0.5833333333333334,0.0,2.4763200555648814,6,-6.542453312689236
46,-0.2916666666666667,-0.5833333333333334,0.0,2.4763200555648814,7,-6.215956767969914
46,-0.2916666666666667,-0.5833333333333334,0.0,2.4763200555648814,8,-6.194087913472683
46,-0.2916666666666667,-0.5833333333333334,0.0,2.4763200555648814,9,-5.066074062333239
46,-0.2916666666666667,-0.5833333333333334,0.0,2.4763200555648814,10,-5.041667426414345
46,-0.2916666666666667,-0.5833333333333334,0.0,2.4763200555648814,11,-4.747039165967018
46,-0.2916666666666667,-0.5833333333333334,0.0,2.4763200555648814,12,-4.7328280045579305
46,-0.2916666666666667,-0.5833333333333334,0.0,2.4763200555648814,13,-4.427614338769248
46,-0.2916666666666667,-0.5833333333333334,0.0,2.4763200555648814,14,-4.391527480919062
46,-0.2916666666666667,-0.5833333333333334,0.0,2.4763200555648814,15,-3.4314423214566716
46,-0.2916666666666667,-0.5833333333333334,0.0,2.4763200555648814,16,-3.4238970044514607
46,-0.2916666666666667,-0.5833333333333334,0.0,2.4763200555648814,17,-1.5753180681864303
46,-0.2916666666666667,-0.5833333333333334,0.0,2.4763200555648814,18,-1.4446647877597034
46,-0.2916666666666667,-0.5833333333333334,0.0,2.4763200555648814,19,0.5563077889469625
46,-0.2916666666666667,-0.5833333333333334,0.0,2.4763200555648814,20,0.570092092721306
46,-0.2916666666666667,-0.5833333333333334,0.0,2.4763200555648814,21,1.55724916293745
46,-0.2916666666666667,-0.5833333333333334,0.0,2.4763200555648814,22,1.5766002502121788
46,-0.2916666666666667,-0.5833333333333334,0.0,2.4763200555648814,23,1.8079884434263385
46,-0.2916666666666667,-0.5833333333333334,0.0,2.4763200555648814,24,1.9400167067043659
46,-0.2916666666666667,-0.5833333333333334,0.0,2.4763200555648814,25,3.2942673917125074
46,-0.2916666666666667,-0.5833333333333334,0.0,2.4763200555648814,26,3.3661172534391532
47,-0.3055555555555556,-0.6111111111111112,0.0,2.53134939013299,1,-13.309475313164956
47,-0.3055555555555556,-0.6111111111111112,0.0,2.53134939013299,2,-13.279120849736533
47,-0.3055555555555556,-0.6111111111111112,0.0,2.53134939013299,3,-13.189348694832642
47,-0.3055555555555556,-0.6111111111111112,0.0,2.53134939013299,4,-13.18598686560382
47,-0.3055555555555556,-0.6111111111111112,0.0,2.53134939013299,5,-6.6165650627920725
47,-0.3055555555555556,-0.6111111111111112,0.0,2.53134939013299,6,-6.609124774547144
47,-0.3055555555555556,-0.6111111111111112,0.0,2.53134939013299,7,-6.100559863698831
47,-0.3055555555555556,-0.6111111111111112,0.0,2.53134939013299,8,-6.073048320644726
47,-0.3055555555555556,-0.6111111111111112,0.0,2.53134939013299,9,-5.20110333643404
47,-0.3055555555555556,-0.6111111111111112,0.0,2.53134939013299,10,-5.169927440083292
47,-0.3055555555555556,-0.6111111111111112,0.0,2.53134939013299,11,-4.817950745349265
47,-0.3055555555555556,-0.6111111111111112,0.0,2.53134939013299,12,-4.8169583687007105
47,-0.3055555555555556,-0.6111111111111112,0.0,2.53134939013299,13,-4.365676565990189
47,-0.3055555555555556,-0.6111111111111112,0.0,2.53134939013299,14,-4.324400000925101
47,-0.3055555555555556,-0.6111111111111112,0.0,2.53134939013299,15,-3.526012152746185
47,-0.3055555555555556,-0.6111111111111112,0.0,2.53134939013299,16,-3.5113485266771933
47,-0.3055555555555556,-0.6111111111111112,0.0,2.53134939013299,17,-1.493408592658826
47,-0.3055555555555556,-0.6111111111111112,0.0,2.53134939013299,18,-1.3548527735640767
47,-0.3055555555555556,-0.6111111111111112,0.0,2.53134939013299,19,0.47667964191732015
47,-0.3055555555555556,-0.6111111111111112,0.0,2.53134939013299,20,0.4833434004254353
47,-0.3055555555555556,-0.6111111111111112,0.0,2.53134939013299,21,1.5296583709370997
47,-0.3055555555555556,-0.6111111111111112,0.0,2.53134939013299,22,1.5562096019644434
47,-0.3055555555555556,-0.6111111111111112,0.0,2.53134939013299,23,1.9097923978371356
47,-0.3055555555555556,-0.6111111111111112,0.0,2.53134939013299,24,2.049115090764416
47,-0.3055555555555556,-0.6111111111111112,0.0,2.53134939013299,25,3.34582029989646
47,-0.3055555555555556,-0.6111111111111112,0.0,2.53134939013299,26,3.422943482068524
48,-0.3194444444444444,-0.6388888888888888,0.0,2.586378724701098,1,-13.287302257610387
48,-0.3194444444444444,-0.6388888888888888,0.0,2.586378724701098,2,-13.25604635332579
48,-0.3194444444444444,-0.6388888888888888,0.0,2.586378724701098,3,-13.176157977734377
48,-0.3194444444444444,-0.6388888888888888,0.0,2.586378724701098,4,-13.172738525015273
48,-0.3194444444444444,-0.6388888888888888,0.0,2.586378724701098,5,-6.655196774079359
48,-0.3194444444444444,-0.6388888888888888,0.0,2.586378724701098,6,-6.648004951710437
48,-0.3194444444444444,-0.6388888888888888,0.0,2.586378724701098,7,-5.982578977085161
48,-0.3194444444444444,-0.6388888888888888,0.0,2.586378724701098,8,-5.949923741078962
48,-0.3194444444444444,-0.6388888888888888,0.0,2.586378724701098,9,-5.3375212754476795
48,-0.3194444444444444,-0.6388888888888888,0.0,2.586378724701098,10,-5.3055779593431485
48,-0.3194444444444444,-0.6388888888888888,0.0,2.586378724701098,11,-4.859622520257862
48,-0.3194444444444444,-0.6388888888888888,0.0,2.586378724701098,12,-4.854388981251207
48,-0.3194444444444444,-0.6388888888888888,0.0,2.586378724701098,13,-4.321120408791719
48,-0.3194444444444444,-0.6388888888888888,0.0,2.586378724701098,14,-4.2743878981963
48,-0.3194444444444444,-0.6388888888888888,0.0,2.586378724701098,15,-3.590904317588482
48,-0.3194444444444444,-0.6388888888888888,0.0,2.586378724701098,16,-3.569821787108576
48,-0.3194444444444444,-0.6388888888888888,0.0,2.586378724701098,17,-1.4399951652371945
48,-0.3194444444444444,-0.6388888888888888,0.0,2.586378724701098,18,-1.2952459395020808
48,-0.3194444444444444,-0.6388888888888888,0.0,2.586378724701098,19,0.4207478428023783
48,-0.3194444444444444,-0.6388888888888888,0.0,2.586378724701098,20,0.42106472577430964
48,-0.3194444444444444,-0.6388888888888888,0.0,2.586378724701098,21,1.5082078965529953
48,-0.3194444444444444,-0.6388888888888888,0.0,2.586378724701098,22,1.537937784129655
48,-0.3194444444444444,-0.6388888888888888,0.0,2.586378724701098,23,1.974042970346934
48,-0.3194444444444444,-0.6388888888888888,0.0,2.586378724701098,24,2.1162608009771606
48,-0.3194444444444444,-0.6388888888888888,0.0,2.586378724701098,25,3.3808856431070184
48,-0.3194444444444444,-0.6388888888888888,0.0,2.586378724701098,26,3.460964721113653
49,-0.3333333333333333,-0.6666666666666666,0.0,2.6414080592692066,1,-13.280378496873007
49,-0.3333333333333333,-0.6666666666666666,0.0,2.6414080592692066,2,-13.248819603984073
49,-0.3333333333333333,-0.6666666666666666,0.0,2.6414080592692066,3,-13.171941791232316
49,-0.3333333333333333,-0.6666666666666666,0.0,2.6414080592692066,4,-13.168502970857508
49,-0.3333333333333333,-0.6666666666666666,0.0,2.6414080592692066,5,-6.667616558564196
49,-0.3333333333333333,-0.6666666666666666,0.0,2.6414080592692066,6,-6.66050167464638
49,-0.3333333333333333,-0.6666666666666666,0.0,2.6414080592692066,7,-5.922757821294862
49,-0.3333333333333333,-0.6666666666666666,0.0,2.6414080592692066,8,-5.887509510687634
49,-0.3333333333333333,-0.6666666666666666,0.0,2.6414080592692066,9,-5.402309114768681
49,-0.3333333333333333,-0.6666666666666666,0.0,2.6414080592692066,10,-5.370968288476291
49,-0.3333333333333333,-0.6666666666666666,0.0,2.6414080592692066,11,-4.87493534429937
49,-0.3333333333333333,-0.6666666666666666,0.0,2.6414080592692066,12,-4.867614475953612
49,-0.3333333333333333,-0.6666666666666666,0.0,2.6414080592692066,13,-4.3051122815888
49,-0.3333333333333333,-0.6666666666666666,0.0,2.6414080592692066,14,-4.255947697265196
49,-0.3333333333333333,-0.6666666666666666,0.0,2.6414080592692066,15,-3.6138378944517884
49,-0.3333333333333333,-0.6666666666666666,0.0,2.6414080592692066,16,-3.590025758999227
49,-0.3333333333333333,-0.6666666666666666,0.0,2.6414080592692066,17,-1.4219835967275736
49,-0.3333333333333333,-0.6666666666666666,0.0,2.6414080592692066,18,-1.2748738857225184
49,-0.3333333333333333,-0.6666666666666666,0.0,2.6414080592692066,19,0.3986764794328985
49,-0.3333333333333333,-0.6666666666666666,0.0,2.6414080592692066,20,0.40089496428241145
49,-0.3333333333333333,-0.6666666666666666,0.0,2.6414080592692066,21,1.49966481150321
49,-0.3333333333333333,-0.6666666666666666,0.0,2.6414080592692066,22,1.5302958719924957
49,-0.3333333333333333,-0.6666666666666666,0.0,2.6414080592692066,23,1.9952334410308037
49,-0.3333333333333333,-0.6666666666666666,0.0,2.6414080592692066,24,2.138172090142554
49,-0.3333333333333333,-0.6666666666666666,0.0,2.6414080592692066,25,3.3935899251362667
49,-0.3333333333333333,-0.6666666666666666,0.0,2.6414080592692066,26,3.474606607055338
