# k_index	kx_frac	ky_frac	kz_frac	source_k_weight	initial_first	initial_last	final_first	final_last	transition_eV	transition_min_eV	transition_max_eV	I_plus_A2	I_minus_A2	eta	eta_valid
1	0.0	0.0	0.0	0.02	1	2	19	20	16.74654368092907	16.746543680608436	16.7465436812497	1.8416686518765042e-12	1.8300885510899214e-12	nan	False
1	0.0	0.0	0.0	0.02	3	4	19	20	15.631930387781285	15.631930387531908	15.631930388030664	0.003122961814283929	0.0031229621794481785	-5.846440813228929e-08	True
1	0.0	0.0	0.0	0.02	5	6	19	20	8.282431213581738	8.282431213047357	8.282431214116121	1.9016842127989156e-12	2.0092435120288124e-12	nan	False
1	0.0	0.0	0.0	0.02	7	8	19	20	5.195167758823464	5.195167757861576	5.195167759785352	0.0020694829484771337	0.0020694826891589175	nan	False
1	0.0	0.0	0.0	0.02	9	10	19	20	5.125318036818545	5.125318035856656	5.125318037780432	0.0005928756707424752	0.0005928754508827004	nan	False
1	0.0	0.0	0.0	0.02	11	12	19	20	4.611111664921863	4.611111664672484	4.611111665171241	0.22075643072324158	0.2207564656206369	-7.904048918118281e-08	True
1	0.0	0.0	0.0	0.02	13	14	19	20	4.124033263435374	4.1240332629009915	4.124033263969755	1.9072105241636057e-08	1.9056243283128148e-08	nan	False
1	0.0	0.0	0.0	0.02	15	16	19	20	4.037452095971023	4.037452095436641	4.0374520965054055	2.569348747335739	2.56934893013857	-3.557376646147976e-08	True
1	0.0	0.0	0.0	0.02	17	18	19	20	2.908964576142213	2.9089645755365803	2.908964576747846	3.551356193690148e-10	3.604380442912469e-10	nan	False
2	0.0	0.0416666666666667	0.0	0.02	1	2	19	20	16.70131389779902	16.701313126542573	16.701314669055474	0.00023643773850677652	0.0002364659376624668	nan	False
2	0.0	0.0416666666666667	0.0	0.02	3	4	19	20	15.598802821874644	15.59880205113459	15.598803592614699	0.003280293676456714	0.00328053474961011	-3.6744316074183034e-05	True
2	0.0	0.0416666666666667	0.0	0.02	5	6	19	20	8.2316517486935	8.231650977609181	8.23165251977782	0.0002885246008090725	0.00028854680496190674	nan	False
2	0.0	0.0416666666666667	0.0	0.02	7	8	19	20	5.212760755520878	5.212759949837945	5.21276156120381	0.0030763580535338774	0.003076365153918354	-1.1540230621715033e-06	True
2	0.0	0.0416666666666667	0.0	0.02	9	10	19	20	5.1012115321276665	5.101210695736313	5.101212368519019	0.0015695028216402276	0.001569468232395941	nan	False
2	0.0	0.0416666666666667	0.0	0.02	11	12	19	20	4.714793649415282	4.7147927347381104	4.714794564092453	0.23573038484827846	0.2357502066508394	-4.204160874981565e-05	True
2	0.0	0.0416666666666667	0.0	0.02	13	14	19	20	4.113748650856301	4.113747260646149	4.113750041066453	0.8868344786980505	0.8869733838807929	-7.830903542193826e-05	True
2	0.0	0.0416666666666667	0.0	0.02	15	16	19	20	3.9658281391497896	3.9658268984194187	3.9658293798801605	1.7602358382559233	1.7600697887739043	4.7169052807252266e-05	True
2	0.0	0.0416666666666667	0.0	0.02	17	18	19	20	2.8968143075589086	2.8968135324122644	2.8968150827055528	0.034400194066235075	0.03440319391266633	-4.360027201240307e-05	True
3	0.0	0.0833333333333333	0.0	0.02	1	2	19	20	16.52188243324878	16.521881853563723	16.521883012933838	0.005183501889021063	0.005183319312971963	1.7611574998942443e-05	True
3	0.0	0.0833333333333333	0.0	0.02	3	4	19	20	15.455294510733303	15.455293931937073	15.455295089529537	0.002465112954687053	0.0024652392315183294	-2.5612132056115654e-05	True
3	0.0	0.0833333333333333	0.0	0.02	5	6	19	20	8.037549348326909	8.037548768094881	8.037549928558937	0.008060615433159685	0.008060284578779076	2.052331944025552e-05	True
3	0.0	0.0833333333333333	0.0	0.02	7	8	19	20	5.27024696818434	5.270246388567655	5.270247547801025	0.06683629753567154	0.0668357292426897	4.2513979591396075e-06	True
3	0.0	0.0833333333333333	0.0	0.02	9	10	19	20	4.930665215595421	4.93066460268197	4.930665828508872	0.02374793337705177	0.023748121053864417	-3.9514190156424085e-06	True
3	0.0	0.0833333333333333	0.0	0.02	11	12	19	20	4.856817472899179	4.856816784469759	4.856818161328599	0.14471780218050162	0.144719949509919	-7.418967998642116e-06	True
3	0.0	0.0833333333333333	0.0	0.02	13	14	19	20	4.120814916610097	4.120814019443461	4.1208158137767334	0.8600532797736066	0.8601178338498899	-3.7527706268349924e-05	True
3	0.0	0.0833333333333333	0.0	0.02	15	16	19	20	3.7426671540102197	3.742666402610942	3.742667905409497	1.1405267551615448	1.1404601023471261	2.9221042725096302e-05	True
3	0.0	0.0833333333333333	0.0	0.02	17	18	19	20	2.8216542846716646	2.821653701123636	2.8216548682196936	0.5451415964702133	0.5451274210303212	1.3001781821357621e-05	True
4	0.0	0.125	0.0	0.02	1	2	19	20	16.179880451013233	16.17987991889588	16.179880983130587	0.01439897997906636	0.01439846282239245	1.795842351265941e-05	True
4	0.0	0.125	0.0	0.02	3	4	19	20	15.171879360279725	15.171878829392174	15.171879891167277	0.00019830970059776427	0.00019831362402164245	nan	False
4	0.0	0.125	0.0	0.02	5	6	19	20	7.678558755691992	7.678558221220449	7.678559290163536	0.027530757818443132	0.027530605340287888	2.769240470941343e-06	True
4	0.0	0.125	0.0	0.02	7	8	19	20	5.299572656391119	5.299572110816227	5.29957320196601	0.24518577871197175	0.24518382311344958	3.988009278907988e-06	True
4	0.0	0.125	0.0	0.02	9	10	19	20	4.939229051142633	4.939228410591962	4.939229691693304	0.005081766191501901	0.005081833413990678	-6.61404338877164e-06	True
4	0.0	0.125	0.0	0.02	11	12	19	20	4.573146044910428	4.573145437283287	4.573146652537567	0.007051449905056681	0.007051570118986213	-8.523984886023608e-06	True
4	0.0	0.125	0.0	0.02	13	14	19	20	4.0747806046651665	4.074779898021472	4.07478131130886	0.04686339060308002	0.046864972687426606	-1.6879462001076968e-05	True
4	0.0	0.125	0.0	0.02	15	16	19	20	3.46259241813435	3.4625918261081154	3.4625930101605844	0.07510000935778367	0.0750983502827956	1.104589285823432e-05	True
4	0.0	0.125	0.0	0.02	17	18	19	20	2.668432363901786	2.668431833611565	2.668432894192007	1.7717785690069592	1.7717305215521644	1.355928644936173e-05	True
5	0.0	0.1666666666666667	0.0	0.02	1	2	19	20	15.809617553384289	15.809617008807267	15.80961809796131	0.016237188673661706	0.016236712167207113	1.467352065056213e-05	True
5	0.0	0.1666666666666667	0.0	0.02	3	4	19	20	14.880961653793896	14.880961110670146	14.880962196917647	8.493167057025541e-05	8.493193892691047e-05	nan	False
5	0.0	0.1666666666666667	0.0	0.02	5	6	19	20	7.303870531322829	7.303869980714733	7.303871081930925	0.033804496966129596	0.03380514971287948	-9.654639270339988e-06	True
5	0.0	0.1666666666666667	0.0	0.02	7	8	19	20	5.3855881478680665	5.385587579457399	5.385588716278734	0.3171659877405122	0.3171648515696116	1.7911330021725173e-06	True
5	0.0	0.1666666666666667	0.0	0.02	9	10	19	20	5.043864093203123	5.043863468768853	5.043864717637392	0.0006398496250261303	0.0006398870947284881	nan	False
5	0.0	0.1666666666666667	0.0	0.02	11	12	19	20	4.199816964717305	4.199816283714458	4.199817645720152	0.004143426123845317	0.004142205274133686	0.00014734540471221828	True
5	0.0	0.1666666666666667	0.0	0.02	13	14	19	20	4.0733203767282395	4.0733197738387155	4.073320979617764	0.014016620039497024	0.014016594953093566	8.948814277868246e-07	True
5	0.0	0.1666666666666667	0.0	0.02	15	16	19	20	3.2923501295985504	3.2923495745943097	3.2923506846027912	0.02643920958840259	0.026438850657610466	6.7878963496946696e-06	True
5	0.0	0.1666666666666667	0.0	0.02	17	18	19	20	2.5845233815927187	2.584522813000392	2.584523950185045	2.067104351103473	2.0670560634874446	1.1680150547122228e-05	True
6	0.0	0.2083333333333333	0.0	0.02	1	2	19	20	15.49110245459097	15.491101856039313	15.491103053142629	0.017855670120376674	0.017855166778651607	1.4094929404496778e-05	True
6	0.0	0.2083333333333333	0.0	0.02	3	4	19	20	14.659758360283861	14.659757763374563	14.65975895719316	5.811796864793693e-05	5.811758178482612e-05	nan	False
6	0.0	0.2083333333333333	0.0	0.02	5	6	19	20	7.024127134226671	7.024126524178518	7.024127744274823	0.029935851190588614	0.029937185421755698	-2.2284341041908312e-05	True
6	0.0	0.2083333333333333	0.0	0.02	7	8	19	20	5.554025107577623	5.554024478589952	5.5540257365652925	0.3692445994976099	0.36924505233526855	-6.1319431832914e-07	True
6	0.0	0.2083333333333333	0.0	0.02	9	10	19	20	5.24762281553695	5.247622160061908	5.24762347101199	0.00010938244895192943	0.0001093955085915716	nan	False
6	0.0	0.2083333333333333	0.0	0.02	11	12	19	20	4.177919634628067	4.177918955076777	4.177920314179357	0.006195308372807532	0.0061954145400841204	-8.568287527249297e-06	True
6	0.0	0.2083333333333333	0.0	0.02	13	14	19	20	3.875854829224739	3.875854122592036	3.8758555358574425	0.02063752485958767	0.020633033491803718	0.00010882740537965139	True
6	0.0	0.2083333333333333	0.0	0.02	15	16	19	20	3.292793626016234	3.292793023376159	3.2927942286563097	0.012721820777509888	0.012721566292582621	1.0002006673308004e-05	True
6	0.0	0.2083333333333333	0.0	0.02	17	18	19	20	2.6430047621681902	2.6430040833157755	2.6430054410206054	1.7061564335259325	1.7061127267003058	1.2808727440426338e-05	True
7	0.0	0.25	0.0	0.02	1	2	19	20	15.24583090950893	15.245830175236385	15.245831643781477	0.019581702104079012	0.01958105435128924	1.6540020376480767e-05	True
7	0.0	0.25	0.0	0.02	3	4	19	20	14.525938649313291	14.525937916693472	14.525939381933112	4.5674746278770805e-05	4.567431109761996e-05	nan	False
7	0.0	0.25	0.0	0.02	5	6	19	20	6.91800116653115	6.9180004167891	6.9180019162732	0.01251056688365757	0.012511955709957636	-5.5503049097882586e-05	True
7	0.0	0.25	0.0	0.02	7	8	19	20	5.757506847074716	5.757506080805419	5.757507613344014	0.4092965904931831	0.4093003755549964	-4.623840510340144e-06	True
7	0.0	0.25	0.0	0.02	9	10	19	20	5.55661050163047	5.556609727395038	5.556611275865901	0.0005818744417711618	0.0005818750099887326	nan	False
7	0.0	0.25	0.0	0.02	11	12	19	20	4.3707685090979504	4.370767739324876	4.370769278871025	0.003914068268835676	0.003914107582545998	-5.022078076570823e-06	True
7	0.0	0.25	0.0	0.02	13	14	19	20	3.645271064123663	3.645270130102805	3.6452719981445205	0.06496477780797599	0.0649546525993249	7.793452156735384e-05	True
7	0.0	0.25	0.0	0.02	15	16	19	20	3.4348257845789636	3.4348250230695125	3.434826546088414	0.007118759440784326	0.007118271843076723	3.4248552094998145e-05	True
7	0.0	0.25	0.0	0.02	17	18	19	20	2.820465997933634	2.8204650780600993	2.820466917807168	1.002152642267213	1.002114083325238	1.9238428439962755e-05	True
8	0.0	0.2916666666666667	0.0	0.02	1	2	19	20	15.064752549427231	15.06475137320458	15.064753725649883	0.02139076184707112	0.021389640237255127	2.6217841846875356e-05	True
8	0.0	0.2916666666666667	0.0	0.02	3	4	19	20	14.465323283673301	14.465322109038427	14.465324458308176	3.824918755443134e-05	3.824757962111039e-05	nan	False
8	0.0	0.2916666666666667	0.0	0.02	5	6	19	20	7.034478896333941	7.034477708502903	7.034480084164978	0.007795183918339228	0.007795281156161099	-6.2370058498038666e-06	True
8	0.0	0.2916666666666667	0.0	0.02	7	8	19	20	5.951888440186727	5.95188725620163	5.951889624171824	0.11408862274985296	0.11409218398127907	-1.560705949431483e-05	True
8	0.0	0.2916666666666667	0.0	0.02	9	10	19	20	5.914228665500748	5.91422748553801	5.914229845463486	0.2815923423647901	0.28160128062695444	-1.5870673600454968e-05	True
8	0.0	0.2916666666666667	0.0	0.02	11	12	19	20	4.625632721909284	4.625631533266718	4.625633910551849	0.0025430677182738744	0.002543098396806801	-6.031759921437267e-06	True
8	0.0	0.2916666666666667	0.0	0.02	13	14	19	20	3.6737963665295847	3.6737951819799464	3.6737975510792227	0.006263963070865493	0.006263235636619409	5.8068388876885385e-05	True
8	0.0	0.2916666666666667	0.0	0.02	15	16	19	20	3.482915158022596	3.482913562557162	3.4829167534880296	0.1830452546460747	0.18301885737283266	7.211106572689104e-05	True
8	0.0	0.2916666666666667	0.0	0.02	17	18	19	20	3.0328902411260223	3.032888675052042	3.032891807200003	0.5303681737816578	0.53032981338476	3.616523964585728e-05	True
9	0.0	0.3333333333333333	0.0	0.02	1	2	19	20	14.891723688204149	14.8917222831463	14.891725093261998	0.014857723359692203	0.014855967163745034	5.9103932101039656e-05	True
9	0.0	0.3333333333333333	0.0	0.02	3	4	19	20	14.414816347690302	14.414814944097216	14.414817751283389	3.051926340168546e-05	3.0517462932879394e-05	nan	False
9	0.0	0.3333333333333333	0.0	0.02	5	6	19	20	7.281789165787932	7.281787756719417	7.281790574856446	0.021463690849720947	0.02146162520479191	4.812183389431568e-05	True
9	0.0	0.3333333333333333	0.0	0.02	7	8	19	20	6.316061513481343	6.316060089730309	6.3160629372323775	0.0018033825949211708	0.0018034918905064736	-3.030202069532048e-05	True
9	0.0	0.3333333333333333	0.0	0.02	9	10	19	20	6.024788265993573	6.024786849147857	6.024789682839289	0.16052187404444	0.16054177054746968	-6.197058858838503e-05	True
9	0.0	0.3333333333333333	0.0	0.02	11	12	19	20	4.862328308837692	4.862326903012583	4.862329714662801	0.0006298011074245433	0.0006298520085076105	nan	False
9	0.0	0.3333333333333333	0.0	0.02	13	14	19	20	3.885702102354311	3.8857006878103664	3.885703516898255	0.0026356744543618205	0.0026353970639529855	5.262505125781983e-05	True
9	0.0	0.3333333333333333	0.0	0.02	15	16	19	20	3.3654117641305445	3.3654095515341083	3.3654139767269804	0.9552979331869184	0.9552448119511232	2.7804264484703978e-05	True
9	0.0	0.3333333333333333	0.0	0.02	17	18	19	20	3.151228997376318	3.151226807797609	3.1512311869550267	1.2731284313153153	1.2730942283150513	1.3432839478769969e-05	True
10	0.0	0.375	0.0	0.02	1	2	19	20	14.684287812739386	14.684287405726485	14.684288219752286	0.009617453284714143	0.009616818149969838	3.302099309878315e-05	True
10	0.0	0.375	0.0	0.02	3	4	19	20	14.322691203102378	14.32269079735699	14.322691608847766	2.9052927626683575e-05	2.905180134868826e-05	nan	False
10	0.0	0.375	0.0	0.02	5	6	19	20	7.514933929457802	7.514933523078659	7.514934335836947	0.012020542800101014	0.012019741356550293	3.3337524028335864e-05	True
10	0.0	0.375	0.0	0.02	7	8	19	20	6.596759979104574	6.596759559310904	6.596760398898243	0.00048231199100798013	0.0004823242765181278	nan	False
10	0.0	0.375	0.0	0.02	9	10	19	20	6.076448627092502	6.076448214657457	6.076449039527547	0.09364158647474895	0.09364905369146438	-3.986967372639394e-05	True
10	0.0	0.375	0.0	0.02	11	12	19	20	5.013825014910659	5.013824611770717	5.0138254180506	0.00018531784567994767	0.00018533002232796008	nan	False
10	0.0	0.375	0.0	0.02	13	14	19	20	4.0150332033390725	4.015032787805659	4.0150336188724856	0.001514136446935995	0.0015140819248525854	nan	False
10	0.0	0.375	0.0	0.02	15	16	19	20	3.229722320118762	3.229720834451255	3.2297238057862687	1.4561804688439153	1.4561986191762701	-6.232132495910371e-06	True
10	0.0	0.375	0.0	0.02	17	18	19	20	3.1036789981759463	3.1036775311690663	3.1036804651828267	1.7597053799484856	1.7596725994904858	9.314276042904703e-06	True
11	0.0	0.4166666666666667	0.0	0.02	1	2	19	20	14.529145595733375	14.529145449804854	14.529145741661894	0.007403604595632793	0.007403291730927051	2.112966139847152e-05	True
11	0.0	0.4166666666666667	0.0	0.02	3	4	19	20	14.264124319624845	14.264124174725197	14.26412446452449	2.8210336660315886e-05	2.820963252423647e-05	nan	False
11	0.0	0.4166666666666667	0.0	0.02	5	6	19	20	7.737064370131026	7.737064226157367	7.737064514104688	0.007043608450793645	0.007043232936035374	2.665712972549024e-05	True
11	0.0	0.4166666666666667	0.0	0.02	7	8	19	20	6.831768559028186	6.83176840534882	6.83176871270755	0.000278629718620497	0.00027863406934445145	nan	False
11	0.0	0.4166666666666667	0.0	0.02	9	10	19	20	6.1576204320952	6.15762028332013	6.157620580870269	0.08265091820724438	0.08265426944790166	-2.027305195210007e-05	True
11	0.0	0.4166666666666667	0.0	0.02	11	12	19	20	5.141439109392342	5.141438965830229	5.141439252954454	0.0001461477845078577	0.00014615130791143421	nan	False
11	0.0	0.4166666666666667	0.0	0.02	13	14	19	20	4.122426250592749	4.122426098593875	4.122426402591621	0.0010640669934778365	0.0010640483036009484	nan	False
11	0.0	0.4166666666666667	0.0	0.02	15	16	19	20	3.1416866820423053	3.1416858497524514	3.141687514332159	1.539658415576865	1.5396800231622936	-7.016957005067569e-06	True
11	0.0	0.4166666666666667	0.0	0.02	17	18	19	20	3.0115430612423606	3.011542244042648	3.011543878442074	2.098868546261957	2.0988450355399078	5.600839978965553e-06	True
12	0.0	0.4583333333333333	0.0	0.02	1	2	19	20	14.437363695517572	14.437363653278808	14.437363737756334	0.006105028134034131	0.006104888407511358	1.1443691879270993e-05	True
12	0.0	0.4583333333333333	0.0	0.02	3	4	19	20	14.237453216158835	14.237453174560564	14.237453257757105	2.64299791487565e-05	2.642979555562686e-05	nan	False
12	0.0	0.4583333333333333	0.0	0.02	5	6	19	20	7.89911647031833	7.899116429394262	7.899116511242399	0.005130352554850929	0.005130195556179983	1.530119728954061e-05	True
12	0.0	0.4583333333333333	0.0	0.02	7	8	19	20	6.993308054951295	6.993308009408942	6.993308100493648	0.00020961414288042516	0.00020961454169986945	nan	False
12	0.0	0.4583333333333333	0.0	0.02	9	10	19	20	6.234554909083421	6.234554864619792	6.23455495354705	0.07754124133641424	0.07754259973400122	-8.759117504494272e-06	True
12	0.0	0.4583333333333333	0.0	0.02	11	12	19	20	5.231839963826764	5.231839922531885	5.231840005121644	0.00014799238200390152	0.00014799316376097818	nan	False
12	0.0	0.4583333333333333	0.0	0.02	13	14	19	20	4.198381760477952	4.19838171496931	4.198381805986594	0.0009045067994675534	0.0009045025018152289	nan	False
12	0.0	0.4583333333333333	0.0	0.02	15	16	19	20	3.099240978832407	3.0992406802620005	3.099241277402814	1.4495753529915065	1.449580428871175	-1.7508130126488215e-06	True
12	0.0	0.4583333333333333	0.0	0.02	17	18	19	20	2.9309413000825617	2.9309410114229264	2.9309415887421975	2.4200585114225923	2.420054272549608	8.757797955063183e-07	True
13	0.0	0.5	0.0	0.02	1	2	19	20	14.407208195227495	14.407208181172503	14.407208209282487	0.005675387854574728	0.005675388150117179	-2.603720226997166e-08	True
13	0.0	0.5	0.0	0.02	3	4	19	20	14.230408652034836	14.230408638140656	14.230408665929016	2.526219027779154e-05	2.5262261561665024e-05	nan	False
13	0.0	0.5	0.0	0.02	5	6	19	20	7.958599787817926	7.9585997735378	7.958599802098053	0.0046250626998060995	0.004625065981455731	-3.5476799780871464e-07	True
13	0.0	0.5	0.0	0.02	7	8	19	20	7.051153762116369	7.0511537475467785	7.051153776685961	0.00019123825869482762	0.0001912372498807021	nan	False
13	0.0	0.5	0.0	0.02	9	10	19	20	6.2656188991552275	6.265618882816702	6.265618915493754	0.07600951547927721	0.07600952091296106	-3.574344357812435e-08	True
13	0.0	0.5	0.0	0.02	11	12	19	20	5.26478855309394	5.2647885390711116	5.264788567116769	0.0001529132586076059	0.00015291385093633945	nan	False
13	0.0	0.5	0.0	0.02	13	14	19	20	4.226068198265584	4.2260681837924805	4.226068212738689	0.0008650510446718777	0.0008650535448760721	nan	False
13	0.0	0.5	0.0	0.02	15	16	19	20	3.0881102224383907	3.088110207064738	3.0881102378120424	1.4057733088938473	1.4057733096614133	-2.730049025988829e-10	True
13	0.0	0.5	0.0	0.02	17	18	19	20	2.898812170310711	2.8988121553873336	2.898812185234089	2.535711955865721	2.53571199894246	-8.494012618257409e-09	True
14	0.0277777777777778	0.5138888888888888	0.0	0.02	1	1	19	19	14.400433050330477	14.400433050330477	14.400433050330477	2.580518094347228e-08	0.008483029074156856	-0.9999939160641277	True
14	0.0277777777777778	0.5138888888888888	0.0	0.02	1	1	20	20	14.416846708028505	14.416846708028505	14.416846708028505	1.5385353832266072e-16	7.00341582229391e-17	nan	False
14	0.0277777777777778	0.5138888888888888	0.0	0.02	2	2	19	19	14.396513253818924	14.396513253818924	14.396513253818924	2.766569137186772e-16	3.88355672180468e-17	nan	False
14	0.0277777777777778	0.5138888888888888	0.0	0.02	2	2	20	20	14.412926911516951	14.412926911516951	14.412926911516951	0.0014666648776529901	0.0038274374493639366	-0.44592499840122535	True
14	0.0277777777777778	0.5138888888888888	0.0	0.02	3	4	19	19	14.222738705787425	14.222513296604408	14.222964114970445	8.488788138560095e-06	2.713722552754365e-06	nan	False
14	0.0277777777777778	0.5138888888888888	0.0	0.02	3	4	20	20	14.239152363485452	14.238926954302434	14.239377772668472	5.32523968245095e-06	3.51706712687089e-05	nan	False
14	0.0277777777777778	0.5138888888888888	0.0	0.02	5	5	19	19	7.943890165402128	7.943890165402128	7.943890165402128	3.700105320387537e-17	4.3139469257834704e-16	nan	False
14	0.0277777777777778	0.5138888888888888	0.0	0.02	5	5	20	20	7.960303823100156	7.960303823100156	7.960303823100156	0.003177570165481639	0.0012578464286534742	0.4328170073960104	True
14	0.0277777777777778	0.5138888888888888	0.0	0.02	6	6	19	19	7.9408187120120575	7.9408187120120575	7.9408187120120575	0.0004951706065912283	0.004709699431653853	-0.8097279651738685	True
14	0.0277777777777778	0.5138888888888888	0.0	0.02	6	6	20	20	7.957232369710085	7.957232369710085	7.957232369710085	2.5289683577645065e-16	4.1576230321711337e-16	nan	False
14	0.0277777777777778	0.5138888888888888	0.0	0.02	7	8	19	19	7.05203194287994	7.0513073586997965	7.052756527060084	0.00010505864822064079	0.00012747207084046555	nan	False
14	0.0277777777777778	0.5138888888888888	0.0	0.02	7	8	20	20	7.0684456005779674	7.067721016397824	7.069170184758112	0.00010222187692868484	3.447807785624436e-05	nan	False
14	0.0277777777777778	0.5138888888888888	0.0	0.02	9	10	19	19	6.256350688552357	6.2556345567401	6.257066820364613	0.016974035294870904	0.05390789629525431	-0.5210617173069362	True
14	0.0277777777777778	0.5138888888888888	0.0	0.02	9	10	20	20	6.272764346250384	6.2720482144381275	6.27348047806264	0.025180620983749548	0.050582701184648186	-0.3352820266307476	True
14	0.0277777777777778	0.5138888888888888	0.0	0.02	11	12	19	19	5.267054823922324	5.266070205050671	5.268039442793977	0.0002836594265009145	8.401470086501044e-05	nan	False
14	0.0277777777777778	0.5138888888888888	0.0	0.02	11	12	20	20	5.283468481620352	5.282483862748698	5.284453100492005	7.863481714893843e-05	1.1654950374200487e-05	nan	False
14	0.0277777777777778	0.5138888888888888	0.0	0.02	13	13	19	19	4.219512423007901	4.219512423007901	4.219512423007901	3.8246725416796056e-05	0.00038486416653710334	nan	False
14	0.0277777777777778	0.5138888888888888	0.0	0.02	13	13	20	20	4.235926080705928	4.235926080705928	4.235926080705928	1.8578408259931373e-15	2.1028878047353424e-15	nan	False
14	0.0277777777777778	0.5138888888888888	0.0	0.02	14	14	19	19	4.216194531991082	4.216194531991082	4.216194531991082	4.909978611023001e-16	7.645796128584358e-16	nan	False
14	0.0277777777777778	0.5138888888888888	0.0	0.02	14	14	20	20	4.23260818968911	4.23260818968911	4.23260818968911	0.001651310493000593	0.00013082123346391727	nan	False
14	0.0277777777777778	0.5138888888888888	0.0	0.02	15	15	19	19	3.2214705664274046	3.2214705664274046	3.2214705664274046	1.0889468821205167e-15	6.555977272615575e-16	nan	False
14	0.0277777777777778	0.5138888888888888	0.0	0.02	15	15	20	20	3.237884224125432	3.237884224125432	3.237884224125432	1.5271702319177292	6.809265494567283e-06	0.9999910825460167	True
14	0.0277777777777778	0.5138888888888888	0.0	0.02	16	16	19	19	3.1591980454412605	3.1591980454412605	3.1591980454412605	0.9810061648567545	0.02531415923541047	0.9496896591882963	True
14	0.0277777777777778	0.5138888888888888	0.0	0.02	16	16	20	20	3.175611703139288	3.175611703139288	3.175611703139288	2.3210257744046673e-16	6.475479364627952e-16	nan	False
14	0.0277777777777778	0.5138888888888888	0.0	0.02	17	17	19	19	2.863618030957335	2.863618030957335	2.863618030957335	0.23935990390562442	2.596436521003896	-0.8311868215905086	True
14	0.0277777777777778	0.5138888888888888	0.0	0.02	17	17	20	20	2.8800316886553627	2.8800316886553627	2.8800316886553627	2.3009036816395374e-16	2.9536458957293323e-16	nan	False
14	0.0277777777777778	0.5138888888888888	0.0	0.02	18	18	19	19	2.788824083717878	2.788824083717878	2.788824083717878	9.607278165913473e-16	1.8550779387045158e-15	nan	False
14	0.0277777777777778	0.5138888888888888	0.0	0.02	18	18	20	20	2.8052377414159055	2.8052377414159055	2.8052377414159055	0.24064770805575758	2.091880483486648	-0.7936593358842732	True
15	0.0555555555555556	0.5277777777777778	0.0	0.02	1	1	19	19	14.38978978227323	14.38978978227323	14.38978978227323	0.0011672883644580146	0.01219546260075661	-0.8252922070467895	True
15	0.0555555555555556	0.5277777777777778	0.0	0.02	1	1	20	20	14.422291994853886	14.422291994853886	14.422291994853886	7.959496202942535e-17	1.0313652554210024e-16	nan	False
15	0.0555555555555556	0.5277777777777778	0.0	0.02	2	2	19	19	14.38200114526197	14.38200114526197	14.38200114526197	5.219128454013789e-16	6.674889872897422e-17	nan	False
15	0.0555555555555556	0.5277777777777778	0.0	0.02	2	2	20	20	14.414503357842626	14.414503357842626	14.414503357842626	2.6397707639028148e-06	0.007960152535900213	-0.9993369735986474	True
15	0.0555555555555556	0.5277777777777778	0.0	0.02	3	4	19	19	14.213345489238087	14.212897850322534	14.21379312815364	8.637964598207537e-07	1.2186315385623593e-06	nan	False
15	0.0555555555555556	0.5277777777777778	0.0	0.02	3	4	20	20	14.245847701818743	14.24540006290319	14.246295340734296	5.750902103386977e-06	4.7834716696436325e-05	nan	False
15	0.0555555555555556	0.5277777777777778	0.0	0.02	5	5	19	19	7.910343853362921	7.910343853362921	7.910343853362921	9.596640873778957e-17	3.8035442176531003e-16	nan	False
15	0.0555555555555556	0.5277777777777778	0.0	0.02	5	5	20	20	7.942846065943577	7.942846065943577	7.942846065943577	0.0022884935641433947	0.0024006808790376227	-0.023924747576275492	True
15	0.0555555555555556	0.5277777777777778	0.0	0.02	6	6	19	19	7.904207181764985	7.904207181764985	7.904207181764985	0.00028815616815299096	0.006084198962805472	-0.9095605432430914	True
15	0.0555555555555556	0.5277777777777778	0.0	0.02	6	6	20	20	7.936709394345641	7.936709394345641	7.936709394345641	9.38315140729555e-18	8.357883836097218e-17	nan	False
15	0.0555555555555556	0.5277777777777778	0.0	0.02	7	7	19	19	7.069742529421756	7.069742529421756	7.069742529421756	4.0430263846856194e-16	2.565587890448617e-16	nan	False
15	0.0555555555555556	0.5277777777777778	0.0	0.02	7	7	20	20	7.102244742002412	7.102244742002412	7.102244742002412	5.367000047399669e-05	2.315456868662659e-05	nan	False
15	0.0555555555555556	0.5277777777777778	0.0	0.02	8	8	19	19	7.0668779863698	7.0668779863698	7.0668779863698	0.00015615746310400588	0.0001061060467388119	nan	False
15	0.0555555555555556	0.5277777777777778	0.0	0.02	8	8	20	20	7.099380198950456	7.099380198950456	7.099380198950456	3.0326554612328004e-17	6.273538773524211e-16	nan	False
15	0.0555555555555556	0.5277777777777778	0.0	0.02	9	9	19	19	6.243705160044103	6.243705160044103	6.243705160044103	0.0038630079896606597	0.0590358353151965	-0.8771675984266518	True
15	0.0555555555555556	0.5277777777777778	0.0	0.02	9	9	20	20	6.276207372624759	6.276207372624759	6.276207372624759	5.1231652640233456e-17	2.4779866800005944e-17	nan	False
15	0.0555555555555556	0.5277777777777778	0.0	0.02	10	10	19	19	6.240920563601685	6.240920563601685	6.240920563601685	5.766509619266468e-17	3.260423070148017e-17	nan	False
15	0.0555555555555556	0.5277777777777778	0.0	0.02	10	10	20	20	6.273422776182342	6.273422776182342	6.273422776182342	0.009193158991323435	0.060446944011980495	-0.7359808904680315	True
15	0.0555555555555556	0.5277777777777778	0.0	0.02	11	11	19	19	5.286958991487683	5.286958991487683	5.286958991487683	0.00028348801080878196	0.000157204738199768	nan	False
15	0.0555555555555556	0.5277777777777778	0.0	0.02	11	11	20	20	5.3194612040683396	5.3194612040683396	5.3194612040683396	8.772311933062646e-16	8.807188085429525e-17	nan	False
15	0.0555555555555556	0.5277777777777778	0.0	0.02	12	12	19	19	5.282654614613632	5.282654614613632	5.282654614613632	2.175665587479894e-15	5.406579060893642e-17	nan	False
15	0.0555555555555556	0.5277777777777778	0.0	0.02	12	12	20	20	5.315156827194288	5.315156827194288	5.315156827194288	0.0004279302319517808	6.814198212478511e-05	nan	False
15	0.0555555555555556	0.5277777777777778	0.0	0.02	13	13	19	19	4.211482351231405	4.211482351231405	4.211482351231405	8.935031445559394e-07	0.000157747980046966	nan	False
15	0.0555555555555556	0.5277777777777778	0.0	0.02	13	13	20	20	4.243984563812061	4.243984563812061	4.243984563812061	1.3908005061941912e-15	3.8502866012149016e-16	nan	False
15	0.0555555555555556	0.5277777777777778	0.0	0.02	14	14	19	19	4.205598802962877	4.205598802962877	4.205598802962877	3.045237319134647e-15	2.6423289367781484e-15	nan	False
15	0.0555555555555556	0.5277777777777778	0.0	0.02	14	14	20	20	4.238101015543533	4.238101015543533	4.238101015543533	0.0033804052510873436	0.00030563548072342874	0.8341659775564743	True
15	0.0555555555555556	0.5277777777777778	0.0	0.02	15	15	19	19	3.4280280479824357	3.4280280479824357	3.4280280479824357	4.470978623352018e-16	2.0869611029734083e-16	nan	False
15	0.0555555555555556	0.5277777777777778	0.0	0.02	15	15	20	20	3.460530260563091	3.460530260563091	3.460530260563091	1.1320199601946148	0.024832471903097893	0.9570689031477085	True
15	0.0555555555555556	0.5277777777777778	0.0	0.02	16	16	19	19	3.3646898157196916	3.3646898157196916	3.3646898157196916	0.7470435654126838	0.016359273533823156	0.9571411771106356	True
15	0.0555555555555556	0.5277777777777778	0.0	0.02	16	16	20	20	3.397192028300347	3.397192028300347	3.397192028300347	1.9407167555878874e-15	1.7398652093441234e-15	nan	False
15	0.0555555555555556	0.5277777777777778	0.0	0.02	17	17	19	19	2.7757960764141574	2.7757960764141574	2.7757960764141574	0.03845304979470043	2.809597462719271	-0.9729969327259171	True
15	0.0555555555555556	0.5277777777777778	0.0	0.02	17	17	20	20	2.8082982889948127	2.8082982889948127	2.8082982889948127	4.70343792732677e-16	1.3510559026600808e-15	nan	False
15	0.0555555555555556	0.5277777777777778	0.0	0.02	18	18	19	19	2.6878082246061985	2.6878082246061985	2.6878082246061985	2.3256092589039554e-16	7.652651897246371e-17	nan	False
15	0.0555555555555556	0.5277777777777778	0.0	0.02	18	18	20	20	2.720310437186854	2.720310437186854	2.720310437186854	0.06893662808406376	2.4065586227355196	-0.9443047785599747	True
16	0.0833333333333333	0.5416666666666666	0.0	0.02	1	1	19	19	14.36873097738972	14.36873097738972	14.36873097738972	0.0047069095036819065	0.015124606231228419	-0.5253101612000219	True
16	0.0833333333333333	0.5416666666666666	0.0	0.02	1	1	20	20	14.414460700270148	14.414460700270148	14.414460700270148	1.6236587909701285e-16	5.423648201973526e-18	nan	False
16	0.0833333333333333	0.5416666666666666	0.0	0.02	2	2	19	19	14.357176373871994	14.357176373871994	14.357176373871994	4.584101458782826e-17	1.2219749735947056e-17	nan	False
16	0.0833333333333333	0.5416666666666666	0.0	0.02	2	2	20	20	14.402906096752421	14.402906096752421	14.402906096752421	0.001646299998872053	0.012569286379087448	-0.7683809932139624	True
16	0.0833333333333333	0.5416666666666666	0.0	0.02	3	4	19	19	14.195597463206699	14.194933950688437	14.196260975724961	1.5064026123368477e-06	1.0541667440409699e-07	nan	False
16	0.0833333333333333	0.5416666666666666	0.0	0.02	3	4	20	20	14.241327186087126	14.240663673568864	14.241990698605388	4.957115327878727e-06	5.620358459616586e-05	nan	False
16	0.0833333333333333	0.5416666666666666	0.0	0.02	5	5	19	19	7.851452279513123	7.851452279513123	7.851452279513123	1.633675322068292e-16	8.477111535546175e-16	nan	False
16	0.0833333333333333	0.5416666666666666	0.0	0.02	5	5	20	20	7.897182002393551	7.897182002393551	7.897182002393551	0.0011757714013544724	0.004766661463478014	-0.6042794498149988	True
16	0.0833333333333333	0.5416666666666666	0.0	0.02	6	6	19	19	7.842262093776909	7.842262093776909	7.842262093776909	0.00010671823773262394	0.008261852182073237	-0.9744954675938308	True
16	0.0833333333333333	0.5416666666666666	0.0	0.02	6	6	20	20	7.887991816657337	7.887991816657337	7.887991816657337	7.052766775566555e-16	3.585590944312416e-16	nan	False
16	0.0833333333333333	0.5416666666666666	0.0	0.02	7	7	19	19	7.095371263108469	7.095371263108469	7.095371263108469	1.0556707851439516e-15	1.999951166063206e-15	nan	False
16	0.0833333333333333	0.5416666666666666	0.0	0.02	7	7	20	20	7.141100985988897	7.141100985988897	7.141100985988897	1.1111205435401625e-05	2.493230174380739e-05	nan	False
16	0.0833333333333333	0.5416666666666666	0.0	0.02	8	8	19	19	7.091179406175875	7.091179406175875	7.091179406175875	0.0001996704492551056	8.256215488337333e-05	nan	False
16	0.0833333333333333	0.5416666666666666	0.0	0.02	8	8	20	20	7.136909129056303	7.136909129056303	7.136909129056303	4.8327462888409665e-17	1.6734950472106075e-15	nan	False
16	0.0833333333333333	0.5416666666666666	0.0	0.02	9	9	19	19	6.219341341900532	6.219341341900532	6.219341341900532	0.0002472230193062419	0.0561743792566306	-0.9912365828216941	True
16	0.0833333333333333	0.5416666666666666	0.0	0.02	9	9	20	20	6.26507106478096	6.26507106478096	6.26507106478096	6.582157876068816e-17	4.6873788360215463e-17	nan	False
16	0.0833333333333333	0.5416666666666666	0.0	0.02	10	10	19	19	6.21537675382134	6.21537675382134	6.21537675382134	3.757755568421405e-16	2.429945447326775e-16	nan	False
16	0.0833333333333333	0.5416666666666666	0.0	0.02	10	10	20	20	6.261106476701768	6.261106476701768	6.261106476701768	0.0002770824022865492	0.06013911960195862	-0.9908275464827438	True
16	0.0833333333333333	0.5416666666666666	0.0	0.02	11	11	19	19	5.3081804758685935	5.3081804758685935	5.3081804758685935	0.0001592677442738801	0.00014253698548172467	nan	False
16	0.0833333333333333	0.5416666666666666	0.0	0.02	11	11	20	20	5.353910198749022	5.353910198749022	5.353910198749022	1.0771948535716324e-15	1.4342468384479627e-18	nan	False
16	0.0833333333333333	0.5416666666666666	0.0	0.02	12	12	19	19	5.301005540827259	5.301005540827259	5.301005540827259	4.857527917268995e-15	1.0529599272950471e-16	nan	False
16	0.0833333333333333	0.5416666666666666	0.0	0.02	12	12	20	20	5.3467352637076875	5.3467352637076875	5.3467352637076875	0.0009737191736013404	0.00040286530129691827	nan	False
16	0.0833333333333333	0.5416666666666666	0.0	0.02	13	13	19	19	4.199370413601719	4.199370413601719	4.199370413601719	0.00010145365278737959	8.744516874800921e-06	nan	False
16	0.0833333333333333	0.5416666666666666	0.0	0.02	13	13	20	20	4.245100136482147	4.245100136482147	4.245100136482147	1.0332702420048045e-15	6.583788877707058e-16	nan	False
16	0.0833333333333333	0.5416666666666666	0.0	0.02	14	14	19	19	4.192285067507268	4.192285067507268	4.192285067507268	6.243524525806492e-16	5.997156971447853e-15	nan	False
16	0.0833333333333333	0.5416666666666666	0.0	0.02	14	14	20	20	4.238014790387696	4.238014790387696	4.238014790387696	0.006476360204132685	0.0008829596564911155	0.7600431362644229	True
16	0.0833333333333333	0.5416666666666666	0.0	0.02	15	15	19	19	3.6713803792693076	3.6713803792693076	3.6713803792693076	2.7094129841997565e-15	6.7113208333356536e-15	nan	False
16	0.0833333333333333	0.5416666666666666	0.0	0.02	15	15	20	20	3.7171101021497357	3.7171101021497357	3.7171101021497357	0.6706617532006817	0.055755555667996934	0.8464916653629012	True
16	0.0833333333333333	0.5416666666666666	0.0	0.02	16	16	19	19	3.6123762798170054	3.6123762798170054	3.6123762798170054	0.44276878142867054	0.05615180409889086	0.7749068459882623	True
16	0.0833333333333333	0.5416666666666666	0.0	0.02	16	16	20	20	3.6581060026974335	3.6581060026974335	3.6581060026974335	2.1777063453553514e-15	1.771060054749785e-15	nan	False
16	0.0833333333333333	0.5416666666666666	0.0	0.02	17	17	19	19	2.7017174548743936	2.7017174548743936	2.7017174548743936	0.0003913866189364512	2.857736717367067	-0.9997261238092228	True
16	0.0833333333333333	0.5416666666666666	0.0	0.02	17	17	20	20	2.7474471777548217	2.7474471777548217	2.7474471777548217	9.175723988899151e-16	6.3134029722744444e-15	nan	False
16	0.0833333333333333	0.5416666666666666	0.0	0.02	18	18	19	19	2.606438466908153	2.606438466908153	2.606438466908153	5.260200559269497e-15	1.8574747183919765e-14	nan	False
16	0.0833333333333333	0.5416666666666666	0.0	0.02	18	18	20	20	2.652168189788581	2.652168189788581	2.652168189788581	0.006646667272791618	2.6301155720294123	-0.9949584629408599	True
17	0.1111111111111111	0.5555555555555556	0.0	0.02	1	1	19	19	14.33027381748438	14.33027381748438	14.33027381748438	0.010235533216504934	0.016748220491456953	-0.24135586714276788	True
17	0.1111111111111111	0.5555555555555556	0.0	0.02	1	1	20	20	14.382497763840608	14.382497763840608	14.382497763840608	1.6130937013029193e-16	8.540478430822922e-17	nan	False
17	0.1111111111111111	0.5555555555555556	0.0	0.02	2	2	19	19	14.31510898567418	14.31510898567418	14.31510898567418	1.5860573100470058e-16	3.231376636688062e-17	nan	False
17	0.1111111111111111	0.5555555555555556	0.0	0.02	2	2	20	20	14.367332932030408	14.367332932030408	14.367332932030408	0.006868083310070627	0.016137871863836844	-0.40292995807797105	True
17	0.1111111111111111	0.5555555555555556	0.0	0.02	3	4	19	19	14.162358076679391	14.161488577967413	14.16322757539137	1.1074611414207448e-05	6.395733602062515e-07	nan	False
17	0.1111111111111111	0.5555555555555556	0.0	0.02	3	4	20	20	14.214582023035618	14.21371252432364	14.215451521747596	3.1418810526382345e-06	5.786864276395773e-05	nan	False
17	0.1111111111111111	0.5555555555555556	0.0	0.02	5	5	19	19	7.760283338499855	7.760283338499855	7.760283338499855	2.965879782583011e-16	2.6634950622829954e-16	nan	False
17	0.1111111111111111	0.5555555555555556	0.0	0.02	5	5	20	20	7.812507284856081	7.812507284856081	7.812507284856081	0.0003034895200956547	0.00853992678329472	-0.9313637377945663	True
17	0.1111111111111111	0.5555555555555556	0.0	0.02	6	6	19	19	7.7480549987055	7.7480549987055	7.7480549987055	7.056358129602439e-06	0.011281781083335062	-0.9987498521143224	True
17	0.1111111111111111	0.5555555555555556	0.0	0.02	6	6	20	20	7.800278945061726	7.800278945061726	7.800278945061726	4.2450595862569993e-16	3.1052789952662e-15	nan	False
17	0.1111111111111111	0.5555555555555556	0.0	0.02	7	7	19	19	7.121768030854833	7.121768030854833	7.121768030854833	2.0348300487484517e-17	1.2691862064146762e-16	nan	False
17	0.1111111111111111	0.5555555555555556	0.0	0.02	7	7	20	20	7.173991977211059	7.173991977211059	7.173991977211059	8.785389682354665e-07	3.9179843091004025e-05	nan	False
17	0.1111111111111111	0.5555555555555556	0.0	0.02	8	8	19	19	7.116415653910401	7.116415653910401	7.116415653910401	0.00022148617272630699	6.975844031957505e-05	nan	False
17	0.1111111111111111	0.5555555555555556	0.0	0.02	8	8	20	20	7.168639600266627	7.168639600266627	7.168639600266627	4.687225368233313e-15	2.130763846683928e-15	nan	False
17	0.1111111111111111	0.5555555555555556	0.0	0.02	9	9	19	19	6.1775448806374715	6.1775448806374715	6.1775448806374715	0.009800619425584852	0.04692702556633009	-0.6544676082717102	True
17	0.1111111111111111	0.5555555555555556	0.0	0.02	9	9	20	20	6.2297688269936975	6.2297688269936975	6.2297688269936975	1.5312596302523562e-16	1.9379957332958133e-16	nan	False
17	0.1111111111111111	0.5555555555555556	0.0	0.02	10	10	19	19	6.172686531782812	6.172686531782812	6.172686531782812	1.1431358852028175e-16	6.691762201372163e-18	nan	False
17	0.1111111111111111	0.5555555555555556	0.0	0.02	10	10	20	20	6.224910478139038	6.224910478139038	6.224910478139038	0.005333607272479702	0.05011582861446846	-0.8076226678535015	True
17	0.1111111111111111	0.5555555555555556	0.0	0.02	11	11	19	19	5.316024467111282	5.316024467111282	5.316024467111282	2.4980940096238074e-05	7.557908167972345e-05	nan	False
17	0.1111111111111111	0.5555555555555556	0.0	0.02	11	11	20	20	5.368248413467508	5.368248413467508	5.368248413467508	1.6034866965888878e-14	2.552981202568424e-17	nan	False
17	0.1111111111111111	0.5555555555555556	0.0	0.02	12	12	19	19	5.305495040099643	5.305495040099643	5.305495040099643	1.814740529189719e-16	2.1692886798584059e-16	nan	False
17	0.1111111111111111	0.5555555555555556	0.0	0.02	12	12	20	20	5.357718986455869	5.357718986455869	5.357718986455869	0.0014258339580475914	0.0008304430324056613	nan	False
17	0.1111111111111111	0.5555555555555556	0.0	0.02	13	13	19	19	4.181275713001845	4.181275713001845	4.181275713001845	0.0010865900893783959	0.00032725608083248177	nan	False
17	0.1111111111111111	0.5555555555555556	0.0	0.02	13	13	20	20	4.233499659358071	4.233499659358071	4.233499659358071	1.6667766691638345e-15	2.4691878031762834e-14	nan	False
17	0.1111111111111111	0.5555555555555556	0.0	0.02	14	14	19	19	4.175391393608301	4.175391393608301	4.175391393608301	1.4814643091553235e-15	2.0664679886453122e-15	nan	False
17	0.1111111111111111	0.5555555555555556	0.0	0.02	14	14	20	20	4.227615339964527	4.227615339964527	4.227615339964527	0.013861473177509558	0.0035260415437699316	0.5944168444666067	True
17	0.1111111111111111	0.5555555555555556	0.0	0.02	15	15	19	19	3.9321238481412393	3.9321238481412393	3.9321238481412393	2.9880073572105534e-15	1.7815756514566554e-15	nan	False
17	0.1111111111111111	0.5555555555555556	0.0	0.02	15	15	20	20	3.984347794497466	3.984347794497466	3.984347794497466	0.30682861606937534	0.07811300531973317	0.594156615032415	True
17	0.1111111111111111	0.5555555555555556	0.0	0.02	16	16	19	19	3.8791158602719764	3.8791158602719764	3.8791158602719764	0.21513595307453212	0.08616681039009613	0.42803836646382587	True
17	0.1111111111111111	0.5555555555555556	0.0	0.02	16	16	20	20	3.9313398066282033	3.9313398066282033	3.9313398066282033	1.0609749582283054e-15	8.941455553575775e-15	nan	False
17	0.1111111111111111	0.5555555555555556	0.0	0.02	17	17	19	19	2.632131941573013	2.632131941573013	2.632131941573013	0.014872692689630537	2.8700543781836685	-0.9896893804770404	True
17	0.1111111111111111	0.5555555555555556	0.0	0.02	17	17	20	20	2.68435588792924	2.68435588792924	2.68435588792924	2.974784067164024e-15	1.803845004517184e-14	nan	False
17	0.1111111111111111	0.5555555555555556	0.0	0.02	18	18	19	19	2.5308322487782235	2.5308322487782235	2.5308322487782235	3.603368133631784e-15	6.358037387733576e-15	nan	False
17	0.1111111111111111	0.5555555555555556	0.0	0.02	18	18	20	20	2.5830561951344504	2.5830561951344504	2.5830561951344504	0.007528953141964222	2.783502034210046	-0.9946048946241852	True
18	0.1388888888888889	0.5694444444444444	0.0	0.02	1	1	19	19	14.270294414804464	14.270294414804464	14.270294414804464	0.016891942293775834	0.016902974216481407	-0.00032643734161097714	True
18	0.1388888888888889	0.5694444444444444	0.0	0.02	1	1	20	20	14.32122824761658	14.32122824761658	14.32122824761658	9.547635260432953e-17	1.5685329250587287e-16	nan	False
18	0.1388888888888889	0.5694444444444444	0.0	0.02	2	2	19	19	14.251730172222665	14.251730172222665	14.251730172222665	1.9750851832701576e-16	1.584568762406883e-17	nan	False
18	0.1388888888888889	0.5694444444444444	0.0	0.02	2	2	20	20	14.30266400503478	14.30266400503478	14.30266400503478	0.014194783315845892	0.017560874064967185	-0.10599971868808176	True
18	0.1388888888888889	0.5694444444444444	0.0	0.02	3	3	19	19	14.110337669765542	14.110337669765542	14.110337669765542	3.2652663514217634e-17	1.3245068658101889e-17	nan	False
18	0.1388888888888889	0.5694444444444444	0.0	0.02	3	3	20	20	14.161271502577657	14.161271502577657	14.161271502577657	1.3502561067390598e-06	5.318071375454907e-05	nan	False
18	0.1388888888888889	0.5694444444444444	0.0	0.02	4	4	19	19	14.108214332146385	14.108214332146385	14.108214332146385	2.626449280372326e-05	5.500512175414634e-06	nan	False
18	0.1388888888888889	0.5694444444444444	0.0	0.02	4	4	20	20	14.1591481649585	14.1591481649585	14.1591481649585	6.766931822075616e-16	1.3311901014800955e-16	nan	False
18	0.1388888888888889	0.5694444444444444	0.0	0.02	5	5	19	19	7.63279231280881	7.63279231280881	7.63279231280881	1.7574963218684056e-17	4.1463116137262347e-17	nan	False
18	0.1388888888888889	0.5694444444444444	0.0	0.02	5	5	20	20	7.683726145620924	7.683726145620924	7.683726145620924	3.910182688443564e-06	0.013047079290390087	-0.9994007837188882	True
18	0.1388888888888889	0.5694444444444444	0.0	0.02	6	6	19	19	7.6175396657912025	7.6175396657912025	7.6175396657912025	2.2781014372259822e-05	0.014932115680833448	-0.9969533705465765	True
18	0.1388888888888889	0.5694444444444444	0.0	0.02	6	6	20	20	7.6684734986033165	7.6684734986033165	7.6684734986033165	5.763378803202354e-16	6.997708522232038e-16	nan	False
18	0.1388888888888889	0.5694444444444444	0.0	0.02	7	7	19	19	7.142576844873094	7.142576844873094	7.142576844873094	1.8104553552473668e-16	1.7311690081650177e-15	nan	False
18	0.1388888888888889	0.5694444444444444	0.0	0.02	7	7	20	20	7.193510677685208	7.193510677685208	7.193510677685208	1.990278581449197e-05	6.49517419712331e-05	nan	False
18	0.1388888888888889	0.5694444444444444	0.0	0.02	8	8	19	19	7.136319277736195	7.136319277736195	7.136319277736195	0.00021690419940169288	7.342688698536073e-05	nan	False
18	0.1388888888888889	0.5694444444444444	0.0	0.02	8	8	20	20	7.187253110548309	7.187253110548309	7.187253110548309	1.4505899350140664e-15	5.008171567541586e-16	nan	False
18	0.1388888888888889	0.5694444444444444	0.0	0.02	9	9	19	19	6.1149729793130385	6.1149729793130385	6.1149729793130385	0.033573464668106935	0.034263380394874185	-0.01017022130269646	True
18	0.1388888888888889	0.5694444444444444	0.0	0.02	9	9	20	20	6.165906812125153	6.165906812125153	6.165906812125153	6.997893301439044e-17	7.439618797679045e-17	nan	False
18	0.1388888888888889	0.5694444444444444	0.0	0.02	10	10	19	19	6.10966498967153	6.10966498967153	6.10966498967153	9.107243453972191e-17	2.405053984585135e-17	nan	False
18	0.1388888888888889	0.5694444444444444	0.0	0.02	10	10	20	20	6.160598822483644	6.160598822483644	6.160598822483644	0.026863330784279174	0.03554421255113169	-0.13909987964430684	True
18	0.1388888888888889	0.5694444444444444	0.0	0.02	11	11	19	19	5.298250518629639	5.298250518629639	5.298250518629639	2.6437117919563418e-05	2.2720975988975543e-05	nan	False
18	0.1388888888888889	0.5694444444444444	0.0	0.02	11	11	20	20	5.349184351441753	5.349184351441753	5.349184351441753	4.187022486703801e-15	1.5463726096668375e-16	nan	False
18	0.1388888888888889	0.5694444444444444	0.0	0.02	12	12	19	19	5.284055243663754	5.284055243663754	5.284055243663754	2.662701313632063e-15	3.1296068064073293e-16	nan	False
18	0.1388888888888889	0.5694444444444444	0.0	0.02	12	12	20	20	5.334989076475868	5.334989076475868	5.334989076475868	0.0015406688658125172	0.0011149216982444564	nan	False
18	0.1388888888888889	0.5694444444444444	0.0	0.02	13	13	19	19	4.218930616233679	4.218930616233679	4.218930616233679	4.5188756940723e-16	6.681862507925249e-16	nan	False
18	0.1388888888888889	0.5694444444444444	0.0	0.02	13	13	20	20	4.269864449045793	4.269864449045793	4.269864449045793	0.10655430697062603	0.08810640073013333	0.09476954264879996	True
18	0.1388888888888889	0.5694444444444444	0.0	0.02	14	14	19	19	4.179039270444106	4.179039270444106	4.179039270444106	0.04334452274282151	0.055162960958939126	-0.11997502902316431	True
18	0.1388888888888889	0.5694444444444444	0.0	0.02	14	14	20	20	4.22997310325622	4.22997310325622	4.22997310325622	1.5588126165442452e-15	1.0147306408051343e-14	nan	False
18	0.1388888888888889	0.5694444444444444	0.0	0.02	15	15	19	19	4.130624257643116	4.130624257643116	4.130624257643116	3.085278684540931e-15	2.165240833008084e-15	nan	False
18	0.1388888888888889	0.5694444444444444	0.0	0.02	15	15	20	20	4.18155809045523	4.18155809045523	4.18155809045523	0.00931695631676457	0.0112201618869076	-0.09267150099972275	True
18	0.1388888888888889	0.5694444444444444	0.0	0.02	16	16	19	19	4.126960491603362	4.126960491603362	4.126960491603362	0.037825477840415574	0.052076282298882566	-0.15851529977150733	True
18	0.1388888888888889	0.5694444444444444	0.0	0.02	16	16	20	20	4.177894324415476	4.177894324415476	4.177894324415476	5.842809504649251e-16	7.400635769406033e-16	nan	False
18	0.1388888888888889	0.5694444444444444	0.0	0.02	17	17	19	19	2.554211286350739	2.554211286350739	2.554211286350739	0.055211700240002756	2.9280106871699387	-0.9629851931434866	True
18	0.1388888888888889	0.5694444444444444	0.0	0.02	17	17	20	20	2.605145119162853	2.605145119162853	2.605145119162853	7.257199580930793e-15	1.6156470921113062e-14	nan	False
18	0.1388888888888889	0.5694444444444444	0.0	0.02	18	18	19	19	2.44731744209185	2.44731744209185	2.44731744209185	7.485529833749467e-15	3.712072448274926e-15	nan	False
18	0.1388888888888889	0.5694444444444444	0.0	0.02	18	18	20	20	2.4982512749039643	2.4982512749039643	2.4982512749039643	0.05242442364294185	2.9322287825109594	-0.9648706767440515	True
19	0.1666666666666667	0.5833333333333333	0.0	0.02	1	1	19	19	14.188926904179489	14.188926904179489	14.188926904179489	0.02385865762363115	0.015767141140036633	0.20419819249204604	True
19	0.1666666666666667	0.5833333333333333	0.0	0.02	1	1	20	20	14.233295280685372	14.233295280685372	14.233295280685372	1.3452824415474378e-16	8.563626508676686e-18	nan	False
19	0.1666666666666667	0.5833333333333333	0.0	0.02	2	2	19	19	14.167231333599936	14.167231333599936	14.167231333599936	6.162391171557967e-17	8.236849675184595e-17	nan	False
19	0.1666666666666667	0.5833333333333333	0.0	0.02	2	2	20	20	14.21159971010582	14.21159971010582	14.21159971010582	0.021862401723530038	0.016989697726500535	0.12541674879877487	True
19	0.1666666666666667	0.5833333333333333	0.0	0.02	3	3	19	19	14.037407154951552	14.037407154951552	14.037407154951552	1.2369991894747742e-18	2.94652195576202e-16	nan	False
19	0.1666666666666667	0.5833333333333333	0.0	0.02	3	3	20	20	14.081775531457437	14.081775531457437	14.081775531457437	3.296882245976758e-07	4.4304198225995996e-05	nan	False
19	0.1666666666666667	0.5833333333333333	0.0	0.02	4	4	19	19	14.034935508405471	14.034935508405471	14.034935508405471	4.14282373218709e-05	1.8566956710667077e-05	nan	False
19	0.1666666666666667	0.5833333333333333	0.0	0.02	4	4	20	20	14.079303884911354	14.079303884911354	14.079303884911354	1.321716634404109e-16	1.5497814104543458e-16	nan	False
19	0.1666666666666667	0.5833333333333333	0.0	0.02	5	5	19	19	7.4692743068003535	7.4692743068003535	7.4692743068003535	1.1173317373731893e-16	4.241190248063185e-17	nan	False
19	0.1666666666666667	0.5833333333333333	0.0	0.02	5	5	20	20	7.513642683306237	7.513642683306237	7.513642683306237	8.695003251324439e-05	0.017490297637048898	-0.9901065247360868	True
19	0.1666666666666667	0.5833333333333333	0.0	0.02	6	6	19	19	7.450991740793367	7.450991740793367	7.450991740793367	0.00011962045332256782	0.018867749050757523	-0.9873999973196009	True
19	0.1666666666666667	0.5833333333333333	0.0	0.02	6	6	20	20	7.495360117299251	7.495360117299251	7.495360117299251	5.15640704648198e-16	5.48382365717284e-16	nan	False
19	0.1666666666666667	0.5833333333333333	0.0	0.02	7	7	19	19	7.153929159831724	7.153929159831724	7.153929159831724	2.679303265622568e-15	4.184538390153903e-15	nan	False
19	0.1666666666666667	0.5833333333333333	0.0	0.02	7	7	20	20	7.198297536337607	7.198297536337607	7.198297536337607	4.675793383931755e-05	0.00010699834029611199	nan	False
19	0.1666666666666667	0.5833333333333333	0.0	0.02	8	8	19	19	7.147096558499363	7.147096558499363	7.147096558499363	0.0001911465474985106	0.0001014981577752532	nan	False
19	0.1666666666666667	0.5833333333333333	0.0	0.02	8	8	20	20	7.191464935005246	7.191464935005246	7.191464935005246	9.779092011585384e-17	2.0959965734621397e-15	nan	False
19	0.1666666666666667	0.5833333333333333	0.0	0.02	9	9	19	19	6.032763989879547	6.032763989879547	6.032763989879547	0.07010983383768632	0.020831440395463495	0.5418704967327136	True
19	0.1666666666666667	0.5833333333333333	0.0	0.02	9	9	20	20	6.077132366385431	6.077132366385431	6.077132366385431	4.3001667946676184e-17	6.407618863520752e-17	nan	False
19	0.1666666666666667	0.5833333333333333	0.0	0.02	10	10	19	19	6.027689469019513	6.027689469019513	6.027689469019513	7.99325047669636e-17	1.4768551502038578e-16	nan	False
19	0.1666666666666667	0.5833333333333333	0.0	0.02	10	10	20	20	6.072057845525396	6.072057845525396	6.072057845525396	0.06254369205160919	0.020997704760888275	0.4973101824472463	True
19	0.1666666666666667	0.5833333333333333	0.0	0.02	11	11	19	19	5.2489301812553775	5.2489301812553775	5.2489301812553775	0.00029099846361012175	3.4382742581545193e-06	nan	False
19	0.1666666666666667	0.5833333333333333	0.0	0.02	11	11	20	20	5.293298557761261	5.293298557761261	5.293298557761261	1.0223086689299582e-15	5.251564100986596e-16	nan	False
19	0.1666666666666667	0.5833333333333333	0.0	0.02	12	12	19	19	5.230971440395723	5.230971440395723	5.230971440395723	1.1950491207009396e-14	4.558223426262803e-16	nan	False
19	0.1666666666666667	0.5833333333333333	0.0	0.02	12	12	20	20	5.275339816901607	5.275339816901607	5.275339816901607	0.0012892399646550834	0.0013141676171042858	nan	False
19	0.1666666666666667	0.5833333333333333	0.0	0.02	13	13	19	19	4.466700089876803	4.466700089876803	4.466700089876803	3.8765623318054933e-16	3.596732667047668e-15	nan	False
19	0.1666666666666667	0.5833333333333333	0.0	0.02	13	13	20	20	4.511068466382687	4.511068466382687	4.511068466382687	0.024597710758728773	0.11138836330470278	-0.6382319156113734	True
19	0.1666666666666667	0.5833333333333333	0.0	0.02	14	14	19	19	4.420434473218227	4.420434473218227	4.420434473218227	0.017085487803019554	0.12059535776443694	-0.7518102429920284	True
19	0.1666666666666667	0.5833333333333333	0.0	0.02	14	14	20	20	4.46480284972411	4.46480284972411	4.46480284972411	6.626712718707811e-17	2.9039150119377037e-15	nan	False
19	0.1666666666666667	0.5833333333333333	0.0	0.02	15	15	19	19	4.118491499926905	4.118491499926905	4.118491499926905	0.00010582491711432972	0.00027338069133923243	nan	False
19	0.1666666666666667	0.5833333333333333	0.0	0.02	15	15	20	20	4.162859876432789	4.162859876432789	4.162859876432789	4.2388704675577775e-15	5.4241060810840925e-15	nan	False
19	0.1666666666666667	0.5833333333333333	0.0	0.02	16	16	19	19	4.113120382623799	4.113120382623799	4.113120382623799	5.444153193537754e-15	3.3193544155344404e-15	nan	False
19	0.1666666666666667	0.5833333333333333	0.0	0.02	16	16	20	20	4.1574887591296825	4.1574887591296825	4.1574887591296825	0.0009233035044339344	1.1084996769372085e-05	nan	False
19	0.1666666666666667	0.5833333333333333	0.0	0.02	17	17	19	19	2.45955105622146	2.45955105622146	2.45955105622146	0.0987763338182823	3.1023936617789922	-0.9382873549645072	True
19	0.1666666666666667	0.5833333333333333	0.0	0.02	17	17	20	20	2.5039194327273435	2.5039194327273435	2.5039194327273435	1.3105414123514539e-15	8.337376891077072e-15	nan	False
19	0.1666666666666667	0.5833333333333333	0.0	0.02	18	18	19	19	2.3470481949997555	2.3470481949997555	2.3470481949997555	5.05177263059775e-16	1.671621612306041e-14	nan	False
19	0.1666666666666667	0.5833333333333333	0.0	0.02	18	18	20	20	2.391416571505639	2.391416571505639	2.391416571505639	0.10973300211535571	3.1811701838293267	-0.9333113155172592	True
20	0.1944444444444444	0.5972222222222222	0.0	0.02	1	1	19	19	14.090309007593326	14.090309007593326	14.090309007593326	0.030692113983572095	0.013624634498270474	0.3851248133038122	True
20	0.1944444444444444	0.5972222222222222	0.0	0.02	1	1	20	20	14.1256979671414	14.1256979671414	14.1256979671414	7.436105099607143e-17	9.45756738066658e-17	nan	False
20	0.1944444444444444	0.5972222222222222	0.0	0.02	2	2	19	19	14.065810695462122	14.065810695462122	14.065810695462122	2.241232321428768e-16	6.988222354283969e-17	nan	False
20	0.1944444444444444	0.5972222222222222	0.0	0.02	2	2	20	20	14.101199655010197	14.101199655010197	14.101199655010197	0.029174825781520232	0.015020599860284782	0.3202645005832185	True
20	0.1944444444444444	0.5972222222222222	0.0	0.02	3	3	19	19	13.948129558333326	13.948129558333326	13.948129558333326	1.0970463664911293e-16	2.655254017304727e-16	nan	False
20	0.1944444444444444	0.5972222222222222	0.0	0.02	3	3	20	20	13.9835185178814	13.9835185178814	13.9835185178814	1.9154611014774326e-08	3.311524126063783e-05	nan	False
20	0.1944444444444444	0.5972222222222222	0.0	0.02	4	4	19	19	13.945354225448598	13.945354225448598	13.945354225448598	5.1243350888968696e-05	4.3450141632703584e-05	nan	False
20	0.1944444444444444	0.5972222222222222	0.0	0.02	4	4	20	20	13.980743184996673	13.980743184996673	13.980743184996673	3.496515376370218e-17	9.631060438505543e-18	nan	False
20	0.1944444444444444	0.5972222222222222	0.0	0.02	5	5	19	19	7.274424376985925	7.274424376985925	7.274424376985925	3.705340041118371e-16	5.33134533560887e-16	nan	False
20	0.1944444444444444	0.5972222222222222	0.0	0.02	5	5	20	20	7.309813336534	7.309813336534	7.309813336534	0.00029282244211243513	0.021303720359865393	-0.972882470606766	True
20	0.1944444444444444	0.5972222222222222	0.0	0.02	6	6	19	19	7.252956861167627	7.252956861167627	7.252956861167627	0.00023706192126997426	0.022578887596746068	-0.9792196313300234	True
20	0.1944444444444444	0.5972222222222222	0.0	0.02	6	6	20	20	7.288345820715702	7.288345820715702	7.288345820715702	2.7165045810246254e-16	1.480159244098446e-15	nan	False
20	0.1944444444444444	0.5972222222222222	0.0	0.02	7	7	19	19	7.153898399830979	7.153898399830979	7.153898399830979	3.013982458448967e-17	1.936891902837027e-15	nan	False
20	0.1944444444444444	0.5972222222222222	0.0	0.02	7	7	20	20	7.189287359379054	7.189287359379054	7.189287359379054	5.781354996773695e-05	0.0003178690914840247	nan	False
20	0.1944444444444444	0.5972222222222222	0.0	0.02	8	8	19	19	7.146967648958059	7.146967648958059	7.146967648958059	0.00016351915446343398	0.00027466261578378644	nan	False
20	0.1944444444444444	0.5972222222222222	0.0	0.02	8	8	20	20	7.182356608506134	7.182356608506134	7.182356608506134	6.745828023168183e-16	6.449156648020105e-16	nan	False
20	0.1944444444444444	0.5972222222222222	0.0	0.02	9	9	19	19	5.936511075062986	5.936511075062986	5.936511075062986	0.11536410175725605	0.008615154383638246	0.8610226476298957	True
20	0.1944444444444444	0.5972222222222222	0.0	0.02	9	9	20	20	5.971900034611061	5.971900034611061	5.971900034611061	2.390067371738649e-16	1.3909989061091896e-16	nan	False
20	0.1944444444444444	0.5972222222222222	0.0	0.02	10	10	19	19	5.93277079699644	5.93277079699644	5.93277079699644	1.8652448053899287e-15	2.3343591223017244e-16	nan	False
20	0.1944444444444444	0.5972222222222222	0.0	0.02	10	10	20	20	5.968159756544515	5.968159756544515	5.968159756544515	0.10763103189681629	0.0084597342685357	0.8542565520415945	True
20	0.1944444444444444	0.5972222222222222	0.0	0.02	11	11	19	19	5.168709497209774	5.168709497209774	5.168709497209774	0.0009079478822431223	7.022899521690397e-07	nan	False
20	0.1944444444444444	0.5972222222222222	0.0	0.02	11	11	20	20	5.204098456757848	5.204098456757848	5.204098456757848	6.924922802423599e-17	3.628842786792996e-16	nan	False
20	0.1944444444444444	0.5972222222222222	0.0	0.02	12	12	19	19	5.147327423122171	5.147327423122171	5.147327423122171	2.797446745505201e-15	5.886767238031064e-16	nan	False
20	0.1944444444444444	0.5972222222222222	0.0	0.02	12	12	20	20	5.182716382670246	5.182716382670246	5.182716382670246	0.0006786999556102272	0.0019531020196991863	nan	False
20	0.1944444444444444	0.5972222222222222	0.0	0.02	13	13	19	19	4.708052855066315	4.708052855066315	4.708052855066315	8.62439635527507e-16	4.687245022413851e-15	nan	False
20	0.1944444444444444	0.5972222222222222	0.0	0.02	13	13	20	20	4.74344181461439	4.74344181461439	4.74344181461439	3.6621886348175976e-06	0.1186841063467099	-0.9999382886934347	True
20	0.1944444444444444	0.5972222222222222	0.0	0.02	14	14	19	19	4.6684695949669575	4.6684695949669575	4.6684695949669575	4.870727017824983e-05	0.128982043118252	-0.9992450284907803	True
20	0.1944444444444444	0.5972222222222222	0.0	0.02	14	14	20	20	4.703858554515032	4.703858554515032	4.703858554515032	1.1335262576787425e-15	2.0295012143190613e-15	nan	False
20	0.1944444444444444	0.5972222222222222	0.0	0.02	15	16	19	19	4.085299042516791	4.0845824849895624	4.086015600044021	0.0010908480815653436	9.417227832528286e-05	nan	False
20	0.1944444444444444	0.5972222222222222	0.0	0.02	15	16	20	20	4.120688002064866	4.1199714445376365	4.121404559592096	0.0014590882791263716	8.746039087099468e-05	nan	False
20	0.1944444444444444	0.5972222222222222	0.0	0.02	17	17	19	19	2.3455888999352825	2.3455888999352825	2.3455888999352825	0.125714943349089	3.4555844781799485	-0.9297936706473904	True
20	0.1944444444444444	0.5972222222222222	0.0	0.02	17	17	20	20	2.380977859483357	2.380977859483357	2.380977859483357	1.8801177622154672e-15	3.801529344764075e-14	nan	False
20	0.1944444444444444	0.5972222222222222	0.0	0.02	18	18	19	19	2.2271136491563683	2.2271136491563683	2.2271136491563683	5.7210647622110115e-16	3.438945238083074e-14	nan	False
20	0.1944444444444444	0.5972222222222222	0.0	0.02	18	18	20	20	2.262502608704443	2.262502608704443	2.262502608704443	0.15034858384978775	3.6297080289795853	-0.9204516761259552	True
21	0.2222222222222222	0.611111111111111	0.0	0.02	1	1	19	19	13.981721594165991	13.981721594165991	13.981721594165991	0.03722994860588234	0.010722687047777518	0.5527800755219119	True
21	0.2222222222222222	0.611111111111111	0.0	0.02	1	1	20	20	14.007347125879305	14.007347125879305	14.007347125879305	1.358149153336524e-16	1.312962337762495e-16	nan	False
21	0.2222222222222222	0.611111111111111	0.0	0.02	2	2	19	19	13.954811176125848	13.954811176125848	13.954811176125848	1.7066762655363244e-16	1.9593342428424872e-17	nan	False
21	0.2222222222222222	0.611111111111111	0.0	0.02	2	2	20	20	13.98043670783916	13.98043670783916	13.98043670783916	0.03608004693156546	0.012066354147779733	0.4987640248377277	True
21	0.2222222222222222	0.611111111111111	0.0	0.02	3	3	19	19	13.84925187299514	13.84925187299514	13.84925187299514	2.7574831170313995e-17	5.757162342611477e-17	nan	False
21	0.2222222222222222	0.611111111111111	0.0	0.02	3	3	20	20	13.874877404708453	13.874877404708453	13.874877404708453	6.060138098832505e-09	2.1488210964068458e-05	nan	False
21	0.2222222222222222	0.611111111111111	0.0	0.02	4	4	19	19	13.84622582754798	13.84622582754798	13.84622582754798	5.226563857158867e-05	8.124048099346278e-05	nan	False
21	0.2222222222222222	0.611111111111111	0.0	0.02	4	4	20	20	13.871851359261294	13.871851359261294	13.871851359261294	2.5185712424682045e-18	2.343070530003102e-16	nan	False
21	0.2222222222222222	0.611111111111111	0.0	0.02	5	5	19	19	7.1453391277731235	7.1453391277731235	7.1453391277731235	6.256667583098014e-17	1.3890132652338577e-15	nan	False
21	0.2222222222222222	0.611111111111111	0.0	0.02	5	5	20	20	7.170964659486437	7.170964659486437	7.170964659486437	0.00015305404272779422	0.0001292028423083359	nan	False
21	0.2222222222222222	0.611111111111111	0.0	0.02	6	6	19	19	7.137273759202241	7.137273759202241	7.137273759202241	7.02628893233006e-05	3.6956022332127986e-06	nan	False
21	0.2222222222222222	0.611111111111111	0.0	0.02	6	6	20	20	7.162899290915554	7.162899290915554	7.162899290915554	8.271707672242795e-16	2.4411718999305402e-15	nan	False
21	0.2222222222222222	0.611111111111111	0.0	0.02	7	7	19	19	7.0535303546343115	7.0535303546343115	7.0535303546343115	6.555628727945346e-16	1.8309445056768358e-16	nan	False
21	0.2222222222222222	0.611111111111111	0.0	0.02	7	7	20	20	7.079155886347625	7.079155886347625	7.079155886347625	0.0004118461982126063	0.024637429850006998	-0.967117117682778	True
21	0.2222222222222222	0.611111111111111	0.0	0.02	8	8	19	19	7.030169871244489	7.030169871244489	7.030169871244489	0.0004327221727290774	0.026065673251990294	-0.9673397452341279	True
21	0.2222222222222222	0.611111111111111	0.0	0.02	8	8	20	20	7.055795402957802	7.055795402957802	7.055795402957802	9.671528923506042e-16	8.990970590744282e-16	nan	False
21	0.2222222222222222	0.611111111111111	0.0	0.02	9	10	19	19	5.836181773465144	5.835957904043434	5.836405642886854	0.1596373297043268	0.0006047936416481512	0.9924515024012462	True
21	0.2222222222222222	0.611111111111111	0.0	0.02	9	10	20	20	5.861807305178457	5.861583435756748	5.862031174600167	0.15178860868925073	0.000498520589368638	0.9934528861141435	True
21	0.2222222222222222	0.611111111111111	0.0	0.02	11	11	19	19	5.063938863689458	5.063938863689458	5.063938863689458	0.0019526498173309665	6.6862833156306105e-06	nan	False
21	0.2222222222222222	0.611111111111111	0.0	0.02	11	11	20	20	5.089564395402771	5.089564395402771	5.089564395402771	5.235559354507162e-15	6.151476779815488e-16	nan	False
21	0.2222222222222222	0.611111111111111	0.0	0.02	12	12	19	19	5.044399392424555	5.044399392424555	5.044399392424555	2.5060760255512483e-15	2.91359573053319e-16	nan	False
21	0.2222222222222222	0.611111111111111	0.0	0.02	12	12	20	20	5.0700249241378685	5.0700249241378685	5.0700249241378685	0.00040210167336902604	0.011932881036182317	-0.934803042235695	True
21	0.2222222222222222	0.611111111111111	0.0	0.02	13	13	19	19	4.920384986004308	4.920384986004308	4.920384986004308	1.5414282269781793e-16	2.0560262555496068e-15	nan	False
21	0.2222222222222222	0.611111111111111	0.0	0.02	13	13	20	20	4.946010517717621	4.946010517717621	4.946010517717621	0.02003522810825214	0.11124729040039497	-0.6947769080628584	True
21	0.2222222222222222	0.611111111111111	0.0	0.02	14	14	19	19	4.894570073311101	4.894570073311101	4.894570073311101	0.019992784066483194	0.13054367139916062	-0.7343795028966117	True
21	0.2222222222222222	0.611111111111111	0.0	0.02	14	14	20	20	4.920195605024414	4.920195605024414	4.920195605024414	6.099232037398158e-16	4.551373988880006e-15	nan	False
21	0.2222222222222222	0.611111111111111	0.0	0.02	15	15	19	19	4.058601576152636	4.058601576152636	4.058601576152636	1.4766080111285873e-15	1.6231690084513872e-16	nan	False
21	0.2222222222222222	0.611111111111111	0.0	0.02	15	15	20	20	4.084227107865949	4.084227107865949	4.084227107865949	0.001096259421092525	0.00013064423620894131	nan	False
21	0.2222222222222222	0.611111111111111	0.0	0.02	16	16	19	19	4.055169366758072	4.055169366758072	4.055169366758072	0.0018031377926901117	0.0006345943865989016	nan	False
21	0.2222222222222222	0.611111111111111	0.0	0.02	16	16	20	20	4.080794898471385	4.080794898471385	4.080794898471385	6.9261065940310475e-15	8.910505610070795e-17	nan	False
21	0.2222222222222222	0.611111111111111	0.0	0.02	17	17	19	19	2.2157260244191517	2.2157260244191517	2.2157260244191517	0.12311953507487236	4.048658310043728	-0.9409750280835617	True
21	0.2222222222222222	0.611111111111111	0.0	0.02	17	17	20	20	2.241351556132465	2.241351556132465	2.241351556132465	1.7554104602649255e-15	1.1502804074474865e-14	nan	False
21	0.2222222222222222	0.611111111111111	0.0	0.02	18	18	19	19	2.0906932992900056	2.0906932992900056	2.0906932992900056	4.895135745818907e-16	1.2340083638272578e-14	nan	False
21	0.2222222222222222	0.611111111111111	0.0	0.02	18	18	20	20	2.1163188310033187	2.1163188310033187	2.1163188310033187	0.15503324459134799	4.374006320662079	-0.9315381363498102	True
22	0.25	0.625	0.0	0.02	1	1	19	19	13.873301586544372	13.873301586544372	13.873301586544372	0.0433352238781374	0.007318854234241088	0.711026061198711	True
22	0.25	0.625	0.0	0.02	1	1	20	20	13.88919231869457	13.88919231869457	13.88919231869457	6.064826696461799e-17	2.750549120202727e-17	nan	False
22	0.25	0.625	0.0	0.02	2	2	19	19	13.844431380126778	13.844431380126778	13.844431380126778	1.2795562511784582e-17	3.592741514673827e-17	nan	False
22	0.25	0.625	0.0	0.02	2	2	20	20	13.860322112276977	13.860322112276977	13.860322112276977	0.04256701993128573	0.008415647996053295	0.6698623929195956	True
22	0.25	0.625	0.0	0.02	3	3	19	19	13.750182912352859	13.750182912352859	13.750182912352859	5.359394113808926e-18	1.539866895822135e-16	nan	False
22	0.25	0.625	0.0	0.02	3	3	20	20	13.766073644503058	13.766073644503058	13.766073644503058	5.081155273797998e-09	1.1536535490090996e-05	nan	False
22	0.25	0.625	0.0	0.02	4	4	19	19	13.746965713749752	13.746965713749752	13.746965713749752	4.341438959894435e-05	0.0001291176766189878	nan	False
22	0.25	0.625	0.0	0.02	4	4	20	20	13.762856445899951	13.762856445899951	13.762856445899951	3.190844672003507e-17	4.1001037629215544e-17	nan	False
22	0.25	0.625	0.0	0.02	5	5	19	19	7.125767467133176	7.125767467133176	7.125767467133176	8.365323702599742e-17	5.602051625441684e-15	nan	False
22	0.25	0.625	0.0	0.02	5	5	20	20	7.141658199283375	7.141658199283375	7.141658199283375	0.00013784884035175052	1.050196597401605e-06	nan	False
22	0.25	0.625	0.0	0.02	6	6	19	19	7.118244186981226	7.118244186981226	7.118244186981226	4.328972586589136e-05	1.3307251233772796e-05	nan	False
22	0.25	0.625	0.0	0.02	6	6	20	20	7.134134919131425	7.134134919131425	7.134134919131425	8.7259795332338865e-16	2.0937150219937546e-15	nan	False
22	0.25	0.625	0.0	0.02	7	7	19	19	6.823295065646311	6.823295065646311	6.823295065646311	3.8353858645987736e-16	5.595666031809805e-16	nan	False
22	0.25	0.625	0.0	0.02	7	7	20	20	6.83918579779651	6.83918579779651	6.83918579779651	0.0006474959041606954	0.026002543688922027	-0.9514075090283348	True
22	0.25	0.625	0.0	0.02	8	8	19	19	6.796498494845858	6.796498494845858	6.796498494845858	0.00061027652548188	0.02739208990933059	-0.9564125034287684	True
22	0.25	0.625	0.0	0.02	8	8	20	20	6.812389226996057	6.812389226996057	6.812389226996057	6.130698491220336e-16	7.509079027169795e-17	nan	False
22	0.25	0.625	0.0	0.02	9	9	19	19	5.75669825008533	5.75669825008533	5.75669825008533	7.249203933215579e-16	1.093581598573871e-15	nan	False
22	0.25	0.625	0.0	0.02	9	9	20	20	5.772588982235529	5.772588982235529	5.772588982235529	0.1678815753133552	0.0059464563785883995	0.9315823078624436	True
22	0.25	0.625	0.0	0.02	10	10	19	19	5.750025278252378	5.750025278252378	5.750025278252378	0.17819514993759217	0.005187429499415863	0.9434250568909928	True
22	0.25	0.625	0.0	0.02	10	10	20	20	5.765916010402577	5.765916010402577	5.765916010402577	4.309144719871947e-17	9.254163390113831e-17	nan	False
22	0.25	0.625	0.0	0.02	11	11	19	19	5.1174011806578505	5.1174011806578505	5.1174011806578505	3.5931519291660774e-17	2.1338137322463544e-15	nan	False
22	0.25	0.625	0.0	0.02	11	11	20	20	5.133291912808049	5.133291912808049	5.133291912808049	0.08998439799644722	0.11126186803335963	-0.1057285208648839	True
22	0.25	0.625	0.0	0.02	12	12	19	19	5.088058247540371	5.088058247540371	5.088058247540371	0.08664284749411753	0.11964538767040232	-0.1599826580025975	True
22	0.25	0.625	0.0	0.02	12	12	20	20	5.1039489796905695	5.1039489796905695	5.1039489796905695	1.288597747134058e-15	7.082900590157549e-17	nan	False
22	0.25	0.625	0.0	0.02	13	13	19	19	4.946225009854581	4.946225009854581	4.946225009854581	0.00286011098141262	2.4808410244471493e-06	nan	False
22	0.25	0.625	0.0	0.02	13	13	20	20	4.96211574200478	4.96211574200478	4.96211574200478	1.12063780492467e-15	5.24094512041434e-16	nan	False
22	0.25	0.625	0.0	0.02	14	14	19	19	4.907221687091949	4.907221687091949	4.907221687091949	5.4213233136256604e-15	1.9520218422114823e-16	nan	False
22	0.25	0.625	0.0	0.02	14	14	20	20	4.923112419242148	4.923112419242148	4.923112419242148	0.0030964383473982907	0.0016725383656424554	nan	False
22	0.25	0.625	0.0	0.02	15	15	19	19	4.039567863674042	4.039567863674042	4.039567863674042	3.7507220853273125e-15	1.9390139603423293e-16	nan	False
22	0.25	0.625	0.0	0.02	15	15	20	20	4.055458595824241	4.055458595824241	4.055458595824241	0.0005729397077073394	9.346696921548955e-05	nan	False
22	0.25	0.625	0.0	0.02	16	16	19	19	4.030403093485429	4.030403093485429	4.030403093485429	0.0018495298455517874	0.0012450780986235737	nan	False
22	0.25	0.625	0.0	0.02	16	16	20	20	4.046293825635628	4.046293825635628	4.046293825635628	1.1372144310412897e-15	6.892672181683503e-16	nan	False
22	0.25	0.625	0.0	0.02	17	17	19	19	2.0797957761178303	2.0797957761178303	2.0797957761178303	0.08977047337792214	4.927680232049393	-0.9642166994163714	True
22	0.25	0.625	0.0	0.02	17	17	20	20	2.095686508268029	2.095686508268029	2.095686508268029	1.835238393742522e-16	7.849374670536818e-15	nan	False
22	0.25	0.625	0.0	0.02	18	18	19	19	1.9476723575601376	1.9476723575601376	1.9476723575601376	3.467390075379463e-15	1.0580946953640613e-14	nan	False
22	0.25	0.625	0.0	0.02	18	18	20	20	1.9635630897103367	1.9635630897103367	1.9635630897103367	0.11807576065486099	5.503845357293478	-0.9579945153346614	True
23	0.2777777777777778	0.6388888888888888	0.0	0.02	1	1	19	19	13.777874967112904	13.777874967112904	13.777874967112904	0.04866689752859685	0.0038489681914093705	0.8534169383427651	True
23	0.2777777777777778	0.6388888888888888	0.0	0.02	1	1	20	20	13.784883099964848	13.784883099964848	13.784883099964848	3.441865314161018e-18	3.9450651204415474e-18	nan	False
23	0.2777777777777778	0.6388888888888888	0.0	0.02	2	2	19	19	13.747555326347042	13.747555326347042	13.747555326347042	1.9815614719464586e-18	1.634186317557801e-17	nan	False
23	0.2777777777777778	0.6388888888888888	0.0	0.02	2	2	20	20	13.754563459198986	13.754563459198986	13.754563459198986	0.048340663324455864	0.004523916471674466	0.8288488629202869	True
23	0.2777777777777778	0.6388888888888888	0.0	0.02	3	3	19	19	13.662868581804348	13.662868581804348	13.662868581804348	1.5744634347913329e-18	1.048787597539756e-16	nan	False
23	0.2777777777777778	0.6388888888888888	0.0	0.02	3	3	20	20	13.669876714656292	13.669876714656292	13.669876714656292	5.430936413833163e-09	4.718860701326024e-06	nan	False
23	0.2777777777777778	0.6388888888888888	0.0	0.02	4	4	19	19	13.659521947842071	13.659521947842071	13.659521947842071	2.6641005354844292e-05	0.00018007204520448337	nan	False
23	0.2777777777777778	0.6388888888888888	0.0	0.02	4	4	20	20	13.666530080694015	13.666530080694015	13.666530080694015	2.6965767163645042e-17	1.3434212910422933e-16	nan	False
23	0.2777777777777778	0.6388888888888888	0.0	0.02	5	5	19	19	7.1031560709994	7.1031560709994	7.1031560709994	7.646511114801539e-18	3.347974486279774e-15	nan	False
23	0.2777777777777778	0.6388888888888888	0.0	0.02	5	5	20	20	7.110164203851344	7.110164203851344	7.110164203851344	0.00014263539780787633	1.9943895547634006e-10	nan	False
23	0.2777777777777778	0.6388888888888888	0.0	0.02	6	6	19	19	7.095853748591336	7.095853748591336	7.095853748591336	1.7357747650205347e-05	1.253757599556449e-05	nan	False
23	0.2777777777777778	0.6388888888888888	0.0	0.02	6	6	20	20	7.10286188144328	7.10286188144328	7.10286188144328	5.253928071325133e-17	6.553842154061294e-15	nan	False
23	0.2777777777777778	0.6388888888888888	0.0	0.02	7	7	19	19	6.59865295524782	6.59865295524782	6.59865295524782	1.097166041764269e-15	1.676888952457364e-16	nan	False
23	0.2777777777777778	0.6388888888888888	0.0	0.02	7	7	20	20	6.6056610880997635	6.6056610880997635	6.6056610880997635	0.0008920185242273679	0.022875403218991144	-0.9249377123135466	True
23	0.2777777777777778	0.6388888888888888	0.0	0.02	8	8	19	19	6.5687086337647145	6.5687086337647145	6.5687086337647145	0.0008653091837402278	0.024204224297807827	-0.9309672687465745	True
23	0.2777777777777778	0.6388888888888888	0.0	0.02	8	8	20	20	6.575716766616658	6.575716766616658	6.575716766616658	3.859584016789941e-16	4.644416869397861e-17	nan	False
23	0.2777777777777778	0.6388888888888888	0.0	0.02	9	9	19	19	5.728485934907743	5.728485934907743	5.728485934907743	4.057184103205605e-16	4.898309313614797e-16	nan	False
23	0.2777777777777778	0.6388888888888888	0.0	0.02	9	9	20	20	5.735494067759687	5.735494067759687	5.735494067759687	0.11134226890305479	0.04425949962700962	0.4311182958250494	True
23	0.2777777777777778	0.6388888888888888	0.0	0.02	10	10	19	19	5.7090371865441405	5.7090371865441405	5.7090371865441405	0.12508134878084615	0.04214290849210361	0.4959713479448575	True
23	0.2777777777777778	0.6388888888888888	0.0	0.02	10	10	20	20	5.716045319396084	5.716045319396084	5.716045319396084	4.841187813963176e-16	1.3937244386811953e-16	nan	False
23	0.2777777777777778	0.6388888888888888	0.0	0.02	11	11	19	19	5.236763703506075	5.236763703506075	5.236763703506075	3.565978293842089e-17	4.406411118788098e-16	nan	False
23	0.2777777777777778	0.6388888888888888	0.0	0.02	11	11	20	20	5.243771836358018	5.243771836358018	5.243771836358018	0.2447908244467636	0.07328494776184713	0.5391981775098355	True
23	0.2777777777777778	0.6388888888888888	0.0	0.02	12	12	19	19	5.226262407711793	5.226262407711793	5.226262407711793	0.22863820941483912	0.08031480589176734	0.48008401334382483	True
23	0.2777777777777778	0.6388888888888888	0.0	0.02	12	12	20	20	5.233270540563737	5.233270540563737	5.233270540563737	2.1558325343182895e-16	3.282777577228833e-16	nan	False
23	0.2777777777777778	0.6388888888888888	0.0	0.02	13	13	19	19	4.832787385621577	4.832787385621577	4.832787385621577	0.004273829497315529	9.143444692511632e-07	nan	False
23	0.2777777777777778	0.6388888888888888	0.0	0.02	13	13	20	20	4.839795518473521	4.839795518473521	4.839795518473521	6.837064770874772e-15	5.314224986673683e-16	nan	False
23	0.2777777777777778	0.6388888888888888	0.0	0.02	14	14	19	19	4.79072282112188	4.79072282112188	4.79072282112188	3.1018179335585957e-15	6.238483603117959e-17	nan	False
23	0.2777777777777778	0.6388888888888888	0.0	0.02	14	14	20	20	4.797730953973824	4.797730953973824	4.797730953973824	0.000910108762055405	0.00015979371257258658	nan	False
23	0.2777777777777778	0.6388888888888888	0.0	0.02	15	15	19	19	4.030097975070678	4.030097975070678	4.030097975070678	1.1950238661434562e-15	1.212927909241419e-15	nan	False
23	0.2777777777777778	0.6388888888888888	0.0	0.02	15	15	20	20	4.037106107922622	4.037106107922622	4.037106107922622	0.00019296408395879053	4.265402353901347e-05	nan	False
23	0.2777777777777778	0.6388888888888888	0.0	0.02	16	16	19	19	4.0146229102571205	4.0146229102571205	4.0146229102571205	0.001246003250111434	0.0016831259688966688	nan	False
23	0.2777777777777778	0.6388888888888888	0.0	0.02	16	16	20	20	4.021631043109064	4.021631043109064	4.021631043109064	5.4061655051302355e-15	2.698623301167318e-15	nan	False
23	0.2777777777777778	0.6388888888888888	0.0	0.02	17	17	19	19	1.9544537481501685	1.9544537481501685	1.9544537481501685	0.04183236132366375	6.052660757265825	-0.9862720785766198	True
23	0.2777777777777778	0.6388888888888888	0.0	0.02	17	17	20	20	1.9614618810021116	1.9614618810021116	1.9614618810021116	4.186020888659523e-16	5.12428949328567e-15	nan	False
23	0.2777777777777778	0.6388888888888888	0.0	0.02	18	18	19	19	1.8152931555909086	1.8152931555909086	1.8152931555909086	4.636552169888928e-16	4.475980783423767e-15	nan	False
23	0.2777777777777778	0.6388888888888888	0.0	0.02	18	18	20	20	1.8223012884428518	1.8223012884428518	1.8223012884428518	0.05675097390817995	7.012707310753338	-0.9839447460829321	True
24	0.3055555555555555	0.6527777777777777	0.0	0.02	1	1	19	20	13.710559452779275	13.71036726171824	13.710751643840313	0.05253023393294965	0.0010861027765686436	0.9594861251915471	True
24	0.3055555555555555	0.6527777777777777	0.0	0.02	2	2	19	20	13.679348310391504	13.679156119330468	13.679540501452541	0.05262574224547771	0.0012998296542483846	0.9517917155643558	True
24	0.3055555555555555	0.6527777777777777	0.0	0.02	3	3	19	20	13.601363269171287	13.601171078110251	13.601555460232325	2.9885507409864174e-08	1.1143609904245804e-06	nan	False
24	0.3055555555555555	0.6527777777777777	0.0	0.02	4	4	19	20	13.59794560218933	13.597753411128295	13.598137793250368	8.477558432446181e-06	0.00022205408637585833	nan	False
24	0.3055555555555555	0.6527777777777777	0.0	0.02	5	5	19	20	7.08451663062444	7.084324439563403	7.084708821685476	0.00014604760456548462	5.241189331257179e-10	nan	False
24	0.3055555555555555	0.6527777777777777	0.0	0.02	6	6	19	20	7.077374991901405	7.077182800840369	7.077567182962442	3.5721460469619114e-06	4.480037023507132e-06	nan	False
24	0.3055555555555555	0.6527777777777777	0.0	0.02	7	7	19	20	6.412252445291702	6.412060254230665	6.412444636352738	0.0008802832764327503	0.011457634671036474	-0.8573044041659693	True
24	0.3055555555555555	0.6527777777777777	0.0	0.02	8	8	19	20	6.379062364993743	6.378870173932706	6.3792545560547795	0.0008955980638442213	0.012267673103335227	-0.8639246958495767	True
24	0.3055555555555555	0.6527777777777777	0.0	0.02	9	9	19	20	5.770876171554146	5.770683980493109	5.771068362615183	0.025471027997112598	0.10544704810004217	-0.6108860020489385	True
24	0.3055555555555555	0.6527777777777777	0.0	0.02	10	10	19	20	5.7409719639460235	5.740779772884986	5.74116415500706	0.029866280865439326	0.10759455066847787	-0.5654575847946898	True
24	0.3055555555555555	0.6527777777777777	0.0	0.02	11	11	19	20	5.283465005720069	5.283272814659032	5.283657196781106	0.39519608858131006	0.022249624977973906	0.8934011093884949	True
24	0.3055555555555555	0.6527777777777777	0.0	0.02	12	12	19	20	5.279618192178605	5.279426001117567	5.279810383239641	0.4106829348295837	0.01985334674820713	0.9077738736654187	True
24	0.3055555555555555	0.6527777777777777	0.0	0.02	13	13	19	20	4.746758992989498	4.746566801928461	4.746951184050535	0.005390148573459022	1.117425154671019e-06	nan	False
24	0.3055555555555555	0.6527777777777777	0.0	0.02	14	14	19	20	4.699918037335839	4.699725846274802	4.700110228396875	0.00021821848185929295	4.398024575166094e-05	nan	False
24	0.3055555555555555	0.6527777777777777	0.0	0.02	15	15	19	20	4.02957185908171	4.029379668020672	4.029764050142746	2.6691854702431872e-05	1.0280683092361526e-05	nan	False
24	0.3055555555555555	0.6527777777777777	0.0	0.02	16	16	19	20	4.008325448263319	4.008133257202282	4.008517639324356	0.00040835837824137084	0.001896531494072785	nan	False
24	0.3055555555555555	0.6527777777777777	0.0	0.02	17	17	19	20	1.8625182308241672	1.8623260397631305	1.862710421885204	0.007870483601199987	7.148652209226452	-0.9978004726767408	True
24	0.3055555555555555	0.6527777777777777	0.0	0.02	18	18	19	20	1.7177552587785463	1.7175630677175096	1.717947449839583	0.010592569203938447	8.553555054108998	-0.9975262992489519	True
25	0.3333333333333333	0.6666666666666666	0.0	0.02	1	1	19	19	13.68316224437768	13.68316224437768	13.68316224437768	3.0760628104830193e-18	1.111804761401964e-17	nan	False
25	0.3333333333333333	0.6666666666666666	0.0	0.02	1	1	20	20	13.685308255819887	13.685308255819887	13.685308255819887	0.05399611700141604	2.6929847241063956e-14	0.9999999999990026	True
25	0.3333333333333333	0.6666666666666666	0.0	0.02	2	2	19	19	13.651649593300387	13.651649593300387	13.651649593300387	0.05428062340253037	3.47499806707674e-14	0.9999999999987196	True
25	0.3333333333333333	0.6666666666666666	0.0	0.02	2	2	20	20	13.653795604742594	13.653795604742594	13.653795604742594	3.269974419232176e-18	8.95759179824836e-18	nan	False
25	0.3333333333333333	0.6666666666666666	0.0	0.02	3	3	19	19	13.576205679329185	13.576205679329185	13.576205679329185	9.584492147604394e-17	6.173950165305952e-16	nan	False
25	0.3333333333333333	0.6666666666666666	0.0	0.02	3	3	20	20	13.578351690771392	13.578351690771392	13.578351690771392	2.417613059330254e-18	2.5242131505547573e-18	nan	False
25	0.3333333333333333	0.6666666666666666	0.0	0.02	4	4	19	19	13.57276669696666	13.57276669696666	13.57276669696666	9.09929727665455e-18	5.09472449604872e-18	nan	False
25	0.3333333333333333	0.6666666666666666	0.0	0.02	4	4	20	20	13.574912708408867	13.574912708408867	13.574912708408867	3.2508717939805353e-15	0.00023906813957855902	nan	False
25	0.3333333333333333	0.6666666666666666	0.0	0.02	5	5	19	19	7.074710749453419	7.074710749453419	7.074710749453419	0.00014712806278321122	6.724492924298218e-16	nan	False
25	0.3333333333333333	0.6666666666666666	0.0	0.02	5	5	20	20	7.076856760895626	7.076856760895626	7.076856760895626	3.657122270771877e-17	1.5898049158262294e-17	nan	False
25	0.3333333333333333	0.6666666666666666	0.0	0.02	6	6	19	19	7.067632110744255	7.067632110744255	7.067632110744255	1.2345301016724338e-17	3.2302413460903956e-18	nan	False
25	0.3333333333333333	0.6666666666666666	0.0	0.02	6	6	20	20	7.069778122186462	7.069778122186462	7.069778122186462	2.813513752151527e-15	8.150204044158278e-16	nan	False
25	0.3333333333333333	0.6666666666666666	0.0	0.02	7	7	19	19	6.327939944083014	6.327939944083014	6.327939944083014	6.228683974095995e-12	2.399050139264263e-13	nan	False
25	0.3333333333333333	0.6666666666666666	0.0	0.02	7	7	20	20	6.330085955525221	6.330085955525221	6.330085955525221	1.0662818605480485e-17	3.885012026437268e-17	nan	False
25	0.3333333333333333	0.6666666666666666	0.0	0.02	8	8	19	19	6.292687825977066	6.292687825977066	6.292687825977066	4.444159475109129e-17	6.315815707436869e-17	nan	False
25	0.3333333333333333	0.6666666666666666	0.0	0.02	8	8	20	20	6.294833837419273	6.294833837419273	6.294833837419273	6.535878384928012e-12	2.573162719986432e-13	nan	False
25	0.3333333333333333	0.6666666666666666	0.0	0.02	9	9	19	19	5.808939843325434	5.808939843325434	5.808939843325434	5.608402631196441e-12	0.1352425231390599	-0.9999999999170616	True
25	0.3333333333333333	0.6666666666666666	0.0	0.02	9	9	20	20	5.811085854767641	5.811085854767641	5.811085854767641	1.666931516058432e-17	1.9755451605937664e-16	nan	False
25	0.3333333333333333	0.6666666666666666	0.0	0.02	10	10	19	19	5.777571528539116	5.777571528539116	5.777571528539116	2.623225622590268e-18	2.541815531411635e-16	nan	False
25	0.3333333333333333	0.6666666666666666	0.0	0.02	10	10	20	20	5.7797175399813225	5.7797175399813225	5.7797175399813225	6.934924856594193e-12	0.14033145172156325	-0.9999999999011636	True
25	0.3333333333333333	0.6666666666666666	0.0	0.02	11	11	19	19	5.287158857348502	5.287158857348502	5.287158857348502	1.8766727482501827e-16	1.1628548401098574e-17	nan	False
25	0.3333333333333333	0.6666666666666666	0.0	0.02	11	11	20	20	5.289304868790709	5.289304868790709	5.289304868790709	0.45424683601371557	2.8935256968232177e-12	0.9999999999872602	True
25	0.3333333333333333	0.6666666666666666	0.0	0.02	12	12	19	19	5.279650178940943	5.279650178940943	5.279650178940943	0.4693066309987208	2.18103313187612e-12	0.9999999999907053	True
25	0.3333333333333333	0.6666666666666666	0.0	0.02	12	12	20	20	5.28179619038315	5.28179619038315	5.28179619038315	1.5462278957725462e-16	1.4737543812993956e-17	nan	False
25	0.3333333333333333	0.6666666666666666	0.0	0.02	13	13	19	19	4.7109099644693435	4.7109099644693435	4.7109099644693435	1.835886769605754e-17	4.34164996092125e-15	nan	False
25	0.3333333333333333	0.6666666666666666	0.0	0.02	13	13	20	20	4.7130559759115505	4.7130559759115505	4.7130559759115505	0.005846857455008564	1.2060231285859754e-14	nan	False
25	0.3333333333333333	0.6666666666666666	0.0	0.02	14	14	19	19	4.661757035711294	4.661757035711294	4.661757035711294	2.7756253241986707e-14	2.735929736256897e-05	nan	False
25	0.3333333333333333	0.6666666666666666	0.0	0.02	14	14	20	20	4.663903047153501	4.663903047153501	4.663903047153501	6.295881534906181e-17	2.0801695353715757e-15	nan	False
25	0.3333333333333333	0.6666666666666666	0.0	0.02	15	15	19	19	4.028955797999983	4.028955797999983	4.028955797999983	9.412208000946345e-16	3.0307132471167553e-15	nan	False
25	0.3333333333333333	0.6666666666666666	0.0	0.02	15	15	20	20	4.03110180944219	4.03110180944219	4.03110180944219	1.6409039793741256e-18	2.4275087260201154e-16	nan	False
25	0.3333333333333333	0.6666666666666666	0.0	0.02	16	16	19	19	4.005106894260707	4.005106894260707	4.005106894260707	1.9273669490944697e-18	6.559284692968287e-17	nan	False
25	0.3333333333333333	0.6666666666666666	0.0	0.02	16	16	20	20	4.007252905702914	4.007252905702914	4.007252905702914	7.753866992921129e-14	0.0019481349949478522	nan	False
25	0.3333333333333333	0.6666666666666666	0.0	0.02	17	17	19	19	1.8251471579251017	1.8251471579251017	1.8251471579251017	2.078632211509382e-17	2.592187302832281e-15	nan	False
25	0.3333333333333333	0.6666666666666666	0.0	0.02	17	17	20	20	1.8272931693673087	1.8272931693673087	1.8272931693673087	2.0605739337042898e-13	7.646613110066007	-0.9999999999999462	True
25	0.3333333333333333	0.6666666666666666	0.0	0.02	18	18	19	19	1.6781490522672042	1.6781490522672042	1.6781490522672042	1.8474111129762602e-13	9.275566765358304	-0.9999999999999601	True
25	0.3333333333333333	0.6666666666666666	0.0	0.02	18	18	20	20	1.6802950637094112	1.6802950637094112	1.6802950637094112	2.1111129253998157e-17	1.165588383429772e-15	nan	False
26	0.3055555555555555	0.611111111111111	0.0	0.02	1	1	19	19	13.789986000666833	13.789986000666833	13.789986000666833	0.04821783579737073	0.003755846661711053	0.8554712121979048	True
26	0.3055555555555555	0.611111111111111	0.0	0.02	1	1	20	20	13.796678183161054	13.796678183161054	13.796678183161054	7.03184489922573e-17	6.8529015108155326e-18	nan	False
26	0.3055555555555555	0.611111111111111	0.0	0.02	2	2	19	19	13.759676307823995	13.759676307823995	13.759676307823995	1.0047393860800872e-17	3.0132107958613056e-17	nan	False
26	0.3055555555555555	0.611111111111111	0.0	0.02	2	2	20	20	13.766368490318216	13.766368490318216	13.766368490318216	0.04781192381612897	0.004399080897968809	0.8314883644910595	True
26	0.3055555555555555	0.611111111111111	0.0	0.02	3	3	19	19	13.67132378744203	13.67132378744203	13.67132378744203	1.7591299796319673e-17	1.3527594630457633e-17	nan	False
26	0.3055555555555555	0.611111111111111	0.0	0.02	3	3	20	20	13.678015969936252	13.678015969936252	13.678015969936252	1.5927622599126617e-06	6.9465698824978025e-06	nan	False
26	0.3055555555555555	0.611111111111111	0.0	0.02	4	4	19	19	13.667961141416871	13.667961141416871	13.667961141416871	3.1269792819127746e-05	0.00017910185584423379	nan	False
26	0.3055555555555555	0.611111111111111	0.0	0.02	4	4	20	20	13.674653323911093	13.674653323911093	13.674653323911093	1.332288784180761e-16	6.310815892177374e-18	nan	False
26	0.3055555555555555	0.611111111111111	0.0	0.02	5	5	19	19	7.101344291084072	7.101344291084072	7.101344291084072	1.3871612990515853e-16	5.586464802538182e-17	nan	False
26	0.3055555555555555	0.611111111111111	0.0	0.02	5	5	20	20	7.108036473578293	7.108036473578293	7.108036473578293	0.0001445113071774413	5.595604477427015e-07	nan	False
26	0.3055555555555555	0.611111111111111	0.0	0.02	6	6	19	19	7.093941024615507	7.093941024615507	7.093941024615507	3.4023943042058395e-06	2.6281848396337342e-05	nan	False
26	0.3055555555555555	0.611111111111111	0.0	0.02	6	6	20	20	7.100633207109729	7.100633207109729	7.100633207109729	5.903352327647277e-16	1.5669383773569895e-16	nan	False
26	0.3055555555555555	0.611111111111111	0.0	0.02	7	7	19	19	6.583753003269342	6.583753003269342	6.583753003269342	5.962605698508403e-16	2.034184713428406e-16	nan	False
26	0.3055555555555555	0.611111111111111	0.0	0.02	7	7	20	20	6.5904451857635635	6.5904451857635635	6.5904451857635635	0.018467698348379993	0.012467700150843839	0.19395251034786876	True
26	0.3055555555555555	0.611111111111111	0.0	0.02	8	8	19	19	6.556249214349373	6.556249214349373	6.556249214349373	0.01936624324844466	0.014067993289632425	0.15846780149378445	True
26	0.3055555555555555	0.611111111111111	0.0	0.02	8	8	20	20	6.562941396843595	6.562941396843595	6.562941396843595	1.0249303539696674e-15	1.1319720555939431e-16	nan	False
26	0.3055555555555555	0.611111111111111	0.0	0.02	9	9	19	19	5.685617672366826	5.685617672366826	5.685617672366826	1.160667463610384e-15	1.694246208958595e-16	nan	False
26	0.3055555555555555	0.611111111111111	0.0	0.02	9	9	20	20	5.692309854861048	5.692309854861048	5.692309854861048	0.03376129636598144	0.07064188582031838	-0.35325158373550564	True
26	0.3055555555555555	0.611111111111111	0.0	0.02	10	10	19	19	5.65459423877118	5.65459423877118	5.65459423877118	0.03973330244421848	0.06852070469868002	-0.2659245880520738	True
26	0.3055555555555555	0.611111111111111	0.0	0.02	10	10	20	20	5.661286421265402	5.661286421265402	5.661286421265402	5.129391586940736e-16	7.693317490978954e-16	nan	False
26	0.3055555555555555	0.611111111111111	0.0	0.02	11	12	19	19	5.306626194213424	5.306126470441384	5.307125917985463	0.2867615908300131	0.06259867467553772	0.6416382693953323	True
26	0.3055555555555555	0.611111111111111	0.0	0.02	11	12	20	20	5.313318376707645	5.312818652935606	5.3138181004796845	0.29479634236711094	0.055461790250036176	0.6833090507528105	True
26	0.3055555555555555	0.611111111111111	0.0	0.02	13	13	19	19	4.850023917196117	4.850023917196117	4.850023917196117	0.004356630750384198	1.5914653699153514e-08	nan	False
26	0.3055555555555555	0.611111111111111	0.0	0.02	13	13	20	20	4.856716099690338	4.856716099690338	4.856716099690338	1.6580468473075193e-16	1.4098885180629623e-15	nan	False
26	0.3055555555555555	0.611111111111111	0.0	0.02	14	14	19	19	4.808922656407637	4.808922656407637	4.808922656407637	1.1202938132134977e-17	1.8764395116458328e-16	nan	False
26	0.3055555555555555	0.611111111111111	0.0	0.02	14	14	20	20	4.815614838901858	4.815614838901858	4.815614838901858	0.0008177145967473125	0.00012289758272606045	nan	False
26	0.3055555555555555	0.611111111111111	0.0	0.02	15	15	19	19	4.017800040018088	4.017800040018088	4.017800040018088	9.353171476655429e-17	1.2690757113325544e-15	nan	False
26	0.3055555555555555	0.611111111111111	0.0	0.02	15	15	20	20	4.024492222512309	4.024492222512309	4.024492222512309	1.6732414970148557e-05	6.039116340863846e-05	nan	False
26	0.3055555555555555	0.611111111111111	0.0	0.02	16	16	19	19	4.003258058320094	4.003258058320094	4.003258058320094	0.0013972918061323524	0.0018679183455230935	nan	False
26	0.3055555555555555	0.611111111111111	0.0	0.02	16	16	20	20	4.009950240814316	4.009950240814316	4.009950240814316	4.287813478579124e-16	1.1922183124072049e-15	nan	False
26	0.3055555555555555	0.611111111111111	0.0	0.02	17	17	19	19	1.9741733653750395	1.9741733653750395	1.9741733653750395	0.0016871999211858224	5.707882892897487	-0.9994089923080871	True
26	0.3055555555555555	0.611111111111111	0.0	0.02	17	17	20	20	1.9808655478692603	1.9808655478692603	1.9808655478692603	2.6705367110039766e-15	1.1431076511515249e-14	nan	False
26	0.3055555555555555	0.611111111111111	0.0	0.02	18	18	19	19	1.835688989456584	1.835688989456584	1.835688989456584	2.5681329636706613e-15	1.499602143419525e-14	nan	False
26	0.3055555555555555	0.611111111111111	0.0	0.02	18	18	20	20	1.8423811719508048	1.8423811719508048	1.8423811719508048	0.0046758811167113565	6.584618123895714	-0.9985807641567808	True
27	0.2777777777777778	0.5555555555555556	0.0	0.02	1	1	19	19	14.050313243665784	14.050313243665784	14.050313243665784	0.0352492088987373	0.009065523974630245	0.5908573340367135	True
27	0.2777777777777778	0.5555555555555556	0.0	0.02	1	1	20	20	14.068356682575727	14.068356682575727	14.068356682575727	1.0454382881693547e-16	5.3118060350831034e-17	nan	False
27	0.2777777777777778	0.5555555555555556	0.0	0.02	2	2	19	19	14.023434796684572	14.023434796684572	14.023434796684572	3.4148324057939723e-18	2.1035015447167212e-17	nan	False
27	0.2777777777777778	0.5555555555555556	0.0	0.02	2	2	20	20	14.041478235594516	14.041478235594516	14.041478235594516	0.03357265462410056	0.010005989889682243	0.5407847122680649	True
27	0.2777777777777778	0.5555555555555556	0.0	0.02	3	3	19	19	13.890251564674365	13.890251564674365	13.890251564674365	9.639822705845419e-17	6.930637498105356e-17	nan	False
27	0.2777777777777778	0.5555555555555556	0.0	0.02	3	3	20	20	13.908295003584309	13.908295003584309	13.908295003584309	4.965818339818311e-06	3.750458342094732e-05	nan	False
27	0.2777777777777778	0.5555555555555556	0.0	0.02	4	4	19	19	13.887146466058685	13.887146466058685	13.887146466058685	5.542863731487737e-05	9.247903208082043e-05	nan	False
27	0.2777777777777778	0.5555555555555556	0.0	0.02	4	4	20	20	13.905189904968628	13.905189904968628	13.905189904968628	1.587227291506431e-17	2.451802018419728e-17	nan	False
27	0.2777777777777778	0.5555555555555556	0.0	0.02	5	5	19	19	7.105067461476774	7.105067461476774	7.105067461476774	1.4618509908543692e-15	3.5751336602990904e-16	nan	False
27	0.2777777777777778	0.5555555555555556	0.0	0.02	5	5	20	20	7.123110900386719	7.123110900386719	7.123110900386719	0.00012920513355530662	1.318716040184745e-05	nan	False
27	0.2777777777777778	0.5555555555555556	0.0	0.02	6	6	19	19	7.096639524203318	7.096639524203318	7.096639524203318	1.2110678208071847e-05	8.494791115142564e-05	nan	False
27	0.2777777777777778	0.5555555555555556	0.0	0.02	6	6	20	20	7.114682963113262	7.114682963113262	7.114682963113262	1.9644692617039517e-15	8.51312544015956e-16	nan	False
27	0.2777777777777778	0.5555555555555556	0.0	0.02	7	7	19	19	6.954919909188473	6.954919909188473	6.954919909188473	1.5738543591292843e-15	9.514458412089077e-17	nan	False
27	0.2777777777777778	0.5555555555555556	0.0	0.02	7	7	20	20	6.972963348098418	6.972963348098418	6.972963348098418	0.04360379185099828	0.003329525318688743	0.8581167699418786	True
27	0.2777777777777778	0.5555555555555556	0.0	0.02	8	8	19	19	6.938752768166909	6.938752768166909	6.938752768166909	0.04452164745238378	0.004596993363821522	0.8128208237266665	True
27	0.2777777777777778	0.5555555555555556	0.0	0.02	8	8	20	20	6.956796207076853	6.956796207076853	6.956796207076853	1.432273891965525e-16	6.864369407001423e-17	nan	False
27	0.2777777777777778	0.5555555555555556	0.0	0.02	9	9	19	19	5.62987325827988	5.62987325827988	5.62987325827988	7.333029743426554e-16	1.9821286249510317e-16	nan	False
27	0.2777777777777778	0.5555555555555556	0.0	0.02	9	9	20	20	5.6479166971898245	5.6479166971898245	5.6479166971898245	0.07025388170956315	0.002075003858838526	0.9426230933179198	True
27	0.2777777777777778	0.5555555555555556	0.0	0.02	10	10	19	19	5.615471562809048	5.615471562809048	5.615471562809048	0.07447659608270998	0.00033827682025214245	0.9909569633115356	True
27	0.2777777777777778	0.5555555555555556	0.0	0.02	10	10	20	20	5.633515001718992	5.633515001718992	5.633515001718992	5.80247192705381e-17	7.311505437489842e-17	nan	False
27	0.2777777777777778	0.5555555555555556	0.0	0.02	11	11	19	19	5.273035710585372	5.273035710585372	5.273035710585372	1.969783873601544e-15	4.710560428067727e-16	nan	False
27	0.2777777777777778	0.5555555555555556	0.0	0.02	11	11	20	20	5.291079149495316	5.291079149495316	5.291079149495316	0.023440649138162267	0.11639341574046005	-0.6647362120451975	True
27	0.2777777777777778	0.5555555555555556	0.0	0.02	12	12	19	19	5.24036773337744	5.24036773337744	5.24036773337744	0.03246471747878689	0.1328222421539558	-0.6071714604597789	True
27	0.2777777777777778	0.5555555555555556	0.0	0.02	12	12	20	20	5.258411172287384	5.258411172287384	5.258411172287384	8.051869985816169e-18	6.594958389021421e-17	nan	False
27	0.2777777777777778	0.5555555555555556	0.0	0.02	13	13	19	19	5.14367668290955	5.14367668290955	5.14367668290955	0.0012377310408473953	0.0020207722314429743	-0.2403070137306283	True
27	0.2777777777777778	0.5555555555555556	0.0	0.02	13	13	20	20	5.161720121819495	5.161720121819495	5.161720121819495	1.1410178008292977e-15	8.541746296620961e-16	nan	False
27	0.2777777777777778	0.5555555555555556	0.0	0.02	14	14	19	19	5.109866522705005	5.109866522705005	5.109866522705005	4.977937757797765e-16	1.3744302474638572e-15	nan	False
27	0.2777777777777778	0.5555555555555556	0.0	0.02	14	14	20	20	5.127909961614949	5.127909961614949	5.127909961614949	0.003319797223777343	0.0042471449097637995	-0.12255250134342978	True
27	0.2777777777777778	0.5555555555555556	0.0	0.02	15	16	19	19	3.973382021976261	3.97292236256457	3.9738416813879525	0.002944637808706029	0.0016193298760047883	0.2903850386892507	True
27	0.2777777777777778	0.5555555555555556	0.0	0.02	15	16	20	20	3.991425460886205	3.9909658014745144	3.991885120297897	0.0003871284481301143	0.0005508866994471019	nan	False
27	0.2777777777777778	0.5555555555555556	0.0	0.02	17	17	19	19	2.319284939515269	2.319284939515269	2.319284939515269	0.04471480007343034	2.938847909667158	-0.9700259023030099	True
27	0.2777777777777778	0.5555555555555556	0.0	0.02	17	17	20	20	2.3373283784252132	2.3373283784252132	2.3373283784252132	3.61496738642428e-17	1.4510981453404225e-15	nan	False
27	0.2777777777777778	0.5555555555555556	0.0	0.02	18	18	19	19	2.1964169406764067	2.1964169406764067	2.1964169406764067	1.3674901114049743e-15	7.020866552891337e-15	nan	False
27	0.2777777777777778	0.5555555555555556	0.0	0.02	18	18	20	20	2.2144603795863507	2.2144603795863507	2.2144603795863507	0.07003619270282258	3.160906437143154	-0.9566465884872977	True
28	0.25	0.5	0.0	0.02	1	1	19	20	14.326583184945676	14.326149377187475	14.327016992703875	0.019623475688505646	0.010152925218495382	0.31805558030969244	True
28	0.25	0.5	0.0	0.02	2	2	19	20	14.30468930196453	14.304255494206329	14.305123109722729	0.015746782490055407	0.010027339985826738	0.22190639117124455	True
28	0.25	0.5	0.0	0.02	3	3	19	20	14.09043537776937	14.09000157001117	14.09086918552757	3.996545105703175e-06	8.823984959456617e-05	nan	False
28	0.25	0.5	0.0	0.02	4	4	19	20	14.08779336631856	14.08735955856036	14.08822717407676	3.59244676753291e-05	3.859810863698928e-05	nan	False
28	0.25	0.5	0.0	0.02	5	5	19	20	7.153900758532244	7.153466950774044	7.154334566290445	0.052068697681836466	9.97624927446723e-05	0.996175371386818	True
28	0.25	0.5	0.0	0.02	6	6	19	20	7.149560235034527	7.149126427276327	7.149994042792728	0.05347457472230702	4.684588744094164e-07	0.9999824793456334	True
28	0.25	0.5	0.0	0.02	7	7	19	20	6.9447012599716	6.9442674522134	6.945135067729801	0.0002006713637130618	8.825143326913207e-05	nan	False
28	0.25	0.5	0.0	0.02	8	8	19	20	6.93361185525846	6.93317804750026	6.9340456630166605	0.00011601982177866718	0.00023523015400932342	nan	False
28	0.25	0.5	0.0	0.02	9	9	19	20	5.690266991465183	5.689833183706983	5.690700799223384	0.0006767789272559875	0.001904975552167083	-0.4757216980545545	True
28	0.25	0.5	0.0	0.02	10	10	19	20	5.680519966180194	5.680086158421994	5.680953773938395	0.0018328032365643098	0.00018257831608126815	0.8188151361794507	True
28	0.25	0.5	0.0	0.02	11	11	19	20	5.37592659793091	5.37549279017271	5.376360405689111	0.0013614231062347535	0.00038334004991296815	nan	False
28	0.25	0.5	0.0	0.02	12	12	19	20	5.355605038914533	5.355171231156333	5.3560388466727336	0.00415463044438831	0.0011717950976174612	0.5600069546166233	True
28	0.25	0.5	0.0	0.02	13	13	19	20	5.002120895168935	5.001687087410735	5.002554702927136	0.048198121122356226	0.06226409062186962	-0.12733738784882387	True
28	0.25	0.5	0.0	0.02	14	14	19	20	4.960826919188418	4.960393111430218	4.961260726946619	0.017714305972895864	0.09037192866439264	-0.6722190197051303	True
28	0.25	0.5	0.0	0.02	15	15	19	20	3.845450343159513	3.845016535401313	3.8458841509177133	0.0025825893361455065	0.0007653136556205779	0.5428101366719351	True
28	0.25	0.5	0.0	0.02	16	16	19	20	3.8358142920347458	3.8353804842765458	3.8362480997929462	0.0014946505373437794	0.0026399440352973154	-0.27700261242831986	True
28	0.25	0.5	0.0	0.02	17	17	19	20	2.634613825229115	2.634180017470915	2.6350476329873156	0.08015200020463056	1.6483362180467769	-0.9072576840752611	True
28	0.25	0.5	0.0	0.02	18	18	19	20	2.5239526048433634	2.5235187970851634	2.524386412601564	0.10820554838914331	1.7481248408160481	-0.8834199461277228	True
29	0.2222222222222222	0.4444444444444444	0.0	0.02	1	1	19	19	14.436386529169457	14.436386529169457	14.436386529169457	1.7990986612806306e-16	3.4228485684379436e-16	nan	False
29	0.2222222222222222	0.4444444444444444	0.0	0.02	1	1	20	20	14.490413233976117	14.490413233976117	14.490413233976117	0.005197249478362374	0.008048890075753186	-0.21528088132702866	True
29	0.2222222222222222	0.4444444444444444	0.0	0.02	2	2	19	19	14.41997715535198	14.41997715535198	14.41997715535198	0.002421521257881465	0.007115223224833109	-0.49217025531710695	True
29	0.2222222222222222	0.4444444444444444	0.0	0.02	2	2	20	20	14.474003860158641	14.474003860158641	14.474003860158641	4.545779439233272e-16	3.866782224630698e-17	nan	False
29	0.2222222222222222	0.4444444444444444	0.0	0.02	3	3	19	19	14.092426244279071	14.092426244279071	14.092426244279071	4.976108140000115e-07	9.342861615579022e-05	nan	False
29	0.2222222222222222	0.4444444444444444	0.0	0.02	3	3	20	20	14.146452949085731	14.146452949085731	14.146452949085731	3.2973125523184276e-18	4.0322836412986486e-17	nan	False
29	0.2222222222222222	0.4444444444444444	0.0	0.02	4	4	19	19	14.090368431406258	14.090368431406258	14.090368431406258	6.870280327765186e-17	1.435956458712895e-17	nan	False
29	0.2222222222222222	0.4444444444444444	0.0	0.02	4	4	20	20	14.144395136212918	14.144395136212918	14.144395136212918	1.0758370848150543e-05	8.611101635094037e-06	nan	False
29	0.2222222222222222	0.4444444444444444	0.0	0.02	5	5	19	19	7.011637709853825	7.011637709853825	7.011637709853825	9.211269916731787e-16	1.3367665320190013e-16	nan	False
29	0.2222222222222222	0.4444444444444444	0.0	0.02	5	5	20	20	7.0656644146604854	7.0656644146604854	7.0656644146604854	0.03537038589079926	0.0013442872513890036	0.9267711170309014	True
29	0.2222222222222222	0.4444444444444444	0.0	0.02	6	6	19	19	7.005926521766773	7.005926521766773	7.005926521766773	0.029366773045772513	0.0017881437264081754	0.8852095327691666	True
29	0.2222222222222222	0.4444444444444444	0.0	0.02	6	6	20	20	7.059953226573434	7.059953226573434	7.059953226573434	5.790079305208086e-16	1.4982509439947858e-16	nan	False
29	0.2222222222222222	0.4444444444444444	0.0	0.02	7	7	19	19	6.461454689920043	6.461454689920043	6.461454689920043	0.0001261393521325171	0.000247393053948274	nan	False
29	0.2222222222222222	0.4444444444444444	0.0	0.02	7	7	20	20	6.515481394726703	6.515481394726703	6.515481394726703	6.298912631719767e-17	6.871824099994022e-17	nan	False
29	0.2222222222222222	0.4444444444444444	0.0	0.02	8	8	19	19	6.446685289482398	6.446685289482398	6.446685289482398	7.614768387094416e-16	1.5100343076352587e-15	nan	False
29	0.2222222222222222	0.4444444444444444	0.0	0.02	8	8	20	20	6.500711994289058	6.500711994289058	6.500711994289058	4.3687824384821004e-05	0.00022937615730661502	nan	False
29	0.2222222222222222	0.4444444444444444	0.0	0.02	9	9	19	19	5.61138187617899	5.61138187617899	5.61138187617899	0.06668164625470943	0.06317853404001655	0.026976030733534637	True
29	0.2222222222222222	0.4444444444444444	0.0	0.02	9	9	20	20	5.665408580985651	5.665408580985651	5.665408580985651	8.660976638437885e-17	2.969254640200292e-16	nan	False
29	0.2222222222222222	0.4444444444444444	0.0	0.02	10	10	19	19	5.600224472406112	5.600224472406112	5.600224472406112	1.960293297074963e-16	4.2493628760019104e-16	nan	False
29	0.2222222222222222	0.4444444444444444	0.0	0.02	10	10	20	20	5.654251177212773	5.654251177212773	5.654251177212773	0.05855668329218244	0.027434033304188362	0.36193034806396296	True
29	0.2222222222222222	0.4444444444444444	0.0	0.02	11	11	19	19	5.321379032513134	5.321379032513134	5.321379032513134	1.1514980668658933e-15	2.0998682503816488e-16	nan	False
29	0.2222222222222222	0.4444444444444444	0.0	0.02	11	11	20	20	5.375405737319794	5.375405737319794	5.375405737319794	0.0001403579743791094	1.3635309849297345e-05	nan	False
29	0.2222222222222222	0.4444444444444444	0.0	0.02	12	12	19	19	5.3005685320124645	5.3005685320124645	5.3005685320124645	0.00283438931329304	0.0005433431313484478	0.6782793544169434	True
29	0.2222222222222222	0.4444444444444444	0.0	0.02	12	12	20	20	5.354595236819125	5.354595236819125	5.354595236819125	1.5554495282550824e-17	9.830332802342368e-18	nan	False
29	0.2222222222222222	0.4444444444444444	0.0	0.02	13	13	19	19	4.493108157012298	4.493108157012298	4.493108157012298	0.3923832093327281	0.006632006171934269	0.9667581289422945	True
29	0.2222222222222222	0.4444444444444444	0.0	0.02	13	13	20	20	4.547134861818958	4.547134861818958	4.547134861818958	4.917774341492735e-17	8.980954557501004e-17	nan	False
29	0.2222222222222222	0.4444444444444444	0.0	0.02	14	14	19	19	4.439601888584415	4.439601888584415	4.439601888584415	2.2309240625904424e-16	1.782056553772154e-17	nan	False
29	0.2222222222222222	0.4444444444444444	0.0	0.02	14	14	20	20	4.493628593391075	4.493628593391075	4.493628593391075	0.2383128784761925	0.025795153026580333	0.8046621083061647	True
29	0.2222222222222222	0.4444444444444444	0.0	0.02	15	15	19	19	3.49178215878786	3.49178215878786	3.49178215878786	4.3297644678620003e-16	2.063249710854781e-15	nan	False
29	0.2222222222222222	0.4444444444444444	0.0	0.02	15	15	20	20	3.5458088635945204	3.5458088635945204	3.5458088635945204	0.0011036930404625686	7.962312550598927e-06	nan	False
29	0.2222222222222222	0.4444444444444444	0.0	0.02	16	16	19	19	3.4733548183227123	3.4733548183227123	3.4733548183227123	0.0011177480157190198	0.004075475998279994	-0.5695359904729763	True
29	0.2222222222222222	0.4444444444444444	0.0	0.02	16	16	20	20	3.527381523129373	3.527381523129373	3.527381523129373	1.2207148799951723e-16	4.347657400903925e-17	nan	False
29	0.2222222222222222	0.4444444444444444	0.0	0.02	17	17	19	19	2.6838963165222154	2.6838963165222154	2.6838963165222154	1.6959375685701284e-16	1.227964307621255e-15	nan	False
29	0.2222222222222222	0.4444444444444444	0.0	0.02	17	17	20	20	2.737923021328876	2.737923021328876	2.737923021328876	0.0417059082082335	1.475026083513861	-0.9450055666579819	True
29	0.2222222222222222	0.4444444444444444	0.0	0.02	18	18	19	19	2.581712456637372	2.581712456637372	2.581712456637372	0.04734795862398799	1.6009386522214766	-0.9425488767397054	True
29	0.2222222222222222	0.4444444444444444	0.0	0.02	18	18	20	20	2.6357391614440324	2.6357391614440324	2.6357391614440324	9.168164492509497e-17	2.669647576390864e-15	nan	False
30	0.1944444444444444	0.3888888888888888	0.0	0.02	1	1	19	19	14.532292213228226	14.532292213228226	14.532292213228226	6.210655093849327e-16	1.5624084856714788e-16	nan	False
30	0.1944444444444444	0.3888888888888888	0.0	0.02	1	1	20	20	14.60796899242877	14.60796899242877	14.60796899242877	0.0005247229381042977	0.008283458406460786	-0.8808555551758553	True
30	0.1944444444444444	0.3888888888888888	0.0	0.02	2	2	19	19	14.520937551825478	14.520937551825478	14.520937551825478	3.41278940395942e-05	0.008124838323335215	-0.9916342602407355	True
30	0.1944444444444444	0.3888888888888888	0.0	0.02	2	2	20	20	14.596614331026021	14.596614331026021	14.596614331026021	4.4293874322351377e-16	3.654946368971964e-17	nan	False
30	0.1944444444444444	0.3888888888888888	0.0	0.02	3	4	19	19	14.057888214940888	14.057152856207564	14.058623573674213	1.3545493835058356e-09	7.042110538557757e-05	nan	False
30	0.1944444444444444	0.3888888888888888	0.0	0.02	3	4	20	20	14.133564994141432	14.132829635408108	14.134300352874757	2.0056159987611283e-06	7.705484449998049e-07	nan	False
30	0.1944444444444444	0.3888888888888888	0.0	0.02	5	5	19	19	6.73769792181157	6.73769792181157	6.73769792181157	7.14459985395065e-15	1.6132471726513621e-15	nan	False
30	0.1944444444444444	0.3888888888888888	0.0	0.02	5	5	20	20	6.813374701012114	6.813374701012114	6.813374701012114	0.007322558768557911	0.0012606860462085424	0.7062448821127223	True
30	0.1944444444444444	0.3888888888888888	0.0	0.02	6	6	19	19	6.7247174731251524	6.7247174731251524	6.7247174731251524	0.0044761246944127805	0.0014054885321813438	0.5220737991317316	True
30	0.1944444444444444	0.3888888888888888	0.0	0.02	6	6	20	20	6.800394252325697	6.800394252325697	6.800394252325697	2.951320624611571e-16	4.295696229408725e-17	nan	False
30	0.1944444444444444	0.3888888888888888	0.0	0.02	7	7	19	19	5.857097975140916	5.857097975140916	5.857097975140916	5.480388070949488e-05	0.0003930171474086094	nan	False
30	0.1944444444444444	0.3888888888888888	0.0	0.02	7	7	20	20	5.932774754341461	5.932774754341461	5.932774754341461	1.9181386854736232e-17	1.4059142821405946e-16	nan	False
30	0.1944444444444444	0.3888888888888888	0.0	0.02	8	8	19	19	5.836372929803823	5.836372929803823	5.836372929803823	1.1053266946722185e-16	8.059890305151966e-17	nan	False
30	0.1944444444444444	0.3888888888888888	0.0	0.02	8	8	20	20	5.912049709004368	5.912049709004368	5.912049709004368	0.0002518511585204618	6.733169408813276e-05	nan	False
30	0.1944444444444444	0.3888888888888888	0.0	0.02	9	9	19	19	5.528605247470073	5.528605247470073	5.528605247470073	0.16594061660608725	0.14600323720888775	0.06391335861685246	True
30	0.1944444444444444	0.3888888888888888	0.0	0.02	9	9	20	20	5.604282026670617	5.604282026670617	5.604282026670617	1.0663842447777208e-16	3.900989138333054e-16	nan	False
30	0.1944444444444444	0.3888888888888888	0.0	0.02	10	10	19	19	5.517316240442179	5.517316240442179	5.517316240442179	3.1572370377260135e-15	4.696598027573571e-15	nan	False
30	0.1944444444444444	0.3888888888888888	0.0	0.02	10	10	20	20	5.592993019642723	5.592993019642723	5.592993019642723	0.16690626843027703	0.0983269824347363	0.25856217413118837	True
30	0.1944444444444444	0.3888888888888888	0.0	0.02	11	11	19	19	5.127813629273845	5.127813629273845	5.127813629273845	9.56884760817597e-17	1.4702623018402896e-18	nan	False
30	0.1944444444444444	0.3888888888888888	0.0	0.02	11	11	20	20	5.203490408474389	5.203490408474389	5.203490408474389	2.301634005296989e-06	4.7267809232033624e-08	nan	False
30	0.1944444444444444	0.3888888888888888	0.0	0.02	12	12	19	19	5.104366626235719	5.104366626235719	5.104366626235719	0.0014331232265651014	0.000584272235279135	nan	False
30	0.1944444444444444	0.3888888888888888	0.0	0.02	12	12	20	20	5.180043405436264	5.180043405436264	5.180043405436264	3.3023299053552897e-16	7.943606251684836e-19	nan	False
30	0.1944444444444444	0.3888888888888888	0.0	0.02	13	13	19	19	3.9660521637933384	3.9660521637933384	3.9660521637933384	0.7232481825840033	0.00011163078757370212	0.9996913547434896	True
30	0.1944444444444444	0.3888888888888888	0.0	0.02	13	13	20	20	4.041728942993883	4.041728942993883	4.041728942993883	2.6729074331361133e-16	1.7256458842269768e-17	nan	False
30	0.1944444444444444	0.3888888888888888	0.0	0.02	14	14	19	19	3.901628825891163	3.901628825891163	3.901628825891163	1.5116455211010428e-15	9.204940926464921e-17	nan	False
30	0.1944444444444444	0.3888888888888888	0.0	0.02	14	14	20	20	3.9773056050917073	3.9773056050917073	3.9773056050917073	0.5375732480040267	0.0021661901557467056	0.9919732003904245	True
30	0.1944444444444444	0.3888888888888888	0.0	0.02	15	15	19	19	3.1119632739459853	3.1119632739459853	3.1119632739459853	9.480207740569073e-16	3.139302580164676e-18	nan	False
30	0.1944444444444444	0.3888888888888888	0.0	0.02	15	15	20	20	3.1876400531465294	3.1876400531465294	3.1876400531465294	0.000438571612477359	0.002993843131094312	-0.7444530190888329	True
30	0.1944444444444444	0.3888888888888888	0.0	0.02	16	16	19	19	3.0852530713018593	3.0852530713018593	3.0852530713018593	7.143680524577089e-05	0.003153617092183973	-0.9556988456517247	True
30	0.1944444444444444	0.3888888888888888	0.0	0.02	16	16	20	20	3.1609298505024035	3.1609298505024035	3.1609298505024035	3.4430977527269004e-16	1.8308345102180951e-16	nan	False
30	0.1944444444444444	0.3888888888888888	0.0	0.02	17	17	19	19	2.6212722985376917	2.6212722985376917	2.6212722985376917	2.8566863742659394e-15	2.2730889742007644e-14	nan	False
30	0.1944444444444444	0.3888888888888888	0.0	0.02	17	17	20	20	2.696949077738236	2.696949077738236	2.696949077738236	0.01299319952235933	1.819477616340581	-0.9858189288365385	True
30	0.1944444444444444	0.3888888888888888	0.0	0.02	18	18	19	19	2.5274536566014056	2.5274536566014056	2.5274536566014056	0.015956569375726207	2.008126422664839	-0.9842332854547237	True
30	0.1944444444444444	0.3888888888888888	0.0	0.02	18	18	20	20	2.60313043580195	2.60313043580195	2.60313043580195	4.592174306496752e-16	6.774686641758869e-16	nan	False
31	0.1666666666666667	0.3333333333333333	0.0	0.02	1	1	19	19	14.76635186261214	14.76635186261214	14.76635186261214	4.767470147085431e-16	1.5152768324957602e-16	nan	False
31	0.1666666666666667	0.3333333333333333	0.0	0.02	1	1	20	20	14.831562091536368	14.831562091536368	14.831562091536368	6.679908022022563e-05	0.0114147890334586	-0.9883641392534116	True
31	0.1666666666666667	0.3333333333333333	0.0	0.02	2	2	19	19	14.75911168804188	14.75911168804188	14.75911168804188	4.8528009375804746e-05	0.01198418225544454	-0.9919339852273041	True
31	0.1666666666666667	0.3333333333333333	0.0	0.02	2	2	20	20	14.824321916966108	14.824321916966108	14.824321916966108	6.859288277952623e-16	4.74015054803942e-16	nan	False
31	0.1666666666666667	0.3333333333333333	0.0	0.02	3	4	19	19	14.153326327958581	14.152845269905484	14.153807386011678	9.631160195134751e-08	5.600128474635953e-05	nan	False
31	0.1666666666666667	0.3333333333333333	0.0	0.02	3	4	20	20	14.218536556882809	14.218055498829711	14.219017614935906	1.2471545883847742e-06	2.923953133281332e-10	nan	False
31	0.1666666666666667	0.3333333333333333	0.0	0.02	5	5	19	19	6.592981867285399	6.592981867285399	6.592981867285399	1.3524665556674303e-15	3.0715210260099055e-16	nan	False
31	0.1666666666666667	0.3333333333333333	0.0	0.02	5	5	20	20	6.658192096209625	6.658192096209625	6.658192096209625	0.0016403805686201782	8.445089342712009e-05	nan	False
31	0.1666666666666667	0.3333333333333333	0.0	0.02	6	6	19	19	6.578569254753793	6.578569254753793	6.578569254753793	0.003564747625897646	2.488702990195712e-06	0.9986046884698713	True
31	0.1666666666666667	0.3333333333333333	0.0	0.02	6	6	20	20	6.643779483678019	6.643779483678019	6.643779483678019	1.4641494973841753e-15	2.7055281109959974e-16	nan	False
31	0.1666666666666667	0.3333333333333333	0.0	0.02	7	7	19	19	5.533706299394646	5.533706299394646	5.533706299394646	0.19474082778746513	0.1679450657158381	0.07388145652095232	True
31	0.1666666666666667	0.3333333333333333	0.0	0.02	7	7	20	20	5.598916528318872	5.598916528318872	5.598916528318872	2.294251887594307e-15	2.8910224514328283e-15	nan	False
31	0.1666666666666667	0.3333333333333333	0.0	0.02	8	8	19	19	5.5283148098574895	5.5283148098574895	5.5283148098574895	1.0706112482891098e-15	1.3232898215599615e-15	nan	False
31	0.1666666666666667	0.3333333333333333	0.0	0.02	8	8	20	20	5.593525038781715	5.593525038781715	5.593525038781715	0.2037181114261402	0.11877278690725353	0.2634037889375393	True
31	0.1666666666666667	0.3333333333333333	0.0	0.02	9	9	19	19	5.370336150067677	5.370336150067677	5.370336150067677	0.00013141337702544243	0.0013788906672587693	nan	False
31	0.1666666666666667	0.3333333333333333	0.0	0.02	9	9	20	20	5.435546378991903	5.435546378991903	5.435546378991903	9.166052686764284e-15	1.953950596280284e-15	nan	False
31	0.1666666666666667	0.3333333333333333	0.0	0.02	10	10	19	19	5.341521658094278	5.341521658094278	5.341521658094278	1.416457571660876e-14	7.523495087190788e-15	nan	False
31	0.1666666666666667	0.3333333333333333	0.0	0.02	10	10	20	20	5.4067318870185055	5.4067318870185055	5.4067318870185055	0.0010891931390200201	0.002047378364310438	-0.30548808604331273	True
31	0.1666666666666667	0.3333333333333333	0.0	0.02	11	11	19	19	4.926274510119265	4.926274510119265	4.926274510119265	1.8979383109848896e-14	1.1004085885492536e-15	nan	False
31	0.1666666666666667	0.3333333333333333	0.0	0.02	11	11	20	20	4.991484739043491	4.991484739043491	4.991484739043491	2.2852652668072003e-06	0.00017716933713335733	nan	False
31	0.1666666666666667	0.3333333333333333	0.0	0.02	12	12	19	19	4.899805935508535	4.899805935508535	4.899805935508535	0.0016569580110528826	0.00020935771222320386	nan	False
31	0.1666666666666667	0.3333333333333333	0.0	0.02	12	12	20	20	4.965016164432761	4.965016164432761	4.965016164432761	1.814853851508153e-14	7.510798110195158e-16	nan	False
31	0.1666666666666667	0.3333333333333333	0.0	0.02	13	13	19	19	3.666572391323441	3.666572391323441	3.666572391323441	0.6670520619569179	0.004130412939116104	0.9876921311458381	True
31	0.1666666666666667	0.3333333333333333	0.0	0.02	13	13	20	20	3.731782620247668	3.731782620247668	3.731782620247668	2.0989158896962895e-15	3.7055048539205867e-17	nan	False
31	0.1666666666666667	0.3333333333333333	0.0	0.02	14	14	19	19	3.5977995450837095	3.5977995450837095	3.5977995450837095	1.6822386557050462e-15	1.9350152876895045e-16	nan	False
31	0.1666666666666667	0.3333333333333333	0.0	0.02	14	14	20	20	3.663009774007936	3.663009774007936	3.663009774007936	0.5011680379522339	0.002416952838069086	0.9904010132062275	True
31	0.1666666666666667	0.3333333333333333	0.0	0.02	15	15	19	19	2.9009305213710337	2.9009305213710337	2.9009305213710337	3.902413272136944e-15	4.9603823793827975e-14	nan	False
31	0.1666666666666667	0.3333333333333333	0.0	0.02	15	15	20	20	2.9661407502952604	2.9661407502952604	2.9661407502952604	7.949590235291348e-06	0.01900290826668879	-0.999163678957034	True
31	0.1666666666666667	0.3333333333333333	0.0	0.02	16	16	19	19	2.8660799890854	2.8660799890854	2.8660799890854	1.877028189196776e-05	0.00513116306297517	-0.9927104757925942	True
31	0.1666666666666667	0.3333333333333333	0.0	0.02	16	16	20	20	2.9312902180096265	2.9312902180096265	2.9312902180096265	6.196951422214854e-16	4.9880782718576506e-14	nan	False
31	0.1666666666666667	0.3333333333333333	0.0	0.02	17	17	19	19	2.6032487538633817	2.6032487538633817	2.6032487538633817	2.3296829202041623e-16	1.3716225438746723e-14	nan	False
31	0.1666666666666667	0.3333333333333333	0.0	0.02	17	17	20	20	2.6684589827876084	2.6684589827876084	2.6684589827876084	0.03721868122585902	2.0663789179208436	-0.9646142577449639	True
31	0.1666666666666667	0.3333333333333333	0.0	0.02	18	18	19	19	2.5261316818176947	2.5261316818176947	2.5261316818176947	0.052377013586008755	2.251095930768795	-0.9545234393011902	True
31	0.1666666666666667	0.3333333333333333	0.0	0.02	18	18	20	20	2.5913419107419213	2.5913419107419213	2.5913419107419213	2.704035049812931e-16	4.580313649222886e-15	nan	False
32	0.1388888888888889	0.2777777777777777	0.0	0.02	1	1	19	19	15.134729727679085	15.134729727679085	15.134729727679085	1.5176083930118647e-15	6.501271979616962e-16	nan	False
32	0.1388888888888889	0.2777777777777777	0.0	0.02	1	1	20	20	15.174044960853559	15.174044960853559	15.174044960853559	0.0003915390846490062	0.014310924147263478	-0.9467383011305004	True
32	0.1388888888888889	0.2777777777777777	0.0	0.02	2	2	19	19	15.130531356881276	15.130531356881276	15.130531356881276	7.2740650698954745e-06	0.015545137880700164	-0.9990645740229542	True
32	0.1388888888888889	0.2777777777777777	0.0	0.02	2	2	20	20	15.16984659005575	15.16984659005575	15.16984659005575	6.732305485215001e-16	6.691878005693797e-16	nan	False
32	0.1388888888888889	0.2777777777777777	0.0	0.02	3	4	19	19	14.38601377943139	14.385729624739477	14.386297934123304	2.105382932522564e-06	4.700681796053483e-05	nan	False
32	0.1388888888888889	0.2777777777777777	0.0	0.02	3	4	20	20	14.425329012605864	14.425044857913951	14.425613167297778	6.043974610623285e-06	9.178241467044612e-09	nan	False
32	0.1388888888888889	0.2777777777777777	0.0	0.02	5	5	19	19	6.719108351525776	6.719108351525776	6.719108351525776	4.706837429334439e-18	5.015762112038349e-16	nan	False
32	0.1388888888888889	0.2777777777777777	0.0	0.02	5	5	20	20	6.75842358470025	6.75842358470025	6.75842358470025	0.01982632438572662	9.697444513884905e-05	0.990265222043589	True
32	0.1388888888888889	0.2777777777777777	0.0	0.02	6	6	19	19	6.71013318827546	6.71013318827546	6.71013318827546	0.024722122741487162	0.0011029107824052711	0.9145859166932042	True
32	0.1388888888888889	0.2777777777777777	0.0	0.02	6	6	20	20	6.749448421449934	6.749448421449934	6.749448421449934	7.9910720800264e-17	1.3563000689202253e-17	nan	False
32	0.1388888888888889	0.2777777777777777	0.0	0.02	7	7	19	19	5.518884329104694	5.518884329104694	5.518884329104694	2.1326043010326353e-16	1.9327193344882423e-16	nan	False
32	0.1388888888888889	0.2777777777777777	0.0	0.02	7	7	20	20	5.558199562279167	5.558199562279167	5.558199562279167	0.19105002787343436	0.09840372685098452	0.32007289423713264	True
32	0.1388888888888889	0.2777777777777777	0.0	0.02	8	8	19	19	5.515909775532549	5.515909775532549	5.515909775532549	0.17337091564573176	0.14149327398691833	0.10124251251310878	True
32	0.1388888888888889	0.2777777777777777	0.0	0.02	8	8	20	20	5.555225008707023	5.555225008707023	5.555225008707023	6.729442388606878e-17	1.0177543628164404e-16	nan	False
32	0.1388888888888889	0.2777777777777777	0.0	0.02	9	9	19	19	5.120541404456574	5.120541404456574	5.120541404456574	9.938487881009166e-06	0.0017486272744108384	nan	False
32	0.1388888888888889	0.2777777777777777	0.0	0.02	9	9	20	20	5.159856637631048	5.159856637631048	5.159856637631048	5.186391756742465e-15	1.5226296574887454e-15	nan	False
32	0.1388888888888889	0.2777777777777777	0.0	0.02	10	10	19	19	5.102404918526421	5.102404918526421	5.102404918526421	1.1490742055001994e-14	6.656722147595875e-15	nan	False
32	0.1388888888888889	0.2777777777777777	0.0	0.02	10	10	20	20	5.141720151700895	5.141720151700895	5.141720151700895	0.00020533608540352423	0.00016062570070686825	nan	False
32	0.1388888888888889	0.2777777777777777	0.0	0.02	11	11	19	19	4.654794106447618	4.654794106447618	4.654794106447618	9.707844794355499e-16	3.1375606335312017e-15	nan	False
32	0.1388888888888889	0.2777777777777777	0.0	0.02	11	11	20	20	4.694109339622091	4.694109339622091	4.694109339622091	2.7899187398750985e-05	0.000841504897262811	nan	False
32	0.1388888888888889	0.2777777777777777	0.0	0.02	12	12	19	19	4.642203823498454	4.642203823498454	4.642203823498454	0.0030247441620862934	3.3350702748716564e-05	0.9781885754217662	True
32	0.1388888888888889	0.2777777777777777	0.0	0.02	12	12	20	20	4.6815190566729274	4.6815190566729274	4.6815190566729274	3.167170353040264e-15	1.4662993791533938e-15	nan	False
32	0.1388888888888889	0.2777777777777777	0.0	0.02	13	13	19	19	3.70667751481224	3.70667751481224	3.70667751481224	0.2514357230447606	0.006776875143466561	0.9475093377238977	True
32	0.1388888888888889	0.2777777777777777	0.0	0.02	13	13	20	20	3.745992747986714	3.745992747986714	3.745992747986714	2.40269006850993e-17	9.754276562513739e-18	nan	False
32	0.1388888888888889	0.2777777777777777	0.0	0.02	14	14	19	19	3.6545830791582343	3.6545830791582343	3.6545830791582343	3.7864398284582064e-16	2.8006150760692e-16	nan	False
32	0.1388888888888889	0.2777777777777777	0.0	0.02	14	14	20	20	3.6938983123327085	3.6938983123327085	3.6938983123327085	0.16053777089912608	0.009928518167549803	0.8835134122774694	True
32	0.1388888888888889	0.2777777777777777	0.0	0.02	15	15	19	19	2.8869328327519366	2.8869328327519366	2.8869328327519366	7.964252132852295e-15	1.0949074476977817e-14	nan	False
32	0.1388888888888889	0.2777777777777777	0.0	0.02	15	15	20	20	2.9262480659264107	2.9262480659264107	2.9262480659264107	0.0001246727673801309	0.026211660445774634	-0.9905322607842874	True
32	0.1388888888888889	0.2777777777777777	0.0	0.02	16	16	19	19	2.849143258300332	2.849143258300332	2.849143258300332	0.0013400039264789985	0.023264027718568413	-0.8910744429359626	True
32	0.1388888888888889	0.2777777777777777	0.0	0.02	16	16	20	20	2.888458491474806	2.888458491474806	2.888458491474806	6.545034946516422e-16	7.902614599117409e-15	nan	False
32	0.1388888888888889	0.2777777777777777	0.0	0.02	17	17	19	19	2.5831375821401763	2.5831375821401763	2.5831375821401763	4.798208309050448e-16	6.144674417496518e-16	nan	False
32	0.1388888888888889	0.2777777777777777	0.0	0.02	17	17	20	20	2.6224528153146505	2.6224528153146505	2.6224528153146505	0.0295620856746539	2.1446431877682866	-0.9728065366819378	True
32	0.1388888888888889	0.2777777777777777	0.0	0.02	18	18	19	19	2.5382179759807166	2.5382179759807166	2.5382179759807166	0.07578642996631976	2.2498903019077527	-0.9348263420039038	True
32	0.1388888888888889	0.2777777777777777	0.0	0.02	18	18	20	20	2.577533209155191	2.577533209155191	2.577533209155191	6.526586616924134e-16	1.027384694073952e-16	nan	False
33	0.1111111111111111	0.2222222222222222	0.0	0.02	1	1	19	19	15.564810902170256	15.564810902170256	15.564810902170256	3.532703955546859e-17	5.1702045049453353e-17	nan	False
33	0.1111111111111111	0.2222222222222222	0.0	0.02	1	1	20	20	15.573503569417472	15.573503569417472	15.573503569417472	0.0019854655315066426	0.013867079467675297	-0.7495082926294673	True
33	0.1111111111111111	0.2222222222222222	0.0	0.02	2	2	19	19	15.562666456190717	15.562666456190717	15.562666456190717	0.0006963426451427905	0.01592087856847361	-0.916190241895294	True
33	0.1111111111111111	0.2222222222222222	0.0	0.02	2	2	20	20	15.571359123437933	15.571359123437933	15.571359123437933	5.0240934241644864e-18	1.682212892298123e-17	nan	False
33	0.1111111111111111	0.2222222222222222	0.0	0.02	3	4	19	19	14.693258580656169	14.693111674579638	14.693405486732697	7.473763741525351e-06	4.129910100822016e-05	nan	False
33	0.1111111111111111	0.2222222222222222	0.0	0.02	3	4	20	20	14.701951247903384	14.701804341826854	14.702098153979913	3.1643751982911536e-05	5.816222948622699e-10	nan	False
33	0.1111111111111111	0.2222222222222222	0.0	0.02	5	5	19	19	7.064005226859314	7.064005226859314	7.064005226859314	3.568126841822308e-16	5.058504524733838e-16	nan	False
33	0.1111111111111111	0.2222222222222222	0.0	0.02	5	5	20	20	7.072697894106531	7.072697894106531	7.072697894106531	0.029999454824969622	2.224354663821204e-05	0.998518168668349	True
33	0.1111111111111111	0.2222222222222222	0.0	0.02	6	6	19	19	7.060117332391177	7.060117332391177	7.060117332391177	0.03357913004608497	0.0005995024427633421	0.9649194599603161	True
33	0.1111111111111111	0.2222222222222222	0.0	0.02	6	6	20	20	7.068809999638393	7.068809999638393	7.068809999638393	4.1940187847209597e-16	2.3245135746427635e-16	nan	False
33	0.1111111111111111	0.2222222222222222	0.0	0.02	7	7	19	19	5.430916346118408	5.430916346118408	5.430916346118408	3.601286821560218e-16	3.606085632584567e-16	nan	False
33	0.1111111111111111	0.2222222222222222	0.0	0.02	7	7	20	20	5.439609013365624	5.439609013365624	5.439609013365624	0.18699514145958993	0.07270344919285741	0.4400936176803833	True
33	0.1111111111111111	0.2222222222222222	0.0	0.02	8	8	19	19	5.4220865279410395	5.4220865279410395	5.4220865279410395	0.16711112131926856	0.10486634868940482	0.22886003251621814	True
33	0.1111111111111111	0.2222222222222222	0.0	0.02	8	8	20	20	5.430779195188256	5.430779195188256	5.430779195188256	3.8725691685319733e-16	5.18994006288701e-16	nan	False
33	0.1111111111111111	0.2222222222222222	0.0	0.02	9	9	19	19	5.014012140782456	5.014012140782456	5.014012140782456	8.813560098123355e-05	0.001873159795604731	nan	False
33	0.1111111111111111	0.2222222222222222	0.0	0.02	9	9	20	20	5.022704808029673	5.022704808029673	5.022704808029673	3.2126266235789524e-15	1.0844200653643546e-16	nan	False
33	0.1111111111111111	0.2222222222222222	0.0	0.02	10	10	19	19	5.007500122342193	5.007500122342193	5.007500122342193	6.701612048145985e-15	1.2898102165698556e-15	nan	False
33	0.1111111111111111	0.2222222222222222	0.0	0.02	10	10	20	20	5.016192789589409	5.016192789589409	5.016192789589409	0.0005902481054395345	0.00027730977026690484	nan	False
33	0.1111111111111111	0.2222222222222222	0.0	0.02	11	11	19	19	4.371371541229242	4.371371541229242	4.371371541229242	0.00631539383885532	0.0004887703976257812	0.8563319812284372	True
33	0.1111111111111111	0.2222222222222222	0.0	0.02	11	11	20	20	4.380064208476458	4.380064208476458	4.380064208476458	6.14442616711541e-16	3.7335005217650933e-16	nan	False
33	0.1111111111111111	0.2222222222222222	0.0	0.02	12	12	19	19	4.368619885969664	4.368619885969664	4.368619885969664	1.0949739047540742e-15	1.9185847859760604e-15	nan	False
33	0.1111111111111111	0.2222222222222222	0.0	0.02	12	12	20	20	4.37731255321688	4.37731255321688	4.37731255321688	0.0015284680305099824	0.00043839347510965683	nan	False
33	0.1111111111111111	0.2222222222222222	0.0	0.02	13	13	19	19	4.007330014249551	4.007330014249551	4.007330014249551	0.029155815249085386	2.058899873080832e-05	0.9985886541359976	True
33	0.1111111111111111	0.2222222222222222	0.0	0.02	13	13	20	20	4.016022681496768	4.016022681496768	4.016022681496768	4.014736752298967e-16	2.82227923291045e-17	nan	False
33	0.1111111111111111	0.2222222222222222	0.0	0.02	14	14	19	19	3.9752856786480697	3.9752856786480697	3.9752856786480697	2.730373966461029e-16	8.440174888533212e-16	nan	False
33	0.1111111111111111	0.2222222222222222	0.0	0.02	14	14	20	20	3.983978345895286	3.983978345895286	3.983978345895286	0.014370088129248294	9.994946947845847e-05	0.9861853200039711	True
33	0.1111111111111111	0.2222222222222222	0.0	0.02	15	15	19	19	3.0240056723387854	3.0240056723387854	3.0240056723387854	1.205390366873865e-15	1.6635266132948869e-15	nan	False
33	0.1111111111111111	0.2222222222222222	0.0	0.02	15	15	20	20	3.032698339586002	3.032698339586002	3.032698339586002	1.9613210541537245e-05	0.03221378003268166	-0.9987830502117142	True
33	0.1111111111111111	0.2222222222222222	0.0	0.02	16	16	19	19	2.9892197048190443	2.9892197048190443	2.9892197048190443	0.00438179881611262	0.036731542207025736	-0.7868429708183254	True
33	0.1111111111111111	0.2222222222222222	0.0	0.02	16	16	20	20	2.9979123720662604	2.9979123720662604	2.9979123720662604	8.541550645118757e-17	4.676254147847966e-15	nan	False
33	0.1111111111111111	0.2222222222222222	0.0	0.02	17	17	19	19	2.5579306541946307	2.5579306541946307	2.5579306541946307	4.655910019104779e-16	4.227162298700172e-15	nan	False
33	0.1111111111111111	0.2222222222222222	0.0	0.02	17	17	20	20	2.566623321441847	2.566623321441847	2.566623321441847	0.036797837536941096	2.1480982830004116	-0.966316167445168	True
33	0.1111111111111111	0.2222222222222222	0.0	0.02	18	18	19	19	2.5398358044343867	2.5398358044343867	2.5398358044343867	0.00046136821361564257	2.200781148082131	-0.9995808111008213	True
33	0.1111111111111111	0.2222222222222222	0.0	0.02	18	18	20	20	2.5485284716816032	2.5485284716816032	2.5485284716816032	2.0385395718204826e-15	1.050221454266612e-14	nan	False
34	0.0833333333333333	0.1666666666666666	0.0	0.02	1	2	19	19	16.000688773477044	16.000238030146573	16.001139516807516	0.004061694172885736	0.010797316220265123	-0.4533021963888064	True
34	0.0833333333333333	0.1666666666666666	0.0	0.02	1	2	20	20	16.012497583600826	16.012046840270354	16.012948326931298	0.0022644277000007018	0.013247826667250238	-0.7080466002696162	True
34	0.0833333333333333	0.1666666666666666	0.0	0.02	3	4	19	19	15.027062166885646	15.026999978303317	15.027124355467974	0.00012056584520089967	6.151921747731395e-07	nan	False
34	0.0833333333333333	0.1666666666666666	0.0	0.02	3	4	20	20	15.038870977009427	15.0388087884271	15.038933165591756	1.056792150619329e-05	4.2669826163976804e-05	nan	False
34	0.0833333333333333	0.1666666666666666	0.0	0.02	5	6	19	19	7.492390785288021	7.491686502261408	7.493095068314633	0.028107025825229986	3.9676340646467845e-05	0.9971807467594147	True
34	0.0833333333333333	0.1666666666666666	0.0	0.02	5	6	20	20	7.504199595411802	7.50349531238519	7.504903878438415	0.029668514680059	0.0003404363392248593	0.9773110137034717	True
34	0.0833333333333333	0.1666666666666666	0.0	0.02	7	7	19	19	5.3243929805082315	5.3243929805082315	5.3243929805082315	0.1762048026855686	0.05671149546361777	0.5130311110535235	True
34	0.0833333333333333	0.1666666666666666	0.0	0.02	7	7	20	20	5.336201790632013	5.336201790632013	5.336201790632013	1.0883774960767533e-15	1.5487104775341506e-15	nan	False
34	0.0833333333333333	0.1666666666666666	0.0	0.02	8	8	19	19	5.314596693968597	5.314596693968597	5.314596693968597	2.9601635230952977e-16	4.871841001155781e-16	nan	False
34	0.0833333333333333	0.1666666666666666	0.0	0.02	8	8	20	20	5.326405504092379	5.326405504092379	5.326405504092379	0.16124836727316477	0.07547404601124036	0.3623413603800696	True
34	0.0833333333333333	0.1666666666666666	0.0	0.02	9	10	19	19	4.936792859996514	4.936735369403625	4.936850350589403	0.003727999640907424	0.0024957346362580192	0.19799447562703967	True
34	0.0833333333333333	0.1666666666666666	0.0	0.02	9	10	20	20	4.948601670120295	4.948544179527406	4.948659160713184	0.0001265145968230886	0.0012970081667442897	nan	False
34	0.0833333333333333	0.1666666666666666	0.0	0.02	11	11	19	19	4.411684031099066	4.411684031099066	4.411684031099066	1.3590086588676845e-15	1.4634838879084084e-15	nan	False
34	0.0833333333333333	0.1666666666666666	0.0	0.02	11	11	20	20	4.423492841222847	4.423492841222847	4.423492841222847	0.0007238322340666418	0.008332907695404906	-0.840156118050554	True
34	0.0833333333333333	0.1666666666666666	0.0	0.02	12	12	19	19	4.389529160311355	4.389529160311355	4.389529160311355	8.189285993122746e-05	0.0056862080454955135	-0.9716049142433755	True
34	0.0833333333333333	0.1666666666666666	0.0	0.02	12	12	20	20	4.4013379704351365	4.4013379704351365	4.4013379704351365	3.7327916491509517e-16	7.376638091666474e-15	nan	False
34	0.0833333333333333	0.1666666666666666	0.0	0.02	13	13	19	19	4.182762142117275	4.182762142117275	4.182762142117275	2.732102106337249e-16	1.963265870961051e-15	nan	False
34	0.0833333333333333	0.1666666666666666	0.0	0.02	13	13	20	20	4.194570952241056	4.194570952241056	4.194570952241056	0.009771956258254671	0.0014880651431530088	0.7356905302210213	True
34	0.0833333333333333	0.1666666666666666	0.0	0.02	14	14	19	19	4.172983305994518	4.172983305994518	4.172983305994518	0.017058152818721386	0.0002828744579315423	0.9673751210446004	True
34	0.0833333333333333	0.1666666666666666	0.0	0.02	14	14	20	20	4.1847921161183	4.1847921161183	4.1847921161183	3.0938752377322637e-16	1.3121234919804425e-15	nan	False
34	0.0833333333333333	0.1666666666666666	0.0	0.02	15	15	19	19	3.2766143459657284	3.2766143459657284	3.2766143459657284	0.0012191871626610336	0.07609244548778829	-0.9684604471315883	True
34	0.0833333333333333	0.1666666666666666	0.0	0.02	15	15	20	20	3.28842315608951	3.28842315608951	3.28842315608951	1.939661104297052e-15	7.520036868101749e-17	nan	False
34	0.0833333333333333	0.1666666666666666	0.0	0.02	16	16	19	19	3.2479965119663534	3.2479965119663534	3.2479965119663534	1.7439702980857363e-15	8.336924991640952e-16	nan	False
34	0.0833333333333333	0.1666666666666666	0.0	0.02	16	16	20	20	3.259805322090135	3.259805322090135	3.259805322090135	0.005281143919159603	0.032479846489584935	-0.720285730750504	True
34	0.0833333333333333	0.1666666666666666	0.0	0.02	17	17	19	19	2.6092418297231443	2.6092418297231443	2.6092418297231443	0.2750835744863628	1.6945554331850616	-0.7206761508936848	True
34	0.0833333333333333	0.1666666666666666	0.0	0.02	17	17	20	20	2.621050639846926	2.621050639846926	2.621050639846926	1.9585605741860084e-14	3.599419188103278e-14	nan	False
34	0.0833333333333333	0.1666666666666666	0.0	0.02	18	18	19	19	2.6041369121545603	2.6041369121545603	2.6041369121545603	3.092724245714298e-15	1.3140915713013861e-14	nan	False
34	0.0833333333333333	0.1666666666666666	0.0	0.02	18	18	20	20	2.615945722278342	2.615945722278342	2.615945722278342	0.12434749625406537	1.791479713236271	-0.8701892366513102	True
35	0.0555555555555555	0.111111111111111	0.0	0.02	1	2	19	19	16.42470965303471	16.424576497672717	16.4248428083967	0.004904959333636131	0.005927276008997699	-0.09437725852741619	True
35	0.0555555555555555	0.111111111111111	0.0	0.02	1	2	20	20	16.446159883753378	16.446026728391384	16.446293039115368	0.00030228234000447544	0.0003518685181886352	nan	False
35	0.0555555555555555	0.111111111111111	0.0	0.02	3	4	19	19	15.37390012152924	15.373881684271629	15.373918558786853	0.0008977584018789179	2.8354398164788653e-05	nan	False
35	0.0555555555555555	0.111111111111111	0.0	0.02	3	4	20	20	15.395350352247906	15.395331914990294	15.395368789505518	0.0033209949261004514	0.0003367530406194603	0.8158686472204131	True
35	0.0555555555555555	0.111111111111111	0.0	0.02	5	6	19	19	7.934709454757856	7.934519776184777	7.934899133330935	0.01768119992410388	5.8930878483581886e-05	0.9933562069931313	True
35	0.0555555555555555	0.111111111111111	0.0	0.02	5	6	20	20	7.956159685476522	7.955970006903443	7.9563493640496015	0.0013084010709661865	1.5317272602255169e-06	nan	False
35	0.0555555555555555	0.111111111111111	0.0	0.02	7	7	19	19	5.278685060368035	5.278685060368035	5.278685060368035	0.10869187906684903	0.03321906753363402	0.5318322042181214	True
35	0.0555555555555555	0.111111111111111	0.0	0.02	7	7	20	20	5.3001352910867015	5.3001352910867015	5.3001352910867015	6.931368563521644e-16	1.8118251855125543e-16	nan	False
35	0.0555555555555555	0.111111111111111	0.0	0.02	8	8	19	19	5.271059546962295	5.271059546962295	5.271059546962295	5.436506350651633e-16	5.426229331827475e-16	nan	False
35	0.0555555555555555	0.111111111111111	0.0	0.02	8	8	20	20	5.292509777680961	5.292509777680961	5.292509777680961	0.014959965077822063	0.0011765885809543156	0.8541710199297246	True
35	0.0555555555555555	0.111111111111111	0.0	0.02	9	9	19	19	4.8950454246482185	4.8950454246482185	4.8950454246482185	0.04712419804720827	0.018750368782888296	0.4307250981627196	True
35	0.0555555555555555	0.111111111111111	0.0	0.02	9	9	20	20	4.916495655366885	4.916495655366885	4.916495655366885	1.0101980991425408e-14	1.223538843550296e-14	nan	False
35	0.0555555555555555	0.111111111111111	0.0	0.02	10	10	19	19	4.881945088853852	4.881945088853852	4.881945088853852	3.6316945004014604e-15	1.756716216412846e-15	nan	False
35	0.0555555555555555	0.111111111111111	0.0	0.02	10	10	20	20	4.903395319572518	4.903395319572518	4.903395319572518	0.18414487376237557	0.019413262708084744	0.8092607542523663	True
35	0.0555555555555555	0.111111111111111	0.0	0.02	11	11	19	19	4.830121464259742	4.830121464259742	4.830121464259742	4.652599464541526e-16	8.716026210212125e-16	nan	False
35	0.0555555555555555	0.111111111111111	0.0	0.02	11	11	20	20	4.851571694978408	4.851571694978408	4.851571694978408	0.007254808747886231	0.005856289788830782	0.10666680256722676	True
35	0.0555555555555555	0.111111111111111	0.0	0.02	12	12	19	19	4.806281064914856	4.806281064914856	4.806281064914856	0.007946391390280154	0.0037281894213116186	0.36131506878433295	True
35	0.0555555555555555	0.111111111111111	0.0	0.02	12	12	20	20	4.827731295633522	4.827731295633522	4.827731295633522	1.3243598566541604e-15	4.625655932754836e-16	nan	False
35	0.0555555555555555	0.111111111111111	0.0	0.02	13	13	19	19	4.139974687017196	4.139974687017196	4.139974687017196	1.3138715749417605e-15	2.6872593350716072e-15	nan	False
35	0.0555555555555555	0.111111111111111	0.0	0.02	13	13	20	20	4.161424917735862	4.161424917735862	4.161424917735862	1.1636959902770845	0.2650192923761989	0.6290103485363038	True
35	0.0555555555555555	0.111111111111111	0.0	0.02	14	14	19	19	4.127346813469785	4.127346813469785	4.127346813469785	0.22855500351566602	0.04488919340292166	0.6716756551517786	True
35	0.0555555555555555	0.111111111111111	0.0	0.02	14	14	20	20	4.148797044188451	4.148797044188451	4.148797044188451	3.038376670583308e-16	1.1515249417046544e-15	nan	False
35	0.0555555555555555	0.111111111111111	0.0	0.02	15	15	19	19	3.636859757898822	3.636859757898822	3.636859757898822	0.018555617808414856	0.47455131453798366	-0.9247399840025778	True
35	0.0555555555555555	0.111111111111111	0.0	0.02	15	15	20	20	3.6583099886174884	3.6583099886174884	3.6583099886174884	1.708698750001725e-15	1.376742342064189e-15	nan	False
35	0.0555555555555555	0.111111111111111	0.0	0.02	16	16	19	19	3.6175019183287276	3.6175019183287276	3.6175019183287276	1.4422290772429159e-15	1.7979749943537306e-15	nan	False
35	0.0555555555555555	0.111111111111111	0.0	0.02	16	16	20	20	3.6389521490473937	3.6389521490473937	3.6389521490473937	0.3736221261628493	1.5777052626366324	-0.6170584922782093	True
35	0.0555555555555555	0.111111111111111	0.0	0.02	17	18	19	19	2.772808872942318	2.7723900476800205	2.7732276982046145	0.4085199818576978	0.7637826733079798	-0.3030469050674239	True
35	0.0555555555555555	0.111111111111111	0.0	0.02	17	18	20	20	2.794259103660984	2.7938402783986866	2.7946779289232806	0.019396139725288305	0.00969979676841495	0.3332541971615786	True
36	0.0277777777777778	0.0555555555555556	0.0	0.02	1	2	19	19	16.675860502484433	16.6758438951027	16.675877109866164	2.681410403194728e-06	5.083238448566066e-05	nan	False
36	0.0277777777777778	0.0555555555555556	0.0	0.02	1	2	20	20	16.687008216703067	16.686991609321336	16.687024824084798	0.0006656250297090986	8.449404425950834e-05	nan	False
36	0.0277777777777778	0.0555555555555556	0.0	0.02	3	4	19	19	15.577369783667066	15.577367480086604	15.577372087247527	0.0019304123871125131	0.001477713447529248	0.13282929138995528	True
36	0.0277777777777778	0.0555555555555556	0.0	0.02	3	4	20	20	15.588517497885702	15.58851519430524	15.588519801466163	0.0030773177602996748	8.123722448685998e-05	0.94856051271664	True
36	0.0277777777777778	0.0555555555555556	0.0	0.02	5	6	19	19	8.204417689906057	8.20439513313836	8.204440246673753	3.253764694776511e-08	5.431262192819334e-05	nan	False
36	0.0277777777777778	0.0555555555555556	0.0	0.02	5	6	20	20	8.215565404124693	8.215542847356996	8.215587960892389	0.0009648339010959594	1.9193517298505036e-06	nan	False
36	0.0277777777777778	0.0555555555555556	0.0	0.02	7	7	19	19	5.214615453270591	5.214615453270591	5.214615453270591	1.1707235469974918e-16	1.8187947411954882e-16	nan	False
36	0.0277777777777778	0.0555555555555556	0.0	0.02	7	7	20	20	5.225763167489225	5.225763167489225	5.225763167489225	0.0035216388955670586	0.0030092296403277227	0.0784595880965979	True
36	0.0277777777777778	0.0555555555555556	0.0	0.02	8	8	19	19	5.2110525934886285	5.2110525934886285	5.2110525934886285	0.0014512722377222483	3.465401547467217e-05	nan	False
36	0.0277777777777778	0.0555555555555556	0.0	0.02	8	8	20	20	5.222200307707262	5.222200307707262	5.222200307707262	4.383179870077769e-16	2.985011569251802e-16	nan	False
36	0.0277777777777778	0.0555555555555556	0.0	0.02	9	9	19	19	5.0794644213686455	5.0794644213686455	5.0794644213686455	1.3116271944375196e-05	0.00024798153087298883	nan	False
36	0.0277777777777778	0.0555555555555556	0.0	0.02	9	9	20	20	5.090612135587279	5.090612135587279	5.090612135587279	7.079957745645725e-17	5.233986471124266e-16	nan	False
36	0.0277777777777778	0.0555555555555556	0.0	0.02	10	10	19	19	5.076192371706174	5.076192371706174	5.076192371706174	2.8432333702211166e-16	2.581919553585839e-16	nan	False
36	0.0277777777777778	0.0555555555555556	0.0	0.02	10	10	20	20	5.087340085924808	5.087340085924808	5.087340085924808	0.001636515869483418	0.0029748734369864915	-0.29022870951826163	True
36	0.0277777777777778	0.0555555555555556	0.0	0.02	11	12	19	19	4.731656895556003	4.731441676954975	4.731872114157031	0.2011887905040755	0.012136462706371566	0.886216352506575	True
36	0.0277777777777778	0.0555555555555556	0.0	0.02	11	12	20	20	4.742804609774637	4.742589391173609	4.743019828375664	0.24215004704632317	0.018494662464405107	0.8580852648103042	True
36	0.0277777777777778	0.0555555555555556	0.0	0.02	13	13	19	19	4.11375921062569	4.11375921062569	4.11375921062569	0.8752239835967127	0.3369701263433941	0.44403272779465425	True
36	0.0277777777777778	0.0555555555555556	0.0	0.02	13	13	20	20	4.124906924844324	4.124906924844324	4.124906924844324	1.3854218251836932e-15	1.3791955445966124e-15	nan	False
36	0.0277777777777778	0.0555555555555556	0.0	0.02	14	14	19	19	4.105861706006995	4.105861706006995	4.105861706006995	8.71153855386321e-16	5.504420333994117e-17	nan	False
36	0.0277777777777778	0.0555555555555556	0.0	0.02	14	14	20	20	4.117009420225629	4.117009420225629	4.117009420225629	0.48849269682797924	0.34014994429897516	0.17901897050248086	True
36	0.0277777777777778	0.0555555555555556	0.0	0.02	15	15	19	19	3.9331731785483637	3.9331731785483637	3.9331731785483637	3.2916890792267077e-16	2.229612126511921e-16	nan	False
36	0.0277777777777778	0.0555555555555556	0.0	0.02	15	15	20	20	3.9443208927669975	3.9443208927669975	3.9443208927669975	0.00041280785103481316	1.7316515949880789	-0.9995233342936231	True
36	0.0277777777777778	0.0555555555555556	0.0	0.02	16	16	19	19	3.924528392441432	3.924528392441432	3.924528392441432	0.9183339961346992	0.6653352002716563	0.1597548253367212	True
36	0.0277777777777778	0.0555555555555556	0.0	0.02	16	16	20	20	3.9356761066600656	3.9356761066600656	3.9356761066600656	7.071696057702106e-16	5.052988402603625e-15	nan	False
36	0.0277777777777778	0.0555555555555556	0.0	0.02	17	18	19	19	2.882580377158141	2.8825562455242335	2.882604508792049	4.0277474081036995e-05	0.020820049807158517	-0.9961383660440208	True
36	0.0277777777777778	0.0555555555555556	0.0	0.02	17	18	20	20	2.893728091376775	2.8937039597428673	2.893752223010683	0.08029681203390908	0.0071099766159589285	0.8373129427179873	True
37	0.0	0.0	0.0	0.02	1	2	19	20	16.746543680954233	16.746543680634883	16.74654368127358	1.821527616765116e-12	1.82967182844719e-12	nan	False
37	0.0	0.0	0.0	0.02	3	4	19	20	15.63193038779047	15.631930387542088	15.631930388038853	0.0031229614074384003	0.0031229613136362433	1.5018142427145727e-08	True
37	0.0	0.0	0.0	0.02	5	6	19	20	8.282431213558915	8.282431213026667	8.282431214091163	1.8480536730805388e-12	2.0415528405332272e-12	nan	False
37	0.0	0.0	0.0	0.02	7	8	19	20	5.1951677588329375	5.195167757874889	5.195167759790986	0.0020694825797539455	0.002069483567699134	nan	False
37	0.0	0.0	0.0	0.02	9	10	19	20	5.125318036826876	5.125318035868827	5.125318037784924	0.0005928761022964611	0.0005928751855414336	nan	False
37	0.0	0.0	0.0	0.02	11	12	19	20	4.611111664929367	4.611111664680983	4.6111116651777495	0.22075639086881854	0.22075632371183931	1.5210655777249983e-07	True
37	0.0	0.0	0.0	0.02	13	14	19	20	4.124033263462549	4.1240332629303	4.124033263994798	1.9061161922107267e-08	1.9071879599065198e-08	nan	False
37	0.0	0.0	0.0	0.02	15	16	19	20	4.037452095945485	4.037452095413236	4.037452096477734	2.569349055442559	2.5693486448248675	7.990695607233325e-08	True
37	0.0	0.0	0.0	0.02	17	18	19	20	2.9089645761756366	2.908964575572421	2.908964576778853	3.5367343235952867e-10	3.617137964999408e-10	nan	False
38	-0.0277777777777778	-0.0555555555555556	0.0	0.02	1	2	19	19	16.675860506192265	16.675843898690992	16.675877113693538	5.083240602971004e-05	2.6814011989667244e-06	nan	False
38	-0.0277777777777778	-0.0555555555555556	0.0	0.02	1	2	20	20	16.68700821084079	16.686991603339518	16.687024818342064	8.449415782478726e-05	0.0006656252266457507	nan	False
38	-0.0277777777777778	-0.0555555555555556	0.0	0.02	3	4	19	19	15.577369787452467	15.577367483854317	15.577372091050616	0.0014777135861305994	0.001930412049000693	-0.13282915929026606	True
38	-0.0277777777777778	-0.0555555555555556	0.0	0.02	3	4	20	20	15.58851749210099	15.588515188502841	15.58851979569914	8.123721045199997e-05	0.003077317216146436	-0.9485605125130059	True
38	-0.0277777777777778	-0.0555555555555556	0.0	0.02	5	6	19	19	8.204417693659323	8.204395136201715	8.204440251116932	5.431174354021405e-05	3.253474868182199e-08	nan	False
38	-0.0277777777777778	-0.0555555555555556	0.0	0.02	5	6	20	20	8.215565398307847	8.215542840850238	8.215587955765455	1.9193414711315673e-06	0.00096483497820936	nan	False
38	-0.0277777777777778	-0.0555555555555556	0.0	0.02	7	7	19	19	5.21461545393419	5.21461545393419	5.21461545393419	2.0333918587504471e-16	2.720118555982294e-15	nan	False
38	-0.0277777777777778	-0.0555555555555556	0.0	0.02	7	7	20	20	5.225763158582714	5.225763158582714	5.225763158582714	0.0030092309574754643	0.003521640952609255	-0.07845966085210566	True
38	-0.0277777777777778	-0.0555555555555556	0.0	0.02	8	8	19	19	5.211052600925715	5.211052600925715	5.211052600925715	3.465395812375572e-05	0.0014512735973566944	nan	False
38	-0.0277777777777778	-0.0555555555555556	0.0	0.02	8	8	20	20	5.222200305574239	5.222200305574239	5.222200305574239	6.559546158228181e-16	6.754591780700069e-17	nan	False
38	-0.0277777777777778	-0.0555555555555556	0.0	0.02	9	9	19	19	5.079464418542138	5.079464418542138	5.079464418542138	0.0002479820221766321	1.3116055497713927e-05	nan	False
38	-0.0277777777777778	-0.0555555555555556	0.0	0.02	9	9	20	20	5.090612123190661	5.090612123190661	5.090612123190661	2.875557943422954e-15	1.161107484080652e-15	nan	False
38	-0.0277777777777778	-0.0555555555555556	0.0	0.02	10	10	19	19	5.0761923807773215	5.0761923807773215	5.0761923807773215	1.4479891648589413e-15	1.4896394589832545e-15	nan	False
38	-0.0277777777777778	-0.0555555555555556	0.0	0.02	10	10	20	20	5.087340085425845	5.087340085425845	5.087340085425845	0.0029748780289642522	0.001636512986495132	0.2902302229375778	True
38	-0.0277777777777778	-0.0555555555555556	0.0	0.02	11	12	19	19	4.7316568998585895	4.731441681824405	4.731872117892774	0.012136471742258443	0.20118874963165856	-0.88621625081091	True
38	-0.0277777777777778	-0.0555555555555556	0.0	0.02	11	12	20	20	4.742804604507114	4.742589386472929	4.743019822541298	0.018494681550952997	0.24215001596205127	-0.8580851118213886	True
38	-0.0277777777777778	-0.0555555555555556	0.0	0.02	13	13	19	19	4.113759214992413	4.113759214992413	4.113759214992413	0.3369701043638838	0.8752238960502472	-0.4440327138250773	True
38	-0.0277777777777778	-0.0555555555555556	0.0	0.02	13	13	20	20	4.124906919640937	4.124906919640937	4.124906919640937	1.1591214803115876e-15	1.985960685667615e-15	nan	False
38	-0.0277777777777778	-0.0555555555555556	0.0	0.02	14	14	19	19	4.105861710575509	4.105861710575509	4.105861710575509	7.934991747010034e-16	1.6409710475452492e-15	nan	False
38	-0.0277777777777778	-0.0555555555555556	0.0	0.02	14	14	20	20	4.117009415224032	4.117009415224032	4.117009415224032	0.340149880718898	0.48849275720244467	-0.1790191207824715	True
38	-0.0277777777777778	-0.0555555555555556	0.0	0.02	15	15	19	19	3.933173182158052	3.933173182158052	3.933173182158052	3.2957296722118264e-15	6.149923146732772e-16	nan	False
38	-0.0277777777777778	-0.0555555555555556	0.0	0.02	15	15	20	20	3.9443208868065764	3.9443208868065764	3.9443208868065764	1.7316515168725233	0.00041281056478448274	0.9995233311393287	True
38	-0.0277777777777778	-0.0555555555555556	0.0	0.02	16	16	19	19	3.9245283946746627	3.9245283946746627	3.9245283946746627	0.6653352580865302	0.918334004075742	-0.1597547872109221	True
38	-0.0277777777777778	-0.0555555555555556	0.0	0.02	16	16	20	20	3.9356760993231874	3.9356760993231874	3.9356760993231874	3.2545526869200775e-15	4.777476175357291e-15	nan	False
38	-0.0277777777777778	-0.0555555555555556	0.0	0.02	17	18	19	19	2.8825803806487897	2.882556248176147	2.8826045131214326	0.020819990581945738	4.027800950578644e-05	0.9961383038450146	True
38	-0.0277777777777778	-0.0555555555555556	0.0	0.02	17	18	20	20	2.8937280852973144	2.8937039528246715	2.8937522177699573	0.007110002289189216	0.08029684787694366	-0.8373124697738142	True
39	-0.0555555555555556	-0.1111111111111111	0.0	0.02	1	2	19	19	16.424709652391353	16.424576496867076	16.42484280791563	0.005927275818984336	0.004904959137587182	0.09437726244822198	True
39	-0.0555555555555556	-0.1111111111111111	0.0	0.02	1	2	20	20	16.44615988292144	16.44602672739716	16.446293038445717	0.0003518738559653053	0.00030228505459327837	nan	False
39	-0.0555555555555556	-0.1111111111111111	0.0	0.02	3	4	19	19	15.37390012093975	15.373881683640827	15.373918558238673	2.835436694730452e-05	0.0008977589471750382	nan	False
39	-0.0555555555555556	-0.1111111111111111	0.0	0.02	3	4	20	20	15.395350351469832	15.395331914170908	15.395368788768755	0.00033675348890809735	0.00332099290496622	-0.8158683229257974	True
39	-0.0555555555555556	-0.1111111111111111	0.0	0.02	5	6	19	19	7.934709454062298	7.93451977450134	7.9348991336232535	5.893049210874001e-05	0.017681188456014917	-0.9933562461129976	True
39	-0.0555555555555556	-0.1111111111111111	0.0	0.02	5	6	20	20	7.9561596845923805	7.955970005031423	7.956349364153336	1.5319156754021027e-06	0.0013084200308194319	nan	False
39	-0.0555555555555556	-0.1111111111111111	0.0	0.02	7	7	19	19	5.278685056173151	5.278685056173151	5.278685056173151	0.033219067563797666	0.10869185227685436	-0.5318321155116398	True
39	-0.0555555555555556	-0.1111111111111111	0.0	0.02	7	7	20	20	5.300135286703234	5.300135286703234	5.300135286703234	4.427185452309755e-17	3.823064603240193e-16	nan	False
39	-0.0555555555555556	-0.1111111111111111	0.0	0.02	8	8	19	19	5.271059550118567	5.271059550118567	5.271059550118567	1.2234557567492552e-16	5.852544982440248e-16	nan	False
39	-0.0555555555555556	-0.1111111111111111	0.0	0.02	8	8	20	20	5.29250978064865	5.29250978064865	5.29250978064865	0.001176609198191125	0.014960086872927658	-0.8541697516015062	True
39	-0.0555555555555556	-0.1111111111111111	0.0	0.02	9	9	19	19	4.895045420759174	4.895045420759174	4.895045420759174	0.018750386429660645	0.047124236817073215	-0.4307250499352097	True
39	-0.0555555555555556	-0.1111111111111111	0.0	0.02	9	9	20	20	4.916495651289257	4.916495651289257	4.916495651289257	1.96479738533682e-15	1.0914189715829629e-15	nan	False
39	-0.0555555555555556	-0.1111111111111111	0.0	0.02	10	10	19	19	4.881945088967811	4.881945088967811	4.881945088967811	2.703074608677874e-15	7.133786281016985e-15	nan	False
39	-0.0555555555555556	-0.1111111111111111	0.0	0.02	10	10	20	20	4.903395319497894	4.903395319497894	4.903395319497894	0.019413181163085127	0.1841447532570896	-0.8092613661227928	True
39	-0.0555555555555556	-0.1111111111111111	0.0	0.02	11	11	19	19	4.8301214560453065	4.8301214560453065	4.8301214560453065	3.1777926380868464e-16	3.4847933297914426e-17	nan	False
39	-0.0555555555555556	-0.1111111111111111	0.0	0.02	11	11	20	20	4.851571686575389	4.851571686575389	4.851571686575389	0.005856320242976804	0.007254796648084761	-0.10666340760498906	True
39	-0.0555555555555556	-0.1111111111111111	0.0	0.02	12	12	19	19	4.8062810749141	4.8062810749141	4.8062810749141	0.003728180866017409	0.007946394700746805	-0.3613162474820948	True
39	-0.0555555555555556	-0.1111111111111111	0.0	0.02	12	12	20	20	4.827731305444183	4.827731305444183	4.827731305444183	3.881328632335398e-15	1.2855001323291002e-15	nan	False
39	-0.0555555555555556	-0.1111111111111111	0.0	0.02	13	13	19	19	4.139974686925721	4.139974686925721	4.139974686925721	2.059321745953159e-15	2.9643697435592707e-15	nan	False
39	-0.0555555555555556	-0.1111111111111111	0.0	0.02	13	13	20	20	4.161424917455804	4.161424917455804	4.161424917455804	0.265018970834856	1.1636954078917408	-0.629010563929418	True
39	-0.0555555555555556	-0.1111111111111111	0.0	0.02	14	14	19	19	4.127346813280155	4.127346813280155	4.127346813280155	0.04488922968686817	0.22855514590695541	-0.6716756043024489	True
39	-0.0555555555555556	-0.1111111111111111	0.0	0.02	14	14	20	20	4.148797043810238	4.148797043810238	4.148797043810238	8.642076695243424e-15	6.736791591853561e-16	nan	False
39	-0.0555555555555556	-0.1111111111111111	0.0	0.02	15	15	19	19	3.6368597575424877	3.6368597575424877	3.6368597575424877	0.47455140755422415	0.01855562971377455	0.9247399517290208	True
39	-0.0555555555555556	-0.1111111111111111	0.0	0.02	15	15	20	20	3.6583099880725705	3.6583099880725705	3.6583099880725705	7.360865011483202e-17	2.2442104789228265e-16	nan	False
39	-0.0555555555555556	-0.1111111111111111	0.0	0.02	16	16	19	19	3.6175019165897346	3.6175019165897346	3.6175019165897346	4.120332811338989e-15	6.247599082770158e-15	nan	False
39	-0.0555555555555556	-0.1111111111111111	0.0	0.02	16	16	20	20	3.6389521471198174	3.6389521471198174	3.6389521471198174	1.5777043498507763	0.3736217723986214	0.6170586063103306	True
39	-0.0555555555555556	-0.1111111111111111	0.0	0.02	17	18	19	19	2.772808871817883	2.772390045285107	2.7732276983506594	0.7637825031944108	0.4085198989859864	0.30304689604632884	True
39	-0.0555555555555556	-0.1111111111111111	0.0	0.02	17	18	20	20	2.794259102347966	2.7938402758151897	2.794677928880742	0.009700136253889956	0.019396363959351078	-0.3332437796435954	True
40	-0.0833333333333333	-0.1666666666666667	0.0	0.02	1	2	19	19	16.000688779885632	16.000238036379702	16.00113952339156	0.010797312316996282	0.004061692431031941	0.4533022231423779	True
40	-0.0833333333333333	-0.1666666666666667	0.0	0.02	1	2	20	20	16.012497574262945	16.012046830757015	16.012948317768874	0.013247828550800337	0.0022644288532524177	0.7080465087356261	True
40	-0.0833333333333333	-0.1666666666666667	0.0	0.02	3	4	19	19	15.027062173320823	15.026999984688883	15.027124361952763	6.151936602442669e-07	0.00012056586918580113	nan	False
40	-0.0833333333333333	-0.1666666666666667	0.0	0.02	3	4	20	20	15.038870967698138	15.038808779066198	15.038933156330078	4.266981959478495e-05	1.0567945606360992e-05	nan	False
40	-0.0833333333333333	-0.1666666666666667	0.0	0.02	5	6	19	19	7.492390791606865	7.491686507099341	7.493095076114389	3.967613029726119e-05	0.028107036232621337	-0.997180762727406	True
40	-0.0833333333333333	-0.1666666666666667	0.0	0.02	5	6	20	20	7.504199585984178	7.503495301476654	7.504903870491702	0.00034043739933716253	0.02966850053930581	-0.9773109331604317	True
40	-0.0833333333333333	-0.1666666666666667	0.0	0.02	7	7	19	19	5.324392983922807	5.324392983922807	5.324392983922807	0.05671149312300416	0.17620482477010171	-0.513031172431369	True
40	-0.0833333333333333	-0.1666666666666667	0.0	0.02	7	7	20	20	5.33620177830012	5.33620177830012	5.33620177830012	2.1790392049896057e-15	9.92111699917892e-16	nan	False
40	-0.0833333333333333	-0.1666666666666667	0.0	0.02	8	8	19	19	5.3145967034932715	5.3145967034932715	5.3145967034932715	2.267866228783272e-15	3.846835341837797e-17	nan	False
40	-0.0833333333333333	-0.1666666666666667	0.0	0.02	8	8	20	20	5.326405497870585	5.326405497870585	5.326405497870585	0.0754740656374815	0.16124837334948403	-0.36234126379850895	True
40	-0.0833333333333333	-0.1666666666666667	0.0	0.02	9	10	19	19	4.936792866346065	4.936735375578812	4.936850357113317	0.0024957355793755946	0.0037279961389414602	-0.19799384281607152	True
40	-0.0833333333333333	-0.1666666666666667	0.0	0.02	9	10	20	20	4.948601660723378	4.948544169956126	4.948659151490631	0.0012970070876346875	0.00012651587545704112	nan	False
40	-0.0833333333333333	-0.1666666666666667	0.0	0.02	11	11	19	19	4.411684031719045	4.411684031719045	4.411684031719045	5.526803282145636e-15	2.890933032248779e-16	nan	False
40	-0.0833333333333333	-0.1666666666666667	0.0	0.02	11	11	20	20	4.423492826096359	4.423492826096359	4.423492826096359	0.00833290003509812	0.0007238316341367756	0.8401561047467968	True
40	-0.0833333333333333	-0.1666666666666667	0.0	0.02	12	12	19	19	4.38952917365466	4.38952917365466	4.38952917365466	0.005686209413269319	8.189226795836387e-05	0.9716051233199017	True
40	-0.0833333333333333	-0.1666666666666667	0.0	0.02	12	12	20	20	4.4013379680319735	4.4013379680319735	4.4013379680319735	8.19795666846073e-15	5.761709546230903e-16	nan	False
40	-0.0833333333333333	-0.1666666666666667	0.0	0.02	13	13	19	19	4.18276214899224	4.18276214899224	4.18276214899224	2.917021661302837e-15	7.249249571003838e-17	nan	False
40	-0.0833333333333333	-0.1666666666666667	0.0	0.02	13	13	20	20	4.194570943369554	4.194570943369554	4.194570943369554	0.0014880649115942136	0.009771962199395667	-0.7356907053728405	True
40	-0.0833333333333333	-0.1666666666666667	0.0	0.02	14	14	19	19	4.172983312488337	4.172983312488337	4.172983312488337	0.0002828744103649149	0.017058163549621072	-0.967375146629903	True
40	-0.0833333333333333	-0.1666666666666667	0.0	0.02	14	14	20	20	4.18479210686565	4.18479210686565	4.18479210686565	1.2871840636490445e-15	2.5558519223433085e-15	nan	False
40	-0.0833333333333333	-0.1666666666666667	0.0	0.02	15	15	19	19	3.276614352911518	3.276614352911518	3.276614352911518	0.07609249231579615	0.001219190295742578	0.9684603864627152	True
40	-0.0833333333333333	-0.1666666666666667	0.0	0.02	15	15	20	20	3.2884231472888317	3.2884231472888317	3.2884231472888317	1.7310898839593344e-15	2.2669919063409127e-15	nan	False
40	-0.0833333333333333	-0.1666666666666667	0.0	0.02	16	16	19	19	3.247996517239705	3.247996517239705	3.247996517239705	1.270465631727354e-15	2.5925484163919117e-15	nan	False
40	-0.0833333333333333	-0.1666666666666667	0.0	0.02	16	16	20	20	3.2598053116170185	3.2598053116170185	3.2598053116170185	0.03247985813078325	0.005281140637388345	0.7202859664909196	True
40	-0.0833333333333333	-0.1666666666666667	0.0	0.02	17	17	19	19	2.6092418373602175	2.6092418373602175	2.6092418373602175	1.6945555589679644	0.2750836612099352	0.7206760929698695	True
40	-0.0833333333333333	-0.1666666666666667	0.0	0.02	17	17	20	20	2.621050631737532	2.621050631737532	2.621050631737532	3.3452411677721505e-14	2.568706363839702e-14	nan	False
40	-0.0833333333333333	-0.1666666666666667	0.0	0.02	18	18	19	19	2.6041369158657393	2.6041369158657393	2.6041369158657393	1.1570715974416886e-14	2.8788860026627955e-14	nan	False
40	-0.0833333333333333	-0.1666666666666667	0.0	0.02	18	18	20	20	2.615945710243053	2.615945710243053	2.615945710243053	1.7914799182037489	0.12434743672421476	0.8701893086510498	True
41	-0.1111111111111111	-0.2222222222222222	0.0	0.02	1	1	19	19	15.564810895455123	15.564810895455123	15.564810895455123	5.138995490450363e-18	6.2014687663399894e-18	nan	False
41	-0.1111111111111111	-0.2222222222222222	0.0	0.02	1	1	20	20	15.57350357609667	15.57350357609667	15.57350357609667	0.013867080100911611	0.001985465535360659	0.7495083022101248	True
41	-0.1111111111111111	-0.2222222222222222	0.0	0.02	2	2	19	19	15.562666448971667	15.562666448971667	15.562666448971667	0.015920877243098003	0.0006963427539824686	0.9161902226600103	True
41	-0.1111111111111111	-0.2222222222222222	0.0	0.02	2	2	20	20	15.571359129613214	15.571359129613214	15.571359129613214	1.6517749581131675e-16	5.978292193855145e-17	nan	False
41	-0.1111111111111111	-0.2222222222222222	0.0	0.02	3	4	19	19	14.693258573797749	14.693111667680498	14.693405479915	4.129908706110156e-05	7.473780057969508e-06	nan	False
41	-0.1111111111111111	-0.2222222222222222	0.0	0.02	3	4	20	20	14.701951254439294	14.701804348322042	14.702098160556545	5.815323472036609e-10	3.164374978807985e-05	nan	False
41	-0.1111111111111111	-0.2222222222222222	0.0	0.02	5	5	19	19	7.064005221612178	7.064005221612178	7.064005221612178	2.665295867926786e-16	4.527276461517701e-16	nan	False
41	-0.1111111111111111	-0.2222222222222222	0.0	0.02	5	5	20	20	7.072697902253723	7.072697902253723	7.072697902253723	2.22437476819215e-05	0.029999465791975898	-0.998518155826367	True
41	-0.1111111111111111	-0.2222222222222222	0.0	0.02	6	6	19	19	7.06011732353362	7.06011732353362	7.06011732353362	0.0005995023709663189	0.033579130260115386	-0.9649194643075838	True
41	-0.1111111111111111	-0.2222222222222222	0.0	0.02	6	6	20	20	7.068810004175165	7.068810004175165	7.068810004175165	1.3190740356185581e-17	3.307518453849608e-17	nan	False
41	-0.1111111111111111	-0.2222222222222222	0.0	0.02	7	7	19	19	5.430916337010312	5.430916337010312	5.430916337010312	3.1049732467478367e-16	3.4881009340341186e-18	nan	False
41	-0.1111111111111111	-0.2222222222222222	0.0	0.02	7	7	20	20	5.439609017651857	5.439609017651857	5.439609017651857	0.0727034213730464	0.18699511289338222	-0.4400937103598831	True
41	-0.1111111111111111	-0.2222222222222222	0.0	0.02	8	8	19	19	5.42208652319082	5.42208652319082	5.42208652319082	0.10486634051048216	0.16711111505974477	-0.2288600517228917	True
41	-0.1111111111111111	-0.2222222222222222	0.0	0.02	8	8	20	20	5.430779203832365	5.430779203832365	5.430779203832365	6.1901898804051e-17	2.4416762534662593e-17	nan	False
41	-0.1111111111111111	-0.2222222222222222	0.0	0.02	9	9	19	19	5.014012133360464	5.014012133360464	5.014012133360464	0.0018731613362932167	8.813658938750316e-05	nan	False
41	-0.1111111111111111	-0.2222222222222222	0.0	0.02	9	9	20	20	5.022704814002009	5.022704814002009	5.022704814002009	1.099257220467904e-15	1.1835006231802509e-14	nan	False
41	-0.1111111111111111	-0.2222222222222222	0.0	0.02	10	10	19	19	5.007500116058869	5.007500116058869	5.007500116058869	2.749701814680635e-16	7.674578240621666e-15	nan	False
41	-0.1111111111111111	-0.2222222222222222	0.0	0.02	10	10	20	20	5.016192796700413	5.016192796700413	5.016192796700413	0.0002773105580095994	0.0005902445984525231	nan	False
41	-0.1111111111111111	-0.2222222222222222	0.0	0.02	11	11	19	19	4.371371534630041	4.371371534630041	4.371371534630041	0.0004887701111173785	0.006315402935824845	-0.8563322514741066	True
41	-0.1111111111111111	-0.2222222222222222	0.0	0.02	11	11	20	20	4.380064215271585	4.380064215271585	4.380064215271585	2.3619614995097903e-15	6.2238279981377696e-15	nan	False
41	-0.1111111111111111	-0.2222222222222222	0.0	0.02	12	12	19	19	4.368619879062593	4.368619879062593	4.368619879062593	1.8306889027849184e-15	1.6116998468837795e-15	nan	False
41	-0.1111111111111111	-0.2222222222222222	0.0	0.02	12	12	20	20	4.377312559704138	4.377312559704138	4.377312559704138	0.0004383916811799736	0.0015284662752121263	nan	False
41	-0.1111111111111111	-0.2222222222222222	0.0	0.02	13	13	19	19	4.007330003600134	4.007330003600134	4.007330003600134	2.058918280162941e-05	0.029155813180306082	-0.9985886414270415	True
41	-0.1111111111111111	-0.2222222222222222	0.0	0.02	13	13	20	20	4.016022684241679	4.016022684241679	4.016022684241679	1.823814592019486e-16	3.510183773177184e-17	nan	False
41	-0.1111111111111111	-0.2222222222222222	0.0	0.02	14	14	19	19	3.9752856767628364	3.9752856767628364	3.9752856767628364	9.081199363349213e-16	2.679182746715031e-16	nan	False
41	-0.1111111111111111	-0.2222222222222222	0.0	0.02	14	14	20	20	3.983978357404381	3.983978357404381	3.983978357404381	9.994878579718784e-05	0.014370095225970618	-0.9861854206226457	True
41	-0.1111111111111111	-0.2222222222222222	0.0	0.02	15	15	19	19	3.0240056664368167	3.0240056664368167	3.0240056664368167	5.56960879278365e-15	7.101712772289701e-16	nan	False
41	-0.1111111111111111	-0.2222222222222222	0.0	0.02	15	15	20	20	3.0326983470783615	3.0326983470783615	3.0326983470783615	0.03221382752667606	1.961284293913907e-05	0.9987830747996962	True
41	-0.1111111111111111	-0.2222222222222222	0.0	0.02	16	16	19	19	2.989219696489	2.989219696489	2.989219696489	0.03673152879986307	0.004381797895457227	0.7868429413202418	True
41	-0.1111111111111111	-0.2222222222222222	0.0	0.02	16	16	20	20	2.997912377130545	2.997912377130545	2.997912377130545	7.81181910929915e-15	1.668014563873242e-15	nan	False
41	-0.1111111111111111	-0.2222222222222222	0.0	0.02	17	17	19	19	2.557930649516716	2.557930649516716	2.557930649516716	3.639528671424974e-15	1.0064698400268347e-15	nan	False
41	-0.1111111111111111	-0.2222222222222222	0.0	0.02	17	17	20	20	2.5666233301582606	2.5666233301582606	2.5666233301582606	2.1480979687427406	0.03679786822118024	0.966316134985809	True
41	-0.1111111111111111	-0.2222222222222222	0.0	0.02	18	18	19	19	2.539835793476642	2.539835793476642	2.539835793476642	2.2007811123841003	0.0004613694544409758	0.9995808099668734	True
41	-0.1111111111111111	-0.2222222222222222	0.0	0.02	18	18	20	20	2.5485284741181866	2.5485284741181866	2.5485284741181866	2.926447081028613e-16	3.053784955300576e-17	nan	False
42	-0.1388888888888889	-0.2777777777777778	0.0	0.02	1	1	19	19	15.13472972460144	15.13472972460144	15.13472972460144	5.0063349230527374e-17	4.937857372002815e-18	nan	False
42	-0.1388888888888889	-0.2777777777777778	0.0	0.02	1	1	20	20	15.174044965484772	15.174044965484772	15.174044965484772	0.014310987699322198	0.0003915475837336303	0.9467374060057689	True
42	-0.1388888888888889	-0.2777777777777778	0.0	0.02	2	2	19	19	15.130531353221185	15.130531353221185	15.130531353221185	0.015545209389507767	7.274598769875516e-06	0.9990645097239311	True
42	-0.1388888888888889	-0.2777777777777778	0.0	0.02	2	2	20	20	15.169846594104516	15.169846594104516	15.169846594104516	3.785680626369038e-17	1.4598380970714346e-17	nan	False
42	-0.1388888888888889	-0.2777777777777778	0.0	0.02	3	4	19	19	14.386013776025546	14.38572962128088	14.386297930770212	4.700696501829824e-05	2.105415560808761e-06	nan	False
42	-0.1388888888888889	-0.2777777777777778	0.0	0.02	3	4	20	20	14.425329016908877	14.425044862164212	14.425613171653543	9.177342457434176e-09	6.043953749038279e-06	nan	False
42	-0.1388888888888889	-0.2777777777777778	0.0	0.02	5	5	19	19	6.719108349361637	6.719108349361637	6.719108349361637	7.827443501653619e-18	1.338592989557248e-17	nan	False
42	-0.1388888888888889	-0.2777777777777778	0.0	0.02	5	5	20	20	6.758423590244968	6.758423590244968	6.758423590244968	9.697494041854821e-05	0.01982632604565007	-0.9902651733780102	True
42	-0.1388888888888889	-0.2777777777777778	0.0	0.02	6	6	19	19	6.710133183164356	6.710133183164356	6.710133183164356	0.0011029107661875144	0.02472212187246879	-0.9145859150213334	True
42	-0.1388888888888889	-0.2777777777777778	0.0	0.02	6	6	20	20	6.749448424047687	6.749448424047687	6.749448424047687	1.3404070081793563e-16	8.936659025909782e-17	nan	False
42	-0.1388888888888889	-0.2777777777777778	0.0	0.02	7	7	19	19	5.518884324839997	5.518884324839997	5.518884324839997	1.7572037547855495e-16	9.674666548635881e-17	nan	False
42	-0.1388888888888889	-0.2777777777777778	0.0	0.02	7	7	20	20	5.558199565723328	5.558199565723328	5.558199565723328	0.09840373557304782	0.1910500210829311	-0.3200728385086916	True
42	-0.1388888888888889	-0.2777777777777778	0.0	0.02	8	8	19	19	5.5159097726092945	5.5159097726092945	5.5159097726092945	0.14149327055581123	0.17337090070341138	-0.10124248186166537	True
42	-0.1388888888888889	-0.2777777777777778	0.0	0.02	8	8	20	20	5.555225013492626	5.555225013492626	5.555225013492626	1.1239862828401403e-16	2.455228341545398e-16	nan	False
42	-0.1388888888888889	-0.2777777777777778	0.0	0.02	9	9	19	19	5.120541400371108	5.120541400371108	5.120541400371108	0.0017486296551733076	9.938118859626267e-06	nan	False
42	-0.1388888888888889	-0.2777777777777778	0.0	0.02	9	9	20	20	5.159856641254439	5.159856641254439	5.159856641254439	5.013740018761832e-15	2.4872223257257102e-14	nan	False
42	-0.1388888888888889	-0.2777777777777778	0.0	0.02	10	10	19	19	5.102404916171425	5.102404916171425	5.102404916171425	3.921382058001618e-15	2.0008367181854667e-14	nan	False
42	-0.1388888888888889	-0.2777777777777778	0.0	0.02	10	10	20	20	5.141720157054756	5.141720157054756	5.141720157054756	0.0001606267286920509	0.00020533855775725038	nan	False
42	-0.1388888888888889	-0.2777777777777778	0.0	0.02	11	11	19	19	4.65479410279913	4.65479410279913	4.65479410279913	4.5344986933382164e-15	5.9529087729958264e-15	nan	False
42	-0.1388888888888889	-0.2777777777777778	0.0	0.02	11	11	20	20	4.694109343682461	4.694109343682461	4.694109343682461	0.0008415076804570597	2.789940810906017e-05	nan	False
42	-0.1388888888888889	-0.2777777777777778	0.0	0.02	12	12	19	19	4.642203820266294	4.642203820266294	4.642203820266294	3.335102888504121e-05	0.003024740330666919	-0.9781883371267709	True
42	-0.1388888888888889	-0.2777777777777778	0.0	0.02	12	12	20	20	4.681519061149626	4.681519061149626	4.681519061149626	7.853521845388633e-15	1.0132831515198216e-14	nan	False
42	-0.1388888888888889	-0.2777777777777778	0.0	0.02	13	13	19	19	3.7066775109071894	3.7066775109071894	3.7066775109071894	0.006776871089358314	0.25143570218151584	-0.9475093640599047	True
42	-0.1388888888888889	-0.2777777777777778	0.0	0.02	13	13	20	20	3.7459927517905207	3.7459927517905207	3.7459927517905207	1.1738644688639741e-15	3.894442880523686e-16	nan	False
42	-0.1388888888888889	-0.2777777777777778	0.0	0.02	14	14	19	19	3.654583077736307	3.654583077736307	3.654583077736307	1.3481719263948261e-17	1.0307398908092112e-15	nan	False
42	-0.1388888888888889	-0.2777777777777778	0.0	0.02	14	14	20	20	3.693898318619638	3.693898318619638	3.693898318619638	0.009928524038877574	0.16053778108157463	-0.883513354362177	True
42	-0.1388888888888889	-0.2777777777777778	0.0	0.02	15	15	19	19	2.8869328308969635	2.8869328308969635	2.8869328308969635	2.4848558940327248e-14	3.3991725879679597e-15	nan	False
42	-0.1388888888888889	-0.2777777777777778	0.0	0.02	15	15	20	20	2.926248071780295	2.926248071780295	2.926248071780295	0.02621164197844019	0.00012467459276979678	0.9905321161801277	True
42	-0.1388888888888889	-0.2777777777777778	0.0	0.02	16	16	19	19	2.8491432530901317	2.8491432530901317	2.8491432530901317	0.023264050031992927	0.0013400034216402572	0.8910745805226347	True
42	-0.1388888888888889	-0.2777777777777778	0.0	0.02	16	16	20	20	2.888458493973463	2.888458493973463	2.888458493973463	3.630583531541703e-14	5.44654192122377e-15	nan	False
42	-0.1388888888888889	-0.2777777777777778	0.0	0.02	17	17	19	19	2.5831375831288366	2.5831375831288366	2.5831375831288366	1.3212025243853247e-15	1.0032643450277473e-15	nan	False
42	-0.1388888888888889	-0.2777777777777778	0.0	0.02	17	17	20	20	2.622452824012168	2.622452824012168	2.622452824012168	2.1446433428412344	0.029562092103844854	0.9728065327878351	True
42	-0.1388888888888889	-0.2777777777777778	0.0	0.02	18	18	19	19	2.5382179660952433	2.5382179660952433	2.5382179660952433	2.249890286774259	0.07578641031950828	0.9348263579248027	True
42	-0.1388888888888889	-0.2777777777777778	0.0	0.02	18	18	20	20	2.5775332069785746	2.5775332069785746	2.5775332069785746	3.4031125036036524e-15	5.321811776866709e-16	nan	False
43	-0.1666666666666667	-0.3333333333333333	0.0	0.02	1	1	19	19	14.76635186193001	14.76635186193001	14.76635186193001	2.3266803692324874e-15	1.1645944698891124e-15	nan	False
43	-0.1666666666666667	-0.3333333333333333	0.0	0.02	1	1	20	20	14.831562093782539	14.831562093782539	14.831562093782539	0.0114147977498037	6.679896989592732e-05	0.988364167192649	True
43	-0.1666666666666667	-0.3333333333333333	0.0	0.02	2	2	19	19	14.759111686717775	14.759111686717775	14.759111686717775	0.011984186841293817	4.8527483780980145e-05	0.9919340753100313	True
43	-0.1666666666666667	-0.3333333333333333	0.0	0.02	2	2	20	20	14.824321918570304	14.824321918570304	14.824321918570304	1.4266109663156324e-15	5.119748057436727e-16	nan	False
43	-0.1666666666666667	-0.3333333333333333	0.0	0.02	3	4	19	19	14.153326327099318	14.152845268978853	14.153807385219784	5.600141350522026e-05	9.632162732590287e-08	nan	False
43	-0.1666666666666667	-0.3333333333333333	0.0	0.02	3	4	20	20	14.218536558951847	14.218055500831381	14.219017617072312	2.921354093430019e-10	1.2472280857531173e-06	nan	False
43	-0.1666666666666667	-0.3333333333333333	0.0	0.02	5	5	19	19	6.592981866481219	6.592981866481219	6.592981866481219	2.0639077664724693e-16	8.957676906592577e-16	nan	False
43	-0.1666666666666667	-0.3333333333333333	0.0	0.02	5	5	20	20	6.658192098333748	6.658192098333748	6.658192098333748	8.44515275660461e-05	0.0016403739000324694	nan	False
43	-0.1666666666666667	-0.3333333333333333	0.0	0.02	6	6	19	19	6.578569253588526	6.578569253588526	6.578569253588526	2.488725361540181e-06	0.0035647374943302466	-0.9986046719729734	True
43	-0.1666666666666667	-0.3333333333333333	0.0	0.02	6	6	20	20	6.643779485441055	6.643779485441055	6.643779485441055	1.6714466970123092e-15	5.517824939812386e-15	nan	False
43	-0.1666666666666667	-0.3333333333333333	0.0	0.02	7	7	19	19	5.533706296371557	5.533706296371557	5.533706296371557	0.16794513695345292	0.19474094113029083	-0.0738815350134581	True
43	-0.1666666666666667	-0.3333333333333333	0.0	0.02	7	7	20	20	5.598916528224086	5.598916528224086	5.598916528224086	8.914892868425458e-15	9.565762902472851e-15	nan	False
43	-0.1666666666666667	-0.3333333333333333	0.0	0.02	8	8	19	19	5.5283148097989265	5.5283148097989265	5.5283148097989265	1.2136379396215599e-15	1.4075986636265992e-15	nan	False
43	-0.1666666666666667	-0.3333333333333333	0.0	0.02	8	8	20	20	5.593525041651455	5.593525041651455	5.593525041651455	0.11877287066381258	0.20371821723451028	-0.2634037024845779	True
43	-0.1666666666666667	-0.3333333333333333	0.0	0.02	9	9	19	19	5.370336148655548	5.370336148655548	5.370336148655548	0.001378881633972788	0.00013140563675718148	nan	False
43	-0.1666666666666667	-0.3333333333333333	0.0	0.02	9	9	20	20	5.435546380508077	5.435546380508077	5.435546380508077	9.619438856861592e-15	1.9334109115554485e-14	nan	False
43	-0.1666666666666667	-0.3333333333333333	0.0	0.02	10	10	19	19	5.341521658784169	5.341521658784169	5.341521658784169	2.126036440500289e-16	7.308031504909529e-16	nan	False
43	-0.1666666666666667	-0.3333333333333333	0.0	0.02	10	10	20	20	5.4067318906366975	5.4067318906366975	5.4067318906366975	0.0020473868165839116	0.0010892007904957737	0.30548677292653575	True
43	-0.1666666666666667	-0.3333333333333333	0.0	0.02	11	11	19	19	4.926274509053753	4.926274509053753	4.926274509053753	3.679650649731822e-16	3.975186483186578e-15	nan	False
43	-0.1666666666666667	-0.3333333333333333	0.0	0.02	11	11	20	20	4.991484740906282	4.991484740906282	4.991484740906282	0.00017717037530565077	2.2848878949244054e-06	nan	False
43	-0.1666666666666667	-0.3333333333333333	0.0	0.02	12	12	19	19	4.899805934791482	4.899805934791482	4.899805934791482	0.0002093612060166983	0.001656999340319877	nan	False
43	-0.1666666666666667	-0.3333333333333333	0.0	0.02	12	12	20	20	4.965016166644011	4.965016166644011	4.965016166644011	1.42838165366073e-15	2.889504354336104e-14	nan	False
43	-0.1666666666666667	-0.3333333333333333	0.0	0.02	13	13	19	19	3.6665723926338507	3.6665723926338507	3.6665723926338507	0.004130413607712048	0.6670519443469589	-0.987692127009122	True
43	-0.1666666666666667	-0.3333333333333333	0.0	0.02	13	13	20	20	3.7317826244863794	3.7317826244863794	3.7317826244863794	8.619681965689233e-17	2.1635011627075354e-15	nan	False
43	-0.1666666666666667	-0.3333333333333333	0.0	0.02	14	14	19	19	3.5977995430956757	3.5977995430956757	3.5977995430956757	5.852364960478539e-17	2.8579798868917083e-17	nan	False
43	-0.1666666666666667	-0.3333333333333333	0.0	0.02	14	14	20	20	3.6630097749482045	3.6630097749482045	3.6630097749482045	0.002416958118605566	0.5011679670388387	-0.9904009909833982	True
43	-0.1666666666666667	-0.3333333333333333	0.0	0.02	15	15	19	19	2.9009305219662127	2.9009305219662127	2.9009305219662127	9.534091391582693e-15	1.7048097025844397e-15	nan	False
43	-0.1666666666666667	-0.3333333333333333	0.0	0.02	15	15	20	20	2.9661407538187414	2.9661407538187414	2.9661407538187414	0.019002879372010843	7.950087941077651e-06	0.9991636253475604	True
43	-0.1666666666666667	-0.3333333333333333	0.0	0.02	16	16	19	19	2.8660799863738604	2.8660799863738604	2.8660799863738604	0.00513104064705534	1.8769985956618513e-05	0.9927104170253186	True
43	-0.1666666666666667	-0.3333333333333333	0.0	0.02	16	16	20	20	2.931290218226389	2.931290218226389	2.931290218226389	7.35898728184924e-14	7.700921072061683e-15	nan	False
43	-0.1666666666666667	-0.3333333333333333	0.0	0.02	17	17	19	19	2.6032487602104566	2.6032487602104566	2.6032487602104566	9.76401788221092e-15	1.0553321056481513e-17	nan	False
43	-0.1666666666666667	-0.3333333333333333	0.0	0.02	17	17	20	20	2.6684589920629853	2.6684589920629853	2.6684589920629853	2.0663794512650298	0.03721870579547648	0.9646142437703172	True
43	-0.1666666666666667	-0.3333333333333333	0.0	0.02	18	18	19	19	2.526131672250172	2.526131672250172	2.526131672250172	2.25109630522797	0.052376988624504454	0.9545234678741114	True
43	-0.1666666666666667	-0.3333333333333333	0.0	0.02	18	18	20	20	2.5913419041027006	2.5913419041027006	2.5913419041027006	4.51543279436903e-14	3.136462169675608e-16	nan	False
44	-0.1944444444444444	-0.3888888888888889	0.0	0.02	1	1	19	19	14.532292213445018	14.532292213445018	14.532292213445018	6.62956202769867e-18	9.87661809982972e-16	nan	False
44	-0.1944444444444444	-0.3888888888888889	0.0	0.02	1	1	20	20	14.607968994246075	14.607968994246075	14.607968994246075	0.008283446325754134	0.0005247218036943528	0.8808556340017983	True
44	-0.1944444444444444	-0.3888888888888889	0.0	0.02	2	2	19	19	14.520937551243076	14.520937551243076	14.520937551243076	0.008124837572183458	3.412774416873022e-05	0.9916342960545913	True
44	-0.1944444444444444	-0.3888888888888889	0.0	0.02	2	2	20	20	14.596614332044133	14.596614332044133	14.596614332044133	7.166948390868721e-16	3.171091676597182e-16	nan	False
44	-0.1944444444444444	-0.3888888888888889	0.0	0.02	3	4	19	19	14.05788821486182	14.057152856114204	14.058623573609431	7.042104090173097e-05	1.3545670495431784e-09	nan	False
44	-0.1944444444444444	-0.3888888888888889	0.0	0.02	3	4	20	20	14.133564995662875	14.132829636915261	14.134300354410488	7.705405857704547e-07	2.005631080197338e-06	nan	False
44	-0.1944444444444444	-0.3888888888888889	0.0	0.02	5	5	19	19	6.737697920834775	6.737697920834775	6.737697920834775	3.604470864701913e-16	2.985152196340479e-16	nan	False
44	-0.1944444444444444	-0.3888888888888889	0.0	0.02	5	5	20	20	6.813374701635832	6.813374701635832	6.813374701635832	0.001260682830135773	0.007322542864823639	-0.7062449771357818	True
44	-0.1944444444444444	-0.3888888888888889	0.0	0.02	6	6	19	19	6.724717473937489	6.724717473937489	6.724717473937489	0.0014054884597647505	0.004476126383578763	-0.5220739551297193	True
44	-0.1944444444444444	-0.3888888888888889	0.0	0.02	6	6	20	20	6.800394254738546	6.800394254738546	6.800394254738546	1.7669927600479756e-15	5.576963137041172e-15	nan	False
44	-0.1944444444444444	-0.3888888888888889	0.0	0.02	7	7	19	19	5.857097974424552	5.857097974424552	5.857097974424552	0.0003930174207866787	5.48039441554196e-05	nan	False
44	-0.1944444444444444	-0.3888888888888889	0.0	0.02	7	7	20	20	5.9327747552256085	5.9327747552256085	5.9327747552256085	1.477140538118647e-15	4.478587200332399e-16	nan	False
44	-0.1944444444444444	-0.3888888888888889	0.0	0.02	8	8	19	19	5.836372930023901	5.836372930023901	5.836372930023901	1.8387000423274678e-16	2.2887265513721444e-16	nan	False
44	-0.1944444444444444	-0.3888888888888889	0.0	0.02	8	8	20	20	5.912049710824958	5.912049710824958	5.912049710824958	6.73307233437573e-05	0.0002518524808247222	nan	False
44	-0.1944444444444444	-0.3888888888888889	0.0	0.02	9	9	19	19	5.528605243689021	5.528605243689021	5.528605243689021	0.146003261368617	0.16594061510316227	-0.06391327170786427	True
44	-0.1944444444444444	-0.3888888888888889	0.0	0.02	9	9	20	20	5.604282024490077	5.604282024490077	5.604282024490077	4.348161747291407e-15	2.82002633058633e-15	nan	False
44	-0.1944444444444444	-0.3888888888888889	0.0	0.02	10	10	19	19	5.517316243636032	5.517316243636032	5.517316243636032	3.073362767872713e-16	3.4914558765793214e-16	nan	False
44	-0.1944444444444444	-0.3888888888888889	0.0	0.02	10	10	20	20	5.592993024437089	5.592993024437089	5.592993024437089	0.09832693791921132	0.16690621437277509	-0.2585622342491602	True
44	-0.1944444444444444	-0.3888888888888889	0.0	0.02	11	11	19	19	5.127813629223133	5.127813629223133	5.127813629223133	2.4854795716672622e-17	1.6155453470839003e-16	nan	False
44	-0.1944444444444444	-0.3888888888888889	0.0	0.02	11	11	20	20	5.203490410024189	5.203490410024189	5.203490410024189	4.7281050503058824e-08	2.301746750536631e-06	nan	False
44	-0.1944444444444444	-0.3888888888888889	0.0	0.02	12	12	19	19	5.104366626342418	5.104366626342418	5.104366626342418	0.0005842723090702645	0.0014331236975466519	nan	False
44	-0.1944444444444444	-0.3888888888888889	0.0	0.02	12	12	20	20	5.180043407143474	5.180043407143474	5.180043407143474	1.8048138068432643e-16	3.673814818135681e-16	nan	False
44	-0.1944444444444444	-0.3888888888888889	0.0	0.02	13	13	19	19	3.966052165936076	3.966052165936076	3.966052165936076	0.00011163122415824842	0.7232481238166031	-0.9996913535114987	True
44	-0.1944444444444444	-0.3888888888888889	0.0	0.02	13	13	20	20	4.041728946737132	4.041728946737132	4.041728946737132	2.911362836471596e-16	2.1899871989584244e-15	nan	False
44	-0.1944444444444444	-0.3888888888888889	0.0	0.02	14	14	19	19	3.901628824464235	3.901628824464235	3.901628824464235	1.036627798273478e-17	1.959695626603841e-17	nan	False
44	-0.1944444444444444	-0.3888888888888889	0.0	0.02	14	14	20	20	3.977305605265292	3.977305605265292	3.977305605265292	0.0021661897334467324	0.5375733118758114	-0.9919732028988497	True
44	-0.1944444444444444	-0.3888888888888889	0.0	0.02	15	15	19	19	3.111963275011793	3.111963275011793	3.111963275011793	2.484848702683807e-16	3.0670791429585196e-17	nan	False
44	-0.1944444444444444	-0.3888888888888889	0.0	0.02	15	15	20	20	3.18764005581285	3.18764005581285	3.18764005581285	0.002993846713775261	0.00043857420055683146	0.744451970487907	True
44	-0.1944444444444444	-0.3888888888888889	0.0	0.02	16	16	19	19	3.0852530696157325	3.0852530696157325	3.0852530696157325	0.00315361425283594	7.143621597898753e-05	0.9556991639853392	True
44	-0.1944444444444444	-0.3888888888888889	0.0	0.02	16	16	20	20	3.1609298504167893	3.1609298504167893	3.1609298504167893	8.704017960068024e-16	1.040025013001327e-15	nan	False
44	-0.1944444444444444	-0.3888888888888889	0.0	0.02	17	17	19	19	2.6212723062415253	2.6212723062415253	2.6212723062415253	2.377007423708346e-15	5.358304497288339e-16	nan	False
44	-0.1944444444444444	-0.3888888888888889	0.0	0.02	17	17	20	20	2.696949087042582	2.696949087042582	2.696949087042582	1.8194772760586528	0.012993193863005455	0.9858189323361255	True
44	-0.1944444444444444	-0.3888888888888889	0.0	0.02	18	18	19	19	2.5274536480309497	2.5274536480309497	2.5274536480309497	2.008126638066258	0.015956569719188355	0.9842332867959055	True
44	-0.1944444444444444	-0.3888888888888889	0.0	0.02	18	18	20	20	2.6031304288320065	2.6031304288320065	2.6031304288320065	1.391541903302513e-14	6.1701876057769e-16	nan	False
45	-0.2222222222222222	-0.4444444444444444	0.0	0.02	1	1	19	19	14.436386527625427	14.436386527625427	14.436386527625427	2.4421535870271106e-17	6.011317776264298e-17	nan	False
45	-0.2222222222222222	-0.4444444444444444	0.0	0.02	1	1	20	20	14.490413237619267	14.490413237619267	14.490413237619267	0.00804889143994281	0.005197248028385064	0.21528109517313754	True
45	-0.2222222222222222	-0.4444444444444444	0.0	0.02	2	2	19	19	14.419977153012987	14.419977153012987	14.419977153012987	0.0071152273560541445	0.00242151945972914	0.4921707566522509	True
45	-0.2222222222222222	-0.4444444444444444	0.0	0.02	2	2	20	20	14.474003863006827	14.474003863006827	14.474003863006827	1.1970293670234745e-16	4.539623339476923e-17	nan	False
45	-0.2222222222222222	-0.4444444444444444	0.0	0.02	3	3	19	19	14.092426242502938	14.092426242502938	14.092426242502938	9.342869455827029e-05	4.976103819361216e-07	nan	False
45	-0.2222222222222222	-0.4444444444444444	0.0	0.02	3	3	20	20	14.146452952496777	14.146452952496777	14.146452952496777	2.5790293042058368e-17	3.046256810542159e-17	nan	False
45	-0.2222222222222222	-0.4444444444444444	0.0	0.02	4	4	19	19	14.090368429572809	14.090368429572809	14.090368429572809	1.0736858068755929e-16	1.1482158992591442e-17	nan	False
45	-0.2222222222222222	-0.4444444444444444	0.0	0.02	4	4	20	20	14.14439513956665	14.14439513956665	14.14439513956665	8.611148858446363e-06	1.0758374739041655e-05	nan	False
45	-0.2222222222222222	-0.4444444444444444	0.0	0.02	5	5	19	19	7.011637706793976	7.011637706793976	7.011637706793976	1.525488876509214e-16	4.44130175463727e-16	nan	False
45	-0.2222222222222222	-0.4444444444444444	0.0	0.02	5	5	20	20	7.065664416787814	7.065664416787814	7.065664416787814	0.001344287187143829	0.035370386196127805	-0.9267711210114522	True
45	-0.2222222222222222	-0.4444444444444444	0.0	0.02	6	6	19	19	7.0059265211505855	7.0059265211505855	7.0059265211505855	0.0017881408923422159	0.0293667561245461	-0.8852096419145339	True
45	-0.2222222222222222	-0.4444444444444444	0.0	0.02	6	6	20	20	7.059953231144424	7.059953231144424	7.059953231144424	5.578969520194061e-16	2.849384035076813e-15	nan	False
45	-0.2222222222222222	-0.4444444444444444	0.0	0.02	7	7	19	19	6.461454687513599	6.461454687513599	6.461454687513599	0.0002473927166590179	0.00012613910286283828	nan	False
45	-0.2222222222222222	-0.4444444444444444	0.0	0.02	7	7	20	20	6.515481397507437	6.515481397507437	6.515481397507437	6.616097171970614e-16	6.473084864873185e-16	nan	False
45	-0.2222222222222222	-0.4444444444444444	0.0	0.02	8	8	19	19	6.446685288113184	6.446685288113184	6.446685288113184	4.3645274721383826e-16	1.1534719173978727e-16	nan	False
45	-0.2222222222222222	-0.4444444444444444	0.0	0.02	8	8	20	20	6.500711998107023	6.500711998107023	6.500711998107023	0.000229375698722412	4.3687977300207385e-05	nan	False
45	-0.2222222222222222	-0.4444444444444444	0.0	0.02	9	9	19	19	5.611381870384604	5.611381870384604	5.611381870384604	0.063178504912878	0.06668164047699818	-0.026976217788781825	True
45	-0.2222222222222222	-0.4444444444444444	0.0	0.02	9	9	20	20	5.665408580378442	5.665408580378442	5.665408580378442	1.7930544704367077e-15	2.852634838427734e-16	nan	False
45	-0.2222222222222222	-0.4444444444444444	0.0	0.02	10	10	19	19	5.600224473570123	5.600224473570123	5.600224473570123	3.917674081262673e-16	9.289550502024371e-17	nan	False
45	-0.2222222222222222	-0.4444444444444444	0.0	0.02	10	10	20	20	5.654251183563962	5.654251183563962	5.654251183563962	0.027434035181701854	0.05855668071631471	-0.36193029921420533	True
45	-0.2222222222222222	-0.4444444444444444	0.0	0.02	11	11	19	19	5.321379030762476	5.321379030762476	5.321379030762476	1.6530122373509183e-18	6.684480870698052e-16	nan	False
45	-0.2222222222222222	-0.4444444444444444	0.0	0.02	11	11	20	20	5.375405740756315	5.375405740756315	5.375405740756315	1.3635400339793687e-05	0.0001403583557069039	nan	False
45	-0.2222222222222222	-0.4444444444444444	0.0	0.02	12	12	19	19	5.30056853028221	5.30056853028221	5.30056853028221	0.0005433426665240274	0.0028343904374880996	-0.6782796924489765	True
45	-0.2222222222222222	-0.4444444444444444	0.0	0.02	12	12	20	20	5.354595240276049	5.354595240276049	5.354595240276049	1.418174093349211e-16	3.046907867331581e-16	nan	False
45	-0.2222222222222222	-0.4444444444444444	0.0	0.02	13	13	19	19	4.493108156186765	4.493108156186765	4.493108156186765	0.006632007595189729	0.39238321279910315	-0.9667581222158081	True
45	-0.2222222222222222	-0.4444444444444444	0.0	0.02	13	13	20	20	4.5471348661806035	4.5471348661806035	4.5471348661806035	1.5419317837892325e-16	6.079613581265767e-16	nan	False
45	-0.2222222222222222	-0.4444444444444444	0.0	0.02	14	14	19	19	4.439601886548121	4.439601886548121	4.439601886548121	4.200257675765074e-17	1.1205594747735432e-16	nan	False
45	-0.2222222222222222	-0.4444444444444444	0.0	0.02	14	14	20	20	4.493628596541959	4.493628596541959	4.493628596541959	0.025795147539181353	0.23831285617274273	-0.8046621293058773	True
45	-0.2222222222222222	-0.4444444444444444	0.0	0.02	15	15	19	19	3.4917821580476103	3.4917821580476103	3.4917821580476103	9.627014476766999e-16	1.8090870820677443e-17	nan	False
45	-0.2222222222222222	-0.4444444444444444	0.0	0.02	15	15	20	20	3.5458088680414486	3.5458088680414486	3.5458088680414486	7.96242012723923e-06	0.001103693669841137	nan	False
45	-0.2222222222222222	-0.4444444444444444	0.0	0.02	16	16	19	19	3.4733548149807367	3.4733548149807367	3.4733548149807367	0.00407547574592518	0.0011177486320470315	0.5695357832840349	True
45	-0.2222222222222222	-0.4444444444444444	0.0	0.02	16	16	20	20	3.527381524974575	3.527381524974575	3.527381524974575	7.572490321079943e-16	7.680636075549037e-16	nan	False
45	-0.2222222222222222	-0.4444444444444444	0.0	0.02	17	17	19	19	2.6838963218479797	2.6838963218479797	2.6838963218479797	1.4619081513112131e-15	1.124655886104488e-16	nan	False
45	-0.2222222222222222	-0.4444444444444444	0.0	0.02	17	17	20	20	2.7379230318418184	2.7379230318418184	2.7379230318418184	1.4750261425108675	0.041705920200305543	0.9450055534189	True
45	-0.2222222222222222	-0.4444444444444444	0.0	0.02	18	18	19	19	2.581712447251355	2.581712447251355	2.581712447251355	1.6009385642656482	0.04734794556103016	0.9425488890690382	True
45	-0.2222222222222222	-0.4444444444444444	0.0	0.02	18	18	20	20	2.635739157245194	2.635739157245194	2.635739157245194	6.1120238934907075e-15	3.1290166562845986e-16	nan	False
46	-0.25	-0.5	0.0	0.02	1	1	19	20	14.326583185418459	14.326149382391918	14.327016988445	0.010152925942525983	0.019623474600710657	-0.31805552334752557	True
46	-0.25	-0.5	0.0	0.02	2	2	19	20	14.304689301619417	14.304255498592877	14.305123104645958	0.010027340967243947	0.015746782310787178	-0.22190633923204145	True
46	-0.25	-0.5	0.0	0.02	3	3	19	20	14.09043537804556	14.09000157501902	14.090869181072101	8.823983991959943e-05	3.996529699515361e-06	nan	False
46	-0.25	-0.5	0.0	0.02	4	4	19	20	14.087793366534223	14.087359563507682	14.088227169560763	3.859807639291336e-05	3.592450022159833e-05	nan	False
46	-0.25	-0.5	0.0	0.02	5	5	19	20	7.153900760037656	7.153466957011115	7.1543345630641975	9.976215193896546e-05	0.05206868258114609	-0.9961753833203428	True
46	-0.25	-0.5	0.0	0.02	6	6	19	20	7.149560233750451	7.14912643072391	7.1499940367769925	4.6844096260098557e-07	0.05347457953908552	-0.9999824800171183	True
46	-0.25	-0.5	0.0	0.02	7	7	19	20	6.944701259620614	6.944267456594073	6.9451350626471555	8.825106881977648e-05	0.0002006709114171153	nan	False
46	-0.25	-0.5	0.0	0.02	8	8	19	20	6.933611856122554	6.933178053096013	6.9340456591490955	0.0002352315479163178	0.00011601921598365728	nan	False
46	-0.25	-0.5	0.0	0.02	9	9	19	20	5.690266988916355	5.689833185889814	5.690700791942897	0.0019049742322725118	0.0006767798185186801	0.4757209205801169	True
46	-0.25	-0.5	0.0	0.02	10	10	19	20	5.680519968621159	5.680086165594617	5.6809537716477	0.0001825781944914622	0.001832804775791935	-0.8188153842881897	True
46	-0.25	-0.5	0.0	0.02	11	11	19	20	5.375926597854253	5.375492794827712	5.376360400880794	0.0003833397442861276	0.0013614200183963707	nan	False
46	-0.25	-0.5	0.0	0.02	12	12	19	20	5.35560503833135	5.355171235304809	5.356038841357892	0.0011717944023020646	0.004154632322184998	-0.5600073133776533	True
46	-0.25	-0.5	0.0	0.02	13	13	19	20	5.002120895691797	5.0016870926652555	5.002554698718338	0.06226411551801006	0.048198135979983306	0.12733743289925856	True
46	-0.25	-0.5	0.0	0.02	14	14	19	20	4.960826920527414	4.960393117500873	4.961260723553956	0.09037190919014854	0.017714303885173515	0.6722189929472513	True
46	-0.25	-0.5	0.0	0.02	15	15	19	20	3.8454503444482624	3.845016541421721	3.845884147474804	0.0007653134969752177	0.0025825849757356726	-0.5428096143217144	True
46	-0.25	-0.5	0.0	0.02	16	16	19	20	3.8358142907943993	3.835380487767858	3.8362480938209407	0.002639943992976447	0.0014946520050877366	0.2770021517035608	True
46	-0.25	-0.5	0.0	0.02	17	17	19	20	2.63461383221047	2.634180029183929	2.6350476352370116	1.6483365210148646	0.08015201415691575	0.9072576849357581	True
46	-0.25	-0.5	0.0	0.02	18	18	19	20	2.523952597940153	2.5235187949136115	2.5243864009666943	1.7481245344677858	0.1082055436487869	0.8834199316981687	True
47	-0.2777777777777778	-0.5555555555555556	0.0	0.02	1	1	19	19	14.050313247955781	14.050313247955781	14.050313247955781	0.009065524532365424	0.03524920074557442	-0.5908572387391826	True
47	-0.2777777777777778	-0.5555555555555556	0.0	0.02	1	1	20	20	14.06835667873433	14.06835667873433	14.06835667873433	4.8253652947507754e-17	8.537097287603911e-18	nan	False
47	-0.2777777777777778	-0.5555555555555556	0.0	0.02	2	2	19	19	14.023434800156547	14.023434800156547	14.023434800156547	2.257199156027272e-17	2.159535713959e-17	nan	False
47	-0.2777777777777778	-0.5555555555555556	0.0	0.02	2	2	20	20	14.041478230935097	14.041478230935097	14.041478230935097	0.010005989305670775	0.03357265427908939	-0.5407847292810207	True
47	-0.2777777777777778	-0.5555555555555556	0.0	0.02	3	3	19	19	13.890251568743047	13.890251568743047	13.890251568743047	1.239103350161139e-17	5.3090234924552756e-17	nan	False
47	-0.2777777777777778	-0.5555555555555556	0.0	0.02	3	3	20	20	13.908294999521594	13.908294999521594	13.908294999521594	3.750452884548278e-05	4.965811108433811e-06	nan	False
47	-0.2777777777777778	-0.5555555555555556	0.0	0.02	4	4	19	19	13.887146470187687	13.887146470187687	13.887146470187687	9.247888390075048e-05	5.5428692045211364e-05	nan	False
47	-0.2777777777777778	-0.5555555555555556	0.0	0.02	4	4	20	20	13.905189900966235	13.905189900966235	13.905189900966235	3.6530820284335354e-17	2.058556441569482e-17	nan	False
47	-0.2777777777777778	-0.5555555555555556	0.0	0.02	5	5	19	19	7.1050674649299514	7.1050674649299514	7.1050674649299514	3.959209169622569e-17	2.4333031954939875e-17	nan	False
47	-0.2777777777777778	-0.5555555555555556	0.0	0.02	5	5	20	20	7.1231108957085	7.1231108957085	7.1231108957085	1.3187136184035763e-05	0.0001292055240824298	nan	False
47	-0.2777777777777778	-0.5555555555555556	0.0	0.02	6	6	19	19	7.096639528367009	7.096639528367009	7.096639528367009	8.494843594092179e-05	1.2110940933166007e-05	nan	False
47	-0.2777777777777778	-0.5555555555555556	0.0	0.02	6	6	20	20	7.114682959145558	7.114682959145558	7.114682959145558	1.7363709739705008e-16	9.558615344459745e-17	nan	False
47	-0.2777777777777778	-0.5555555555555556	0.0	0.02	7	7	19	19	6.954919914485079	6.954919914485079	6.954919914485079	2.3952252782796997e-17	2.5103856650916943e-18	nan	False
47	-0.2777777777777778	-0.5555555555555556	0.0	0.02	7	7	20	20	6.9729633452636275	6.9729633452636275	6.9729633452636275	0.0033295253607222813	0.04360379072505842	-0.8581167648739392	True
47	-0.2777777777777778	-0.5555555555555556	0.0	0.02	8	8	19	19	6.93875277127809	6.93875277127809	6.93875277127809	0.004596992807600872	0.044521641029387875	-0.812820819778619	True
47	-0.2777777777777778	-0.5555555555555556	0.0	0.02	8	8	20	20	6.956796202056639	6.956796202056639	6.956796202056639	3.688999874621864e-17	1.787325229083061e-16	nan	False
47	-0.2777777777777778	-0.5555555555555556	0.0	0.02	9	9	19	19	5.629873261200285	5.629873261200285	5.629873261200285	9.508640178114296e-17	1.068569605310038e-17	nan	False
47	-0.2777777777777778	-0.5555555555555556	0.0	0.02	9	9	20	20	5.647916691978834	5.647916691978834	5.647916691978834	0.002075003967149103	0.07025388053044	-0.942623089473521	True
47	-0.2777777777777778	-0.5555555555555556	0.0	0.02	10	10	19	19	5.615471568121609	5.615471568121609	5.615471568121609	0.0003382763558073265	0.07447659127012797	-0.9909569750895326	True
47	-0.2777777777777778	-0.5555555555555556	0.0	0.02	10	10	20	20	5.633514998900157	5.633514998900157	5.633514998900157	2.274678942455812e-18	9.590930680241842e-17	nan	False
47	-0.2777777777777778	-0.5555555555555556	0.0	0.02	11	11	19	19	5.273035709490622	5.273035709490622	5.273035709490622	8.076508903459058e-17	9.404404114386097e-17	nan	False
47	-0.2777777777777778	-0.5555555555555556	0.0	0.02	11	11	20	20	5.29107914026917	5.29107914026917	5.29107914026917	0.11639342798323969	0.023440652585647235	0.6647362003556838	True
47	-0.2777777777777778	-0.5555555555555556	0.0	0.02	12	12	19	19	5.24036773806182	5.24036773806182	5.24036773806182	0.13282223876584448	0.032464722054371564	0.6071714079166389	True
47	-0.2777777777777778	-0.5555555555555556	0.0	0.02	12	12	20	20	5.258411168840368	5.258411168840368	5.258411168840368	2.0972791007317342e-16	3.627964598667185e-16	nan	False
47	-0.2777777777777778	-0.5555555555555556	0.0	0.02	13	13	19	19	5.1436766876887114	5.1436766876887114	5.1436766876887114	0.0020207751141603993	0.0012377304675768948	0.24030790401961474	True
47	-0.2777777777777778	-0.5555555555555556	0.0	0.02	13	13	20	20	5.16172011846726	5.16172011846726	5.16172011846726	1.4391757069123325e-16	1.3268337146388302e-16	nan	False
47	-0.2777777777777778	-0.5555555555555556	0.0	0.02	14	14	19	19	5.109866529894391	5.109866529894391	5.109866529894391	6.568861383956576e-17	5.0018012855308934e-17	nan	False
47	-0.2777777777777778	-0.5555555555555556	0.0	0.02	14	14	20	20	5.127909960672939	5.127909960672939	5.127909960672939	0.004247139948597382	0.003319796589598041	0.12255202013634113	True
47	-0.2777777777777778	-0.5555555555555556	0.0	0.02	15	16	19	19	3.9733820258336534	3.972922367665702	3.973841684001605	0.0016193299072273962	0.002944632272653347	-0.2903841691038248	True
47	-0.2777777777777778	-0.5555555555555556	0.0	0.02	15	16	20	20	3.9914254566122014	3.99096579844425	3.991885114780153	0.0005508863757634114	0.0003871269234825917	nan	False
47	-0.2777777777777778	-0.5555555555555556	0.0	0.02	17	17	19	19	2.319284950050083	2.319284950050083	2.319284950050083	2.938847955012121	0.044714798984266675	0.9700259034777313	True
47	-0.2777777777777778	-0.5555555555555556	0.0	0.02	17	17	20	20	2.337328380828631	2.337328380828631	2.337328380828631	2.35322142052414e-15	5.726215771446981e-16	nan	False
47	-0.2777777777777778	-0.5555555555555556	0.0	0.02	18	18	19	19	2.196416937962586	2.196416937962586	2.196416937962586	2.672025457637346e-16	3.050872524635229e-16	nan	False
47	-0.2777777777777778	-0.5555555555555556	0.0	0.02	18	18	20	20	2.214460368741134	2.214460368741134	2.214460368741134	3.1609063758737626	0.070036199627014	0.9566465834719091	True
48	-0.3055555555555555	-0.611111111111111	0.0	0.02	1	1	19	19	13.789986003064605	13.789986003064605	13.789986003064605	0.0037558466900132078	0.048217835632340944	-0.8554712107285961	True
48	-0.3055555555555555	-0.611111111111111	0.0	0.02	1	1	20	20	13.796678181155961	13.796678181155961	13.796678181155961	3.675020982232431e-18	2.063541933833486e-17	nan	False
48	-0.3055555555555555	-0.611111111111111	0.0	0.02	2	2	19	19	13.759676309557468	13.759676309557468	13.759676309557468	2.6667531219275524e-17	5.964612024788754e-17	nan	False
48	-0.3055555555555555	-0.611111111111111	0.0	0.02	2	2	20	20	13.766368487648824	13.766368487648824	13.766368487648824	0.004399080747041935	0.04781192260896478	-0.8314883658892246	True
48	-0.3055555555555555	-0.611111111111111	0.0	0.02	3	3	19	19	13.671323789568046	13.671323789568046	13.671323789568046	7.460589857128818e-17	1.8114597758227092e-17	nan	False
48	-0.3055555555555555	-0.611111111111111	0.0	0.02	3	3	20	20	13.678015967659402	13.678015967659402	13.678015967659402	6.946560270914133e-06	1.5927575383433682e-06	nan	False
48	-0.3055555555555555	-0.611111111111111	0.0	0.02	4	4	19	19	13.667961143633264	13.667961143633264	13.667961143633264	0.00017910182567499697	3.1269706181769326e-05	nan	False
48	-0.3055555555555555	-0.611111111111111	0.0	0.02	4	4	20	20	13.67465332172462	13.67465332172462	13.67465332172462	8.295871409573679e-18	9.407774219462892e-17	nan	False
48	-0.3055555555555555	-0.611111111111111	0.0	0.02	5	5	19	19	7.101344292807092	7.101344292807092	7.101344292807092	5.892344291593376e-16	6.458217042839382e-16	nan	False
48	-0.3055555555555555	-0.611111111111111	0.0	0.02	5	5	20	20	7.108036470898447	7.108036470898447	7.108036470898447	5.595675037721848e-07	0.00014451134540827755	nan	False
48	-0.3055555555555555	-0.611111111111111	0.0	0.02	6	6	19	19	7.093941027058747	7.093941027058747	7.093941027058747	2.628189897119749e-05	3.4023529979543587e-06	nan	False
48	-0.3055555555555555	-0.611111111111111	0.0	0.02	6	6	20	20	7.100633205150102	7.100633205150102	7.100633205150102	1.819900584683743e-16	2.2650799418044937e-16	nan	False
48	-0.3055555555555555	-0.611111111111111	0.0	0.02	7	7	19	19	6.583753006574863	6.583753006574863	6.583753006574863	6.116328887787764e-17	4.44907217034998e-16	nan	False
48	-0.3055555555555555	-0.611111111111111	0.0	0.02	7	7	20	20	6.590445184666218	6.590445184666218	6.590445184666218	0.012467704895352946	0.01846769260579436	-0.19395217760556951	True
48	-0.3055555555555555	-0.611111111111111	0.0	0.02	8	8	19	19	6.556249215506227	6.556249215506227	6.556249215506227	0.014067994457606767	0.019366240962188884	-0.15846770347992303	True
48	-0.3055555555555555	-0.611111111111111	0.0	0.02	8	8	20	20	6.562941393597582	6.562941393597582	6.562941393597582	3.5240219516343035e-16	2.0521536986137022e-16	nan	False
48	-0.3055555555555555	-0.611111111111111	0.0	0.02	9	9	19	19	5.685617673534043	5.685617673534043	5.685617673534043	9.790452804754757e-16	8.631611036092229e-16	nan	False
48	-0.3055555555555555	-0.611111111111111	0.0	0.02	9	9	20	20	5.6923098516253985	5.6923098516253985	5.6923098516253985	0.0706419125647553	0.03376130646751415	0.3532516184758816	True
48	-0.3055555555555555	-0.611111111111111	0.0	0.02	10	10	19	19	5.654594242057758	5.654594242057758	5.654594242057758	0.06852071846377404	0.039733305026546394	0.2659246511960055	True
48	-0.3055555555555555	-0.611111111111111	0.0	0.02	10	10	20	20	5.661286420149113	5.661286420149113	5.661286420149113	3.1048673535294934e-15	4.115537816707784e-16	nan	False
48	-0.3055555555555555	-0.611111111111111	0.0	0.02	11	12	19	19	5.306626195826973	5.306126474071429	5.307125917582517	0.06259868200484205	0.2867615861366874	-0.6416382301407975	True
48	-0.3055555555555555	-0.611111111111111	0.0	0.02	11	12	20	20	5.313318373918328	5.312818652162784	5.313818095673872	0.055461802143956504	0.2947963266768483	-0.6833089794051217	True
48	-0.3055555555555555	-0.611111111111111	0.0	0.02	13	13	19	19	4.850023919070462	4.850023919070462	4.850023919070462	1.5907076560475735e-08	0.004356629493292491	nan	False
48	-0.3055555555555555	-0.611111111111111	0.0	0.02	13	13	20	20	4.856716097161817	4.856716097161817	4.856716097161817	8.043668406966872e-16	2.849731689754579e-16	nan	False
48	-0.3055555555555555	-0.611111111111111	0.0	0.02	14	14	19	19	4.808922659679754	4.808922659679754	4.808922659679754	5.171184746449606e-16	1.4248983613155414e-16	nan	False
48	-0.3055555555555555	-0.611111111111111	0.0	0.02	14	14	20	20	4.815614837771109	4.815614837771109	4.815614837771109	0.00012289806172673156	0.0008177140433277201	nan	False
48	-0.3055555555555555	-0.611111111111111	0.0	0.02	15	15	19	19	4.01780004094743	4.01780004094743	4.01780004094743	5.414745443921487e-16	3.986493746747093e-16	nan	False
48	-0.3055555555555555	-0.611111111111111	0.0	0.02	15	15	20	20	4.024492219038785	4.024492219038785	4.024492219038785	6.039126007502783e-05	1.6732369449106953e-05	nan	False
48	-0.3055555555555555	-0.611111111111111	0.0	0.02	16	16	19	19	4.003258061406097	4.003258061406097	4.003258061406097	0.001867920810269209	0.0013972927730146337	nan	False
48	-0.3055555555555555	-0.611111111111111	0.0	0.02	16	16	20	20	4.009950239497452	4.009950239497452	4.009950239497452	1.095488970887771e-15	5.317612017269465e-16	nan	False
48	-0.3055555555555555	-0.611111111111111	0.0	0.02	17	17	19	19	1.9741733726096922	1.9741733726096922	1.9741733726096922	5.7078818819927575	0.0016871930788884269	0.9994089945995207	True
48	-0.3055555555555555	-0.611111111111111	0.0	0.02	17	17	20	20	1.9808655507010473	1.9808655507010473	1.9808655507010473	3.991346607767929e-14	3.9704113908213465e-15	nan	False
48	-0.3055555555555555	-0.611111111111111	0.0	0.02	18	18	19	19	1.8356889862663233	1.8356889862663233	1.8356889862663233	1.2287188444941171e-14	5.475071393917864e-16	nan	False
48	-0.3055555555555555	-0.611111111111111	0.0	0.02	18	18	20	20	1.8423811643576784	1.8423811643576784	1.8423811643576784	6.58461712026974	0.00467587162323646	0.9985807668200551	True
49	-0.3333333333333333	-0.6666666666666666	0.0	0.02	1	1	19	19	13.683162245404208	13.683162245404208	13.683162245404208	1.7044327601154933e-16	6.19555214342827e-17	nan	False
49	-0.3333333333333333	-0.6666666666666666	0.0	0.02	1	1	20	20	13.68530825517423	13.68530825517423	13.68530825517423	2.7117197376469445e-14	0.05399610989492111	-0.9999999999989956	True
49	-0.3333333333333333	-0.6666666666666666	0.0	0.02	2	2	19	19	13.651649593872055	13.651649593872055	13.651649593872055	3.5194069880617443e-14	0.054280623943201885	-0.9999999999987033	True
49	-0.3333333333333333	-0.6666666666666666	0.0	0.02	2	2	20	20	13.653795603642076	13.653795603642076	13.653795603642076	2.7059986026862877e-17	1.8732386208256196e-17	nan	False
49	-0.3333333333333333	-0.6666666666666666	0.0	0.02	3	3	19	19	13.576205680114274	13.576205680114274	13.576205680114274	2.4822601137972346e-16	1.847764911363521e-16	nan	False
49	-0.3333333333333333	-0.6666666666666666	0.0	0.02	3	3	20	20	13.578351689884295	13.578351689884295	13.578351689884295	3.466432300128383e-19	6.720400297866415e-18	nan	False
49	-0.3333333333333333	-0.6666666666666666	0.0	0.02	4	4	19	19	13.572766697820086	13.572766697820086	13.572766697820086	3.5096229031610636e-17	8.828009469934199e-19	nan	False
49	-0.3333333333333333	-0.6666666666666666	0.0	0.02	4	4	20	20	13.574912707590107	13.574912707590107	13.574912707590107	0.00023906806130420466	2.9625824363166413e-15	nan	False
49	-0.3333333333333333	-0.6666666666666666	0.0	0.02	5	5	19	19	7.074710749993849	7.074710749993849	7.074710749993849	9.155545245553839e-15	0.0001471282552686898	nan	False
49	-0.3333333333333333	-0.6666666666666666	0.0	0.02	5	5	20	20	7.076856759763869	7.076856759763869	7.076856759763869	1.2697703386571941e-15	1.0024317931728511e-16	nan	False
49	-0.3333333333333333	-0.6666666666666666	0.0	0.02	6	6	19	19	7.067632111787771	7.067632111787771	7.067632111787771	3.7043815741927566e-16	4.56464788222012e-16	nan	False
49	-0.3333333333333333	-0.6666666666666666	0.0	0.02	6	6	20	20	7.069778121557791	7.069778121557791	7.069778121557791	2.1415841760171794e-15	2.65580069712972e-15	nan	False
49	-0.3333333333333333	-0.6666666666666666	0.0	0.02	7	7	19	19	6.32793994464805	6.32793994464805	6.32793994464805	2.5384893409860744e-13	6.2010449138150496e-12	nan	False
49	-0.3333333333333333	-0.6666666666666666	0.0	0.02	7	7	20	20	6.33008595441807	6.33008595441807	6.33008595441807	4.3290224227607196e-16	2.186292892390346e-15	nan	False
49	-0.3333333333333333	-0.6666666666666666	0.0	0.02	8	8	19	19	6.292687827002291	6.292687827002291	6.292687827002291	8.177279590033526e-16	8.437552978242636e-15	nan	False
49	-0.3333333333333333	-0.6666666666666666	0.0	0.02	8	8	20	20	6.294833836772311	6.294833836772311	6.294833836772311	2.4517987700158584e-13	6.484054400418322e-12	nan	False
49	-0.3333333333333333	-0.6666666666666666	0.0	0.02	9	9	19	19	5.808939844038137	5.808939844038137	5.808939844038137	0.13524264277769193	5.5223603467879895e-12	0.999999999918334	True
49	-0.3333333333333333	-0.6666666666666666	0.0	0.02	9	9	20	20	5.811085853808157	5.811085853808157	5.811085853808157	3.646899168035792e-15	4.817285003773715e-17	nan	False
49	-0.3333333333333333	-0.6666666666666666	0.0	0.02	10	10	19	19	5.777571529469548	5.777571529469548	5.777571529469548	1.2766064094927635e-14	5.45574241239253e-17	nan	False
49	-0.3333333333333333	-0.6666666666666666	0.0	0.02	10	10	20	20	5.779717539239568	5.779717539239568	5.779717539239568	0.1403315250172796	6.95665747230123e-12	0.999999999900854	True
49	-0.3333333333333333	-0.6666666666666666	0.0	0.02	11	11	19	19	5.287158859120425	5.287158859120425	5.287158859120425	2.4581224193407985e-16	5.750048541086089e-16	nan	False
49	-0.3333333333333333	-0.6666666666666666	0.0	0.02	11	11	20	20	5.289304868890445	5.289304868890445	5.289304868890445	2.8999025403209077e-12	0.454246765335349	-0.999999999987232	True
49	-0.3333333333333333	-0.6666666666666666	0.0	0.02	12	12	19	19	5.279650178712784	5.279650178712784	5.279650178712784	2.1360690993788008e-12	0.46930658485702004	-0.999999999990897	True
49	-0.3333333333333333	-0.6666666666666666	0.0	0.02	12	12	20	20	5.281796188482804	5.281796188482804	5.281796188482804	2.333142994892583e-16	1.8678353038114582e-16	nan	False
49	-0.3333333333333333	-0.6666666666666666	0.0	0.02	13	13	19	19	4.710909965243917	4.710909965243917	4.710909965243917	1.1358918610046572e-15	6.771376514521315e-18	nan	False
49	-0.3333333333333333	-0.6666666666666666	0.0	0.02	13	13	20	20	4.713055975013937	4.713055975013937	4.713055975013937	9.03140409680425e-15	0.005846858874544663	nan	False
49	-0.3333333333333333	-0.6666666666666666	0.0	0.02	14	14	19	19	4.661757036559748	4.661757036559748	4.661757036559748	2.7359134708408643e-05	2.981081635884675e-14	nan	False
49	-0.3333333333333333	-0.6666666666666666	0.0	0.02	14	14	20	20	4.663903046329768	4.663903046329768	4.663903046329768	2.0184293812059988e-15	2.204801795498943e-17	nan	False
49	-0.3333333333333333	-0.6666666666666666	0.0	0.02	15	15	19	19	4.0289557985253674	4.0289557985253674	4.0289557985253674	4.0267585968468813e-16	9.636840568450015e-16	nan	False
49	-0.3333333333333333	-0.6666666666666666	0.0	0.02	15	15	20	20	4.031101808295388	4.031101808295388	4.031101808295388	5.644489028598012e-16	2.8326993833688437e-17	nan	False
49	-0.3333333333333333	-0.6666666666666666	0.0	0.02	16	16	19	19	4.005106895313774	4.005106895313774	4.005106895313774	1.4343551624706516e-15	8.062305696540285e-16	nan	False
49	-0.3333333333333333	-0.6666666666666666	0.0	0.02	16	16	20	20	4.007252905083794	4.007252905083794	4.007252905083794	0.0019481358292772863	7.92460715104415e-14	nan	False
49	-0.3333333333333333	-0.6666666666666666	0.0	0.02	17	17	19	19	1.8251471608906014	1.8251471608906014	1.8251471608906014	1.5061625300637938e-13	1.9386494267997997e-15	nan	False
49	-0.3333333333333333	-0.6666666666666666	0.0	0.02	17	17	20	20	1.827293170660622	1.827293170660622	1.827293170660622	7.646610427270303	1.4210854715202e-13	0.9999999999999628	True
49	-0.3333333333333333	-0.6666666666666666	0.0	0.02	18	18	19	19	1.6781490509109374	1.6781490509109374	1.6781490509109374	9.27556199675888	2.1493917756743026e-13	0.9999999999999537	True
49	-0.3333333333333333	-0.6666666666666666	0.0	0.02	18	18	20	20	1.680295060680958	1.680295060680958	1.680295060680958	4.324408405669251e-14	6.671356264454893e-16	nan	False
