k_index,kx_fractional,ky_fractional,kz_fractional,weight,spin,current,electric_field,omega_spin_A2
1,0.0,0.0,0.0,0.006944444444444444,x,x,x,-107.15845492236234
1,0.0,0.0,0.0,0.006944444444444444,x,x,y,0.0004002034248073501
1,0.0,0.0,0.0,0.006944444444444444,x,x,z,-3.928614361217331e-05
1,0.0,0.0,0.0,0.006944444444444444,x,y,x,-5.712253528238432e-05
1,0.0,0.0,0.0,0.006944444444444444,x,y,y,107.15755323149133
1,0.0,0.0,0.0,0.006944444444444444,x,y,z,0.29985579551194225
1,0.0,0.0,0.0,0.006944444444444444,x,z,x,0.00011469223913294979
1,0.0,0.0,0.0,0.006944444444444444,x,z,y,50.840861807539234
1,0.0,0.0,0.0,0.006944444444444444,x,z,z,-5.6138539258746e-06
1,0.0,0.0,0.0,0.006944444444444444,y,x,x,-0.00020204527499165093
1,0.0,0.0,0.0,0.006944444444444444,y,x,y,107.15738690152557
1,0.0,0.0,0.0,0.006944444444444444,y,x,z,-0.2980741044760356
1,0.0,0.0,0.0,0.006944444444444444,y,y,x,107.15758462945723
1,0.0,0.0,0.0,0.006944444444444444,y,y,y,0.00014106710944019517
1,0.0,0.0,0.0,0.006944444444444444,y,y,z,3.929009552098902e-05
1,0.0,0.0,0.0,0.006944444444444444,y,z,x,-50.841464111413394
1,0.0,0.0,0.0,0.006944444444444444,y,z,y,-0.00011470026805692308
1,0.0,0.0,0.0,0.006944444444444444,y,z,z,1.0371994238772532e-05
1,0.0,0.0,0.0,0.006944444444444444,z,x,x,1.0577417382384353e-05
1,0.0,0.0,0.0,0.006944444444444444,z,x,y,245.90285280406874
1,0.0,0.0,0.0,0.006944444444444444,z,x,z,-0.0003695748062281225
1,0.0,0.0,0.0,0.006944444444444444,z,y,x,-245.9031800316388
1,0.0,0.0,0.0,0.006944444444444444,z,y,y,-1.0568099036712206e-05
1,0.0,0.0,0.0,0.006944444444444444,z,y,z,8.077004928366087e-05
1,0.0,0.0,0.0,0.006944444444444444,z,z,x,0.00014400804445035
1,0.0,0.0,0.0,0.006944444444444444,z,z,y,-3.900328286788695e-05
1,0.0,0.0,0.0,0.006944444444444444,z,z,z,-4.3787455328061766e-10
2,0.0,0.0833333333333333,0.0,0.006944444444444444,x,x,x,-32.1524662537261
2,0.0,0.0833333333333333,0.0,0.006944444444444444,x,x,y,0.0001394459830132639
2,0.0,0.0833333333333333,0.0,0.006944444444444444,x,x,z,9.106219632878965e-06
2,0.0,0.0833333333333333,0.0,0.006944444444444444,x,y,x,-0.00010277121142837406
2,0.0,0.0833333333333333,0.0,0.006944444444444444,x,y,y,12.929572331646957
2,0.0,0.0833333333333333,0.0,0.006944444444444444,x,y,z,1.1620841602019878
2,0.0,0.0833333333333333,0.0,0.006944444444444444,x,z,x,5.9817905116668735e-05
2,0.0,0.0833333333333333,0.0,0.006944444444444444,x,z,y,13.55212853557891
2,0.0,0.0833333333333333,0.0,0.006944444444444444,x,z,z,1.2781002225832043
2,0.0,0.0833333333333333,0.0,0.006944444444444444,y,x,x,-3.2506719431519414e-05
2,0.0,0.0833333333333333,0.0,0.006944444444444444,y,x,y,31.390304291764785
2,0.0,0.0833333333333333,0.0,0.006944444444444444,y,x,z,4.482682003796034
2,0.0,0.0833333333333333,0.0,0.006944444444444444,y,y,x,5.4553561212228745
2,0.0,0.0833333333333333,0.0,0.006944444444444444,y,y,y,5.7570543510797484e-05
2,0.0,0.0833333333333333,0.0,0.006944444444444444,y,y,z,-1.1908765643478593e-05
2,0.0,0.0833333333333333,0.0,0.006944444444444444,y,z,x,-8.403526641324515
2,0.0,0.0833333333333333,0.0,0.006944444444444444,y,z,y,1.6862197817503049e-06
2,0.0,0.0833333333333333,0.0,0.006944444444444444,y,z,z,-2.3839695308931443e-06
2,0.0,0.0833333333333333,0.0,0.006944444444444444,z,x,x,5.593651512061499e-05
2,0.0,0.0833333333333333,0.0,0.006944444444444444,z,x,y,41.05857564054695
2,0.0,0.0833333333333333,0.0,0.006944444444444444,z,x,z,0.16701857203084547
2,0.0,0.0833333333333333,0.0,0.006944444444444444,z,y,x,-38.4813897746757
2,0.0,0.0833333333333333,0.0,0.006944444444444444,z,y,y,-5.937567836064276e-05
2,0.0,0.0833333333333333,0.0,0.006944444444444444,z,y,z,-1.167426679218935e-05
2,0.0,0.0833333333333333,0.0,0.006944444444444444,z,z,x,-7.419952641793273
2,0.0,0.0833333333333333,0.0,0.006944444444444444,z,z,y,-6.362539165440268e-06
2,0.0,0.0833333333333333,0.0,0.006944444444444444,z,z,z,2.391002646638088e-07
3,0.0,0.1666666666666667,0.0,0.006944444444444444,x,x,x,-8.736891001590957
3,0.0,0.1666666666666667,0.0,0.006944444444444444,x,x,y,2.1854510833178263e-05
3,0.0,0.1666666666666667,0.0,0.006944444444444444,x,x,z,-3.92414479483183e-06
3,0.0,0.1666666666666667,0.0,0.006944444444444444,x,y,x,-1.5346460424123962e-05
3,0.0,0.1666666666666667,0.0,0.006944444444444444,x,y,y,0.9157446916528753
3,0.0,0.1666666666666667,0.0,0.006944444444444444,x,y,z,1.1317848420327452
3,0.0,0.1666666666666667,0.0,0.006944444444444444,x,z,x,1.3534534040163535e-05
3,0.0,0.1666666666666667,0.0,0.006944444444444444,x,z,y,3.9122051346402924
3,0.0,0.1666666666666667,0.0,0.006944444444444444,x,z,z,0.9822366324497535
3,0.0,0.1666666666666667,0.0,0.006944444444444444,y,x,x,-2.0239210718544137e-06
3,0.0,0.1666666666666667,0.0,0.006944444444444444,y,x,y,19.21864819046603
3,0.0,0.1666666666666667,0.0,0.006944444444444444,y,x,z,4.099015019458163
3,0.0,0.1666666666666667,0.0,0.006944444444444444,y,y,x,-12.942894478932818
3,0.0,0.1666666666666667,0.0,0.006944444444444444,y,y,y,1.049823625415483e-05
3,0.0,0.1666666666666667,0.0,0.006944444444444444,y,y,z,-1.8522024312569058e-06
3,0.0,0.1666666666666667,0.0,0.006944444444444444,y,z,x,-6.858511042252996
3,0.0,0.1666666666666667,0.0,0.006944444444444444,y,z,y,2.9660832087592443e-06
3,0.0,0.1666666666666667,0.0,0.006944444444444444,y,z,z,-4.07972613917151e-07
3,0.0,0.1666666666666667,0.0,0.006944444444444444,z,x,x,2.518483264349332e-05
3,0.0,0.1666666666666667,0.0,0.006944444444444444,z,x,y,6.054878492728348
3,0.0,0.1666666666666667,0.0,0.006944444444444444,z,x,z,-0.5915731819858949
3,0.0,0.1666666666666667,0.0,0.006944444444444444,z,y,x,0.09886089641117701
3,0.0,0.1666666666666667,0.0,0.006944444444444444,z,y,y,-2.8115058604253277e-05
3,0.0,0.1666666666666667,0.0,0.006944444444444444,z,y,z,-2.8891366432329417e-06
3,0.0,0.1666666666666667,0.0,0.006944444444444444,z,z,x,-5.512766190002737
3,0.0,0.1666666666666667,0.0,0.006944444444444444,z,z,y,3.506637433575531e-07
3,0.0,0.1666666666666667,0.0,0.006944444444444444,z,z,z,-3.4589052873393615e-07
4,0.0,0.25,0.0,0.006944444444444444,x,x,x,0.6569796955521514
4,0.0,0.25,0.0,0.006944444444444444,x,x,y,5.683375921638637e-06
4,0.0,0.25,0.0,0.006944444444444444,x,x,z,-5.730884827039628e-06
4,0.0,0.25,0.0,0.006944444444444444,x,y,x,-1.2517558150132909e-05
4,0.0,0.25,0.0,0.006944444444444444,x,y,y,-1.5611439344975013
4,0.0,0.25,0.0,0.006944444444444444,x,y,z,0.6142135299148723
4,0.0,0.25,0.0,0.006944444444444444,x,z,x,2.0378019571395245e-06
4,0.0,0.25,0.0,0.006944444444444444,x,z,y,0.47855093211233907
4,0.0,0.25,0.0,0.006944444444444444,x,z,z,0.41817482705614645
4,0.0,0.25,0.0,0.006944444444444444,y,x,x,9.471686599752322e-06
4,0.0,0.25,0.0,0.006944444444444444,y,x,y,14.245691275189312
4,0.0,0.25,0.0,0.006944444444444444,y,x,z,3.291335300676558
4,0.0,0.25,0.0,0.006944444444444444,y,y,x,-12.440908879900293
4,0.0,0.25,0.0,0.006944444444444444,y,y,y,-1.4200130465025583e-06
4,0.0,0.25,0.0,0.006944444444444444,y,y,z,-1.4182833449970816e-06
4,0.0,0.25,0.0,0.006944444444444444,y,z,x,-5.557726511738276
4,0.0,0.25,0.0,0.006944444444444444,y,z,y,4.782336188028421e-09
4,0.0,0.25,0.0,0.006944444444444444,y,z,z,-6.197236691571123e-07
4,0.0,0.25,0.0,0.006944444444444444,z,x,x,1.4857472323119005e-05
4,0.0,0.25,0.0,0.006944444444444444,z,x,y,-5.460195262350669
4,0.0,0.25,0.0,0.006944444444444444,z,x,z,-1.5775315191717771
4,0.0,0.25,0.0,0.006944444444444444,z,y,x,6.435320880258537
4,0.0,0.25,0.0,0.006944444444444444,z,y,y,-1.0242904648626622e-05
4,0.0,0.25,0.0,0.006944444444444444,z,y,z,3.282934916159999e-06
4,0.0,0.25,0.0,0.006944444444444444,z,z,x,-0.7932460470694438
4,0.0,0.25,0.0,0.006944444444444444,z,z,y,-5.167526020692146e-06
4,0.0,0.25,0.0,0.006944444444444444,z,z,z,-1.5347712992646667e-07
5,0.0,0.3333333333333333,0.0,0.006944444444444444,x,x,x,2.401313707386713
5,0.0,0.3333333333333333,0.0,0.006944444444444444,x,x,y,6.939510834959581e-06
5,0.0,0.3333333333333333,0.0,0.006944444444444444,x,x,z,-3.872726828916731e-06
5,0.0,0.3333333333333333,0.0,0.006944444444444444,x,y,x,-1.3905595698558091e-05
5,0.0,0.3333333333333333,0.0,0.006944444444444444,x,y,y,-0.6129846731432603
5,0.0,0.3333333333333333,0.0,0.006944444444444444,x,y,z,0.23760346858827436
5,0.0,0.3333333333333333,0.0,0.006944444444444444,x,z,x,8.544059973586798e-07
5,0.0,0.3333333333333333,0.0,0.006944444444444444,x,z,y,-0.8946381713665318
5,0.0,0.3333333333333333,0.0,0.006944444444444444,x,z,z,-0.020928784194284598
5,0.0,0.3333333333333333,0.0,0.006944444444444444,y,x,x,5.274469890157665e-06
5,0.0,0.3333333333333333,0.0,0.006944444444444444,y,x,y,1.7427636321464983
5,0.0,0.3333333333333333,0.0,0.006944444444444444,y,x,z,1.7150075705840138
5,0.0,0.3333333333333333,0.0,0.006944444444444444,y,y,x,-1.8127922817048001
5,0.0,0.3333333333333333,0.0,0.006944444444444444,y,y,y,-4.043215575719834e-07
5,0.0,0.3333333333333333,0.0,0.006944444444444444,y,y,z,1.6218963595484383e-07
5,0.0,0.3333333333333333,0.0,0.006944444444444444,y,z,x,-2.3137291281804355
5,0.0,0.3333333333333333,0.0,0.006944444444444444,y,z,y,-1.6711528290376363e-06
5,0.0,0.3333333333333333,0.0,0.006944444444444444,y,z,z,-3.9641585575074536e-07
5,0.0,0.3333333333333333,0.0,0.006944444444444444,z,x,x,4.229853361658521e-06
5,0.0,0.3333333333333333,0.0,0.006944444444444444,z,x,y,-2.6685605992514816
5,0.0,0.3333333333333333,0.0,0.006944444444444444,z,x,z,-1.5886718929708454
5,0.0,0.3333333333333333,0.0,0.006944444444444444,z,y,x,1.4467980461239316
5,0.0,0.3333333333333333,0.0,0.006944444444444444,z,y,y,-1.1264930273987894e-06
5,0.0,0.3333333333333333,0.0,0.006944444444444444,z,y,z,3.574130340467511e-06
5,0.0,0.3333333333333333,0.0,0.006944444444444444,z,z,x,1.65927396657956
5,0.0,0.3333333333333333,0.0,0.006944444444444444,z,z,y,-5.488803416403149e-06
5,0.0,0.3333333333333333,0.0,0.006944444444444444,z,z,z,2.6758588810771235e-07
6,0.0,0.4166666666666667,0.0,0.006944444444444444,x,x,x,1.5848284553220449
6,0.0,0.4166666666666667,0.0,0.006944444444444444,x,x,y,5.825324850376334e-06
6,0.0,0.4166666666666667,0.0,0.006944444444444444,x,x,z,-2.6284989960930716e-06
6,0.0,0.4166666666666667,0.0,0.006944444444444444,x,y,x,-9.95165890726895e-06
6,0.0,0.4166666666666667,0.0,0.006944444444444444,x,y,y,-0.12244358708156804
6,0.0,0.4166666666666667,0.0,0.006944444444444444,x,y,z,0.18887375980480126
6,0.0,0.4166666666666667,0.0,0.006944444444444444,x,z,x,9.838868935663633e-07
6,0.0,0.4166666666666667,0.0,0.006944444444444444,x,z,y,-0.7549845038224094
6,0.0,0.4166666666666667,0.0,0.006944444444444444,x,z,z,-0.17666484886061518
6,0.0,0.4166666666666667,0.0,0.006944444444444444,y,x,x,2.1573499123569866e-06
6,0.0,0.4166666666666667,0.0,0.006944444444444444,y,x,y,-2.556092390213164
6,0.0,0.4166666666666667,0.0,0.006944444444444444,y,x,z,0.8224482454459896
6,0.0,0.4166666666666667,0.0,0.006944444444444444,y,y,x,1.9923529353332483
6,0.0,0.4166666666666667,0.0,0.006944444444444444,y,y,y,3.829795790686386e-07
6,0.0,0.4166666666666667,0.0,0.006944444444444444,y,y,z,7.325883991694629e-07
6,0.0,0.4166666666666667,0.0,0.006944444444444444,y,z,x,-0.8531979082573742
6,0.0,0.4166666666666667,0.0,0.006944444444444444,y,z,y,-1.6326853326811324e-06
6,0.0,0.4166666666666667,0.0,0.006944444444444444,y,z,z,-2.509139444941934e-07
6,0.0,0.4166666666666667,0.0,0.006944444444444444,z,x,x,1.1908795583190278e-06
6,0.0,0.4166666666666667,0.0,0.006944444444444444,z,x,y,0.1732596238677743
6,0.0,0.4166666666666667,0.0,0.006944444444444444,z,x,z,-1.2586433821299505
6,0.0,0.4166666666666667,0.0,0.006944444444444444,z,y,x,-1.3642342506325884
6,0.0,0.4166666666666667,0.0,0.006944444444444444,z,y,y,3.922342957303972e-07
6,0.0,0.4166666666666667,0.0,0.006944444444444444,z,y,z,2.3656211955623246e-06
6,0.0,0.4166666666666667,0.0,0.006944444444444444,z,z,x,1.6849227680528744
6,0.0,0.4166666666666667,0.0,0.006944444444444444,z,z,y,-3.8444376899840784e-06
6,0.0,0.4166666666666667,0.0,0.006944444444444444,z,z,z,2.8172389848790396e-07
7,0.0,0.5,0.0,0.006944444444444444,x,x,x,1.2055537114544723
7,0.0,0.5,0.0,0.006944444444444444,x,x,y,5.1261642529187255e-06
7,0.0,0.5,0.0,0.006944444444444444,x,x,z,-2.208670342582224e-06
7,0.0,0.5,0.0,0.006944444444444444,x,y,x,-7.5094221477761435e-06
7,0.0,0.5,0.0,0.006944444444444444,x,y,y,-0.028251647067263685
7,0.0,0.5,0.0,0.006944444444444444,x,y,z,0.20375644013885577
7,0.0,0.5,0.0,0.006944444444444444,x,z,x,1.0739292469465136e-06
7,0.0,0.5,0.0,0.006944444444444444,x,z,y,-0.6510290249413943
7,0.0,0.5,0.0,0.006944444444444444,x,z,z,-0.20353378670466798
7,0.0,0.5,0.0,0.006944444444444444,y,x,x,1.1387828175441266e-06
7,0.0,0.5,0.0,0.006944444444444444,y,x,y,-3.261057571305802
7,0.0,0.5,0.0,0.006944444444444444,y,x,z,0.586939085610798
7,0.0,0.5,0.0,0.006944444444444444,y,y,x,2.659195482499996
7,0.0,0.5,0.0,0.006944444444444444,y,y,y,4.879741664195308e-07
7,0.0,0.5,0.0,0.006944444444444444,y,y,z,7.537153330928572e-07
7,0.0,0.5,0.0,0.006944444444444444,y,z,x,-0.5227266413107646
7,0.0,0.5,0.0,0.006944444444444444,y,z,y,-1.4272216579149813e-06
7,0.0,0.5,0.0,0.006944444444444444,y,z,z,-2.2581185052527215e-07
7,0.0,0.5,0.0,0.006944444444444444,z,x,x,4.0873192518016865e-07
7,0.0,0.5,0.0,0.006944444444444444,z,x,y,0.9129689710619266
7,0.0,0.5,0.0,0.006944444444444444,z,x,z,-1.1566437242340082
7,0.0,0.5,0.0,0.006944444444444444,z,y,x,-1.9322815699265103
7,0.0,0.5,0.0,0.006944444444444444,z,y,y,4.1375090508635867e-07
7,0.0,0.5,0.0,0.006944444444444444,z,y,z,1.9019816822678725e-06
7,0.0,0.5,0.0,0.006944444444444444,z,z,x,1.6151562921350457
7,0.0,0.5,0.0,0.006944444444444444,z,z,y,-3.173618621799557e-06
7,0.0,0.5,0.0,0.006944444444444444,z,z,z,3.1111407541564563e-07
8,0.0,-0.4166666666666666,0.0,0.006944444444444444,x,x,x,1.5848284729184656
8,0.0,-0.4166666666666666,0.0,0.006944444444444444,x,x,y,5.824755411941947e-06
8,0.0,-0.4166666666666666,0.0,0.006944444444444444,x,x,z,-2.6298767078131503e-06
8,0.0,-0.4166666666666666,0.0,0.006944444444444444,x,y,x,-9.957049715375662e-06
8,0.0,-0.4166666666666666,0.0,0.006944444444444444,x,y,y,-0.1224435868868809
8,0.0,-0.4166666666666666,0.0,0.006944444444444444,x,y,z,0.18887376642348275
8,0.0,-0.4166666666666666,0.0,0.006944444444444444,x,z,x,9.906366330007646e-07
8,0.0,-0.4166666666666666,0.0,0.006944444444444444,x,z,y,-0.754984501960912
8,0.0,-0.4166666666666666,0.0,0.006944444444444444,x,z,z,-0.17666484642629635
8,0.0,-0.4166666666666666,0.0,0.006944444444444444,y,x,x,2.156348618777832e-06
8,0.0,-0.4166666666666666,0.0,0.006944444444444444,y,x,y,-2.5560923936972335
8,0.0,-0.4166666666666666,0.0,0.006944444444444444,y,x,z,0.8224482427849708
8,0.0,-0.4166666666666666,0.0,0.006944444444444444,y,y,x,1.9923529325417433
8,0.0,-0.4166666666666666,0.0,0.006944444444444444,y,y,y,3.845687682896699e-07
8,0.0,-0.4166666666666666,0.0,0.006944444444444444,y,y,z,7.325907175355905e-07
8,0.0,-0.4166666666666666,0.0,0.006944444444444444,y,z,x,-0.8531979060904286
8,0.0,-0.4166666666666666,0.0,0.006944444444444444,y,z,y,-1.6308869039564107e-06
8,0.0,-0.4166666666666666,0.0,0.006944444444444444,y,z,z,-2.5160819836144107e-07
8,0.0,-0.4166666666666666,0.0,0.006944444444444444,z,x,x,1.1921628068140895e-06
8,0.0,-0.4166666666666666,0.0,0.006944444444444444,z,x,y,0.17325962234270542
8,0.0,-0.4166666666666666,0.0,0.006944444444444444,z,x,z,-1.258643374424684
8,0.0,-0.4166666666666666,0.0,0.006944444444444444,z,y,x,-1.3642342393406508
8,0.0,-0.4166666666666666,0.0,0.006944444444444444,z,y,y,3.9193760777482863e-07
8,0.0,-0.4166666666666666,0.0,0.006944444444444444,z,y,z,2.3674428881223727e-06
8,0.0,-0.4166666666666666,0.0,0.006944444444444444,z,z,x,1.6849227688415969
8,0.0,-0.4166666666666666,0.0,0.006944444444444444,z,z,y,-3.847131001876243e-06
8,0.0,-0.4166666666666666,0.0,0.006944444444444444,z,z,z,2.8247067183473007e-07
9,0.0,-0.3333333333333334,0.0,0.006944444444444444,x,x,x,2.40131371043889
9,0.0,-0.3333333333333334,0.0,0.006944444444444444,x,x,y,6.938761854890576e-06
9,0.0,-0.3333333333333334,0.0,0.006944444444444444,x,x,z,-3.874570065544605e-06
9,0.0,-0.3333333333333334,0.0,0.006944444444444444,x,y,x,-1.3906179423643286e-05
9,0.0,-0.3333333333333334,0.0,0.006944444444444444,x,y,y,-0.6129846749362893
9,0.0,-0.3333333333333334,0.0,0.006944444444444444,x,y,z,0.23760346897632625
9,0.0,-0.3333333333333334,0.0,0.006944444444444444,x,z,x,8.49269760501458e-07
9,0.0,-0.3333333333333334,0.0,0.006944444444444444,x,z,y,-0.8946381705285804
9,0.0,-0.3333333333333334,0.0,0.006944444444444444,x,z,z,-0.020928784127508725
9,0.0,-0.3333333333333334,0.0,0.006944444444444444,y,x,x,5.271212573465338e-06
9,0.0,-0.3333333333333334,0.0,0.006944444444444444,y,x,y,1.7427636307225736
9,0.0,-0.3333333333333334,0.0,0.006944444444444444,y,x,z,1.7150075719393894
9,0.0,-0.3333333333333334,0.0,0.006944444444444444,y,y,x,-1.8127922846806475
9,0.0,-0.3333333333333334,0.0,0.006944444444444444,y,y,y,-4.041892372437525e-07
9,0.0,-0.3333333333333334,0.0,0.006944444444444444,y,y,z,1.6148993293029921e-07
9,0.0,-0.3333333333333334,0.0,0.006944444444444444,y,z,x,-2.313729129897602
9,0.0,-0.3333333333333334,0.0,0.006944444444444444,y,z,y,-1.6701255885083692e-06
9,0.0,-0.3333333333333334,0.0,0.006944444444444444,y,z,z,-3.9631865015205556e-07
9,0.0,-0.3333333333333334,0.0,0.006944444444444444,z,x,x,4.228517537465961e-06
9,0.0,-0.3333333333333334,0.0,0.006944444444444444,z,x,y,-2.668560598495635
9,0.0,-0.3333333333333334,0.0,0.006944444444444444,z,x,z,-1.5886718928221708
9,0.0,-0.3333333333333334,0.0,0.006944444444444444,z,y,x,1.4467980427028062
9,0.0,-0.3333333333333334,0.0,0.006944444444444444,z,y,y,-1.1266582633550953e-06
9,0.0,-0.3333333333333334,0.0,0.006944444444444444,z,y,z,3.572658175434827e-06
9,0.0,-0.3333333333333334,0.0,0.006944444444444444,z,z,x,1.6592739677687474
9,0.0,-0.3333333333333334,0.0,0.006944444444444444,z,z,y,-5.487754563804936e-06
9,0.0,-0.3333333333333334,0.0,0.006944444444444444,z,z,z,2.6793152658746205e-07
10,0.0,-0.25,0.0,0.006944444444444444,x,x,x,0.6569796736590472
10,0.0,-0.25,0.0,0.006944444444444444,x,x,y,5.688262585815041e-06
10,0.0,-0.25,0.0,0.006944444444444444,x,x,z,-5.732494805287894e-06
10,0.0,-0.25,0.0,0.006944444444444444,x,y,x,-1.252278709212701e-05
10,0.0,-0.25,0.0,0.006944444444444444,x,y,y,-1.561143933775713
10,0.0,-0.25,0.0,0.006944444444444444,x,y,z,0.6142135310360148
10,0.0,-0.25,0.0,0.006944444444444444,x,z,x,2.0431060071863128e-06
10,0.0,-0.25,0.0,0.006944444444444444,x,z,y,0.4785509315219865
10,0.0,-0.25,0.0,0.006944444444444444,x,z,z,0.4181748281106443
10,0.0,-0.25,0.0,0.006944444444444444,y,x,x,9.476962752712315e-06
10,0.0,-0.25,0.0,0.006944444444444444,y,x,y,14.245691275269612
10,0.0,-0.25,0.0,0.006944444444444444,y,x,z,3.291335283186707
10,0.0,-0.25,0.0,0.006944444444444444,y,y,x,-12.440908881090408
10,0.0,-0.25,0.0,0.006944444444444444,y,y,y,-1.421177302869332e-06
10,0.0,-0.25,0.0,0.006944444444444444,y,y,z,-1.4142795635249316e-06
10,0.0,-0.25,0.0,0.006944444444444444,y,z,x,-5.557726500488065
10,0.0,-0.25,0.0,0.006944444444444444,y,z,y,-7.198251476170814e-09
10,0.0,-0.25,0.0,0.006944444444444444,y,z,z,-6.200776702411197e-07
10,0.0,-0.25,0.0,0.006944444444444444,z,x,x,1.485811448925718e-05
10,0.0,-0.25,0.0,0.006944444444444444,z,x,y,-5.460195271711353
10,0.0,-0.25,0.0,0.006944444444444444,z,x,z,-1.577531509169701
10,0.0,-0.25,0.0,0.006944444444444444,z,y,x,6.435320885444009
10,0.0,-0.25,0.0,0.006944444444444444,z,y,y,-1.0240978999972475e-05
10,0.0,-0.25,0.0,0.006944444444444444,z,y,z,3.2839042416850714e-06
10,0.0,-0.25,0.0,0.006944444444444444,z,z,x,-0.7932460753353746
10,0.0,-0.25,0.0,0.006944444444444444,z,z,y,-5.162391017170427e-06
10,0.0,-0.25,0.0,0.006944444444444444,z,z,z,-1.5389958016477764e-07
11,0.0,-0.1666666666666666,0.0,0.006944444444444444,x,x,x,-8.736891004206491
11,0.0,-0.1666666666666666,0.0,0.006944444444444444,x,x,y,2.1853445457723513e-05
11,0.0,-0.1666666666666666,0.0,0.006944444444444444,x,x,z,-3.922422481624765e-06
11,0.0,-0.1666666666666666,0.0,0.006944444444444444,x,y,x,-1.5337747067862568e-05
11,0.0,-0.1666666666666666,0.0,0.006944444444444444,x,y,y,0.9157446912966227
11,0.0,-0.1666666666666666,0.0,0.006944444444444444,x,y,z,1.1317848398510217
11,0.0,-0.1666666666666666,0.0,0.006944444444444444,x,z,x,1.353592377136184e-05
11,0.0,-0.1666666666666666,0.0,0.006944444444444444,x,z,y,3.91220513693045
11,0.0,-0.1666666666666666,0.0,0.006944444444444444,x,z,z,0.9822366322303431
11,0.0,-0.1666666666666666,0.0,0.006944444444444444,y,x,x,-2.021035167157355e-06
11,0.0,-0.1666666666666666,0.0,0.006944444444444444,y,x,y,19.218648198433247
11,0.0,-0.1666666666666666,0.0,0.006944444444444444,y,x,z,4.099015024285655
11,0.0,-0.1666666666666666,0.0,0.006944444444444444,y,y,x,-12.942894486153081
11,0.0,-0.1666666666666666,0.0,0.006944444444444444,y,y,y,1.049749970490772e-05
11,0.0,-0.1666666666666666,0.0,0.006944444444444444,y,y,z,-1.8523616107844022e-06
11,0.0,-0.1666666666666666,0.0,0.006944444444444444,y,z,x,-6.858511044138849
11,0.0,-0.1666666666666666,0.0,0.006944444444444444,y,z,y,2.9671681386696003e-06
11,0.0,-0.1666666666666666,0.0,0.006944444444444444,y,z,z,-4.0735130172212604e-07
11,0.0,-0.1666666666666666,0.0,0.006944444444444444,z,x,x,2.5184636692033366e-05
11,0.0,-0.1666666666666666,0.0,0.006944444444444444,z,x,y,6.054878497628864
11,0.0,-0.1666666666666666,0.0,0.006944444444444444,z,x,z,-0.5915731899012295
11,0.0,-0.1666666666666666,0.0,0.006944444444444444,z,y,x,0.09886089352772454
11,0.0,-0.1666666666666666,0.0,0.006944444444444444,z,y,y,-2.811738136148309e-05
11,0.0,-0.1666666666666666,0.0,0.006944444444444444,z,y,z,-2.88959325303517e-06
11,0.0,-0.1666666666666666,0.0,0.006944444444444444,z,z,x,-5.512766176022555
11,0.0,-0.1666666666666666,0.0,0.006944444444444444,z,z,y,3.4628049836421375e-07
11,0.0,-0.1666666666666666,0.0,0.006944444444444444,z,z,z,-3.482577289914458e-07
12,0.0,-0.0833333333333334,0.0,0.006944444444444444,x,x,x,-32.15246627741462
12,0.0,-0.0833333333333334,0.0,0.006944444444444444,x,x,y,0.00013944323261131218
12,0.0,-0.0833333333333334,0.0,0.006944444444444444,x,x,z,9.104902728411865e-06
12,0.0,-0.0833333333333334,0.0,0.006944444444444444,x,y,x,-0.00010277019377138355
12,0.0,-0.0833333333333334,0.0,0.006944444444444444,x,y,y,12.929572338849031
12,0.0,-0.0833333333333334,0.0,0.006944444444444444,x,y,z,1.1620841547923226
12,0.0,-0.0833333333333334,0.0,0.006944444444444444,x,z,x,5.98254018589746e-05
12,0.0,-0.0833333333333334,0.0,0.006944444444444444,x,z,y,13.552128552371258
12,0.0,-0.0833333333333334,0.0,0.006944444444444444,x,z,z,1.2781002256647476
12,0.0,-0.0833333333333334,0.0,0.006944444444444444,y,x,x,-3.250944140077804e-05
12,0.0,-0.0833333333333334,0.0,0.006944444444444444,y,x,y,31.39030432466255
12,0.0,-0.0833333333333334,0.0,0.006944444444444444,y,x,z,4.482682029603127
12,0.0,-0.0833333333333334,0.0,0.006944444444444444,y,y,x,5.455356100792925
12,0.0,-0.0833333333333334,0.0,0.006944444444444444,y,y,y,5.7572836695633645e-05
12,0.0,-0.0833333333333334,0.0,0.006944444444444444,y,y,z,-1.1908348667700552e-05
12,0.0,-0.0833333333333334,0.0,0.006944444444444444,y,z,x,-8.403526676399121
12,0.0,-0.0833333333333334,0.0,0.006944444444444444,y,z,y,1.695184207400801e-06
12,0.0,-0.0833333333333334,0.0,0.006944444444444444,y,z,z,-2.3838135655579066e-06
12,0.0,-0.0833333333333334,0.0,0.006944444444444444,z,x,x,5.593878082568376e-05
12,0.0,-0.0833333333333334,0.0,0.006944444444444444,z,x,y,41.05857565782748
12,0.0,-0.0833333333333334,0.0,0.006944444444444444,z,x,z,0.16701855305804414
12,0.0,-0.0833333333333334,0.0,0.006944444444444444,z,y,x,-38.48138979747033
12,0.0,-0.0833333333333334,0.0,0.006944444444444444,z,y,y,-5.9375066719678806e-05
12,0.0,-0.0833333333333334,0.0,0.006944444444444444,z,y,z,-1.1676311232269043e-05
12,0.0,-0.0833333333333334,0.0,0.006944444444444444,z,z,x,-7.41995263411583
12,0.0,-0.0833333333333334,0.0,0.006944444444444444,z,z,y,-6.357617700492278e-06
12,0.0,-0.0833333333333334,0.0,0.006944444444444444,z,z,z,2.3955527331246713e-07
13,0.0833333333333333,0.0,0.0,0.006944444444444444,x,x,x,-14.64674385391209
13,0.0833333333333333,0.0,0.0,0.006944444444444444,x,x,y,13.01370385928186
13,0.0833333333333333,0.0,0.0,0.006944444444444444,x,x,z,-2.444288148351569
13,0.0833333333333333,0.0,0.0,0.006944444444444444,x,y,x,-9.447283351975218
13,0.0833333333333333,0.0,0.0,0.006944444444444444,x,y,y,24.258063371617848
13,0.0833333333333333,0.0,0.0,0.006944444444444444,x,y,z,-3.0716205144360913
13,0.0833333333333333,0.0,0.0,0.006944444444444444,x,z,x,-2.229368029817526
13,0.0833333333333333,0.0,0.0,0.006944444444444444,x,z,y,9.690779891463702
13,0.0833333333333333,0.0,0.0,0.006944444444444444,x,z,z,-0.6390532401204844
13,0.0833333333333333,0.0,0.0,0.006944444444444444,y,x,x,6.540454432009626
13,0.0833333333333333,0.0,0.0,0.006944444444444444,y,x,y,15.027612089944242
13,0.0833333333333333,0.0,0.0,0.006944444444444444,y,x,z,0.24918628271605844
13,0.0833333333333333,0.0,0.0,0.006944444444444444,y,y,x,27.99514292412022
13,0.0833333333333333,0.0,0.0,0.006944444444444444,y,y,y,10.106832684477355
13,0.0833333333333333,0.0,0.0,0.006944444444444444,y,y,z,2.4443171454146766
13,0.0833333333333333,0.0,0.0,0.006944444444444444,y,z,x,-12.265084314720117
13,0.0833333333333333,0.0,0.0,0.006944444444444444,y,z,y,2.229298541776966
13,0.0833333333333333,0.0,0.0,0.006944444444444444,y,z,z,-1.1068707149440238
13,0.0833333333333333,0.0,0.0,0.006944444444444444,z,x,x,-1.1159528436726374
13,0.0833333333333333,0.0,0.0,0.006944444444444444,z,x,y,39.125499668672
13,0.0833333333333333,0.0,0.0,0.006944444444444444,z,x,z,-0.08340149852580508
13,0.0833333333333333,0.0,0.0,0.006944444444444444,z,y,x,-40.41420635970592
13,0.0833333333333333,0.0,0.0,0.006944444444444444,z,y,y,1.1159679849651096
13,0.0833333333333333,0.0,0.0,0.006944444444444444,z,y,z,-0.14446707770296155
13,0.0833333333333333,0.0,0.0,0.006944444444444444,z,z,x,3.709869589693527
13,0.0833333333333333,0.0,0.0,0.006944444444444444,z,z,y,6.42566312617932
13,0.0833333333333333,0.0,0.0,0.006944444444444444,z,z,z,-6.498308208446792e-06
14,0.0833333333333333,0.0833333333333333,0.0,0.006944444444444444,x,x,x,-14.646526659416843
14,0.0833333333333333,0.0833333333333333,0.0,0.006944444444444444,x,x,y,-13.01333974473829
14,0.0833333333333333,0.0833333333333333,0.0,0.006944444444444444,x,x,z,2.4442928770150223
14,0.0833333333333333,0.0833333333333333,0.0,0.006944444444444444,x,y,x,9.447074758516074
14,0.0833333333333333,0.0833333333333333,0.0,0.006944444444444444,x,y,y,24.257742371537205
14,0.0833333333333333,0.0833333333333333,0.0,0.006944444444444444,x,y,z,-3.0715999090898305
14,0.0833333333333333,0.0833333333333333,0.0,0.006944444444444444,x,z,x,2.2293027428498644
14,0.0833333333333333,0.0833333333333333,0.0,0.006944444444444444,x,z,y,9.690671483915002
14,0.0833333333333333,0.0833333333333333,0.0,0.006944444444444444,x,z,z,-0.6390542022741446
14,0.0833333333333333,0.0833333333333333,0.0,0.006944444444444444,y,x,x,-6.540390523917614
14,0.0833333333333333,0.0833333333333333,0.0,0.006944444444444444,y,x,y,15.027367284224733
14,0.0833333333333333,0.0833333333333333,0.0,0.006944444444444444,y,x,z,0.24918610187358817
14,0.0833333333333333,0.0833333333333333,0.0,0.006944444444444444,y,y,x,27.994847155658753
14,0.0833333333333333,0.0833333333333333,0.0,0.006944444444444444,y,y,y,-10.106666671332086
14,0.0833333333333333,0.0833333333333333,0.0,0.006944444444444444,y,y,z,-2.4443190721879096
14,0.0833333333333333,0.0833333333333333,0.0,0.006944444444444444,y,z,x,-12.264868923286512
14,0.0833333333333333,0.0833333333333333,0.0,0.006944444444444444,y,z,y,-2.2292947666021763
14,0.0833333333333333,0.0833333333333333,0.0,0.006944444444444444,y,z,z,1.1068676137356044
14,0.0833333333333333,0.0833333333333333,0.0,0.006944444444444444,z,x,x,1.116033471419478
14,0.0833333333333333,0.0833333333333333,0.0,0.006944444444444444,z,x,y,39.12504465776464
14,0.0833333333333333,0.0833333333333333,0.0,0.006944444444444444,z,x,z,-0.08341503182244368
14,0.0833333333333333,0.0833333333333333,0.0,0.006944444444444444,z,y,x,-40.41370930638714
14,0.0833333333333333,0.0833333333333333,0.0,0.006944444444444444,z,y,y,-1.1160451739666848
14,0.0833333333333333,0.0833333333333333,0.0,0.006944444444444444,z,y,z,0.14446716502872012
14,0.0833333333333333,0.0833333333333333,0.0,0.006944444444444444,z,z,x,3.7098484537839784
14,0.0833333333333333,0.0833333333333333,0.0,0.006944444444444444,z,z,y,-6.425639240136617
14,0.0833333333333333,0.0833333333333333,0.0,0.006944444444444444,z,z,z,6.260092028200987e-06
15,0.0833333333333333,0.1666666666666667,0.0,0.006944444444444444,x,x,x,-5.519900249454555
15,0.0833333333333333,0.1666666666666667,0.0,0.006944444444444444,x,x,y,-2.406749634962332
15,0.0833333333333333,0.1666666666666667,0.0,0.006944444444444444,x,x,z,0.3394641589950797
15,0.0833333333333333,0.1666666666666667,0.0,0.006944444444444444,x,y,x,-1.033612408970115
15,0.0833333333333333,0.1666666666666667,0.0,0.006944444444444444,x,y,y,4.531587272608253
15,0.0833333333333333,0.1666666666666667,0.0,0.006944444444444444,x,y,z,0.7801735880044084
15,0.0833333333333333,0.1666666666666667,0.0,0.006944444444444444,x,z,x,1.0788796085086032
15,0.0833333333333333,0.1666666666666667,0.0,0.006944444444444444,x,z,y,3.578916837971712
15,0.0833333333333333,0.1666666666666667,0.0,0.006944444444444444,x,z,z,0.1720218381275478
15,0.0833333333333333,0.1666666666666667,0.0,0.006944444444444444,y,x,x,0.8642612008982488
15,0.0833333333333333,0.1666666666666667,0.0,0.006944444444444444,y,x,y,3.435832176240708
15,0.0833333333333333,0.1666666666666667,0.0,0.006944444444444444,y,x,z,-0.3881895160791676
15,0.0833333333333333,0.1666666666666667,0.0,0.006944444444444444,y,y,x,2.6430181928252674
15,0.0833333333333333,0.1666666666666667,0.0,0.006944444444444444,y,y,y,-2.5760881503250936
15,0.0833333333333333,0.1666666666666667,0.0,0.006944444444444444,y,y,z,-0.33946763394987656
15,0.0833333333333333,0.1666666666666667,0.0,0.006944444444444444,y,z,x,-2.3331415033449225
15,0.0833333333333333,0.1666666666666667,0.0,0.006944444444444444,y,z,y,-1.0788654213319466
15,0.0833333333333333,0.1666666666666667,0.0,0.006944444444444444,y,z,z,0.2979528977848992
15,0.0833333333333333,0.1666666666666667,0.0,0.006944444444444444,z,x,x,0.7115194428492669
15,0.0833333333333333,0.1666666666666667,0.0,0.006944444444444444,z,x,y,7.113410361261946
15,0.0833333333333333,0.1666666666666667,0.0,0.006944444444444444,z,x,z,0.020204073226912426
15,0.0833333333333333,0.1666666666666667,0.0,0.006944444444444444,z,y,x,-6.291842897665531
15,0.0833333333333333,0.1666666666666667,0.0,0.006944444444444444,z,y,y,-0.7115358977031466
15,0.0833333333333333,0.1666666666666667,0.0,0.006944444444444444,z,y,z,0.0350079338753578
15,0.0833333333333333,0.1666666666666667,0.0,0.006944444444444444,z,z,x,-0.8870694635181167
15,0.0833333333333333,0.1666666666666667,0.0,0.006944444444444444,z,z,y,-1.5364724573167545
15,0.0833333333333333,0.1666666666666667,0.0,0.006944444444444444,z,z,z,1.2409390547853963e-06
16,0.0833333333333333,0.25,0.0,0.006944444444444444,x,x,x,-1.156176763441389
16,0.0833333333333333,0.25,0.0,0.006944444444444444,x,x,y,0.6213979592659016
16,0.0833333333333333,0.25,0.0,0.006944444444444444,x,x,z,-0.4788829531676441
16,0.0833333333333333,0.25,0.0,0.006944444444444444,x,y,x,-2.9986364263798655
16,0.0833333333333333,0.25,0.0,0.006944444444444444,x,y,y,0.3956267919892142
16,0.0833333333333333,0.25,0.0,0.006944444444444444,x,y,z,1.0195804194207507
16,0.0833333333333333,0.25,0.0,0.006944444444444444,x,z,x,0.33165570165903574
16,0.0833333333333333,0.25,0.0,0.006944444444444444,x,z,y,0.40011980241162864
16,0.0833333333333333,0.25,0.0,0.006944444444444444,x,z,z,0.23219108811471453
16,0.0833333333333333,0.25,0.0,0.006944444444444444,y,x,x,1.0120156352109209
16,0.0833333333333333,0.25,0.0,0.006944444444444444,y,x,y,3.4602436265662413
16,0.0833333333333333,0.25,0.0,0.006944444444444444,y,x,z,-0.3838330935091606
16,0.0833333333333333,0.25,0.0,0.006944444444444444,y,y,x,-2.0302025252726636
16,0.0833333333333333,0.25,0.0,0.006944444444444444,y,y,y,-0.26130144866993643
16,0.0833333333333333,0.25,0.0,0.006944444444444444,y,y,z,0.03923314730386596
16,0.0833333333333333,0.25,0.0,0.006944444444444444,y,z,x,-1.1216011717603291
16,0.0833333333333333,0.25,0.0,0.006944444444444444,y,z,y,-0.24361881903754623
16,0.0833333333333333,0.25,0.0,0.006944444444444444,y,z,z,0.10437034430810518
16,0.0833333333333333,0.25,0.0,0.006944444444444444,z,x,x,0.37218414763311825
16,0.0833333333333333,0.25,0.0,0.006944444444444444,z,x,y,-0.17019012749250437
16,0.0833333333333333,0.25,0.0,0.006944444444444444,z,x,z,-0.2401315843599994
16,0.0833333333333333,0.25,0.0,0.006944444444444444,z,y,x,0.605241163550693
16,0.0833333333333333,0.25,0.0,0.006944444444444444,z,y,y,0.42543672206546446
16,0.0833333333333333,0.25,0.0,0.006944444444444444,z,y,z,0.49806269343980186
16,0.0833333333333333,0.25,0.0,0.006944444444444444,z,z,x,-0.5518292100406249
16,0.0833333333333333,0.25,0.0,0.006944444444444444,z,z,y,-0.37477610752921303
16,0.0833333333333333,0.25,0.0,0.006944444444444444,z,z,z,-0.04338862792933583
17,0.0833333333333333,0.3333333333333333,0.0,0.006944444444444444,x,x,x,0.76617150334794
17,0.0833333333333333,0.3333333333333333,0.0,0.006944444444444444,x,x,y,0.538340589151676
17,0.0833333333333333,0.3333333333333333,0.0,0.006944444444444444,x,x,z,-0.45545435719859423
17,0.0833333333333333,0.3333333333333333,0.0,0.006944444444444444,x,y,x,-1.90961940872487
17,0.0833333333333333,0.3333333333333333,0.0,0.006944444444444444,x,y,y,-0.38023603457317706
17,0.0833333333333333,0.3333333333333333,0.0,0.006944444444444444,x,y,z,0.639511506924136
17,0.0833333333333333,0.3333333333333333,0.0,0.006944444444444444,x,z,x,0.07876368962871856
17,0.0833333333333333,0.3333333333333333,0.0,0.006944444444444444,x,z,y,-0.8043705013636233
17,0.0833333333333333,0.3333333333333333,0.0,0.006944444444444444,x,z,z,0.08791884295833334
17,0.0833333333333333,0.3333333333333333,0.0,0.006944444444444444,y,x,x,0.2982979799913384
17,0.0833333333333333,0.3333333333333333,0.0,0.006944444444444444,y,x,y,1.2590499331057698
17,0.0833333333333333,0.3333333333333333,0.0,0.006944444444444444,y,x,z,-0.13686914611002976
17,0.0833333333333333,0.3333333333333333,0.0,0.006944444444444444,y,y,x,-0.8580491359791836
17,0.0833333333333333,0.3333333333333333,0.0,0.006944444444444444,y,y,y,0.23230837696350565
17,0.0833333333333333,0.3333333333333333,0.0,0.006944444444444444,y,y,z,-0.1977529786364425
17,0.0833333333333333,0.3333333333333333,0.0,0.006944444444444444,y,z,x,-0.6087998381313433
17,0.0833333333333333,0.3333333333333333,0.0,0.006944444444444444,y,z,y,0.29123578066921185
17,0.0833333333333333,0.3333333333333333,0.0,0.006944444444444444,y,z,z,0.028643823264001132
17,0.0833333333333333,0.3333333333333333,0.0,0.006944444444444444,z,x,x,0.29689666833939354
17,0.0833333333333333,0.3333333333333333,0.0,0.006944444444444444,z,x,y,-1.3223148709186214
17,0.0833333333333333,0.3333333333333333,0.0,0.006944444444444444,z,x,z,-0.33461780192912227
17,0.0833333333333333,0.3333333333333333,0.0,0.006944444444444444,z,y,x,0.744503975519484
17,0.0833333333333333,0.3333333333333333,0.0,0.006944444444444444,z,y,y,0.30320143195789523
17,0.0833333333333333,0.3333333333333333,0.0,0.006944444444444444,z,y,z,0.7171892168970967
17,0.0833333333333333,0.3333333333333333,0.0,0.006944444444444444,z,z,x,0.3640788236469363
17,0.0833333333333333,0.3333333333333333,0.0,0.006944444444444444,z,z,y,-0.3675945252047666
17,0.0833333333333333,0.3333333333333333,0.0,0.006944444444444444,z,z,z,-0.04410527558295325
18,0.0833333333333333,0.4166666666666667,0.0,0.006944444444444444,x,x,x,0.9783736299720215
18,0.0833333333333333,0.4166666666666667,0.0,0.006944444444444444,x,x,y,0.10292952665583002
18,0.0833333333333333,0.4166666666666667,0.0,0.006944444444444444,x,x,z,-0.2210696027607543
18,0.0833333333333333,0.4166666666666667,0.0,0.006944444444444444,x,y,x,-0.6633303550948989
18,0.0833333333333333,0.4166666666666667,0.0,0.006944444444444444,x,y,y,-0.18706021805943865
18,0.0833333333333333,0.4166666666666667,0.0,0.006944444444444444,x,y,z,0.2990183776130388
18,0.0833333333333333,0.4166666666666667,0.0,0.006944444444444444,x,z,x,0.03607580552352092
18,0.0833333333333333,0.4166666666666667,0.0,0.006944444444444444,x,z,y,-0.8581066404081535
18,0.0833333333333333,0.4166666666666667,0.0,0.006944444444444444,x,z,z,-0.05636132559045074
18,0.0833333333333333,0.4166666666666667,0.0,0.006944444444444444,y,x,x,0.03455466239403272
18,0.0833333333333333,0.4166666666666667,0.0,0.006944444444444444,y,x,y,-0.9770140363277116
18,0.0833333333333333,0.4166666666666667,0.0,0.006944444444444444,y,x,z,-0.014413692917582342
18,0.0833333333333333,0.4166666666666667,0.0,0.006944444444444444,y,y,x,0.8836216467120225
18,0.0833333333333333,0.4166666666666667,0.0,0.006944444444444444,y,y,y,0.1369541360210839
18,0.0833333333333333,0.4166666666666667,0.0,0.006944444444444444,y,y,z,-0.1995410423447132
18,0.0833333333333333,0.4166666666666667,0.0,0.006944444444444444,y,z,x,-0.19041162938788667
18,0.0833333333333333,0.4166666666666667,0.0,0.006944444444444444,y,z,y,0.30043177146353206
18,0.0833333333333333,0.4166666666666667,0.0,0.006944444444444444,y,z,z,0.013790035661896584
18,0.0833333333333333,0.4166666666666667,0.0,0.006944444444444444,z,x,x,0.12459261428207435
18,0.0833333333333333,0.4166666666666667,0.0,0.006944444444444444,z,x,y,-0.21608362845945697
18,0.0833333333333333,0.4166666666666667,0.0,0.006944444444444444,z,x,z,-0.25863083075610577
18,0.0833333333333333,0.4166666666666667,0.0,0.006944444444444444,z,y,x,-0.509607109738123
18,0.0833333333333333,0.4166666666666667,0.0,0.006944444444444444,z,y,y,0.07350498308378717
18,0.0833333333333333,0.4166666666666667,0.0,0.006944444444444444,z,y,z,0.4272970878625594
18,0.0833333333333333,0.4166666666666667,0.0,0.006944444444444444,z,z,x,0.6547495588897554
18,0.0833333333333333,0.4166666666666667,0.0,0.006944444444444444,z,z,y,-0.23371103031227675
18,0.0833333333333333,0.4166666666666667,0.0,0.006944444444444444,z,z,z,-0.011222119952741819
19,0.0833333333333333,0.5,0.0,0.006944444444444444,x,x,x,0.8399083805073182
19,0.0833333333333333,0.5,0.0,0.006944444444444444,x,x,y,-0.00821956248372867
19,0.0833333333333333,0.5,0.0,0.006944444444444444,x,x,z,-0.057831225893854254
19,0.0833333333333333,0.5,0.0,0.006944444444444444,x,y,x,-0.15045866170573877
19,0.0833333333333333,0.5,0.0,0.006944444444444444,x,y,y,-0.04697533380534372
19,0.0833333333333333,0.5,0.0,0.006944444444444444,x,y,z,0.2211323338502162
19,0.0833333333333333,0.5,0.0,0.006944444444444444,x,z,x,0.01203129154344626
19,0.0833333333333333,0.5,0.0,0.006944444444444444,x,z,y,-0.7156474131877316
19,0.0833333333333333,0.5,0.0,0.006944444444444444,x,z,z,-0.1218893483932641
19,0.0833333333333333,0.5,0.0,0.006944444444444444,y,x,x,-0.006652080354034232
19,0.0833333333333333,0.5,0.0,0.006944444444444444,y,x,y,-1.643139134500721
19,0.0833333333333333,0.5,0.0,0.006944444444444444,y,x,z,-0.010794103008242985
19,0.0833333333333333,0.5,0.0,0.006944444444444444,y,y,x,1.3797116420610145
19,0.0833333333333333,0.5,0.0,0.006944444444444444,y,y,y,0.03530633380137272
19,0.0833333333333333,0.5,0.0,0.006944444444444444,y,y,z,-0.07345012250318365
19,0.0833333333333333,0.5,0.0,0.006944444444444444,y,z,x,-0.017140587120440406
19,0.0833333333333333,0.5,0.0,0.006944444444444444,y,z,y,0.1007178861164578
19,0.0833333333333333,0.5,0.0,0.006944444444444444,y,z,z,0.0022092807243644717
19,0.0833333333333333,0.5,0.0,0.006944444444444444,z,x,x,0.038889807295676246
19,0.0833333333333333,0.5,0.0,0.006944444444444444,z,x,y,0.4213986770347146
19,0.0833333333333333,0.5,0.0,0.006944444444444444,z,x,z,-0.19939557694754112
19,0.0833333333333333,0.5,0.0,0.006944444444444444,z,y,x,-1.1060608227624946
19,0.0833333333333333,0.5,0.0,0.006944444444444444,z,y,y,0.015340198612925265
19,0.0833333333333333,0.5,0.0,0.006944444444444444,z,y,z,0.12075988502635486
19,0.0833333333333333,0.5,0.0,0.006944444444444444,z,z,x,0.6576776202577511
19,0.0833333333333333,0.5,0.0,0.006944444444444444,z,z,y,-0.06801962348779578
19,0.0833333333333333,0.5,0.0,0.006944444444444444,z,z,z,0.0002433131258246621
20,0.0833333333333333,-0.4166666666666666,0.0,0.006944444444444444,x,x,x,0.8399086290965115
20,0.0833333333333333,-0.4166666666666666,0.0,0.006944444444444444,x,x,y,0.008225183706783577
20,0.0833333333333333,-0.4166666666666666,0.0,0.006944444444444444,x,x,z,0.057829894203506725
20,0.0833333333333333,-0.4166666666666666,0.0,0.006944444444444444,x,y,x,0.15044812218035053
20,0.0833333333333333,-0.4166666666666666,0.0,0.006944444444444444,x,y,y,-0.04697554343797329
20,0.0833333333333333,-0.4166666666666666,0.0,0.006944444444444444,x,y,z,0.22113184088802773
20,0.0833333333333333,-0.4166666666666666,0.0,0.006944444444444444,x,z,x,-0.012030062350402472
20,0.0833333333333333,-0.4166666666666666,0.0,0.006944444444444444,x,z,y,-0.7156469969586414
20,0.0833333333333333,-0.4166666666666666,0.0,0.006944444444444444,x,z,z,-0.12188940690945348
20,0.0833333333333333,-0.4166666666666666,0.0,0.006944444444444444,y,x,x,0.006654042157860798
20,0.0833333333333333,-0.4166666666666666,0.0,0.006944444444444444,y,x,y,-1.643140903923781
20,0.0833333333333333,-0.4166666666666666,0.0,0.006944444444444444,y,x,z,-0.010794006552064911
20,0.0833333333333333,-0.4166666666666666,0.0,0.006944444444444444,y,y,x,1.379713584910616
20,0.0833333333333333,-0.4166666666666666,0.0,0.006944444444444444,y,y,y,-0.03530612762303133
20,0.0833333333333333,-0.4166666666666666,0.0,0.006944444444444444,y,y,z,0.07345182811859724
20,0.0833333333333333,-0.4166666666666666,0.0,0.006944444444444444,y,z,x,-0.01714065849168837
20,0.0833333333333333,-0.4166666666666666,0.0,0.006944444444444444,y,z,y,-0.10072073911822713
20,0.0833333333333333,-0.4166666666666666,0.0,0.006944444444444444,y,z,z,-0.0022096158001195703
20,0.0833333333333333,-0.4166666666666666,0.0,0.006944444444444444,z,x,x,-0.03888903355089396
20,0.0833333333333333,-0.4166666666666666,0.0,0.006944444444444444,z,x,y,0.4213979664842912
20,0.0833333333333333,-0.4166666666666666,0.0,0.006944444444444444,z,x,z,-0.19939659504902413
20,0.0833333333333333,-0.4166666666666666,0.0,0.006944444444444444,z,y,x,-1.106060215337647
20,0.0833333333333333,-0.4166666666666666,0.0,0.006944444444444444,z,y,y,-0.015339895009013211
20,0.0833333333333333,-0.4166666666666666,0.0,0.006944444444444444,z,y,z,-0.12075749697295814
20,0.0833333333333333,-0.4166666666666666,0.0,0.006944444444444444,z,z,x,0.6576789303328031
20,0.0833333333333333,-0.4166666666666666,0.0,0.006944444444444444,z,z,y,0.06801533835977897
20,0.0833333333333333,-0.4166666666666666,0.0,0.006944444444444444,z,z,z,-0.00024311443068115806
21,0.0833333333333333,-0.3333333333333334,0.0,0.006944444444444444,x,x,x,0.9783753213050431
21,0.0833333333333333,-0.3333333333333334,0.0,0.006944444444444444,x,x,y,-0.10292235788463541
21,0.0833333333333333,-0.3333333333333334,0.0,0.006944444444444444,x,x,z,0.22106842284239514
21,0.0833333333333333,-0.3333333333333334,0.0,0.006944444444444444,x,y,x,0.6633187664178226
21,0.0833333333333333,-0.3333333333333334,0.0,0.006944444444444444,x,y,y,-0.18706127260054514
21,0.0833333333333333,-0.3333333333333334,0.0,0.006944444444444444,x,y,z,0.2990167673388412
21,0.0833333333333333,-0.3333333333333334,0.0,0.006944444444444444,x,z,x,-0.036074340110917674
21,0.0833333333333333,-0.3333333333333334,0.0,0.006944444444444444,x,z,y,-0.8581056107057
21,0.0833333333333333,-0.3333333333333334,0.0,0.006944444444444444,x,z,z,-0.056361404239906134
21,0.0833333333333333,-0.3333333333333334,0.0,0.006944444444444444,y,x,x,-0.03455162535894065
21,0.0833333333333333,-0.3333333333333334,0.0,0.006944444444444444,y,x,y,-0.9770178246026837
21,0.0833333333333333,-0.3333333333333334,0.0,0.006944444444444444,y,x,z,-0.01441310873373029
21,0.0833333333333333,-0.3333333333333334,0.0,0.006944444444444444,y,y,x,0.8836264901605966
21,0.0833333333333333,-0.3333333333333334,0.0,0.006944444444444444,y,y,y,-0.1369546345534154
21,0.0833333333333333,-0.3333333333333334,0.0,0.006944444444444444,y,y,z,0.19954301487256323
21,0.0833333333333333,-0.3333333333333334,0.0,0.006944444444444444,y,z,x,-0.19041224240087146
21,0.0833333333333333,-0.3333333333333334,0.0,0.006944444444444444,y,z,y,-0.30043548737450815
21,0.0833333333333333,-0.3333333333333334,0.0,0.006944444444444444,y,z,z,-0.013790467558402325
21,0.0833333333333333,-0.3333333333333334,0.0,0.006944444444444444,z,x,x,-0.12459142016228228
21,0.0833333333333333,-0.3333333333333334,0.0,0.006944444444444444,z,x,y,-0.21608858970972078
21,0.0833333333333333,-0.3333333333333334,0.0,0.006944444444444444,z,x,z,-0.25863407555459333
21,0.0833333333333333,-0.3333333333333334,0.0,0.006944444444444444,z,y,x,-0.509602535923824
21,0.0833333333333333,-0.3333333333333334,0.0,0.006944444444444444,z,y,y,-0.07350516521681524
21,0.0833333333333333,-0.3333333333333334,0.0,0.006944444444444444,z,y,z,-0.42729454614425866
21,0.0833333333333333,-0.3333333333333334,0.0,0.006944444444444444,z,z,x,0.6547541565546634
21,0.0833333333333333,-0.3333333333333334,0.0,0.006944444444444444,z,z,y,0.23370622487629272
21,0.0833333333333333,-0.3333333333333334,0.0,0.006944444444444444,z,z,z,0.011222238666831728
22,0.0833333333333333,-0.25,0.0,0.006944444444444444,x,x,x,0.7661742387798561
22,0.0833333333333333,-0.25,0.0,0.006944444444444444,x,x,y,-0.5383328239551032
22,0.0833333333333333,-0.25,0.0,0.006944444444444444,x,x,z,0.45545360932271095
22,0.0833333333333333,-0.25,0.0,0.006944444444444444,x,y,x,1.9096138188915275
22,0.0833333333333333,-0.25,0.0,0.006944444444444444,x,y,y,-0.3802400457884671
22,0.0833333333333333,-0.25,0.0,0.006944444444444444,x,y,z,0.6395088060453036
22,0.0833333333333333,-0.25,0.0,0.006944444444444444,x,z,x,-0.07876236933342039
22,0.0833333333333333,-0.25,0.0,0.006944444444444444,x,z,y,-0.8043689292785369
22,0.0833333333333333,-0.25,0.0,0.006944444444444444,x,z,z,0.08791885847543822
22,0.0833333333333333,-0.25,0.0,0.006944444444444444,y,x,x,-0.2982942148410092
22,0.0833333333333333,-0.25,0.0,0.006944444444444444,y,x,y,1.259057806206952
22,0.0833333333333333,-0.25,0.0,0.006944444444444444,y,x,z,-0.13686669280119182
22,0.0833333333333333,-0.25,0.0,0.006944444444444444,y,y,x,-0.8580498007801234
22,0.0833333333333333,-0.25,0.0,0.006944444444444444,y,y,y,-0.23230974727744386
22,0.0833333333333333,-0.25,0.0,0.006944444444444444,y,y,z,0.19775515666627458
22,0.0833333333333333,-0.25,0.0,0.006944444444444444,y,z,x,-0.6088049946766322
22,0.0833333333333333,-0.25,0.0,0.006944444444444444,y,z,y,-0.2912396931862069
22,0.0833333333333333,-0.25,0.0,0.006944444444444444,y,z,z,-0.028644308549860845
22,0.0833333333333333,-0.25,0.0,0.006944444444444444,z,x,x,-0.2968944657627337
22,0.0833333333333333,-0.25,0.0,0.006944444444444444,z,x,y,-1.3223312944458576
22,0.0833333333333333,-0.25,0.0,0.006944444444444444,z,x,z,-0.3346241176998674
22,0.0833333333333333,-0.25,0.0,0.006944444444444444,z,y,x,0.744520988371663
22,0.0833333333333333,-0.25,0.0,0.006944444444444444,z,y,y,-0.3032055229532529
22,0.0833333333333333,-0.25,0.0,0.006944444444444444,z,y,z,-0.7171877734756504
22,0.0833333333333333,-0.25,0.0,0.006944444444444444,z,z,x,0.3640859964272721
22,0.0833333333333333,-0.25,0.0,0.006944444444444444,z,z,y,0.3675899017012431
22,0.0833333333333333,-0.25,0.0,0.006944444444444444,z,z,z,0.044105109596789774
23,0.0833333333333333,-0.1666666666666666,0.0,0.006944444444444444,x,x,x,-1.1561848484767991
23,0.0833333333333333,-0.1666666666666666,0.0,0.006944444444444444,x,x,y,-0.6213877030183675
23,0.0833333333333333,-0.1666666666666666,0.0,0.006944444444444444,x,x,z,0.47888205858621125
23,0.0833333333333333,-0.1666666666666666,0.0,0.006944444444444444,x,y,x,2.9986481306058215
23,0.0833333333333333,-0.1666666666666666,0.0,0.006944444444444444,x,y,y,0.3956247131813764
23,0.0833333333333333,-0.1666666666666666,0.0,0.006944444444444444,x,y,z,1.0195787881993432
23,0.0833333333333333,-0.1666666666666666,0.0,0.006944444444444444,x,z,x,-0.33165339320725157
23,0.0833333333333333,-0.1666666666666666,0.0,0.006944444444444444,x,z,y,0.40012717207933957
23,0.0833333333333333,-0.1666666666666666,0.0,0.006944444444444444,x,z,z,0.23219178293186474
23,0.0833333333333333,-0.1666666666666666,0.0,0.006944444444444444,y,x,x,-1.0120214719567378
23,0.0833333333333333,-0.1666666666666666,0.0,0.006944444444444444,y,x,y,3.460283293280546
23,0.0833333333333333,-0.1666666666666666,0.0,0.006944444444444444,y,x,z,-0.3838258361687277
23,0.0833333333333333,-0.1666666666666666,0.0,0.006944444444444444,y,y,x,-2.030219280673285
23,0.0833333333333333,-0.1666666666666666,0.0,0.006944444444444444,y,y,y,0.2613077072920581
23,0.0833333333333333,-0.1666666666666666,0.0,0.006944444444444444,y,y,z,-0.03923185827591344
23,0.0833333333333333,-0.1666666666666666,0.0,0.006944444444444444,y,z,x,-1.1216172561323379
23,0.0833333333333333,-0.1666666666666666,0.0,0.006944444444444444,y,z,y,0.24361938612928485
23,0.0833333333333333,-0.1666666666666666,0.0,0.006944444444444444,y,z,z,-0.10437081458453322
23,0.0833333333333333,-0.1666666666666666,0.0,0.006944444444444444,z,x,x,-0.37218139661991373
23,0.0833333333333333,-0.1666666666666666,0.0,0.006944444444444444,z,x,y,-0.17020192322349323
23,0.0833333333333333,-0.1666666666666666,0.0,0.006944444444444444,z,x,z,-0.24013976848263055
23,0.0833333333333333,-0.1666666666666666,0.0,0.006944444444444444,z,y,x,0.6052652391945568
23,0.0833333333333333,-0.1666666666666666,0.0,0.006944444444444444,z,y,y,-0.42544965044106176
23,0.0833333333333333,-0.1666666666666666,0.0,0.006944444444444444,z,y,z,-0.4980629983659352
23,0.0833333333333333,-0.1666666666666666,0.0,0.006944444444444444,z,z,x,-0.5518266600896146
23,0.0833333333333333,-0.1666666666666666,0.0,0.006944444444444444,z,z,y,0.3747743206220856
23,0.0833333333333333,-0.1666666666666666,0.0,0.006944444444444444,z,z,z,0.04338806493998453
24,0.0833333333333333,-0.0833333333333334,0.0,0.006944444444444444,x,x,x,-5.519947830641059
24,0.0833333333333333,-0.0833333333333334,0.0,0.006944444444444444,x,x,y,2.406805453287527
24,0.0833333333333333,-0.0833333333333334,0.0,0.006944444444444444,x,x,z,-0.3394699107260528
24,0.0833333333333333,-0.0833333333333334,0.0,0.006944444444444444,x,y,x,1.033595627333325
24,0.0833333333333333,-0.0833333333333334,0.0,0.006944444444444444,x,y,y,4.531621518657819
24,0.0833333333333333,-0.0833333333333334,0.0,0.006944444444444444,x,y,z,0.7801735774616827
24,0.0833333333333333,-0.0833333333333334,0.0,0.006944444444444444,x,z,x,-1.0788771399053458
24,0.0833333333333333,-0.0833333333333334,0.0,0.006944444444444444,x,z,y,3.578949783478731
24,0.0833333333333333,-0.0833333333333334,0.0,0.006944444444444444,x,z,z,0.17202344302339134
24,0.0833333333333333,-0.0833333333333334,0.0,0.006944444444444444,y,x,x,-0.864277136137252
24,0.0833333333333333,-0.0833333333333334,0.0,0.006944444444444444,y,x,y,3.435896595829754
24,0.0833333333333333,-0.0833333333333334,0.0,0.006944444444444444,y,x,z,-0.3881739265966911
24,0.0833333333333333,-0.0833333333333334,0.0,0.006944444444444444,y,y,x,2.6430382338836025
24,0.0833333333333333,-0.0833333333333334,0.0,0.006944444444444444,y,y,y,2.576129808837269
24,0.0833333333333333,-0.0833333333333334,0.0,0.006944444444444444,y,y,z,0.3394713725322098
24,0.0833333333333333,-0.0833333333333334,0.0,0.006944444444444444,y,z,x,-2.3331825107269597
24,0.0833333333333333,-0.0833333333333334,0.0,0.006944444444444444,y,z,y,1.0788764194531923
24,0.0833333333333333,-0.0833333333333334,0.0,0.006944444444444444,y,z,z,-0.2979535427588992
24,0.0833333333333333,-0.0833333333333334,0.0,0.006944444444444444,z,x,x,-0.7115212762529238
24,0.0833333333333333,-0.0833333333333334,0.0,0.006944444444444444,z,x,y,7.113476624953458
24,0.0833333333333333,-0.0833333333333334,0.0,0.006944444444444444,z,x,z,0.02019756198867109
24,0.0833333333333333,-0.0833333333333334,0.0,0.006944444444444444,z,y,x,-6.291887073631335
24,0.0833333333333333,-0.0833333333333334,0.0,0.006944444444444444,z,y,y,0.7115224191369051
24,0.0833333333333333,-0.0833333333333334,0.0,0.006944444444444444,z,y,z,-0.035008006356946154
24,0.0833333333333333,-0.0833333333333334,0.0,0.006944444444444444,z,z,x,-0.8870749145466972
24,0.0833333333333333,-0.0833333333333334,0.0,0.006944444444444444,z,z,y,1.5364794039120366
24,0.0833333333333333,-0.0833333333333334,0.0,0.006944444444444444,z,z,z,-2.1086370599327903e-06
25,0.1666666666666667,0.0,0.0,0.006944444444444444,x,x,x,-1.6047154515893822
25,0.1666666666666667,0.0,0.0,0.006944444444444444,x,x,y,14.65759471116388
25,0.1666666666666667,0.0,0.0,0.006944444444444444,x,x,z,-2.2650214270044455
25,0.1666666666666667,0.0,0.0,0.006944444444444444,x,y,x,-13.195409750071796
25,0.1666666666666667,0.0,0.0,0.006944444444444444,x,y,y,5.515273863880377
25,0.1666666666666667,0.0,0.0,0.006944444444444444,x,y,z,-2.79135044468106
25,0.1666666666666667,0.0,0.0,0.006944444444444444,x,z,x,1.2758222421668408
25,0.1666666666666667,0.0,0.0,0.006944444444444444,x,z,y,6.121969308443314
25,0.1666666666666667,0.0,0.0,0.006944444444444444,x,z,z,-0.491126340883649
25,0.1666666666666667,0.0,0.0,0.006944444444444444,y,x,x,2.655505058212556
25,0.1666666666666667,0.0,0.0,0.006944444444444444,y,x,y,-3.6362239227631425
25,0.1666666666666667,0.0,0.0,0.006944444444444444,y,x,z,0.17598764659107596
25,0.1666666666666667,0.0,0.0,0.006944444444444444,y,y,x,12.44450307160349
25,0.1666666666666667,0.0,0.0,0.006944444444444444,y,y,y,4.117729773296567
25,0.1666666666666667,0.0,0.0,0.006944444444444444,y,y,z,2.265087415195456
25,0.1666666666666667,0.0,0.0,0.006944444444444444,y,z,x,-4.648836716743145
25,0.1666666666666667,0.0,0.0,0.006944444444444444,y,z,y,-1.2758743943666742
25,0.1666666666666667,0.0,0.0,0.006944444444444444,y,z,z,-0.8506386020592182
25,0.1666666666666667,0.0,0.0,0.006944444444444444,z,x,x,-2.664598550220685
25,0.1666666666666667,0.0,0.0,0.006944444444444444,z,x,y,1.4394580658671012
25,0.1666666666666667,0.0,0.0,0.006944444444444444,z,x,z,0.2958209157469476
25,0.1666666666666667,0.0,0.0,0.006944444444444444,z,y,x,-4.516357703679494
25,0.1666666666666667,0.0,0.0,0.006944444444444444,z,y,y,2.664655287050499
25,0.1666666666666667,0.0,0.0,0.006944444444444444,z,y,z,0.5124198403191554
25,0.1666666666666667,0.0,0.0,0.006944444444444444,z,z,x,2.756333279505675
25,0.1666666666666667,0.0,0.0,0.006944444444444444,z,z,y,4.774094781425885
25,0.1666666666666667,0.0,0.0,0.006944444444444444,z,z,z,-1.5731508286733804e-05
26,0.1666666666666667,0.0833333333333333,0.0,0.006944444444444444,x,x,x,-1.057952734595875
26,0.1666666666666667,0.0833333333333333,0.0,0.006944444444444444,x,x,y,1.622098667241142e-05
26,0.1666666666666667,0.0833333333333333,0.0,0.006944444444444444,x,x,z,5.3769660886767465e-06
26,0.1666666666666667,0.0833333333333333,0.0,0.006944444444444444,x,y,x,1.835349272546654e-05
26,0.1666666666666667,0.0833333333333333,0.0,0.006944444444444444,x,y,y,3.0346245875053484
26,0.1666666666666667,0.0833333333333333,0.0,0.006944444444444444,x,y,z,0.19224745996736045
26,0.1666666666666667,0.0833333333333333,0.0,0.006944444444444444,x,z,x,-1.235341092833491e-05
26,0.1666666666666667,0.0833333333333333,0.0,0.006944444444444444,x,z,y,1.7101990277668693
26,0.1666666666666667,0.0833333333333333,0.0,0.006944444444444444,x,z,z,-0.3440516234232516
26,0.1666666666666667,0.0833333333333333,0.0,0.006944444444444444,y,x,x,-7.356202300492407e-06
26,0.1666666666666667,0.0833333333333333,0.0,0.006944444444444444,y,x,y,5.226118592561091
26,0.1666666666666667,0.0833333333333333,0.0,0.006944444444444444,y,x,z,-0.9761552048951825
26,0.1666666666666667,0.0833333333333333,0.0,0.006944444444444444,y,y,x,6.811620778582084
26,0.1666666666666667,0.0833333333333333,0.0,0.006944444444444444,y,y,y,8.663601019917325e-06
26,0.1666666666666667,0.0833333333333333,0.0,0.006944444444444444,y,y,z,-3.3642423738944716e-06
26,0.1666666666666667,0.0833333333333333,0.0,0.006944444444444444,y,z,x,-4.201801198306255
26,0.1666666666666667,0.0833333333333333,0.0,0.006944444444444444,y,z,y,-1.1031822588219494e-06
26,0.1666666666666667,0.0833333333333333,0.0,0.006944444444444444,y,z,z,1.0644768575577358e-06
26,0.1666666666666667,0.0833333333333333,0.0,0.006944444444444444,z,x,x,2.013341385268051e-05
26,0.1666666666666667,0.0833333333333333,0.0,0.006944444444444444,z,x,y,5.881018502780491
26,0.1666666666666667,0.0833333333333333,0.0,0.006944444444444444,z,x,z,-0.04045280761178137
26,0.1666666666666667,0.0833333333333333,0.0,0.006944444444444444,z,y,x,-7.524214025742166
26,0.1666666666666667,0.0833333333333333,0.0,0.006944444444444444,z,y,y,-4.824337955862743e-06
26,0.1666666666666667,0.0833333333333333,0.0,0.006944444444444444,z,y,z,-5.6737640068909515e-06
26,0.1666666666666667,0.0833333333333333,0.0,0.006944444444444444,z,z,x,1.774190612624002
26,0.1666666666666667,0.0833333333333333,0.0,0.006944444444444444,z,z,y,-1.2442202129951645e-06
26,0.1666666666666667,0.0833333333333333,0.0,0.006944444444444444,z,z,z,8.656689173057482e-07
27,0.1666666666666667,0.1666666666666667,0.0,0.006944444444444444,x,x,x,-1.6047140115375598
27,0.1666666666666667,0.1666666666666667,0.0,0.006944444444444444,x,x,y,-14.657580011940036
27,0.1666666666666667,0.1666666666666667,0.0,0.006944444444444444,x,x,z,2.2650325862189504
27,0.1666666666666667,0.1666666666666667,0.0,0.006944444444444444,x,y,x,13.195387411112
27,0.1666666666666667,0.1666666666666667,0.0,0.006944444444444444,x,y,y,5.515278200496399
27,0.1666666666666667,0.1666666666666667,0.0,0.006944444444444444,x,y,z,-2.791365719036622
27,0.1666666666666667,0.1666666666666667,0.0,0.006944444444444444,x,z,x,-1.2758370789905509
27,0.1666666666666667,0.1666666666666667,0.0,0.006944444444444444,x,z,y,6.121979948821208
27,0.1666666666666667,0.1666666666666667,0.0,0.006944444444444444,x,z,z,-0.4911275152056368
27,0.1666666666666667,0.1666666666666667,0.0,0.006944444444444444,y,x,x,-2.655494769943155
27,0.1666666666666667,0.1666666666666667,0.0,0.006944444444444444,y,x,y,-3.636216125937532
27,0.1666666666666667,0.1666666666666667,0.0,0.006944444444444444,y,x,z,0.17599097183923176
27,0.1666666666666667,0.1666666666666667,0.0,0.006944444444444444,y,y,x,12.444532435120564
27,0.1666666666666667,0.1666666666666667,0.0,0.006944444444444444,y,y,y,-4.117733142926258
27,0.1666666666666667,0.1666666666666667,0.0,0.006944444444444444,y,y,z,-2.265092800538174
27,0.1666666666666667,0.1666666666666667,0.0,0.006944444444444444,y,z,x,-4.64882752071912
27,0.1666666666666667,0.1666666666666667,0.0,0.006944444444444444,y,z,y,1.2758727560684726
27,0.1666666666666667,0.1666666666666667,0.0,0.006944444444444444,y,z,z,0.8506398131254709
27,0.1666666666666667,0.1666666666666667,0.0,0.006944444444444444,z,x,x,2.664607923485112
27,0.1666666666666667,0.1666666666666667,0.0,0.006944444444444444,z,x,y,1.4395069554989732
27,0.1666666666666667,0.1666666666666667,0.0,0.006944444444444444,z,x,z,0.29581991432217125
27,0.1666666666666667,0.1666666666666667,0.0,0.006944444444444444,z,y,x,-4.516354173534156
27,0.1666666666666667,0.1666666666666667,0.0,0.006944444444444444,z,y,y,-2.664661736418643
27,0.1666666666666667,0.1666666666666667,0.0,0.006944444444444444,z,y,z,-0.5124238790613096
27,0.1666666666666667,0.1666666666666667,0.0,0.006944444444444444,z,z,x,2.756338918523524
27,0.1666666666666667,0.1666666666666667,0.0,0.006944444444444444,z,z,y,-4.7741038562108296
27,0.1666666666666667,0.1666666666666667,0.0,0.006944444444444444,z,z,z,1.607796247361766e-05
28,0.1666666666666667,0.25,0.0,0.006944444444444444,x,x,x,-1.0054089318144868
28,0.1666666666666667,0.25,0.0,0.006944444444444444,x,x,y,-1.6791224745034028
28,0.1666666666666667,0.25,0.0,0.006944444444444444,x,x,z,0.3655761065589622
28,0.1666666666666667,0.25,0.0,0.006944444444444444,x,y,x,1.2657213268786236
28,0.1666666666666667,0.25,0.0,0.006944444444444444,x,y,y,2.0358342195173966
28,0.1666666666666667,0.25,0.0,0.006944444444444444,x,y,z,0.31843341397727515
28,0.1666666666666667,0.25,0.0,0.006944444444444444,x,z,x,-0.21259619927066956
28,0.1666666666666667,0.25,0.0,0.006944444444444444,x,z,y,1.190317293163793
28,0.1666666666666667,0.25,0.0,0.006944444444444444,x,z,z,-0.0257096815831201
28,0.1666666666666667,0.25,0.0,0.006944444444444444,y,x,x,0.6170089573987195
28,0.1666666666666667,0.25,0.0,0.006944444444444444,y,x,y,-2.9697884626763154
28,0.1666666666666667,0.25,0.0,0.006944444444444444,y,x,z,-1.0849708782245049
28,0.1666666666666667,0.25,0.0,0.006944444444444444,y,y,x,2.910409808667955
28,0.1666666666666667,0.25,0.0,0.006944444444444444,y,y,y,-0.9003150982946609
28,0.1666666666666667,0.25,0.0,0.006944444444444444,y,y,z,0.07406543077643295
28,0.1666666666666667,0.25,0.0,0.006944444444444444,y,z,x,-0.33141468090950227
28,0.1666666666666667,0.25,0.0,0.006944444444444444,y,z,y,0.12457900388480694
28,0.1666666666666667,0.25,0.0,0.006944444444444444,y,z,z,0.25326589936922944
28,0.1666666666666667,0.25,0.0,0.006944444444444444,z,x,x,-0.22374770003828864
28,0.1666666666666667,0.25,0.0,0.006944444444444444,z,x,y,-0.5195597711459087
28,0.1666666666666667,0.25,0.0,0.006944444444444444,z,x,z,0.5513718754009524
28,0.1666666666666667,0.25,0.0,0.006944444444444444,z,y,x,0.2558850866683743
28,0.1666666666666667,0.25,0.0,0.006944444444444444,z,y,y,-0.5738928323761509
28,0.1666666666666667,0.25,0.0,0.006944444444444444,z,y,z,0.041086298110004166
28,0.1666666666666667,0.25,0.0,0.006944444444444444,z,z,x,-0.048629134455542976
28,0.1666666666666667,0.25,0.0,0.006944444444444444,z,z,y,-0.6653034563099598
28,0.1666666666666667,0.25,0.0,0.006944444444444444,z,z,z,0.04339398641973904
29,0.1666666666666667,0.3333333333333333,0.0,0.006944444444444444,x,x,x,0.06665558929611681
29,0.1666666666666667,0.3333333333333333,0.0,0.006944444444444444,x,x,y,0.6711002698177768
29,0.1666666666666667,0.3333333333333333,0.0,0.006944444444444444,x,x,z,-0.16083926126711728
29,0.1666666666666667,0.3333333333333333,0.0,0.006944444444444444,x,y,x,-0.7268052289503697
29,0.1666666666666667,0.3333333333333333,0.0,0.006944444444444444,x,y,y,0.12665994059725094
29,0.1666666666666667,0.3333333333333333,0.0,0.006944444444444444,x,y,z,0.843632235582208
29,0.1666666666666667,0.3333333333333333,0.0,0.006944444444444444,x,z,x,-0.09080089682979789
29,0.1666666666666667,0.3333333333333333,0.0,0.006944444444444444,x,z,y,-0.670305265738483
29,0.1666666666666667,0.3333333333333333,0.0,0.006944444444444444,x,z,z,0.04267229657902206
29,0.1666666666666667,0.3333333333333333,0.0,0.006944444444444444,y,x,x,0.19527154780826564
29,0.1666666666666667,0.3333333333333333,0.0,0.006944444444444444,y,x,y,-0.40568445777178397
29,0.1666666666666667,0.3333333333333333,0.0,0.006944444444444444,y,x,z,-1.0293356476886801
29,0.1666666666666667,0.3333333333333333,0.0,0.006944444444444444,y,y,x,0.4013621668571594
29,0.1666666666666667,0.3333333333333333,0.0,0.006944444444444444,y,y,y,0.13956665479696503
29,0.1666666666666667,0.3333333333333333,0.0,0.006944444444444444,y,y,z,0.1608391384737685
29,0.1666666666666667,0.3333333333333333,0.0,0.006944444444444444,y,z,x,0.565431785536508
29,0.1666666666666667,0.3333333333333333,0.0,0.006944444444444444,y,z,y,0.09080579248691913
29,0.1666666666666667,0.3333333333333333,0.0,0.006944444444444444,y,z,z,0.07390695745911734
29,0.1666666666666667,0.3333333333333333,0.0,0.006944444444444444,z,x,x,-0.12946671300388507
29,0.1666666666666667,0.3333333333333333,0.0,0.006944444444444444,z,x,y,-0.20661770108955083
29,0.1666666666666667,0.3333333333333333,0.0,0.006944444444444444,z,x,z,0.3056948562935501
29,0.1666666666666667,0.3333333333333333,0.0,0.006944444444444444,z,y,x,0.057114784988314925
29,0.1666666666666667,0.3333333333333333,0.0,0.006944444444444444,z,y,y,0.12946700374575018
29,0.1666666666666667,0.3333333333333333,0.0,0.006944444444444444,z,y,z,0.5295207697456082
29,0.1666666666666667,0.3333333333333333,0.0,0.006944444444444444,z,z,x,-0.12213940355843696
29,0.1666666666666667,0.3333333333333333,0.0,0.006944444444444444,z,z,y,-0.2115835743926252
29,0.1666666666666667,0.3333333333333333,0.0,0.006944444444444444,z,z,z,1.4057763234516946e-06
30,0.1666666666666667,0.4166666666666667,0.0,0.006944444444444444,x,x,x,0.3581183794316112
30,0.1666666666666667,0.4166666666666667,0.0,0.006944444444444444,x,x,y,0.36753470494149704
30,0.1666666666666667,0.4166666666666667,0.0,0.006944444444444444,x,x,z,-0.17768830183631626
30,0.1666666666666667,0.4166666666666667,0.0,0.006944444444444444,x,y,x,-0.397694546798341
30,0.1666666666666667,0.4166666666666667,0.0,0.006944444444444444,x,y,y,-0.15133167352987967
30,0.1666666666666667,0.4166666666666667,0.0,0.006944444444444444,x,y,z,0.6001278941567696
30,0.1666666666666667,0.4166666666666667,0.0,0.006944444444444444,x,z,x,-0.03856214505409431
30,0.1666666666666667,0.4166666666666667,0.0,0.006944444444444444,x,z,y,-0.9216245159919174
30,0.1666666666666667,0.4166666666666667,0.0,0.006944444444444444,x,z,z,0.011955122133392736
30,0.1666666666666667,0.4166666666666667,0.0,0.006944444444444444,y,x,x,-0.009084820518772695
30,0.1666666666666667,0.4166666666666667,0.0,0.006944444444444444,y,x,y,-0.42208936615852655
30,0.1666666666666667,0.4166666666666667,0.0,0.006944444444444444,y,x,z,-0.7483816983941531
30,0.1666666666666667,0.4166666666666667,0.0,0.006944444444444444,y,y,x,0.4297267935113329
30,0.1666666666666667,0.4166666666666667,0.0,0.006944444444444444,y,y,y,0.19165972247919094
30,0.1666666666666667,0.4166666666666667,0.0,0.006944444444444444,y,y,z,-0.00091117219264431
30,0.1666666666666667,0.4166666666666667,0.0,0.006944444444444444,y,z,x,0.5893896098752426
30,0.1666666666666667,0.4166666666666667,0.0,0.006944444444444444,y,z,y,0.19167870433590334
30,0.1666666666666667,0.4166666666666667,0.0,0.006944444444444444,y,z,z,0.025297415062084175
30,0.1666666666666667,0.4166666666666667,0.0,0.006944444444444444,z,x,x,-0.003278083036605562
30,0.1666666666666667,0.4166666666666667,0.0,0.006944444444444444,z,x,y,0.14708580271317856
30,0.1666666666666667,0.4166666666666667,0.0,0.006944444444444444,z,x,z,0.25987869841814154
30,0.1666666666666667,0.4166666666666667,0.0,0.006944444444444444,z,y,x,-0.46696876307130936
30,0.1666666666666667,0.4166666666666667,0.0,0.006944444444444444,z,y,y,0.13158423188780546
30,0.1666666666666667,0.4166666666666667,0.0,0.006944444444444444,z,y,z,0.5465783309172153
30,0.1666666666666667,0.4166666666666667,0.0,0.006944444444444444,z,z,x,-0.01851803623019165
30,0.1666666666666667,0.4166666666666667,0.0,0.006944444444444444,z,z,y,-0.2850297421876993
30,0.1666666666666667,0.4166666666666667,0.0,0.006944444444444444,z,z,z,-0.010801355685643015
31,0.1666666666666667,0.5,0.0,0.006944444444444444,x,x,x,0.4409203230823827
31,0.1666666666666667,0.5,0.0,0.006944444444444444,x,x,y,0.0880037574295822
31,0.1666666666666667,0.5,0.0,0.006944444444444444,x,x,z,-0.09840698448207871
31,0.1666666666666667,0.5,0.0,0.006944444444444444,x,y,x,-0.16051004063225177
31,0.1666666666666667,0.5,0.0,0.006944444444444444,x,y,y,-0.10302577229235749
31,0.1666666666666667,0.5,0.0,0.006944444444444444,x,y,z,0.3778089397427071
31,0.1666666666666667,0.5,0.0,0.006944444444444444,x,z,x,-0.005368604866826476
31,0.1666666666666667,0.5,0.0,0.006944444444444444,x,z,y,-0.8295209768993081
31,0.1666666666666667,0.5,0.0,0.006944444444444444,x,z,z,-0.021569327097767252
31,0.1666666666666667,0.5,0.0,0.006944444444444444,y,x,x,-0.020884744277034854
31,0.1666666666666667,0.5,0.0,0.006944444444444444,y,x,y,-0.6458729546366646
31,0.1666666666666667,0.5,0.0,0.006944444444444444,y,x,z,-0.5118458609177043
31,0.1666666666666667,0.5,0.0,0.006944444444444444,y,y,x,0.5489295940073405
31,0.1666666666666667,0.5,0.0,0.006944444444444444,y,y,y,0.0937580260246025
31,0.1666666666666667,0.5,0.0,0.006944444444444444,y,y,z,-0.052303614392700606
31,0.1666666666666667,0.5,0.0,0.006944444444444444,y,z,x,0.46962592918424984
31,0.1666666666666667,0.5,0.0,0.006944444444444444,y,z,y,0.1456985607732746
31,0.1666666666666667,0.5,0.0,0.006944444444444444,y,z,z,0.02045782334304331
31,0.1666666666666667,0.5,0.0,0.006944444444444444,z,x,x,0.005499830270270787
31,0.1666666666666667,0.5,0.0,0.006944444444444444,z,x,y,0.4236805669178101
31,0.1666666666666667,0.5,0.0,0.006944444444444444,z,x,z,0.2864546869508173
31,0.1666666666666667,0.5,0.0,0.006944444444444444,z,y,x,-0.8053551149802507
31,0.1666666666666667,0.5,0.0,0.006944444444444444,z,y,y,0.06621203383502096
31,0.1666666666666667,0.5,0.0,0.006944444444444444,z,y,z,0.283398402116088
31,0.1666666666666667,0.5,0.0,0.006944444444444444,z,z,x,0.016541606940525217
31,0.1666666666666667,0.5,0.0,0.006944444444444444,z,z,y,-0.1735416388239025
31,0.1666666666666667,0.5,0.0,0.006944444444444444,z,z,z,-0.005544088099916109
32,0.1666666666666667,-0.4166666666666666,0.0,0.006944444444444444,x,x,x,0.4584530965270068
32,0.1666666666666667,-0.4166666666666666,0.0,0.006944444444444444,x,x,y,9.471417031955672e-07
32,0.1666666666666667,-0.4166666666666666,0.0,0.006944444444444444,x,x,z,5.7539634711273756e-08
32,0.1666666666666667,-0.4166666666666666,0.0,0.006944444444444444,x,y,x,-2.483305054399191e-06
32,0.1666666666666667,-0.4166666666666666,0.0,0.006944444444444444,x,y,y,-0.07660699360792846
32,0.1666666666666667,-0.4166666666666666,0.0,0.006944444444444444,x,y,z,0.3132954255165469
32,0.1666666666666667,-0.4166666666666666,0.0,0.006944444444444444,x,z,x,3.5740357995512464e-07
32,0.1666666666666667,-0.4166666666666666,0.0,0.006944444444444444,x,z,y,-0.7659045349144723
32,0.1666666666666667,-0.4166666666666666,0.0,0.006944444444444444,x,z,z,-0.045256273156793585
32,0.1666666666666667,-0.4166666666666666,0.0,0.006944444444444444,y,x,x,3.939819985371511e-07
32,0.1666666666666667,-0.4166666666666666,0.0,0.006944444444444444,y,x,y,-0.7045689738886785
32,0.1666666666666667,-0.4166666666666666,0.0,0.006944444444444444,y,x,z,-0.43404344927657185
32,0.1666666666666667,-0.4166666666666666,0.0,0.006944444444444444,y,y,x,0.5936155044977101
32,0.1666666666666667,-0.4166666666666666,0.0,0.006944444444444444,y,y,y,-1.568854996943351e-07
32,0.1666666666666667,-0.4166666666666666,0.0,0.006944444444444444,y,y,z,6.128675525112184e-07
32,0.1666666666666667,-0.4166666666666666,0.0,0.006944444444444444,y,z,x,0.44599118314120617
32,0.1666666666666667,-0.4166666666666666,0.0,0.006944444444444444,y,z,y,-1.0721661821597055e-06
32,0.1666666666666667,-0.4166666666666666,0.0,0.006944444444444444,y,z,z,-1.8729479618892378e-07
32,0.1666666666666667,-0.4166666666666666,0.0,0.006944444444444444,z,x,x,1.8469688273544104e-07
32,0.1666666666666667,-0.4166666666666666,0.0,0.006944444444444444,z,x,y,0.4958028949261184
32,0.1666666666666667,-0.4166666666666666,0.0,0.006944444444444444,z,x,z,0.3136656238822134
32,0.1666666666666667,-0.4166666666666666,0.0,0.006944444444444444,z,y,x,-0.861004547972159
32,0.1666666666666667,-0.4166666666666666,0.0,0.006944444444444444,z,y,y,-6.604461898536841e-08
32,0.1666666666666667,-0.4166666666666666,0.0,0.006944444444444444,z,y,z,5.981387855885107e-07
32,0.1666666666666667,-0.4166666666666666,0.0,0.006944444444444444,z,z,x,0.015877283441221687
32,0.1666666666666667,-0.4166666666666666,0.0,0.006944444444444444,z,z,y,-1.2631448616668189e-06
32,0.1666666666666667,-0.4166666666666666,0.0,0.006944444444444444,z,z,z,-8.971782139334126e-09
33,0.1666666666666667,-0.3333333333333334,0.0,0.006944444444444444,x,x,x,0.44091995549951807
33,0.1666666666666667,-0.3333333333333334,0.0,0.006944444444444444,x,x,y,-0.08800142873573695
33,0.1666666666666667,-0.3333333333333334,0.0,0.006944444444444444,x,x,z,0.09840704916905052
33,0.1666666666666667,-0.3333333333333334,0.0,0.006944444444444444,x,y,x,0.16050479989712238
33,0.1666666666666667,-0.3333333333333334,0.0,0.006944444444444444,x,y,y,-0.10302578244531263
33,0.1666666666666667,-0.3333333333333334,0.0,0.006944444444444444,x,y,z,0.37780806512199216
33,0.1666666666666667,-0.3333333333333334,0.0,0.006944444444444444,x,z,x,0.0053695952280230835
33,0.1666666666666667,-0.3333333333333334,0.0,0.006944444444444444,x,z,y,-0.8295195461024755
33,0.1666666666666667,-0.3333333333333334,0.0,0.006944444444444444,x,z,z,-0.02156929737622832
33,0.1666666666666667,-0.3333333333333334,0.0,0.006944444444444444,y,x,x,0.020885546020583096
33,0.1666666666666667,-0.3333333333333334,0.0,0.006944444444444444,y,x,y,-0.6458734624480464
33,0.1666666666666667,-0.3333333333333334,0.0,0.006944444444444444,y,x,z,-0.5118458385516845
33,0.1666666666666667,-0.3333333333333334,0.0,0.006944444444444444,y,y,x,0.5489303383826317
33,0.1666666666666667,-0.3333333333333334,0.0,0.006944444444444444,y,y,y,-0.09375845451176266
33,0.1666666666666667,-0.3333333333333334,0.0,0.006944444444444444,y,y,z,0.052304871576934864
33,0.1666666666666667,-0.3333333333333334,0.0,0.006944444444444444,y,z,x,0.46962569469950893
33,0.1666666666666667,-0.3333333333333334,0.0,0.006944444444444444,y,z,y,-0.1457009475669794
33,0.1666666666666667,-0.3333333333333334,0.0,0.006944444444444444,y,z,z,-0.020458189040748084
33,0.1666666666666667,-0.3333333333333334,0.0,0.006944444444444444,z,x,x,-0.0054995358427997396
33,0.1666666666666667,-0.3333333333333334,0.0,0.006944444444444444,z,x,y,0.4236782304290269
33,0.1666666666666667,-0.3333333333333334,0.0,0.006944444444444444,z,x,z,0.2864539076095375
33,0.1666666666666667,-0.3333333333333334,0.0,0.006944444444444444,z,y,x,-0.8053524467194106
33,0.1666666666666667,-0.3333333333333334,0.0,0.006944444444444444,z,y,y,-0.06621203432326817
33,0.1666666666666667,-0.3333333333333334,0.0,0.006944444444444444,z,y,z,-0.28339705811648375
33,0.1666666666666667,-0.3333333333333334,0.0,0.006944444444444444,z,z,x,0.016542282753000046
33,0.1666666666666667,-0.3333333333333334,0.0,0.006944444444444444,z,z,y,0.17353912579973038
33,0.1666666666666667,-0.3333333333333334,0.0,0.006944444444444444,z,z,z,0.005544113208917262
34,0.1666666666666667,-0.25,0.0,0.006944444444444444,x,x,x,0.35811852735762945
34,0.1666666666666667,-0.25,0.0,0.006944444444444444,x,x,y,-0.36753122450622033
34,0.1666666666666667,-0.25,0.0,0.006944444444444444,x,x,z,0.17768798494243443
34,0.1666666666666667,-0.25,0.0,0.006944444444444444,x,y,x,0.3976885935922334
34,0.1666666666666667,-0.25,0.0,0.006944444444444444,x,y,y,-0.1513315940334613
34,0.1666666666666667,-0.25,0.0,0.006944444444444444,x,y,z,0.6001262859431509
34,0.1666666666666667,-0.25,0.0,0.006944444444444444,x,z,x,0.038563966089856155
34,0.1666666666666667,-0.25,0.0,0.006944444444444444,x,z,y,-0.9216224769777642
34,0.1666666666666667,-0.25,0.0,0.006944444444444444,x,z,z,0.011955201678384875
34,0.1666666666666667,-0.25,0.0,0.006944444444444444,y,x,x,0.009085923317773666
34,0.1666666666666667,-0.25,0.0,0.006944444444444444,y,x,y,-0.4220903356357272
34,0.1666666666666667,-0.25,0.0,0.006944444444444444,y,x,z,-0.7483819670794022
34,0.1666666666666667,-0.25,0.0,0.006944444444444444,y,y,x,0.4297285130146207
34,0.1666666666666667,-0.25,0.0,0.006944444444444444,y,y,y,-0.1916598831220841
34,0.1666666666666667,-0.25,0.0,0.006944444444444444,y,y,z,0.0009129845649898294
34,0.1666666666666667,-0.25,0.0,0.006944444444444444,y,z,x,0.58938972145117
34,0.1666666666666667,-0.25,0.0,0.006944444444444444,y,z,y,-0.19168166559016878
34,0.1666666666666667,-0.25,0.0,0.006944444444444444,y,z,z,-0.025297748752089965
34,0.1666666666666667,-0.25,0.0,0.006944444444444444,z,x,x,0.003278384905867644
34,0.1666666666666667,-0.25,0.0,0.006944444444444444,z,x,y,0.147080750780681
34,0.1666666666666667,-0.25,0.0,0.006944444444444444,z,x,z,0.259877464508771
34,0.1666666666666667,-0.25,0.0,0.006944444444444444,z,y,x,-0.46696339407954973
34,0.1666666666666667,-0.25,0.0,0.006944444444444444,z,y,y,-0.13158448389104913
34,0.1666666666666667,-0.25,0.0,0.006944444444444444,z,y,z,-0.5465772501118362
34,0.1666666666666667,-0.25,0.0,0.006944444444444444,z,z,x,-0.01851647265914101
34,0.1666666666666667,-0.25,0.0,0.006944444444444444,z,z,y,0.28502738321654075
34,0.1666666666666667,-0.25,0.0,0.006944444444444444,z,z,z,0.010801253123057578
35,0.1666666666666667,-0.1666666666666666,0.0,0.006944444444444444,x,x,x,0.06665630878403178
35,0.1666666666666667,-0.1666666666666666,0.0,0.006944444444444444,x,x,y,-0.6710963856318114
35,0.1666666666666667,-0.1666666666666666,0.0,0.006944444444444444,x,x,z,0.160837929520197
35,0.1666666666666667,-0.1666666666666666,0.0,0.006944444444444444,x,y,x,0.7267998948140599
35,0.1666666666666667,-0.1666666666666666,0.0,0.006944444444444444,x,y,y,0.126661249592621
35,0.1666666666666667,-0.1666666666666666,0.0,0.006944444444444444,x,y,z,0.8436312448920669
35,0.1666666666666667,-0.1666666666666666,0.0,0.006944444444444444,x,z,x,0.09080423204953114
35,0.1666666666666667,-0.1666666666666666,0.0,0.006944444444444444,x,z,y,-0.6703035737884472
35,0.1666666666666667,-0.1666666666666666,0.0,0.006944444444444444,x,z,z,0.042672401410964775
35,0.1666666666666667,-0.1666666666666666,0.0,0.006944444444444444,y,x,x,-0.1952712725694454
35,0.1666666666666667,-0.1666666666666666,0.0,0.006944444444444444,y,x,y,-0.4056852592644873
35,0.1666666666666667,-0.1666666666666666,0.0,0.006944444444444444,y,x,z,-1.0293362298300504
35,0.1666666666666667,-0.1666666666666666,0.0,0.006944444444444444,y,y,x,0.4013634769428376
35,0.1666666666666667,-0.1666666666666666,0.0,0.006944444444444444,y,y,y,-0.13956484534642324
35,0.1666666666666667,-0.1666666666666666,0.0,0.006944444444444444,y,y,z,-0.16083707722854013
35,0.1666666666666667,-0.1666666666666666,0.0,0.006944444444444444,y,z,x,0.5654316839747752
35,0.1666666666666667,-0.1666666666666666,0.0,0.006944444444444444,y,z,y,-0.0908088549301636
35,0.1666666666666667,-0.1666666666666666,0.0,0.006944444444444444,y,z,z,-0.07390743891673736
35,0.1666666666666667,-0.1666666666666666,0.0,0.006944444444444444,z,x,x,0.1294665279135978
35,0.1666666666666667,-0.1666666666666666,0.0,0.006944444444444444,z,x,y,-0.20662712537033923
35,0.1666666666666667,-0.1666666666666666,0.0,0.006944444444444444,z,x,z,0.30569373047237086
35,0.1666666666666667,-0.1666666666666666,0.0,0.006944444444444444,z,y,x,0.05712519336138367
35,0.1666666666666667,-0.1666666666666666,0.0,0.006944444444444444,z,y,y,-0.1294680083424018
35,0.1666666666666667,-0.1666666666666666,0.0,0.006944444444444444,z,y,z,-0.5295199340892136
35,0.1666666666666667,-0.1666666666666666,0.0,0.006944444444444444,z,z,x,-0.12213779847558963
35,0.1666666666666667,-0.1666666666666666,0.0,0.006944444444444444,z,z,y,0.21158120369878483
35,0.1666666666666667,-0.1666666666666666,0.0,0.006944444444444444,z,z,z,-1.4224271902822152e-06
36,0.1666666666666667,-0.0833333333333334,0.0,0.006944444444444444,x,x,x,-1.0054111553784393
36,0.1666666666666667,-0.0833333333333334,0.0,0.006944444444444444,x,x,y,1.6791424223216238
36,0.1666666666666667,-0.0833333333333334,0.0,0.006944444444444444,x,x,z,-0.3655794785971906
36,0.1666666666666667,-0.0833333333333334,0.0,0.006944444444444444,x,y,x,-1.265747770099063
36,0.1666666666666667,-0.0833333333333334,0.0,0.006944444444444444,x,y,y,2.035845440349618
36,0.1666666666666667,-0.0833333333333334,0.0,0.006944444444444444,x,y,z,0.3184311700586538
36,0.1666666666666667,-0.0833333333333334,0.0,0.006944444444444444,x,z,x,0.21260227110313856
36,0.1666666666666667,-0.0833333333333334,0.0,0.006944444444444444,x,z,y,1.1903274529345187
36,0.1666666666666667,-0.0833333333333334,0.0,0.006944444444444444,x,z,z,-0.02570951799821492
36,0.1666666666666667,-0.0833333333333334,0.0,0.006944444444444444,y,x,x,-0.6170100668050778
36,0.1666666666666667,-0.0833333333333334,0.0,0.006944444444444444,y,x,y,-2.969801019571803
36,0.1666666666666667,-0.0833333333333334,0.0,0.006944444444444444,y,x,z,-1.0849700909082343
36,0.1666666666666667,-0.0833333333333334,0.0,0.006944444444444444,y,y,x,2.910416020977301
36,0.1666666666666667,-0.0833333333333334,0.0,0.006944444444444444,y,y,y,0.9003258631856007
36,0.1666666666666667,-0.0833333333333334,0.0,0.006944444444444444,y,y,z,-0.07406364896859939
36,0.1666666666666667,-0.0833333333333334,0.0,0.006944444444444444,y,z,x,-0.3314206952989575
36,0.1666666666666667,-0.0833333333333334,0.0,0.006944444444444444,y,z,y,-0.12457993368272051
36,0.1666666666666667,-0.0833333333333334,0.0,0.006944444444444444,y,z,z,-0.2532667928536415
36,0.1666666666666667,-0.0833333333333334,0.0,0.006944444444444444,z,x,x,0.22374472883817187
36,0.1666666666666667,-0.0833333333333334,0.0,0.006944444444444444,z,x,y,-0.5195845819952429
36,0.1666666666666667,-0.0833333333333334,0.0,0.006944444444444444,z,x,z,0.5513707079162598
36,0.1666666666666667,-0.0833333333333334,0.0,0.006944444444444444,z,y,x,0.25590311975646474
36,0.1666666666666667,-0.0833333333333334,0.0,0.006944444444444444,z,y,y,0.5738936025796297
36,0.1666666666666667,-0.0833333333333334,0.0,0.006944444444444444,z,y,z,-0.041082732977622896
36,0.1666666666666667,-0.0833333333333334,0.0,0.006944444444444444,z,z,x,-0.04862674445952964
36,0.1666666666666667,-0.0833333333333334,0.0,0.006944444444444444,z,z,y,0.6653008593674572
36,0.1666666666666667,-0.0833333333333334,0.0,0.006944444444444444,z,z,z,-0.04339394836268105
37,0.25,0.0,0.0,0.006944444444444444,x,x,x,-0.17348288405534684
37,0.25,0.0,0.0,0.006944444444444444,x,x,y,10.684720106765187
37,0.25,0.0,0.0,0.006944444444444444,x,x,z,-1.691193514887391
37,0.25,0.0,0.0,0.006944444444444444,x,y,x,-12.4267157276072
37,0.25,0.0,0.0,0.006944444444444444,x,y,y,0.6255537518968233
37,0.25,0.0,0.0,0.006944444444444444,x,y,z,-2.3150253493423194
37,0.25,0.0,0.0,0.006944444444444444,x,z,x,2.1993962660786317
37,0.25,0.0,0.0,0.006944444444444444,x,z,y,4.288002397361883
37,0.25,0.0,0.0,0.006944444444444444,x,z,z,-0.20909033844225774
37,0.25,0.0,0.0,0.006944444444444444,y,x,x,1.262503930180114
37,0.25,0.0,0.0,0.006944444444444444,y,x,y,-7.277889981469361
37,0.25,0.0,0.0,0.006944444444444444,y,x,z,0.36221255133558355
37,0.25,0.0,0.0,0.006944444444444444,y,y,x,6.0654615127783655
37,0.25,0.0,0.0,0.006944444444444444,y,y,y,-0.47948669660578813
37,0.25,0.0,0.0,0.006944444444444444,y,y,z,1.6912103768250046
37,0.25,0.0,0.0,0.006944444444444444,y,z,x,-1.7483656420759581
37,0.25,0.0,0.0,0.006944444444444444,y,z,y,-2.19940764636509
37,0.25,0.0,0.0,0.006944444444444444,y,z,z,-0.3621533112833339
37,0.25,0.0,0.0,0.006944444444444444,z,x,x,-0.4222283471748589
37,0.25,0.0,0.0,0.006944444444444444,z,x,y,-6.191597616576073
37,0.25,0.0,0.0,0.006944444444444444,z,x,z,0.7888018398779678
37,0.25,0.0,0.0,0.006944444444444444,z,y,x,5.704020777845646
37,0.25,0.0,0.0,0.006944444444444444,z,y,y,0.4222306258089569
37,0.25,0.0,0.0,0.006944444444444444,z,y,z,1.366260009700599
37,0.25,0.0,0.0,0.006944444444444444,z,z,x,0.3965750611899382
37,0.25,0.0,0.0,0.006944444444444444,z,z,y,0.6868760780837233
37,0.25,0.0,0.0,0.006944444444444444,z,z,z,-2.1953749416322955e-06
38,0.25,0.0833333333333333,0.0,0.006944444444444444,x,x,x,-0.07480249439333757
38,0.25,0.0833333333333333,0.0,0.006944444444444444,x,x,y,3.1284581427890172
38,0.25,0.0833333333333333,0.0,0.006944444444444444,x,x,z,-0.18498691319156976
38,0.25,0.0833333333333333,0.0,0.006944444444444444,x,y,x,-3.4364104318222264
38,0.25,0.0833333333333333,0.0,0.006944444444444444,x,y,y,-0.1950583869040137
38,0.25,0.0833333333333333,0.0,0.006944444444444444,x,y,z,0.7671313857015438
38,0.25,0.0833333333333333,0.0,0.006944444444444444,x,z,x,0.412206694364866
38,0.25,0.0833333333333333,0.0,0.006944444444444444,x,z,y,0.6921196880548899
38,0.25,0.0833333333333333,0.0,0.006944444444444444,x,z,z,-0.20648374041719803
38,0.25,0.0833333333333333,0.0,0.006944444444444444,y,x,x,1.2229435617751556
38,0.25,0.0833333333333333,0.0,0.006944444444444444,y,x,y,1.7459678595083685
38,0.25,0.0833333333333333,0.0,0.006944444444444444,y,x,z,-0.6362936955521501
38,0.25,0.0833333333333333,0.0,0.006944444444444444,y,y,x,1.3561357368441551
38,0.25,0.0833333333333333,0.0,0.006944444444444444,y,y,y,-0.18893047949888553
38,0.25,0.0833333333333333,0.0,0.006944444444444444,y,y,z,0.6246389326401126
38,0.25,0.0833333333333333,0.0,0.006944444444444444,y,z,x,-0.8295916874892373
38,0.25,0.0833333333333333,0.0,0.006944444444444444,y,z,y,-0.500244123609298
38,0.25,0.0833333333333333,0.0,0.006944444444444444,y,z,z,-0.14889760503109467
38,0.25,0.0833333333333333,0.0,0.006944444444444444,z,x,x,-0.6005070295604044
38,0.25,0.0833333333333333,0.0,0.006944444444444444,z,x,y,-0.47341956893130793
38,0.25,0.0833333333333333,0.0,0.006944444444444444,z,x,z,-0.31127423274651406
38,0.25,0.0833333333333333,0.0,0.006944444444444444,z,y,x,0.3020077626240101
38,0.25,0.0833333333333333,0.0,0.006944444444444444,z,y,y,-0.19711182771541247
38,0.25,0.0833333333333333,0.0,0.006944444444444444,z,y,z,0.4569827653139939
38,0.25,0.0833333333333333,0.0,0.006944444444444444,z,z,x,0.6004864721805638
38,0.25,0.0833333333333333,0.0,0.006944444444444444,z,z,y,0.29051828443625394
38,0.25,0.0833333333333333,0.0,0.006944444444444444,z,z,z,0.04338841691306143
39,0.25,0.1666666666666667,0.0,0.006944444444444444,x,x,x,-0.07480553464030275
39,0.25,0.1666666666666667,0.0,0.006944444444444444,x,x,y,-3.128456781322192
39,0.25,0.1666666666666667,0.0,0.006944444444444444,x,x,z,0.18498748529340822
39,0.25,0.1666666666666667,0.0,0.006944444444444444,x,y,x,3.43642193419471
39,0.25,0.1666666666666667,0.0,0.006944444444444444,x,y,y,-0.19505376164649674
39,0.25,0.1666666666666667,0.0,0.006944444444444444,x,y,z,0.767127970631346
39,0.25,0.1666666666666667,0.0,0.006944444444444444,x,z,x,-0.41221050010475996
39,0.25,0.1666666666666667,0.0,0.006944444444444444,x,z,y,0.6921242676688942
39,0.25,0.1666666666666667,0.0,0.006944444444444444,x,z,z,-0.20648364002606334
39,0.25,0.1666666666666667,0.0,0.006944444444444444,y,x,x,-1.2229437270577224
39,0.25,0.1666666666666667,0.0,0.006944444444444444,y,x,y,1.745976853322249
39,0.25,0.1666666666666667,0.0,0.006944444444444444,y,x,z,-0.6362912519931103
39,0.25,0.1666666666666667,0.0,0.006944444444444444,y,y,x,1.3561408979475456
39,0.25,0.1666666666666667,0.0,0.006944444444444444,y,y,y,0.18893467444238815
39,0.25,0.1666666666666667,0.0,0.006944444444444444,y,y,z,-0.6246383079306802
39,0.25,0.1666666666666667,0.0,0.006944444444444444,y,z,x,-0.8295943902987973
39,0.25,0.1666666666666667,0.0,0.006944444444444444,y,z,y,0.5002399056162821
39,0.25,0.1666666666666667,0.0,0.006944444444444444,y,z,z,0.14889766622016312
39,0.25,0.1666666666666667,0.0,0.006944444444444444,z,x,x,0.6005185889290603
39,0.25,0.1666666666666667,0.0,0.006944444444444444,z,x,y,-0.4734124397060674
39,0.25,0.1666666666666667,0.0,0.006944444444444444,z,x,z,-0.311274074893631
39,0.25,0.1666666666666667,0.0,0.006944444444444444,z,y,x,0.302007920678841
39,0.25,0.1666666666666667,0.0,0.006944444444444444,z,y,y,0.19711264865778438
39,0.25,0.1666666666666667,0.0,0.006944444444444444,z,y,z,-0.45698923519583906
39,0.25,0.1666666666666667,0.0,0.006944444444444444,z,z,x,0.6004870940027007
39,0.25,0.1666666666666667,0.0,0.006944444444444444,z,z,y,-0.29051619700889003
39,0.25,0.1666666666666667,0.0,0.006944444444444444,z,z,z,-0.04338789146071664
40,0.25,0.25,0.0,0.006944444444444444,x,x,x,-0.1734858105830099
40,0.25,0.25,0.0,0.006944444444444444,x,x,y,-10.684743871436552
40,0.25,0.25,0.0,0.006944444444444444,x,x,z,1.691205394115272
40,0.25,0.25,0.0,0.006944444444444444,x,y,x,12.426718759545146
40,0.25,0.25,0.0,0.006944444444444444,x,y,y,0.6255639124518679
40,0.25,0.25,0.0,0.006944444444444444,x,y,z,-2.3150444326005672
40,0.25,0.25,0.0,0.006944444444444444,x,z,x,-2.1994032919009263
40,0.25,0.25,0.0,0.006944444444444444,x,z,y,4.288016854040049
40,0.25,0.25,0.0,0.006944444444444444,x,z,z,-0.20909152683075855
40,0.25,0.25,0.0,0.006944444444444444,y,x,x,-1.2624937982613176
40,0.25,0.25,0.0,0.006944444444444444,y,x,y,-7.27790114186671
40,0.25,0.25,0.0,0.006944444444444444,y,x,z,0.3622170551568259
40,0.25,0.25,0.0,0.006944444444444444,y,y,x,6.065486868611271
40,0.25,0.25,0.0,0.006944444444444444,y,y,y,0.4794801447405732
40,0.25,0.25,0.0,0.006944444444444444,y,y,z,-1.691215103568618
40,0.25,0.25,0.0,0.006944444444444444,y,z,x,-1.748370797681281
40,0.25,0.25,0.0,0.006944444444444444,y,z,y,2.199412587507143
40,0.25,0.25,0.0,0.006944444444444444,y,z,z,0.3621541399636152
40,0.25,0.25,0.0,0.006944444444444444,z,x,x,0.4222253939078156
40,0.25,0.25,0.0,0.006944444444444444,z,x,y,-6.191562025696211
40,0.25,0.25,0.0,0.006944444444444444,z,x,z,0.7888068622884004
40,0.25,0.25,0.0,0.006944444444444444,z,y,x,5.704014922158605
40,0.25,0.25,0.0,0.006944444444444444,z,y,y,-0.4222322811519756
40,0.25,0.25,0.0,0.006944444444444444,z,y,z,-1.3662621442599776
40,0.25,0.25,0.0,0.006944444444444444,z,z,x,0.39657405151581704
40,0.25,0.25,0.0,0.006944444444444444,z,z,y,-0.6868846722174852
40,0.25,0.25,0.0,0.006944444444444444,z,z,z,2.348170365131389e-06
41,0.25,0.3333333333333333,0.0,0.006944444444444444,x,x,x,-0.1849785399536723
41,0.25,0.3333333333333333,0.0,0.006944444444444444,x,x,y,0.17695203746584515
41,0.25,0.3333333333333333,0.0,0.006944444444444444,x,x,z,0.4798253036396597
41,0.25,0.3333333333333333,0.0,0.006944444444444444,x,y,x,0.7864241053477694
41,0.25,0.3333333333333333,0.0,0.006944444444444444,x,y,y,0.45152744850891424
41,0.25,0.3333333333333333,0.0,0.006944444444444444,x,y,z,0.1509473966812624
41,0.25,0.3333333333333333,0.0,0.006944444444444444,x,z,x,-0.8500329145358968
41,0.25,0.3333333333333333,0.0,0.006944444444444444,x,z,y,0.16349775146839707
41,0.25,0.3333333333333333,0.0,0.006944444444444444,x,z,z,-0.019153026686513586
41,0.25,0.3333333333333333,0.0,0.006944444444444444,y,x,x,0.4707229887518416
41,0.25,0.3333333333333333,0.0,0.006944444444444444,y,x,y,-2.2802183127541267
41,0.25,0.3333333333333333,0.0,0.006944444444444444,y,x,z,-0.62543398064697
41,0.25,0.3333333333333333,0.0,0.006944444444444444,y,y,x,0.898310906465381
41,0.25,0.3333333333333333,0.0,0.006944444444444444,y,y,y,0.12881195956296965
41,0.25,0.3333333333333333,0.0,0.006944444444444444,y,y,z,0.1733805924454597
41,0.25,0.3333333333333333,0.0,0.006944444444444444,y,z,x,0.3590677791238731
41,0.25,0.3333333333333333,0.0,0.006944444444444444,y,z,y,0.48003768866598523
41,0.25,0.3333333333333333,0.0,0.006944444444444444,y,z,z,0.09046088909870055
41,0.25,0.3333333333333333,0.0,0.006944444444444444,z,x,x,-0.551828215642307
41,0.25,0.3333333333333333,0.0,0.006944444444444444,z,x,y,-0.8916861620162245
41,0.25,0.3333333333333333,0.0,0.006944444444444444,z,x,z,0.7884063466280619
41,0.25,0.3333333333333333,0.0,0.006944444444444444,z,y,x,1.1751264391382772
41,0.25,0.3333333333333333,0.0,0.006944444444444444,z,y,y,-0.04827428002265756
41,0.25,0.3333333333333333,0.0,0.006944444444444444,z,y,z,0.06881143011350467
41,0.25,0.3333333333333333,0.0,0.006944444444444444,z,z,x,-0.5003780989187793
41,0.25,0.3333333333333333,0.0,0.006944444444444444,z,z,y,0.13149994086435704
41,0.25,0.3333333333333333,0.0,0.006944444444444444,z,z,z,0.04410638145322158
42,0.25,0.4166666666666667,0.0,0.006944444444444444,x,x,x,0.125108649821597
42,0.25,0.4166666666666667,0.0,0.006944444444444444,x,x,y,0.7511678790604863
42,0.25,0.4166666666666667,0.0,0.006944444444444444,x,x,z,-0.0190981504270525
42,0.25,0.4166666666666667,0.0,0.006944444444444444,x,y,x,-0.3691651517429157
42,0.25,0.4166666666666667,0.0,0.006944444444444444,x,y,y,-0.07039161833786484
42,0.25,0.4166666666666667,0.0,0.006944444444444444,x,y,z,0.6347833657706002
42,0.25,0.4166666666666667,0.0,0.006944444444444444,x,z,x,-0.27797020645727477
42,0.25,0.4166666666666667,0.0,0.006944444444444444,x,z,y,-0.7721584159301392
42,0.25,0.4166666666666667,0.0,0.006944444444444444,x,z,z,0.015932913645205892
42,0.25,0.4166666666666667,0.0,0.006944444444444444,y,x,x,0.05963690548541432
42,0.25,0.4166666666666667,0.0,0.006944444444444444,y,x,y,-0.2715442805038824
42,0.25,0.4166666666666667,0.0,0.006944444444444444,y,x,z,-0.7137395746851913
42,0.25,0.4166666666666667,0.0,0.006944444444444444,y,y,x,-0.03476915867681258
42,0.25,0.4166666666666667,0.0,0.006944444444444444,y,y,y,0.21073714310075084
42,0.25,0.4166666666666667,0.0,0.006944444444444444,y,y,z,0.19769722144872878
42,0.25,0.4166666666666667,0.0,0.006944444444444444,y,z,x,0.7388682504329384
42,0.25,0.4166666666666667,0.0,0.006944444444444444,y,z,y,0.12485784153325082
42,0.25,0.4166666666666667,0.0,0.006944444444444444,y,z,z,0.023000679429997208
42,0.25,0.4166666666666667,0.0,0.006944444444444444,z,x,x,-0.23638079543379045
42,0.25,0.4166666666666667,0.0,0.006944444444444444,z,x,y,0.328608070574808
42,0.25,0.4166666666666667,0.0,0.006944444444444444,z,x,z,0.3433935038458107
42,0.25,0.4166666666666667,0.0,0.006944444444444444,z,y,x,-0.2854614921691364
42,0.25,0.4166666666666667,0.0,0.006944444444444444,z,y,y,0.10807644141516289
42,0.25,0.4166666666666667,0.0,0.006944444444444444,z,y,z,0.49836349281469866
42,0.25,0.4166666666666667,0.0,0.006944444444444444,z,z,x,-0.23756883258404057
42,0.25,0.4166666666666667,0.0,0.006944444444444444,z,z,y,-0.1585638865120446
42,0.25,0.4166666666666667,0.0,0.006944444444444444,z,z,z,0.010802051885996007
43,0.25,0.5,0.0,0.006944444444444444,x,x,x,0.22304226533794533
43,0.25,0.5,0.0,0.006944444444444444,x,x,y,0.30719431340784004
43,0.25,0.5,0.0,0.006944444444444444,x,x,z,-0.0760258309480503
43,0.25,0.5,0.0,0.006944444444444444,x,y,x,-0.14454754183405258
43,0.25,0.5,0.0,0.006944444444444444,x,y,y,-0.1506894898032546
43,0.25,0.5,0.0,0.006944444444444444,x,y,z,0.5298486733448408
43,0.25,0.5,0.0,0.006944444444444444,x,z,x,-0.08872256870961717
43,0.25,0.5,0.0,0.006944444444444444,x,z,y,-0.8399463887093127
43,0.25,0.5,0.0,0.006944444444444444,x,z,z,0.011609182591480952
43,0.25,0.5,0.0,0.006944444444444444,y,x,x,-0.018663982758034565
43,0.25,0.5,0.0,0.006944444444444444,y,x,y,-0.22336385330760608
43,0.25,0.5,0.0,0.006944444444444444,y,x,z,-0.6176323594669727
43,0.25,0.5,0.0,0.006944444444444444,y,y,x,0.03744256619013034
43,0.25,0.5,0.0,0.006944444444444444,y,y,y,0.14398412194200513
43,0.25,0.5,0.0,0.006944444444444444,y,y,z,0.07602660858867386
43,0.25,0.5,0.0,0.006944444444444444,y,z,x,0.7374928711743253
43,0.25,0.5,0.0,0.006944444444444444,y,z,y,0.08872278429545558
43,0.25,0.5,0.0,0.006944444444444444,y,z,z,0.02010696446236759
43,0.25,0.5,0.0,0.006944444444444444,z,x,x,-0.11305355025044482
43,0.25,0.5,0.0,0.006944444444444444,z,x,y,0.6204095805751023
43,0.25,0.5,0.0,0.006944444444444444,z,x,z,0.22770075229462672
43,0.25,0.5,0.0,0.006944444444444444,z,y,x,-0.7509527600521837
43,0.25,0.5,0.0,0.006944444444444444,z,y,y,0.11305417750013567
43,0.25,0.5,0.0,0.006944444444444444,z,y,z,0.3943952436134715
43,0.25,0.5,0.0,0.006944444444444444,z,z,x,-0.11567330355917413
43,0.25,0.5,0.0,0.006944444444444444,z,z,y,-0.20035839047890858
43,0.25,0.5,0.0,0.006944444444444444,z,z,z,9.336443685332215e-08
44,0.25,-0.4166666666666666,0.0,0.006944444444444444,x,x,x,0.2893903951853067
44,0.25,-0.4166666666666666,0.0,0.006944444444444444,x,x,y,0.07435659310872993
44,0.25,-0.4166666666666666,0.0,0.006944444444444444,x,x,z,-0.03398530200704896
44,0.25,-0.4166666666666666,0.0,0.006944444444444444,x,y,x,-0.032938291562711115
44,0.25,-0.4166666666666666,0.0,0.006944444444444444,x,y,y,-0.14206902844520572
44,0.25,-0.4166666666666666,0.0,0.006944444444444444,x,y,z,0.44775380990638575
44,0.25,-0.4166666666666666,0.0,0.006944444444444444,x,z,x,-0.014309720802278172
44,0.25,-0.4166666666666666,0.0,0.006944444444444444,x,z,y,-0.8406249401011567
44,0.25,-0.4166666666666666,0.0,0.006944444444444444,x,z,z,-0.00776779339292367
44,0.25,-0.4166666666666666,0.0,0.006944444444444444,y,x,x,-0.013070157017332324
44,0.25,-0.4166666666666666,0.0,0.006944444444444444,y,x,y,-0.34392050401487845
44,0.25,-0.4166666666666666,0.0,0.006944444444444444,y,x,z,-0.5500258088212404
44,0.25,-0.4166666666666666,0.0,0.006944444444444444,y,y,x,0.14095713328684162
44,0.25,-0.4166666666666666,0.0,0.006944444444444444,y,y,y,0.04340300421090027
44,0.25,-0.4166666666666666,0.0,0.006944444444444444,y,y,z,0.013566321546312364
44,0.25,-0.4166666666666666,0.0,0.006944444444444444,y,z,x,0.708558212379857
44,0.25,-0.4166666666666666,0.0,0.006944444444444444,y,z,y,0.03562490578030554
44,0.25,-0.4166666666666666,0.0,0.006944444444444444,y,z,z,0.007556169431207392
44,0.25,-0.4166666666666666,0.0,0.006944444444444444,z,x,x,-0.03435650550016385
44,0.25,-0.4166666666666666,0.0,0.006944444444444444,z,x,y,0.770215912676537
44,0.25,-0.4166666666666666,0.0,0.006944444444444444,z,x,z,0.24196830584868534
44,0.25,-0.4166666666666666,0.0,0.006944444444444444,z,y,x,-0.9556586471749718
44,0.25,-0.4166666666666666,0.0,0.006944444444444444,z,y,y,0.042683739386873545
44,0.25,-0.4166666666666666,0.0,0.006944444444444444,z,y,z,0.14256186897378387
44,0.25,-0.4166666666666666,0.0,0.006944444444444444,z,z,x,-0.08076057466469706
44,0.25,-0.4166666666666666,0.0,0.006944444444444444,z,z,y,-0.08135286501574963
44,0.25,-0.4166666666666666,0.0,0.006944444444444444,z,z,z,-0.00012345096779531816
45,0.25,-0.3333333333333334,0.0,0.006944444444444444,x,x,x,0.2893900504058258
45,0.25,-0.3333333333333334,0.0,0.006944444444444444,x,x,y,-0.07435598237458163
45,0.25,-0.3333333333333334,0.0,0.006944444444444444,x,x,z,0.03398494720925685
45,0.25,-0.3333333333333334,0.0,0.006944444444444444,x,y,x,0.032935595732042404
45,0.25,-0.3333333333333334,0.0,0.006944444444444444,x,y,y,-0.14206883553508026
45,0.25,-0.3333333333333334,0.0,0.006944444444444444,x,y,z,0.44775319560064425
45,0.25,-0.3333333333333334,0.0,0.006944444444444444,x,z,x,0.01431117743719691
45,0.25,-0.3333333333333334,0.0,0.006944444444444444,x,z,y,-0.8406237393343764
45,0.25,-0.3333333333333334,0.0,0.006944444444444444,x,z,z,-0.007767703521222216
45,0.25,-0.3333333333333334,0.0,0.006944444444444444,y,x,x,0.013070448550227948
45,0.25,-0.3333333333333334,0.0,0.006944444444444444,y,x,y,-0.3439199658540739
45,0.25,-0.3333333333333334,0.0,0.006944444444444444,y,x,z,-0.5500255300677797
45,0.25,-0.3333333333333334,0.0,0.006944444444444444,y,y,x,0.14095696949034806
45,0.25,-0.3333333333333334,0.0,0.006944444444444444,y,y,y,-0.04340366530622591
45,0.25,-0.3333333333333334,0.0,0.006944444444444444,y,y,z,-0.013565257055916945
45,0.25,-0.3333333333333334,0.0,0.006944444444444444,y,z,x,0.7085576606007378
45,0.25,-0.3333333333333334,0.0,0.006944444444444444,y,z,y,-0.0356269407521037
45,0.25,-0.3333333333333334,0.0,0.006944444444444444,y,z,z,-0.007556456425689399
45,0.25,-0.3333333333333334,0.0,0.006944444444444444,z,x,x,0.03435675501837544
45,0.25,-0.3333333333333334,0.0,0.006944444444444444,z,x,y,0.7702141586596974
45,0.25,-0.3333333333333334,0.0,0.006944444444444444,z,x,z,0.24196783870723357
45,0.25,-0.3333333333333334,0.0,0.006944444444444444,z,y,x,-0.9556567667800044
45,0.25,-0.3333333333333334,0.0,0.006944444444444444,z,y,y,-0.04268394436427406
45,0.25,-0.3333333333333334,0.0,0.006944444444444444,z,y,z,-0.14256148510591626
45,0.25,-0.3333333333333334,0.0,0.006944444444444444,z,z,x,-0.08076031708695239
45,0.25,-0.3333333333333334,0.0,0.006944444444444444,z,z,y,0.08135109909709219
45,0.25,-0.3333333333333334,0.0,0.006944444444444444,z,z,z,0.0001234020179405014
46,0.25,-0.25,0.0,0.006944444444444444,x,x,x,0.22304181299406423
46,0.25,-0.25,0.0,0.006944444444444444,x,x,y,-0.30719258860830045
46,0.25,-0.25,0.0,0.006944444444444444,x,x,z,0.07602520816463439
46,0.25,-0.25,0.0,0.006944444444444444,x,y,x,0.14454423508840775
46,0.25,-0.25,0.0,0.006944444444444444,x,y,y,-0.15068902724351568
46,0.25,-0.25,0.0,0.006944444444444444,x,y,z,0.5298470869065153
46,0.25,-0.25,0.0,0.006944444444444444,x,z,x,0.08872431946510191
46,0.25,-0.25,0.0,0.006944444444444444,x,z,y,-0.8399438040005824
46,0.25,-0.25,0.0,0.006944444444444444,x,z,z,0.01160942115537857
46,0.25,-0.25,0.0,0.006944444444444444,y,x,x,0.018664140738746185
46,0.25,-0.25,0.0,0.006944444444444444,y,x,y,-0.2233630120601616
46,0.25,-0.25,0.0,0.006944444444444444,y,x,z,-0.6176318716673384
46,0.25,-0.25,0.0,0.006944444444444444,y,y,x,0.03744233784447613
46,0.25,-0.25,0.0,0.006944444444444444,y,y,y,-0.14398432114826476
46,0.25,-0.25,0.0,0.006944444444444444,y,y,z,-0.07602533112028628
46,0.25,-0.25,0.0,0.006944444444444444,y,z,x,0.7374919245990045
46,0.25,-0.25,0.0,0.006944444444444444,y,z,y,-0.08872486405379827
46,0.25,-0.25,0.0,0.006944444444444444,y,z,z,-0.020107171886439228
46,0.25,-0.25,0.0,0.006944444444444444,z,x,x,0.11305354231286485
46,0.25,-0.25,0.0,0.006944444444444444,z,x,y,0.6204056962654909
46,0.25,-0.25,0.0,0.006944444444444444,z,x,z,0.22769970678641652
46,0.25,-0.25,0.0,0.006944444444444444,z,y,x,-0.7509484762096004
46,0.25,-0.25,0.0,0.006944444444444444,z,y,y,-0.11305405794330094
46,0.25,-0.25,0.0,0.006944444444444444,z,y,z,-0.39439429013886357
46,0.25,-0.25,0.0,0.006944444444444444,z,z,x,-0.11567260716824519
46,0.25,-0.25,0.0,0.006944444444444444,z,z,y,0.20035663160812137
46,0.25,-0.25,0.0,0.006944444444444444,z,z,z,-1.4016105456495866e-07
47,0.25,-0.1666666666666666,0.0,0.006944444444444444,x,x,x,0.12510884620723117
47,0.25,-0.1666666666666666,0.0,0.006944444444444444,x,x,y,-0.7511655702481831
47,0.25,-0.1666666666666666,0.0,0.006944444444444444,x,x,z,0.019097438539666098
47,0.25,-0.1666666666666666,0.0,0.006944444444444444,x,y,x,0.3691610028698721
47,0.25,-0.1666666666666666,0.0,0.006944444444444444,x,y,y,-0.07039102596959254
47,0.25,-0.1666666666666666,0.0,0.006944444444444444,x,y,z,0.6347815472006547
47,0.25,-0.1666666666666666,0.0,0.006944444444444444,x,z,x,0.27797228545729025
47,0.25,-0.1666666666666666,0.0,0.006944444444444444,x,z,y,-0.7721562506154835
47,0.25,-0.1666666666666666,0.0,0.006944444444444444,x,z,z,0.015933188728938102
47,0.25,-0.1666666666666666,0.0,0.006944444444444444,y,x,x,-0.05963664027751304
47,0.25,-0.1666666666666666,0.0,0.006944444444444444,y,x,y,-0.27154324602998775
47,0.25,-0.1666666666666666,0.0,0.006944444444444444,y,x,z,-0.7137392683683765
47,0.25,-0.1666666666666666,0.0,0.006944444444444444,y,y,x,-0.034770395090321045
47,0.25,-0.1666666666666666,0.0,0.006944444444444444,y,y,y,-0.21073642148914745
47,0.25,-0.1666666666666666,0.0,0.006944444444444444,y,y,z,-0.1976955770783205
47,0.25,-0.1666666666666666,0.0,0.006944444444444444,y,z,x,0.7388677775637043
47,0.25,-0.1666666666666666,0.0,0.006944444444444444,y,z,y,-0.1248601204791407
47,0.25,-0.1666666666666666,0.0,0.006944444444444444,y,z,z,-0.023000850671408894
47,0.25,-0.1666666666666666,0.0,0.006944444444444444,z,x,x,0.23638040001913926
47,0.25,-0.1666666666666666,0.0,0.006944444444444444,z,x,y,0.328602541486999
47,0.25,-0.1666666666666666,0.0,0.006944444444444444,z,x,z,0.3433924795893745
47,0.25,-0.1666666666666666,0.0,0.006944444444444444,z,y,x,-0.28545536503018193
47,0.25,-0.1666666666666666,0.0,0.006944444444444444,z,y,y,-0.10807658889427017
47,0.25,-0.1666666666666666,0.0,0.006944444444444444,z,y,z,-0.49836189937475256
47,0.25,-0.1666666666666666,0.0,0.006944444444444444,z,z,x,-0.2375680225215134
47,0.25,-0.1666666666666666,0.0,0.006944444444444444,z,z,y,0.15856148688464777
47,0.25,-0.1666666666666666,0.0,0.006944444444444444,z,z,z,-0.010802002395023663
48,0.25,-0.0833333333333334,0.0,0.006944444444444444,x,x,x,-0.18497832008764736
48,0.25,-0.0833333333333334,0.0,0.006944444444444444,x,x,y,-0.1769477771652953
48,0.25,-0.0833333333333334,0.0,0.006944444444444444,x,x,z,-0.4798250565872859
48,0.25,-0.0833333333333334,0.0,0.006944444444444444,x,y,x,-0.7864374000817549
48,0.25,-0.0833333333333334,0.0,0.006944444444444444,x,y,y,0.45152867428618865
48,0.25,-0.0833333333333334,0.0,0.006944444444444444,x,y,z,0.15094688170520804
48,0.25,-0.0833333333333334,0.0,0.006944444444444444,x,z,x,0.8500362530481184
48,0.25,-0.0833333333333334,0.0,0.006944444444444444,x,z,y,0.16350008630938218
48,0.25,-0.0833333333333334,0.0,0.006944444444444444,x,z,z,-0.019152489736729887
48,0.25,-0.0833333333333334,0.0,0.006944444444444444,y,x,x,-0.4707212439853798
48,0.25,-0.0833333333333334,0.0,0.006944444444444444,y,x,y,-2.280219133373186
48,0.25,-0.0833333333333334,0.0,0.006944444444444444,y,x,z,-0.6254338300311938
48,0.25,-0.0833333333333334,0.0,0.006944444444444444,y,y,x,0.8983054913449462
48,0.25,-0.0833333333333334,0.0,0.006944444444444444,y,y,y,-0.12881008485382375
48,0.25,-0.0833333333333334,0.0,0.006944444444444444,y,y,z,-0.1733794296343218
48,0.25,-0.0833333333333334,0.0,0.006944444444444444,y,z,x,0.3590679956769302
48,0.25,-0.0833333333333334,0.0,0.006944444444444444,y,z,y,-0.4800393393581466
48,0.25,-0.0833333333333334,0.0,0.006944444444444444,y,z,z,-0.09046111551365157
48,0.25,-0.0833333333333334,0.0,0.006944444444444444,z,x,x,0.5518262203628247
48,0.25,-0.0833333333333334,0.0,0.006944444444444444,z,x,y,-0.8917056014427964
48,0.25,-0.0833333333333334,0.0,0.006944444444444444,z,x,z,0.7884053097418975
48,0.25,-0.0833333333333334,0.0,0.006944444444444444,z,y,x,1.1751437409035432
48,0.25,-0.0833333333333334,0.0,0.006944444444444444,z,y,y,0.04827395092824361
48,0.25,-0.0833333333333334,0.0,0.006944444444444444,z,y,z,-0.06880747460362609
48,0.25,-0.0833333333333334,0.0,0.006944444444444444,z,z,x,-0.5003773805189896
48,0.25,-0.0833333333333334,0.0,0.006944444444444444,z,z,y,-0.1315057455499205
48,0.25,-0.0833333333333334,0.0,0.006944444444444444,z,z,z,-0.044105954184230654
49,0.3333333333333333,0.0,0.0,0.006944444444444444,x,x,x,-0.04403837690743192
49,0.3333333333333333,0.0,0.0,0.006944444444444444,x,x,y,0.9021949515603249
49,0.3333333333333333,0.0,0.0,0.006944444444444444,x,x,z,-0.8455691121215478
49,0.3333333333333333,0.0,0.0,0.006944444444444444,x,y,x,-2.177114353513645
49,0.3333333333333333,0.0,0.0,0.006944444444444444,x,y,y,-0.8501343343933776
49,0.3333333333333333,0.0,0.0,0.006944444444444444,x,y,z,-1.226962872033124
49,0.3333333333333333,0.0,0.0,0.006944444444444444,x,z,x,1.3893260503596028
49,0.3333333333333333,0.0,0.0,0.006944444444444444,x,z,y,1.5117333929923338
49,0.3333333333333333,0.0,0.0,0.006944444444444444,x,z,z,0.01046712188174515
49,0.3333333333333333,0.0,0.0,0.006944444444444444,y,x,x,-0.13690904301607665
49,0.3333333333333333,0.0,0.0,0.006944444444444444,y,x,y,-2.0280468888793624
49,0.3333333333333333,0.0,0.0,0.006944444444444444,y,x,z,0.250560150639845
49,0.3333333333333333,0.0,0.0,0.006944444444444444,y,y,x,-0.25017594787122105
49,0.3333333333333333,0.0,0.0,0.006944444444444444,y,y,y,-1.4118081659294546
49,0.3333333333333333,0.0,0.0,0.006944444444444444,y,y,z,0.8455297673335037
49,0.3333333333333333,0.0,0.0,0.006944444444444444,y,z,x,0.09254204830702492
49,0.3333333333333333,0.0,0.0,0.006944444444444444,y,z,y,-1.3892829565966618
49,0.3333333333333333,0.0,0.0,0.006944444444444444,y,z,z,0.01811480004807331
49,0.3333333333333333,0.0,0.0,0.006944444444444444,z,x,x,0.5290391135626553
49,0.3333333333333333,0.0,0.0,0.006944444444444444,z,x,y,-1.75229544282852
49,0.3333333333333333,0.0,0.0,0.006944444444444444,z,x,z,0.7943845197400923
49,0.3333333333333333,0.0,0.0,0.006944444444444444,z,y,x,2.3631693594433436
49,0.3333333333333333,0.0,0.0,0.006944444444444444,z,y,y,-0.5290512615552145
49,0.3333333333333333,0.0,0.0,0.006944444444444444,z,y,z,1.375895038741871
49,0.3333333333333333,0.0,0.0,0.006944444444444444,z,z,x,-0.8296942254987917
49,0.3333333333333333,0.0,0.0,0.006944444444444444,z,z,y,-1.4370624980927502
49,0.3333333333333333,0.0,0.0,0.006944444444444444,z,z,z,9.573640713620823e-06
50,0.3333333333333333,0.0833333333333333,0.0,0.006944444444444444,x,x,x,-0.022141709781627508
50,0.3333333333333333,0.0833333333333333,0.0,0.006944444444444444,x,x,y,1.3403595839773774
50,0.3333333333333333,0.0833333333333333,0.0,0.006944444444444444,x,x,z,0.044525367681209876
50,0.3333333333333333,0.0833333333333333,0.0,0.006944444444444444,x,y,x,-1.7170831020721724
50,0.3333333333333333,0.0833333333333333,0.0,0.006944444444444444,x,y,y,-0.6303452294432833
50,0.3333333333333333,0.0833333333333333,0.0,0.006944444444444444,x,y,z,0.3740895300304726
50,0.3333333333333333,0.0833333333333333,0.0,0.006944444444444444,x,z,x,0.3738067390634859
50,0.3333333333333333,0.0833333333333333,0.0,0.006944444444444444,x,z,y,0.34753533657984675
50,0.3333333333333333,0.0833333333333333,0.0,0.006944444444444444,x,z,z,-0.06876250728085789
50,0.3333333333333333,0.0833333333333333,0.0,0.006944444444444444,y,x,x,0.8065466224035003
50,0.3333333333333333,0.0833333333333333,0.0,0.006944444444444444,y,x,y,0.46210605711872615
50,0.3333333333333333,0.0833333333333333,0.0,0.006944444444444444,y,x,z,-0.40226366301617394
50,0.3333333333333333,0.0833333333333333,0.0,0.006944444444444444,y,y,x,-0.59931207479523
50,0.3333333333333333,0.0833333333333333,0.0,0.006944444444444444,y,y,y,-0.8754615601898191
50,0.3333333333333333,0.0833333333333333,0.0,0.006944444444444444,y,y,z,0.6086740872664047
50,0.3333333333333333,0.0833333333333333,0.0,0.006944444444444444,y,z,x,0.543083889290579
50,0.3333333333333333,0.0833333333333333,0.0,0.006944444444444444,y,z,y,-0.7437953378766877
50,0.3333333333333333,0.0833333333333333,0.0,0.006944444444444444,y,z,z,-0.061819857765711236
50,0.3333333333333333,0.0833333333333333,0.0,0.006944444444444444,z,x,x,-0.051427148892692245
50,0.3333333333333333,0.0833333333333333,0.0,0.006944444444444444,z,x,y,-0.8862261735272191
50,0.3333333333333333,0.0833333333333333,0.0,0.006944444444444444,z,x,z,-0.4537868631998567
50,0.3333333333333333,0.0833333333333333,0.0,0.006944444444444444,z,y,x,1.180598649821831
50,0.3333333333333333,0.0833333333333333,0.0,0.006944444444444444,z,y,y,-0.5486749351814643
50,0.3333333333333333,0.0833333333333333,0.0,0.006944444444444444,z,y,z,0.6483792581393291
50,0.3333333333333333,0.0833333333333333,0.0,0.006944444444444444,z,z,x,0.1362957068117436
50,0.3333333333333333,0.0833333333333333,0.0,0.006944444444444444,z,z,y,-0.49910142007691194
50,0.3333333333333333,0.0833333333333333,0.0,0.006944444444444444,z,z,z,0.04411024336646268
51,0.3333333333333333,0.1666666666666667,0.0,0.006944444444444444,x,x,x,-0.17507862691825457
51,0.3333333333333333,0.1666666666666667,0.0,0.006944444444444444,x,x,y,3.939160368628293e-06
51,0.3333333333333333,0.1666666666666667,0.0,0.006944444444444444,x,x,z,-1.9298357917948376e-06
51,0.3333333333333333,0.1666666666666667,0.0,0.006944444444444444,x,y,x,-2.4960845579461226e-06
51,0.3333333333333333,0.1666666666666667,0.0,0.006944444444444444,x,y,y,-0.2115562877961906
51,0.3333333333333333,0.1666666666666667,0.0,0.006944444444444444,x,y,z,1.1221922321184457
51,0.3333333333333333,0.1666666666666667,0.0,0.006944444444444444,x,z,x,2.1386815735814266e-06
51,0.3333333333333333,0.1666666666666667,0.0,0.006944444444444444,x,z,y,-0.513003981463556
51,0.3333333333333333,0.1666666666666667,0.0,0.006944444444444444,x,z,z,-0.08534087954713478
51,0.3333333333333333,0.1666666666666667,0.0,0.006944444444444444,y,x,x,2.105639613011773e-06
51,0.3333333333333333,0.1666666666666667,0.0,0.006944444444444444,y,x,y,0.8531521332050793
51,0.3333333333333333,0.1666666666666667,0.0,0.006944444444444444,y,x,z,-0.750766882002161
51,0.3333333333333333,0.1666666666666667,0.0,0.006944444444444444,y,y,x,-0.7609895579380085
51,0.3333333333333333,0.1666666666666667,0.0,0.006944444444444444,y,y,y,6.486098741597572e-07
51,0.3333333333333333,0.1666666666666667,0.0,0.006944444444444444,y,y,z,1.1792541389378164e-06
51,0.3333333333333333,0.1666666666666667,0.0,0.006944444444444444,y,z,x,0.7227262640374146
51,0.3333333333333333,0.1666666666666667,0.0,0.006944444444444444,y,z,y,-2.4343794920619855e-06
51,0.3333333333333333,0.1666666666666667,0.0,0.006944444444444444,y,z,z,-1.4681547333904413e-07
51,0.3333333333333333,0.1666666666666667,0.0,0.006944444444444444,z,x,x,1.237342940472964e-06
51,0.3333333333333333,0.1666666666666667,0.0,0.006944444444444444,z,x,y,0.017640822480770337
51,0.3333333333333333,0.1666666666666667,0.0,0.006944444444444444,z,x,z,-0.6114214300339511
51,0.3333333333333333,0.1666666666666667,0.0,0.006944444444444444,z,y,x,0.2813590189879819
51,0.3333333333333333,0.1666666666666667,0.0,0.006944444444444444,z,y,y,-2.2927154906928824e-08
51,0.3333333333333333,0.1666666666666667,0.0,0.006944444444444444,z,y,z,-5.659179272726111e-07
51,0.3333333333333333,0.1666666666666667,0.0,0.006944444444444444,z,z,x,0.24429865761275946
51,0.3333333333333333,0.1666666666666667,0.0,0.006944444444444444,z,z,y,2.0774786283834145e-07
51,0.3333333333333333,0.1666666666666667,0.0,0.006944444444444444,z,z,z,1.4534459948334051e-08
52,0.3333333333333333,0.25,0.0,0.006944444444444444,x,x,x,-0.022144344685297943
52,0.3333333333333333,0.25,0.0,0.006944444444444444,x,x,y,-1.3403571116958142
52,0.3333333333333333,0.25,0.0,0.006944444444444444,x,x,z,-0.04452801076455211
52,0.3333333333333333,0.25,0.0,0.006944444444444444,x,y,x,1.7170814978489617
52,0.3333333333333333,0.25,0.0,0.006944444444444444,x,y,y,-0.630342289388772
52,0.3333333333333333,0.25,0.0,0.006944444444444444,x,y,z,0.374086388463402
52,0.3333333333333333,0.25,0.0,0.006944444444444444,x,z,x,-0.37380417995223325
52,0.3333333333333333,0.25,0.0,0.006944444444444444,x,z,y,0.34753928376936843
52,0.3333333333333333,0.25,0.0,0.006944444444444444,x,z,z,-0.06876246825268047
52,0.3333333333333333,0.25,0.0,0.006944444444444444,y,x,x,-0.8065445522222414
52,0.3333333333333333,0.25,0.0,0.006944444444444444,y,x,y,0.4621069497249303
52,0.3333333333333333,0.25,0.0,0.006944444444444444,y,x,z,-0.4022623227587277
52,0.3333333333333333,0.25,0.0,0.006944444444444444,y,y,x,-0.5993128484388174
52,0.3333333333333333,0.25,0.0,0.006944444444444444,y,y,y,0.8754626378327918
52,0.3333333333333333,0.25,0.0,0.006944444444444444,y,y,z,-0.6086742875727316
52,0.3333333333333333,0.25,0.0,0.006944444444444444,y,z,x,0.5430832259820568
52,0.3333333333333333,0.25,0.0,0.006944444444444444,y,z,y,0.7437936822783365
52,0.3333333333333333,0.25,0.0,0.006944444444444444,y,z,z,0.06181997716622985
52,0.3333333333333333,0.25,0.0,0.006944444444444444,z,x,x,0.05142974394213654
52,0.3333333333333333,0.25,0.0,0.006944444444444444,z,x,y,-0.8862217641131388
52,0.3333333333333333,0.25,0.0,0.006944444444444444,z,x,z,-0.45378639400587406
52,0.3333333333333333,0.25,0.0,0.006944444444444444,z,y,x,1.18059977068706
52,0.3333333333333333,0.25,0.0,0.006944444444444444,z,y,y,0.5486765524473938
52,0.3333333333333333,0.25,0.0,0.006944444444444444,z,y,z,-0.6483829126898161
52,0.3333333333333333,0.25,0.0,0.006944444444444444,z,z,x,0.13629350836727802
52,0.3333333333333333,0.25,0.0,0.006944444444444444,z,z,y,0.49910302660800665
52,0.3333333333333333,0.25,0.0,0.006944444444444444,z,z,z,-0.044110495720616004
53,0.3333333333333333,0.3333333333333333,0.0,0.006944444444444444,x,x,x,-0.04403852000614177
53,0.3333333333333333,0.3333333333333333,0.0,0.006944444444444444,x,x,y,-0.9021947674295699
53,0.3333333333333333,0.3333333333333333,0.0,0.006944444444444444,x,x,z,0.8455765568471214
53,0.3333333333333333,0.3333333333333333,0.0,0.006944444444444444,x,y,x,2.1771103254457005
53,0.3333333333333333,0.3333333333333333,0.0,0.006944444444444444,x,y,y,-0.850132742243861
53,0.3333333333333333,0.3333333333333333,0.0,0.006944444444444444,x,y,z,-1.2269772044112899
53,0.3333333333333333,0.3333333333333333,0.0,0.006944444444444444,x,z,x,-1.3893305967645815
53,0.3333333333333333,0.3333333333333333,0.0,0.006944444444444444,x,z,y,1.5117455921906064
53,0.3333333333333333,0.3333333333333333,0.0,0.006944444444444444,x,z,z,0.010466530931408032
53,0.3333333333333333,0.3333333333333333,0.0,0.006944444444444444,y,x,x,0.13691521899683862
53,0.3333333333333333,0.3333333333333333,0.0,0.006944444444444444,y,x,y,-2.028061542649365
53,0.3333333333333333,0.3333333333333333,0.0,0.006944444444444444,y,x,z,0.2505633695221704
53,0.3333333333333333,0.3333333333333333,0.0,0.006944444444444444,y,y,x,-0.2501689729366777
53,0.3333333333333333,0.3333333333333333,0.0,0.006944444444444444,y,y,y,1.4118092184346915
53,0.3333333333333333,0.3333333333333333,0.0,0.006944444444444444,y,y,z,-0.8455335000797748
53,0.3333333333333333,0.3333333333333333,0.0,0.006944444444444444,y,z,x,0.09253848508887491
53,0.3333333333333333,0.3333333333333333,0.0,0.006944444444444444,y,z,y,1.3892883194397916
53,0.3333333333333333,0.3333333333333333,0.0,0.006944444444444444,y,z,z,-0.018114568814520785
53,0.3333333333333333,0.3333333333333333,0.0,0.006944444444444444,z,x,x,-0.5290442735990118
53,0.3333333333333333,0.3333333333333333,0.0,0.006944444444444444,z,x,y,-1.7522784509650062
53,0.3333333333333333,0.3333333333333333,0.0,0.006944444444444444,z,x,z,0.7943896191573203
53,0.3333333333333333,0.3333333333333333,0.0,0.006944444444444444,z,y,x,2.3631627180591477
53,0.3333333333333333,0.3333333333333333,0.0,0.006944444444444444,z,y,y,0.5290533198118275
53,0.3333333333333333,0.3333333333333333,0.0,0.006944444444444444,z,y,z,-1.3758967273000622
53,0.3333333333333333,0.3333333333333333,0.0,0.006944444444444444,z,z,x,-0.8297000632933585
53,0.3333333333333333,0.3333333333333333,0.0,0.006944444444444444,z,z,y,1.437061633665927
53,0.3333333333333333,0.3333333333333333,0.0,0.006944444444444444,z,z,z,-9.841171899241072e-06
54,0.3333333333333333,0.4166666666666667,0.0,0.006944444444444444,x,x,x,-0.042025156922326695
54,0.3333333333333333,0.4166666666666667,0.0,0.006944444444444444,x,x,y,1.337807397701047
54,0.3333333333333333,0.4166666666666667,0.0,0.006944444444444444,x,x,z,0.3281688859133998
54,0.3333333333333333,0.4166666666666667,0.0,0.006944444444444444,x,y,x,-0.6566946156518386
54,0.3333333333333333,0.4166666666666667,0.0,0.006944444444444444,x,y,y,-0.20510664088358257
54,0.3333333333333333,0.4166666666666667,0.0,0.006944444444444444,x,y,z,0.07623221027167015
54,0.3333333333333333,0.4166666666666667,0.0,0.006944444444444444,x,z,x,-0.6883751419170874
54,0.3333333333333333,0.4166666666666667,0.0,0.006944444444444444,x,z,y,-0.18617809278073957
54,0.3333333333333333,0.4166666666666667,0.0,0.006944444444444444,x,z,z,0.04012440573566706
54,0.3333333333333333,0.4166666666666667,0.0,0.006944444444444444,y,x,x,0.37637556015152795
54,0.3333333333333333,0.4166666666666667,0.0,0.006944444444444444,y,x,y,-0.41451736669065664
54,0.3333333333333333,0.4166666666666667,0.0,0.006944444444444444,y,x,z,-0.2371961217300368
54,0.3333333333333333,0.4166666666666667,0.0,0.006944444444444444,y,y,x,-0.6812250116676963
54,0.3333333333333333,0.4166666666666667,0.0,0.006944444444444444,y,y,y,0.3946772949764927
54,0.3333333333333333,0.4166666666666667,0.0,0.006944444444444444,y,y,z,0.09245923455677944
54,0.3333333333333333,0.4166666666666667,0.0,0.006944444444444444,y,z,x,0.4815147736447146
54,0.3333333333333333,0.4166666666666667,0.0,0.006944444444444444,y,z,y,0.35184885802916616
54,0.3333333333333333,0.4166666666666667,0.0,0.006944444444444444,y,z,z,-0.041911398909393334
54,0.3333333333333333,0.4166666666666667,0.0,0.006944444444444444,z,x,x,-0.4005154144861484
54,0.3333333333333333,0.4166666666666667,0.0,0.006944444444444444,z,x,y,0.3503134180955149
54,0.3333333333333333,0.4166666666666667,0.0,0.006944444444444444,z,x,z,0.49938419384907157
54,0.3333333333333333,0.4166666666666667,0.0,0.006944444444444444,z,y,x,0.05677564401512858
54,0.3333333333333333,0.4166666666666667,0.0,0.006944444444444444,z,y,y,0.20241405739709684
54,0.3333333333333333,0.4166666666666667,0.0,0.006944444444444444,z,y,z,-0.010342085266613697
54,0.3333333333333333,0.4166666666666667,0.0,0.006944444444444444,z,z,x,-0.5297902437478899
54,0.3333333333333333,0.4166666666666667,0.0,0.006944444444444444,z,z,y,0.45018366152132844
54,0.3333333333333333,0.4166666666666667,0.0,0.006944444444444444,z,z,z,0.011217783930748794
55,0.3333333333333333,0.5,0.0,0.006944444444444444,x,x,x,0.06055102837557502
55,0.3333333333333333,0.5,0.0,0.006944444444444444,x,x,y,0.7283346848221278
55,0.3333333333333333,0.5,0.0,0.006944444444444444,x,x,z,0.005783468069850458
55,0.3333333333333333,0.5,0.0,0.006944444444444444,x,y,x,-0.4306679631005707
55,0.3333333333333333,0.5,0.0,0.006944444444444444,x,y,y,-0.16638887411243555
55,0.3333333333333333,0.5,0.0,0.006944444444444444,x,y,z,0.45838051175204136
55,0.3333333333333333,0.5,0.0,0.006944444444444444,x,z,x,-0.2637679025666819
55,0.3333333333333333,0.5,0.0,0.006944444444444444,x,z,y,-0.6250213230054504
55,0.3333333333333333,0.5,0.0,0.006944444444444444,x,z,z,0.028502276617170582
55,0.3333333333333333,0.5,0.0,0.006944444444444444,y,x,x,0.10927507157180419
55,0.3333333333333333,0.5,0.0,0.006944444444444444,y,x,y,-0.015885302499553004
55,0.3333333333333333,0.5,0.0,0.006944444444444444,y,x,z,-0.4312902164562284
55,0.3333333333333333,0.5,0.0,0.006944444444444444,y,y,x,-0.39806667938324025
55,0.3333333333333333,0.5,0.0,0.006944444444444444,y,y,y,0.2197885861866251
55,0.3333333333333333,0.5,0.0,0.006944444444444444,y,y,z,0.144926446845132
55,0.3333333333333333,0.5,0.0,0.006944444444444444,y,z,x,0.6741420809983351
55,0.3333333333333333,0.5,0.0,0.006944444444444444,y,z,y,0.1234350983670133
55,0.3333333333333333,0.5,0.0,0.006944444444444444,y,z,z,-0.008449557902606802
55,0.3333333333333333,0.5,0.0,0.006944444444444444,z,x,x,-0.21630725433474923
55,0.3333333333333333,0.5,0.0,0.006944444444444444,z,x,y,0.6836617899971744
55,0.3333333333333333,0.5,0.0,0.006944444444444444,z,x,z,0.10220899541466054
55,0.3333333333333333,0.5,0.0,0.006944444444444444,z,y,x,-0.5454030280384226
55,0.3333333333333333,0.5,0.0,0.006944444444444444,z,y,y,0.1445912594980813
55,0.3333333333333333,0.5,0.0,0.006944444444444444,z,y,z,0.3897799564503688
55,0.3333333333333333,0.5,0.0,0.006944444444444444,z,z,x,-0.1585669198578961
55,0.3333333333333333,0.5,0.0,0.006944444444444444,z,z,y,-0.07245163419760571
55,0.3333333333333333,0.5,0.0,0.006944444444444444,z,z,z,0.005542191340222322
56,0.3333333333333333,-0.4166666666666666,0.0,0.006944444444444444,x,x,x,0.12754401652009545
56,0.3333333333333333,-0.4166666666666666,0.0,0.006944444444444444,x,x,y,0.3022514806324312
56,0.3333333333333333,-0.4166666666666666,0.0,0.006944444444444444,x,x,z,-0.045965632944965064
56,0.3333333333333333,-0.4166666666666666,0.0,0.006944444444444444,x,y,x,-0.1713101230716895
56,0.3333333333333333,-0.4166666666666666,0.0,0.006944444444444444,x,y,y,-0.17493144806897215
56,0.3333333333333333,-0.4166666666666666,0.0,0.006944444444444444,x,y,z,0.5038671354098372
56,0.3333333333333333,-0.4166666666666666,0.0,0.006944444444444444,x,z,x,-0.0803268797016235
56,0.3333333333333333,-0.4166666666666666,0.0,0.006944444444444444,x,z,y,-0.7631989758248225
56,0.3333333333333333,-0.4166666666666666,0.0,0.006944444444444444,x,z,z,0.010426246162436691
56,0.3333333333333333,-0.4166666666666666,0.0,0.006944444444444444,y,x,x,0.013432306981575682
56,0.3333333333333333,-0.4166666666666666,0.0,0.006944444444444444,y,x,y,-0.0912233317397451
56,0.3333333333333333,-0.4166666666666666,0.0,0.006944444444444444,y,x,z,-0.4939163650137375
56,0.3333333333333333,-0.4166666666666666,0.0,0.006944444444444444,y,y,x,-0.24072552182449883
56,0.3333333333333333,-0.4166666666666666,0.0,0.006944444444444444,y,y,y,0.12931687310421744
56,0.3333333333333333,-0.4166666666666666,0.0,0.006944444444444444,y,y,z,0.06638295799582418
56,0.3333333333333333,-0.4166666666666666,0.0,0.006944444444444444,y,z,x,0.7859892682908358
56,0.3333333333333333,-0.4166666666666666,0.0,0.006944444444444444,y,z,y,0.05901011525495051
56,0.3333333333333333,-0.4166666666666666,0.0,0.006944444444444444,y,z,z,-0.0029478262057628917
56,0.3333333333333333,-0.4166666666666666,0.0,0.006944444444444444,z,x,x,-0.10372427805426594
56,0.3333333333333333,-0.4166666666666666,0.0,0.006944444444444444,z,x,y,0.875944277726326
56,0.3333333333333333,-0.4166666666666666,0.0,0.006944444444444444,z,x,z,0.0024932626003034593
56,0.3333333333333333,-0.4166666666666666,0.0,0.006944444444444444,z,y,x,-0.8499455482392264
56,0.3333333333333333,-0.4166666666666666,0.0,0.006944444444444444,z,y,y,0.09539434061676977
56,0.3333333333333333,-0.4166666666666666,0.0,0.006944444444444444,z,y,z,0.28082881738346527
56,0.3333333333333333,-0.4166666666666666,0.0,0.006944444444444444,z,z,x,-0.03008664466410781
56,0.3333333333333333,-0.4166666666666666,0.0,0.006944444444444444,z,z,y,-0.1106164726961124
56,0.3333333333333333,-0.4166666666666666,0.0,0.006944444444444444,z,z,z,0.00012264492996387808
57,0.3333333333333333,-0.3333333333333334,0.0,0.006944444444444444,x,x,x,0.16942268848411318
57,0.3333333333333333,-0.3333333333333334,0.0,0.006944444444444444,x,x,y,-1.4492626081676258e-07
57,0.3333333333333333,-0.3333333333333334,0.0,0.006944444444444444,x,x,z,-5.161441441319864e-07
57,0.3333333333333333,-0.3333333333333334,0.0,0.006944444444444444,x,y,x,-5.110839117484356e-07
57,0.3333333333333333,-0.3333333333333334,0.0,0.006944444444444444,x,y,y,-0.16941719147890336
57,0.3333333333333333,-0.3333333333333334,0.0,0.006944444444444444,x,y,z,0.522147242969393
57,0.3333333333333333,-0.3333333333333334,0.0,0.006944444444444444,x,z,x,1.1205825237727788e-06
57,0.3333333333333333,-0.3333333333333334,0.0,0.006944444444444444,x,z,y,-0.8397287624324513
57,0.3333333333333333,-0.3333333333333334,0.0,0.006944444444444444,x,z,z,-1.8612315994042404e-06
57,0.3333333333333333,-0.3333333333333334,0.0,0.006944444444444444,y,x,x,1.1714755787780792e-07
57,0.3333333333333333,-0.3333333333333334,0.0,0.006944444444444444,y,x,y,-0.16943251287609573
57,0.3333333333333333,-0.3333333333333334,0.0,0.006944444444444444,y,x,z,-0.5221540805197832
57,0.3333333333333333,-0.3333333333333334,0.0,0.006944444444444444,y,y,x,-0.16941123896832264
57,0.3333333333333333,-0.3333333333333334,0.0,0.006944444444444444,y,y,y,-5.388787340658595e-07
57,0.3333333333333333,-0.3333333333333334,0.0,0.006944444444444444,y,y,z,5.162673875218197e-07
57,0.3333333333333333,-0.3333333333333334,0.0,0.006944444444444444,y,z,x,0.8397338468692526
57,0.3333333333333333,-0.3333333333333334,0.0,0.006944444444444444,y,z,y,-1.120633877232241e-06
57,0.3333333333333333,-0.3333333333333334,0.0,0.006944444444444444,y,z,z,-2.2824322932776766e-08
57,0.3333333333333333,-0.3333333333333334,0.0,0.006944444444444444,z,x,x,1.3241518485255371e-07
57,0.3333333333333333,-0.3333333333333334,0.0,0.006944444444444444,z,x,y,1.0030119979842378
57,0.3333333333333333,-0.3333333333333334,0.0,0.006944444444444444,z,x,z,1.7005099883249343e-05
57,0.3333333333333333,-0.3333333333333334,0.0,0.006944444444444444,z,y,x,-1.0030166910837213
57,0.3333333333333333,-0.3333333333333334,0.0,0.006944444444444444,z,y,y,-1.323166016905207e-07
57,0.3333333333333333,-0.3333333333333334,0.0,0.006944444444444444,z,y,z,-2.9649257828041376e-07
57,0.3333333333333333,-0.3333333333333334,0.0,0.006944444444444444,z,z,x,-1.6041727295458434e-05
57,0.3333333333333333,-0.3333333333333334,0.0,0.006944444444444444,z,z,y,-5.887920456499538e-07
57,0.3333333333333333,-0.3333333333333334,0.0,0.006944444444444444,z,z,z,3.079684425437138e-11
58,0.3333333333333333,-0.25,0.0,0.006944444444444444,x,x,x,0.12754365458056424
58,0.3333333333333333,-0.25,0.0,0.006944444444444444,x,x,y,-0.3022506860900139
58,0.3333333333333333,-0.25,0.0,0.006944444444444444,x,x,z,0.045964488495794764
58,0.3333333333333333,-0.25,0.0,0.006944444444444444,x,y,x,0.17130845035533127
58,0.3333333333333333,-0.25,0.0,0.006944444444444444,x,y,y,-0.17493108169578298
58,0.3333333333333333,-0.25,0.0,0.006944444444444444,x,y,z,0.5038658376345712
58,0.3333333333333333,-0.25,0.0,0.006944444444444444,x,z,x,0.0803288909547017
58,0.3333333333333333,-0.25,0.0,0.006944444444444444,x,z,y,-0.7631968031915708
58,0.3333333333333333,-0.25,0.0,0.006944444444444444,x,z,z,0.010426504210063263
58,0.3333333333333333,-0.25,0.0,0.006944444444444444,y,x,x,-0.013432125126811467
58,0.3333333333333333,-0.25,0.0,0.006944444444444444,y,x,y,-0.09122220560985843
58,0.3333333333333333,-0.25,0.0,0.006944444444444444,y,x,z,-0.4939158881921843
58,0.3333333333333333,-0.25,0.0,0.006944444444444444,y,y,x,-0.24072542917695403
58,0.3333333333333333,-0.25,0.0,0.006944444444444444,y,y,y,-0.1293174837585124
58,0.3333333333333333,-0.25,0.0,0.006944444444444444,y,y,z,-0.0663818651810969
58,0.3333333333333333,-0.25,0.0,0.006944444444444444,y,z,x,0.7859879929806326
58,0.3333333333333333,-0.25,0.0,0.006944444444444444,y,z,y,-0.05901203234182418
58,0.3333333333333333,-0.25,0.0,0.006944444444444444,y,z,z,0.0029477876775418138
58,0.3333333333333333,-0.25,0.0,0.006944444444444444,z,x,x,0.10372426533092628
58,0.3333333333333333,-0.25,0.0,0.006944444444444444,z,x,y,0.875940716999551
58,0.3333333333333333,-0.25,0.0,0.006944444444444444,z,x,z,0.002492604388493239
58,0.3333333333333333,-0.25,0.0,0.006944444444444444,z,y,x,-0.8499420299783043
58,0.3333333333333333,-0.25,0.0,0.006944444444444444,z,y,y,-0.09539433389049037
58,0.3333333333333333,-0.25,0.0,0.006944444444444444,z,y,z,-0.28082858844261693
58,0.3333333333333333,-0.25,0.0,0.006944444444444444,z,z,x,-0.03008607660197422
58,0.3333333333333333,-0.25,0.0,0.006944444444444444,z,z,y,0.11061509866061482
58,0.3333333333333333,-0.25,0.0,0.006944444444444444,z,z,z,-0.00012265471501697584
59,0.3333333333333333,-0.1666666666666666,0.0,0.006944444444444444,x,x,x,0.060551040349369104
59,0.3333333333333333,-0.1666666666666666,0.0,0.006944444444444444,x,x,y,-0.728332575411004
59,0.3333333333333333,-0.1666666666666666,0.0,0.006944444444444444,x,x,z,-0.005784207973693633
59,0.3333333333333333,-0.1666666666666666,0.0,0.006944444444444444,x,y,x,0.4306655130743049
59,0.3333333333333333,-0.1666666666666666,0.0,0.006944444444444444,x,y,y,-0.1663884655282274
59,0.3333333333333333,-0.1666666666666666,0.0,0.006944444444444444,x,y,z,0.4583790325968596
59,0.3333333333333333,-0.1666666666666666,0.0,0.006944444444444444,x,z,x,0.2637692464370211
59,0.3333333333333333,-0.1666666666666666,0.0,0.006944444444444444,x,z,y,-0.6250192701408724
59,0.3333333333333333,-0.1666666666666666,0.0,0.006944444444444444,x,z,z,0.028502612651611404
59,0.3333333333333333,-0.1666666666666666,0.0,0.006944444444444444,y,x,x,-0.109274779054035
59,0.3333333333333333,-0.1666666666666666,0.0,0.006944444444444444,y,x,y,-0.015883524127867497
59,0.3333333333333333,-0.1666666666666666,0.0,0.006944444444444444,y,x,z,-0.4312901361102087
59,0.3333333333333333,-0.1666666666666666,0.0,0.006944444444444444,y,y,x,-0.3980671783084642
59,0.3333333333333333,-0.1666666666666666,0.0,0.006944444444444444,y,y,y,-0.21978830396016658
59,0.3333333333333333,-0.1666666666666666,0.0,0.006944444444444444,y,y,z,-0.14492529717263306
59,0.3333333333333333,-0.1666666666666666,0.0,0.006944444444444444,y,z,x,0.6741411002152997
59,0.3333333333333333,-0.1666666666666666,0.0,0.006944444444444444,y,z,y,-0.1234365049196663
59,0.3333333333333333,-0.1666666666666666,0.0,0.006944444444444444,y,z,z,0.008449546793445131
59,0.3333333333333333,-0.1666666666666666,0.0,0.006944444444444444,z,x,x,0.21630665637514898
59,0.3333333333333333,-0.1666666666666666,0.0,0.006944444444444444,z,x,y,0.6836575941425924
59,0.3333333333333333,-0.1666666666666666,0.0,0.006944444444444444,z,x,z,0.10220782226996503
59,0.3333333333333333,-0.1666666666666666,0.0,0.006944444444444444,z,y,x,-0.5453987187292599
59,0.3333333333333333,-0.1666666666666666,0.0,0.006944444444444444,z,y,y,-0.14459106185812723
59,0.3333333333333333,-0.1666666666666666,0.0,0.006944444444444444,z,y,z,-0.38977835248976905
59,0.3333333333333333,-0.1666666666666666,0.0,0.006944444444444444,z,z,x,-0.15856598240933917
59,0.3333333333333333,-0.1666666666666666,0.0,0.006944444444444444,z,z,y,0.07244962651479447
59,0.3333333333333333,-0.1666666666666666,0.0,0.006944444444444444,z,z,z,-0.005542131064476949
60,0.3333333333333333,-0.0833333333333334,0.0,0.006944444444444444,x,x,x,-0.04202491671960518
60,0.3333333333333333,-0.0833333333333334,0.0,0.006944444444444444,x,x,y,-1.3378040116329117
60,0.3333333333333333,-0.0833333333333334,0.0,0.006944444444444444,x,x,z,-0.3281674569146265
60,0.3333333333333333,-0.0833333333333334,0.0,0.006944444444444444,x,y,x,0.6566898360753505
60,0.3333333333333333,-0.0833333333333334,0.0,0.006944444444444444,x,y,y,-0.20510684235641324
60,0.3333333333333333,-0.0833333333333334,0.0,0.006944444444444444,x,y,z,0.07623339277430011
60,0.3333333333333333,-0.0833333333333334,0.0,0.006944444444444444,x,z,x,0.6883750489410116
60,0.3333333333333333,-0.0833333333333334,0.0,0.006944444444444444,x,z,y,-0.18617875888068752
60,0.3333333333333333,-0.0833333333333334,0.0,0.006944444444444444,x,z,z,0.04012492530646466
60,0.3333333333333333,-0.0833333333333334,0.0,0.006944444444444444,y,x,x,-0.3763738633961391
60,0.3333333333333333,-0.0833333333333334,0.0,0.006944444444444444,y,x,y,-0.41451207740550894
60,0.3333333333333333,-0.0833333333333334,0.0,0.006944444444444444,y,x,z,-0.23719680985864233
60,0.3333333333333333,-0.0833333333333334,0.0,0.006944444444444444,y,y,x,-0.6812291975110529
60,0.3333333333333333,-0.0833333333333334,0.0,0.006944444444444444,y,y,y,-0.39467679493294655
60,0.3333333333333333,-0.0833333333333334,0.0,0.006944444444444444,y,y,z,-0.09245862731612385
60,0.3333333333333333,-0.0833333333333334,0.0,0.006944444444444444,y,z,x,0.4815152350891762
60,0.3333333333333333,-0.0833333333333334,0.0,0.006944444444444444,y,z,y,-0.35184928960894885
60,0.3333333333333333,-0.0833333333333334,0.0,0.006944444444444444,y,z,z,0.0419114958086368
60,0.3333333333333333,-0.0833333333333334,0.0,0.006944444444444444,z,x,x,0.4005135224375104
60,0.3333333333333333,-0.0833333333333334,0.0,0.006944444444444444,z,x,y,0.3503050621055481
60,0.3333333333333333,-0.0833333333333334,0.0,0.006944444444444444,z,x,z,0.4993824271324716
60,0.3333333333333333,-0.0833333333333334,0.0,0.006944444444444444,z,y,x,0.056783220313105794
60,0.3333333333333333,-0.0833333333333334,0.0,0.006944444444444444,z,y,y,-0.20241378112952513
60,0.3333333333333333,-0.0833333333333334,0.0,0.006944444444444444,z,y,z,0.010345193565590736
60,0.3333333333333333,-0.0833333333333334,0.0,0.006944444444444444,z,z,x,-0.5297886448705847
60,0.3333333333333333,-0.0833333333333334,0.0,0.006944444444444444,z,z,y,-0.4501873276977165
60,0.3333333333333333,-0.0833333333333334,0.0,0.006944444444444444,z,z,z,-0.01121763968856716
61,0.4166666666666667,0.0,0.0,0.006944444444444444,x,x,x,0.05921434021070121
61,0.4166666666666667,0.0,0.0,0.006944444444444444,x,x,y,-2.2170712558217733
61,0.4166666666666667,0.0,0.0,0.006944444444444444,x,x,z,-0.4379381289391382
61,0.4166666666666667,0.0,0.0,0.006944444444444444,x,y,x,1.7219109107522015
61,0.4166666666666667,0.0,0.0,0.006944444444444444,x,y,y,-0.7904013264762466
61,0.4166666666666667,0.0,0.0,0.006944444444444444,x,y,z,-0.5696586855935263
61,0.4166666666666667,0.0,0.0,0.006944444444444444,x,z,x,0.6963832983598625
61,0.4166666666666667,0.0,0.0,0.006944444444444444,x,z,y,0.45118743283687734
61,0.4166666666666667,0.0,0.0,0.006944444444444444,x,z,z,0.08832971973993906
61,0.4166666666666667,0.0,0.0,0.006944444444444444,y,x,x,-0.3856417444091567
61,0.4166666666666667,0.0,0.0,0.006944444444444444,y,x,y,0.4264101573411052
61,0.4166666666666667,0.0,0.0,0.006944444444444444,y,x,z,0.06397620578621266
61,0.4166666666666667,0.0,0.0,0.006944444444444444,y,y,x,-1.8477838551172796
61,0.4166666666666667,0.0,0.0,0.006944444444444444,y,y,y,-0.880808234237604
61,0.4166666666666667,0.0,0.0,0.006944444444444444,y,y,z,0.43794511557263177
61,0.4166666666666667,0.0,0.0,0.006944444444444444,y,z,x,0.35292094873594126
61,0.4166666666666667,0.0,0.0,0.006944444444444444,y,z,y,-0.6963872727120118
61,0.4166666666666667,0.0,0.0,0.006944444444444444,y,z,z,0.15299261612610032
61,0.4166666666666667,0.0,0.0,0.006944444444444444,z,x,x,0.5157051197759125
61,0.4166666666666667,0.0,0.0,0.006944444444444444,z,x,y,1.0664514982492017
61,0.4166666666666667,0.0,0.0,0.006944444444444444,z,x,z,0.6293368900120072
61,0.4166666666666667,0.0,0.0,0.006944444444444444,z,y,x,-0.47096516210550654
61,0.4166666666666667,0.0,0.0,0.006944444444444444,z,y,y,-0.5157067563140271
61,0.4166666666666667,0.0,0.0,0.006944444444444444,z,y,z,1.090050429070847
61,0.4166666666666667,0.0,0.0,0.006944444444444444,z,z,x,-0.8424816724615874
61,0.4166666666666667,0.0,0.0,0.006944444444444444,z,z,y,-1.4592319597864347
61,0.4166666666666667,0.0,0.0,0.006944444444444444,z,z,z,-1.4115161898355592e-06
62,0.4166666666666667,0.0833333333333333,0.0,0.006944444444444444,x,x,x,0.0077680034890254225
62,0.4166666666666667,0.0833333333333333,0.0,0.006944444444444444,x,x,y,-0.7377719817761176
62,0.4166666666666667,0.0833333333333333,0.0,0.006944444444444444,x,x,z,0.08168805953351506
62,0.4166666666666667,0.0833333333333333,0.0,0.006944444444444444,x,y,x,0.4904650355114551
62,0.4166666666666667,0.0833333333333333,0.0,0.006944444444444444,x,y,y,-0.551956627465015
62,0.4166666666666667,0.0833333333333333,0.0,0.006944444444444444,x,y,z,0.09489462593488882
62,0.4166666666666667,0.0833333333333333,0.0,0.006944444444444444,x,z,x,0.21967668613733674
62,0.4166666666666667,0.0833333333333333,0.0,0.006944444444444444,x,z,y,0.0427445903308679
62,0.4166666666666667,0.0833333333333333,0.0,0.006944444444444444,x,z,z,0.0162380745324419
62,0.4166666666666667,0.0833333333333333,0.0,0.006944444444444444,y,x,x,0.15528190004057849
62,0.4166666666666667,0.0833333333333333,0.0,0.006944444444444444,y,x,y,0.44741099342696966
62,0.4166666666666667,0.0833333333333333,0.0,0.006944444444444444,y,x,z,-0.21854645182063168
62,0.4166666666666667,0.0833333333333333,0.0,0.006944444444444444,y,y,x,-1.1465139752654392
62,0.4166666666666667,0.0833333333333333,0.0,0.006944444444444444,y,y,y,-0.7548274164906368
62,0.4166666666666667,0.0833333333333333,0.0,0.006944444444444444,y,y,z,0.3389221007327825
62,0.4166666666666667,0.0833333333333333,0.0,0.006944444444444444,y,z,x,0.7104474109774429
62,0.4166666666666667,0.0833333333333333,0.0,0.006944444444444444,y,z,y,-0.5561845047997366
62,0.4166666666666667,0.0833333333333333,0.0,0.006944444444444444,y,z,z,0.055706277365913805
62,0.4166666666666667,0.0833333333333333,0.0,0.006944444444444444,z,x,x,0.22795608008015997
62,0.4166666666666667,0.0833333333333333,0.0,0.006944444444444444,z,x,y,0.306066633603805
62,0.4166666666666667,0.0833333333333333,0.0,0.006944444444444444,z,x,z,-0.240737333051703
62,0.4166666666666667,0.0833333333333333,0.0,0.006944444444444444,z,y,x,0.012535181540194012
62,0.4166666666666667,0.0833333333333333,0.0,0.006944444444444444,z,y,y,-0.4260541236191015
62,0.4166666666666667,0.0833333333333333,0.0,0.006944444444444444,z,y,z,0.4376241294212119
62,0.4166666666666667,0.0833333333333333,0.0,0.006944444444444444,z,z,x,-0.12497127884189417
62,0.4166666666666667,0.0833333333333333,0.0,0.006944444444444444,z,z,y,-0.6838791507562493
62,0.4166666666666667,0.0833333333333333,0.0,0.006944444444444444,z,z,z,0.011221427055581875
63,0.4166666666666667,0.1666666666666667,0.0,0.006944444444444444,x,x,x,-0.10686892496046022
63,0.4166666666666667,0.1666666666666667,0.0,0.006944444444444444,x,x,y,-0.21045404049933208
63,0.4166666666666667,0.1666666666666667,0.0,0.006944444444444444,x,x,z,0.10930458252741145
63,0.4166666666666667,0.1666666666666667,0.0,0.006944444444444444,x,y,x,0.14464708201445328
63,0.4166666666666667,0.1666666666666667,0.0,0.006944444444444444,x,y,y,-0.15464102649785932
63,0.4166666666666667,0.1666666666666667,0.0,0.006944444444444444,x,y,z,0.787878665543452
63,0.4166666666666667,0.1666666666666667,0.0,0.006944444444444444,x,z,x,0.009741054903409718
63,0.4166666666666667,0.1666666666666667,0.0,0.006944444444444444,x,z,y,-0.5727640662668659
63,0.4166666666666667,0.1666666666666667,0.0,0.006944444444444444,x,z,z,-0.027885978146285587
63,0.4166666666666667,0.1666666666666667,0.0,0.006944444444444444,y,x,x,0.10445734002500233
63,0.4166666666666667,0.1666666666666667,0.0,0.006944444444444444,y,x,y,0.31729308598161576
63,0.4166666666666667,0.1666666666666667,0.0,0.006944444444444444,y,x,z,-0.5606476719476983
63,0.4166666666666667,0.1666666666666667,0.0,0.006944444444444444,y,y,x,-0.7713340209798035
63,0.4166666666666667,0.1666666666666667,0.0,0.006944444444444444,y,y,y,-0.19225626653516587
63,0.4166666666666667,0.1666666666666667,0.0,0.006944444444444444,y,y,z,0.06929179222663896
63,0.4166666666666667,0.1666666666666667,0.0,0.006944444444444444,y,z,x,0.9382654563919324
63,0.4166666666666667,0.1666666666666667,0.0,0.006944444444444444,y,z,y,-0.16285294125986452
63,0.4166666666666667,0.1666666666666667,0.0,0.006944444444444444,y,z,z,0.0022977074985646613
63,0.4166666666666667,0.1666666666666667,0.0,0.006944444444444444,z,x,x,0.04064554140417961
63,0.4166666666666667,0.1666666666666667,0.0,0.006944444444444444,z,x,y,0.4454020541881752
63,0.4166666666666667,0.1666666666666667,0.0,0.006944444444444444,z,x,z,-0.6032928198810376
63,0.4166666666666667,0.1666666666666667,0.0,0.006944444444444444,z,y,x,-0.168667887637004
63,0.4166666666666667,0.1666666666666667,0.0,0.006944444444444444,z,y,y,-0.16895029046988033
63,0.4166666666666667,0.1666666666666667,0.0,0.006944444444444444,z,y,z,0.04820902082136657
63,0.4166666666666667,0.1666666666666667,0.0,0.006944444444444444,z,z,x,0.256106973948581
63,0.4166666666666667,0.1666666666666667,0.0,0.006944444444444444,z,z,y,-0.12646193433711594
63,0.4166666666666667,0.1666666666666667,0.0,0.006944444444444444,z,z,z,0.010801585717616198
64,0.4166666666666667,0.25,0.0,0.006944444444444444,x,x,x,-0.10686961293991236
64,0.4166666666666667,0.25,0.0,0.006944444444444444,x,x,y,0.21045847999389533
64,0.4166666666666667,0.25,0.0,0.006944444444444444,x,x,z,-0.10930838569935356
64,0.4166666666666667,0.25,0.0,0.006944444444444444,x,y,x,-0.1446509517652402
64,0.4166666666666667,0.25,0.0,0.006944444444444444,x,y,y,-0.1546400963568553
64,0.4166666666666667,0.25,0.0,0.006944444444444444,x,y,z,0.7878792480434937
64,0.4166666666666667,0.25,0.0,0.006944444444444444,x,z,x,-0.009736435635282297
64,0.4166666666666667,0.25,0.0,0.006944444444444444,x,z,y,-0.572764351817602
64,0.4166666666666667,0.25,0.0,0.006944444444444444,x,z,z,-0.027886020952748957
64,0.4166666666666667,0.25,0.0,0.006944444444444444,y,x,x,-0.10445494943067937
64,0.4166666666666667,0.25,0.0,0.006944444444444444,y,x,y,0.31729247278237094
64,0.4166666666666667,0.25,0.0,0.006944444444444444,y,x,z,-0.5606478751564775
64,0.4166666666666667,0.25,0.0,0.006944444444444444,y,y,x,-0.7713345368831552
64,0.4166666666666667,0.25,0.0,0.006944444444444444,y,y,y,0.19225572024917295
64,0.4166666666666667,0.25,0.0,0.006944444444444444,y,y,z,-0.0692904185018202
64,0.4166666666666667,0.25,0.0,0.006944444444444444,y,z,x,0.9382658802908624
64,0.4166666666666667,0.25,0.0,0.006944444444444444,y,z,y,0.1628496637894086
64,0.4166666666666667,0.25,0.0,0.006944444444444444,y,z,z,-0.002297653819463838
64,0.4166666666666667,0.25,0.0,0.006944444444444444,z,x,x,-0.040644822303086726
64,0.4166666666666667,0.25,0.0,0.006944444444444444,z,x,y,0.4454030888781297
64,0.4166666666666667,0.25,0.0,0.006944444444444444,z,x,z,-0.6032931584393719
64,0.4166666666666667,0.25,0.0,0.006944444444444444,z,y,x,-0.16866808745625766
64,0.4166666666666667,0.25,0.0,0.006944444444444444,z,y,y,0.16895006415330463
64,0.4166666666666667,0.25,0.0,0.006944444444444444,z,y,z,-0.0482096389929033
64,0.4166666666666667,0.25,0.0,0.006944444444444444,z,z,x,0.2561066313635022
64,0.4166666666666667,0.25,0.0,0.006944444444444444,z,z,y,0.12646161132295095
64,0.4166666666666667,0.25,0.0,0.006944444444444444,z,z,z,-0.010801533019703716
65,0.4166666666666667,0.3333333333333333,0.0,0.006944444444444444,x,x,x,0.007767146198012879
65,0.4166666666666667,0.3333333333333333,0.0,0.006944444444444444,x,x,y,0.7377784575386606
65,0.4166666666666667,0.3333333333333333,0.0,0.006944444444444444,x,x,z,-0.08169028780845917
65,0.4166666666666667,0.3333333333333333,0.0,0.006944444444444444,x,y,x,-0.49047129109796656
65,0.4166666666666667,0.3333333333333333,0.0,0.006944444444444444,x,y,y,-0.5519557725877815
65,0.4166666666666667,0.3333333333333333,0.0,0.006944444444444444,x,y,z,0.0948912535092802
65,0.4166666666666667,0.3333333333333333,0.0,0.006944444444444444,x,z,x,-0.2196738261697656
65,0.4166666666666667,0.3333333333333333,0.0,0.006944444444444444,x,z,y,0.04274791710448167
65,0.4166666666666667,0.3333333333333333,0.0,0.006944444444444444,x,z,z,0.016237914949152447
65,0.4166666666666667,0.3333333333333333,0.0,0.006944444444444444,y,x,x,-0.1552799928079746
65,0.4166666666666667,0.3333333333333333,0.0,0.006944444444444444,y,x,y,0.44740890011920315
65,0.4166666666666667,0.3333333333333333,0.0,0.006944444444444444,y,x,z,-0.2185457609677777
65,0.4166666666666667,0.3333333333333333,0.0,0.006944444444444444,y,y,x,-1.1465159468892872
65,0.4166666666666667,0.3333333333333333,0.0,0.006944444444444444,y,y,y,0.754828460730349
65,0.4166666666666667,0.3333333333333333,0.0,0.006944444444444444,y,y,z,-0.3389227018436092
65,0.4166666666666667,0.3333333333333333,0.0,0.006944444444444444,y,z,x,0.7104479680588298
65,0.4166666666666667,0.3333333333333333,0.0,0.006944444444444444,y,z,y,0.5561844199616303
65,0.4166666666666667,0.3333333333333333,0.0,0.006944444444444444,y,z,z,-0.05570606293697045
65,0.4166666666666667,0.3333333333333333,0.0,0.006944444444444444,z,x,x,-0.2279564812164565
65,0.4166666666666667,0.3333333333333333,0.0,0.006944444444444444,z,x,y,0.306071269213732
65,0.4166666666666667,0.3333333333333333,0.0,0.006944444444444444,z,x,z,-0.24073708611650385
65,0.4166666666666667,0.3333333333333333,0.0,0.006944444444444444,z,y,x,0.012533417724367925
65,0.4166666666666667,0.3333333333333333,0.0,0.006944444444444444,z,y,y,0.42605512939067725
65,0.4166666666666667,0.3333333333333333,0.0,0.006944444444444444,z,y,z,-0.4376256448920028
65,0.4166666666666667,0.3333333333333333,0.0,0.006944444444444444,z,z,x,-0.1249737644965308
65,0.4166666666666667,0.3333333333333333,0.0,0.006944444444444444,z,z,y,0.683880282307846
65,0.4166666666666667,0.3333333333333333,0.0,0.006944444444444444,z,z,z,-0.011221690136589772
66,0.4166666666666667,0.4166666666666667,0.0,0.006944444444444444,x,x,x,0.05921516087029676
66,0.4166666666666667,0.4166666666666667,0.0,0.006944444444444444,x,x,y,2.2170843739003674
66,0.4166666666666667,0.4166666666666667,0.0,0.006944444444444444,x,x,z,0.4379424737935746
66,0.4166666666666667,0.4166666666666667,0.0,0.006944444444444444,x,y,x,-1.7219240668615292
66,0.4166666666666667,0.4166666666666667,0.0,0.006944444444444444,x,y,y,-0.7904025354203886
66,0.4166666666666667,0.4166666666666667,0.0,0.006944444444444444,x,y,z,-0.569668838670637
66,0.4166666666666667,0.4166666666666667,0.0,0.006944444444444444,x,z,x,-0.6963860435071269
66,0.4166666666666667,0.4166666666666667,0.0,0.006944444444444444,x,z,y,0.451195738367359
66,0.4166666666666667,0.4166666666666667,0.0,0.006944444444444444,x,z,z,0.08832945003910178
66,0.4166666666666667,0.4166666666666667,0.0,0.006944444444444444,y,x,x,0.3856458114468831
66,0.4166666666666667,0.4166666666666667,0.0,0.006944444444444444,y,x,y,0.4264049230857381
66,0.4166666666666667,0.4166666666666667,0.0,0.006944444444444444,y,x,z,0.06397855331507692
66,0.4166666666666667,0.4166666666666667,0.0,0.006944444444444444,y,y,x,-1.8477860438922
66,0.4166666666666667,0.4166666666666667,0.0,0.006944444444444444,y,y,y,0.8808099072033171
66,0.4166666666666667,0.4166666666666667,0.0,0.006944444444444444,y,y,z,-0.43794756758552755
66,0.4166666666666667,0.4166666666666667,0.0,0.006944444444444444,y,z,x,0.35291919166731467
66,0.4166666666666667,0.4166666666666667,0.0,0.006944444444444444,y,z,y,0.6963906703224152
66,0.4166666666666667,0.4166666666666667,0.0,0.006944444444444444,y,z,z,-0.15299264868829954
66,0.4166666666666667,0.4166666666666667,0.0,0.006944444444444444,z,x,x,-0.5157093759390995
66,0.4166666666666667,0.4166666666666667,0.0,0.006944444444444444,z,x,y,1.0664656212091528
66,0.4166666666666667,0.4166666666666667,0.0,0.006944444444444444,z,x,z,0.6293404704492005
66,0.4166666666666667,0.4166666666666667,0.0,0.006944444444444444,z,y,x,-0.470974361554246
66,0.4166666666666667,0.4166666666666667,0.0,0.006944444444444444,z,y,y,0.5157094221511481
66,0.4166666666666667,0.4166666666666667,0.0,0.006944444444444444,z,y,z,-1.090051913888567
66,0.4166666666666667,0.4166666666666667,0.0,0.006944444444444444,z,z,x,-0.8424866538285162
66,0.4166666666666667,0.4166666666666667,0.0,0.006944444444444444,z,z,y,1.4592329058949198
66,0.4166666666666667,0.4166666666666667,0.0,0.006944444444444444,z,z,z,1.1319946094281279e-06
67,0.4166666666666667,0.5,0.0,0.006944444444444444,x,x,x,-0.0014494379533352888
67,0.4166666666666667,0.5,0.0,0.006944444444444444,x,x,y,1.5150510424072978
67,0.4166666666666667,0.5,0.0,0.006944444444444444,x,x,z,0.1606225793016491
67,0.4166666666666667,0.5,0.0,0.006944444444444444,x,y,x,-1.1739483910941388
67,0.4166666666666667,0.5,0.0,0.006944444444444444,x,y,y,-0.3702043559935865
67,0.4166666666666667,0.5,0.0,0.006944444444444444,x,y,z,0.0701468778117121
67,0.4166666666666667,0.5,0.0,0.006944444444444444,x,z,x,-0.3958515429355546
67,0.4166666666666667,0.5,0.0,0.006944444444444444,x,z,y,-0.20446425310363592
67,0.4166666666666667,0.5,0.0,0.006944444444444444,x,z,z,0.06285814227049563
67,0.4166666666666667,0.5,0.0,0.006944444444444444,y,x,x,0.2802802818110208
67,0.4166666666666667,0.5,0.0,0.006944444444444444,y,x,y,0.3033493192299162
67,0.4166666666666667,0.5,0.0,0.006944444444444444,y,x,z,-0.1617833362041117
67,0.4166666666666667,0.5,0.0,0.006944444444444444,y,y,x,-1.084912109539158
67,0.4166666666666667,0.5,0.0,0.006944444444444444,y,y,y,0.4207501704164192
67,0.4166666666666667,0.5,0.0,0.006944444444444444,y,y,z,-0.029342416623099343
67,0.4166666666666667,0.5,0.0,0.006944444444444444,y,z,x,0.4940467908661169
67,0.4166666666666667,0.5,0.0,0.006944444444444444,y,z,y,0.2831032865297305
67,0.4166666666666667,0.5,0.0,0.006944444444444444,y,z,z,-0.10445536735340383
67,0.4166666666666667,0.5,0.0,0.006944444444444444,z,x,x,-0.31769567412759836
67,0.4166666666666667,0.5,0.0,0.006944444444444444,z,x,y,0.9451016485504968
67,0.4166666666666667,0.5,0.0,0.006944444444444444,z,x,z,0.20427420457740106
67,0.4166666666666667,0.5,0.0,0.006944444444444444,z,y,x,-0.5823746040606451
67,0.4166666666666667,0.5,0.0,0.006944444444444444,z,y,y,0.26346642050635527
67,0.4166666666666667,0.5,0.0,0.006944444444444444,z,y,z,-0.1122972835299015
67,0.4166666666666667,0.5,0.0,0.006944444444444444,z,z,x,-0.38773937793985513
67,0.4166666666666667,0.5,0.0,0.006944444444444444,z,z,y,0.5355518412052745
67,0.4166666666666667,0.5,0.0,0.006944444444444444,z,z,z,-0.00024248141024225478
68,0.4166666666666667,-0.4166666666666666,0.0,0.006944444444444444,x,x,x,0.01302931515604739
68,0.4166666666666667,-0.4166666666666666,0.0,0.006944444444444444,x,x,y,0.6539648808666317
68,0.4166666666666667,-0.4166666666666666,0.0,0.006944444444444444,x,x,z,-0.05229098265519857
68,0.4166666666666667,-0.4166666666666666,0.0,0.006944444444444444,x,y,x,-0.4703217514799912
68,0.4166666666666667,-0.4166666666666666,0.0,0.006944444444444444,x,y,y,-0.20395502558437664
68,0.4166666666666667,-0.4166666666666666,0.0,0.006944444444444444,x,y,z,0.40386822411820616
68,0.4166666666666667,-0.4166666666666666,0.0,0.006944444444444444,x,z,x,-0.13852177191838805
68,0.4166666666666667,-0.4166666666666666,0.0,0.006944444444444444,x,z,y,-0.5259813292664636
68,0.4166666666666667,-0.4166666666666666,0.0,0.006944444444444444,x,z,z,0.022629185984075432
68,0.4166666666666667,-0.4166666666666666,0.0,0.006944444444444444,y,x,x,0.07352428946948877
68,0.4166666666666667,-0.4166666666666666,0.0,0.006944444444444444,y,x,y,0.1100357651711139
68,0.4166666666666667,-0.4166666666666666,0.0,0.006944444444444444,y,x,z,-0.34348673423010834
68,0.4166666666666667,-0.4166666666666666,0.0,0.006944444444444444,y,y,x,-0.539072657237557
68,0.4166666666666667,-0.4166666666666666,0.0,0.006944444444444444,y,y,y,0.25716854068520967
68,0.4166666666666667,-0.4166666666666666,0.0,0.006944444444444444,y,y,z,0.052291314559972164
68,0.4166666666666667,-0.4166666666666666,0.0,0.006944444444444444,y,z,x,0.6859316493233484
68,0.4166666666666667,-0.4166666666666666,0.0,0.006944444444444444,y,z,y,0.13852207596792673
68,0.4166666666666667,-0.4166666666666666,0.0,0.006944444444444444,y,z,z,-0.03919509426487808
68,0.4166666666666667,-0.4166666666666666,0.0,0.006944444444444444,z,x,x,-0.1581379010303
68,0.4166666666666667,-0.4166666666666666,0.0,0.006944444444444444,z,x,y,0.769718101605154
68,0.4166666666666667,-0.4166666666666666,0.0,0.006944444444444444,z,x,z,-0.156842046417699
68,0.4166666666666667,-0.4166666666666666,0.0,0.006944444444444444,z,y,x,-0.5871154664496824
68,0.4166666666666667,-0.4166666666666666,0.0,0.006944444444444444,z,y,y,0.15813854297274726
68,0.4166666666666667,-0.4166666666666666,0.0,0.006944444444444444,z,y,z,0.27165625275498106
68,0.4166666666666667,-0.4166666666666666,0.0,0.006944444444444444,z,z,x,-0.007929208408284746
68,0.4166666666666667,-0.4166666666666666,0.0,0.006944444444444444,z,z,y,0.013736291493780226
68,0.4166666666666667,-0.4166666666666666,0.0,0.006944444444444444,z,z,z,3.135735940131226e-07
69,0.4166666666666667,-0.3333333333333334,0.0,0.006944444444444444,x,x,x,0.05888475260136744
69,0.4166666666666667,-0.3333333333333334,0.0,0.006944444444444444,x,x,y,0.21660779558293328
69,0.4166666666666667,-0.3333333333333334,0.0,0.006944444444444444,x,x,z,-0.0426089721151195
69,0.4166666666666667,-0.3333333333333334,0.0,0.006944444444444444,x,y,x,-0.1496670680024635
69,0.4166666666666667,-0.3333333333333334,0.0,0.006944444444444444,x,y,y,-0.15881528809967438
69,0.4166666666666667,-0.3333333333333334,0.0,0.006944444444444444,x,y,z,0.5450510707675559
69,0.4166666666666667,-0.3333333333333334,0.0,0.006944444444444444,x,z,x,-0.034042121315784296
69,0.4166666666666667,-0.3333333333333334,0.0,0.006944444444444444,x,z,y,-0.7199555471085733
69,0.4166666666666667,-0.3333333333333334,0.0,0.006944444444444444,x,z,z,-0.0026598357543612503
69,0.4166666666666667,-0.3333333333333334,0.0,0.006944444444444444,y,x,x,0.015211672041584528
69,0.4166666666666667,-0.3333333333333334,0.0,0.006944444444444444,y,x,y,-0.0406809855535925
69,0.4166666666666667,-0.3333333333333334,0.0,0.006944444444444444,y,x,z,-0.4527320030257645
69,0.4166666666666667,-0.3333333333333334,0.0,0.006944444444444444,y,y,x,-0.37604307076876775
69,0.4166666666666667,-0.3333333333333334,0.0,0.006944444444444444,y,y,y,0.09720640373610102
69,0.4166666666666667,-0.3333333333333334,0.0,0.006944444444444444,y,y,z,0.022189626955431727
69,0.4166666666666667,-0.3333333333333334,0.0,0.006944444444444444,y,z,x,0.8292317106131184
69,0.4166666666666667,-0.3333333333333334,0.0,0.006944444444444444,y,z,y,0.055357566570397324
69,0.4166666666666667,-0.3333333333333334,0.0,0.006944444444444444,y,z,z,-0.010505549039835227
69,0.4166666666666667,-0.3333333333333334,0.0,0.006944444444444444,z,x,x,-0.056875523994264716
69,0.4166666666666667,-0.3333333333333334,0.0,0.006944444444444444,z,x,y,0.9426603515161482
69,0.4166666666666667,-0.3333333333333334,0.0,0.006944444444444444,z,x,z,-0.24444907348251574
69,0.4166666666666667,-0.3333333333333334,0.0,0.006944444444444444,z,y,x,-0.7832191185112134
69,0.4166666666666667,-0.3333333333333334,0.0,0.006944444444444444,z,y,y,0.0652027919743546
69,0.4166666666666667,-0.3333333333333334,0.0,0.006944444444444444,z,y,z,0.1382722552950469
69,0.4166666666666667,-0.3333333333333334,0.0,0.006944444444444444,z,z,x,0.11083674973266745
69,0.4166666666666667,-0.3333333333333334,0.0,0.006944444444444444,z,z,y,-0.02926796373061995
69,0.4166666666666667,-0.3333333333333334,0.0,0.006944444444444444,z,z,z,-0.0001233288139945647
70,0.4166666666666667,-0.25,0.0,0.006944444444444444,x,x,x,0.058884643544949725
70,0.4166666666666667,-0.25,0.0,0.006944444444444444,x,x,y,-0.2166073162139472
70,0.4166666666666667,-0.25,0.0,0.006944444444444444,x,x,z,0.04260722832479481
70,0.4166666666666667,-0.25,0.0,0.006944444444444444,x,y,x,0.1496661627250618
70,0.4166666666666667,-0.25,0.0,0.006944444444444444,x,y,y,-0.15881530831433668
70,0.4166666666666667,-0.25,0.0,0.006944444444444444,x,y,z,0.5450503987345725
70,0.4166666666666667,-0.25,0.0,0.006944444444444444,x,z,x,0.03404488875326117
70,0.4166666666666667,-0.25,0.0,0.006944444444444444,x,z,y,-0.719954570484786
70,0.4166666666666667,-0.25,0.0,0.006944444444444444,x,z,z,-0.0026597058794347165
70,0.4166666666666667,-0.25,0.0,0.006944444444444444,y,x,x,-0.015211111756662062
70,0.4166666666666667,-0.25,0.0,0.006944444444444444,y,x,y,-0.04068023139442813
70,0.4166666666666667,-0.25,0.0,0.006944444444444444,y,x,z,-0.45273179583326356
70,0.4166666666666667,-0.25,0.0,0.006944444444444444,y,y,x,-0.37604287972890416
70,0.4166666666666667,-0.25,0.0,0.006944444444444444,y,y,y,-0.09720748667650553
70,0.4166666666666667,-0.25,0.0,0.006944444444444444,y,y,z,-0.0221885431259339
70,0.4166666666666667,-0.25,0.0,0.006944444444444444,y,z,x,0.8292309920058336
70,0.4166666666666667,-0.25,0.0,0.006944444444444444,y,z,y,-0.05535984846868468
70,0.4166666666666667,-0.25,0.0,0.006944444444444444,y,z,z,0.010505690078160232
70,0.4166666666666667,-0.25,0.0,0.006944444444444444,z,x,x,0.056875650866640495
70,0.4166666666666667,-0.25,0.0,0.006944444444444444,z,x,y,0.942658464651866
70,0.4166666666666667,-0.25,0.0,0.006944444444444444,z,x,z,-0.24444911291737825
70,0.4166666666666667,-0.25,0.0,0.006944444444444444,z,y,x,-0.7832175571438827
70,0.4166666666666667,-0.25,0.0,0.006944444444444444,z,y,y,-0.0652029559174288
70,0.4166666666666667,-0.25,0.0,0.006944444444444444,z,y,z,-0.13827292326274726
70,0.4166666666666667,-0.25,0.0,0.006944444444444444,z,z,x,0.11083693517889694
70,0.4166666666666667,-0.25,0.0,0.006944444444444444,z,z,y,0.029267108828516436
70,0.4166666666666667,-0.25,0.0,0.006944444444444444,z,z,z,0.00012338709277329672
71,0.4166666666666667,-0.1666666666666666,0.0,0.006944444444444444,x,x,x,0.013029362856758058
71,0.4166666666666667,-0.1666666666666666,0.0,0.006944444444444444,x,x,y,-0.6539626552077829
71,0.4166666666666667,-0.1666666666666666,0.0,0.006944444444444444,x,x,z,0.05228946419013864
71,0.4166666666666667,-0.1666666666666666,0.0,0.006944444444444444,x,y,x,0.47031968479126235
71,0.4166666666666667,-0.1666666666666666,0.0,0.006944444444444444,x,y,y,-0.20395499548596532
71,0.4166666666666667,-0.1666666666666666,0.0,0.006944444444444444,x,y,z,0.40386743519052976
71,0.4166666666666667,-0.1666666666666666,0.0,0.006944444444444444,x,z,x,0.13852366468809535
71,0.4166666666666667,-0.1666666666666666,0.0,0.006944444444444444,x,z,y,-0.5259801131462231
71,0.4166666666666667,-0.1666666666666666,0.0,0.006944444444444444,x,z,z,0.022629439927021117
71,0.4166666666666667,-0.1666666666666666,0.0,0.006944444444444444,y,x,x,-0.07352357087706332
71,0.4166666666666667,-0.1666666666666666,0.0,0.006944444444444444,y,x,y,0.11003751490835124
71,0.4166666666666667,-0.1666666666666666,0.0,0.006944444444444444,y,x,z,-0.34348666564922736
71,0.4166666666666667,-0.1666666666666666,0.0,0.006944444444444444,y,y,x,-0.5390723954676441
71,0.4166666666666667,-0.1666666666666666,0.0,0.006944444444444444,y,y,y,-0.25716864841013093
71,0.4166666666666667,-0.1666666666666666,0.0,0.006944444444444444,y,y,z,-0.052290469276860305
71,0.4166666666666667,-0.1666666666666666,0.0,0.006944444444444444,y,z,x,0.6859305554238789
71,0.4166666666666667,-0.1666666666666666,0.0,0.006944444444444444,y,z,y,-0.13852325175987543
71,0.4166666666666667,-0.1666666666666666,0.0,0.006944444444444444,y,z,z,0.03919516110075319
71,0.4166666666666667,-0.1666666666666666,0.0,0.006944444444444444,z,x,x,0.15813768657692745
71,0.4166666666666667,-0.1666666666666666,0.0,0.006944444444444444,z,x,y,0.7697147544609737
71,0.4166666666666667,-0.1666666666666666,0.0,0.006944444444444444,z,x,z,-0.15684231169231225
71,0.4166666666666667,-0.1666666666666666,0.0,0.006944444444444444,z,y,x,-0.5871125917422991
71,0.4166666666666667,-0.1666666666666666,0.0,0.006944444444444444,z,y,y,-0.15813844513849767
71,0.4166666666666667,-0.1666666666666666,0.0,0.006944444444444444,z,y,z,-0.27165550962755813
71,0.4166666666666667,-0.1666666666666666,0.0,0.006944444444444444,z,z,x,-0.007928566436597095
71,0.4166666666666667,-0.1666666666666666,0.0,0.006944444444444444,z,z,y,-0.013737709569200222
71,0.4166666666666667,-0.1666666666666666,0.0,0.006944444444444444,z,z,z,-3.0533596504540476e-07
72,0.4166666666666667,-0.0833333333333334,0.0,0.006944444444444444,x,x,x,-0.001449430606727278
72,0.4166666666666667,-0.0833333333333334,0.0,0.006944444444444444,x,x,y,-1.5150454499256665
72,0.4166666666666667,-0.0833333333333334,0.0,0.006944444444444444,x,x,z,-0.16062210022054602
72,0.4166666666666667,-0.0833333333333334,0.0,0.006944444444444444,x,y,x,1.1739431268433118
72,0.4166666666666667,-0.0833333333333334,0.0,0.006944444444444444,x,y,y,-0.3702041553883254
72,0.4166666666666667,-0.0833333333333334,0.0,0.006944444444444444,x,y,z,0.0701489159283928
72,0.4166666666666667,-0.0833333333333334,0.0,0.006944444444444444,x,z,x,0.39585152159658094
72,0.4166666666666667,-0.0833333333333334,0.0,0.006944444444444444,x,z,y,-0.2044656572423744
72,0.4166666666666667,-0.0833333333333334,0.0,0.006944444444444444,x,z,z,0.06285841768028293
72,0.4166666666666667,-0.0833333333333334,0.0,0.006944444444444444,y,x,x,-0.28027838663150534
72,0.4166666666666667,-0.0833333333333334,0.0,0.006944444444444444,y,x,y,0.30335295364753223
72,0.4166666666666667,-0.0833333333333334,0.0,0.006944444444444444,y,x,z,-0.16178406017115815
72,0.4166666666666667,-0.0833333333333334,0.0,0.006944444444444444,y,y,x,-1.0849123541999812
72,0.4166666666666667,-0.0833333333333334,0.0,0.006944444444444444,y,y,y,-0.42074947822041114
72,0.4166666666666667,-0.0833333333333334,0.0,0.006944444444444444,y,y,z,0.0293425726763634
72,0.4166666666666667,-0.0833333333333334,0.0,0.006944444444444444,y,z,x,0.4940467310869987
72,0.4166666666666667,-0.0833333333333334,0.0,0.006944444444444444,y,z,y,-0.2831031211815777
72,0.4166666666666667,-0.0833333333333334,0.0,0.006944444444444444,y,z,z,0.10445549989429934
72,0.4166666666666667,-0.0833333333333334,0.0,0.006944444444444444,z,x,x,0.31769411071279946
72,0.4166666666666667,-0.0833333333333334,0.0,0.006944444444444444,z,x,y,0.9450956723215207
72,0.4166666666666667,-0.0833333333333334,0.0,0.006944444444444444,z,x,z,0.20427309766034693
72,0.4166666666666667,-0.0833333333333334,0.0,0.006944444444444444,z,y,x,-0.582369960966541
72,0.4166666666666667,-0.0833333333333334,0.0,0.006944444444444444,z,y,y,-0.26346576141549966
72,0.4166666666666667,-0.0833333333333334,0.0,0.006944444444444444,z,y,z,0.11229906025488952
72,0.4166666666666667,-0.0833333333333334,0.0,0.006944444444444444,z,z,x,-0.3877375938839268
72,0.4166666666666667,-0.0833333333333334,0.0,0.006944444444444444,z,z,y,-0.5355536354645487
72,0.4166666666666667,-0.0833333333333334,0.0,0.006944444444444444,z,z,z,0.00024242801422081142
73,0.5,0.0,0.0,0.006944444444444444,x,x,x,0.0855990992623897
73,0.5,0.0,0.0,0.006944444444444444,x,x,y,-2.7003148099353176
73,0.5,0.0,0.0,0.006944444444444444,x,x,z,-0.342391379678293
73,0.5,0.0,0.0,0.006944444444444444,x,y,x,2.4266863864103536
73,0.5,0.0,0.0,0.006944444444444444,x,y,y,-0.6742420717766557
73,0.5,0.0,0.0,0.006944444444444444,x,y,z,-0.3892880459022554
73,0.5,0.0,0.0,0.006944444444444444,x,z,x,0.5082599680366952
73,0.5,0.0,0.0,0.006944444444444444,x,z,y,0.22930676768344077
73,0.5,0.0,0.0,0.006944444444444444,x,z,z,0.10176286284044507
73,0.5,0.0,0.0,0.006944444444444444,y,x,x,-0.3729576923791191
73,0.5,0.0,0.0,0.006944444444444444,y,x,y,0.9421497382681182
73,0.5,0.0,0.0,0.006944444444444444,y,x,z,-0.006061380706824082
73,0.5,0.0,0.0,0.006944444444444444,y,y,x,-2.0179540261196967
73,0.5,0.0,0.0,0.006944444444444444,y,y,y,-0.646605700770244
73,0.5,0.0,0.0,0.006944444444444444,y,y,z,0.3424161147472523
73,0.5,0.0,0.0,0.006944444444444444,y,z,x,0.3575690590890526
73,0.5,0.0,0.0,0.006944444444444444,y,z,y,-0.5082794230644518
73,0.5,0.0,0.0,0.006944444444444444,y,z,z,0.17626444483967396
73,0.5,0.0,0.0,0.006944444444444444,z,x,x,0.4413705486110446
73,0.5,0.0,0.0,0.006944444444444444,z,x,y,1.67741914048937
73,0.5,0.0,0.0,0.006944444444444444,z,x,z,0.5783293551153997
73,0.5,0.0,0.0,0.006944444444444444,z,y,x,-1.1677614813700252
73,0.5,0.0,0.0,0.006944444444444444,z,y,y,-0.441372826362733
73,0.5,0.0,0.0,0.006944444444444444,z,y,z,1.0017079725795315
73,0.5,0.0,0.0,0.006944444444444444,z,z,x,-0.8075863330995778
73,0.5,0.0,0.0,0.006944444444444444,z,z,y,-1.3988015874465716
73,0.5,0.0,0.0,0.006944444444444444,z,z,z,-5.218166253277221e-06
74,0.5,0.0833333333333333,0.0,0.006944444444444444,x,x,x,0.0242768655586874
74,0.5,0.0833333333333333,0.0,0.006944444444444444,x,x,y,-1.3727874240261624
74,0.5,0.0833333333333333,0.0,0.006944444444444444,x,x,z,-0.02152821978723452
74,0.5,0.0833333333333333,0.0,0.006944444444444444,x,y,x,1.173966676686842
74,0.5,0.0833333333333333,0.0,0.006944444444444444,x,y,y,-0.4455591827637423
74,0.5,0.0833333333333333,0.0,0.006944444444444444,x,y,z,0.05662995183043355
74,0.5,0.0833333333333333,0.0,0.006944444444444444,x,z,x,0.23875499543830872
74,0.5,0.0833333333333333,0.0,0.006944444444444444,x,z,y,-0.12766643528647936
74,0.5,0.0833333333333333,0.0,0.006944444444444444,x,z,z,0.05903080028283144
74,0.5,0.0833333333333333,0.0,0.006944444444444444,y,x,x,-0.13645428543866195
74,0.5,0.0833333333333333,0.0,0.006944444444444444,y,x,y,0.4770704595138022
74,0.5,0.0833333333333333,0.0,0.006944444444444444,y,x,z,-0.17531256161198933
74,0.5,0.0833333333333333,0.0,0.006944444444444444,y,y,x,-1.1575479636638575
74,0.5,0.0833333333333333,0.0,0.006944444444444444,y,y,y,-0.5359227509150001
74,0.5,0.0833333333333333,0.0,0.006944444444444444,y,y,z,0.15281582864133694
74,0.5,0.0833333333333333,0.0,0.006944444444444444,y,z,x,0.5708528373678746
74,0.5,0.0833333333333333,0.0,0.006944444444444444,y,z,y,-0.3515113866838021
74,0.5,0.0833333333333333,0.0,0.006944444444444444,y,z,z,0.10666643050180244
74,0.5,0.0833333333333333,0.0,0.006944444444444444,z,x,x,0.2752368403942126
74,0.5,0.0833333333333333,0.0,0.006944444444444444,z,x,y,0.9247028582232563
74,0.5,0.0833333333333333,0.0,0.006944444444444444,z,x,z,-0.004891230248933939
74,0.5,0.0833333333333333,0.0,0.006944444444444444,z,y,x,-0.6027657276745113
74,0.5,0.0833333333333333,0.0,0.006944444444444444,z,y,y,-0.32946997567365977
74,0.5,0.0833333333333333,0.0,0.006944444444444444,z,y,z,0.23305458375195792
74,0.5,0.0833333333333333,0.0,0.006944444444444444,z,z,x,-0.26992118605788357
74,0.5,0.0833333333333333,0.0,0.006944444444444444,z,z,y,-0.6035668932564647
74,0.5,0.0833333333333333,0.0,0.006944444444444444,z,z,z,-0.00024631702959123237
75,0.5,0.1666666666666667,0.0,0.006944444444444444,x,x,x,-0.020803791114514136
75,0.5,0.1666666666666667,0.0,0.006944444444444444,x,x,y,-0.499972053804197
75,0.5,0.1666666666666667,0.0,0.006944444444444444,x,x,z,0.12187220588496411
75,0.5,0.1666666666666667,0.0,0.006944444444444444,x,y,x,0.41052518888593587
75,0.5,0.1666666666666667,0.0,0.006944444444444444,x,y,y,-0.21125748566368058
75,0.5,0.1666666666666667,0.0,0.006944444444444444,x,y,z,0.4983166977650816
75,0.5,0.1666666666666667,0.0,0.006944444444444444,x,z,x,0.04790489426698862
75,0.5,0.1666666666666667,0.0,0.006944444444444444,x,z,y,-0.49420113059445026
75,0.5,0.1666666666666667,0.0,0.006944444444444444,x,z,z,-0.006931862372671265
75,0.5,0.1666666666666667,0.0,0.006944444444444444,y,x,x,0.01020350893216252
75,0.5,0.1666666666666667,0.0,0.006944444444444444,y,x,y,0.18109851627802132
75,0.5,0.1666666666666667,0.0,0.006944444444444444,y,x,z,-0.3913601673016406
75,0.5,0.1666666666666667,0.0,0.006944444444444444,y,y,x,-0.6315372270291182
75,0.5,0.1666666666666667,0.0,0.006944444444444444,y,y,y,-0.26639789552932935
75,0.5,0.1666666666666667,0.0,0.006944444444444444,y,y,z,0.02883449460067375
75,0.5,0.1666666666666667,0.0,0.006944444444444444,y,z,x,0.8049660489892243
75,0.5,0.1666666666666667,0.0,0.006944444444444444,y,z,y,-0.18823258348694305
75,0.5,0.1666666666666667,0.0,0.006944444444444444,y,z,z,0.028911701494541926
75,0.5,0.1666666666666667,0.0,0.006944444444444444,z,x,x,0.11423600385824963
75,0.5,0.1666666666666667,0.0,0.006944444444444444,z,x,y,0.7362342002365683
75,0.5,0.1666666666666667,0.0,0.006944444444444444,z,x,z,-0.38866675588812033
75,0.5,0.1666666666666667,0.0,0.006944444444444444,z,y,x,-0.4928177276615472
75,0.5,0.1666666666666667,0.0,0.006944444444444444,z,y,y,-0.185949567455702
75,0.5,0.1666666666666667,0.0,0.006944444444444444,z,y,z,-0.10639415243992577
75,0.5,0.1666666666666667,0.0,0.006944444444444444,z,z,x,0.14203228363370762
75,0.5,0.1666666666666667,0.0,0.006944444444444444,z,z,y,-0.10108097893161085
75,0.5,0.1666666666666667,0.0,0.006944444444444444,z,z,z,0.005542831049336704
76,0.5,0.25,0.0,0.006944444444444444,x,x,x,-0.026345175992085614
76,0.5,0.25,0.0,0.006944444444444444,x,x,y,7.935045880421672e-07
76,0.5,0.25,0.0,0.006944444444444444,x,x,z,-1.2779473046925017e-06
76,0.5,0.25,0.0,0.006944444444444444,x,y,x,-7.96633632501425e-07
76,0.5,0.25,0.0,0.006944444444444444,x,y,y,-0.11836445897364102
76,0.5,0.25,0.0,0.006944444444444444,x,y,z,0.66153384746654
76,0.5,0.25,0.0,0.006944444444444444,x,z,x,1.8276512439787556e-06
76,0.5,0.25,0.0,0.006944444444444444,x,z,y,-0.6862766520714437
76,0.5,0.25,0.0,0.006944444444444444,x,z,z,-0.023217779183747983
76,0.5,0.25,0.0,0.006944444444444444,y,x,x,6.081026544273085e-07
76,0.5,0.25,0.0,0.006944444444444444,y,x,y,0.026997802768063302
76,0.5,0.25,0.0,0.006944444444444444,y,x,z,-0.48595587687806274
76,0.5,0.25,0.0,0.006944444444444444,y,y,x,-0.4946290350102672
76,0.5,0.25,0.0,0.006944444444444444,y,y,y,-6.212355832698112e-07
76,0.5,0.25,0.0,0.006944444444444444,y,y,z,6.24311191629363e-07
76,0.5,0.25,0.0,0.006944444444444444,y,z,x,0.8911701174708067
76,0.5,0.25,0.0,0.006944444444444444,y,z,y,-1.5034315416890315e-06
76,0.5,0.25,0.0,0.006944444444444444,y,z,z,1.0325685933541893e-07
76,0.5,0.25,0.0,0.006944444444444444,z,x,x,9.047651837930132e-08
76,0.5,0.25,0.0,0.006944444444444444,z,x,y,0.8162233435921331
76,0.5,0.25,0.0,0.006944444444444444,z,x,z,-0.4554115048673374
76,0.5,0.25,0.0,0.006944444444444444,z,y,x,-0.5551356946041492
76,0.5,0.25,0.0,0.006944444444444444,z,y,y,-1.9361628512878102e-07
76,0.5,0.25,0.0,0.006944444444444444,z,y,z,-4.2856233158712793e-07
76,0.5,0.25,0.0,0.006944444444444444,z,z,x,0.2313592100058916
76,0.5,0.25,0.0,0.006944444444444444,z,z,y,-2.754324644835016e-07
76,0.5,0.25,0.0,0.006944444444444444,z,z,z,4.507066282042032e-08
77,0.5,0.3333333333333333,0.0,0.006944444444444444,x,x,x,-0.020804099906324387
77,0.5,0.3333333333333333,0.0,0.006944444444444444,x,x,y,0.4999747499300387
77,0.5,0.3333333333333333,0.0,0.006944444444444444,x,x,z,-0.12187481616095225
77,0.5,0.3333333333333333,0.0,0.006944444444444444,x,y,x,-0.4105276687684473
77,0.5,0.3333333333333333,0.0,0.006944444444444444,x,y,y,-0.21125694457518804
77,0.5,0.3333333333333333,0.0,0.006944444444444444,x,y,z,0.49831720253923223
77,0.5,0.3333333333333333,0.0,0.006944444444444444,x,z,x,-0.0479016403672584
77,0.5,0.3333333333333333,0.0,0.006944444444444444,x,z,y,-0.4942015642095276
77,0.5,0.3333333333333333,0.0,0.006944444444444444,x,z,z,-0.0069320129836834945
77,0.5,0.3333333333333333,0.0,0.006944444444444444,y,x,x,-0.010202350630503449
77,0.5,0.3333333333333333,0.0,0.006944444444444444,y,x,y,0.18109713175941675
77,0.5,0.3333333333333333,0.0,0.006944444444444444,y,x,z,-0.3913603476383842
77,0.5,0.3333333333333333,0.0,0.006944444444444444,y,y,x,-0.6315377681611765
77,0.5,0.3333333333333333,0.0,0.006944444444444444,y,y,y,0.2663972627224283
77,0.5,0.3333333333333333,0.0,0.006944444444444444,y,y,z,-0.028833620730100387
77,0.5,0.3333333333333333,0.0,0.006944444444444444,y,z,x,0.804966972480237
77,0.5,0.3333333333333333,0.0,0.006944444444444444,y,z,y,0.188230793714211
77,0.5,0.3333333333333333,0.0,0.006944444444444444,y,z,z,-0.028911568940572046
77,0.5,0.3333333333333333,0.0,0.006944444444444444,z,x,x,-0.1142358854940804
77,0.5,0.3333333333333333,0.0,0.006944444444444444,z,x,y,0.7362363707668271
77,0.5,0.3333333333333333,0.0,0.006944444444444444,z,x,z,-0.3886671665732209
77,0.5,0.3333333333333333,0.0,0.006944444444444444,z,y,x,-0.4928190715780869
77,0.5,0.3333333333333333,0.0,0.006944444444444444,z,y,y,0.18594954090395782
77,0.5,0.3333333333333333,0.0,0.006944444444444444,z,y,z,0.10639393937059219
77,0.5,0.3333333333333333,0.0,0.006944444444444444,z,z,x,0.1420319720637591
77,0.5,0.3333333333333333,0.0,0.006944444444444444,z,z,y,0.10108011633277822
77,0.5,0.3333333333333333,0.0,0.006944444444444444,z,z,z,-0.0055429150455989845
78,0.5,0.4166666666666667,0.0,0.006944444444444444,x,x,x,0.024276758078832533
78,0.5,0.4166666666666667,0.0,0.006944444444444444,x,x,y,1.3727944019412937
78,0.5,0.4166666666666667,0.0,0.006944444444444444,x,x,z,0.02152743258415307
78,0.5,0.4166666666666667,0.0,0.006944444444444444,x,y,x,-1.1739730664975008
78,0.5,0.4166666666666667,0.0,0.006944444444444444,x,y,y,-0.44555935421544013
78,0.5,0.4166666666666667,0.0,0.006944444444444444,x,y,z,0.0566272482078226
78,0.5,0.4166666666666667,0.0,0.006944444444444444,x,z,x,-0.23875376555254996
78,0.5,0.4166666666666667,0.0,0.006944444444444444,x,z,y,-0.12766412327424423
78,0.5,0.4166666666666667,0.0,0.006944444444444444,x,z,z,0.059030561662093146
78,0.5,0.4166666666666667,0.0,0.006944444444444444,y,x,x,0.13645610437204383
78,0.5,0.4166666666666667,0.0,0.006944444444444444,y,x,y,0.4770681595954612
78,0.5,0.4166666666666667,0.0,0.006944444444444444,y,x,z,-0.1753119123510143
78,0.5,0.4166666666666667,0.0,0.006944444444444444,y,y,x,-1.1575494678068297
78,0.5,0.4166666666666667,0.0,0.006944444444444444,y,y,y,0.5359235255398624
78,0.5,0.4166666666666667,0.0,0.006944444444444444,y,y,z,-0.15281605104171553
78,0.5,0.4166666666666667,0.0,0.006944444444444444,y,z,x,0.5708533175326708
78,0.5,0.4166666666666667,0.0,0.006944444444444444,y,z,y,0.3515116353320157
78,0.5,0.4166666666666667,0.0,0.006944444444444444,y,z,z,-0.10666634334061674
78,0.5,0.4166666666666667,0.0,0.006944444444444444,z,x,x,-0.2752379850737673
78,0.5,0.4166666666666667,0.0,0.006944444444444444,z,x,y,0.9247083675876829
78,0.5,0.4166666666666667,0.0,0.006944444444444444,z,x,z,-0.004890744670117887
78,0.5,0.4166666666666667,0.0,0.006944444444444444,z,y,x,-0.6027695206747054
78,0.5,0.4166666666666667,0.0,0.006944444444444444,z,y,y,0.32947094922700687
78,0.5,0.4166666666666667,0.0,0.006944444444444444,z,y,z,-0.23305433927843147
78,0.5,0.4166666666666667,0.0,0.006944444444444444,z,z,x,-0.269923106676142
78,0.5,0.4166666666666667,0.0,0.006944444444444444,z,z,y,0.6035665312569212
78,0.5,0.4166666666666667,0.0,0.006944444444444444,z,z,z,0.0002461713856356919
79,0.5,0.5,0.0,0.006944444444444444,x,x,x,0.08559994037239028
79,0.5,0.5,0.0,0.006944444444444444,x,x,y,2.700331062401534
79,0.5,0.5,0.0,0.006944444444444444,x,x,z,0.34239478568656523
79,0.5,0.5,0.0,0.006944444444444444,x,y,x,-2.4267022676599925
79,0.5,0.5,0.0,0.006944444444444444,x,y,y,-0.6742437695373309
79,0.5,0.5,0.0,0.006944444444444444,x,y,z,-0.38929675158838495
79,0.5,0.5,0.0,0.006944444444444444,x,z,x,-0.5082623716687417
79,0.5,0.5,0.0,0.006944444444444444,x,z,y,0.2293140291078112
79,0.5,0.5,0.0,0.006944444444444444,x,z,z,0.10176269594147513
79,0.5,0.5,0.0,0.006944444444444444,y,x,x,0.3729607546932617
79,0.5,0.5,0.0,0.006944444444444444,y,x,y,0.9421489541010387
79,0.5,0.5,0.0,0.006944444444444444,y,x,z,-0.006059254447570172
79,0.5,0.5,0.0,0.006944444444444444,y,y,x,-2.017958725612047
79,0.5,0.5,0.0,0.006944444444444444,y,y,y,0.6466073676412999
79,0.5,0.5,0.0,0.006944444444444444,y,y,z,-0.3424180843356452
79,0.5,0.5,0.0,0.006944444444444444,y,z,x,0.3575677431548015
79,0.5,0.5,0.0,0.006944444444444444,y,z,y,0.5082821881314343
79,0.5,0.5,0.0,0.006944444444444444,y,z,z,-0.17626461003913585
79,0.5,0.5,0.0,0.006944444444444444,z,x,x,-0.441373792518785
79,0.5,0.5,0.0,0.006944444444444444,z,x,y,1.6774327792683836
79,0.5,0.5,0.0,0.006944444444444444,z,x,z,0.5783323036129628
79,0.5,0.5,0.0,0.006944444444444444,z,y,x,-1.1677718599984996
79,0.5,0.5,0.0,0.006944444444444444,z,y,y,0.44137526177045633
79,0.5,0.5,0.0,0.006944444444444444,z,y,z,-1.0017092664459974
79,0.5,0.5,0.0,0.006944444444444444,z,z,x,-0.8075906769691723
79,0.5,0.5,0.0,0.006944444444444444,z,z,y,1.3988027596574086
79,0.5,0.5,0.0,0.006944444444444444,z,z,z,4.907222057428399e-06
80,0.5,-0.4166666666666666,0.0,0.006944444444444444,x,x,x,0.024276758135292276
80,0.5,-0.4166666666666666,0.0,0.006944444444444444,x,x,y,1.3727944018125395
80,0.5,-0.4166666666666666,0.0,0.006944444444444444,x,x,z,0.02152743264405773
80,0.5,-0.4166666666666666,0.0,0.006944444444444444,x,y,x,-1.1739730665713621
80,0.5,-0.4166666666666666,0.0,0.006944444444444444,x,y,y,-0.4455593540614134
80,0.5,-0.4166666666666666,0.0,0.006944444444444444,x,y,z,0.05662724859746917
80,0.5,-0.4166666666666666,0.0,0.006944444444444444,x,z,x,-0.23875376547310595
80,0.5,-0.4166666666666666,0.0,0.006944444444444444,x,z,y,-0.12766412362470686
80,0.5,-0.4166666666666666,0.0,0.006944444444444444,x,z,z,0.05903056179529751
80,0.5,-0.4166666666666666,0.0,0.006944444444444444,y,x,x,0.13645610433975902
80,0.5,-0.4166666666666666,0.0,0.006944444444444444,y,x,y,0.4770681592819742
80,0.5,-0.4166666666666666,0.0,0.006944444444444444,y,x,z,-0.17531191236979593
80,0.5,-0.4166666666666666,0.0,0.006944444444444444,y,y,x,-1.1575494676114595
80,0.5,-0.4166666666666666,0.0,0.006944444444444444,y,y,y,0.5359235251731487
80,0.5,-0.4166666666666666,0.0,0.006944444444444444,y,y,z,-0.1528160508347947
80,0.5,-0.4166666666666666,0.0,0.006944444444444444,y,z,x,0.5708533173150567
80,0.5,-0.4166666666666666,0.0,0.006944444444444444,y,z,y,0.35151163537418056
80,0.5,-0.4166666666666666,0.0,0.006944444444444444,y,z,z,-0.10666634352354734
80,0.5,-0.4166666666666666,0.0,0.006944444444444444,z,x,x,-0.2752379850776455
80,0.5,-0.4166666666666666,0.0,0.006944444444444444,z,x,y,0.9247083673765055
80,0.5,-0.4166666666666666,0.0,0.006944444444444444,z,x,z,-0.004890744858262645
80,0.5,-0.4166666666666666,0.0,0.006944444444444444,z,y,x,-0.6027695205964191
80,0.5,-0.4166666666666666,0.0,0.006944444444444444,z,y,y,0.3294709489304548
80,0.5,-0.4166666666666666,0.0,0.006944444444444444,z,y,z,-0.23305433927856634
80,0.5,-0.4166666666666666,0.0,0.006944444444444444,z,z,x,-0.2699231064112964
80,0.5,-0.4166666666666666,0.0,0.006944444444444444,z,z,y,0.6035665310568998
80,0.5,-0.4166666666666666,0.0,0.006944444444444444,z,z,z,0.0002461713993506426
81,0.5,-0.3333333333333334,0.0,0.006944444444444444,x,x,x,-0.02080410213406121
81,0.5,-0.3333333333333334,0.0,0.006944444444444444,x,x,y,0.49997475147862586
81,0.5,-0.3333333333333334,0.0,0.006944444444444444,x,x,z,-0.12187482351489719
81,0.5,-0.3333333333333334,0.0,0.006944444444444444,x,y,x,-0.41052766945797436
81,0.5,-0.3333333333333334,0.0,0.006944444444444444,x,y,y,-0.21125694402700818
81,0.5,-0.3333333333333334,0.0,0.006944444444444444,x,y,z,0.4983172015850543
81,0.5,-0.3333333333333334,0.0,0.006944444444444444,x,z,x,-0.04790164016837228
81,0.5,-0.3333333333333334,0.0,0.006944444444444444,x,z,y,-0.4942015735567147
81,0.5,-0.3333333333333334,0.0,0.006944444444444444,x,z,z,-0.006932014515664247
81,0.5,-0.3333333333333334,0.0,0.006944444444444444,y,x,x,-0.010202356453745653
81,0.5,-0.3333333333333334,0.0,0.006944444444444444,y,x,y,0.1810971314735785
81,0.5,-0.3333333333333334,0.0,0.006944444444444444,y,x,z,-0.39136034265443015
81,0.5,-0.3333333333333334,0.0,0.006944444444444444,y,y,x,-0.6315377650645203
81,0.5,-0.3333333333333334,0.0,0.006944444444444444,y,y,y,0.26639725977017636
81,0.5,-0.3333333333333334,0.0,0.006944444444444444,y,y,z,-0.028833621163028046
81,0.5,-0.3333333333333334,0.0,0.006944444444444444,y,z,x,0.8049669756898503
81,0.5,-0.3333333333333334,0.0,0.006944444444444444,y,z,y,0.1882308004714942
81,0.5,-0.3333333333333334,0.0,0.006944444444444444,y,z,z,-0.028911574036721604
81,0.5,-0.3333333333333334,0.0,0.006944444444444444,z,x,x,-0.11423588607510685
81,0.5,-0.3333333333333334,0.0,0.006944444444444444,z,x,y,0.7362363600349492
81,0.5,-0.3333333333333334,0.0,0.006944444444444444,z,x,z,-0.3886671691839821
81,0.5,-0.3333333333333334,0.0,0.006944444444444444,z,y,x,-0.4928190695623597
81,0.5,-0.3333333333333334,0.0,0.006944444444444444,z,y,y,0.18594953520262622
81,0.5,-0.3333333333333334,0.0,0.006944444444444444,z,y,z,0.10639394231397116
81,0.5,-0.3333333333333334,0.0,0.006944444444444444,z,z,x,0.14203197527704492
81,0.5,-0.3333333333333334,0.0,0.006944444444444444,z,z,y,0.1010801201253003
81,0.5,-0.3333333333333334,0.0,0.006944444444444444,z,z,z,-0.005542915494041933
82,0.5,-0.25,0.0,0.006944444444444444,x,x,x,-0.02634517600257839
82,0.5,-0.25,0.0,0.006944444444444444,x,x,y,7.926263190346963e-07
82,0.5,-0.25,0.0,0.006944444444444444,x,x,z,-1.279188461190988e-06
82,0.5,-0.25,0.0,0.006944444444444444,x,y,x,-7.960723799020229e-07
82,0.5,-0.25,0.0,0.006944444444444444,x,y,y,-0.11836445933063669
82,0.5,-0.25,0.0,0.006944444444444444,x,y,z,0.6615338472010809
82,0.5,-0.25,0.0,0.006944444444444444,x,z,x,1.830728437459035e-06
82,0.5,-0.25,0.0,0.006944444444444444,x,z,y,-0.6862766539073195
82,0.5,-0.25,0.0,0.006944444444444444,x,z,z,-0.023217780208903156
82,0.5,-0.25,0.0,0.006944444444444444,y,x,x,6.077908439614064e-07
82,0.5,-0.25,0.0,0.006944444444444444,y,x,y,0.026997805543023085
82,0.5,-0.25,0.0,0.006944444444444444,y,x,z,-0.4859558693987951
82,0.5,-0.25,0.0,0.006944444444444444,y,y,x,-0.4946290371339273
82,0.5,-0.25,0.0,0.006944444444444444,y,y,y,-6.210325668466791e-07
82,0.5,-0.25,0.0,0.006944444444444444,y,y,z,6.238727084541382e-07
82,0.5,-0.25,0.0,0.006944444444444444,y,z,x,0.8911701096673501
82,0.5,-0.25,0.0,0.006944444444444444,y,z,y,-1.5034405469707711e-06
82,0.5,-0.25,0.0,0.006944444444444444,y,z,z,1.0314258805180774e-07
82,0.5,-0.25,0.0,0.006944444444444444,z,x,x,8.760239034154846e-08
82,0.5,-0.25,0.0,0.006944444444444444,z,x,y,0.8162233433904728
82,0.5,-0.25,0.0,0.006944444444444444,z,x,z,-0.4554115066079877
82,0.5,-0.25,0.0,0.006944444444444444,z,y,x,-0.5551356943194687
82,0.5,-0.25,0.0,0.006944444444444444,z,y,y,-1.9525856099602443e-07
82,0.5,-0.25,0.0,0.006944444444444444,z,y,z,-4.289255216711872e-07
82,0.5,-0.25,0.0,0.006944444444444444,z,z,x,0.23135921253033695
82,0.5,-0.25,0.0,0.006944444444444444,z,z,y,-2.7553761075114374e-07
82,0.5,-0.25,0.0,0.006944444444444444,z,z,z,4.5997811647059336e-08
83,0.5,-0.1666666666666666,0.0,0.006944444444444444,x,x,x,-0.020803793138642092
83,0.5,-0.1666666666666666,0.0,0.006944444444444444,x,x,y,-0.49997205219215546
83,0.5,-0.1666666666666666,0.0,0.006944444444444444,x,x,z,0.1218722105090658
83,0.5,-0.1666666666666666,0.0,0.006944444444444444,x,y,x,0.41052518825565876
83,0.5,-0.1666666666666666,0.0,0.006944444444444444,x,y,y,-0.21125748648204085
83,0.5,-0.1666666666666666,0.0,0.006944444444444444,x,y,z,0.49831669856551597
83,0.5,-0.1666666666666666,0.0,0.006944444444444444,x,z,x,0.04790489264083134
83,0.5,-0.1666666666666666,0.0,0.006944444444444444,x,z,y,-0.49420113435561724
83,0.5,-0.1666666666666666,0.0,0.006944444444444444,x,z,z,-0.006931865083435936
83,0.5,-0.1666666666666666,0.0,0.006944444444444444,y,x,x,0.010203508829767192
83,0.5,-0.1666666666666666,0.0,0.006944444444444444,y,x,y,0.181098509735078
83,0.5,-0.1666666666666666,0.0,0.006944444444444444,y,x,z,-0.3913601653267886
83,0.5,-0.1666666666666666,0.0,0.006944444444444444,y,y,x,-0.6315372249719445
83,0.5,-0.1666666666666666,0.0,0.006944444444444444,y,y,y,-0.26639788885167603
83,0.5,-0.1666666666666666,0.0,0.006944444444444444,y,y,z,0.028834492028298943
83,0.5,-0.1666666666666666,0.0,0.006944444444444444,y,z,x,0.804966049159942
83,0.5,-0.1666666666666666,0.0,0.006944444444444444,y,z,y,-0.18823258692593003
83,0.5,-0.1666666666666666,0.0,0.006944444444444444,y,z,z,0.02891170337092636
83,0.5,-0.1666666666666666,0.0,0.006944444444444444,z,x,x,0.11423600808623849
83,0.5,-0.1666666666666666,0.0,0.006944444444444444,z,x,y,0.7362342069192779
83,0.5,-0.1666666666666666,0.0,0.006944444444444444,z,x,z,-0.3886667560203449
83,0.5,-0.1666666666666666,0.0,0.006944444444444444,z,y,x,-0.4928177293069545
83,0.5,-0.1666666666666666,0.0,0.006944444444444444,z,y,y,-0.18594957249924346
83,0.5,-0.1666666666666666,0.0,0.006944444444444444,z,y,z,-0.10639415256615381
83,0.5,-0.1666666666666666,0.0,0.006944444444444444,z,z,x,0.14203228256642486
83,0.5,-0.1666666666666666,0.0,0.006944444444444444,z,z,y,-0.10108097519138633
83,0.5,-0.1666666666666666,0.0,0.006944444444444444,z,z,z,0.005542829869394924
84,0.5,-0.0833333333333334,0.0,0.006944444444444444,x,x,x,0.02427686627030911
84,0.5,-0.0833333333333334,0.0,0.006944444444444444,x,x,y,-1.3727874232818764
84,0.5,-0.0833333333333334,0.0,0.006944444444444444,x,x,z,-0.021528218617708983
84,0.5,-0.0833333333333334,0.0,0.006944444444444444,x,y,x,1.1739666763588563
84,0.5,-0.0833333333333334,0.0,0.006944444444444444,x,y,y,-0.4455591824086414
84,0.5,-0.0833333333333334,0.0,0.006944444444444444,x,y,z,0.05662995095021645
84,0.5,-0.0833333333333334,0.0,0.006944444444444444,x,z,x,0.23875499449183712
84,0.5,-0.0833333333333334,0.0,0.006944444444444444,x,z,y,-0.1276664349536853
84,0.5,-0.0833333333333334,0.0,0.006944444444444444,x,z,z,0.05903080022728434
84,0.5,-0.0833333333333334,0.0,0.006944444444444444,y,x,x,-0.1364542854221296
84,0.5,-0.0833333333333334,0.0,0.006944444444444444,y,x,y,0.47707045996681097
84,0.5,-0.0833333333333334,0.0,0.006944444444444444,y,x,z,-0.17531256070130732
84,0.5,-0.0833333333333334,0.0,0.006944444444444444,y,y,x,-1.1575479637958648
84,0.5,-0.0833333333333334,0.0,0.006944444444444444,y,y,y,-0.5359227511794421
84,0.5,-0.0833333333333334,0.0,0.006944444444444444,y,y,z,0.15281582815062053
84,0.5,-0.0833333333333334,0.0,0.006944444444444444,y,z,x,0.5708528366520698
84,0.5,-0.0833333333333334,0.0,0.006944444444444444,y,z,y,-0.3515113856544386
84,0.5,-0.0833333333333334,0.0,0.006944444444444444,y,z,z,0.10666643062637914
84,0.5,-0.0833333333333334,0.0,0.006944444444444444,z,x,x,0.27523684002729193
84,0.5,-0.0833333333333334,0.0,0.006944444444444444,z,x,y,0.9247028584433298
84,0.5,-0.0833333333333334,0.0,0.006944444444444444,z,x,z,-0.0048912303867695945
84,0.5,-0.0833333333333334,0.0,0.006944444444444444,z,y,x,-0.6027657281465185
84,0.5,-0.0833333333333334,0.0,0.006944444444444444,z,y,y,-0.3294699759846305
84,0.5,-0.0833333333333334,0.0,0.006944444444444444,z,y,z,0.23305458349311695
84,0.5,-0.0833333333333334,0.0,0.006944444444444444,z,z,x,-0.2699211852875315
84,0.5,-0.0833333333333334,0.0,0.006944444444444444,z,z,y,-0.6035668923488332
84,0.5,-0.0833333333333334,0.0,0.006944444444444444,z,z,z,-0.00024631687249232004
85,-0.4166666666666666,0.0,0.0,0.006944444444444444,x,x,x,0.05921434301737216
85,-0.4166666666666666,0.0,0.0,0.006944444444444444,x,x,y,-2.217071252942383
85,-0.4166666666666666,0.0,0.0,0.006944444444444444,x,x,z,-0.4379381291592023
85,-0.4166666666666666,0.0,0.0,0.006944444444444444,x,y,x,1.7219109106590944
85,-0.4166666666666666,0.0,0.0,0.006944444444444444,x,y,y,-0.7904013229260769
85,-0.4166666666666666,0.0,0.0,0.006944444444444444,x,y,z,-0.5696586871084518
85,-0.4166666666666666,0.0,0.0,0.006944444444444444,x,z,x,0.6963833028284363
85,-0.4166666666666666,0.0,0.0,0.006944444444444444,x,z,y,0.45118743713168813
85,-0.4166666666666666,0.0,0.0,0.006944444444444444,x,z,z,0.0883297198704984
85,-0.4166666666666666,0.0,0.0,0.006944444444444444,y,x,x,-0.38564174382294464
85,-0.4166666666666666,0.0,0.0,0.006944444444444444,y,x,y,0.42641015648119035
85,-0.4166666666666666,0.0,0.0,0.006944444444444444,y,x,z,0.06397620697414134
85,-0.4166666666666666,0.0,0.0,0.006944444444444444,y,y,x,-1.8477838535635611
85,-0.4166666666666666,0.0,0.0,0.006944444444444444,y,y,y,-0.88080823281145
85,-0.4166666666666666,0.0,0.0,0.006944444444444444,y,y,z,0.43794511632899485
85,-0.4166666666666666,0.0,0.0,0.006944444444444444,y,z,x,0.3529209535359852
85,-0.4166666666666666,0.0,0.0,0.006944444444444444,y,z,y,-0.6963872628810306
85,-0.4166666666666666,0.0,0.0,0.006944444444444444,y,z,z,0.1529926149987538
85,-0.4166666666666666,0.0,0.0,0.006944444444444444,z,x,x,0.5157051217288167
85,-0.4166666666666666,0.0,0.0,0.006944444444444444,z,x,y,1.0664515005807214
85,-0.4166666666666666,0.0,0.0,0.006944444444444444,z,x,z,0.6293368913641063
85,-0.4166666666666666,0.0,0.0,0.006944444444444444,z,y,x,-0.4709651600374193
85,-0.4166666666666666,0.0,0.0,0.006944444444444444,z,y,y,-0.5157067533357922
85,-0.4166666666666666,0.0,0.0,0.006944444444444444,z,y,z,1.0900504291898103
85,-0.4166666666666666,0.0,0.0,0.006944444444444444,z,z,x,-0.8424816752171672
85,-0.4166666666666666,0.0,0.0,0.006944444444444444,z,z,y,-1.4592319614524838
85,-0.4166666666666666,0.0,0.0,0.006944444444444444,z,z,z,-1.4086900621606859e-06
86,-0.4166666666666666,0.0833333333333333,0.0,0.006944444444444444,x,x,x,-0.0014494299555691669
86,-0.4166666666666666,0.0833333333333333,0.0,0.006944444444444444,x,x,y,-1.5150454479840445
86,-0.4166666666666666,0.0833333333333333,0.0,0.006944444444444444,x,x,z,-0.16062209955772255
86,-0.4166666666666666,0.0833333333333333,0.0,0.006944444444444444,x,y,x,1.1739431261783804
86,-0.4166666666666666,0.0833333333333333,0.0,0.006944444444444444,x,y,y,-0.370204156040867
86,-0.4166666666666666,0.0833333333333333,0.0,0.006944444444444444,x,y,z,0.07014891551565615
86,-0.4166666666666666,0.0833333333333333,0.0,0.006944444444444444,x,z,x,0.395851520539191
86,-0.4166666666666666,0.0833333333333333,0.0,0.006944444444444444,x,z,y,-0.20446565701843641
86,-0.4166666666666666,0.0833333333333333,0.0,0.006944444444444444,x,z,z,0.06285841760499876
86,-0.4166666666666666,0.0833333333333333,0.0,0.006944444444444444,y,x,x,-0.2802783866646275
86,-0.4166666666666666,0.0833333333333333,0.0,0.006944444444444444,y,x,y,0.30335295347479063
86,-0.4166666666666666,0.0833333333333333,0.0,0.006944444444444444,y,x,z,-0.16178406033018475
86,-0.4166666666666666,0.0833333333333333,0.0,0.006944444444444444,y,y,x,-1.0849123537463108
86,-0.4166666666666666,0.0833333333333333,0.0,0.006944444444444444,y,y,y,-0.4207494781005861
86,-0.4166666666666666,0.0833333333333333,0.0,0.006944444444444444,y,y,z,0.02934257283479983
86,-0.4166666666666666,0.0833333333333333,0.0,0.006944444444444444,y,z,x,0.4940467314025337
86,-0.4166666666666666,0.0833333333333333,0.0,0.006944444444444444,y,z,y,-0.28310312076318384
86,-0.4166666666666666,0.0833333333333333,0.0,0.006944444444444444,y,z,z,0.10445550033607617
86,-0.4166666666666666,0.0833333333333333,0.0,0.006944444444444444,z,x,x,0.31769410955184546
86,-0.4166666666666666,0.0833333333333333,0.0,0.006944444444444444,z,x,y,0.9450956708186741
86,-0.4166666666666666,0.0833333333333333,0.0,0.006944444444444444,z,x,z,0.20427309921367454
86,-0.4166666666666666,0.0833333333333333,0.0,0.006944444444444444,z,y,x,-0.5823699600836563
86,-0.4166666666666666,0.0833333333333333,0.0,0.006944444444444444,z,y,y,-0.26346576077045897
86,-0.4166666666666666,0.0833333333333333,0.0,0.006944444444444444,z,y,z,0.11229906028535637
86,-0.4166666666666666,0.0833333333333333,0.0,0.006944444444444444,z,z,x,-0.38773759465625196
86,-0.4166666666666666,0.0833333333333333,0.0,0.006944444444444444,z,z,y,-0.5355536352597533
86,-0.4166666666666666,0.0833333333333333,0.0,0.006944444444444444,z,z,z,0.00024242819603777937
87,-0.4166666666666666,0.1666666666666667,0.0,0.006944444444444444,x,x,x,0.013029360848931285
87,-0.4166666666666666,0.1666666666666667,0.0,0.006944444444444444,x,x,y,-0.6539626537638612
87,-0.4166666666666666,0.1666666666666667,0.0,0.006944444444444444,x,x,z,0.05228946429427306
87,-0.4166666666666666,0.1666666666666667,0.0,0.006944444444444444,x,y,x,0.47031968396290097
87,-0.4166666666666666,0.1666666666666667,0.0,0.006944444444444444,x,y,y,-0.20395499864842867
87,-0.4166666666666666,0.1666666666666667,0.0,0.006944444444444444,x,y,z,0.4038674332308188
87,-0.4166666666666666,0.1666666666666667,0.0,0.006944444444444444,x,z,x,0.13852366439017835
87,-0.4166666666666666,0.1666666666666667,0.0,0.006944444444444444,x,z,y,-0.525980112285017
87,-0.4166666666666666,0.1666666666666667,0.0,0.006944444444444444,x,z,z,0.022629438179515442
87,-0.4166666666666666,0.1666666666666667,0.0,0.006944444444444444,y,x,x,-0.07352356886904546
87,-0.4166666666666666,0.1666666666666667,0.0,0.006944444444444444,y,x,y,0.11003752120732094
87,-0.4166666666666666,0.1666666666666667,0.0,0.006944444444444444,y,x,z,-0.3434866643348338
87,-0.4166666666666666,0.1666666666666667,0.0,0.006944444444444444,y,y,x,-0.5390723976487118
87,-0.4166666666666666,0.1666666666666667,0.0,0.006944444444444444,y,y,y,-0.2571686533696645
87,-0.4166666666666666,0.1666666666666667,0.0,0.006944444444444444,y,y,z,-0.05229046625228927
87,-0.4166666666666666,0.1666666666666667,0.0,0.006944444444444444,y,z,x,0.6859305546615814
87,-0.4166666666666666,0.1666666666666667,0.0,0.006944444444444444,y,z,y,-0.13852324979855632
87,-0.4166666666666666,0.1666666666666667,0.0,0.006944444444444444,y,z,z,0.03919516118430724
87,-0.4166666666666666,0.1666666666666667,0.0,0.006944444444444444,z,x,x,0.15813768295572134
87,-0.4166666666666666,0.1666666666666667,0.0,0.006944444444444444,z,x,y,0.7697147483496687
87,-0.4166666666666666,0.1666666666666667,0.0,0.006944444444444444,z,x,z,-0.15684231656476352
87,-0.4166666666666666,0.1666666666666667,0.0,0.006944444444444444,z,y,x,-0.5871125943085752
87,-0.4166666666666666,0.1666666666666667,0.0,0.006944444444444444,z,y,y,-0.158138441716593
87,-0.4166666666666666,0.1666666666666667,0.0,0.006944444444444444,z,y,z,-0.27165550883317846
87,-0.4166666666666666,0.1666666666666667,0.0,0.006944444444444444,z,z,x,-0.007928566069772628
87,-0.4166666666666666,0.1666666666666667,0.0,0.006944444444444444,z,z,y,-0.013737710209701107
87,-0.4166666666666666,0.1666666666666667,0.0,0.006944444444444444,z,z,z,-3.0592168270065463e-07
88,-0.4166666666666666,0.25,0.0,0.006944444444444444,x,x,x,0.05888464363282323
88,-0.4166666666666666,0.25,0.0,0.006944444444444444,x,x,y,-0.21660731578560222
88,-0.4166666666666666,0.25,0.0,0.006944444444444444,x,x,z,0.042607228049818556
88,-0.4166666666666666,0.25,0.0,0.006944444444444444,x,y,x,0.14966616191094284
88,-0.4166666666666666,0.25,0.0,0.006944444444444444,x,y,y,-0.15881530835076646
88,-0.4166666666666666,0.25,0.0,0.006944444444444444,x,y,z,0.5450503993106784
88,-0.4166666666666666,0.25,0.0,0.006944444444444444,x,z,x,0.03404488914159453
88,-0.4166666666666666,0.25,0.0,0.006944444444444444,x,z,y,-0.7199545708859505
88,-0.4166666666666666,0.25,0.0,0.006944444444444444,x,z,z,-0.002659706067788366
88,-0.4166666666666666,0.25,0.0,0.006944444444444444,y,x,x,-0.015211112022191614
88,-0.4166666666666666,0.25,0.0,0.006944444444444444,y,x,y,-0.0406802312358341
88,-0.4166666666666666,0.25,0.0,0.006944444444444444,y,x,z,-0.45273179569052535
88,-0.4166666666666666,0.25,0.0,0.006944444444444444,y,y,x,-0.37604287968725886
88,-0.4166666666666666,0.25,0.0,0.006944444444444444,y,y,y,-0.09720748642022485
88,-0.4166666666666666,0.25,0.0,0.006944444444444444,y,y,z,-0.02218854378541519
88,-0.4166666666666666,0.25,0.0,0.006944444444444444,y,z,x,0.8292309919766802
88,-0.4166666666666666,0.25,0.0,0.006944444444444444,y,z,y,-0.05535984834669731
88,-0.4166666666666666,0.25,0.0,0.006944444444444444,y,z,z,0.010505689901616039
88,-0.4166666666666666,0.25,0.0,0.006944444444444444,z,x,x,0.05687565087347345
88,-0.4166666666666666,0.25,0.0,0.006944444444444444,z,x,y,0.9426584649044876
88,-0.4166666666666666,0.25,0.0,0.006944444444444444,z,x,z,-0.2444491130460327
88,-0.4166666666666666,0.25,0.0,0.006944444444444444,z,y,x,-0.7832175574086327
88,-0.4166666666666666,0.25,0.0,0.006944444444444444,z,y,y,-0.06520295614334165
88,-0.4166666666666666,0.25,0.0,0.006944444444444444,z,y,z,-0.13827292300845237
88,-0.4166666666666666,0.25,0.0,0.006944444444444444,z,z,x,0.11083693509200196
88,-0.4166666666666666,0.25,0.0,0.006944444444444444,z,z,y,0.02926710856354982
88,-0.4166666666666666,0.25,0.0,0.006944444444444444,z,z,z,0.00012338695143323945
89,-0.4166666666666666,0.3333333333333333,0.0,0.006944444444444444,x,x,x,0.058884752513851765
89,-0.4166666666666666,0.3333333333333333,0.0,0.006944444444444444,x,x,y,0.21660779570878783
89,-0.4166666666666666,0.3333333333333333,0.0,0.006944444444444444,x,x,z,-0.04260897261149614
89,-0.4166666666666666,0.3333333333333333,0.0,0.006944444444444444,x,y,x,-0.14966706816432476
89,-0.4166666666666666,0.3333333333333333,0.0,0.006944444444444444,x,y,y,-0.1588152880017973
89,-0.4166666666666666,0.3333333333333333,0.0,0.006944444444444444,x,y,z,0.54505107282724
89,-0.4166666666666666,0.3333333333333333,0.0,0.006944444444444444,x,z,x,-0.0340421221383602
89,-0.4166666666666666,0.3333333333333333,0.0,0.006944444444444444,x,z,y,-0.719955546509647
89,-0.4166666666666666,0.3333333333333333,0.0,0.006944444444444444,x,z,z,-0.002659836602466664
89,-0.4166666666666666,0.3333333333333333,0.0,0.006944444444444444,y,x,x,0.015211671467836075
89,-0.4166666666666666,0.3333333333333333,0.0,0.006944444444444444,y,x,y,-0.04068098490847939
89,-0.4166666666666666,0.3333333333333333,0.0,0.006944444444444444,y,x,z,-0.4527320025664732
89,-0.4166666666666666,0.3333333333333333,0.0,0.006944444444444444,y,y,x,-0.3760430712247726
89,-0.4166666666666666,0.3333333333333333,0.0,0.006944444444444444,y,y,y,0.09720640271204424
89,-0.4166666666666666,0.3333333333333333,0.0,0.006944444444444444,y,y,z,0.022189627973896803
89,-0.4166666666666666,0.3333333333333333,0.0,0.006944444444444444,y,z,x,0.8292317118104001
89,-0.4166666666666666,0.3333333333333333,0.0,0.006944444444444444,y,z,y,0.055357567129627416
89,-0.4166666666666666,0.3333333333333333,0.0,0.006944444444444444,y,z,z,-0.01050555004739964
89,-0.4166666666666666,0.3333333333333333,0.0,0.006944444444444444,z,x,x,-0.05687552354466609
89,-0.4166666666666666,0.3333333333333333,0.0,0.006944444444444444,z,x,y,0.9426603503465065
89,-0.4166666666666666,0.3333333333333333,0.0,0.006944444444444444,z,x,z,-0.24444907450111086
89,-0.4166666666666666,0.3333333333333333,0.0,0.006944444444444444,z,y,x,-0.7832191179244542
89,-0.4166666666666666,0.3333333333333333,0.0,0.006944444444444444,z,y,y,0.06520279199960731
89,-0.4166666666666666,0.3333333333333333,0.0,0.006944444444444444,z,y,z,0.13827225402310725
89,-0.4166666666666666,0.3333333333333333,0.0,0.006944444444444444,z,z,x,0.11083675069014295
89,-0.4166666666666666,0.3333333333333333,0.0,0.006944444444444444,z,z,y,-0.02926796316838102
89,-0.4166666666666666,0.3333333333333333,0.0,0.006944444444444444,z,z,z,-0.00012332760583604394
90,-0.4166666666666666,0.4166666666666667,0.0,0.006944444444444444,x,x,x,0.013029316110237001
90,-0.4166666666666666,0.4166666666666667,0.0,0.006944444444444444,x,x,y,0.6539648771427164
90,-0.4166666666666666,0.4166666666666667,0.0,0.006944444444444444,x,x,z,-0.05229098083678404
90,-0.4166666666666666,0.4166666666666667,0.0,0.006944444444444444,x,y,x,-0.47032175116159025
90,-0.4166666666666666,0.4166666666666667,0.0,0.006944444444444444,x,y,y,-0.2039550304523176
90,-0.4166666666666666,0.4166666666666667,0.0,0.006944444444444444,x,y,z,0.4038682238108611
90,-0.4166666666666666,0.4166666666666667,0.0,0.006944444444444444,x,z,x,-0.13852177335223925
90,-0.4166666666666666,0.4166666666666667,0.0,0.006944444444444444,x,z,y,-0.5259813281891466
90,-0.4166666666666666,0.4166666666666667,0.0,0.006944444444444444,x,z,z,0.022629184824002127
90,-0.4166666666666666,0.4166666666666667,0.0,0.006944444444444444,y,x,x,0.07352428789441262
90,-0.4166666666666666,0.4166666666666667,0.0,0.006944444444444444,y,x,y,0.11003576937875569
90,-0.4166666666666666,0.4166666666666667,0.0,0.006944444444444444,y,x,z,-0.343486736348821
90,-0.4166666666666666,0.4166666666666667,0.0,0.006944444444444444,y,y,x,-0.5390726596319982
90,-0.4166666666666666,0.4166666666666667,0.0,0.006944444444444444,y,y,y,0.257168548073273
90,-0.4166666666666666,0.4166666666666667,0.0,0.006944444444444444,y,y,z,0.0522913108098085
90,-0.4166666666666666,0.4166666666666667,0.0,0.006944444444444444,y,z,x,0.6859316487831129
90,-0.4166666666666666,0.4166666666666667,0.0,0.006944444444444444,y,z,y,0.1385220749018047
90,-0.4166666666666666,0.4166666666666667,0.0,0.006944444444444444,y,z,z,-0.03919509501469916
90,-0.4166666666666666,0.4166666666666667,0.0,0.006944444444444444,z,x,x,-0.15813790426482333
90,-0.4166666666666666,0.4166666666666667,0.0,0.006944444444444444,z,x,y,0.7697180995609345
90,-0.4166666666666666,0.4166666666666667,0.0,0.006944444444444444,z,x,z,-0.15684204977290317
90,-0.4166666666666666,0.4166666666666667,0.0,0.006944444444444444,z,y,x,-0.587115470167391
90,-0.4166666666666666,0.4166666666666667,0.0,0.006944444444444444,z,y,y,0.15813854132771918
90,-0.4166666666666666,0.4166666666666667,0.0,0.006944444444444444,z,y,z,0.2716562512236639
90,-0.4166666666666666,0.4166666666666667,0.0,0.006944444444444444,z,z,x,-0.007929207562980227
90,-0.4166666666666666,0.4166666666666667,0.0,0.006944444444444444,z,z,y,0.013736291214440272
90,-0.4166666666666666,0.4166666666666667,0.0,0.006944444444444444,z,z,z,3.145607761649697e-07
91,-0.4166666666666666,0.5,0.0,0.006944444444444444,x,x,x,-0.001449437701803117
91,-0.4166666666666666,0.5,0.0,0.006944444444444444,x,x,y,1.5150510416710665
91,-0.4166666666666666,0.5,0.0,0.006944444444444444,x,x,z,0.16062257933959825
91,-0.4166666666666666,0.5,0.0,0.006944444444444444,x,y,x,-1.1739483914759345
91,-0.4166666666666666,0.5,0.0,0.006944444444444444,x,y,y,-0.37020435633925614
91,-0.4166666666666666,0.5,0.0,0.006944444444444444,x,y,z,0.07014687773197563
91,-0.4166666666666666,0.5,0.0,0.006944444444444444,x,z,x,-0.3958515423000377
91,-0.4166666666666666,0.5,0.0,0.006944444444444444,x,z,y,-0.20446425398195522
91,-0.4166666666666666,0.5,0.0,0.006944444444444444,x,z,z,0.06285814193977152
91,-0.4166666666666666,0.5,0.0,0.006944444444444444,y,x,x,0.28028028223688517
91,-0.4166666666666666,0.5,0.0,0.006944444444444444,y,x,y,0.30334931896053513
91,-0.4166666666666666,0.5,0.0,0.006944444444444444,y,x,z,-0.16178333513481627
91,-0.4166666666666666,0.5,0.0,0.006944444444444444,y,y,x,-1.084912109192948
91,-0.4166666666666666,0.5,0.0,0.006944444444444444,y,y,y,0.42075017026309974
91,-0.4166666666666666,0.5,0.0,0.006944444444444444,y,y,z,-0.029342416806096866
91,-0.4166666666666666,0.5,0.0,0.006944444444444444,y,z,x,0.4940467902624683
91,-0.4166666666666666,0.5,0.0,0.006944444444444444,y,z,y,0.2831032859622619
91,-0.4166666666666666,0.5,0.0,0.006944444444444444,y,z,z,-0.10445536762563082
91,-0.4166666666666666,0.5,0.0,0.006944444444444444,z,x,x,-0.31769567361997453
91,-0.4166666666666666,0.5,0.0,0.006944444444444444,z,x,y,0.9451016480664557
91,-0.4166666666666666,0.5,0.0,0.006944444444444444,z,x,z,0.20427420568921104
91,-0.4166666666666666,0.5,0.0,0.006944444444444444,z,y,x,-0.5823746040228397
91,-0.4166666666666666,0.5,0.0,0.006944444444444444,z,y,y,0.263466420115949
91,-0.4166666666666666,0.5,0.0,0.006944444444444444,z,y,z,-0.1122972835360137
91,-0.4166666666666666,0.5,0.0,0.006944444444444444,z,z,x,-0.3877393785465561
91,-0.4166666666666666,0.5,0.0,0.006944444444444444,z,z,y,0.5355518410185167
91,-0.4166666666666666,0.5,0.0,0.006944444444444444,z,z,z,-0.00024248153966086223
92,-0.4166666666666666,-0.4166666666666666,0.0,0.006944444444444444,x,x,x,0.059215163748993146
92,-0.4166666666666666,-0.4166666666666666,0.0,0.006944444444444444,x,x,y,2.217084372476746
92,-0.4166666666666666,-0.4166666666666666,0.0,0.006944444444444444,x,x,z,0.4379424758010492
92,-0.4166666666666666,-0.4166666666666666,0.0,0.006944444444444444,x,y,x,-1.7219240707304102
92,-0.4166666666666666,-0.4166666666666666,0.0,0.006944444444444444,x,y,y,-0.7904025275133901
92,-0.4166666666666666,-0.4166666666666666,0.0,0.006944444444444444,x,y,z,-0.5696688369596782
92,-0.4166666666666666,-0.4166666666666666,0.0,0.006944444444444444,x,z,x,-0.6963860464775319
92,-0.4166666666666666,-0.4166666666666666,0.0,0.006944444444444444,x,z,y,0.451195743364361
92,-0.4166666666666666,-0.4166666666666666,0.0,0.006944444444444444,x,z,z,0.08832945089518444
92,-0.4166666666666666,-0.4166666666666666,0.0,0.006944444444444444,y,x,x,0.3856458080015022
92,-0.4166666666666666,-0.4166666666666666,0.0,0.006944444444444444,y,x,y,0.4264049269739999
92,-0.4166666666666666,-0.4166666666666666,0.0,0.006944444444444444,y,x,z,0.06397855017450277
92,-0.4166666666666666,-0.4166666666666666,0.0,0.006944444444444444,y,y,x,-1.8477860461979794
92,-0.4166666666666666,-0.4166666666666666,0.0,0.006944444444444444,y,y,y,0.8808099102154858
92,-0.4166666666666666,-0.4166666666666666,0.0,0.006944444444444444,y,y,z,-0.437947569189873
92,-0.4166666666666666,-0.4166666666666666,0.0,0.006944444444444444,y,z,x,0.35291920602297117
92,-0.4166666666666666,-0.4166666666666666,0.0,0.006944444444444444,y,z,y,0.6963906505270828
92,-0.4166666666666666,-0.4166666666666666,0.0,0.006944444444444444,y,z,z,-0.1529926480410067
92,-0.4166666666666666,-0.4166666666666666,0.0,0.006944444444444444,z,x,x,-0.5157093735254583
92,-0.4166666666666666,-0.4166666666666666,0.0,0.006944444444444444,z,x,y,1.0664656176464775
92,-0.4166666666666666,-0.4166666666666666,0.0,0.006944444444444444,z,x,z,0.6293404757747019
92,-0.4166666666666666,-0.4166666666666666,0.0,0.006944444444444444,z,y,x,-0.4709743594246985
92,-0.4166666666666666,-0.4166666666666666,0.0,0.006944444444444444,z,y,y,0.5157094202838112
92,-0.4166666666666666,-0.4166666666666666,0.0,0.006944444444444444,z,y,z,-1.0900519111840332
92,-0.4166666666666666,-0.4166666666666666,0.0,0.006944444444444444,z,z,x,-0.8424866573915852
92,-0.4166666666666666,-0.4166666666666666,0.0,0.006944444444444444,z,z,y,1.4592329047251993
92,-0.4166666666666666,-0.4166666666666666,0.0,0.006944444444444444,z,z,z,1.1279898418244294e-06
93,-0.4166666666666666,-0.3333333333333334,0.0,0.006944444444444444,x,x,x,0.0077671466830766586
93,-0.4166666666666666,-0.3333333333333334,0.0,0.006944444444444444,x,x,y,0.7377784589232453
93,-0.4166666666666666,-0.3333333333333334,0.0,0.006944444444444444,x,x,z,-0.08169029027404529
93,-0.4166666666666666,-0.3333333333333334,0.0,0.006944444444444444,x,y,x,-0.490471293441359
93,-0.4166666666666666,-0.3333333333333334,0.0,0.006944444444444444,x,y,y,-0.5519557719949059
93,-0.4166666666666666,-0.3333333333333334,0.0,0.006944444444444444,x,y,z,0.09489125166734214
93,-0.4166666666666666,-0.3333333333333334,0.0,0.006944444444444444,x,z,x,-0.21967382235344515
93,-0.4166666666666666,-0.3333333333333334,0.0,0.006944444444444444,x,z,y,0.04274791951721119
93,-0.4166666666666666,-0.3333333333333334,0.0,0.006944444444444444,x,z,z,0.016237915136908733
93,-0.4166666666666666,-0.3333333333333334,0.0,0.006944444444444444,y,x,x,-0.15527999435688622
93,-0.4166666666666666,-0.3333333333333334,0.0,0.006944444444444444,y,x,y,0.447408905490468
93,-0.4166666666666666,-0.3333333333333334,0.0,0.006944444444444444,y,x,z,-0.21854576137778106
93,-0.4166666666666666,-0.3333333333333334,0.0,0.006944444444444444,y,y,x,-1.1465159476092843
93,-0.4166666666666666,-0.3333333333333334,0.0,0.006944444444444444,y,y,y,0.7548284589501004
93,-0.4166666666666666,-0.3333333333333334,0.0,0.006944444444444444,y,y,z,-0.3389227016908934
93,-0.4166666666666666,-0.3333333333333334,0.0,0.006944444444444444,y,z,x,0.7104479675256521
93,-0.4166666666666666,-0.3333333333333334,0.0,0.006944444444444444,y,z,y,0.556184419874181
93,-0.4166666666666666,-0.3333333333333334,0.0,0.006944444444444444,y,z,z,-0.055706063738050725
93,-0.4166666666666666,-0.3333333333333334,0.0,0.006944444444444444,z,x,x,-0.2279564799744454
93,-0.4166666666666666,-0.3333333333333334,0.0,0.006944444444444444,z,x,y,0.3060712687263353
93,-0.4166666666666666,-0.3333333333333334,0.0,0.006944444444444444,z,x,z,-0.24073708670279775
93,-0.4166666666666666,-0.3333333333333334,0.0,0.006944444444444444,z,y,x,0.012533416784915003
93,-0.4166666666666666,-0.3333333333333334,0.0,0.006944444444444444,z,y,y,0.4260551297505449
93,-0.4166666666666666,-0.3333333333333334,0.0,0.006944444444444444,z,y,z,-0.43762564541177756
93,-0.4166666666666666,-0.3333333333333334,0.0,0.006944444444444444,z,z,x,-0.12497376431671281
93,-0.4166666666666666,-0.3333333333333334,0.0,0.006944444444444444,z,z,y,0.6838802805064919
93,-0.4166666666666666,-0.3333333333333334,0.0,0.006944444444444444,z,z,z,-0.011221690196222323
94,-0.4166666666666666,-0.25,0.0,0.006944444444444444,x,x,x,-0.10686961299216519
94,-0.4166666666666666,-0.25,0.0,0.006944444444444444,x,x,y,0.2104584794464118
94,-0.4166666666666666,-0.25,0.0,0.006944444444444444,x,x,z,-0.1093083858528068
94,-0.4166666666666666,-0.25,0.0,0.006944444444444444,x,y,x,-0.1446509522977199
94,-0.4166666666666666,-0.25,0.0,0.006944444444444444,x,y,y,-0.15464009746148166
94,-0.4166666666666666,-0.25,0.0,0.006944444444444444,x,y,z,0.7878792486197254
94,-0.4166666666666666,-0.25,0.0,0.006944444444444444,x,z,x,-0.009736435614198218
94,-0.4166666666666666,-0.25,0.0,0.006944444444444444,x,z,y,-0.5727643512418776
94,-0.4166666666666666,-0.25,0.0,0.006944444444444444,x,z,z,-0.027886021725186828
94,-0.4166666666666666,-0.25,0.0,0.006944444444444444,y,x,x,-0.10445494948483322
94,-0.4166666666666666,-0.25,0.0,0.006944444444444444,y,x,y,0.3172924738014918
94,-0.4166666666666666,-0.25,0.0,0.006944444444444444,y,x,z,-0.5606478757274118
94,-0.4166666666666666,-0.25,0.0,0.006944444444444444,y,y,x,-0.7713345373021578
94,-0.4166666666666666,-0.25,0.0,0.006944444444444444,y,y,y,0.1922557207662058
94,-0.4166666666666666,-0.25,0.0,0.006944444444444444,y,y,z,-0.06929041794559572
94,-0.4166666666666666,-0.25,0.0,0.006944444444444444,y,z,x,0.9382658810990026
94,-0.4166666666666666,-0.25,0.0,0.006944444444444444,y,z,y,0.16284966274469218
94,-0.4166666666666666,-0.25,0.0,0.006944444444444444,y,z,z,-0.002297653392793842
94,-0.4166666666666666,-0.25,0.0,0.006944444444444444,z,x,x,-0.04064482247739403
94,-0.4166666666666666,-0.25,0.0,0.006944444444444444,z,x,y,0.44540308872764467
94,-0.4166666666666666,-0.25,0.0,0.006944444444444444,z,x,z,-0.6032931579546857
94,-0.4166666666666666,-0.25,0.0,0.006944444444444444,z,y,x,-0.16866808737931382
94,-0.4166666666666666,-0.25,0.0,0.006944444444444444,z,y,y,0.16895006434650164
94,-0.4166666666666666,-0.25,0.0,0.006944444444444444,z,y,z,-0.048209639465797816
94,-0.4166666666666666,-0.25,0.0,0.006944444444444444,z,z,x,0.2561066311237802
94,-0.4166666666666666,-0.25,0.0,0.006944444444444444,z,z,y,0.1264616117798486
94,-0.4166666666666666,-0.25,0.0,0.006944444444444444,z,z,z,-0.010801532724626507
95,-0.4166666666666666,-0.1666666666666666,0.0,0.006944444444444444,x,x,x,-0.10686892479550586
95,-0.4166666666666666,-0.1666666666666666,0.0,0.006944444444444444,x,x,y,-0.2104540398581491
95,-0.4166666666666666,-0.1666666666666666,0.0,0.006944444444444444,x,x,z,0.10930458206926964
95,-0.4166666666666666,-0.1666666666666666,0.0,0.006944444444444444,x,y,x,0.14464708149481417
95,-0.4166666666666666,-0.1666666666666666,0.0,0.006944444444444444,x,y,y,-0.15464102623326534
95,-0.4166666666666666,-0.1666666666666666,0.0,0.006944444444444444,x,y,z,0.7878786657705397
95,-0.4166666666666666,-0.1666666666666666,0.0,0.006944444444444444,x,z,x,0.009741054808378464
95,-0.4166666666666666,-0.1666666666666666,0.0,0.006944444444444444,x,z,y,-0.572764066583478
95,-0.4166666666666666,-0.1666666666666666,0.0,0.006944444444444444,x,z,z,-0.027885978063018863
95,-0.4166666666666666,-0.1666666666666666,0.0,0.006944444444444444,y,x,x,0.10445734004188093
95,-0.4166666666666666,-0.1666666666666666,0.0,0.006944444444444444,y,x,y,0.31729308608186557
95,-0.4166666666666666,-0.1666666666666666,0.0,0.006944444444444444,y,x,z,-0.5606476717512752
95,-0.4166666666666666,-0.1666666666666666,0.0,0.006944444444444444,y,y,x,-0.7713340210162379
95,-0.4166666666666666,-0.1666666666666666,0.0,0.006944444444444444,y,y,y,-0.19225626653055153
95,-0.4166666666666666,-0.1666666666666666,0.0,0.006944444444444444,y,y,z,0.06929179255493538
95,-0.4166666666666666,-0.1666666666666666,0.0,0.006944444444444444,y,z,x,0.9382654562716845
95,-0.4166666666666666,-0.1666666666666666,0.0,0.006944444444444444,y,z,y,-0.1628529416994347
95,-0.4166666666666666,-0.1666666666666666,0.0,0.006944444444444444,y,z,z,0.002297707278287912
95,-0.4166666666666666,-0.1666666666666666,0.0,0.006944444444444444,z,x,x,0.04064554143697477
95,-0.4166666666666666,-0.1666666666666666,0.0,0.006944444444444444,z,x,y,0.44540205413743617
95,-0.4166666666666666,-0.1666666666666666,0.0,0.006944444444444444,z,x,z,-0.6032928197390397
95,-0.4166666666666666,-0.1666666666666666,0.0,0.006944444444444444,z,y,x,-0.16866788746067002
95,-0.4166666666666666,-0.1666666666666666,0.0,0.006944444444444444,z,y,y,-0.16895029020030872
95,-0.4166666666666666,-0.1666666666666666,0.0,0.006944444444444444,z,y,z,0.04820902086285135
95,-0.4166666666666666,-0.1666666666666666,0.0,0.006944444444444444,z,z,x,0.2561069740046729
95,-0.4166666666666666,-0.1666666666666666,0.0,0.006944444444444444,z,z,y,-0.12646193455693452
95,-0.4166666666666666,-0.1666666666666666,0.0,0.006944444444444444,z,z,z,0.010801585573961771
96,-0.4166666666666666,-0.0833333333333334,0.0,0.006944444444444444,x,x,x,0.007768003879502101
96,-0.4166666666666666,-0.0833333333333334,0.0,0.006944444444444444,x,x,y,-0.7377719801032613
96,-0.4166666666666666,-0.0833333333333334,0.0,0.006944444444444444,x,x,z,0.0816880596881651
96,-0.4166666666666666,-0.0833333333333334,0.0,0.006944444444444444,x,y,x,0.4904650338028507
96,-0.4166666666666666,-0.0833333333333334,0.0,0.006944444444444444,x,y,y,-0.5519566265478392
96,-0.4166666666666666,-0.0833333333333334,0.0,0.006944444444444444,x,y,z,0.09489462606886476
96,-0.4166666666666666,-0.0833333333333334,0.0,0.006944444444444444,x,z,x,0.2196766856530229
96,-0.4166666666666666,-0.0833333333333334,0.0,0.006944444444444444,x,z,y,0.042744590826985604
96,-0.4166666666666666,-0.0833333333333334,0.0,0.006944444444444444,x,z,z,0.01623807470290089
96,-0.4166666666666666,-0.0833333333333334,0.0,0.006944444444444444,y,x,x,0.155281900321287
96,-0.4166666666666666,-0.0833333333333334,0.0,0.006944444444444444,y,x,y,0.44741099305110743
96,-0.4166666666666666,-0.0833333333333334,0.0,0.006944444444444444,y,x,z,-0.21854645349100915
96,-0.4166666666666666,-0.0833333333333334,0.0,0.006944444444444444,y,y,x,-1.1465139758929037
96,-0.4166666666666666,-0.0833333333333334,0.0,0.006944444444444444,y,y,y,-0.7548274161119696
96,-0.4166666666666666,-0.0833333333333334,0.0,0.006944444444444444,y,y,z,0.3389221011195126
96,-0.4166666666666666,-0.0833333333333334,0.0,0.006944444444444444,y,z,x,0.7104474123445739
96,-0.4166666666666666,-0.0833333333333334,0.0,0.006944444444444444,y,z,y,-0.556184506116849
96,-0.4166666666666666,-0.0833333333333334,0.0,0.006944444444444444,y,z,z,0.05570627732464667
96,-0.4166666666666666,-0.0833333333333334,0.0,0.006944444444444444,z,x,x,0.2279560808095901
96,-0.4166666666666666,-0.0833333333333334,0.0,0.006944444444444444,z,x,y,0.30606663419112773
96,-0.4166666666666666,-0.0833333333333334,0.0,0.006944444444444444,z,x,z,-0.24073733336371816
96,-0.4166666666666666,-0.0833333333333334,0.0,0.006944444444444444,z,y,x,0.012535181890305211
96,-0.4166666666666666,-0.0833333333333334,0.0,0.006944444444444444,z,y,y,-0.4260541240821981
96,-0.4166666666666666,-0.0833333333333334,0.0,0.006944444444444444,z,y,z,0.4376241296135372
96,-0.4166666666666666,-0.0833333333333334,0.0,0.006944444444444444,z,z,x,-0.12497127840221287
96,-0.4166666666666666,-0.0833333333333334,0.0,0.006944444444444444,z,z,y,-0.683879151079194
96,-0.4166666666666666,-0.0833333333333334,0.0,0.006944444444444444,z,z,z,0.011221426883158555
97,-0.3333333333333334,0.0,0.0,0.006944444444444444,x,x,x,-0.04403837519084384
97,-0.3333333333333334,0.0,0.0,0.006944444444444444,x,x,y,0.9021949547988528
97,-0.3333333333333334,0.0,0.0,0.006944444444444444,x,x,z,-0.8455691119992645
97,-0.3333333333333334,0.0,0.0,0.006944444444444444,x,y,x,-2.177114354147973
97,-0.3333333333333334,0.0,0.0,0.006944444444444444,x,y,y,-0.8501343347452168
97,-0.3333333333333334,0.0,0.0,0.006944444444444444,x,y,z,-1.2269628727535167
97,-0.3333333333333334,0.0,0.0,0.006944444444444444,x,z,x,1.3893260508154277
97,-0.3333333333333334,0.0,0.0,0.006944444444444444,x,z,y,1.5117333953019496
97,-0.3333333333333334,0.0,0.0,0.006944444444444444,x,z,z,0.010467121871967314
97,-0.3333333333333334,0.0,0.0,0.006944444444444444,y,x,x,-0.13690904187573827
97,-0.3333333333333334,0.0,0.0,0.006944444444444444,y,x,y,-2.028046887788914
97,-0.3333333333333334,0.0,0.0,0.006944444444444444,y,x,z,0.2505601504874287
97,-0.3333333333333334,0.0,0.0,0.006944444444444444,y,y,x,-0.25017594947439964
97,-0.3333333333333334,0.0,0.0,0.006944444444444444,y,y,y,-1.411808169038787
97,-0.3333333333333334,0.0,0.0,0.006944444444444444,y,y,z,0.8455297685109159
97,-0.3333333333333334,0.0,0.0,0.006944444444444444,y,z,x,0.09254205017747366
97,-0.3333333333333334,0.0,0.0,0.006944444444444444,y,z,y,-1.3892829544977887
97,-0.3333333333333334,0.0,0.0,0.006944444444444444,y,z,z,0.01811480030814551
97,-0.3333333333333334,0.0,0.0,0.006944444444444444,z,x,x,0.5290391142864471
97,-0.3333333333333334,0.0,0.0,0.006944444444444444,z,x,y,-1.7522954417519574
97,-0.3333333333333334,0.0,0.0,0.006944444444444444,z,x,z,0.794384520024753
97,-0.3333333333333334,0.0,0.0,0.006944444444444444,z,y,x,2.3631693604188837
97,-0.3333333333333334,0.0,0.0,0.006944444444444444,z,y,y,-0.529051260393221
97,-0.3333333333333334,0.0,0.0,0.006944444444444444,z,y,z,1.375895039468109
97,-0.3333333333333334,0.0,0.0,0.006944444444444444,z,z,x,-0.8296942257602725
97,-0.3333333333333334,0.0,0.0,0.006944444444444444,z,z,y,-1.4370624994455927
97,-0.3333333333333334,0.0,0.0,0.006944444444444444,z,z,z,9.573948296034726e-06
98,-0.3333333333333334,0.0833333333333333,0.0,0.006944444444444444,x,x,x,-0.04202491672103467
98,-0.3333333333333334,0.0833333333333333,0.0,0.006944444444444444,x,x,y,-1.3378040119125056
98,-0.3333333333333334,0.0833333333333333,0.0,0.006944444444444444,x,x,z,-0.3281674581883725
98,-0.3333333333333334,0.0833333333333333,0.0,0.006944444444444444,x,y,x,0.6566898356171181
98,-0.3333333333333334,0.0833333333333333,0.0,0.006944444444444444,x,y,y,-0.2051068431019019
98,-0.3333333333333334,0.0833333333333333,0.0,0.006944444444444444,x,y,z,0.07623339191054758
98,-0.3333333333333334,0.0833333333333333,0.0,0.006944444444444444,x,z,x,0.6883750507313541
98,-0.3333333333333334,0.0833333333333333,0.0,0.006944444444444444,x,z,y,-0.18617875748001247
98,-0.3333333333333334,0.0833333333333333,0.0,0.006944444444444444,x,z,z,0.04012492465049905
98,-0.3333333333333334,0.0833333333333333,0.0,0.006944444444444444,y,x,x,-0.37637386366399833
98,-0.3333333333333334,0.0833333333333333,0.0,0.006944444444444444,y,x,y,-0.4145120794932326
98,-0.3333333333333334,0.0833333333333333,0.0,0.006944444444444444,y,x,z,-0.2371968103834884
98,-0.3333333333333334,0.0833333333333333,0.0,0.006944444444444444,y,y,x,-0.6812291961964319
98,-0.3333333333333334,0.0833333333333333,0.0,0.006944444444444444,y,y,y,-0.3946767941496815
98,-0.3333333333333334,0.0833333333333333,0.0,0.006944444444444444,y,y,z,-0.09245862705821209
98,-0.3333333333333334,0.0833333333333333,0.0,0.006944444444444444,y,z,x,0.48151523620974135
98,-0.3333333333333334,0.0833333333333333,0.0,0.006944444444444444,y,z,y,-0.35184928982764585
98,-0.3333333333333334,0.0833333333333333,0.0,0.006944444444444444,y,z,z,0.04191149574709709
98,-0.3333333333333334,0.0833333333333333,0.0,0.006944444444444444,z,x,x,0.4005135234525946
98,-0.3333333333333334,0.0833333333333333,0.0,0.006944444444444444,z,x,y,0.3503050620091767
98,-0.3333333333333334,0.0833333333333333,0.0,0.006944444444444444,z,x,z,0.49938242688597456
98,-0.3333333333333334,0.0833333333333333,0.0,0.006944444444444444,z,y,x,0.056783221125370716
98,-0.3333333333333334,0.0833333333333333,0.0,0.006944444444444444,z,y,y,-0.20241378236783056
98,-0.3333333333333334,0.0833333333333333,0.0,0.006944444444444444,z,y,z,0.010345194355832886
98,-0.3333333333333334,0.0833333333333333,0.0,0.006944444444444444,z,z,x,-0.5297886447562553
98,-0.3333333333333334,0.0833333333333333,0.0,0.006944444444444444,z,z,y,-0.45018732798635946
98,-0.3333333333333334,0.0833333333333333,0.0,0.006944444444444444,z,z,z,-0.011217640005908426
99,-0.3333333333333334,0.1666666666666667,0.0,0.006944444444444444,x,x,x,0.060551049159931376
99,-0.3333333333333334,0.1666666666666667,0.0,0.006944444444444444,x,x,y,-0.7283325698657923
99,-0.3333333333333334,0.1666666666666667,0.0,0.006944444444444444,x,x,z,-0.005784197142641783
99,-0.3333333333333334,0.1666666666666667,0.0,0.006944444444444444,x,y,x,0.4306655162642408
99,-0.3333333333333334,0.1666666666666667,0.0,0.006944444444444444,x,y,y,-0.16638846640819346
99,-0.3333333333333334,0.1666666666666667,0.0,0.006944444444444444,x,y,z,0.4583790292691323
99,-0.3333333333333334,0.1666666666666667,0.0,0.006944444444444444,x,z,x,0.26376924670482
99,-0.3333333333333334,0.1666666666666667,0.0,0.006944444444444444,x,z,y,-0.6250192684191774
99,-0.3333333333333334,0.1666666666666667,0.0,0.006944444444444444,x,z,z,0.02850260862649736
99,-0.3333333333333334,0.1666666666666667,0.0,0.006944444444444444,y,x,x,-0.1092747748867804
99,-0.3333333333333334,0.1666666666666667,0.0,0.006944444444444444,y,x,y,-0.015883519925161176
99,-0.3333333333333334,0.1666666666666667,0.0,0.006944444444444444,y,x,z,-0.431290127776308
99,-0.3333333333333334,0.1666666666666667,0.0,0.006944444444444444,y,y,x,-0.39806717816293996
99,-0.3333333333333334,0.1666666666666667,0.0,0.006944444444444444,y,y,y,-0.21978830584853015
99,-0.3333333333333334,0.1666666666666667,0.0,0.006944444444444444,y,y,z,-0.1449252958603853
99,-0.3333333333333334,0.1666666666666667,0.0,0.006944444444444444,y,z,x,0.6741411035934735
99,-0.3333333333333334,0.1666666666666667,0.0,0.006944444444444444,y,z,y,-0.12343650522525193
99,-0.3333333333333334,0.1666666666666667,0.0,0.006944444444444444,y,z,z,0.008449547269288168
99,-0.3333333333333334,0.1666666666666667,0.0,0.006944444444444444,z,x,x,0.2163066801040803
99,-0.3333333333333334,0.1666666666666667,0.0,0.006944444444444444,z,x,y,0.6836576058437793
99,-0.3333333333333334,0.1666666666666667,0.0,0.006944444444444444,z,x,z,0.10220783056770814
99,-0.3333333333333334,0.1666666666666667,0.0,0.006944444444444444,z,y,x,-0.5453987184986647
99,-0.3333333333333334,0.1666666666666667,0.0,0.006944444444444444,z,y,y,-0.1445910614996831
99,-0.3333333333333334,0.1666666666666667,0.0,0.006944444444444444,z,y,z,-0.38977835100393743
99,-0.3333333333333334,0.1666666666666667,0.0,0.006944444444444444,z,z,x,-0.15856597812862733
99,-0.3333333333333334,0.1666666666666667,0.0,0.006944444444444444,z,z,y,0.07244962757842978
99,-0.3333333333333334,0.1666666666666667,0.0,0.006944444444444444,z,z,z,-0.005542127454547342
100,-0.3333333333333334,0.25,0.0,0.006944444444444444,x,x,x,0.12754365426578046
100,-0.3333333333333334,0.25,0.0,0.006944444444444444,x,x,y,-0.30225068472972544
100,-0.3333333333333334,0.25,0.0,0.006944444444444444,x,x,z,0.0459644884469805
100,-0.3333333333333334,0.25,0.0,0.006944444444444444,x,y,x,0.1713084495150852
100,-0.3333333333333334,0.25,0.0,0.006944444444444444,x,y,y,-0.17493108232658844
100,-0.3333333333333334,0.25,0.0,0.006944444444444444,x,y,z,0.503865837406037
100,-0.3333333333333334,0.25,0.0,0.006944444444444444,x,z,x,0.08032889017415032
100,-0.3333333333333334,0.25,0.0,0.006944444444444444,x,z,y,-0.7631968028811011
100,-0.3333333333333334,0.25,0.0,0.006944444444444444,x,z,z,0.010426503805813156
100,-0.3333333333333334,0.25,0.0,0.006944444444444444,y,x,x,-0.013432124834135889
100,-0.3333333333333334,0.25,0.0,0.006944444444444444,y,x,y,-0.09122220507299142
100,-0.3333333333333334,0.25,0.0,0.006944444444444444,y,x,z,-0.4939158876850769
100,-0.3333333333333334,0.25,0.0,0.006944444444444444,y,y,x,-0.24072542984890982
100,-0.3333333333333334,0.25,0.0,0.006944444444444444,y,y,y,-0.12931748458946618
100,-0.3333333333333334,0.25,0.0,0.006944444444444444,y,y,z,-0.06638186442329162
100,-0.3333333333333334,0.25,0.0,0.006944444444444444,y,z,x,0.7859879925984604
100,-0.3333333333333334,0.25,0.0,0.006944444444444444,y,z,y,-0.05901203238792156
100,-0.3333333333333334,0.25,0.0,0.006944444444444444,y,z,z,0.0029477876645918055
100,-0.3333333333333334,0.25,0.0,0.006944444444444444,z,x,x,0.10372426668293853
100,-0.3333333333333334,0.25,0.0,0.006944444444444444,z,x,y,0.8759407185540508
100,-0.3333333333333334,0.25,0.0,0.006944444444444444,z,x,z,0.002492604744356642
100,-0.3333333333333334,0.25,0.0,0.006944444444444444,z,y,x,-0.8499420301667241
100,-0.3333333333333334,0.25,0.0,0.006944444444444444,z,y,y,-0.09539433316878969
100,-0.3333333333333334,0.25,0.0,0.006944444444444444,z,y,z,-0.2808285882048476
100,-0.3333333333333334,0.25,0.0,0.006944444444444444,z,z,x,-0.03008607568187335
100,-0.3333333333333334,0.25,0.0,0.006944444444444444,z,z,y,0.11061509936185228
100,-0.3333333333333334,0.25,0.0,0.006944444444444444,z,z,z,-0.00012265376433200504
101,-0.3333333333333334,0.3333333333333333,0.0,0.006944444444444444,x,x,x,0.16942268854411457
101,-0.3333333333333334,0.3333333333333333,0.0,0.006944444444444444,x,x,y,-1.4503772816933623e-07
101,-0.3333333333333334,0.3333333333333333,0.0,0.006944444444444444,x,x,z,-5.161791120522306e-07
101,-0.3333333333333334,0.3333333333333333,0.0,0.006944444444444444,x,y,x,-5.110642244928799e-07
101,-0.3333333333333334,0.3333333333333333,0.0,0.006944444444444444,x,y,y,-0.16941719148852175
101,-0.3333333333333334,0.3333333333333333,0.0,0.006944444444444444,x,y,z,0.5221472432230573
101,-0.3333333333333334,0.3333333333333333,0.0,0.006944444444444444,x,z,x,1.1205602755252637e-06
101,-0.3333333333333334,0.3333333333333333,0.0,0.006944444444444444,x,z,y,-0.839728762695786
101,-0.3333333333333334,0.3333333333333333,0.0,0.006944444444444444,x,z,z,-1.8612079281450955e-06
101,-0.3333333333333334,0.3333333333333333,0.0,0.006944444444444444,y,x,x,1.1716914156590535e-07
101,-0.3333333333333334,0.3333333333333333,0.0,0.006944444444444444,y,x,y,-0.16943251297338327
101,-0.3333333333333334,0.3333333333333333,0.0,0.006944444444444444,y,x,z,-0.5221540807857341
101,-0.3333333333333334,0.3333333333333333,0.0,0.006944444444444444,y,y,x,-0.169411238879691
101,-0.3333333333333334,0.3333333333333333,0.0,0.006944444444444444,y,y,y,-5.388807629229766e-07
101,-0.3333333333333334,0.3333333333333333,0.0,0.006944444444444444,y,y,z,5.162626523572017e-07
101,-0.3333333333333334,0.3333333333333333,0.0,0.006944444444444444,y,z,x,0.8397338471066536
101,-0.3333333333333334,0.3333333333333333,0.0,0.006944444444444444,y,z,y,-1.1206181407235737e-06
101,-0.3333333333333334,0.3333333333333333,0.0,0.006944444444444444,y,z,z,-2.280232763939999e-08
101,-0.3333333333333334,0.3333333333333333,0.0,0.006944444444444444,z,x,x,1.3237633663320744e-07
101,-0.3333333333333334,0.3333333333333333,0.0,0.006944444444444444,z,x,y,1.003011998562067
101,-0.3333333333333334,0.3333333333333333,0.0,0.006944444444444444,z,x,z,1.7005122347325333e-05
101,-0.3333333333333334,0.3333333333333333,0.0,0.006944444444444444,z,y,x,-1.0030166916307626
101,-0.3333333333333334,0.3333333333333333,0.0,0.006944444444444444,z,y,y,-1.3240268323952767e-07
101,-0.3333333333333334,0.3333333333333333,0.0,0.006944444444444444,z,y,z,-2.9640035281161674e-07
101,-0.3333333333333334,0.3333333333333333,0.0,0.006944444444444444,z,z,x,-1.6041649875563287e-05
101,-0.3333333333333334,0.3333333333333333,0.0,0.006944444444444444,z,z,y,-5.888926169566683e-07
101,-0.3333333333333334,0.3333333333333333,0.0,0.006944444444444444,z,z,z,-3.824209953634491e-12
102,-0.3333333333333334,0.4166666666666667,0.0,0.006944444444444444,x,x,x,0.12754401514902405
102,-0.3333333333333334,0.4166666666666667,0.0,0.006944444444444444,x,x,y,0.3022514808759663
102,-0.3333333333333334,0.4166666666666667,0.0,0.006944444444444444,x,x,z,-0.04596563273109978
102,-0.3333333333333334,0.4166666666666667,0.0,0.006944444444444444,x,y,x,-0.17131012244709232
102,-0.3333333333333334,0.4166666666666667,0.0,0.006944444444444444,x,y,y,-0.17493144813599354
102,-0.3333333333333334,0.4166666666666667,0.0,0.006944444444444444,x,y,z,0.503867135231801
102,-0.3333333333333334,0.4166666666666667,0.0,0.006944444444444444,x,z,x,-0.08032687992894588
102,-0.3333333333333334,0.4166666666666667,0.0,0.006944444444444444,x,z,y,-0.7631989755227692
102,-0.3333333333333334,0.4166666666666667,0.0,0.006944444444444444,x,z,z,0.010426245892156683
102,-0.3333333333333334,0.4166666666666667,0.0,0.006944444444444444,y,x,x,0.013432307744105438
102,-0.3333333333333334,0.4166666666666667,0.0,0.006944444444444444,y,x,y,-0.09122333252539581
102,-0.3333333333333334,0.4166666666666667,0.0,0.006944444444444444,y,x,z,-0.49391636507710074
102,-0.3333333333333334,0.4166666666666667,0.0,0.006944444444444444,y,y,x,-0.24072552186234508
102,-0.3333333333333334,0.4166666666666667,0.0,0.006944444444444444,y,y,y,0.12931687345248258
102,-0.3333333333333334,0.4166666666666667,0.0,0.006944444444444444,y,y,z,0.0663829583592862
102,-0.3333333333333334,0.4166666666666667,0.0,0.006944444444444444,y,z,x,0.785989268407378
102,-0.3333333333333334,0.4166666666666667,0.0,0.006944444444444444,y,z,y,0.05901011469097204
102,-0.3333333333333334,0.4166666666666667,0.0,0.006944444444444444,y,z,z,-0.0029478261730020755
102,-0.3333333333333334,0.4166666666666667,0.0,0.006944444444444444,z,x,x,-0.10372427942664063
102,-0.3333333333333334,0.4166666666666667,0.0,0.006944444444444444,z,x,y,0.8759442791277533
102,-0.3333333333333334,0.4166666666666667,0.0,0.006944444444444444,z,x,z,0.00249326340611693
102,-0.3333333333333334,0.4166666666666667,0.0,0.006944444444444444,z,y,x,-0.8499455486334149
102,-0.3333333333333334,0.4166666666666667,0.0,0.006944444444444444,z,y,y,0.09539433944026318
102,-0.3333333333333334,0.4166666666666667,0.0,0.006944444444444444,z,y,z,0.28082881652856273
102,-0.3333333333333334,0.4166666666666667,0.0,0.006944444444444444,z,z,x,-0.03008664428201117
102,-0.3333333333333334,0.4166666666666667,0.0,0.006944444444444444,z,z,y,-0.11061647319620545
102,-0.3333333333333334,0.4166666666666667,0.0,0.006944444444444444,z,z,z,0.00012264384733121607
103,-0.3333333333333334,0.5,0.0,0.006944444444444444,x,x,x,0.06055103409295896
103,-0.3333333333333334,0.5,0.0,0.006944444444444444,x,x,y,0.728334682051081
103,-0.3333333333333334,0.5,0.0,0.006944444444444444,x,x,z,0.005783466274299632
103,-0.3333333333333334,0.5,0.0,0.006944444444444444,x,y,x,-0.43066796087610587
103,-0.3333333333333334,0.5,0.0,0.006944444444444444,x,y,y,-0.16638887212023415
103,-0.3333333333333334,0.5,0.0,0.006944444444444444,x,y,z,0.45838051446623396
103,-0.3333333333333334,0.5,0.0,0.006944444444444444,x,z,x,-0.2637679021619297
103,-0.3333333333333334,0.5,0.0,0.006944444444444444,x,z,y,-0.6250213222622752
103,-0.3333333333333334,0.5,0.0,0.006944444444444444,x,z,z,0.02850228235267436
103,-0.3333333333333334,0.5,0.0,0.006944444444444444,y,x,x,0.10927507037809923
103,-0.3333333333333334,0.5,0.0,0.006944444444444444,y,x,y,-0.015885301095974327
103,-0.3333333333333334,0.5,0.0,0.006944444444444444,y,x,z,-0.4312902139095784
103,-0.3333333333333334,0.5,0.0,0.006944444444444444,y,y,x,-0.39806667799557033
103,-0.3333333333333334,0.5,0.0,0.006944444444444444,y,y,y,0.2197885835544046
103,-0.3333333333333334,0.5,0.0,0.006944444444444444,y,y,z,0.14492645490367786
103,-0.3333333333333334,0.5,0.0,0.006944444444444444,y,z,x,0.6741420854603593
103,-0.3333333333333334,0.5,0.0,0.006944444444444444,y,z,y,0.12343509496715745
103,-0.3333333333333334,0.5,0.0,0.006944444444444444,y,z,z,-0.008449555124557334
103,-0.3333333333333334,0.5,0.0,0.006944444444444444,z,x,x,-0.2163072491138294
103,-0.3333333333333334,0.5,0.0,0.006944444444444444,z,x,y,0.6836617842925159
103,-0.3333333333333334,0.5,0.0,0.006944444444444444,z,x,z,0.10220899457632854
103,-0.3333333333333334,0.5,0.0,0.006944444444444444,z,y,x,-0.5454030256610078
103,-0.3333333333333334,0.5,0.0,0.006944444444444444,z,y,y,0.1445912593505128
103,-0.3333333333333334,0.5,0.0,0.006944444444444444,z,y,z,0.3897799564164979
103,-0.3333333333333334,0.5,0.0,0.006944444444444444,z,z,x,-0.15856691990526664
103,-0.3333333333333334,0.5,0.0,0.006944444444444444,z,z,y,-0.07245164053818993
103,-0.3333333333333334,0.5,0.0,0.006944444444444444,z,z,z,0.005542189629406308
104,-0.3333333333333334,-0.4166666666666666,0.0,0.006944444444444444,x,x,x,-0.04202515675329823
104,-0.3333333333333334,-0.4166666666666666,0.0,0.006944444444444444,x,x,y,1.3378073989301886
104,-0.3333333333333334,-0.4166666666666666,0.0,0.006944444444444444,x,x,z,0.3281688879155797
104,-0.3333333333333334,-0.4166666666666666,0.0,0.006944444444444444,x,y,x,-0.6566946173110327
104,-0.3333333333333334,-0.4166666666666666,0.0,0.006944444444444444,x,y,y,-0.20510664043280025
104,-0.3333333333333334,-0.4166666666666666,0.0,0.006944444444444444,x,y,z,0.07623221062276782
104,-0.3333333333333334,-0.4166666666666666,0.0,0.006944444444444444,x,z,x,-0.6883751438361858
104,-0.3333333333333334,-0.4166666666666666,0.0,0.006944444444444444,x,z,y,-0.18617809300202914
104,-0.3333333333333334,-0.4166666666666666,0.0,0.006944444444444444,x,z,z,0.04012440572959465
104,-0.3333333333333334,-0.4166666666666666,0.0,0.006944444444444444,y,x,x,0.3763755604709954
104,-0.3333333333333334,-0.4166666666666666,0.0,0.006944444444444444,y,x,y,-0.41451736798627364
104,-0.3333333333333334,-0.4166666666666666,0.0,0.006944444444444444,y,x,z,-0.23719612292552344
104,-0.3333333333333334,-0.4166666666666666,0.0,0.006944444444444444,y,y,x,-0.681225010763694
104,-0.3333333333333334,-0.4166666666666666,0.0,0.006944444444444444,y,y,y,0.39467729440698046
104,-0.3333333333333334,-0.4166666666666666,0.0,0.006944444444444444,y,y,z,0.09245923467830684
104,-0.3333333333333334,-0.4166666666666666,0.0,0.006944444444444444,y,z,x,0.4815147745050037
104,-0.3333333333333334,-0.4166666666666666,0.0,0.006944444444444444,y,z,y,0.3518488583342567
104,-0.3333333333333334,-0.4166666666666666,0.0,0.006944444444444444,y,z,z,-0.04191139890447104
104,-0.3333333333333334,-0.4166666666666666,0.0,0.006944444444444444,z,x,x,-0.40051541624466075
104,-0.3333333333333334,-0.4166666666666666,0.0,0.006944444444444444,z,x,y,0.3503134201823524
104,-0.3333333333333334,-0.4166666666666666,0.0,0.006944444444444444,z,x,z,0.4993841937812872
104,-0.3333333333333334,-0.4166666666666666,0.0,0.006944444444444444,z,y,x,0.05677564308227821
104,-0.3333333333333334,-0.4166666666666666,0.0,0.006944444444444444,z,y,y,0.20241405850854127
104,-0.3333333333333334,-0.4166666666666666,0.0,0.006944444444444444,z,y,z,-0.01034208518849623
104,-0.3333333333333334,-0.4166666666666666,0.0,0.006944444444444444,z,z,x,-0.5297902433919395
104,-0.3333333333333334,-0.4166666666666666,0.0,0.006944444444444444,z,z,y,0.4501836610779831
104,-0.3333333333333334,-0.4166666666666666,0.0,0.006944444444444444,z,z,z,0.011217784424508529
105,-0.3333333333333334,-0.3333333333333334,0.0,0.006944444444444444,x,x,x,-0.044038517178091575
105,-0.3333333333333334,-0.3333333333333334,0.0,0.006944444444444444,x,x,y,-0.9021947707596514
105,-0.3333333333333334,-0.3333333333333334,0.0,0.006944444444444444,x,x,z,0.8455765568485447
105,-0.3333333333333334,-0.3333333333333334,0.0,0.006944444444444444,x,y,x,2.1771103274521417
105,-0.3333333333333334,-0.3333333333333334,0.0,0.006944444444444444,x,y,y,-0.8501327441432661
105,-0.3333333333333334,-0.3333333333333334,0.0,0.006944444444444444,x,y,z,-1.226977204578812
105,-0.3333333333333334,-0.3333333333333334,0.0,0.006944444444444444,x,z,x,-1.3893305986238604
105,-0.3333333333333334,-0.3333333333333334,0.0,0.006944444444444444,x,z,y,1.5117455959777921
105,-0.3333333333333334,-0.3333333333333334,0.0,0.006944444444444444,x,z,z,0.010466530699710984
105,-0.3333333333333334,-0.3333333333333334,0.0,0.006944444444444444,y,x,x,0.13691522229562517
105,-0.3333333333333334,-0.3333333333333334,0.0,0.006944444444444444,y,x,y,-2.02806155068324
105,-0.3333333333333334,-0.3333333333333334,0.0,0.006944444444444444,y,x,z,0.2505633690284896
105,-0.3333333333333334,-0.3333333333333334,0.0,0.006944444444444444,y,y,x,-0.2501689722878316
105,-0.3333333333333334,-0.3333333333333334,0.0,0.006944444444444444,y,y,y,1.4118092170508074
105,-0.3333333333333334,-0.3333333333333334,0.0,0.006944444444444444,y,y,z,-0.8455335006192222
105,-0.3333333333333334,-0.3333333333333334,0.0,0.006944444444444444,y,z,x,0.09253848412495824
105,-0.3333333333333334,-0.3333333333333334,0.0,0.006944444444444444,y,z,y,1.3892883236923066
105,-0.3333333333333334,-0.3333333333333334,0.0,0.006944444444444444,y,z,z,-0.018114569590214295
105,-0.3333333333333334,-0.3333333333333334,0.0,0.006944444444444444,z,x,x,-0.5290442731135765
105,-0.3333333333333334,-0.3333333333333334,0.0,0.006944444444444444,z,x,y,-1.75227845321933
105,-0.3333333333333334,-0.3333333333333334,0.0,0.006944444444444444,z,x,z,0.7943896208658283
105,-0.3333333333333334,-0.3333333333333334,0.0,0.006944444444444444,z,y,x,2.363162720359757
105,-0.3333333333333334,-0.3333333333333334,0.0,0.006944444444444444,z,y,y,0.5290533182975341
105,-0.3333333333333334,-0.3333333333333334,0.0,0.006944444444444444,z,y,z,-1.3758967285855337
105,-0.3333333333333334,-0.3333333333333334,0.0,0.006944444444444444,z,z,x,-0.8297000632055986
105,-0.3333333333333334,-0.3333333333333334,0.0,0.006944444444444444,z,z,y,1.437061633631458
105,-0.3333333333333334,-0.3333333333333334,0.0,0.006944444444444444,z,z,z,-9.841582622490716e-06
106,-0.3333333333333334,-0.25,0.0,0.006944444444444444,x,x,x,-0.02214434125799106
106,-0.3333333333333334,-0.25,0.0,0.006944444444444444,x,x,y,-1.3403571103565781
106,-0.3333333333333334,-0.25,0.0,0.006944444444444444,x,x,z,-0.04452801750216697
106,-0.3333333333333334,-0.25,0.0,0.006944444444444444,x,y,x,1.7170814951047313
106,-0.3333333333333334,-0.25,0.0,0.006944444444444444,x,y,y,-0.6303422861656475
106,-0.3333333333333334,-0.25,0.0,0.006944444444444444,x,y,z,0.3740863891993097
106,-0.3333333333333334,-0.25,0.0,0.006944444444444444,x,z,x,-0.3738041776448647
106,-0.3333333333333334,-0.25,0.0,0.006944444444444444,x,z,y,0.34753928466011585
106,-0.3333333333333334,-0.25,0.0,0.006944444444444444,x,z,z,-0.06876246853169413
106,-0.3333333333333334,-0.25,0.0,0.006944444444444444,y,x,x,-0.8065445573673301
106,-0.3333333333333334,-0.25,0.0,0.006944444444444444,y,x,y,0.4621069508795464
106,-0.3333333333333334,-0.25,0.0,0.006944444444444444,y,x,z,-0.40226232023330455
106,-0.3333333333333334,-0.25,0.0,0.006944444444444444,y,y,x,-0.5993128467562964
106,-0.3333333333333334,-0.25,0.0,0.006944444444444444,y,y,y,0.8754626297324644
106,-0.3333333333333334,-0.25,0.0,0.006944444444444444,y,y,z,-0.6086742866155453
106,-0.3333333333333334,-0.25,0.0,0.006944444444444444,y,z,x,0.5430832256904243
106,-0.3333333333333334,-0.25,0.0,0.006944444444444444,y,z,y,0.7437936941761053
106,-0.3333333333333334,-0.25,0.0,0.006944444444444444,y,z,z,0.06181997636866062
106,-0.3333333333333334,-0.25,0.0,0.006944444444444444,z,x,x,0.05142973792211161
106,-0.3333333333333334,-0.25,0.0,0.006944444444444444,z,x,y,-0.8862217514869837
106,-0.3333333333333334,-0.25,0.0,0.006944444444444444,z,x,z,-0.45378639693802925
106,-0.3333333333333334,-0.25,0.0,0.006944444444444444,z,y,x,1.1805997693417847
106,-0.3333333333333334,-0.25,0.0,0.006944444444444444,z,y,y,0.5486765517296407
106,-0.3333333333333334,-0.25,0.0,0.006944444444444444,z,y,z,-0.6483829146814843
106,-0.3333333333333334,-0.25,0.0,0.006944444444444444,z,z,x,0.13629350330019643
106,-0.3333333333333334,-0.25,0.0,0.006944444444444444,z,z,y,0.49910303131765477
106,-0.3333333333333334,-0.25,0.0,0.006944444444444444,z,z,z,-0.044110500975811415
107,-0.3333333333333334,-0.1666666666666666,0.0,0.006944444444444444,x,x,x,-0.1750786263909499
107,-0.3333333333333334,-0.1666666666666666,0.0,0.006944444444444444,x,x,y,3.939319550004483e-06
107,-0.3333333333333334,-0.1666666666666666,0.0,0.006944444444444444,x,x,z,-1.9164849207550805e-06
107,-0.3333333333333334,-0.1666666666666666,0.0,0.006944444444444444,x,y,x,-2.4846331946882056e-06
107,-0.3333333333333334,-0.1666666666666666,0.0,0.006944444444444444,x,y,y,-0.21155628671464297
107,-0.3333333333333334,-0.1666666666666666,0.0,0.006944444444444444,x,y,z,1.1221922318174933
107,-0.3333333333333334,-0.1666666666666666,0.0,0.006944444444444444,x,z,x,2.139462468350522e-06
107,-0.3333333333333334,-0.1666666666666666,0.0,0.006944444444444444,x,z,y,-0.5130039869784486
107,-0.3333333333333334,-0.1666666666666666,0.0,0.006944444444444444,x,z,z,-0.08534088246171
107,-0.3333333333333334,-0.1666666666666666,0.0,0.006944444444444444,y,x,x,2.123967784509195e-06
107,-0.3333333333333334,-0.1666666666666666,0.0,0.006944444444444444,y,x,y,0.8531521354491742
107,-0.3333333333333334,-0.1666666666666666,0.0,0.006944444444444444,y,x,z,-0.7507669022049647
107,-0.3333333333333334,-0.1666666666666666,0.0,0.006944444444444444,y,y,x,-0.7609895639792474
107,-0.3333333333333334,-0.1666666666666666,0.0,0.006944444444444444,y,y,y,6.481323027479448e-07
107,-0.3333333333333334,-0.1666666666666666,0.0,0.006944444444444444,y,y,z,1.1747984198961622e-06
107,-0.3333333333333334,-0.1666666666666666,0.0,0.006944444444444444,y,z,x,0.7227262659144029
107,-0.3333333333333334,-0.1666666666666666,0.0,0.006944444444444444,y,z,y,-2.4306660961944933e-06
107,-0.3333333333333334,-0.1666666666666666,0.0,0.006944444444444444,y,z,z,-1.474794652458778e-07
107,-0.3333333333333334,-0.1666666666666666,0.0,0.006944444444444444,z,x,x,1.2420966047191643e-06
107,-0.3333333333333334,-0.1666666666666666,0.0,0.006944444444444444,z,x,y,0.017640829792403386
107,-0.3333333333333334,-0.1666666666666666,0.0,0.006944444444444444,z,x,z,-0.6114214123501979
107,-0.3333333333333334,-0.1666666666666666,0.0,0.006944444444444444,z,y,x,0.2813590296037736
107,-0.3333333333333334,-0.1666666666666666,0.0,0.006944444444444444,z,y,y,-2.0316853633623504e-08
107,-0.3333333333333334,-0.1666666666666666,0.0,0.006944444444444444,z,y,z,-5.665437698648438e-07
107,-0.3333333333333334,-0.1666666666666666,0.0,0.006944444444444444,z,z,x,0.2442986648266443
107,-0.3333333333333334,-0.1666666666666666,0.0,0.006944444444444444,z,z,y,2.1514657718092511e-07
107,-0.3333333333333334,-0.1666666666666666,0.0,0.006944444444444444,z,z,z,1.753927630805403e-08
108,-0.3333333333333334,-0.0833333333333334,0.0,0.006944444444444444,x,x,x,-0.022141709792467035
108,-0.3333333333333334,-0.0833333333333334,0.0,0.006944444444444444,x,x,y,1.3403595751531454
108,-0.3333333333333334,-0.0833333333333334,0.0,0.006944444444444444,x,x,z,0.044525358679930994
108,-0.3333333333333334,-0.0833333333333334,0.0,0.006944444444444444,x,y,x,-1.7170831003274079
108,-0.3333333333333334,-0.0833333333333334,0.0,0.006944444444444444,x,y,y,-0.6303452299155509
108,-0.3333333333333334,-0.0833333333333334,0.0,0.006944444444444444,x,y,z,0.3740895326627742
108,-0.3333333333333334,-0.0833333333333334,0.0,0.006944444444444444,x,z,x,0.37380674238790734
108,-0.3333333333333334,-0.0833333333333334,0.0,0.006944444444444444,x,z,y,0.34753533658937447
108,-0.3333333333333334,-0.0833333333333334,0.0,0.006944444444444444,x,z,z,-0.06876250550430935
108,-0.3333333333333334,-0.0833333333333334,0.0,0.006944444444444444,y,x,x,0.8065466181175313
108,-0.3333333333333334,-0.0833333333333334,0.0,0.006944444444444444,y,x,y,0.4621060669388382
108,-0.3333333333333334,-0.0833333333333334,0.0,0.006944444444444444,y,x,z,-0.4022636659801135
108,-0.3333333333333334,-0.0833333333333334,0.0,0.006944444444444444,y,y,x,-0.5993120802602042
108,-0.3333333333333334,-0.0833333333333334,0.0,0.006944444444444444,y,y,y,-0.875461559447297
108,-0.3333333333333334,-0.0833333333333334,0.0,0.006944444444444444,y,y,z,0.6086740896170874
108,-0.3333333333333334,-0.0833333333333334,0.0,0.006944444444444444,y,z,x,0.5430838921479106
108,-0.3333333333333334,-0.0833333333333334,0.0,0.006944444444444444,y,z,y,-0.7437953486098476
108,-0.3333333333333334,-0.0833333333333334,0.0,0.006944444444444444,y,z,z,-0.06181985863547991
108,-0.3333333333333334,-0.0833333333333334,0.0,0.006944444444444444,z,x,x,-0.05142715799330689
108,-0.3333333333333334,-0.0833333333333334,0.0,0.006944444444444444,z,x,y,-0.8862261763240799
108,-0.3333333333333334,-0.0833333333333334,0.0,0.006944444444444444,z,x,z,-0.4537868568877264
108,-0.3333333333333334,-0.0833333333333334,0.0,0.006944444444444444,z,y,x,1.1805986503896584
108,-0.3333333333333334,-0.0833333333333334,0.0,0.006944444444444444,z,y,y,-0.5486749299730728
108,-0.3333333333333334,-0.0833333333333334,0.0,0.006944444444444444,z,y,z,0.648379252721571
108,-0.3333333333333334,-0.0833333333333334,0.0,0.006944444444444444,z,z,x,0.1362957067857999
108,-0.3333333333333334,-0.0833333333333334,0.0,0.006944444444444444,z,z,y,-0.4991014209902948
108,-0.3333333333333334,-0.0833333333333334,0.0,0.006944444444444444,z,z,z,0.044110245699559084
109,-0.25,0.0,0.0,0.006944444444444444,x,x,x,-0.17348288858295832
109,-0.25,0.0,0.0,0.006944444444444444,x,x,y,10.684720097360433
109,-0.25,0.0,0.0,0.006944444444444444,x,x,z,-1.6911935133586335
109,-0.25,0.0,0.0,0.006944444444444444,x,y,x,-12.426715726033274
109,-0.25,0.0,0.0,0.006944444444444444,x,y,y,0.625553754122516
109,-0.25,0.0,0.0,0.006944444444444444,x,y,z,-2.315025351016885
109,-0.25,0.0,0.0,0.006944444444444444,x,z,x,2.1993962786377157
109,-0.25,0.0,0.0,0.006944444444444444,x,z,y,4.288002393502224
109,-0.25,0.0,0.0,0.006944444444444444,x,z,z,-0.20909033370419655
109,-0.25,0.0,0.0,0.006944444444444444,y,x,x,1.2625039289072544
109,-0.25,0.0,0.0,0.006944444444444444,y,x,y,-7.277889994495771
109,-0.25,0.0,0.0,0.006944444444444444,y,x,z,0.36221253884658616
109,-0.25,0.0,0.0,0.006944444444444444,y,y,x,6.065461515102858
109,-0.25,0.0,0.0,0.006944444444444444,y,y,y,-0.4794867018718828
109,-0.25,0.0,0.0,0.006944444444444444,y,y,z,1.6912103728871681
109,-0.25,0.0,0.0,0.006944444444444444,y,z,x,-1.7483656416150501
109,-0.25,0.0,0.0,0.006944444444444444,y,z,y,-2.1994076477912308
109,-0.25,0.0,0.0,0.006944444444444444,y,z,z,-0.3621533127800754
109,-0.25,0.0,0.0,0.006944444444444444,z,x,x,-0.42222835619115434
109,-0.25,0.0,0.0,0.006944444444444444,z,x,y,-6.191597628120912
109,-0.25,0.0,0.0,0.006944444444444444,z,x,z,0.788801843324573
109,-0.25,0.0,0.0,0.006944444444444444,z,y,x,5.704020790056346
109,-0.25,0.0,0.0,0.006944444444444444,z,y,y,0.42223063153390317
109,-0.25,0.0,0.0,0.006944444444444444,z,y,z,1.366260024299791
109,-0.25,0.0,0.0,0.006944444444444444,z,z,x,0.3965750749291113
109,-0.25,0.0,0.0,0.006944444444444444,z,z,y,0.6868760793853088
109,-0.25,0.0,0.0,0.006944444444444444,z,z,z,-2.188962299680831e-06
110,-0.25,0.0833333333333333,0.0,0.006944444444444444,x,x,x,-0.18497832621619004
110,-0.25,0.0833333333333333,0.0,0.006944444444444444,x,x,y,-0.17694778322346308
110,-0.25,0.0833333333333333,0.0,0.006944444444444444,x,x,z,-0.4798250579351008
110,-0.25,0.0833333333333333,0.0,0.006944444444444444,x,y,x,-0.7864373914400627
110,-0.25,0.0833333333333333,0.0,0.006944444444444444,x,y,y,0.4515286848337997
110,-0.25,0.0833333333333333,0.0,0.006944444444444444,x,y,z,0.15094688602682194
110,-0.25,0.0833333333333333,0.0,0.006944444444444444,x,z,x,0.850036253037802
110,-0.25,0.0833333333333333,0.0,0.006944444444444444,x,z,y,0.16350008383859987
110,-0.25,0.0833333333333333,0.0,0.006944444444444444,x,z,z,-0.01915248990488467
110,-0.25,0.0833333333333333,0.0,0.006944444444444444,y,x,x,-0.4707212424876546
110,-0.25,0.0833333333333333,0.0,0.006944444444444444,y,x,y,-2.2802191374823475
110,-0.25,0.0833333333333333,0.0,0.006944444444444444,y,x,z,-0.6254338285225556
110,-0.25,0.0833333333333333,0.0,0.006944444444444444,y,y,x,0.8983054941211336
110,-0.25,0.0833333333333333,0.0,0.006944444444444444,y,y,y,-0.12881007290613813
110,-0.25,0.0833333333333333,0.0,0.006944444444444444,y,y,z,-0.1733794307587405
110,-0.25,0.0833333333333333,0.0,0.006944444444444444,y,z,x,0.35906799295717723
110,-0.25,0.0833333333333333,0.0,0.006944444444444444,y,z,y,-0.4800393478990949
110,-0.25,0.0833333333333333,0.0,0.006944444444444444,y,z,z,-0.0904611159707929
110,-0.25,0.0833333333333333,0.0,0.006944444444444444,z,x,x,0.5518262257902883
110,-0.25,0.0833333333333333,0.0,0.006944444444444444,z,x,y,-0.8917055988841909
110,-0.25,0.0833333333333333,0.0,0.006944444444444444,z,x,z,0.7884053088462117
110,-0.25,0.0833333333333333,0.0,0.006944444444444444,z,y,x,1.1751437381886596
110,-0.25,0.0833333333333333,0.0,0.006944444444444444,z,y,y,0.04827395547855384
110,-0.25,0.0833333333333333,0.0,0.006944444444444444,z,y,z,-0.06880747110737168
110,-0.25,0.0833333333333333,0.0,0.006944444444444444,z,z,x,-0.5003773830876727
110,-0.25,0.0833333333333333,0.0,0.006944444444444444,z,z,y,-0.13150574659771871
110,-0.25,0.0833333333333333,0.0,0.006944444444444444,z,z,z,-0.04410595391788986
111,-0.25,0.1666666666666667,0.0,0.006944444444444444,x,x,x,0.12510884588505086
111,-0.25,0.1666666666666667,0.0,0.006944444444444444,x,x,y,-0.7511655693662994
111,-0.25,0.1666666666666667,0.0,0.006944444444444444,x,x,z,0.019097438759162096
111,-0.25,0.1666666666666667,0.0,0.006944444444444444,x,y,x,0.36916100239880556
111,-0.25,0.1666666666666667,0.0,0.006944444444444444,x,y,y,-0.07039102604997544
111,-0.25,0.1666666666666667,0.0,0.006944444444444444,x,y,z,0.6347815464758381
111,-0.25,0.1666666666666667,0.0,0.006944444444444444,x,z,x,0.27797228467429647
111,-0.25,0.1666666666666667,0.0,0.006944444444444444,x,z,y,-0.7721562501263144
111,-0.25,0.1666666666666667,0.0,0.006944444444444444,x,z,z,0.01593318787450169
111,-0.25,0.1666666666666667,0.0,0.006944444444444444,y,x,x,-0.059636639143975434
111,-0.25,0.1666666666666667,0.0,0.006944444444444444,y,x,y,-0.2715432454038968
111,-0.25,0.1666666666666667,0.0,0.006944444444444444,y,x,z,-0.7137392678230255
111,-0.25,0.1666666666666667,0.0,0.006944444444444444,y,y,x,-0.034770395020966675
111,-0.25,0.1666666666666667,0.0,0.006944444444444444,y,y,y,-0.21073642119686792
111,-0.25,0.1666666666666667,0.0,0.006944444444444444,y,y,z,-0.1976955769319476
111,-0.25,0.1666666666666667,0.0,0.006944444444444444,y,z,x,0.73886777790803
111,-0.25,0.1666666666666667,0.0,0.006944444444444444,y,z,y,-0.1248601197883426
111,-0.25,0.1666666666666667,0.0,0.006944444444444444,y,z,z,-0.023000850001840864
111,-0.25,0.1666666666666667,0.0,0.006944444444444444,z,x,x,0.23638040016240797
111,-0.25,0.1666666666666667,0.0,0.006944444444444444,z,x,y,0.3286025415404688
111,-0.25,0.1666666666666667,0.0,0.006944444444444444,z,x,z,0.34339247911805476
111,-0.25,0.1666666666666667,0.0,0.006944444444444444,z,y,x,-0.28545536514571523
111,-0.25,0.1666666666666667,0.0,0.006944444444444444,z,y,y,-0.1080765884771971
111,-0.25,0.1666666666666667,0.0,0.006944444444444444,z,y,z,-0.498361899961631
111,-0.25,0.1666666666666667,0.0,0.006944444444444444,z,z,x,-0.23756802206429045
111,-0.25,0.1666666666666667,0.0,0.006944444444444444,z,z,y,0.15856148722165372
111,-0.25,0.1666666666666667,0.0,0.006944444444444444,z,z,z,-0.01080200268859544
112,-0.25,0.25,0.0,0.006944444444444444,x,x,x,0.22304181015553254
112,-0.25,0.25,0.0,0.006944444444444444,x,x,y,-0.3071925913984867
112,-0.25,0.25,0.0,0.006944444444444444,x,x,z,0.07602521163679113
112,-0.25,0.25,0.0,0.006944444444444444,x,y,x,0.1445442411403121
112,-0.25,0.25,0.0,0.006944444444444444,x,y,y,-0.15068902749993812
112,-0.25,0.25,0.0,0.006944444444444444,x,y,z,0.5298470794581324
112,-0.25,0.25,0.0,0.006944444444444444,x,z,x,0.08872431610391099
112,-0.25,0.25,0.0,0.006944444444444444,x,z,y,-0.8399437979047638
112,-0.25,0.25,0.0,0.006944444444444444,x,z,z,0.011609422582745974
112,-0.25,0.25,0.0,0.006944444444444444,y,x,x,0.01866414117122008
112,-0.25,0.25,0.0,0.006944444444444444,y,x,y,-0.22336301381944698
112,-0.25,0.25,0.0,0.006944444444444444,y,x,z,-0.6176318708378952
112,-0.25,0.25,0.0,0.006944444444444444,y,y,x,0.03744233752995916
112,-0.25,0.25,0.0,0.006944444444444444,y,y,y,-0.14398431835816525
112,-0.25,0.25,0.0,0.006944444444444444,y,y,z,-0.07602533131446709
112,-0.25,0.25,0.0,0.006944444444444444,y,z,x,0.737491926049178
112,-0.25,0.25,0.0,0.006944444444444444,y,z,y,-0.08872486319524897
112,-0.25,0.25,0.0,0.006944444444444444,y,z,z,-0.020107174087303285
112,-0.25,0.25,0.0,0.006944444444444444,z,x,x,0.11305354188064176
112,-0.25,0.25,0.0,0.006944444444444444,z,x,y,0.6204056961262182
112,-0.25,0.25,0.0,0.006944444444444444,z,x,z,0.22769970920466232
112,-0.25,0.25,0.0,0.006944444444444444,z,y,x,-0.7509484768323209
112,-0.25,0.25,0.0,0.006944444444444444,z,y,y,-0.1130540583820811
112,-0.25,0.25,0.0,0.006944444444444444,z,y,z,-0.3943942953054977
112,-0.25,0.25,0.0,0.006944444444444444,z,z,x,-0.1156726106148551
112,-0.25,0.25,0.0,0.006944444444444444,z,z,y,0.2003566394715557
112,-0.25,0.25,0.0,0.006944444444444444,z,z,z,-1.4047927167805234e-07
113,-0.25,0.3333333333333333,0.0,0.006944444444444444,x,x,x,0.28939005022867414
113,-0.25,0.3333333333333333,0.0,0.006944444444444444,x,x,y,-0.07435598302226278
113,-0.25,0.3333333333333333,0.0,0.006944444444444444,x,x,z,0.0339849475340317
113,-0.25,0.3333333333333333,0.0,0.006944444444444444,x,y,x,0.03293559691214121
113,-0.25,0.3333333333333333,0.0,0.006944444444444444,x,y,y,-0.14206883577799226
113,-0.25,0.3333333333333333,0.0,0.006944444444444444,x,y,z,0.4477531953106579
113,-0.25,0.3333333333333333,0.0,0.006944444444444444,x,z,x,0.014311177604964136
113,-0.25,0.3333333333333333,0.0,0.006944444444444444,x,z,y,-0.8406237392349523
113,-0.25,0.3333333333333333,0.0,0.006944444444444444,x,z,z,-0.007767703245248922
113,-0.25,0.3333333333333333,0.0,0.006944444444444444,y,x,x,0.013070448506746313
113,-0.25,0.3333333333333333,0.0,0.006944444444444444,y,x,y,-0.34391996616026704
113,-0.25,0.3333333333333333,0.0,0.006944444444444444,y,x,z,-0.5500255298806267
113,-0.25,0.3333333333333333,0.0,0.006944444444444444,y,y,x,0.14095696978044697
113,-0.25,0.3333333333333333,0.0,0.006944444444444444,y,y,y,-0.043403665526184285
113,-0.25,0.3333333333333333,0.0,0.006944444444444444,y,y,z,-0.01356525675707923
113,-0.25,0.3333333333333333,0.0,0.006944444444444444,y,z,x,0.7085576614169977
113,-0.25,0.3333333333333333,0.0,0.006944444444444444,y,z,y,-0.03562694046213533
113,-0.25,0.3333333333333333,0.0,0.006944444444444444,y,z,z,-0.007556455835621866
113,-0.25,0.3333333333333333,0.0,0.006944444444444444,z,x,x,0.03435675461486817
113,-0.25,0.3333333333333333,0.0,0.006944444444444444,z,x,y,0.770214157671411
113,-0.25,0.3333333333333333,0.0,0.006944444444444444,z,x,z,0.24196783870761376
113,-0.25,0.3333333333333333,0.0,0.006944444444444444,z,y,x,-0.9556567669652039
113,-0.25,0.3333333333333333,0.0,0.006944444444444444,z,y,y,-0.04268394420568917
113,-0.25,0.3333333333333333,0.0,0.006944444444444444,z,y,z,-0.14256148597941376
113,-0.25,0.3333333333333333,0.0,0.006944444444444444,z,z,x,-0.08076031720420324
113,-0.25,0.3333333333333333,0.0,0.006944444444444444,z,z,y,0.08135109916326276
113,-0.25,0.3333333333333333,0.0,0.006944444444444444,z,z,z,0.00012340205414704231
114,-0.25,0.4166666666666667,0.0,0.006944444444444444,x,x,x,0.28939039548393436
114,-0.25,0.4166666666666667,0.0,0.006944444444444444,x,x,y,0.07435659339939873
114,-0.25,0.4166666666666667,0.0,0.006944444444444444,x,x,z,-0.03398530088846587
114,-0.25,0.4166666666666667,0.0,0.006944444444444444,x,y,x,-0.03293829289292445
114,-0.25,0.4166666666666667,0.0,0.006944444444444444,x,y,y,-0.1420690285665703
114,-0.25,0.4166666666666667,0.0,0.006944444444444444,x,y,z,0.44775380980064605
114,-0.25,0.4166666666666667,0.0,0.006944444444444444,x,z,x,-0.014309722006802835
114,-0.25,0.4166666666666667,0.0,0.006944444444444444,x,z,y,-0.8406249397555616
114,-0.25,0.4166666666666667,0.0,0.006944444444444444,x,z,z,-0.007767793780650885
114,-0.25,0.4166666666666667,0.0,0.006944444444444444,y,x,x,-0.01307015726249883
114,-0.25,0.4166666666666667,0.0,0.006944444444444444,y,x,y,-0.34392050363071625
114,-0.25,0.4166666666666667,0.0,0.006944444444444444,y,x,z,-0.5500258085717038
114,-0.25,0.4166666666666667,0.0,0.006944444444444444,y,y,x,0.14095713288593298
114,-0.25,0.4166666666666667,0.0,0.006944444444444444,y,y,y,0.04340300436951749
114,-0.25,0.4166666666666667,0.0,0.006944444444444444,y,y,z,0.013566321598110293
114,-0.25,0.4166666666666667,0.0,0.006944444444444444,y,z,x,0.7085582126999806
114,-0.25,0.4166666666666667,0.0,0.006944444444444444,y,z,y,0.035624905806536225
114,-0.25,0.4166666666666667,0.0,0.006944444444444444,y,z,z,0.007556169643844476
114,-0.25,0.4166666666666667,0.0,0.006944444444444444,z,x,x,-0.03435650592583296
114,-0.25,0.4166666666666667,0.0,0.006944444444444444,z,x,y,0.7702159124497086
114,-0.25,0.4166666666666667,0.0,0.006944444444444444,z,x,z,0.24196830591160803
114,-0.25,0.4166666666666667,0.0,0.006944444444444444,z,y,x,-0.9556586481327664
114,-0.25,0.4166666666666667,0.0,0.006944444444444444,z,y,y,0.04268373916245021
114,-0.25,0.4166666666666667,0.0,0.006944444444444444,z,y,z,0.1425618684253359
114,-0.25,0.4166666666666667,0.0,0.006944444444444444,z,z,x,-0.08076057480774937
114,-0.25,0.4166666666666667,0.0,0.006944444444444444,z,z,y,-0.08135286519076498
114,-0.25,0.4166666666666667,0.0,0.006944444444444444,z,z,z,-0.00012345112146216623
115,-0.25,0.5,0.0,0.006944444444444444,x,x,x,0.22304226695262058
115,-0.25,0.5,0.0,0.006944444444444444,x,x,y,0.30719431499419303
115,-0.25,0.5,0.0,0.006944444444444444,x,x,z,-0.07602583285903125
115,-0.25,0.5,0.0,0.006944444444444444,x,y,x,-0.14454754333530534
115,-0.25,0.5,0.0,0.006944444444444444,x,y,y,-0.15068948946888464
115,-0.25,0.5,0.0,0.006944444444444444,x,y,z,0.5298486702204989
115,-0.25,0.5,0.0,0.006944444444444444,x,z,x,-0.08872256591291207
115,-0.25,0.5,0.0,0.006944444444444444,x,z,y,-0.8399463849022845
115,-0.25,0.5,0.0,0.006944444444444444,x,z,z,0.01160918236558454
115,-0.25,0.5,0.0,0.006944444444444444,y,x,x,-0.018663981896994232
115,-0.25,0.5,0.0,0.006944444444444444,y,x,y,-0.22336385346681645
115,-0.25,0.5,0.0,0.006944444444444444,y,x,z,-0.6176323573062634
115,-0.25,0.5,0.0,0.006944444444444444,y,y,x,0.03744256665914423
115,-0.25,0.5,0.0,0.006944444444444444,y,y,y,0.14398412407705644
115,-0.25,0.5,0.0,0.006944444444444444,y,y,z,0.07602661003184738
115,-0.25,0.5,0.0,0.006944444444444444,y,z,x,0.7374928699953349
115,-0.25,0.5,0.0,0.006944444444444444,y,z,y,0.08872278169695734
115,-0.25,0.5,0.0,0.006944444444444444,y,z,z,0.02010696413995904
115,-0.25,0.5,0.0,0.006944444444444444,z,x,x,-0.1130535498898336
115,-0.25,0.5,0.0,0.006944444444444444,z,x,y,0.6204095805689527
115,-0.25,0.5,0.0,0.006944444444444444,z,x,z,0.22770075279392823
115,-0.25,0.5,0.0,0.006944444444444444,z,y,x,-0.7509527603404725
115,-0.25,0.5,0.0,0.006944444444444444,z,y,y,0.11305417701064091
115,-0.25,0.5,0.0,0.006944444444444444,z,y,z,0.3943952446349439
115,-0.25,0.5,0.0,0.006944444444444444,z,z,x,-0.11567330348866003
115,-0.25,0.5,0.0,0.006944444444444444,z,z,y,-0.2003583899137056
115,-0.25,0.5,0.0,0.006944444444444444,z,z,z,9.342561763579468e-08
116,-0.25,-0.4166666666666666,0.0,0.006944444444444444,x,x,x,0.1251086494556778
116,-0.25,-0.4166666666666666,0.0,0.006944444444444444,x,x,y,0.7511678793339245
116,-0.25,-0.4166666666666666,0.0,0.006944444444444444,x,x,z,-0.019098150379023994
116,-0.25,-0.4166666666666666,0.0,0.006944444444444444,x,y,x,-0.36916515198562455
116,-0.25,-0.4166666666666666,0.0,0.006944444444444444,x,y,y,-0.07039161822532276
116,-0.25,-0.4166666666666666,0.0,0.006944444444444444,x,y,z,0.6347833656585189
116,-0.25,-0.4166666666666666,0.0,0.006944444444444444,x,z,x,-0.2779702063814923
116,-0.25,-0.4166666666666666,0.0,0.006944444444444444,x,z,y,-0.7721584157029845
116,-0.25,-0.4166666666666666,0.0,0.006944444444444444,x,z,z,0.015932913565053775
116,-0.25,-0.4166666666666666,0.0,0.006944444444444444,y,x,x,0.05963690526428978
116,-0.25,-0.4166666666666666,0.0,0.006944444444444444,y,x,y,-0.2715442801731402
116,-0.25,-0.4166666666666666,0.0,0.006944444444444444,y,x,z,-0.7137395746817777
116,-0.25,-0.4166666666666666,0.0,0.006944444444444444,y,y,x,-0.034769158737113025
116,-0.25,-0.4166666666666666,0.0,0.006944444444444444,y,y,y,0.2107371432533752
116,-0.25,-0.4166666666666666,0.0,0.006944444444444444,y,y,z,0.19769722181687033
116,-0.25,-0.4166666666666666,0.0,0.006944444444444444,y,z,x,0.7388682505244912
116,-0.25,-0.4166666666666666,0.0,0.006944444444444444,y,z,y,0.1248578411493395
116,-0.25,-0.4166666666666666,0.0,0.006944444444444444,y,z,z,0.023000679203607897
116,-0.25,-0.4166666666666666,0.0,0.006944444444444444,z,x,x,-0.23638079554641342
116,-0.25,-0.4166666666666666,0.0,0.006944444444444444,z,x,y,0.32860807051270535
116,-0.25,-0.4166666666666666,0.0,0.006944444444444444,z,x,z,0.3433935036517506
116,-0.25,-0.4166666666666666,0.0,0.006944444444444444,z,y,x,-0.2854614920014035
116,-0.25,-0.4166666666666666,0.0,0.006944444444444444,z,y,y,0.10807644134888306
116,-0.25,-0.4166666666666666,0.0,0.006944444444444444,z,y,z,0.49836349285859266
116,-0.25,-0.4166666666666666,0.0,0.006944444444444444,z,z,x,-0.23756883233176165
116,-0.25,-0.4166666666666666,0.0,0.006944444444444444,z,z,y,-0.15856388638677513
116,-0.25,-0.4166666666666666,0.0,0.006944444444444444,z,z,z,0.010802051872195908
117,-0.25,-0.3333333333333334,0.0,0.006944444444444444,x,x,x,-0.18497854529031443
117,-0.25,-0.3333333333333334,0.0,0.006944444444444444,x,x,y,0.1769520389796782
117,-0.25,-0.3333333333333334,0.0,0.006944444444444444,x,x,z,0.4798252990245592
117,-0.25,-0.3333333333333334,0.0,0.006944444444444444,x,y,x,0.7864240934394603
117,-0.25,-0.3333333333333334,0.0,0.006944444444444444,x,y,y,0.4515274617336997
117,-0.25,-0.3333333333333334,0.0,0.006944444444444444,x,y,z,0.15094739419282482
117,-0.25,-0.3333333333333334,0.0,0.006944444444444444,x,z,x,-0.8500329176632763
117,-0.25,-0.3333333333333334,0.0,0.006944444444444444,x,z,y,0.16349775201443575
117,-0.25,-0.3333333333333334,0.0,0.006944444444444444,x,z,z,-0.01915302537145437
117,-0.25,-0.3333333333333334,0.0,0.006944444444444444,y,x,x,0.47072297983766076
117,-0.25,-0.3333333333333334,0.0,0.006944444444444444,y,x,y,-2.280218313980216
117,-0.25,-0.3333333333333334,0.0,0.006944444444444444,y,x,z,-0.625433977424747
117,-0.25,-0.3333333333333334,0.0,0.006944444444444444,y,y,x,0.8983109132145587
117,-0.25,-0.3333333333333334,0.0,0.006944444444444444,y,y,y,0.12881194674279
117,-0.25,-0.3333333333333334,0.0,0.006944444444444444,y,y,z,0.17338059844923073
117,-0.25,-0.3333333333333334,0.0,0.006944444444444444,y,z,x,0.3590677795109876
117,-0.25,-0.3333333333333334,0.0,0.006944444444444444,y,z,y,0.48003768879121483
117,-0.25,-0.3333333333333334,0.0,0.006944444444444444,y,z,z,0.09046088438317289
117,-0.25,-0.3333333333333334,0.0,0.006944444444444444,z,x,x,-0.5518282199081008
117,-0.25,-0.3333333333333334,0.0,0.006944444444444444,z,x,y,-0.8916861700030043
117,-0.25,-0.3333333333333334,0.0,0.006944444444444444,z,x,z,0.7884063382760228
117,-0.25,-0.3333333333333334,0.0,0.006944444444444444,z,y,x,1.1751264393640257
117,-0.25,-0.3333333333333334,0.0,0.006944444444444444,z,y,y,-0.04827428883095618
117,-0.25,-0.3333333333333334,0.0,0.006944444444444444,z,y,z,0.06881142731371263
117,-0.25,-0.3333333333333334,0.0,0.006944444444444444,z,z,x,-0.5003780963001722
117,-0.25,-0.3333333333333334,0.0,0.006944444444444444,z,z,y,0.1314999456962352
117,-0.25,-0.3333333333333334,0.0,0.006944444444444444,z,z,z,0.044106382156214555
118,-0.25,-0.25,0.0,0.006944444444444444,x,x,x,-0.17348580614388318
118,-0.25,-0.25,0.0,0.006944444444444444,x,x,y,-10.684743869845127
118,-0.25,-0.25,0.0,0.006944444444444444,x,x,z,1.6912053990445952
118,-0.25,-0.25,0.0,0.006944444444444444,x,y,x,12.426718750205282
118,-0.25,-0.25,0.0,0.006944444444444444,x,y,y,0.6255639180999104
118,-0.25,-0.25,0.0,0.006944444444444444,x,y,z,-2.31504443866344
118,-0.25,-0.25,0.0,0.006944444444444444,x,z,x,-2.199403305349158
118,-0.25,-0.25,0.0,0.006944444444444444,x,z,y,4.288016849915888
118,-0.25,-0.25,0.0,0.006944444444444444,x,z,z,-0.20909152520742622
118,-0.25,-0.25,0.0,0.006944444444444444,y,x,x,-1.262493798452995
118,-0.25,-0.25,0.0,0.006944444444444444,y,x,y,-7.277901140228438
118,-0.25,-0.25,0.0,0.006944444444444444,y,x,z,0.36221705171947643
118,-0.25,-0.25,0.0,0.006944444444444444,y,y,x,6.065486871917855
118,-0.25,-0.25,0.0,0.006944444444444444,y,y,y,0.47948013526928857
118,-0.25,-0.25,0.0,0.006944444444444444,y,y,z,-1.6912151028852918
118,-0.25,-0.25,0.0,0.006944444444444444,y,z,x,-1.7483707977646734
118,-0.25,-0.25,0.0,0.006944444444444444,y,z,y,2.1994125856455202
118,-0.25,-0.25,0.0,0.006944444444444444,y,z,z,0.3621541404648644
118,-0.25,-0.25,0.0,0.006944444444444444,z,x,x,0.4222253927283305
118,-0.25,-0.25,0.0,0.006944444444444444,z,x,y,-6.1915620218850895
118,-0.25,-0.25,0.0,0.006944444444444444,z,x,z,0.7888068490941298
118,-0.25,-0.25,0.0,0.006944444444444444,z,y,x,5.704014929397108
118,-0.25,-0.25,0.0,0.006944444444444444,z,y,y,-0.4222322864690844
118,-0.25,-0.25,0.0,0.006944444444444444,z,y,z,-1.3662621375386206
118,-0.25,-0.25,0.0,0.006944444444444444,z,z,x,0.3965740581350533
118,-0.25,-0.25,0.0,0.006944444444444444,z,z,y,-0.686884637990586
118,-0.25,-0.25,0.0,0.006944444444444444,z,z,z,2.3437853610534097e-06
119,-0.25,-0.1666666666666666,0.0,0.006944444444444444,x,x,x,-0.07480553443138732
119,-0.25,-0.1666666666666666,0.0,0.006944444444444444,x,x,y,-3.128456781751356
119,-0.25,-0.1666666666666666,0.0,0.006944444444444444,x,x,z,0.18498748500813506
119,-0.25,-0.1666666666666666,0.0,0.006944444444444444,x,y,x,3.4364219345427016
119,-0.25,-0.1666666666666666,0.0,0.006944444444444444,x,y,y,-0.19505376165146784
119,-0.25,-0.1666666666666666,0.0,0.006944444444444444,x,y,z,0.7671279707841201
119,-0.25,-0.1666666666666666,0.0,0.006944444444444444,x,z,x,-0.41221050077191995
119,-0.25,-0.1666666666666666,0.0,0.006944444444444444,x,z,y,0.6921242674662663
119,-0.25,-0.1666666666666666,0.0,0.006944444444444444,x,z,z,-0.20648364034391614
119,-0.25,-0.1666666666666666,0.0,0.006944444444444444,y,x,x,-1.2229437270224977
119,-0.25,-0.1666666666666666,0.0,0.006944444444444444,y,x,y,1.745976853333065
119,-0.25,-0.1666666666666666,0.0,0.006944444444444444,y,x,z,-0.636291252622887
119,-0.25,-0.1666666666666666,0.0,0.006944444444444444,y,y,x,1.3561408980957446
119,-0.25,-0.1666666666666666,0.0,0.006944444444444444,y,y,y,0.18893467455992363
119,-0.25,-0.1666666666666666,0.0,0.006944444444444444,y,y,z,-0.6246383080039827
119,-0.25,-0.1666666666666666,0.0,0.006944444444444444,y,z,x,-0.8295943898590498
119,-0.25,-0.1666666666666666,0.0,0.006944444444444444,y,z,y,0.5002399049101424
119,-0.25,-0.1666666666666666,0.0,0.006944444444444444,y,z,z,0.14889766620085151
119,-0.25,-0.1666666666666666,0.0,0.006944444444444444,z,x,x,0.6005185889357674
119,-0.25,-0.1666666666666666,0.0,0.006944444444444444,z,x,y,-0.4734124397005685
119,-0.25,-0.1666666666666666,0.0,0.006944444444444444,z,x,z,-0.31127407489595704
119,-0.25,-0.1666666666666666,0.0,0.006944444444444444,z,y,x,0.30200792056182335
119,-0.25,-0.1666666666666666,0.0,0.006944444444444444,z,y,y,0.19711264858168348
119,-0.25,-0.1666666666666666,0.0,0.006944444444444444,z,y,z,-0.4569892352549851
119,-0.25,-0.1666666666666666,0.0,0.006944444444444444,z,z,x,0.6004870934849422
119,-0.25,-0.1666666666666666,0.0,0.006944444444444444,z,z,y,-0.290516196791091
119,-0.25,-0.1666666666666666,0.0,0.006944444444444444,z,z,z,-0.04338789151819766
120,-0.25,-0.0833333333333334,0.0,0.006944444444444444,x,x,x,-0.07480249422935605
120,-0.25,-0.0833333333333334,0.0,0.006944444444444444,x,x,y,3.128458140755522
120,-0.25,-0.0833333333333334,0.0,0.006944444444444444,x,x,z,-0.18498691278390983
120,-0.25,-0.0833333333333334,0.0,0.006944444444444444,x,y,x,-3.4364104293305444
120,-0.25,-0.0833333333333334,0.0,0.006944444444444444,x,y,y,-0.19505838641359632
120,-0.25,-0.0833333333333334,0.0,0.006944444444444444,x,y,z,0.7671313870235463
120,-0.25,-0.0833333333333334,0.0,0.006944444444444444,x,z,x,0.41220669525808484
120,-0.25,-0.0833333333333334,0.0,0.006944444444444444,x,z,y,0.6921196870997471
120,-0.25,-0.0833333333333334,0.0,0.006944444444444444,x,z,z,-0.2064837408129667
120,-0.25,-0.0833333333333334,0.0,0.006944444444444444,y,x,x,1.2229435613360073
120,-0.25,-0.0833333333333334,0.0,0.006944444444444444,y,x,y,1.745967858770524
120,-0.25,-0.0833333333333334,0.0,0.006944444444444444,y,x,z,-0.6362936959634234
120,-0.25,-0.0833333333333334,0.0,0.006944444444444444,y,y,x,1.356135735070154
120,-0.25,-0.0833333333333334,0.0,0.006944444444444444,y,y,y,-0.1889304795560983
120,-0.25,-0.0833333333333334,0.0,0.006944444444444444,y,y,z,0.6246389327481839
120,-0.25,-0.0833333333333334,0.0,0.006944444444444444,y,z,x,-0.8295916857782615
120,-0.25,-0.0833333333333334,0.0,0.006944444444444444,y,z,y,-0.5002441210905542
120,-0.25,-0.0833333333333334,0.0,0.006944444444444444,y,z,z,-0.14889760419062686
120,-0.25,-0.0833333333333334,0.0,0.006944444444444444,z,x,x,-0.6005070297816639
120,-0.25,-0.0833333333333334,0.0,0.006944444444444444,z,x,y,-0.4734195712084952
120,-0.25,-0.0833333333333334,0.0,0.006944444444444444,z,x,z,-0.3112742332665861
120,-0.25,-0.0833333333333334,0.0,0.006944444444444444,z,y,x,0.30200776493998654
120,-0.25,-0.0833333333333334,0.0,0.006944444444444444,z,y,y,-0.19711182808615632
120,-0.25,-0.0833333333333334,0.0,0.006944444444444444,z,y,z,0.45698276403067184
120,-0.25,-0.0833333333333334,0.0,0.006944444444444444,z,z,x,0.6004864737484409
120,-0.25,-0.0833333333333334,0.0,0.006944444444444444,z,z,y,0.2905182871791648
120,-0.25,-0.0833333333333334,0.0,0.006944444444444444,z,z,z,0.04338841604130699
121,-0.1666666666666666,0.0,0.0,0.006944444444444444,x,x,x,-1.6047154521872873
121,-0.1666666666666666,0.0,0.0,0.006944444444444444,x,x,y,14.657594718707704
121,-0.1666666666666666,0.0,0.0,0.006944444444444444,x,x,z,-2.2650214332122935
121,-0.1666666666666666,0.0,0.0,0.006944444444444444,x,y,x,-13.195409753269438
121,-0.1666666666666666,0.0,0.0,0.006944444444444444,x,y,y,5.5152738563058135
121,-0.1666666666666666,0.0,0.0,0.006944444444444444,x,y,z,-2.791350446383593
121,-0.1666666666666666,0.0,0.0,0.006944444444444444,x,z,x,1.275822236039884
121,-0.1666666666666666,0.0,0.0,0.006944444444444444,x,z,y,6.121969317161122
121,-0.1666666666666666,0.0,0.0,0.006944444444444444,x,z,z,-0.49112634495912383
121,-0.1666666666666666,0.0,0.0,0.006944444444444444,y,x,x,2.6555050609169517
121,-0.1666666666666666,0.0,0.0,0.006944444444444444,y,x,y,-3.636223921390652
121,-0.1666666666666666,0.0,0.0,0.006944444444444444,y,x,z,0.17598764251058677
121,-0.1666666666666666,0.0,0.0,0.006944444444444444,y,y,x,12.444503073123347
121,-0.1666666666666666,0.0,0.0,0.006944444444444444,y,y,y,4.11772978046339
121,-0.1666666666666666,0.0,0.0,0.006944444444444444,y,y,z,2.2650874191021444
121,-0.1666666666666666,0.0,0.0,0.006944444444444444,y,z,x,-4.648836706438427
121,-0.1666666666666666,0.0,0.0,0.006944444444444444,y,z,y,-1.2758744051884234
121,-0.1666666666666666,0.0,0.0,0.006944444444444444,y,z,z,-0.8506385989312683
121,-0.1666666666666666,0.0,0.0,0.006944444444444444,z,x,x,-2.6645985466145503
121,-0.1666666666666666,0.0,0.0,0.006944444444444444,z,x,y,1.4394580792569487
121,-0.1666666666666666,0.0,0.0,0.006944444444444444,z,x,z,0.2958209203773177
121,-0.1666666666666666,0.0,0.0,0.006944444444444444,z,y,x,-4.516357698340898
121,-0.1666666666666666,0.0,0.0,0.006944444444444444,z,y,y,2.664655288152691
121,-0.1666666666666666,0.0,0.0,0.006944444444444444,z,y,z,0.512419839923031
121,-0.1666666666666666,0.0,0.0,0.006944444444444444,z,z,x,2.756333270923352
121,-0.1666666666666666,0.0,0.0,0.006944444444444444,z,z,y,4.774094803226602
121,-0.1666666666666666,0.0,0.0,0.006944444444444444,z,z,z,-1.5733393277459135e-05
122,-0.1666666666666666,0.0833333333333333,0.0,0.006944444444444444,x,x,x,-1.0054111535819648
122,-0.1666666666666666,0.0833333333333333,0.0,0.006944444444444444,x,x,y,1.6791424227961815
122,-0.1666666666666666,0.0833333333333333,0.0,0.006944444444444444,x,x,z,-0.3655794774038106
122,-0.1666666666666666,0.0833333333333333,0.0,0.006944444444444444,x,y,x,-1.2657477691448056
122,-0.1666666666666666,0.0833333333333333,0.0,0.006944444444444444,x,y,y,2.0358454397124346
122,-0.1666666666666666,0.0833333333333333,0.0,0.006944444444444444,x,y,z,0.3184311708749623
122,-0.1666666666666666,0.0833333333333333,0.0,0.006944444444444444,x,z,x,0.2126022704194681
122,-0.1666666666666666,0.0833333333333333,0.0,0.006944444444444444,x,z,y,1.1903274530869965
122,-0.1666666666666666,0.0833333333333333,0.0,0.006944444444444444,x,z,z,-0.025709518294027355
122,-0.1666666666666666,0.0833333333333333,0.0,0.006944444444444444,y,x,x,-0.6170100678715051
122,-0.1666666666666666,0.0833333333333333,0.0,0.006944444444444444,y,x,y,-2.969801018919804
122,-0.1666666666666666,0.0833333333333333,0.0,0.006944444444444444,y,x,z,-1.0849700910893985
122,-0.1666666666666666,0.0833333333333333,0.0,0.006944444444444444,y,y,x,2.9104160210310495
122,-0.1666666666666666,0.0833333333333333,0.0,0.006944444444444444,y,y,y,0.9003258638223647
122,-0.1666666666666666,0.0833333333333333,0.0,0.006944444444444444,y,y,z,-0.0740636493882
122,-0.1666666666666666,0.0833333333333333,0.0,0.006944444444444444,y,z,x,-0.33142069536641816
122,-0.1666666666666666,0.0833333333333333,0.0,0.006944444444444444,y,z,y,-0.12457993372161634
122,-0.1666666666666666,0.0833333333333333,0.0,0.006944444444444444,y,z,z,-0.2532667929573321
122,-0.1666666666666666,0.0833333333333333,0.0,0.006944444444444444,z,x,x,0.2237447298189903
122,-0.1666666666666666,0.0833333333333333,0.0,0.006944444444444444,z,x,y,-0.5195845805230207
122,-0.1666666666666666,0.0833333333333333,0.0,0.006944444444444444,z,x,z,0.5513707084425401
122,-0.1666666666666666,0.0833333333333333,0.0,0.006944444444444444,z,y,x,0.2559031195933346
122,-0.1666666666666666,0.0833333333333333,0.0,0.006944444444444444,z,y,y,0.5738936011152621
122,-0.1666666666666666,0.0833333333333333,0.0,0.006944444444444444,z,y,z,-0.04108273312086723
122,-0.1666666666666666,0.0833333333333333,0.0,0.006944444444444444,z,z,x,-0.048626747236924624
122,-0.1666666666666666,0.0833333333333333,0.0,0.006944444444444444,z,z,y,0.6653008586213577
122,-0.1666666666666666,0.0833333333333333,0.0,0.006944444444444444,z,z,z,-0.04339394836888811
123,-0.1666666666666666,0.1666666666666667,0.0,0.006944444444444444,x,x,x,0.06665630225724996
123,-0.1666666666666666,0.1666666666666667,0.0,0.006944444444444444,x,x,y,-0.6710963621581836
123,-0.1666666666666666,0.1666666666666667,0.0,0.006944444444444444,x,x,z,0.160837937579858
123,-0.1666666666666666,0.1666666666666667,0.0,0.006944444444444444,x,y,x,0.7267998927790145
123,-0.1666666666666666,0.1666666666666667,0.0,0.006944444444444444,x,y,y,0.12666123436131568
123,-0.1666666666666666,0.1666666666666667,0.0,0.006944444444444444,x,y,z,0.8436312174187375
123,-0.1666666666666666,0.1666666666666667,0.0,0.006944444444444444,x,z,x,0.09080424413480913
123,-0.1666666666666666,0.1666666666666667,0.0,0.006944444444444444,x,z,y,-0.6703035730686145
123,-0.1666666666666666,0.1666666666666667,0.0,0.006944444444444444,x,z,z,0.04267240484039071
123,-0.1666666666666666,0.1666666666666667,0.0,0.006944444444444444,y,x,x,-0.1952712642668867
123,-0.1666666666666666,0.1666666666666667,0.0,0.006944444444444444,y,x,y,-0.40568524347966595
123,-0.1666666666666666,0.1666666666666667,0.0,0.006944444444444444,y,x,z,-1.0293362399320343
123,-0.1666666666666666,0.1666666666666667,0.0,0.006944444444444444,y,y,x,0.40136347171543096
123,-0.1666666666666666,0.1666666666666667,0.0,0.006944444444444444,y,y,y,-0.13956487072808896
123,-0.1666666666666666,0.1666666666666667,0.0,0.006944444444444444,y,y,z,-0.16083707128537406
123,-0.1666666666666666,0.1666666666666667,0.0,0.006944444444444444,y,z,x,0.5654316766721458
123,-0.1666666666666666,0.1666666666666667,0.0,0.006944444444444444,y,z,y,-0.09080885092403689
123,-0.1666666666666666,0.1666666666666667,0.0,0.006944444444444444,y,z,z,-0.07390744074897129
123,-0.1666666666666666,0.1666666666666667,0.0,0.006944444444444444,z,x,x,0.1294665094732532
123,-0.1666666666666666,0.1666666666666667,0.0,0.006944444444444444,z,x,y,-0.20662711282130172
123,-0.1666666666666666,0.1666666666666667,0.0,0.006944444444444444,z,x,z,0.3056937237810576
123,-0.1666666666666666,0.1666666666666667,0.0,0.006944444444444444,z,y,x,0.057125200321127875
123,-0.1666666666666666,0.1666666666666667,0.0,0.006944444444444444,z,y,y,-0.1294680286670283
123,-0.1666666666666666,0.1666666666666667,0.0,0.006944444444444444,z,y,z,-0.5295199378441776
123,-0.1666666666666666,0.1666666666666667,0.0,0.006944444444444444,z,z,x,-0.12213778907054307
123,-0.1666666666666666,0.1666666666666667,0.0,0.006944444444444444,z,z,y,0.21158119020361182
123,-0.1666666666666666,0.1666666666666667,0.0,0.006944444444444444,z,z,z,-1.4208603167495467e-06
124,-0.1666666666666666,0.25,0.0,0.006944444444444444,x,x,x,0.3581185270462701
124,-0.1666666666666666,0.25,0.0,0.006944444444444444,x,x,y,-0.3675312247044226
124,-0.1666666666666666,0.25,0.0,0.006944444444444444,x,x,z,0.1776879847200957
124,-0.1666666666666666,0.25,0.0,0.006944444444444444,x,y,x,0.3976885935075052
124,-0.1666666666666666,0.25,0.0,0.006944444444444444,x,y,y,-0.15133159398907095
124,-0.1666666666666666,0.25,0.0,0.006944444444444444,x,y,z,0.6001262855146151
124,-0.1666666666666666,0.25,0.0,0.006944444444444444,x,z,x,0.038563966301745724
124,-0.1666666666666666,0.25,0.0,0.006944444444444444,x,z,y,-0.9216224760668661
124,-0.1666666666666666,0.25,0.0,0.006944444444444444,x,z,z,0.011955201487104671
124,-0.1666666666666666,0.25,0.0,0.006944444444444444,y,x,x,0.009085923073627034
124,-0.1666666666666666,0.25,0.0,0.006944444444444444,y,x,y,-0.42209033539093427
124,-0.1666666666666666,0.25,0.0,0.006944444444444444,y,x,z,-0.74838196688459
124,-0.1666666666666666,0.25,0.0,0.006944444444444444,y,y,x,0.4297285135024986
124,-0.1666666666666666,0.25,0.0,0.006944444444444444,y,y,y,-0.19165988274211374
124,-0.1666666666666666,0.25,0.0,0.006944444444444444,y,y,z,0.0009129846922663577
124,-0.1666666666666666,0.25,0.0,0.006944444444444444,y,z,x,0.5893897214015812
124,-0.1666666666666666,0.25,0.0,0.006944444444444444,y,z,y,-0.1916816650686449
124,-0.1666666666666666,0.25,0.0,0.006944444444444444,y,z,z,-0.025297748644024846
124,-0.1666666666666666,0.25,0.0,0.006944444444444444,z,x,x,0.0032783845855991344
124,-0.1666666666666666,0.25,0.0,0.006944444444444444,z,x,y,0.14708075112870933
124,-0.1666666666666666,0.25,0.0,0.006944444444444444,z,x,z,0.2598774650452734
124,-0.1666666666666666,0.25,0.0,0.006944444444444444,z,y,x,-0.4669633942387485
124,-0.1666666666666666,0.25,0.0,0.006944444444444444,z,y,y,-0.1315844836154902
124,-0.1666666666666666,0.25,0.0,0.006944444444444444,z,y,z,-0.5465772500559649
124,-0.1666666666666666,0.25,0.0,0.006944444444444444,z,z,x,-0.018516472602547903
124,-0.1666666666666666,0.25,0.0,0.006944444444444444,z,z,y,0.2850273832779847
124,-0.1666666666666666,0.25,0.0,0.006944444444444444,z,z,z,0.010801253895699336
125,-0.1666666666666666,0.3333333333333333,0.0,0.006944444444444444,x,x,x,0.4409199567929818
125,-0.1666666666666666,0.3333333333333333,0.0,0.006944444444444444,x,x,y,-0.08800143039230768
125,-0.1666666666666666,0.3333333333333333,0.0,0.006944444444444444,x,x,z,0.09840704287657805
125,-0.1666666666666666,0.3333333333333333,0.0,0.006944444444444444,x,y,x,0.16050479882210275
125,-0.1666666666666666,0.3333333333333333,0.0,0.006944444444444444,x,y,y,-0.10302578009611846
125,-0.1666666666666666,0.3333333333333333,0.0,0.006944444444444444,x,y,z,0.3778080603293659
125,-0.1666666666666666,0.3333333333333333,0.0,0.006944444444444444,x,z,x,0.005369599833301762
125,-0.1666666666666666,0.3333333333333333,0.0,0.006944444444444444,x,z,y,-0.8295195428582067
125,-0.1666666666666666,0.3333333333333333,0.0,0.006944444444444444,x,z,z,-0.021569294779944344
125,-0.1666666666666666,0.3333333333333333,0.0,0.006944444444444444,y,x,x,0.020885541904556205
125,-0.1666666666666666,0.3333333333333333,0.0,0.006944444444444444,y,x,y,-0.6458734650865616
125,-0.1666666666666666,0.3333333333333333,0.0,0.006944444444444444,y,x,z,-0.5118458396597183
125,-0.1666666666666666,0.3333333333333333,0.0,0.006944444444444444,y,y,x,0.5489303354271813
125,-0.1666666666666666,0.3333333333333333,0.0,0.006944444444444444,y,y,y,-0.09375845276834453
125,-0.1666666666666666,0.3333333333333333,0.0,0.006944444444444444,y,y,z,0.05230486995266479
125,-0.1666666666666666,0.3333333333333333,0.0,0.006944444444444444,y,z,x,0.46962569428158296
125,-0.1666666666666666,0.3333333333333333,0.0,0.006944444444444444,y,z,y,-0.14570095041844902
125,-0.1666666666666666,0.3333333333333333,0.0,0.006944444444444444,y,z,z,-0.02045818319799239
125,-0.1666666666666666,0.3333333333333333,0.0,0.006944444444444444,z,x,x,-0.0054995437651557495
125,-0.1666666666666666,0.3333333333333333,0.0,0.006944444444444444,z,x,y,0.4236782278184526
125,-0.1666666666666666,0.3333333333333333,0.0,0.006944444444444444,z,x,z,0.2864539021158099
125,-0.1666666666666666,0.3333333333333333,0.0,0.006944444444444444,z,y,x,-0.8053524627667222
125,-0.1666666666666666,0.3333333333333333,0.0,0.006944444444444444,z,y,y,-0.06621204345163471
125,-0.1666666666666666,0.3333333333333333,0.0,0.006944444444444444,z,y,z,-0.2833970606278568
125,-0.1666666666666666,0.3333333333333333,0.0,0.006944444444444444,z,z,x,0.016542291435087668
125,-0.1666666666666666,0.3333333333333333,0.0,0.006944444444444444,z,z,y,0.17353912688528184
125,-0.1666666666666666,0.3333333333333333,0.0,0.006944444444444444,z,z,z,0.005544114474420002
126,-0.1666666666666666,0.4166666666666667,0.0,0.006944444444444444,x,x,x,0.45845309451369415
126,-0.1666666666666666,0.4166666666666667,0.0,0.006944444444444444,x,x,y,9.478295087131081e-07
126,-0.1666666666666666,0.4166666666666667,0.0,0.006944444444444444,x,x,z,5.6516015558023164e-08
126,-0.1666666666666666,0.4166666666666667,0.0,0.006944444444444444,x,y,x,-2.496986123169353e-06
126,-0.1666666666666666,0.4166666666666667,0.0,0.006944444444444444,x,y,y,-0.0766069926618822
126,-0.1666666666666666,0.4166666666666667,0.0,0.006944444444444444,x,y,z,0.3132954226174957
126,-0.1666666666666666,0.4166666666666667,0.0,0.006944444444444444,x,z,x,3.5631452383599117e-07
126,-0.1666666666666666,0.4166666666666667,0.0,0.006944444444444444,x,z,y,-0.7659045348819551
126,-0.1666666666666666,0.4166666666666667,0.0,0.006944444444444444,x,z,z,-0.04525627300349814
126,-0.1666666666666666,0.4166666666666667,0.0,0.006944444444444444,y,x,x,3.95374499682681e-07
126,-0.1666666666666666,0.4166666666666667,0.0,0.006944444444444444,y,x,y,-0.704568973233892
126,-0.1666666666666666,0.4166666666666667,0.0,0.006944444444444444,y,x,z,-0.4340434487882179
126,-0.1666666666666666,0.4166666666666667,0.0,0.006944444444444444,y,y,x,0.5936155052669183
126,-0.1666666666666666,0.4166666666666667,0.0,0.006944444444444444,y,y,y,-1.5502340920024865e-07
126,-0.1666666666666666,0.4166666666666667,0.0,0.006944444444444444,y,y,z,6.086157208708869e-07
126,-0.1666666666666666,0.4166666666666667,0.0,0.006944444444444444,y,z,x,0.4459911838931072
126,-0.1666666666666666,0.4166666666666667,0.0,0.006944444444444444,y,z,y,-1.0734555958997243e-06
126,-0.1666666666666666,0.4166666666666667,0.0,0.006944444444444444,y,z,z,-1.8768074461091822e-07
126,-0.1666666666666666,0.4166666666666667,0.0,0.006944444444444444,z,x,x,1.8455053766284514e-07
126,-0.1666666666666666,0.4166666666666667,0.0,0.006944444444444444,z,x,y,0.49580289530396243
126,-0.1666666666666666,0.4166666666666667,0.0,0.006944444444444444,z,x,z,0.31366562589085517
126,-0.1666666666666666,0.4166666666666667,0.0,0.006944444444444444,z,y,x,-0.8610045462383366
126,-0.1666666666666666,0.4166666666666667,0.0,0.006944444444444444,z,y,y,-6.655001986592473e-08
126,-0.1666666666666666,0.4166666666666667,0.0,0.006944444444444444,z,y,z,5.974041708873493e-07
126,-0.1666666666666666,0.4166666666666667,0.0,0.006944444444444444,z,z,x,0.015877282653032173
126,-0.1666666666666666,0.4166666666666667,0.0,0.006944444444444444,z,z,y,-1.2645501131257983e-06
126,-0.1666666666666666,0.4166666666666667,0.0,0.006944444444444444,z,z,z,-8.519201516578064e-09
127,-0.1666666666666666,0.5,0.0,0.006944444444444444,x,x,x,0.44092032669538544
127,-0.1666666666666666,0.5,0.0,0.006944444444444444,x,x,y,0.08800376230961247
127,-0.1666666666666666,0.5,0.0,0.006944444444444444,x,x,z,-0.09840698372460904
127,-0.1666666666666666,0.5,0.0,0.006944444444444444,x,y,x,-0.16051005088711975
127,-0.1666666666666666,0.5,0.0,0.006944444444444444,x,y,y,-0.10302577195916938
127,-0.1666666666666666,0.5,0.0,0.006944444444444444,x,y,z,0.37780894753776084
127,-0.1666666666666666,0.5,0.0,0.006944444444444444,x,z,x,-0.00536861572257236
127,-0.1666666666666666,0.5,0.0,0.006944444444444444,x,z,y,-0.8295209729562933
127,-0.1666666666666666,0.5,0.0,0.006944444444444444,x,z,z,-0.021569330531999678
127,-0.1666666666666666,0.5,0.0,0.006944444444444444,y,x,x,-0.020884745002839215
127,-0.1666666666666666,0.5,0.0,0.006944444444444444,y,x,y,-0.6458729631454458
127,-0.1666666666666666,0.5,0.0,0.006944444444444444,y,x,z,-0.5118458551415491
127,-0.1666666666666666,0.5,0.0,0.006944444444444444,y,y,x,0.5489296074466956
127,-0.1666666666666666,0.5,0.0,0.006944444444444444,y,y,y,0.09375802478258642
127,-0.1666666666666666,0.5,0.0,0.006944444444444444,y,y,z,-0.05230360405793767
127,-0.1666666666666666,0.5,0.0,0.006944444444444444,y,z,x,0.46962592672217346
127,-0.1666666666666666,0.5,0.0,0.006944444444444444,y,z,y,0.14569855328918876
127,-0.1666666666666666,0.5,0.0,0.006944444444444444,y,z,z,0.020457822454955137
127,-0.1666666666666666,0.5,0.0,0.006944444444444444,z,x,x,0.005499828260051367
127,-0.1666666666666666,0.5,0.0,0.006944444444444444,z,x,y,0.4236805706302519
127,-0.1666666666666666,0.5,0.0,0.006944444444444444,z,x,z,0.2864546875074387
127,-0.1666666666666666,0.5,0.0,0.006944444444444444,z,y,x,-0.8053550974081343
127,-0.1666666666666666,0.5,0.0,0.006944444444444444,z,y,y,0.06621203293361042
127,-0.1666666666666666,0.5,0.0,0.006944444444444444,z,y,z,0.2833984030342689
127,-0.1666666666666666,0.5,0.0,0.006944444444444444,z,z,x,0.01654161116093617
127,-0.1666666666666666,0.5,0.0,0.006944444444444444,z,z,y,-0.1735416423574091
127,-0.1666666666666666,0.5,0.0,0.006944444444444444,z,z,z,-0.005544095155416706
128,-0.1666666666666666,-0.4166666666666666,0.0,0.006944444444444444,x,x,x,0.3581183797134736
128,-0.1666666666666666,-0.4166666666666666,0.0,0.006944444444444444,x,x,y,0.3675347049410664
128,-0.1666666666666666,-0.4166666666666666,0.0,0.006944444444444444,x,x,z,-0.17768830099839827
128,-0.1666666666666666,-0.4166666666666666,0.0,0.006944444444444444,x,y,x,-0.3976945474900297
128,-0.1666666666666666,-0.4166666666666666,0.0,0.006944444444444444,x,y,y,-0.15133167314292229
128,-0.1666666666666666,-0.4166666666666666,0.0,0.006944444444444444,x,y,z,0.6001278936238387
128,-0.1666666666666666,-0.4166666666666666,0.0,0.006944444444444444,x,z,x,-0.0385621465747059
128,-0.1666666666666666,-0.4166666666666666,0.0,0.006944444444444444,x,z,y,-0.9216245153218784
128,-0.1666666666666666,-0.4166666666666666,0.0,0.006944444444444444,x,z,z,0.011955123022214057
128,-0.1666666666666666,-0.4166666666666666,0.0,0.006944444444444444,y,x,x,-0.009084820204245453
128,-0.1666666666666666,-0.4166666666666666,0.0,0.006944444444444444,y,x,y,-0.42208936617617365
128,-0.1666666666666666,-0.4166666666666666,0.0,0.006944444444444444,y,x,z,-0.7483816988602197
128,-0.1666666666666666,-0.4166666666666666,0.0,0.006944444444444444,y,y,x,0.42972679270507647
128,-0.1666666666666666,-0.4166666666666666,0.0,0.006944444444444444,y,y,y,0.19165972231857673
128,-0.1666666666666666,-0.4166666666666666,0.0,0.006944444444444444,y,y,z,-0.0009111723561041451
128,-0.1666666666666666,-0.4166666666666666,0.0,0.006944444444444444,y,z,x,0.5893896115594748
128,-0.1666666666666666,-0.4166666666666666,0.0,0.006944444444444444,y,z,y,0.19167870395785488
128,-0.1666666666666666,-0.4166666666666666,0.0,0.006944444444444444,y,z,z,0.025297414909908333
128,-0.1666666666666666,-0.4166666666666666,0.0,0.006944444444444444,z,x,x,-0.003278083409974989
128,-0.1666666666666666,-0.4166666666666666,0.0,0.006944444444444444,z,x,y,0.14708580327495568
128,-0.1666666666666666,-0.4166666666666666,0.0,0.006944444444444444,z,x,z,0.2598786989578591
128,-0.1666666666666666,-0.4166666666666666,0.0,0.006944444444444444,z,y,x,-0.4669687633048564
128,-0.1666666666666666,-0.4166666666666666,0.0,0.006944444444444444,z,y,y,0.131584231520746
128,-0.1666666666666666,-0.4166666666666666,0.0,0.006944444444444444,z,y,z,0.5465783313091636
128,-0.1666666666666666,-0.4166666666666666,0.0,0.006944444444444444,z,z,x,-0.018518036655202793
128,-0.1666666666666666,-0.4166666666666666,0.0,0.006944444444444444,z,z,y,-0.28502974262715836
128,-0.1666666666666666,-0.4166666666666666,0.0,0.006944444444444444,z,z,z,-0.010801356458362683
129,-0.1666666666666666,-0.3333333333333334,0.0,0.006944444444444444,x,x,x,0.0666556132818789
129,-0.1666666666666666,-0.3333333333333334,0.0,0.006944444444444444,x,x,y,0.6711003004866217
129,-0.1666666666666666,-0.3333333333333334,0.0,0.006944444444444444,x,x,z,-0.16083926106783905
129,-0.1666666666666666,-0.3333333333333334,0.0,0.006944444444444444,x,y,x,-0.7268052216852631
129,-0.1666666666666666,-0.3333333333333334,0.0,0.006944444444444444,x,y,y,0.12665996646686867
129,-0.1666666666666666,-0.3333333333333334,0.0,0.006944444444444444,x,y,z,0.8436322531619067
129,-0.1666666666666666,-0.3333333333333334,0.0,0.006944444444444444,x,z,x,-0.09080087873532987
129,-0.1666666666666666,-0.3333333333333334,0.0,0.006944444444444444,x,z,y,-0.6703052573962841
129,-0.1666666666666666,-0.3333333333333334,0.0,0.006944444444444444,x,z,z,0.04267229343710307
129,-0.1666666666666666,-0.3333333333333334,0.0,0.006944444444444444,y,x,x,0.19527157274730875
129,-0.1666666666666666,-0.3333333333333334,0.0,0.006944444444444444,y,x,y,-0.4056844708429252
129,-0.1666666666666666,-0.3333333333333334,0.0,0.006944444444444444,y,x,z,-1.0293356250089674
129,-0.1666666666666666,-0.3333333333333334,0.0,0.006944444444444444,y,y,x,0.4013621645727784
129,-0.1666666666666666,-0.3333333333333334,0.0,0.006944444444444444,y,y,y,0.13956663527795635
129,-0.1666666666666666,-0.3333333333333334,0.0,0.006944444444444444,y,y,z,0.16083917037290865
129,-0.1666666666666666,-0.3333333333333334,0.0,0.006944444444444444,y,z,x,0.5654317870528508
129,-0.1666666666666666,-0.3333333333333334,0.0,0.006944444444444444,y,z,y,0.09080579585899706
129,-0.1666666666666666,-0.3333333333333334,0.0,0.006944444444444444,y,z,z,0.07390695684793154
129,-0.1666666666666666,-0.3333333333333334,0.0,0.006944444444444444,z,x,x,-0.12946670201800686
129,-0.1666666666666666,-0.3333333333333334,0.0,0.006944444444444444,z,x,y,-0.20661768222616778
129,-0.1666666666666666,-0.3333333333333334,0.0,0.006944444444444444,z,x,z,0.30569487555874314
129,-0.1666666666666666,-0.3333333333333334,0.0,0.006944444444444444,z,y,x,0.05711480795012281
129,-0.1666666666666666,-0.3333333333333334,0.0,0.006944444444444444,z,y,y,0.12946700749206086
129,-0.1666666666666666,-0.3333333333333334,0.0,0.006944444444444444,z,y,z,0.5295207894573701
129,-0.1666666666666666,-0.3333333333333334,0.0,0.006944444444444444,z,z,x,-0.12213940270693123
129,-0.1666666666666666,-0.3333333333333334,0.0,0.006944444444444444,z,z,y,-0.21158357456047092
129,-0.1666666666666666,-0.3333333333333334,0.0,0.006944444444444444,z,z,z,1.4030387814514185e-06
130,-0.1666666666666666,-0.25,0.0,0.006944444444444444,x,x,x,-1.0054089337660015
130,-0.1666666666666666,-0.25,0.0,0.006944444444444444,x,x,y,-1.679122475858243
130,-0.1666666666666666,-0.25,0.0,0.006944444444444444,x,x,z,0.3655761069795165
130,-0.1666666666666666,-0.25,0.0,0.006944444444444444,x,y,x,1.2657213295092844
130,-0.1666666666666666,-0.25,0.0,0.006944444444444444,x,y,y,2.0358342195552814
130,-0.1666666666666666,-0.25,0.0,0.006944444444444444,x,y,z,0.31843341383806284
130,-0.1666666666666666,-0.25,0.0,0.006944444444444444,x,z,x,-0.21259619898772042
130,-0.1666666666666666,-0.25,0.0,0.006944444444444444,x,z,y,1.1903172923497787
130,-0.1666666666666666,-0.25,0.0,0.006944444444444444,x,z,z,-0.02570968203521581
130,-0.1666666666666666,-0.25,0.0,0.006944444444444444,y,x,x,0.6170089575444817
130,-0.1666666666666666,-0.25,0.0,0.006944444444444444,y,x,y,-2.969788462420266
130,-0.1666666666666666,-0.25,0.0,0.006944444444444444,y,x,z,-1.0849708781612228
130,-0.1666666666666666,-0.25,0.0,0.006944444444444444,y,y,x,2.9104098092928674
130,-0.1666666666666666,-0.25,0.0,0.006944444444444444,y,y,y,-0.9003150979648245
130,-0.1666666666666666,-0.25,0.0,0.006944444444444444,y,y,z,0.07406542838472066
130,-0.1666666666666666,-0.25,0.0,0.006944444444444444,y,z,x,-0.33141468198746127
130,-0.1666666666666666,-0.25,0.0,0.006944444444444444,y,z,y,0.1245790067585423
130,-0.1666666666666666,-0.25,0.0,0.006944444444444444,y,z,z,0.2532658997757945
130,-0.1666666666666666,-0.25,0.0,0.006944444444444444,z,x,x,-0.22374770087475057
130,-0.1666666666666666,-0.25,0.0,0.006944444444444444,z,x,y,-0.5195597682883637
130,-0.1666666666666666,-0.25,0.0,0.006944444444444444,z,x,z,0.5513718766300588
130,-0.1666666666666666,-0.25,0.0,0.006944444444444444,z,y,x,0.2558850848773607
130,-0.1666666666666666,-0.25,0.0,0.006944444444444444,z,y,y,-0.5738928333583626
130,-0.1666666666666666,-0.25,0.0,0.006944444444444444,z,y,z,0.04108629696016003
130,-0.1666666666666666,-0.25,0.0,0.006944444444444444,z,z,x,-0.048629137851749236
130,-0.1666666666666666,-0.25,0.0,0.006944444444444444,z,z,y,-0.6653034536878852
130,-0.1666666666666666,-0.25,0.0,0.006944444444444444,z,z,z,0.04339398585811621
131,-0.1666666666666666,-0.1666666666666666,0.0,0.006944444444444444,x,x,x,-1.6047140141810974
131,-0.1666666666666666,-0.1666666666666666,0.0,0.006944444444444444,x,x,y,-14.657579996163971
131,-0.1666666666666666,-0.1666666666666666,0.0,0.006944444444444444,x,x,z,2.2650325869715893
131,-0.1666666666666666,-0.1666666666666666,0.0,0.006944444444444444,x,y,x,13.195387405219444
131,-0.1666666666666666,-0.1666666666666666,0.0,0.006944444444444444,x,y,y,5.515278204789958
131,-0.1666666666666666,-0.1666666666666666,0.0,0.006944444444444444,x,y,z,-2.7913657192815786
131,-0.1666666666666666,-0.1666666666666666,0.0,0.006944444444444444,x,z,x,-1.2758370706455409
131,-0.1666666666666666,-0.1666666666666666,0.0,0.006944444444444444,x,z,y,6.121979936034769
131,-0.1666666666666666,-0.1666666666666666,0.0,0.006944444444444444,x,z,z,-0.491127516550923
131,-0.1666666666666666,-0.1666666666666666,0.0,0.006944444444444444,y,x,x,-2.655494774289878
131,-0.1666666666666666,-0.1666666666666666,0.0,0.006944444444444444,y,x,y,-3.6362161253720275
131,-0.1666666666666666,-0.1666666666666666,0.0,0.006944444444444444,y,x,z,0.17599096080126084
131,-0.1666666666666666,-0.1666666666666666,0.0,0.006944444444444444,y,y,x,12.444532427958796
131,-0.1666666666666666,-0.1666666666666666,0.0,0.006944444444444444,y,y,y,-4.117733146680042
131,-0.1666666666666666,-0.1666666666666666,0.0,0.006944444444444444,y,y,z,-2.26509280114201
131,-0.1666666666666666,-0.1666666666666666,0.0,0.006944444444444444,y,z,x,-4.648827495523268
131,-0.1666666666666666,-0.1666666666666666,0.0,0.006944444444444444,y,z,y,1.2758727686920095
131,-0.1666666666666666,-0.1666666666666666,0.0,0.006944444444444444,y,z,z,0.8506398067793561
131,-0.1666666666666666,-0.1666666666666666,0.0,0.006944444444444444,z,x,x,2.66460792870319
131,-0.1666666666666666,-0.1666666666666666,0.0,0.006944444444444444,z,x,y,1.4395069505141571
131,-0.1666666666666666,-0.1666666666666666,0.0,0.006944444444444444,z,x,z,0.2958199187463321
131,-0.1666666666666666,-0.1666666666666666,0.0,0.006944444444444444,z,y,x,-4.5163541591121525
131,-0.1666666666666666,-0.1666666666666666,0.0,0.006944444444444444,z,y,y,-2.6646617429484047
131,-0.1666666666666666,-0.1666666666666666,0.0,0.006944444444444444,z,y,z,-0.5124238781124844
131,-0.1666666666666666,-0.1666666666666666,0.0,0.006944444444444444,z,z,x,2.756338890449761
131,-0.1666666666666666,-0.1666666666666666,0.0,0.006944444444444444,z,z,y,-4.77410384147112
131,-0.1666666666666666,-0.1666666666666666,0.0,0.006944444444444444,z,z,z,1.6079754636588932e-05
132,-0.1666666666666666,-0.0833333333333334,0.0,0.006944444444444444,x,x,x,-1.0579527357833938
132,-0.1666666666666666,-0.0833333333333334,0.0,0.006944444444444444,x,x,y,1.6235779252586696e-05
132,-0.1666666666666666,-0.0833333333333334,0.0,0.006944444444444444,x,x,z,5.377043665389312e-06
132,-0.1666666666666666,-0.0833333333333334,0.0,0.006944444444444444,x,y,x,1.8352089404729154e-05
132,-0.1666666666666666,-0.0833333333333334,0.0,0.006944444444444444,x,y,y,3.034624586595382
132,-0.1666666666666666,-0.0833333333333334,0.0,0.006944444444444444,x,y,z,0.19224745584262143
132,-0.1666666666666666,-0.0833333333333334,0.0,0.006944444444444444,x,z,x,-1.2355838291298876e-05
132,-0.1666666666666666,-0.0833333333333334,0.0,0.006944444444444444,x,z,y,1.7101990327633767
132,-0.1666666666666666,-0.0833333333333334,0.0,0.006944444444444444,x,z,z,-0.3440516232655816
132,-0.1666666666666666,-0.0833333333333334,0.0,0.006944444444444444,y,x,x,-7.352967880825803e-06
132,-0.1666666666666666,-0.0833333333333334,0.0,0.006944444444444444,y,x,y,5.226118596391387
132,-0.1666666666666666,-0.0833333333333334,0.0,0.006944444444444444,y,x,z,-0.9761552132967078
132,-0.1666666666666666,-0.0833333333333334,0.0,0.006944444444444444,y,y,x,6.8116207793870265
132,-0.1666666666666666,-0.0833333333333334,0.0,0.006944444444444444,y,y,y,8.664690070134897e-06
132,-0.1666666666666666,-0.0833333333333334,0.0,0.006944444444444444,y,y,z,-3.367549049860974e-06
132,-0.1666666666666666,-0.0833333333333334,0.0,0.006944444444444444,y,z,x,-4.201801196585885
132,-0.1666666666666666,-0.0833333333333334,0.0,0.006944444444444444,y,z,y,-1.1005632879289203e-06
132,-0.1666666666666666,-0.0833333333333334,0.0,0.006944444444444444,y,z,z,1.0656852744539181e-06
132,-0.1666666666666666,-0.0833333333333334,0.0,0.006944444444444444,z,x,x,2.0137223810379267e-05
132,-0.1666666666666666,-0.0833333333333334,0.0,0.006944444444444444,z,x,y,5.881018508707253
132,-0.1666666666666666,-0.0833333333333334,0.0,0.006944444444444444,z,x,z,-0.04045280860723508
132,-0.1666666666666666,-0.0833333333333334,0.0,0.006944444444444444,z,y,x,-7.52421402706155
132,-0.1666666666666666,-0.0833333333333334,0.0,0.006944444444444444,z,y,y,-4.81687571930869e-06
132,-0.1666666666666666,-0.0833333333333334,0.0,0.006944444444444444,z,y,z,-5.674524002426316e-06
132,-0.1666666666666666,-0.0833333333333334,0.0,0.006944444444444444,z,z,x,1.7741906111118089
132,-0.1666666666666666,-0.0833333333333334,0.0,0.006944444444444444,z,z,y,-1.2480465267665586e-06
132,-0.1666666666666666,-0.0833333333333334,0.0,0.006944444444444444,z,z,z,8.676567072791583e-07
133,-0.0833333333333334,0.0,0.0,0.006944444444444444,x,x,x,-14.646743845067675
133,-0.0833333333333334,0.0,0.0,0.006944444444444444,x,x,y,13.0137038526758
133,-0.0833333333333334,0.0,0.0,0.006944444444444444,x,x,z,-2.444288141817429
133,-0.0833333333333334,0.0,0.0,0.006944444444444444,x,y,x,-9.447283341526889
133,-0.0833333333333334,0.0,0.0,0.006944444444444444,x,y,y,24.258063358462188
133,-0.0833333333333334,0.0,0.0,0.006944444444444444,x,y,z,-3.0716205078204877
133,-0.0833333333333334,0.0,0.0,0.006944444444444444,x,z,x,-2.229368031680092
133,-0.0833333333333334,0.0,0.0,0.006944444444444444,x,z,y,9.690779883512024
133,-0.0833333333333334,0.0,0.0,0.006944444444444444,x,z,z,-0.6390532386571521
133,-0.0833333333333334,0.0,0.0,0.006944444444444444,y,x,x,6.54045442576887
133,-0.0833333333333334,0.0,0.0,0.006944444444444444,y,x,y,15.027612081234532
133,-0.0833333333333334,0.0,0.0,0.006944444444444444,y,x,z,0.24918628012583402
133,-0.0833333333333334,0.0,0.0,0.006944444444444444,y,y,x,27.995142913060988
133,-0.0833333333333334,0.0,0.0,0.006944444444444444,y,y,y,10.106832684950774
133,-0.0833333333333334,0.0,0.0,0.006944444444444444,y,y,z,2.444317141517908
133,-0.0833333333333334,0.0,0.0,0.006944444444444444,y,z,x,-12.265084318914624
133,-0.0833333333333334,0.0,0.0,0.006944444444444444,y,z,y,2.2292985219011876
133,-0.0833333333333334,0.0,0.0,0.006944444444444444,y,z,z,-1.1068707132380315
133,-0.0833333333333334,0.0,0.0,0.006944444444444444,z,x,x,-1.1159528480694647
133,-0.0833333333333334,0.0,0.0,0.006944444444444444,z,x,y,39.12549963680777
133,-0.0833333333333334,0.0,0.0,0.006944444444444444,z,x,z,-0.08340150141176168
133,-0.0833333333333334,0.0,0.0,0.006944444444444444,z,y,x,-40.41420632996786
133,-0.0833333333333334,0.0,0.0,0.006944444444444444,z,y,y,1.1159679909816256
133,-0.0833333333333334,0.0,0.0,0.006944444444444444,z,y,z,-0.1444670822250005
133,-0.0833333333333334,0.0,0.0,0.006944444444444444,z,z,x,3.709869584919437
133,-0.0833333333333334,0.0,0.0,0.006944444444444444,z,z,y,6.425663121755747
133,-0.0833333333333334,0.0,0.0,0.006944444444444444,z,z,z,-6.50047557485739e-06
134,-0.0833333333333334,0.0833333333333333,0.0,0.006944444444444444,x,x,x,-5.51994783551267
134,-0.0833333333333334,0.0833333333333333,0.0,0.006944444444444444,x,x,y,2.4068054501553324
134,-0.0833333333333334,0.0833333333333333,0.0,0.006944444444444444,x,x,z,-0.3394699081462787
134,-0.0833333333333334,0.0833333333333333,0.0,0.006944444444444444,x,y,x,1.0335956268152058
134,-0.0833333333333334,0.0833333333333333,0.0,0.006944444444444444,x,y,y,4.531621526366664
134,-0.0833333333333334,0.0833333333333333,0.0,0.006944444444444444,x,y,z,0.7801735695142806
134,-0.0833333333333334,0.0833333333333333,0.0,0.006944444444444444,x,z,x,-1.0788771525834002
134,-0.0833333333333334,0.0833333333333333,0.0,0.006944444444444444,x,z,y,3.5789497840661815
134,-0.0833333333333334,0.0833333333333333,0.0,0.006944444444444444,x,z,z,0.17202344654549456
134,-0.0833333333333334,0.0833333333333333,0.0,0.006944444444444444,y,x,x,-0.8642771322969665
134,-0.0833333333333334,0.0833333333333333,0.0,0.006944444444444444,y,x,y,3.4358965969850517
134,-0.0833333333333334,0.0833333333333333,0.0,0.006944444444444444,y,x,z,-0.38817393212565526
134,-0.0833333333333334,0.0833333333333333,0.0,0.006944444444444444,y,y,x,2.643038229122622
134,-0.0833333333333334,0.0833333333333333,0.0,0.006944444444444444,y,y,y,2.5761298031753386
134,-0.0833333333333334,0.0833333333333333,0.0,0.006944444444444444,y,y,z,0.33947137373041103
134,-0.0833333333333334,0.0833333333333333,0.0,0.006944444444444444,y,z,x,-2.3331825071867716
134,-0.0833333333333334,0.0833333333333333,0.0,0.006944444444444444,y,z,y,1.0788764128342703
134,-0.0833333333333334,0.0833333333333333,0.0,0.006944444444444444,y,z,z,-0.29795354182622164
134,-0.0833333333333334,0.0833333333333333,0.0,0.006944444444444444,z,x,x,-0.7115212759853701
134,-0.0833333333333334,0.0833333333333333,0.0,0.006944444444444444,z,x,y,7.113476623082062
134,-0.0833333333333334,0.0833333333333333,0.0,0.006944444444444444,z,x,z,0.020197561177243917
134,-0.0833333333333334,0.0833333333333333,0.0,0.006944444444444444,z,y,x,-6.291887068296771
134,-0.0833333333333334,0.0833333333333333,0.0,0.006944444444444444,z,y,y,0.711522425294508
134,-0.0833333333333334,0.0833333333333333,0.0,0.006944444444444444,z,y,z,-0.03500800153890543
134,-0.0833333333333334,0.0833333333333333,0.0,0.006944444444444444,z,z,x,-0.8870749292717234
134,-0.0833333333333334,0.0833333333333333,0.0,0.006944444444444444,z,z,y,1.5364793923353124
134,-0.0833333333333334,0.0833333333333333,0.0,0.006944444444444444,z,z,z,-2.107912104590801e-06
135,-0.0833333333333334,0.1666666666666667,0.0,0.006944444444444444,x,x,x,-1.1561848489126645
135,-0.0833333333333334,0.1666666666666667,0.0,0.006944444444444444,x,x,y,-0.6213877026230984
135,-0.0833333333333334,0.1666666666666667,0.0,0.006944444444444444,x,x,z,0.47888205851735666
135,-0.0833333333333334,0.1666666666666667,0.0,0.006944444444444444,x,y,x,2.99864813309176
135,-0.0833333333333334,0.1666666666666667,0.0,0.006944444444444444,x,y,y,0.39562471382433767
135,-0.0833333333333334,0.1666666666666667,0.0,0.006944444444444444,x,y,z,1.0195787888592163
135,-0.0833333333333334,0.1666666666666667,0.0,0.006944444444444444,x,z,x,-0.33165339299791446
135,-0.0833333333333334,0.1666666666666667,0.0,0.006944444444444444,x,z,y,0.4001271741640308
135,-0.0833333333333334,0.1666666666666667,0.0,0.006944444444444444,x,z,z,0.23219178340771568
135,-0.0833333333333334,0.1666666666666667,0.0,0.006944444444444444,y,x,x,-1.01202147328659
135,-0.0833333333333334,0.1666666666666667,0.0,0.006944444444444444,y,x,y,3.460283298253339
135,-0.0833333333333334,0.1666666666666667,0.0,0.006944444444444444,y,x,z,-0.38382583406763177
135,-0.0833333333333334,0.1666666666666667,0.0,0.006944444444444444,y,y,x,-2.0302192844809537
135,-0.0833333333333334,0.1666666666666667,0.0,0.006944444444444444,y,y,y,0.26130770762944505
135,-0.0833333333333334,0.1666666666666667,0.0,0.006944444444444444,y,y,z,-0.039231858179272876
135,-0.0833333333333334,0.1666666666666667,0.0,0.006944444444444444,y,z,x,-1.1216172597906107
135,-0.0833333333333334,0.1666666666666667,0.0,0.006944444444444444,y,z,y,0.24361938682574164
135,-0.0833333333333334,0.1666666666666667,0.0,0.006944444444444444,y,z,z,-0.1043708146916004
135,-0.0833333333333334,0.1666666666666667,0.0,0.006944444444444444,z,x,x,-0.3721813966037409
135,-0.0833333333333334,0.1666666666666667,0.0,0.006944444444444444,z,x,y,-0.17020192198163298
135,-0.0833333333333334,0.1666666666666667,0.0,0.006944444444444444,z,x,z,-0.24013977135318382
135,-0.0833333333333334,0.1666666666666667,0.0,0.006944444444444444,z,y,x,0.6052652389829689
135,-0.0833333333333334,0.1666666666666667,0.0,0.006944444444444444,z,y,y,-0.42544965108014265
135,-0.0833333333333334,0.1666666666666667,0.0,0.006944444444444444,z,y,z,-0.4980629978911901
135,-0.0833333333333334,0.1666666666666667,0.0,0.006944444444444444,z,z,x,-0.551826657098104
135,-0.0833333333333334,0.1666666666666667,0.0,0.006944444444444444,z,z,y,0.3747743227068162
135,-0.0833333333333334,0.1666666666666667,0.0,0.006944444444444444,z,z,z,0.0433880651069252
136,-0.0833333333333334,0.25,0.0,0.006944444444444444,x,x,x,0.7661742299654447
136,-0.0833333333333334,0.25,0.0,0.006944444444444444,x,x,y,-0.5383328268471392
136,-0.0833333333333334,0.25,0.0,0.006944444444444444,x,x,z,0.4554536090016988
136,-0.0833333333333334,0.25,0.0,0.006944444444444444,x,y,x,1.909613827234245
136,-0.0833333333333334,0.25,0.0,0.006944444444444444,x,y,y,-0.3802400478953939
136,-0.0833333333333334,0.25,0.0,0.006944444444444444,x,y,z,0.6395088073558429
136,-0.0833333333333334,0.25,0.0,0.006944444444444444,x,z,x,-0.07876236938017847
136,-0.0833333333333334,0.25,0.0,0.006944444444444444,x,z,y,-0.8043689311717446
136,-0.0833333333333334,0.25,0.0,0.006944444444444444,x,z,z,0.0879188577805534
136,-0.0833333333333334,0.25,0.0,0.006944444444444444,y,x,x,-0.2982942148472704
136,-0.0833333333333334,0.25,0.0,0.006944444444444444,y,x,y,1.2590578062812445
136,-0.0833333333333334,0.25,0.0,0.006944444444444444,y,x,z,-0.13686669582324595
136,-0.0833333333333334,0.25,0.0,0.006944444444444444,y,y,x,-0.8580497992124405
136,-0.0833333333333334,0.25,0.0,0.006944444444444444,y,y,y,-0.23230974828987822
136,-0.0833333333333334,0.25,0.0,0.006944444444444444,y,y,z,0.1977551580586065
136,-0.0833333333333334,0.25,0.0,0.006944444444444444,y,z,x,-0.6088049968982215
136,-0.0833333333333334,0.25,0.0,0.006944444444444444,y,z,y,-0.2912396914923055
136,-0.0833333333333334,0.25,0.0,0.006944444444444444,y,z,z,-0.0286443090625097
136,-0.0833333333333334,0.25,0.0,0.006944444444444444,z,x,x,-0.29689446002726116
136,-0.0833333333333334,0.25,0.0,0.006944444444444444,z,x,y,-1.3223312945630534
136,-0.0833333333333334,0.25,0.0,0.006944444444444444,z,x,z,-0.3346241182878332
136,-0.0833333333333334,0.25,0.0,0.006944444444444444,z,y,x,0.7445209839870914
136,-0.0833333333333334,0.25,0.0,0.006944444444444444,z,y,y,-0.30320552295857073
136,-0.0833333333333334,0.25,0.0,0.006944444444444444,z,y,z,-0.7171877691708782
136,-0.0833333333333334,0.25,0.0,0.006944444444444444,z,z,x,0.36408599424583593
136,-0.0833333333333334,0.25,0.0,0.006944444444444444,z,z,y,0.3675898988566267
136,-0.0833333333333334,0.25,0.0,0.006944444444444444,z,z,z,0.044105110797386264
137,-0.0833333333333334,0.3333333333333333,0.0,0.006944444444444444,x,x,x,0.9783753206147985
137,-0.0833333333333334,0.3333333333333333,0.0,0.006944444444444444,x,x,y,-0.10292235950314935
137,-0.0833333333333334,0.3333333333333333,0.0,0.006944444444444444,x,x,z,0.22106842249947645
137,-0.0833333333333334,0.3333333333333333,0.0,0.006944444444444444,x,y,x,0.6633187652574576
137,-0.0833333333333334,0.3333333333333333,0.0,0.006944444444444444,x,y,y,-0.187061273337699
137,-0.0833333333333334,0.3333333333333333,0.0,0.006944444444444444,x,y,z,0.2990167682288491
137,-0.0833333333333334,0.3333333333333333,0.0,0.006944444444444444,x,z,x,-0.03607434051059577
137,-0.0833333333333334,0.3333333333333333,0.0,0.006944444444444444,x,z,y,-0.8581056115465171
137,-0.0833333333333334,0.3333333333333333,0.0,0.006944444444444444,x,z,z,-0.056361404527783134
137,-0.0833333333333334,0.3333333333333333,0.0,0.006944444444444444,y,x,x,-0.034551624513425895
137,-0.0833333333333334,0.3333333333333333,0.0,0.006944444444444444,y,x,y,-0.9770178246361241
137,-0.0833333333333334,0.3333333333333333,0.0,0.006944444444444444,y,x,z,-0.014413109215713435
137,-0.0833333333333334,0.3333333333333333,0.0,0.006944444444444444,y,y,x,0.8836264912524869
137,-0.0833333333333334,0.3333333333333333,0.0,0.006944444444444444,y,y,y,-0.1369546345444356
137,-0.0833333333333334,0.3333333333333333,0.0,0.006944444444444444,y,y,z,0.19954301541468916
137,-0.0833333333333334,0.3333333333333333,0.0,0.006944444444444444,y,z,x,-0.19041224202213844
137,-0.0833333333333334,0.3333333333333333,0.0,0.006944444444444444,y,z,y,-0.30043548768454964
137,-0.0833333333333334,0.3333333333333333,0.0,0.006944444444444444,y,z,z,-0.013790467814888258
137,-0.0833333333333334,0.3333333333333333,0.0,0.006944444444444444,z,x,x,-0.12459142048176283
137,-0.0833333333333334,0.3333333333333333,0.0,0.006944444444444444,z,x,y,-0.216088589093518
137,-0.0833333333333334,0.3333333333333333,0.0,0.006944444444444444,z,x,z,-0.2586340755663845
137,-0.0833333333333334,0.3333333333333333,0.0,0.006944444444444444,z,y,x,-0.5096025360261309
137,-0.0833333333333334,0.3333333333333333,0.0,0.006944444444444444,z,y,y,-0.07350516497698908
137,-0.0833333333333334,0.3333333333333333,0.0,0.006944444444444444,z,y,z,-0.42729454628045876
137,-0.0833333333333334,0.3333333333333333,0.0,0.006944444444444444,z,z,x,0.6547541566924452
137,-0.0833333333333334,0.3333333333333333,0.0,0.006944444444444444,z,z,y,0.23370622503274172
137,-0.0833333333333334,0.3333333333333333,0.0,0.006944444444444444,z,z,z,0.0112222387041746
138,-0.0833333333333334,0.4166666666666667,0.0,0.006944444444444444,x,x,x,0.8399086300719255
138,-0.0833333333333334,0.4166666666666667,0.0,0.006944444444444444,x,x,y,0.008225183297769568
138,-0.0833333333333334,0.4166666666666667,0.0,0.006944444444444444,x,x,z,0.05782989425681849
138,-0.0833333333333334,0.4166666666666667,0.0,0.006944444444444444,x,y,x,0.15044812348220152
138,-0.0833333333333334,0.4166666666666667,0.0,0.006944444444444444,x,y,y,-0.046975543550428246
138,-0.0833333333333334,0.4166666666666667,0.0,0.006944444444444444,x,y,z,0.22113184124495475
138,-0.0833333333333334,0.4166666666666667,0.0,0.006944444444444444,x,z,x,-0.012030061892332085
138,-0.0833333333333334,0.4166666666666667,0.0,0.006944444444444444,x,z,y,-0.7156469969658266
138,-0.0833333333333334,0.4166666666666667,0.0,0.006944444444444444,x,z,z,-0.12188940655196465
138,-0.0833333333333334,0.4166666666666667,0.0,0.006944444444444444,y,x,x,0.006654041302979636
138,-0.0833333333333334,0.4166666666666667,0.0,0.006944444444444444,y,x,y,-1.6431409049220627
138,-0.0833333333333334,0.4166666666666667,0.0,0.006944444444444444,y,x,z,-0.010794007508737906
138,-0.0833333333333334,0.4166666666666667,0.0,0.006944444444444444,y,y,x,1.3797135850929416
138,-0.0833333333333334,0.4166666666666667,0.0,0.006944444444444444,y,y,y,-0.03530612750377388
138,-0.0833333333333334,0.4166666666666667,0.0,0.006944444444444444,y,y,z,0.07345182742472811
138,-0.0833333333333334,0.4166666666666667,0.0,0.006944444444444444,y,z,x,-0.017140657707133536
138,-0.0833333333333334,0.4166666666666667,0.0,0.006944444444444444,y,z,y,-0.10072073864422075
138,-0.0833333333333334,0.4166666666666667,0.0,0.006944444444444444,y,z,z,-0.0022096153262006228
138,-0.0833333333333334,0.4166666666666667,0.0,0.006944444444444444,z,x,x,-0.0388890339516206
138,-0.0833333333333334,0.4166666666666667,0.0,0.006944444444444444,z,x,y,0.42139796619490855
138,-0.0833333333333334,0.4166666666666667,0.0,0.006944444444444444,z,x,z,-0.19939659475481464
138,-0.0833333333333334,0.4166666666666667,0.0,0.006944444444444444,z,y,x,-1.1060602161171778
138,-0.0833333333333334,0.4166666666666667,0.0,0.006944444444444444,z,y,y,-0.015339894949927907
138,-0.0833333333333334,0.4166666666666667,0.0,0.006944444444444444,z,y,z,-0.12075749731500808
138,-0.0833333333333334,0.4166666666666667,0.0,0.006944444444444444,z,z,x,0.65767893062
138,-0.0833333333333334,0.4166666666666667,0.0,0.006944444444444444,z,z,y,0.06801533844932871
138,-0.0833333333333334,0.4166666666666667,0.0,0.006944444444444444,z,z,z,-0.00024311450924833643
139,-0.0833333333333334,0.5,0.0,0.006944444444444444,x,x,x,0.8399083788909543
139,-0.0833333333333334,0.5,0.0,0.006944444444444444,x,x,y,-0.008219562436518012
139,-0.0833333333333334,0.5,0.0,0.006944444444444444,x,x,z,-0.05783122601645151
139,-0.0833333333333334,0.5,0.0,0.006944444444444444,x,y,x,-0.15045866290232274
139,-0.0833333333333334,0.5,0.0,0.006944444444444444,x,y,y,-0.04697533382093175
139,-0.0833333333333334,0.5,0.0,0.006944444444444444,x,y,z,0.22113233316680211
139,-0.0833333333333334,0.5,0.0,0.006944444444444444,x,z,x,0.012031292351428172
139,-0.0833333333333334,0.5,0.0,0.006944444444444444,x,z,y,-0.7156474125214032
139,-0.0833333333333334,0.5,0.0,0.006944444444444444,x,z,z,-0.12188934903249098
139,-0.0833333333333334,0.5,0.0,0.006944444444444444,y,x,x,-0.006652080415385328
139,-0.0833333333333334,0.5,0.0,0.006944444444444444,y,x,y,-1.643139133127439
139,-0.0833333333333334,0.5,0.0,0.006944444444444444,y,x,z,-0.010794102158396206
139,-0.0833333333333334,0.5,0.0,0.006944444444444444,y,y,x,1.379711637328587
139,-0.0833333333333334,0.5,0.0,0.006944444444444444,y,y,y,0.03530633383370046
139,-0.0833333333333334,0.5,0.0,0.006944444444444444,y,y,z,-0.07345012423450736
139,-0.0833333333333334,0.5,0.0,0.006944444444444444,y,z,x,-0.017140587191985655
139,-0.0833333333333334,0.5,0.0,0.006944444444444444,y,z,y,0.10071788766775162
139,-0.0833333333333334,0.5,0.0,0.006944444444444444,y,z,z,0.0022092806714869486
139,-0.0833333333333334,0.5,0.0,0.006944444444444444,z,x,x,0.03888980661297687
139,-0.0833333333333334,0.5,0.0,0.006944444444444444,z,x,y,0.42139867665737235
139,-0.0833333333333334,0.5,0.0,0.006944444444444444,z,x,z,-0.19939557909454278
139,-0.0833333333333334,0.5,0.0,0.006944444444444444,z,y,x,-1.106060823388861
139,-0.0833333333333334,0.5,0.0,0.006944444444444444,z,y,y,0.01534019800044475
139,-0.0833333333333334,0.5,0.0,0.006944444444444444,z,y,z,0.12075988627097757
139,-0.0833333333333334,0.5,0.0,0.006944444444444444,z,z,x,0.6576776214463068
139,-0.0833333333333334,0.5,0.0,0.006944444444444444,z,z,y,-0.0680196246145787
139,-0.0833333333333334,0.5,0.0,0.006944444444444444,z,z,z,0.00024331332145509886
140,-0.0833333333333334,-0.4166666666666666,0.0,0.006944444444444444,x,x,x,0.9783736314095798
140,-0.0833333333333334,-0.4166666666666666,0.0,0.006944444444444444,x,x,y,0.10292952818242891
140,-0.0833333333333334,-0.4166666666666666,0.0,0.006944444444444444,x,x,z,-0.22106960212578075
140,-0.0833333333333334,-0.4166666666666666,0.0,0.006944444444444444,x,y,x,-0.6633303532326504
140,-0.0833333333333334,-0.4166666666666666,0.0,0.006944444444444444,x,y,y,-0.18706021848030083
140,-0.0833333333333334,-0.4166666666666666,0.0,0.006944444444444444,x,y,z,0.2990183791094875
140,-0.0833333333333334,-0.4166666666666666,0.0,0.006944444444444444,x,z,x,0.03607580522075303
140,-0.0833333333333334,-0.4166666666666666,0.0,0.006944444444444444,x,z,y,-0.8581066416752862
140,-0.0833333333333334,-0.4166666666666666,0.0,0.006944444444444444,x,z,z,-0.05636132578324331
140,-0.0833333333333334,-0.4166666666666666,0.0,0.006944444444444444,y,x,x,0.034554661742854334
140,-0.0833333333333334,-0.4166666666666666,0.0,0.006944444444444444,y,x,y,-0.9770140350352895
140,-0.0833333333333334,-0.4166666666666666,0.0,0.006944444444444444,y,x,z,-0.014413693444269475
140,-0.0833333333333334,-0.4166666666666666,0.0,0.006944444444444444,y,y,x,0.8836216458268698
140,-0.0833333333333334,-0.4166666666666666,0.0,0.006944444444444444,y,y,y,0.13695413617301433
140,-0.0833333333333334,-0.4166666666666666,0.0,0.006944444444444444,y,y,z,-0.19954104230299446
140,-0.0833333333333334,-0.4166666666666666,0.0,0.006944444444444444,y,z,x,-0.19041162898786512
140,-0.0833333333333334,-0.4166666666666666,0.0,0.006944444444444444,y,z,y,0.30043177260648957
140,-0.0833333333333334,-0.4166666666666666,0.0,0.006944444444444444,y,z,z,0.013790035237954523
140,-0.0833333333333334,-0.4166666666666666,0.0,0.006944444444444444,z,x,x,0.12459261373025167
140,-0.0833333333333334,-0.4166666666666666,0.0,0.006944444444444444,z,x,y,-0.2160836278143642
140,-0.0833333333333334,-0.4166666666666666,0.0,0.006944444444444444,z,x,z,-0.2586308311816617
140,-0.0833333333333334,-0.4166666666666666,0.0,0.006944444444444444,z,y,x,-0.5096071123903088
140,-0.0833333333333334,-0.4166666666666666,0.0,0.006944444444444444,z,y,y,0.07350498261772803
140,-0.0833333333333334,-0.4166666666666666,0.0,0.006944444444444444,z,y,z,0.4272970898948437
140,-0.0833333333333334,-0.4166666666666666,0.0,0.006944444444444444,z,z,x,0.6547495592071845
140,-0.0833333333333334,-0.4166666666666666,0.0,0.006944444444444444,z,z,y,-0.23371103269862317
140,-0.0833333333333334,-0.4166666666666666,0.0,0.006944444444444444,z,z,z,-0.011222119795411281
141,-0.0833333333333334,-0.3333333333333334,0.0,0.006944444444444444,x,x,x,0.7661715171543053
141,-0.0833333333333334,-0.3333333333333334,0.0,0.006944444444444444,x,x,y,0.538340587130808
141,-0.0833333333333334,-0.3333333333333334,0.0,0.006944444444444444,x,x,z,-0.4554543540988751
141,-0.0833333333333334,-0.3333333333333334,0.0,0.006944444444444444,x,y,x,-1.909619407885182
141,-0.0833333333333334,-0.3333333333333334,0.0,0.006944444444444444,x,y,y,-0.38023602779705257
141,-0.0833333333333334,-0.3333333333333334,0.0,0.006944444444444444,x,y,z,0.6395115049757167
141,-0.0833333333333334,-0.3333333333333334,0.0,0.006944444444444444,x,z,x,0.07876369138884273
141,-0.0833333333333334,-0.3333333333333334,0.0,0.006944444444444444,x,z,y,-0.8043704962848771
141,-0.0833333333333334,-0.3333333333333334,0.0,0.006944444444444444,x,z,z,0.08791884162598718
141,-0.0833333333333334,-0.3333333333333334,0.0,0.006944444444444444,y,x,x,0.29829798502702765
141,-0.0833333333333334,-0.3333333333333334,0.0,0.006944444444444444,y,x,y,1.2590499307859069
141,-0.0833333333333334,-0.3333333333333334,0.0,0.006944444444444444,y,x,z,-0.13686914076795526
141,-0.0833333333333334,-0.3333333333333334,0.0,0.006944444444444444,y,y,x,-0.8580491355130011
141,-0.0833333333333334,-0.3333333333333334,0.0,0.006944444444444444,y,y,y,0.23230837889413927
141,-0.0833333333333334,-0.3333333333333334,0.0,0.006944444444444444,y,y,z,-0.19775296784908464
141,-0.0833333333333334,-0.3333333333333334,0.0,0.006944444444444444,y,z,x,-0.6087998328126101
141,-0.0833333333333334,-0.3333333333333334,0.0,0.006944444444444444,y,z,y,0.29123577124947453
141,-0.0833333333333334,-0.3333333333333334,0.0,0.006944444444444444,y,z,z,0.028643825189697627
141,-0.0833333333333334,-0.3333333333333334,0.0,0.006944444444444444,z,x,x,0.29689668107942085
141,-0.0833333333333334,-0.3333333333333334,0.0,0.006944444444444444,z,x,y,-1.322314873277368
141,-0.0833333333333334,-0.3333333333333334,0.0,0.006944444444444444,z,x,z,-0.33461780389512336
141,-0.0833333333333334,-0.3333333333333334,0.0,0.006944444444444444,z,y,x,0.7445040017605885
141,-0.0833333333333334,-0.3333333333333334,0.0,0.006944444444444444,z,y,y,0.30320142820161305
141,-0.0833333333333334,-0.3333333333333334,0.0,0.006944444444444444,z,y,z,0.7171892189227166
141,-0.0833333333333334,-0.3333333333333334,0.0,0.006944444444444444,z,z,x,0.364078823433988
141,-0.0833333333333334,-0.3333333333333334,0.0,0.006944444444444444,z,z,y,-0.3675945217458699
141,-0.0833333333333334,-0.3333333333333334,0.0,0.006944444444444444,z,z,z,-0.04410527964224123
142,-0.0833333333333334,-0.25,0.0,0.006944444444444444,x,x,x,-1.1561767632356514
142,-0.0833333333333334,-0.25,0.0,0.006944444444444444,x,x,y,0.6213979574639008
142,-0.0833333333333334,-0.25,0.0,0.006944444444444444,x,x,z,-0.47888295209471066
142,-0.0833333333333334,-0.25,0.0,0.006944444444444444,x,y,x,-2.9986364270860406
142,-0.0833333333333334,-0.25,0.0,0.006944444444444444,x,y,y,0.39562679247194804
142,-0.0833333333333334,-0.25,0.0,0.006944444444444444,x,y,z,1.0195804198192135
142,-0.0833333333333334,-0.25,0.0,0.006944444444444444,x,z,x,0.33165570098620656
142,-0.0833333333333334,-0.25,0.0,0.006944444444444444,x,z,y,0.4001198032767473
142,-0.0833333333333334,-0.25,0.0,0.006944444444444444,x,z,z,0.2321910883774306
142,-0.0833333333333334,-0.25,0.0,0.006944444444444444,y,x,x,1.0120156362642514
142,-0.0833333333333334,-0.25,0.0,0.006944444444444444,y,x,y,3.4602436302210378
142,-0.0833333333333334,-0.25,0.0,0.006944444444444444,y,x,z,-0.3838330911227634
142,-0.0833333333333334,-0.25,0.0,0.006944444444444444,y,y,x,-2.0302025258932677
142,-0.0833333333333334,-0.25,0.0,0.006944444444444444,y,y,y,-0.26130144947010286
142,-0.0833333333333334,-0.25,0.0,0.006944444444444444,y,y,z,0.03923314700352556
142,-0.0833333333333334,-0.25,0.0,0.006944444444444444,y,z,x,-1.121601174890233
142,-0.0833333333333334,-0.25,0.0,0.006944444444444444,y,z,y,-0.2436188185744712
142,-0.0833333333333334,-0.25,0.0,0.006944444444444444,y,z,z,0.10437034458045928
142,-0.0833333333333334,-0.25,0.0,0.006944444444444444,z,x,x,0.37218414886168505
142,-0.0833333333333334,-0.25,0.0,0.006944444444444444,z,x,y,-0.17019012452199694
142,-0.0833333333333334,-0.25,0.0,0.006944444444444444,z,x,z,-0.24013158557284256
142,-0.0833333333333334,-0.25,0.0,0.006944444444444444,z,y,x,0.6052411621329671
142,-0.0833333333333334,-0.25,0.0,0.006944444444444444,z,y,y,0.4254367227141253
142,-0.0833333333333334,-0.25,0.0,0.006944444444444444,z,y,z,0.4980626927026502
142,-0.0833333333333334,-0.25,0.0,0.006944444444444444,z,z,x,-0.5518292090181692
142,-0.0833333333333334,-0.25,0.0,0.006944444444444444,z,z,y,-0.3747761074061858
142,-0.0833333333333334,-0.25,0.0,0.006944444444444444,z,z,z,-0.04338862777428499
143,-0.0833333333333334,-0.1666666666666666,0.0,0.006944444444444444,x,x,x,-5.519900254394084
143,-0.0833333333333334,-0.1666666666666666,0.0,0.006944444444444444,x,x,y,-2.4067496326705635
143,-0.0833333333333334,-0.1666666666666666,0.0,0.006944444444444444,x,x,z,0.33946416479592995
143,-0.0833333333333334,-0.1666666666666666,0.0,0.006944444444444444,x,y,x,-1.033612422027678
143,-0.0833333333333334,-0.1666666666666666,0.0,0.006944444444444444,x,y,y,4.531587283051714
143,-0.0833333333333334,-0.1666666666666666,0.0,0.006944444444444444,x,y,z,0.7801735906303795
143,-0.0833333333333334,-0.1666666666666666,0.0,0.006944444444444444,x,z,x,1.0788796068032318
143,-0.0833333333333334,-0.1666666666666666,0.0,0.006944444444444444,x,z,y,3.578916841938336
143,-0.0833333333333334,-0.1666666666666666,0.0,0.006944444444444444,x,z,z,0.1720218405828482
143,-0.0833333333333334,-0.1666666666666666,0.0,0.006944444444444444,y,x,x,0.8642611960245276
143,-0.0833333333333334,-0.1666666666666666,0.0,0.006944444444444444,y,x,y,3.435832187465159
143,-0.0833333333333334,-0.1666666666666666,0.0,0.006944444444444444,y,x,z,-0.38818951893894976
143,-0.0833333333333334,-0.1666666666666666,0.0,0.006944444444444444,y,y,x,2.6430181841102844
143,-0.0833333333333334,-0.1666666666666666,0.0,0.006944444444444444,y,y,y,-2.576088135252331
143,-0.0833333333333334,-0.1666666666666666,0.0,0.006944444444444444,y,y,z,-0.33946763987359124
143,-0.0833333333333334,-0.1666666666666666,0.0,0.006944444444444444,y,z,x,-2.3331414947936375
143,-0.0833333333333334,-0.1666666666666666,0.0,0.006944444444444444,y,z,y,-1.0788654227582068
143,-0.0833333333333334,-0.1666666666666666,0.0,0.006944444444444444,y,z,z,0.2979528984979726
143,-0.0833333333333334,-0.1666666666666666,0.0,0.006944444444444444,z,x,x,0.711519428404926
143,-0.0833333333333334,-0.1666666666666666,0.0,0.006944444444444444,z,x,y,7.11341036689555
143,-0.0833333333333334,-0.1666666666666666,0.0,0.006944444444444444,z,x,z,0.020204076926059453
143,-0.0833333333333334,-0.1666666666666666,0.0,0.006944444444444444,z,y,x,-6.291842906649241
143,-0.0833333333333334,-0.1666666666666666,0.0,0.006944444444444444,z,y,y,-0.7115359032976367
143,-0.0833333333333334,-0.1666666666666666,0.0,0.006944444444444444,z,y,z,0.03500793376703269
143,-0.0833333333333334,-0.1666666666666666,0.0,0.006944444444444444,z,z,x,-0.8870694583248095
143,-0.0833333333333334,-0.1666666666666666,0.0,0.006944444444444444,z,z,y,-1.5364724560043719
143,-0.0833333333333334,-0.1666666666666666,0.0,0.006944444444444444,z,z,z,1.2360674583693485e-06
144,-0.0833333333333334,-0.0833333333333334,0.0,0.006944444444444444,x,x,x,-14.646526651386862
144,-0.0833333333333334,-0.0833333333333334,0.0,0.006944444444444444,x,x,y,-13.013339736861292
144,-0.0833333333333334,-0.0833333333333334,0.0,0.006944444444444444,x,x,z,2.4442928687049075
144,-0.0833333333333334,-0.0833333333333334,0.0,0.006944444444444444,x,y,x,9.447074752761468
144,-0.0833333333333334,-0.0833333333333334,0.0,0.006944444444444444,x,y,y,24.257742352177146
144,-0.0833333333333334,-0.0833333333333334,0.0,0.006944444444444444,x,y,z,-3.071599899855679
144,-0.0833333333333334,-0.0833333333333334,0.0,0.006944444444444444,x,z,x,2.229302737826992
144,-0.0833333333333334,-0.0833333333333334,0.0,0.006944444444444444,x,z,y,9.690671488028709
144,-0.0833333333333334,-0.0833333333333334,0.0,0.006944444444444444,x,z,z,-0.6390542000252794
144,-0.0833333333333334,-0.0833333333333334,0.0,0.006944444444444444,y,x,x,-6.540390514865531
144,-0.0833333333333334,-0.0833333333333334,0.0,0.006944444444444444,y,x,y,15.027367280215175
144,-0.0833333333333334,-0.0833333333333334,0.0,0.006944444444444444,y,x,z,0.24918609877563339
144,-0.0833333333333334,-0.0833333333333334,0.0,0.006944444444444444,y,y,x,27.994847133172364
144,-0.0833333333333334,-0.0833333333333334,0.0,0.006944444444444444,y,y,y,-10.106666666650247
144,-0.0833333333333334,-0.0833333333333334,0.0,0.006944444444444444,y,y,z,-2.4443190619673287
144,-0.0833333333333334,-0.0833333333333334,0.0,0.006944444444444444,y,z,x,-12.264868921089183
144,-0.0833333333333334,-0.0833333333333334,0.0,0.006944444444444444,y,z,y,-2.229294754019317
144,-0.0833333333333334,-0.0833333333333334,0.0,0.006944444444444444,y,z,z,1.1068676115581375
144,-0.0833333333333334,-0.0833333333333334,0.0,0.006944444444444444,z,x,x,1.1160334716911098
144,-0.0833333333333334,-0.0833333333333334,0.0,0.006944444444444444,z,x,y,39.125044628138916
144,-0.0833333333333334,-0.0833333333333334,0.0,0.006944444444444444,z,x,z,-0.0834150320808971
144,-0.0833333333333334,-0.0833333333333334,0.0,0.006944444444444444,z,y,x,-40.41370928191661
144,-0.0833333333333334,-0.0833333333333334,0.0,0.006944444444444444,z,y,y,-1.116045171215766
144,-0.0833333333333334,-0.0833333333333334,0.0,0.006944444444444444,z,y,z,0.1444671681436097
144,-0.0833333333333334,-0.0833333333333334,0.0,0.006944444444444444,z,z,x,3.7098484599596175
144,-0.0833333333333334,-0.0833333333333334,0.0,0.006944444444444444,z,z,y,-6.425639247299121
144,-0.0833333333333334,-0.0833333333333334,0.0,0.006944444444444444,z,z,z,6.258576677414882e-06
