map,band_first,band_last,band,cell_id,ix,iy,k0_index,k1_index,k2_index,k3_index,k0,k1,k2,k3,k0_frac_x,k0_frac_y,k0_frac_z,center_frac_x,center_frac_y,center_frac_z,q_center_frac_x,q_center_frac_y,q_center_frac_z,q1,q2,q3,energy1_ev,energy2_ev,energy3_ev,energy4_ev,energy_above1_ev,energy_above2_ev,energy_above3_ev,energy_above4_ev,e0_eV,e1_eV,e2_eV,e3_eV,min_gap_below_ev,min_gap_above_ev,gap_below1_ev,gap_below2_ev,gap_below3_ev,gap_below4_ev,gap_above1_ev,gap_above2_ev,gap_above3_ev,gap_above4_ev,subspace_min_gap_above_ev,fukui_flux_rad,phi_rad,plaquette_area_inv_ang2,dS_A-2,berry_curvature_ang2,omega_ang2,omega_A2,neighbor_gap_below_ev,neighbor_gap_above_ev,link1_logabs_det,link2_logabs_det,link3_logabs_det,link4_logabs_det,link1_abs_det,link2_abs_det,link3_abs_det,link4_abs_det,link1_min_sv,link2_min_sv,link3_min_sv,link4_min_sv,link1_max_sv,link2_max_sv,link3_max_sv,link4_max_sv,min_link_sv,min_pw_coverage,link_quality_min_sv
occupied,1,10,11,1,0,0,1,2,14,13,1,2,14,13,0.0,0.0,0.0,0.041666666666666664,0.041666666666666664,0.0,0.041666666666666664,0.041666666666666664,0.0,0.041666666666666664,0.041666666666666664,0.0,-0.8389191634146871,-0.5608436115970745,-0.5608442018498618,-0.5608435921138222,-0.8389188742984175,-0.5608432750493932,-0.560843878533527,-0.5608433483665387,-0.8389191634146871,-0.5608436115970745,-0.5608442018498618,-0.5608435921138222,0.592448499860559,2.4374728346820973e-07,0.592448499860559,0.7881199139804644,0.7881240221731816,0.78811997689803,2.89116269591716e-07,3.36547681278887e-07,3.2331633481597066e-07,2.4374728346820973e-07,0.592448499860559,-7.696970400809936e-07,-7.696970400809936e-07,0.01643488571942971,0.01643488571942971,-4.683312395479815e-05,-4.683312395479815e-05,-4.683312395479815e-05,0.592448499860559,2.4374728346820973e-07,1.9123643589354145,1.9367394760157641,1.9367398057642462,1.9123648046380908,6.769074414794177,6.936098745327157,6.936101032495566,6.769077431789432,0.8156088785145236,0.8276603470751217,0.8276602486623236,0.8156088827152822,1.6697415486131217,1.6622144290717418,1.6622144240780339,1.6697415264866877,0.8156088785145236,0.988134475939354,0.8156088785145236
occupied,1,10,11,2,1,0,2,3,15,14,2,3,15,14,0.08333333333333304,-6.938893903907228e-18,0.0,0.1249999999999997,0.04166666666666666,0.0,0.1249999999999997,0.04166666666666666,0.0,0.1249999999999997,0.04166666666666666,0.0,-0.5608436115970745,-0.5227879251931252,-0.3266921363906259,-0.5608442018498618,-0.5608432750493932,-0.522787583501752,-0.3266919629420089,-0.560843878533527,-0.5608436115970745,-0.5227879251931252,-0.3266921363906259,-0.5608442018498618,0.7881199139804644,1.734486169691074e-07,0.7881199139804644,1.050579094548035,1.2586472840975698,0.7881240221731816,3.36547681278887e-07,3.416913731957294e-07,1.734486169691074e-07,3.2331633481597066e-07,0.7881199139804644,-3.9642524818361835e-09,-3.9642524818361835e-09,0.01643488571942971,0.01643488571942971,-2.4120961651406865e-07,-2.4120961651406865e-07,-2.4120961651406865e-07,0.7881199139804644,1.734486169691074e-07,2.498086861993975,2.294302693106877,2.284275662687899,1.9367394760157641,12.159209448843342,9.917518046896413,9.818571689840656,6.936098745327157,1.0854757265054027,0.9830375280692516,0.9784955214624127,0.8276603470751217,1.6617271150986912,1.6505006350201699,1.662595070856721,1.6622144290717418,0.8276603470751217,0.983739837398374,0.8276603470751217
occupied,1,10,11,3,2,0,3,4,16,15,3,4,16,15,0.16666666666666696,0.0,0.0,0.20833333333333362,0.041666666666666664,0.0,0.20833333333333362,0.041666666666666664,0.0,0.20833333333333362,0.041666666666666664,0.0,-0.5227879251931252,-0.6561997488695684,-0.2961237873457453,-0.3266921363906259,-0.522787583501752,-0.656199321130443,-0.29612357137400924,-0.3266919629420089,-0.5227879251931252,-0.6561997488695684,-0.2961237873457453,-0.3266921363906259,1.050579094548035,1.734486169691074e-07,1.050579094548035,1.1835069793966513,1.57071593783787,1.2586472840975698,3.416913731957294e-07,4.277391254525753e-07,2.1597173605059083e-07,1.734486169691074e-07,1.050579094548035,1.1664808052813669e-07,1.1664808052813669e-07,0.01643488571942971,0.01643488571942971,7.097589999681748e-06,7.097589999681748e-06,7.097589999681748e-06,1.050579094548035,1.734486169691074e-07,2.5267611602322604,2.347476078272157,2.5201334335930765,2.294302693106877,12.512913114400975,10.459138336878626,12.430255166534806,9.917518046896413,1.0934166013093904,1.0034821138880348,1.0916077317602644,0.9830375280692516,1.6421699264565965,1.635638846993984,1.6484029712783206,1.6505006350201699,0.9830375280692516,0.9859649122807017,0.9830375280692516
occupied,1,10,11,4,3,0,4,5,17,16,4,5,17,16,0.25000000000000006,2.7755575615628914e-17,0.0,0.29166666666666674,0.04166666666666669,0.0,0.29166666666666674,0.04166666666666669,0.0,0.29166666666666674,0.04166666666666669,0.0,-0.6561997488695684,-0.6032347501979903,-0.3513439819119294,-0.2961237873457453,-0.656199321130443,-0.6032342740434256,-0.35134362355291804,-0.29612357137400924,-0.6561997488695684,-0.6032347501979903,-0.3513439819119294,-0.2961237873457453,1.1835069793966513,2.1597173605059083e-07,1.1835069793966513,1.538115942667572,1.781132326853884,1.57071593783787,4.277391254525753e-07,4.761545647768983e-07,3.5835901135428117e-07,2.1597173605059083e-07,1.1835069793966513,-2.850477833839266e-08,-2.850477833839266e-08,0.01643488571942971,0.01643488571942971,-1.734406848031419e-06,-1.734406848031419e-06,-1.734406848031419e-06,1.1835069793966513,2.1597173605059083e-07,2.567743354554058,2.409127157328618,2.544345379025155,2.347476078272157,13.036372751221615,11.124247188670925,12.73488883149643,10.459138336878626,1.1047402504321537,1.0296838782003834,1.0982764062624981,1.0034821138880348,1.6299289237677685,1.6256980699879178,1.6341952351365783,1.635638846993984,1.0034821138880348,0.9876814782226133,1.0034821138880348
occupied,1,10,11,5,4,0,5,6,18,17,5,6,18,17,0.3333333333333331,5.551115123125783e-17,0.0,0.3749999999999998,0.04166666666666672,0.0,0.3749999999999998,0.04166666666666672,0.0,0.3749999999999998,0.04166666666666672,0.0,-0.6032347501979903,-0.4235118861620182,-0.2500621767725154,-0.3513439819119294,-0.6032342740434256,-0.4235114444342486,-0.2500617824337975,-0.35134362355291804,-0.6032347501979903,-0.4235118861620182,-0.2500621767725154,-0.3513439819119294,1.538115942667572,3.5835901135428117e-07,1.538115942667572,1.9547984648332475,2.1631794008079677,1.781132326853884,4.761545647768983e-07,4.417277695845101e-07,3.9433871790173214e-07,3.5835901135428117e-07,1.538115942667572,-6.416667508446495e-08,-6.416667508446495e-08,0.01643488571942971,0.01643488571942971,-3.904297004548416e-06,-3.904297004548416e-06,-3.904297004548416e-06,1.538115942667572,3.5835901135428117e-07,2.598560305822727,2.4573493730539964,2.571501731662398,2.409127157328618,13.44436831632963,11.673827532777958,13.085460543581101,11.124247188670925,1.1124904698170324,1.052226811608131,1.1050570180311334,1.0296838782003834,1.6231738053998161,1.6202427024872128,1.6242874198515391,1.6256980699879178,1.0296838782003834,0.9870329670329671,1.0296838782003834
occupied,1,10,11,6,5,0,6,7,19,18,6,7,19,18,0.416666666666667,0.0,0.0,0.4583333333333337,0.041666666666666664,0.0,0.4583333333333337,0.041666666666666664,0.0,0.4583333333333337,0.041666666666666664,0.0,-0.4235118861620182,-0.31732089123215623,-0.08395974232868844,-0.2500621767725154,-0.4235114444342486,-0.3173205015729842,-0.08395938965629929,-0.2500617824337975,-0.4235118861620182,-0.31732089123215623,-0.08395974232868844,-0.2500621767725154,1.9547984648332475,3.526723891533745e-07,1.9547984648332475,2.1480450059427842,2.520784553288971,2.1631794008079677,4.417277695845101e-07,3.896591720398135e-07,3.526723891533745e-07,3.9433871790173214e-07,1.9547984648332475,2.298664281141782e-08,2.298664281141782e-08,0.01643488571942971,0.01643488571942971,1.3986493854497854e-06,1.3986493854497854e-06,1.3986493854497854e-06,1.9547984648332475,3.526723891533745e-07,2.6032203827007994,2.474520847313496,2.5883285024110454,2.4573493730539964,13.507166314365104,11.876015324942593,13.307509532781403,11.673827532777958,1.1132371092416282,1.0606877152001666,1.1085831310816923,1.052226811608131,1.6199382210112712,1.6181200401298161,1.618896644420158,1.6202427024872128,1.052226811608131,0.9870329670329671,1.052226811608131
occupied,1,10,11,7,6,0,7,8,20,19,7,8,20,19,0.5000000000000001,5.551115123125783e-17,0.0,0.5416666666666667,0.04166666666666672,0.0,0.5416666666666667,0.04166666666666672,0.0,0.5416666666666667,0.04166666666666672,0.0,-0.31732089123215623,-0.42351188560482156,-0.08396020209190477,-0.08395974232868844,-0.3173205015729842,-0.4235114446025191,-0.08395977825436124,-0.08395938965629929,-0.31732089123215623,-0.42351188560482156,-0.08396020209190477,-0.08395974232868844,1.9547984340931817,3.526723891533745e-07,2.1480450059427842,1.9547984340931817,2.520783406289842,2.520784553288971,3.896591720398135e-07,4.4100230245369687e-07,4.2383754353392256e-07,3.526723891533745e-07,1.9547984340931817,8.014109134159316e-08,8.014109134159316e-08,0.01643488571942971,0.01643488571942971,4.876279197174366e-06,4.876279197174366e-06,4.876279197174366e-06,1.9547984340931817,3.526723891533745e-07,2.603219388639807,2.476086144646429,2.591498642251994,2.474520847313496,13.50715288742463,11.894619376694324,13.349763138467843,11.876015324942593,1.1132371068324742,1.0606028016838764,1.1091313969209926,1.0606877152001666,1.6199375537802982,1.619132283842499,1.6172113855077954,1.6181200401298161,1.0606028016838764,0.9898901098901098,1.0606028016838764
occupied,1,10,11,8,7,0,8,9,21,20,8,9,21,20,-0.416666666666667,0.0,0.0,-0.37500000000000033,0.041666666666666664,0.0,-0.37500000000000033,0.041666666666666664,0.0,-0.37500000000000033,0.041666666666666664,0.0,-0.42351188560482156,-0.6032347228366572,-0.25006307718335646,-0.08396020209190477,-0.4235114446025191,-0.6032342494423965,-0.25006254140023815,-0.08395977825436124,-0.42351188560482156,-0.6032347228366572,-0.25006307718335646,-0.08396020209190477,1.5381159283057753,4.2383754353392256e-07,1.9547984340931817,1.5381159283057753,2.163176757688271,2.520783406289842,4.4100230245369687e-07,4.7339426079151536e-07,5.357831183161466e-07,4.2383754353392256e-07,1.5381159283057753,-1.4956040164172709e-07,-1.4956040164172709e-07,0.01643488571942971,0.01643488571942971,-9.100178984811148e-06,-9.100178984811148e-06,-9.100178984811148e-06,1.5381159283057753,4.2383754353392256e-07,2.5985667646777446,2.461913678820023,2.5883221324260655,2.476086144646429,13.444455151835816,11.727232236080544,13.307424764415545,11.894619376694324,1.1124904852691937,1.0525523937396177,1.108583085214563,1.0606028016838764,1.623174484395105,1.6231614637826268,1.6188948262349303,1.619132283842499,1.0525523937396177,0.9885613726352838,1.0525523937396177
occupied,1,10,11,9,8,0,9,10,22,21,9,10,22,21,-0.3333333333333331,-5.551115123125783e-17,0.0,-0.2916666666666664,0.04166666666666661,0.0,-0.2916666666666664,0.04166666666666661,0.0,-0.2916666666666664,0.04166666666666661,0.0,-0.6032347228366572,-0.6561996955069294,-0.3513452118839493,-0.25006307718335646,-0.6032342494423965,-0.6561992707206469,-0.351344668048569,-0.25006254140023815,-0.6032347228366572,-0.6561996955069294,-0.3513452118839493,-0.25006307718335646,1.1835070154922258,4.2478628248243666e-07,1.5381159283057753,1.1835070154922258,1.7811286142140026,2.163176757688271,4.7339426079151536e-07,4.2478628248243666e-07,5.438353802844631e-07,5.357831183161466e-07,1.1835070154922258,1.016482137350394e-08,1.016482137350394e-08,0.01643488571942971,0.01643488571942971,6.184905418287667e-07,6.184905418287667e-07,6.184905418287667e-07,1.1835070154922258,4.2478628248243666e-07,2.5677510506989405,2.4130968674878805,2.571493815394583,2.461913678820023,13.036473081421125,11.168494993122433,13.085356955980975,11.727232236080544,1.1047403426849691,1.031731421051027,1.1050569894736533,1.0525523937396177,1.6299300792083538,1.6306229606251152,1.6242857600399045,1.6231614637826268,1.031731421051027,0.9864035087719298,1.031731421051027
occupied,1,10,11,10,9,0,10,11,23,22,10,11,23,22,-0.25000000000000006,-2.7755575615628914e-17,0.0,-0.2083333333333334,0.04166666666666664,0.0,-0.2083333333333334,0.04166666666666664,0.0,-0.2083333333333334,0.04166666666666664,0.0,-0.6561996955069294,-0.5227879301987695,-0.2961252070011011,-0.3513452118839493,-0.6561992707206469,-0.522787581365495,-0.2961247517861567,-0.351344668048569,-0.6561996955069294,-0.5227879301987695,-0.2961252070011011,-0.3513452118839493,1.050579106519012,3.488332744883138e-07,1.1835070154922258,1.050579106519012,1.5707109554035712,1.7811286142140026,4.2478628248243666e-07,3.488332744883138e-07,4.552149444059239e-07,5.438353802844631e-07,1.050579106519012,9.498904951499298e-08,9.498904951499298e-08,0.01643488571942971,0.01643488571942971,5.779720719487248e-06,5.779720719487248e-06,5.779720719487248e-06,1.050579106519012,3.488332744883138e-07,2.526756983219205,2.345705021023205,2.5443383579228818,2.4130968674878805,12.512860847908692,10.440630997725465,12.734799418853394,11.168494993122433,1.0934166723778775,1.0065097286043885,1.0982763939364393,1.031731421051027,1.6421697242955793,1.6435824963575079,1.6341936465389737,1.6306229606251152,1.0065097286043885,0.9859649122807017,1.0065097286043885
occupied,1,10,11,11,10,0,11,12,24,23,11,12,24,23,-0.16666666666666696,0.0,0.0,-0.1250000000000003,0.041666666666666664,0.0,-0.1250000000000003,0.041666666666666664,0.0,-0.1250000000000003,0.041666666666666664,0.0,-0.5227879301987695,-0.5608437427344022,-0.3266922173905401,-0.2961252070011011,-0.522787581365495,-0.5608433985089715,-0.3266919348130055,-0.2961247517861567,-0.5227879301987695,-0.5608437427344022,-0.3266922173905401,-0.2961252070011011,0.7881198193524037,2.8257753459381973e-07,1.050579106519012,0.7881198193524037,1.258641736944226,1.5707109554035712,3.488332744883138e-07,3.4422543071510603e-07,2.8257753459381973e-07,4.552149444059239e-07,0.7881198193524037,2.0125548128024917e-07,2.0125548128024917e-07,0.01643488571942971,0.01643488571942971,1.2245627059172076e-05,1.2245627059172076e-05,1.2245627059172076e-05,0.7881198193524037,2.8257753459381973e-07,2.4980789908349053,2.2842627258320505,2.5201281322373283,2.345705021023205,12.15911374214827,9.818444669215692,12.430189269504801,10.440630997725465,1.085475722459107,0.9784944097233149,1.0916077165171998,1.0065097286043885,1.661726874257525,1.6625942777635596,1.6484023975978888,1.6435824963575079,0.9784944097233149,0.983739837398374,0.9784944097233149
occupied,1,10,11,12,11,0,12,1,13,24,12,1,13,24,-0.08333333333333304,6.938893903907228e-18,0.0,-0.04166666666666637,0.04166666666666667,0.0,-0.04166666666666637,0.04166666666666667,0.0,-0.04166666666666637,0.04166666666666667,0.0,-0.5608437427344022,-0.8389191634146871,-0.5608435921138222,-0.3266922173905401,-0.5608433985089715,-0.8389188742984175,-0.5608433483665387,-0.3266919348130055,-0.5608437427344022,-0.8389191634146871,-0.5608435921138222,-0.3266922173905401,0.592448499860559,2.4374728346820973e-07,0.7881198193524037,0.592448499860559,0.78811997689803,1.258641736944226,3.4422543071510603e-07,2.89116269591716e-07,2.4374728346820973e-07,2.8257753459381973e-07,0.592448499860559,4.254346721577207e-07,4.254346721577207e-07,0.01643488571942971,0.01643488571942971,2.5886074258171554e-05,2.5886074258171554e-05,2.5886074258171554e-05,0.592448499860559,2.4374728346820973e-07,1.912360663298284,1.9123648046380908,2.2842665239893867,2.2842627258320505,6.769049398797655,6.769077431789432,9.818481961284164,9.818444669215692,0.8156088271925849,0.8156088827152822,0.978494267829383,0.9784944097233149,1.669741468393767,1.6697415264866877,1.6625943239114922,1.6625942777635596,0.8156088271925849,0.985277960887717,0.8156088271925849
occupied,1,10,11,13,0,1,13,14,26,25,13,14,26,25,0.0,0.08333333333333305,0.0,0.041666666666666664,0.12499999999999972,0.0,0.041666666666666664,0.12499999999999972,0.0,0.041666666666666664,0.12499999999999972,0.0,-0.5608435921138222,-0.5608442018498618,-0.3266921682903081,-0.5227877995469511,-0.5608433483665387,-0.560843878533527,-0.32669187102470876,-0.5227876186152713,-0.5608435921138222,-0.5608442018498618,-0.3266921682903081,-0.5227877995469511,0.78811997689803,1.8093167974964075e-07,0.78811997689803,0.7881240221731816,1.2586472751099693,1.0505792166545391,2.4374728346820973e-07,3.2331633481597066e-07,2.9726559935827623e-07,1.8093167974964075e-07,0.78811997689803,6.413098851965061e-08,6.413098851965061e-08,0.01643488571942971,0.01643488571942971,3.902125613434199e-06,3.902125613434199e-06,3.902125613434199e-06,0.78811997689803,1.8093167974964075e-07,1.9367398057642462,2.284273117983874,2.2942954161693816,2.498082357671024,6.936101032495566,9.818546704513547,9.917445878000063,12.159154679960503,0.8276602486623236,0.9784955214942963,0.983037560028426,1.0854756970117962,1.6622144240780339,1.6625950774310025,1.6505004344306464,1.6617270095980814,0.8276602486623236,0.983739837398374,0.8276602486623236
occupied,1,10,11,14,1,1,14,15,27,26,14,15,27,26,0.08333333333333304,0.08333333333333305,0.0,0.1249999999999997,0.12499999999999972,0.0,0.1249999999999997,0.12499999999999972,0.0,0.1249999999999997,0.12499999999999972,0.0,-0.5608442018498618,-0.3266921363906259,-0.5227917113441782,-0.3266921682903081,-0.560843878533527,-0.3266919629420089,-0.5227913333771376,-0.32669187102470876,-0.5608442018498618,-0.3266921363906259,-0.5227917113441782,-0.3266921682903081,0.7881240221731816,1.734486169691074e-07,0.7881240221731816,1.2586472840975698,1.0505786383290616,1.2586472751099693,3.2331633481597066e-07,1.734486169691074e-07,3.779670406656166e-07,2.9726559935827623e-07,0.7881240221731816,-1.0562848042973444e-07,-1.0562848042973444e-07,0.01643488571942971,0.01643488571942971,-6.427089438465517e-06,-6.427089438465517e-06,-6.427089438465517e-06,0.7881240221731816,1.734486169691074e-07,2.284275662687899,2.2943003078023994,2.2942978788012263,2.284273117983874,9.818571689840656,9.917494390624425,9.917470301048173,9.818546704513547,0.9784955214624127,0.9830370266900461,0.9830370201177138,0.9784955214942963,1.662595070856721,1.6505005992257875,1.6505006092882988,1.6625950774310025,0.9784955214624127,0.985277960887717,0.9784955214624127
occupied,1,10,11,15,2,1,15,16,28,27,15,16,28,27,0.16666666666666696,0.08333333333333305,0.0,0.20833333333333362,0.12499999999999972,0.0,0.20833333333333362,0.12499999999999972,0.0,0.20833333333333362,0.12499999999999972,0.0,-0.3266921363906259,-0.2961237873457453,-0.2961268724813605,-0.5227917113441782,-0.3266919629420089,-0.29612357137400924,-0.2961264175458642,-0.5227913333771376,-0.3266921363906259,-0.2961237873457453,-0.2961268724813605,-0.5227917113441782,1.0505786383290616,1.734486169691074e-07,1.2586472840975698,1.57071593783787,1.5707132752133117,1.0505786383290616,1.734486169691074e-07,2.1597173605059083e-07,4.5493549627462215e-07,3.779670406656166e-07,1.0505786383290616,2.628547868255282e-08,2.628547868255282e-08,0.01643488571942971,0.01643488571942971,1.5993709436918997e-06,1.5993709436918997e-06,1.5993709436918997e-06,1.0505786383290616,1.734486169691074e-07,2.5201334335930765,2.5001262386598997,2.3457049374587187,2.2943003078023994,12.430255166534806,12.184031959490719,10.440630125259535,9.917494390624425,1.0916077317602644,1.0790935534081005,1.0065100146869164,0.9830370266900461,1.6484029712783206,1.639835452006499,1.6435827350714771,1.6505005992257875,0.9830370266900461,0.9861325115562404,0.9830370266900461
occupied,1,10,11,16,3,1,16,17,29,28,16,17,29,28,0.25000000000000006,0.08333333333333307,0.0,0.29166666666666674,0.12499999999999972,0.0,0.29166666666666674,0.12499999999999972,0.0,0.29166666666666674,0.12499999999999972,0.0,-0.2961237873457453,-0.3513439819119294,0.03266223076466845,-0.2961268724813605,-0.29612357137400924,-0.35134362355291804,0.032662633256516284,-0.2961264175458642,-0.2961237873457453,-0.3513439819119294,0.03266223076466845,-0.2961268724813605,1.5707132752133117,2.1597173605059083e-07,1.57071593783787,1.781132326853884,2.2004481107103344,1.5707132752133117,2.1597173605059083e-07,3.5835901135428117e-07,4.024918478368056e-07,4.5493549627462215e-07,1.5707132752133117,-1.870335328767153e-08,-1.870335328767153e-08,0.01643488571942971,0.01643488571942971,-1.1380275839435855e-06,-1.1380275839435855e-06,-1.1380275839435855e-06,1.5707132752133117,2.1597173605059083e-07,2.544345379025155,2.5172044333252597,2.537631528194046,2.5001262386598997,12.73488883149643,12.393900213647253,12.649675063882869,12.184031959490719,1.0982764062624981,1.08607349867312,1.0949576107805397,1.0790935534081005,1.6341952351365783,1.6279881363741515,1.6348060196891274,1.639835452006499,1.0790935534081005,0.986334582323121,1.0790935534081005
occupied,1,10,11,17,4,1,17,18,30,29,17,18,30,29,0.3333333333333331,0.08333333333333309,0.0,0.3749999999999998,0.12499999999999975,0.0,0.3749999999999998,0.12499999999999975,0.0,0.3749999999999998,0.12499999999999975,0.0,-0.3513439819119294,-0.2500621767725154,0.1406113024402112,0.03266223076466845,-0.35134362355291804,-0.2500617824337975,0.14061151198779948,0.032662633256516284,-0.3513439819119294,-0.2500621767725154,0.1406113024402112,0.03266223076466845,1.781132326853884,2.0954758828128917e-07,1.781132326853884,2.1631794008079677,2.59803291654143,2.2004481107103344,3.5835901135428117e-07,3.9433871790173214e-07,2.0954758828128917e-07,4.024918478368056e-07,1.781132326853884,1.417478643282704e-08,1.417478643282704e-08,0.01643488571942971,0.01643488571942971,8.624815940198035e-07,8.624815940198035e-07,8.624815940198035e-07,1.781132326853884,2.0954758828128917e-07,2.571501731662398,2.5245069035411336,2.5566184471734608,2.5172044333252597,13.085460543581101,12.484737565678541,12.892148042525713,12.393900213647253,1.1050570180311334,1.0880867224808601,1.1007186218386205,1.08607349867312,1.6242874198515391,1.619448464512501,1.6238427645150773,1.6279881363741515,1.08607349867312,0.9898812142542894,1.08607349867312
occupied,1,10,11,18,5,1,18,19,31,30,18,19,31,30,0.416666666666667,0.08333333333333307,0.0,0.4583333333333337,0.12499999999999972,0.0,0.4583333333333337,0.12499999999999972,0.0,0.4583333333333337,0.12499999999999972,0.0,-0.2500621767725154,-0.08395974232868844,0.1520677330278502,0.1406113024402112,-0.2500617824337975,-0.08395938965629929,0.15206789986568237,0.14061151198779948,-0.2500621767725154,-0.08395974232868844,0.1520677330278502,0.1406113024402112,2.1631794008079677,1.6683783216064896e-07,2.1631794008079677,2.520784553288971,2.8998149563509297,2.59803291654143,3.9433871790173214e-07,3.526723891533745e-07,1.6683783216064896e-07,2.0954758828128917e-07,2.1631794008079677,4.743594697111137e-08,4.743594697111137e-08,0.01643488571942971,0.01643488571942971,2.886296125261855e-06,2.886296125261855e-06,2.886296125261855e-06,2.1631794008079677,1.6683783216064896e-07,2.5883285024110454,2.5365114861873055,2.5688299558249565,2.5245069035411336,13.307509532781403,12.635514827949565,13.050545789247051,12.484737565678541,1.1085831310816923,1.0916612242373538,1.1030083646376787,1.0880867224808601,1.618896644420158,1.6151635205350505,1.615233263512713,1.619448464512501,1.0880867224808601,0.9883490877115849,1.0880867224808601
occupied,1,10,11,19,6,1,19,20,32,31,19,20,32,31,0.5000000000000001,0.08333333333333309,0.0,0.5416666666666667,0.12499999999999975,0.0,0.5416666666666667,0.12499999999999975,0.0,0.5416666666666667,0.12499999999999975,0.0,-0.08395974232868844,-0.08396020209190477,0.14705011173231294,0.1520677330278502,-0.08395938965629929,-0.08395977825436124,0.14705028016199753,0.15206789986568237,-0.08395974232868844,-0.08396020209190477,0.14705011173231294,0.1520677330278502,2.520783406289842,1.6683783216064896e-07,2.520784553288971,2.520783406289842,3.0332648685842343,2.8998149563509297,3.526723891533745e-07,4.2383754353392256e-07,1.6842968458830043e-07,1.6683783216064896e-07,2.520783406289842,-3.009738946957441e-08,-3.009738946957441e-08,0.01643488571942971,0.01643488571942971,-1.8313111501586266e-06,-1.8313111501586266e-06,-1.8313111501586266e-06,2.520783406289842,1.6683783216064896e-07,2.591498642251994,2.5454076183866987,2.576123631805035,2.5365114861873055,13.349763138467843,12.748423518944346,13.146080216658888,12.635514827949565,1.1091313969209926,1.0939582827452634,1.1041862526527388,1.0916612242373538,1.6172113855077954,1.6146708959908997,1.6105934849242902,1.6151635205350505,1.0916612242373538,0.9870699101468332,1.0916612242373538
occupied,1,10,11,20,7,1,20,21,33,32,20,21,33,32,-0.416666666666667,0.08333333333333301,0.0,-0.37500000000000033,0.12499999999999967,0.0,-0.37500000000000033,0.12499999999999967,0.0,-0.37500000000000033,0.12499999999999967,0.0,-0.08396020209190477,-0.25006307718335646,0.15206786116546545,0.14705011173231294,-0.08395977825436124,-0.25006254140023815,0.15206822426566563,0.14705028016199753,-0.08396020209190477,-0.25006307718335646,0.15206786116546545,0.14705011173231294,2.163176757688271,1.6842968458830043e-07,2.520783406289842,2.163176757688271,2.8998139161518552,3.0332648685842343,4.2383754353392256e-07,5.357831183161466e-07,3.6310020018470723e-07,1.6842968458830043e-07,2.163176757688271,2.2567350899796726e-08,2.2567350899796726e-08,0.01643488571942971,0.01643488571942971,1.3731370746994043e-06,1.3731370746994043e-06,1.3731370746994043e-06,2.163176757688271,1.6842968458830043e-07,2.5883221324260655,2.5517844753457246,2.5761231597678753,2.5454076183866987,13.307424764415545,12.829978146912854,13.146074011221987,12.748423518944346,1.108583085214563,1.0953732283358486,1.104186264620356,1.0939582827452634,1.6188948262349303,1.6176014159788568,1.610593248929856,1.6146708959908997,1.0939582827452634,0.9870699101468332,1.0939582827452634
occupied,1,10,11,21,8,1,21,22,34,33,21,22,34,33,-0.3333333333333331,0.08333333333333304,0.0,-0.2916666666666664,0.1249999999999997,0.0,-0.2916666666666664,0.1249999999999997,0.0,-0.2916666666666664,0.1249999999999997,0.0,-0.25006307718335646,-0.3513452118839493,0.14061072065646602,0.15206786116546545,-0.25006254140023815,-0.351344668048569,0.1406112618535404,0.15206822426566563,-0.25006307718335646,-0.3513452118839493,0.14061072065646602,0.15206786116546545,1.7811286142140026,3.6310020018470723e-07,2.163176757688271,1.7811286142140026,2.5980305554324707,2.8998139161518552,5.357831183161466e-07,5.438353802844631e-07,5.411970743773864e-07,3.6310020018470723e-07,1.7811286142140026,1.3508563156960918e-08,1.3508563156960918e-08,0.01643488571942971,0.01643488571942971,8.219444532547479e-07,8.219444532547479e-07,8.219444532547479e-07,1.7811286142140026,3.6310020018470723e-07,2.571493815394583,2.551906415692252,2.5688196284331375,2.5517844753457246,13.085356955980975,12.831542734285252,13.050411011843185,12.829978146912854,1.1050569894736533,1.0963213148725515,1.103008393682614,1.0953732283358486,1.6242857600399045,1.6241998854140702,1.615231781383136,1.6176014159788568,1.0953732283358486,0.990103364855949,1.0953732283358486
occupied,1,10,11,22,9,1,22,23,35,34,22,23,35,34,-0.25000000000000006,0.08333333333333301,0.0,-0.2083333333333334,0.12499999999999967,0.0,-0.2083333333333334,0.12499999999999967,0.0,-0.2083333333333334,0.12499999999999967,0.0,-0.3513452118839493,-0.2961252070011011,0.03266168696381008,0.14061072065646602,-0.351344668048569,-0.2961247517861567,0.03266208931088613,0.1406112618535404,-0.3513452118839493,-0.2961252070011011,0.03266168696381008,0.14061072065646602,1.5707109554035712,4.0234707604502873e-07,1.7811286142140026,1.5707109554035712,2.2004448946570423,2.5980305554324707,5.438353802844631e-07,4.552149444059239e-07,4.0234707604502873e-07,5.411970743773864e-07,1.5707109554035712,-3.3883748251639645e-08,-3.3883748251639645e-08,0.01643488571942971,0.01643488571942971,-2.0616966147553724e-06,-2.0616966147553724e-06,-2.0616966147553724e-06,1.5707109554035712,4.0234707604502873e-07,2.5443383579228818,2.537637840433954,2.5566112266057743,2.551906415692252,12.734799418853394,12.649754911918642,12.892054954234224,12.831542734285252,1.0982763939364393,1.094957567742986,1.100718593648741,1.0963213148725515,1.6341936465389737,1.6348061083084189,1.6238413944845513,1.6241998854140702,1.094957567742986,0.9896452963207755,1.094957567742986
occupied,1,10,11,23,10,1,23,24,36,35,23,24,36,35,-0.16666666666666696,0.08333333333333304,0.0,-0.1250000000000003,0.1249999999999997,0.0,-0.1250000000000003,0.1249999999999997,0.0,-0.1250000000000003,0.1249999999999997,0.0,-0.2961252070011011,-0.3266922173905401,-0.29612516008980144,0.03266168696381008,-0.2961247517861567,-0.3266919348130055,-0.2961248972558869,0.03266208931088613,-0.2961252070011011,-0.3266922173905401,-0.29612516008980144,0.03266168696381008,1.258641736944226,2.6283391452164295e-07,1.5707109554035712,1.258641736944226,1.570710910760058,2.2004448946570423,4.552149444059239e-07,2.8257753459381973e-07,2.6283391452164295e-07,4.0234707604502873e-07,1.258641736944226,-1.2419541594463062e-08,-1.2419541594463062e-08,0.01643488571942971,0.01643488571942971,-7.556816522174162e-07,-7.556816522174162e-07,-7.556816522174162e-07,1.258641736944226,2.6283391452164295e-07,2.5201281322373283,2.520122570936336,2.537632319762828,2.537637840433954,12.430189269504801,12.430120141673104,12.649685076974716,12.649754911918642,1.0916077165171998,1.0916077328474088,1.0949575897643544,1.094957567742986,1.6484023975978888,1.6484020240629103,1.634805774815118,1.6348061083084189,1.0916077165171998,0.9887739379264803,1.0916077165171998
occupied,1,10,11,24,11,1,24,13,25,36,24,13,25,36,-0.08333333333333304,0.08333333333333307,0.0,-0.04166666666666637,0.12499999999999972,0.0,-0.04166666666666637,0.12499999999999972,0.0,-0.04166666666666637,0.12499999999999972,0.0,-0.3266922173905401,-0.5608435921138222,-0.5227877995469511,-0.29612516008980144,-0.3266919348130055,-0.5608433483665387,-0.5227876186152713,-0.2961248972558869,-0.3266922173905401,-0.5608435921138222,-0.5227877995469511,-0.29612516008980144,0.78811997689803,1.8093167974964075e-07,1.258641736944226,0.78811997689803,1.0505792166545391,1.570710910760058,2.8257753459381973e-07,2.4374728346820973e-07,1.8093167974964075e-07,2.6283391452164295e-07,0.78811997689803,1.3015815423166015e-07,1.3015815423166015e-07,0.01643488571942971,0.01643488571942971,7.919626363923182e-06,7.919626363923182e-06,7.919626363923182e-06,0.78811997689803,1.8093167974964075e-07,2.2842665239893867,2.498082357671024,2.3456987646744607,2.520122570936336,9.818481961284164,12.159154679960503,10.440565677701164,12.430120141673104,0.978494267829383,1.0854756970117962,1.0065096727656448,1.0916077328474088,1.6625943239114922,1.6617270095980814,1.643582235695559,1.6484020240629103,0.978494267829383,0.983739837398374,0.978494267829383
occupied,1,10,11,25,0,2,25,26,38,37,25,26,38,37,0.0,0.16666666666666696,0.0,0.041666666666666664,0.20833333333333362,0.0,0.041666666666666664,0.20833333333333362,0.0,0.041666666666666664,0.20833333333333362,0.0,-0.5227877995469511,-0.3266921682903081,-0.29612370133803056,-0.6561995822819711,-0.5227876186152713,-0.32669187102470876,-0.29612335694693814,-0.6561993225578038,-0.5227877995469511,-0.3266921682903081,-0.29612370133803056,-0.6561995822819711,1.0505792166545391,1.8093167974964075e-07,1.0505792166545391,1.2586472751099693,1.5707161158429743,1.1835071039480076,1.8093167974964075e-07,2.9726559935827623e-07,3.4439109242168087e-07,2.597241672841477e-07,1.0505792166545391,7.47340669349228e-08,7.47340669349228e-08,0.01643488571942971,0.01643488571942971,4.547282421718967e-06,4.547282421718967e-06,4.547282421718967e-06,1.0505792166545391,1.8093167974964075e-07,2.2942954161693816,2.5201254536743325,2.347471279535874,2.5267570569469884,9.917445878000063,12.430155974504384,10.459088146352425,12.512861770454222,0.983037560028426,1.0916077521398913,1.0034821487097456,1.0934166905667213,1.6505004344306464,1.6484025816292251,1.6356383724739645,1.6421696914234967,0.983037560028426,0.9859649122807017,0.983037560028426
occupied,1,10,11,26,1,2,26,27,39,38,26,27,39,38,0.08333333333333304,0.16666666666666693,0.0,0.1249999999999997,0.2083333333333336,0.0,0.1249999999999997,0.2083333333333336,0.0,0.1249999999999997,0.2083333333333336,0.0,-0.3266921682903081,-0.5227917113441782,-0.2961267869158451,-0.29612370133803056,-0.32669187102470876,-0.5227913333771376,-0.29612632619435125,-0.29612335694693814,-0.3266921682903081,-0.5227917113441782,-0.2961267869158451,-0.29612370133803056,1.0505786383290616,2.9726559935827623e-07,1.2586472751099693,1.0505786383290616,1.5707134620861511,1.5707161158429743,2.9726559935827623e-07,3.779670406656166e-07,4.607214938445736e-07,3.4439109242168087e-07,1.0505786383290616,-1.845927055654784e-08,-1.845927055654784e-08,0.01643488571942971,0.01643488571942971,-1.1231760823700072e-06,-1.1231760823700072e-06,-1.1231760823700072e-06,1.0505786383290616,2.9726559935827623e-07,2.2942978788012263,2.34570481800843,2.5001205133678615,2.5201254536743325,9.917470301048173,10.440628878123325,12.183962202549237,12.430155974504384,0.9830370201177138,1.0065100219863734,1.0790935665622057,1.0916077521398913,1.6505006092882988,1.6435827785054924,1.6398351096064971,1.6484025816292251,0.9830370201177138,0.9861325115562404,0.9830370201177138
occupied,1,10,11,27,2,2,27,28,40,39,27,28,40,39,0.16666666666666696,0.16666666666666696,0.0,0.20833333333333362,0.20833333333333362,0.0,0.20833333333333362,0.20833333333333362,0.0,0.20833333333333362,0.20833333333333362,0.0,-0.5227917113441782,-0.2961268724813605,-0.6562031781220337,-0.2961267869158451,-0.5227913333771376,-0.2961264175458642,-0.6562027154444451,-0.29612632619435125,-0.5227917113441782,-0.2961268724813605,-0.6562031781220337,-0.2961267869158451,1.0505786383290616,3.779670406656166e-07,1.0505786383290616,1.5707132752133117,1.1835053437678873,1.5707134620861511,3.779670406656166e-07,4.5493549627462215e-07,4.62677588575211e-07,4.607214938445736e-07,1.0505786383290616,-8.196224521306306e-08,-8.196224521306306e-08,0.01643488571942971,0.01643488571942971,-4.987089451809534e-06,-4.987089451809534e-06,-4.987089451809534e-06,1.0505786383290616,3.779670406656166e-07,2.3457049374587187,2.3474700380899276,2.347469950504846,2.34570481800843,10.440630125259535,10.459075161967903,10.459074245908992,10.440628878123325,1.0065100146869164,1.003481615757687,1.0034816293326727,1.0065100219863734,1.6435827350714771,1.6356385721056796,1.635638599461554,1.6435827785054924,1.003481615757687,0.9878774520608331,1.003481615757687
occupied,1,10,11,28,3,2,28,29,41,40,28,29,41,40,0.25000000000000006,0.166666666666667,0.0,0.29166666666666674,0.20833333333333365,0.0,0.29166666666666674,0.20833333333333365,0.0,0.29166666666666674,0.20833333333333365,0.0,-0.2961268724813605,0.03266223076466845,-0.35134693227689817,-0.6562031781220337,-0.2961264175458642,0.032662633256516284,-0.3513464004317035,-0.6562027154444451,-0.2961268724813605,0.03266223076466845,-0.35134693227689817,-0.6562031781220337,1.1835053437678873,4.024918478368056e-07,1.5707132752133117,2.2004481107103344,1.781129111827036,1.1835053437678873,4.5493549627462215e-07,4.024918478368056e-07,5.318451946623171e-07,4.62677588575211e-07,1.1835053437678873,-2.5560151994952207e-08,-2.5560151994952207e-08,0.01643488571942971,0.01643488571942971,-1.5552375861509272e-06,-1.5552375861509272e-06,-1.5552375861509272e-06,1.1835053437678873,4.024918478368056e-07,2.537631528194046,2.51720597920403,2.4131042588338207,2.3474700380899276,12.649675063882869,12.393919373129284,11.168577543637639,10.459075161967903,1.0949576107805397,1.0860734340708207,1.0317315101160824,1.003481615757687,1.6348060196891274,1.6279882605949094,1.6306244263171923,1.6356385721056796,1.003481615757687,0.9864035087719298,1.003481615757687
occupied,1,10,11,29,4,2,29,30,42,41,29,30,42,41,0.3333333333333331,0.166666666666667,0.0,0.3749999999999998,0.20833333333333365,0.0,0.3749999999999998,0.20833333333333365,0.0,0.3749999999999998,0.20833333333333365,0.0,0.03266223076466845,0.1406113024402112,0.14061010548654518,-0.35134693227689817,0.032662633256516284,0.14061151198779948,0.14061068451397124,-0.3513464004317035,0.03266223076466845,0.1406113024402112,0.14061010548654518,-0.35134693227689817,1.781129111827036,2.0954758828128917e-07,2.2004481107103344,2.59803291654143,2.598031093861967,1.781129111827036,4.024918478368056e-07,2.0954758828128917e-07,5.790274260619732e-07,5.318451946623171e-07,1.781129111827036,-2.347561123272612e-08,-2.347561123272612e-08,0.01643488571942971,0.01643488571942971,-1.4284012455877743e-06,-1.4284012455877743e-06,-1.4284012455877743e-06,1.781129111827036,2.0954758828128917e-07,2.5566184471734608,2.5359566278094063,2.55192646175108,2.51720597920403,12.892148042525713,12.628505851362718,12.831799958723916,12.393919373129284,1.1007186218386205,1.0946787283372812,1.0963213309606463,1.0860734340708207,1.6238427645150773,1.6183032536091981,1.6242035166013966,1.6279882605949094,1.0860734340708207,0.9900859220092532,1.0860734340708207
occupied,1,10,11,30,5,2,30,31,43,42,30,31,43,42,0.416666666666667,0.16666666666666696,0.0,0.4583333333333337,0.20833333333333362,0.0,0.4583333333333337,0.20833333333333362,0.0,0.4583333333333337,0.20833333333333362,0.0,0.1406113024402112,0.1520677330278502,0.17723092112248134,0.14061010548654518,0.14061151198779948,0.15206789986568237,0.17723114518247063,0.14061068451397124,0.1406113024402112,0.1520677330278502,0.17723092112248134,0.14061010548654518,2.598031093861967,1.6683783216064896e-07,2.59803291654143,2.8998149563509297,2.9470500307379175,2.598031093861967,2.0954758828128917e-07,1.6683783216064896e-07,2.2405998928443083e-07,5.790274260619732e-07,2.598031093861967,-2.0197709504898856e-08,-2.0197709504898856e-08,0.01643488571942971,0.01643488571942971,-1.2289534499787028e-06,-1.2289534499787028e-06,-1.2289534499787028e-06,2.598031093861967,1.6683783216064896e-07,2.5688299558249565,2.540412742476265,2.563484968329598,2.5359566278094063,13.050545789247051,12.684905489808452,12.980976873314274,12.628505851362718,1.1030083646376787,1.0954643416124736,1.100607463096475,1.0946787283372812,1.615233263512713,1.6106868988078733,1.6144923627007732,1.6183032536091981,1.0946787283372812,0.9868392191270016,1.0946787283372812
occupied,1,10,11,31,6,2,31,32,44,43,31,32,44,43,0.5000000000000001,0.16666666666666702,0.0,0.5416666666666667,0.20833333333333368,0.0,0.5416666666666667,0.20833333333333368,0.0,0.5416666666666667,0.20833333333333368,0.0,0.1520677330278502,0.14705011173231294,-0.026725944451240942,0.17723092112248134,0.15206789986568237,0.14705028016199753,-0.02672577227197443,0.17723114518247063,0.1520677330278502,0.14705011173231294,-0.026725944451240942,0.17723092112248134,2.8998149563509297,1.6683783216064896e-07,2.8998149563509297,3.0332648685842343,2.9976503988206864,2.9470500307379175,1.6683783216064896e-07,1.6842968458830043e-07,1.7217926651103e-07,2.2405998928443083e-07,2.8998149563509297,3.683800375853252e-08,3.683800375853252e-08,0.01643488571942971,0.01643488571942971,2.2414517744398894e-06,2.2414517744398894e-06,2.2414517744398894e-06,2.8998149563509297,1.6683783216064896e-07,2.576123631805035,2.5505646152356496,2.565934492494501,2.540412742476265,13.146080216658888,12.814336910358163,13.012813065692237,12.684905489808452,1.1041862526527388,1.0971674402215241,1.1007792429504546,1.0954643416124736,1.6105934849242902,1.6070188532328837,1.6054465566392844,1.6106868988078733,1.0954643416124736,0.9872890642121411,1.0954643416124736
occupied,1,10,11,32,7,2,32,33,45,44,32,33,45,44,-0.416666666666667,0.166666666666667,0.0,-0.37500000000000033,0.20833333333333365,0.0,-0.37500000000000033,0.20833333333333365,0.0,-0.37500000000000033,0.20833333333333365,0.0,0.14705011173231294,0.15206786116546545,-0.026725307919406888,-0.026725944451240942,0.14705028016199753,0.15206822426566563,-0.026725073300703193,-0.02672577227197443,0.14705011173231294,0.15206786116546545,-0.026725307919406888,-0.026725944451240942,2.8998139161518552,1.6842968458830043e-07,3.0332648685842343,2.8998139161518552,2.99765086901403,2.9976503988206864,1.6842968458830043e-07,3.6310020018470723e-07,2.3461870369417825e-07,1.7217926651103e-07,2.8998139161518552,4.8236346528174316e-08,4.8236346528174316e-08,0.01643488571942971,0.01643488571942971,2.9349973800638096e-06,2.9349973800638096e-06,2.9349973800638096e-06,2.8998139161518552,1.6842968458830043e-07,2.5761231597678753,2.560355625836225,2.567235201003827,2.5505646152356496,13.146074011221987,12.940418444484841,13.029749954967171,12.814336910358163,1.104186264620356,1.0991166676919897,1.1008268067085343,1.0971674402215241,1.610593248929856,1.608417145395413,1.6004917603221949,1.6070188532328837,1.0971674402215241,0.9872890642121411,1.0971674402215241
occupied,1,10,11,33,8,2,33,34,46,45,33,34,46,45,-0.3333333333333331,0.16666666666666682,0.0,-0.2916666666666664,0.20833333333333348,0.0,-0.2916666666666664,0.20833333333333348,0.0,-0.2916666666666664,0.20833333333333348,0.0,0.15206786116546545,0.14061072065646602,0.17723247771591732,-0.026725307919406888,0.15206822426566563,0.1406112618535404,0.17723278778530577,-0.026725073300703193,0.15206786116546545,0.14061072065646602,0.17723247771591732,-0.026725307919406888,2.5980305554324707,2.3461870369417825e-07,2.8998139161518552,2.5980305554324707,2.94705116774223,2.99765086901403,3.6310020018470723e-07,5.411970743773864e-07,3.1006938844280185e-07,2.3461870369417825e-07,2.5980305554324707,-5.838745598119033e-09,-5.838745598119033e-09,0.01643488571942971,0.01643488571942971,-3.5526536039227396e-07,-3.5526536039227396e-07,-3.5526536039227396e-07,2.5980305554324707,2.3461870369417825e-07,2.5688196284331375,2.5634682626976586,2.5659293152463527,2.560355625836225,13.050411011843185,12.980760019703757,13.012745695304282,12.940418444484841,1.103008393682614,1.1006074772727934,1.1007792812088513,1.0991166676919897,1.615231781383136,1.6144891720045849,1.6054449468551755,1.608417145395413,1.0991166676919897,0.9868392191270016,1.0991166676919897
occupied,1,10,11,34,9,2,34,35,47,46,34,35,47,46,-0.25000000000000006,0.16666666666666693,0.0,-0.2083333333333334,0.2083333333333336,0.0,-0.2083333333333334,0.2083333333333336,0.0,-0.2083333333333334,0.2083333333333336,0.0,0.14061072065646602,0.03266168696381008,0.1406108018472743,0.17723247771591732,0.1406112618535404,0.03266208931088613,0.1406111586929073,0.17723278778530577,0.14061072065646602,0.03266168696381008,0.1406108018472743,0.17723247771591732,2.2004448946570423,3.1006938844280185e-07,2.5980305554324707,2.2004448946570423,2.5980306128169133,2.94705116774223,5.411970743773864e-07,4.0234707604502873e-07,3.568456329872127e-07,3.1006938844280185e-07,2.2004448946570423,-2.309937544714424e-08,-2.309937544714424e-08,0.01643488571942971,0.01643488571942971,-1.4055087355937993e-06,-1.4055087355937993e-06,-1.4055087355937993e-06,2.2004448946570423,3.1006938844280185e-07,2.5566112266057743,2.5566108186157535,2.563467817463814,2.5634682626976586,12.892054954234224,12.892049694405527,12.980754240231356,12.980760019703757,1.100718593648741,1.100718577408416,1.1006074767722793,1.1006074772727934,1.6238413944845513,1.6238410392137614,1.6144888825949006,1.6144891720045849,1.1006074767722793,0.9868392191270016,1.1006074767722793
occupied,1,10,11,35,10,2,35,36,48,47,35,36,48,47,-0.16666666666666696,0.16666666666666696,0.0,-0.1250000000000003,0.20833333333333362,0.0,-0.1250000000000003,0.20833333333333362,0.0,-0.1250000000000003,0.20833333333333362,0.0,0.03266168696381008,-0.29612516008980144,-0.3513451458777908,0.1406108018472743,0.03266208931088613,-0.2961248972558869,-0.3513447946119725,0.1406111586929073,0.03266168696381008,-0.29612516008980144,-0.3513451458777908,0.1406108018472743,1.570710910760058,2.6283391452164295e-07,2.2004448946570423,1.570710910760058,1.7811285799395835,2.5980306128169133,4.0234707604502873e-07,2.6283391452164295e-07,3.512658183213446e-07,3.568456329872127e-07,1.570710910760058,4.3758494605583564e-09,4.3758494605583564e-09,0.01643488571942971,0.01643488571942971,2.662537199991068e-07,2.662537199991068e-07,2.662537199991068e-07,1.570710910760058,2.6283391452164295e-07,2.537632319762828,2.544334334936622,2.551907461145506,2.5566108186157535,12.649685076974716,12.734748187033365,12.831556149070373,12.892049694405527,1.0949575897643544,1.0982764571801649,1.0963213378726446,1.100718577408416,1.634805774815118,1.6341938741189157,1.6242006662433883,1.6238410392137614,1.0949575897643544,0.9896452963207755,1.0949575897643544
occupied,1,10,11,36,11,2,36,25,37,48,36,25,37,48,-0.08333333333333304,0.16666666666666696,0.0,-0.04166666666666637,0.20833333333333362,0.0,-0.04166666666666637,0.20833333333333362,0.0,-0.04166666666666637,0.20833333333333362,0.0,-0.29612516008980144,-0.5227877995469511,-0.6561995822819711,-0.3513451458777908,-0.2961248972558869,-0.5227876186152713,-0.6561993225578038,-0.3513447946119725,-0.29612516008980144,-0.5227877995469511,-0.6561995822819711,-0.3513451458777908,1.0505792166545391,1.8093167974964075e-07,1.570710910760058,1.0505792166545391,1.1835071039480076,1.7811285799395835,2.6283391452164295e-07,1.8093167974964075e-07,2.597241672841477e-07,3.512658183213446e-07,1.0505792166545391,6.845491373752566e-08,6.845491373752566e-08,0.01643488571942971,0.01643488571942971,4.165219941663278e-06,4.165219941663278e-06,4.165219941663278e-06,1.0505792166545391,1.8093167974964075e-07,2.3456987646744607,2.5267570569469884,2.4130989190431475,2.544334334936622,10.440565677701164,12.512861770454222,11.168517905930665,12.734748187033365,1.0065096727656448,1.0934166905667213,1.0317313546280655,1.0982764571801649,1.643582235695559,1.6421696914234967,1.6306234259953056,1.6341938741189157,1.0065096727656448,0.9859649122807017,1.0065096727656448
occupied,1,10,11,37,0,3,37,38,50,49,37,38,50,49,0.0,0.25,0.0,0.041666666666666664,0.2916666666666667,0.0,0.041666666666666664,0.2916666666666667,0.0,0.041666666666666664,0.2916666666666667,0.0,-0.6561995822819711,-0.29612370133803056,-0.35134386559705827,-0.6032346288022552,-0.6561993225578038,-0.29612335694693814,-0.3513434108666918,-0.603234275863479,-0.6561995822819711,-0.29612370133803056,-0.35134386559705827,-0.6032346288022552,1.1835071039480076,2.597241672841477e-07,1.1835071039480076,1.5707161158429743,1.7811326061458874,1.5381159797590174,2.597241672841477e-07,3.4439109242168087e-07,4.547303664725888e-07,3.5293877620468095e-07,1.1835071039480076,-5.481104039596647e-08,-5.481104039596647e-08,0.01643488571942971,0.01643488571942971,-3.335042380682183e-06,-3.335042380682183e-06,-3.335042380682183e-06,1.1835071039480076,2.597241672841477e-07,2.347471279535874,2.5443280305998734,2.4091262684864807,2.567754977349426,10.459088146352425,12.734667903145452,11.124237300975672,13.036524271194985,1.0034821487097456,1.0982764635114126,1.0296838997759536,1.1047403781274998,1.6356383724739645,1.6341934635474629,1.6256985542167204,1.629930495210156,1.0034821487097456,0.9876814782226133,1.0034821487097456
occupied,1,10,11,38,1,3,38,39,51,50,38,39,51,50,0.08333333333333304,0.25,0.0,0.1249999999999997,0.2916666666666667,0.0,0.1249999999999997,0.2916666666666667,0.0,0.1249999999999997,0.2916666666666667,0.0,-0.29612370133803056,-0.2961267869158451,0.032662404848566626,-0.35134386559705827,-0.29612335694693814,-0.29612632619435125,0.03266292480873566,-0.3513434108666918,-0.29612370133803056,-0.2961267869158451,0.032662404848566626,-0.35134386559705827,1.5707134620861511,3.4439109242168087e-07,1.5707161158429743,1.5707134620861511,2.200448460779799,1.7811326061458874,3.4439109242168087e-07,4.607214938445736e-07,5.199601690319966e-07,4.547303664725888e-07,1.5707134620861511,1.9450036493187948e-08,1.9450036493187948e-08,0.01643488571942971,0.01643488571942971,1.1834604039986512e-06,1.1834604039986512e-06,1.1834604039986512e-06,1.5707134620861511,3.4439109242168087e-07,2.5001205133678615,2.53762593618107,2.517187158219321,2.5443280305998734,12.183962202549237,12.649604326933547,12.393686109557411,12.734667903145452,1.0790935665622057,1.0949576011179296,1.0860735182244445,1.0982764635114126,1.6398351096064971,1.634805127160526,1.6279859741612992,1.6341934635474629,1.0790935665622057,0.986334582323121,1.0790935665622057
occupied,1,10,11,39,2,3,39,40,52,51,39,40,52,51,0.16666666666666696,0.24999999999999997,0.0,0.20833333333333362,0.29166666666666663,0.0,0.20833333333333362,0.29166666666666663,0.0,0.20833333333333362,0.29166666666666663,0.0,-0.2961267869158451,-0.6562031781220337,-0.35134686304464496,0.032662404848566626,-0.29612632619435125,-0.6562027154444451,-0.35134631433236047,0.03266292480873566,-0.2961267869158451,-0.6562031781220337,-0.35134686304464496,0.032662404848566626,1.1835053437678873,4.607214938445736e-07,1.5707134620861511,1.1835053437678873,1.7811293320172679,2.200448460779799,4.607214938445736e-07,4.62677588575211e-07,5.48712284498265e-07,5.199601690319966e-07,1.1835053437678873,1.3044814117790793e-09,1.3044814117790793e-09,0.01643488571942971,0.01643488571942971,7.937270961591722e-08,7.937270961591722e-08,7.937270961591722e-08,1.1835053437678873,4.607214938445736e-07,2.347469950504846,2.4130902797475597,2.517186548127506,2.53762593618107,10.459074245908992,11.16842141821999,12.393678548273266,12.649604326933547,1.0034816293326727,1.0317315190859937,1.0860734708088668,1.0949576011179296,1.635638599461554,1.6306226153125427,1.6279854247623529,1.634805127160526,1.0034816293326727,0.9864035087719298,1.0034816293326727
occupied,1,10,11,40,3,3,40,41,53,52,40,41,53,52,0.25000000000000006,0.25,0.0,0.29166666666666674,0.2916666666666667,0.0,0.29166666666666674,0.2916666666666667,0.0,0.29166666666666674,0.2916666666666667,0.0,-0.6562031781220337,-0.35134693227689817,-0.6032379284299694,-0.35134686304464496,-0.6562027154444451,-0.3513464004317035,-0.6032374289585192,-0.35134631433236047,-0.6562031781220337,-0.35134693227689817,-0.6032379284299694,-0.35134686304464496,1.1835053437678873,4.62677588575211e-07,1.1835053437678873,1.781129111827036,1.5381133373691451,1.7811293320172679,4.62677588575211e-07,5.318451946623171e-07,4.994714501993514e-07,5.48712284498265e-07,1.1835053437678873,1.4003940673745774e-08,1.4003940673745774e-08,0.01643488571942971,0.01643488571942971,8.520862823639829e-07,8.520862823639829e-07,8.520862823639829e-07,1.1835053437678873,4.62677588575211e-07,2.4131042588338207,2.409129885172384,2.4091159684147097,2.4130902797475597,11.168577543637639,11.124277533920658,11.124122721123166,11.16842141821999,1.0317315101160824,1.0296835270471598,1.0296836144679595,1.0317315190859937,1.6306244263171923,1.6256993688054253,1.625697492787637,1.6306226153125427,1.0296835270471598,0.9864035087719298,1.0296835270471598
occupied,1,10,11,41,4,3,41,42,54,53,41,42,54,53,0.3333333333333331,0.25000000000000006,0.0,0.3749999999999998,0.29166666666666674,0.0,0.3749999999999998,0.29166666666666674,0.0,0.3749999999999998,0.29166666666666674,0.0,-0.35134693227689817,0.14061010548654518,-0.2500650936923695,-0.6032379284299694,-0.3513464004317035,0.14061068451397124,-0.25006459432715966,-0.6032374289585192,-0.35134693227689817,0.14061010548654518,-0.2500650936923695,-0.6032379284299694,1.5381133373691451,4.993652098495005e-07,1.781129111827036,2.598031093861967,2.1631755342935053,1.5381133373691451,5.318451946623171e-07,5.790274260619732e-07,4.993652098495005e-07,4.994714501993514e-07,1.5381133373691451,1.992072526867089e-08,1.992072526867089e-08,0.01643488571942971,0.01643488571942971,1.212100017532835e-06,1.212100017532835e-06,1.212100017532835e-06,1.5381133373691451,4.993652098495005e-07,2.55192646175108,2.524514729437979,2.4619154464671262,2.409129885172384,12.831799958723916,12.484835270329183,11.727252965706958,11.124277533920658,1.0963213309606463,1.0880866750650384,1.0525523793255391,1.0296835270471598,1.6242035166013966,1.619450097612079,1.6231630766666967,1.6256993688054253,1.0296835270471598,0.9876814782226133,1.0296835270471598
occupied,1,10,11,42,5,3,42,43,55,54,42,43,55,54,0.416666666666667,0.25,0.0,0.4583333333333337,0.2916666666666667,0.0,0.4583333333333337,0.2916666666666667,0.0,0.4583333333333337,0.2916666666666667,0.0,0.14061010548654518,0.17723092112248134,0.1520662934300741,-0.2500650936923695,0.14061068451397124,0.17723114518247063,0.15206671014039658,-0.25006459432715966,0.14061010548654518,0.17723092112248134,0.1520662934300741,-0.2500650936923695,2.1631755342935053,2.2405998928443083e-07,2.598031093861967,2.9470500307379175,2.899812084542372,2.1631755342935053,5.790274260619732e-07,2.2405998928443083e-07,4.167103224705926e-07,4.993652098495005e-07,2.1631755342935053,-2.8292996145248547e-08,-2.8292996145248547e-08,0.01643488571942971,0.01643488571942971,-1.7215207107768263e-06,-1.7215207107768263e-06,-1.7215207107768263e-06,2.1631755342935053,2.2405998928443083e-07,2.563484968329598,2.5404081563292022,2.5517880171204355,2.524514729437979,12.980976873314274,12.6848473150998,12.830023587885467,12.484835270329183,1.100607463096475,1.0954643391574446,1.0953732358666575,1.0880866750650384,1.6144923627007732,1.6106864510020809,1.6176027362183434,1.619450097612079,1.0880866750650384,0.9868392191270016,1.0880866750650384
occupied,1,10,11,43,6,3,43,44,56,55,43,44,56,55,0.5000000000000001,0.25000000000000006,0.0,0.5416666666666667,0.29166666666666674,0.0,0.5416666666666667,0.29166666666666674,0.0,0.5416666666666667,0.29166666666666674,0.0,0.17723092112248134,-0.026725944451240942,-0.0267266896596904,0.1520662934300741,0.17723114518247063,-0.02672577227197443,-0.026726464625777303,0.15206671014039658,0.17723092112248134,-0.026725944451240942,-0.0267266896596904,0.1520662934300741,2.899812084542372,1.7217926651103e-07,2.9470500307379175,2.9976503988206864,2.9976486742290263,2.899812084542372,2.2405998928443083e-07,1.7217926651103e-07,2.2503391309755538e-07,4.167103224705926e-07,2.899812084542372,-5.720243325747804e-08,-5.720243325747804e-08,0.01643488571942971,0.01643488571942971,-3.4805494990361857e-06,-3.4805494990361857e-06,-3.4805494990361857e-06,2.899812084542372,1.7217926651103e-07,2.565934492494501,2.5454750193331384,2.5603504667439982,2.5404081563292022,13.012813065692237,12.749282803713115,12.940351683844847,12.6848473150998,1.1007792429504546,1.096123259927175,1.099116669495539,1.0954643391574446,1.6054465566392844,1.6022792228597167,1.6084169973321156,1.6106864510020809,1.0954643391574446,0.9873057561829722,1.0954643391574446
occupied,1,10,11,44,7,3,44,45,57,56,44,45,57,56,-0.416666666666667,0.24999999999999997,0.0,-0.37500000000000033,0.29166666666666663,0.0,-0.37500000000000033,0.29166666666666663,0.0,-0.37500000000000033,0.29166666666666663,0.0,-0.026725944451240942,-0.026725307919406888,-0.16266491040701864,-0.0267266896596904,-0.02672577227197443,-0.026725073300703193,-0.1626646945135651,-0.026726464625777303,-0.026725944451240942,-0.026725307919406888,-0.16266491040701864,-0.0267266896596904,2.990348656858159,1.7217926651103e-07,2.9976503988206864,2.99765086901403,2.990348656858159,2.9976486742290263,1.7217926651103e-07,2.3461870369417825e-07,2.1589345353123512e-07,2.2503391309755538e-07,2.990348656858159,1.539296714604705e-08,1.539296714604705e-08,0.01643488571942971,0.01643488571942971,9.366032358745957e-07,9.366032358745957e-07,9.366032358745957e-07,2.990348656858159,1.7217926651103e-07,2.567235201003827,2.557046054247018,2.557044842150062,2.5454750193331384,13.029749954967171,12.897661995040577,12.897646361833207,12.749282803713115,1.1008268067085343,1.0982030244475187,1.0982030129386644,1.096123259927175,1.6004917603221949,1.5982531950814964,1.5982577642516638,1.6022792228597167,1.096123259927175,0.9881812212738017,1.096123259927175
occupied,1,10,11,45,8,3,45,46,58,57,45,46,58,57,-0.3333333333333331,0.24999999999999997,0.0,-0.2916666666666664,0.29166666666666663,0.0,-0.2916666666666664,0.29166666666666663,0.0,-0.2916666666666664,0.29166666666666663,0.0,-0.026725307919406888,0.17723247771591732,-0.026725348874096583,-0.16266491040701864,-0.026725073300703193,0.17723278778530577,-0.02672503898363944,-0.1626646945135651,-0.026725307919406888,0.17723247771591732,-0.026725348874096583,-0.16266491040701864,2.94705116774223,2.1589345353123512e-07,2.99765086901403,2.94705116774223,2.997650827335409,2.990348656858159,2.3461870369417825e-07,3.1006938844280185e-07,3.098904571424699e-07,2.1589345353123512e-07,2.94705116774223,-6.588951606545379e-10,-6.588951606545379e-10,0.01643488571942971,0.01643488571942971,-4.00912529544137e-08,-4.00912529544137e-08,-4.00912529544137e-08,2.94705116774223,2.1589345353123512e-07,2.5659293152463527,2.5659245861858833,2.5570413571891,2.557046054247018,13.012745695304282,13.012684157388525,12.897601414117455,12.897661995040577,1.1007792812088513,1.100779285074654,1.0982029996778557,1.0982030244475187,1.6054449468551755,1.6054440274506236,1.5982531531190758,1.5982531950814964,1.0982029996778557,0.9899453551912568,1.0982029996778557
occupied,1,10,11,46,9,3,46,47,59,58,46,47,59,58,-0.25000000000000006,0.24999999999999997,0.0,-0.2083333333333334,0.29166666666666663,0.0,-0.2083333333333334,0.29166666666666663,0.0,-0.2083333333333334,0.29166666666666663,0.0,0.17723247771591732,0.1406108018472743,0.15206788655703452,-0.026725348874096583,0.17723278778530577,0.1406111586929073,0.1520682412631939,-0.02672503898363944,0.17723247771591732,0.1406108018472743,0.15206788655703452,-0.026725348874096583,2.5980306128169133,3.098904571424699e-07,2.94705116774223,2.5980306128169133,2.899813908892011,2.997650827335409,3.1006938844280185e-07,3.568456329872127e-07,3.547061593889289e-07,3.098904571424699e-07,2.5980306128169133,-2.6928845153761927e-08,-2.6928845153761927e-08,0.01643488571942971,0.01643488571942971,-1.6385173352271024e-06,-1.6385173352271024e-06,-1.6385173352271024e-06,2.5980306128169133,3.098904571424699e-07,2.563467817463814,2.5688124257287743,2.5603440519503513,2.5659245861858833,12.980754240231356,13.050317013929368,12.94026867442532,13.012684157388525,1.1006074767722793,1.1030083863668467,1.0991166560613466,1.100779285074654,1.6144888825949006,1.6152295994140455,1.608414511803078,1.6054440274506236,1.0991166560613466,0.9868392191270016,1.0991166560613466
occupied,1,10,11,47,10,3,47,48,60,59,47,48,60,59,-0.16666666666666696,0.24999999999999994,0.0,-0.1250000000000003,0.29166666666666663,0.0,-0.1250000000000003,0.29166666666666663,0.0,-0.1250000000000003,0.29166666666666663,0.0,0.1406108018472743,-0.3513451458777908,-0.25006298381256387,0.15206788655703452,0.1406111586929073,-0.3513447946119725,-0.2500626183765454,0.1520682412631939,0.1406108018472743,-0.3513451458777908,-0.25006298381256387,0.15206788655703452,1.7811285799395835,3.512658183213446e-07,2.5980306128169133,1.7811285799395835,2.1631767499566372,2.899813908892011,3.568456329872127e-07,3.512658183213446e-07,3.654360184457417e-07,3.547061593889289e-07,1.7811285799395835,-1.1411594336152575e-08,-1.1411594336152575e-08,0.01643488571942971,0.01643488571942971,-6.943519128132128e-07,-6.943519128132128e-07,-6.943519128132128e-07,1.7811285799395835,3.512658183213446e-07,2.551907461145506,2.5714916991743544,2.551774232540968,2.5688124257287743,12.831556149070373,13.085329264513184,12.829846732624688,13.050317013929368,1.0963213378726446,1.1050570501508552,1.0953732535262886,1.1030083863668467,1.6242006662433883,1.6242856930785938,1.6175983533256775,1.6152295994140455,1.0953732535262886,0.990103364855949,1.0953732535262886
occupied,1,10,11,48,11,3,48,37,49,60,48,37,49,60,-0.08333333333333304,0.25,0.0,-0.04166666666666637,0.2916666666666667,0.0,-0.04166666666666637,0.2916666666666667,0.0,-0.04166666666666637,0.2916666666666667,0.0,-0.3513451458777908,-0.6561995822819711,-0.6032346288022552,-0.25006298381256387,-0.3513447946119725,-0.6561993225578038,-0.603234275863479,-0.2500626183765454,-0.3513451458777908,-0.6561995822819711,-0.6032346288022552,-0.25006298381256387,1.1835071039480076,2.597241672841477e-07,1.7811285799395835,1.1835071039480076,1.5381159797590174,2.1631767499566372,3.512658183213446e-07,2.597241672841477e-07,3.5293877620468095e-07,3.654360184457417e-07,1.1835071039480076,-9.448374530679482e-09,-9.448374530679482e-09,0.01643488571942971,0.01643488571942971,-5.748974889134392e-07,-5.748974889134392e-07,-5.748974889134392e-07,1.1835071039480076,2.597241672841477e-07,2.4130989190431475,2.567754977349426,2.461913378784332,2.5714916991743544,11.168517905930665,13.036524271194985,11.727228717492844,13.085329264513184,1.0317313546280655,1.1047403781274998,1.052552369725988,1.1050570501508552,1.6306234259953056,1.629930495210156,1.6231612793634072,1.6242856930785938,1.0317313546280655,0.9864035087719298,1.0317313546280655
occupied,1,10,11,49,0,4,49,50,62,61,49,50,62,61,0.0,0.33333333333333304,0.0,0.041666666666666664,0.3749999999999997,0.0,0.041666666666666664,0.3749999999999997,0.0,0.041666666666666664,0.3749999999999997,0.0,-0.6032346288022552,-0.35134386559705827,-0.25006206346230775,-0.4235117883154519,-0.603234275863479,-0.3513434108666918,-0.2500616222798324,-0.4235114838495951,-0.6032346288022552,-0.35134386559705827,-0.25006206346230775,-0.4235117883154519,1.5381159797590174,3.0446585680410365e-07,1.5381159797590174,1.7811326061458874,2.1631797012012695,1.9547984409598116,3.5293877620468095e-07,4.547303664725888e-07,4.4118247533031507e-07,3.0446585680410365e-07,1.5381159797590174,1.427910456541781e-09,1.427910456541781e-09,0.01643488571942971,0.01643488571942971,8.688289537989739e-08,8.688289537989739e-08,8.688289537989739e-08,1.5381159797590174,3.0446585680410365e-07,2.4091262684864807,2.571490925376846,2.4573505666212734,2.5985713265711197,11.124237300975672,13.085319139121921,11.673841466284815,13.4445164841466,1.0296838997759536,1.105057005898868,1.0522268063488793,1.1124905503220555,1.6256985542167204,1.6242864548725648,1.6202431647291957,1.6231754900496131,1.0296838997759536,0.9870329670329671,1.0296838997759536
occupied,1,10,11,50,1,4,50,51,63,62,50,51,63,62,0.08333333333333304,0.33333333333333304,0.0,0.1249999999999997,0.3749999999999997,0.0,0.1249999999999997,0.3749999999999997,0.0,0.1249999999999997,0.3749999999999997,0.0,-0.35134386559705827,0.032662404848566626,0.1406113548198678,-0.25006206346230775,-0.3513434108666918,0.03266292480873566,0.14061188304796413,-0.2500616222798324,-0.35134386559705827,0.032662404848566626,0.1406113548198678,-0.25006206346230775,1.7811326061458874,4.4118247533031507e-07,1.7811326061458874,2.200448460779799,2.598033190451837,2.1631797012012695,4.547303664725888e-07,5.199601690319966e-07,5.282280963192498e-07,4.4118247533031507e-07,1.7811326061458874,7.873960727877716e-08,7.873960727877716e-08,0.01643488571942971,0.01643488571942971,4.791004246880119e-06,4.791004246880119e-06,4.791004246880119e-06,1.7811326061458874,4.4118247533031507e-07,2.517187158219321,2.5566132611203023,2.524508064635604,2.571490925376846,12.393686109557411,12.892081183334005,12.48475206164671,13.085319139121921,1.0860735182244445,1.100718614054795,1.0880867035079096,1.105057005898868,1.6279859741612992,1.6238418782482593,1.6194487507720916,1.6242864548725648,1.0860735182244445,0.9898812142542894,1.0860735182244445
occupied,1,10,11,51,2,4,51,52,64,63,51,52,64,63,0.16666666666666696,0.3333333333333329,0.0,0.20833333333333362,0.3749999999999996,0.0,0.20833333333333362,0.3749999999999996,0.0,0.20833333333333362,0.3749999999999996,0.0,0.032662404848566626,-0.35134686304464496,0.1406101780652646,0.1406113548198678,0.03266292480873566,-0.35134631433236047,0.1406107447187695,0.14061188304796413,0.032662404848566626,-0.35134686304464496,0.1406101780652646,0.1406113548198678,1.7811293320172679,5.199601690319966e-07,2.200448460779799,1.7811293320172679,2.598031380863128,2.598033190451837,5.199601690319966e-07,5.48712284498265e-07,5.66653504896486e-07,5.282280963192498e-07,1.7811293320172679,1.9927236527550463e-09,1.9927236527550463e-09,0.01643488571942971,0.01643488571942971,1.2124962027567987e-07,1.2124962027567987e-07,1.2124962027567987e-07,1.7811293320172679,5.199601690319966e-07,2.517186548127506,2.5519125356262626,2.535956876961749,2.5566132611203023,12.393678548273266,12.831621262720335,12.628508997784929,12.892081183334005,1.0860734708088668,1.0963213652665085,1.0946787483819502,1.100718614054795,1.6279854247623529,1.6242016948963092,1.6183032372609645,1.6238418782482593,1.0860734708088668,0.9900859220092532,1.0860734708088668
occupied,1,10,11,52,3,4,52,53,65,64,52,53,65,64,0.25000000000000006,0.33333333333333304,0.0,0.29166666666666674,0.3749999999999997,0.0,0.29166666666666674,0.3749999999999997,0.0,0.29166666666666674,0.3749999999999997,0.0,-0.35134686304464496,-0.6032379284299694,-0.25006508240224634,0.1406101780652646,-0.35134631433236047,-0.6032374289585192,-0.25006454547987345,0.1406107447187695,-0.35134686304464496,-0.6032379284299694,-0.25006508240224634,0.1406101780652646,1.5381133373691451,4.994714501993514e-07,1.7811293320172679,1.5381133373691451,2.1631756922368206,2.598031380863128,5.48712284498265e-07,4.994714501993514e-07,5.369223728957095e-07,5.66653504896486e-07,1.5381133373691451,1.6199497965274645e-08,1.6199497965274645e-08,0.01643488571942971,0.01643488571942971,9.856775545523396e-07,9.856775545523396e-07,9.856775545523396e-07,1.5381133373691451,4.994714501993514e-07,2.4091159684147097,2.461914273518036,2.5245135300886172,2.5519125356262626,11.124122721123166,11.727239210244328,12.48482029665895,12.831621262720335,1.0296836144679595,1.052552391026487,1.0880866877592694,1.0963213652665085,1.625697492787637,1.623162965411279,1.6194500635675073,1.6242016948963092,1.0296836144679595,0.9876814782226133,1.0296836144679595
occupied,1,10,11,53,4,4,53,54,66,65,53,54,66,65,0.3333333333333331,0.33333333333333304,0.0,0.3749999999999998,0.3749999999999997,0.0,0.3749999999999998,0.3749999999999997,0.0,0.3749999999999998,0.3749999999999997,0.0,-0.6032379284299694,-0.2500650936923695,-0.4235153500589506,-0.25006508240224634,-0.6032374289585192,-0.25006459432715966,-0.4235149185056446,-0.25006454547987345,-0.6032379284299694,-0.2500650936923695,-0.4235153500589506,-0.25006508240224634,1.5381133373691451,4.3155330597954844e-07,1.5381133373691451,2.1631755342935053,1.9547948618226842,2.1631756922368206,4.994714501993514e-07,4.993652098495005e-07,4.3155330597954844e-07,5.369223728957095e-07,1.5381133373691451,-7.948360835493822e-09,-7.948360835493822e-09,0.01643488571942971,0.01643488571942971,-4.836273869612055e-07,-4.836273869612055e-07,-4.836273869612055e-07,1.5381133373691451,4.3155330597954844e-07,2.4619154464671262,2.4573512297056928,2.457350048779931,2.461914273518036,11.727252965706958,11.673849207029772,11.673835421088645,11.727239210244328,1.0525523793255391,1.0522266743631283,1.0522266692088877,1.052552391026487,1.6231630766666967,1.6202452977898911,1.6202452800869769,1.623162965411279,1.0522266692088877,0.9870329670329671,1.0522266692088877
occupied,1,10,11,54,5,4,54,55,67,66,54,55,67,66,0.416666666666667,0.33333333333333304,0.0,0.4583333333333337,0.3749999999999997,0.0,0.4583333333333337,0.3749999999999997,0.0,0.4583333333333337,0.3749999999999997,0.0,-0.2500650936923695,0.1520662934300741,-0.08396279459564576,-0.4235153500589506,-0.25006459432715966,0.15206671014039658,-0.08396238013584059,-0.4235149185056446,-0.2500650936923695,0.1520662934300741,-0.08396279459564576,-0.4235153500589506,1.9547948618226842,4.1445980517029746e-07,2.1631755342935053,2.899812084542372,2.5207804967207945,1.9547948618226842,4.993652098495005e-07,4.167103224705926e-07,4.1445980517029746e-07,4.3155330597954844e-07,1.9547948618226842,6.562623893272e-08,6.562623893272e-08,0.01643488571942971,0.01643488571942971,3.993105887869674e-06,3.993105887869674e-06,3.993105887869674e-06,1.9547948618226842,4.1445980517029746e-07,2.5517880171204355,2.5364913850537625,2.4760724979403133,2.4573512297056928,12.830023587885467,12.63526084233133,11.894457055426908,11.673849207029772,1.0953732358666575,1.0916612176208023,1.0606028452871616,1.0522266743631283,1.6176027362183434,1.6151610965031462,1.619133296680986,1.6202452977898911,1.0522266743631283,0.9870329670329671,1.0522266743631283
occupied,1,10,11,55,6,4,55,56,68,67,55,56,68,67,0.5000000000000001,0.3333333333333331,0.0,0.5416666666666667,0.3749999999999998,0.0,0.5416666666666667,0.3749999999999998,0.0,0.5416666666666667,0.3749999999999998,0.0,0.1520662934300741,-0.0267266896596904,0.1470483674419737,-0.08396279459564576,0.15206671014039658,-0.026726464625777303,0.14704873434154353,-0.08396238013584059,0.1520662934300741,-0.0267266896596904,0.1470483674419737,-0.08396279459564576,2.5207804967207945,2.2503391309755538e-07,2.899812084542372,2.9976486742290263,3.0332616970221613,2.5207804967207945,4.167103224705926e-07,2.2503391309755538e-07,3.668995698369315e-07,4.1445980517029746e-07,2.5207804967207945,6.155686715914044e-08,6.155686715914044e-08,0.01643488571942971,0.01643488571942971,3.7455001641031467e-06,3.7455001641031467e-06,3.7455001641031467e-06,2.5207804967207945,2.2503391309755538e-07,2.5603504667439982,2.5505808112230537,2.5454146978064216,2.5364913850537625,12.940351683844847,12.81454445287803,12.748513770704706,12.63526084233133,1.099116669495539,1.097167476755752,1.0939583556095955,1.0916612176208023,1.6084169973321156,1.6070268348656045,1.6146779778747289,1.6151610965031462,1.0916612176208023,0.9870699101468332,1.0916612176208023
occupied,1,10,11,56,7,4,56,57,69,68,56,57,69,68,-0.416666666666667,0.33333333333333304,0.0,-0.37500000000000033,0.3749999999999997,0.0,-0.37500000000000033,0.3749999999999997,0.0,-0.37500000000000033,0.3749999999999997,0.0,-0.0267266896596904,-0.16266491040701864,-0.02672671480816774,0.1470483674419737,-0.026726464625777303,-0.1626646945135651,-0.026726465400291555,0.14704873434154353,-0.0267266896596904,-0.16266491040701864,-0.02672671480816774,0.1470483674419737,2.990348656858159,2.1589345353123512e-07,2.9976486742290263,2.990348656858159,2.9976486446005284,3.0332616970221613,2.2503391309755538e-07,2.1589345353123512e-07,2.494078761849927e-07,3.668995698369315e-07,2.990348656858159,2.883834460121193e-08,2.883834460121193e-08,0.01643488571942971,0.01643488571942971,1.7547030806011967e-06,1.7547030806011967e-06,1.7547030806011967e-06,2.990348656858159,2.1589345353123512e-07,2.557044842150062,2.5570453868106577,2.550581266467773,2.5505808112230537,12.897646361833207,12.89765338667487,12.814550286633049,12.81454445287803,1.0982030129386644,1.0982029766162587,1.0971674308432142,1.097167476755752,1.5982577642516638,1.5982576646303288,1.6070265568133026,1.6070268348656045,1.0971674308432142,0.989494418910046,1.0971674308432142
occupied,1,10,11,57,8,4,57,58,70,69,57,58,70,69,-0.3333333333333331,0.33333333333333304,0.0,-0.2916666666666664,0.3749999999999997,0.0,-0.2916666666666664,0.3749999999999997,0.0,-0.2916666666666664,0.3749999999999997,0.0,-0.16266491040701864,-0.026725348874096583,-0.02672602738392688,-0.02672671480816774,-0.1626646945135651,-0.02672503898363944,-0.026725744313346084,-0.026726465400291555,-0.16266491040701864,-0.026725348874096583,-0.02672602738392688,-0.02672671480816774,2.990348656858159,2.1589345353123512e-07,2.990348656858159,2.997650827335409,2.9976503691855636,2.9976486446005284,2.1589345353123512e-07,3.098904571424699e-07,2.8307058079490854e-07,2.494078761849927e-07,2.990348656858159,1.5494075600988872e-08,1.5494075600988872e-08,0.01643488571942971,0.01643488571942971,9.427552990326796e-07,9.427552990326796e-07,9.427552990326796e-07,2.990348656858159,2.1589345353123512e-07,2.5570413571891,2.567219488268555,2.545464544569187,2.5570453868106577,12.897601414117455,13.029545223563918,12.749149258684625,12.89765338667487,1.0982029996778557,1.1008268203125708,1.0961232821349904,1.0982029766162587,1.5982531531190758,1.6004860168346682,1.6022750814943378,1.5982576646303288,1.0961232821349904,0.9881812212738017,1.0961232821349904
occupied,1,10,11,58,9,4,58,59,71,70,58,59,71,70,-0.25000000000000006,0.33333333333333304,0.0,-0.2083333333333334,0.3749999999999997,0.0,-0.2083333333333334,0.3749999999999997,0.0,-0.2083333333333334,0.3749999999999997,0.0,-0.026725348874096583,0.15206788655703452,0.147050032156688,-0.02672602738392688,-0.02672503898363944,0.1520682412631939,0.14705034349298812,-0.026725744313346084,-0.026725348874096583,0.15206788655703452,0.147050032156688,-0.02672602738392688,2.899813908892011,2.8307058079490854e-07,2.997650827335409,2.899813908892011,3.0332647938254422,2.9976503691855636,3.098904571424699e-07,3.547061593889289e-07,3.113363001294722e-07,2.8307058079490854e-07,2.899813908892011,1.5145855451895122e-09,1.5145855451895122e-09,0.01643488571942971,0.01643488571942971,9.21567433474109e-08,9.21567433474109e-08,9.21567433474109e-08,2.899813908892011,2.8307058079490854e-07,2.5603440519503513,2.5761317792257765,2.5505689131768805,2.567219488268555,12.94026867442532,13.146187323741838,12.814391985743473,13.029545223563918,1.0991166560613466,1.1041862839484298,1.0971674732142482,1.1008268203125708,1.608414511803078,1.6105974818912452,1.607020800782111,1.6004860168346682,1.0971674732142482,0.9872890642121411,1.0971674732142482
occupied,1,10,11,59,10,4,59,60,72,71,59,60,72,71,-0.16666666666666696,0.333333333333333,0.0,-0.1250000000000003,0.37499999999999967,0.0,-0.1250000000000003,0.37499999999999967,0.0,-0.1250000000000003,0.37499999999999967,0.0,0.15206788655703452,-0.25006298381256387,-0.08396007985206394,0.147050032156688,0.1520682412631939,-0.2500626183765454,-0.08395985060802821,0.14705034349298812,0.15206788655703452,-0.25006298381256387,-0.08396007985206394,0.147050032156688,2.1631767499566372,2.2924403572655017e-07,2.899813908892011,2.1631767499566372,2.5207834230373454,3.0332647938254422,3.547061593889289e-07,3.654360184457417e-07,2.2924403572655017e-07,3.113363001294722e-07,2.1631767499566372,-2.4814992838351202e-08,-2.4814992838351202e-08,0.01643488571942971,0.01643488571942971,-1.5098974986491285e-06,-1.5098974986491285e-06,-1.5098974986491285e-06,2.1631767499566372,2.2924403572655017e-07,2.551774232540968,2.588316701124227,2.5454213128922296,2.5761317792257765,12.829846732624688,13.307352487971235,12.748598103496159,13.146187323741838,1.0953732535262886,1.108583122777782,1.0939583438852778,1.1041862839484298,1.6175983533256775,1.6188930167084588,1.614676250291859,1.6105974818912452,1.0939583438852778,0.9870699101468332,1.0939583438852778
occupied,1,10,11,60,11,4,60,49,61,72,60,49,61,72,-0.08333333333333304,0.33333333333333304,0.0,-0.04166666666666637,0.3749999999999997,0.0,-0.04166666666666637,0.3749999999999997,0.0,-0.04166666666666637,0.3749999999999997,0.0,-0.25006298381256387,-0.6032346288022552,-0.4235117883154519,-0.08396007985206394,-0.2500626183765454,-0.603234275863479,-0.4235114838495951,-0.08395985060802821,-0.25006298381256387,-0.6032346288022552,-0.4235117883154519,-0.08396007985206394,1.5381159797590174,2.2924403572655017e-07,2.1631767499566372,1.5381159797590174,1.9547984409598116,2.5207834230373454,3.654360184457417e-07,3.5293877620468095e-07,3.0446585680410365e-07,2.2924403572655017e-07,1.5381159797590174,-3.2538435279505507e-09,-3.2538435279505507e-09,0.01643488571942971,0.01643488571942971,-1.9798394607050903e-07,-1.9798394607050903e-07,-1.9798394607050903e-07,1.5381159797590174,2.2924403572655017e-07,2.461913378784332,2.5985713265711197,2.476085379273932,2.588316701124227,11.727228717492844,13.4445164841466,11.894610272883275,13.307352487971235,1.052552369725988,1.1124905503220555,1.0606028355510684,1.108583122777782,1.6231612793634072,1.6231754900496131,1.6191316275794285,1.6188930167084588,1.052552369725988,0.9885613726352838,1.052552369725988
occupied,1,10,11,61,0,5,61,62,74,73,61,62,74,73,0.0,0.416666666666667,0.0,0.041666666666666664,0.4583333333333337,0.0,0.041666666666666664,0.4583333333333337,0.0,0.041666666666666664,0.4583333333333337,0.0,-0.4235117883154519,-0.25006206346230775,-0.0839595972087572,-0.3173208062713772,-0.4235114838495951,-0.2500616222798324,-0.08395932494967234,-0.3173205850755855,-0.4235117883154519,-0.25006206346230775,-0.0839595972087572,-0.3173208062713772,1.9547984409598116,2.2119579168311532e-07,1.9547984409598116,2.1631797012012695,2.520784767255031,2.1480449759524456,3.0446585680410365e-07,4.4118247533031507e-07,2.722590848602824e-07,2.2119579168311532e-07,1.9547984409598116,-7.143956315402988e-09,-7.143956315402988e-09,0.01643488571942971,0.01643488571942971,-4.3468244546156075e-07,-4.3468244546156075e-07,-4.3468244546156075e-07,1.9547984409598116,2.2119579168311532e-07,2.4573505666212734,2.58832238441037,2.474496853940212,2.6032035566097163,11.673841466284815,13.307428117678143,11.875730382692154,13.506939043466469,1.0522268063488793,1.108583089409011,1.0606877422296068,1.1132371001291008,1.6202431647291957,1.6188951503969988,1.6181114780556054,1.6199313141141891,1.0522268063488793,0.9870329670329671,1.0522268063488793
occupied,1,10,11,62,1,5,62,63,75,74,62,63,75,74,0.08333333333333304,0.416666666666667,0.0,0.1249999999999997,0.4583333333333337,0.0,0.1249999999999997,0.4583333333333337,0.0,0.1249999999999997,0.4583333333333337,0.0,-0.25006206346230775,0.1406113548198678,0.1520677373231843,-0.0839595972087572,-0.2500616222798324,0.14061188304796413,0.15206806307971965,-0.08395932494967234,-0.25006206346230775,0.1406113548198678,0.1520677373231843,-0.0839595972087572,2.1631797012012695,2.722590848602824e-07,2.1631797012012695,2.598033190451837,2.899815201942932,2.520784767255031,4.4118247533031507e-07,5.282280963192498e-07,3.2575653535760196e-07,2.722590848602824e-07,2.1631797012012695,-2.826775880038213e-08,-2.826775880038213e-08,0.01643488571942971,0.01643488571942971,-1.7199851147710334e-06,-1.7199851147710334e-06,-1.7199851147710334e-06,2.1631797012012695,2.722590848602824e-07,2.524508064635604,2.568829983075037,2.536504268391498,2.58832238441037,12.48475206164671,13.050546144875478,12.635423627712743,13.307428117678143,1.0880867035079096,1.1030084107736349,1.091661240901138,1.108583089409011,1.6194487507720916,1.6152332290212559,1.6151614752616825,1.6188951503969988,1.0880867035079096,0.9883490877115849,1.0880867035079096
occupied,1,10,11,63,2,5,63,64,76,75,63,64,76,75,0.16666666666666696,0.416666666666667,0.0,0.20833333333333362,0.4583333333333337,0.0,0.20833333333333362,0.4583333333333337,0.0,0.20833333333333362,0.4583333333333337,0.0,0.1406113548198678,0.1406101780652646,0.1772308358114379,0.1520677373231843,0.14061188304796413,0.1406107447187695,0.17723107591954618,0.15206806307971965,0.1406113548198678,0.1406101780652646,0.1772308358114379,0.1520677373231843,2.598031380863128,2.401081082847867e-07,2.598033190451837,2.598031380863128,2.947050187828588,2.899815201942932,5.282280963192498e-07,5.66653504896486e-07,2.401081082847867e-07,3.2575653535760196e-07,2.598031380863128,5.507109213098715e-09,5.507109213098715e-09,0.01643488571942971,0.01643488571942971,3.350865535126953e-07,3.350865535126953e-07,3.350865535126953e-07,2.598031380863128,2.401081082847867e-07,2.535956876961749,2.5634778440735575,2.5404054291765514,2.568829983075037,12.628508997784929,12.980884393840796,12.68481272163199,13.050546144875478,1.0946787483819502,1.1006074694877548,1.0954643680928682,1.1030084107736349,1.6183032372609645,1.614491576310962,1.6106858631382435,1.6152332290212559,1.0946787483819502,0.9868392191270016,1.0946787483819502
occupied,1,10,11,64,3,5,64,65,77,76,64,65,77,76,0.25000000000000006,0.41666666666666696,0.0,0.29166666666666674,0.45833333333333365,0.0,0.29166666666666674,0.45833333333333365,0.0,0.29166666666666674,0.45833333333333365,0.0,0.1406101780652646,-0.25006508240224634,0.15206612862758334,0.1772308358114379,0.1406107447187695,-0.25006454547987345,0.15206660298834213,0.17723107591954618,0.1406101780652646,-0.25006508240224634,0.15206612862758334,0.1772308358114379,2.1631756922368206,2.401081082847867e-07,2.598031380863128,2.1631756922368206,2.8998121369683036,2.947050187828588,5.66653504896486e-07,5.369223728957095e-07,4.7436075878426465e-07,2.401081082847867e-07,2.1631756922368206,1.589490050690756e-08,1.589490050690756e-08,0.01643488571942971,0.01643488571942971,9.671439630466206e-07,9.671439630466206e-07,9.671439630466206e-07,2.1631756922368206,2.401081082847867e-07,2.5245135300886172,2.5517831865325373,2.5403973640355746,2.5634778440735575,12.48482029665895,12.829961611478481,12.684710417241675,12.980884393840796,1.0880866877592694,1.0953732367597573,1.0954643292854465,1.1006074694877548,1.6194500635675073,1.617601822860418,1.6106847220552627,1.614491576310962,1.0880866877592694,0.9868392191270016,1.0880866877592694
occupied,1,10,11,65,4,5,65,66,78,77,65,66,78,77,0.3333333333333331,0.4166666666666671,0.0,0.3749999999999998,0.45833333333333376,0.0,0.3749999999999998,0.45833333333333376,0.0,0.3749999999999998,0.45833333333333376,0.0,-0.25006508240224634,-0.4235153500589506,-0.08396284674410497,0.15206612862758334,-0.25006454547987345,-0.4235149185056446,-0.0839623998041292,0.15206660298834213,-0.25006508240224634,-0.4235153500589506,-0.08396284674410497,0.15206612862758334,1.9547948618226842,4.3155330597954844e-07,2.1631756922368206,1.9547948618226842,2.5207805887559727,2.8998121369683036,5.369223728957095e-07,4.3155330597954844e-07,4.469399757650594e-07,4.7436075878426465e-07,1.9547948618226842,1.4557644867352337e-08,1.4557644867352337e-08,0.01643488571942971,0.01643488571942971,8.85777066897517e-07,8.85777066897517e-07,8.85777066897517e-07,1.9547948618226842,4.3155330597954844e-07,2.457350048779931,2.4760817319312936,2.536496998094976,2.5517831865325373,11.673835421088645,11.894566889243176,12.635331764770228,12.829961611478481,1.0522266692088877,1.060602842119226,1.0916612164479522,1.0953732367597573,1.6202452800869769,1.619134872954191,1.6151618896972508,1.617601822860418,1.0522266692088877,0.9870329670329671,1.0522266692088877
occupied,1,10,11,66,5,5,66,67,79,78,66,67,79,78,0.416666666666667,0.416666666666667,0.0,0.4583333333333337,0.4583333333333337,0.0,0.4583333333333337,0.4583333333333337,0.0,0.4583333333333337,0.4583333333333337,0.0,-0.4235153500589506,-0.08396279459564576,-0.3173246318510267,-0.08396284674410497,-0.4235149185056446,-0.08396238013584059,-0.31732425344587767,-0.0839623998041292,-0.4235153500589506,-0.08396279459564576,-0.3173246318510267,-0.08396284674410497,1.9547948618226842,3.7840514904852185e-07,1.9547948618226842,2.5207804967207945,2.1480409282452175,2.5207805887559727,4.3155330597954844e-07,4.1445980517029746e-07,3.7840514904852185e-07,4.469399757650594e-07,1.9547948618226842,-4.988340407408032e-09,-4.988340407408032e-09,0.01643488571942971,0.01643488571942971,-3.035214538492773e-07,-3.035214538492773e-07,-3.035214538492773e-07,1.9547948618226842,3.7840514904852185e-07,2.4760724979403133,2.474502715567766,2.474511903389481,2.4760817319312936,11.894457055426908,11.875799994004606,11.87590910723893,11.894566889243176,1.0606028452871616,1.0606876388416355,1.0606876378136054,1.060602842119226,1.619133296680986,1.6181196518215704,1.6181210832561652,1.619134872954191,1.060602842119226,0.9898901098901098,1.060602842119226
occupied,1,10,11,67,6,5,67,68,80,79,67,68,80,79,0.5000000000000001,0.4166666666666671,0.0,0.5416666666666667,0.45833333333333376,0.0,0.5416666666666667,0.45833333333333376,0.0,0.5416666666666667,0.45833333333333376,0.0,-0.08396279459564576,0.1470483674419737,-0.08396275670900709,-0.3173246318510267,-0.08396238013584059,0.14704873434154353,-0.08396232362132648,-0.31732425344587767,-0.08396279459564576,0.1470483674419737,-0.08396275670900709,-0.3173246318510267,2.1480409282452175,3.668995698369315e-07,2.5207804967207945,3.0332616970221613,2.5207805204415044,2.1480409282452175,4.1445980517029746e-07,3.668995698369315e-07,4.3308768060690284e-07,3.7840514904852185e-07,2.1480409282452175,-1.7241896155942577e-08,-1.7241896155942577e-08,0.01643488571942971,0.01643488571942971,-1.0491035015569838e-06,-1.0491035015569838e-06,-1.0491035015569838e-06,2.1480409282452175,3.668995698369315e-07,2.5454146978064216,2.545423837731373,2.474511877562981,2.474502715567766,12.748513770704706,12.74863029169631,11.875908800525767,11.875799994004606,1.0939583556095955,1.0939583335921041,1.0606876055335186,1.0606876388416355,1.6146779778747289,1.6146786512322224,1.6181201901093372,1.6181196518215704,1.0606876055335186,0.9870699101468332,1.0606876055335186
occupied,1,10,11,68,7,5,68,69,81,80,68,69,81,80,-0.416666666666667,0.41666666666666696,0.0,-0.37500000000000033,0.45833333333333365,0.0,-0.37500000000000033,0.45833333333333365,0.0,-0.37500000000000033,0.45833333333333365,0.0,0.1470483674419737,-0.02672671480816774,0.1520663073301085,-0.08396275670900709,0.14704873434154353,-0.026726465400291555,0.1520667580647368,-0.08396232362132648,0.1470483674419737,-0.02672671480816774,0.1520663073301085,-0.08396275670900709,2.5207805204415044,2.494078761849927e-07,3.0332616970221613,2.9976486446005284,2.899812066075662,2.5207805204415044,3.668995698369315e-07,2.494078761849927e-07,4.5073462828781885e-07,4.3308768060690284e-07,2.5207805204415044,-2.360780992916034e-08,-2.360780992916034e-08,0.01643488571942971,0.01643488571942971,-1.436445031148019e-06,-1.436445031148019e-06,-1.436445031148019e-06,2.5207805204415044,2.494078761849927e-07,2.550581266467773,2.5603441361192716,2.536493741249338,2.545423837731373,12.814550286633049,12.940269763593808,12.635290613512097,12.74863029169631,1.0971674308432142,1.0991166709946005,1.0916611792413218,1.0939583335921041,1.6070265568133026,1.6084163512773992,1.6151612841022303,1.6146786512322224,1.0916611792413218,0.9870699101468332,1.0916611792413218
occupied,1,10,11,69,8,5,69,70,82,81,69,70,82,81,-0.3333333333333331,0.41666666666666696,0.0,-0.2916666666666664,0.45833333333333365,0.0,-0.2916666666666664,0.45833333333333365,0.0,-0.2916666666666664,0.45833333333333365,0.0,-0.02672671480816774,-0.02672602738392688,0.17723083863247738,0.1520663073301085,-0.026726465400291555,-0.026725744313346084,0.1772310687892887,0.1520667580647368,-0.02672671480816774,-0.02672602738392688,0.17723083863247738,0.1520663073301085,2.899812066075662,2.301568113316499e-07,2.9976486446005284,2.9976503691855636,2.9470499474712075,2.899812066075662,2.494078761849927e-07,2.8307058079490854e-07,2.301568113316499e-07,4.5073462828781885e-07,2.899812066075662,-2.9851572325156894e-08,-2.9851572325156894e-08,0.01643488571942971,0.01643488571942971,-1.8163541161631359e-06,-1.8163541161631359e-06,-1.8163541161631359e-06,2.899812066075662,2.301568113316499e-07,2.545464544569187,2.5659226034241005,2.540400594654643,2.5603441361192716,12.749149258684625,13.012658356361266,12.68475139677522,12.940269763593808,1.0961232821349904,1.1007792741326725,1.0954643437725196,1.0991166709946005,1.6022750814943378,1.6054422646899489,1.610685855253698,1.6084163512773992,1.0954643437725196,0.9873057561829722,1.0954643437725196
occupied,1,10,11,70,9,5,70,71,83,82,70,71,83,82,-0.25000000000000006,0.4166666666666671,0.0,-0.2083333333333334,0.45833333333333376,0.0,-0.2083333333333334,0.45833333333333376,0.0,-0.2083333333333334,0.45833333333333376,0.0,-0.02672602738392688,0.147050032156688,0.15206755620656937,0.17723083863247738,-0.026725744313346084,0.14705034349298812,0.15206789508543284,0.1772310687892887,-0.02672602738392688,0.147050032156688,0.15206755620656937,0.17723083863247738,2.899814843320773,2.301568113316499e-07,2.9976503691855636,3.0332647938254422,2.899814843320773,2.9470499474712075,2.8307058079490854e-07,3.113363001294722e-07,3.3887886347061524e-07,2.301568113316499e-07,2.899814843320773,8.45205816446537e-09,8.45205816446537e-09,0.01643488571942971,0.01643488571942971,5.142754448528442e-07,5.142754448528442e-07,5.142754448528442e-07,2.899814843320773,2.301568113316499e-07,2.5505689131768805,2.576131560509263,2.540404484351401,2.5659226034241005,12.814391985743473,13.146184448453898,12.684800736707562,13.012658356361266,1.0971674732142482,1.1041862274819763,1.0954643377239406,1.1007792741326725,1.607020800782111,1.6105974180743046,1.6106849226992732,1.6054422646899489,1.0954643377239406,0.9872890642121411,1.0954643377239406
occupied,1,10,11,71,10,5,71,72,84,83,71,72,84,83,-0.16666666666666696,0.41666666666666696,0.0,-0.1250000000000003,0.45833333333333365,0.0,-0.1250000000000003,0.45833333333333365,0.0,-0.1250000000000003,0.45833333333333365,0.0,0.147050032156688,-0.08396007985206394,-0.08395972730907283,0.15206755620656937,0.14705034349298812,-0.08395985060802821,-0.08395945112189471,0.15206789508543284,0.147050032156688,-0.08396007985206394,-0.08395972730907283,0.15206755620656937,2.5207834230373454,2.2924403572655017e-07,3.0332647938254422,2.5207834230373454,2.520784551267988,2.899814843320773,3.113363001294722e-07,2.2924403572655017e-07,2.7618717812760707e-07,3.3887886347061524e-07,2.5207834230373454,5.804326352887301e-09,5.804326352887301e-09,0.01643488571942971,0.01643488571942971,3.531710808323595e-07,3.531710808323595e-07,3.531710808323595e-07,2.5207834230373454,2.2924403572655017e-07,2.5454213128922296,2.591485636125549,2.536492933766474,2.576131560509263,12.748598103496159,13.34958951088957,12.635280410735563,13.146184448453898,1.0939583438852778,1.1091313771410687,1.0916612055147372,1.1041862274819763,1.614676250291859,1.617207113428422,1.6151587586150264,1.6105974180743046,1.0916612055147372,0.9870699101468332,1.0916612055147372
occupied,1,10,11,72,11,5,72,61,73,84,72,61,73,84,-0.08333333333333304,0.41666666666666696,0.0,-0.04166666666666637,0.45833333333333365,0.0,-0.04166666666666637,0.45833333333333365,0.0,-0.04166666666666637,0.45833333333333365,0.0,-0.08396007985206394,-0.4235117883154519,-0.3173208062713772,-0.08395972730907283,-0.08395985060802821,-0.4235114838495951,-0.3173205850755855,-0.08395945112189471,-0.08396007985206394,-0.4235117883154519,-0.3173208062713772,-0.08395972730907283,1.9547984409598116,2.2119579168311532e-07,2.5207834230373454,1.9547984409598116,2.1480449759524456,2.520784551267988,2.2924403572655017e-07,3.0446585680410365e-07,2.2119579168311532e-07,2.7618717812760707e-07,1.9547984409598116,-4.1618980262114746e-08,-4.1618980262114746e-08,0.01643488571942971,0.01643488571942971,-2.5323559270577587e-06,-2.5323559270577587e-06,-2.5323559270577587e-06,1.9547984409598116,2.2119579168311532e-07,2.476085379273932,2.6032035566097163,2.4744926854759863,2.591485636125549,11.894610272883275,13.506939043466469,11.875680879238075,13.34958951088957,1.0606028355510684,1.1132371001291008,1.0606877453863772,1.1091313771410687,1.6191316275794285,1.6199313141141891,1.6181103393602876,1.617207113428422,1.0606028355510684,0.9898901098901098,1.0606028355510684
occupied,1,10,11,73,0,6,73,74,86,85,73,74,86,85,0.0,0.5,0.0,0.041666666666666664,0.5416666666666666,0.0,0.041666666666666664,0.5416666666666666,0.0,0.041666666666666664,0.5416666666666666,0.0,-0.3173208062713772,-0.0839595972087572,-0.08396005051944838,-0.4235118458395427,-0.3173205850755855,-0.08395932494967234,-0.08395982842334704,-0.4235115398914734,-0.3173208062713772,-0.0839595972087572,-0.08396005051944838,-0.4235118458395427,1.9547984114813652,2.2119579168311532e-07,2.1480449759524456,2.520784767255031,2.5207835402931336,1.9547984114813652,2.2119579168311532e-07,2.722590848602824e-07,2.2209610134327207e-07,3.059480693234917e-07,1.9547984114813652,2.5846176754384942e-08,2.5846176754384942e-08,0.01643488571942971,0.01643488571942971,1.5726410998908852e-06,1.5726410998908852e-06,1.5726410998908852e-06,1.9547984114813652,2.2119579168311532e-07,2.474496853940212,2.591498464711841,2.4760992781268185,2.603208711468925,11.875730382692154,13.349760768349066,11.894775595470493,13.507008670015038,1.0606877422296068,1.1091313816963244,1.0606028142847899,1.1132371131615901,1.6181114780556054,1.6172111614682432,1.6191361347964752,1.619932722598873,1.0606028142847899,0.9898901098901098,1.0606028142847899
occupied,1,10,11,74,1,6,74,75,87,86,74,75,87,86,0.08333333333333304,0.5,0.0,0.1249999999999997,0.5416666666666666,0.0,0.1249999999999997,0.5416666666666666,0.0,0.1249999999999997,0.5416666666666666,0.0,-0.0839595972087572,0.1520677373231843,0.1470500371130452,-0.08396005051944838,-0.08395932494967234,0.15206806307971965,0.14705033219787678,-0.08395982842334704,-0.0839595972087572,0.1520677373231843,0.1470500371130452,-0.08396005051944838,2.5207835402931336,2.2209610134327207e-07,2.520784767255031,2.899815201942932,3.033264925038779,2.5207835402931336,2.722590848602824e-07,3.2575653535760196e-07,2.95084831569703e-07,2.2209610134327207e-07,2.5207835402931336,5.866606602801556e-08,5.866606602801556e-08,0.01643488571942971,0.01643488571942971,3.569605960731394e-06,3.569605960731394e-06,3.569605960731394e-06,2.5207835402931336,2.2209610134327207e-07,2.536504268391498,2.57613888454989,2.545430158318235,2.591498464711841,12.635423627712743,13.146280731995478,12.748710870776094,13.349760768349066,1.091661240901138,1.1041862801566507,1.093958328965515,1.1091313816963244,1.6151614752616825,1.6105992416925239,1.6146789726361317,1.6172111614682432,1.091661240901138,0.9870699101468332,1.091661240901138
occupied,1,10,11,75,2,6,75,76,88,87,75,76,88,87,0.16666666666666696,0.5,0.0,0.20833333333333362,0.5416666666666666,0.0,0.20833333333333362,0.5416666666666666,0.0,0.20833333333333362,0.5416666666666666,0.0,0.1520677373231843,0.1772308358114379,-0.026726070678205333,0.1470500371130452,0.15206806307971965,0.17723107591954618,-0.026725787894192003,0.14705033219787678,0.1520677373231843,0.1772308358114379,-0.026726070678205333,0.1470500371130452,2.899815201942932,2.401081082847867e-07,2.899815201942932,2.947050187828588,2.997650523280477,3.033264925038779,3.2575653535760196e-07,2.401081082847867e-07,2.827840133307058e-07,2.95084831569703e-07,2.899815201942932,7.814789038107506e-09,7.814789038107506e-09,0.01643488571942971,0.01643488571942971,4.755000534545049e-07,4.755000534545049e-07,4.755000534545049e-07,2.899815201942932,2.401081082847867e-07,2.5404054291765514,2.565912759150237,2.550565445049717,2.57613888454989,12.68481272163199,13.012530256819236,12.814347543879606,13.146280731995478,1.0954643680928682,1.100779218560085,1.097167448856117,1.1041862801566507,1.6106858631382435,1.6054404597869256,1.6070194485997922,1.6105992416925239,1.0954643680928682,0.9872890642121411,1.0954643680928682
occupied,1,10,11,76,3,6,76,77,89,88,76,77,89,88,0.25000000000000006,0.5,0.0,0.29166666666666674,0.5416666666666666,0.0,0.29166666666666674,0.5416666666666666,0.0,0.29166666666666674,0.5416666666666666,0.0,0.1772308358114379,0.15206612862758334,-0.026726825643168847,-0.026726070678205333,0.17723107591954618,0.15206660298834213,-0.026726563638563253,-0.026725787894192003,0.1772308358114379,0.15206612862758334,-0.026726825643168847,-0.026726070678205333,2.8998121369683036,2.401081082847867e-07,2.947050187828588,2.8998121369683036,2.9976487835206127,2.997650523280477,2.401081082847867e-07,4.7436075878426465e-07,2.6200460559455685e-07,2.827840133307058e-07,2.8998121369683036,-3.9766770105895185e-09,-3.9766770105895185e-09,0.01643488571942971,0.01643488571942971,-2.41965601615848e-07,-2.41965601615848e-07,-2.41965601615848e-07,2.8998121369683036,2.401081082847867e-07,2.5403973640355746,2.560335200383977,2.545448970444284,2.565912759150237,12.684710417241675,12.940154133285185,12.748950703387829,13.012530256819236,1.0954643292854465,1.0991166574233782,1.0961233202453302,1.100779218560085,1.6106847220552627,1.6084133807682823,1.6022716463637565,1.6054404597869256,1.0954643292854465,0.9873057561829722,1.0954643292854465
occupied,1,10,11,77,4,6,77,78,90,89,77,78,90,89,0.3333333333333331,0.5,0.0,0.3749999999999998,0.5416666666666666,0.0,0.3749999999999998,0.5416666666666666,0.0,0.3749999999999998,0.5416666666666666,0.0,0.15206612862758334,-0.08396284674410497,0.14704815189505285,-0.026726825643168847,0.15206660298834213,-0.0839623998041292,0.14704855215827622,-0.026726563638563253,0.15206612862758334,-0.08396284674410497,0.14704815189505285,-0.026726825643168847,2.5207805887559727,2.6200460559455685e-07,2.8998121369683036,2.5207805887559727,3.0332617047821326,2.9976487835206127,4.7436075878426465e-07,4.469399757650594e-07,4.0026322337127773e-07,2.6200460559455685e-07,2.5207805887559727,7.04967979547888e-08,7.04967979547888e-08,0.01643488571942971,0.01643488571942971,4.2894607944517575e-06,4.2894607944517575e-06,4.2894607944517575e-06,2.5207805887559727,2.6200460559455685e-07,2.536496998094976,2.5454221630305938,2.550567063740384,2.560335200383977,12.635331764770228,12.748608941573103,12.814368286361171,12.940154133285185,1.0916612164479522,1.0939582919576682,1.097167350504606,1.0991166574233782,1.6151618896972508,1.6146793725866535,1.607023815184063,1.6084133807682823,1.0916612164479522,0.9870699101468332,1.0916612164479522
occupied,1,10,11,78,5,6,78,79,91,90,78,79,91,90,0.416666666666667,0.5,0.0,0.4583333333333337,0.5416666666666666,0.0,0.4583333333333337,0.5416666666666666,0.0,0.4583333333333337,0.5416666666666666,0.0,-0.08396284674410497,-0.3173246318510267,-0.08396279057502948,0.14704815189505285,-0.0839623998041292,-0.31732425344587767,-0.08396236037539997,0.14704855215827622,-0.08396284674410497,-0.3173246318510267,-0.08396279057502948,0.14704815189505285,2.1480409282452175,3.7840514904852185e-07,2.5207805887559727,2.1480409282452175,2.520780644503019,3.0332617047821326,4.469399757650594e-07,3.7840514904852185e-07,4.3019962950308077e-07,4.0026322337127773e-07,2.1480409282452175,-3.333107414584008e-08,-3.333107414584008e-08,0.01643488571942971,0.01643488571942971,-2.0280685071290335e-06,-2.0280685071290335e-06,-2.0280685071290335e-06,2.1480409282452175,3.7840514904852185e-07,2.474511903389481,2.474512005575328,2.545422152076949,2.5454221630305938,11.87590910723893,11.875910320788822,12.748608801929372,12.748608941573103,1.0606876378136054,1.0606875900687467,1.0939582573539552,1.0939582919576682,1.6181210832561652,1.6181205406576666,1.6146789216053343,1.6146793725866535,1.0606875900687467,0.9870699101468332,1.0606875900687467
occupied,1,10,11,79,6,6,79,80,92,91,79,80,92,91,0.5000000000000001,0.5,0.0,0.5416666666666667,0.5416666666666666,0.0,0.5416666666666667,0.5416666666666666,0.0,0.5416666666666667,0.5416666666666666,0.0,-0.3173246318510267,-0.08396275670900709,-0.4235152854744978,-0.08396279057502948,-0.31732425344587767,-0.08396232362132648,-0.4235148523237053,-0.08396236037539997,-0.3173246318510267,-0.08396275670900709,-0.4235152854744978,-0.08396279057502948,1.9547949248734207,3.7840514904852185e-07,2.1480409282452175,2.5207805204415044,1.9547949248734207,2.520780644503019,3.7840514904852185e-07,4.3308768060690284e-07,4.3315079251149413e-07,4.3019962950308077e-07,1.9547949248734207,-2.5051682261287006e-08,-2.5051682261287006e-08,0.01643488571942971,0.01643488571942971,-1.5242991456685529e-06,-1.5242991456685529e-06,-1.5242991456685529e-06,1.9547949248734207,3.7840514904852185e-07,2.474511877562981,2.4760864113289065,2.4760865580105587,2.474512005575328,11.875908800525767,11.89462254878131,11.894624293504325,11.875910320788822,1.0606876055335186,1.0606027964972182,1.0606027937795,1.0606875900687467,1.6181201901093372,1.6191343548449983,1.6191346034749727,1.6181205406576666,1.0606027937795,0.9898901098901098,1.0606027937795
occupied,1,10,11,80,7,6,80,81,93,92,80,81,93,92,-0.416666666666667,0.5,0.0,-0.37500000000000033,0.5416666666666666,0.0,-0.37500000000000033,0.5416666666666666,0.0,-0.37500000000000033,0.5416666666666666,0.0,-0.08396275670900709,0.1520663073301085,-0.2500650424241673,-0.4235152854744978,-0.08396232362132648,0.1520667580647368,-0.2500645036751285,-0.4235148523237053,-0.08396275670900709,0.1520663073301085,-0.2500650424241673,-0.4235152854744978,1.9547949248734207,4.3308768060690284e-07,2.5207805204415044,2.899812066075662,2.1631755551843126,1.9547949248734207,4.3308768060690284e-07,4.5073462828781885e-07,5.387490388253369e-07,4.3315079251149413e-07,1.9547949248734207,2.325763692745397e-08,2.325763692745397e-08,0.01643488571942971,0.01643488571942971,1.4151383419696216e-06,1.4151383419696216e-06,1.4151383419696216e-06,1.9547949248734207,4.3308768060690284e-07,2.536493741249338,2.5517797107656306,2.457354441588232,2.4760864113289065,12.635290613512097,12.829917017599998,11.673886702122418,11.89462254878131,1.0916611792413218,1.0953732354971617,1.0522266555816828,1.0606027964972182,1.6151612841022303,1.6176020856445268,1.6202454653440863,1.6191343548449983,1.0522266555816828,0.9870329670329671,1.0522266555816828
occupied,1,10,11,81,8,6,81,82,94,93,81,82,94,93,-0.3333333333333331,0.5,0.0,-0.2916666666666664,0.5416666666666666,0.0,-0.2916666666666664,0.5416666666666666,0.0,-0.2916666666666664,0.5416666666666666,0.0,0.1520663073301085,0.17723083863247738,0.14061012122450267,-0.2500650424241673,0.1520667580647368,0.1772310687892887,0.14061067836091135,-0.2500645036751285,0.1520663073301085,0.17723083863247738,0.14061012122450267,-0.2500650424241673,2.1631755551843126,2.301568113316499e-07,2.899812066075662,2.9470499474712075,2.598031076685119,2.1631755551843126,4.5073462828781885e-07,2.301568113316499e-07,5.571364086742747e-07,5.387490388253369e-07,2.1631755551843126,3.147196526290535e-09,3.147196526290535e-09,0.01643488571942971,0.01643488571942971,1.9149488350684697e-07,1.9149488350684697e-07,1.9149488350684697e-07,2.1631755551843126,2.301568113316499e-07,2.540400594654643,2.5634842836625857,2.524513282149732,2.5517797107656306,12.68475139677522,12.980967985670663,12.484817201186907,12.829917017599998,1.0954643437725196,1.1006074763461962,1.0880866691216196,1.0953732354971617,1.610685855253698,1.6144923296194715,1.619450015943415,1.6176020856445268,1.0880866691216196,0.9868392191270016,1.0880866691216196
occupied,1,10,11,82,9,6,82,83,95,94,82,83,95,94,-0.25000000000000006,0.5000000000000001,0.0,-0.2083333333333334,0.5416666666666667,0.0,-0.2083333333333334,0.5416666666666667,0.0,-0.2083333333333334,0.5416666666666667,0.0,0.17723083863247738,0.15206755620656937,0.14061098930073945,0.14061012122450267,0.1772310687892887,0.15206789508543284,0.14061150164591485,0.14061067836091135,0.17723083863247738,0.15206755620656937,0.14061098930073945,0.14061012122450267,2.598031076685119,2.301568113316499e-07,2.9470499474712075,2.899814843320773,2.5980326121809085,2.598031076685119,2.301568113316499e-07,3.3887886347061524e-07,5.123451753963337e-07,5.571364086742747e-07,2.598031076685119,-2.265759591058014e-08,-2.265759591058014e-08,0.01643488571942971,0.01643488571942971,-1.3786281387885644e-06,-1.3786281387885644e-06,-1.3786281387885644e-06,2.598031076685119,2.301568113316499e-07,2.540404484351401,2.568822177478568,2.5359564291609655,2.5634842836625857,12.684800736707562,13.050444277976135,12.628503342729969,12.980967985670663,1.0954643377239406,1.1030083616612731,1.0946787259346449,1.1006074763461962,1.6106849226992732,1.615231320321471,1.6183031544800222,1.6144923296194715,1.0946787259346449,0.9868392191270016,1.0946787259346449
occupied,1,10,11,83,10,6,83,84,96,95,83,84,96,95,-0.16666666666666696,0.4999999999999999,0.0,-0.1250000000000003,0.5416666666666665,0.0,-0.1250000000000003,0.5416666666666665,0.0,-0.1250000000000003,0.5416666666666665,0.0,0.15206755620656937,-0.08395972730907283,-0.25006227205305187,0.14061098930073945,0.15206789508543284,-0.08395945112189471,-0.25006183291647066,0.14061150164591485,0.15206755620656937,-0.08395972730907283,-0.25006227205305187,0.14061098930073945,2.163179385184292,2.7618717812760707e-07,2.899814843320773,2.520784551267988,2.163179385184292,2.5980326121809085,3.3887886347061524e-07,2.7618717812760707e-07,4.391365812095316e-07,5.123451753963337e-07,2.163179385184292,-2.6851568080132893e-08,-2.6851568080132893e-08,0.01643488571942971,0.01643488571942971,-1.6338153205646167e-06,-1.6338153205646167e-06,-1.6338153205646167e-06,2.163179385184292,2.7618717812760707e-07,2.536492933766474,2.5883241593014903,2.524513448903484,2.568822177478568,12.635280410735563,13.307451736935104,12.484819283077194,13.050444277976135,1.0916612055147372,1.1085831126562207,1.0880867039775979,1.1030083616612731,1.6151587586150264,1.6188955608418178,1.6194500036580661,1.615231320321471,1.0880867039775979,0.9883490877115849,1.0880867039775979
occupied,1,10,11,84,11,6,84,73,85,96,84,73,85,96,-0.08333333333333304,0.5,0.0,-0.04166666666666637,0.5416666666666666,0.0,-0.04166666666666637,0.5416666666666666,0.0,-0.04166666666666637,0.5416666666666666,0.0,-0.08395972730907283,-0.3173208062713772,-0.4235118458395427,-0.25006227205305187,-0.08395945112189471,-0.3173205850755855,-0.4235115398914734,-0.25006183291647066,-0.08395972730907283,-0.3173208062713772,-0.4235118458395427,-0.25006227205305187,1.9547984114813652,2.2119579168311532e-07,2.520784551267988,2.1480449759524456,1.9547984114813652,2.163179385184292,2.7618717812760707e-07,2.2119579168311532e-07,3.059480693234917e-07,4.391365812095316e-07,1.9547984114813652,-1.7348309899745118e-08,-1.7348309899745118e-08,0.01643488571942971,0.01643488571942971,-1.055578371271273e-06,-1.055578371271273e-06,-1.055578371271273e-06,1.9547984114813652,2.2119579168311532e-07,2.4744926854759863,2.603208711468925,2.457361598061601,2.5883241593014903,11.875680879238075,13.507008670015038,11.673970246280655,13.307451736935104,1.0606877453863772,1.1132371131615901,1.0522267916326768,1.1085831126562207,1.6181103393602876,1.619932722598873,1.6202462018488122,1.6188955608418178,1.0522267916326768,0.9870329670329671,1.0522267916326768
occupied,1,10,11,85,0,7,85,86,98,97,85,86,98,97,0.0,-0.416666666666667,0.0,0.041666666666666664,-0.37500000000000033,0.0,0.041666666666666664,-0.37500000000000033,0.0,0.041666666666666664,-0.37500000000000033,0.0,-0.4235118458395427,-0.08396005051944838,-0.25006298518819997,-0.6032347236233435,-0.4235115398914734,-0.08395982842334704,-0.2500626229807186,-0.6032343649927951,-0.4235118458395427,-0.08396005051944838,-0.25006298518819997,-0.6032347236233435,1.5381159301827325,2.2209610134327207e-07,1.9547984114813652,2.5207835402931336,2.163176851393806,1.5381159301827325,3.059480693234917e-07,2.2209610134327207e-07,3.622074813969256e-07,3.5863054836937636e-07,1.5381159301827325,2.462107540068814e-08,2.462107540068814e-08,0.01643488571942971,0.01643488571942971,1.498098363506144e-06,1.498098363506144e-06,1.498098363506144e-06,1.5381159301827325,2.2209610134327207e-07,2.4760992781268185,2.5883354096638658,2.461907915963621,2.5985610119211926,11.894775595470493,13.307601451431607,11.727164653919909,13.44437780938082,1.0606028142847899,1.108583118494823,1.0525524019635653,1.112490545469331,1.6191361347964752,1.6188984342750021,1.6231613267707627,1.623174567662468,1.0525524019635653,0.9885613726352838,1.0525524019635653
occupied,1,10,11,86,1,7,86,87,99,98,86,87,99,98,0.08333333333333304,-0.41666666666666696,0.0,0.1249999999999997,-0.3750000000000003,0.0,0.1249999999999997,-0.3750000000000003,0.0,0.1249999999999997,-0.3750000000000003,0.0,-0.08396005051944838,0.1470500371130452,0.15206780407620657,-0.25006298518819997,-0.08395982842334704,0.14705033219787678,0.1520681499072873,-0.2500626229807186,-0.08396005051944838,0.1470500371130452,0.15206780407620657,-0.25006298518819997,2.163176851393806,2.2209610134327207e-07,2.5207835402931336,3.033264925038779,2.899813903348258,2.163176851393806,2.2209610134327207e-07,2.95084831569703e-07,3.458310807169518e-07,3.622074813969256e-07,2.163176851393806,-1.8294212145164582e-08,-1.8294212145164582e-08,0.01643488571942971,0.01643488571942971,-1.1131329087087435e-06,-1.1131329087087435e-06,-1.1131329087087435e-06,2.163176851393806,2.2209610134327207e-07,2.545430158318235,2.5761346846309796,2.5517868928951613,2.5883354096638658,12.748710870776094,13.146225518798376,12.830009164056788,13.307601451431607,1.093958328965515,1.1041862816061043,1.0953732430794738,1.108583118494823,1.6146789726361317,1.6105983306075453,1.6176022207260388,1.6188984342750021,1.093958328965515,0.9870699101468332,1.093958328965515
occupied,1,10,11,87,2,7,87,88,100,99,87,88,100,99,0.16666666666666696,-0.41666666666666696,0.0,0.20833333333333362,-0.3750000000000003,0.0,0.20833333333333362,-0.3750000000000003,0.0,0.20833333333333362,-0.3750000000000003,0.0,0.1470500371130452,-0.026726070678205333,-0.02672544154211387,0.15206780407620657,0.14705033219787678,-0.026725787894192003,-0.026725136261354934,0.1520681499072873,0.1470500371130452,-0.026726070678205333,-0.02672544154211387,0.15206780407620657,2.899813903348258,2.827840133307058e-07,3.033264925038779,2.997650523280477,2.9976508137998223,2.899813903348258,2.95084831569703e-07,2.827840133307058e-07,3.052807589359885e-07,3.458310807169518e-07,2.899813903348258,-1.0862724719729044e-08,-1.0862724719729044e-08,0.01643488571942971,0.01643488571942971,-6.609552938288384e-07,-6.609552938288384e-07,-6.609552938288384e-07,2.899813903348258,2.827840133307058e-07,2.550565445049717,2.567206174256941,2.560337046429078,2.5761346846309796,12.814347543879606,13.029371749202308,12.940178021415376,13.146225518798376,1.097167448856117,1.100826803794842,1.0991166775250978,1.1041862816061043,1.6070194485997922,1.6004808803964934,1.6084108259909462,1.6105983306075453,1.097167448856117,0.9872890642121411,1.097167448856117
occupied,1,10,11,88,3,7,88,89,101,100,88,89,101,100,0.25000000000000006,-0.4166666666666671,0.0,0.29166666666666674,-0.3750000000000004,0.0,0.29166666666666674,-0.3750000000000004,0.0,0.29166666666666674,-0.3750000000000004,0.0,-0.026726070678205333,-0.026726825643168847,-0.16266500218446772,-0.02672544154211387,-0.026725787894192003,-0.026726563638563253,-0.16266478378497312,-0.026725136261354934,-0.026726070678205333,-0.026726825643168847,-0.16266500218446772,-0.02672544154211387,2.990348697101375,2.1839949460034092e-07,2.997650523280477,2.9976487835206127,2.990348697101375,2.9976508137998223,2.827840133307058e-07,2.6200460559455685e-07,2.1839949460034092e-07,3.052807589359885e-07,2.990348697101375,-7.386839140366419e-08,-7.386839140366419e-08,0.01643488571942971,0.01643488571942971,-4.494609373300067e-06,-4.494609373300067e-06,-4.494609373300067e-06,2.990348697101375,2.1839949460034092e-07,2.545448970444284,2.557030668041425,2.5570289247755054,2.567206174256941,12.748950703387829,12.897463550488109,12.897441066799049,13.029371749202308,1.0961233202453302,1.0982029993985245,1.098203021730453,1.100826803794842,1.6022716463637565,1.5982541375500048,1.59824799399362,1.6004808803964934,1.0961233202453302,0.9881812212738017,1.0961233202453302
occupied,1,10,11,89,4,7,89,90,102,101,89,90,102,101,0.3333333333333331,-0.41666666666666696,0.0,0.3749999999999998,-0.3750000000000003,0.0,0.3749999999999998,-0.3750000000000003,0.0,0.3749999999999998,-0.3750000000000003,0.0,-0.026726825643168847,0.14704815189505285,-0.02672682670293305,-0.16266500218446772,-0.026726563638563253,0.14704855215827622,-0.0267265889708924,-0.16266478378497312,-0.026726825643168847,0.14704815189505285,-0.02672682670293305,-0.16266500218446772,2.990348697101375,2.1839949460034092e-07,2.9976487835206127,3.0332617047821326,2.997648702565748,2.990348697101375,2.6200460559455685e-07,4.0026322337127773e-07,2.3773204065047349e-07,2.1839949460034092e-07,2.990348697101375,1.0770171410268148e-07,1.0770171410268148e-07,0.01643488571942971,0.01643488571942971,6.553237785849279e-06,6.553237785849279e-06,6.553237785849279e-06,2.990348697101375,2.1839949460034092e-07,2.550567063740384,2.5505836094302943,2.5570472417268064,2.557030668041425,12.814368286361171,12.81458031067927,12.897677310762607,12.897463550488109,1.097167350504606,1.0971673189716666,1.0982029800854707,1.0982029993985245,1.607023815184063,1.6070274557007318,1.598257953302316,1.5982541375500048,1.0971673189716666,0.989494418910046,1.0971673189716666
occupied,1,10,11,90,5,7,90,91,103,102,90,91,103,102,0.416666666666667,-0.41666666666666696,0.0,0.4583333333333337,-0.3750000000000003,0.0,0.4583333333333337,-0.3750000000000003,0.0,0.4583333333333337,-0.3750000000000003,0.0,0.14704815189505285,-0.08396279057502948,0.15206617521785462,-0.02672682670293305,0.14704855215827622,-0.08396236037539997,0.15206661940680058,-0.0267265889708924,0.14704815189505285,-0.08396279057502948,0.15206617521785462,-0.02672682670293305,2.520780644503019,2.3773204065047349e-07,3.0332617047821326,2.520780644503019,2.899812124117529,2.997648702565748,4.0026322337127773e-07,4.3019962950308077e-07,4.441889459583237e-07,2.3773204065047349e-07,2.520780644503019,-4.2767376307040195e-08,-4.2767376307040195e-08,0.01643488571942971,0.01643488571942971,-2.6022314384869492e-06,-2.6022314384869492e-06,-2.6022314384869492e-06,2.520780644503019,2.3773204065047349e-07,2.545422152076949,2.5364947461092844,2.5603495525084616,2.5505836094302943,12.748608801929372,12.635303310215924,12.94033985332089,12.81458031067927,1.0939582573539552,1.0916611562983998,1.0991166415323679,1.0971673189716666,1.6146789216053343,1.6151612367895287,1.6084170712572534,1.6070274557007318,1.0916611562983998,0.9870699101468332,1.0916611562983998
occupied,1,10,11,91,6,7,91,92,104,103,91,92,104,103,0.5000000000000001,-0.4166666666666669,0.0,0.5416666666666667,-0.3750000000000002,0.0,0.5416666666666667,-0.3750000000000002,0.0,0.5416666666666667,-0.3750000000000002,0.0,-0.08396279057502948,-0.4235152854744978,-0.25006499267403753,0.15206617521785462,-0.08396236037539997,-0.4235148523237053,-0.25006449186099955,0.15206661940680058,-0.08396279057502948,-0.4235152854744978,-0.25006499267403753,0.15206617521785462,1.9547949248734207,4.3019962950308077e-07,2.520780644503019,1.9547949248734207,2.1631757509005842,2.899812124117529,4.3019962950308077e-07,4.3315079251149413e-07,5.008130379846598e-07,4.441889459583237e-07,1.9547949248734207,-2.7186388917854742e-08,-2.7186388917854742e-08,0.01643488571942971,0.01643488571942971,-1.6541878892236135e-06,-1.6541878892236135e-06,-1.6541878892236135e-06,1.9547949248734207,4.3019962950308077e-07,2.4760865580105587,2.457354760086824,2.551780893309588,2.5364947461092844,11.894624293504325,11.673890420239491,12.829932189549812,12.635303310215924,1.0606027937795,1.0522266739834376,1.0953732398381872,1.0916611562983998,1.6191346034749727,1.6202455817468426,1.6176018239804812,1.6151612367895287,1.0522266739834376,0.9870329670329671,1.0522266739834376
occupied,1,10,11,92,7,7,92,93,105,104,92,93,105,104,-0.416666666666667,-0.416666666666667,0.0,-0.37500000000000033,-0.37500000000000033,0.0,-0.37500000000000033,-0.37500000000000033,0.0,-0.37500000000000033,-0.37500000000000033,0.0,-0.4235152854744978,-0.2500650424241673,-0.6032378774565034,-0.25006499267403753,-0.4235148523237053,-0.2500645036751285,-0.6032373755839147,-0.25006449186099955,-0.4235152854744978,-0.2500650424241673,-0.6032378774565034,-0.25006499267403753,1.5381133583048032,4.3315079251149413e-07,1.9547949248734207,2.1631755551843126,1.5381133583048032,2.1631757509005842,4.3315079251149413e-07,5.387490388253369e-07,5.018725887095954e-07,5.008130379846598e-07,1.5381133583048032,3.225728815102441e-08,3.225728815102441e-08,0.01643488571942971,0.01643488571942971,1.962732732171607e-06,1.962732732171607e-06,1.962732732171607e-06,1.5381133583048032,4.3315079251149413e-07,2.457354441588232,2.461922143751324,2.461922460110808,2.457354760086824,11.673886702122418,11.727331506715934,11.727335216769065,11.673890420239491,1.0522266555816828,1.0525523561211625,1.0525523720443708,1.0522266739834376,1.6202454653440863,1.6231637465106166,1.6231637845062166,1.6202455817468426,1.0522266555816828,0.9870329670329671,1.0522266555816828
occupied,1,10,11,93,8,7,93,94,106,105,93,94,106,105,-0.3333333333333331,-0.4166666666666671,0.0,-0.2916666666666664,-0.3750000000000004,0.0,-0.2916666666666664,-0.3750000000000004,0.0,-0.2916666666666664,-0.3750000000000004,0.0,-0.2500650424241673,0.14061012122450267,-0.35134692717831606,-0.6032378774565034,-0.2500645036751285,0.14061067836091135,-0.3513463693677886,-0.6032373755839147,-0.2500650424241673,0.14061012122450267,-0.35134692717831606,-0.6032378774565034,1.5381133583048032,5.018725887095954e-07,2.1631755551843126,2.598031076685119,1.781129064133297,1.5381133583048032,5.387490388253369e-07,5.571364086742747e-07,5.578105274350875e-07,5.018725887095954e-07,1.5381133583048032,3.194240716375418e-08,3.194240716375418e-08,0.01643488571942971,0.01643488571942971,1.9435734272244508e-06,1.9435734272244508e-06,1.9435734272244508e-06,1.5381133583048032,5.018725887095954e-07,2.524513282149732,2.5519230341048194,2.4091346095899326,2.461922143751324,12.484817201186907,12.83175597592815,11.124330089776803,11.727331506715934,1.0880866691216196,1.0963213454236116,1.0296835461561662,1.0525523561211625,1.619450015943415,1.6242032781695241,1.6256998342409912,1.6231637465106166,1.0296835461561662,0.9876814782226133,1.0296835461561662
occupied,1,10,11,94,9,7,94,95,107,106,94,95,107,106,-0.25000000000000006,-0.41666666666666696,0.0,-0.2083333333333334,-0.3750000000000003,0.0,-0.2083333333333334,-0.3750000000000003,0.0,-0.2083333333333334,-0.3750000000000003,0.0,0.14061012122450267,0.14061098930073945,0.0326620573893639,-0.35134692717831606,0.14061067836091135,0.14061150164591485,0.03266253396403852,-0.3513463693677886,0.14061012122450267,0.14061098930073945,0.0326620573893639,-0.35134692717831606,1.781129064133297,4.765746746265842e-07,2.598031076685119,2.5980326121809085,2.200447891455272,1.781129064133297,5.571364086742747e-07,5.123451753963337e-07,4.765746746265842e-07,5.578105274350875e-07,1.781129064133297,-5.614551934485235e-09,-5.614551934485235e-09,0.01643488571942971,0.01643488571942971,-3.416240325813509e-07,-3.416240325813509e-07,-3.416240325813509e-07,1.781129064133297,4.765746746265842e-07,2.5359564291609655,2.5566130086859293,2.5171972796911892,2.5519230341048194,12.628503342729969,12.892077928929988,12.393811552537544,12.83175597592815,1.0946787259346449,1.1007186186002278,1.0860734514468138,1.0963213454236116,1.6183031544800222,1.623841985927003,1.6279873357465502,1.6242032781695241,1.0860734514468138,0.9900859220092532,1.0860734514468138
occupied,1,10,11,95,10,7,95,96,108,107,95,96,108,107,-0.16666666666666696,-0.416666666666667,0.0,-0.1250000000000003,-0.37500000000000033,0.0,-0.1250000000000003,-0.37500000000000033,0.0,-0.1250000000000003,-0.37500000000000033,0.0,0.14061098930073945,-0.25006227205305187,-0.3513441382036847,0.0326620573893639,0.14061150164591485,-0.25006183291647066,-0.35134369709143565,0.03266253396403852,0.14061098930073945,-0.25006227205305187,-0.3513441382036847,0.0326620573893639,1.781132204571135,4.391365812095316e-07,2.5980326121809085,2.163179385184292,1.781132204571135,2.200447891455272,5.123451753963337e-07,4.391365812095316e-07,4.4111224906107083e-07,4.765746746265842e-07,1.781132204571135,1.596976839657316e-08,1.596976839657316e-08,0.01643488571942971,0.01643488571942971,9.716993880701782e-07,9.716993880701782e-07,9.716993880701782e-07,1.781132204571135,4.391365812095316e-07,2.524513448903484,2.5715098828419904,2.517200561705919,2.5566130086859293,12.484819283077194,13.085567205954757,12.39385222927637,12.892077928929988,1.0880867039775979,1.105057020347579,1.086073482323298,1.1007186186002278,1.6194500036580661,1.6242893461714183,1.6279876055970774,1.623841985927003,1.086073482323298,0.9898812142542894,1.086073482323298
occupied,1,10,11,96,11,7,96,85,97,108,96,85,97,108,-0.08333333333333304,-0.41666666666666613,0.0,-0.04166666666666637,-0.37499999999999944,0.0,-0.04166666666666637,-0.37499999999999944,0.0,-0.04166666666666637,-0.37499999999999944,0.0,-0.25006227205305187,-0.4235118458395427,-0.6032347236233435,-0.3513441382036847,-0.25006183291647066,-0.4235115398914734,-0.6032343649927951,-0.35134369709143565,-0.25006227205305187,-0.4235118458395427,-0.6032347236233435,-0.3513441382036847,1.5381159301827325,3.059480693234917e-07,2.163179385184292,1.9547984114813652,1.5381159301827325,1.781132204571135,4.391365812095316e-07,3.059480693234917e-07,3.5863054836937636e-07,4.4111224906107083e-07,1.5381159301827325,8.705573794495485e-09,8.705573794495485e-09,0.01643488571942971,0.01643488571942971,5.297009022827309e-07,5.297009022827309e-07,5.297009022827309e-07,1.5381159301827325,3.059480693234917e-07,2.457361598061601,2.5985610119211926,2.409123745789438,2.5715098828419904,11.673970246280655,13.44437780938082,11.124209237930527,13.085567205954757,1.0522267916326768,1.112490545469331,1.02968387296387,1.105057020347579,1.6202462018488122,1.623174567662468,1.625697807622853,1.6242893461714183,1.02968387296387,0.9870329670329671,1.02968387296387
occupied,1,10,11,97,0,8,97,98,110,109,97,98,110,109,0.0,-0.33333333333333304,0.0,0.041666666666666664,-0.29166666666666635,0.0,0.041666666666666664,-0.29166666666666635,0.0,0.041666666666666664,-0.29166666666666635,0.0,-0.6032347236233435,-0.25006298518819997,-0.35134512434113624,-0.6561996971407433,-0.6032343649927951,-0.2500626229807186,-0.3513447790091609,-0.6561994304602272,-0.6032347236233435,-0.25006298518819997,-0.35134512434113624,-0.6561996971407433,1.1835070457699746,2.666805161144481e-07,1.5381159301827325,2.163176851393806,1.7811287239599092,1.1835070457699746,3.5863054836937636e-07,3.622074813969256e-07,3.45331975348806e-07,2.666805161144481e-07,1.1835070457699746,-3.589881547583218e-08,-3.589881547583218e-08,0.01643488571942971,0.01643488571942971,-2.1843057559805086e-06,-2.1843057559805086e-06,-2.1843057559805086e-06,1.1835070457699746,2.666805161144481e-07,2.461907915963621,2.5715097902718527,2.413106713747533,2.5677389946577858,11.727164653919909,13.085565994622053,11.168604961565451,13.036315914112553,1.0525524019635653,1.1050570369985264,1.0317313988917118,1.1047402736651233,1.6231613267707627,1.6242891451142456,1.6306245874532272,1.6299284129554017,1.0317313988917118,0.9864035087719298,1.0317313988917118
occupied,1,10,11,98,1,8,98,99,111,110,98,99,111,110,0.08333333333333304,-0.33333333333333304,0.0,0.1249999999999997,-0.29166666666666635,0.0,0.1249999999999997,-0.29166666666666635,0.0,0.1249999999999997,-0.29166666666666635,0.0,-0.25006298518819997,0.15206780407620657,0.1406107738553582,-0.35134512434113624,-0.2500626229807186,0.1520681499072873,0.14061112259477823,-0.3513447790091609,-0.25006298518819997,0.15206780407620657,0.1406107738553582,-0.35134512434113624,1.7811287239599092,3.45331975348806e-07,2.163176851393806,2.899813903348258,2.598030641831886,1.7811287239599092,3.622074813969256e-07,3.458310807169518e-07,3.4873942003632585e-07,3.45331975348806e-07,1.7811287239599092,-4.646530471497101e-08,-4.646530471497101e-08,0.01643488571942971,0.01643488571942971,-2.827236252701084e-06,-2.827236252701084e-06,-2.827236252701084e-06,1.7811287239599092,3.45331975348806e-07,2.5517868928951613,2.56881785150573,2.551918328622545,2.5715097902718527,12.830009164056788,13.050387822230782,12.831695596469912,13.085565994622053,1.0953732430794738,1.1030083836750668,1.0963213177924402,1.1050570369985264,1.6176022207260388,1.6152313815173462,1.6242023337344946,1.6242891451142456,1.0953732430794738,0.990103364855949,1.0953732430794738
occupied,1,10,11,99,2,8,99,100,112,111,99,100,112,111,0.16666666666666696,-0.333333333333333,0.0,0.20833333333333362,-0.2916666666666663,0.0,0.20833333333333362,-0.2916666666666663,0.0,0.20833333333333362,-0.2916666666666663,0.0,0.15206780407620657,-0.02672544154211387,0.17723231742012172,0.1406107738553582,0.1520681499072873,-0.026725136261354934,0.17723261708976487,0.14061112259477823,0.15206780407620657,-0.02672544154211387,0.17723231742012172,0.1406107738553582,2.598030641831886,2.9966964315564226e-07,2.899813903348258,2.9976508137998223,2.947051022159314,2.598030641831886,3.458310807169518e-07,3.052807589359885e-07,2.9966964315564226e-07,3.4873942003632585e-07,2.598030641831886,-7.48726651560308e-08,-7.48726651560308e-08,0.01643488571942971,0.01643488571942971,-4.555715593903678e-06,-4.555715593903678e-06,-4.555715593903678e-06,2.598030641831886,2.9966964315564226e-07,2.560337046429078,2.5659021845875207,2.5634579122764194,2.56881785150573,12.940178021415376,13.012392655729476,12.980625664064867,13.050387822230782,1.0991166775250978,1.1007792909272498,1.1006074734779936,1.1030083836750668,1.6084108259909462,1.605436303902983,1.6144863395881206,1.6152313815173462,1.0991166775250978,0.9868392191270016,1.0991166775250978
occupied,1,10,11,100,3,8,100,101,113,112,100,101,113,112,0.25000000000000006,-0.33333333333333304,0.0,0.29166666666666674,-0.29166666666666635,0.0,0.29166666666666674,-0.29166666666666635,0.0,0.29166666666666674,-0.29166666666666635,0.0,-0.02672544154211387,-0.16266500218446772,-0.02672540700364778,0.17723231742012172,-0.026725136261354934,-0.16266478378497312,-0.02672517865157691,0.17723261708976487,-0.02672544154211387,-0.16266500218446772,-0.02672540700364778,0.17723231742012172,2.947051022159314,2.1839949460034092e-07,2.9976508137998223,2.990348697101375,2.997650769504917,2.947051022159314,3.052807589359885e-07,2.1839949460034092e-07,2.2835207087040787e-07,2.9966964315564226e-07,2.947051022159314,-7.165683202359219e-08,-7.165683202359219e-08,0.01643488571942971,0.01643488571942971,-4.360044435166214e-06,-4.360044435166214e-06,-4.360044435166214e-06,2.947051022159314,2.1839949460034092e-07,2.5570289247755054,2.557025037298079,2.5658982819706218,2.5659021845875207,12.897441066799049,12.897390928385503,13.012341873445093,13.012392655729476,1.098203021730453,1.098203008498446,1.1007792852633806,1.1007792909272498,1.59824799399362,1.5982463362143007,1.6054348654387087,1.605436303902983,1.098203008498446,0.9899453551912568,1.098203008498446
occupied,1,10,11,101,4,8,101,102,114,113,101,102,114,113,0.3333333333333331,-0.33333333333333304,0.0,0.3749999999999998,-0.29166666666666635,0.0,0.3749999999999998,-0.29166666666666635,0.0,0.3749999999999998,-0.29166666666666635,0.0,-0.16266500218446772,-0.02672682670293305,-0.026726044688336465,-0.02672540700364778,-0.16266478378497312,-0.0267265889708924,-0.026725870517317857,-0.02672517865157691,-0.16266500218446772,-0.02672682670293305,-0.026726044688336465,-0.02672540700364778,2.990348697101375,1.741710186076162e-07,2.990348697101375,2.997648702565748,2.9976503312143263,2.997650769504917,2.1839949460034092e-07,2.3773204065047349e-07,1.741710186076162e-07,2.2835207087040787e-07,2.990348697101375,1.5420939437197085e-08,1.5420939437197085e-08,0.01643488571942971,0.01643488571942971,9.38305242911795e-07,9.38305242911795e-07,9.38305242911795e-07,2.990348697101375,1.741710186076162e-07,2.5570472417268064,2.545481109884669,2.5672179046260224,2.557025037298079,12.897677310762607,12.749360454113477,13.02952458943826,12.897390928385503,1.0982029800854707,1.0961232955533682,1.1008268159761758,1.098203008498446,1.598257953302316,1.6022804995513353,1.6004865623109632,1.5982463362143007,1.0961232955533682,0.9881812212738017,1.0961232955533682
occupied,1,10,11,102,5,8,102,103,115,114,102,103,115,114,0.416666666666667,-0.33333333333333304,0.0,0.4583333333333337,-0.29166666666666635,0.0,0.4583333333333337,-0.29166666666666635,0.0,0.4583333333333337,-0.29166666666666635,0.0,-0.02672682670293305,0.15206617521785462,0.17723075466665095,-0.026726044688336465,-0.0267265889708924,0.15206661940680058,0.1772309962721696,-0.026725870517317857,-0.02672682670293305,0.15206617521785462,0.17723075466665095,-0.026726044688336465,2.899812124117529,1.741710186076162e-07,2.997648702565748,2.899812124117529,2.947049936858506,2.9976503312143263,2.3773204065047349e-07,4.441889459583237e-07,2.4160551864715885e-07,1.741710186076162e-07,2.899812124117529,-3.4452319441768964e-08,-3.4452319441768964e-08,0.01643488571942971,0.01643488571942971,-2.096291999222034e-06,-2.096291999222034e-06,-2.096291999222034e-06,2.899812124117529,1.741710186076162e-07,2.5603495525084616,2.540394239066069,2.565927434002698,2.545481109884669,12.94033985332089,12.684670777970373,13.01272121518204,12.749360454113477,1.0991166415323679,1.0954643470263383,1.1007792658851647,1.0961232955533682,1.6084170712572534,1.6106841257029536,1.605444934850521,1.6022804995513353,1.0954643470263383,0.9873057561829722,1.0954643470263383
occupied,1,10,11,103,6,8,103,104,116,115,103,104,116,115,0.5000000000000001,-0.333333333333333,0.0,0.5416666666666667,-0.2916666666666663,0.0,0.5416666666666667,-0.2916666666666663,0.0,0.5416666666666667,-0.2916666666666663,0.0,0.15206617521785462,-0.25006499267403753,0.14061017275690452,0.17723075466665095,0.15206661940680058,-0.25006449186099955,0.1406107607206507,0.1772309962721696,0.15206617521785462,-0.25006499267403753,0.14061017275690452,0.17723075466665095,2.1631757509005842,2.4160551864715885e-07,2.899812124117529,2.1631757509005842,2.5980312511337464,2.947049936858506,4.441889459583237e-07,5.008130379846598e-07,5.879637461903009e-07,2.4160551864715885e-07,2.1631757509005842,-8.981788002918329e-09,-8.981788002918329e-09,0.01643488571942971,0.01643488571942971,-5.465074814788548e-07,-5.465074814788548e-07,-5.465074814788548e-07,2.1631757509005842,2.4160551864715885e-07,2.551780893309588,2.5245135899003786,2.563477061433775,2.540394239066069,12.829932189549812,12.484821043398066,12.980874234488235,12.684670777970373,1.0953732398381872,1.088086688018342,1.1006074576829374,1.0954643470263383,1.6176018239804812,1.6194500836295234,1.614490997051201,1.6106841257029536,1.088086688018342,0.9868392191270016,1.088086688018342
occupied,1,10,11,104,7,8,104,105,117,116,104,105,117,116,-0.416666666666667,-0.33333333333333304,0.0,-0.37500000000000033,-0.29166666666666635,0.0,-0.37500000000000033,-0.29166666666666635,0.0,-0.37500000000000033,-0.29166666666666635,0.0,-0.25006499267403753,-0.6032378774565034,-0.35134683149272317,0.14061017275690452,-0.25006449186099955,-0.6032373755839147,-0.3513463085884261,0.1406107607206507,-0.25006499267403753,-0.6032378774565034,-0.35134683149272317,0.14061017275690452,1.5381133583048032,5.008130379846598e-07,2.1631757509005842,1.5381133583048032,1.781129272965595,2.5980312511337464,5.008130379846598e-07,5.018725887095954e-07,5.229042970844588e-07,5.879637461903009e-07,1.5381133583048032,2.995211278999932e-08,2.995211278999932e-08,0.01643488571942971,0.01643488571942971,1.822471619293904e-06,1.822471619293904e-06,1.822471619293904e-06,1.5381133583048032,5.008130379846598e-07,2.461922460110808,2.409131133765427,2.5519195160182693,2.5245135899003786,11.727335216769065,11.124291423624868,12.831710832779446,12.484821043398066,1.0525523720443708,1.029683544836627,1.0963213490906738,1.088086688018342,1.6231637845062166,1.6256993805130449,1.6242028508675665,1.6194500836295234,1.029683544836627,0.9876814782226133,1.029683544836627
occupied,1,10,11,105,8,8,105,106,118,117,105,106,118,117,-0.3333333333333331,-0.33333333333333304,0.0,-0.2916666666666664,-0.29166666666666635,0.0,-0.2916666666666664,-0.29166666666666635,0.0,-0.2916666666666664,-0.29166666666666635,0.0,-0.6032378774565034,-0.35134692717831606,-0.656203226355045,-0.35134683149272317,-0.6032373755839147,-0.3513463693677886,-0.6562027615934336,-0.3513463085884261,-0.6032378774565034,-0.35134692717831606,-0.656203226355045,-0.35134683149272317,1.1835051919827273,4.647616114183961e-07,1.5381133583048032,1.781129064133297,1.1835051919827273,1.781129272965595,5.018725887095954e-07,5.578105274350875e-07,4.647616114183961e-07,5.229042970844588e-07,1.1835051919827273,-2.838397072935095e-09,-2.838397072935095e-09,0.01643488571942971,0.01643488571942971,-1.7270561666148217e-07,-1.7270561666148217e-07,-1.7270561666148217e-07,1.1835051919827273,4.647616114183961e-07,2.4091346095899326,2.4130993616319256,2.4130958951803425,2.409131133765427,11.124330089776803,11.16852284899245,11.168484133915843,11.124291423624868,1.0296835461561662,1.0317315064450026,1.0317314990892434,1.029683544836627,1.6256998342409912,1.6306242311832724,1.6306237890636293,1.6256993805130449,1.029683544836627,0.9864035087719298,1.029683544836627
occupied,1,10,11,106,9,8,106,107,119,118,106,107,119,118,-0.25000000000000006,-0.33333333333333304,0.0,-0.2083333333333334,-0.29166666666666635,0.0,-0.2083333333333334,-0.29166666666666635,0.0,-0.2083333333333334,-0.29166666666666635,0.0,-0.35134692717831606,0.0326620573893639,-0.29612699938479997,-0.656203226355045,-0.3513463693677886,0.03266253396403852,-0.2961265349726266,-0.6562027615934336,-0.35134692717831606,0.0326620573893639,-0.29612699938479997,-0.656203226355045,1.1835051919827273,4.6441217338433205e-07,1.781129064133297,2.200447891455272,1.57071306374837,1.1835051919827273,5.578105274350875e-07,4.765746746265842e-07,4.6441217338433205e-07,4.647616114183961e-07,1.1835051919827273,3.4089586709029618e-09,3.4089586709029618e-09,0.01643488571942971,0.01643488571942971,2.0742210983997352e-07,2.0742210983997352e-07,2.0742210983997352e-07,1.1835051919827273,4.6441217338433205e-07,2.5171972796911892,2.537624960006952,2.3474672090245123,2.4130993616319256,12.393811552537544,12.649591978723228,10.45904557260194,11.16852284899245,1.0860734514468138,1.0949575831594809,1.003481575707244,1.0317315064450026,1.6279873357465502,1.6348052525116885,1.635638653379433,1.6306242311832724,1.003481575707244,0.9864035087719298,1.003481575707244
occupied,1,10,11,107,10,8,107,108,120,119,107,108,120,119,-0.16666666666666696,-0.3333333333333329,0.0,-0.1250000000000003,-0.29166666666666624,0.0,-0.1250000000000003,-0.29166666666666624,0.0,-0.1250000000000003,-0.29166666666666624,0.0,0.0326620573893639,-0.3513441382036847,-0.2961240097912371,-0.29612699938479997,0.03266253396403852,-0.35134369709143565,-0.29612370988322756,-0.2961265349726266,0.0326620573893639,-0.3513441382036847,-0.2961240097912371,-0.29612699938479997,1.57071306374837,2.9990800953783037e-07,2.200447891455272,1.781132204571135,1.5707156965838958,1.57071306374837,4.765746746265842e-07,4.4111224906107083e-07,2.9990800953783037e-07,4.6441217338433205e-07,1.57071306374837,3.747755839000888e-08,3.747755839000888e-08,0.01643488571942971,0.01643488571942971,2.2803662300920063e-06,2.2803662300920063e-06,2.2803662300920063e-06,1.57071306374837,2.9990800953783037e-07,2.517200561705919,2.5443449068214234,2.500122964563443,2.537624960006952,12.39385222927637,12.734882818035821,12.183992067860158,12.649591978723228,1.086073482323298,1.0982764680742967,1.0790935333909535,1.0949575831594809,1.6279876055970774,1.6341952677365839,1.6398353381010062,1.6348052525116885,1.0790935333909535,0.986334582323121,1.0790935333909535
occupied,1,10,11,108,11,8,108,97,109,120,108,97,109,120,-0.08333333333333304,-0.33333333333333304,0.0,-0.04166666666666637,-0.29166666666666635,0.0,-0.04166666666666637,-0.29166666666666635,0.0,-0.04166666666666637,-0.29166666666666635,0.0,-0.3513441382036847,-0.6032347236233435,-0.6561996971407433,-0.2961240097912371,-0.35134369709143565,-0.6032343649927951,-0.6561994304602272,-0.29612370988322756,-0.3513441382036847,-0.6032347236233435,-0.6561996971407433,-0.2961240097912371,1.1835070457699746,2.666805161144481e-07,1.781132204571135,1.5381159301827325,1.1835070457699746,1.5707156965838958,4.4111224906107083e-07,3.5863054836937636e-07,2.666805161144481e-07,2.9990800953783037e-07,1.1835070457699746,1.168188332179021e-08,1.168188332179021e-08,0.01643488571942971,0.01643488571942971,7.107979648425307e-07,7.107979648425307e-07,7.107979648425307e-07,1.1835070457699746,2.666805161144481e-07,2.409123745789438,2.5677389946577858,2.347474591893005,2.5443449068214234,11.124209237930527,13.036315914112553,10.459122790645006,12.734882818035821,1.02968387296387,1.1047402736651233,1.0034821269131318,1.0982764680742967,1.625697807622853,1.6299284129554017,1.6356387948954492,1.6341952677365839,1.0034821269131318,0.9876814782226133,1.0034821269131318
occupied,1,10,11,109,0,9,109,110,122,121,109,110,122,121,0.0,-0.25,0.0,0.041666666666666664,-0.20833333333333334,0.0,0.041666666666666664,-0.20833333333333334,0.0,0.041666666666666664,-0.20833333333333334,0.0,-0.6561996971407433,-0.35134512434113624,-0.2961250671616572,-0.5227878865059333,-0.6561994304602272,-0.3513447790091609,-0.29612484076898693,-0.5227877119055347,-0.6561996971407433,-0.35134512434113624,-0.2961250671616572,-0.5227878865059333,1.050579209250584,1.746003985836353e-07,1.1835070457699746,1.7811287239599092,1.5707111332157986,1.050579209250584,2.666805161144481e-07,3.45331975348806e-07,2.263926702772423e-07,1.746003985836353e-07,1.050579209250584,6.610356062530798e-08,6.610356062530798e-08,0.01643488571942971,0.01643488571942971,4.022149089065997e-06,4.022149089065997e-06,4.022149089065997e-06,1.050579209250584,1.746003985836353e-07,2.413106713747533,2.544347873137498,2.3456999582407305,2.5267523271743877,11.168604961565451,12.73492059377946,10.440578139215633,12.512802587603424,1.0317313988917118,1.0982764191932557,1.006509746733259,1.0934167348508577,1.6306245874532272,1.6341952999200795,1.6435824869179834,1.6421696565834016,1.006509746733259,0.9859649122807017,1.006509746733259
occupied,1,10,11,110,1,9,110,111,123,122,110,111,123,122,0.08333333333333304,-0.25,0.0,0.1249999999999997,-0.20833333333333334,0.0,0.1249999999999997,-0.20833333333333334,0.0,0.1249999999999997,-0.20833333333333334,0.0,-0.35134512434113624,0.1406107738553582,0.032661765253022494,-0.2961250671616572,-0.3513447790091609,0.14061112259477823,0.03266213261657589,-0.29612484076898693,-0.35134512434113624,0.1406107738553582,0.032661765253022494,-0.2961250671616572,1.5707111332157986,2.263926702772423e-07,1.7811287239599092,2.598030641831886,2.2004450327705296,1.5707111332157986,3.45331975348806e-07,3.4873942003632585e-07,3.673635533968378e-07,2.263926702772423e-07,1.5707111332157986,-2.5992770847485808e-08,-2.5992770847485808e-08,0.01643488571942971,0.01643488571942971,-1.5815607903349483e-06,-1.5815607903349483e-06,-1.5815607903349483e-06,1.5707111332157986,2.263926702772423e-07,2.551918328622545,2.5566106047324704,2.537634661786219,2.544347873137498,12.831695596469912,12.892046937011909,12.649714702867744,12.73492059377946,1.0963213177924402,1.1007186225819208,1.0949575705639891,1.0982764191932557,1.6242023337344946,1.6238414467688118,1.6348059010327545,1.6341952999200795,1.0949575705639891,0.9896452963207755,1.0949575705639891
occupied,1,10,11,111,2,9,111,112,124,123,111,112,124,123,0.16666666666666696,-0.24999999999999994,0.0,0.20833333333333362,-0.2083333333333333,0.0,0.20833333333333362,-0.2083333333333333,0.0,0.20833333333333362,-0.2083333333333333,0.0,0.1406107738553582,0.17723231742012172,0.14061066995887578,0.032661765253022494,0.14061112259477823,0.17723261708976487,0.14061120129553834,0.03266213261657589,0.1406107738553582,0.17723231742012172,0.14061066995887578,0.032661765253022494,2.2004450327705296,2.9966964315564226e-07,2.598030641831886,2.947051022159314,2.5980305192209467,2.2004450327705296,3.4873942003632585e-07,2.9966964315564226e-07,5.313366625570026e-07,3.673635533968378e-07,2.2004450327705296,-4.968093492152548e-09,-4.968093492152548e-09,0.01643488571942971,0.01643488571942971,-3.022895064173857e-07,-3.022895064173857e-07,-3.022895064173857e-07,2.2004450327705296,2.9966964315564226e-07,2.5634579122764194,2.563458694783792,2.5566115102786906,2.5566106047324704,12.980625664064867,12.980635821504125,12.892058611361568,12.892046937011909,1.1006074734779936,1.1006074748456929,1.1007186248316723,1.1007186225819208,1.6144863395881206,1.6144859447874012,1.6238410068620432,1.6238414467688118,1.1006074734779936,0.9868392191270016,1.1006074734779936
occupied,1,10,11,112,3,9,112,113,125,124,112,113,125,124,0.25000000000000006,-0.24999999999999997,0.0,0.29166666666666674,-0.20833333333333331,0.0,0.29166666666666674,-0.20833333333333331,0.0,0.29166666666666674,-0.20833333333333331,0.0,0.17723231742012172,-0.02672540700364778,0.1520678234839605,0.14061066995887578,0.17723261708976487,-0.02672517865157691,0.15206816889859823,0.14061120129553834,0.17723231742012172,-0.02672540700364778,0.1520678234839605,0.14061066995887578,2.5980305192209467,2.2835207087040787e-07,2.947051022159314,2.997650769504917,2.8998138644204854,2.5980305192209467,2.9966964315564226e-07,2.2835207087040787e-07,3.4541463772574943e-07,5.313366625570026e-07,2.5980305192209467,6.236585026186958e-08,6.236585026186958e-08,0.01643488571942971,0.01643488571942971,3.7947236948620335e-06,3.7947236948620335e-06,3.7947236948620335e-06,2.5980305192209467,2.2835207087040787e-07,2.5658982819706218,2.5603307607437866,2.5688163295025888,2.563458694783792,13.012341873445093,12.94009668378435,13.050367959514636,12.980635821504125,1.1007792852633806,1.099116672079104,1.1030083857577384,1.1006074748456929,1.6054348654387087,1.608410001492062,1.6152303321812944,1.6144859447874012,1.099116672079104,0.9868392191270016,1.099116672079104
occupied,1,10,11,113,4,9,113,114,126,125,113,114,126,125,0.3333333333333331,-0.24999999999999997,0.0,0.3749999999999998,-0.20833333333333331,0.0,0.3749999999999998,-0.20833333333333331,0.0,0.3749999999999998,-0.20833333333333331,0.0,-0.02672540700364778,-0.026726044688336465,0.1470501044907028,0.1520678234839605,-0.02672517865157691,-0.026725870517317857,0.14705024495299326,0.15206816889859823,-0.02672540700364778,-0.026726044688336465,0.1470501044907028,0.1520678234839605,2.8998138644204854,1.4046229046549286e-07,2.997650769504917,2.9976503312143263,3.0332648299514493,2.8998138644204854,2.2835207087040787e-07,1.741710186076162e-07,1.4046229046549286e-07,3.4541463772574943e-07,2.8998138644204854,1.9101614956440475e-08,1.9101614956440475e-08,0.01643488571942971,0.01643488571942971,1.1622602847708332e-06,1.1622602847708332e-06,1.1622602847708332e-06,2.8998138644204854,1.4046229046549286e-07,2.5672179046260224,2.55058121710212,2.5761323695252907,2.5603307607437866,13.02952458943826,12.814549654034423,13.146195083932119,12.94009668378435,1.1008268159761758,1.0971674686158024,1.1041862842360894,1.099116672079104,1.6004865623109632,1.6070250310362235,1.6105979836576674,1.608410001492062,1.0971674686158024,0.9872890642121411,1.0971674686158024
occupied,1,10,11,114,5,9,114,115,127,126,114,115,127,126,0.416666666666667,-0.24999999999999997,0.0,0.4583333333333337,-0.20833333333333331,0.0,0.4583333333333337,-0.20833333333333331,0.0,0.4583333333333337,-0.20833333333333331,0.0,-0.026726044688336465,0.17723075466665095,0.15206772667279983,0.1470501044907028,-0.026725870517317857,0.1772309962721696,0.15206788843418007,0.14705024495299326,-0.026726044688336465,0.17723075466665095,0.15206772667279983,0.1470501044907028,2.899814942357801,1.4046229046549286e-07,2.9976503312143263,2.947049936858506,2.899814942357801,3.0332648299514493,1.741710186076162e-07,2.4160551864715885e-07,1.6176138023515918e-07,1.4046229046549286e-07,2.899814942357801,-2.5941293557707468e-09,-2.5941293557707468e-09,0.01643488571942971,0.01643488571942971,-1.5784285939414265e-07,-1.5784285939414265e-07,-1.5784285939414265e-07,2.899814942357801,1.4046229046549286e-07,2.565927434002698,2.540397343583562,2.576131934815471,2.55058121710212,13.01272121518204,12.684710157813821,13.146189369153268,12.814549654034423,1.1007792658851647,1.0954643197515355,1.1041862662420958,1.0971674686158024,1.605444934850521,1.6106838068778782,1.6105975664578058,1.6070250310362235,1.0954643197515355,0.9872890642121411,1.0954643197515355
occupied,1,10,11,115,6,9,115,116,128,127,115,116,128,127,0.5000000000000001,-0.24999999999999994,0.0,0.5416666666666667,-0.2083333333333333,0.0,0.5416666666666667,-0.2083333333333333,0.0,0.5416666666666667,-0.2083333333333333,0.0,0.17723075466665095,0.14061017275690452,0.14061134380093693,0.15206772667279983,0.1772309962721696,0.1406107607206507,0.14061156808416264,0.15206788843418007,0.17723075466665095,0.14061017275690452,0.14061134380093693,0.15206772667279983,2.5980312511337464,1.6176138023515918e-07,2.947049936858506,2.5980312511337464,2.598032979199565,2.899814942357801,2.4160551864715885e-07,5.879637461903009e-07,2.242832257137728e-07,1.6176138023515918e-07,2.5980312511337464,2.2601567973415673e-08,2.2601567973415673e-08,0.01643488571942971,0.01643488571942971,1.3752190528891579e-06,1.3752190528891579e-06,1.3752190528891579e-06,2.5980312511337464,1.6176138023515918e-07,2.563477061433775,2.535955890161286,2.56882172956764,2.540397343583562,12.980874234488235,12.62849653597255,13.050438432540838,12.684710157813821,1.1006074576829374,1.094678742537172,1.1030083616565651,1.0954643197515355,1.614490997051201,1.6183032337019487,1.615231959143951,1.6106838068778782,1.094678742537172,0.9868392191270016,1.094678742537172
occupied,1,10,11,116,7,9,116,117,129,128,116,117,129,128,-0.416666666666667,-0.25,0.0,-0.37500000000000033,-0.20833333333333334,0.0,-0.37500000000000033,-0.20833333333333334,0.0,-0.37500000000000033,-0.20833333333333334,0.0,0.14061017275690452,-0.35134683149272317,0.032662322889325246,0.14061134380093693,0.1406107607206507,-0.3513463085884261,0.032662733500405786,0.14061156808416264,0.14061017275690452,-0.35134683149272317,0.032662322889325246,0.14061134380093693,1.781129272965595,2.242832257137728e-07,2.5980312511337464,1.781129272965595,2.2004482290415375,2.598032979199565,5.879637461903009e-07,5.229042970844588e-07,4.106110805396357e-07,2.242832257137728e-07,1.781129272965595,-6.3244658121686115e-09,-6.3244658121686115e-09,0.01643488571942971,0.01643488571942971,-3.848195795296391e-07,-3.848195795296391e-07,-3.848195795296391e-07,1.781129272965595,2.242832257137728e-07,2.5519195160182693,2.517192319080883,2.55661108248612,2.535955890161286,12.831710832779446,12.393750071820717,12.892053096235854,12.62849653597255,1.0963213490906738,1.086073437144969,1.1007186342339337,1.094678742537172,1.6242028508675665,1.627986785373212,1.6238418557031107,1.6183032337019487,1.086073437144969,0.9900859220092532,1.086073437144969
occupied,1,10,11,117,8,9,117,118,130,129,117,118,130,129,-0.3333333333333331,-0.25000000000000006,0.0,-0.2916666666666664,-0.2083333333333334,0.0,-0.2916666666666664,-0.2083333333333334,0.0,-0.2916666666666664,-0.2083333333333334,0.0,-0.35134683149272317,-0.656203226355045,-0.29612689794461633,0.032662322889325246,-0.3513463085884261,-0.6562027615934336,-0.29612645903548773,0.032662733500405786,-0.35134683149272317,-0.656203226355045,-0.29612689794461633,0.032662322889325246,1.1835051919827273,4.106110805396357e-07,1.781129272965595,1.1835051919827273,1.5707132243864876,2.2004482290415375,5.229042970844588e-07,4.647616114183961e-07,4.389091285972313e-07,4.106110805396357e-07,1.1835051919827273,-6.427358156813058e-08,-6.427358156813058e-08,0.01643488571942971,0.01643488571942971,-3.910801855600665e-06,-3.910801855600665e-06,-3.910801855600665e-06,1.1835051919827273,4.106110805396357e-07,2.4130958951803425,2.347467532581885,2.5376237862327593,2.517192319080883,11.168484133915843,10.459048956703791,12.649577130967332,12.393750071820717,1.0317314990892434,1.0034816225535175,1.0949576208114173,1.086073437144969,1.6306237890636293,1.6356384231501477,1.634804996491289,1.627986785373212,1.0034816225535175,0.9864035087719298,1.0034816225535175
occupied,1,10,11,118,9,9,118,119,131,130,118,119,131,130,-0.25000000000000006,-0.25,0.0,-0.2083333333333334,-0.20833333333333334,0.0,-0.2083333333333334,-0.20833333333333334,0.0,-0.2083333333333334,-0.20833333333333334,0.0,-0.656203226355045,-0.29612699938479997,-0.522791938346836,-0.29612689794461633,-0.6562027615934336,-0.2961265349726266,-0.5227915596583255,-0.29612645903548773,-0.656203226355045,-0.29612699938479997,-0.522791938346836,-0.29612689794461633,1.0505782580901228,3.7868851054945196e-07,1.1835051919827273,1.57071306374837,1.0505782580901228,1.5707132243864876,4.647616114183961e-07,4.6441217338433205e-07,3.7868851054945196e-07,4.389091285972313e-07,1.0505782580901228,-7.29577263047787e-08,-7.29577263047787e-08,0.01643488571942971,0.01643488571942971,-4.439198881591635e-06,-4.439198881591635e-06,-4.439198881591635e-06,1.0505782580901228,3.7868851054945196e-07,2.3474672090245123,2.3456996791180957,2.3456999461067354,2.347467532581885,10.45904557260194,10.44057522501436,10.44057801252971,10.459048956703791,1.003481575707244,1.006510010329854,1.0065100316839404,1.0034816225535175,1.635638653379433,1.643582671147209,1.6435825057806235,1.6356384231501477,1.003481575707244,0.9878774520608331,1.003481575707244
occupied,1,10,11,119,10,9,119,120,132,131,119,120,132,131,-0.16666666666666696,-0.24999999999999997,0.0,-0.1250000000000003,-0.20833333333333331,0.0,-0.1250000000000003,-0.20833333333333331,0.0,-0.1250000000000003,-0.20833333333333331,0.0,-0.29612699938479997,-0.2961240097912371,-0.3266924652572435,-0.522791938346836,-0.2961265349726266,-0.29612370988322756,-0.32669218919977516,-0.5227915596583255,-0.29612699938479997,-0.2961240097912371,-0.3266924652572435,-0.522791938346836,1.0505782580901228,2.7605746832914946e-07,1.57071306374837,1.5707156965838958,1.2586469257648134,1.0505782580901228,4.6441217338433205e-07,2.9990800953783037e-07,2.7605746832914946e-07,3.7868851054945196e-07,1.0505782580901228,2.600784210216034e-08,2.600784210216034e-08,0.01643488571942971,0.01643488571942971,1.5824778185961618e-06,1.5824778185961618e-06,1.5824778185961618e-06,1.0505782580901228,2.7605746832914946e-07,2.500122964563443,2.520135442278397,2.2943001636027334,2.3456996791180957,12.183992067860158,12.430280135030964,9.917492960525149,10.44057522501436,1.0790935333909535,1.0916077407599343,0.983036956960829,1.006510010329854,1.6398353381010062,1.648402928992666,1.6505006417943484,1.643582671147209,0.983036956960829,0.9861325115562404,0.983036956960829
occupied,1,10,11,120,11,9,120,109,121,132,120,109,121,132,-0.08333333333333304,-0.25,0.0,-0.04166666666666637,-0.20833333333333334,0.0,-0.04166666666666637,-0.20833333333333334,0.0,-0.04166666666666637,-0.20833333333333334,0.0,-0.2961240097912371,-0.6561996971407433,-0.5227878865059333,-0.3266924652572435,-0.29612370988322756,-0.6561994304602272,-0.5227877119055347,-0.32669218919977516,-0.2961240097912371,-0.6561996971407433,-0.5227878865059333,-0.3266924652572435,1.050579209250584,1.746003985836353e-07,1.5707156965838958,1.1835070457699746,1.050579209250584,1.2586469257648134,2.9990800953783037e-07,2.666805161144481e-07,1.746003985836353e-07,2.7605746832914946e-07,1.050579209250584,1.0191126431635668e-07,1.0191126431635668e-07,0.01643488571942971,0.01643488571942971,6.200911041071297e-06,6.200911041071297e-06,6.200911041071297e-06,1.050579209250584,1.746003985836353e-07,2.347474591893005,2.5267523271743877,2.294297360646268,2.520135442278397,10.459122790645006,12.512802587603424,9.917465162263095,12.430280135030964,1.0034821269131318,1.0934167348508577,0.9830375467244743,1.0916077407599343,1.6356387948954492,1.6421696565834016,1.6505003170558767,1.648402928992666,0.9830375467244743,0.9859649122807017,0.9830375467244743
occupied,1,10,11,121,0,10,121,122,134,133,121,122,134,133,0.0,-0.16666666666666696,0.0,0.041666666666666664,-0.1250000000000003,0.0,0.041666666666666664,-0.1250000000000003,0.0,0.041666666666666664,-0.1250000000000003,0.0,-0.5227878865059333,-0.2961250671616572,-0.32669211730923176,-0.5608436596297613,-0.5227877119055347,-0.29612484076898693,-0.32669187936072863,-0.5608434270331017,-0.5227878865059333,-0.2961250671616572,-0.32669211730923176,-0.5608436596297613,0.7881200074922176,1.746003985836353e-07,1.050579209250584,1.5707111332157986,1.2586418882267099,0.7881200074922176,1.746003985836353e-07,2.263926702772423e-07,2.3794850312341964e-07,2.3259665959951548e-07,0.7881200074922176,1.6085493357230447e-07,1.6085493357230447e-07,0.01643488571942971,0.01643488571942971,9.78740809752866e-06,9.78740809752866e-06,9.78740809752866e-06,0.7881200074922176,1.746003985836353e-07,2.3456999582407305,2.520135157682646,2.284270435526432,2.4980746931834212,10.440578139215633,12.430276597426557,9.818520366715196,12.159061486627339,1.006509746733259,1.0916076744148915,0.9784943578771207,1.0854757210363757,1.6435824869179834,1.6484028914340896,1.6625945667662594,1.6617265725404213,0.9784943578771207,0.983739837398374,0.9784943578771207
occupied,1,10,11,122,1,10,122,123,135,134,122,123,135,134,0.08333333333333304,-0.16666666666666696,0.0,0.1249999999999997,-0.1250000000000003,0.0,0.1249999999999997,-0.1250000000000003,0.0,0.1249999999999997,-0.1250000000000003,0.0,-0.2961250671616572,0.032661765253022494,-0.29612522787583095,-0.32669211730923176,-0.29612484076898693,0.03266213261657589,-0.29612478211859583,-0.32669187936072863,-0.2961250671616572,0.032661765253022494,-0.29612522787583095,-0.32669211730923176,1.2586418882267099,2.263926702772423e-07,1.5707111332157986,2.2004450327705296,1.5707109610549002,1.2586418882267099,2.263926702772423e-07,3.673635533968378e-07,4.4575723512352283e-07,2.3794850312341964e-07,1.2586418882267099,-1.2257165703951905e-08,-1.2257165703951905e-08,0.01643488571942971,0.01643488571942971,-7.458016997015802e-07,-7.458016997015802e-07,-7.458016997015802e-07,1.2586418882267099,2.263926702772423e-07,2.537634661786219,2.5376315883355964,2.5201320751337963,2.520135157682646,12.649714702867744,12.649675824653961,12.43023828055079,12.430276597426557,1.0949575705639891,1.0949575804943807,1.0916076865584912,1.0916076744148915,1.6348059010327545,1.6348056489351148,1.648402586139102,1.6484028914340896,1.0916076744148915,0.9887739379264803,1.0916076744148915
occupied,1,10,11,123,2,10,123,124,136,135,123,124,136,135,0.16666666666666696,-0.16666666666666696,0.0,0.20833333333333362,-0.1250000000000003,0.0,0.20833333333333362,-0.1250000000000003,0.0,0.20833333333333362,-0.1250000000000003,0.0,0.032661765253022494,0.14061066995887578,-0.35134525679732753,-0.29612522787583095,0.03266213261657589,0.14061120129553834,-0.35134471110641163,-0.29612478211859583,0.032661765253022494,0.14061066995887578,-0.35134525679732753,-0.29612522787583095,1.5707109610549002,3.673635533968378e-07,2.2004450327705296,2.5980305192209467,1.781128596676747,1.5707109610549002,3.673635533968378e-07,5.313366625570026e-07,5.456909158985113e-07,4.4575723512352283e-07,1.5707109610549002,3.329300011166408e-08,3.329300011166408e-08,0.01643488571942971,0.01643488571942971,2.0257518476264373e-06,2.0257518476264373e-06,2.0257518476264373e-06,1.5707109610549002,3.673635533968378e-07,2.5566115102786906,2.551916139449895,2.5443417008078475,2.5376315883355964,12.892058611361568,12.83166750570361,12.734841989894067,12.649675824653961,1.1007186248316723,1.0963213239096643,1.0982764345434624,1.0949575804943807,1.6238410068620432,1.624201519631726,1.6341946530607976,1.6348056489351148,1.0949575804943807,0.9896452963207755,1.0949575804943807
occupied,1,10,11,124,3,10,124,125,137,136,124,125,137,136,0.25000000000000006,-0.16666666666666693,0.0,0.29166666666666674,-0.12500000000000028,0.0,0.29166666666666674,-0.12500000000000028,0.0,0.29166666666666674,-0.12500000000000028,0.0,0.14061066995887578,0.1520678234839605,-0.25006306504945053,-0.35134525679732753,0.14061120129553834,0.15206816889859823,-0.25006253038622617,-0.35134471110641163,0.14061066995887578,0.1520678234839605,-0.25006306504945053,-0.35134525679732753,1.781128596676747,3.4541463772574943e-07,2.5980305192209467,2.8998138644204854,2.163176791621678,1.781128596676747,5.313366625570026e-07,3.4541463772574943e-07,5.346632243607985e-07,5.456909158985113e-07,1.781128596676747,8.00750288298957e-09,8.00750288298957e-09,0.01643488571942971,0.01643488571942971,4.872259545755716e-07,4.872259545755716e-07,4.872259545755716e-07,1.781128596676747,3.4541463772574943e-07,2.5688163295025888,2.5517843779284335,2.5715065671120456,2.551916139449895,13.050367959514636,12.8299768970512,13.085523817819658,12.83166750570361,1.1030083857577384,1.0953732069727902,1.1050570581528394,1.0963213239096643,1.6152303321812944,1.6176018029669061,1.6242886702464265,1.624201519631726,1.0953732069727902,0.990103364855949,1.0953732069727902
occupied,1,10,11,125,4,10,125,126,138,137,125,126,138,137,0.3333333333333331,-0.16666666666666682,0.0,0.3749999999999998,-0.12500000000000017,0.0,0.3749999999999998,-0.12500000000000017,0.0,0.3749999999999998,-0.12500000000000017,0.0,0.1520678234839605,0.1470501044907028,-0.08396012343476734,-0.25006306504945053,0.15206816889859823,0.14705024495299326,-0.08395970836607798,-0.25006253038622617,0.1520678234839605,0.1470501044907028,-0.08396012343476734,-0.25006306504945053,2.163176791621678,1.4046229046549286e-07,2.8998138644204854,3.0332648299514493,2.5207834829515825,2.163176791621678,3.4541463772574943e-07,1.4046229046549286e-07,4.150686893633626e-07,5.346632243607985e-07,2.163176791621678,-9.982523252460851e-09,-9.982523252460851e-09,0.01643488571942971,0.01643488571942971,-6.073983977058798e-07,-6.073983977058798e-07,-6.073983977058798e-07,2.163176791621678,1.4046229046549286e-07,2.5761323695252907,2.545422497170948,2.588327522424146,2.5517843779284335,13.146195083932119,12.74861320139852,13.30749649160279,12.8299768970512,1.1041862842360894,1.0939583414963414,1.1085830991383636,1.0953732069727902,1.6105979836576674,1.6146768445305655,1.6188964880926549,1.6176018029669061,1.0939583414963414,0.9870699101468332,1.0939583414963414
occupied,1,10,11,126,5,10,126,127,139,138,126,127,139,138,0.416666666666667,-0.1666666666666661,0.0,0.4583333333333337,-0.12499999999999944,0.0,0.4583333333333337,-0.12499999999999944,0.0,0.4583333333333337,-0.12499999999999944,0.0,0.1470501044907028,0.15206772667279983,-0.08395965893084625,-0.08396012343476734,0.14705024495299326,0.15206788843418007,-0.08395931271844534,-0.08395970836607798,0.1470501044907028,0.15206772667279983,-0.08395965893084625,-0.08396012343476734,2.5207834829515825,1.4046229046549286e-07,3.0332648299514493,2.899814942357801,2.520784611333726,2.5207834829515825,1.4046229046549286e-07,1.6176138023515918e-07,3.462124009145917e-07,4.150686893633626e-07,2.5207834829515825,-6.749710346198867e-09,-6.749710346198867e-09,0.01643488571942971,0.01643488571942971,-4.106940846092529e-07,-4.106940846092529e-07,-4.106940846092529e-07,2.5207834829515825,1.4046229046549286e-07,2.576131934815471,2.5364961212081214,2.5914896124112063,2.545422497170948,13.146189369153268,12.635320685018758,13.349642592776405,12.74861320139852,1.1041862662420958,1.09166121181974,1.1091313889467314,1.0939583414963414,1.6105975664578058,1.6151602555235827,1.6172089125796925,1.6146768445305655,1.09166121181974,0.9870699101468332,1.09166121181974
occupied,1,10,11,127,6,10,127,128,140,139,127,128,140,139,0.5000000000000001,-0.16666666666666602,0.0,0.5416666666666667,-0.12499999999999936,0.0,0.5416666666666667,-0.12499999999999936,0.0,0.5416666666666667,-0.12499999999999936,0.0,0.15206772667279983,0.14061134380093693,-0.25006211556049696,-0.08395965893084625,0.15206788843418007,0.14061156808416264,-0.2500617186255665,-0.08395931271844534,0.15206772667279983,0.14061134380093693,-0.25006211556049696,-0.08395965893084625,2.163179433034161,1.6176138023515918e-07,2.899814942357801,2.598032979199565,2.163179433034161,2.520784611333726,1.6176138023515918e-07,2.242832257137728e-07,3.969349304799863e-07,3.462124009145917e-07,2.163179433034161,-4.199945519145487e-08,-4.199945519145487e-08,0.01643488571942971,0.01643488571942971,-2.555506372752086e-06,-2.555506372752086e-06,-2.555506372752086e-06,2.163179433034161,1.6176138023515918e-07,2.56882172956764,2.524506183832144,2.5883205737060497,2.5364961212081214,13.050438432540838,12.484728580303914,13.307404021882373,12.635320685018758,1.1030083616565651,1.0880866887398652,1.108583090830815,1.09166121181974,1.615231959143951,1.619448639290446,1.618895230638663,1.6151602555235827,1.0880866887398652,0.9883490877115849,1.0880866887398652
occupied,1,10,11,128,7,10,128,129,141,140,128,129,141,140,-0.416666666666667,-0.16666666666666696,0.0,-0.37500000000000033,-0.1250000000000003,0.0,-0.37500000000000033,-0.1250000000000003,0.0,-0.37500000000000033,-0.1250000000000003,0.0,0.14061134380093693,0.032662322889325246,-0.3513439409563723,-0.25006211556049696,0.14061156808416264,0.032662733500405786,-0.3513435681183901,-0.2500617186255665,0.14061134380093693,0.032662322889325246,-0.3513439409563723,-0.25006211556049696,1.7811323439832112,2.242832257137728e-07,2.598032979199565,2.2004482290415375,1.7811323439832112,2.163179433034161,2.242832257137728e-07,4.106110805396357e-07,3.728379821543726e-07,3.969349304799863e-07,1.7811323439832112,6.198605429622311e-09,6.198605429622311e-09,0.01643488571942971,0.01643488571942971,3.7716145615142144e-07,3.7716145615142144e-07,3.7716145615142144e-07,1.7811323439832112,2.242832257137728e-07,2.55661108248612,2.5171908498560986,2.5714949353443353,2.524506183832144,12.892053096235854,12.393731862629314,13.08537161093146,12.484728580303914,1.1007186342339337,1.086073503371879,1.1050570100055395,1.0880866887398652,1.6238418557031107,1.627986342947642,1.624286591890771,1.619448639290446,1.086073503371879,0.9898812142542894,1.086073503371879
occupied,1,10,11,129,8,10,129,130,142,141,129,130,142,141,-0.3333333333333331,-0.166666666666667,0.0,-0.2916666666666664,-0.12500000000000033,0.0,-0.2916666666666664,-0.12500000000000033,0.0,-0.2916666666666664,-0.12500000000000033,0.0,0.032662322889325246,-0.29612689794461633,-0.29612384144075254,-0.3513439409563723,0.032662733500405786,-0.29612645903548773,-0.2961235803744472,-0.3513435681183901,0.032662322889325246,-0.29612689794461633,-0.29612384144075254,-0.3513439409563723,1.5707132243864876,2.6106630535149833e-07,2.2004482290415375,1.5707132243864876,1.5707158495938691,1.7811323439832112,4.106110805396357e-07,4.389091285972313e-07,2.6106630535149833e-07,3.728379821543726e-07,1.5707132243864876,-3.297699135984544e-08,-3.297699135984544e-08,0.01643488571942971,0.01643488571942971,-2.006523922515583e-06,-2.006523922515583e-06,-2.006523922515583e-06,1.5707132243864876,2.6106630535149833e-07,2.5376237862327593,2.500123054767964,2.5443363763074616,2.5171908498560986,12.649577130967332,12.183993166911373,12.734774183403495,12.393731862629314,1.0949576208114173,1.0790935576684328,1.0982764249260246,1.086073503371879,1.634804996491289,1.639835198439171,1.634194212086984,1.627986342947642,1.0790935576684328,0.986334582323121,1.0790935576684328
occupied,1,10,11,130,9,10,130,131,143,142,130,131,143,142,-0.25000000000000006,-0.16666666666666613,0.0,-0.2083333333333334,-0.12499999999999947,0.0,-0.2083333333333334,-0.12499999999999947,0.0,-0.2083333333333334,-0.12499999999999947,0.0,-0.29612689794461633,-0.522791938346836,-0.32669239293365593,-0.29612384144075254,-0.29612645903548773,-0.5227915596583255,-0.3266922022815495,-0.2961235803744472,-0.29612689794461633,-0.522791938346836,-0.32669239293365593,-0.29612384144075254,1.0505782580901228,1.906521064354294e-07,1.5707132243864876,1.0505782580901228,1.2586469559253617,1.5707158495938691,4.389091285972313e-07,3.7868851054945196e-07,1.906521064354294e-07,2.6106630535149833e-07,1.0505782580901228,-1.868966570048314e-08,-1.868966570048314e-08,0.01643488571942971,0.01643488571942971,-1.1371947465620511e-06,-1.1371947465620511e-06,-1.1371947465620511e-06,1.0505782580901228,1.906521064354294e-07,2.3456999461067354,2.294293673939671,2.520128831635612,2.500123054767964,10.44057801252971,9.917428599546252,12.430197963160882,12.183993166911373,1.0065100316839404,0.9830369884299945,1.0916077614963764,1.0790935576684328,1.6435825057806235,1.650500478144339,1.6484028055711157,1.639835198439171,0.9830369884299945,0.9861325115562404,0.9830369884299945
occupied,1,10,11,131,10,10,131,132,144,143,131,132,144,143,-0.16666666666666696,-0.16666666666666696,0.0,-0.1250000000000003,-0.1250000000000003,0.0,-0.1250000000000003,-0.1250000000000003,0.0,-0.1250000000000003,-0.1250000000000003,0.0,-0.522791938346836,-0.3266924652572435,-0.5608445341573103,-0.32669239293365593,-0.5227915596583255,-0.32669218919977516,-0.5608442130907865,-0.3266922022815495,-0.522791938346836,-0.3266924652572435,-0.5608445341573103,-0.32669239293365593,0.7881236428578053,1.906521064354294e-07,1.0505782580901228,1.2586469257648134,0.7881236428578053,1.2586469559253617,3.7868851054945196e-07,2.7605746832914946e-07,3.210665238118082e-07,1.906521064354294e-07,0.7881236428578053,-8.099262638339155e-08,-8.099262638339155e-08,0.01643488571942971,0.01643488571942971,-4.928091850838985e-06,-4.928091850838985e-06,-4.928091850838985e-06,0.7881236428578053,1.906521064354294e-07,2.2943001636027334,2.28427996765821,2.2842734039199004,2.294293673939671,9.917492960525149,9.818613958591262,9.81854951199018,9.917428599546252,0.983036956960829,0.9784954593151212,0.978495416343655,0.9830369884299945,1.6505006417943484,1.6625951933583547,1.662595033539311,1.650500478144339,0.978495416343655,0.985277960887717,0.978495416343655
occupied,1,10,11,132,11,10,132,121,133,144,132,121,133,144,-0.08333333333333304,-0.1666666666666661,0.0,-0.04166666666666637,-0.12499999999999944,0.0,-0.04166666666666637,-0.12499999999999944,0.0,-0.04166666666666637,-0.12499999999999944,0.0,-0.3266924652572435,-0.5227878865059333,-0.5608436596297613,-0.5608445341573103,-0.32669218919977516,-0.5227877119055347,-0.5608434270331017,-0.5608442130907865,-0.3266924652572435,-0.5227878865059333,-0.5608436596297613,-0.5608445341573103,0.7881200074922176,1.746003985836353e-07,1.2586469257648134,1.050579209250584,0.7881200074922176,0.7881236428578053,2.7605746832914946e-07,1.746003985836353e-07,2.3259665959951548e-07,3.210665238118082e-07,0.7881200074922176,9.899582866858298e-08,9.899582866858298e-08,0.01643488571942971,0.01643488571942971,6.023517921487447e-06,6.023517921487447e-06,6.023517921487447e-06,0.7881200074922176,1.746003985836353e-07,2.294297360646268,2.4980746931834212,1.936736894965988,2.28427996765821,9.917465162263095,12.159061486627339,6.936080842934146,9.818613958591262,0.9830375467244743,1.0854757210363757,0.8276601989441906,0.9784954593151212,1.6505003170558767,1.6617265725404213,1.6622142515946257,1.6625951933583547,0.8276601989441906,0.983739837398374,0.8276601989441906
occupied,1,10,11,133,0,11,133,134,2,1,133,134,2,1,0.0,-0.08333333333333305,0.0,0.041666666666666664,-0.04166666666666639,0.0,0.041666666666666664,-0.04166666666666639,0.0,0.041666666666666664,-0.04166666666666639,0.0,-0.5608436596297613,-0.32669211730923176,-0.5608436115970745,-0.8389191634146871,-0.5608434270331017,-0.32669187936072863,-0.5608432750493932,-0.8389188742984175,-0.5608436596297613,-0.32669211730923176,-0.5608436115970745,-0.8389191634146871,0.592448499860559,2.3259665959951548e-07,0.7881200074922176,1.2586418882267099,0.7881199139804644,0.592448499860559,2.3259665959951548e-07,2.3794850312341964e-07,3.36547681278887e-07,2.89116269591716e-07,0.592448499860559,3.4785370648314466e-07,3.4785370648314466e-07,0.01643488571942971,0.01643488571942971,2.116556892585531e-05,2.116556892585531e-05,2.116556892585531e-05,0.592448499860559,2.3259665959951548e-07,2.284270435526432,2.2842732368283998,1.9123643589354145,1.9123613292245356,9.818520366715196,9.818547871394145,6.769074414794177,6.76905390648685,0.9784943578771207,0.9784943181871318,0.8156088785145236,0.8156088432342331,1.6625945667662594,1.6625947149848284,1.6697415486131217,1.6697413403227035,0.8156088432342331,0.985277960887717,0.8156088432342331
occupied,1,10,11,134,1,11,134,135,3,2,134,135,3,2,0.08333333333333304,-0.08333333333333307,0.0,0.1249999999999997,-0.0416666666666664,0.0,0.1249999999999997,-0.0416666666666664,0.0,0.1249999999999997,-0.0416666666666664,0.0,-0.32669211730923176,-0.29612522787583095,-0.5227879251931252,-0.5608436115970745,-0.32669187936072863,-0.29612478211859583,-0.522787583501752,-0.5608432750493932,-0.32669211730923176,-0.29612522787583095,-0.5227879251931252,-0.5608436115970745,0.7881199139804644,2.3794850312341964e-07,1.2586418882267099,1.5707109610549002,1.050579094548035,0.7881199139804644,2.3794850312341964e-07,4.4575723512352283e-07,3.416913731957294e-07,3.36547681278887e-07,0.7881199139804644,1.0599551769630011e-07,1.0599551769630011e-07,0.01643488571942971,0.01643488571942971,6.449422253723961e-06,6.449422253723961e-06,6.449422253723961e-06,0.7881199139804644,2.3794850312341964e-07,2.5201320751337963,2.3457059486983773,2.498086861993975,2.2842732368283998,12.43023828055079,10.440640683244117,12.159209448843342,9.818547871394145,1.0916076865584912,1.0065096466977224,1.0854757265054027,0.9784943181871318,1.648402586139102,1.6435826106284779,1.6617271150986912,1.6625947149848284,0.9784943181871318,0.983739837398374,0.9784943181871318
occupied,1,10,11,135,2,11,135,136,4,3,135,136,4,3,0.16666666666666696,-0.08333333333333304,0.0,0.20833333333333362,-0.04166666666666637,0.0,0.20833333333333362,-0.04166666666666637,0.0,0.20833333333333362,-0.04166666666666637,0.0,-0.29612522787583095,-0.35134525679732753,-0.6561997488695684,-0.5227879251931252,-0.29612478211859583,-0.35134471110641163,-0.656199321130443,-0.522787583501752,-0.29612522787583095,-0.35134525679732753,-0.6561997488695684,-0.5227879251931252,1.050579094548035,3.416913731957294e-07,1.5707109610549002,1.781128596676747,1.1835069793966513,1.050579094548035,4.4575723512352283e-07,5.456909158985113e-07,4.277391254525753e-07,3.416913731957294e-07,1.050579094548035,1.0998777824135246e-07,1.0998777824135246e-07,0.01643488571942971,0.01643488571942971,6.6923360538687726e-06,6.6923360538687726e-06,6.6923360538687726e-06,1.050579094548035,3.416913731957294e-07,2.5443417008078475,2.413103207203254,2.5267611602322604,2.3457059486983773,12.734841989894067,11.168565798426284,12.512913114400975,10.440640683244117,1.0982764345434624,1.031731392185111,1.0934166013093904,1.0065096466977224,1.6341946530607976,1.6306242099091561,1.6421699264565965,1.6435826106284779,1.0065096466977224,0.9859649122807017,1.0065096466977224
occupied,1,10,11,136,3,11,136,137,5,4,136,137,5,4,0.25000000000000006,-0.08333333333333301,0.0,0.29166666666666674,-0.041666666666666345,0.0,0.29166666666666674,-0.041666666666666345,0.0,0.29166666666666674,-0.041666666666666345,0.0,-0.35134525679732753,-0.25006306504945053,-0.6032347501979903,-0.6561997488695684,-0.35134471110641163,-0.25006253038622617,-0.6032342740434256,-0.656199321130443,-0.35134525679732753,-0.25006306504945053,-0.6032347501979903,-0.6561997488695684,1.1835069793966513,4.277391254525753e-07,1.781128596676747,2.163176791621678,1.538115942667572,1.1835069793966513,5.456909158985113e-07,5.346632243607985e-07,4.761545647768983e-07,4.277391254525753e-07,1.1835069793966513,-2.980812752184647e-08,-2.980812752184647e-08,0.01643488571942971,0.01643488571942971,-1.8137106658798728e-06,-1.8137106658798728e-06,-1.8137106658798728e-06,1.1835069793966513,4.277391254525753e-07,2.5715065671120456,2.461912549607263,2.567743354554058,2.413103207203254,13.085523817819658,11.727218993547742,13.036372751221615,11.168565798426284,1.1050570581528394,1.0525524071449368,1.1047402504321537,1.031731392185111,1.6242886702464265,1.623161801690274,1.6299289237677685,1.6306242099091561,1.031731392185111,0.9864035087719298,1.031731392185111
occupied,1,10,11,137,4,11,137,138,6,5,137,138,6,5,0.3333333333333331,-0.08333333333333304,0.0,0.3749999999999998,-0.04166666666666637,0.0,0.3749999999999998,-0.04166666666666637,0.0,0.3749999999999998,-0.04166666666666637,0.0,-0.25006306504945053,-0.08396012343476734,-0.4235118861620182,-0.6032347501979903,-0.25006253038622617,-0.08395970836607798,-0.4235114444342486,-0.6032342740434256,-0.25006306504945053,-0.08396012343476734,-0.4235118861620182,-0.6032347501979903,1.538115942667572,4.150686893633626e-07,2.163176791621678,2.5207834829515825,1.9547984648332475,1.538115942667572,5.346632243607985e-07,4.150686893633626e-07,4.417277695845101e-07,4.761545647768983e-07,1.538115942667572,-4.2055992244272034e-08,-4.2055992244272034e-08,0.01643488571942971,0.01643488571942971,-2.55894643639368e-06,-2.55894643639368e-06,-2.55894643639368e-06,1.538115942667572,4.150686893633626e-07,2.588327522424146,2.4760861411533015,2.598560305822727,2.461912549607263,13.30749649160279,11.8946193351449,13.44436831632963,11.727218993547742,1.1085830991383636,1.0606028033610828,1.1124904698170324,1.0525524071449368,1.6188964880926549,1.6191329928509088,1.6231738053998161,1.623161801690274,1.0525524071449368,0.9885613726352838,1.0525524071449368
occupied,1,10,11,138,5,11,138,139,7,6,138,139,7,6,0.416666666666667,-0.08333333333333301,0.0,0.4583333333333337,-0.041666666666666345,0.0,0.4583333333333337,-0.041666666666666345,0.0,0.4583333333333337,-0.041666666666666345,0.0,-0.08396012343476734,-0.08395965893084625,-0.31732089123215623,-0.4235118861620182,-0.08395970836607798,-0.08395931271844534,-0.3173205015729842,-0.4235114444342486,-0.08396012343476734,-0.08395965893084625,-0.31732089123215623,-0.4235118861620182,1.9547984648332475,3.462124009145917e-07,2.5207834829515825,2.520784611333726,2.1480450059427842,1.9547984648332475,4.150686893633626e-07,3.462124009145917e-07,3.896591720398135e-07,4.417277695845101e-07,1.9547984648332475,2.5992921347958436e-08,2.5992921347958436e-08,0.01643488571942971,0.01643488571942971,1.5815699477136608e-06,1.5815699477136608e-06,1.5815699477136608e-06,1.9547984648332475,3.462124009145917e-07,2.5914896124112063,2.4745127128489495,2.6032203827007994,2.4760861411533015,13.349642592776405,11.875918720309892,13.507166314365104,11.8946193351449,1.1091313889467314,1.0606877323118835,1.1132371092416282,1.0606028033610828,1.6172089125796925,1.618117987083216,1.6199382210112712,1.6191329928509088,1.0606028033610828,0.9898901098901098,1.0606028033610828
occupied,1,10,11,139,6,11,139,140,8,7,139,140,8,7,0.5000000000000001,-0.08333333333333298,0.0,0.5416666666666667,-0.04166666666666632,0.0,0.5416666666666667,-0.04166666666666632,0.0,0.5416666666666667,-0.04166666666666632,0.0,-0.08395965893084625,-0.25006211556049696,-0.42351188560482156,-0.31732089123215623,-0.08395931271844534,-0.2500617186255665,-0.4235114446025191,-0.3173205015729842,-0.08395965893084625,-0.25006211556049696,-0.42351188560482156,-0.31732089123215623,1.9547984340931817,3.462124009145917e-07,2.520784611333726,2.163179433034161,1.9547984340931817,2.1480450059427842,3.462124009145917e-07,3.969349304799863e-07,4.4100230245369687e-07,3.896591720398135e-07,1.9547984340931817,-4.252093279767694e-08,-4.252093279767694e-08,0.01643488571942971,0.01643488571942971,-2.587236292577787e-06,-2.587236292577787e-06,-2.587236292577787e-06,1.9547984340931817,3.462124009145917e-07,2.5883205737060497,2.4573486004934093,2.603219388639807,2.4745127128489495,13.307404021882373,11.67381851404239,13.50715288742463,11.875918720309892,1.108583090830815,1.0522267900308708,1.1132371068324742,1.0606877323118835,1.618895230638663,1.6202427506751023,1.6199375537802982,1.618117987083216,1.0522267900308708,0.9870329670329671,1.0522267900308708
occupied,1,10,11,140,7,11,140,141,9,8,140,141,9,8,-0.416666666666667,-0.08333333333333307,0.0,-0.37500000000000033,-0.0416666666666664,0.0,-0.37500000000000033,-0.0416666666666664,0.0,-0.37500000000000033,-0.0416666666666664,0.0,-0.25006211556049696,-0.3513439409563723,-0.6032347228366572,-0.42351188560482156,-0.2500617186255665,-0.3513435681183901,-0.6032342494423965,-0.4235114446025191,-0.25006211556049696,-0.3513439409563723,-0.6032347228366572,-0.42351188560482156,1.5381159283057753,3.728379821543726e-07,2.163179433034161,1.7811323439832112,1.5381159283057753,1.9547984340931817,3.969349304799863e-07,3.728379821543726e-07,4.7339426079151536e-07,4.4100230245369687e-07,1.5381159283057753,4.216976836680958e-08,4.216976836680958e-08,0.01643488571942971,0.01643488571942971,2.565869278723094e-06,2.565869278723094e-06,2.565869278723094e-06,1.5381159283057753,3.728379821543726e-07,2.5714949353443353,2.409127702092304,2.5985667646777446,2.4573486004934093,13.08537161093146,11.12425324875848,13.444455151835816,11.67381851404239,1.1050570100055395,1.029683884061847,1.1124904852691937,1.0522267900308708,1.624286591890771,1.6256982406237817,1.623174484395105,1.6202427506751023,1.029683884061847,0.9870329670329671,1.029683884061847
occupied,1,10,11,141,8,11,141,142,10,9,141,142,10,9,-0.3333333333333331,-0.08333333333333309,0.0,-0.2916666666666664,-0.04166666666666643,0.0,-0.2916666666666664,-0.04166666666666643,0.0,-0.2916666666666664,-0.04166666666666643,0.0,-0.3513439409563723,-0.29612384144075254,-0.6561996955069294,-0.6032347228366572,-0.3513435681183901,-0.2961235803744472,-0.6561992707206469,-0.6032342494423965,-0.3513439409563723,-0.29612384144075254,-0.6561996955069294,-0.6032347228366572,1.1835070154922258,2.6106630535149833e-07,1.7811323439832112,1.5707158495938691,1.1835070154922258,1.5381159283057753,3.728379821543726e-07,2.6106630535149833e-07,4.2478628248243666e-07,4.7339426079151536e-07,1.1835070154922258,2.4710664181526454e-08,2.4710664181526454e-08,0.01643488571942971,0.01643488571942971,1.5035494985105327e-06,1.5035494985105327e-06,1.5035494985105327e-06,1.1835070154922258,2.6106630535149833e-07,2.5443363763074616,2.3474741455020314,2.5677510506989405,2.409127702092304,12.734774183403495,10.459118121788043,13.036473081421125,11.12425324875848,1.0982764249260246,1.0034821357335257,1.1047403426849691,1.029683884061847,1.634194212086984,1.6356387816488502,1.6299300792083538,1.6256982406237817,1.0034821357335257,0.9876814782226133,1.0034821357335257
occupied,1,10,11,142,9,11,142,143,11,10,142,143,11,10,-0.25000000000000006,-0.08333333333333307,0.0,-0.2083333333333334,-0.0416666666666664,0.0,-0.2083333333333334,-0.0416666666666664,0.0,-0.2083333333333334,-0.0416666666666664,0.0,-0.29612384144075254,-0.32669239293365593,-0.5227879301987695,-0.6561996955069294,-0.2961235803744472,-0.3266922022815495,-0.522787581365495,-0.6561992707206469,-0.29612384144075254,-0.32669239293365593,-0.5227879301987695,-0.6561996955069294,1.050579106519012,1.906521064354294e-07,1.5707158495938691,1.2586469559253617,1.050579106519012,1.1835070154922258,2.6106630535149833e-07,1.906521064354294e-07,3.488332744883138e-07,4.2478628248243666e-07,1.050579106519012,5.728027361250026e-08,5.728027361250026e-08,0.01643488571942971,0.01643488571942971,3.485285787219206e-06,3.485285787219206e-06,3.485285787219206e-06,1.050579106519012,1.906521064354294e-07,2.520128831635612,2.2942958151851407,2.526756983219205,2.3474741455020314,12.430197963160882,9.917449835218047,12.512860847908692,10.459118121788043,1.0916077614963764,0.9830375446397489,1.0934166723778775,1.0034821357335257,1.6484028055711157,1.6505002389855365,1.6421697242955793,1.6356387816488502,0.9830375446397489,0.9859649122807017,0.9830375446397489
occupied,1,10,11,143,10,11,143,144,12,11,143,144,12,11,-0.16666666666666696,-0.08333333333333305,0.0,-0.1250000000000003,-0.04166666666666639,0.0,-0.1250000000000003,-0.04166666666666639,0.0,-0.1250000000000003,-0.04166666666666639,0.0,-0.32669239293365593,-0.5608445341573103,-0.5608437427344022,-0.5227879301987695,-0.3266922022815495,-0.5608442130907865,-0.5608433985089715,-0.522787581365495,-0.32669239293365593,-0.5608445341573103,-0.5608437427344022,-0.5227879301987695,0.7881198193524037,1.906521064354294e-07,1.2586469559253617,0.7881236428578053,0.7881198193524037,1.050579106519012,1.906521064354294e-07,3.210665238118082e-07,3.4422543071510603e-07,3.488332744883138e-07,0.7881198193524037,-5.493650911958526e-08,-5.493650911958526e-08,0.01643488571942971,0.01643488571942971,-3.3426766731111504e-06,-3.3426766731111504e-06,-3.3426766731111504e-06,0.7881198193524037,1.906521064354294e-07,2.2842734039199004,1.9367361523637197,2.4980789908349053,2.2942958151851407,9.81854951199018,6.936075692186691,12.15911374214827,9.917449835218047,0.978495416343655,0.8276602270657364,1.085475722459107,0.9830375446397489,1.662595033539311,1.6622143700291754,1.661726874257525,1.6505002389855365,0.8276602270657364,0.983739837398374,0.8276602270657364
occupied,1,10,11,144,11,11,144,133,1,12,144,133,1,12,-0.08333333333333304,-0.08333333333333305,0.0,-0.04166666666666637,-0.04166666666666639,0.0,-0.04166666666666637,-0.04166666666666639,0.0,-0.04166666666666637,-0.04166666666666639,0.0,-0.5608445341573103,-0.5608436596297613,-0.8389191634146871,-0.5608437427344022,-0.5608442130907865,-0.5608434270331017,-0.8389188742984175,-0.5608433985089715,-0.5608445341573103,-0.5608436596297613,-0.8389191634146871,-0.5608437427344022,0.592448499860559,2.3259665959951548e-07,0.7881236428578053,0.7881200074922176,0.592448499860559,0.7881198193524037,3.210665238118082e-07,2.3259665959951548e-07,2.89116269591716e-07,3.4422543071510603e-07,0.592448499860559,-7.962308703479691e-07,-7.962308703479691e-07,0.01643488571942971,0.01643488571942971,-4.844760614347602e-05,-4.844760614347602e-05,-4.844760614347602e-05,0.592448499860559,2.3259665959951548e-07,1.936736894965988,1.9123613292245356,1.912360663298284,1.9367361523637197,6.936080842934146,6.76905390648685,6.769049398797655,6.936075692186691,0.8276601989441906,0.8156088432342331,0.8156088271925849,0.8276602270657364,1.6622142515946257,1.6697413403227035,1.669741468393767,1.6622143700291754,0.8156088271925849,0.988134475939354,0.8156088271925849
