k_index,kx_fractional,ky_fractional,kz_fractional,path_distance_inv_A,band,energy_eV,occupation
1,0.0,0.0,0.0,0.0,1,-14.348519416903194,1.0
1,0.0,0.0,0.0,0.0,2,-14.348519416609292,1.0
1,0.0,0.0,0.0,0.0,3,-14.173034773743336,1.0
1,0.0,0.0,0.0,0.0,4,-14.173034773566993,1.0
1,0.0,0.0,0.0,0.0,5,-13.256418841633337,1.0
1,0.0,0.0,0.0,0.0,6,-13.256418841398217,1.0
1,0.0,0.0,0.0,0.0,7,-13.01221982511247,1.0
1,0.0,0.0,0.0,0.0,8,-13.012219824818569,1.0
1,0.0,0.0,0.0,0.0,9,-6.095725218058536,1.0
1,0.0,0.0,0.0,0.0,10,-6.095725217999757,1.0
1,0.0,0.0,0.0,0.0,11,-5.534536902091794,1.0
1,0.0,0.0,0.0,0.0,12,-5.534536902091794,1.0
1,0.0,0.0,0.0,0.0,13,-2.718356525919122,1.0
1,0.0,0.0,0.0,0.0,14,-2.7183565188654883,1.0
1,0.0,0.0,0.0,0.0,15,-2.6735627640737665,1.0
1,0.0,0.0,0.0,0.0,16,-2.673562764014986,1.0
1,0.0,0.0,0.0,0.0,17,-2.6553648375895733,1.0
1,0.0,0.0,0.0,0.0,18,-2.6553648307710604,1.0
1,0.0,0.0,0.0,0.0,19,-2.6264115027167354,1.0
1,0.0,0.0,0.0,0.0,20,-2.6264115026579553,1.0
1,0.0,0.0,0.0,0.0,21,-2.577359912282323,1.0
1,0.0,0.0,0.0,0.0,22,-2.5773599121059823,1.0
1,0.0,0.0,0.0,0.0,23,-1.6526203053943216,1.0
1,0.0,0.0,0.0,0.0,24,-1.6526203050416401,1.0
1,0.0,0.0,0.0,0.0,25,-1.5932325774805336,1.0
1,0.0,0.0,0.0,0.0,26,-1.5932325773041924,1.0
1,0.0,0.0,0.0,0.0,27,-1.564021846530959,1.0
1,0.0,0.0,0.0,0.0,28,-1.5640218422987788,1.0
1,0.0,0.0,0.0,0.0,29,-1.547288026805493,1.0
1,0.0,0.0,0.0,0.0,30,-1.5472880266879323,1.0
1,0.0,0.0,0.0,0.0,31,-1.4987649306189263,1.0
1,0.0,0.0,0.0,0.0,32,-1.498764925211141,1.0
1,0.0,0.0,0.0,0.0,33,-0.570280485150784,1.0
1,0.0,0.0,0.0,0.0,34,-0.5702804849156627,1.0
1,0.0,0.0,0.0,0.0,35,0.12570945717991966,0.9999999999999833
1,0.0,0.0,0.0,0.0,36,0.12570945759138163,0.9999999999999833
1,0.0,0.0,0.0,0.0,37,2.4517556431992973,0.0
1,0.0,0.0,0.0,0.0,38,2.451755643375638,0.0
1,0.0,0.0,0.0,0.0,39,2.521133106889047,0.0
1,0.0,0.0,0.0,0.0,40,2.521133107888311,0.0
1,0.0,0.0,0.0,0.0,41,2.5322456309800225,0.0
1,0.0,0.0,0.0,0.0,42,2.5322456310975827,0.0
1,0.0,0.0,0.0,0.0,43,2.5997779927205866,0.0
1,0.0,0.0,0.0,0.0,44,2.5997779977169095,0.0
1,0.0,0.0,0.0,0.0,45,2.6641550584443676,0.0
1,0.0,0.0,0.0,0.0,46,2.6641550586207083,0.0
1,0.0,0.0,0.0,0.0,47,2.6827436189678635,0.0
1,0.0,0.0,0.0,0.0,48,2.6827436232000434,0.0
1,0.0,0.0,0.0,0.0,49,2.7476605475743687,0.0
1,0.0,0.0,0.0,0.0,50,2.74766054786827,0.0
1,0.0,0.0,0.0,0.0,51,2.7553557111833284,0.0
1,0.0,0.0,0.0,0.0,52,2.755355722292801,0.0
1,0.0,0.0,0.0,0.0,53,5.157062939626126,0.0
1,0.0,0.0,0.0,0.0,54,5.157062963079456,0.0
1,0.0,0.0,0.0,0.0,55,5.3043180470425195,0.0
1,0.0,0.0,0.0,0.0,56,5.30431805979784,0.0
1,0.0,0.0,0.0,0.0,57,6.1344687023845825,0.0
1,0.0,0.0,0.0,0.0,58,6.134468709555776,0.0
1,0.0,0.0,0.0,0.0,59,6.4001516694510965,0.0
1,0.0,0.0,0.0,0.0,60,6.400151674094738,0.0
1,0.0,0.0,0.0,0.0,61,6.607858828703042,0.0
1,0.0,0.0,0.0,0.0,62,6.607858830231331,0.0
1,0.0,0.0,0.0,0.0,63,7.794775849597677,0.0
1,0.0,0.0,0.0,0.0,64,7.794775890567532,0.0
2,0.0,0.0416666666666667,0.0,0.09531360337867033,1,-14.323615828332226,1.0
2,0.0,0.0416666666666667,0.0,0.09531360337867033,2,-14.323545155216127,1.0
2,0.0,0.0416666666666667,0.0,0.09531360337867033,3,-14.14837434265597,1.0
2,0.0,0.0416666666666667,0.0,0.09531360337867033,4,-14.148265864502534,1.0
2,0.0,0.0416666666666667,0.0,0.09531360337867033,5,-13.24274375233107,1.0
2,0.0,0.0416666666666667,0.0,0.09531360337867033,6,-13.242734022320644,1.0
2,0.0,0.0416666666666667,0.0,0.09531360337867033,7,-13.000189692382676,1.0
2,0.0,0.0416666666666667,0.0,0.09531360337867033,8,-13.000156243948805,1.0
2,0.0,0.0416666666666667,0.0,0.09531360337867033,9,-6.065786228104983,1.0
2,0.0,0.0416666666666667,0.0,0.09531360337867033,10,-6.0657826132818995,1.0
2,0.0,0.0416666666666667,0.0,0.09531360337867033,11,-5.504644792198732,1.0
2,0.0,0.0416666666666667,0.0,0.09531360337867033,12,-5.504632837453312,1.0
2,0.0,0.0416666666666667,0.0,0.09531360337867033,13,-2.760156857593145,1.0
2,0.0,0.0416666666666667,0.0,0.09531360337867033,14,-2.758014017894854,1.0
2,0.0,0.0416666666666667,0.0,0.09531360337867033,15,-2.7213150949587135,1.0
2,0.0,0.0416666666666667,0.0,0.09531360337867033,16,-2.715517196186278,1.0
2,0.0,0.0416666666666667,0.0,0.09531360337867033,17,-2.6923141902142884,1.0
2,0.0,0.0416666666666667,0.0,0.09531360337867033,18,-2.6885560902848518,1.0
2,0.0,0.0416666666666667,0.0,0.09531360337867033,19,-2.6379941724446407,1.0
2,0.0,0.0416666666666667,0.0,0.09531360337867033,20,-2.636744226598873,1.0
2,0.0,0.0416666666666667,0.0,0.09531360337867033,21,-2.5785410574678123,1.0
2,0.0,0.0416666666666667,0.0,0.09531360337867033,22,-2.5775029900945103,1.0
2,0.0,0.0416666666666667,0.0,0.09531360337867033,23,-1.865912533220576,1.0
2,0.0,0.0416666666666667,0.0,0.09531360337867033,24,-1.8610099368895368,1.0
2,0.0,0.0416666666666667,0.0,0.09531360337867033,25,-1.6574567463471368,1.0
2,0.0,0.0416666666666667,0.0,0.09531360337867033,26,-1.6519047087059755,1.0
2,0.0,0.0416666666666667,0.0,0.09531360337867033,27,-1.5988822158384066,1.0
2,0.0,0.0416666666666667,0.0,0.09531360337867033,28,-1.5983195440424511,1.0
2,0.0,0.0416666666666667,0.0,0.09531360337867033,29,-1.5208493648643453,1.0
2,0.0,0.0416666666666667,0.0,0.09531360337867033,30,-1.5194971825012804,1.0
2,0.0,0.0416666666666667,0.0,0.09531360337867033,31,-1.3272797484071204,1.0
2,0.0,0.0416666666666667,0.0,0.09531360337867033,32,-1.3253312954820102,1.0
2,0.0,0.0416666666666667,0.0,0.09531360337867033,33,-0.5723569857856603,1.0
2,0.0,0.0416666666666667,0.0,0.09531360337867033,34,-0.5711278490105653,1.0
2,0.0,0.0416666666666667,0.0,0.09531360337867033,35,0.0951327723890672,1.0
2,0.0,0.0416666666666667,0.0,0.09531360337867033,36,0.09557795682777531,1.0
2,0.0,0.0416666666666667,0.0,0.09531360337867033,37,2.437690639144388,0.0
2,0.0,0.0416666666666667,0.0,0.09531360337867033,38,2.442641491935995,0.0
2,0.0,0.0416666666666667,0.0,0.09531360337867033,39,2.4977644790071647,0.0
2,0.0,0.0416666666666667,0.0,0.09531360337867033,40,2.5144602986099462,0.0
2,0.0,0.0416666666666667,0.0,0.09531360337867033,41,2.5275888626717,0.0
2,0.0,0.0416666666666667,0.0,0.09531360337867033,42,2.5370069768438093,0.0
2,0.0,0.0416666666666667,0.0,0.09531360337867033,43,2.5893836238872483,0.0
2,0.0,0.0416666666666667,0.0,0.09531360337867033,44,2.5924303217487514,0.0
2,0.0,0.0416666666666667,0.0,0.09531360337867033,45,2.6145529220056547,0.0
2,0.0,0.0416666666666667,0.0,0.09531360337867033,46,2.6220298697583395,0.0
2,0.0,0.0416666666666667,0.0,0.09531360337867033,47,2.651388423217931,0.0
2,0.0,0.0416666666666667,0.0,0.09531360337867033,48,2.6579172319672413,0.0
2,0.0,0.0416666666666667,0.0,0.09531360337867033,49,2.683341936039878,0.0
2,0.0,0.0416666666666667,0.0,0.09531360337867033,50,2.690153140226223,0.0
2,0.0,0.0416666666666667,0.0,0.09531360337867033,51,2.7290089349185056,0.0
2,0.0,0.0416666666666667,0.0,0.09531360337867033,52,2.7315137427160847,0.0
2,0.0,0.0416666666666667,0.0,0.09531360337867033,53,5.19964586271995,0.0
2,0.0,0.0416666666666667,0.0,0.09531360337867033,54,5.199868026462171,0.0
2,0.0,0.0416666666666667,0.0,0.09531360337867033,55,5.34713692026727,0.0
2,0.0,0.0416666666666667,0.0,0.09531360337867033,56,5.347606458404282,0.0
2,0.0,0.0416666666666667,0.0,0.09531360337867033,57,6.22523748101423,0.0
2,0.0,0.0416666666666667,0.0,0.09531360337867033,58,6.225420887534229,0.0
2,0.0,0.0416666666666667,0.0,0.09531360337867033,59,6.516400829733539,0.0
2,0.0,0.0416666666666667,0.0,0.09531360337867033,60,6.516983022531888,0.0
2,0.0,0.0416666666666667,0.0,0.09531360337867033,61,6.676387643383296,0.0
2,0.0,0.0416666666666667,0.0,0.09531360337867033,62,6.676934293704826,0.0
2,0.0,0.0416666666666667,0.0,0.09531360337867033,63,7.829421205564056,0.0
2,0.0,0.0416666666666667,0.0,0.09531360337867033,64,7.82945922900744,0.0
3,0.0,0.0833333333333333,0.0,0.19062720675734043,1,-14.24963967647345,1.0
3,0.0,0.0833333333333333,0.0,0.19062720675734043,2,-14.249496088082594,1.0
3,0.0,0.0833333333333333,0.0,0.19062720675734043,3,-14.075184454590499,1.0
3,0.0,0.0833333333333333,0.0,0.19062720675734043,4,-14.074963588145007,1.0
3,0.0,0.0833333333333333,0.0,0.19062720675734043,5,-13.202205325264496,1.0
3,0.0,0.0833333333333333,0.0,0.19062720675734043,6,-13.202184462829486,1.0
3,0.0,0.0833333333333333,0.0,0.19062720675734043,7,-12.964531476598191,1.0
3,0.0,0.0833333333333333,0.0,0.19062720675734043,8,-12.964464771446675,1.0
3,0.0,0.0833333333333333,0.0,0.19062720675734043,9,-5.978613374471151,1.0
3,0.0,0.0833333333333333,0.0,0.19062720675734043,10,-5.978604206315788,1.0
3,0.0,0.0833333333333333,0.0,0.19062720675734043,11,-5.4180316615903035,1.0
3,0.0,0.0833333333333333,0.0,0.19062720675734043,12,-5.418010207138084,1.0
3,0.0,0.0833333333333333,0.0,0.19062720675734043,13,-2.9277025329440556,1.0
3,0.0,0.0833333333333333,0.0,0.19062720675734043,14,-2.921991697914192,1.0
3,0.0,0.0833333333333333,0.0,0.19062720675734043,15,-2.887230883840632,1.0
3,0.0,0.0833333333333333,0.0,0.19062720675734043,16,-2.8682882368076625,1.0
3,0.0,0.0833333333333333,0.0,0.19062720675734043,17,-2.8567359764617644,1.0
3,0.0,0.0833333333333333,0.0,0.19062720675734043,18,-2.843624096377753,1.0
3,0.0,0.0833333333333333,0.0,0.19062720675734043,19,-2.5723373245075036,1.0
3,0.0,0.0833333333333333,0.0,0.19062720675734043,20,-2.5718401849889,1.0
3,0.0,0.0833333333333333,0.0,0.19062720675734043,21,-2.5098022127489767,1.0
3,0.0,0.0833333333333333,0.0,0.19062720675734043,22,-2.5090788325476105,1.0
3,0.0,0.0833333333333333,0.0,0.19062720675734043,23,-2.1756981644413216,1.0
3,0.0,0.0833333333333333,0.0,0.19062720675734043,24,-2.1743861651306973,1.0
3,0.0,0.0833333333333333,0.0,0.19062720675734043,25,-1.7737368236493198,1.0
3,0.0,0.0833333333333333,0.0,0.19062720675734043,26,-1.7728389436118834,1.0
3,0.0,0.0833333333333333,0.0,0.19062720675734043,27,-1.7083785917597014,1.0
3,0.0,0.0833333333333333,0.0,0.19062720675734043,28,-1.7082793539927241,1.0
3,0.0,0.0833333333333333,0.0,0.19062720675734043,29,-1.4867636186782343,1.0
3,0.0,0.0833333333333333,0.0,0.19062720675734043,30,-1.4850280987646873,1.0
3,0.0,0.0833333333333333,0.0,0.19062720675734043,31,-1.1645839295224927,1.0
3,0.0,0.0833333333333333,0.0,0.19062720675734043,32,-1.164466173407725,1.0
3,0.0,0.0833333333333333,0.0,0.19062720675734043,33,-0.5842809164420347,1.0
3,0.0,0.0833333333333333,0.0,0.19062720675734043,34,-0.5819914963603701,1.0
3,0.0,0.0833333333333333,0.0,0.19062720675734043,35,-0.003219814505310123,1.0
3,0.0,0.0833333333333333,0.0,0.19062720675734043,36,-0.0021019666283351797,1.0
3,0.0,0.0833333333333333,0.0,0.19062720675734043,37,2.3526832306543217,0.0
3,0.0,0.0833333333333333,0.0,0.19062720675734043,38,2.3542850282684737,0.0
3,0.0,0.0833333333333333,0.0,0.19062720675734043,39,2.3996168504981084,0.0
3,0.0,0.0833333333333333,0.0,0.19062720675734043,40,2.4014247399899777,0.0
3,0.0,0.0833333333333333,0.0,0.19062720675734043,41,2.4306519503661628,0.0
3,0.0,0.0833333333333333,0.0,0.19062720675734043,42,2.434024258391746,0.0
3,0.0,0.0833333333333333,0.0,0.19062720675734043,43,2.500854695433431,0.0
3,0.0,0.0833333333333333,0.0,0.19062720675734043,44,2.5062049839280274,0.0
3,0.0,0.0833333333333333,0.0,0.19062720675734043,45,2.512128856105054,0.0
3,0.0,0.0833333333333333,0.0,0.19062720675734043,46,2.5162661846197363,0.0
3,0.0,0.0833333333333333,0.0,0.19062720675734043,47,2.6286507642231385,0.0
3,0.0,0.0833333333333333,0.0,0.19062720675734043,48,2.6315256108001868,0.0
3,0.0,0.0833333333333333,0.0,0.19062720675734043,49,2.689313146850818,0.0
3,0.0,0.0833333333333333,0.0,0.19062720675734043,50,2.69169250846571,0.0
3,0.0,0.0833333333333333,0.0,0.19062720675734043,51,2.774047472010428,0.0
3,0.0,0.0833333333333333,0.0,0.19062720675734043,52,2.77703442614564,0.0
3,0.0,0.0833333333333333,0.0,0.19062720675734043,53,5.317161027220317,0.0
3,0.0,0.0833333333333333,0.0,0.19062720675734043,54,5.317505602692339,0.0
3,0.0,0.0833333333333333,0.0,0.19062720675734043,55,5.465484693970348,0.0
3,0.0,0.0833333333333333,0.0,0.19062720675734043,56,5.466191821324264,0.0
3,0.0,0.0833333333333333,0.0,0.19062720675734043,57,6.432991454834452,0.0
3,0.0,0.0833333333333333,0.0,0.19062720675734043,58,6.433302619304871,0.0
3,0.0,0.0833333333333333,0.0,0.19062720675734043,59,6.837032050067794,0.0
3,0.0,0.0833333333333333,0.0,0.19062720675734043,60,6.838546601437569,0.0
3,0.0,0.0833333333333333,0.0,0.19062720675734043,61,6.9177388603805205,0.0
3,0.0,0.0833333333333333,0.0,0.19062720675734043,62,6.919250280266079,0.0
3,0.0,0.0833333333333333,0.0,0.19062720675734043,63,7.933607867260953,0.0
3,0.0,0.0833333333333333,0.0,0.19062720675734043,64,7.933693344859786,0.0
4,0.0,0.125,0.0,0.28594081013601075,1,-14.12907277120578,1.0
4,0.0,0.125,0.0,0.28594081013601075,2,-14.128851573382626,1.0
4,0.0,0.125,0.0,0.28594081013601075,3,-13.956080182334471,1.0
4,0.0,0.125,0.0,0.28594081013601075,4,-13.95573870559403,1.0
4,0.0,0.125,0.0,0.28594081013601075,5,-13.136238567771176,1.0
4,0.0,0.125,0.0,0.28594081013601075,6,-13.136203677187101,1.0
4,0.0,0.125,0.0,0.28594081013601075,7,-12.906650803500732,1.0
4,0.0,0.125,0.0,0.28594081013601075,8,-12.906551071899003,1.0
4,0.0,0.125,0.0,0.28594081013601075,9,-5.84281458801213,1.0
4,0.0,0.125,0.0,0.28594081013601075,10,-5.842795884689545,1.0
4,0.0,0.125,0.0,0.28594081013601075,11,-5.284938086049673,1.0
4,0.0,0.125,0.0,0.28594081013601075,12,-5.284910405791187,1.0
4,0.0,0.125,0.0,0.28594081013601075,13,-3.180278081134942,1.0
4,0.0,0.125,0.0,0.28594081013601075,14,-3.17416862622109,1.0
4,0.0,0.125,0.0,0.28594081013601075,15,-3.13104455941222,1.0
4,0.0,0.125,0.0,0.28594081013601075,16,-3.1124036097471053,1.0
4,0.0,0.125,0.0,0.28594081013601075,17,-3.086637428370903,1.0
4,0.0,0.125,0.0,0.28594081013601075,18,-3.073980523921829,1.0
4,0.0,0.125,0.0,0.28594081013601075,19,-2.5150691438628887,1.0
4,0.0,0.125,0.0,0.28594081013601075,20,-2.5149105587649756,1.0
4,0.0,0.125,0.0,0.28594081013601075,21,-2.4450095258457956,1.0
4,0.0,0.125,0.0,0.28594081013601075,22,-2.444728331597306,1.0
4,0.0,0.125,0.0,0.28594081013601075,23,-2.3807883690851024,1.0
4,0.0,0.125,0.0,0.28594081013601075,24,-2.3806740720968276,1.0
4,0.0,0.125,0.0,0.28594081013601075,25,-1.9509124066121015,1.0
4,0.0,0.125,0.0,0.28594081013601075,26,-1.9508361998259738,1.0
4,0.0,0.125,0.0,0.28594081013601075,27,-1.8832214230111566,1.0
4,0.0,0.125,0.0,0.28594081013601075,28,-1.8829537517628063,1.0
4,0.0,0.125,0.0,0.28594081013601075,29,-1.4752211753839473,1.0
4,0.0,0.125,0.0,0.28594081013601075,30,-1.4745410728432433,1.0
4,0.0,0.125,0.0,0.28594081013601075,31,-1.097885750662618,1.0
4,0.0,0.125,0.0,0.28594081013601075,32,-1.097519896256018,1.0
4,0.0,0.125,0.0,0.28594081013601075,33,-0.624964020355772,1.0
4,0.0,0.125,0.0,0.28594081013601075,34,-0.6221435023765355,1.0
4,0.0,0.125,0.0,0.28594081013601075,35,-0.179388143888023,1.0
4,0.0,0.125,0.0,0.28594081013601075,36,-0.17724177697508092,1.0
4,0.0,0.125,0.0,0.28594081013601075,37,2.1176407192227713,0.0
4,0.0,0.125,0.0,0.28594081013601075,38,2.1200717651570815,0.0
4,0.0,0.125,0.0,0.28594081013601075,39,2.236490470897313,0.0
4,0.0,0.125,0.0,0.28594081013601075,40,2.248511753490556,0.0
4,0.0,0.125,0.0,0.28594081013601075,41,2.309629373604167,0.0
4,0.0,0.125,0.0,0.28594081013601075,42,2.336717131281166,0.0
4,0.0,0.125,0.0,0.28594081013601075,43,2.397364823021579,0.0
4,0.0,0.125,0.0,0.28594081013601075,44,2.3977617942549467,0.0
4,0.0,0.125,0.0,0.28594081013601075,45,2.442289819080506,0.0
4,0.0,0.125,0.0,0.28594081013601075,46,2.455972653442713,0.0
4,0.0,0.125,0.0,0.28594081013601075,47,2.525513167954876,0.0
4,0.0,0.125,0.0,0.28594081013601075,48,2.5272315454660186,0.0
4,0.0,0.125,0.0,0.28594081013601075,49,2.8457086901417905,0.0
4,0.0,0.125,0.0,0.28594081013601075,50,2.8469929801569425,0.0
4,0.0,0.125,0.0,0.28594081013601075,51,2.943623277425451,0.0
4,0.0,0.125,0.0,0.28594081013601075,52,2.9451104490368465,0.0
4,0.0,0.125,0.0,0.28594081013601075,53,5.496157437187247,0.0
4,0.0,0.125,0.0,0.28594081013601075,54,5.496497653799972,0.0
4,0.0,0.125,0.0,0.28594081013601075,55,5.64383866015476,0.0
4,0.0,0.125,0.0,0.28594081013601075,56,5.6445482149135735,0.0
4,0.0,0.125,0.0,0.28594081013601075,57,6.6602432245743035,0.0
4,0.0,0.125,0.0,0.28594081013601075,58,6.660592481038137,0.0
4,0.0,0.125,0.0,0.28594081013601075,59,7.2854771618679965,0.0
4,0.0,0.125,0.0,0.28594081013601075,60,7.286907135352147,0.0
4,0.0,0.125,0.0,0.28594081013601075,61,7.343305966318329,0.0
4,0.0,0.125,0.0,0.28594081013601075,62,7.344785913319043,0.0
4,0.0,0.125,0.0,0.28594081013601075,63,8.11300711502766,0.0
4,0.0,0.125,0.0,0.28594081013601075,64,8.1131724918067,0.0
5,0.0,0.1666666666666667,0.0,0.3812544135146811,1,-13.966134275318575,1.0
5,0.0,0.1666666666666667,0.0,0.3812544135146811,2,-13.965827864910102,1.0
5,0.0,0.1666666666666667,0.0,0.3812544135146811,3,-13.79560249767614,1.0
5,0.0,0.1666666666666667,0.0,0.3812544135146811,4,-13.795126916538782,1.0
5,0.0,0.1666666666666667,0.0,0.3812544135146811,5,-13.047392511432955,1.0
5,0.0,0.1666666666666667,0.0,0.3812544135146811,6,-13.047339003792418,1.0
5,0.0,0.1666666666666667,0.0,0.3812544135146811,7,-12.829031669041266,1.0
5,0.0,0.1666666666666667,0.0,0.3812544135146811,8,-12.828898824401294,1.0
5,0.0,0.1666666666666667,0.0,0.3812544135146811,9,-5.675406596385553,1.0
5,0.0,0.1666666666666667,0.0,0.3812544135146811,10,-5.675375227188022,1.0
5,0.0,0.1666666666666667,0.0,0.3812544135146811,11,-5.126972565774652,1.0
5,0.0,0.1666666666666667,0.0,0.3812544135146811,12,-5.12693055181064,1.0
5,0.0,0.1666666666666667,0.0,0.3812544135146811,13,-3.4786177148226645,1.0
5,0.0,0.1666666666666667,0.0,0.3812544135146811,14,-3.4726170375565277,1.0
5,0.0,0.1666666666666667,0.0,0.3812544135146811,15,-3.425366185163097,1.0
5,0.0,0.1666666666666667,0.0,0.3812544135146811,16,-3.4120009066843195,1.0
5,0.0,0.1666666666666667,0.0,0.3812544135146811,17,-3.33568368735564,1.0
5,0.0,0.1666666666666667,0.0,0.3812544135146811,18,-3.3278887069049587,1.0
5,0.0,0.1666666666666667,0.0,0.3812544135146811,19,-2.8601222818377376,1.0
5,0.0,0.1666666666666667,0.0,0.3812544135146811,20,-2.859615643888011,1.0
5,0.0,0.1666666666666667,0.0,0.3812544135146811,21,-2.285437224435817,1.0
5,0.0,0.1666666666666667,0.0,0.3812544135146811,22,-2.2825721550764766,1.0
5,0.0,0.1666666666666667,0.0,0.3812544135146811,23,-2.2220002880282483,1.0
5,0.0,0.1666666666666667,0.0,0.3812544135146811,24,-2.217061942966913,1.0
5,0.0,0.1666666666666667,0.0,0.3812544135146811,25,-2.1557364914918744,1.0
5,0.0,0.1666666666666667,0.0,0.3812544135146811,26,-2.1551628068197917,1.0
5,0.0,0.1666666666666667,0.0,0.3812544135146811,27,-2.08955302877879,1.0
5,0.0,0.1666666666666667,0.0,0.3812544135146811,28,-2.0879687469682424,1.0
5,0.0,0.1666666666666667,0.0,0.3812544135146811,29,-1.5312321668112285,1.0
5,0.0,0.1666666666666667,0.0,0.3812544135146811,30,-1.5311804157392928,1.0
5,0.0,0.1666666666666667,0.0,0.3812544135146811,31,-1.1361514444259866,1.0
5,0.0,0.1666666666666667,0.0,0.3812544135146811,32,-1.1358632542773832,1.0
5,0.0,0.1666666666666667,0.0,0.3812544135146811,33,-0.7167812766389288,1.0
5,0.0,0.1666666666666667,0.0,0.3812544135146811,34,-0.713937785771898,1.0
5,0.0,0.1666666666666667,0.0,0.3812544135146811,35,-0.4237546378906311,1.0
5,0.0,0.1666666666666667,0.0,0.3812544135146811,36,-0.4202435220511841,1.0
5,0.0,0.1666666666666667,0.0,0.3812544135146811,37,1.8676797139468415,0.0
5,0.0,0.1666666666666667,0.0,0.3812544135146811,38,1.8708304301588172,0.0
5,0.0,0.1666666666666667,0.0,0.3812544135146811,39,2.106996525922478,0.0
5,0.0,0.1666666666666667,0.0,0.3812544135146811,40,2.1100733905178255,0.0
5,0.0,0.1666666666666667,0.0,0.3812544135146811,41,2.2494870362521557,0.0
5,0.0,0.1666666666666667,0.0,0.3812544135146811,42,2.2517749861744556,0.0
5,0.0,0.1666666666666667,0.0,0.3812544135146811,43,2.307562543847723,0.0
5,0.0,0.1666666666666667,0.0,0.3812544135146811,44,2.3221135799063544,0.0
5,0.0,0.1666666666666667,0.0,0.3812544135146811,45,2.3862931162998477,0.0
5,0.0,0.1666666666666667,0.0,0.3812544135146811,46,2.3866188185461845,0.0
5,0.0,0.1666666666666667,0.0,0.3812544135146811,47,2.521721531930751,0.0
5,0.0,0.1666666666666667,0.0,0.3812544135146811,48,2.5316419319364667,0.0
5,0.0,0.1666666666666667,0.0,0.3812544135146811,49,3.034907109705124,0.0
5,0.0,0.1666666666666667,0.0,0.3812544135146811,50,3.0356157071123984,0.0
5,0.0,0.1666666666666667,0.0,0.3812544135146811,51,3.146696792016046,0.0
5,0.0,0.1666666666666667,0.0,0.3812544135146811,52,3.147560472955236,0.0
5,0.0,0.1666666666666667,0.0,0.3812544135146811,53,5.731285439648996,0.0
5,0.0,0.1666666666666667,0.0,0.3812544135146811,54,5.731557714466767,0.0
5,0.0,0.1666666666666667,0.0,0.3812544135146811,55,5.874322079814597,0.0
5,0.0,0.1666666666666667,0.0,0.3812544135146811,56,5.874934131810839,0.0
5,0.0,0.1666666666666667,0.0,0.3812544135146811,57,6.905451965581895,0.0
5,0.0,0.1666666666666667,0.0,0.3812544135146811,58,6.905786686891828,0.0
5,0.0,0.1666666666666667,0.0,0.3812544135146811,59,7.743000174941802,0.0
5,0.0,0.1666666666666667,0.0,0.3812544135146811,60,7.743351540358617,0.0
5,0.0,0.1666666666666667,0.0,0.3812544135146811,61,7.79560269990618,0.0
5,0.0,0.1666666666666667,0.0,0.3812544135146811,62,7.796212136611915,0.0
5,0.0,0.1666666666666667,0.0,0.3812544135146811,63,8.390059116809459,0.0
5,0.0,0.1666666666666667,0.0,0.3812544135146811,64,8.39034829550316,0.0
6,0.0,0.2083333333333333,0.0,0.47656801689335115,1,-13.767000850246873,1.0
6,0.0,0.2083333333333333,0.0,0.47656801689335115,2,-13.76659817547487,1.0
6,0.0,0.2083333333333333,0.0,0.47656801689335115,3,-13.60029953900677,1.0
6,0.0,0.2083333333333333,0.0,0.47656801689335115,4,-13.59966981488335,1.0
6,0.0,0.2083333333333333,0.0,0.47656801689335115,5,-12.939356818913607,1.0
6,0.0,0.2083333333333333,0.0,0.47656801689335115,6,-12.939278584561555,1.0
6,0.0,0.2083333333333333,0.0,0.47656801689335115,7,-12.735270082676259,1.0
6,0.0,0.2083333333333333,0.0,0.47656801689335115,8,-12.735102716071335,1.0
6,0.0,0.2083333333333333,0.0,0.47656801689335115,9,-5.506794182530024,1.0
6,0.0,0.2083333333333333,0.0,0.47656801689335115,10,-5.50676240812383,1.0
6,0.0,0.2083333333333333,0.0,0.47656801689335115,11,-4.9873925225830025,1.0
6,0.0,0.2083333333333333,0.0,0.47656801689335115,12,-4.987268532220045,1.0
6,0.0,0.2083333333333333,0.0,0.47656801689335115,13,-3.780321251246162,1.0
6,0.0,0.2083333333333333,0.0,0.47656801689335115,14,-3.771695881263945,1.0
6,0.0,0.2083333333333333,0.0,0.47656801689335115,15,-3.7275229840036874,1.0
6,0.0,0.2083333333333333,0.0,0.47656801689335115,16,-3.7111844140284633,1.0
6,0.0,0.2083333333333333,0.0,0.47656801689335115,17,-3.5958015443976685,1.0
6,0.0,0.2083333333333333,0.0,0.47656801689335115,18,-3.5873210387789007,1.0
6,0.0,0.2083333333333333,0.0,0.47656801689335115,19,-3.2166537217829423,1.0
6,0.0,0.2083333333333333,0.0,0.47656801689335115,20,-3.215500555667575,1.0
6,0.0,0.2083333333333333,0.0,0.47656801689335115,21,-2.3884001157562347,1.0
6,0.0,0.2083333333333333,0.0,0.47656801689335115,22,-2.387187266297975,1.0
6,0.0,0.2083333333333333,0.0,0.47656801689335115,23,-2.3160864377814447,1.0
6,0.0,0.2083333333333333,0.0,0.47656801689335115,24,-2.314583626462191,1.0
6,0.0,0.2083333333333333,0.0,0.47656801689335115,25,-2.080982110117835,1.0
6,0.0,0.2083333333333333,0.0,0.47656801689335115,26,-2.0800231659974453,1.0
6,0.0,0.2083333333333333,0.0,0.47656801689335115,27,-2.012854734000668,1.0
6,0.0,0.2083333333333333,0.0,0.47656801689335115,28,-2.0117372502845616,1.0
6,0.0,0.2083333333333333,0.0,0.47656801689335115,29,-1.6555120256673366,1.0
6,0.0,0.2083333333333333,0.0,0.47656801689335115,30,-1.6552021176306533,1.0
6,0.0,0.2083333333333333,0.0,0.47656801689335115,31,-1.2609248042750894,1.0
6,0.0,0.2083333333333333,0.0,0.47656801689335115,32,-1.2594502396954295,1.0
6,0.0,0.2083333333333333,0.0,0.47656801689335115,33,-0.8686995506068009,1.0
6,0.0,0.2083333333333333,0.0,0.47656801689335115,34,-0.8657175456630855,1.0
6,0.0,0.2083333333333333,0.0,0.47656801689335115,35,-0.6967946585735709,1.0
6,0.0,0.2083333333333333,0.0,0.47656801689335115,36,-0.6916795374691707,1.0
6,0.0,0.2083333333333333,0.0,0.47656801689335115,37,1.703552795918268,0.0
6,0.0,0.2083333333333333,0.0,0.47656801689335115,38,1.7070923621394618,0.0
6,0.0,0.2083333333333333,0.0,0.47656801689335115,39,2.0357762238660393,0.0
6,0.0,0.2083333333333333,0.0,0.47656801689335115,40,2.0368977506009434,0.0
6,0.0,0.2083333333333333,0.0,0.47656801689335115,41,2.1239510799215338,0.0
6,0.0,0.2083333333333333,0.0,0.47656801689335115,42,2.124313581615071,0.0
6,0.0,0.2083333333333333,0.0,0.47656801689335115,43,2.2539665585908577,0.0
6,0.0,0.2083333333333333,0.0,0.47656801689335115,44,2.2548752228014695,0.0
6,0.0,0.2083333333333333,0.0,0.47656801689335115,45,2.392319537922451,0.0
6,0.0,0.2083333333333333,0.0,0.47656801689335115,46,2.4021948364793606,0.0
6,0.0,0.2083333333333333,0.0,0.47656801689335115,47,2.6817990599763726,0.0
6,0.0,0.2083333333333333,0.0,0.47656801689335115,48,2.6894849562628766,0.0
6,0.0,0.2083333333333333,0.0,0.47656801689335115,49,3.2224638355378485,0.0
6,0.0,0.2083333333333333,0.0,0.47656801689335115,50,3.2228840798179044,0.0
6,0.0,0.2083333333333333,0.0,0.47656801689335115,51,3.3521986525418606,0.0
6,0.0,0.2083333333333333,0.0,0.47656801689335115,52,3.3527387914440134,0.0
6,0.0,0.2083333333333333,0.0,0.47656801689335115,53,6.019009420324679,0.0
6,0.0,0.2083333333333333,0.0,0.47656801689335115,54,6.019209882607939,0.0
6,0.0,0.2083333333333333,0.0,0.47656801689335115,55,6.151534074708298,0.0
6,0.0,0.2083333333333333,0.0,0.47656801689335115,56,6.152053943587704,0.0
6,0.0,0.2083333333333333,0.0,0.47656801689335115,57,7.183001580325595,0.0
6,0.0,0.2083333333333333,0.0,0.47656801689335115,58,7.183376971191688,0.0
6,0.0,0.2083333333333333,0.0,0.47656801689335115,59,8.022149449817553,0.0
6,0.0,0.2083333333333333,0.0,0.47656801689335115,60,8.022512150948392,0.0
6,0.0,0.2083333333333333,0.0,0.47656801689335115,61,8.08533718389351,0.0
6,0.0,0.2083333333333333,0.0,0.47656801689335115,62,8.086367724216945,0.0
6,0.0,0.2083333333333333,0.0,0.47656801689335115,63,8.703692849866856,0.0
6,0.0,0.2083333333333333,0.0,0.47656801689335115,64,8.704121299405552,0.0
7,0.0,0.25,0.0,0.5718816202720215,1,-13.540135931245171,1.0
7,0.0,0.25,0.0,0.5718816202720215,2,-13.539622082349961,1.0
7,0.0,0.25,0.0,0.5718816202720215,3,-13.379159518615985,1.0
7,0.0,0.25,0.0,0.5718816202720215,4,-13.378347492010583,1.0
7,0.0,0.25,0.0,0.5718816202720215,5,-12.817211007802193,1.0
7,0.0,0.25,0.0,0.5718816202720215,6,-12.817100544739777,1.0
7,0.0,0.25,0.0,0.5718816202720215,7,-12.630280503724613,1.0
7,0.0,0.25,0.0,0.5718816202720215,8,-12.630074445046361,1.0
7,0.0,0.25,0.0,0.5718816202720215,9,-5.3873298803054706,1.0
7,0.0,0.25,0.0,0.5718816202720215,10,-5.387297052168043,1.0
7,0.0,0.25,0.0,0.5718816202720215,11,-4.944431126319514,1.0
7,0.0,0.25,0.0,0.5718816202720215,12,-4.944061356974388,1.0
7,0.0,0.25,0.0,0.5718816202720215,13,-4.051594411506614,1.0
7,0.0,0.25,0.0,0.5718816202720215,14,-4.040544947918244,1.0
7,0.0,0.25,0.0,0.5718816202720215,15,-3.974551233605812,1.0
7,0.0,0.25,0.0,0.5718816202720215,16,-3.9509930787569774,1.0
7,0.0,0.25,0.0,0.5718816202720215,17,-3.8411590283508605,1.0
7,0.0,0.25,0.0,0.5718816202720215,18,-3.8276438633249574,1.0
7,0.0,0.25,0.0,0.5718816202720215,19,-3.5675998605896355,1.0
7,0.0,0.25,0.0,0.5718816202720215,20,-3.5659273377097866,1.0
7,0.0,0.25,0.0,0.5718816202720215,21,-2.6025323266476885,1.0
7,0.0,0.25,0.0,0.5718816202720215,22,-2.6020490318330323,1.0
7,0.0,0.25,0.0,0.5718816202720215,23,-2.52864636312688,1.0
7,0.0,0.25,0.0,0.5718816202720215,24,-2.5280713804538903,1.0
7,0.0,0.25,0.0,0.5718816202720215,25,-1.883652434107235,1.0
7,0.0,0.25,0.0,0.5718816202720215,26,-1.881761758866763,1.0
7,0.0,0.25,0.0,0.5718816202720215,27,-1.818884087529767,1.0
7,0.0,0.25,0.0,0.5718816202720215,28,-1.8167260242481071,1.0
7,0.0,0.25,0.0,0.5718816202720215,29,-1.7940346854053708,1.0
7,0.0,0.25,0.0,0.5718816202720215,30,-1.7904088567526808,1.0
7,0.0,0.25,0.0,0.5718816202720215,31,-1.431552501269889,1.0
7,0.0,0.25,0.0,0.5718816202720215,32,-1.4290238827816897,1.0
7,0.0,0.25,0.0,0.5718816202720215,33,-1.055601986559349,1.0
7,0.0,0.25,0.0,0.5718816202720215,34,-1.0527514107991511,1.0
7,0.0,0.25,0.0,0.5718816202720215,35,-0.9398605246633462,1.0
7,0.0,0.25,0.0,0.5718816202720215,36,-0.9339402458309773,1.0
7,0.0,0.25,0.0,0.5718816202720215,37,1.6535094871798468,0.0
7,0.0,0.25,0.0,0.5718816202720215,38,1.6572623259943557,0.0
7,0.0,0.25,0.0,0.5718816202720215,39,1.9933501933943572,0.0
7,0.0,0.25,0.0,0.5718816202720215,40,1.993836698852925,0.0
7,0.0,0.25,0.0,0.5718816202720215,41,2.055298938478545,0.0
7,0.0,0.25,0.0,0.5718816202720215,42,2.0581244279228343,0.0
7,0.0,0.25,0.0,0.5718816202720215,43,2.14101512776573,0.0
7,0.0,0.25,0.0,0.5718816202720215,44,2.141843628323386,0.0
7,0.0,0.25,0.0,0.5718816202720215,45,2.56409340902084,0.0
7,0.0,0.25,0.0,0.5718816202720215,46,2.5699531005240948,0.0
7,0.0,0.25,0.0,0.5718816202720215,47,2.8991264491719626,0.0
7,0.0,0.25,0.0,0.5718816202720215,48,2.9042068915202117,0.0
7,0.0,0.25,0.0,0.5718816202720215,49,3.3898438695443582,0.0
7,0.0,0.25,0.0,0.5718816202720215,50,3.390129672395747,0.0
7,0.0,0.25,0.0,0.5718816202720215,51,3.5405007621904288,0.0
7,0.0,0.25,0.0,0.5718816202720215,52,3.5408661207927583,0.0
7,0.0,0.25,0.0,0.5718816202720215,53,6.352102350045931,0.0
7,0.0,0.25,0.0,0.5718816202720215,54,6.352274548392444,0.0
7,0.0,0.25,0.0,0.5718816202720215,55,6.466232300948183,0.0
7,0.0,0.25,0.0,0.5718816202720215,56,6.466755695273309,0.0
7,0.0,0.25,0.0,0.5718816202720215,57,7.484549611183559,0.0
7,0.0,0.25,0.0,0.5718816202720215,58,7.48523186624635,0.0
7,0.0,0.25,0.0,0.5718816202720215,59,8.001191453488339,0.0
7,0.0,0.25,0.0,0.5718816202720215,60,8.003593950810583,0.0
7,0.0,0.25,0.0,0.5718816202720215,61,8.14405212468673,0.0
7,0.0,0.25,0.0,0.5718816202720215,62,8.144103641222912,0.0
7,0.0,0.25,0.0,0.5718816202720215,63,8.688613979637662,0.0
7,0.0,0.25,0.0,0.5718816202720215,64,8.696551464439796,0.0
8,0.0,0.2916666666666667,0.0,0.6671952236506917,1,-13.296793999134668,1.0
8,0.0,0.2916666666666667,0.0,0.6671952236506917,2,-13.296151292579559,1.0
8,0.0,0.2916666666666667,0.0,0.6671952236506917,3,-13.143959703273907,1.0
8,0.0,0.2916666666666667,0.0,0.6671952236506917,4,-13.142929487964746,1.0
8,0.0,0.2916666666666667,0.0,0.6671952236506917,5,-12.68761562079321,1.0
8,0.0,0.2916666666666667,0.0,0.6671952236506917,6,-12.687466623212377,1.0
8,0.0,0.2916666666666667,0.0,0.6671952236506917,7,-12.520463702019708,1.0
8,0.0,0.2916666666666667,0.0,0.6671952236506917,8,-12.520208586118763,1.0
8,0.0,0.2916666666666667,0.0,0.6671952236506917,9,-5.377915213289288,1.0
8,0.0,0.2916666666666667,0.0,0.6671952236506917,10,-5.377723511540774,1.0
8,0.0,0.2916666666666667,0.0,0.6671952236506917,11,-5.062574249394926,1.0
8,0.0,0.2916666666666667,0.0,0.6671952236506917,12,-5.06203650370408,1.0
8,0.0,0.2916666666666667,0.0,0.6671952236506917,13,-4.299982481619828,1.0
8,0.0,0.2916666666666667,0.0,0.6671952236506917,14,-4.295467642397095,1.0
8,0.0,0.2916666666666667,0.0,0.6671952236506917,15,-4.132905417304712,1.0
8,0.0,0.2916666666666667,0.0,0.6671952236506917,16,-4.123631126949677,1.0
8,0.0,0.2916666666666667,0.0,0.6671952236506917,17,-4.019446553208898,1.0
8,0.0,0.2916666666666667,0.0,0.6671952236506917,18,-4.018475196508973,1.0
8,0.0,0.2916666666666667,0.0,0.6671952236506917,19,-3.854703014078258,1.0
8,0.0,0.2916666666666667,0.0,0.6671952236506917,20,-3.8516375569864443,1.0
8,0.0,0.2916666666666667,0.0,0.6671952236506917,21,-2.7997484841745646,1.0
8,0.0,0.2916666666666667,0.0,0.6671952236506917,22,-2.799473667458378,1.0
8,0.0,0.2916666666666667,0.0,0.6671952236506917,23,-2.724662644310047,1.0
8,0.0,0.2916666666666667,0.0,0.6671952236506917,24,-2.7243265168600694,1.0
8,0.0,0.2916666666666667,0.0,0.6671952236506917,25,-1.9949426957428216,1.0
8,0.0,0.2916666666666667,0.0,0.6671952236506917,26,-1.993470668558758,1.0
8,0.0,0.2916666666666667,0.0,0.6671952236506917,27,-1.6685419917752622,1.0
8,0.0,0.2916666666666667,0.0,0.6671952236506917,28,-1.6664367862429512,1.0
8,0.0,0.2916666666666667,0.0,0.6671952236506917,29,-1.631811796433099,1.0
8,0.0,0.2916666666666667,0.0,0.6671952236506917,30,-1.6272713612861756,1.0
8,0.0,0.2916666666666667,0.0,0.6671952236506917,31,-1.5645214089281017,1.0
8,0.0,0.2916666666666667,0.0,0.6671952236506917,32,-1.5635306423940718,1.0
8,0.0,0.2916666666666667,0.0,0.6671952236506917,33,-1.2090238103284507,1.0
8,0.0,0.2916666666666667,0.0,0.6671952236506917,34,-1.2069488098220358,1.0
8,0.0,0.2916666666666667,0.0,0.6671952236506917,35,-1.1021392566801578,1.0
8,0.0,0.2916666666666667,0.0,0.6671952236506917,36,-1.0972447376198828,1.0
8,0.0,0.2916666666666667,0.0,0.6671952236506917,37,1.705850121759401,0.0
8,0.0,0.2916666666666667,0.0,0.6671952236506917,38,1.7096615915483677,0.0
8,0.0,0.2916666666666667,0.0,0.6671952236506917,39,1.9281456021250287,0.0
8,0.0,0.2916666666666667,0.0,0.6671952236506917,40,1.9299838949601726,0.0
8,0.0,0.2916666666666667,0.0,0.6671952236506917,41,2.0478324514479262,0.0
8,0.0,0.2916666666666667,0.0,0.6671952236506917,42,2.050333895168331,0.0
8,0.0,0.2916666666666667,0.0,0.6671952236506917,43,2.1139066502437203,0.0
8,0.0,0.2916666666666667,0.0,0.6671952236506917,44,2.1168067863599096,0.0
8,0.0,0.2916666666666667,0.0,0.6671952236506917,45,2.7843016638019376,0.0
8,0.0,0.2916666666666667,0.0,0.6671952236506917,46,2.7871340643011453,0.0
8,0.0,0.2916666666666667,0.0,0.6671952236506917,47,3.134299660515373,0.0
8,0.0,0.2916666666666667,0.0,0.6671952236506917,48,3.1367478408188023,0.0
8,0.0,0.2916666666666667,0.0,0.6671952236506917,49,3.527559965984658,0.0
8,0.0,0.2916666666666667,0.0,0.6671952236506917,50,3.5278086100770456,0.0
8,0.0,0.2916666666666667,0.0,0.6671952236506917,51,3.7002248246319343,0.0
8,0.0,0.2916666666666667,0.0,0.6671952236506917,52,3.7004949259516873,0.0
8,0.0,0.2916666666666667,0.0,0.6671952236506917,53,6.713167348137235,0.0
8,0.0,0.2916666666666667,0.0,0.6671952236506917,54,6.713602042979774,0.0
8,0.0,0.2916666666666667,0.0,0.6671952236506917,55,6.797580500842701,0.0
8,0.0,0.2916666666666667,0.0,0.6671952236506917,56,6.798711789008209,0.0
8,0.0,0.2916666666666667,0.0,0.6671952236506917,57,7.66598025198468,0.0
8,0.0,0.2916666666666667,0.0,0.6671952236506917,58,7.667630119295222,0.0
8,0.0,0.2916666666666667,0.0,0.6671952236506917,59,7.776981392220781,0.0
8,0.0,0.2916666666666667,0.0,0.6671952236506917,60,7.780232250124479,0.0
8,0.0,0.2916666666666667,0.0,0.6671952236506917,61,8.065355525180674,0.0
8,0.0,0.2916666666666667,0.0,0.6671952236506917,62,8.068905260015345,0.0
8,0.0,0.2916666666666667,0.0,0.6671952236506917,63,8.347977243259681,0.0
8,0.0,0.2916666666666667,0.0,0.6671952236506917,64,8.368002420621128,0.0
9,0.0,0.3333333333333333,0.0,0.7625088270293618,1,-13.051471352178556,1.0
9,0.0,0.3333333333333333,0.0,0.7625088270293618,2,-13.050684907468924,1.0
9,0.0,0.3333333333333333,0.0,0.7625088270293618,3,-12.90971388401709,1.0
9,0.0,0.3333333333333333,0.0,0.7625088270293618,4,-12.908429962132224,1.0
9,0.0,0.3333333333333333,0.0,0.7625088270293618,5,-12.558867030159607,1.0
9,0.0,0.3333333333333333,0.0,0.7625088270293618,6,-12.558681938703515,1.0
9,0.0,0.3333333333333333,0.0,0.7625088270293618,7,-12.413530091546185,1.0
9,0.0,0.3333333333333333,0.0,0.7625088270293618,8,-12.413204093581246,1.0
9,0.0,0.3333333333333333,0.0,0.7625088270293618,9,-5.49247613019563,1.0
9,0.0,0.3333333333333333,0.0,0.7625088270293618,10,-5.492176631150738,1.0
9,0.0,0.3333333333333333,0.0,0.7625088270293618,11,-5.287903042003785,1.0
9,0.0,0.3333333333333333,0.0,0.7625088270293618,12,-5.287424777087423,1.0
9,0.0,0.3333333333333333,0.0,0.7625088270293618,13,-4.550428108732925,1.0
9,0.0,0.3333333333333333,0.0,0.7625088270293618,14,-4.550008227155383,1.0
9,0.0,0.3333333333333333,0.0,0.7625088270293618,15,-4.346033898647178,1.0
9,0.0,0.3333333333333333,0.0,0.7625088270293618,16,-4.337110289891198,1.0
9,0.0,0.3333333333333333,0.0,0.7625088270293618,17,-4.168294199991392,1.0
9,0.0,0.3333333333333333,0.0,0.7625088270293618,18,-4.1513114941380636,1.0
9,0.0,0.3333333333333333,0.0,0.7625088270293618,19,-3.9630103812643322,1.0
9,0.0,0.3333333333333333,0.0,0.7625088270293618,20,-3.955120278173799,1.0
9,0.0,0.3333333333333333,0.0,0.7625088270293618,21,-2.9703759628448654,1.0
9,0.0,0.3333333333333333,0.0,0.7625088270293618,22,-2.9702010432706127,1.0
9,0.0,0.3333333333333333,0.0,0.7625088270293618,23,-2.8943295680648884,1.0
9,0.0,0.3333333333333333,0.0,0.7625088270293618,24,-2.8941014035978343,1.0
9,0.0,0.3333333333333333,0.0,0.7625088270293618,25,-2.140638819738562,1.0
9,0.0,0.3333333333333333,0.0,0.7625088270293618,26,-2.1392953278313573,1.0
9,0.0,0.3333333333333333,0.0,0.7625088270293618,27,-1.778979249057513,1.0
9,0.0,0.3333333333333333,0.0,0.7625088270293618,28,-1.7777774528853283,1.0
9,0.0,0.3333333333333333,0.0,0.7625088270293618,29,-1.4832579189694237,1.0
9,0.0,0.3333333333333333,0.0,0.7625088270293618,30,-1.4812212805589202,1.0
9,0.0,0.3333333333333333,0.0,0.7625088270293618,31,-1.3937447412910902,1.0
9,0.0,0.3333333333333333,0.0,0.7625088270293618,32,-1.3909244673360104,1.0
9,0.0,0.3333333333333333,0.0,0.7625088270293618,33,-1.2633325458254934,1.0
9,0.0,0.3333333333333333,0.0,0.7625088270293618,34,-1.2623354454784006,1.0
9,0.0,0.3333333333333333,0.0,0.7625088270293618,35,-1.1491450321785561,1.0
9,0.0,0.3333333333333333,0.0,0.7625088270293618,36,-1.1466672339725772,1.0
9,0.0,0.3333333333333333,0.0,0.7625088270293618,37,1.8264815520587225,0.0
9,0.0,0.3333333333333333,0.0,0.7625088270293618,38,1.8286667057805137,0.0
9,0.0,0.3333333333333333,0.0,0.7625088270293618,39,1.9033401927137166,0.0
9,0.0,0.3333333333333333,0.0,0.7625088270293618,40,1.9081934490632957,0.0
9,0.0,0.3333333333333333,0.0,0.7625088270293618,41,2.0099307646707145,0.0
9,0.0,0.3333333333333333,0.0,0.7625088270293618,42,2.012686216557558,0.0
9,0.0,0.3333333333333333,0.0,0.7625088270293618,43,2.2035327900436887,0.0
9,0.0,0.3333333333333333,0.0,0.7625088270293618,44,2.207353249745769,0.0
9,0.0,0.3333333333333333,0.0,0.7625088270293618,45,3.0141600616179844,0.0
9,0.0,0.3333333333333333,0.0,0.7625088270293618,46,3.014310122843242,0.0
9,0.0,0.3333333333333333,0.0,0.7625088270293618,47,3.3532919797418486,0.0
9,0.0,0.3333333333333333,0.0,0.7625088270293618,48,3.3538792003062965,0.0
9,0.0,0.3333333333333333,0.0,0.7625088270293618,49,3.633202161420748,0.0
9,0.0,0.3333333333333333,0.0,0.7625088270293618,50,3.6334812337632454,0.0
9,0.0,0.3333333333333333,0.0,0.7625088270293618,51,3.8267658088650216,0.0
9,0.0,0.3333333333333333,0.0,0.7625088270293618,52,3.8269747807555112,0.0
9,0.0,0.3333333333333333,0.0,0.7625088270293618,53,7.050961283266632,0.0
9,0.0,0.3333333333333333,0.0,0.7625088270293618,54,7.054201478903366,0.0
9,0.0,0.3333333333333333,0.0,0.7625088270293618,55,7.064091767871279,0.0
9,0.0,0.3333333333333333,0.0,0.7625088270293618,56,7.072666260604249,0.0
9,0.0,0.3333333333333333,0.0,0.7625088270293618,57,7.244856385281155,0.0
9,0.0,0.3333333333333333,0.0,0.7625088270293618,58,7.24748306656166,0.0
9,0.0,0.3333333333333333,0.0,0.7625088270293618,59,7.705857140410428,0.0
9,0.0,0.3333333333333333,0.0,0.7625088270293618,60,7.709780254238437,0.0
9,0.0,0.3333333333333333,0.0,0.7625088270293618,61,8.018291737358378,0.0
9,0.0,0.3333333333333333,0.0,0.7625088270293618,62,8.035387468204135,0.0
9,0.0,0.3333333333333333,0.0,0.7625088270293618,63,8.218728268763641,0.0
9,0.0,0.3333333333333333,0.0,0.7625088270293618,64,8.23187148531461,0.0
10,0.0,0.375,0.0,0.8578224304080322,1,-12.822492578542374,1.0
10,0.0,0.375,0.0,0.8578224304080322,2,-12.821572418424854,1.0
10,0.0,0.375,0.0,0.8578224304080322,3,-12.694823210866442,1.0
10,0.0,0.375,0.0,0.8578224304080322,4,-12.693290773395695,1.0
10,0.0,0.375,0.0,0.8578224304080322,5,-12.440911687089482,1.0
10,0.0,0.375,0.0,0.8578224304080322,6,-12.440724414161544,1.0
10,0.0,0.375,0.0,0.8578224304080322,7,-12.318286266543168,1.0
10,0.0,0.375,0.0,0.8578224304080322,8,-12.317851371912916,1.0
10,0.0,0.375,0.0,0.8578224304080322,9,-5.672871178866737,1.0
10,0.0,0.375,0.0,0.8578224304080322,10,-5.672576832112513,1.0
10,0.0,0.375,0.0,0.8578224304080322,11,-5.530755020322686,1.0
10,0.0,0.375,0.0,0.8578224304080322,12,-5.530366128953916,1.0
10,0.0,0.375,0.0,0.8578224304080322,13,-4.786771833662088,1.0
10,0.0,0.375,0.0,0.8578224304080322,14,-4.784751638937047,1.0
10,0.0,0.375,0.0,0.8578224304080322,15,-4.606105816133161,1.0
10,0.0,0.375,0.0,0.8578224304080322,16,-4.600089386026214,1.0
10,0.0,0.375,0.0,0.8578224304080322,17,-4.235643060879165,1.0
10,0.0,0.375,0.0,0.8578224304080322,18,-4.225712695973246,1.0
10,0.0,0.375,0.0,0.8578224304080322,19,-4.02009888884728,1.0
10,0.0,0.375,0.0,0.8578224304080322,20,-4.01466684584529,1.0
10,0.0,0.375,0.0,0.8578224304080322,21,-3.1082487344747944,1.0
10,0.0,0.375,0.0,0.8578224304080322,22,-3.1081312704598822,1.0
10,0.0,0.375,0.0,0.8578224304080322,23,-3.0314631746670413,1.0
10,0.0,0.375,0.0,0.8578224304080322,24,-3.031295442776833,1.0
10,0.0,0.375,0.0,0.8578224304080322,25,-2.25209923959276,1.0
10,0.0,0.375,0.0,0.8578224304080322,26,-2.2508285197472127,1.0
10,0.0,0.375,0.0,0.8578224304080322,27,-1.9051197121461894,1.0
10,0.0,0.375,0.0,0.8578224304080322,28,-1.9047137971086363,1.0
10,0.0,0.375,0.0,0.8578224304080322,29,-1.3395602159379936,1.0
10,0.0,0.375,0.0,0.8578224304080322,30,-1.336292286781686,1.0
10,0.0,0.375,0.0,0.8578224304080322,31,-1.258031600661545,1.0
10,0.0,0.375,0.0,0.8578224304080322,32,-1.2549215389072044,1.0
10,0.0,0.375,0.0,0.8578224304080322,33,-1.1943094865093224,1.0
10,0.0,0.375,0.0,0.8578224304080322,34,-1.1925298613634092,1.0
10,0.0,0.375,0.0,0.8578224304080322,35,-1.0848071735611675,1.0
10,0.0,0.375,0.0,0.8578224304080322,36,-1.0844589243202145,1.0
10,0.0,0.375,0.0,0.8578224304080322,37,1.9006835635872934,0.0
10,0.0,0.375,0.0,0.8578224304080322,38,1.9019872445257582,0.0
10,0.0,0.375,0.0,0.8578224304080322,39,1.9712685005120993,0.0
10,0.0,0.375,0.0,0.8578224304080322,40,1.9779739245241197,0.0
10,0.0,0.375,0.0,0.8578224304080322,41,2.044734636462664,0.0
10,0.0,0.375,0.0,0.8578224304080322,42,2.045180379475534,0.0
10,0.0,0.375,0.0,0.8578224304080322,43,2.3174587694192894,0.0
10,0.0,0.375,0.0,0.8578224304080322,44,2.32152343976371,0.0
10,0.0,0.375,0.0,0.8578224304080322,45,3.2167758971997813,0.0
10,0.0,0.375,0.0,0.8578224304080322,46,3.219507430220345,0.0
10,0.0,0.375,0.0,0.8578224304080322,47,3.528257828672931,0.0
10,0.0,0.375,0.0,0.8578224304080322,48,3.5325385043015265,0.0
10,0.0,0.375,0.0,0.8578224304080322,49,3.709074876169371,0.0
10,0.0,0.375,0.0,0.8578224304080322,50,3.709438120500155,0.0
10,0.0,0.375,0.0,0.8578224304080322,51,3.920254538572552,0.0
10,0.0,0.375,0.0,0.8578224304080322,52,3.9204049041530515,0.0
10,0.0,0.375,0.0,0.8578224304080322,53,6.685035168639607,0.0
10,0.0,0.375,0.0,0.8578224304080322,54,6.688745711634339,0.0
10,0.0,0.375,0.0,0.8578224304080322,55,7.034100499517057,0.0
10,0.0,0.375,0.0,0.8578224304080322,56,7.040821894132383,0.0
10,0.0,0.375,0.0,0.8578224304080322,57,7.330769975434107,0.0
10,0.0,0.375,0.0,0.8578224304080322,58,7.345570927634736,0.0
10,0.0,0.375,0.0,0.8578224304080322,59,7.655862981109928,0.0
10,0.0,0.375,0.0,0.8578224304080322,60,7.658174007319438,0.0
10,0.0,0.375,0.0,0.8578224304080322,61,7.850689659648446,0.0
10,0.0,0.375,0.0,0.8578224304080322,62,7.855135671149097,0.0
10,0.0,0.375,0.0,0.8578224304080322,63,8.057377990619628,0.0
10,0.0,0.375,0.0,0.8578224304080322,64,8.07104740367383,0.0
11,0.0,0.4166666666666667,0.0,0.9531360337867025,1,-12.63155956701041,1.0
11,0.0,0.4166666666666667,0.0,0.9531360337867025,2,-12.630604731782839,1.0
11,0.0,0.4166666666666667,0.0,0.9531360337867025,3,-12.519959700233944,1.0
11,0.0,0.4166666666666667,0.0,0.9531360337867025,4,-12.518353630217579,1.0
11,0.0,0.4166666666666667,0.0,0.9531360337867025,5,-12.344951618311413,1.0
11,0.0,0.4166666666666667,0.0,0.9531360337867025,6,-12.344862963829542,1.0
11,0.0,0.4166666666666667,0.0,0.9531360337867025,7,-12.243540736070198,1.0
11,0.0,0.4166666666666667,0.0,0.9531360337867025,8,-12.242972063194863,1.0
11,0.0,0.4166666666666667,0.0,0.9531360337867025,9,-5.851056204496462,1.0
11,0.0,0.4166666666666667,0.0,0.9531360337867025,10,-5.850825009498726,1.0
11,0.0,0.4166666666666667,0.0,0.9531360337867025,11,-5.736655020513144,1.0
11,0.0,0.4166666666666667,0.0,0.9531360337867025,12,-5.736360658605966,1.0
11,0.0,0.4166666666666667,0.0,0.9531360337867025,13,-4.977170781972324,1.0
11,0.0,0.4166666666666667,0.0,0.9531360337867025,14,-4.97511526334252,1.0
11,0.0,0.4166666666666667,0.0,0.9531360337867025,15,-4.817620340352946,1.0
11,0.0,0.4166666666666667,0.0,0.9531360337867025,16,-4.813680271842953,1.0
11,0.0,0.4166666666666667,0.0,0.9531360337867025,17,-4.295549983800402,1.0
11,0.0,0.4166666666666667,0.0,0.9531360337867025,18,-4.290152641684575,1.0
11,0.0,0.4166666666666667,0.0,0.9531360337867025,19,-4.084042941065142,1.0
11,0.0,0.4166666666666667,0.0,0.9531360337867025,20,-4.080920538148966,1.0
11,0.0,0.4166666666666667,0.0,0.9531360337867025,21,-3.209301993188605,1.0
11,0.0,0.4166666666666667,0.0,0.9531360337867025,22,-3.209226230485984,1.0
11,0.0,0.4166666666666667,0.0,0.9531360337867025,23,-3.1319903097781854,1.0
11,0.0,0.4166666666666667,0.0,0.9531360337867025,24,-3.1318738133537902,1.0
11,0.0,0.4166666666666667,0.0,0.9531360337867025,25,-2.326478047214425,1.0
11,0.0,0.4166666666666667,0.0,0.9531360337867025,26,-2.325468280822734,1.0
11,0.0,0.4166666666666667,0.0,0.9531360337867025,27,-1.995328925296658,1.0
11,0.0,0.4166666666666667,0.0,0.9531360337867025,28,-1.9952809639285543,1.0
11,0.0,0.4166666666666667,0.0,0.9531360337867025,29,-1.2321423568133476,1.0
11,0.0,0.4166666666666667,0.0,0.9531360337867025,30,-1.22939811610416,1.0
11,0.0,0.4166666666666667,0.0,0.9531360337867025,31,-1.1432118544907734,1.0
11,0.0,0.4166666666666667,0.0,0.9531360337867025,32,-1.1409251084609873,1.0
11,0.0,0.4166666666666667,0.0,0.9531360337867025,33,-1.078137235300692,1.0
11,0.0,0.4166666666666667,0.0,0.9531360337867025,34,-1.076091573369953,1.0
11,0.0,0.4166666666666667,0.0,0.9531360337867025,35,-0.9702913356483085,1.0
11,0.0,0.4166666666666667,0.0,0.9531360337867025,36,-0.9692647918383108,1.0
11,0.0,0.4166666666666667,0.0,0.9531360337867025,37,1.9377364490337292,0.0
11,0.0,0.4166666666666667,0.0,0.9531360337867025,38,1.9378343160622926,0.0
11,0.0,0.4166666666666667,0.0,0.9531360337867025,39,2.011696156904206,0.0
11,0.0,0.4166666666666667,0.0,0.9531360337867025,40,2.0125952112504084,0.0
11,0.0,0.4166666666666667,0.0,0.9531360337867025,41,2.206668195607125,0.0
11,0.0,0.4166666666666667,0.0,0.9531360337867025,42,2.2112100153162153,0.0
11,0.0,0.4166666666666667,0.0,0.9531360337867025,43,2.4324910029982387,0.0
11,0.0,0.4166666666666667,0.0,0.9531360337867025,44,2.436672669887675,0.0
11,0.0,0.4166666666666667,0.0,0.9531360337867025,45,3.368872054966902,0.0
11,0.0,0.4166666666666667,0.0,0.9531360337867025,46,3.3742460233358127,0.0
11,0.0,0.4166666666666667,0.0,0.9531360337867025,47,3.6483566960825122,0.0
11,0.0,0.4166666666666667,0.0,0.9531360337867025,48,3.655868701230613,0.0
11,0.0,0.4166666666666667,0.0,0.9531360337867025,49,3.759874482139871,0.0
11,0.0,0.4166666666666667,0.0,0.9531360337867025,50,3.760413220708389,0.0
11,0.0,0.4166666666666667,0.0,0.9531360337867025,51,3.9833854118800227,0.0
11,0.0,0.4166666666666667,0.0,0.9531360337867025,52,3.9834708928883646,0.0
11,0.0,0.4166666666666667,0.0,0.9531360337867025,53,6.223651809967031,0.0
11,0.0,0.4166666666666667,0.0,0.9531360337867025,54,6.227186639620085,0.0
11,0.0,0.4166666666666667,0.0,0.9531360337867025,55,6.636250873542037,0.0
11,0.0,0.4166666666666667,0.0,0.9531360337867025,56,6.637035227894666,0.0
11,0.0,0.4166666666666667,0.0,0.9531360337867025,57,7.433490656689619,0.0
11,0.0,0.4166666666666667,0.0,0.9531360337867025,58,7.469581660591713,0.0
11,0.0,0.4166666666666667,0.0,0.9531360337867025,59,7.693438345509602,0.0
11,0.0,0.4166666666666667,0.0,0.9531360337867025,60,7.702673501706455,0.0
11,0.0,0.4166666666666667,0.0,0.9531360337867025,61,7.774402945705621,0.0
11,0.0,0.4166666666666667,0.0,0.9531360337867025,62,7.809483829842215,0.0
11,0.0,0.4166666666666667,0.0,0.9531360337867025,63,8.121952441126922,0.0
11,0.0,0.4166666666666667,0.0,0.9531360337867025,64,8.13753352234938,0.0
12,0.0,0.4583333333333333,0.0,1.0484496371653726,1,-12.502226991403077,1.0
12,0.0,0.4583333333333333,0.0,1.0484496371653726,2,-12.501538487542582,1.0
12,0.0,0.4583333333333333,0.0,1.0484496371653726,3,-12.405019516333251,1.0
12,0.0,0.4583333333333333,0.0,1.0484496371653726,4,-12.403885507228878,1.0
12,0.0,0.4583333333333333,0.0,1.0484496371653726,5,-12.282243157130992,1.0
12,0.0,0.4583333333333333,0.0,1.0484496371653726,6,-12.282158756025051,1.0
12,0.0,0.4583333333333333,0.0,1.0484496371653726,7,-12.196139199678196,1.0
12,0.0,0.4583333333333333,0.0,1.0484496371653726,8,-12.1956065082313,1.0
12,0.0,0.4583333333333333,0.0,1.0484496371653726,9,-5.9784345636850045,1.0
12,0.0,0.4583333333333333,0.0,1.0484496371653726,10,-5.978306846341244,1.0
12,0.0,0.4583333333333333,0.0,1.0484496371653726,11,-5.873243754296518,1.0
12,0.0,0.4583333333333333,0.0,1.0484496371653726,12,-5.873081435690108,1.0
12,0.0,0.4583333333333333,0.0,1.0484496371653726,13,-5.10029237046178,1.0
12,0.0,0.4583333333333333,0.0,1.0484496371653726,14,-5.099056901356621,1.0
12,0.0,0.4583333333333333,0.0,1.0484496371653726,15,-4.952518787086096,1.0
12,0.0,0.4583333333333333,0.0,1.0484496371653726,16,-4.950507431796993,1.0
12,0.0,0.4583333333333333,0.0,1.0484496371653726,17,-4.34288029269232,1.0
12,0.0,0.4583333333333333,0.0,1.0484496371653726,18,-4.340508367313109,1.0
12,0.0,0.4583333333333333,0.0,1.0484496371653726,19,-4.136206767181134,1.0
12,0.0,0.4583333333333333,0.0,1.0484496371653726,20,-4.134824416593307,1.0
12,0.0,0.4583333333333333,0.0,1.0484496371653726,21,-3.270893931030316,1.0
12,0.0,0.4583333333333333,0.0,1.0484496371653726,22,-3.2708561028933483,1.0
12,0.0,0.4583333333333333,0.0,1.0484496371653726,23,-3.1932622071094947,1.0
12,0.0,0.4583333333333333,0.0,1.0484496371653726,24,-3.1932018036258194,1.0
12,0.0,0.4583333333333333,0.0,1.0484496371653726,25,-2.367693886976676,1.0
12,0.0,0.4583333333333333,0.0,1.0484496371653726,26,-2.3671357820706502,1.0
12,0.0,0.4583333333333333,0.0,1.0484496371653726,27,-2.049328992029352,1.0
12,0.0,0.4583333333333333,0.0,1.0484496371653726,28,-2.049206313739713,1.0
12,0.0,0.4583333333333333,0.0,1.0484496371653726,29,-1.1667710497432902,1.0
12,0.0,0.4583333333333333,0.0,1.0484496371653726,30,-1.1656187621834129,1.0
12,0.0,0.4583333333333333,0.0,1.0484496371653726,31,-1.0543257814201654,1.0
12,0.0,0.4583333333333333,0.0,1.0484496371653726,32,-1.053345582867848,1.0
12,0.0,0.4583333333333333,0.0,1.0484496371653726,33,-0.9785929678106419,1.0
12,0.0,0.4583333333333333,0.0,1.0484496371653726,34,-0.9776799430249677,1.0
12,0.0,0.4583333333333333,0.0,1.0484496371653726,35,-0.8733509345897849,1.0
12,0.0,0.4583333333333333,0.0,1.0484496371653726,36,-0.8727940477905197,1.0
12,0.0,0.4583333333333333,0.0,1.0484496371653726,37,1.971822586375523,0.0
12,0.0,0.4583333333333333,0.0,1.0484496371653726,38,1.9719315183726827,0.0
12,0.0,0.4583333333333333,0.0,1.0484496371653726,39,2.0404013971347403,0.0
12,0.0,0.4583333333333333,0.0,1.0484496371653726,40,2.040527931576838,0.0
12,0.0,0.4583333333333333,0.0,1.0484496371653726,41,2.36095316518907,0.0
12,0.0,0.4583333333333333,0.0,1.0484496371653726,42,2.3652252246461565,0.0
12,0.0,0.4583333333333333,0.0,1.0484496371653726,43,2.51831389399341,0.0
12,0.0,0.4583333333333333,0.0,1.0484496371653726,44,2.5219465012990074,0.0
12,0.0,0.4583333333333333,0.0,1.0484496371653726,45,3.4597732531347036,0.0
12,0.0,0.4583333333333333,0.0,1.0484496371653726,46,3.4648891917099567,0.0
12,0.0,0.4583333333333333,0.0,1.0484496371653726,47,3.714688298201345,0.0
12,0.0,0.4583333333333333,0.0,1.0484496371653726,48,3.7212485489592586,0.0
12,0.0,0.4583333333333333,0.0,1.0484496371653726,49,3.790047755260476,0.0
12,0.0,0.4583333333333333,0.0,1.0484496371653726,50,3.7907819080859406,0.0
12,0.0,0.4583333333333333,0.0,1.0484496371653726,51,4.019541877404196,0.0
12,0.0,0.4583333333333333,0.0,1.0484496371653726,52,4.019576023804521,0.0
12,0.0,0.4583333333333333,0.0,1.0484496371653726,53,5.897686216397022,0.0
12,0.0,0.4583333333333333,0.0,1.0484496371653726,54,5.9005090584278514,0.0
12,0.0,0.4583333333333333,0.0,1.0484496371653726,55,6.284869731543352,0.0
12,0.0,0.4583333333333333,0.0,1.0484496371653726,56,6.286944834956173,0.0
12,0.0,0.4583333333333333,0.0,1.0484496371653726,57,7.4304415887639195,0.0
12,0.0,0.4583333333333333,0.0,1.0484496371653726,58,7.457802141782127,0.0
12,0.0,0.4583333333333333,0.0,1.0484496371653726,59,7.69911749223773,0.0
12,0.0,0.4583333333333333,0.0,1.0484496371653726,60,7.714810028386354,0.0
12,0.0,0.4583333333333333,0.0,1.0484496371653726,61,7.841962247666228,0.0
12,0.0,0.4583333333333333,0.0,1.0484496371653726,62,7.866909927466978,0.0
12,0.0,0.4583333333333333,0.0,1.0484496371653726,63,8.237234976877573,0.0
12,0.0,0.4583333333333333,0.0,1.0484496371653726,64,8.25940756579297,0.0
13,0.0,0.5,0.0,1.143763240544043,1,-12.455626821314633,1.0
13,0.0,0.5,0.0,1.143763240544043,2,-12.455626820455919,1.0
13,0.0,0.5,0.0,1.143763240544043,3,-12.364451785796053,1.0
13,0.0,0.5,0.0,1.143763240544043,4,-12.364451785527706,1.0
13,0.0,0.5,0.0,1.143763240544043,5,-12.260592161446134,1.0
13,0.0,0.5,0.0,1.143763240544043,6,-12.260592161016778,1.0
13,0.0,0.5,0.0,1.143763240544043,7,-12.179685647000618,1.0
13,0.0,0.5,0.0,1.143763240544043,8,-12.17968564662493,1.0
13,0.0,0.5,0.0,1.143763240544043,9,-6.024443722115036,1.0
13,0.0,0.5,0.0,1.143763240544043,10,-6.02444372173935,1.0
13,0.0,0.5,0.0,1.143763240544043,11,-5.921023462360152,1.0
13,0.0,0.5,0.0,1.143763240544043,12,-5.921023461018412,1.0
13,0.0,0.5,0.0,1.143763240544043,13,-5.142472612735006,1.0
13,0.0,0.5,0.0,1.143763240544043,14,-5.1424726125739975,1.0
13,0.0,0.5,0.0,1.143763240544043,15,-4.998139307902585,1.0
13,0.0,0.5,0.0,1.143763240544043,16,-4.998139306131489,1.0
13,0.0,0.5,0.0,1.143763240544043,17,-4.360291767667366,1.0
13,0.0,0.5,0.0,1.143763240544043,18,-4.360291767023332,1.0
13,0.0,0.5,0.0,1.143763240544043,19,-4.155742543005302,1.0
13,0.0,0.5,0.0,1.143763240544043,20,-4.155742542414937,1.0
13,0.0,0.5,0.0,1.143763240544043,21,-3.2915785563247817,1.0
13,0.0,0.5,0.0,1.143763240544043,22,-3.291578551923876,1.0
13,0.0,0.5,0.0,1.143763240544043,23,-3.213829370969002,1.0
13,0.0,0.5,0.0,1.143763240544043,24,-3.2138293695199236,1.0
13,0.0,0.5,0.0,1.143763240544043,25,-2.3805657137041774,1.0
13,0.0,0.5,0.0,1.143763240544043,26,-2.380565711342716,1.0
13,0.0,0.5,0.0,1.143763240544043,27,-2.0672133550895984,1.0
13,0.0,0.5,0.0,1.143763240544043,28,-2.0672133536405206,1.0
13,0.0,0.5,0.0,1.143763240544043,29,-1.1452101967176784,1.0
13,0.0,0.5,0.0,1.143763240544043,30,-1.1452101928534688,1.0
13,0.0,0.5,0.0,1.143763240544043,31,-1.0250271728659437,1.0
13,0.0,0.5,0.0,1.143763240544043,32,-1.0250271706118217,1.0
13,0.0,0.5,0.0,1.143763240544043,33,-0.9327960484536497,1.0
13,0.0,0.5,0.0,1.143763240544043,34,-0.9327960406178917,1.0
13,0.0,0.5,0.0,1.143763240544043,35,-0.8378415836798168,1.0
13,0.0,0.5,0.0,1.143763240544043,36,-0.8378415786348763,1.0
13,0.0,0.5,0.0,1.143763240544043,37,1.9857542704578177,0.0
13,0.0,0.5,0.0,1.143763240544043,38,1.9857542714238703,0.0
13,0.0,0.5,0.0,1.143763240544043,39,2.05252687705881,0.0
13,0.0,0.5,0.0,1.143763240544043,40,2.052526877756514,0.0
13,0.0,0.5,0.0,1.143763240544043,41,2.430644771898531,0.0
13,0.0,0.5,0.0,1.143763240544043,42,2.4306447786072276,0.0
13,0.0,0.5,0.0,1.143763240544043,43,2.5485416938634717,0.0
13,0.0,0.5,0.0,1.143763240544043,44,2.548541697298324,0.0
13,0.0,0.5,0.0,1.143763240544043,45,3.4915245656128384,0.0
13,0.0,0.5,0.0,1.143763240544043,46,3.4915245676522826,0.0
13,0.0,0.5,0.0,1.143763240544043,47,3.737622913383544,0.0
13,0.0,0.5,0.0,1.143763240544043,48,3.737622913705562,0.0
13,0.0,0.5,0.0,1.143763240544043,49,3.8007989848933654,0.0
13,0.0,0.5,0.0,1.143763240544043,50,3.8007989854837305,0.0
13,0.0,0.5,0.0,1.143763240544043,51,4.031286349994344,0.0
13,0.0,0.5,0.0,1.143763240544043,52,4.031286353429198,0.0
13,0.0,0.5,0.0,1.143763240544043,53,5.781466825935142,0.0
13,0.0,0.5,0.0,1.143763240544043,54,5.781466826525506,0.0
13,0.0,0.5,0.0,1.143763240544043,55,6.149027489312039,0.0
13,0.0,0.5,0.0,1.143763240544043,56,6.149027495269363,0.0
13,0.0,0.5,0.0,1.143763240544043,57,7.426909281946053,0.0
13,0.0,0.5,0.0,1.143763240544043,58,7.426909287903376,0.0
13,0.0,0.5,0.0,1.143763240544043,59,7.7445738241437905,0.0
13,0.0,0.5,0.0,1.143763240544043,60,7.74457415276261,0.0
13,0.0,0.5,0.0,1.143763240544043,61,7.868320307224222,0.0
13,0.0,0.5,0.0,1.143763240544043,62,7.868321438793579,0.0
13,0.0,0.5,0.0,1.143763240544043,63,8.280398910557784,0.0
13,0.0,0.5,0.0,1.143763240544043,64,8.280567199244244,0.0
14,0.0277777777777778,0.5138888888888888,0.0,1.1987925751121515,1,-12.453599902928273,1.0
14,0.0277777777777778,0.5138888888888888,0.0,1.1987925751121515,2,-12.449927921081999,1.0
14,0.0277777777777778,0.5138888888888888,0.0,1.1987925751121515,3,-12.362762571363307,1.0
14,0.0277777777777778,0.5138888888888888,0.0,1.1987925751121515,4,-12.358939416441293,1.0
14,0.0277777777777778,0.5138888888888888,0.0,1.1987925751121515,5,-12.258182774842298,1.0
14,0.0277777777777778,0.5138888888888888,0.0,1.1987925751121515,6,-12.25745491502792,1.0
14,0.0277777777777778,0.5138888888888888,0.0,1.1987925751121515,7,-12.177419430042246,1.0
14,0.0277777777777778,0.5138888888888888,0.0,1.1987925751121515,8,-12.176924293452286,1.0
14,0.0277777777777778,0.5138888888888888,0.0,1.1987925751121515,9,-6.014766103549395,1.0
14,0.0277777777777778,0.5138888888888888,0.0,1.1987925751121515,10,-6.011874125542789,1.0
14,0.0277777777777778,0.5138888888888888,0.0,1.1987925751121515,11,-5.911380510598603,1.0
14,0.0277777777777778,0.5138888888888888,0.0,1.1987925751121515,12,-5.908368277915875,1.0
14,0.0277777777777778,0.5138888888888888,0.0,1.1987925751121515,13,-5.147063614248291,1.0
14,0.0277777777777778,0.5138888888888888,0.0,1.1987925751121515,14,-5.145718639427029,1.0
14,0.0277777777777778,0.5138888888888888,0.0,1.1987925751121515,15,-5.005562360965428,1.0
14,0.0277777777777778,0.5138888888888888,0.0,1.1987925751121515,16,-5.003925833610893,1.0
14,0.0277777777777778,0.5138888888888888,0.0,1.1987925751121515,17,-4.357444803541002,1.0
14,0.0277777777777778,0.5138888888888888,0.0,1.1987925751121515,18,-4.355762212502746,1.0
14,0.0277777777777778,0.5138888888888888,0.0,1.1987925751121515,19,-4.152643983040344,1.0
14,0.0277777777777778,0.5138888888888888,0.0,1.1987925751121515,20,-4.151243066493679,1.0
14,0.0277777777777778,0.5138888888888888,0.0,1.1987925751121515,21,-3.300156341186735,1.0
14,0.0277777777777778,0.5138888888888888,0.0,1.1987925751121515,22,-3.29746458727048,1.0
14,0.0277777777777778,0.5138888888888888,0.0,1.1987925751121515,23,-3.2238697569747954,1.0
14,0.0277777777777778,0.5138888888888888,0.0,1.1987925751121515,24,-3.2224563385037372,1.0
14,0.0277777777777778,0.5138888888888888,0.0,1.1987925751121515,25,-2.3760892053626046,1.0
14,0.0277777777777778,0.5138888888888888,0.0,1.1987925751121515,26,-2.3701953214209466,1.0
14,0.0277777777777778,0.5138888888888888,0.0,1.1987925751121515,27,-2.068003917442841,1.0
14,0.0277777777777778,0.5138888888888888,0.0,1.1987925751121515,28,-2.065631908046891,1.0
14,0.0277777777777778,0.5138888888888888,0.0,1.1987925751121515,29,-1.2750299884409588,1.0
14,0.0277777777777778,0.5138888888888888,0.0,1.1987925751121515,30,-1.219773633383824,1.0
14,0.0277777777777778,0.5138888888888888,0.0,1.1987925751121515,31,-1.1729486271562708,1.0
14,0.0277777777777778,0.5138888888888888,0.0,1.1987925751121515,32,-1.1040832604007482,1.0
14,0.0277777777777778,0.5138888888888888,0.0,1.1987925751121515,33,-0.8991780123605838,1.0
14,0.0277777777777778,0.5138888888888888,0.0,1.1987925751121515,34,-0.8199495505916898,1.0
14,0.0277777777777778,0.5138888888888888,0.0,1.1987925751121515,35,-0.808711295041392,1.0
14,0.0277777777777778,0.5138888888888888,0.0,1.1987925751121515,36,-0.7397260622572773,1.0
14,0.0277777777777778,0.5138888888888888,0.0,1.1987925751121515,37,1.982226123277441,0.0
14,0.0277777777777778,0.5138888888888888,0.0,1.1987925751121515,38,1.9975477466342189,0.0
14,0.0277777777777778,0.5138888888888888,0.0,1.1987925751121515,39,2.0450466539824,0.0
14,0.0277777777777778,0.5138888888888888,0.0,1.1987925751121515,40,2.0614354066581555,0.0
14,0.0277777777777778,0.5138888888888888,0.0,1.1987925751121515,41,2.417914248598313,0.0
14,0.0277777777777778,0.5138888888888888,0.0,1.1987925751121515,42,2.4547851430668146,0.0
14,0.0277777777777778,0.5138888888888888,0.0,1.1987925751121515,43,2.5351425870184983,0.0
14,0.0277777777777778,0.5138888888888888,0.0,1.1987925751121515,44,2.5708147319533596,0.0
14,0.0277777777777778,0.5138888888888888,0.0,1.1987925751121515,45,3.4998745902790036,0.0
14,0.0277777777777778,0.5138888888888888,0.0,1.1987925751121515,46,3.5126911648290635,0.0
14,0.0277777777777778,0.5138888888888888,0.0,1.1987925751121515,47,3.713358402613479,0.0
14,0.0277777777777778,0.5138888888888888,0.0,1.1987925751121515,48,3.7537248673872483,0.0
14,0.0277777777777778,0.5138888888888888,0.0,1.1987925751121515,49,3.765315073176949,0.0
14,0.0277777777777778,0.5138888888888888,0.0,1.1987925751121515,50,3.8029426352035713,0.0
14,0.0277777777777778,0.5138888888888888,0.0,1.1987925751121515,51,3.991782595142885,0.0
14,0.0277777777777778,0.5138888888888888,0.0,1.1987925751121515,52,4.00109544828921,0.0
14,0.0277777777777778,0.5138888888888888,0.0,1.1987925751121515,53,5.792026225933784,0.0
14,0.0277777777777778,0.5138888888888888,0.0,1.1987925751121515,54,5.795544906041412,0.0
14,0.0277777777777778,0.5138888888888888,0.0,1.1987925751121515,55,6.162510328228221,0.0
14,0.0277777777777778,0.5138888888888888,0.0,1.1987925751121515,56,6.168700231971096,0.0
14,0.0277777777777778,0.5138888888888888,0.0,1.1987925751121515,57,7.486607963361035,0.0
14,0.0277777777777778,0.5138888888888888,0.0,1.1987925751121515,58,7.490759424021308,0.0
14,0.0277777777777778,0.5138888888888888,0.0,1.1987925751121515,59,7.800154450243456,0.0
14,0.0277777777777778,0.5138888888888888,0.0,1.1987925751121515,60,7.806795897479212,0.0
14,0.0277777777777778,0.5138888888888888,0.0,1.1987925751121515,61,7.903875515733713,0.0
14,0.0277777777777778,0.5138888888888888,0.0,1.1987925751121515,62,7.911236935491116,0.0
14,0.0277777777777778,0.5138888888888888,0.0,1.1987925751121515,63,8.311106001439681,0.0
14,0.0277777777777778,0.5138888888888888,0.0,1.1987925751121515,64,8.315941244884668,0.0
15,0.0555555555555556,0.5277777777777778,0.0,1.25382190968026,1,-12.443965149536893,1.0
15,0.0555555555555556,0.5277777777777778,0.0,1.25382190968026,2,-12.436668175114903,1.0
15,0.0555555555555556,0.5277777777777778,0.0,1.25382190968026,3,-12.35397862394429,1.0
15,0.0555555555555556,0.5277777777777778,0.0,1.25382190968026,4,-12.346391762919541,1.0
15,0.0555555555555556,0.5277777777777778,0.0,1.25382190968026,5,-12.250350181078794,1.0
15,0.0555555555555556,0.5277777777777778,0.0,1.25382190968026,6,-12.248895159702272,1.0
15,0.0555555555555556,0.5277777777777778,0.0,1.25382190968026,7,-12.170254748732845,1.0
15,0.0555555555555556,0.5277777777777778,0.0,1.25382190968026,8,-12.169271133931137,1.0
15,0.0555555555555556,0.5277777777777778,0.0,1.25382190968026,9,-5.983020185309618,1.0
15,0.0555555555555556,0.5277777777777778,0.0,1.25382190968026,10,-5.977250105814589,1.0
15,0.0555555555555556,0.5277777777777778,0.0,1.25382190968026,11,-5.879599684241601,1.0
15,0.0555555555555556,0.5277777777777778,0.0,1.25382190968026,12,-5.873584783638297,1.0
15,0.0555555555555556,0.5277777777777778,0.0,1.25382190968026,13,-5.159865536710999,1.0
15,0.0555555555555556,0.5277777777777778,0.0,1.25382190968026,14,-5.157178213927965,1.0
15,0.0555555555555556,0.5277777777777778,0.0,1.25382190968026,15,-5.026206671898018,1.0
15,0.0555555555555556,0.5277777777777778,0.0,1.25382190968026,16,-5.023002402708496,1.0
15,0.0555555555555556,0.5277777777777778,0.0,1.25382190968026,17,-4.347438624973234,1.0
15,0.0555555555555556,0.5277777777777778,0.0,1.25382190968026,18,-4.344135429598898,1.0
15,0.0555555555555556,0.5277777777777778,0.0,1.25382190968026,19,-4.14218583766371,1.0
15,0.0555555555555556,0.5277777777777778,0.0,1.25382190968026,20,-4.139440202992851,1.0
15,0.0555555555555556,0.5277777777777778,0.0,1.25382190968026,21,-3.3215598040333294,1.0
15,0.0555555555555556,0.5277777777777778,0.0,1.25382190968026,22,-3.3167037143750084,1.0
15,0.0555555555555556,0.5277777777777778,0.0,1.25382190968026,23,-3.2485326062757895,1.0
15,0.0555555555555556,0.5277777777777778,0.0,1.25382190968026,24,-3.244538800509485,1.0
15,0.0555555555555556,0.5277777777777778,0.0,1.25382190968026,25,-2.3595739222827303,1.0
15,0.0555555555555556,0.5277777777777778,0.0,1.25382190968026,26,-2.3487252766560607,1.0
15,0.0555555555555556,0.5277777777777778,0.0,1.25382190968026,27,-2.0693663660037744,1.0
15,0.0555555555555556,0.5277777777777778,0.0,1.25382190968026,28,-2.0647791718779622,1.0
15,0.0555555555555556,0.5277777777777778,0.0,1.25382190968026,29,-1.48825223738785,1.0
15,0.0555555555555556,0.5277777777777778,0.0,1.25382190968026,30,-1.4282003944331594,1.0
15,0.0555555555555556,0.5277777777777778,0.0,1.25382190968026,31,-1.3743645063085563,1.0
15,0.0555555555555556,0.5277777777777778,0.0,1.25382190968026,32,-1.3081735533659344,1.0
15,0.0555555555555556,0.5277777777777778,0.0,1.25382190968026,33,-0.8118499328061739,1.0
15,0.0555555555555556,0.5277777777777778,0.0,1.25382190968026,34,-0.7235034572511143,1.0
15,0.0555555555555556,0.5277777777777778,0.0,1.25382190968026,35,-0.7226842656216892,1.0
15,0.0555555555555556,0.5277777777777778,0.0,1.25382190968026,36,-0.6380421693426631,1.0
15,0.0555555555555556,0.5277777777777778,0.0,1.25382190968026,37,1.9826042858374295,0.0
15,0.0555555555555556,0.5277777777777778,0.0,1.25382190968026,38,2.013564082805142,0.0
15,0.0555555555555556,0.5277777777777778,0.0,1.25382190968026,39,2.038642222703478,0.0
15,0.0555555555555556,0.5277777777777778,0.0,1.25382190968026,40,2.0699332032487012,0.0
15,0.0555555555555556,0.5277777777777778,0.0,1.25382190968026,41,2.4184699484352334,0.0
15,0.0555555555555556,0.5277777777777778,0.0,1.25382190968026,42,2.4900571006202643,0.0
15,0.0555555555555556,0.5277777777777778,0.0,1.25382190968026,43,2.5328124546484174,0.0
15,0.0555555555555556,0.5277777777777778,0.0,1.25382190968026,44,2.60309364648647,0.0
15,0.0555555555555556,0.5277777777777778,0.0,1.25382190968026,45,3.5268529899747936,0.0
15,0.0555555555555556,0.5277777777777778,0.0,1.25382190968026,46,3.5470560576948307,0.0
15,0.0555555555555556,0.5277777777777778,0.0,1.25382190968026,47,3.6466923648719805,0.0
15,0.0555555555555556,0.5277777777777778,0.0,1.25382190968026,48,3.6685966782927855,0.0
15,0.0555555555555556,0.5277777777777778,0.0,1.25382190968026,49,3.795370409108581,0.0
15,0.0555555555555556,0.5277777777777778,0.0,1.25382190968026,50,3.8124645325932303,0.0
15,0.0555555555555556,0.5277777777777778,0.0,1.25382190968026,51,3.9076798864964273,0.0
15,0.0555555555555556,0.5277777777777778,0.0,1.25382190968026,52,3.9203262026777805,0.0
15,0.0555555555555556,0.5277777777777778,0.0,1.25382190968026,53,5.8261744956217605,0.0
15,0.0555555555555556,0.5277777777777778,0.0,1.25382190968026,54,5.8331067244869335,0.0
15,0.0555555555555556,0.5277777777777778,0.0,1.25382190968026,55,6.207047669983151,0.0
15,0.0555555555555556,0.5277777777777778,0.0,1.25382190968026,56,6.219290674776683,0.0
15,0.0555555555555556,0.5277777777777778,0.0,1.25382190968026,57,7.661415249983261,0.0
15,0.0555555555555556,0.5277777777777778,0.0,1.25382190968026,58,7.6684438499405285,0.0
15,0.0555555555555556,0.5277777777777778,0.0,1.25382190968026,59,7.9624895610767545,0.0
15,0.0555555555555556,0.5277777777777778,0.0,1.25382190968026,60,7.975459922358398,0.0
15,0.0555555555555556,0.5277777777777778,0.0,1.25382190968026,61,8.016623158473514,0.0
15,0.0555555555555556,0.5277777777777778,0.0,1.25382190968026,62,8.029924253172066,0.0
15,0.0555555555555556,0.5277777777777778,0.0,1.25382190968026,63,8.405549749593021,0.0
15,0.0555555555555556,0.5277777777777778,0.0,1.25382190968026,64,8.414488044811083,0.0
16,0.0833333333333333,0.5416666666666666,0.0,1.3088512442483684,1,-12.42718851695246,1.0
16,0.0833333333333333,0.5416666666666666,0.0,1.3088512442483684,2,-12.416360662872128,1.0
16,0.0833333333333333,0.5416666666666666,0.0,1.3088512442483684,3,-12.338575232503194,1.0
16,0.0833333333333333,0.5416666666666666,0.0,1.3088512442483684,4,-12.327344937755655,1.0
16,0.0833333333333333,0.5416666666666666,0.0,1.3088512442483684,5,-12.237501735702615,1.0
16,0.0833333333333333,0.5416666666666666,0.0,1.3088512442483684,6,-12.235321529513532,1.0
16,0.0833333333333333,0.5416666666666666,0.0,1.3088512442483684,7,-12.158578216950074,1.0
16,0.0833333333333333,0.5416666666666666,0.0,1.3088512442483684,8,-12.157119281239224,1.0
16,0.0833333333333333,0.5416666666666666,0.0,1.3088512442483684,9,-5.92977142027582,1.0
16,0.0833333333333333,0.5416666666666666,0.0,1.3088512442483684,10,-5.921154414991641,1.0
16,0.0833333333333333,0.5416666666666666,0.0,1.3088512442483684,11,-5.82619174639583,1.0
16,0.0833333333333333,0.5416666666666666,0.0,1.3088512442483684,12,-5.8171925188864755,1.0
16,0.0833333333333333,0.5416666666666666,0.0,1.3088512442483684,13,-5.181853313769375,1.0
16,0.0833333333333333,0.5416666666666666,0.0,1.3088512442483684,14,-5.1778486340108465,1.0
16,0.0833333333333333,0.5416666666666666,0.0,1.3088512442483684,15,-5.060002649675692,1.0
16,0.0833333333333333,0.5416666666666666,0.0,1.3088512442483684,16,-5.055381580519592,1.0
16,0.0833333333333333,0.5416666666666666,0.0,1.3088512442483684,17,-4.330976749290885,1.0
16,0.0833333333333333,0.5416666666666666,0.0,1.3088512442483684,18,-4.326188617399611,1.0
16,0.0833333333333333,0.5416666666666666,0.0,1.3088512442483684,19,-4.125199341857641,1.0
16,0.0833333333333333,0.5416666666666666,0.0,1.3088512442483684,20,-4.121228839122404,1.0
16,0.0833333333333333,0.5416666666666666,0.0,1.3088512442483684,21,-3.351516537851244,1.0
16,0.0833333333333333,0.5416666666666666,0.0,1.3088512442483684,22,-3.3451642384985734,1.0
16,0.0833333333333333,0.5416666666666666,0.0,1.3088512442483684,23,-3.277436039062985,1.0
16,0.0833333333333333,0.5416666666666666,0.0,1.3088512442483684,24,-3.2693610324277795,1.0
16,0.0833333333333333,0.5416666666666666,0.0,1.3088512442483684,25,-2.3390930961568834,1.0
16,0.0833333333333333,0.5416666666666666,0.0,1.3088512442483684,26,-2.3242125184419766,1.0
16,0.0833333333333333,0.5416666666666666,0.0,1.3088512442483684,27,-2.0755646040229543,1.0
16,0.0833333333333333,0.5416666666666666,0.0,1.3088512442483684,28,-2.0682871269796546,1.0
16,0.0833333333333333,0.5416666666666666,0.0,1.3088512442483684,29,-1.7453846990379314,1.0
16,0.0833333333333333,0.5416666666666666,0.0,1.3088512442483684,30,-1.6879431079459222,1.0
16,0.0833333333333333,0.5416666666666666,0.0,1.3088512442483684,31,-1.6128825835501006,1.0
16,0.0833333333333333,0.5416666666666666,0.0,1.3088512442483684,32,-1.55136147103288,1.0
16,0.0833333333333333,0.5416666666666666,0.0,1.3088512442483684,33,-0.7438344477467423,1.0
16,0.0833333333333333,0.5416666666666666,0.0,1.3088512442483684,34,-0.6519533906907461,1.0
16,0.0833333333333333,0.5416666666666666,0.0,1.3088512442483684,35,-0.6486664175729511,1.0
16,0.0833333333333333,0.5416666666666666,0.0,1.3088512442483684,36,-0.5583723398667116,1.0
16,0.0833333333333333,0.5416666666666666,0.0,1.3088512442483684,37,1.977227091917212,0.0
16,0.0833333333333333,0.5416666666666666,0.0,1.3088512442483684,38,2.0211411330762896,0.0
16,0.0833333333333333,0.5416666666666666,0.0,1.3088512442483684,39,2.030734794549547,0.0
16,0.0833333333333333,0.5416666666666666,0.0,1.3088512442483684,40,2.0739588635685706,0.0
16,0.0833333333333333,0.5416666666666666,0.0,1.3088512442483684,41,2.4357488896350263,0.0
16,0.0833333333333333,0.5416666666666666,0.0,1.3088512442483684,42,2.536882831382451,0.0
16,0.0833333333333333,0.5416666666666666,0.0,1.3088512442483684,43,2.547752051332357,0.0
16,0.0833333333333333,0.5416666666666666,0.0,1.3088512442483684,44,2.6483929922834353,0.0
16,0.0833333333333333,0.5416666666666666,0.0,1.3088512442483684,45,3.469000213360339,0.0
16,0.0833333333333333,0.5416666666666666,0.0,1.3088512442483684,46,3.4739872742466034,0.0
16,0.0833333333333333,0.5416666666666666,0.0,1.3088512442483684,47,3.6037770794783346,0.0
16,0.0833333333333333,0.5416666666666666,0.0,1.3088512442483684,48,3.6553262159319666,0.0
16,0.0833333333333333,0.5416666666666666,0.0,1.3088512442483684,49,3.7323421352556863,0.0
16,0.0833333333333333,0.5416666666666666,0.0,1.3088512442483684,50,3.7739568970678166,0.0
16,0.0833333333333333,0.5416666666666666,0.0,1.3088512442483684,51,3.9084535528982136,0.0
16,0.0833333333333333,0.5416666666666666,0.0,1.3088512442483684,52,3.9256677902628447,0.0
16,0.0833333333333333,0.5416666666666666,0.0,1.3088512442483684,53,5.8811754421721645,0.0
16,0.0833333333333333,0.5416666666666666,0.0,1.3088512442483684,54,5.891443595476375,0.0
16,0.0833333333333333,0.5416666666666666,0.0,1.3088512442483684,55,6.276968418009863,0.0
16,0.0833333333333333,0.5416666666666666,0.0,1.3088512442483684,56,6.295120711919385,0.0
16,0.0833333333333333,0.5416666666666666,0.0,1.3088512442483684,57,7.929830181094275,0.0
16,0.0833333333333333,0.5416666666666666,0.0,1.3088512442483684,58,7.937287491583913,0.0
16,0.0833333333333333,0.5416666666666666,0.0,1.3088512442483684,59,8.180381446860997,0.0
16,0.0833333333333333,0.5416666666666666,0.0,1.3088512442483684,60,8.19738055648561,0.0
16,0.0833333333333333,0.5416666666666666,0.0,1.3088512442483684,61,8.224311228520095,0.0
16,0.0833333333333333,0.5416666666666666,0.0,1.3088512442483684,62,8.234644072239579,0.0
16,0.0833333333333333,0.5416666666666666,0.0,1.3088512442483684,63,8.560421717160752,0.0
16,0.0833333333333333,0.5416666666666666,0.0,1.3088512442483684,64,8.567249027103953,0.0
17,0.1111111111111111,0.5555555555555556,0.0,1.363880578816477,1,-12.404017593943715,1.0
17,0.1111111111111111,0.5555555555555556,0.0,1.363880578816477,2,-12.389799418209472,1.0
17,0.1111111111111111,0.5555555555555556,0.0,1.363880578816477,3,-12.317319682909472,1.0
17,0.1111111111111111,0.5555555555555556,0.0,1.363880578816477,4,-12.302628417717917,1.0
17,0.1111111111111111,0.5555555555555556,0.0,1.363880578816477,5,-12.220274174324404,1.0
17,0.1111111111111111,0.5555555555555556,0.0,1.363880578816477,6,-12.217374562502883,1.0
17,0.1111111111111111,0.5555555555555556,0.0,1.363880578816477,7,-12.14299805154194,1.0
17,0.1111111111111111,0.5555555555555556,0.0,1.363880578816477,8,-12.14108355859697,1.0
17,0.1111111111111111,0.5555555555555556,0.0,1.363880578816477,9,-5.855957466186085,1.0
17,0.1111111111111111,0.5555555555555556,0.0,1.363880578816477,10,-5.844552898074614,1.0
17,0.1111111111111111,0.5555555555555556,0.0,1.363880578816477,11,-5.751963861674527,1.0
17,0.1111111111111111,0.5555555555555556,0.0,1.363880578816477,12,-5.740005756832318,1.0
17,0.1111111111111111,0.5555555555555556,0.0,1.363880578816477,13,-5.2140224795684205,1.0
17,0.1111111111111111,0.5555555555555556,0.0,1.363880578816477,14,-5.208777558332354,1.0
17,0.1111111111111111,0.5555555555555556,0.0,1.363880578816477,15,-5.1062383268407405,1.0
17,0.1111111111111111,0.5555555555555556,0.0,1.363880578816477,16,-5.100444093427573,1.0
17,0.1111111111111111,0.5555555555555556,0.0,1.363880578816477,17,-4.309118306886843,1.0
17,0.1111111111111111,0.5555555555555556,0.0,1.363880578816477,18,-4.303069255975311,1.0
17,0.1111111111111111,0.5555555555555556,0.0,1.363880578816477,19,-4.102952115577896,1.0
17,0.1111111111111111,0.5555555555555556,0.0,1.363880578816477,20,-4.097946391933178,1.0
17,0.1111111111111111,0.5555555555555556,0.0,1.363880578816477,21,-3.383011648770207,1.0
17,0.1111111111111111,0.5555555555555556,0.0,1.363880578816477,22,-3.374861402912499,1.0
17,0.1111111111111111,0.5555555555555556,0.0,1.363880578816477,23,-3.300426907757106,1.0
17,0.1111111111111111,0.5555555555555556,0.0,1.363880578816477,24,-3.2874917169017692,1.0
17,0.1111111111111111,0.5555555555555556,0.0,1.363880578816477,25,-2.3278250146288872,1.0
17,0.1111111111111111,0.5555555555555556,0.0,1.363880578816477,26,-2.3061472200302022,1.0
17,0.1111111111111111,0.5555555555555556,0.0,1.363880578816477,27,-2.0979679300394753,1.0
17,0.1111111111111111,0.5555555555555556,0.0,1.363880578816477,28,-2.0811587938143843,1.0
17,0.1111111111111111,0.5555555555555556,0.0,1.363880578816477,29,-2.0276158523956163,1.0
17,0.1111111111111111,0.5555555555555556,0.0,1.363880578816477,30,-1.9745207692916384,1.0
17,0.1111111111111111,0.5555555555555556,0.0,1.363880578816477,31,-1.877866699165792,1.0
17,0.1111111111111111,0.5555555555555556,0.0,1.363880578816477,32,-1.8208398830742896,1.0
17,0.1111111111111111,0.5555555555555556,0.0,1.363880578816477,33,-0.6906378183053676,1.0
17,0.1111111111111111,0.5555555555555556,0.0,1.363880578816477,34,-0.5970116861639736,1.0
17,0.1111111111111111,0.5555555555555556,0.0,1.363880578816477,35,-0.589919554153753,1.0
17,0.1111111111111111,0.5555555555555556,0.0,1.363880578816477,36,-0.4967674956389904,1.0
17,0.1111111111111111,0.5555555555555556,0.0,1.363880578816477,37,1.9578755315239365,0.0
17,0.1111111111111111,0.5555555555555556,0.0,1.363880578816477,38,2.007528534863515,0.0
17,0.1111111111111111,0.5555555555555556,0.0,1.363880578816477,39,2.0151339610704593,0.0
17,0.1111111111111111,0.5555555555555556,0.0,1.363880578816477,40,2.065325611799027,0.0
17,0.1111111111111111,0.5555555555555556,0.0,1.363880578816477,41,2.4729581506288563,0.0
17,0.1111111111111111,0.5555555555555556,0.0,1.363880578816477,42,2.5859982344521786,0.0
17,0.1111111111111111,0.5555555555555556,0.0,1.363880578816477,43,2.5966148794502395,0.0
17,0.1111111111111111,0.5555555555555556,0.0,1.363880578816477,44,2.7095954499070967,0.0
17,0.1111111111111111,0.5555555555555556,0.0,1.363880578816477,45,3.31100059641157,0.0
17,0.1111111111111111,0.5555555555555556,0.0,1.363880578816477,46,3.3263507658947598,0.0
17,0.1111111111111111,0.5555555555555556,0.0,1.363880578816477,47,3.511375006204487,0.0
17,0.1111111111111111,0.5555555555555556,0.0,1.363880578816477,48,3.517476086367683,0.0
17,0.1111111111111111,0.5555555555555556,0.0,1.363880578816477,49,3.7909500611051055,0.0
17,0.1111111111111111,0.5555555555555556,0.0,1.363880578816477,50,3.8049570648432125,0.0
17,0.1111111111111111,0.5555555555555556,0.0,1.363880578816477,51,3.9848770625983763,0.0
17,0.1111111111111111,0.5555555555555556,0.0,1.363880578816477,52,4.015965954662963,0.0
17,0.1111111111111111,0.5555555555555556,0.0,1.363880578816477,53,5.954049604839005,0.0
17,0.1111111111111111,0.5555555555555556,0.0,1.363880578816477,54,5.967757933457083,0.0
17,0.1111111111111111,0.5555555555555556,0.0,1.363880578816477,55,6.365590295561498,0.0
17,0.1111111111111111,0.5555555555555556,0.0,1.363880578816477,56,6.38967844219148,0.0
17,0.1111111111111111,0.5555555555555556,0.0,1.363880578816477,57,8.261569568678725,0.0
17,0.1111111111111111,0.5555555555555556,0.0,1.363880578816477,58,8.266346928421841,0.0
17,0.1111111111111111,0.5555555555555556,0.0,1.363880578816477,59,8.412379456387077,0.0
17,0.1111111111111111,0.5555555555555556,0.0,1.363880578816477,60,8.430460891569286,0.0
17,0.1111111111111111,0.5555555555555556,0.0,1.363880578816477,61,8.49214765594313,0.0
17,0.1111111111111111,0.5555555555555556,0.0,1.363880578816477,62,8.501954011583516,0.0
17,0.1111111111111111,0.5555555555555556,0.0,1.363880578816477,63,8.768830164880447,0.0
17,0.1111111111111111,0.5555555555555556,0.0,1.363880578816477,64,8.777452633211803,0.0
18,0.1388888888888889,0.5694444444444444,0.0,1.4189099133845855,1,-12.37554248802856,1.0
18,0.1388888888888889,0.5694444444444444,0.0,1.4189099133845855,2,-12.35812004107431,1.0
18,0.1388888888888889,0.5694444444444444,0.0,1.4189099133845855,3,-12.291318888891086,1.0
18,0.1388888888888889,0.5694444444444444,0.0,1.4189099133845855,4,-12.273413779084542,1.0
18,0.1388888888888889,0.5694444444444444,0.0,1.4189099133845855,5,-12.199593770927835,1.0
18,0.1388888888888889,0.5694444444444444,0.0,1.4189099133845855,6,-12.195989312812271,1.0
18,0.1388888888888889,0.5694444444444444,0.0,1.4189099133845855,7,-12.124382808325253,1.0
18,0.1388888888888889,0.5694444444444444,0.0,1.4189099133845855,8,-12.12203878077195,1.0
18,0.1388888888888889,0.5694444444444444,0.0,1.4189099133845855,9,-5.763051665925692,1.0
18,0.1388888888888889,0.5694444444444444,0.0,1.4189099133845855,10,-5.748982258926267,1.0
18,0.1388888888888889,0.5694444444444444,0.0,1.4189099133845855,11,-5.658098446209756,1.0
18,0.1388888888888889,0.5694444444444444,0.0,1.4189099133845855,12,-5.643209266498486,1.0
18,0.1388888888888889,0.5694444444444444,0.0,1.4189099133845855,13,-5.256615248842742,1.0
18,0.1388888888888889,0.5694444444444444,0.0,1.4189099133845855,14,-5.250278705752846,1.0
18,0.1388888888888889,0.5694444444444444,0.0,1.4189099133845855,15,-5.162978598067198,1.0
18,0.1388888888888889,0.5694444444444444,0.0,1.4189099133845855,16,-5.156343804162136,1.0
18,0.1388888888888889,0.5694444444444444,0.0,1.4189099133845855,17,-4.283338073845018,1.0
18,0.1388888888888889,0.5694444444444444,0.0,1.4189099133845855,18,-4.27635514844693,1.0
18,0.1388888888888889,0.5694444444444444,0.0,1.4189099133845855,19,-4.077158505594015,1.0
18,0.1388888888888889,0.5694444444444444,0.0,1.4189099133845855,20,-4.0713776008773905,1.0
18,0.1388888888888889,0.5694444444444444,0.0,1.4189099133845855,21,-3.407635699793805,1.0
18,0.1388888888888889,0.5694444444444444,0.0,1.4189099133845855,22,-3.39657383916322,1.0
18,0.1388888888888889,0.5694444444444444,0.0,1.4189099133845855,23,-3.3116419869036156,1.0
18,0.1388888888888889,0.5694444444444444,0.0,1.4189099133845855,24,-3.293798344219275,1.0
18,0.1388888888888889,0.5694444444444444,0.0,1.4189099133845855,25,-2.39820427848516,1.0
18,0.1388888888888889,0.5694444444444444,0.0,1.4189099133845855,26,-2.3371472639532316,1.0
18,0.1388888888888889,0.5694444444444444,0.0,1.4189099133845855,27,-2.2984873608802925,1.0
18,0.1388888888888889,0.5694444444444444,0.0,1.4189099133845855,28,-2.2348391413528432,1.0
18,0.1388888888888889,0.5694444444444444,0.0,1.4189099133845855,29,-2.1858660330735713,1.0
18,0.1388888888888889,0.5694444444444444,0.0,1.4189099133845855,30,-2.133993556189539,1.0
18,0.1388888888888889,0.5694444444444444,0.0,1.4189099133845855,31,-2.1007076694722233,1.0
18,0.1388888888888889,0.5694444444444444,0.0,1.4189099133845855,32,-2.057963745690075,1.0
18,0.1388888888888889,0.5694444444444444,0.0,1.4189099133845855,33,-0.6444489510232261,1.0
18,0.1388888888888889,0.5694444444444444,0.0,1.4189099133845855,34,-0.5515235846891349,1.0
18,0.1388888888888889,0.5694444444444444,0.0,1.4189099133845855,35,-0.5383547072957633,1.0
18,0.1388888888888889,0.5694444444444444,0.0,1.4189099133845855,36,-0.4452674783983529,1.0
18,0.1388888888888889,0.5694444444444444,0.0,1.4189099133845855,37,1.9217157817541763,0.0
18,0.1388888888888889,0.5694444444444444,0.0,1.4189099133845855,38,1.9702310801447895,0.0
18,0.1388888888888889,0.5694444444444444,0.0,1.4189099133845855,39,1.9840398958067387,0.0
18,0.1388888888888889,0.5694444444444444,0.0,1.4189099133845855,40,2.0341614428185615,0.0
18,0.1388888888888889,0.5694444444444444,0.0,1.4189099133845855,41,2.5288482255991065,0.0
18,0.1388888888888889,0.5694444444444444,0.0,1.4189099133845855,42,2.650090033311158,0.0
18,0.1388888888888889,0.5694444444444444,0.0,1.4189099133845855,43,2.665589090000103,0.0
18,0.1388888888888889,0.5694444444444444,0.0,1.4189099133845855,44,2.786623897932638,0.0
18,0.1388888888888889,0.5694444444444444,0.0,1.4189099133845855,45,3.147175442197635,0.0
18,0.1388888888888889,0.5694444444444444,0.0,1.4189099133845855,46,3.168876169160816,0.0
18,0.1388888888888889,0.5694444444444444,0.0,1.4189099133845855,47,3.3417291862665,0.0
18,0.1388888888888889,0.5694444444444444,0.0,1.4189099133845855,48,3.352864974272438,0.0
18,0.1388888888888889,0.5694444444444444,0.0,1.4189099133845855,49,3.8942356021435165,0.0
18,0.1388888888888889,0.5694444444444444,0.0,1.4189099133845855,50,3.9271160990084564,0.0
18,0.1388888888888889,0.5694444444444444,0.0,1.4189099133845855,51,4.08213088807226,0.0
18,0.1388888888888889,0.5694444444444444,0.0,1.4189099133845855,52,4.1241533970745206,0.0
18,0.1388888888888889,0.5694444444444444,0.0,1.4189099133845855,53,6.041967103391482,0.0
18,0.1388888888888889,0.5694444444444444,0.0,1.4189099133845855,54,6.059510726972425,0.0
18,0.1388888888888889,0.5694444444444444,0.0,1.4189099133845855,55,6.466986694253929,0.0
18,0.1388888888888889,0.5694444444444444,0.0,1.4189099133845855,56,6.497401236595163,0.0
18,0.1388888888888889,0.5694444444444444,0.0,1.4189099133845855,57,8.567506339725952,0.0
18,0.1388888888888889,0.5694444444444444,0.0,1.4189099133845855,58,8.591696430640544,0.0
18,0.1388888888888889,0.5694444444444444,0.0,1.4189099133845855,59,8.68102549386782,0.0
18,0.1388888888888889,0.5694444444444444,0.0,1.4189099133845855,60,8.68799758143341,0.0
18,0.1388888888888889,0.5694444444444444,0.0,1.4189099133845855,61,8.703111163412204,0.0
18,0.1388888888888889,0.5694444444444444,0.0,1.4189099133845855,62,8.717174013633302,0.0
18,0.1388888888888889,0.5694444444444444,0.0,1.4189099133845855,63,8.94511034222087,0.0
18,0.1388888888888889,0.5694444444444444,0.0,1.4189099133845855,64,9.022391559325426,0.0
19,0.1666666666666667,0.5833333333333333,0.0,1.473939247952694,1,-12.343163370563996,1.0
19,0.1666666666666667,0.5833333333333333,0.0,1.473939247952694,2,-12.322766411908429,1.0
19,0.1666666666666667,0.5833333333333333,0.0,1.473939247952694,3,-12.261963675420105,1.0
19,0.1666666666666667,0.5833333333333333,0.0,1.473939247952694,4,-12.241156094856073,1.0
19,0.1666666666666667,0.5833333333333333,0.0,1.473939247952694,5,-12.176624274836044,1.0
19,0.1666666666666667,0.5833333333333333,0.0,1.473939247952694,6,-12.172348144218251,1.0
19,0.1666666666666667,0.5833333333333333,0.0,1.473939247952694,7,-12.103798917872538,1.0
19,0.1666666666666667,0.5833333333333333,0.0,1.473939247952694,8,-12.101055813009996,1.0
19,0.1666666666666667,0.5833333333333333,0.0,1.473939247952694,9,-5.653459135704921,1.0
19,0.1666666666666667,0.5833333333333333,0.0,1.473939247952694,10,-5.637064155238514,1.0
19,0.1666666666666667,0.5833333333333333,0.0,1.473939247952694,11,-5.546161930697393,1.0
19,0.1666666666666667,0.5833333333333333,0.0,1.473939247952694,12,-5.5283559066290096,1.0
19,0.1666666666666667,0.5833333333333333,0.0,1.473939247952694,13,-5.3081495806777,1.0
19,0.1666666666666667,0.5833333333333333,0.0,1.473939247952694,14,-5.3008977990643,1.0
19,0.1666666666666667,0.5833333333333333,0.0,1.473939247952694,15,-5.226449395293656,1.0
19,0.1666666666666667,0.5833333333333333,0.0,1.473939247952694,16,-5.21940249257654,1.0
19,0.1666666666666667,0.5833333333333333,0.0,1.473939247952694,17,-4.2554581590883735,1.0
19,0.1666666666666667,0.5833333333333333,0.0,1.473939247952694,18,-4.247967664372823,1.0
19,0.1666666666666667,0.5833333333333333,0.0,1.473939247952694,19,-4.0499480015974765,1.0
19,0.1666666666666667,0.5833333333333333,0.0,1.473939247952694,20,-4.043695131005311,1.0
19,0.1666666666666667,0.5833333333333333,0.0,1.473939247952694,21,-3.4190662009569865,1.0
19,0.1666666666666667,0.5833333333333333,0.0,1.473939247952694,22,-3.4041514578141228,1.0
19,0.1666666666666667,0.5833333333333333,0.0,1.473939247952694,23,-3.309066770737035,1.0
19,0.1666666666666667,0.5833333333333333,0.0,1.473939247952694,24,-3.286414954073288,1.0
19,0.1666666666666667,0.5833333333333333,0.0,1.473939247952694,25,-2.6797470307247893,1.0
19,0.1666666666666667,0.5833333333333333,0.0,1.473939247952694,26,-2.6359604446333043,1.0
19,0.1666666666666667,0.5833333333333333,0.0,1.473939247952694,27,-2.4970488777615496,1.0
19,0.1666666666666667,0.5833333333333333,0.0,1.473939247952694,28,-2.4523241202157506,1.0
19,0.1666666666666667,0.5833333333333333,0.0,1.473939247952694,29,-2.2815924437924773,1.0
19,0.1666666666666667,0.5833333333333333,0.0,1.473939247952694,30,-2.2636018086478322,1.0
19,0.1666666666666667,0.5833333333333333,0.0,1.473939247952694,31,-2.1367934720870063,1.0
19,0.1666666666666667,0.5833333333333333,0.0,1.473939247952694,32,-2.126528336452829,1.0
19,0.1666666666666667,0.5833333333333333,0.0,1.473939247952694,33,-0.5984377680584108,1.0
19,0.1666666666666667,0.5833333333333333,0.0,1.473939247952694,34,-0.5082504661824028,1.0
19,0.1666666666666667,0.5833333333333333,0.0,1.473939247952694,35,-0.48679805908208235,1.0
19,0.1666666666666667,0.5833333333333333,0.0,1.473939247952694,36,-0.39612143947356443,1.0
19,0.1666666666666667,0.5833333333333333,0.0,1.473939247952694,37,1.869136821152504,0.0
19,0.1666666666666667,0.5833333333333333,0.0,1.473939247952694,38,1.9120418061615752,0.0
19,0.1666666666666667,0.5833333333333333,0.0,1.473939247952694,39,1.9345269196967312,0.0
19,0.1666666666666667,0.5833333333333333,0.0,1.473939247952694,40,1.9787100578461687,0.0
19,0.1666666666666667,0.5833333333333333,0.0,1.473939247952694,41,2.594513017475102,0.0
19,0.1666666666666667,0.5833333333333333,0.0,1.473939247952694,42,2.7255902466951762,0.0
19,0.1666666666666667,0.5833333333333333,0.0,1.473939247952694,43,2.7410919875633843,0.0
19,0.1666666666666667,0.5833333333333333,0.0,1.473939247952694,44,2.873285323425983,0.0
19,0.1666666666666667,0.5833333333333333,0.0,1.473939247952694,45,2.997463328760726,0.0
19,0.1666666666666667,0.5833333333333333,0.0,1.473939247952694,46,3.0243480062985504,0.0
19,0.1666666666666667,0.5833333333333333,0.0,1.473939247952694,47,3.1817569620874435,0.0
19,0.1666666666666667,0.5833333333333333,0.0,1.473939247952694,48,3.2033444687494823,0.0
19,0.1666666666666667,0.5833333333333333,0.0,1.473939247952694,49,4.016362160794204,0.0
19,0.1666666666666667,0.5833333333333333,0.0,1.473939247952694,50,4.061065137955394,0.0
19,0.1666666666666667,0.5833333333333333,0.0,1.473939247952694,51,4.186025774773283,0.0
19,0.1666666666666667,0.5833333333333333,0.0,1.473939247952694,52,4.237517450799242,0.0
19,0.1666666666666667,0.5833333333333333,0.0,1.473939247952694,53,6.142154457579565,0.0
19,0.1666666666666667,0.5833333333333333,0.0,1.473939247952694,54,6.164275510949926,0.0
19,0.1666666666666667,0.5833333333333333,0.0,1.473939247952694,55,6.576779355811778,0.0
19,0.1666666666666667,0.5833333333333333,0.0,1.473939247952694,56,6.614478881048708,0.0
19,0.1666666666666667,0.5833333333333333,0.0,1.473939247952694,57,8.493803699639589,0.0
19,0.1666666666666667,0.5833333333333333,0.0,1.473939247952694,58,8.568726979788067,0.0
19,0.1666666666666667,0.5833333333333333,0.0,1.473939247952694,59,8.853033198657723,0.0
19,0.1666666666666667,0.5833333333333333,0.0,1.473939247952694,60,8.86132649227292,0.0
19,0.1666666666666667,0.5833333333333333,0.0,1.473939247952694,61,8.885208380477842,0.0
19,0.1666666666666667,0.5833333333333333,0.0,1.473939247952694,62,8.902111298521017,0.0
19,0.1666666666666667,0.5833333333333333,0.0,1.473939247952694,63,9.151394410266033,0.0
19,0.1666666666666667,0.5833333333333333,0.0,1.473939247952694,64,9.236687606251333,0.0
20,0.1944444444444444,0.5972222222222222,0.0,1.5289685825208024,1,-12.308640922414847,1.0
20,0.1944444444444444,0.5972222222222222,0.0,1.5289685825208024,2,-12.285541191541249,1.0
20,0.1944444444444444,0.5972222222222222,0.0,1.5289685825208024,3,-12.230972020247414,1.0
20,0.1944444444444444,0.5972222222222222,0.0,1.5289685825208024,4,-12.207632236355613,1.0
20,0.1944444444444444,0.5972222222222222,0.0,1.5289685825208024,5,-12.152781637049399,1.0
20,0.1944444444444444,0.5972222222222222,0.0,1.5289685825208024,6,-12.147904432423074,1.0
20,0.1944444444444444,0.5972222222222222,0.0,1.5289685825208024,7,-12.08249842595242,1.0
20,0.1944444444444444,0.5972222222222222,0.0,1.5289685825208024,8,-12.079387370059472,1.0
20,0.1944444444444444,0.5972222222222222,0.0,1.5289685825208024,9,-5.533241554597149,1.0
20,0.1944444444444444,0.5972222222222222,0.0,1.5289685825208024,10,-5.516264719567504,1.0
20,0.1944444444444444,0.5972222222222222,0.0,1.5289685825208024,11,-5.418643878656759,1.0
20,0.1944444444444444,0.5972222222222222,0.0,1.5289685825208024,12,-5.397799430891814,1.0
20,0.1944444444444444,0.5972222222222222,0.0,1.5289685825208024,13,-5.363577250129154,1.0
20,0.1944444444444444,0.5972222222222222,0.0,1.5289685825208024,14,-5.355437919923334,1.0
20,0.1944444444444444,0.5972222222222222,0.0,1.5289685825208024,15,-5.289081488499102,1.0
20,0.1944444444444444,0.5972222222222222,0.0,1.5289685825208024,16,-5.2823959654452635,1.0
20,0.1944444444444444,0.5972222222222222,0.0,1.5289685825208024,17,-4.227952094897894,1.0
20,0.1944444444444444,0.5972222222222222,0.0,1.5289685825208024,18,-4.220419491045714,1.0
20,0.1944444444444444,0.5972222222222222,0.0,1.5289685825208024,19,-4.0243557464390785,1.0
20,0.1944444444444444,0.5972222222222222,0.0,1.5289685825208024,20,-4.017822854718174,1.0
20,0.1944444444444444,0.5972222222222222,0.0,1.5289685825208024,21,-3.416483059162818,1.0
20,0.1944444444444444,0.5972222222222222,0.0,1.5289685825208024,22,-3.396810298906281,1.0
20,0.1944444444444444,0.5972222222222222,0.0,1.5289685825208024,23,-3.2952742747734947,1.0
20,0.1944444444444444,0.5972222222222222,0.0,1.5289685825208024,24,-3.2676359735993437,1.0
20,0.1944444444444444,0.5972222222222222,0.0,1.5289685825208024,25,-2.986262648910264,1.0
20,0.1944444444444444,0.5972222222222222,0.0,1.5289685825208024,26,-2.9503115124536814,1.0
20,0.1944444444444444,0.5972222222222222,0.0,1.5289685825208024,27,-2.789972089884299,1.0
20,0.1944444444444444,0.5972222222222222,0.0,1.5289685825208024,28,-2.7510930304926866,1.0
20,0.1944444444444444,0.5972222222222222,0.0,1.5289685825208024,29,-2.306730778626195,1.0
20,0.1944444444444444,0.5972222222222222,0.0,1.5289685825208024,30,-2.297531692936043,1.0
20,0.1944444444444444,0.5972222222222222,0.0,1.5289685825208024,31,-2.1841766425242546,1.0
20,0.1944444444444444,0.5972222222222222,0.0,1.5289685825208024,32,-2.1789189434705714,1.0
20,0.1944444444444444,0.5972222222222222,0.0,1.5289685825208024,33,-0.5480690893374729,1.0
20,0.1944444444444444,0.5972222222222222,0.0,1.5289685825208024,34,-0.4619059003080041,1.0
20,0.1944444444444444,0.5972222222222222,0.0,1.5289685825208024,35,-0.4304175676798447,1.0
20,0.1944444444444444,0.5972222222222222,0.0,1.5289685825208024,36,-0.3436575714521535,1.0
20,0.1944444444444444,0.5972222222222222,0.0,1.5289685825208024,37,1.802656278600006,0.0
20,0.1944444444444444,0.5972222222222222,0.0,1.5289685825208024,38,1.837577118646679,0.0
20,0.1944444444444444,0.5972222222222222,0.0,1.5289685825208024,39,1.8687451540312336,0.0
20,0.1944444444444444,0.5972222222222222,0.0,1.5289685825208024,40,1.9041641256176003,0.0
20,0.1944444444444444,0.5972222222222222,0.0,1.5289685825208024,41,2.649130651904449,0.0
20,0.1944444444444444,0.5972222222222222,0.0,1.5289685825208024,42,2.765541036737186,0.0
20,0.1944444444444444,0.5972222222222222,0.0,1.5289685825208024,43,2.8230439929196813,0.0
20,0.1944444444444444,0.5972222222222222,0.0,1.5289685825208024,44,2.8741196024520552,0.0
20,0.1944444444444444,0.5972222222222222,0.0,1.5289685825208024,45,2.9038493281890263,0.0
20,0.1944444444444444,0.5972222222222222,0.0,1.5289685825208024,46,2.9549041717916245,0.0
20,0.1944444444444444,0.5972222222222222,0.0,1.5289685825208024,47,3.070156417086668,0.0
20,0.1944444444444444,0.5972222222222222,0.0,1.5289685825208024,48,3.114000525603582,0.0
20,0.1944444444444444,0.5972222222222222,0.0,1.5289685825208024,49,4.14076482840347,0.0
20,0.1944444444444444,0.5972222222222222,0.0,1.5289685825208024,50,4.194652959821198,0.0
20,0.1944444444444444,0.5972222222222222,0.0,1.5289685825208024,51,4.286717431496294,0.0
20,0.1944444444444444,0.5972222222222222,0.0,1.5289685825208024,52,4.346528593622263,0.0
20,0.1944444444444444,0.5972222222222222,0.0,1.5289685825208024,53,6.250989262661534,0.0
20,0.1944444444444444,0.5972222222222222,0.0,1.5289685825208024,54,6.278825754159028,0.0
20,0.1944444444444444,0.5972222222222222,0.0,1.5289685825208024,55,6.691719569587816,0.0
20,0.1944444444444444,0.5972222222222222,0.0,1.5289685825208024,56,6.738463558940241,0.0
20,0.1944444444444444,0.5972222222222222,0.0,1.5289685825208024,57,8.1969292702647,0.0
20,0.1944444444444444,0.5972222222222222,0.0,1.5289685825208024,58,8.268436164527369,0.0
20,0.1944444444444444,0.5972222222222222,0.0,1.5289685825208024,59,8.865917561132832,0.0
20,0.1944444444444444,0.5972222222222222,0.0,1.5289685825208024,60,8.910499459533703,0.0
20,0.1944444444444444,0.5972222222222222,0.0,1.5289685825208024,61,9.06570156930604,0.0
20,0.1944444444444444,0.5972222222222222,0.0,1.5289685825208024,62,9.085730775584622,0.0
20,0.1944444444444444,0.5972222222222222,0.0,1.5289685825208024,63,9.254758442677918,0.0
20,0.1944444444444444,0.5972222222222222,0.0,1.5289685825208024,64,9.266681731185653,0.0
21,0.2222222222222222,0.611111111111111,0.0,1.583997917088911,1,-12.274043999798028,1.0
21,0.2222222222222222,0.611111111111111,0.0,1.583997917088911,2,-12.248552466587649,1.0
21,0.2222222222222222,0.611111111111111,0.0,1.583997917088911,3,-12.200307050721605,1.0
21,0.2222222222222222,0.611111111111111,0.0,1.583997917088911,4,-12.174843268667775,1.0
21,0.2222222222222222,0.611111111111111,0.0,1.583997917088911,5,-12.12969824404712,1.0
21,0.2222222222222222,0.611111111111111,0.0,1.583997917088911,6,-12.124362152349502,1.0
21,0.2222222222222222,0.611111111111111,0.0,1.583997917088911,7,-12.061879186629103,1.0
21,0.2222222222222222,0.611111111111111,0.0,1.583997917088911,8,-12.05842636058481,1.0
21,0.2222222222222222,0.611111111111111,0.0,1.583997917088911,9,-5.454466957049464,1.0
21,0.2222222222222222,0.611111111111111,0.0,1.583997917088911,10,-5.446490995719046,1.0
21,0.2222222222222222,0.611111111111111,0.0,1.583997917088911,11,-5.4024984548440695,1.0
21,0.2222222222222222,0.611111111111111,0.0,1.583997917088911,12,-5.39088281371183,1.0
21,0.2222222222222222,0.611111111111111,0.0,1.583997917088911,13,-5.315332258678591,1.0
21,0.2222222222222222,0.611111111111111,0.0,1.583997917088911,14,-5.305016022919956,1.0
21,0.2222222222222222,0.611111111111111,0.0,1.583997917088911,15,-5.2739811781575625,1.0
21,0.2222222222222222,0.611111111111111,0.0,1.583997917088911,16,-5.251497277882395,1.0
21,0.2222222222222222,0.611111111111111,0.0,1.583997917088911,17,-4.20482393844561,1.0
21,0.2222222222222222,0.611111111111111,0.0,1.583997917088911,18,-4.197416428466905,1.0
21,0.2222222222222222,0.611111111111111,0.0,1.583997917088911,19,-4.0064552278874785,1.0
21,0.2222222222222222,0.611111111111111,0.0,1.583997917088911,20,-3.998845426014906,1.0
21,0.2222222222222222,0.611111111111111,0.0,1.583997917088911,21,-3.4202887956686507,1.0
21,0.2222222222222222,0.611111111111111,0.0,1.583997917088911,22,-3.3908848757144985,1.0
21,0.2222222222222222,0.611111111111111,0.0,1.583997917088911,23,-3.3163759806251965,1.0
21,0.2222222222222222,0.611111111111111,0.0,1.583997917088911,24,-3.286365667188034,1.0
21,0.2222222222222222,0.611111111111111,0.0,1.583997917088911,25,-3.2185903447881503,1.0
21,0.2222222222222222,0.611111111111111,0.0,1.583997917088911,26,-3.19438485568343,1.0
21,0.2222222222222222,0.611111111111111,0.0,1.583997917088911,27,-3.0653566791281652,1.0
21,0.2222222222222222,0.611111111111111,0.0,1.583997917088911,28,-3.038690999643895,1.0
21,0.2222222222222222,0.611111111111111,0.0,1.583997917088911,29,-2.3452670860266447,1.0
21,0.2222222222222222,0.611111111111111,0.0,1.583997917088911,30,-2.34342212514072,1.0
21,0.2222222222222222,0.611111111111111,0.0,1.583997917088911,31,-2.239566001589702,1.0
21,0.2222222222222222,0.611111111111111,0.0,1.583997917088911,32,-2.2342197311697354,1.0
21,0.2222222222222222,0.611111111111111,0.0,1.583997917088911,33,-0.4918950183585641,1.0
21,0.2222222222222222,0.611111111111111,0.0,1.583997917088911,34,-0.4102747520997544,1.0
21,0.2222222222222222,0.611111111111111,0.0,1.583997917088911,35,-0.36757966440248524,1.0
21,0.2222222222222222,0.611111111111111,0.0,1.583997917088911,36,-0.2854165778773612,1.0
21,0.2222222222222222,0.611111111111111,0.0,1.583997917088911,37,1.7270461094933345,0.0
21,0.2222222222222222,0.611111111111111,0.0,1.583997917088911,38,1.752847067872834,0.0
21,0.2222222222222222,0.611111111111111,0.0,1.583997917088911,39,1.7923269931606858,0.0
21,0.2222222222222222,0.611111111111111,0.0,1.583997917088911,40,1.8181220411232437,0.0
21,0.2222222222222222,0.611111111111111,0.0,1.583997917088911,41,2.655684565254685,0.0
21,0.2222222222222222,0.611111111111111,0.0,1.583997917088911,42,2.7272550648911773,0.0
21,0.2222222222222222,0.611111111111111,0.0,1.583997917088911,43,2.7781284376341246,0.0
21,0.2222222222222222,0.611111111111111,0.0,1.583997917088911,44,2.8080876422006233,0.0
21,0.2222222222222222,0.611111111111111,0.0,1.583997917088911,45,2.898754057552948,0.0
21,0.2222222222222222,0.611111111111111,0.0,1.583997917088911,46,3.013822840376784,0.0
21,0.2222222222222222,0.611111111111111,0.0,1.583997917088911,47,3.0557703422652485,0.0
21,0.2222222222222222,0.611111111111111,0.0,1.583997917088911,48,3.14044075477987,0.0
21,0.2222222222222222,0.611111111111111,0.0,1.583997917088911,49,4.257133462518961,0.0
21,0.2222222222222222,0.611111111111111,0.0,1.583997917088911,50,4.318683930416633,0.0
21,0.2222222222222222,0.611111111111111,0.0,1.583997917088911,51,4.375719385670562,0.0
21,0.2222222222222222,0.611111111111111,0.0,1.583997917088911,52,4.4427186005977095,0.0
21,0.2222222222222222,0.611111111111111,0.0,1.583997917088911,53,6.362429971472176,0.0
21,0.2222222222222222,0.611111111111111,0.0,1.583997917088911,54,6.39764756309269,0.0
21,0.2222222222222222,0.611111111111111,0.0,1.583997917088911,55,6.808254865934721,0.0
21,0.2222222222222222,0.611111111111111,0.0,1.583997917088911,56,6.866944636345343,0.0
21,0.2222222222222222,0.611111111111111,0.0,1.583997917088911,57,7.90365142668524,0.0
21,0.2222222222222222,0.611111111111111,0.0,1.583997917088911,58,7.962734350674717,0.0
21,0.2222222222222222,0.611111111111111,0.0,1.583997917088911,59,8.630943112523202,0.0
21,0.2222222222222222,0.611111111111111,0.0,1.583997917088911,60,8.710218689426101,0.0
21,0.2222222222222222,0.611111111111111,0.0,1.583997917088911,61,9.175658615895816,0.0
21,0.2222222222222222,0.611111111111111,0.0,1.583997917088911,62,9.190847669944029,0.0
21,0.2222222222222222,0.611111111111111,0.0,1.583997917088911,63,9.315894512614282,0.0
21,0.2222222222222222,0.611111111111111,0.0,1.583997917088911,64,9.336299034557037,0.0
22,0.25,0.625,0.0,1.6390272516570195,1,-12.241807176085295,1.0
22,0.25,0.625,0.0,1.6390272516570195,2,-12.21427555719674,1.0
22,0.25,0.625,0.0,1.6390272516570195,3,-12.172156193969492,1.0
22,0.25,0.625,0.0,1.6390272516570195,4,-12.144963042364607,1.0
22,0.25,0.625,0.0,1.6390272516570195,5,-12.109112472697653,1.0
22,0.25,0.625,0.0,1.6390272516570195,6,-12.10358377257743,1.0
22,0.25,0.625,0.0,1.6390272516570195,7,-12.043375897182536,1.0
22,0.25,0.625,0.0,1.6390272516570195,8,-12.039599678924478,1.0
22,0.25,0.625,0.0,1.6390272516570195,9,-5.494285908768288,1.0
22,0.25,0.625,0.0,1.6390272516570195,10,-5.486853299150873,1.0
22,0.25,0.625,0.0,1.6390272516570195,11,-5.439030654319444,1.0
22,0.25,0.625,0.0,1.6390272516570195,12,-5.431216897321033,1.0
22,0.25,0.625,0.0,1.6390272516570195,13,-5.208209116007372,1.0
22,0.25,0.625,0.0,1.6390272516570195,14,-5.183414803159674,1.0
22,0.25,0.625,0.0,1.6390272516570195,15,-5.124103772493916,1.0
22,0.25,0.625,0.0,1.6390272516570195,16,-5.098102567207209,1.0
22,0.25,0.625,0.0,1.6390272516570195,17,-4.193932954542374,1.0
22,0.25,0.625,0.0,1.6390272516570195,18,-4.185033062036592,1.0
22,0.25,0.625,0.0,1.6390272516570195,19,-4.014207267465392,1.0
22,0.25,0.625,0.0,1.6390272516570195,20,-4.000357030580894,1.0
22,0.25,0.625,0.0,1.6390272516570195,21,-3.585616390209836,1.0
22,0.25,0.625,0.0,1.6390272516570195,22,-3.559259675959206,1.0
22,0.25,0.625,0.0,1.6390272516570195,23,-3.4219982270395866,1.0
22,0.25,0.625,0.0,1.6390272516570195,24,-3.3851222409914037,1.0
22,0.25,0.625,0.0,1.6390272516570195,25,-3.274122602695723,1.0
22,0.25,0.625,0.0,1.6390272516570195,26,-3.2452336433641324,1.0
22,0.25,0.625,0.0,1.6390272516570195,27,-3.2042840890052178,1.0
22,0.25,0.625,0.0,1.6390272516570195,28,-3.1637167950676144,1.0
22,0.25,0.625,0.0,1.6390272516570195,29,-2.4051110054647706,1.0
22,0.25,0.625,0.0,1.6390272516570195,30,-2.3987575817953877,1.0
22,0.25,0.625,0.0,1.6390272516570195,31,-2.2965860037494537,1.0
22,0.25,0.625,0.0,1.6390272516570195,32,-2.2889548484013797,1.0
22,0.25,0.625,0.0,1.6390272516570195,33,-0.43228345504451005,1.0
22,0.25,0.625,0.0,1.6390272516570195,34,-0.35503739980381466,1.0
22,0.25,0.625,0.0,1.6390272516570195,35,-0.3007345597881037,1.0
22,0.25,0.625,0.0,1.6390272516570195,36,-0.223112500201339,1.0
22,0.25,0.625,0.0,1.6390272516570195,37,1.649583837746617,0.0
22,0.25,0.625,0.0,1.6390272516570195,38,1.6659537175852763,0.0
22,0.25,0.625,0.0,1.6390272516570195,39,1.7134351933998537,0.0
22,0.25,0.625,0.0,1.6390272516570195,40,1.7296838667585575,0.0
22,0.25,0.625,0.0,1.6390272516570195,41,2.618593691396457,0.0
22,0.25,0.625,0.0,1.6390272516570195,42,2.6637995496811726,0.0
22,0.25,0.625,0.0,1.6390272516570195,43,2.698676894171423,0.0
22,0.25,0.625,0.0,1.6390272516570195,44,2.7256661372352466,0.0
22,0.25,0.625,0.0,1.6390272516570195,45,2.9711398431480998,0.0
22,0.25,0.625,0.0,1.6390272516570195,46,3.0844596214192874,0.0
22,0.25,0.625,0.0,1.6390272516570195,47,3.1140074637926975,0.0
22,0.25,0.625,0.0,1.6390272516570195,48,3.2142013474883395,0.0
22,0.25,0.625,0.0,1.6390272516570195,49,4.357349804353984,0.0
22,0.25,0.625,0.0,1.6390272516570195,50,4.425247647891613,0.0
22,0.25,0.625,0.0,1.6390272516570195,51,4.44635377302847,0.0
22,0.25,0.625,0.0,1.6390272516570195,52,4.519236376884442,0.0
22,0.25,0.625,0.0,1.6390272516570195,53,6.466388948468641,0.0
22,0.25,0.625,0.0,1.6390272516570195,54,6.511440724872655,0.0
22,0.25,0.625,0.0,1.6390272516570195,55,6.920640413515525,0.0
22,0.25,0.625,0.0,1.6390272516570195,56,6.995752185018687,0.0
22,0.25,0.625,0.0,1.6390272516570195,57,7.658887397074905,0.0
22,0.25,0.625,0.0,1.6390272516570195,58,7.69985918463624,0.0
22,0.25,0.625,0.0,1.6390272516570195,59,8.321046511044084,0.0
22,0.25,0.625,0.0,1.6390272516570195,60,8.3966247815696,0.0
22,0.25,0.625,0.0,1.6390272516570195,61,9.279843159098867,0.0
22,0.25,0.625,0.0,1.6390272516570195,62,9.288118429876492,0.0
22,0.25,0.625,0.0,1.6390272516570195,63,9.452893873213396,0.0
22,0.25,0.625,0.0,1.6390272516570195,64,9.465454253611192,0.0
23,0.2777777777777778,0.6388888888888888,0.0,1.694056586225128,1,-12.214746566863905,1.0
23,0.2777777777777778,0.6388888888888888,0.0,1.694056586225128,2,-12.185586225850983,1.0
23,0.2777777777777778,0.6388888888888888,0.0,1.694056586225128,3,-12.148904242408719,1.0
23,0.2777777777777778,0.6388888888888888,0.0,1.694056586225128,4,-12.12028919797142,1.0
23,0.2777777777777778,0.6388888888888888,0.0,1.694056586225128,5,-12.092789420162198,1.0
23,0.2777777777777778,0.6388888888888888,0.0,1.694056586225128,6,-12.087489254099147,1.0
23,0.2777777777777778,0.6388888888888888,0.0,1.694056586225128,7,-12.028474093908148,1.0
23,0.2777777777777778,0.6388888888888888,0.0,1.694056586225128,8,-12.024395417900159,1.0
23,0.2777777777777778,0.6388888888888888,0.0,1.694056586225128,9,-5.5386646493632,1.0
23,0.2777777777777778,0.6388888888888888,0.0,1.694056586225128,10,-5.531430170997719,1.0
23,0.2777777777777778,0.6388888888888888,0.0,1.694056586225128,11,-5.483593779862602,1.0
23,0.2777777777777778,0.6388888888888888,0.0,1.694056586225128,12,-5.47590039472462,1.0
23,0.2777777777777778,0.6388888888888888,0.0,1.694056586225128,13,-5.062673898524352,1.0
23,0.2777777777777778,0.6388888888888888,0.0,1.694056586225128,14,-5.0341754944251065,1.0
23,0.2777777777777778,0.6388888888888888,0.0,1.694056586225128,15,-4.971503150525974,1.0
23,0.2777777777777778,0.6388888888888888,0.0,1.694056586225128,16,-4.942421219636749,1.0
23,0.2777777777777778,0.6388888888888888,0.0,1.694056586225128,17,-4.209833963526465,1.0
23,0.2777777777777778,0.6388888888888888,0.0,1.694056586225128,18,-4.194405428155369,1.0
23,0.2777777777777778,0.6388888888888888,0.0,1.694056586225128,19,-4.094341890403076,1.0
23,0.2777777777777778,0.6388888888888888,0.0,1.694056586225128,20,-4.066356032723995,1.0
23,0.2777777777777778,0.6388888888888888,0.0,1.694056586225128,21,-3.737488226385268,1.0
23,0.2777777777777778,0.6388888888888888,0.0,1.694056586225128,22,-3.732633253227547,1.0
23,0.2777777777777778,0.6388888888888888,0.0,1.694056586225128,23,-3.5936565491984505,1.0
23,0.2777777777777778,0.6388888888888888,0.0,1.694056586225128,24,-3.571518803173119,1.0
23,0.2777777777777778,0.6388888888888888,0.0,1.694056586225128,25,-3.265733255572408,1.0
23,0.2777777777777778,0.6388888888888888,0.0,1.694056586225128,26,-3.235396668245648,1.0
23,0.2777777777777778,0.6388888888888888,0.0,1.694056586225128,27,-3.175448714006977,1.0
23,0.2777777777777778,0.6388888888888888,0.0,1.694056586225128,28,-3.131609760253054,1.0
23,0.2777777777777778,0.6388888888888888,0.0,1.694056586225128,29,-2.471974462910581,1.0
23,0.2777777777777778,0.6388888888888888,0.0,1.694056586225128,30,-2.4577170179343155,1.0
23,0.2777777777777778,0.6388888888888888,0.0,1.694056586225128,31,-2.350068199171233,1.0
23,0.2777777777777778,0.6388888888888888,0.0,1.694056586225128,32,-2.338821957130033,1.0
23,0.2777777777777778,0.6388888888888888,0.0,1.694056586225128,33,-0.37594530487136624,1.0
23,0.2777777777777778,0.6388888888888888,0.0,1.694056586225128,34,-0.30225712130584775,1.0
23,0.2777777777777778,0.6388888888888888,0.0,1.694056586225128,35,-0.23721784285334585,1.0
23,0.2777777777777778,0.6388888888888888,0.0,1.694056586225128,36,-0.1633659752469036,1.0
23,0.2777777777777778,0.6388888888888888,0.0,1.694056586225128,37,1.5800791822881348,0.0
23,0.2777777777777778,0.6388888888888888,0.0,1.694056586225128,38,1.5876996341995402,0.0
23,0.2777777777777778,0.6388888888888888,0.0,1.694056586225128,39,1.6424627910527287,0.0
23,0.2777777777777778,0.6388888888888888,0.0,1.694056586225128,40,1.650058380400985,0.0
23,0.2777777777777778,0.6388888888888888,0.0,1.694056586225128,41,2.5810884406409795,0.0
23,0.2777777777777778,0.6388888888888888,0.0,1.694056586225128,42,2.611725215273593,0.0
23,0.2777777777777778,0.6388888888888888,0.0,1.694056586225128,43,2.643309299391173,0.0
23,0.2777777777777778,0.6388888888888888,0.0,1.694056586225128,44,2.662653746866567,0.0
23,0.2777777777777778,0.6388888888888888,0.0,1.694056586225128,45,3.0460556964432888,0.0
23,0.2777777777777778,0.6388888888888888,0.0,1.694056586225128,46,3.1474603850011333,0.0
23,0.2777777777777778,0.6388888888888888,0.0,1.694056586225128,47,3.187341955545597,0.0
23,0.2777777777777778,0.6388888888888888,0.0,1.694056586225128,48,3.2785774310231677,0.0
23,0.2777777777777778,0.6388888888888888,0.0,1.694056586225128,49,4.4349684751602325,0.0
23,0.2777777777777778,0.6388888888888888,0.0,1.694056586225128,50,4.494338382272609,0.0
23,0.2777777777777778,0.6388888888888888,0.0,1.694056586225128,51,4.507901463190434,0.0
23,0.2777777777777778,0.6388888888888888,0.0,1.694056586225128,52,4.571592069278685,0.0
23,0.2777777777777778,0.6388888888888888,0.0,1.694056586225128,53,6.546188516776775,0.0
23,0.2777777777777778,0.6388888888888888,0.0,1.694056586225128,54,6.604081191635279,0.0
23,0.2777777777777778,0.6388888888888888,0.0,1.694056586225128,55,7.017460998327094,0.0
23,0.2777777777777778,0.6388888888888888,0.0,1.694056586225128,56,7.113523390765897,0.0
23,0.2777777777777778,0.6388888888888888,0.0,1.694056586225128,57,7.498215602878524,0.0
23,0.2777777777777778,0.6388888888888888,0.0,1.694056586225128,58,7.515357272529016,0.0
23,0.2777777777777778,0.6388888888888888,0.0,1.694056586225128,59,8.02918530547742,0.0
23,0.2777777777777778,0.6388888888888888,0.0,1.694056586225128,60,8.094836952903403,0.0
23,0.2777777777777778,0.6388888888888888,0.0,1.694056586225128,61,9.383115585924546,0.0
23,0.2777777777777778,0.6388888888888888,0.0,1.694056586225128,62,9.389432504365722,0.0
23,0.2777777777777778,0.6388888888888888,0.0,1.694056586225128,63,9.546984784126895,0.0
23,0.2777777777777778,0.6388888888888888,0.0,1.694056586225128,64,9.558294841245143,0.0
24,0.3055555555555555,0.6527777777777777,0.0,1.7490859207932363,1,-12.196017346411704,1.0
24,0.3055555555555555,0.6527777777777777,0.0,1.7490859207932363,2,-12.16575007414103,1.0
24,0.3055555555555555,0.6527777777777777,0.0,1.7490859207932363,3,-12.133047873452973,1.0
24,0.3055555555555555,0.6527777777777777,0.0,1.7490859207932363,4,-12.103244494434175,1.0
24,0.3055555555555555,0.6527777777777777,0.0,1.7490859207932363,5,-12.082240281957738,1.0
24,0.3055555555555555,0.6527777777777777,0.0,1.7490859207932363,6,-12.077602618000007,1.0
24,0.3055555555555555,0.6527777777777777,0.0,1.7490859207932363,7,-12.018598000323426,1.0
24,0.3055555555555555,0.6527777777777777,0.0,1.7490859207932363,8,-12.01427763146948,1.0
24,0.3055555555555555,0.6527777777777777,0.0,1.7490859207932363,9,-5.569205079714486,1.0
24,0.3055555555555555,0.6527777777777777,0.0,1.7490859207932363,10,-5.56211624407948,1.0
24,0.3055555555555555,0.6527777777777777,0.0,1.7490859207932363,11,-5.5143862995070005,1.0
24,0.3055555555555555,0.6527777777777777,0.0,1.7490859207932363,12,-5.506822238356511,1.0
24,0.3055555555555555,0.6527777777777777,0.0,1.7490859207932363,13,-4.92975938662265,1.0
24,0.3055555555555555,0.6527777777777777,0.0,1.7490859207932363,14,-4.8982491544470514,1.0
24,0.3055555555555555,0.6527777777777777,0.0,1.7490859207932363,15,-4.83787531052719,1.0
24,0.3055555555555555,0.6527777777777777,0.0,1.7490859207932363,16,-4.805436302704814,1.0
24,0.3055555555555555,0.6527777777777777,0.0,1.7490859207932363,17,-4.262410041478002,1.0
24,0.3055555555555555,0.6527777777777777,0.0,1.7490859207932363,18,-4.23738423336419,1.0
24,0.3055555555555555,0.6527777777777777,0.0,1.7490859207932363,19,-4.237200524935474,1.0
24,0.3055555555555555,0.6527777777777777,0.0,1.7490859207932363,20,-4.206414824568444,1.0
24,0.3055555555555555,0.6527777777777777,0.0,1.7490859207932363,21,-3.7846344570278614,1.0
24,0.3055555555555555,0.6527777777777777,0.0,1.7490859207932363,22,-3.781081323910648,1.0
24,0.3055555555555555,0.6527777777777777,0.0,1.7490859207932363,23,-3.7160267175513324,1.0
24,0.3055555555555555,0.6527777777777777,0.0,1.7490859207932363,24,-3.7105506332427574,1.0
24,0.3055555555555555,0.6527777777777777,0.0,1.7490859207932363,25,-3.2268180261617063,1.0
24,0.3055555555555555,0.6527777777777777,0.0,1.7490859207932363,26,-3.1920399085546736,1.0
24,0.3055555555555555,0.6527777777777777,0.0,1.7490859207932363,27,-3.154769269493272,1.0
24,0.3055555555555555,0.6527777777777777,0.0,1.7490859207932363,28,-3.1078936926738434,1.0
24,0.3055555555555555,0.6527777777777777,0.0,1.7490859207932363,29,-2.5253423830889696,1.0
24,0.3055555555555555,0.6527777777777777,0.0,1.7490859207932363,30,-2.5051053249553457,1.0
24,0.3055555555555555,0.6527777777777777,0.0,1.7490859207932363,31,-2.392537311734724,1.0
24,0.3055555555555555,0.6527777777777777,0.0,1.7490859207932363,32,-2.377260205110301,1.0
24,0.3055555555555555,0.6527777777777777,0.0,1.7490859207932363,33,-0.3335098604646619,1.0
24,0.3055555555555555,0.6527777777777777,0.0,1.7490859207932363,34,-0.2620081012151313,1.0
24,0.3055555555555555,0.6527777777777777,0.0,1.7490859207932363,35,-0.18908938721427626,1.0
24,0.3055555555555555,0.6527777777777777,0.0,1.7490859207932363,36,-0.11758168856550735,1.0
24,0.3055555555555555,0.6527777777777777,0.0,1.7490859207932363,37,1.5303674487222023,0.0
24,0.3055555555555555,0.6527777777777777,0.0,1.7490859207932363,38,1.5315889321292018,0.0
24,0.3055555555555555,0.6527777777777777,0.0,1.7490859207932363,39,1.591552298072932,0.0
24,0.3055555555555555,0.6527777777777777,0.0,1.7490859207932363,40,1.5928427523634296,0.0
24,0.3055555555555555,0.6527777777777777,0.0,1.7490859207932363,41,2.55927257542334,0.0
24,0.3055555555555555,0.6527777777777777,0.0,1.7490859207932363,42,2.5773625290348265,0.0
24,0.3055555555555555,0.6527777777777777,0.0,1.7490859207932363,43,2.6162751308144623,0.0
24,0.3055555555555555,0.6527777777777777,0.0,1.7490859207932363,44,2.624651782507879,0.0
24,0.3055555555555555,0.6527777777777777,0.0,1.7490859207932363,45,3.107851644497912,0.0
24,0.3055555555555555,0.6527777777777777,0.0,1.7490859207932363,46,3.183733426640437,0.0
24,0.3055555555555555,0.6527777777777777,0.0,1.7490859207932363,47,3.2512906998380675,0.0
24,0.3055555555555555,0.6527777777777777,0.0,1.7490859207932363,48,3.3153616598987323,0.0
24,0.3055555555555555,0.6527777777777777,0.0,1.7490859207932363,49,4.485257776567345,0.0
24,0.3055555555555555,0.6527777777777777,0.0,1.7490859207932363,50,4.519022608016228,0.0
24,0.3055555555555555,0.6527777777777777,0.0,1.7490859207932363,51,4.561569482532138,0.0
24,0.3055555555555555,0.6527777777777777,0.0,1.7490859207932363,52,4.598710346981906,0.0
24,0.3055555555555555,0.6527777777777777,0.0,1.7490859207932363,53,6.584153529406063,0.0
24,0.3055555555555555,0.6527777777777777,0.0,1.7490859207932363,54,6.654742815877115,0.0
24,0.3055555555555555,0.6527777777777777,0.0,1.7490859207932363,55,7.085910270527774,0.0
24,0.3055555555555555,0.6527777777777777,0.0,1.7490859207932363,56,7.196464302312389,0.0
24,0.3055555555555555,0.6527777777777777,0.0,1.7490859207932363,57,7.440376065897951,0.0
24,0.3055555555555555,0.6527777777777777,0.0,1.7490859207932363,58,7.443571107222048,0.0
24,0.3055555555555555,0.6527777777777777,0.0,1.7490859207932363,59,7.800577333851548,0.0
24,0.3055555555555555,0.6527777777777777,0.0,1.7490859207932363,60,7.852063061760116,0.0
24,0.3055555555555555,0.6527777777777777,0.0,1.7490859207932363,61,9.466137697169987,0.0
24,0.3055555555555555,0.6527777777777777,0.0,1.7490859207932363,62,9.470848718200674,0.0
24,0.3055555555555555,0.6527777777777777,0.0,1.7490859207932363,63,9.593461847140684,0.0
24,0.3055555555555555,0.6527777777777777,0.0,1.7490859207932363,64,9.606868204125913,0.0
25,0.3333333333333333,0.6666666666666666,0.0,1.8041152553613449,1,-12.189023791106738,1.0
25,0.3333333333333333,0.6666666666666666,0.0,1.8041152553613449,2,-12.15834667313133,1.0
25,0.3333333333333333,0.6666666666666666,0.0,1.8041152553613449,3,-12.127190195632366,1.0
25,0.3333333333333333,0.6666666666666666,0.0,1.8041152553613449,4,-12.096797207128855,1.0
25,0.3333333333333333,0.6666666666666666,0.0,1.8041152553613449,5,-12.078540697398715,1.0
25,0.3333333333333333,0.6666666666666666,0.0,1.8041152553613449,6,-12.074389110362667,1.0
25,0.3333333333333333,0.6666666666666666,0.0,1.8041152553613449,7,-12.015049991087746,1.0
25,0.3333333333333333,0.6666666666666666,0.0,1.8041152553613449,8,-12.010631001205429,1.0
25,0.3333333333333333,0.6666666666666666,0.0,1.8041152553613449,9,-5.580273227212476,1.0
25,0.3333333333333333,0.6666666666666666,0.0,1.8041152553613449,10,-5.573243769017006,1.0
25,0.3333333333333333,0.6666666666666666,0.0,1.8041152553613449,11,-5.52552544025343,1.0
25,0.3333333333333333,0.6666666666666666,0.0,1.8041152553613449,12,-5.518019768880013,1.0
25,0.3333333333333333,0.6666666666666666,0.0,1.8041152553613449,13,-4.865759043702138,1.0
25,0.3333333333333333,0.6666666666666666,0.0,1.8041152553613449,14,-4.832298518770989,1.0
25,0.3333333333333333,0.6666666666666666,0.0,1.8041152553613449,15,-4.778708018973898,1.0
25,0.3333333333333333,0.6666666666666666,0.0,1.8041152553613449,16,-4.744199717183193,1.0
25,0.3333333333333333,0.6666666666666666,0.0,1.8041152553613449,17,-4.308805246591874,1.0
25,0.3333333333333333,0.6666666666666666,0.0,1.8041152553613449,18,-4.306263474071548,1.0
25,0.3333333333333333,0.6666666666666666,0.0,1.8041152553613449,19,-4.283365389255993,1.0
25,0.3333333333333333,0.6666666666666666,0.0,1.8041152553613449,20,-4.274539834713096,1.0
25,0.3333333333333333,0.6666666666666666,0.0,1.8041152553613449,21,-3.7882692516291545,1.0
25,0.3333333333333333,0.6666666666666666,0.0,1.8041152553613449,22,-3.787264645819141,1.0
25,0.3333333333333333,0.6666666666666666,0.0,1.8041152553613449,23,-3.7543343603422006,1.0
25,0.3333333333333333,0.6666666666666666,0.0,1.8041152553613449,24,-3.752174363379064,1.0
25,0.3333333333333333,0.6666666666666666,0.0,1.8041152553613449,25,-3.204243743491988,1.0
25,0.3333333333333333,0.6666666666666666,0.0,1.8041152553613449,26,-3.1698839819205737,1.0
25,0.3333333333333333,0.6666666666666666,0.0,1.8041152553613449,27,-3.1492809423224086,1.0
25,0.3333333333333333,0.6666666666666666,0.0,1.8041152553613449,28,-3.103985459067361,1.0
25,0.3333333333333333,0.6666666666666666,0.0,1.8041152553613449,29,-2.545859913631193,1.0
25,0.3333333333333333,0.6666666666666666,0.0,1.8041152553613449,30,-2.5234929088648945,1.0
25,0.3333333333333333,0.6666666666666666,0.0,1.8041152553613449,31,-2.4103078342284556,1.0
25,0.3333333333333333,0.6666666666666666,0.0,1.8041152553613449,32,-2.3929939375563816,1.0
25,0.3333333333333333,0.6666666666666666,0.0,1.8041152553613449,33,-0.31706890829602885,1.0
25,0.3333333333333333,0.6666666666666666,0.0,1.8041152553613449,34,-0.24621663568344468,1.0
25,0.3333333333333333,0.6666666666666666,0.0,1.8041152553613449,35,-0.17039316629424048,1.0
25,0.3333333333333333,0.6666666666666666,0.0,1.8041152553613449,36,-0.09957582131785211,1.0
25,0.3333333333333333,0.6666666666666666,0.0,1.8041152553613449,37,1.510578469725648,0.0
25,0.3333333333333333,0.6666666666666666,0.0,1.8041152553613449,38,1.512179844523386,0.0
25,0.3333333333333333,0.6666666666666666,0.0,1.8041152553613449,39,1.5712667364836137,0.0
25,0.3333333333333333,0.6666666666666666,0.0,1.8041152553613449,40,1.5727504425646281,0.0
25,0.3333333333333333,0.6666666666666666,0.0,1.8041152553613449,41,2.5528157131229374,0.0
25,0.3333333333333333,0.6666666666666666,0.0,1.8041152553613449,42,2.565877378164461,0.0
25,0.3333333333333333,0.6666666666666666,0.0,1.8041152553613449,43,2.610032250756971,0.0
25,0.3333333333333333,0.6666666666666666,0.0,1.8041152553613449,44,2.6117067520184856,0.0
25,0.3333333333333333,0.6666666666666666,0.0,1.8041152553613449,45,3.135393842535917,0.0
25,0.3333333333333333,0.6666666666666666,0.0,1.8041152553613449,46,3.1924854239196954,0.0
25,0.3333333333333333,0.6666666666666666,0.0,1.8041152553613449,47,3.2818039597074806,0.0
25,0.3333333333333333,0.6666666666666666,0.0,1.8041152553613449,48,3.3225353376916402,0.0
25,0.3333333333333333,0.6666666666666666,0.0,1.8041152553613449,49,4.50340035373091,0.0
25,0.3333333333333333,0.6666666666666666,0.0,1.8041152553613449,50,4.525069921482226,0.0
25,0.3333333333333333,0.6666666666666666,0.0,1.8041152553613449,51,4.581057696615947,0.0
25,0.3333333333333333,0.6666666666666666,0.0,1.8041152553613449,52,4.605405062409577,0.0
25,0.3333333333333333,0.6666666666666666,0.0,1.8041152553613449,53,6.5886314072400545,0.0
25,0.3333333333333333,0.6666666666666666,0.0,1.8041152553613449,54,6.664067903807174,0.0
25,0.3333333333333333,0.6666666666666666,0.0,1.8041152553613449,55,7.116803933832269,0.0
25,0.3333333333333333,0.6666666666666666,0.0,1.8041152553613449,56,7.232164413356724,0.0
25,0.3333333333333333,0.6666666666666666,0.0,1.8041152553613449,57,7.4323229313801935,0.0
25,0.3333333333333333,0.6666666666666666,0.0,1.8041152553613449,58,7.43431540200544,0.0
25,0.3333333333333333,0.6666666666666666,0.0,1.8041152553613449,59,7.710702945580573,0.0
25,0.3333333333333333,0.6666666666666666,0.0,1.8041152553613449,60,7.751550062394596,0.0
25,0.3333333333333333,0.6666666666666666,0.0,1.8041152553613449,61,9.498290388350306,0.0
25,0.3333333333333333,0.6666666666666666,0.0,1.8041152553613449,62,9.502506275712648,0.0
25,0.3333333333333333,0.6666666666666666,0.0,1.8041152553613449,63,9.608160636427769,0.0
25,0.3333333333333333,0.6666666666666666,0.0,1.8041152553613449,64,9.623117884976491,0.0
26,0.3055555555555555,0.611111111111111,0.0,1.914173924497562,1,-12.222383206164253,1.0
26,0.3055555555555555,0.611111111111111,0.0,1.914173924497562,2,-12.193352149596166,1.0
26,0.3055555555555555,0.611111111111111,0.0,1.914173924497562,3,-12.154871289538452,1.0
26,0.3055555555555555,0.611111111111111,0.0,1.914173924497562,4,-12.126392626514328,1.0
26,0.3055555555555555,0.611111111111111,0.0,1.914173924497562,5,-12.09536359891554,1.0
26,0.3055555555555555,0.611111111111111,0.0,1.914173924497562,6,-12.08968818507261,1.0
26,0.3055555555555555,0.611111111111111,0.0,1.914173924497562,7,-12.030713602906925,1.0
26,0.3055555555555555,0.611111111111111,0.0,1.914173924497562,8,-12.026655444374821,1.0
26,0.3055555555555555,0.611111111111111,0.0,1.914173924497562,9,-5.530680734930634,1.0
26,0.3055555555555555,0.611111111111111,0.0,1.914173924497562,10,-5.523347056292776,1.0
26,0.3055555555555555,0.611111111111111,0.0,1.914173924497562,11,-5.4756197784045515,1.0
26,0.3055555555555555,0.611111111111111,0.0,1.914173924497562,12,-5.467776007688398,1.0
26,0.3055555555555555,0.611111111111111,0.0,1.914173924497562,13,-5.0549479650799025,1.0
26,0.3055555555555555,0.611111111111111,0.0,1.914173924497562,14,-5.030448377098434,1.0
26,0.3055555555555555,0.611111111111111,0.0,1.914173924497562,15,-4.935058935619077,1.0
26,0.3055555555555555,0.611111111111111,0.0,1.914173924497562,16,-4.906083085664699,1.0
26,0.3055555555555555,0.611111111111111,0.0,1.914173924497562,17,-4.136839225370215,1.0
26,0.3055555555555555,0.611111111111111,0.0,1.914173924497562,18,-4.108176064400864,1.0
26,0.3055555555555555,0.611111111111111,0.0,1.914173924497562,19,-4.102478985561369,1.0
26,0.3055555555555555,0.611111111111111,0.0,1.914173924497562,20,-4.078689643846094,1.0
26,0.3055555555555555,0.611111111111111,0.0,1.914173924497562,21,-3.7425417299539143,1.0
26,0.3055555555555555,0.611111111111111,0.0,1.914173924497562,22,-3.7284660710099398,1.0
26,0.3055555555555555,0.611111111111111,0.0,1.914173924497562,23,-3.6889585271561627,1.0
26,0.3055555555555555,0.611111111111111,0.0,1.914173924497562,24,-3.6780699499041636,1.0
26,0.3055555555555555,0.611111111111111,0.0,1.914173924497562,25,-3.2957234898253245,1.0
26,0.3055555555555555,0.611111111111111,0.0,1.914173924497562,26,-3.2649693289150163,1.0
26,0.3055555555555555,0.611111111111111,0.0,1.914173924497562,27,-3.166126592634168,1.0
26,0.3055555555555555,0.611111111111111,0.0,1.914173924497562,28,-3.1210969663424035,1.0
26,0.3055555555555555,0.611111111111111,0.0,1.914173924497562,29,-2.4655835520892144,1.0
26,0.3055555555555555,0.611111111111111,0.0,1.914173924497562,30,-2.4492056153867288,1.0
26,0.3055555555555555,0.611111111111111,0.0,1.914173924497562,31,-2.328015631303927,1.0
26,0.3055555555555555,0.611111111111111,0.0,1.914173924497562,32,-2.3188663410954127,1.0
26,0.3055555555555555,0.611111111111111,0.0,1.914173924497562,33,-0.388708822600737,1.0
26,0.3055555555555555,0.611111111111111,0.0,1.914173924497562,34,-0.3170768919851811,1.0
26,0.3055555555555555,0.611111111111111,0.0,1.914173924497562,35,-0.2504738538153499,1.0
26,0.3055555555555555,0.611111111111111,0.0,1.914173924497562,36,-0.1789724096283126,1.0
26,0.3055555555555555,0.611111111111111,0.0,1.914173924497562,37,1.5813487662246497,0.0
26,0.3055555555555555,0.611111111111111,0.0,1.914173924497562,38,1.5873794040190665,0.0
26,0.3055555555555555,0.611111111111111,0.0,1.914173924497562,39,1.651196635526679,0.0
26,0.3055555555555555,0.611111111111111,0.0,1.914173924497562,40,1.6586667498899592,0.0
26,0.3055555555555555,0.611111111111111,0.0,1.914173924497562,41,2.573527726529129,0.0
26,0.3055555555555555,0.611111111111111,0.0,1.914173924497562,42,2.5960907070404264,0.0
26,0.3055555555555555,0.611111111111111,0.0,1.914173924497562,43,2.6334540444101684,0.0
26,0.3055555555555555,0.611111111111111,0.0,1.914173924497562,44,2.638759359373413,0.0
26,0.3055555555555555,0.611111111111111,0.0,1.914173924497562,45,3.023978442442312,0.0
26,0.3055555555555555,0.611111111111111,0.0,1.914173924497562,46,3.1453039512321355,0.0
26,0.3055555555555555,0.611111111111111,0.0,1.914173924497562,47,3.1627327711241326,0.0
26,0.3055555555555555,0.611111111111111,0.0,1.914173924497562,48,3.2798289512463983,0.0
26,0.3055555555555555,0.611111111111111,0.0,1.914173924497562,49,4.4496667133385355,0.0
26,0.3055555555555555,0.611111111111111,0.0,1.914173924497562,50,4.496680816394107,0.0
26,0.3055555555555555,0.611111111111111,0.0,1.914173924497562,51,4.521526830376599,0.0
26,0.3055555555555555,0.611111111111111,0.0,1.914173924497562,52,4.574940277643497,0.0
26,0.3055555555555555,0.611111111111111,0.0,1.914173924497562,53,6.6402114745967005,0.0
26,0.3055555555555555,0.611111111111111,0.0,1.914173924497562,54,6.70624500133796,0.0
26,0.3055555555555555,0.611111111111111,0.0,1.914173924497562,55,7.0110700827073735,0.0
26,0.3055555555555555,0.611111111111111,0.0,1.914173924497562,56,7.088646694387153,0.0
26,0.3055555555555555,0.611111111111111,0.0,1.914173924497562,57,7.577994234021137,0.0
26,0.3055555555555555,0.611111111111111,0.0,1.914173924497562,58,7.609696237224686,0.0
26,0.3055555555555555,0.611111111111111,0.0,1.914173924497562,59,7.887334382611261,0.0
26,0.3055555555555555,0.611111111111111,0.0,1.914173924497562,60,7.949209297259117,0.0
26,0.3055555555555555,0.611111111111111,0.0,1.914173924497562,61,9.409736416604233,0.0
26,0.3055555555555555,0.611111111111111,0.0,1.914173924497562,62,9.412867396961392,0.0
26,0.3055555555555555,0.611111111111111,0.0,1.914173924497562,63,9.485667025231432,0.0
26,0.3055555555555555,0.611111111111111,0.0,1.914173924497562,64,9.494479240879006,0.0
27,0.2777777777777778,0.5555555555555556,0.0,2.0242325936337786,1,-12.329342684736163,1.0
27,0.2777777777777778,0.5555555555555556,0.0,2.0242325936337786,2,-12.304142197091924,1.0
27,0.2777777777777778,0.5555555555555556,0.0,2.0242325936337786,3,-12.245455279093507,1.0
27,0.2777777777777778,0.5555555555555556,0.0,2.0242325936337786,4,-12.21970098467555,1.0
27,0.2777777777777778,0.5555555555555556,0.0,2.0242325936337786,5,-12.15238634451517,1.0
27,0.2777777777777778,0.5555555555555556,0.0,2.0242325936337786,6,-12.146827713776817,1.0
27,0.2777777777777778,0.5555555555555556,0.0,2.0242325936337786,7,-12.07865907954524,1.0
27,0.2777777777777778,0.5555555555555556,0.0,2.0242325936337786,8,-12.075167239072941,1.0
27,0.2777777777777778,0.5555555555555556,0.0,2.0242325936337786,9,-5.382278901494283,1.0
27,0.2777777777777778,0.5555555555555556,0.0,2.0242325936337786,10,-5.374932938278603,1.0
27,0.2777777777777778,0.5555555555555556,0.0,2.0242325936337786,11,-5.323555679367987,1.0
27,0.2777777777777778,0.5555555555555556,0.0,2.0242325936337786,12,-5.3150122662183374,1.0
27,0.2777777777777778,0.5555555555555556,0.0,2.0242325936337786,13,-5.252449995466817,1.0
27,0.2777777777777778,0.5555555555555556,0.0,2.0242325936337786,14,-5.241681659461474,1.0
27,0.2777777777777778,0.5555555555555556,0.0,2.0242325936337786,15,-5.1275597886466855,1.0
27,0.2777777777777778,0.5555555555555556,0.0,2.0242325936337786,16,-5.109299583581754,1.0
27,0.2777777777777778,0.5555555555555556,0.0,2.0242325936337786,17,-3.9416358693033127,1.0
27,0.2777777777777778,0.5555555555555556,0.0,2.0242325936337786,18,-3.925800713033052,1.0
27,0.2777777777777778,0.5555555555555556,0.0,2.0242325936337786,19,-3.9056167224929674,1.0
27,0.2777777777777778,0.5555555555555556,0.0,2.0242325936337786,20,-3.891386726068753,1.0
27,0.2777777777777778,0.5555555555555556,0.0,2.0242325936337786,21,-3.5578216451542657,1.0
27,0.2777777777777778,0.5555555555555556,0.0,2.0242325936337786,22,-3.505119546757954,1.0
27,0.2777777777777778,0.5555555555555556,0.0,2.0242325936337786,23,-3.486284798909036,1.0
27,0.2777777777777778,0.5555555555555556,0.0,2.0242325936337786,24,-3.452491765478142,1.0
27,0.2777777777777778,0.5555555555555556,0.0,2.0242325936337786,25,-3.4135101441355564,1.0
27,0.2777777777777778,0.5555555555555556,0.0,2.0242325936337786,26,-3.3784990553083953,1.0
27,0.2777777777777778,0.5555555555555556,0.0,2.0242325936337786,27,-3.240039671400519,1.0
27,0.2777777777777778,0.5555555555555556,0.0,2.0242325936337786,28,-3.2031918727607054,1.0
27,0.2777777777777778,0.5555555555555556,0.0,2.0242325936337786,29,-2.2648784667440407,1.0
27,0.2777777777777778,0.5555555555555556,0.0,2.0242325936337786,30,-2.2593541327788813,1.0
27,0.2777777777777778,0.5555555555555556,0.0,2.0242325936337786,31,-2.1365964424339543,1.0
27,0.2777777777777778,0.5555555555555556,0.0,2.0242325936337786,32,-2.130413403215305,1.0
27,0.2777777777777778,0.5555555555555556,0.0,2.0242325936337786,33,-0.5692793468928607,1.0
27,0.2777777777777778,0.5555555555555556,0.0,2.0242325936337786,34,-0.4974678143322215,1.0
27,0.2777777777777778,0.5555555555555556,0.0,2.0242325936337786,35,-0.44658883834671353,1.0
27,0.2777777777777778,0.5555555555555556,0.0,2.0242325936337786,36,-0.375003656963501,1.0
27,0.2777777777777778,0.5555555555555556,0.0,2.0242325936337786,37,1.705138850100603,0.0
27,0.2777777777777778,0.5555555555555556,0.0,2.0242325936337786,38,1.7149766905269348,0.0
27,0.2777777777777778,0.5555555555555556,0.0,2.0242325936337786,39,1.840150200115568,0.0
27,0.2777777777777778,0.5555555555555556,0.0,2.0242325936337786,40,1.8630060162342028,0.0
27,0.2777777777777778,0.5555555555555556,0.0,2.0242325936337786,41,2.5729128363952163,0.0
27,0.2777777777777778,0.5555555555555556,0.0,2.0242325936337786,42,2.636767348421121,0.0
27,0.2777777777777778,0.5555555555555556,0.0,2.0242325936337786,43,2.6578142101211353,0.0
27,0.2777777777777778,0.5555555555555556,0.0,2.0242325936337786,44,2.694490578575574,0.0
27,0.2777777777777778,0.5555555555555556,0.0,2.0242325936337786,45,2.8136848726886106,0.0
27,0.2777777777777778,0.5555555555555556,0.0,2.0242325936337786,46,2.921979081149811,0.0
27,0.2777777777777778,0.5555555555555556,0.0,2.0242325936337786,47,2.975075880805558,0.0
27,0.2777777777777778,0.5555555555555556,0.0,2.0242325936337786,48,3.0830998268529406,0.0
27,0.2777777777777778,0.5555555555555556,0.0,2.0242325936337786,49,4.339022634186474,0.0
27,0.2777777777777778,0.5555555555555556,0.0,2.0242325936337786,50,4.394853841086842,0.0
27,0.2777777777777778,0.5555555555555556,0.0,2.0242325936337786,51,4.4128208678816865,0.0
27,0.2777777777777778,0.5555555555555556,0.0,2.0242325936337786,52,4.48182779711613,0.0
27,0.2777777777777778,0.5555555555555556,0.0,2.0242325936337786,53,6.840243954197964,0.0
27,0.2777777777777778,0.5555555555555556,0.0,2.0242325936337786,54,6.895358513780806,0.0
27,0.2777777777777778,0.5555555555555556,0.0,2.0242325936337786,55,7.017727234203701,0.0
27,0.2777777777777778,0.5555555555555556,0.0,2.0242325936337786,56,7.063750081732852,0.0
27,0.2777777777777778,0.5555555555555556,0.0,2.0242325936337786,57,7.889866153190111,0.0
27,0.2777777777777778,0.5555555555555556,0.0,2.0242325936337786,58,7.939111145559565,0.0
27,0.2777777777777778,0.5555555555555556,0.0,2.0242325936337786,59,8.140402773517094,0.0
27,0.2777777777777778,0.5555555555555556,0.0,2.0242325936337786,60,8.2119449780398,0.0
27,0.2777777777777778,0.5555555555555556,0.0,2.0242325936337786,61,9.123224865647085,0.0
27,0.2777777777777778,0.5555555555555556,0.0,2.0242325936337786,62,9.130399804244858,0.0
27,0.2777777777777778,0.5555555555555556,0.0,2.0242325936337786,63,9.199934809646928,0.0
27,0.2777777777777778,0.5555555555555556,0.0,2.0242325936337786,64,9.211536466254252,0.0
28,0.25,0.5,0.0,2.1342912627699957,1,-12.508435126188914,1.0
28,0.25,0.5,0.0,2.1342912627699957,2,-12.488009335634505,1.0
28,0.25,0.5,0.0,2.1342912627699957,3,-12.40363641409142,1.0
28,0.25,0.5,0.0,2.1342912627699957,4,-12.382011392043172,1.0
28,0.25,0.5,0.0,2.1342912627699957,5,-12.251351751142884,1.0
28,0.25,0.5,0.0,2.1342912627699957,6,-12.24720825652107,1.0
28,0.25,0.5,0.0,2.1342912627699957,7,-12.157845603451705,1.0
28,0.25,0.5,0.0,2.1342912627699957,8,-12.15490763943151,1.0
28,0.25,0.5,0.0,2.1342912627699957,9,-5.377766291847753,1.0
28,0.25,0.5,0.0,2.1342912627699957,10,-5.37693869416482,1.0
28,0.25,0.5,0.0,2.1342912627699957,11,-5.2197799376375835,1.0
28,0.25,0.5,0.0,2.1342912627699957,12,-5.213066395301111,1.0
28,0.25,0.5,0.0,2.1342912627699957,13,-5.089609245998082,1.0
28,0.25,0.5,0.0,2.1342912627699957,14,-5.079685413340374,1.0
28,0.25,0.5,0.0,2.1342912627699957,15,-5.0435436313699595,1.0
28,0.25,0.5,0.0,2.1342912627699957,16,-5.032565785289877,1.0
28,0.25,0.5,0.0,2.1342912627699957,17,-3.9396657929980625,1.0
28,0.25,0.5,0.0,2.1342912627699957,18,-3.925325096065687,1.0
28,0.25,0.5,0.0,2.1342912627699957,19,-3.8299257306044687,1.0
28,0.25,0.5,0.0,2.1342912627699957,20,-3.8198594932274217,1.0
28,0.25,0.5,0.0,2.1342912627699957,21,-3.5678110424933642,1.0
28,0.25,0.5,0.0,2.1342912627699957,22,-3.550212900922884,1.0
28,0.25,0.5,0.0,2.1342912627699957,23,-3.3236232396519085,1.0
28,0.25,0.5,0.0,2.1342912627699957,24,-3.3006602051227585,1.0
28,0.25,0.5,0.0,2.1342912627699957,25,-3.1554574072548496,1.0
28,0.25,0.5,0.0,2.1342912627699957,26,-3.116659256650138,1.0
28,0.25,0.5,0.0,2.1342912627699957,27,-3.076463065663299,1.0
28,0.25,0.5,0.0,2.1342912627699957,28,-3.036272200137967,1.0
28,0.25,0.5,0.0,2.1342912627699957,29,-2.0206528481636665,1.0
28,0.25,0.5,0.0,2.1342912627699957,30,-2.0129448442150126,1.0
28,0.25,0.5,0.0,2.1342912627699957,31,-1.91099531496282,1.0
28,0.25,0.5,0.0,2.1342912627699957,32,-1.8978605673966475,1.0
28,0.25,0.5,0.0,2.1342912627699957,33,-0.7772329271074022,1.0
28,0.25,0.5,0.0,2.1342912627699957,34,-0.7004881776381058,1.0
28,0.25,0.5,0.0,2.1342912627699957,35,-0.6670025650142503,1.0
28,0.25,0.5,0.0,2.1342912627699957,36,-0.5902001676738514,1.0
28,0.25,0.5,0.0,2.1342912627699957,37,1.7064890532335615,0.0
28,0.25,0.5,0.0,2.1342912627699957,38,1.7241286009632488,0.0
28,0.25,0.5,0.0,2.1342912627699957,39,2.017832571883515,0.0
28,0.25,0.5,0.0,2.1342912627699957,40,2.0389522608915147,0.0
28,0.25,0.5,0.0,2.1342912627699957,41,2.468247743797197,0.0
28,0.25,0.5,0.0,2.1342912627699957,42,2.5421734255032904,0.0
28,0.25,0.5,0.0,2.1342912627699957,43,2.5726710615437565,0.0
28,0.25,0.5,0.0,2.1342912627699957,44,2.668953730898167,0.0
28,0.25,0.5,0.0,2.1342912627699957,45,2.6882581719908636,0.0
28,0.25,0.5,0.0,2.1342912627699957,46,2.7066197651901724,0.0
28,0.25,0.5,0.0,2.1342912627699957,47,2.845597324621642,0.0
28,0.25,0.5,0.0,2.1342912627699957,48,2.881081901628704,0.0
28,0.25,0.5,0.0,2.1342912627699957,49,4.226278180346324,0.0
28,0.25,0.5,0.0,2.1342912627699957,50,4.256441977966364,0.0
28,0.25,0.5,0.0,2.1342912627699957,51,4.298442260208348,0.0
28,0.25,0.5,0.0,2.1342912627699957,52,4.350342838221567,0.0
28,0.25,0.5,0.0,2.1342912627699957,53,7.114368168851264,0.0
28,0.25,0.5,0.0,2.1342912627699957,54,7.1597263956736645,0.0
28,0.25,0.5,0.0,2.1342912627699957,55,7.299397769402023,0.0
28,0.25,0.5,0.0,2.1342912627699957,56,7.317309332733008,0.0
28,0.25,0.5,0.0,2.1342912627699957,57,8.105491445231326,0.0
28,0.25,0.5,0.0,2.1342912627699957,58,8.141776900859607,0.0
28,0.25,0.5,0.0,2.1342912627699957,59,8.221940642094818,0.0
28,0.25,0.5,0.0,2.1342912627699957,60,8.264007957486399,0.0
28,0.25,0.5,0.0,2.1342912627699957,61,8.82684736290095,0.0
28,0.25,0.5,0.0,2.1342912627699957,62,8.849273345920718,0.0
28,0.25,0.5,0.0,2.1342912627699957,63,8.963405849453814,0.0
28,0.25,0.5,0.0,2.1342912627699957,64,9.00211414232604,0.0
29,0.2222222222222222,0.4444444444444444,0.0,2.244349931906213,1,-12.74658750834487,1.0
29,0.2222222222222222,0.4444444444444444,0.0,2.244349931906213,2,-12.731239993889751,1.0
29,0.2222222222222222,0.4444444444444444,0.0,2.244349931906213,3,-12.621834180741399,1.0
29,0.2222222222222222,0.4444444444444444,0.0,2.244349931906213,4,-12.605334437431985,1.0
29,0.2222222222222222,0.4444444444444444,0.0,2.244349931906213,5,-12.38270064746856,1.0
29,0.2222222222222222,0.4444444444444444,0.0,2.244349931906213,6,-12.37983374382388,1.0
29,0.2222222222222222,0.4444444444444444,0.0,2.244349931906213,7,-12.26407824204366,1.0
29,0.2222222222222222,0.4444444444444444,0.0,2.244349931906213,8,-12.26179129401347,1.0
29,0.2222222222222222,0.4444444444444444,0.0,2.244349931906213,9,-5.370048775988744,1.0
29,0.2222222222222222,0.4444444444444444,0.0,2.244349931906213,10,-5.360331290519072,1.0
29,0.2222222222222222,0.4444444444444444,0.0,2.244349931906213,11,-5.178071091921765,1.0
29,0.2222222222222222,0.4444444444444444,0.0,2.244349931906213,12,-5.1751267305848625,1.0
29,0.2222222222222222,0.4444444444444444,0.0,2.244349931906213,13,-4.733711986689551,1.0
29,0.2222222222222222,0.4444444444444444,0.0,2.244349931906213,14,-4.719105682687857,1.0
29,0.2222222222222222,0.4444444444444444,0.0,2.244349931906213,15,-4.686908658819945,1.0
29,0.2222222222222222,0.4444444444444444,0.0,2.244349931906213,16,-4.672546408055251,1.0
29,0.2222222222222222,0.4444444444444444,0.0,2.244349931906213,17,-3.9946157625730976,1.0
29,0.2222222222222222,0.4444444444444444,0.0,2.244349931906213,18,-3.979827286378379,1.0
29,0.2222222222222222,0.4444444444444444,0.0,2.244349931906213,19,-3.837000745183248,1.0
29,0.2222222222222222,0.4444444444444444,0.0,2.244349931906213,20,-3.825193257366558,1.0
29,0.2222222222222222,0.4444444444444444,0.0,2.244349931906213,21,-3.627256298090235,1.0
29,0.2222222222222222,0.4444444444444444,0.0,2.244349931906213,22,-3.609941048536613,1.0
29,0.2222222222222222,0.4444444444444444,0.0,2.244349931906213,23,-3.355617563232764,1.0
29,0.2222222222222222,0.4444444444444444,0.0,2.244349931906213,24,-3.33336868044658,1.0
29,0.2222222222222222,0.4444444444444444,0.0,2.244349931906213,25,-2.7715766530084913,1.0
29,0.2222222222222222,0.4444444444444444,0.0,2.244349931906213,26,-2.719557911198719,1.0
29,0.2222222222222222,0.4444444444444444,0.0,2.244349931906213,27,-2.6868160773258802,1.0
29,0.2222222222222222,0.4444444444444444,0.0,2.244349931906213,28,-2.633720129760527,1.0
29,0.2222222222222222,0.4444444444444444,0.0,2.244349931906213,29,-1.781501974429181,1.0
29,0.2222222222222222,0.4444444444444444,0.0,2.244349931906213,30,-1.7638214383274873,1.0
29,0.2222222222222222,0.4444444444444444,0.0,2.244349931906213,31,-1.6789957870280707,1.0
29,0.2222222222222222,0.4444444444444444,0.0,2.244349931906213,32,-1.6619360368636018,1.0
29,0.2222222222222222,0.4444444444444444,0.0,2.244349931906213,33,-0.9496027750863565,1.0
29,0.2222222222222222,0.4444444444444444,0.0,2.244349931906213,34,-0.8633680385040163,1.0
29,0.2222222222222222,0.4444444444444444,0.0,2.244349931906213,35,-0.8479906912896678,1.0
29,0.2222222222222222,0.4444444444444444,0.0,2.244349931906213,36,-0.7621126215893097,1.0
29,0.2222222222222222,0.4444444444444444,0.0,2.244349931906213,37,1.544928071351995,0.0
29,0.2222222222222222,0.4444444444444444,0.0,2.244349931906213,38,1.597690114420259,0.0
29,0.2222222222222222,0.4444444444444444,0.0,2.244349931906213,39,2.0034525316305265,0.0
29,0.2222222222222222,0.4444444444444444,0.0,2.244349931906213,40,2.0483916633342174,0.0
29,0.2222222222222222,0.4444444444444444,0.0,2.244349931906213,41,2.3423971821350653,0.0
29,0.2222222222222222,0.4444444444444444,0.0,2.244349931906213,42,2.3712272999395285,0.0
29,0.2222222222222222,0.4444444444444444,0.0,2.244349931906213,43,2.399398233177063,0.0
29,0.2222222222222222,0.4444444444444444,0.0,2.244349931906213,44,2.437819818066896,0.0
29,0.2222222222222222,0.4444444444444444,0.0,2.244349931906213,45,2.6057449264451353,0.0
29,0.2222222222222222,0.4444444444444444,0.0,2.244349931906213,46,2.630414720212536,0.0
29,0.2222222222222222,0.4444444444444444,0.0,2.244349931906213,47,2.8240806306183854,0.0
29,0.2222222222222222,0.4444444444444444,0.0,2.244349931906213,48,2.8275316035180484,0.0
29,0.2222222222222222,0.4444444444444444,0.0,2.244349931906213,49,4.129221256413631,0.0
29,0.2222222222222222,0.4444444444444444,0.0,2.244349931906213,50,4.1301033294474365,0.0
29,0.2222222222222222,0.4444444444444444,0.0,2.244349931906213,51,4.1812291518677025,0.0
29,0.2222222222222222,0.4444444444444444,0.0,2.244349931906213,52,4.206264547568848,0.0
29,0.2222222222222222,0.4444444444444444,0.0,2.244349931906213,53,7.460499704460659,0.0
29,0.2222222222222222,0.4444444444444444,0.0,2.244349931906213,54,7.483909388265097,0.0
29,0.2222222222222222,0.4444444444444444,0.0,2.244349931906213,55,7.608481102536986,0.0
29,0.2222222222222222,0.4444444444444444,0.0,2.244349931906213,56,7.626969662203219,0.0
29,0.2222222222222222,0.4444444444444444,0.0,2.244349931906213,57,7.8172735335983266,0.0
29,0.2222222222222222,0.4444444444444444,0.0,2.244349931906213,58,7.82208498599465,0.0
29,0.2222222222222222,0.4444444444444444,0.0,2.244349931906213,59,7.963562415422983,0.0
29,0.2222222222222222,0.4444444444444444,0.0,2.244349931906213,60,8.001932765820083,0.0
29,0.2222222222222222,0.4444444444444444,0.0,2.244349931906213,61,8.83383822915031,0.0
29,0.2222222222222222,0.4444444444444444,0.0,2.244349931906213,62,8.841270623167773,0.0
29,0.2222222222222222,0.4444444444444444,0.0,2.244349931906213,63,8.990688744775504,0.0
29,0.2222222222222222,0.4444444444444444,0.0,2.244349931906213,64,9.005394724112168,0.0
30,0.1944444444444444,0.3888888888888888,0.0,2.35440860104243,1,-13.022609434663984,1.0
30,0.1944444444444444,0.3888888888888888,0.0,2.35440860104243,2,-13.011950048740541,1.0
30,0.1944444444444444,0.3888888888888888,0.0,2.35440860104243,3,-12.881342376228567,1.0
30,0.1944444444444444,0.3888888888888888,0.0,2.35440860104243,4,-12.8697997474629,1.0
30,0.1944444444444444,0.3888888888888888,0.0,2.35440860104243,5,-12.533557498538038,1.0
30,0.1944444444444444,0.3888888888888888,0.0,2.35440860104243,6,-12.531667672819879,1.0
30,0.1944444444444444,0.3888888888888888,0.0,2.35440860104243,7,-12.388905512794114,1.0
30,0.1944444444444444,0.3888888888888888,0.0,2.35440860104243,8,-12.387271428533715,1.0
30,0.1944444444444444,0.3888888888888888,0.0,2.35440860104243,9,-5.30579207687218,1.0
30,0.1944444444444444,0.3888888888888888,0.0,2.35440860104243,10,-5.290233097468743,1.0
30,0.1944444444444444,0.3888888888888888,0.0,2.35440860104243,11,-5.052645398163158,1.0
30,0.1944444444444444,0.3888888888888888,0.0,2.35440860104243,12,-5.041874540760947,1.0
30,0.1944444444444444,0.3888888888888888,0.0,2.35440860104243,13,-4.336568542130298,1.0
30,0.1944444444444444,0.3888888888888888,0.0,2.35440860104243,14,-4.318029852011156,1.0
30,0.1944444444444444,0.3888888888888888,0.0,2.35440860104243,15,-4.271983881517631,1.0
30,0.1944444444444444,0.3888888888888888,0.0,2.35440860104243,16,-4.255022894218023,1.0
30,0.1944444444444444,0.3888888888888888,0.0,2.35440860104243,17,-4.014253117997878,1.0
30,0.1944444444444444,0.3888888888888888,0.0,2.35440860104243,18,-4.00539984932664,1.0
30,0.1944444444444444,0.3888888888888888,0.0,2.35440860104243,19,-3.880135170820349,1.0
30,0.1944444444444444,0.3888888888888888,0.0,2.35440860104243,20,-3.868464327362243,1.0
30,0.1944444444444444,0.3888888888888888,0.0,2.35440860104243,21,-3.6254660062717794,1.0
30,0.1944444444444444,0.3888888888888888,0.0,2.35440860104243,22,-3.6040205855283567,1.0
30,0.1944444444444444,0.3888888888888888,0.0,2.35440860104243,23,-3.3317243716618656,1.0
30,0.1944444444444444,0.3888888888888888,0.0,2.35440860104243,24,-3.308086361893942,1.0
30,0.1944444444444444,0.3888888888888888,0.0,2.35440860104243,25,-2.4169175473396742,1.0
30,0.1944444444444444,0.3888888888888888,0.0,2.35440860104243,26,-2.3539293605923084,1.0
30,0.1944444444444444,0.3888888888888888,0.0,2.35440860104243,27,-2.330468832307378,1.0
30,0.1944444444444444,0.3888888888888888,0.0,2.35440860104243,28,-2.2672117995415495,1.0
30,0.1944444444444444,0.3888888888888888,0.0,2.35440860104243,29,-1.5828149185547953,1.0
30,0.1944444444444444,0.3888888888888888,0.0,2.35440860104243,30,-1.5528076643678177,1.0
30,0.1944444444444444,0.3888888888888888,0.0,2.35440860104243,31,-1.4559761747621933,1.0
30,0.1944444444444444,0.3888888888888888,0.0,2.35440860104243,32,-1.4343078789522687,1.0
30,0.1944444444444444,0.3888888888888888,0.0,2.35440860104243,33,-1.059102695725307,1.0
30,0.1944444444444444,0.3888888888888888,0.0,2.35440860104243,34,-0.9763118972588933,1.0
30,0.1944444444444444,0.3888888888888888,0.0,2.35440860104243,35,-0.9650704892233424,1.0
30,0.1944444444444444,0.3888888888888888,0.0,2.35440860104243,36,-0.8843688060078772,1.0
30,0.1944444444444444,0.3888888888888888,0.0,2.35440860104243,37,1.4033305903026014,0.0
30,0.1944444444444444,0.3888888888888888,0.0,2.35440860104243,38,1.4644042740607697,0.0
30,0.1944444444444444,0.3888888888888888,0.0,2.35440860104243,39,1.8080470709264809,0.0
30,0.1944444444444444,0.3888888888888888,0.0,2.35440860104243,40,1.894902270852731,0.0
30,0.1944444444444444,0.3888888888888888,0.0,2.35440860104243,41,2.254765758986848,0.0
30,0.1944444444444444,0.3888888888888888,0.0,2.35440860104243,42,2.2642275933963933,0.0
30,0.1944444444444444,0.3888888888888888,0.0,2.35440860104243,43,2.2838517080368033,0.0
30,0.1944444444444444,0.3888888888888888,0.0,2.35440860104243,44,2.3001077631082105,0.0
30,0.1944444444444444,0.3888888888888888,0.0,2.35440860104243,45,2.475627960001239,0.0
30,0.1944444444444444,0.3888888888888888,0.0,2.35440860104243,46,2.5225774154730245,0.0
30,0.1944444444444444,0.3888888888888888,0.0,2.35440860104243,47,2.7503217093629027,0.0
30,0.1944444444444444,0.3888888888888888,0.0,2.35440860104243,48,2.7772455321894953,0.0
30,0.1944444444444444,0.3888888888888888,0.0,2.35440860104243,49,3.9918386180987615,0.0
30,0.1944444444444444,0.3888888888888888,0.0,2.35440860104243,50,4.013246449663029,0.0
30,0.1944444444444444,0.3888888888888888,0.0,2.35440860104243,51,4.052084102023915,0.0
30,0.1944444444444444,0.3888888888888888,0.0,2.35440860104243,52,4.059193993067714,0.0
30,0.1944444444444444,0.3888888888888888,0.0,2.35440860104243,53,7.236219623773277,0.0
30,0.1944444444444444,0.3888888888888888,0.0,2.35440860104243,54,7.245563770667012,0.0
30,0.1944444444444444,0.3888888888888888,0.0,2.35440860104243,55,7.322494974513033,0.0
30,0.1944444444444444,0.3888888888888888,0.0,2.35440860104243,56,7.329605381163301,0.0
30,0.1944444444444444,0.3888888888888888,0.0,2.35440860104243,57,7.880667434687661,0.0
30,0.1944444444444444,0.3888888888888888,0.0,2.35440860104243,58,7.905408152018529,0.0
30,0.1944444444444444,0.3888888888888888,0.0,2.35440860104243,59,8.268956417582082,0.0
30,0.1944444444444444,0.3888888888888888,0.0,2.35440860104243,60,8.28889115379813,0.0
30,0.1944444444444444,0.3888888888888888,0.0,2.35440860104243,61,8.424539730203268,0.0
30,0.1944444444444444,0.3888888888888888,0.0,2.35440860104243,62,8.42786469941565,0.0
30,0.1944444444444444,0.3888888888888888,0.0,2.35440860104243,63,9.015760038156287,0.0
30,0.1944444444444444,0.3888888888888888,0.0,2.35440860104243,64,9.042236968488947,0.0
31,0.1666666666666667,0.3333333333333333,0.0,2.4644672701786465,1,-13.312413194120385,1.0
31,0.1666666666666667,0.3333333333333333,0.0,2.4644672701786465,2,-13.305589754798358,1.0
31,0.1666666666666667,0.3333333333333333,0.0,2.4644672701786465,3,-13.158659555717037,1.0
31,0.1666666666666667,0.3333333333333333,0.0,2.4644672701786465,4,-13.151236153475185,1.0
31,0.1666666666666667,0.3333333333333333,0.0,2.4644672701786465,5,-12.691161295247838,1.0
31,0.1666666666666667,0.3333333333333333,0.0,2.4644672701786465,6,-12.689988605290463,1.0
31,0.1666666666666667,0.3333333333333333,0.0,2.4644672701786465,7,-12.521838274556618,1.0
31,0.1666666666666667,0.3333333333333333,0.0,2.4644672701786465,8,-12.520763425317895,1.0
31,0.1666666666666667,0.3333333333333333,0.0,2.4644672701786465,9,-5.27971386232842,1.0
31,0.1666666666666667,0.3333333333333333,0.0,2.4644672701786465,10,-5.2651613014617755,1.0
31,0.1666666666666667,0.3333333333333333,0.0,2.4644672701786465,11,-4.909990211448347,1.0
31,0.1666666666666667,0.3333333333333333,0.0,2.4644672701786465,12,-4.896197859212722,1.0
31,0.1666666666666667,0.3333333333333333,0.0,2.4644672701786465,13,-4.107887548343067,1.0
31,0.1666666666666667,0.3333333333333333,0.0,2.4644672701786465,14,-4.105963290677862,1.0
31,0.1666666666666667,0.3333333333333333,0.0,2.4644672701786465,15,-3.9932792028919746,1.0
31,0.1666666666666667,0.3333333333333333,0.0,2.4644672701786465,16,-3.9926075162822965,1.0
31,0.1666666666666667,0.3333333333333333,0.0,2.4644672701786465,17,-3.8585409982421988,1.0
31,0.1666666666666667,0.3333333333333333,0.0,2.4644672701786465,18,-3.8421208244477114,1.0
31,0.1666666666666667,0.3333333333333333,0.0,2.4644672701786465,19,-3.7160845043174016,1.0
31,0.1666666666666667,0.3333333333333333,0.0,2.4644672701786465,20,-3.694260777239843,1.0
31,0.1666666666666667,0.3333333333333333,0.0,2.4644672701786465,21,-3.4444344378083445,1.0
31,0.1666666666666667,0.3333333333333333,0.0,2.4644672701786465,22,-3.42460858137765,1.0
31,0.1666666666666667,0.3333333333333333,0.0,2.4644672701786465,23,-3.2227670892496425,1.0
31,0.1666666666666667,0.3333333333333333,0.0,2.4644672701786465,24,-3.1937924281409824,1.0
31,0.1666666666666667,0.3333333333333333,0.0,2.4644672701786465,25,-2.161911110592671,1.0
31,0.1666666666666667,0.3333333333333333,0.0,2.4644672701786465,26,-2.094277827246411,1.0
31,0.1666666666666667,0.3333333333333333,0.0,2.4644672701786465,27,-2.0807358907327504,1.0
31,0.1666666666666667,0.3333333333333333,0.0,2.4644672701786465,28,-2.0140082193003206,1.0
31,0.1666666666666667,0.3333333333333333,0.0,2.4644672701786465,29,-1.4452700006966994,1.0
31,0.1666666666666667,0.3333333333333333,0.0,2.4644672701786465,30,-1.405084519754705,1.0
31,0.1666666666666667,0.3333333333333333,0.0,2.4644672701786465,31,-1.2609974994835014,1.0
31,0.1666666666666667,0.3333333333333333,0.0,2.4644672701786465,32,-1.2311616388402897,1.0
31,0.1666666666666667,0.3333333333333333,0.0,2.4644672701786465,33,-1.0791450257748298,1.0
31,0.1666666666666667,0.3333333333333333,0.0,2.4644672701786465,34,-1.0217363389148955,1.0
31,0.1666666666666667,0.3333333333333333,0.0,2.4644672701786465,35,-0.9980969939969374,1.0
31,0.1666666666666667,0.3333333333333333,0.0,2.4644672701786465,36,-0.942297161890597,1.0
31,0.1666666666666667,0.3333333333333333,0.0,2.4644672701786465,37,1.3913400082746086,0.0
31,0.1666666666666667,0.3333333333333333,0.0,2.4644672701786465,38,1.4387393678997666,0.0
31,0.1666666666666667,0.3333333333333333,0.0,2.4644672701786465,39,1.724166240900976,0.0
31,0.1666666666666667,0.3333333333333333,0.0,2.4644672701786465,40,1.802961549861752,0.0
31,0.1666666666666667,0.3333333333333333,0.0,2.4644672701786465,41,2.163839290957008,0.0
31,0.1666666666666667,0.3333333333333333,0.0,2.4644672701786465,42,2.1667984021342814,0.0
31,0.1666666666666667,0.3333333333333333,0.0,2.4644672701786465,43,2.179135274296387,0.0
31,0.1666666666666667,0.3333333333333333,0.0,2.4644672701786465,44,2.221484992553754,0.0
31,0.1666666666666667,0.3333333333333333,0.0,2.4644672701786465,45,2.341898559343975,0.0
31,0.1666666666666667,0.3333333333333333,0.0,2.4644672701786465,46,2.4029200603083876,0.0
31,0.1666666666666667,0.3333333333333333,0.0,2.4644672701786465,47,2.642519083396933,0.0
31,0.1666666666666667,0.3333333333333333,0.0,2.4644672701786465,48,2.68904897583785,0.0
31,0.1666666666666667,0.3333333333333333,0.0,2.4644672701786465,49,3.8039119834396784,0.0
31,0.1666666666666667,0.3333333333333333,0.0,2.4644672701786465,50,3.8398552091036686,0.0
31,0.1666666666666667,0.3333333333333333,0.0,2.4644672701786465,51,3.861906863852811,0.0
31,0.1666666666666667,0.3333333333333333,0.0,2.4644672701786465,52,3.893751954955677,0.0
31,0.1666666666666667,0.3333333333333333,0.0,2.4644672701786465,53,6.745167096423196,0.0
31,0.1666666666666667,0.3333333333333333,0.0,2.4644672701786465,54,6.749373790090583,0.0
31,0.1666666666666667,0.3333333333333333,0.0,2.4644672701786465,55,6.85218352900199,0.0
31,0.1666666666666667,0.3333333333333333,0.0,2.4644672701786465,56,6.856125762261722,0.0
31,0.1666666666666667,0.3333333333333333,0.0,2.4644672701786465,57,7.923010045053238,0.0
31,0.1666666666666667,0.3333333333333333,0.0,2.4644672701786465,58,7.927122474305699,0.0
31,0.1666666666666667,0.3333333333333333,0.0,2.4644672701786465,59,8.267324717489608,0.0
31,0.1666666666666667,0.3333333333333333,0.0,2.4644672701786465,60,8.284017211482396,0.0
31,0.1666666666666667,0.3333333333333333,0.0,2.4644672701786465,61,8.571753354936913,0.0
31,0.1666666666666667,0.3333333333333333,0.0,2.4644672701786465,62,8.595461050032846,0.0
31,0.1666666666666667,0.3333333333333333,0.0,2.4644672701786465,63,9.040928924378708,0.0
31,0.1666666666666667,0.3333333333333333,0.0,2.4644672701786465,64,9.058016251119643,0.0
32,0.1388888888888889,0.2777777777777777,0.0,2.5745259393148636,1,-13.593489200557599,1.0
32,0.1388888888888889,0.2777777777777777,0.0,2.5745259393148636,2,-13.589511967514458,1.0
32,0.1388888888888889,0.2777777777777777,0.0,2.5745259393148636,3,-13.430939817358691,1.0
32,0.1388888888888889,0.2777777777777777,0.0,2.5745259393148636,4,-13.426592161475135,1.0
32,0.1388888888888889,0.2777777777777777,0.0,2.5745259393148636,5,-12.84394067589998,1.0
32,0.1388888888888889,0.2777777777777777,0.0,2.5745259393148636,6,-12.843270515992707,1.0
32,0.1388888888888889,0.2777777777777777,0.0,2.5745259393148636,7,-12.652600290479636,1.0
32,0.1388888888888889,0.2777777777777777,0.0,2.5745259393148636,8,-12.651952902062458,1.0
32,0.1388888888888889,0.2777777777777777,0.0,2.5745259393148636,9,-5.374229567961741,1.0
32,0.1388888888888889,0.2777777777777777,0.0,2.5745259393148636,10,-5.365587088171235,1.0
32,0.1388888888888889,0.2777777777777777,0.0,2.5745259393148636,11,-4.886317932757565,1.0
32,0.1388888888888889,0.2777777777777777,0.0,2.5745259393148636,12,-4.877147781971404,1.0
32,0.1388888888888889,0.2777777777777777,0.0,2.5745259393148636,13,-3.9278198899750745,1.0
32,0.1388888888888889,0.2777777777777777,0.0,2.5745259393148636,14,-3.9231869936949932,1.0
32,0.1388888888888889,0.2777777777777777,0.0,2.5745259393148636,15,-3.871213423449518,1.0
32,0.1388888888888889,0.2777777777777777,0.0,2.5745259393148636,16,-3.867107012145862,1.0
32,0.1388888888888889,0.2777777777777777,0.0,2.5745259393148636,17,-3.6467132990148254,1.0
32,0.1388888888888889,0.2777777777777777,0.0,2.5745259393148636,18,-3.636254532281267,1.0
32,0.1388888888888889,0.2777777777777777,0.0,2.5745259393148636,19,-3.2983946385793264,1.0
32,0.1388888888888889,0.2777777777777777,0.0,2.5745259393148636,20,-3.267340990013448,1.0
32,0.1388888888888889,0.2777777777777777,0.0,2.5745259393148636,21,-3.0351522890340075,1.0
32,0.1388888888888889,0.2777777777777777,0.0,2.5745259393148636,22,-3.027258754657529,1.0
32,0.1388888888888889,0.2777777777777777,0.0,2.5745259393148636,23,-2.9570185472905273,1.0
32,0.1388888888888889,0.2777777777777777,0.0,2.5745259393148636,24,-2.931970985117222,1.0
32,0.1388888888888889,0.2777777777777777,0.0,2.5745259393148636,25,-2.1024251933486404,1.0
32,0.1388888888888889,0.2777777777777777,0.0,2.5745259393148636,26,-2.050380789162025,1.0
32,0.1388888888888889,0.2777777777777777,0.0,2.5745259393148636,27,-2.0301964247118702,1.0
32,0.1388888888888889,0.2777777777777777,0.0,2.5745259393148636,28,-1.979128857453705,1.0
32,0.1388888888888889,0.2777777777777777,0.0,2.5745259393148636,29,-1.3748484477093872,1.0
32,0.1388888888888889,0.2777777777777777,0.0,2.5745259393148636,30,-1.3343191328681623,1.0
32,0.1388888888888889,0.2777777777777777,0.0,2.5745259393148636,31,-1.1203398059748533,1.0
32,0.1388888888888889,0.2777777777777777,0.0,2.5745259393148636,32,-1.0904587716609477,1.0
32,0.1388888888888889,0.2777777777777777,0.0,2.5745259393148636,33,-0.9593935782964926,1.0
32,0.1388888888888889,0.2777777777777777,0.0,2.5745259393148636,34,-0.924192495406106,1.0
32,0.1388888888888889,0.2777777777777777,0.0,2.5745259393148636,35,-0.8766953655295779,1.0
32,0.1388888888888889,0.2777777777777777,0.0,2.5745259393148636,36,-0.8321734650526518,1.0
32,0.1388888888888889,0.2777777777777777,0.0,2.5745259393148636,37,1.5093834518032365,0.0
32,0.1388888888888889,0.2777777777777777,0.0,2.5745259393148636,38,1.5318206395400167,0.0
32,0.1388888888888889,0.2777777777777777,0.0,2.5745259393148636,39,1.7991557558518798,0.0
32,0.1388888888888889,0.2777777777777777,0.0,2.5745259393148636,40,1.8561473619339945,0.0
32,0.1388888888888889,0.2777777777777777,0.0,2.5745259393148636,41,2.113815319404437,0.0
32,0.1388888888888889,0.2777777777777777,0.0,2.5745259393148636,42,2.13696513956671,0.0
32,0.1388888888888889,0.2777777777777777,0.0,2.5745259393148636,43,2.1467266433199823,0.0
32,0.1388888888888889,0.2777777777777777,0.0,2.5745259393148636,44,2.172030078397756,0.0
32,0.1388888888888889,0.2777777777777777,0.0,2.5745259393148636,45,2.247513715587333,0.0
32,0.1388888888888889,0.2777777777777777,0.0,2.5745259393148636,46,2.313632151536636,0.0
32,0.1388888888888889,0.2777777777777777,0.0,2.5745259393148636,47,2.5297848953763564,0.0
32,0.1388888888888889,0.2777777777777777,0.0,2.5745259393148636,48,2.58694550416595,0.0
32,0.1388888888888889,0.2777777777777777,0.0,2.5745259393148636,49,3.553746222105892,0.0
32,0.1388888888888889,0.2777777777777777,0.0,2.5745259393148636,50,3.599193010488997,0.0
32,0.1388888888888889,0.2777777777777777,0.0,2.5745259393148636,51,3.6173185762441182,0.0
32,0.1388888888888889,0.2777777777777777,0.0,2.5745259393148636,52,3.662275049222166,0.0
32,0.1388888888888889,0.2777777777777777,0.0,2.5745259393148636,53,6.295944888639712,0.0
32,0.1388888888888889,0.2777777777777777,0.0,2.5745259393148636,54,6.298166776120079,0.0
32,0.1388888888888889,0.2777777777777777,0.0,2.5745259393148636,55,6.423136886407505,0.0
32,0.1388888888888889,0.2777777777777777,0.0,2.5745259393148636,56,6.425497072088863,0.0
32,0.1388888888888889,0.2777777777777777,0.0,2.5745259393148636,57,7.477468574091924,0.0
32,0.1388888888888889,0.2777777777777777,0.0,2.5745259393148636,58,7.479995177974514,0.0
32,0.1388888888888889,0.2777777777777777,0.0,2.5745259393148636,59,8.424058893124911,0.0
32,0.1388888888888889,0.2777777777777777,0.0,2.5745259393148636,60,8.436595575959739,0.0
32,0.1388888888888889,0.2777777777777777,0.0,2.5745259393148636,61,8.56123428226321,0.0
32,0.1388888888888889,0.2777777777777777,0.0,2.5745259393148636,62,8.574124245063093,0.0
32,0.1388888888888889,0.2777777777777777,0.0,2.5745259393148636,63,8.89885629490232,0.0
32,0.1388888888888889,0.2777777777777777,0.0,2.5745259393148636,64,8.907018092838136,0.0
33,0.1111111111111111,0.2222222222222222,0.0,2.6845846084510803,1,-13.847113883094652,1.0
33,0.1111111111111111,0.2222222222222222,0.0,2.6845846084510803,2,-13.84506196677845,1.0
33,0.1111111111111111,0.2222222222222222,0.0,2.6845846084510803,3,-13.67873151688011,1.0
33,0.1111111111111111,0.2222222222222222,0.0,2.6845846084510803,4,-13.676468430692882,1.0
33,0.1111111111111111,0.2222222222222222,0.0,2.6845846084510803,5,-12.982092600318536,1.0
33,0.1111111111111111,0.2222222222222222,0.0,2.6845846084510803,6,-12.981751758669969,1.0
33,0.1111111111111111,0.2222222222222222,0.0,2.6845846084510803,7,-12.772109483540897,1.0
33,0.1111111111111111,0.2222222222222222,0.0,2.6845846084510803,8,-12.771755503016065,1.0
33,0.1111111111111111,0.2222222222222222,0.0,2.6845846084510803,9,-5.560870415476529,1.0
33,0.1111111111111111,0.2222222222222222,0.0,2.6845846084510803,10,-5.556934489365959,1.0
33,0.1111111111111111,0.2222222222222222,0.0,2.6845846084510803,11,-5.020967524781167,1.0
33,0.1111111111111111,0.2222222222222222,0.0,2.6845846084510803,12,-5.017146921999716,1.0
33,0.1111111111111111,0.2222222222222222,0.0,2.6845846084510803,13,-3.647028843766204,1.0
33,0.1111111111111111,0.2222222222222222,0.0,2.6845846084510803,14,-3.6384271697709334,1.0
33,0.1111111111111111,0.2222222222222222,0.0,2.6845846084510803,15,-3.589827030490702,1.0
33,0.1111111111111111,0.2222222222222222,0.0,2.6845846084510803,16,-3.5811335640108375,1.0
33,0.1111111111111111,0.2222222222222222,0.0,2.6845846084510803,17,-3.4264536561662737,1.0
33,0.1111111111111111,0.2222222222222222,0.0,2.6845846084510803,18,-3.422322486713518,1.0
33,0.1111111111111111,0.2222222222222222,0.0,2.6845846084510803,19,-2.952964774887998,1.0
33,0.1111111111111111,0.2222222222222222,0.0,2.6845846084510803,20,-2.938420587897993,1.0
33,0.1111111111111111,0.2222222222222222,0.0,2.6845846084510803,21,-2.5805829980766237,1.0
33,0.1111111111111111,0.2222222222222222,0.0,2.6845846084510803,22,-2.579505708849534,1.0
33,0.1111111111111111,0.2222222222222222,0.0,2.6845846084510803,23,-2.5127960349628964,1.0
33,0.1111111111111111,0.2222222222222222,0.0,2.6845846084510803,24,-2.5116247127069284,1.0
33,0.1111111111111111,0.2222222222222222,0.0,2.6845846084510803,25,-2.218232182925232,1.0
33,0.1111111111111111,0.2222222222222222,0.0,2.6845846084510803,26,-2.1860975456841256,1.0
33,0.1111111111111111,0.2222222222222222,0.0,2.6845846084510803,27,-2.1510359865452493,1.0
33,0.1111111111111111,0.2222222222222222,0.0,2.6845846084510803,28,-2.1194740830896386,1.0
33,0.1111111111111111,0.2222222222222222,0.0,2.6845846084510803,29,-1.3635122410852707,1.0
33,0.1111111111111111,0.2222222222222222,0.0,2.6845846084510803,30,-1.3267054655293855,1.0
33,0.1111111111111111,0.2222222222222222,0.0,2.6845846084510803,31,-1.043538500202976,1.0
33,0.1111111111111111,0.2222222222222222,0.0,2.6845846084510803,32,-1.0159697161346093,1.0
33,0.1111111111111111,0.2222222222222222,0.0,2.6845846084510803,33,-0.7872241085443874,1.0
33,0.1111111111111111,0.2222222222222222,0.0,2.6845846084510803,34,-0.772637610952372,1.0
33,0.1111111111111111,0.2222222222222222,0.0,2.6845846084510803,35,-0.5845831333392233,1.0
33,0.1111111111111111,0.2222222222222222,0.0,2.6845846084510803,36,-0.563344902526014,1.0
33,0.1111111111111111,0.2222222222222222,0.0,2.6845846084510803,37,1.7177145285528697,0.0
33,0.1111111111111111,0.2222222222222222,0.0,2.6845846084510803,38,1.718748724462179,0.0
33,0.1111111111111111,0.2222222222222222,0.0,2.6845846084510803,39,1.9714982785403328,0.0
33,0.1111111111111111,0.2222222222222222,0.0,2.6845846084510803,40,1.9910082405865304,0.0
33,0.1111111111111111,0.2222222222222222,0.0,2.6845846084510803,41,2.126658126966089,0.0
33,0.1111111111111111,0.2222222222222222,0.0,2.6845846084510803,42,2.1708629281816556,0.0
33,0.1111111111111111,0.2222222222222222,0.0,2.6845846084510803,43,2.202533264467899,0.0
33,0.1111111111111111,0.2222222222222222,0.0,2.6845846084510803,44,2.228866560782805,0.0
33,0.1111111111111111,0.2222222222222222,0.0,2.6845846084510803,45,2.265623369951083,0.0
33,0.1111111111111111,0.2222222222222222,0.0,2.6845846084510803,46,2.301298982375573,0.0
33,0.1111111111111111,0.2222222222222222,0.0,2.6845846084510803,47,2.4480355740325317,0.0
33,0.1111111111111111,0.2222222222222222,0.0,2.6845846084510803,48,2.5053905651569224,0.0
33,0.1111111111111111,0.2222222222222222,0.0,2.6845846084510803,49,3.2593692134993786,0.0
33,0.1111111111111111,0.2222222222222222,0.0,2.6845846084510803,50,3.310408459548878,0.0
33,0.1111111111111111,0.2222222222222222,0.0,2.6845846084510803,51,3.3328948683933186,0.0
33,0.1111111111111111,0.2222222222222222,0.0,2.6845846084510803,52,3.382391752736746,0.0
33,0.1111111111111111,0.2222222222222222,0.0,2.6845846084510803,53,5.911711895139211,0.0
33,0.1111111111111111,0.2222222222222222,0.0,2.6845846084510803,54,5.912960180248849,0.0
33,0.1111111111111111,0.2222222222222222,0.0,2.6845846084510803,55,6.052103690189147,0.0
33,0.1111111111111111,0.2222222222222222,0.0,2.6845846084510803,56,6.053553134591878,0.0
33,0.1111111111111111,0.2222222222222222,0.0,2.6845846084510803,57,7.095911164353376,0.0
33,0.1111111111111111,0.2222222222222222,0.0,2.6845846084510803,58,7.097529737732147,0.0
33,0.1111111111111111,0.2222222222222222,0.0,2.6845846084510803,59,8.111763647287232,0.0
33,0.1111111111111111,0.2222222222222222,0.0,2.6845846084510803,60,8.112603194468855,0.0
33,0.1111111111111111,0.2222222222222222,0.0,2.6845846084510803,61,8.170384847350954,0.0
33,0.1111111111111111,0.2222222222222222,0.0,2.6845846084510803,62,8.170894844439148,0.0
33,0.1111111111111111,0.2222222222222222,0.0,2.6845846084510803,63,8.627770688459323,0.0
33,0.1111111111111111,0.2222222222222222,0.0,2.6845846084510803,64,8.62845649255563,0.0
34,0.0833333333333333,0.1666666666666666,0.0,2.7946432775872974,1,-14.05863432130334,1.0
34,0.0833333333333333,0.1666666666666666,0.0,2.7946432775872974,2,-14.057745635569647,1.0
34,0.0833333333333333,0.1666666666666666,0.0,2.7946432775872974,3,-13.886616588317166,1.0
34,0.0833333333333333,0.1666666666666666,0.0,2.7946432775872974,4,-13.885610796747963,1.0
34,0.0833333333333333,0.1666666666666666,0.0,2.7946432775872974,5,-13.097614375207316,1.0
34,0.0833333333333333,0.1666666666666666,0.0,2.7946432775872974,6,-13.097468865074033,1.0
34,0.0833333333333333,0.1666666666666666,0.0,2.7946432775872974,7,-12.872817372556637,1.0
34,0.0833333333333333,0.1666666666666666,0.0,2.7946432775872974,8,-12.87264002924171,1.0
34,0.0833333333333333,0.1666666666666666,0.0,2.7946432775872974,9,-5.766675836292897,1.0
34,0.0833333333333333,0.1666666666666666,0.0,2.7946432775872974,10,-5.765190772969344,1.0
34,0.0833333333333333,0.1666666666666666,0.0,2.7946432775872974,11,-5.210900181802426,1.0
34,0.0833333333333333,0.1666666666666666,0.0,2.7946432775872974,12,-5.20956619014655,1.0
34,0.0833333333333333,0.1666666666666666,0.0,2.7946432775872974,13,-3.3099116506412924,1.0
34,0.0833333333333333,0.1666666666666666,0.0,2.7946432775872974,14,-3.301234763169795,1.0
34,0.0833333333333333,0.1666666666666666,0.0,2.7946432775872974,15,-3.2518698245096314,1.0
34,0.0833333333333333,0.1666666666666666,0.0,2.7946432775872974,16,-3.242164419863892,1.0
34,0.0833333333333333,0.1666666666666666,0.0,2.7946432775872974,17,-3.17921780084278,1.0
34,0.0833333333333333,0.1666666666666666,0.0,2.7946432775872974,18,-3.173717363683589,1.0
34,0.0833333333333333,0.1666666666666666,0.0,2.7946432775872974,19,-2.6195968197429913,1.0
34,0.0833333333333333,0.1666666666666666,0.0,2.7946432775872974,20,-2.617516436193628,1.0
34,0.0833333333333333,0.1666666666666666,0.0,2.7946432775872974,21,-2.3938592123514963,1.0
34,0.0833333333333333,0.1666666666666666,0.0,2.7946432775872974,22,-2.3715790428387553,1.0
34,0.0833333333333333,0.1666666666666666,0.0,2.7946432775872974,23,-2.330715535661997,1.0
34,0.0833333333333333,0.1666666666666666,0.0,2.7946432775872974,24,-2.3077025907858664,1.0
34,0.0833333333333333,0.1666666666666666,0.0,2.7946432775872974,25,-2.165067567531027,1.0
34,0.0833333333333333,0.1666666666666666,0.0,2.7946432775872974,26,-2.1575650997005233,1.0
34,0.0833333333333333,0.1666666666666666,0.0,2.7946432775872974,27,-2.099804914137983,1.0
34,0.0833333333333333,0.1666666666666666,0.0,2.7946432775872974,28,-2.091088975252058,1.0
34,0.0833333333333333,0.1666666666666666,0.0,2.7946432775872974,29,-1.397773787859574,1.0
34,0.0833333333333333,0.1666666666666666,0.0,2.7946432775872974,30,-1.3665689250339983,1.0
34,0.0833333333333333,0.1666666666666666,0.0,2.7946432775872974,31,-1.0406004591399725,1.0
34,0.0833333333333333,0.1666666666666666,0.0,2.7946432775872974,32,-1.0180839307833613,1.0
34,0.0833333333333333,0.1666666666666666,0.0,2.7946432775872974,33,-0.6552603935618627,1.0
34,0.0833333333333333,0.1666666666666666,0.0,2.7946432775872974,34,-0.6503791964647905,1.0
34,0.0833333333333333,0.1666666666666666,0.0,2.7946432775872974,35,-0.28122088104796494,1.0
34,0.0833333333333333,0.1666666666666666,0.0,2.7946432775872974,36,-0.2738537192228322,1.0
34,0.0833333333333333,0.1666666666666666,0.0,2.7946432775872974,37,1.9881988434452569,0.0
34,0.0833333333333333,0.1666666666666666,0.0,2.7946432775872974,38,2.0011439046046204,0.0
34,0.0833333333333333,0.1666666666666666,0.0,2.7946432775872974,39,2.1370836679323704,0.0
34,0.0833333333333333,0.1666666666666666,0.0,2.7946432775872974,40,2.1692325789049764,0.0
34,0.0833333333333333,0.1666666666666666,0.0,2.7946432775872974,41,2.223213718356468,0.0
34,0.0833333333333333,0.1666666666666666,0.0,2.7946432775872974,42,2.249592116332848,0.0
34,0.0833333333333333,0.1666666666666666,0.0,2.7946432775872974,43,2.3283720529966896,0.0
34,0.0833333333333333,0.1666666666666666,0.0,2.7946432775872974,44,2.3400866346840274,0.0
34,0.0833333333333333,0.1666666666666666,0.0,2.7946432775872974,45,2.374281502462681,0.0
34,0.0833333333333333,0.1666666666666666,0.0,2.7946432775872974,46,2.388655267966059,0.0
34,0.0833333333333333,0.1666666666666666,0.0,2.7946432775872974,47,2.4691601072009064,0.0
34,0.0833333333333333,0.1666666666666666,0.0,2.7946432775872974,48,2.4985793439965978,0.0
34,0.0833333333333333,0.1666666666666666,0.0,2.7946432775872974,49,2.962747792218523,0.0
34,0.0833333333333333,0.1666666666666666,0.0,2.7946432775872974,50,3.014019959537997,0.0
34,0.0833333333333333,0.1666666666666666,0.0,2.7946432775872974,51,3.047188959084872,0.0
34,0.0833333333333333,0.1666666666666666,0.0,2.7946432775872974,52,3.094678152060194,0.0
34,0.0833333333333333,0.1666666666666666,0.0,2.7946432775872974,53,5.600830453955769,0.0
34,0.0833333333333333,0.1666666666666666,0.0,2.7946432775872974,54,5.6015767277112385,0.0
34,0.0833333333333333,0.1666666666666666,0.0,2.7946432775872974,55,5.747845429631514,0.0
34,0.0833333333333333,0.1666666666666666,0.0,2.7946432775872974,56,5.748846285567291,0.0
34,0.0833333333333333,0.1666666666666666,0.0,2.7946432775872974,57,6.777623618967651,0.0
34,0.0833333333333333,0.1666666666666666,0.0,2.7946432775872974,58,6.778740065748549,0.0
34,0.0833333333333333,0.1666666666666666,0.0,2.7946432775872974,59,7.540876785394332,0.0
34,0.0833333333333333,0.1666666666666666,0.0,2.7946432775872974,60,7.543731285870175,0.0
34,0.0833333333333333,0.1666666666666666,0.0,2.7946432775872974,61,7.596443194851544,0.0
34,0.0833333333333333,0.1666666666666666,0.0,2.7946432775872974,62,7.598927626493923,0.0
34,0.0833333333333333,0.1666666666666666,0.0,2.7946432775872974,63,8.225038078987085,0.0
34,0.0833333333333333,0.1666666666666666,0.0,2.7946432775872974,64,8.225912082643402,0.0
35,0.0555555555555555,0.111111111111111,0.0,2.9047019467235144,1,-14.217213898240091,1.0
35,0.0555555555555555,0.111111111111111,0.0,2.9047019467235144,2,-14.216912180506563,1.0
35,0.0555555555555555,0.111111111111111,0.0,2.9047019467235144,3,-14.043117490092522,1.0
35,0.0555555555555555,0.111111111111111,0.0,2.9047019467235144,4,-14.042742765473667,1.0
35,0.0555555555555555,0.111111111111111,0.0,2.9047019467235144,5,-13.184421132133705,1.0
35,0.0555555555555555,0.111111111111111,0.0,2.9047019467235144,6,-13.184373393817966,1.0
35,0.0555555555555555,0.111111111111111,0.0,2.9047019467235144,7,-12.948898675936826,1.0
35,0.0555555555555555,0.111111111111111,0.0,2.9047019467235144,8,-12.948811924371013,1.0
35,0.0555555555555555,0.111111111111111,0.0,2.9047019467235144,9,-5.941253690978725,1.0
35,0.0555555555555555,0.111111111111111,0.0,2.9047019467235144,10,-5.940845871740617,1.0
35,0.0555555555555555,0.111111111111111,0.0,2.9047019467235144,11,-5.3810464703417935,1.0
35,0.0555555555555555,0.111111111111111,0.0,2.9047019467235144,12,-5.380692516548461,1.0
35,0.0555555555555555,0.111111111111111,0.0,2.9047019467235144,13,-2.996817167247026,1.0
35,0.0555555555555555,0.111111111111111,0.0,2.9047019467235144,14,-2.991348570323707,1.0
35,0.0555555555555555,0.111111111111111,0.0,2.9047019467235144,15,-2.9504165723279536,1.0
35,0.0555555555555555,0.111111111111111,0.0,2.9047019467235144,16,-2.9333276384482483,1.0
35,0.0555555555555555,0.111111111111111,0.0,2.9047019467235144,17,-2.9258937186885037,1.0
35,0.0555555555555555,0.111111111111111,0.0,2.9047019467235144,18,-2.9071751344142465,1.0
35,0.0555555555555555,0.111111111111111,0.0,2.9047019467235144,19,-2.5458998890096227,1.0
35,0.0555555555555555,0.111111111111111,0.0,2.9047019467235144,20,-2.53424624833774,1.0
35,0.0555555555555555,0.111111111111111,0.0,2.9047019467235144,21,-2.4826722542968245,1.0
35,0.0555555555555555,0.111111111111111,0.0,2.9047019467235144,22,-2.472937249770368,1.0
35,0.0555555555555555,0.111111111111111,0.0,2.9047019467235144,23,-2.264920002519939,1.0
35,0.0555555555555555,0.111111111111111,0.0,2.9047019467235144,24,-2.2608871341160004,1.0
35,0.0555555555555555,0.111111111111111,0.0,2.9047019467235144,25,-1.8571703339312595,1.0
35,0.0555555555555555,0.111111111111111,0.0,2.9047019467235144,26,-1.845123763838076,1.0
35,0.0555555555555555,0.111111111111111,0.0,2.9047019467235144,27,-1.7916031587373111,1.0
35,0.0555555555555555,0.111111111111111,0.0,2.9047019467235144,28,-1.780192844339175,1.0
35,0.0555555555555555,0.111111111111111,0.0,2.9047019467235144,29,-1.4614592300287144,1.0
35,0.0555555555555555,0.111111111111111,0.0,2.9047019467235144,30,-1.438977045422889,1.0
35,0.0555555555555555,0.111111111111111,0.0,2.9047019467235144,31,-1.1229916656542955,1.0
35,0.0555555555555555,0.111111111111111,0.0,2.9047019467235144,32,-1.1089447793853582,1.0
35,0.0555555555555555,0.111111111111111,0.0,2.9047019467235144,33,-0.5920367836130225,1.0
35,0.0555555555555555,0.111111111111111,0.0,2.9047019467235144,34,-0.5892983703426729,1.0
35,0.0555555555555555,0.111111111111111,0.0,2.9047019467235144,35,-0.04828467795300563,1.0
35,0.0555555555555555,0.111111111111111,0.0,2.9047019467235144,36,-0.046421786237142895,1.0
35,0.0555555555555555,0.111111111111111,0.0,2.9047019467235144,37,2.2954301676199877,0.0
35,0.0555555555555555,0.111111111111111,0.0,2.9047019467235144,38,2.3004657174566425,0.0
35,0.0555555555555555,0.111111111111111,0.0,2.9047019467235144,39,2.318137009238134,0.0
35,0.0555555555555555,0.111111111111111,0.0,2.9047019467235144,40,2.350723581629378,0.0
35,0.0555555555555555,0.111111111111111,0.0,2.9047019467235144,41,2.3762518737166056,0.0
35,0.0555555555555555,0.111111111111111,0.0,2.9047019467235144,42,2.396877396435243,0.0
35,0.0555555555555555,0.111111111111111,0.0,2.9047019467235144,43,2.437808951392685,0.0
35,0.0555555555555555,0.111111111111111,0.0,2.9047019467235144,44,2.4532368073744015,0.0
35,0.0555555555555555,0.111111111111111,0.0,2.9047019467235144,45,2.49145140975242,0.0
35,0.0555555555555555,0.111111111111111,0.0,2.9047019467235144,46,2.5113817548010964,0.0
35,0.0555555555555555,0.111111111111111,0.0,2.9047019467235144,47,2.590818628014828,0.0
35,0.0555555555555555,0.111111111111111,0.0,2.9047019467235144,48,2.6139430944848447,0.0
35,0.0555555555555555,0.111111111111111,0.0,2.9047019467235144,49,2.7195665593687277,0.0
35,0.0555555555555555,0.111111111111111,0.0,2.9047019467235144,50,2.761888484617076,0.0
35,0.0555555555555555,0.111111111111111,0.0,2.9047019467235144,51,2.808587007169087,0.0
35,0.0555555555555555,0.111111111111111,0.0,2.9047019467235144,52,2.8479335572608306,0.0
35,0.0555555555555555,0.111111111111111,0.0,2.9047019467235144,53,5.3666904037555305,0.0
35,0.0555555555555555,0.111111111111111,0.0,2.9047019467235144,54,5.367166068583238,0.0
35,0.0555555555555555,0.111111111111111,0.0,2.9047019467235144,55,5.515233145882643,0.0
35,0.0555555555555555,0.111111111111111,0.0,2.9047019467235144,56,5.516034707820992,0.0
35,0.0555555555555555,0.111111111111111,0.0,2.9047019467235144,57,6.504176911594136,0.0
35,0.0555555555555555,0.111111111111111,0.0,2.9047019467235144,58,6.5049748165228,0.0
35,0.0555555555555555,0.111111111111111,0.0,2.9047019467235144,59,6.969182141657971,0.0
35,0.0555555555555555,0.111111111111111,0.0,2.9047019467235144,60,6.971397848718004,0.0
35,0.0555555555555555,0.111111111111111,0.0,2.9047019467235144,61,7.0364776077227695,0.0
35,0.0555555555555555,0.111111111111111,0.0,2.9047019467235144,62,7.0385752557019625,0.0
35,0.0555555555555555,0.111111111111111,0.0,2.9047019467235144,63,7.980171557939537,0.0
35,0.0555555555555555,0.111111111111111,0.0,2.9047019467235144,64,7.980397187798527,0.0
36,0.0277777777777778,0.0555555555555556,0.0,3.014760615859731,1,-14.31534110605577,1.0
36,0.0277777777777778,0.0555555555555556,0.0,3.014760615859731,2,-14.31525355091283,1.0
36,0.0277777777777778,0.0555555555555556,0.0,3.014760615859731,3,-14.140184613871568,1.0
36,0.0277777777777778,0.0555555555555556,0.0,3.014760615859731,4,-14.140054576493847,1.0
36,0.0277777777777778,0.0555555555555556,0.0,3.014760615859731,5,-13.238207697812097,1.0
36,0.0277777777777778,0.0555555555555556,0.0,3.014760615859731,6,-13.238195282449,1.0
36,0.0277777777777778,0.0555555555555556,0.0,3.014760615859731,7,-12.99619488942113,1.0
36,0.0277777777777778,0.0555555555555556,0.0,3.014760615859731,8,-12.996155964538547,1.0
36,0.0277777777777778,0.0555555555555556,0.0,3.014760615859731,9,-6.055925140268911,1.0
36,0.0277777777777778,0.0555555555555556,0.0,3.014760615859731,10,-6.055876087398541,1.0
36,0.0277777777777778,0.0555555555555556,0.0,3.014760615859731,11,-5.494807055484879,1.0
36,0.0277777777777778,0.0555555555555556,0.0,3.014760615859731,12,-5.49476316361978,1.0
36,0.0277777777777778,0.0555555555555556,0.0,3.014760615859731,13,-2.778431847744087,1.0
36,0.0277777777777778,0.0555555555555556,0.0,3.014760615859731,14,-2.775864764720902,1.0
36,0.0277777777777778,0.0555555555555556,0.0,3.014760615859731,15,-2.7397801357816864,1.0
36,0.0277777777777778,0.0555555555555556,0.0,3.014760615859731,16,-2.7318992534686837,1.0
36,0.0277777777777778,0.0555555555555556,0.0,3.014760615859731,17,-2.7119672228493283,1.0
36,0.0277777777777778,0.0555555555555556,0.0,3.014760615859731,18,-2.701942953777499,1.0
36,0.0277777777777778,0.0555555555555556,0.0,3.014760615859731,19,-2.6363782115706993,1.0
36,0.0277777777777778,0.0555555555555556,0.0,3.014760615859731,20,-2.6297031310308596,1.0
36,0.0277777777777778,0.0555555555555556,0.0,3.014760615859731,21,-2.575148413337508,1.0
36,0.0277777777777778,0.0555555555555556,0.0,3.014760615859731,22,-2.569723533954372,1.0
36,0.0277777777777778,0.0555555555555556,0.0,3.014760615859731,23,-1.910727083564038,1.0
36,0.0277777777777778,0.0555555555555556,0.0,3.014760615859731,24,-1.9066361056268022,1.0
36,0.0277777777777778,0.0555555555555556,0.0,3.014760615859731,25,-1.6747015593784331,1.0
36,0.0277777777777778,0.0555555555555556,0.0,3.014760615859731,26,-1.664599631343897,1.0
36,0.0277777777777778,0.0555555555555556,0.0,3.014760615859731,27,-1.6129769485908803,1.0
36,0.0277777777777778,0.0555555555555556,0.0,3.014760615859731,28,-1.6096028527970243,1.0
36,0.0277777777777778,0.0555555555555556,0.0,3.014760615859731,29,-1.5192734769170868,1.0
36,0.0277777777777778,0.0555555555555556,0.0,3.014760615859731,30,-1.5112854928091402,1.0
36,0.0277777777777778,0.0555555555555556,0.0,3.014760615859731,31,-1.297966056026047,1.0
36,0.0277777777777778,0.0555555555555556,0.0,3.014760615859731,32,-1.292362579099906,1.0
36,0.0277777777777778,0.0555555555555556,0.0,3.014760615859731,33,-0.5731926653848819,1.0
36,0.0277777777777778,0.0555555555555556,0.0,3.014760615859731,34,-0.5717726004463802,1.0
36,0.0277777777777778,0.0555555555555556,0.0,3.014760615859731,35,0.08468895070682222,1.0
36,0.0277777777777778,0.0555555555555556,0.0,3.014760615859731,36,0.08522115115078713,1.0
36,0.0277777777777778,0.0555555555555556,0.0,3.014760615859731,37,2.424087495814028,0.0
36,0.0277777777777778,0.0555555555555556,0.0,3.014760615859731,38,2.439991086779864,0.0
36,0.0277777777777778,0.0555555555555556,0.0,3.014760615859731,39,2.487476540327976,0.0
36,0.0277777777777778,0.0555555555555556,0.0,3.014760615859731,40,2.504510582250481,0.0
36,0.0277777777777778,0.0555555555555556,0.0,3.014760615859731,41,2.518766309247843,0.0
36,0.0277777777777778,0.0555555555555556,0.0,3.014760615859731,42,2.550403319698561,0.0
36,0.0277777777777778,0.0555555555555556,0.0,3.014760615859731,43,2.568682509920728,0.0
36,0.0277777777777778,0.0555555555555556,0.0,3.014760615859731,44,2.5844711338438917,0.0
36,0.0277777777777778,0.0555555555555556,0.0,3.014760615859731,45,2.6162195974590676,0.0
36,0.0277777777777778,0.0555555555555556,0.0,3.014760615859731,46,2.6179654982003018,0.0
36,0.0277777777777778,0.0555555555555556,0.0,3.014760615859731,47,2.6296294642512645,0.0
36,0.0277777777777778,0.0555555555555556,0.0,3.014760615859731,48,2.6454736689041454,0.0
36,0.0277777777777778,0.0555555555555556,0.0,3.014760615859731,49,2.669749471666619,0.0
36,0.0277777777777778,0.0555555555555556,0.0,3.014760615859731,50,2.6929808128544255,0.0
36,0.0277777777777778,0.0555555555555556,0.0,3.014760615859731,51,2.7206163443343923,0.0
36,0.0277777777777778,0.0555555555555556,0.0,3.014760615859731,52,2.727508569988626,0.0
36,0.0277777777777778,0.0555555555555556,0.0,3.014760615859731,53,5.213370334213181,0.0
36,0.0277777777777778,0.0555555555555556,0.0,3.014760615859731,54,5.2136288892042195,0.0
36,0.0277777777777778,0.0555555555555556,0.0,3.014760615859731,55,5.360980660456368,0.0
36,0.0277777777777778,0.0555555555555556,0.0,3.014760615859731,56,5.361509570725255,0.0
36,0.0277777777777778,0.0555555555555556,0.0,3.014760615859731,57,6.252875589190021,0.0
36,0.0277777777777778,0.0555555555555556,0.0,3.014760615859731,58,6.253165696735685,0.0
36,0.0277777777777778,0.0555555555555556,0.0,3.014760615859731,59,6.554159208817968,0.0
36,0.0277777777777778,0.0555555555555556,0.0,3.014760615859731,60,6.554904407710209,0.0
36,0.0277777777777778,0.0555555555555556,0.0,3.014760615859731,61,6.70077884435692,0.0
36,0.0277777777777778,0.0555555555555556,0.0,3.014760615859731,62,6.701457652634257,0.0
36,0.0277777777777778,0.0555555555555556,0.0,3.014760615859731,63,7.840958570222153,0.0
36,0.0277777777777778,0.0555555555555556,0.0,3.014760615859731,64,7.841008924896643,0.0
37,0.0,0.0,0.0,3.124819284995948,1,-14.348519416895009,1.0
37,0.0,0.0,0.0,3.124819284995948,2,-14.348519416613339,1.0
37,0.0,0.0,0.0,3.124819284995948,3,-14.17303477376289,1.0
37,0.0,0.0,0.0,3.124819284995948,4,-14.173034773537553,1.0
37,0.0,0.0,0.0,3.124819284995948,5,-13.256418841646155,1.0
37,0.0,0.0,0.0,3.124819284995948,6,-13.256418841364486,1.0
37,0.0,0.0,0.0,3.124819284995948,7,-13.012219825099418,1.0
37,0.0,0.0,0.0,3.124819284995948,8,-13.012219824817748,1.0
37,0.0,0.0,0.0,3.124819284995948,9,-6.095725218021493,1.0
37,0.0,0.0,0.0,3.124819284995948,10,-6.0957252179651595,1.0
37,0.0,0.0,0.0,3.124819284995948,11,-5.53453690210184,1.0
37,0.0,0.0,0.0,3.124819284995948,12,-5.534536902045506,1.0
37,0.0,0.0,0.0,3.124819284995948,13,-2.7183565258681,1.0
37,0.0,0.0,0.0,3.124819284995948,14,-2.7183565188826733,1.0
37,0.0,0.0,0.0,3.124819284995948,15,-2.673562764076168,1.0
37,0.0,0.0,0.0,3.124819284995948,16,-2.6735627640198336,1.0
37,0.0,0.0,0.0,3.124819284995948,17,-2.655364837619855,1.0
37,0.0,0.0,0.0,3.124819284995948,18,-2.65536483080343,1.0
37,0.0,0.0,0.0,3.124819284995948,19,-2.6264115027723447,1.0
37,0.0,0.0,0.0,3.124819284995948,20,-2.6264115026596766,1.0
37,0.0,0.0,0.0,3.124819284995948,21,-2.5773599122922013,1.0
37,0.0,0.0,0.0,3.124819284995948,22,-2.5773599121231987,1.0
37,0.0,0.0,0.0,3.124819284995948,23,-1.6526203054121196,1.0
37,0.0,0.0,0.0,3.124819284995948,24,-1.6526203051304493,1.0
37,0.0,0.0,0.0,3.124819284995948,25,-1.5932325774425091,1.0
37,0.0,0.0,0.0,3.124819284995948,26,-1.593232577273507,1.0
37,0.0,0.0,0.0,3.124819284995948,27,-1.5640218465126616,1.0
37,0.0,0.0,0.0,3.124819284995948,28,-1.564021842287605,1.0
37,0.0,0.0,0.0,3.124819284995948,29,-1.5472880267841302,1.0
37,0.0,0.0,0.0,3.124819284995948,30,-1.547288026671462,1.0
37,0.0,0.0,0.0,3.124819284995948,31,-1.4987649305525987,1.0
37,0.0,0.0,0.0,3.124819284995948,32,-1.4987649252008606,1.0
37,0.0,0.0,0.0,3.124819284995948,33,-0.5702804851341696,1.0
37,0.0,0.0,0.0,3.124819284995948,34,-0.5702804849088334,1.0
37,0.0,0.0,0.0,3.124819284995948,35,0.12570945712901682,0.9999999999999833
37,0.0,0.0,0.0,3.124819284995948,36,0.12570945757968954,0.9999999999999833
37,0.0,0.0,0.0,3.124819284995948,37,2.4517556432164715,0.0
37,0.0,0.0,0.0,3.124819284995948,38,2.4517556433854732,0.0
37,0.0,0.0,0.0,3.124819284995948,39,2.5211331068745695,0.0
37,0.0,0.0,0.0,3.124819284995948,40,2.5211331079449177,0.0
37,0.0,0.0,0.0,3.124819284995948,41,2.532245630965307,0.0
37,0.0,0.0,0.0,3.124819284995948,42,2.5322456310779753,0.0
37,0.0,0.0,0.0,3.124819284995948,43,2.599777992683105,0.0
37,0.0,0.0,0.0,3.124819284995948,44,2.5997779976968385,0.0
37,0.0,0.0,0.0,3.124819284995948,45,2.6641550584611924,0.0
37,0.0,0.0,0.0,3.124819284995948,46,2.664155058630195,0.0
37,0.0,0.0,0.0,3.124819284995948,47,2.682743619005179,0.0
37,0.0,0.0,0.0,3.124819284995948,48,2.6827436231739012,0.0
37,0.0,0.0,0.0,3.124819284995948,49,2.747660547532547,0.0
37,0.0,0.0,0.0,3.124819284995948,50,2.747660547814217,0.0
37,0.0,0.0,0.0,3.124819284995948,51,2.755355711195347,0.0
37,0.0,0.0,0.0,3.124819284995948,52,2.7553557222368275,0.0
37,0.0,0.0,0.0,3.124819284995948,53,5.15706293961102,0.0
37,0.0,0.0,0.0,3.124819284995948,54,5.157062963046002,0.0
37,0.0,0.0,0.0,3.124819284995948,55,5.304318047019917,0.0
37,0.0,0.0,0.0,3.124819284995948,56,5.304318059807755,0.0
37,0.0,0.0,0.0,3.124819284995948,57,6.134468702367318,0.0
37,0.0,0.0,0.0,3.124819284995948,58,6.134468709578082,0.0
37,0.0,0.0,0.0,3.124819284995948,59,6.400151669406449,0.0
37,0.0,0.0,0.0,3.124819284995948,60,6.400151674138512,0.0
37,0.0,0.0,0.0,3.124819284995948,61,6.607858828712806,0.0
37,0.0,0.0,0.0,3.124819284995948,62,6.607858830233827,0.0
37,0.0,0.0,0.0,3.124819284995948,63,7.794775847865311,0.0
37,0.0,0.0,0.0,3.124819284995948,64,7.794775893270586,0.0
38,-0.0277777777777778,-0.0555555555555556,0.0,3.2348779541321653,1,-14.31534110584707,1.0
38,-0.0277777777777778,-0.0555555555555556,0.0,3.2348779541321653,2,-14.315253551140495,1.0
38,-0.0277777777777778,-0.0555555555555556,0.0,3.2348779541321653,3,-14.140184614016693,1.0
38,-0.0277777777777778,-0.0555555555555556,0.0,3.2348779541321653,4,-14.140054576358407,1.0
38,-0.0277777777777778,-0.0555555555555556,0.0,3.2348779541321653,5,-13.238207697564942,1.0
38,-0.0277777777777778,-0.0555555555555556,0.0,3.2348779541321653,6,-13.23819528268863,1.0
38,-0.0277777777777778,-0.0555555555555556,0.0,3.2348779541321653,7,-12.996194889119502,1.0
38,-0.0277777777777778,-0.0555555555555556,0.0,3.2348779541321653,8,-12.996155964850756,1.0
38,-0.0277777777777778,-0.0555555555555556,0.0,3.2348779541321653,9,-6.055925140260612,1.0
38,-0.0277777777777778,-0.0555555555555556,0.0,3.2348779541321653,10,-6.05587608742848,1.0
38,-0.0277777777777778,-0.0555555555555556,0.0,3.2348779541321653,11,-5.494807055458963,1.0
38,-0.0277777777777778,-0.0555555555555556,0.0,3.2348779541321653,12,-5.494763163634415,1.0
38,-0.0277777777777778,-0.0555555555555556,0.0,3.2348779541321653,13,-2.7784318475829197,1.0
38,-0.0277777777777778,-0.0555555555555556,0.0,3.2348779541321653,14,-2.77586476491106,1.0
38,-0.0277777777777778,-0.0555555555555556,0.0,3.2348779541321653,15,-2.739780135637397,1.0
38,-0.0277777777777778,-0.0555555555555556,0.0,3.2348779541321653,16,-2.731899253522595,1.0
38,-0.0277777777777778,-0.0555555555555556,0.0,3.2348779541321653,17,-2.711967222952666,1.0
38,-0.0277777777777778,-0.0555555555555556,0.0,3.2348779541321653,18,-2.7019429537269053,1.0
38,-0.0277777777777778,-0.0555555555555556,0.0,3.2348779541321653,19,-2.6363782115564627,1.0
38,-0.0277777777777778,-0.0555555555555556,0.0,3.2348779541321653,20,-2.6297031310328283,1.0
38,-0.0277777777777778,-0.0555555555555556,0.0,3.2348779541321653,21,-2.5751484133760707,1.0
38,-0.0277777777777778,-0.0555555555555556,0.0,3.2348779541321653,22,-2.569723533894817,1.0
38,-0.0277777777777778,-0.0555555555555556,0.0,3.2348779541321653,23,-1.9107270837425778,1.0
38,-0.0277777777777778,-0.0555555555555556,0.0,3.2348779541321653,24,-1.9066361054984302,1.0
38,-0.0277777777777778,-0.0555555555555556,0.0,3.2348779541321653,25,-1.6747015592569217,1.0
38,-0.0277777777777778,-0.0555555555555556,0.0,3.2348779541321653,26,-1.6645996315055733,1.0
38,-0.0277777777777778,-0.0555555555555556,0.0,3.2348779541321653,27,-1.6129769485870855,1.0
38,-0.0277777777777778,-0.0555555555555556,0.0,3.2348779541321653,28,-1.6096028527625437,1.0
38,-0.0277777777777778,-0.0555555555555556,0.0,3.2348779541321653,29,-1.519273476913002,1.0
38,-0.0277777777777778,-0.0555555555555556,0.0,3.2348779541321653,30,-1.5112854928886919,1.0
38,-0.0277777777777778,-0.0555555555555556,0.0,3.2348779541321653,31,-1.2979660560564188,1.0
38,-0.0277777777777778,-0.0555555555555556,0.0,3.2348779541321653,32,-1.2923625790783095,1.0
38,-0.0277777777777778,-0.0555555555555556,0.0,3.2348779541321653,33,-0.5731926655232631,1.0
38,-0.0277777777777778,-0.0555555555555556,0.0,3.2348779541321653,34,-0.5717726002702455,1.0
38,-0.0277777777777778,-0.0555555555555556,0.0,3.2348779541321653,35,0.08468895107914691,1.0
38,-0.0277777777777778,-0.0555555555555556,0.0,3.2348779541321653,36,0.08522115076105853,1.0
38,-0.0277777777777778,-0.0555555555555556,0.0,3.2348779541321653,37,2.4240874957422207,0.0
38,-0.0277777777777778,-0.0555555555555556,0.0,3.2348779541321653,38,2.4399910868321237,0.0
38,-0.0277777777777778,-0.0555555555555556,0.0,3.2348779541321653,39,2.4874765403672834,0.0
38,-0.0277777777777778,-0.0555555555555556,0.0,3.2348779541321653,40,2.5045105820755342,0.0
38,-0.0277777777777778,-0.0555555555555556,0.0,3.2348779541321653,41,2.518766309286772,0.0
38,-0.0277777777777778,-0.0555555555555556,0.0,3.2348779541321653,42,2.5504033196332014,0.0
38,-0.0277777777777778,-0.0555555555555556,0.0,3.2348779541321653,43,2.5686825099232857,0.0
38,-0.0277777777777778,-0.0555555555555556,0.0,3.2348779541321653,44,2.584471133756952,0.0
38,-0.0277777777777778,-0.0555555555555556,0.0,3.2348779541321653,45,2.616219597613387,0.0
38,-0.0277777777777778,-0.0555555555555556,0.0,3.2348779541321653,46,2.6179654981404976,0.0
38,-0.0277777777777778,-0.0555555555555556,0.0,3.2348779541321653,47,2.6296294645545815,0.0
38,-0.0277777777777778,-0.0555555555555556,0.0,3.2348779541321653,48,2.6454736686757325,0.0
38,-0.0277777777777778,-0.0555555555555556,0.0,3.2348779541321653,49,2.6697494715824908,0.0
38,-0.0277777777777778,-0.0555555555555556,0.0,3.2348779541321653,50,2.692980812944806,0.0
38,-0.0277777777777778,-0.0555555555555556,0.0,3.2348779541321653,51,2.720616344427352,0.0
38,-0.0277777777777778,-0.0555555555555556,0.0,3.2348779541321653,52,2.727508569968829,0.0
38,-0.0277777777777778,-0.0555555555555556,0.0,3.2348779541321653,53,5.213370313802345,0.0
38,-0.0277777777777778,-0.0555555555555556,0.0,3.2348779541321653,54,5.21362890926461,0.0
38,-0.0277777777777778,-0.0555555555555556,0.0,3.2348779541321653,55,5.3609806716447395,0.0
38,-0.0277777777777778,-0.0555555555555556,0.0,3.2348779541321653,56,5.361509559932193,0.0
38,-0.0277777777777778,-0.0555555555555556,0.0,3.2348779541321653,57,6.25287558429584,0.0
38,-0.0277777777777778,-0.0555555555555556,0.0,3.2348779541321653,58,6.253165701533868,0.0
38,-0.0277777777777778,-0.0555555555555556,0.0,3.2348779541321653,59,6.554159205024998,0.0
38,-0.0277777777777778,-0.0555555555555556,0.0,3.2348779541321653,60,6.554904411341649,0.0
38,-0.0277777777777778,-0.0555555555555556,0.0,3.2348779541321653,61,6.700778844828573,0.0
38,-0.0277777777777778,-0.0555555555555556,0.0,3.2348779541321653,62,6.701457652190733,0.0
38,-0.0277777777777778,-0.0555555555555556,0.0,3.2348779541321653,63,7.8409586019617254,0.0
38,-0.0277777777777778,-0.0555555555555556,0.0,3.2348779541321653,64,7.841008892164567,0.0
39,-0.0555555555555556,-0.1111111111111111,0.0,3.3449366232683824,1,-14.217213898077013,1.0
39,-0.0555555555555556,-0.1111111111111111,0.0,3.3449366232683824,2,-14.216912180589592,1.0
39,-0.0555555555555556,-0.1111111111111111,0.0,3.3449366232683824,3,-14.043117490232309,1.0
39,-0.0555555555555556,-0.1111111111111111,0.0,3.3449366232683824,4,-14.04274276535791,1.0
39,-0.0555555555555556,-0.1111111111111111,0.0,3.3449366232683824,5,-13.184421132013714,1.0
39,-0.0555555555555556,-0.1111111111111111,0.0,3.3449366232683824,6,-13.184373393950864,1.0
39,-0.0555555555555556,-0.1111111111111111,0.0,3.3449366232683824,7,-12.948898675682358,1.0
39,-0.0555555555555556,-0.1111111111111111,0.0,3.3449366232683824,8,-12.948811924622674,1.0
39,-0.0555555555555556,-0.1111111111111111,0.0,3.3449366232683824,9,-5.941253690967219,1.0
39,-0.0555555555555556,-0.1111111111111111,0.0,3.3449366232683824,10,-5.94084587173334,1.0
39,-0.0555555555555556,-0.1111111111111111,0.0,3.3449366232683824,11,-5.381046470328895,1.0
39,-0.0555555555555556,-0.1111111111111111,0.0,3.3449366232683824,12,-5.380692516554703,1.0
39,-0.0555555555555556,-0.1111111111111111,0.0,3.3449366232683824,13,-2.9968171671235577,1.0
39,-0.0555555555555556,-0.1111111111111111,0.0,3.3449366232683824,14,-2.99134857051875,1.0
39,-0.0555555555555556,-0.1111111111111111,0.0,3.3449366232683824,15,-2.9504165721585895,1.0
39,-0.0555555555555556,-0.1111111111111111,0.0,3.3449366232683824,16,-2.9333276386209697,1.0
39,-0.0555555555555556,-0.1111111111111111,0.0,3.3449366232683824,17,-2.9258937187035654,1.0
39,-0.0555555555555556,-0.1111111111111111,0.0,3.3449366232683824,18,-2.907175134371453,1.0
39,-0.0555555555555556,-0.1111111111111111,0.0,3.3449366232683824,19,-2.5458998890240006,1.0
39,-0.0555555555555556,-0.1111111111111111,0.0,3.3449366232683824,20,-2.5342462483107155,1.0
39,-0.0555555555555556,-0.1111111111111111,0.0,3.3449366232683824,21,-2.4826722542843154,1.0
39,-0.0555555555555556,-0.1111111111111111,0.0,3.3449366232683824,22,-2.4729372497293625,1.0
39,-0.0555555555555556,-0.1111111111111111,0.0,3.3449366232683824,23,-2.2649200025524436,1.0
39,-0.0555555555555556,-0.1111111111111111,0.0,3.3449366232683824,24,-2.2608871340642978,1.0
39,-0.0555555555555556,-0.1111111111111111,0.0,3.3449366232683824,25,-1.8571703339271834,1.0
39,-0.0555555555555556,-0.1111111111111111,0.0,3.3449366232683824,26,-1.8451237639280735,1.0
39,-0.0555555555555556,-0.1111111111111111,0.0,3.3449366232683824,27,-1.7916031587044556,1.0
39,-0.0555555555555556,-0.1111111111111111,0.0,3.3449366232683824,28,-1.7801928443425872,1.0
39,-0.0555555555555556,-0.1111111111111111,0.0,3.3449366232683824,29,-1.4614592300059634,1.0
39,-0.0555555555555556,-0.1111111111111111,0.0,3.3449366232683824,30,-1.4389770455000708,1.0
39,-0.0555555555555556,-0.1111111111111111,0.0,3.3449366232683824,31,-1.12299166560852,1.0
39,-0.0555555555555556,-0.1111111111111111,0.0,3.3449366232683824,32,-1.1089447793671088,1.0
39,-0.0555555555555556,-0.1111111111111111,0.0,3.3449366232683824,33,-0.5920367838094609,1.0
39,-0.0555555555555556,-0.1111111111111111,0.0,3.3449366232683824,34,-0.5892983702109864,1.0
39,-0.0555555555555556,-0.1111111111111111,0.0,3.3449366232683824,35,-0.048284677664595266,1.0
39,-0.0555555555555556,-0.1111111111111111,0.0,3.3449366232683824,36,-0.04642178657306892,1.0
39,-0.0555555555555556,-0.1111111111111111,0.0,3.3449366232683824,37,2.2954301674842794,0.0
39,-0.0555555555555556,-0.1111111111111111,0.0,3.3449366232683824,38,2.300465717371183,0.0
39,-0.0555555555555556,-0.1111111111111111,0.0,3.3449366232683824,39,2.318137009279064,0.0
39,-0.0555555555555556,-0.1111111111111111,0.0,3.3449366232683824,40,2.350723581849026,0.0
39,-0.0555555555555556,-0.1111111111111111,0.0,3.3449366232683824,41,2.3762518735738416,0.0
39,-0.0555555555555556,-0.1111111111111111,0.0,3.3449366232683824,42,2.3968773964219583,0.0
39,-0.0555555555555556,-0.1111111111111111,0.0,3.3449366232683824,43,2.4378089515747634,0.0
39,-0.0555555555555556,-0.1111111111111111,0.0,3.3449366232683824,44,2.4532368072780235,0.0
39,-0.0555555555555556,-0.1111111111111111,0.0,3.3449366232683824,45,2.491451409825598,0.0
39,-0.0555555555555556,-0.1111111111111111,0.0,3.3449366232683824,46,2.5113817546580206,0.0
39,-0.0555555555555556,-0.1111111111111111,0.0,3.3449366232683824,47,2.590818627994941,0.0
39,-0.0555555555555556,-0.1111111111111111,0.0,3.3449366232683824,48,2.6139430945453714,0.0
39,-0.0555555555555556,-0.1111111111111111,0.0,3.3449366232683824,49,2.719566559297821,0.0
39,-0.0555555555555556,-0.1111111111111111,0.0,3.3449366232683824,50,2.7618884847594636,0.0
39,-0.0555555555555556,-0.1111111111111111,0.0,3.3449366232683824,51,2.8085870071274464,0.0
39,-0.0555555555555556,-0.1111111111111111,0.0,3.3449366232683824,52,2.847933557295291,0.0
39,-0.0555555555555556,-0.1111111111111111,0.0,3.3449366232683824,53,5.366690387231089,0.0
39,-0.0555555555555556,-0.1111111111111111,0.0,3.3449366232683824,54,5.367166084663919,0.0
39,-0.0555555555555556,-0.1111111111111111,0.0,3.3449366232683824,55,5.515233156134818,0.0
39,-0.0555555555555556,-0.1111111111111111,0.0,3.3449366232683824,56,5.516034698017739,0.0
39,-0.0555555555555556,-0.1111111111111111,0.0,3.3449366232683824,57,6.504176908203614,0.0
39,-0.0555555555555556,-0.1111111111111111,0.0,3.3449366232683824,58,6.504974819700107,0.0
39,-0.0555555555555556,-0.1111111111111111,0.0,3.3449366232683824,59,6.96918213923421,0.0
39,-0.0555555555555556,-0.1111111111111111,0.0,3.3449366232683824,60,6.9713978513302814,0.0
39,-0.0555555555555556,-0.1111111111111111,0.0,3.3449366232683824,61,7.036477607829099,0.0
39,-0.0555555555555556,-0.1111111111111111,0.0,3.3449366232683824,62,7.0385752554939724,0.0
39,-0.0555555555555556,-0.1111111111111111,0.0,3.3449366232683824,63,7.980171574444001,0.0
39,-0.0555555555555556,-0.1111111111111111,0.0,3.3449366232683824,64,7.980397171674268,0.0
40,-0.0833333333333333,-0.1666666666666667,0.0,3.4549952924045995,1,-14.058634321235754,1.0
40,-0.0833333333333333,-0.1666666666666667,0.0,3.4549952924045995,2,-14.057745635672685,1.0
40,-0.0833333333333333,-0.1666666666666667,0.0,3.4549952924045995,3,-13.886616588389305,1.0
40,-0.0833333333333333,-0.1666666666666667,0.0,3.4549952924045995,4,-13.885610796670877,1.0
40,-0.0833333333333333,-0.1666666666666667,0.0,3.4549952924045995,5,-13.0976143751339,1.0
40,-0.0833333333333333,-0.1666666666666667,0.0,3.4549952924045995,6,-13.097468865122561,1.0
40,-0.0833333333333333,-0.1666666666666667,0.0,3.4549952924045995,7,-12.872817372367615,1.0
40,-0.0833333333333333,-0.1666666666666667,0.0,3.4549952924045995,8,-12.872640029358209,1.0
40,-0.0833333333333333,-0.1666666666666667,0.0,3.4549952924045995,9,-5.766675836320429,1.0
40,-0.0833333333333333,-0.1666666666666667,0.0,3.4549952924045995,10,-5.765190772984062,1.0
40,-0.0833333333333333,-0.1666666666666667,0.0,3.4549952924045995,11,-5.210900181790522,1.0
40,-0.0833333333333333,-0.1666666666666667,0.0,3.4549952924045995,12,-5.209566190167743,1.0
40,-0.0833333333333333,-0.1666666666666667,0.0,3.4549952924045995,13,-3.309911650572519,1.0
40,-0.0833333333333333,-0.1666666666666667,0.0,3.4549952924045995,14,-3.3012347632540475,1.0
40,-0.0833333333333333,-0.1666666666666667,0.0,3.4549952924045995,15,-3.251869824326901,1.0
40,-0.0833333333333333,-0.1666666666666667,0.0,3.4549952924045995,16,-3.242164420018682,1.0
40,-0.0833333333333333,-0.1666666666666667,0.0,3.4549952924045995,17,-3.179217800873416,1.0
40,-0.0833333333333333,-0.1666666666666667,0.0,3.4549952924045995,18,-3.173717363663334,1.0
40,-0.0833333333333333,-0.1666666666666667,0.0,3.4549952924045995,19,-2.6195968198304422,1.0
40,-0.0833333333333333,-0.1666666666666667,0.0,3.4549952924045995,20,-2.6175164361001624,1.0
40,-0.0833333333333333,-0.1666666666666667,0.0,3.4549952924045995,21,-2.393859212415851,1.0
40,-0.0833333333333333,-0.1666666666666667,0.0,3.4549952924045995,22,-2.371579042812388,1.0
40,-0.0833333333333333,-0.1666666666666667,0.0,3.4549952924045995,23,-2.330715535713538,1.0
40,-0.0833333333333333,-0.1666666666666667,0.0,3.4549952924045995,24,-2.307702590745796,1.0
40,-0.0833333333333333,-0.1666666666666667,0.0,3.4549952924045995,25,-2.165067567463735,1.0
40,-0.0833333333333333,-0.1666666666666667,0.0,3.4549952924045995,26,-2.157565099692653,1.0
40,-0.0833333333333333,-0.1666666666666667,0.0,3.4549952924045995,27,-2.0998049140858113,1.0
40,-0.0833333333333333,-0.1666666666666667,0.0,3.4549952924045995,28,-2.0910889753361683,1.0
40,-0.0833333333333333,-0.1666666666666667,0.0,3.4549952924045995,29,-1.3977737878493095,1.0
40,-0.0833333333333333,-0.1666666666666667,0.0,3.4549952924045995,30,-1.3665689250552988,1.0
40,-0.0833333333333333,-0.1666666666666667,0.0,3.4549952924045995,31,-1.040600459035186,1.0
40,-0.0833333333333333,-0.1666666666666667,0.0,3.4549952924045995,32,-1.0180839308234368,1.0
40,-0.0833333333333333,-0.1666666666666667,0.0,3.4549952924045995,33,-0.6552603936743095,1.0
40,-0.0833333333333333,-0.1666666666666667,0.0,3.4549952924045995,34,-0.6503791963677277,1.0
40,-0.0833333333333333,-0.1666666666666667,0.0,3.4549952924045995,35,-0.2812208809264955,1.0
40,-0.0833333333333333,-0.1666666666666667,0.0,3.4549952924045995,36,-0.27385371936692854,1.0
40,-0.0833333333333333,-0.1666666666666667,0.0,3.4549952924045995,37,1.9881988433672049,0.0
40,-0.0833333333333333,-0.1666666666666667,0.0,3.4549952924045995,38,2.001143904607239,0.0
40,-0.0833333333333333,-0.1666666666666667,0.0,3.4549952924045995,39,2.1370836678823615,0.0
40,-0.0833333333333333,-0.1666666666666667,0.0,3.4549952924045995,40,2.1692325788910347,0.0
40,-0.0833333333333333,-0.1666666666666667,0.0,3.4549952924045995,41,2.2232137183805323,0.0
40,-0.0833333333333333,-0.1666666666666667,0.0,3.4549952924045995,42,2.249592116373413,0.0
40,-0.0833333333333333,-0.1666666666666667,0.0,3.4549952924045995,43,2.3283720530862206,0.0
40,-0.0833333333333333,-0.1666666666666667,0.0,3.4549952924045995,44,2.3400866346106124,0.0
40,-0.0833333333333333,-0.1666666666666667,0.0,3.4549952924045995,45,2.374281502615256,0.0
40,-0.0833333333333333,-0.1666666666666667,0.0,3.4549952924045995,46,2.3886552678342055,0.0
40,-0.0833333333333333,-0.1666666666666667,0.0,3.4549952924045995,47,2.4691601073207377,0.0
40,-0.0833333333333333,-0.1666666666666667,0.0,3.4549952924045995,48,2.498579343953941,0.0
40,-0.0833333333333333,-0.1666666666666667,0.0,3.4549952924045995,49,2.962747792182797,0.0
40,-0.0833333333333333,-0.1666666666666667,0.0,3.4549952924045995,50,3.0140199596210095,0.0
40,-0.0833333333333333,-0.1666666666666667,0.0,3.4549952924045995,51,3.047188959035566,0.0
40,-0.0833333333333333,-0.1666666666666667,0.0,3.4549952924045995,52,3.0946781520886875,0.0
40,-0.0833333333333333,-0.1666666666666667,0.0,3.4549952924045995,53,5.600830444608406,0.0
40,-0.0833333333333333,-0.1666666666666667,0.0,3.4549952924045995,54,5.601576736719059,0.0
40,-0.0833333333333333,-0.1666666666666667,0.0,3.4549952924045995,55,5.74784543720171,0.0
40,-0.0833333333333333,-0.1666666666666667,0.0,3.4549952924045995,56,5.748846278475098,0.0
40,-0.0833333333333333,-0.1666666666666667,0.0,3.4549952924045995,57,6.777623616459142,0.0
40,-0.0833333333333333,-0.1666666666666667,0.0,3.4549952924045995,58,6.778740068113618,0.0
40,-0.0833333333333333,-0.1666666666666667,0.0,3.4549952924045995,59,7.540876783098187,0.0
40,-0.0833333333333333,-0.1666666666666667,0.0,3.4549952924045995,60,7.543731285022804,0.0
40,-0.0833333333333333,-0.1666666666666667,0.0,3.4549952924045995,61,7.596443194958732,0.0
40,-0.0833333333333333,-0.1666666666666667,0.0,3.4549952924045995,62,7.598927621481122,0.0
40,-0.0833333333333333,-0.1666666666666667,0.0,3.4549952924045995,63,8.225038083528963,0.0
40,-0.0833333333333333,-0.1666666666666667,0.0,3.4549952924045995,64,8.225912073561965,0.0
41,-0.1111111111111111,-0.2222222222222222,0.0,3.565053961540816,1,-13.84711388308213,1.0
41,-0.1111111111111111,-0.2222222222222222,0.0,3.565053961540816,2,-13.845061966816246,1.0
41,-0.1111111111111111,-0.2222222222222222,0.0,3.565053961540816,3,-13.678731516960582,1.0
41,-0.1111111111111111,-0.2222222222222222,0.0,3.565053961540816,4,-13.676468430663355,1.0
41,-0.1111111111111111,-0.2222222222222222,0.0,3.565053961540816,5,-12.982092600272068,1.0
41,-0.1111111111111111,-0.2222222222222222,0.0,3.565053961540816,6,-12.981751758718215,1.0
41,-0.1111111111111111,-0.2222222222222222,0.0,3.565053961540816,7,-12.772109483462447,1.0
41,-0.1111111111111111,-0.2222222222222222,0.0,3.565053961540816,8,-12.771755503130866,1.0
41,-0.1111111111111111,-0.2222222222222222,0.0,3.565053961540816,9,-5.560870415484759,1.0
41,-0.1111111111111111,-0.2222222222222222,0.0,3.565053961540816,10,-5.556934489369452,1.0
41,-0.1111111111111111,-0.2222222222222222,0.0,3.565053961540816,11,-5.020967524767798,1.0
41,-0.1111111111111111,-0.2222222222222222,0.0,3.565053961540816,12,-5.017146922006001,1.0
41,-0.1111111111111111,-0.2222222222222222,0.0,3.565053961540816,13,-3.647028843729749,1.0
41,-0.1111111111111111,-0.2222222222222222,0.0,3.565053961540816,14,-3.638427169821864,1.0
41,-0.1111111111111111,-0.2222222222222222,0.0,3.565053961540816,15,-3.589827030387047,1.0
41,-0.1111111111111111,-0.2222222222222222,0.0,3.565053961540816,16,-3.5811335641083897,1.0
41,-0.1111111111111111,-0.2222222222222222,0.0,3.565053961540816,17,-3.4264536562243784,1.0
41,-0.1111111111111111,-0.2222222222222222,0.0,3.565053961540816,18,-3.4223224866649478,1.0
41,-0.1111111111111111,-0.2222222222222222,0.0,3.565053961540816,19,-2.9529647748600647,1.0
41,-0.1111111111111111,-0.2222222222222222,0.0,3.565053961540816,20,-2.938420587871123,1.0
41,-0.1111111111111111,-0.2222222222222222,0.0,3.565053961540816,21,-2.5805829981907342,1.0
41,-0.1111111111111111,-0.2222222222222222,0.0,3.565053961540816,22,-2.579505708764996,1.0
41,-0.1111111111111111,-0.2222222222222222,0.0,3.565053961540816,23,-2.5127960348350777,1.0
41,-0.1111111111111111,-0.2222222222222222,0.0,3.565053961540816,24,-2.511624712788361,1.0
41,-0.1111111111111111,-0.2222222222222222,0.0,3.565053961540816,25,-2.218232182936667,1.0
41,-0.1111111111111111,-0.2222222222222222,0.0,3.565053961540816,26,-2.1860975456637757,1.0
41,-0.1111111111111111,-0.2222222222222222,0.0,3.565053961540816,27,-2.1510359865690845,1.0
41,-0.1111111111111111,-0.2222222222222222,0.0,3.565053961540816,28,-2.1194740830755876,1.0
41,-0.1111111111111111,-0.2222222222222222,0.0,3.565053961540816,29,-1.3635122411313372,1.0
41,-0.1111111111111111,-0.2222222222222222,0.0,3.565053961540816,30,-1.326705465509896,1.0
41,-0.1111111111111111,-0.2222222222222222,0.0,3.565053961540816,31,-1.0435385002056563,1.0
41,-0.1111111111111111,-0.2222222222222222,0.0,3.565053961540816,32,-1.015969716112314,1.0
41,-0.1111111111111111,-0.2222222222222222,0.0,3.565053961540816,33,-0.7872241086348455,1.0
41,-0.1111111111111111,-0.2222222222222222,0.0,3.565053961540816,34,-0.7726376109248314,1.0
41,-0.1111111111111111,-0.2222222222222222,0.0,3.565053961540816,35,-0.5845831332633868,1.0
41,-0.1111111111111111,-0.2222222222222222,0.0,3.565053961540816,36,-0.5633449025851105,1.0
41,-0.1111111111111111,-0.2222222222222222,0.0,3.565053961540816,37,1.7177145285079969,0.0
41,-0.1111111111111111,-0.2222222222222222,0.0,3.565053961540816,38,1.7187487244355286,0.0
41,-0.1111111111111111,-0.2222222222222222,0.0,3.565053961540816,39,1.9714982785496344,0.0
41,-0.1111111111111111,-0.2222222222222222,0.0,3.565053961540816,40,1.9910082405895224,0.0
41,-0.1111111111111111,-0.2222222222222222,0.0,3.565053961540816,41,2.126658126858948,0.0
41,-0.1111111111111111,-0.2222222222222222,0.0,3.565053961540816,42,2.170862928266825,0.0
41,-0.1111111111111111,-0.2222222222222222,0.0,3.565053961540816,43,2.2025332645470943,0.0
41,-0.1111111111111111,-0.2222222222222222,0.0,3.565053961540816,44,2.2288665606292852,0.0
41,-0.1111111111111111,-0.2222222222222222,0.0,3.565053961540816,45,2.265623370039018,0.0
41,-0.1111111111111111,-0.2222222222222222,0.0,3.565053961540816,46,2.3012989824490964,0.0
41,-0.1111111111111111,-0.2222222222222222,0.0,3.565053961540816,47,2.4480355740727715,0.0
41,-0.1111111111111111,-0.2222222222222222,0.0,3.565053961540816,48,2.505390565154622,0.0
41,-0.1111111111111111,-0.2222222222222222,0.0,3.565053961540816,49,3.259369213459615,0.0
41,-0.1111111111111111,-0.2222222222222222,0.0,3.565053961540816,50,3.310408459572205,0.0
41,-0.1111111111111111,-0.2222222222222222,0.0,3.565053961540816,51,3.332894868364159,0.0
41,-0.1111111111111111,-0.2222222222222222,0.0,3.565053961540816,52,3.3823917527626275,0.0
41,-0.1111111111111111,-0.2222222222222222,0.0,3.565053961540816,53,5.9117118914375535,0.0
41,-0.1111111111111111,-0.2222222222222222,0.0,3.565053961540816,54,5.912960183643614,0.0
41,-0.1111111111111111,-0.2222222222222222,0.0,3.565053961540816,55,6.05210369418697,0.0
41,-0.1111111111111111,-0.2222222222222222,0.0,3.565053961540816,56,6.053553130962053,0.0
41,-0.1111111111111111,-0.2222222222222222,0.0,3.565053961540816,57,7.095911162706381,0.0
41,-0.1111111111111111,-0.2222222222222222,0.0,3.565053961540816,58,7.0975297392738455,0.0
41,-0.1111111111111111,-0.2222222222222222,0.0,3.565053961540816,59,8.1117636194126,0.0
41,-0.1111111111111111,-0.2222222222222222,0.0,3.565053961540816,60,8.112603151314591,0.0
41,-0.1111111111111111,-0.2222222222222222,0.0,3.565053961540816,61,8.170384836544223,0.0
41,-0.1111111111111111,-0.2222222222222222,0.0,3.565053961540816,62,8.170894776232917,0.0
41,-0.1111111111111111,-0.2222222222222222,0.0,3.565053961540816,63,8.627768307895291,0.0
41,-0.1111111111111111,-0.2222222222222222,0.0,3.565053961540816,64,8.628456358596225,0.0
42,-0.1388888888888889,-0.2777777777777778,0.0,3.675112630677033,1,-13.593489200509998,1.0
42,-0.1388888888888889,-0.2777777777777778,0.0,3.675112630677033,2,-13.589511967497513,1.0
42,-0.1388888888888889,-0.2777777777777778,0.0,3.675112630677033,3,-13.43093981740731,1.0
42,-0.1388888888888889,-0.2777777777777778,0.0,3.675112630677033,4,-13.426592161454208,1.0
42,-0.1388888888888889,-0.2777777777777778,0.0,3.675112630677033,5,-12.843940675818585,1.0
42,-0.1388888888888889,-0.2777777777777778,0.0,3.675112630677033,6,-12.843270516063026,1.0
42,-0.1388888888888889,-0.2777777777777778,0.0,3.675112630677033,7,-12.652600290437382,1.0
42,-0.1388888888888889,-0.2777777777777778,0.0,3.675112630677033,8,-12.651952902122382,1.0
42,-0.1388888888888889,-0.2777777777777778,0.0,3.675112630677033,9,-5.374229567917558,1.0
42,-0.1388888888888889,-0.2777777777777778,0.0,3.675112630677033,10,-5.365587088167269,1.0
42,-0.1388888888888889,-0.2777777777777778,0.0,3.675112630677033,11,-4.886317932783976,1.0
42,-0.1388888888888889,-0.2777777777777778,0.0,3.675112630677033,12,-4.877147781952722,1.0
42,-0.1388888888888889,-0.2777777777777778,0.0,3.675112630677033,13,-3.9278198899962598,1.0
42,-0.1388888888888889,-0.2777777777777778,0.0,3.675112630677033,14,-3.923186993669264,1.0
42,-0.1388888888888889,-0.2777777777777778,0.0,3.675112630677033,15,-3.8712134232656434,1.0
42,-0.1388888888888889,-0.2777777777777778,0.0,3.675112630677033,16,-3.8671070122683213,1.0
42,-0.1388888888888889,-0.2777777777777778,0.0,3.675112630677033,17,-3.6467132990336717,1.0
42,-0.1388888888888889,-0.2777777777777778,0.0,3.675112630677033,18,-3.636254532246375,1.0
42,-0.1388888888888889,-0.2777777777777778,0.0,3.675112630677033,19,-3.2983946385860228,1.0
42,-0.1388888888888889,-0.2777777777777778,0.0,3.675112630677033,20,-3.267340989958607,1.0
42,-0.1388888888888889,-0.2777777777777778,0.0,3.675112630677033,21,-3.0351522890412883,1.0
42,-0.1388888888888889,-0.2777777777777778,0.0,3.675112630677033,22,-3.0272587546812972,1.0
42,-0.1388888888888889,-0.2777777777777778,0.0,3.675112630677033,23,-2.9570185473162733,1.0
42,-0.1388888888888889,-0.2777777777777778,0.0,3.675112630677033,24,-2.931970985079236,1.0
42,-0.1388888888888889,-0.2777777777777778,0.0,3.675112630677033,25,-2.1024251934018703,1.0
42,-0.1388888888888889,-0.2777777777777778,0.0,3.675112630677033,26,-2.0503807891133228,1.0
42,-0.1388888888888889,-0.2777777777777778,0.0,3.675112630677033,27,-2.0301964247519284,1.0
42,-0.1388888888888889,-0.2777777777777778,0.0,3.675112630677033,28,-1.9791288574377277,1.0
42,-0.1388888888888889,-0.2777777777777778,0.0,3.675112630677033,29,-1.3748484477370635,1.0
42,-0.1388888888888889,-0.2777777777777778,0.0,3.675112630677033,30,-1.3343191328173547,1.0
42,-0.1388888888888889,-0.2777777777777778,0.0,3.675112630677033,31,-1.120339805917844,1.0
42,-0.1388888888888889,-0.2777777777777778,0.0,3.675112630677033,32,-1.090458771696046,1.0
42,-0.1388888888888889,-0.2777777777777778,0.0,3.675112630677033,33,-0.9593935783367232,1.0
42,-0.1388888888888889,-0.2777777777777778,0.0,3.675112630677033,34,-0.9241924954187671,1.0
42,-0.1388888888888889,-0.2777777777777778,0.0,3.675112630677033,35,-0.8766953654710316,1.0
42,-0.1388888888888889,-0.2777777777777778,0.0,3.675112630677033,36,-0.8321734651070222,1.0
42,-0.1388888888888889,-0.2777777777777778,0.0,3.675112630677033,37,1.5093834518210296,0.0
42,-0.1388888888888889,-0.2777777777777778,0.0,3.675112630677033,38,1.5318206395262242,0.0
42,-0.1388888888888889,-0.2777777777777778,0.0,3.675112630677033,39,1.7991557558200424,0.0
42,-0.1388888888888889,-0.2777777777777778,0.0,3.675112630677033,40,1.8561473619736226,0.0
42,-0.1388888888888889,-0.2777777777777778,0.0,3.675112630677033,41,2.113815319260303,0.0
42,-0.1388888888888889,-0.2777777777777778,0.0,3.675112630677033,42,2.136965139694551,0.0
42,-0.1388888888888889,-0.2777777777777778,0.0,3.675112630677033,43,2.146726643185068,0.0
42,-0.1388888888888889,-0.2777777777777778,0.0,3.675112630677033,44,2.1720300784819964,0.0
42,-0.1388888888888889,-0.2777777777777778,0.0,3.675112630677033,45,2.247513715621908,0.0
42,-0.1388888888888889,-0.2777777777777778,0.0,3.675112630677033,46,2.313632151660416,0.0
42,-0.1388888888888889,-0.2777777777777778,0.0,3.675112630677033,47,2.529784895390827,0.0
42,-0.1388888888888889,-0.2777777777777778,0.0,3.675112630677033,48,2.586945504170123,0.0
42,-0.1388888888888889,-0.2777777777777778,0.0,3.675112630677033,49,3.553746222061476,0.0
42,-0.1388888888888889,-0.2777777777777778,0.0,3.675112630677033,50,3.599193010483639,0.0
42,-0.1388888888888889,-0.2777777777777778,0.0,3.675112630677033,51,3.6173185761980964,0.0
42,-0.1388888888888889,-0.2777777777777778,0.0,3.675112630677033,52,3.662275049256556,0.0
42,-0.1388888888888889,-0.2777777777777778,0.0,3.675112630677033,53,6.295944887833606,0.0
42,-0.1388888888888889,-0.2777777777777778,0.0,3.675112630677033,54,6.298166776747394,0.0
42,-0.1388888888888889,-0.2777777777777778,0.0,3.675112630677033,55,6.423136887984684,0.0
42,-0.1388888888888889,-0.2777777777777778,0.0,3.675112630677033,56,6.425497070802287,0.0
42,-0.1388888888888889,-0.2777777777777778,0.0,3.675112630677033,57,7.477468573090444,0.0
42,-0.1388888888888889,-0.2777777777777778,0.0,3.675112630677033,58,7.4799951788660834,0.0
42,-0.1388888888888889,-0.2777777777777778,0.0,3.675112630677033,59,8.424060889249121,0.0
42,-0.1388888888888889,-0.2777777777777778,0.0,3.675112630677033,60,8.436596057022342,0.0
42,-0.1388888888888889,-0.2777777777777778,0.0,3.675112630677033,61,8.561234862331192,0.0
42,-0.1388888888888889,-0.2777777777777778,0.0,3.675112630677033,62,8.574129089871457,0.0
42,-0.1388888888888889,-0.2777777777777778,0.0,3.675112630677033,63,8.899114279803452,0.0
42,-0.1388888888888889,-0.2777777777777778,0.0,3.675112630677033,64,8.907202935811371,0.0
43,-0.1666666666666667,-0.3333333333333333,0.0,3.7851712998132503,1,-13.312413194102305,1.0
43,-0.1666666666666667,-0.3333333333333333,0.0,3.7851712998132503,2,-13.305589754806867,1.0
43,-0.1666666666666667,-0.3333333333333333,0.0,3.7851712998132503,3,-13.158659555780755,1.0
43,-0.1666666666666667,-0.3333333333333333,0.0,3.7851712998132503,4,-13.151236153443683,1.0
43,-0.1666666666666667,-0.3333333333333333,0.0,3.7851712998132503,5,-12.69116129523022,1.0
43,-0.1666666666666667,-0.3333333333333333,0.0,3.7851712998132503,6,-12.68998860528217,1.0
43,-0.1666666666666667,-0.3333333333333333,0.0,3.7851712998132503,7,-12.521838274515922,1.0
43,-0.1666666666666667,-0.3333333333333333,0.0,3.7851712998132503,8,-12.520763425341833,1.0
43,-0.1666666666666667,-0.3333333333333333,0.0,3.7851712998132503,9,-5.2797138623256,1.0
43,-0.1666666666666667,-0.3333333333333333,0.0,3.7851712998132503,10,-5.2651613014524035,1.0
43,-0.1666666666666667,-0.3333333333333333,0.0,3.7851712998132503,11,-4.909990211412401,1.0
43,-0.1666666666666667,-0.3333333333333333,0.0,3.7851712998132503,12,-4.896197859184184,1.0
43,-0.1666666666666667,-0.3333333333333333,0.0,3.7851712998132503,13,-4.1078875484344,1.0
43,-0.1666666666666667,-0.3333333333333333,0.0,3.7851712998132503,14,-4.105963290633905,1.0
43,-0.1666666666666667,-0.3333333333333333,0.0,3.7851712998132503,15,-3.9932792027582034,1.0
43,-0.1666666666666667,-0.3333333333333333,0.0,3.7851712998132503,16,-3.9926075164055854,1.0
43,-0.1666666666666667,-0.3333333333333333,0.0,3.7851712998132503,17,-3.85854099825098,1.0
43,-0.1666666666666667,-0.3333333333333333,0.0,3.7851712998132503,18,-3.8421208243921505,1.0
43,-0.1666666666666667,-0.3333333333333333,0.0,3.7851712998132503,19,-3.7160845043434922,1.0
43,-0.1666666666666667,-0.3333333333333333,0.0,3.7851712998132503,20,-3.6942607772168197,1.0
43,-0.1666666666666667,-0.3333333333333333,0.0,3.7851712998132503,21,-3.4444344378462315,1.0
43,-0.1666666666666667,-0.3333333333333333,0.0,3.7851712998132503,22,-3.424608581310368,1.0
43,-0.1666666666666667,-0.3333333333333333,0.0,3.7851712998132503,23,-3.2227670892655524,1.0
43,-0.1666666666666667,-0.3333333333333333,0.0,3.7851712998132503,24,-3.193792428145593,1.0
43,-0.1666666666666667,-0.3333333333333333,0.0,3.7851712998132503,25,-2.1619111106322597,1.0
43,-0.1666666666666667,-0.3333333333333333,0.0,3.7851712998132503,26,-2.0942778271958744,1.0
43,-0.1666666666666667,-0.3333333333333333,0.0,3.7851712998132503,27,-2.080735890783929,1.0
43,-0.1666666666666667,-0.3333333333333333,0.0,3.7851712998132503,28,-2.0140082192917927,1.0
43,-0.1666666666666667,-0.3333333333333333,0.0,3.7851712998132503,29,-1.4452700007858834,1.0
43,-0.1666666666666667,-0.3333333333333333,0.0,3.7851712998132503,30,-1.4050845197078055,1.0
43,-0.1666666666666667,-0.3333333333333333,0.0,3.7851712998132503,31,-1.2609974993376707,1.0
43,-0.1666666666666667,-0.3333333333333333,0.0,3.7851712998132503,32,-1.2311616389433826,1.0
43,-0.1666666666666667,-0.3333333333333333,0.0,3.7851712998132503,33,-1.0791450257787505,1.0
43,-0.1666666666666667,-0.3333333333333333,0.0,3.7851712998132503,34,-1.0217363388705263,1.0
43,-0.1666666666666667,-0.3333333333333333,0.0,3.7851712998132503,35,-0.9980969940665658,1.0
43,-0.1666666666666667,-0.3333333333333333,0.0,3.7851712998132503,36,-0.9422971619010596,1.0
43,-0.1666666666666667,-0.3333333333333333,0.0,3.7851712998132503,37,1.3913400082530563,0.0
43,-0.1666666666666667,-0.3333333333333333,0.0,3.7851712998132503,38,1.4387393679071654,0.0
43,-0.1666666666666667,-0.3333333333333333,0.0,3.7851712998132503,39,1.7241662408336602,0.0
43,-0.1666666666666667,-0.3333333333333333,0.0,3.7851712998132503,40,1.8029615499301754,0.0
43,-0.1666666666666667,-0.3333333333333333,0.0,3.7851712998132503,41,2.163839290958154,0.0
43,-0.1666666666666667,-0.3333333333333333,0.0,3.7851712998132503,42,2.166798402059932,0.0
43,-0.1666666666666667,-0.3333333333333333,0.0,3.7851712998132503,43,2.179135274226593,0.0
43,-0.1666666666666667,-0.3333333333333333,0.0,3.7851712998132503,44,2.2214849925668885,0.0
43,-0.1666666666666667,-0.3333333333333333,0.0,3.7851712998132503,45,2.341898559362881,0.0
43,-0.1666666666666667,-0.3333333333333333,0.0,3.7851712998132503,46,2.402920060358298,0.0
43,-0.1666666666666667,-0.3333333333333333,0.0,3.7851712998132503,47,2.6425190834238252,0.0
43,-0.1666666666666667,-0.3333333333333333,0.0,3.7851712998132503,48,2.6890489758257,0.0
43,-0.1666666666666667,-0.3333333333333333,0.0,3.7851712998132503,49,3.80391198343246,0.0
43,-0.1666666666666667,-0.3333333333333333,0.0,3.7851712998132503,50,3.8398552091062026,0.0
43,-0.1666666666666667,-0.3333333333333333,0.0,3.7851712998132503,51,3.8619068638480636,0.0
43,-0.1666666666666667,-0.3333333333333333,0.0,3.7851712998132503,52,3.8937519550029416,0.0
43,-0.1666666666666667,-0.3333333333333333,0.0,3.7851712998132503,53,6.745167096718902,0.0
43,-0.1666666666666667,-0.3333333333333333,0.0,3.7851712998132503,54,6.749373789775662,0.0
43,-0.1666666666666667,-0.3333333333333333,0.0,3.7851712998132503,55,6.8521835291601345,0.0
43,-0.1666666666666667,-0.3333333333333333,0.0,3.7851712998132503,56,6.856125762193896,0.0
43,-0.1666666666666667,-0.3333333333333333,0.0,3.7851712998132503,57,7.923010044798996,0.0
43,-0.1666666666666667,-0.3333333333333333,0.0,3.7851712998132503,58,7.92712247456071,0.0
43,-0.1666666666666667,-0.3333333333333333,0.0,3.7851712998132503,59,8.267322937798365,0.0
43,-0.1666666666666667,-0.3333333333333333,0.0,3.7851712998132503,60,8.284017175910211,0.0
43,-0.1666666666666667,-0.3333333333333333,0.0,3.7851712998132503,61,8.571741175786777,0.0
43,-0.1666666666666667,-0.3333333333333333,0.0,3.7851712998132503,62,8.595484304075509,0.0
43,-0.1666666666666667,-0.3333333333333333,0.0,3.7851712998132503,63,9.04266143179521,0.0
43,-0.1666666666666667,-0.3333333333333333,0.0,3.7851712998132503,64,9.058314089556934,0.0
44,-0.1944444444444444,-0.3888888888888889,0.0,3.8952299689494674,1,-13.022609434662677,1.0
44,-0.1944444444444444,-0.3888888888888889,0.0,3.8952299689494674,2,-13.0119500487202,1.0
44,-0.1944444444444444,-0.3888888888888889,0.0,3.8952299689494674,3,-12.881342376235143,1.0
44,-0.1944444444444444,-0.3888888888888889,0.0,3.8952299689494674,4,-12.86979974741147,1.0
44,-0.1944444444444444,-0.3888888888888889,0.0,3.8952299689494674,5,-12.53355749848463,1.0
44,-0.1944444444444444,-0.3888888888888889,0.0,3.8952299689494674,6,-12.531667672838983,1.0
44,-0.1944444444444444,-0.3888888888888889,0.0,3.8952299689494674,7,-12.388905512747042,1.0
44,-0.1944444444444444,-0.3888888888888889,0.0,3.8952299689494674,8,-12.387271428545969,1.0
44,-0.1944444444444444,-0.3888888888888889,0.0,3.8952299689494674,9,-5.305792076876946,1.0
44,-0.1944444444444444,-0.3888888888888889,0.0,3.8952299689494674,10,-5.290233097450253,1.0
44,-0.1944444444444444,-0.3888888888888889,0.0,3.8952299689494674,11,-5.052645398153508,1.0
44,-0.1944444444444444,-0.3888888888888889,0.0,3.8952299689494674,12,-5.041874540760408,1.0
44,-0.1944444444444444,-0.3888888888888889,0.0,3.8952299689494674,13,-4.336568542134934,1.0
44,-0.1944444444444444,-0.3888888888888889,0.0,3.8952299689494674,14,-4.318029851969545,1.0
44,-0.1944444444444444,-0.3888888888888889,0.0,3.8952299689494674,15,-4.271983881539608,1.0
44,-0.1944444444444444,-0.3888888888888889,0.0,3.8952299689494674,16,-4.255022894182263,1.0
44,-0.1944444444444444,-0.3888888888888889,0.0,3.8952299689494674,17,-4.014253117937569,1.0
44,-0.1944444444444444,-0.3888888888888889,0.0,3.8952299689494674,18,-4.005399849398302,1.0
44,-0.1944444444444444,-0.3888888888888889,0.0,3.8952299689494674,19,-3.8801351707961707,1.0
44,-0.1944444444444444,-0.3888888888888889,0.0,3.8952299689494674,20,-3.8684643273735264,1.0
44,-0.1944444444444444,-0.3888888888888889,0.0,3.8952299689494674,21,-3.6254660063067665,1.0
44,-0.1944444444444444,-0.3888888888888889,0.0,3.8952299689494674,22,-3.604020585442538,1.0
44,-0.1944444444444444,-0.3888888888888889,0.0,3.8952299689494674,23,-3.3317243716876432,1.0
44,-0.1944444444444444,-0.3888888888888889,0.0,3.8952299689494674,24,-3.308086361919703,1.0
44,-0.1944444444444444,-0.3888888888888889,0.0,3.8952299689494674,25,-2.4169175473360665,1.0
44,-0.1944444444444444,-0.3888888888888889,0.0,3.8952299689494674,26,-2.353929360531414,1.0
44,-0.1944444444444444,-0.3888888888888889,0.0,3.8952299689494674,27,-2.330468832378109,1.0
44,-0.1944444444444444,-0.3888888888888889,0.0,3.8952299689494674,28,-2.2672117994862995,1.0
44,-0.1944444444444444,-0.3888888888888889,0.0,3.8952299689494674,29,-1.582814918600992,1.0
44,-0.1944444444444444,-0.3888888888888889,0.0,3.8952299689494674,30,-1.5528076643086317,1.0
44,-0.1944444444444444,-0.3888888888888889,0.0,3.8952299689494674,31,-1.4559761745772812,1.0
44,-0.1944444444444444,-0.3888888888888889,0.0,3.8952299689494674,32,-1.434307879089057,1.0
44,-0.1944444444444444,-0.3888888888888889,0.0,3.8952299689494674,33,-1.0591026957111982,1.0
44,-0.1944444444444444,-0.3888888888888889,0.0,3.8952299689494674,34,-0.9763118972362719,1.0
44,-0.1944444444444444,-0.3888888888888889,0.0,3.8952299689494674,35,-0.9650704892204602,1.0
44,-0.1944444444444444,-0.3888888888888889,0.0,3.8952299689494674,36,-0.8843688060388093,1.0
44,-0.1944444444444444,-0.3888888888888889,0.0,3.8952299689494674,37,1.4033305902946642,0.0
44,-0.1944444444444444,-0.3888888888888889,0.0,3.8952299689494674,38,1.4644042740972925,0.0
44,-0.1944444444444444,-0.3888888888888889,0.0,3.8952299689494674,39,1.808047070874323,0.0
44,-0.1944444444444444,-0.3888888888888889,0.0,3.8952299689494674,40,1.8949022709053676,0.0
44,-0.1944444444444444,-0.3888888888888889,0.0,3.8952299689494674,41,2.2547657586931753,0.0
44,-0.1944444444444444,-0.3888888888888889,0.0,3.8952299689494674,42,2.264227593653145,0.0
44,-0.1944444444444444,-0.3888888888888889,0.0,3.8952299689494674,43,2.2838517079447995,0.0
44,-0.1944444444444444,-0.3888888888888889,0.0,3.8952299689494674,44,2.300107763100467,0.0
44,-0.1944444444444444,-0.3888888888888889,0.0,3.8952299689494674,45,2.47562796003788,0.0
44,-0.1944444444444444,-0.3888888888888889,0.0,3.8952299689494674,46,2.522577415482489,0.0
44,-0.1944444444444444,-0.3888888888888889,0.0,3.8952299689494674,47,2.7503217093380106,0.0
44,-0.1944444444444444,-0.3888888888888889,0.0,3.8952299689494674,48,2.7772455321959524,0.0
44,-0.1944444444444444,-0.3888888888888889,0.0,3.8952299689494674,49,3.991838618116996,0.0
44,-0.1944444444444444,-0.3888888888888889,0.0,3.8952299689494674,50,4.013246449669614,0.0
44,-0.1944444444444444,-0.3888888888888889,0.0,3.8952299689494674,51,4.0520841020294895,0.0
44,-0.1944444444444444,-0.3888888888888889,0.0,3.8952299689494674,52,4.059193993073219,0.0
44,-0.1944444444444444,-0.3888888888888889,0.0,3.8952299689494674,53,7.236219624185894,0.0
44,-0.1944444444444444,-0.3888888888888889,0.0,3.8952299689494674,54,7.2455637706040505,0.0
44,-0.1944444444444444,-0.3888888888888889,0.0,3.8952299689494674,55,7.322494973639932,0.0
44,-0.1944444444444444,-0.3888888888888889,0.0,3.8952299689494674,56,7.329605381128291,0.0
44,-0.1944444444444444,-0.3888888888888889,0.0,3.8952299689494674,57,7.880667437115509,0.0
44,-0.1944444444444444,-0.3888888888888889,0.0,3.8952299689494674,58,7.905408153044643,0.0
44,-0.1944444444444444,-0.3888888888888889,0.0,3.8952299689494674,59,8.268956521400032,0.0
44,-0.1944444444444444,-0.3888888888888889,0.0,3.8952299689494674,60,8.288890980802403,0.0
44,-0.1944444444444444,-0.3888888888888889,0.0,3.8952299689494674,61,8.424539719189326,0.0
44,-0.1944444444444444,-0.3888888888888889,0.0,3.8952299689494674,62,8.427864695157659,0.0
44,-0.1944444444444444,-0.3888888888888889,0.0,3.8952299689494674,63,9.015414277834026,0.0
44,-0.1944444444444444,-0.3888888888888889,0.0,3.8952299689494674,64,9.039043244448294,0.0
45,-0.2222222222222222,-0.4444444444444444,0.0,4.005288638085684,1,-12.746587508271343,1.0
45,-0.2222222222222222,-0.4444444444444444,0.0,4.005288638085684,2,-12.731239993896338,1.0
45,-0.2222222222222222,-0.4444444444444444,0.0,4.005288638085684,3,-12.621834180788152,1.0
45,-0.2222222222222222,-0.4444444444444444,0.0,4.005288638085684,4,-12.605334437386361,1.0
45,-0.2222222222222222,-0.4444444444444444,0.0,4.005288638085684,5,-12.382700647488978,1.0
45,-0.2222222222222222,-0.4444444444444444,0.0,4.005288638085684,6,-12.379833743872965,1.0
45,-0.2222222222222222,-0.4444444444444444,0.0,4.005288638085684,7,-12.264078242010758,1.0
45,-0.2222222222222222,-0.4444444444444444,0.0,4.005288638085684,8,-12.261791294103574,1.0
45,-0.2222222222222222,-0.4444444444444444,0.0,4.005288638085684,9,-5.370048775971199,1.0
45,-0.2222222222222222,-0.4444444444444444,0.0,4.005288638085684,10,-5.360331290480814,1.0
45,-0.2222222222222222,-0.4444444444444444,0.0,4.005288638085684,11,-5.178071091952789,1.0
45,-0.2222222222222222,-0.4444444444444444,0.0,4.005288638085684,12,-5.175126730525178,1.0
45,-0.2222222222222222,-0.4444444444444444,0.0,4.005288638085684,13,-4.733711986728421,1.0
45,-0.2222222222222222,-0.4444444444444444,0.0,4.005288638085684,14,-4.719105682658907,1.0
45,-0.2222222222222222,-0.4444444444444444,0.0,4.005288638085684,15,-4.6869086588585,1.0
45,-0.2222222222222222,-0.4444444444444444,0.0,4.005288638085684,16,-4.672546408052207,1.0
45,-0.2222222222222222,-0.4444444444444444,0.0,4.005288638085684,17,-3.994615762613046,1.0
45,-0.2222222222222222,-0.4444444444444444,0.0,4.005288638085684,18,-3.979827286310636,1.0
45,-0.2222222222222222,-0.4444444444444444,0.0,4.005288638085684,19,-3.837000745152885,1.0
45,-0.2222222222222222,-0.4444444444444444,0.0,4.005288638085684,20,-3.825193257388338,1.0
45,-0.2222222222222222,-0.4444444444444444,0.0,4.005288638085684,21,-3.627256298130039,1.0
45,-0.2222222222222222,-0.4444444444444444,0.0,4.005288638085684,22,-3.609941048514658,1.0
45,-0.2222222222222222,-0.4444444444444444,0.0,4.005288638085684,23,-3.3556175631487584,1.0
45,-0.2222222222222222,-0.4444444444444444,0.0,4.005288638085684,24,-3.3333686805478964,1.0
45,-0.2222222222222222,-0.4444444444444444,0.0,4.005288638085684,25,-2.771576653046518,1.0
45,-0.2222222222222222,-0.4444444444444444,0.0,4.005288638085684,26,-2.719557911173884,1.0
45,-0.2222222222222222,-0.4444444444444444,0.0,4.005288638085684,27,-2.686816077370273,1.0
45,-0.2222222222222222,-0.4444444444444444,0.0,4.005288638085684,28,-2.6337201297072017,1.0
45,-0.2222222222222222,-0.4444444444444444,0.0,4.005288638085684,29,-1.7815019744530258,1.0
45,-0.2222222222222222,-0.4444444444444444,0.0,4.005288638085684,30,-1.7638214382865325,1.0
45,-0.2222222222222222,-0.4444444444444444,0.0,4.005288638085684,31,-1.6789957869720662,1.0
45,-0.2222222222222222,-0.4444444444444444,0.0,4.005288638085684,32,-1.661936036884847,1.0
45,-0.2222222222222222,-0.4444444444444444,0.0,4.005288638085684,33,-0.9496027751092139,1.0
45,-0.2222222222222222,-0.4444444444444444,0.0,4.005288638085684,34,-0.8633680385310464,1.0
45,-0.2222222222222222,-0.4444444444444444,0.0,4.005288638085684,35,-0.8479906912887921,1.0
45,-0.2222222222222222,-0.4444444444444444,0.0,4.005288638085684,36,-0.7621126216388115,1.0
45,-0.2222222222222222,-0.4444444444444444,0.0,4.005288638085684,37,1.5449280713209745,0.0
45,-0.2222222222222222,-0.4444444444444444,0.0,4.005288638085684,38,1.5976901144299447,0.0
45,-0.2222222222222222,-0.4444444444444444,0.0,4.005288638085684,39,2.003452531574906,0.0
45,-0.2222222222222222,-0.4444444444444444,0.0,4.005288638085684,40,2.0483916633630015,0.0
45,-0.2222222222222222,-0.4444444444444444,0.0,4.005288638085684,41,2.3423971821342873,0.0
45,-0.2222222222222222,-0.4444444444444444,0.0,4.005288638085684,42,2.371227299938287,0.0
45,-0.2222222222222222,-0.4444444444444444,0.0,4.005288638085684,43,2.399398233275731,0.0
45,-0.2222222222222222,-0.4444444444444444,0.0,4.005288638085684,44,2.437819818071187,0.0
45,-0.2222222222222222,-0.4444444444444444,0.0,4.005288638085684,45,2.6057449264402885,0.0
45,-0.2222222222222222,-0.4444444444444444,0.0,4.005288638085684,46,2.630414720190311,0.0
45,-0.2222222222222222,-0.4444444444444444,0.0,4.005288638085684,47,2.8240806304778205,0.0
45,-0.2222222222222222,-0.4444444444444444,0.0,4.005288638085684,48,2.827531603663471,0.0
45,-0.2222222222222222,-0.4444444444444444,0.0,4.005288638085684,49,4.129221256465779,0.0
45,-0.2222222222222222,-0.4444444444444444,0.0,4.005288638085684,50,4.130103329428745,0.0
45,-0.2222222222222222,-0.4444444444444444,0.0,4.005288638085684,51,4.181229151893159,0.0
45,-0.2222222222222222,-0.4444444444444444,0.0,4.005288638085684,52,4.206264547546353,0.0
45,-0.2222222222222222,-0.4444444444444444,0.0,4.005288638085684,53,7.460499704740987,0.0
45,-0.2222222222222222,-0.4444444444444444,0.0,4.005288638085684,54,7.483909388782512,0.0
45,-0.2222222222222222,-0.4444444444444444,0.0,4.005288638085684,55,7.608481103592438,0.0
45,-0.2222222222222222,-0.4444444444444444,0.0,4.005288638085684,56,7.626969661462584,0.0
45,-0.2222222222222222,-0.4444444444444444,0.0,4.005288638085684,57,7.817273530657569,0.0
45,-0.2222222222222222,-0.4444444444444444,0.0,4.005288638085684,58,7.822084988931647,0.0
45,-0.2222222222222222,-0.4444444444444444,0.0,4.005288638085684,59,7.963562416316029,0.0
45,-0.2222222222222222,-0.4444444444444444,0.0,4.005288638085684,60,8.001932764012818,0.0
45,-0.2222222222222222,-0.4444444444444444,0.0,4.005288638085684,61,8.833814771319826,0.0
45,-0.2222222222222222,-0.4444444444444444,0.0,4.005288638085684,62,8.841228758048995,0.0
45,-0.2222222222222222,-0.4444444444444444,0.0,4.005288638085684,63,8.990646138198159,0.0
45,-0.2222222222222222,-0.4444444444444444,0.0,4.005288638085684,64,9.005576499928935,0.0
46,-0.25,-0.5,0.0,4.115347307221901,1,-12.508435126139132,1.0
46,-0.25,-0.5,0.0,4.115347307221901,2,-12.488009335702557,1.0
46,-0.25,-0.5,0.0,4.115347307221901,3,-12.403636414121406,1.0
46,-0.25,-0.5,0.0,4.115347307221901,4,-12.382011392026834,1.0
46,-0.25,-0.5,0.0,4.115347307221901,5,-12.251351751157575,1.0
46,-0.25,-0.5,0.0,4.115347307221901,6,-12.247208256543116,1.0
46,-0.25,-0.5,0.0,4.115347307221901,7,-12.157845603383208,1.0
46,-0.25,-0.5,0.0,4.115347307221901,8,-12.154907639493146,1.0
46,-0.25,-0.5,0.0,4.115347307221901,9,-5.377766291754195,1.0
46,-0.25,-0.5,0.0,4.115347307221901,10,-5.376938694252093,1.0
46,-0.25,-0.5,0.0,4.115347307221901,11,-5.219779937641539,1.0
46,-0.25,-0.5,0.0,4.115347307221901,12,-5.213066395292525,1.0
46,-0.25,-0.5,0.0,4.115347307221901,13,-5.089609245998725,1.0
46,-0.25,-0.5,0.0,4.115347307221901,14,-5.079685413325437,1.0
46,-0.25,-0.5,0.0,4.115347307221901,15,-5.043543631365727,1.0
46,-0.25,-0.5,0.0,4.115347307221901,16,-5.032565785315759,1.0
46,-0.25,-0.5,0.0,4.115347307221901,17,-3.9396657930815553,1.0
46,-0.25,-0.5,0.0,4.115347307221901,18,-3.9253250959649706,1.0
46,-0.25,-0.5,0.0,4.115347307221901,19,-3.829925730613175,1.0
46,-0.25,-0.5,0.0,4.115347307221901,20,-3.819859493187941,1.0
46,-0.25,-0.5,0.0,4.115347307221901,21,-3.5678110425183878,1.0
46,-0.25,-0.5,0.0,4.115347307221901,22,-3.5502129009449956,1.0
46,-0.25,-0.5,0.0,4.115347307221901,23,-3.323623239605734,1.0
46,-0.25,-0.5,0.0,4.115347307221901,24,-3.3006602052357596,1.0
46,-0.25,-0.5,0.0,4.115347307221901,25,-3.15545740727479,1.0
46,-0.25,-0.5,0.0,4.115347307221901,26,-3.11665925660817,1.0
46,-0.25,-0.5,0.0,4.115347307221901,27,-3.0764630656733027,1.0
46,-0.25,-0.5,0.0,4.115347307221901,28,-3.0362722000894165,1.0
46,-0.25,-0.5,0.0,4.115347307221901,29,-2.0206528482059087,1.0
46,-0.25,-0.5,0.0,4.115347307221901,30,-2.0129448441868045,1.0
46,-0.25,-0.5,0.0,4.115347307221901,31,-1.9109953150082397,1.0
46,-0.25,-0.5,0.0,4.115347307221901,32,-1.8978605673435731,1.0
46,-0.25,-0.5,0.0,4.115347307221901,33,-0.7772329271103424,1.0
46,-0.25,-0.5,0.0,4.115347307221901,34,-0.7004881776024505,1.0
46,-0.25,-0.5,0.0,4.115347307221901,35,-0.6670025650409996,1.0
46,-0.25,-0.5,0.0,4.115347307221901,36,-0.5902001677214255,1.0
46,-0.25,-0.5,0.0,4.115347307221901,37,1.7064890532046046,0.0
46,-0.25,-0.5,0.0,4.115347307221901,38,1.7241286009730405,0.0
46,-0.25,-0.5,0.0,4.115347307221901,39,2.0178325718584507,0.0
46,-0.25,-0.5,0.0,4.115347307221901,40,2.0389522608708535,0.0
46,-0.25,-0.5,0.0,4.115347307221901,41,2.4682477437677117,0.0
46,-0.25,-0.5,0.0,4.115347307221901,42,2.542173425554691,0.0
46,-0.25,-0.5,0.0,4.115347307221901,43,2.5726710615063957,0.0
46,-0.25,-0.5,0.0,4.115347307221901,44,2.6689537308829143,0.0
46,-0.25,-0.5,0.0,4.115347307221901,45,2.688258171893721,0.0
46,-0.25,-0.5,0.0,4.115347307221901,46,2.7066197652716544,0.0
46,-0.25,-0.5,0.0,4.115347307221901,47,2.845597324626137,0.0
46,-0.25,-0.5,0.0,4.115347307221901,48,2.881081901618113,0.0
46,-0.25,-0.5,0.0,4.115347307221901,49,4.22627818034201,0.0
46,-0.25,-0.5,0.0,4.115347307221901,50,4.25644197794937,0.0
46,-0.25,-0.5,0.0,4.115347307221901,51,4.298442260221448,0.0
46,-0.25,-0.5,0.0,4.115347307221901,52,4.3503428382122875,0.0
46,-0.25,-0.5,0.0,4.115347307221901,53,7.114368168848452,0.0
46,-0.25,-0.5,0.0,4.115347307221901,54,7.159726395563686,0.0
46,-0.25,-0.5,0.0,4.115347307221901,55,7.299397769302804,0.0
46,-0.25,-0.5,0.0,4.115347307221901,56,7.317309332666568,0.0
46,-0.25,-0.5,0.0,4.115347307221901,57,8.105491445329237,0.0
46,-0.25,-0.5,0.0,4.115347307221901,58,8.141776902789795,0.0
46,-0.25,-0.5,0.0,4.115347307221901,59,8.221940650790046,0.0
46,-0.25,-0.5,0.0,4.115347307221901,60,8.26400795734835,0.0
46,-0.25,-0.5,0.0,4.115347307221901,61,8.826865582794515,0.0
46,-0.25,-0.5,0.0,4.115347307221901,62,8.849316894465549,0.0
46,-0.25,-0.5,0.0,4.115347307221901,63,8.963412140921653,0.0
46,-0.25,-0.5,0.0,4.115347307221901,64,9.002157551650143,0.0
47,-0.2777777777777778,-0.5555555555555556,0.0,4.225405976358118,1,-12.3293426847344,1.0
47,-0.2777777777777778,-0.5555555555555556,0.0,4.225405976358118,2,-12.304142197081273,1.0
47,-0.2777777777777778,-0.5555555555555556,0.0,4.225405976358118,3,-12.245455279149152,1.0
47,-0.2777777777777778,-0.5555555555555556,0.0,4.225405976358118,4,-12.219700984658473,1.0
47,-0.2777777777777778,-0.5555555555555556,0.0,4.225405976358118,5,-12.15238634448211,1.0
47,-0.2777777777777778,-0.5555555555555556,0.0,4.225405976358118,6,-12.146827713802193,1.0
47,-0.2777777777777778,-0.5555555555555556,0.0,4.225405976358118,7,-12.078659079488904,1.0
47,-0.2777777777777778,-0.5555555555555556,0.0,4.225405976358118,8,-12.07516723916007,1.0
47,-0.2777777777777778,-0.5555555555555556,0.0,4.225405976358118,9,-5.382278901443732,1.0
47,-0.2777777777777778,-0.5555555555555556,0.0,4.225405976358118,10,-5.374932938304401,1.0
47,-0.2777777777777778,-0.5555555555555556,0.0,4.225405976358118,11,-5.323555679416434,1.0
47,-0.2777777777777778,-0.5555555555555556,0.0,4.225405976358118,12,-5.315012266176937,1.0
47,-0.2777777777777778,-0.5555555555555556,0.0,4.225405976358118,13,-5.252449995432776,1.0
47,-0.2777777777777778,-0.5555555555555556,0.0,4.225405976358118,14,-5.241681659447747,1.0
47,-0.2777777777777778,-0.5555555555555556,0.0,4.225405976358118,15,-5.127559788563948,1.0
47,-0.2777777777777778,-0.5555555555555556,0.0,4.225405976358118,16,-5.109299583697928,1.0
47,-0.2777777777777778,-0.5555555555555556,0.0,4.225405976358118,17,-3.941635869408075,1.0
47,-0.2777777777777778,-0.5555555555555556,0.0,4.225405976358118,18,-3.9258007129893464,1.0
47,-0.2777777777777778,-0.5555555555555556,0.0,4.225405976358118,19,-3.9056167225402785,1.0
47,-0.2777777777777778,-0.5555555555555556,0.0,4.225405976358118,20,-3.891386726043974,1.0
47,-0.2777777777777778,-0.5555555555555556,0.0,4.225405976358118,21,-3.5578216451350997,1.0
47,-0.2777777777777778,-0.5555555555555556,0.0,4.225405976358118,22,-3.5051195468276957,1.0
47,-0.2777777777777778,-0.5555555555555556,0.0,4.225405976358118,23,-3.48628479891294,1.0
47,-0.2777777777777778,-0.5555555555555556,0.0,4.225405976358118,24,-3.4524917654616285,1.0
47,-0.2777777777777778,-0.5555555555555556,0.0,4.225405976358118,25,-3.413510144270078,1.0
47,-0.2777777777777778,-0.5555555555555556,0.0,4.225405976358118,26,-3.378499055206105,1.0
47,-0.2777777777777778,-0.5555555555555556,0.0,4.225405976358118,27,-3.2400396713572,1.0
47,-0.2777777777777778,-0.5555555555555556,0.0,4.225405976358118,28,-3.2031918727671416,1.0
47,-0.2777777777777778,-0.5555555555555556,0.0,4.225405976358118,29,-2.2648784666595194,1.0
47,-0.2777777777777778,-0.5555555555555556,0.0,4.225405976358118,30,-2.2593541328056173,1.0
47,-0.2777777777777778,-0.5555555555555556,0.0,4.225405976358118,31,-2.1365964426256996,1.0
47,-0.2777777777777778,-0.5555555555555556,0.0,4.225405976358118,32,-2.1304134029934225,1.0
47,-0.2777777777777778,-0.5555555555555556,0.0,4.225405976358118,33,-0.5692793468918564,1.0
47,-0.2777777777777778,-0.5555555555555556,0.0,4.225405976358118,34,-0.49746781429444187,1.0
47,-0.2777777777777778,-0.5555555555555556,0.0,4.225405976358118,35,-0.4465888383407841,1.0
47,-0.2777777777777778,-0.5555555555555556,0.0,4.225405976358118,36,-0.3750036570009334,1.0
47,-0.2777777777777778,-0.5555555555555556,0.0,4.225405976358118,37,1.705138850149768,0.0
47,-0.2777777777777778,-0.5555555555555556,0.0,4.225405976358118,38,1.714976690478797,0.0
47,-0.2777777777777778,-0.5555555555555556,0.0,4.225405976358118,39,1.8401502001080579,0.0
47,-0.2777777777777778,-0.5555555555555556,0.0,4.225405976358118,40,1.8630060162577486,0.0
47,-0.2777777777777778,-0.5555555555555556,0.0,4.225405976358118,41,2.572912836426348,0.0
47,-0.2777777777777778,-0.5555555555555556,0.0,4.225405976358118,42,2.6367673484290295,0.0
47,-0.2777777777777778,-0.5555555555555556,0.0,4.225405976358118,43,2.657814209962048,0.0
47,-0.2777777777777778,-0.5555555555555556,0.0,4.225405976358118,44,2.694490578670904,0.0
47,-0.2777777777777778,-0.5555555555555556,0.0,4.225405976358118,45,2.813684872724579,0.0
47,-0.2777777777777778,-0.5555555555555556,0.0,4.225405976358118,46,2.921979081091409,0.0
47,-0.2777777777777778,-0.5555555555555556,0.0,4.225405976358118,47,2.975075880823077,0.0
47,-0.2777777777777778,-0.5555555555555556,0.0,4.225405976358118,48,3.083099826815822,0.0
47,-0.2777777777777778,-0.5555555555555556,0.0,4.225405976358118,49,4.339022634191393,0.0
47,-0.2777777777777778,-0.5555555555555556,0.0,4.225405976358118,50,4.394853841076698,0.0
47,-0.2777777777777778,-0.5555555555555556,0.0,4.225405976358118,51,4.412820867852506,0.0
47,-0.2777777777777778,-0.5555555555555556,0.0,4.225405976358118,52,4.4818277970635565,0.0
47,-0.2777777777777778,-0.5555555555555556,0.0,4.225405976358118,53,6.840243953646885,0.0
47,-0.2777777777777778,-0.5555555555555556,0.0,4.225405976358118,54,6.8953585129846395,0.0
47,-0.2777777777777778,-0.5555555555555556,0.0,4.225405976358118,55,7.017727232787957,0.0
47,-0.2777777777777778,-0.5555555555555556,0.0,4.225405976358118,56,7.063750081147274,0.0
47,-0.2777777777777778,-0.5555555555555556,0.0,4.225405976358118,57,7.889866153083644,0.0
47,-0.2777777777777778,-0.5555555555555556,0.0,4.225405976358118,58,7.939111145579623,0.0
47,-0.2777777777777778,-0.5555555555555556,0.0,4.225405976358118,59,8.14040277429352,0.0
47,-0.2777777777777778,-0.5555555555555556,0.0,4.225405976358118,60,8.211944977192186,0.0
47,-0.2777777777777778,-0.5555555555555556,0.0,4.225405976358118,61,9.123151537569061,0.0
47,-0.2777777777777778,-0.5555555555555556,0.0,4.225405976358118,62,9.130320186402532,0.0
47,-0.2777777777777778,-0.5555555555555556,0.0,4.225405976358118,63,9.199916061298946,0.0
47,-0.2777777777777778,-0.5555555555555556,0.0,4.225405976358118,64,9.21158627267399,0.0
48,-0.3055555555555555,-0.611111111111111,0.0,4.335464645494335,1,-12.222383206170422,1.0
48,-0.3055555555555555,-0.611111111111111,0.0,4.335464645494335,2,-12.193352149642513,1.0
48,-0.3055555555555555,-0.611111111111111,0.0,4.335464645494335,3,-12.154871289524124,1.0
48,-0.3055555555555555,-0.611111111111111,0.0,4.335464645494335,4,-12.12639262654405,1.0
48,-0.3055555555555555,-0.611111111111111,0.0,4.335464645494335,5,-12.095363598951607,1.0
48,-0.3055555555555555,-0.611111111111111,0.0,4.335464645494335,6,-12.08968818499799,1.0
48,-0.3055555555555555,-0.611111111111111,0.0,4.335464645494335,7,-12.030713602821615,1.0
48,-0.3055555555555555,-0.611111111111111,0.0,4.335464645494335,8,-12.026655444372944,1.0
48,-0.3055555555555555,-0.611111111111111,0.0,4.335464645494335,9,-5.5306807349605815,1.0
48,-0.3055555555555555,-0.611111111111111,0.0,4.335464645494335,10,-5.5233470563040274,1.0
48,-0.3055555555555555,-0.611111111111111,0.0,4.335464645494335,11,-5.475619778424861,1.0
48,-0.3055555555555555,-0.611111111111111,0.0,4.335464645494335,12,-5.467776007670368,1.0
48,-0.3055555555555555,-0.611111111111111,0.0,4.335464645494335,13,-5.054947965028166,1.0
48,-0.3055555555555555,-0.611111111111111,0.0,4.335464645494335,14,-5.030448377118743,1.0
48,-0.3055555555555555,-0.611111111111111,0.0,4.335464645494335,15,-4.9350589355783825,1.0
48,-0.3055555555555555,-0.611111111111111,0.0,4.335464645494335,16,-4.906083085685022,1.0
48,-0.3055555555555555,-0.611111111111111,0.0,4.335464645494335,17,-4.136839225407849,1.0
48,-0.3055555555555555,-0.611111111111111,0.0,4.335464645494335,18,-4.108176064372898,1.0
48,-0.3055555555555555,-0.611111111111111,0.0,4.335464645494335,19,-4.102478985549144,1.0
48,-0.3055555555555555,-0.611111111111111,0.0,4.335464645494335,20,-4.078689643831767,1.0
48,-0.3055555555555555,-0.611111111111111,0.0,4.335464645494335,21,-3.7425417297592274,1.0
48,-0.3055555555555555,-0.611111111111111,0.0,4.335464645494335,22,-3.7284660712174285,1.0
48,-0.3055555555555555,-0.611111111111111,0.0,4.335464645494335,23,-3.688958527149228,1.0
48,-0.3055555555555555,-0.611111111111111,0.0,4.335464645494335,24,-3.678069949925587,1.0
48,-0.3055555555555555,-0.611111111111111,0.0,4.335464645494335,25,-3.295723489889486,1.0
48,-0.3055555555555555,-0.611111111111111,0.0,4.335464645494335,26,-3.2649693288626285,1.0
48,-0.3055555555555555,-0.611111111111111,0.0,4.335464645494335,27,-3.1661265926069193,1.0
48,-0.3055555555555555,-0.611111111111111,0.0,4.335464645494335,28,-3.1210969663500565,1.0
48,-0.3055555555555555,-0.611111111111111,0.0,4.335464645494335,29,-2.465583552053343,1.0
48,-0.3055555555555555,-0.611111111111111,0.0,4.335464645494335,30,-2.4492056153835,1.0
48,-0.3055555555555555,-0.611111111111111,0.0,4.335464645494335,31,-2.3280156314238587,1.0
48,-0.3055555555555555,-0.611111111111111,0.0,4.335464645494335,32,-2.318866340987795,1.0
48,-0.3055555555555555,-0.611111111111111,0.0,4.335464645494335,33,-0.388708822595474,1.0
48,-0.3055555555555555,-0.611111111111111,0.0,4.335464645494335,34,-0.31707689203591494,1.0
48,-0.3055555555555555,-0.611111111111111,0.0,4.335464645494335,35,-0.2504738538323159,1.0
48,-0.3055555555555555,-0.611111111111111,0.0,4.335464645494335,36,-0.1789724096330832,1.0
48,-0.3055555555555555,-0.611111111111111,0.0,4.335464645494335,37,1.5813487661492076,0.0
48,-0.3055555555555555,-0.611111111111111,0.0,4.335464645494335,38,1.587379403828207,0.0
48,-0.3055555555555555,-0.611111111111111,0.0,4.335464645494335,39,1.6511966353860221,0.0
48,-0.3055555555555555,-0.611111111111111,0.0,4.335464645494335,40,1.6586667496990044,0.0
48,-0.3055555555555555,-0.611111111111111,0.0,4.335464645494335,41,2.5735277264959384,0.0
48,-0.3055555555555555,-0.611111111111111,0.0,4.335464645494335,42,2.5960907070455574,0.0
48,-0.3055555555555555,-0.611111111111111,0.0,4.335464645494335,43,2.633454044342617,0.0
48,-0.3055555555555555,-0.611111111111111,0.0,4.335464645494335,44,2.6387593593580574,0.0
48,-0.3055555555555555,-0.611111111111111,0.0,4.335464645494335,45,3.0239784424867415,0.0
48,-0.3055555555555555,-0.611111111111111,0.0,4.335464645494335,46,3.1453039509692813,0.0
48,-0.3055555555555555,-0.611111111111111,0.0,4.335464645494335,47,3.1627327713505533,0.0
48,-0.3055555555555555,-0.611111111111111,0.0,4.335464645494335,48,3.279828951175432,0.0
48,-0.3055555555555555,-0.611111111111111,0.0,4.335464645494335,49,4.449666713340065,0.0
48,-0.3055555555555555,-0.611111111111111,0.0,4.335464645494335,50,4.4966808164648135,0.0
48,-0.3055555555555555,-0.611111111111111,0.0,4.335464645494335,51,4.521526830338162,0.0
48,-0.3055555555555555,-0.611111111111111,0.0,4.335464645494335,52,4.574940277647123,0.0
48,-0.3055555555555555,-0.611111111111111,0.0,4.335464645494335,53,6.64021147464182,0.0
48,-0.3055555555555555,-0.611111111111111,0.0,4.335464645494335,54,6.706245001308343,0.0
48,-0.3055555555555555,-0.611111111111111,0.0,4.335464645494335,55,7.011070082819547,0.0
48,-0.3055555555555555,-0.611111111111111,0.0,4.335464645494335,56,7.088646694518607,0.0
48,-0.3055555555555555,-0.611111111111111,0.0,4.335464645494335,57,7.577994234018403,0.0
48,-0.3055555555555555,-0.611111111111111,0.0,4.335464645494335,58,7.609696237223149,0.0
48,-0.3055555555555555,-0.611111111111111,0.0,4.335464645494335,59,7.887334382668579,0.0
48,-0.3055555555555555,-0.611111111111111,0.0,4.335464645494335,60,7.949209297204048,0.0
48,-0.3055555555555555,-0.611111111111111,0.0,4.335464645494335,61,9.409734856405267,0.0
48,-0.3055555555555555,-0.611111111111111,0.0,4.335464645494335,62,9.412877458590861,0.0
48,-0.3055555555555555,-0.611111111111111,0.0,4.335464645494335,63,9.485678542333963,0.0
48,-0.3055555555555555,-0.611111111111111,0.0,4.335464645494335,64,9.494475086852056,0.0
49,-0.3333333333333333,-0.6666666666666666,0.0,4.445523314630552,1,-12.189023791112465,1.0
49,-0.3333333333333333,-0.6666666666666666,0.0,4.445523314630552,2,-12.158346673122221,1.0
49,-0.3333333333333333,-0.6666666666666666,0.0,4.445523314630552,3,-12.127190195644388,1.0
49,-0.3333333333333333,-0.6666666666666666,0.0,4.445523314630552,4,-12.096797207167011,1.0
49,-0.3333333333333333,-0.6666666666666666,0.0,4.445523314630552,5,-12.078540697378905,1.0
49,-0.3333333333333333,-0.6666666666666666,0.0,4.445523314630552,6,-12.074389110357107,1.0
49,-0.3333333333333333,-0.6666666666666666,0.0,4.445523314630552,7,-12.015049991108832,1.0
49,-0.3333333333333333,-0.6666666666666666,0.0,4.445523314630552,8,-12.01063100120412,1.0
49,-0.3333333333333333,-0.6666666666666666,0.0,4.445523314630552,9,-5.580273227188933,1.0
49,-0.3333333333333333,-0.6666666666666666,0.0,4.445523314630552,10,-5.573243768996944,1.0
49,-0.3333333333333333,-0.6666666666666666,0.0,4.445523314630552,11,-5.525525440273984,1.0
49,-0.3333333333333333,-0.6666666666666666,0.0,4.445523314630552,12,-5.518019768870396,1.0
49,-0.3333333333333333,-0.6666666666666666,0.0,4.445523314630552,13,-4.865759043707065,1.0
49,-0.3333333333333333,-0.6666666666666666,0.0,4.445523314630552,14,-4.832298518817691,1.0
49,-0.3333333333333333,-0.6666666666666666,0.0,4.445523314630552,15,-4.778708018961725,1.0
49,-0.3333333333333333,-0.6666666666666666,0.0,4.445523314630552,16,-4.744199717168872,1.0
49,-0.3333333333333333,-0.6666666666666666,0.0,4.445523314630552,17,-4.308805246583237,1.0
49,-0.3333333333333333,-0.6666666666666666,0.0,4.445523314630552,18,-4.306263474096193,1.0
49,-0.3333333333333333,-0.6666666666666666,0.0,4.445523314630552,19,-4.2833653892459385,1.0
49,-0.3333333333333333,-0.6666666666666666,0.0,4.445523314630552,20,-4.274539834745161,1.0
49,-0.3333333333333333,-0.6666666666666666,0.0,4.445523314630552,21,-3.78826925165253,1.0
49,-0.3333333333333333,-0.6666666666666666,0.0,4.445523314630552,22,-3.787264645790216,1.0
49,-0.3333333333333333,-0.6666666666666666,0.0,4.445523314630552,23,-3.7543343603313075,1.0
49,-0.3333333333333333,-0.6666666666666666,0.0,4.445523314630552,24,-3.7521743633705262,1.0
49,-0.3333333333333333,-0.6666666666666666,0.0,4.445523314630552,25,-3.2042437434927185,1.0
49,-0.3333333333333333,-0.6666666666666666,0.0,4.445523314630552,26,-3.169883981876405,1.0
49,-0.3333333333333333,-0.6666666666666666,0.0,4.445523314630552,27,-3.14928094233488,1.0
49,-0.3333333333333333,-0.6666666666666666,0.0,4.445523314630552,28,-3.1039854590922586,1.0
49,-0.3333333333333333,-0.6666666666666666,0.0,4.445523314630552,29,-2.5458599136296827,1.0
49,-0.3333333333333333,-0.6666666666666666,0.0,4.445523314630552,30,-2.523492908835578,1.0
49,-0.3333333333333333,-0.6666666666666666,0.0,4.445523314630552,31,-2.410307834232485,1.0
49,-0.3333333333333333,-0.6666666666666666,0.0,4.445523314630552,32,-2.392993937535134,1.0
49,-0.3333333333333333,-0.6666666666666666,0.0,4.445523314630552,33,-0.317068908284723,1.0
49,-0.3333333333333333,-0.6666666666666666,0.0,4.445523314630552,34,-0.2462166356384119,1.0
49,-0.3333333333333333,-0.6666666666666666,0.0,4.445523314630552,35,-0.17039316632501145,1.0
49,-0.3333333333333333,-0.6666666666666666,0.0,4.445523314630552,36,-0.09957582129353096,1.0
49,-0.3333333333333333,-0.6666666666666666,0.0,4.445523314630552,37,1.5105784696783333,0.0
49,-0.3333333333333333,-0.6666666666666666,0.0,4.445523314630552,38,1.5121798445133656,0.0
49,-0.3333333333333333,-0.6666666666666666,0.0,4.445523314630552,39,1.5712667364879773,0.0
49,-0.3333333333333333,-0.6666666666666666,0.0,4.445523314630552,40,1.5727504425569099,0.0
49,-0.3333333333333333,-0.6666666666666666,0.0,4.445523314630552,41,2.552815713151419,0.0
49,-0.3333333333333333,-0.6666666666666666,0.0,4.445523314630552,42,2.5658773781360673,0.0
49,-0.3333333333333333,-0.6666666666666666,0.0,4.445523314630552,43,2.6100322507571803,0.0
49,-0.3333333333333333,-0.6666666666666666,0.0,4.445523314630552,44,2.611706752045103,0.0
49,-0.3333333333333333,-0.6666666666666666,0.0,4.445523314630552,45,3.135393842513501,0.0
49,-0.3333333333333333,-0.6666666666666666,0.0,4.445523314630552,46,3.1924854239446305,0.0
49,-0.3333333333333333,-0.6666666666666666,0.0,4.445523314630552,47,3.281803959685609,0.0
49,-0.3333333333333333,-0.6666666666666666,0.0,4.445523314630552,48,3.3225353376828033,0.0
49,-0.3333333333333333,-0.6666666666666666,0.0,4.445523314630552,49,4.503400353720863,0.0
49,-0.3333333333333333,-0.6666666666666666,0.0,4.445523314630552,50,4.525069921525619,0.0
49,-0.3333333333333333,-0.6666666666666666,0.0,4.445523314630552,51,4.58105769663173,0.0
49,-0.3333333333333333,-0.6666666666666666,0.0,4.445523314630552,52,4.60540506242295,0.0
49,-0.3333333333333333,-0.6666666666666666,0.0,4.445523314630552,53,6.58863140726452,0.0
49,-0.3333333333333333,-0.6666666666666666,0.0,4.445523314630552,54,6.66406790379739,0.0
49,-0.3333333333333333,-0.6666666666666666,0.0,4.445523314630552,55,7.116803933881721,0.0
49,-0.3333333333333333,-0.6666666666666666,0.0,4.445523314630552,56,7.232164413525277,0.0
49,-0.3333333333333333,-0.6666666666666666,0.0,4.445523314630552,57,7.432322931374509,0.0
49,-0.3333333333333333,-0.6666666666666666,0.0,4.445523314630552,58,7.43431540202409,0.0
49,-0.3333333333333333,-0.6666666666666666,0.0,4.445523314630552,59,7.710702945606558,0.0
49,-0.3333333333333333,-0.6666666666666666,0.0,4.445523314630552,60,7.751550062404353,0.0
49,-0.3333333333333333,-0.6666666666666666,0.0,4.445523314630552,61,9.498291617490898,0.0
49,-0.3333333333333333,-0.6666666666666666,0.0,4.445523314630552,62,9.502506781747881,0.0
49,-0.3333333333333333,-0.6666666666666666,0.0,4.445523314630552,63,9.608159223491803,0.0
49,-0.3333333333333333,-0.6666666666666666,0.0,4.445523314630552,64,9.623118224141809,0.0
