k_index,kx_fractional,ky_fractional,kz_fractional,weight,spin,current,electric_field,omega_spin_A2
1,0.0,0.0,0.0,0.0030864197530864196,x,x,x,-107.15993685668879
1,0.0,0.0,0.0,0.0030864197530864196,x,x,y,0.0004001047254940329
1,0.0,0.0,0.0,0.0030864197530864196,x,x,z,-3.922438767226449e-05
1,0.0,0.0,0.0,0.0030864197530864196,x,y,x,-5.716150933576473e-05
1,0.0,0.0,0.0,0.0030864197530864196,x,y,y,107.15774792467579
1,0.0,0.0,0.0,0.0030864197530864196,x,y,z,0.3007950286811804
1,0.0,0.0,0.0,0.0030864197530864196,x,z,x,0.00011474764203676482
1,0.0,0.0,0.0,0.0030864197530864196,x,z,y,50.840509289619135
1,0.0,0.0,0.0,0.0030864197530864196,x,z,z,-7.430030564933754e-05
1,0.0,0.0,0.0,0.0030864197530864196,y,x,x,-0.00020182702790690513
1,0.0,0.0,0.0,0.0030864197530864196,y,x,y,107.15736625151767
1,0.0,0.0,0.0,0.0030864197530864196,y,x,z,-0.2971350505170208
1,0.0,0.0,0.0,0.0030864197530864196,y,y,x,107.15825179558148
1,0.0,0.0,0.0,0.0030864197530864196,y,y,y,0.00014097407202029756
1,0.0,0.0,0.0,0.0030864197530864196,y,y,z,3.921311067765996e-05
1,0.0,0.0,0.0,0.0030864197530864196,y,z,x,-50.841906750975554
1,0.0,0.0,0.0,0.0030864197530864196,y,z,y,-0.0001146322665753704
1,0.0,0.0,0.0,0.0030864197530864196,y,z,z,1.0374972890449372e-05
1,0.0,0.0,0.0,0.0030864197530864196,z,x,x,1.0523094944368145e-05
1,0.0,0.0,0.0,0.0030864197530864196,z,x,y,245.90215706964517
1,0.0,0.0,0.0,0.0030864197530864196,z,x,z,-0.0010772464398234754
1,0.0,0.0,0.0,0.0030864197530864196,z,y,x,-245.9028158356953
1,0.0,0.0,0.0,0.0030864197530864196,z,y,y,-1.0687525709736507e-05
1,0.0,0.0,0.0,0.0030864197530864196,z,y,z,8.075191977421044e-05
1,0.0,0.0,0.0,0.0030864197530864196,z,z,x,0.0005490721560218335
1,0.0,0.0,0.0,0.0030864197530864196,z,z,y,-3.9011792295908056e-05
1,0.0,0.0,0.0,0.0030864197530864196,z,z,z,4.101873506803908e-09
2,0.0,0.0555555555555556,0.0,0.0030864197530864196,x,x,x,-59.30252174741588
2,0.0,0.0555555555555556,0.0,0.0030864197530864196,x,x,y,0.0002676930248931762
2,0.0,0.0555555555555556,0.0,0.0030864197530864196,x,x,z,1.8910826106866613e-05
2,0.0,0.0555555555555556,0.0,0.0030864197530864196,x,y,x,-0.00018152730588354924
2,0.0,0.0555555555555556,0.0,0.0030864197530864196,x,y,y,34.229417603260636
2,0.0,0.0555555555555556,0.0,0.0030864197530864196,x,y,z,0.2966519983887836
2,0.0,0.0555555555555556,0.0,0.0030864197530864196,x,z,x,0.00011025544343164582
2,0.0,0.0555555555555556,0.0,0.0030864197530864196,x,z,y,26.377453400827083
2,0.0,0.0555555555555556,0.0,0.0030864197530864196,x,z,z,1.1617362070562842
2,0.0,0.0555555555555556,0.0,0.0030864197530864196,y,x,x,-5.852615227189704e-05
2,0.0,0.0555555555555556,0.0,0.0030864197530864196,y,x,y,58.31442413171286
2,0.0,0.0555555555555556,0.0,0.0030864197530864196,y,x,z,3.9367741015480133
2,0.0,0.0555555555555556,0.0,0.0030864197530864196,y,y,x,27.15178925784241
2,0.0,0.0555555555555556,0.0,0.0030864197530864196,y,y,y,0.00010364402206285484
2,0.0,0.0555555555555556,0.0,0.0030864197530864196,y,y,z,-2.154564056262709e-05
2,0.0,0.0555555555555556,0.0,0.0030864197530864196,y,z,x,-15.265251236523442
2,0.0,0.0555555555555556,0.0,0.0030864197530864196,y,z,y,-1.095948285367474e-05
2,0.0,0.0555555555555556,0.0,0.0030864197530864196,y,z,z,-3.687776780281208e-06
2,0.0,0.0555555555555556,0.0,0.0030864197530864196,z,x,x,7.692009376919411e-05
2,0.0,0.0555555555555556,0.0,0.0030864197530864196,z,x,y,84.01336882530643
2,0.0,0.0555555555555556,0.0,0.0030864197530864196,z,x,z,0.7491905080037151
2,0.0,0.0555555555555556,0.0,0.0030864197530864196,z,y,x,-88.60997626842853
2,0.0,0.0555555555555556,0.0,0.0030864197530864196,z,y,y,-8.053725535745716e-05
2,0.0,0.0555555555555556,0.0,0.0030864197530864196,z,y,z,-1.100768315770514e-05
2,0.0,0.0555555555555556,0.0,0.0030864197530864196,z,z,x,-7.25861580280567
2,0.0,0.0555555555555556,0.0,0.0030864197530864196,z,z,y,-1.9571440444636898e-05
2,0.0,0.0555555555555556,0.0,0.0030864197530864196,z,z,z,7.719982742307587e-07
3,0.0,0.1111111111111111,0.0,0.0030864197530864196,x,x,x,-19.80634041971978
3,0.0,0.1111111111111111,0.0,0.0030864197530864196,x,x,y,7.518888838440022e-05
3,0.0,0.1111111111111111,0.0,0.0030864197530864196,x,x,z,1.7263383731846693e-06
3,0.0,0.1111111111111111,0.0,0.0030864197530864196,x,y,x,-5.505816117089168e-05
3,0.0,0.1111111111111111,0.0,0.0030864197530864196,x,y,y,5.669458263991875
3,0.0,0.1111111111111111,0.0,0.0030864197530864196,x,y,z,1.33021697932901
3,0.0,0.1111111111111111,0.0,0.0030864197530864196,x,z,x,3.55212919482891e-05
3,0.0,0.1111111111111111,0.0,0.0030864197530864196,x,z,y,7.962160036666198
3,0.0,0.1111111111111111,0.0,0.0030864197530864196,x,z,z,1.225581028083356
3,0.0,0.1111111111111111,0.0,0.0030864197530864196,y,x,x,-1.886685094047634e-05
3,0.0,0.1111111111111111,0.0,0.0030864197530864196,y,x,y,21.605991002457205
3,0.0,0.1111111111111111,0.0,0.0030864197530864196,y,x,z,4.320634183760716
3,0.0,0.1111111111111111,0.0,0.0030864197530864196,y,y,x,-3.604488668972211
3,0.0,0.1111111111111111,0.0,0.0030864197530864196,y,y,y,3.393309629343734e-05
3,0.0,0.1111111111111111,0.0,0.0030864197530864196,y,y,z,-5.412954859440103e-06
3,0.0,0.1111111111111111,0.0,0.0030864197530864196,y,z,x,-6.901364986403584
3,0.0,0.1111111111111111,0.0,0.0030864197530864196,y,z,y,3.577610355432526e-06
3,0.0,0.1111111111111111,0.0,0.0030864197530864196,y,z,z,-1.193278710013517e-06
3,0.0,0.1111111111111111,0.0,0.0030864197530864196,z,x,x,3.9496368753300826e-05
3,0.0,0.1111111111111111,0.0,0.0030864197530864196,z,x,y,23.157097151772767
3,0.0,0.1111111111111111,0.0,0.0030864197530864196,z,x,z,-0.06071277635666728
3,0.0,0.1111111111111111,0.0,0.0030864197530864196,z,y,x,-17.31334918742676
3,0.0,0.1111111111111111,0.0,0.0030864197530864196,z,y,y,-4.413300420254158e-05
3,0.0,0.1111111111111111,0.0,0.0030864197530864196,z,y,z,-8.468541571072182e-06
3,0.0,0.1111111111111111,0.0,0.0030864197530864196,z,z,x,-6.915517393065712
3,0.0,0.1111111111111111,0.0,0.0030864197530864196,z,z,y,-1.5157922191806863e-06
3,0.0,0.1111111111111111,0.0,0.0030864197530864196,z,z,z,-1.1036974348635094e-07
4,0.0,0.1666666666666667,0.0,0.0030864197530864196,x,x,x,-8.737067811544462
4,0.0,0.1666666666666667,0.0,0.0030864197530864196,x,x,y,2.208851579035506e-05
4,0.0,0.1666666666666667,0.0,0.0030864197530864196,x,x,z,-3.972239867170236e-06
4,0.0,0.1666666666666667,0.0,0.0030864197530864196,x,y,x,-1.5393718623989962e-05
4,0.0,0.1666666666666667,0.0,0.0030864197530864196,x,y,y,0.9157799492673874
4,0.0,0.1666666666666667,0.0,0.0030864197530864196,x,y,z,1.1318175131514439
4,0.0,0.1666666666666667,0.0,0.0030864197530864196,x,z,x,1.3746206977342224e-05
4,0.0,0.1666666666666667,0.0,0.0030864197530864196,x,z,y,3.9122080129803325
4,0.0,0.1666666666666667,0.0,0.0030864197530864196,x,z,z,0.9822251966798371
4,0.0,0.1666666666666667,0.0,0.0030864197530864196,y,x,x,-1.98342189720919e-06
4,0.0,0.1666666666666667,0.0,0.0030864197530864196,y,x,y,19.218410327515542
4,0.0,0.1666666666666667,0.0,0.0030864197530864196,y,x,z,4.098787900150251
4,0.0,0.1666666666666667,0.0,0.0030864197530864196,y,y,x,-12.942657210846754
4,0.0,0.1666666666666667,0.0,0.0030864197530864196,y,y,y,1.0497375145377997e-05
4,0.0,0.1666666666666667,0.0,0.0030864197530864196,y,y,z,-1.9082277450135855e-06
4,0.0,0.1666666666666667,0.0,0.0030864197530864196,y,z,x,-6.8582893975991155
4,0.0,0.1666666666666667,0.0,0.0030864197530864196,y,z,y,2.96631576599244e-06
4,0.0,0.1666666666666667,0.0,0.0030864197530864196,y,z,z,-3.9545657008109797e-07
4,0.0,0.1666666666666667,0.0,0.0030864197530864196,z,x,x,2.4957282973949735e-05
4,0.0,0.1666666666666667,0.0,0.0030864197530864196,z,x,y,6.055072057348247
4,0.0,0.1666666666666667,0.0,0.0030864197530864196,z,x,z,-0.5913377342758409
4,0.0,0.1666666666666667,0.0,0.0030864197530864196,z,y,x,0.09875320750911903
4,0.0,0.1666666666666667,0.0,0.0030864197530864196,z,y,y,-2.8140398913653502e-05
4,0.0,0.1666666666666667,0.0,0.0030864197530864196,z,y,z,-2.8636228136452304e-06
4,0.0,0.1666666666666667,0.0,0.0030864197530864196,z,z,x,-5.513007663070315
4,0.0,0.1666666666666667,0.0,0.0030864197530864196,z,z,y,2.624785341450678e-07
4,0.0,0.1666666666666667,0.0,0.0030864197530864196,z,z,z,-3.8193698636209707e-07
5,0.0,0.2222222222222222,0.0,0.0030864197530864196,x,x,x,-1.7780172963212462
5,0.0,0.2222222222222222,0.0,0.0030864197530864196,x,x,y,6.621413223870923e-06
5,0.0,0.2222222222222222,0.0,0.0030864197530864196,x,x,z,-5.7117247133583755e-06
5,0.0,0.2222222222222222,0.0,0.0030864197530864196,x,y,x,-1.0194791624556669e-05
5,0.0,0.2222222222222222,0.0,0.0030864197530864196,x,y,y,-1.2935378918256721
5,0.0,0.2222222222222222,0.0,0.0030864197530864196,x,y,z,0.8016133455510688
5,0.0,0.2222222222222222,0.0,0.0030864197530864196,x,z,x,4.117253955859368e-06
5,0.0,0.2222222222222222,0.0,0.0030864197530864196,x,z,y,1.563324254480931
5,0.0,0.2222222222222222,0.0,0.0030864197530864196,x,z,z,0.6198452132336686
5,0.0,0.2222222222222222,0.0,0.0030864197530864196,y,x,x,7.919162400930882e-06
5,0.0,0.2222222222222222,0.0,0.0030864197530864196,y,x,y,17.969468382692227
5,0.0,0.2222222222222222,0.0,0.0030864197530864196,y,x,z,3.718263717030981
5,0.0,0.2222222222222222,0.0,0.0030864197530864196,y,y,x,-15.079785557346769
5,0.0,0.2222222222222222,0.0,0.0030864197530864196,y,y,y,2.5477308309305373e-07
5,0.0,0.2222222222222222,0.0,0.0030864197530864196,y,y,z,-1.785454628312397e-06
5,0.0,0.2222222222222222,0.0,0.0030864197530864196,y,z,x,-6.462004051735213
5,0.0,0.2222222222222222,0.0,0.0030864197530864196,y,z,y,1.2840657559111835e-06
5,0.0,0.2222222222222222,0.0,0.0030864197530864196,y,z,z,-5.635673005740041e-07
5,0.0,0.2222222222222222,0.0,0.0030864197530864196,z,x,x,1.8778055293572918e-05
5,0.0,0.2222222222222222,0.0,0.0030864197530864196,z,x,y,-3.6530481507266486
5,0.0,0.2222222222222222,0.0,0.0030864197530864196,z,x,z,-1.3166080404452287
5,0.0,0.2222222222222222,0.0,0.0030864197530864196,z,y,x,6.419893558340633
5,0.0,0.2222222222222222,0.0,0.0030864197530864196,z,y,y,-1.5872092129389505e-05
5,0.0,0.2222222222222222,0.0,0.0030864197530864196,z,y,z,1.7493479246110505e-06
5,0.0,0.2222222222222222,0.0,0.0030864197530864196,z,z,x,-2.5311301596688
5,0.0,0.2222222222222222,0.0,0.0030864197530864196,z,z,y,-3.321107465787494e-06
5,0.0,0.2222222222222222,0.0,0.0030864197530864196,z,z,z,-3.435356083283936e-07
6,0.0,0.2777777777777778,0.0,0.0030864197530864196,x,x,x,2.0090788874658676
6,0.0,0.2777777777777778,0.0,0.0030864197530864196,x,x,y,6.173294815208458e-06
6,0.0,0.2777777777777778,0.0,0.0030864197530864196,x,x,z,-5.231650506333442e-06
6,0.0,0.2777777777777778,0.0,0.0030864197530864196,x,y,x,-1.4043771103962232e-05
6,0.0,0.2777777777777778,0.0,0.0030864197530864196,x,y,y,-1.3383202226889976
6,0.0,0.2777777777777778,0.0,0.0030864197530864196,x,y,z,0.43896315883526504
6,0.0,0.2777777777777778,0.0,0.0030864197530864196,x,z,x,1.5013214063022055e-06
6,0.0,0.2777777777777778,0.0,0.0030864197530864196,x,z,y,-0.3143762168203734
6,0.0,0.2777777777777778,0.0,0.0030864197530864196,x,z,z,0.23327981790474334
6,0.0,0.2777777777777778,0.0,0.0030864197530864196,y,x,x,8.76508381657268e-06
6,0.0,0.2777777777777778,0.0,0.0030864197530864196,y,x,y,9.450919095335376
6,0.0,0.2777777777777778,0.0,0.0030864197530864196,y,x,z,2.7491771439938044
6,0.0,0.2777777777777778,0.0,0.0030864197530864196,y,y,x,-8.492680346291454
6,0.0,0.2777777777777778,0.0,0.0030864197530864196,y,y,y,-1.5375032143775718e-06
6,0.0,0.2777777777777778,0.0,0.0030864197530864196,y,y,z,-8.525777003326714e-07
6,0.0,0.2777777777777778,0.0,0.0030864197530864196,y,z,x,-4.372241660610976
6,0.0,0.2777777777777778,0.0,0.0030864197530864196,y,z,y,-9.233537052609772e-07
6,0.0,0.2777777777777778,0.0,0.0030864197530864196,y,z,z,-6.134207855550567e-07
6,0.0,0.2777777777777778,0.0,0.0030864197530864196,z,x,x,1.047132250671127e-05
6,0.0,0.2777777777777778,0.0,0.0030864197530864196,z,x,y,-5.31463527757866
6,0.0,0.2777777777777778,0.0,0.0030864197530864196,z,x,z,-1.693364562850076
6,0.0,0.2777777777777778,0.0,0.0030864197530864196,z,y,x,5.023122907734006
6,0.0,0.2777777777777778,0.0,0.0030864197530864196,z,y,y,-5.749287088758513e-06
6,0.0,0.2777777777777778,0.0,0.0030864197530864196,z,y,z,3.8826692576456685e-06
6,0.0,0.2777777777777778,0.0,0.0030864197530864196,z,z,x,0.5432662669937195
6,0.0,0.2777777777777778,0.0,0.0030864197530864196,z,z,y,-5.862704516818296e-06
6,0.0,0.2777777777777778,0.0,0.0030864197530864196,z,z,z,6.912818198559012e-08
7,0.0,0.3333333333333333,0.0,0.0030864197530864196,x,x,x,2.4013267977219432
7,0.0,0.3333333333333333,0.0,0.0030864197530864196,x,x,y,6.939344163645722e-06
7,0.0,0.3333333333333333,0.0,0.0030864197530864196,x,x,z,-3.887669333861968e-06
7,0.0,0.3333333333333333,0.0,0.0030864197530864196,x,y,x,-1.3914133143851415e-05
7,0.0,0.3333333333333333,0.0,0.0030864197530864196,x,y,y,-0.6129788587189589
7,0.0,0.3333333333333333,0.0,0.0030864197530864196,x,y,z,0.23759929523674714
7,0.0,0.3333333333333333,0.0,0.0030864197530864196,x,z,x,8.581406761571424e-07
7,0.0,0.3333333333333333,0.0,0.0030864197530864196,x,z,y,-0.8946305902876721
7,0.0,0.3333333333333333,0.0,0.0030864197530864196,x,z,z,-0.020934918983905176
7,0.0,0.3333333333333333,0.0,0.0030864197530864196,y,x,x,5.269747947568748e-06
7,0.0,0.3333333333333333,0.0,0.0030864197530864196,y,x,y,1.742654718941004
7,0.0,0.3333333333333333,0.0,0.0030864197530864196,y,x,z,1.7148792946281368
7,0.0,0.3333333333333333,0.0,0.0030864197530864196,y,y,x,-1.8126834523167217
7,0.0,0.3333333333333333,0.0,0.0030864197530864196,y,y,y,-4.036055177576416e-07
7,0.0,0.3333333333333333,0.0,0.0030864197530864196,y,y,z,1.5325892408349156e-07
7,0.0,0.3333333333333333,0.0,0.0030864197530864196,y,z,x,-2.3136159920339483
7,0.0,0.3333333333333333,0.0,0.0030864197530864196,y,z,y,-1.6603862714046082e-06
7,0.0,0.3333333333333333,0.0,0.0030864197530864196,y,z,z,-3.9308795832547097e-07
7,0.0,0.3333333333333333,0.0,0.0030864197530864196,z,x,x,4.221072631008757e-06
7,0.0,0.3333333333333333,0.0,0.0030864197530864196,z,x,y,-2.668485665758294
7,0.0,0.3333333333333333,0.0,0.0030864197530864196,z,x,z,-1.5885843197317957
7,0.0,0.3333333333333333,0.0,0.0030864197530864196,z,y,x,1.4467238296793816
7,0.0,0.3333333333333333,0.0,0.0030864197530864196,z,y,y,-1.1218877526939392e-06
7,0.0,0.3333333333333333,0.0,0.0030864197530864196,z,y,z,3.5669989714884666e-06
7,0.0,0.3333333333333333,0.0,0.0030864197530864196,z,z,x,1.659162347493766
7,0.0,0.3333333333333333,0.0,0.0030864197530864196,z,z,y,-5.481965332241654e-06
7,0.0,0.3333333333333333,0.0,0.0030864197530864196,z,z,z,2.69245028104801e-07
8,0.0,0.3888888888888889,0.0,0.0030864197530864196,x,x,x,1.83671058830096
8,0.0,0.3888888888888889,0.0,0.0030864197530864196,x,x,y,6.298256767479057e-06
8,0.0,0.3888888888888889,0.0,0.0030864197530864196,x,x,z,-2.93562931248418e-06
8,0.0,0.3888888888888889,0.0,0.0030864197530864196,x,y,x,-1.1128481963578685e-05
8,0.0,0.3888888888888889,0.0,0.0030864197530864196,x,y,y,-0.2162792549802594
8,0.0,0.3888888888888889,0.0,0.0030864197530864196,x,y,z,0.18737494064943824
8,0.0,0.3888888888888889,0.0,0.0030864197530864196,x,z,x,1.0433263354202225e-06
8,0.0,0.3888888888888889,0.0,0.0030864197530864196,x,z,y,-0.8255616244943115
8,0.0,0.3888888888888889,0.0,0.0030864197530864196,x,z,z,-0.14392947145118223
8,0.0,0.3888888888888889,0.0,0.0030864197530864196,y,x,x,2.8435524344019724e-06
8,0.0,0.3888888888888889,0.0,0.0030864197530864196,y,x,y,-1.7743576485541968
8,0.0,0.3888888888888889,0.0,0.0030864197530864196,y,x,z,1.0330126571289018
8,0.0,0.3888888888888889,0.0,0.0030864197530864196,y,y,x,1.3060000736701873
8,0.0,0.3888888888888889,0.0,0.0030864197530864196,y,y,y,2.429060364552651e-07
8,0.0,0.3888888888888889,0.0,0.0030864197530864196,y,y,z,6.433361671072283e-07
8,0.0,0.3888888888888889,0.0,0.0030864197530864196,y,z,x,-1.1686183670140426
8,0.0,0.3888888888888889,0.0,0.0030864197530864196,y,z,y,-1.7263421403057821e-06
8,0.0,0.3888888888888889,0.0,0.0030864197530864196,y,z,z,-2.5750768218601287e-07
8,0.0,0.3888888888888889,0.0,0.0030864197530864196,z,x,x,1.7523108327939719e-06
8,0.0,0.3888888888888889,0.0,0.0030864197530864196,z,x,y,-0.4786917122232399
8,0.0,0.3888888888888889,0.0,0.0030864197530864196,z,x,z,-1.3528919316322523
8,0.0,0.3888888888888889,0.0,0.0030864197530864196,z,y,x,-0.768211216322735
8,0.0,0.3888888888888889,0.0,0.0030864197530864196,z,y,y,1.944914522300621e-07
8,0.0,0.3888888888888889,0.0,0.0030864197530864196,z,y,z,2.6861688682764673e-06
8,0.0,0.3888888888888889,0.0,0.0030864197530864196,z,z,x,1.7344204678040358
8,0.0,0.3888888888888889,0.0,0.0030864197530864196,z,z,y,-4.284649073942443e-06
8,0.0,0.3888888888888889,0.0,0.0030864197530864196,z,z,z,2.9454405189734683e-07
9,0.0,0.4444444444444444,0.0,0.0030864197530864196,x,x,x,1.3883682501615138
9,0.0,0.4444444444444444,0.0,0.0030864197530864196,x,x,y,5.5075605271557e-06
9,0.0,0.4444444444444444,0.0,0.0030864197530864196,x,x,z,-2.438975193850603e-06
9,0.0,0.4444444444444444,0.0,0.0030864197530864196,x,y,x,-8.8808933954154e-06
9,0.0,0.4444444444444444,0.0,0.0030864197530864196,x,y,y,-0.06685864822758585
9,0.0,0.4444444444444444,0.0,0.0030864197530864196,x,y,z,0.19735604726593234
9,0.0,0.4444444444444444,0.0,0.0030864197530864196,x,z,x,9.760335810824631e-07
9,0.0,0.4444444444444444,0.0,0.0030864197530864196,x,z,y,-0.7003481841217635
9,0.0,0.4444444444444444,0.0,0.0030864197530864196,x,z,z,-0.19497276876286856
9,0.0,0.4444444444444444,0.0,0.0030864197530864196,y,x,x,1.6603332480905092e-06
9,0.0,0.4444444444444444,0.0,0.0030864197530864196,y,x,y,-2.9904327688276884
9,0.0,0.4444444444444444,0.0,0.0030864197530864196,y,x,z,0.684065393099724
9,0.0,0.4444444444444444,0.0,0.0030864197530864196,y,y,x,2.378992562280577
9,0.0,0.4444444444444444,0.0,0.0030864197530864196,y,y,y,4.6646274131623123e-07
9,0.0,0.4444444444444444,0.0,0.0030864197530864196,y,y,z,7.68328130363257e-07
9,0.0,0.4444444444444444,0.0,0.0030864197530864196,y,z,x,-0.6571855062177107
9,0.0,0.4444444444444444,0.0,0.0030864197530864196,y,z,y,-1.5344795066963723e-06
9,0.0,0.4444444444444444,0.0,0.0030864197530864196,y,z,z,-2.482775191458456e-07
9,0.0,0.4444444444444444,0.0,0.0030864197530864196,z,x,x,7.96962931781147e-07
9,0.0,0.4444444444444444,0.0,0.0030864197530864196,z,x,y,0.5936411307496666
9,0.0,0.4444444444444444,0.0,0.0030864197530864196,z,x,z,-1.1942856767873504
9,0.0,0.4444444444444444,0.0,0.0030864197530864196,z,y,x,-1.7109793636263475
9,0.0,0.4444444444444444,0.0,0.0030864197530864196,z,y,y,4.557349932329069e-07
9,0.0,0.4444444444444444,0.0,0.0030864197530864196,z,y,z,2.1294528101363395e-06
9,0.0,0.4444444444444444,0.0,0.0030864197530864196,z,z,x,1.638533282120668
9,0.0,0.4444444444444444,0.0,0.0030864197530864196,z,z,y,-3.5091263220559444e-06
9,0.0,0.4444444444444444,0.0,0.0030864197530864196,z,z,z,2.810565129997635e-07
10,0.0,0.5,0.0,0.0030864197530864196,x,x,x,1.2055769110012922
10,0.0,0.5,0.0,0.0030864197530864196,x,x,y,5.11757543102569e-06
10,0.0,0.5,0.0,0.0030864197530864196,x,x,z,-2.231423540828421e-06
10,0.0,0.5,0.0,0.0030864197530864196,x,y,x,-7.575911269790896e-06
10,0.0,0.5,0.0,0.0030864197530864196,x,y,y,-0.028251498318393433
10,0.0,0.5,0.0,0.0030864197530864196,x,y,z,0.20375911892376167
10,0.0,0.5,0.0,0.0030864197530864196,x,z,x,1.0676860325311753e-06
10,0.0,0.5,0.0,0.0030864197530864196,x,z,y,-0.6510331450642091
10,0.0,0.5,0.0,0.0030864197530864196,x,z,z,-0.2035392709806343
10,0.0,0.5,0.0,0.0030864197530864196,y,x,x,1.1172434924210782e-06
10,0.0,0.5,0.0,0.0030864197530864196,y,x,y,-3.261152483705639
10,0.0,0.5,0.0,0.0030864197530864196,y,x,z,0.5868499443450729
10,0.0,0.5,0.0,0.0030864197530864196,y,y,x,2.659281781247977
10,0.0,0.5,0.0,0.0030864197530864196,y,y,y,4.939423557870196e-07
10,0.0,0.5,0.0,0.0030864197530864196,y,y,z,7.68236324486704e-07
10,0.0,0.5,0.0,0.0030864197530864196,y,z,x,-0.5226553614403933
10,0.0,0.5,0.0,0.0030864197530864196,y,z,y,-1.4492796788286725e-06
10,0.0,0.5,0.0,0.0030864197530864196,y,z,z,-2.2348292334176218e-07
10,0.0,0.5,0.0,0.0030864197530864196,z,x,x,3.84667492370094e-07
10,0.0,0.5,0.0,0.0030864197530864196,z,x,y,0.9130315721082125
10,0.0,0.5,0.0,0.0030864197530864196,z,x,z,-1.1565830217433193
10,0.0,0.5,0.0,0.0030864197530864196,z,y,x,-1.9323447054675567
10,0.0,0.5,0.0,0.0030864197530864196,z,y,y,4.119209606021117e-07
10,0.0,0.5,0.0,0.0030864197530864196,z,y,z,1.8987718580469677e-06
10,0.0,0.5,0.0,0.0030864197530864196,z,z,x,1.615075868611703
10,0.0,0.5,0.0,0.0030864197530864196,z,z,y,-3.183639544089223e-06
10,0.0,0.5,0.0,0.0030864197530864196,z,z,z,3.060714410760504e-07
11,0.0,-0.4444444444444444,0.0,0.0030864197530864196,x,x,x,1.3883682815733485
11,0.0,-0.4444444444444444,0.0,0.0030864197530864196,x,x,y,5.51264515295486e-06
11,0.0,-0.4444444444444444,0.0,0.0030864197530864196,x,x,z,-2.412591069006828e-06
11,0.0,-0.4444444444444444,0.0,0.0030864197530864196,x,y,x,-8.861024847883315e-06
11,0.0,-0.4444444444444444,0.0,0.0030864197530864196,x,y,y,-0.06685865185091133
11,0.0,-0.4444444444444444,0.0,0.0030864197530864196,x,y,z,0.19735605924135582
11,0.0,-0.4444444444444444,0.0,0.0030864197530864196,x,z,x,9.868689585612043e-07
11,0.0,-0.4444444444444444,0.0,0.0030864197530864196,x,z,y,-0.7003481828313166
11,0.0,-0.4444444444444444,0.0,0.0030864197530864196,x,z,z,-0.19497279553489086
11,0.0,-0.4444444444444444,0.0,0.0030864197530864196,y,x,x,1.6884293686369294e-06
11,0.0,-0.4444444444444444,0.0,0.0030864197530864196,y,x,y,-2.990432498482859
11,0.0,-0.4444444444444444,0.0,0.0030864197530864196,y,x,z,0.6840656533114475
11,0.0,-0.4444444444444444,0.0,0.0030864197530864196,y,y,x,2.378992313356105
11,0.0,-0.4444444444444444,0.0,0.0030864197530864196,y,y,y,4.671293181321244e-07
11,0.0,-0.4444444444444444,0.0,0.0030864197530864196,y,y,z,7.755315340338422e-07
11,0.0,-0.4444444444444444,0.0,0.0030864197530864196,y,z,x,-0.6571857118079187
11,0.0,-0.4444444444444444,0.0,0.0030864197530864196,y,z,y,-1.5469897640949866e-06
11,0.0,-0.4444444444444444,0.0,0.0030864197530864196,y,z,z,-2.449174003875434e-07
11,0.0,-0.4444444444444444,0.0,0.0030864197530864196,z,x,x,8.016870125506199e-07
11,0.0,-0.4444444444444444,0.0,0.0030864197530864196,z,x,y,0.5936410066222826
11,0.0,-0.4444444444444444,0.0,0.0030864197530864196,z,x,z,-1.1942859234090708
11,0.0,-0.4444444444444444,0.0,0.0030864197530864196,z,y,x,-1.7109792327509834
11,0.0,-0.4444444444444444,0.0,0.0030864197530864196,z,y,y,4.4930107303474027e-07
11,0.0,-0.4444444444444444,0.0,0.0030864197530864196,z,y,z,2.131369403609184e-06
11,0.0,-0.4444444444444444,0.0,0.0030864197530864196,z,z,x,1.6385335645879187
11,0.0,-0.4444444444444444,0.0,0.0030864197530864196,z,z,y,-3.513108729776798e-06
11,0.0,-0.4444444444444444,0.0,0.0030864197530864196,z,z,z,2.792442340792602e-07
12,0.0,-0.3888888888888888,0.0,0.0030864197530864196,x,x,x,1.836710553463954
12,0.0,-0.3888888888888888,0.0,0.0030864197530864196,x,x,y,6.272120636618957e-06
12,0.0,-0.3888888888888888,0.0,0.0030864197530864196,x,x,z,-2.928310839016298e-06
12,0.0,-0.3888888888888888,0.0,0.0030864197530864196,x,y,x,-1.1185547181384815e-05
12,0.0,-0.3888888888888888,0.0,0.0030864197530864196,x,y,y,-0.21627921179985996
12,0.0,-0.3888888888888888,0.0,0.0030864197530864196,x,y,z,0.18737490308546204
12,0.0,-0.3888888888888888,0.0,0.0030864197530864196,x,z,x,9.619080975302402e-07
12,0.0,-0.3888888888888888,0.0,0.0030864197530864196,x,z,y,-0.825561662306663
12,0.0,-0.3888888888888888,0.0,0.0030864197530864196,x,z,z,-0.1439294691450215
12,0.0,-0.3888888888888888,0.0,0.0030864197530864196,y,x,x,2.8509535419541685e-06
12,0.0,-0.3888888888888888,0.0,0.0030864197530864196,y,x,y,-1.774357583752558
12,0.0,-0.3888888888888888,0.0,0.0030864197530864196,y,x,z,1.0330127398413305
12,0.0,-0.3888888888888888,0.0,0.0030864197530864196,y,y,x,1.3059999566523968
12,0.0,-0.3888888888888888,0.0,0.0030864197530864196,y,y,y,2.3280752722496476e-07
12,0.0,-0.3888888888888888,0.0,0.0030864197530864196,y,y,z,6.256521990508047e-07
12,0.0,-0.3888888888888888,0.0,0.0030864197530864196,y,z,x,-1.168618428370577
12,0.0,-0.3888888888888888,0.0,0.0030864197530864196,y,z,y,-1.7177130876856408e-06
12,0.0,-0.3888888888888888,0.0,0.0030864197530864196,y,z,z,-2.642620351339445e-07
12,0.0,-0.3888888888888888,0.0,0.0030864197530864196,z,x,x,1.7447823904734555e-06
12,0.0,-0.3888888888888888,0.0,0.0030864197530864196,z,x,y,-0.4786917859414923
12,0.0,-0.3888888888888888,0.0,0.0030864197530864196,z,x,z,-1.3528920074785225
12,0.0,-0.3888888888888888,0.0,0.0030864197530864196,z,y,x,-0.7682112307432083
12,0.0,-0.3888888888888888,0.0,0.0030864197530864196,z,y,y,1.847858004255058e-07
12,0.0,-0.3888888888888888,0.0,0.0030864197530864196,z,y,z,2.689712095058364e-06
12,0.0,-0.3888888888888888,0.0,0.0030864197530864196,z,z,x,1.7344205419155565
12,0.0,-0.3888888888888888,0.0,0.0030864197530864196,z,z,y,-4.297892831922011e-06
12,0.0,-0.3888888888888888,0.0,0.0030864197530864196,z,z,z,2.848348994781381e-07
13,0.0,-0.3333333333333334,0.0,0.0030864197530864196,x,x,x,2.4013268035565276
13,0.0,-0.3333333333333334,0.0,0.0030864197530864196,x,x,y,6.940690117195538e-06
13,0.0,-0.3333333333333334,0.0,0.0030864197530864196,x,x,z,-3.871848800653469e-06
13,0.0,-0.3333333333333334,0.0,0.0030864197530864196,x,y,x,-1.3856983929464974e-05
13,0.0,-0.3333333333333334,0.0,0.0030864197530864196,x,y,y,-0.6129788366455168
13,0.0,-0.3333333333333334,0.0,0.0030864197530864196,x,y,z,0.23759924053457124
13,0.0,-0.3333333333333334,0.0,0.0030864197530864196,x,z,x,8.929893662147723e-07
13,0.0,-0.3333333333333334,0.0,0.0030864197530864196,x,z,y,-0.8946305234005362
13,0.0,-0.3333333333333334,0.0,0.0030864197530864196,x,z,z,-0.020934908426334994
13,0.0,-0.3333333333333334,0.0,0.0030864197530864196,y,x,x,5.288079170022698e-06
13,0.0,-0.3333333333333334,0.0,0.0030864197530864196,y,x,y,1.7426544754833952
13,0.0,-0.3333333333333334,0.0,0.0030864197530864196,y,x,z,1.7148791149520763
13,0.0,-0.3333333333333334,0.0,0.0030864197530864196,y,y,x,-1.8126832449716015
13,0.0,-0.3333333333333334,0.0,0.0030864197530864196,y,y,y,-4.080934854382493e-07
13,0.0,-0.3333333333333334,0.0,0.0030864197530864196,y,y,z,1.6426969776852648e-07
13,0.0,-0.3333333333333334,0.0,0.0030864197530864196,y,z,x,-2.313615921184929
13,0.0,-0.3333333333333334,0.0,0.0030864197530864196,y,z,y,-1.6675787169198255e-06
13,0.0,-0.3333333333333334,0.0,0.0030864197530864196,y,z,z,-3.9199945040012156e-07
13,0.0,-0.3333333333333334,0.0,0.0030864197530864196,z,x,x,4.259958859083914e-06
13,0.0,-0.3333333333333334,0.0,0.0030864197530864196,z,x,y,-2.668485577948431
13,0.0,-0.3333333333333334,0.0,0.0030864197530864196,z,x,z,-1.588584152794525
13,0.0,-0.3333333333333334,0.0,0.0030864197530864196,z,y,x,1.4467237716117187
13,0.0,-0.3333333333333334,0.0,0.0030864197530864196,z,y,y,-1.1195986542009736e-06
13,0.0,-0.3333333333333334,0.0,0.0030864197530864196,z,y,z,3.552214748971734e-06
13,0.0,-0.3333333333333334,0.0,0.0030864197530864196,z,z,x,1.6591621098041023
13,0.0,-0.3333333333333334,0.0,0.0030864197530864196,z,z,y,-5.463734034592332e-06
13,0.0,-0.3333333333333334,0.0,0.0030864197530864196,z,z,z,2.727916458108149e-07
14,0.0,-0.2777777777777778,0.0,0.0030864197530864196,x,x,x,2.0090788752198896
14,0.0,-0.2777777777777778,0.0,0.0030864197530864196,x,x,y,6.167885435367786e-06
14,0.0,-0.2777777777777778,0.0,0.0030864197530864196,x,x,z,-5.2239842431564055e-06
14,0.0,-0.2777777777777778,0.0,0.0030864197530864196,x,y,x,-1.4068089299124606e-05
14,0.0,-0.2777777777777778,0.0,0.0030864197530864196,x,y,y,-1.3383202112272405
14,0.0,-0.2777777777777778,0.0,0.0030864197530864196,x,y,z,0.438963177042215
14,0.0,-0.2777777777777778,0.0,0.0030864197530864196,x,z,x,1.4722199898203756e-06
14,0.0,-0.2777777777777778,0.0,0.0030864197530864196,x,z,y,-0.3143761916912822
14,0.0,-0.2777777777777778,0.0,0.0030864197530864196,x,z,z,0.23327982909295616
14,0.0,-0.2777777777777778,0.0,0.0030864197530864196,y,x,x,8.7608153439412e-06
14,0.0,-0.2777777777777778,0.0,0.0030864197530864196,y,x,y,9.45091908623064
14,0.0,-0.2777777777777778,0.0,0.0030864197530864196,y,x,z,2.7491770867534853
14,0.0,-0.2777777777777778,0.0,0.0030864197530864196,y,y,x,-8.492680300114463
14,0.0,-0.2777777777777778,0.0,0.0030864197530864196,y,y,y,-1.5327797947587176e-06
14,0.0,-0.2777777777777778,0.0,0.0030864197530864196,y,y,z,-8.881955925364221e-07
14,0.0,-0.2777777777777778,0.0,0.0030864197530864196,y,z,x,-4.372241612845518
14,0.0,-0.2777777777777778,0.0,0.0030864197530864196,y,z,y,-8.842917926370671e-07
14,0.0,-0.2777777777777778,0.0,0.0030864197530864196,y,z,z,-6.160726324915152e-07
14,0.0,-0.2777777777777778,0.0,0.0030864197530864196,z,x,x,1.0440119924891603e-05
14,0.0,-0.2777777777777778,0.0,0.0030864197530864196,z,x,y,-5.314635226008473
14,0.0,-0.2777777777777778,0.0,0.0030864197530864196,z,x,z,-1.6933644243607413
14,0.0,-0.2777777777777778,0.0,0.0030864197530864196,z,y,x,5.023122810603535
14,0.0,-0.2777777777777778,0.0,0.0030864197530864196,z,y,y,-5.7575052920647485e-06
14,0.0,-0.2777777777777778,0.0,0.0030864197530864196,z,y,z,3.887119798162925e-06
14,0.0,-0.2777777777777778,0.0,0.0030864197530864196,z,z,x,0.5432661203508571
14,0.0,-0.2777777777777778,0.0,0.0030864197530864196,z,z,y,-5.865030313314222e-06
14,0.0,-0.2777777777777778,0.0,0.0030864197530864196,z,z,z,5.2444525933321214e-08
15,0.0,-0.2222222222222222,0.0,0.0030864197530864196,x,x,x,-1.778017384062153
15,0.0,-0.2222222222222222,0.0,0.0030864197530864196,x,x,y,6.60658596046736e-06
15,0.0,-0.2222222222222222,0.0,0.0030864197530864196,x,x,z,-5.712453883473614e-06
15,0.0,-0.2222222222222222,0.0,0.0030864197530864196,x,y,x,-1.0171654259506769e-05
15,0.0,-0.2222222222222222,0.0,0.0030864197530864196,x,y,y,-1.2935378978507786
15,0.0,-0.2222222222222222,0.0,0.0030864197530864196,x,y,z,0.8016133689789694
15,0.0,-0.2222222222222222,0.0,0.0030864197530864196,x,z,x,4.132533816026112e-06
15,0.0,-0.2222222222222222,0.0,0.0030864197530864196,x,z,y,1.5633242106074685
15,0.0,-0.2222222222222222,0.0,0.0030864197530864196,x,z,z,0.6198452045673147
15,0.0,-0.2222222222222222,0.0,0.0030864197530864196,y,x,x,7.903725514404178e-06
15,0.0,-0.2222222222222222,0.0,0.0030864197530864196,y,x,y,17.969468378509212
15,0.0,-0.2222222222222222,0.0,0.0030864197530864196,y,x,z,3.718263738068395
15,0.0,-0.2222222222222222,0.0,0.0030864197530864196,y,y,x,-15.079785548203306
15,0.0,-0.2222222222222222,0.0,0.0030864197530864196,y,y,y,2.625574180143667e-07
15,0.0,-0.2222222222222222,0.0,0.0030864197530864196,y,y,z,-1.7663022907125317e-06
15,0.0,-0.2222222222222222,0.0,0.0030864197530864196,y,z,x,-6.462004076879988
15,0.0,-0.2222222222222222,0.0,0.0030864197530864196,y,z,y,1.30083838120504e-06
15,0.0,-0.2222222222222222,0.0,0.0030864197530864196,y,z,z,-5.58093232131112e-07
15,0.0,-0.2222222222222222,0.0,0.0030864197530864196,z,x,x,1.877917041667729e-05
15,0.0,-0.2222222222222222,0.0,0.0030864197530864196,z,x,y,-3.653048175708712
15,0.0,-0.2222222222222222,0.0,0.0030864197530864196,z,x,z,-1.3166080322998155
15,0.0,-0.2222222222222222,0.0,0.0030864197530864196,z,y,x,6.4198936065696905
15,0.0,-0.2222222222222222,0.0,0.0030864197530864196,z,y,y,-1.5848352711265307e-05
15,0.0,-0.2222222222222222,0.0,0.0030864197530864196,z,y,z,1.7458305771884518e-06
15,0.0,-0.2222222222222222,0.0,0.0030864197530864196,z,z,x,-2.531130108092562
15,0.0,-0.2222222222222222,0.0,0.0030864197530864196,z,z,y,-3.3177591410134743e-06
15,0.0,-0.2222222222222222,0.0,0.0030864197530864196,z,z,z,-3.326847527107199e-07
16,0.0,-0.1666666666666666,0.0,0.0030864197530864196,x,x,x,-8.737067740621177
16,0.0,-0.1666666666666666,0.0,0.0030864197530864196,x,x,y,2.1806542265292515e-05
16,0.0,-0.1666666666666666,0.0,0.0030864197530864196,x,x,z,-4.316784516524901e-06
16,0.0,-0.1666666666666666,0.0,0.0030864197530864196,x,y,x,-1.5419690828278937e-05
16,0.0,-0.1666666666666666,0.0,0.0030864197530864196,x,y,y,0.9157799330106211
16,0.0,-0.1666666666666666,0.0,0.0030864197530864196,x,y,z,1.131817563605987
16,0.0,-0.1666666666666666,0.0,0.0030864197530864196,x,z,x,1.3633174547451928e-05
16,0.0,-0.1666666666666666,0.0,0.0030864197530864196,x,z,y,3.9122078165996053
16,0.0,-0.1666666666666666,0.0,0.0030864197530864196,x,z,z,0.9822251104248584
16,0.0,-0.1666666666666666,0.0,0.0030864197530864196,y,x,x,-2.2184643945653892e-06
16,0.0,-0.1666666666666666,0.0,0.0030864197530864196,y,x,y,19.21840974985537
16,0.0,-0.1666666666666666,0.0,0.0030864197530864196,y,x,z,4.0987875676309
16,0.0,-0.1666666666666666,0.0,0.0030864197530864196,y,y,x,-12.94265678949604
16,0.0,-0.1666666666666666,0.0,0.0030864197530864196,y,y,y,1.0539511029733499e-05
16,0.0,-0.1666666666666666,0.0,0.0030864197530864196,y,y,z,-1.787140359648683e-06
16,0.0,-0.1666666666666666,0.0,0.0030864197530864196,y,z,x,-6.858289137200695
16,0.0,-0.1666666666666666,0.0,0.0030864197530864196,y,z,y,3.0273975552731357e-06
16,0.0,-0.1666666666666666,0.0,0.0030864197530864196,y,z,z,-3.395835643610844e-07
16,0.0,-0.1666666666666666,0.0,0.0030864197530864196,z,x,x,2.4900566621079276e-05
16,0.0,-0.1666666666666666,0.0,0.0030864197530864196,z,x,y,6.0550717225380595
16,0.0,-0.1666666666666666,0.0,0.0030864197530864196,z,x,z,-0.5913378620516198
16,0.0,-0.1666666666666666,0.0,0.0030864197530864196,z,y,x,0.0987537416705667
16,0.0,-0.1666666666666666,0.0,0.0030864197530864196,z,y,y,-2.8195315154394067e-05
16,0.0,-0.1666666666666666,0.0,0.0030864197530864196,z,y,z,-2.866836347792788e-06
16,0.0,-0.1666666666666666,0.0,0.0030864197530864196,z,z,x,-5.513007654733975
16,0.0,-0.1666666666666666,0.0,0.0030864197530864196,z,z,y,3.606970154895864e-07
16,0.0,-0.1666666666666666,0.0,0.0030864197530864196,z,z,z,-2.391507738753139e-07
17,0.0,-0.1111111111111112,0.0,0.0030864197530864196,x,x,x,-19.8063408346949
17,0.0,-0.1111111111111112,0.0,0.0030864197530864196,x,x,y,7.487414673964821e-05
17,0.0,-0.1111111111111112,0.0,0.0030864197530864196,x,x,z,2.0112721012666943e-06
17,0.0,-0.1111111111111112,0.0,0.0030864197530864196,x,y,x,-5.486069145186179e-05
17,0.0,-0.1111111111111112,0.0,0.0030864197530864196,x,y,y,5.669458377571664
17,0.0,-0.1111111111111112,0.0,0.0030864197530864196,x,y,z,1.3302170408970877
17,0.0,-0.1111111111111112,0.0,0.0030864197530864196,x,z,x,3.505718349030159e-05
17,0.0,-0.1111111111111112,0.0,0.0030864197530864196,x,z,y,7.962160153644541
17,0.0,-0.1111111111111112,0.0,0.0030864197530864196,x,z,z,1.2255811067361737
17,0.0,-0.1111111111111112,0.0,0.0030864197530864196,y,x,x,-1.861455941496457e-05
17,0.0,-0.1111111111111112,0.0,0.0030864197530864196,y,x,y,21.60599210681021
17,0.0,-0.1111111111111112,0.0,0.0030864197530864196,y,x,z,4.320634791301487
17,0.0,-0.1111111111111112,0.0,0.0030864197530864196,y,y,x,-3.6044895204639684
17,0.0,-0.1111111111111112,0.0,0.0030864197530864196,y,y,y,3.392837895835189e-05
17,0.0,-0.1111111111111112,0.0,0.0030864197530864196,y,y,z,-5.3681788642610235e-06
17,0.0,-0.1111111111111112,0.0,0.0030864197530864196,y,z,x,-6.901365417886142
17,0.0,-0.1111111111111112,0.0,0.0030864197530864196,y,z,y,3.567931281903224e-06
17,0.0,-0.1111111111111112,0.0,0.0030864197530864196,y,z,z,-1.2370785707228735e-06
17,0.0,-0.1111111111111112,0.0,0.0030864197530864196,z,x,x,3.970365402038716e-05
17,0.0,-0.1111111111111112,0.0,0.0030864197530864196,z,x,y,23.157097094317418
17,0.0,-0.1111111111111112,0.0,0.0030864197530864196,z,x,z,-0.06071313407836274
17,0.0,-0.1111111111111112,0.0,0.0030864197530864196,z,y,x,-17.31334980954793
17,0.0,-0.1111111111111112,0.0,0.0030864197530864196,z,y,y,-4.40915469128098e-05
17,0.0,-0.1111111111111112,0.0,0.0030864197530864196,z,y,z,-8.387593806572689e-06
17,0.0,-0.1111111111111112,0.0,0.0030864197530864196,z,z,x,-6.915516913063163
17,0.0,-0.1111111111111112,0.0,0.0030864197530864196,z,z,y,-1.5512088756691897e-06
17,0.0,-0.1111111111111112,0.0,0.0030864197530864196,z,z,z,-1.3420448655068734e-07
18,0.0,-0.0555555555555556,0.0,0.0030864197530864196,x,x,x,-59.30252795794159
18,0.0,-0.0555555555555556,0.0,0.0030864197530864196,x,x,y,0.00026758288556170083
18,0.0,-0.0555555555555556,0.0,0.0030864197530864196,x,x,z,2.017545530033309e-05
18,0.0,-0.0555555555555556,0.0,0.0030864197530864196,x,y,x,-0.0001829769206545608
18,0.0,-0.0555555555555556,0.0,0.0030864197530864196,x,y,y,34.22942214041522
18,0.0,-0.0555555555555556,0.0,0.0030864197530864196,x,y,z,0.29664988865571235
18,0.0,-0.0555555555555556,0.0,0.0030864197530864196,x,z,x,0.00011052259623136683
18,0.0,-0.0555555555555556,0.0,0.0030864197530864196,x,z,y,26.377459912558166
18,0.0,-0.0555555555555556,0.0,0.0030864197530864196,x,z,z,1.161736500880779
18,0.0,-0.0555555555555556,0.0,0.0030864197530864196,y,x,x,-5.837011207129125e-05
18,0.0,-0.0555555555555556,0.0,0.0030864197530864196,y,x,y,58.31443462776816
18,0.0,-0.0555555555555556,0.0,0.0030864197530864196,y,x,z,3.936777226244835
18,0.0,-0.0555555555555556,0.0,0.0030864197530864196,y,y,x,27.151790425244794
18,0.0,-0.0555555555555556,0.0,0.0030864197530864196,y,y,y,0.00010253102473880299
18,0.0,-0.0555555555555556,0.0,0.0030864197530864196,y,y,z,-2.2206116628921287e-05
18,0.0,-0.0555555555555556,0.0,0.0030864197530864196,y,z,x,-15.265256218132865
18,0.0,-0.0555555555555556,0.0,0.0030864197530864196,y,z,y,-1.0620980695529789e-05
18,0.0,-0.0555555555555556,0.0,0.0030864197530864196,y,z,z,-3.5301325594372006e-06
18,0.0,-0.0555555555555556,0.0,0.0030864197530864196,z,x,x,7.735386645510176e-05
18,0.0,-0.0555555555555556,0.0,0.0030864197530864196,z,x,y,84.01338444751106
18,0.0,-0.0555555555555556,0.0,0.0030864197530864196,z,x,z,0.7491872717074578
18,0.0,-0.0555555555555556,0.0,0.0030864197530864196,z,y,x,-88.60999467611326
18,0.0,-0.0555555555555556,0.0,0.0030864197530864196,z,y,y,-8.023391842431258e-05
18,0.0,-0.0555555555555556,0.0,0.0030864197530864196,z,y,z,-1.0066205321104555e-05
18,0.0,-0.0555555555555556,0.0,0.0030864197530864196,z,z,x,-7.258612921062723
18,0.0,-0.0555555555555556,0.0,0.0030864197530864196,z,z,y,-2.0285936284310404e-05
18,0.0,-0.0555555555555556,0.0,0.0030864197530864196,z,z,z,6.925909202466535e-07
19,0.0555555555555556,0.0,0.0,0.0030864197530864196,x,x,x,-37.47363229181173
19,0.0555555555555556,0.0,0.0,0.0030864197530864196,x,x,y,15.24087650507122
19,0.0555555555555556,0.0,0.0,0.0030864197530864196,x,x,z,-1.833285374292077
19,0.0555555555555556,0.0,0.0,0.0030864197530864196,x,y,x,-11.748611318276161
19,0.0555555555555556,0.0,0.0,0.0030864197530864196,x,y,y,50.009122997415204
19,0.0555555555555556,0.0,0.0,0.0030864197530864196,x,y,z,-2.879018018777935
19,0.0555555555555556,0.0,0.0,0.0030864197530864196,x,z,x,-4.811638862854161
19,0.0555555555555556,0.0,0.0,0.0030864197530864196,x,z,y,18.04380555391192
19,0.0555555555555556,0.0,0.0,0.0030864197530864196,x,z,z,-0.5808931216699165
19,0.0555555555555556,0.0,0.0,0.0030864197530864196,y,x,x,9.11045425638822
19,0.0555555555555556,0.0,0.0,0.0030864197530864196,y,x,y,37.96639673697697
19,0.0555555555555556,0.0,0.0,0.0030864197530864196,y,x,z,0.7621176730297055
19,0.0555555555555556,0.0,0.0,0.0030864197530864196,y,y,x,53.548651216554084
19,0.0555555555555556,0.0,0.0,0.0030864197530864196,y,y,y,12.602618339879752
19,0.0555555555555556,0.0,0.0,0.0030864197530864196,y,y,z,1.8329887353530427
19,0.0555555555555556,0.0,0.0,0.0030864197530864196,y,z,x,-23.59979985257496
19,0.0555555555555556,0.0,0.0,0.0030864197530864196,y,z,y,4.81161412664128
19,0.0555555555555556,0.0,0.0,0.0030864197530864196,y,z,z,-1.0061821179335029
19,0.0555555555555556,0.0,0.0,0.0030864197530864196,z,x,x,1.990156712081963
19,0.0555555555555556,0.0,0.0,0.0030864197530864196,z,x,y,87.46014226872525
19,0.0555555555555556,0.0,0.0,0.0030864197530864196,z,x,z,-0.37442488022342485
19,0.0555555555555556,0.0,0.0,0.0030864197530864196,z,y,x,-85.16266237229208
19,0.0555555555555556,0.0,0.0,0.0030864197530864196,z,y,y,-1.9902445567498692
19,0.0555555555555556,0.0,0.0,0.0030864197530864196,z,y,z,-0.6484387831406829
19,0.0555555555555556,0.0,0.0,0.0030864197530864196,z,z,x,3.6290165883961527
19,0.0555555555555556,0.0,0.0,0.0030864197530864196,z,z,y,6.285518284127413
19,0.0555555555555556,0.0,0.0,0.0030864197530864196,z,z,z,6.073161053692942e-05
20,0.0555555555555556,0.0555555555555556,0.0,0.0030864197530864196,x,x,x,-37.47282544559061
20,0.0555555555555556,0.0555555555555556,0.0,0.0030864197530864196,x,x,y,-15.240090403383594
20,0.0555555555555556,0.0555555555555556,0.0,0.0030864197530864196,x,x,z,1.8333034217203388
20,0.0555555555555556,0.0555555555555556,0.0,0.0030864197530864196,x,y,x,11.748184287433782
20,0.0555555555555556,0.0555555555555556,0.0,0.0030864197530864196,x,y,y,50.00810182739537
20,0.0555555555555556,0.0555555555555556,0.0,0.0030864197530864196,x,y,z,-2.8789863240888365
20,0.0555555555555556,0.0555555555555556,0.0,0.0030864197530864196,x,z,x,4.8115310151022666
20,0.0555555555555556,0.0555555555555556,0.0,0.0030864197530864196,x,z,y,18.043432133781117
20,0.0555555555555556,0.0555555555555556,0.0,0.0030864197530864196,x,z,z,-0.5808948663632958
20,0.0555555555555556,0.0555555555555556,0.0,0.0030864197530864196,y,x,x,-9.110364904971997
20,0.0555555555555556,0.0555555555555556,0.0,0.0030864197530864196,y,x,y,37.96552971065919
20,0.0555555555555556,0.0555555555555556,0.0,0.0030864197530864196,y,x,z,0.7621136218394409
20,0.0555555555555556,0.0555555555555556,0.0,0.0030864197530864196,y,y,x,53.54760487027217
20,0.0555555555555556,0.0555555555555556,0.0,0.0030864197530864196,y,y,y,-12.602245309977018
20,0.0555555555555556,0.0555555555555556,0.0,0.0030864197530864196,y,y,z,-1.8330041614596744
20,0.0555555555555556,0.0555555555555556,0.0,0.0030864197530864196,y,z,x,-23.59921976315918
20,0.0555555555555556,0.0555555555555556,0.0,0.0030864197530864196,y,z,y,-4.81160675389424
20,0.0555555555555556,0.0555555555555556,0.0,0.0030864197530864196,y,z,z,1.0061779052771052
20,0.0555555555555556,0.0555555555555556,0.0,0.0030864197530864196,z,x,x,-1.989963373749911
20,0.0555555555555556,0.0555555555555556,0.0,0.0030864197530864196,z,x,y,87.45843852593919
20,0.0555555555555556,0.0555555555555556,0.0,0.0030864197530864196,z,x,z,-0.37443419551293894
20,0.0555555555555556,0.0555555555555556,0.0,0.0030864197530864196,z,y,x,-85.16099731645275
20,0.0555555555555556,0.0555555555555556,0.0,0.0030864197530864196,z,y,y,1.990053754058059
20,0.0555555555555556,0.0555555555555556,0.0,0.0030864197530864196,z,y,z,0.6484317181114132
20,0.0555555555555556,0.0555555555555556,0.0,0.0030864197530864196,z,z,x,3.628973534445552
20,0.0555555555555556,0.0555555555555556,0.0,0.0030864197530864196,z,z,y,-6.285482260681372
20,0.0555555555555556,0.0555555555555556,0.0,0.0030864197530864196,z,z,z,-6.144746538915031e-05
21,0.0555555555555556,0.1111111111111111,0.0,0.0030864197530864196,x,x,x,-16.119274747403335
21,0.0555555555555556,0.1111111111111111,0.0,0.0030864197530864196,x,x,y,-5.41370348098306
21,0.0555555555555556,0.1111111111111111,0.0,0.0030864197530864196,x,x,z,1.2366167008082878
21,0.0555555555555556,0.1111111111111111,0.0,0.0030864197530864196,x,y,x,1.9022210357841474
21,0.0555555555555556,0.1111111111111111,0.0,0.0030864197530864196,x,y,y,12.085848639885514
21,0.0555555555555556,0.1111111111111111,0.0,0.0030864197530864196,x,y,z,0.36741023573001746
21,0.0555555555555556,0.1111111111111111,0.0,0.0030864197530864196,x,z,x,2.6488995574219376
21,0.0555555555555556,0.1111111111111111,0.0,0.0030864197530864196,x,z,y,8.953508335124322
21,0.0555555555555556,0.1111111111111111,0.0,0.0030864197530864196,x,z,z,0.19126654123343573
21,0.0555555555555556,0.1111111111111111,0.0,0.0030864197530864196,y,x,x,-1.7371743309144156
21,0.0555555555555556,0.1111111111111111,0.0,0.0030864197530864196,y,x,y,14.18679961208827
21,0.0555555555555556,0.1111111111111111,0.0,0.0030864197530864196,y,x,z,1.0602361464703425
21,0.0555555555555556,0.1111111111111111,0.0,0.0030864197530864196,y,y,x,9.963414776169651
21,0.0555555555555556,0.1111111111111111,0.0,0.0030864197530864196,y,y,y,-5.248540010291068
21,0.0555555555555556,0.1111111111111111,0.0,0.0030864197530864196,y,y,z,-1.2365276164188592
21,0.0555555555555556,0.1111111111111111,0.0,0.0030864197530864196,y,z,x,-5.894649871697089
21,0.0555555555555556,0.1111111111111111,0.0,0.0030864197530864196,y,z,y,-2.648887678211411
21,0.0555555555555556,0.1111111111111111,0.0,0.0030864197530864196,y,z,z,0.3313083764264691
21,0.0555555555555556,0.1111111111111111,0.0,0.0030864197530864196,z,x,x,0.5758072151421902
21,0.0555555555555556,0.1111111111111111,0.0,0.0030864197530864196,z,x,y,26.11992383122047
21,0.0555555555555556,0.1111111111111111,0.0,0.0030864197530864196,z,x,z,0.14164153784694142
21,0.0555555555555556,0.1111111111111111,0.0,0.0030864197530864196,z,y,x,-25.45513175082728
21,0.0555555555555556,0.1111111111111111,0.0,0.0030864197530864196,z,y,y,-0.5758111282934569
21,0.0555555555555556,0.1111111111111111,0.0,0.0030864197530864196,z,y,z,0.2449967723033824
21,0.0555555555555556,0.1111111111111111,0.0,0.0030864197530864196,z,z,x,-1.9429216660011024
21,0.0555555555555556,0.1111111111111111,0.0,0.0030864197530864196,z,z,y,-3.3649485652611437
21,0.0555555555555556,0.1111111111111111,0.0,0.0030864197530864196,z,z,z,-3.571168996916626e-05
22,0.0555555555555556,0.1666666666666667,0.0,0.0030864197530864196,x,x,x,-7.1248516234864265
22,0.0555555555555556,0.1666666666666667,0.0,0.0030864197530864196,x,x,y,-0.7184121294552448
22,0.0555555555555556,0.1666666666666667,0.0,0.0030864197530864196,x,x,z,-0.07781215257647503
22,0.0555555555555556,0.1666666666666667,0.0,0.0030864197530864196,x,y,x,-3.0841881411647583
22,0.0555555555555556,0.1666666666666667,0.0,0.0030864197530864196,x,y,y,3.1608771096434163
22,0.0555555555555556,0.1666666666666667,0.0,0.0030864197530864196,x,y,z,1.2199226018239426
22,0.0555555555555556,0.1666666666666667,0.0,0.0030864197530864196,x,z,x,1.2064441733995543
22,0.0555555555555556,0.1666666666666667,0.0,0.0030864197530864196,x,z,y,3.5031336480726107
22,0.0555555555555556,0.1666666666666667,0.0,0.0030864197530864196,x,z,z,0.5010831721363281
22,0.0555555555555556,0.1666666666666667,0.0,0.0030864197530864196,y,x,x,1.4045516991012073
22,0.0555555555555556,0.1666666666666667,0.0,0.0030864197530864196,y,x,y,8.364976909529128
22,0.0555555555555556,0.1666666666666667,0.0,0.0030864197530864196,y,x,z,0.8071576790943216
22,0.0555555555555556,0.1666666666666667,0.0,0.0030864197530864196,y,y,x,-1.9038517953663485
22,0.0555555555555556,0.1666666666666667,0.0,0.0030864197530864196,y,y,y,-1.7820003626172674
22,0.0555555555555556,0.1666666666666667,0.0,0.0030864197530864196,y,y,z,-0.11800020921679624
22,0.0555555555555556,0.1666666666666667,0.0,0.0030864197530864196,y,z,x,-3.3395627177849065
22,0.0555555555555556,0.1666666666666667,0.0,0.0030864197530864196,y,z,y,-1.093016348945941
22,0.0555555555555556,0.1666666666666667,0.0,0.0030864197530864196,y,z,z,0.14787124771527502
22,0.0555555555555556,0.1666666666666667,0.0,0.0030864197530864196,z,x,x,0.8043302253627755
22,0.0555555555555556,0.1666666666666667,0.0,0.0030864197530864196,z,x,y,7.903260572624713
22,0.0555555555555556,0.1666666666666667,0.0,0.0030864197530864196,z,x,z,-0.20880551065093936
22,0.0555555555555556,0.1666666666666667,0.0,0.0030864197530864196,z,y,x,-5.190539769001171
22,0.0555555555555556,0.1666666666666667,0.0,0.0030864197530864196,z,y,y,0.08565790981586267
22,0.0555555555555556,0.1666666666666667,0.0,0.0030864197530864196,z,y,z,0.1842628972720198
22,0.0555555555555556,0.1666666666666667,0.0,0.0030864197530864196,z,z,x,-2.416680061335481
22,0.0555555555555556,0.1666666666666667,0.0,0.0030864197530864196,z,z,y,-0.9926398566783682
22,0.0555555555555556,0.1666666666666667,0.0,0.0030864197530864196,z,z,z,-0.023307233608299255
23,0.0555555555555556,0.2222222222222222,0.0,0.0030864197530864196,x,x,x,-2.709519246805465
23,0.0555555555555556,0.2222222222222222,0.0,0.0030864197530864196,x,x,y,0.6188364388580188
23,0.0555555555555556,0.2222222222222222,0.0,0.0030864197530864196,x,x,z,-0.5665636838746416
23,0.0555555555555556,0.2222222222222222,0.0,0.0030864197530864196,x,y,x,-4.076663905576863
23,0.0555555555555556,0.2222222222222222,0.0,0.0030864197530864196,x,y,y,0.4419602675371496
23,0.0555555555555556,0.2222222222222222,0.0,0.0030864197530864196,x,y,z,1.071193754991211
23,0.0555555555555556,0.2222222222222222,0.0,0.0030864197530864196,x,z,x,0.5590822886265159
23,0.0555555555555556,0.2222222222222222,0.0,0.0030864197530864196,x,z,y,1.348891784725125
23,0.0555555555555556,0.2222222222222222,0.0,0.0030864197530864196,x,z,z,0.4255920983269215
23,0.0555555555555556,0.2222222222222222,0.0,0.0030864197530864196,y,x,x,1.4183898710113156
23,0.0555555555555556,0.2222222222222222,0.0,0.0030864197530864196,y,x,y,8.18081287642814
23,0.0555555555555556,0.2222222222222222,0.0,0.0030864197530864196,y,x,z,0.7890406252654225
23,0.0555555555555556,0.2222222222222222,0.0,0.0030864197530864196,y,y,x,-5.510802166032289
23,0.0555555555555556,0.2222222222222222,0.0,0.0030864197530864196,y,y,y,-0.5071930068463355
23,0.0555555555555556,0.2222222222222222,0.0,0.0030864197530864196,y,y,z,-0.0021300655727068242
23,0.0555555555555556,0.2222222222222222,0.0,0.0030864197530864196,y,z,x,-2.8773201650925833
23,0.0555555555555556,0.2222222222222222,0.0,0.0030864197530864196,y,z,y,-0.43151526903025467
23,0.0555555555555556,0.2222222222222222,0.0,0.0030864197530864196,y,z,z,0.09056389465364596
23,0.0555555555555556,0.2222222222222222,0.0,0.0030864197530864196,z,x,x,0.6349027468619841
23,0.0555555555555556,0.2222222222222222,0.0,0.0030864197530864196,z,x,y,0.6114421362370626
23,0.0555555555555556,0.2222222222222222,0.0,0.0030864197530864196,z,x,z,-0.5046043652581211
23,0.0555555555555556,0.2222222222222222,0.0,0.0030864197530864196,z,y,x,1.1196836039469038
23,0.0555555555555556,0.2222222222222222,0.0,0.0030864197530864196,z,y,y,0.5958524681873225
23,0.0555555555555556,0.2222222222222222,0.0,0.0030864197530864196,z,y,z,0.4703571275043866
23,0.0555555555555556,0.2222222222222222,0.0,0.0030864197530864196,z,z,x,-1.637734615117931
23,0.0555555555555556,0.2222222222222222,0.0,0.0030864197530864196,z,z,y,-0.4540053483021918
23,0.0555555555555556,0.2222222222222222,0.0,0.0030864197530864196,z,z,z,-0.054180767563951224
24,0.0555555555555556,0.2777777777777778,0.0,0.0030864197530864196,x,x,x,0.1879200186724382
24,0.0555555555555556,0.2777777777777778,0.0,0.0030864197530864196,x,x,y,0.7491317815211678
24,0.0555555555555556,0.2777777777777778,0.0,0.0030864197530864196,x,x,z,-0.6257505181678835
24,0.0555555555555556,0.2777777777777778,0.0,0.0030864197530864196,x,y,x,-3.3539716573201237
24,0.0555555555555556,0.2777777777777778,0.0,0.0030864197530864196,x,y,y,-0.6476377878057028
24,0.0555555555555556,0.2777777777777778,0.0,0.0030864197530864196,x,y,z,0.7803001284646546
24,0.0555555555555556,0.2777777777777778,0.0,0.0030864197530864196,x,z,x,0.2090272617247527
24,0.0555555555555556,0.2777777777777778,0.0,0.0030864197530864196,x,z,y,-0.09517215102256993
24,0.0555555555555556,0.2777777777777778,0.0,0.0030864197530864196,x,z,z,0.255909821922521
24,0.0555555555555556,0.2777777777777778,0.0,0.0030864197530864196,y,x,x,0.776793720284443
24,0.0555555555555556,0.2777777777777778,0.0,0.0030864197530864196,y,x,y,6.141207613711569
24,0.0555555555555556,0.2777777777777778,0.0,0.0030864197530864196,y,x,z,0.7937962368245584
24,0.0555555555555556,0.2777777777777778,0.0,0.0030864197530864196,y,y,x,-4.9094785860224635
24,0.0555555555555556,0.2777777777777778,0.0,0.0030864197530864196,y,y,y,0.07926165980189254
24,0.0555555555555556,0.2777777777777778,0.0,0.0030864197530864196,y,y,z,-0.18142325706317022
24,0.0555555555555556,0.2777777777777778,0.0,0.0030864197530864196,y,z,x,-2.3339108351476887
24,0.0555555555555556,0.2777777777777778,0.0,0.0030864197530864196,y,z,y,0.089555909827751
24,0.0555555555555556,0.2777777777777778,0.0,0.0030864197530864196,y,z,z,0.04048498776981918
24,0.0555555555555556,0.2777777777777778,0.0,0.0030864197530864196,z,x,x,0.47907852213637997
24,0.0555555555555556,0.2777777777777778,0.0,0.0030864197530864196,z,x,y,-2.506835196253389
24,0.0555555555555556,0.2777777777777778,0.0,0.0030864197530864196,z,x,z,-0.7553254857512751
24,0.0555555555555556,0.2777777777777778,0.0,0.0030864197530864196,z,y,x,2.6285415471774267
24,0.0555555555555556,0.2777777777777778,0.0,0.0030864197530864196,z,y,y,0.551081930080492
24,0.0555555555555556,0.2777777777777778,0.0,0.0030864197530864196,z,y,z,0.706178237029195
24,0.0555555555555556,0.2777777777777778,0.0,0.0030864197530864196,z,z,x,-0.22936026772424967
24,0.0555555555555556,0.2777777777777778,0.0,0.0030864197530864196,z,z,y,-0.3754100523290965
24,0.0555555555555556,0.2777777777777778,0.0,0.0030864197530864196,z,z,z,-0.059200792143117846
25,0.0555555555555556,0.3333333333333333,0.0,0.0030864197530864196,x,x,x,1.4109771540330762
25,0.0555555555555556,0.3333333333333333,0.0,0.0030864197530864196,x,x,y,0.3611538213942052
25,0.0555555555555556,0.3333333333333333,0.0,0.0030864197530864196,x,x,z,-0.4564688444436027
25,0.0555555555555556,0.3333333333333333,0.0,0.0030864197530864196,x,y,x,-1.9584442127687334
25,0.0555555555555556,0.3333333333333333,0.0,0.0030864197530864196,x,y,y,-0.5710954164519673
25,0.0555555555555556,0.3333333333333333,0.0,0.0030864197530864196,x,y,z,0.45966479110654845
25,0.0555555555555556,0.3333333333333333,0.0,0.0030864197530864196,x,z,x,0.10890940989590271
25,0.0555555555555556,0.3333333333333333,0.0,0.0030864197530864196,x,z,y,-0.8183996421189439
25,0.0555555555555556,0.3333333333333333,0.0,0.0030864197530864196,x,z,z,0.0737224343519549
25,0.0555555555555556,0.3333333333333333,0.0,0.0030864197530864196,y,x,x,0.29523192619647065
25,0.0555555555555556,0.3333333333333333,0.0,0.0030864197530864196,y,x,y,2.1711911032290776
25,0.0555555555555556,0.3333333333333333,0.0,0.0030864197530864196,y,x,z,0.6811404441188683
25,0.0555555555555556,0.3333333333333333,0.0,0.0030864197530864196,y,y,x,-1.8365601064780204
25,0.0555555555555556,0.3333333333333333,0.0,0.0030864197530864196,y,y,y,0.20156019225076732
25,0.0555555555555556,0.3333333333333333,0.0,0.0030864197530864196,y,y,z,-0.26862018816092004
25,0.0555555555555556,0.3333333333333333,0.0,0.0030864197530864196,y,z,x,-1.4907255297106168
25,0.0555555555555556,0.3333333333333333,0.0,0.0030864197530864196,y,z,y,0.3315811994095819
25,0.0555555555555556,0.3333333333333333,0.0,0.0030864197530864196,y,z,z,0.012751589374526131
25,0.0555555555555556,0.3333333333333333,0.0,0.0030864197530864196,z,x,x,0.331144234099988
25,0.0555555555555556,0.3333333333333333,0.0,0.0030864197530864196,z,x,y,-2.1899165792484547
25,0.0555555555555556,0.3333333333333333,0.0,0.0030864197530864196,z,x,z,-0.8179439044900882
25,0.0555555555555556,0.3333333333333333,0.0,0.0030864197530864196,z,y,x,1.3859269926478845
25,0.0555555555555556,0.3333333333333333,0.0,0.0030864197530864196,z,y,y,0.2722169872252377
25,0.0555555555555556,0.3333333333333333,0.0,0.0030864197530864196,z,y,z,0.6391844703565396
25,0.0555555555555556,0.3333333333333333,0.0,0.0030864197530864196,z,z,x,0.7988320026215467
25,0.0555555555555556,0.3333333333333333,0.0,0.0030864197530864196,z,z,y,-0.3348615554931925
25,0.0555555555555556,0.3333333333333333,0.0,0.0030864197530864196,z,z,z,-0.038155585800901795
26,0.0555555555555556,0.3888888888888889,0.0,0.0030864197530864196,x,x,x,1.4221010080987628
26,0.0555555555555556,0.3888888888888889,0.0,0.0030864197530864196,x,x,y,0.08869475039908511
26,0.0555555555555556,0.3888888888888889,0.0,0.0030864197530864196,x,x,z,-0.2649033620971177
26,0.0555555555555556,0.3888888888888889,0.0,0.0030864197530864196,x,y,x,-0.9040831426010986
26,0.0555555555555556,0.3888888888888889,0.0,0.0030864197530864196,x,y,y,-0.28228041877916227
26,0.0555555555555556,0.3888888888888889,0.0,0.0030864197530864196,x,y,z,0.2679314567695295
26,0.0555555555555556,0.3888888888888889,0.0,0.0030864197530864196,x,z,x,0.03666925706493108
26,0.0555555555555556,0.3888888888888889,0.0,0.0030864197530864196,x,z,y,-0.8787745027820589
26,0.0555555555555556,0.3888888888888889,0.0,0.0030864197530864196,x,z,z,-0.05940450083117692
26,0.0555555555555556,0.3888888888888889,0.0,0.0030864197530864196,y,x,x,0.0821326452124913
26,0.0555555555555556,0.3888888888888889,0.0,0.0030864197530864196,y,x,y,-0.6623775070651392
26,0.0555555555555556,0.3888888888888889,0.0,0.0030864197530864196,y,x,z,0.485415569612564
26,0.0555555555555556,0.3888888888888889,0.0,0.0030864197530864196,y,y,x,0.5287050548074196
26,0.0555555555555556,0.3888888888888889,0.0,0.0030864197530864196,y,y,y,0.13450334852849902
26,0.0555555555555556,0.3888888888888889,0.0,0.0030864197530864196,y,y,z,-0.22151332248585479
26,0.0555555555555556,0.3888888888888889,0.0,0.0030864197530864196,y,z,x,-0.7860925846471246
26,0.0555555555555556,0.3888888888888889,0.0,0.0030864197530864196,y,z,y,0.29934378387917526
26,0.0555555555555556,0.3888888888888889,0.0,0.0030864197530864196,y,z,z,0.009761662296012639
26,0.0555555555555556,0.3888888888888889,0.0,0.0030864197530864196,z,x,x,0.18294116396533414
26,0.0555555555555556,0.3888888888888889,0.0,0.0030864197530864196,z,x,y,-0.8044304261075511
26,0.0555555555555556,0.3888888888888889,0.0,0.0030864197530864196,z,x,z,-0.7314898480510672
26,0.0555555555555556,0.3888888888888889,0.0,0.0030864197530864196,z,y,x,-0.14351342040516465
26,0.0555555555555556,0.3888888888888889,0.0,0.0030864197530864196,z,y,y,0.08324260031325642
26,0.0555555555555556,0.3888888888888889,0.0,0.0030864197530864196,z,y,z,0.41576539590752404
26,0.0555555555555556,0.3888888888888889,0.0,0.0030864197530864196,z,z,x,1.089180890171786
26,0.0555555555555556,0.3888888888888889,0.0,0.0030864197530864196,z,z,y,-0.22323315071932548
26,0.0555555555555556,0.3888888888888889,0.0,0.0030864197530864196,z,z,z,-0.012248448995574404
27,0.0555555555555556,0.4444444444444444,0.0,0.0030864197530864196,x,x,x,1.170252474668791
27,0.0555555555555556,0.4444444444444444,0.0,0.0030864197530864196,x,x,y,-0.004624715117600323
27,0.0555555555555556,0.4444444444444444,0.0,0.0030864197530864196,x,x,z,-0.12780363448057652
27,0.0555555555555556,0.4444444444444444,0.0,0.0030864197530864196,x,y,x,-0.36388553076169095
27,0.0555555555555556,0.4444444444444444,0.0,0.0030864197530864196,x,y,y,-0.10643085877626986
27,0.0555555555555556,0.4444444444444444,0.0,0.0030864197530864196,x,y,z,0.20388204888454248
27,0.0555555555555556,0.4444444444444444,0.0,0.0030864197530864196,x,z,x,0.015092530269708752
27,0.0555555555555556,0.4444444444444444,0.0,0.0030864197530864196,x,z,y,-0.754402343069297
27,0.0555555555555556,0.4444444444444444,0.0,0.0030864197530864196,x,z,z,-0.13650706098579532
27,0.0555555555555556,0.4444444444444444,0.0,0.0030864197530864196,y,x,x,0.007558393688045044
27,0.0555555555555556,0.4444444444444444,0.0,0.0030864197530864196,y,x,y,-1.8957269516839208
27,0.0555555555555556,0.4444444444444444,0.0,0.0030864197530864196,y,x,z,0.32262508954486296
27,0.0555555555555556,0.4444444444444444,0.0,0.0030864197530864196,y,y,x,1.5482068691896447
27,0.0555555555555556,0.4444444444444444,0.0,0.0030864197530864196,y,y,y,0.06437593356982671
27,0.0555555555555556,0.4444444444444444,0.0,0.0030864197530864196,y,y,z,-0.13155087850989033
27,0.0555555555555556,0.4444444444444444,0.0,0.0030864197530864196,y,z,x,-0.37924847897071984
27,0.0555555555555556,0.4444444444444444,0.0,0.0030864197530864196,y,z,y,0.18231120624289798
27,0.0555555555555556,0.4444444444444444,0.0,0.0030864197530864196,y,z,z,0.005771663145191895
27,0.0555555555555556,0.4444444444444444,0.0,0.0030864197530864196,z,x,x,0.07302501879152395
27,0.0555555555555556,0.4444444444444444,0.0,0.0030864197530864196,z,x,y,0.16152953459331965
27,0.0555555555555556,0.4444444444444444,0.0,0.0030864197530864196,z,x,z,-0.6229547721794163
27,0.0555555555555556,0.4444444444444444,0.0,0.0030864197530864196,z,y,x,-1.0728533149838482
27,0.0555555555555556,0.4444444444444444,0.0,0.0030864197530864196,z,y,y,0.01984611026926078
27,0.0555555555555556,0.4444444444444444,0.0,0.0030864197530864196,z,y,z,0.21524818365061243
27,0.0555555555555556,0.4444444444444444,0.0,0.0030864197530864196,z,z,x,1.0911970353837683
27,0.0555555555555556,0.4444444444444444,0.0,0.0030864197530864196,z,z,y,-0.11699880685177234
27,0.0555555555555556,0.4444444444444444,0.0,0.0030864197530864196,z,z,z,0.00013970646312235028
28,0.0555555555555556,0.5,0.0,0.0030864197530864196,x,x,x,1.0269920638745025
28,0.0555555555555556,0.5,0.0,0.0030864197530864196,x,x,y,-0.014724949102155896
28,0.0555555555555556,0.5,0.0,0.0030864197530864196,x,x,z,-0.035514713562016305
28,0.0555555555555556,0.5,0.0,0.0030864197530864196,x,y,x,-0.09940077611281063
28,0.0555555555555556,0.5,0.0,0.0030864197530864196,x,y,y,-0.037390633675193456
28,0.0555555555555556,0.5,0.0,0.0030864197530864196,x,y,z,0.20245185459967444
28,0.0555555555555556,0.5,0.0,0.0030864197530864196,x,z,x,0.008931460867297672
28,0.0555555555555556,0.5,0.0,0.0030864197530864196,x,z,y,-0.6808238360124613
28,0.0555555555555556,0.5,0.0,0.0030864197530864196,x,z,z,-0.16418208654989494
28,0.0555555555555556,0.5,0.0,0.0030864197530864196,y,x,x,-0.005716452011917323
28,0.0555555555555556,0.5,0.0,0.0030864197530864196,y,x,y,-2.2933111652573874
28,0.0555555555555556,0.5,0.0,0.0030864197530864196,y,x,z,0.24286559595292775
28,0.0555555555555556,0.5,0.0,0.0030864197530864196,y,y,x,1.853757693827918
28,0.0555555555555556,0.5,0.0,0.0030864197530864196,y,y,y,0.018584008297294372
28,0.0555555555555556,0.5,0.0,0.0030864197530864196,y,y,z,-0.04653165142255911
28,0.0555555555555556,0.5,0.0,0.0030864197530864196,y,z,x,-0.2204577642671734
28,0.0555555555555556,0.5,0.0,0.0030864197530864196,y,z,y,0.058299960471885896
28,0.0555555555555556,0.5,0.0,0.0030864197530864196,y,z,z,0.0005218082674760835
28,0.0555555555555556,0.5,0.0,0.0030864197530864196,z,x,x,0.0253979392568348
28,0.0555555555555556,0.5,0.0,0.0030864197530864196,z,x,y,0.586001262376225
28,0.0555555555555556,0.5,0.0,0.0030864197530864196,z,x,z,-0.5797212790442301
28,0.0555555555555556,0.5,0.0,0.0030864197530864196,z,y,x,-1.439214162790878
28,0.0555555555555556,0.5,0.0,0.0030864197530864196,z,y,y,0.005348944561334431
28,0.0555555555555556,0.5,0.0,0.0030864197530864196,z,y,z,0.06259667628513764
28,0.0555555555555556,0.5,0.0,0.0030864197530864196,z,z,x,1.0619697123975824
28,0.0555555555555556,0.5,0.0,0.0030864197530864196,z,z,y,-0.034560880610055716
28,0.0555555555555556,0.5,0.0,0.0030864197530864196,z,z,z,0.001217195278783435
29,0.0555555555555556,-0.4444444444444444,0.0,0.0030864197530864196,x,x,x,1.0269922819971138
29,0.0555555555555556,-0.4444444444444444,0.0,0.0030864197530864196,x,x,y,0.014732528391341076
29,0.0555555555555556,-0.4444444444444444,0.0,0.0030864197530864196,x,x,z,0.035512100894988824
29,0.0555555555555556,-0.4444444444444444,0.0,0.0030864197530864196,x,y,x,0.09938747134061343
29,0.0555555555555556,-0.4444444444444444,0.0,0.0030864197530864196,x,y,y,-0.0373907928825234
29,0.0555555555555556,-0.4444444444444444,0.0,0.0030864197530864196,x,y,z,0.20245154492802198
29,0.0555555555555556,-0.4444444444444444,0.0,0.0030864197530864196,x,z,x,-0.008929846474759768
29,0.0555555555555556,-0.4444444444444444,0.0,0.0030864197530864196,x,z,y,-0.6808236040523299
29,0.0555555555555556,-0.4444444444444444,0.0,0.0030864197530864196,x,z,z,-0.16418213746024948
29,0.0555555555555556,-0.4444444444444444,0.0,0.0030864197530864196,y,x,x,0.005718838224421352
29,0.0555555555555556,-0.4444444444444444,0.0,0.0030864197530864196,y,x,y,-2.293312579899672
29,0.0555555555555556,-0.4444444444444444,0.0,0.0030864197530864196,y,x,z,0.2428657817424595
29,0.0555555555555556,-0.4444444444444444,0.0,0.0030864197530864196,y,y,x,1.8537592103665708
29,0.0555555555555556,-0.4444444444444444,0.0,0.0030864197530864196,y,y,y,-0.01858343179008667
29,0.0555555555555556,-0.4444444444444444,0.0,0.0030864197530864196,y,y,z,0.046533334579649366
29,0.0555555555555556,-0.4444444444444444,0.0,0.0030864197530864196,y,z,x,-0.220458019487915
29,0.0555555555555556,-0.4444444444444444,0.0,0.0030864197530864196,y,z,y,-0.05830289612236903
29,0.0555555555555556,-0.4444444444444444,0.0,0.0030864197530864196,y,z,z,-0.0005221604471471989
29,0.0555555555555556,-0.4444444444444444,0.0,0.0030864197530864196,z,x,x,-0.025396961497039364
29,0.0555555555555556,-0.4444444444444444,0.0,0.0030864197530864196,z,x,y,0.5860009955246681
29,0.0555555555555556,-0.4444444444444444,0.0,0.0030864197530864196,z,x,z,-0.5797221597711807
29,0.0555555555555556,-0.4444444444444444,0.0,0.0030864197530864196,z,y,x,-1.4392139737254728
29,0.0555555555555556,-0.4444444444444444,0.0,0.0030864197530864196,z,y,y,-0.0053483524175897655
29,0.0555555555555556,-0.4444444444444444,0.0,0.0030864197530864196,z,y,z,-0.06259363838202892
29,0.0555555555555556,-0.4444444444444444,0.0,0.0030864197530864196,z,z,x,1.0619707732309327
29,0.0555555555555556,-0.4444444444444444,0.0,0.0030864197530864196,z,z,y,0.03455558504092503
29,0.0555555555555556,-0.4444444444444444,0.0,0.0030864197530864196,z,z,z,-0.0012168395954284315
30,0.0555555555555556,-0.3888888888888888,0.0,0.0030864197530864196,x,x,x,1.1702536050191392
30,0.0555555555555556,-0.3888888888888888,0.0,0.0030864197530864196,x,x,y,0.004633191516816484
30,0.0555555555555556,-0.3888888888888888,0.0,0.0030864197530864196,x,x,z,0.1278009477339189
30,0.0555555555555556,-0.3888888888888888,0.0,0.0030864197530864196,x,y,x,0.3638710004443134
30,0.0555555555555556,-0.3888888888888888,0.0,0.0030864197530864196,x,y,y,-0.10643142083476612
30,0.0555555555555556,-0.3888888888888888,0.0,0.0030864197530864196,x,y,z,0.20388119994383294
30,0.0555555555555556,-0.3888888888888888,0.0,0.0030864197530864196,x,z,x,-0.01509068680059596
30,0.0555555555555556,-0.3888888888888888,0.0,0.0030864197530864196,x,z,y,-0.754401836264414
30,0.0555555555555556,-0.3888888888888888,0.0,0.0030864197530864196,x,z,z,-0.13650716961785028
30,0.0555555555555556,-0.3888888888888888,0.0,0.0030864197530864196,y,x,x,-0.007555256441292224
30,0.0555555555555556,-0.3888888888888888,0.0,0.0030864197530864196,y,x,y,-1.8957310852572773
30,0.0555555555555556,-0.3888888888888888,0.0,0.0030864197530864196,y,x,z,0.32262566430071105
30,0.0555555555555556,-0.3888888888888888,0.0,0.0030864197530864196,y,y,x,1.5482113527725716
30,0.0555555555555556,-0.3888888888888888,0.0,0.0030864197530864196,y,y,y,-0.06437568442009911
30,0.0555555555555556,-0.3888888888888888,0.0,0.0030864197530864196,y,y,z,0.13155257156147904
30,0.0555555555555556,-0.3888888888888888,0.0,0.0030864197530864196,y,z,x,-0.3792489103344387
30,0.0555555555555556,-0.3888888888888888,0.0,0.0030864197530864196,y,z,y,-0.18231450200120236
30,0.0555555555555556,-0.3888888888888888,0.0,0.0030864197530864196,y,z,z,-0.005772091363106977
30,0.0555555555555556,-0.3888888888888888,0.0,0.0030864197530864196,z,x,x,-0.07302370091629887
30,0.0555555555555556,-0.3888888888888888,0.0,0.0030864197530864196,z,x,y,0.1615277576839598
30,0.0555555555555556,-0.3888888888888888,0.0,0.0030864197530864196,z,x,z,-0.6229572689236889
30,0.0555555555555556,-0.3888888888888888,0.0,0.0030864197530864196,z,y,x,-1.0728518868333017
30,0.0555555555555556,-0.3888888888888888,0.0,0.0030864197530864196,z,y,y,-0.019845669367375446
30,0.0555555555555556,-0.3888888888888888,0.0,0.0030864197530864196,z,y,z,-0.2152447594568967
30,0.0555555555555556,-0.3888888888888888,0.0,0.0030864197530864196,z,z,x,1.0912003297421564
30,0.0555555555555556,-0.3888888888888888,0.0,0.0030864197530864196,z,z,y,0.11699295103308327
30,0.0555555555555556,-0.3888888888888888,0.0,0.0030864197530864196,z,z,z,-0.00013937737092930685
31,0.0555555555555556,-0.3333333333333334,0.0,0.0030864197530864196,x,x,x,1.4221039705917646
31,0.0555555555555556,-0.3333333333333334,0.0,0.0030864197530864196,x,x,y,-0.08868473187444909
31,0.0555555555555556,-0.3333333333333334,0.0,0.0030864197530864196,x,x,z,0.2649004797550289
31,0.0555555555555556,-0.3333333333333334,0.0,0.0030864197530864196,x,y,x,0.9040672659434736
31,0.0555555555555556,-0.3333333333333334,0.0,0.0030864197530864196,x,y,y,-0.2822822526830452
31,0.0555555555555556,-0.3333333333333334,0.0,0.0030864197530864196,x,y,z,0.2679297014446315
31,0.0555555555555556,-0.3333333333333334,0.0,0.0030864197530864196,x,z,x,-0.0366674881067456
31,0.0555555555555556,-0.3333333333333334,0.0,0.0030864197530864196,x,z,y,-0.8787737907698978
31,0.0555555555555556,-0.3333333333333334,0.0,0.0030864197530864196,x,z,z,-0.05940467935112304
31,0.0555555555555556,-0.3333333333333334,0.0,0.0030864197530864196,y,x,x,-0.08212782821614276
31,0.0555555555555556,-0.3333333333333334,0.0,0.0030864197530864196,y,x,y,-0.662380522297161
31,0.0555555555555556,-0.3333333333333334,0.0,0.0030864197530864196,y,x,z,0.48541772312417
31,0.0555555555555556,-0.3333333333333334,0.0,0.0030864197530864196,y,y,x,0.5287096434201805
31,0.0555555555555556,-0.3333333333333334,0.0,0.0030864197530864196,y,y,y,-0.13450393155050133
31,0.0555555555555556,-0.3333333333333334,0.0,0.0030864197530864196,y,y,z,0.22151517023598136
31,0.0555555555555556,-0.3333333333333334,0.0,0.0030864197530864196,y,z,x,-0.7860948928371871
31,0.0555555555555556,-0.3333333333333334,0.0,0.0030864197530864196,y,z,y,-0.2993477901909941
31,0.0555555555555556,-0.3333333333333334,0.0,0.0030864197530864196,y,z,z,-0.009762139619544082
31,0.0555555555555556,-0.3333333333333334,0.0,0.0030864197530864196,z,x,x,-0.18293865181092234
31,0.0555555555555556,-0.3333333333333334,0.0,0.0030864197530864196,z,x,y,-0.8044375523492727
31,0.0555555555555556,-0.3333333333333334,0.0,0.0030864197530864196,z,x,z,-0.7314948924899729
31,0.0555555555555556,-0.3333333333333334,0.0,0.0030864197530864196,z,y,x,-0.14350713762979886
31,0.0555555555555556,-0.3333333333333334,0.0,0.0030864197530864196,z,y,y,-0.08324314611050185
31,0.0555555555555556,-0.3333333333333334,0.0,0.0030864197530864196,z,y,z,-0.41576162221533447
31,0.0555555555555556,-0.3333333333333334,0.0,0.0030864197530864196,z,z,x,1.08918745828544
31,0.0555555555555556,-0.3333333333333334,0.0,0.0030864197530864196,z,z,y,0.2232264127472344
31,0.0555555555555556,-0.3333333333333334,0.0,0.0030864197530864196,z,z,z,0.012248696323082968
32,0.0555555555555556,-0.2777777777777778,0.0,0.0030864197530864196,x,x,x,1.4109823008116102
32,0.0555555555555556,-0.2777777777777778,0.0,0.0030864197530864196,x,x,y,-0.361143355509807
32,0.0555555555555556,-0.2777777777777778,0.0,0.0030864197530864196,x,x,z,0.45646604642685396
32,0.0555555555555556,-0.2777777777777778,0.0,0.0030864197530864196,x,y,x,1.9584323001588613
32,0.0555555555555556,-0.2777777777777778,0.0,0.0030864197530864196,x,y,y,-0.571100504157231
32,0.0555555555555556,-0.2777777777777778,0.0,0.0030864197530864196,x,y,z,0.4596618705115201
32,0.0555555555555556,-0.2777777777777778,0.0,0.0030864197530864196,x,z,x,-0.10890819198872366
32,0.0555555555555556,-0.2777777777777778,0.0,0.0030864197530864196,x,z,y,-0.8183983939363252
32,0.0555555555555556,-0.2777777777777778,0.0,0.0030864197530864196,x,z,z,0.07372240530251638
32,0.0555555555555556,-0.2777777777777778,0.0,0.0030864197530864196,y,x,x,-0.295225162544836
32,0.0555555555555556,-0.2777777777777778,0.0,0.0030864197530864196,y,x,y,2.17120234921738
32,0.0555555555555556,-0.2777777777777778,0.0,0.0030864197530864196,y,x,z,0.6811459001769897
32,0.0555555555555556,-0.2777777777777778,0.0,0.0030864197530864196,y,y,x,-1.8365644679557378
32,0.0555555555555556,-0.2777777777777778,0.0,0.0030864197530864196,y,y,y,-0.20156203162540065
32,0.0555555555555556,-0.2777777777777778,0.0,0.0030864197530864196,y,y,z,0.2686219686051759
32,0.0555555555555556,-0.2777777777777778,0.0,0.0030864197530864196,y,z,x,-1.4907333632912314
32,0.0555555555555556,-0.2777777777777778,0.0,0.0030864197530864196,y,z,y,-0.33158528176554575
32,0.0555555555555556,-0.2777777777777778,0.0,0.0030864197530864196,y,z,z,-0.012752145033365839
32,0.0555555555555556,-0.2777777777777778,0.0,0.0030864197530864196,z,x,x,-0.33113920822980386
32,0.0555555555555556,-0.2777777777777778,0.0,0.0030864197530864196,z,x,y,-2.1899358030071667
32,0.0555555555555556,-0.2777777777777778,0.0,0.0030864197530864196,z,x,z,-0.8179521978101283
32,0.0555555555555556,-0.2777777777777778,0.0,0.0030864197530864196,z,y,x,1.385946156246133
32,0.0555555555555556,-0.2777777777777778,0.0,0.0030864197530864196,z,y,y,-0.27222130716486564
32,0.0555555555555556,-0.2777777777777778,0.0,0.0030864197530864196,z,y,z,-0.6391811540420895
32,0.0555555555555556,-0.2777777777777778,0.0,0.0030864197530864196,z,z,x,0.7988413302967902
32,0.0555555555555556,-0.2777777777777778,0.0,0.0030864197530864196,z,z,y,0.3348545146416824
32,0.0555555555555556,-0.2777777777777778,0.0,0.0030864197530864196,z,z,z,0.038155666836081105
33,0.0555555555555556,-0.2222222222222222,0.0,0.0030864197530864196,x,x,x,0.18792054211808182
33,0.0555555555555556,-0.2222222222222222,0.0,0.0030864197530864196,x,x,y,-0.7491227332517196
33,0.0555555555555556,-0.2222222222222222,0.0,0.0030864197530864196,x,x,z,0.6257485414090139
33,0.0555555555555556,-0.2222222222222222,0.0,0.0030864197530864196,x,y,x,3.353976100269774
33,0.0555555555555556,-0.2222222222222222,0.0,0.0030864197530864196,x,y,y,-0.647647360575147
33,0.0555555555555556,-0.2222222222222222,0.0,0.0030864197530864196,x,y,z,0.7802966816402389
33,0.0555555555555556,-0.2222222222222222,0.0,0.0030864197530864196,x,z,x,-0.20902591268324316
33,0.0555555555555556,-0.2222222222222222,0.0,0.0030864197530864196,x,z,y,-0.09516748535179037
33,0.0555555555555556,-0.2222222222222222,0.0,0.0030864197530864196,x,z,z,0.25591040440641666
33,0.0555555555555556,-0.2222222222222222,0.0,0.0030864197530864196,y,x,x,-0.7767897498599889
33,0.0555555555555556,-0.2222222222222222,0.0,0.0030864197530864196,y,x,y,6.141258525444359
33,0.0555555555555556,-0.2222222222222222,0.0,0.0030864197530864196,y,x,z,0.7938081385378922
33,0.0555555555555556,-0.2222222222222222,0.0,0.0030864197530864196,y,y,x,-4.9095096707171715
33,0.0555555555555556,-0.2222222222222222,0.0,0.0030864197530864196,y,y,y,-0.07926240479794902
33,0.0555555555555556,-0.2222222222222222,0.0,0.0030864197530864196,y,y,z,0.18142436060585104
33,0.0555555555555556,-0.2222222222222222,0.0,0.0030864197530864196,y,z,x,-2.3339307611517763
33,0.0555555555555556,-0.2222222222222222,0.0,0.0030864197530864196,y,z,y,-0.08955760339905398
33,0.0555555555555556,-0.2222222222222222,0.0,0.0030864197530864196,y,z,z,-0.04048558830358698
33,0.0555555555555556,-0.2222222222222222,0.0,0.0030864197530864196,z,x,x,-0.47906950475345694
33,0.0555555555555556,-0.2222222222222222,0.0,0.0030864197530864196,z,x,y,-2.5068643104608577
33,0.0555555555555556,-0.2222222222222222,0.0,0.0030864197530864196,z,x,z,-0.7553369540512668
33,0.0555555555555556,-0.2222222222222222,0.0,0.0030864197530864196,z,y,x,2.6285789699523243
33,0.0555555555555556,-0.2222222222222222,0.0,0.0030864197530864196,z,y,y,-0.5510958085704413
33,0.0555555555555556,-0.2222222222222222,0.0,0.0030864197530864196,z,y,z,-0.7061771887090973
33,0.0555555555555556,-0.2222222222222222,0.0,0.0030864197530864196,z,z,x,-0.2293539505828485
33,0.0555555555555556,-0.2222222222222222,0.0,0.0030864197530864196,z,z,y,0.3754050586611043
33,0.0555555555555556,-0.2222222222222222,0.0,0.0030864197530864196,z,z,z,0.05920045527433602
34,0.0555555555555556,-0.1666666666666666,0.0,0.0030864197530864196,x,x,x,-2.709540685835403
34,0.0555555555555556,-0.1666666666666666,0.0,0.0030864197530864196,x,x,y,-0.6188215967734106
34,0.0555555555555556,-0.1666666666666666,0.0,0.0030864197530864196,x,x,z,0.566562379822766
34,0.0555555555555556,-0.1666666666666666,0.0,0.0030864197530864196,x,y,x,4.076684895888548
34,0.0555555555555556,-0.1666666666666666,0.0,0.0030864197530864196,x,y,y,0.4419536908129336
34,0.0555555555555556,-0.1666666666666666,0.0,0.0030864197530864196,x,y,z,1.0711911394926652
34,0.0555555555555556,-0.1666666666666666,0.0,0.0030864197530864196,x,z,x,-0.5590785120737987
34,0.0555555555555556,-0.1666666666666666,0.0,0.0030864197530864196,x,z,y,1.3489059202399105
34,0.0555555555555556,-0.1666666666666666,0.0,0.0030864197530864196,x,z,z,0.42559418647809283
34,0.0555555555555556,-0.1666666666666666,0.0,0.0030864197530864196,y,x,x,-1.4183997219380595
34,0.0555555555555556,-0.1666666666666666,0.0,0.0030864197530864196,y,x,y,8.180905515227614
34,0.0555555555555556,-0.1666666666666666,0.0,0.0030864197530864196,y,x,z,0.7890608230649067
34,0.0555555555555556,-0.1666666666666666,0.0,0.0030864197530864196,y,y,x,-5.510852467992247
34,0.0555555555555556,-0.1666666666666666,0.0,0.0030864197530864196,y,y,y,0.5072036132720541
34,0.0555555555555556,-0.1666666666666666,0.0,0.0030864197530864196,y,y,z,0.002130243124235572
34,0.0555555555555556,-0.1666666666666666,0.0,0.0030864197530864196,y,z,x,-2.8773543778893655
34,0.0555555555555556,-0.1666666666666666,0.0,0.0030864197530864196,y,z,y,0.43151911908623214
34,0.0555555555555556,-0.1666666666666666,0.0,0.0030864197530864196,y,z,z,-0.09056430551429254
34,0.0555555555555556,-0.1666666666666666,0.0,0.0030864197530864196,z,x,x,-0.6348925405011947
34,0.0555555555555556,-0.1666666666666666,0.0,0.0030864197530864196,z,x,y,0.6114377573991706
34,0.0555555555555556,-0.1666666666666666,0.0,0.0030864197530864196,z,x,z,-0.5046158830907277
34,0.0555555555555556,-0.1666666666666666,0.0,0.0030864197530864196,z,y,x,1.119718484638033
34,0.0555555555555556,-0.1666666666666666,0.0,0.0030864197530864196,z,y,y,-0.5958784527139475
34,0.0555555555555556,-0.1666666666666666,0.0,0.0030864197530864196,z,y,z,-0.47035896740344585
34,0.0555555555555556,-0.1666666666666666,0.0,0.0030864197530864196,z,z,x,-1.6377410726263713
34,0.0555555555555556,-0.1666666666666666,0.0,0.0030864197530864196,z,z,y,0.4540049830457302
34,0.0555555555555556,-0.1666666666666666,0.0,0.0030864197530864196,z,z,z,0.05418009080991089
35,0.0555555555555556,-0.1111111111111112,0.0,0.0030864197530864196,x,x,x,-7.12491938843281
35,0.0555555555555556,-0.1111111111111112,0.0,0.0030864197530864196,x,x,y,0.7184600487450481
35,0.0555555555555556,-0.1111111111111112,0.0,0.0030864197530864196,x,x,z,0.07780930381339485
35,0.0555555555555556,-0.1111111111111112,0.0,0.0030864197530864196,x,y,x,3.0841929902815606
35,0.0555555555555556,-0.1111111111111112,0.0,0.0030864197530864196,x,y,y,3.1608918003557673
35,0.0555555555555556,-0.1111111111111112,0.0,0.0030864197530864196,x,y,z,1.219923026536081
35,0.0555555555555556,-0.1111111111111112,0.0,0.0030864197530864196,x,z,x,-1.2064359131228695
35,0.0555555555555556,-0.1111111111111112,0.0,0.0030864197530864196,x,z,y,3.503166792179693
35,0.0555555555555556,-0.1111111111111112,0.0,0.0030864197530864196,x,z,z,0.5010874312792086
35,0.0555555555555556,-0.1111111111111112,0.0,0.0030864197530864196,y,x,x,-1.4045772647242112
35,0.0555555555555556,-0.1111111111111112,0.0,0.0030864197530864196,y,x,y,8.365101781939554
35,0.0555555555555556,-0.1111111111111112,0.0,0.0030864197530864196,y,x,z,0.8071890201735326
35,0.0555555555555556,-0.1111111111111112,0.0,0.0030864197530864196,y,y,x,-1.9038768170612266
35,0.0555555555555556,-0.1111111111111112,0.0,0.0030864197530864196,y,y,y,1.7820387927434118
35,0.0555555555555556,-0.1111111111111112,0.0,0.0030864197530864196,y,y,z,0.11800090448875347
35,0.0555555555555556,-0.1111111111111112,0.0,0.0030864197530864196,y,z,x,-3.3396158677898353
35,0.0555555555555556,-0.1111111111111112,0.0,0.0030864197530864196,y,z,y,1.093028953648491
35,0.0555555555555556,-0.1111111111111112,0.0,0.0030864197530864196,y,z,z,-0.14787120146468635
35,0.0555555555555556,-0.1111111111111112,0.0,0.0030864197530864196,z,x,x,-0.8043195595405495
35,0.0555555555555556,-0.1111111111111112,0.0,0.0030864197530864196,z,x,y,7.903341668264662
35,0.0555555555555556,-0.1111111111111112,0.0,0.0030864197530864196,z,x,z,-0.20881448311002085
35,0.0555555555555556,-0.1111111111111112,0.0,0.0030864197530864196,z,y,x,-5.1905676081108005
35,0.0555555555555556,-0.1111111111111112,0.0,0.0030864197530864196,z,y,y,-0.08569275289869607
35,0.0555555555555556,-0.1111111111111112,0.0,0.0030864197530864196,z,y,z,-0.18426733120766706
35,0.0555555555555556,-0.1111111111111112,0.0,0.0030864197530864196,z,z,x,-2.41670153496164
35,0.0555555555555556,-0.1111111111111112,0.0,0.0030864197530864196,z,z,y,0.9926449206233923
35,0.0555555555555556,-0.1111111111111112,0.0,0.0030864197530864196,z,z,z,0.023306328694838327
36,0.0555555555555556,-0.0555555555555556,0.0,0.0030864197530864196,x,x,x,-16.119512506053837
36,0.0555555555555556,-0.0555555555555556,0.0,0.0030864197530864196,x,x,y,5.413899331475416
36,0.0555555555555556,-0.0555555555555556,0.0,0.0030864197530864196,x,x,z,-1.2366259810509928
36,0.0555555555555556,-0.0555555555555556,0.0,0.0030864197530864196,x,y,x,-1.9023519965086084
36,0.0555555555555556,-0.0555555555555556,0.0,0.0030864197530864196,x,y,y,12.086017181093203
36,0.0555555555555556,-0.0555555555555556,0.0,0.0030864197530864196,x,y,z,0.36740903915319695
36,0.0555555555555556,-0.0555555555555556,0.0,0.0030864197530864196,x,z,x,-2.6489053277344485
36,0.0555555555555556,-0.0555555555555556,0.0,0.0030864197530864196,x,z,y,8.953638974160839
36,0.0555555555555556,-0.0555555555555556,0.0,0.0030864197530864196,x,z,z,0.19127135363599584
36,0.0555555555555556,-0.0555555555555556,0.0,0.0030864197530864196,y,x,x,1.7371830308269607
36,0.0555555555555556,-0.0555555555555556,0.0,0.0030864197530864196,y,x,y,14.187089867316057
36,0.0555555555555556,-0.0555555555555556,0.0,0.0030864197530864196,y,x,z,1.0602827082753565
36,0.0555555555555556,-0.0555555555555556,0.0,0.0030864197530864196,y,y,x,9.963589286153042
36,0.0555555555555556,-0.0555555555555556,0.0,0.0030864197530864196,y,y,y,5.248658055160909
36,0.0555555555555556,-0.0555555555555556,0.0,0.0030864197530864196,y,y,z,1.2365361736452904
36,0.0555555555555556,-0.0555555555555556,0.0,0.0030864197530864196,y,z,x,-5.894785997996685
36,0.0555555555555556,-0.0555555555555556,0.0,0.0030864197530864196,y,z,y,2.648924273838279
36,0.0555555555555556,-0.0555555555555556,0.0,0.0030864197530864196,y,z,z,-0.3313086530492093
36,0.0555555555555556,-0.0555555555555556,0.0,0.0030864197530864196,z,x,x,-0.5757684676172835
36,0.0555555555555556,-0.0555555555555556,0.0,0.0030864197530864196,z,x,y,26.120332351531015
36,0.0555555555555556,-0.0555555555555556,0.0,0.0030864197530864196,z,x,z,0.1416388005657768
36,0.0555555555555556,-0.0555555555555556,0.0,0.0030864197530864196,z,y,x,-25.45551363344467
36,0.0555555555555556,-0.0555555555555556,0.0,0.0030864197530864196,z,y,y,0.5757520620783231
36,0.0555555555555556,-0.0555555555555556,0.0,0.0030864197530864196,z,y,z,-0.24500381451791267
36,0.0555555555555556,-0.0555555555555556,0.0,0.0030864197530864196,z,z,x,-1.9429523676149871
36,0.0555555555555556,-0.0555555555555556,0.0,0.0030864197530864196,z,z,y,3.3649738422947206
36,0.0555555555555556,-0.0555555555555556,0.0,0.0030864197530864196,z,z,z,3.482941820356197e-05
37,0.1111111111111111,0.0,0.0,0.0030864197530864196,x,x,x,-6.40091440083066
37,0.1111111111111111,0.0,0.0,0.0030864197530864196,x,x,y,12.535152519765914
37,0.1111111111111111,0.0,0.0,0.0030864197530864196,x,x,z,-2.447041965125469
37,0.1111111111111111,0.0,0.0,0.0030864197530864196,x,y,x,-9.29885867269507
37,0.1111111111111111,0.0,0.0,0.0030864197530864196,x,y,y,13.469134149563788
37,0.1111111111111111,0.0,0.0,0.0030864197530864196,x,y,z,-2.908250529402745
37,0.1111111111111111,0.0,0.0,0.0030864197530864196,x,z,x,-0.4591884161938929
37,0.1111111111111111,0.0,0.0,0.0030864197530864196,x,z,y,7.166866241515797
37,0.1111111111111111,0.0,0.0,0.0030864197530864196,x,z,z,-0.6128041601671076
37,0.1111111111111111,0.0,0.0,0.0030864197530864196,y,x,x,4.503108845912282
37,0.1111111111111111,0.0,0.0,0.0030864197530864196,y,x,y,5.500605383467771
37,0.1111111111111111,0.0,0.0,0.0030864197530864196,y,x,z,0.08265266204448488
37,0.1111111111111111,0.0,0.0,0.0030864197530864196,y,y,x,18.10625919002081
37,0.1111111111111111,0.0,0.0,0.0030864197530864196,y,y,y,7.7393913870866795
37,0.1111111111111111,0.0,0.0,0.0030864197530864196,y,y,z,2.447064653075617
37,0.1111111111111111,0.0,0.0,0.0030864197530864196,y,z,x,-7.697131238413711
37,0.1111111111111111,0.0,0.0,0.0030864197530864196,y,z,y,0.45914123955965974
37,0.1111111111111111,0.0,0.0,0.0030864197530864196,y,z,z,-1.061403118402536
37,0.1111111111111111,0.0,0.0,0.0030864197530864196,z,x,x,-2.5303640616728935
37,0.1111111111111111,0.0,0.0,0.0030864197530864196,z,x,y,18.773944857191434
37,0.1111111111111111,0.0,0.0,0.0030864197530864196,z,x,z,0.030595502593275207
37,0.1111111111111111,0.0,0.0,0.0030864197530864196,z,y,x,-21.695851622594436
37,0.1111111111111111,0.0,0.0,0.0030864197530864196,z,y,y,2.5303825905596073
37,0.1111111111111111,0.0,0.0,0.0030864197530864196,z,y,z,0.052998363501918
37,0.1111111111111111,0.0,0.0,0.0030864197530864196,z,z,x,3.4575230726717345
37,0.1111111111111111,0.0,0.0,0.0030864197530864196,z,z,y,5.988586277613323
37,0.1111111111111111,0.0,0.0,0.0030864197530864196,z,z,z,-6.778746561449805e-06
38,0.1111111111111111,0.0555555555555556,0.0,0.0030864197530864196,x,x,x,-7.02821818892061
38,0.1111111111111111,0.0555555555555556,0.0,0.0030864197530864196,x,x,y,7.722987346943112e-05
38,0.1111111111111111,0.0555555555555556,0.0,0.0030864197530864196,x,x,z,1.5435013615862334e-05
38,0.1111111111111111,0.0555555555555556,0.0,0.0030864197530864196,x,y,x,1.362013253307456e-05
38,0.1111111111111111,0.0555555555555556,0.0,0.0030864197530864196,x,y,y,15.094670272845349
38,0.1111111111111111,0.0555555555555556,0.0,0.0030864197530864196,x,y,z,-1.7743088988529527
38,0.1111111111111111,0.0555555555555556,0.0,0.0030864197530864196,x,z,x,-2.807706750479497e-05
38,0.1111111111111111,0.0555555555555556,0.0,0.0030864197530864196,x,z,y,4.36540859739149
38,0.1111111111111111,0.0555555555555556,0.0,0.0030864197530864196,x,z,z,-0.382546111135007
38,0.1111111111111111,0.0555555555555556,0.0,0.0030864197530864196,y,x,x,-2.1749573128576327e-05
38,0.1111111111111111,0.0555555555555556,0.0,0.0030864197530864196,y,x,y,10.892342196932557
38,0.1111111111111111,0.0555555555555556,0.0,0.0030864197530864196,y,x,z,-1.0814083994848387
38,0.1111111111111111,0.0555555555555556,0.0,0.0030864197530864196,y,y,x,19.339963427669893
38,0.1111111111111111,0.0555555555555556,0.0,0.0030864197530864196,y,y,y,2.5099171104625373e-05
38,0.1111111111111111,0.0555555555555556,0.0,0.0030864197530864196,y,y,z,-1.5047202679588689e-05
38,0.1111111111111111,0.0555555555555556,0.0,0.0030864197530864196,y,z,x,-10.482797302335559
38,0.1111111111111111,0.0555555555555556,0.0,0.0030864197530864196,y,z,y,-2.3504788692469322e-06
38,0.1111111111111111,0.0555555555555556,0.0,0.0030864197530864196,y,z,z,4.061535492092537e-06
38,0.1111111111111111,0.0555555555555556,0.0,0.0030864197530864196,z,x,x,4.634021402875143e-05
38,0.1111111111111111,0.0555555555555556,0.0,0.0030864197530864196,z,x,y,25.122500734460836
38,0.1111111111111111,0.0555555555555556,0.0,0.0030864197530864196,z,x,z,-0.28297493037043625
38,0.1111111111111111,0.0555555555555556,0.0,0.0030864197530864196,z,y,x,-26.452288717338444
38,0.1111111111111111,0.0555555555555556,0.0,0.0030864197530864196,z,y,y,-2.5683598698136502e-05
38,0.1111111111111111,0.0555555555555556,0.0,0.0030864197530864196,z,y,z,-6.019741729762225e-06
38,0.1111111111111111,0.0555555555555556,0.0,0.0030864197530864196,z,z,x,3.8855743309371444
38,0.1111111111111111,0.0555555555555556,0.0,0.0030864197530864196,z,z,y,-1.382896265326658e-05
38,0.1111111111111111,0.0555555555555556,0.0,0.0030864197530864196,z,z,z,8.967153677077449e-07
39,0.1111111111111111,0.1111111111111111,0.0,0.0030864197530864196,x,x,x,-6.400860626891354
39,0.1111111111111111,0.1111111111111111,0.0,0.0030864197530864196,x,x,y,-12.534988983936852
39,0.1111111111111111,0.1111111111111111,0.0,0.0030864197530864196,x,x,z,2.4470479627291586
39,0.1111111111111111,0.1111111111111111,0.0,0.0030864197530864196,x,y,x,9.298759760644511
39,0.1111111111111111,0.1111111111111111,0.0,0.0030864197530864196,x,y,y,13.46904477195375
39,0.1111111111111111,0.1111111111111111,0.0,0.0030864197530864196,x,y,z,-2.908249357462563
39,0.1111111111111111,0.1111111111111111,0.0,0.0030864197530864196,x,z,x,0.45915532603505693
39,0.1111111111111111,0.1111111111111111,0.0,0.0030864197530864196,x,z,y,7.166840019192731
39,0.1111111111111111,0.1111111111111111,0.0,0.0030864197530864196,x,z,z,-0.6128051604346162
39,0.1111111111111111,0.1111111111111111,0.0,0.0030864197530864196,y,x,x,-4.5030787950344715
39,0.1111111111111111,0.1111111111111111,0.0,0.0030864197530864196,y,x,y,5.500548591143087
39,0.1111111111111111,0.1111111111111111,0.0,0.0030864197530864196,y,x,z,0.08265499669573434
39,0.1111111111111111,0.1111111111111111,0.0,0.0030864197530864196,y,y,x,18.106200754714784
39,0.1111111111111111,0.1111111111111111,0.0,0.0030864197530864196,y,y,y,-7.7393292329848595
39,0.1111111111111111,0.1111111111111111,0.0,0.0030864197530864196,y,y,z,-2.447067133270814
39,0.1111111111111111,0.1111111111111111,0.0,0.0030864197530864196,y,z,x,-7.697052741865786
39,0.1111111111111111,0.1111111111111111,0.0,0.0030864197530864196,y,z,y,-0.4591470853896496
39,0.1111111111111111,0.1111111111111111,0.0,0.0030864197530864196,y,z,z,1.0614025027387324
39,0.1111111111111111,0.1111111111111111,0.0,0.0030864197530864196,z,x,x,2.5303969977764025
39,0.1111111111111111,0.1111111111111111,0.0,0.0030864197530864196,z,x,y,18.773868311135875
39,0.1111111111111111,0.1111111111111111,0.0,0.0030864197530864196,z,x,z,0.0305869151397534
39,0.1111111111111111,0.1111111111111111,0.0,0.0030864197530864196,z,y,x,-21.695713987306263
39,0.1111111111111111,0.1111111111111111,0.0,0.0030864197530864196,z,y,y,-2.530410937837893
39,0.1111111111111111,0.1111111111111111,0.0,0.0030864197530864196,z,y,z,-0.05300034534085284
39,0.1111111111111111,0.1111111111111111,0.0,0.0030864197530864196,z,z,x,3.4575178042217583
39,0.1111111111111111,0.1111111111111111,0.0,0.0030864197530864196,z,z,y,-5.988580065049535
39,0.1111111111111111,0.1111111111111111,0.0,0.0030864197530864196,z,z,z,6.876864943463737e-06
40,0.1111111111111111,0.1666666666666667,0.0,0.0030864197530864196,x,x,x,-4.394315211927522
40,0.1111111111111111,0.1666666666666667,0.0,0.0030864197530864196,x,x,y,-5.402893790662393
40,0.1111111111111111,0.1666666666666667,0.0,0.0030864197530864196,x,x,z,0.9857553811655007
40,0.1111111111111111,0.1666666666666667,0.0,0.0030864197530864196,x,y,x,2.3075450378343745
40,0.1111111111111111,0.1666666666666667,0.0,0.0030864197530864196,x,y,y,6.049387602869607
40,0.1111111111111111,0.1666666666666667,0.0,0.0030864197530864196,x,y,z,-0.2830778708930276
40,0.1111111111111111,0.1666666666666667,0.0,0.0030864197530864196,x,z,x,0.5889335755880559
40,0.1111111111111111,0.1666666666666667,0.0,0.0030864197530864196,x,z,y,4.3762369318792755
40,0.1111111111111111,0.1666666666666667,0.0,0.0030864197530864196,x,z,z,-0.12249048865997358
40,0.1111111111111111,0.1666666666666667,0.0,0.0030864197530864196,y,x,x,0.044892865213644134
40,0.1111111111111111,0.1666666666666667,0.0,0.0030864197530864196,y,x,y,-0.44013447160179997
40,0.1111111111111111,0.1666666666666667,0.0,0.0030864197530864196,y,x,z,-0.6957161842380098
40,0.1111111111111111,0.1666666666666667,0.0,0.0030864197530864196,y,y,x,6.7432386882362
40,0.1111111111111111,0.1666666666666667,0.0,0.0030864197530864196,y,y,y,-3.66644882869947
40,0.1111111111111111,0.1666666666666667,0.0,0.0030864197530864196,y,y,z,-0.7899589004031727
40,0.1111111111111111,0.1666666666666667,0.0,0.0030864197530864196,y,z,x,-2.4665732871217823
40,0.1111111111111111,0.1666666666666667,0.0,0.0030864197530864196,y,z,y,-0.7023274864807155
40,0.1111111111111111,0.1666666666666667,0.0,0.0030864197530864196,y,z,z,0.507885698289098
40,0.1111111111111111,0.1666666666666667,0.0,0.0030864197530864196,z,x,x,0.9092907709726173
40,0.1111111111111111,0.1666666666666667,0.0,0.0030864197530864196,z,x,y,6.1798304659169965
40,0.1111111111111111,0.1666666666666667,0.0,0.0030864197530864196,z,x,z,0.26405927973683674
40,0.1111111111111111,0.1666666666666667,0.0,0.0030864197530864196,z,y,x,-6.913827848018062
40,0.1111111111111111,0.1666666666666667,0.0,0.0030864197530864196,z,y,y,-1.7993163317293002
40,0.1111111111111111,0.1666666666666667,0.0,0.0030864197530864196,z,y,z,-0.08880311407230625
40,0.1111111111111111,0.1666666666666667,0.0,0.0030864197530864196,z,z,x,0.3486358800698993
40,0.1111111111111111,0.1666666666666667,0.0,0.0030864197530864196,z,z,y,-2.589141715001025
40,0.1111111111111111,0.1666666666666667,0.0,0.0030864197530864196,z,z,z,0.02329643844908307
41,0.1111111111111111,0.2222222222222222,0.0,0.0030864197530864196,x,x,x,-1.9056719958537325
41,0.1111111111111111,0.2222222222222222,0.0,0.0030864197530864196,x,x,y,-0.6150976146322062
41,0.1111111111111111,0.2222222222222222,0.0,0.0030864197530864196,x,x,z,-0.07986890179923467
41,0.1111111111111111,0.2222222222222222,0.0,0.0030864197530864196,x,y,x,-1.3526539974308942
41,0.1111111111111111,0.2222222222222222,0.0,0.0030864197530864196,x,y,y,1.917038319180357
41,0.1111111111111111,0.2222222222222222,0.0,0.0030864197530864196,x,y,z,0.8859177433395345
41,0.1111111111111111,0.2222222222222222,0.0,0.0030864197530864196,x,z,x,0.41385533272083497
41,0.1111111111111111,0.2222222222222222,0.0,0.0030864197530864196,x,z,y,1.1907651902819396
41,0.1111111111111111,0.2222222222222222,0.0,0.0030864197530864196,x,z,z,0.12417655265051711
41,0.1111111111111111,0.2222222222222222,0.0,0.0030864197530864196,y,x,x,0.9937147952312334
41,0.1111111111111111,0.2222222222222222,0.0,0.0030864197530864196,y,x,y,0.5623599840510226
41,0.1111111111111111,0.2222222222222222,0.0,0.0030864197530864196,y,x,z,-0.9781332049479693
41,0.1111111111111111,0.2222222222222222,0.0,0.0030864197530864196,y,y,x,0.9881657340289394
41,0.1111111111111111,0.2222222222222222,0.0,0.0030864197530864196,y,y,y,-0.9740329281981154
41,0.1111111111111111,0.2222222222222222,0.0,0.0030864197530864196,y,y,z,0.07986758396494587
41,0.1111111111111111,0.2222222222222222,0.0,0.0030864197530864196,y,z,x,-0.7128990234848208
41,0.1111111111111111,0.2222222222222222,0.0,0.0030864197530864196,y,z,y,-0.41384795544954245
41,0.1111111111111111,0.2222222222222222,0.0,0.0030864197530864196,y,z,z,0.21508060712025684
41,0.1111111111111111,0.2222222222222222,0.0,0.0030864197530864196,z,x,x,0.20113794983468064
41,0.1111111111111111,0.2222222222222222,0.0,0.0030864197530864196,z,x,y,1.30762324480725
41,0.1111111111111111,0.2222222222222222,0.0,0.0030864197530864196,z,x,z,0.08894079082210957
41,0.1111111111111111,0.2222222222222222,0.0,0.0030864197530864196,z,y,x,-1.0753795846275012
41,0.1111111111111111,0.2222222222222222,0.0,0.0030864197530864196,z,y,y,-0.20114680107217553
41,0.1111111111111111,0.2222222222222222,0.0,0.0030864197530864196,z,y,z,0.15406197540937594
41,0.1111111111111111,0.2222222222222222,0.0,0.0030864197530864196,z,z,x,-0.3414771717547445
41,0.1111111111111111,0.2222222222222222,0.0,0.0030864197530864196,z,z,y,-0.5914671749628618
41,0.1111111111111111,0.2222222222222222,0.0,0.0030864197530864196,z,z,z,6.004359577470203e-07
42,0.1111111111111111,0.2777777777777778,0.0,0.0030864197530864196,x,x,x,-0.4316963905892306
42,0.1111111111111111,0.2777777777777778,0.0,0.0030864197530864196,x,x,y,0.6163194652336571
42,0.1111111111111111,0.2777777777777778,0.0,0.0030864197530864196,x,x,z,-0.3649065325397685
42,0.1111111111111111,0.2777777777777778,0.0,0.0030864197530864196,x,y,x,-1.9223553034500607
42,0.1111111111111111,0.2777777777777778,0.0,0.0030864197530864196,x,y,y,0.3115638639491498
42,0.1111111111111111,0.2777777777777778,0.0,0.0030864197530864196,x,y,z,0.9623331124361902
42,0.1111111111111111,0.2777777777777778,0.0,0.0030864197530864196,x,z,x,0.16251588746036835
42,0.1111111111111111,0.2777777777777778,0.0,0.0030864197530864196,x,z,y,-0.16502578920230843
42,0.1111111111111111,0.2777777777777778,0.0,0.0030864197530864196,x,z,z,0.12887099474835245
42,0.1111111111111111,0.2777777777777778,0.0,0.0030864197530864196,y,x,x,0.6265388848024729
42,0.1111111111111111,0.2777777777777778,0.0,0.0030864197530864196,y,x,y,1.0675548969639912
42,0.1111111111111111,0.2777777777777778,0.0,0.0030864197530864196,y,x,z,-0.8805927006884933
42,0.1111111111111111,0.2777777777777778,0.0,0.0030864197530864196,y,y,x,-0.38330651873604266
42,0.1111111111111111,0.2777777777777778,0.0,0.0030864197530864196,y,y,y,-0.059164383016127656
42,0.1111111111111111,0.2777777777777778,0.0,0.0030864197530864196,y,y,z,0.08687056171736668
42,0.1111111111111111,0.2777777777777778,0.0,0.0030864197530864196,y,z,x,-0.16388442766534225
42,0.1111111111111111,0.2777777777777778,0.0,0.0030864197530864196,y,z,y,-0.08051379239184334
42,0.1111111111111111,0.2777777777777778,0.0,0.0030864197530864196,y,z,z,0.10358592919640272
42,0.1111111111111111,0.2777777777777778,0.0,0.0030864197530864196,z,x,x,0.1327122235040126
42,0.1111111111111111,0.2777777777777778,0.0,0.0030864197530864196,z,x,y,-0.35352921291374034
42,0.1111111111111111,0.2777777777777778,0.0,0.0030864197530864196,z,x,z,-0.0010411889083065287
42,0.1111111111111111,0.2777777777777778,0.0,0.0030864197530864196,z,y,x,0.3080846749752128
42,0.1111111111111111,0.2777777777777778,0.0,0.0030864197530864196,z,y,y,0.2694626465546469
42,0.1111111111111111,0.2777777777777778,0.0,0.0030864197530864196,z,y,z,0.503632126277812
42,0.1111111111111111,0.2777777777777778,0.0,0.0030864197530864196,z,z,x,-0.1656639464212777
42,0.1111111111111111,0.2777777777777778,0.0,0.0030864197530864196,z,z,y,-0.26893774129746584
42,0.1111111111111111,0.2777777777777778,0.0,0.0030864197530864196,z,z,z,-0.03230358216029798
43,0.1111111111111111,0.3333333333333333,0.0,0.0030864197530864196,x,x,x,0.3754012369195294
43,0.1111111111111111,0.3333333333333333,0.0,0.0030864197530864196,x,x,y,0.6196097895724851
43,0.1111111111111111,0.3333333333333333,0.0,0.0030864197530864196,x,x,z,-0.37359093105949603
43,0.1111111111111111,0.3333333333333333,0.0,0.0030864197530864196,x,y,x,-1.4823521744279127
43,0.1111111111111111,0.3333333333333333,0.0,0.0030864197530864196,x,y,y,-0.20567641479992024
43,0.1111111111111111,0.3333333333333333,0.0,0.0030864197530864196,x,y,z,0.7726743116864709
43,0.1111111111111111,0.3333333333333333,0.0,0.0030864197530864196,x,z,x,0.028017231759521956
43,0.1111111111111111,0.3333333333333333,0.0,0.0030864197530864196,x,z,y,-0.7665198158383251
43,0.1111111111111111,0.3333333333333333,0.0,0.0030864197530864196,x,z,z,0.07905114322408416
43,0.1111111111111111,0.3333333333333333,0.0,0.0030864197530864196,y,x,x,0.24127450472756912
43,0.1111111111111111,0.3333333333333333,0.0,0.0030864197530864196,y,x,y,0.5016003277221389
43,0.1111111111111111,0.3333333333333333,0.0,0.0030864197530864196,y,x,z,-0.6541038270050022
43,0.1111111111111111,0.3333333333333333,0.0,0.0030864197530864196,y,y,x,-0.18714678588044437
43,0.1111111111111111,0.3333333333333333,0.0,0.0030864197530864196,y,y,y,0.22723281461234543
43,0.1111111111111111,0.3333333333333333,0.0,0.0030864197530864196,y,y,z,-0.0713383295223349
43,0.1111111111111111,0.3333333333333333,0.0,0.0030864197530864196,y,z,x,0.028395966357779853
43,0.1111111111111111,0.3333333333333333,0.0,0.0030864197530864196,y,z,y,0.1987871995988682
43,0.1111111111111111,0.3333333333333333,0.0,0.0030864197530864196,y,z,z,0.03714463691028183
43,0.1111111111111111,0.3333333333333333,0.0,0.0030864197530864196,z,x,x,0.1656615664000971
43,0.1111111111111111,0.3333333333333333,0.0,0.0030864197530864196,z,x,y,-0.7142739461678345
43,0.1111111111111111,0.3333333333333333,0.0,0.0030864197530864196,z,x,z,-0.028519273655776185
43,0.1111111111111111,0.3333333333333333,0.0,0.0030864197530864196,z,y,x,0.2989486672371543
43,0.1111111111111111,0.3333333333333333,0.0,0.0030864197530864196,z,y,y,0.2643537867644202
43,0.1111111111111111,0.3333333333333333,0.0,0.0030864197530864196,z,y,z,0.6793864482083752
43,0.1111111111111111,0.3333333333333333,0.0,0.0030864197530864196,z,z,x,0.11068973139782215
43,0.1111111111111111,0.3333333333333333,0.0,0.0030864197530864196,z,z,y,-0.34508569245476717
43,0.1111111111111111,0.3333333333333333,0.0,0.0030864197530864196,z,z,z,-0.03949164006160517
44,0.1111111111111111,0.3888888888888889,0.0,0.0030864197530864196,x,x,x,0.6682991343085729
44,0.1111111111111111,0.3888888888888889,0.0,0.0030864197530864196,x,x,y,0.3219277572505275
44,0.1111111111111111,0.3888888888888889,0.0,0.0030864197530864196,x,x,z,-0.2815069408802501
44,0.1111111111111111,0.3888888888888889,0.0,0.0030864197530864196,x,y,x,-0.8760375526798991
44,0.1111111111111111,0.3888888888888889,0.0,0.0030864197530864196,x,y,y,-0.2226087227914772
44,0.1111111111111111,0.3888888888888889,0.0,0.0030864197530864196,x,y,z,0.5074835791398193
44,0.1111111111111111,0.3888888888888889,0.0,0.0030864197530864196,x,z,x,0.010221219011910487
44,0.1111111111111111,0.3888888888888889,0.0,0.0030864197530864196,x,z,y,-0.9246235270456286
44,0.1111111111111111,0.3888888888888889,0.0,0.0030864197530864196,x,z,z,0.014467410771651555
44,0.1111111111111111,0.3888888888888889,0.0,0.0030864197530864196,y,x,x,0.068369007829711
44,0.1111111111111111,0.3888888888888889,0.0,0.0030864197530864196,y,x,y,-0.38201014074057044
44,0.1111111111111111,0.3888888888888889,0.0,0.0030864197530864196,y,x,z,-0.4521190748876704
44,0.1111111111111111,0.3888888888888889,0.0,0.0030864197530864196,y,y,x,0.4613125599170979
44,0.1111111111111111,0.3888888888888889,0.0,0.0030864197530864196,y,y,y,0.210803950785901
44,0.1111111111111111,0.3888888888888889,0.0,0.0030864197530864196,y,y,z,-0.1480280207474699
44,0.1111111111111111,0.3888888888888889,0.0,0.0030864197530864196,y,z,x,0.10996445185112635
44,0.1111111111111111,0.3888888888888889,0.0,0.0030864197530864196,y,z,y,0.3018817517623669
44,0.1111111111111111,0.3888888888888889,0.0,0.0030864197530864196,y,z,z,0.019958051366501927
44,0.1111111111111111,0.3888888888888889,0.0,0.0030864197530864196,z,x,x,0.15141539098574833
44,0.1111111111111111,0.3888888888888889,0.0,0.0030864197530864196,z,x,y,-0.33646121729832024
44,0.1111111111111111,0.3888888888888889,0.0,0.0030864197530864196,z,x,z,-0.0048633774176316735
44,0.1111111111111111,0.3888888888888889,0.0,0.0030864197530864196,z,y,x,-0.2336982930814763
44,0.1111111111111111,0.3888888888888889,0.0,0.0030864197530864196,z,y,y,0.1622533411035999
44,0.1111111111111111,0.3888888888888889,0.0,0.0030864197530864196,z,y,z,0.5979380522426239
44,0.1111111111111111,0.3888888888888889,0.0,0.0030864197530864196,z,z,x,0.2905806922084866
44,0.1111111111111111,0.3888888888888889,0.0,0.0030864197530864196,z,z,y,-0.3126446704107403
44,0.1111111111111111,0.3888888888888889,0.0,0.0030864197530864196,z,z,z,-0.02122714258621626
45,0.1111111111111111,0.4444444444444444,0.0,0.0030864197530864196,x,x,x,0.7007615562904926
45,0.1111111111111111,0.4444444444444444,0.0,0.0030864197530864196,x,x,y,0.09892182179541689
45,0.1111111111111111,0.4444444444444444,0.0,0.0030864197530864196,x,x,z,-0.15856002824435939
45,0.1111111111111111,0.4444444444444444,0.0,0.0030864197530864196,x,y,x,-0.4260209076704539
45,0.1111111111111111,0.4444444444444444,0.0,0.0030864197530864196,x,y,y,-0.13122368669353635
45,0.1111111111111111,0.4444444444444444,0.0,0.0030864197530864196,x,y,z,0.33569421600981963
45,0.1111111111111111,0.4444444444444444,0.0,0.0030864197530864196,x,z,x,0.021864590679173884
45,0.1111111111111111,0.4444444444444444,0.0,0.0030864197530864196,x,z,y,-0.8559130358142121
45,0.1111111111111111,0.4444444444444444,0.0,0.0030864197530864196,x,z,z,-0.047125775633150034
45,0.1111111111111111,0.4444444444444444,0.0,0.0030864197530864196,y,x,x,0.010059830501911705
45,0.1111111111111111,0.4444444444444444,0.0,0.0030864197530864196,y,x,y,-0.951239624668168
45,0.1111111111111111,0.4444444444444444,0.0,0.0030864197530864196,y,x,z,-0.29615693837278684
45,0.1111111111111111,0.4444444444444444,0.0,0.0030864197530864196,y,y,x,0.8771186943958252
45,0.1111111111111111,0.4444444444444444,0.0,0.0030864197530864196,y,y,y,0.1275812605033221
45,0.1111111111111111,0.4444444444444444,0.0,0.0030864197530864196,y,y,z,-0.13954771295071206
45,0.1111111111111111,0.4444444444444444,0.0,0.0030864197530864196,y,z,x,0.15343353119197417
45,0.1111111111111111,0.4444444444444444,0.0,0.0030864197530864196,y,z,y,0.2501303273592528
45,0.1111111111111111,0.4444444444444444,0.0,0.0030864197530864196,y,z,z,0.017920119165080038
45,0.1111111111111111,0.4444444444444444,0.0,0.0030864197530864196,z,x,x,0.0832656090750476
45,0.1111111111111111,0.4444444444444444,0.0,0.0030864197530864196,z,x,y,0.10460943373708939
45,0.1111111111111111,0.4444444444444444,0.0,0.0030864197530864196,z,x,z,0.04383967537335184
45,0.1111111111111111,0.4444444444444444,0.0,0.0030864197530864196,z,y,x,-0.6703236937148859
45,0.1111111111111111,0.4444444444444444,0.0,0.0030864197530864196,z,y,y,0.07173070365089539
45,0.1111111111111111,0.4444444444444444,0.0,0.0030864197530864196,z,y,z,0.3863905906510279
45,0.1111111111111111,0.4444444444444444,0.0,0.0030864197530864196,z,z,x,0.33182437205568
45,0.1111111111111111,0.4444444444444444,0.0,0.0030864197530864196,z,z,y,-0.21638576046376884
45,0.1111111111111111,0.4444444444444444,0.0,0.0030864197530864196,z,z,z,-0.008520515341006823
46,0.1111111111111111,0.5,0.0,0.0030864197530864196,x,x,x,0.6686404974382272
46,0.1111111111111111,0.5,0.0,0.0030864197530864196,x,x,y,0.012252350062675457
46,0.1111111111111111,0.5,0.0,0.0030864197530864196,x,x,z,-0.07355803423815759
46,0.1111111111111111,0.5,0.0,0.0030864197530864196,x,y,x,-0.168276391259895
46,0.1111111111111111,0.5,0.0,0.0030864197530864196,x,y,y,-0.06381778228717697
46,0.1111111111111111,0.5,0.0,0.0030864197530864196,x,y,z,0.26024197187544873
46,0.1111111111111111,0.5,0.0,0.0030864197530864196,x,z,x,0.011797311380656005
46,0.1111111111111111,0.5,0.0,0.0030864197530864196,x,z,y,-0.7544494908798207
46,0.1111111111111111,0.5,0.0,0.0030864197530864196,x,z,z,-0.08699689192678808
46,0.1111111111111111,0.5,0.0,0.0030864197530864196,y,x,x,-0.012194729019541599
46,0.1111111111111111,0.5,0.0,0.0030864197530864196,y,x,y,-1.1687044440324907
46,0.1111111111111111,0.5,0.0,0.0030864197530864196,y,x,z,-0.22009694734189955
46,0.1111111111111111,0.5,0.0,0.0030864197530864196,y,y,x,1.0197072640370657
46,0.1111111111111111,0.5,0.0,0.0030864197530864196,y,y,y,0.05182464881123069
46,0.1111111111111111,0.5,0.0,0.0030864197530864196,y,y,z,-0.08599970087067095
46,0.1111111111111111,0.5,0.0,0.0030864197530864196,y,z,x,0.16930707430255437
46,0.1111111111111111,0.5,0.0,0.0030864197530864196,y,z,y,0.13084580756437642
46,0.1111111111111111,0.5,0.0,0.0030864197530864196,y,z,z,0.0037640572392618546
46,0.1111111111111111,0.5,0.0,0.0030864197530864196,z,x,x,0.04235163585237185
46,0.1111111111111111,0.5,0.0,0.0030864197530864196,z,x,y,0.3554035436708376
46,0.1111111111111111,0.5,0.0,0.0030864197530864196,z,x,z,0.06118175389551767
46,0.1111111111111111,0.5,0.0,0.0030864197530864196,z,y,x,-0.9055766970162205
46,0.1111111111111111,0.5,0.0,0.0030864197530864196,z,y,y,0.02993179190109311
46,0.1111111111111111,0.5,0.0,0.0030864197530864196,z,y,z,0.17857676762180205
46,0.1111111111111111,0.5,0.0,0.0030864197530864196,z,z,x,0.34672573950423574
46,0.1111111111111111,0.5,0.0,0.0030864197530864196,z,z,y,-0.10291095165044639
46,0.1111111111111111,0.5,0.0,0.0030864197530864196,z,z,z,-0.0025078423372965836
47,0.1111111111111111,-0.4444444444444444,0.0,0.0030864197530864196,x,x,x,0.6549000755714427
47,0.1111111111111111,-0.4444444444444444,0.0,0.0030864197530864196,x,x,y,1.8985629819138454e-06
47,0.1111111111111111,-0.4444444444444444,0.0,0.0030864197530864196,x,x,z,-2.384323347177358e-07
47,0.1111111111111111,-0.4444444444444444,0.0,0.0030864197530864196,x,y,x,-3.974494829000149e-06
47,0.1111111111111111,-0.4444444444444444,0.0,0.0030864197530864196,x,y,y,-0.0410887645082357
47,0.1111111111111111,-0.4444444444444444,0.0,0.0030864197530864196,x,y,z,0.23882731595032372
47,0.1111111111111111,-0.4444444444444444,0.0,0.0030864197530864196,x,z,x,4.2021661210634364e-07
47,0.1111111111111111,-0.4444444444444444,0.0,0.0030864197530864196,x,z,y,-0.7163560042137853
47,0.1111111111111111,-0.4444444444444444,0.0,0.0030864197530864196,x,z,z,-0.09661908492881578
47,0.1111111111111111,-0.4444444444444444,0.0,0.0030864197530864196,y,x,x,7.112599371487035e-07
47,0.1111111111111111,-0.4444444444444444,0.0,0.0030864197530864196,y,x,y,-1.2288444087630819
47,0.1111111111111111,-0.4444444444444444,0.0,0.0030864197530864196,y,x,z,-0.20432608761427626
47,0.1111111111111111,-0.4444444444444444,0.0,0.0030864197530864196,y,y,x,1.0571987634461046
47,0.1111111111111111,-0.4444444444444444,0.0,0.0030864197530864196,y,y,y,1.363617643923413e-08
47,0.1111111111111111,-0.4444444444444444,0.0,0.0030864197530864196,y,y,z,7.716415672686018e-07
47,0.1111111111111111,-0.4444444444444444,0.0,0.0030864197530864196,y,z,x,0.17854154400640074
47,0.1111111111111111,-0.4444444444444444,0.0,0.0030864197530864196,y,z,y,-1.2559819725728998e-06
47,0.1111111111111111,-0.4444444444444444,0.0,0.0030864197530864196,y,z,z,-1.6443009055479997e-07
47,0.1111111111111111,-0.4444444444444444,0.0,0.0030864197530864196,z,x,x,2.9018537709106366e-07
47,0.1111111111111111,-0.4444444444444444,0.0,0.0030864197530864196,z,x,y,0.42991512004618276
47,0.1111111111111111,-0.4444444444444444,0.0,0.0030864197530864196,z,x,z,0.07962434545961364
47,0.1111111111111111,-0.4444444444444444,0.0,0.0030864197530864196,z,y,x,-0.9680068581552058
47,0.1111111111111111,-0.4444444444444444,0.0,0.0030864197530864196,z,y,y,5.899324026051242e-08
47,0.1111111111111111,-0.4444444444444444,0.0,0.0030864197530864196,z,y,z,9.307840684119315e-07
47,0.1111111111111111,-0.4444444444444444,0.0,0.0030864197530864196,z,z,x,0.34001582051144635
47,0.1111111111111111,-0.4444444444444444,0.0,0.0030864197530864196,z,z,y,-1.707380089067756e-06
47,0.1111111111111111,-0.4444444444444444,0.0,0.0030864197530864196,z,z,z,4.7347598250401606e-08
48,0.1111111111111111,-0.3888888888888888,0.0,0.0030864197530864196,x,x,x,0.668640563824298
48,0.1111111111111111,-0.3888888888888888,0.0,0.0030864197530864196,x,x,y,-0.012248219676300432
48,0.1111111111111111,-0.3888888888888888,0.0,0.0030864197530864196,x,x,z,0.07355753944742756
48,0.1111111111111111,-0.3888888888888888,0.0,0.0030864197530864196,x,y,x,0.16826817315783035
48,0.1111111111111111,-0.3888888888888888,0.0,0.0030864197530864196,x,y,y,-0.06381794819362473
48,0.1111111111111111,-0.3888888888888888,0.0,0.0030864197530864196,x,y,z,0.26024120180306365
48,0.1111111111111111,-0.3888888888888888,0.0,0.0030864197530864196,x,z,x,-0.011796323799152722
48,0.1111111111111111,-0.3888888888888888,0.0,0.0030864197530864196,x,z,y,-0.7544487240629557
48,0.1111111111111111,-0.3888888888888888,0.0,0.0030864197530864196,x,z,z,-0.08699693885653921
48,0.1111111111111111,-0.3888888888888888,0.0,0.0030864197530864196,y,x,x,0.012196284621864832
48,0.1111111111111111,-0.3888888888888888,0.0,0.0030864197530864196,y,x,y,-1.1687060177801942
48,0.1111111111111111,-0.3888888888888888,0.0,0.0030864197530864196,y,x,z,-0.22009691968108638
48,0.1111111111111111,-0.3888888888888888,0.0,0.0030864197530864196,y,y,x,1.0197090969235842
48,0.1111111111111111,-0.3888888888888888,0.0,0.0030864197530864196,y,y,y,-0.051824718470499936
48,0.1111111111111111,-0.3888888888888888,0.0,0.0030864197530864196,y,y,z,0.08600137315890151
48,0.1111111111111111,-0.3888888888888888,0.0,0.0030864197530864196,y,z,x,0.16930707111807888
48,0.1111111111111111,-0.3888888888888888,0.0,0.0030864197530864196,y,z,y,-0.13084853075569472
48,0.1111111111111111,-0.3888888888888888,0.0,0.0030864197530864196,y,z,z,-0.0037643715859699773
48,0.1111111111111111,-0.3888888888888888,0.0,0.0030864197530864196,z,x,x,-0.04235108342719831
48,0.1111111111111111,-0.3888888888888888,0.0,0.0030864197530864196,z,x,y,0.35540221404988664
48,0.1111111111111111,-0.3888888888888888,0.0,0.0030864197530864196,z,x,z,0.0611808416348419
48,0.1111111111111111,-0.3888888888888888,0.0,0.0030864197530864196,z,y,x,-0.905575439697252
48,0.1111111111111111,-0.3888888888888888,0.0,0.0030864197530864196,z,y,y,-0.029931687631542327
48,0.1111111111111111,-0.3888888888888888,0.0,0.0030864197530864196,z,y,z,-0.17857488801349417
48,0.1111111111111111,-0.3888888888888888,0.0,0.0030864197530864196,z,z,x,0.34672683185432074
48,0.1111111111111111,-0.3888888888888888,0.0,0.0030864197530864196,z,z,y,0.10290744557248711
48,0.1111111111111111,-0.3888888888888888,0.0,0.0030864197530864196,z,z,z,0.0025079268620182534
49,0.1111111111111111,-0.3333333333333334,0.0,0.0030864197530864196,x,x,x,0.7007620806851609
49,0.1111111111111111,-0.3333333333333334,0.0,0.0030864197530864196,x,x,y,-0.09891689751644867
49,0.1111111111111111,-0.3333333333333334,0.0,0.0030864197530864196,x,x,z,0.15855959671190029
49,0.1111111111111111,-0.3333333333333334,0.0,0.0030864197530864196,x,y,x,0.42601200466897365
49,0.1111111111111111,-0.3333333333333334,0.0,0.0030864197530864196,x,y,y,-0.13122422510143233
49,0.1111111111111111,-0.3333333333333334,0.0,0.0030864197530864196,x,y,z,0.33569293194189276
49,0.1111111111111111,-0.3333333333333334,0.0,0.0030864197530864196,x,z,x,-0.021863452840238988
49,0.1111111111111111,-0.3333333333333334,0.0,0.0030864197530864196,x,z,y,-0.8559118309354012
49,0.1111111111111111,-0.3333333333333334,0.0,0.0030864197530864196,x,z,z,-0.047125797916886876
49,0.1111111111111111,-0.3333333333333334,0.0,0.0030864197530864196,y,x,x,-0.0100579291916847
49,0.1111111111111111,-0.3333333333333334,0.0,0.0030864197530864196,y,x,y,-0.9512424476496338
49,0.1111111111111111,-0.3333333333333334,0.0,0.0030864197530864196,y,x,z,-0.29615697764086646
49,0.1111111111111111,-0.3333333333333334,0.0,0.0030864197530864196,y,y,x,0.877122148644367
49,0.1111111111111111,-0.3333333333333334,0.0,0.0030864197530864196,y,y,y,-0.12758165230884486
49,0.1111111111111111,-0.3333333333333334,0.0,0.0030864197530864196,y,y,z,0.13954952734776413
49,0.1111111111111111,-0.3333333333333334,0.0,0.0030864197530864196,y,z,x,0.1534336051161843
49,0.1111111111111111,-0.3333333333333334,0.0,0.0030864197530864196,y,z,y,-0.2501335550635354
49,0.1111111111111111,-0.3333333333333334,0.0,0.0030864197530864196,y,z,z,-0.017920563222211548
49,0.1111111111111111,-0.3333333333333334,0.0,0.0030864197530864196,z,x,x,-0.08326482225395082
49,0.1111111111111111,-0.3333333333333334,0.0,0.0030864197530864196,z,x,y,0.10460599921510369
49,0.1111111111111111,-0.3333333333333334,0.0,0.0030864197530864196,z,x,z,0.04383786208066927
49,0.1111111111111111,-0.3333333333333334,0.0,0.0030864197530864196,z,y,x,-0.6703202582490677
49,0.1111111111111111,-0.3333333333333334,0.0,0.0030864197530864196,z,y,y,-0.07173070833127551
49,0.1111111111111111,-0.3333333333333334,0.0,0.0030864197530864196,z,y,z,-0.38638876802192945
49,0.1111111111111111,-0.3333333333333334,0.0,0.0030864197530864196,z,z,x,0.3318269373065007
49,0.1111111111111111,-0.3333333333333334,0.0,0.0030864197530864196,z,z,y,0.21638216696983875
49,0.1111111111111111,-0.3333333333333334,0.0,0.0030864197530864196,z,z,z,0.008520573217617062
50,0.1111111111111111,-0.2777777777777778,0.0,0.0030864197530864196,x,x,x,0.6683002925662512
50,0.1111111111111111,-0.2777777777777778,0.0,0.0030864197530864196,x,x,y,-0.3219219864810423
50,0.1111111111111111,-0.2777777777777778,0.0,0.0030864197530864196,x,x,z,0.28150658847090987
50,0.1111111111111111,-0.2777777777777778,0.0,0.0030864197530864196,x,y,x,0.876029185679364
50,0.1111111111111111,-0.2777777777777778,0.0,0.0030864197530864196,x,y,y,-0.22260995371384526
50,0.1111111111111111,-0.2777777777777778,0.0,0.0030864197530864196,x,y,z,0.5074816952953085
50,0.1111111111111111,-0.2777777777777778,0.0,0.0030864197530864196,x,z,x,-0.010219686649884438
50,0.1111111111111111,-0.2777777777777778,0.0,0.0030864197530864196,x,z,y,-0.9246220583460512
50,0.1111111111111111,-0.2777777777777778,0.0,0.0030864197530864196,x,z,z,0.014467384653225517
50,0.1111111111111111,-0.2777777777777778,0.0,0.0030864197530864196,y,x,x,-0.0683665247738614
50,0.1111111111111111,-0.2777777777777778,0.0,0.0030864197530864196,y,x,y,-0.3820121714584224
50,0.1111111111111111,-0.2777777777777778,0.0,0.0030864197530864196,y,x,z,-0.45211914905227985
50,0.1111111111111111,-0.2777777777777778,0.0,0.0030864197530864196,y,y,x,0.4613166426839983
50,0.1111111111111111,-0.2777777777777778,0.0,0.0030864197530864196,y,y,y,-0.2108047710639341
50,0.1111111111111111,-0.2777777777777778,0.0,0.0030864197530864196,y,y,z,0.14803007748026514
50,0.1111111111111111,-0.2777777777777778,0.0,0.0030864197530864196,y,z,x,0.10996399591730159
50,0.1111111111111111,-0.2777777777777778,0.0,0.0030864197530864196,y,z,y,-0.3018854522368382
50,0.1111111111111111,-0.2777777777777778,0.0,0.0030864197530864196,y,z,z,-0.019958419448268563
50,0.1111111111111111,-0.2777777777777778,0.0,0.0030864197530864196,z,x,x,-0.1514146042705606
50,0.1111111111111111,-0.2777777777777778,0.0,0.0030864197530864196,z,x,y,-0.33646874702349666
50,0.1111111111111111,-0.2777777777777778,0.0,0.0030864197530864196,z,x,z,-0.004866268292043777
50,0.1111111111111111,-0.2777777777777778,0.0,0.0030864197530864196,z,y,x,-0.23369091496671893
50,0.1111111111111111,-0.2777777777777778,0.0,0.0030864197530864196,z,y,y,-0.16225413370072575
50,0.1111111111111111,-0.2777777777777778,0.0,0.0030864197530864196,z,y,z,-0.5979365888735705
50,0.1111111111111111,-0.2777777777777778,0.0,0.0030864197530864196,z,z,x,0.2905847285575306
50,0.1111111111111111,-0.2777777777777778,0.0,0.0030864197530864196,z,z,y,0.3126410455769287
50,0.1111111111111111,-0.2777777777777778,0.0,0.0030864197530864196,z,z,z,0.021227081568576327
51,0.1111111111111111,-0.2222222222222222,0.0,0.0030864197530864196,x,x,x,0.37540256048969556
51,0.1111111111111111,-0.2222222222222222,0.0,0.0030864197530864196,x,x,y,-0.619603960405773
51,0.1111111111111111,-0.2222222222222222,0.0,0.0030864197530864196,x,x,z,0.3735904438155969
51,0.1111111111111111,-0.2222222222222222,0.0,0.0030864197530864196,x,y,x,1.4823483364468981
51,0.1111111111111111,-0.2222222222222222,0.0,0.0030864197530864196,x,y,y,-0.20567801835152338
51,0.1111111111111111,-0.2222222222222222,0.0,0.0030864197530864196,x,y,z,0.7726730205282744
51,0.1111111111111111,-0.2222222222222222,0.0,0.0030864197530864196,x,z,x,-0.028015487539598205
51,0.1111111111111111,-0.2222222222222222,0.0,0.0030864197530864196,x,z,y,-0.7665187914516034
51,0.1111111111111111,-0.2222222222222222,0.0,0.0030864197530864196,x,z,z,0.07905118538345113
51,0.1111111111111111,-0.2222222222222222,0.0,0.0030864197530864196,y,x,x,-0.2412723336299666
51,0.1111111111111111,-0.2222222222222222,0.0,0.0030864197530864196,y,x,y,0.5016041029565974
51,0.1111111111111111,-0.2222222222222222,0.0,0.0030864197530864196,y,x,z,-0.6541035187489947
51,0.1111111111111111,-0.2222222222222222,0.0,0.0030864197530864196,y,y,x,-0.18714514711025002
51,0.1111111111111111,-0.2222222222222222,0.0,0.0030864197530864196,y,y,y,-0.22723319371085857
51,0.1111111111111111,-0.2222222222222222,0.0,0.0030864197530864196,y,y,z,0.07134090599483116
51,0.1111111111111111,-0.2222222222222222,0.0,0.0030864197530864196,y,z,x,0.028394015522056566
51,0.1111111111111111,-0.2222222222222222,0.0,0.0030864197530864196,y,z,y,-0.19879084863374433
51,0.1111111111111111,-0.2222222222222222,0.0,0.0030864197530864196,y,z,z,-0.037145201358007515
51,0.1111111111111111,-0.2222222222222222,0.0,0.0030864197530864196,z,x,x,-0.16566048936566696
51,0.1111111111111111,-0.2222222222222222,0.0,0.0030864197530864196,z,x,y,-0.7142863094465193
51,0.1111111111111111,-0.2222222222222222,0.0,0.0030864197530864196,z,x,z,-0.02852311043610647
51,0.1111111111111111,-0.2222222222222222,0.0,0.0030864197530864196,z,y,x,0.2989622679477552
51,0.1111111111111111,-0.2222222222222222,0.0,0.0030864197530864196,z,y,y,-0.2643563433489082
51,0.1111111111111111,-0.2222222222222222,0.0,0.0030864197530864196,z,y,z,-0.6793858048703673
51,0.1111111111111111,-0.2222222222222222,0.0,0.0030864197530864196,z,z,x,0.11069460716334424
51,0.1111111111111111,-0.2222222222222222,0.0,0.0030864197530864196,z,z,y,0.3450829708997936
51,0.1111111111111111,-0.2222222222222222,0.0,0.0030864197530864196,z,z,z,0.03949157057584515
52,0.1111111111111111,-0.1666666666666666,0.0,0.0030864197530864196,x,x,x,-0.4316985815604162
52,0.1111111111111111,-0.1666666666666666,0.0,0.0030864197530864196,x,x,y,-0.6163119861124784
52,0.1111111111111111,-0.1666666666666666,0.0,0.0030864197530864196,x,x,z,0.3649053525425751
52,0.1111111111111111,-0.1666666666666666,0.0,0.0030864197530864196,x,y,x,1.9223570672780959
52,0.1111111111111111,-0.1666666666666666,0.0,0.0030864197530864196,x,y,y,0.31156415111765684
52,0.1111111111111111,-0.1666666666666666,0.0,0.0030864197530864196,x,y,z,0.9623318548790798
52,0.1111111111111111,-0.1666666666666666,0.0,0.0030864197530864196,x,z,x,-0.16251320099855907
52,0.1111111111111111,-0.1666666666666666,0.0,0.0030864197530864196,x,z,y,-0.16502187658589867
52,0.1111111111111111,-0.1666666666666666,0.0,0.0030864197530864196,x,z,z,0.12887112569593887
52,0.1111111111111111,-0.1666666666666666,0.0,0.0030864197530864196,y,x,x,-0.6265410774916087
52,0.1111111111111111,-0.1666666666666666,0.0,0.0030864197530864196,y,x,y,1.0675672331664672
52,0.1111111111111111,-0.1666666666666666,0.0,0.0030864197530864196,y,x,z,-0.880591104753892
52,0.1111111111111111,-0.1666666666666666,0.0,0.0030864197530864196,y,y,x,-0.38330885247896446
52,0.1111111111111111,-0.1666666666666666,0.0,0.0030864197530864196,y,y,y,0.05916827372071451
52,0.1111111111111111,-0.1666666666666666,0.0,0.0030864197530864196,y,y,z,-0.08686884114510808
52,0.1111111111111111,-0.1666666666666666,0.0,0.0030864197530864196,y,z,x,-0.16389048178535362
52,0.1111111111111111,-0.1666666666666666,0.0,0.0030864197530864196,y,z,y,0.08051231220021848
52,0.1111111111111111,-0.1666666666666666,0.0,0.0030864197530864196,y,z,z,-0.10358641362999076
52,0.1111111111111111,-0.1666666666666666,0.0,0.0030864197530864196,z,x,x,-0.13271156696637995
52,0.1111111111111111,-0.1666666666666666,0.0,0.0030864197530864196,z,x,y,-0.35354173158746577
52,0.1111111111111111,-0.1666666666666666,0.0,0.0030864197530864196,z,x,z,-0.0010458084325626227
52,0.1111111111111111,-0.1666666666666666,0.0,0.0030864197530864196,z,y,x,0.3081011665646051
52,0.1111111111111111,-0.1666666666666666,0.0,0.0030864197530864196,z,y,y,-0.2694686383864724
52,0.1111111111111111,-0.1666666666666666,0.0,0.0030864197530864196,z,y,z,-0.5036316126999678
52,0.1111111111111111,-0.1666666666666666,0.0,0.0030864197530864196,z,z,x,-0.16566020119203165
52,0.1111111111111111,-0.1666666666666666,0.0,0.0030864197530864196,z,z,y,0.2689350294246167
52,0.1111111111111111,-0.1666666666666666,0.0,0.0030864197530864196,z,z,z,0.03230318610333284
53,0.1111111111111111,-0.1111111111111112,0.0,0.0030864197530864196,x,x,x,-1.905682784546174
53,0.1111111111111111,-0.1111111111111112,0.0,0.0030864197530864196,x,x,y,0.6151179689839341
53,0.1111111111111111,-0.1111111111111112,0.0,0.0030864197530864196,x,x,z,0.07986583728649323
53,0.1111111111111111,-0.1111111111111112,0.0,0.0030864197530864196,x,y,x,1.352650291339153
53,0.1111111111111111,-0.1111111111111112,0.0,0.0030864197530864196,x,y,y,1.9170492732621893
53,0.1111111111111111,-0.1111111111111112,0.0,0.0030864197530864196,x,y,z,0.885916861207536
53,0.1111111111111111,-0.1111111111111112,0.0,0.0030864197530864196,x,z,x,-0.41385158129002586
53,0.1111111111111111,-0.1111111111111112,0.0,0.0030864197530864196,x,z,y,1.1907767975568346
53,0.1111111111111111,-0.1111111111111112,0.0,0.0030864197530864196,x,z,z,0.12417696791116534
53,0.1111111111111111,-0.1111111111111112,0.0,0.0030864197530864196,y,x,x,-0.9937239591500796
53,0.1111111111111111,-0.1111111111111112,0.0,0.0030864197530864196,y,x,y,0.562375962180066
53,0.1111111111111111,-0.1111111111111112,0.0,0.0030864197530864196,y,x,z,-0.9781294130422167
53,0.1111111111111111,-0.1111111111111112,0.0,0.0030864197530864196,y,y,x,0.9881678260487309
53,0.1111111111111111,-0.1111111111111112,0.0,0.0030864197530864196,y,y,y,0.9740483803373193
53,0.1111111111111111,-0.1111111111111112,0.0,0.0030864197530864196,y,y,z,-0.07986601301341377
53,0.1111111111111111,-0.1111111111111112,0.0,0.0030864197530864196,y,z,x,-0.7129125783560717
53,0.1111111111111111,-0.1111111111111112,0.0,0.0030864197530864196,y,z,y,0.4138503103448328
53,0.1111111111111111,-0.1111111111111112,0.0,0.0030864197530864196,y,z,z,-0.2150813105757405
53,0.1111111111111111,-0.1111111111111112,0.0,0.0030864197530864196,z,x,x,-0.20114012307477325
53,0.1111111111111111,-0.1111111111111112,0.0,0.0030864197530864196,z,x,y,1.3076213735016533
53,0.1111111111111111,-0.1111111111111112,0.0,0.0030864197530864196,z,x,z,0.08893585417861621
53,0.1111111111111111,-0.1111111111111112,0.0,0.0030864197530864196,z,y,x,-1.075370474927792
53,0.1111111111111111,-0.1111111111111112,0.0,0.0030864197530864196,z,y,y,0.20114084187825312
53,0.1111111111111111,-0.1111111111111112,0.0,0.0030864197530864196,z,y,z,-0.15406035704235727
53,0.1111111111111111,-0.1111111111111112,0.0,0.0030864197530864196,z,z,x,-0.3414749910930597
53,0.1111111111111111,-0.1111111111111112,0.0,0.0030864197530864196,z,z,y,0.5914666101406015
53,0.1111111111111111,-0.1111111111111112,0.0,0.0030864197530864196,z,z,z,-1.1414648521009735e-06
54,0.1111111111111111,-0.0555555555555556,0.0,0.0030864197530864196,x,x,x,-4.394343858456033
54,0.1111111111111111,-0.0555555555555556,0.0,0.0030864197530864196,x,x,y,5.402967023026455
54,0.1111111111111111,-0.0555555555555556,0.0,0.0030864197530864196,x,x,z,-0.9857630602357091
54,0.1111111111111111,-0.0555555555555556,0.0,0.0030864197530864196,x,y,x,-2.3075995709210297
54,0.1111111111111111,-0.0555555555555556,0.0,0.0030864197530864196,x,y,y,6.04943464642202
54,0.1111111111111111,-0.0555555555555556,0.0,0.0030864197530864196,x,y,z,-0.2830827924247407
54,0.1111111111111111,-0.0555555555555556,0.0,0.0030864197530864196,x,z,x,-0.5889323759395739
54,0.1111111111111111,-0.0555555555555556,0.0,0.0030864197530864196,x,z,y,4.376269518918034
54,0.1111111111111111,-0.0555555555555556,0.0,0.0030864197530864196,x,z,z,-0.12249061055935916
54,0.1111111111111111,-0.0555555555555556,0.0,0.0030864197530864196,y,x,x,-0.04489319157306898
54,0.1111111111111111,-0.0555555555555556,0.0,0.0030864197530864196,y,x,y,-0.4401204850247836
54,0.1111111111111111,-0.0555555555555556,0.0,0.0030864197530864196,y,x,z,-0.6957082837428216
54,0.1111111111111111,-0.0555555555555556,0.0,0.0030864197530864196,y,y,x,6.7432804196389045
54,0.1111111111111111,-0.0555555555555556,0.0,0.0030864197530864196,y,y,y,3.6664902173237843
54,0.1111111111111111,-0.0555555555555556,0.0,0.0030864197530864196,y,y,z,0.7899649029516581
54,0.1111111111111111,-0.0555555555555556,0.0,0.0030864197530864196,y,z,x,-2.4666091598678466
54,0.1111111111111111,-0.0555555555555556,0.0,0.0030864197530864196,y,z,y,0.7023326166912665
54,0.1111111111111111,-0.0555555555555556,0.0,0.0030864197530864196,y,z,z,-0.5078875737476424
54,0.1111111111111111,-0.0555555555555556,0.0,0.0030864197530864196,z,x,x,-0.909299121729001
54,0.1111111111111111,-0.0555555555555556,0.0,0.0030864197530864196,z,x,y,6.179862098617915
54,0.1111111111111111,-0.0555555555555556,0.0,0.0030864197530864196,z,x,z,0.2640560241536959
54,0.1111111111111111,-0.0555555555555556,0.0,0.0030864197530864196,z,y,x,-6.913872010044301
54,0.1111111111111111,-0.0555555555555556,0.0,0.0030864197530864196,z,y,y,1.7993194412854132
54,0.1111111111111111,-0.0555555555555556,0.0,0.0030864197530864196,z,y,z,0.08880562890218223
54,0.1111111111111111,-0.0555555555555556,0.0,0.0030864197530864196,z,z,x,0.3486411322805942
54,0.1111111111111111,-0.0555555555555556,0.0,0.0030864197530864196,z,z,y,2.589152121385295
54,0.1111111111111111,-0.0555555555555556,0.0,0.0030864197530864196,z,z,z,-0.023296915503479235
55,0.1666666666666667,0.0,0.0,0.0030864197530864196,x,x,x,-1.6047100379529662
55,0.1666666666666667,0.0,0.0,0.0030864197530864196,x,x,y,14.657592436618355
55,0.1666666666666667,0.0,0.0,0.0030864197530864196,x,x,z,-2.2649980789019066
55,0.1666666666666667,0.0,0.0,0.0030864197530864196,x,y,x,-13.195403232727534
55,0.1666666666666667,0.0,0.0,0.0030864197530864196,x,y,y,5.515284591014247
55,0.1666666666666667,0.0,0.0,0.0030864197530864196,x,y,z,-2.7913096080479565
55,0.1666666666666667,0.0,0.0,0.0030864197530864196,x,z,x,1.275805109121999
55,0.1666666666666667,0.0,0.0,0.0030864197530864196,x,z,y,6.1219415101133965
55,0.1666666666666667,0.0,0.0,0.0030864197530864196,x,z,z,-0.4911278294395339
55,0.1666666666666667,0.0,0.0,0.0030864197530864196,y,x,x,2.655504196038387
55,0.1666666666666667,0.0,0.0,0.0030864197530864196,y,x,y,-3.636209720597197
55,0.1666666666666667,0.0,0.0,0.0030864197530864196,y,x,z,0.17600193964371771
55,0.1666666666666667,0.0,0.0,0.0030864197530864196,y,y,x,12.444476738758501
55,0.1666666666666667,0.0,0.0,0.0030864197530864196,y,y,y,4.11773323780456
55,0.1666666666666667,0.0,0.0,0.0030864197530864196,y,y,z,2.2651109722820597
55,0.1666666666666667,0.0,0.0,0.0030864197530864196,y,z,x,-4.648838981666308
55,0.1666666666666667,0.0,0.0,0.0030864197530864196,y,z,y,-1.2758802598098784
55,0.1666666666666667,0.0,0.0,0.0030864197530864196,y,z,z,-0.8506343319229143
55,0.1666666666666667,0.0,0.0,0.0030864197530864196,z,x,x,-2.6646005696868893
55,0.1666666666666667,0.0,0.0,0.0030864197530864196,z,x,y,1.4394365384087244
55,0.1666666666666667,0.0,0.0,0.0030864197530864196,z,x,z,0.29579836477420446
55,0.1666666666666667,0.0,0.0,0.0030864197530864196,z,y,x,-4.516332566509313
55,0.1666666666666667,0.0,0.0,0.0030864197530864196,z,y,y,2.664680624654618
55,0.1666666666666667,0.0,0.0,0.0030864197530864196,z,y,z,0.512407444162291
55,0.1666666666666667,0.0,0.0,0.0030864197530864196,z,z,x,2.756343693969501
55,0.1666666666666667,0.0,0.0,0.0030864197530864196,z,z,y,4.774112833761243
55,0.1666666666666667,0.0,0.0,0.0030864197530864196,z,z,z,-2.0285574365305683e-05
56,0.1666666666666667,0.0555555555555556,0.0,0.0030864197530864196,x,x,x,-1.0410105157035123
56,0.1666666666666667,0.0555555555555556,0.0,0.0030864197530864196,x,x,y,5.146505586966188
56,0.1666666666666667,0.0555555555555556,0.0,0.0030864197530864196,x,x,z,-0.7698280597815911
56,0.1666666666666667,0.0555555555555556,0.0,0.0030864197530864196,x,y,x,-4.929706993002653
56,0.1666666666666667,0.0555555555555556,0.0,0.0030864197530864196,x,y,y,3.3498601652086157
56,0.1666666666666667,0.0555555555555556,0.0,0.0030864197530864196,x,y,z,-0.3177889767178261
56,0.1666666666666667,0.0555555555555556,0.0,0.0030864197530864196,x,z,x,0.4473610552928257
56,0.1666666666666667,0.0555555555555556,0.0,0.0030864197530864196,x,z,y,2.3847572951512874
56,0.1666666666666667,0.0555555555555556,0.0,0.0030864197530864196,x,z,z,-0.3786050999918229
56,0.1666666666666667,0.0555555555555556,0.0,0.0030864197530864196,y,x,x,1.821644218722741
56,0.1666666666666667,0.0555555555555556,0.0,0.0030864197530864196,y,x,y,4.635111463010122
56,0.1666666666666667,0.0555555555555556,0.0,0.0030864197530864196,y,x,z,-0.7305089410665968
56,0.1666666666666667,0.0555555555555556,0.0,0.0030864197530864196,y,y,x,7.720737479336264
56,0.1666666666666667,0.0555555555555556,0.0,0.0030864197530864196,y,y,y,1.4224465423414974
56,0.1666666666666667,0.0555555555555556,0.0,0.0030864197530864196,y,y,z,0.9656804791390939
56,0.1666666666666667,0.0555555555555556,0.0,0.0030864197530864196,y,z,x,-4.457945100667849
56,0.1666666666666667,0.0555555555555556,0.0,0.0030864197530864196,y,z,y,-0.5608060577986478
56,0.1666666666666667,0.0555555555555556,0.0,0.0030864197530864196,y,z,z,-0.36001490649417367
56,0.1666666666666667,0.0555555555555556,0.0,0.0030864197530864196,z,x,x,-1.4399432367169795
56,0.1666666666666667,0.0555555555555556,0.0,0.0030864197530864196,z,x,y,5.557401555604918
56,0.1666666666666667,0.0555555555555556,0.0,0.0030864197530864196,z,x,z,-0.05516631144675002
56,0.1666666666666667,0.0555555555555556,0.0,0.0030864197530864196,z,y,x,-7.536148538896511
56,0.1666666666666667,0.0555555555555556,0.0,0.0030864197530864196,z,y,y,0.5499814188837675
56,0.1666666666666667,0.0555555555555556,0.0,0.0030864197530864196,z,y,z,0.2730678494871732
56,0.1666666666666667,0.0555555555555556,0.0,0.0030864197530864196,z,z,x,2.0679677657087283
56,0.1666666666666667,0.0555555555555556,0.0,0.0030864197530864196,z,z,y,1.5965004903311035
56,0.1666666666666667,0.0555555555555556,0.0,0.0030864197530864196,z,z,z,0.02328748752637326
57,0.1666666666666667,0.1111111111111111,0.0,0.0030864197530864196,x,x,x,-1.04101006005596
57,0.1666666666666667,0.1111111111111111,0.0,0.0030864197530864196,x,x,y,-5.146485905324421
57,0.1666666666666667,0.1111111111111111,0.0,0.0030864197530864196,x,x,z,0.7698408078832399
57,0.1666666666666667,0.1111111111111111,0.0,0.0030864197530864196,x,y,x,4.929747589477105
57,0.1666666666666667,0.1111111111111111,0.0,0.0030864197530864196,x,y,y,3.3498710703896863
57,0.1666666666666667,0.1111111111111111,0.0,0.0030864197530864196,x,y,z,-0.31780077467724366
57,0.1666666666666667,0.1111111111111111,0.0,0.0030864197530864196,x,z,x,-0.4473868293180334
57,0.1666666666666667,0.1111111111111111,0.0,0.0030864197530864196,x,z,y,2.3847701693911145
57,0.1666666666666667,0.1111111111111111,0.0,0.0030864197530864196,x,z,z,-0.37860565150553394
57,0.1666666666666667,0.1111111111111111,0.0,0.0030864197530864196,y,x,x,-1.821658893843546
57,0.1666666666666667,0.1111111111111111,0.0,0.0030864197530864196,y,x,y,4.635123913058706
57,0.1666666666666667,0.1111111111111111,0.0,0.0030864197530864196,y,x,z,-0.7305025448851892
57,0.1666666666666667,0.1111111111111111,0.0,0.0030864197530864196,y,y,x,7.7207657754349945
57,0.1666666666666667,0.1111111111111111,0.0,0.0030864197530864196,y,y,y,-1.422435200283218
57,0.1666666666666667,0.1111111111111111,0.0,0.0030864197530864196,y,y,z,-0.9656892931672716
57,0.1666666666666667,0.1111111111111111,0.0,0.0030864197530864196,y,z,x,-4.457950276323724
57,0.1666666666666667,0.1111111111111111,0.0,0.0030864197530864196,y,z,y,0.5608045246001495
57,0.1666666666666667,0.1111111111111111,0.0,0.0030864197530864196,y,z,z,0.3600175523760098
57,0.1666666666666667,0.1111111111111111,0.0,0.0030864197530864196,z,x,x,1.4399841559548912
57,0.1666666666666667,0.1111111111111111,0.0,0.0030864197530864196,z,x,y,5.55742633080391
57,0.1666666666666667,0.1111111111111111,0.0,0.0030864197530864196,z,x,z,-0.05516936386780199
57,0.1666666666666667,0.1111111111111111,0.0,0.0030864197530864196,z,y,x,-7.536156801072892
57,0.1666666666666667,0.1111111111111111,0.0,0.0030864197530864196,z,y,y,-0.5499929010227693
57,0.1666666666666667,0.1111111111111111,0.0,0.0030864197530864196,z,y,z,-0.27307942729950396
57,0.1666666666666667,0.1111111111111111,0.0,0.0030864197530864196,z,z,x,2.067976473544958
57,0.1666666666666667,0.1111111111111111,0.0,0.0030864197530864196,z,z,y,-1.5965068834635419
57,0.1666666666666667,0.1111111111111111,0.0,0.0030864197530864196,z,z,z,-0.02328606379110698
58,0.1666666666666667,0.1666666666666667,0.0,0.0030864197530864196,x,x,x,-1.6047086280145526
58,0.1666666666666667,0.1666666666666667,0.0,0.0030864197530864196,x,x,y,-14.657578179378634
58,0.1666666666666667,0.1666666666666667,0.0,0.0030864197530864196,x,x,z,2.26500936393187
58,0.1666666666666667,0.1666666666666667,0.0,0.0030864197530864196,x,y,x,13.195381250411847
58,0.1666666666666667,0.1666666666666667,0.0,0.0030864197530864196,x,y,y,5.515288937485419
58,0.1666666666666667,0.1666666666666667,0.0,0.0030864197530864196,x,y,z,-2.7913250212591865
58,0.1666666666666667,0.1666666666666667,0.0,0.0030864197530864196,x,z,x,-1.275820159619445
58,0.1666666666666667,0.1666666666666667,0.0,0.0030864197530864196,x,z,y,6.121952455289614
58,0.1666666666666667,0.1666666666666667,0.0,0.0030864197530864196,x,z,z,-0.49112899675885635
58,0.1666666666666667,0.1666666666666667,0.0,0.0030864197530864196,y,x,x,-2.6554937610966616
58,0.1666666666666667,0.1666666666666667,0.0,0.0030864197530864196,y,x,y,-3.636202244078413
58,0.1666666666666667,0.1666666666666667,0.0,0.0030864197530864196,y,x,z,0.17600528381926528
58,0.1666666666666667,0.1666666666666667,0.0,0.0030864197530864196,y,y,x,12.444506313476321
58,0.1666666666666667,0.1666666666666667,0.0,0.0030864197530864196,y,y,y,-4.117736523412267
58,0.1666666666666667,0.1666666666666667,0.0,0.0030864197530864196,y,y,z,-2.265116478391209
58,0.1666666666666667,0.1666666666666667,0.0,0.0030864197530864196,y,z,x,-4.648829958864164
58,0.1666666666666667,0.1666666666666667,0.0,0.0030864197530864196,y,z,y,1.2758788383474733
58,0.1666666666666667,0.1666666666666667,0.0,0.0030864197530864196,y,z,z,0.8506355694526341
58,0.1666666666666667,0.1666666666666667,0.0,0.0030864197530864196,z,x,x,2.6646097639366606
58,0.1666666666666667,0.1666666666666667,0.0,0.0030864197530864196,z,x,y,1.4394859627375711
58,0.1666666666666667,0.1666666666666667,0.0,0.0030864197530864196,z,x,z,0.29579750589263815
58,0.1666666666666667,0.1666666666666667,0.0,0.0030864197530864196,z,y,x,-4.5163292871734475
58,0.1666666666666667,0.1666666666666667,0.0,0.0030864197530864196,z,y,y,-2.6646870459263448
58,0.1666666666666667,0.1666666666666667,0.0,0.0030864197530864196,z,y,z,-0.512411748842975
58,0.1666666666666667,0.1666666666666667,0.0,0.0030864197530864196,z,z,x,2.756349314838236
58,0.1666666666666667,0.1666666666666667,0.0,0.0030864197530864196,z,z,y,-4.774121889589956
58,0.1666666666666667,0.1666666666666667,0.0,0.0030864197530864196,z,z,z,2.0618970516687897e-05
59,0.1666666666666667,0.2222222222222222,0.0,0.0030864197530864196,x,x,x,-1.5992774268494654
59,0.1666666666666667,0.2222222222222222,0.0,0.0030864197530864196,x,x,y,-5.148960727422413
59,0.1666666666666667,0.2222222222222222,0.0,0.0030864197530864196,x,x,z,0.9487652378961389
59,0.1666666666666667,0.2222222222222222,0.0,0.0030864197530864196,x,y,x,4.3607688296600084
59,0.1666666666666667,0.2222222222222222,0.0,0.0030864197530864196,x,y,y,3.5221974397197324
59,0.1666666666666667,0.2222222222222222,0.0,0.0030864197530864196,x,y,z,-0.5684270319218094
59,0.1666666666666667,0.2222222222222222,0.0,0.0030864197530864196,x,z,x,-0.47798849457203774
59,0.1666666666666667,0.2222222222222222,0.0,0.0030864197530864196,x,z,y,2.924192704154993
59,0.1666666666666667,0.2222222222222222,0.0,0.0030864197530864196,x,z,z,-0.13437444777227145
59,0.1666666666666667,0.2222222222222222,0.0,0.0030864197530864196,y,x,x,0.4061366165895779
59,0.1666666666666667,0.2222222222222222,0.0,0.0030864197530864196,y,x,y,-5.106126070616695
59,0.1666666666666667,0.2222222222222222,0.0,0.0030864197530864196,y,x,z,-0.8504737011116211
59,0.1666666666666667,0.2222222222222222,0.0,0.0030864197530864196,y,y,x,5.806107662772683
59,0.1666666666666667,0.2222222222222222,0.0,0.0030864197530864196,y,y,y,-1.9142921061199079
59,0.1666666666666667,0.2222222222222222,0.0,0.0030864197530864196,y,y,z,-0.38011316425567865
59,0.1666666666666667,0.2222222222222222,0.0,0.0030864197530864196,y,z,x,-1.3021102666784532
59,0.1666666666666667,0.2222222222222222,0.0,0.0030864197530864196,y,z,y,0.3504610427624439
59,0.1666666666666667,0.2222222222222222,0.0,0.0030864197530864196,y,z,z,0.41385154046306083
59,0.1666666666666667,0.2222222222222222,0.0,0.0030864197530864196,z,x,x,0.14395313640978133
59,0.1666666666666667,0.2222222222222222,0.0,0.0030864197530864196,z,x,y,-0.6700806042279263
59,0.1666666666666667,0.2222222222222222,0.0,0.0030864197530864196,z,x,z,0.6596610504246333
59,0.1666666666666667,0.2222222222222222,0.0,0.0030864197530864196,z,y,x,-0.16169169047959514
59,0.1666666666666667,0.2222222222222222,0.0,0.0030864197530864196,z,y,y,-1.3747559534711924
59,0.1666666666666667,0.2222222222222222,0.0,0.0030864197530864196,z,y,z,-0.20187814496957432
59,0.1666666666666667,0.2222222222222222,0.0,0.0030864197530864196,z,z,x,0.425668095599562
59,0.1666666666666667,0.2222222222222222,0.0,0.0030864197530864196,z,z,y,-1.6452763419520353
59,0.1666666666666667,0.2222222222222222,0.0,0.0030864197530864196,z,z,z,0.054188207420920786
60,0.1666666666666667,0.2777777777777778,0.0,0.0030864197530864196,x,x,x,-0.5050121367788695
60,0.1666666666666667,0.2777777777777778,0.0,0.0030864197530864196,x,x,y,-0.10022453284015118
60,0.1666666666666667,0.2777777777777778,0.0,0.0030864197530864196,x,x,z,0.06146262812776518
60,0.1666666666666667,0.2777777777777778,0.0,0.0030864197530864196,x,y,x,-0.11309165908403046
60,0.1666666666666667,0.2777777777777778,0.0,0.0030864197530864196,x,y,y,1.0564436658114975
60,0.1666666666666667,0.2777777777777778,0.0,0.0030864197530864196,x,y,z,0.7054184639069598
60,0.1666666666666667,0.2777777777777778,0.0,0.0030864197530864196,x,z,x,-0.12265061053454607
60,0.1666666666666667,0.2777777777777778,0.0,0.0030864197530864196,x,z,y,0.1868727449247471
60,0.1666666666666667,0.2777777777777778,0.0,0.0030864197530864196,x,z,z,0.025272950050812613
60,0.1666666666666667,0.2777777777777778,0.0,0.0030864197530864196,y,x,x,0.5066475638343667
60,0.1666666666666667,0.2777777777777778,0.0,0.0030864197530864196,y,x,y,-1.5289273108126413
60,0.1666666666666667,0.2777777777777778,0.0,0.0030864197530864196,y,x,z,-1.1374991836977444
60,0.1666666666666667,0.2777777777777778,0.0,0.0030864197530864196,y,y,x,1.3949795251959412
60,0.1666666666666667,0.2777777777777778,0.0,0.0030864197530864196,y,y,y,-0.327000005803901
60,0.1666666666666667,0.2777777777777778,0.0,0.0030864197530864196,y,y,z,0.21656947792495404
60,0.1666666666666667,0.2777777777777778,0.0,0.0030864197530864196,y,z,x,0.18800642236202272
60,0.1666666666666667,0.2777777777777778,0.0,0.0030864197530864196,y,z,y,0.04066441661623656
60,0.1666666666666667,0.2777777777777778,0.0,0.0030864197530864196,y,z,z,0.16339564266596046
60,0.1666666666666667,0.2777777777777778,0.0,0.0030864197530864196,z,x,x,-0.25495506039299715
60,0.1666666666666667,0.2777777777777778,0.0,0.0030864197530864196,z,x,y,-0.3786849354553775
60,0.1666666666666667,0.2777777777777778,0.0,0.0030864197530864196,z,x,z,0.43664025101191967
60,0.1666666666666667,0.2777777777777778,0.0,0.0030864197530864196,z,y,x,0.28295350038689665
60,0.1666666666666667,0.2777777777777778,0.0,0.0030864197530864196,z,y,y,-0.1472294529542822
60,0.1666666666666667,0.2777777777777778,0.0,0.0030864197530864196,z,y,z,0.25093220594156734
60,0.1666666666666667,0.2777777777777778,0.0,0.0030864197530864196,z,z,x,-0.15004722959154868
60,0.1666666666666667,0.2777777777777778,0.0,0.0030864197530864196,z,z,y,-0.27795250786194087
60,0.1666666666666667,0.2777777777777778,0.0,0.0030864197530864196,z,z,z,0.03230864750898042
61,0.1666666666666667,0.3333333333333333,0.0,0.0030864197530864196,x,x,x,0.0666562574656631
61,0.1666666666666667,0.3333333333333333,0.0,0.0030864197530864196,x,x,y,0.6711011422734784
61,0.1666666666666667,0.3333333333333333,0.0,0.0030864197530864196,x,x,z,-0.16083871778769276
61,0.1666666666666667,0.3333333333333333,0.0,0.0030864197530864196,x,y,x,-0.7268049206520334
61,0.1666666666666667,0.3333333333333333,0.0,0.0030864197530864196,x,y,y,0.1266584933591068
61,0.1666666666666667,0.3333333333333333,0.0,0.0030864197530864196,x,y,z,0.8436329383068718
61,0.1666666666666667,0.3333333333333333,0.0,0.0030864197530864196,x,z,x,-0.09079954998141597
61,0.1666666666666667,0.3333333333333333,0.0,0.0030864197530864196,x,z,y,-0.6703071722346012
61,0.1666666666666667,0.3333333333333333,0.0,0.0030864197530864196,x,z,z,0.0426729098120561
61,0.1666666666666667,0.3333333333333333,0.0,0.0030864197530864196,y,x,x,0.19527116309890208
61,0.1666666666666667,0.3333333333333333,0.0,0.0030864197530864196,y,x,y,-0.4056770127768431
61,0.1666666666666667,0.3333333333333333,0.0,0.0030864197530864196,y,x,z,-1.0293305837861257
61,0.1666666666666667,0.3333333333333333,0.0,0.0030864197530864196,y,y,x,0.4013540427082275
61,0.1666666666666667,0.3333333333333333,0.0,0.0030864197530864196,y,y,y,0.1395671199186195
61,0.1666666666666667,0.3333333333333333,0.0,0.0030864197530864196,y,y,z,0.16083879961485542
61,0.1666666666666667,0.3333333333333333,0.0,0.0030864197530864196,y,z,x,0.5654261740155738
61,0.1666666666666667,0.3333333333333333,0.0,0.0030864197530864196,y,z,y,0.0908061383417845
61,0.1666666666666667,0.3333333333333333,0.0,0.0030864197530864196,y,z,z,0.0739063667118837
61,0.1666666666666667,0.3333333333333333,0.0,0.0030864197530864196,z,x,x,-0.12946660528341164
61,0.1666666666666667,0.3333333333333333,0.0,0.0030864197530864196,z,x,y,-0.20662139796820148
61,0.1666666666666667,0.3333333333333333,0.0,0.0030864197530864196,z,x,z,0.30568599206049074
61,0.1666666666666667,0.3333333333333333,0.0,0.0030864197530864196,z,y,x,0.05711708891836066
61,0.1666666666666667,0.3333333333333333,0.0,0.0030864197530864196,z,y,y,0.12946761712829535
61,0.1666666666666667,0.3333333333333333,0.0,0.0030864197530864196,z,y,z,0.5295241328486421
61,0.1666666666666667,0.3333333333333333,0.0,0.0030864197530864196,z,z,x,-0.1221324756376296
61,0.1666666666666667,0.3333333333333333,0.0,0.0030864197530864196,z,z,y,-0.2115858728375441
61,0.1666666666666667,0.3333333333333333,0.0,0.0030864197530864196,z,z,z,2.4572562321478384e-06
62,0.1666666666666667,0.3888888888888889,0.0,0.0030864197530864196,x,x,x,0.3103040891292921
62,0.1666666666666667,0.3888888888888889,0.0,0.0030864197530864196,x,x,y,0.5042483709752744
62,0.1666666666666667,0.3888888888888889,0.0,0.0030864197530864196,x,x,z,-0.19206916717205685
62,0.1666666666666667,0.3888888888888889,0.0,0.0030864197530864196,x,y,x,-0.5296680205988225
62,0.1666666666666667,0.3888888888888889,0.0,0.0030864197530864196,x,y,y,-0.12922643568376424
62,0.1666666666666667,0.3888888888888889,0.0,0.0030864197530864196,x,y,z,0.6955557432432407
62,0.1666666666666667,0.3888888888888889,0.0,0.0030864197530864196,x,z,x,-0.05901945403079329
62,0.1666666666666667,0.3888888888888889,0.0,0.0030864197530864196,x,z,y,-0.9031185059460634
62,0.1666666666666667,0.3888888888888889,0.0,0.0030864197530864196,x,z,z,0.025855966879018238
62,0.1666666666666667,0.3888888888888889,0.0,0.0030864197530864196,y,x,x,0.02274614733972109
62,0.1666666666666667,0.3888888888888889,0.0,0.0030864197530864196,y,x,y,-0.33403257101620476
62,0.1666666666666667,0.3888888888888889,0.0,0.0030864197530864196,y,x,z,-0.8454292528758423
62,0.1666666666666667,0.3888888888888889,0.0,0.0030864197530864196,y,y,x,0.3606303282361733
62,0.1666666666666667,0.3888888888888889,0.0,0.0030864197530864196,y,y,y,0.21574784676441916
62,0.1666666666666667,0.3888888888888889,0.0,0.0030864197530864196,y,y,z,0.0364339783172842
62,0.1666666666666667,0.3888888888888889,0.0,0.0030864197530864196,y,z,x,0.6093387284251623
62,0.1666666666666667,0.3888888888888889,0.0,0.0030864197530864196,y,z,y,0.1787769289467768
62,0.1666666666666667,0.3888888888888889,0.0,0.0030864197530864196,y,z,z,0.034028062755954984
62,0.1666666666666667,0.3888888888888889,0.0,0.0030864197530864196,z,x,x,-0.029896596583248287
62,0.1666666666666667,0.3888888888888889,0.0,0.0030864197530864196,z,x,y,0.015826013572028598
62,0.1666666666666667,0.3888888888888889,0.0,0.0030864197530864196,z,x,z,0.26153092935027705
62,0.1666666666666667,0.3888888888888889,0.0,0.0030864197530864196,z,y,x,-0.29494920266083363
62,0.1666666666666667,0.3888888888888889,0.0,0.0030864197530864196,z,y,y,0.1488814691864091
62,0.1666666666666667,0.3888888888888889,0.0,0.0030864197530864196,z,y,z,0.5910953160745754
62,0.1666666666666667,0.3888888888888889,0.0,0.0030864197530864196,z,z,x,-0.05201906325214091
62,0.1666666666666667,0.3888888888888889,0.0,0.0030864197530864196,z,z,y,-0.29460787617461764
62,0.1666666666666667,0.3888888888888889,0.0,0.0030864197530864196,z,z,z,-0.00413455843057751
63,0.1666666666666667,0.4444444444444444,0.0,0.0030864197530864196,x,x,x,0.3951143876059557
63,0.1666666666666667,0.4444444444444444,0.0,0.0030864197530864196,x,x,y,0.24020751161426965
63,0.1666666666666667,0.4444444444444444,0.0,0.0030864197530864196,x,x,z,-0.15249833882581754
63,0.1666666666666667,0.4444444444444444,0.0,0.0030864197530864196,x,y,x,-0.28319071500391724
63,0.1666666666666667,0.4444444444444444,0.0,0.0030864197530864196,x,y,y,-0.14875296530022433
63,0.1666666666666667,0.4444444444444444,0.0,0.0030864197530864196,x,y,z,0.5119868247901734
63,0.1666666666666667,0.4444444444444444,0.0,0.0030864197530864196,x,z,x,-0.020670894998121896
63,0.1666666666666667,0.4444444444444444,0.0,0.0030864197530864196,x,z,y,-0.9052588367361121
63,0.1666666666666667,0.4444444444444444,0.0,0.0030864197530864196,x,z,z,-0.0030804225445877726
63,0.1666666666666667,0.4444444444444444,0.0,0.0030864197530864196,y,x,x,-0.019317033453718636
63,0.1666666666666667,0.4444444444444444,0.0,0.0030864197530864196,y,x,y,-0.515948814012944
63,0.1666666666666667,0.4444444444444444,0.0,0.0030864197530864196,y,x,z,-0.652790944456243
63,0.1666666666666667,0.4444444444444444,0.0,0.0030864197530864196,y,y,x,0.4871872858412682
63,0.1666666666666667,0.4444444444444444,0.0,0.0030864197530864196,y,y,y,0.16002248086092646
63,0.1666666666666667,0.4444444444444444,0.0,0.0030864197530864196,y,y,z,-0.02518565361249842
63,0.1666666666666667,0.4444444444444444,0.0,0.0030864197530864196,y,z,x,0.5487124536677717
63,0.1666666666666667,0.4444444444444444,0.0,0.0030864197530864196,y,z,y,0.1876071067902966
63,0.1666666666666667,0.4444444444444444,0.0,0.0030864197530864196,y,z,z,0.021441085091486123
63,0.1666666666666667,0.4444444444444444,0.0,0.0030864197530864196,z,x,x,0.008153985456512447
63,0.1666666666666667,0.4444444444444444,0.0,0.0030864197530864196,z,x,y,0.26214785561583276
63,0.1666666666666667,0.4444444444444444,0.0,0.0030864197530864196,z,x,z,0.2642828213041912
63,0.1666666666666667,0.4444444444444444,0.0,0.0030864197530864196,z,y,x,-0.6095317055061329
63,0.1666666666666667,0.4444444444444444,0.0,0.0030864197530864196,z,y,y,0.11073981291644272
63,0.1666666666666667,0.4444444444444444,0.0,0.0030864197530864196,z,y,z,0.4682988758678964
63,0.1666666666666667,0.4444444444444444,0.0,0.0030864197530864196,z,z,x,0.0006199303909361417
63,0.1666666666666667,0.4444444444444444,0.0,0.0030864197530864196,z,z,y,-0.25625970268047255
63,0.1666666666666667,0.4444444444444444,0.0,0.0030864197530864196,z,z,z,-0.009551303619731518
64,0.1666666666666667,0.5,0.0,0.0030864197530864196,x,x,x,0.4409194711953756
64,0.1666666666666667,0.5,0.0,0.0030864197530864196,x,x,y,0.08800412110086925
64,0.1666666666666667,0.5,0.0,0.0030864197530864196,x,x,z,-0.09840682699311513
64,0.1666666666666667,0.5,0.0,0.0030864197530864196,x,y,x,-0.16051013738804304
64,0.1666666666666667,0.5,0.0,0.0030864197530864196,x,y,y,-0.10302639287179068
64,0.1666666666666667,0.5,0.0,0.0030864197530864196,x,y,z,0.3778086754579925
64,0.1666666666666667,0.5,0.0,0.0030864197530864196,x,z,x,-0.005368286365072087
64,0.1666666666666667,0.5,0.0,0.0030864197530864196,x,z,y,-0.8295206461409667
64,0.1666666666666667,0.5,0.0,0.0030864197530864196,x,z,z,-0.021568573170065296
64,0.1666666666666667,0.5,0.0,0.0030864197530864196,y,x,x,-0.02088483777966462
64,0.1666666666666667,0.5,0.0,0.0030864197530864196,y,x,y,-0.6458653845362611
64,0.1666666666666667,0.5,0.0,0.0030864197530864196,y,x,z,-0.5118407164172178
64,0.1666666666666667,0.5,0.0,0.0030864197530864196,y,y,x,0.5489230404746294
64,0.1666666666666667,0.5,0.0,0.0030864197530864196,y,y,y,0.09375822381957472
64,0.1666666666666667,0.5,0.0,0.0030864197530864196,y,y,z,-0.05230418233764756
64,0.1666666666666667,0.5,0.0,0.0030864197530864196,y,z,x,0.4696215308188512
64,0.1666666666666667,0.5,0.0,0.0030864197530864196,y,z,y,0.14569917588435588
64,0.1666666666666667,0.5,0.0,0.0030864197530864196,y,z,z,0.020457640050945112
64,0.1666666666666667,0.5,0.0,0.0030864197530864196,z,x,x,0.005499670649642139
64,0.1666666666666667,0.5,0.0,0.0030864197530864196,z,x,y,0.4236770054075359
64,0.1666666666666667,0.5,0.0,0.0030864197530864196,z,x,z,0.28644800477617244
64,0.1666666666666667,0.5,0.0,0.0030864197530864196,z,y,x,-0.8053503623771012
64,0.1666666666666667,0.5,0.0,0.0030864197530864196,z,y,y,0.06621234720763236
64,0.1666666666666667,0.5,0.0,0.0030864197530864196,z,y,z,0.28339977407997013
64,0.1666666666666667,0.5,0.0,0.0030864197530864196,z,z,x,0.016548209980682845
64,0.1666666666666667,0.5,0.0,0.0030864197530864196,z,z,y,-0.17354272292935724
64,0.1666666666666667,0.5,0.0,0.0030864197530864196,z,z,z,-0.005543846327461343
65,0.1666666666666667,-0.4444444444444444,0.0,0.0030864197530864196,x,x,x,0.45707611204542986
65,0.1666666666666667,-0.4444444444444444,0.0,0.0030864197530864196,x,x,y,0.018750961328694502
65,0.1666666666666667,-0.4444444444444444,0.0,0.0030864197530864196,x,x,z,-0.031011121506073692
65,0.1666666666666667,-0.4444444444444444,0.0,0.0030864197530864196,x,y,x,-0.04136829742911854
65,0.1666666666666667,-0.4444444444444444,0.0,0.0030864197530864196,x,y,y,-0.07971504807197077
65,0.1666666666666667,-0.4444444444444444,0.0,0.0030864197530864196,x,y,z,0.3198166502501743
65,0.1666666666666667,-0.4444444444444444,0.0,0.0030864197530864196,x,z,x,0.0009572353148820034
65,0.1666666666666667,-0.4444444444444444,0.0,0.0030864197530864196,x,z,y,-0.7731184743138254
65,0.1666666666666667,-0.4444444444444444,0.0,0.0030864197530864196,x,z,z,-0.04217683160752531
65,0.1666666666666667,-0.4444444444444444,0.0,0.0030864197530864196,y,x,x,-0.010970434408038385
65,0.1666666666666667,-0.4444444444444444,0.0,0.0030864197530864196,y,x,y,-0.6981090123090906
65,0.1666666666666667,-0.4444444444444444,0.0,0.0030864197530864196,y,x,z,-0.44255669021779503
65,0.1666666666666667,-0.4444444444444444,0.0,0.0030864197530864196,y,y,x,0.5898179551445004
65,0.1666666666666667,-0.4444444444444444,0.0,0.0030864197530864196,y,y,y,0.025437939311016518
65,0.1666666666666667,-0.4444444444444444,0.0,0.0030864197530864196,y,y,z,-0.024656312853794327
65,0.1666666666666667,-0.4444444444444444,0.0,0.0030864197530864196,y,z,x,0.4493367115312651
65,0.1666666666666667,-0.4444444444444444,0.0,0.0030864197530864196,y,z,y,0.04997335851351337
65,0.1666666666666667,-0.4444444444444444,0.0,0.0030864197530864196,y,z,z,0.006060271454919963
65,0.1666666666666667,-0.4444444444444444,0.0,0.0030864197530864196,z,x,x,-0.0001358282344140163
65,0.1666666666666667,-0.4444444444444444,0.0,0.0030864197530864196,z,x,y,0.4887366591691533
65,0.1666666666666667,-0.4444444444444444,0.0,0.0030864197530864196,z,x,z,0.3104729409251947
65,0.1666666666666667,-0.4444444444444444,0.0,0.0030864197530864196,z,y,x,-0.8559199636459877
65,0.1666666666666667,-0.4444444444444444,0.0,0.0030864197530864196,z,y,y,0.01794783455526142
65,0.1666666666666667,-0.4444444444444444,0.0,0.0030864197530864196,z,y,z,0.09438254970555535
65,0.1666666666666667,-0.4444444444444444,0.0,0.0030864197530864196,z,z,x,0.01656060665191371
65,0.1666666666666667,-0.4444444444444444,0.0,0.0030864197530864196,z,z,y,-0.05735808959360361
65,0.1666666666666667,-0.4444444444444444,0.0,0.0030864197530864196,z,z,z,-0.002479489881933179
66,0.1666666666666667,-0.3888888888888888,0.0,0.0030864197530864196,x,x,x,0.45707598001129895
66,0.1666666666666667,-0.3888888888888888,0.0,0.0030864197530864196,x,x,y,-0.018749007623922547
66,0.1666666666666667,-0.3888888888888888,0.0,0.0030864197530864196,x,x,z,0.031011226877905695
66,0.1666666666666667,-0.3888888888888888,0.0,0.0030864197530864196,x,y,x,0.041363250054534846
66,0.1666666666666667,-0.3888888888888888,0.0,0.0030864197530864196,x,y,y,-0.07971503284168728
66,0.1666666666666667,-0.3888888888888888,0.0,0.0030864197530864196,x,y,z,0.31981632736420573
66,0.1666666666666667,-0.3888888888888888,0.0,0.0030864197530864196,x,z,x,-0.0009564919414356683
66,0.1666666666666667,-0.3888888888888888,0.0,0.0030864197530864196,x,z,y,-0.7731179484224044
66,0.1666666666666667,-0.3888888888888888,0.0,0.0030864197530864196,x,z,z,-0.04217679256233835
66,0.1666666666666667,-0.3888888888888888,0.0,0.0030864197530864196,y,x,x,0.010971234397225986
66,0.1666666666666667,-0.3888888888888888,0.0,0.0030864197530864196,y,x,y,-0.6981091096101661
66,0.1666666666666667,-0.3888888888888888,0.0,0.0030864197530864196,y,x,z,-0.44255669635327094
66,0.1666666666666667,-0.3888888888888888,0.0,0.0030864197530864196,y,y,x,0.589818171277362
66,0.1666666666666667,-0.3888888888888888,0.0,0.0030864197530864196,y,y,y,-0.025438254288087235
66,0.1666666666666667,-0.3888888888888888,0.0,0.0030864197530864196,y,y,z,0.024657554362695795
66,0.1666666666666667,-0.3888888888888888,0.0,0.0030864197530864196,y,z,x,0.4493366617597028
66,0.1666666666666667,-0.3888888888888888,0.0,0.0030864197530864196,y,z,y,-0.049975532991633174
66,0.1666666666666667,-0.3888888888888888,0.0,0.0030864197530864196,y,z,z,-0.00606064716847168
66,0.1666666666666667,-0.3888888888888888,0.0,0.0030864197530864196,z,x,x,0.00013619407060623133
66,0.1666666666666667,-0.3888888888888888,0.0,0.0030864197530864196,z,x,y,0.4887358448714832
66,0.1666666666666667,-0.3888888888888888,0.0,0.0030864197530864196,z,x,z,0.3104726501772789
66,0.1666666666666667,-0.3888888888888888,0.0,0.0030864197530864196,z,y,x,-0.8559191320933278
66,0.1666666666666667,-0.3888888888888888,0.0,0.0030864197530864196,z,y,y,-0.017947955341766807
66,0.1666666666666667,-0.3888888888888888,0.0,0.0030864197530864196,z,y,z,-0.09438134731480613
66,0.1666666666666667,-0.3888888888888888,0.0,0.0030864197530864196,z,z,x,0.01656086160971242
66,0.1666666666666667,-0.3888888888888888,0.0,0.0030864197530864196,z,z,y,0.05735555491496674
66,0.1666666666666667,-0.3888888888888888,0.0,0.0030864197530864196,z,z,z,0.0024794721991695926
67,0.1666666666666667,-0.3333333333333334,0.0,0.0030864197530864196,x,x,x,0.44091910695287334
67,0.1666666666666667,-0.3333333333333334,0.0,0.0030864197530864196,x,x,y,-0.08800178846391313
67,0.1666666666666667,-0.3333333333333334,0.0,0.0030864197530864196,x,x,z,0.09840688676658878
67,0.1666666666666667,-0.3333333333333334,0.0,0.0030864197530864196,x,y,x,0.1605048813646465
67,0.1666666666666667,-0.3333333333333334,0.0,0.0030864197530864196,x,y,y,-0.1030263957205043
67,0.1666666666666667,-0.3333333333333334,0.0,0.0030864197530864196,x,y,z,0.3778077981634593
67,0.1666666666666667,-0.3333333333333334,0.0,0.0030864197530864196,x,z,x,0.005369277942374654
67,0.1666666666666667,-0.3333333333333334,0.0,0.0030864197530864196,x,z,y,-0.8295192041490722
67,0.1666666666666667,-0.3333333333333334,0.0,0.0030864197530864196,x,z,z,-0.02156853200114077
67,0.1666666666666667,-0.3333333333333334,0.0,0.0030864197530864196,y,x,x,0.02088563908738269
67,0.1666666666666667,-0.3333333333333334,0.0,0.0030864197530864196,y,x,y,-0.6458658858841616
67,0.1666666666666667,-0.3333333333333334,0.0,0.0030864197530864196,y,x,z,-0.5118406950871357
67,0.1666666666666667,-0.3333333333333334,0.0,0.0030864197530864196,y,y,x,0.5489237771637264
67,0.1666666666666667,-0.3333333333333334,0.0,0.0030864197530864196,y,y,y,-0.09375864805633832
67,0.1666666666666667,-0.3333333333333334,0.0,0.0030864197530864196,y,y,z,0.052305434741340244
67,0.1666666666666667,-0.3333333333333334,0.0,0.0030864197530864196,y,z,x,0.4696212967499174
67,0.1666666666666667,-0.3333333333333334,0.0,0.0030864197530864196,y,z,y,-0.14570156816938454
67,0.1666666666666667,-0.3333333333333334,0.0,0.0030864197530864196,y,z,z,-0.020457996787575844
67,0.1666666666666667,-0.3333333333333334,0.0,0.0030864197530864196,z,x,x,-0.005499378599832605
67,0.1666666666666667,-0.3333333333333334,0.0,0.0030864197530864196,z,x,y,0.4236746707021283
67,0.1666666666666667,-0.3333333333333334,0.0,0.0030864197530864196,z,x,z,0.2864472041531762
67,0.1666666666666667,-0.3333333333333334,0.0,0.0030864197530864196,z,y,x,-0.8053476991182829
67,0.1666666666666667,-0.3333333333333334,0.0,0.0030864197530864196,z,y,y,-0.06621235543387873
67,0.1666666666666667,-0.3333333333333334,0.0,0.0030864197530864196,z,y,z,-0.2833984505690727
67,0.1666666666666667,-0.3333333333333334,0.0,0.0030864197530864196,z,z,x,0.016548902588725614
67,0.1666666666666667,-0.3333333333333334,0.0,0.0030864197530864196,z,z,y,0.17354022109726833
67,0.1666666666666667,-0.3333333333333334,0.0,0.0030864197530864196,z,z,z,0.005543865475333735
68,0.1666666666666667,-0.2777777777777778,0.0,0.0030864197530864196,x,x,x,0.39511429331096926
68,0.1666666666666667,-0.2777777777777778,0.0,0.0030864197530864196,x,x,y,-0.24020433143794487
68,0.1666666666666667,-0.2777777777777778,0.0,0.0030864197530864196,x,x,z,0.15249819025068448
68,0.1666666666666667,-0.2777777777777778,0.0,0.0030864197530864196,x,y,x,0.28318474906764224
68,0.1666666666666667,-0.2777777777777778,0.0,0.0030864197530864196,x,y,y,-0.14875290602387498
68,0.1666666666666667,-0.2777777777777778,0.0,0.0030864197530864196,x,y,z,0.5119853964310469
68,0.1666666666666667,-0.2777777777777778,0.0,0.0030864197530864196,x,z,x,0.020672390633369845
68,0.1666666666666667,-0.2777777777777778,0.0,0.0030864197530864196,x,z,y,-0.9052568189496625
68,0.1666666666666667,-0.2777777777777778,0.0,0.0030864197530864196,x,z,z,-0.0030803335500557685
68,0.1666666666666667,-0.2777777777777778,0.0,0.0030864197530864196,y,x,x,0.019318022600218088
68,0.1666666666666667,-0.2777777777777778,0.0,0.0030864197530864196,y,x,y,-0.5159496887812172
68,0.1666666666666667,-0.2777777777777778,0.0,0.0030864197530864196,y,x,z,-0.6527910800129073
68,0.1666666666666667,-0.2777777777777778,0.0,0.0030864197530864196,y,y,x,0.4871887221284635
68,0.1666666666666667,-0.2777777777777778,0.0,0.0030864197530864196,y,y,y,-0.16002279902178296
68,0.1666666666666667,-0.2777777777777778,0.0,0.0030864197530864196,y,y,z,0.025187227687647893
68,0.1666666666666667,-0.2777777777777778,0.0,0.0030864197530864196,y,z,x,0.5487124263805242
68,0.1666666666666667,-0.2777777777777778,0.0,0.0030864197530864196,y,z,y,-0.1876098758743588
68,0.1666666666666667,-0.2777777777777778,0.0,0.0030864197530864196,y,z,z,-0.021441408433891713
68,0.1666666666666667,-0.2777777777777778,0.0,0.0030864197530864196,z,x,x,-0.008153673613743771
68,0.1666666666666667,-0.2777777777777778,0.0,0.0030864197530864196,z,x,y,0.2621437586574258
68,0.1666666666666667,-0.2777777777777778,0.0,0.0030864197530864196,z,x,z,0.2642816944319172
68,0.1666666666666667,-0.2777777777777778,0.0,0.0030864197530864196,z,y,x,-0.6095272523262378
68,0.1666666666666667,-0.2777777777777778,0.0,0.0030864197530864196,z,y,y,-0.11073987095365374
68,0.1666666666666667,-0.2777777777777778,0.0,0.0030864197530864196,z,y,z,-0.46829767745195233
68,0.1666666666666667,-0.2777777777777778,0.0,0.0030864197530864196,z,z,x,0.0006212763863297242
68,0.1666666666666667,-0.2777777777777778,0.0,0.0030864197530864196,z,z,y,0.25625727527901904
68,0.1666666666666667,-0.2777777777777778,0.0,0.0030864197530864196,z,z,z,0.009551232459118807
69,0.1666666666666667,-0.2222222222222222,0.0,0.0030864197530864196,x,x,x,0.31030446731636435
69,0.1666666666666667,-0.2222222222222222,0.0,0.0030864197530864196,x,x,y,-0.5042449211528018
69,0.1666666666666667,-0.2222222222222222,0.0,0.0030864197530864196,x,x,z,0.1920685782621353
69,0.1666666666666667,-0.2222222222222222,0.0,0.0030864197530864196,x,y,x,0.5296624663881444
69,0.1666666666666667,-0.2222222222222222,0.0,0.0030864197530864196,x,y,y,-0.1292262373078
69,0.1666666666666667,-0.2222222222222222,0.0,0.0030864197530864196,x,y,z,0.6955543301864641
69,0.1666666666666667,-0.2222222222222222,0.0,0.0030864197530864196,x,z,x,0.0590215385991849
69,0.1666666666666667,-0.2222222222222222,0.0,0.0030864197530864196,x,z,y,-0.9031168174646295
69,0.1666666666666667,-0.2222222222222222,0.0,0.0030864197530864196,x,z,z,0.025856008903194026
69,0.1666666666666667,-0.2222222222222222,0.0,0.0030864197530864196,y,x,x,-0.02274498033902793
69,0.1666666666666667,-0.2222222222222222,0.0,0.0030864197530864196,y,x,y,-0.3340335334681049
69,0.1666666666666667,-0.2222222222222222,0.0,0.0030864197530864196,y,x,z,-0.8454297549458418
69,0.1666666666666667,-0.2222222222222222,0.0,0.0030864197530864196,y,y,x,0.3606324457977904
69,0.1666666666666667,-0.2222222222222222,0.0,0.0030864197530864196,y,y,y,-0.21574764056663312
69,0.1666666666666667,-0.2222222222222222,0.0,0.0030864197530864196,y,y,z,-0.036431905376032886
69,0.1666666666666667,-0.2222222222222222,0.0,0.0030864197530864196,y,z,x,0.6093389477670581
69,0.1666666666666667,-0.2222222222222222,0.0,0.0030864197530864196,y,z,y,-0.1787800296521828
69,0.1666666666666667,-0.2222222222222222,0.0,0.0030864197530864196,y,z,z,-0.03402848934252543
69,0.1666666666666667,-0.2222222222222222,0.0,0.0030864197530864196,z,x,x,0.02989680151017844
69,0.1666666666666667,-0.2222222222222222,0.0,0.0030864197530864196,z,x,y,0.015819941337276575
69,0.1666666666666667,-0.2222222222222222,0.0,0.0030864197530864196,z,x,z,0.2615297239444502
69,0.1666666666666667,-0.2222222222222222,0.0,0.0030864197530864196,z,y,x,-0.2949427051803914
69,0.1666666666666667,-0.2222222222222222,0.0,0.0030864197530864196,z,y,y,-0.14888195541160243
69,0.1666666666666667,-0.2222222222222222,0.0,0.0030864197530864196,z,y,z,-0.5910944285360631
69,0.1666666666666667,-0.2222222222222222,0.0,0.0030864197530864196,z,z,x,-0.05201756301288682
69,0.1666666666666667,-0.2222222222222222,0.0,0.0030864197530864196,z,z,y,0.2946055662676794
69,0.1666666666666667,-0.2222222222222222,0.0,0.0030864197530864196,z,z,z,0.00413439337761554
70,0.1666666666666667,-0.1666666666666666,0.0,0.0030864197530864196,x,x,x,0.06665693664172045
70,0.1666666666666667,-0.1666666666666666,0.0,0.0030864197530864196,x,x,y,-0.671097208043857
70,0.1666666666666667,-0.1666666666666666,0.0,0.0030864197530864196,x,x,z,0.16083741374545693
70,0.1666666666666667,-0.1666666666666666,0.0,0.0030864197530864196,x,y,x,0.7267995259388718
70,0.1666666666666667,-0.1666666666666666,0.0,0.0030864197530864196,x,y,y,0.12665976373567983
70,0.1666666666666667,-0.1666666666666666,0.0,0.0030864197530864196,x,y,z,0.8436319253853684
70,0.1666666666666667,-0.1666666666666666,0.0,0.0030864197530864196,x,z,x,0.09080286253855949
70,0.1666666666666667,-0.1666666666666666,0.0,0.0030864197530864196,x,z,y,-0.6703055044466124
70,0.1666666666666667,-0.1666666666666666,0.0,0.0030864197530864196,x,z,z,0.04267301912312501
70,0.1666666666666667,-0.1666666666666666,0.0,0.0030864197530864196,y,x,x,-0.19527085933430985
70,0.1666666666666667,-0.1666666666666666,0.0,0.0030864197530864196,y,x,y,-0.4056777488675687
70,0.1666666666666667,-0.1666666666666666,0.0,0.0030864197530864196,y,x,z,-1.0293311784563213
70,0.1666666666666667,-0.1666666666666666,0.0,0.0030864197530864196,y,y,x,0.40135531687259934
70,0.1666666666666667,-0.1666666666666666,0.0,0.0030864197530864196,y,y,y,-0.13956534180850294
70,0.1666666666666667,-0.1666666666666666,0.0,0.0030864197530864196,y,y,z,-0.16083674196495296
70,0.1666666666666667,-0.1666666666666666,0.0,0.0030864197530864196,y,z,x,0.5654260813109077
70,0.1666666666666667,-0.1666666666666666,0.0,0.0030864197530864196,y,z,y,-0.09080916819089241
70,0.1666666666666667,-0.1666666666666666,0.0,0.0030864197530864196,y,z,z,-0.07390685068728481
70,0.1666666666666667,-0.1666666666666666,0.0,0.0030864197530864196,z,x,x,0.12946640946509747
70,0.1666666666666667,-0.1666666666666666,0.0,0.0030864197530864196,z,x,y,-0.20663081791211732
70,0.1666666666666667,-0.1666666666666666,0.0,0.0030864197530864196,z,x,z,0.30568485149694363
70,0.1666666666666667,-0.1666666666666666,0.0,0.0030864197530864196,z,y,x,0.05712749188236554
70,0.1666666666666667,-0.1666666666666666,0.0,0.0030864197530864196,z,y,y,-0.12946864575355013
70,0.1666666666666667,-0.1666666666666666,0.0,0.0030864197530864196,z,y,z,-0.5295232749196169
70,0.1666666666666667,-0.1666666666666666,0.0,0.0030864197530864196,z,z,x,-0.12213087499504104
70,0.1666666666666667,-0.1666666666666666,0.0,0.0030864197530864196,z,z,y,0.21158349821724085
70,0.1666666666666667,-0.1666666666666666,0.0,0.0030864197530864196,z,z,z,-2.461238395107253e-06
71,0.1666666666666667,-0.1111111111111112,0.0,0.0030864197530864196,x,x,x,-0.5050127950962418
71,0.1666666666666667,-0.1111111111111112,0.0,0.0030864197530864196,x,x,y,0.10023427816135728
71,0.1666666666666667,-0.1111111111111112,0.0,0.0030864197530864196,x,x,z,-0.06146509211527066
71,0.1666666666666667,-0.1111111111111112,0.0,0.0030864197530864196,x,y,x,0.11307898542748392
71,0.1666666666666667,-0.1111111111111112,0.0,0.0030864197530864196,x,y,y,1.0564496748327825
71,0.1666666666666667,-0.1111111111111112,0.0,0.0030864197530864196,x,y,z,0.7054170166135706
71,0.1666666666666667,-0.1111111111111112,0.0,0.0030864197530864196,x,z,x,0.12265544878466436
71,0.1666666666666667,-0.1111111111111112,0.0,0.0030864197530864196,x,z,y,0.18687822786471361
71,0.1666666666666667,-0.1111111111111112,0.0,0.0030864197530864196,x,z,z,0.025273042199405106
71,0.1666666666666667,-0.1111111111111112,0.0,0.0030864197530864196,y,x,x,-0.506648811757979
71,0.1666666666666667,-0.1111111111111112,0.0,0.0030864197530864196,y,x,y,-1.5289324146722734
71,0.1666666666666667,-0.1111111111111112,0.0,0.0030864197530864196,y,x,z,-1.1374991164925194
71,0.1666666666666667,-0.1111111111111112,0.0,0.0030864197530864196,y,y,x,1.3949819654160058
71,0.1666666666666667,-0.1111111111111112,0.0,0.0030864197530864196,y,y,y,0.3270068324123646
71,0.1666666666666667,-0.1111111111111112,0.0,0.0030864197530864196,y,y,z,-0.21656784546386348
71,0.1666666666666667,-0.1111111111111112,0.0,0.0030864197530864196,y,z,x,0.18800369997751049
71,0.1666666666666667,-0.1111111111111112,0.0,0.0030864197530864196,y,z,y,-0.04066595747236796
71,0.1666666666666667,-0.1111111111111112,0.0,0.0030864197530864196,y,z,z,-0.16339625529249827
71,0.1666666666666667,-0.1111111111111112,0.0,0.0030864197530864196,z,x,x,0.25495408356788624
71,0.1666666666666667,-0.1111111111111112,0.0,0.0030864197530864196,z,x,y,-0.3787014704463923
71,0.1666666666666667,-0.1111111111111112,0.0,0.0030864197530864196,z,x,z,0.43663905858452573
71,0.1666666666666667,-0.1111111111111112,0.0,0.0030864197530864196,z,y,x,0.2829687582019311
71,0.1666666666666667,-0.1111111111111112,0.0,0.0030864197530864196,z,y,y,0.14722833295195284
71,0.1666666666666667,-0.1111111111111112,0.0,0.0030864197530864196,z,y,z,-0.250929825433177
71,0.1666666666666667,-0.1111111111111112,0.0,0.0030864197530864196,z,z,x,-0.15004524861233465
71,0.1666666666666667,-0.1111111111111112,0.0,0.0030864197530864196,z,z,y,0.27794909880057506
71,0.1666666666666667,-0.1111111111111112,0.0,0.0030864197530864196,z,z,z,-0.0323086464344763
72,0.1666666666666667,-0.0555555555555556,0.0,0.0030864197530864196,x,x,x,-1.5992812651210349
72,0.1666666666666667,-0.0555555555555556,0.0,0.0030864197530864196,x,x,y,5.1489989756517005
72,0.1666666666666667,-0.0555555555555556,0.0,0.0030864197530864196,x,x,z,-0.9487688424515306
72,0.1666666666666667,-0.0555555555555556,0.0,0.0030864197530864196,x,y,x,-4.360820250960365
72,0.1666666666666667,-0.0555555555555556,0.0,0.0030864197530864196,x,y,y,3.522214667268343
72,0.1666666666666667,-0.0555555555555556,0.0,0.0030864197530864196,x,y,z,-0.5684306850143861
72,0.1666666666666667,-0.0555555555555556,0.0,0.0030864197530864196,x,z,x,0.4779946581725142
72,0.1666666666666667,-0.0555555555555556,0.0,0.0030864197530864196,x,z,y,2.9242088395731556
72,0.1666666666666667,-0.0555555555555556,0.0,0.0030864197530864196,x,z,z,-0.1343742864959273
72,0.1666666666666667,-0.0555555555555556,0.0,0.0030864197530864196,y,x,x,-0.40613361333327147
72,0.1666666666666667,-0.0555555555555556,0.0,0.0030864197530864196,y,x,y,-5.106149696286714
72,0.1666666666666667,-0.0555555555555556,0.0,0.0030864197530864196,y,x,z,-0.8504715402026097
72,0.1666666666666667,-0.0555555555555556,0.0,0.0030864197530864196,y,y,x,5.80612057436694
72,0.1666666666666667,-0.0555555555555556,0.0,0.0030864197530864196,y,y,y,1.9143062681932514
72,0.1666666666666667,-0.0555555555555556,0.0,0.0030864197530864196,y,y,z,0.3801158499580664
72,0.1666666666666667,-0.0555555555555556,0.0,0.0030864197530864196,y,z,x,-1.302121831395642
72,0.1666666666666667,-0.0555555555555556,0.0,0.0030864197530864196,y,z,y,-0.350462022222101
72,0.1666666666666667,-0.0555555555555556,0.0,0.0030864197530864196,y,z,z,-0.413852816557618
72,0.1666666666666667,-0.0555555555555556,0.0,0.0030864197530864196,z,x,x,-0.14396013021984103
72,0.1666666666666667,-0.0555555555555556,0.0,0.0030864197530864196,z,x,y,-0.6701182757105545
72,0.1666666666666667,-0.0555555555555556,0.0,0.0030864197530864196,z,x,z,0.6596599508116663
72,0.1666666666666667,-0.0555555555555556,0.0,0.0030864197530864196,z,y,x,-0.16167430166297236
72,0.1666666666666667,-0.0555555555555556,0.0,0.0030864197530864196,z,y,y,1.3747608613068885
72,0.1666666666666667,-0.0555555555555556,0.0,0.0030864197530864196,z,y,z,0.2018825783519068
72,0.1666666666666667,-0.0555555555555556,0.0,0.0030864197530864196,z,z,x,0.425671994391249
72,0.1666666666666667,-0.0555555555555556,0.0,0.0030864197530864196,z,z,y,1.645276281296756
72,0.1666666666666667,-0.0555555555555556,0.0,0.0030864197530864196,z,z,z,-0.0541880088083272
73,0.2222222222222222,0.0,0.0,0.0030864197530864196,x,x,x,-0.3762846335109704
73,0.2222222222222222,0.0,0.0,0.0030864197530864196,x,x,y,13.790201123853533
73,0.2222222222222222,0.0,0.0,0.0030864197530864196,x,x,z,-1.9572281265166482
73,0.2222222222222222,0.0,0.0,0.0030864197530864196,x,y,x,-14.831765749833174
73,0.2222222222222222,0.0,0.0,0.0030864197530864196,x,y,y,1.9120621875744903
73,0.2222222222222222,0.0,0.0,0.0030864197530864196,x,y,z,-2.588430738772903
73,0.2222222222222222,0.0,0.0,0.0030864197530864196,x,z,x,2.121276251626032
73,0.2222222222222222,0.0,0.0,0.0030864197530864196,x,z,y,5.2374663262038155
73,0.2222222222222222,0.0,0.0,0.0030864197530864196,x,z,z,-0.3099376688836931
73,0.2222222222222222,0.0,0.0,0.0030864197530864196,y,x,x,1.8507592368183965
73,0.2222222222222222,0.0,0.0,0.0030864197530864196,y,x,y,-7.719540417839244
73,0.2222222222222222,0.0,0.0,0.0030864197530864196,y,x,z,0.3284984515164351
73,0.2222222222222222,0.0,0.0,0.0030864197530864196,y,y,x,8.805141189499839
73,0.2222222222222222,0.0,0.0,0.0030864197530864196,y,y,y,0.8092144825497132
73,0.2222222222222222,0.0,0.0,0.0030864197530864196,y,y,z,1.9573468898792141
73,0.2222222222222222,0.0,0.0,0.0030864197530864196,y,z,x,-2.788076449388654
73,0.2222222222222222,0.0,0.0,0.0030864197530864196,y,z,y,-2.1213731689235216
73,0.2222222222222222,0.0,0.0,0.0030864197530864196,y,z,z,-0.5368033282752086
73,0.2222222222222222,0.0,0.0,0.0030864197530864196,z,x,x,-1.1980287024840097
73,0.2222222222222222,0.0,0.0,0.0030864197530864196,z,x,y,-5.728381700446673
73,0.2222222222222222,0.0,0.0,0.0030864197530864196,z,x,z,0.6583628190311019
73,0.2222222222222222,0.0,0.0,0.0030864197530864196,z,y,x,4.344956288569341
73,0.2222222222222222,0.0,0.0,0.0030864197530864196,z,y,y,1.1981044835159598
73,0.2222222222222222,0.0,0.0,0.0030864197530864196,z,y,z,1.1404207352542033
73,0.2222222222222222,0.0,0.0,0.0030864197530864196,z,z,x,1.2654537056092467
73,0.2222222222222222,0.0,0.0,0.0030864197530864196,z,z,y,2.191806834810951
73,0.2222222222222222,0.0,0.0,0.0030864197530864196,z,z,z,-2.062012269927853e-05
74,0.2222222222222222,0.0555555555555556,0.0,0.0030864197530864196,x,x,x,-0.05731458073071772
74,0.2222222222222222,0.0555555555555556,0.0,0.0030864197530864196,x,x,y,6.916954901533053
74,0.2222222222222222,0.0555555555555556,0.0,0.0030864197530864196,x,x,z,-0.662275222942608
74,0.2222222222222222,0.0555555555555556,0.0,0.0030864197530864196,x,y,x,-7.288224697456011
74,0.2222222222222222,0.0555555555555556,0.0,0.0030864197530864196,x,y,y,0.40197113288926384
74,0.2222222222222222,0.0555555555555556,0.0,0.0030864197530864196,x,y,z,-0.07957021478828892
74,0.2222222222222222,0.0555555555555556,0.0,0.0030864197530864196,x,z,x,0.8457107030571742
74,0.2222222222222222,0.0555555555555556,0.0,0.0030864197530864196,x,z,y,2.0662708370871945
74,0.2222222222222222,0.0555555555555556,0.0,0.0030864197530864196,x,z,z,-0.2912307114391172
74,0.2222222222222222,0.0555555555555556,0.0,0.0030864197530864196,y,x,x,2.1614003259659107
74,0.2222222222222222,0.0555555555555556,0.0,0.0030864197530864196,y,x,y,1.2913681655226252
74,0.2222222222222222,0.0555555555555556,0.0,0.0030864197530864196,y,x,z,-0.3616842026727744
74,0.2222222222222222,0.0555555555555556,0.0,0.0030864197530864196,y,y,x,4.0707390624176085
74,0.2222222222222222,0.0555555555555556,0.0,0.0030864197530864196,y,y,y,0.2579174068640559
74,0.2222222222222222,0.0555555555555556,0.0,0.0030864197530864196,y,y,z,1.2310209802146328
74,0.2222222222222222,0.0555555555555556,0.0,0.0030864197530864196,y,z,x,-2.1599523300390264
74,0.2222222222222222,0.0555555555555556,0.0,0.0030864197530864196,y,z,y,-0.9733178073772082
74,0.2222222222222222,0.0555555555555556,0.0,0.0030864197530864196,y,z,z,-0.3232909844556327
74,0.2222222222222222,0.0555555555555556,0.0,0.0030864197530864196,z,x,x,-1.3551936428672362
74,0.2222222222222222,0.0555555555555556,0.0,0.0030864197530864196,z,x,y,-0.7038993595628863
74,0.2222222222222222,0.0555555555555556,0.0,0.0030864197530864196,z,x,z,-0.1550498066168238
74,0.2222222222222222,0.0555555555555556,0.0,0.0030864197530864196,z,y,x,-0.19548325144171683
74,0.2222222222222222,0.0555555555555556,0.0,0.0030864197530864196,z,y,y,0.1244734015722624
74,0.2222222222222222,0.0555555555555556,0.0,0.0030864197530864196,z,y,z,0.672254646968901
74,0.2222222222222222,0.0555555555555556,0.0,0.0030864197530864196,z,z,x,1.2120353726881947
74,0.2222222222222222,0.0555555555555556,0.0,0.0030864197530864196,z,z,y,1.191259216141776
74,0.2222222222222222,0.0555555555555556,0.0,0.0030864197530864196,z,z,z,0.0541671126884964
75,0.2222222222222222,0.1111111111111111,0.0,0.0030864197530864196,x,x,x,-0.21858009624946778
75,0.2222222222222222,0.1111111111111111,0.0,0.0030864197530864196,x,x,y,6.395757704137232e-06
75,0.2222222222222222,0.1111111111111111,0.0,0.0030864197530864196,x,x,z,8.683095335383093e-07
75,0.2222222222222222,0.1111111111111111,0.0,0.0030864197530864196,x,y,x,6.29913219125412e-06
75,0.2222222222222222,0.1111111111111111,0.0,0.0030864197530864196,x,y,y,0.19585897763012858
75,0.2222222222222222,0.1111111111111111,0.0,0.0030864197530864196,x,y,z,1.0243012927262674
75,0.2222222222222222,0.1111111111111111,0.0,0.0030864197530864196,x,z,x,-3.508263509539834e-06
75,0.2222222222222222,0.1111111111111111,0.0,0.0030864197530864196,x,z,y,0.47390894470466804
75,0.2222222222222222,0.1111111111111111,0.0,0.0030864197530864196,x,z,z,-0.24835798116646413
75,0.2222222222222222,0.1111111111111111,0.0,0.0030864197530864196,y,x,x,-7.32862726425434e-07
75,0.2222222222222222,0.1111111111111111,0.0,0.0030864197530864196,y,x,y,2.90523804129791
75,0.2222222222222222,0.1111111111111111,0.0,0.0030864197530864196,y,x,z,-0.839793041078097
75,0.2222222222222222,0.1111111111111111,0.0,0.0030864197530864196,y,y,x,2.0535339358756293
75,0.2222222222222222,0.1111111111111111,0.0,0.0030864197530864196,y,y,y,4.004173198110524e-06
75,0.2222222222222222,0.1111111111111111,0.0,0.0030864197530864196,y,y,z,6.630306423036535e-07
75,0.2222222222222222,0.1111111111111111,0.0,0.0030864197530864196,y,z,x,-1.4297012273508745
75,0.2222222222222222,0.1111111111111111,0.0,0.0030864197530864196,y,z,y,-2.585631232494947e-06
75,0.2222222222222222,0.1111111111111111,0.0,0.0030864197530864196,y,z,z,7.41971845336457e-09
75,0.2222222222222222,0.1111111111111111,0.0,0.0030864197530864196,z,x,x,8.16798229275223e-06
75,0.2222222222222222,0.1111111111111111,0.0,0.0030864197530864196,z,x,y,0.9592052096077414
75,0.2222222222222222,0.1111111111111111,0.0,0.0030864197530864196,z,x,z,-0.17792632486748663
75,0.2222222222222222,0.1111111111111111,0.0,0.0030864197530864196,z,y,x,-1.4237391708047336
75,0.2222222222222222,0.1111111111111111,0.0,0.0030864197530864196,z,y,y,2.836575446920425e-09
75,0.2222222222222222,0.1111111111111111,0.0,0.0030864197530864196,z,y,z,-3.4786120151051592e-06
75,0.2222222222222222,0.1111111111111111,0.0,0.0030864197530864196,z,z,x,0.6829933804364783
75,0.2222222222222222,0.1111111111111111,0.0,0.0030864197530864196,z,z,y,1.5616916443992814e-06
75,0.2222222222222222,0.1111111111111111,0.0,0.0030864197530864196,z,z,z,5.367763384562472e-07
76,0.2222222222222222,0.1666666666666667,0.0,0.0030864197530864196,x,x,x,-0.057317917593482
76,0.2222222222222222,0.1666666666666667,0.0,0.0030864197530864196,x,x,y,-6.916971209233542
76,0.2222222222222222,0.1666666666666667,0.0,0.0030864197530864196,x,x,z,0.662281065069062
76,0.2222222222222222,0.1666666666666667,0.0,0.0030864197530864196,x,y,x,7.288257358394476
76,0.2222222222222222,0.1666666666666667,0.0,0.0030864197530864196,x,y,y,0.4019808073649786
76,0.2222222222222222,0.1666666666666667,0.0,0.0030864197530864196,x,y,z,-0.07958092075025727
76,0.2222222222222222,0.1666666666666667,0.0,0.0030864197530864196,x,z,x,-0.8457219454638034
76,0.2222222222222222,0.1666666666666667,0.0,0.0030864197530864196,x,z,y,2.066283747137473
76,0.2222222222222222,0.1666666666666667,0.0,0.0030864197530864196,x,z,z,-0.29123094313777304
76,0.2222222222222222,0.1666666666666667,0.0,0.0030864197530864196,y,x,x,-2.1614056410877844
76,0.2222222222222222,0.1666666666666667,0.0,0.0030864197530864196,y,x,y,1.2913819282547758
76,0.2222222222222222,0.1666666666666667,0.0,0.0030864197530864196,y,x,z,-0.3616781137795061
76,0.2222222222222222,0.1666666666666667,0.0,0.0030864197530864196,y,y,x,4.070758614401894
76,0.2222222222222222,0.1666666666666667,0.0,0.0030864197530864196,y,y,y,-0.2579158021534683
76,0.2222222222222222,0.1666666666666667,0.0,0.0030864197530864196,y,y,z,-1.2310249759660403
76,0.2222222222222222,0.1666666666666667,0.0,0.0030864197530864196,y,z,x,-2.159959608124524
76,0.2222222222222222,0.1666666666666667,0.0,0.0030864197530864196,y,z,y,0.9733163728805131
76,0.2222222222222222,0.1666666666666667,0.0,0.0030864197530864196,y,z,z,0.3232920276794423
76,0.2222222222222222,0.1666666666666667,0.0,0.0030864197530864196,z,x,x,1.355213030939455
76,0.2222222222222222,0.1666666666666667,0.0,0.0030864197530864196,z,x,y,-0.7038838052038445
76,0.2222222222222222,0.1666666666666667,0.0,0.0030864197530864196,z,x,z,-0.15505028655225628
76,0.2222222222222222,0.1666666666666667,0.0,0.0030864197530864196,z,y,x,-0.19548248664407683
76,0.2222222222222222,0.1666666666666667,0.0,0.0030864197530864196,z,y,y,-0.12447496010259827
76,0.2222222222222222,0.1666666666666667,0.0,0.0030864197530864196,z,y,z,-0.6722639393899507
76,0.2222222222222222,0.1666666666666667,0.0,0.0030864197530864196,z,z,x,1.212040477337681
76,0.2222222222222222,0.1666666666666667,0.0,0.0030864197530864196,z,z,y,-1.1912619839261478
76,0.2222222222222222,0.1666666666666667,0.0,0.0030864197530864196,z,z,z,-0.05416659070225362
77,0.2222222222222222,0.2222222222222222,0.0,0.0030864197530864196,x,x,x,-0.3762877078506182
77,0.2222222222222222,0.2222222222222222,0.0,0.0030864197530864196,x,x,y,-13.790225069134756
77,0.2222222222222222,0.2222222222222222,0.0,0.0030864197530864196,x,x,z,1.9572404006071469
77,0.2222222222222222,0.2222222222222222,0.0,0.0030864197530864196,x,y,x,14.831765372070032
77,0.2222222222222222,0.2222222222222222,0.0,0.0030864197530864196,x,y,y,1.9120741566973105
77,0.2222222222222222,0.2222222222222222,0.0,0.0030864197530864196,x,y,z,-2.5884498555084616
77,0.2222222222222222,0.2222222222222222,0.0,0.0030864197530864196,x,z,x,-2.1212848491255194
77,0.2222222222222222,0.2222222222222222,0.0,0.0030864197530864196,x,z,y,5.237480424608174
77,0.2222222222222222,0.2222222222222222,0.0,0.0030864197530864196,x,z,z,-0.3099389476918901
77,0.2222222222222222,0.2222222222222222,0.0,0.0030864197530864196,y,x,x,-1.8507486193671785
77,0.2222222222222222,0.2222222222222222,0.0,0.0030864197530864196,y,x,y,-7.7195431031095465
77,0.2222222222222222,0.2222222222222222,0.0,0.0030864197530864196,y,x,z,0.32850314554461124
77,0.2222222222222222,0.2222222222222222,0.0,0.0030864197530864196,y,y,x,8.805171632508996
77,0.2222222222222222,0.2222222222222222,0.0,0.0030864197530864196,y,y,y,-0.8092241521807192
77,0.2222222222222222,0.2222222222222222,0.0,0.0030864197530864196,y,y,z,-1.9573516896663827
77,0.2222222222222222,0.2222222222222222,0.0,0.0030864197530864196,y,z,x,-2.788080481087142
77,0.2222222222222222,0.2222222222222222,0.0,0.0030864197530864196,y,z,y,2.12137651305136
77,0.2222222222222222,0.2222222222222222,0.0,0.0030864197530864196,y,z,z,0.536804406944634
77,0.2222222222222222,0.2222222222222222,0.0,0.0030864197530864196,z,x,x,1.198028599234407
77,0.2222222222222222,0.2222222222222222,0.0,0.0030864197530864196,z,x,y,-5.728337716895178
77,0.2222222222222222,0.2222222222222222,0.0,0.0030864197530864196,z,x,z,0.6583663132360622
77,0.2222222222222222,0.2222222222222222,0.0,0.0030864197530864196,z,y,x,4.344950749659895
77,0.2222222222222222,0.2222222222222222,0.0,0.0030864197530864196,z,y,y,-1.1981072189634627
77,0.2222222222222222,0.2222222222222222,0.0,0.0030864197530864196,z,y,z,-1.1404232530078144
77,0.2222222222222222,0.2222222222222222,0.0,0.0030864197530864196,z,z,x,1.2654562226696102
77,0.2222222222222222,0.2222222222222222,0.0,0.0030864197530864196,z,z,y,-2.1918178988887407
77,0.2222222222222222,0.2222222222222222,0.0,0.0030864197530864196,z,z,z,2.0945428696147222e-05
78,0.2222222222222222,0.2777777777777778,0.0,0.0030864197530864196,x,x,x,-0.5868118903685354
78,0.2222222222222222,0.2777777777777778,0.0,0.0030864197530864196,x,x,y,-3.247772392749996
78,0.2222222222222222,0.2777777777777778,0.0,0.0030864197530864196,x,x,z,0.9741313211188324
78,0.2222222222222222,0.2777777777777778,0.0,0.0030864197530864196,x,y,x,4.271005871537117
78,0.2222222222222222,0.2777777777777778,0.0,0.0030864197530864196,x,y,y,1.5580612167462717
78,0.2222222222222222,0.2777777777777778,0.0,0.0030864197530864196,x,y,z,-0.5926958236553095
78,0.2222222222222222,0.2777777777777778,0.0,0.0030864197530864196,x,z,x,-1.171264852843127
78,0.2222222222222222,0.2777777777777778,0.0,0.0030864197530864196,x,z,y,1.7783946210074126
78,0.2222222222222222,0.2777777777777778,0.0,0.0030864197530864196,x,z,z,-0.09290231361845817
78,0.2222222222222222,0.2777777777777778,0.0,0.0030864197530864196,y,x,x,0.45697769690629286
78,0.2222222222222222,0.2777777777777778,0.0,0.0030864197530864196,y,x,y,-5.413712229109
78,0.2222222222222222,0.2777777777777778,0.0,0.0030864197530864196,y,x,z,-0.5791095933018594
78,0.2222222222222222,0.2777777777777778,0.0,0.0030864197530864196,y,y,x,3.6649908449071926
78,0.2222222222222222,0.2777777777777778,0.0,0.0030864197530864196,y,y,y,-0.42708667437683157
78,0.2222222222222222,0.2777777777777778,0.0,0.0030864197530864196,y,y,z,-0.16698914318412597
78,0.2222222222222222,0.2777777777777778,0.0,0.0030864197530864196,y,z,x,-0.46042293551042085
78,0.2222222222222222,0.2777777777777778,0.0,0.0030864197530864196,y,z,y,0.8727197200803487
78,0.2222222222222222,0.2777777777777778,0.0,0.0030864197530864196,y,z,z,0.24186290533546762
78,0.2222222222222222,0.2777777777777778,0.0,0.0030864197530864196,z,x,x,-0.4803972812458782
78,0.2222222222222222,0.2777777777777778,0.0,0.0030864197530864196,z,x,y,-2.629371122834591
78,0.2222222222222222,0.2777777777777778,0.0,0.0030864197530864196,z,x,z,0.9892292178511677
78,0.2222222222222222,0.2777777777777778,0.0,0.0030864197530864196,z,y,x,2.5061359792106215
78,0.2222222222222222,0.2777777777777778,0.0,0.0030864197530864196,z,y,y,-0.5497938578017557
78,0.2222222222222222,0.2777777777777778,0.0,0.0030864197530864196,z,y,z,-0.3010744921226315
78,0.2222222222222222,0.2777777777777778,0.0,0.0030864197530864196,z,z,x,-0.2104444942767412
78,0.2222222222222222,0.2777777777777778,0.0,0.0030864197530864196,z,z,y,-0.3863050218130801
78,0.2222222222222222,0.2777777777777778,0.0,0.0030864197530864196,z,z,z,0.05921239060333242
79,0.2222222222222222,0.3333333333333333,0.0,0.0030864197530864196,x,x,x,-0.07467464899867285
79,0.2222222222222222,0.3333333333333333,0.0,0.0030864197530864196,x,x,y,0.5237249545246251
79,0.2222222222222222,0.3333333333333333,0.0,0.0030864197530864196,x,x,z,0.19823669873368402
79,0.2222222222222222,0.3333333333333333,0.0,0.0030864197530864196,x,y,x,0.06920900396172508
79,0.2222222222222222,0.3333333333333333,0.0,0.0030864197530864196,x,y,y,0.39555209971213984
79,0.2222222222222222,0.3333333333333333,0.0,0.0030864197530864196,x,y,z,0.5528850826425288
79,0.2222222222222222,0.3333333333333333,0.0,0.0030864197530864196,x,z,x,-0.47569372916045843
79,0.2222222222222222,0.3333333333333333,0.0,0.0030864197530864196,x,z,y,-0.28689377768531527
79,0.2222222222222222,0.3333333333333333,0.0,0.0030864197530864196,x,z,z,-0.007356370836130472
79,0.2222222222222222,0.3333333333333333,0.0,0.0030864197530864196,y,x,x,0.31850114399229584
79,0.2222222222222222,0.3333333333333333,0.0,0.0030864197530864196,y,x,y,-1.4507503145348482
79,0.2222222222222222,0.3333333333333333,0.0,0.0030864197530864196,y,x,z,-0.8738883855052093
79,0.2222222222222222,0.3333333333333333,0.0,0.0030864197530864196,y,y,x,0.7138952677799179
79,0.2222222222222222,0.3333333333333333,0.0,0.0030864197530864196,y,y,y,0.06273914796821788
79,0.2222222222222222,0.3333333333333333,0.0,0.0030864197530864196,y,y,z,0.24668551644442097
79,0.2222222222222222,0.3333333333333333,0.0,0.0030864197530864196,y,z,x,0.5080155074709556
79,0.2222222222222222,0.3333333333333333,0.0,0.0030864197530864196,y,z,y,0.24890756815179493
79,0.2222222222222222,0.3333333333333333,0.0,0.0030864197530864196,y,z,z,0.0870280908431575
79,0.2222222222222222,0.3333333333333333,0.0,0.0030864197530864196,z,x,x,-0.4195207326669851
79,0.2222222222222222,0.3333333333333333,0.0,0.0030864197530864196,z,x,y,-0.44553713216845287
79,0.2222222222222222,0.3333333333333333,0.0,0.0030864197530864196,z,x,z,0.602581858359483
79,0.2222222222222222,0.3333333333333333,0.0,0.0030864197530864196,z,y,x,0.5677137345739264
79,0.2222222222222222,0.3333333333333333,0.0,0.0030864197530864196,z,y,y,-0.010495950646497979
79,0.2222222222222222,0.3333333333333333,0.0,0.0030864197530864196,z,y,z,0.31501711606587574
79,0.2222222222222222,0.3333333333333333,0.0,0.0030864197530864196,z,z,x,-0.354164203466873
79,0.2222222222222222,0.3333333333333333,0.0,0.0030864197530864196,z,z,y,-0.07670116069317877
79,0.2222222222222222,0.3333333333333333,0.0,0.0030864197530864196,z,z,z,0.03949724379154976
80,0.2222222222222222,0.3888888888888889,0.0,0.0030864197530864196,x,x,x,0.13924796962438965
80,0.2222222222222222,0.3888888888888889,0.0,0.0030864197530864196,x,x,y,0.7357693365772235
80,0.2222222222222222,0.3888888888888889,0.0,0.0030864197530864196,x,x,z,-0.044214468777523386
80,0.2222222222222222,0.3888888888888889,0.0,0.0030864197530864196,x,y,x,-0.38282196193121526
80,0.2222222222222222,0.3888888888888889,0.0,0.0030864197530864196,x,y,y,-0.02325339822194301
80,0.2222222222222222,0.3888888888888889,0.0,0.0030864197530864196,x,y,z,0.7090331577347655
80,0.2222222222222222,0.3888888888888889,0.0,0.0030864197530864196,x,z,x,-0.2465194857756162
80,0.2222222222222222,0.3888888888888889,0.0,0.0030864197530864196,x,z,y,-0.785773582745575
80,0.2222222222222222,0.3888888888888889,0.0,0.0030864197530864196,x,z,z,0.016546375021896226
80,0.2222222222222222,0.3888888888888889,0.0,0.0030864197530864196,y,x,x,0.07077222037580778
80,0.2222222222222222,0.3888888888888889,0.0,0.0030864197530864196,y,x,y,-0.3992124230602141
80,0.2222222222222222,0.3888888888888889,0.0,0.0030864197530864196,y,x,z,-0.8319551186586588
80,0.2222222222222222,0.3888888888888889,0.0,0.0030864197530864196,y,y,x,0.14877748387125925
80,0.2222222222222222,0.3888888888888889,0.0,0.0030864197530864196,y,y,y,0.20529928203611017
80,0.2222222222222222,0.3888888888888889,0.0,0.0030864197530864196,y,y,z,0.19984892576472582
80,0.2222222222222222,0.3888888888888889,0.0,0.0030864197530864196,y,z,x,0.7266851314325886
80,0.2222222222222222,0.3888888888888889,0.0,0.0030864197530864196,y,z,y,0.12677502222436954
80,0.2222222222222222,0.3888888888888889,0.0,0.0030864197530864196,y,z,z,0.03940140340778286
80,0.2222222222222222,0.3888888888888889,0.0,0.0030864197530864196,z,x,x,-0.2250462639524368
80,0.2222222222222222,0.3888888888888889,0.0,0.0030864197530864196,z,x,y,0.14774945629133293
80,0.2222222222222222,0.3888888888888889,0.0,0.0030864197530864196,z,x,z,0.3810835786707379
80,0.2222222222222222,0.3888888888888889,0.0,0.0030864197530864196,z,y,x,-0.1630197102509913
80,0.2222222222222222,0.3888888888888889,0.0,0.0030864197530864196,z,y,y,0.10606837533678984
80,0.2222222222222222,0.3888888888888889,0.0,0.0030864197530864196,z,y,z,0.5220720592959076
80,0.2222222222222222,0.3888888888888889,0.0,0.0030864197530864196,z,z,x,-0.22908457667883475
80,0.2222222222222222,0.3888888888888889,0.0,0.0030864197530864196,z,z,y,-0.19237928586059178
80,0.2222222222222222,0.3888888888888889,0.0,0.0030864197530864196,z,z,z,0.004139064713526888
81,0.2222222222222222,0.4444444444444444,0.0,0.0030864197530864196,x,x,x,0.22195625805428112
81,0.2222222222222222,0.4444444444444444,0.0,0.0030864197530864196,x,x,y,0.4452022963875647
81,0.2222222222222222,0.4444444444444444,0.0,0.0030864197530864196,x,x,z,-0.09391833607915094
81,0.2222222222222222,0.4444444444444444,0.0,0.0030864197530864196,x,y,x,-0.24578509903678775
81,0.2222222222222222,0.4444444444444444,0.0,0.0030864197530864196,x,y,y,-0.12641839673662214
81,0.2222222222222222,0.4444444444444444,0.0,0.0030864197530864196,x,y,z,0.6186941088768276
81,0.2222222222222222,0.4444444444444444,0.0,0.0030864197530864196,x,z,x,-0.11765206754030214
81,0.2222222222222222,0.4444444444444444,0.0,0.0030864197530864196,x,z,y,-0.8802156847924854
81,0.2222222222222222,0.4444444444444444,0.0,0.0030864197530864196,x,z,z,0.011650825055686168
81,0.2222222222222222,0.4444444444444444,0.0,0.0030864197530864196,y,x,x,-0.016964576414055407
81,0.2222222222222222,0.4444444444444444,0.0,0.0030864197530864196,y,x,y,-0.2584990350300819
81,0.2222222222222222,0.4444444444444444,0.0,0.0030864197530864196,y,x,z,-0.7271247348958793
81,0.2222222222222222,0.4444444444444444,0.0,0.0030864197530864196,y,y,x,0.14039270294881706
81,0.2222222222222222,0.4444444444444444,0.0,0.0030864197530864196,y,y,y,0.18245318415031792
81,0.2222222222222222,0.4444444444444444,0.0,0.0030864197530864196,y,y,z,0.09391954565862316
81,0.2222222222222222,0.4444444444444444,0.0,0.0030864197530864196,y,z,x,0.7443370938281697
81,0.2222222222222222,0.4444444444444444,0.0,0.0030864197530864196,y,z,y,0.11765733525440479
81,0.2222222222222222,0.4444444444444444,0.0,0.0030864197530864196,y,z,z,0.020171920149442926
81,0.2222222222222222,0.4444444444444444,0.0,0.0030864197530864196,z,x,x,-0.11727584778788173
81,0.2222222222222222,0.4444444444444444,0.0,0.0030864197530864196,z,x,y,0.3999670286306882
81,0.2222222222222222,0.4444444444444444,0.0,0.0030864197530864196,z,x,z,0.2923274446198642
81,0.2222222222222222,0.4444444444444444,0.0,0.0030864197530864196,z,y,x,-0.5353871073603446
81,0.2222222222222222,0.4444444444444444,0.0,0.0030864197530864196,z,y,y,0.11728056356054924
81,0.2222222222222222,0.4444444444444444,0.0,0.0030864197530864196,z,y,z,0.5063897238291367
81,0.2222222222222222,0.4444444444444444,0.0,0.0030864197530864196,z,z,x,-0.13903032057619
81,0.2222222222222222,0.4444444444444444,0.0,0.0030864197530864196,z,z,y,-0.24086074584592265
81,0.2222222222222222,0.4444444444444444,0.0,0.0030864197530864196,z,z,z,2.0385270573563597e-06
82,0.2222222222222222,0.5,0.0,0.0030864197530864196,x,x,x,0.2852543858318257
82,0.2222222222222222,0.5,0.0,0.0030864197530864196,x,x,y,0.2131820551061387
82,0.2222222222222222,0.5,0.0,0.0030864197530864196,x,x,z,-0.08952461956341662
82,0.2222222222222222,0.5,0.0,0.0030864197530864196,x,y,x,-0.11751133655202431
82,0.2222222222222222,0.5,0.0,0.0030864197530864196,x,y,y,-0.1393881353270658
82,0.2222222222222222,0.5,0.0,0.0030864197530864196,x,y,z,0.4990215122634377
82,0.2222222222222222,0.5,0.0,0.0030864197530864196,x,z,x,-0.045069978730970385
82,0.2222222222222222,0.5,0.0,0.0030864197530864196,x,z,y,-0.8621162360294722
82,0.2222222222222222,0.5,0.0,0.0030864197530864196,x,z,z,0.0038835435975993248
82,0.2222222222222222,0.5,0.0,0.0030864197530864196,y,x,x,-0.030554228539490493
82,0.2222222222222222,0.5,0.0,0.0030864197530864196,y,x,y,-0.3386780832068839
82,0.2222222222222222,0.5,0.0,0.0030864197530864196,y,x,z,-0.6229261665176339
82,0.2222222222222222,0.5,0.0,0.0030864197530864196,y,y,x,0.1996593517316328
82,0.2222222222222222,0.5,0.0,0.0030864197530864196,y,y,y,0.12400331317641383
82,0.2222222222222222,0.5,0.0,0.0030864197530864196,y,y,z,0.031986136404325176
82,0.2222222222222222,0.5,0.0,0.0030864197530864196,y,z,x,0.6814940857010717
82,0.2222222222222222,0.5,0.0,0.0030864197530864196,y,z,y,0.10670653473368782
82,0.2222222222222222,0.5,0.0,0.0030864197530864196,y,z,z,0.021011453947438096
82,0.2222222222222222,0.5,0.0,0.0030864197530864196,z,x,x,-0.06767268505885785
82,0.2222222222222222,0.5,0.0,0.0030864197530864196,z,x,y,0.5633054678320217
82,0.2222222222222222,0.5,0.0,0.0030864197530864196,z,x,z,0.2700978074509162
82,0.2222222222222222,0.5,0.0,0.0030864197530864196,z,y,x,-0.7883483003782543
82,0.2222222222222222,0.5,0.0,0.0030864197530864196,z,y,y,0.10358024210531329
82,0.2222222222222222,0.5,0.0,0.0030864197530864196,z,y,z,0.36460690761138564
82,0.2222222222222222,0.5,0.0,0.0030864197530864196,z,z,x,-0.08841720350121263
82,0.2222222222222222,0.5,0.0,0.0030864197530864196,z,z,y,-0.20497299407905994
82,0.2222222222222222,0.5,0.0,0.0030864197530864196,z,z,z,-0.00013798728910103218
83,0.2222222222222222,-0.4444444444444444,0.0,0.0030864197530864196,x,x,x,0.3292421404245477
83,0.2222222222222222,-0.4444444444444444,0.0,0.0030864197530864196,x,x,y,0.07909547826279069
83,0.2222222222222222,-0.4444444444444444,0.0,0.0030864197530864196,x,x,z,-0.04939356000856732
83,0.2222222222222222,-0.4444444444444444,0.0,0.0030864197530864196,x,y,x,-0.04582614184673921
83,0.2222222222222222,-0.4444444444444444,0.0,0.0030864197530864196,x,y,y,-0.12545762619321443
83,0.2222222222222222,-0.4444444444444444,0.0,0.0030864197530864196,x,y,z,0.42329851187946643
83,0.2222222222222222,-0.4444444444444444,0.0,0.0030864197530864196,x,z,x,-0.01187876933136808
83,0.2222222222222222,-0.4444444444444444,0.0,0.0030864197530864196,x,z,y,-0.8321894137563214
83,0.2222222222222222,-0.4444444444444444,0.0,0.0030864197530864196,x,z,z,-0.011881000984341649
83,0.2222222222222222,-0.4444444444444444,0.0,0.0030864197530864196,y,x,x,-0.01977046993324253
83,0.2222222222222222,-0.4444444444444444,0.0,0.0030864197530864196,y,x,y,-0.42023222709374386
83,0.2222222222222222,-0.4444444444444444,0.0,0.0030864197530864196,y,x,z,-0.5512107884229196
83,0.2222222222222222,-0.4444444444444444,0.0,0.0030864197530864196,y,y,x,0.2649612542774599
83,0.2222222222222222,-0.4444444444444444,0.0,0.0030864197530864196,y,y,y,0.056108270373056504
83,0.2222222222222222,-0.4444444444444444,0.0,0.0030864197530864196,y,y,z,0.0019123207409586407
83,0.2222222222222222,-0.4444444444444444,0.0,0.0030864197530864196,y,z,x,0.6436287289670175
83,0.2222222222222222,-0.4444444444444444,0.0,0.0030864197530864196,y,z,y,0.059536117616784075
83,0.2222222222222222,-0.4444444444444444,0.0,0.0030864197530864196,y,z,z,0.012166770000231536
83,0.2222222222222222,-0.4444444444444444,0.0,0.0030864197530864196,z,x,x,-0.031204121618390045
83,0.2222222222222222,-0.4444444444444444,0.0,0.0030864197530864196,z,x,y,0.6568651011387074
83,0.2222222222222222,-0.4444444444444444,0.0,0.0030864197530864196,z,x,z,0.29135082108130445
83,0.2222222222222222,-0.4444444444444444,0.0,0.0030864197530864196,z,y,x,-0.902755736318721
83,0.2222222222222222,-0.4444444444444444,0.0,0.0030864197530864196,z,y,y,0.052223170209609704
83,0.2222222222222222,-0.4444444444444444,0.0,0.0030864197530864196,z,y,z,0.1889445963412115
83,0.2222222222222222,-0.4444444444444444,0.0,0.0030864197530864196,z,z,x,-0.07561815401500753
83,0.2222222222222222,-0.4444444444444444,0.0,0.0030864197530864196,z,z,y,-0.11228880725606048
83,0.2222222222222222,-0.4444444444444444,0.0,0.0030864197530864196,z,z,z,-0.0008923094178149329
84,0.2222222222222222,-0.3888888888888888,0.0,0.0030864197530864196,x,x,x,0.3475521468462316
84,0.2222222222222222,-0.3888888888888888,0.0,0.0030864197530864196,x,x,y,4.35672761532747e-07
84,0.2222222222222222,-0.3888888888888888,0.0,0.0030864197530864196,x,x,z,-5.303613306766253e-08
84,0.2222222222222222,-0.3888888888888888,0.0,0.0030864197530864196,x,y,x,-1.6524144931388274e-06
84,0.2222222222222222,-0.3888888888888888,0.0,0.0030864197530864196,x,y,y,-0.11861337190322303
84,0.2222222222222222,-0.3888888888888888,0.0,0.0030864197530864196,x,y,z,0.40106252809492837
84,0.2222222222222222,-0.3888888888888888,0.0,0.0030864197530864196,x,z,x,5.470405989951537e-07
84,0.2222222222222222,-0.3888888888888888,0.0,0.0030864197530864196,x,z,y,-0.8185110844781645
84,0.2222222222222222,-0.3888888888888888,0.0,0.0030864197530864196,x,z,z,-0.016098084247162234
84,0.2222222222222222,-0.3888888888888888,0.0,0.0030864197530864196,y,x,x,2.228626955678474e-07
84,0.2222222222222222,-0.3888888888888888,0.0,0.0030864197530864196,y,x,y,-0.45104639474694397
84,0.2222222222222222,-0.3888888888888888,0.0,0.0030864197530864196,y,x,z,-0.5274422178150119
84,0.2222222222222222,-0.3888888888888888,0.0,0.0030864197530864196,y,y,x,0.2891876210939933
84,0.2222222222222222,-0.3888888888888888,0.0,0.0030864197530864196,y,y,y,-2.8864335910507987e-07
84,0.2222222222222222,-0.3888888888888888,0.0,0.0030864197530864196,y,y,z,5.07461557337496e-07
84,0.2222222222222222,-0.3888888888888888,0.0,0.0030864197530864196,y,z,x,0.6341099687769297
84,0.2222222222222222,-0.3888888888888888,0.0,0.0030864197530864196,y,z,y,-9.915057319282807e-07
84,0.2222222222222222,-0.3888888888888888,0.0,0.0030864197530864196,y,z,z,-1.7957135309550773e-07
84,0.2222222222222222,-0.3888888888888888,0.0,0.0030864197530864196,z,x,x,1.5352152132368848e-07
84,0.2222222222222222,-0.3888888888888888,0.0,0.0030864197530864196,z,x,y,0.6864536399565013
84,0.2222222222222222,-0.3888888888888888,0.0,0.0030864197530864196,z,x,z,0.3045018911104652
84,0.2222222222222222,-0.3888888888888888,0.0,0.0030864197530864196,z,y,x,-0.9308700472646237
84,0.2222222222222222,-0.3888888888888888,0.0,0.0030864197530864196,z,y,y,-1.28236047874453e-07
84,0.2222222222222222,-0.3888888888888888,0.0,0.0030864197530864196,z,y,z,3.1130611032102826e-07
84,0.2222222222222222,-0.3888888888888888,0.0,0.0030864197530864196,z,z,x,-0.07202272636852776
84,0.2222222222222222,-0.3888888888888888,0.0,0.0030864197530864196,z,z,y,-1.0039992436725915e-06
84,0.2222222222222222,-0.3888888888888888,0.0,0.0030864197530864196,z,z,z,-3.3069924520246266e-08
85,0.2222222222222222,-0.3333333333333334,0.0,0.0030864197530864196,x,x,x,0.32924178621524103
85,0.2222222222222222,-0.3333333333333334,0.0,0.0030864197530864196,x,x,y,-0.07909436905054795
85,0.2222222222222222,-0.3333333333333334,0.0,0.0030864197530864196,x,x,z,0.0493933851925632
85,0.2222222222222222,-0.3333333333333334,0.0,0.0030864197530864196,x,y,x,0.045822663559541635
85,0.2222222222222222,-0.3333333333333334,0.0,0.0030864197530864196,x,y,y,-0.1254574249905368
85,0.2222222222222222,-0.3333333333333334,0.0,0.0030864197530864196,x,y,z,0.42329778308511595
85,0.2222222222222222,-0.3333333333333334,0.0,0.0030864197530864196,x,z,x,0.011880021635013373
85,0.2222222222222222,-0.3333333333333334,0.0,0.0030864197530864196,x,z,y,-0.8321880232225896
85,0.2222222222222222,-0.3333333333333334,0.0,0.0030864197530864196,x,z,z,-0.011880882783307636
85,0.2222222222222222,-0.3333333333333334,0.0,0.0030864197530864196,y,x,x,0.019770872884481074
85,0.2222222222222222,-0.3333333333333334,0.0,0.0030864197530864196,y,x,y,-0.4202317330656397
85,0.2222222222222222,-0.3333333333333334,0.0,0.0030864197530864196,y,x,z,-0.5512105562954344
85,0.2222222222222222,-0.3333333333333334,0.0,0.0030864197530864196,y,y,x,0.26496111683394485
85,0.2222222222222222,-0.3333333333333334,0.0,0.0030864197530864196,y,y,y,-0.05610880205120102
85,0.2222222222222222,-0.3333333333333334,0.0,0.0030864197530864196,y,y,z,-0.0019111861203420374
85,0.2222222222222222,-0.3333333333333334,0.0,0.0030864197530864196,y,z,x,0.6436282438692139
85,0.2222222222222222,-0.3333333333333334,0.0,0.0030864197530864196,y,z,y,-0.05953819259995297
85,0.2222222222222222,-0.3333333333333334,0.0,0.0030864197530864196,y,z,z,-0.012167111677730384
85,0.2222222222222222,-0.3333333333333334,0.0,0.0030864197530864196,z,x,x,0.031204368752620042
85,0.2222222222222222,-0.3333333333333334,0.0,0.0030864197530864196,z,x,y,0.6568631030506185
85,0.2222222222222222,-0.3333333333333334,0.0,0.0030864197530864196,z,x,z,0.2913502429518011
85,0.2222222222222222,-0.3333333333333334,0.0,0.0030864197530864196,z,y,x,-0.9027535424716893
85,0.2222222222222222,-0.3333333333333334,0.0,0.0030864197530864196,z,y,y,-0.052223329509259966
85,0.2222222222222222,-0.3333333333333334,0.0,0.0030864197530864196,z,y,z,-0.18894387076807168
85,0.2222222222222222,-0.3333333333333334,0.0,0.0030864197530864196,z,z,x,-0.07561777585723205
85,0.2222222222222222,-0.3333333333333334,0.0,0.0030864197530864196,z,z,y,0.1122868330065178
85,0.2222222222222222,-0.3333333333333334,0.0,0.0030864197530864196,z,z,z,0.0008922566318060467
86,0.2222222222222222,-0.2777777777777778,0.0,0.0030864197530864196,x,x,x,0.2852539588151538
86,0.2222222222222222,-0.2777777777777778,0.0,0.0030864197530864196,x,x,y,-0.21318030472457933
86,0.2222222222222222,-0.2777777777777778,0.0,0.0030864197530864196,x,x,z,0.08952427480165193
86,0.2222222222222222,-0.2777777777777778,0.0,0.0030864197530864196,x,y,x,0.1175074189831634
86,0.2222222222222222,-0.2777777777777778,0.0,0.0030864197530864196,x,y,y,-0.13938781397998248
86,0.2222222222222222,-0.2777777777777778,0.0,0.0030864197530864196,x,y,z,0.49902010811634634
86,0.2222222222222222,-0.2777777777777778,0.0,0.0030864197530864196,x,z,x,0.04507152619469579
86,0.2222222222222222,-0.2777777777777778,0.0,0.0030864197530864196,x,z,y,-0.8621139033228458
86,0.2222222222222222,-0.2777777777777778,0.0,0.0030864197530864196,x,z,z,0.003883713033087683
86,0.2222222222222222,-0.2777777777777778,0.0,0.0030864197530864196,y,x,x,0.03055454398533344
86,0.2222222222222222,-0.2777777777777778,0.0,0.0030864197530864196,y,x,y,-0.3386775799986755
86,0.2222222222222222,-0.2777777777777778,0.0,0.0030864197530864196,y,x,z,-0.6229257856481317
86,0.2222222222222222,-0.2777777777777778,0.0,0.0030864197530864196,y,y,x,0.19965934468460808
86,0.2222222222222222,-0.2777777777777778,0.0,0.0030864197530864196,y,y,y,-0.12400363900575798
86,0.2222222222222222,-0.2777777777777778,0.0,0.0030864197530864196,y,y,z,-0.0319848112978603
86,0.2222222222222222,-0.2777777777777778,0.0,0.0030864197530864196,y,z,x,0.6814933910640912
86,0.2222222222222222,-0.2777777777777778,0.0,0.0030864197530864196,y,z,y,-0.10670871131691691
86,0.2222222222222222,-0.2777777777777778,0.0,0.0030864197530864196,y,z,z,-0.021011763408444694
86,0.2222222222222222,-0.2777777777777778,0.0,0.0030864197530864196,z,x,x,0.06767281533426282
86,0.2222222222222222,-0.2777777777777778,0.0,0.0030864197530864196,z,x,y,0.5633020282112327
86,0.2222222222222222,-0.2777777777777778,0.0,0.0030864197530864196,z,x,z,0.27009686219113027
86,0.2222222222222222,-0.2777777777777778,0.0,0.0030864197530864196,z,y,x,-0.7883444102061931
86,0.2222222222222222,-0.2777777777777778,0.0,0.0030864197530864196,z,y,y,-0.10358017706792316
86,0.2222222222222222,-0.2777777777777778,0.0,0.0030864197530864196,z,y,z,-0.3646059383288206
86,0.2222222222222222,-0.2777777777777778,0.0,0.0030864197530864196,z,z,x,-0.08841656038004454
86,0.2222222222222222,-0.2777777777777778,0.0,0.0030864197530864196,z,z,y,0.20497109030107416
86,0.2222222222222222,-0.2777777777777778,0.0,0.0030864197530864196,z,z,z,0.00013795936422233849
87,0.2222222222222222,-0.2222222222222222,0.0,0.0030864197530864196,x,x,x,0.22195606220098021
87,0.2222222222222222,-0.2222222222222222,0.0,0.0030864197530864196,x,x,y,-0.44519983208716685
87,0.2222222222222222,-0.2222222222222222,0.0,0.0030864197530864196,x,x,z,0.09391792747238452
87,0.2222222222222222,-0.2222222222222222,0.0,0.0030864197530864196,x,y,x,0.24578081973582205
87,0.2222222222222222,-0.2222222222222222,0.0,0.0030864197530864196,x,y,y,-0.12641797482422826
87,0.2222222222222222,-0.2222222222222222,0.0,0.0030864197530864196,x,y,z,0.6186923159280985
87,0.2222222222222222,-0.2222222222222222,0.0,0.0030864197530864196,x,z,x,0.11765396026254457
87,0.2222222222222222,-0.2222222222222222,0.0,0.0030864197530864196,x,z,y,-0.8802131132989394
87,0.2222222222222222,-0.2222222222222222,0.0,0.0030864197530864196,x,z,z,0.01165104293670421
87,0.2222222222222222,-0.2222222222222222,0.0,0.0030864197530864196,y,x,x,0.016964967062267612
87,0.2222222222222222,-0.2222222222222222,0.0,0.0030864197530864196,y,x,y,-0.25849867373004976
87,0.2222222222222222,-0.2222222222222222,0.0,0.0030864197530864196,y,x,z,-0.7271244855319565
87,0.2222222222222222,-0.2222222222222222,0.0,0.0030864197530864196,y,y,x,0.14039270113444144
87,0.2222222222222222,-0.2222222222222222,0.0,0.0030864197530864196,y,y,y,-0.18245295686020258
87,0.2222222222222222,-0.2222222222222222,0.0,0.0030864197530864196,y,y,z,-0.09391808395862127
87,0.2222222222222222,-0.2222222222222222,0.0,0.0030864197530864196,y,z,x,0.7443364640413994
87,0.2222222222222222,-0.2222222222222222,0.0,0.0030864197530864196,y,z,y,-0.117659691638355
87,0.2222222222222222,-0.2222222222222222,0.0,0.0030864197530864196,y,z,z,-0.02017216145233459
87,0.2222222222222222,-0.2222222222222222,0.0,0.0030864197530864196,z,x,x,0.11727581711053847
87,0.2222222222222222,-0.2222222222222222,0.0,0.0030864197530864196,z,x,y,0.39996247709604743
87,0.2222222222222222,-0.2222222222222222,0.0,0.0030864197530864196,z,x,z,0.29232634647401606
87,0.2222222222222222,-0.2222222222222222,0.0,0.0030864197530864196,z,y,x,-0.535382077339998
87,0.2222222222222222,-0.2222222222222222,0.0,0.0030864197530864196,z,y,y,-0.11728053232282466
87,0.2222222222222222,-0.2222222222222222,0.0,0.0030864197530864196,z,y,z,-0.5063885528249923
87,0.2222222222222222,-0.2222222222222222,0.0,0.0030864197530864196,z,z,x,-0.13902940033290143
87,0.2222222222222222,-0.2222222222222222,0.0,0.0030864197530864196,z,z,y,0.24085884381096964
87,0.2222222222222222,-0.2222222222222222,0.0,0.0030864197530864196,z,z,z,-2.0778904699964814e-06
88,0.2222222222222222,-0.1666666666666666,0.0,0.0030864197530864196,x,x,x,0.13924833152464317
88,0.2222222222222222,-0.1666666666666666,0.0,0.0030864197530864196,x,x,y,-0.7357670078041172
88,0.2222222222222222,-0.1666666666666666,0.0,0.0030864197530864196,x,x,z,0.044213549324461886
88,0.2222222222222222,-0.1666666666666666,0.0,0.0030864197530864196,x,y,x,0.38281730003036685
88,0.2222222222222222,-0.1666666666666666,0.0,0.0030864197530864196,x,y,y,-0.0232525377708034
88,0.2222222222222222,-0.1666666666666666,0.0,0.0030864197530864196,x,y,z,0.7090315421931673
88,0.2222222222222222,-0.1666666666666666,0.0,0.0030864197530864196,x,z,x,0.24652202338211576
88,0.2222222222222222,-0.1666666666666666,0.0,0.0030864197530864196,x,z,y,-0.7857715233988197
88,0.2222222222222222,-0.1666666666666666,0.0,0.0030864197530864196,x,z,z,0.016546601323772923
88,0.2222222222222222,-0.1666666666666666,0.0,0.0030864197530864196,y,x,x,-0.07077175568273508
88,0.2222222222222222,-0.1666666666666666,0.0,0.0030864197530864196,y,x,y,-0.3992122572681037
88,0.2222222222222222,-0.1666666666666666,0.0,0.0030864197530864196,y,x,z,-0.8319550611718907
88,0.2222222222222222,-0.1666666666666666,0.0,0.0030864197530864196,y,y,x,0.1487768905178132
88,0.2222222222222222,-0.1666666666666666,0.0,0.0030864197530864196,y,y,y,-0.20529824324796417
88,0.2222222222222222,-0.1666666666666666,0.0,0.0030864197530864196,y,y,z,-0.19984695313763978
88,0.2222222222222222,-0.1666666666666666,0.0,0.0030864197530864196,y,z,x,0.7266850053737213
88,0.2222222222222222,-0.1666666666666666,0.0,0.0030864197530864196,y,z,y,-0.12677775992048806
88,0.2222222222222222,-0.1666666666666666,0.0,0.0030864197530864196,y,z,z,-0.03940164376745622
88,0.2222222222222222,-0.1666666666666666,0.0,0.0030864197530864196,z,x,x,0.22504611875353248
88,0.2222222222222222,-0.1666666666666666,0.0,0.0030864197530864196,z,x,y,0.14774311740872237
88,0.2222222222222222,-0.1666666666666666,0.0,0.0030864197530864196,z,x,z,0.38108279056979055
88,0.2222222222222222,-0.1666666666666666,0.0,0.0030864197530864196,z,y,x,-0.1630126169695781
88,0.2222222222222222,-0.1666666666666666,0.0,0.0030864197530864196,z,y,y,-0.10606869330268039
88,0.2222222222222222,-0.1666666666666666,0.0,0.0030864197530864196,z,y,z,-0.5220707509287966
88,0.2222222222222222,-0.1666666666666666,0.0,0.0030864197530864196,z,z,x,-0.22908379389839556
88,0.2222222222222222,-0.1666666666666666,0.0,0.0030864197530864196,z,z,y,0.19237697871876552
88,0.2222222222222222,-0.1666666666666666,0.0,0.0030864197530864196,z,z,z,-0.0041391466708288775
89,0.2222222222222222,-0.1111111111111112,0.0,0.0030864197530864196,x,x,x,-0.07467420986648238
89,0.2222222222222222,-0.1111111111111112,0.0,0.0030864197530864196,x,x,y,-0.5237210866051283
89,0.2222222222222222,-0.1111111111111112,0.0,0.0030864197530864196,x,x,z,-0.19823819367763543
89,0.2222222222222222,-0.1111111111111112,0.0,0.0030864197530864196,x,y,x,-0.06921920359063276
89,0.2222222222222222,-0.1111111111111112,0.0,0.0030864197530864196,x,y,y,0.3955540690945291
89,0.2222222222222222,-0.1111111111111112,0.0,0.0030864197530864196,x,y,z,0.5528839091565815
89,0.2222222222222222,-0.1111111111111112,0.0,0.0030864197530864196,x,z,x,0.4756978499768612
89,0.2222222222222222,-0.1111111111111112,0.0,0.0030864197530864196,x,z,y,-0.2868911512734836
89,0.2222222222222222,-0.1111111111111112,0.0,0.0030864197530864196,x,z,z,-0.00735597461200905
89,0.2222222222222222,-0.1111111111111112,0.0,0.0030864197530864196,y,x,x,-0.3185007391468155
89,0.2222222222222222,-0.1111111111111112,0.0,0.0030864197530864196,y,x,y,-1.4507524285131366
89,0.2222222222222222,-0.1111111111111112,0.0,0.0030864197530864196,y,x,z,-0.8738886072806592
89,0.2222222222222222,-0.1111111111111112,0.0,0.0030864197530864196,y,y,x,0.713893039449612
89,0.2222222222222222,-0.1111111111111112,0.0,0.0030864197530864196,y,y,y,-0.06273648059932652
89,0.2222222222222222,-0.1111111111111112,0.0,0.0030864197530864196,y,y,z,-0.2466837769017471
89,0.2222222222222222,-0.1111111111111112,0.0,0.0030864197530864196,y,z,x,0.5080157912419093
89,0.2222222222222222,-0.1111111111111112,0.0,0.0030864197530864196,y,z,y,-0.24890990048701053
89,0.2222222222222222,-0.1111111111111112,0.0,0.0030864197530864196,y,z,z,-0.08702847751305999
89,0.2222222222222222,-0.1111111111111112,0.0,0.0030864197530864196,z,x,x,0.41951952984312785
89,0.2222222222222222,-0.1111111111111112,0.0,0.0030864197530864196,z,x,y,-0.44555151604693083
89,0.2222222222222222,-0.1111111111111112,0.0,0.0030864197530864196,z,x,z,0.6025812984271753
89,0.2222222222222222,-0.1111111111111112,0.0,0.0030864197530864196,z,y,x,0.5677277937706314
89,0.2222222222222222,-0.1111111111111112,0.0,0.0030864197530864196,z,y,y,0.010495444548101591
89,0.2222222222222222,-0.1111111111111112,0.0,0.0030864197530864196,z,y,z,-0.31501460550451305
89,0.2222222222222222,-0.1111111111111112,0.0,0.0030864197530864196,z,z,x,-0.35416397936301164
89,0.2222222222222222,-0.1111111111111112,0.0,0.0030864197530864196,z,z,y,0.07669704671816216
89,0.2222222222222222,-0.1111111111111112,0.0,0.0030864197530864196,z,z,z,-0.03949714096316579
90,0.2222222222222222,-0.0555555555555556,0.0,0.0030864197530864196,x,x,x,-0.5868117394376005
90,0.2222222222222222,-0.0555555555555556,0.0,0.0030864197530864196,x,x,y,3.247788063815061
90,0.2222222222222222,-0.0555555555555556,0.0,0.0030864197530864196,x,x,z,-0.9741309899559568
90,0.2222222222222222,-0.0555555555555556,0.0,0.0030864197530864196,x,y,x,-4.27104120865103
90,0.2222222222222222,-0.0555555555555556,0.0,0.0030864197530864196,x,y,y,1.5580649273282683
90,0.2222222222222222,-0.0555555555555556,0.0,0.0030864197530864196,x,y,z,-0.5926961057603678
90,0.2222222222222222,-0.0555555555555556,0.0,0.0030864197530864196,x,z,x,1.1712700203271742
90,0.2222222222222222,-0.0555555555555556,0.0,0.0030864197530864196,x,z,y,1.778401316075877
90,0.2222222222222222,-0.0555555555555556,0.0,0.0030864197530864196,x,z,z,-0.09290169775750298
90,0.2222222222222222,-0.0555555555555556,0.0,0.0030864197530864196,y,x,x,-0.4569727313788095
90,0.2222222222222222,-0.0555555555555556,0.0,0.0030864197530864196,y,x,y,-5.413725243793614
90,0.2222222222222222,-0.0555555555555556,0.0,0.0030864197530864196,y,x,z,-0.5791088779877266
90,0.2222222222222222,-0.0555555555555556,0.0,0.0030864197530864196,y,y,x,3.6649884212654813
90,0.2222222222222222,-0.0555555555555556,0.0,0.0030864197530864196,y,y,y,0.42708982957772545
90,0.2222222222222222,-0.0555555555555556,0.0,0.0030864197530864196,y,y,z,0.1669906341753251
90,0.2222222222222222,-0.0555555555555556,0.0,0.0030864197530864196,y,z,x,-0.4604251338595135
90,0.2222222222222222,-0.0555555555555556,0.0,0.0030864197530864196,y,z,y,-0.8727212443920078
90,0.2222222222222222,-0.0555555555555556,0.0,0.0030864197530864196,y,z,z,-0.24186336225842703
90,0.2222222222222222,-0.0555555555555556,0.0,0.0030864197530864196,z,x,x,0.48039305619148953
90,0.2222222222222222,-0.0555555555555556,0.0,0.0030864197530864196,z,x,y,-2.6294118232369303
90,0.2222222222222222,-0.0555555555555556,0.0,0.0030864197530864196,z,x,z,0.9892283600413543
90,0.2222222222222222,-0.0555555555555556,0.0,0.0030864197530864196,z,y,x,2.506164167823394
90,0.2222222222222222,-0.0555555555555556,0.0,0.0030864197530864196,z,y,y,0.5497943967225016
90,0.2222222222222222,-0.0555555555555556,0.0,0.0030864197530864196,z,y,z,0.30107986334898457
90,0.2222222222222222,-0.0555555555555556,0.0,0.0030864197530864196,z,z,x,-0.2104431894046353
90,0.2222222222222222,-0.0555555555555556,0.0,0.0030864197530864196,z,z,y,0.38629824077245156
90,0.2222222222222222,-0.0555555555555556,0.0,0.0030864197530864196,z,z,z,-0.059211838739632615
91,0.2777777777777778,0.0,0.0,0.0030864197530864196,x,x,x,-0.10858512977478996
91,0.2777777777777778,0.0,0.0,0.0030864197530864196,x,x,y,6.837775923661559
91,0.2777777777777778,0.0,0.0,0.0030864197530864196,x,x,z,-1.3805746312248082
91,0.2777777777777778,0.0,0.0,0.0030864197530864196,x,y,x,-8.70218952136212
91,0.2777777777777778,0.0,0.0,0.0030864197530864196,x,y,y,-0.22677126144186655
91,0.2777777777777778,0.0,0.0,0.0030864197530864196,x,y,z,-1.9522660009585944
91,0.2777777777777778,0.0,0.0,0.0030864197530864196,x,z,x,2.029436008050274
91,0.2777777777777778,0.0,0.0,0.0030864197530864196,x,z,y,3.2007019904728695
91,0.2777777777777778,0.0,0.0,0.0030864197530864196,x,z,z,-0.1166531124546507
91,0.2777777777777778,0.0,0.0,0.0030864197530864196,y,x,x,0.6417644817794648
91,0.2777777777777778,0.0,0.0,0.0030864197530864196,y,x,y,-5.621447284844791
91,0.2777777777777778,0.0,0.0,0.0030864197530864196,y,x,z,0.3581665670004386
91,0.2777777777777778,0.0,0.0,0.0030864197530864196,y,y,x,3.3504157403983394
91,0.2777777777777778,0.0,0.0,0.0030864197530864196,y,y,y,-1.2226626456340466
91,0.2777777777777778,0.0,0.0,0.0030864197530864196,y,y,z,1.3806547788054857
91,0.2777777777777778,0.0,0.0,0.0030864197530864196,y,z,x,-0.857347432992845
91,0.2777777777777778,0.0,0.0,0.0030864197530864196,y,z,y,-2.0295135590717592
91,0.2777777777777778,0.0,0.0,0.0030864197530864196,y,z,z,-0.20202911759005943
91,0.2777777777777778,0.0,0.0,0.0030864197530864196,z,x,x,0.12623777707940187
91,0.2777777777777778,0.0,0.0,0.0030864197530864196,z,x,y,-5.096151077101
91,0.2777777777777778,0.0,0.0,0.0030864197530864196,z,x,z,0.8467223108523727
91,0.2777777777777778,0.0,0.0,0.0030864197530864196,z,y,x,5.241896625007309
91,0.2777777777777778,0.0,0.0,0.0030864197530864196,z,y,y,-0.12620360161815067
91,0.2777777777777778,0.0,0.0,0.0030864197530864196,z,y,z,1.4666408503955368
91,0.2777777777777778,0.0,0.0,0.0030864197530864196,z,z,x,-0.27170728420951135
91,0.2777777777777778,0.0,0.0,0.0030864197530864196,z,z,y,-0.470647478830889
91,0.2777777777777778,0.0,0.0,0.0030864197530864196,z,z,z,-1.600035947028715e-05
92,0.2777777777777778,0.0555555555555556,0.0,0.0030864197530864196,x,x,x,0.10178281649581356
92,0.2777777777777778,0.0555555555555556,0.0,0.0030864197530864196,x,x,y,5.427356763262242
92,0.2777777777777778,0.0555555555555556,0.0,0.0030864197530864196,x,x,z,-0.389104728178797
92,0.2777777777777778,0.0555555555555556,0.0,0.0030864197530864196,x,y,x,-6.194464875134225
92,0.2777777777777778,0.0555555555555556,0.0,0.0030864197530864196,x,y,y,-0.6132820443034319
92,0.2777777777777778,0.0555555555555556,0.0,0.0030864197530864196,x,y,z,-0.20788171334139677
92,0.2777777777777778,0.0555555555555556,0.0,0.0030864197530864196,x,z,x,0.9324083568487711
92,0.2777777777777778,0.0555555555555556,0.0,0.0030864197530864196,x,z,y,1.674918743985064
92,0.2777777777777778,0.0555555555555556,0.0,0.0030864197530864196,x,z,z,-0.1630207335789729
92,0.2777777777777778,0.0555555555555556,0.0,0.0030864197530864196,y,x,x,1.7502701872495618
92,0.2777777777777778,0.0555555555555556,0.0,0.0030864197530864196,y,x,y,-0.4303751756618242
92,0.2777777777777778,0.0555555555555556,0.0,0.0030864197530864196,y,x,z,-0.1943468684990272
92,0.2777777777777778,0.0555555555555556,0.0,0.0030864197530864196,y,y,x,1.5415689936277996
92,0.2777777777777778,0.0555555555555556,0.0,0.0030864197530864196,y,y,y,-0.9241374605748681
92,0.2777777777777778,0.0555555555555556,0.0,0.0030864197530864196,y,y,z,1.1963252733198166
92,0.2777777777777778,0.0555555555555556,0.0,0.0030864197530864196,y,z,x,-0.5638455522058847
92,0.2777777777777778,0.0555555555555556,0.0,0.0030864197530864196,y,z,y,-1.2310400664701429
92,0.2777777777777778,0.0555555555555556,0.0,0.0030864197530864196,y,z,z,-0.20138256334720042
92,0.2777777777777778,0.0555555555555556,0.0,0.0030864197530864196,z,x,x,-0.5857730204629128
92,0.2777777777777778,0.0555555555555556,0.0,0.0030864197530864196,z,x,y,-2.5669928110044036
92,0.2777777777777778,0.0555555555555556,0.0,0.0030864197530864196,z,x,z,-0.23391589177534303
92,0.2777777777777778,0.0555555555555556,0.0,0.0030864197530864196,z,y,x,2.5684935759912384
92,0.2777777777777778,0.0555555555555556,0.0,0.0030864197530864196,z,y,y,-0.44436252255792646
92,0.2777777777777778,0.0555555555555556,0.0,0.0030864197530864196,z,y,z,1.0072847542672578
92,0.2777777777777778,0.0555555555555556,0.0,0.0030864197530864196,z,z,x,0.43978946338418146
92,0.2777777777777778,0.0555555555555556,0.0,0.0030864197530864196,z,z,y,0.01087395813209712
92,0.2777777777777778,0.0555555555555556,0.0,0.0030864197530864196,z,z,z,0.059190636227371134
93,0.2777777777777778,0.1111111111111111,0.0,0.0030864197530864196,x,x,x,-0.1339184194263439
93,0.2777777777777778,0.1111111111111111,0.0,0.0030864197530864196,x,x,y,1.1817930046085403
93,0.2777777777777778,0.1111111111111111,0.0,0.0030864197530864196,x,x,z,-0.009314511411826478
93,0.2777777777777778,0.1111111111111111,0.0,0.0030864197530864196,x,y,x,-1.3440078723638764
93,0.2777777777777778,0.1111111111111111,0.0,0.0030864197530864196,x,y,y,-0.29737668450769855
93,0.2777777777777778,0.1111111111111111,0.0,0.0030864197530864196,x,y,z,1.0966896198742753
93,0.2777777777777778,0.1111111111111111,0.0,0.0030864197530864196,x,z,x,0.16217182437917352
93,0.2777777777777778,0.1111111111111111,0.0,0.0030864197530864196,x,z,y,-0.02361120318002971
93,0.2777777777777778,0.1111111111111111,0.0,0.0030864197530864196,x,z,z,-0.15414612400402408
93,0.2777777777777778,0.1111111111111111,0.0,0.0030864197530864196,y,x,x,0.5851339264526694
93,0.2777777777777778,0.1111111111111111,0.0,0.0030864197530864196,y,x,y,1.5320606763768136
93,0.2777777777777778,0.1111111111111111,0.0,0.0030864197530864196,y,x,z,-0.7462710053531135
93,0.2777777777777778,0.1111111111111111,0.0,0.0030864197530864196,y,y,x,0.05889612667983034
93,0.2777777777777778,0.1111111111111111,0.0,0.0030864197530864196,y,y,y,-0.19741380068499442
93,0.2777777777777778,0.1111111111111111,0.0,0.0030864197530864196,y,y,z,0.2873578502864354
93,0.2777777777777778,0.1111111111111111,0.0,0.0030864197530864196,y,z,x,-0.022437377118756704
93,0.2777777777777778,0.1111111111111111,0.0,0.0030864197530864196,y,z,y,-0.24417885637691547
93,0.2777777777777778,0.1111111111111111,0.0,0.0030864197530864196,y,z,z,-0.05981126360401566
93,0.2777777777777778,0.1111111111111111,0.0,0.0030864197530864196,z,x,x,-0.21559743372796444
93,0.2777777777777778,0.1111111111111111,0.0,0.0030864197530864196,z,x,y,-0.2602577690133262
93,0.2777777777777778,0.1111111111111111,0.0,0.0030864197530864196,z,x,z,-0.4356588038865462
93,0.2777777777777778,0.1111111111111111,0.0,0.0030864197530864196,z,y,x,0.4013913063872522
93,0.2777777777777778,0.1111111111111111,0.0,0.0030864197530864196,z,y,y,-0.18657209913908032
93,0.2777777777777778,0.1111111111111111,0.0,0.0030864197530864196,z,y,z,0.2527084305791983
93,0.2777777777777778,0.1111111111111111,0.0,0.0030864197530864196,z,z,x,0.31576171057585395
93,0.2777777777777778,0.1111111111111111,0.0,0.0030864197530864196,z,z,y,0.009010519050780392
93,0.2777777777777778,0.1111111111111111,0.0,0.0030864197530864196,z,z,z,0.03230167111310517
94,0.2777777777777778,0.1666666666666667,0.0,0.0030864197530864196,x,x,x,-0.13392033206588597
94,0.2777777777777778,0.1666666666666667,0.0,0.0030864197530864196,x,x,y,-1.1817850701944281
94,0.2777777777777778,0.1666666666666667,0.0,0.0030864197530864196,x,x,z,0.009312467044046648
94,0.2777777777777778,0.1666666666666667,0.0,0.0030864197530864196,x,y,x,1.3440082244063472
94,0.2777777777777778,0.1666666666666667,0.0,0.0030864197530864196,x,y,y,-0.2973744492595093
94,0.2777777777777778,0.1666666666666667,0.0,0.0030864197530864196,x,y,z,1.0966889797183308
94,0.2777777777777778,0.1666666666666667,0.0,0.0030864197530864196,x,z,x,-0.16217116298426984
94,0.2777777777777778,0.1666666666666667,0.0,0.0030864197530864196,x,z,y,-0.023610105020257052
94,0.2777777777777778,0.1666666666666667,0.0,0.0030864197530864196,x,z,z,-0.15414599700359916
94,0.2777777777777778,0.1666666666666667,0.0,0.0030864197530864196,y,x,x,-0.5851308150492365
94,0.2777777777777778,0.1666666666666667,0.0,0.0030864197530864196,y,x,y,1.5320644848793268
94,0.2777777777777778,0.1666666666666667,0.0,0.0030864197530864196,y,x,z,-0.7462702294568517
94,0.2777777777777778,0.1666666666666667,0.0,0.0030864197530864196,y,y,x,0.05889681175531572
94,0.2777777777777778,0.1666666666666667,0.0,0.0030864197530864196,y,y,y,0.19741729052587212
94,0.2777777777777778,0.1666666666666667,0.0,0.0030864197530864196,y,y,z,-0.2873555625492507
94,0.2777777777777778,0.1666666666666667,0.0,0.0030864197530864196,y,z,x,-0.022438027966836475
94,0.2777777777777778,0.1666666666666667,0.0,0.0030864197530864196,y,z,y,0.24417381485815468
94,0.2777777777777778,0.1666666666666667,0.0,0.0030864197530864196,y,z,z,0.05981091836042467
94,0.2777777777777778,0.1666666666666667,0.0,0.0030864197530864196,z,x,x,0.21560399599674568
94,0.2777777777777778,0.1666666666666667,0.0,0.0030864197530864196,z,x,y,-0.26025475173999935
94,0.2777777777777778,0.1666666666666667,0.0,0.0030864197530864196,z,x,z,-0.4356587025832996
94,0.2777777777777778,0.1666666666666667,0.0,0.0030864197530864196,z,y,x,0.40139137849352274
94,0.2777777777777778,0.1666666666666667,0.0,0.0030864197530864196,z,y,y,0.18657294928762527
94,0.2777777777777778,0.1666666666666667,0.0,0.0030864197530864196,z,y,z,-0.2527121518910436
94,0.2777777777777778,0.1666666666666667,0.0,0.0030864197530864196,z,z,x,0.31576138529700865
94,0.2777777777777778,0.1666666666666667,0.0,0.0030864197530864196,z,z,y,-0.009008465455597064
94,0.2777777777777778,0.1666666666666667,0.0,0.0030864197530864196,z,z,z,-0.03230129102745155
95,0.2777777777777778,0.2222222222222222,0.0,0.0030864197530864196,x,x,x,0.10177892275514541
95,0.2777777777777778,0.2222222222222222,0.0,0.0030864197530864196,x,x,y,-5.427373128376448
95,0.2777777777777778,0.2222222222222222,0.0,0.0030864197530864196,x,x,z,0.38910707176083087
95,0.2777777777777778,0.2222222222222222,0.0,0.0030864197530864196,x,y,x,6.194482571710639
95,0.2777777777777778,0.2222222222222222,0.0,0.0030864197530864196,x,y,y,-0.6132759792353716
95,0.2777777777777778,0.2222222222222222,0.0,0.0030864197530864196,x,y,z,-0.20789184254469184
95,0.2777777777777778,0.2222222222222222,0.0,0.0030864197530864196,x,z,x,-0.9324122008379544
95,0.2777777777777778,0.2222222222222222,0.0,0.0030864197530864196,x,z,y,1.674930004420696
95,0.2777777777777778,0.2222222222222222,0.0,0.0030864197530864196,x,z,z,-0.16302085731735555
95,0.2777777777777778,0.2222222222222222,0.0,0.0030864197530864196,y,x,x,-1.7502704548267471
95,0.2777777777777778,0.2222222222222222,0.0,0.0030864197530864196,y,x,y,-0.4303724208576483
95,0.2777777777777778,0.2222222222222222,0.0,0.0030864197530864196,y,x,z,-0.1943425674978031
95,0.2777777777777778,0.2222222222222222,0.0,0.0030864197530864196,y,y,x,1.5415779237793108
95,0.2777777777777778,0.2222222222222222,0.0,0.0030864197530864196,y,y,y,0.9241389298246231
95,0.2777777777777778,0.2222222222222222,0.0,0.0030864197530864196,y,y,z,-1.1963285825929404
95,0.2777777777777778,0.2222222222222222,0.0,0.0030864197530864196,y,z,x,-0.5638500367617808
95,0.2777777777777778,0.2222222222222222,0.0,0.0030864197530864196,y,z,y,1.2310406720923495
95,0.2777777777777778,0.2222222222222222,0.0,0.0030864197530864196,y,z,z,0.20138310082411132
95,0.2777777777777778,0.2222222222222222,0.0,0.0030864197530864196,z,x,x,0.5857800162562972
95,0.2777777777777778,0.2222222222222222,0.0,0.0030864197530864196,z,x,y,-2.566984758750833
95,0.2777777777777778,0.2222222222222222,0.0,0.0030864197530864196,z,x,z,-0.2339142861928369
95,0.2777777777777778,0.2222222222222222,0.0,0.0030864197530864196,z,y,x,2.5684991091825484
95,0.2777777777777778,0.2222222222222222,0.0,0.0030864197530864196,z,y,y,0.4443640475523813
95,0.2777777777777778,0.2222222222222222,0.0,0.0030864197530864196,z,y,z,-1.00729220461323
95,0.2777777777777778,0.2222222222222222,0.0,0.0030864197530864196,z,z,x,0.43978842304231003
95,0.2777777777777778,0.2222222222222222,0.0,0.0030864197530864196,z,z,y,-0.010873206918531395
95,0.2777777777777778,0.2222222222222222,0.0,0.0030864197530864196,z,z,z,-0.059190876796842054
96,0.2777777777777778,0.2777777777777778,0.0,0.0030864197530864196,x,x,x,-0.10858700613241498
96,0.2777777777777778,0.2777777777777778,0.0,0.0030864197530864196,x,x,y,-6.837793406342562
96,0.2777777777777778,0.2777777777777778,0.0,0.0030864197530864196,x,x,z,1.3805855350457503
96,0.2777777777777778,0.2777777777777778,0.0,0.0030864197530864196,x,y,x,8.702192744409622
96,0.2777777777777778,0.2777777777777778,0.0,0.0030864197530864196,x,y,y,-0.22676428971353293
96,0.2777777777777778,0.2777777777777778,0.0,0.0030864197530864196,x,y,z,-1.9522841070623358
96,0.2777777777777778,0.2777777777777778,0.0,0.0030864197530864196,x,z,x,-2.0294421902459425
96,0.2777777777777778,0.2777777777777778,0.0,0.0030864197530864196,x,z,y,3.2007165716770536
96,0.2777777777777778,0.2777777777777778,0.0,0.0030864197530864196,x,z,z,-0.11665416405688363
96,0.2777777777777778,0.2777777777777778,0.0,0.0030864197530864196,y,x,x,-0.6417557110360314
96,0.2777777777777778,0.2777777777777778,0.0,0.0030864197530864196,y,x,y,-5.621463484883414
96,0.2777777777777778,0.2777777777777778,0.0,0.0030864197530864196,y,x,z,0.3581705387301843
96,0.2777777777777778,0.2777777777777778,0.0,0.0030864197530864196,y,y,x,3.3504348616751227
96,0.2777777777777778,0.2777777777777778,0.0,0.0030864197530864196,y,y,y,1.22265950802957
96,0.2777777777777778,0.2777777777777778,0.0,0.0030864197530864196,y,y,z,-1.3806595174591254
96,0.2777777777777778,0.2777777777777778,0.0,0.0030864197530864196,y,z,x,-0.857352441912809
96,0.2777777777777778,0.2777777777777778,0.0,0.0030864197530864196,y,z,y,2.029519116265908
96,0.2777777777777778,0.2777777777777778,0.0,0.0030864197530864196,y,z,z,0.20202971562118685
96,0.2777777777777778,0.2777777777777778,0.0,0.0030864197530864196,z,x,x,-0.12624261851129748
96,0.2777777777777778,0.2777777777777778,0.0,0.0030864197530864196,z,x,y,-5.096123420448247
96,0.2777777777777778,0.2777777777777778,0.0,0.0030864197530864196,z,x,z,0.8467280166660185
96,0.2777777777777778,0.2777777777777778,0.0,0.0030864197530864196,z,y,x,5.24189056317643
96,0.2777777777777778,0.2777777777777778,0.0,0.0030864197530864196,z,y,y,0.126203752725751
96,0.2777777777777778,0.2777777777777778,0.0,0.0030864197530864196,z,y,z,-1.46664291931657
96,0.2777777777777778,0.2777777777777778,0.0,0.0030864197530864196,z,z,x,-0.2717105278014764
96,0.2777777777777778,0.2777777777777778,0.0,0.0030864197530864196,z,z,y,0.4706413180516231
96,0.2777777777777778,0.2777777777777778,0.0,0.0030864197530864196,z,z,z,1.5931532315073863e-05
97,0.2777777777777778,0.3333333333333333,0.0,0.0030864197530864196,x,x,x,-0.2386744186396133
97,0.2777777777777778,0.3333333333333333,0.0,0.0030864197530864196,x,x,y,-0.48945650355138676
97,0.2777777777777778,0.3333333333333333,0.0,0.0030864197530864196,x,x,z,0.8095915592086427
97,0.2777777777777778,0.3333333333333333,0.0,0.0030864197530864196,x,y,x,1.8216876397399928
97,0.2777777777777778,0.3333333333333333,0.0,0.0030864197530864196,x,y,y,0.24898322724209432
97,0.2777777777777778,0.3333333333333333,0.0,0.0030864197530864196,x,y,z,-0.47730577345481895
97,0.2777777777777778,0.3333333333333333,0.0,0.0030864197530864196,x,z,x,-1.2758117412564969
97,0.2777777777777778,0.3333333333333333,0.0,0.0030864197530864196,x,z,y,0.817045080006025
97,0.2777777777777778,0.3333333333333333,0.0,0.0030864197530864196,x,z,z,-0.025825093793456246
97,0.2777777777777778,0.3333333333333333,0.0,0.0030864197530864196,y,x,x,0.5735575080462856
97,0.2777777777777778,0.3333333333333333,0.0,0.0030864197530864196,y,x,y,-3.073895579105258
97,0.2777777777777778,0.3333333333333333,0.0,0.0030864197530864196,y,x,z,-0.2557540605355894
97,0.2777777777777778,0.3333333333333333,0.0,0.0030864197530864196,y,y,x,0.9387941963085721
97,0.2777777777777778,0.3333333333333333,0.0,0.0030864197530864196,y,y,y,0.4021867699537204
97,0.2777777777777778,0.3333333333333333,0.0,0.0030864197530864196,y,y,z,-0.08452113835762617
97,0.2777777777777778,0.3333333333333333,0.0,0.0030864197530864196,y,z,x,0.1446482498776891
97,0.2777777777777778,0.3333333333333333,0.0,0.0030864197530864196,y,z,y,0.8353478595749383
97,0.2777777777777778,0.3333333333333333,0.0,0.0030864197530864196,y,z,z,0.07021857115974887
97,0.2777777777777778,0.3333333333333333,0.0,0.0030864197530864196,z,x,x,-0.6350886289445856
97,0.2777777777777778,0.3333333333333333,0.0,0.0030864197530864196,z,x,y,-1.5614684938734271
97,0.2777777777777778,0.3333333333333333,0.0,0.0030864197530864196,z,x,z,0.9625240725605583
97,0.2777777777777778,0.3333333333333333,0.0,0.0030864197530864196,z,y,x,2.0144818157841167
97,0.2777777777777778,0.3333333333333333,0.0,0.0030864197530864196,z,y,y,0.031718302165056604
97,0.2777777777777778,0.3333333333333333,0.0,0.0030864197530864196,z,y,z,-0.3887931003020032
97,0.2777777777777778,0.3333333333333333,0.0,0.0030864197530864196,z,z,x,-0.6894235479607939
97,0.2777777777777778,0.3333333333333333,0.0,0.0030864197530864196,z,z,y,0.5244101870587713
97,0.2777777777777778,0.3333333333333333,0.0,0.0030864197530864196,z,z,z,0.03816570805061481
98,0.2777777777777778,0.3888888888888889,0.0,0.0030864197530864196,x,x,x,0.0019600402231106473
98,0.2777777777777778,0.3888888888888889,0.0,0.0030864197530864196,x,x,y,0.9973982637744528
98,0.2777777777777778,0.3888888888888889,0.0,0.0030864197530864196,x,x,z,0.20536396789987907
98,0.2777777777777778,0.3888888888888889,0.0,0.0030864197530864196,x,y,x,-0.331930841584351
98,0.2777777777777778,0.3888888888888889,0.0,0.0030864197530864196,x,y,y,0.016964425927848303
98,0.2777777777777778,0.3888888888888889,0.0,0.0030864197530864196,x,y,z,0.4081781217694745
98,0.2777777777777778,0.3888888888888889,0.0,0.0030864197530864196,x,z,x,-0.5817096158334845
98,0.2777777777777778,0.3888888888888889,0.0,0.0030864197530864196,x,z,y,-0.43994038887378095
98,0.2777777777777778,0.3888888888888889,0.0,0.0030864197530864196,x,z,z,0.010051115396471548
98,0.2777777777777778,0.3888888888888889,0.0,0.0030864197530864196,y,x,x,0.27831916178562255
98,0.2777777777777778,0.3888888888888889,0.0,0.0030864197530864196,y,x,y,-0.7211814340762013
98,0.2777777777777778,0.3888888888888889,0.0,0.0030864197530864196,y,x,z,-0.5514245683495477
98,0.2777777777777778,0.3888888888888889,0.0,0.0030864197530864196,y,y,x,-0.1054347350911699
98,0.2777777777777778,0.3888888888888889,0.0,0.0030864197530864196,y,y,y,0.24724979417024556
98,0.2777777777777778,0.3888888888888889,0.0,0.0030864197530864196,y,y,z,0.2241633283206904
98,0.2777777777777778,0.3888888888888889,0.0,0.0030864197530864196,y,z,x,0.5946451672313797
98,0.2777777777777778,0.3888888888888889,0.0,0.0030864197530864196,y,z,y,0.26962208486708183
98,0.2777777777777778,0.3888888888888889,0.0,0.0030864197530864196,y,z,z,0.022503204272751667
98,0.2777777777777778,0.3888888888888889,0.0,0.0030864197530864196,z,x,x,-0.40642701117655106
98,0.2777777777777778,0.3888888888888889,0.0,0.0030864197530864196,z,x,y,0.08645259595948139
98,0.2777777777777778,0.3888888888888889,0.0,0.0030864197530864196,z,x,z,0.5202263145297994
98,0.2777777777777778,0.3888888888888889,0.0,0.0030864197530864196,z,y,x,0.18923450429673333
98,0.2777777777777778,0.3888888888888889,0.0,0.0030864197530864196,z,y,y,0.09276171233787318
98,0.2777777777777778,0.3888888888888889,0.0,0.0030864197530864196,z,y,z,0.29477776306895537
98,0.2777777777777778,0.3888888888888889,0.0,0.0030864197530864196,z,z,x,-0.41601840712995497
98,0.2777777777777778,0.3888888888888889,0.0,0.0030864197530864196,z,z,y,0.09531169356226042
98,0.2777777777777778,0.3888888888888889,0.0,0.0030864197530864196,z,z,z,0.021232344358401153
99,0.2777777777777778,0.4444444444444444,0.0,0.0030864197530864196,x,x,x,0.10762672700846822
99,0.2777777777777778,0.4444444444444444,0.0,0.0030864197530864196,x,x,y,0.7493879332480203
99,0.2777777777777778,0.4444444444444444,0.0,0.0030864197530864196,x,x,z,-0.003964722433663227
99,0.2777777777777778,0.4444444444444444,0.0,0.0030864197530864196,x,y,x,-0.38109052085864265
99,0.2777777777777778,0.4444444444444444,0.0,0.0030864197530864196,x,y,y,-0.10896026465780984
99,0.2777777777777778,0.4444444444444444,0.0,0.0030864197530864196,x,y,z,0.5624791856197611
99,0.2777777777777778,0.4444444444444444,0.0,0.0030864197530864196,x,z,x,-0.2899113320595399
99,0.2777777777777778,0.4444444444444444,0.0,0.0030864197530864196,x,z,y,-0.7280551894563462
99,0.2777777777777778,0.4444444444444444,0.0,0.0030864197530864196,x,z,z,0.020113059129842927
99,0.2777777777777778,0.4444444444444444,0.0,0.0030864197530864196,y,x,x,0.06886847304686912
99,0.2777777777777778,0.4444444444444444,0.0,0.0030864197530864196,y,x,y,-0.15384589101756047
99,0.2777777777777778,0.4444444444444444,0.0,0.0030864197530864196,y,x,z,-0.602308321707761
99,0.2777777777777778,0.4444444444444444,0.0,0.0030864197530864196,y,y,x,-0.20220276526213585
99,0.2777777777777778,0.4444444444444444,0.0,0.0030864197530864196,y,y,y,0.21484696900934616
99,0.2777777777777778,0.4444444444444444,0.0,0.0030864197530864196,y,y,z,0.1816483683208529
99,0.2777777777777778,0.4444444444444444,0.0,0.0030864197530864196,y,z,x,0.7259236205296906
99,0.2777777777777778,0.4444444444444444,0.0,0.0030864197530864196,y,z,y,0.12298579673201548
99,0.2777777777777778,0.4444444444444444,0.0,0.0030864197530864196,y,z,z,0.00804750941511198
99,0.2777777777777778,0.4444444444444444,0.0,0.0030864197530864196,z,x,x,-0.2355118376915913
99,0.2777777777777778,0.4444444444444444,0.0,0.0030864197530864196,z,x,y,0.47826566579179536
99,0.2777777777777778,0.4444444444444444,0.0,0.0030864197530864196,z,x,z,0.27337193066492477
99,0.2777777777777778,0.4444444444444444,0.0,0.0030864197530864196,z,y,x,-0.39341511384645367
99,0.2777777777777778,0.4444444444444444,0.0,0.0030864197530864196,z,y,y,0.11662511374157371
99,0.2777777777777778,0.4444444444444444,0.0,0.0030864197530864196,z,y,z,0.46305449093658874
99,0.2777777777777778,0.4444444444444444,0.0,0.0030864197530864196,z,z,x,-0.22219781783290118
99,0.2777777777777778,0.4444444444444444,0.0,0.0030864197530864196,z,z,y,-0.12761781661053556
99,0.2777777777777778,0.4444444444444444,0.0,0.0030864197530864196,z,z,z,0.009555115504067898
100,0.2777777777777778,0.5,0.0,0.0030864197530864196,x,x,x,0.16338340318961486
100,0.2777777777777778,0.5,0.0,0.0030864197530864196,x,x,y,0.4236408003537396
100,0.2777777777777778,0.5,0.0,0.0030864197530864196,x,x,z,-0.05526639627897023
100,0.2777777777777778,0.5,0.0,0.0030864197530864196,x,y,x,-0.20796407862517652
100,0.2777777777777778,0.5,0.0,0.0030864197530864196,x,y,y,-0.15539719303970606
100,0.2777777777777778,0.5,0.0,0.0030864197530864196,x,y,z,0.5393494639850558
100,0.2777777777777778,0.5,0.0,0.0030864197530864196,x,z,x,-0.14696176431968752
100,0.2777777777777778,0.5,0.0,0.0030864197530864196,x,z,y,-0.7923873750458407
100,0.2777777777777778,0.5,0.0,0.0030864197530864196,x,z,z,0.01626065146457032
100,0.2777777777777778,0.5,0.0,0.0030864197530864196,y,x,x,0.008130693323915913
100,0.2777777777777778,0.5,0.0,0.0030864197530864196,y,x,y,-0.1310188926970747
100,0.2777777777777778,0.5,0.0,0.0030864197530864196,y,x,z,-0.5826055577486854
100,0.2777777777777778,0.5,0.0,0.0030864197530864196,y,y,x,-0.11386525819299341
100,0.2777777777777778,0.5,0.0,0.0030864197530864196,y,y,y,0.16492480083804037
100,0.2777777777777778,0.5,0.0,0.0030864197530864196,y,y,z,0.11280938146075489
100,0.2777777777777778,0.5,0.0,0.0030864197530864196,y,z,x,0.7512295714914017
100,0.2777777777777778,0.5,0.0,0.0030864197530864196,y,z,y,0.08533295285512399
100,0.2777777777777778,0.5,0.0,0.0030864197530864196,y,z,z,0.013864359864483922
100,0.2777777777777778,0.5,0.0,0.0030864197530864196,z,x,x,-0.1582110487614586
100,0.2777777777777778,0.5,0.0,0.0030864197530864196,z,x,y,0.6579385947003494
100,0.2777777777777778,0.5,0.0,0.0030864197530864196,z,x,z,0.18066313569639778
100,0.2777777777777778,0.5,0.0,0.0030864197530864196,z,y,x,-0.6937207328971625
100,0.2777777777777778,0.5,0.0,0.0030864197530864196,z,y,y,0.12231176937022256
100,0.2777777777777778,0.5,0.0,0.0030864197530864196,z,y,z,0.4162449585460336
100,0.2777777777777778,0.5,0.0,0.0030864197530864196,z,z,x,-0.1332612588061082
100,0.2777777777777778,0.5,0.0,0.0030864197530864196,z,z,y,-0.17908444903954646
100,0.2777777777777778,0.5,0.0,0.0030864197530864196,z,z,z,0.00014099430434534924
101,0.2777777777777778,-0.4444444444444444,0.0,0.0030864197530864196,x,x,x,0.213207418743184
101,0.2777777777777778,-0.4444444444444444,0.0,0.0030864197530864196,x,x,y,0.21185369505260668
101,0.2777777777777778,-0.4444444444444444,0.0,0.0030864197530864196,x,x,z,-0.05675284496385138
101,0.2777777777777778,-0.4444444444444444,0.0,0.0030864197530864196,x,y,x,-0.09998246792750255
101,0.2777777777777778,-0.4444444444444444,0.0,0.0030864197530864196,x,y,y,-0.16089818618403606
101,0.2777777777777778,-0.4444444444444444,0.0,0.0030864197530864196,x,y,z,0.4926349011497352
101,0.2777777777777778,-0.4444444444444444,0.0,0.0030864197530864196,x,z,x,-0.054372711815455464
101,0.2777777777777778,-0.4444444444444444,0.0,0.0030864197530864196,x,z,y,-0.8250016726363647
101,0.2777777777777778,-0.4444444444444444,0.0,0.0030864197530864196,x,z,z,0.005940434831732397
101,0.2777777777777778,-0.4444444444444444,0.0,0.0030864197530864196,y,x,x,-0.010629357248407077
101,0.2777777777777778,-0.4444444444444444,0.0,0.0030864197530864196,y,x,y,-0.21245972013136802
101,0.2777777777777778,-0.4444444444444444,0.0,0.0030864197530864196,y,x,z,-0.5581550022606783
101,0.2777777777777778,-0.4444444444444444,0.0,0.0030864197530864196,y,y,x,-0.032462711474175926
101,0.2777777777777778,-0.4444444444444444,0.0,0.0030864197530864196,y,y,y,0.1012440526052184
101,0.2777777777777778,-0.4444444444444444,0.0,0.0030864197530864196,y,y,z,0.05675546563395889
101,0.2777777777777778,-0.4444444444444444,0.0,0.0030864197530864196,y,z,x,0.7622009755987937
101,0.2777777777777778,-0.4444444444444444,0.0,0.0030864197530864196,y,z,y,0.054375029802375165
101,0.2777777777777778,-0.4444444444444444,0.0,0.0030864197530864196,y,z,z,0.010282321398900241
101,0.2777777777777778,-0.4444444444444444,0.0,0.0030864197530864196,z,x,x,-0.08744935964048399
101,0.2777777777777778,-0.4444444444444444,0.0,0.0030864197530864196,z,x,y,0.7915042583932836
101,0.2777777777777778,-0.4444444444444444,0.0,0.0030864197530864196,z,x,z,0.16127339396913648
101,0.2777777777777778,-0.4444444444444444,0.0,0.0030864197530864196,z,y,x,-0.8924787235647368
101,0.2777777777777778,-0.4444444444444444,0.0,0.0030864197530864196,z,y,y,0.08745257074256205
101,0.2777777777777778,-0.4444444444444444,0.0,0.0030864197530864196,z,y,z,0.27938266238315373
101,0.2777777777777778,-0.4444444444444444,0.0,0.0030864197530864196,z,z,x,-0.08157289872493323
101,0.2777777777777778,-0.4444444444444444,0.0,0.0030864197530864196,z,z,y,-0.14133438140585
101,0.2777777777777778,-0.4444444444444444,0.0,0.0030864197530864196,z,z,z,9.901902425451354e-07
102,0.2777777777777778,-0.3888888888888888,0.0,0.0030864197530864196,x,x,x,0.24699058388079997
102,0.2777777777777778,-0.3888888888888888,0.0,0.0030864197530864196,x,x,y,0.06348130737959765
102,0.2777777777777778,-0.3888888888888888,0.0,0.0030864197530864196,x,x,z,-0.022836363378448122
102,0.2777777777777778,-0.3888888888888888,0.0,0.0030864197530864196,x,y,x,-0.028783909353629976
102,0.2777777777777778,-0.3888888888888888,0.0,0.0030864197530864196,x,y,y,-0.15720752648295802
102,0.2777777777777778,-0.3888888888888888,0.0,0.0030864197530864196,x,y,z,0.47295505717026287
102,0.2777777777777778,-0.3888888888888888,0.0,0.0030864197530864196,x,z,x,-0.01234971898989902
102,0.2777777777777778,-0.3888888888888888,0.0,0.0030864197530864196,x,z,y,-0.8479990774862959
102,0.2777777777777778,-0.3888888888888888,0.0,0.0030864197530864196,x,z,z,-0.004992124768907881
102,0.2777777777777778,-0.3888888888888888,0.0,0.0030864197530864196,y,x,x,-0.007160109939743004
102,0.2777777777777778,-0.3888888888888888,0.0,0.0030864197530864196,y,x,y,-0.27636374777338163
102,0.2777777777777778,-0.3888888888888888,0.0,0.0030864197530864196,y,x,z,-0.540735495472492
102,0.2777777777777778,-0.3888888888888888,0.0,0.0030864197530864196,y,y,x,0.024606657760657787
102,0.2777777777777778,-0.3888888888888888,0.0,0.0030864197530864196,y,y,y,0.0314291981658925
102,0.2777777777777778,-0.3888888888888888,0.0,0.0030864197530864196,y,y,z,0.01566535280744987
102,0.2777777777777778,-0.3888888888888888,0.0,0.0030864197530864196,y,z,x,0.764227294652212
102,0.2777777777777778,-0.3888888888888888,0.0,0.0030864197530864196,y,z,y,0.019469686016358304
102,0.2777777777777778,-0.3888888888888888,0.0,0.0030864197530864196,y,z,z,0.003284906778812729
102,0.2777777777777778,-0.3888888888888888,0.0,0.0030864197530864196,z,x,x,-0.02949381110135193
102,0.2777777777777778,-0.3888888888888888,0.0,0.0030864197530864196,z,x,y,0.8734242489136808
102,0.2777777777777778,-0.3888888888888888,0.0,0.0030864197530864196,z,x,z,0.1716252289096589
102,0.2777777777777778,-0.3888888888888888,0.0,0.0030864197530864196,z,y,x,-0.9979193519156283
102,0.2777777777777778,-0.3888888888888888,0.0,0.0030864197530864196,z,y,y,0.031144293632707383
102,0.2777777777777778,-0.3888888888888888,0.0,0.0030864197530864196,z,y,z,0.09624610993635557
102,0.2777777777777778,-0.3888888888888888,0.0,0.0030864197530864196,z,z,x,-0.06881345167606988
102,0.2777777777777778,-0.3888888888888888,0.0,0.0030864197530864196,z,z,y,-0.052156798847279584
102,0.2777777777777778,-0.3888888888888888,0.0,0.0030864197530864196,z,z,z,-0.0004295726014847534
103,0.2777777777777778,-0.3333333333333334,0.0,0.0030864197530864196,x,x,x,0.24699035537826183
103,0.2777777777777778,-0.3333333333333334,0.0,0.0030864197530864196,x,x,y,-0.06348114087427462
103,0.2777777777777778,-0.3333333333333334,0.0,0.0030864197530864196,x,x,z,0.02283575570939195
103,0.2777777777777778,-0.3333333333333334,0.0,0.0030864197530864196,x,y,x,0.028781884098114822
103,0.2777777777777778,-0.3333333333333334,0.0,0.0030864197530864196,x,y,y,-0.15720737548556651
103,0.2777777777777778,-0.3333333333333334,0.0,0.0030864197530864196,x,y,z,0.47295461838353314
103,0.2777777777777778,-0.3333333333333334,0.0,0.0030864197530864196,x,z,x,0.012351472822578521
103,0.2777777777777778,-0.3333333333333334,0.0,0.0030864197530864196,x,z,y,-0.8479981873699316
103,0.2777777777777778,-0.3333333333333334,0.0,0.0030864197530864196,x,z,z,-0.004992046617952726
103,0.2777777777777778,-0.3333333333333334,0.0,0.0030864197530864196,y,x,x,0.007160339377966162
103,0.2777777777777778,-0.3333333333333334,0.0,0.0030864197530864196,y,x,y,-0.2763633345837874
103,0.2777777777777778,-0.3333333333333334,0.0,0.0030864197530864196,y,x,z,-0.54073530790137
103,0.2777777777777778,-0.3333333333333334,0.0,0.0030864197530864196,y,y,x,0.024606563039247492
103,0.2777777777777778,-0.3333333333333334,0.0,0.0030864197530864196,y,y,y,-0.0314300112949484
103,0.2777777777777778,-0.3333333333333334,0.0,0.0030864197530864196,y,y,z,-0.015664307876693997
103,0.2777777777777778,-0.3333333333333334,0.0,0.0030864197530864196,y,z,x,0.7642268306619376
103,0.2777777777777778,-0.3333333333333334,0.0,0.0030864197530864196,y,z,y,-0.01947179481239383
103,0.2777777777777778,-0.3333333333333334,0.0,0.0030864197530864196,y,z,z,-0.003285121629522476
103,0.2777777777777778,-0.3333333333333334,0.0,0.0030864197530864196,z,x,x,0.029494086798146642
103,0.2777777777777778,-0.3333333333333334,0.0,0.0030864197530864196,z,x,y,0.8734229023997718
103,0.2777777777777778,-0.3333333333333334,0.0,0.0030864197530864196,z,x,z,0.17162491597908391
103,0.2777777777777778,-0.3333333333333334,0.0,0.0030864197530864196,z,y,x,-0.9979179532948265
103,0.2777777777777778,-0.3333333333333334,0.0,0.0030864197530864196,z,y,y,-0.031144521645021305
103,0.2777777777777778,-0.3333333333333334,0.0,0.0030864197530864196,z,y,z,-0.09624608369876703
103,0.2777777777777778,-0.3333333333333334,0.0,0.0030864197530864196,z,z,x,-0.06881325157439609
103,0.2777777777777778,-0.3333333333333334,0.0,0.0030864197530864196,z,z,y,0.05215524053821604
103,0.2777777777777778,-0.3333333333333334,0.0,0.0030864197530864196,z,z,z,0.0004295225152130141
104,0.2777777777777778,-0.2777777777777778,0.0,0.0030864197530864196,x,x,x,0.21320694893558909
104,0.2777777777777778,-0.2777777777777778,0.0,0.0030864197530864196,x,x,y,-0.21185277468782582
104,0.2777777777777778,-0.2777777777777778,0.0,0.0030864197530864196,x,x,z,0.05675212486731371
104,0.2777777777777778,-0.2777777777777778,0.0,0.0030864197530864196,x,y,x,0.09998000064306961
104,0.2777777777777778,-0.2777777777777778,0.0,0.0030864197530864196,x,y,y,-0.16089778734160534
104,0.2777777777777778,-0.2777777777777778,0.0,0.0030864197530864196,x,y,z,0.49263370834999737
104,0.2777777777777778,-0.2777777777777778,0.0,0.0030864197530864196,x,z,x,0.05437447964313746
104,0.2777777777777778,-0.2777777777777778,0.0,0.0030864197530864196,x,z,y,-0.8249994671136804
104,0.2777777777777778,-0.2777777777777778,0.0,0.0030864197530864196,x,z,z,0.005940637845481693
104,0.2777777777777778,-0.2777777777777778,0.0,0.0030864197530864196,y,x,x,0.010629510872863472
104,0.2777777777777778,-0.2777777777777778,0.0,0.0030864197530864196,y,x,y,-0.212458721303791
104,0.2777777777777778,-0.2777777777777778,0.0,0.0030864197530864196,y,x,z,-0.5581545128260461
104,0.2777777777777778,-0.2777777777777778,0.0,0.0030864197530864196,y,y,x,-0.03246290222408769
104,0.2777777777777778,-0.2777777777777778,0.0,0.0030864197530864196,y,y,y,-0.10124460509695178
104,0.2777777777777778,-0.2777777777777778,0.0,0.0030864197530864196,y,y,z,-0.056754345788442566
104,0.2777777777777778,-0.2777777777777778,0.0,0.0030864197530864196,y,z,x,0.7621998856258269
104,0.2777777777777778,-0.2777777777777778,0.0,0.0030864197530864196,y,z,y,-0.05437704524173905
104,0.2777777777777778,-0.2777777777777778,0.0,0.0030864197530864196,y,z,z,-0.010282490467654039
104,0.2777777777777778,-0.2777777777777778,0.0,0.0030864197530864196,z,x,x,0.08744947099670763
104,0.2777777777777778,-0.2777777777777778,0.0,0.0030864197530864196,z,x,y,0.7915009241357324
104,0.2777777777777778,-0.2777777777777778,0.0,0.0030864197530864196,z,x,z,0.16127257464937295
104,0.2777777777777778,-0.2777777777777778,0.0,0.0030864197530864196,z,y,x,-0.8924751855541595
104,0.2777777777777778,-0.2777777777777778,0.0,0.0030864197530864196,z,y,y,-0.0874526097752933
104,0.2777777777777778,-0.2777777777777778,0.0,0.0030864197530864196,z,y,z,-0.2793821910397424
104,0.2777777777777778,-0.2777777777777778,0.0,0.0030864197530864196,z,z,x,-0.08157235639917675
104,0.2777777777777778,-0.2777777777777778,0.0,0.0030864197530864196,z,z,y,0.14133274455187253
104,0.2777777777777778,-0.2777777777777778,0.0,0.0030864197530864196,z,z,z,-1.0417890154097636e-06
105,0.2777777777777778,-0.2222222222222222,0.0,0.0030864197530864196,x,x,x,0.1633831164013304
105,0.2777777777777778,-0.2222222222222222,0.0,0.0030864197530864196,x,x,y,-0.42363897709355536
105,0.2777777777777778,-0.2222222222222222,0.0,0.0030864197530864196,x,x,z,0.05526557127548109
105,0.2777777777777778,-0.2222222222222222,0.0,0.0030864197530864196,x,y,x,0.20796112954730642
105,0.2777777777777778,-0.2222222222222222,0.0,0.0030864197530864196,x,y,y,-0.15539668848966348
105,0.2777777777777778,-0.2222222222222222,0.0,0.0030864197530864196,x,y,z,0.5393476765336466
105,0.2777777777777778,-0.2222222222222222,0.0,0.0030864197530864196,x,z,x,0.14696349652307297
105,0.2777777777777778,-0.2222222222222222,0.0,0.0030864197530864196,x,z,y,-0.7923847095821881
105,0.2777777777777778,-0.2222222222222222,0.0,0.0030864197530864196,x,z,z,0.016260972802382628
105,0.2777777777777778,-0.2222222222222222,0.0,0.0030864197530864196,y,x,x,-0.008130599733959826
105,0.2777777777777778,-0.2222222222222222,0.0,0.0030864197530864196,y,x,y,-0.13101774855514323
105,0.2777777777777778,-0.2222222222222222,0.0,0.0030864197530864196,y,x,z,-0.5826049678568396
105,0.2777777777777778,-0.2222222222222222,0.0,0.0030864197530864196,y,y,x,-0.11386559019228266
105,0.2777777777777778,-0.2222222222222222,0.0,0.0030864197530864196,y,y,y,-0.16492493748070292
105,0.2777777777777778,-0.2222222222222222,0.0,0.0030864197530864196,y,y,z,-0.1128080809246476
105,0.2777777777777778,-0.2222222222222222,0.0,0.0030864197530864196,y,z,x,0.7512284507319777
105,0.2777777777777778,-0.2222222222222222,0.0,0.0030864197530864196,y,z,y,-0.08533488648676388
105,0.2777777777777778,-0.2222222222222222,0.0,0.0030864197530864196,y,z,z,-0.013864497677956805
105,0.2777777777777778,-0.2222222222222222,0.0,0.0030864197530864196,z,x,x,0.15821083883917766
105,0.2777777777777778,-0.2222222222222222,0.0,0.0030864197530864196,z,x,y,0.6579344266580534
105,0.2777777777777778,-0.2222222222222222,0.0,0.0030864197530864196,z,x,z,0.18066201976014173
105,0.2777777777777778,-0.2222222222222222,0.0,0.0030864197530864196,z,y,x,-0.6937162317535867
105,0.2777777777777778,-0.2222222222222222,0.0,0.0030864197530864196,z,y,y,-0.12231161162805944
105,0.2777777777777778,-0.2222222222222222,0.0,0.0030864197530864196,z,y,z,-0.416243846353989
105,0.2777777777777778,-0.2222222222222222,0.0,0.0030864197530864196,z,z,x,-0.1332604966971719
105,0.2777777777777778,-0.2222222222222222,0.0,0.0030864197530864196,z,z,y,0.17908270053301575
105,0.2777777777777778,-0.2222222222222222,0.0,0.0030864197530864196,z,z,z,-0.0001410163210086681
106,0.2777777777777778,-0.1666666666666666,0.0,0.0030864197530864196,x,x,x,0.10762673049978037
106,0.2777777777777778,-0.1666666666666666,0.0,0.0030864197530864196,x,x,y,-0.7493857101105434
106,0.2777777777777778,-0.1666666666666666,0.0,0.0030864197530864196,x,x,z,0.003964095800950181
106,0.2777777777777778,-0.1666666666666666,0.0,0.0030864197530864196,x,y,x,0.3810870526036527
106,0.2777777777777778,-0.1666666666666666,0.0,0.0030864197530864196,x,y,y,-0.10895978685318727
106,0.2777777777777778,-0.1666666666666666,0.0,0.0030864197530864196,x,y,z,0.5624773728347301
106,0.2777777777777778,-0.1666666666666666,0.0,0.0030864197530864196,x,z,x,0.2899129994837408
106,0.2777777777777778,-0.1666666666666666,0.0,0.0030864197530864196,x,z,y,-0.728052973943731
106,0.2777777777777778,-0.1666666666666666,0.0,0.0030864197530864196,x,z,z,0.020113367871848992
106,0.2777777777777778,-0.1666666666666666,0.0,0.0030864197530864196,y,x,x,-0.06886817604216951
106,0.2777777777777778,-0.1666666666666666,0.0,0.0030864197530864196,y,x,y,-0.15384428907136474
106,0.2777777777777778,-0.1666666666666666,0.0,0.0030864197530864196,y,x,z,-0.6023079723947166
106,0.2777777777777778,-0.1666666666666666,0.0,0.0030864197530864196,y,y,x,-0.20220397195778145
106,0.2777777777777778,-0.1666666666666666,0.0,0.0030864197530864196,y,y,y,-0.21484646634009896
106,0.2777777777777778,-0.1666666666666666,0.0,0.0030864197530864196,y,y,z,-0.1816468784193207
106,0.2777777777777778,-0.1666666666666666,0.0,0.0030864197530864196,y,z,x,0.7259228693097772
106,0.2777777777777778,-0.1666666666666666,0.0,0.0030864197530864196,y,z,y,-0.12298771372966517
106,0.2777777777777778,-0.1666666666666666,0.0,0.0030864197530864196,y,z,z,-0.008047582562980425
106,0.2777777777777778,-0.1666666666666666,0.0,0.0030864197530864196,z,x,x,0.23551123058334994
106,0.2777777777777778,-0.1666666666666666,0.0,0.0030864197530864196,z,x,y,0.4782606809054878
106,0.2777777777777778,-0.1666666666666666,0.0,0.0030864197530864196,z,x,z,0.2733707923863434
106,0.2777777777777778,-0.1666666666666666,0.0,0.0030864197530864196,z,y,x,-0.3934096681473944
106,0.2777777777777778,-0.1666666666666666,0.0,0.0030864197530864196,z,y,y,-0.11662510770672546
106,0.2777777777777778,-0.1666666666666666,0.0,0.0030864197530864196,z,y,z,-0.46305280164020973
106,0.2777777777777778,-0.1666666666666666,0.0,0.0030864197530864196,z,z,x,-0.22219692073037178
106,0.2777777777777778,-0.1666666666666666,0.0,0.0030864197530864196,z,z,y,0.12761547303662044
106,0.2777777777777778,-0.1666666666666666,0.0,0.0030864197530864196,z,z,z,-0.009555057519486194
107,0.2777777777777778,-0.1111111111111112,0.0,0.0030864197530864196,x,x,x,0.0019604131403432056
107,0.2777777777777778,-0.1111111111111112,0.0,0.0030864197530864196,x,x,y,-0.9973958825578071
107,0.2777777777777778,-0.1111111111111112,0.0,0.0030864197530864196,x,x,z,-0.20536393422874058
107,0.2777777777777778,-0.1111111111111112,0.0,0.0030864197530864196,x,y,x,0.3319253339776786
107,0.2777777777777778,-0.1111111111111112,0.0,0.0030864197530864196,x,y,y,0.016964847663394553
107,0.2777777777777778,-0.1111111111111112,0.0,0.0030864197530864196,x,y,z,0.4081771036478916
107,0.2777777777777778,-0.1111111111111112,0.0,0.0030864197530864196,x,z,x,0.5817114221166733
107,0.2777777777777778,-0.1111111111111112,0.0,0.0030864197530864196,x,z,y,-0.43993902600522716
107,0.2777777777777778,-0.1111111111111112,0.0,0.0030864197530864196,x,z,z,0.010051554757617757
107,0.2777777777777778,-0.1111111111111112,0.0,0.0030864197530864196,y,x,x,-0.27831817482193155
107,0.2777777777777778,-0.1111111111111112,0.0,0.0030864197530864196,y,x,y,-0.7211786309964602
107,0.2777777777777778,-0.1111111111111112,0.0,0.0030864197530864196,y,x,z,-0.5514244970640183
107,0.2777777777777778,-0.1111111111111112,0.0,0.0030864197530864196,y,y,x,-0.10543882961600322
107,0.2777777777777778,-0.1111111111111112,0.0,0.0030864197530864196,y,y,y,-0.24724877238007165
107,0.2777777777777778,-0.1111111111111112,0.0,0.0030864197530864196,y,y,z,-0.2241620149467807
107,0.2777777777777778,-0.1111111111111112,0.0,0.0030864197530864196,y,z,x,0.5946452524340999
107,0.2777777777777778,-0.1111111111111112,0.0,0.0030864197530864196,y,z,y,-0.2696237437073921
107,0.2777777777777778,-0.1111111111111112,0.0,0.0030864197530864196,y,z,z,-0.022503260576484913
107,0.2777777777777778,-0.1111111111111112,0.0,0.0030864197530864196,z,x,x,0.4064258452371041
107,0.2777777777777778,-0.1111111111111112,0.0,0.0030864197530864196,z,x,y,0.08644372661967926
107,0.2777777777777778,-0.1111111111111112,0.0,0.0030864197530864196,z,x,z,0.520225014798719
107,0.2777777777777778,-0.1111111111111112,0.0,0.0030864197530864196,z,y,x,0.18924356793801703
107,0.2777777777777778,-0.1111111111111112,0.0,0.0030864197530864196,z,y,y,-0.09276192626226229
107,0.2777777777777778,-0.1111111111111112,0.0,0.0030864197530864196,z,y,z,-0.29477495054959546
107,0.2777777777777778,-0.1111111111111112,0.0,0.0030864197530864196,z,z,x,-0.4160175506112313
107,0.2777777777777778,-0.1111111111111112,0.0,0.0030864197530864196,z,z,y,-0.095315601169954
107,0.2777777777777778,-0.1111111111111112,0.0,0.0030864197530864196,z,z,z,-0.021232086508837247
108,0.2777777777777778,-0.0555555555555556,0.0,0.0030864197530864196,x,x,x,-0.2386744038224836
108,0.2777777777777778,-0.0555555555555556,0.0,0.0030864197530864196,x,x,y,0.4894603952811867
108,0.2777777777777778,-0.0555555555555556,0.0,0.0030864197530864196,x,x,z,-0.809588541112085
108,0.2777777777777778,-0.0555555555555556,0.0,0.0030864197530864196,x,y,x,-1.82170179241234
108,0.2777777777777778,-0.0555555555555556,0.0,0.0030864197530864196,x,y,y,0.24898230244422967
108,0.2777777777777778,-0.0555555555555556,0.0,0.0030864197530864196,x,y,z,-0.4773031137726342
108,0.2777777777777778,-0.0555555555555556,0.0,0.0030864197530864196,x,z,x,1.2758127923508433
108,0.2777777777777778,-0.0555555555555556,0.0,0.0030864197530864196,x,z,y,0.8170444340160448
108,0.2777777777777778,-0.0555555555555556,0.0,0.0030864197530864196,x,z,z,-0.025824366363004923
108,0.2777777777777778,-0.0555555555555556,0.0,0.0030864197530864196,y,x,x,-0.5735533830839745
108,0.2777777777777778,-0.0555555555555556,0.0,0.0030864197530864196,y,x,y,-3.0738914884793602
108,0.2777777777777778,-0.0555555555555556,0.0,0.0030864197530864196,y,x,z,-0.25575442438510765
108,0.2777777777777778,-0.0555555555555556,0.0,0.0030864197530864196,y,y,x,0.9387853486882964
108,0.2777777777777778,-0.0555555555555556,0.0,0.0030864197530864196,y,y,y,-0.4021868346699457
108,0.2777777777777778,-0.0555555555555556,0.0,0.0030864197530864196,y,y,z,0.08452160382755725
108,0.2777777777777778,-0.0555555555555556,0.0,0.0030864197530864196,y,z,x,0.14464949399641144
108,0.2777777777777778,-0.0555555555555556,0.0,0.0030864197530864196,y,z,y,-0.8353479150043959
108,0.2777777777777778,-0.0555555555555556,0.0,0.0030864197530864196,y,z,z,-0.07021854119828115
108,0.2777777777777778,-0.0555555555555556,0.0,0.0030864197530864196,z,x,x,0.6350848420776132
108,0.2777777777777778,-0.0555555555555556,0.0,0.0030864197530864196,z,x,y,-1.5614924686559182
108,0.2777777777777778,-0.0555555555555556,0.0,0.0030864197530864196,z,x,z,0.9625219393398765
108,0.2777777777777778,-0.0555555555555556,0.0,0.0030864197530864196,z,y,x,2.0145004488307263
108,0.2777777777777778,-0.0555555555555556,0.0,0.0030864197530864196,z,y,y,-0.0317184910939256
108,0.2777777777777778,-0.0555555555555556,0.0,0.0030864197530864196,z,y,z,0.38879779643406803
108,0.2777777777777778,-0.0555555555555556,0.0,0.0030864197530864196,z,z,x,-0.6894220986270378
108,0.2777777777777778,-0.0555555555555556,0.0,0.0030864197530864196,z,z,y,-0.5244172282235223
108,0.2777777777777778,-0.0555555555555556,0.0,0.0030864197530864196,z,z,z,-0.03816532260130432
109,0.3333333333333333,0.0,0.0,0.0030864197530864196,x,x,x,-0.04402987322170139
109,0.3333333333333333,0.0,0.0,0.0030864197530864196,x,x,y,0.9022055217276895
109,0.3333333333333333,0.0,0.0,0.0030864197530864196,x,x,z,-0.8455169465655953
109,0.3333333333333333,0.0,0.0,0.0030864197530864196,x,y,x,-2.177104942272776
109,0.3333333333333333,0.0,0.0,0.0030864197530864196,x,y,y,-0.8501230819926688
109,0.3333333333333333,0.0,0.0,0.0030864197530864196,x,y,z,-1.2268753131790249
109,0.3333333333333333,0.0,0.0,0.0030864197530864196,x,z,x,1.3892744014344753
109,0.3333333333333333,0.0,0.0,0.0030864197530864196,x,z,y,1.5116578076559724
109,0.3333333333333333,0.0,0.0,0.0030864197530864196,x,z,z,0.010457976223012325
109,0.3333333333333333,0.0,0.0,0.0030864197530864196,y,x,x,-0.13690634911073635
109,0.3333333333333333,0.0,0.0,0.0030864197530864196,y,x,y,-2.0279942394472337
109,0.3333333333333333,0.0,0.0,0.0030864197530864196,y,x,z,0.2505825447274126
109,0.3333333333333333,0.0,0.0,0.0030864197530864196,y,y,x,-0.2502239127730342
109,0.3333333333333333,0.0,0.0,0.0030864197530864196,y,y,y,-1.411828143078888
109,0.3333333333333333,0.0,0.0,0.0030864197530864196,y,y,z,0.845560260651255
109,0.3333333333333333,0.0,0.0,0.0030864197530864196,y,z,x,0.09251336734667778
109,0.3333333333333333,0.0,0.0,0.0030864197530864196,y,z,y,-1.3893150462077934
109,0.3333333333333333,0.0,0.0,0.0030864197530864196,y,z,z,0.018125829203641444
109,0.3333333333333333,0.0,0.0,0.0030864197530864196,z,x,x,0.5290335719820283
109,0.3333333333333333,0.0,0.0,0.0030864197530864196,z,x,y,-1.7522853985604672
109,0.3333333333333333,0.0,0.0,0.0030864197530864196,z,x,z,0.7943364425452356
109,0.3333333333333333,0.0,0.0,0.0030864197530864196,z,y,x,2.363161115851255
109,0.3333333333333333,0.0,0.0,0.0030864197530864196,z,y,y,-0.5290266732134936
109,0.3333333333333333,0.0,0.0,0.0030864197530864196,z,y,z,1.3758648963523286
109,0.3333333333333333,0.0,0.0,0.0030864197530864196,z,z,x,-0.8296423892746222
109,0.3333333333333333,0.0,0.0,0.0030864197530864196,z,z,y,-1.4370140605430866
109,0.3333333333333333,0.0,0.0,0.0030864197530864196,z,z,z,-9.430293446231796e-06
110,0.3333333333333333,0.0555555555555556,0.0,0.0030864197530864196,x,x,x,0.06329273530081553
110,0.3333333333333333,0.0555555555555556,0.0,0.0030864197530864196,x,x,y,1.9783096248267409
110,0.3333333333333333,0.0555555555555556,0.0,0.0030864197530864196,x,x,z,-0.1784125852027058
110,0.3333333333333333,0.0555555555555556,0.0,0.0030864197530864196,x,y,x,-2.652397395803604
110,0.3333333333333333,0.0555555555555556,0.0,0.0030864197530864196,x,y,y,-0.9134574603440331
110,0.3333333333333333,0.0555555555555556,0.0,0.0030864197530864196,x,y,z,-0.3146245535633261
110,0.3333333333333333,0.0555555555555556,0.0,0.0030864197530864196,x,z,x,0.7239784133974676
110,0.3333333333333333,0.0555555555555556,0.0,0.0030864197530864196,x,z,y,1.0098895091745905
110,0.3333333333333333,0.0555555555555556,0.0,0.0030864197530864196,x,z,z,-0.04790881154419094
110,0.3333333333333333,0.0555555555555556,0.0,0.0030864197530864196,y,x,x,0.8493730517555187
110,0.3333333333333333,0.0555555555555556,0.0,0.0030864197530864196,y,x,y,-0.3328819891952848
110,0.3333333333333333,0.0555555555555556,0.0,0.0030864197530864196,y,x,z,-0.09310295966557522
110,0.3333333333333333,0.0555555555555556,0.0,0.0030864197530864196,y,y,x,-0.33780924407798824
110,0.3333333333333333,0.0555555555555556,0.0,0.0030864197530864196,y,y,y,-1.3283412073000573
110,0.3333333333333333,0.0555555555555556,0.0,0.0030864197530864196,y,y,z,0.9035347573051525
110,0.3333333333333333,0.0555555555555556,0.0,0.0030864197530864196,y,z,x,0.3375220617558999
110,0.3333333333333333,0.0555555555555556,0.0,0.0030864197530864196,y,z,y,-1.1645053457834302
110,0.3333333333333333,0.0555555555555556,0.0,0.0030864197530864196,y,z,z,-0.05747131198263868
110,0.3333333333333333,0.0555555555555556,0.0,0.0030864197530864196,z,x,x,0.061188281134971996
110,0.3333333333333333,0.0555555555555556,0.0,0.0030864197530864196,z,x,y,-1.6124812829951096
110,0.3333333333333333,0.0555555555555556,0.0,0.0030864197530864196,z,x,z,-0.14457492710832323
110,0.3333333333333333,0.0555555555555556,0.0,0.0030864197530864196,z,y,x,1.9634435743622454
110,0.3333333333333333,0.0555555555555556,0.0,0.0030864197530864196,z,y,y,-0.6645404530408348
110,0.3333333333333333,0.0555555555555556,0.0,0.0030864197530864196,z,y,z,1.0280066790686944
110,0.3333333333333333,0.0555555555555556,0.0,0.0030864197530864196,z,z,x,-0.10942626823961847
110,0.3333333333333333,0.0555555555555556,0.0,0.0030864197530864196,z,z,y,-0.85929170601217
110,0.3333333333333333,0.0555555555555556,0.0,0.0030864197530864196,z,z,z,0.038149131977295005
111,0.3333333333333333,0.1111111111111111,0.0,0.0030864197530864196,x,x,x,-0.10075490488847043
111,0.3333333333333333,0.1111111111111111,0.0,0.0030864197530864196,x,x,y,0.7324093660271671
111,0.3333333333333333,0.1111111111111111,0.0,0.0030864197530864196,x,x,z,0.095561666705992
111,0.3333333333333333,0.1111111111111111,0.0,0.0030864197530864196,x,y,x,-0.9150294883157227
111,0.3333333333333333,0.1111111111111111,0.0,0.0030864197530864196,x,y,y,-0.3898484946302925
111,0.3333333333333333,0.1111111111111111,0.0,0.0030864197530864196,x,y,z,0.8146501665097483
111,0.3333333333333333,0.1111111111111111,0.0,0.0030864197530864196,x,z,x,0.16351807721311443
111,0.3333333333333333,0.1111111111111111,0.0,0.0030864197530864196,x,z,y,-0.13900383153771792
111,0.3333333333333333,0.1111111111111111,0.0,0.0030864197530864196,x,z,z,-0.0716954007436733
111,0.3333333333333333,0.1111111111111111,0.0,0.0030864197530864196,y,x,x,0.5592921950581028
111,0.3333333333333333,0.1111111111111111,0.0,0.0030864197530864196,y,x,y,0.7492338126763928
111,0.3333333333333333,0.1111111111111111,0.0,0.0030864197530864196,y,x,z,-0.612153408973953
111,0.3333333333333333,0.1111111111111111,0.0,0.0030864197530864196,y,y,x,-0.7267641349165117
111,0.3333333333333333,0.1111111111111111,0.0,0.0030864197530864196,y,y,y,-0.47203201193493044
111,0.3333333333333333,0.1111111111111111,0.0,0.0030864197530864196,y,y,z,0.3493678250904884
111,0.3333333333333333,0.1111111111111111,0.0,0.0030864197530864196,y,z,x,0.6559327360114584
111,0.3333333333333333,0.1111111111111111,0.0,0.0030864197530864196,y,z,y,-0.3903245139879379
111,0.3333333333333333,0.1111111111111111,0.0,0.0030864197530864196,y,z,z,-0.049886209460412195
111,0.3333333333333333,0.1111111111111111,0.0,0.0030864197530864196,z,x,x,-0.059840150821327466
111,0.3333333333333333,0.1111111111111111,0.0,0.0030864197530864196,z,x,y,-0.3600535552341323
111,0.3333333333333333,0.1111111111111111,0.0,0.0030864197530864196,z,x,z,-0.5741161331517156
111,0.3333333333333333,0.1111111111111111,0.0,0.0030864197530864196,z,y,x,0.6531775758243302
111,0.3333333333333333,0.1111111111111111,0.0,0.0030864197530864196,z,y,y,-0.3701732094237064
111,0.3333333333333333,0.1111111111111111,0.0,0.0030864197530864196,z,y,z,0.3643839526721222
111,0.3333333333333333,0.1111111111111111,0.0,0.0030864197530864196,z,z,x,0.24352200894624249
111,0.3333333333333333,0.1111111111111111,0.0,0.0030864197530864196,z,z,y,-0.26839376358294
111,0.3333333333333333,0.1111111111111111,0.0,0.0030864197530864196,z,z,z,0.039489073378634026
112,0.3333333333333333,0.1666666666666667,0.0,0.0030864197530864196,x,x,x,-0.17507488483100658
112,0.3333333333333333,0.1666666666666667,0.0,0.0030864197530864196,x,x,y,3.933018490348397e-06
112,0.3333333333333333,0.1666666666666667,0.0,0.0030864197530864196,x,x,z,-1.9366801961897813e-06
112,0.3333333333333333,0.1666666666666667,0.0,0.0030864197530864196,x,y,x,-2.4971255139208712e-06
112,0.3333333333333333,0.1666666666666667,0.0,0.0030864197530864196,x,y,y,-0.21156396331105518
112,0.3333333333333333,0.1666666666666667,0.0,0.0030864197530864196,x,y,z,1.122226448745491
112,0.3333333333333333,0.1666666666666667,0.0,0.0030864197530864196,x,z,x,2.1452149244992596e-06
112,0.3333333333333333,0.1666666666666667,0.0,0.0030864197530864196,x,z,y,-0.5130357806987264
112,0.3333333333333333,0.1666666666666667,0.0,0.0030864197530864196,x,z,z,-0.08534342432893034
112,0.3333333333333333,0.1666666666666667,0.0,0.0030864197530864196,y,x,x,2.1095660985911567e-06
112,0.3333333333333333,0.1666666666666667,0.0,0.0030864197530864196,y,x,y,0.853172682262098
112,0.3333333333333333,0.1666666666666667,0.0,0.0030864197530864196,y,x,z,-0.7507696588150253
112,0.3333333333333333,0.1666666666666667,0.0,0.0030864197530864196,y,y,x,-0.7609978262058067
112,0.3333333333333333,0.1666666666666667,0.0,0.0030864197530864196,y,y,y,6.180723156938383e-07
112,0.3333333333333333,0.1666666666666667,0.0,0.0030864197530864196,y,y,z,1.1407933342813038e-06
112,0.3333333333333333,0.1666666666666667,0.0,0.0030864197530864196,y,z,x,0.7227240992825928
112,0.3333333333333333,0.1666666666666667,0.0,0.0030864197530864196,y,z,y,-2.3746371947919675e-06
112,0.3333333333333333,0.1666666666666667,0.0,0.0030864197530864196,y,z,z,-1.4351375850633397e-07
112,0.3333333333333333,0.1666666666666667,0.0,0.0030864197530864196,z,x,x,1.2456495330631645e-06
112,0.3333333333333333,0.1666666666666667,0.0,0.0030864197530864196,z,x,y,0.017624861205983503
112,0.3333333333333333,0.1666666666666667,0.0,0.0030864197530864196,z,x,z,-0.6114352279297227
112,0.3333333333333333,0.1666666666666667,0.0,0.0030864197530864196,z,y,x,0.28135851504862885
112,0.3333333333333333,0.1666666666666667,0.0,0.0030864197530864196,z,y,y,-3.234812142250814e-08
112,0.3333333333333333,0.1666666666666667,0.0,0.0030864197530864196,z,y,z,-5.569410371109056e-07
112,0.3333333333333333,0.1666666666666667,0.0,0.0030864197530864196,z,z,x,0.2443210743125888
112,0.3333333333333333,0.1666666666666667,0.0,0.0030864197530864196,z,z,y,1.5806847929018494e-07
112,0.3333333333333333,0.1666666666666667,0.0,0.0030864197530864196,z,z,z,9.140658095826894e-09
113,0.3333333333333333,0.2222222222222222,0.0,0.0030864197530864196,x,x,x,-0.10075716002133772
113,0.3333333333333333,0.2222222222222222,0.0,0.0030864197530864196,x,x,y,-0.7324031054832648
113,0.3333333333333333,0.2222222222222222,0.0,0.0030864197530864196,x,x,z,-0.09556546095917211
113,0.3333333333333333,0.2222222222222222,0.0,0.0030864197530864196,x,y,x,0.9150251552065123
113,0.3333333333333333,0.2222222222222222,0.0,0.0030864197530864196,x,y,y,-0.38984602949190295
113,0.3333333333333333,0.2222222222222222,0.0,0.0030864197530864196,x,y,z,0.8146499149862754
113,0.3333333333333333,0.2222222222222222,0.0,0.0030864197530864196,x,z,x,-0.16351422286159611
113,0.3333333333333333,0.2222222222222222,0.0,0.0030864197530864196,x,z,y,-0.1390030752721366
113,0.3333333333333333,0.2222222222222222,0.0,0.0030864197530864196,x,z,z,-0.07169539655821003
113,0.3333333333333333,0.2222222222222222,0.0,0.0030864197530864196,y,x,x,-0.5592889175662574
113,0.3333333333333333,0.2222222222222222,0.0,0.0030864197530864196,y,x,y,0.7492356236878049
113,0.3333333333333333,0.2222222222222222,0.0,0.0030864197530864196,y,x,z,-0.6121529581161519
113,0.3333333333333333,0.2222222222222222,0.0,0.0030864197530864196,y,y,x,-0.7267655839589507
113,0.3333333333333333,0.2222222222222222,0.0,0.0030864197530864196,y,y,y,0.47203311098518813
113,0.3333333333333333,0.2222222222222222,0.0,0.0030864197530864196,y,y,z,-0.3493663950035548
113,0.3333333333333333,0.2222222222222222,0.0,0.0030864197530864196,y,z,x,0.6559328722925398
113,0.3333333333333333,0.2222222222222222,0.0,0.0030864197530864196,y,z,y,0.39032067729865777
113,0.3333333333333333,0.2222222222222222,0.0,0.0030864197530864196,y,z,z,0.04988611142229997
113,0.3333333333333333,0.2222222222222222,0.0,0.0030864197530864196,z,x,x,0.059842789774204756
113,0.3333333333333333,0.2222222222222222,0.0,0.0030864197530864196,z,x,y,-0.360050887935073
113,0.3333333333333333,0.2222222222222222,0.0,0.0030864197530864196,z,x,z,-0.5741161338700663
113,0.3333333333333333,0.2222222222222222,0.0,0.0030864197530864196,z,y,x,0.653177942838839
113,0.3333333333333333,0.2222222222222222,0.0,0.0030864197530864196,z,y,y,0.3701736138217151
113,0.3333333333333333,0.2222222222222222,0.0,0.0030864197530864196,z,y,z,-0.3643860460543896
113,0.3333333333333333,0.2222222222222222,0.0,0.0030864197530864196,z,z,x,0.24352079801532406
113,0.3333333333333333,0.2222222222222222,0.0,0.0030864197530864196,z,z,y,0.26839459565963547
113,0.3333333333333333,0.2222222222222222,0.0,0.0030864197530864196,z,z,z,-0.03948909128292592
114,0.3333333333333333,0.2777777777777778,0.0,0.0030864197530864196,x,x,x,0.06329058031856455
114,0.3333333333333333,0.2777777777777778,0.0,0.0030864197530864196,x,x,y,-1.9783121207757743
114,0.3333333333333333,0.2777777777777778,0.0,0.0030864197530864196,x,x,z,0.17841295728394965
114,0.3333333333333333,0.2777777777777778,0.0,0.0030864197530864196,x,y,x,2.652399005276063
114,0.3333333333333333,0.2777777777777778,0.0,0.0030864197530864196,x,y,y,-0.9134551307677601
114,0.3333333333333333,0.2777777777777778,0.0,0.0030864197530864196,x,y,z,-0.3146332375107653
114,0.3333333333333333,0.2777777777777778,0.0,0.0030864197530864196,x,z,x,-0.7239784538678635
114,0.3333333333333333,0.2777777777777778,0.0,0.0030864197530864196,x,z,y,1.0098984806811877
114,0.3333333333333333,0.2777777777777778,0.0,0.0030864197530864196,x,z,z,-0.04790893040366627
114,0.3333333333333333,0.2777777777777778,0.0,0.0030864197530864196,y,x,x,-0.8493711587845917
114,0.3333333333333333,0.2777777777777778,0.0,0.0030864197530864196,y,x,y,-0.3328855964344991
114,0.3333333333333333,0.2777777777777778,0.0,0.0030864197530864196,y,x,z,-0.09310044118186062
114,0.3333333333333333,0.2777777777777778,0.0,0.0030864197530864196,y,y,x,-0.3378079091276794
114,0.3333333333333333,0.2777777777777778,0.0,0.0030864197530864196,y,y,y,1.3283431964100723
114,0.3333333333333333,0.2777777777777778,0.0,0.0030864197530864196,y,y,z,-0.9035375147320432
114,0.3333333333333333,0.2777777777777778,0.0,0.0030864197530864196,y,z,x,0.33752026001716195
114,0.3333333333333333,0.2777777777777778,0.0,0.0030864197530864196,y,z,y,1.1645071435738628
114,0.3333333333333333,0.2777777777777778,0.0,0.0030864197530864196,y,z,z,0.0574716623814576
114,0.3333333333333333,0.2777777777777778,0.0,0.0030864197530864196,z,x,x,-0.061187571747265405
114,0.3333333333333333,0.2777777777777778,0.0,0.0030864197530864196,z,x,y,-1.6124748203048338
114,0.3333333333333333,0.2777777777777778,0.0,0.0030864197530864196,z,x,z,-0.14457307677557896
114,0.3333333333333333,0.2777777777777778,0.0,0.0030864197530864196,z,y,x,1.9634456922699945
114,0.3333333333333333,0.2777777777777778,0.0,0.0030864197530864196,z,y,y,0.6645429649107609
114,0.3333333333333333,0.2777777777777778,0.0,0.0030864197530864196,z,y,z,-1.0280115920405495
114,0.3333333333333333,0.2777777777777778,0.0,0.0030864197530864196,z,z,x,-0.10943017380118816
114,0.3333333333333333,0.2777777777777778,0.0,0.0030864197530864196,z,z,y,0.8592938300278987
114,0.3333333333333333,0.2777777777777778,0.0,0.0030864197530864196,z,z,z,-0.03814957974499616
115,0.3333333333333333,0.3333333333333333,0.0,0.0030864197530864196,x,x,x,-0.04403002361461085
115,0.3333333333333333,0.3333333333333333,0.0,0.0030864197530864196,x,x,y,-0.9022051454208787
115,0.3333333333333333,0.3333333333333333,0.0,0.0030864197530864196,x,x,z,0.8455243059356868
115,0.3333333333333333,0.3333333333333333,0.0,0.0030864197530864196,x,y,x,2.177100705734688
115,0.3333333333333333,0.3333333333333333,0.0,0.0030864197530864196,x,y,y,-0.850121387954487
115,0.3333333333333333,0.3333333333333333,0.0,0.0030864197530864196,x,y,z,-1.226889547039214
115,0.3333333333333333,0.3333333333333333,0.0,0.0030864197530864196,x,z,x,-1.3892788266471583
115,0.3333333333333333,0.3333333333333333,0.0,0.0030864197530864196,x,z,y,1.511669836398147
115,0.3333333333333333,0.3333333333333333,0.0,0.0030864197530864196,x,z,z,0.010457397531339467
115,0.3333333333333333,0.3333333333333333,0.0,0.0030864197530864196,y,x,x,0.1369124778373951
115,0.3333333333333333,0.3333333333333333,0.0,0.0030864197530864196,y,x,y,-2.0280087925362738
115,0.3333333333333333,0.3333333333333333,0.0,0.0030864197530864196,y,x,z,0.2505858148799953
115,0.3333333333333333,0.3333333333333333,0.0,0.0030864197530864196,y,y,x,-0.25021699313525153
115,0.3333333333333333,0.3333333333333333,0.0,0.0030864197530864196,y,y,y,1.4118291524669606
115,0.3333333333333333,0.3333333333333333,0.0,0.0030864197530864196,y,y,z,-0.8455638995993963
115,0.3333333333333333,0.3333333333333333,0.0,0.0030864197530864196,y,z,x,0.09250977347819096
115,0.3333333333333333,0.3333333333333333,0.0,0.0030864197530864196,y,z,y,1.3893203073188196
115,0.3333333333333333,0.3333333333333333,0.0,0.0030864197530864196,y,z,z,-0.018125609242156348
115,0.3333333333333333,0.3333333333333333,0.0,0.0030864197530864196,z,x,x,-0.5290387089547679
115,0.3333333333333333,0.3333333333333333,0.0,0.0030864197530864196,z,x,y,-1.7522683455878862
115,0.3333333333333333,0.3333333333333333,0.0,0.0030864197530864196,z,x,z,0.7943414936462191
115,0.3333333333333333,0.3333333333333333,0.0,0.0030864197530864196,z,y,x,2.3631544213910116
115,0.3333333333333333,0.3333333333333333,0.0,0.0030864197530864196,z,y,y,0.5290287229638089
115,0.3333333333333333,0.3333333333333333,0.0,0.0030864197530864196,z,y,z,-1.3758665563523236
115,0.3333333333333333,0.3333333333333333,0.0,0.0030864197530864196,z,z,x,-0.8296481784907458
115,0.3333333333333333,0.3333333333333333,0.0,0.0030864197530864196,z,z,y,1.4370131403431312
115,0.3333333333333333,0.3333333333333333,0.0,0.0030864197530864196,z,z,z,9.178175487968628e-06
116,0.3333333333333333,0.3888888888888889,0.0,0.0030864197530864196,x,x,x,-0.09316759151527085
116,0.3333333333333333,0.3888888888888889,0.0,0.0030864197530864196,x,x,y,1.225522971451389
116,0.3333333333333333,0.3888888888888889,0.0,0.0030864197530864196,x,x,z,0.5585969624945851
116,0.3333333333333333,0.3888888888888889,0.0,0.0030864197530864196,x,y,x,-0.30226550610345343
116,0.3333333333333333,0.3888888888888889,0.0,0.0030864197530864196,x,y,y,-0.289122748635415
116,0.3333333333333333,0.3888888888888889,0.0,0.0030864197530864196,x,y,z,-0.31589951577783576
116,0.3333333333333333,0.3888888888888889,0.0,0.0030864197530864196,x,z,x,-0.9546050548695934
116,0.3333333333333333,0.3888888888888889,0.0,0.0030864197530864196,x,z,y,0.25616051262011497
116,0.3333333333333333,0.3888888888888889,0.0,0.0030864197530864196,x,z,z,0.03815098505368853
116,0.3333333333333333,0.3888888888888889,0.0,0.0030864197530864196,y,x,x,0.5199543564727594
116,0.3333333333333333,0.3888888888888889,0.0,0.0030864197530864196,y,x,y,-0.9531674221426697
116,0.3333333333333333,0.3888888888888889,0.0,0.0030864197530864196,y,x,z,-0.09834883790363835
116,0.3333333333333333,0.3888888888888889,0.0,0.0030864197530864196,y,y,x,-0.6889229588641247
116,0.3333333333333333,0.3888888888888889,0.0,0.0030864197530864196,y,y,y,0.5754676149673632
116,0.3333333333333333,0.3888888888888889,0.0,0.0030864197530864196,y,y,z,-0.07218961306421923
116,0.3333333333333333,0.3888888888888889,0.0,0.0030864197530864196,y,z,x,0.34878047467886736
116,0.3333333333333333,0.3888888888888889,0.0,0.0030864197530864196,y,z,y,0.6186044957015664
116,0.3333333333333333,0.3888888888888889,0.0,0.0030864197530864196,y,z,z,-0.046565513678469284
116,0.3333333333333333,0.3888888888888889,0.0,0.0030864197530864196,z,x,x,-0.5186365748169892
116,0.3333333333333333,0.3888888888888889,0.0,0.0030864197530864196,z,x,y,-0.05034595688218943
116,0.3333333333333333,0.3888888888888889,0.0,0.0030864197530864196,z,x,z,0.7258208952736213
116,0.3333333333333333,0.3888888888888889,0.0,0.0030864197530864196,z,y,x,0.6106539077791103
116,0.3333333333333333,0.3888888888888889,0.0,0.0030864197530864196,z,y,y,0.2524539056786746
116,0.3333333333333333,0.3888888888888889,0.0,0.0030864197530864196,z,y,z,-0.42563424381757226
116,0.3333333333333333,0.3888888888888889,0.0,0.0030864197530864196,z,z,x,-0.737930880046975
116,0.3333333333333333,0.3888888888888889,0.0,0.0030864197530864196,z,z,y,0.8316800061773928
116,0.3333333333333333,0.3888888888888889,0.0,0.0030864197530864196,z,z,z,0.012255035583709153
117,0.3333333333333333,0.4444444444444444,0.0,0.0030864197530864196,x,x,x,0.0036364500880049183
117,0.3333333333333333,0.4444444444444444,0.0,0.0030864197530864196,x,x,y,1.1719823311252988
117,0.3333333333333333,0.4444444444444444,0.0,0.0030864197530864196,x,x,z,0.16141617396650035
117,0.3333333333333333,0.4444444444444444,0.0,0.0030864197530864196,x,y,x,-0.6739032573421958
117,0.3333333333333333,0.4444444444444444,0.0,0.0030864197530864196,x,y,y,-0.1692067098086996
117,0.3333333333333333,0.4444444444444444,0.0,0.0030864197530864196,x,y,z,0.2978207809935435
117,0.3333333333333333,0.4444444444444444,0.0,0.0030864197530864196,x,z,x,-0.49723844071371354
117,0.3333333333333333,0.4444444444444444,0.0,0.0030864197530864196,x,z,y,-0.42790872755084836
117,0.3333333333333333,0.4444444444444444,0.0,0.0030864197530864196,x,z,z,0.03908254253169422
117,0.3333333333333333,0.4444444444444444,0.0,0.0030864197530864196,y,x,x,0.25429563045021225
117,0.3333333333333333,0.4444444444444444,0.0,0.0030864197530864196,y,x,y,-0.1368347372231172
117,0.3333333333333333,0.4444444444444444,0.0,0.0030864197530864196,y,x,z,-0.334034678603085
117,0.3333333333333333,0.4444444444444444,0.0,0.0030864197530864196,y,y,x,-0.5964348396036278
117,0.3333333333333333,0.4444444444444444,0.0,0.0030864197530864196,y,y,y,0.3077630598539184
117,0.3333333333333333,0.4444444444444444,0.0,0.0030864197530864196,y,y,z,0.13668645791770703
117,0.3333333333333333,0.4444444444444444,0.0,0.0030864197530864196,y,z,x,0.5814409251077761
117,0.3333333333333333,0.4444444444444444,0.0,0.0030864197530864196,y,z,y,0.2252521537996566
117,0.3333333333333333,0.4444444444444444,0.0,0.0030864197530864196,y,z,z,-0.03185576199747091
117,0.3333333333333333,0.4444444444444444,0.0,0.0030864197530864196,z,x,x,-0.3195733359044799
117,0.3333333333333333,0.4444444444444444,0.0,0.0030864197530864196,z,x,y,0.5338881467584443
117,0.3333333333333333,0.4444444444444444,0.0,0.0030864197530864196,z,x,z,0.31268354366907025
117,0.3333333333333333,0.4444444444444444,0.0,0.0030864197530864196,z,y,x,-0.24104291588545276
117,0.3333333333333333,0.4444444444444444,0.0,0.0030864197530864196,z,y,y,0.16458086853211715
117,0.3333333333333333,0.4444444444444444,0.0,0.0030864197530864196,z,y,z,0.231175413743161
117,0.3333333333333333,0.4444444444444444,0.0,0.0030864197530864196,z,z,x,-0.3532877526382602
117,0.3333333333333333,0.4444444444444444,0.0,0.0030864197530864196,z,z,y,0.1791642841350663
117,0.3333333333333333,0.4444444444444444,0.0,0.0030864197530864196,z,z,z,0.008524152423746859
118,0.3333333333333333,0.5,0.0,0.0030864197530864196,x,x,x,0.06055166245131363
118,0.3333333333333333,0.5,0.0,0.0030864197530864196,x,x,y,0.7283391927742561
118,0.3333333333333333,0.5,0.0,0.0030864197530864196,x,x,z,0.005784817395430733
118,0.3333333333333333,0.5,0.0,0.0030864197530864196,x,y,x,-0.4306743007509549
118,0.3333333333333333,0.5,0.0,0.0030864197530864196,x,y,y,-0.16639367227647148
118,0.3333333333333333,0.5,0.0,0.0030864197530864196,x,y,z,0.4583872005760582
118,0.3333333333333333,0.5,0.0,0.0030864197530864196,x,z,x,-0.2637629888364344
118,0.3333333333333333,0.5,0.0,0.0030864197530864196,x,z,y,-0.6250281478265906
118,0.3333333333333333,0.5,0.0,0.0030864197530864196,x,z,z,0.028504325088101305
118,0.3333333333333333,0.5,0.0,0.0030864197530864196,y,x,x,0.10927258448681088
118,0.3333333333333333,0.5,0.0,0.0030864197530864196,y,x,y,-0.015865337148776294
118,0.3333333333333333,0.5,0.0,0.0030864197530864196,y,x,z,-0.43127892070859974
118,0.3333333333333333,0.5,0.0,0.0030864197530864196,y,y,x,-0.39808566848133814
118,0.3333333333333333,0.5,0.0,0.0030864197530864196,y,y,y,0.21979468123793405
118,0.3333333333333333,0.5,0.0,0.0030864197530864196,y,y,z,0.14492688259941933
118,0.3333333333333333,0.5,0.0,0.0030864197530864196,y,z,x,0.6741295063143539
118,0.3333333333333333,0.5,0.0,0.0030864197530864196,y,z,y,0.1234380653378333
118,0.3333333333333333,0.5,0.0,0.0030864197530864196,y,z,z,-0.00845474221077054
118,0.3333333333333333,0.5,0.0,0.0030864197530864196,z,x,x,-0.216302128628892
118,0.3333333333333333,0.5,0.0,0.0030864197530864196,z,x,y,0.6836526472658259
118,0.3333333333333333,0.5,0.0,0.0030864197530864196,z,x,z,0.102176523845571
118,0.3333333333333333,0.5,0.0,0.0030864197530864196,z,y,x,-0.5453914666589175
118,0.3333333333333333,0.5,0.0,0.0030864197530864196,z,y,y,0.144595151356435
118,0.3333333333333333,0.5,0.0,0.0030864197530864196,z,y,z,0.38979573974942966
118,0.3333333333333333,0.5,0.0,0.0030864197530864196,z,z,x,-0.1585371972652435
118,0.3333333333333333,0.5,0.0,0.0030864197530864196,z,z,y,-0.07246246917627841
118,0.3333333333333333,0.5,0.0,0.0030864197530864196,z,z,z,0.005546376475660112
119,0.3333333333333333,-0.4444444444444444,0.0,0.0030864197530864196,x,x,x,0.10348303143977089
119,0.3333333333333333,-0.4444444444444444,0.0,0.0030864197530864196,x,x,y,0.41707216775478895
119,0.3333333333333333,-0.4444444444444444,0.0,0.0030864197530864196,x,x,z,-0.04447930636235399
119,0.3333333333333333,-0.4444444444444444,0.0,0.0030864197530864196,x,y,x,-0.23882722180493815
119,0.3333333333333333,-0.4444444444444444,0.0,0.0030864197530864196,x,y,y,-0.17391370597760714
119,0.3333333333333333,-0.4444444444444444,0.0,0.0030864197530864196,x,y,z,0.49703249578057224
119,0.3333333333333333,-0.4444444444444444,0.0,0.0030864197530864196,x,z,x,-0.12332282724832806
119,0.3333333333333333,-0.4444444444444444,0.0,0.0030864197530864196,x,z,y,-0.7217088989432245
119,0.3333333333333333,-0.4444444444444444,0.0,0.0030864197530864196,x,z,z,0.016481378151781998
119,0.3333333333333333,-0.4444444444444444,0.0,0.0030864197530864196,y,x,x,0.02950894493701127
119,0.3333333333333333,-0.4444444444444444,0.0,0.0030864197530864196,y,x,y,-0.049060430930647936
119,0.3333333333333333,-0.4444444444444444,0.0,0.0030864197530864196,y,x,z,-0.47749182188677997
119,0.3333333333333333,-0.4444444444444444,0.0,0.0030864197530864196,y,y,x,-0.2835197385383924
119,0.3333333333333333,-0.4444444444444444,0.0,0.0030864197530864196,y,y,y,0.16514956335169095
119,0.3333333333333333,-0.4444444444444444,0.0,0.0030864197530864196,y,y,z,0.09196447164975016
119,0.3333333333333333,-0.4444444444444444,0.0,0.0030864197530864196,y,z,x,0.7541241193166651
119,0.3333333333333333,-0.4444444444444444,0.0,0.0030864197530864196,y,z,y,0.07566894715137315
119,0.3333333333333333,-0.4444444444444444,0.0,0.0030864197530864196,y,z,z,-0.00420998074718382
119,0.3333333333333333,-0.4444444444444444,0.0,0.0030864197530864196,z,x,x,-0.1378398042229133
119,0.3333333333333333,-0.4444444444444444,0.0,0.0030864197530864196,z,x,y,0.8051716473456775
119,0.3333333333333333,-0.4444444444444444,0.0,0.0030864197530864196,z,x,z,0.01792251893617909
119,0.3333333333333333,-0.4444444444444444,0.0,0.0030864197530864196,z,y,x,-0.7544704634853798
119,0.3333333333333333,-0.4444444444444444,0.0,0.0030864197530864196,z,y,y,0.11682583986366372
119,0.3333333333333333,-0.4444444444444444,0.0,0.0030864197530864196,z,y,z,0.34681594711812996
119,0.3333333333333333,-0.4444444444444444,0.0,0.0030864197530864196,z,z,x,-0.05940446274449793
119,0.3333333333333333,-0.4444444444444444,0.0,0.0030864197530864196,z,z,y,-0.12165623342644026
119,0.3333333333333333,-0.4444444444444444,0.0,0.0030864197530864196,z,z,z,0.0008939865208142236
120,0.3333333333333333,-0.3888888888888888,0.0,0.0030864197530864196,x,x,x,0.14886247207426012
120,0.3333333333333333,-0.3888888888888888,0.0,0.0030864197530864196,x,x,y,0.19654459316870587
120,0.3333333333333333,-0.3888888888888888,0.0,0.0030864197530864196,x,x,z,-0.03539445564840372
120,0.3333333333333333,-0.3888888888888888,0.0,0.0030864197530864196,x,y,x,-0.11027181550422693
120,0.3333333333333333,-0.3888888888888888,0.0,0.0030864197530864196,x,y,y,-0.1727446065840718
120,0.3333333333333333,-0.3888888888888888,0.0,0.0030864197530864196,x,y,z,0.5071306113984758
120,0.3333333333333333,-0.3888888888888888,0.0,0.0030864197530864196,x,z,x,-0.04778205308050723
120,0.3333333333333333,-0.3888888888888888,0.0,0.0030864197530864196,x,z,y,-0.7989615264969392
120,0.3333333333333333,-0.3888888888888888,0.0,0.0030864197530864196,x,z,z,0.0053447048616728655
120,0.3333333333333333,-0.3888888888888888,0.0,0.0030864197530864196,y,x,x,0.003755643005499493
120,0.3333333333333333,-0.3888888888888888,0.0,0.0030864197530864196,y,x,y,-0.13186345775933128
120,0.3333333333333333,-0.3888888888888888,0.0,0.0030864197530864196,y,x,z,-0.5065682684023334
120,0.3333333333333333,-0.3888888888888888,0.0,0.0030864197530864196,y,y,x,-0.20248777455673772
120,0.3333333333333333,-0.3888888888888888,0.0,0.0030864197530864196,y,y,y,0.08613973830904224
120,0.3333333333333333,-0.3888888888888888,0.0,0.0030864197530864196,y,y,z,0.04256868631175044
120,0.3333333333333333,-0.3888888888888888,0.0,0.0030864197530864196,y,z,x,0.8132738432283231
120,0.3333333333333333,-0.3888888888888888,0.0,0.0030864197530864196,y,z,y,0.040663500659726064
120,0.3333333333333333,-0.3888888888888888,0.0,0.0030864197530864196,y,z,z,-0.00268407846750818
120,0.3333333333333333,-0.3888888888888888,0.0,0.0030864197530864196,z,x,x,-0.06989363262328177
120,0.3333333333333333,-0.3888888888888888,0.0,0.0030864197530864196,z,x,y,0.9405499904889674
120,0.3333333333333333,-0.3888888888888888,0.0,0.0030864197530864196,z,x,z,-0.0024904755152271737
120,0.3333333333333333,-0.3888888888888888,0.0,0.0030864197530864196,z,y,x,-0.9308099194890618
120,0.3333333333333333,-0.3888888888888888,0.0,0.0030864197530864196,z,y,y,0.0682461674713673
120,0.3333333333333333,-0.3888888888888888,0.0,0.0030864197530864196,z,y,z,0.19677757822653458
120,0.3333333333333333,-0.3888888888888888,0.0,0.0030864197530864196,z,z,x,-0.010732808372899343
120,0.3333333333333333,-0.3888888888888888,0.0,0.0030864197530864196,z,z,y,-0.08569481286183604
120,0.3333333333333333,-0.3888888888888888,0.0,0.0030864197530864196,z,z,z,0.00043044431349046366
121,0.3333333333333333,-0.3333333333333334,0.0,0.0030864197530864196,x,x,x,0.16941856420300289
121,0.3333333333333333,-0.3333333333333334,0.0,0.0030864197530864196,x,x,y,-1.454245496605971e-07
121,0.3333333333333333,-0.3333333333333334,0.0,0.0030864197530864196,x,x,z,-5.183731208469473e-07
121,0.3333333333333333,-0.3333333333333334,0.0,0.0030864197530864196,x,y,x,-5.105590803751827e-07
121,0.3333333333333333,-0.3333333333333334,0.0,0.0030864197530864196,x,y,y,-0.169423445280861
121,0.3333333333333333,-0.3333333333333334,0.0,0.0030864197530864196,x,y,z,0.522151345775402
121,0.3333333333333333,-0.3333333333333334,0.0,0.0030864197530864196,x,z,x,1.122708334555609e-06
121,0.3333333333333333,-0.3333333333333334,0.0,0.0030864197530864196,x,z,y,-0.8397316110991191
121,0.3333333333333333,-0.3333333333333334,0.0,0.0030864197530864196,x,z,z,1.870165949853635e-06
121,0.3333333333333333,-0.3333333333333334,0.0,0.0030864197530864196,y,x,x,1.1651155264035272e-07
121,0.3333333333333333,-0.3333333333333334,0.0,0.0030864197530864196,y,x,y,-0.1694073433437534
121,0.3333333333333333,-0.3333333333333334,0.0,0.0030864197530864196,y,x,z,-0.5221430947629578
121,0.3333333333333333,-0.3333333333333334,0.0,0.0030864197530864196,y,y,x,-0.1694292484414134
121,0.3333333333333333,-0.3333333333333334,0.0,0.0030864197530864196,y,y,y,-5.363042004325131e-07
121,0.3333333333333333,-0.3333333333333334,0.0,0.0030864197530864196,y,y,z,5.125332709188693e-07
121,0.3333333333333333,-0.3333333333333334,0.0,0.0030864197530864196,y,z,x,0.8397228074304502
121,0.3333333333333333,-0.3333333333333334,0.0,0.0030864197530864196,y,z,y,-1.1177669745269896e-06
121,0.3333333333333333,-0.3333333333333334,0.0,0.0030864197530864196,y,z,z,-2.209260243832454e-08
121,0.3333333333333333,-0.3333333333333334,0.0,0.0030864197530864196,z,x,x,1.3104704272995718e-07
121,0.3333333333333333,-0.3333333333333334,0.0,0.0030864197530864196,z,x,y,1.0029994071055932
121,0.3333333333333333,-0.3333333333333334,0.0,0.0030864197530864196,z,x,z,-1.5495452990206164e-05
121,0.3333333333333333,-0.3333333333333334,0.0,0.0030864197530864196,z,y,x,-1.0029954004786326
121,0.3333333333333333,-0.3333333333333334,0.0,0.0030864197530864196,z,y,y,-1.312315814979044e-07
121,0.3333333333333333,-0.3333333333333334,0.0,0.0030864197530864196,z,y,z,-2.9631269730957765e-07
121,0.3333333333333333,-0.3333333333333334,0.0,0.0030864197530864196,z,z,x,1.5980923750284957e-05
121,0.3333333333333333,-0.3333333333333334,0.0,0.0030864197530864196,z,z,y,-5.912327919259489e-07
121,0.3333333333333333,-0.3333333333333334,0.0,0.0030864197530864196,z,z,z,1.260413452278922e-10
122,0.3333333333333333,-0.2777777777777778,0.0,0.0030864197530864196,x,x,x,0.14886215536758163
122,0.3333333333333333,-0.2777777777777778,0.0,0.0030864197530864196,x,x,y,-0.19654434374751184
122,0.3333333333333333,-0.2777777777777778,0.0,0.0030864197530864196,x,x,z,0.03539336449095831
122,0.3333333333333333,-0.2777777777777778,0.0,0.0030864197530864196,x,y,x,0.11027044943006095
122,0.3333333333333333,-0.2777777777777778,0.0,0.0030864197530864196,x,y,y,-0.1727443409059988
122,0.3333333333333333,-0.2777777777777778,0.0,0.0030864197530864196,x,y,z,0.5071297261654404
122,0.3333333333333333,-0.2777777777777778,0.0,0.0030864197530864196,x,z,x,0.04778420040390972
122,0.3333333333333333,-0.2777777777777778,0.0,0.0030864197530864196,x,z,y,-0.7989598851861313
122,0.3333333333333333,-0.2777777777777778,0.0,0.0030864197530864196,x,z,z,0.005344883442562898
122,0.3333333333333333,-0.2777777777777778,0.0,0.0030864197530864196,y,x,x,-0.0037554382201342652
122,0.3333333333333333,-0.2777777777777778,0.0,0.0030864197530864196,y,x,y,-0.13186256949591996
122,0.3333333333333333,-0.2777777777777778,0.0,0.0030864197530864196,y,x,z,-0.5065678758673869
122,0.3333333333333333,-0.2777777777777778,0.0,0.0030864197530864196,y,y,x,-0.2024877501371381
122,0.3333333333333333,-0.2777777777777778,0.0,0.0030864197530864196,y,y,y,-0.08614058617781195
122,0.3333333333333333,-0.2777777777777778,0.0,0.0030864197530864196,y,y,z,-0.042567639127865604
122,0.3333333333333333,-0.2777777777777778,0.0,0.0030864197530864196,y,z,x,0.8132728047786139
122,0.3333333333333333,-0.2777777777777778,0.0,0.0030864197530864196,y,z,y,-0.040665574759326875
122,0.3333333333333333,-0.2777777777777778,0.0,0.0030864197530864196,y,z,z,0.0026840424547665163
122,0.3333333333333333,-0.2777777777777778,0.0,0.0030864197530864196,z,x,x,0.06989378415813227
122,0.3333333333333333,-0.2777777777777778,0.0,0.0030864197530864196,z,x,y,0.9405472486343016
122,0.3333333333333333,-0.2777777777777778,0.0,0.0030864197530864196,z,x,z,-0.0024909361171616207
122,0.3333333333333333,-0.2777777777777778,0.0,0.0030864197530864196,z,y,x,-0.9308072109551192
122,0.3333333333333333,-0.2777777777777778,0.0,0.0030864197530864196,z,y,y,-0.068246286546933
122,0.3333333333333333,-0.2777777777777778,0.0,0.0030864197530864196,z,y,z,-0.19677775473777884
122,0.3333333333333333,-0.2777777777777778,0.0,0.0030864197530864196,z,z,x,-0.010732442739839046
122,0.3333333333333333,-0.2777777777777778,0.0,0.0030864197530864196,z,z,y,0.08569350327098535
122,0.3333333333333333,-0.2777777777777778,0.0,0.0030864197530864196,z,z,z,-0.00043044074434070575
123,0.3333333333333333,-0.2222222222222222,0.0,0.0030864197530864196,x,x,x,0.10348273470115694
123,0.3333333333333333,-0.2222222222222222,0.0,0.0030864197530864196,x,x,y,-0.41707082409006424
123,0.3333333333333333,-0.2222222222222222,0.0,0.0030864197530864196,x,x,z,0.044478209434355244
123,0.3333333333333333,-0.2222222222222222,0.0,0.0030864197530864196,x,y,x,0.23882526406300045
123,0.3333333333333333,-0.2222222222222222,0.0,0.0030864197530864196,x,y,y,-0.17391331372094296
123,0.3333333333333333,-0.2222222222222222,0.0,0.0030864197530864196,x,y,z,0.4970310433562608
123,0.3333333333333333,-0.2222222222222222,0.0,0.0030864197530864196,x,z,x,0.1233246433149443
123,0.3333333333333333,-0.2222222222222222,0.0,0.0030864197530864196,x,z,y,-0.7217065799213077
123,0.3333333333333333,-0.2222222222222222,0.0,0.0030864197530864196,x,z,z,0.016481679735282508
123,0.3333333333333333,-0.2222222222222222,0.0,0.0030864197530864196,y,x,x,-0.0295087674561397
123,0.3333333333333333,-0.2222222222222222,0.0,0.0030864197530864196,y,x,y,-0.049059107917674226
123,0.3333333333333333,-0.2222222222222222,0.0,0.0030864197530864196,y,x,z,-0.47749134118570735
123,0.3333333333333333,-0.2222222222222222,0.0,0.0030864197530864196,y,y,x,-0.2835196938631898
123,0.3333333333333333,-0.2222222222222222,0.0,0.0030864197530864196,y,y,y,-0.16514991276752858
123,0.3333333333333333,-0.2222222222222222,0.0,0.0030864197530864196,y,y,z,-0.09196337493342854
123,0.3333333333333333,-0.2222222222222222,0.0,0.0030864197530864196,y,z,x,0.7541227540567604
123,0.3333333333333333,-0.2222222222222222,0.0,0.0030864197530864196,y,z,y,-0.07567068327388898
123,0.3333333333333333,-0.2222222222222222,0.0,0.0030864197530864196,y,z,z,0.00420992510597424
123,0.3333333333333333,-0.2222222222222222,0.0,0.0030864197530864196,z,x,x,0.1378396417408799
123,0.3333333333333333,-0.2222222222222222,0.0,0.0030864197530864196,z,x,y,0.8051677209164668
123,0.3333333333333333,-0.2222222222222222,0.0,0.0030864197530864196,z,x,z,0.017921721006432193
123,0.3333333333333333,-0.2222222222222222,0.0,0.0030864197530864196,z,y,x,-0.7544665335558455
123,0.3333333333333333,-0.2222222222222222,0.0,0.0030864197530864196,z,y,y,-0.11682573493420582
123,0.3333333333333333,-0.2222222222222222,0.0,0.0030864197530864196,z,y,z,-0.34681524852539786
123,0.3333333333333333,-0.2222222222222222,0.0,0.0030864197530864196,z,z,x,-0.059403765093181106
123,0.3333333333333333,-0.2222222222222222,0.0,0.0030864197530864196,z,z,y,0.12165468799839768
123,0.3333333333333333,-0.2222222222222222,0.0,0.0030864197530864196,z,z,z,-0.0008939747445530902
124,0.3333333333333333,-0.1666666666666666,0.0,0.0030864197530864196,x,x,x,0.06055167437817964
124,0.3333333333333333,-0.1666666666666666,0.0,0.0030864197530864196,x,x,y,-0.7283370846848343
124,0.3333333333333333,-0.1666666666666666,0.0,0.0030864197530864196,x,x,z,-0.00578554677909764
124,0.3333333333333333,-0.1666666666666666,0.0,0.0030864197530864196,x,y,x,0.43067186603266067
124,0.3333333333333333,-0.1666666666666666,0.0,0.0030864197530864196,x,y,y,-0.16639326580931255
124,0.3333333333333333,-0.1666666666666666,0.0,0.0030864197530864196,x,y,z,0.4583857081210026
124,0.3333333333333333,-0.1666666666666666,0.0,0.0030864197530864196,x,z,x,0.26376433946199956
124,0.3333333333333333,-0.1666666666666666,0.0,0.0030864197530864196,x,z,y,-0.6250260847454567
124,0.3333333333333333,-0.1666666666666666,0.0,0.0030864197530864196,x,z,z,0.028504660317933927
124,0.3333333333333333,-0.1666666666666666,0.0,0.0030864197530864196,y,x,x,-0.10927229572057687
124,0.3333333333333333,-0.1666666666666666,0.0,0.0030864197530864196,y,x,y,-0.015863566614943658
124,0.3333333333333333,-0.1666666666666666,0.0,0.0030864197530864196,y,x,z,-0.43127879305626493
124,0.3333333333333333,-0.1666666666666666,0.0,0.0030864197530864196,y,y,x,-0.39808615216435517
124,0.3333333333333333,-0.1666666666666666,0.0,0.0030864197530864196,y,y,y,-0.21979439804078665
124,0.3333333333333333,-0.1666666666666666,0.0,0.0030864197530864196,y,y,z,-0.14492572432949571
124,0.3333333333333333,-0.1666666666666666,0.0,0.0030864197530864196,y,z,x,0.6741284978499101
124,0.3333333333333333,-0.1666666666666666,0.0,0.0030864197530864196,y,z,y,-0.12343949206233944
124,0.3333333333333333,-0.1666666666666666,0.0,0.0030864197530864196,y,z,z,0.00845473471969859
124,0.3333333333333333,-0.1666666666666666,0.0,0.0030864197530864196,z,x,x,0.2163015528954609
124,0.3333333333333333,-0.1666666666666666,0.0,0.0030864197530864196,z,x,y,0.6836484612074623
124,0.3333333333333333,-0.1666666666666666,0.0,0.0030864197530864196,z,x,z,0.10217538250537782
124,0.3333333333333333,-0.1666666666666666,0.0,0.0030864197530864196,z,y,x,-0.5453871593753566
124,0.3333333333333333,-0.1666666666666666,0.0,0.0030864197530864196,z,y,y,-0.14459495221821148
124,0.3333333333333333,-0.1666666666666666,0.0,0.0030864197530864196,z,y,z,-0.38979413773123484
124,0.3333333333333333,-0.1666666666666666,0.0,0.0030864197530864196,z,z,x,-0.1585362590645663
124,0.3333333333333333,-0.1666666666666666,0.0,0.0030864197530864196,z,z,y,0.07246045779390498
124,0.3333333333333333,-0.1666666666666666,0.0,0.0030864197530864196,z,z,z,-0.005546309075020787
125,0.3333333333333333,-0.1111111111111112,0.0,0.0030864197530864196,x,x,x,0.0036365652965055545
125,0.3333333333333333,-0.1111111111111112,0.0,0.0030864197530864196,x,x,y,-1.171979688071514
125,0.3333333333333333,-0.1111111111111112,0.0,0.0030864197530864196,x,x,z,-0.16141590432953418
125,0.3333333333333333,-0.1111111111111112,0.0,0.0030864197530864196,x,y,x,0.6738998037390266
125,0.3333333333333333,-0.1111111111111112,0.0,0.0030864197530864196,x,y,y,-0.16920656404514414
125,0.3333333333333333,-0.1111111111111112,0.0,0.0030864197530864196,x,y,z,0.2978205319724312
125,0.3333333333333333,-0.1111111111111112,0.0,0.0030864197530864196,x,z,x,0.49723897911399434
125,0.3333333333333333,-0.1111111111111112,0.0,0.0030864197530864196,x,z,y,-0.42790809508111016
125,0.3333333333333333,-0.1111111111111112,0.0,0.0030864197530864196,x,z,z,0.039082901519475695
125,0.3333333333333333,-0.1111111111111112,0.0,0.0030864197530864196,y,x,x,-0.25429457314109155
125,0.3333333333333333,-0.1111111111111112,0.0,0.0030864197530864196,y,x,y,-0.13683108305910713
125,0.3333333333333333,-0.1111111111111112,0.0,0.0030864197530864196,y,x,z,-0.33403507681421163
125,0.3333333333333333,-0.1111111111111112,0.0,0.0030864197530864196,y,y,x,-0.5964374122638928
125,0.3333333333333333,-0.1111111111111112,0.0,0.0030864197530864196,y,y,y,-0.3077624660638126
125,0.3333333333333333,-0.1111111111111112,0.0,0.0030864197530864196,y,y,z,-0.13668547870791148
125,0.3333333333333333,-0.1111111111111112,0.0,0.0030864197530864196,y,z,x,0.5814407801552922
125,0.3333333333333333,-0.1111111111111112,0.0,0.0030864197530864196,y,z,y,-0.2252530824397211
125,0.3333333333333333,-0.1111111111111112,0.0,0.0030864197530864196,y,z,z,0.0318558532110728
125,0.3333333333333333,-0.1111111111111112,0.0,0.0030864197530864196,z,x,x,0.3195720518687192
125,0.3333333333333333,-0.1111111111111112,0.0,0.0030864197530864196,z,x,y,0.5338823841535064
125,0.3333333333333333,-0.1111111111111112,0.0,0.0030864197530864196,z,x,z,0.3126822207136378
125,0.3333333333333333,-0.1111111111111112,0.0,0.0030864197530864196,z,y,x,-0.24103722670391348
125,0.3333333333333333,-0.1111111111111112,0.0,0.0030864197530864196,z,y,y,-0.16458069379438012
125,0.3333333333333333,-0.1111111111111112,0.0,0.0030864197530864196,z,y,z,-0.23117286595440006
125,0.3333333333333333,-0.1111111111111112,0.0,0.0030864197530864196,z,z,x,-0.35328655484317334
125,0.3333333333333333,-0.1111111111111112,0.0,0.0030864197530864196,z,z,y,-0.17916728055823605
125,0.3333333333333333,-0.1111111111111112,0.0,0.0030864197530864196,z,z,z,-0.008524066554651866
126,0.3333333333333333,-0.0555555555555556,0.0,0.0030864197530864196,x,x,x,-0.09316749046863092
126,0.3333333333333333,-0.0555555555555556,0.0,0.0030864197530864196,x,x,y,-1.2255188190873814
126,0.3333333333333333,-0.0555555555555556,0.0,0.0030864197530864196,x,x,z,-0.5585936590678962
126,0.3333333333333333,-0.0555555555555556,0.0,0.0030864197530864196,x,y,x,0.30225880309035064
126,0.3333333333333333,-0.0555555555555556,0.0,0.0030864197530864196,x,y,y,-0.289123484044402
126,0.3333333333333333,-0.0555555555555556,0.0,0.0030864197530864196,x,y,z,-0.3158954639878439
126,0.3333333333333333,-0.0555555555555556,0.0,0.0030864197530864196,x,z,x,0.954603815822596
126,0.3333333333333333,-0.0555555555555556,0.0,0.0030864197530864196,x,z,y,0.2561574059853251
126,0.3333333333333333,-0.0555555555555556,0.0,0.0030864197530864196,x,z,z,0.03815156975055698
126,0.3333333333333333,-0.0555555555555556,0.0,0.0030864197530864196,y,x,x,-0.5199511482743907
126,0.3333333333333333,-0.0555555555555556,0.0,0.0030864197530864196,y,x,y,-0.9531594674165523
126,0.3333333333333333,-0.0555555555555556,0.0,0.0030864197530864196,y,x,z,-0.0983500796611501
126,0.3333333333333333,-0.0555555555555556,0.0,0.0030864197530864196,y,y,x,-0.6889289019730693
126,0.3333333333333333,-0.0555555555555556,0.0,0.0030864197530864196,y,y,y,-0.5754673628404049
126,0.3333333333333333,-0.0555555555555556,0.0,0.0030864197530864196,y,y,z,0.0721894845311949
126,0.3333333333333333,-0.0555555555555556,0.0,0.0030864197530864196,y,z,x,0.34878177197026256
126,0.3333333333333333,-0.0555555555555556,0.0,0.0030864197530864196,y,z,y,-0.6186038794877049
126,0.3333333333333333,-0.0555555555555556,0.0,0.0030864197530864196,y,z,z,0.04656564261085825
126,0.3333333333333333,-0.0555555555555556,0.0,0.0030864197530864196,z,x,x,0.518633390054972
126,0.3333333333333333,-0.0555555555555556,0.0,0.0030864197530864196,z,x,y,-0.050358681864599054
126,0.3333333333333333,-0.0555555555555556,0.0,0.0030864197530864196,z,x,z,0.7258182991319048
126,0.3333333333333333,-0.0555555555555556,0.0,0.0030864197530864196,z,y,x,0.6106638155469305
126,0.3333333333333333,-0.0555555555555556,0.0,0.0030864197530864196,z,y,y,-0.25245340938792354
126,0.3333333333333333,-0.0555555555555556,0.0,0.0030864197530864196,z,y,z,0.42563746864699753
126,0.3333333333333333,-0.0555555555555556,0.0,0.0030864197530864196,z,z,x,-0.7379284502016583
126,0.3333333333333333,-0.0555555555555556,0.0,0.0030864197530864196,z,z,y,-0.8316841853779664
126,0.3333333333333333,-0.0555555555555556,0.0,0.0030864197530864196,z,z,z,-0.01225493128322475
127,0.3888888888888889,0.0,0.0,0.0030864197530864196,x,x,x,0.027151328623497038
127,0.3888888888888889,0.0,0.0,0.0030864197530864196,x,x,y,-1.676780595256011
127,0.3888888888888889,0.0,0.0,0.0030864197530864196,x,x,z,-0.5285141462973035
127,0.3888888888888889,0.0,0.0,0.0030864197530864196,x,y,x,0.990625179180724
127,0.3888888888888889,0.0,0.0,0.0030864197530864196,x,y,y,-0.8373504183600491
127,0.3888888888888889,0.0,0.0,0.0030864197530864196,x,y,z,-0.7280376335427712
127,0.3888888888888889,0.0,0.0,0.0030864197530864196,x,z,x,0.8635665342352943
127,0.3888888888888889,0.0,0.0,0.0030864197530864196,x,z,y,0.6701785642125925
127,0.3888888888888889,0.0,0.0,0.0030864197530864196,x,z,z,0.07195887771038646
127,0.3888888888888889,0.0,0.0,0.0030864197530864196,y,x,x,-0.35856979014200185
127,0.3888888888888889,0.0,0.0,0.0030864197530864196,y,x,y,-0.058372295718013396
127,0.3888888888888889,0.0,0.0,0.0030864197530864196,y,x,z,0.11776811070941287
127,0.3888888888888889,0.0,0.0,0.0030864197530864196,y,y,x,-1.5984276682144118
127,0.3888888888888889,0.0,0.0,0.0030864197530864196,y,y,y,-1.0447330434980333
127,0.3888888888888889,0.0,0.0,0.0030864197530864196,y,y,z,0.5285248724913798
127,0.3888888888888889,0.0,0.0,0.0030864197530864196,y,z,x,0.3269755989342425
127,0.3888888888888889,0.0,0.0,0.0030864197530864196,y,z,y,-0.8635729007767823
127,0.3888888888888889,0.0,0.0,0.0030864197530864196,y,z,z,0.1246383246575811
127,0.3888888888888889,0.0,0.0,0.0030864197530864196,z,x,x,0.5399222034107763
127,0.3888888888888889,0.0,0.0,0.0030864197530864196,z,x,y,0.45637886519065873
127,0.3888888888888889,0.0,0.0,0.0030864197530864196,z,x,z,0.6764974639784849
127,0.3888888888888889,0.0,0.0,0.0030864197530864196,z,y,x,0.16707067202624878
127,0.3888888888888889,0.0,0.0,0.0030864197530864196,z,y,y,-0.539924276779647
127,0.3888888888888889,0.0,0.0,0.0030864197530864196,z,y,z,1.1717375635149776
127,0.3888888888888889,0.0,0.0,0.0030864197530864196,z,z,x,-0.8672770193149745
127,0.3888888888888889,0.0,0.0,0.0030864197530864196,z,z,y,-1.5021816380459598
127,0.3888888888888889,0.0,0.0,0.0030864197530864196,z,z,z,-2.018903602286174e-06
128,0.3888888888888889,0.0555555555555556,0.0,0.0030864197530864196,x,x,x,0.04961307535683291
128,0.3888888888888889,0.0555555555555556,0.0,0.0030864197530864196,x,x,y,-0.48601156280756364
128,0.3888888888888889,0.0555555555555556,0.0,0.0030864197530864196,x,x,z,-0.09386765440218066
128,0.3888888888888889,0.0555555555555556,0.0,0.0030864197530864196,x,y,x,0.04900535790713362
128,0.3888888888888889,0.0555555555555556,0.0,0.0030864197530864196,x,y,y,-0.8071269290424471
128,0.3888888888888889,0.0555555555555556,0.0,0.0030864197530864196,x,y,z,-0.2783358768232521
128,0.3888888888888889,0.0555555555555556,0.0,0.0030864197530864196,x,z,x,0.48725135117062374
128,0.3888888888888889,0.0555555555555556,0.0,0.0030864197530864196,x,z,y,0.48365838035409886
128,0.3888888888888889,0.0555555555555556,0.0,0.0030864197530864196,x,z,z,0.021245927687399288
128,0.3888888888888889,0.0555555555555556,0.0,0.0030864197530864196,y,x,x,0.21299159891794167
128,0.3888888888888889,0.0555555555555556,0.0,0.0030864197530864196,y,x,y,0.23697937264804528
128,0.3888888888888889,0.0555555555555556,0.0,0.0030864197530864196,y,x,z,-0.060791229945393946
128,0.3888888888888889,0.0555555555555556,0.0,0.0030864197530864196,y,y,x,-1.2182802022731403
128,0.3888888888888889,0.0555555555555556,0.0,0.0030864197530864196,y,y,y,-1.091777894864099
128,0.3888888888888889,0.0555555555555556,0.0,0.0030864197530864196,y,y,z,0.5803010761297538
128,0.3888888888888889,0.0555555555555556,0.0,0.0030864197530864196,y,z,x,0.5762860297123484
128,0.3888888888888889,0.0555555555555556,0.0,0.0030864197530864196,y,z,y,-0.8232784110561515
128,0.3888888888888889,0.0555555555555556,0.0,0.0030864197530864196,y,z,z,0.05632291720377692
128,0.3888888888888889,0.0555555555555556,0.0,0.0030864197530864196,z,x,x,0.3023032881756877
128,0.3888888888888889,0.0555555555555556,0.0,0.0030864197530864196,z,x,y,-0.13668029320044575
128,0.3888888888888889,0.0555555555555556,0.0,0.0030864197530864196,z,x,z,0.005697158273385262
128,0.3888888888888889,0.0555555555555556,0.0,0.0030864197530864196,z,y,x,0.52431324919334
128,0.3888888888888889,0.0555555555555556,0.0,0.0030864197530864196,z,y,y,-0.5684855815238307
128,0.3888888888888889,0.0555555555555556,0.0,0.0030864197530864196,z,y,z,0.8414191785027924
128,0.3888888888888889,0.0555555555555556,0.0,0.0030864197530864196,z,z,x,-0.3512855667873686
128,0.3888888888888889,0.0555555555555556,0.0,0.0030864197530864196,z,z,y,-1.0549289873124839
128,0.3888888888888889,0.0555555555555556,0.0,0.0030864197530864196,z,z,z,0.012247199368916021
129,0.3888888888888889,0.1111111111111111,0.0,0.0030864197530864196,x,x,x,-0.06155232060142549
129,0.3888888888888889,0.1111111111111111,0.0,0.0030864197530864196,x,x,y,-0.15306109506065743
129,0.3888888888888889,0.1111111111111111,0.0,0.0030864197530864196,x,x,z,0.15742549923889726
129,0.3888888888888889,0.1111111111111111,0.0,0.0030864197530864196,x,y,x,-0.021697719959689422
129,0.3888888888888889,0.1111111111111111,0.0,0.0030864197530864196,x,y,y,-0.40306510374751775
129,0.3888888888888889,0.1111111111111111,0.0,0.0030864197530864196,x,y,z,0.5237674047805873
129,0.3888888888888889,0.1111111111111111,0.0,0.0030864197530864196,x,z,x,0.12378975348575856
129,0.3888888888888889,0.1111111111111111,0.0,0.0030864197530864196,x,z,y,-0.1873452750878049
129,0.3888888888888889,0.1111111111111111,0.0,0.0030864197530864196,x,z,z,-0.02451817961387737
129,0.3888888888888889,0.1111111111111111,0.0,0.0030864197530864196,y,x,x,0.3124551538969238
129,0.3888888888888889,0.1111111111111111,0.0,0.0030864197530864196,y,x,y,0.49452152114611386
129,0.3888888888888889,0.1111111111111111,0.0,0.0030864197530864196,y,x,z,-0.4358460699685175
129,0.3888888888888889,0.1111111111111111,0.0,0.0030864197530864196,y,y,x,-0.9646148921627431
129,0.3888888888888889,0.1111111111111111,0.0,0.0030864197530864196,y,y,y,-0.5588507470106966
129,0.3888888888888889,0.1111111111111111,0.0,0.0030864197530864196,y,y,z,0.27210745181639256
129,0.3888888888888889,0.1111111111111111,0.0,0.0030864197530864196,y,z,x,0.8472522237702399
129,0.3888888888888889,0.1111111111111111,0.0,0.0030864197530864196,y,z,y,-0.43589119187084957
129,0.3888888888888889,0.1111111111111111,0.0,0.0030864197530864196,y,z,z,-0.002549020378643422
129,0.3888888888888889,0.1111111111111111,0.0,0.0030864197530864196,z,x,x,0.08734223984343212
129,0.3888888888888889,0.1111111111111111,0.0,0.0030864197530864196,z,x,y,0.09585496088020375
129,0.3888888888888889,0.1111111111111111,0.0,0.0030864197530864196,z,x,z,-0.5153997871132152
129,0.3888888888888889,0.1111111111111111,0.0,0.0030864197530864196,z,y,x,0.1986094890620969
129,0.3888888888888889,0.1111111111111111,0.0,0.0030864197530864196,z,y,y,-0.4010112150076812
129,0.3888888888888889,0.1111111111111111,0.0,0.0030864197530864196,z,y,z,0.3031747147632679
129,0.3888888888888889,0.1111111111111111,0.0,0.0030864197530864196,z,z,x,0.12547160454922432
129,0.3888888888888889,0.1111111111111111,0.0,0.0030864197530864196,z,z,y,-0.40796628374403665
129,0.3888888888888889,0.1111111111111111,0.0,0.0030864197530864196,z,z,z,0.0212263506023042
130,0.3888888888888889,0.1666666666666667,0.0,0.0030864197530864196,x,x,x,-0.13985534994567184
130,0.3888888888888889,0.1666666666666667,0.0,0.0030864197530864196,x,x,y,-0.0677017933149694
130,0.3888888888888889,0.1666666666666667,0.0,0.0030864197530864196,x,x,z,0.08559403579111778
130,0.3888888888888889,0.1666666666666667,0.0,0.0030864197530864196,x,y,x,0.016968703653080862
130,0.3888888888888889,0.1666666666666667,0.0,0.0030864197530864196,x,y,y,-0.15722774282957613
130,0.3888888888888889,0.1666666666666667,0.0,0.0030864197530864196,x,y,z,0.906923423038205
130,0.3888888888888889,0.1666666666666667,0.0,0.0030864197530864196,x,z,x,0.007877947242898382
130,0.3888888888888889,0.1666666666666667,0.0,0.0030864197530864196,x,z,y,-0.5798310772721439
130,0.3888888888888889,0.1666666666666667,0.0,0.0030864197530864196,x,z,z,-0.042397848089773454
130,0.3888888888888889,0.1666666666666667,0.0,0.0030864197530864196,y,x,x,0.11579074833702906
130,0.3888888888888889,0.1666666666666667,0.0,0.0030864197530864196,y,x,y,0.4235948192500596
130,0.3888888888888889,0.1666666666666667,0.0,0.0030864197530864196,y,x,z,-0.634082587835519
130,0.3888888888888889,0.1666666666666667,0.0,0.0030864197530864196,y,y,x,-0.819152302706182
130,0.3888888888888889,0.1666666666666667,0.0,0.0030864197530864196,y,y,y,-0.1533665381856326
130,0.3888888888888889,0.1666666666666667,0.0,0.0030864197530864196,y,y,z,0.07003801046627584
130,0.3888888888888889,0.1666666666666667,0.0,0.0030864197530864196,y,z,x,0.9326445230463695
130,0.3888888888888889,0.1666666666666667,0.0,0.0030864197530864196,y,z,y,-0.1276287612854308
130,0.3888888888888889,0.1666666666666667,0.0,0.0030864197530864196,y,z,z,-0.00537469221011911
130,0.3888888888888889,0.1666666666666667,0.0,0.0030864197530864196,z,x,x,0.016677701079009538
130,0.3888888888888889,0.1666666666666667,0.0,0.0030864197530864196,z,x,y,0.3025918172247487
130,0.3888888888888889,0.1666666666666667,0.0,0.0030864197530864196,z,x,z,-0.6426728144430003
130,0.3888888888888889,0.1666666666666667,0.0,0.0030864197530864196,z,y,x,-0.008207456020156698
130,0.3888888888888889,0.1666666666666667,0.0,0.0030864197530864196,z,y,y,-0.1356601707320321
130,0.3888888888888889,0.1666666666666667,0.0,0.0030864197530864196,z,y,z,0.06902746320855296
130,0.3888888888888889,0.1666666666666667,0.0,0.0030864197530864196,z,z,x,0.2811543381887317
130,0.3888888888888889,0.1666666666666667,0.0,0.0030864197530864196,z,z,y,-0.10223134708906098
130,0.3888888888888889,0.1666666666666667,0.0,0.0030864197530864196,z,z,z,0.004135763614418567
131,0.3888888888888889,0.2222222222222222,0.0,0.0030864197530864196,x,x,x,-0.1398560272662618
131,0.3888888888888889,0.2222222222222222,0.0,0.0030864197530864196,x,x,y,0.06770724442684573
131,0.3888888888888889,0.2222222222222222,0.0,0.0030864197530864196,x,x,z,-0.08559818114764162
131,0.3888888888888889,0.2222222222222222,0.0,0.0030864197530864196,x,y,x,-0.016973159208763713
131,0.3888888888888889,0.2222222222222222,0.0,0.0030864197530864196,x,y,y,-0.15722683975183482
131,0.3888888888888889,0.2222222222222222,0.0,0.0030864197530864196,x,y,z,0.9069239282296705
131,0.3888888888888889,0.2222222222222222,0.0,0.0030864197530864196,x,z,x,-0.007873083676269717
131,0.3888888888888889,0.2222222222222222,0.0,0.0030864197530864196,x,z,y,-0.5798313912507006
131,0.3888888888888889,0.2222222222222222,0.0,0.0030864197530864196,x,z,z,-0.04239789536976904
131,0.3888888888888889,0.2222222222222222,0.0,0.0030864197530864196,y,x,x,-0.11578772747448098
131,0.3888888888888889,0.2222222222222222,0.0,0.0030864197530864196,y,x,y,0.4235946001442433
131,0.3888888888888889,0.2222222222222222,0.0,0.0030864197530864196,y,x,z,-0.6340827662134253
131,0.3888888888888889,0.2222222222222222,0.0,0.0030864197530864196,y,y,x,-0.8191527406889861
131,0.3888888888888889,0.2222222222222222,0.0,0.0030864197530864196,y,y,y,0.15336650586723907
131,0.3888888888888889,0.2222222222222222,0.0,0.0030864197530864196,y,y,z,-0.07003636453522245
131,0.3888888888888889,0.2222222222222222,0.0,0.0030864197530864196,y,z,x,0.9326448120879519
131,0.3888888888888889,0.2222222222222222,0.0,0.0030864197530864196,y,z,y,0.12762506783005403
131,0.3888888888888889,0.2222222222222222,0.0,0.0030864197530864196,y,z,z,0.005374586563289175
131,0.3888888888888889,0.2222222222222222,0.0,0.0030864197530864196,z,x,x,-0.016676601804228478
131,0.3888888888888889,0.2222222222222222,0.0,0.0030864197530864196,z,x,y,0.30259253285306204
131,0.3888888888888889,0.2222222222222222,0.0,0.0030864197530864196,z,x,z,-0.6426730094816588
131,0.3888888888888889,0.2222222222222222,0.0,0.0030864197530864196,z,y,x,-0.008207520815560827
131,0.3888888888888889,0.2222222222222222,0.0,0.0030864197530864196,z,y,y,0.13565981825403758
131,0.3888888888888889,0.2222222222222222,0.0,0.0030864197530864196,z,y,z,-0.06902808840155097
131,0.3888888888888889,0.2222222222222222,0.0,0.0030864197530864196,z,z,x,0.28115402599134404
131,0.3888888888888889,0.2222222222222222,0.0,0.0030864197530864196,z,z,y,0.10223099957866164
131,0.3888888888888889,0.2222222222222222,0.0,0.0030864197530864196,z,z,z,-0.004135513020217559
132,0.3888888888888889,0.2777777777777778,0.0,0.0030864197530864196,x,x,x,-0.061553822232810154
132,0.3888888888888889,0.2777777777777778,0.0,0.0030864197530864196,x,x,y,0.1530664128343967
132,0.3888888888888889,0.2777777777777778,0.0,0.0030864197530864196,x,x,z,-0.15742920170111152
132,0.3888888888888889,0.2777777777777778,0.0,0.0030864197530864196,x,y,x,0.02169278448466549
132,0.3888888888888889,0.2777777777777778,0.0,0.0030864197530864196,x,y,y,-0.4030634633167967
132,0.3888888888888889,0.2777777777777778,0.0,0.0030864197530864196,x,y,z,0.5237667183256164
132,0.3888888888888889,0.2777777777777778,0.0,0.0030864197530864196,x,z,x,-0.12378550176795905
132,0.3888888888888889,0.2777777777777778,0.0,0.0030864197530864196,x,z,y,-0.18734402793282517
132,0.3888888888888889,0.2777777777777778,0.0,0.0030864197530864196,x,z,z,-0.024518218128572317
132,0.3888888888888889,0.2777777777777778,0.0,0.0030864197530864196,y,x,x,-0.31245288166762974
132,0.3888888888888889,0.2777777777777778,0.0,0.0030864197530864196,y,x,y,0.4945209096264645
132,0.3888888888888889,0.2777777777777778,0.0,0.0030864197530864196,y,x,z,-0.4358459526366191
132,0.3888888888888889,0.2777777777777778,0.0,0.0030864197530864196,y,y,x,-0.964616441758445
132,0.3888888888888889,0.2777777777777778,0.0,0.0030864197530864196,y,y,y,0.5588508726883925
132,0.3888888888888889,0.2777777777777778,0.0,0.0030864197530864196,y,y,z,-0.27210678300585944
132,0.3888888888888889,0.2777777777777778,0.0,0.0030864197530864196,y,z,x,0.8472527945274858
132,0.3888888888888889,0.2777777777777778,0.0,0.0030864197530864196,y,z,y,0.4358889900649548
132,0.3888888888888889,0.2777777777777778,0.0,0.0030864197530864196,y,z,z,0.0025491676780529907
132,0.3888888888888889,0.2777777777777778,0.0,0.0030864197530864196,z,x,x,-0.08734134963864393
132,0.3888888888888889,0.2777777777777778,0.0,0.0030864197530864196,z,x,y,0.09585765467147914
132,0.3888888888888889,0.2777777777777778,0.0,0.0030864197530864196,z,x,z,-0.5154001177897305
132,0.3888888888888889,0.2777777777777778,0.0,0.0030864197530864196,z,y,x,0.19860920927454342
132,0.3888888888888889,0.2777777777777778,0.0,0.0030864197530864196,z,y,y,0.40101180522614815
132,0.3888888888888889,0.2777777777777778,0.0,0.0030864197530864196,z,y,z,-0.30317620692315705
132,0.3888888888888889,0.2777777777777778,0.0,0.0030864197530864196,z,z,x,0.12547023066773103
132,0.3888888888888889,0.2777777777777778,0.0,0.0030864197530864196,z,z,y,0.4079667580289765
132,0.3888888888888889,0.2777777777777778,0.0,0.0030864197530864196,z,z,z,-0.021226554995794074
133,0.3888888888888889,0.3333333333333333,0.0,0.0030864197530864196,x,x,x,0.04961238462901323
133,0.3888888888888889,0.3333333333333333,0.0,0.0030864197530864196,x,x,y,0.4860178393165771
133,0.3888888888888889,0.3333333333333333,0.0,0.0030864197530864196,x,x,z,0.09386768924949104
133,0.3888888888888889,0.3333333333333333,0.0,0.0030864197530864196,x,y,x,-0.0490117900998768
133,0.3888888888888889,0.3333333333333333,0.0,0.0030864197530864196,x,y,y,-0.8071263972846983
133,0.3888888888888889,0.3333333333333333,0.0,0.0030864197530864196,x,y,z,-0.2783435430503864
133,0.3888888888888889,0.3333333333333333,0.0,0.0030864197530864196,x,z,x,-0.48725043439875404
133,0.3888888888888889,0.3333333333333333,0.0,0.0030864197530864196,x,z,y,0.4836653865381397
133,0.3888888888888889,0.3333333333333333,0.0,0.0030864197530864196,x,z,z,0.02124579965045429
133,0.3888888888888889,0.3333333333333333,0.0,0.0030864197530864196,y,x,x,-0.21298936682987266
133,0.3888888888888889,0.3333333333333333,0.0,0.0030864197530864196,y,x,y,0.2369754829801135
133,0.3888888888888889,0.3333333333333333,0.0,0.0030864197530864196,y,x,z,-0.0607895025124811
133,0.3888888888888889,0.3333333333333333,0.0,0.0030864197530864196,y,y,x,-1.218281873384496
133,0.3888888888888889,0.3333333333333333,0.0,0.0030864197530864196,y,y,y,1.091779897317014
133,0.3888888888888889,0.3333333333333333,0.0,0.0030864197530864196,y,y,z,-0.5803032338705885
133,0.3888888888888889,0.3333333333333333,0.0,0.0030864197530864196,y,z,x,0.576285487775
133,0.3888888888888889,0.3333333333333333,0.0,0.0030864197530864196,y,z,y,0.8232803913723848
133,0.3888888888888889,0.3333333333333333,0.0,0.0030864197530864196,y,z,z,-0.05632275474913388
133,0.3888888888888889,0.3333333333333333,0.0,0.0030864197530864196,z,x,x,-0.3023046689154666
133,0.3888888888888889,0.3333333333333333,0.0,0.0030864197530864196,z,x,y,-0.13667333343283453
133,0.3888888888888889,0.3333333333333333,0.0,0.0030864197530864196,z,x,z,0.005698896110572287
133,0.3888888888888889,0.3333333333333333,0.0,0.0030864197530864196,z,y,x,0.5243111292039699
133,0.3888888888888889,0.3333333333333333,0.0,0.0030864197530864196,z,y,y,0.5684876962408603
133,0.3888888888888889,0.3333333333333333,0.0,0.0030864197530864196,z,y,z,-0.8414223298069287
133,0.3888888888888889,0.3333333333333333,0.0,0.0030864197530864196,z,z,x,-0.3512898996987609
133,0.3888888888888889,0.3333333333333333,0.0,0.0030864197530864196,z,z,y,1.0549313854573683
133,0.3888888888888889,0.3333333333333333,0.0,0.0030864197530864196,z,z,z,-0.012247573315944511
134,0.3888888888888889,0.3888888888888889,0.0,0.0030864197530864196,x,x,x,0.02715190714627957
134,0.3888888888888889,0.3888888888888889,0.0,0.0030864197530864196,x,x,y,1.6767911151660815
134,0.3888888888888889,0.3888888888888889,0.0,0.0030864197530864196,x,x,z,0.5285192039302825
134,0.3888888888888889,0.3888888888888889,0.0,0.0030864197530864196,x,y,x,-0.9906362126513389
134,0.3888888888888889,0.3888888888888889,0.0,0.0030864197530864196,x,y,y,-0.8373510530568508
134,0.3888888888888889,0.3888888888888889,0.0,0.0030864197530864196,x,y,z,-0.728048812893275
134,0.3888888888888889,0.3888888888888889,0.0,0.0030864197530864196,x,z,x,-0.8635697504029517
134,0.3888888888888889,0.3888888888888889,0.0,0.0030864197530864196,x,z,y,0.6701879805178205
134,0.3888888888888889,0.3888888888888889,0.0,0.0030864197530864196,x,z,z,0.07195853357371941
134,0.3888888888888889,0.3888888888888889,0.0,0.0030864197530864196,y,x,x,0.3585743354659435
134,0.3888888888888889,0.3888888888888889,0.0,0.0030864197530864196,y,x,y,-0.05838012257255091
134,0.3888888888888889,0.3888888888888889,0.0,0.0030864197530864196,y,x,z,0.1177706565621153
134,0.3888888888888889,0.3888888888888889,0.0,0.0030864197530864196,y,y,x,-1.598427867035541
134,0.3888888888888889,0.3888888888888889,0.0,0.0030864197530864196,y,y,y,1.0447347617502698
134,0.3888888888888889,0.3888888888888889,0.0,0.0030864197530864196,y,y,z,-0.5285277013773427
134,0.3888888888888889,0.3888888888888889,0.0,0.0030864197530864196,y,z,x,0.32697343661922995
134,0.3888888888888889,0.3888888888888889,0.0,0.0030864197530864196,y,z,y,0.8635768675527227
134,0.3888888888888889,0.3888888888888889,0.0,0.0030864197530864196,y,z,z,-0.12463827954037132
134,0.3888888888888889,0.3888888888888889,0.0,0.0030864197530864196,z,x,x,-0.5399267292624277
134,0.3888888888888889,0.3888888888888889,0.0,0.0030864197530864196,z,x,y,0.45639313015330785
134,0.3888888888888889,0.3888888888888889,0.0,0.0030864197530864196,z,x,z,0.6765014510452533
134,0.3888888888888889,0.3888888888888889,0.0,0.0030864197530864196,z,y,x,0.16706231231338034
134,0.3888888888888889,0.3888888888888889,0.0,0.0030864197530864196,z,y,y,0.5399268095995574
134,0.3888888888888889,0.3888888888888889,0.0,0.0030864197530864196,z,y,z,-1.171739082867859
134,0.3888888888888889,0.3888888888888889,0.0,0.0030864197530864196,z,z,x,-0.8672823199658118
134,0.3888888888888889,0.3888888888888889,0.0,0.0030864197530864196,z,z,y,1.5021822276871852
134,0.3888888888888889,0.3888888888888889,0.0,0.0030864197530864196,z,z,z,1.7335118020568628e-06
135,0.3888888888888889,0.4444444444444444,0.0,0.0030864197530864196,x,x,x,-0.012383676504105257
135,0.3888888888888889,0.4444444444444444,0.0,0.0030864197530864196,x,x,y,1.8495751607413806
135,0.3888888888888889,0.4444444444444444,0.0,0.0030864197530864196,x,x,z,0.3586283154517123
135,0.3888888888888889,0.4444444444444444,0.0,0.0030864197530864196,x,y,x,-1.3124978101155225
135,0.3888888888888889,0.4444444444444444,0.0,0.0030864197530864196,x,y,y,-0.45722614462422606
135,0.3888888888888889,0.4444444444444444,0.0,0.0030864197530864196,x,y,z,-0.18942011964923766
135,0.3888888888888889,0.4444444444444444,0.0,0.0030864197530864196,x,z,x,-0.6314172786742084
135,0.3888888888888889,0.4444444444444444,0.0,0.0030864197530864196,x,z,y,0.023465232896652363
135,0.3888888888888889,0.4444444444444444,0.0,0.0030864197530864196,x,z,z,0.07324906970453551
135,0.3888888888888889,0.4444444444444444,0.0,0.0030864197530864196,y,x,x,0.4227495630813709
135,0.3888888888888889,0.4444444444444444,0.0,0.0030864197530864196,y,x,y,0.11572639741342035
135,0.3888888888888889,0.4444444444444444,0.0,0.0030864197530864196,y,x,z,-0.07061060191808423
135,0.3888888888888889,0.4444444444444444,0.0,0.0030864197530864196,y,y,x,-1.2950746741704326
135,0.3888888888888889,0.4444444444444444,0.0,0.0030864197530864196,y,y,y,0.5345034558456585
135,0.3888888888888889,0.4444444444444444,0.0,0.0030864197530864196,y,y,z,-0.0992710463202207
135,0.3888888888888889,0.4444444444444444,0.0,0.0030864197530864196,y,z,x,0.39856118868255064
135,0.3888888888888889,0.4444444444444444,0.0,0.0030864197530864196,y,z,y,0.43401069886476973
135,0.3888888888888889,0.4444444444444444,0.0,0.0030864197530864196,y,z,z,-0.11532983592013749
135,0.3888888888888889,0.4444444444444444,0.0,0.0030864197530864196,z,x,x,-0.4277558317658438
135,0.3888888888888889,0.4444444444444444,0.0,0.0030864197530864196,z,x,y,0.8680157146328099
135,0.3888888888888889,0.4444444444444444,0.0,0.0030864197530864196,z,x,z,0.4979113219890464
135,0.3888888888888889,0.4444444444444444,0.0,0.0030864197530864196,z,y,x,-0.3663007696754068
135,0.3888888888888889,0.4444444444444444,0.0,0.0030864197530864196,z,y,y,0.3348867084615719
135,0.3888888888888889,0.4444444444444444,0.0,0.0030864197530864196,z,y,z,-0.4319074589462596
135,0.3888888888888889,0.4444444444444444,0.0,0.0030864197530864196,z,z,x,-0.6469488686619068
135,0.3888888888888889,0.4444444444444444,0.0,0.0030864197530864196,z,z,y,0.8865525858880733
135,0.3888888888888889,0.4444444444444444,0.0,0.0030864197530864196,z,z,z,-0.00013821379428629316
136,0.3888888888888889,0.5,0.0,0.0030864197530864196,x,x,x,-0.006532649541362822
136,0.3888888888888889,0.5,0.0,0.0030864197530864196,x,x,y,1.162581031560238
136,0.3888888888888889,0.5,0.0,0.0030864197530864196,x,x,z,0.10027020093752706
136,0.3888888888888889,0.5,0.0,0.0030864197530864196,x,y,x,-0.822914629648029
136,0.3888888888888889,0.5,0.0,0.0030864197530864196,x,y,y,-0.2615602971872172
136,0.3888888888888889,0.5,0.0,0.0030864197530864196,x,y,z,0.2355266058903732
136,0.3888888888888889,0.5,0.0,0.0030864197530864196,x,z,x,-0.35445563988513784
136,0.3888888888888889,0.5,0.0,0.0030864197530864196,x,z,y,-0.36714884302778555
136,0.3888888888888889,0.5,0.0,0.0030864197530864196,x,z,z,0.04675852803464987
136,0.3888888888888889,0.5,0.0,0.0030864197530864196,y,x,x,0.21199131680348268
136,0.3888888888888889,0.5,0.0,0.0030864197530864196,y,x,y,0.15572235626595027
136,0.3888888888888889,0.5,0.0,0.0030864197530864196,y,x,z,-0.24481777846661443
136,0.3888888888888889,0.5,0.0,0.0030864197530864196,y,y,x,-0.7821561841998969
136,0.3888888888888889,0.5,0.0,0.0030864197530864196,y,y,y,0.3316183757334372
136,0.3888888888888889,0.5,0.0,0.0030864197530864196,y,y,z,0.05928684435094404
136,0.3888888888888889,0.5,0.0,0.0030864197530864196,y,z,x,0.5566141619472008
136,0.3888888888888889,0.5,0.0,0.0030864197530864196,y,z,y,0.2118134934777747
136,0.3888888888888889,0.5,0.0,0.0030864197530864196,y,z,z,-0.07346045825045205
136,0.3888888888888889,0.5,0.0,0.0030864197530864196,z,x,x,-0.2712689014738425
136,0.3888888888888889,0.5,0.0,0.0030864197530864196,z,x,y,0.773418684079304
136,0.3888888888888889,0.5,0.0,0.0030864197530864196,z,x,z,0.12405528044868203
136,0.3888888888888889,0.5,0.0,0.0030864197530864196,z,y,x,-0.48757530910170255
136,0.3888888888888889,0.5,0.0,0.0030864197530864196,z,y,y,0.19898638722849013
136,0.3888888888888889,0.5,0.0,0.0030864197530864196,z,y,z,0.14227848361840018
136,0.3888888888888889,0.5,0.0,0.0030864197530864196,z,z,x,-0.262479620914177
136,0.3888888888888889,0.5,0.0,0.0030864197530864196,z,z,y,0.24881345121463538
136,0.3888888888888889,0.5,0.0,0.0030864197530864196,z,z,z,0.0025086369015675574
137,0.3888888888888889,-0.4444444444444444,0.0,0.0030864197530864196,x,x,x,0.022619385863210856
137,0.3888888888888889,-0.4444444444444444,0.0,0.0030864197530864196,x,x,y,0.6819897586650079
137,0.3888888888888889,-0.4444444444444444,0.0,0.0030864197530864196,x,x,z,-0.026910290235643737
137,0.3888888888888889,-0.4444444444444444,0.0,0.0030864197530864196,x,y,x,-0.46348426830944206
137,0.3888888888888889,-0.4444444444444444,0.0,0.0030864197530864196,x,y,y,-0.1987743793076878
137,0.3888888888888889,-0.4444444444444444,0.0,0.0030864197530864196,x,y,z,0.4091350482777842
137,0.3888888888888889,-0.4444444444444444,0.0,0.0030864197530864196,x,z,x,-0.1779146643881435
137,0.3888888888888889,-0.4444444444444444,0.0,0.0030864197530864196,x,z,y,-0.5515216364223298
137,0.3888888888888889,-0.4444444444444444,0.0,0.0030864197530864196,x,z,z,0.026338523684074664
137,0.3888888888888889,-0.4444444444444444,0.0,0.0030864197530864196,y,x,x,0.08728027067583749
137,0.3888888888888889,-0.4444444444444444,0.0,0.0030864197530864196,y,x,y,0.08411427441853614
137,0.3888888888888889,-0.4444444444444444,0.0,0.0030864197530864196,y,x,z,-0.353258135958579
137,0.3888888888888889,-0.4444444444444444,0.0,0.0030864197530864196,y,y,x,-0.5078118341307866
137,0.3888888888888889,-0.4444444444444444,0.0,0.0030864197530864196,y,y,y,0.24676304396376003
137,0.3888888888888889,-0.4444444444444444,0.0,0.0030864197530864196,y,y,z,0.08257817927065188
137,0.3888888888888889,-0.4444444444444444,0.0,0.0030864197530864196,y,z,x,0.6709540098298314
137,0.3888888888888889,-0.4444444444444444,0.0,0.0030864197530864196,y,z,y,0.12698487923321983
137,0.3888888888888889,-0.4444444444444444,0.0,0.0030864197530864196,y,z,z,-0.03349872427353921
137,0.3888888888888889,-0.4444444444444444,0.0,0.0030864197530864196,z,x,x,-0.17242300145484915
137,0.3888888888888889,-0.4444444444444444,0.0,0.0030864197530864196,z,x,y,0.7563126422267428
137,0.3888888888888889,-0.4444444444444444,0.0,0.0030864197530864196,z,x,z,-0.07351401478574493
137,0.3888888888888889,-0.4444444444444444,0.0,0.0030864197530864196,z,y,x,-0.5883792981602884
137,0.3888888888888889,-0.4444444444444444,0.0,0.0030864197530864196,z,y,y,0.15461228852934555
137,0.3888888888888889,-0.4444444444444444,0.0,0.0030864197530864196,z,y,z,0.31608743159382263
137,0.3888888888888889,-0.4444444444444444,0.0,0.0030864197530864196,z,z,x,-0.05793837276889945
137,0.3888888888888889,-0.4444444444444444,0.0,0.0030864197530864196,z,z,y,-0.014355520276738972
137,0.3888888888888889,-0.4444444444444444,0.0,0.0030864197530864196,z,z,z,0.0024799991439486482
138,0.3888888888888889,-0.3888888888888888,0.0,0.0030864197530864196,x,x,x,0.06173403153658013
138,0.3888888888888889,-0.3888888888888888,0.0,0.0030864197530864196,x,x,y,0.3864351326284594
138,0.3888888888888889,-0.3888888888888888,0.0,0.0030864197530864196,x,x,z,-0.054731730793765
138,0.3888888888888889,-0.3888888888888888,0.0,0.0030864197530864196,x,y,x,-0.25466851466455287
138,0.3888888888888889,-0.3888888888888888,0.0,0.0030864197530864196,x,y,y,-0.176207359292194
138,0.3888888888888889,-0.3888888888888888,0.0,0.0030864197530864196,x,y,z,0.4958622075618674
138,0.3888888888888889,-0.3888888888888888,0.0,0.0030864197530864196,x,z,x,-0.07984101350017712
138,0.3888888888888889,-0.3888888888888888,0.0,0.0030864197530864196,x,z,y,-0.6802252082909898
138,0.3888888888888889,-0.3888888888888888,0.0,0.0030864197530864196,x,z,z,0.008050852599635694
138,0.3888888888888889,-0.3888888888888888,0.0,0.0030864197530864196,y,x,x,0.033252537768875226
138,0.3888888888888889,-0.3888888888888888,0.0,0.0030864197530864196,y,x,y,-0.009974053919181046
138,0.3888888888888889,-0.3888888888888888,0.0,0.0030864197530864196,y,x,z,-0.432662282385389
138,0.3888888888888889,-0.3888888888888888,0.0,0.0030864197530864196,y,y,x,-0.38011759880668206
138,0.3888888888888889,-0.3888888888888888,0.0,0.0030864197530864196,y,y,y,0.16502033727210863
138,0.3888888888888889,-0.3888888888888888,0.0,0.0030864197530864196,y,y,z,0.054732244341968814
138,0.3888888888888889,-0.3888888888888888,0.0,0.0030864197530864196,y,z,x,0.7724171215392068
138,0.3888888888888889,-0.3888888888888888,0.0,0.0030864197530864196,y,z,y,0.07984113689927806
138,0.3888888888888889,-0.3888888888888888,0.0,0.0030864197530864196,y,z,z,-0.013944509745947305
138,0.3888888888888889,-0.3888888888888888,0.0,0.0030864197530864196,z,x,x,-0.10583754433338981
138,0.3888888888888889,-0.3888888888888888,0.0,0.0030864197530864196,z,x,y,0.8697894629853241
138,0.3888888888888889,-0.3888888888888888,0.0,0.0030864197530864196,z,x,z,-0.15226694711319042
138,0.3888888888888889,-0.3888888888888888,0.0,0.0030864197530864196,z,y,x,-0.7475776487614494
138,0.3888888888888889,-0.3888888888888888,0.0,0.0030864197530864196,z,y,y,0.10583817971765584
138,0.3888888888888889,-0.3888888888888888,0.0,0.0030864197530864196,z,y,z,0.26373009711835127
138,0.3888888888888889,-0.3888888888888888,0.0,0.0030864197530864196,z,z,x,0.036027197332560885
138,0.3888888888888889,-0.3888888888888888,0.0,0.0030864197530864196,z,z,y,-0.062396764877690525
138,0.3888888888888889,-0.3888888888888888,0.0,0.0030864197530864196,z,z,z,2.0197355546833381e-07
139,0.3888888888888889,-0.3333333333333334,0.0,0.0030864197530864196,x,x,x,0.09611276525853812
139,0.3888888888888889,-0.3333333333333334,0.0,0.0030864197530864196,x,x,y,0.1301449599910233
139,0.3888888888888889,-0.3333333333333334,0.0,0.0030864197530864196,x,x,z,-0.023317220639025523
139,0.3888888888888889,-0.3333333333333334,0.0,0.0030864197530864196,x,y,x,-0.08440610400573638
139,0.3888888888888889,-0.3333333333333334,0.0,0.0030864197530864196,x,y,y,-0.16202538788690202
139,0.3888888888888889,-0.3333333333333334,0.0,0.0030864197530864196,x,y,z,0.5404727896809923
139,0.3888888888888889,-0.3333333333333334,0.0,0.0030864197530864196,x,z,x,-0.024752286277643205
139,0.3888888888888889,-0.3333333333333334,0.0,0.0030864197530864196,x,z,y,-0.7714028540266402
139,0.3888888888888889,-0.3333333333333334,0.0,0.0030864197530864196,x,z,z,-0.00034756674241906877
139,0.3888888888888889,-0.3333333333333334,0.0,0.0030864197530864196,y,x,x,0.007997897161597784
139,0.3888888888888889,-0.3333333333333334,0.0,0.0030864197530864196,y,x,y,-0.0837064793155564
139,0.3888888888888889,-0.3333333333333334,0.0,0.0030864197530864196,y,x,z,-0.4732308013249745
139,0.3888888888888889,-0.3333333333333334,0.0,0.0030864197530864196,y,y,x,-0.3141162416910571
139,0.3888888888888889,-0.3333333333333334,0.0,0.0030864197530864196,y,y,y,0.057627684930990866
139,0.3888888888888889,-0.3333333333333334,0.0,0.0030864197530864196,y,y,z,0.016145213358202366
139,0.3888888888888889,-0.3333333333333334,0.0,0.0030864197530864196,y,z,x,0.8408382203266197
139,0.3888888888888889,-0.3333333333333334,0.0,0.0030864197530864196,y,z,y,0.031871635523036776
139,0.3888888888888889,-0.3333333333333334,0.0,0.0030864197530864196,y,z,z,-0.005968795893201169
139,0.3888888888888889,-0.3333333333333334,0.0,0.0030864197530864196,z,x,x,-0.03792600026069893
139,0.3888888888888889,-0.3333333333333334,0.0,0.0030864197530864196,z,x,y,0.9930734506350316
139,0.3888888888888889,-0.3333333333333334,0.0,0.0030864197530864196,z,x,z,-0.169176913357
139,0.3888888888888889,-0.3333333333333334,0.0,0.0030864197530864196,z,y,x,-0.8783084140180131
139,0.3888888888888889,-0.3333333333333334,0.0,0.0030864197530864196,z,y,y,0.039575575981603946
139,0.3888888888888889,-0.3333333333333334,0.0,0.0030864197530864196,z,y,z,0.10053081624210908
139,0.3888888888888889,-0.3333333333333334,0.0,0.0030864197530864196,z,z,x,0.07958888478472063
139,0.3888888888888889,-0.3333333333333334,0.0,0.0030864197530864196,z,z,y,-0.03353837624404156
139,0.3888888888888889,-0.3333333333333334,0.0,0.0030864197530864196,z,z,z,-0.00042979636788043193
140,0.3888888888888889,-0.2777777777777778,0.0,0.0030864197530864196,x,x,x,0.0961126420551435
140,0.3888888888888889,-0.2777777777777778,0.0,0.0030864197530864196,x,x,y,-0.13014492214588047
140,0.3888888888888889,-0.2777777777777778,0.0,0.0030864197530864196,x,x,z,0.02331572932096147
140,0.3888888888888889,-0.2777777777777778,0.0,0.0030864197530864196,x,y,x,0.08440534857788419
140,0.3888888888888889,-0.2777777777777778,0.0,0.0030864197530864196,x,y,y,-0.16202532778645404
140,0.3888888888888889,-0.2777777777777778,0.0,0.0030864197530864196,x,y,z,0.5404722965874137
140,0.3888888888888889,-0.2777777777777778,0.0,0.0030864197530864196,x,z,x,0.024754909549767983
140,0.3888888888888889,-0.2777777777777778,0.0,0.0030864197530864196,x,z,y,-0.7714020612256881
140,0.3888888888888889,-0.2777777777777778,0.0,0.0030864197530864196,x,z,z,-0.0003474564065082822
140,0.3888888888888889,-0.2777777777777778,0.0,0.0030864197530864196,y,x,x,-0.007997475767510852
140,0.3888888888888889,-0.2777777777777778,0.0,0.0030864197530864196,y,x,y,-0.0837059967849297
140,0.3888888888888889,-0.2777777777777778,0.0,0.0030864197530864196,y,x,z,-0.47323060100460773
140,0.3888888888888889,-0.2777777777777778,0.0,0.0030864197530864196,y,y,x,-0.314116108841378
140,0.3888888888888889,-0.2777777777777778,0.0,0.0030864197530864196,y,y,y,-0.05762883409762238
140,0.3888888888888889,-0.2777777777777778,0.0,0.0030864197530864196,y,y,z,-0.01614416668719362
140,0.3888888888888889,-0.2777777777777778,0.0,0.0030864197530864196,y,z,x,0.840837632881574
140,0.3888888888888889,-0.2777777777777778,0.0,0.0030864197530864196,y,z,y,-0.031873929192248227
140,0.3888888888888889,-0.2777777777777778,0.0,0.0030864197530864196,y,z,z,0.005968897088682138
140,0.3888888888888889,-0.2777777777777778,0.0,0.0030864197530864196,z,x,x,0.03792616773838582
140,0.3888888888888889,-0.2777777777777778,0.0,0.0030864197530864196,z,x,y,0.9930719965587936
140,0.3888888888888889,-0.2777777777777778,0.0,0.0030864197530864196,z,x,z,-0.16917703810861415
140,0.3888888888888889,-0.2777777777777778,0.0,0.0030864197530864196,z,y,x,-0.8783071069832606
140,0.3888888888888889,-0.2777777777777778,0.0,0.0030864197530864196,z,y,y,-0.03957581775936682
140,0.3888888888888889,-0.2777777777777778,0.0,0.0030864197530864196,z,y,z,-0.1005315735094405
140,0.3888888888888889,-0.2777777777777778,0.0,0.0030864197530864196,z,z,x,0.07958904608710789
140,0.3888888888888889,-0.2777777777777778,0.0,0.0030864197530864196,z,z,y,0.03353746371896105
140,0.3888888888888889,-0.2777777777777778,0.0,0.0030864197530864196,z,z,z,0.00042984234675550977
141,0.3888888888888889,-0.2222222222222222,0.0,0.0030864197530864196,x,x,x,0.061733838282734994
141,0.3888888888888889,-0.2222222222222222,0.0,0.0030864197530864196,x,x,y,-0.38643409736160744
141,0.3888888888888889,-0.2222222222222222,0.0,0.0030864197530864196,x,x,z,0.05473021977397447
141,0.3888888888888889,-0.2222222222222222,0.0,0.0030864197530864196,x,y,x,0.2546671092223635
141,0.3888888888888889,-0.2222222222222222,0.0,0.0030864197530864196,x,y,y,-0.17620718510102115
141,0.3888888888888889,-0.2222222222222222,0.0,0.0030864197530864196,x,y,z,0.4958610080437162
141,0.3888888888888889,-0.2222222222222222,0.0,0.0030864197530864196,x,z,x,0.07984329901721803
141,0.3888888888888889,-0.2222222222222222,0.0,0.0030864197530864196,x,z,y,-0.6802234358580096
141,0.3888888888888889,-0.2222222222222222,0.0,0.0030864197530864196,x,z,z,0.008051108939258303
141,0.3888888888888889,-0.2222222222222222,0.0,0.0030864197530864196,y,x,x,-0.03325209763564726
141,0.3888888888888889,-0.2222222222222222,0.0,0.0030864197530864196,y,x,y,-0.009972791158701678
141,0.3888888888888889,-0.2222222222222222,0.0,0.0030864197530864196,y,x,z,-0.43266191054847314
141,0.3888888888888889,-0.2222222222222222,0.0,0.0030864197530864196,y,y,x,-0.3801173108461944
141,0.3888888888888889,-0.2222222222222222,0.0,0.0030864197530864196,y,y,y,-0.16502092799036872
141,0.3888888888888889,-0.2222222222222222,0.0,0.0030864197530864196,y,y,z,-0.054731190098906875
141,0.3888888888888889,-0.2222222222222222,0.0,0.0030864197530864196,y,z,x,0.7724159338967711
141,0.3888888888888889,-0.2222222222222222,0.0,0.0030864197530864196,y,z,y,-0.07984297235054967
141,0.3888888888888889,-0.2222222222222222,0.0,0.0030864197530864196,y,z,z,0.013944611162712192
141,0.3888888888888889,-0.2222222222222222,0.0,0.0030864197530864196,z,x,x,0.1058375316080549
141,0.3888888888888889,-0.2222222222222222,0.0,0.0030864197530864196,z,x,y,0.86978618149441
141,0.3888888888888889,-0.2222222222222222,0.0,0.0030864197530864196,z,x,z,-0.1522672665033087
141,0.3888888888888889,-0.2222222222222222,0.0,0.0030864197530864196,z,y,x,-0.7475747001765022
141,0.3888888888888889,-0.2222222222222222,0.0,0.0030864197530864196,z,y,y,-0.10583818127499185
141,0.3888888888888889,-0.2222222222222222,0.0,0.0030864197530864196,z,y,z,-0.26373005000779903
141,0.3888888888888889,-0.2222222222222222,0.0,0.0030864197530864196,z,z,x,0.03602771120474354
141,0.3888888888888889,-0.2222222222222222,0.0,0.0030864197530864196,z,z,y,0.06239562377387858
141,0.3888888888888889,-0.2222222222222222,0.0,0.0030864197530864196,z,z,z,-1.674845248109526e-07
142,0.3888888888888889,-0.1666666666666666,0.0,0.0030864197530864196,x,x,x,0.022619378068955094
142,0.3888888888888889,-0.1666666666666666,0.0,0.0030864197530864196,x,x,y,-0.6819875738374146
142,0.3888888888888889,-0.1666666666666666,0.0,0.0030864197530864196,x,x,z,0.02690904775737077
142,0.3888888888888889,-0.1666666666666666,0.0,0.0030864197530864196,x,y,x,0.4634821626359994
142,0.3888888888888889,-0.1666666666666666,0.0,0.0030864197530864196,x,y,y,-0.1987742124965044
142,0.3888888888888889,-0.1666666666666666,0.0,0.0030864197530864196,x,y,z,0.40913402509964064
142,0.3888888888888889,-0.1666666666666666,0.0,0.0030864197530864196,x,z,x,0.17791629291982936
142,0.3888888888888889,-0.1666666666666666,0.0,0.0030864197530864196,x,z,y,-0.5515201133996098
142,0.3888888888888889,-0.1666666666666666,0.0,0.0030864197530864196,x,z,z,0.02633881380871464
142,0.3888888888888889,-0.1666666666666666,0.0,0.0030864197530864196,y,x,x,-0.08727965890044921
142,0.3888888888888889,-0.1666666666666666,0.0,0.0030864197530864196,y,x,y,0.08411611363389374
142,0.3888888888888889,-0.1666666666666666,0.0,0.0030864197530864196,y,x,z,-0.35325802254243455
142,0.3888888888888889,-0.1666666666666666,0.0,0.0030864197530864196,y,y,x,-0.5078117671289567
142,0.3888888888888889,-0.1666666666666666,0.0,0.0030864197530864196,y,y,y,-0.24676303867397542
142,0.3888888888888889,-0.1666666666666666,0.0,0.0030864197530864196,y,y,z,-0.08257727012278555
142,0.3888888888888889,-0.1666666666666666,0.0,0.0030864197530864196,y,z,x,0.6709528975585941
142,0.3888888888888889,-0.1666666666666666,0.0,0.0030864197530864196,y,z,y,-0.12698605374660799
142,0.3888888888888889,-0.1666666666666666,0.0,0.0030864197530864196,y,z,z,0.03349874571261492
142,0.3888888888888889,-0.1666666666666666,0.0,0.0030864197530864196,z,x,x,0.17242269155102252
142,0.3888888888888889,-0.1666666666666666,0.0,0.0030864197530864196,z,x,y,0.7563089769418471
142,0.3888888888888889,-0.1666666666666666,0.0,0.0030864197530864196,z,x,z,-0.07351456656608205
142,0.3888888888888889,-0.1666666666666666,0.0,0.0030864197530864196,z,y,x,-0.5883759048711594
142,0.3888888888888889,-0.1666666666666666,0.0,0.0030864197530864196,z,y,y,-0.15461218216050385
142,0.3888888888888889,-0.1666666666666666,0.0,0.0030864197530864196,z,y,z,-0.31608639996233273
142,0.3888888888888889,-0.1666666666666666,0.0,0.0030864197530864196,z,z,x,-0.05793759940877436
142,0.3888888888888889,-0.1666666666666666,0.0,0.0030864197530864196,z,z,y,0.014353897640230644
142,0.3888888888888889,-0.1666666666666666,0.0,0.0030864197530864196,z,z,z,-0.0024799613715114606
143,0.3888888888888889,-0.1111111111111112,0.0,0.0030864197530864196,x,x,x,-0.006532493878157136
143,0.3888888888888889,-0.1111111111111112,0.0,0.0030864197530864196,x,x,y,-1.1625773703324809
143,0.3888888888888889,-0.1111111111111112,0.0,0.0030864197530864196,x,x,z,-0.10027040928715188
143,0.3888888888888889,-0.1111111111111112,0.0,0.0030864197530864196,x,y,x,0.822911240102829
143,0.3888888888888889,-0.1111111111111112,0.0,0.0030864197530864196,x,y,y,-0.2615601537014417
143,0.3888888888888889,-0.1111111111111112,0.0,0.0030864197530864196,x,y,z,0.23552688161484023
143,0.3888888888888889,-0.1111111111111112,0.0,0.0030864197530864196,x,z,x,0.3544562062326674
143,0.3888888888888889,-0.1111111111111112,0.0,0.0030864197530864196,x,z,y,-0.3671486828181599
143,0.3888888888888889,-0.1111111111111112,0.0,0.0030864197530864196,x,z,z,0.04675882587291188
143,0.3888888888888889,-0.1111111111111112,0.0,0.0030864197530864196,y,x,x,-0.21199007028619646
143,0.3888888888888889,-0.1111111111111112,0.0,0.0030864197530864196,y,x,y,0.15572556235344123
143,0.3888888888888889,-0.1111111111111112,0.0,0.0030864197530864196,y,x,z,-0.2448180443215732
143,0.3888888888888889,-0.1111111111111112,0.0,0.0030864197530864196,y,y,x,-0.782156860537539
143,0.3888888888888889,-0.1111111111111112,0.0,0.0030864197530864196,y,y,y,-0.3316176615393455
143,0.3888888888888889,-0.1111111111111112,0.0,0.0030864197530864196,y,y,z,-0.05928620714047982
143,0.3888888888888889,-0.1111111111111112,0.0,0.0030864197530864196,y,z,x,0.556613722156593
143,0.3888888888888889,-0.1111111111111112,0.0,0.0030864197530864196,y,z,y,-0.21181398011531316
143,0.3888888888888889,-0.1111111111111112,0.0,0.0030864197530864196,y,z,z,0.07346068886061798
143,0.3888888888888889,-0.1111111111111112,0.0,0.0030864197530864196,z,x,x,0.2712679235018397
143,0.3888888888888889,-0.1111111111111112,0.0,0.0030864197530864196,z,x,y,0.7734141163999655
143,0.3888888888888889,-0.1111111111111112,0.0,0.0030864197530864196,z,x,z,0.12405434573544849
143,0.3888888888888889,-0.1111111111111112,0.0,0.0030864197530864196,z,y,x,-0.48757131656562597
143,0.3888888888888889,-0.1111111111111112,0.0,0.0030864197530864196,z,y,y,-0.19898612442176136
143,0.3888888888888889,-0.1111111111111112,0.0,0.0030864197530864196,z,y,z,-0.14227644381266677
143,0.3888888888888889,-0.1111111111111112,0.0,0.0030864197530864196,z,z,x,-0.2624782568807138
143,0.3888888888888889,-0.1111111111111112,0.0,0.0030864197530864196,z,z,y,-0.2488155061800471
143,0.3888888888888889,-0.1111111111111112,0.0,0.0030864197530864196,z,z,z,-0.0025086170996669386
144,0.3888888888888889,-0.0555555555555556,0.0,0.0030864197530864196,x,x,x,-0.012383868507677297
144,0.3888888888888889,-0.0555555555555556,0.0,0.0030864197530864196,x,x,y,-1.8495685426892026
144,0.3888888888888889,-0.0555555555555556,0.0,0.0030864197530864196,x,x,z,-0.35862568786200993
144,0.3888888888888889,-0.0555555555555556,0.0,0.0030864197530864196,x,y,x,1.3124910777928
144,0.3888888888888889,-0.0555555555555556,0.0,0.0030864197530864196,x,y,y,-0.45722592149330826
144,0.3888888888888889,-0.0555555555555556,0.0,0.0030864197530864196,x,y,z,-0.18941551274542204
144,0.3888888888888889,-0.0555555555555556,0.0,0.0030864197530864196,x,z,x,0.6314157771570159
144,0.3888888888888889,-0.0555555555555556,0.0,0.0030864197530864196,x,z,y,0.023461654221035022
144,0.3888888888888889,-0.0555555555555556,0.0,0.0030864197530864196,x,z,z,0.07324945664418858
144,0.3888888888888889,-0.0555555555555556,0.0,0.0030864197530864196,y,x,x,-0.42274672947861075
144,0.3888888888888889,-0.0555555555555556,0.0,0.0030864197530864196,y,x,y,0.11573222025956167
144,0.3888888888888889,-0.0555555555555556,0.0,0.0030864197530864196,y,x,z,-0.07061203938545935
144,0.3888888888888889,-0.0555555555555556,0.0,0.0030864197530864196,y,y,x,-1.2950763563609535
144,0.3888888888888889,-0.0555555555555556,0.0,0.0030864197530864196,y,y,y,-0.5345027713563771
144,0.3888888888888889,-0.0555555555555556,0.0,0.0030864197530864196,y,y,z,0.09927048421363804
144,0.3888888888888889,-0.0555555555555556,0.0,0.0030864197530864196,y,z,x,0.398561910512158
144,0.3888888888888889,-0.0555555555555556,0.0,0.0030864197530864196,y,z,y,-0.4340098172684225
144,0.3888888888888889,-0.0555555555555556,0.0,0.0030864197530864196,y,z,z,0.11532989899266605
144,0.3888888888888889,-0.0555555555555556,0.0,0.0030864197530864196,z,x,x,0.42775308909536297
144,0.3888888888888889,-0.0555555555555556,0.0,0.0030864197530864196,z,x,y,0.868006470491547
144,0.3888888888888889,-0.0555555555555556,0.0,0.0030864197530864196,z,x,z,0.4979090558283174
144,0.3888888888888889,-0.0555555555555556,0.0,0.0030864197530864196,z,y,x,-0.36629373215576916
144,0.3888888888888889,-0.0555555555555556,0.0,0.0030864197530864196,z,y,y,-0.3348854964287334
144,0.3888888888888889,-0.0555555555555556,0.0,0.0030864197530864196,z,y,z,0.4319092620293729
144,0.3888888888888889,-0.0555555555555556,0.0,0.0030864197530864196,z,z,x,-0.6469459990975286
144,0.3888888888888889,-0.0555555555555556,0.0,0.0030864197530864196,z,z,y,-0.886554398923689
144,0.3888888888888889,-0.0555555555555556,0.0,0.0030864197530864196,z,z,z,0.0001381372953207561
145,0.4444444444444444,0.0,0.0,0.0030864197530864196,x,x,x,0.08081151699615871
145,0.4444444444444444,0.0,0.0,0.0030864197530864196,x,x,y,-2.5075965211444102
145,0.4444444444444444,0.0,0.0,0.0030864197530864196,x,x,z,-0.3817513138397626
145,0.4444444444444444,0.0,0.0,0.0030864197530864196,x,y,x,2.142221307631714
145,0.4444444444444444,0.0,0.0,0.0030864197530864196,x,y,y,-0.7415549788399854
145,0.4444444444444444,0.0,0.0,0.0030864197530864196,x,y,z,-0.463859626042657
145,0.4444444444444444,0.0,0.0,0.0030864197530864196,x,z,x,0.5878986180783567
145,0.4444444444444444,0.0,0.0,0.0030864197530864196,x,z,y,0.31792641377825176
145,0.4444444444444444,0.0,0.0,0.0030864197530864196,x,z,z,0.09748471753189716
145,0.4444444444444444,0.0,0.0,0.0030864197530864196,y,x,x,-0.38953638788392314
145,0.4444444444444444,0.0,0.0,0.0030864197530864196,y,x,y,0.7201623578564617
145,0.4444444444444444,0.0,0.0,0.0030864197530864196,y,x,z,0.023037545104445167
145,0.4444444444444444,0.0,0.0,0.0030864197530864196,y,y,x,-1.9644105104505376
145,0.4444444444444444,0.0,0.0,0.0030864197530864196,y,y,y,-0.7548852842949998
145,0.4444444444444444,0.0,0.0,0.0030864197530864196,y,y,z,0.3817184863922396
145,0.4444444444444444,0.0,0.0,0.0030864197530864196,y,z,x,0.3609379596345192
145,0.4444444444444444,0.0,0.0,0.0030864197530864196,y,z,y,-0.5878653162724996
145,0.4444444444444444,0.0,0.0,0.0030864197530864196,y,z,z,0.16883689796460438
145,0.4444444444444444,0.0,0.0,0.0030864197530864196,z,x,x,0.4838275404709677
145,0.4444444444444444,0.0,0.0,0.0030864197530864196,z,x,y,1.4315382846603417
145,0.4444444444444444,0.0,0.0,0.0030864197530864196,z,x,z,0.5972067840421281
145,0.4444444444444444,0.0,0.0,0.0030864197530864196,z,y,x,-0.8728722435354025
145,0.4444444444444444,0.0,0.0,0.0030864197530864196,z,y,y,-0.4838285589755806
145,0.4444444444444444,0.0,0.0,0.0030864197530864196,z,y,z,1.0343842819369609
145,0.4444444444444444,0.0,0.0,0.0030864197530864196,z,z,x,-0.8193548695177038
145,0.4444444444444444,0.0,0.0,0.0030864197530864196,z,z,y,-1.4191496468634972
145,0.4444444444444444,0.0,0.0,0.0030864197530864196,z,z,z,7.955207664562525e-06
146,0.4444444444444444,0.0555555555555556,0.0,0.0030864197530864196,x,x,x,0.060282858521363544
146,0.4444444444444444,0.0555555555555556,0.0,0.0030864197530864196,x,x,y,-1.5352014559640184
146,0.4444444444444444,0.0555555555555556,0.0,0.0030864197530864196,x,x,z,-0.09740291626800775
146,0.4444444444444444,0.0555555555555556,0.0,0.0030864197530864196,x,y,x,1.2675962075697307
146,0.4444444444444444,0.0555555555555556,0.0,0.0030864197530864196,x,y,y,-0.6544848195599122
146,0.4444444444444444,0.0555555555555556,0.0,0.0030864197530864196,x,y,z,-0.1926933331983905
146,0.4444444444444444,0.0555555555555556,0.0,0.0030864197530864196,x,z,x,0.3504072339612019
146,0.4444444444444444,0.0555555555555556,0.0,0.0030864197530864196,x,z,y,0.1683064230049179
146,0.4444444444444444,0.0555555555555556,0.0,0.0030864197530864196,x,z,z,0.06325558314159198
146,0.4444444444444444,0.0555555555555556,0.0,0.0030864197530864196,y,x,x,-0.0961980380341235
146,0.4444444444444444,0.0555555555555556,0.0,0.0030864197530864196,y,x,y,0.5618044198810499
146,0.4444444444444444,0.0555555555555556,0.0,0.0030864197530864196,y,x,z,-0.07386457233194084
146,0.4444444444444444,0.0555555555555556,0.0,0.0030864197530864196,y,y,x,-1.4712226786469444
146,0.4444444444444444,0.0555555555555556,0.0,0.0030864197530864196,y,y,y,-0.7891111167437194
146,0.4444444444444444,0.0555555555555556,0.0,0.0030864197530864196,y,y,z,0.35674760500577635
146,0.4444444444444444,0.0555555555555556,0.0,0.0030864197530864196,y,z,x,0.5433899021587245
146,0.4444444444444444,0.0555555555555556,0.0,0.0030864197530864196,y,z,y,-0.5477969768879347
146,0.4444444444444444,0.0555555555555556,0.0,0.0030864197530864196,y,z,z,0.12109646624877003
146,0.4444444444444444,0.0555555555555556,0.0,0.0030864197530864196,z,x,x,0.36147852820455717
146,0.4444444444444444,0.0555555555555556,0.0,0.0030864197530864196,z,x,y,0.8219527502914137
146,0.4444444444444444,0.0555555555555556,0.0,0.0030864197530864196,z,x,z,0.12509713441419465
146,0.4444444444444444,0.0555555555555556,0.0,0.0030864197530864196,z,y,x,-0.4123448122844126
146,0.4444444444444444,0.0555555555555556,0.0,0.0030864197530864196,z,y,y,-0.4543465993572434
146,0.4444444444444444,0.0555555555555556,0.0,0.0030864197530864196,z,y,z,0.6471689310502439
146,0.4444444444444444,0.0555555555555556,0.0,0.0030864197530864196,z,z,x,-0.4443163939786222
146,0.4444444444444444,0.0555555555555556,0.0,0.0030864197530864196,z,z,y,-1.0035662512525247
146,0.4444444444444444,0.0555555555555556,0.0,0.0030864197530864196,z,z,z,-0.0001331615664101778
147,0.4444444444444444,0.1111111111111111,0.0,0.0030864197530864196,x,x,x,-0.024816919354680125
147,0.4444444444444444,0.1111111111111111,0.0,0.0030864197530864196,x,x,y,-0.7395938987527354
147,0.4444444444444444,0.1111111111111111,0.0,0.0030864197530864196,x,x,z,0.12718076097895742
147,0.4444444444444444,0.1111111111111111,0.0,0.0030864197530864196,x,y,x,0.5813381411890652
147,0.4444444444444444,0.1111111111111111,0.0,0.0030864197530864196,x,y,y,-0.37915200058380644
147,0.4444444444444444,0.1111111111111111,0.0,0.0030864197530864196,x,y,z,0.3142623310324812
147,0.4444444444444444,0.1111111111111111,0.0,0.0030864197530864196,x,z,x,0.11112028462043819
147,0.4444444444444444,0.1111111111111111,0.0,0.0030864197530864196,x,z,y,-0.23020200988558834
147,0.4444444444444444,0.1111111111111111,0.0,0.0030864197530864196,x,z,z,0.008044963186630033
147,0.4444444444444444,0.1111111111111111,0.0,0.0030864197530864196,y,x,x,0.08922840859365787
147,0.4444444444444444,0.1111111111111111,0.0,0.0030864197530864196,y,x,y,0.4085068921664387
147,0.4444444444444444,0.1111111111111111,0.0,0.0030864197530864196,y,x,z,-0.31757823904399085
147,0.4444444444444444,0.1111111111111111,0.0,0.0030864197530864196,y,y,x,-0.9602831787178877
147,0.4444444444444444,0.1111111111111111,0.0,0.0030864197530864196,y,y,y,-0.5136367576629379
147,0.4444444444444444,0.1111111111111111,0.0,0.0030864197530864196,y,y,z,0.17092549459647252
147,0.4444444444444444,0.1111111111111111,0.0,0.0030864197530864196,y,z,x,0.7791388679042414
147,0.4444444444444444,0.1111111111111111,0.0,0.0030864197530864196,y,z,y,-0.3831083673626768
147,0.4444444444444444,0.1111111111111111,0.0,0.0030864197530864196,y,z,z,0.04977078999785329
147,0.4444444444444444,0.1111111111111111,0.0,0.0030864197530864196,z,x,x,0.170350611279162
147,0.4444444444444444,0.1111111111111111,0.0,0.0030864197530864196,z,x,y,0.5239068289041119
147,0.4444444444444444,0.1111111111111111,0.0,0.0030864197530864196,z,x,z,-0.35653732237587904
147,0.4444444444444444,0.1111111111111111,0.0,0.0030864197530864196,z,y,x,-0.25103815432915366
147,0.4444444444444444,0.1111111111111111,0.0,0.0030864197530864196,z,y,y,-0.32534347979971023
147,0.4444444444444444,0.1111111111111111,0.0,0.0030864197530864196,z,y,z,0.1552272510183995
147,0.4444444444444444,0.1111111111111111,0.0,0.0030864197530864196,z,z,x,0.021473340698467895
147,0.4444444444444444,0.1111111111111111,0.0,0.0030864197530864196,z,z,y,-0.3955609025238582
147,0.4444444444444444,0.1111111111111111,0.0,0.0030864197530864196,z,z,z,0.008524313564985302
148,0.4444444444444444,0.1666666666666667,0.0,0.0030864197530864196,x,x,x,-0.07326965116138653
148,0.4444444444444444,0.1666666666666667,0.0,0.0030864197530864196,x,x,y,-0.3424361496120265
148,0.4444444444444444,0.1666666666666667,0.0,0.0030864197530864196,x,x,z,0.11798992718337947
148,0.4444444444444444,0.1666666666666667,0.0,0.0030864197530864196,x,y,x,0.2646358781468016
148,0.4444444444444444,0.1666666666666667,0.0,0.0030864197530864196,x,y,y,-0.17176438841791306
148,0.4444444444444444,0.1666666666666667,0.0,0.0030864197530864196,x,y,z,0.6727202925998582
148,0.4444444444444444,0.1666666666666667,0.0,0.0030864197530864196,x,z,x,0.01884834937343391
148,0.4444444444444444,0.1666666666666667,0.0,0.0030864197530864196,x,z,y,-0.5476642212234077
148,0.4444444444444444,0.1666666666666667,0.0,0.0030864197530864196,x,z,z,-0.01702761429555399
148,0.4444444444444444,0.1666666666666667,0.0,0.0030864197530864196,y,x,x,0.0785575669060542
148,0.4444444444444444,0.1666666666666667,0.0,0.0030864197530864196,y,x,y,0.24035765079557417
148,0.4444444444444444,0.1666666666666667,0.0,0.0030864197530864196,y,x,z,-0.49206143387018164
148,0.4444444444444444,0.1666666666666667,0.0,0.0030864197530864196,y,y,x,-0.714499296023409
148,0.4444444444444444,0.1666666666666667,0.0,0.0030864197530864196,y,y,y,-0.22156126032652368
148,0.4444444444444444,0.1666666666666667,0.0,0.0030864197530864196,y,y,z,0.05969438970692894
148,0.4444444444444444,0.1666666666666667,0.0,0.0030864197530864196,y,z,x,0.9063135933487567
148,0.4444444444444444,0.1666666666666667,0.0,0.0030864197530864196,y,z,y,-0.18577852478059217
148,0.4444444444444444,0.1666666666666667,0.0,0.0030864197530864196,y,z,z,0.013390605376357216
148,0.4444444444444444,0.1666666666666667,0.0,0.0030864197530864196,z,x,x,0.06533168468157784
148,0.4444444444444444,0.1666666666666667,0.0,0.0030864197530864196,z,x,y,0.567126262629079
148,0.4444444444444444,0.1666666666666667,0.0,0.0030864197530864196,z,x,z,-0.5376980458721775
148,0.4444444444444444,0.1666666666666667,0.0,0.0030864197530864196,z,y,x,-0.30459227983894305
148,0.4444444444444444,0.1666666666666667,0.0,0.0030864197530864196,z,y,y,-0.1842216217798454
148,0.4444444444444444,0.1666666666666667,0.0,0.0030864197530864196,z,y,z,0.005249851260193757
148,0.4444444444444444,0.1666666666666667,0.0,0.0030864197530864196,z,z,x,0.22161272699738824
148,0.4444444444444444,0.1666666666666667,0.0,0.0030864197530864196,z,z,y,-0.12864587788693013
148,0.4444444444444444,0.1666666666666667,0.0,0.0030864197530864196,z,z,z,0.009553788538892593
149,0.4444444444444444,0.2222222222222222,0.0,0.0030864197530864196,x,x,x,-0.09405525711407739
149,0.4444444444444444,0.2222222222222222,0.0,0.0030864197530864196,x,x,y,1.605648174853843e-06
149,0.4444444444444444,0.2222222222222222,0.0,0.0030864197530864196,x,x,z,-1.684046780650757e-06
149,0.4444444444444444,0.2222222222222222,0.0,0.0030864197530864196,x,y,x,-1.3945451715031566e-06
149,0.4444444444444444,0.2222222222222222,0.0,0.0030864197530864196,x,y,y,-0.09702774928123323
149,0.4444444444444444,0.2222222222222222,0.0,0.0030864197530864196,x,y,z,0.7813555296401621
149,0.4444444444444444,0.2222222222222222,0.0,0.0030864197530864196,x,z,x,2.1389297126345414e-06
149,0.4444444444444444,0.2222222222222222,0.0,0.0030864197530864196,x,z,y,-0.6764167220340896
149,0.4444444444444444,0.2222222222222222,0.0,0.0030864197530864196,x,z,z,-0.023295393977756675
149,0.4444444444444444,0.2222222222222222,0.0,0.0030864197530864196,y,x,x,9.687789159404325e-07
149,0.4444444444444444,0.2222222222222222,0.0,0.0030864197530864196,y,x,y,0.16718015846511225
149,0.4444444444444444,0.2222222222222222,0.0,0.0030864197530864196,y,x,z,-0.5644655422512493
149,0.4444444444444444,0.2222222222222222,0.0,0.0030864197530864196,y,y,x,-0.6306924508774823
149,0.4444444444444444,0.2222222222222222,0.0,0.0030864197530864196,y,y,y,-4.5153387468993935e-07
149,0.4444444444444444,0.2222222222222222,0.0,0.0030864197530864196,y,y,z,5.936255564927814e-07
149,0.4444444444444444,0.2222222222222222,0.0,0.0030864197530864196,y,z,x,0.9481414969693477
149,0.4444444444444444,0.2222222222222222,0.0,0.0030864197530864196,y,z,y,-1.6423561962318885e-06
149,0.4444444444444444,0.2222222222222222,0.0,0.0030864197530864196,y,z,z,5.669766637736125e-08
149,0.4444444444444444,0.2222222222222222,0.0,0.0030864197530864196,z,x,x,1.8510663542993674e-07
149,0.4444444444444444,0.2222222222222222,0.0,0.0030864197530864196,z,x,y,0.6031211049827861
149,0.4444444444444444,0.2222222222222222,0.0,0.0030864197530864196,z,x,z,-0.5847076605947384
149,0.4444444444444444,0.2222222222222222,0.0,0.0030864197530864196,z,y,x,-0.33227969257627815
149,0.4444444444444444,0.2222222222222222,0.0,0.0030864197530864196,z,y,y,-2.1736005317789012e-07
149,0.4444444444444444,0.2222222222222222,0.0,0.0030864197530864196,z,y,z,-3.475081505835843e-07
149,0.4444444444444444,0.2222222222222222,0.0,0.0030864197530864196,z,z,x,0.2781017592698122
149,0.4444444444444444,0.2222222222222222,0.0,0.0030864197530864196,z,z,y,-1.7816836165947714e-07
149,0.4444444444444444,0.2222222222222222,0.0,0.0030864197530864196,z,z,z,3.3396214874201104e-08
150,0.4444444444444444,0.2777777777777778,0.0,0.0030864197530864196,x,x,x,-0.07327024981514474
150,0.4444444444444444,0.2777777777777778,0.0,0.0030864197530864196,x,x,y,0.3424398019536441
150,0.4444444444444444,0.2777777777777778,0.0,0.0030864197530864196,x,x,z,-0.1179933717377886
150,0.4444444444444444,0.2777777777777778,0.0,0.0030864197530864196,x,y,x,-0.2646391945868096
150,0.4444444444444444,0.2777777777777778,0.0,0.0030864197530864196,x,y,y,-0.17176359127207672
150,0.4444444444444444,0.2777777777777778,0.0,0.0030864197530864196,x,y,z,0.6727208945447165
150,0.4444444444444444,0.2777777777777778,0.0,0.0030864197530864196,x,z,x,-0.01884410359780258
150,0.4444444444444444,0.2777777777777778,0.0,0.0030864197530864196,x,z,y,-0.547664528195515
150,0.4444444444444444,0.2777777777777778,0.0,0.0030864197530864196,x,z,z,-0.017027709677231447
150,0.4444444444444444,0.2777777777777778,0.0,0.0030864197530864196,y,x,x,-0.07855571402328604
150,0.4444444444444444,0.2777777777777778,0.0,0.0030864197530864196,y,x,y,0.24035666641242578
150,0.4444444444444444,0.2777777777777778,0.0,0.0030864197530864196,y,x,z,-0.4920616806724364
150,0.4444444444444444,0.2777777777777778,0.0,0.0030864197530864196,y,y,x,-0.7144998305246996
150,0.4444444444444444,0.2777777777777778,0.0,0.0030864197530864196,y,y,y,0.2215605296390654
150,0.4444444444444444,0.2777777777777778,0.0,0.0030864197530864196,y,y,z,-0.05969323391631832
150,0.4444444444444444,0.2777777777777778,0.0,0.0030864197530864196,y,z,x,0.9063142339883158
150,0.4444444444444444,0.2777777777777778,0.0,0.0030864197530864196,y,z,y,0.18577577139763624
150,0.4444444444444444,0.2777777777777778,0.0,0.0030864197530864196,y,z,z,-0.01339045527610035
150,0.4444444444444444,0.2777777777777778,0.0,0.0030864197530864196,z,x,x,-0.06533120787183122
150,0.4444444444444444,0.2777777777777778,0.0,0.0030864197530864196,z,x,y,0.567127673965853
150,0.4444444444444444,0.2777777777777778,0.0,0.0030864197530864196,z,x,z,-0.5376984986817022
150,0.4444444444444444,0.2777777777777778,0.0,0.0030864197530864196,z,y,x,-0.30459276583785855
150,0.4444444444444444,0.2777777777777778,0.0,0.0030864197530864196,z,y,y,0.18422151270744078
150,0.4444444444444444,0.2777777777777778,0.0,0.0030864197530864196,z,y,z,-0.005250391533235584
150,0.4444444444444444,0.2777777777777778,0.0,0.0030864197530864196,z,z,x,0.2216124510500289
150,0.4444444444444444,0.2777777777777778,0.0,0.0030864197530864196,z,z,y,0.12864546790979395
150,0.4444444444444444,0.2777777777777778,0.0,0.0030864197530864196,z,z,z,-0.00955377647551908
151,0.4444444444444444,0.3333333333333333,0.0,0.0030864197530864196,x,x,x,-0.024817681586442517
151,0.4444444444444444,0.3333333333333333,0.0,0.0030864197530864196,x,x,y,0.7395990957147921
151,0.4444444444444444,0.3333333333333333,0.0,0.0030864197530864196,x,x,z,-0.1271836771810334
151,0.4444444444444444,0.3333333333333333,0.0,0.0030864197530864196,x,y,x,-0.5813430061413818
151,0.4444444444444444,0.3333333333333333,0.0,0.0030864197530864196,x,y,y,-0.3791512306495854
151,0.4444444444444444,0.3333333333333333,0.0,0.0030864197530864196,x,y,z,0.3142611792984078
151,0.4444444444444444,0.3333333333333333,0.0,0.0030864197530864196,x,z,x,-0.11111678930167353
151,0.4444444444444444,0.3333333333333333,0.0,0.0030864197530864196,x,z,y,-0.23020082898645008
151,0.4444444444444444,0.3333333333333333,0.0,0.0030864197530864196,x,z,z,0.008044687424590007
151,0.4444444444444444,0.3333333333333333,0.0,0.0030864197530864196,y,x,x,-0.08922663030439758
151,0.4444444444444444,0.3333333333333333,0.0,0.0030864197530864196,y,x,y,0.4085051278285057
151,0.4444444444444444,0.3333333333333333,0.0,0.0030864197530864196,y,x,z,-0.31757805022948166
151,0.4444444444444444,0.3333333333333333,0.0,0.0030864197530864196,y,y,x,-0.9602845447908569
151,0.4444444444444444,0.3333333333333333,0.0,0.0030864197530864196,y,y,y,0.5136367824662726
151,0.4444444444444444,0.3333333333333333,0.0,0.0030864197530864196,y,y,z,-0.17092519988375318
151,0.4444444444444444,0.3333333333333333,0.0,0.0030864197530864196,y,z,x,0.7791397517149251
151,0.4444444444444444,0.3333333333333333,0.0,0.0030864197530864196,y,z,y,0.3831073716335356
151,0.4444444444444444,0.3333333333333333,0.0,0.0030864197530864196,y,z,z,-0.04977066229179697
151,0.4444444444444444,0.3333333333333333,0.0,0.0030864197530864196,z,x,x,-0.1703506412699896
151,0.4444444444444444,0.3333333333333333,0.0,0.0030864197530864196,z,x,y,0.5239101493591808
151,0.4444444444444444,0.3333333333333333,0.0,0.0030864197530864196,z,x,z,-0.3565377229694094
151,0.4444444444444444,0.3333333333333333,0.0,0.0030864197530864196,z,y,x,-0.2510395507710218
151,0.4444444444444444,0.3333333333333333,0.0,0.0030864197530864196,z,y,y,0.3253438404479657
151,0.4444444444444444,0.3333333333333333,0.0,0.0030864197530864196,z,y,z,-0.15522780247099013
151,0.4444444444444444,0.3333333333333333,0.0,0.0030864197530864196,z,z,x,0.021472155494341245
151,0.4444444444444444,0.3333333333333333,0.0,0.0030864197530864196,z,z,y,0.3955608726739272
151,0.4444444444444444,0.3333333333333333,0.0,0.0030864197530864196,z,z,z,-0.008524468152826875
152,0.4444444444444444,0.3888888888888889,0.0,0.0030864197530864196,x,x,x,0.060282913393762766
152,0.4444444444444444,0.3888888888888889,0.0,0.0030864197530864196,x,x,y,1.535211219613355
152,0.4444444444444444,0.3888888888888889,0.0,0.0030864197530864196,x,x,z,0.09740329377273495
152,0.4444444444444444,0.3888888888888889,0.0,0.0030864197530864196,x,y,x,-1.2676057186718517
152,0.4444444444444444,0.3888888888888889,0.0,0.0030864197530864196,x,y,y,-0.6544852348598693
152,0.4444444444444444,0.3888888888888889,0.0,0.0030864197530864196,x,y,z,-0.19269941970271495
152,0.4444444444444444,0.3888888888888889,0.0,0.0030864197530864196,x,z,x,-0.3504066511699873
152,0.4444444444444444,0.3888888888888889,0.0,0.0030864197530864196,x,z,y,0.1683114904815001
152,0.4444444444444444,0.3888888888888889,0.0,0.0030864197530864196,x,z,z,0.0632554089909076
152,0.4444444444444444,0.3888888888888889,0.0,0.0030864197530864196,y,x,x,0.09620045694185911
152,0.4444444444444444,0.3888888888888889,0.0,0.0030864197530864196,y,x,y,0.5618016418493795
152,0.4444444444444444,0.3888888888888889,0.0,0.0030864197530864196,y,x,z,-0.07386327635116528
152,0.4444444444444444,0.3888888888888889,0.0,0.0030864197530864196,y,y,x,-1.4712252934059362
152,0.4444444444444444,0.3888888888888889,0.0,0.0030864197530864196,y,y,y,0.7891126755729033
152,0.4444444444444444,0.3888888888888889,0.0,0.0030864197530864196,y,y,z,-0.3567490860280789
152,0.4444444444444444,0.3888888888888889,0.0,0.0030864197530864196,y,z,x,0.5433898223604002
152,0.4444444444444444,0.3888888888888889,0.0,0.0030864197530864196,y,z,y,0.5477985106100359
152,0.4444444444444444,0.3888888888888889,0.0,0.0030864197530864196,y,z,z,-0.12109638031968303
152,0.4444444444444444,0.3888888888888889,0.0,0.0030864197530864196,z,x,x,-0.3614805162771266
152,0.4444444444444444,0.3888888888888889,0.0,0.0030864197530864196,z,x,y,0.8219610200771462
152,0.4444444444444444,0.3888888888888889,0.0,0.0030864197530864196,z,x,z,0.12509860858056082
152,0.4444444444444444,0.3888888888888889,0.0,0.0030864197530864196,z,y,x,-0.4123498438053192
152,0.4444444444444444,0.3888888888888889,0.0,0.0030864197530864196,z,y,y,0.4543483454420193
152,0.4444444444444444,0.3888888888888889,0.0,0.0030864197530864196,z,y,z,-0.6471704163657298
152,0.4444444444444444,0.3888888888888889,0.0,0.0030864197530864196,z,z,x,-0.4443200669515927
152,0.4444444444444444,0.3888888888888889,0.0,0.0030864197530864196,z,z,y,1.003567746350469
152,0.4444444444444444,0.3888888888888889,0.0,0.0030864197530864196,z,z,z,0.00013289529499320484
153,0.4444444444444444,0.4444444444444444,0.0,0.0030864197530864196,x,x,x,0.08081247670730636
153,0.4444444444444444,0.4444444444444444,0.0,0.0030864197530864196,x,x,y,2.5076111027187413
153,0.4444444444444444,0.4444444444444444,0.0,0.0030864197530864196,x,x,z,0.3817552357216444
153,0.4444444444444444,0.4444444444444444,0.0,0.0030864197530864196,x,y,x,-2.1422356116819885
153,0.4444444444444444,0.4444444444444444,0.0,0.0030864197530864196,x,y,y,-0.7415566812904006
153,0.4444444444444444,0.4444444444444444,0.0,0.0030864197530864196,x,y,z,-0.4638691449827555
153,0.4444444444444444,0.4444444444444444,0.0,0.0030864197530864196,x,z,x,-0.587901264103837
153,0.4444444444444444,0.4444444444444444,0.0,0.0030864197530864196,x,z,y,0.31793429575424564
153,0.4444444444444444,0.4444444444444444,0.0,0.0030864197530864196,x,z,z,0.0974844942131788
153,0.4444444444444444,0.4444444444444444,0.0,0.0030864197530864196,y,x,x,0.3895400910367154
153,0.4444444444444444,0.4444444444444444,0.0,0.0030864197530864196,y,x,y,0.7201589387662284
153,0.4444444444444444,0.4444444444444444,0.0,0.0030864197530864196,y,x,z,0.023039771035995825
153,0.4444444444444444,0.4444444444444444,0.0,0.0030864197530864196,y,y,x,-1.9644140281356652
153,0.4444444444444444,0.4444444444444444,0.0,0.0030864197530864196,y,y,y,0.7548870946180114
153,0.4444444444444444,0.4444444444444444,0.0,0.0030864197530864196,y,y,z,-0.3817207518152077
153,0.4444444444444444,0.4444444444444444,0.0,0.0030864197530864196,y,z,x,0.3609364003689807
153,0.4444444444444444,0.4444444444444444,0.0,0.0030864197530864196,y,z,y,0.5878684910860701
153,0.4444444444444444,0.4444444444444444,0.0,0.0030864197530864196,y,z,z,-0.16883701599168865
153,0.4444444444444444,0.4444444444444444,0.0,0.0030864197530864196,z,x,x,-0.4838314946210311
153,0.4444444444444444,0.4444444444444444,0.0,0.0030864197530864196,z,x,y,1.4315522729508579
153,0.4444444444444444,0.4444444444444444,0.0,0.0030864197530864196,z,x,z,0.5972101638915677
153,0.4444444444444444,0.4444444444444444,0.0,0.0030864197530864196,z,y,x,-0.8728820047195927
153,0.4444444444444444,0.4444444444444444,0.0,0.0030864197530864196,z,y,y,0.4838312754577112
153,0.4444444444444444,0.4444444444444444,0.0,0.0030864197530864196,z,y,z,-1.0343858956205325
153,0.4444444444444444,0.4444444444444444,0.0,0.0030864197530864196,z,z,x,-0.8193595913080973
153,0.4444444444444444,0.4444444444444444,0.0,0.0030864197530864196,z,z,y,1.4191508271385675
153,0.4444444444444444,0.4444444444444444,0.0,0.0030864197530864196,z,z,z,-8.242428980603886e-06
154,0.4444444444444444,0.5,0.0,0.0030864197530864196,x,x,x,0.03660161041668198
154,0.4444444444444444,0.5,0.0,0.0030864197530864196,x,x,y,1.9755209997794045
154,0.4444444444444444,0.5,0.0,0.0030864197530864196,x,x,z,0.23664360006120633
154,0.4444444444444444,0.5,0.0,0.0030864197530864196,x,y,x,-1.658197275661268
154,0.4444444444444444,0.5,0.0,0.0030864197530864196,x,y,y,-0.5202575042622701
154,0.4444444444444444,0.5,0.0,0.0030864197530864196,x,y,z,-0.12683434695394935
154,0.4444444444444444,0.5,0.0,0.0030864197530864196,x,z,x,-0.4362568072619115
154,0.4444444444444444,0.5,0.0,0.0030864197530864196,x,z,y,-0.026182686684025982
154,0.4444444444444444,0.5,0.0,0.0030864197530864196,x,z,z,0.08254282663117704
154,0.4444444444444444,0.5,0.0,0.0030864197530864196,y,x,x,0.3422810960693504
154,0.4444444444444444,0.5,0.0,0.0030864197530864196,y,x,y,0.5265443793079241
154,0.4444444444444444,0.5,0.0,0.0030864197530864196,y,x,z,-0.08633661139260716
154,0.4444444444444444,0.5,0.0,0.0030864197530864196,y,y,x,-1.4736059052219457
154,0.4444444444444444,0.5,0.0,0.0030864197530864196,y,y,y,0.5211582866794657
154,0.4444444444444444,0.5,0.0,0.0030864197530864196,y,y,z,-0.15457450113286816
154,0.4444444444444444,0.5,0.0,0.0030864197530864196,y,z,x,0.4341178774947944
154,0.4444444444444444,0.5,0.0,0.0030864197530864196,y,z,y,0.36900068193708374
154,0.4444444444444444,0.5,0.0,0.0030864197530864196,y,z,z,-0.14191662613602857
154,0.4444444444444444,0.5,0.0,0.0030864197530864196,z,x,x,-0.3798204016372025
154,0.4444444444444444,0.5,0.0,0.0030864197530864196,z,x,y,1.2345594097477541
154,0.4444444444444444,0.5,0.0,0.0030864197530864196,z,x,z,0.3441064028055729
154,0.4444444444444444,0.5,0.0,0.0030864197530864196,z,y,x,-0.7905905706951472
154,0.4444444444444444,0.5,0.0,0.0030864197530864196,z,y,y,0.3490711129973477
154,0.4444444444444444,0.5,0.0,0.0030864197530864196,z,y,z,-0.4708041750174227
154,0.4444444444444444,0.5,0.0,0.0030864197530864196,z,z,x,-0.560960511516296
154,0.4444444444444444,0.5,0.0,0.0030864197530864196,z,z,y,0.9024738520068748
154,0.4444444444444444,0.5,0.0,0.0030864197530864196,z,z,z,-0.001223589465783048
155,0.4444444444444444,-0.4444444444444444,0.0,0.0030864197530864196,x,x,x,-0.0020877779490559075
155,0.4444444444444444,-0.4444444444444444,0.0,0.0030864197530864196,x,x,y,1.1034167768837537
155,0.4444444444444444,-0.4444444444444444,0.0,0.0030864197530864196,x,x,z,0.014938545964967123
155,0.4444444444444444,-0.4444444444444444,0.0,0.0030864197530864196,x,y,x,-0.8763626014539867
155,0.4444444444444444,-0.4444444444444444,0.0,0.0030864197530864196,x,y,y,-0.30481889758323805
155,0.4444444444444444,-0.4444444444444444,0.0,0.0030864197530864196,x,y,z,0.21294435668173545
155,0.4444444444444444,-0.4444444444444444,0.0,0.0030864197530864196,x,z,x,-0.23288201946355774
155,0.4444444444444444,-0.4444444444444444,0.0,0.0030864197530864196,x,z,y,-0.31298940297919736
155,0.4444444444444444,-0.4444444444444444,0.0,0.0030864197530864196,x,z,z,0.048310278915666464
155,0.4444444444444444,-0.4444444444444444,0.0,0.0030864197530864196,y,x,x,0.1522670860918834
155,0.4444444444444444,-0.4444444444444444,0.0,0.0030864197530864196,y,x,y,0.28905458839185366
155,0.4444444444444444,-0.4444444444444444,0.0,0.0030864197530864196,y,x,z,-0.23020449699686535
155,0.4444444444444444,-0.4444444444444444,0.0,0.0030864197530864196,y,y,x,-0.8539634186205632
155,0.4444444444444444,-0.4444444444444444,0.0,0.0030864197530864196,y,y,y,0.3793084096884368
155,0.4444444444444444,-0.4444444444444444,0.0,0.0030864197530864196,y,y,z,-0.014935606864184508
155,0.4444444444444444,-0.4444444444444444,0.0,0.0030864197530864196,y,z,x,0.5819091810610578
155,0.4444444444444444,-0.4444444444444444,0.0,0.0030864197530864196,y,z,y,0.23287443644447156
155,0.4444444444444444,-0.4444444444444444,0.0,0.0030864197530864196,y,z,z,-0.08367207312261304
155,0.4444444444444444,-0.4444444444444444,0.0,0.0030864197530864196,z,x,x,-0.2330059553947626
155,0.4444444444444444,-0.4444444444444444,0.0,0.0030864197530864196,z,x,y,0.8334948968638969
155,0.4444444444444444,-0.4444444444444444,0.0,0.0030864197530864196,z,x,z,-0.03980321815697386
155,0.4444444444444444,-0.4444444444444444,0.0,0.0030864197530864196,z,y,x,-0.5644484586394297
155,0.4444444444444444,-0.4444444444444444,0.0,0.0030864197530864196,z,y,y,0.23300071055913066
155,0.4444444444444444,-0.4444444444444444,0.0,0.0030864197530864196,z,y,z,0.06895363211565526
155,0.4444444444444444,-0.4444444444444444,0.0,0.0030864197530864196,z,z,x,-0.1700189787768254
155,0.4444444444444444,-0.4444444444444444,0.0,0.0030864197530864196,z,z,y,0.29446455767868085
155,0.4444444444444444,-0.4444444444444444,0.0,0.0030864197530864196,z,z,z,-4.041653830773405e-06
156,0.4444444444444444,-0.3888888888888888,0.0,0.0030864197530864196,x,x,x,0.004118307050610448
156,0.4444444444444444,-0.3888888888888888,0.0,0.0030864197530864196,x,x,y,0.6189707086154862
156,0.4444444444444444,-0.3888888888888888,0.0,0.0030864197530864196,x,x,z,-0.07940276251435778
156,0.4444444444444444,-0.3888888888888888,0.0,0.0030864197530864196,x,y,x,-0.4663814833236576
156,0.4444444444444444,-0.3888888888888888,0.0,0.0030864197530864196,x,y,y,-0.20532748443697024
156,0.4444444444444444,-0.3888888888888888,0.0,0.0030864197530864196,x,y,z,0.41463058175497913
156,0.4444444444444444,-0.3888888888888888,0.0,0.0030864197530864196,x,z,x,-0.10247641886550392
156,0.4444444444444444,-0.3888888888888888,0.0,0.0030864197530864196,x,z,y,-0.5090639485694596
156,0.4444444444444444,-0.3888888888888888,0.0,0.0030864197530864196,x,z,z,0.01584074158208649
156,0.4444444444444444,-0.3888888888888888,0.0,0.0030864197530864196,y,x,x,0.05398356462239608
156,0.4444444444444444,-0.3888888888888888,0.0,0.0030864197530864196,y,x,y,0.13019487067802338
156,0.4444444444444444,-0.3888888888888888,0.0,0.0030864197530864196,y,x,z,-0.34775556324798684
156,0.4444444444444444,-0.3888888888888888,0.0,0.0030864197530864196,y,y,x,-0.5658420774721991
156,0.4444444444444444,-0.3888888888888888,0.0,0.0030864197530864196,y,y,y,0.26558906141021243
156,0.4444444444444444,-0.3888888888888888,0.0,0.0030864197530864196,y,y,z,0.023731283350527512
156,0.4444444444444444,-0.3888888888888888,0.0,0.0030864197530864196,y,z,x,0.7134073250801718
156,0.4444444444444444,-0.3888888888888888,0.0,0.0030864197530864196,y,z,y,0.15340517806261034
156,0.4444444444444444,-0.3888888888888888,0.0,0.0030864197530864196,y,z,z,-0.03955701318908684
156,0.4444444444444444,-0.3888888888888888,0.0,0.0030864197530864196,z,x,x,-0.14557303793586696
156,0.4444444444444444,-0.3888888888888888,0.0,0.0030864197530864196,z,x,y,0.7719792949934442
156,0.4444444444444444,-0.3888888888888888,0.0,0.0030864197530864196,z,x,z,-0.23697259806473284
156,0.4444444444444444,-0.3888888888888888,0.0,0.0030864197530864196,z,y,x,-0.5727261001248048
156,0.4444444444444444,-0.3888888888888888,0.0,0.0030864197530864196,z,y,y,0.16338008579722216
156,0.4444444444444444,-0.3888888888888888,0.0,0.0030864197530864196,z,y,z,0.2217014935724718
156,0.4444444444444444,-0.3888888888888888,0.0,0.0030864197530864196,z,z,x,0.04138979686731025
156,0.4444444444444444,-0.3888888888888888,0.0,0.0030864197530864196,z,z,y,0.043004096643583505
156,0.4444444444444444,-0.3888888888888888,0.0,0.0030864197530864196,z,z,z,-0.0024820914665021313
157,0.4444444444444444,-0.3333333333333334,0.0,0.0030864197530864196,x,x,x,0.024754609254046756
157,0.4444444444444444,-0.3333333333333334,0.0,0.0030864197530864196,x,x,y,0.30602008735228386
157,0.4444444444444444,-0.3333333333333334,0.0,0.0030864197530864196,x,x,z,-0.06631223296062108
157,0.4444444444444444,-0.3333333333333334,0.0,0.0030864197530864196,x,y,x,-0.2249541237590332
157,0.4444444444444444,-0.3333333333333334,0.0,0.0030864197530864196,x,y,y,-0.15811368718492766
157,0.4444444444444444,-0.3333333333333334,0.0,0.0030864197530864196,x,y,z,0.5414567243962943
157,0.4444444444444444,-0.3333333333333334,0.0,0.0030864197530864196,x,z,x,-0.03995959334378832
157,0.4444444444444444,-0.3333333333333334,0.0,0.0030864197530864196,x,z,y,-0.6598525657424871
157,0.4444444444444444,-0.3333333333333334,0.0,0.0030864197530864196,x,z,z,-0.004596170055572831
157,0.4444444444444444,-0.3333333333333334,0.0,0.0030864197530864196,y,x,x,0.017324243847421497
157,0.4444444444444444,-0.3333333333333334,0.0,0.0030864197530864196,y,x,y,0.01183950483366218
157,0.4444444444444444,-0.3333333333333334,0.0,0.0030864197530864196,y,x,z,-0.4330651245590921
157,0.4444444444444444,-0.3333333333333334,0.0,0.0030864197530864196,y,y,x,-0.43895313542224895
157,0.4444444444444444,-0.3333333333333334,0.0,0.0030864197530864196,y,y,y,0.1409933573897402
157,0.4444444444444444,-0.3333333333333334,0.0,0.0030864197530864196,y,y,z,0.018826171470338708
157,0.4444444444444444,-0.3333333333333334,0.0,0.0030864197530864196,y,z,x,0.8159812011240516
157,0.4444444444444444,-0.3333333333333334,0.0,0.0030864197530864196,y,z,y,0.08761533572118416
157,0.4444444444444444,-0.3333333333333334,0.0,0.0030864197530864196,y,z,z,-0.016375131251084214
157,0.4444444444444444,-0.3333333333333334,0.0,0.0030864197530864196,z,x,x,-0.07511215776066786
157,0.4444444444444444,-0.3333333333333334,0.0,0.0030864197530864196,z,x,y,0.877437601608366
157,0.4444444444444444,-0.3333333333333334,0.0,0.0030864197530864196,z,x,z,-0.3093050799817476
157,0.4444444444444444,-0.3333333333333334,0.0,0.0030864197530864196,z,y,x,-0.6822426888310494
157,0.4444444444444444,-0.3333333333333334,0.0,0.0030864197530864196,z,y,y,0.09612699295765598
157,0.4444444444444444,-0.3333333333333334,0.0,0.0030864197530864196,z,y,z,0.15786840395167323
157,0.4444444444444444,-0.3333333333333334,0.0,0.0030864197530864196,z,z,x,0.13505106678374354
157,0.4444444444444444,-0.3333333333333334,0.0,0.0030864197530864196,z,z,y,-0.009366507144476151
157,0.4444444444444444,-0.3333333333333334,0.0,0.0030864197530864196,z,z,z,-0.0008939508401332771
158,0.4444444444444444,-0.2777777777777778,0.0,0.0030864197530864196,x,x,x,0.03785565118775001
158,0.4444444444444444,-0.2777777777777778,0.0,0.0030864197530864196,x,x,y,2.5321645337610956e-07
158,0.4444444444444444,-0.2777777777777778,0.0,0.0030864197530864196,x,x,z,-9.65328775129478e-07
158,0.4444444444444444,-0.2777777777777778,0.0,0.0030864197530864196,x,y,x,-4.2268744727109553e-07
158,0.4444444444444444,-0.2777777777777778,0.0,0.0030864197530864196,x,y,y,-0.14248061568598128
158,0.4444444444444444,-0.2777777777777778,0.0,0.0030864197530864196,x,y,z,0.5909287246068888
158,0.4444444444444444,-0.2777777777777778,0.0,0.0030864197530864196,x,z,x,1.5408051472475546e-06
158,0.4444444444444444,-0.2777777777777778,0.0,0.0030864197530864196,x,z,y,-0.730815059044478
158,0.4444444444444444,-0.2777777777777778,0.0,0.0030864197530864196,x,z,z,-0.011875703342532802
158,0.4444444444444444,-0.2777777777777778,0.0,0.0030864197530864196,y,x,x,3.7430171392877727e-07
158,0.4444444444444444,-0.2777777777777778,0.0,0.0030864197530864196,y,x,y,-0.03931919142238591
158,0.4444444444444444,-0.2777777777777778,0.0,0.0030864197530864196,y,x,z,-0.4598663568060122
158,0.4444444444444444,-0.2777777777777778,0.0,0.0030864197530864196,y,y,x,-0.3993810492088848
158,0.4444444444444444,-0.2777777777777778,0.0,0.0030864197530864196,y,y,y,-6.432794372958806e-07
158,0.4444444444444444,-0.2777777777777778,0.0,0.0030864197530864196,y,y,z,5.613441319126061e-07
158,0.4444444444444444,-0.2777777777777778,0.0,0.0030864197530864196,y,z,x,0.8563958163039607
158,0.4444444444444444,-0.2777777777777778,0.0,0.0030864197530864196,y,z,y,-1.3036546744246003e-06
158,0.4444444444444444,-0.2777777777777778,0.0,0.0030864197530864196,y,z,z,8.781283282631642e-08
158,0.4444444444444444,-0.2777777777777778,0.0,0.0030864197530864196,z,x,x,8.275634046252646e-08
158,0.4444444444444444,-0.2777777777777778,0.0,0.0030864197530864196,z,x,y,0.9429965128378517
158,0.4444444444444444,-0.2777777777777778,0.0,0.0030864197530864196,z,x,z,-0.32258499621105674
158,0.4444444444444444,-0.2777777777777778,0.0,0.0030864197530864196,z,y,x,-0.7410415242342884
158,0.4444444444444444,-0.2777777777777778,0.0,0.0030864197530864196,z,y,y,-1.701538101574749e-07
158,0.4444444444444444,-0.2777777777777778,0.0,0.0030864197530864196,z,y,z,-4.659318482522917e-07
158,0.4444444444444444,-0.2777777777777778,0.0,0.0030864197530864196,z,z,x,0.1631802472370817
158,0.4444444444444444,-0.2777777777777778,0.0,0.0030864197530864196,z,z,y,-3.4675076971402616e-07
158,0.4444444444444444,-0.2777777777777778,0.0,0.0030864197530864196,z,z,z,4.630982752593213e-08
159,0.4444444444444444,-0.2222222222222222,0.0,0.0030864197530864196,x,x,x,0.02475460208717281
159,0.4444444444444444,-0.2222222222222222,0.0,0.0030864197530864196,x,x,y,-0.3060189802827592
159,0.4444444444444444,-0.2222222222222222,0.0,0.0030864197530864196,x,x,z,0.06631022292402705
159,0.4444444444444444,-0.2222222222222222,0.0,0.0030864197530864196,x,y,x,0.22495286580080015
159,0.4444444444444444,-0.2222222222222222,0.0,0.0030864197530864196,x,y,y,-0.15811382912724675
159,0.4444444444444444,-0.2222222222222222,0.0,0.0030864197530864196,x,y,z,0.5414559747693594
159,0.4444444444444444,-0.2222222222222222,0.0,0.0030864197530864196,x,z,x,0.039962500434640544
159,0.4444444444444444,-0.2222222222222222,0.0,0.0030864197530864196,x,z,y,-0.6598515929887834
159,0.4444444444444444,-0.2222222222222222,0.0,0.0030864197530864196,x,z,z,-0.004596010802506942
159,0.4444444444444444,-0.2222222222222222,0.0,0.0030864197530864196,y,x,x,-0.017323501715380822
159,0.4444444444444444,-0.2222222222222222,0.0,0.0030864197530864196,y,x,y,0.011840517241354816
159,0.4444444444444444,-0.2222222222222222,0.0,0.0030864197530864196,y,x,z,-0.4330649050844941
159,0.4444444444444444,-0.2222222222222222,0.0,0.0030864197530864196,y,y,x,-0.4389528554993136
159,0.4444444444444444,-0.2222222222222222,0.0,0.0030864197530864196,y,y,y,-0.14099429437460775
159,0.4444444444444444,-0.2222222222222222,0.0,0.0030864197530864196,y,y,z,-0.01882514081532568
159,0.4444444444444444,-0.2222222222222222,0.0,0.0030864197530864196,y,z,x,0.8159803803529198
159,0.4444444444444444,-0.2222222222222222,0.0,0.0030864197530864196,y,z,y,-0.08761748795295402
159,0.4444444444444444,-0.2222222222222222,0.0,0.0030864197530864196,y,z,z,0.01637530147129653
159,0.4444444444444444,-0.2222222222222222,0.0,0.0030864197530864196,z,x,x,0.07511225838702737
159,0.4444444444444444,-0.2222222222222222,0.0,0.0030864197530864196,z,x,y,0.8774355422579894
159,0.4444444444444444,-0.2222222222222222,0.0,0.0030864197530864196,z,x,z,-0.30930498667670503
159,0.4444444444444444,-0.2222222222222222,0.0,0.0030864197530864196,z,y,x,-0.6822411120379782
159,0.4444444444444444,-0.2222222222222222,0.0,0.0030864197530864196,z,y,y,-0.09612711598853932
159,0.4444444444444444,-0.2222222222222222,0.0,0.0030864197530864196,z,y,z,-0.15786890071993656
159,0.4444444444444444,-0.2222222222222222,0.0,0.0030864197530864196,z,z,x,0.13505127919101448
159,0.4444444444444444,-0.2222222222222222,0.0,0.0030864197530864196,z,z,y,0.00936569063055163
159,0.4444444444444444,-0.2222222222222222,0.0,0.0030864197530864196,z,z,z,0.000893999116225662
160,0.4444444444444444,-0.1666666666666666,0.0,0.0030864197530864196,x,x,x,0.004118429673817341
160,0.4444444444444444,-0.1666666666666666,0.0,0.0030864197530864196,x,x,y,-0.6189684032580088
160,0.4444444444444444,-0.1666666666666666,0.0,0.0030864197530864196,x,x,z,0.07940089868551833
160,0.4444444444444444,-0.1666666666666666,0.0,0.0030864197530864196,x,y,x,0.4663793791052663
160,0.4444444444444444,-0.1666666666666666,0.0,0.0030864197530864196,x,y,y,-0.20532761711687203
160,0.4444444444444444,-0.1666666666666666,0.0,0.0030864197530864196,x,y,z,0.41462996087432924
160,0.4444444444444444,-0.1666666666666666,0.0,0.0030864197530864196,x,z,x,0.10247872657978513
160,0.4444444444444444,-0.1666666666666666,0.0,0.0030864197530864196,x,z,y,-0.5090630165752202
160,0.4444444444444444,-0.1666666666666666,0.0,0.0030864197530864196,x,z,z,0.015840952406571598
160,0.4444444444444444,-0.1666666666666666,0.0,0.0030864197530864196,y,x,x,-0.0539827059574126
160,0.4444444444444444,-0.1666666666666666,0.0,0.0030864197530864196,y,x,y,0.1301965798054328
160,0.4444444444444444,-0.1666666666666666,0.0,0.0030864197530864196,y,x,z,-0.3477555002040624
160,0.4444444444444444,-0.1666666666666666,0.0,0.0030864197530864196,y,y,x,-0.5658416998375181
160,0.4444444444444444,-0.1666666666666666,0.0,0.0030864197530864196,y,y,y,-0.2655892929024082
160,0.4444444444444444,-0.1666666666666666,0.0,0.0030864197530864196,y,y,z,-0.023730479531004236
160,0.4444444444444444,-0.1666666666666666,0.0,0.0030864197530864196,y,z,x,0.7134062948119828
160,0.4444444444444444,-0.1666666666666666,0.0,0.0030864197530864196,y,z,y,-0.15340643914109856
160,0.4444444444444444,-0.1666666666666666,0.0,0.0030864197530864196,y,z,z,0.03955711883171981
160,0.4444444444444444,-0.1666666666666666,0.0,0.0030864197530864196,z,x,x,0.14557293341543623
160,0.4444444444444444,-0.1666666666666666,0.0,0.0030864197530864196,z,x,y,0.7719762990656353
160,0.4444444444444444,-0.1666666666666666,0.0,0.0030864197530864196,z,x,z,-0.23697260820279054
160,0.4444444444444444,-0.1666666666666666,0.0,0.0030864197530864196,z,y,x,-0.5727237438332954
160,0.4444444444444444,-0.1666666666666666,0.0,0.0030864197530864196,z,y,y,-0.1633800234650446
160,0.4444444444444444,-0.1666666666666666,0.0,0.0030864197530864196,z,y,z,-0.22170108534737837
160,0.4444444444444444,-0.1666666666666666,0.0,0.0030864197530864196,z,z,x,0.04139031672024019
160,0.4444444444444444,-0.1666666666666666,0.0,0.0030864197530864196,z,z,y,-0.0430052932169302
160,0.4444444444444444,-0.1666666666666666,0.0,0.0030864197530864196,z,z,z,0.002482069072360686
161,0.4444444444444444,-0.1111111111111112,0.0,0.0030864197530864196,x,x,x,-0.0020875916020398214
161,0.4444444444444444,-0.1111111111111112,0.0,0.0030864197530864196,x,x,y,-1.1034125215697417
161,0.4444444444444444,-0.1111111111111112,0.0,0.0030864197530864196,x,x,z,-0.014939472593100932
161,0.4444444444444444,-0.1111111111111112,0.0,0.0030864197530864196,x,y,x,0.8763588613760862
161,0.4444444444444444,-0.1111111111111112,0.0,0.0030864197530864196,x,y,y,-0.3048188747587849
161,0.4444444444444444,-0.1111111111111112,0.0,0.0030864197530864196,x,y,z,0.21294510719043422
161,0.4444444444444444,-0.1111111111111112,0.0,0.0030864197530864196,x,z,x,0.23288319624441473
161,0.4444444444444444,-0.1111111111111112,0.0,0.0030864197530864196,x,z,y,-0.3129898082376897
161,0.4444444444444444,-0.1111111111111112,0.0,0.0030864197530864196,x,z,z,0.04831053856966652
161,0.4444444444444444,-0.1111111111111112,0.0,0.0030864197530864196,y,x,x,-0.15226576379522513
161,0.4444444444444444,-0.1111111111111112,0.0,0.0030864197530864196,y,x,y,0.28905708587986073
161,0.4444444444444444,-0.1111111111111112,0.0,0.0030864197530864196,y,x,z,-0.23020483758589566
161,0.4444444444444444,-0.1111111111111112,0.0,0.0030864197530864196,y,y,x,-0.8539630863311295
161,0.4444444444444444,-0.1111111111111112,0.0,0.0030864197530864196,y,y,y,-0.3793079324354322
161,0.4444444444444444,-0.1111111111111112,0.0,0.0030864197530864196,y,y,z,0.014936025650055966
161,0.4444444444444444,-0.1111111111111112,0.0,0.0030864197530864196,y,z,x,0.5819084904706143
161,0.4444444444444444,-0.1111111111111112,0.0,0.0030864197530864196,y,z,y,-0.23287480580639816
161,0.4444444444444444,-0.1111111111111112,0.0,0.0030864197530864196,y,z,z,0.0836721812411751
161,0.4444444444444444,-0.1111111111111112,0.0,0.0030864197530864196,z,x,x,0.23300521618878017
161,0.4444444444444444,-0.1111111111111112,0.0,0.0030864197530864196,z,x,y,0.8334908018309095
161,0.4444444444444444,-0.1111111111111112,0.0,0.0030864197530864196,z,x,z,-0.03980359633607266
161,0.4444444444444444,-0.1111111111111112,0.0,0.0030864197530864196,z,y,x,-0.5644452936294398
161,0.4444444444444444,-0.1111111111111112,0.0,0.0030864197530864196,z,y,y,-0.23300030797667684
161,0.4444444444444444,-0.1111111111111112,0.0,0.0030864197530864196,z,y,z,-0.06895242643002249
161,0.4444444444444444,-0.1111111111111112,0.0,0.0030864197530864196,z,z,x,-0.17001780340465816
161,0.4444444444444444,-0.1111111111111112,0.0,0.0030864197530864196,z,z,y,-0.2944659554677338
161,0.4444444444444444,-0.1111111111111112,0.0,0.0030864197530864196,z,z,z,4.0060611500079125e-06
162,0.4444444444444444,-0.0555555555555556,0.0,0.0030864197530864196,x,x,x,0.03660109572586353
162,0.4444444444444444,-0.0555555555555556,0.0,0.0030864197530864196,x,x,y,-1.9755121005605847
162,0.4444444444444444,-0.0555555555555556,0.0,0.0030864197530864196,x,x,z,-0.2366419749962688
162,0.4444444444444444,-0.0555555555555556,0.0,0.0030864197530864196,x,y,x,1.6581885480974667
162,0.4444444444444444,-0.0555555555555556,0.0,0.0030864197530864196,x,y,y,-0.5202567842098745
162,0.4444444444444444,-0.0555555555555556,0.0,0.0030864197530864196,x,y,z,-0.12682971934834453
162,0.4444444444444444,-0.0555555555555556,0.0,0.0030864197530864196,x,z,x,0.43625601657656216
162,0.4444444444444444,-0.0555555555555556,0.0,0.0030864197530864196,x,z,y,-0.026186194205993562
162,0.4444444444444444,-0.0555555555555556,0.0,0.0030864197530864196,x,z,z,0.08254303978178588
162,0.4444444444444444,-0.0555555555555556,0.0,0.0030864197530864196,y,x,x,-0.34227843975905203
162,0.4444444444444444,-0.0555555555555556,0.0,0.0030864197530864196,y,x,y,0.52654786545896
162,0.4444444444444444,-0.0555555555555556,0.0,0.0030864197530864196,y,x,z,-0.08633787218173046
162,0.4444444444444444,-0.0555555555555556,0.0,0.0030864197530864196,y,y,x,-1.4736046900409372
162,0.4444444444444444,-0.0555555555555556,0.0,0.0030864197530864196,y,y,y,-0.5211574275810487
162,0.4444444444444444,-0.0555555555555556,0.0,0.0030864197530864196,y,y,z,0.154573878642767
162,0.4444444444444444,-0.0555555555555556,0.0,0.0030864197530864196,y,z,x,0.4341183581268083
162,0.4444444444444444,-0.0555555555555556,0.0,0.0030864197530864196,y,z,y,-0.36899960656466063
162,0.4444444444444444,-0.0555555555555556,0.0,0.0030864197530864196,y,z,z,0.14191661911699924
162,0.4444444444444444,-0.0555555555555556,0.0,0.0030864197530864196,z,x,x,0.3798179490657861
162,0.4444444444444444,-0.0555555555555556,0.0,0.0030864197530864196,z,x,y,1.2345506110144777
162,0.4444444444444444,-0.0555555555555556,0.0,0.0030864197530864196,z,x,z,0.34410477848570786
162,0.4444444444444444,-0.0555555555555556,0.0,0.0030864197530864196,z,y,x,-0.7905841734506763
162,0.4444444444444444,-0.0555555555555556,0.0,0.0030864197530864196,z,y,y,-0.3490696973145711
162,0.4444444444444444,-0.0555555555555556,0.0,0.0030864197530864196,z,y,z,0.47080501453497287
162,0.4444444444444444,-0.0555555555555556,0.0,0.0030864197530864196,z,z,x,-0.5609577947280019
162,0.4444444444444444,-0.0555555555555556,0.0,0.0030864197530864196,z,z,y,-0.9024745964008949
162,0.4444444444444444,-0.0555555555555556,0.0,0.0030864197530864196,z,z,z,0.0012234539936516234
163,0.5,0.0,0.0,0.0030864197530864196,x,x,x,0.08558985005592142
163,0.5,0.0,0.0,0.0030864197530864196,x,x,y,-2.7003343122815466
163,0.5,0.0,0.0,0.0030864197530864196,x,x,z,-0.342446153229869
163,0.5,0.0,0.0,0.0030864197530864196,x,y,x,2.4266699972108383
163,0.5,0.0,0.0,0.0030864197530864196,x,y,y,-0.6742435350640184
163,0.5,0.0,0.0,0.0030864197530864196,x,y,z,-0.38937865839823776
163,0.5,0.0,0.0,0.0030864197530864196,x,z,x,0.5083047436268657
163,0.5,0.0,0.0,0.0030864197530864196,x,z,y,0.22938375117796073
163,0.5,0.0,0.0,0.0030864197530864196,x,z,z,0.10177103763010613
163,0.5,0.0,0.0,0.0030864197530864196,y,x,x,-0.37296977036031037
163,0.5,0.0,0.0,0.0030864197530864196,y,x,y,0.9421251351621416
163,0.5,0.0,0.0,0.0030864197530864196,y,x,z,-0.00607046796037107
163,0.5,0.0,0.0,0.0030864197530864196,y,y,x,-2.01793152934136
163,0.5,0.0,0.0,0.0030864197530864196,y,y,y,-0.6465777774947793
163,0.5,0.0,0.0,0.0030864197530864196,y,y,z,0.34237789449974765
163,0.5,0.0,0.0,0.0030864197530864196,y,z,x,0.3575909454334509
163,0.5,0.0,0.0,0.0030864197530864196,y,z,y,-0.5082406845986536
163,0.5,0.0,0.0,0.0030864197530864196,y,z,z,0.176251005228128
163,0.5,0.0,0.0,0.0030864197530864196,z,x,x,0.44138721136586173
163,0.5,0.0,0.0,0.0030864197530864196,z,x,y,1.6774005204653761
163,0.5,0.0,0.0,0.0030864197530864196,z,x,z,0.578367446198676
163,0.5,0.0,0.0,0.0030864197530864196,z,y,x,-1.167750484303785
163,0.5,0.0,0.0,0.0030864197530864196,z,y,y,-0.44138590193881944
163,0.5,0.0,0.0,0.0030864197530864196,z,y,z,1.0017433079444071
163,0.5,0.0,0.0,0.0030864197530864196,z,z,x,-0.807646663934584
163,0.5,0.0,0.0,0.0030864197530864196,z,z,y,-1.3988482668716073
163,0.5,0.0,0.0,0.0030864197530864196,z,z,z,1.588819447077196e-05
164,0.5,0.0555555555555556,0.0,0.0030864197530864196,x,x,x,0.06435046934077283
164,0.5,0.0555555555555556,0.0,0.0030864197530864196,x,x,y,-1.8864189989267988
164,0.5,0.0555555555555556,0.0,0.0030864197530864196,x,x,z,-0.14909730294423115
164,0.5,0.0555555555555556,0.0,0.0030864197530864196,x,y,x,1.6625990869292924
164,0.5,0.0555555555555556,0.0,0.0030864197530864196,x,y,y,-0.5702909995426301
164,0.5,0.0555555555555556,0.0,0.0030864197530864196,x,y,z,-0.13640118315953428
164,0.5,0.0555555555555556,0.0,0.0030864197530864196,x,z,x,0.34434702308340515
164,0.5,0.0555555555555556,0.0,0.0030864197530864196,x,z,y,0.01659484262778329
164,0.5,0.0555555555555556,0.0,0.0030864197530864196,x,z,z,0.08164125242536856
164,0.5,0.0555555555555556,0.0,0.0030864197530864196,y,x,x,-0.24418047591805261
164,0.5,0.0555555555555556,0.0,0.0030864197530864196,y,x,y,0.638754687006177
164,0.5,0.0555555555555556,0.0,0.0030864197530864196,y,x,z,-0.09588001658957658
164,0.5,0.0555555555555556,0.0,0.0030864197530864196,y,y,x,-1.5080254631806724
164,0.5,0.0555555555555556,0.0,0.0030864197530864196,y,y,y,-0.6063818114995392
164,0.5,0.0555555555555556,0.0,0.0030864197530864196,y,y,z,0.23110713220101511
164,0.5,0.0555555555555556,0.0,0.0030864197530864196,y,z,x,0.4768769587997319
164,0.5,0.0555555555555556,0.0,0.0030864197530864196,y,z,y,-0.41154053703140614
164,0.5,0.0555555555555556,0.0,0.0030864197530864196,y,z,z,0.14243496929444552
164,0.5,0.0555555555555556,0.0,0.0030864197530864196,z,x,x,0.3591011123278087
164,0.5,0.0555555555555556,0.0,0.0030864197530864196,z,x,y,1.2171796571760736
164,0.5,0.0555555555555556,0.0,0.0030864197530864196,z,x,z,0.23569495627028547
164,0.5,0.0555555555555556,0.0,0.0030864197530864196,z,y,x,-0.8079398853910591
164,0.5,0.0555555555555556,0.0,0.0030864197530864196,z,y,y,-0.3898402218726652
164,0.5,0.0555555555555556,0.0,0.0030864197530864196,z,y,z,0.5334094733448819
164,0.5,0.0555555555555556,0.0,0.0030864197530864196,z,z,x,-0.5011162735849496
164,0.5,0.0555555555555556,0.0,0.0030864197530864196,z,z,y,-0.9370450315341782
164,0.5,0.0555555555555556,0.0,0.0030864197530864196,z,z,z,-0.001204533723156756
165,0.5,0.1111111111111111,0.0,0.0030864197530864196,x,x,x,-0.0010168412750801836
165,0.5,0.1111111111111111,0.0,0.0030864197530864196,x,x,y,-0.9852930763000246
165,0.5,0.1111111111111111,0.0,0.0030864197530864196,x,x,z,0.06550337912376734
165,0.5,0.1111111111111111,0.0,0.0030864197530864196,x,y,x,0.8196539896554863
165,0.5,0.1111111111111111,0.0,0.0030864197530864196,x,y,y,-0.3357134730147426
165,0.5,0.1111111111111111,0.0,0.0030864197530864196,x,y,z,0.22472067975798124
165,0.5,0.1111111111111111,0.0,0.0030864197530864196,x,z,x,0.1522957993758739
165,0.5,0.1111111111111111,0.0,0.0030864197530864196,x,z,y,-0.2640207875176173
165,0.5,0.1111111111111111,0.0,0.0030864197530864196,x,z,z,0.04024067790251533
165,0.5,0.1111111111111111,0.0,0.0030864197530864196,y,x,x,-0.05915639762717626
165,0.5,0.1111111111111111,0.0,0.0030864197530864196,y,x,y,0.3518850236488901
165,0.5,0.1111111111111111,0.0,0.0030864197530864196,y,x,z,-0.25559234622387506
165,0.5,0.1111111111111111,0.0,0.0030864197530864196,y,y,x,-0.8986478763247835
165,0.5,0.1111111111111111,0.0,0.0030864197530864196,y,y,y,-0.4448120841796396
165,0.5,0.1111111111111111,0.0,0.0030864197530864196,y,y,z,0.0940502263911824
165,0.5,0.1111111111111111,0.0,0.0030864197530864196,y,z,x,0.6597182076527368
165,0.5,0.1111111111111111,0.0,0.0030864197530864196,y,z,y,-0.29492558632742655
165,0.5,0.1111111111111111,0.0,0.0030864197530864196,y,z,z,0.07721922801538782
165,0.5,0.1111111111111111,0.0,0.0030864197530864196,z,x,x,0.20520318619749828
165,0.5,0.1111111111111111,0.0,0.0030864197530864196,z,x,y,0.7626584979569813
165,0.5,0.1111111111111111,0.0,0.0030864197530864196,z,x,z,-0.1852261116079677
165,0.5,0.1111111111111111,0.0,0.0030864197530864196,z,y,x,-0.4983290358001784
165,0.5,0.1111111111111111,0.0,0.0030864197530864196,z,y,y,-0.27747682034747245
165,0.5,0.1111111111111111,0.0,0.0030864197530864196,z,y,z,0.036309792132080056
165,0.5,0.1111111111111111,0.0,0.0030864197530864196,z,z,x,-0.08426245432864048
165,0.5,0.1111111111111111,0.0,0.0030864197530864196,z,z,y,-0.3517359981781534
165,0.5,0.1111111111111111,0.0,0.0030864197530864196,z,z,z,0.002515728882194695
166,0.5,0.1666666666666667,0.0,0.0030864197530864196,x,x,x,-0.02080335475961758
166,0.5,0.1666666666666667,0.0,0.0030864197530864196,x,x,y,-0.49997053488492305
166,0.5,0.1666666666666667,0.0,0.0030864197530864196,x,x,z,0.12187530076090763
166,0.5,0.1666666666666667,0.0,0.0030864197530864196,x,y,x,0.41051324121169647
166,0.5,0.1666666666666667,0.0,0.0030864197530864196,x,y,y,-0.21124881282192207
166,0.5,0.1666666666666667,0.0,0.0030864197530864196,x,y,z,0.4982873682262058
166,0.5,0.1666666666666667,0.0,0.0030864197530864196,x,z,x,0.04790620697134544
166,0.5,0.1666666666666667,0.0,0.0030864197530864196,x,z,y,-0.4941742345281261
166,0.5,0.1666666666666667,0.0,0.0030864197530864196,x,z,z,-0.006931294199909223
166,0.5,0.1666666666666667,0.0,0.0030864197530864196,y,x,x,0.010203268918790042
166,0.5,0.1666666666666667,0.0,0.0030864197530864196,y,x,y,0.18108204285196752
166,0.5,0.1666666666666667,0.0,0.0030864197530864196,y,x,z,-0.3913535421756775
166,0.5,0.1666666666666667,0.0,0.0030864197530864196,y,y,x,-0.631536183264157
166,0.5,0.1666666666666667,0.0,0.0030864197530864196,y,y,y,-0.2663878736930809
166,0.5,0.1666666666666667,0.0,0.0030864197530864196,y,y,z,0.028841461008170123
166,0.5,0.1666666666666667,0.0,0.0030864197530864196,y,z,x,0.8049645383847248
166,0.5,0.1666666666666667,0.0,0.0030864197530864196,y,z,y,-0.18823179022831635
166,0.5,0.1666666666666667,0.0,0.0030864197530864196,y,z,z,0.02890805100038582
166,0.5,0.1666666666666667,0.0,0.0030864197530864196,z,x,x,0.11424178724860369
166,0.5,0.1666666666666667,0.0,0.0030864197530864196,z,x,y,0.7362423335000148
166,0.5,0.1666666666666667,0.0,0.0030864197530864196,z,x,z,-0.3886458139704781
166,0.5,0.1666666666666667,0.0,0.0030864197530864196,z,y,x,-0.492828080006064
166,0.5,0.1666666666666667,0.0,0.0030864197530864196,z,y,y,-0.18594543984757486
166,0.5,0.1666666666666667,0.0,0.0030864197530864196,z,y,z,-0.10638833320012629
166,0.5,0.1666666666666667,0.0,0.0030864197530864196,z,z,x,0.14200374638511343
166,0.5,0.1666666666666667,0.0,0.0030864197530864196,z,z,y,-0.10108645563157558
166,0.5,0.1666666666666667,0.0,0.0030864197530864196,z,z,z,0.005548684260478387
167,0.5,0.2222222222222222,0.0,0.0030864197530864196,x,x,x,-0.02589177743145297
167,0.5,0.2222222222222222,0.0,0.0030864197530864196,x,x,y,-0.1662924671541321
167,0.5,0.2222222222222222,0.0,0.0030864197530864196,x,x,z,0.05205258483270408
167,0.5,0.2222222222222222,0.0,0.0030864197530864196,x,y,x,0.13461190646190577
167,0.5,0.2222222222222222,0.0,0.0030864197530864196,x,y,y,-0.1279628768912759
167,0.5,0.2222222222222222,0.0,0.0030864197530864196,x,y,z,0.6445578224948539
167,0.5,0.2222222222222222,0.0,0.0030864197530864196,x,z,x,0.009444909011136485
167,0.5,0.2222222222222222,0.0,0.0030864197530864196,x,z,y,-0.6609204403320205
167,0.5,0.2222222222222222,0.0,0.0030864197530864196,x,z,z,-0.020138230961249632
167,0.5,0.2222222222222222,0.0,0.0030864197530864196,y,x,x,0.005479618177429632
167,0.5,0.2222222222222222,0.0,0.0030864197530864196,y,x,y,0.04698095482471166
167,0.5,0.2222222222222222,0.0,0.0030864197530864196,y,x,z,-0.477379886603676
167,0.5,0.2222222222222222,0.0,0.0030864197530864196,y,y,x,-0.5085825011067258
167,0.5,0.2222222222222222,0.0,0.0030864197530864196,y,y,y,-0.08508244047277297
167,0.5,0.2222222222222222,0.0,0.0030864197530864196,y,y,z,0.005491066683788792
167,0.5,0.2222222222222222,0.0,0.0030864197530864196,y,z,x,0.8826847185963511
167,0.5,0.2222222222222222,0.0,0.0030864197530864196,y,z,y,-0.07107757569371163
167,0.5,0.2222222222222222,0.0,0.0030864197530864196,y,z,z,0.0071456638410755426
167,0.5,0.2222222222222222,0.0,0.0030864197530864196,z,x,x,0.03668455936834604
167,0.5,0.2222222222222222,0.0,0.0030864197530864196,z,x,y,0.8062688322154207
167,0.5,0.2222222222222222,0.0,0.0030864197530864196,z,x,z,-0.45079858611839013
167,0.5,0.2222222222222222,0.0,0.0030864197530864196,z,y,x,-0.5454404755783884
167,0.5,0.2222222222222222,0.0,0.0030864197530864196,z,y,y,-0.0725861378258863
167,0.5,0.2222222222222222,0.0,0.0030864197530864196,z,y,z,-0.051635922637837034
167,0.5,0.2222222222222222,0.0,0.0030864197530864196,z,z,x,0.221705716863686
167,0.5,0.2222222222222222,0.0,0.0030864197530864196,z,z,y,-0.025890340265693073
167,0.5,0.2222222222222222,0.0,0.0030864197530864196,z,z,z,0.0001406182428829825
168,0.5,0.2777777777777778,0.0,0.0030864197530864196,x,x,x,-0.02589186080644626
168,0.5,0.2777777777777778,0.0,0.0030864197530864196,x,x,y,0.16629422540696057
168,0.5,0.2777777777777778,0.0,0.0030864197530864196,x,x,z,-0.05205520940112705
168,0.5,0.2777777777777778,0.0,0.0030864197530864196,x,y,x,-0.13461360246317997
168,0.5,0.2777777777777778,0.0,0.0030864197530864196,x,y,y,-0.12796256440033607
168,0.5,0.2777777777777778,0.0,0.0030864197530864196,x,y,z,0.6445582093037552
168,0.5,0.2777777777777778,0.0,0.0030864197530864196,x,z,x,-0.009441276935185513
168,0.5,0.2777777777777778,0.0,0.0030864197530864196,x,z,y,-0.6609207724991364
168,0.5,0.2777777777777778,0.0,0.0030864197530864196,x,z,z,-0.02013828416368414
168,0.5,0.2777777777777778,0.0,0.0030864197530864196,y,x,x,-0.005478413762828979
168,0.5,0.2777777777777778,0.0,0.0030864197530864196,y,x,y,0.04698041481771628
168,0.5,0.2777777777777778,0.0,0.0030864197530864196,y,x,z,-0.4773800033968103
168,0.5,0.2777777777777778,0.0,0.0030864197530864196,y,y,x,-0.5085826804821189
168,0.5,0.2777777777777778,0.0,0.0030864197530864196,y,y,y,0.08508129584223577
168,0.5,0.2777777777777778,0.0,0.0030864197530864196,y,y,z,-0.005489876723880029
168,0.5,0.2777777777777778,0.0,0.0030864197530864196,y,z,x,0.882685086199607
168,0.5,0.2777777777777778,0.0,0.0030864197530864196,y,z,y,0.07107476367652511
168,0.5,0.2777777777777778,0.0,0.0030864197530864196,y,z,z,-0.007145484620263197
168,0.5,0.2777777777777778,0.0,0.0030864197530864196,z,x,x,-0.03668436791218364
168,0.5,0.2777777777777778,0.0,0.0030864197530864196,z,x,y,0.8062696499539138
168,0.5,0.2777777777777778,0.0,0.0030864197530864196,z,x,z,-0.45079880857300236
168,0.5,0.2777777777777778,0.0,0.0030864197530864196,z,y,x,-0.545440969396942
168,0.5,0.2777777777777778,0.0,0.0030864197530864196,z,y,y,0.07258580624349671
168,0.5,0.2777777777777778,0.0,0.0030864197530864196,z,y,z,0.05163520392602116
168,0.5,0.2777777777777778,0.0,0.0030864197530864196,z,z,x,0.22170566763870977
168,0.5,0.2777777777777778,0.0,0.0030864197530864196,z,z,y,0.025889690153623066
168,0.5,0.2777777777777778,0.0,0.0030864197530864196,z,z,z,-0.0001405648047665066
169,0.5,0.3333333333333333,0.0,0.0030864197530864196,x,x,x,-0.020803659727418225
169,0.5,0.3333333333333333,0.0,0.0030864197530864196,x,x,y,0.49997320755498736
169,0.5,0.3333333333333333,0.0,0.0030864197530864196,x,x,z,-0.12187792392625482
169,0.5,0.3333333333333333,0.0,0.0030864197530864196,x,y,x,-0.41051569860718395
169,0.5,0.3333333333333333,0.0,0.0030864197530864196,x,y,y,-0.21124827817215022
169,0.5,0.3333333333333333,0.0,0.0030864197530864196,x,y,z,0.4982878571326365
169,0.5,0.3333333333333333,0.0,0.0030864197530864196,x,z,x,-0.04790296844204401
169,0.5,0.3333333333333333,0.0,0.0030864197530864196,x,z,y,-0.4941746725316803
169,0.5,0.3333333333333333,0.0,0.0030864197530864196,x,z,z,-0.006931442005192314
169,0.5,0.3333333333333333,0.0,0.0030864197530864196,y,x,x,-0.0102021279076951
169,0.5,0.3333333333333333,0.0,0.0030864197530864196,y,x,y,0.1810806256920192
169,0.5,0.3333333333333333,0.0,0.0030864197530864196,y,x,z,-0.3913537259358468
169,0.5,0.3333333333333333,0.0,0.0030864197530864196,y,y,x,-0.6315366893703931
169,0.5,0.3333333333333333,0.0,0.0030864197530864196,y,y,y,0.2663872477663272
169,0.5,0.3333333333333333,0.0,0.0030864197530864196,y,y,z,-0.028840589061403524
169,0.5,0.3333333333333333,0.0,0.0030864197530864196,y,z,x,0.8049654698979731
169,0.5,0.3333333333333333,0.0,0.0030864197530864196,y,z,y,0.18823000001612097
169,0.5,0.3333333333333333,0.0,0.0030864197530864196,y,z,z,-0.028907929611944796
169,0.5,0.3333333333333333,0.0,0.0030864197530864196,z,x,x,-0.11424166755543322
169,0.5,0.3333333333333333,0.0,0.0030864197530864196,z,x,y,0.7362444845929691
169,0.5,0.3333333333333333,0.0,0.0030864197530864196,z,x,z,-0.3886462249051128
169,0.5,0.3333333333333333,0.0,0.0030864197530864196,z,y,x,-0.49282942487734555
169,0.5,0.3333333333333333,0.0,0.0030864197530864196,z,y,y,0.1859454022675066
169,0.5,0.3333333333333333,0.0,0.0030864197530864196,z,y,z,0.10638813347089934
169,0.5,0.3333333333333333,0.0,0.0030864197530864196,z,z,x,0.14200346769316843
169,0.5,0.3333333333333333,0.0,0.0030864197530864196,z,z,y,0.10108559965322104
169,0.5,0.3333333333333333,0.0,0.0030864197530864196,z,z,z,-0.005548775430485604
170,0.5,0.3888888888888889,0.0,0.0030864197530864196,x,x,x,-0.0010172283421913159
170,0.5,0.3888888888888889,0.0,0.0030864197530864196,x,x,y,0.9852979886938972
170,0.5,0.3888888888888889,0.0,0.0030864197530864196,x,x,z,-0.06550521615049003
170,0.5,0.3888888888888889,0.0,0.0030864197530864196,x,y,x,-0.819658267254332
170,0.5,0.3888888888888889,0.0,0.0030864197530864196,x,y,y,-0.3357132641027899
170,0.5,0.3888888888888889,0.0,0.0030864197530864196,x,y,z,0.2247197131061917
170,0.5,0.3888888888888889,0.0,0.0030864197530864196,x,z,x,-0.15229357885528697
170,0.5,0.3888888888888889,0.0,0.0030864197530864196,x,z,y,-0.2640199142947351
170,0.5,0.3888888888888889,0.0,0.0030864197530864196,x,z,z,0.04024039493358406
170,0.5,0.3888888888888889,0.0,0.0030864197530864196,y,x,x,0.05915783425915809
170,0.5,0.3888888888888889,0.0,0.0030864197530864196,y,x,y,0.35188299177412763
170,0.5,0.3888888888888889,0.0,0.0030864197530864196,y,x,z,-0.25559209344049777
170,0.5,0.3888888888888889,0.0,0.0030864197530864196,y,y,x,-0.8986489407297231
170,0.5,0.3888888888888889,0.0,0.0030864197530864196,y,y,y,0.4448124670003828
170,0.5,0.3888888888888889,0.0,0.0030864197530864196,y,y,z,-0.0940499064085295
170,0.5,0.3888888888888889,0.0,0.0030864197530864196,y,z,x,0.6597190629630963
170,0.5,0.3888888888888889,0.0,0.0030864197530864196,y,z,y,0.2949249759437587
170,0.5,0.3888888888888889,0.0,0.0030864197530864196,y,z,z,-0.07721907595837732
170,0.5,0.3888888888888889,0.0,0.0030864197530864196,z,x,x,-0.20520362275034196
170,0.5,0.3888888888888889,0.0,0.0030864197530864196,z,x,y,0.7626621469102494
170,0.5,0.3888888888888889,0.0,0.0030864197530864196,z,x,z,-0.18522624231854642
170,0.5,0.3888888888888889,0.0,0.0030864197530864196,z,y,x,-0.4983314960235789
170,0.5,0.3888888888888889,0.0,0.0030864197530864196,z,y,y,0.27747733578698125
170,0.5,0.3888888888888889,0.0,0.0030864197530864196,z,y,z,-0.03630947470979028
170,0.5,0.3888888888888889,0.0,0.0030864197530864196,z,z,x,-0.08426358276312435
170,0.5,0.3888888888888889,0.0,0.0030864197530864196,z,z,y,0.35173535119415644
170,0.5,0.3888888888888889,0.0,0.0030864197530864196,z,z,z,-0.002515822615030525
171,0.5,0.4444444444444444,0.0,0.0030864197530864196,x,x,x,0.06435088473373417
171,0.5,0.4444444444444444,0.0,0.0030864197530864196,x,x,y,1.886429235616398
171,0.5,0.4444444444444444,0.0,0.0030864197530864196,x,x,z,0.14909819391452508
171,0.5,0.4444444444444444,0.0,0.0030864197530864196,x,y,x,-1.662608849818852
171,0.5,0.4444444444444444,0.0,0.0030864197530864196,x,y,y,-0.5702917799708266
171,0.5,0.4444444444444444,0.0,0.0030864197530864196,x,y,z,-0.13640627557016988
171,0.5,0.4444444444444444,0.0,0.0030864197530864196,x,z,x,-0.344347200264418
171,0.5,0.4444444444444444,0.0,0.0030864197530864196,x,z,y,0.016599077419887143
171,0.5,0.4444444444444444,0.0,0.0030864197530864196,x,z,z,0.08164107461396296
171,0.5,0.4444444444444444,0.0,0.0030864197530864196,y,x,x,0.24418294304315472
171,0.5,0.4444444444444444,0.0,0.0030864197530864196,y,x,y,0.6387522562068336
171,0.5,0.4444444444444444,0.0,0.0030864197530864196,y,x,z,-0.09587879410827842
171,0.5,0.4444444444444444,0.0,0.0030864197530864196,y,y,x,-1.508027834428666
171,0.5,0.4444444444444444,0.0,0.0030864197530864196,y,y,y,0.6063827938448141
171,0.5,0.4444444444444444,0.0,0.0030864197530864196,y,y,z,-0.23110808115574644
171,0.5,0.4444444444444444,0.0,0.0030864197530864196,y,z,x,0.4768767931951109
171,0.5,0.4444444444444444,0.0,0.0030864197530864196,y,z,y,0.4115416990288824
171,0.5,0.4444444444444444,0.0,0.0030864197530864196,y,z,z,-0.14243500228594028
171,0.5,0.4444444444444444,0.0,0.0030864197530864196,z,x,x,-0.3591033115706555
171,0.5,0.4444444444444444,0.0,0.0030864197530864196,z,x,y,1.2171883848092309
171,0.5,0.4444444444444444,0.0,0.0030864197530864196,z,x,z,0.23569644458249553
171,0.5,0.4444444444444444,0.0,0.0030864197530864196,z,y,x,-0.8079460893551731
171,0.5,0.4444444444444444,0.0,0.0030864197530864196,z,y,y,0.389841895492906
171,0.5,0.4444444444444444,0.0,0.0030864197530864196,z,y,z,-0.5334097307526741
171,0.5,0.4444444444444444,0.0,0.0030864197530864196,z,z,x,-0.5011193160485484
171,0.5,0.4444444444444444,0.0,0.0030864197530864196,z,z,y,0.9370453009533724
171,0.5,0.4444444444444444,0.0,0.0030864197530864196,z,z,z,0.001204325013502645
172,0.5,0.5,0.0,0.0030864197530864196,x,x,x,0.08559070304971675
172,0.5,0.5,0.0,0.0030864197530864196,x,x,y,2.700350519258605
172,0.5,0.5,0.0,0.0030864197530864196,x,x,z,0.34244961251944955
172,0.5,0.5,0.0,0.0030864197530864196,x,y,x,-2.426685854363522
172,0.5,0.5,0.0,0.0030864197530864196,x,y,y,-0.6742452138090601
172,0.5,0.5,0.0,0.0030864197530864196,x,y,z,-0.3893873759371953
172,0.5,0.5,0.0,0.0030864197530864196,x,z,x,-0.5083072253894677
172,0.5,0.5,0.0,0.0030864197530864196,x,z,y,0.22939104440286673
172,0.5,0.5,0.0,0.0030864197530864196,x,z,z,0.1017708889925384
172,0.5,0.5,0.0,0.0030864197530864196,y,x,x,0.37297282379946767
172,0.5,0.5,0.0,0.0030864197530864196,y,x,y,0.9421243699447811
172,0.5,0.5,0.0,0.0030864197530864196,y,x,z,-0.006068326262018083
172,0.5,0.5,0.0,0.0030864197530864196,y,y,x,-2.0179362257342093
172,0.5,0.5,0.0,0.0030864197530864196,y,y,y,0.6465794472660554
172,0.5,0.5,0.0,0.0030864197530864196,y,y,z,-0.34237989337444774
172,0.5,0.5,0.0,0.0030864197530864196,y,z,x,0.35758963126328924
172,0.5,0.5,0.0,0.0030864197530864196,y,z,y,0.5082434569245458
172,0.5,0.5,0.0,0.0030864197530864196,y,z,z,-0.17625118298478706
172,0.5,0.5,0.0,0.0030864197530864196,z,x,x,-0.4413904500448393
172,0.5,0.5,0.0,0.0030864197530864196,z,x,y,1.6774141171089127
172,0.5,0.5,0.0,0.0030864197530864196,z,x,z,0.5783704193182143
172,0.5,0.5,0.0,0.0030864197530864196,z,y,x,-1.1677608210026678
172,0.5,0.5,0.0,0.0030864197530864196,z,y,y,0.4413883234273512
172,0.5,0.5,0.0,0.0030864197530864196,z,y,z,-1.0017446453031649
172,0.5,0.5,0.0,0.0030864197530864196,z,z,x,-0.8076510127144739
172,0.5,0.5,0.0,0.0030864197530864196,z,z,y,1.3988494482572313
172,0.5,0.5,0.0,0.0030864197530864196,z,z,z,-1.6210287399696566e-05
173,0.5,-0.4444444444444444,0.0,0.0030864197530864196,x,x,x,0.06435087933521697
173,0.5,-0.4444444444444444,0.0,0.0030864197530864196,x,x,y,1.88642932444585
173,0.5,-0.4444444444444444,0.0,0.0030864197530864196,x,x,z,0.14909814958982384
173,0.5,-0.4444444444444444,0.0,0.0030864197530864196,x,y,x,-1.662608939450486
173,0.5,-0.4444444444444444,0.0,0.0030864197530864196,x,y,y,-0.5702917655319435
173,0.5,-0.4444444444444444,0.0,0.0030864197530864196,x,y,z,-0.1364062629146364
173,0.5,-0.4444444444444444,0.0,0.0030864197530864196,x,z,x,-0.3443471533358872
173,0.5,-0.4444444444444444,0.0,0.0030864197530864196,x,z,y,0.01659906626990718
173,0.5,-0.4444444444444444,0.0,0.0030864197530864196,x,z,z,0.08164106406595785
173,0.5,-0.4444444444444444,0.0,0.0030864197530864196,y,x,x,0.24418293307652325
173,0.5,-0.4444444444444444,0.0,0.0030864197530864196,y,x,y,0.6387523270579071
173,0.5,-0.4444444444444444,0.0,0.0030864197530864196,y,x,z,-0.09587880103517467
173,0.5,-0.4444444444444444,0.0,0.0030864197530864196,y,y,x,-1.5080278800237565
173,0.5,-0.4444444444444444,0.0,0.0030864197530864196,y,y,y,0.6063827876032337
173,0.5,-0.4444444444444444,0.0,0.0030864197530864196,y,y,z,-0.23110804978765123
173,0.5,-0.4444444444444444,0.0,0.0030864197530864196,y,z,x,0.47687680142043737
173,0.5,-0.4444444444444444,0.0,0.0030864197530864196,y,z,y,0.4115416840334027
173,0.5,-0.4444444444444444,0.0,0.0030864197530864196,y,z,z,-0.14243499874138382
173,0.5,-0.4444444444444444,0.0,0.0030864197530864196,z,x,x,-0.35910330401872714
173,0.5,-0.4444444444444444,0.0,0.0030864197530864196,z,x,y,1.217188398316362
173,0.5,-0.4444444444444444,0.0,0.0030864197530864196,z,x,z,0.2356963956259903
173,0.5,-0.4444444444444444,0.0,0.0030864197530864196,z,y,x,-0.8079461071056305
173,0.5,-0.4444444444444444,0.0,0.0030864197530864196,z,y,y,0.3898418947733298
173,0.5,-0.4444444444444444,0.0,0.0030864197530864196,z,y,z,-0.5334096784115351
173,0.5,-0.4444444444444444,0.0,0.0030864197530864196,z,z,x,-0.5011192527776558
173,0.5,-0.4444444444444444,0.0,0.0030864197530864196,z,z,y,0.9370452505545305
173,0.5,-0.4444444444444444,0.0,0.0030864197530864196,z,z,z,0.0012043290941038715
174,0.5,-0.3888888888888888,0.0,0.0030864197530864196,x,x,x,-0.0010172270993972343
174,0.5,-0.3888888888888888,0.0,0.0030864197530864196,x,x,y,0.9852980075616867
174,0.5,-0.3888888888888888,0.0,0.0030864197530864196,x,x,z,-0.06550524606379306
174,0.5,-0.3888888888888888,0.0,0.0030864197530864196,x,y,x,-0.8196582845987392
174,0.5,-0.3888888888888888,0.0,0.0030864197530864196,x,y,y,-0.335713276350574
174,0.5,-0.3888888888888888,0.0,0.0030864197530864196,x,y,z,0.22471974663274302
174,0.5,-0.3888888888888888,0.0,0.0030864197530864196,x,z,x,-0.15229356185102863
174,0.5,-0.3888888888888888,0.0,0.0030864197530864196,x,z,y,-0.2640199208758903
174,0.5,-0.3888888888888888,0.0,0.0030864197530864196,x,z,z,0.040240388584838215
174,0.5,-0.3888888888888888,0.0,0.0030864197530864196,y,x,x,0.05915784742671938
174,0.5,-0.3888888888888888,0.0,0.0030864197530864196,y,x,y,0.3518829813406322
174,0.5,-0.3888888888888888,0.0,0.0030864197530864196,y,x,z,-0.2555921174732178
174,0.5,-0.3888888888888888,0.0,0.0030864197530864196,y,y,x,-0.8986489500872387
174,0.5,-0.3888888888888888,0.0,0.0030864197530864196,y,y,y,0.4448124491642333
174,0.5,-0.3888888888888888,0.0,0.0030864197530864196,y,y,z,-0.09404992278670458
174,0.5,-0.3888888888888888,0.0,0.0030864197530864196,y,z,x,0.659719065508138
174,0.5,-0.3888888888888888,0.0,0.0030864197530864196,y,z,y,0.29492501730613796
174,0.5,-0.3888888888888888,0.0,0.0030864197530864196,y,z,z,-0.0772190775717366
174,0.5,-0.3888888888888888,0.0,0.0030864197530864196,z,x,x,-0.20520363215054818
174,0.5,-0.3888888888888888,0.0,0.0030864197530864196,z,x,y,0.7626621576967217
174,0.5,-0.3888888888888888,0.0,0.0030864197530864196,z,x,z,-0.18522624883974176
174,0.5,-0.3888888888888888,0.0,0.0030864197530864196,z,y,x,-0.4983314857199886
174,0.5,-0.3888888888888888,0.0,0.0030864197530864196,z,y,y,0.27747732891194066
174,0.5,-0.3888888888888888,0.0,0.0030864197530864196,z,y,z,-0.036309449505957395
174,0.5,-0.3888888888888888,0.0,0.0030864197530864196,z,z,x,-0.08426356816253978
174,0.5,-0.3888888888888888,0.0,0.0030864197530864196,z,z,y,0.3517353211010252
174,0.5,-0.3888888888888888,0.0,0.0030864197530864196,z,z,z,-0.002515833599694775
175,0.5,-0.3333333333333334,0.0,0.0030864197530864196,x,x,x,-0.020803662700465006
175,0.5,-0.3333333333333334,0.0,0.0030864197530864196,x,x,y,0.49997320007135243
175,0.5,-0.3333333333333334,0.0,0.0030864197530864196,x,x,z,-0.12187792724410601
175,0.5,-0.3333333333333334,0.0,0.0030864197530864196,x,y,x,-0.4105156933766481
175,0.5,-0.3333333333333334,0.0,0.0030864197530864196,x,y,y,-0.2112482778756498
175,0.5,-0.3333333333333334,0.0,0.0030864197530864196,x,y,z,0.4982878704995552
175,0.5,-0.3333333333333334,0.0,0.0030864197530864196,x,z,x,-0.047902968194149874
175,0.5,-0.3333333333333334,0.0,0.0030864197530864196,x,z,y,-0.4941746797566696
175,0.5,-0.3333333333333334,0.0,0.0030864197530864196,x,z,z,-0.006931447027734018
175,0.5,-0.3333333333333334,0.0,0.0030864197530864196,y,x,x,-0.010202127512046945
175,0.5,-0.3333333333333334,0.0,0.0030864197530864196,y,x,y,0.18108063430975002
175,0.5,-0.3333333333333334,0.0,0.0030864197530864196,y,x,z,-0.3913537360907429
175,0.5,-0.3333333333333334,0.0,0.0030864197530864196,y,y,x,-0.6315366944096877
175,0.5,-0.3333333333333334,0.0,0.0030864197530864196,y,y,y,0.2663872403044255
175,0.5,-0.3333333333333334,0.0,0.0030864197530864196,y,y,z,-0.02884056157465541
175,0.5,-0.3333333333333334,0.0,0.0030864197530864196,y,z,x,0.8049654835115836
175,0.5,-0.3333333333333334,0.0,0.0030864197530864196,y,z,y,0.18822997747052153
175,0.5,-0.3333333333333334,0.0,0.0030864197530864196,y,z,z,-0.028907934539782763
175,0.5,-0.3333333333333334,0.0,0.0030864197530864196,z,x,x,-0.11424166828902815
175,0.5,-0.3333333333333334,0.0,0.0030864197530864196,z,x,y,0.7362444846240404
175,0.5,-0.3333333333333334,0.0,0.0030864197530864196,z,x,z,-0.38864622986873637
175,0.5,-0.3333333333333334,0.0,0.0030864197530864196,z,y,x,-0.49282943056872375
175,0.5,-0.3333333333333334,0.0,0.0030864197530864196,z,y,y,0.18594539395557239
175,0.5,-0.3333333333333334,0.0,0.0030864197530864196,z,y,z,0.10638814410596655
175,0.5,-0.3333333333333334,0.0,0.0030864197530864196,z,z,x,0.14200346829202437
175,0.5,-0.3333333333333334,0.0,0.0030864197530864196,z,z,y,0.10108557588981763
175,0.5,-0.3333333333333334,0.0,0.0030864197530864196,z,z,z,-0.005548765964556588
176,0.5,-0.2777777777777778,0.0,0.0030864197530864196,x,x,x,-0.025891865104359625
176,0.5,-0.2777777777777778,0.0,0.0030864197530864196,x,x,y,0.16629421057407623
176,0.5,-0.2777777777777778,0.0,0.0030864197530864196,x,x,z,-0.05205521464567416
176,0.5,-0.2777777777777778,0.0,0.0030864197530864196,x,y,x,-0.13461358731136452
176,0.5,-0.2777777777777778,0.0,0.0030864197530864196,x,y,y,-0.1279625935612673
176,0.5,-0.2777777777777778,0.0,0.0030864197530864196,x,y,z,0.6445582320627035
176,0.5,-0.2777777777777778,0.0,0.0030864197530864196,x,z,x,-0.009441269393655109
176,0.5,-0.2777777777777778,0.0,0.0030864197530864196,x,z,y,-0.6609207773271406
176,0.5,-0.2777777777777778,0.0,0.0030864197530864196,x,z,z,-0.020138298195100986
176,0.5,-0.2777777777777778,0.0,0.0030864197530864196,y,x,x,-0.00547841485381404
176,0.5,-0.2777777777777778,0.0,0.0030864197530864196,y,x,y,0.04698041313642663
176,0.5,-0.2777777777777778,0.0,0.0030864197530864196,y,x,z,-0.4773799735579788
176,0.5,-0.2777777777777778,0.0,0.0030864197530864196,y,y,x,-0.5085826886263944
176,0.5,-0.2777777777777778,0.0,0.0030864197530864196,y,y,y,0.08508128377960106
176,0.5,-0.2777777777777778,0.0,0.0030864197530864196,y,y,z,-0.005489844026858667
176,0.5,-0.2777777777777778,0.0,0.0030864197530864196,y,z,x,0.8826850498958864
176,0.5,-0.2777777777777778,0.0,0.0030864197530864196,y,z,y,0.0710747322538794
176,0.5,-0.2777777777777778,0.0,0.0030864197530864196,y,z,z,-0.007145485908650028
176,0.5,-0.2777777777777778,0.0,0.0030864197530864196,z,x,x,-0.03668437298113281
176,0.5,-0.2777777777777778,0.0,0.0030864197530864196,z,x,y,0.8062696626062492
176,0.5,-0.2777777777777778,0.0,0.0030864197530864196,z,x,z,-0.45079879040400606
176,0.5,-0.2777777777777778,0.0,0.0030864197530864196,z,y,x,-0.5454409924865044
176,0.5,-0.2777777777777778,0.0,0.0030864197530864196,z,y,y,0.07258581366724762
176,0.5,-0.2777777777777778,0.0,0.0030864197530864196,z,y,z,0.05163520961866896
176,0.5,-0.2777777777777778,0.0,0.0030864197530864196,z,z,x,0.22170565671763434
176,0.5,-0.2777777777777778,0.0,0.0030864197530864196,z,z,y,0.02588968732979259
176,0.5,-0.2777777777777778,0.0,0.0030864197530864196,z,z,z,-0.00014055579298450846
177,0.5,-0.2222222222222222,0.0,0.0030864197530864196,x,x,x,-0.025891781917747915
177,0.5,-0.2222222222222222,0.0,0.0030864197530864196,x,x,y,-0.16629247382187404
177,0.5,-0.2222222222222222,0.0,0.0030864197530864196,x,x,z,0.052052580079454014
177,0.5,-0.2222222222222222,0.0,0.0030864197530864196,x,y,x,0.1346119179842761
177,0.5,-0.2222222222222222,0.0,0.0030864197530864196,x,y,y,-0.1279628851629568
177,0.5,-0.2222222222222222,0.0,0.0030864197530864196,x,y,z,0.6445578203037563
177,0.5,-0.2222222222222222,0.0,0.0030864197530864196,x,z,x,0.009444907063237218
177,0.5,-0.2222222222222222,0.0,0.0030864197530864196,x,z,y,-0.6609204173921455
177,0.5,-0.2222222222222222,0.0,0.0030864197530864196,x,z,z,-0.020138246459476115
177,0.5,-0.2222222222222222,0.0,0.0030864197530864196,y,x,x,0.005479610566442803
177,0.5,-0.2222222222222222,0.0,0.0030864197530864196,y,x,y,0.046980995083720785
177,0.5,-0.2222222222222222,0.0,0.0030864197530864196,y,x,z,-0.47737986529883425
177,0.5,-0.2222222222222222,0.0,0.0030864197530864196,y,y,x,-0.5085825339558425
177,0.5,-0.2222222222222222,0.0,0.0030864197530864196,y,y,y,-0.08508243549641926
177,0.5,-0.2222222222222222,0.0,0.0030864197530864196,y,y,z,0.005491041809335556
177,0.5,-0.2222222222222222,0.0,0.0030864197530864196,y,z,x,0.8826846909287793
177,0.5,-0.2222222222222222,0.0,0.0030864197530864196,y,z,y,-0.0710775573540606
177,0.5,-0.2222222222222222,0.0,0.0030864197530864196,y,z,z,0.007145665529864811
177,0.5,-0.2222222222222222,0.0,0.0030864197530864196,z,x,x,0.036684560993201706
177,0.5,-0.2222222222222222,0.0,0.0030864197530864196,z,x,y,0.8062688211887589
177,0.5,-0.2222222222222222,0.0,0.0030864197530864196,z,x,z,-0.4507985831112406
177,0.5,-0.2222222222222222,0.0,0.0030864197530864196,z,y,x,-0.5454404558644578
177,0.5,-0.2222222222222222,0.0,0.0030864197530864196,z,y,y,-0.07258613524649771
177,0.5,-0.2222222222222222,0.0,0.0030864197530864196,z,y,z,-0.05163593782054824
177,0.5,-0.2222222222222222,0.0,0.0030864197530864196,z,z,x,0.22170570632850226
177,0.5,-0.2222222222222222,0.0,0.0030864197530864196,z,z,y,-0.025890320327109594
177,0.5,-0.2222222222222222,0.0,0.0030864197530864196,z,z,z,0.0001406092660558723
178,0.5,-0.1666666666666666,0.0,0.0030864197530864196,x,x,x,-0.020803354820790713
178,0.5,-0.1666666666666666,0.0,0.0030864197530864196,x,x,y,-0.499970509002115
178,0.5,-0.1666666666666666,0.0,0.0030864197530864196,x,x,z,0.12187529155289051
178,0.5,-0.1666666666666666,0.0,0.0030864197530864196,x,y,x,0.41051321262823465
178,0.5,-0.1666666666666666,0.0,0.0030864197530864196,x,y,y,-0.21124882385443636
178,0.5,-0.1666666666666666,0.0,0.0030864197530864196,x,y,z,0.4982873682959558
178,0.5,-0.1666666666666666,0.0,0.0030864197530864196,x,z,x,0.04790622592196608
178,0.5,-0.1666666666666666,0.0,0.0030864197530864196,x,z,y,-0.4941742499580193
178,0.5,-0.1666666666666666,0.0,0.0030864197530864196,x,z,z,-0.006931291335087636
178,0.5,-0.1666666666666666,0.0,0.0030864197530864196,y,x,x,0.010203278981849107
178,0.5,-0.1666666666666666,0.0,0.0030864197530864196,y,x,y,0.181081998286622
178,0.5,-0.1666666666666666,0.0,0.0030864197530864196,y,x,z,-0.3913535626031344
178,0.5,-0.1666666666666666,0.0,0.0030864197530864196,y,y,x,-0.6315361524984899
178,0.5,-0.1666666666666666,0.0,0.0030864197530864196,y,y,y,-0.2663878743317153
178,0.5,-0.1666666666666666,0.0,0.0030864197530864196,y,y,z,0.028841465204878278
178,0.5,-0.1666666666666666,0.0,0.0030864197530864196,y,z,x,0.8049645672864056
178,0.5,-0.1666666666666666,0.0,0.0030864197530864196,y,z,y,-0.188231798270893
178,0.5,-0.1666666666666666,0.0,0.0030864197530864196,y,z,z,0.028908062580452032
178,0.5,-0.1666666666666666,0.0,0.0030864197530864196,z,x,x,0.1142417886731968
178,0.5,-0.1666666666666666,0.0,0.0030864197530864196,z,x,y,0.7362423424419479
178,0.5,-0.1666666666666666,0.0,0.0030864197530864196,z,x,z,-0.38864581507808565
178,0.5,-0.1666666666666666,0.0,0.0030864197530864196,z,y,x,-0.4928280988153039
178,0.5,-0.1666666666666666,0.0,0.0030864197530864196,z,y,y,-0.18594543134901892
178,0.5,-0.1666666666666666,0.0,0.0030864197530864196,z,y,z,-0.10638833335863705
178,0.5,-0.1666666666666666,0.0,0.0030864197530864196,z,z,x,0.14200376586643812
178,0.5,-0.1666666666666666,0.0,0.0030864197530864196,z,z,y,-0.10108646355888304
178,0.5,-0.1666666666666666,0.0,0.0030864197530864196,z,z,z,0.0055486938159756685
179,0.5,-0.1111111111111112,0.0,0.0030864197530864196,x,x,x,-0.001016826212322036
179,0.5,-0.1111111111111112,0.0,0.0030864197530864196,x,x,y,-0.985293042072696
179,0.5,-0.1111111111111112,0.0,0.0030864197530864196,x,x,z,0.06550338625022294
179,0.5,-0.1111111111111112,0.0,0.0030864197530864196,x,y,x,0.8196539705414283
179,0.5,-0.1111111111111112,0.0,0.0030864197530864196,x,y,y,-0.33571348535308004
179,0.5,-0.1111111111111112,0.0,0.0030864197530864196,x,y,z,0.2247207090843407
179,0.5,-0.1111111111111112,0.0,0.0030864197530864196,x,z,x,0.15229579729672663
179,0.5,-0.1111111111111112,0.0,0.0030864197530864196,x,z,y,-0.264020809952566
179,0.5,-0.1111111111111112,0.0,0.0030864197530864196,x,z,z,0.04024068951540842
179,0.5,-0.1111111111111112,0.0,0.0030864197530864196,y,x,x,-0.059156402760747996
179,0.5,-0.1111111111111112,0.0,0.0030864197530864196,y,x,y,0.3518849979556423
179,0.5,-0.1111111111111112,0.0,0.0030864197530864196,y,x,z,-0.2555923406740029
179,0.5,-0.1111111111111112,0.0,0.0030864197530864196,y,y,x,-0.8986478729395023
179,0.5,-0.1111111111111112,0.0,0.0030864197530864196,y,y,y,-0.4448120621642928
179,0.5,-0.1111111111111112,0.0,0.0030864197530864196,y,y,z,0.0940501909847756
179,0.5,-0.1111111111111112,0.0,0.0030864197530864196,y,z,x,0.6597182038520297
179,0.5,-0.1111111111111112,0.0,0.0030864197530864196,y,z,y,-0.2949255811447518
179,0.5,-0.1111111111111112,0.0,0.0030864197530864196,y,z,z,0.07721923387850281
179,0.5,-0.1111111111111112,0.0,0.0030864197530864196,z,x,x,0.2052031941439705
179,0.5,-0.1111111111111112,0.0,0.0030864197530864196,z,x,y,0.7626585171864612
179,0.5,-0.1111111111111112,0.0,0.0030864197530864196,z,x,z,-0.18522610012302518
179,0.5,-0.1111111111111112,0.0,0.0030864197530864196,z,y,x,-0.4983290630175938
179,0.5,-0.1111111111111112,0.0,0.0030864197530864196,z,y,y,-0.27747681921919776
179,0.5,-0.1111111111111112,0.0,0.0030864197530864196,z,y,z,0.03630981102532372
179,0.5,-0.1111111111111112,0.0,0.0030864197530864196,z,z,x,-0.08426245358230984
179,0.5,-0.1111111111111112,0.0,0.0030864197530864196,z,z,y,-0.35173599866132377
179,0.5,-0.1111111111111112,0.0,0.0030864197530864196,z,z,z,0.0025157267446220453
180,0.5,-0.0555555555555556,0.0,0.0030864197530864196,x,x,x,0.0643504745011391
180,0.5,-0.0555555555555556,0.0,0.0030864197530864196,x,x,y,-1.8864191198225773
180,0.5,-0.0555555555555556,0.0,0.0030864197530864196,x,x,z,-0.1490972641254794
180,0.5,-0.0555555555555556,0.0,0.0030864197530864196,x,y,x,1.6625992333432662
180,0.5,-0.0555555555555556,0.0,0.0030864197530864196,x,y,y,-0.5702910254909105
180,0.5,-0.0555555555555556,0.0,0.0030864197530864196,x,y,z,-0.13640106962653922
180,0.5,-0.0555555555555556,0.0,0.0030864197530864196,x,z,x,0.3443470022224396
180,0.5,-0.0555555555555556,0.0,0.0030864197530864196,x,z,y,0.016594741026048406
180,0.5,-0.0555555555555556,0.0,0.0030864197530864196,x,z,z,0.08164124746038649
180,0.5,-0.0555555555555556,0.0,0.0030864197530864196,y,x,x,-0.24418048009513751
180,0.5,-0.0555555555555556,0.0,0.0030864197530864196,y,x,y,0.6387548058760446
180,0.5,-0.0555555555555556,0.0,0.0030864197530864196,y,x,z,-0.09587999025480849
180,0.5,-0.0555555555555556,0.0,0.0030864197530864196,y,y,x,-1.5080255366014828
180,0.5,-0.0555555555555556,0.0,0.0030864197530864196,y,y,y,-0.6063817444038638
180,0.5,-0.0555555555555556,0.0,0.0030864197530864196,y,y,z,0.23110703844799796
180,0.5,-0.0555555555555556,0.0,0.0030864197530864196,y,z,x,0.47687695937232044
180,0.5,-0.0555555555555556,0.0,0.0030864197530864196,y,z,y,-0.4115404652670129
180,0.5,-0.0555555555555556,0.0,0.0030864197530864196,y,z,z,0.14243494535012713
180,0.5,-0.0555555555555556,0.0,0.0030864197530864196,z,x,x,0.3591011282749992
180,0.5,-0.0555555555555556,0.0,0.0030864197530864196,z,x,y,1.2171797086671616
180,0.5,-0.0555555555555556,0.0,0.0030864197530864196,z,x,z,0.2356948807160361
180,0.5,-0.0555555555555556,0.0,0.0030864197530864196,z,y,x,-0.8079399351506455
180,0.5,-0.0555555555555556,0.0,0.0030864197530864196,z,y,y,-0.38984021934052415
180,0.5,-0.0555555555555556,0.0,0.0030864197530864196,z,y,z,0.533409330720845
180,0.5,-0.0555555555555556,0.0,0.0030864197530864196,z,z,x,-0.5011161987829745
180,0.5,-0.0555555555555556,0.0,0.0030864197530864196,z,z,y,-0.9370448176808084
180,0.5,-0.0555555555555556,0.0,0.0030864197530864196,z,z,z,-0.0012045020840703658
181,-0.4444444444444444,0.0,0.0,0.0030864197530864196,x,x,x,0.08081150073385317
181,-0.4444444444444444,0.0,0.0,0.0030864197530864196,x,x,y,-2.5075965456649
181,-0.4444444444444444,0.0,0.0,0.0030864197530864196,x,x,z,-0.3817513055051121
181,-0.4444444444444444,0.0,0.0,0.0030864197530864196,x,y,x,2.14222131481596
181,-0.4444444444444444,0.0,0.0,0.0030864197530864196,x,y,y,-0.7415549833406854
181,-0.4444444444444444,0.0,0.0,0.0030864197530864196,x,y,z,-0.4638595984003225
181,-0.4444444444444444,0.0,0.0,0.0030864197530864196,x,z,x,0.5878986077761569
181,-0.4444444444444444,0.0,0.0,0.0030864197530864196,x,z,y,0.3179263845017406
181,-0.4444444444444444,0.0,0.0,0.0030864197530864196,x,z,z,0.09748472873181903
181,-0.4444444444444444,0.0,0.0,0.0030864197530864196,y,x,x,-0.3895363769724697
181,-0.4444444444444444,0.0,0.0,0.0030864197530864196,y,x,y,0.7201624050031443
181,-0.4444444444444444,0.0,0.0,0.0030864197530864196,y,x,z,0.02303750490157963
181,-0.4444444444444444,0.0,0.0,0.0030864197530864196,y,y,x,-1.96441054568689
181,-0.4444444444444444,0.0,0.0,0.0030864197530864196,y,y,y,-0.7548852868020326
181,-0.4444444444444444,0.0,0.0,0.0030864197530864196,y,y,z,0.38171842307402054
181,-0.4444444444444444,0.0,0.0,0.0030864197530864196,y,z,x,0.3609379982154926
181,-0.4444444444444444,0.0,0.0,0.0030864197530864196,y,z,y,-0.5878652557776776
181,-0.4444444444444444,0.0,0.0,0.0030864197530864196,y,z,z,0.16883690568189896
181,-0.4444444444444444,0.0,0.0,0.0030864197530864196,z,x,x,0.4838275281632836
181,-0.4444444444444444,0.0,0.0,0.0030864197530864196,z,x,y,1.4315382744405953
181,-0.4444444444444444,0.0,0.0,0.0030864197530864196,z,x,z,0.5972067732335224
181,-0.4444444444444444,0.0,0.0,0.0030864197530864196,z,y,x,-0.872872263097457
181,-0.4444444444444444,0.0,0.0,0.0030864197530864196,z,y,y,-0.48382855860639734
181,-0.4444444444444444,0.0,0.0,0.0030864197530864196,z,y,z,1.034384295444105
181,-0.4444444444444444,0.0,0.0,0.0030864197530864196,z,z,x,-0.8193548358942624
181,-0.4444444444444444,0.0,0.0,0.0030864197530864196,z,z,y,-1.419149656643724
181,-0.4444444444444444,0.0,0.0,0.0030864197530864196,z,z,z,7.97378196911167e-06
182,-0.4444444444444444,0.0555555555555556,0.0,0.0030864197530864196,x,x,x,0.0366011007325747
182,-0.4444444444444444,0.0555555555555556,0.0,0.0030864197530864196,x,x,y,-1.9755121095753079
182,-0.4444444444444444,0.0555555555555556,0.0,0.0030864197530864196,x,x,z,-0.23664196112340105
182,-0.4444444444444444,0.0555555555555556,0.0,0.0030864197530864196,x,y,x,1.6581885454283785
182,-0.4444444444444444,0.0555555555555556,0.0,0.0030864197530864196,x,y,y,-0.5202567717776275
182,-0.4444444444444444,0.0555555555555556,0.0,0.0030864197530864196,x,y,z,-0.1268297253787288
182,-0.4444444444444444,0.0555555555555556,0.0,0.0030864197530864196,x,z,x,0.4362559615492572
182,-0.4444444444444444,0.0555555555555556,0.0,0.0030864197530864196,x,z,y,-0.026186238381084127
182,-0.4444444444444444,0.0555555555555556,0.0,0.0030864197530864196,x,z,z,0.08254305649084794
182,-0.4444444444444444,0.0555555555555556,0.0,0.0030864197530864196,y,x,x,-0.3422784419967699
182,-0.4444444444444444,0.0555555555555556,0.0,0.0030864197530864196,y,x,y,0.5265478807735109
182,-0.4444444444444444,0.0555555555555556,0.0,0.0030864197530864196,y,x,z,-0.08633786577970642
182,-0.4444444444444444,0.0555555555555556,0.0,0.0030864197530864196,y,y,x,-1.4736046995515442
182,-0.4444444444444444,0.0555555555555556,0.0,0.0030864197530864196,y,y,y,-0.5211574216068452
182,-0.4444444444444444,0.0555555555555556,0.0,0.0030864197530864196,y,y,z,0.15457387033794256
182,-0.4444444444444444,0.0555555555555556,0.0,0.0030864197530864196,y,z,x,0.43411836314013197
182,-0.4444444444444444,0.0555555555555556,0.0,0.0030864197530864196,y,z,y,-0.36899958055710924
182,-0.4444444444444444,0.0555555555555556,0.0,0.0030864197530864196,y,z,z,0.1419166330524748
182,-0.4444444444444444,0.0555555555555556,0.0,0.0030864197530864196,z,x,x,0.3798179544885645
182,-0.4444444444444444,0.0555555555555556,0.0,0.0030864197530864196,z,x,y,1.2345506029659337
182,-0.4444444444444444,0.0555555555555556,0.0,0.0030864197530864196,z,x,z,0.34410479285934104
182,-0.4444444444444444,0.0555555555555556,0.0,0.0030864197530864196,z,y,x,-0.7905841584903393
182,-0.4444444444444444,0.0555555555555556,0.0,0.0030864197530864196,z,y,y,-0.3490697140960951
182,-0.4444444444444444,0.0555555555555556,0.0,0.0030864197530864196,z,y,z,0.4708050322646031
182,-0.4444444444444444,0.0555555555555556,0.0,0.0030864197530864196,z,z,x,-0.5609577794245987
182,-0.4444444444444444,0.0555555555555556,0.0,0.0030864197530864196,z,z,y,-0.9024745979986566
182,-0.4444444444444444,0.0555555555555556,0.0,0.0030864197530864196,z,z,z,0.0012234297044310674
183,-0.4444444444444444,0.1111111111111111,0.0,0.0030864197530864196,x,x,x,-0.002087599219036275
183,-0.4444444444444444,0.1111111111111111,0.0,0.0030864197530864196,x,x,y,-1.1034125116785494
183,-0.4444444444444444,0.1111111111111111,0.0,0.0030864197530864196,x,x,z,-0.014939485336930342
183,-0.4444444444444444,0.1111111111111111,0.0,0.0030864197530864196,x,y,x,0.8763588444799021
183,-0.4444444444444444,0.1111111111111111,0.0,0.0030864197530864196,x,y,y,-0.3048188717133258
183,-0.4444444444444444,0.1111111111111111,0.0,0.0030864197530864196,x,y,z,0.2129450903480024
183,-0.4444444444444444,0.1111111111111111,0.0,0.0030864197530864196,x,z,x,0.2328832041201855
183,-0.4444444444444444,0.1111111111111111,0.0,0.0030864197530864196,x,z,y,-0.3129898053707531
183,-0.4444444444444444,0.1111111111111111,0.0,0.0030864197530864196,x,z,z,0.048310541556261806
183,-0.4444444444444444,0.1111111111111111,0.0,0.0030864197530864196,y,x,x,-0.1522657567948056
183,-0.4444444444444444,0.1111111111111111,0.0,0.0030864197530864196,y,x,y,0.28905705269785625
183,-0.4444444444444444,0.1111111111111111,0.0,0.0030864197530864196,y,x,z,-0.23020483092821387
183,-0.4444444444444444,0.1111111111111111,0.0,0.0030864197530864196,y,y,x,-0.8539630654859299
183,-0.4444444444444444,0.1111111111111111,0.0,0.0030864197530864196,y,y,y,-0.37930794399984
183,-0.4444444444444444,0.1111111111111111,0.0,0.0030864197530864196,y,y,z,0.014936024739868261
183,-0.4444444444444444,0.1111111111111111,0.0,0.0030864197530864196,y,z,x,0.5819084752824365
183,-0.4444444444444444,0.1111111111111111,0.0,0.0030864197530864196,y,z,y,-0.2328748158766447
183,-0.4444444444444444,0.1111111111111111,0.0,0.0030864197530864196,y,z,z,0.08367218397765344
183,-0.4444444444444444,0.1111111111111111,0.0,0.0030864197530864196,z,x,x,0.23300521128356166
183,-0.4444444444444444,0.1111111111111111,0.0,0.0030864197530864196,z,x,y,0.8334907987189608
183,-0.4444444444444444,0.1111111111111111,0.0,0.0030864197530864196,z,x,z,-0.03980358063521075
183,-0.4444444444444444,0.1111111111111111,0.0,0.0030864197530864196,z,y,x,-0.564445285291737
183,-0.4444444444444444,0.1111111111111111,0.0,0.0030864197530864196,z,y,y,-0.23300030920317508
183,-0.4444444444444444,0.1111111111111111,0.0,0.0030864197530864196,z,y,z,-0.06895242865917335
183,-0.4444444444444444,0.1111111111111111,0.0,0.0030864197530864196,z,z,x,-0.1700178092871328
183,-0.4444444444444444,0.1111111111111111,0.0,0.0030864197530864196,z,z,y,-0.2944659645949951
183,-0.4444444444444444,0.1111111111111111,0.0,0.0030864197530864196,z,z,z,3.9987232778272784e-06
184,-0.4444444444444444,0.1666666666666667,0.0,0.0030864197530864196,x,x,x,0.004118435962861208
184,-0.4444444444444444,0.1666666666666667,0.0,0.0030864197530864196,x,x,y,-0.6189684023267678
184,-0.4444444444444444,0.1666666666666667,0.0,0.0030864197530864196,x,x,z,0.07940090951164795
184,-0.4444444444444444,0.1666666666666667,0.0,0.0030864197530864196,x,y,x,0.4663793880886912
184,-0.4444444444444444,0.1666666666666667,0.0,0.0030864197530864196,x,y,y,-0.2053276312466506
184,-0.4444444444444444,0.1666666666666667,0.0,0.0030864197530864196,x,y,z,0.4146299330097246
184,-0.4444444444444444,0.1666666666666667,0.0,0.0030864197530864196,x,z,x,0.10247871697378368
184,-0.4444444444444444,0.1666666666666667,0.0,0.0030864197530864196,x,z,y,-0.5090629815986791
184,-0.4444444444444444,0.1666666666666667,0.0,0.0030864197530864196,x,z,z,0.01584095393608633
184,-0.4444444444444444,0.1666666666666667,0.0,0.0030864197530864196,y,x,x,-0.05398272081974585
184,-0.4444444444444444,0.1666666666666667,0.0,0.0030864197530864196,y,x,y,0.13019655975604713
184,-0.4444444444444444,0.1666666666666667,0.0,0.0030864197530864196,y,x,z,-0.34775547031648174
184,-0.4444444444444444,0.1666666666666667,0.0,0.0030864197530864196,y,y,x,-0.5658417032534384
184,-0.4444444444444444,0.1666666666666667,0.0,0.0030864197530864196,y,y,y,-0.26558930395405533
184,-0.4444444444444444,0.1666666666666667,0.0,0.0030864197530864196,y,y,z,-0.0237304725489856
184,-0.4444444444444444,0.1666666666666667,0.0,0.0030864197530864196,y,z,x,0.7134062542836662
184,-0.4444444444444444,0.1666666666666667,0.0,0.0030864197530864196,y,z,y,-0.15340645526069632
184,-0.4444444444444444,0.1666666666666667,0.0,0.0030864197530864196,y,z,z,0.039557111644286234
184,-0.4444444444444444,0.1666666666666667,0.0,0.0030864197530864196,z,x,x,0.14557293501367424
184,-0.4444444444444444,0.1666666666666667,0.0,0.0030864197530864196,z,x,y,0.7719762913199248
184,-0.4444444444444444,0.1666666666666667,0.0,0.0030864197530864196,z,x,z,-0.23697260118686617
184,-0.4444444444444444,0.1666666666666667,0.0,0.0030864197530864196,z,y,x,-0.5727237220661894
184,-0.4444444444444444,0.1666666666666667,0.0,0.0030864197530864196,z,y,y,-0.16338002304574778
184,-0.4444444444444444,0.1666666666666667,0.0,0.0030864197530864196,z,y,z,-0.22170110023302547
184,-0.4444444444444444,0.1666666666666667,0.0,0.0030864197530864196,z,z,x,0.04139031896862015
184,-0.4444444444444444,0.1666666666666667,0.0,0.0030864197530864196,z,z,y,-0.04300529591675999
184,-0.4444444444444444,0.1666666666666667,0.0,0.0030864197530864196,z,z,z,0.0024820736455884443
185,-0.4444444444444444,0.2222222222222222,0.0,0.0030864197530864196,x,x,x,0.024754600834958826
185,-0.4444444444444444,0.2222222222222222,0.0,0.0030864197530864196,x,x,y,-0.3060189622717153
185,-0.4444444444444444,0.2222222222222222,0.0,0.0030864197530864196,x,x,z,0.0663102245162464
185,-0.4444444444444444,0.2222222222222222,0.0,0.0030864197530864196,x,y,x,0.2249528541407727
185,-0.4444444444444444,0.2222222222222222,0.0,0.0030864197530864196,x,y,y,-0.15811383259591033
185,-0.4444444444444444,0.2222222222222222,0.0,0.0030864197530864196,x,y,z,0.5414559759798014
185,-0.4444444444444444,0.2222222222222222,0.0,0.0030864197530864196,x,z,x,0.03996249921184782
185,-0.4444444444444444,0.2222222222222222,0.0,0.0030864197530864196,x,z,y,-0.6598516103335003
185,-0.4444444444444444,0.2222222222222222,0.0,0.0030864197530864196,x,z,z,-0.004596009736377466
185,-0.4444444444444444,0.2222222222222222,0.0,0.0030864197530864196,y,x,x,-0.01732349713636768
185,-0.4444444444444444,0.2222222222222222,0.0,0.0030864197530864196,y,x,y,0.011840512708475767
185,-0.4444444444444444,0.2222222222222222,0.0,0.0030864197530864196,y,x,z,-0.4330649125999992
185,-0.4444444444444444,0.2222222222222222,0.0,0.0030864197530864196,y,y,x,-0.43895285722071775
185,-0.4444444444444444,0.2222222222222222,0.0,0.0030864197530864196,y,y,y,-0.1409942976489082
185,-0.4444444444444444,0.2222222222222222,0.0,0.0030864197530864196,y,y,z,-0.018825141406927003
185,-0.4444444444444444,0.2222222222222222,0.0,0.0030864197530864196,y,z,x,0.8159803999531814
185,-0.4444444444444444,0.2222222222222222,0.0,0.0030864197530864196,y,z,y,-0.08761748265959798
185,-0.4444444444444444,0.2222222222222222,0.0,0.0030864197530864196,y,z,z,0.016375304313076686
185,-0.4444444444444444,0.2222222222222222,0.0,0.0030864197530864196,z,x,x,0.07511225840528397
185,-0.4444444444444444,0.2222222222222222,0.0,0.0030864197530864196,z,x,y,0.8774355419545282
185,-0.4444444444444444,0.2222222222222222,0.0,0.0030864197530864196,z,x,z,-0.3093049966038386
185,-0.4444444444444444,0.2222222222222222,0.0,0.0030864197530864196,z,y,x,-0.6822411077283661
185,-0.4444444444444444,0.2222222222222222,0.0,0.0030864197530864196,z,y,y,-0.0961271278115649
185,-0.4444444444444444,0.2222222222222222,0.0,0.0030864197530864196,z,y,z,-0.15786889727475276
185,-0.4444444444444444,0.2222222222222222,0.0,0.0030864197530864196,z,z,x,0.13505128454243825
185,-0.4444444444444444,0.2222222222222222,0.0,0.0030864197530864196,z,z,y,0.009365689861749219
185,-0.4444444444444444,0.2222222222222222,0.0,0.0030864197530864196,z,z,z,0.0008939994520026318
186,-0.4444444444444444,0.2777777777777778,0.0,0.0030864197530864196,x,x,x,0.03785565630841685
186,-0.4444444444444444,0.2777777777777778,0.0,0.0030864197530864196,x,x,y,2.440792211358834e-07
186,-0.4444444444444444,0.2777777777777778,0.0,0.0030864197530864196,x,x,z,-9.629128620614632e-07
186,-0.4444444444444444,0.2777777777777778,0.0,0.0030864197530864196,x,y,x,-4.0312494651938797e-07
186,-0.4444444444444444,0.2777777777777778,0.0,0.0030864197530864196,x,y,y,-0.14248061248133306
186,-0.4444444444444444,0.2777777777777778,0.0,0.0030864197530864196,x,y,z,0.5909287228780515
186,-0.4444444444444444,0.2777777777777778,0.0,0.0030864197530864196,x,z,x,1.5492463639096821e-06
186,-0.4444444444444444,0.2777777777777778,0.0,0.0030864197530864196,x,z,y,-0.7308150425862978
186,-0.4444444444444444,0.2777777777777778,0.0,0.0030864197530864196,x,z,z,-0.01187570200053584
186,-0.4444444444444444,0.2777777777777778,0.0,0.0030864197530864196,y,x,x,3.762782509134782e-07
186,-0.4444444444444444,0.2777777777777778,0.0,0.0030864197530864196,y,x,y,-0.03931918462610559
186,-0.4444444444444444,0.2777777777777778,0.0,0.0030864197530864196,y,x,z,-0.45986636120358393
186,-0.4444444444444444,0.2777777777777778,0.0,0.0030864197530864196,y,y,x,-0.39938105343489394
186,-0.4444444444444444,0.2777777777777778,0.0,0.0030864197530864196,y,y,y,-6.432893947081489e-07
186,-0.4444444444444444,0.2777777777777778,0.0,0.0030864197530864196,y,y,z,5.69748213520296e-07
186,-0.4444444444444444,0.2777777777777778,0.0,0.0030864197530864196,y,z,x,0.856395822748142
186,-0.4444444444444444,0.2777777777777778,0.0,0.0030864197530864196,y,z,y,-1.3059379644288525e-06
186,-0.4444444444444444,0.2777777777777778,0.0,0.0030864197530864196,y,z,z,8.946193777984888e-08
186,-0.4444444444444444,0.2777777777777778,0.0,0.0030864197530864196,z,x,x,8.854708021124131e-08
186,-0.4444444444444444,0.2777777777777778,0.0,0.0030864197530864196,z,x,y,0.9429965080133912
186,-0.4444444444444444,0.2777777777777778,0.0,0.0030864197530864196,z,x,z,-0.32258499249667527
186,-0.4444444444444444,0.2777777777777778,0.0,0.0030864197530864196,z,y,x,-0.7410415182971766
186,-0.4444444444444444,0.2777777777777778,0.0,0.0030864197530864196,z,y,y,-1.6422400645492625e-07
186,-0.4444444444444444,0.2777777777777778,0.0,0.0030864197530864196,z,y,z,-4.70401489617811e-07
186,-0.4444444444444444,0.2777777777777778,0.0,0.0030864197530864196,z,z,x,0.1631802379324673
186,-0.4444444444444444,0.2777777777777778,0.0,0.0030864197530864196,z,z,y,-3.479063076058833e-07
186,-0.4444444444444444,0.2777777777777778,0.0,0.0030864197530864196,z,z,z,5.0547131977027684e-08
187,-0.4444444444444444,0.3333333333333333,0.0,0.0030864197530864196,x,x,x,0.02475461590413213
187,-0.4444444444444444,0.3333333333333333,0.0,0.0030864197530864196,x,x,y,0.3060200689000802
187,-0.4444444444444444,0.3333333333333333,0.0,0.0030864197530864196,x,x,z,-0.06631222921748965
187,-0.4444444444444444,0.3333333333333333,0.0,0.0030864197530864196,x,y,x,-0.22495410682795053
187,-0.4444444444444444,0.3333333333333333,0.0,0.0030864197530864196,x,y,y,-0.15811368728699973
187,-0.4444444444444444,0.3333333333333333,0.0,0.0030864197530864196,x,y,z,0.541456713500901
187,-0.4444444444444444,0.3333333333333333,0.0,0.0030864197530864196,x,z,x,-0.039959602495163914
187,-0.4444444444444444,0.3333333333333333,0.0,0.0030864197530864196,x,z,y,-0.6598525547197456
187,-0.4444444444444444,0.3333333333333333,0.0,0.0030864197530864196,x,z,z,-0.0045961754462168075
187,-0.4444444444444444,0.3333333333333333,0.0,0.0030864197530864196,y,x,x,0.017324242847563235
187,-0.4444444444444444,0.3333333333333333,0.0,0.0030864197530864196,y,x,y,0.01183949195364872
187,-0.4444444444444444,0.3333333333333333,0.0,0.0030864197530864196,y,x,z,-0.43306511383178575
187,-0.4444444444444444,0.3333333333333333,0.0,0.0030864197530864196,y,y,x,-0.4389531184481724
187,-0.4444444444444444,0.3333333333333333,0.0,0.0030864197530864196,y,y,y,0.14099335371332283
187,-0.4444444444444444,0.3333333333333333,0.0,0.0030864197530864196,y,y,z,0.01882616606562394
187,-0.4444444444444444,0.3333333333333333,0.0,0.0030864197530864196,y,z,x,0.8159811911824045
187,-0.4444444444444444,0.3333333333333333,0.0,0.0030864197530864196,y,z,y,0.08761534032829912
187,-0.4444444444444444,0.3333333333333333,0.0,0.0030864197530864196,y,z,z,-0.016375134127903063
187,-0.4444444444444444,0.3333333333333333,0.0,0.0030864197530864196,z,x,x,-0.0751121573683902
187,-0.4444444444444444,0.3333333333333333,0.0,0.0030864197530864196,z,x,y,0.8774376190297908
187,-0.4444444444444444,0.3333333333333333,0.0,0.0030864197530864196,z,x,z,-0.30930507816096214
187,-0.4444444444444444,0.3333333333333333,0.0,0.0030864197530864196,z,y,x,-0.6822427007241462
187,-0.4444444444444444,0.3333333333333333,0.0,0.0030864197530864196,z,y,y,0.096126991757457
187,-0.4444444444444444,0.3333333333333333,0.0,0.0030864197530864196,z,y,z,0.15786840454709203
187,-0.4444444444444444,0.3333333333333333,0.0,0.0030864197530864196,z,z,x,0.1350510724322217
187,-0.4444444444444444,0.3333333333333333,0.0,0.0030864197530864196,z,z,y,-0.009366510568717859
187,-0.4444444444444444,0.3333333333333333,0.0,0.0030864197530864196,z,z,z,-0.0008939595876033134
188,-0.4444444444444444,0.3888888888888889,0.0,0.0030864197530864196,x,x,x,0.004118301314722067
188,-0.4444444444444444,0.3888888888888889,0.0,0.0030864197530864196,x,x,y,0.6189707243822508
188,-0.4444444444444444,0.3888888888888889,0.0,0.0030864197530864196,x,x,z,-0.0794027575105273
188,-0.4444444444444444,0.3888888888888889,0.0,0.0030864197530864196,x,y,x,-0.4663814853576397
188,-0.4444444444444444,0.3888888888888889,0.0,0.0030864197530864196,x,y,y,-0.20532748549590127
188,-0.4444444444444444,0.3888888888888889,0.0,0.0030864197530864196,x,y,z,0.4146305741012464
188,-0.4444444444444444,0.3888888888888889,0.0,0.0030864197530864196,x,z,x,-0.10247642475338661
188,-0.4444444444444444,0.3888888888888889,0.0,0.0030864197530864196,x,z,y,-0.5090639554707209
188,-0.4444444444444444,0.3888888888888889,0.0,0.0030864197530864196,x,z,z,0.0158407380681424
188,-0.4444444444444444,0.3888888888888889,0.0,0.0030864197530864196,y,x,x,0.053983559814154446
188,-0.4444444444444444,0.3888888888888889,0.0,0.0030864197530864196,y,x,y,0.1301948901156866
188,-0.4444444444444444,0.3888888888888889,0.0,0.0030864197530864196,y,x,z,-0.34775556853715817
188,-0.4444444444444444,0.3888888888888889,0.0,0.0030864197530864196,y,y,x,-0.5658420942215088
188,-0.4444444444444444,0.3888888888888889,0.0,0.0030864197530864196,y,y,y,0.2655890571944968
188,-0.4444444444444444,0.3888888888888889,0.0,0.0030864197530864196,y,y,z,0.023731264067460053
188,-0.4444444444444444,0.3888888888888889,0.0,0.0030864197530864196,y,z,x,0.7134073335837586
188,-0.4444444444444444,0.3888888888888889,0.0,0.0030864197530864196,y,z,y,0.1534051912513498
188,-0.4444444444444444,0.3888888888888889,0.0,0.0030864197530864196,y,z,z,-0.039557013664099354
188,-0.4444444444444444,0.3888888888888889,0.0,0.0030864197530864196,z,x,x,-0.1455730345758957
188,-0.4444444444444444,0.3888888888888889,0.0,0.0030864197530864196,z,x,y,0.7719793132416596
188,-0.4444444444444444,0.3888888888888889,0.0,0.0030864197530864196,z,x,z,-0.2369725878561331
188,-0.4444444444444444,0.3888888888888889,0.0,0.0030864197530864196,z,y,x,-0.5727261126408174
188,-0.4444444444444444,0.3888888888888889,0.0,0.0030864197530864196,z,y,y,0.16338008075805863
188,-0.4444444444444444,0.3888888888888889,0.0,0.0030864197530864196,z,y,z,0.22170148791620628
188,-0.4444444444444444,0.3888888888888889,0.0,0.0030864197530864196,z,z,x,0.041389785528151146
188,-0.4444444444444444,0.3888888888888889,0.0,0.0030864197530864196,z,z,y,0.04300410850557029
188,-0.4444444444444444,0.3888888888888889,0.0,0.0030864197530864196,z,z,z,-0.002482097194911456
189,-0.4444444444444444,0.4444444444444444,0.0,0.0030864197530864196,x,x,x,-0.0020877859883320733
189,-0.4444444444444444,0.4444444444444444,0.0,0.0030864197530864196,x,x,y,1.103416831413912
189,-0.4444444444444444,0.4444444444444444,0.0,0.0030864197530864196,x,x,z,0.014938515855798565
189,-0.4444444444444444,0.4444444444444444,0.0,0.0030864197530864196,x,y,x,-0.8763626514777113
189,-0.4444444444444444,0.4444444444444444,0.0,0.0030864197530864196,x,y,y,-0.3048188910953721
189,-0.4444444444444444,0.4444444444444444,0.0,0.0030864197530864196,x,y,z,0.2129443833629228
189,-0.4444444444444444,0.4444444444444444,0.0,0.0030864197530864196,x,z,x,-0.23288198196488366
189,-0.4444444444444444,0.4444444444444444,0.0,0.0030864197530864196,x,z,y,-0.3129894330540052
189,-0.4444444444444444,0.4444444444444444,0.0,0.0030864197530864196,x,z,z,0.048310273046010176
189,-0.4444444444444444,0.4444444444444444,0.0,0.0030864197530864196,y,x,x,0.1522670904152108
189,-0.4444444444444444,0.4444444444444444,0.0,0.0030864197530864196,y,x,y,0.2890546047665865
189,-0.4444444444444444,0.4444444444444444,0.0,0.0030864197530864196,y,x,z,-0.23020447977263744
189,-0.4444444444444444,0.4444444444444444,0.0,0.0030864197530864196,y,y,x,-0.8539634234497891
189,-0.4444444444444444,0.4444444444444444,0.0,0.0030864197530864196,y,y,y,0.37930840469785654
189,-0.4444444444444444,0.4444444444444444,0.0,0.0030864197530864196,y,y,z,-0.014935582128084952
189,-0.4444444444444444,0.4444444444444444,0.0,0.0030864197530864196,y,z,x,0.5819091662296381
189,-0.4444444444444444,0.4444444444444444,0.0,0.0030864197530864196,y,z,y,0.23287441122999866
189,-0.4444444444444444,0.4444444444444444,0.0,0.0030864197530864196,y,z,z,-0.08367206451536899
189,-0.4444444444444444,0.4444444444444444,0.0,0.0030864197530864196,z,x,x,-0.23300595363106505
189,-0.4444444444444444,0.4444444444444444,0.0,0.0030864197530864196,z,x,y,0.8334949052993055
189,-0.4444444444444444,0.4444444444444444,0.0,0.0030864197530864196,z,x,z,-0.03980322675700868
189,-0.4444444444444444,0.4444444444444444,0.0,0.0030864197530864196,z,y,x,-0.5644484710793124
189,-0.4444444444444444,0.4444444444444444,0.0,0.0030864197530864196,z,y,y,0.23300070647684112
189,-0.4444444444444444,0.4444444444444444,0.0,0.0030864197530864196,z,y,z,0.06895364481802664
189,-0.4444444444444444,0.4444444444444444,0.0,0.0030864197530864196,z,z,x,-0.17001896629808444
189,-0.4444444444444444,0.4444444444444444,0.0,0.0030864197530864196,z,z,y,0.2944645387684056
189,-0.4444444444444444,0.4444444444444444,0.0,0.0030864197530864196,z,z,z,-4.0378628060875365e-06
190,-0.4444444444444444,0.5,0.0,0.0030864197530864196,x,x,x,0.03660159317122026
190,-0.4444444444444444,0.5,0.0,0.0030864197530864196,x,x,y,1.9755210062199529
190,-0.4444444444444444,0.5,0.0,0.0030864197530864196,x,x,z,0.23664357576729336
190,-0.4444444444444444,0.5,0.0,0.0030864197530864196,x,y,x,-1.6581972807022312
190,-0.4444444444444444,0.5,0.0,0.0030864197530864196,x,y,y,-0.5202574833251864
190,-0.4444444444444444,0.5,0.0,0.0030864197530864196,x,y,z,-0.1268343365424943
190,-0.4444444444444444,0.5,0.0,0.0030864197530864196,x,z,x,-0.4362567888495629
190,-0.4444444444444444,0.5,0.0,0.0030864197530864196,x,z,y,-0.026182713721302212
190,-0.4444444444444444,0.5,0.0,0.0030864197530864196,x,z,z,0.08254282499770846
190,-0.4444444444444444,0.5,0.0,0.0030864197530864196,y,x,x,0.34228108757869724
190,-0.4444444444444444,0.5,0.0,0.0030864197530864196,y,x,y,0.5265443802733365
190,-0.4444444444444444,0.5,0.0,0.0030864197530864196,y,x,z,-0.0863366378219718
190,-0.4444444444444444,0.5,0.0,0.0030864197530864196,y,y,x,-1.473605909112129
190,-0.4444444444444444,0.5,0.0,0.0030864197530864196,y,y,y,0.5211582922856208
190,-0.4444444444444444,0.5,0.0,0.0030864197530864196,y,y,z,-0.15457452655136492
190,-0.4444444444444444,0.5,0.0,0.0030864197530864196,y,z,x,0.4341179005914403
190,-0.4444444444444444,0.5,0.0,0.0030864197530864196,y,z,y,0.36900070623368314
190,-0.4444444444444444,0.5,0.0,0.0030864197530864196,y,z,z,-0.14191662539424246
190,-0.4444444444444444,0.5,0.0,0.0030864197530864196,z,x,x,-0.3798204013706627
190,-0.4444444444444444,0.5,0.0,0.0030864197530864196,z,x,y,1.2345594423608444
190,-0.4444444444444444,0.5,0.0,0.0030864197530864196,z,x,z,0.34410642934415764
190,-0.4444444444444444,0.5,0.0,0.0030864197530864196,z,y,x,-0.7905906017097011
190,-0.4444444444444444,0.5,0.0,0.0030864197530864196,z,y,y,0.34907110279670667
190,-0.4444444444444444,0.5,0.0,0.0030864197530864196,z,y,z,-0.47080417862035945
190,-0.4444444444444444,0.5,0.0,0.0030864197530864196,z,z,x,-0.5609605440340187
190,-0.4444444444444444,0.5,0.0,0.0030864197530864196,z,z,y,0.9024738519327284
190,-0.4444444444444444,0.5,0.0,0.0030864197530864196,z,z,z,-0.001223589834733228
191,-0.4444444444444444,-0.4444444444444444,0.0,0.0030864197530864196,x,x,x,0.08081249749788243
191,-0.4444444444444444,-0.4444444444444444,0.0,0.0030864197530864196,x,x,y,2.5076111029827715
191,-0.4444444444444444,-0.4444444444444444,0.0,0.0030864197530864196,x,x,z,0.38175523539007417
191,-0.4444444444444444,-0.4444444444444444,0.0,0.0030864197530864196,x,y,x,-2.1422356658738977
191,-0.4444444444444444,-0.4444444444444444,0.0,0.0030864197530864196,x,y,y,-0.7415566663971422
191,-0.4444444444444444,-0.4444444444444444,0.0,0.0030864197530864196,x,y,z,-0.4638691166310112
191,-0.4444444444444444,-0.4444444444444444,0.0,0.0030864197530864196,x,z,x,-0.5879012534519674
191,-0.4444444444444444,-0.4444444444444444,0.0,0.0030864197530864196,x,z,y,0.3179342688960524
191,-0.4444444444444444,-0.4444444444444444,0.0,0.0030864197530864196,x,z,z,0.09748449670067784
191,-0.4444444444444444,-0.4444444444444444,0.0,0.0030864197530864196,y,x,x,0.3895401058245281
191,-0.4444444444444444,-0.4444444444444444,0.0,0.0030864197530864196,y,x,y,0.7201589612136367
191,-0.4444444444444444,-0.4444444444444444,0.0,0.0030864197530864196,y,x,z,0.023039741741278347
191,-0.4444444444444444,-0.4444444444444444,0.0,0.0030864197530864196,y,y,x,-1.964414063373892
191,-0.4444444444444444,-0.4444444444444444,0.0,0.0030864197530864196,y,y,y,0.7548870811525724
191,-0.4444444444444444,-0.4444444444444444,0.0,0.0030864197530864196,y,y,z,-0.3817207194859814
191,-0.4444444444444444,-0.4444444444444444,0.0,0.0030864197530864196,y,z,x,0.36093642848453394
191,-0.4444444444444444,-0.4444444444444444,0.0,0.0030864197530864196,y,z,y,0.5878684648316611
191,-0.4444444444444444,-0.4444444444444444,0.0,0.0030864197530864196,y,z,z,-0.16883699737552088
191,-0.4444444444444444,-0.4444444444444444,0.0,0.0030864197530864196,z,x,x,-0.48383147715527397
191,-0.4444444444444444,-0.4444444444444444,0.0,0.0030864197530864196,z,x,y,1.4315523206286838
191,-0.4444444444444444,-0.4444444444444444,0.0,0.0030864197530864196,z,x,z,0.5972101396873171
191,-0.4444444444444444,-0.4444444444444444,0.0,0.0030864197530864196,z,y,x,-0.8728820602775266
191,-0.4444444444444444,-0.4444444444444444,0.0,0.0030864197530864196,z,y,y,0.48383126071418076
191,-0.4444444444444444,-0.4444444444444444,0.0,0.0030864197530864196,z,y,z,-1.0343858346844326
191,-0.4444444444444444,-0.4444444444444444,0.0,0.0030864197530864196,z,z,x,-0.8193595686037495
191,-0.4444444444444444,-0.4444444444444444,0.0,0.0030864197530864196,z,z,y,1.4191507867906914
191,-0.4444444444444444,-0.4444444444444444,0.0,0.0030864197530864196,z,z,z,-8.247008743875587e-06
192,-0.4444444444444444,-0.3888888888888888,0.0,0.0030864197530864196,x,x,x,0.06028294586673214
192,-0.4444444444444444,-0.3888888888888888,0.0,0.0030864197530864196,x,x,y,1.5352113870875128
192,-0.4444444444444444,-0.3888888888888888,0.0,0.0030864197530864196,x,x,z,0.09740318483496482
192,-0.4444444444444444,-0.3888888888888888,0.0,0.0030864197530864196,x,y,x,-1.26760592719175
192,-0.4444444444444444,-0.3888888888888888,0.0,0.0030864197530864196,x,y,y,-0.6544852485557728
192,-0.4444444444444444,-0.3888888888888888,0.0,0.0030864197530864196,x,y,z,-0.1926993438226326
192,-0.4444444444444444,-0.3888888888888888,0.0,0.0030864197530864196,x,z,x,-0.35040656386133806
192,-0.4444444444444444,-0.3888888888888888,0.0,0.0030864197530864196,x,z,y,0.1683114608445538
192,-0.4444444444444444,-0.3888888888888888,0.0,0.0030864197530864196,x,z,z,0.0632554160785122
192,-0.4444444444444444,-0.3888888888888888,0.0,0.0030864197530864196,y,x,x,0.09620049424639085
192,-0.4444444444444444,-0.3888888888888888,0.0,0.0030864197530864196,y,x,y,0.5618017012744657
192,-0.4444444444444444,-0.3888888888888888,0.0,0.0030864197530864196,y,x,z,-0.07386325396412402
192,-0.4444444444444444,-0.3888888888888888,0.0,0.0030864197530864196,y,y,x,-1.4712253634333337
192,-0.4444444444444444,-0.3888888888888888,0.0,0.0030864197530864196,y,y,y,0.7891126939405405
192,-0.4444444444444444,-0.3888888888888888,0.0,0.0030864197530864196,y,y,z,-0.35674900496233275
192,-0.4444444444444444,-0.3888888888888888,0.0,0.0030864197530864196,y,z,x,0.5433898449482323
192,-0.4444444444444444,-0.3888888888888888,0.0,0.0030864197530864196,y,z,y,0.5477984522538896
192,-0.4444444444444444,-0.3888888888888888,0.0,0.0030864197530864196,y,z,z,-0.12109635839920388
192,-0.4444444444444444,-0.3888888888888888,0.0,0.0030864197530864196,z,x,x,-0.36148053169858857
192,-0.4444444444444444,-0.3888888888888888,0.0,0.0030864197530864196,z,x,y,0.8219610831690183
192,-0.4444444444444444,-0.3888888888888888,0.0,0.0030864197530864196,z,x,z,0.1250985390699629
192,-0.4444444444444444,-0.3888888888888888,0.0,0.0030864197530864196,z,y,x,-0.412349870072221
192,-0.4444444444444444,-0.3888888888888888,0.0,0.0030864197530864196,z,y,y,0.4543483594205982
192,-0.4444444444444444,-0.3888888888888888,0.0,0.0030864197530864196,z,y,z,-0.6471702804333513
192,-0.4444444444444444,-0.3888888888888888,0.0,0.0030864197530864196,z,z,x,-0.44431997301244275
192,-0.4444444444444444,-0.3888888888888888,0.0,0.0030864197530864196,z,z,y,1.0035675681445846
192,-0.4444444444444444,-0.3888888888888888,0.0,0.0030864197530864196,z,z,z,0.00013290007361579508
193,-0.4444444444444444,-0.3333333333333334,0.0,0.0030864197530864196,x,x,x,-0.02481767958566546
193,-0.4444444444444444,-0.3333333333333334,0.0,0.0030864197530864196,x,x,y,0.7395990985806803
193,-0.4444444444444444,-0.3333333333333334,0.0,0.0030864197530864196,x,x,z,-0.1271836908529441
193,-0.4444444444444444,-0.3333333333333334,0.0,0.0030864197530864196,x,y,x,-0.5813430159504095
193,-0.4444444444444444,-0.3333333333333334,0.0,0.0030864197530864196,x,y,y,-0.37915124427950103
193,-0.4444444444444444,-0.3333333333333334,0.0,0.0030864197530864196,x,y,z,0.3142611646576878
193,-0.4444444444444444,-0.3333333333333334,0.0,0.0030864197530864196,x,z,x,-0.1111167839506599
193,-0.4444444444444444,-0.3333333333333334,0.0,0.0030864197530864196,x,z,y,-0.2302007913170674
193,-0.4444444444444444,-0.3333333333333334,0.0,0.0030864197530864196,x,z,z,0.008044684109934466
193,-0.4444444444444444,-0.3333333333333334,0.0,0.0030864197530864196,y,x,x,-0.0892266257126676
193,-0.4444444444444444,-0.3333333333333334,0.0,0.0030864197530864196,y,x,y,0.40850512283364493
193,-0.4444444444444444,-0.3333333333333334,0.0,0.0030864197530864196,y,x,z,-0.3175780400420871
193,-0.4444444444444444,-0.3333333333333334,0.0,0.0030864197530864196,y,y,x,-0.9602845590082993
193,-0.4444444444444444,-0.3333333333333334,0.0,0.0030864197530864196,y,y,y,0.513636765301076
193,-0.4444444444444444,-0.3333333333333334,0.0,0.0030864197530864196,y,y,z,-0.17092516955925985
193,-0.4444444444444444,-0.3333333333333334,0.0,0.0030864197530864196,y,z,x,0.7791397431779139
193,-0.4444444444444444,-0.3333333333333334,0.0,0.0030864197530864196,y,z,y,0.38310737545815743
193,-0.4444444444444444,-0.3333333333333334,0.0,0.0030864197530864196,y,z,z,-0.04977066971400331
193,-0.4444444444444444,-0.3333333333333334,0.0,0.0030864197530864196,z,x,x,-0.17035063544727908
193,-0.4444444444444444,-0.3333333333333334,0.0,0.0030864197530864196,z,x,y,0.5239101227127713
193,-0.4444444444444444,-0.3333333333333334,0.0,0.0030864197530864196,z,x,z,-0.35653772545964857
193,-0.4444444444444444,-0.3333333333333334,0.0,0.0030864197530864196,z,y,x,-0.2510395174800304
193,-0.4444444444444444,-0.3333333333333334,0.0,0.0030864197530864196,z,y,y,0.3253438700382565
193,-0.4444444444444444,-0.3333333333333334,0.0,0.0030864197530864196,z,y,z,-0.15522779268870376
193,-0.4444444444444444,-0.3333333333333334,0.0,0.0030864197530864196,z,z,x,0.02147215705339343
193,-0.4444444444444444,-0.3333333333333334,0.0,0.0030864197530864196,z,z,y,0.39556081856873865
193,-0.4444444444444444,-0.3333333333333334,0.0,0.0030864197530864196,z,z,z,-0.00852445202524479
194,-0.4444444444444444,-0.2777777777777778,0.0,0.0030864197530864196,x,x,x,-0.07327025076606797
194,-0.4444444444444444,-0.2777777777777778,0.0,0.0030864197530864196,x,x,y,0.34243978849460116
194,-0.4444444444444444,-0.2777777777777778,0.0,0.0030864197530864196,x,x,z,-0.11799337751296886
194,-0.4444444444444444,-0.2777777777777778,0.0,0.0030864197530864196,x,y,x,-0.26463918539746994
194,-0.4444444444444444,-0.2777777777777778,0.0,0.0030864197530864196,x,y,y,-0.17176358353884036
194,-0.4444444444444444,-0.2777777777777778,0.0,0.0030864197530864196,x,y,z,0.6727208830542979
194,-0.4444444444444444,-0.2777777777777778,0.0,0.0030864197530864196,x,z,x,-0.018844113255318172
194,-0.4444444444444444,-0.2777777777777778,0.0,0.0030864197530864196,x,z,y,-0.5476645353631521
194,-0.4444444444444444,-0.2777777777777778,0.0,0.0030864197530864196,x,z,z,-0.017027700397134585
194,-0.4444444444444444,-0.2777777777777778,0.0,0.0030864197530864196,y,x,x,-0.07855571989256768
194,-0.4444444444444444,-0.2777777777777778,0.0,0.0030864197530864196,y,x,y,0.24035665899052597
194,-0.4444444444444444,-0.2777777777777778,0.0,0.0030864197530864196,y,x,z,-0.49206169781462145
194,-0.4444444444444444,-0.2777777777777778,0.0,0.0030864197530864196,y,y,x,-0.7144998272586561
194,-0.4444444444444444,-0.2777777777777778,0.0,0.0030864197530864196,y,y,y,0.22156052314256425
194,-0.4444444444444444,-0.2777777777777778,0.0,0.0030864197530864196,y,y,z,-0.059693257415259646
194,-0.4444444444444444,-0.2777777777777778,0.0,0.0030864197530864196,y,z,x,0.9063142433921433
194,-0.4444444444444444,-0.2777777777777778,0.0,0.0030864197530864196,y,z,y,0.18577579988190107
194,-0.4444444444444444,-0.2777777777777778,0.0,0.0030864197530864196,y,z,z,-0.013390462465427369
194,-0.4444444444444444,-0.2777777777777778,0.0,0.0030864197530864196,z,x,x,-0.0653312096133484
194,-0.4444444444444444,-0.2777777777777778,0.0,0.0030864197530864196,z,x,y,0.5671276786064907
194,-0.4444444444444444,-0.2777777777777778,0.0,0.0030864197530864196,z,x,z,-0.5376984971134172
194,-0.4444444444444444,-0.2777777777777778,0.0,0.0030864197530864196,z,y,x,-0.3045927708788011
194,-0.4444444444444444,-0.2777777777777778,0.0,0.0030864197530864196,z,y,y,0.18422151885008253
194,-0.4444444444444444,-0.2777777777777778,0.0,0.0030864197530864196,z,y,z,-0.0052503785771544215
194,-0.4444444444444444,-0.2777777777777778,0.0,0.0030864197530864196,z,z,x,0.22161245183361414
194,-0.4444444444444444,-0.2777777777777778,0.0,0.0030864197530864196,z,z,y,0.1286454595143795
194,-0.4444444444444444,-0.2777777777777778,0.0,0.0030864197530864196,z,z,z,-0.009553787096414237
195,-0.4444444444444444,-0.2222222222222222,0.0,0.0030864197530864196,x,x,x,-0.09405526198137171
195,-0.4444444444444444,-0.2222222222222222,0.0,0.0030864197530864196,x,x,y,1.623146622730475e-06
195,-0.4444444444444444,-0.2222222222222222,0.0,0.0030864197530864196,x,x,z,-1.673033461790165e-06
195,-0.4444444444444444,-0.2222222222222222,0.0,0.0030864197530864196,x,y,x,-1.4095699432581764e-06
195,-0.4444444444444444,-0.2222222222222222,0.0,0.0030864197530864196,x,y,y,-0.09702774045227287
195,-0.4444444444444444,-0.2222222222222222,0.0,0.0030864197530864196,x,y,z,0.7813554979441828
195,-0.4444444444444444,-0.2222222222222222,0.0,0.0030864197530864196,x,z,x,2.1292726336281226e-06
195,-0.4444444444444444,-0.2222222222222222,0.0,0.0030864197530864196,x,z,y,-0.6764167010474413
195,-0.4444444444444444,-0.2222222222222222,0.0,0.0030864197530864196,x,z,z,-0.02329538900243258
195,-0.4444444444444444,-0.2222222222222222,0.0,0.0030864197530864196,y,x,x,9.663589282982639e-07
195,-0.4444444444444444,-0.2222222222222222,0.0,0.0030864197530864196,y,x,y,0.1671801693398574
195,-0.4444444444444444,-0.2222222222222222,0.0,0.0030864197530864196,y,x,z,-0.5644655405257856
195,-0.4444444444444444,-0.2222222222222222,0.0,0.0030864197530864196,y,y,x,-0.6306924490672751
195,-0.4444444444444444,-0.2222222222222222,0.0,0.0030864197530864196,y,y,y,-4.560641933170815e-07
195,-0.4444444444444444,-0.2222222222222222,0.0,0.0030864197530864196,y,y,z,6.070650582136003e-07
195,-0.4444444444444444,-0.2222222222222222,0.0,0.0030864197530864196,y,z,x,0.9481414869307014
195,-0.4444444444444444,-0.2222222222222222,0.0,0.0030864197530864196,y,z,y,-1.6521324939383235e-06
195,-0.4444444444444444,-0.2222222222222222,0.0,0.0030864197530864196,y,z,z,5.447036520046648e-08
195,-0.4444444444444444,-0.2222222222222222,0.0,0.0030864197530864196,z,x,x,1.8114445876740758e-07
195,-0.4444444444444444,-0.2222222222222222,0.0,0.0030864197530864196,z,x,y,0.6031211003601312
195,-0.4444444444444444,-0.2222222222222222,0.0,0.0030864197530864196,z,x,z,-0.5847076840224316
195,-0.4444444444444444,-0.2222222222222222,0.0,0.0030864197530864196,z,y,x,-0.3322796957239184
195,-0.4444444444444444,-0.2222222222222222,0.0,0.0030864197530864196,z,y,y,-2.019786017536498e-07
195,-0.4444444444444444,-0.2222222222222222,0.0,0.0030864197530864196,z,y,z,-3.5005936173821686e-07
195,-0.4444444444444444,-0.2222222222222222,0.0,0.0030864197530864196,z,z,x,0.27810178509188854
195,-0.4444444444444444,-0.2222222222222222,0.0,0.0030864197530864196,z,z,y,-1.735193555279439e-07
195,-0.4444444444444444,-0.2222222222222222,0.0,0.0030864197530864196,z,z,z,3.728277486389486e-08
196,-0.4444444444444444,-0.1666666666666666,0.0,0.0030864197530864196,x,x,x,-0.0732696477104396
196,-0.4444444444444444,-0.1666666666666666,0.0,0.0030864197530864196,x,x,y,-0.34243617264428755
196,-0.4444444444444444,-0.1666666666666666,0.0,0.0030864197530864196,x,x,z,0.1179899384853044
196,-0.4444444444444444,-0.1666666666666666,0.0,0.0030864197530864196,x,y,x,0.2646358877734358
196,-0.4444444444444444,-0.1666666666666666,0.0,0.0030864197530864196,x,y,y,-0.17176436341740434
196,-0.4444444444444444,-0.1666666666666666,0.0,0.0030864197530864196,x,y,z,0.6727202833434055
196,-0.4444444444444444,-0.1666666666666666,0.0,0.0030864197530864196,x,z,x,0.01884834065444571
196,-0.4444444444444444,-0.1666666666666666,0.0,0.0030864197530864196,x,z,y,-0.547664216361239
196,-0.4444444444444444,-0.1666666666666666,0.0,0.0030864197530864196,x,z,z,-0.017027615009385873
196,-0.4444444444444444,-0.1666666666666666,0.0,0.0030864197530864196,y,x,x,0.07855757469772286
196,-0.4444444444444444,-0.1666666666666666,0.0,0.0030864197530864196,y,x,y,0.24035765218668037
196,-0.4444444444444444,-0.1666666666666666,0.0,0.0030864197530864196,y,x,z,-0.4920614549873987
196,-0.4444444444444444,-0.1666666666666666,0.0,0.0030864197530864196,y,y,x,-0.714499292678579
196,-0.4444444444444444,-0.1666666666666666,0.0,0.0030864197530864196,y,y,y,-0.22156126263283177
196,-0.4444444444444444,-0.1666666666666666,0.0,0.0030864197530864196,y,y,z,0.05969437479352353
196,-0.4444444444444444,-0.1666666666666666,0.0,0.0030864197530864196,y,z,x,0.9063136179970284
196,-0.4444444444444444,-0.1666666666666666,0.0,0.0030864197530864196,y,z,y,-0.18577849819373424
196,-0.4444444444444444,-0.1666666666666666,0.0,0.0030864197530864196,y,z,z,0.013390599126191892
196,-0.4444444444444444,-0.1666666666666666,0.0,0.0030864197530864196,z,x,x,0.06533168301986784
196,-0.4444444444444444,-0.1666666666666666,0.0,0.0030864197530864196,z,x,y,0.5671262630295343
196,-0.4444444444444444,-0.1666666666666666,0.0,0.0030864197530864196,z,x,z,-0.5376980491179
196,-0.4444444444444444,-0.1666666666666666,0.0,0.0030864197530864196,z,y,x,-0.30459227751049867
196,-0.4444444444444444,-0.1666666666666666,0.0,0.0030864197530864196,z,y,y,-0.184221612275887
196,-0.4444444444444444,-0.1666666666666666,0.0,0.0030864197530864196,z,y,z,0.005249844357385679
196,-0.4444444444444444,-0.1666666666666666,0.0,0.0030864197530864196,z,z,x,0.22161273862103478
196,-0.4444444444444444,-0.1666666666666666,0.0,0.0030864197530864196,z,z,y,-0.12864588527233004
196,-0.4444444444444444,-0.1666666666666666,0.0,0.0030864197530864196,z,z,z,0.009553792122680186
197,-0.4444444444444444,-0.1111111111111112,0.0,0.0030864197530864196,x,x,x,-0.024816918313967748
197,-0.4444444444444444,-0.1111111111111112,0.0,0.0030864197530864196,x,x,y,-0.7395938959625702
197,-0.4444444444444444,-0.1111111111111112,0.0,0.0030864197530864196,x,x,z,0.12718075988264668
197,-0.4444444444444444,-0.1111111111111112,0.0,0.0030864197530864196,x,y,x,0.5813381127341072
197,-0.4444444444444444,-0.1111111111111112,0.0,0.0030864197530864196,x,y,y,-0.37915201055709524
197,-0.4444444444444444,-0.1111111111111112,0.0,0.0030864197530864196,x,y,z,0.314262353043208
197,-0.4444444444444444,-0.1111111111111112,0.0,0.0030864197530864196,x,z,x,0.1111202742661298
197,-0.4444444444444444,-0.1111111111111112,0.0,0.0030864197530864196,x,z,y,-0.2302020304776163
197,-0.4444444444444444,-0.1111111111111112,0.0,0.0030864197530864196,x,z,z,0.008044951482149927
197,-0.4444444444444444,-0.1111111111111112,0.0,0.0030864197530864196,y,x,x,0.08922840419263635
197,-0.4444444444444444,-0.1111111111111112,0.0,0.0030864197530864196,y,x,y,0.4085068574306521
197,-0.4444444444444444,-0.1111111111111112,0.0,0.0030864197530864196,y,x,z,-0.31757827209773487
197,-0.4444444444444444,-0.1111111111111112,0.0,0.0030864197530864196,y,y,x,-0.960283168507394
197,-0.4444444444444444,-0.1111111111111112,0.0,0.0030864197530864196,y,y,y,-0.513636753143879
197,-0.4444444444444444,-0.1111111111111112,0.0,0.0030864197530864196,y,y,z,0.17092552022316337
197,-0.4444444444444444,-0.1111111111111112,0.0,0.0030864197530864196,y,z,x,0.7791388916695927
197,-0.4444444444444444,-0.1111111111111112,0.0,0.0030864197530864196,y,z,y,-0.3831084064169069
197,-0.4444444444444444,-0.1111111111111112,0.0,0.0030864197530864196,y,z,z,0.04977079556552038
197,-0.4444444444444444,-0.1111111111111112,0.0,0.0030864197530864196,z,x,x,0.17035060812288355
197,-0.4444444444444444,-0.1111111111111112,0.0,0.0030864197530864196,z,x,y,0.5239068550203007
197,-0.4444444444444444,-0.1111111111111112,0.0,0.0030864197530864196,z,x,z,-0.3565373277495154
197,-0.4444444444444444,-0.1111111111111112,0.0,0.0030864197530864196,z,y,x,-0.2510381730143274
197,-0.4444444444444444,-0.1111111111111112,0.0,0.0030864197530864196,z,y,y,-0.32534348784411726
197,-0.4444444444444444,-0.1111111111111112,0.0,0.0030864197530864196,z,y,z,0.155227266356637
197,-0.4444444444444444,-0.1111111111111112,0.0,0.0030864197530864196,z,z,x,0.02147333009924493
197,-0.4444444444444444,-0.1111111111111112,0.0,0.0030864197530864196,z,z,y,-0.3955609072399675
197,-0.4444444444444444,-0.1111111111111112,0.0,0.0030864197530864196,z,z,z,0.00852431410084573
198,-0.4444444444444444,-0.0555555555555556,0.0,0.0030864197530864196,x,x,x,0.06028285241690672
198,-0.4444444444444444,-0.0555555555555556,0.0,0.0030864197530864196,x,x,y,-1.5352015734290647
198,-0.4444444444444444,-0.0555555555555556,0.0,0.0030864197530864196,x,x,z,-0.09740284649024494
198,-0.4444444444444444,-0.0555555555555556,0.0,0.0030864197530864196,x,y,x,1.2675963315791483
198,-0.4444444444444444,-0.0555555555555556,0.0,0.0030864197530864196,x,y,y,-0.6544848115101929
198,-0.4444444444444444,-0.0555555555555556,0.0,0.0030864197530864196,x,y,z,-0.19269321955160199
198,-0.4444444444444444,-0.0555555555555556,0.0,0.0030864197530864196,x,z,x,0.35040718701813944
198,-0.4444444444444444,-0.0555555555555556,0.0,0.0030864197530864196,x,z,y,0.16830634694949725
198,-0.4444444444444444,-0.0555555555555556,0.0,0.0030864197530864196,x,z,z,0.06325556126991881
198,-0.4444444444444444,-0.0555555555555556,0.0,0.0030864197530864196,y,x,x,-0.09619806258081903
198,-0.4444444444444444,-0.0555555555555556,0.0,0.0030864197530864196,y,x,y,0.5618044515023406
198,-0.4444444444444444,-0.0555555555555556,0.0,0.0030864197530864196,y,x,z,-0.07386453928730216
198,-0.4444444444444444,-0.0555555555555556,0.0,0.0030864197530864196,y,y,x,-1.471222722685482
198,-0.4444444444444444,-0.0555555555555556,0.0,0.0030864197530864196,y,y,y,-0.7891110962700354
198,-0.4444444444444444,-0.0555555555555556,0.0,0.0030864197530864196,y,y,z,0.35674756842503824
198,-0.4444444444444444,-0.0555555555555556,0.0,0.0030864197530864196,y,z,x,0.5433898625686412
198,-0.4444444444444444,-0.0555555555555556,0.0,0.0030864197530864196,y,z,y,-0.5477969399172343
198,-0.4444444444444444,-0.0555555555555556,0.0,0.0030864197530864196,y,z,z,0.12109644742722467
198,-0.4444444444444444,-0.0555555555555556,0.0,0.0030864197530864196,z,x,x,0.36147854512477856
198,-0.4444444444444444,-0.0555555555555556,0.0,0.0030864197530864196,z,x,y,0.8219528709971199
198,-0.4444444444444444,-0.0555555555555556,0.0,0.0030864197530864196,z,x,z,0.12509708316746748
198,-0.4444444444444444,-0.0555555555555556,0.0,0.0030864197530864196,z,y,x,-0.41234490628186454
198,-0.4444444444444444,-0.0555555555555556,0.0,0.0030864197530864196,z,y,y,-0.45434658346707807
198,-0.4444444444444444,-0.0555555555555556,0.0,0.0030864197530864196,z,y,z,0.6471688047375191
198,-0.4444444444444444,-0.0555555555555556,0.0,0.0030864197530864196,z,z,x,-0.44431631554902284
198,-0.4444444444444444,-0.0555555555555556,0.0,0.0030864197530864196,z,z,y,-1.003566092244123
198,-0.4444444444444444,-0.0555555555555556,0.0,0.0030864197530864196,z,z,z,-0.00013316988539622675
199,-0.3888888888888888,0.0,0.0,0.0030864197530864196,x,x,x,0.02715134643171319
199,-0.3888888888888888,0.0,0.0,0.0030864197530864196,x,x,y,-1.6767806483702035
199,-0.3888888888888888,0.0,0.0,0.0030864197530864196,x,x,z,-0.5285140918021973
199,-0.3888888888888888,0.0,0.0,0.0030864197530864196,x,y,x,0.9906252803268009
199,-0.3888888888888888,0.0,0.0,0.0030864197530864196,x,y,y,-0.8373504364175468
199,-0.3888888888888888,0.0,0.0,0.0030864197530864196,x,y,z,-0.7280375866925987
199,-0.3888888888888888,0.0,0.0,0.0030864197530864196,x,z,x,0.8635665077549914
199,-0.3888888888888888,0.0,0.0,0.0030864197530864196,x,z,y,0.6701785394289729
199,-0.3888888888888888,0.0,0.0,0.0030864197530864196,x,z,z,0.07195887364232202
199,-0.3888888888888888,0.0,0.0,0.0030864197530864196,y,x,x,-0.35856981925543263
199,-0.3888888888888888,0.0,0.0,0.0030864197530864196,y,x,y,-0.05837227170290733
199,-0.3888888888888888,0.0,0.0,0.0030864197530864196,y,x,z,0.1177681127234528
199,-0.3888888888888888,0.0,0.0,0.0030864197530864196,y,y,x,-1.5984277171905412
199,-0.3888888888888888,0.0,0.0,0.0030864197530864196,y,y,y,-1.0447330498462426
199,-0.3888888888888888,0.0,0.0,0.0030864197530864196,y,y,z,0.5285248789349123
199,-0.3888888888888888,0.0,0.0,0.0030864197530864196,y,z,x,0.32697559275759625
199,-0.3888888888888888,0.0,0.0,0.0030864197530864196,y,z,y,-0.863572910046868
199,-0.3888888888888888,0.0,0.0,0.0030864197530864196,y,z,z,0.1246383269752021
199,-0.3888888888888888,0.0,0.0,0.0030864197530864196,z,x,x,0.5399222148527748
199,-0.3888888888888888,0.0,0.0,0.0030864197530864196,z,x,y,0.4563789210983746
199,-0.3888888888888888,0.0,0.0,0.0030864197530864196,z,x,z,0.676497437914663
199,-0.3888888888888888,0.0,0.0,0.0030864197530864196,z,y,x,0.1670706336872284
199,-0.3888888888888888,0.0,0.0,0.0030864197530864196,z,y,y,-0.5399242677739948
199,-0.3888888888888888,0.0,0.0,0.0030864197530864196,z,y,z,1.1717375174795788
199,-0.3888888888888888,0.0,0.0,0.0030864197530864196,z,z,x,-0.8672769903262477
199,-0.3888888888888888,0.0,0.0,0.0030864197530864196,z,z,y,-1.502181592256407
199,-0.3888888888888888,0.0,0.0,0.0030864197530864196,z,z,z,-2.023977693753354e-06
200,-0.3888888888888888,0.0555555555555556,0.0,0.0030864197530864196,x,x,x,-0.012383846393782347
200,-0.3888888888888888,0.0555555555555556,0.0,0.0030864197530864196,x,x,y,-1.8495685386319314
200,-0.3888888888888888,0.0555555555555556,0.0,0.0030864197530864196,x,x,z,-0.3586256600142606
200,-0.3888888888888888,0.0555555555555556,0.0,0.0030864197530864196,x,y,x,1.312491082192472
200,-0.3888888888888888,0.0555555555555556,0.0,0.0030864197530864196,x,y,y,-0.4572258989420036
200,-0.3888888888888888,0.0555555555555556,0.0,0.0030864197530864196,x,y,z,-0.18941553796941024
200,-0.3888888888888888,0.0555555555555556,0.0,0.0030864197530864196,x,z,x,0.631415735013735
200,-0.3888888888888888,0.0555555555555556,0.0,0.0030864197530864196,x,z,y,0.023461656203716392
200,-0.3888888888888888,0.0555555555555556,0.0,0.0030864197530864196,x,z,z,0.07324947969553881
200,-0.3888888888888888,0.0555555555555556,0.0,0.0030864197530864196,y,x,x,-0.42274673554984993
200,-0.3888888888888888,0.0555555555555556,0.0,0.0030864197530864196,y,x,y,0.11573222579861148
200,-0.3888888888888888,0.0555555555555556,0.0,0.0030864197530864196,y,x,z,-0.07061204831767533
200,-0.3888888888888888,0.0555555555555556,0.0,0.0030864197530864196,y,y,x,-1.2950763515975614
200,-0.3888888888888888,0.0555555555555556,0.0,0.0030864197530864196,y,y,y,-0.534502801553727
200,-0.3888888888888888,0.0555555555555556,0.0,0.0030864197530864196,y,y,z,0.09927048843431346
200,-0.3888888888888888,0.0555555555555556,0.0,0.0030864197530864196,y,z,x,0.3985619474070924
200,-0.3888888888888888,0.0555555555555556,0.0,0.0030864197530864196,y,z,y,-0.4340098137042743
200,-0.3888888888888888,0.0555555555555556,0.0,0.0030864197530864196,y,z,z,0.11532991194675817
200,-0.3888888888888888,0.0555555555555556,0.0,0.0030864197530864196,z,x,x,0.4277531061735171
200,-0.3888888888888888,0.0555555555555556,0.0,0.0030864197530864196,z,x,y,0.8680064669248055
200,-0.3888888888888888,0.0555555555555556,0.0,0.0030864197530864196,z,x,z,0.49790907741704304
200,-0.3888888888888888,0.0555555555555556,0.0,0.0030864197530864196,z,y,x,-0.3662937243087861
200,-0.3888888888888888,0.0555555555555556,0.0,0.0030864197530864196,z,y,y,-0.3348854842790931
200,-0.3888888888888888,0.0555555555555556,0.0,0.0030864197530864196,z,y,z,0.43190927068045865
200,-0.3888888888888888,0.0555555555555556,0.0,0.0030864197530864196,z,z,x,-0.6469460273732758
200,-0.3888888888888888,0.0555555555555556,0.0,0.0030864197530864196,z,z,y,-0.886554392028119
200,-0.3888888888888888,0.0555555555555556,0.0,0.0030864197530864196,z,z,z,0.00013815368534446083
201,-0.3888888888888888,0.1111111111111111,0.0,0.0030864197530864196,x,x,x,-0.0065325030518418835
201,-0.3888888888888888,0.1111111111111111,0.0,0.0030864197530864196,x,x,y,-1.1625773781881326
201,-0.3888888888888888,0.1111111111111111,0.0,0.0030864197530864196,x,x,z,-0.10027040224888514
201,-0.3888888888888888,0.1111111111111111,0.0,0.0030864197530864196,x,y,x,0.8229112334258954
201,-0.3888888888888888,0.1111111111111111,0.0,0.0030864197530864196,x,y,y,-0.2615601604533435
201,-0.3888888888888888,0.1111111111111111,0.0,0.0030864197530864196,x,y,z,0.23552688347589606
201,-0.3888888888888888,0.1111111111111111,0.0,0.0030864197530864196,x,z,x,0.35445620133889555
201,-0.3888888888888888,0.1111111111111111,0.0,0.0030864197530864196,x,z,y,-0.3671486651142572
201,-0.3888888888888888,0.1111111111111111,0.0,0.0030864197530864196,x,z,z,0.0467588152240236
201,-0.3888888888888888,0.1111111111111111,0.0,0.0030864197530864196,y,x,x,-0.21199007630749558
201,-0.3888888888888888,0.1111111111111111,0.0,0.0030864197530864196,y,x,y,0.15572558098732775
201,-0.3888888888888888,0.1111111111111111,0.0,0.0030864197530864196,y,x,z,-0.24481799602371768
201,-0.3888888888888888,0.1111111111111111,0.0,0.0030864197530864196,y,y,x,-0.7821568877753332
201,-0.3888888888888888,0.1111111111111111,0.0,0.0030864197530864196,y,y,y,-0.3316176667530884
201,-0.3888888888888888,0.1111111111111111,0.0,0.0030864197530864196,y,y,z,-0.05928620067999423
201,-0.3888888888888888,0.1111111111111111,0.0,0.0030864197530864196,y,z,x,0.5566136842638569
201,-0.3888888888888888,0.1111111111111111,0.0,0.0030864197530864196,y,z,y,-0.2118139874966144
201,-0.3888888888888888,0.1111111111111111,0.0,0.0030864197530864196,y,z,z,0.07346069252713937
201,-0.3888888888888888,0.1111111111111111,0.0,0.0030864197530864196,z,x,x,0.2712679220839956
201,-0.3888888888888888,0.1111111111111111,0.0,0.0030864197530864196,z,x,y,0.7734141085323848
201,-0.3888888888888888,0.1111111111111111,0.0,0.0030864197530864196,z,x,z,0.12405431660296601
201,-0.3888888888888888,0.1111111111111111,0.0,0.0030864197530864196,z,y,x,-0.4875712980872435
201,-0.3888888888888888,0.1111111111111111,0.0,0.0030864197530864196,z,y,y,-0.19898612111759442
201,-0.3888888888888888,0.1111111111111111,0.0,0.0030864197530864196,z,y,z,-0.14227647036214147
201,-0.3888888888888888,0.1111111111111111,0.0,0.0030864197530864196,z,z,x,-0.26247824553138693
201,-0.3888888888888888,0.1111111111111111,0.0,0.0030864197530864196,z,z,y,-0.24881548136597864
201,-0.3888888888888888,0.1111111111111111,0.0,0.0030864197530864196,z,z,z,-0.002508619682177821
202,-0.3888888888888888,0.1666666666666667,0.0,0.0030864197530864196,x,x,x,0.02261936975436939
202,-0.3888888888888888,0.1666666666666667,0.0,0.0030864197530864196,x,x,y,-0.6819875537877215
202,-0.3888888888888888,0.1666666666666667,0.0,0.0030864197530864196,x,x,z,0.026909076973056514
202,-0.3888888888888888,0.1666666666666667,0.0,0.0030864197530864196,x,y,x,0.46348212470037875
202,-0.3888888888888888,0.1666666666666667,0.0,0.0030864197530864196,x,y,y,-0.19877422586968005
202,-0.3888888888888888,0.1666666666666667,0.0,0.0030864197530864196,x,y,z,0.4091340221645339
202,-0.3888888888888888,0.1666666666666667,0.0,0.0030864197530864196,x,z,x,0.17791625583783313
202,-0.3888888888888888,0.1666666666666667,0.0,0.0030864197530864196,x,z,y,-0.5515200993739067
202,-0.3888888888888888,0.1666666666666667,0.0,0.0030864197530864196,x,z,z,0.02633880208845329
202,-0.3888888888888888,0.1666666666666667,0.0,0.0030864197530864196,y,x,x,-0.0872796767945987
202,-0.3888888888888888,0.1666666666666667,0.0,0.0030864197530864196,y,x,y,0.08411608209527803
202,-0.3888888888888888,0.1666666666666667,0.0,0.0030864197530864196,y,x,z,-0.35325798940437336
202,-0.3888888888888888,0.1666666666666667,0.0,0.0030864197530864196,y,y,x,-0.5078117645766786
202,-0.3888888888888888,0.1666666666666667,0.0,0.0030864197530864196,y,y,y,-0.24676302955173054
202,-0.3888888888888888,0.1666666666666667,0.0,0.0030864197530864196,y,y,z,-0.08257726758036481
202,-0.3888888888888888,0.1666666666666667,0.0,0.0030864197530864196,y,z,x,0.670952847369087
202,-0.3888888888888888,0.1666666666666667,0.0,0.0030864197530864196,y,z,y,-0.1269860770104616
202,-0.3888888888888888,0.1666666666666667,0.0,0.0030864197530864196,y,z,z,0.03349874669158481
202,-0.3888888888888888,0.1666666666666667,0.0,0.0030864197530864196,z,x,x,0.17242268504241612
202,-0.3888888888888888,0.1666666666666667,0.0,0.0030864197530864196,z,x,y,0.7563089765299903
202,-0.3888888888888888,0.1666666666666667,0.0,0.0030864197530864196,z,x,z,-0.07351457574152799
202,-0.3888888888888888,0.1666666666666667,0.0,0.0030864197530864196,z,y,x,-0.5883758946103272
202,-0.3888888888888888,0.1666666666666667,0.0,0.0030864197530864196,z,y,y,-0.15461218460855758
202,-0.3888888888888888,0.1666666666666667,0.0,0.0030864197530864196,z,y,z,-0.3160864037566514
202,-0.3888888888888888,0.1666666666666667,0.0,0.0030864197530864196,z,z,x,-0.05793761252020501
202,-0.3888888888888888,0.1666666666666667,0.0,0.0030864197530864196,z,z,y,0.014353892907810313
202,-0.3888888888888888,0.1666666666666667,0.0,0.0030864197530864196,z,z,z,-0.0024799578604289834
203,-0.3888888888888888,0.2222222222222222,0.0,0.0030864197530864196,x,x,x,0.061733843262951844
203,-0.3888888888888888,0.2222222222222222,0.0,0.0030864197530864196,x,x,y,-0.38643409912964355
203,-0.3888888888888888,0.2222222222222222,0.0,0.0030864197530864196,x,x,z,0.05473021402147312
203,-0.3888888888888888,0.2222222222222222,0.0,0.0030864197530864196,x,y,x,0.2546671186796172
203,-0.3888888888888888,0.2222222222222222,0.0,0.0030864197530864196,x,y,y,-0.1762071870447957
203,-0.3888888888888888,0.2222222222222222,0.0,0.0030864197530864196,x,y,z,0.49586103596914094
203,-0.3888888888888888,0.2222222222222222,0.0,0.0030864197530864196,x,z,x,0.07984328150932529
203,-0.3888888888888888,0.2222222222222222,0.0,0.0030864197530864196,x,z,y,-0.6802234561806159
203,-0.3888888888888888,0.2222222222222222,0.0,0.0030864197530864196,x,z,z,0.008051113086806025
203,-0.3888888888888888,0.2222222222222222,0.0,0.0030864197530864196,y,x,x,-0.033252093096222644
203,-0.3888888888888888,0.2222222222222222,0.0,0.0030864197530864196,y,x,y,-0.009972797440875198
203,-0.3888888888888888,0.2222222222222222,0.0,0.0030864197530864196,y,x,z,-0.4326619468239119
203,-0.3888888888888888,0.2222222222222222,0.0,0.0030864197530864196,y,y,x,-0.3801173054899867
203,-0.3888888888888888,0.2222222222222222,0.0,0.0030864197530864196,y,y,y,-0.16502092890774372
203,-0.3888888888888888,0.2222222222222222,0.0,0.0030864197530864196,y,y,z,-0.054731199090547016
203,-0.3888888888888888,0.2222222222222222,0.0,0.0030864197530864196,y,z,x,0.772415952665385
203,-0.3888888888888888,0.2222222222222222,0.0,0.0030864197530864196,y,z,y,-0.0798429543648378
203,-0.3888888888888888,0.2222222222222222,0.0,0.0030864197530864196,y,z,z,0.01394460983701525
203,-0.3888888888888888,0.2222222222222222,0.0,0.0030864197530864196,z,x,x,0.10583751972579108
203,-0.3888888888888888,0.2222222222222222,0.0,0.0030864197530864196,z,x,y,0.8697861886837756
203,-0.3888888888888888,0.2222222222222222,0.0,0.0030864197530864196,z,x,z,-0.15226726923123948
203,-0.3888888888888888,0.2222222222222222,0.0,0.0030864197530864196,z,y,x,-0.7475747135113926
203,-0.3888888888888888,0.2222222222222222,0.0,0.0030864197530864196,z,y,y,-0.10583818664571013
203,-0.3888888888888888,0.2222222222222222,0.0,0.0030864197530864196,z,y,z,-0.2637300355834338
203,-0.3888888888888888,0.2222222222222222,0.0,0.0030864197530864196,z,z,x,0.036027714204782096
203,-0.3888888888888888,0.2222222222222222,0.0,0.0030864197530864196,z,z,y,0.062395617715004174
203,-0.3888888888888888,0.2222222222222222,0.0,0.0030864197530864196,z,z,z,-1.6998518916950698e-07
204,-0.3888888888888888,0.2777777777777778,0.0,0.0030864197530864196,x,x,x,0.09611265362797554
204,-0.3888888888888888,0.2777777777777778,0.0,0.0030864197530864196,x,x,y,-0.13014494381706446
204,-0.3888888888888888,0.2777777777777778,0.0,0.0030864197530864196,x,x,z,0.023315719703474177
204,-0.3888888888888888,0.2777777777777778,0.0,0.0030864197530864196,x,y,x,0.08440537392177933
204,-0.3888888888888888,0.2777777777777778,0.0,0.0030864197530864196,x,y,y,-0.1620253292495275
204,-0.3888888888888888,0.2777777777777778,0.0,0.0030864197530864196,x,y,z,0.5404723031733503
204,-0.3888888888888888,0.2777777777777778,0.0,0.0030864197530864196,x,z,x,0.024754934982559297
204,-0.3888888888888888,0.2777777777777778,0.0,0.0030864197530864196,x,z,y,-0.7714020711583097
204,-0.3888888888888888,0.2777777777777778,0.0,0.0030864197530864196,x,z,z,-0.0003474606975700129
204,-0.3888888888888888,0.2777777777777778,0.0,0.0030864197530864196,y,x,x,-0.007997461543916323
204,-0.3888888888888888,0.2777777777777778,0.0,0.0030864197530864196,y,x,y,-0.08370598118486798
204,-0.3888888888888888,0.2777777777777778,0.0,0.0030864197530864196,y,x,z,-0.4732305943421475
204,-0.3888888888888888,0.2777777777777778,0.0,0.0030864197530864196,y,y,x,-0.31411611811025036
204,-0.3888888888888888,0.2777777777777778,0.0,0.0030864197530864196,y,y,y,-0.057628847446914364
204,-0.3888888888888888,0.2777777777777778,0.0,0.0030864197530864196,y,y,z,-0.016144131865436992
204,-0.3888888888888888,0.2777777777777778,0.0,0.0030864197530864196,y,z,x,0.8408376304622389
204,-0.3888888888888888,0.2777777777777778,0.0,0.0030864197530864196,y,z,y,-0.03187395997770319
204,-0.3888888888888888,0.2777777777777778,0.0,0.0030864197530864196,y,z,z,0.005968895265915911
204,-0.3888888888888888,0.2777777777777778,0.0,0.0030864197530864196,z,x,x,0.03792616308233192
204,-0.3888888888888888,0.2777777777777778,0.0,0.0030864197530864196,z,x,y,0.9930719764476967
204,-0.3888888888888888,0.2777777777777778,0.0,0.0030864197530864196,z,x,z,-0.1691770628974269
204,-0.3888888888888888,0.2777777777777778,0.0,0.0030864197530864196,z,y,x,-0.8783070898226375
204,-0.3888888888888888,0.2777777777777778,0.0,0.0030864197530864196,z,y,y,-0.03957582290706748
204,-0.3888888888888888,0.2777777777777778,0.0,0.0030864197530864196,z,y,z,-0.10053158081917447
204,-0.3888888888888888,0.2777777777777778,0.0,0.0030864197530864196,z,z,x,0.07958904530921898
204,-0.3888888888888888,0.2777777777777778,0.0,0.0030864197530864196,z,z,y,0.03353746158364529
204,-0.3888888888888888,0.2777777777777778,0.0,0.0030864197530864196,z,z,z,0.0004298357271110263
205,-0.3888888888888888,0.3333333333333333,0.0,0.0030864197530864196,x,x,x,0.09611277714891911
205,-0.3888888888888888,0.3333333333333333,0.0,0.0030864197530864196,x,x,y,0.13014494433784624
205,-0.3888888888888888,0.3333333333333333,0.0,0.0030864197530864196,x,x,z,-0.023317240242791887
205,-0.3888888888888888,0.3333333333333333,0.0,0.0030864197530864196,x,y,x,-0.08440609884591183
205,-0.3888888888888888,0.3333333333333333,0.0,0.0030864197530864196,x,y,y,-0.16202540060074597
205,-0.3888888888888888,0.3333333333333333,0.0,0.0030864197530864196,x,y,z,0.5404727916175323
205,-0.3888888888888888,0.3333333333333333,0.0,0.0030864197530864196,x,z,x,-0.02475229425333497
205,-0.3888888888888888,0.3333333333333333,0.0,0.0030864197530864196,x,z,y,-0.771402861393454
205,-0.3888888888888888,0.3333333333333333,0.0,0.0030864197530864196,x,z,z,-0.0003475613237311552
205,-0.3888888888888888,0.3333333333333333,0.0,0.0030864197530864196,y,x,x,0.007997891350821747
205,-0.3888888888888888,0.3333333333333333,0.0,0.0030864197530864196,y,x,y,-0.08370647708368659
205,-0.3888888888888888,0.3333333333333333,0.0,0.0030864197530864196,y,x,z,-0.4732308025772864
205,-0.3888888888888888,0.3333333333333333,0.0,0.0030864197530864196,y,y,x,-0.314116251298114
205,-0.3888888888888888,0.3333333333333333,0.0,0.0030864197530864196,y,y,y,0.05762768645392695
205,-0.3888888888888888,0.3333333333333333,0.0,0.0030864197530864196,y,y,z,0.016145217085246247
205,-0.3888888888888888,0.3333333333333333,0.0,0.0030864197530864196,y,z,x,0.8408382445998622
205,-0.3888888888888888,0.3333333333333333,0.0,0.0030864197530864196,y,z,y,0.03187162299074179
205,-0.3888888888888888,0.3333333333333333,0.0,0.0030864197530864196,y,z,z,-0.0059687922243135735
205,-0.3888888888888888,0.3333333333333333,0.0,0.0030864197530864196,z,x,x,-0.03792600533215957
205,-0.3888888888888888,0.3333333333333333,0.0,0.0030864197530864196,z,x,y,0.9930734950177066
205,-0.3888888888888888,0.3333333333333333,0.0,0.0030864197530864196,z,x,z,-0.16917694937542607
205,-0.3888888888888888,0.3333333333333333,0.0,0.0030864197530864196,z,y,x,-0.8783084570772952
205,-0.3888888888888888,0.3333333333333333,0.0,0.0030864197530864196,z,y,y,0.03957557790725367
205,-0.3888888888888888,0.3333333333333333,0.0,0.0030864197530864196,z,y,z,0.10053082564729725
205,-0.3888888888888888,0.3333333333333333,0.0,0.0030864197530864196,z,z,x,0.07958891121081828
205,-0.3888888888888888,0.3333333333333333,0.0,0.0030864197530864196,z,z,y,-0.03353836899410714
205,-0.3888888888888888,0.3333333333333333,0.0,0.0030864197530864196,z,z,z,-0.0004297933023434993
206,-0.3888888888888888,0.3888888888888889,0.0,0.0030864197530864196,x,x,x,0.061734028468202314
206,-0.3888888888888888,0.3888888888888889,0.0,0.0030864197530864196,x,x,y,0.3864351589276657
206,-0.3888888888888888,0.3888888888888889,0.0,0.0030864197530864196,x,x,z,-0.05473172823962272
206,-0.3888888888888888,0.3888888888888889,0.0,0.0030864197530864196,x,y,x,-0.2546685243078731
206,-0.3888888888888888,0.3888888888888889,0.0,0.0030864197530864196,x,y,y,-0.17620736248366195
206,-0.3888888888888888,0.3888888888888889,0.0,0.0030864197530864196,x,y,z,0.49586218834052
206,-0.3888888888888888,0.3888888888888889,0.0,0.0030864197530864196,x,z,x,-0.07984101770942315
206,-0.3888888888888888,0.3888888888888889,0.0,0.0030864197530864196,x,z,y,-0.680225190524994
206,-0.3888888888888888,0.3888888888888889,0.0,0.0030864197530864196,x,z,z,0.00805085520472815
206,-0.3888888888888888,0.3888888888888889,0.0,0.0030864197530864196,y,x,x,0.033252544594988
206,-0.3888888888888888,0.3888888888888889,0.0,0.0030864197530864196,y,x,y,-0.009974058926280114
206,-0.3888888888888888,0.3888888888888889,0.0,0.0030864197530864196,y,x,z,-0.432662268547152
206,-0.3888888888888888,0.3888888888888889,0.0,0.0030864197530864196,y,y,x,-0.3801175945831832
206,-0.3888888888888888,0.3888888888888889,0.0,0.0030864197530864196,y,y,y,0.16502033703710048
206,-0.3888888888888888,0.3888888888888889,0.0,0.0030864197530864196,y,y,z,0.054732218167908395
206,-0.3888888888888888,0.3888888888888889,0.0,0.0030864197530864196,y,z,x,0.7724171217265342
206,-0.3888888888888888,0.3888888888888889,0.0,0.0030864197530864196,y,z,y,0.07984116522654375
206,-0.3888888888888888,0.3888888888888889,0.0,0.0030864197530864196,y,z,z,-0.013944507283834775
206,-0.3888888888888888,0.3888888888888889,0.0,0.0030864197530864196,z,x,x,-0.10583754157337506
206,-0.3888888888888888,0.3888888888888889,0.0,0.0030864197530864196,z,x,y,0.8697894718890579
206,-0.3888888888888888,0.3888888888888889,0.0,0.0030864197530864196,z,x,z,-0.15226695166884688
206,-0.3888888888888888,0.3888888888888889,0.0,0.0030864197530864196,z,y,x,-0.7475776633232429
206,-0.3888888888888888,0.3888888888888889,0.0,0.0030864197530864196,z,y,y,0.10583818261754287
206,-0.3888888888888888,0.3888888888888889,0.0,0.0030864197530864196,z,y,z,0.2637300914230602
206,-0.3888888888888888,0.3888888888888889,0.0,0.0030864197530864196,z,z,x,0.03602720652514987
206,-0.3888888888888888,0.3888888888888889,0.0,0.0030864197530864196,z,z,y,-0.06239675154745638
206,-0.3888888888888888,0.3888888888888889,0.0,0.0030864197530864196,z,z,z,1.957388274511807e-07
207,-0.3888888888888888,0.4444444444444444,0.0,0.0030864197530864196,x,x,x,0.022619396093490444
207,-0.3888888888888888,0.4444444444444444,0.0,0.0030864197530864196,x,x,y,0.6819897449688324
207,-0.3888888888888888,0.4444444444444444,0.0,0.0030864197530864196,x,x,z,-0.026910314166602608
207,-0.3888888888888888,0.4444444444444444,0.0,0.0030864197530864196,x,y,x,-0.46348425559711826
207,-0.3888888888888888,0.4444444444444444,0.0,0.0030864197530864196,x,y,y,-0.19877440359294074
207,-0.3888888888888888,0.4444444444444444,0.0,0.0030864197530864196,x,y,z,0.4091350324332097
207,-0.3888888888888888,0.4444444444444444,0.0,0.0030864197530864196,x,z,x,-0.1779146642178867
207,-0.3888888888888888,0.4444444444444444,0.0,0.0030864197530864196,x,z,y,-0.5515215993393249
207,-0.3888888888888888,0.4444444444444444,0.0,0.0030864197530864196,x,z,z,0.02633852469358429
207,-0.3888888888888888,0.4444444444444444,0.0,0.0030864197530864196,y,x,x,0.08728027699425064
207,-0.3888888888888888,0.4444444444444444,0.0,0.0030864197530864196,y,x,y,0.0841142701449916
207,-0.3888888888888888,0.4444444444444444,0.0,0.0030864197530864196,y,x,z,-0.3532580957790861
207,-0.3888888888888888,0.4444444444444444,0.0,0.0030864197530864196,y,y,x,-0.5078118271058235
207,-0.3888888888888888,0.4444444444444444,0.0,0.0030864197530864196,y,y,y,0.24676304564844187
207,-0.3888888888888888,0.4444444444444444,0.0,0.0030864197530864196,y,y,z,0.08257817192573015
207,-0.3888888888888888,0.4444444444444444,0.0,0.0030864197530864196,y,z,x,0.67095397746097
207,-0.3888888888888888,0.4444444444444444,0.0,0.0030864197530864196,y,z,y,0.12698487965137964
207,-0.3888888888888888,0.4444444444444444,0.0,0.0030864197530864196,y,z,z,-0.03349872697520932
207,-0.3888888888888888,0.4444444444444444,0.0,0.0030864197530864196,z,x,x,-0.17242301293855833
207,-0.3888888888888888,0.4444444444444444,0.0,0.0030864197530864196,z,x,y,0.7563126246198338
207,-0.3888888888888888,0.4444444444444444,0.0,0.0030864197530864196,z,x,z,-0.07351402933180635
207,-0.3888888888888888,0.4444444444444444,0.0,0.0030864197530864196,z,y,x,-0.5883792849555611
207,-0.3888888888888888,0.4444444444444444,0.0,0.0030864197530864196,z,y,y,0.15461229140597646
207,-0.3888888888888888,0.4444444444444444,0.0,0.0030864197530864196,z,y,z,0.31608743680062046
207,-0.3888888888888888,0.4444444444444444,0.0,0.0030864197530864196,z,z,x,-0.05793837215284449
207,-0.3888888888888888,0.4444444444444444,0.0,0.0030864197530864196,z,z,y,-0.014355523182243974
207,-0.3888888888888888,0.4444444444444444,0.0,0.0030864197530864196,z,z,z,0.0024799926453549746
208,-0.3888888888888888,0.5,0.0,0.0030864197530864196,x,x,x,-0.006532649258031514
208,-0.3888888888888888,0.5,0.0,0.0030864197530864196,x,x,y,1.1625810755941746
208,-0.3888888888888888,0.5,0.0,0.0030864197530864196,x,x,z,0.10027013672924615
208,-0.3888888888888888,0.5,0.0,0.0030864197530864196,x,y,x,-0.8229146807754052
208,-0.3888888888888888,0.5,0.0,0.0030864197530864196,x,y,y,-0.2615603051129581
208,-0.3888888888888888,0.5,0.0,0.0030864197530864196,x,y,z,0.23552662718360667
208,-0.3888888888888888,0.5,0.0,0.0030864197530864196,x,z,x,-0.35445560338259924
208,-0.3888888888888888,0.5,0.0,0.0030864197530864196,x,z,y,-0.36714884939367637
208,-0.3888888888888888,0.5,0.0,0.0030864197530864196,x,z,z,0.04675851965101422
208,-0.3888888888888888,0.5,0.0,0.0030864197530864196,y,x,x,0.21199130342853637
208,-0.3888888888888888,0.5,0.0,0.0030864197530864196,y,x,y,0.15572241671233208
208,-0.3888888888888888,0.5,0.0,0.0030864197530864196,y,x,z,-0.24481772125263243
208,-0.3888888888888888,0.5,0.0,0.0030864197530864196,y,y,x,-0.7821562501207546
208,-0.3888888888888888,0.5,0.0,0.0030864197530864196,y,y,y,0.3316183761698548
208,-0.3888888888888888,0.5,0.0,0.0030864197530864196,y,y,z,0.059286866993494516
208,-0.3888888888888888,0.5,0.0,0.0030864197530864196,y,z,x,0.5566141011561776
208,-0.3888888888888888,0.5,0.0,0.0030864197530864196,y,z,y,0.21181347164568243
208,-0.3888888888888888,0.5,0.0,0.0030864197530864196,y,z,z,-0.0734604615866034
208,-0.3888888888888888,0.5,0.0,0.0030864197530864196,z,x,x,-0.2712689070559821
208,-0.3888888888888888,0.5,0.0,0.0030864197530864196,z,x,y,0.7734187110911717
208,-0.3888888888888888,0.5,0.0,0.0030864197530864196,z,x,z,0.12405523444417187
208,-0.3888888888888888,0.5,0.0,0.0030864197530864196,z,y,x,-0.48757532645298407
208,-0.3888888888888888,0.5,0.0,0.0030864197530864196,z,y,y,0.198986391577094
208,-0.3888888888888888,0.5,0.0,0.0030864197530864196,z,y,z,0.14227852729979712
208,-0.3888888888888888,0.5,0.0,0.0030864197530864196,z,z,x,-0.2624795733081127
208,-0.3888888888888888,0.5,0.0,0.0030864197530864196,z,z,y,0.24881339523053495
208,-0.3888888888888888,0.5,0.0,0.0030864197530864196,z,z,z,0.002508637054142757
209,-0.3888888888888888,-0.4444444444444444,0.0,0.0030864197530864196,x,x,x,-0.01238369210382674
209,-0.3888888888888888,-0.4444444444444444,0.0,0.0030864197530864196,x,x,y,1.8495752617703214
209,-0.3888888888888888,-0.4444444444444444,0.0,0.0030864197530864196,x,x,z,0.3586283248505549
209,-0.3888888888888888,-0.4444444444444444,0.0,0.0030864197530864196,x,y,x,-1.3124979092020401
209,-0.3888888888888888,-0.4444444444444444,0.0,0.0030864197530864196,x,y,y,-0.4572261263296009
209,-0.3888888888888888,-0.4444444444444444,0.0,0.0030864197530864196,x,y,z,-0.1894201041141342
209,-0.3888888888888888,-0.4444444444444444,0.0,0.0030864197530864196,x,z,x,-0.6314172666259309
209,-0.3888888888888888,-0.4444444444444444,0.0,0.0030864197530864196,x,z,y,0.023465210992594385
209,-0.3888888888888888,-0.4444444444444444,0.0,0.0030864197530864196,x,z,z,0.07324905844131095
209,-0.3888888888888888,-0.4444444444444444,0.0,0.0030864197530864196,y,x,x,0.4227495579738858
209,-0.3888888888888888,-0.4444444444444444,0.0,0.0030864197530864196,y,x,y,0.1157264617226547
209,-0.3888888888888888,-0.4444444444444444,0.0,0.0030864197530864196,y,x,z,-0.07061062111762648
209,-0.3888888888888888,-0.4444444444444444,0.0,0.0030864197530864196,y,y,x,-1.2950747035781671
209,-0.3888888888888888,-0.4444444444444444,0.0,0.0030864197530864196,y,y,y,0.5345034391798364
209,-0.3888888888888888,-0.4444444444444444,0.0,0.0030864197530864196,y,y,z,-0.09927102869625011
209,-0.3888888888888888,-0.4444444444444444,0.0,0.0030864197530864196,y,z,x,0.39856119689279407
209,-0.3888888888888888,-0.4444444444444444,0.0,0.0030864197530864196,y,z,y,0.4340106953484548
209,-0.3888888888888888,-0.4444444444444444,0.0,0.0030864197530864196,y,z,z,-0.11532982790768688
209,-0.3888888888888888,-0.4444444444444444,0.0,0.0030864197530864196,z,x,x,-0.4277557998667137
209,-0.3888888888888888,-0.4444444444444444,0.0,0.0030864197530864196,z,x,y,0.8680157493831622
209,-0.3888888888888888,-0.4444444444444444,0.0,0.0030864197530864196,z,x,z,0.49791129214054275
209,-0.3888888888888888,-0.4444444444444444,0.0,0.0030864197530864196,z,y,x,-0.36630084098199445
209,-0.3888888888888888,-0.4444444444444444,0.0,0.0030864197530864196,z,y,y,0.33488671769669165
209,-0.3888888888888888,-0.4444444444444444,0.0,0.0030864197530864196,z,y,z,-0.4319074244167131
209,-0.3888888888888888,-0.4444444444444444,0.0,0.0030864197530864196,z,z,x,-0.6469488269412889
209,-0.3888888888888888,-0.4444444444444444,0.0,0.0030864197530864196,z,z,y,0.8865525365183415
209,-0.3888888888888888,-0.4444444444444444,0.0,0.0030864197530864196,z,z,z,-0.00013820236863348312
210,-0.3888888888888888,-0.3888888888888888,0.0,0.0030864197530864196,x,x,x,0.027151858145151007
210,-0.3888888888888888,-0.3888888888888888,0.0,0.0030864197530864196,x,x,y,1.6767911895525436
210,-0.3888888888888888,-0.3888888888888888,0.0,0.0030864197530864196,x,x,z,0.528519198014013
210,-0.3888888888888888,-0.3888888888888888,0.0,0.0030864197530864196,x,y,x,-0.9906362737724653
210,-0.3888888888888888,-0.3888888888888888,0.0,0.0030864197530864196,x,y,y,-0.8373509952920123
210,-0.3888888888888888,-0.3888888888888888,0.0,0.0030864197530864196,x,y,z,-0.7280488629658575
210,-0.3888888888888888,-0.3888888888888888,0.0,0.0030864197530864196,x,z,x,-0.863569758329605
210,-0.3888888888888888,-0.3888888888888888,0.0,0.0030864197530864196,x,z,y,0.6701879580547568
210,-0.3888888888888888,-0.3888888888888888,0.0,0.0030864197530864196,x,z,z,0.07195853802843503
210,-0.3888888888888888,-0.3888888888888888,0.0,0.0030864197530864196,y,x,x,0.3585743793064098
210,-0.3888888888888888,-0.3888888888888888,0.0,0.0030864197530864196,y,x,y,-0.05838013334549559
210,-0.3888888888888888,-0.3888888888888888,0.0,0.0030864197530864196,y,x,z,0.11777067811956723
210,-0.3888888888888888,-0.3888888888888888,0.0,0.0030864197530864196,y,y,x,-1.598427909156464
210,-0.3888888888888888,-0.3888888888888888,0.0,0.0030864197530864196,y,y,y,1.0447347206867434
210,-0.3888888888888888,-0.3888888888888888,0.0,0.0030864197530864196,y,y,z,-0.5285276784560412
210,-0.3888888888888888,-0.3888888888888888,0.0,0.0030864197530864196,y,z,x,0.32697338965320044
210,-0.3888888888888888,-0.3888888888888888,0.0,0.0030864197530864196,y,z,y,0.8635769101421328
210,-0.3888888888888888,-0.3888888888888888,0.0,0.0030864197530864196,y,z,z,-0.12463826284355128
210,-0.3888888888888888,-0.3888888888888888,0.0,0.0030864197530864196,z,x,x,-0.5399267374942066
210,-0.3888888888888888,-0.3888888888888888,0.0,0.0030864197530864196,z,x,y,0.4563931473590821
210,-0.3888888888888888,-0.3888888888888888,0.0,0.0030864197530864196,z,x,z,0.6765014505277743
210,-0.3888888888888888,-0.3888888888888888,0.0,0.0030864197530864196,z,y,x,0.16706232849016073
210,-0.3888888888888888,-0.3888888888888888,0.0,0.0030864197530864196,z,y,y,0.5399267650544456
210,-0.3888888888888888,-0.3888888888888888,0.0,0.0030864197530864196,z,y,z,-1.1717390675715968
210,-0.3888888888888888,-0.3888888888888888,0.0,0.0030864197530864196,z,z,x,-0.8672823180149392
210,-0.3888888888888888,-0.3888888888888888,0.0,0.0030864197530864196,z,z,y,1.5021821953912362
210,-0.3888888888888888,-0.3888888888888888,0.0,0.0030864197530864196,z,z,z,1.728034228408229e-06
211,-0.3888888888888888,-0.3333333333333334,0.0,0.0030864197530864196,x,x,x,0.049612370152967586
211,-0.3888888888888888,-0.3333333333333334,0.0,0.0030864197530864196,x,x,y,0.48601784400065323
211,-0.3888888888888888,-0.3333333333333334,0.0,0.0030864197530864196,x,x,z,0.0938677346651554
211,-0.3888888888888888,-0.3333333333333334,0.0,0.0030864197530864196,x,y,x,-0.04901177287226742
211,-0.3888888888888888,-0.3333333333333334,0.0,0.0030864197530864196,x,y,y,-0.807126381770241
211,-0.3888888888888888,-0.3333333333333334,0.0,0.0030864197530864196,x,y,z,-0.2783435023583243
211,-0.3888888888888888,-0.3333333333333334,0.0,0.0030864197530864196,x,z,x,-0.4872504498535069
211,-0.3888888888888888,-0.3333333333333334,0.0,0.0030864197530864196,x,z,y,0.4836653211378366
211,-0.3888888888888888,-0.3333333333333334,0.0,0.0030864197530864196,x,z,z,0.021245797765088226
211,-0.3888888888888888,-0.3333333333333334,0.0,0.0030864197530864196,y,x,x,-0.21298935791551082
211,-0.3888888888888888,-0.3333333333333334,0.0,0.0030864197530864196,y,x,y,0.23697545279170756
211,-0.3888888888888888,-0.3333333333333334,0.0,0.0030864197530864196,y,x,z,-0.06078955078262537
211,-0.3888888888888888,-0.3333333333333334,0.0,0.0030864197530864196,y,y,x,-1.218281854956685
211,-0.3888888888888888,-0.3333333333333334,0.0,0.0030864197530864196,y,y,y,1.0917798653228639
211,-0.3888888888888888,-0.3333333333333334,0.0,0.0030864197530864196,y,y,z,-0.5803032643209539
211,-0.3888888888888888,-0.3333333333333334,0.0,0.0030864197530864196,y,z,x,0.5762855363962791
211,-0.3888888888888888,-0.3333333333333334,0.0,0.0030864197530864196,y,z,y,0.8232804281393892
211,-0.3888888888888888,-0.3333333333333334,0.0,0.0030864197530864196,y,z,z,-0.05632275205468944
211,-0.3888888888888888,-0.3333333333333334,0.0,0.0030864197530864196,z,x,x,-0.30230467330028593
211,-0.3888888888888888,-0.3333333333333334,0.0,0.0030864197530864196,z,x,y,-0.1366732831597764
211,-0.3888888888888888,-0.3333333333333334,0.0,0.0030864197530864196,z,x,z,0.005698873133693017
211,-0.3888888888888888,-0.3333333333333334,0.0,0.0030864197530864196,z,y,x,0.5243110849450007
211,-0.3888888888888888,-0.3333333333333334,0.0,0.0030864197530864196,z,y,y,0.5684877057531396
211,-0.3888888888888888,-0.3333333333333334,0.0,0.0030864197530864196,z,y,z,-0.8414223585595939
211,-0.3888888888888888,-0.3333333333333334,0.0,0.0030864197530864196,z,z,x,-0.3512898741785563
211,-0.3888888888888888,-0.3333333333333334,0.0,0.0030864197530864196,z,z,y,1.054931413619212
211,-0.3888888888888888,-0.3333333333333334,0.0,0.0030864197530864196,z,z,z,-0.012247568386130914
212,-0.3888888888888888,-0.2777777777777778,0.0,0.0030864197530864196,x,x,x,-0.06155382067927756
212,-0.3888888888888888,-0.2777777777777778,0.0,0.0030864197530864196,x,x,y,0.15306644900016445
212,-0.3888888888888888,-0.2777777777777778,0.0,0.0030864197530864196,x,x,z,-0.1574291750665221
212,-0.3888888888888888,-0.2777777777777778,0.0,0.0030864197530864196,x,y,x,0.021692781255733366
212,-0.3888888888888888,-0.2777777777777778,0.0,0.0030864197530864196,x,y,y,-0.40306341413272995
212,-0.3888888888888888,-0.2777777777777778,0.0,0.0030864197530864196,x,y,z,0.5237666818343275
212,-0.3888888888888888,-0.2777777777777778,0.0,0.0030864197530864196,x,z,x,-0.12378551869831597
212,-0.3888888888888888,-0.2777777777777778,0.0,0.0030864197530864196,x,z,y,-0.18734404288199233
212,-0.3888888888888888,-0.2777777777777778,0.0,0.0030864197530864196,x,z,z,-0.024518213059183377
212,-0.3888888888888888,-0.2777777777777778,0.0,0.0030864197530864196,y,x,x,-0.3124528902435014
212,-0.3888888888888888,-0.2777777777777778,0.0,0.0030864197530864196,y,x,y,0.4945208999840219
212,-0.3888888888888888,-0.2777777777777778,0.0,0.0030864197530864196,y,x,z,-0.4358459488073747
212,-0.3888888888888888,-0.2777777777777778,0.0,0.0030864197530864196,y,y,x,-0.9646164495003244
212,-0.3888888888888888,-0.2777777777777778,0.0,0.0030864197530864196,y,y,y,0.5588508592962985
212,-0.3888888888888888,-0.2777777777777778,0.0,0.0030864197530864196,y,y,z,-0.27210679470958415
212,-0.3888888888888888,-0.2777777777777778,0.0,0.0030864197530864196,y,z,x,0.8472527901104373
212,-0.3888888888888888,-0.2777777777777778,0.0,0.0030864197530864196,y,z,y,0.43588900003054093
212,-0.3888888888888888,-0.2777777777777778,0.0,0.0030864197530864196,y,z,z,0.002549171512699738
212,-0.3888888888888888,-0.2777777777777778,0.0,0.0030864197530864196,z,x,x,-0.08734133408315134
212,-0.3888888888888888,-0.2777777777777778,0.0,0.0030864197530864196,z,x,y,0.09585761728871266
212,-0.3888888888888888,-0.2777777777777778,0.0,0.0030864197530864196,z,x,z,-0.5154001257084357
212,-0.3888888888888888,-0.2777777777777778,0.0,0.0030864197530864196,z,y,x,0.19860924545808864
212,-0.3888888888888888,-0.2777777777777778,0.0,0.0030864197530864196,z,y,y,0.4010118010684855
212,-0.3888888888888888,-0.2777777777777778,0.0,0.0030864197530864196,z,y,z,-0.303176189828914
212,-0.3888888888888888,-0.2777777777777778,0.0,0.0030864197530864196,z,z,x,0.12547025047334306
212,-0.3888888888888888,-0.2777777777777778,0.0,0.0030864197530864196,z,z,y,0.40796675150741907
212,-0.3888888888888888,-0.2777777777777778,0.0,0.0030864197530864196,z,z,z,-0.02122655737884098
213,-0.3888888888888888,-0.2222222222222222,0.0,0.0030864197530864196,x,x,x,-0.13985602407447625
213,-0.3888888888888888,-0.2222222222222222,0.0,0.0030864197530864196,x,x,y,0.06770727701208402
213,-0.3888888888888888,-0.2222222222222222,0.0,0.0030864197530864196,x,x,z,-0.08559817685566595
213,-0.3888888888888888,-0.2222222222222222,0.0,0.0030864197530864196,x,y,x,-0.016973179168583985
213,-0.3888888888888888,-0.2222222222222222,0.0,0.0030864197530864196,x,y,y,-0.15722681619653117
213,-0.3888888888888888,-0.2222222222222222,0.0,0.0030864197530864196,x,y,z,0.9069239150039609
213,-0.3888888888888888,-0.2222222222222222,0.0,0.0030864197530864196,x,z,x,-0.007873087749646191
213,-0.3888888888888888,-0.2222222222222222,0.0,0.0030864197530864196,x,z,y,-0.5798313776065722
213,-0.3888888888888888,-0.2222222222222222,0.0,0.0030864197530864196,x,z,z,-0.04239789575046971
213,-0.3888888888888888,-0.2222222222222222,0.0,0.0030864197530864196,y,x,x,-0.11578772495895692
213,-0.3888888888888888,-0.2222222222222222,0.0,0.0030864197530864196,y,x,y,0.4235946152784507
213,-0.3888888888888888,-0.2222222222222222,0.0,0.0030864197530864196,y,x,z,-0.6340827703242594
213,-0.3888888888888888,-0.2222222222222222,0.0,0.0030864197530864196,y,y,x,-0.8191527334587657
213,-0.3888888888888888,-0.2222222222222222,0.0,0.0030864197530864196,y,y,y,0.1533664954269951
213,-0.3888888888888888,-0.2222222222222222,0.0,0.0030864197530864196,y,y,z,-0.07003637635448423
213,-0.3888888888888888,-0.2222222222222222,0.0,0.0030864197530864196,y,z,x,0.9326448046890621
213,-0.3888888888888888,-0.2222222222222222,0.0,0.0030864197530864196,y,z,y,0.12762507249142002
213,-0.3888888888888888,-0.2222222222222222,0.0,0.0030864197530864196,y,z,z,0.005374587818771794
213,-0.3888888888888888,-0.2222222222222222,0.0,0.0030864197530864196,z,x,x,-0.016676599946750904
213,-0.3888888888888888,-0.2222222222222222,0.0,0.0030864197530864196,z,x,y,0.30259249259081983
213,-0.3888888888888888,-0.2222222222222222,0.0,0.0030864197530864196,z,x,z,-0.6426730168614584
213,-0.3888888888888888,-0.2222222222222222,0.0,0.0030864197530864196,z,y,x,-0.008207485075823855
213,-0.3888888888888888,-0.2222222222222222,0.0,0.0030864197530864196,z,y,y,0.13565982453795114
213,-0.3888888888888888,-0.2222222222222222,0.0,0.0030864197530864196,z,y,z,-0.06902807094616568
213,-0.3888888888888888,-0.2222222222222222,0.0,0.0030864197530864196,z,z,x,0.2811540292149703
213,-0.3888888888888888,-0.2222222222222222,0.0,0.0030864197530864196,z,z,y,0.10223098517808943
213,-0.3888888888888888,-0.2222222222222222,0.0,0.0030864197530864196,z,z,z,-0.004135509162583869
214,-0.3888888888888888,-0.1666666666666666,0.0,0.0030864197530864196,x,x,x,-0.13985534288919033
214,-0.3888888888888888,-0.1666666666666666,0.0,0.0030864197530864196,x,x,y,-0.06770179107095295
214,-0.3888888888888888,-0.1666666666666666,0.0,0.0030864197530864196,x,x,z,0.0855940323483417
214,-0.3888888888888888,-0.1666666666666666,0.0,0.0030864197530864196,x,y,x,0.01696869914883509
214,-0.3888888888888888,-0.1666666666666666,0.0,0.0030864197530864196,x,y,y,-0.1572277443577938
214,-0.3888888888888888,-0.1666666666666666,0.0,0.0030864197530864196,x,y,z,0.9069234442621756
214,-0.3888888888888888,-0.1666666666666666,0.0,0.0030864197530864196,x,z,x,0.007877958819152943
214,-0.3888888888888888,-0.1666666666666666,0.0,0.0030864197530864196,x,z,y,-0.5798311058212854
214,-0.3888888888888888,-0.1666666666666666,0.0,0.0030864197530864196,x,z,z,-0.042397843968096864
214,-0.3888888888888888,-0.1666666666666666,0.0,0.0030864197530864196,y,x,x,0.11579074629670374
214,-0.3888888888888888,-0.1666666666666666,0.0,0.0030864197530864196,y,x,y,0.4235948083476817
214,-0.3888888888888888,-0.1666666666666666,0.0,0.0030864197530864196,y,x,z,-0.6340825797094255
214,-0.3888888888888888,-0.1666666666666666,0.0,0.0030864197530864196,y,y,x,-0.819152306212609
214,-0.3888888888888888,-0.1666666666666666,0.0,0.0030864197530864196,y,y,y,-0.1533665353235005
214,-0.3888888888888888,-0.1666666666666666,0.0,0.0030864197530864196,y,y,z,0.07003799928038659
214,-0.3888888888888888,-0.1666666666666666,0.0,0.0030864197530864196,y,z,x,0.9326445069594441
214,-0.3888888888888888,-0.1666666666666666,0.0,0.0030864197530864196,y,z,y,-0.12762874140603275
214,-0.3888888888888888,-0.1666666666666666,0.0,0.0030864197530864196,y,z,z,-0.005374690494757469
214,-0.3888888888888888,-0.1666666666666666,0.0,0.0030864197530864196,z,x,x,0.01667770644444464
214,-0.3888888888888888,-0.1666666666666666,0.0,0.0030864197530864196,z,x,y,0.302591840747783
214,-0.3888888888888888,-0.1666666666666666,0.0,0.0030864197530864196,z,x,z,-0.6426728196601966
214,-0.3888888888888888,-0.1666666666666666,0.0,0.0030864197530864196,z,y,x,-0.008207464277579374
214,-0.3888888888888888,-0.1666666666666666,0.0,0.0030864197530864196,z,y,y,-0.13566017069805567
214,-0.3888888888888888,-0.1666666666666666,0.0,0.0030864197530864196,z,y,z,0.06902745437778152
214,-0.3888888888888888,-0.1666666666666666,0.0,0.0030864197530864196,z,z,x,0.2811543504610245
214,-0.3888888888888888,-0.1666666666666666,0.0,0.0030864197530864196,z,z,y,-0.10223134592915782
214,-0.3888888888888888,-0.1666666666666666,0.0,0.0030864197530864196,z,z,z,0.004135764642442418
215,-0.3888888888888888,-0.1111111111111112,0.0,0.0030864197530864196,x,x,x,-0.06155232455528425
215,-0.3888888888888888,-0.1111111111111112,0.0,0.0030864197530864196,x,x,y,-0.15306100324266442
215,-0.3888888888888888,-0.1111111111111112,0.0,0.0030864197530864196,x,x,z,0.1574254973483612
215,-0.3888888888888888,-0.1111111111111112,0.0,0.0030864197530864196,x,y,x,-0.02169782212247349
215,-0.3888888888888888,-0.1111111111111112,0.0,0.0030864197530864196,x,y,y,-0.40306510243098703
215,-0.3888888888888888,-0.1111111111111112,0.0,0.0030864197530864196,x,y,z,0.5237673424500205
215,-0.3888888888888888,-0.1111111111111112,0.0,0.0030864197530864196,x,z,x,0.12378975682871222
215,-0.3888888888888888,-0.1111111111111112,0.0,0.0030864197530864196,x,z,y,-0.18734522240468662
215,-0.3888888888888888,-0.1111111111111112,0.0,0.0030864197530864196,x,z,z,-0.024518165916269607
215,-0.3888888888888888,-0.1111111111111112,0.0,0.0030864197530864196,y,x,x,0.31245516167804116
215,-0.3888888888888888,-0.1111111111111112,0.0,0.0030864197530864196,y,x,y,0.494521483217937
215,-0.3888888888888888,-0.1111111111111112,0.0,0.0030864197530864196,y,x,z,-0.4358460849605448
215,-0.3888888888888888,-0.1111111111111112,0.0,0.0030864197530864196,y,y,x,-0.9646148503438342
215,-0.3888888888888888,-0.1111111111111112,0.0,0.0030864197530864196,y,y,y,-0.5588507723961628
215,-0.3888888888888888,-0.1111111111111112,0.0,0.0030864197530864196,y,y,z,0.27210745970861977
215,-0.3888888888888888,-0.1111111111111112,0.0,0.0030864197530864196,y,z,x,0.8472522371978408
215,-0.3888888888888888,-0.1111111111111112,0.0,0.0030864197530864196,y,z,y,-0.43589120921984503
215,-0.3888888888888888,-0.1111111111111112,0.0,0.0030864197530864196,y,z,z,-0.002549023762700912
215,-0.3888888888888888,-0.1111111111111112,0.0,0.0030864197530864196,z,x,x,0.08734222876491023
215,-0.3888888888888888,-0.1111111111111112,0.0,0.0030864197530864196,z,x,y,0.09585494654254978
215,-0.3888888888888888,-0.1111111111111112,0.0,0.0030864197530864196,z,x,z,-0.5153997870742195
215,-0.3888888888888888,-0.1111111111111112,0.0,0.0030864197530864196,z,y,x,0.19860950526010596
215,-0.3888888888888888,-0.1111111111111112,0.0,0.0030864197530864196,z,y,y,-0.4010112276578558
215,-0.3888888888888888,-0.1111111111111112,0.0,0.0030864197530864196,z,y,z,0.3031747529364787
215,-0.3888888888888888,-0.1111111111111112,0.0,0.0030864197530864196,z,z,x,0.12547160034198118
215,-0.3888888888888888,-0.1111111111111112,0.0,0.0030864197530864196,z,z,y,-0.4079663379523754
215,-0.3888888888888888,-0.1111111111111112,0.0,0.0030864197530864196,z,z,z,0.021226366069877194
216,-0.3888888888888888,-0.0555555555555556,0.0,0.0030864197530864196,x,x,x,0.04961308857686574
216,-0.3888888888888888,-0.0555555555555556,0.0,0.0030864197530864196,x,x,y,-0.48601136431228376
216,-0.3888888888888888,-0.0555555555555556,0.0,0.0030864197530864196,x,x,z,-0.09386771593642465
216,-0.3888888888888888,-0.0555555555555556,0.0,0.0030864197530864196,x,y,x,0.04900515159554136
216,-0.3888888888888888,-0.0555555555555556,0.0,0.0030864197530864196,x,y,y,-0.8071268629397437
216,-0.3888888888888888,-0.0555555555555556,0.0,0.0030864197530864196,x,y,z,-0.2783360146075115
216,-0.3888888888888888,-0.0555555555555556,0.0,0.0030864197530864196,x,z,x,0.48725139626833
216,-0.3888888888888888,-0.0555555555555556,0.0,0.0030864197530864196,x,z,y,0.4836584180666987
216,-0.3888888888888888,-0.0555555555555556,0.0,0.0030864197530864196,x,z,z,0.021245953396666923
216,-0.3888888888888888,-0.0555555555555556,0.0,0.0030864197530864196,y,x,x,0.21299161293690133
216,-0.3888888888888888,-0.0555555555555556,0.0,0.0030864197530864196,y,x,y,0.23697928524729892
216,-0.3888888888888888,-0.0555555555555556,0.0,0.0030864197530864196,y,x,z,-0.060791201952344893
216,-0.3888888888888888,-0.0555555555555556,0.0,0.0030864197530864196,y,y,x,-1.218280157951418
216,-0.3888888888888888,-0.0555555555555556,0.0,0.0030864197530864196,y,y,y,-1.0917778508544578
216,-0.3888888888888888,-0.0555555555555556,0.0,0.0030864197530864196,y,y,z,0.5803011179186842
216,-0.3888888888888888,-0.0555555555555556,0.0,0.0030864197530864196,y,z,x,0.5762860072855112
216,-0.3888888888888888,-0.0555555555555556,0.0,0.0030864197530864196,y,z,y,-0.8232785126050068
216,-0.3888888888888888,-0.0555555555555556,0.0,0.0030864197530864196,y,z,z,0.056322944016676445
216,-0.3888888888888888,-0.0555555555555556,0.0,0.0030864197530864196,z,x,x,0.30230331507101404
216,-0.3888888888888888,-0.0555555555555556,0.0,0.0030864197530864196,z,x,y,-0.13668035018074146
216,-0.3888888888888888,-0.0555555555555556,0.0,0.0030864197530864196,z,x,z,0.005697197553542778
216,-0.3888888888888888,-0.0555555555555556,0.0,0.0030864197530864196,z,y,x,0.5243133727048702
216,-0.3888888888888888,-0.0555555555555556,0.0,0.0030864197530864196,z,y,y,-0.568485622969536
216,-0.3888888888888888,-0.0555555555555556,0.0,0.0030864197530864196,z,y,z,0.8414193254711984
216,-0.3888888888888888,-0.0555555555555556,0.0,0.0030864197530864196,z,z,x,-0.35128562861580337
216,-0.3888888888888888,-0.0555555555555556,0.0,0.0030864197530864196,z,z,y,-1.0549291545406052
216,-0.3888888888888888,-0.0555555555555556,0.0,0.0030864197530864196,z,z,z,0.012247194385970063
217,-0.3333333333333334,0.0,0.0,0.0030864197530864196,x,x,x,-0.04402987402311505
217,-0.3333333333333334,0.0,0.0,0.0030864197530864196,x,x,y,0.9022053656463656
217,-0.3333333333333334,0.0,0.0,0.0030864197530864196,x,x,z,-0.8455169104199742
217,-0.3333333333333334,0.0,0.0,0.0030864197530864196,x,y,x,-2.1771047671838897
217,-0.3333333333333334,0.0,0.0,0.0030864197530864196,x,y,y,-0.8501230260535412
217,-0.3333333333333334,0.0,0.0,0.0030864197530864196,x,y,z,-1.226875239361056
217,-0.3333333333333334,0.0,0.0,0.0030864197530864196,x,z,x,1.3892743278572957
217,-0.3333333333333334,0.0,0.0,0.0030864197530864196,x,z,y,1.5116576442849627
217,-0.3333333333333334,0.0,0.0,0.0030864197530864196,x,z,z,0.010457982465336566
217,-0.3333333333333334,0.0,0.0,0.0030864197530864196,y,x,x,-0.1369063429026396
217,-0.3333333333333334,0.0,0.0,0.0030864197530864196,y,x,y,-2.027994175906743
217,-0.3333333333333334,0.0,0.0,0.0030864197530864196,y,x,z,0.25058253194941693
217,-0.3333333333333334,0.0,0.0,0.0030864197530864196,y,y,x,-0.25022395766021616
217,-0.3333333333333334,0.0,0.0,0.0030864197530864196,y,y,y,-1.411828103797829
217,-0.3333333333333334,0.0,0.0,0.0030864197530864196,y,y,z,0.8455602030730974
217,-0.3333333333333334,0.0,0.0,0.0030864197530864196,y,z,x,0.09251341104199916
217,-0.3333333333333334,0.0,0.0,0.0030864197530864196,y,z,y,-1.3893149910139617
217,-0.3333333333333334,0.0,0.0,0.0030864197530864196,y,z,z,0.018125829992164468
217,-0.3333333333333334,0.0,0.0,0.0030864197530864196,z,x,x,0.5290335553986986
217,-0.3333333333333334,0.0,0.0,0.0030864197530864196,z,x,y,-1.7522853753286132
217,-0.3333333333333334,0.0,0.0,0.0030864197530864196,z,x,z,0.794336398253494
217,-0.3333333333333334,0.0,0.0,0.0030864197530864196,z,y,x,2.363161059096391
217,-0.3333333333333334,0.0,0.0,0.0030864197530864196,z,y,y,-0.5290267185033536
217,-0.3333333333333334,0.0,0.0,0.0030864197530864196,z,y,z,1.375864859149503
217,-0.3333333333333334,0.0,0.0,0.0030864197530864196,z,z,x,-0.829642355063338
217,-0.3333333333333334,0.0,0.0,0.0030864197530864196,z,z,y,-1.4370140237894464
217,-0.3333333333333334,0.0,0.0,0.0030864197530864196,z,z,z,-9.443919481069313e-06
218,-0.3333333333333334,0.0555555555555556,0.0,0.0030864197530864196,x,x,x,-0.09316748112978382
218,-0.3333333333333334,0.0555555555555556,0.0,0.0030864197530864196,x,x,y,-1.225518984184549
218,-0.3333333333333334,0.0555555555555556,0.0,0.0030864197530864196,x,x,z,-0.5585935575655071
218,-0.3333333333333334,0.0555555555555556,0.0,0.0030864197530864196,x,y,x,0.302258972103137
218,-0.3333333333333334,0.0555555555555556,0.0,0.0030864197530864196,x,y,y,-0.28912348966697343
218,-0.3333333333333334,0.0555555555555556,0.0,0.0030864197530864196,x,y,z,-0.3158953781027002
218,-0.3333333333333334,0.0555555555555556,0.0,0.0030864197530864196,x,z,x,0.954603735893498
218,-0.3333333333333334,0.0555555555555556,0.0,0.0030864197530864196,x,z,y,0.2561573242987616
218,-0.3333333333333334,0.0555555555555556,0.0,0.0030864197530864196,x,z,z,0.038151578889535485
218,-0.3333333333333334,0.0555555555555556,0.0,0.0030864197530864196,y,x,x,-0.519951136261715
218,-0.3333333333333334,0.0555555555555556,0.0,0.0030864197530864196,y,x,y,-0.953159366679612
218,-0.3333333333333334,0.0555555555555556,0.0,0.0030864197530864196,y,x,z,-0.09835010833918595
218,-0.3333333333333334,0.0555555555555556,0.0,0.0030864197530864196,y,y,x,-0.6889289749788541
218,-0.3333333333333334,0.0555555555555556,0.0,0.0030864197530864196,y,y,y,-0.5754673640519548
218,-0.3333333333333334,0.0555555555555556,0.0,0.0030864197530864196,y,y,z,0.0721893945935423
218,-0.3333333333333334,0.0555555555555556,0.0,0.0030864197530864196,y,z,x,0.3487818098988112
218,-0.3333333333333334,0.0555555555555556,0.0,0.0030864197530864196,y,z,y,-0.6186037989776331
218,-0.3333333333333334,0.0555555555555556,0.0,0.0030864197530864196,y,z,z,0.046565650619674624
218,-0.3333333333333334,0.0555555555555556,0.0,0.0030864197530864196,z,x,x,0.5186333695205678
218,-0.3333333333333334,0.0555555555555556,0.0,0.0030864197530864196,z,x,y,-0.05035862743952521
218,-0.3333333333333334,0.0555555555555556,0.0,0.0030864197530864196,z,x,z,0.7258182436890338
218,-0.3333333333333334,0.0555555555555556,0.0,0.0030864197530864196,z,y,x,0.6106637672846507
218,-0.3333333333333334,0.0555555555555556,0.0,0.0030864197530864196,z,y,y,-0.2524534023002625
218,-0.3333333333333334,0.0555555555555556,0.0,0.0030864197530864196,z,y,z,0.42563738545306773
218,-0.3333333333333334,0.0555555555555556,0.0,0.0030864197530864196,z,z,x,-0.7379283834198919
218,-0.3333333333333334,0.0555555555555556,0.0,0.0030864197530864196,z,z,y,-0.8316840767010254
218,-0.3333333333333334,0.0555555555555556,0.0,0.0030864197530864196,z,z,z,-0.01225492035831341
219,-0.3333333333333334,0.1111111111111111,0.0,0.0030864197530864196,x,x,x,0.003636574280700096
219,-0.3333333333333334,0.1111111111111111,0.0,0.0030864197530864196,x,x,y,-1.1719796804942852
219,-0.3333333333333334,0.1111111111111111,0.0,0.0030864197530864196,x,x,z,-0.1614159085862193
219,-0.3333333333333334,0.1111111111111111,0.0,0.0030864197530864196,x,y,x,0.6738997876212928
219,-0.3333333333333334,0.1111111111111111,0.0,0.0030864197530864196,x,y,y,-0.1692065659580356
219,-0.3333333333333334,0.1111111111111111,0.0,0.0030864197530864196,x,y,z,0.29782052742935505
219,-0.3333333333333334,0.1111111111111111,0.0,0.0030864197530864196,x,z,x,0.49723899174416425
219,-0.3333333333333334,0.1111111111111111,0.0,0.0030864197530864196,x,z,y,-0.42790808685229037
219,-0.3333333333333334,0.1111111111111111,0.0,0.0030864197530864196,x,z,z,0.039082906462151845
219,-0.3333333333333334,0.1111111111111111,0.0,0.0030864197530864196,y,x,x,-0.2542945919874543
219,-0.3333333333333334,0.1111111111111111,0.0,0.0030864197530864196,y,x,y,-0.13683110420658626
219,-0.3333333333333334,0.1111111111111111,0.0,0.0030864197530864196,y,x,z,-0.33403507625328616
219,-0.3333333333333334,0.1111111111111111,0.0,0.0030864197530864196,y,y,x,-0.5964374097866281
219,-0.3333333333333334,0.1111111111111111,0.0,0.0030864197530864196,y,y,y,-0.30776247434006004
219,-0.3333333333333334,0.1111111111111111,0.0,0.0030864197530864196,y,y,z,-0.13668547650060422
219,-0.3333333333333334,0.1111111111111111,0.0,0.0030864197530864196,y,z,x,0.5814407734622736
219,-0.3333333333333334,0.1111111111111111,0.0,0.0030864197530864196,y,z,y,-0.22525308425465015
219,-0.3333333333333334,0.1111111111111111,0.0,0.0030864197530864196,y,z,z,0.0318558528796734
219,-0.3333333333333334,0.1111111111111111,0.0,0.0030864197530864196,z,x,x,0.3195720548310354
219,-0.3333333333333334,0.1111111111111111,0.0,0.0030864197530864196,z,x,y,0.5338823569880914
219,-0.3333333333333334,0.1111111111111111,0.0,0.0030864197530864196,z,x,z,0.31268220256589085
219,-0.3333333333333334,0.1111111111111111,0.0,0.0030864197530864196,z,y,x,-0.24103720406341242
219,-0.3333333333333334,0.1111111111111111,0.0,0.0030864197530864196,z,y,y,-0.16458069316746002
219,-0.3333333333333334,0.1111111111111111,0.0,0.0030864197530864196,z,y,z,-0.23117288168469924
219,-0.3333333333333334,0.1111111111111111,0.0,0.0030864197530864196,z,z,x,-0.35328653553250233
219,-0.3333333333333334,0.1111111111111111,0.0,0.0030864197530864196,z,z,y,-0.17916726392859006
219,-0.3333333333333334,0.1111111111111111,0.0,0.0030864197530864196,z,z,z,-0.008524065163634442
220,-0.3333333333333334,0.1666666666666667,0.0,0.0030864197530864196,x,x,x,0.06055168467172602
220,-0.3333333333333334,0.1666666666666667,0.0,0.0030864197530864196,x,x,y,-0.7283370834600051
220,-0.3333333333333334,0.1666666666666667,0.0,0.0030864197530864196,x,x,z,-0.0057855621395842705
220,-0.3333333333333334,0.1666666666666667,0.0,0.0030864197530864196,x,y,x,0.4306718611075312
220,-0.3333333333333334,0.1666666666666667,0.0,0.0030864197530864196,x,y,y,-0.16639326516805064
220,-0.3333333333333334,0.1666666666666667,0.0,0.0030864197530864196,x,y,z,0.4583856967288826
220,-0.3333333333333334,0.1666666666666667,0.0,0.0030864197530864196,x,z,x,0.263764349344977
220,-0.3333333333333334,0.1666666666666667,0.0,0.0030864197530864196,x,z,y,-0.6250260766017492
220,-0.3333333333333334,0.1666666666666667,0.0,0.0030864197530864196,x,z,z,0.028504656689339977
220,-0.3333333333333334,0.1666666666666667,0.0,0.0030864197530864196,y,x,x,-0.10927228969183213
220,-0.3333333333333334,0.1666666666666667,0.0,0.0030864197530864196,y,x,y,-0.015863535095766566
220,-0.3333333333333334,0.1666666666666667,0.0,0.0030864197530864196,y,x,z,-0.43127884315308906
220,-0.3333333333333334,0.1666666666666667,0.0,0.0030864197530864196,y,y,x,-0.3980861835018434
220,-0.3333333333333334,0.1666666666666667,0.0,0.0030864197530864196,y,y,y,-0.2197944031705831
220,-0.3333333333333334,0.1666666666666667,0.0,0.0030864197530864196,y,y,z,-0.1449257062145061
220,-0.3333333333333334,0.1666666666666667,0.0,0.0030864197530864196,y,z,x,0.6741285591190853
220,-0.3333333333333334,0.1666666666666667,0.0,0.0030864197530864196,y,z,y,-0.1234394915735775
220,-0.3333333333333334,0.1666666666666667,0.0,0.0030864197530864196,y,z,z,0.008454731146794668
220,-0.3333333333333334,0.1666666666666667,0.0,0.0030864197530864196,z,x,x,0.2163015612364039
220,-0.3333333333333334,0.1666666666666667,0.0,0.0030864197530864196,z,x,y,0.6836484481529739
220,-0.3333333333333334,0.1666666666666667,0.0,0.0030864197530864196,z,x,z,0.10217536627308597
220,-0.3333333333333334,0.1666666666666667,0.0,0.0030864197530864196,z,y,x,-0.5453871452336913
220,-0.3333333333333334,0.1666666666666667,0.0,0.0030864197530864196,z,y,y,-0.14459495852605175
220,-0.3333333333333334,0.1666666666666667,0.0,0.0030864197530864196,z,y,z,-0.3897941484354057
220,-0.3333333333333334,0.1666666666666667,0.0,0.0030864197530864196,z,z,x,-0.15853625236666308
220,-0.3333333333333334,0.1666666666666667,0.0,0.0030864197530864196,z,z,y,0.07246048310950418
220,-0.3333333333333334,0.1666666666666667,0.0,0.0030864197530864196,z,z,z,-0.005546312975581275
221,-0.3333333333333334,0.2222222222222222,0.0,0.0030864197530864196,x,x,x,0.10348273169439853
221,-0.3333333333333334,0.2222222222222222,0.0,0.0030864197530864196,x,x,y,-0.41707083355689356
221,-0.3333333333333334,0.2222222222222222,0.0,0.0030864197530864196,x,x,z,0.044478210703984444
221,-0.3333333333333334,0.2222222222222222,0.0,0.0030864197530864196,x,y,x,0.23882527244215643
221,-0.3333333333333334,0.2222222222222222,0.0,0.0030864197530864196,x,y,y,-0.1739133041966597
221,-0.3333333333333334,0.2222222222222222,0.0,0.0030864197530864196,x,y,z,0.4970310316459232
221,-0.3333333333333334,0.2222222222222222,0.0,0.0030864197530864196,x,z,x,0.12332465745817228
221,-0.3333333333333334,0.2222222222222222,0.0,0.0030864197530864196,x,z,y,-0.7217065711759703
221,-0.3333333333333334,0.2222222222222222,0.0,0.0030864197530864196,x,z,z,0.01648168212707408
221,-0.3333333333333334,0.2222222222222222,0.0,0.0030864197530864196,y,x,x,-0.0295087660272243
221,-0.3333333333333334,0.2222222222222222,0.0,0.0030864197530864196,y,x,y,-0.049059118409052124
221,-0.3333333333333334,0.2222222222222222,0.0,0.0030864197530864196,y,x,z,-0.4774913443209
221,-0.3333333333333334,0.2222222222222222,0.0,0.0030864197530864196,y,y,x,-0.2835196743346312
221,-0.3333333333333334,0.2222222222222222,0.0,0.0030864197530864196,y,y,y,-0.16514990050629919
221,-0.3333333333333334,0.2222222222222222,0.0,0.0030864197530864196,y,y,z,-0.09196337932824168
221,-0.3333333333333334,0.2222222222222222,0.0,0.0030864197530864196,y,z,x,0.7541227679680025
221,-0.3333333333333334,0.2222222222222222,0.0,0.0030864197530864196,y,z,y,-0.07567068194551348
221,-0.3333333333333334,0.2222222222222222,0.0,0.0030864197530864196,y,z,z,0.0042099276321549365
221,-0.3333333333333334,0.2222222222222222,0.0,0.0030864197530864196,z,x,x,0.13783964400931095
221,-0.3333333333333334,0.2222222222222222,0.0,0.0030864197530864196,z,x,y,0.8051677007343983
221,-0.3333333333333334,0.2222222222222222,0.0,0.0030864197530864196,z,x,z,0.01792172881694098
221,-0.3333333333333334,0.2222222222222222,0.0,0.0030864197530864196,z,y,x,-0.7544665147111469
221,-0.3333333333333334,0.2222222222222222,0.0,0.0030864197530864196,z,y,y,-0.11682572941691989
221,-0.3333333333333334,0.2222222222222222,0.0,0.0030864197530864196,z,y,z,-0.34681524721190793
221,-0.3333333333333334,0.2222222222222222,0.0,0.0030864197530864196,z,z,x,-0.0594037711272471
221,-0.3333333333333334,0.2222222222222222,0.0,0.0030864197530864196,z,z,y,0.12165468986933275
221,-0.3333333333333334,0.2222222222222222,0.0,0.0030864197530864196,z,z,z,-0.0008939751596885462
222,-0.3333333333333334,0.2777777777777778,0.0,0.0030864197530864196,x,x,x,0.14886214222086236
222,-0.3333333333333334,0.2777777777777778,0.0,0.0030864197530864196,x,x,y,-0.19654435416070493
222,-0.3333333333333334,0.2777777777777778,0.0,0.0030864197530864196,x,x,z,0.03539336844344667
222,-0.3333333333333334,0.2777777777777778,0.0,0.0030864197530864196,x,y,x,0.11027045807095268
222,-0.3333333333333334,0.2777777777777778,0.0,0.0030864197530864196,x,y,y,-0.1727443467457315
222,-0.3333333333333334,0.2777777777777778,0.0,0.0030864197530864196,x,y,z,0.5071297220108051
222,-0.3333333333333334,0.2777777777777778,0.0,0.0030864197530864196,x,z,x,0.04778420803117977
222,-0.3333333333333334,0.2777777777777778,0.0,0.0030864197530864196,x,z,y,-0.7989598743090316
222,-0.3333333333333334,0.2777777777777778,0.0,0.0030864197530864196,x,z,z,0.005344887903168579
222,-0.3333333333333334,0.2777777777777778,0.0,0.0030864197530864196,y,x,x,-0.0037554525016747285
222,-0.3333333333333334,0.2777777777777778,0.0,0.0030864197530864196,y,x,y,-0.13186255657336335
222,-0.3333333333333334,0.2777777777777778,0.0,0.0030864197530864196,y,x,z,-0.5065678899574783
222,-0.3333333333333334,0.2777777777777778,0.0,0.0030864197530864196,y,y,x,-0.20248777340407753
222,-0.3333333333333334,0.2777777777777778,0.0,0.0030864197530864196,y,y,y,-0.08614058977864818
222,-0.3333333333333334,0.2777777777777778,0.0,0.0030864197530864196,y,y,z,-0.042567643082563826
222,-0.3333333333333334,0.2777777777777778,0.0,0.0030864197530864196,y,z,x,0.8132728052138946
222,-0.3333333333333334,0.2777777777777778,0.0,0.0030864197530864196,y,z,y,-0.04066557727214927
222,-0.3333333333333334,0.2777777777777778,0.0,0.0030864197530864196,y,z,z,0.002684031973250111
222,-0.3333333333333334,0.2777777777777778,0.0,0.0030864197530864196,z,x,x,0.0698937793950065
222,-0.3333333333333334,0.2777777777777778,0.0,0.0030864197530864196,z,x,y,0.9405472414034165
222,-0.3333333333333334,0.2777777777777778,0.0,0.0030864197530864196,z,x,z,-0.0024909371371643514
222,-0.3333333333333334,0.2777777777777778,0.0,0.0030864197530864196,z,y,x,-0.9308072074579485
222,-0.3333333333333334,0.2777777777777778,0.0,0.0030864197530864196,z,y,y,-0.0682463009998965
222,-0.3333333333333334,0.2777777777777778,0.0,0.0030864197530864196,z,y,z,-0.19677774723689143
222,-0.3333333333333334,0.2777777777777778,0.0,0.0030864197530864196,z,z,x,-0.010732456495209703
222,-0.3333333333333334,0.2777777777777778,0.0,0.0030864197530864196,z,z,y,0.08569348692914976
222,-0.3333333333333334,0.2777777777777778,0.0,0.0030864197530864196,z,z,z,-0.0004304443014145928
223,-0.3333333333333334,0.3333333333333333,0.0,0.0030864197530864196,x,x,x,0.16941856927958074
223,-0.3333333333333334,0.3333333333333333,0.0,0.0030864197530864196,x,x,y,-1.4648113460513363e-07
223,-0.3333333333333334,0.3333333333333333,0.0,0.0030864197530864196,x,x,z,-5.133958018081647e-07
223,-0.3333333333333334,0.3333333333333333,0.0,0.0030864197530864196,x,y,x,-5.115500263782054e-07
223,-0.3333333333333334,0.3333333333333333,0.0,0.0030864197530864196,x,y,y,-0.1694234465628691
223,-0.3333333333333334,0.3333333333333333,0.0,0.0030864197530864196,x,y,z,0.5221513096343318
223,-0.3333333333333334,0.3333333333333333,0.0,0.0030864197530864196,x,z,x,1.120638403125573e-06
223,-0.3333333333333334,0.3333333333333333,0.0,0.0030864197530864196,x,z,y,-0.8397315814669949
223,-0.3333333333333334,0.3333333333333333,0.0,0.0030864197530864196,x,z,z,1.8703233876776636e-06
223,-0.3333333333333334,0.3333333333333333,0.0,0.0030864197530864196,y,x,x,1.1773665095616247e-07
223,-0.3333333333333334,0.3333333333333333,0.0,0.0030864197530864196,y,x,y,-0.16940737019424715
223,-0.3333333333333334,0.3333333333333333,0.0,0.0030864197530864196,y,x,z,-0.5221430714771909
223,-0.3333333333333334,0.3333333333333333,0.0,0.0030864197530864196,y,y,x,-0.16942922293381354
223,-0.3333333333333334,0.3333333333333333,0.0,0.0030864197530864196,y,y,y,-5.379591416697046e-07
223,-0.3333333333333334,0.3333333333333333,0.0,0.0030864197530864196,y,y,z,5.224589366796539e-07
223,-0.3333333333333334,0.3333333333333333,0.0,0.0030864197530864196,y,z,x,0.8397227849991346
223,-0.3333333333333334,0.3333333333333333,0.0,0.0030864197530864196,y,z,y,-1.1333572630834333e-06
223,-0.3333333333333334,0.3333333333333333,0.0,0.0030864197530864196,y,z,z,-2.2051527624910623e-08
223,-0.3333333333333334,0.3333333333333333,0.0,0.0030864197530864196,z,x,x,1.37970120276526e-07
223,-0.3333333333333334,0.3333333333333333,0.0,0.0030864197530864196,z,x,y,1.002999403956719
223,-0.3333333333333334,0.3333333333333333,0.0,0.0030864197530864196,z,x,z,-1.5485836385711616e-05
223,-0.3333333333333334,0.3333333333333333,0.0,0.0030864197530864196,z,y,x,-1.0029953971962657
223,-0.3333333333333334,0.3333333333333333,0.0,0.0030864197530864196,z,y,y,-1.245942369970665e-07
223,-0.3333333333333334,0.3333333333333333,0.0,0.0030864197530864196,z,y,z,-3.025483810149562e-07
223,-0.3333333333333334,0.3333333333333333,0.0,0.0030864197530864196,z,z,x,1.5981145660661357e-05
223,-0.3333333333333334,0.3333333333333333,0.0,0.0030864197530864196,z,z,y,-5.827590692764311e-07
223,-0.3333333333333334,0.3333333333333333,0.0,0.0030864197530864196,z,z,z,1.0957097235316014e-09
224,-0.3333333333333334,0.3888888888888889,0.0,0.0030864197530864196,x,x,x,0.1488624610493565
224,-0.3333333333333334,0.3888888888888889,0.0,0.0030864197530864196,x,x,y,0.19654460211963504
224,-0.3333333333333334,0.3888888888888889,0.0,0.0030864197530864196,x,x,z,-0.035394458230487175
224,-0.3333333333333334,0.3888888888888889,0.0,0.0030864197530864196,x,y,x,-0.11027181549320339
224,-0.3333333333333334,0.3888888888888889,0.0,0.0030864197530864196,x,y,y,-0.17274460177002823
224,-0.3333333333333334,0.3888888888888889,0.0,0.0030864197530864196,x,y,z,0.5071306024855974
224,-0.3333333333333334,0.3888888888888889,0.0,0.0030864197530864196,x,z,x,-0.04778206332704305
224,-0.3333333333333334,0.3888888888888889,0.0,0.0030864197530864196,x,z,y,-0.7989615205041839
224,-0.3333333333333334,0.3888888888888889,0.0,0.0030864197530864196,x,z,z,0.005344707902478263
224,-0.3333333333333334,0.3888888888888889,0.0,0.0030864197530864196,y,x,x,0.0037556449235766672
224,-0.3333333333333334,0.3888888888888889,0.0,0.0030864197530864196,y,x,y,-0.13186340934425933
224,-0.3333333333333334,0.3888888888888889,0.0,0.0030864197530864196,y,x,z,-0.5065682514411465
224,-0.3333333333333334,0.3888888888888889,0.0,0.0030864197530864196,y,y,x,-0.2024878339778865
224,-0.3333333333333334,0.3888888888888889,0.0,0.0030864197530864196,y,y,y,0.08613973085580205
224,-0.3333333333333334,0.3888888888888889,0.0,0.0030864197530864196,y,y,z,0.04256868595238229
224,-0.3333333333333334,0.3888888888888889,0.0,0.0030864197530864196,y,z,x,0.8132738311530372
224,-0.3333333333333334,0.3888888888888889,0.0,0.0030864197530864196,y,z,y,0.04066349908622473
224,-0.3333333333333334,0.3888888888888889,0.0,0.0030864197530864196,y,z,z,-0.002684073653861383
224,-0.3333333333333334,0.3888888888888889,0.0,0.0030864197530864196,z,x,x,-0.06989363536772795
224,-0.3333333333333334,0.3888888888888889,0.0,0.0030864197530864196,z,x,y,0.9405499862936847
224,-0.3333333333333334,0.3888888888888889,0.0,0.0030864197530864196,z,x,z,-0.0024904814061443
224,-0.3333333333333334,0.3888888888888889,0.0,0.0030864197530864196,z,y,x,-0.9308099043675602
224,-0.3333333333333334,0.3888888888888889,0.0,0.0030864197530864196,z,y,y,0.06824615741436744
224,-0.3333333333333334,0.3888888888888889,0.0,0.0030864197530864196,z,y,z,0.1967775690918874
224,-0.3333333333333334,0.3888888888888889,0.0,0.0030864197530864196,z,z,x,-0.010732818492268427
224,-0.3333333333333334,0.3888888888888889,0.0,0.0030864197530864196,z,z,y,-0.08569479953015025
224,-0.3333333333333334,0.3888888888888889,0.0,0.0030864197530864196,z,z,z,0.00043044021205406705
225,-0.3333333333333334,0.4444444444444444,0.0,0.0030864197530864196,x,x,x,0.1034830372118096
225,-0.3333333333333334,0.4444444444444444,0.0,0.0030864197530864196,x,x,y,0.41707216438641265
225,-0.3333333333333334,0.4444444444444444,0.0,0.0030864197530864196,x,x,z,-0.044479315916390184
225,-0.3333333333333334,0.4444444444444444,0.0,0.0030864197530864196,x,y,x,-0.23882723314127793
225,-0.3333333333333334,0.4444444444444444,0.0,0.0030864197530864196,x,y,y,-0.17391371159457616
225,-0.3333333333333334,0.4444444444444444,0.0,0.0030864197530864196,x,y,z,0.4970325249490688
225,-0.3333333333333334,0.4444444444444444,0.0,0.0030864197530864196,x,z,x,-0.12332281647066762
225,-0.3333333333333334,0.4444444444444444,0.0,0.0030864197530864196,x,z,y,-0.7217089323811995
225,-0.3333333333333334,0.4444444444444444,0.0,0.0030864197530864196,x,z,z,0.016481374979938485
225,-0.3333333333333334,0.4444444444444444,0.0,0.0030864197530864196,y,x,x,0.029508955887886237
225,-0.3333333333333334,0.4444444444444444,0.0,0.0030864197530864196,y,x,y,-0.04906045431348652
225,-0.3333333333333334,0.4444444444444444,0.0,0.0030864197530864196,y,x,z,-0.47749182699153314
225,-0.3333333333333334,0.4444444444444444,0.0,0.0030864197530864196,y,y,x,-0.2835197262058037
225,-0.3333333333333334,0.4444444444444444,0.0,0.0030864197530864196,y,y,y,0.16514956504115458
225,-0.3333333333333334,0.4444444444444444,0.0,0.0030864197530864196,y,y,z,0.09196447000751742
225,-0.3333333333333334,0.4444444444444444,0.0,0.0030864197530864196,y,z,x,0.7541241250673798
225,-0.3333333333333334,0.4444444444444444,0.0,0.0030864197530864196,y,z,y,0.07566894754662774
225,-0.3333333333333334,0.4444444444444444,0.0,0.0030864197530864196,y,z,z,-0.004209978393537359
225,-0.3333333333333334,0.4444444444444444,0.0,0.0030864197530864196,z,x,x,-0.13783980650516353
225,-0.3333333333333334,0.4444444444444444,0.0,0.0030864197530864196,z,x,y,0.8051716650428846
225,-0.3333333333333334,0.4444444444444444,0.0,0.0030864197530864196,z,x,z,0.01792253214753202
225,-0.3333333333333334,0.4444444444444444,0.0,0.0030864197530864196,z,y,x,-0.7544704841804376
225,-0.3333333333333334,0.4444444444444444,0.0,0.0030864197530864196,z,y,y,0.11682583442160778
225,-0.3333333333333334,0.4444444444444444,0.0,0.0030864197530864196,z,y,z,0.3468159336911911
225,-0.3333333333333334,0.4444444444444444,0.0,0.0030864197530864196,z,z,x,-0.05940447557596852
225,-0.3333333333333334,0.4444444444444444,0.0,0.0030864197530864196,z,z,y,-0.12165621485000681
225,-0.3333333333333334,0.4444444444444444,0.0,0.0030864197530864196,z,z,z,0.0008939866530740372
226,-0.3333333333333334,0.5,0.0,0.0030864197530864196,x,x,x,0.06055166509308249
226,-0.3333333333333334,0.5,0.0,0.0030864197530864196,x,x,y,0.7283392066263021
226,-0.3333333333333334,0.5,0.0,0.0030864197530864196,x,x,z,0.005784807425934253
226,-0.3333333333333334,0.5,0.0,0.0030864197530864196,x,y,x,-0.4306743231654201
226,-0.3333333333333334,0.5,0.0,0.0030864197530864196,x,y,y,-0.1663936712017962
226,-0.3333333333333334,0.5,0.0,0.0030864197530864196,x,y,z,0.4583872097704296
226,-0.3333333333333334,0.5,0.0,0.0030864197530864196,x,z,x,-0.2637629750663886
226,-0.3333333333333334,0.5,0.0,0.0030864197530864196,x,z,y,-0.6250281457637474
226,-0.3333333333333334,0.5,0.0,0.0030864197530864196,x,z,z,0.028504328574255472
226,-0.3333333333333334,0.5,0.0,0.0030864197530864196,y,x,x,0.10927258456715941
226,-0.3333333333333334,0.5,0.0,0.0030864197530864196,y,x,y,-0.0158653177697054
226,-0.3333333333333334,0.5,0.0,0.0030864197530864196,y,x,z,-0.43127891954806385
226,-0.3333333333333334,0.5,0.0,0.0030864197530864196,y,y,x,-0.39808568735869654
226,-0.3333333333333334,0.5,0.0,0.0030864197530864196,y,y,y,0.2197946799721189
226,-0.3333333333333334,0.5,0.0,0.0030864197530864196,y,y,z,0.1449268973994339
226,-0.3333333333333334,0.5,0.0,0.0030864197530864196,y,z,x,0.6741295054926258
226,-0.3333333333333334,0.5,0.0,0.0030864197530864196,y,z,y,0.12343805904341856
226,-0.3333333333333334,0.5,0.0,0.0030864197530864196,y,z,z,-0.008454737979351132
226,-0.3333333333333334,0.5,0.0,0.0030864197530864196,z,x,x,-0.21630212415869482
226,-0.3333333333333334,0.5,0.0,0.0030864197530864196,z,x,y,0.6836526442825148
226,-0.3333333333333334,0.5,0.0,0.0030864197530864196,z,x,z,0.10217652248521034
226,-0.3333333333333334,0.5,0.0,0.0030864197530864196,z,y,x,-0.5453914612808791
226,-0.3333333333333334,0.5,0.0,0.0030864197530864196,z,y,y,0.1445951545559834
226,-0.3333333333333334,0.5,0.0,0.0030864197530864196,z,y,z,0.3897957337983412
226,-0.3333333333333334,0.5,0.0,0.0030864197530864196,z,z,x,-0.15853718967541244
226,-0.3333333333333334,0.5,0.0,0.0030864197530864196,z,z,y,-0.07246246957267186
226,-0.3333333333333334,0.5,0.0,0.0030864197530864196,z,z,z,0.0055463750414867195
227,-0.3333333333333334,-0.4444444444444444,0.0,0.0030864197530864196,x,x,x,0.0036364452026545037
227,-0.3333333333333334,-0.4444444444444444,0.0,0.0030864197530864196,x,x,y,1.1719823909397722
227,-0.3333333333333334,-0.4444444444444444,0.0,0.0030864197530864196,x,x,z,0.16141618414530814
227,-0.3333333333333334,-0.4444444444444444,0.0,0.0030864197530864196,x,y,x,-0.6739033200876241
227,-0.3333333333333334,-0.4444444444444444,0.0,0.0030864197530864196,x,y,y,-0.16920671939343973
227,-0.3333333333333334,-0.4444444444444444,0.0,0.0030864197530864196,x,y,z,0.2978208151908238
227,-0.3333333333333334,-0.4444444444444444,0.0,0.0030864197530864196,x,z,x,-0.4972384425097657
227,-0.3333333333333334,-0.4444444444444444,0.0,0.0030864197530864196,x,z,y,-0.42790879025580203
227,-0.3333333333333334,-0.4444444444444444,0.0,0.0030864197530864196,x,z,z,0.039082537470789484
227,-0.3333333333333334,-0.4444444444444444,0.0,0.0030864197530864196,y,x,x,0.2542956367755205
227,-0.3333333333333334,-0.4444444444444444,0.0,0.0030864197530864196,y,x,y,-0.1368346986138809
227,-0.3333333333333334,-0.4444444444444444,0.0,0.0030864197530864196,y,x,z,-0.3340347242566219
227,-0.3333333333333334,-0.4444444444444444,0.0,0.0030864197530864196,y,y,x,-0.5964348663666148
227,-0.3333333333333334,-0.4444444444444444,0.0,0.0030864197530864196,y,y,y,0.3077630575881963
227,-0.3333333333333334,-0.4444444444444444,0.0,0.0030864197530864196,y,y,z,0.13668647921379945
227,-0.3333333333333334,-0.4444444444444444,0.0,0.0030864197530864196,y,z,x,0.5814409602503615
227,-0.3333333333333334,-0.4444444444444444,0.0,0.0030864197530864196,y,z,y,0.22525213701115807
227,-0.3333333333333334,-0.4444444444444444,0.0,0.0030864197530864196,y,z,z,-0.03185575336794461
227,-0.3333333333333334,-0.4444444444444444,0.0,0.0030864197530864196,z,x,x,-0.31957330553148117
227,-0.3333333333333334,-0.4444444444444444,0.0,0.0030864197530864196,z,x,y,0.5338881545525642
227,-0.3333333333333334,-0.4444444444444444,0.0,0.0030864197530864196,z,x,z,0.31268353485626027
227,-0.3333333333333334,-0.4444444444444444,0.0,0.0030864197530864196,z,y,x,-0.2410429408013591
227,-0.3333333333333334,-0.4444444444444444,0.0,0.0030864197530864196,z,y,y,0.164580872253085
227,-0.3333333333333334,-0.4444444444444444,0.0,0.0030864197530864196,z,y,z,0.23117544252238936
227,-0.3333333333333334,-0.4444444444444444,0.0,0.0030864197530864196,z,z,x,-0.35328774228360443
227,-0.3333333333333334,-0.4444444444444444,0.0,0.0030864197530864196,z,z,y,0.1791642772420575
227,-0.3333333333333334,-0.4444444444444444,0.0,0.0030864197530864196,z,z,z,0.008524152382902828
228,-0.3333333333333334,-0.3888888888888888,0.0,0.0030864197530864196,x,x,x,-0.09316759736286025
228,-0.3333333333333334,-0.3888888888888888,0.0,0.0030864197530864196,x,x,y,1.225522974595557
228,-0.3333333333333334,-0.3888888888888888,0.0,0.0030864197530864196,x,x,z,0.5585969461900496
228,-0.3333333333333334,-0.3888888888888888,0.0,0.0030864197530864196,x,y,x,-0.3022654876323181
228,-0.3333333333333334,-0.3888888888888888,0.0,0.0030864197530864196,x,y,y,-0.289122767247196
228,-0.3333333333333334,-0.3888888888888888,0.0,0.0030864197530864196,x,y,z,-0.3158995368765169
228,-0.3333333333333334,-0.3888888888888888,0.0,0.0030864197530864196,x,z,x,-0.9546050405420126
228,-0.3333333333333334,-0.3888888888888888,0.0,0.0030864197530864196,x,z,y,0.25616053117956933
228,-0.3333333333333334,-0.3888888888888888,0.0,0.0030864197530864196,x,z,z,0.038150985646036785
228,-0.3333333333333334,-0.3888888888888888,0.0,0.0030864197530864196,y,x,x,0.5199543921910404
228,-0.3333333333333334,-0.3888888888888888,0.0,0.0030864197530864196,y,x,y,-0.9531674739066015
228,-0.3333333333333334,-0.3888888888888888,0.0,0.0030864197530864196,y,x,z,-0.09834882613083472
228,-0.3333333333333334,-0.3888888888888888,0.0,0.0030864197530864196,y,y,x,-0.6889229510320086
228,-0.3333333333333334,-0.3888888888888888,0.0,0.0030864197530864196,y,y,y,0.5754676090225417
228,-0.3333333333333334,-0.3888888888888888,0.0,0.0030864197530864196,y,y,z,-0.07218958342793899
228,-0.3333333333333334,-0.3888888888888888,0.0,0.0030864197530864196,y,z,x,0.348780467058728
228,-0.3333333333333334,-0.3888888888888888,0.0,0.0030864197530864196,y,z,y,0.6186044826646535
228,-0.3333333333333334,-0.3888888888888888,0.0,0.0030864197530864196,y,z,z,-0.04656551117504471
228,-0.3333333333333334,-0.3888888888888888,0.0,0.0030864197530864196,z,x,x,-0.5186365729907336
228,-0.3333333333333334,-0.3888888888888888,0.0,0.0030864197530864196,z,x,y,-0.05034593736545092
228,-0.3333333333333334,-0.3888888888888888,0.0,0.0030864197530864196,z,x,z,0.7258208923273002
228,-0.3333333333333334,-0.3888888888888888,0.0,0.0030864197530864196,z,y,x,0.6106538890772584
228,-0.3333333333333334,-0.3888888888888888,0.0,0.0030864197530864196,z,y,y,0.2524539265709557
228,-0.3333333333333334,-0.3888888888888888,0.0,0.0030864197530864196,z,y,z,-0.42563422987883737
228,-0.3333333333333334,-0.3888888888888888,0.0,0.0030864197530864196,z,z,x,-0.7379308527066637
228,-0.3333333333333334,-0.3888888888888888,0.0,0.0030864197530864196,z,z,y,0.8316799690597418
228,-0.3333333333333334,-0.3888888888888888,0.0,0.0030864197530864196,z,z,z,0.01225502948692735
229,-0.3333333333333334,-0.3333333333333334,0.0,0.0030864197530864196,x,x,x,-0.044030020644378554
229,-0.3333333333333334,-0.3333333333333334,0.0,0.0030864197530864196,x,x,y,-0.902205147489001
229,-0.3333333333333334,-0.3333333333333334,0.0,0.0030864197530864196,x,x,z,0.8455243612686845
229,-0.3333333333333334,-0.3333333333333334,0.0,0.0030864197530864196,x,y,x,2.1771006992677306
229,-0.3333333333333334,-0.3333333333333334,0.0,0.0030864197530864196,x,y,y,-0.8501214113200738
229,-0.3333333333333334,-0.3333333333333334,0.0,0.0030864197530864196,x,y,z,-1.2268895897796512
229,-0.3333333333333334,-0.3333333333333334,0.0,0.0030864197530864196,x,z,x,-1.3892788832105691
229,-0.3333333333333334,-0.3333333333333334,0.0,0.0030864197530864196,x,z,y,1.5116698872275935
229,-0.3333333333333334,-0.3333333333333334,0.0,0.0030864197530864196,x,z,z,0.010457396464371594
229,-0.3333333333333334,-0.3333333333333334,0.0,0.0030864197530864196,y,x,x,0.13691251118433576
229,-0.3333333333333334,-0.3333333333333334,0.0,0.0030864197530864196,y,x,y,-2.028008821208455
229,-0.3333333333333334,-0.3333333333333334,0.0,0.0030864197530864196,y,x,z,0.25058579454489666
229,-0.3333333333333334,-0.3333333333333334,0.0,0.0030864197530864196,y,y,x,-0.2502169719610549
229,-0.3333333333333334,-0.3333333333333334,0.0,0.0030864197530864196,y,y,y,1.4118291508827883
229,-0.3333333333333334,-0.3333333333333334,0.0,0.0030864197530864196,y,y,z,-0.8455639088962397
229,-0.3333333333333334,-0.3333333333333334,0.0,0.0030864197530864196,y,z,x,0.09250980689166809
229,-0.3333333333333334,-0.3333333333333334,0.0,0.0030864197530864196,y,z,y,1.389320309539163
229,-0.3333333333333334,-0.3333333333333334,0.0,0.0030864197530864196,y,z,z,-0.01812559277685172
229,-0.3333333333333334,-0.3333333333333334,0.0,0.0030864197530864196,z,x,x,-0.5290387052489294
229,-0.3333333333333334,-0.3333333333333334,0.0,0.0030864197530864196,z,x,y,-1.7522683428545336
229,-0.3333333333333334,-0.3333333333333334,0.0,0.0030864197530864196,z,x,z,0.7943415217065894
229,-0.3333333333333334,-0.3333333333333334,0.0,0.0030864197530864196,z,y,x,2.363154378687112
229,-0.3333333333333334,-0.3333333333333334,0.0,0.0030864197530864196,z,y,y,0.5290287776036439
229,-0.3333333333333334,-0.3333333333333334,0.0,0.0030864197530864196,z,y,z,-1.375866558740949
229,-0.3333333333333334,-0.3333333333333334,0.0,0.0030864197530864196,z,z,x,-0.8296482137624649
229,-0.3333333333333334,-0.3333333333333334,0.0,0.0030864197530864196,z,z,y,1.4370131852326615
229,-0.3333333333333334,-0.3333333333333334,0.0,0.0030864197530864196,z,z,z,9.173599373567051e-06
230,-0.3333333333333334,-0.2777777777777778,0.0,0.0030864197530864196,x,x,x,0.0632905932084174
230,-0.3333333333333334,-0.2777777777777778,0.0,0.0030864197530864196,x,x,y,-1.9783120753805408
230,-0.3333333333333334,-0.2777777777777778,0.0,0.0030864197530864196,x,x,z,0.17841291413995933
230,-0.3333333333333334,-0.2777777777777778,0.0,0.0030864197530864196,x,y,x,2.6523989703431505
230,-0.3333333333333334,-0.2777777777777778,0.0,0.0030864197530864196,x,y,y,-0.9134551473915516
230,-0.3333333333333334,-0.2777777777777778,0.0,0.0030864197530864196,x,y,z,-0.3146332471270113
230,-0.3333333333333334,-0.2777777777777778,0.0,0.0030864197530864196,x,z,x,-0.7239784335322151
230,-0.3333333333333334,-0.2777777777777778,0.0,0.0030864197530864196,x,z,y,1.009898544194585
230,-0.3333333333333334,-0.2777777777777778,0.0,0.0030864197530864196,x,z,z,-0.04790894463105258
230,-0.3333333333333334,-0.2777777777777778,0.0,0.0030864197530864196,y,x,x,-0.8493711821904233
230,-0.3333333333333334,-0.2777777777777778,0.0,0.0030864197530864196,y,x,y,-0.33288553797901205
230,-0.3333333333333334,-0.2777777777777778,0.0,0.0030864197530864196,y,x,z,-0.09310039711346701
230,-0.3333333333333334,-0.2777777777777778,0.0,0.0030864197530864196,y,y,x,-0.33780796761973275
230,-0.3333333333333334,-0.2777777777777778,0.0,0.0030864197530864196,y,y,y,1.3283432078594324
230,-0.3333333333333334,-0.2777777777777778,0.0,0.0030864197530864196,y,y,z,-0.9035375264177204
230,-0.3333333333333334,-0.2777777777777778,0.0,0.0030864197530864196,y,z,x,0.33752023591167013
230,-0.3333333333333334,-0.2777777777777778,0.0,0.0030864197530864196,y,z,y,1.1645071168964614
230,-0.3333333333333334,-0.2777777777777778,0.0,0.0030864197530864196,y,z,z,0.057471662676774525
230,-0.3333333333333334,-0.2777777777777778,0.0,0.0030864197530864196,z,x,x,-0.061187563660710736
230,-0.3333333333333334,-0.2777777777777778,0.0,0.0030864197530864196,z,x,y,-1.6124748401373483
230,-0.3333333333333334,-0.2777777777777778,0.0,0.0030864197530864196,z,x,z,-0.14457311917057428
230,-0.3333333333333334,-0.2777777777777778,0.0,0.0030864197530864196,z,y,x,1.9634457052112682
230,-0.3333333333333334,-0.2777777777777778,0.0,0.0030864197530864196,z,y,y,0.6645429996186268
230,-0.3333333333333334,-0.2777777777777778,0.0,0.0030864197530864196,z,y,z,-1.0280115614342489
230,-0.3333333333333334,-0.2777777777777778,0.0,0.0030864197530864196,z,z,x,-0.10943011419860244
230,-0.3333333333333334,-0.2777777777777778,0.0,0.0030864197530864196,z,z,y,0.8592937782924489
230,-0.3333333333333334,-0.2777777777777778,0.0,0.0030864197530864196,z,z,z,-0.03814957637191056
231,-0.3333333333333334,-0.2222222222222222,0.0,0.0030864197530864196,x,x,x,-0.10075712091670459
231,-0.3333333333333334,-0.2222222222222222,0.0,0.0030864197530864196,x,x,y,-0.7324035285514953
231,-0.3333333333333334,-0.2222222222222222,0.0,0.0030864197530864196,x,x,z,-0.09556542815999214
231,-0.3333333333333334,-0.2222222222222222,0.0,0.0030864197530864196,x,y,x,0.9150255982860371
231,-0.3333333333333334,-0.2222222222222222,0.0,0.0030864197530864196,x,y,y,-0.3898460601410768
231,-0.3333333333333334,-0.2222222222222222,0.0,0.0030864197530864196,x,y,z,0.8146498435339894
231,-0.3333333333333334,-0.2222222222222222,0.0,0.0030864197530864196,x,z,x,-0.16351426541461525
231,-0.3333333333333334,-0.2222222222222222,0.0,0.0030864197530864196,x,z,y,-0.13900297416785362
231,-0.3333333333333334,-0.2222222222222222,0.0,0.0030864197530864196,x,z,z,-0.07169537075696202
231,-0.3333333333333334,-0.2222222222222222,0.0,0.0030864197530864196,y,x,x,-0.5592889683312595
231,-0.3333333333333334,-0.2222222222222222,0.0,0.0030864197530864196,y,x,y,0.7492355225841257
231,-0.3333333333333334,-0.2222222222222222,0.0,0.0030864197530864196,y,x,z,-0.6121530684060217
231,-0.3333333333333334,-0.2222222222222222,0.0,0.0030864197530864196,y,y,x,-0.7267652251573994
231,-0.3333333333333334,-0.2222222222222222,0.0,0.0030864197530864196,y,y,y,0.47203319976438013
231,-0.3333333333333334,-0.2222222222222222,0.0,0.0030864197530864196,y,y,z,-0.3493663873941163
231,-0.3333333333333334,-0.2222222222222222,0.0,0.0030864197530864196,y,z,x,0.6559328476107225
231,-0.3333333333333334,-0.2222222222222222,0.0,0.0030864197530864196,y,z,y,0.3903206362239561
231,-0.3333333333333334,-0.2222222222222222,0.0,0.0030864197530864196,y,z,z,0.04988611684250917
231,-0.3333333333333334,-0.2222222222222222,0.0,0.0030864197530864196,z,x,x,0.05984286417867603
231,-0.3333333333333334,-0.2222222222222222,0.0,0.0030864197530864196,z,x,y,-0.3600507706039956
231,-0.3333333333333334,-0.2222222222222222,0.0,0.0030864197530864196,z,x,z,-0.574116098773537
231,-0.3333333333333334,-0.2222222222222222,0.0,0.0030864197530864196,z,y,x,0.6531778542676419
231,-0.3333333333333334,-0.2222222222222222,0.0,0.0030864197530864196,z,y,y,0.3701736553028394
231,-0.3333333333333334,-0.2222222222222222,0.0,0.0030864197530864196,z,y,z,-0.3643862046263371
231,-0.3333333333333334,-0.2222222222222222,0.0,0.0030864197530864196,z,z,x,0.24352086169483272
231,-0.3333333333333334,-0.2222222222222222,0.0,0.0030864197530864196,z,z,y,0.26839483342703757
231,-0.3333333333333334,-0.2222222222222222,0.0,0.0030864197530864196,z,z,z,-0.039489100731582426
232,-0.3333333333333334,-0.1666666666666666,0.0,0.0030864197530864196,x,x,x,-0.17507489031032894
232,-0.3333333333333334,-0.1666666666666666,0.0,0.0030864197530864196,x,x,y,3.946143691542618e-06
232,-0.3333333333333334,-0.1666666666666666,0.0,0.0030864197530864196,x,x,z,-1.926060684366679e-06
232,-0.3333333333333334,-0.1666666666666666,0.0,0.0030864197530864196,x,y,x,-2.4949679371086996e-06
232,-0.3333333333333334,-0.1666666666666666,0.0,0.0030864197530864196,x,y,y,-0.21156399406009527
232,-0.3333333333333334,-0.1666666666666666,0.0,0.0030864197530864196,x,y,z,1.1222264847138603
232,-0.3333333333333334,-0.1666666666666666,0.0,0.0030864197530864196,x,z,x,2.141647507417088e-06
232,-0.3333333333333334,-0.1666666666666666,0.0,0.0030864197530864196,x,z,y,-0.5130357447415198
232,-0.3333333333333334,-0.1666666666666666,0.0,0.0030864197530864196,x,z,z,-0.08534343088124834
232,-0.3333333333333334,-0.1666666666666666,0.0,0.0030864197530864196,y,x,x,2.1113198457716202e-06
232,-0.3333333333333334,-0.1666666666666666,0.0,0.0030864197530864196,y,x,y,0.8531727648875219
232,-0.3333333333333334,-0.1666666666666666,0.0,0.0030864197530864196,y,x,z,-0.7507699281588145
232,-0.3333333333333334,-0.1666666666666666,0.0,0.0030864197530864196,y,y,x,-0.7609977619954478
232,-0.3333333333333334,-0.1666666666666666,0.0,0.0030864197530864196,y,y,y,6.565342408619324e-07
232,-0.3333333333333334,-0.1666666666666666,0.0,0.0030864197530864196,y,y,z,1.160932502179934e-06
232,-0.3333333333333334,-0.1666666666666666,0.0,0.0030864197530864196,y,z,x,0.7227242894344803
232,-0.3333333333333334,-0.1666666666666666,0.0,0.0030864197530864196,y,z,y,-2.4330321031613245e-06
232,-0.3333333333333334,-0.1666666666666666,0.0,0.0030864197530864196,y,z,z,-1.4392264560758128e-07
232,-0.3333333333333334,-0.1666666666666666,0.0,0.0030864197530864196,z,x,x,1.2301496886348191e-06
232,-0.3333333333333334,-0.1666666666666666,0.0,0.0030864197530864196,z,x,y,0.017624950014526644
232,-0.3333333333333334,-0.1666666666666666,0.0,0.0030864197530864196,z,x,z,-0.611435236589362
232,-0.3333333333333334,-0.1666666666666666,0.0,0.0030864197530864196,z,y,x,0.281358487980868
232,-0.3333333333333334,-0.1666666666666666,0.0,0.0030864197530864196,z,y,y,-2.8723433604616797e-08
232,-0.3333333333333334,-0.1666666666666666,0.0,0.0030864197530864196,z,y,z,-5.658382716752803e-07
232,-0.3333333333333334,-0.1666666666666666,0.0,0.0030864197530864196,z,z,x,0.24432108649804635
232,-0.3333333333333334,-0.1666666666666666,0.0,0.0030864197530864196,z,z,y,2.3186274849314198e-07
232,-0.3333333333333334,-0.1666666666666666,0.0,0.0030864197530864196,z,z,z,6.435778211868809e-09
233,-0.3333333333333334,-0.1111111111111112,0.0,0.0030864197530864196,x,x,x,-0.1007549126752569
233,-0.3333333333333334,-0.1111111111111112,0.0,0.0030864197530864196,x,x,y,0.7324093791443576
233,-0.3333333333333334,-0.1111111111111112,0.0,0.0030864197530864196,x,x,z,0.09556168801576631
233,-0.3333333333333334,-0.1111111111111112,0.0,0.0030864197530864196,x,y,x,-0.9150294994436134
233,-0.3333333333333334,-0.1111111111111112,0.0,0.0030864197530864196,x,y,y,-0.38984849991810083
233,-0.3333333333333334,-0.1111111111111112,0.0,0.0030864197530864196,x,y,z,0.8146501572168598
233,-0.3333333333333334,-0.1111111111111112,0.0,0.0030864197530864196,x,z,x,0.16351807623288117
233,-0.3333333333333334,-0.1111111111111112,0.0,0.0030864197530864196,x,z,y,-0.13900378969810717
233,-0.3333333333333334,-0.1111111111111112,0.0,0.0030864197530864196,x,z,z,-0.07169540551500578
233,-0.3333333333333334,-0.1111111111111112,0.0,0.0030864197530864196,y,x,x,0.5592921679568594
233,-0.3333333333333334,-0.1111111111111112,0.0,0.0030864197530864196,y,x,y,0.749233865995817
233,-0.3333333333333334,-0.1111111111111112,0.0,0.0030864197530864196,y,x,z,-0.6121533598066794
233,-0.3333333333333334,-0.1111111111111112,0.0,0.0030864197530864196,y,y,x,-0.726764156748654
233,-0.3333333333333334,-0.1111111111111112,0.0,0.0030864197530864196,y,y,y,-0.47203202509014797
233,-0.3333333333333334,-0.1111111111111112,0.0,0.0030864197530864196,y,y,z,0.3493678367945437
233,-0.3333333333333334,-0.1111111111111112,0.0,0.0030864197530864196,y,z,x,0.655932661479097
233,-0.3333333333333334,-0.1111111111111112,0.0,0.0030864197530864196,y,z,y,-0.39032452528928635
233,-0.3333333333333334,-0.1111111111111112,0.0,0.0030864197530864196,y,z,z,-0.04988621038655328
233,-0.3333333333333334,-0.1111111111111112,0.0,0.0030864197530864196,z,x,x,-0.05984015543140451
233,-0.3333333333333334,-0.1111111111111112,0.0,0.0030864197530864196,z,x,y,-0.36005359278318855
233,-0.3333333333333334,-0.1111111111111112,0.0,0.0030864197530864196,z,x,z,-0.5741161223340154
233,-0.3333333333333334,-0.1111111111111112,0.0,0.0030864197530864196,z,y,x,0.6531776165752169
233,-0.3333333333333334,-0.1111111111111112,0.0,0.0030864197530864196,z,y,y,-0.37017320010613247
233,-0.3333333333333334,-0.1111111111111112,0.0,0.0030864197530864196,z,y,z,0.3643839829972323
233,-0.3333333333333334,-0.1111111111111112,0.0,0.0030864197530864196,z,z,x,0.24352198380398568
233,-0.3333333333333334,-0.1111111111111112,0.0,0.0030864197530864196,z,z,y,-0.26839377345021936
233,-0.3333333333333334,-0.1111111111111112,0.0,0.0030864197530864196,z,z,z,0.039489064845865084
234,-0.3333333333333334,-0.0555555555555556,0.0,0.0030864197530864196,x,x,x,0.0632927207296494
234,-0.3333333333333334,-0.0555555555555556,0.0,0.0030864197530864196,x,x,y,1.9783095851232646
234,-0.3333333333333334,-0.0555555555555556,0.0,0.0030864197530864196,x,x,z,-0.17841260299444983
234,-0.3333333333333334,-0.0555555555555556,0.0,0.0030864197530864196,x,y,x,-2.652397348818017
234,-0.3333333333333334,-0.0555555555555556,0.0,0.0030864197530864196,x,y,y,-0.9134575033555131
234,-0.3333333333333334,-0.0555555555555556,0.0,0.0030864197530864196,x,y,z,-0.3146244919917599
234,-0.3333333333333334,-0.0555555555555556,0.0,0.0030864197530864196,x,z,x,0.7239784150132244
234,-0.3333333333333334,-0.0555555555555556,0.0,0.0030864197530864196,x,z,y,1.0098894837005377
234,-0.3333333333333334,-0.0555555555555556,0.0,0.0030864197530864196,x,z,z,-0.047908821560885786
234,-0.3333333333333334,-0.0555555555555556,0.0,0.0030864197530864196,y,x,x,0.8493729899977874
234,-0.3333333333333334,-0.0555555555555556,0.0,0.0030864197530864196,y,x,y,-0.3328820312508677
234,-0.3333333333333334,-0.0555555555555556,0.0,0.0030864197530864196,y,x,z,-0.09310299778149513
234,-0.3333333333333334,-0.0555555555555556,0.0,0.0030864197530864196,y,y,x,-0.3378092488162734
234,-0.3333333333333334,-0.0555555555555556,0.0,0.0030864197530864196,y,y,y,-1.3283411974919612
234,-0.3333333333333334,-0.0555555555555556,0.0,0.0030864197530864196,y,y,z,0.903534730858158
234,-0.3333333333333334,-0.0555555555555556,0.0,0.0030864197530864196,y,z,x,0.33752211154883255
234,-0.3333333333333334,-0.0555555555555556,0.0,0.0030864197530864196,y,z,y,-1.16450531703986
234,-0.3333333333333334,-0.0555555555555556,0.0,0.0030864197530864196,y,z,z,-0.057471326416810284
234,-0.3333333333333334,-0.0555555555555556,0.0,0.0030864197530864196,z,x,x,0.06118829681733023
234,-0.3333333333333334,-0.0555555555555556,0.0,0.0030864197530864196,z,x,y,-1.612481183392343
234,-0.3333333333333334,-0.0555555555555556,0.0,0.0030864197530864196,z,x,z,-0.14457493838749597
234,-0.3333333333333334,-0.0555555555555556,0.0,0.0030864197530864196,z,y,x,1.9634435260020544
234,-0.3333333333333334,-0.0555555555555556,0.0,0.0030864197530864196,z,y,y,-0.6645404983660663
234,-0.3333333333333334,-0.0555555555555556,0.0,0.0030864197530864196,z,y,z,1.0280066423237648
234,-0.3333333333333334,-0.0555555555555556,0.0,0.0030864197530864196,z,z,x,-0.10942624282280929
234,-0.3333333333333334,-0.0555555555555556,0.0,0.0030864197530864196,z,z,y,-0.8592916465670822
234,-0.3333333333333334,-0.0555555555555556,0.0,0.0030864197530864196,z,z,z,0.03814913518679259
235,-0.2777777777777778,0.0,0.0,0.0030864197530864196,x,x,x,-0.10858510840234031
235,-0.2777777777777778,0.0,0.0,0.0030864197530864196,x,x,y,6.83777622880966
235,-0.2777777777777778,0.0,0.0,0.0030864197530864196,x,x,z,-1.3805747296551432
235,-0.2777777777777778,0.0,0.0,0.0030864197530864196,x,y,x,-8.702189831856336
235,-0.2777777777777778,0.0,0.0,0.0030864197530864196,x,y,y,-0.22677126364150435
235,-0.2777777777777778,0.0,0.0,0.0030864197530864196,x,y,z,-1.9522661591922186
235,-0.2777777777777778,0.0,0.0,0.0030864197530864196,x,z,x,2.029436123082445
235,-0.2777777777777778,0.0,0.0,0.0030864197530864196,x,z,y,3.2007021558466735
235,-0.2777777777777778,0.0,0.0,0.0030864197530864196,x,z,z,-0.11665308686571504
235,-0.2777777777777778,0.0,0.0,0.0030864197530864196,y,x,x,0.6417644777649418
235,-0.2777777777777778,0.0,0.0,0.0030864197530864196,y,x,y,-5.621447494033051
235,-0.2777777777777778,0.0,0.0,0.0030864197530864196,y,x,z,0.35816654028035216
235,-0.2777777777777778,0.0,0.0,0.0030864197530864196,y,y,x,3.3504158328727316
235,-0.2777777777777778,0.0,0.0,0.0030864197530864196,y,y,y,-1.2226626434340424
235,-0.2777777777777778,0.0,0.0,0.0030864197530864196,y,y,z,1.3806547887993728
235,-0.2777777777777778,0.0,0.0,0.0030864197530864196,y,z,x,-0.857347417007101
235,-0.2777777777777778,0.0,0.0,0.0030864197530864196,y,z,y,-2.0295135415173253
235,-0.2777777777777778,0.0,0.0,0.0030864197530864196,y,z,z,-0.20202910177766628
235,-0.2777777777777778,0.0,0.0,0.0030864197530864196,z,x,x,0.12623776377696797
235,-0.2777777777777778,0.0,0.0,0.0030864197530864196,z,x,y,-5.096151184082663
235,-0.2777777777777778,0.0,0.0,0.0030864197530864196,z,x,z,0.8467224121499806
235,-0.2777777777777778,0.0,0.0,0.0030864197530864196,z,y,x,5.24189670474888
235,-0.2777777777777778,0.0,0.0,0.0030864197530864196,z,y,y,-0.12620360889733662
235,-0.2777777777777778,0.0,0.0,0.0030864197530864196,z,y,z,1.4666409855219
235,-0.2777777777777778,0.0,0.0,0.0030864197530864196,z,z,x,-0.27170735280990566
235,-0.2777777777777778,0.0,0.0,0.0030864197530864196,z,z,y,-0.47064760430209984
235,-0.2777777777777778,0.0,0.0,0.0030864197530864196,z,z,z,-1.5981871220732745e-05
236,-0.2777777777777778,0.0555555555555556,0.0,0.0030864197530864196,x,x,x,-0.23867434413137995
236,-0.2777777777777778,0.0555555555555556,0.0,0.0030864197530864196,x,x,y,0.4894604757307874
236,-0.2777777777777778,0.0555555555555556,0.0,0.0030864197530864196,x,x,z,-0.8095885614934779
236,-0.2777777777777778,0.0555555555555556,0.0,0.0030864197530864196,x,y,x,-1.8217018596806818
236,-0.2777777777777778,0.0555555555555556,0.0,0.0030864197530864196,x,y,y,0.24898228942616107
236,-0.2777777777777778,0.0555555555555556,0.0,0.0030864197530864196,x,y,z,-0.4773030777632882
236,-0.2777777777777778,0.0555555555555556,0.0,0.0030864197530864196,x,z,x,1.2758128683973553
236,-0.2777777777777778,0.0555555555555556,0.0,0.0030864197530864196,x,z,y,0.8170444854368659
236,-0.2777777777777778,0.0555555555555556,0.0,0.0030864197530864196,x,z,z,-0.025824359172759843
236,-0.2777777777777778,0.0555555555555556,0.0,0.0030864197530864196,y,x,x,-0.573553448844325
236,-0.2777777777777778,0.0555555555555556,0.0,0.0030864197530864196,y,x,y,-3.0738915740563666
236,-0.2777777777777778,0.0555555555555556,0.0,0.0030864197530864196,y,x,z,-0.25575444507991063
236,-0.2777777777777778,0.0555555555555556,0.0,0.0030864197530864196,y,y,x,0.9387854357284257
236,-0.2777777777777778,0.0555555555555556,0.0,0.0030864197530864196,y,y,y,-0.4021867870358032
236,-0.2777777777777778,0.0555555555555556,0.0,0.0030864197530864196,y,y,z,0.08452166110747573
236,-0.2777777777777778,0.0555555555555556,0.0,0.0030864197530864196,y,z,x,0.14464950640857774
236,-0.2777777777777778,0.0555555555555556,0.0,0.0030864197530864196,y,z,y,-0.8353479902197093
236,-0.2777777777777778,0.0555555555555556,0.0,0.0030864197530864196,y,z,z,-0.07021853836943312
236,-0.2777777777777778,0.0555555555555556,0.0,0.0030864197530864196,z,x,x,0.6350848505593668
236,-0.2777777777777778,0.0555555555555556,0.0,0.0030864197530864196,z,x,y,-1.5614924868202655
236,-0.2777777777777778,0.0555555555555556,0.0,0.0030864197530864196,z,x,z,0.962521936274142
236,-0.2777777777777778,0.0555555555555556,0.0,0.0030864197530864196,z,y,x,2.014500489120216
236,-0.2777777777777778,0.0555555555555556,0.0,0.0030864197530864196,z,y,y,-0.031718506165418436
236,-0.2777777777777778,0.0555555555555556,0.0,0.0030864197530864196,z,y,z,0.38879781255923035
236,-0.2777777777777778,0.0555555555555556,0.0,0.0030864197530864196,z,z,x,-0.6894221074241562
236,-0.2777777777777778,0.0555555555555556,0.0,0.0030864197530864196,z,z,y,-0.5244172331523026
236,-0.2777777777777778,0.0555555555555556,0.0,0.0030864197530864196,z,z,z,-0.038165333348110696
237,-0.2777777777777778,0.1111111111111111,0.0,0.0030864197530864196,x,x,x,0.001960409119688958
237,-0.2777777777777778,0.1111111111111111,0.0,0.0030864197530864196,x,x,y,-0.9973958679370564
237,-0.2777777777777778,0.1111111111111111,0.0,0.0030864197530864196,x,x,z,-0.20536393330464547
237,-0.2777777777777778,0.1111111111111111,0.0,0.0030864197530864196,x,y,x,0.3319252795474273
237,-0.2777777777777778,0.1111111111111111,0.0,0.0030864197530864196,x,y,y,0.016964805770633782
237,-0.2777777777777778,0.1111111111111111,0.0,0.0030864197530864196,x,y,z,0.40817710049148365
237,-0.2777777777777778,0.1111111111111111,0.0,0.0030864197530864196,x,z,x,0.5817114006203195
237,-0.2777777777777778,0.1111111111111111,0.0,0.0030864197530864196,x,z,y,-0.43993903881287494
237,-0.2777777777777778,0.1111111111111111,0.0,0.0030864197530864196,x,z,z,0.010051546843651817
237,-0.2777777777777778,0.1111111111111111,0.0,0.0030864197530864196,y,x,x,-0.27831817529674635
237,-0.2777777777777778,0.1111111111111111,0.0,0.0030864197530864196,y,x,y,-0.7211785914114008
237,-0.2777777777777778,0.1111111111111111,0.0,0.0030864197530864196,y,x,z,-0.5514245418573973
237,-0.2777777777777778,0.1111111111111111,0.0,0.0030864197530864196,y,y,x,-0.10543885119825862
237,-0.2777777777777778,0.1111111111111111,0.0,0.0030864197530864196,y,y,y,-0.2472487977252751
237,-0.2777777777777778,0.1111111111111111,0.0,0.0030864197530864196,y,y,z,-0.22416203100493956
237,-0.2777777777777778,0.1111111111111111,0.0,0.0030864197530864196,y,z,x,0.5946453184837035
237,-0.2777777777777778,0.1111111111111111,0.0,0.0030864197530864196,y,z,y,-0.2696237266999791
237,-0.2777777777777778,0.1111111111111111,0.0,0.0030864197530864196,y,z,z,-0.02250326847338415
237,-0.2777777777777778,0.1111111111111111,0.0,0.0030864197530864196,z,x,x,0.4064258156922801
237,-0.2777777777777778,0.1111111111111111,0.0,0.0030864197530864196,z,x,y,0.08644382467251845
237,-0.2777777777777778,0.1111111111111111,0.0,0.0030864197530864196,z,x,z,0.5202250378179576
237,-0.2777777777777778,0.1111111111111111,0.0,0.0030864197530864196,z,y,x,0.18924345672412524
237,-0.2777777777777778,0.1111111111111111,0.0,0.0030864197530864196,z,y,y,-0.09276191067111773
237,-0.2777777777777778,0.1111111111111111,0.0,0.0030864197530864196,z,y,z,-0.29477493862157683
237,-0.2777777777777778,0.1111111111111111,0.0,0.0030864197530864196,z,z,x,-0.4160175701349193
237,-0.2777777777777778,0.1111111111111111,0.0,0.0030864197530864196,z,z,y,-0.09531561008754869
237,-0.2777777777777778,0.1111111111111111,0.0,0.0030864197530864196,z,z,z,-0.02123208377347392
238,-0.2777777777777778,0.1666666666666667,0.0,0.0030864197530864196,x,x,x,0.10762673665340336
238,-0.2777777777777778,0.1666666666666667,0.0,0.0030864197530864196,x,x,y,-0.7493856880877219
238,-0.2777777777777778,0.1666666666666667,0.0,0.0030864197530864196,x,x,z,0.003964083875411141
238,-0.2777777777777778,0.1666666666666667,0.0,0.0030864197530864196,x,y,x,0.3810870220176182
238,-0.2777777777777778,0.1666666666666667,0.0,0.0030864197530864196,x,y,y,-0.10895979274957486
238,-0.2777777777777778,0.1666666666666667,0.0,0.0030864197530864196,x,y,z,0.5624773686736376
238,-0.2777777777777778,0.1666666666666667,0.0,0.0030864197530864196,x,z,x,0.28991301215352266
238,-0.2777777777777778,0.1666666666666667,0.0,0.0030864197530864196,x,z,y,-0.7280529797611641
238,-0.2777777777777778,0.1666666666666667,0.0,0.0030864197530864196,x,z,z,0.020113362227221515
238,-0.2777777777777778,0.1666666666666667,0.0,0.0030864197530864196,y,x,x,-0.06886818380965706
238,-0.2777777777777778,0.1666666666666667,0.0,0.0030864197530864196,y,x,y,-0.1538442856574009
238,-0.2777777777777778,0.1666666666666667,0.0,0.0030864197530864196,y,x,z,-0.6023079972249361
238,-0.2777777777777778,0.1666666666666667,0.0,0.0030864197530864196,y,y,x,-0.20220399058035235
238,-0.2777777777777778,0.1666666666666667,0.0,0.0030864197530864196,y,y,y,-0.21484647331353654
238,-0.2777777777777778,0.1666666666666667,0.0,0.0030864197530864196,y,y,z,-0.1816468721679317
238,-0.2777777777777778,0.1666666666666667,0.0,0.0030864197530864196,y,z,x,0.725922910682945
238,-0.2777777777777778,0.1666666666666667,0.0,0.0030864197530864196,y,z,y,-0.1229877048973529
238,-0.2777777777777778,0.1666666666666667,0.0,0.0030864197530864196,y,z,z,-0.00804757088389534
238,-0.2777777777777778,0.1666666666666667,0.0,0.0030864197530864196,z,x,x,0.235511233035374
238,-0.2777777777777778,0.1666666666666667,0.0,0.0030864197530864196,z,x,y,0.4782606879471062
238,-0.2777777777777778,0.1666666666666667,0.0,0.0030864197530864196,z,x,z,0.27337077497222073
238,-0.2777777777777778,0.1666666666666667,0.0,0.0030864197530864196,z,y,x,-0.39340968098723095
238,-0.2777777777777778,0.1666666666666667,0.0,0.0030864197530864196,z,y,y,-0.11662511246426664
238,-0.2777777777777778,0.1666666666666667,0.0,0.0030864197530864196,z,y,z,-0.463052813263622
238,-0.2777777777777778,0.1666666666666667,0.0,0.0030864197530864196,z,z,x,-0.22219693258191836
238,-0.2777777777777778,0.1666666666666667,0.0,0.0030864197530864196,z,z,y,0.12761548455327007
238,-0.2777777777777778,0.1666666666666667,0.0,0.0030864197530864196,z,z,z,-0.009555075985536073
239,-0.2777777777777778,0.2222222222222222,0.0,0.0030864197530864196,x,x,x,0.16338312396930085
239,-0.2777777777777778,0.2222222222222222,0.0,0.0030864197530864196,x,x,y,-0.4236389860407921
239,-0.2777777777777778,0.2222222222222222,0.0,0.0030864197530864196,x,x,z,0.05526557732068221
239,-0.2777777777777778,0.2222222222222222,0.0,0.0030864197530864196,x,y,x,0.20796115094520762
239,-0.2777777777777778,0.2222222222222222,0.0,0.0030864197530864196,x,y,y,-0.15539668760982706
239,-0.2777777777777778,0.2222222222222222,0.0,0.0030864197530864196,x,y,z,0.5393477054699584
239,-0.2777777777777778,0.2222222222222222,0.0,0.0030864197530864196,x,z,x,0.14696349597349223
239,-0.2777777777777778,0.2222222222222222,0.0,0.0030864197530864196,x,z,y,-0.7923847290060483
239,-0.2777777777777778,0.2222222222222222,0.0,0.0030864197530864196,x,z,z,0.01626096659805596
239,-0.2777777777777778,0.2222222222222222,0.0,0.0030864197530864196,y,x,x,-0.008130611532892611
239,-0.2777777777777778,0.2222222222222222,0.0,0.0030864197530864196,y,x,y,-0.1310177404513688
239,-0.2777777777777778,0.2222222222222222,0.0,0.0030864197530864196,y,x,z,-0.5826049939216199
239,-0.2777777777777778,0.2222222222222222,0.0,0.0030864197530864196,y,y,x,-0.11386560912807514
239,-0.2777777777777778,0.2222222222222222,0.0,0.0030864197530864196,y,y,y,-0.16492493790899732
239,-0.2777777777777778,0.2222222222222222,0.0,0.0030864197530864196,y,y,z,-0.11280808961331736
239,-0.2777777777777778,0.2222222222222222,0.0,0.0030864197530864196,y,z,x,0.7512284623791894
239,-0.2777777777777778,0.2222222222222222,0.0,0.0030864197530864196,y,z,y,-0.08533488232199317
239,-0.2777777777777778,0.2222222222222222,0.0,0.0030864197530864196,y,z,z,-0.013864495820081386
239,-0.2777777777777778,0.2222222222222222,0.0,0.0030864197530864196,z,x,x,0.1582108272419422
239,-0.2777777777777778,0.2222222222222222,0.0,0.0030864197530864196,z,x,y,0.6579344260265696
239,-0.2777777777777778,0.2222222222222222,0.0,0.0030864197530864196,z,x,z,0.18066201069476182
239,-0.2777777777777778,0.2222222222222222,0.0,0.0030864197530864196,z,y,x,-0.6937162235143123
239,-0.2777777777777778,0.2222222222222222,0.0,0.0030864197530864196,z,y,y,-0.12231161415088207
239,-0.2777777777777778,0.2222222222222222,0.0,0.0030864197530864196,z,y,z,-0.4162438484533289
239,-0.2777777777777778,0.2222222222222222,0.0,0.0030864197530864196,z,z,x,-0.13326048567695928
239,-0.2777777777777778,0.2222222222222222,0.0,0.0030864197530864196,z,z,y,0.17908269523858328
239,-0.2777777777777778,0.2222222222222222,0.0,0.0030864197530864196,z,z,z,-0.00014101608103372497
240,-0.2777777777777778,0.2777777777777778,0.0,0.0030864197530864196,x,x,x,0.21320695251469307
240,-0.2777777777777778,0.2777777777777778,0.0,0.0030864197530864196,x,x,y,-0.21185278984613773
240,-0.2777777777777778,0.2777777777777778,0.0,0.0030864197530864196,x,x,z,0.056752123939075076
240,-0.2777777777777778,0.2777777777777778,0.0,0.0030864197530864196,x,y,x,0.09998002317666169
240,-0.2777777777777778,0.2777777777777778,0.0,0.0030864197530864196,x,y,y,-0.16089778198416396
240,-0.2777777777777778,0.2777777777777778,0.0,0.0030864197530864196,x,y,z,0.4926337160087936
240,-0.2777777777777778,0.2777777777777778,0.0,0.0030864197530864196,x,z,x,0.0543744887037463
240,-0.2777777777777778,0.2777777777777778,0.0,0.0030864197530864196,x,z,y,-0.8249994791785588
240,-0.2777777777777778,0.2777777777777778,0.0,0.0030864197530864196,x,z,z,0.005940643309731329
240,-0.2777777777777778,0.2777777777777778,0.0,0.0030864197530864196,y,x,x,0.010629510666249165
240,-0.2777777777777778,0.2777777777777778,0.0,0.0030864197530864196,y,x,y,-0.21245873055367917
240,-0.2777777777777778,0.2777777777777778,0.0,0.0030864197530864196,y,x,z,-0.5581545034752396
240,-0.2777777777777778,0.2777777777777778,0.0,0.0030864197530864196,y,y,x,-0.03246289536612611
240,-0.2777777777777778,0.2777777777777778,0.0,0.0030864197530864196,y,y,y,-0.10124460301298636
240,-0.2777777777777778,0.2777777777777778,0.0,0.0030864197530864196,y,y,z,-0.056754337718863165
240,-0.2777777777777778,0.2777777777777778,0.0,0.0030864197530864196,y,z,x,0.7621998685509698
240,-0.2777777777777778,0.2777777777777778,0.0,0.0030864197530864196,y,z,y,-0.05437705996148102
240,-0.2777777777777778,0.2777777777777778,0.0,0.0030864197530864196,y,z,z,-0.010282492541355038
240,-0.2777777777777778,0.2777777777777778,0.0,0.0030864197530864196,z,x,x,0.08744946801489854
240,-0.2777777777777778,0.2777777777777778,0.0,0.0030864197530864196,z,x,y,0.7915009204097219
240,-0.2777777777777778,0.2777777777777778,0.0,0.0030864197530864196,z,x,z,0.16127257036902642
240,-0.2777777777777778,0.2777777777777778,0.0,0.0030864197530864196,z,y,x,-0.892475183787154
240,-0.2777777777777778,0.2777777777777778,0.0,0.0030864197530864196,z,y,y,-0.0874526125020043
240,-0.2777777777777778,0.2777777777777778,0.0,0.0030864197530864196,z,y,z,-0.27938219835421607
240,-0.2777777777777778,0.2777777777777778,0.0,0.0030864197530864196,z,z,x,-0.08157235020442592
240,-0.2777777777777778,0.2777777777777778,0.0,0.0030864197530864196,z,z,y,0.14133274507201823
240,-0.2777777777777778,0.2777777777777778,0.0,0.0030864197530864196,z,z,z,-1.0402196303336984e-06
241,-0.2777777777777778,0.3333333333333333,0.0,0.0030864197530864196,x,x,x,0.2469903695779839
241,-0.2777777777777778,0.3333333333333333,0.0,0.0030864197530864196,x,x,y,-0.06348113706125005
241,-0.2777777777777778,0.3333333333333333,0.0,0.0030864197530864196,x,x,z,0.02283577359367275
241,-0.2777777777777778,0.3333333333333333,0.0,0.0030864197530864196,x,y,x,0.02878188850512254
241,-0.2777777777777778,0.3333333333333333,0.0,0.0030864197530864196,x,y,y,-0.1572073793858086
241,-0.2777777777777778,0.3333333333333333,0.0,0.0030864197530864196,x,y,z,0.4729546056204703
241,-0.2777777777777778,0.3333333333333333,0.0,0.0030864197530864196,x,z,x,0.012351465499035087
241,-0.2777777777777778,0.3333333333333333,0.0,0.0030864197530864196,x,z,y,-0.8479981931149416
241,-0.2777777777777778,0.3333333333333333,0.0,0.0030864197530864196,x,z,z,-0.004992048678039149
241,-0.2777777777777778,0.3333333333333333,0.0,0.0030864197530864196,y,x,x,0.007160342661610526
241,-0.2777777777777778,0.3333333333333333,0.0,0.0030864197530864196,y,x,y,-0.2763633580175788
241,-0.2777777777777778,0.3333333333333333,0.0,0.0030864197530864196,y,x,z,-0.5407353184975409
241,-0.2777777777777778,0.3333333333333333,0.0,0.0030864197530864196,y,y,x,0.024606576919154736
241,-0.2777777777777778,0.3333333333333333,0.0,0.0030864197530864196,y,y,y,-0.03143001746346977
241,-0.2777777777777778,0.3333333333333333,0.0,0.0030864197530864196,y,y,z,-0.01566430698505342
241,-0.2777777777777778,0.3333333333333333,0.0,0.0030864197530864196,y,z,x,0.7642268578626118
241,-0.2777777777777778,0.3333333333333333,0.0,0.0030864197530864196,y,z,y,-0.019471793848452938
241,-0.2777777777777778,0.3333333333333333,0.0,0.0030864197530864196,y,z,z,-0.003285121277511599
241,-0.2777777777777778,0.3333333333333333,0.0,0.0030864197530864196,z,x,x,0.02949409324524247
241,-0.2777777777777778,0.3333333333333333,0.0,0.0030864197530864196,z,x,y,0.8734229580195728
241,-0.2777777777777778,0.3333333333333333,0.0,0.0030864197530864196,z,x,z,0.17162493101667978
241,-0.2777777777777778,0.3333333333333333,0.0,0.0030864197530864196,z,y,x,-0.9979179895107937
241,-0.2777777777777778,0.3333333333333333,0.0,0.0030864197530864196,z,y,y,-0.031144525067608307
241,-0.2777777777777778,0.3333333333333333,0.0,0.0030864197530864196,z,y,z,-0.09624609113874905
241,-0.2777777777777778,0.3333333333333333,0.0,0.0030864197530864196,z,z,x,-0.06881325643848522
241,-0.2777777777777778,0.3333333333333333,0.0,0.0030864197530864196,z,z,y,0.0521552529408777
241,-0.2777777777777778,0.3333333333333333,0.0,0.0030864197530864196,z,z,z,0.00042953132682456587
242,-0.2777777777777778,0.3888888888888889,0.0,0.0030864197530864196,x,x,x,0.24699057470222066
242,-0.2777777777777778,0.3888888888888889,0.0,0.0030864197530864196,x,x,y,0.06348134937856316
242,-0.2777777777777778,0.3888888888888889,0.0,0.0030864197530864196,x,x,z,-0.02283634406924619
242,-0.2777777777777778,0.3888888888888889,0.0,0.0030864197530864196,x,y,x,-0.028783929043671982
242,-0.2777777777777778,0.3888888888888889,0.0,0.0030864197530864196,x,y,y,-0.15720752392325937
242,-0.2777777777777778,0.3888888888888889,0.0,0.0030864197530864196,x,y,z,0.4729550319084994
242,-0.2777777777777778,0.3888888888888889,0.0,0.0030864197530864196,x,z,x,-0.012349734854072732
242,-0.2777777777777778,0.3888888888888889,0.0,0.0030864197530864196,x,z,y,-0.8479990464700268
242,-0.2777777777777778,0.3888888888888889,0.0,0.0030864197530864196,x,z,z,-0.00499212291518642
242,-0.2777777777777778,0.3888888888888889,0.0,0.0030864197530864196,y,x,x,-0.007160102144159948
242,-0.2777777777777778,0.3888888888888889,0.0,0.0030864197530864196,y,x,y,-0.27636376939451895
242,-0.2777777777777778,0.3888888888888889,0.0,0.0030864197530864196,y,x,z,-0.5407354786704649
242,-0.2777777777777778,0.3888888888888889,0.0,0.0030864197530864196,y,y,x,0.0246066850180016
242,-0.2777777777777778,0.3888888888888889,0.0,0.0030864197530864196,y,y,y,0.03142919710141972
242,-0.2777777777777778,0.3888888888888889,0.0,0.0030864197530864196,y,y,z,0.015665342125766882
242,-0.2777777777777778,0.3888888888888889,0.0,0.0030864197530864196,y,z,x,0.7642272705225288
242,-0.2777777777777778,0.3888888888888889,0.0,0.0030864197530864196,y,z,y,0.01946968962143847
242,-0.2777777777777778,0.3888888888888889,0.0,0.0030864197530864196,y,z,z,0.003284899407768189
242,-0.2777777777777778,0.3888888888888889,0.0,0.0030864197530864196,z,x,x,-0.029493798134503996
242,-0.2777777777777778,0.3888888888888889,0.0,0.0030864197530864196,z,x,y,0.8734241943046757
242,-0.2777777777777778,0.3888888888888889,0.0,0.0030864197530864196,z,x,z,0.1716252555692981
242,-0.2777777777777778,0.3888888888888889,0.0,0.0030864197530864196,z,y,x,-0.9979193225507854
242,-0.2777777777777778,0.3888888888888889,0.0,0.0030864197530864196,z,y,y,0.03114429949772458
242,-0.2777777777777778,0.3888888888888889,0.0,0.0030864197530864196,z,y,z,0.09624611945963879
242,-0.2777777777777778,0.3888888888888889,0.0,0.0030864197530864196,z,z,x,-0.06881347175383545
242,-0.2777777777777778,0.3888888888888889,0.0,0.0030864197530864196,z,z,y,-0.05215680059390609
242,-0.2777777777777778,0.3888888888888889,0.0,0.0030864197530864196,z,z,z,-0.0004295674751236133
243,-0.2777777777777778,0.4444444444444444,0.0,0.0030864197530864196,x,x,x,0.2132074321184339
243,-0.2777777777777778,0.4444444444444444,0.0,0.0030864197530864196,x,x,y,0.2118536890112716
243,-0.2777777777777778,0.4444444444444444,0.0,0.0030864197530864196,x,x,z,-0.05675284978467427
243,-0.2777777777777778,0.4444444444444444,0.0,0.0030864197530864196,x,y,x,-0.09998246284696323
243,-0.2777777777777778,0.4444444444444444,0.0,0.0030864197530864196,x,y,y,-0.1608981905217852
243,-0.2777777777777778,0.4444444444444444,0.0,0.0030864197530864196,x,y,z,0.4926349272427822
243,-0.2777777777777778,0.4444444444444444,0.0,0.0030864197530864196,x,z,x,-0.05437271447351869
243,-0.2777777777777778,0.4444444444444444,0.0,0.0030864197530864196,x,z,y,-0.8250017004846251
243,-0.2777777777777778,0.4444444444444444,0.0,0.0030864197530864196,x,z,z,0.005940433610229745
243,-0.2777777777777778,0.4444444444444444,0.0,0.0030864197530864196,y,x,x,-0.010629367566867737
243,-0.2777777777777778,0.4444444444444444,0.0,0.0030864197530864196,y,x,y,-0.21245971128045366
243,-0.2777777777777778,0.4444444444444444,0.0,0.0030864197530864196,y,x,z,-0.5581550257496178
243,-0.2777777777777778,0.4444444444444444,0.0,0.0030864197530864196,y,y,x,-0.03246272100334508
243,-0.2777777777777778,0.4444444444444444,0.0,0.0030864197530864196,y,y,y,0.10124405713342159
243,-0.2777777777777778,0.4444444444444444,0.0,0.0030864197530864196,y,y,z,0.05675547000215411
243,-0.2777777777777778,0.4444444444444444,0.0,0.0030864197530864196,y,z,x,0.7622009933381165
243,-0.2777777777777778,0.4444444444444444,0.0,0.0030864197530864196,y,z,y,0.054375039320293424
243,-0.2777777777777778,0.4444444444444444,0.0,0.0030864197530864196,y,z,z,0.010282314872805403
243,-0.2777777777777778,0.4444444444444444,0.0,0.0030864197530864196,z,x,x,-0.08744935790387
243,-0.2777777777777778,0.4444444444444444,0.0,0.0030864197530864196,z,x,y,0.7915042602114147
243,-0.2777777777777778,0.4444444444444444,0.0,0.0030864197530864196,z,x,z,0.16127339495687348
243,-0.2777777777777778,0.4444444444444444,0.0,0.0030864197530864196,z,y,x,-0.8924787217333559
243,-0.2777777777777778,0.4444444444444444,0.0,0.0030864197530864196,z,y,y,0.08745257391783327
243,-0.2777777777777778,0.4444444444444444,0.0,0.0030864197530864196,z,y,z,0.27938267029822444
243,-0.2777777777777778,0.4444444444444444,0.0,0.0030864197530864196,z,z,x,-0.08157289693694972
243,-0.2777777777777778,0.4444444444444444,0.0,0.0030864197530864196,z,z,y,-0.14133439198445175
243,-0.2777777777777778,0.4444444444444444,0.0,0.0030864197530864196,z,z,z,9.895984824139637e-07
244,-0.2777777777777778,0.5,0.0,0.0030864197530864196,x,x,x,0.1633834217218937
244,-0.2777777777777778,0.5,0.0,0.0030864197530864196,x,x,y,0.423640773956471
244,-0.2777777777777778,0.5,0.0,0.0030864197530864196,x,x,z,-0.05526639146283899
244,-0.2777777777777778,0.5,0.0,0.0030864197530864196,x,y,x,-0.20796405477428392
244,-0.2777777777777778,0.5,0.0,0.0030864197530864196,x,y,y,-0.15539718808710076
244,-0.2777777777777778,0.5,0.0,0.0030864197530864196,x,y,z,0.5393494868533568
244,-0.2777777777777778,0.5,0.0,0.0030864197530864196,x,z,x,-0.14696177545631517
244,-0.2777777777777778,0.5,0.0,0.0030864197530864196,x,z,y,-0.7923873887665583
244,-0.2777777777777778,0.5,0.0,0.0030864197530864196,x,z,z,0.016260651866083373
244,-0.2777777777777778,0.5,0.0,0.0030864197530864196,y,x,x,0.008130686576886446
244,-0.2777777777777778,0.5,0.0,0.0030864197530864196,y,x,y,-0.1310188855531311
244,-0.2777777777777778,0.5,0.0,0.0030864197530864196,y,x,z,-0.5826055834067163
244,-0.2777777777777778,0.5,0.0,0.0030864197530864196,y,y,x,-0.1138652752983231
244,-0.2777777777777778,0.5,0.0,0.0030864197530864196,y,y,y,0.16492478987853354
244,-0.2777777777777778,0.5,0.0,0.0030864197530864196,y,y,z,0.11280934846408903
244,-0.2777777777777778,0.5,0.0,0.0030864197530864196,y,z,x,0.7512296027714815
244,-0.2777777777777778,0.5,0.0,0.0030864197530864196,y,z,y,0.08533297476771405
244,-0.2777777777777778,0.5,0.0,0.0030864197530864196,y,z,z,0.013864339460050133
244,-0.2777777777777778,0.5,0.0,0.0030864197530864196,z,x,x,-0.15821105171937536
244,-0.2777777777777778,0.5,0.0,0.0030864197530864196,z,x,y,0.6579385898302161
244,-0.2777777777777778,0.5,0.0,0.0030864197530864196,z,x,z,0.1806631132806006
244,-0.2777777777777778,0.5,0.0,0.0030864197530864196,z,y,x,-0.693720719245786
244,-0.2777777777777778,0.5,0.0,0.0030864197530864196,z,y,y,0.12231177545666302
244,-0.2777777777777778,0.5,0.0,0.0030864197530864196,z,y,z,0.41624498518125
244,-0.2777777777777778,0.5,0.0,0.0030864197530864196,z,z,x,-0.1332612431165834
244,-0.2777777777777778,0.5,0.0,0.0030864197530864196,z,z,y,-0.17908447422071838
244,-0.2777777777777778,0.5,0.0,0.0030864197530864196,z,z,z,0.0001409998098234771
245,-0.2777777777777778,-0.4444444444444444,0.0,0.0030864197530864196,x,x,x,0.10762673367790074
245,-0.2777777777777778,-0.4444444444444444,0.0,0.0030864197530864196,x,x,y,0.7493879323896777
245,-0.2777777777777778,-0.4444444444444444,0.0,0.0030864197530864196,x,x,z,-0.0039647247595548316
245,-0.2777777777777778,-0.4444444444444444,0.0,0.0030864197530864196,x,y,x,-0.38109052779344205
245,-0.2777777777777778,-0.4444444444444444,0.0,0.0030864197530864196,x,y,y,-0.10896026409542652
245,-0.2777777777777778,-0.4444444444444444,0.0,0.0030864197530864196,x,y,z,0.5624791911783921
245,-0.2777777777777778,-0.4444444444444444,0.0,0.0030864197530864196,x,z,x,-0.28991132610746634
245,-0.2777777777777778,-0.4444444444444444,0.0,0.0030864197530864196,x,z,y,-0.7280551849517894
245,-0.2777777777777778,-0.4444444444444444,0.0,0.0030864197530864196,x,z,z,0.020113062966955086
245,-0.2777777777777778,-0.4444444444444444,0.0,0.0030864197530864196,y,x,x,0.06886846626026637
245,-0.2777777777777778,-0.4444444444444444,0.0,0.0030864197530864196,y,x,y,-0.1538458934437825
245,-0.2777777777777778,-0.4444444444444444,0.0,0.0030864197530864196,y,x,z,-0.6023083045452436
245,-0.2777777777777778,-0.4444444444444444,0.0,0.0030864197530864196,y,y,x,-0.20220274859342663
245,-0.2777777777777778,-0.4444444444444444,0.0,0.0030864197530864196,y,y,y,0.2148469640063696
245,-0.2777777777777778,-0.4444444444444444,0.0,0.0030864197530864196,y,y,z,0.18164837712692522
245,-0.2777777777777778,-0.4444444444444444,0.0,0.0030864197530864196,y,z,x,0.725923605341067
245,-0.2777777777777778,-0.4444444444444444,0.0,0.0030864197530864196,y,z,y,0.12298578718934615
245,-0.2777777777777778,-0.4444444444444444,0.0,0.0030864197530864196,y,z,z,0.008047511308398642
245,-0.2777777777777778,-0.4444444444444444,0.0,0.0030864197530864196,z,x,x,-0.23551185175288672
245,-0.2777777777777778,-0.4444444444444444,0.0,0.0030864197530864196,z,x,y,0.4782656554854978
245,-0.2777777777777778,-0.4444444444444444,0.0,0.0030864197530864196,z,x,z,0.2733719244365092
245,-0.2777777777777778,-0.4444444444444444,0.0,0.0030864197530864196,z,y,x,-0.39341510673187535
245,-0.2777777777777778,-0.4444444444444444,0.0,0.0030864197530864196,z,y,y,0.11662510692180907
245,-0.2777777777777778,-0.4444444444444444,0.0,0.0030864197530864196,z,y,z,0.4630544852049664
245,-0.2777777777777778,-0.4444444444444444,0.0,0.0030864197530864196,z,z,x,-0.2221977914177818
245,-0.2777777777777778,-0.4444444444444444,0.0,0.0030864197530864196,z,z,y,-0.12761781969245042
245,-0.2777777777777778,-0.4444444444444444,0.0,0.0030864197530864196,z,z,z,0.009555109862530203
246,-0.2777777777777778,-0.3888888888888888,0.0,0.0030864197530864196,x,x,x,0.001960047869867082
246,-0.2777777777777778,-0.3888888888888888,0.0,0.0030864197530864196,x,x,y,0.9973982300303554
246,-0.2777777777777778,-0.3888888888888888,0.0,0.0030864197530864196,x,x,z,0.20536397665238842
246,-0.2777777777777778,-0.3888888888888888,0.0,0.0030864197530864196,x,y,x,-0.3319307833552268
246,-0.2777777777777778,-0.3888888888888888,0.0,0.0030864197530864196,x,y,y,0.016964402219775916
246,-0.2777777777777778,-0.3888888888888888,0.0,0.0030864197530864196,x,y,z,0.4081781083744847
246,-0.2777777777777778,-0.3888888888888888,0.0,0.0030864197530864196,x,z,x,-0.5817095991803356
246,-0.2777777777777778,-0.3888888888888888,0.0,0.0030864197530864196,x,z,y,-0.43994039485573755
246,-0.2777777777777778,-0.3888888888888888,0.0,0.0030864197530864196,x,z,z,0.01005111234615298
246,-0.2777777777777778,-0.3888888888888888,0.0,0.0030864197530864196,y,x,x,0.2783191240614118
246,-0.2777777777777778,-0.3888888888888888,0.0,0.0030864197530864196,y,x,y,-0.7211813593896506
246,-0.2777777777777778,-0.3888888888888888,0.0,0.0030864197530864196,y,x,z,-0.5514245919505704
246,-0.2777777777777778,-0.3888888888888888,0.0,0.0030864197530864196,y,y,x,-0.10543478267054582
246,-0.2777777777777778,-0.3888888888888888,0.0,0.0030864197530864196,y,y,y,0.24724982514777177
246,-0.2777777777777778,-0.3888888888888888,0.0,0.0030864197530864196,y,y,z,0.2241633226632125
246,-0.2777777777777778,-0.3888888888888888,0.0,0.0030864197530864196,y,z,x,0.5946452406251073
246,-0.2777777777777778,-0.3888888888888888,0.0,0.0030864197530864196,y,z,y,0.2696220667741138
246,-0.2777777777777778,-0.3888888888888888,0.0,0.0030864197530864196,y,z,z,0.022503220178978944
246,-0.2777777777777778,-0.3888888888888888,0.0,0.0030864197530864196,z,x,x,-0.4064270412978963
246,-0.2777777777777778,-0.3888888888888888,0.0,0.0030864197530864196,z,x,y,0.08645267533384558
246,-0.2777777777777778,-0.3888888888888888,0.0,0.0030864197530864196,z,x,z,0.5202263172958552
246,-0.2777777777777778,-0.3888888888888888,0.0,0.0030864197530864196,z,y,x,0.1892344100090944
246,-0.2777777777777778,-0.3888888888888888,0.0,0.0030864197530864196,z,y,y,0.09276169645914989
246,-0.2777777777777778,-0.3888888888888888,0.0,0.0030864197530864196,z,y,z,0.2947777245676462
246,-0.2777777777777778,-0.3888888888888888,0.0,0.0030864197530864196,z,z,x,-0.4160184133878253
246,-0.2777777777777778,-0.3888888888888888,0.0,0.0030864197530864196,z,z,y,0.09531173402485568
246,-0.2777777777777778,-0.3888888888888888,0.0,0.0030864197530864196,z,z,z,0.021232339588522296
247,-0.2777777777777778,-0.3333333333333334,0.0,0.0030864197530864196,x,x,x,-0.23867440581879598
247,-0.2777777777777778,-0.3333333333333334,0.0,0.0030864197530864196,x,x,y,-0.48945663274910706
247,-0.2777777777777778,-0.3333333333333334,0.0,0.0030864197530864196,x,x,z,0.8095916022718963
247,-0.2777777777777778,-0.3333333333333334,0.0,0.0030864197530864196,x,y,x,1.8216877481423217
247,-0.2777777777777778,-0.3333333333333334,0.0,0.0030864197530864196,x,y,y,0.24898320952172215
247,-0.2777777777777778,-0.3333333333333334,0.0,0.0030864197530864196,x,y,z,-0.4773057746115396
247,-0.2777777777777778,-0.3333333333333334,0.0,0.0030864197530864196,x,z,x,-1.2758117397484414
247,-0.2777777777777778,-0.3333333333333334,0.0,0.0030864197530864196,x,z,y,0.8170450569697192
247,-0.2777777777777778,-0.3333333333333334,0.0,0.0030864197530864196,x,z,z,-0.02582510506498866
247,-0.2777777777777778,-0.3333333333333334,0.0,0.0030864197530864196,y,x,x,0.5735575179074811
247,-0.2777777777777778,-0.3333333333333334,0.0,0.0030864197530864196,y,x,y,-3.0738956400368718
247,-0.2777777777777778,-0.3333333333333334,0.0,0.0030864197530864196,y,x,z,-0.25575414343601716
247,-0.2777777777777778,-0.3333333333333334,0.0,0.0030864197530864196,y,y,x,0.9387942730268225
247,-0.2777777777777778,-0.3333333333333334,0.0,0.0030864197530864196,y,y,y,0.4021867680982196
247,-0.2777777777777778,-0.3333333333333334,0.0,0.0030864197530864196,y,y,z,-0.0845211929684831
247,-0.2777777777777778,-0.3333333333333334,0.0,0.0030864197530864196,y,z,x,0.14464831110720403
247,-0.2777777777777778,-0.3333333333333334,0.0,0.0030864197530864196,y,z,y,0.8353479292696581
247,-0.2777777777777778,-0.3333333333333334,0.0,0.0030864197530864196,y,z,z,0.0702185676242537
247,-0.2777777777777778,-0.3333333333333334,0.0,0.0030864197530864196,z,x,x,-0.6350886431164154
247,-0.2777777777777778,-0.3333333333333334,0.0,0.0030864197530864196,z,x,y,-1.5614684880882632
247,-0.2777777777777778,-0.3333333333333334,0.0,0.0030864197530864196,z,x,z,0.9625240918690141
247,-0.2777777777777778,-0.3333333333333334,0.0,0.0030864197530864196,z,y,x,2.01448182862086
247,-0.2777777777777778,-0.3333333333333334,0.0,0.0030864197530864196,z,y,y,0.03171831098557922
247,-0.2777777777777778,-0.3333333333333334,0.0,0.0030864197530864196,z,y,z,-0.38879311791762855
247,-0.2777777777777778,-0.3333333333333334,0.0,0.0030864197530864196,z,z,x,-0.6894236021056334
247,-0.2777777777777778,-0.3333333333333334,0.0,0.0030864197530864196,z,z,y,0.5244102250246504
247,-0.2777777777777778,-0.3333333333333334,0.0,0.0030864197530864196,z,z,z,0.03816571426303145
248,-0.2777777777777778,-0.2777777777777778,0.0,0.0030864197530864196,x,x,x,-0.10858699904555161
248,-0.2777777777777778,-0.2777777777777778,0.0,0.0030864197530864196,x,x,y,-6.837792845707711
248,-0.2777777777777778,-0.2777777777777778,0.0,0.0030864197530864196,x,x,z,1.3805853049932275
248,-0.2777777777777778,-0.2777777777777778,0.0,0.0030864197530864196,x,y,x,8.702192166765906
248,-0.2777777777777778,-0.2777777777777778,0.0,0.0030864197530864196,x,y,y,-0.2267642071230781
248,-0.2777777777777778,-0.2777777777777778,0.0,0.0030864197530864196,x,y,z,-1.952283911129744
248,-0.2777777777777778,-0.2777777777777778,0.0,0.0030864197530864196,x,z,x,-2.0294419677773377
248,-0.2777777777777778,-0.2777777777777778,0.0,0.0030864197530864196,x,z,y,3.2007163591414476
248,-0.2777777777777778,-0.2777777777777778,0.0,0.0030864197530864196,x,z,z,-0.11665416396959566
248,-0.2777777777777778,-0.2777777777777778,0.0,0.0030864197530864196,y,x,x,-0.6417557559415086
248,-0.2777777777777778,-0.2777777777777778,0.0,0.0030864197530864196,y,x,y,-5.621463155477988
248,-0.2777777777777778,-0.2777777777777778,0.0,0.0030864197530864196,y,x,z,0.35817060071501977
248,-0.2777777777777778,-0.2777777777777778,0.0,0.0030864197530864196,y,y,x,3.350434563809282
248,-0.2777777777777778,-0.2777777777777778,0.0,0.0030864197530864196,y,y,y,1.2226594410058456
248,-0.2777777777777778,-0.2777777777777778,0.0,0.0030864197530864196,y,y,z,-1.380659289293124
248,-0.2777777777777778,-0.2777777777777778,0.0,0.0030864197530864196,y,z,x,-0.8573524878335645
248,-0.2777777777777778,-0.2777777777777778,0.0,0.0030864197530864196,y,z,y,2.029518908642617
248,-0.2777777777777778,-0.2777777777777778,0.0,0.0030864197530864196,y,z,z,0.20202971583114904
248,-0.2777777777777778,-0.2777777777777778,0.0,0.0030864197530864196,z,x,x,-0.12624253816908385
248,-0.2777777777777778,-0.2777777777777778,0.0,0.0030864197530864196,z,x,y,-5.09612339308133
248,-0.2777777777777778,-0.2777777777777778,0.0,0.0030864197530864196,z,x,z,0.8467278824396942
248,-0.2777777777777778,-0.2777777777777778,0.0,0.0030864197530864196,z,y,x,5.241890434972653
248,-0.2777777777777778,-0.2777777777777778,0.0,0.0030864197530864196,z,y,y,0.12620367120153267
248,-0.2777777777777778,-0.2777777777777778,0.0,0.0030864197530864196,z,y,z,-1.466642736327076
248,-0.2777777777777778,-0.2777777777777778,0.0,0.0030864197530864196,z,z,x,-0.27171036154282197
248,-0.2777777777777778,-0.2777777777777778,0.0,0.0030864197530864196,z,z,y,0.47064107063003274
248,-0.2777777777777778,-0.2777777777777778,0.0,0.0030864197530864196,z,z,z,1.5932500028311216e-05
249,-0.2777777777777778,-0.2222222222222222,0.0,0.0030864197530864196,x,x,x,0.10177894379667206
249,-0.2777777777777778,-0.2222222222222222,0.0,0.0030864197530864196,x,x,y,-5.427373172517329
249,-0.2777777777777778,-0.2222222222222222,0.0,0.0030864197530864196,x,x,z,0.3891070445978963
249,-0.2777777777777778,-0.2222222222222222,0.0,0.0030864197530864196,x,y,x,6.1944825900388505
249,-0.2777777777777778,-0.2222222222222222,0.0,0.0030864197530864196,x,y,y,-0.6132759421215424
249,-0.2777777777777778,-0.2222222222222222,0.0,0.0030864197530864196,x,y,z,-0.2078918219974154
249,-0.2777777777777778,-0.2222222222222222,0.0,0.0030864197530864196,x,z,x,-0.9324121606317594
249,-0.2777777777777778,-0.2222222222222222,0.0,0.0030864197530864196,x,z,y,1.674929958313413
249,-0.2777777777777778,-0.2222222222222222,0.0,0.0030864197530864196,x,z,z,-0.16302085952953765
249,-0.2777777777777778,-0.2222222222222222,0.0,0.0030864197530864196,y,x,x,-1.7502704820250752
249,-0.2777777777777778,-0.2222222222222222,0.0,0.0030864197530864196,y,x,y,-0.4303724234600747
249,-0.2777777777777778,-0.2222222222222222,0.0,0.0030864197530864196,y,x,z,-0.19434250777883458
249,-0.2777777777777778,-0.2222222222222222,0.0,0.0030864197530864196,y,y,x,1.5415779644620375
249,-0.2777777777777778,-0.2222222222222222,0.0,0.0030864197530864196,y,y,y,0.9241389037623442
249,-0.2777777777777778,-0.2222222222222222,0.0,0.0030864197530864196,y,y,z,-1.1963285435772866
249,-0.2777777777777778,-0.2222222222222222,0.0,0.0030864197530864196,y,z,x,-0.5638500940602019
249,-0.2777777777777778,-0.2222222222222222,0.0,0.0030864197530864196,y,z,y,1.2310406333545525
249,-0.2777777777777778,-0.2222222222222222,0.0,0.0030864197530864196,y,z,z,0.2013830997090673
249,-0.2777777777777778,-0.2222222222222222,0.0,0.0030864197530864196,z,x,x,0.5857800348371863
249,-0.2777777777777778,-0.2222222222222222,0.0,0.0030864197530864196,z,x,y,-2.5669848804314515
249,-0.2777777777777778,-0.2222222222222222,0.0,0.0030864197530864196,z,x,z,-0.23391426723611763
249,-0.2777777777777778,-0.2222222222222222,0.0,0.0030864197530864196,z,y,x,2.568499162919806
249,-0.2777777777777778,-0.2222222222222222,0.0,0.0030864197530864196,z,y,y,0.44436393603286384
249,-0.2777777777777778,-0.2222222222222222,0.0,0.0030864197530864196,z,y,z,-1.0072922608867152
249,-0.2777777777777778,-0.2222222222222222,0.0,0.0030864197530864196,z,z,x,0.4397883801958767
249,-0.2777777777777778,-0.2222222222222222,0.0,0.0030864197530864196,z,z,y,-0.010873082820389504
249,-0.2777777777777778,-0.2222222222222222,0.0,0.0030864197530864196,z,z,z,-0.05919087983031458
250,-0.2777777777777778,-0.1666666666666666,0.0,0.0030864197530864196,x,x,x,-0.13392028735812003
250,-0.2777777777777778,-0.1666666666666666,0.0,0.0030864197530864196,x,x,y,-1.1817850177562244
250,-0.2777777777777778,-0.1666666666666666,0.0,0.0030864197530864196,x,x,z,0.009312504298418843
250,-0.2777777777777778,-0.1666666666666666,0.0,0.0030864197530864196,x,y,x,1.3440082396240005
250,-0.2777777777777778,-0.1666666666666666,0.0,0.0030864197530864196,x,y,y,-0.2973744549142512
250,-0.2777777777777778,-0.1666666666666666,0.0,0.0030864197530864196,x,y,z,1.0966890272385794
250,-0.2777777777777778,-0.1666666666666666,0.0,0.0030864197530864196,x,z,x,-0.16217122699415237
250,-0.2777777777777778,-0.1666666666666666,0.0,0.0030864197530864196,x,z,y,-0.023610209241337488
250,-0.2777777777777778,-0.1666666666666666,0.0,0.0030864197530864196,x,z,z,-0.1541459845983941
250,-0.2777777777777778,-0.1666666666666666,0.0,0.0030864197530864196,y,x,x,-0.5851308149998501
250,-0.2777777777777778,-0.1666666666666666,0.0,0.0030864197530864196,y,x,y,1.53206456286009
250,-0.2777777777777778,-0.1666666666666666,0.0,0.0030864197530864196,y,x,z,-0.746270234748457
250,-0.2777777777777778,-0.1666666666666666,0.0,0.0030864197530864196,y,y,x,0.05889666144708585
250,-0.2777777777777778,-0.1666666666666666,0.0,0.0030864197530864196,y,y,y,0.1974173250228167
250,-0.2777777777777778,-0.1666666666666666,0.0,0.0030864197530864196,y,y,z,-0.2873556055891203
250,-0.2777777777777778,-0.1666666666666666,0.0,0.0030864197530864196,y,z,x,-0.022437970935412374
250,-0.2777777777777778,-0.1666666666666666,0.0,0.0030864197530864196,y,z,y,0.24417379481738857
250,-0.2777777777777778,-0.1666666666666666,0.0,0.0030864197530864196,y,z,z,0.05981095083715167
250,-0.2777777777777778,-0.1666666666666666,0.0,0.0030864197530864196,z,x,x,0.2156039449399967
250,-0.2777777777777778,-0.1666666666666666,0.0,0.0030864197530864196,z,x,y,-0.2602546142646417
250,-0.2777777777777778,-0.1666666666666666,0.0,0.0030864197530864196,z,x,z,-0.4356587550718591
250,-0.2777777777777778,-0.1666666666666666,0.0,0.0030864197530864196,z,y,x,0.401391184639829
250,-0.2777777777777778,-0.1666666666666666,0.0,0.0030864197530864196,z,y,y,0.18657291089725295
250,-0.2777777777777778,-0.1666666666666666,0.0,0.0030864197530864196,z,y,z,-0.25271217421883363
250,-0.2777777777777778,-0.1666666666666666,0.0,0.0030864197530864196,z,z,x,0.31576147765649665
250,-0.2777777777777778,-0.1666666666666666,0.0,0.0030864197530864196,z,z,y,-0.009008352381044043
250,-0.2777777777777778,-0.1666666666666666,0.0,0.0030864197530864196,z,z,z,-0.032301297585524615
251,-0.2777777777777778,-0.1111111111111112,0.0,0.0030864197530864196,x,x,x,-0.13391841867873167
251,-0.2777777777777778,-0.1111111111111112,0.0,0.0030864197530864196,x,x,y,1.1817934020036995
251,-0.2777777777777778,-0.1111111111111112,0.0,0.0030864197530864196,x,x,z,-0.00931461599829013
251,-0.2777777777777778,-0.1111111111111112,0.0,0.0030864197530864196,x,y,x,-1.3440083273564791
251,-0.2777777777777778,-0.1111111111111112,0.0,0.0030864197530864196,x,y,y,-0.2973765639776842
251,-0.2777777777777778,-0.1111111111111112,0.0,0.0030864197530864196,x,y,z,1.0966895204563565
251,-0.2777777777777778,-0.1111111111111112,0.0,0.0030864197530864196,x,z,x,0.16217192522246723
251,-0.2777777777777778,-0.1111111111111112,0.0,0.0030864197530864196,x,z,y,-0.023611187284115383
251,-0.2777777777777778,-0.1111111111111112,0.0,0.0030864197530864196,x,z,z,-0.1541460852961509
251,-0.2777777777777778,-0.1111111111111112,0.0,0.0030864197530864196,y,x,x,0.5851339951705727
251,-0.2777777777777778,-0.1111111111111112,0.0,0.0030864197530864196,y,x,y,1.5320607260798371
251,-0.2777777777777778,-0.1111111111111112,0.0,0.0030864197530864196,y,x,z,-0.7462711975071109
251,-0.2777777777777778,-0.1111111111111112,0.0,0.0030864197530864196,y,y,x,0.05889650255457132
251,-0.2777777777777778,-0.1111111111111112,0.0,0.0030864197530864196,y,y,y,-0.19741379204461929
251,-0.2777777777777778,-0.1111111111111112,0.0,0.0030864197530864196,y,y,z,0.28735784813736104
251,-0.2777777777777778,-0.1111111111111112,0.0,0.0030864197530864196,y,z,x,-0.02243739116852254
251,-0.2777777777777778,-0.1111111111111112,0.0,0.0030864197530864196,y,z,y,-0.2441788591968382
251,-0.2777777777777778,-0.1111111111111112,0.0,0.0030864197530864196,y,z,z,-0.05981129322516803
251,-0.2777777777777778,-0.1111111111111112,0.0,0.0030864197530864196,z,x,x,-0.21559746271218871
251,-0.2777777777777778,-0.1111111111111112,0.0,0.0030864197530864196,z,x,y,-0.2602576226595828
251,-0.2777777777777778,-0.1111111111111112,0.0,0.0030864197530864196,z,x,z,-0.43565878431879956
251,-0.2777777777777778,-0.1111111111111112,0.0,0.0030864197530864196,z,y,x,0.4013912544693435
251,-0.2777777777777778,-0.1111111111111112,0.0,0.0030864197530864196,z,y,y,-0.18657210721365758
251,-0.2777777777777778,-0.1111111111111112,0.0,0.0030864197530864196,z,y,z,0.25270852734619226
251,-0.2777777777777778,-0.1111111111111112,0.0,0.0030864197530864196,z,z,x,0.3157617421333967
251,-0.2777777777777778,-0.1111111111111112,0.0,0.0030864197530864196,z,z,y,0.009010337409249213
251,-0.2777777777777778,-0.1111111111111112,0.0,0.0030864197530864196,z,z,z,0.03230172055676633
252,-0.2777777777777778,-0.0555555555555556,0.0,0.0030864197530864196,x,x,x,0.10178284480354369
252,-0.2777777777777778,-0.0555555555555556,0.0,0.0030864197530864196,x,x,y,5.42735653684724
252,-0.2777777777777778,-0.0555555555555556,0.0,0.0030864197530864196,x,x,z,-0.38910463889957764
252,-0.2777777777777778,-0.0555555555555556,0.0,0.0030864197530864196,x,y,x,-6.194464589060892
252,-0.2777777777777778,-0.0555555555555556,0.0,0.0030864197530864196,x,y,y,-0.613282008674089
252,-0.2777777777777778,-0.0555555555555556,0.0,0.0030864197530864196,x,y,z,-0.2078815215418618
252,-0.2777777777777778,-0.0555555555555556,0.0,0.0030864197530864196,x,z,x,0.9324082945613302
252,-0.2777777777777778,-0.0555555555555556,0.0,0.0030864197530864196,x,z,y,1.674918594196122
252,-0.2777777777777778,-0.0555555555555556,0.0,0.0030864197530864196,x,z,z,-0.1630207659346102
252,-0.2777777777777778,-0.0555555555555556,0.0,0.0030864197530864196,y,x,x,1.7502701764049637
252,-0.2777777777777778,-0.0555555555555556,0.0,0.0030864197530864196,y,x,y,-0.4303750932273816
252,-0.2777777777777778,-0.0555555555555556,0.0,0.0030864197530864196,y,x,z,-0.19434681635927883
252,-0.2777777777777778,-0.0555555555555556,0.0,0.0030864197530864196,y,y,x,1.5415688446116111
252,-0.2777777777777778,-0.0555555555555556,0.0,0.0030864197530864196,y,y,y,-0.924137427446342
252,-0.2777777777777778,-0.0555555555555556,0.0,0.0030864197530864196,y,y,z,1.1963252458098834
252,-0.2777777777777778,-0.0555555555555556,0.0,0.0030864197530864196,y,z,x,-0.5638455704934396
252,-0.2777777777777778,-0.0555555555555556,0.0,0.0030864197530864196,y,z,y,-1.231040017532022
252,-0.2777777777777778,-0.0555555555555556,0.0,0.0030864197530864196,y,z,z,-0.2013825554336223
252,-0.2777777777777778,-0.0555555555555556,0.0,0.0030864197530864196,z,x,x,-0.5857729582390357
252,-0.2777777777777778,-0.0555555555555556,0.0,0.0030864197530864196,z,x,y,-2.5669928354335037
252,-0.2777777777777778,-0.0555555555555556,0.0,0.0030864197530864196,z,x,z,-0.23391590547962798
252,-0.2777777777777778,-0.0555555555555556,0.0,0.0030864197530864196,z,y,x,2.5684936623959236
252,-0.2777777777777778,-0.0555555555555556,0.0,0.0030864197530864196,z,y,y,-0.44436246361552845
252,-0.2777777777777778,-0.0555555555555556,0.0,0.0030864197530864196,z,y,z,1.0072846772784172
252,-0.2777777777777778,-0.0555555555555556,0.0,0.0030864197530864196,z,z,x,0.43978943410007726
252,-0.2777777777777778,-0.0555555555555556,0.0,0.0030864197530864196,z,z,y,0.010874044791818622
252,-0.2777777777777778,-0.0555555555555556,0.0,0.0030864197530864196,z,z,z,0.05919061950731408
253,-0.2222222222222222,0.0,0.0,0.0030864197530864196,x,x,x,-0.37628462973713933
253,-0.2222222222222222,0.0,0.0,0.0030864197530864196,x,x,y,13.7902011704942
253,-0.2222222222222222,0.0,0.0,0.0030864197530864196,x,x,z,-1.957228173932908
253,-0.2222222222222222,0.0,0.0,0.0030864197530864196,x,y,x,-14.831765774544582
253,-0.2222222222222222,0.0,0.0,0.0030864197530864196,x,y,y,1.9120621608509465
253,-0.2222222222222222,0.0,0.0,0.0030864197530864196,x,y,z,-2.5884307114944156
253,-0.2222222222222222,0.0,0.0,0.0030864197530864196,x,z,x,2.121276308313672
253,-0.2222222222222222,0.0,0.0,0.0030864197530864196,x,z,y,5.237466303353274
253,-0.2222222222222222,0.0,0.0,0.0030864197530864196,x,z,z,-0.3099376737585429
253,-0.2222222222222222,0.0,0.0,0.0030864197530864196,y,x,x,1.8507592101025245
253,-0.2222222222222222,0.0,0.0,0.0030864197530864196,y,x,y,-7.719540472162217
253,-0.2222222222222222,0.0,0.0,0.0030864197530864196,y,x,z,0.32849844680509793
253,-0.2222222222222222,0.0,0.0,0.0030864197530864196,y,y,x,8.805141223205547
253,-0.2222222222222222,0.0,0.0,0.0030864197530864196,y,y,y,0.8092144960036531
253,-0.2222222222222222,0.0,0.0,0.0030864197530864196,y,y,z,1.9573469136098647
253,-0.2222222222222222,0.0,0.0,0.0030864197530864196,y,z,x,-2.7880765098036955
253,-0.2222222222222222,0.0,0.0,0.0030864197530864196,y,z,y,-2.121373324096599
253,-0.2222222222222222,0.0,0.0,0.0030864197530864196,y,z,z,-0.5368033170610856
253,-0.2222222222222222,0.0,0.0,0.0030864197530864196,z,x,x,-1.1980287043873394
253,-0.2222222222222222,0.0,0.0,0.0030864197530864196,z,x,y,-5.728381710887546
253,-0.2222222222222222,0.0,0.0,0.0030864197530864196,z,x,z,0.6583628136247248
253,-0.2222222222222222,0.0,0.0,0.0030864197530864196,z,y,x,4.344956330291825
253,-0.2222222222222222,0.0,0.0,0.0030864197530864196,z,y,y,1.1981044347561922
253,-0.2222222222222222,0.0,0.0,0.0030864197530864196,z,y,z,1.1404207857452613
253,-0.2222222222222222,0.0,0.0,0.0030864197530864196,z,z,x,1.2654536981078246
253,-0.2222222222222222,0.0,0.0,0.0030864197530864196,z,z,y,2.191806855012677
253,-0.2222222222222222,0.0,0.0,0.0030864197530864196,z,z,z,-2.0629278837012814e-05
254,-0.2222222222222222,0.0555555555555556,0.0,0.0030864197530864196,x,x,x,-0.5868117123639647
254,-0.2222222222222222,0.0555555555555556,0.0,0.0030864197530864196,x,x,y,3.247788044275828
254,-0.2222222222222222,0.0555555555555556,0.0,0.0030864197530864196,x,x,z,-0.9741309708941577
254,-0.2222222222222222,0.0555555555555556,0.0,0.0030864197530864196,x,y,x,-4.2710411781852
254,-0.2222222222222222,0.0555555555555556,0.0,0.0030864197530864196,x,y,y,1.5580648897988056
254,-0.2222222222222222,0.0555555555555556,0.0,0.0030864197530864196,x,y,z,-0.5926960528375288
254,-0.2222222222222222,0.0555555555555556,0.0,0.0030864197530864196,x,z,x,1.171270046659661
254,-0.2222222222222222,0.0555555555555556,0.0,0.0030864197530864196,x,z,y,1.77840130998141
254,-0.2222222222222222,0.0555555555555556,0.0,0.0030864197530864196,x,z,z,-0.09290170124473476
254,-0.2222222222222222,0.0555555555555556,0.0,0.0030864197530864196,y,x,x,-0.4569727011229761
254,-0.2222222222222222,0.0555555555555556,0.0,0.0030864197530864196,y,x,y,-5.413725165253337
254,-0.2222222222222222,0.0555555555555556,0.0,0.0030864197530864196,y,x,z,-0.5791088984662496
254,-0.2222222222222222,0.0555555555555556,0.0,0.0030864197530864196,y,y,x,3.6649883509048076
254,-0.2222222222222222,0.0555555555555556,0.0,0.0030864197530864196,y,y,y,0.4270897870768491
254,-0.2222222222222222,0.0555555555555556,0.0,0.0030864197530864196,y,y,z,0.16699065141355066
254,-0.2222222222222222,0.0555555555555556,0.0,0.0030864197530864196,y,z,x,-0.46042510617821986
254,-0.2222222222222222,0.0555555555555556,0.0,0.0030864197530864196,y,z,y,-0.8727212905080154
254,-0.2222222222222222,0.0555555555555556,0.0,0.0030864197530864196,y,z,z,-0.24186334861983957
254,-0.2222222222222222,0.0555555555555556,0.0,0.0030864197530864196,z,x,x,0.4803930935956998
254,-0.2222222222222222,0.0555555555555556,0.0,0.0030864197530864196,z,x,y,-2.629411744927914
254,-0.2222222222222222,0.0555555555555556,0.0,0.0030864197530864196,z,x,z,0.9892283286989134
254,-0.2222222222222222,0.0555555555555556,0.0,0.0030864197530864196,z,y,x,2.5061641176268257
254,-0.2222222222222222,0.0555555555555556,0.0,0.0030864197530864196,z,y,y,0.549794320519501
254,-0.2222222222222222,0.0555555555555556,0.0,0.0030864197530864196,z,y,z,0.30107987384101426
254,-0.2222222222222222,0.0555555555555556,0.0,0.0030864197530864196,z,z,x,-0.21044315247449372
254,-0.2222222222222222,0.0555555555555556,0.0,0.0030864197530864196,z,z,y,0.3862982800077419
254,-0.2222222222222222,0.0555555555555556,0.0,0.0030864197530864196,z,z,z,-0.059211848053572665
255,-0.2222222222222222,0.1111111111111111,0.0,0.0030864197530864196,x,x,x,-0.07467406577140889
255,-0.2222222222222222,0.1111111111111111,0.0,0.0030864197530864196,x,x,y,-0.5237214339856907
255,-0.2222222222222222,0.1111111111111111,0.0,0.0030864197530864196,x,x,z,-0.1982381367719243
255,-0.2222222222222222,0.1111111111111111,0.0,0.0030864197530864196,x,y,x,-0.0692187432784331
255,-0.2222222222222222,0.1111111111111111,0.0,0.0030864197530864196,x,y,y,0.3955539501532351
255,-0.2222222222222222,0.1111111111111111,0.0,0.0030864197530864196,x,y,z,0.5528838679183339
255,-0.2222222222222222,0.1111111111111111,0.0,0.0030864197530864196,x,z,x,0.47569785078128746
255,-0.2222222222222222,0.1111111111111111,0.0,0.0030864197530864196,x,z,y,-0.2868912084723436
255,-0.2222222222222222,0.1111111111111111,0.0,0.0030864197530864196,x,z,z,-0.0073560139023857085
255,-0.2222222222222222,0.1111111111111111,0.0,0.0030864197530864196,y,x,x,-0.31850066926489357
255,-0.2222222222222222,0.1111111111111111,0.0,0.0030864197530864196,y,x,y,-1.4507518353050846
255,-0.2222222222222222,0.1111111111111111,0.0,0.0030864197530864196,y,x,z,-0.8738885447542131
255,-0.2222222222222222,0.1111111111111111,0.0,0.0030864197530864196,y,y,x,0.7138925829829235
255,-0.2222222222222222,0.1111111111111111,0.0,0.0030864197530864196,y,y,y,-0.06273656423784904
255,-0.2222222222222222,0.1111111111111111,0.0,0.0030864197530864196,y,y,z,-0.2466839867559371
255,-0.2222222222222222,0.1111111111111111,0.0,0.0030864197530864196,y,z,x,0.5080157273752174
255,-0.2222222222222222,0.1111111111111111,0.0,0.0030864197530864196,y,z,y,-0.24890969976509014
255,-0.2222222222222222,0.1111111111111111,0.0,0.0030864197530864196,y,z,z,-0.08702856050399273
255,-0.2222222222222222,0.1111111111111111,0.0,0.0030864197530864196,z,x,x,0.4195194133148233
255,-0.2222222222222222,0.1111111111111111,0.0,0.0030864197530864196,z,x,y,-0.4455515204973933
255,-0.2222222222222222,0.1111111111111111,0.0,0.0030864197530864196,z,x,z,0.6025810894428882
255,-0.2222222222222222,0.1111111111111111,0.0,0.0030864197530864196,z,y,x,0.5677277432724626
255,-0.2222222222222222,0.1111111111111111,0.0,0.0030864197530864196,z,y,y,0.010495417270995107
255,-0.2222222222222222,0.1111111111111111,0.0,0.0030864197530864196,z,y,z,-0.3150147710648902
255,-0.2222222222222222,0.1111111111111111,0.0,0.0030864197530864196,z,z,x,-0.35416378191155706
255,-0.2222222222222222,0.1111111111111111,0.0,0.0030864197530864196,z,z,y,0.07669716229530714
255,-0.2222222222222222,0.1111111111111111,0.0,0.0030864197530864196,z,z,z,-0.039497180301992174
256,-0.2222222222222222,0.1666666666666667,0.0,0.0030864197530864196,x,x,x,0.1392483522024384
256,-0.2222222222222222,0.1666666666666667,0.0,0.0030864197530864196,x,x,y,-0.7357669728540737
256,-0.2222222222222222,0.1666666666666667,0.0,0.0030864197530864196,x,x,z,0.04421358683896813
256,-0.2222222222222222,0.1666666666666667,0.0,0.0030864197530864196,x,y,x,0.38281724957921615
256,-0.2222222222222222,0.1666666666666667,0.0,0.0030864197530864196,x,y,y,-0.023252559256833283
256,-0.2222222222222222,0.1666666666666667,0.0,0.0030864197530864196,x,y,z,0.7090315308557557
256,-0.2222222222222222,0.1666666666666667,0.0,0.0030864197530864196,x,z,x,0.2465219892198865
256,-0.2222222222222222,0.1666666666666667,0.0,0.0030864197530864196,x,z,y,-0.7857715289396098
256,-0.2222222222222222,0.1666666666666667,0.0,0.0030864197530864196,x,z,z,0.01654660594280819
256,-0.2222222222222222,0.1666666666666667,0.0,0.0030864197530864196,y,x,x,-0.07077174343452627
256,-0.2222222222222222,0.1666666666666667,0.0,0.0030864197530864196,y,x,y,-0.39921222934356604
256,-0.2222222222222222,0.1666666666666667,0.0,0.0030864197530864196,y,x,z,-0.8319550976550665
256,-0.2222222222222222,0.1666666666666667,0.0,0.0030864197530864196,y,y,x,0.14877685938579382
256,-0.2222222222222222,0.1666666666666667,0.0,0.0030864197530864196,y,y,y,-0.20529824465721452
256,-0.2222222222222222,0.1666666666666667,0.0,0.0030864197530864196,y,y,z,-0.19984699017740118
256,-0.2222222222222222,0.1666666666666667,0.0,0.0030864197530864196,y,z,x,0.7266850637601717
256,-0.2222222222222222,0.1666666666666667,0.0,0.0030864197530864196,y,z,y,-0.12677771359653317
256,-0.2222222222222222,0.1666666666666667,0.0,0.0030864197530864196,y,z,z,-0.039401642519970116
256,-0.2222222222222222,0.1666666666666667,0.0,0.0030864197530864196,z,x,x,0.22504610565992886
256,-0.2222222222222222,0.1666666666666667,0.0,0.0030864197530864196,z,x,y,0.14774315119442458
256,-0.2222222222222222,0.1666666666666667,0.0,0.0030864197530864196,z,x,z,0.381082770494395
256,-0.2222222222222222,0.1666666666666667,0.0,0.0030864197530864196,z,y,x,-0.16301266960094585
256,-0.2222222222222222,0.1666666666666667,0.0,0.0030864197530864196,z,y,y,-0.10606869798209384
256,-0.2222222222222222,0.1666666666666667,0.0,0.0030864197530864196,z,y,z,-0.5220707309225593
256,-0.2222222222222222,0.1666666666666667,0.0,0.0030864197530864196,z,z,x,-0.22908377554643639
256,-0.2222222222222222,0.1666666666666667,0.0,0.0030864197530864196,z,z,y,0.19237697184066072
256,-0.2222222222222222,0.1666666666666667,0.0,0.0030864197530864196,z,z,z,-0.004139147316414198
257,-0.2222222222222222,0.2222222222222222,0.0,0.0030864197530864196,x,x,x,0.22195606975877893
257,-0.2222222222222222,0.2222222222222222,0.0,0.0030864197530864196,x,x,y,-0.44519985732060885
257,-0.2222222222222222,0.2222222222222222,0.0,0.0030864197530864196,x,x,z,0.09391791740739724
257,-0.2222222222222222,0.2222222222222222,0.0,0.0030864197530864196,x,y,x,0.24578083716544655
257,-0.2222222222222222,0.2222222222222222,0.0,0.0030864197530864196,x,y,y,-0.12641798548344615
257,-0.2222222222222222,0.2222222222222222,0.0,0.0030864197530864196,x,y,z,0.618692311113053
257,-0.2222222222222222,0.2222222222222222,0.0,0.0030864197530864196,x,z,x,0.11765396088805573
257,-0.2222222222222222,0.2222222222222222,0.0,0.0030864197530864196,x,z,y,-0.8802131401594755
257,-0.2222222222222222,0.2222222222222222,0.0,0.0030864197530864196,x,z,z,0.011651023951603598
257,-0.2222222222222222,0.2222222222222222,0.0,0.0030864197530864196,y,x,x,0.01696497106226621
257,-0.2222222222222222,0.2222222222222222,0.0,0.0030864197530864196,y,x,y,-0.25849868000671633
257,-0.2222222222222222,0.2222222222222222,0.0,0.0030864197530864196,y,x,z,-0.7271244850102455
257,-0.2222222222222222,0.2222222222222222,0.0,0.0030864197530864196,y,y,x,0.1403927056633364
257,-0.2222222222222222,0.2222222222222222,0.0,0.0030864197530864196,y,y,y,-0.18245296009052686
257,-0.2222222222222222,0.2222222222222222,0.0,0.0030864197530864196,y,y,z,-0.09391809739453896
257,-0.2222222222222222,0.2222222222222222,0.0,0.0030864197530864196,y,z,x,0.7443364764366472
257,-0.2222222222222222,0.2222222222222222,0.0,0.0030864197530864196,y,z,y,-0.11765967650075129
257,-0.2222222222222222,0.2222222222222222,0.0,0.0030864197530864196,y,z,z,-0.0201721620704544
257,-0.2222222222222222,0.2222222222222222,0.0,0.0030864197530864196,z,x,x,0.11727581371415569
257,-0.2222222222222222,0.2222222222222222,0.0,0.0030864197530864196,z,x,y,0.39996251737914706
257,-0.2222222222222222,0.2222222222222222,0.0,0.0030864197530864196,z,x,z,0.2923263568117344
257,-0.2222222222222222,0.2222222222222222,0.0,0.0030864197530864196,z,y,x,-0.5353821061573746
257,-0.2222222222222222,0.2222222222222222,0.0,0.0030864197530864196,z,y,y,-0.11728053396164982
257,-0.2222222222222222,0.2222222222222222,0.0,0.0030864197530864196,z,y,z,-0.5063885517170028
257,-0.2222222222222222,0.2222222222222222,0.0,0.0030864197530864196,z,z,x,-0.13902940851389153
257,-0.2222222222222222,0.2222222222222222,0.0,0.0030864197530864196,z,z,y,0.2408588140587173
257,-0.2222222222222222,0.2222222222222222,0.0,0.0030864197530864196,z,z,z,-2.0820967819019753e-06
258,-0.2222222222222222,0.2777777777777778,0.0,0.0030864197530864196,x,x,x,0.28525394887031263
258,-0.2222222222222222,0.2777777777777778,0.0,0.0030864197530864196,x,x,y,-0.21318029275925832
258,-0.2222222222222222,0.2777777777777778,0.0,0.0030864197530864196,x,x,z,0.08952425238206074
258,-0.2222222222222222,0.2777777777777778,0.0,0.0030864197530864196,x,y,x,0.11750740215816781
258,-0.2222222222222222,0.2777777777777778,0.0,0.0030864197530864196,x,y,y,-0.1393878070944831
258,-0.2222222222222222,0.2777777777777778,0.0,0.0030864197530864196,x,y,z,0.49902010254519424
258,-0.2222222222222222,0.2777777777777778,0.0,0.0030864197530864196,x,z,x,0.04507154153353239
258,-0.2222222222222222,0.2777777777777778,0.0,0.0030864197530864196,x,z,y,-0.8621139051218119
258,-0.2222222222222222,0.2777777777777778,0.0,0.0030864197530864196,x,z,z,0.0038837050652386533
258,-0.2222222222222222,0.2777777777777778,0.0,0.0030864197530864196,y,x,x,0.03055456136992601
258,-0.2222222222222222,0.2777777777777778,0.0,0.0030864197530864196,y,x,y,-0.33867753041766274
258,-0.2222222222222222,0.2777777777777778,0.0,0.0030864197530864196,y,x,z,-0.622925744574567
258,-0.2222222222222222,0.2777777777777778,0.0,0.0030864197530864196,y,y,x,0.19965931109164214
258,-0.2222222222222222,0.2777777777777778,0.0,0.0030864197530864196,y,y,y,-0.12400363518233636
258,-0.2222222222222222,0.2777777777777778,0.0,0.0030864197530864196,y,y,z,-0.03198479125129056
258,-0.2222222222222222,0.2777777777777778,0.0,0.0030864197530864196,y,z,x,0.6814933770304592
258,-0.2222222222222222,0.2777777777777778,0.0,0.0030864197530864196,y,z,y,-0.10670872867358595
258,-0.2222222222222222,0.2777777777777778,0.0,0.0030864197530864196,y,z,z,-0.021011749792805144
258,-0.2222222222222222,0.2777777777777778,0.0,0.0030864197530864196,z,x,x,0.06767281368438177
258,-0.2222222222222222,0.2777777777777778,0.0,0.0030864197530864196,z,x,y,0.563302008962299
258,-0.2222222222222222,0.2777777777777778,0.0,0.0030864197530864196,z,x,z,0.2700968681442223
258,-0.2222222222222222,0.2777777777777778,0.0,0.0030864197530864196,z,y,x,-0.7883443872149247
258,-0.2222222222222222,0.2777777777777778,0.0,0.0030864197530864196,z,y,y,-0.1035801815338264
258,-0.2222222222222222,0.2777777777777778,0.0,0.0030864197530864196,z,y,z,-0.3646059420074183
258,-0.2222222222222222,0.2777777777777778,0.0,0.0030864197530864196,z,z,x,-0.0884165649626762
258,-0.2222222222222222,0.2777777777777778,0.0,0.0030864197530864196,z,z,y,0.20497110111943057
258,-0.2222222222222222,0.2777777777777778,0.0,0.0030864197530864196,z,z,z,0.00013794781601004472
259,-0.2222222222222222,0.3333333333333333,0.0,0.0030864197530864196,x,x,x,0.3292417887700778
259,-0.2222222222222222,0.3333333333333333,0.0,0.0030864197530864196,x,x,y,-0.07909436132801269
259,-0.2222222222222222,0.3333333333333333,0.0,0.0030864197530864196,x,x,z,0.04939338363255961
259,-0.2222222222222222,0.3333333333333333,0.0,0.0030864197530864196,x,y,x,0.04582265602090913
259,-0.2222222222222222,0.3333333333333333,0.0,0.0030864197530864196,x,y,y,-0.12545742664271156
259,-0.2222222222222222,0.3333333333333333,0.0,0.0030864197530864196,x,y,z,0.4232977723011244
259,-0.2222222222222222,0.3333333333333333,0.0,0.0030864197530864196,x,z,x,0.011880024499639449
259,-0.2222222222222222,0.3333333333333333,0.0,0.0030864197530864196,x,z,y,-0.8321880135255202
259,-0.2222222222222222,0.3333333333333333,0.0,0.0030864197530864196,x,z,z,-0.011880888939710083
259,-0.2222222222222222,0.3333333333333333,0.0,0.0030864197530864196,y,x,x,0.019770865718975433
259,-0.2222222222222222,0.3333333333333333,0.0,0.0030864197530864196,y,x,y,-0.4202317541280055
259,-0.2222222222222222,0.3333333333333333,0.0,0.0030864197530864196,y,x,z,-0.5512105578070362
259,-0.2222222222222222,0.3333333333333333,0.0,0.0030864197530864196,y,y,x,0.26496112361526736
259,-0.2222222222222222,0.3333333333333333,0.0,0.0030864197530864196,y,y,y,-0.05610880046747371
259,-0.2222222222222222,0.3333333333333333,0.0,0.0030864197530864196,y,y,z,-0.001911202207416732
259,-0.2222222222222222,0.3333333333333333,0.0,0.0030864197530864196,y,z,x,0.6436282339752741
259,-0.2222222222222222,0.3333333333333333,0.0,0.0030864197530864196,y,z,y,-0.05953818635387781
259,-0.2222222222222222,0.3333333333333333,0.0,0.0030864197530864196,y,z,z,-0.012167111350039622
259,-0.2222222222222222,0.3333333333333333,0.0,0.0030864197530864196,z,x,x,0.031204368257200243
259,-0.2222222222222222,0.3333333333333333,0.0,0.0030864197530864196,z,x,y,0.6568631116982139
259,-0.2222222222222222,0.3333333333333333,0.0,0.0030864197530864196,z,x,z,0.291350248860882
259,-0.2222222222222222,0.3333333333333333,0.0,0.0030864197530864196,z,y,x,-0.902753552359541
259,-0.2222222222222222,0.3333333333333333,0.0,0.0030864197530864196,z,y,y,-0.05222333024388174
259,-0.2222222222222222,0.3333333333333333,0.0,0.0030864197530864196,z,y,z,-0.1889438662392496
259,-0.2222222222222222,0.3333333333333333,0.0,0.0030864197530864196,z,z,x,-0.07561777812546784
259,-0.2222222222222222,0.3333333333333333,0.0,0.0030864197530864196,z,z,y,0.11228683182878207
259,-0.2222222222222222,0.3333333333333333,0.0,0.0030864197530864196,z,z,z,0.0008922521546233841
260,-0.2222222222222222,0.3888888888888889,0.0,0.0030864197530864196,x,x,x,0.34755213207012564
260,-0.2222222222222222,0.3888888888888889,0.0,0.0030864197530864196,x,x,y,4.3518717177667906e-07
260,-0.2222222222222222,0.3888888888888889,0.0,0.0030864197530864196,x,x,z,-2.8688970720637682e-08
260,-0.2222222222222222,0.3888888888888889,0.0,0.0030864197530864196,x,y,x,-1.645584809288454e-06
260,-0.2222222222222222,0.3888888888888889,0.0,0.0030864197530864196,x,y,y,-0.11861337457562504
260,-0.2222222222222222,0.3888888888888889,0.0,0.0030864197530864196,x,y,z,0.4010625545077015
260,-0.2222222222222222,0.3888888888888889,0.0,0.0030864197530864196,x,z,x,5.195998575637875e-07
260,-0.2222222222222222,0.3888888888888889,0.0,0.0030864197530864196,x,z,y,-0.818511096383799
260,-0.2222222222222222,0.3888888888888889,0.0,0.0030864197530864196,x,z,z,-0.01609808172115309
260,-0.2222222222222222,0.3888888888888889,0.0,0.0030864197530864196,y,x,x,2.2445933022631004e-07
260,-0.2222222222222222,0.3888888888888889,0.0,0.0030864197530864196,y,x,y,-0.4510463839358427
260,-0.2222222222222222,0.3888888888888889,0.0,0.0030864197530864196,y,x,z,-0.5274422481090557
260,-0.2222222222222222,0.3888888888888889,0.0,0.0030864197530864196,y,y,x,0.28918759478212097
260,-0.2222222222222222,0.3888888888888889,0.0,0.0030864197530864196,y,y,y,-2.9478952948693525e-07
260,-0.2222222222222222,0.3888888888888889,0.0,0.0030864197530864196,y,y,z,5.131903168234308e-07
260,-0.2222222222222222,0.3888888888888889,0.0,0.0030864197530864196,y,z,x,0.6341099980027097
260,-0.2222222222222222,0.3888888888888889,0.0,0.0030864197530864196,y,z,y,-9.88201834515936e-07
260,-0.2222222222222222,0.3888888888888889,0.0,0.0030864197530864196,y,z,z,-1.760713519314735e-07
260,-0.2222222222222222,0.3888888888888889,0.0,0.0030864197530864196,z,x,x,1.535989629399253e-07
260,-0.2222222222222222,0.3888888888888889,0.0,0.0030864197530864196,z,x,y,0.6864536358648986
260,-0.2222222222222222,0.3888888888888889,0.0,0.0030864197530864196,z,x,z,0.30450190483293754
260,-0.2222222222222222,0.3888888888888889,0.0,0.0030864197530864196,z,y,x,-0.9308700290742472
260,-0.2222222222222222,0.3888888888888889,0.0,0.0030864197530864196,z,y,y,-1.2828865249907523e-07
260,-0.2222222222222222,0.3888888888888889,0.0,0.0030864197530864196,z,y,z,3.148736751381329e-07
260,-0.2222222222222222,0.3888888888888889,0.0,0.0030864197530864196,z,z,x,-0.07202273212765001
260,-0.2222222222222222,0.3888888888888889,0.0,0.0030864197530864196,z,z,y,-9.989310644173839e-07
260,-0.2222222222222222,0.3888888888888889,0.0,0.0030864197530864196,z,z,z,-2.673220774630097e-08
261,-0.2222222222222222,0.4444444444444444,0.0,0.0030864197530864196,x,x,x,0.3292421464768527
261,-0.2222222222222222,0.4444444444444444,0.0,0.0030864197530864196,x,x,y,0.07909548125015471
261,-0.2222222222222222,0.4444444444444444,0.0,0.0030864197530864196,x,x,z,-0.049393547121635885
261,-0.2222222222222222,0.4444444444444444,0.0,0.0030864197530864196,x,y,x,-0.045826146572624994
261,-0.2222222222222222,0.4444444444444444,0.0,0.0030864197530864196,x,y,y,-0.12545762738927943
261,-0.2222222222222222,0.4444444444444444,0.0,0.0030864197530864196,x,y,z,0.4232984955178006
261,-0.2222222222222222,0.4444444444444444,0.0,0.0030864197530864196,x,z,x,-0.011878782353678341
261,-0.2222222222222222,0.4444444444444444,0.0,0.0030864197530864196,x,z,y,-0.8321893841653443
261,-0.2222222222222222,0.4444444444444444,0.0,0.0030864197530864196,x,z,z,-0.01188100414060636
261,-0.2222222222222222,0.4444444444444444,0.0,0.0030864197530864196,y,x,x,-0.019770459076379757
261,-0.2222222222222222,0.4444444444444444,0.0,0.0030864197530864196,y,x,y,-0.4202322152793617
261,-0.2222222222222222,0.4444444444444444,0.0,0.0030864197530864196,y,x,z,-0.5512107966797695
261,-0.2222222222222222,0.4444444444444444,0.0,0.0030864197530864196,y,y,x,0.2649612399814333
261,-0.2222222222222222,0.4444444444444444,0.0,0.0030864197530864196,y,y,y,0.05610826745703215
261,-0.2222222222222222,0.4444444444444444,0.0,0.0030864197530864196,y,y,z,0.0019123261264382548
261,-0.2222222222222222,0.4444444444444444,0.0,0.0030864197530864196,y,z,x,0.6436287298600184
261,-0.2222222222222222,0.4444444444444444,0.0,0.0030864197530864196,y,z,y,0.05953612170948814
261,-0.2222222222222222,0.4444444444444444,0.0,0.0030864197530864196,y,z,z,0.012166772222159759
261,-0.2222222222222222,0.4444444444444444,0.0,0.0030864197530864196,z,x,x,-0.03120411963361852
261,-0.2222222222222222,0.4444444444444444,0.0,0.0030864197530864196,z,x,y,0.6568651053790155
261,-0.2222222222222222,0.4444444444444444,0.0,0.0030864197530864196,z,x,z,0.2913508124664923
261,-0.2222222222222222,0.4444444444444444,0.0,0.0030864197530864196,z,y,x,-0.9027557316533871
261,-0.2222222222222222,0.4444444444444444,0.0,0.0030864197530864196,z,y,y,0.052223172119438506
261,-0.2222222222222222,0.4444444444444444,0.0,0.0030864197530864196,z,y,z,0.18894460176428052
261,-0.2222222222222222,0.4444444444444444,0.0,0.0030864197530864196,z,z,x,-0.07561815738543774
261,-0.2222222222222222,0.4444444444444444,0.0,0.0030864197530864196,z,z,y,-0.11228881071328828
261,-0.2222222222222222,0.4444444444444444,0.0,0.0030864197530864196,z,z,z,-0.0008923057732340642
262,-0.2222222222222222,0.5,0.0,0.0030864197530864196,x,x,x,0.2852543882563185
262,-0.2222222222222222,0.5,0.0,0.0030864197530864196,x,x,y,0.2131820481150288
262,-0.2222222222222222,0.5,0.0,0.0030864197530864196,x,x,z,-0.08952462094132184
262,-0.2222222222222222,0.5,0.0,0.0030864197530864196,x,y,x,-0.11751132350193295
262,-0.2222222222222222,0.5,0.0,0.0030864197530864196,x,y,y,-0.13938813284531426
262,-0.2222222222222222,0.5,0.0,0.0030864197530864196,x,y,z,0.4990215038125763
262,-0.2222222222222222,0.5,0.0,0.0030864197530864196,x,z,x,-0.045069987802451424
262,-0.2222222222222222,0.5,0.0,0.0030864197530864196,x,z,y,-0.8621162400623777
262,-0.2222222222222222,0.5,0.0,0.0030864197530864196,x,z,z,0.003883559338449312
262,-0.2222222222222222,0.5,0.0,0.0030864197530864196,y,x,x,-0.030554221352176454
262,-0.2222222222222222,0.5,0.0,0.0030864197530864196,y,x,y,-0.33867808347785555
262,-0.2222222222222222,0.5,0.0,0.0030864197530864196,y,x,z,-0.6229261645347408
262,-0.2222222222222222,0.5,0.0,0.0030864197530864196,y,y,x,0.1996593597285217
262,-0.2222222222222222,0.5,0.0,0.0030864197530864196,y,y,y,0.12400332032545462
262,-0.2222222222222222,0.5,0.0,0.0030864197530864196,y,y,z,0.03198612005496231
262,-0.2222222222222222,0.5,0.0,0.0030864197530864196,y,z,x,0.6814940707504619
262,-0.2222222222222222,0.5,0.0,0.0030864197530864196,y,z,y,0.10670654124047085
262,-0.2222222222222222,0.5,0.0,0.0030864197530864196,y,z,z,0.02101146004829882
262,-0.2222222222222222,0.5,0.0,0.0030864197530864196,z,x,x,-0.06767267595787267
262,-0.2222222222222222,0.5,0.0,0.0030864197530864196,z,x,y,0.5633054513301987
262,-0.2222222222222222,0.5,0.0,0.0030864197530864196,z,x,z,0.27009779408092954
262,-0.2222222222222222,0.5,0.0,0.0030864197530864196,z,y,x,-0.7883482877416264
262,-0.2222222222222222,0.5,0.0,0.0030864197530864196,z,y,y,0.10358026368320772
262,-0.2222222222222222,0.5,0.0,0.0030864197530864196,z,y,z,0.3646069199955142
262,-0.2222222222222222,0.5,0.0,0.0030864197530864196,z,z,x,-0.0884171812886102
262,-0.2222222222222222,0.5,0.0,0.0030864197530864196,z,z,y,-0.20497300797943094
262,-0.2222222222222222,0.5,0.0,0.0030864197530864196,z,z,z,-0.0001379832244426415
263,-0.2222222222222222,-0.4444444444444444,0.0,0.0030864197530864196,x,x,x,0.22195624559894045
263,-0.2222222222222222,-0.4444444444444444,0.0,0.0030864197530864196,x,x,y,0.44520228247222526
263,-0.2222222222222222,-0.4444444444444444,0.0,0.0030864197530864196,x,x,z,-0.09391831761849898
263,-0.2222222222222222,-0.4444444444444444,0.0,0.0030864197530864196,x,y,x,-0.24578507800408478
263,-0.2222222222222222,-0.4444444444444444,0.0,0.0030864197530864196,x,y,y,-0.12641840118012945
263,-0.2222222222222222,-0.4444444444444444,0.0,0.0030864197530864196,x,y,z,0.6186941129909551
263,-0.2222222222222222,-0.4444444444444444,0.0,0.0030864197530864196,x,z,x,-0.11765208772188118
263,-0.2222222222222222,-0.4444444444444444,0.0,0.0030864197530864196,x,z,y,-0.8802156925169894
263,-0.2222222222222222,-0.4444444444444444,0.0,0.0030864197530864196,x,z,z,0.011650817406009978
263,-0.2222222222222222,-0.4444444444444444,0.0,0.0030864197530864196,y,x,x,-0.01696458965974226
263,-0.2222222222222222,-0.4444444444444444,0.0,0.0030864197530864196,y,x,y,-0.25849903097754096
263,-0.2222222222222222,-0.4444444444444444,0.0,0.0030864197530864196,y,x,z,-0.7271247201317765
263,-0.2222222222222222,-0.4444444444444444,0.0,0.0030864197530864196,y,y,x,0.14039270950951066
263,-0.2222222222222222,-0.4444444444444444,0.0,0.0030864197530864196,y,y,y,0.18245317020317608
263,-0.2222222222222222,-0.4444444444444444,0.0,0.0030864197530864196,y,y,z,0.09391955148023716
263,-0.2222222222222222,-0.4444444444444444,0.0,0.0030864197530864196,y,z,x,0.7443371141600722
263,-0.2222222222222222,-0.4444444444444444,0.0,0.0030864197530864196,y,z,y,0.11765733365386978
263,-0.2222222222222222,-0.4444444444444444,0.0,0.0030864197530864196,y,z,z,0.020171894348973193
263,-0.2222222222222222,-0.4444444444444444,0.0,0.0030864197530864196,z,x,x,-0.11727583545151506
263,-0.2222222222222222,-0.4444444444444444,0.0,0.0030864197530864196,z,x,y,0.3999670563354794
263,-0.2222222222222222,-0.4444444444444444,0.0,0.0030864197530864196,z,x,z,0.29232743928572
263,-0.2222222222222222,-0.4444444444444444,0.0,0.0030864197530864196,z,y,x,-0.5353871343931524
263,-0.2222222222222222,-0.4444444444444444,0.0,0.0030864197530864196,z,y,y,0.11728056966211223
263,-0.2222222222222222,-0.4444444444444444,0.0,0.0030864197530864196,z,y,z,0.5063897348408942
263,-0.2222222222222222,-0.4444444444444444,0.0,0.0030864197530864196,z,z,x,-0.13903031688756332
263,-0.2222222222222222,-0.4444444444444444,0.0,0.0030864197530864196,z,z,y,-0.24086077192941455
263,-0.2222222222222222,-0.4444444444444444,0.0,0.0030864197530864196,z,z,z,2.0429250563931993e-06
264,-0.2222222222222222,-0.3888888888888888,0.0,0.0030864197530864196,x,x,x,0.13924795601094211
264,-0.2222222222222222,-0.3888888888888888,0.0,0.0030864197530864196,x,x,y,0.73576932208952
264,-0.2222222222222222,-0.3888888888888888,0.0,0.0030864197530864196,x,x,z,-0.04421449424385139
264,-0.2222222222222222,-0.3888888888888888,0.0,0.0030864197530864196,x,y,x,-0.3828219387054759
264,-0.2222222222222222,-0.3888888888888888,0.0,0.0030864197530864196,x,y,y,-0.023253397988226936
264,-0.2222222222222222,-0.3888888888888888,0.0,0.0030864197530864196,x,y,z,0.7090331844706873
264,-0.2222222222222222,-0.3888888888888888,0.0,0.0030864197530864196,x,z,x,-0.24651946234192249
264,-0.2222222222222222,-0.3888888888888888,0.0,0.0030864197530864196,x,z,y,-0.7857736039512588
264,-0.2222222222222222,-0.3888888888888888,0.0,0.0030864197530864196,x,z,z,0.01654637786524703
264,-0.2222222222222222,-0.3888888888888888,0.0,0.0030864197530864196,y,x,x,0.07077221056669868
264,-0.2222222222222222,-0.3888888888888888,0.0,0.0030864197530864196,y,x,y,-0.3992123932182478
264,-0.2222222222222222,-0.3888888888888888,0.0,0.0030864197530864196,y,x,z,-0.8319551605924626
264,-0.2222222222222222,-0.3888888888888888,0.0,0.0030864197530864196,y,y,x,0.14877746743072784
264,-0.2222222222222222,-0.3888888888888888,0.0,0.0030864197530864196,y,y,y,0.20529927844793477
264,-0.2222222222222222,-0.3888888888888888,0.0,0.0030864197530864196,y,y,z,0.19984891908629354
264,-0.2222222222222222,-0.3888888888888888,0.0,0.0030864197530864196,y,z,x,0.7266851778623489
264,-0.2222222222222222,-0.3888888888888888,0.0,0.0030864197530864196,y,z,y,0.12677502241306854
264,-0.2222222222222222,-0.3888888888888888,0.0,0.0030864197530864196,y,z,z,0.039401393445856525
264,-0.2222222222222222,-0.3888888888888888,0.0,0.0030864197530864196,z,x,x,-0.225046265054817
264,-0.2222222222222222,-0.3888888888888888,0.0,0.0030864197530864196,z,x,y,0.14774945744738227
264,-0.2222222222222222,-0.3888888888888888,0.0,0.0030864197530864196,z,x,z,0.38108357462758125
264,-0.2222222222222222,-0.3888888888888888,0.0,0.0030864197530864196,z,y,x,-0.16301973007573609
264,-0.2222222222222222,-0.3888888888888888,0.0,0.0030864197530864196,z,y,y,0.10606838258605282
264,-0.2222222222222222,-0.3888888888888888,0.0,0.0030864197530864196,z,y,z,0.5220720545700527
264,-0.2222222222222222,-0.3888888888888888,0.0,0.0030864197530864196,z,z,x,-0.22908457686733472
264,-0.2222222222222222,-0.3888888888888888,0.0,0.0030864197530864196,z,z,y,-0.1923792973607228
264,-0.2222222222222222,-0.3888888888888888,0.0,0.0030864197530864196,z,z,z,0.004139060847933022
265,-0.2222222222222222,-0.3333333333333334,0.0,0.0030864197530864196,x,x,x,-0.07467463713700347
265,-0.2222222222222222,-0.3333333333333334,0.0,0.0030864197530864196,x,x,y,0.5237248619537904
265,-0.2222222222222222,-0.3333333333333334,0.0,0.0030864197530864196,x,x,z,0.19823673781878146
265,-0.2222222222222222,-0.3333333333333334,0.0,0.0030864197530864196,x,y,x,0.06920912111507153
265,-0.2222222222222222,-0.3333333333333334,0.0,0.0030864197530864196,x,y,y,0.39555206970415424
265,-0.2222222222222222,-0.3333333333333334,0.0,0.0030864197530864196,x,y,z,0.552885131455491
265,-0.2222222222222222,-0.3333333333333334,0.0,0.0030864197530864196,x,z,x,-0.4756937449408441
265,-0.2222222222222222,-0.3333333333333334,0.0,0.0030864197530864196,x,z,y,-0.2868938336490059
265,-0.2222222222222222,-0.3333333333333334,0.0,0.0030864197530864196,x,z,z,-0.007356388752550796
265,-0.2222222222222222,-0.3333333333333334,0.0,0.0030864197530864196,y,x,x,0.31850111891736116
265,-0.2222222222222222,-0.3333333333333334,0.0,0.0030864197530864196,y,x,y,-1.4507503289969153
265,-0.2222222222222222,-0.3333333333333334,0.0,0.0030864197530864196,y,x,z,-0.8738884724470699
265,-0.2222222222222222,-0.3333333333333334,0.0,0.0030864197530864196,y,y,x,0.7138952624317015
265,-0.2222222222222222,-0.3333333333333334,0.0,0.0030864197530864196,y,y,y,0.06273913830386418
265,-0.2222222222222222,-0.3333333333333334,0.0,0.0030864197530864196,y,y,z,0.24668552909856464
265,-0.2222222222222222,-0.3333333333333334,0.0,0.0030864197530864196,y,z,x,0.5080156058077998
265,-0.2222222222222222,-0.3333333333333334,0.0,0.0030864197530864196,y,z,y,0.2489075499123652
265,-0.2222222222222222,-0.3333333333333334,0.0,0.0030864197530864196,y,z,z,0.08702808287364665
265,-0.2222222222222222,-0.3333333333333334,0.0,0.0030864197530864196,z,x,x,-0.41952075248059134
265,-0.2222222222222222,-0.3333333333333334,0.0,0.0030864197530864196,z,x,y,-0.4455371128822543
265,-0.2222222222222222,-0.3333333333333334,0.0,0.0030864197530864196,z,x,z,0.6025818789273631
265,-0.2222222222222222,-0.3333333333333334,0.0,0.0030864197530864196,z,y,x,0.5677136834873509
265,-0.2222222222222222,-0.3333333333333334,0.0,0.0030864197530864196,z,y,y,-0.010495939943851914
265,-0.2222222222222222,-0.3333333333333334,0.0,0.0030864197530864196,z,y,z,0.3150171263625821
265,-0.2222222222222222,-0.3333333333333334,0.0,0.0030864197530864196,z,z,x,-0.35416428641571984
265,-0.2222222222222222,-0.3333333333333334,0.0,0.0030864197530864196,z,z,y,-0.07670116854367713
265,-0.2222222222222222,-0.3333333333333334,0.0,0.0030864197530864196,z,z,z,0.03949727431141423
266,-0.2222222222222222,-0.2777777777777778,0.0,0.0030864197530864196,x,x,x,-0.5868118328270895
266,-0.2222222222222222,-0.2777777777777778,0.0,0.0030864197530864196,x,x,y,-3.2477723834098033
266,-0.2222222222222222,-0.2777777777777778,0.0,0.0030864197530864196,x,x,z,0.9741313364548866
266,-0.2222222222222222,-0.2777777777777778,0.0,0.0030864197530864196,x,y,x,4.271005893239284
266,-0.2222222222222222,-0.2777777777777778,0.0,0.0030864197530864196,x,y,y,1.5580611583765565
266,-0.2222222222222222,-0.2777777777777778,0.0,0.0030864197530864196,x,y,z,-0.5926958275992826
266,-0.2222222222222222,-0.2777777777777778,0.0,0.0030864197530864196,x,z,x,-1.1712648753175325
266,-0.2222222222222222,-0.2777777777777778,0.0,0.0030864197530864196,x,z,y,1.778394603253865
266,-0.2222222222222222,-0.2777777777777778,0.0,0.0030864197530864196,x,z,z,-0.09290230138555622
266,-0.2222222222222222,-0.2777777777777778,0.0,0.0030864197530864196,y,x,x,0.45697774548759984
266,-0.2222222222222222,-0.2777777777777778,0.0,0.0030864197530864196,y,x,y,-5.413712222224874
266,-0.2222222222222222,-0.2777777777777778,0.0,0.0030864197530864196,y,x,z,-0.5791096583298758
266,-0.2222222222222222,-0.2777777777777778,0.0,0.0030864197530864196,y,y,x,3.6649907720675037
266,-0.2222222222222222,-0.2777777777777778,0.0,0.0030864197530864196,y,y,y,-0.42708664024231674
266,-0.2222222222222222,-0.2777777777777778,0.0,0.0030864197530864196,y,y,z,-0.1669891913891307
266,-0.2222222222222222,-0.2777777777777778,0.0,0.0030864197530864196,y,z,x,-0.4604228871609847
266,-0.2222222222222222,-0.2777777777777778,0.0,0.0030864197530864196,y,z,y,0.8727197854920551
266,-0.2222222222222222,-0.2777777777777778,0.0,0.0030864197530864196,y,z,z,0.2418629085690022
266,-0.2222222222222222,-0.2777777777777778,0.0,0.0030864197530864196,z,x,x,-0.480397315664819
266,-0.2222222222222222,-0.2777777777777778,0.0,0.0030864197530864196,z,x,y,-2.6293711688179986
266,-0.2222222222222222,-0.2777777777777778,0.0,0.0030864197530864196,z,x,z,0.9892292590467163
266,-0.2222222222222222,-0.2777777777777778,0.0,0.0030864197530864196,z,y,x,2.5061359756931707
266,-0.2222222222222222,-0.2777777777777778,0.0,0.0030864197530864196,z,y,y,-0.5497938044502699
266,-0.2222222222222222,-0.2777777777777778,0.0,0.0030864197530864196,z,y,z,-0.3010745091948938
266,-0.2222222222222222,-0.2777777777777778,0.0,0.0030864197530864196,z,z,x,-0.21044446176419626
266,-0.2222222222222222,-0.2777777777777778,0.0,0.0030864197530864196,z,z,y,-0.3863050390950139
266,-0.2222222222222222,-0.2777777777777778,0.0,0.0030864197530864196,z,z,z,0.0592123940116825
267,-0.2222222222222222,-0.2222222222222222,0.0,0.0030864197530864196,x,x,x,-0.3762876599213728
267,-0.2222222222222222,-0.2222222222222222,0.0,0.0030864197530864196,x,x,y,-13.790225140224631
267,-0.2222222222222222,-0.2222222222222222,0.0,0.0030864197530864196,x,x,z,1.9572404276994118
267,-0.2222222222222222,-0.2222222222222222,0.0,0.0030864197530864196,x,y,x,14.831765400203599
267,-0.2222222222222222,-0.2222222222222222,0.0,0.0030864197530864196,x,y,y,1.9120741815246618
267,-0.2222222222222222,-0.2222222222222222,0.0,0.0030864197530864196,x,y,z,-2.588449889296467
267,-0.2222222222222222,-0.2222222222222222,0.0,0.0030864197530864196,x,z,x,-2.1212848641816153
267,-0.2222222222222222,-0.2222222222222222,0.0,0.0030864197530864196,x,z,y,5.237480431408195
267,-0.2222222222222222,-0.2222222222222222,0.0,0.0030864197530864196,x,z,z,-0.30993894554886087
267,-0.2222222222222222,-0.2222222222222222,0.0,0.0030864197530864196,y,x,x,-1.8507486668982283
267,-0.2222222222222222,-0.2222222222222222,0.0,0.0030864197530864196,y,x,y,-7.719543084966344
267,-0.2222222222222222,-0.2222222222222222,0.0,0.0030864197530864196,y,x,z,0.3285032024947104
267,-0.2222222222222222,-0.2222222222222222,0.0,0.0030864197530864196,y,y,x,8.805171703365863
267,-0.2222222222222222,-0.2222222222222222,0.0,0.0030864197530864196,y,y,y,-0.8092241923384409
267,-0.2222222222222222,-0.2222222222222222,0.0,0.0030864197530864196,y,y,z,-1.9573516286115897
267,-0.2222222222222222,-0.2222222222222222,0.0,0.0030864197530864196,y,z,x,-2.788080486232769
267,-0.2222222222222222,-0.2222222222222222,0.0,0.0030864197530864196,y,z,y,2.1213763902759384
267,-0.2222222222222222,-0.2222222222222222,0.0,0.0030864197530864196,y,z,z,0.5368044065521506
267,-0.2222222222222222,-0.2222222222222222,0.0,0.0030864197530864196,z,x,x,1.1980286414411134
267,-0.2222222222222222,-0.2222222222222222,0.0,0.0030864197530864196,z,x,y,-5.7283377198573096
267,-0.2222222222222222,-0.2222222222222222,0.0,0.0030864197530864196,z,x,z,0.6583663713155561
267,-0.2222222222222222,-0.2222222222222222,0.0,0.0030864197530864196,z,y,x,4.344950692550395
267,-0.2222222222222222,-0.2222222222222222,0.0,0.0030864197530864196,z,y,y,-1.1981072569861193
267,-0.2222222222222222,-0.2222222222222222,0.0,0.0030864197530864196,z,y,z,-1.1404233234604442
267,-0.2222222222222222,-0.2222222222222222,0.0,0.0030864197530864196,z,z,x,1.2654561861985105
267,-0.2222222222222222,-0.2222222222222222,0.0,0.0030864197530864196,z,z,y,-2.191817795993388
267,-0.2222222222222222,-0.2222222222222222,0.0,0.0030864197530864196,z,z,z,2.0943816503983805e-05
268,-0.2222222222222222,-0.1666666666666666,0.0,0.0030864197530864196,x,x,x,-0.05731793441734613
268,-0.2222222222222222,-0.1666666666666666,0.0,0.0030864197530864196,x,x,y,-6.916970886426407
268,-0.2222222222222222,-0.1666666666666666,0.0,0.0030864197530864196,x,x,z,0.6622810260249303
268,-0.2222222222222222,-0.1666666666666666,0.0,0.0030864197530864196,x,y,x,7.288256942893562
268,-0.2222222222222222,-0.1666666666666666,0.0,0.0030864197530864196,x,y,y,0.40198083627851877
268,-0.2222222222222222,-0.1666666666666666,0.0,0.0030864197530864196,x,y,z,-0.07958098848552356
268,-0.2222222222222222,-0.1666666666666666,0.0,0.0030864197530864196,x,z,x,-0.8457218004732932
268,-0.2222222222222222,-0.1666666666666666,0.0,0.0030864197530864196,x,z,y,2.066283680067017
268,-0.2222222222222222,-0.1666666666666666,0.0,0.0030864197530864196,x,z,z,-0.29123091773783644
268,-0.2222222222222222,-0.1666666666666666,0.0,0.0030864197530864196,y,x,x,-2.1614056037779954
268,-0.2222222222222222,-0.1666666666666666,0.0,0.0030864197530864196,y,x,y,1.2913818470899183
268,-0.2222222222222222,-0.1666666666666666,0.0,0.0030864197530864196,y,x,z,-0.36167819568142295
268,-0.2222222222222222,-0.1666666666666666,0.0,0.0030864197530864196,y,y,x,4.070758600981218
268,-0.2222222222222222,-0.1666666666666666,0.0,0.0030864197530864196,y,y,y,-0.25791564762522806
268,-0.2222222222222222,-0.1666666666666666,0.0,0.0030864197530864196,y,y,z,-1.2310248086498834
268,-0.2222222222222222,-0.1666666666666666,0.0,0.0030864197530864196,y,z,x,-2.159959542370637
268,-0.2222222222222222,-0.1666666666666666,0.0,0.0030864197530864196,y,z,y,0.9733162339003028
268,-0.2222222222222222,-0.1666666666666666,0.0,0.0030864197530864196,y,z,z,0.3232920264918798
268,-0.2222222222222222,-0.1666666666666666,0.0,0.0030864197530864196,z,x,x,1.355213036585283
268,-0.2222222222222222,-0.1666666666666666,0.0,0.0030864197530864196,z,x,y,-0.7038838560415406
268,-0.2222222222222222,-0.1666666666666666,0.0,0.0030864197530864196,z,x,z,-0.15505022278574088
268,-0.2222222222222222,-0.1666666666666666,0.0,0.0030864197530864196,z,y,x,-0.19548246161065094
268,-0.2222222222222222,-0.1666666666666666,0.0,0.0030864197530864196,z,y,y,-0.12447509917164466
268,-0.2222222222222222,-0.1666666666666666,0.0,0.0030864197530864196,z,y,z,-0.6722638326092721
268,-0.2222222222222222,-0.1666666666666666,0.0,0.0030864197530864196,z,z,x,1.21204039132539
268,-0.2222222222222222,-0.1666666666666666,0.0,0.0030864197530864196,z,z,y,-1.1912621130844316
268,-0.2222222222222222,-0.1666666666666666,0.0,0.0030864197530864196,z,z,z,-0.05416659051389284
269,-0.2222222222222222,-0.1111111111111112,0.0,0.0030864197530864196,x,x,x,-0.2185800908983621
269,-0.2222222222222222,-0.1111111111111112,0.0,0.0030864197530864196,x,x,y,6.38956825631424e-06
269,-0.2222222222222222,-0.1111111111111112,0.0,0.0030864197530864196,x,x,z,8.897551674339037e-07
269,-0.2222222222222222,-0.1111111111111112,0.0,0.0030864197530864196,x,y,x,6.319524733202846e-06
269,-0.2222222222222222,-0.1111111111111112,0.0,0.0030864197530864196,x,y,y,0.1958589422230025
269,-0.2222222222222222,-0.1111111111111112,0.0,0.0030864197530864196,x,y,z,1.0243012298647804
269,-0.2222222222222222,-0.1111111111111112,0.0,0.0030864197530864196,x,z,x,-3.5862059636682575e-06
269,-0.2222222222222222,-0.1111111111111112,0.0,0.0030864197530864196,x,z,y,0.47390900896199256
269,-0.2222222222222222,-0.1111111111111112,0.0,0.0030864197530864196,x,z,z,-0.24835799382186532
269,-0.2222222222222222,-0.1111111111111112,0.0,0.0030864197530864196,y,x,x,-7.491173387528659e-07
269,-0.2222222222222222,-0.1111111111111112,0.0,0.0030864197530864196,y,x,y,2.905238007721665
269,-0.2222222222222222,-0.1111111111111112,0.0,0.0030864197530864196,y,x,z,-0.8397930075094875
269,-0.2222222222222222,-0.1111111111111112,0.0,0.0030864197530864196,y,y,x,2.053534015787176
269,-0.2222222222222222,-0.1111111111111112,0.0,0.0030864197530864196,y,y,y,4.017703082445651e-06
269,-0.2222222222222222,-0.1111111111111112,0.0,0.0030864197530864196,y,y,z,6.916462596689172e-07
269,-0.2222222222222222,-0.1111111111111112,0.0,0.0030864197530864196,y,z,x,-1.4297013194415147
269,-0.2222222222222222,-0.1111111111111112,0.0,0.0030864197530864196,y,z,y,-2.6319253650088402e-06
269,-0.2222222222222222,-0.1111111111111112,0.0,0.0030864197530864196,y,z,z,2.257540530150502e-08
269,-0.2222222222222222,-0.1111111111111112,0.0,0.0030864197530864196,z,x,x,8.122987458452925e-06
269,-0.2222222222222222,-0.1111111111111112,0.0,0.0030864197530864196,z,x,y,0.9592052027667753
269,-0.2222222222222222,-0.1111111111111112,0.0,0.0030864197530864196,z,x,z,-0.17792629279128816
269,-0.2222222222222222,-0.1111111111111112,0.0,0.0030864197530864196,z,y,x,-1.4237392092027497
269,-0.2222222222222222,-0.1111111111111112,0.0,0.0030864197530864196,z,y,y,-4.17704358552142e-08
269,-0.2222222222222222,-0.1111111111111112,0.0,0.0030864197530864196,z,y,z,-3.3897368707448656e-06
269,-0.2222222222222222,-0.1111111111111112,0.0,0.0030864197530864196,z,z,x,0.6829933153557702
269,-0.2222222222222222,-0.1111111111111112,0.0,0.0030864197530864196,z,z,y,1.53462305188916e-06
269,-0.2222222222222222,-0.1111111111111112,0.0,0.0030864197530864196,z,z,z,5.102578504918731e-07
270,-0.2222222222222222,-0.0555555555555556,0.0,0.0030864197530864196,x,x,x,-0.05731456612822796
270,-0.2222222222222222,-0.0555555555555556,0.0,0.0030864197530864196,x,x,y,6.9169549729892
270,-0.2222222222222222,-0.0555555555555556,0.0,0.0030864197530864196,x,x,z,-0.6622752415409973
270,-0.2222222222222222,-0.0555555555555556,0.0,0.0030864197530864196,x,y,x,-7.288224720965504
270,-0.2222222222222222,-0.0555555555555556,0.0,0.0030864197530864196,x,y,y,0.40197118881922955
270,-0.2222222222222222,-0.0555555555555556,0.0,0.0030864197530864196,x,y,z,-0.0795702641788357
270,-0.2222222222222222,-0.0555555555555556,0.0,0.0030864197530864196,x,z,x,0.8457107210652164
270,-0.2222222222222222,-0.0555555555555556,0.0,0.0030864197530864196,x,z,y,2.0662708856965644
270,-0.2222222222222222,-0.0555555555555556,0.0,0.0030864197530864196,x,z,z,-0.29123071161912073
270,-0.2222222222222222,-0.0555555555555556,0.0,0.0030864197530864196,y,x,x,2.161400337852337
270,-0.2222222222222222,-0.0555555555555556,0.0,0.0030864197530864196,y,x,y,1.2913681094655807
270,-0.2222222222222222,-0.0555555555555556,0.0,0.0030864197530864196,y,x,z,-0.3616840890396306
270,-0.2222222222222222,-0.0555555555555556,0.0,0.0030864197530864196,y,y,x,4.070739101600987
270,-0.2222222222222222,-0.0555555555555556,0.0,0.0030864197530864196,y,y,y,0.25791738979503886
270,-0.2222222222222222,-0.0555555555555556,0.0,0.0030864197530864196,y,y,z,1.2310208996303489
270,-0.2222222222222222,-0.0555555555555556,0.0,0.0030864197530864196,y,z,x,-2.1599524525907037
270,-0.2222222222222222,-0.0555555555555556,0.0,0.0030864197530864196,y,z,y,-0.9733177371018796
270,-0.2222222222222222,-0.0555555555555556,0.0,0.0030864197530864196,y,z,z,-0.32329099039517717
270,-0.2222222222222222,-0.0555555555555556,0.0,0.0030864197530864196,z,x,x,-1.3551936688261008
270,-0.2222222222222222,-0.0555555555555556,0.0,0.0030864197530864196,z,x,y,-0.7038994460492854
270,-0.2222222222222222,-0.0555555555555556,0.0,0.0030864197530864196,z,x,z,-0.15504980894558437
270,-0.2222222222222222,-0.0555555555555556,0.0,0.0030864197530864196,z,y,x,-0.19548321826169673
270,-0.2222222222222222,-0.0555555555555556,0.0,0.0030864197530864196,z,y,y,0.12447342128615883
270,-0.2222222222222222,-0.0555555555555556,0.0,0.0030864197530864196,z,y,z,0.6722546625929617
270,-0.2222222222222222,-0.0555555555555556,0.0,0.0030864197530864196,z,z,x,1.2120353672994513
270,-0.2222222222222222,-0.0555555555555556,0.0,0.0030864197530864196,z,z,y,1.1912591925877245
270,-0.2222222222222222,-0.0555555555555556,0.0,0.0030864197530864196,z,z,z,0.05416709143086814
271,-0.1666666666666666,0.0,0.0,0.0030864197530864196,x,x,x,-1.6047100986114284
271,-0.1666666666666666,0.0,0.0,0.0030864197530864196,x,x,y,14.657592798196596
271,-0.1666666666666666,0.0,0.0,0.0030864197530864196,x,x,z,-2.2649981999539572
271,-0.1666666666666666,0.0,0.0,0.0030864197530864196,x,y,x,-13.195403456614994
271,-0.1666666666666666,0.0,0.0,0.0030864197530864196,x,y,y,5.515284756690845
271,-0.1666666666666666,0.0,0.0,0.0030864197530864196,x,y,z,-2.7913097717275357
271,-0.1666666666666666,0.0,0.0,0.0030864197530864196,x,z,x,1.2758052175428929
271,-0.1666666666666666,0.0,0.0,0.0030864197530864196,x,z,y,6.121941711822987
271,-0.1666666666666666,0.0,0.0,0.0030864197530864196,x,z,z,-0.4911278340923002
271,-0.1666666666666666,0.0,0.0,0.0030864197530864196,y,x,x,2.65550406976022
271,-0.1666666666666666,0.0,0.0,0.0030864197530864196,y,x,y,-3.636210100725419
271,-0.1666666666666666,0.0,0.0,0.0030864197530864196,y,x,z,0.17600201765711676
271,-0.1666666666666666,0.0,0.0,0.0030864197530864196,y,y,x,12.444477038569337
271,-0.1666666666666666,0.0,0.0,0.0030864197530864196,y,y,y,4.117733340579836
271,-0.1666666666666666,0.0,0.0,0.0030864197530864196,y,y,z,2.2651111306338567
271,-0.1666666666666666,0.0,0.0,0.0030864197530864196,y,z,x,-4.648839193237248
271,-0.1666666666666666,0.0,0.0,0.0030864197530864196,y,z,y,-1.275880572095605
271,-0.1666666666666666,0.0,0.0,0.0030864197530864196,y,z,z,-0.8506343547870038
271,-0.1666666666666666,0.0,0.0,0.0030864197530864196,z,x,x,-2.664600478785851
271,-0.1666666666666666,0.0,0.0,0.0030864197530864196,z,x,y,1.4394368356003808
271,-0.1666666666666666,0.0,0.0,0.0030864197530864196,z,x,z,0.29579852408280544
271,-0.1666666666666666,0.0,0.0,0.0030864197530864196,z,y,x,-4.516332604953542
271,-0.1666666666666666,0.0,0.0,0.0030864197530864196,z,y,y,2.6646806837506265
271,-0.1666666666666666,0.0,0.0,0.0030864197530864196,z,y,z,0.5124077492298038
271,-0.1666666666666666,0.0,0.0,0.0030864197530864196,z,z,x,2.7563436000501387
271,-0.1666666666666666,0.0,0.0,0.0030864197530864196,z,z,y,4.774112691855403
271,-0.1666666666666666,0.0,0.0,0.0030864197530864196,z,z,z,-2.0271925802314188e-05
272,-0.1666666666666666,0.0555555555555556,0.0,0.0030864197530864196,x,x,x,-1.5992813057479798
272,-0.1666666666666666,0.0555555555555556,0.0,0.0030864197530864196,x,x,y,5.148998946545017
272,-0.1666666666666666,0.0555555555555556,0.0,0.0030864197530864196,x,x,z,-0.9487689233094447
272,-0.1666666666666666,0.0555555555555556,0.0,0.0030864197530864196,x,y,x,-4.360820229557366
272,-0.1666666666666666,0.0555555555555556,0.0,0.0030864197530864196,x,y,y,3.522214630697368
272,-0.1666666666666666,0.0555555555555556,0.0,0.0030864197530864196,x,y,z,-0.5684306726624266
272,-0.1666666666666666,0.0555555555555556,0.0,0.0030864197530864196,x,z,x,0.47799468398551115
272,-0.1666666666666666,0.0555555555555556,0.0,0.0030864197530864196,x,z,y,2.924208811429153
272,-0.1666666666666666,0.0555555555555556,0.0,0.0030864197530864196,x,z,z,-0.134374290567046
272,-0.1666666666666666,0.0555555555555556,0.0,0.0030864197530864196,y,x,x,-0.4061335938634742
272,-0.1666666666666666,0.0555555555555556,0.0,0.0030864197530864196,y,x,y,-5.106149688288487
272,-0.1666666666666666,0.0555555555555556,0.0,0.0030864197530864196,y,x,z,-0.8504714730461026
272,-0.1666666666666666,0.0555555555555556,0.0,0.0030864197530864196,y,y,x,5.806120530132726
272,-0.1666666666666666,0.0555555555555556,0.0,0.0030864197530864196,y,y,y,1.914306255624599
272,-0.1666666666666666,0.0555555555555556,0.0,0.0030864197530864196,y,y,z,0.3801158290980461
272,-0.1666666666666666,0.0555555555555556,0.0,0.0030864197530864196,y,z,x,-1.3021218881833985
272,-0.1666666666666666,0.0555555555555556,0.0,0.0030864197530864196,y,z,y,-0.3504619883070103
272,-0.1666666666666666,0.0555555555555556,0.0,0.0030864197530864196,y,z,z,-0.4138528345142565
272,-0.1666666666666666,0.0555555555555556,0.0,0.0030864197530864196,z,x,x,-0.1439601189491003
272,-0.1666666666666666,0.0555555555555556,0.0,0.0030864197530864196,z,x,y,-0.6701181735863941
272,-0.1666666666666666,0.0555555555555556,0.0,0.0030864197530864196,z,x,z,0.6596599428108576
272,-0.1666666666666666,0.0555555555555556,0.0,0.0030864197530864196,z,y,x,-0.16167438431311526
272,-0.1666666666666666,0.0555555555555556,0.0,0.0030864197530864196,z,y,y,1.374760889919883
272,-0.1666666666666666,0.0555555555555556,0.0,0.0030864197530864196,z,y,z,0.20188254837864883
272,-0.1666666666666666,0.0555555555555556,0.0,0.0030864197530864196,z,z,x,0.42567196999396517
272,-0.1666666666666666,0.0555555555555556,0.0,0.0030864197530864196,z,z,y,1.6452763147465341
272,-0.1666666666666666,0.0555555555555556,0.0,0.0030864197530864196,z,z,z,-0.054188045808062336
273,-0.1666666666666666,0.1111111111111111,0.0,0.0030864197530864196,x,x,x,-0.5050127676987288
273,-0.1666666666666666,0.1111111111111111,0.0,0.0030864197530864196,x,x,y,0.10023426232335134
273,-0.1666666666666666,0.1111111111111111,0.0,0.0030864197530864196,x,x,z,-0.06146508261973039
273,-0.1666666666666666,0.1111111111111111,0.0,0.0030864197530864196,x,y,x,0.11307901669230239
273,-0.1666666666666666,0.1111111111111111,0.0,0.0030864197530864196,x,y,y,1.0564496798140939
273,-0.1666666666666666,0.1111111111111111,0.0,0.0030864197530864196,x,y,z,0.7054170095249228
273,-0.1666666666666666,0.1111111111111111,0.0,0.0030864197530864196,x,z,x,0.1226554465064369
273,-0.1666666666666666,0.1111111111111111,0.0,0.0030864197530864196,x,z,y,0.18687821406756677
273,-0.1666666666666666,0.1111111111111111,0.0,0.0030864197530864196,x,z,z,0.02527305337770583
273,-0.1666666666666666,0.1111111111111111,0.0,0.0030864197530864196,y,x,x,-0.5066488301821026
273,-0.1666666666666666,0.1111111111111111,0.0,0.0030864197530864196,y,x,y,-1.5289323753016997
273,-0.1666666666666666,0.1111111111111111,0.0,0.0030864197530864196,y,x,z,-1.137499103241844
273,-0.1666666666666666,0.1111111111111111,0.0,0.0030864197530864196,y,y,x,1.3949819072623357
273,-0.1666666666666666,0.1111111111111111,0.0,0.0030864197530864196,y,y,y,0.327006812621546
273,-0.1666666666666666,0.1111111111111111,0.0,0.0030864197530864196,y,y,z,-0.21656786442262896
273,-0.1666666666666666,0.1111111111111111,0.0,0.0030864197530864196,y,z,x,0.18800366152144649
273,-0.1666666666666666,0.1111111111111111,0.0,0.0030864197530864196,y,z,y,-0.04066598788231825
273,-0.1666666666666666,0.1111111111111111,0.0,0.0030864197530864196,y,z,z,-0.16339626843831923
273,-0.1666666666666666,0.1111111111111111,0.0,0.0030864197530864196,z,x,x,0.2549540712894478
273,-0.1666666666666666,0.1111111111111111,0.0,0.0030864197530864196,z,x,y,-0.3787015731366111
273,-0.1666666666666666,0.1111111111111111,0.0,0.0030864197530864196,z,x,z,0.4366390213568657
273,-0.1666666666666666,0.1111111111111111,0.0,0.0030864197530864196,z,y,x,0.2829688051336204
273,-0.1666666666666666,0.1111111111111111,0.0,0.0030864197530864196,z,y,y,0.1472283431169818
273,-0.1666666666666666,0.1111111111111111,0.0,0.0030864197530864196,z,y,z,-0.25092983329233914
273,-0.1666666666666666,0.1111111111111111,0.0,0.0030864197530864196,z,z,x,-0.1500452121046437
273,-0.1666666666666666,0.1111111111111111,0.0,0.0030864197530864196,z,z,y,0.2779491071440948
273,-0.1666666666666666,0.1111111111111111,0.0,0.0030864197530864196,z,z,z,-0.03230862972920323
274,-0.1666666666666666,0.1666666666666667,0.0,0.0030864197530864196,x,x,x,0.06665696382908624
274,-0.1666666666666666,0.1666666666666667,0.0,0.0030864197530864196,x,x,y,-0.6710972076438283
274,-0.1666666666666666,0.1666666666666667,0.0,0.0030864197530864196,x,x,z,0.16083740863507642
274,-0.1666666666666666,0.1666666666666667,0.0,0.0030864197530864196,x,y,x,0.7267995553738973
274,-0.1666666666666666,0.1666666666666667,0.0,0.0030864197530864196,x,y,y,0.12665977333470335
274,-0.1666666666666666,0.1666666666666667,0.0,0.0030864197530864196,x,y,z,0.8436319312878026
274,-0.1666666666666666,0.1666666666666667,0.0,0.0030864197530864196,x,z,x,0.09080290510403469
274,-0.1666666666666666,0.1666666666666667,0.0,0.0030864197530864196,x,z,y,-0.6703054733687863
274,-0.1666666666666666,0.1666666666666667,0.0,0.0030864197530864196,x,z,z,0.04267304120680624
274,-0.1666666666666666,0.1666666666666667,0.0,0.0030864197530864196,y,x,x,-0.1952708617535986
274,-0.1666666666666666,0.1666666666666667,0.0,0.0030864197530864196,y,x,y,-0.40567777712192976
274,-0.1666666666666666,0.1666666666666667,0.0,0.0030864197530864196,y,x,z,-1.0293312217594062
274,-0.1666666666666666,0.1666666666666667,0.0,0.0030864197530864196,y,y,x,0.401355322462682
274,-0.1666666666666666,0.1666666666666667,0.0,0.0030864197530864196,y,y,y,-0.13956534397996795
274,-0.1666666666666666,0.1666666666666667,0.0,0.0030864197530864196,y,y,z,-0.16083671171933603
274,-0.1666666666666666,0.1666666666666667,0.0,0.0030864197530864196,y,z,x,0.565426100709831
274,-0.1666666666666666,0.1666666666666667,0.0,0.0030864197530864196,y,z,y,-0.0908092157609061
274,-0.1666666666666666,0.1666666666666667,0.0,0.0030864197530864196,y,z,z,-0.07390685871126872
274,-0.1666666666666666,0.1666666666666667,0.0,0.0030864197530864196,z,x,x,0.12946642061598843
274,-0.1666666666666666,0.1666666666666667,0.0,0.0030864197530864196,z,x,y,-0.2066307969648472
274,-0.1666666666666666,0.1666666666666667,0.0,0.0030864197530864196,z,x,z,0.30568482445536643
274,-0.1666666666666666,0.1666666666666667,0.0,0.0030864197530864196,z,y,x,0.057127467876785486
274,-0.1666666666666666,0.1666666666666667,0.0,0.0030864197530864196,z,y,y,-0.12946865157036186
274,-0.1666666666666666,0.1666666666666667,0.0,0.0030864197530864196,z,y,z,-0.5295233030962314
274,-0.1666666666666666,0.1666666666666667,0.0,0.0030864197530864196,z,z,x,-0.1221308305471648
274,-0.1666666666666666,0.1666666666666667,0.0,0.0030864197530864196,z,z,y,0.2115835257472006
274,-0.1666666666666666,0.1666666666666667,0.0,0.0030864197530864196,z,z,z,-2.464403335033088e-06
275,-0.1666666666666666,0.2222222222222222,0.0,0.0030864197530864196,x,x,x,0.3103044822676629
275,-0.1666666666666666,0.2222222222222222,0.0,0.0030864197530864196,x,x,y,-0.5042449277026686
275,-0.1666666666666666,0.2222222222222222,0.0,0.0030864197530864196,x,x,z,0.19206857943933756
275,-0.1666666666666666,0.2222222222222222,0.0,0.0030864197530864196,x,y,x,0.5296624645416795
275,-0.1666666666666666,0.2222222222222222,0.0,0.0030864197530864196,x,y,y,-0.1292262465922866
275,-0.1666666666666666,0.2222222222222222,0.0,0.0030864197530864196,x,y,z,0.6955543426323217
275,-0.1666666666666666,0.2222222222222222,0.0,0.0030864197530864196,x,z,x,0.05902152976448452
275,-0.1666666666666666,0.2222222222222222,0.0,0.0030864197530864196,x,z,y,-0.9031168370330087
275,-0.1666666666666666,0.2222222222222222,0.0,0.0030864197530864196,x,z,z,0.025856008094828586
275,-0.1666666666666666,0.2222222222222222,0.0,0.0030864197530864196,y,x,x,-0.022744981604504225
275,-0.1666666666666666,0.2222222222222222,0.0,0.0030864197530864196,y,x,y,-0.33403351696391836
275,-0.1666666666666666,0.2222222222222222,0.0,0.0030864197530864196,y,x,z,-0.8454297614470181
275,-0.1666666666666666,0.2222222222222222,0.0,0.0030864197530864196,y,y,x,0.36063240737504343
275,-0.1666666666666666,0.2222222222222222,0.0,0.0030864197530864196,y,y,y,-0.21574765377764443
275,-0.1666666666666666,0.2222222222222222,0.0,0.0030864197530864196,y,y,z,-0.036431904283735585
275,-0.1666666666666666,0.2222222222222222,0.0,0.0030864197530864196,y,z,x,0.6093389425633161
275,-0.1666666666666666,0.2222222222222222,0.0,0.0030864197530864196,y,z,y,-0.17878003863435954
275,-0.1666666666666666,0.2222222222222222,0.0,0.0030864197530864196,y,z,z,-0.03402849874085948
275,-0.1666666666666666,0.2222222222222222,0.0,0.0030864197530864196,z,x,x,0.029896807295627714
275,-0.1666666666666666,0.2222222222222222,0.0,0.0030864197530864196,z,x,y,0.015819961663681128
275,-0.1666666666666666,0.2222222222222222,0.0,0.0030864197530864196,z,x,z,0.2615297186134737
275,-0.1666666666666666,0.2222222222222222,0.0,0.0030864197530864196,z,y,x,-0.2949427336097117
275,-0.1666666666666666,0.2222222222222222,0.0,0.0030864197530864196,z,y,y,-0.14888196309253807
275,-0.1666666666666666,0.2222222222222222,0.0,0.0030864197530864196,z,y,z,-0.5910944399779496
275,-0.1666666666666666,0.2222222222222222,0.0,0.0030864197530864196,z,z,x,-0.05201756250885492
275,-0.1666666666666666,0.2222222222222222,0.0,0.0030864197530864196,z,z,y,0.29460555955293677
275,-0.1666666666666666,0.2222222222222222,0.0,0.0030864197530864196,z,z,z,0.004134393581916824
276,-0.1666666666666666,0.2777777777777778,0.0,0.0030864197530864196,x,x,x,0.3951142830885747
276,-0.1666666666666666,0.2777777777777778,0.0,0.0030864197530864196,x,x,y,-0.2402043082447634
276,-0.1666666666666666,0.2777777777777778,0.0,0.0030864197530864196,x,x,z,0.15249818146310856
276,-0.1666666666666666,0.2777777777777778,0.0,0.0030864197530864196,x,y,x,0.2831847288079752
276,-0.1666666666666666,0.2777777777777778,0.0,0.0030864197530864196,x,y,y,-0.14875290443713082
276,-0.1666666666666666,0.2777777777777778,0.0,0.0030864197530864196,x,y,z,0.5119853964553209
276,-0.1666666666666666,0.2777777777777778,0.0,0.0030864197530864196,x,z,x,0.020672385759518762
276,-0.1666666666666666,0.2777777777777778,0.0,0.0030864197530864196,x,z,y,-0.9052568179584418
276,-0.1666666666666666,0.2777777777777778,0.0,0.0030864197530864196,x,z,z,-0.0030803507897897
276,-0.1666666666666666,0.2777777777777778,0.0,0.0030864197530864196,y,x,x,0.019318050816216195
276,-0.1666666666666666,0.2777777777777778,0.0,0.0030864197530864196,y,x,y,-0.5159496510948031
276,-0.1666666666666666,0.2777777777777778,0.0,0.0030864197530864196,y,x,z,-0.6527910627102163
276,-0.1666666666666666,0.2777777777777778,0.0,0.0030864197530864196,y,y,x,0.4871887184329499
276,-0.1666666666666666,0.2777777777777778,0.0,0.0030864197530864196,y,y,y,-0.16002278545983165
276,-0.1666666666666666,0.2777777777777778,0.0,0.0030864197530864196,y,y,z,0.025187206478085394
276,-0.1666666666666666,0.2777777777777778,0.0,0.0030864197530864196,y,z,x,0.5487124520513902
276,-0.1666666666666666,0.2777777777777778,0.0,0.0030864197530864196,y,z,y,-0.1876098300887677
276,-0.1666666666666666,0.2777777777777778,0.0,0.0030864197530864196,y,z,z,-0.021441389549685896
276,-0.1666666666666666,0.2777777777777778,0.0,0.0030864197530864196,z,x,x,-0.008153665516375504
276,-0.1666666666666666,0.2777777777777778,0.0,0.0030864197530864196,z,x,y,0.26214376270223466
276,-0.1666666666666666,0.2777777777777778,0.0,0.0030864197530864196,z,x,z,0.26428169961387793
276,-0.1666666666666666,0.2777777777777778,0.0,0.0030864197530864196,z,y,x,-0.6095272583464266
276,-0.1666666666666666,0.2777777777777778,0.0,0.0030864197530864196,z,y,y,-0.11073988498112718
276,-0.1666666666666666,0.2777777777777778,0.0,0.0030864197530864196,z,y,z,-0.46829767671474454
276,-0.1666666666666666,0.2777777777777778,0.0,0.0030864197530864196,z,z,x,0.0006212807926484281
276,-0.1666666666666666,0.2777777777777778,0.0,0.0030864197530864196,z,z,y,0.25625728888503463
276,-0.1666666666666666,0.2777777777777778,0.0,0.0030864197530864196,z,z,z,0.009551240871722638
277,-0.1666666666666666,0.3333333333333333,0.0,0.0030864197530864196,x,x,x,0.44091911057640015
277,-0.1666666666666666,0.3333333333333333,0.0,0.0030864197530864196,x,x,y,-0.08800178915492388
277,-0.1666666666666666,0.3333333333333333,0.0,0.0030864197530864196,x,x,z,0.09840689200687246
277,-0.1666666666666666,0.3333333333333333,0.0,0.0030864197530864196,x,y,x,0.160504884311436
277,-0.1666666666666666,0.3333333333333333,0.0,0.0030864197530864196,x,y,y,-0.10302639858619507
277,-0.1666666666666666,0.3333333333333333,0.0,0.0030864197530864196,x,y,z,0.37780781614371717
277,-0.1666666666666666,0.3333333333333333,0.0,0.0030864197530864196,x,z,x,0.005369261482832831
277,-0.1666666666666666,0.3333333333333333,0.0,0.0030864197530864196,x,z,y,-0.8295192440106923
277,-0.1666666666666666,0.3333333333333333,0.0,0.0030864197530864196,x,z,z,-0.021568535348559945
277,-0.1666666666666666,0.3333333333333333,0.0,0.0030864197530864196,y,x,x,0.020885629922664406
277,-0.1666666666666666,0.3333333333333333,0.0,0.0030864197530864196,y,x,y,-0.645865880546683
277,-0.1666666666666666,0.3333333333333333,0.0,0.0030864197530864196,y,x,z,-0.5118406873362061
277,-0.1666666666666666,0.3333333333333333,0.0,0.0030864197530864196,y,y,x,0.5489237664230745
277,-0.1666666666666666,0.3333333333333333,0.0,0.0030864197530864196,y,y,y,-0.09375865480869701
277,-0.1666666666666666,0.3333333333333333,0.0,0.0030864197530864196,y,y,z,0.05230542753787285
277,-0.1666666666666666,0.3333333333333333,0.0,0.0030864197530864196,y,z,x,0.46962129044711387
277,-0.1666666666666666,0.3333333333333333,0.0,0.0030864197530864196,y,z,y,-0.14570157587684668
277,-0.1666666666666666,0.3333333333333333,0.0,0.0030864197530864196,y,z,z,-0.02045799432797771
277,-0.1666666666666666,0.3333333333333333,0.0,0.0030864197530864196,z,x,x,-0.005499390764172536
277,-0.1666666666666666,0.3333333333333333,0.0,0.0030864197530864196,z,x,y,0.4236746713147174
277,-0.1666666666666666,0.3333333333333333,0.0,0.0030864197530864196,z,x,z,0.2864472031119028
277,-0.1666666666666666,0.3333333333333333,0.0,0.0030864197530864196,z,y,x,-0.8053477156358225
277,-0.1666666666666666,0.3333333333333333,0.0,0.0030864197530864196,z,y,y,-0.06621236537906139
277,-0.1666666666666666,0.3333333333333333,0.0,0.0030864197530864196,z,y,z,-0.2833984472996244
277,-0.1666666666666666,0.3333333333333333,0.0,0.0030864197530864196,z,z,x,0.016548902484714065
277,-0.1666666666666666,0.3333333333333333,0.0,0.0030864197530864196,z,z,y,0.1735402117719655
277,-0.1666666666666666,0.3333333333333333,0.0,0.0030864197530864196,z,z,z,0.0055438629206919715
278,-0.1666666666666666,0.3888888888888889,0.0,0.0030864197530864196,x,x,x,0.45707599328199955
278,-0.1666666666666666,0.3888888888888889,0.0,0.0030864197530864196,x,x,y,-0.018749004823791434
278,-0.1666666666666666,0.3888888888888889,0.0,0.0030864197530864196,x,x,z,0.031011230808065345
278,-0.1666666666666666,0.3888888888888889,0.0,0.0030864197530864196,x,y,x,0.041363256788639224
278,-0.1666666666666666,0.3888888888888889,0.0,0.0030864197530864196,x,y,y,-0.0797150204109795
278,-0.1666666666666666,0.3888888888888889,0.0,0.0030864197530864196,x,y,z,0.31981631648060865
278,-0.1666666666666666,0.3888888888888889,0.0,0.0030864197530864196,x,z,x,-0.0009565112485384727
278,-0.1666666666666666,0.3888888888888889,0.0,0.0030864197530864196,x,z,y,-0.7731179313845086
278,-0.1666666666666666,0.3888888888888889,0.0,0.0030864197530864196,x,z,z,-0.04217679849802258
278,-0.1666666666666666,0.3888888888888889,0.0,0.0030864197530864196,y,x,x,0.01097123337360359
278,-0.1666666666666666,0.3888888888888889,0.0,0.0030864197530864196,y,x,y,-0.6981090852733951
278,-0.1666666666666666,0.3888888888888889,0.0,0.0030864197530864196,y,x,z,-0.4425566859436112
278,-0.1666666666666666,0.3888888888888889,0.0,0.0030864197530864196,y,y,x,0.5898181673976975
278,-0.1666666666666666,0.3888888888888889,0.0,0.0030864197530864196,y,y,y,-0.025438260522105918
278,-0.1666666666666666,0.3888888888888889,0.0,0.0030864197530864196,y,y,z,0.024657560980902778
278,-0.1666666666666666,0.3888888888888889,0.0,0.0030864197530864196,y,z,x,0.449336667330861
278,-0.1666666666666666,0.3888888888888889,0.0,0.0030864197530864196,y,z,y,-0.04997553901033289
278,-0.1666666666666666,0.3888888888888889,0.0,0.0030864197530864196,y,z,z,-0.006060645968824827
278,-0.1666666666666666,0.3888888888888889,0.0,0.0030864197530864196,z,x,x,0.00013618763197427767
278,-0.1666666666666666,0.3888888888888889,0.0,0.0030864197530864196,z,x,y,0.48873584411646165
278,-0.1666666666666666,0.3888888888888889,0.0,0.0030864197530864196,z,x,z,0.31047264293668037
278,-0.1666666666666666,0.3888888888888889,0.0,0.0030864197530864196,z,y,x,-0.8559190851526494
278,-0.1666666666666666,0.3888888888888889,0.0,0.0030864197530864196,z,y,y,-0.0179479582421742
278,-0.1666666666666666,0.3888888888888889,0.0,0.0030864197530864196,z,y,z,-0.09438135645785473
278,-0.1666666666666666,0.3888888888888889,0.0,0.0030864197530864196,z,z,x,0.016560856063837538
278,-0.1666666666666666,0.3888888888888889,0.0,0.0030864197530864196,z,z,y,0.057355556005643155
278,-0.1666666666666666,0.3888888888888889,0.0,0.0030864197530864196,z,z,z,0.002479467768722236
279,-0.1666666666666666,0.4444444444444444,0.0,0.0030864197530864196,x,x,x,0.4570760974580225
279,-0.1666666666666666,0.4444444444444444,0.0,0.0030864197530864196,x,x,y,0.018750962700863634
279,-0.1666666666666666,0.4444444444444444,0.0,0.0030864197530864196,x,x,z,-0.031011125536013682
279,-0.1666666666666666,0.4444444444444444,0.0,0.0030864197530864196,x,y,x,-0.041368308756040736
279,-0.1666666666666666,0.4444444444444444,0.0,0.0030864197530864196,x,y,y,-0.0797150474386437
279,-0.1666666666666666,0.4444444444444444,0.0,0.0030864197530864196,x,y,z,0.3198166318495878
279,-0.1666666666666666,0.4444444444444444,0.0,0.0030864197530864196,x,z,x,0.0009572270857445936
279,-0.1666666666666666,0.4444444444444444,0.0,0.0030864197530864196,x,z,y,-0.7731184470785943
279,-0.1666666666666666,0.4444444444444444,0.0,0.0030864197530864196,x,z,z,-0.042176830055423456
279,-0.1666666666666666,0.4444444444444444,0.0,0.0030864197530864196,y,x,x,-0.010970441297899767
279,-0.1666666666666666,0.4444444444444444,0.0,0.0030864197530864196,y,x,y,-0.6981090154795702
279,-0.1666666666666666,0.4444444444444444,0.0,0.0030864197530864196,y,x,z,-0.4425567064240135
279,-0.1666666666666666,0.4444444444444444,0.0,0.0030864197530864196,y,y,x,0.5898179621563374
279,-0.1666666666666666,0.4444444444444444,0.0,0.0030864197530864196,y,y,y,0.025437939976560554
279,-0.1666666666666666,0.4444444444444444,0.0,0.0030864197530864196,y,y,z,-0.02465631750049935
279,-0.1666666666666666,0.4444444444444444,0.0,0.0030864197530864196,y,z,x,0.4493367031119612
279,-0.1666666666666666,0.4444444444444444,0.0,0.0030864197530864196,y,z,y,0.04997336344781159
279,-0.1666666666666666,0.4444444444444444,0.0,0.0030864197530864196,y,z,z,0.006060274207373455
279,-0.1666666666666666,0.4444444444444444,0.0,0.0030864197530864196,z,x,x,-0.00013582873537574955
279,-0.1666666666666666,0.4444444444444444,0.0,0.0030864197530864196,z,x,y,0.48873663154003155
279,-0.1666666666666666,0.4444444444444444,0.0,0.0030864197530864196,z,x,z,0.31047296182615525
279,-0.1666666666666666,0.4444444444444444,0.0,0.0030864197530864196,z,y,x,-0.8559199440050492
279,-0.1666666666666666,0.4444444444444444,0.0,0.0030864197530864196,z,y,y,0.017947832045781223
279,-0.1666666666666666,0.4444444444444444,0.0,0.0030864197530864196,z,y,z,0.09438255056233208
279,-0.1666666666666666,0.4444444444444444,0.0,0.0030864197530864196,z,z,x,0.01656058651165108
279,-0.1666666666666666,0.4444444444444444,0.0,0.0030864197530864196,z,z,y,-0.05735808192779619
279,-0.1666666666666666,0.4444444444444444,0.0,0.0030864197530864196,z,z,z,-0.0024794867312739064
280,-0.1666666666666666,0.5,0.0,0.0030864197530864196,x,x,x,0.44091947267445947
280,-0.1666666666666666,0.5,0.0,0.0030864197530864196,x,x,y,0.0880041356980888
280,-0.1666666666666666,0.5,0.0,0.0030864197530864196,x,x,z,-0.09840683858822183
280,-0.1666666666666666,0.5,0.0,0.0030864197530864196,x,y,x,-0.1605101426713431
280,-0.1666666666666666,0.5,0.0,0.0030864197530864196,x,y,y,-0.10302638612367018
280,-0.1666666666666666,0.5,0.0,0.0030864197530864196,x,y,z,0.37780868885104
280,-0.1666666666666666,0.5,0.0,0.0030864197530864196,x,z,x,-0.00536826665989514
280,-0.1666666666666666,0.5,0.0,0.0030864197530864196,x,z,y,-0.82952067543124
280,-0.1666666666666666,0.5,0.0,0.0030864197530864196,x,z,z,-0.02156856673907064
280,-0.1666666666666666,0.5,0.0,0.0030864197530864196,y,x,x,-0.0208848348819062
280,-0.1666666666666666,0.5,0.0,0.0030864197530864196,y,x,y,-0.6458653854814268
280,-0.1666666666666666,0.5,0.0,0.0030864197530864196,y,x,z,-0.5118406738310084
280,-0.1666666666666666,0.5,0.0,0.0030864197530864196,y,y,x,0.54892304537928
280,-0.1666666666666666,0.5,0.0,0.0030864197530864196,y,y,y,0.09375822284263517
280,-0.1666666666666666,0.5,0.0,0.0030864197530864196,y,y,z,-0.0523041693079046
280,-0.1666666666666666,0.5,0.0,0.0030864197530864196,y,z,x,0.4696214907048035
280,-0.1666666666666666,0.5,0.0,0.0030864197530864196,y,z,y,0.1456991756930785
280,-0.1666666666666666,0.5,0.0,0.0030864197530864196,y,z,z,0.020457634212845213
280,-0.1666666666666666,0.5,0.0,0.0030864197530864196,z,x,x,0.0054996617645228256
280,-0.1666666666666666,0.5,0.0,0.0030864197530864196,z,x,y,0.42367699333207304
280,-0.1666666666666666,0.5,0.0,0.0030864197530864196,z,x,z,0.2864480060307007
280,-0.1666666666666666,0.5,0.0,0.0030864197530864196,z,y,x,-0.8053503407407536
280,-0.1666666666666666,0.5,0.0,0.0030864197530864196,z,y,y,0.06621234518958773
280,-0.1666666666666666,0.5,0.0,0.0030864197530864196,z,y,z,0.28339978547629807
280,-0.1666666666666666,0.5,0.0,0.0030864197530864196,z,z,x,0.016548218327119744
280,-0.1666666666666666,0.5,0.0,0.0030864197530864196,z,z,y,-0.17354273489433555
280,-0.1666666666666666,0.5,0.0,0.0030864197530864196,z,z,z,-0.005543848965847087
281,-0.1666666666666666,-0.4444444444444444,0.0,0.0030864197530864196,x,x,x,0.39511437726468274
281,-0.1666666666666666,-0.4444444444444444,0.0,0.0030864197530864196,x,x,y,0.24020752159575873
281,-0.1666666666666666,-0.4444444444444444,0.0,0.0030864197530864196,x,x,z,-0.15249834856593777
281,-0.1666666666666666,-0.4444444444444444,0.0,0.0030864197530864196,x,y,x,-0.283190712737259
281,-0.1666666666666666,-0.4444444444444444,0.0,0.0030864197530864196,x,y,y,-0.1487529637835116
281,-0.1666666666666666,-0.4444444444444444,0.0,0.0030864197530864196,x,y,z,0.5119868213284922
281,-0.1666666666666666,-0.4444444444444444,0.0,0.0030864197530864196,x,z,x,-0.02067087879275972
281,-0.1666666666666666,-0.4444444444444444,0.0,0.0030864197530864196,x,z,y,-0.9052588334753896
281,-0.1666666666666666,-0.4444444444444444,0.0,0.0030864197530864196,x,z,z,-0.003080427007933967
281,-0.1666666666666666,-0.4444444444444444,0.0,0.0030864197530864196,y,x,x,-0.019317027401618544
281,-0.1666666666666666,-0.4444444444444444,0.0,0.0030864197530864196,y,x,y,-0.5159488360072243
281,-0.1666666666666666,-0.4444444444444444,0.0,0.0030864197530864196,y,x,z,-0.6527909522923877
281,-0.1666666666666666,-0.4444444444444444,0.0,0.0030864197530864196,y,y,x,0.4871872928704004
281,-0.1666666666666666,-0.4444444444444444,0.0,0.0030864197530864196,y,y,y,0.1600224841686319
281,-0.1666666666666666,-0.4444444444444444,0.0,0.0030864197530864196,y,y,z,-0.025185628866121808
281,-0.1666666666666666,-0.4444444444444444,0.0,0.0030864197530864196,y,z,x,0.5487124447522728
281,-0.1666666666666666,-0.4444444444444444,0.0,0.0030864197530864196,y,z,y,0.18760708700086975
281,-0.1666666666666666,-0.4444444444444444,0.0,0.0030864197530864196,y,z,z,0.021441088726802008
281,-0.1666666666666666,-0.4444444444444444,0.0,0.0030864197530864196,z,x,x,0.008153983869784037
281,-0.1666666666666666,-0.4444444444444444,0.0,0.0030864197530864196,z,x,y,0.2621478470123768
281,-0.1666666666666666,-0.4444444444444444,0.0,0.0030864197530864196,z,x,z,0.2642828264600348
281,-0.1666666666666666,-0.4444444444444444,0.0,0.0030864197530864196,z,y,x,-0.6095316933326661
281,-0.1666666666666666,-0.4444444444444444,0.0,0.0030864197530864196,z,y,y,0.11073981121287822
281,-0.1666666666666666,-0.4444444444444444,0.0,0.0030864197530864196,z,y,z,0.4682988756146098
281,-0.1666666666666666,-0.4444444444444444,0.0,0.0030864197530864196,z,z,x,0.0006199109649635849
281,-0.1666666666666666,-0.4444444444444444,0.0,0.0030864197530864196,z,z,y,-0.25625968551762973
281,-0.1666666666666666,-0.4444444444444444,0.0,0.0030864197530864196,z,z,z,-0.009551302306598893
282,-0.1666666666666666,-0.3888888888888888,0.0,0.0030864197530864196,x,x,x,0.3103041028638274
282,-0.1666666666666666,-0.3888888888888888,0.0,0.0030864197530864196,x,x,y,0.5042483409762493
282,-0.1666666666666666,-0.3888888888888888,0.0,0.0030864197530864196,x,x,z,-0.19206918257980213
282,-0.1666666666666666,-0.3888888888888888,0.0,0.0030864197530864196,x,y,x,-0.5296679816167299
282,-0.1666666666666666,-0.3888888888888888,0.0,0.0030864197530864196,x,y,y,-0.129226453320881
282,-0.1666666666666666,-0.3888888888888888,0.0,0.0030864197530864196,x,y,z,0.6955557841367415
282,-0.1666666666666666,-0.3888888888888888,0.0,0.0030864197530864196,x,z,x,-0.05901943414458441
282,-0.1666666666666666,-0.3888888888888888,0.0,0.0030864197530864196,x,z,y,-0.9031185466310723
282,-0.1666666666666666,-0.3888888888888888,0.0,0.0030864197530864196,x,z,z,0.025855973292713864
282,-0.1666666666666666,-0.3888888888888888,0.0,0.0030864197530864196,y,x,x,0.022746142569231322
282,-0.1666666666666666,-0.3888888888888888,0.0,0.0030864197530864196,y,x,y,-0.3340325714880432
282,-0.1666666666666666,-0.3888888888888888,0.0,0.0030864197530864196,y,x,z,-0.8454292934016979
282,-0.1666666666666666,-0.3888888888888888,0.0,0.0030864197530864196,y,y,x,0.36063031623208675
282,-0.1666666666666666,-0.3888888888888888,0.0,0.0030864197530864196,y,y,y,0.21574785320607026
282,-0.1666666666666666,-0.3888888888888888,0.0,0.0030864197530864196,y,y,z,0.036433957923463205
282,-0.1666666666666666,-0.3888888888888888,0.0,0.0030864197530864196,y,z,x,0.6093387865293804
282,-0.1666666666666666,-0.3888888888888888,0.0,0.0030864197530864196,y,z,y,0.17877693826689922
282,-0.1666666666666666,-0.3888888888888888,0.0,0.0030864197530864196,y,z,z,0.03402806501523878
282,-0.1666666666666666,-0.3888888888888888,0.0,0.0030864197530864196,z,x,x,-0.029896598762121356
282,-0.1666666666666666,-0.3888888888888888,0.0,0.0030864197530864196,z,x,y,0.01582604183974926
282,-0.1666666666666666,-0.3888888888888888,0.0,0.0030864197530864196,z,x,z,0.26153093398368277
282,-0.1666666666666666,-0.3888888888888888,0.0,0.0030864197530864196,z,y,x,-0.2949492417916371
282,-0.1666666666666666,-0.3888888888888888,0.0,0.0030864197530864196,z,y,y,0.14888147684290406
282,-0.1666666666666666,-0.3888888888888888,0.0,0.0030864197530864196,z,y,z,0.5910953006050657
282,-0.1666666666666666,-0.3888888888888888,0.0,0.0030864197530864196,z,z,x,-0.052019045684304516
282,-0.1666666666666666,-0.3888888888888888,0.0,0.0030864197530864196,z,z,y,-0.29460787079109046
282,-0.1666666666666666,-0.3888888888888888,0.0,0.0030864197530864196,z,z,z,-0.004134566675512456
283,-0.1666666666666666,-0.3333333333333334,0.0,0.0030864197530864196,x,x,x,0.06665623950575125
283,-0.1666666666666666,-0.3333333333333334,0.0,0.0030864197530864196,x,x,y,0.671101147139569
283,-0.1666666666666666,-0.3333333333333334,0.0,0.0030864197530864196,x,x,z,-0.16083870747038317
283,-0.1666666666666666,-0.3333333333333334,0.0,0.0030864197530864196,x,y,x,-0.726804924498483
283,-0.1666666666666666,-0.3333333333333334,0.0,0.0030864197530864196,x,y,y,0.12665849660852962
283,-0.1666666666666666,-0.3333333333333334,0.0,0.0030864197530864196,x,y,z,0.8436329937500143
283,-0.1666666666666666,-0.3333333333333334,0.0,0.0030864197530864196,x,z,x,-0.09079956484246982
283,-0.1666666666666666,-0.3333333333333334,0.0,0.0030864197530864196,x,z,y,-0.6703072021810089
283,-0.1666666666666666,-0.3333333333333334,0.0,0.0030864197530864196,x,z,z,0.042672919297279226
283,-0.1666666666666666,-0.3333333333333334,0.0,0.0030864197530864196,y,x,x,0.19527117154186513
283,-0.1666666666666666,-0.3333333333333334,0.0,0.0030864197530864196,y,x,y,-0.4056770289248789
283,-0.1666666666666666,-0.3333333333333334,0.0,0.0030864197530864196,y,x,z,-1.0293306092445351
283,-0.1666666666666666,-0.3333333333333334,0.0,0.0030864197530864196,y,y,x,0.40135406599567525
283,-0.1666666666666666,-0.3333333333333334,0.0,0.0030864197530864196,y,y,y,0.13956711716798575
283,-0.1666666666666666,-0.3333333333333334,0.0,0.0030864197530864196,y,y,z,0.1608387953546407
283,-0.1666666666666666,-0.3333333333333334,0.0,0.0030864197530864196,y,z,x,0.5654261791357934
283,-0.1666666666666666,-0.3333333333333334,0.0,0.0030864197530864196,y,z,y,0.09080613232187394
283,-0.1666666666666666,-0.3333333333333334,0.0,0.0030864197530864196,y,z,z,0.07390637692489885
283,-0.1666666666666666,-0.3333333333333334,0.0,0.0030864197530864196,z,x,x,-0.1294666007495913
283,-0.1666666666666666,-0.3333333333333334,0.0,0.0030864197530864196,z,x,y,-0.20662142579474999
283,-0.1666666666666666,-0.3333333333333334,0.0,0.0030864197530864196,z,x,z,0.30568599529626683
283,-0.1666666666666666,-0.3333333333333334,0.0,0.0030864197530864196,z,y,x,0.05711710708078881
283,-0.1666666666666666,-0.3333333333333334,0.0,0.0030864197530864196,z,y,y,0.1294676330350606
283,-0.1666666666666666,-0.3333333333333334,0.0,0.0030864197530864196,z,y,z,0.5295241312407014
283,-0.1666666666666666,-0.3333333333333334,0.0,0.0030864197530864196,z,z,x,-0.12213248253772432
283,-0.1666666666666666,-0.3333333333333334,0.0,0.0030864197530864196,z,z,y,-0.2115858770120945
283,-0.1666666666666666,-0.3333333333333334,0.0,0.0030864197530864196,z,z,z,2.444502412845145e-06
284,-0.1666666666666666,-0.2777777777777778,0.0,0.0030864197530864196,x,x,x,-0.5050121637147749
284,-0.1666666666666666,-0.2777777777777778,0.0,0.0030864197530864196,x,x,y,-0.1002245696127433
284,-0.1666666666666666,-0.2777777777777778,0.0,0.0030864197530864196,x,x,z,0.061462560913876745
284,-0.1666666666666666,-0.2777777777777778,0.0,0.0030864197530864196,x,y,x,-0.11309161926390399
284,-0.1666666666666666,-0.2777777777777778,0.0,0.0030864197530864196,x,y,y,1.0564436114921871
284,-0.1666666666666666,-0.2777777777777778,0.0,0.0030864197530864196,x,y,z,0.7054184329282965
284,-0.1666666666666666,-0.2777777777777778,0.0,0.0030864197530864196,x,z,x,-0.12265051663666182
284,-0.1666666666666666,-0.2777777777777778,0.0,0.0030864197530864196,x,z,y,0.18687271205892755
284,-0.1666666666666666,-0.2777777777777778,0.0,0.0030864197530864196,x,z,z,0.02527293620216167
284,-0.1666666666666666,-0.2777777777777778,0.0,0.0030864197530864196,y,x,x,0.5066475584942316
284,-0.1666666666666666,-0.2777777777777778,0.0,0.0030864197530864196,y,x,y,-1.5289272848581237
284,-0.1666666666666666,-0.2777777777777778,0.0,0.0030864197530864196,y,x,z,-1.137499167752033
284,-0.1666666666666666,-0.2777777777777778,0.0,0.0030864197530864196,y,y,x,1.394979497765526
284,-0.1666666666666666,-0.2777777777777778,0.0,0.0030864197530864196,y,y,y,-0.32700000552270886
284,-0.1666666666666666,-0.2777777777777778,0.0,0.0030864197530864196,y,y,z,0.2165695452204367
284,-0.1666666666666666,-0.2777777777777778,0.0,0.0030864197530864196,y,z,x,0.18800643255332028
284,-0.1666666666666666,-0.2777777777777778,0.0,0.0030864197530864196,y,z,y,0.04066435832794827
284,-0.1666666666666666,-0.2777777777777778,0.0,0.0030864197530864196,y,z,z,0.16339565213976354
284,-0.1666666666666666,-0.2777777777777778,0.0,0.0030864197530864196,z,x,x,-0.2549550076372358
284,-0.1666666666666666,-0.2777777777777778,0.0,0.0030864197530864196,z,x,y,-0.37868486973235665
284,-0.1666666666666666,-0.2777777777777778,0.0,0.0030864197530864196,z,x,z,0.43664026100542247
284,-0.1666666666666666,-0.2777777777777778,0.0,0.0030864197530864196,z,y,x,0.28295340733982527
284,-0.1666666666666666,-0.2777777777777778,0.0,0.0030864197530864196,z,y,y,-0.14722943061846142
284,-0.1666666666666666,-0.2777777777777778,0.0,0.0030864197530864196,z,y,z,0.2509321560431517
284,-0.1666666666666666,-0.2777777777777778,0.0,0.0030864197530864196,z,z,x,-0.15004728458810968
284,-0.1666666666666666,-0.2777777777777778,0.0,0.0030864197530864196,z,z,y,-0.27795245349109343
284,-0.1666666666666666,-0.2777777777777778,0.0,0.0030864197530864196,z,z,z,0.03230865918532635
285,-0.1666666666666666,-0.2222222222222222,0.0,0.0030864197530864196,x,x,x,-1.5992772695564268
285,-0.1666666666666666,-0.2222222222222222,0.0,0.0030864197530864196,x,x,y,-5.148959776607526
285,-0.1666666666666666,-0.2222222222222222,0.0,0.0030864197530864196,x,x,z,0.9487650762717854
285,-0.1666666666666666,-0.2222222222222222,0.0,0.0030864197530864196,x,y,x,4.36076802094067
285,-0.1666666666666666,-0.2222222222222222,0.0,0.0030864197530864196,x,y,y,3.5221970984248396
285,-0.1666666666666666,-0.2222222222222222,0.0,0.0030864197530864196,x,y,z,-0.5684267813349027
285,-0.1666666666666666,-0.2222222222222222,0.0,0.0030864197530864196,x,z,x,-0.47798847745120343
285,-0.1666666666666666,-0.2222222222222222,0.0,0.0030864197530864196,x,z,y,2.9241923158611423
285,-0.1666666666666666,-0.2222222222222222,0.0,0.0030864197530864196,x,z,z,-0.13437438623455758
285,-0.1666666666666666,-0.2222222222222222,0.0,0.0030864197530864196,y,x,x,0.4061365953042023
285,-0.1666666666666666,-0.2222222222222222,0.0,0.0030864197530864196,y,x,y,-5.106125402139997
285,-0.1666666666666666,-0.2222222222222222,0.0,0.0030864197530864196,y,x,z,-0.8504738428661345
285,-0.1666666666666666,-0.2222222222222222,0.0,0.0030864197530864196,y,y,x,5.806106828463752
285,-0.1666666666666666,-0.2222222222222222,0.0,0.0030864197530864196,y,y,y,-1.9142918239368554
285,-0.1666666666666666,-0.2222222222222222,0.0,0.0030864197530864196,y,y,z,-0.38011280463206204
285,-0.1666666666666666,-0.2222222222222222,0.0,0.0030864197530864196,y,z,x,-1.3021100377978407
285,-0.1666666666666666,-0.2222222222222222,0.0,0.0030864197530864196,y,z,y,0.3504608253301478
285,-0.1666666666666666,-0.2222222222222222,0.0,0.0030864197530864196,y,z,z,0.41385156663221945
285,-0.1666666666666666,-0.2222222222222222,0.0,0.0030864197530864196,z,x,x,0.14395315468098374
285,-0.1666666666666666,-0.2222222222222222,0.0,0.0030864197530864196,z,x,y,-0.6700810704119142
285,-0.1666666666666666,-0.2222222222222222,0.0,0.0030864197530864196,z,x,z,0.6596607096299955
285,-0.1666666666666666,-0.2222222222222222,0.0,0.0030864197530864196,z,y,x,-0.16169122680708262
285,-0.1666666666666666,-0.2222222222222222,0.0,0.0030864197530864196,z,y,y,-1.374755775656658
285,-0.1666666666666666,-0.2222222222222222,0.0,0.0030864197530864196,z,y,z,-0.2018777210089149
285,-0.1666666666666666,-0.2222222222222222,0.0,0.0030864197530864196,z,z,x,0.42566849103437093
285,-0.1666666666666666,-0.2222222222222222,0.0,0.0030864197530864196,z,z,y,-1.6452765826879485
285,-0.1666666666666666,-0.2222222222222222,0.0,0.0030864197530864196,z,z,z,0.05418820769447184
286,-0.1666666666666666,-0.1666666666666666,0.0,0.0030864197530864196,x,x,x,-1.6047086513698423
286,-0.1666666666666666,-0.1666666666666666,0.0,0.0030864197530864196,x,x,y,-14.657575877071265
286,-0.1666666666666666,-0.1666666666666666,0.0,0.0030864197530864196,x,x,z,2.2650085868809864
286,-0.1666666666666666,-0.1666666666666666,0.0,0.0030864197530864196,x,y,x,13.19537907946808
286,-0.1666666666666666,-0.1666666666666666,0.0,0.0030864197530864196,x,y,y,5.5152885481537055
286,-0.1666666666666666,-0.1666666666666666,0.0,0.0030864197530864196,x,y,z,-2.79132339220097
286,-0.1666666666666666,-0.1666666666666666,0.0,0.0030864197530864196,x,z,x,-1.275819412864706
286,-0.1666666666666666,-0.1666666666666666,0.0,0.0030864197530864196,x,z,y,6.121950818270746
286,-0.1666666666666666,-0.1666666666666666,0.0,0.0030864197530864196,x,z,z,-0.49112895465950873
286,-0.1666666666666666,-0.1666666666666666,0.0,0.0030864197530864196,y,x,x,-2.6554938403045356
286,-0.1666666666666666,-0.1666666666666666,0.0,0.0030864197530864196,y,x,y,-3.636201409810461
286,-0.1666666666666666,-0.1666666666666666,0.0,0.0030864197530864196,y,x,z,0.17600500271658995
286,-0.1666666666666666,-0.1666666666666666,0.0,0.0030864197530864196,y,y,x,12.444505007543876
286,-0.1666666666666666,-0.1666666666666666,0.0,0.0030864197530864196,y,y,y,-4.117735943712435
286,-0.1666666666666666,-0.1666666666666666,0.0,0.0030864197530864196,y,y,z,-2.26511587427006
286,-0.1666666666666666,-0.1666666666666666,0.0,0.0030864197530864196,y,z,x,-4.648829184182461
286,-0.1666666666666666,-0.1666666666666666,0.0,0.0030864197530864196,y,z,y,1.2758780482486478
286,-0.1666666666666666,-0.1666666666666666,0.0,0.0030864197530864196,y,z,z,0.8506354282929568
286,-0.1666666666666666,-0.1666666666666666,0.0,0.0030864197530864196,z,x,x,2.6646097619893596
286,-0.1666666666666666,-0.1666666666666666,0.0,0.0030864197530864196,z,x,y,1.4394851281935128
286,-0.1666666666666666,-0.1666666666666666,0.0,0.0030864197530864196,z,x,z,0.2957965411218231
286,-0.1666666666666666,-0.1666666666666666,0.0,0.0030864197530864196,z,y,x,-4.5163284523135125
286,-0.1666666666666666,-0.1666666666666666,0.0,0.0030864197530864196,z,y,y,-2.6646872584582435
286,-0.1666666666666666,-0.1666666666666666,0.0,0.0030864197530864196,z,y,z,-0.5124101171604796
286,-0.1666666666666666,-0.1666666666666666,0.0,0.0030864197530864196,z,z,x,2.756349771933423
286,-0.1666666666666666,-0.1666666666666666,0.0,0.0030864197530864196,z,z,y,-4.7741226683577604
286,-0.1666666666666666,-0.1666666666666666,0.0,0.0030864197530864196,z,z,z,2.0701405558069743e-05
287,-0.1666666666666666,-0.1111111111111112,0.0,0.0030864197530864196,x,x,x,-1.0410101486956784
287,-0.1666666666666666,-0.1111111111111112,0.0,0.0030864197530864196,x,x,y,-5.146486525292044
287,-0.1666666666666666,-0.1111111111111112,0.0,0.0030864197530864196,x,x,z,0.7698411207183369
287,-0.1666666666666666,-0.1111111111111112,0.0,0.0030864197530864196,x,y,x,4.929748120681933
287,-0.1666666666666666,-0.1111111111111112,0.0,0.0030864197530864196,x,y,y,3.3498712135533366
287,-0.1666666666666666,-0.1111111111111112,0.0,0.0030864197530864196,x,y,z,-0.3178013791295474
287,-0.1666666666666666,-0.1111111111111112,0.0,0.0030864197530864196,x,z,x,-0.4473870019547427
287,-0.1666666666666666,-0.1111111111111112,0.0,0.0030864197530864196,x,z,y,2.384770757063652
287,-0.1666666666666666,-0.1111111111111112,0.0,0.0030864197530864196,x,z,z,-0.37860561212582794
287,-0.1666666666666666,-0.1111111111111112,0.0,0.0030864197530864196,y,x,x,-1.8216590470093548
287,-0.1666666666666666,-0.1111111111111112,0.0,0.0030864197530864196,y,x,y,4.635124342902318
287,-0.1666666666666666,-0.1111111111111112,0.0,0.0030864197530864196,y,x,z,-0.7305028155253473
287,-0.1666666666666666,-0.1111111111111112,0.0,0.0030864197530864196,y,y,x,7.720766399525088
287,-0.1666666666666666,-0.1111111111111112,0.0,0.0030864197530864196,y,y,y,-1.422435395426703
287,-0.1666666666666666,-0.1111111111111112,0.0,0.0030864197530864196,y,y,z,-0.9656894496985565
287,-0.1666666666666666,-0.1111111111111112,0.0,0.0030864197530864196,y,z,x,-4.457950549241528
287,-0.1666666666666666,-0.1111111111111112,0.0,0.0030864197530864196,y,z,y,0.560804632535843
287,-0.1666666666666666,-0.1111111111111112,0.0,0.0030864197530864196,y,z,z,0.3600176626209354
287,-0.1666666666666666,-0.1111111111111112,0.0,0.0030864197530864196,z,x,x,1.4399843257755134
287,-0.1666666666666666,-0.1111111111111112,0.0,0.0030864197530864196,z,x,y,5.557426943857102
287,-0.1666666666666666,-0.1111111111111112,0.0,0.0030864197530864196,z,x,z,-0.05516915707753082
287,-0.1666666666666666,-0.1111111111111112,0.0,0.0030864197530864196,z,y,x,-7.536157748524394
287,-0.1666666666666666,-0.1111111111111112,0.0,0.0030864197530864196,z,y,y,-0.5499928881232938
287,-0.1666666666666666,-0.1111111111111112,0.0,0.0030864197530864196,z,y,z,-0.2730799244580157
287,-0.1666666666666666,-0.1111111111111112,0.0,0.0030864197530864196,z,z,x,2.0679764138357557
287,-0.1666666666666666,-0.1111111111111112,0.0,0.0030864197530864196,z,z,y,-1.5965065251403343
287,-0.1666666666666666,-0.1111111111111112,0.0,0.0030864197530864196,z,z,z,-0.023286069621950775
288,-0.1666666666666666,-0.0555555555555556,0.0,0.0030864197530864196,x,x,x,-1.0410106325503186
288,-0.1666666666666666,-0.0555555555555556,0.0,0.0030864197530864196,x,x,y,5.146506389410731
288,-0.1666666666666666,-0.0555555555555556,0.0,0.0030864197530864196,x,x,z,-0.7698283475948358
288,-0.1666666666666666,-0.0555555555555556,0.0,0.0030864197530864196,x,y,x,-4.9297076266682085
288,-0.1666666666666666,-0.0555555555555556,0.0,0.0030864197530864196,x,y,y,3.3498603268557083
288,-0.1666666666666666,-0.0555555555555556,0.0,0.0030864197530864196,x,y,z,-0.31778955444638807
288,-0.1666666666666666,-0.0555555555555556,0.0,0.0030864197530864196,x,z,x,0.447361116604314
288,-0.1666666666666666,-0.0555555555555556,0.0,0.0030864197530864196,x,z,y,2.3847579107763
288,-0.1666666666666666,-0.0555555555555556,0.0,0.0030864197530864196,x,z,z,-0.3786051082732821
288,-0.1666666666666666,-0.0555555555555556,0.0,0.0030864197530864196,y,x,x,1.821644475801083
288,-0.1666666666666666,-0.0555555555555556,0.0,0.0030864197530864196,y,x,y,4.63511165373386
288,-0.1666666666666666,-0.0555555555555556,0.0,0.0030864197530864196,y,x,z,-0.7305090129307428
288,-0.1666666666666666,-0.0555555555555556,0.0,0.0030864197530864196,y,y,x,7.720738378979801
288,-0.1666666666666666,-0.0555555555555556,0.0,0.0030864197530864196,y,y,y,1.4224468192496238
288,-0.1666666666666666,-0.0555555555555556,0.0,0.0030864197530864196,y,y,z,0.9656806137148775
288,-0.1666666666666666,-0.0555555555555556,0.0,0.0030864197530864196,y,z,x,-4.457945628838292
288,-0.1666666666666666,-0.0555555555555556,0.0,0.0030864197530864196,y,z,y,-0.5608060320886848
288,-0.1666666666666666,-0.0555555555555556,0.0,0.0030864197530864196,y,z,z,-0.36001501023591537
288,-0.1666666666666666,-0.0555555555555556,0.0,0.0030864197530864196,z,x,x,-1.4399434431842495
288,-0.1666666666666666,-0.0555555555555556,0.0,0.0030864197530864196,z,x,y,5.557402216320266
288,-0.1666666666666666,-0.0555555555555556,0.0,0.0030864197530864196,z,x,z,-0.05516606575336188
288,-0.1666666666666666,-0.0555555555555556,0.0,0.0030864197530864196,z,y,x,-7.536149365350209
288,-0.1666666666666666,-0.0555555555555556,0.0,0.0030864197530864196,z,y,y,0.5499813373519912
288,-0.1666666666666666,-0.0555555555555556,0.0,0.0030864197530864196,z,y,z,0.27306825888999686
288,-0.1666666666666666,-0.0555555555555556,0.0,0.0030864197530864196,z,z,x,2.06796768505284
288,-0.1666666666666666,-0.0555555555555556,0.0,0.0030864197530864196,z,z,y,1.596500276028429
288,-0.1666666666666666,-0.0555555555555556,0.0,0.0030864197530864196,z,z,z,0.023287462219807684
289,-0.1111111111111112,0.0,0.0,0.0030864197530864196,x,x,x,-6.400914519602303
289,-0.1111111111111112,0.0,0.0,0.0030864197530864196,x,x,y,12.53515259526616
289,-0.1111111111111112,0.0,0.0,0.0030864197530864196,x,x,z,-2.4470419980562603
289,-0.1111111111111112,0.0,0.0,0.0030864197530864196,x,y,x,-9.298858877546508
289,-0.1111111111111112,0.0,0.0,0.0030864197530864196,x,y,y,13.469134144369757
289,-0.1111111111111112,0.0,0.0,0.0030864197530864196,x,y,z,-2.9082506093136917
289,-0.1111111111111112,0.0,0.0,0.0030864197530864196,x,z,x,-0.459188379923757
289,-0.1111111111111112,0.0,0.0,0.0030864197530864196,x,z,y,7.166866289559613
289,-0.1111111111111112,0.0,0.0,0.0030864197530864196,x,z,z,-0.6128041474353086
289,-0.1111111111111112,0.0,0.0,0.0030864197530864196,y,x,x,4.503108688158344
289,-0.1111111111111112,0.0,0.0,0.0030864197530864196,y,x,y,5.500605310353321
289,-0.1111111111111112,0.0,0.0,0.0030864197530864196,y,x,z,0.08265255978678172
289,-0.1111111111111112,0.0,0.0,0.0030864197530864196,y,y,x,18.10625928264121
289,-0.1111111111111112,0.0,0.0,0.0030864197530864196,y,y,y,7.739391215409238
289,-0.1111111111111112,0.0,0.0,0.0030864197530864196,y,y,z,2.4470646251519477
289,-0.1111111111111112,0.0,0.0,0.0030864197530864196,y,z,x,-7.697131289912297
289,-0.1111111111111112,0.0,0.0,0.0030864197530864196,y,z,y,0.4591411237235089
289,-0.1111111111111112,0.0,0.0,0.0030864197530864196,y,z,z,-1.0614031309159184
289,-0.1111111111111112,0.0,0.0,0.0030864197530864196,z,x,x,-2.5303639398370787
289,-0.1111111111111112,0.0,0.0,0.0030864197530864196,z,x,y,18.7739455086626
289,-0.1111111111111112,0.0,0.0,0.0030864197530864196,z,x,z,0.030595628067994266
289,-0.1111111111111112,0.0,0.0,0.0030864197530864196,z,y,x,-21.695852161615445
289,-0.1111111111111112,0.0,0.0,0.0030864197530864196,z,y,y,2.5303824284357512
289,-0.1111111111111112,0.0,0.0,0.0030864197530864196,z,y,z,0.0529985851190926
289,-0.1111111111111112,0.0,0.0,0.0030864197530864196,z,z,x,3.457523073420865
289,-0.1111111111111112,0.0,0.0,0.0030864197530864196,z,z,y,5.988586185042154
289,-0.1111111111111112,0.0,0.0,0.0030864197530864196,z,z,z,-6.765427908232438e-06
290,-0.1111111111111112,0.0555555555555556,0.0,0.0030864197530864196,x,x,x,-4.394343805437547
290,-0.1111111111111112,0.0555555555555556,0.0,0.0030864197530864196,x,x,y,5.402967008192121
290,-0.1111111111111112,0.0555555555555556,0.0,0.0030864197530864196,x,x,z,-0.9857630905630752
290,-0.1111111111111112,0.0555555555555556,0.0,0.0030864197530864196,x,y,x,-2.307599559720536
290,-0.1111111111111112,0.0555555555555556,0.0,0.0030864197530864196,x,y,y,6.049434667103646
290,-0.1111111111111112,0.0555555555555556,0.0,0.0030864197530864196,x,y,z,-0.28308281154437304
290,-0.1111111111111112,0.0555555555555556,0.0,0.0030864197530864196,x,z,x,-0.5889323436410595
290,-0.1111111111111112,0.0555555555555556,0.0,0.0030864197530864196,x,z,y,4.376269566104619
290,-0.1111111111111112,0.0555555555555556,0.0,0.0030864197530864196,x,z,z,-0.12249061290479474
290,-0.1111111111111112,0.0555555555555556,0.0,0.0030864197530864196,y,x,x,-0.04489318108652219
290,-0.1111111111111112,0.0555555555555556,0.0,0.0030864197530864196,y,x,y,-0.44012046731018517
290,-0.1111111111111112,0.0555555555555556,0.0,0.0030864197530864196,y,x,z,-0.6957081378863761
290,-0.1111111111111112,0.0555555555555556,0.0,0.0030864197530864196,y,y,x,6.74328033196183
290,-0.1111111111111112,0.0555555555555556,0.0,0.0030864197530864196,y,y,y,3.6664901995441355
290,-0.1111111111111112,0.0555555555555556,0.0,0.0030864197530864196,y,y,z,0.7899649048738708
290,-0.1111111111111112,0.0555555555555556,0.0,0.0030864197530864196,y,z,x,-2.4666092347385455
290,-0.1111111111111112,0.0555555555555556,0.0,0.0030864197530864196,y,z,y,0.7023326101142531
290,-0.1111111111111112,0.0555555555555556,0.0,0.0030864197530864196,y,z,z,-0.5078875854615266
290,-0.1111111111111112,0.0555555555555556,0.0,0.0030864197530864196,z,x,x,-0.9092991322296009
290,-0.1111111111111112,0.0555555555555556,0.0,0.0030864197530864196,z,x,y,6.179861930210331
290,-0.1111111111111112,0.0555555555555556,0.0,0.0030864197530864196,z,x,z,0.2640560400221047
290,-0.1111111111111112,0.0555555555555556,0.0,0.0030864197530864196,z,y,x,-6.9138718341568115
290,-0.1111111111111112,0.0555555555555556,0.0,0.0030864197530864196,z,y,y,1.7993194622071689
290,-0.1111111111111112,0.0555555555555556,0.0,0.0030864197530864196,z,y,z,0.08880560567893749
290,-0.1111111111111112,0.0555555555555556,0.0,0.0030864197530864196,z,z,x,0.34864110963089884
290,-0.1111111111111112,0.0555555555555556,0.0,0.0030864197530864196,z,z,y,2.589152076706325
290,-0.1111111111111112,0.0555555555555556,0.0,0.0030864197530864196,z,z,z,-0.023296946110642428
291,-0.1111111111111112,0.1111111111111111,0.0,0.0030864197530864196,x,x,x,-1.90568271108456
291,-0.1111111111111112,0.1111111111111111,0.0,0.0030864197530864196,x,x,y,0.6151179966066134
291,-0.1111111111111112,0.1111111111111111,0.0,0.0030864197530864196,x,x,z,0.07986580586976495
291,-0.1111111111111112,0.1111111111111111,0.0,0.0030864197530864196,x,y,x,1.3526502573709382
291,-0.1111111111111112,0.1111111111111111,0.0,0.0030864197530864196,x,y,y,1.917049264769743
291,-0.1111111111111112,0.1111111111111111,0.0,0.0030864197530864196,x,y,z,0.8859168789466708
291,-0.1111111111111112,0.1111111111111111,0.0,0.0030864197530864196,x,z,x,-0.4138515245881238
291,-0.1111111111111112,0.1111111111111111,0.0,0.0030864197530864196,x,z,y,1.1907767862906466
291,-0.1111111111111112,0.1111111111111111,0.0,0.0030864197530864196,x,z,z,0.12417697450600595
291,-0.1111111111111112,0.1111111111111111,0.0,0.0030864197530864196,y,x,x,-0.993723950411237
291,-0.1111111111111112,0.1111111111111111,0.0,0.0030864197530864196,y,x,y,0.5623759474645037
291,-0.1111111111111112,0.1111111111111111,0.0,0.0030864197530864196,y,x,z,-0.978129446422089
291,-0.1111111111111112,0.1111111111111111,0.0,0.0030864197530864196,y,y,x,0.9881678212297407
291,-0.1111111111111112,0.1111111111111111,0.0,0.0030864197530864196,y,y,y,0.9740483607624714
291,-0.1111111111111112,0.1111111111111111,0.0,0.0030864197530864196,y,y,z,-0.07986602950348765
291,-0.1111111111111112,0.1111111111111111,0.0,0.0030864197530864196,y,z,x,-0.712912569084645
291,-0.1111111111111112,0.1111111111111111,0.0,0.0030864197530864196,y,z,y,0.41385030706728704
291,-0.1111111111111112,0.1111111111111111,0.0,0.0030864197530864196,y,z,z,-0.21508131876270153
291,-0.1111111111111112,0.1111111111111111,0.0,0.0030864197530864196,z,x,x,-0.20114009308319156
291,-0.1111111111111112,0.1111111111111111,0.0,0.0030864197530864196,z,x,y,1.3076214071914587
291,-0.1111111111111112,0.1111111111111111,0.0,0.0030864197530864196,z,x,z,0.08893584773645163
291,-0.1111111111111112,0.1111111111111111,0.0,0.0030864197530864196,z,y,x,-1.075370503688769
291,-0.1111111111111112,0.1111111111111111,0.0,0.0030864197530864196,z,y,y,0.2011408733245599
291,-0.1111111111111112,0.1111111111111111,0.0,0.0030864197530864196,z,y,z,-0.1540603061841667
291,-0.1111111111111112,0.1111111111111111,0.0,0.0030864197530864196,z,z,x,-0.34147497556762707
291,-0.1111111111111112,0.1111111111111111,0.0,0.0030864197530864196,z,z,y,0.5914665717584838
291,-0.1111111111111112,0.1111111111111111,0.0,0.0030864197530864196,z,z,z,-1.1406989790768595e-06
292,-0.1111111111111112,0.1666666666666667,0.0,0.0030864197530864196,x,x,x,-0.4316985041333535
292,-0.1111111111111112,0.1666666666666667,0.0,0.0030864197530864196,x,x,y,-0.6163120002997587
292,-0.1111111111111112,0.1666666666666667,0.0,0.0030864197530864196,x,x,z,0.36490541499116996
292,-0.1111111111111112,0.1666666666666667,0.0,0.0030864197530864196,x,y,x,1.922357036535645
292,-0.1111111111111112,0.1666666666666667,0.0,0.0030864197530864196,x,y,y,0.31156412665417543
292,-0.1111111111111112,0.1666666666666667,0.0,0.0030864197530864196,x,y,z,0.9623318559662505
292,-0.1111111111111112,0.1666666666666667,0.0,0.0030864197530864196,x,z,x,-0.16251319224133257
292,-0.1111111111111112,0.1666666666666667,0.0,0.0030864197530864196,x,z,y,-0.16502191205264366
292,-0.1111111111111112,0.1666666666666667,0.0,0.0030864197530864196,x,z,z,0.12887114411251765
292,-0.1111111111111112,0.1666666666666667,0.0,0.0030864197530864196,y,x,x,-0.6265410771635117
292,-0.1111111111111112,0.1666666666666667,0.0,0.0030864197530864196,y,x,y,1.0675671300131708
292,-0.1111111111111112,0.1666666666666667,0.0,0.0030864197530864196,y,x,z,-0.8805911067298614
292,-0.1111111111111112,0.1666666666666667,0.0,0.0030864197530864196,y,y,x,-0.38330877439983707
292,-0.1111111111111112,0.1666666666666667,0.0,0.0030864197530864196,y,y,y,0.05916822608664205
292,-0.1111111111111112,0.1666666666666667,0.0,0.0030864197530864196,y,y,z,-0.08686880132466736
292,-0.1111111111111112,0.1666666666666667,0.0,0.0030864197530864196,y,z,x,-0.16389047977176957
292,-0.1111111111111112,0.1666666666666667,0.0,0.0030864197530864196,y,z,y,0.08051226136332137
292,-0.1111111111111112,0.1666666666666667,0.0,0.0030864197530864196,y,z,z,-0.10358640039525933
292,-0.1111111111111112,0.1666666666666667,0.0,0.0030864197530864196,z,x,x,-0.1327115354658317
292,-0.1111111111111112,0.1666666666666667,0.0,0.0030864197530864196,z,x,y,-0.3535417627219672
292,-0.1111111111111112,0.1666666666666667,0.0,0.0030864197530864196,z,x,z,-0.0010458020553185173
292,-0.1111111111111112,0.1666666666666667,0.0,0.0030864197530864196,z,y,x,0.3081012363193193
292,-0.1111111111111112,0.1666666666666667,0.0,0.0030864197530864196,z,y,y,-0.26946862019896917
292,-0.1111111111111112,0.1666666666666667,0.0,0.0030864197530864196,z,y,z,-0.5036316878852257
292,-0.1111111111111112,0.1666666666666667,0.0,0.0030864197530864196,z,z,x,-0.16566015083640495
292,-0.1111111111111112,0.1666666666666667,0.0,0.0030864197530864196,z,z,y,0.2689351029504266
292,-0.1111111111111112,0.1666666666666667,0.0,0.0030864197530864196,z,z,z,0.03230320246301834
293,-0.1111111111111112,0.2222222222222222,0.0,0.0030864197530864196,x,x,x,0.37540257991174353
293,-0.1111111111111112,0.2222222222222222,0.0,0.0030864197530864196,x,x,y,-0.6196038926822784
293,-0.1111111111111112,0.2222222222222222,0.0,0.0030864197530864196,x,x,z,0.3735904702234975
293,-0.1111111111111112,0.2222222222222222,0.0,0.0030864197530864196,x,y,x,1.4823482881067385
293,-0.1111111111111112,0.2222222222222222,0.0,0.0030864197530864196,x,y,y,-0.20567801302397382
293,-0.1111111111111112,0.2222222222222222,0.0,0.0030864197530864196,x,y,z,0.7726729373748922
293,-0.1111111111111112,0.2222222222222222,0.0,0.0030864197530864196,x,z,x,-0.028015480495339824
293,-0.1111111111111112,0.2222222222222222,0.0,0.0030864197530864196,x,z,y,-0.7665186825884971
293,-0.1111111111111112,0.2222222222222222,0.0,0.0030864197530864196,x,z,z,0.07905120017942649
293,-0.1111111111111112,0.2222222222222222,0.0,0.0030864197530864196,y,x,x,-0.24127231387269868
293,-0.1111111111111112,0.2222222222222222,0.0,0.0030864197530864196,y,x,y,0.5016041319720982
293,-0.1111111111111112,0.2222222222222222,0.0,0.0030864197530864196,y,x,z,-0.654103557429304
293,-0.1111111111111112,0.2222222222222222,0.0,0.0030864197530864196,y,y,x,-0.18714514752943567
293,-0.1111111111111112,0.2222222222222222,0.0,0.0030864197530864196,y,y,y,-0.22723317204382182
293,-0.1111111111111112,0.2222222222222222,0.0,0.0030864197530864196,y,y,z,0.07134089073251777
293,-0.1111111111111112,0.2222222222222222,0.0,0.0030864197530864196,y,z,x,0.028394098340437178
293,-0.1111111111111112,0.2222222222222222,0.0,0.0030864197530864196,y,z,y,-0.19879082279078894
293,-0.1111111111111112,0.2222222222222222,0.0,0.0030864197530864196,y,z,z,-0.03714520104603545
293,-0.1111111111111112,0.2222222222222222,0.0,0.0030864197530864196,z,x,x,-0.16566044691988582
293,-0.1111111111111112,0.2222222222222222,0.0,0.0030864197530864196,z,x,y,-0.714286311899153
293,-0.1111111111111112,0.2222222222222222,0.0,0.0030864197530864196,z,x,z,-0.0285231368419005
293,-0.1111111111111112,0.2222222222222222,0.0,0.0030864197530864196,z,y,x,0.29896227999241276
293,-0.1111111111111112,0.2222222222222222,0.0,0.0030864197530864196,z,y,y,-0.2643563370579758
293,-0.1111111111111112,0.2222222222222222,0.0,0.0030864197530864196,z,y,z,-0.6793857532722908
293,-0.1111111111111112,0.2222222222222222,0.0,0.0030864197530864196,z,z,x,0.11069467153278655
293,-0.1111111111111112,0.2222222222222222,0.0,0.0030864197530864196,z,z,y,0.34508297524237685
293,-0.1111111111111112,0.2222222222222222,0.0,0.0030864197530864196,z,z,z,0.03949158746622682
294,-0.1111111111111112,0.2777777777777778,0.0,0.0030864197530864196,x,x,x,0.668300291189103
294,-0.1111111111111112,0.2777777777777778,0.0,0.0030864197530864196,x,x,y,-0.3219219916166632
294,-0.1111111111111112,0.2777777777777778,0.0,0.0030864197530864196,x,x,z,0.2815065795267191
294,-0.1111111111111112,0.2777777777777778,0.0,0.0030864197530864196,x,y,x,0.8760292165596357
294,-0.1111111111111112,0.2777777777777778,0.0,0.0030864197530864196,x,y,y,-0.22260994663379632
294,-0.1111111111111112,0.2777777777777778,0.0,0.0030864197530864196,x,y,z,0.5074816982800847
294,-0.1111111111111112,0.2777777777777778,0.0,0.0030864197530864196,x,z,x,-0.010219671985742222
294,-0.1111111111111112,0.2777777777777778,0.0,0.0030864197530864196,x,z,y,-0.9246220501324721
294,-0.1111111111111112,0.2777777777777778,0.0,0.0030864197530864196,x,z,z,0.014467385040178679
294,-0.1111111111111112,0.2777777777777778,0.0,0.0030864197530864196,y,x,x,-0.06836654918480396
294,-0.1111111111111112,0.2777777777777778,0.0,0.0030864197530864196,y,x,y,-0.38201221043116945
294,-0.1111111111111112,0.2777777777777778,0.0,0.0030864197530864196,y,x,z,-0.4521191488367452
294,-0.1111111111111112,0.2777777777777778,0.0,0.0030864197530864196,y,y,x,0.46131669357180743
294,-0.1111111111111112,0.2777777777777778,0.0,0.0030864197530864196,y,y,y,-0.21080475878940674
294,-0.1111111111111112,0.2777777777777778,0.0,0.0030864197530864196,y,y,z,0.14803008877097285
294,-0.1111111111111112,0.2777777777777778,0.0,0.0030864197530864196,y,z,x,0.10996397165221485
294,-0.1111111111111112,0.2777777777777778,0.0,0.0030864197530864196,y,z,y,-0.3018854620413504
294,-0.1111111111111112,0.2777777777777778,0.0,0.0030864197530864196,y,z,z,-0.0199584211508569
294,-0.1111111111111112,0.2777777777777778,0.0,0.0030864197530864196,z,x,x,-0.15141461464423425
294,-0.1111111111111112,0.2777777777777778,0.0,0.0030864197530864196,z,x,y,-0.3364688088447944
294,-0.1111111111111112,0.2777777777777778,0.0,0.0030864197530864196,z,x,z,-0.004866260704283857
294,-0.1111111111111112,0.2777777777777778,0.0,0.0030864197530864196,z,y,x,-0.23369083286839648
294,-0.1111111111111112,0.2777777777777778,0.0,0.0030864197530864196,z,y,y,-0.16225413382651843
294,-0.1111111111111112,0.2777777777777778,0.0,0.0030864197530864196,z,y,z,-0.5979365626349382
294,-0.1111111111111112,0.2777777777777778,0.0,0.0030864197530864196,z,z,x,0.2905847054799658
294,-0.1111111111111112,0.2777777777777778,0.0,0.0030864197530864196,z,z,y,0.3126409975793552
294,-0.1111111111111112,0.2777777777777778,0.0,0.0030864197530864196,z,z,z,0.021227066968497844
295,-0.1111111111111112,0.3333333333333333,0.0,0.0030864197530864196,x,x,x,0.7007621100815633
295,-0.1111111111111112,0.3333333333333333,0.0,0.0030864197530864196,x,x,y,-0.0989168934901413
295,-0.1111111111111112,0.3333333333333333,0.0,0.0030864197530864196,x,x,z,0.15855956542389643
295,-0.1111111111111112,0.3333333333333333,0.0,0.0030864197530864196,x,y,x,0.4260120124413069
295,-0.1111111111111112,0.3333333333333333,0.0,0.0030864197530864196,x,y,y,-0.1312242315263728
295,-0.1111111111111112,0.3333333333333333,0.0,0.0030864197530864196,x,y,z,0.3356929034152511
295,-0.1111111111111112,0.3333333333333333,0.0,0.0030864197530864196,x,z,x,-0.021863438454514578
295,-0.1111111111111112,0.3333333333333333,0.0,0.0030864197530864196,x,z,y,-0.8559118074169458
295,-0.1111111111111112,0.3333333333333333,0.0,0.0030864197530864196,x,z,z,-0.0471258027916049
295,-0.1111111111111112,0.3333333333333333,0.0,0.0030864197530864196,y,x,x,-0.010057934138417974
295,-0.1111111111111112,0.3333333333333333,0.0,0.0030864197530864196,y,x,y,-0.9512423936711221
295,-0.1111111111111112,0.3333333333333333,0.0,0.0030864197530864196,y,x,z,-0.29615694640004453
295,-0.1111111111111112,0.3333333333333333,0.0,0.0030864197530864196,y,y,x,0.8771220702758132
295,-0.1111111111111112,0.3333333333333333,0.0,0.0030864197530864196,y,y,y,-0.12758166463569715
295,-0.1111111111111112,0.3333333333333333,0.0,0.0030864197530864196,y,y,z,0.13954955649273598
295,-0.1111111111111112,0.3333333333333333,0.0,0.0030864197530864196,y,z,x,0.15343356234096658
295,-0.1111111111111112,0.3333333333333333,0.0,0.0030864197530864196,y,z,y,-0.25013358539055236
295,-0.1111111111111112,0.3333333333333333,0.0,0.0030864197530864196,y,z,z,-0.01792056186540258
295,-0.1111111111111112,0.3333333333333333,0.0,0.0030864197530864196,z,x,x,-0.08326482596110926
295,-0.1111111111111112,0.3333333333333333,0.0,0.0030864197530864196,z,x,y,0.10460596094154588
295,-0.1111111111111112,0.3333333333333333,0.0,0.0030864197530864196,z,x,z,0.04383784299395779
295,-0.1111111111111112,0.3333333333333333,0.0,0.0030864197530864196,z,y,x,-0.6703202288752466
295,-0.1111111111111112,0.3333333333333333,0.0,0.0030864197530864196,z,y,y,-0.07173072100551695
295,-0.1111111111111112,0.3333333333333333,0.0,0.0030864197530864196,z,y,z,-0.38638876708465114
295,-0.1111111111111112,0.3333333333333333,0.0,0.0030864197530864196,z,z,x,0.3318269598674908
295,-0.1111111111111112,0.3333333333333333,0.0,0.0030864197530864196,z,z,y,0.21638216986785772
295,-0.1111111111111112,0.3333333333333333,0.0,0.0030864197530864196,z,z,z,0.008520575245930929
296,-0.1111111111111112,0.3888888888888889,0.0,0.0030864197530864196,x,x,x,0.668640548557909
296,-0.1111111111111112,0.3888888888888889,0.0,0.0030864197530864196,x,x,y,-0.012248226664949765
296,-0.1111111111111112,0.3888888888888889,0.0,0.0030864197530864196,x,x,z,0.07355756290708482
296,-0.1111111111111112,0.3888888888888889,0.0,0.0030864197530864196,x,y,x,0.16826815166319614
296,-0.1111111111111112,0.3888888888888889,0.0,0.0030864197530864196,x,y,y,-0.06381795934839828
296,-0.1111111111111112,0.3888888888888889,0.0,0.0030864197530864196,x,y,z,0.26024130992420935
296,-0.1111111111111112,0.3888888888888889,0.0,0.0030864197530864196,x,z,x,-0.01179635952238323
296,-0.1111111111111112,0.3888888888888889,0.0,0.0030864197530864196,x,z,y,-0.7544488288213035
296,-0.1111111111111112,0.3888888888888889,0.0,0.0030864197530864196,x,z,z,-0.0869969409823955
296,-0.1111111111111112,0.3888888888888889,0.0,0.0030864197530864196,y,x,x,0.012196284062996061
296,-0.1111111111111112,0.3888888888888889,0.0,0.0030864197530864196,y,x,y,-1.1687059873732606
296,-0.1111111111111112,0.3888888888888889,0.0,0.0030864197530864196,y,x,z,-0.22009696901961145
296,-0.1111111111111112,0.3888888888888889,0.0,0.0030864197530864196,y,y,x,1.01970907684334
296,-0.1111111111111112,0.3888888888888889,0.0,0.0030864197530864196,y,y,y,-0.05182472340131284
296,-0.1111111111111112,0.3888888888888889,0.0,0.0030864197530864196,y,y,z,0.08600136929824641
296,-0.1111111111111112,0.3888888888888889,0.0,0.0030864197530864196,y,z,x,0.16930712372507684
296,-0.1111111111111112,0.3888888888888889,0.0,0.0030864197530864196,y,z,y,-0.13084852995647456
296,-0.1111111111111112,0.3888888888888889,0.0,0.0030864197530864196,y,z,z,-0.00376437359815361
296,-0.1111111111111112,0.3888888888888889,0.0,0.0030864197530864196,z,x,x,-0.04235108474752994
296,-0.1111111111111112,0.3888888888888889,0.0,0.0030864197530864196,z,x,y,0.3554022444251752
296,-0.1111111111111112,0.3888888888888889,0.0,0.0030864197530864196,z,x,z,0.061180792917228624
296,-0.1111111111111112,0.3888888888888889,0.0,0.0030864197530864196,z,y,x,-0.9055754484489659
296,-0.1111111111111112,0.3888888888888889,0.0,0.0030864197530864196,z,y,y,-0.029931693976450457
296,-0.1111111111111112,0.3888888888888889,0.0,0.0030864197530864196,z,y,z,-0.1785749003372591
296,-0.1111111111111112,0.3888888888888889,0.0,0.0030864197530864196,z,z,x,0.34672687835911364
296,-0.1111111111111112,0.3888888888888889,0.0,0.0030864197530864196,z,z,y,0.10290746166140222
296,-0.1111111111111112,0.3888888888888889,0.0,0.0030864197530864196,z,z,z,0.002507930970434038
297,-0.1111111111111112,0.4444444444444444,0.0,0.0030864197530864196,x,x,x,0.6549000823247795
297,-0.1111111111111112,0.4444444444444444,0.0,0.0030864197530864196,x,x,y,1.9172294297996677e-06
297,-0.1111111111111112,0.4444444444444444,0.0,0.0030864197530864196,x,x,z,-2.3968238389110804e-07
297,-0.1111111111111112,0.4444444444444444,0.0,0.0030864197530864196,x,y,x,-3.964145426237504e-06
297,-0.1111111111111112,0.4444444444444444,0.0,0.0030864197530864196,x,y,y,-0.041088761286244654
297,-0.1111111111111112,0.4444444444444444,0.0,0.0030864197530864196,x,y,z,0.23882733357595634
297,-0.1111111111111112,0.4444444444444444,0.0,0.0030864197530864196,x,z,x,4.402547475406985e-07
297,-0.1111111111111112,0.4444444444444444,0.0,0.0030864197530864196,x,z,y,-0.7163560191152356
297,-0.1111111111111112,0.4444444444444444,0.0,0.0030864197530864196,x,z,z,-0.0966190810529229
297,-0.1111111111111112,0.4444444444444444,0.0,0.0030864197530864196,y,x,x,7.005275867351198e-07
297,-0.1111111111111112,0.4444444444444444,0.0,0.0030864197530864196,y,x,y,-1.2288444090254753
297,-0.1111111111111112,0.4444444444444444,0.0,0.0030864197530864196,y,x,z,-0.2043261491722517
297,-0.1111111111111112,0.4444444444444444,0.0,0.0030864197530864196,y,y,x,1.0571987668205352
297,-0.1111111111111112,0.4444444444444444,0.0,0.0030864197530864196,y,y,y,2.9443729671261546e-09
297,-0.1111111111111112,0.4444444444444444,0.0,0.0030864197530864196,y,y,z,7.810741869361944e-07
297,-0.1111111111111112,0.4444444444444444,0.0,0.0030864197530864196,y,z,x,0.1785416048156542
297,-0.1111111111111112,0.4444444444444444,0.0,0.0030864197530864196,y,z,y,-1.2598204482062854e-06
297,-0.1111111111111112,0.4444444444444444,0.0,0.0030864197530864196,y,z,z,-1.781202447573671e-07
297,-0.1111111111111112,0.4444444444444444,0.0,0.0030864197530864196,z,x,x,2.892811193368986e-07
297,-0.1111111111111112,0.4444444444444444,0.0,0.0030864197530864196,z,x,y,0.42991514759855093
297,-0.1111111111111112,0.4444444444444444,0.0,0.0030864197530864196,z,x,z,0.07962433367165425
297,-0.1111111111111112,0.4444444444444444,0.0,0.0030864197530864196,z,y,x,-0.9680068767429597
297,-0.1111111111111112,0.4444444444444444,0.0,0.0030864197530864196,z,y,y,5.778828733635093e-08
297,-0.1111111111111112,0.4444444444444444,0.0,0.0030864197530864196,z,y,z,9.419725799159854e-07
297,-0.1111111111111112,0.4444444444444444,0.0,0.0030864197530864196,z,z,x,0.3400158399497429
297,-0.1111111111111112,0.4444444444444444,0.0,0.0030864197530864196,z,z,y,-1.7177665106434729e-06
297,-0.1111111111111112,0.4444444444444444,0.0,0.0030864197530864196,z,z,z,4.0114666406154725e-08
298,-0.1111111111111112,0.5,0.0,0.0030864197530864196,x,x,x,0.6686404997759265
298,-0.1111111111111112,0.5,0.0,0.0030864197530864196,x,x,y,0.012252344695135498
298,-0.1111111111111112,0.5,0.0,0.0030864197530864196,x,x,z,-0.07355804014899334
298,-0.1111111111111112,0.5,0.0,0.0030864197530864196,x,y,x,-0.1682763858458844
298,-0.1111111111111112,0.5,0.0,0.0030864197530864196,x,y,y,-0.06381776790743805
298,-0.1111111111111112,0.5,0.0,0.0030864197530864196,x,y,z,0.26024194105190085
298,-0.1111111111111112,0.5,0.0,0.0030864197530864196,x,z,x,0.011797291699041524
298,-0.1111111111111112,0.5,0.0,0.0030864197530864196,x,z,y,-0.7544494644243454
298,-0.1111111111111112,0.5,0.0,0.0030864197530864196,x,z,z,-0.08699687731010655
298,-0.1111111111111112,0.5,0.0,0.0030864197530864196,y,x,x,-0.012194748123064526
298,-0.1111111111111112,0.5,0.0,0.0030864197530864196,y,x,y,-1.1687044723753743
298,-0.1111111111111112,0.5,0.0,0.0030864197530864196,y,x,z,-0.22009688028002275
298,-0.1111111111111112,0.5,0.0,0.0030864197530864196,y,y,x,1.0197073372506396
298,-0.1111111111111112,0.5,0.0,0.0030864197530864196,y,y,y,0.051824638410721297
298,-0.1111111111111112,0.5,0.0,0.0030864197530864196,y,y,z,-0.08599968021403347
298,-0.1111111111111112,0.5,0.0,0.0030864197530864196,y,z,x,0.16930701283375676
298,-0.1111111111111112,0.5,0.0,0.0030864197530864196,y,z,y,0.13084578933424526
298,-0.1111111111111112,0.5,0.0,0.0030864197530864196,y,z,z,0.003764054458636878
298,-0.1111111111111112,0.5,0.0,0.0030864197530864196,z,x,x,0.04235162542155384
298,-0.1111111111111112,0.5,0.0,0.0030864197530864196,z,x,y,0.3554034984474329
298,-0.1111111111111112,0.5,0.0,0.0030864197530864196,z,x,z,0.061181788843863445
298,-0.1111111111111112,0.5,0.0,0.0030864197530864196,z,y,x,-0.9055766375815215
298,-0.1111111111111112,0.5,0.0,0.0030864197530864196,z,y,y,0.029931781946089323
298,-0.1111111111111112,0.5,0.0,0.0030864197530864196,z,y,z,0.17857676648302542
298,-0.1111111111111112,0.5,0.0,0.0030864197530864196,z,z,x,0.3467257087461174
298,-0.1111111111111112,0.5,0.0,0.0030864197530864196,z,z,y,-0.10291096138571329
298,-0.1111111111111112,0.5,0.0,0.0030864197530864196,z,z,z,-0.0025078333805201823
299,-0.1111111111111112,-0.4444444444444444,0.0,0.0030864197530864196,x,x,x,0.7007615441694187
299,-0.1111111111111112,-0.4444444444444444,0.0,0.0030864197530864196,x,x,y,0.09892180501423513
299,-0.1111111111111112,-0.4444444444444444,0.0,0.0030864197530864196,x,x,z,-0.1585600334272983
299,-0.1111111111111112,-0.4444444444444444,0.0,0.0030864197530864196,x,y,x,-0.42602090028126816
299,-0.1111111111111112,-0.4444444444444444,0.0,0.0030864197530864196,x,y,y,-0.1312236817409474
299,-0.1111111111111112,-0.4444444444444444,0.0,0.0030864197530864196,x,y,z,0.33569423501116935
299,-0.1111111111111112,-0.4444444444444444,0.0,0.0030864197530864196,x,z,x,0.02186458595249419
299,-0.1111111111111112,-0.4444444444444444,0.0,0.0030864197530864196,x,z,y,-0.8559130576274289
299,-0.1111111111111112,-0.4444444444444444,0.0,0.0030864197530864196,x,z,z,-0.04712578026591889
299,-0.1111111111111112,-0.4444444444444444,0.0,0.0030864197530864196,y,x,x,0.010059831151496359
299,-0.1111111111111112,-0.4444444444444444,0.0,0.0030864197530864196,y,x,y,-0.951239610623908
299,-0.1111111111111112,-0.4444444444444444,0.0,0.0030864197530864196,y,x,z,-0.2961569420000239
299,-0.1111111111111112,-0.4444444444444444,0.0,0.0030864197530864196,y,y,x,0.8771187005369686
299,-0.1111111111111112,-0.4444444444444444,0.0,0.0030864197530864196,y,y,y,0.1275812517687247
299,-0.1111111111111112,-0.4444444444444444,0.0,0.0030864197530864196,y,y,z,-0.13954771752908188
299,-0.1111111111111112,-0.4444444444444444,0.0,0.0030864197530864196,y,z,x,0.15343355835472533
299,-0.1111111111111112,-0.4444444444444444,0.0,0.0030864197530864196,y,z,y,0.2501303238289315
299,-0.1111111111111112,-0.4444444444444444,0.0,0.0030864197530864196,y,z,z,0.017920119873159435
299,-0.1111111111111112,-0.4444444444444444,0.0,0.0030864197530864196,z,x,x,0.08326560410875573
299,-0.1111111111111112,-0.4444444444444444,0.0,0.0030864197530864196,z,x,y,0.10460944717753314
299,-0.1111111111111112,-0.4444444444444444,0.0,0.0030864197530864196,z,x,z,0.04383966692128217
299,-0.1111111111111112,-0.4444444444444444,0.0,0.0030864197530864196,z,y,x,-0.6703236836878805
299,-0.1111111111111112,-0.4444444444444444,0.0,0.0030864197530864196,z,y,y,0.07173069032581031
299,-0.1111111111111112,-0.4444444444444444,0.0,0.0030864197530864196,z,y,z,0.3863906067953948
299,-0.1111111111111112,-0.4444444444444444,0.0,0.0030864197530864196,z,z,x,0.3318243975030375
299,-0.1111111111111112,-0.4444444444444444,0.0,0.0030864197530864196,z,z,y,-0.21638578389741783
299,-0.1111111111111112,-0.4444444444444444,0.0,0.0030864197530864196,z,z,z,-0.008520509858699512
300,-0.1111111111111112,-0.3888888888888888,0.0,0.0030864197530864196,x,x,x,0.6682991418440617
300,-0.1111111111111112,-0.3888888888888888,0.0,0.0030864197530864196,x,x,y,0.3219278402970907
300,-0.1111111111111112,-0.3888888888888888,0.0,0.0030864197530864196,x,x,z,-0.2815069406884997
300,-0.1111111111111112,-0.3888888888888888,0.0,0.0030864197530864196,x,y,x,-0.8760376315970096
300,-0.1111111111111112,-0.3888888888888888,0.0,0.0030864197530864196,x,y,y,-0.22260870920428025
300,-0.1111111111111112,-0.3888888888888888,0.0,0.0030864197530864196,x,y,z,0.5074835854150683
300,-0.1111111111111112,-0.3888888888888888,0.0,0.0030864197530864196,x,z,x,0.010221209813732344
300,-0.1111111111111112,-0.3888888888888888,0.0,0.0030864197530864196,x,z,y,-0.9246235214082738
300,-0.1111111111111112,-0.3888888888888888,0.0,0.0030864197530864196,x,z,z,0.014467412257202503
300,-0.1111111111111112,-0.3888888888888888,0.0,0.0030864197530864196,y,x,x,0.06836901316809806
300,-0.1111111111111112,-0.3888888888888888,0.0,0.0030864197530864196,y,x,y,-0.3820102488147552
300,-0.1111111111111112,-0.3888888888888888,0.0,0.0030864197530864196,y,x,z,-0.4521191132554833
300,-0.1111111111111112,-0.3888888888888888,0.0,0.0030864197530864196,y,y,x,0.46131261490045017
300,-0.1111111111111112,-0.3888888888888888,0.0,0.0030864197530864196,y,y,y,0.21080396965794193
300,-0.1111111111111112,-0.3888888888888888,0.0,0.0030864197530864196,y,y,z,-0.1480280132414595
300,-0.1111111111111112,-0.3888888888888888,0.0,0.0030864197530864196,y,z,x,0.10996441889551382
300,-0.1111111111111112,-0.3888888888888888,0.0,0.0030864197530864196,y,z,y,0.30188174657569006
300,-0.1111111111111112,-0.3888888888888888,0.0,0.0030864197530864196,y,z,z,0.01995806298805343
300,-0.1111111111111112,-0.3888888888888888,0.0,0.0030864197530864196,z,x,x,0.1514153878836217
300,-0.1111111111111112,-0.3888888888888888,0.0,0.0030864197530864196,z,x,y,-0.3364612407162078
300,-0.1111111111111112,-0.3888888888888888,0.0,0.0030864197530864196,z,x,z,-0.004863344778408782
300,-0.1111111111111112,-0.3888888888888888,0.0,0.0030864197530864196,z,y,x,-0.2336982364311956
300,-0.1111111111111112,-0.3888888888888888,0.0,0.0030864197530864196,z,y,y,0.1622533132707063
300,-0.1111111111111112,-0.3888888888888888,0.0,0.0030864197530864196,z,y,z,0.5979380577221187
300,-0.1111111111111112,-0.3888888888888888,0.0,0.0030864197530864196,z,z,x,0.2905806329727075
300,-0.1111111111111112,-0.3888888888888888,0.0,0.0030864197530864196,z,z,y,-0.31264463580665824
300,-0.1111111111111112,-0.3888888888888888,0.0,0.0030864197530864196,z,z,z,-0.02122712616108515
301,-0.1111111111111112,-0.3333333333333334,0.0,0.0030864197530864196,x,x,x,0.37540125505856414
301,-0.1111111111111112,-0.3333333333333334,0.0,0.0030864197530864196,x,x,y,0.6196097947307516
301,-0.1111111111111112,-0.3333333333333334,0.0,0.0030864197530864196,x,x,z,-0.3735908892565227
301,-0.1111111111111112,-0.3333333333333334,0.0,0.0030864197530864196,x,y,x,-1.482352164295121
301,-0.1111111111111112,-0.3333333333333334,0.0,0.0030864197530864196,x,y,y,-0.2056764415848346
301,-0.1111111111111112,-0.3333333333333334,0.0,0.0030864197530864196,x,y,z,0.7726744006370201
301,-0.1111111111111112,-0.3333333333333334,0.0,0.0030864197530864196,x,z,x,0.02801721948905825
301,-0.1111111111111112,-0.3333333333333334,0.0,0.0030864197530864196,x,z,y,-0.7665198989170872
301,-0.1111111111111112,-0.3333333333333334,0.0,0.0030864197530864196,x,z,z,0.07905113496597589
301,-0.1111111111111112,-0.3333333333333334,0.0,0.0030864197530864196,y,x,x,0.24127451622216303
301,-0.1111111111111112,-0.3333333333333334,0.0,0.0030864197530864196,y,x,y,0.5016003230438764
301,-0.1111111111111112,-0.3333333333333334,0.0,0.0030864197530864196,y,x,z,-0.6541038531654768
301,-0.1111111111111112,-0.3333333333333334,0.0,0.0030864197530864196,y,y,x,-0.18714683233605783
301,-0.1111111111111112,-0.3333333333333334,0.0,0.0030864197530864196,y,y,y,0.22723282473050285
301,-0.1111111111111112,-0.3333333333333334,0.0,0.0030864197530864196,y,y,z,-0.07133834106436937
301,-0.1111111111111112,-0.3333333333333334,0.0,0.0030864197530864196,y,z,x,0.028395987753502216
301,-0.1111111111111112,-0.3333333333333334,0.0,0.0030864197530864196,y,z,y,0.19878726323934784
301,-0.1111111111111112,-0.3333333333333334,0.0,0.0030864197530864196,y,z,z,0.03714464044995411
301,-0.1111111111111112,-0.3333333333333334,0.0,0.0030864197530864196,z,x,x,0.16566158925052427
301,-0.1111111111111112,-0.3333333333333334,0.0,0.0030864197530864196,z,x,y,-0.7142739227128098
301,-0.1111111111111112,-0.3333333333333334,0.0,0.0030864197530864196,z,x,z,-0.028519277279202202
301,-0.1111111111111112,-0.3333333333333334,0.0,0.0030864197530864196,z,y,x,0.2989486095709087
301,-0.1111111111111112,-0.3333333333333334,0.0,0.0030864197530864196,z,y,y,0.2643538309968774
301,-0.1111111111111112,-0.3333333333333334,0.0,0.0030864197530864196,z,y,z,0.6793864790511328
301,-0.1111111111111112,-0.3333333333333334,0.0,0.0030864197530864196,z,z,x,0.11068968077776428
301,-0.1111111111111112,-0.3333333333333334,0.0,0.0030864197530864196,z,z,y,-0.34508570776771663
301,-0.1111111111111112,-0.3333333333333334,0.0,0.0030864197530864196,z,z,z,-0.03949163871081003
302,-0.1111111111111112,-0.2777777777777778,0.0,0.0030864197530864196,x,x,x,-0.4316962594210088
302,-0.1111111111111112,-0.2777777777777778,0.0,0.0030864197530864196,x,x,y,0.6163194900810693
302,-0.1111111111111112,-0.2777777777777778,0.0,0.0030864197530864196,x,x,z,-0.36490669244300167
302,-0.1111111111111112,-0.2777777777777778,0.0,0.0030864197530864196,x,y,x,-1.92235513976584
302,-0.1111111111111112,-0.2777777777777778,0.0,0.0030864197530864196,x,y,y,0.3115637554261665
302,-0.1111111111111112,-0.2777777777777778,0.0,0.0030864197530864196,x,y,z,0.9623330043144138
302,-0.1111111111111112,-0.2777777777777778,0.0,0.0030864197530864196,x,z,x,0.1625159528857461
302,-0.1111111111111112,-0.2777777777777778,0.0,0.0030864197530864196,x,z,y,-0.1650257654984686
302,-0.1111111111111112,-0.2777777777777778,0.0,0.0030864197530864196,x,z,z,0.12887101905271073
302,-0.1111111111111112,-0.2777777777777778,0.0,0.0030864197530864196,y,x,x,0.6265388014956133
302,-0.1111111111111112,-0.2777777777777778,0.0,0.0030864197530864196,y,x,y,1.0675546213684288
302,-0.1111111111111112,-0.2777777777777778,0.0,0.0030864197530864196,y,x,z,-0.8805927352352823
302,-0.1111111111111112,-0.2777777777777778,0.0,0.0030864197530864196,y,y,x,-0.3833063663279973
302,-0.1111111111111112,-0.2777777777777778,0.0,0.0030864197530864196,y,y,y,-0.05916433143485524
302,-0.1111111111111112,-0.2777777777777778,0.0,0.0030864197530864196,y,y,z,0.08687059150629614
302,-0.1111111111111112,-0.2777777777777778,0.0,0.0030864197530864196,y,z,x,-0.16388437799320527
302,-0.1111111111111112,-0.2777777777777778,0.0,0.0030864197530864196,y,z,y,-0.08051377461429043
302,-0.1111111111111112,-0.2777777777777778,0.0,0.0030864197530864196,y,z,z,0.1035859667956879
302,-0.1111111111111112,-0.2777777777777778,0.0,0.0030864197530864196,z,x,x,0.13271221436748976
302,-0.1111111111111112,-0.2777777777777778,0.0,0.0030864197530864196,z,x,y,-0.35352947280639657
302,-0.1111111111111112,-0.2777777777777778,0.0,0.0030864197530864196,z,x,z,-0.0010410227500533154
302,-0.1111111111111112,-0.2777777777777778,0.0,0.0030864197530864196,z,y,x,0.30808495006377584
302,-0.1111111111111112,-0.2777777777777778,0.0,0.0030864197530864196,z,y,y,0.26946265571049915
302,-0.1111111111111112,-0.2777777777777778,0.0,0.0030864197530864196,z,y,z,0.5036320377620881
302,-0.1111111111111112,-0.2777777777777778,0.0,0.0030864197530864196,z,z,x,-0.16566408277626468
302,-0.1111111111111112,-0.2777777777777778,0.0,0.0030864197530864196,z,z,y,-0.2689375884259876
302,-0.1111111111111112,-0.2777777777777778,0.0,0.0030864197530864196,z,z,z,-0.03230359628987197
303,-0.1111111111111112,-0.2222222222222222,0.0,0.0030864197530864196,x,x,x,-1.9056719777076059
303,-0.1111111111111112,-0.2222222222222222,0.0,0.0030864197530864196,x,x,y,-0.615097558085168
303,-0.1111111111111112,-0.2222222222222222,0.0,0.0030864197530864196,x,x,z,-0.07986894238799248
303,-0.1111111111111112,-0.2222222222222222,0.0,0.0030864197530864196,x,y,x,-1.3526540320035128
303,-0.1111111111111112,-0.2222222222222222,0.0,0.0030864197530864196,x,y,y,1.9170383372696929
303,-0.1111111111111112,-0.2222222222222222,0.0,0.0030864197530864196,x,y,z,0.88591773766948
303,-0.1111111111111112,-0.2222222222222222,0.0,0.0030864197530864196,x,z,x,0.4138553701080847
303,-0.1111111111111112,-0.2222222222222222,0.0,0.0030864197530864196,x,z,y,1.190765173559891
303,-0.1111111111111112,-0.2222222222222222,0.0,0.0030864197530864196,x,z,z,0.12417656701828773
303,-0.1111111111111112,-0.2222222222222222,0.0,0.0030864197530864196,y,x,x,0.9937147969968887
303,-0.1111111111111112,-0.2222222222222222,0.0,0.0030864197530864196,y,x,y,0.5623599400367905
303,-0.1111111111111112,-0.2222222222222222,0.0,0.0030864197530864196,y,x,z,-0.9781331764292072
303,-0.1111111111111112,-0.2222222222222222,0.0,0.0030864197530864196,y,y,x,0.9881657727377771
303,-0.1111111111111112,-0.2222222222222222,0.0,0.0030864197530864196,y,y,y,-0.9740329160127091
303,-0.1111111111111112,-0.2222222222222222,0.0,0.0030864197530864196,y,y,z,0.079867550513696
303,-0.1111111111111112,-0.2222222222222222,0.0,0.0030864197530864196,y,z,x,-0.7128990636895766
303,-0.1111111111111112,-0.2222222222222222,0.0,0.0030864197530864196,y,z,y,-0.4138479211352788
303,-0.1111111111111112,-0.2222222222222222,0.0,0.0030864197530864196,y,z,z,0.21508062376480752
303,-0.1111111111111112,-0.2222222222222222,0.0,0.0030864197530864196,z,x,x,0.2011379417137495
303,-0.1111111111111112,-0.2222222222222222,0.0,0.0030864197530864196,z,x,y,1.3076232161010943
303,-0.1111111111111112,-0.2222222222222222,0.0,0.0030864197530864196,z,x,z,0.08894077877636124
303,-0.1111111111111112,-0.2222222222222222,0.0,0.0030864197530864196,z,y,x,-1.0753795588097408
303,-0.1111111111111112,-0.2222222222222222,0.0,0.0030864197530864196,z,y,y,-0.20114682715412682
303,-0.1111111111111112,-0.2222222222222222,0.0,0.0030864197530864196,z,y,z,0.15406192413957545
303,-0.1111111111111112,-0.2222222222222222,0.0,0.0030864197530864196,z,z,x,-0.34147714191744205
303,-0.1111111111111112,-0.2222222222222222,0.0,0.0030864197530864196,z,z,y,-0.5914671291987207
303,-0.1111111111111112,-0.2222222222222222,0.0,0.0030864197530864196,z,z,z,6.136904829423219e-07
304,-0.1111111111111112,-0.1666666666666666,0.0,0.0030864197530864196,x,x,x,-4.394315111269436
304,-0.1111111111111112,-0.1666666666666666,0.0,0.0030864197530864196,x,x,y,-5.4028934223776925
304,-0.1111111111111112,-0.1666666666666666,0.0,0.0030864197530864196,x,x,z,0.9857551899103749
304,-0.1111111111111112,-0.1666666666666666,0.0,0.0030864197530864196,x,y,x,2.3075448111754278
304,-0.1111111111111112,-0.1666666666666666,0.0,0.0030864197530864196,x,y,y,6.049387264602146
304,-0.1111111111111112,-0.1666666666666666,0.0,0.0030864197530864196,x,y,z,-0.2830778836443596
304,-0.1111111111111112,-0.1666666666666666,0.0,0.0030864197530864196,x,z,x,0.5889335796974716
304,-0.1111111111111112,-0.1666666666666666,0.0,0.0030864197530864196,x,z,y,4.376236669050773
304,-0.1111111111111112,-0.1666666666666666,0.0,0.0030864197530864196,x,z,z,-0.12249044342849925
304,-0.1111111111111112,-0.1666666666666666,0.0,0.0030864197530864196,y,x,x,0.044892862243181314
304,-0.1111111111111112,-0.1666666666666666,0.0,0.0030864197530864196,y,x,y,-0.4401340251854444
304,-0.1111111111111112,-0.1666666666666666,0.0,0.0030864197530864196,y,x,z,-0.6957162692761826
304,-0.1111111111111112,-0.1666666666666666,0.0,0.0030864197530864196,y,y,x,6.743237892951661
304,-0.1111111111111112,-0.1666666666666666,0.0,0.0030864197530864196,y,y,y,-3.6664487329420234
304,-0.1111111111111112,-0.1666666666666666,0.0,0.0030864197530864196,y,y,z,-0.7899586437861459
304,-0.1111111111111112,-0.1666666666666666,0.0,0.0030864197530864196,y,z,x,-2.4665732468392934
304,-0.1111111111111112,-0.1666666666666666,0.0,0.0030864197530864196,y,z,y,-0.7023275589705421
304,-0.1111111111111112,-0.1666666666666666,0.0,0.0030864197530864196,y,z,z,0.5078857219970536
304,-0.1111111111111112,-0.1666666666666666,0.0,0.0030864197530864196,z,x,x,0.90929078880348
304,-0.1111111111111112,-0.1666666666666666,0.0,0.0030864197530864196,z,x,y,6.179829511465567
304,-0.1111111111111112,-0.1666666666666666,0.0,0.0030864197530864196,z,x,z,0.2640591863565794
304,-0.1111111111111112,-0.1666666666666666,0.0,0.0030864197530864196,z,y,x,-6.9138270297925715
304,-0.1111111111111112,-0.1666666666666666,0.0,0.0030864197530864196,z,y,y,-1.7993162801292064
304,-0.1111111111111112,-0.1666666666666666,0.0,0.0030864197530864196,z,y,z,-0.0888028912813216
304,-0.1111111111111112,-0.1666666666666666,0.0,0.0030864197530864196,z,z,x,0.3486362036661565
304,-0.1111111111111112,-0.1666666666666666,0.0,0.0030864197530864196,z,z,y,-2.589141761443934
304,-0.1111111111111112,-0.1666666666666666,0.0,0.0030864197530864196,z,z,z,0.023296354814421313
305,-0.1111111111111112,-0.1111111111111112,0.0,0.0030864197530864196,x,x,x,-6.400860668151193
305,-0.1111111111111112,-0.1111111111111112,0.0,0.0030864197530864196,x,x,y,-12.534989088067396
305,-0.1111111111111112,-0.1111111111111112,0.0,0.0030864197530864196,x,x,z,2.447048024431612
305,-0.1111111111111112,-0.1111111111111112,0.0,0.0030864197530864196,x,y,x,9.298759836262652
305,-0.1111111111111112,-0.1111111111111112,0.0,0.0030864197530864196,x,y,y,13.469044855979616
305,-0.1111111111111112,-0.1111111111111112,0.0,0.0030864197530864196,x,y,z,-2.908249423521917
305,-0.1111111111111112,-0.1111111111111112,0.0,0.0030864197530864196,x,z,x,0.45915525586166184
305,-0.1111111111111112,-0.1111111111111112,0.0,0.0030864197530864196,x,z,y,7.166840172626598
305,-0.1111111111111112,-0.1111111111111112,0.0,0.0030864197530864196,x,z,z,-0.6128051719441413
305,-0.1111111111111112,-0.1111111111111112,0.0,0.0030864197530864196,y,x,x,-4.503078819292768
305,-0.1111111111111112,-0.1111111111111112,0.0,0.0030864197530864196,y,x,y,5.5005486547843505
305,-0.1111111111111112,-0.1111111111111112,0.0,0.0030864197530864196,y,x,z,0.0826549950379416
305,-0.1111111111111112,-0.1111111111111112,0.0,0.0030864197530864196,y,y,x,18.1062008483956
305,-0.1111111111111112,-0.1111111111111112,0.0,0.0030864197530864196,y,y,y,-7.7393292792237895
305,-0.1111111111111112,-0.1111111111111112,0.0,0.0030864197530864196,y,y,z,-2.4470671836175173
305,-0.1111111111111112,-0.1111111111111112,0.0,0.0030864197530864196,y,z,x,-7.697052754674541
305,-0.1111111111111112,-0.1111111111111112,0.0,0.0030864197530864196,y,z,y,-0.4591471291903204
305,-0.1111111111111112,-0.1111111111111112,0.0,0.0030864197530864196,y,z,z,1.0614025177375719
305,-0.1111111111111112,-0.1111111111111112,0.0,0.0030864197530864196,z,x,x,2.5303970403181504
305,-0.1111111111111112,-0.1111111111111112,0.0,0.0030864197530864196,z,x,y,18.773868430178933
305,-0.1111111111111112,-0.1111111111111112,0.0,0.0030864197530864196,z,x,z,0.030586942812786778
305,-0.1111111111111112,-0.1111111111111112,0.0,0.0030864197530864196,z,y,x,-21.695714181730633
305,-0.1111111111111112,-0.1111111111111112,0.0,0.0030864197530864196,z,y,y,-2.5304109429694615
305,-0.1111111111111112,-0.1111111111111112,0.0,0.0030864197530864196,z,y,z,-0.05300039003271341
305,-0.1111111111111112,-0.1111111111111112,0.0,0.0030864197530864196,z,z,x,3.4575178094679915
305,-0.1111111111111112,-0.1111111111111112,0.0,0.0030864197530864196,z,z,y,-5.9885800311134725
305,-0.1111111111111112,-0.1111111111111112,0.0,0.0030864197530864196,z,z,z,6.861451800980517e-06
306,-0.1111111111111112,-0.0555555555555556,0.0,0.0030864197530864196,x,x,x,-7.028217723522644
306,-0.1111111111111112,-0.0555555555555556,0.0,0.0030864197530864196,x,x,y,7.646568638692968e-05
306,-0.1111111111111112,-0.0555555555555556,0.0,0.0030864197530864196,x,x,z,1.5485707039048364e-05
306,-0.1111111111111112,-0.0555555555555556,0.0,0.0030864197530864196,x,y,x,1.4625502701098582e-05
306,-0.1111111111111112,-0.0555555555555556,0.0,0.0030864197530864196,x,y,y,15.094669988479838
306,-0.1111111111111112,-0.0555555555555556,0.0,0.0030864197530864196,x,y,z,-1.7743100874470885
306,-0.1111111111111112,-0.0555555555555556,0.0,0.0030864197530864196,x,z,x,-2.8339408227508608e-05
306,-0.1111111111111112,-0.0555555555555556,0.0,0.0030864197530864196,x,z,y,4.365408973552859
306,-0.1111111111111112,-0.0555555555555556,0.0,0.0030864197530864196,x,z,z,-0.3825459492328633
306,-0.1111111111111112,-0.0555555555555556,0.0,0.0030864197530864196,y,x,x,-2.1729118590595062e-05
306,-0.1111111111111112,-0.0555555555555556,0.0,0.0030864197530864196,y,x,y,10.892342214861701
306,-0.1111111111111112,-0.0555555555555556,0.0,0.0030864197530864196,y,x,z,-1.081408762821879
306,-0.1111111111111112,-0.0555555555555556,0.0,0.0030864197530864196,y,y,x,19.33996396702081
306,-0.1111111111111112,-0.0555555555555556,0.0,0.0030864197530864196,y,y,y,2.4766593808140517e-05
306,-0.1111111111111112,-0.0555555555555556,0.0,0.0030864197530864196,y,y,z,-1.516630986635482e-05
306,-0.1111111111111112,-0.0555555555555556,0.0,0.0030864197530864196,y,z,x,-10.482797076634256
306,-0.1111111111111112,-0.0555555555555556,0.0,0.0030864197530864196,y,z,y,-2.068804260670392e-06
306,-0.1111111111111112,-0.0555555555555556,0.0,0.0030864197530864196,y,z,z,4.233818289306785e-06
306,-0.1111111111111112,-0.0555555555555556,0.0,0.0030864197530864196,z,x,x,4.6195439629562376e-05
306,-0.1111111111111112,-0.0555555555555556,0.0,0.0030864197530864196,z,x,y,25.12249920015683
306,-0.1111111111111112,-0.0555555555555556,0.0,0.0030864197530864196,z,x,z,-0.2829754766709271
306,-0.1111111111111112,-0.0555555555555556,0.0,0.0030864197530864196,z,y,x,-26.45228721491821
306,-0.1111111111111112,-0.0555555555555556,0.0,0.0030864197530864196,z,y,y,-2.58434351876151e-05
306,-0.1111111111111112,-0.0555555555555556,0.0,0.0030864197530864196,z,y,z,-5.397939295927582e-06
306,-0.1111111111111112,-0.0555555555555556,0.0,0.0030864197530864196,z,z,x,3.885574551920332
306,-0.1111111111111112,-0.0555555555555556,0.0,0.0030864197530864196,z,z,y,-1.3643570488121524e-05
306,-0.1111111111111112,-0.0555555555555556,0.0,0.0030864197530864196,z,z,z,6.871793867073237e-07
307,-0.0555555555555556,0.0,0.0,0.0030864197530864196,x,x,x,-37.47363580014438
307,-0.0555555555555556,0.0,0.0,0.0030864197530864196,x,x,y,15.240879606083423
307,-0.0555555555555556,0.0,0.0,0.0030864197530864196,x,x,z,-1.8332855325713795
307,-0.0555555555555556,0.0,0.0,0.0030864197530864196,x,y,x,-11.748614301382219
307,-0.0555555555555556,0.0,0.0,0.0030864197530864196,x,y,y,50.00912893600022
307,-0.0555555555555556,0.0,0.0,0.0030864197530864196,x,y,z,-2.8790212402633357
307,-0.0555555555555556,0.0,0.0,0.0030864197530864196,x,z,x,-4.811639628232336
307,-0.0555555555555556,0.0,0.0,0.0030864197530864196,x,z,y,18.04381013704709
307,-0.0555555555555556,0.0,0.0,0.0030864197530864196,x,z,z,-0.5808933690896126
307,-0.0555555555555556,0.0,0.0,0.0030864197530864196,y,x,x,9.11045550427859
307,-0.0555555555555556,0.0,0.0,0.0030864197530864196,y,x,y,37.96640037149001
307,-0.0555555555555556,0.0,0.0,0.0030864197530864196,y,x,z,0.7621190692029575
307,-0.0555555555555556,0.0,0.0,0.0030864197530864196,y,y,x,53.5486589072209
307,-0.0555555555555556,0.0,0.0,0.0030864197530864196,y,y,y,12.602618596288764
307,-0.0555555555555556,0.0,0.0,0.0030864197530864196,y,y,z,1.8329882520176364
307,-0.0555555555555556,0.0,0.0,0.0030864197530864196,y,z,x,-23.59980520686543
307,-0.0555555555555556,0.0,0.0,0.0030864197530864196,y,z,y,4.81161537371778
307,-0.0555555555555556,0.0,0.0,0.0030864197530864196,y,z,z,-1.0061823795889815
307,-0.0555555555555556,0.0,0.0,0.0030864197530864196,z,x,x,1.9901579245993302
307,-0.0555555555555556,0.0,0.0,0.0030864197530864196,z,x,y,87.46015940246863
307,-0.0555555555555556,0.0,0.0,0.0030864197530864196,z,x,z,-0.3744247731003369
307,-0.0555555555555556,0.0,0.0,0.0030864197530864196,z,y,x,-85.16267716422601
307,-0.0555555555555556,0.0,0.0,0.0030864197530864196,z,y,y,-1.990245406456109
307,-0.0555555555555556,0.0,0.0,0.0030864197530864196,z,y,z,-0.6484355624061782
307,-0.0555555555555556,0.0,0.0,0.0030864197530864196,z,z,x,3.62901650054539
307,-0.0555555555555556,0.0,0.0,0.0030864197530864196,z,z,y,6.285516214936968
307,-0.0555555555555556,0.0,0.0,0.0030864197530864196,z,z,z,6.076972717728785e-05
308,-0.0555555555555556,0.0555555555555556,0.0,0.0030864197530864196,x,x,x,-16.119512496889985
308,-0.0555555555555556,0.0555555555555556,0.0,0.0030864197530864196,x,x,y,5.413899508343237
308,-0.0555555555555556,0.0555555555555556,0.0,0.0030864197530864196,x,x,z,-1.236626021490817
308,-0.0555555555555556,0.0555555555555556,0.0,0.0030864197530864196,x,y,x,-1.902352156118871
308,-0.0555555555555556,0.0555555555555556,0.0,0.0030864197530864196,x,y,y,12.086017027147888
308,-0.0555555555555556,0.0555555555555556,0.0,0.0030864197530864196,x,y,z,0.3674088139739144
308,-0.0555555555555556,0.0555555555555556,0.0,0.0030864197530864196,x,z,x,-2.648905326411446
308,-0.0555555555555556,0.0555555555555556,0.0,0.0030864197530864196,x,z,y,8.953639181463085
308,-0.0555555555555556,0.0555555555555556,0.0,0.0030864197530864196,x,z,z,0.19127129745482566
308,-0.0555555555555556,0.0555555555555556,0.0,0.0030864197530864196,y,x,x,1.7371828974666719
308,-0.0555555555555556,0.0555555555555556,0.0,0.0030864197530864196,y,x,y,14.187090018056065
308,-0.0555555555555556,0.0555555555555556,0.0,0.0030864197530864196,y,x,z,1.0602825484826357
308,-0.0555555555555556,0.0555555555555556,0.0,0.0030864197530864196,y,y,x,9.963589214029408
308,-0.0555555555555556,0.0555555555555556,0.0,0.0030864197530864196,y,y,y,5.248658128682785
308,-0.0555555555555556,0.0555555555555556,0.0,0.0030864197530864196,y,y,z,1.2365361151472725
308,-0.0555555555555556,0.0555555555555556,0.0,0.0030864197530864196,y,z,x,-5.89478603116927
308,-0.0555555555555556,0.0555555555555556,0.0,0.0030864197530864196,y,z,y,2.648924267826896
308,-0.0555555555555556,0.0555555555555556,0.0,0.0030864197530864196,y,z,z,-0.33130867139946674
308,-0.0555555555555556,0.0555555555555556,0.0,0.0030864197530864196,z,x,x,-0.5757687746929584
308,-0.0555555555555556,0.0555555555555556,0.0,0.0030864197530864196,z,x,y,26.12033207931296
308,-0.0555555555555556,0.0555555555555556,0.0,0.0030864197530864196,z,x,z,0.1416388215529198
308,-0.0555555555555556,0.0555555555555556,0.0,0.0030864197530864196,z,y,x,-25.45551353833499
308,-0.0555555555555556,0.0555555555555556,0.0,0.0030864197530864196,z,y,y,0.5757519431986303
308,-0.0555555555555556,0.0555555555555556,0.0,0.0030864197530864196,z,y,z,-0.24500389989426893
308,-0.0555555555555556,0.0555555555555556,0.0,0.0030864197530864196,z,z,x,-1.9429524359146677
308,-0.0555555555555556,0.0555555555555556,0.0,0.0030864197530864196,z,z,y,3.3649739895247053
308,-0.0555555555555556,0.0555555555555556,0.0,0.0030864197530864196,z,z,z,3.488499137275294e-05
309,-0.0555555555555556,0.1111111111111111,0.0,0.0030864197530864196,x,x,x,-7.124919425035949
309,-0.0555555555555556,0.1111111111111111,0.0,0.0030864197530864196,x,x,y,0.7184600431568815
309,-0.0555555555555556,0.1111111111111111,0.0,0.0030864197530864196,x,x,z,0.07780929948733138
309,-0.0555555555555556,0.1111111111111111,0.0,0.0030864197530864196,x,y,x,3.0841930439559353
309,-0.0555555555555556,0.1111111111111111,0.0,0.0030864197530864196,x,y,y,3.1608918246330484
309,-0.0555555555555556,0.1111111111111111,0.0,0.0030864197530864196,x,y,z,1.21992306335422
309,-0.0555555555555556,0.1111111111111111,0.0,0.0030864197530864196,x,z,x,-1.2064359329609429
309,-0.0555555555555556,0.1111111111111111,0.0,0.0030864197530864196,x,z,y,3.503166791314414
309,-0.0555555555555556,0.1111111111111111,0.0,0.0030864197530864196,x,z,z,0.501087439264123
309,-0.0555555555555556,0.1111111111111111,0.0,0.0030864197530864196,y,x,x,-1.4045773157511627
309,-0.0555555555555556,0.1111111111111111,0.0,0.0030864197530864196,y,x,y,8.365101821348663
309,-0.0555555555555556,0.1111111111111111,0.0,0.0030864197530864196,y,x,z,0.807189037621581
309,-0.0555555555555556,0.1111111111111111,0.0,0.0030864197530864196,y,y,x,-1.90387682028878
309,-0.0555555555555556,0.1111111111111111,0.0,0.0030864197530864196,y,y,y,1.782038844924126
309,-0.0555555555555556,0.1111111111111111,0.0,0.0030864197530864196,y,y,z,0.11800090177910522
309,-0.0555555555555556,0.1111111111111111,0.0,0.0030864197530864196,y,z,x,-3.3396158864760253
309,-0.0555555555555556,0.1111111111111111,0.0,0.0030864197530864196,y,z,y,1.0930289850133281
309,-0.0555555555555556,0.1111111111111111,0.0,0.0030864197530864196,y,z,z,-0.14787120155520733
309,-0.0555555555555556,0.1111111111111111,0.0,0.0030864197530864196,z,x,x,-0.8043196447373379
309,-0.0555555555555556,0.1111111111111111,0.0,0.0030864197530864196,z,x,y,7.90334178268141
309,-0.0555555555555556,0.1111111111111111,0.0,0.0030864197530864196,z,x,z,-0.20881453233278394
309,-0.0555555555555556,0.1111111111111111,0.0,0.0030864197530864196,z,y,x,-5.190567644952915
309,-0.0555555555555556,0.1111111111111111,0.0,0.0030864197530864196,z,y,y,-0.0856927601820522
309,-0.0555555555555556,0.1111111111111111,0.0,0.0030864197530864196,z,y,z,-0.18426732437922133
309,-0.0555555555555556,0.1111111111111111,0.0,0.0030864197530864196,z,z,x,-2.416701476076618
309,-0.0555555555555556,0.1111111111111111,0.0,0.0030864197530864196,z,z,y,0.9926449146348664
309,-0.0555555555555556,0.1111111111111111,0.0,0.0030864197530864196,z,z,z,0.023306325655660903
310,-0.0555555555555556,0.1666666666666667,0.0,0.0030864197530864196,x,x,x,-2.7095406691197743
310,-0.0555555555555556,0.1666666666666667,0.0,0.0030864197530864196,x,x,y,-0.6188215863809301
310,-0.0555555555555556,0.1666666666666667,0.0,0.0030864197530864196,x,x,z,0.566562326862383
310,-0.0555555555555556,0.1666666666666667,0.0,0.0030864197530864196,x,y,x,4.076684899312594
310,-0.0555555555555556,0.1666666666666667,0.0,0.0030864197530864196,x,y,y,0.4419536975885142
310,-0.0555555555555556,0.1666666666666667,0.0,0.0030864197530864196,x,y,z,1.071191115567182
310,-0.0555555555555556,0.1666666666666667,0.0,0.0030864197530864196,x,z,x,-0.5590785028814039
310,-0.0555555555555556,0.1666666666666667,0.0,0.0030864197530864196,x,z,y,1.3489059549382583
310,-0.0555555555555556,0.1666666666666667,0.0,0.0030864197530864196,x,z,z,0.42559417136805444
310,-0.0555555555555556,0.1666666666666667,0.0,0.0030864197530864196,y,x,x,-1.4183997384195843
310,-0.0555555555555556,0.1666666666666667,0.0,0.0030864197530864196,y,x,y,8.180905504495977
310,-0.0555555555555556,0.1666666666666667,0.0,0.0030864197530864196,y,x,z,0.7890608181502561
310,-0.0555555555555556,0.1666666666666667,0.0,0.0030864197530864196,y,y,x,-5.510852471831688
310,-0.0555555555555556,0.1666666666666667,0.0,0.0030864197530864196,y,y,y,0.5072036221975311
310,-0.0555555555555556,0.1666666666666667,0.0,0.0030864197530864196,y,y,z,0.0021302204625118595
310,-0.0555555555555556,0.1666666666666667,0.0,0.0030864197530864196,y,z,x,-2.8773543824466814
310,-0.0555555555555556,0.1666666666666667,0.0,0.0030864197530864196,y,z,y,0.4315191619650808
310,-0.0555555555555556,0.1666666666666667,0.0,0.0030864197530864196,y,z,z,-0.09056430895283203
310,-0.0555555555555556,0.1666666666666667,0.0,0.0030864197530864196,z,x,x,-0.6348925729373204
310,-0.0555555555555556,0.1666666666666667,0.0,0.0030864197530864196,z,x,y,0.6114377812965572
310,-0.0555555555555556,0.1666666666666667,0.0,0.0030864197530864196,z,x,z,-0.504615873886203
310,-0.0555555555555556,0.1666666666666667,0.0,0.0030864197530864196,z,y,x,1.1197184924540522
310,-0.0555555555555556,0.1666666666666667,0.0,0.0030864197530864196,z,y,y,-0.5958784338896408
310,-0.0555555555555556,0.1666666666666667,0.0,0.0030864197530864196,z,y,z,-0.4703589401380204
310,-0.0555555555555556,0.1666666666666667,0.0,0.0030864197530864196,z,z,x,-1.6377411052993143
310,-0.0555555555555556,0.1666666666666667,0.0,0.0030864197530864196,z,z,y,0.4540049827470508
310,-0.0555555555555556,0.1666666666666667,0.0,0.0030864197530864196,z,z,z,0.05418010429533561
311,-0.0555555555555556,0.2222222222222222,0.0,0.0030864197530864196,x,x,x,0.18792048746474352
311,-0.0555555555555556,0.2222222222222222,0.0,0.0030864197530864196,x,x,y,-0.7491227826519183
311,-0.0555555555555556,0.2222222222222222,0.0,0.0030864197530864196,x,x,z,0.6257485471767025
311,-0.0555555555555556,0.2222222222222222,0.0,0.0030864197530864196,x,y,x,3.35397607588988
311,-0.0555555555555556,0.2222222222222222,0.0,0.0030864197530864196,x,y,y,-0.6476473702067538
311,-0.0555555555555556,0.2222222222222222,0.0,0.0030864197530864196,x,y,z,0.7802965754528577
311,-0.0555555555555556,0.2222222222222222,0.0,0.0030864197530864196,x,z,x,-0.20902600110983854
311,-0.0555555555555556,0.2222222222222222,0.0,0.0030864197530864196,x,z,y,-0.09516740709711054
311,-0.0555555555555556,0.2222222222222222,0.0,0.0030864197530864196,x,z,z,0.2559104022194853
311,-0.0555555555555556,0.2222222222222222,0.0,0.0030864197530864196,y,x,x,-0.7767897028782694
311,-0.0555555555555556,0.2222222222222222,0.0,0.0030864197530864196,y,x,y,6.141258432240434
311,-0.0555555555555556,0.2222222222222222,0.0,0.0030864197530864196,y,x,z,0.7938080626632932
311,-0.0555555555555556,0.2222222222222222,0.0,0.0030864197530864196,y,y,x,-4.909509569179016
311,-0.0555555555555556,0.2222222222222222,0.0,0.0030864197530864196,y,y,y,-0.07926240348349378
311,-0.0555555555555556,0.2222222222222222,0.0,0.0030864197530864196,y,y,z,0.18142433166347155
311,-0.0555555555555556,0.2222222222222222,0.0,0.0030864197530864196,y,z,x,-2.3339306656567627
311,-0.0555555555555556,0.2222222222222222,0.0,0.0030864197530864196,y,z,y,-0.08955758388679966
311,-0.0555555555555556,0.2222222222222222,0.0,0.0030864197530864196,y,z,z,-0.040485590630112284
311,-0.0555555555555556,0.2222222222222222,0.0,0.0030864197530864196,z,x,x,-0.47906942859000085
311,-0.0555555555555556,0.2222222222222222,0.0,0.0030864197530864196,z,x,y,-2.5068642936580083
311,-0.0555555555555556,0.2222222222222222,0.0,0.0030864197530864196,z,x,z,-0.7553369663461189
311,-0.0555555555555556,0.2222222222222222,0.0,0.0030864197530864196,z,y,x,2.6285790375222966
311,-0.0555555555555556,0.2222222222222222,0.0,0.0030864197530864196,z,y,y,-0.5510957691430208
311,-0.0555555555555556,0.2222222222222222,0.0,0.0030864197530864196,z,y,z,-0.7061771293852326
311,-0.0555555555555556,0.2222222222222222,0.0,0.0030864197530864196,z,z,x,-0.22935395228450514
311,-0.0555555555555556,0.2222222222222222,0.0,0.0030864197530864196,z,z,y,0.37540498665051275
311,-0.0555555555555556,0.2222222222222222,0.0,0.0030864197530864196,z,z,z,0.05920045172627964
312,-0.0555555555555556,0.2777777777777778,0.0,0.0030864197530864196,x,x,x,1.4109822815388187
312,-0.0555555555555556,0.2777777777777778,0.0,0.0030864197530864196,x,x,y,-0.36114336342854686
312,-0.0555555555555556,0.2777777777777778,0.0,0.0030864197530864196,x,x,z,0.4564660902098025
312,-0.0555555555555556,0.2777777777777778,0.0,0.0030864197530864196,x,y,x,1.9584322625391484
312,-0.0555555555555556,0.2777777777777778,0.0,0.0030864197530864196,x,y,y,-0.5711004856434789
312,-0.0555555555555556,0.2777777777777778,0.0,0.0030864197530864196,x,y,z,0.45966182439921
312,-0.0555555555555556,0.2777777777777778,0.0,0.0030864197530864196,x,z,x,-0.10890816624114742
312,-0.0555555555555556,0.2777777777777778,0.0,0.0030864197530864196,x,z,y,-0.8183983349141816
312,-0.0555555555555556,0.2777777777777778,0.0,0.0030864197530864196,x,z,z,0.07372242073619703
312,-0.0555555555555556,0.2777777777777778,0.0,0.0030864197530864196,y,x,x,-0.2952252070277142
312,-0.0555555555555556,0.2777777777777778,0.0,0.0030864197530864196,y,x,y,2.171201925384525
312,-0.0555555555555556,0.2777777777777778,0.0,0.0030864197530864196,y,x,z,0.6811456930147299
312,-0.0555555555555556,0.2777777777777778,0.0,0.0030864197530864196,y,y,x,-1.8365640592185561
312,-0.0555555555555556,0.2777777777777778,0.0,0.0030864197530864196,y,y,y,-0.2015620360770802
312,-0.0555555555555556,0.2777777777777778,0.0,0.0030864197530864196,y,y,z,0.2686218815218885
312,-0.0555555555555556,0.2777777777777778,0.0,0.0030864197530864196,y,z,x,-1.4907331637244654
312,-0.0555555555555556,0.2777777777777778,0.0,0.0030864197530864196,y,z,y,-0.33158522446055977
312,-0.0555555555555556,0.2777777777777778,0.0,0.0030864197530864196,y,z,z,-0.012752151896102421
312,-0.0555555555555556,0.2777777777777778,0.0,0.0030864197530864196,z,x,x,-0.33113917414635285
312,-0.0555555555555556,0.2777777777777778,0.0,0.0030864197530864196,z,x,y,-2.189935686028702
312,-0.0555555555555556,0.2777777777777778,0.0,0.0030864197530864196,z,x,z,-0.8179520204260369
312,-0.0555555555555556,0.2777777777777778,0.0,0.0030864197530864196,z,y,x,1.3859461290475845
312,-0.0555555555555556,0.2777777777777778,0.0,0.0030864197530864196,z,y,y,-0.2722212761048066
312,-0.0555555555555556,0.2777777777777778,0.0,0.0030864197530864196,z,y,z,-0.6391811520502051
312,-0.0555555555555556,0.2777777777777778,0.0,0.0030864197530864196,z,z,x,0.798841152691336
312,-0.0555555555555556,0.2777777777777778,0.0,0.0030864197530864196,z,z,y,0.33485449226091896
312,-0.0555555555555556,0.2777777777777778,0.0,0.0030864197530864196,z,z,z,0.0381556367768978
313,-0.0555555555555556,0.3333333333333333,0.0,0.0030864197530864196,x,x,x,1.4221040063970796
313,-0.0555555555555556,0.3333333333333333,0.0,0.0030864197530864196,x,x,y,-0.08868472491786751
313,-0.0555555555555556,0.3333333333333333,0.0,0.0030864197530864196,x,x,z,0.2649004710730065
313,-0.0555555555555556,0.3333333333333333,0.0,0.0030864197530864196,x,y,x,0.9040672181393629
313,-0.0555555555555556,0.3333333333333333,0.0,0.0030864197530864196,x,y,y,-0.2822822422152199
313,-0.0555555555555556,0.3333333333333333,0.0,0.0030864197530864196,x,y,z,0.2679296739120471
313,-0.0555555555555556,0.3333333333333333,0.0,0.0030864197530864196,x,z,x,-0.036667504891085334
313,-0.0555555555555556,0.3333333333333333,0.0,0.0030864197530864196,x,z,y,-0.8787737661159564
313,-0.0555555555555556,0.3333333333333333,0.0,0.0030864197530864196,x,z,z,-0.059404669100876814
313,-0.0555555555555556,0.3333333333333333,0.0,0.0030864197530864196,y,x,x,-0.08212786763509085
313,-0.0555555555555556,0.3333333333333333,0.0,0.0030864197530864196,y,x,y,-0.6623806639882014
313,-0.0555555555555556,0.3333333333333333,0.0,0.0030864197530864196,y,x,z,0.48541763061502724
313,-0.0555555555555556,0.3333333333333333,0.0,0.0030864197530864196,y,y,x,0.5287097129612296
313,-0.0555555555555556,0.3333333333333333,0.0,0.0030864197530864196,y,y,y,-0.13450393577997094
313,-0.0555555555555556,0.3333333333333333,0.0,0.0030864197530864196,y,y,z,0.2215151451636555
313,-0.0555555555555556,0.3333333333333333,0.0,0.0030864197530864196,y,z,x,-0.7860948727046785
313,-0.0555555555555556,0.3333333333333333,0.0,0.0030864197530864196,y,z,y,-0.29934778428507625
313,-0.0555555555555556,0.3333333333333333,0.0,0.0030864197530864196,y,z,z,-0.009762137383268768
313,-0.0555555555555556,0.3333333333333333,0.0,0.0030864197530864196,z,x,x,-0.1829386830538627
313,-0.0555555555555556,0.3333333333333333,0.0,0.0030864197530864196,z,x,y,-0.8044375450375852
313,-0.0555555555555556,0.3333333333333333,0.0,0.0030864197530864196,z,x,z,-0.7314948295793602
313,-0.0555555555555556,0.3333333333333333,0.0,0.0030864197530864196,z,y,x,-0.14350718456369715
313,-0.0555555555555556,0.3333333333333333,0.0,0.0030864197530864196,z,y,y,-0.08324315691336118
313,-0.0555555555555556,0.3333333333333333,0.0,0.0030864197530864196,z,y,z,-0.4157616147352388
313,-0.0555555555555556,0.3333333333333333,0.0,0.0030864197530864196,z,z,x,1.0891873450917258
313,-0.0555555555555556,0.3333333333333333,0.0,0.0030864197530864196,z,z,y,0.22322639860637902
313,-0.0555555555555556,0.3333333333333333,0.0,0.0030864197530864196,z,z,z,0.012248681418050342
314,-0.0555555555555556,0.3888888888888889,0.0,0.0030864197530864196,x,x,x,1.170253621916414
314,-0.0555555555555556,0.3888888888888889,0.0,0.0030864197530864196,x,x,y,0.004633229494927356
314,-0.0555555555555556,0.3888888888888889,0.0,0.0030864197530864196,x,x,z,0.12780096889894296
314,-0.0555555555555556,0.3888888888888889,0.0,0.0030864197530864196,x,y,x,0.3638710152687309
314,-0.0555555555555556,0.3888888888888889,0.0,0.0030864197530864196,x,y,y,-0.10643142911194103
314,-0.0555555555555556,0.3888888888888889,0.0,0.0030864197530864196,x,y,z,0.20388126240649568
314,-0.0555555555555556,0.3888888888888889,0.0,0.0030864197530864196,x,z,x,-0.015090699088714332
314,-0.0555555555555556,0.3888888888888889,0.0,0.0030864197530864196,x,z,y,-0.7544018987387238
314,-0.0555555555555556,0.3888888888888889,0.0,0.0030864197530864196,x,z,z,-0.13650718612855717
314,-0.0555555555555556,0.3888888888888889,0.0,0.0030864197530864196,y,x,x,-0.007555260316207904
314,-0.0555555555555556,0.3888888888888889,0.0,0.0030864197530864196,y,x,y,-1.8957308487619244
314,-0.0555555555555556,0.3888888888888889,0.0,0.0030864197530864196,y,x,z,0.3226257709024596
314,-0.0555555555555556,0.3888888888888889,0.0,0.0030864197530864196,y,y,x,1.5482110865820575
314,-0.0555555555555556,0.3888888888888889,0.0,0.0030864197530864196,y,y,y,-0.0643756872088518
314,-0.0555555555555556,0.3888888888888889,0.0,0.0030864197530864196,y,y,z,0.13155260562483137
314,-0.0555555555555556,0.3888888888888889,0.0,0.0030864197530864196,y,z,x,-0.3792489787732982
314,-0.0555555555555556,0.3888888888888889,0.0,0.0030864197530864196,y,z,y,-0.18231454197369446
314,-0.0555555555555556,0.3888888888888889,0.0,0.0030864197530864196,y,z,z,-0.005772091851873107
314,-0.0555555555555556,0.3888888888888889,0.0,0.0030864197530864196,z,x,x,-0.07302372851268817
314,-0.0555555555555556,0.3888888888888889,0.0,0.0030864197530864196,z,x,y,0.16152770053415283
314,-0.0555555555555556,0.3888888888888889,0.0,0.0030864197530864196,z,x,z,-0.6229574693023628
314,-0.0555555555555556,0.3888888888888889,0.0,0.0030864197530864196,z,y,x,-1.072851852621718
314,-0.0555555555555556,0.3888888888888889,0.0,0.0030864197530864196,z,y,y,-0.01984568554428189
314,-0.0555555555555556,0.3888888888888889,0.0,0.0030864197530864196,z,y,z,-0.21524478239431805
314,-0.0555555555555556,0.3888888888888889,0.0,0.0030864197530864196,z,z,x,1.0912005777717222
314,-0.0555555555555556,0.3888888888888889,0.0,0.0030864197530864196,z,z,y,0.11699297369642178
314,-0.0555555555555556,0.3888888888888889,0.0,0.0030864197530864196,z,z,z,-0.00013937441051434517
315,-0.0555555555555556,0.4444444444444444,0.0,0.0030864197530864196,x,x,x,1.026992234996965
315,-0.0555555555555556,0.4444444444444444,0.0,0.0030864197530864196,x,x,y,0.014732543054820808
315,-0.0555555555555556,0.4444444444444444,0.0,0.0030864197530864196,x,x,z,0.03551209479968379
315,-0.0555555555555556,0.4444444444444444,0.0,0.0030864197530864196,x,y,x,0.09938747608793858
315,-0.0555555555555556,0.4444444444444444,0.0,0.0030864197530864196,x,y,y,-0.037390779808086694
315,-0.0555555555555556,0.4444444444444444,0.0,0.0030864197530864196,x,y,z,0.20245151140250237
315,-0.0555555555555556,0.4444444444444444,0.0,0.0030864197530864196,x,z,x,-0.008929830084792494
315,-0.0555555555555556,0.4444444444444444,0.0,0.0030864197530864196,x,z,y,-0.6808235930504694
315,-0.0555555555555556,0.4444444444444444,0.0,0.0030864197530864196,x,z,z,-0.16418212415393146
315,-0.0555555555555556,0.4444444444444444,0.0,0.0030864197530864196,y,x,x,0.005718831204453688
315,-0.0555555555555556,0.4444444444444444,0.0,0.0030864197530864196,y,x,y,-2.293312703191757
315,-0.0555555555555556,0.4444444444444444,0.0,0.0030864197530864196,y,x,z,0.2428657075496845
315,-0.0555555555555556,0.4444444444444444,0.0,0.0030864197530864196,y,y,x,1.8537594031155962
315,-0.0555555555555556,0.4444444444444444,0.0,0.0030864197530864196,y,y,y,-0.01858341682961733
315,-0.0555555555555556,0.4444444444444444,0.0,0.0030864197530864196,y,y,z,0.04653331027535391
315,-0.0555555555555556,0.4444444444444444,0.0,0.0030864197530864196,y,z,x,-0.22045795890486153
315,-0.0555555555555556,0.4444444444444444,0.0,0.0030864197530864196,y,z,y,-0.058302869523554464
315,-0.0555555555555556,0.4444444444444444,0.0,0.0030864197530864196,y,z,z,-0.0005221688605048993
315,-0.0555555555555556,0.4444444444444444,0.0,0.0030864197530864196,z,x,x,-0.02539695530425436
315,-0.0555555555555556,0.4444444444444444,0.0,0.0030864197530864196,z,x,y,0.58600102881223
315,-0.0555555555555556,0.4444444444444444,0.0,0.0030864197530864196,z,x,z,-0.5797220465429684
315,-0.0555555555555556,0.4444444444444444,0.0,0.0030864197530864196,z,y,x,-1.4392139849425323
315,-0.0555555555555556,0.4444444444444444,0.0,0.0030864197530864196,z,y,y,-0.005348354281362719
315,-0.0555555555555556,0.4444444444444444,0.0,0.0030864197530864196,z,y,z,-0.06259363822788137
315,-0.0555555555555556,0.4444444444444444,0.0,0.0030864197530864196,z,z,x,1.0619706344461275
315,-0.0555555555555556,0.4444444444444444,0.0,0.0030864197530864196,z,z,y,0.03455560127100504
315,-0.0555555555555556,0.4444444444444444,0.0,0.0030864197530864196,z,z,z,-0.0012168380376790713
316,-0.0555555555555556,0.5,0.0,0.0030864197530864196,x,x,x,1.0269920704565365
316,-0.0555555555555556,0.5,0.0,0.0030864197530864196,x,x,y,-0.014724949624597021
316,-0.0555555555555556,0.5,0.0,0.0030864197530864196,x,x,z,-0.035514687322581735
316,-0.0555555555555556,0.5,0.0,0.0030864197530864196,x,y,x,-0.09940075875669445
316,-0.0555555555555556,0.5,0.0,0.0030864197530864196,x,y,y,-0.03739064071383529
316,-0.0555555555555556,0.5,0.0,0.0030864197530864196,x,y,z,0.20245185588570108
316,-0.0555555555555556,0.5,0.0,0.0030864197530864196,x,z,x,0.008931444924566323
316,-0.0555555555555556,0.5,0.0,0.0030864197530864196,x,z,y,-0.6808238328577554
316,-0.0555555555555556,0.5,0.0,0.0030864197530864196,x,z,z,-0.16418209093331443
316,-0.0555555555555556,0.5,0.0,0.0030864197530864196,y,x,x,-0.0057164809320139716
316,-0.0555555555555556,0.5,0.0,0.0030864197530864196,y,x,y,-2.293311110618519
316,-0.0555555555555556,0.5,0.0,0.0030864197530864196,y,x,z,0.24286560117635536
316,-0.0555555555555556,0.5,0.0,0.0030864197530864196,y,y,x,1.8537576044257005
316,-0.0555555555555556,0.5,0.0,0.0030864197530864196,y,y,y,0.0185840098706147
316,-0.0555555555555556,0.5,0.0,0.0030864197530864196,y,y,z,-0.04653167555468915
316,-0.0555555555555556,0.5,0.0,0.0030864197530864196,y,z,x,-0.22045777245393117
316,-0.0555555555555556,0.5,0.0,0.0030864197530864196,y,z,y,0.05829996602657603
316,-0.0555555555555556,0.5,0.0,0.0030864197530864196,y,z,z,0.0005218089947885542
316,-0.0555555555555556,0.5,0.0,0.0030864197530864196,z,x,x,0.025397947989109593
316,-0.0555555555555556,0.5,0.0,0.0030864197530864196,z,x,y,0.586001231292009
316,-0.0555555555555556,0.5,0.0,0.0030864197530864196,z,x,z,-0.5797213024697
316,-0.0555555555555556,0.5,0.0,0.0030864197530864196,z,y,x,-1.4392141711422808
316,-0.0555555555555556,0.5,0.0,0.0030864197530864196,z,y,y,0.005348953357193208
316,-0.0555555555555556,0.5,0.0,0.0030864197530864196,z,y,z,0.06259667386161073
316,-0.0555555555555556,0.5,0.0,0.0030864197530864196,z,z,x,1.0619697459490594
316,-0.0555555555555556,0.5,0.0,0.0030864197530864196,z,z,y,-0.03456089723299548
316,-0.0555555555555556,0.5,0.0,0.0030864197530864196,z,z,z,0.0012171967717197203
317,-0.0555555555555556,-0.4444444444444444,0.0,0.0030864197530864196,x,x,x,1.170252481449656
317,-0.0555555555555556,-0.4444444444444444,0.0,0.0030864197530864196,x,x,y,-0.0046247152478389045
317,-0.0555555555555556,-0.4444444444444444,0.0,0.0030864197530864196,x,x,z,-0.12780364856555687
317,-0.0555555555555556,-0.4444444444444444,0.0,0.0030864197530864196,x,y,x,-0.3638855376114026
317,-0.0555555555555556,-0.4444444444444444,0.0,0.0030864197530864196,x,y,y,-0.10643086753523527
317,-0.0555555555555556,-0.4444444444444444,0.0,0.0030864197530864196,x,y,z,0.20388208363484192
317,-0.0555555555555556,-0.4444444444444444,0.0,0.0030864197530864196,x,z,x,0.015092540393165465
317,-0.0555555555555556,-0.4444444444444444,0.0,0.0030864197530864196,x,z,y,-0.7544023815050797
317,-0.0555555555555556,-0.4444444444444444,0.0,0.0030864197530864196,x,z,z,-0.13650706728623044
317,-0.0555555555555556,-0.4444444444444444,0.0,0.0030864197530864196,y,x,x,0.007558386091454861
317,-0.0555555555555556,-0.4444444444444444,0.0,0.0030864197530864196,y,x,y,-1.895726884310331
317,-0.0555555555555556,-0.4444444444444444,0.0,0.0030864197530864196,y,x,z,0.322625122135688
317,-0.0555555555555556,-0.4444444444444444,0.0,0.0030864197530864196,y,y,x,1.5482068004668716
317,-0.0555555555555556,-0.4444444444444444,0.0,0.0030864197530864196,y,y,y,0.06437593535913137
317,-0.0555555555555556,-0.4444444444444444,0.0,0.0030864197530864196,y,y,z,-0.13155088770275403
317,-0.0555555555555556,-0.4444444444444444,0.0,0.0030864197530864196,y,z,x,-0.37924852541381854
317,-0.0555555555555556,-0.4444444444444444,0.0,0.0030864197530864196,y,z,y,0.1823112070651295
317,-0.0555555555555556,-0.4444444444444444,0.0,0.0030864197530864196,y,z,z,0.005771665743568312
317,-0.0555555555555556,-0.4444444444444444,0.0,0.0030864197530864196,z,x,x,0.07302501046133054
317,-0.0555555555555556,-0.4444444444444444,0.0,0.0030864197530864196,z,x,y,0.16152948393421554
317,-0.0555555555555556,-0.4444444444444444,0.0,0.0030864197530864196,z,x,z,-0.6229548298103293
317,-0.0555555555555556,-0.4444444444444444,0.0,0.0030864197530864196,z,y,x,-1.0728532631286976
317,-0.0555555555555556,-0.4444444444444444,0.0,0.0030864197530864196,z,y,y,0.019846108275643922
317,-0.0555555555555556,-0.4444444444444444,0.0,0.0030864197530864196,z,y,z,0.21524818198336146
317,-0.0555555555555556,-0.4444444444444444,0.0,0.0030864197530864196,z,z,x,1.0911970966870173
317,-0.0555555555555556,-0.4444444444444444,0.0,0.0030864197530864196,z,z,y,-0.11699880417438269
317,-0.0555555555555556,-0.4444444444444444,0.0,0.0030864197530864196,z,z,z,0.0001397038095485376
318,-0.0555555555555556,-0.3888888888888888,0.0,0.0030864197530864196,x,x,x,1.4221010261706366
318,-0.0555555555555556,-0.3888888888888888,0.0,0.0030864197530864196,x,x,y,0.08869471804740985
318,-0.0555555555555556,-0.3888888888888888,0.0,0.0030864197530864196,x,x,z,-0.26490333955523127
318,-0.0555555555555556,-0.3888888888888888,0.0,0.0030864197530864196,x,y,x,-0.9040831756283613
318,-0.0555555555555556,-0.3888888888888888,0.0,0.0030864197530864196,x,y,y,-0.28228040691966627
318,-0.0555555555555556,-0.3888888888888888,0.0,0.0030864197530864196,x,y,z,0.26793148107012155
318,-0.0555555555555556,-0.3888888888888888,0.0,0.0030864197530864196,x,z,x,0.03666923051661522
318,-0.0555555555555556,-0.3888888888888888,0.0,0.0030864197530864196,x,z,y,-0.8787745437563215
318,-0.0555555555555556,-0.3888888888888888,0.0,0.0030864197530864196,x,z,z,-0.059404509753373316
318,-0.0555555555555556,-0.3888888888888888,0.0,0.0030864197530864196,y,x,x,0.08213267526799854
318,-0.0555555555555556,-0.3888888888888888,0.0,0.0030864197530864196,y,x,y,-0.6623774336028336
318,-0.0555555555555556,-0.3888888888888888,0.0,0.0030864197530864196,y,x,z,0.48541562408588085
318,-0.0555555555555556,-0.3888888888888888,0.0,0.0030864197530864196,y,y,x,0.5287049708283013
318,-0.0555555555555556,-0.3888888888888888,0.0,0.0030864197530864196,y,y,y,0.13450335256668336
318,-0.0555555555555556,-0.3888888888888888,0.0,0.0030864197530864196,y,y,z,-0.22151332485103012
318,-0.0555555555555556,-0.3888888888888888,0.0,0.0030864197530864196,y,z,x,-0.7860926475693197
318,-0.0555555555555556,-0.3888888888888888,0.0,0.0030864197530864196,y,z,y,0.2993437877078727
318,-0.0555555555555556,-0.3888888888888888,0.0,0.0030864197530864196,y,z,z,0.009761665431728518
318,-0.0555555555555556,-0.3888888888888888,0.0,0.0030864197530864196,z,x,x,0.18294117006707888
318,-0.0555555555555556,-0.3888888888888888,0.0,0.0030864197530864196,z,x,y,-0.8044304877162307
318,-0.0555555555555556,-0.3888888888888888,0.0,0.0030864197530864196,z,x,z,-0.7314899375687929
318,-0.0555555555555556,-0.3888888888888888,0.0,0.0030864197530864196,z,y,x,-0.14351332799225813
318,-0.0555555555555556,-0.3888888888888888,0.0,0.0030864197530864196,z,y,y,0.083242599970902
318,-0.0555555555555556,-0.3888888888888888,0.0,0.0030864197530864196,z,y,z,0.41576537833362237
318,-0.0555555555555556,-0.3888888888888888,0.0,0.0030864197530864196,z,z,x,1.0891809932223715
318,-0.0555555555555556,-0.3888888888888888,0.0,0.0030864197530864196,z,z,y,-0.22323314558412888
318,-0.0555555555555556,-0.3888888888888888,0.0,0.0030864197530864196,z,z,z,-0.012248434799565692
319,-0.0555555555555556,-0.3333333333333334,0.0,0.0030864197530864196,x,x,x,1.4109771388147383
319,-0.0555555555555556,-0.3333333333333334,0.0,0.0030864197530864196,x,x,y,0.36115382764612397
319,-0.0555555555555556,-0.3333333333333334,0.0,0.0030864197530864196,x,x,z,-0.4564688271974825
319,-0.0555555555555556,-0.3333333333333334,0.0,0.0030864197530864196,x,y,x,-1.9584442590015838
319,-0.0555555555555556,-0.3333333333333334,0.0,0.0030864197530864196,x,y,y,-0.5710954276180181
319,-0.0555555555555556,-0.3333333333333334,0.0,0.0030864197530864196,x,y,z,0.45966479119201115
319,-0.0555555555555556,-0.3333333333333334,0.0,0.0030864197530864196,x,z,x,0.10890941140475191
319,-0.0555555555555556,-0.3333333333333334,0.0,0.0030864197530864196,x,z,y,-0.8183996650263539
319,-0.0555555555555556,-0.3333333333333334,0.0,0.0030864197530864196,x,z,z,0.07372243229562923
319,-0.0555555555555556,-0.3333333333333334,0.0,0.0030864197530864196,y,x,x,0.29523196716030564
319,-0.0555555555555556,-0.3333333333333334,0.0,0.0030864197530864196,y,x,y,2.1711913014615445
319,-0.0555555555555556,-0.3333333333333334,0.0,0.0030864197530864196,y,x,z,0.6811405153721642
319,-0.0555555555555556,-0.3333333333333334,0.0,0.0030864197530864196,y,y,x,-1.83656030124654
319,-0.0555555555555556,-0.3333333333333334,0.0,0.0030864197530864196,y,y,y,0.20156018750828417
319,-0.0555555555555556,-0.3333333333333334,0.0,0.0030864197530864196,y,y,z,-0.26862018435870777
319,-0.0555555555555556,-0.3333333333333334,0.0,0.0030864197530864196,y,z,x,-1.4907256198910912
319,-0.0555555555555556,-0.3333333333333334,0.0,0.0030864197530864196,y,z,y,0.33158119790210605
319,-0.0555555555555556,-0.3333333333333334,0.0,0.0030864197530864196,y,z,z,0.012751590526031198
319,-0.0555555555555556,-0.3333333333333334,0.0,0.0030864197530864196,z,x,x,0.3311442798223051
319,-0.0555555555555556,-0.3333333333333334,0.0,0.0030864197530864196,z,x,y,-2.189916622409331
319,-0.0555555555555556,-0.3333333333333334,0.0,0.0030864197530864196,z,x,z,-0.8179440003037448
319,-0.0555555555555556,-0.3333333333333334,0.0,0.0030864197530864196,z,y,x,1.3859269910124281
319,-0.0555555555555556,-0.3333333333333334,0.0,0.0030864197530864196,z,y,y,0.2722170048920988
319,-0.0555555555555556,-0.3333333333333334,0.0,0.0030864197530864196,z,y,z,0.6391845007647982
319,-0.0555555555555556,-0.3333333333333334,0.0,0.0030864197530864196,z,z,x,0.7988321307913099
319,-0.0555555555555556,-0.3333333333333334,0.0,0.0030864197530864196,z,z,y,-0.3348616092782775
319,-0.0555555555555556,-0.3333333333333334,0.0,0.0030864197530864196,z,z,z,-0.03815559740361259
320,-0.0555555555555556,-0.2777777777777778,0.0,0.0030864197530864196,x,x,x,0.18791998060732418
320,-0.0555555555555556,-0.2777777777777778,0.0,0.0030864197530864196,x,x,y,0.7491318324409317
320,-0.0555555555555556,-0.2777777777777778,0.0,0.0030864197530864196,x,x,z,-0.6257505043332926
320,-0.0555555555555556,-0.2777777777777778,0.0,0.0030864197530864196,x,y,x,-3.3539717648746374
320,-0.0555555555555556,-0.2777777777777778,0.0,0.0030864197530864196,x,y,y,-0.6476378038823974
320,-0.0555555555555556,-0.2777777777777778,0.0,0.0030864197530864196,x,y,z,0.7803000836967664
320,-0.0555555555555556,-0.2777777777777778,0.0,0.0030864197530864196,x,z,x,0.20902724816441912
320,-0.0555555555555556,-0.2777777777777778,0.0,0.0030864197530864196,x,z,y,-0.09517209567450757
320,-0.0555555555555556,-0.2777777777777778,0.0,0.0030864197530864196,x,z,z,0.25590981212277153
320,-0.0555555555555556,-0.2777777777777778,0.0,0.0030864197530864196,y,x,x,0.7767937484830904
320,-0.0555555555555556,-0.2777777777777778,0.0,0.0030864197530864196,y,x,y,6.141207787355923
320,-0.0555555555555556,-0.2777777777777778,0.0,0.0030864197530864196,y,x,z,0.793796259594192
320,-0.0555555555555556,-0.2777777777777778,0.0,0.0030864197530864196,y,y,x,-4.909478721065603
320,-0.0555555555555556,-0.2777777777777778,0.0,0.0030864197530864196,y,y,y,0.07926164741346675
320,-0.0555555555555556,-0.2777777777777778,0.0,0.0030864197530864196,y,y,z,-0.18142321976986397
320,-0.0555555555555556,-0.2777777777777778,0.0,0.0030864197530864196,y,z,x,-2.3339109122743946
320,-0.0555555555555556,-0.2777777777777778,0.0,0.0030864197530864196,y,z,y,0.08955585461462236
320,-0.0555555555555556,-0.2777777777777778,0.0,0.0030864197530864196,y,z,z,0.040484990646962114
320,-0.0555555555555556,-0.2777777777777778,0.0,0.0030864197530864196,z,x,x,0.47907854203324035
320,-0.0555555555555556,-0.2777777777777778,0.0,0.0030864197530864196,z,x,y,-2.5068352612694143
320,-0.0555555555555556,-0.2777777777777778,0.0,0.0030864197530864196,z,x,z,-0.7553255013046181
320,-0.0555555555555556,-0.2777777777777778,0.0,0.0030864197530864196,z,y,x,2.6285416846431944
320,-0.0555555555555556,-0.2777777777777778,0.0,0.0030864197530864196,z,y,y,0.5510819572345015
320,-0.0555555555555556,-0.2777777777777778,0.0,0.0030864197530864196,z,y,z,0.7061782564782
320,-0.0555555555555556,-0.2777777777777778,0.0,0.0030864197530864196,z,z,x,-0.22936028737186795
320,-0.0555555555555556,-0.2777777777777778,0.0,0.0030864197530864196,z,z,y,-0.3754100713811921
320,-0.0555555555555556,-0.2777777777777778,0.0,0.0030864197530864196,z,z,z,-0.05920076814915676
321,-0.0555555555555556,-0.2222222222222222,0.0,0.0030864197530864196,x,x,x,-2.709519235639608
321,-0.0555555555555556,-0.2222222222222222,0.0,0.0030864197530864196,x,x,y,0.6188364237164975
321,-0.0555555555555556,-0.2222222222222222,0.0,0.0030864197530864196,x,x,z,-0.5665636730507411
321,-0.0555555555555556,-0.2222222222222222,0.0,0.0030864197530864196,x,y,x,-4.076663870202537
321,-0.0555555555555556,-0.2222222222222222,0.0,0.0030864197530864196,x,y,y,0.44196027630530166
321,-0.0555555555555556,-0.2222222222222222,0.0,0.0030864197530864196,x,y,z,1.0711937193698595
321,-0.0555555555555556,-0.2222222222222222,0.0,0.0030864197530864196,x,z,x,0.5590822634970289
321,-0.0555555555555556,-0.2222222222222222,0.0,0.0030864197530864196,x,z,y,1.3488918043630238
321,-0.0555555555555556,-0.2222222222222222,0.0,0.0030864197530864196,x,z,z,0.4255920932520944
321,-0.0555555555555556,-0.2222222222222222,0.0,0.0030864197530864196,y,x,x,1.418389837921438
321,-0.0555555555555556,-0.2222222222222222,0.0,0.0030864197530864196,y,x,y,8.18081270708101
321,-0.0555555555555556,-0.2222222222222222,0.0,0.0030864197530864196,y,x,z,0.7890405143552043
321,-0.0555555555555556,-0.2222222222222222,0.0,0.0030864197530864196,y,y,x,-5.510802072387279
321,-0.0555555555555556,-0.2222222222222222,0.0,0.0030864197530864196,y,y,y,-0.5071929938326794
321,-0.0555555555555556,-0.2222222222222222,0.0,0.0030864197530864196,y,y,z,-0.0021300731873436043
321,-0.0555555555555556,-0.2222222222222222,0.0,0.0030864197530864196,y,z,x,-2.877320084243681
321,-0.0555555555555556,-0.2222222222222222,0.0,0.0030864197530864196,y,z,y,-0.43151522730352926
321,-0.0555555555555556,-0.2222222222222222,0.0,0.0030864197530864196,y,z,z,0.09056390633889884
321,-0.0555555555555556,-0.2222222222222222,0.0,0.0030864197530864196,z,x,x,0.6349027025223076
321,-0.0555555555555556,-0.2222222222222222,0.0,0.0030864197530864196,z,x,y,0.6114420897970393
321,-0.0555555555555556,-0.2222222222222222,0.0,0.0030864197530864196,z,x,z,-0.5046042928640266
321,-0.0555555555555556,-0.2222222222222222,0.0,0.0030864197530864196,z,y,x,1.1196836049850973
321,-0.0555555555555556,-0.2222222222222222,0.0,0.0030864197530864196,z,y,y,0.5958524425848607
321,-0.0555555555555556,-0.2222222222222222,0.0,0.0030864197530864196,z,y,z,0.47035708995977693
321,-0.0555555555555556,-0.2222222222222222,0.0,0.0030864197530864196,z,z,x,-1.6377346726529802
321,-0.0555555555555556,-0.2222222222222222,0.0,0.0030864197530864196,z,z,y,-0.4540053159852422
321,-0.0555555555555556,-0.2222222222222222,0.0,0.0030864197530864196,z,z,z,-0.054180770115124295
322,-0.0555555555555556,-0.1666666666666666,0.0,0.0030864197530864196,x,x,x,-7.12485143533264
322,-0.0555555555555556,-0.1666666666666666,0.0,0.0030864197530864196,x,x,y,-0.7184121635330387
322,-0.0555555555555556,-0.1666666666666666,0.0,0.0030864197530864196,x,x,z,-0.07781221350979856
322,-0.0555555555555556,-0.1666666666666666,0.0,0.0030864197530864196,x,y,x,-3.0841880308064282
322,-0.0555555555555556,-0.1666666666666666,0.0,0.0030864197530864196,x,y,y,3.16087706725195
322,-0.0555555555555556,-0.1666666666666666,0.0,0.0030864197530864196,x,y,z,1.2199225534208356
322,-0.0555555555555556,-0.1666666666666666,0.0,0.0030864197530864196,x,z,x,1.2064441540300896
322,-0.0555555555555556,-0.1666666666666666,0.0,0.0030864197530864196,x,z,y,3.503133600724855
322,-0.0555555555555556,-0.1666666666666666,0.0,0.0030864197530864196,x,z,z,0.5010831706241404
322,-0.0555555555555556,-0.1666666666666666,0.0,0.0030864197530864196,y,x,x,1.4045517354611663
322,-0.0555555555555556,-0.1666666666666666,0.0,0.0030864197530864196,y,x,y,8.364976755555697
322,-0.0555555555555556,-0.1666666666666666,0.0,0.0030864197530864196,y,x,z,0.8071576027316306
322,-0.0555555555555556,-0.1666666666666666,0.0,0.0030864197530864196,y,y,x,-1.9038517372864476
322,-0.0555555555555556,-0.1666666666666666,0.0,0.0030864197530864196,y,y,y,-1.7820003351940281
322,-0.0555555555555556,-0.1666666666666666,0.0,0.0030864197530864196,y,y,z,-0.11800021628501425
322,-0.0555555555555556,-0.1666666666666666,0.0,0.0030864197530864196,y,z,x,-3.3395626518508603
322,-0.0555555555555556,-0.1666666666666666,0.0,0.0030864197530864196,y,z,y,-1.0930162804854888
322,-0.0555555555555556,-0.1666666666666666,0.0,0.0030864197530864196,y,z,z,0.1478712546508628
322,-0.0555555555555556,-0.1666666666666666,0.0,0.0030864197530864196,z,x,x,0.8043302556548687
322,-0.0555555555555556,-0.1666666666666666,0.0,0.0030864197530864196,z,x,y,7.903260450088866
322,-0.0555555555555556,-0.1666666666666666,0.0,0.0030864197530864196,z,x,z,-0.20880541487032123
322,-0.0555555555555556,-0.1666666666666666,0.0,0.0030864197530864196,z,y,x,-5.190539779716872
322,-0.0555555555555556,-0.1666666666666666,0.0,0.0030864197530864196,z,y,y,0.08565790974820697
322,-0.0555555555555556,-0.1666666666666666,0.0,0.0030864197530864196,z,y,z,0.18426290470899362
322,-0.0555555555555556,-0.1666666666666666,0.0,0.0030864197530864196,z,z,x,-2.4166801433951783
322,-0.0555555555555556,-0.1666666666666666,0.0,0.0030864197530864196,z,z,y,-0.9926398670812576
322,-0.0555555555555556,-0.1666666666666666,0.0,0.0030864197530864196,z,z,z,-0.023307235805214814
323,-0.0555555555555556,-0.1111111111111112,0.0,0.0030864197530864196,x,x,x,-16.119273054260297
323,-0.0555555555555556,-0.1111111111111112,0.0,0.0030864197530864196,x,x,y,-5.413702712053669
323,-0.0555555555555556,-0.1111111111111112,0.0,0.0030864197530864196,x,x,z,1.2366164062143514
323,-0.0555555555555556,-0.1111111111111112,0.0,0.0030864197530864196,x,y,x,1.9022197852026819
323,-0.0555555555555556,-0.1111111111111112,0.0,0.0030864197530864196,x,y,y,12.08584700730137
323,-0.0555555555555556,-0.1111111111111112,0.0,0.0030864197530864196,x,y,z,0.36740988021746934
323,-0.0555555555555556,-0.1111111111111112,0.0,0.0030864197530864196,x,z,x,2.6488993216059096
323,-0.0555555555555556,-0.1111111111111112,0.0,0.0030864197530864196,x,z,y,8.95350680775691
323,-0.0555555555555556,-0.1111111111111112,0.0,0.0030864197530864196,x,z,z,0.19126644872112622
323,-0.0555555555555556,-0.1111111111111112,0.0,0.0030864197530864196,y,x,x,-1.7371743495673753
323,-0.0555555555555556,-0.1111111111111112,0.0,0.0030864197530864196,y,x,y,14.18679742336275
323,-0.0555555555555556,-0.1111111111111112,0.0,0.0030864197530864196,y,x,z,1.060234845245225
323,-0.0555555555555556,-0.1111111111111112,0.0,0.0030864197530864196,y,y,x,9.96341378540863
323,-0.0555555555555556,-0.1111111111111112,0.0,0.0030864197530864196,y,y,y,-5.248540670714399
323,-0.0555555555555556,-0.1111111111111112,0.0,0.0030864197530864196,y,y,z,-1.2365269846476448
323,-0.0555555555555556,-0.1111111111111112,0.0,0.0030864197530864196,y,z,x,-5.894648264201816
323,-0.0555555555555556,-0.1111111111111112,0.0,0.0030864197530864196,y,z,y,-2.6488873919505127
323,-0.0555555555555556,-0.1111111111111112,0.0,0.0030864197530864196,y,z,z,0.3313085501993836
323,-0.0555555555555556,-0.1111111111111112,0.0,0.0030864197530864196,z,x,x,0.5758075261836949
323,-0.0555555555555556,-0.1111111111111112,0.0,0.0030864197530864196,z,x,y,26.11991905744624
323,-0.0555555555555556,-0.1111111111111112,0.0,0.0030864197530864196,z,x,z,0.14164207327019104
323,-0.0555555555555556,-0.1111111111111112,0.0,0.0030864197530864196,z,y,x,-25.455126547329947
323,-0.0555555555555556,-0.1111111111111112,0.0,0.0030864197530864196,z,y,y,-0.575811186609325
323,-0.0555555555555556,-0.1111111111111112,0.0,0.0030864197530864196,z,y,z,0.2449976583715572
323,-0.0555555555555556,-0.1111111111111112,0.0,0.0030864197530864196,z,z,x,-1.942921765386541
323,-0.0555555555555556,-0.1111111111111112,0.0,0.0030864197530864196,z,z,y,-3.364949053593422
323,-0.0555555555555556,-0.1111111111111112,0.0,0.0030864197530864196,z,z,z,-3.583951889409519e-05
324,-0.0555555555555556,-0.0555555555555556,0.0,0.0030864197530864196,x,x,x,-37.472821407886606
324,-0.0555555555555556,-0.0555555555555556,0.0,0.0030864197530864196,x,x,y,-15.240086143893267
324,-0.0555555555555556,-0.0555555555555556,0.0,0.0030864197530864196,x,x,z,1.8333031346239446
324,-0.0555555555555556,-0.0555555555555556,0.0,0.0030864197530864196,x,y,x,11.74817976551583
324,-0.0555555555555556,-0.0555555555555556,0.0,0.0030864197530864196,x,y,y,50.008094531764854
324,-0.0555555555555556,-0.0555555555555556,0.0,0.0030864197530864196,x,y,z,-2.8789833719637223
324,-0.0555555555555556,-0.0555555555555556,0.0,0.0030864197530864196,x,z,x,4.811530774339562
324,-0.0555555555555556,-0.0555555555555556,0.0,0.0030864197530864196,x,z,y,18.043426548920092
324,-0.0555555555555556,-0.0555555555555556,0.0,0.0030864197530864196,x,z,z,-0.5808948332971422
324,-0.0555555555555556,-0.0555555555555556,0.0,0.0030864197530864196,y,x,x,-9.110363683207382
324,-0.0555555555555556,-0.0555555555555556,0.0,0.0030864197530864196,y,x,y,37.965526518379754
324,-0.0555555555555556,-0.0555555555555556,0.0,0.0030864197530864196,y,x,z,0.7621124811059321
324,-0.0555555555555556,-0.0555555555555556,0.0,0.0030864197530864196,y,y,x,53.54759503323562
324,-0.0555555555555556,-0.0555555555555556,0.0,0.0030864197530864196,y,y,y,-12.60224498717896
324,-0.0555555555555556,-0.0555555555555556,0.0,0.0030864197530864196,y,y,z,-1.8330046333412886
324,-0.0555555555555556,-0.0555555555555556,0.0,0.0030864197530864196,y,z,x,-23.59921388516345
324,-0.0555555555555556,-0.0555555555555556,0.0,0.0030864197530864196,y,z,y,-4.811606035381344
324,-0.0555555555555556,-0.0555555555555556,0.0,0.0030864197530864196,y,z,z,1.0061778840675166
324,-0.0555555555555556,-0.0555555555555556,0.0,0.0030864197530864196,z,x,x,-1.9899618004670934
324,-0.0555555555555556,-0.0555555555555556,0.0,0.0030864197530864196,z,x,y,87.4584221443836
324,-0.0555555555555556,-0.0555555555555556,0.0,0.0030864197530864196,z,x,z,-0.37443413560532735
324,-0.0555555555555556,-0.0555555555555556,0.0,0.0030864197530864196,z,y,x,-85.16098298759968
324,-0.0555555555555556,-0.0555555555555556,0.0,0.0030864197530864196,z,y,y,1.9900519006583168
324,-0.0555555555555556,-0.0555555555555556,0.0,0.0030864197530864196,z,y,z,0.6484344115370455
324,-0.0555555555555556,-0.0555555555555556,0.0,0.0030864197530864196,z,z,x,3.6289729775929915
324,-0.0555555555555556,-0.0555555555555556,0.0,0.0030864197530864196,z,z,y,-6.285484022757433
324,-0.0555555555555556,-0.0555555555555556,0.0,0.0030864197530864196,z,z,z,-6.129422554720159e-05
