k_index,kx_frac,ky_frac,kz_frac,source_k_weight,initial_first,initial_last,final_first,final_last,transition_eV,transition_min_eV,transition_max_eV,I_plus_A2,I_minus_A2,eta,eta_valid
1,0.0,0.0,0.0,0.02,1,2,37,38,16.82487309830991,16.82487309814479,16.82487309847503,7.362505539218644e-14,7.038782714049636e-14,nan,False
1,0.0,0.0,0.0,0.02,1,2,39,40,16.85292009493431,16.85292009479671,16.85292009507191,2.7528582327547394e-06,2.752861692469528e-06,nan,False
1,0.0,0.0,0.0,0.02,3,4,37,38,16.660633594105033,16.66063359393991,16.660633594270152,0.0003991601886002731,0.00039916027786284706,nan,False
1,0.0,0.0,0.0,0.02,3,4,39,40,16.68868059072943,16.68868059059183,16.68868059086703,2.174268142043937e-12,2.1667735839293708e-12,nan,False
1,0.0,0.0,0.0,0.02,5,6,37,38,15.734975931826199,15.734975931716114,15.73497593193628,6.108119922591766e-13,6.088384981180625e-13,nan,False
1,0.0,0.0,0.0,0.02,5,6,39,40,15.763022928450596,15.763022928368033,15.763022928533156,0.003248526168618281,0.003248526520199674,-5.411398209995669e-08,True
1,0.0,0.0,0.0,0.02,7,8,37,38,15.497837454914835,15.497837454832272,15.497837454997397,0.0029205837643327495,0.002920583589797746,2.988015803276258e-08,True
1,0.0,0.0,0.0,0.02,7,8,39,40,15.52588445153923,15.52588445148419,15.525884451594273,3.3888161441078854e-12,3.3934075515798075e-12,nan,False
1,0.0,0.0,0.0,0.02,9,10,37,38,8.577682762471387,8.577682762333783,8.577682762608987,8.129437062165741e-14,4.5252979937392114e-14,nan,False
1,0.0,0.0,0.0,0.02,9,10,39,40,8.605729759095784,8.605729758985701,8.605729759205865,2.5998948988882496e-05,2.5998556723709848e-05,nan,False
1,0.0,0.0,0.0,0.02,11,12,37,38,8.017213859227118,8.017213859061997,8.017213859392239,0.0002963367558373944,0.0002963377880603425,nan,False
1,0.0,0.0,0.0,0.02,11,12,39,40,8.045260855851513,8.045260855713913,8.045260855989117,2.4914637946408787e-12,2.5925592361880612e-12,nan,False
1,0.0,0.0,0.0,0.02,13,14,37,38,5.173458828312711,5.17345882346913,5.173458833156292,1.7282619630311364e-13,1.3922151071386069e-13,nan,False
1,0.0,0.0,0.0,0.02,13,14,39,40,5.201505824937108,5.201505820121048,5.2015058297531676,0.0034084118174450627,0.003408414461261125,-3.878367959297004e-07,True
1,0.0,0.0,0.0,0.02,15,16,37,38,5.166023028149528,5.166023023223387,5.16602303307567,0.003938822311624731,0.003938814659825439,9.71331799117802e-07,True
1,0.0,0.0,0.0,0.02,15,16,39,40,5.194070024773925,5.194070019875304,5.194070029672546,8.570566985922424e-11,8.20533367311808e-11,nan,False
1,0.0,0.0,0.0,0.02,17,18,37,38,5.148469819391556,5.148469819226434,5.148469819556679,5.4426783276933415e-12,5.8276051856835616e-12,nan,False
1,0.0,0.0,0.0,0.02,17,18,39,40,5.176516816015953,5.176516815878351,5.176516816153555,0.0933136778131009,0.09331364181606662,1.9288191222724384e-07,True
1,0.0,0.0,0.0,0.02,19,20,37,38,5.094927296679951,5.094927296514829,5.094927296845073,0.00011750169769929577,0.00011750676017688571,nan,False
1,0.0,0.0,0.0,0.02,19,20,39,40,5.122974293304347,5.122974293166746,5.122974293441949,6.410380319093346e-12,6.537604686190397e-12,nan,False
1,0.0,0.0,0.0,0.02,21,22,37,38,5.0800867424376115,5.08008674232753,5.080086742547692,1.05768771797723e-11,1.0890930711718083e-11,nan,False
1,0.0,0.0,0.0,0.02,21,22,39,40,5.108133739062008,5.108133738979447,5.108133739144568,0.04638722683862741,0.04638721063232798,1.7468496569994886e-07,True
1,0.0,0.0,0.0,0.02,23,24,37,38,4.1135832543067945,4.113583254141672,4.1135832544719175,9.34370553288445e-10,9.189389530170027e-10,nan,False
1,0.0,0.0,0.0,0.02,23,24,39,40,4.1416302509311915,4.14163025079359,4.1416302510687935,0.00035846979980293676,0.0003583971832182011,nan,False
1,0.0,0.0,0.0,0.02,25,26,37,38,4.095242947644668,4.095242947534587,4.09524294775475,0.03356457550010214,0.03356420880525285,5.462557576237958e-06,True
1,0.0,0.0,0.0,0.02,25,26,39,40,4.1232899442690645,4.123289944186504,4.123289944351626,3.4233515131482586e-09,3.3505426585844927e-09,nan,False
1,0.0,0.0,0.0,0.02,27,30,37,38,4.02788122249604,4.026950552532036,4.028811885855161,0.24581988968919674,0.24582009416914494,-4.159139917612224e-07,True
1,0.0,0.0,0.0,0.02,27,30,39,40,4.055928219120436,4.054997549183954,4.056858882452037,2.5931100862005834,2.5931096793636566,7.844575532940575e-08,True
1,0.0,0.0,0.0,0.02,31,32,37,38,4.0001478805577495,4.0001478740904695,4.0001478870250295,2.4052661882028707,2.4052664657444223,-5.769455723184532e-08,True
1,0.0,0.0,0.0,0.02,31,32,39,40,4.0281948771821465,4.028194870742386,4.0281948836219055,1.7130351354893741e-12,2.3792536712648846e-12,nan,False
1,0.0,0.0,0.0,0.02,33,34,37,38,3.0461183233672244,3.046118323257143,3.046118323477306,2.3794843179060615e-11,2.3540785860599243e-11,nan,False
1,0.0,0.0,0.0,0.02,33,34,39,40,3.0741653199916215,3.0741653199090604,3.074165320074182,0.04394648555075492,0.04394650962196292,-2.738694699364228e-07,True
1,0.0,0.0,0.0,0.02,35,36,37,38,2.366393884050164,2.3663938839951233,2.366393884105205,0.5407949620545262,0.540794853839207,1.0005208773220785e-07,True
1,0.0,0.0,0.0,0.02,35,36,39,40,2.3944408806745607,2.3944408806470405,2.394440880702081,9.943668056433038e-10,9.98899125382184e-10,nan,False
2,0.0,0.0416666666666667,0.0,0.02,1,2,37,38,16.788289641647058,16.788289207210582,16.788290076083534,5.567149867268775e-05,5.567037957206447e-05,nan,False
2,0.0,0.0416666666666667,0.0,0.02,1,2,39,40,16.8071246260782,16.807124362729535,16.807124889426863,0.00015300420499241967,0.00015300860235293207,nan,False
2,0.0,0.0416666666666667,0.0,0.02,3,4,37,38,16.62429021920574,16.624289784741507,16.624290653669973,0.0005647332944365904,0.0005647401325850669,nan,False
2,0.0,0.0416666666666667,0.0,0.02,3,4,39,40,16.64312520363688,16.64312494026046,16.643125467013302,0.0001665836970307428,0.00016658860018159722,nan,False
2,0.0,0.0416666666666667,0.0,0.02,5,6,37,38,15.709632165780427,15.70963173134395,15.709632600216905,0.0008243785136080136,0.0008244402262743164,nan,False
2,0.0,0.0416666666666667,0.0,0.02,5,6,39,40,15.72846715021157,15.728466886862906,15.728467413560233,0.002649240448046917,0.0026492488417581964,-1.584170660789416e-06,True
2,0.0,0.0416666666666667,0.0,0.02,7,8,37,38,15.474186548060363,15.474186113707155,15.474186982413572,0.002191858129283543,0.002191850408470981,1.761251345910797e-06,True
2,0.0,0.0416666666666667,0.0,0.02,7,8,39,40,15.493021532491506,15.49302126922611,15.493021795756901,0.0007350258692789148,0.0007351181614086486,nan,False
2,0.0,0.0416666666666667,0.0,0.02,9,10,37,38,8.536138304468391,8.53613786797797,8.53613874095881,0.00029748390310076835,0.00029748469581998186,nan,False
2,0.0,0.0416666666666667,0.0,0.02,9,10,39,40,8.554973288899532,8.554973023496926,8.554973554302139,0.0002042399668044794,0.00020424710879174158,nan,False
2,0.0,0.0416666666666667,0.0,0.02,11,12,37,38,7.975656342718297,7.975655905506223,7.975656779930372,0.00043026381986406277,0.0004302731481350045,nan,False
2,0.0,0.0416666666666667,0.0,0.02,11,12,39,40,7.994491327149439,7.994491061025178,7.9944915932737,0.0002939210851497033,0.00029392445321744273,nan,False
2,0.0,0.0416666666666667,0.0,0.02,13,14,37,38,5.207895564165148,5.207894978375355,5.207896149954941,0.02129909583311866,0.02130011954196364,-2.4031166676777456e-05,True
2,0.0,0.0416666666666667,0.0,0.02,13,14,39,40,5.22673054859629,5.226730133894311,5.2267309632982695,0.030343456901277224,0.030343548227494042,-1.50487269266851e-06,True
2,0.0,0.0416666666666667,0.0,0.02,15,16,37,38,5.194094737469964,5.194094061306726,5.194095413633201,0.00659353527512028,0.006593753033390075,-1.651274050441342e-05,True
2,0.0,0.0416666666666667,0.0,0.02,15,16,39,40,5.212929721901106,5.21292921682568,5.21293022697653,0.0023396775148593367,0.0023395368409883945,3.0063566283590417e-05,True
2,0.0,0.0416666666666667,0.0,0.02,17,18,37,38,5.176776270744585,5.1767756470401345,5.176776894449036,0.018976138604450223,0.018977059110499083,-2.4253715214567177e-05,True
2,0.0,0.0416666666666667,0.0,0.02,17,18,39,40,5.195611255175727,5.19561080255909,5.195611707792365,0.05558149692607581,0.05558183211604036,-3.0152926099228584e-06,True
2,0.0,0.0416666666666667,0.0,0.02,19,20,37,38,5.0815100377768765,5.081509465365462,5.081510610188291,0.003923034339568993,0.00392315349561466,-1.5186489052981509e-05,True
2,0.0,0.0416666666666667,0.0,0.02,19,20,39,40,5.100345022208018,5.1003446208844165,5.1003454235316195,0.0039013117697408355,0.003901226758307724,1.08953557621961e-05,True
2,0.0,0.0416666666666667,0.0,0.02,21,22,37,38,5.077010813148338,5.077010242818622,5.077011383478054,0.0022149041342142146,0.0022149699889069813,-1.4866041547992223e-05,True
2,0.0,0.0416666666666667,0.0,0.02,21,22,39,40,5.09584579757948,5.095845398337577,5.095846196821383,0.004502935472564595,0.004503030735494571,-1.0577757874713941e-05,True
2,0.0,0.0416666666666667,0.0,0.02,23,24,37,38,4.334306803139577,4.33430623708428,4.334307369194874,0.01875486666636572,0.018757694159673977,-7.537457443569168e-05,True
2,0.0,0.0416666666666667,0.0,0.02,23,24,39,40,4.353141787570719,4.353141392603234,4.353142182538202,0.45243897320309456,0.45245185411238775,-1.4234766122453327e-05,True
2,0.0,0.0416666666666667,0.0,0.02,25,26,37,38,4.100743593258315,4.1007428148143195,4.10074437170231,0.08089583682898749,0.08088745831683244,5.178848747945289e-05,True
2,0.0,0.0416666666666667,0.0,0.02,25,26,39,40,4.119578577689457,4.119577970333275,4.119579185045639,1.1555835741593827,1.155634545819154,-2.2054023949788973e-05,True
2,0.0,0.0416666666666667,0.0,0.02,27,28,37,38,4.091794528842452,4.091793532763878,4.091795524921025,0.5041020958065923,0.5041323222532335,-2.997958222786738e-05,True
2,0.0,0.0416666666666667,0.0,0.02,27,28,39,40,4.110629513273594,4.110628688282834,4.110630338264354,0.12335443403650104,0.12335316732844626,5.134450855072911e-06,True
2,0.0,0.0416666666666667,0.0,0.02,29,30,37,38,3.984551433516028,3.984550873483778,3.984551993548279,1.590878206332462,1.5908970643410196,-5.926882621605737e-06,True
2,0.0,0.0416666666666667,0.0,0.02,29,30,39,40,4.00338641794717,4.0033860290027325,4.003386806891608,0.28522896451547375,0.2851772620425953,9.064149455455139e-05,True
2,0.0,0.0416666666666667,0.0,0.02,31,32,37,38,3.8014354655655644,3.801434932484363,3.801435998646766,0.551648394226636,0.5516164932678427,2.8915049463596105e-05,True
2,0.0,0.0416666666666667,0.0,0.02,31,32,39,40,3.8202704499967064,3.820270088003318,3.8202708119900946,0.6588511343101998,0.658841980051791,6.947185432697241e-06,True
2,0.0,0.0416666666666667,0.0,0.02,33,34,37,38,3.035794966346349,3.035794526858285,3.0357954058344125,0.006814194336838002,0.006813236988460895,7.025156496878497e-05,True
2,0.0,0.0416666666666667,0.0,0.02,33,34,39,40,3.0546299507774908,3.05462968237724,3.0546302191777412,0.0820011292967738,0.08199987369298413,7.656073845810625e-06,True
2,0.0,0.0416666666666667,0.0,0.02,35,36,37,38,2.386262055615772,2.3862616166273156,2.386262494604228,0.5951971264282377,0.5951881617316628,7.530920168563418e-06,True
2,0.0,0.0416666666666667,0.0,0.02,35,36,39,40,2.405097040046914,2.405096772146271,2.405097307947557,0.049267455028424875,0.04926520996068132,2.2785009862465207e-05,True
3,0.0,0.0833333333333333,0.0,0.02,1,2,37,38,16.624354970680404,16.624354741725554,16.624355199635254,0.002675074275970294,0.002675013478802127,1.1363770269529747e-05,True
3,0.0,0.0833333333333333,0.0,0.02,1,2,39,40,16.64176870241263,16.641768448810204,16.641768956015056,0.0016606576473772265,0.001660649928095192,2.3241695805439187e-06,True
3,0.0,0.0833333333333333,0.0,0.02,3,4,37,38,16.4611569001239,16.461156671140884,16.461157129106915,0.0017277299469917744,0.0017277086155838373,6.173285257667196e-06,True
3,0.0,0.0833333333333333,0.0,0.02,3,4,39,40,16.478570631856126,16.478570378225534,16.478570885486718,0.0016955727227509897,0.0016955352480865437,1.1050861478990712e-05,True
3,0.0,0.0833333333333333,0.0,0.02,5,6,37,38,15.579099103816988,15.579098874862138,15.579099332771838,0.0016821644122653552,0.0016821728862109941,-2.5187562622733497e-06,True
3,0.0,0.0833333333333333,0.0,0.02,5,6,39,40,15.596512835549216,15.59651258194679,15.59651308915164,0.0013409865414567691,0.0013410251713054887,-1.440331096831155e-05,True
3,0.0,0.0833333333333333,0.0,0.02,7,8,37,38,15.348706500698809,15.348706271912969,15.348706729484649,0.0012189336294963853,0.001218973639107075,-1.6411457156255914e-05,True
3,0.0,0.0833333333333333,0.0,0.02,7,8,39,40,15.366120232431037,15.36611997899762,15.366120485864451,0.0011111085454530464,0.001111110934748537,-1.0751842974604653e-06,True
3,0.0,0.0833333333333333,0.0,0.02,9,10,37,38,8.35915213082441,8.359151897672431,8.359152363976392,0.005332038099041716,0.005332002591927768,3.329611633788719e-06,True
3,0.0,0.0833333333333333,0.0,0.02,9,10,39,40,8.376565862556639,8.376565604757083,8.376566120356195,0.00047056076898687593,0.0004705504352593424,nan,False
3,0.0,0.0833333333333333,0.0,0.02,11,12,37,38,7.7990801756211,7.79907994100435,7.79908041023785,0.0006278627299722801,0.0006278480226676451,nan,False
3,0.0,0.0833333333333333,0.0,0.02,11,12,39,40,7.816493907353328,7.816493648089002,7.816494166617653,0.005917775585250666,0.0059177066783922,5.8220575157607405e-06,True
3,0.0,0.0833333333333333,0.0,0.02,13,14,37,38,5.286832930722249,5.2868324188132325,5.2868334426312655,0.01918403026572162,0.01918367870498636,9.162932702805848e-06,True
3,0.0,0.0833333333333333,0.0,0.02,13,14,39,40,5.304246662454476,5.304246125897885,5.304247199011068,0.048985914498003616,0.048986327724517255,-4.21779173636091e-06,True
3,0.0,0.0833333333333333,0.0,0.02,15,16,37,38,5.269172962921982,5.26917225974778,5.269173666096185,0.02858369359952853,0.028583770139490178,-1.3388727895274837e-06,True
3,0.0,0.0833333333333333,0.0,0.02,15,16,39,40,5.2865866946542095,5.286585966832432,5.2865874224759875,0.03595913558176045,0.035959339630002786,-2.837215913387577e-06,True
3,0.0,0.0833333333333333,0.0,0.02,17,18,37,38,5.239088048024334,5.239087606762311,5.239088489286357,0.04468247048058555,0.044682089244608564,4.266075703399414e-06,True
3,0.0,0.0833333333333333,0.0,0.02,17,18,39,40,5.256501779756562,5.256501313846964,5.25650224566616,0.032323012972156256,0.032323588374750835,-8.900740063513306e-06,True
3,0.0,0.0833333333333333,0.0,0.02,19,20,37,38,4.927731691858737,4.927731429636703,4.927731954080772,0.004547471095845275,0.0045473131499252735,1.7366648370494534e-05,True
3,0.0,0.0833333333333333,0.0,0.02,19,20,39,40,4.945145423590965,4.945145136721355,4.945145710460575,0.004774566971771508,0.004774684563735228,-1.2314259738890495e-05,True
3,0.0,0.0833333333333333,0.0,0.02,21,22,37,38,4.916385863166091,4.91638560421162,4.916386122120561,0.0021360571796667158,0.002136170773325375,-2.6588857127696964e-05,True
3,0.0,0.0833333333333333,0.0,0.02,21,22,39,40,4.933799594898318,4.933799311296273,4.933799878500364,0.003157461363239216,0.003157456601484274,7.540485827908183e-07,True
3,0.0,0.0833333333333333,0.0,0.02,23,24,37,38,4.556557314461308,4.556557003789182,4.556557625133434,0.344160372128165,0.3441641516710633,-5.490931628299584e-06,True
3,0.0,0.0833333333333333,0.0,0.02,23,24,39,40,4.5739710461935355,4.5739707108738346,4.573971381513236,0.018329506845441865,0.01833019203959088,-1.869066494968743e-05,True
3,0.0,0.0833333333333333,0.0,0.02,25,26,37,38,4.133430213541766,4.133429927235529,4.133430499848004,0.9052794120326193,0.9053025634454888,-1.2786724480313265e-05,True
3,0.0,0.0833333333333333,0.0,0.02,25,26,39,40,4.150843945273994,4.150843634320182,4.150844256227806,0.04828815925746344,0.048290242021816816,-2.1565529412283883e-05,True
3,0.0,0.0833333333333333,0.0,0.02,27,28,37,38,4.109239220476233,4.1092388945648635,4.109239546387602,0.05997303519397844,0.05997124665761859,1.4911393292269547e-05,True
3,0.0,0.0833333333333333,0.0,0.02,27,28,39,40,4.1266529522084605,4.126652601649516,4.126653302767405,0.9520861686071442,0.9521042932288468,-9.518281950173762e-06,True
3,0.0,0.0833333333333333,0.0,0.02,29,30,37,38,3.8554783675180424,3.855478048930524,3.8554786861055614,0.36119021932325307,0.3611732715811891,2.3461515258385544e-05,True
3,0.0,0.0833333333333333,0.0,0.02,29,30,39,40,3.8728920992502704,3.8728917560151763,3.872892442485364,0.8560241198465616,0.8560298163688379,-3.3273030456769862e-06,True
3,0.0,0.0833333333333333,0.0,0.02,31,32,37,38,3.5495996436340143,3.549599367243145,3.549599920024884,0.5216825332772437,0.521684719311931,-2.095172799370925e-06,True
3,0.0,0.0833333333333333,0.0,0.02,31,32,39,40,3.5670133753662423,3.5670130743277975,3.5670136764046867,0.8416009680542854,0.8415779557715785,1.3671917097589947e-05,True
3,0.0,0.0833333333333333,0.0,0.02,33,34,37,38,2.956642665801454,2.9566424281143204,2.9566429034885875,0.2946454434264278,0.29463881550165455,1.124741527169852e-05,True
3,0.0,0.0833333333333333,0.0,0.02,33,34,39,40,2.9740563975336816,2.974056135198973,2.97405665986839,0.1706789056376224,0.17067923874654262,-9.75834107682279e-07,True
3,0.0,0.0833333333333333,0.0,0.02,35,36,37,38,2.3982851767962616,2.3982849369119723,2.3982854166805505,0.31499147978404696,0.3149871855266717,6.81651238638376e-06,True
3,0.0,0.0833333333333333,0.0,0.02,35,36,39,40,2.4156989085284892,2.415698643996625,2.415699173060353,0.2345881110274897,0.23458862763416716,-1.1010918378815308e-06,True
4,0.0,0.125,0.0,0.02,1,2,37,38,16.2617419971625,16.261741803256687,16.261742191068315,0.013616792379449395,0.013616572165511907,8.086181827602683e-06,True
4,0.0,0.125,0.0,0.02,1,2,39,40,16.367107593966455,16.36710737574803,16.367107812184877,0.0009743938378754472,0.0009743897380679116,nan,False
4,0.0,0.125,0.0,0.02,3,4,37,38,16.10004500687041,16.100044812992934,16.100045200747886,0.0008796649292232886,0.0008796802650542687,nan,False
4,0.0,0.125,0.0,0.02,3,4,39,40,16.205410603674366,16.205410385484278,16.20541082186445,0.00898004276623293,0.008979771997165173,1.5076384212455805e-05,True
4,0.0,0.125,0.0,0.02,5,6,37,38,15.270998834480523,15.270998640603047,15.270999028358,0.00014129139133654023,0.0001412890787858794,nan,False
4,0.0,0.125,0.0,0.02,5,6,39,40,15.376364431284479,15.37636421309439,15.376364649474564,0.0010878122594147057,0.0010878250759510922,nan,False
4,0.0,0.125,0.0,0.02,7,8,37,38,15.049008495942367,15.049008302348255,15.04900868953648,0.00018625488509812105,0.00018625611680823795,nan,False
4,0.0,0.125,0.0,0.02,7,8,39,40,15.154374092746323,15.1543738748396,15.154374310653044,0.0001969056575789887,0.00019690990642414927,nan,False
4,0.0,0.125,0.0,0.02,9,10,37,38,7.9814995710813985,7.981499370799901,7.981499771362897,0.01113365834587311,0.011133394067126573,1.1868600371351184e-05,True
4,0.0,0.125,0.0,0.02,9,10,39,40,8.086865167885353,8.086864943291246,8.08686539247946,0.007073407480533454,0.007073732803292096,-2.299565510172227e-05,True
4,0.0,0.125,0.0,0.02,11,12,37,38,7.423987214031074,7.423987011425994,7.423987416636155,0.014726942627469538,0.014727259415047851,-1.0755259227741064e-05,True
4,0.0,0.125,0.0,0.02,11,12,39,40,7.52935281083503,7.52935258391734,7.52935303775272,0.012496348056299685,0.01249603411627629,1.2561428567570821e-05,True
4,0.0,0.125,0.0,0.02,13,14,37,38,5.300042565110401,5.300042171943199,5.300042958277602,0.020755599124804652,0.020755346764696952,6.0793629798646456e-06,True
4,0.0,0.125,0.0,0.02,13,14,39,40,5.405408161914355,5.4054077444345445,5.405408579394166,0.07515289467020274,0.0751525551948749,2.258569653591123e-06,True
4,0.0,0.125,0.0,0.02,15,16,37,38,5.27597689555372,5.275976394623284,5.275977396484155,0.19386483742645405,0.19386480469681994,8.441354634331046e-08,True
4,0.0,0.125,0.0,0.02,15,16,39,40,5.381342492357675,5.38134196711463,5.381343017600719,0.05434535732156486,0.054344697797865646,6.067930488132678e-06,True
4,0.0,0.125,0.0,0.02,17,18,37,38,5.220215286434568,5.220214962011411,5.220215610857725,0.034843920621542006,0.03484374905393543,2.4619506918800946e-06,True
4,0.0,0.125,0.0,0.02,17,18,39,40,5.325580883238523,5.325580534502757,5.325581231974289,0.08296085760412442,0.08296148116406864,-3.758143411251605e-06,True
4,0.0,0.125,0.0,0.02,19,20,37,38,4.6542150608063375,4.654214817396877,4.654215304215798,0.01866862933019102,0.018668642713696414,-3.5844893484647203e-07,True
4,0.0,0.125,0.0,0.02,19,20,39,40,4.759580657610293,4.759580389888223,4.759580925332362,0.03977514369219656,0.039776041209813984,-1.1282265858470795e-05,True
4,0.0,0.125,0.0,0.02,21,22,37,38,4.557732449494312,4.557732232182652,4.55773266680597,0.0035421378456977825,0.00354189504026588,3.4275028901096224e-05,True
4,0.0,0.125,0.0,0.02,21,22,39,40,4.663098046298266,4.663097804673998,4.6630982879225344,0.00271845900380886,0.002718665680449303,-3.80121208258659e-05,True
4,0.0,0.125,0.0,0.02,23,24,37,38,4.546123926412843,4.546123706947619,4.546124145878067,0.004778678296556316,0.0047791618635497825,-5.059375186930029e-05,True
4,0.0,0.125,0.0,0.02,23,24,39,40,4.651489523216798,4.651489279438965,4.651489766994631,0.002409474511770505,0.0024093802045794506,1.9570457423060317e-05,True
4,0.0,0.125,0.0,0.02,25,26,37,38,4.070492793396149,4.070492558062555,4.070493028729742,0.054763230292941306,0.05476401973190258,-7.207694533479863e-06,True
4,0.0,0.125,0.0,0.02,25,26,39,40,4.175858390200103,4.175858130553901,4.175858649846306,0.07433798466392601,0.07433950353795458,-1.0215897826544205e-05,True
4,0.0,0.125,0.0,0.02,27,28,37,38,4.040686094550899,4.040685851821511,4.040686337280286,0.0048418182707864275,0.004841805296870049,1.3397790907584986e-06,True
4,0.0,0.125,0.0,0.02,27,28,39,40,4.146051691354854,4.146051424312857,4.146051958396851,0.40129899438370287,0.4013020901342634,-3.857147243166785e-06,True
4,0.0,0.125,0.0,0.02,29,30,37,38,3.597269118363929,3.5972688642433193,3.597269372484539,0.07254166144855025,0.0725409479748765,4.9177063783717784e-06,True
4,0.0,0.125,0.0,0.02,29,30,39,40,3.7026347151678842,3.702634436734665,3.7026349936011034,0.2736982944651008,0.27369854006770505,-4.4867377514837184e-07,True
4,0.0,0.125,0.0,0.02,31,32,37,38,3.2420861806097125,3.2420859515951306,3.242086409624295,0.007372096337406108,0.007372045528765219,3.4460222473692852e-06,True
4,0.0,0.125,0.0,0.02,31,32,39,40,3.347451777413668,3.3474515240864764,3.3474520307408593,0.6518796154836659,0.6518705690426226,6.9387840942526865e-06,True
4,0.0,0.125,0.0,0.02,33,34,37,38,2.753255204222234,2.7532549968283058,2.753255411616162,1.1868618502823405,1.186841401130576,8.614872879500313e-06,True
4,0.0,0.125,0.0,0.02,33,34,39,40,2.8586208010261887,2.8586205693196516,2.858621032732726,0.2444155550207501,0.24441708360291564,-3.1270051235581222e-06,True
4,0.0,0.125,0.0,0.02,35,36,37,38,2.339364112527059,2.3393638978223463,2.3393643272317717,0.35761997859287964,0.3576260755547394,-8.524285907505534e-06,True
4,0.0,0.125,0.0,0.02,35,36,39,40,2.444729709331014,2.444729470313692,2.444729948348336,0.7873643866636522,0.7873343511967936,1.9073786075008252e-05,True
5,0.0,0.1666666666666667,0.0,0.02,1,2,37,38,15.847998836711062,15.847998641259567,15.847999032162555,0.015816424344400476,0.015816234579982595,5.999003066243922e-06,True
5,0.0,0.1666666666666667,0.0,0.02,1,2,39,40,16.06698348381963,16.066983192677114,16.066983774962146,0.0007669459743772967,0.0007669485085711621,nan,False
5,0.0,0.1666666666666667,0.0,0.02,3,4,37,38,15.688852459866967,15.688852264415473,15.688852655318458,0.0007621488007884373,0.0007621647158678107,nan,False
5,0.0,0.1666666666666667,0.0,0.02,3,4,39,40,15.907837106975537,15.907836815833022,15.90783739811805,0.011667956944108542,0.011667593238258125,1.5585912805728252e-05,True
5,0.0,0.1666666666666667,0.0,0.02,5,6,37,38,14.931212099121067,14.931211903669572,14.93121229457256,0.00020843811866188923,0.00020843516361440992,nan,False
5,0.0,0.1666666666666667,0.0,0.02,5,6,39,40,15.150196746229637,15.15019645508712,15.150197037372152,0.0009615251670835274,0.0009615316602331538,nan,False
5,0.0,0.1666666666666667,0.0,0.02,7,8,37,38,14.720937768054974,14.720937573016322,14.720937963093625,0.00012992064952429777,0.00012992100169125314,nan,False
5,0.0,0.1666666666666667,0.0,0.02,7,8,39,40,14.939922415163544,14.93992212443387,14.939922705893217,0.00010948477436168423,0.00010948421401038949,nan,False
5,0.0,0.1666666666666667,0.0,0.02,9,10,37,38,7.563439477781076,7.563439273836821,7.563439681725332,0.006046745702600387,0.006046581596909591,1.3569937100982009e-05,True
5,0.0,0.1666666666666667,0.0,0.02,9,10,39,40,7.782424124889646,7.7824238252543685,7.7824244245249234,0.01663445860923681,0.01663519545721979,-2.2147750064016004e-05,True
5,0.0,0.1666666666666667,0.0,0.02,11,12,37,38,7.015499293328301,7.015499086346704,7.0154995003098986,0.027468031911935947,0.027468536520001124,-9.185285495246075e-06,True
5,0.0,0.1666666666666667,0.0,0.02,11,12,39,40,7.234483940436871,7.234483637764252,7.23448424310949,0.007178564755810871,0.007178301962360188,1.8304373498860745e-05,True
5,0.0,0.1666666666666667,0.0,0.02,13,14,37,38,5.35816018933746,5.358159912467505,5.3581604662074165,0.016696380674648167,0.016696115332207464,7.946169721756729e-06,True
5,0.0,0.1666666666666667,0.0,0.02,13,14,39,40,5.577144836446029,5.577144463885052,5.577145209007008,0.12177043919998197,0.1217702594872608,7.379165869667782e-07,True
5,0.0,0.1666666666666667,0.0,0.02,15,16,37,38,5.313764835799973,5.313764510686408,5.313765160913539,0.2834809721969935,0.2834811324651556,-2.826787907208409e-07,True
5,0.0,0.1666666666666667,0.0,0.02,15,16,39,40,5.532749482908542,5.532749062103957,5.53274990371313,0.04350000280500313,0.04349905260743569,1.0921929702989391e-05,True
5,0.0,0.1666666666666667,0.0,0.02,17,18,37,38,5.219829026822383,5.219828754493697,5.219829299151071,0.02891525901783496,0.028915172266429583,1.5000995747775335e-06,True
5,0.0,0.1666666666666667,0.0,0.02,17,18,39,40,5.438813673930953,5.4388133059112445,5.438814041950662,0.10545360656257947,0.10545432175323166,-3.3910088534742915e-06,True
5,0.0,0.1666666666666667,0.0,0.02,19,20,37,38,4.746187715311375,4.74618747453566,4.74618795608709,0.026551604571282455,0.026551690614847356,-1.6203055686080335e-06,True
5,0.0,0.1666666666666667,0.0,0.02,19,20,39,40,4.9651723624199455,4.965172025953208,4.965172698886682,0.02126973041279908,0.02127019616462955,-1.0948580967182686e-05,True
5,0.0,0.1666666666666667,0.0,0.02,21,22,37,38,4.151003440700602,4.151003170082262,4.151003711318941,0.0022747984764029667,0.0022746045126136316,4.263499843900489e-05,True
5,0.0,0.1666666666666667,0.0,0.02,21,22,39,40,4.369988087809171,4.369987721499811,4.369988454118532,0.002744784062148566,0.0027442365891502487,9.973964994787678e-05,True
5,0.0,0.1666666666666667,0.0,0.02,23,24,37,38,4.128454235221279,4.128453958941099,4.12845451150146,0.001330549382393698,0.0013306763255666904,nan,False
5,0.0,0.1666666666666667,0.0,0.02,23,24,39,40,4.347438882329849,4.347438510358646,4.347439254301052,0.004907192801643843,0.004907298278151728,-1.0747017550672011e-05,True
5,0.0,0.1666666666666667,0.0,0.02,25,26,37,38,4.025930625938127,4.025930369061548,4.025930882814704,0.034650142849299376,0.034650310986384665,-2.4262046780820216e-06,True
5,0.0,0.1666666666666667,0.0,0.02,25,26,39,40,4.244915273046696,4.244914920479097,4.244915625614295,0.03682821175263132,0.03682820643712169,7.21662790604854e-08,True
5,0.0,0.1666666666666667,0.0,0.02,27,28,37,38,3.9952434033437427,3.9952431683478244,3.995243638339661,0.003428199565831795,0.0034281843686911344,2.216494992930302e-06,True
5,0.0,0.1666666666666667,0.0,0.02,27,28,39,40,4.214228050452313,4.214227719765372,4.214228381139252,0.24481535402848334,0.24481623359224247,-1.7963787087470677e-06,True
5,0.0,0.1666666666666667,0.0,0.02,29,30,37,38,3.3967860606401366,3.3967858221645444,3.3967862991157287,0.05258592824408852,0.052585373714470765,5.272632433235121e-06,True
5,0.0,0.1666666666666667,0.0,0.02,29,30,39,40,3.6157707077487062,3.6157703735820923,3.61577104191532,0.1391045525665539,0.13910449809004896,1.958114044721895e-07,True
5,0.0,0.1666666666666667,0.0,0.02,31,32,37,38,3.0327042416915164,3.0327040174000177,3.0327044659830156,0.0152509281862799,0.015250865637201193,2.050668857983273e-06,True
5,0.0,0.1666666666666667,0.0,0.02,31,32,39,40,3.2516888888000866,3.2516885688175656,3.251689208782607,0.49095832346109486,0.4909515233277878,6.92541512777309e-06,True
5,0.0,0.1666666666666667,0.0,0.02,33,34,37,38,2.5898053839225144,2.5898051657056995,2.5898056021393288,1.4749343455952966,1.4749127455852595,7.322416847170455e-06,True
5,0.0,0.1666666666666667,0.0,0.02,33,34,39,40,2.8087900310310836,2.8087897171232474,2.80879034493892,0.34607315406156897,0.3460755120249708,-3.406729677228535e-06,True
5,0.0,0.1666666666666667,0.0,0.02,35,36,37,38,2.342803868118918,2.342803636307785,2.3428040999300506,0.4688939015484149,0.46889978737610294,-6.276250051077317e-06,True
5,0.0,0.1666666666666667,0.0,0.02,35,36,39,40,2.5617885152274873,2.561788187725333,2.561788842729642,0.8780254074698126,0.8779868732566976,2.194415923965945e-05,True
6,0.0,0.2083333333333333,0.0,0.02,1,2,37,38,15.483861438739481,15.483861233394645,15.483861644084316,0.017540323284996582,0.017540146571663008,5.037370773420688e-06,True
6,0.0,0.2083333333333333,0.0,0.02,1,2,39,40,15.796009985240115,15.796009492484135,15.796010477996093,0.0008837837052535396,0.0008837850808092187,nan,False
6,0.0,0.2083333333333333,0.0,0.02,3,4,37,38,15.328700705749668,15.32870050043238,15.328700911066955,0.0009139112442402555,0.0009139283317359019,nan,False
6,0.0,0.2083333333333333,0.0,0.02,3,4,39,40,15.640849252250302,15.64084875952187,15.640849744978732,0.013431780231208869,0.013431188590563603,2.202439533734325e-05,True
6,0.0,0.2083333333333333,0.0,0.02,5,6,37,38,14.657970348275967,14.657970142848487,14.657970553703445,0.0003485668373504403,0.0003485628585002088,nan,False
6,0.0,0.2083333333333333,0.0,0.02,5,6,39,40,14.9701188947766,14.970118401937977,14.970119387615222,0.0007835205934526772,0.0007835215078195736,nan,False
6,0.0,0.2083333333333333,0.0,0.02,7,8,37,38,14.46269424470168,14.462694039935357,14.462694449468001,0.00015000189288489043,0.00015000232142873223,nan,False
6,0.0,0.2083333333333333,0.0,0.02,7,8,39,40,14.774842791202314,14.774842299024847,14.774843283379779,0.00018347174406564383,0.00018346560517876756,nan,False
6,0.0,0.2083333333333333,0.0,0.02,9,10,37,38,7.22969550043789,7.22969528542361,7.22969571545217,0.001539126650616261,0.00153905577278148,2.302587209980108e-05,True
6,0.0,0.2083333333333333,0.0,0.02,9,10,39,40,7.5418440469385235,7.5418435445131,7.541844549363947,0.021377275104035684,0.02137875003986667,-3.449656103491362e-05,True
6,0.0,0.2083333333333333,0.0,0.02,11,12,37,38,6.711519506328306,6.711519288614296,6.711519724042315,0.025801864048747368,0.025802390911716523,-1.0209680762929586e-05,True
6,0.0,0.2083333333333333,0.0,0.02,11,12,39,40,7.02366805282894,7.023667547703786,7.0236685579540925,0.002056888743878321,0.0020568056762186584,2.0192958246215757e-05,True
6,0.0,0.2083333333333333,0.0,0.02,13,14,37,38,5.5161956192729615,5.516195374561642,5.51619586398428,0.012080520115356225,0.01208029481841448,9.32489000733667e-06,True
6,0.0,0.2083333333333333,0.0,0.02,13,14,39,40,5.828344165773595,5.828343633651132,5.828344697896058,0.14219827314452277,0.14219874445854105,-1.6572396653726627e-06,True
6,0.0,0.2083333333333333,0.0,0.02,15,16,37,38,5.429127156189626,5.429126883379068,5.429127429000185,0.33647440732417283,0.33647514209960677,-1.0918729859774394e-06,True
6,0.0,0.2083333333333333,0.0,0.02,15,16,39,40,5.74127570269026,5.741275142468558,5.7412762629119625,0.04120098613566025,0.04119962650942218,1.6500195743980013e-05,True
6,0.0,0.2083333333333333,0.0,0.02,17,18,37,38,5.314794249150594,5.314793978571445,5.314794519729743,0.03744802110360614,0.03744793363927827,1.167811107700857e-06,True
6,0.0,0.2083333333333333,0.0,0.02,17,18,39,40,5.626942795651228,5.626942237660935,5.62694335364152,0.1142316085118112,0.11423309346881848,-6.499721814361173e-06,True
6,0.0,0.2083333333333333,0.0,0.02,19,20,37,38,4.933000143361973,4.932999901983995,4.933000384739951,0.04680043379525186,0.046800614973726444,-1.9356457749889694e-06,True
6,0.0,0.2083333333333333,0.0,0.02,19,20,39,40,5.2451486898626065,5.245148161073485,5.245149218651728,0.01944356279877911,0.019443781203482707,-5.616344062584125e-06,True
6,0.0,0.2083333333333333,0.0,0.02,21,22,37,38,4.093914728024398,4.093914484773137,4.093914971275659,0.03347970371558641,0.0334800523534574,-5.20667773385984e-06,True
6,0.0,0.2083333333333333,0.0,0.02,21,22,39,40,4.406063274525032,4.406062743862627,4.406063805187436,0.016720380332504194,0.016720462702412404,-2.463152861432579e-06,True
6,0.0,0.2083333333333333,0.0,0.02,23,24,37,38,4.055253576368154,4.055253326119631,4.055253826616676,0.001101326675392236,0.0011013721975985243,-2.066655903198965e-05,True
6,0.0,0.2083333333333333,0.0,0.02,23,24,39,40,4.367402122868787,4.367401585209121,4.3674026605284535,0.1460767521556534,0.14607724109763173,-1.6735762290187794e-06,True
6,0.0,0.2083333333333333,0.0,0.02,25,26,37,38,3.783718843524565,3.783718589226446,3.783719097822684,0.005018379416179908,0.005017874281187758,5.033103061975821e-05,True
6,0.0,0.2083333333333333,0.0,0.02,25,26,39,40,4.095867390025198,4.095866848315936,4.095867931734461,0.03204130822506851,0.03203675142798211,7.111321895625982e-05,True
6,0.0,0.2083333333333333,0.0,0.02,27,28,37,38,3.7563211858121814,3.7563209227261636,3.7563214488981993,0.00900471285614491,0.009003880246210755,4.6234035575248576e-05,True
6,0.0,0.2083333333333333,0.0,0.02,27,28,39,40,4.068469732312815,4.0684691818156535,4.068470282809977,0.006334225624472076,0.0063339862342636725,1.889692176553496e-05,True
6,0.0,0.2083333333333333,0.0,0.02,29,30,37,38,3.3508440815945857,3.3508438463323245,3.3508443168568465,0.0433075845113613,0.04330709789340658,5.618192449659315e-06,True
6,0.0,0.2083333333333333,0.0,0.02,29,30,39,40,3.6629926280952194,3.6629921054218144,3.662993150768624,0.05578394911585133,0.05578381071924432,1.2404713262364738e-06,True
6,0.0,0.2083333333333333,0.0,0.02,31,32,37,38,2.9982451101681096,2.9982448801400206,2.9982453401961986,0.02119194305481195,0.021191852686787322,2.1321361866756634e-06,True
6,0.0,0.2083333333333333,0.0,0.02,31,32,39,40,3.3103936566687433,3.3103931392295105,3.310394174107976,0.2692249635820977,0.26922102477580906,7.315137216715498e-06,True
6,0.0,0.2083333333333333,0.0,0.02,33,34,37,38,2.568756350192457,2.5687560988695517,2.568756601515362,0.9820369839708656,0.9820184451210389,9.439066511118252e-06,True
6,0.0,0.2083333333333333,0.0,0.02,33,34,39,40,2.8809048966930906,2.8809043579590417,2.8809054354271395,0.5522591625109892,0.5522524945138633,6.037054551202054e-06,True
6,0.0,0.2083333333333333,0.0,0.02,35,36,37,38,2.460411799241912,2.4604115321062974,2.4604120663775264,0.8422879852966311,0.8422910849922706,-1.8400416425482876e-06,True
6,0.0,0.2083333333333333,0.0,0.02,35,36,39,40,2.7725603457425456,2.7725597911957873,2.772560900289304,0.49684751981073055,0.49680790079668496,3.987198502008865e-05,True
7,0.0,0.25,0.0,0.02,1,2,37,38,15.205330909868763,15.205330684146341,15.205331135591187,0.01907032709359464,0.01907014288643709,4.8297034003059036e-06,True
7,0.0,0.25,0.0,0.02,1,2,39,40,15.538737180791141,15.538736205428316,15.538738156153968,0.00043125263137682135,0.00043129343930718207,nan,False
7,0.0,0.25,0.0,0.02,3,4,37,38,15.056144281633852,15.056144055939962,15.056144507327744,0.0011978713889211534,0.001197891088973899,-8.222873898113977e-06,True
7,0.0,0.25,0.0,0.02,3,4,39,40,15.38955055255623,15.389549577221937,15.389551527890525,0.013727277905154382,0.013726831784635308,1.6249680798763423e-05,True
7,0.0,0.25,0.0,0.02,5,6,37,38,14.483869412971426,14.483869186992207,14.483869638950644,0.0005390894826291448,0.0005390835298681065,nan,False
7,0.0,0.25,0.0,0.02,5,6,39,40,14.817275683893804,14.817274708274182,14.817276659513425,0.0002781682516096091,0.00027815752197918694,nan,False
7,0.0,0.25,0.0,0.02,7,8,37,38,14.306800778516987,14.306800553536414,14.306801003497558,0.0001548446283639801,0.00015484486593062311,nan,False
7,0.0,0.25,0.0,0.02,7,8,39,40,14.640207049439365,14.640206074818389,14.640208024060339,0.0001546679999714975,0.00015466319306480232,nan,False
7,0.0,0.25,0.0,0.02,9,10,37,38,7.058006734461412,7.058006500578628,7.058006968344197,0.0004069601217216884,0.00040698279040643297,nan,False
7,0.0,0.25,0.0,0.02,9,10,39,40,7.39141300538379,7.391412021860604,7.391413988906977,0.0467907914229075,0.0467915795394582,-8.421634786515022e-06,True
7,0.0,0.25,0.0,0.02,11,12,37,38,6.61559263616504,6.6155924031667706,6.61559286916331,0.005798891465994665,0.005799153826702479,-2.262111426471568e-05,True
7,0.0,0.25,0.0,0.02,11,12,39,40,6.948998907087418,6.948997924448746,6.94899988972609,0.002314769191753631,0.002314885955522504,-2.5220835064052116e-05,True
7,0.0,0.25,0.0,0.02,13,14,37,38,5.766308905912222,5.76630865448181,5.766309157342635,0.008214917916427538,0.008214738418774011,1.0925222650131421e-05,True
7,0.0,0.25,0.0,0.02,13,14,39,40,6.0997151768346,6.099714175763785,6.099716177905415,0.03755164017987684,0.0375518758929339,-3.1385089458466004e-06,True
7,0.0,0.25,0.0,0.02,15,16,37,38,5.596356440942719,5.59635614083547,5.596356741049968,0.2895058507327832,0.28950732773043164,-2.5508877921988962e-06,True
7,0.0,0.25,0.0,0.02,15,16,39,40,5.929762711865097,5.929761662117445,5.929763761612748,0.02240207695367412,0.02240074547124536,2.971871763194562e-05,True
7,0.0,0.25,0.0,0.02,17,18,37,38,5.51002099684732,5.510020672059261,5.51002132163538,0.08883352991901272,0.08883348440889804,2.561539903676143e-07,True
7,0.0,0.25,0.0,0.02,17,18,39,40,5.843427267769698,5.8434261933412355,5.843428342198161,0.05270509113490084,0.052706698226936015,-1.5245847214065711e-05,True
7,0.0,0.25,0.0,0.02,19,20,37,38,5.21996659913632,5.219966345223559,5.21996685304908,0.10485345220035903,0.10485403671974572,-2.7873081199644206e-06,True
7,0.0,0.25,0.0,0.02,19,20,39,40,5.553372870058698,5.553371866505535,5.553373873611861,0.007789696915677122,0.007789392806397234,1.9520349732477668e-05,True
7,0.0,0.25,0.0,0.02,21,22,37,38,4.257254352848435,4.257254102701996,4.257254602994875,0.02936180362261214,0.029361996918752832,-3.291614965463616e-06,True
7,0.0,0.25,0.0,0.02,21,22,39,40,4.5906606237708125,4.590659623983971,4.590661623557655,0.0066761580917471764,0.006676062926580118,7.127291177075419e-06,True
7,0.0,0.25,0.0,0.02,23,24,37,38,4.216606492175039,4.216606233440247,4.216606750909831,0.0004461011546573276,0.000446095791119723,nan,False
7,0.0,0.25,0.0,0.02,23,24,39,40,4.550012763097417,4.550011754722223,4.550013771472611,0.018915140137884267,0.018915194029020636,-1.4245482509261492e-06,True
7,0.0,0.25,0.0,0.02,25,26,37,38,3.53527569623384,3.5352754019472674,3.535275990520412,0.007519020806398273,0.0075188957740134465,8.314475223887232e-06,True
7,0.0,0.25,0.0,0.02,25,26,39,40,3.868681967156218,3.8686809232292427,3.8686830110831925,0.3691172334489848,0.36910849107529925,1.1842412686399698e-05,True
7,0.0,0.25,0.0,0.02,27,28,37,38,3.4916792469989506,3.491678889255588,3.4916796047423135,0.04006426342219081,0.04006205814515279,2.7522504401617657e-05,True
7,0.0,0.25,0.0,0.02,27,28,39,40,3.8250855179213286,3.8250844105375634,3.825086625305094,0.008887028681955947,0.008887189930588362,-9.072051825752788e-06,True
7,0.0,0.25,0.0,0.02,29,30,37,38,3.450902088578274,3.450901757598612,3.4509024195579365,0.023913243061008838,0.02391266392263382,1.2109302500315023e-05,True
7,0.0,0.25,0.0,0.02,29,30,39,40,3.784308359500652,3.784307278880587,3.784309440120717,0.07889620748064521,0.07889492538947722,8.125242177266921e-06,True
7,0.0,0.25,0.0,0.02,31,32,37,38,3.127777199523228,3.127776936679724,3.1277774623667325,0.019166753860610716,0.01916655271759578,5.2472127476041896e-06,True
7,0.0,0.25,0.0,0.02,31,32,39,40,3.461183470445606,3.461182457961699,3.461184482929513,0.035946034278531644,0.035945809327189444,3.1290245306995894e-06,True
7,0.0,0.25,0.0,0.02,33,34,37,38,2.710330105188808,2.710329773781154,2.710330436596461,0.021337541567539184,0.02133631759220575,2.8682086821626322e-05,True
7,0.0,0.25,0.0,0.02,33,34,39,40,3.0437363761111857,3.0437352950631293,3.0437374571592417,0.7502324344603668,0.7502199178154028,8.341914320078417e-06,True
7,0.0,0.25,0.0,0.02,35,36,37,38,2.6412940948087025,2.6412937766402353,2.641294412977169,1.151463211909009,1.151451916422487,4.904864440264624e-06,True
7,0.0,0.25,0.0,0.02,35,36,39,40,2.9747003657310804,2.9746992979222107,2.9747014335399498,0.7373632630995248,0.737366339515244,-2.0860879945160227e-06,True
8,0.0,0.2916666666666667,0.0,0.02,1,2,37,38,15.012207898317678,15.01220762689558,15.012208169739774,0.02051482752281582,0.020514602360359586,5.487828051147873e-06,True
8,0.0,0.2916666666666667,0.0,0.02,1,2,39,40,15.231188566465127,15.231188306133895,15.231188826796359,0.0010828164912826902,0.001082823826208622,nan,False
8,0.0,0.2916666666666667,0.0,0.02,3,4,37,38,14.871544193310527,14.871543921946344,14.871544464674708,0.0016963925877552218,0.0016964173521335994,-7.299076227773142e-06,True
8,0.0,0.2916666666666667,0.0,0.02,3,4,39,40,15.090524861457975,15.090524601184658,15.090525121731293,0.011128503168393188,0.011128108635521385,1.7726546847244278e-05,True
8,0.0,0.2916666666666667,0.0,0.02,5,6,37,38,14.404074638830775,14.404074366742645,14.404074910918903,0.0007505704244694762,0.000750561092365929,nan,False
8,0.0,0.2916666666666667,0.0,0.02,5,6,39,40,14.623055306978223,14.623055045980959,14.623055567975488,0.0001770408121271171,0.0001770338462472395,nan,False
8,0.0,0.2916666666666667,0.0,0.02,7,8,37,38,14.24831788538062,14.248317614769341,14.248318155991898,0.00013057282005409743,0.00013057247242696034,nan,False
8,0.0,0.2916666666666667,0.0,0.02,7,8,39,40,14.46729855352807,14.467298294007655,14.467298813048483,0.0001183248087886225,0.00011831897105263098,nan,False
8,0.0,0.2916666666666667,0.0,0.02,9,10,37,38,7.099673454286776,7.099673180113681,7.099673728459872,0.003927498075549615,0.003927571450988073,-9.341157097330239e-06,True
8,0.0,0.2916666666666667,0.0,0.02,9,10,39,40,7.318654122434226,7.318653859351994,7.318654385516457,0.047438971644492116,0.04743904002264122,-7.206954266822846e-07,True
8,0.0,0.2916666666666667,0.0,0.02,11,12,37,38,6.775409933766783,6.77540966243156,6.775410205102006,0.0023951794350681537,0.0023950281297289407,3.1586384758132695e-05,True
8,0.0,0.2916666666666667,0.0,0.02,11,12,39,40,6.994390601914232,6.994390341669873,6.994390862158592,0.0010334000904838128,0.0010334939964614072,nan,False
8,0.0,0.2916666666666667,0.0,0.02,13,14,37,38,6.079377764186578,6.079377472204394,6.079378056168763,0.00403363730983893,0.0040335327209912635,1.2964750620974214e-05,True
8,0.0,0.2916666666666667,0.0,0.02,13,14,39,40,6.298358432334028,6.298358151442707,6.2983587132253485,0.01130390161804645,0.011304714531014923,-3.59558923515308e-05,True
8,0.0,0.2916666666666667,0.0,0.02,15,16,37,38,5.833972063333865,5.833971663136129,5.833972463531603,0.08287171701259066,0.0828727357516979,-6.1464446637495615e-06,True
8,0.0,0.2916666666666667,0.0,0.02,15,16,39,40,6.052952731481315,6.052952342374442,6.052953120588188,0.0009646612297872026,0.0009646608367074558,nan,False
8,0.0,0.2916666666666667,0.0,0.02,17,18,37,38,5.752833593705127,5.752833150939324,5.75283403647093,0.08773284643464102,0.08773284425046715,1.2447868646103526e-08,True
8,0.0,0.2916666666666667,0.0,0.02,17,18,39,40,5.971814261852576,5.971813830177637,5.971814693527516,0.045452235204619565,0.04545450148557016,-2.4929736047179615e-05,True
8,0.0,0.2916666666666667,0.0,0.02,19,20,37,38,5.5198701045180325,5.5198698058465805,5.519870403189484,0.3050186140282781,0.30502112691159317,-4.119212481420902e-06,True
8,0.0,0.2916666666666667,0.0,0.02,19,20,39,40,5.738850772665481,5.738850485084893,5.738851060246069,0.015303450085896484,0.015303259736811108,6.219194630145222e-06,True
8,0.0,0.2916666666666667,0.0,0.02,21,22,37,38,4.5054617747253705,4.505461485436268,4.5054620640144725,0.021097478281134008,0.021097585728875747,-2.546452867406941e-06,True
8,0.0,0.2916666666666667,0.0,0.02,21,22,39,40,4.724442442872819,4.7244421646745804,4.724442721071058,0.0024556497118040036,0.0024556085473341543,8.381654492045644e-06,True
8,0.0,0.2916666666666667,0.0,0.02,23,24,37,38,4.462938492104481,4.462938193201367,4.462938791007596,0.00127625293801059,0.0012762215022923246,nan,False
8,0.0,0.2916666666666667,0.0,0.02,23,24,39,40,4.68191916025193,4.681918872439679,4.681919448064181,0.0004145839888170605,0.00041455093017578673,nan,False
8,0.0,0.2916666666666667,0.0,0.02,25,26,37,38,3.6833589346076154,3.683358650675719,3.683359218539512,0.01703122053185678,0.017031259252108716,-1.1367420158741684e-06,True
8,0.0,0.2916666666666667,0.0,0.02,25,26,39,40,3.9023396027550645,3.9023393299140317,3.9023398755960974,0.014410976429364241,0.014410948182903536,9.800338140197414e-07,True
8,0.0,0.2916666666666667,0.0,0.02,27,28,37,38,3.402592143446326,3.402591594289316,3.4025926926033367,0.006531892369504125,0.00653165446132215,1.8211607081600053e-05,True
8,0.0,0.2916666666666667,0.0,0.02,27,28,39,40,3.6215728115937753,3.6215722735276286,3.621573349659922,0.2061397683349682,0.20613613035496756,8.824139398391138e-06,True
8,0.0,0.2916666666666667,0.0,0.02,29,30,37,38,3.355655574759461,3.3556550803907372,3.3556560691281847,0.03927197823646449,0.039271514644449945,5.9023605590158744e-06,True
8,0.0,0.2916666666666667,0.0,0.02,29,30,39,40,3.57463624290691,3.5746357596290497,3.57463672618477,0.5997947692248154,0.5997831698168883,9.669574230776212e-06,True
8,0.0,0.2916666666666667,0.0,0.02,31,32,37,38,3.3102658323823704,3.3102653569810503,3.310266307783691,0.08402057094004692,0.08401511922147807,3.244381335659327e-05,True
8,0.0,0.2916666666666667,0.0,0.02,31,32,39,40,3.5292465005298195,3.5292460362193627,3.5292469648402762,0.011629543846379518,0.011630726045492226,-5.0824823538309636e-05,True
8,0.0,0.2916666666666667,0.0,0.02,33,34,37,38,2.932620965104566,2.9326204687667072,2.9326214614424253,0.17395926996061756,0.17396539278556783,-1.7598134325817305e-05,True
8,0.0,0.2916666666666667,0.0,0.02,33,34,39,40,3.151601633252015,3.1516011480050197,3.1516021184990106,1.3391871653636758,1.3391831879419995,1.4850155697582468e-06,True
8,0.0,0.2916666666666667,0.0,0.02,35,36,37,38,2.8291121444438954,2.8291117254235445,2.829112563464247,0.3834858176897943,0.3834718328952691,1.8234115683600247e-05,True
8,0.0,0.2916666666666667,0.0,0.02,35,36,39,40,3.048092812591345,3.048092404661857,3.0480932205208324,0.29703724666264203,0.29703992493923176,-4.508297436354231e-06,True
9,0.0,0.3333333333333333,0.0,0.02,1,2,37,38,14.8819041848596,14.881903857556583,14.881904512162619,0.019115362172126463,0.019114978345745492,1.0039836835635818e-05,True
9,0.0,0.3333333333333333,0.0,0.02,1,2,39,40,14.96693863525224,14.966938264978587,14.966939005525894,0.005923083336306224,0.005923127309417226,-3.7119980655834146e-06,True
9,0.0,0.3333333333333333,0.0,0.02,3,4,37,38,14.752901968142861,14.752901640949045,14.75290229533668,0.0032708711305331744,0.003270867476136836,5.586276918436518e-07,True
9,0.0,0.3333333333333333,0.0,0.02,3,4,39,40,14.837936418535502,14.837936048371049,14.837936788699956,0.006602571075182628,0.006602472409478759,7.471819686457824e-06,True
9,0.0,0.3333333333333333,0.0,0.02,5,6,37,38,14.389739917693067,14.389739589025032,14.389740246361098,0.000848617542574473,0.0008485996489654239,nan,False
9,0.0,0.3333333333333333,0.0,0.02,5,6,39,40,14.474774368085706,14.474773996447036,14.474774739724374,0.0004192510945588072,0.0004192486563124215,nan,False
9,0.0,0.3333333333333333,0.0,0.02,7,8,37,38,14.25805628750387,14.25805596096526,14.25805661404248,0.00010459693920085459,0.00010459630195702778,nan,False
9,0.0,0.3333333333333333,0.0,0.02,7,8,39,40,14.34309073789651,14.343090368387264,14.343091107405755,7.89849424921018e-05,7.898163069171383e-05,nan,False
9,0.0,0.3333333333333333,0.0,0.02,9,10,37,38,7.335342647820492,7.335342317951247,7.335342977689736,0.010353668779323671,0.010353621976148933,2.2602268588046608e-06,True
9,0.0,0.3333333333333333,0.0,0.02,9,10,39,40,7.420377098213131,7.42037672537325,7.420377471053011,0.023919907713348173,0.023919833137280196,1.5588727416000633e-06,True
9,0.0,0.3333333333333333,0.0,0.02,11,12,37,38,7.1033472754160405,7.103346943471976,7.103347607360106,0.014568228129510738,0.014567778686108469,1.5425703498545766e-05,True
9,0.0,0.3333333333333333,0.0,0.02,11,12,39,40,7.1883817258086795,7.18838135089398,7.188382100723381,0.004672248357426579,0.004672347692794178,-1.0630247371338055e-05,True
9,0.0,0.3333333333333333,0.0,0.02,13,14,37,38,6.436476250152255,6.43647590043571,6.436476599868801,0.0026917612279597223,0.0026917768771957994,-2.9068682660851064e-06,True
9,0.0,0.3333333333333333,0.0,0.02,13,14,39,40,6.521510700544894,6.521510307857714,6.521511093232076,0.007129172214702795,0.007129353788207055,-1.273438111504593e-05,True
9,0.0,0.3333333333333333,0.0,0.02,15,16,37,38,6.194498199716069,6.194497813608255,6.194498585823883,0.01738941732253812,0.01738984695123696,-1.2353012860213096e-05,True
9,0.0,0.3333333333333333,0.0,0.02,15,16,39,40,6.279532650108708,6.279532221030259,6.279533079187158,0.0025937388973767553,0.002593795216034977,-1.0856537420386456e-05,True
9,0.0,0.3333333333333333,0.0,0.02,17,18,37,38,6.012898703096614,6.0128982932375585,6.012899112955669,0.01602146171113767,0.016021547293784043,-2.6708679687147603e-06,True
9,0.0,0.3333333333333333,0.0,0.02,17,18,39,40,6.097933153489253,6.0979327006595625,6.097933606318944,0.04255309982794156,0.042554254674825924,-1.3569295992238894e-05,True
9,0.0,0.3333333333333333,0.0,0.02,19,20,37,38,5.719692457476425,5.719692116250266,5.719692798702583,0.3081507096393368,0.3081560723592405,-8.701380644085372e-06,True
9,0.0,0.3333333333333333,0.0,0.02,19,20,39,40,5.804726907869064,5.804726523672269,5.804727292065859,0.08117689355248717,0.08117687491839373,1.147746283344569e-07,True
9,0.0,0.3333333333333333,0.0,0.02,21,22,37,38,4.791897635411971,4.791897294950219,4.791897975873722,0.010943873507034694,0.010943889564013626,-7.336052971754037e-07,True
9,0.0,0.3333333333333333,0.0,0.02,21,22,39,40,4.87693208580461,4.8769317023722225,4.876932469236997,0.004326112801645195,0.004326115119162162,-2.6785204788941024e-07,True
9,0.0,0.3333333333333333,0.0,0.02,23,24,37,38,4.7478700690055415,4.7478697199442035,4.74787041806688,0.0028072388588929248,0.0028072043505771296,6.146346931954039e-06,True
9,0.0,0.3333333333333333,0.0,0.02,23,24,39,40,4.8329045193981806,4.832904127366207,4.8329049114301545,0.0002404374425037724,0.00024041649447022596,nan,False
9,0.0,0.3333333333333333,0.0,0.02,25,26,37,38,3.94067715826153,3.9406768215672163,3.9406774949558434,0.012643483815157864,0.012643682022634122,-7.838263786843099e-06,True
9,0.0,0.3333333333333333,0.0,0.02,25,26,39,40,4.025711608654169,4.02571122898922,4.025711988319118,0.017496390266062468,0.017496280011139422,3.150800501137892e-06,True
9,0.0,0.3333333333333333,0.0,0.02,27,28,37,38,3.668023214008011,3.6680228488668094,3.668023579149213,0.0038329715614591146,0.0038329458080243878,3.3594719960464257e-06,True
9,0.0,0.3333333333333333,0.0,0.02,27,28,39,40,3.75305766440065,3.753057256288813,3.753058072512488,0.005666808794461089,0.005666691942256566,1.0310336341549099e-05,True
9,0.0,0.3333333333333333,0.0,0.02,29,30,37,38,3.3067980569324287,3.3067975230755167,3.3067985907893407,0.2970797452190095,0.2970786091793723,1.9120149178839884e-06,True
9,0.0,0.3333333333333333,0.0,0.02,29,30,39,40,3.391832507325068,3.39183193049752,3.3918330841526156,0.6759285863450457,0.6759218355414354,4.9937504187217185e-06,True
9,0.0,0.3333333333333333,0.0,0.02,31,32,37,38,3.2443669056539215,3.2443659927326665,3.2443678185751765,0.23154881353319734,0.2315301236936055,4.0359943174602124e-05,True
9,0.0,0.3333333333333333,0.0,0.02,31,32,39,40,3.329401356046561,3.32940040015467,3.3294023119384515,0.15033291064828938,0.15033433160618628,-4.726014999997931e-06,True
9,0.0,0.3333333333333333,0.0,0.02,33,34,37,38,3.10866233607492,3.108661427958514,3.1086632441913262,0.3225758069587201,0.32258508785754075,-1.4385401990727595e-05,True
9,0.0,0.3333333333333333,0.0,0.02,33,34,39,40,3.1936967864675596,3.1936958353805176,3.193697737554601,1.3969043485457193,1.3969198618413028,-5.5527099828947796e-06,True
9,0.0,0.3333333333333333,0.0,0.02,35,36,37,38,2.982732176667717,2.982731639753174,2.98273271358226,0.0347117519852882,0.03470399197435697,0.00011179035890967203,True
9,0.0,0.3333333333333333,0.0,0.02,35,36,39,40,3.0677666270603563,3.0677660471751773,3.067767206945535,0.2648714100637355,0.2648714527591109,-8.059641459686863e-08,True
10,0.0,0.375,0.0,0.02,1,2,37,38,14.72549886209684,14.725498835538366,14.725498888655313,0.005586153815153462,0.005586093417867313,5.4060105267294816e-06,True
10,0.0,0.375,0.0,0.02,1,2,39,40,14.786203171561672,14.78620242534269,14.786203917780652,0.008055898891653092,0.008055450705348124,2.7818048529684686e-05,True
10,0.0,0.375,0.0,0.02,3,4,37,38,14.611494646350353,14.611494619956668,14.61149467274404,0.0041585138687045805,0.004158403146132556,1.3312934567773637e-05,True
10,0.0,0.375,0.0,0.02,3,4,39,40,14.672198955815185,14.672198209760992,14.67219970186938,0.003632072010400927,0.0036320483556274734,3.2563851177954016e-06,True
10,0.0,0.375,0.0,0.02,5,6,37,38,14.343457287118882,14.343457257868856,14.343457316368909,0.00036255102838293274,0.0003625451857650054,nan,False
10,0.0,0.375,0.0,0.02,5,6,39,40,14.404161596583714,14.40416084767318,14.404162345494248,0.0004616954584644561,0.00046167225872753527,nan,False
10,0.0,0.375,0.0,0.02,7,8,37,38,14.237869756582176,14.237869730325814,14.23786978283854,8.055957604695689e-05,8.055669229347541e-05,nan,False
10,0.0,0.375,0.0,0.02,7,8,39,40,14.298574066047008,14.298573320130139,14.29857481196388,9.908155035355153e-05,9.907911516196151e-05,nan,False
10,0.0,0.375,0.0,0.02,9,10,37,38,7.597536200399891,7.597536168540708,7.597536232259074,0.011634341842711376,0.01163412152107516,9.46868010885698e-06,True
10,0.0,0.375,0.0,0.02,9,10,39,40,7.658240509864722,7.658239758345033,7.658241261384411,0.0028236059024451814,0.0028235104101602166,1.6909919980163295e-05,True
10,0.0,0.375,0.0,0.02,11,12,37,38,7.408351119925962,7.4083510870231155,7.408351152828809,0.00803622910275536,0.008036157259506356,4.469980212340578e-06,True
10,0.0,0.375,0.0,0.02,11,12,39,40,7.469055429390793,7.46905467682744,7.469056181954146,0.00765111241139028,0.0076505209699180305,3.865217898712456e-05,True
10,0.0,0.375,0.0,0.02,13,14,37,38,6.7338478805763105,6.733847831441759,6.733847929710861,0.006028460103900709,0.006028549255578985,-7.394178408479607e-06,True
10,0.0,0.375,0.0,0.02,13,14,39,40,6.794552190041141,6.794551421246084,6.794552958836199,0.0007293224782671482,0.0007293643428801055,nan,False
10,0.0,0.375,0.0,0.02,15,16,37,38,6.530247546248422,6.530247495713164,6.530247596783679,0.0008761229601226126,0.0008761531473700258,nan,False
10,0.0,0.375,0.0,0.02,15,16,39,40,6.590951855713253,6.590951085517489,6.590952625909017,0.004978557544234005,0.004978734229445609,-1.7744303935213485e-05,True
10,0.0,0.375,0.0,0.02,17,18,37,38,6.1740157560898306,6.174015692316534,6.1740158198631265,0.05200549783097991,0.05200653368729739,-9.959004764785997e-06,True
10,0.0,0.375,0.0,0.02,17,18,39,40,6.2347200655546615,6.234719282120858,6.234720848988465,0.008050923065668434,0.00805138276062729,-2.854839324346429e-05,True
10,0.0,0.375,0.0,0.02,19,20,37,38,5.846025912382366,5.846025877749236,5.8460259470154945,0.040933959608770415,0.040934806075602403,-1.0339313472147512e-05,True
10,0.0,0.375,0.0,0.02,19,20,39,40,5.906730221847197,5.906729467553561,5.906730976140833,0.10298231539988188,0.10298727271099953,-2.406817027267492e-05,True
10,0.0,0.375,0.0,0.02,21,22,37,38,5.003253410160511,5.003253374264,5.0032534460570215,0.0005148739531297518,0.0005148564979757358,nan,False
10,0.0,0.375,0.0,0.02,21,22,39,40,5.063957719625343,5.063956964068325,5.06395847518236,0.0021576875488987816,0.002157675958202463,2.6859142455684445e-06,True
10,0.0,0.375,0.0,0.02,23,24,37,38,4.958072152688203,4.958072110309996,4.958072195066411,0.000497135895214087,0.0004971341507707633,nan,False
10,0.0,0.375,0.0,0.02,23,24,39,40,5.018776462153035,5.018775700114321,5.018777224191748,0.0006280534325257525,0.0006280496941512826,nan,False
10,0.0,0.375,0.0,0.02,25,26,37,38,4.1166139502751395,4.116613915916658,4.116613984633621,0.015731104646560422,0.015731211228014415,-3.3875908695723353e-06,True
10,0.0,0.375,0.0,0.02,25,26,39,40,4.1773182597399705,4.177317505720983,4.177319013758959,0.00862555549252,0.008625885588079269,-1.9134375947284022e-05,True
10,0.0,0.375,0.0,0.02,27,28,37,38,3.877774208059215,3.8777741653514304,3.8777742507669997,0.009160780294778266,0.00916090194951032,-6.639932427150067e-06,True
10,0.0,0.375,0.0,0.02,27,28,39,40,3.938478517524046,3.938477755155755,3.9384792798923374,0.01094672639637759,0.010946739264584466,-5.877647273550193e-07,True
10,0.0,0.375,0.0,0.02,29,30,37,38,3.2380865204262594,3.23808634885357,3.2380866919989484,1.203111490264459,1.20311589879546,-1.832133995716654e-06,True
10,0.0,0.375,0.0,0.02,29,30,39,40,3.2987908298910904,3.2987899386578947,3.298791721124286,0.14675411897464458,0.14674464753485164,3.227079931400235e-05,True
10,0.0,0.375,0.0,0.02,31,32,37,38,3.1794187215767895,3.1794176671202075,3.179419776033372,0.9841159466093587,0.9841103456719524,2.8456775667912946e-06,True
10,0.0,0.375,0.0,0.02,31,32,39,40,3.240123031041621,3.240121256924532,3.2401248051587097,0.5284495446972208,0.5284534344857504,-3.680364807578273e-06,True
10,0.0,0.375,0.0,0.02,33,34,37,38,3.1094004122275587,3.1093994011104527,3.109401423344665,0.7766724910389605,0.7766736279542616,-7.319136972912627e-07,True
10,0.0,0.375,0.0,0.02,33,34,39,40,3.17010472169239,3.1701029909147773,3.170106452470003,0.5626075187770692,0.5625798356526555,2.4603124363882214e-05,True
10,0.0,0.375,0.0,0.02,35,36,37,38,2.9966624915037334,2.996662286561296,2.996662696446171,0.01390353424042553,0.013901830542957861,6.12722573842043e-05,True
10,0.0,0.375,0.0,0.02,35,36,39,40,3.057366800968565,3.057365876365621,3.057367725571509,1.7928061434947475,1.7928252238507119,-5.3213378648134535e-06,True
11,0.0,0.4166666666666667,0.0,0.02,1,2,37,38,14.5755941071501,14.575594090641424,14.575594123658776,0.0062479366576691665,0.006247846743132854,7.195590178551922e-06,True
11,0.0,0.4166666666666667,0.0,0.02,1,2,39,40,14.61768262399244,14.617682424009278,14.617682823975603,0.0013876188331843013,0.001387531396164745,nan,False
11,0.0,0.4166666666666667,0.0,0.02,3,4,37,38,14.479144049997926,14.47914403373084,14.479144066265013,0.0005177800519635776,0.0005177374684024575,nan,False
11,0.0,0.4166666666666667,0.0,0.02,3,4,39,40,14.521232566840268,14.521232367098694,14.52123276658184,0.00633086915741164,0.006330838674431884,2.407493535748913e-06,True
11,0.0,0.4166666666666667,0.0,0.02,5,6,37,38,14.28714531534673,14.287145294220995,14.287145336472468,0.00044299709579777964,0.0004429896400216354,nan,False
11,0.0,0.4166666666666667,0.0,0.02,5,6,39,40,14.329233832189072,14.329233627588849,14.329234036789295,0.00011018837308273373,0.00011018269327102056,nan,False
11,0.0,0.4166666666666667,0.0,0.02,7,8,37,38,14.207871082702683,14.207871065361864,14.207871100043503,2.2198753642610873e-05,2.219810576501453e-05,nan,False
11,0.0,0.4166666666666667,0.0,0.02,7,8,39,40,14.249959599545026,14.249959398729718,14.24995980036033,0.00013152913267196973,0.00013152741736245497,nan,False
11,0.0,0.4166666666666667,0.0,0.02,9,10,37,38,7.824472792023132,7.824472770467899,7.824472813578364,0.0020090295929866067,0.002008913751762722,nan,False
11,0.0,0.4166666666666667,0.0,0.02,9,10,39,40,7.866561308865473,7.866561103835755,7.86656151389519,0.004655710138929864,0.004655645480799424,6.9440082712599374e-06,True
11,0.0,0.4166666666666667,0.0,0.02,11,12,37,38,7.649111637800836,7.649111615842953,7.649111659758718,0.008431686012564924,0.008431529339979057,9.290789602766591e-06,True
11,0.0,0.4166666666666667,0.0,0.02,11,12,39,40,7.691200154643177,7.691199949210809,7.691200360075545,0.0006660634988852038,0.0006660069439692361,nan,False
11,0.0,0.4166666666666667,0.0,0.02,13,14,37,38,6.958498038270178,6.958498002863763,6.9584980736765925,0.003938468776987252,0.003938490540732099,-2.76296270797588e-06,True
11,0.0,0.4166666666666667,0.0,0.02,13,14,39,40,7.000586555112519,7.000586336231619,7.000586773993419,0.0016774577078943228,0.001677489839541971,nan,False
11,0.0,0.4166666666666667,0.0,0.02,15,16,37,38,6.785234129701239,6.785234103716849,6.785234155685629,0.0011030467070582387,0.0011030709438236569,nan,False
11,0.0,0.4166666666666667,0.0,0.02,15,16,39,40,6.82732264654358,6.827322437084705,6.827322856002455,0.002942735445074088,0.0029427681528150433,-5.557339386735248e-06,True
11,0.0,0.4166666666666667,0.0,0.02,17,18,37,38,6.287198011074866,6.287197972930427,6.287198049219306,0.04120984202927172,0.041210323361149395,-5.839977090493444e-06,True
11,0.0,0.4166666666666667,0.0,0.02,17,18,39,40,6.3292865279172075,6.3292863062982825,6.3292867495361325,0.023583670147672455,0.023584067408225072,-8.422293991652535e-06,True
11,0.0,0.4166666666666667,0.0,0.02,19,20,37,38,5.952896569358798,5.952896547884096,5.9528965908335,0.03936638780993013,0.039367154445837306,-9.737094067011184e-06,True
11,0.0,0.4166666666666667,0.0,0.02,19,20,39,40,5.99498508620114,5.994984881251952,5.994985291150328,0.0508104653344506,0.05081176273404967,-1.2766887950919986e-05,True
11,0.0,0.4166666666666667,0.0,0.02,21,22,37,38,5.14645831135807,5.146458288487512,5.146458334228628,0.00016085641002198687,0.0001608498933222498,nan,False
11,0.0,0.4166666666666667,0.0,0.02,21,22,39,40,5.188546828200411,5.188546621855368,5.188547034545454,0.00032571359031588476,0.00032571118154027154,nan,False
11,0.0,0.4166666666666667,0.0,0.02,23,24,37,38,5.100472330845464,5.100472303841026,5.100472357849901,9.491996774250048e-05,9.492041924665881e-05,nan,False
11,0.0,0.4166666666666667,0.0,0.02,23,24,39,40,5.142560847687805,5.142560637208882,5.142561058166728,0.0002951336204228002,0.00029513247268032536,nan,False
11,0.0,0.4166666666666667,0.0,0.02,25,26,37,38,4.220752020233898,4.220751997470715,4.220752042997082,0.015273655610279423,0.015273867155178214,-6.925108147564416e-06,True
11,0.0,0.4166666666666667,0.0,0.02,25,26,39,40,4.26284053707624,4.2628403308385705,4.262840743313909,0.004028116963488589,0.00402817803201721,-7.58022498619992e-06,True
11,0.0,0.4166666666666667,0.0,0.02,27,28,37,38,4.02008733949591,4.020087314826846,4.020087364164974,0.004861230127703528,0.004861261317180088,-3.20797161275835e-06,True
11,0.0,0.4166666666666667,0.0,0.02,27,28,39,40,4.062175856338251,4.062175648194701,4.0621760644818,0.011205187832731651,0.011205304114199432,-5.18870661368751e-06,True
11,0.0,0.4166666666666667,0.0,0.02,29,30,37,38,3.173969332802801,3.1739692615067905,3.173969404098812,0.9177669325682505,0.9177777167102965,-5.875172826913348e-06,True
11,0.0,0.4166666666666667,0.0,0.02,29,30,39,40,3.2160578496451424,3.216057594874646,3.2160581044156387,0.4749455859353345,0.47493734655879527,8.674096835886264e-06,True
11,0.0,0.4166666666666667,0.0,0.02,31,32,37,38,3.102689771916963,3.1026889411949585,3.102690602638968,1.3663313220612354,1.3663245056307831,2.494434309373903e-06,True
11,0.0,0.4166666666666667,0.0,0.02,31,32,39,40,3.1447782887593045,3.144777274562814,3.144779302955795,0.5684495918046277,0.5684586452498128,-7.9632154029847e-06,True
11,0.0,0.4166666666666667,0.0,0.02,33,34,37,38,3.0316980001433826,3.0316972005060094,3.0316987997807563,1.1912592032515414,1.1912522747379897,2.908071426216341e-06,True
11,0.0,0.4166666666666667,0.0,0.02,33,34,39,40,3.073786516985724,3.073785533873865,3.073787500097583,0.3652147815076331,0.36521271901198,2.8236829139535333e-06,True
11,0.0,0.4166666666666667,0.0,0.02,35,36,37,38,2.933173773972127,2.933173696528983,2.933173851415271,0.04364581666870905,0.043644610806621464,1.3814367995010556e-05,True
11,0.0,0.4166666666666667,0.0,0.02,35,36,39,40,2.9752622908144684,2.9752620298968386,2.975262551732098,2.2239362219817855,2.223942407274473,-1.3906163371190026e-06,True
12,0.0,0.4583333333333333,0.0,0.02,1,2,37,38,14.483027194985487,14.48302719045778,14.483027199513193,0.004075367201101199,0.004075249820007382,1.4401497888208651e-05,True
12,0.0,0.4583333333333333,0.0,0.02,1,2,39,40,14.51108669146268,14.511086628364328,14.511086754561028,0.001677727499389877,0.001677783288033481,nan,False
12,0.0,0.4583333333333333,0.0,0.02,3,4,37,38,14.403223673239276,14.403223668816864,14.403223677661687,0.0018603997751781298,0.0018604581053581083,nan,False
12,0.0,0.4583333333333333,0.0,0.02,3,4,39,40,14.431283169716469,14.431283106723413,14.431283232709522,0.004314647612529165,0.004314548807350236,1.1450101970280466e-05,True
12,0.0,0.4583333333333333,0.0,0.02,5,6,37,38,14.259111857068094,14.259111846775454,14.259111867360732,0.00029871932251434625,0.00029870990216058135,nan,False
12,0.0,0.4583333333333333,0.0,0.02,5,6,39,40,14.287171353545286,14.287171284682003,14.287171422408566,0.0001144297409333123,0.00011443256361228205,nan,False
12,0.0,0.4583333333333333,0.0,0.02,7,8,37,38,14.202063259225248,14.202063252960162,14.202063265490333,2.9575242430604644e-05,2.9575280088503687e-05,nan,False
12,0.0,0.4583333333333333,0.0,0.02,7,8,39,40,14.230122755702439,14.230122690866711,14.230122820538167,6.19186248238798e-05,6.191729403308203e-05,nan,False
12,0.0,0.4583333333333333,0.0,0.02,9,10,37,38,7.9932718476465325,7.993271840117901,7.993271855175163,0.00045277060353429813,0.0004527998406073879,nan,False
12,0.0,0.4583333333333333,0.0,0.02,9,10,39,40,8.021331344123723,8.021331278024451,8.021331410222999,0.00278325490567095,0.0027831342412702174,2.1677320350268633e-05,True
12,0.0,0.4583333333333333,0.0,0.02,11,12,37,38,7.820305876449055,7.8203058685255655,7.820305884372543,0.004391088194873739,0.0043908928999930805,2.2238134943471358e-05,True
12,0.0,0.4583333333333333,0.0,0.02,11,12,39,40,7.848365372926247,7.8483653064321155,7.848365439420378,0.0031829935425229596,0.003183115542134498,-1.9163920994158605e-05,True
12,0.0,0.4583333333333333,0.0,0.02,13,14,37,38,7.115265343770005,7.115265326317271,7.11526536122274,0.001454283284024745,0.0014542717932183368,nan,False
12,0.0,0.4583333333333333,0.0,0.02,13,14,39,40,7.143324840247198,7.143324764223821,7.143324916270575,0.0034195696035561798,0.003419605603954784,-5.263850904783007e-06,True
12,0.0,0.4583333333333333,0.0,0.02,15,16,37,38,6.959942973433366,6.959942964562217,6.959942982304513,0.002523575070318013,0.0025235990588888314,-4.752871647471364e-06,True
12,0.0,0.4583333333333333,0.0,0.02,15,16,39,40,6.988002469910557,6.988002402468767,6.988002537352348,0.001102334322203889,0.001102322982298454,nan,False
12,0.0,0.4583333333333333,0.0,0.02,17,18,37,38,6.377454241599207,6.377454222961896,6.377454260236515,0.016163958998406454,0.01616398404256636,-7.74690795324562e-07,True
12,0.0,0.4583333333333333,0.0,0.02,17,18,39,40,6.405513738076398,6.405513660868446,6.40551381528435,0.04680372203698457,0.04680415858822722,-4.663616350882352e-06,True
12,0.0,0.4583333333333333,0.0,0.02,19,20,37,38,6.045427440690908,6.04542743379405,6.045427447587764,0.06377673040927793,0.0637774261116555,-5.45417253771421e-06,True
12,0.0,0.4583333333333333,0.0,0.02,19,20,39,40,6.0734869371680995,6.0734868717006,6.073487002635599,0.01825853836602462,0.01825861451728045,-2.08535577985196e-06,True
12,0.0,0.4583333333333333,0.0,0.02,21,22,37,38,5.246064418627002,5.246064409545262,5.246064427708742,6.979097546284072e-05,6.978881930838878e-05,nan,False
12,0.0,0.4583333333333333,0.0,0.02,21,22,39,40,5.2741239151041945,5.274123847451812,5.274123982756577,0.00014338425084466766,0.00014338065362303943,nan,False
12,0.0,0.4583333333333333,0.0,0.02,23,24,37,38,5.199593109977904,5.199593099027169,5.19959312092864,0.00016222301278548553,0.0001622158601539398,nan,False
12,0.0,0.4583333333333333,0.0,0.02,23,24,39,40,5.227652606455097,5.227652536933718,5.227652675976475,0.00012810150635878158,0.0001280994589155125,nan,False
12,0.0,0.4583333333333333,0.0,0.02,25,26,37,38,4.288366001930308,4.288365992374738,4.288366011485877,0.014840762481886085,0.01484087794451069,-3.890035151250967e-06,True
12,0.0,0.4583333333333333,0.0,0.02,25,26,39,40,4.3164254984075,4.316425430281288,4.316425566533712,0.0014015799308635499,0.001401562998411469,nan,False
12,0.0,0.4583333333333333,0.0,0.02,27,28,37,38,4.121259801193064,4.121259792190296,4.121259810195832,0.0015150957461460628,0.0015150786448042903,nan,False
12,0.0,0.4583333333333333,0.0,0.02,27,28,39,40,4.149319297670257,4.149319230096846,4.149319365243667,0.009959722797301881,0.009959804187955086,-4.08597318928319e-06,True
12,0.0,0.4583333333333333,0.0,0.02,29,30,37,38,3.1482848149670506,3.1482847877481546,3.1482848421859466,0.33805028627093636,0.3380582297918959,-1.1748884640324975e-05,True
12,0.0,0.4583333333333333,0.0,0.02,29,30,39,40,3.1763443114442427,3.176344225654704,3.1763443972337813,0.9558550800755845,0.9558482690188648,3.5628209381763077e-06,True
12,0.0,0.4583333333333333,0.0,0.02,31,32,37,38,3.051378157531749,3.0513778087402823,3.051378506323216,1.4564805576107642,1.4564662428155666,4.91419726427896e-06,True
12,0.0,0.4583333333333333,0.0,0.02,31,32,39,40,3.079437654008941,3.079437246646832,3.0794380613710506,0.31641066559119635,0.316420926849668,-1.6214832815261606e-05,True
12,0.0,0.4583333333333333,0.0,0.02,33,34,37,38,2.96103177183576,2.961031393956401,2.9610321497151193,1.9783472782824822,1.9783571520396914,-2.495449782275968e-06,True
12,0.0,0.4583333333333333,0.0,0.02,33,34,39,40,2.989091268312952,2.98909083186295,2.989091704762954,0.10714713489124653,0.10714556340308555,7.333372408318345e-06,True
12,0.0,0.4583333333333333,0.0,0.02,35,36,37,38,2.886238264373427,2.886238241261057,2.8862382874857975,0.09963361176537139,0.09963120935710996,1.2056359210272043e-05,True
12,0.0,0.4583333333333333,0.0,0.02,35,36,39,40,2.9142977608506193,2.914297679167606,2.9142978425336317,2.340163608881746,2.3401618619468896,3.732507209629727e-07,True
13,0.0,0.5,0.0,0.02,1,2,37,38,14.451317236689079,14.45131723456163,14.451317238816525,5.856917433141578e-13,5.911351418338748e-13,nan,False
13,0.0,0.5,0.0,0.02,1,2,39,40,14.474580731221877,14.47458072940235,14.474580733041405,0.0051238780054170445,0.005123880975409991,-2.8981877427509384e-07,True
13,0.0,0.5,0.0,0.02,3,4,37,38,14.37917361053049,14.379173607899167,14.37917361316181,0.006061007536280804,0.0060610065520851275,8.119077153113081e-08,True
13,0.0,0.5,0.0,0.02,3,4,39,40,14.402437105063289,14.402437102739887,14.40243710738669,5.354040007074121e-13,5.483126604432401e-13,nan,False
13,0.0,0.5,0.0,0.02,5,6,37,38,14.250835485302664,14.250835482559372,14.250835488045954,5.025088716041001e-14,5.149387658362604e-14,nan,False
13,0.0,0.5,0.0,0.02,5,6,39,40,14.274098979835463,14.274098977400092,14.274098982270834,0.00032796352410110585,0.00032796237830631656,nan,False
13,0.0,0.5,0.0,0.02,7,8,37,38,14.203333210844672,14.203333208465287,14.203333213224056,5.859038099458836e-05,5.8590514648391774e-05,nan,False
13,0.0,0.5,0.0,0.02,7,8,39,40,14.226596705377471,14.226596703306006,14.226596707448936,1.692834073666904e-14,2.426428689193342e-14,nan,False
13,0.0,0.5,0.0,0.02,9,10,37,38,8.05564225775781,8.055642255350431,8.05564226016519,0.0023039978664615357,0.0023039937472142513,nan,False
13,0.0,0.5,0.0,0.02,9,10,39,40,8.07890575229061,8.07890575019115,8.078905754390068,1.090753977279342e-12,1.1184993797075614e-12,nan,False
13,0.0,0.5,0.0,0.02,11,12,37,38,7.882581864508541,7.8825818608694815,7.882581868147602,1.1862479768201828e-12,1.226678102385401e-12,nan,False
13,0.0,0.5,0.0,0.02,11,12,39,40,7.905845359041341,7.905845355710201,7.905845362372481,0.007165418765008583,0.007165406712423511,8.410251796950905e-07,True
13,0.0,0.5,0.0,0.02,13,14,37,38,7.171772791871499,7.1717727845933785,7.171772799149618,9.568405350532736e-13,9.128750348363367e-13,nan,False
13,0.0,0.5,0.0,0.02,13,14,39,40,7.195036286404298,7.195036279434098,7.195036293374497,0.004648178277235321,0.004648178363190376,-9.246101338174089e-09,True
13,0.0,0.5,0.0,0.02,15,16,37,38,7.02234650303345,7.022346486545707,7.022346519521194,0.003542157292818541,0.003542154382703326,4.107830581243655e-07,True
13,0.0,0.5,0.0,0.02,15,16,39,40,7.045609997566249,7.045609981386426,7.045610013746073,1.5557009497594743e-12,1.5119466525266405e-12,nan,False
13,0.0,0.5,0.0,0.02,17,18,37,38,6.412228723925473,6.412228712812342,6.412228735038603,2.9831444000645038e-12,2.963978872721757e-12,nan,False
13,0.0,0.5,0.0,0.02,17,18,39,40,6.435492218458272,6.435492207653062,6.435492229263482,0.06208055449270142,0.062080542131506905,9.955771049474069e-08,True
13,0.0,0.5,0.0,0.02,19,20,37,38,6.081784938450108,6.081784936938498,6.081784939961716,0.08019175344467205,0.08019173864609358,9.226996046062204e-08,True
13,0.0,0.5,0.0,0.02,19,20,39,40,6.1050484329829064,6.105048431779218,6.105048434186595,3.6071360252273273e-12,3.7396500610693146e-12,nan,False
13,0.0,0.5,0.0,0.02,21,22,37,38,5.282115435298324,5.2821154292798775,5.28211544131677,9.939277753241717e-14,1.355270656207198e-13,nan,False
13,0.0,0.5,0.0,0.02,21,22,39,40,5.305378929831123,5.305378924120597,5.305378935541649,0.00014890912873845227,0.00014890684018426095,nan,False
13,0.0,0.5,0.0,0.02,23,24,37,38,5.235480821240302,5.235480814997914,5.23548082748269,0.0002753025845865935,0.0002753048520428023,nan,False
13,0.0,0.5,0.0,0.02,23,24,39,40,5.258744315773102,5.258744309838634,5.258744321707569,7.404976102002531e-14,6.259282588491056e-14,nan,False
13,0.0,0.5,0.0,0.02,25,26,37,38,4.311686386505497,4.311686379955188,4.311686393055806,0.015137117756403527,0.015137069206893488,1.6036602435527613e-06,True
13,0.0,0.5,0.0,0.02,25,26,39,40,4.3349498810382965,4.334949874795908,4.334949887280684,2.6353542918620345e-12,2.7722055292531327e-12,nan,False
13,0.0,0.5,0.0,0.02,27,28,37,38,4.158753587723034,4.158753583188205,4.158753592257862,2.9383442516122714e-12,2.575171364511699e-12,nan,False
13,0.0,0.5,0.0,0.02,27,28,39,40,4.1820170822558325,4.182017078028925,4.182017086482741,0.00994313106598975,0.009943129965883578,5.531991002866039e-08,True
13,0.0,0.5,0.0,0.02,29,30,37,38,3.142974287435777,3.14297427747035,3.142974297401204,1.9563016833880756e-10,1.780812175225486e-10,nan,False
13,0.0,0.5,0.0,0.02,29,30,39,40,3.166237781968576,3.1662377723110695,3.1662377916260827,1.2537336830833183,1.2537330028283287,2.7129173579582264e-07,True
13,0.0,0.5,0.0,0.02,31,32,37,38,3.038008175906344,3.0380081710915876,3.038008180721101,1.657324099233711,1.6573234736948341,1.8871957369716177e-07,True
13,0.0,0.5,0.0,0.02,31,32,39,40,3.0612716704391434,3.061271665932307,3.0612716749459796,2.1369144181150922e-10,2.1237165940720648e-10,nan,False
13,0.0,0.5,0.0,0.02,33,34,37,38,2.921237174009702,2.921237164408181,2.9212371836112228,2.3870138516726014,2.3870141639596874,-6.541375227498762e-08,True
13,0.0,0.5,0.0,0.02,33,34,39,40,2.944500668542501,2.9445006592489005,2.9445006778361016,4.532678511984423e-11,4.700710095601584e-11,nan,False
13,0.0,0.5,0.0,0.02,35,36,37,38,2.8764611742511965,2.8764611670570543,2.876461181445339,3.5391237612978125e-11,3.342046743428775e-11,nan,False
13,0.0,0.5,0.0,0.02,35,36,39,40,2.8997246687839957,2.899724661897774,2.899724675670218,2.421136007753949,2.42113577053549,4.898908404145506e-08,True
14,0.0277777777777778,0.5138888888888888,0.0,0.02,1,2,37,38,14.451678300208886,14.451678136456092,14.45167846396168,0.002640801851053699,0.002640740186015923,1.1675574546851316e-05,True
14,0.0277777777777778,0.5138888888888888,0.0,0.02,1,2,39,40,14.472122014431392,14.4721218557366,14.472122173126184,0.003469233379271664,0.003469316550475666,-1.1986827917093777e-05,True
14,0.0277777777777778,0.5138888888888888,0.0,0.02,3,4,37,38,14.379806893696328,14.379806729366262,14.379807058026394,0.00528919138164073,0.005289143657215885,4.511525175736661e-06,True
14,0.0277777777777778,0.5138888888888888,0.0,0.02,3,4,39,40,14.400250607918831,14.40025044864677,14.400250767190897,0.0019062234509809746,0.0019062306120227314,nan,False
14,0.0277777777777778,0.5138888888888888,0.0,0.02,5,6,37,38,14.252284325939412,14.252284164853066,14.252284487025758,0.00018244764809329013,0.00018244465460478973,nan,False
14,0.0277777777777778,0.5138888888888888,0.0,0.02,5,6,39,40,14.272728040161915,14.272727884133573,14.272728196190261,0.00022759309973580704,0.0002276009929760781,nan,False
14,0.0277777777777778,0.5138888888888888,0.0,0.02,7,8,37,38,14.205079355751286,14.205079194774896,14.205079516727675,5.0741661784207655e-05,5.073860425328956e-05,nan,False
14,0.0277777777777778,0.5138888888888888,0.0,0.02,7,8,39,40,14.22552306997379,14.225522914055404,14.225523225892179,3.173640832582589e-05,3.1735705805149217e-05,nan,False
14,0.0277777777777778,0.5138888888888888,0.0,0.02,9,10,37,38,8.048589044685787,8.048588885166325,8.048589204205253,0.0021339590029933633,0.0021339813198339736,nan,False
14,0.0277777777777778,0.5138888888888888,0.0,0.02,9,10,39,40,8.069032758908293,8.069032604446829,8.069032913369757,0.0003615622216421001,0.00036155017209299337,nan,False
14,0.0277777777777778,0.5138888888888888,0.0,0.02,11,12,37,38,7.875880653872093,7.875880494022758,7.875880813721428,0.0013667106896930112,0.0013666735844008147,nan,False
14,0.0277777777777778,0.5138888888888888,0.0,0.02,11,12,39,40,7.896324368094597,7.896324213303264,7.896324522885931,0.005936580737424913,0.005936628850288848,-4.052220554152986e-06,True
14,0.0277777777777778,0.5138888888888888,0.0,0.02,13,14,37,38,7.177623203181363,7.1776230351402655,7.17762337122246,0.0011867434709944898,0.0011866680680243339,nan,False
14,0.0277777777777778,0.5138888888888888,0.0,0.02,13,14,39,40,7.198066917403867,7.198066754420771,7.198067080386964,0.003712692729432165,0.0037127017583289197,-1.2159484280189907e-06,True
14,0.0277777777777778,0.5138888888888888,0.0,0.02,15,16,37,38,7.034261516408374,7.034261341412525,7.034261691404223,0.0029001969628132795,0.0029002456721163236,-8.39751482944034e-06,True
14,0.0277777777777778,0.5138888888888888,0.0,0.02,15,16,39,40,7.054705230630878,7.05470506069303,7.054705400568726,0.0007773889499803506,0.0007774420453919727,nan,False
14,0.0277777777777778,0.5138888888888888,0.0,0.02,17,18,37,38,6.413674508860155,6.4136743407640795,6.413674676956231,0.011970289526476177,0.011970074888255487,8.965536905439846e-06,True
14,0.0277777777777778,0.5138888888888888,0.0,0.02,17,18,39,40,6.43411822308266,6.434118060044585,6.434118386120734,0.048879725937238105,0.048880105896307535,-3.886658378021065e-06,True
14,0.0277777777777778,0.5138888888888888,0.0,0.02,19,20,37,38,6.083809351324973,6.083809190458541,6.083809512191405,0.06076911376226604,0.060768731666335674,3.1438432121329735e-06,True
14,0.0277777777777778,0.5138888888888888,0.0,0.02,19,20,39,40,6.104253065547478,6.1042529097390466,6.104253221355909,0.015344837177592247,0.015344899371010539,-2.0265217393974895e-06,True
14,0.0277777777777778,0.5138888888888888,0.0,0.02,21,22,37,38,5.287364644952169,5.287364460829926,5.287364829074412,0.0007755318310561949,0.0007755240206853123,nan,False
14,0.0277777777777778,0.5138888888888888,0.0,0.02,21,22,39,40,5.307808359174674,5.307808180110432,5.307808538238915,0.00018228179864079468,0.00018227244034001692,nan,False
14,0.0277777777777778,0.5138888888888888,0.0,0.02,23,24,37,38,5.253218803979902,5.253218619472811,5.253218988486992,0.00035272934933318497,0.00035273351435521514,nan,False
14,0.0277777777777778,0.5138888888888888,0.0,0.02,23,24,39,40,5.273662518202406,5.273662338753317,5.2736626976514955,0.0010600592187606107,0.0010600730974579388,nan,False
14,0.0277777777777778,0.5138888888888888,0.0,0.02,25,26,37,38,4.315985065657048,4.315984892338037,4.31598523897606,0.011690436968614715,0.011690495924323965,-2.521529381237318e-06,True
14,0.0277777777777778,0.5138888888888888,0.0,0.02,25,26,39,40,4.336428779879553,4.336428611618542,4.336428948140563,0.0033256033566041814,0.0033254929844892932,1.659457467278495e-05,True
14,0.0277777777777778,0.5138888888888888,0.0,0.02,27,28,37,38,4.155865791378835,4.155865618389694,4.155865964367977,0.0011954400506258003,0.0011954489492962985,nan,False
14,0.0277777777777778,0.5138888888888888,0.0,0.02,27,28,39,40,4.17630950560134,4.176309337670199,4.17630967353248,0.00854046412813851,0.008540507968744549,-2.566634134807541e-06,True
14,0.0277777777777778,0.5138888888888888,0.0,0.02,29,30,37,38,3.2616974653766126,3.2616971421593344,3.2616977885938905,0.2740233144359071,0.2740379556723771,-2.6714597926431453e-05,True
14,0.0277777777777778,0.5138888888888888,0.0,0.02,29,30,39,40,3.282141179599117,3.28214086143984,3.282141497758394,1.0611868541018183,1.0611818159183142,2.373849357718458e-06,True
14,0.0277777777777778,0.5138888888888888,0.0,0.02,31,32,37,38,3.1393523246666115,3.139352031714874,3.1393526176183495,0.7607161222005943,0.7607275364074404,-7.502221184175514e-06,True
14,0.0277777777777778,0.5138888888888888,0.0,0.02,31,32,39,40,3.159796038889116,3.1597957509953796,3.159796326782853,0.4253163911077888,0.425297071200538,2.271291027814598e-05,True
14,0.0277777777777778,0.5138888888888888,0.0,0.02,33,34,37,38,2.8869077375883196,2.8869073599150603,2.886908115261579,2.5539342746796803,2.553906704393972,5.397639789720259e-06,True
14,0.0277777777777778,0.5138888888888888,0.0,0.02,33,34,39,40,2.907351451810824,2.907351079195566,2.9073518244260823,0.2068725572575782,0.2068881988730045,-3.7803525816661666e-05,True
14,0.0277777777777778,0.5138888888888888,0.0,0.02,35,36,37,38,2.785909332399059,2.785908982902166,2.785909681895953,0.29765192203155966,0.2976373057921235,2.4553173067814278e-05,True
14,0.0277777777777778,0.5138888888888888,0.0,0.02,35,36,39,40,2.8063530466215636,2.8063527021826715,2.806353391060456,1.9737884777128383,1.973811867257663,-5.925003237606222e-06,True
15,0.0555555555555556,0.5277777777777778,0.0,0.02,1,2,37,38,14.440159109659765,14.440158887875848,14.440159331443683,0.006199304884911609,0.0061993289889508045,-1.9440883116958293e-06,True
15,0.0555555555555556,0.5277777777777778,0.0,0.02,1,2,39,40,14.472552321354456,14.472552109536137,14.47255253317278,0.00332606704362657,0.003326084076905979,-2.5605671158502287e-06,True
15,0.0555555555555556,0.5277777777777778,0.0,0.02,3,4,37,38,14.369098226998632,14.369098004198388,14.369098449798875,0.0061936935759431995,0.006193619477157562,5.9818287727207164e-06,True
15,0.0555555555555556,0.5277777777777778,0.0,0.02,3,4,39,40,14.401491438693323,14.401491225858678,14.401491651527971,0.00424196625883421,0.004241959690009587,7.742670861038503e-07,True
15,0.0555555555555556,0.5277777777777778,0.0,0.02,5,6,37,38,14.24399790282438,14.243997686432612,14.24399811921615,0.00037686015627147527,0.0003768633920178873,nan,False
15,0.0555555555555556,0.5277777777777778,0.0,0.02,5,6,39,40,14.276391114519072,14.276390908092901,14.276391320945246,0.0003161635704916826,0.00031616541858674115,nan,False
15,0.0555555555555556,0.5277777777777778,0.0,0.02,7,8,37,38,14.197714020386757,14.197713803938525,14.197714236834987,8.499474935728658e-05,8.499073553719209e-05,nan,False
15,0.0555555555555556,0.5277777777777778,0.0,0.02,7,8,39,40,14.230107232081448,14.230107025598814,14.230107438564083,5.763439817052336e-05,5.7632796546054965e-05,nan,False
15,0.0555555555555556,0.5277777777777778,0.0,0.02,9,10,37,38,8.01483954906199,8.014839335493336,8.014839762630645,0.0013515443517503154,0.0013515590824543908,nan,False
15,0.0555555555555556,0.5277777777777778,0.0,0.02,9,10,39,40,8.047232760756684,8.047232557153626,8.047232964359742,0.001744097027148109,0.0017441115106607708,nan,False
15,0.0555555555555556,0.5277777777777778,0.0,0.02,11,12,37,38,7.843239568942883,7.843239356644629,7.843239781241136,0.005695842764676738,0.005695890989592988,-4.233325434901475e-06,True
15,0.0555555555555556,0.5277777777777778,0.0,0.02,11,12,39,40,7.8756327806375745,7.875632578304918,7.875632982970232,0.00224423093566355,0.002244221816869169,nan,False
15,0.0555555555555556,0.5277777777777778,0.0,0.02,13,14,37,38,7.182980745252252,7.182980514264976,7.182980976239525,0.0028806502443994427,0.0028805765975149877,1.2783194704160902e-05,True
15,0.0555555555555556,0.5277777777777778,0.0,0.02,13,14,39,40,7.2153739569469435,7.215373735925265,7.215374177968622,0.0025503005711101745,0.0025502434488196496,1.1199254491609378e-05,True
15,0.0555555555555556,0.5277777777777778,0.0,0.02,15,16,37,38,7.057213078007967,7.0572128430401,7.057213312975833,0.0017363836801986378,0.0017364670945125467,nan,False
15,0.0555555555555556,0.5277777777777778,0.0,0.02,15,16,39,40,7.089606289702659,7.089606064700387,7.089606514704929,0.002138653697963421,0.002138750958683687,nan,False
15,0.0555555555555556,0.5277777777777778,0.0,0.02,17,18,37,38,6.4053879755996395,6.405387754944966,6.405388196254313,0.03264630042389121,0.032646361841642664,-9.406531962856469e-07,True
15,0.0555555555555556,0.5277777777777778,0.0,0.02,17,18,39,40,6.437781187294332,6.437780976605255,6.437781397983409,0.025488389496894748,0.025488611198360114,-4.349048832667671e-06,True
15,0.0555555555555556,0.5277777777777778,0.0,0.02,19,20,37,38,6.077206858780425,6.077206642501579,6.07720707505927,0.023096673014256185,0.023096267699100375,8.774396034336838e-06,True
15,0.0555555555555556,0.5277777777777778,0.0,0.02,19,20,39,40,6.109600070475118,6.1095998641618685,6.109600276788367,0.04204002655696646,0.04203984527107416,2.1561152313431977e-06,True
15,0.0555555555555556,0.5277777777777778,0.0,0.02,21,22,37,38,5.291897279198012,5.291896689816281,5.291897868579743,0.002826609482642817,0.0028266070625923003,4.280838169543053e-07,True
15,0.0555555555555556,0.5277777777777778,0.0,0.02,21,22,39,40,5.324290490892704,5.324289911476569,5.324291070308838,6.411973759284557e-05,6.412276324279813e-05,nan,False
15,0.0555555555555556,0.5277777777777778,0.0,0.02,23,24,37,38,5.286808274623253,5.28680768349119,5.286808865755315,0.00016083981488389376,0.0001608415219145751,nan,False
15,0.0555555555555556,0.5277777777777778,0.0,0.02,23,24,39,40,5.3192014863179455,5.319200905151479,5.319202067484412,0.003209104124219336,0.0032091026386616523,2.314599293377202e-07,True
15,0.0555555555555556,0.5277777777777778,0.0,0.02,25,26,37,38,4.317014101742508,4.317013868666129,4.317014334818887,0.003650978644351729,0.00365093429093586,6.074218668777482e-06,True
15,0.0555555555555556,0.5277777777777778,0.0,0.02,25,26,39,40,4.3494073134372,4.349407090326417,4.349407536547982,0.010950302118739909,0.010950267496061677,1.5809030924905375e-06,True
15,0.0555555555555556,0.5277777777777778,0.0,0.02,27,28,37,38,4.137933158226458,4.137932923936139,4.137933392516777,0.004203996018503213,0.004204021889555517,-3.0769501906023407e-06,True
15,0.0555555555555556,0.5277777777777778,0.0,0.02,27,28,39,40,4.170326369921151,4.170326145596428,4.170326594245873,0.005638765998588218,0.005638821037568522,-4.880386214483826e-06,True
15,0.0555555555555556,0.5277777777777778,0.0,0.02,29,30,37,38,3.4708344796782002,3.4708340861641918,3.4708348731922083,0.16239159961520938,0.16239622758133737,-1.424919821637767e-05,True
15,0.0555555555555556,0.5277777777777778,0.0,0.02,29,30,39,40,3.503227691372892,3.50322730782448,3.5032280749213043,0.85842161868708,0.8584244800777642,-1.6666553200260221e-06,True
15,0.0555555555555556,0.5277777777777778,0.0,0.02,31,32,37,38,3.3436397588812796,3.343639384084524,3.343640133678035,0.6362871901126296,0.6362854289887195,1.3839083786680558e-06,True
15,0.0555555555555556,0.5277777777777778,0.0,0.02,31,32,39,40,3.376032970575972,3.3760326057448125,3.376033335407131,0.27800376593317905,0.2779981776046741,1.0050915414769273e-05,True
15,0.0555555555555556,0.5277777777777778,0.0,0.02,33,34,37,38,2.8005321374422913,2.8005317745308504,2.8005325003537322,2.2839412666469108,2.28393167952259,2.0988158895010357e-06,True
15,0.0555555555555556,0.5277777777777778,0.0,0.02,33,34,39,40,2.8329253491369837,2.8329249961911387,2.8329257020828282,0.47665437140416383,0.47665584226481056,-1.5428982356783069e-06,True
15,0.0555555555555556,0.5277777777777778,0.0,0.02,35,36,37,38,2.684789391924516,2.6847890444555143,2.6847897393935174,0.43645923812385856,0.4364598215376834,-6.683481342335673e-07,True
15,0.0555555555555556,0.5277777777777778,0.0,0.02,35,36,39,40,2.717182603619208,2.7171822661158025,2.717182941122614,1.9999531769604841,1.999957604712663,-1.1069627350667246e-06,True
16,0.0833333333333333,0.5416666666666666,0.0,0.02,1,2,37,38,14.408978113710194,14.408977921992793,14.408978305427596,0.006132225840101489,0.006132222472152177,2.746107469371425e-07,True
16,0.0833333333333333,0.5416666666666666,0.0,0.02,1,2,39,40,14.4695207959123,14.469520616531401,14.469520975293198,0.009973116570083361,0.009973165990530311,-2.477677070896477e-06,True
16,0.0833333333333333,0.5416666666666666,0.0,0.02,3,4,37,38,14.339294293016568,14.339294099943508,14.33929448608963,0.011613465674902453,0.011613376456722262,3.84116702930718e-06,True
16,0.0833333333333333,0.5416666666666666,0.0,0.02,3,4,39,40,14.399836975218674,14.399836794482116,14.399837155955233,0.003872153227022648,0.0038721584320861755,-6.721144184847946e-07,True
16,0.0833333333333333,0.5416666666666666,0.0,0.02,5,6,37,38,14.218107254782021,14.218107070547862,14.218107439016181,0.00030900554912645476,0.00030900708383779736,nan,False
16,0.0833333333333333,0.5416666666666666,0.0,0.02,5,6,39,40,14.278649936984127,14.27864976508647,14.278650108881784,0.0009248872307607527,0.0009248912857968423,nan,False
16,0.0833333333333333,0.5416666666666666,0.0,0.02,7,8,37,38,14.173376474701616,14.173376290304779,14.173376659098457,0.00016474737832781187,0.0001647431976889005,nan,False
16,0.0833333333333333,0.5416666666666666,0.0,0.02,7,8,39,40,14.233919156903722,14.233918984843386,14.23391932896406,4.6854639319705325e-05,4.685292100167799e-05,nan,False
16,0.0833333333333333,0.5416666666666666,0.0,0.02,9,10,37,38,7.946625786839811,7.946625606157481,7.946625967522142,0.0014461110494703904,0.0014461265758412354,nan,False
16,0.0833333333333333,0.5416666666666666,0.0,0.02,9,10,39,40,8.007168469041916,8.00716830069609,8.007168637387744,0.0027276295291792678,0.0027276798530130528,-9.224744237106423e-06,True
16,0.0833333333333333,0.5416666666666666,0.0,0.02,11,12,37,38,7.777025365971016,7.777025188189797,7.777025543752235,0.007671532902647703,0.00767156712155778,-2.2302474743064996e-06,True
16,0.0833333333333333,0.5416666666666666,0.0,0.02,11,12,39,40,7.837568048173122,7.837567882728406,7.837568213617838,0.0023831541304347743,0.002383199900152261,-9.602668453248002e-06,True
16,0.0833333333333333,0.5416666666666666,0.0,0.02,13,14,37,38,7.181168312852688,7.181168099065145,7.18116852664023,0.0023173491118333566,0.002317247463161226,2.193258258527768e-05,True
16,0.0833333333333333,0.5416666666666666,0.0,0.02,13,14,39,40,7.2417109950547935,7.241710793603754,7.2417111965058325,0.0033275690548235435,0.003327490443619725,1.181224658276791e-05,True
16,0.0833333333333333,0.5416666666666666,0.0,0.02,15,16,37,38,7.082589973345407,7.082589757090565,7.08259018960025,0.0019117614847588354,0.001911852348674013,nan,False
16,0.0833333333333333,0.5416666666666666,0.0,0.02,15,16,39,40,7.143132655547513,7.143132451629174,7.143132859465853,0.0018511327600535749,0.0018512710582706132,nan,False
16,0.0833333333333333,0.5416666666666666,0.0,0.02,17,18,37,38,6.379434460989585,6.379434275725124,6.379434646254045,0.024962356537151946,0.024962264209565647,1.8493397629782331e-06,True
16,0.0833333333333333,0.5416666666666666,0.0,0.02,17,18,39,40,6.43997714319169,6.439976970263733,6.439977316119648,0.030986108663224304,0.030986507323778868,-6.4328501906098415e-06,True
16,0.0833333333333333,0.5416666666666666,0.0,0.02,19,20,37,38,6.054010864529618,6.054010680539477,6.054011048519757,0.023740873461083854,0.023740392396393143,1.0131673661675538e-05,True
16,0.0833333333333333,0.5416666666666666,0.0,0.02,19,20,39,40,6.114553546731723,6.114553375078086,6.11455371838536,0.028490973226604373,0.028490843045123584,2.2846144490884462e-06,True
16,0.0833333333333333,0.5416666666666666,0.0,0.02,21,22,37,38,5.326089223961643,5.326088989622299,5.326089458300986,0.003766144406191276,0.0037661321651316438,1.625147392845962e-06,True
16,0.0833333333333333,0.5416666666666666,0.0,0.02,21,22,39,40,5.386631906163748,5.386631684160908,5.386632128166589,0.0009023239046088934,0.0009023087943998989,nan,False
16,0.0833333333333333,0.5416666666666666,0.0,0.02,23,24,37,38,5.276242843712979,5.276242604927072,5.276243082498887,0.00024779186989561564,0.00024779841875807165,nan,False
16,0.0833333333333333,0.5416666666666666,0.0,0.02,23,24,39,40,5.336785525915085,5.336785299465681,5.33678575236449,0.0035192910243741966,0.0035193214545765714,-4.3233240167504784e-06,True
16,0.0833333333333333,0.5416666666666666,0.0,0.02,25,26,37,38,4.309094988401904,4.309094790312902,4.309095186490906,0.0021218588024684605,0.0021218732541894362,-3.405427294369269e-06,True
16,0.0833333333333333,0.5416666666666666,0.0,0.02,25,26,39,40,4.3696376706040105,4.369637484851511,4.369637856356509,0.012019827107263374,0.012019788433902204,1.6087345949230176e-06,True
16,0.0833333333333333,0.5416666666666666,0.0,0.02,27,28,37,38,4.10551749470969,4.10551729087269,4.105517698546689,0.005301881858018841,0.005301988347963962,-1.004255456282057e-05,True
16,0.0833333333333333,0.5416666666666666,0.0,0.02,27,28,39,40,4.166060176911795,4.166059985411299,4.166060368412292,0.007635901312377434,0.007635934354188712,-2.1635782363638673e-06,True
16,0.0833333333333333,0.5416666666666666,0.0,0.02,29,30,37,38,3.710001004922713,3.7100006593921573,3.710001350453269,0.09059836136591179,0.09060222566262151,-2.132607169263777e-05,True
16,0.0833333333333333,0.5416666666666666,0.0,0.02,29,30,39,40,3.770543687124819,3.7705433539307656,3.770544020318872,0.5301424964676928,0.5301427855390598,-2.726354612858909e-07,True
16,0.0833333333333333,0.5416666666666666,0.0,0.02,31,32,37,38,3.576396826257758,3.5763964954496674,3.5763971570658493,0.5028407306769147,0.5028395494210555,1.1745838937245298e-06,True
16,0.0833333333333333,0.5416666666666666,0.0,0.02,31,32,39,40,3.636939508459864,3.6369391899882757,3.636939826931452,0.12332035430700071,0.12331627339032394,1.6546271796150037e-05,True
16,0.0833333333333333,0.5416666666666666,0.0,0.02,33,34,37,38,2.7189746303192392,2.718974363254269,2.718974897384209,2.061687858575848,2.0616736806665177,3.438434683736316e-06,True
16,0.0833333333333333,0.5416666666666666,0.0,0.02,33,34,39,40,2.7795173125213446,2.7795170577928774,2.779517567249812,0.6872905565687845,0.6872982460883165,-5.594050756955069e-06,True
16,0.0833333333333333,0.5416666666666666,0.0,0.02,35,36,37,38,2.593640711206085,2.5936404566402977,2.593640965771872,0.6193315612023695,0.6193240239979292,6.084988055123186e-06,True
16,0.0833333333333333,0.5416666666666666,0.0,0.02,35,36,39,40,2.6541833934081906,2.6541831511789065,2.654183635637475,2.0235240982236715,2.023533288165788,-2.2707713875108163e-06,True
17,0.1111111111111111,0.5555555555555556,0.0,0.02,1,2,37,38,14.36000352678942,14.36000334308776,14.36000371049108,0.005883541924003542,0.005883532342429326,8.142698855626729e-07,True
17,0.1111111111111111,0.5555555555555556,0.0,0.02,1,2,39,40,14.442438147365436,14.442437972442544,14.442438322288329,0.01881439918189441,0.018814446767209766,-1.2645967251451478e-06,True
17,0.1111111111111111,0.5555555555555556,0.0,0.02,3,4,37,38,14.292323346511402,14.292323161148895,14.29232353187391,0.018278405487772445,0.0182783415143171,1.749976696285049e-06,True
17,0.1111111111111111,0.5555555555555556,0.0,0.02,3,4,39,40,14.374757967087419,14.37475779050368,14.374758143671158,0.003835335949279228,0.0038353370608323676,-1.4490946726546771e-07,True
17,0.1111111111111111,0.5555555555555556,0.0,0.02,5,6,37,38,14.176332918534003,14.176332743492479,14.176333093575527,0.00021426754717947542,0.00021426791956737732,nan,False
17,0.1111111111111111,0.5555555555555556,0.0,0.02,5,6,39,40,14.25876753911002,14.258767372847263,14.258767705372776,0.0017124382706337875,0.0017124397777388018,nan,False
17,0.1111111111111111,0.5555555555555556,0.0,0.02,7,8,37,38,14.133822341739476,14.133822166460687,14.133822517018265,0.0002260405079109422,0.00022603757940173178,nan,False
17,0.1111111111111111,0.5555555555555556,0.0,0.02,7,8,39,40,14.216256962315493,14.216256795815472,14.216257128815514,3.426474836594277e-05,3.42641980356743e-05,nan,False
17,0.1111111111111111,0.5555555555555556,0.0,0.02,9,10,37,38,7.845865404126607,7.84586523252541,7.845865575727803,0.002096951511693971,0.0020969686351717614,nan,False
17,0.1111111111111111,0.5555555555555556,0.0,0.02,9,10,39,40,7.928300024702624,7.928299861880196,7.928300187525052,0.003710633201626749,0.003710699751937455,-8.967433629869107e-06,True
17,0.1111111111111111,0.5555555555555556,0.0,0.02,11,12,37,38,7.679371289050971,7.679371121957793,7.67937145614415,0.008871167511429419,0.008871170803756871,-1.8556333409069775e-07,True
17,0.1111111111111111,0.5555555555555556,0.0,0.02,11,12,39,40,7.761805909626988,7.761805751312578,7.761806067941398,0.006001285344389601,0.006001366503330432,-6.761750808115387e-06,True
17,0.1111111111111111,0.5555555555555556,0.0,0.02,13,14,37,38,7.175439271682502,7.175439033825333,7.175439509539672,0.00138964548695495,0.001389535933966347,nan,False
17,0.1111111111111111,0.5555555555555556,0.0,0.02,13,14,39,40,7.2578738922585195,7.257873663180118,7.25787412133692,0.003610931378752894,0.003610822406216173,1.5089483796530888e-05,True
17,0.1111111111111111,0.5555555555555556,0.0,0.02,15,16,37,38,7.110312213018256,7.110311972966393,7.110312453070119,0.0021269548514161254,0.002127053879696093,nan,False
17,0.1111111111111111,0.5555555555555556,0.0,0.02,15,16,39,40,7.192746833594272,7.192746602321178,7.192747064867367,0.0011690809972973199,0.0011692312510434239,nan,False
17,0.1111111111111111,0.5555555555555556,0.0,0.02,17,18,37,38,6.3371772311752546,6.337177058921583,6.337177403428926,0.012687523743773068,0.012687453878247344,2.753323638933576e-06,True
17,0.1111111111111111,0.5555555555555556,0.0,0.02,17,18,39,40,6.419611851751272,6.419611688276368,6.419612015226175,0.04338627737602494,0.04338654852547,-3.124819806657436e-06,True
17,0.1111111111111111,0.5555555555555556,0.0,0.02,19,20,37,38,6.015880024553678,6.015879850223946,6.01588019888341,0.03755412964619514,0.0375538362644671,3.906133317276447e-06,True
17,0.1111111111111111,0.5555555555555556,0.0,0.02,19,20,39,40,6.098314645129696,6.098314479578732,6.098314810680659,0.010282973137719328,0.010282899763453087,3.5677681464626585e-06,True
17,0.1111111111111111,0.5555555555555556,0.0,0.02,21,22,37,38,5.35092117740105,5.350920977061252,5.350921377740848,0.00307983871565036,0.0030798037928457212,5.669615499667101e-06,True
17,0.1111111111111111,0.5555555555555556,0.0,0.02,21,22,39,40,5.433355797977067,5.433355606416037,5.433355989538097,0.001000188158129741,0.0010001778430589554,nan,False
17,0.1111111111111111,0.5555555555555556,0.0,0.02,23,24,37,38,5.247633005718138,5.247632797163074,5.247633214273202,0.000412428749353145,0.0004124328362463937,nan,False
17,0.1111111111111111,0.5555555555555556,0.0,0.02,23,24,39,40,5.330067626294156,5.330067426517859,5.330067826070452,0.0029164321265726357,0.0029164315888713585,9.218478322113904e-08,True
17,0.1111111111111111,0.5555555555555556,0.0,0.02,25,26,37,38,4.298455032786654,4.298454843183052,4.298455222390256,0.002963941726424899,0.0029639649637727347,-3.919992174352511e-06,True
17,0.1111111111111111,0.5555555555555556,0.0,0.02,25,26,39,40,4.380889653362671,4.380889472537837,4.3808898341875055,0.013846527760958675,0.013846490677528495,1.3390894987898985e-06,True
17,0.1111111111111111,0.5555555555555556,0.0,0.02,27,28,37,38,4.077405916825509,4.077405634659285,4.077406198991733,0.012891521582972975,0.012891711874018186,-7.380418190314689e-06,True
17,0.1111111111111111,0.5555555555555556,0.0,0.02,27,28,39,40,4.159840537401526,4.15984026401407,4.159840810788982,0.03734200274386155,0.037341860224380484,1.9083035531319848e-06,True
17,0.1111111111111111,0.5555555555555556,0.0,0.02,29,30,37,38,3.9585044279608335,3.958504103620932,3.9585047523007355,0.02701512026262927,0.027016810776972704,-3.12873204956435e-05,True
17,0.1111111111111111,0.5555555555555556,0.0,0.02,29,30,39,40,4.040939048536851,4.040938732975717,4.0409393640979845,0.24452041932537805,0.2445198843265179,1.0939770324912718e-06,True
17,0.1111111111111111,0.5555555555555556,0.0,0.02,31,32,37,38,3.8235066507654025,3.8235063580409303,3.823506943489875,0.36121374535775885,0.3612128668704514,1.2160229047273694e-06,True
17,0.1111111111111111,0.5555555555555556,0.0,0.02,31,32,39,40,3.90594127134142,3.9059409873957156,3.905941555287124,0.03479392357552717,0.034792513661232476,2.026133756351497e-05,True
17,0.1111111111111111,0.5555555555555556,0.0,0.02,33,34,37,38,2.6418550600604047,2.641854862982986,2.641855257137823,2.07072411725795,2.0707127087963784,2.7547109978030144e-06,True
17,0.1111111111111111,0.5555555555555556,0.0,0.02,33,34,39,40,2.7242896806364216,2.724289492337771,2.724289868935072,0.6672176480636606,0.6672267317353294,-6.807081513746403e-06,True
17,0.1111111111111111,0.5555555555555556,0.0,0.02,35,36,37,38,2.5078514233084244,2.5078512381238647,2.5078516084929845,0.6664906877156905,0.6664802633529494,7.820397535870235e-06,True
17,0.1111111111111111,0.5555555555555556,0.0,0.02,35,36,39,40,2.5902860438844417,2.59028586747865,2.5902862202902335,2.1844469584300135,2.18445678889333,-2.250098396589653e-06,True
18,0.1388888888888889,0.5694444444444444,0.0,0.02,1,2,37,38,14.292699110350627,14.292698925295047,14.292699295406207,0.006266246859225797,0.006266238754666611,6.466841004871496e-07,True
18,0.1388888888888889,0.5694444444444444,0.0,0.02,1,2,39,40,14.381336344867595,14.381336160050719,14.38133652968447,0.025999420947189926,0.02599942029706024,1.2502772574168522e-08,True
18,0.1388888888888889,0.5694444444444444,0.0,0.02,3,4,37,38,14.227719642198679,14.227719455412489,14.227719828984867,0.024555055855061403,0.024555035406459112,4.1638290146356775e-07,True
18,0.1388888888888889,0.5694444444444444,0.0,0.02,3,4,39,40,14.316356876715645,14.31635669016816,14.31635706326313,0.005035802202969824,0.005035808269667228,-6.023562389024064e-07,True
18,0.1388888888888889,0.5694444444444444,0.0,0.02,5,6,37,38,14.117927847592291,14.117927671309095,14.117928023875487,0.0001414369293949476,0.00014143670940334113,nan,False
18,0.1388888888888889,0.5694444444444444,0.0,0.02,5,6,39,40,14.206565082109258,14.206564906064767,14.20656525815375,0.002362002260438939,0.0023620017496312007,nan,False
18,0.1388888888888889,0.5694444444444444,0.0,0.02,7,8,37,38,14.078341298462352,14.078341121910615,14.078341475014089,0.00024629118890003807,0.00024629053328835675,nan,False
18,0.1388888888888889,0.5694444444444444,0.0,0.02,7,8,39,40,14.166978532979318,14.166978356666286,14.166978709292351,2.3392954686920564e-05,2.339350178712573e-05,nan,False
18,0.1388888888888889,0.5694444444444444,0.0,0.02,9,10,37,38,7.712194191851236,7.712194017686541,7.712194366015929,0.0030276941281662004,0.0030277067629471597,-2.0865308815250723e-06,True
18,0.1388888888888889,0.5694444444444444,0.0,0.02,9,10,39,40,7.800831426368203,7.800831252442213,7.800831600294192,0.004959179276016426,0.004959292564239757,-1.1421943335180413e-05,True
18,0.1388888888888889,0.5694444444444444,0.0,0.02,11,12,37,38,7.550144675291441,7.55014450718387,7.550144843399011,0.009882221929236275,0.009882201896396076,1.0135807841365304e-06,True
18,0.1388888888888889,0.5694444444444444,0.0,0.02,11,12,39,40,7.638781909808408,7.6387817419395425,7.6387820776772735,0.011666525225461608,0.01166664320693478,-5.056384584579403e-06,True
18,0.1388888888888889,0.5694444444444444,0.0,0.02,13,14,37,38,7.16617333614698,7.166172988563543,7.166173683730417,0.0006467519465743967,0.0006466238701477434,nan,False
18,0.1388888888888889,0.5694444444444444,0.0,0.02,13,14,39,40,7.254810570663947,7.254810223319215,7.25481091800868,0.0030939831800999057,0.0030938379466842634,2.3470849054385607e-05,True
18,0.1388888888888889,0.5694444444444444,0.0,0.02,15,16,37,38,7.136093377536964,7.1360930274471315,7.136093727626795,0.002157248736735636,0.002157361232671859,nan,False
18,0.1388888888888889,0.5694444444444444,0.0,0.02,15,16,39,40,7.224730612053931,7.224730262202803,7.224730961905058,0.0006362417932360237,0.0006364180112651185,nan,False
18,0.1388888888888889,0.5694444444444444,0.0,0.02,17,18,37,38,6.277073396334741,6.277073227033649,6.277073565635833,0.006444211092702588,0.006444188505919978,1.752489317017933e-06,True
18,0.1388888888888889,0.5694444444444444,0.0,0.02,17,18,39,40,6.365710630851708,6.365710461789321,6.365710799914096,0.05492503241006627,0.0549250477559622,-1.3969854100974404e-07,True
18,0.1388888888888889,0.5694444444444444,0.0,0.02,19,20,37,38,5.962265399877427,5.962265225444191,5.962265574310662,0.05587782534687369,0.05587781267494614,1.1338960407950113e-07,True
18,0.1388888888888889,0.5694444444444444,0.0,0.02,19,20,39,40,6.050902634394394,6.050902460199863,6.0509028085889245,0.004829324112469654,0.004829340279234304,-1.673809544927383e-06,True
18,0.1388888888888889,0.5694444444444444,0.0,0.02,21,22,37,38,5.352493241013228,5.352493049124733,5.352493432901722,0.0014239318961850496,0.0014239069044257348,nan,False
18,0.1388888888888889,0.5694444444444444,0.0,0.02,21,22,39,40,5.441130475530194,5.441130283880404,5.441130667179985,0.0013297554966639731,0.0013297608556292462,nan,False
18,0.1388888888888889,0.5694444444444444,0.0,0.02,23,24,37,38,5.19989524846546,5.199895043836118,5.199895453094802,0.0009747342933681731,0.0009747317443124731,nan,False
18,0.1388888888888889,0.5694444444444444,0.0,0.02,23,24,39,40,5.288532482982427,5.28853227859179,5.288532687373065,0.0015632271805976548,0.0015632373425145392,nan,False
18,0.1388888888888889,0.5694444444444444,0.0,0.02,25,26,37,38,4.318926946166098,4.31892668102519,4.318927211307004,0.003568313206978279,0.003568374477747208,-8.585323000767002e-06,True
18,0.1388888888888889,0.5694444444444444,0.0,0.02,25,26,39,40,4.407564180683064,4.407563915780862,4.407564445585267,0.06263130151449366,0.06263113023365502,1.3673759661766912e-06,True
18,0.1388888888888889,0.5694444444444444,0.0,0.02,27,28,37,38,4.207101339095628,4.207100827432758,4.207101850758498,0.01646430904065699,0.016464593327222374,-8.633344719669256e-06,True
18,0.1388888888888889,0.5694444444444444,0.0,0.02,27,28,39,40,4.295738573612596,4.29573806218843,4.295739085036761,0.08537540153096648,0.08537476590499338,3.7225496328951258e-06,True
18,0.1388888888888889,0.5694444444444444,0.0,0.02,29,30,37,38,4.106216733743479,4.106216245712345,4.106217221774614,0.1897554368277543,0.18975456267790597,2.3033644686006816e-06,True
18,0.1388888888888889,0.5694444444444444,0.0,0.02,29,30,39,40,4.194853968260446,4.194853480468016,4.194854456052877,0.0094445832398135,0.009444901651793909,-1.6856572968301472e-05,True
18,0.1388888888888889,0.5694444444444444,0.0,0.02,31,32,37,38,3.9892166849962356,3.9892164547956845,3.9892169151967862,0.0533695918746735,0.05336951888441366,6.838192610380917e-07,True
18,0.1388888888888889,0.5694444444444444,0.0,0.02,31,32,39,40,4.077853919513203,4.077853689551356,4.0778541494750495,0.005140692970601231,0.005140698601087688,-5.476385582655893e-07,True
18,0.1388888888888889,0.5694444444444444,0.0,0.02,33,34,37,38,2.5597850930954134,2.55978491478323,2.5597852714075957,2.194922528383499,2.1949107675693362,2.6791026834274886e-06,True
18,0.1388888888888889,0.5694444444444444,0.0,0.02,33,34,39,40,2.6484223276123804,2.6484221495389018,2.6484225056858586,0.607988716506368,0.6079999995187482,-9.278879179951194e-06,True
18,0.1388888888888889,0.5694444444444444,0.0,0.02,35,36,37,38,2.4180272759167774,2.4180270843863387,2.418027467447216,0.6770705551530402,0.6770565975622742,1.0307444716662758e-05,True
18,0.1388888888888889,0.5694444444444444,0.0,0.02,35,36,39,40,2.5066645104337444,2.5066643191420104,2.506664701725479,2.4005148281502042,2.4005247717384326,-2.0711323082187885e-06,True
19,0.1666666666666667,0.5833333333333333,0.0,0.02,1,2,37,38,14.207467444825799,14.207467257795356,14.20746763185624,0.00756931659465879,0.007569335013925646,-1.21670458722346e-06,True
19,0.1666666666666667,0.5833333333333333,0.0,0.02,1,2,39,40,14.289326262217639,14.289326066461639,14.28932645797364,0.030097692602315596,0.0300976471679454,7.54782186961065e-07,True
19,0.1666666666666667,0.5833333333333333,0.0,0.02,3,4,37,38,14.145959033163237,14.145958844498574,14.145959221827898,0.029415881269990195,0.029415927566789818,-7.869348323385771e-07,True
19,0.1666666666666667,0.5833333333333333,0.0,0.02,3,4,39,40,14.227817850555077,14.227817653164857,14.227818047945298,0.007279340258006569,0.007279334296601356,4.0947444706331673e-07,True
19,0.1666666666666667,0.5833333333333333,0.0,0.02,5,6,37,38,14.043002343239259,14.043002163796258,14.043002522682258,0.0001102209302314224,0.00011022172373377856,nan,False
19,0.1666666666666667,0.5833333333333333,0.0,0.02,5,6,39,40,14.124861160631099,14.12486097246254,14.124861348799659,0.002753400129667412,0.002753394421309834,1.0366026052028343e-06,True
19,0.1666666666666667,0.5833333333333333,0.0,0.02,7,8,37,38,14.007078383626666,14.007078203950206,14.007078563303125,0.0002234219133541248,0.00022342373046064994,nan,False
19,0.1666666666666667,0.5833333333333333,0.0,0.02,7,8,39,40,14.088937201018506,14.088937012616489,14.088937389420526,1.4445715933845602e-05,1.4447202073914834e-05,nan,False
19,0.1666666666666667,0.5833333333333333,0.0,0.02,9,10,37,38,7.546672206117254,7.546672025594502,7.546672386640006,0.003981595968362912,0.003981580855583498,1.8978329562991673e-06,True
19,0.1666666666666667,0.5833333333333333,0.0,0.02,9,10,39,40,7.628531023509096,7.6285308342607845,7.628531212757407,0.006501659875401299,0.006501828057709604,-1.293363051282081e-05,True
19,0.1666666666666667,0.5833333333333333,0.0,0.02,11,12,37,38,7.3904083519516535,7.3904081795999925,7.390408524303314,0.010630202911546873,0.01063013714221837,3.0935219444328233e-06,True
19,0.1666666666666667,0.5833333333333333,0.0,0.02,11,12,39,40,7.472267169343495,7.472266988266275,7.472267350420715,0.017393867489797814,0.017393997071970282,-3.724924599435877e-06,True
19,0.1666666666666667,0.5833333333333333,0.0,0.02,13,14,37,38,7.157392933848295,7.15739198997052,7.15739387772607,0.0007076897679700507,0.0007076608476357924,nan,False
19,0.1666666666666667,0.5833333333333333,0.0,0.02,13,14,39,40,7.239251751240137,7.239250798636803,7.239252703843471,0.001713805297240158,0.0017137677341415782,nan,False
19,0.1666666666666667,0.5833333333333333,0.0,0.02,15,16,37,38,7.150003881142842,7.150002934259273,7.150004828026411,0.0016722232432506492,0.0016722356588665117,nan,False
19,0.1666666666666667,0.5833333333333333,0.0,0.02,15,16,39,40,7.231862698534684,7.231861742925556,7.231863654143812,0.0010924384591959365,0.0010924869673559889,nan,False
19,0.1666666666666667,0.5833333333333333,0.0,0.02,17,18,37,38,6.198012689610004,6.198012521110428,6.19801285810958,0.011084601201319625,0.011084698359735202,-4.382565868136902e-06,True
19,0.1666666666666667,0.5833333333333333,0.0,0.02,17,18,39,40,6.279871507001846,6.279871329776711,6.279871684226981,0.06438894768829213,0.06438865000195546,2.3116313863401415e-06,True
19,0.1666666666666667,0.5833333333333333,0.0,0.02,19,20,37,38,5.894016897327454,5.894016721969999,5.894017072684909,0.07487855128039946,0.07487903146948931,-3.206442578964444e-06,True
19,0.1666666666666667,0.5833333333333333,0.0,0.02,19,20,39,40,5.975875714719296,5.975875530636282,5.975875898802309,0.014723475979160789,0.014723433635310054,1.4379726527900142e-06,True
19,0.1666666666666667,0.5833333333333333,0.0,0.02,21,22,37,38,5.323219616123721,5.323219424599177,5.323219807648265,0.0004267574742458416,0.0004267592233468019,nan,False
19,0.1666666666666667,0.5833333333333333,0.0,0.02,21,22,39,40,5.405078433515563,5.40507823326546,5.405078633765664,0.0020097837411367668,0.002009772897880543,nan,False
19,0.1666666666666667,0.5833333333333333,0.0,0.02,23,24,37,38,5.134529700155254,5.13452949018739,5.134529910123118,0.0017140912468793794,0.0017140980755767049,nan,False
19,0.1666666666666667,0.5833333333333333,0.0,0.02,23,24,39,40,5.216388517547095,5.216388298853674,5.216388736240518,0.0010878347584048894,0.0010878310517566587,nan,False
19,0.1666666666666667,0.5833333333333333,0.0,0.02,25,26,37,38,4.524184347905422,4.524184089874032,4.524184605936812,0.007874486404029272,0.007873928935514116,3.539838790990653e-05,True
19,0.1666666666666667,0.5833333333333333,0.0,0.02,25,26,39,40,4.6060431652972635,4.606042898540315,4.6060434320542125,0.06958023466583364,0.06957980834027061,3.063563030186621e-06,True
19,0.1666666666666667,0.5833333333333333,0.0,0.02,27,28,37,38,4.359486709404434,4.359486458230924,4.359486960577945,0.16415605551013596,0.16415519409748153,2.6237683157638223e-06,True
19,0.1666666666666667,0.5833333333333333,0.0,0.02,27,28,39,40,4.441345526796276,4.441345266897207,4.441345786695344,0.032780664492164796,0.03278172169781781,-1.612518571167771e-05,True
19,0.1666666666666667,0.5833333333333333,0.0,0.02,29,30,37,38,4.220603613443119,4.220603396062908,4.220603830823331,0.0017782057474972951,0.0017781812456347263,nan,False
19,0.1666666666666667,0.5833333333333333,0.0,0.02,29,30,39,40,4.302462430834961,4.302462204729192,4.3024626569407305,0.006737680844680706,0.006737725273051012,-3.2969967597517122e-06,True
19,0.1666666666666667,0.5833333333333333,0.0,0.02,31,32,37,38,3.965234407309241,3.9652342285082542,3.9652345861102285,0.00807301565427753,0.00807299921947818,1.0178858052461547e-06,True
19,0.1666666666666667,0.5833333333333333,0.0,0.02,31,32,39,40,4.047093224701083,4.0470930371745375,4.047093412227628,0.0015478834113175396,0.0015478645415044406,nan,False
19,0.1666666666666667,0.5833333333333333,0.0,0.02,33,34,37,38,2.464470205223877,2.464469977804897,2.4644704326428575,2.4104396403072927,2.4104250662904807,3.023112594737489e-06,True
19,0.1666666666666667,0.5833333333333333,0.0,0.02,33,34,39,40,2.5463290226157187,2.5463287864711797,2.5463292587602573,0.5961122296801049,0.5961275256815806,-1.282963548804881e-05,True
19,0.1666666666666667,0.5833333333333333,0.0,0.02,35,36,37,38,2.3161706111798925,2.3161703690237654,2.31617085333602,0.7063033889801797,0.7062836829379961,1.3950320355713721e-05,True
19,0.1666666666666667,0.5833333333333333,0.0,0.02,35,36,39,40,2.3980294285717343,2.3980291776900486,2.39802967945342,2.6915684666537714,2.691580797049878,-2.290554376776735e-06,True
20,0.1944444444444444,0.5972222222222222,0.0,0.02,1,2,37,38,14.107210502334969,14.10721031828564,14.107210686384299,0.009934803307136579,0.009934876497055205,-3.683497637957112e-06,True
20,0.1944444444444444,0.5972222222222222,0.0,0.02,1,2,39,40,14.17534428846693,14.17534408867948,14.175344488254378,0.03161789443057424,0.031617773862239296,1.9066507589135102e-06,True
20,0.1944444444444444,0.5972222222222222,0.0,0.02,3,4,37,38,14.050011008733449,14.050010823398235,14.050011194068663,0.032273564840331226,0.03227369932420574,-2.08349457186735e-06,True
20,0.1944444444444444,0.5972222222222222,0.0,0.02,3,4,39,40,14.11814479486541,14.118144593792076,14.118144995938742,0.01036271312409747,0.01036265013931095,3.039019664915614e-06,True
20,0.1944444444444444,0.5972222222222222,0.0,0.02,5,6,37,38,13.954047430655946,13.954047251442665,13.954047609869226,0.0001345476274696072,0.00013455252110438422,nan,False
20,0.1944444444444444,0.5972222222222222,0.0,0.02,5,6,39,40,14.022181216787907,14.022181021836506,14.022181411739306,0.0029309646288820236,0.0029309576708746255,nan,False
20,0.1944444444444444,0.5972222222222222,0.0,0.02,7,8,37,38,13.922533973286995,13.922533794017806,13.922534152556187,0.00017150046074172813,0.00017150299901708943,nan,False
20,0.1944444444444444,0.5972222222222222,0.0,0.02,7,8,39,40,13.990667759418956,13.990667564411646,13.990667954426266,9.178214086844982e-06,9.179627486540887e-06,nan,False
20,0.1944444444444444,0.5972222222222222,0.0,0.02,9,10,37,38,7.356041644058587,7.356041456570913,7.356041831546262,0.004335912982102291,0.004335869091132677,5.061355237402072e-06,True
20,0.1944444444444444,0.5972222222222222,0.0,0.02,9,10,39,40,7.424175430190547,7.4241752269647545,7.424175633416342,0.0079164285863899,0.007916657377792138,-1.4450209059443302e-05,True
20,0.1944444444444444,0.5972222222222222,0.0,0.02,11,12,37,38,7.2053780442066016,7.2053778465995695,7.205378241813634,0.01003985283406206,0.010039797610121774,2.7502441060300096e-06,True
20,0.1944444444444444,0.5972222222222222,0.0,0.02,11,12,39,40,7.2735118303385615,7.27351161699341,7.273512043683713,0.021332946535637238,0.021333103720374225,-3.684070497353043e-06,True
20,0.1944444444444444,0.5972222222222222,0.0,0.02,13,14,37,38,7.158763235144591,7.1587628886543975,7.158763581634785,0.0026915191938473248,0.0026913884500875517,nan,False
20,0.1944444444444444,0.5972222222222222,0.0,0.02,13,14,39,40,7.226897021276551,7.226896659048238,7.226897383504864,0.001722645920351974,0.0017225471889722754,nan,False
20,0.1944444444444444,0.5972222222222222,0.0,0.02,15,16,37,38,7.132960056964867,7.132959703010948,7.132960410918788,0.0008028639468656071,0.0008029005299966235,nan,False
20,0.1944444444444444,0.5972222222222222,0.0,0.02,15,16,39,40,7.201093843096827,7.201093473404789,7.201094212788867,0.002165322423475058,0.0021654259101257633,nan,False
20,0.1944444444444444,0.5972222222222222,0.0,0.02,17,18,37,38,6.1012982020918916,6.101298035457923,6.10129836872586,0.0293151663538442,0.029315593151170015,-7.27940980839244e-06,True
20,0.1944444444444444,0.5972222222222222,0.0,0.02,17,18,39,40,6.1694319882238515,6.169431805851763,6.16943217059594,0.07043429545459394,0.07043350904800388,5.582585693251205e-06,True
20,0.1944444444444444,0.5972222222222222,0.0,0.02,19,20,37,38,5.815545488076423,5.815545316662314,5.815545659490531,0.08969981253510984,0.08970095212091707,-6.35217920847917e-06,True
20,0.1944444444444444,0.5972222222222222,0.0,0.02,19,20,39,40,5.883679274208383,5.883679087056156,5.883679461360609,0.038242296047970054,0.0382419300859471,4.784803892972072e-06,True
20,0.1944444444444444,0.5972222222222222,0.0,0.02,21,22,37,38,5.262778982504981,5.262778788028799,5.262779176981164,0.0017160295837737928,0.0017160721351814027,nan,False
20,0.1944444444444444,0.5972222222222222,0.0,0.02,21,22,39,40,5.330912768636941,5.33091255842264,5.330912978851243,0.002380574250091365,0.002380574370969329,nan,False
20,0.1944444444444444,0.5972222222222222,0.0,0.02,23,24,37,38,5.0690710180112175,5.069070789179533,5.069071246842902,0.003488239357084707,0.003488211650699107,3.971415490331723e-06,True
20,0.1944444444444444,0.5972222222222222,0.0,0.02,23,24,39,40,5.1372048041431775,5.137204559573375,5.13720504871298,0.003949410129201265,0.003949394670101475,1.9571441733451218e-06,True
20,0.1944444444444444,0.5972222222222222,0.0,0.02,25,26,37,38,4.744975668387814,4.744975415236123,4.7449759215395035,0.038658478135248725,0.038657512723953194,1.2486566941747469e-05,True
20,0.1944444444444444,0.5972222222222222,0.0,0.02,25,26,39,40,4.813109454519774,4.813109185629965,4.813109723409582,0.03528145000452593,0.03528131601452486,1.8988768245060634e-06,True
20,0.1944444444444444,0.5972222222222222,0.0,0.02,27,28,37,38,4.595366730400143,4.595366495586296,4.59536696521399,0.10374880444408938,0.1037477264070219,5.1954462229019686e-06,True
20,0.1944444444444444,0.5972222222222222,0.0,0.02,27,28,39,40,4.663500516532103,4.6635002659801374,4.663500767084068,0.07107889716338854,0.07108051549533581,-1.1383923983670221e-05,True
20,0.1944444444444444,0.5972222222222222,0.0,0.02,29,30,37,38,4.197735207173218,4.197735034529133,4.197735379817304,0.0011418681758613703,0.0011418775091620354,nan,False
20,0.1944444444444444,0.5972222222222222,0.0,0.02,29,30,39,40,4.265868993305178,4.265868804922974,4.265869181687382,0.0034646631451773656,0.00346466683223081,-5.320937891920004e-07,True
20,0.1944444444444444,0.5972222222222222,0.0,0.02,31,32,37,38,3.9323434991881276,3.9323433331691473,3.9323436652071084,0.004485694487439296,0.004485686173592674,9.26707597825204e-07,True
20,0.1944444444444444,0.5972222222222222,0.0,0.02,31,32,39,40,4.000477285320088,4.0004771035629885,4.000477467077188,0.0017659912627518038,0.0017659818265403126,nan,False
20,0.1944444444444444,0.5972222222222222,0.0,0.02,33,34,37,38,2.3520440133730993,2.3520437472507396,2.3520442794954586,2.7205975781197917,2.7205764463014663,3.883687276049336e-06,True
20,0.1944444444444444,0.5972222222222222,0.0,0.02,33,34,39,40,2.4201777995050593,2.420177517644581,2.4201780813655374,0.6640976564127188,0.6641203766650013,-1.7105815247751827e-05,True
20,0.1944444444444444,0.5972222222222222,0.0,0.02,35,36,37,38,2.1983815065350996,2.198381223528506,2.198381789541693,0.7960325863314341,0.7960039137856073,1.8009980188725338e-05,True
20,0.1944444444444444,0.5972222222222222,0.0,0.02,35,36,39,40,2.2665152926670595,2.266514993922347,2.2665155914117716,3.097363091899414,3.0973813515625532,-2.9476055559576337e-06,True
21,0.2222222222222222,0.611111111111111,0.0,0.02,1,2,37,38,13.997770377211225,13.997770207134916,13.997770547287534,0.013411924570415897,0.013412107140615564,-6.8062177093060575e-06,True
21,0.2222222222222222,0.611111111111111,0.0,0.02,1,2,39,40,14.049738716442963,14.049738525780969,14.049738907104956,0.031187208628742046,0.031186955838901763,4.05279721885149e-06,True
21,0.2222222222222222,0.611111111111111,0.0,0.02,3,4,37,38,13.945779385457591,13.945779214738852,13.94577955617633,0.032890683214622914,0.03289095200631194,-4.086120512537939e-06,True
21,0.2222222222222222,0.611111111111111,0.0,0.02,3,4,39,40,13.99774772468933,13.997747533384905,13.997747915993752,0.014268373401339117,0.014268201780604877,6.014062064071347e-06,True
21,0.2222222222222222,0.611111111111111,0.0,0.02,5,6,37,38,13.856397298356386,13.856397128671123,13.85639746804165,0.00022653823905488361,0.00022655097544826592,nan,False
21,0.2222222222222222,0.611111111111111,0.0,0.02,5,6,39,40,13.908365637588124,13.908365447317175,13.908365827859072,0.0029347146075887178,0.0029347021085996882,nan,False
21,0.2222222222222222,0.611111111111111,0.0,0.02,7,8,37,38,13.830020635873026,13.83002046649501,13.830020805251042,0.0001200907705298614,0.00012009280566675792,nan,False
21,0.2222222222222222,0.611111111111111,0.0,0.02,7,8,39,40,13.881988975104765,13.881988785141063,13.881989165068465,1.3619714930769075e-05,1.361970406980322e-05,nan,False
21,0.2222222222222222,0.611111111111111,0.0,0.02,9,10,37,38,7.202916558162816,7.202916351188691,7.202916765136941,0.0006855587452269025,0.000685536528988217,nan,False
21,0.2222222222222222,0.611111111111111,0.0,0.02,9,10,39,40,7.254884897394553,7.254884669834743,7.254885124954363,0.0025722089000655628,0.0025722924616087568,nan,False
21,0.2222222222222222,0.611111111111111,0.0,0.02,11,12,37,38,7.114885574964234,7.114885229420793,7.114885920507675,0.0003509369591240287,0.0003509667165411832,nan,False
21,0.2222222222222222,0.611111111111111,0.0,0.02,11,12,39,40,7.166853914195971,7.166853548066845,7.166854280325097,0.0008717091765439462,0.0008716758190386667,nan,False
21,0.2222222222222222,0.611111111111111,0.0,0.02,13,14,37,38,7.088926425098402,7.088926118072816,7.088926732123987,0.005721235789563046,0.005721136341895378,8.691175791618802e-06,True
21,0.2222222222222222,0.611111111111111,0.0,0.02,13,14,39,40,7.140894764330139,7.1408944367188685,7.14089509194141,0.008613473536195234,0.008613830407047033,-2.071542087922679e-05,True
21,0.2222222222222222,0.611111111111111,0.0,0.02,15,16,37,38,6.9956126121355755,6.995612423093622,6.995612801177529,0.01079513957374926,0.010794915156218098,1.0394486441527374e-05,True
21,0.2222222222222222,0.611111111111111,0.0,0.02,15,16,39,40,7.047580951367313,7.047580741739674,7.047581160994952,0.027468106219663502,0.02746821450157512,-1.971044114278504e-06,True
21,0.2222222222222222,0.611111111111111,0.0,0.02,17,18,37,38,5.99198973997449,5.9919895803725804,5.991989899576399,0.06272839131282926,0.06272941320642483,-8.14531706092092e-06,True
21,0.2222222222222222,0.611111111111111,0.0,0.02,17,18,39,40,6.043958079206227,6.043957899018633,6.043958259393822,0.0697363886133813,0.06973497199301669,1.01570699421857e-05,True
21,0.2222222222222222,0.611111111111111,0.0,0.02,19,20,37,38,5.737276343765724,5.737276184917972,5.737276502613477,0.09068597545960533,0.09068785262472953,-1.0349702291835003e-05,True
21,0.2222222222222222,0.611111111111111,0.0,0.02,19,20,39,40,5.789244682997461,5.789244503564023,5.7892448624309,0.07339465211048998,0.07339351872649406,7.721221604276697e-06,True
21,0.2222222222222222,0.611111111111111,0.0,0.02,21,22,37,38,5.182361086730387,5.182360876404454,5.182361297056319,0.006542857023229017,0.006542672461163692,1.4104287147513835e-05,True
21,0.2222222222222222,0.611111111111111,0.0,0.02,21,22,39,40,5.234329425962124,5.234329195050506,5.234329656873742,0.0019222834186305017,0.0019222736727262319,nan,False
21,0.2222222222222222,0.611111111111111,0.0,0.02,23,24,37,38,5.099983562922531,5.0999833042467735,5.099983821598289,0.04992919099112203,0.04992903920292674,1.5200369062784486e-06,True
21,0.2222222222222222,0.611111111111111,0.0,0.02,23,24,39,40,5.151951902154268,5.151951622892825,5.151952181415712,0.012394982539329821,0.012395212804001392,-9.288538003934288e-06,True
21,0.2222222222222222,0.611111111111111,0.0,0.02,25,26,37,38,4.843275327475327,4.843274986093714,4.84327566885694,0.05213072688613251,0.0521299950180383,7.019595499100064e-06,True
21,0.2222222222222222,0.611111111111111,0.0,0.02,25,26,39,40,4.8952436667070645,4.895243304739766,4.895244028674362,0.02883684403479736,0.028837175081247633,-5.739958049522052e-06,True
21,0.2222222222222222,0.611111111111111,0.0,0.02,27,28,37,38,4.8018373345787335,4.801837040317951,4.801837628839516,0.05146224248370236,0.051461315203418484,9.009407610025352e-06,True
21,0.2222222222222222,0.611111111111111,0.0,0.02,27,28,39,40,4.853805673810471,4.853805358964003,4.85380598865694,0.10294837708650215,0.10294979566826667,-6.889724884630451e-06,True
21,0.2222222222222222,0.611111111111111,0.0,0.02,29,30,37,38,4.164147114451817,4.164146940213681,4.1641472886899535,0.002310772052784689,0.0023107879583891045,nan,False
21,0.2222222222222222,0.611111111111111,0.0,0.02,29,30,39,40,4.216115453683554,4.216115258859732,4.216115648507376,0.0025608468074386206,0.002560821294472362,nan,False
21,0.2222222222222222,0.611111111111111,0.0,0.02,31,32,37,38,3.9060143464364883,3.9060141933985357,3.9060144994744403,0.0029600870314566525,0.002960081777837108,nan,False
21,0.2222222222222222,0.611111111111111,0.0,0.02,31,32,39,40,3.9579826856682256,3.9579825120445875,3.9579828592918638,0.001677391665414393,0.0016773763206860285,nan,False
21,0.2222222222222222,0.611111111111111,0.0,0.02,33,34,37,38,2.224542334779385,2.2245420505460936,2.224542619012677,3.1331385955820164,3.133104732978847,5.403971948418896e-06,True
21,0.2222222222222222,0.611111111111111,0.0,0.02,33,34,39,40,2.2765106740111225,2.2765103691921453,2.2765109788301,0.8441091342098808,0.8441449312170412,-2.120356639054514e-05,True
21,0.2222222222222222,0.611111111111111,0.0,0.02,35,36,37,38,2.066267343724901,2.066267040498032,2.0662676469517693,0.9987961200144422,0.9987516995931551,2.2237475794585135e-05,True
21,0.2222222222222222,0.611111111111111,0.0,0.02,35,36,39,40,2.118235682956638,2.1182353591440837,2.1182360067691928,3.646052825748158,3.64608313168861,-4.155975783936506e-06,True
22,0.25,0.625,0.0,0.02,1,2,37,38,13.88831484548147,13.888314707447933,13.88831498351501,0.01788853774995325,0.017888921674675193,-1.0730910694016427e-05,True
22,0.25,0.625,0.0,0.02,1,2,39,40,13.924359482178867,13.924359321616034,13.924359642741697,0.02927796507444739,0.029277519366069135,7.611727279045163e-06,True
22,0.25,0.625,0.0,0.02,3,4,37,38,13.842376945713278,13.842376807846213,13.842377083580345,0.03132906868602312,0.03132954146375741,-7.545295581212482e-06,True
22,0.25,0.625,0.0,0.02,3,4,39,40,13.878421582410674,13.878421422014316,13.878421742807033,0.01889560650862822,0.018895254937084563,9.303083608289544e-06,True
22,0.25,0.625,0.0,0.02,5,6,37,38,13.758464482633531,13.758464338884433,13.75846462638263,0.0003947417236198911,0.000394770236268811,nan,False
22,0.25,0.625,0.0,0.02,5,6,39,40,13.794509119330927,13.794508953052535,13.794509285609319,0.0027333732568753707,0.0027333554490457813,nan,False
22,0.25,0.625,0.0,0.02,7,8,37,38,13.73784437395071,13.737844230895249,13.73784451700617,0.0001187352252438765,0.00011873525448132818,nan,False
22,0.25,0.625,0.0,0.02,7,8,39,40,13.773889010648105,13.77388884506335,13.77388917623286,4.855388014159572e-05,4.855060243587767e-05,nan,False
22,0.25,0.625,0.0,0.02,9,10,37,38,7.1712087879841455,7.171208629474476,7.171208946493816,6.546540152788176e-05,6.546693863746091e-05,nan,False
22,0.25,0.625,0.0,0.02,9,10,39,40,7.207253424681541,7.207253243642579,7.2072536057205046,0.00036052650841572544,0.0003605301709453193,nan,False
22,0.25,0.625,0.0,0.02,11,12,37,38,7.086483781338005,7.086483621690773,7.0864839409852385,0.00010964971480241189,0.0001096532447627932,nan,False
22,0.25,0.625,0.0,0.02,11,12,39,40,7.122528418035401,7.122528235858876,7.122528600211927,0.00017753270446938367,0.00017752575823928922,nan,False
22,0.25,0.625,0.0,0.02,13,14,37,38,6.876939578974909,6.876939391193806,6.876939766756013,0.0061959969555395586,0.006195820107830736,1.4271329855678102e-05,True
22,0.25,0.625,0.0,0.02,13,14,39,40,6.912984215672305,6.912984005361909,6.912984425982701,0.01386677786984117,0.013867325483944919,-1.9745152628994087e-05,True
22,0.25,0.625,0.0,0.02,15,16,37,38,6.782317155683134,6.782316968234976,6.782317343131292,0.00852964489676993,0.008529333704555444,1.824213639980602e-05,True
22,0.25,0.625,0.0,0.02,15,16,39,40,6.81836179238053,6.818361582403079,6.818362002357981,0.030596678463954807,0.03059674161369426,-1.0319694400379756e-06,True
22,0.25,0.625,0.0,0.02,17,18,37,38,5.880534073297043,5.880533934070451,5.880534212523636,0.11095123654026143,0.11095310182108034,-8.405787974618592e-06,True
22,0.25,0.625,0.0,0.02,17,18,39,40,5.91657870999444,5.916578548238554,5.916578871750325,0.0560785113528466,0.05607658866637084,1.7143103393694612e-05,True
22,0.25,0.625,0.0,0.02,19,20,37,38,5.683511423424912,5.683511287194827,5.683511559654998,0.05837732134278513,0.05837944746674483,-1.8209856108386952e-05,True
22,0.25,0.625,0.0,0.02,19,20,39,40,5.719556060122308,5.719555901362931,5.719556218881687,0.11016359819645286,0.11016153139506407,9.380688406336269e-06,True
22,0.25,0.625,0.0,0.02,21,22,37,38,5.244685483809032,5.244685309428974,5.244685658189091,0.14839279278035364,0.14839288343953583,-3.054702078075743e-07,True
22,0.25,0.625,0.0,0.02,21,22,39,40,5.280730120506428,5.280729923597077,5.280730317415779,0.015894086336385622,0.01589393079019964,4.893233364136219e-06,True
22,0.25,0.625,0.0,0.02,23,24,37,38,5.141546516824241,5.141546305709227,5.1415467279392555,0.019370606327800185,0.019370322917397678,7.3155292872195346e-06,True
22,0.25,0.625,0.0,0.02,23,24,39,40,5.177591153521638,5.17759091987733,5.177591387165945,0.05095135183131035,0.05095210708217362,-7.4114350122990935e-06,True
22,0.25,0.625,0.0,0.02,25,26,37,38,4.937137136899822,4.937136948979991,4.937137324819652,0.016982149183662802,0.01698176454587602,1.1324895883430067e-05,True
22,0.25,0.625,0.0,0.02,25,26,39,40,4.973181773597218,4.973181563148094,4.973181984046342,0.13429771251014358,0.13429822922965703,-1.9237800471138313e-06,True
22,0.25,0.625,0.0,0.02,27,28,37,38,4.775753517929438,4.775753336391057,4.775753699467819,0.035700842044103884,0.035701074436019394,-3.25470137169876e-06,True
22,0.25,0.625,0.0,0.02,27,28,39,40,4.811798154626834,4.811797950559161,4.811798358694508,0.007220884089215008,0.007220637021064954,1.7108180514198e-05,True
22,0.25,0.625,0.0,0.02,29,30,37,38,4.124344254465798,4.124344093847476,4.1243444150841215,0.002442606801867391,0.0024426197411785925,nan,False
22,0.25,0.625,0.0,0.02,29,30,39,40,4.160388891163194,4.160388708015579,4.16038907431081,0.0019073955329770304,0.0019073663492272842,nan,False
22,0.25,0.625,0.0,0.02,31,32,37,38,3.8915857733655868,3.8915856391054273,3.891585907625746,0.0017766576327504296,0.0017766453678400322,nan,False
22,0.25,0.625,0.0,0.02,31,32,39,40,3.927630410062983,3.9276302532735303,3.927630566852435,0.0013195706128911508,0.0013195636778969388,nan,False
22,0.25,0.625,0.0,0.02,33,34,37,38,2.090974976792768,2.090974709410012,2.090975244175524,3.621731572178613,3.621673024825633,8.082850018368045e-06,True
22,0.25,0.625,0.0,0.02,33,34,39,40,2.127019613490164,2.127019323578115,2.127019903402213,1.2037982087562333,1.203858759663341,-2.5149308187123488e-05,True
22,0.25,0.625,0.0,0.02,35,36,37,38,1.928253937134041,1.9282536496080993,1.928254224659983,1.411394914605188,1.411320883782768,2.6226806985796427e-05,True
22,0.25,0.625,0.0,0.02,35,36,39,40,1.964298573831437,1.9642982637762023,1.9642988838866717,4.322220679760443,4.322278335891676,-6.66969029997923e-06,True
23,0.2777777777777778,0.6388888888888888,0.0,0.02,1,2,37,38,13.791398758601975,13.791398675747612,13.79139884145634,0.022660895712976872,0.022661622836744368,-1.604332218867176e-05,True
23,0.2777777777777778,0.6388888888888888,0.0,0.02,1,2,39,40,13.813399785850985,13.813399682928495,13.813399888773473,0.026784997089128522,0.02678424269280997,1.4082639993098456e-05,True
23,0.2777777777777778,0.6388888888888888,0.0,0.02,3,4,37,38,13.752025359174636,13.752025277141776,13.7520254412075,0.028316789316234242,0.028317572849931576,-1.3834952268636602e-05,True
23,0.2777777777777778,0.6388888888888888,0.0,0.02,3,4,39,40,13.774026386423646,13.774026284322659,13.774026488524633,0.023520065623736233,0.02351935370586295,1.5134495353630907e-05,True
23,0.2777777777777778,0.6388888888888888,0.0,0.02,5,6,37,38,13.671711660185807,13.671711564304765,13.67171175606685,0.0006246968086324968,0.0006247458573701279,nan,False
23,0.2777777777777778,0.6388888888888888,0.0,0.02,5,6,39,40,13.693712687434816,13.693712571485648,13.693712803383983,0.0022258953265655575,0.002225870949408937,nan,False
23,0.2777777777777778,0.6388888888888888,0.0,0.02,7,8,37,38,13.657268942545045,13.657268847632203,13.657269037457889,0.00024328632991228152,0.00024328392624872562,nan,False
23,0.2777777777777778,0.6388888888888888,0.0,0.02,7,8,39,40,13.679269969794055,13.679269854813086,13.679270084775021,0.0001737807371975227,0.00017376902541936992,nan,False
23,0.2777777777777778,0.6388888888888888,0.0,0.02,9,10,37,38,7.15146722233173,7.151467130939611,7.15146731372385,5.369543139859538e-05,5.369731255523802e-05,nan,False
23,0.2777777777777778,0.6388888888888888,0.0,0.02,9,10,39,40,7.17346824958074,7.173468138120494,7.1734683610409835,0.0001683164285418708,0.00016831368761595768,nan,False
23,0.2777777777777778,0.6388888888888888,0.0,0.02,11,12,37,38,7.060413683778027,7.060413592004496,7.060413775551558,7.217966698396073e-05,7.218252318159358e-05,nan,False
23,0.2777777777777778,0.6388888888888888,0.0,0.02,11,12,39,40,7.082414711027035,7.082414599185379,7.0824148228686905,0.0001002615542680398,0.00010025975832414196,nan,False
23,0.2777777777777778,0.6388888888888888,0.0,0.02,13,14,37,38,6.649100917217504,6.649100727538515,6.649101106896494,0.004422084694639796,0.004421833731634457,nan,False
23,0.2777777777777778,0.6388888888888888,0.0,0.02,13,14,39,40,6.671101944466514,6.671101734719399,6.671102154213628,0.015582576971677871,0.015583310643081012,-2.3540847358804886e-05,True
23,0.2777777777777778,0.6388888888888888,0.0,0.02,15,16,37,38,6.579888876817144,6.579888685641848,6.579889067992442,0.0043331503082075,0.004332843825946512,nan,False
23,0.2777777777777778,0.6388888888888888,0.0,0.02,15,16,39,40,6.601889904066153,6.601889692822731,6.601890115309576,0.030472893533970875,0.03047279998116982,1.535019058094917e-06,True
23,0.2777777777777778,0.6388888888888888,0.0,0.02,17,18,37,38,5.78627518269893,5.786275066925798,5.786275298472061,0.15893184652757275,0.15893379947193917,-6.1439302768217565e-06,True
23,0.2777777777777778,0.6388888888888888,0.0,0.02,17,18,39,40,5.808276209947939,5.808276074106682,5.808276345789194,0.026369250221045176,0.026367768453662937,2.809729141835887e-05,True
23,0.2777777777777778,0.6388888888888888,0.0,0.02,19,20,37,38,5.704942755502254,5.704942658799711,5.704942852204797,0.01266372169214798,0.01266408062563346,-1.4171521120362335e-05,True
23,0.2777777777777778,0.6388888888888888,0.0,0.02,19,20,39,40,5.726943782751263,5.726943665980594,5.726943899521931,0.10470762211979398,0.10470628307448573,6.394252124776392e-06,True
23,0.2777777777777778,0.6388888888888888,0.0,0.02,21,22,37,38,5.33671331710491,5.3367132177911625,5.336713416418658,0.25069849132856004,0.2507026724039014,-8.338782683046838e-06,True
23,0.2777777777777778,0.6388888888888888,0.0,0.02,21,22,39,40,5.358714344353919,5.358714224972045,5.358714463735792,0.05914327770939367,0.05913953799521477,3.161671589082297e-05,True
23,0.2777777777777778,0.6388888888888888,0.0,0.02,23,24,37,38,5.240407396765044,5.240407267730522,5.240407525799568,0.00812006566256845,0.008120329481182607,-1.6244593300889394e-05,True
23,0.2777777777777778,0.6388888888888888,0.0,0.02,23,24,39,40,5.262408424014053,5.2624082749114045,5.262408573116701,0.19850242944412422,0.19850257383045503,-3.636889450188958e-07,True
23,0.2777777777777778,0.6388888888888888,0.0,0.02,25,26,37,38,4.881804943235423,4.881804837731069,4.881805048739777,0.01532402660406908,0.0153250825840695,-3.445385619324409e-05,True
23,0.2777777777777778,0.6388888888888888,0.0,0.02,25,26,39,40,4.903805970484431,4.903805844911952,4.903806096056909,0.0653600965725256,0.06535942391350401,5.145819224958846e-06,True
23,0.2777777777777778,0.6388888888888888,0.0,0.02,27,28,37,38,4.707344554233385,4.707344423643875,4.707344684822895,0.03346932422125081,0.03346986675122035,-8.104818144019708e-06,True
23,0.2777777777777778,0.6388888888888888,0.0,0.02,27,28,39,40,4.729345581482393,4.7293454308247584,4.729345732140029,0.010924891999156739,0.010924278830297252,2.806371300189437e-05,True
23,0.2777777777777778,0.6388888888888888,0.0,0.02,29,30,37,38,4.077353983939559,4.077353863530808,4.077354104348309,0.0018215497059855769,0.0018215549977539775,nan,False
23,0.2777777777777778,0.6388888888888888,0.0,0.02,29,30,39,40,4.0993550111885675,4.099354870711692,4.099355151665442,0.0014079626904511127,0.0014079326933444459,nan,False
23,0.2777777777777778,0.6388888888888888,0.0,0.02,31,32,37,38,3.89413857039708,3.894138475278862,3.8941386655152987,0.0008450695021235498,0.0008450647421894785,nan,False
23,0.2777777777777778,0.6388888888888888,0.0,0.02,31,32,39,40,3.916139597646089,3.9161394824597453,3.916139712832432,0.0010104640324874847,0.0010104625870103721,nan,False
23,0.2777777777777778,0.6388888888888888,0.0,0.02,33,34,37,38,1.9677681335916108,1.9677679324409305,1.9677683347422916,4.019656806913277,4.019552695024033,1.2950513258658691e-05,True
23,0.2777777777777778,0.6388888888888888,0.0,0.02,33,34,39,40,1.9897691608406196,1.9897689396218141,1.989769382059425,1.8839694958115936,1.884073961864714,-2.7724216637576887e-05,True
23,0.2777777777777778,0.6388888888888888,0.0,0.02,35,36,37,38,1.8005141390873265,1.800513919570204,1.800514358604449,2.2356003279977843,2.2354702385236846,2.9095822167007095e-05,True
23,0.2777777777777778,0.6388888888888888,0.0,0.02,35,36,39,40,1.8225151663363353,1.8225149267510876,1.8225154059215825,4.930655631091404,4.930766906561351,-1.1283916648126063e-05,True
24,0.3055555555555555,0.6527777777777777,0.0,0.02,1,2,37,38,13.722847801079151,13.722847780379219,13.722847821779084,0.024624135066432976,0.02462526397424612,-2.2922265756201227e-05,True
24,0.3055555555555555,0.6527777777777777,0.0,0.02,1,2,39,40,13.733426508608762,13.733426479656274,13.73342653756125,0.026805371224635253,0.026804239583515847,2.110892249255928e-05,True
24,0.3055555555555555,0.6527777777777777,0.0,0.02,3,4,37,38,13.689420353540545,13.68942033363571,13.68942037344538,0.027149398180261384,0.027150559276633984,-2.1383007040513834e-05,True
24,0.3055555555555555,0.6527777777777777,0.0,0.02,3,4,39,40,13.699999061070155,13.699999032912764,13.699999089227546,0.02500687279837623,0.025005744161843473,2.2567036107195277e-05,True
24,0.3055555555555555,0.6527777777777777,0.0,0.02,5,6,37,38,13.61024784681956,13.610247807009888,13.610247886629232,0.0007689232462777008,0.000768981037218918,nan,False
24,0.3055555555555555,0.6527777777777777,0.0,0.02,5,6,39,40,13.62082655434917,13.620826506286942,13.620826602411398,0.0013561562885951197,0.0013561281840420247,nan,False
24,0.3055555555555555,0.6527777777777777,0.0,0.02,7,8,37,38,13.602019460236468,13.602019421194477,13.602019499278459,0.0006042151364766986,0.0006042214973356638,nan,False
24,0.3055555555555555,0.6527777777777777,0.0,0.02,7,8,39,40,13.612598167766079,13.612598120471532,13.612598215060626,0.0005001747776603629,0.0005001462315844613,nan,False
24,0.3055555555555555,0.6527777777777777,0.0,0.02,9,10,37,38,7.1361264450877195,7.136126422057332,7.136126468118108,4.713419334901054e-05,4.713523002243032e-05,nan,False
24,0.3055555555555555,0.6527777777777777,0.0,0.02,9,10,39,40,7.146705152617329,7.146705121334386,7.1467051839002735,9.58172375081452e-05,9.581615612233208e-05,nan,False
24,0.3055555555555555,0.6527777777777777,0.0,0.02,11,12,37,38,7.041189966517105,7.041189943185129,7.041189989849081,4.660802256363039e-05,4.66099999463728e-05,nan,False
24,0.3055555555555555,0.6527777777777777,0.0,0.02,11,12,39,40,7.0517686740467145,7.051768642462183,7.051768705631247,5.255039445377383e-05,5.254877350474945e-05,nan,False
24,0.3055555555555555,0.6527777777777777,0.0,0.02,13,14,37,38,6.456873707322052,6.456873487299594,6.456873927344511,0.0009903059930567546,0.0009901750407823018,nan,False
24,0.3055555555555555,0.6527777777777777,0.0,0.02,13,14,39,40,6.467452414851662,6.467452186576648,6.467452643126677,0.013735117513733377,0.013735515266570778,-1.4479201865571042e-05,True
24,0.3055555555555555,0.6527777777777777,0.0,0.02,15,16,37,38,6.417372590452425,6.4173723657964725,6.417372815108378,0.0006649240891599108,0.0006648782764443755,nan,False
24,0.3055555555555555,0.6527777777777777,0.0,0.02,15,16,39,40,6.427951297982036,6.427951065073526,6.427951530890544,0.02080738870121375,0.020807229972846134,3.8142453943778444e-06,True
24,0.3055555555555555,0.6527777777777777,0.0,0.02,17,18,37,38,5.81209445705255,5.8120943423667,5.8120945717384,0.025504880376248772,0.025502147618167013,5.357610880716453e-05,True
24,0.3055555555555555,0.6527777777777777,0.0,0.02,17,18,39,40,5.822673164582159,5.822673041643754,5.822673287520566,0.07482112205462435,0.07482263741168091,-1.0126430009262648e-05,True
24,0.3055555555555555,0.6527777777777777,0.0,0.02,19,20,37,38,5.732258772317911,5.732258640085099,5.732258904550723,0.16721543199059308,0.1672154995531544,-2.0202246548030254e-07,True
24,0.3055555555555555,0.6527777777777777,0.0,0.02,19,20,39,40,5.7428374798475215,5.742837339362153,5.742837620332889,0.005373778494359995,0.0053751658944026165,-0.0001290731435983735,True
24,0.3055555555555555,0.6527777777777777,0.0,0.02,21,22,37,38,5.350670740577137,5.350670673213251,5.3506708079410235,0.24876790275630556,0.24877388284972438,-1.2019278765768303e-05,True
24,0.3055555555555555,0.6527777777777777,0.0,0.02,21,22,39,40,5.361249448106747,5.361249372490306,5.361249523723189,0.13837467415930726,0.13836326905262503,4.121265970927663e-05,True
24,0.3055555555555555,0.6527777777777777,0.0,0.02,23,24,37,38,5.329749308227484,5.329749215118914,5.329749401336054,0.0630181603172056,0.0630261851029742,-6.366636870418113e-05,True
24,0.3055555555555555,0.6527777777777777,0.0,0.02,23,24,39,40,5.340328015757095,5.340327914395969,5.3403281171182195,0.2656695536506979,0.2656669840234744,4.836157578681203e-06,True
24,0.3055555555555555,0.6527777777777777,0.0,0.02,25,26,37,38,4.785751706161847,4.785751662294441,4.785751750029252,0.023198932483079096,0.02320053975780721,-3.4639935552891475e-05,True
24,0.3055555555555555,0.6527777777777777,0.0,0.02,25,26,39,40,4.796330413691456,4.796330361571495,4.796330465811418,0.042736448167969336,0.04273521092670939,1.4475456227814829e-05,True
24,0.3055555555555555,0.6527777777777777,0.0,0.02,27,28,37,38,4.676038566756163,4.676038497692415,4.676038635819911,0.03128615034340413,0.03128704562319194,-1.4307720326282604e-05,True
24,0.3055555555555555,0.6527777777777777,0.0,0.02,27,28,39,40,4.686617274285773,4.68661719696947,4.686617351602076,0.018403804579231558,0.018402711574217367,2.9695964965395234e-05,True
24,0.3055555555555555,0.6527777777777777,0.0,0.02,29,30,37,38,4.023848750338989,4.023848684949137,4.023848815728842,0.0010711205315500198,0.0010711148551744618,nan,False
24,0.3055555555555555,0.6527777777777777,0.0,0.02,29,30,39,40,4.034427457868599,4.034427384226191,4.034427531511008,0.0010244073145770072,0.0010243933279083873,nan,False
24,0.3055555555555555,0.6527777777777777,0.0,0.02,31,32,37,38,3.918175803365349,3.918175753740346,3.918175852990352,0.0004531992181873931,0.0004531882941337394,nan,False
24,0.3055555555555555,0.6527777777777777,0.0,0.02,31,32,39,40,3.928754510894959,3.9287544530174,3.9287545687725176,0.0009667579681472654,0.000966772890725041,nan,False
24,0.3055555555555555,0.6527777777777777,0.0,0.02,33,34,37,38,1.8779609716797097,1.8779608766793583,1.877961066680061,3.8467726393152883,3.8466111738136597,2.0987579139508154e-05,True
24,0.3055555555555555,0.6527777777777777,0.0,0.02,33,34,39,40,1.8885396792093196,1.8885395759564125,1.8885397824622268,3.1159569385583623,3.1161181558405824,-2.586895693297492e-05,True
24,0.3055555555555555,0.6527777777777777,0.0,0.02,35,36,37,38,1.7067455409754522,1.706745434322821,1.7067456476280833,3.81439137807333,3.8141878443594304,2.668042212908789e-05,True
24,0.3055555555555555,0.6527777777777777,0.0,0.02,35,36,39,40,1.7173242485050622,1.7173241335998752,1.717324363410249,4.8241319046982545,4.824321210375785,-1.962031377179148e-05,True
25,0.3333333333333333,0.6666666666666666,0.0,0.02,1,2,37,40,13.70029262777832,13.699523704565104,13.7010615589926,0.05241049380358458,0.05241049331587351,4.652799847805438e-09,True
25,0.3333333333333333,0.6666666666666666,0.0,0.02,3,4,37,40,13.669606817705967,13.668837894289089,13.670375749123911,0.05197398470209465,0.051973961184494766,2.2624400781381194e-07,True
25,0.3333333333333333,0.6666666666666666,0.0,0.02,5,6,37,40,13.589824161131242,13.589055237888932,13.590593092374617,0.0010747732862610672,0.001074772574723697,nan,False
25,0.3333333333333333,0.6666666666666666,0.0,0.02,7,8,37,40,13.585681229089193,13.584912305905073,13.58645016027438,0.002134627093479785,0.0021346247499115104,nan,False
25,0.3333333333333333,0.6666666666666666,0.0,0.02,9,10,37,40,7.133126702928154,7.132357779336707,7.133895634520668,0.00011479126494889425,0.00011479268374893366,nan,False
25,0.3333333333333333,0.6666666666666666,0.0,0.02,11,12,37,40,7.037052224361302,7.0362832987914095,7.037821157932262,7.445871841305864e-05,7.446000700788707e-05,nan,False
25,0.3333333333333333,0.6666666666666666,0.0,0.02,13,14,37,40,6.379696600098388,6.378927675314054,6.380465532883788,0.007801626306092505,0.007801617405257233,nan,False
25,0.3333333333333333,0.6666666666666666,0.0,0.02,15,16,37,40,6.345109320780127,6.344340391282437,6.345878258278882,0.008420543787015025,0.008420537977804197,nan,False
25,0.3333333333333333,0.6666666666666666,0.0,0.02,17,18,37,40,5.881237535737554,5.880468605396117,5.882006474080059,0.11253548746614667,0.11253574926461207,-1.1631804632569755e-06,True
25,0.3333333333333333,0.6666666666666666,0.0,0.02,19,20,37,40,5.73182708343036,5.731058137261356,5.73259603760043,0.16128383408042374,0.1612841671435839,-1.032536268008488e-06,True
25,0.3333333333333333,0.6666666666666666,0.0,0.02,21,22,37,40,5.359120845740128,5.358351908939646,5.359889790541675,0.3868485459398998,0.38684855669002766,-1.3894491535408816e-08,True
25,0.3333333333333333,0.6666666666666666,0.0,0.02,23,24,37,40,5.34628313365614,5.345514147918225,5.347052127395121,0.40488401416453745,0.40488399618838716,2.2199136123811904e-08,True
25,0.3333333333333333,0.6666666666666666,0.0,0.02,25,26,37,40,4.729998191104433,4.729229249561501,4.730767140648431,0.06193797298150614,0.06193809010168292,-9.454625362162609e-07,True
25,0.3333333333333333,0.6666666666666666,0.0,0.02,27,28,37,40,4.688528897878289,4.68775992852074,4.689297875236904,0.0532663653894653,0.05326633837754721,2.535551725999093e-07,True
25,0.3333333333333333,0.6666666666666666,0.0,0.02,29,30,37,40,3.982320774482817,3.98155184937844,3.9830897075882605,0.0005463323233317597,0.0005463331767871506,nan,False
25,0.3333333333333333,0.6666666666666666,0.0,0.02,31,32,37,40,3.955284416580369,3.9545154922906463,3.9560533488711584,0.0024763902515786665,0.0024764224764876816,nan,False
25,0.3333333333333333,0.6666666666666666,0.0,0.02,33,34,37,40,1.8470267782761844,1.846257851513405,1.8477957130400304,7.44914990506215,7.449146911442538,2.0093703653702735e-07,True
25,0.3333333333333333,0.6666666666666666,0.0,0.02,35,36,37,40,1.6740871383142888,1.6733182146937466,1.6748560699358976,9.337951885552378,9.337944015997635,4.213749522085486e-07,True
26,0.3055555555555555,0.611111111111111,0.0,0.02,1,2,37,38,13.796715385444243,13.79671533615153,13.796715434736956,0.03585165969153955,0.03585118795687134,6.579022781957176e-06,True
26,0.3055555555555555,0.611111111111111,0.0,0.02,1,2,39,40,13.834524600921336,13.834524533428237,13.834524668414435,0.012124691659340252,0.01212518610794638,-2.038973601735615e-05,True
26,0.3055555555555555,0.611111111111111,0.0,0.02,3,4,37,38,13.753999728523658,13.753999679580955,13.753999777466362,0.012287093537763553,0.012286559956416497,2.1713553793798454e-05,True
26,0.3055555555555555,0.611111111111111,0.0,0.02,3,4,39,40,13.791808944000751,13.791808876857662,13.79180901114384,0.039693417982770776,0.03969388142264733,-5.837708046778311e-06,True
26,0.3055555555555555,0.611111111111111,0.0,0.02,5,6,37,38,13.672803438141269,13.672803379660865,13.672803496621675,0.0021894334382180076,0.0021893983170752,nan,False
26,0.3055555555555555,0.611111111111111,0.0,0.02,5,6,39,40,13.710612653618362,13.71061257693757,13.710612730299154,0.0008289335314567529,0.0008289553172028431,nan,False
26,0.3055555555555555,0.611111111111111,0.0,0.02,7,8,37,38,13.654873220733469,13.65487316324475,13.65487327822219,0.0001576535390720201,0.00015765814195241667,nan,False
26,0.3055555555555555,0.611111111111111,0.0,0.02,7,8,39,40,13.692682436210562,13.692682360521456,13.692682511899669,0.00012003742694350327,0.00012004149664246649,nan,False
26,0.3055555555555555,0.611111111111111,0.0,0.02,9,10,37,38,7.141349695365557,7.1413496337934195,7.1413497569376965,0.00011857228449877618,0.0001185692677647123,nan,False
26,0.3055555555555555,0.611111111111111,0.0,0.02,9,10,39,40,7.17915891084265,7.179158831070126,7.179158990615175,0.00022082504424517625,0.00022082696422278734,nan,False
26,0.3055555555555555,0.611111111111111,0.0,0.02,11,12,37,38,7.048073060493044,7.048072998716735,7.0480731222693525,6.897111963027598e-05,6.89699213456793e-05,nan,False
26,0.3055555555555555,0.611111111111111,0.0,0.02,11,12,39,40,7.085882275970137,7.085882195993442,7.085882355946831,0.00010701650983742467,0.00010701719123271083,nan,False
26,0.3055555555555555,0.611111111111111,0.0,0.02,13,14,37,38,6.632217241406876,6.632217047356928,6.632217435456825,0.003668233611736053,0.003668195374195585,nan,False
26,0.3055555555555555,0.611111111111111,0.0,0.02,13,14,39,40,6.670026456883969,6.670026244633634,6.6700266691343035,0.03976826769087232,0.03976852179293753,-3.194773976391371e-06,True
26,0.3055555555555555,0.611111111111111,0.0,0.02,15,16,37,38,6.5528471351402136,6.552846934265121,6.552847336015306,0.019217771753694466,0.01921776630442352,1.4177688730236797e-07,True
26,0.3055555555555555,0.611111111111111,0.0,0.02,15,16,39,40,6.590656350617307,6.590656131541827,6.590656569692785,0.0018483140069136214,0.0018483173566452263,nan,False
26,0.3055555555555555,0.611111111111111,0.0,0.02,17,18,37,38,5.7016533713526325,5.701652552160262,5.701654190545005,0.10621478864906281,0.10621458169358941,9.742319203018786e-07,True
26,0.3055555555555555,0.611111111111111,0.0,0.02,17,18,39,40,5.739462586829726,5.739461749436968,5.739463424222484,0.02477442433205185,0.02477408828540316,6.782174296258433e-06,True
26,0.3055555555555555,0.611111111111111,0.0,0.02,19,20,37,38,5.6695652659625235,5.669564392577335,5.669566139347712,0.0737438905486418,0.0737429433526744,6.422240835706592e-06,True
26,0.3055555555555555,0.611111111111111,0.0,0.02,19,20,39,40,5.707374481439615,5.707373589854042,5.70737537302519,0.031570045218595154,0.03156936122309867,1.0833099882191888e-05,True
26,0.3055555555555555,0.611111111111111,0.0,0.02,21,22,37,38,5.427938958681644,5.427938884655075,5.427939032708214,0.17908005435405325,0.17907951917408996,1.4942500573649169e-06,True
26,0.3055555555555555,0.611111111111111,0.0,0.02,21,22,39,40,5.465748174158737,5.465748081931781,5.465748266385693,0.058948319328943996,0.05895235515420147,-3.42307223870027e-05,True
26,0.3055555555555555,0.611111111111111,0.0,0.02,23,24,37,38,5.28311313472502,5.2831130530566215,5.283113216393418,0.01878424685723365,0.018781900571562406,6.245744724531878e-05,True
26,0.3055555555555555,0.611111111111111,0.0,0.02,23,24,39,40,5.320922350202112,5.320922250333328,5.3209224500708965,0.3069328114241202,0.3069332260467708,-6.754285549174763e-07,True
26,0.3055555555555555,0.611111111111111,0.0,0.02,25,26,37,38,4.9045467476928,4.904546666753584,4.904546828632016,0.05575155201905867,0.05575092780805796,5.5981804321793925e-06,True
26,0.3055555555555555,0.611111111111111,0.0,0.02,25,26,39,40,4.9423559631698915,4.94235586403029,4.942356062309495,0.011827952887310311,0.011828249044572548,-1.2519222785184069e-05,True
26,0.3055555555555555,0.611111111111111,0.0,0.02,27,28,37,38,4.699636422958783,4.69963634123205,4.699636504685516,0.006238051714986626,0.006237667056355952,3.083258269318014e-05,True
26,0.3055555555555555,0.611111111111111,0.0,0.02,27,28,39,40,4.737445638435876,4.737445538508756,4.737445738362995,0.041017379358207894,0.04101778820417536,-4.9837890213632555e-06,True
26,0.3055555555555555,0.611111111111111,0.0,0.02,29,30,37,38,4.062850418810763,4.062850339475747,4.062850498145778,0.0023789896094341266,0.0023789702790907334,nan,False
26,0.3055555555555555,0.611111111111111,0.0,0.02,29,30,39,40,4.1006596342878545,4.100659536752453,4.1006597318232565,0.002535456873243344,0.002535491709752563,nan,False
26,0.3055555555555555,0.611111111111111,0.0,0.02,31,32,37,38,3.873754235704366,3.8737541745697364,3.873754296838996,0.0008899769985513742,0.0008899636085516665,nan,False
26,0.3055555555555555,0.611111111111111,0.0,0.02,31,32,39,40,3.9115634511814585,3.9115633718464426,3.9115635305164744,0.0013051062604151897,0.0013051207660743748,nan,False
26,0.3055555555555555,0.611111111111111,0.0,0.02,33,34,37,38,1.9777272662439074,1.9777270347431648,1.9777274977446502,3.1213325177314446,3.121396827759047,-1.0301588302683068e-05,True
26,0.3055555555555555,0.611111111111111,0.0,0.02,33,34,39,40,2.015536481721,2.015536232019871,2.0155367314221286,2.4232284420726815,2.4231621013777542,1.368868116023694e-05,True
26,0.3055555555555555,0.611111111111111,0.0,0.02,35,36,37,38,1.8127125719714754,1.8127123204036404,1.8127128235393102,2.891239195045539,2.8913297557392603,-1.5660979487168015e-05,True
26,0.3055555555555555,0.611111111111111,0.0,0.02,35,36,39,40,1.8505217874485678,1.8505215176803467,1.8505220572167886,3.7916427527742145,3.7915761395799428,8.784290051137293e-06,True
27,0.2777777777777778,0.5555555555555556,0.0,0.02,1,2,37,38,14.02546375761877,14.025463701013669,14.025463814223873,0.03337271682646665,0.03337264755954739,1.037778726554083e-06,True
27,0.2777777777777778,0.5555555555555556,0.0,0.02,1,2,39,40,14.156875240030544,14.156875185250522,14.156875294810568,0.004261569144369895,0.0042616757323607765,-1.2505564772917897e-05,True
27,0.2777777777777778,0.5555555555555556,0.0,0.02,3,4,37,38,13.959039542279598,13.959039483489933,13.959039601069264,0.0041354048372840915,0.0041352558142405136,1.80182756682799e-05,True
27,0.2777777777777778,0.5555555555555556,0.0,0.02,3,4,39,40,14.090451024691372,14.090450967726786,14.09045108165596,0.0415155107244226,0.041515585070380015,-8.95398967176219e-07,True
27,0.2777777777777778,0.5555555555555556,0.0,0.02,5,6,37,38,13.854206233223486,13.854206176618387,13.854206289828586,0.0020918864008105725,0.0020918812164789774,1.2391538128629674e-06,True
27,0.2777777777777778,0.5555555555555556,0.0,0.02,5,6,39,40,13.98561771563526,13.98561766085524,13.985617770415281,0.00032139854622693985,0.0003214064470872304,nan,False
27,0.2777777777777778,0.5555555555555556,0.0,0.02,7,8,37,38,13.81204291259743,13.812042856821911,13.81204296837295,8.924926257981253e-05,8.924927370363748e-05,nan,False
27,0.2777777777777778,0.5555555555555556,0.0,0.02,7,8,39,40,13.943454395009205,13.943454341058764,13.943454448959645,0.00021650963585691225,0.00021650637871932483,nan,False
27,0.2777777777777778,0.5555555555555556,0.0,0.02,9,10,37,38,7.10687658496461,7.106876493102303,7.106876676826918,0.0027845969462627455,0.0027845897427375413,1.2934608959176705e-06,True
27,0.2777777777777778,0.5555555555555556,0.0,0.02,9,10,39,40,7.238288067376384,7.238287977339155,7.2382881574136135,0.003275577426101864,0.003275599426194478,-3.3581893925316063e-06,True
27,0.2777777777777778,0.5555555555555556,0.0,0.02,11,12,37,38,7.010135161207311,7.010135059334721,7.010135263079899,0.00045048461896836194,0.00045054014350243447,nan,False
27,0.2777777777777778,0.5555555555555556,0.0,0.02,11,12,39,40,7.141546643619084,7.1415465435715735,7.141546743666595,0.000539825401544341,0.000539911692832494,nan,False
27,0.2777777777777778,0.5555555555555556,0.0,0.02,13,14,37,38,6.959065207238508,6.959065081888768,6.959065332588249,0.012638784555544756,0.012639025812860687,-9.544233160006792e-06,True
27,0.2777777777777778,0.5555555555555556,0.0,0.02,13,14,39,40,7.090476689650282,7.09047656612562,7.090476813174945,0.033250803496533025,0.033251211518706775,-6.1354858744625555e-06,True
27,0.2777777777777778,0.5555555555555556,0.0,0.02,15,16,37,38,6.856385409005613,6.856385286393491,6.856385531617736,0.03386458903088943,0.03386410412123519,7.1595897052620596e-06,True
27,0.2777777777777778,0.5555555555555556,0.0,0.02,15,16,39,40,6.987796891417387,6.987796770630343,6.987797012204432,0.004422285494092723,0.004422186655732772,1.1175156445409167e-05,True
27,0.2777777777777778,0.5555555555555556,0.0,0.02,17,18,37,38,5.663276287801302,5.663276153243208,5.663276422359395,0.07513961482002143,0.07513800311221926,1.0724869241028792e-05,True
27,0.2777777777777778,0.5555555555555556,0.0,0.02,17,18,39,40,5.794687770213075,5.79468763748006,5.794687902946091,0.03718267869066748,0.03718196982261666,9.532325708419597e-06,True
27,0.2777777777777778,0.5555555555555556,0.0,0.02,19,20,37,38,5.597478799876088,5.597478711636286,5.597478888115891,0.02474875182581239,0.024749761606044293,-2.0400213297178342e-05,True
27,0.2777777777777778,0.5555555555555556,0.0,0.02,19,20,39,40,5.728890282287862,5.728890195873138,5.728890368702586,0.01419130896523287,0.014192299918531135,-3.491287180296337e-05,True
27,0.2777777777777778,0.5555555555555556,0.0,0.02,21,22,37,38,5.377525606164042,5.377525446607897,5.377525765720186,0.012021338989267775,0.0120210950644497,1.01455958049015e-05,True
27,0.2777777777777778,0.5555555555555556,0.0,0.02,21,22,39,40,5.5089370885758155,5.508936930844749,5.508937246306882,0.028108210971441845,0.028108530966234946,-5.69216183775716e-06,True
27,0.2777777777777778,0.5555555555555556,0.0,0.02,23,24,37,38,5.161485110054683,5.161484572098834,5.161485648010533,0.03593896687699262,0.035939267169481,-4.177794465404759e-06,True
27,0.2777777777777778,0.5555555555555556,0.0,0.02,23,24,39,40,5.292896592466457,5.292896056335686,5.292897128597228,0.08533230252666357,0.08533164700642598,3.8410000435634095e-06,True
27,0.2777777777777778,0.5555555555555556,0.0,0.02,25,26,37,38,5.113849815678719,5.1138492965267135,5.113850334830726,0.04630742491667035,0.04630768745191749,-2.8346912336975626e-06,True
27,0.2777777777777778,0.5555555555555556,0.0,0.02,25,26,39,40,5.245261298090494,5.245260780763566,5.245261815417421,0.05315674632884957,0.05315636600719348,3.577372985654987e-06,True
27,0.2777777777777778,0.5555555555555556,0.0,0.02,27,28,37,38,4.846264274733744,4.846264191222556,4.846264358244932,0.008500838230841882,0.008501163388585024,-1.912467428367989e-05,True
27,0.2777777777777778,0.5555555555555556,0.0,0.02,27,28,39,40,4.9776757571455175,4.977675675459408,4.977675838831628,0.0689852791154106,0.06898514158188489,9.96833415538733e-07,True
27,0.2777777777777778,0.5555555555555556,0.0,0.02,29,30,37,38,4.0325165542306936,4.032516497957426,4.032516610503961,0.013550090647581718,0.013550099829104077,-3.387991817354422e-07,True
27,0.2777777777777778,0.5555555555555556,0.0,0.02,29,30,39,40,4.163928036642467,4.163927982194278,4.163928091090657,0.007619242879702954,0.007619352991848627,-7.225872160487902e-06,True
27,0.2777777777777778,0.5555555555555556,0.0,0.02,31,32,37,38,3.7843631703869653,3.7843631181786463,3.784363222595285,0.0072630390930824,0.007262850732024369,1.2967264677026618e-05,True
27,0.2777777777777778,0.5555555555555556,0.0,0.02,31,32,39,40,3.9157746527987394,3.9157746024154987,3.91577470318198,0.00958699895991988,0.00958700650286166,-3.933941603648348e-07,True
27,0.2777777777777778,0.5555555555555556,0.0,0.02,33,34,37,38,2.272402180418422,2.272401807079164,2.2724025537576806,1.4181988344502898,1.418208750047988,-3.4958296376171794e-06,True
27,0.2777777777777778,0.5555555555555556,0.0,0.02,33,34,39,40,2.4038136628301965,2.4038132913160166,2.403814034344376,1.453983377707433,1.453969761675731,4.6823422006040935e-06,True
27,0.2777777777777778,0.5555555555555556,0.0,0.02,35,36,37,38,2.1258751344273072,2.1258747418141093,2.125875527040505,1.7703622618179762,1.7703860672331524,-6.7232723040200145e-06,True
27,0.2777777777777778,0.5555555555555556,0.0,0.02,35,36,39,40,2.2572866168390813,2.2572862260509616,2.2572870076272005,1.5529201008361089,1.5529142181340392,1.8940810956211574e-06,True
28,0.25,0.5,0.0,0.02,1,2,37,38,14.210286402085954,14.210286367845516,14.210286436326392,0.02028214313178506,0.020282176521988687,-8.231422075194583e-07,True
28,0.25,0.5,0.0,0.02,1,2,39,40,14.522196549555648,14.522196499726727,14.52219659938457,0.0015157746424561912,0.001515779560381332,-1.622245492456787e-06,True
28,0.25,0.5,0.0,0.02,3,4,37,38,14.119842460874617,14.119842423435149,14.119842498314085,0.000623100328526668,0.0006230831782997015,nan,False
28,0.25,0.5,0.0,0.02,3,4,39,40,14.431752608344311,14.43175255531636,14.431752661372263,0.030617123844874663,0.030617120479285005,5.496254089206305e-08,True
28,0.25,0.5,0.0,0.02,5,6,37,38,13.95955320274687,13.959553169021529,13.95955323647221,0.0007822317999558505,0.0007822308903814661,nan,False
28,0.25,0.5,0.0,0.02,5,6,39,40,14.271463350216564,14.27146330090274,14.271463399530388,7.678774273524562e-05,7.67874484286295e-05,nan,False
28,0.25,0.5,0.0,0.02,7,8,37,38,13.888113698199092,13.888113666235927,13.888113730162257,6.929446018967295e-05,6.929435911253848e-05,nan,False
28,0.25,0.5,0.0,0.02,7,8,39,40,14.200023845668786,14.200023798117138,14.200023893220434,0.00022387689163280038,0.00022387563125027455,nan,False
28,0.25,0.5,0.0,0.02,9,10,37,38,7.09164380706202,7.091643766803069,7.091643847320971,0.021759328540338255,0.021759701226621072,-8.563754403831057e-06,True
28,0.25,0.5,0.0,0.02,9,10,39,40,7.403553954531715,7.403553898684281,7.403554010379148,0.020221533771274586,0.020221853903277215,-7.915558538400688e-06,True
28,0.25,0.5,0.0,0.02,11,12,37,38,6.943325597333098,6.94332555452577,6.943325640140427,0.02615803073628928,0.026157699079623502,6.3395209613548985e-06,True
28,0.25,0.5,0.0,0.02,11,12,39,40,7.255235744802793,7.255235686406982,7.2552358031986035,0.023071634839736472,0.023071500628426746,2.9085866914726297e-06,True
28,0.25,0.5,0.0,0.02,13,14,37,38,6.808779936028012,6.808779778353901,6.808780093702123,0.00027443332372800223,0.0002744185125703098,nan,False
28,0.25,0.5,0.0,0.02,13,14,39,40,7.120690083497706,7.120689910235113,7.1206902567603,0.0018075481374548133,0.0018075516417073302,-9.69337703221847e-07,True
28,0.25,0.5,0.0,0.02,15,16,37,38,6.743098891038576,6.743098733364465,6.743099048712687,0.00024107486400787276,0.00024107787265883836,nan,False
28,0.25,0.5,0.0,0.02,15,16,39,40,7.05500903850827,7.055008865245677,7.055009211770864,0.0005862449702958609,0.0005862161959979314,nan,False
28,0.25,0.5,0.0,0.02,17,18,37,38,5.6660416493882755,5.666041593811947,5.666041704964604,0.019534225837620173,0.01953450148311223,-7.055399828965847e-06,True
28,0.25,0.5,0.0,0.02,17,18,39,40,5.977951796857971,5.977951725693159,5.977951868022782,0.0016981732711513235,0.0016981843963743103,-3.275633509730061e-06,True
28,0.25,0.5,0.0,0.02,19,20,37,38,5.584247504465221,5.5842474402677835,5.584247568662658,0.021599766682661233,0.021599502690975443,6.1110220060919725e-06,True
28,0.25,0.5,0.0,0.02,19,20,39,40,5.8961576519349155,5.896157572148995,5.896157731720836,0.008669679823514898,0.008669604743335821,4.3300621076881034e-06,True
28,0.25,0.5,0.0,0.02,21,22,37,38,5.291077772399618,5.291077691583503,5.291077853215732,0.001479870832586938,0.0014798537177876327,5.782564902282831e-06,True
28,0.25,0.5,0.0,0.02,21,22,39,40,5.602987919869312,5.602987823464715,5.60298801627391,0.002161883769941953,0.002161888474247382,-1.0880095350690702e-06,True
28,0.25,0.5,0.0,0.02,23,24,37,38,5.006823268788527,5.006823069635498,5.006823467941556,0.005745991933244834,0.00574594027412553,4.4952509613935885e-06,True
28,0.25,0.5,0.0,0.02,23,24,39,40,5.3187334162582225,5.31873320151671,5.318733630999734,0.0051113792881759875,0.005111361828553668,1.7079198347812572e-06,True
28,0.25,0.5,0.0,0.02,25,26,37,38,4.869862498159905,4.86986231746906,4.869862678850749,0.0031648437387489245,0.0031648784272817355,-5.480261518760966e-06,True
28,0.25,0.5,0.0,0.02,25,26,39,40,5.1817726456296,5.181772449350273,5.181772841908927,0.06173718992930986,0.06173778524984133,-4.8213861197763636e-06,True
28,0.25,0.5,0.0,0.02,27,28,37,38,4.721685949158209,4.721685904805588,4.72168599351083,0.15759100690680475,0.15759100355975006,1.0619434415079435e-08,True
28,0.25,0.5,0.0,0.02,27,28,39,40,5.033596096627903,5.0335960366868,5.033596156569008,0.04429722754167382,0.044297053305472615,1.9666754957203375e-06,True
28,0.25,0.5,0.0,0.02,29,30,37,38,3.7854717363336228,3.785471692767203,3.785471779900042,0.04547875614965134,0.04547895507831387,-2.1870456044140706e-06,True
28,0.25,0.5,0.0,0.02,29,30,39,40,4.097381883803317,4.097381824648416,4.0973819429582194,0.022636599449689078,0.022636822989553957,-4.937551720969858e-06,True
28,0.25,0.5,0.0,0.02,31,32,37,38,3.568405851587035,3.568405803357626,3.5684058998164443,0.0226058182342155,0.022605286328484818,1.1764935535810512e-05,True
28,0.25,0.5,0.0,0.02,31,32,39,40,3.88031599905673,3.8803159352388383,3.8803160628746216,0.047913283955951166,0.04791291048739567,3.897353512443936e-06,True
28,0.25,0.5,0.0,0.02,33,34,37,38,2.473478263700677,2.473477831804827,2.4734786955965267,0.7324612464247465,0.7324614462634804,-1.3641589067574517e-07,True
28,0.25,0.5,0.0,0.02,33,34,39,40,2.7853884111703717,2.7853879636860395,2.785388858654704,0.926400804187503,0.9263986265085468,1.1753452209633343e-06,True
28,0.25,0.5,0.0,0.02,35,36,37,38,2.348026114995298,2.3480256710895393,2.348026558901057,1.2390231749750886,1.239030702945165,-3.037855691310968e-06,True
28,0.25,0.5,0.0,0.02,35,36,39,40,2.659936262464993,2.6599358029707516,2.6599367219592343,0.6431621555098139,0.6431642339389964,-1.6157867859018987e-06,True
29,0.2222222222222222,0.4444444444444444,0.0,0.02,1,2,37,38,14.295264360508948,14.295264322547522,14.295264398470376,0.009690783706472196,0.009690807711089168,-1.2385266232315572e-06,True
29,0.2222222222222222,0.4444444444444444,0.0,0.02,1,2,39,40,14.752610296667848,14.75261026952019,14.752610323815507,0.0012010170244549805,0.0012010137751568475,1.3527295876469124e-06,True
29,0.2222222222222222,0.4444444444444444,0.0,0.02,3,4,37,38,14.1835637238107,14.183563682423967,14.18356376519743,0.0003526937555785345,0.00035269878085907345,nan,False
29,0.2222222222222222,0.4444444444444444,0.0,0.02,3,4,39,40,14.640909659969598,14.640909629396635,14.64090969054256,0.00927646902852196,0.009276487660973195,-1.004284737280124e-06,True
29,0.2222222222222222,0.4444444444444444,0.0,0.02,5,6,37,38,13.937095017485547,13.937094978420097,13.937095056550998,0.0001654555800456657,0.00016545601962050137,nan,False
29,0.2222222222222222,0.4444444444444444,0.0,0.02,5,6,39,40,14.394440953644446,14.394440925392765,14.394440981896128,0.00010267947346528252,0.0001026785813344612,nan,False
29,0.2222222222222222,0.4444444444444444,0.0,0.02,7,8,37,38,13.83513532684033,13.835135290407552,13.83513536327311,4.051477717358651e-05,4.0514345318565286e-05,nan,False
29,0.2222222222222222,0.4444444444444444,0.0,0.02,7,8,39,40,14.29248126299923,14.292481237380219,14.29248128861824,1.4156985253062862e-05,1.4156738564304119e-05,nan,False
29,0.2222222222222222,0.4444444444444444,0.0,0.02,9,10,37,38,6.923837872768031,6.923837825946107,6.923837919589955,0.011064677115586771,0.011064888675920924,-9.56007615086102e-06,True
29,0.2222222222222222,0.4444444444444444,0.0,0.02,9,10,39,40,7.38118380892693,7.381183772918775,7.381183844935085,0.0079280201584661,0.007928174944054614,-9.761836778137963e-06,True
29,0.2222222222222222,0.4444444444444444,0.0,0.02,11,12,37,38,6.746404607176632,6.746404554409965,6.746404659943298,0.012172312738257151,0.01217222955213159,3.4170338702020537e-06,True
29,0.2222222222222222,0.4444444444444444,0.0,0.02,11,12,39,40,7.203750543335531,7.2037505013826335,7.203750585288428,0.02787023301361715,0.027870164597153163,1.22741255749453e-06,True
29,0.2222222222222222,0.4444444444444444,0.0,0.02,13,14,37,38,6.291947235846419,6.2919469956222045,6.291947476070634,0.00018251271891015473,0.00018250558027018283,nan,False
29,0.2222222222222222,0.4444444444444444,0.0,0.02,13,14,39,40,6.749293172005318,6.749292942594873,6.7492934014157635,0.000640027155418181,0.0006400733011835747,nan,False
29,0.2222222222222222,0.4444444444444444,0.0,0.02,15,16,37,38,6.223633713207986,6.223633470266176,6.223633956149797,0.00015960911291973051,0.00015961630205914382,nan,False
29,0.2222222222222222,0.4444444444444444,0.0,0.02,15,16,39,40,6.680979649366885,6.680979417238844,6.680979881494927,0.0014693230067169025,0.0014692732603035002,1.6928631524015504e-05,True
29,0.2222222222222222,0.4444444444444444,0.0,0.02,17,18,37,38,5.5824595611854315,5.582459512834859,5.582459609536004,0.15620670770142703,0.1562070687567095,-1.1556957781139968e-06,True
29,0.2222222222222222,0.4444444444444444,0.0,0.02,17,18,39,40,6.0398054973443305,6.0398054598075275,6.0398055348811335,0.0015091043210105812,0.0015090928177819054,3.811291359321509e-06,True
29,0.2222222222222222,0.4444444444444444,0.0,0.02,19,20,37,38,5.4169077719941985,5.416907716679786,5.416907827308612,0.006246129439591913,0.006246195891304371,-5.319402969264815e-06,True
29,0.2222222222222222,0.4444444444444444,0.0,0.02,19,20,39,40,5.874253708153098,5.874253663652454,5.8742537526537415,0.06413546616633993,0.0641359641914921,-3.882588280057766e-06,True
29,0.2222222222222222,0.4444444444444444,0.0,0.02,21,22,37,38,5.192741269288099,5.192741200527244,5.192741338048954,0.019703997249339432,0.019704152249051657,-3.933189307233592e-06,True
29,0.2222222222222222,0.4444444444444444,0.0,0.02,21,22,39,40,5.650087205446998,5.650087147499912,5.6500872633940835,0.013711360484102906,0.013711587451545944,-8.276551579009097e-06,True
29,0.2222222222222222,0.4444444444444444,0.0,0.02,23,24,37,38,4.860472939683032,4.86047285424859,4.860473025117475,0.007173186380848057,0.007173314922910654,-8.959819532004567e-06,True
29,0.2222222222222222,0.4444444444444444,0.0,0.02,23,24,39,40,5.317818875841931,5.317818801221258,5.317818950462604,0.002931322231283587,0.0029313054719010204,2.858681024129421e-06,True
29,0.2222222222222222,0.4444444444444444,0.0,0.02,25,26,37,38,4.299058528560877,4.299058173404974,4.29905888371678,0.160356089890573,0.16035299868821867,9.63864905742734e-06,True
29,0.2222222222222222,0.4444444444444444,0.0,0.02,25,26,39,40,4.756404464719776,4.756404120377643,4.75640480906191,0.19827346721736733,0.19827118768496338,5.748488539101938e-06,True
29,0.2222222222222222,0.4444444444444444,0.0,0.02,27,28,37,38,4.224872485737616,4.224872113370267,4.224872858104964,0.26798728976851877,0.267989370525028,-3.882177459219847e-06,True
29,0.2222222222222222,0.4444444444444444,0.0,0.02,27,28,39,40,4.682218421896515,4.682218060342936,4.682218783450094,0.11162467042078097,0.11162620965245526,-6.894627576745839e-06,True
29,0.2222222222222222,0.4444444444444444,0.0,0.02,29,30,37,38,3.353593615417903,3.3535935251993583,3.353593705636448,0.074227012087957,0.07422765744713448,-4.347180048346823e-06,True
29,0.2222222222222222,0.4444444444444444,0.0,0.02,29,30,39,40,3.810939551576802,3.8109394721720267,3.8109396309815775,0.03119548407303554,0.031195810362307584,-5.229724354955266e-06,True
29,0.2222222222222222,0.4444444444444444,0.0,0.02,31,32,37,38,3.2098849136723624,3.209884820792838,3.209885006551888,0.025526678633813048,0.025525988569288793,1.3516718362819937e-05,True
29,0.2222222222222222,0.4444444444444444,0.0,0.02,31,32,39,40,3.6672308498312614,3.6672307677655063,3.667230931897017,0.1505505542683657,0.15054943720275082,3.7099490086725176e-06,True
29,0.2222222222222222,0.4444444444444444,0.0,0.02,33,34,37,38,2.477046544480121,2.4770460739679048,2.477047014992338,0.708378666501951,0.708377952402686,5.040380652009915e-07,True
29,0.2222222222222222,0.4444444444444444,0.0,0.02,33,34,39,40,2.93439248063902,2.934392020940573,2.9343929403374673,0.778504712536193,0.7785049549411464,-1.5568622237588243e-07,True
29,0.2222222222222222,0.4444444444444444,0.0,0.02,35,36,37,38,2.36973937899959,2.369738901580149,2.3697398564190313,1.1323406181961466,1.1323435956462142,-1.3147307909025165e-06,True
29,0.2222222222222222,0.4444444444444444,0.0,0.02,35,36,39,40,2.827085315158489,2.8270848485528175,2.8270857817641604,0.4983751170200932,0.49837707706185275,-1.966428337154163e-06,True
30,0.1944444444444444,0.3888888888888888,0.0,0.02,1,2,37,38,14.418896330074267,14.41889625366169,14.418896406486844,0.00678366368792504,0.006783667199532252,-2.588281542435468e-07,True
30,0.1944444444444444,0.3888888888888888,0.0,0.02,1,2,39,40,14.868424653801657,14.86842458119904,14.868424726404275,0.0036413906627796875,0.003641383276964007,1.014148694098246e-06,True
30,0.1944444444444444,0.3888888888888888,0.0,0.02,3,4,37,38,14.289988333049234,14.28998825328389,14.289988412814576,0.0026639588710226396,0.0026639613042548473,-4.5669456892877607e-07,True
30,0.1944444444444444,0.3888888888888888,0.0,0.02,3,4,39,40,14.739516656776624,14.739516580821242,14.739516732732007,0.002252790936048789,0.0022528091101548823,-4.033670522672671e-06,True
30,0.1944444444444444,0.3888888888888888,0.0,0.02,5,6,37,38,13.934547763107117,13.934547684439043,13.934547841775192,5.080654528299092e-05,5.080638999912138e-05,nan,False
30,0.1944444444444444,0.3888888888888888,0.0,0.02,5,6,39,40,14.384076086834508,14.384076011976394,14.384076161692622,6.68369051641528e-05,6.68356694617058e-05,nan,False
30,0.1944444444444444,0.3888888888888888,0.0,0.02,7,8,37,38,13.803208236200105,13.80320816039712,13.80320831200309,2.5379514897005043e-05,2.5379085441193978e-05,nan,False
30,0.1944444444444444,0.3888888888888888,0.0,0.02,7,8,39,40,14.252736559927495,14.25273648793447,14.25273663192052,4.27480411481879e-05,4.274828149714659e-05,nan,False
30,0.1944444444444444,0.3888888888888888,0.0,0.02,9,10,37,38,6.703483742560396,6.703483652035721,6.70348383308507,0.0004404052049527718,0.00044042735619824924,nan,False
30,0.1944444444444444,0.3888888888888888,0.0,0.02,9,10,39,40,7.153012066287785,7.153011979573072,7.153012153002499,0.0009276128325937285,0.0009276412892533669,nan,False
30,0.1944444444444444,0.3888888888888888,0.0,0.02,11,12,37,38,6.459323889616137,6.459323791166742,6.45932398806553,0.0019213000471862798,0.001921327758885063,-7.211653113932999e-06,True
30,0.1944444444444444,0.3888888888888888,0.0,0.02,11,12,39,40,6.908852213343526,6.908852118704093,6.90885230798296,0.00832491487447528,0.008324941445655494,-1.5958804510705246e-06,True
30,0.1944444444444444,0.3888888888888888,0.0,0.02,13,14,37,38,5.735637443763132,5.735637186636482,5.735637700889783,0.014596668245372448,0.014596770986406667,-3.519319303311481e-06,True
30,0.1944444444444444,0.3888888888888888,0.0,0.02,13,14,39,40,6.185165767490522,6.185165514173833,6.185166020807213,0.0003185521551473521,0.00031854014969993644,nan,False
30,0.1944444444444444,0.3888888888888888,0.0,0.02,15,16,37,38,5.639687245870171,5.63968698773769,5.639687504002653,0.0008227068443733131,0.0008225635546960134,nan,False
30,0.1944444444444444,0.3888888888888888,0.0,0.02,15,16,39,40,6.089215569597561,6.089215315275041,6.089215823920083,0.000985964693316604,0.0009859609691169507,nan,False
30,0.1944444444444444,0.3888888888888888,0.0,0.02,17,18,37,38,5.454136148556984,5.4541360466329065,5.454136250481061,0.29500500980075645,0.29500573508938915,-1.2292803800430534e-06,True
30,0.1944444444444444,0.3888888888888888,0.0,0.02,17,18,39,40,5.903664472284374,5.9036643741702575,5.90366457039849,0.0012436889181048532,0.0012436375255078917,nan,False
30,0.1944444444444444,0.3888888888888888,0.0,0.02,19,20,37,38,5.295223440194132,5.29522335332702,5.2952235270612436,0.002670934401689775,0.002670958645140392,-4.53836316157635e-06,True
30,0.1944444444444444,0.3888888888888888,0.0,0.02,19,20,39,40,5.744751763921522,5.744751680864371,5.744751846978673,0.24672826754246893,0.2467295434209274,-2.585587724260996e-06,True
30,0.1944444444444444,0.3888888888888888,0.0,0.02,21,22,37,38,5.045780469526761,5.045780365286228,5.045780573767296,0.02147866252194905,0.02147882226264782,-3.718576624545159e-06,True
30,0.1944444444444444,0.3888888888888888,0.0,0.02,21,22,39,40,5.495308793254152,5.495308692823579,5.495308893684725,0.013875315500152979,0.013875343144252752,-9.961601318156764e-07,True
30,0.1944444444444444,0.3888888888888888,0.0,0.02,23,24,37,38,4.683293637164896,4.683293532924362,4.68329374140543,0.0170273084860102,0.01702742221046167,-3.3394611892296998e-06,True
30,0.1944444444444444,0.3888888888888888,0.0,0.02,23,24,39,40,5.1328219608922865,5.132821860461713,5.13282206132286,0.0030431345977532387,0.00304312286098918,1.928404136443303e-06,True
30,0.1944444444444444,0.3888888888888888,0.0,0.02,25,26,37,38,3.7825997840684304,3.7825989046379815,3.7826006634988794,0.42943530446268846,0.4294355955349501,-3.3890106374255306e-07,True
30,0.1944444444444444,0.3888888888888888,0.0,0.02,25,26,39,40,4.232128107795821,4.2321272321753325,4.232128983416309,0.39501666385676487,0.3950145890702935,2.6262080945076542e-06,True
30,0.1944444444444444,0.3888888888888888,0.0,0.02,27,28,37,38,3.7195324085659034,3.719531530720398,3.7195332864114086,0.2611808504073999,0.2611814710936359,-1.1882293389387268e-06,True
30,0.1944444444444444,0.3888888888888888,0.0,0.02,27,28,39,40,4.1690607322932935,4.169059858257749,4.169061606328838,0.3736718920408277,0.37367021284747376,2.2468871256378796e-06,True
30,0.1944444444444444,0.3888888888888888,0.0,0.02,29,30,37,38,2.9379424057567336,2.9379421288182854,2.937942682695182,0.08900098790126688,0.08900190395799061,-5.14630247946098e-06,True
30,0.1944444444444444,0.3888888888888888,0.0,0.02,29,30,39,40,3.387470729484124,3.3874704563556364,3.3874710026126116,0.03645013610126353,0.036451063408598064,-1.2720055921784575e-05,True
30,0.1944444444444444,0.3888888888888888,0.0,0.02,31,32,37,38,2.886363505207231,2.8863632235444308,2.8863637868700316,0.026554204905600867,0.02655335120887845,1.607486363292031e-05,True
30,0.1944444444444444,0.3888888888888888,0.0,0.02,31,32,39,40,3.3358918289346216,3.3358915510817817,3.335892106787461,0.18452441101501899,0.1845229051006386,4.0805455415309695e-06,True
30,0.1944444444444444,0.3888888888888888,0.0,0.02,33,34,37,38,2.4275030101260837,2.4275025438782905,2.427503476373877,0.8856899168084437,0.8856885775567743,7.560505412035338e-07,True
30,0.1944444444444444,0.3888888888888888,0.0,0.02,33,34,39,40,2.877031333853474,2.8770308714156414,2.8770317962913063,0.8966959225629155,0.8966986173680733,-1.5026281712125498e-06,True
30,0.1944444444444444,0.3888888888888888,0.0,0.02,35,36,37,38,2.3333538246507772,2.333353351666973,2.333354297634582,1.3503658841943729,1.350365335376159,2.0321097108319317e-07,True
30,0.1944444444444444,0.3888888888888888,0.0,0.02,35,36,39,40,2.7828821483781674,2.782881679204324,2.782882617552011,0.6197586283071659,0.6197612963846019,-2.1525087115069887e-06,True
31,0.1666666666666667,0.3333333333333333,0.0,0.02,1,2,37,38,14.68176525818597,14.681765131976235,14.681765384395707,0.007649396117855592,0.007649377898703349,1.1908896897690626e-06,True
31,0.1666666666666667,0.3333333333333333,0.0,0.02,1,2,39,40,15.091591380004013,15.091591275502012,15.091591484506013,0.006641033101760142,0.006641039315117376,-4.6780028289908075e-07,True
31,0.1666666666666667,0.3333333333333333,0.0,0.02,3,4,37,38,14.539937644614785,14.539937515582196,14.539937773647374,0.005543638175911791,0.005543636950549841,1.1051966655038286e-07,True
31,0.1666666666666667,0.3333333333333333,0.0,0.02,3,4,39,40,14.949763766432827,14.949763659107973,14.94976387375768,0.0022300583724527948,0.002230094742175632,-8.154366431463733e-06,True
31,0.1666666666666667,0.3333333333333333,0.0,0.02,5,6,37,38,14.064265810510772,14.064265681873382,14.06426593914816,2.931601865652551e-05,2.9315833368907174e-05,nan,False
31,0.1666666666666667,0.3333333333333333,0.0,0.02,5,6,39,40,14.474091932328815,14.47409182539916,14.474092039258467,2.970867854605159e-05,2.9708343761071333e-05,nan,False
31,0.1666666666666667,0.3333333333333333,0.0,0.02,7,8,37,38,13.906025788993455,13.906025662670805,13.906025915316105,2.925700526152226e-05,2.9256939252016088e-05,nan,False
31,0.1666666666666667,0.3333333333333333,0.0,0.02,7,8,39,40,14.315851910811498,14.315851806196584,14.315852015426412,5.871121068290904e-05,5.87121778433353e-05,nan,False
31,0.1666666666666667,0.3333333333333333,0.0,0.02,9,10,37,38,6.6506376724809275,6.650637542657941,6.650637802303914,0.006848207292590485,0.0068481693884885324,2.767454695152706e-06,True
31,0.1666666666666667,0.3333333333333333,0.0,0.02,9,10,39,40,7.060463794298969,7.060463686183719,7.06046390241422,0.0006904597683121021,0.0006904403548032147,nan,False
31,0.1666666666666667,0.3333333333333333,0.0,0.02,11,12,37,38,6.284239639325532,6.284239499227363,6.284239779423702,0.0008732807413955966,0.0008732651196632705,nan,False
31,0.1666666666666667,0.3333333333333333,0.0,0.02,11,12,39,40,6.694065761143574,6.694065642753141,6.6940658795340084,0.0004200526606469052,0.00042003819533311217,nan,False
31,0.1666666666666667,0.3333333333333333,0.0,0.02,13,14,37,38,5.485661302391256,5.4856611636480554,5.485661441134457,0.2419357964929535,0.24193635508390135,-1.1544184678483095e-06,True
31,0.1666666666666667,0.3333333333333333,0.0,0.02,13,14,39,40,5.895487424209298,5.895487307173833,5.895487541244764,0.003428372185528132,0.0034280223636917215,5.10212523359735e-05,True
31,0.1666666666666667,0.3333333333333333,0.0,0.02,15,16,37,38,5.367050517967353,5.3670503332398845,5.367050702694822,0.001977629032708985,0.001977637687395973,-2.1881424440772406e-06,True
31,0.1666666666666667,0.3333333333333333,0.0,0.02,15,16,39,40,5.776876639785395,5.776876476765661,5.776876802805128,0.23176305166558253,0.23176427409921985,-2.6372417964759655e-06,True
31,0.1666666666666667,0.3333333333333333,0.0,0.02,17,18,37,38,5.234997886014757,5.2349976885562235,5.23499808347329,0.12530004845213788,0.12530013591553893,-3.490157091072058e-07,True
31,0.1666666666666667,0.3333333333333333,0.0,0.02,17,18,39,40,5.644824007832798,5.644823832082,5.644824183583595,0.0019256200562401096,0.001925212637483339,0.00010580017081361402,True
31,0.1666666666666667,0.3333333333333333,0.0,0.02,19,20,37,38,5.077561009114479,5.0775607931380335,5.077561225090926,0.004031245359542829,0.004031525011319128,-3.4684328516903156e-05,True
31,0.1666666666666667,0.3333333333333333,0.0,0.02,19,20,39,40,5.487387130932521,5.48738693666381,5.487387325201231,0.09572060241387478,0.0957215644259971,-5.025079574631756e-06,True
31,0.1666666666666667,0.3333333333333333,0.0,0.02,21,22,37,38,4.854604681269831,4.854604523359461,4.8546048391802,0.0007071851836762038,0.0007071931006794069,nan,False
31,0.1666666666666667,0.3333333333333333,0.0,0.02,21,22,39,40,5.264430803087873,5.264430666885239,5.264430939290506,0.015533211549406754,0.015532898565680006,1.007476396590156e-05,True
31,0.1666666666666667,0.3333333333333333,0.0,0.02,23,24,37,38,4.547532745342665,4.547532604679924,4.547532886005406,0.02315655690127822,0.02315656345963618,-1.4160907124728918e-07,True
31,0.1666666666666667,0.3333333333333333,0.0,0.02,23,24,39,40,4.957358867160707,4.957358748205703,4.957358986115712,0.0014263254857622904,0.0014263542140301008,nan,False
31,0.1666666666666667,0.3333333333333333,0.0,0.02,25,26,37,38,3.5019259698143985,3.501924877370475,3.5019270622583214,0.38978779200654917,0.3897901224480681,-2.9893631870750324e-06,True
31,0.1666666666666667,0.3333333333333333,0.0,0.02,25,26,39,40,3.91175209163244,3.911751020896253,3.911753162368627,0.4174570755233579,0.4174541743629796,3.474812896240514e-06,True
31,0.1666666666666667,0.3333333333333333,0.0,0.02,27,28,37,38,3.433735617034503,3.433734550899566,3.4337366831694407,0.22407025569297168,0.22407216737519864,-4.265791696029403e-06,True
31,0.1666666666666667,0.3333333333333333,0.0,0.02,27,28,39,40,3.8435617388525447,3.8435606944253435,3.8435627832797463,0.36823447552355704,0.3682326132557993,2.5286503444581676e-06,True
31,0.1666666666666667,0.3333333333333333,0.0,0.02,29,30,37,38,2.749512257013988,2.7495119973680135,2.7495125166599625,0.01316921886441752,0.013169860529114905,-2.436169798487254e-05,True
31,0.1666666666666667,0.3333333333333333,0.0,0.02,29,30,39,40,3.1593383788320297,3.1593381408937913,3.159338616770268,0.24369510467836863,0.2436956483619353,-1.1154983209586482e-06,True
31,0.1666666666666667,0.3333333333333333,0.0,0.02,31,32,37,38,2.67486334558492,2.674863073659537,2.6748636175103027,0.13502156645892965,0.13502079457121605,2.8583949224226356e-06,True
31,0.1666666666666667,0.3333333333333333,0.0,0.02,31,32,39,40,3.0846894674029617,3.0846892171853146,3.0846897176206083,0.03349403314407687,0.033492464118280094,2.3423015994240206e-05,True
31,0.1666666666666667,0.3333333333333333,0.0,0.02,33,34,37,38,2.4296815639796714,2.42968118560452,2.4296819423548226,1.03866514673104,1.0386604525464456,2.259725002185399e-06,True
31,0.1666666666666667,0.3333333333333333,0.0,0.02,33,34,39,40,2.839507685797713,2.839507329130298,2.8395080424651282,0.9903178534949957,0.9903224300725786,-2.3106556101448522e-06,True
31,0.1666666666666667,0.3333333333333333,0.0,0.02,35,36,37,38,2.3525806292509306,2.3525802257241635,2.3525810327776977,1.4996362264199294,1.499631226418352,1.6670742626523699e-06,True
31,0.1666666666666667,0.3333333333333333,0.0,0.02,35,36,39,40,2.7624067510689723,2.762406369249941,2.7624071328880033,0.7367390047402831,0.7367433229357288,-2.930605521732657e-06,True
32,0.1388888888888889,0.2777777777777777,0.0,0.02,1,2,37,38,15.076431832366012,15.07643168656533,15.076431978166694,0.010153982595186054,0.010153916363901127,3.2613558428846064e-06,True
32,0.1388888888888889,0.2777777777777777,0.0,0.02,1,2,39,40,15.442023875171621,15.442023802344547,15.442023947998695,0.007287341920008733,0.007287400698054383,-4.032870232410952e-06,True
32,0.1388888888888889,0.2777777777777777,0.0,0.02,3,4,37,38,14.925528837813085,14.925528690400535,14.925528985225634,0.006210079291149556,0.00621006872375373,8.508268833643482e-07,True
32,0.1388888888888889,0.2777777777777777,0.0,0.02,3,4,39,40,15.291120880618694,15.291120806179752,15.291120955057636,0.004324952219659951,0.0043249937226765975,-4.79806659178468e-06,True
32,0.1388888888888889,0.2777777777777777,0.0,0.02,5,6,37,38,14.329910814918678,14.329910667476822,14.329910962360534,1.9801823981749882e-05,1.9801632952601433e-05,nan,False
32,0.1388888888888889,0.2777777777777777,0.0,0.02,5,6,39,40,14.695502857724287,14.695502783256039,14.695502932192536,5.1249751916082725e-05,5.1250485030197564e-05,nan,False
32,0.1388888888888889,0.2777777777777777,0.0,0.02,7,8,37,38,14.148130427586706,14.148130281668797,14.148130573504615,4.596885700103291e-05,4.596883434086155e-05,nan,False
32,0.1388888888888889,0.2777777777777777,0.0,0.02,7,8,39,40,14.513722470392315,14.513722397448014,14.513722543336616,8.572602836977633e-05,8.572884816653972e-05,nan,False
32,0.1388888888888889,0.2777777777777777,0.0,0.02,9,10,37,38,6.8610517110682805,6.861051560226851,6.86105186190971,0.01952154501304964,0.0195215216621059,5.980817012129816e-07,True
32,0.1388888888888889,0.2777777777777777,0.0,0.02,9,10,39,40,7.226643753873891,7.226643676006069,7.226643831741711,0.002842723605347954,0.0028427033751491034,3.5582549771801422e-06,True
32,0.1388888888888889,0.2777777777777777,0.0,0.02,11,12,37,38,6.373955930937931,6.373955774088634,6.373956087787228,0.007957602283718513,0.007957717782479959,-7.257080659711248e-06,True
32,0.1388888888888889,0.2777777777777777,0.0,0.02,11,12,39,40,6.739547973743541,6.739547889867851,6.7395480576192295,0.0168085050718638,0.016808390483987815,3.4086394383464517e-06,True
32,0.1388888888888889,0.2777777777777777,0.0,0.02,13,14,37,38,5.404695030803236,5.404694803764466,5.404695257842006,0.26782070078147185,0.26782306705505365,-4.4176255263029925e-06,True
32,0.1388888888888889,0.2777777777777777,0.0,0.02,13,14,39,40,5.770287073608845,5.770286919543683,5.770287227674008,0.005037890492450323,0.005035882108957703,0.00019936756288694478,True
32,0.1388888888888889,0.2777777777777777,0.0,0.02,15,16,37,38,5.3745277787537855,5.374527565782216,5.374527991725355,0.0074751570087740965,0.007473160591661217,0.00013355463579536582,True
32,0.1388888888888889,0.2777777777777777,0.0,0.02,15,16,39,40,5.740119821559396,5.740119681561434,5.740119961557357,0.2347428085486237,0.2347450919310444,-4.863559675052623e-06,True
32,0.1388888888888889,0.2777777777777777,0.0,0.02,17,18,37,38,5.129655796276815,5.129655618971464,5.1296559735821665,0.04359669405610141,0.043596911957110476,-2.4990480269469833e-06,True
32,0.1388888888888889,0.2777777777777777,0.0,0.02,17,18,39,40,5.495247839082424,5.495247734750681,5.495247943414169,0.015581836510075069,0.01558153447416829,9.692016532194159e-06,True
32,0.1388888888888889,0.2777777777777777,0.0,0.02,19,20,37,38,4.774365572986479,4.77436530755597,4.774365838416988,0.016246652323582658,0.016246575369808402,2.368301942232174e-06,True
32,0.1388888888888889,0.2777777777777777,0.0,0.02,19,20,39,40,5.139957615792088,5.139957423335188,5.13995780824899,0.04569099393260738,0.045691142599031585,-1.6268652698269953e-06,True
32,0.1388888888888889,0.2777777777777777,0.0,0.02,21,22,37,38,4.548693642185692,4.548693296220455,4.548693988150929,0.018400687649688934,0.018401227366966318,-1.4665467194841729e-05,True
32,0.1388888888888889,0.2777777777777777,0.0,0.02,21,22,39,40,4.914285684991302,4.914285411999673,4.914285957982932,0.018021019012405683,0.01802145389795493,-1.2065918737795018e-05,True
32,0.1388888888888889,0.2777777777777777,0.0,0.02,23,24,37,38,4.405663371104229,4.405663168741674,4.405663573466784,0.018071995819689827,0.018071547741734115,1.2397178349432231e-05,True
32,0.1388888888888889,0.2777777777777777,0.0,0.02,23,24,39,40,4.771255413909838,4.77125528452089,4.7712555432987855,0.039996250780618366,0.03999642049470099,-2.121620392491848e-06,True
32,0.1388888888888889,0.2777777777777777,0.0,0.02,25,26,37,38,3.5583923914977422,3.5583913561517124,3.5583934268437716,0.14083395034429308,0.14083525033408403,-4.615306848682375e-06,True
32,0.1388888888888889,0.2777777777777777,0.0,0.02,25,26,39,40,3.923984434303352,3.9239834719309297,3.9239853966757736,0.19221206331725868,0.19221069152941855,3.5684355903271234e-06,True
32,0.1388888888888889,0.2777777777777777,0.0,0.02,27,28,37,38,3.5049469227107113,3.5049459530995413,3.5049478923218813,0.07939588054591612,0.07939761625937178,-1.0930633121498034e-05,True
32,0.1388888888888889,0.2777777777777777,0.0,0.02,27,28,39,40,3.870538965516321,3.8705380688787585,3.8705398621538833,0.17735308509157718,0.17735325910232289,-4.905769196122283e-07,True
32,0.1388888888888889,0.2777777777777777,0.0,0.02,29,30,37,38,2.8039435474750665,2.8039433653927275,2.803943729557406,0.028592947044242607,0.02859323619538073,-5.056311188172481e-06,True
32,0.1388888888888889,0.2777777777777777,0.0,0.02,29,30,39,40,3.1695355902806766,3.1695354811719447,3.169535699389408,0.2877524457088781,0.28775176197242297,1.1880650844851283e-06,True
32,0.1388888888888889,0.2777777777777777,0.0,0.02,31,32,37,38,2.6196440398417424,2.6196438475313757,2.6196442321521096,0.04662422496374069,0.046624047541556954,1.902686011972156e-06,True
32,0.1388888888888889,0.2777777777777777,0.0,0.02,31,32,39,40,2.9852360826473525,2.985235963310593,2.9852362019841117,0.1463277906484522,0.1463248740449782,9.96609231984955e-06,True
32,0.1388888888888889,0.2777777777777777,0.0,0.02,33,34,37,38,2.427856154545279,2.4278559717009665,2.4278563373895916,0.9818706650300391,0.9818590818767599,5.898547545786141e-06,True
32,0.1388888888888889,0.2777777777777777,0.0,0.02,33,34,39,40,2.7934481973508887,2.7934480874801837,2.7934483072215937,1.2058161519426314,1.2058226499691966,-2.694444358798721e-06,True
32,0.1388888888888889,0.2777777777777777,0.0,0.02,35,36,37,38,2.372054807212296,2.3720545732278446,2.3720550411967474,1.7844072078309843,1.7844030918687874,1.1533149288420325e-06,True
32,0.1388888888888889,0.2777777777777777,0.0,0.02,35,36,39,40,2.7376468500179056,2.737646689007062,2.7376470110287494,0.49194613583774055,0.4919522707500368,-6.235310734474916e-06,True
33,0.1111111111111111,0.2222222222222222,0.0,0.02,1,2,37,38,15.546236217723553,15.546236089499432,15.546236345947676,0.012422738353394734,0.012422635208806324,4.151460558724355e-06,True
33,0.1111111111111111,0.2222222222222222,0.0,0.02,1,2,39,40,15.833742796356551,15.833742755450697,15.833742837262406,0.00405629840722275,0.004056377492065616,-9.748305472471866e-06,True
33,0.1111111111111111,0.2222222222222222,0.0,0.02,3,4,37,38,15.389312978984535,15.389312850090304,15.389313107878767,0.004441694568423799,0.004441679174128244,1.7329334553055014e-06,True
33,0.1111111111111111,0.2222222222222222,0.0,0.02,3,4,39,40,15.676819557617533,15.676819516041569,15.676819599193497,0.007739523721500122,0.007739502776294404,1.3531345605216317e-06,True
33,0.1111111111111111,0.2222222222222222,0.0,0.02,5,6,37,38,14.683768229770507,14.683768100701466,14.68376835883955,1.1055760792004246e-05,1.1055513098343868e-05,nan,False
33,0.1111111111111111,0.2222222222222222,0.0,0.02,5,6,39,40,14.971274808403505,14.97127476665273,14.97127485015428,0.00035144719711635445,0.00035145126147445306,nan,False
33,0.1111111111111111,0.2222222222222222,0.0,0.02,7,8,37,38,14.482301848849495,14.482301720683646,14.482301977015346,5.845056447188445e-05,5.845046573962902e-05,nan,False
33,0.1111111111111111,0.2222222222222222,0.0,0.02,7,8,39,40,14.769808427482493,14.76980838663491,14.769808468330076,0.00021281179080961856,0.00021282036454833654,nan,False
33,0.1111111111111111,0.2222222222222222,0.0,0.02,9,10,37,38,7.265295274680016,7.265295140832796,7.265295408527235,0.019877393595755292,0.019877400845274548,-1.8235584808494038e-07,True
33,0.1111111111111111,0.2222222222222222,0.0,0.02,9,10,39,40,7.552801853313014,7.5528018067840605,7.552801899841966,0.0063214245098882895,0.006321489382562643,-5.131148950701582e-06,True
33,0.1111111111111111,0.2222222222222222,0.0,0.02,11,12,37,38,6.725772848792715,6.72577271150754,6.725772986077893,0.013240538041586867,0.01324080264566891,-9.992095383985958e-06,True
33,0.1111111111111111,0.2222222222222222,0.0,0.02,11,12,39,40,7.013279427425713,7.0132793774588045,7.013279477392624,0.01939723097858489,0.019396920320923154,8.0078478670418e-06,True
33,0.1111111111111111,0.2222222222222222,0.0,0.02,13,14,37,38,5.325854554655445,5.3258537734526765,5.325855335858214,0.08618323794148042,0.08618506793821494,-1.0616782042287736e-05,True
33,0.1111111111111111,0.2222222222222222,0.0,0.02,13,14,39,40,5.613361133288443,5.613360439403941,5.613361827172945,0.11806159042545139,0.11806005961821175,6.483129519689364e-06,True
33,0.1111111111111111,0.2222222222222222,0.0,0.02,15,16,37,38,5.316731485251847,5.316730723074379,5.316732247429314,0.1725659765472864,0.17256412410180694,5.367383128772537e-06,True
33,0.1111111111111111,0.2222222222222222,0.0,0.02,15,16,39,40,5.604238063884845,5.604237389025644,5.604238738744045,0.0651864736861138,0.06518756764528054,-8.390927791821722e-06,True
33,0.1111111111111111,0.2222222222222222,0.0,0.02,17,18,37,38,5.1290996580687445,5.129099499514854,5.129099816622635,0.021784131466732234,0.021784284982071193,-3.5235464465105037e-06,True
33,0.1111111111111111,0.2222222222222222,0.0,0.02,17,18,39,40,5.4166062367017425,5.41660616546612,5.416606307937366,0.04176961357503488,0.041769398586586466,2.57350958371216e-06,True
33,0.1111111111111111,0.2222222222222222,0.0,0.02,19,20,37,38,4.653831950855569,4.653831750346955,4.653832151364182,0.028175900264289483,0.028175900765118923,-8.887549843495809e-09,True
33,0.1111111111111111,0.2222222222222222,0.0,0.02,19,20,39,40,4.941338529488567,4.94133841629822,4.941338642678913,0.0181176776296722,0.01811719698019659,1.3264830657877357e-05,True
33,0.1111111111111111,0.2222222222222222,0.0,0.02,21,22,37,38,4.283245015129866,4.283244812144759,4.283245218114974,0.034199245556466557,0.03420035111010936,-1.6163160262415627e-05,True
33,0.1111111111111111,0.2222222222222222,0.0,0.02,21,22,39,40,4.570751593762864,4.570751478096025,4.570751709429705,0.045821621719453226,0.04582827081249635,-7.254883622267549e-05,True
33,0.1111111111111111,0.2222222222222222,0.0,0.02,23,24,37,38,4.218043251211602,4.218043094609772,4.2180434078134335,0.007832103898161205,0.007830945076693893,7.398441192211518e-05,True
33,0.1111111111111111,0.2222222222222222,0.0,0.02,23,24,39,40,4.5055498298446,4.5055497605610375,4.505549899128164,0.19646679463649164,0.19646315681732748,9.2581874980368e-06,True
33,0.1111111111111111,0.2222222222222222,0.0,0.02,25,26,37,38,3.891931996687591,3.8919311392379403,3.8919328541372424,0.019062997832993044,0.01906342508979883,-1.1206317640942855e-05,True
33,0.1111111111111111,0.2222222222222222,0.0,0.02,25,26,39,40,4.179438575320589,4.179437805189205,4.179439345451973,0.03174194893547313,0.03174206197816439,-1.7806482236448822e-06,True
33,0.1111111111111111,0.2222222222222222,0.0,0.02,27,28,37,38,3.857383015779589,3.857382218319365,3.8573838132398137,0.014234588950441907,0.01423545799032241,-3.052470838253724e-05,True
33,0.1111111111111111,0.2222222222222222,0.0,0.02,27,28,39,40,4.144889594412588,4.14488888427063,4.144890304554544,0.015956721511375116,0.015956994462520527,-8.552784816245612e-06,True
33,0.1111111111111111,0.2222222222222222,0.0,0.02,29,30,37,38,3.0215297191523653,3.021529573855002,3.021529864449729,0.034910937909223574,0.03491117159976953,-3.346941929990125e-06,True
33,0.1111111111111111,0.2222222222222222,0.0,0.02,29,30,39,40,3.3090362977853633,3.3090362398062667,3.3090363557644595,0.4767634677227206,0.4767616702466084,1.8850851861160965e-06,True
33,0.1111111111111111,0.2222222222222222,0.0,0.02,31,32,37,38,2.7475656851023453,2.747565537386758,2.7475658328179327,0.020708359742707513,0.020708352827020805,1.6697816601650875e-07,True
33,0.1111111111111111,0.2222222222222222,0.0,0.02,31,32,39,40,3.0350722637353433,3.035072203338023,3.0350723241326634,0.3818110391254838,0.38180365158044033,9.674440700781617e-06,True
33,0.1111111111111111,0.2222222222222222,0.0,0.02,33,34,37,38,2.4739720921436743,2.4739719415437005,2.4739722427436486,1.1407628729068817,1.1407502188499814,5.546344198522418e-06,True
33,0.1111111111111111,0.2222222222222222,0.0,0.02,33,34,39,40,2.7614786707766723,2.761478607494965,2.7614787340583793,0.913159002439718,0.9131700900225542,-6.070966553591151e-06,True
33,0.1111111111111111,0.2222222222222222,0.0,0.02,35,36,37,38,2.315272770422503,2.315272619210689,2.3152729216343166,1.4906845274175413,1.4906796992617206,1.6194451444396999e-06,True
33,0.1111111111111111,0.2222222222222222,0.0,0.02,35,36,39,40,2.602779349055501,2.6027792851619536,2.6027794129490474,0.5012897684296648,0.5012903874624124,-6.174396570482965e-07,True
34,0.0833333333333333,0.1666666666666666,0.0,0.02,1,2,37,38,16.050003313074996,16.05000320938754,16.050003416762447,0.012861617445225921,0.012861493221980966,4.829246608684482e-06,True
34,0.0833333333333333,0.1666666666666666,0.0,0.02,1,2,39,40,16.20486251603743,16.20486243737382,16.20486259470104,0.0009542143607135854,0.000954242956492487,nan,False
34,0.0833333333333333,0.1666666666666666,0.0,0.02,3,4,37,38,15.88932686728134,15.88932676338259,15.889326971180093,0.0025040859353382154,0.0025040744915653837,2.285025210099583e-06,True
34,0.0833333333333333,0.1666666666666666,0.0,0.02,3,4,39,40,16.04418607024378,16.044185991368867,16.044186149118687,0.007831091610855842,0.007831000974006942,5.787020374727514e-06,True
34,0.0833333333333333,0.1666666666666666,0.0,0.02,5,6,37,38,15.091283386489582,15.091283282409718,15.091283490569445,5.514558467266763e-06,5.5143311139917676e-06,nan,False
34,0.0833333333333333,0.1666666666666666,0.0,0.02,5,6,39,40,15.246142589452017,15.246142510395995,15.246142668508039,0.0009470766916714927,0.0009470904734886087,nan,False
34,0.0833333333333333,0.1666666666666666,0.0,0.02,7,8,37,38,14.874301855133151,14.87430175156644,14.87430195869986,6.109392038287199e-05,6.109378543063e-05,nan,False
34,0.0833333333333333,0.1666666666666666,0.0,0.02,7,8,39,40,15.029161058095585,15.029160979552717,15.029161136638454,0.000605713910697243,0.0006057332212394393,nan,False
34,0.0833333333333333,0.1666666666666666,0.0,0.02,9,10,37,38,7.763772141982177,7.763772033917816,7.763772250046538,0.01715847903651436,0.017158389655683455,2.6045742024121288e-06,True
34,0.0833333333333333,0.1666666666666666,0.0,0.02,9,10,39,40,7.918631344944613,7.9186312619040935,7.918631427985132,0.006450909236014367,0.006451014656056911,-8.170877725322096e-06,True
34,0.0833333333333333,0.1666666666666666,0.0,0.02,11,12,37,38,7.208331350600379,7.208331240694699,7.208331460506059,0.01058650398672829,0.010586740142043662,-1.1153478131933863e-05,True
34,0.0833333333333333,0.1666666666666666,0.0,0.02,11,12,39,40,7.3631905535628155,7.363190468680977,7.363190638444654,0.01158857530164847,0.011588334151031833,1.0404778822187308e-05,True
34,0.0833333333333333,0.1666666666666666,0.0,0.02,13,14,37,38,5.2804905596018905,5.280489947317671,5.28049117188611,0.04916128597077273,0.04916497945484121,-3.756355489035641e-05,True
34,0.0833333333333333,0.1666666666666666,0.0,0.02,13,14,39,40,5.435349762564327,5.435349175303949,5.435350349824705,0.09487355399973904,0.09487368429115284,-6.866577609793275e-07,True
34,0.0833333333333333,0.1666666666666666,0.0,0.02,15,16,37,38,5.268701338059275,5.2687007359475935,5.268701940170956,0.17621586282435892,0.1762120958118482,1.0688744801291542e-05,True
34,0.0833333333333333,0.1666666666666666,0.0,0.02,15,16,39,40,5.423560541021711,5.423559963933872,5.423561118109551,0.031328022461057974,0.03132751754478243,8.058605440154526e-06,True
34,0.0833333333333333,0.1666666666666666,0.0,0.02,17,18,37,38,5.173941510747364,5.173941347715068,5.173941673779659,0.019428297111191636,0.019428340161430576,-1.107924976564945e-06,True
34,0.0833333333333333,0.1666666666666666,0.0,0.02,17,18,39,40,5.3288007137098,5.328800575701347,5.328800851718253,0.0523665291974191,0.05236648241031582,4.467273742707581e-07,True
34,0.0833333333333333,0.1666666666666666,0.0,0.02,19,20,37,38,4.617494957802514,4.61749480998375,4.617495105621279,0.029006620029200982,0.02900665117794961,-5.369245343501535e-07,True
34,0.0833333333333333,0.1666666666666666,0.0,0.02,19,20,39,40,4.772354160764951,4.772354037970028,4.772354283559873,0.05054495073009812,0.05054477163122097,1.7716823527549893e-06,True
34,0.0833333333333333,0.1666666666666666,0.0,0.02,21,22,37,38,4.362544574244222,4.362543860898693,4.36254528758975,0.0030700260976491817,0.0030702282089490286,-3.291578650572919e-05,True
34,0.0833333333333333,0.1666666666666666,0.0,0.02,21,22,39,40,4.517403777206658,4.517403088884972,4.517404465528345,0.00919826146426122,0.009198453571428632,-1.044247122592053e-05,True
34,0.0833333333333333,0.1666666666666666,0.0,0.02,23,24,37,38,4.336520556688177,4.336519885753383,4.3365212276229705,0.0056956699394569155,0.005696033251159031,-3.189265872152834e-05,True
34,0.0833333333333333,0.1666666666666666,0.0,0.02,23,24,39,40,4.491379759650613,4.491379113739661,4.491380405561565,0.002931470863454114,0.0029315707770798593,-1.7041261493787258e-05,True
34,0.0833333333333333,0.1666666666666666,0.0,0.02,25,26,37,38,4.144600504775255,4.144600244273736,4.144600765276774,0.041143669514637216,0.04114547740061722,-2.1969920065716512e-05,True
34,0.0833333333333333,0.1666666666666666,0.0,0.02,25,26,39,40,4.299459707737691,4.299459472260014,4.299459943215368,0.22639289325796108,0.22641896183268045,-5.7570433340697614e-05,True
34,0.0833333333333333,0.1666666666666666,0.0,0.02,27,28,37,38,4.104889186555168,4.104888856415526,4.104889516694811,0.008006073016890613,0.00800427301562955,0.00011242738023313156,True
34,0.0833333333333333,0.1666666666666666,0.0,0.02,27,28,39,40,4.259748389517604,4.259748084401804,4.259748694633405,0.3700946948028832,0.3700767430765949,2.4253470709101294e-05,True
34,0.0833333333333333,0.1666666666666666,0.0,0.02,29,30,37,38,3.3605995824025063,3.360599466218225,3.3605996985867876,0.029508675770691273,0.029508660114079814,2.6528834661837164e-07,True
34,0.0833333333333333,0.1666666666666666,0.0,0.02,29,30,39,40,3.5154587853649426,3.5154586942045034,3.515458876525382,0.6431686963030685,0.6431645317645812,3.2375269459061734e-06,True
34,0.0833333333333333,0.1666666666666666,0.0,0.02,31,32,37,38,3.033949192646821,3.0339490716932183,3.033949313600423,0.024049308136488385,0.024049294677066495,2.798297892703799e-07,True
34,0.0833333333333333,0.1666666666666666,0.0,0.02,31,32,39,40,3.188808395609257,3.1888082996794966,3.1888084915390174,0.680163175493601,0.6801515119640124,8.574140745616057e-06,True
34,0.0833333333333333,0.1666666666666666,0.0,0.02,33,34,37,38,2.6411133847844805,2.6411132702905915,2.6411134992783696,1.126137273256224,1.126124283877799,5.767260194067639e-06,True
34,0.0833333333333333,0.1666666666666666,0.0,0.02,33,34,39,40,2.795972587746917,2.79597249827687,2.7959726772169633,0.3265529910666387,0.3265577266345043,-7.250788782389552e-06,True
34,0.0833333333333333,0.1666666666666666,0.0,0.02,35,36,37,38,2.3010921090188674,2.3010919911140086,2.3010922269237266,0.9313921902812385,0.9313900989159614,1.1227105224843789e-06,True
34,0.0833333333333333,0.1666666666666666,0.0,0.02,35,36,39,40,2.4559513119813037,2.455951219100287,2.4559514048623208,0.72782192060342,0.7278156660300429,4.296792989230375e-06,True
35,0.0555555555555555,0.111111111111111,0.0,0.02,1,2,37,38,16.529858573454607,16.529858417783014,16.529858729126204,0.0071393564170492,0.007139314484377177,2.9367349603148912e-06,True
35,0.0555555555555555,0.111111111111111,0.0,0.02,1,2,39,40,16.54508133925292,16.545081032167165,16.545081646338673,0.003555035688085905,0.003554951030056509,1.1906918079007212e-05,True
35,0.0555555555555555,0.111111111111111,0.0,0.02,3,4,37,38,16.367038290531948,16.367038134744504,16.36703844631939,0.0015664626767361478,0.0015664981381738833,-1.1318825810621656e-05,True
35,0.0555555555555555,0.111111111111111,0.0,0.02,3,4,39,40,16.382261056330258,16.382260749128655,16.38226136353186,0.0026135712214829256,0.002613454474743216,2.2335214421070375e-05,True
35,0.0555555555555555,0.111111111111111,0.0,0.02,5,6,37,38,15.499279727079811,15.499279571205482,15.499279882954138,0.0009857549072486691,0.0009857906867574066,-1.814794892205017e-05,True
35,0.0555555555555555,0.111111111111111,0.0,0.02,5,6,39,40,15.514502492878123,15.514502185589636,15.514502800166607,0.0011957977659327029,0.0011957798517824635,7.49051592835362e-06,True
35,0.0555555555555555,0.111111111111111,0.0,0.02,7,8,37,38,15.27112549927692,15.27112534369221,15.271125654861628,0.0004086004655865668,0.0004086357066988208,nan,False
35,0.0555555555555555,0.111111111111111,0.0,0.02,7,8,39,40,15.28634826507523,15.286347958076364,15.286348572074097,0.0009417645535515519,0.0009417549981380589,5.073169261469509e-06,True
35,0.0555555555555555,0.111111111111111,0.0,0.02,9,10,37,38,8.25965246006931,8.25965230153046,8.259652618608158,0.010890783113989794,0.010890660948252171,5.608706992711352e-06,True
35,0.0555555555555555,0.111111111111111,0.0,0.02,9,10,39,40,8.274875225867621,8.274874915914614,8.274875535820627,0.004595515927268912,0.004595564435993939,-5.277804470113674e-06,True
35,0.0555555555555555,0.111111111111111,0.0,0.02,11,12,37,38,7.699924499370837,7.699924339818313,7.69992465892336,0.002160716652944146,0.00216075327827482,-8.475202016218408e-06,True
35,0.0555555555555555,0.111111111111111,0.0,0.02,11,12,39,40,7.715147265169148,7.715146954202467,7.715147576135829,0.006072250540020123,0.0060721991122142036,4.234675707165079e-06,True
35,0.0555555555555555,0.111111111111111,0.0,0.02,13,14,37,38,5.291382963343683,5.29138244170627,5.291383484981097,0.048020813847751344,0.04802277213922888,-2.038961225165386e-05,True
35,0.0555555555555555,0.111111111111111,0.0,0.02,13,14,39,40,5.306605729141994,5.306605056090422,5.306606402193566,0.020035112114341513,0.020037554100336082,-6.0938944803107114e-05,True
35,0.0555555555555555,0.111111111111111,0.0,0.02,15,16,37,38,5.278288126273484,5.278287482734351,5.278288769812617,0.05195916662406311,0.05195789757808631,1.2212103820872727e-05,True
35,0.0555555555555555,0.111111111111111,0.0,0.02,15,16,39,40,5.2935108920717955,5.293510097118504,5.293511687025086,0.081787484793275,0.0817841565535227,2.034729079499692e-05,True
35,0.0555555555555555,0.111111111111111,0.0,0.02,17,18,37,38,5.239365227347873,5.239364877398128,5.239365577297619,0.03256146548535749,0.03256172786362734,-4.028952764152244e-06,True
35,0.0555555555555555,0.111111111111111,0.0,0.02,17,18,39,40,5.254587993146185,5.254587491782281,5.254588494510088,0.02615005431173246,0.0261494372971432,1.1797716770864542e-05,True
35,0.0555555555555555,0.111111111111111,0.0,0.02,19,20,37,38,4.835047710386093,4.83504703582849,4.835048384943697,0.002176725146166266,0.0021771350220038156,-9.414079040616432e-05,True
35,0.0555555555555555,0.111111111111111,0.0,0.02,19,20,39,40,4.850270476184404,4.850269650212643,4.850271302156166,0.005703957063233308,0.0057044610003838935,-4.4172395136214035e-05,True
35,0.0555555555555555,0.111111111111111,0.0,0.02,21,22,37,38,4.821331575989854,4.821330946207745,4.821332205771962,0.007772563142890302,0.007772469254767295,6.039750873803057e-06,True
35,0.0555555555555555,0.111111111111111,0.0,0.02,21,22,39,40,4.8365543417881645,4.836553560591898,4.836555122984431,0.0037758735005503216,0.0037756774994715304,2.5955075823578415e-05,True
35,0.0555555555555555,0.111111111111111,0.0,0.02,23,24,37,38,4.582736954601549,4.582736738167348,4.582737171035749,0.20082259662963226,0.20082420302913556,-3.999532685611896e-06,True
35,0.0555555555555555,0.111111111111111,0.0,0.02,23,24,39,40,4.59795972039986,4.597959352551501,4.597960088248218,0.07817475452426906,0.07817428330562834,3.0138889708499494e-06,True
35,0.0555555555555555,0.111111111111111,0.0,0.02,25,26,37,38,4.152019797590867,4.152019316616322,4.152020278565412,0.5305693806267947,0.5306085744316111,-3.693424333741598e-05,True
35,0.0555555555555555,0.111111111111111,0.0,0.02,25,26,39,40,4.167242563389178,4.167241931000476,4.167243195777881,0.46619197587125427,0.4662142293859379,-2.3866759528335406e-05,True
35,0.0555555555555555,0.111111111111111,0.0,0.02,27,28,37,38,4.121447094320412,4.121446552988731,4.121447635652093,0.0696697141251915,0.06965634416075583,9.596169302535933e-05,True
35,0.0555555555555555,0.111111111111111,0.0,0.02,27,28,39,40,4.136669860118722,4.136669167372885,4.136670552864562,0.3407004802259345,0.3406658277587457,5.085732414815947e-05,True
35,0.0555555555555555,0.111111111111111,0.0,0.02,29,30,37,38,3.7567177045977935,3.756717511072659,3.756717898122928,0.08604315074672093,0.08603108665519428,7.010980672531034e-05,True
35,0.0555555555555555,0.111111111111111,0.0,0.02,29,30,39,40,3.7719404703961046,3.771940125456812,3.7719408153353973,0.6259491718195962,0.625960146311444,-8.766203501241485e-06,True
35,0.0555555555555555,0.111111111111111,0.0,0.02,31,32,37,38,3.4392831479008654,3.43928296416494,3.4392833316367906,0.485134444903443,0.48511761120240315,1.7349822588775595e-05,True
35,0.0555555555555555,0.111111111111111,0.0,0.02,31,32,39,40,3.454505913699176,3.454505578549093,3.4545062488492597,0.5829168121327962,0.582926767811879,-8.539463830360825e-06,True
35,0.0555555555555555,0.111111111111111,0.0,0.02,33,34,37,38,2.9019135870549877,2.901913425156529,2.9019137489534463,0.4831221259778732,0.4831199949319288,2.2054989099100493e-06,True
35,0.0555555555555555,0.111111111111111,0.0,0.02,33,34,39,40,2.9171363528532988,2.917136039540682,2.9171366661659155,0.3518973010938914,0.3518904571672258,9.724418456100114e-06,True
35,0.0555555555555555,0.111111111111111,0.0,0.02,35,36,37,38,2.3827589405300897,2.382758777357296,2.3827591037028832,0.6390206928500469,0.6390218150960163,-8.780975299323983e-07,True
35,0.0555555555555555,0.111111111111111,0.0,0.02,35,36,39,40,2.397981706328401,2.3979813917414488,2.3979820209153524,0.24118852917427458,0.24117305276463075,3.208466474801744e-05,True
36,0.0277777777777778,0.0555555555555556,0.0,0.02,1,2,37,38,16.771037518576936,16.77103692854693,16.77103810860694,5.407485779995742e-05,5.407040588399358e-05,nan,False
36,0.0277777777777778,0.0555555555555556,0.0,0.02,1,2,39,40,16.78727697751822,16.787276699401055,16.787277255635388,0.0001980537961629031,0.0001980575815408912,nan,False
36,0.0277777777777778,0.0555555555555556,0.0,0.02,3,4,37,38,16.60712424089741,16.607123650811634,16.60712483098318,0.00031260108667769315,0.00031262058944725603,nan,False
36,0.0277777777777778,0.0555555555555556,0.0,0.02,3,4,39,40,16.62336369983869,16.623363421665758,16.62336397801163,0.0007418150446512244,0.0007417883467908038,nan,False
36,0.0277777777777778,0.0555555555555556,0.0,0.02,5,6,37,38,15.696118472941317,15.696117882799776,15.696119063082858,0.0010526470142888187,0.0010526484082398957,nan,False
36,0.0277777777777778,0.0555555555555556,0.0,0.02,5,6,39,40,15.712357931882602,15.7123576536539,15.712358210111304,0.0025632264366458263,0.0025632309575850266,-8.818836971800176e-07,True
36,0.0277777777777778,0.0555555555555556,0.0,0.02,7,8,37,38,15.461232239530014,15.461231649527893,15.461232829532136,0.00210557633579292,0.002105652685141088,-1.812994443863742e-05,True
36,0.0277777777777778,0.0555555555555556,0.0,0.02,7,8,39,40,15.4774716984713,15.477471420382017,15.477471976560583,0.0006439015458211324,0.000643836636552097,nan,False
36,0.0277777777777778,0.0555555555555556,0.0,0.02,9,10,37,38,8.517298595623,8.5172980041709,8.5172991870751,0.0002786553142693714,0.0002786514942255117,nan,False
36,0.0277777777777778,0.0555555555555556,0.0,0.02,9,10,39,40,8.533538054564286,8.533537775025023,8.533538334103548,0.00038434858456378644,0.00038435777127726427,nan,False
36,0.0277777777777778,0.0555555555555556,0.0,0.02,11,12,37,38,7.956827787108828,7.956827195210581,7.956828379007075,0.0002266493170149598,0.00022666882612306781,nan,False
36,0.0277777777777778,0.0555555555555556,0.0,0.02,11,12,39,40,7.973067246050113,7.973066966064703,7.973067526035523,0.0010132990419463768,0.0010132665355098653,nan,False
36,0.0277777777777778,0.0555555555555556,0.0,0.02,13,14,37,38,5.217949552781169,5.217948789311342,5.217950316250995,0.01733430908929181,0.017335132857572648,-2.3760644376718796e-05,True
36,0.0277777777777778,0.0555555555555556,0.0,0.02,13,14,39,40,5.234189011722454,5.234188560165465,5.234189463279443,0.043571721059779876,0.043571465621070476,2.9312527935805945e-06,True
36,0.0277777777777778,0.0555555555555556,0.0,0.02,15,16,37,38,5.203048718835548,5.203047798042976,5.20304963962812,0.007810441572415064,0.0078092143685163035,7.856792130384312e-05,True
36,0.0277777777777778,0.0555555555555556,0.0,0.02,15,16,39,40,5.219288177776834,5.219287568897099,5.219288786656568,0.0024536474561474156,0.0024544754494141225,-0.0001686985600480026,True
36,0.0277777777777778,0.0555555555555556,0.0,0.02,17,18,37,38,5.183417398102469,5.1834166146396585,5.183418181565278,0.021685114247257553,0.021685384043537717,-6.220732774501051e-06,True
36,0.0277777777777778,0.0555555555555556,0.0,0.02,17,18,39,40,5.199656857043753,5.199656385493781,5.199657328593726,0.05300769082044264,0.05300685508123376,7.883250376362115e-06,True
36,0.0277777777777778,0.0555555555555556,0.0,0.02,19,20,37,38,5.068346542132277,5.068345459694906,5.068347624569647,0.0036040183877490205,0.0036042049773364363,-2.588565558604593e-05,True
36,0.0277777777777778,0.0555555555555556,0.0,0.02,19,20,39,40,5.0845860010735615,5.0845852305490284,5.084586771598095,0.0026145579066963872,0.0026144197889438293,2.6413911207363675e-05,True
36,0.0277777777777778,0.0555555555555556,0.0,0.02,21,22,37,38,5.061846855674588,5.061845800089717,5.061847911259458,0.000871699541743119,0.0008716048358305939,nan,False
36,0.0277777777777778,0.0555555555555556,0.0,0.02,21,22,39,40,5.078086314615873,5.0780855709438395,5.078087058287906,0.005388251207126663,0.005388272099469779,-1.938690477582732e-06,True
36,0.0277777777777778,0.0555555555555556,0.0,0.02,23,24,37,38,4.370811631617293,4.370810945107902,4.370812318126684,0.06794013908444338,0.06794455548525799,-3.250109093298539e-05,True
36,0.0277777777777778,0.0555555555555556,0.0,0.02,23,24,39,40,4.387051090558578,4.387050715962024,4.387051465155132,0.37935287884667435,0.3793525070813036,4.899996463199828e-07,True
36,0.0277777777777778,0.0555555555555556,0.0,0.02,25,26,37,38,4.108716441972616,4.108715474669173,4.1087174092760606,0.5669709272349754,0.5670384877325051,-5.95766636836856e-05,True
36,0.0277777777777778,0.0555555555555556,0.0,0.02,25,26,39,40,4.124955900913902,4.124955245523296,4.124956556304507,0.6898389188575673,0.6898178325828241,1.5283710764406887e-05,True
36,0.0277777777777778,0.0555555555555556,0.0,0.02,27,28,37,38,4.094067879649552,4.094066781234526,4.094068978064579,0.4085248021525114,0.4084953462441601,3.605285427672647e-05,True
36,0.0277777777777778,0.0555555555555556,0.0,0.02,27,28,39,40,4.110307338590838,4.110306552088648,4.110308125093026,0.3706915725008076,0.37069680147758555,-7.052952219766632e-06,True
36,0.0277777777777778,0.0555555555555556,0.0,0.02,29,30,37,38,3.969792953825023,3.969792260762841,3.969793646887205,1.3189922383889918,1.3189433384003275,1.8537218685160355e-05,True
36,0.0277777777777778,0.0555555555555556,0.0,0.02,29,30,39,40,3.986032412766308,3.9860320316169635,3.9860327939156526,0.3728480476124968,0.3728986398111211,-6.784099678549559e-05,True
36,0.0277777777777778,0.0555555555555556,0.0,0.02,31,32,37,38,3.7611192759414003,3.7611186073336755,3.7611199445491255,0.5006655940819741,0.5006630701228312,2.5206100984961183e-06,True
36,0.0277777777777778,0.0555555555555556,0.0,0.02,31,32,39,40,3.777358734882686,3.777358378187798,3.777359091577573,0.805870976051386,0.8058645960829152,3.958446150326848e-06,True
36,0.0277777777777778,0.0555555555555556,0.0,0.02,33,34,37,38,3.02751092151557,3.0275103264942906,3.0275115165368494,0.023237203958145988,0.02323446660089049,5.890378423175473e-05,True
36,0.0277777777777778,0.0555555555555556,0.0,0.02,33,34,39,40,3.043750380456855,3.043750097348413,3.043750663565297,0.07101769264828706,0.07101979066821883,-1.4770889224328391e-05,True
36,0.0277777777777778,0.0555555555555556,0.0,0.02,35,36,37,38,2.388096354299944,2.3880957604498017,2.3880969481500864,0.45067621422229276,0.4506834356302996,-8.01168324767279e-06,True
36,0.0277777777777778,0.0555555555555556,0.0,0.02,35,36,39,40,2.404335813241229,2.404335531303924,2.404336095178534,0.27094572184115073,0.2709341939281303,2.1273925615203087e-05,True
37,0.0,0.0,0.0,0.02,1,2,37,38,16.824873098321692,16.824873098174308,16.824873098469077,6.942359062152457e-14,7.065263980276012e-14,nan,False
37,0.0,0.0,0.0,0.02,1,2,39,40,16.852920094968777,16.852920094821393,16.85292009511616,2.752850468098447e-06,2.7528490811264635e-06,nan,False
37,0.0,0.0,0.0,0.02,3,4,37,38,16.6606335940898,16.66063359397189,16.660633594207706,0.0003991601857370423,0.0003991601306227502,nan,False
37,0.0,0.0,0.0,0.02,3,4,39,40,16.688680590736883,16.688680590618976,16.68868059085479,2.1874186592325235e-12,2.1769220372917572e-12,nan,False
37,0.0,0.0,0.0,0.02,5,6,37,38,15.734975931832267,15.734975931743836,15.734975931920697,6.141572881042792e-13,6.12843574015618e-13,nan,False
37,0.0,0.0,0.0,0.02,5,6,39,40,15.763022928479351,15.763022928390921,15.763022928567782,0.0032485262083272086,0.003248526280432527,-1.1098158490903674e-08,True
37,0.0,0.0,0.0,0.02,7,8,37,38,15.497837454915501,15.497837454856548,15.497837454974455,0.0029205823310309584,0.002920583679512884,-2.3085834627554837e-07,True
37,0.0,0.0,0.0,0.02,7,8,39,40,15.525884451562586,15.525884451503632,15.52588445162154,3.3892602213649315e-12,3.4176030378741692e-12,nan,False
37,0.0,0.0,0.0,0.02,9,10,37,38,8.577682762501201,8.577682762383294,8.577682762619109,5.436832219607206e-14,5.547524017230799e-14,nan,False
37,0.0,0.0,0.0,0.02,9,10,39,40,8.60572975914829,8.605729759030382,8.605729759266197,2.5998557319249267e-05,2.599826361332009e-05,nan,False
37,0.0,0.0,0.0,0.02,11,12,37,38,8.017213859244027,8.017213859096643,8.017213859391411,0.000296339133517334,0.0002963395469980722,nan,False
37,0.0,0.0,0.0,0.02,11,12,39,40,8.045260855891115,8.04526085574373,8.0452608560385,2.628460166376881e-12,2.531618548851625e-12,nan,False
37,0.0,0.0,0.0,0.02,13,14,37,38,5.173458828306366,5.173458823501636,5.173458833111095,2.2774906965364017e-13,2.66198346552728e-13,nan,False
37,0.0,0.0,0.0,0.02,13,14,39,40,5.201505824953452,5.201505820148722,5.201505829758181,0.003408405036789071,0.0034084114341272234,-9.384641906627961e-07,True
37,0.0,0.0,0.0,0.02,15,16,37,38,5.166023028142249,5.166023023249089,5.166023033035408,0.003938812620268656,0.00393881628083505,-4.6467870475105047e-07,True
37,0.0,0.0,0.0,0.02,15,16,39,40,5.194070024789335,5.194070019896175,5.194070029682495,8.212739243425925e-11,7.779092330169728e-11,nan,False
37,0.0,0.0,0.0,0.02,17,18,37,38,5.14846981938142,5.148469819234036,5.148469819528804,5.2493757014809356e-12,6.113938180970734e-12,nan,False
37,0.0,0.0,0.0,0.02,17,18,39,40,5.176516816028506,5.176516815881122,5.176516816175891,0.09331365985309106,0.09331367121836005,-6.089820244744634e-08,True
37,0.0,0.0,0.0,0.02,19,20,37,38,5.094927296689526,5.094927296571618,5.094927296807433,0.00011750292539058488,0.00011750420703975903,nan,False
37,0.0,0.0,0.0,0.02,19,20,39,40,5.122974293336612,5.122974293218705,5.1229742934545195,5.410993777726518e-12,6.511579509687929e-12,nan,False
37,0.0,0.0,0.0,0.02,21,22,37,38,5.080086742428715,5.080086742340284,5.080086742517145,1.0406764403763167e-11,1.1225509320582576e-11,nan,False
37,0.0,0.0,0.0,0.02,21,22,39,40,5.108133739075801,5.10813373898737,5.108133739164232,0.04638723145489335,0.0463871969905353,3.7148553359402616e-07,True
37,0.0,0.0,0.0,0.02,23,24,37,38,4.1135832543213855,4.113583254174001,4.11358325446877,9.95717477617118e-10,9.155857515276099e-10,nan,False
37,0.0,0.0,0.0,0.02,23,24,39,40,4.141630250968472,4.141630250821088,4.141630251115856,0.0003584450509417609,0.00035841110681870026,nan,False
37,0.0,0.0,0.0,0.02,25,26,37,38,4.0952429476406165,4.095242947552186,4.095242947729047,0.033564226136924516,0.03356498688826645,-1.1332642044381769e-05,True
37,0.0,0.0,0.0,0.02,25,26,39,40,4.123289944287703,4.123289944199272,4.1232899443761335,3.396958690081191e-09,3.2845845497302316e-09,nan,False
37,0.0,0.0,0.0,0.02,27,30,37,38,4.0278812225182055,4.026950552582903,4.028811885821215,0.2458193806576,0.24581965999587546,-5.681775700396594e-07,True
37,0.0,0.0,0.0,0.02,27,30,39,40,4.055928219165292,4.05499754922999,4.056858882468301,2.5931097000193337,2.5931106041958527,-1.743420961610522e-07,True
37,0.0,0.0,0.0,0.02,31,32,37,38,4.000147880555433,4.0001478741,4.000147887010867,2.405266495847245,2.405265678679795,1.6987048844164274e-07,True
37,0.0,0.0,0.0,0.02,31,32,39,40,4.02819487720252,4.028194870747086,4.028194883657953,1.970032849471631e-12,1.3384734166292876e-12,nan,False
37,0.0,0.0,0.0,0.02,33,34,37,38,3.046118323384261,3.0461183232663536,3.0461183235021685,2.3529765815065814e-11,2.378982426721089e-11,nan,False
37,0.0,0.0,0.0,0.02,33,34,39,40,3.0741653200313475,3.07416531991344,3.074165320149255,0.043946482453631835,0.04394650072297537,-2.0785895389716882e-07,True
37,0.0,0.0,0.0,0.02,35,36,37,38,2.366393884064529,2.3663938840350522,2.366393884094006,0.5407947874934491,0.5407947830555642,4.1031136664561795e-09,True
37,0.0,0.0,0.0,0.02,35,36,39,40,2.3944408807116155,2.3944408806821387,2.3944408807410924,9.976246019324055e-10,9.965354785677604e-10,nan,False
38,-0.0277777777777778,-0.0555555555555556,0.0,0.02,1,2,37,38,16.771037518619636,16.771036928150384,16.771038109088884,5.4070461143341234e-05,5.4074843535803115e-05,nan,False
38,-0.0277777777777778,-0.0555555555555556,0.0,0.02,1,2,39,40,16.787276977408162,16.787276699010164,16.78727725580616,0.00019805759132127967,0.0001980539842840941,nan,False
38,-0.0277777777777778,-0.0555555555555556,0.0,0.02,3,4,37,38,16.607124240933068,16.607123650549646,16.60712483131649,0.00031262062495723673,0.0003126012514784381,nan,False
38,-0.0277777777777778,-0.0555555555555556,0.0,0.02,3,4,39,40,16.623363699721594,16.623363421409426,16.623363978033765,0.0007417888720897841,0.0007418151563216673,nan,False
38,-0.0277777777777778,-0.0555555555555556,0.0,0.02,5,6,37,38,15.696118472999554,15.696117882616132,15.696119063382977,0.001052648456960545,0.001052647059055183,nan,False
38,-0.0277777777777778,-0.0555555555555556,0.0,0.02,5,6,39,40,15.71235793178808,15.71235765347591,15.712358210100252,0.0025632313408719297,0.002563226429076869,9.581265039023667e-07,True
38,-0.0277777777777778,-0.0555555555555556,0.0,0.02,7,8,37,38,15.461232239606783,15.461231649223361,15.461232829990205,0.0021056535160687627,0.0021055764345194556,1.83038091511184e-05,True
38,-0.0277777777777778,-0.0555555555555556,0.0,0.02,7,8,39,40,15.47747169839531,15.47747142008314,15.47747197670748,0.000643836709423956,0.0006439014336374378,nan,False
38,-0.0277777777777778,-0.0555555555555556,0.0,0.02,9,10,37,38,8.517298595699444,8.51729800394277,8.517299187456118,0.00027864824406687846,0.0002786551057250321,nan,False
38,-0.0277777777777778,-0.0555555555555556,0.0,0.02,9,10,39,40,8.53353805448797,8.53353777480255,8.53353833417339,0.0003843550493546236,0.0003843491570477525,nan,False
38,-0.0277777777777778,-0.0555555555555556,0.0,0.02,11,12,37,38,7.956827787177955,7.956827194906314,7.956828379449599,0.00022667021525684666,0.00022664849892287527,nan,False
38,-0.0277777777777778,-0.0555555555555556,0.0,0.02,11,12,39,40,7.973067245966482,7.973066965766092,7.973067526166872,0.001013265908206165,0.0010132991999108282,nan,False
38,-0.0277777777777778,-0.0555555555555556,0.0,0.02,13,14,37,38,5.217949552802491,5.2179487885025715,5.217950317102409,0.01733514659334963,0.01733427719427323,2.5076825093005202e-05,True
38,-0.0277777777777778,-0.0555555555555556,0.0,0.02,13,14,39,40,5.234189011591017,5.23418855936235,5.234189463819683,0.043571455844441075,0.04357164499897734,-2.1706197556966763e-06,True
38,-0.0277777777777778,-0.0555555555555556,0.0,0.02,15,16,37,38,5.20304871910305,5.203047798681677,5.203049639524423,0.007809235100429619,0.007810444930827471,-7.745551736215393e-05,True
38,-0.0277777777777778,-0.0555555555555556,0.0,0.02,15,16,39,40,5.219288177891577,5.219287569541455,5.219288786241696,0.0024544798161682175,0.002453629400143972,0.0001732675429102552,True
38,-0.0277777777777778,-0.0555555555555556,0.0,0.02,17,18,37,38,5.183417398066332,5.183416614941432,5.183418181191231,0.02168537865121782,0.021685108371574842,6.231879361580656e-06,True
38,-0.0277777777777778,-0.0555555555555556,0.0,0.02,17,18,39,40,5.199656856854858,5.199656385801211,5.199657327908505,0.05300683097175536,0.0530076999412597,-8.196701875255213e-06,True
38,-0.0277777777777778,-0.0555555555555556,0.0,0.02,19,20,37,38,5.0683465421787,5.068345459284587,5.068347625072814,0.0036041984827698903,0.00360399588073934,2.8107181956134862e-05,True
38,-0.0277777777777778,-0.0555555555555556,0.0,0.02,19,20,39,40,5.084586000967227,5.084585230144366,5.084586771790088,0.00261440741038241,0.002614549944056468,-2.725852677626517e-05,True
38,-0.0277777777777778,-0.0555555555555556,0.0,0.02,21,22,37,38,5.061846855735645,5.061845799848799,5.0618479116224915,0.0008715983313383215,0.0008716955795248471,nan,False
38,-0.0277777777777778,-0.0555555555555556,0.0,0.02,21,22,39,40,5.078086314524171,5.078085570708577,5.078087058339765,0.005388267558643043,0.005388257472335511,9.359517565493259e-07,True
38,-0.0277777777777778,-0.0555555555555556,0.0,0.02,23,24,37,38,4.370811631667918,4.370810942124341,4.370812321211494,0.06794457691281766,0.06793986684736047,3.466228603400036e-05,True
38,-0.0277777777777778,-0.0555555555555556,0.0,0.02,23,24,39,40,4.387051090456444,4.38705071298412,4.387051467928767,0.3793523615880816,0.379353050776567,-9.08374283563019e-07,True
38,-0.0277777777777778,-0.0555555555555556,0.0,0.02,25,26,37,38,4.108716441959159,4.10871547381732,4.108717410101,0.5670388765219916,0.5669725191882393,5.851557929954078e-05,True
38,-0.0277777777777778,-0.0555555555555556,0.0,0.02,25,26,39,40,4.124955900747686,4.124955244677098,4.124956556818273,0.6898178876313195,0.6898375567340084,-1.4256532505448193e-05,True
38,-0.0277777777777778,-0.0555555555555556,0.0,0.02,27,28,37,38,4.094067879731117,4.094066780672698,4.094068978789537,0.4084958080464193,0.4085250570851301,-3.579962270132707e-05,True
38,-0.0277777777777778,-0.0555555555555556,0.0,0.02,27,28,39,40,4.110307338519643,4.110306551532476,4.11030812550681,0.3706953684398384,0.3706909074594368,6.0170798228246995e-06,True
38,-0.0277777777777778,-0.0555555555555556,0.0,0.02,29,30,37,38,3.9697929539028234,3.9697922675062802,3.9697936402993665,1.3189435976644652,1.3189921870782975,-1.841948318577899e-05,True
38,-0.0277777777777778,-0.0555555555555556,0.0,0.02,29,30,39,40,3.9860324126913502,3.9860320383660595,3.98603278701664,0.3728991582538149,0.3728487457375129,6.759994367022326e-05,True
38,-0.0277777777777778,-0.0555555555555556,0.0,0.02,31,32,37,38,3.7611192759731225,3.7611186057408856,3.7611199462053593,0.5006651051843103,0.5006656662870691,-5.603570516333936e-07,True
38,-0.0277777777777778,-0.0555555555555556,0.0,0.02,31,32,39,40,3.7773587347616484,3.777358376600664,3.777359092922633,0.8058631475060667,0.805872588025392,-5.8573617976918085e-06,True
38,-0.0277777777777778,-0.0555555555555556,0.0,0.02,33,34,37,38,3.0275109215933504,3.027510326346331,3.0275115168403692,0.023234477917423783,0.023237201201389498,-5.860093754634021e-05,True
38,-0.0277777777777778,-0.0555555555555556,0.0,0.02,33,34,39,40,3.043750380381877,3.04375009720611,3.043750663557643,0.0710198074409164,0.07101773093309365,1.4619429810814413e-05,True
38,-0.0277777777777778,-0.0555555555555556,0.0,0.02,35,36,37,38,2.38809635439254,2.3880957604901627,2.3880969482949177,0.4506837148100385,0.45067621059502627,8.325436710367857e-06,True
38,-0.0277777777777778,-0.0555555555555556,0.0,0.02,35,36,39,40,2.4043358131810666,2.4043355313499415,2.4043360950121913,0.2709344104952469,0.27094589582024314,-2.1195317235874935e-05,True
39,-0.0555555555555556,-0.1111111111111111,0.0,0.02,1,2,37,38,16.529858573497137,16.529858420240178,16.529858726754092,0.007139312178811066,0.0071393562320326755,-3.0852471912727322e-06,True
39,-0.0555555555555556,-0.1111111111111111,0.0,0.02,1,2,39,40,16.54508133888622,16.545081031971318,16.54508164580112,0.003554951014745188,0.003555035409903171,-1.1869946430643653e-05,True
39,-0.0555555555555556,-0.1111111111111111,0.0,0.02,3,4,37,38,16.367038290564544,16.367038137441245,16.36703844368784,0.0015664976378420433,0.0015664623822128285,1.1253137285242477e-05,True
39,-0.0555555555555556,-0.1111111111111111,0.0,0.02,3,4,39,40,16.382261055953627,16.382260749172385,16.382261362734866,0.0026134542521055394,0.0026135703766269644,-2.2216180269482676e-05,True
39,-0.0555555555555556,-0.1111111111111111,0.0,0.02,5,6,37,38,15.499279727158775,15.499279573982015,15.499279880335536,0.000985790899855359,0.0009857547109035777,1.835562493899915e-05,True
39,-0.0555555555555556,-0.1111111111111111,0.0,0.02,5,6,39,40,15.514502492547859,15.514502185713155,15.514502799382562,0.001195779697640122,0.0011957977687537902,-7.556148158327187e-06,True
39,-0.0555555555555556,-0.1111111111111111,0.0,0.02,7,8,37,38,15.271125499351387,15.271125346201359,15.271125652501414,0.00040863571466534835,0.00040860051936599494,nan,False
39,-0.0555555555555556,-0.1111111111111111,0.0,0.02,7,8,39,40,15.28634826474047,15.286347957932499,15.28634857154844,0.0009417548922505946,0.000941764241945946,-4.963950289448557e-06,True
39,-0.0555555555555556,-0.1111111111111111,0.0,0.02,9,10,37,38,8.259652460107574,8.259652304177376,8.259652616037773,0.010890634181498153,0.010890766020046704,-6.052804104904483e-06,True
39,-0.0555555555555556,-0.1111111111111111,0.0,0.02,9,10,39,40,8.27487522549666,8.274874915908516,8.274875535084801,0.004595552606289439,0.00459551397836693,4.202768215558486e-06,True
39,-0.0555555555555556,-0.1111111111111111,0.0,0.02,11,12,37,38,7.6999244994179135,7.69992434233822,7.699924656497607,0.0021607559068865263,0.0021607241175583386,7.356120590119698e-06,True
39,-0.0555555555555556,-0.1111111111111111,0.0,0.02,11,12,39,40,7.715147264806998,7.71514695406936,7.715147575544634,0.006072194540681999,0.006072256390711281,-5.0928633687594956e-06,True
39,-0.0555555555555556,-0.1111111111111111,0.0,0.02,13,14,37,38,5.291382963250506,5.291382443973268,5.291383482527742,0.048022797002851794,0.04802080068674908,2.078551981329731e-05,True
39,-0.0555555555555556,-0.1111111111111111,0.0,0.02,13,14,39,40,5.306605728639589,5.306605055704408,5.306606401574769,0.020037539854773613,0.020035089115524016,6.115743619948541e-05,True
39,-0.0555555555555556,-0.1111111111111111,0.0,0.02,15,16,37,38,5.27828812655217,5.278287485562231,5.27828876754211,0.05195785530338921,0.05195917421987898,-1.2692014925982792e-05,True
39,-0.0555555555555556,-0.1111111111111111,0.0,0.02,15,16,39,40,5.293510891941255,5.293510097293371,5.293511686589137,0.08178416526006826,0.08178751970229124,-2.050747489548359e-05,True
39,-0.0555555555555556,-0.1111111111111111,0.0,0.02,17,18,37,38,5.239365227330679,5.239364880103291,5.239365574558067,0.032561820861055954,0.03256149803335803,4.95717514711656e-06,True
39,-0.0555555555555556,-0.1111111111111111,0.0,0.02,17,18,39,40,5.254587992719763,5.254587491834431,5.254588493605095,0.026149433115783927,0.026150053644869137,-1.1864917299270847e-05,True
39,-0.0555555555555556,-0.1111111111111111,0.0,0.02,19,20,37,38,4.835047710470944,4.835047038337737,4.8350483826041515,0.002177118693091404,0.0021767343327403622,8.82805066596203e-05,True
39,-0.0555555555555556,-0.1111111111111111,0.0,0.02,19,20,39,40,4.850270475860028,4.850269650068877,4.850271301651179,0.005704479110699632,0.005703969321914585,4.4685198697971464e-05,True
39,-0.0555555555555556,-0.1111111111111111,0.0,0.02,21,22,37,38,4.821331576055604,4.821330948859593,4.821332203251615,0.007772432730842549,0.007772552350883783,-7.695088840897822e-06,True
39,-0.0555555555555556,-0.1111111111111111,0.0,0.02,21,22,39,40,4.836554341444687,4.836553560590733,4.836555122298642,0.0037756458736919614,0.0037758579494054935,-2.8083904676500832e-05,True
39,-0.0555555555555556,-0.1111111111111111,0.0,0.02,23,24,37,38,4.582736954637875,4.582736737650832,4.582737171624919,0.20082395174479528,0.20082269994713112,3.116664010247428e-06,True
39,-0.0555555555555556,-0.1111111111111111,0.0,0.02,23,24,39,40,4.597959720026958,4.597959349381972,4.597960090671946,0.07817423016982344,0.07817483497298543,-3.868287676873608e-06,True
39,-0.0555555555555556,-0.1111111111111111,0.0,0.02,25,26,37,38,4.152019797645004,4.152019319535693,4.152020275754316,0.5306086832826873,0.5305698378644802,3.660592203194663e-05,True
39,-0.0555555555555556,-0.1111111111111111,0.0,0.02,25,26,39,40,4.167242563034089,4.167241931266833,4.167243194801343,0.4662147421565606,0.46619267791794533,2.366373126194064e-05,True
39,-0.0555555555555556,-0.1111111111111111,0.0,0.02,27,28,37,38,4.121447094334525,4.121446555221834,4.121447633447216,0.06965639451059069,0.06966973628117744,-9.575928442804007e-05,True
39,-0.0555555555555556,-0.1111111111111111,0.0,0.02,27,28,39,40,4.136669859723609,4.136669166952974,4.136670552494243,0.3406661498055734,0.3407006908994533,-5.06938286638111e-05,True
39,-0.0555555555555556,-0.1111111111111111,0.0,0.02,29,30,37,38,3.7567177047061056,3.7567175147455374,3.7567178946666737,0.08603091516688435,0.08604317224212427,-7.123138308895343e-05,True
39,-0.0555555555555556,-0.1111111111111111,0.0,0.02,29,30,39,40,3.7719404700951893,3.7719401264766774,3.771940813713701,0.6259600940900569,0.6259503600367505,7.775359071657967e-06,True
39,-0.0555555555555556,-0.1111111111111111,0.0,0.02,31,32,37,38,3.4392831479171786,3.4392829677406755,3.4392833280936816,0.4851168589594515,0.4851349130807825,-1.860766643386426e-05,True
39,-0.0555555555555556,-0.1111111111111111,0.0,0.02,31,32,39,40,3.4545059133062623,3.4545055794718156,3.454506247140709,0.5829264777789933,0.5829177911846094,7.45090456346545e-06,True
39,-0.0555555555555556,-0.1111111111111111,0.0,0.02,33,34,37,38,2.901913587113937,2.901913427842185,2.9019137463856883,0.48311998474256274,0.4831222066597249,-2.299544753809452e-06,True
39,-0.0555555555555556,-0.1111111111111111,0.0,0.02,33,34,39,40,2.9171363525030207,2.9171360395733252,2.9171366654327158,0.35189059030905134,0.3518973551045925,-9.611979837484978e-06,True
39,-0.0555555555555556,-0.1111111111111111,0.0,0.02,35,36,37,38,2.382758940596706,2.3827587803625874,2.382759100830824,0.6390217905838069,0.6390208130117748,7.648978440556031e-07,True
39,-0.0555555555555556,-0.1111111111111111,0.0,0.02,35,36,39,40,2.3979817059857895,2.3979813920937274,2.3979820198778516,0.24117317842990604,0.24118822875817342,-3.1201352436360744e-05,True
40,-0.0833333333333333,-0.1666666666666667,0.0,0.02,1,2,37,38,16.050003313080346,16.05000320965155,16.050003416509142,0.012861493242281738,0.012861616754523603,-4.8016060997300375e-06,True
40,-0.0833333333333333,-0.1666666666666667,0.0,0.02,1,2,39,40,16.20486251594989,16.204862434008728,16.204862597891058,0.0009542432922629453,0.0009542146584512916,nan,False
40,-0.0833333333333333,-0.1666666666666667,0.0,0.02,3,4,37,38,15.889326867307842,15.889326764035662,15.889326970580022,0.002504074823634568,0.0025040860726058744,-2.2461281775054665e-06,True
40,-0.0833333333333333,-0.1666666666666667,0.0,0.02,3,4,39,40,16.04418607017739,16.04418598839284,16.04418615196194,0.00783100040157782,0.007831092303433077,-5.867788997742092e-06,True
40,-0.0833333333333333,-0.1666666666666667,0.0,0.02,5,6,37,38,15.09128338647315,15.091283283138324,15.091283489807976,5.514330374243882e-06,5.51455103135445e-06,nan,False
40,-0.0833333333333333,-0.1666666666666667,0.0,0.02,5,6,39,40,15.246142589342698,15.246142507495502,15.246142671189894,0.0009470904659191529,0.0009470768985344074,nan,False
40,-0.0833333333333333,-0.1666666666666667,0.0,0.02,7,8,37,38,14.874301855089918,14.87430175181774,14.874301958362098,6.109380213871001e-05,6.109388854769208e-05,nan,False
40,-0.0833333333333333,-0.1666666666666667,0.0,0.02,7,8,39,40,15.029161057959467,15.029160976174918,15.029161139744016,0.0006057332159978035,0.0006057139307321361,nan,False
40,-0.0833333333333333,-0.1666666666666667,0.0,0.02,9,10,37,38,7.763772141958866,7.763772034552041,7.763772249365693,0.017158432349557502,0.01715850189839381,-2.026662282988193e-06,True
40,-0.0833333333333333,-0.1666666666666667,0.0,0.02,9,10,39,40,7.918631344828414,7.918631258909219,7.918631430747611,0.006451026717607042,0.00645092305226324,8.034858734628775e-06,True
40,-0.0833333333333333,-0.1666666666666667,0.0,0.02,11,12,37,38,7.208331350629623,7.208331241092829,7.208331460166419,0.010586750761913951,0.010586495654018065,1.2048596180038982e-05,True
40,-0.0833333333333333,-0.1666666666666667,0.0,0.02,11,12,39,40,7.363190553499171,7.363190465450007,7.3631906415483375,0.011588339555939211,0.011588568851883644,-9.893292944785346e-06,True
40,-0.0833333333333333,-0.1666666666666667,0.0,0.02,13,14,37,38,5.280490559529337,5.280489947789668,5.280491171269005,0.049164969459339,0.049161298013004034,3.733942545920844e-05,True
40,-0.0833333333333333,-0.1666666666666667,0.0,0.02,13,14,39,40,5.435349762398885,5.4353491721468465,5.435350352650923,0.09487367788354661,0.09487356113584985,6.152800818784637e-07,True
40,-0.0833333333333333,-0.1666666666666667,0.0,0.02,15,16,37,38,5.268701338230666,5.268700736451735,5.2687019400095965,0.1762120878391088,0.17621591294700656,-1.085358680135224e-05,True
40,-0.0833333333333333,-0.1666666666666667,0.0,0.02,15,16,39,40,5.423560541100214,5.423559960808913,5.423561121391515,0.03132752365168344,0.031327993071511843,-7.492074967284865e-06,True
40,-0.0833333333333333,-0.1666666666666667,0.0,0.02,17,18,37,38,5.17394151070484,5.173941349015124,5.173941672394557,0.019428361211974478,0.019428324264495818,9.508654226895516e-07,True
40,-0.0833333333333333,-0.1666666666666667,0.0,0.02,17,18,39,40,5.328800713574388,5.328800573372302,5.3288008537764755,0.05236650956589855,0.05236650502886428,4.3320000733952904e-08,True
40,-0.0833333333333333,-0.1666666666666667,0.0,0.02,19,20,37,38,4.617494957811068,4.617494807053104,4.617495108569031,0.02900667629270927,0.029006675459611816,1.4360443362971218e-08,True
40,-0.0833333333333333,-0.1666666666666667,0.0,0.02,19,20,39,40,4.7723541606806155,4.772354031410282,4.772354289950949,0.050544720981327534,0.0505449169606562,-1.938668815696925e-06,True
40,-0.0833333333333333,-0.1666666666666667,0.0,0.02,21,22,37,38,4.362544574233545,4.362543861351664,4.3625452871154256,0.0030702468001069013,0.003070066625066239,2.9342971308868973e-05,True
40,-0.0833333333333333,-0.1666666666666667,0.0,0.02,21,22,39,40,4.517403777103093,4.5174030857088425,4.517404468497343,0.009198467480452206,0.009198268041815554,1.0840979716807662e-05,True
40,-0.0833333333333333,-0.1666666666666667,0.0,0.02,23,24,37,38,4.336520556659877,4.336519886346056,4.336521226973696,0.005696060848569811,0.005695677522265441,3.364950035647669e-05,True
40,-0.0833333333333333,-0.1666666666666667,0.0,0.02,23,24,39,40,4.4913797595294245,4.491379110703234,4.491380408355615,0.0029315788840496835,0.002931471374403697,1.8336811258182134e-05,True
40,-0.0833333333333333,-0.1666666666666667,0.0,0.02,25,26,37,38,4.144600504781015,4.144600244705517,4.144600764856511,0.04114553817743047,0.04114361490961449,2.3372069632849467e-05,True
40,-0.0833333333333333,-0.1666666666666667,0.0,0.02,25,26,39,40,4.299459707650563,4.299459469062695,4.29945994623843,0.22641894168334853,0.22639301660684422,5.72535155701394e-05,True
40,-0.0833333333333333,-0.1666666666666667,0.0,0.02,27,28,37,38,4.104889186533876,4.104888856795858,4.104889516271895,0.0080042272694122,0.008006026646163813,-0.00011238902025546381,True
40,-0.0833333333333333,-0.1666666666666667,0.0,0.02,27,28,39,40,4.259748389403424,4.259748081153036,4.259748697653813,0.37007682565331285,0.3700948392208542,-2.4337013150041424e-05,True
40,-0.0833333333333333,-0.1666666666666667,0.0,0.02,29,30,37,38,3.360599582393112,3.360599467280809,3.3605996975054153,0.029508788098530123,0.02950872483968451,1.0718656626444282e-06,True
40,-0.0833333333333333,-0.1666666666666667,0.0,0.02,29,30,39,40,3.51545878526266,3.515458691637987,3.5154588788873338,0.6431653307274812,0.6431687546322106,-2.6617538696780252e-06,True
40,-0.0833333333333333,-0.1666666666666667,0.0,0.02,31,32,37,38,3.0339491926485036,3.0339490710836468,3.0339493142133604,0.024049277174478096,0.024049492705505954,-4.4810091483882305e-06,True
40,-0.0833333333333333,-0.1666666666666667,0.0,0.02,31,32,39,40,3.188808395518052,3.188808295440825,3.188808495595279,0.6801514455360674,0.6801633455605613,-8.747993164378318e-06,True
40,-0.0833333333333333,-0.1666666666666667,0.0,0.02,33,34,37,38,2.641113384774783,2.6411132708527565,2.6411134986968094,1.1261239029275523,1.1261369283859963,-5.783281520046554e-06,True
40,-0.0833333333333333,-0.1666666666666667,0.0,0.02,33,34,39,40,2.7959725876443313,2.7959724952099347,2.795972680078728,0.32655779116163364,0.32655288964533435,7.504878488936221e-06,True
40,-0.0833333333333333,-0.1666666666666667,0.0,0.02,35,36,37,38,2.3010921090416403,2.301091991955983,2.3010922261272975,0.931390103084876,0.9313923338212023,-1.197529181148101e-06,True
40,-0.0833333333333333,-0.1666666666666667,0.0,0.02,35,36,39,40,2.455951311911188,2.4559512163131614,2.455951407509216,0.727815651976187,0.7278220499243775,-4.39528887037508e-06,True
41,-0.1111111111111111,-0.2222222222222222,0.0,0.02,1,2,37,38,15.546236217721187,15.546236089384875,15.546236346057501,0.012422635999120853,0.012422739528550652,-4.166949687794756e-06,True
41,-0.1111111111111111,-0.2222222222222222,0.0,0.02,1,2,39,40,15.833742796320678,15.833742752825943,15.833742839815411,0.004056377147478857,0.004056297735104744,9.788679475334352e-06,True
41,-0.1111111111111111,-0.2222222222222222,0.0,0.02,3,4,37,38,15.389312978969624,15.389312850520264,15.389313107418982,0.004441679042652306,0.004441693881112457,-1.6703633044467788e-06,True
41,-0.1111111111111111,-0.2222222222222222,0.0,0.02,3,4,39,40,15.676819557569113,15.676819513961332,15.676819601176891,0.007739502494789748,0.00773952405013949,-1.3925520238332472e-06,True
41,-0.1111111111111111,-0.2222222222222222,0.0,0.02,5,6,37,38,14.683768229774735,14.683768101353637,14.683768358195831,1.1055503988133706e-05,1.1055767533292138e-05,nan,False
41,-0.1111111111111111,-0.2222222222222222,0.0,0.02,5,6,39,40,14.971274808374224,14.971274764794705,14.97127485195374,0.0003514512323199114,0.00035144720733290644,nan,False
41,-0.1111111111111111,-0.2222222222222222,0.0,0.02,7,8,37,38,14.482301848858548,14.48230172060702,14.482301977110076,5.845044230244643e-05,5.84506082981311e-05,nan,False
41,-0.1111111111111111,-0.2222222222222222,0.0,0.02,7,8,39,40,14.769808427458038,14.769808384048089,14.769808470867986,0.00021282036871851428,0.00021281181870755017,nan,False
41,-0.1111111111111111,-0.2222222222222222,0.0,0.02,9,10,37,38,7.265295274700959,7.265295141418852,7.265295407983066,0.01987739701354555,0.019877386566918082,2.6277661525134017e-07,True
41,-0.1111111111111111,-0.2222222222222222,0.0,0.02,9,10,39,40,7.552801853300448,7.55280180485992,7.552801901740976,0.006321499087841907,0.006321419214676488,6.317620940616398e-06,True
41,-0.1111111111111111,-0.2222222222222222,0.0,0.02,11,12,37,38,6.725772848780127,6.725772711710954,6.7257729858493,0.013240795497742146,0.013240536749207875,9.77097873541974e-06,True
41,-0.1111111111111111,-0.2222222222222222,0.0,0.02,11,12,39,40,7.013279427379616,7.013279375152022,7.01327947960721,0.019396923553134316,0.01939722482546975,-7.76592213065061e-06,True
41,-0.1111111111111111,-0.2222222222222222,0.0,0.02,13,14,37,38,5.325854554535113,5.325853773693014,5.325855335377211,0.08618506858648113,0.08618321758883488,1.0738620701793757e-05,True
41,-0.1111111111111111,-0.2222222222222222,0.0,0.02,13,14,39,40,5.613361133134601,5.613360437134082,5.613361829135121,0.11805999615323384,0.11806162221844185,-6.886557949347373e-06,True
41,-0.1111111111111111,-0.2222222222222222,0.0,0.02,15,16,37,38,5.316731485366139,5.316730723346323,5.316732247385955,0.17256409924963945,0.1725660024649236,-5.5144864927580284e-06,True
41,-0.1111111111111111,-0.2222222222222222,0.0,0.02,15,16,39,40,5.604238063965629,5.604237386787391,5.604238741143866,0.06518756350917915,0.06518648850447753,8.245541846813567e-06,True
41,-0.1111111111111111,-0.2222222222222222,0.0,0.02,17,18,37,38,5.129099658034942,5.129099502313056,5.129099813756827,0.021784292159483708,0.02178412745310146,3.7804075454844008e-06,True
41,-0.1111111111111111,-0.2222222222222222,0.0,0.02,17,18,39,40,5.416606236634431,5.416606165754124,5.416606307514737,0.04176940945202425,0.04176958154339016,-2.0600125026290266e-06,True
41,-0.1111111111111111,-0.2222222222222222,0.0,0.02,19,20,37,38,4.653831950825117,4.653831748330142,4.65383215332009,0.02817591213734226,0.02817593140021443,-3.418321559621505e-07,True
41,-0.1111111111111111,-0.2222222222222222,0.0,0.02,19,20,39,40,4.9413385294246055,4.94133841177121,4.941338647078,0.018117176705849627,0.01811767031752185,-1.3622568129116815e-05,True
41,-0.1111111111111111,-0.2222222222222222,0.0,0.02,21,22,37,38,4.283245015116792,4.283244812282677,4.283245217950906,0.03420037556036629,0.03419923315333136,1.6701952780430803e-05,True
41,-0.1111111111111111,-0.2222222222222222,0.0,0.02,21,22,39,40,4.570751593716281,4.570751475723745,4.570751711708816,0.04582828560580261,0.04582173589265552,7.146439291562749e-05,True
41,-0.1111111111111111,-0.2222222222222222,0.0,0.02,23,24,37,38,4.218043251209033,4.218043094497989,4.218043407920076,0.007830922145644237,0.007832098508098793,-7.510444380823412e-05,True
41,-0.1111111111111111,-0.2222222222222222,0.0,0.02,23,24,39,40,4.505549829808522,4.505549757939057,4.505549901677987,0.19646320403916462,0.19646669269860464,-8.878579789907244e-06,True
41,-0.1111111111111111,-0.2222222222222222,0.0,0.02,25,26,37,38,3.8919319966272616,3.891931139535137,3.891932853719386,0.019063431357828245,0.019063012790388897,1.0978402227082908e-05,True
41,-0.1111111111111111,-0.2222222222222222,0.0,0.02,25,26,39,40,4.179438575226751,4.179437802976205,4.179439347477296,0.03174215691572191,0.03174196382758751,3.0415186055555664e-06,True
41,-0.1111111111111111,-0.2222222222222222,0.0,0.02,27,28,37,38,3.8573830158039444,3.857382218626592,3.8573838129812965,0.014235427809803351,0.01423461306199024,2.86177254462254e-05,True
41,-0.1111111111111111,-0.2222222222222222,0.0,0.02,27,28,39,40,4.144889594403433,4.14488888206766,4.144890306739207,0.015957010554004943,0.015956695311977902,9.877951133764165e-06,True
41,-0.1111111111111111,-0.2222222222222222,0.0,0.02,29,30,37,38,3.0215297191953026,3.021529577491213,3.021529860899392,0.03491112105984326,0.03491100594855439,1.6486362389831689e-06,True
41,-0.1111111111111111,-0.2222222222222222,0.0,0.02,29,30,39,40,3.3090362977947914,3.309036240932281,3.309036354657302,0.47676125930486596,0.4767633804340019,-2.224514236492773e-06,True
41,-0.1111111111111111,-0.2222222222222222,0.0,0.02,31,32,37,38,2.7475656851237122,2.7475655354215665,2.7475658348258585,0.020708375657375523,0.02070838790871607,-2.958063231249516e-07,True
41,-0.1111111111111111,-0.2222222222222222,0.0,0.02,31,32,39,40,3.0350722637232015,3.0350721988626344,3.0350723285837686,0.3818039934159473,0.3818109422623822,-9.09993520327888e-06,True
41,-0.1111111111111111,-0.2222222222222222,0.0,0.02,33,34,37,38,2.4739720921073416,2.4739719416986534,2.4739722425160298,1.1407502316048628,1.140762781786985,-5.500815488905906e-06,True
41,-0.1111111111111111,-0.2222222222222222,0.0,0.02,33,34,39,40,2.761478670706831,2.7614786051397213,2.76147873627394,0.913170360011397,0.9131587732030687,6.344315554914224e-06,True
41,-0.1111111111111111,-0.2222222222222222,0.0,0.02,35,36,37,38,2.3152727704198517,2.3152726208024905,2.315272920037213,1.4906796620685752,1.490684539138746,-1.6358518589754437e-06,True
41,-0.1111111111111111,-0.2222222222222222,0.0,0.02,35,36,39,40,2.602779349019341,2.6027792842435584,2.602779413795123,0.501290279937483,0.5012896070960196,6.711100752526293e-07,True
42,-0.1388888888888889,-0.2777777777777778,0.0,0.02,1,2,37,38,15.076431832364367,15.076431686065854,15.076431978662878,0.010153916660887705,0.010153981319992417,-3.1839388189592645e-06,True
42,-0.1388888888888889,-0.2777777777777778,0.0,0.02,1,2,39,40,15.442023875149868,15.442023802071368,15.442023948228368,0.007287400750382729,0.007287342215858212,4.016161701989593e-06,True
42,-0.1388888888888889,-0.2777777777777778,0.0,0.02,3,4,37,38,14.925528837828097,14.925528690850314,14.92552898480588,0.006210068716357685,0.006210079092130997,-8.35398537255878e-07,True
42,-0.1388888888888889,-0.2777777777777778,0.0,0.02,3,4,39,40,15.2911208806136,15.291120806855828,15.291120954371369,0.00432499303248811,0.00432495239453601,4.698058784702813e-06,True
42,-0.1388888888888889,-0.2777777777777778,0.0,0.02,5,6,37,38,14.329910814915795,14.32991066819274,14.32991096163885,1.9801609681630772e-05,1.980184049921528e-05,nan,False
42,-0.1388888888888889,-0.2777777777777778,0.0,0.02,5,6,39,40,14.695502857701298,14.695502784198254,14.695502931204338,5.125047302351594e-05,5.124974317569504e-05,nan,False
42,-0.1388888888888889,-0.2777777777777778,0.0,0.02,7,8,37,38,14.148130427602265,14.14813028136036,14.148130573844172,4.596881237911617e-05,4.5968825944618916e-05,nan,False
42,-0.1388888888888889,-0.2777777777777778,0.0,0.02,7,8,39,40,14.513722470387767,14.513722397365875,14.51372254340966,8.57288918537545e-05,8.572600494199195e-05,nan,False
42,-0.1388888888888889,-0.2777777777777778,0.0,0.02,9,10,37,38,6.861051711060685,6.861051560799746,6.861051861321624,0.019521539844177174,0.019521556494289556,-4.2645471143583683e-07,True
42,-0.1388888888888889,-0.2777777777777778,0.0,0.02,9,10,39,40,7.226643753846186,7.22664367680526,7.226643830887112,0.002842706267784708,0.002842728329830191,-3.880450140484524e-06,True
42,-0.1388888888888889,-0.2777777777777778,0.0,0.02,11,12,37,38,6.373955930950659,6.373955774689472,6.373956087211846,0.007957718465665564,0.007957601041568,7.3780546793371184e-06,True
42,-0.1388888888888889,-0.2777777777777778,0.0,0.02,11,12,39,40,6.73954797373616,6.739547890694986,6.739548056777335,0.016808383455173527,0.01680850606727988,-3.6473364459113653e-06,True
42,-0.1388888888888889,-0.2777777777777778,0.0,0.02,13,14,37,38,5.404695030806328,5.404694803447857,5.4046952581648,0.26782311599812025,0.26782079952401733,4.3246530685739765e-06,True
42,-0.1388888888888889,-0.2777777777777778,0.0,0.02,13,14,39,40,5.770287073591829,5.770286919453371,5.770287227730288,0.0050359118720688795,0.005037885260884264,-0.00019589324554976757,True
42,-0.1388888888888889,-0.2777777777777778,0.0,0.02,15,16,37,38,5.374527778755518,5.3745275660297285,5.374527991481308,0.0074731653366420835,0.007475129370209806,-0.00013138846980467004,True
42,-0.1388888888888889,-0.2777777777777778,0.0,0.02,15,16,39,40,5.740119821541019,5.7401196820352425,5.740119961046796,0.23474530639965294,0.2347427517431121,5.441366391603899e-06,True
42,-0.1388888888888889,-0.2777777777777778,0.0,0.02,17,18,37,38,5.129655796296669,5.129655621440372,5.129655971152967,0.04359691930592556,0.04359667352274083,2.818821621575412e-06,True
42,-0.1388888888888889,-0.2777777777777778,0.0,0.02,17,18,39,40,5.49524783908217,5.495247737445886,5.495247940718455,0.015581534184644644,0.015581831793358546,-9.549954074667876e-06,True
42,-0.1388888888888889,-0.2777777777777778,0.0,0.02,19,20,37,38,4.774365573016128,4.774365306203193,4.774365839829063,0.016246564793045416,0.016246650081312097,-2.6248023475518775e-06,True
42,-0.1388888888888889,-0.2777777777777778,0.0,0.02,19,20,39,40,5.139957615801629,5.139957422208707,5.139957809394551,0.04569113925615127,0.045691013160951116,1.3798668210488024e-06,True
42,-0.1388888888888889,-0.2777777777777778,0.0,0.02,21,22,37,38,4.548693642164069,4.548693296272387,4.548693988055749,0.01840122983431355,0.01840065740167806,1.555443697275585e-05,True
42,-0.1388888888888889,-0.2777777777777778,0.0,0.02,21,22,39,40,4.9142856849495695,4.914285412277901,4.914285957621238,0.018021452900940104,0.01802103523717966,1.1588094552308721e-05,True
42,-0.1388888888888889,-0.2777777777777778,0.0,0.02,23,24,37,38,4.405663371095289,4.405663169152965,4.4056635730376135,0.018071551194428517,0.01807197589243216,-1.1750319846281079e-05,True
42,-0.1388888888888889,-0.2777777777777778,0.0,0.02,23,24,39,40,4.77125541388079,4.771255285158479,4.771255542603102,0.03999634091189275,0.03999631978758522,2.6407807092196016e-07,True
42,-0.1388888888888889,-0.2777777777777778,0.0,0.02,25,26,37,38,3.5583923913697433,3.5583913563268834,3.5583934264126027,0.14083517569806628,0.14083397052122273,4.278696689788168e-06,True
42,-0.1388888888888889,-0.2777777777777778,0.0,0.02,25,26,39,40,3.923984434155244,3.9239834723323974,3.923985395978091,0.19221038179142758,0.19221203915009072,-4.311295525073223e-06,True
42,-0.1388888888888889,-0.2777777777777778,0.0,0.02,27,28,37,38,3.5049469227858214,3.504945953321149,3.5049478922504935,0.07939784485311424,0.07939596493224847,1.1838754094444001e-05,True
42,-0.1388888888888889,-0.2777777777777778,0.0,0.02,27,28,39,40,3.8705389655713223,3.870538069326663,3.8705398618159816,0.1773534107986419,0.17735353434098236,-3.4829411197522936e-07,True
42,-0.1388888888888889,-0.2777777777777778,0.0,0.02,29,30,37,38,2.80394354751159,2.8039433656644377,2.803943729358743,0.028593216944708868,0.028592887469189778,5.7614611533078506e-06,True
42,-0.1388888888888889,-0.2777777777777778,0.0,0.02,29,30,39,40,3.1695355902970914,3.1695354816699517,3.169535698924231,0.28775182109307973,0.2877523208278626,-8.683426347207564e-07,True
42,-0.1388888888888889,-0.2777777777777778,0.0,0.02,31,32,37,38,2.619644039829068,2.6196438490098455,2.6196442306482903,0.04662400114965161,0.04662417441584861,-1.8581188956279382e-06,True
42,-0.1388888888888889,-0.2777777777777778,0.0,0.02,31,32,39,40,2.985236082614569,2.9852359650153595,2.9852362002137784,0.14632514963399065,0.14632752513492517,-8.117133856339214e-06,True
42,-0.1388888888888889,-0.2777777777777778,0.0,0.02,33,34,37,38,2.4278561544526385,2.4278559703129385,2.4278563385923393,0.9818589659825188,0.981870511848831,-5.879560521236645e-06,True
42,-0.1388888888888889,-0.2777777777777778,0.0,0.02,33,34,39,40,2.7934481972381398,2.7934480863184525,2.7934483081578274,1.2058224580475576,1.2058159313733485,2.7063237331577576e-06,True
42,-0.1388888888888889,-0.2777777777777778,0.0,0.02,35,36,37,38,2.372054807297015,2.372054574108114,2.3720550404859164,1.7844031601312031,1.784407463283045,-1.205766373119539e-06,True
42,-0.1388888888888889,-0.2777777777777778,0.0,0.02,35,36,39,40,2.737646850082516,2.737646690113628,2.737647010051404,0.4919522236091084,0.4919461486514246,6.174375174369692e-06,True
43,-0.1666666666666667,-0.3333333333333333,0.0,0.02,1,2,37,38,14.681765258179485,14.681765131208412,14.681765385150559,0.007649374982436384,0.007649393280038911,-1.1960180200761762e-06,True
43,-0.1666666666666667,-0.3333333333333333,0.0,0.02,1,2,39,40,15.091591379993336,15.091591275127254,15.091591484859418,0.006641046835699797,0.006641041607941121,3.9359462917203263e-07,True
43,-0.1666666666666667,-0.3333333333333333,0.0,0.02,3,4,37,38,14.539937644606447,14.539937516073287,14.539937773139606,0.005543638770039563,0.005543640561816713,-1.6160656692812384e-07,True
43,-0.1666666666666667,-0.3333333333333333,0.0,0.02,3,4,39,40,14.949763766420297,14.94976365999213,14.949763872848465,0.002230093917098723,0.0022300597390630954,7.66297268269532e-06,True
43,-0.1666666666666667,-0.3333333333333333,0.0,0.02,5,6,37,38,14.064265810523718,14.064265682727392,14.064265938320045,2.9315823167008013e-05,2.9316011493316263e-05,nan,False
43,-0.1666666666666667,-0.3333333333333333,0.0,0.02,5,6,39,40,14.474091932337569,14.474091826646234,14.474092038028903,2.9708406465939507e-05,2.97086362989521e-05,nan,False
43,-0.1666666666666667,-0.3333333333333333,0.0,0.02,7,8,37,38,13.906025789009416,13.906025662156235,13.906025915862596,2.9257038305342562e-05,2.9256971437802137e-05,nan,False
43,-0.1666666666666667,-0.3333333333333333,0.0,0.02,7,8,39,40,14.315851910823266,14.315851806075077,14.315852015571455,5.8712185826890276e-05,5.871121322039818e-05,nan,False
43,-0.1666666666666667,-0.3333333333333333,0.0,0.02,9,10,37,38,6.650637672473845,6.650637542054392,6.650637802893298,0.006848169973630537,0.006848208533984345,-2.815368587178148e-06,True
43,-0.1666666666666667,-0.3333333333333333,0.0,0.02,9,10,39,40,7.0604637942876955,7.060463685973235,7.060463902602156,0.0006904428952233428,0.0006904596794628382,nan,False
43,-0.1666666666666667,-0.3333333333333333,0.0,0.02,11,12,37,38,6.284239639333588,6.284239500425818,6.284239778241359,0.0008732645285580407,0.0008732792912705893,nan,False
43,-0.1666666666666667,-0.3333333333333333,0.0,0.02,11,12,39,40,6.694065761147439,6.6940656443446604,6.694065877950217,0.0004200404621084015,0.00042005050520630923,nan,False
43,-0.1666666666666667,-0.3333333333333333,0.0,0.02,13,14,37,38,5.485661302405852,5.485661155569758,5.485661449241945,0.24193640549705683,0.24193578759281817,1.2769988593862208e-06,True
43,-0.1666666666666667,-0.3333333333333333,0.0,0.02,13,14,39,40,5.895487424219702,5.895487299488601,5.895487548950803,0.003428022117617578,0.0034283768148624313,-5.173229392661026e-05,True
43,-0.1666666666666667,-0.3333333333333333,0.0,0.02,15,16,37,38,5.36705051797021,5.3670503330251105,5.367050702915309,0.0019776321289830456,0.001977630523476742,4.0591648254410455e-07,True
43,-0.1666666666666667,-0.3333333333333333,0.0,0.02,15,16,39,40,5.77687663978406,5.7768764769439525,5.776876802624167,0.23176428207909094,0.2317630253569735,2.7112148460153968e-06,True
43,-0.1666666666666667,-0.3333333333333333,0.0,0.02,17,18,37,38,5.23499788595665,5.234997686746462,5.234998085166836,0.12530014129460368,0.1253001231108811,7.256066798795625e-08,True
43,-0.1666666666666667,-0.3333333333333333,0.0,0.02,17,18,39,40,5.6448240077705005,5.644823830665305,5.644824184875695,0.0019252103293395761,0.0019256241926009251,-0.00010747365512358073,True
43,-0.1666666666666667,-0.3333333333333333,0.0,0.02,19,20,37,38,5.077561009094025,5.077560790578811,5.077561227609239,0.004031530069238445,0.0040312532677784264,3.4330757562065276e-05,True
43,-0.1666666666666667,-0.3333333333333333,0.0,0.02,19,20,39,40,5.487387130907876,5.487386934497653,5.487387327318098,0.0957215413783259,0.09572061463626,4.840846369471674e-06,True
43,-0.1666666666666667,-0.3333333333333333,0.0,0.02,21,22,37,38,4.854604681243914,4.854604523001644,4.854604839486184,0.000707192367852537,0.0007071860620506847,nan,False
43,-0.1666666666666667,-0.3333333333333333,0.0,0.02,21,22,39,40,5.264430803057764,5.264430666920487,5.264430939195042,0.015532925319095694,0.015533213513543195,-9.276802922095006e-06,True
43,-0.1666666666666667,-0.3333333333333333,0.0,0.02,23,24,37,38,4.547532745315875,4.547532607174412,4.54753288345734,0.02315657074474512,0.02315654945414108,4.5970999036031585e-07,True
43,-0.1666666666666667,-0.3333333333333333,0.0,0.02,23,24,39,40,4.9573588671297255,4.957358751093254,4.9573589831661975,0.0014263451018185394,0.001426326928766325,nan,False
43,-0.1666666666666667,-0.3333333333333333,0.0,0.02,25,26,37,38,3.5019259696791334,3.501924877574637,3.5019270617836296,0.38979020024201944,0.38978780756905823,3.0691899171485195e-06,True
43,-0.1666666666666667,-0.3333333333333333,0.0,0.02,25,26,39,40,3.9117520914929838,3.9117510214934796,3.911753161492488,0.41745428132151774,0.4174569547736674,-3.202079495496032e-06,True
43,-0.1666666666666667,-0.3333333333333333,0.0,0.02,27,28,37,38,3.4337356171360676,3.433734550968096,3.4337366833040392,0.22407228829188172,0.2240703025025723,4.431155061412314e-06,True
43,-0.1666666666666667,-0.3333333333333333,0.0,0.02,27,28,39,40,3.843561738949918,3.8435606948869383,3.8435627830128976,0.36823302166260335,0.3682344612332986,-1.9546968857337517e-06,True
43,-0.1666666666666667,-0.3333333333333333,0.0,0.02,29,30,37,38,2.74951225697532,2.7495119970795607,2.749512516871079,0.013169873578873396,0.013169270215842119,2.2907465632881766e-05,True
43,-0.1666666666666667,-0.3333333333333333,0.0,0.02,29,30,39,40,3.1593383787891702,3.159338140998403,3.1593386165799373,0.243695848010489,0.24369513101166979,1.471095793861892e-06,True
43,-0.1666666666666667,-0.3333333333333333,0.0,0.02,31,32,37,38,2.674863345603352,2.6748630741245774,2.6748636170821265,0.13502089091244812,0.13502160395099433,-2.6404679254940103e-06,True
43,-0.1666666666666667,-0.3333333333333333,0.0,0.02,31,32,39,40,3.0846894674172023,3.08468921804342,3.084689716790985,0.03349249291064832,0.03349407525463039,-2.3621809945059182e-05,True
43,-0.1666666666666667,-0.3333333333333333,0.0,0.02,33,34,37,38,2.429681563817117,2.429681185409128,2.4296819422251064,1.0386601247418226,1.0386651014779207,-2.3957423880002145e-06,True
43,-0.1666666666666667,-0.3333333333333333,0.0,0.02,33,34,39,40,2.8395076856309673,2.8395073293279705,2.8395080419339647,0.9903223669858897,0.9903175078821226,2.453299980872863e-06,True
43,-0.1666666666666667,-0.3333333333333333,0.0,0.02,35,36,37,38,2.352580629391574,2.3525802260786275,2.3525810327045207,1.4996311619477432,1.4996362301055426,-1.6897985864366386e-06,True
43,-0.1666666666666667,-0.3333333333333333,0.0,0.02,35,36,39,40,2.7624067512054244,2.7624063699974695,2.7624071324133785,0.7367435018841706,0.7367390668600977,3.0098924595078674e-06,True
44,-0.1944444444444444,-0.3888888888888889,0.0,0.02,1,2,37,38,14.418896330141168,14.418896252915115,14.418896407367221,0.006783688324198448,0.006783676243240946,8.904424615179541e-07,True
44,-0.1944444444444444,-0.3888888888888889,0.0,0.02,1,2,39,40,14.868424653845079,14.868424581867941,14.868424725822218,0.0036413788405380253,0.0036413915087586965,-1.7394782567162484e-06,True
44,-0.1944444444444444,-0.3888888888888889,0.0,0.02,3,4,37,38,14.289988333110994,14.289988253623441,14.289988412598547,0.0026639607015102253,0.0026639553813758462,9.98539446995918e-07,True
44,-0.1944444444444444,-0.3888888888888889,0.0,0.02,3,4,39,40,14.739516656814907,14.739516582576268,14.739516731053543,0.0022528193521582827,0.002252796815378231,5.001930748985463e-06,True
44,-0.1944444444444444,-0.3888888888888889,0.0,0.02,5,6,37,38,13.934547763150274,13.934547685282066,13.934547841018482,5.080644760115569e-05,5.080662425994526e-05,nan,False
44,-0.1944444444444444,-0.3888888888888889,0.0,0.02,5,6,39,40,14.384076086854186,14.384076014234893,14.384076159473478,6.68357132485672e-05,6.683683572592283e-05,nan,False
44,-0.1944444444444444,-0.3888888888888889,0.0,0.02,7,8,37,38,13.803208236229956,13.803208159729817,13.803208312730096,2.5379403542852846e-05,2.5379557069910368e-05,nan,False
44,-0.1944444444444444,-0.3888888888888889,0.0,0.02,7,8,39,40,14.252736559933869,14.252736488682643,14.252736631185092,4.2748453931313414e-05,4.274822231789839e-05,nan,False
44,-0.1944444444444444,-0.3888888888888889,0.0,0.02,9,10,37,38,6.70348374255028,6.70348365111307,6.703483833987489,0.00044042725938516966,0.00044040262252941116,nan,False
44,-0.1944444444444444,-0.3888888888888889,0.0,0.02,9,10,39,40,7.153012066254192,7.153011980065896,7.1530121524424874,0.0009276425343578247,0.0009276139084700082,nan,False
44,-0.1944444444444444,-0.3888888888888889,0.0,0.02,11,12,37,38,6.4593238896423015,6.459323791839387,6.459323987445215,0.0019213285841558753,0.0019212966436985832,8.312144796358534e-06,True
44,-0.1944444444444444,-0.3888888888888889,0.0,0.02,11,12,39,40,6.908852213346213,6.908852120792213,6.908852305900213,0.00832495103288928,0.008324912639945128,2.3059014119516237e-06,True
44,-0.1944444444444444,-0.3888888888888889,0.0,0.02,13,14,37,38,5.735637443756023,5.7356371861124895,5.735637701399556,0.014596778077858641,0.014596693994719709,2.880203448337753e-06,True
44,-0.1944444444444444,-0.3888888888888889,0.0,0.02,13,14,39,40,6.185165767459934,6.185165515065315,6.185166019854554,0.0003185423683794357,0.0003185512557444183,nan,False
44,-0.1944444444444444,-0.3888888888888889,0.0,0.02,15,16,37,38,5.639687245884799,5.639686987906228,5.639687503863369,0.0008225661118855324,0.0008227015387506748,nan,False
44,-0.1944444444444444,-0.3888888888888889,0.0,0.02,15,16,39,40,6.089215569588711,6.089215316859054,6.089215822318366,0.0009859563123925776,0.0009859664251044779,nan,False
44,-0.1944444444444444,-0.3888888888888889,0.0,0.02,17,18,37,38,5.454136148563529,5.4541360448974645,5.454136252229592,0.2950057451085497,0.2950050266932131,1.2176308822552843e-06,True
44,-0.1944444444444444,-0.3888888888888889,0.0,0.02,17,18,39,40,5.90366447226744,5.90366437385029,5.90366457068459,0.0012436389731770028,0.0012436833208714286,nan,False
44,-0.1944444444444444,-0.3888888888888889,0.0,0.02,19,20,37,38,5.295223440221352,5.29522335135276,5.295223529089943,0.00267095317516339,0.002670940915407867,2.295020327136152e-06,True
44,-0.1944444444444444,-0.3888888888888889,0.0,0.02,19,20,39,40,5.744751763925263,5.744751680305586,5.744751847544942,0.2467295475061753,0.24672827850223972,2.571656317293135e-06,True
44,-0.1944444444444444,-0.3888888888888889,0.0,0.02,21,22,37,38,5.045780469513929,5.045780372381088,5.045780566646769,0.021478839067212763,0.021478656690651736,4.245511937072725e-06,True
44,-0.1944444444444444,-0.3888888888888889,0.0,0.02,21,22,39,40,5.495308793217841,5.495308701333914,5.4953088851017675,0.013875337884140766,0.013875316066683853,7.861961361682035e-07,True
44,-0.1944444444444444,-0.3888888888888889,0.0,0.02,23,24,37,38,4.683293637179259,4.683293535998053,4.683293738360463,0.017027384866866245,0.017027294966954157,2.6398695429304053e-06,True
44,-0.1944444444444444,-0.3888888888888889,0.0,0.02,23,24,39,40,5.13282196088317,5.132821864950879,5.132822056815462,0.0030431228874481736,0.003043129646153651,-1.1104871905845827e-06,True
44,-0.1944444444444444,-0.3888888888888889,0.0,0.02,25,26,37,38,3.782599783941552,3.7825989047483493,3.782600663134755,0.429435574213765,0.429435202585294,4.326942783890094e-07,True
44,-0.1944444444444444,-0.3888888888888889,0.0,0.02,25,26,39,40,4.2321281076454635,4.232127233701175,4.232128981589753,0.39501473457116826,0.39501651951256184,-2.2593301016287415e-06,True
44,-0.1944444444444444,-0.3888888888888889,0.0,0.02,27,28,37,38,3.719532408671559,3.7195315305672274,3.719533286775891,0.261181653325003,0.2611808975155449,1.4469059025362374e-06,True
44,-0.1944444444444444,-0.3888888888888889,0.0,0.02,27,28,39,40,4.1690607323754705,4.169059859520053,4.169061605230889,0.373670227234398,0.37367185320357904,-2.175669246492079e-06,True
44,-0.1944444444444444,-0.3888888888888889,0.0,0.02,29,30,37,38,2.9379424057491423,2.9379421278079443,2.937942683690341,0.08900174378398212,0.0890009951791841,4.2055802196441045e-06,True
44,-0.1944444444444444,-0.3888888888888889,0.0,0.02,29,30,39,40,3.3874707294530544,3.3874704567607705,3.3874710021453383,0.03645105782473661,0.036450160197144074,1.2312929974143722e-05,True
44,-0.1944444444444444,-0.3888888888888889,0.0,0.02,31,32,37,38,2.886363505238883,2.8863632236401964,2.886363786837569,0.02655339820381845,0.02655434731916756,-1.787150517805413e-05,True
44,-0.1944444444444444,-0.3888888888888889,0.0,0.02,31,32,39,40,3.3358918289427946,3.335891552593022,3.3358921052925665,0.18452288372620887,0.18452461672690101,-4.69587435226306e-06,True
44,-0.1944444444444444,-0.3888888888888889,0.0,0.02,33,34,37,38,2.4275030099935844,2.4275025436219346,2.427503476365234,0.8856884713369313,0.8856899947377891,-8.600086807933547e-07,True
44,-0.1944444444444444,-0.3888888888888889,0.0,0.02,33,34,39,40,2.877031333697496,2.8770308725747604,2.8770317948202315,0.8966986908696302,0.8966959600301322,1.522720889463672e-06,True
44,-0.1944444444444444,-0.3888888888888889,0.0,0.02,35,36,37,38,2.333353824768196,2.3333533518354033,2.3333542977009896,1.3503652274877609,1.3503659531700376,-2.686984480023569e-07,True
44,-0.1944444444444444,-0.3888888888888889,0.0,0.02,35,36,39,40,2.7828821484721082,2.782881680788229,2.782882616155987,0.6197610510365342,0.6197584333722651,2.11183793562613e-06,True
45,-0.2222222222222222,-0.4444444444444444,0.0,0.02,1,2,37,38,14.295264360508561,14.29526432102194,14.295264399995183,0.009690806133319206,0.00969077944666454,1.3769077125027328e-06,True
45,-0.2222222222222222,-0.4444444444444444,0.0,0.02,1,2,39,40,14.75261029667183,14.75261027715224,14.752610316191422,0.0012010178636551402,0.0012010166670405559,4.981671033610073e-07,True
45,-0.2222222222222222,-0.4444444444444444,0.0,0.02,3,4,37,38,14.183563723730051,14.183563681642681,14.18356376581742,0.00035269819867079393,0.0003526934338123498,nan,False
45,-0.2222222222222222,-0.4444444444444444,0.0,0.02,3,4,39,40,14.640909659893321,14.640909637772982,14.640909682013659,0.00927649058051519,0.009276467371538297,1.2509583082707258e-06,True
45,-0.2222222222222222,-0.4444444444444444,0.0,0.02,5,6,37,38,13.937095017487207,13.9370949783082,13.937095056666214,0.00016545537888361215,0.00016545638314206524,nan,False
45,-0.2222222222222222,-0.4444444444444444,0.0,0.02,5,6,39,40,14.394440953650477,14.394440934438501,14.394440972862453,0.00010267914952945336,0.00010267965342990887,nan,False
45,-0.2222222222222222,-0.4444444444444444,0.0,0.02,7,8,37,38,13.835135326828924,13.835135288964276,13.835135364693574,4.051448061920579e-05,4.051481346138421e-05,nan,False
45,-0.2222222222222222,-0.4444444444444444,0.0,0.02,7,8,39,40,14.292481262992194,14.292481245094576,14.292481280889813,1.4156751525990444e-05,1.4157001007044127e-05,nan,False
45,-0.2222222222222222,-0.4444444444444444,0.0,0.02,9,10,37,38,6.923837872750187,6.923837823419874,6.923837922080499,0.01106487827241174,0.011064680982528078,8.915219746946852e-06,True
45,-0.2222222222222222,-0.4444444444444444,0.0,0.02,9,10,39,40,7.381183808913456,7.381183779550176,7.381183838276737,0.007928177747406893,0.007928011813409224,1.0464935288051844e-05,True
45,-0.2222222222222222,-0.4444444444444444,0.0,0.02,11,12,37,38,6.7464046071616774,6.746404554335736,6.746404659987619,0.012172227700875511,0.012172304071570933,-3.137078015548778e-06,True
45,-0.2222222222222222,-0.4444444444444444,0.0,0.02,11,12,39,40,7.203750543324947,7.203750510466037,7.203750576183857,0.027870188293144978,0.02787021856227614,-5.430374995623757e-07,True
45,-0.2222222222222222,-0.4444444444444444,0.0,0.02,13,14,37,38,6.291947235798872,6.291946994516597,6.291947477081147,0.00018250389424276107,0.00018251325525100174,nan,False
45,-0.2222222222222222,-0.4444444444444444,0.0,0.02,13,14,39,40,6.749293171962142,6.749292950646899,6.7492933932773855,0.0006400703261233007,0.0006400296434702909,nan,False
45,-0.2222222222222222,-0.4444444444444444,0.0,0.02,15,16,37,38,6.223633713218671,6.223633469503439,6.223633956933903,0.0001596155441325236,0.00015961010029489636,nan,False
45,-0.2222222222222222,-0.4444444444444444,0.0,0.02,15,16,39,40,6.680979649381941,6.6809794256337405,6.680979873130141,0.0014692769381047823,0.0014693217339554181,-1.5243949798855552e-05,True
45,-0.2222222222222222,-0.4444444444444444,0.0,0.02,17,18,37,38,5.582459561153023,5.582459518702108,5.582459603603938,0.15620707358058028,0.15620665253858168,1.347706465492801e-06,True
45,-0.2222222222222222,-0.4444444444444444,0.0,0.02,17,18,39,40,6.0398054973162925,6.039805474832409,6.039805519800176,0.0015090905876833606,0.0015091015021085515,-3.616212906993169e-06,True
45,-0.2222222222222222,-0.4444444444444444,0.0,0.02,19,20,37,38,5.416907771953965,5.416907719575464,5.4169078243324655,0.006246195931638059,0.006246131018521402,5.196239012640557e-06,True
45,-0.2222222222222222,-0.4444444444444444,0.0,0.02,19,20,39,40,5.874253708117235,5.8742536757057655,5.874253740528704,0.06413595362985322,0.06413550849818853,3.4702314708972186e-06,True
45,-0.2222222222222222,-0.4444444444444444,0.0,0.02,21,22,37,38,5.1927412692597255,5.192741210617058,5.192741327902392,0.019704162715422274,0.019703977812465676,4.691999016493197e-06,True
45,-0.2222222222222222,-0.4444444444444444,0.0,0.02,21,22,39,40,5.650087205422995,5.650087166747359,5.65008724409863,0.01371159721793844,0.013711375849779614,8.072361748654996e-06,True
45,-0.2222222222222222,-0.4444444444444444,0.0,0.02,23,24,37,38,4.8604729396947395,4.860472856526741,4.860473022862737,0.007173309724426409,0.007173176236258738,9.30458985122972e-06,True
45,-0.2222222222222222,-0.4444444444444444,0.0,0.02,23,24,39,40,5.317818875858009,5.317818812657042,5.317818939058975,0.0029313157462554163,0.0029313246411027277,-1.5172084118572005e-06,True
45,-0.2222222222222222,-0.4444444444444444,0.0,0.02,25,26,37,38,4.299058528449464,4.299058173209695,4.299058883689233,0.16035296962844414,0.16035607943723787,-9.696666816191641e-06,True
45,-0.2222222222222222,-0.4444444444444444,0.0,0.02,25,26,39,40,4.756404464612734,4.756404129339996,4.7564047998854715,0.19827121397444988,0.19827356507035612,-5.928954384173823e-06,True
45,-0.2222222222222222,-0.4444444444444444,0.0,0.02,27,28,37,38,4.224872485763128,4.224872112485914,4.2248728590403415,0.2679894102769411,0.26798727776151765,3.978746596748789e-06,True
45,-0.2222222222222222,-0.4444444444444444,0.0,0.02,27,28,39,40,4.682218421926398,4.682218068616216,4.68221877523658,0.11162612041474534,0.11162472279185998,6.2603252256255604e-06,True
45,-0.2222222222222222,-0.4444444444444444,0.0,0.02,29,30,37,38,3.353593615338065,3.35359352106795,3.3535937096081794,0.07422766686602356,0.07422709403997085,3.8585899785688305e-06,True
45,-0.2222222222222222,-0.4444444444444444,0.0,0.02,29,30,39,40,3.8109395515013347,3.810939477198251,3.8109396258044175,0.031195756334359056,0.03119545948197633,4.757919505865803e-06,True
45,-0.2222222222222222,-0.4444444444444444,0.0,0.02,31,32,37,38,3.20988491364887,3.2098848204134613,3.209885006884279,0.025526042778541216,0.025526715296425567,-1.317299808489529e-05,True
45,-0.2222222222222222,-0.4444444444444444,0.0,0.02,31,32,39,40,3.6672308498121398,3.6672307765437626,3.667230923080517,0.15054948763273207,0.15055051810746456,-3.4223670303668484e-06,True
45,-0.2222222222222222,-0.4444444444444444,0.0,0.02,33,34,37,38,2.4770465443391703,2.4770460727928434,2.477047015885497,0.7083779319245949,0.7083784458688508,-3.627612086217952e-07,True
45,-0.2222222222222222,-0.4444444444444444,0.0,0.02,33,34,39,40,2.93439248050244,2.9343920289231447,2.9343929320817352,0.7785045620058528,0.7785045363023823,1.650823402516197e-08,True
45,-0.2222222222222222,-0.4444444444444444,0.0,0.02,35,36,37,38,2.3697393790720405,2.369738900730211,2.369739857413869,1.132344008966991,1.1323407412857889,1.4428856827439164e-06,True
45,-0.2222222222222222,-0.4444444444444444,0.0,0.02,35,36,39,40,2.82708531523531,2.8270848568605125,2.8270857736101074,0.4983770352567972,0.4983751155522515,1.9259597726057006e-06,True
46,-0.25,-0.5,0.0,0.02,1,2,37,38,14.210286402135969,14.21028636606594,14.210286438205996,0.020282166584129183,0.020282139358807214,6.711644963772135e-07,True
46,-0.25,-0.5,0.0,0.02,1,2,39,40,14.522196549560636,14.52219649947376,14.522196599647515,0.0015157836464846713,0.001515776800289154,2.258307441788223e-06,True
46,-0.25,-0.5,0.0,0.02,3,4,37,38,14.119842460880694,14.119842422140788,14.119842499620598,0.0006230843313657191,0.0006231011861631614,nan,False
46,-0.25,-0.5,0.0,0.02,3,4,39,40,14.431752608305363,14.431752555548607,14.431752661062117,0.030617128191714724,0.030617116630621652,1.8880110477401593e-07,True
46,-0.25,-0.5,0.0,0.02,5,6,37,38,13.95955320280906,13.959553168367655,13.959553237250462,0.0007822307696386155,0.0007822322509636407,nan,False
46,-0.25,-0.5,0.0,0.02,5,6,39,40,14.271463350233727,14.271463301775475,14.271463398691981,7.678762900721957e-05,7.678747550848953e-05,nan,False
46,-0.25,-0.5,0.0,0.02,7,8,37,38,13.888113698236454,13.888113664515917,13.88811373195699,6.929487269869135e-05,6.929495782255122e-05,nan,False
46,-0.25,-0.5,0.0,0.02,7,8,39,40,14.200023845661121,14.200023797923736,14.200023893398509,0.0002238756665054192,0.00022387661070545655,nan,False
46,-0.25,-0.5,0.0,0.02,9,10,37,38,7.091643807103785,7.091643763424611,7.091643850782958,0.021759692697195188,0.021759338179511367,8.146267889669345e-06,True
46,-0.25,-0.5,0.0,0.02,9,10,39,40,7.403553954528453,7.403553896832429,7.403554012224477,0.02022183461142823,0.020221531601466232,7.492204293815837e-06,True
46,-0.25,-0.5,0.0,0.02,11,12,37,38,6.943325597336506,6.943325555259258,6.943325639413754,0.02615769795226863,0.026158026199390123,-6.274349190745695e-06,True
46,-0.25,-0.5,0.0,0.02,11,12,39,40,7.255235744761174,7.255235688667076,7.255235800855273,0.023071508881063643,0.023071625530636165,-2.5279941211056516e-06,True
46,-0.25,-0.5,0.0,0.02,13,14,37,38,6.808779936069795,6.808779776945175,6.808780095194415,0.0002744233414238909,0.0002744343949663454,nan,False
46,-0.25,-0.5,0.0,0.02,13,14,39,40,7.1206900834944635,7.1206899103529935,7.120690256635934,0.001807565622789066,0.0018075513043356057,3.960716554699446e-06,True
46,-0.25,-0.5,0.0,0.02,15,16,37,38,6.743098891078413,6.743098732007192,6.743099050149633,0.00024108070152112213,0.00024107442898458524,nan,False
46,-0.25,-0.5,0.0,0.02,15,16,39,40,7.055009038503081,7.05500886541501,7.055009211591152,0.0005862120529369287,0.0005862482437588136,nan,False
46,-0.25,-0.5,0.0,0.02,17,18,37,38,5.666041649433098,5.666041598571957,5.66604170029424,0.019534519207067346,0.01953422433287688,7.547572912422134e-06,True
46,-0.25,-0.5,0.0,0.02,17,18,39,40,5.9779517968577665,5.9779517319797755,5.977951861735758,0.0016981821379174573,0.0016981721664686795,2.9359271395545622e-06,True
46,-0.25,-0.5,0.0,0.02,19,20,37,38,5.584247504516957,5.584247439024894,5.584247570009019,0.021599511821943317,0.021599752025634234,-5.560365374845232e-06,True
46,-0.25,-0.5,0.0,0.02,19,20,39,40,5.896157651941625,5.896157572432712,5.896157731450537,0.008669601415203948,0.008669670206150972,-3.967349293903985e-06,True
46,-0.25,-0.5,0.0,0.02,21,22,37,38,5.291077772444411,5.291077696753422,5.2910778481354,0.0014798533838558362,0.0014798712445567395,-6.034581978278834e-06,True
46,-0.25,-0.5,0.0,0.02,21,22,39,40,5.602987919869079,5.60298783016124,5.602988009576919,0.0021618929341103883,0.002161888920124231,9.283507569689646e-07,True
46,-0.25,-0.5,0.0,0.02,23,24,37,38,5.006823268964297,5.006823069177464,5.006823468751129,0.005745937432230627,0.005746006300754553,-5.99276549958095e-06,True
46,-0.25,-0.5,0.0,0.02,23,24,39,40,5.318733416388965,5.318733202585282,5.318733630192648,0.005111344211902586,0.005111369038797521,-2.4286013239339167e-06,True
46,-0.25,-0.5,0.0,0.02,25,26,37,38,4.869862498059215,4.869862316961514,4.869862679156915,0.0031648688588017775,0.003164842007839303,4.242051973621719e-06,True
46,-0.25,-0.5,0.0,0.02,25,26,39,40,5.181772645483883,5.1817724503693325,5.181772840598433,0.06173776971158075,0.06173721184231373,4.518075321794889e-06,True
46,-0.25,-0.5,0.0,0.02,27,28,37,38,4.721685949224601,4.721685903462924,4.721685994986279,0.15759105762969192,0.15759093972099367,3.740971858816786e-07,True
46,-0.25,-0.5,0.0,0.02,27,28,39,40,5.033596096649269,5.033596036870742,5.033596156427797,0.04429702083479617,0.04429724094617102,-2.484487938882457e-06,True
46,-0.25,-0.5,0.0,0.02,29,30,37,38,3.7854717363629486,3.785471685528506,3.7854717871973906,0.04547901971315398,0.045478711650068886,3.386881801910034e-06,True
46,-0.25,-0.5,0.0,0.02,29,30,39,40,4.097381883787617,4.0973818189363245,4.097381948638909,0.02263684110422188,0.022636638098680256,4.483983674274492e-06,True
46,-0.25,-0.5,0.0,0.02,31,32,37,38,3.568405851643874,3.568405803692898,3.56840589959485,0.022605251798224098,0.022605839650882177,-1.3002399173245112e-05,True
46,-0.25,-0.5,0.0,0.02,31,32,39,40,3.880315999068542,3.880315937100716,3.8803160610363685,0.04791298868865713,0.047913120025200255,-1.3705715998477536e-06,True
46,-0.25,-0.5,0.0,0.02,33,34,37,38,2.4734782636623716,2.4734778301812774,2.4734786971434657,0.7324614310578914,0.732461272656623,1.081294378424202e-07,True
46,-0.25,-0.5,0.0,0.02,33,34,39,40,2.78538841108704,2.7853879635890957,2.785388858584984,0.9263985798849018,0.9264008093167945,-1.2032775408100668e-06,True
46,-0.25,-0.5,0.0,0.02,35,36,37,38,2.34802611509267,2.3480256697840245,2.3480265604013155,1.2390305689114807,1.2390234177300532,2.885805340003532e-06,True
46,-0.25,-0.5,0.0,0.02,35,36,39,40,2.6599362625173386,2.6599358031918428,2.659936721842834,0.6431642198842684,0.6431622536920041,1.5285328450630621e-06,True
47,-0.2777777777777778,-0.5555555555555556,0.0,0.02,1,2,37,38,14.025463757569181,14.025463700593965,14.025463814544398,0.033372648944999354,0.03337271953729732,-1.0576359014961425e-06,True
47,-0.2777777777777778,-0.5555555555555556,0.0,0.02,1,2,39,40,14.156875240014209,14.156875184764656,14.15687529526376,0.004261678890084674,0.004261571748929213,1.257045697685107e-05,True
47,-0.2777777777777778,-0.5555555555555556,0.0,0.02,3,4,37,38,13.959039542193619,13.959039483294708,13.959039601092528,0.004135258014316868,0.0041354038621409265,-1.7634359406411293e-05,True
47,-0.2777777777777778,-0.5555555555555556,0.0,0.02,3,4,39,40,14.090451024638645,14.090450967465399,14.090451081811889,0.041515587263266825,0.04151551398268468,8.825678696828937e-07,True
47,-0.2777777777777778,-0.5555555555555556,0.0,0.02,5,6,37,38,13.854206233214445,13.854206177003045,13.854206289425843,0.0020918816174675748,0.002091887617816331,-1.4341968733489767e-06,True
47,-0.2777777777777778,-0.5555555555555556,0.0,0.02,5,6,39,40,13.98561771565947,13.985617661173736,13.985617770145204,0.0003214071212230757,0.0003213979454156601,nan,False
47,-0.2777777777777778,-0.5555555555555556,0.0,0.02,7,8,37,38,13.812042912596187,13.812042856582815,13.812042968609557,8.924894778057947e-05,8.924926727615662e-05,nan,False
47,-0.2777777777777778,-0.5555555555555556,0.0,0.02,7,8,39,40,13.943454395041213,13.943454340753506,13.943454449328918,0.00021650590456386506,0.00021650912346633675,nan,False
47,-0.2777777777777778,-0.5555555555555556,0.0,0.02,9,10,37,38,7.106876584952884,7.1068764927288495,7.106876677176919,0.00278458654939498,0.0027845978344819837,-2.0263446540638696e-06,True
47,-0.2777777777777778,-0.5555555555555556,0.0,0.02,9,10,39,40,7.23828806739791,7.2382879768995405,7.238288157896281,0.0032755988935441517,0.003275585467429127,2.0494179807935257e-06,True
47,-0.2777777777777778,-0.5555555555555556,0.0,0.02,11,12,37,38,7.010135161139333,7.010135059494869,7.010135262783797,0.00045054022825949586,0.00045048537513000966,nan,False
47,-0.2777777777777778,-0.5555555555555556,0.0,0.02,11,12,39,40,7.141546643584359,7.14154654366556,7.141546743503159,0.0005399087562154357,0.0005398278717508921,nan,False
47,-0.2777777777777778,-0.5555555555555556,0.0,0.02,13,14,37,38,6.95906520724595,6.9590650816685,6.9590653328234,0.012639031055811588,0.012638783340527624,9.799711323142418e-06,True
47,-0.2777777777777778,-0.5555555555555556,0.0,0.02,13,14,39,40,7.090476689690977,7.090476565839191,7.090476813542762,0.0332512081797786,0.03325080584511848,6.0499620353143815e-06,True
47,-0.2777777777777778,-0.5555555555555556,0.0,0.02,15,16,37,38,6.856385408986767,6.8563852856724825,6.85638553230105,0.03386409900006925,0.03386459388197513,-7.3068279457313055e-06,True
47,-0.2777777777777778,-0.5555555555555556,0.0,0.02,15,16,39,40,6.987796891431794,6.9877967698431735,6.987797013020412,0.004422189134819277,0.004422281729546871,-1.0469221846472195e-05,True
47,-0.2777777777777778,-0.5555555555555556,0.0,0.02,17,18,37,38,5.6632762877294045,5.66327615162823,5.663276423830578,0.07513799418255745,0.07513961624406494,-1.079376696822285e-05,True
47,-0.2777777777777778,-0.5555555555555556,0.0,0.02,17,18,39,40,5.794687770174431,5.794687635798921,5.79468790454994,0.0371819633381794,0.037182674183780934,-9.558919739564517e-06,True
47,-0.2777777777777778,-0.5555555555555556,0.0,0.02,19,20,37,38,5.597478799845252,5.597478720153502,5.597478879537002,0.02474975454474921,0.024748745659304357,2.0382141695082983e-05,True
47,-0.2777777777777778,-0.5555555555555556,0.0,0.02,19,20,39,40,5.728890282290278,5.728890204324193,5.728890360256364,0.014192305449594869,0.014191303159119083,3.531229906679391e-05,True
47,-0.2777777777777778,-0.5555555555555556,0.0,0.02,21,22,37,38,5.377525606159499,5.3775254429851955,5.377525769333802,0.012021092233724112,0.012021327727125834,-9.79491257973199e-06,True
47,-0.2777777777777778,-0.5555555555555556,0.0,0.02,21,22,39,40,5.508937088604526,5.508936927155887,5.508937250053164,0.028108528718072318,0.028108215835312256,5.565650635722702e-06,True
47,-0.2777777777777778,-0.5555555555555556,0.0,0.02,23,24,37,38,5.161485110224617,5.161484572156786,5.161485648292448,0.03593927532191167,0.035938962172731174,4.356661924542459e-06,True
47,-0.2777777777777778,-0.5555555555555556,0.0,0.02,23,24,39,40,5.292896592669644,5.292896056327477,5.29289712901181,0.0853316702477888,0.08533229881082288,-3.6830447431135273e-06,True
47,-0.2777777777777778,-0.5555555555555556,0.0,0.02,25,26,37,38,5.11384981546874,5.11384929692072,5.113850334016759,0.046307668520711026,0.046307425080333496,2.6285173189880667e-06,True
47,-0.2777777777777778,-0.5555555555555556,0.0,0.02,25,26,39,40,5.245261297913766,5.245260781091411,5.245261814736121,0.053156337970913105,0.053156749526422964,-3.871165061116486e-06,True
47,-0.2777777777777778,-0.5555555555555556,0.0,0.02,27,28,37,38,4.846264274688295,4.8462641916017954,4.846264357774795,0.008501165121457465,0.008500849727132177,1.8550408766087768e-05,True
47,-0.2777777777777778,-0.5555555555555556,0.0,0.02,27,28,39,40,4.977675757133322,4.9776756757724865,4.977675838494157,0.06898518142544027,0.06898524418630927,-4.548863912214045e-07,True
47,-0.2777777777777778,-0.5555555555555556,0.0,0.02,29,30,37,38,4.032516554194778,4.032516493853102,4.032516614536454,0.013550089455617743,0.01355011589663704,-9.756759756605608e-07,True
47,-0.2777777777777778,-0.5555555555555556,0.0,0.02,29,30,39,40,4.163928036639804,4.163927978023793,4.163928095255816,0.00761934098476893,0.007619234215211065,7.00653154667678e-06,True
47,-0.2777777777777778,-0.5555555555555556,0.0,0.02,31,32,37,38,3.7843631703913667,3.7843631241379017,3.7843632166448318,0.007262845057579098,0.007263022394061391,-1.2208323040496434e-05,True
47,-0.2777777777777778,-0.5555555555555556,0.0,0.02,31,32,39,40,3.9157746528363933,3.9157746083085927,3.915774697364194,0.009587029359993716,0.009586966718772476,3.2669883201340906e-06,True
47,-0.2777777777777778,-0.5555555555555556,0.0,0.02,33,34,37,38,2.272402180296571,2.272401806704364,2.272402553888778,1.4182088498450698,1.4181987012154604,3.577987093412473e-06,True
47,-0.2777777777777778,-0.5555555555555556,0.0,0.02,33,34,39,40,2.403813662741598,2.403813290875055,2.40381403460814,1.453969857346095,1.453983300942317,-4.623044282436385e-06,True
47,-0.2777777777777778,-0.5555555555555556,0.0,0.02,35,36,37,38,2.1258751344619977,2.1258747418309025,2.1258755270930925,1.770385824112128,1.7703621080790208,6.698029219057886e-06,True
47,-0.2777777777777778,-0.5555555555555556,0.0,0.02,35,36,39,40,2.2572866169070243,2.2572862260015936,2.2572870078124545,1.5529140258363394,1.5529199730884262,-1.9148647638157586e-06,True
48,-0.3055555555555555,-0.611111111111111,0.0,0.02,1,2,37,38,13.79671538548023,13.796715336178728,13.796715434781731,0.03585117687148137,0.035851647172254114,-6.559027193344546e-06,True
48,-0.3055555555555555,-0.611111111111111,0.0,0.02,1,2,39,40,13.834524600960105,13.834524533389922,13.834524668530285,0.012125189323473751,0.012124690055201068,2.0588484787348123e-05,True
48,-0.3055555555555555,-0.611111111111111,0.0,0.02,3,4,37,38,13.753999728510527,13.75399967955472,13.753999777466333,0.012286551522062405,0.0122870910122643,-2.1954018462744415e-05,True
48,-0.3055555555555555,-0.611111111111111,0.0,0.02,3,4,39,40,13.7918089439904,13.791808876765915,13.791809011214887,0.03969387949096999,0.03969341548430959,5.844847850585114e-06,True
48,-0.3055555555555555,-0.611111111111111,0.0,0.02,5,6,37,38,13.67280343809817,13.672803379835177,13.672803496361162,0.0021893974980490578,0.0021894339396594407,nan,False
48,-0.3055555555555555,-0.611111111111111,0.0,0.02,5,6,39,40,13.710612653578043,13.710612577046371,13.710612730109716,0.0008289567606845331,0.0008289357123667366,nan,False
48,-0.3055555555555555,-0.611111111111111,0.0,0.02,7,8,37,38,13.654873220745772,13.654873163280538,13.654873278211006,0.0001576573275024418,0.00015765386763892116,nan,False
48,-0.3055555555555555,-0.611111111111111,0.0,0.02,7,8,39,40,13.692682436225645,13.692682360491732,13.69268251195956,0.00012004130689414531,0.00012003740623385081,nan,False
48,-0.3055555555555555,-0.611111111111111,0.0,0.02,9,10,37,38,7.141349695390682,7.141349633803692,7.141349756977672,0.00011856836566328122,0.00011857231813744123,nan,False
48,-0.3055555555555555,-0.611111111111111,0.0,0.02,9,10,39,40,7.179158910870556,7.179158831014886,7.179158990726226,0.00022082568333899987,0.00022082351921075418,nan,False
48,-0.3055555555555555,-0.611111111111111,0.0,0.02,11,12,37,38,7.048073060513132,7.048072999112286,7.048073121913978,6.896890656418365e-05,6.89702444424755e-05,nan,False
48,-0.3055555555555555,-0.611111111111111,0.0,0.02,11,12,39,40,7.085882275993006,7.08588219632348,7.085882355662532,0.00010701762530950308,0.00010701573096412915,nan,False
48,-0.3055555555555555,-0.611111111111111,0.0,0.02,13,14,37,38,6.632217241419034,6.632217047350876,6.632217435487192,0.00366819989234852,0.0036682443519352966,nan,False
48,-0.3055555555555555,-0.611111111111111,0.0,0.02,13,14,39,40,6.670026456898908,6.67002624456207,6.670026669235746,0.039768512965231526,0.03976826850543766,3.0735439547080957e-06,True
48,-0.3055555555555555,-0.611111111111111,0.0,0.02,15,16,37,38,6.552847135113021,6.552846934210729,6.552847336015313,0.01921774418419961,0.019217758533281143,-3.7332883713150466e-07,True
48,-0.3055555555555555,-0.611111111111111,0.0,0.02,15,16,39,40,6.590656350592895,6.590656131421923,6.590656569763867,0.001848318791573829,0.0018483127921707695,nan,False
48,-0.3055555555555555,-0.611111111111111,0.0,0.02,17,18,37,38,5.701653371238664,5.701652552020009,5.701654190457319,0.10621446647037987,0.10621466705209982,-9.442288664916724e-07,True
48,-0.3055555555555555,-0.611111111111111,0.0,0.02,17,18,39,40,5.739462586718538,5.739461749231204,5.739463424205873,0.024774100422784273,0.0247744170139619,-6.389518677971567e-06,True
48,-0.3055555555555555,-0.611111111111111,0.0,0.02,19,20,37,38,5.669565266098413,5.669564392738518,5.669566139458308,0.07374284706122924,0.07374383068994078,-6.669271601579817e-06,True
48,-0.3055555555555555,-0.611111111111111,0.0,0.02,19,20,39,40,5.707374481578287,5.707373589949713,5.707375373206862,0.03156936466466087,0.03157004597006294,-1.0790493531981684e-05,True
48,-0.3055555555555555,-0.611111111111111,0.0,0.02,21,22,37,38,5.427938958703765,5.427938885868374,5.427939031539157,0.17907943180443003,0.17907997448224744,-1.515185160238985e-06,True
48,-0.3055555555555555,-0.611111111111111,0.0,0.02,21,22,39,40,5.46574817418364,5.465748083079569,5.4657482652877105,0.05895233953129785,0.05894831603803751,3.4126131368073515e-05,True
48,-0.3055555555555555,-0.611111111111111,0.0,0.02,23,24,37,38,5.28311313474278,5.283113057041059,5.283113212444501,0.01878188419878613,0.01878424760558978,-6.291323301421851e-05,True
48,-0.3055555555555555,-0.611111111111111,0.0,0.02,23,24,39,40,5.320922350222654,5.320922254252253,5.320922446193054,0.30693325087939755,0.30693280684267293,7.233446433891671e-07,True
48,-0.3055555555555555,-0.611111111111111,0.0,0.02,25,26,37,38,4.904546747674892,4.904546677046634,4.9045468183031495,0.05575089490709571,0.05575154305052242,-5.812818433201394e-06,True
48,-0.3055555555555555,-0.611111111111111,0.0,0.02,25,26,39,40,4.942355963154766,4.942355874257828,4.942356052051704,0.01182825905023542,0.011827961761569465,1.2567039694149589e-05,True
48,-0.3055555555555555,-0.611111111111111,0.0,0.02,27,28,37,38,4.699636422944113,4.699636344657369,4.699636501230858,0.0062376800197340345,0.006238043080578206,-2.9101386849663294e-05,True
48,-0.3055555555555555,-0.611111111111111,0.0,0.02,27,28,39,40,4.737445638423988,4.7374455418685635,4.737445734979412,0.041017758420805225,0.04101735159976789,4.959108816148623e-06,True
48,-0.3055555555555555,-0.611111111111111,0.0,0.02,29,30,37,38,4.062850418828289,4.062850339451274,4.062850498205302,0.002378978244326163,0.002378992828866757,nan,False
48,-0.3055555555555555,-0.611111111111111,0.0,0.02,29,30,39,40,4.100659634308162,4.1006595366624685,4.100659731953856,0.002535498320181434,0.002535462431773499,nan,False
48,-0.3055555555555555,-0.611111111111111,0.0,0.02,31,32,37,38,3.8737542356790664,3.873754175315307,3.873754296042826,0.0008899716158097438,0.0008899940154471178,nan,False
48,-0.3055555555555555,-0.611111111111111,0.0,0.02,31,32,39,40,3.9115634511589406,3.9115633725265013,3.91156352979138,0.0013051131225855115,0.0013051106449071908,nan,False
48,-0.3055555555555555,-0.611111111111111,0.0,0.02,33,34,37,38,1.9777272662130456,1.9777270346502174,1.977727497775874,3.1213971507854428,3.121332589894114,1.0341772591541015e-05,True
48,-0.3055555555555555,-0.611111111111111,0.0,0.02,33,34,39,40,2.0155364816929198,2.015536231861412,2.0155367315244277,2.4231621133358106,2.4232284312736208,-1.3683985473264274e-05,True
48,-0.3055555555555555,-0.611111111111111,0.0,0.02,35,36,37,38,1.8127125720024193,1.8127123205488016,1.8127128234560372,2.891328747563725,2.891238610547953,1.55877156615081e-05,True
48,-0.3055555555555555,-0.611111111111111,0.0,0.02,35,36,39,40,1.8505217874822932,1.8505215177599958,1.8505220572045908,3.791575819227188,3.79164333722677,-8.903606527699355e-06,True
49,-0.3333333333333333,-0.6666666666666666,0.0,0.02,1,2,37,40,13.70029262775348,13.699523704495453,13.70106155899474,0.05241048449575336,0.05241046643511867,1.722998554085552e-07,True
49,-0.3333333333333333,-0.6666666666666666,0.0,0.02,3,4,37,40,13.66960681767062,13.668837894239044,13.670375749085427,0.05197397983391401,0.05197396782202132,1.1555680472504123e-07,True
49,-0.3333333333333333,-0.6666666666666666,0.0,0.02,5,6,37,40,13.589824161113588,13.589055237884486,13.590593092325921,0.0010747724724147361,0.0010747708387435408,nan,False
49,-0.3333333333333333,-0.6666666666666666,0.0,0.02,7,8,37,40,13.585681229074858,13.584912305845755,13.58645016028719,0.002134627594489169,0.0021346264116199228,nan,False
49,-0.3333333333333333,-0.6666666666666666,0.0,0.02,9,10,37,40,7.133126702900025,7.1323577792949,7.133895634488381,0.00011479198737714189,0.00011479015790334508,nan,False
49,-0.3333333333333333,-0.6666666666666666,0.0,0.02,11,12,37,40,7.037052224344341,7.0362832988012585,7.037821157870656,7.446057762422699e-05,7.446124977301093e-05,nan,False
49,-0.3333333333333333,-0.6666666666666666,0.0,0.02,13,14,37,40,6.379696600059475,6.378927675268436,6.380465532833746,0.007801618870926013,0.0078016071163984416,nan,False
49,-0.3333333333333333,-0.6666666666666666,0.0,0.02,15,16,37,40,6.345109320784678,6.344340391249979,6.3458782583026085,0.008420550477871606,0.008420556451721482,nan,False
49,-0.3333333333333333,-0.6666666666666666,0.0,0.02,17,18,37,40,5.881237535720487,5.880468605375896,5.8820064740483105,0.1125354851735775,0.11253575871498306,-1.2153547509152017e-06,True
49,-0.3333333333333333,-0.6666666666666666,0.0,0.02,19,20,37,40,5.731827083401489,5.731058137235058,5.732596037551151,0.16128385720494326,0.1612840835889085,-7.018179323196578e-07,True
49,-0.3333333333333333,-0.6666666666666666,0.0,0.02,21,22,37,40,5.359120845715108,5.358351908862447,5.359889790551,0.3868487054276696,0.3868483905545401,4.0697209682446776e-07,True
49,-0.3333333333333333,-0.6666666666666666,0.0,0.02,23,24,37,40,5.3462831336395045,5.345514147932937,5.347052127329302,0.40488404992000737,0.4048841287516828,-9.73509178132762e-08,True
49,-0.3333333333333333,-0.6666666666666666,0.0,0.02,25,26,37,40,4.729998191075824,4.729229249537353,4.730767140597526,0.06193804397141027,0.06193811677623358,-5.877226325836321e-07,True
49,-0.3333333333333333,-0.6666666666666666,0.0,0.02,27,28,37,40,4.68852889783815,4.687759928474069,4.689297875185464,0.05326639736914934,0.053266332383869894,6.100029502667717e-07,True
49,-0.3333333333333333,-0.6666666666666666,0.0,0.02,29,30,37,40,3.9823207745046614,3.98155184939545,3.9830897075971046,0.0005463265152723892,0.0005463198142667308,nan,False
49,-0.3333333333333333,-0.6666666666666666,0.0,0.02,31,32,37,40,3.9552844165587784,3.9545154922305352,3.956053348870253,0.002476423369928288,0.002476447914082759,nan,False
49,-0.3333333333333333,-0.6666666666666666,0.0,0.02,33,34,37,40,1.8470267782697762,1.846257851482929,1.8477957130398548,7.449152054256109,7.449147386179234,3.133295107300376e-07,True
49,-0.3333333333333333,-0.6666666666666666,0.0,0.02,35,36,37,40,1.6740871383030247,1.6733182146689756,1.6748560699203054,9.337947439740102,9.337944962359053,1.3265128088178446e-07,True
