# aggregation=ARCHIVED_NATIVE_POINT_ROWS; no synthetic native integral
k_index,k1,k2,k3,kx_A-1,ky_A-1,kz_A-1,k_distance_A-1,omega_plus_yz_A2,omega_minus_yz_A2,omega_parent_yz_A2,omega_plus_zx_A2,omega_minus_zx_A2,omega_parent_zx_A2,omega_plus_xy_A2,omega_minus_xy_A2,omega_parent_xy_A2,parent_projected_plus_yz_A2,parent_projected_minus_yz_A2,parent_projected_plus_zx_A2,parent_projected_minus_zx_A2,parent_projected_plus_xy_A2,parent_projected_minus_xy_A2,spin_mixing_plus_yz_A2,spin_mixing_minus_yz_A2,spin_mixing_plus_zx_A2,spin_mixing_minus_zx_A2,spin_mixing_plus_xy_A2,spin_mixing_minus_xy_A2,rank_plus,rank_minus,external_energy_gap_eV,min_abs_spin_eigenvalue,min_gram_eigenvalue,gram_condition,selected_energy_min_eV,selected_energy_max_eV,source_chunk
1, 0.0000000000000000E+000, 0.0000000000000000E+000, 0.0000000000000000E+000, 0.0000000000000000E+000, 0.0000000000000000E+000, 0.0000000000000000E+000, 0.0000000000000000E+000, 6.6926375918667175E-003,-6.3916691317535352E-003, 3.0096846011318235E-004, 3.4310224551588769E-003,-3.7492479438435305E-003,-3.1822548868465361E-004,-1.1331796854585471E+004, 1.1331796866648139E+004, 1.2062668247381225E-005, 6.6926375918665570E-003,-6.3916691317533747E-003, 3.4310224551559187E-003,-3.7492479438405724E-003,-1.1331796854585471E+004, 1.1331796866648139E+004, 1.6019687614118568E-016,-1.6019687456504669E-016, 2.9581038621416061E-015,-2.9581038653718148E-015,-1.2273003728265752E-014, 1.2273003745040248E-014,1,1, 4.7428112124265454E-002, 6.1202945034972811E-001, 1.2482240997300340E+000, 1.0000000074018649E+000,-1.4150530847162763E+000,-1.4150530831431365E+000,0
2, 5.0000000000000000E-001, 0.0000000000000000E+000, 0.0000000000000000E+000, 7.1581354240299755E-001,-4.1327514139595017E-001, 0.0000000000000000E+000, 8.2655028279190046E-001, 2.8788872382451913E+000,-2.8788871597693837E+000, 7.8475807629985184E-008,-1.6621241184359310E+000, 1.6621240512954358E+000,-6.7140495163542369E-008,-1.4567566231254392E+000, 1.4567566858834533E+000, 6.2758014118813321E-008, 2.8788872382451913E+000,-2.8788871597693837E+000,-1.6621241184359310E+000, 1.6621240512954358E+000,-1.4567566231254392E+000, 1.4567566858834533E+000, 3.8127670529273799E-019,-3.8127670529273799E-019,-9.2191444299073639E-019, 9.2191444299073639E-019, 9.8980717200389820E-018,-9.8980717200389820E-018,1,1, 1.3375862457995753E+000, 6.5351188371857727E-001, 1.1384254511909437E+000, 1.0000000089138248E+000,-2.4979191665528049E+000,-2.4979191317677296E+000,0
3, 0.0000000000000000E+000, 5.5555555555555601E-002, 0.0000000000000000E+000, 0.0000000000000000E+000, 9.1838920310211222E-002, 0.0000000000000000E+000, 1.7026377457890738E+000,-1.4430594851736812E-005, 2.4491070658459931E-005, 1.0060475806723118E-005, 5.9179448310990075E+001,-5.9179470161525650E+001,-2.1850535576461994E-005, 6.9478621444276101E+001,-6.9478633928122321E+001,-1.2483846216326810E-005,-1.4990906377798652E-005, 2.5051382184521770E-005, 1.4170822167076215E+001,-1.4170844017611792E+001, 1.5061871456380718E+001,-1.5061883940226934E+001, 5.6031152606184012E-007,-5.6031152606184012E-007, 4.5008626143913858E+001,-4.5008626143913858E+001, 5.4416749987895386E+001,-5.4416749987895386E+001,1,1, 5.2070727407243611E-001, 3.6826323573899972E-001, 1.1521004150280600E+000, 1.0000000157276059E+000,-1.3310157671783580E+000,-1.3310157401206961E+000,0
4, 5.0000000000000000E-001, 5.5555555555555601E-002, 0.0000000000000000E+000, 7.1581354240299755E-001,-3.2143622108573894E-001, 0.0000000000000000E+000, 2.5291880285809745E+000, 2.6915570289696484E+000,-2.6915569686054197E+000, 6.0364228726683677E-008,-1.2954417774972458E+000, 1.2954416242011764E+000,-1.5329606939396001E-007,-1.3731010239794195E-001, 1.3730996043648180E-001,-1.4196146014278099E-007, 2.4691749705132637E+000,-2.4691749101490350E+000,-1.2646305385600565E+000, 1.2646303852639871E+000,-1.0349785392376283E+000, 1.0349783972761681E+000, 2.2238205845638459E-001,-2.2238205845638459E-001,-3.0811238937189320E-002, 3.0811238937189320E-002, 8.9766843683968633E-001,-8.9766843683968633E-001,1,1, 1.2743149129129847E+000, 6.4978795286545221E-001, 1.1377793150771225E+000, 1.0000000072846194E+000,-2.5694851153373350E+000,-2.5694850859889731E+000,0
5, 0.0000000000000000E+000, 1.1111111111111110E-001, 0.0000000000000000E+000, 0.0000000000000000E+000, 1.8367784062042228E-001, 0.0000000000000000E+000, 3.4052754915781480E+000,-2.8672295420205259E-005, 2.8949054512487789E-005, 2.7675909228253026E-007, 2.2424483260173567E+001,-2.2424481984661593E+001, 1.2755119724872088E-006, 1.6511713755977908E+001,-1.6511717767194117E+001,-4.0112162091876513E-006,-1.2846950106087940E-005, 1.3123709198370470E-005, 7.5530203968946150E+000,-7.5530191213826425E+000, 1.0403495091214388E+000,-1.0403535203376479E+000,-1.5825345314117319E-005, 1.5825345314117319E-005, 1.4871462863278950E+001,-1.4871462863278950E+001, 1.5471364246856469E+001,-1.5471364246856469E+001,1,1, 8.3815532010197291E-001, 3.8063966682851363E-001, 1.1373440602045275E+000, 1.0000000086192331E+000,-1.4460165171862780E+000,-1.4460164827256099E+000,0
6, 5.0000000000000000E-001, 1.1111111111111110E-001, 0.0000000000000000E+000, 7.1581354240299755E-001,-2.2959730077552790E-001, 0.0000000000000000E+000, 4.2318257743700487E+000, 1.9386431414540046E+000,-1.9386431624946456E+000,-2.1040641007274985E-008,-6.0466620735261445E-001, 6.0466637947408597E-001, 1.7212147152001478E-007, 1.5557264565311246E+000,-1.5557266423599760E+000,-1.8582885152884643E-007, 1.6345591940709641E+000,-1.6345592151116051E+000,-5.6450926044536842E-001, 5.6450943256683994E-001,-2.7396115436713769E-001, 2.7396096853828616E-001, 3.0408394738304056E-001,-3.0408394738304056E-001,-4.0156946907246062E-002, 4.0156946907246062E-002, 1.8296876108982623E+000,-1.8296876108982623E+000,1,1, 1.1891776158986378E+000, 6.7615424241130917E-001, 1.1414342714809151E+000, 1.0000000189985023E+000,-2.6978142284675863E+000,-2.6978142092898532E+000,0
7, 0.0000000000000000E+000, 1.6666666666666671E-001, 0.0000000000000000E+000, 0.0000000000000000E+000, 2.7551676093063354E-001, 0.0000000000000000E+000, 5.1079132373672218E+000,-3.9325278487862017E-005, 3.9276230238330681E-005,-4.9048249531336019E-008, 1.5069458544800261E+001,-1.5069459508539271E+001,-9.6373900948520941E-007, 1.4312318328991921E+001,-1.4312317734378494E+001, 5.9461342782896054E-007,-7.8153455613239053E-006, 7.7662973117925693E-006, 7.5235691885364755E+000,-7.5235701522754850E+000,-5.2503283053915615E+000, 5.2503289000049893E+000,-3.1509932926538111E-005, 3.1509932926538111E-005, 7.5458893562637854E+000,-7.5458893562637854E+000, 1.9562646634383484E+001,-1.9562646634383484E+001,1,1, 1.0285888344553513E+000, 3.3480503113028798E-001, 1.1387660130326913E+000, 1.0000000072610025E+000,-1.6045468352760521E+000,-1.6045468039197743E+000,0
8, 5.0000000000000000E-001, 1.6666666666666671E-001, 0.0000000000000000E+000, 7.1581354240299755E-001,-1.3775838046531663E-001, 0.0000000000000000E+000, 5.9344635201591220E+000, 6.9119247681205886E-001,-6.9119268448000515E-001,-2.0766794628368501E-007,-1.2804022886987088E-001, 1.2804005652776565E-001,-1.7234210521188675E-007, 4.6891502787317019E-002,-4.6891193306171530E-002, 3.0948114548845496E-007, 6.5765478213191841E-001,-6.5765498979986470E-001,-8.1819460656041412E-002, 8.1819288313936200E-002,-7.2519651629056825E-001, 7.2519682577171374E-001, 3.3537694680140423E-002,-3.3537694680140423E-002,-4.6220768213829450E-002, 4.6220768213829450E-002, 7.7208801907788527E-001,-7.7208801907788527E-001,1,1, 1.2073590747474920E+000, 7.5379204916627462E-001, 1.1518548188134619E+000, 1.0000000091100667E+000,-2.7726274324355109E+000,-2.7726274202833063E+000,0
9, 0.0000000000000000E+000, 2.2222222222222221E-001, 0.0000000000000000E+000, 0.0000000000000000E+000, 3.6735568124084456E-001, 0.0000000000000000E+000, 6.8105509831562951E+000,-1.9756448550165928E-005, 1.9972044435484038E-005, 2.1559588531810947E-007, 1.1011975484080345E+001,-1.1011975391982556E+001, 9.2097788950695758E-008,-2.6250916980539998E+000, 2.6250918277259565E+000, 1.2967195672786147E-007,-3.9921882762777861E-007, 6.1481471294588808E-007, 7.8922640749768664E+000,-7.8922639828790775E+000,-1.1244424492873524E+001, 1.1244424622545480E+001,-1.9357229722538150E-005, 1.9357229722538150E-005, 3.1197114091034792E+000,-3.1197114091034792E+000, 8.6193327948195240E+000,-8.6193327948195240E+000,1,1, 1.1406025123475689E+000, 3.6286455901799425E-001, 1.1467035587878240E+000, 1.0000000082991305E+000,-1.7764933069416842E+000,-1.7764932783276650E+000,0
10, 5.0000000000000000E-001, 2.2222222222222221E-001, 0.0000000000000000E+000, 7.1581354240299755E-001,-4.5919460155105618E-002, 0.0000000000000000E+000, 7.6371012659481954E+000, 1.2306041230819659E-001,-1.2306035531724305E-001, 5.6990953539726164E-008, 4.0795035689092055E-002,-4.0794995200718269E-002, 4.0488373792557653E-008,-1.1014892060939296E+000, 1.1014890376145758E+000,-1.6847935380148726E-007, 1.3320754978888025E-001,-1.3320749279792671E-001, 8.2743983798756138E-002,-8.2743943310382345E-002,-1.3632706182663441E+000, 1.3632704497869903E+000,-1.0147137480683660E-002, 1.0147137480683658E-002,-4.1948948109664083E-002, 4.1948948109664076E-002, 2.6178141217241441E-001,-2.6178141217241441E-001,1,1, 1.2806251599773653E+000, 8.0806522497502897E-001, 1.1604587403251023E+000, 1.0000000161993003E+000,-2.7901154098133460E+000,-2.7901154000340780E+000,0
11, 0.0000000000000000E+000, 2.7777777777777779E-001, 0.0000000000000000E+000, 0.0000000000000000E+000, 4.5919460155105579E-001, 0.0000000000000000E+000, 8.5131887289453694E+000,-6.4749592067555681E-007, 8.3755978153026797E-007, 1.9006386085471116E-007, 8.3286776238883764E+000,-8.3286774459686885E+000, 1.7791968698332994E-007,-1.1825353455735195E+001, 1.1825353280272749E+001,-1.7546244635013863E-007, 3.3426405578913798E-006,-3.1525766970366687E-006, 6.6774057908678532E+000,-6.6774056129481663E+000,-1.0288281389124940E+001, 1.0288281213662493E+001,-3.9901364785669366E-006, 3.9901364785669366E-006, 1.6512718330205225E+000,-1.6512718330205225E+000,-1.5370720666102560E+000, 1.5370720666102560E+000,1,1, 1.2030566680944861E+000, 4.5257193177340177E-001, 1.1524103621721318E+000, 1.0000000085401186E+000,-1.9713239629075230E+000,-1.9713239342996998E+000,0
12, 5.0000000000000000E-001, 2.7777777777777779E-001, 0.0000000000000000E+000, 7.1581354240299755E-001, 4.5919460155105618E-002, 0.0000000000000000E+000, 9.3397390117372705E+000,-1.2304916163958170E-001, 1.2304903031258586E-001,-1.3132699583362495E-007, 4.0793905891059627E-002,-4.0793997414626228E-002,-9.1523566600471007E-008,-1.1014833048172004E+000, 1.1014832520928444E+000,-5.2724355770195075E-008,-1.3319958071094790E-001, 1.3319944938395206E-001, 8.2743482267012211E-002,-8.2743573790578812E-002,-1.3632638234657151E+000, 1.3632637707413593E+000, 1.0150419071366195E-002,-1.0150419071366195E-002,-4.1949576375952584E-002, 4.1949576375952584E-002, 2.6178051864851482E-001,-2.6178051864851482E-001,1,1, 1.2806265640260284E+000, 8.0806535059169293E-001, 1.1604588216017429E+000, 1.0000000117421279E+000,-2.7901148080289664E+000,-2.7901147978876306E+000,0
13, 0.0000000000000000E+000, 3.3333333333333331E-001, 0.0000000000000000E+000, 0.0000000000000000E+000, 5.5103352186126686E-001, 0.0000000000000000E+000, 1.0215826474734444E+001, 4.2775261059020319E-006,-4.2245393891247853E-006, 5.2986716777246590E-008, 6.3999939900193672E+000,-6.3999938500123577E+000, 1.4000700954142076E-007,-1.0978660073107910E+001, 1.0978660026149829E+001,-4.6958082755566011E-008, 3.8815174895137639E-006,-3.8285307727365173E-006, 5.3229017300744248E+000,-5.3229015900674153E+000,-7.1144612765752866E+000, 7.1144612296172038E+000, 3.9600861638826801E-007,-3.9600861638826801E-007, 1.0770922599449426E+000,-1.0770922599449426E+000,-3.8641987965326243E+000, 3.8641987965326243E+000,1,1, 1.2409343137294147E+000, 5.3826363773864805E-001, 1.1508565263519284E+000, 1.0000000062017242E+000,-2.1733449843911394E+000,-2.1733449540557293E+000,0
14, 5.0000000000000000E-001, 3.3333333333333331E-001, 0.0000000000000000E+000, 7.1581354240299755E-001, 1.3775838046531669E-001, 0.0000000000000000E+000, 1.1042376757526345E+001,-6.9117248170984436E-001, 6.9117241961886167E-001,-6.2090982688722818E-008,-1.2804366758251018E-001, 1.2804365318438055E-001,-1.4398129632997581E-008, 4.6898037357429923E-002,-4.6897852104630600E-002, 1.8525279932291028E-007,-6.5764256416972156E-001, 6.5764250207873887E-001,-8.1820545519433074E-002, 8.1820531121303441E-002,-7.2518231285817447E-001, 7.2518249811097379E-001,-3.3529917540122835E-002, 3.3529917540122835E-002,-4.6223122063077111E-002, 4.6223122063077111E-002, 7.7208035021560439E-001,-7.7208035021560439E-001,1,1, 1.2073619309055661E+000, 7.5379254234760962E-001, 1.1518550391315161E+000, 1.0000000205661725E+000,-2.7726260455601288E+000,-2.7726260326919618E+000,0
15, 0.0000000000000000E+000, 3.8888888888888890E-001, 0.0000000000000000E+000, 0.0000000000000000E+000, 6.4287244217147810E-001, 0.0000000000000000E+000, 1.1918464220523518E+001, 3.8940298466683865E-006,-3.9689007805169452E-006,-7.4870933848558696E-008, 4.8138242991347076E+000,-4.8138241622751519E+000, 1.3685955568831787E-007,-6.8192529452841200E+000, 6.8192526039014734E+000,-3.4138264570771071E-007, 3.1356218960290616E-006,-3.2104928298776203E-006, 4.2723534785671369E+000,-4.2723533417075812E+000,-4.3167960494286621E+000, 4.3167957080460164E+000, 7.5840795063932506E-007,-7.5840795063932506E-007, 5.4147082056757034E-001,-5.4147082056757034E-001,-2.5024568958554574E+000, 2.5024568958554574E+000,1,1, 1.2789420130571676E+000, 6.0094609231347962E-001, 1.1452945099705425E+000, 1.0000000162986615E+000,-2.3455657337667573E+000,-2.3455657012332694E+000,0
16, 5.0000000000000000E-001, 3.8888888888888890E-001, 0.0000000000000000E+000, 7.1581354240299755E-001, 2.2959730077552792E-001, 0.0000000000000000E+000, 1.2745014503315419E+001,-1.9386170567158840E+000, 1.9386167681382092E+000,-2.8857767486734076E-007,-6.0467200456931391E-001, 6.0467211161744783E-001, 1.0704813391271273E-007, 1.5557341214736224E+000,-1.5557339824737400E+000, 1.3899988243748496E-007,-1.6345474411168395E+000, 1.6345471525391646E+000,-5.6451152974889218E-001, 5.6451163679702610E-001,-2.7394245759064373E-001, 2.7394259659052617E-001,-3.0406961559904461E-001, 3.0406961559904461E-001,-4.0160474820421753E-002, 4.0160474820421753E-002, 1.8296765790642662E+000,-1.8296765790642662E+000,1,1, 1.1891794978343468E+000, 6.7615446823501579E-001, 1.1414345598687863E+000, 1.0000000160716624E+000,-2.6978130422190829E+000,-2.6978130224491692E+000,0
17, 0.0000000000000000E+000, 4.4444444444444442E-001, 0.0000000000000000E+000, 0.0000000000000000E+000, 7.3471136248168911E-001, 0.0000000000000000E+000, 1.3621101966312592E+001, 2.5331421810958273E-006,-2.5230540608746973E-006, 1.0088120221130037E-008, 3.7109148846326714E+000,-3.7109147978099921E+000, 8.6822679268294678E-008,-2.9511190099397395E+000, 2.9511189570892684E+000,-5.2850471110588160E-008, 2.3067358576253638E-006,-2.2966477374042338E-006, 3.5710001759431909E+000,-3.5710000891205116E+000,-2.2459714666549067E+000, 2.2459714138044355E+000, 2.2640632347046330E-007,-2.2640632347046330E-007, 1.3991470868948055E-001,-1.3991470868948055E-001,-7.0514754328483287E-001, 7.0514754328483287E-001,1,1, 1.3187596047201442E+000, 6.4001712511586595E-001, 1.1403147309408981E+000, 1.0000000089783174E+000,-2.4587517966610721E+000,-2.4587517625114175E+000,0
18, 5.0000000000000000E-001, 4.4444444444444442E-001, 0.0000000000000000E+000, 7.1581354240299755E-001, 3.2143622108573894E-001, 0.0000000000000000E+000, 1.4447652249104493E+001,-2.6915596411332157E+000, 2.6915595427483572E+000,-9.8384858482347681E-008,-1.2954499930844638E+000, 1.2954500202389334E+000, 2.7154469561807559E-008,-1.3728644781940647E-001, 1.3728626893701135E-001,-1.7888239511876236E-007,-2.4691809339087367E+000, 2.4691808355238782E+000,-1.2646374167989463E+000, 1.2646374439534158E+000,-1.0349619151314176E+000, 1.0349617362490224E+000,-2.2237870722447886E-001, 2.2237870722447886E-001,-3.0812576285517652E-002, 3.0812576285517652E-002, 8.9767546731201109E-001,-8.9767546731201109E-001,1,1, 1.2743147440715124E+000, 6.4978689027415171E-001, 1.1377795108144999E+000, 1.0000000083364615E+000,-2.5694846658574964E+000,-2.5694846362654822E+000,0
19, 0.0000000000000000E+000, 5.0000000000000000E-001, 0.0000000000000000E+000, 0.0000000000000000E+000, 8.2655028279190035E-001, 0.0000000000000000E+000, 1.5323739712101666E+001, 1.9114072575424344E-006,-1.8753754341771776E-006, 3.6031823365256788E-008, 3.3242510093067272E+000,-3.3242511967175177E+000,-1.8741079044204412E-007,-1.4567563759859563E+000, 1.4567565204532062E+000, 1.4446724994066074E-007, 1.9114072568951479E-006,-1.8753754335298911E-006, 3.3242510093067232E+000,-3.3242511967175137E+000,-1.4567563759859525E+000, 1.4567565204532025E+000, 6.4728641402919007E-016,-6.4728641402919007E-016, 4.0617150798565758E-015,-4.0617150798565758E-015,-3.6888250884308142E-015, 3.6888250884308142E-015,1,1, 1.3375862458395051E+000, 6.5351188758936862E-001, 1.1384254443480712E+000, 1.0000000149511328E+000,-2.4979191665685674E+000,-2.4979191317594864E+000,0
20, 5.0000000000000000E-001, 5.0000000000000000E-001, 0.0000000000000000E+000, 7.1581354240299755E-001, 4.1327514139595017E-001, 0.0000000000000000E+000, 1.6150289994893566E+001,-2.8789026994569915E+000, 2.8789024740214448E+000,-2.2543554667464605E-007,-1.6621351965726394E+000, 1.6621351261672404E+000,-7.0405399066331142E-008,-1.4567460430332344E+000, 1.4567458638997828E+000,-1.7913345162767769E-007,-2.8789026994569902E+000, 2.8789024740214435E+000,-1.6621351965726381E+000, 1.6621351261672390E+000,-1.4567460430332329E+000, 1.4567458638997812E+000,-1.4687657645876961E-015, 1.4687657645876961E-015,-1.2275704358099056E-015, 1.2275704358099056E-015,-1.4590848795275655E-015, 1.4590848795275655E-015,1,1, 1.3375851376193921E+000, 6.5351029074143641E-001, 1.1384256412739651E+000, 1.0000000054669880E+000,-2.4979190606828761E+000,-2.4979190257498143E+000,0
21, 0.0000000000000000E+000,-4.4444444444444442E-001, 0.0000000000000000E+000, 0.0000000000000000E+000,-7.3471136248168911E-001, 0.0000000000000000E+000, 1.7503161770256160E+001, 2.6161650022991012E-006,-2.5771975524067665E-006, 3.8967449892334752E-008, 3.7109158527689048E+000,-3.7109158444774129E+000, 8.2914919374843521E-009,-2.9511198520671558E+000, 2.9511199021468260E+000, 5.0079670188551972E-008, 2.3584817130371826E-006,-2.3195142631448479E-006, 3.5710011258819745E+000,-3.5710011175904826E+000,-2.2459721652964202E+000, 2.2459722153760904E+000, 2.5768328926191850E-007,-2.5768328926191850E-007, 1.3991472688693013E-001,-1.3991472688693013E-001,-7.0514768677073569E-001, 7.0514768677073569E-001,1,1, 1.3187596047336827E+000, 6.4001712430440483E-001, 1.1403147359374166E+000, 1.0000000096108117E+000,-2.4587517966814172E+000,-2.4587517624812518E+000,0
22, 5.0000000000000000E-001,-4.4444444444444442E-001, 0.0000000000000000E+000, 7.1581354240299755E-001,-1.1479865038776393E+000, 0.0000000000000000E+000, 1.8329712053048059E+001,-2.6915592484537774E+000, 2.6915590338941811E+000,-2.1455959631211385E-007,-1.2954498228908768E+000, 1.2954498133047621E+000,-9.5861147908493649E-009,-1.3728594148857265E-001, 1.3728571980542170E-001,-2.2168315094717173E-007,-2.4691806095745457E+000, 2.4691803950149493E+000,-1.2646372313437071E+000, 1.2646372217575923E+000,-1.0349615326202297E+000, 1.0349613109370788E+000,-2.2237863887923165E-001, 2.2237863887923165E-001,-3.0812591547169758E-002, 3.0812591547169758E-002, 8.9767559113165707E-001,-8.9767559113165707E-001,1,1, 1.2743147440453217E+000, 6.4978688585673372E-001, 1.1377795206059647E+000, 1.0000000083904523E+000,-2.5694846658938042E+000,-2.5694846362326835E+000,0
23, 0.0000000000000000E+000,-3.8888888888888878E-001, 0.0000000000000000E+000, 0.0000000000000000E+000,-6.4287244217147788E-001, 0.0000000000000000E+000, 1.9205799516045232E+001, 3.9547979874889127E-006,-3.9255351555284296E-006, 2.9262831960483095E-008, 4.8138247352981072E+000,-4.8138249072179669E+000,-1.7191985968167955E-007,-6.8192535273651238E+000, 6.8192535336282418E+000, 6.2631180242078699E-009, 3.2008273210970702E-006,-3.1715644891365871E-006, 4.2723538539797739E+000,-4.2723540258996335E+000,-4.3167964294297656E+000, 4.3167964356928836E+000, 7.5397066639184284E-007,-7.5397066639184284E-007, 5.4147088131833343E-001,-5.4147088131833343E-001,-2.5024570979353586E+000, 2.5024570979353586E+000,1,1, 1.2789420131352882E+000, 6.0094609167152224E-001, 1.1452945223462927E+000, 1.0000000137272791E+000,-2.3455657337186362E+000,-2.3455657012372755E+000,0
24, 5.0000000000000000E-001,-3.8888888888888878E-001, 0.0000000000000000E+000, 7.1581354240299755E-001,-1.0561475835674281E+000, 0.0000000000000000E+000, 2.0032349798837132E+001,-1.9386168543694131E+000, 1.9386167904795530E+000,-6.3889860069110682E-008,-6.0467220331214366E-001, 6.0467203825546434E-001,-1.6505667932431578E-007, 1.5557350114405633E+000,-1.5557349232925488E+000, 8.8148014443234501E-008,-1.6345472030587924E+000, 1.6345471391689324E+000,-5.6451168244554051E-001, 5.6451151738886118E-001,-2.7394192207472851E-001, 2.7394201022274295E-001,-3.0406965131062075E-001, 3.0406965131062075E-001,-4.0160520866603169E-002, 4.0160520866603169E-002, 1.8296769335152918E+000,-1.8296769335152918E+000,1,1, 1.1891794978266219E+000, 6.7615446739468454E-001, 1.1414345480343284E+000, 1.0000000114512126E+000,-2.6978130421976698E+000,-2.6978130224472552E+000,0
25, 0.0000000000000000E+000,-3.3333333333333343E-001, 0.0000000000000000E+000, 0.0000000000000000E+000,-5.5103352186126708E-001, 0.0000000000000000E+000, 2.0908437261834305E+001, 4.3489678291495135E-006,-4.3178908650066297E-006, 3.1076964142883747E-008, 6.3999929033565577E+000,-6.3999924864329962E+000, 4.1692356145262011E-007,-1.0978658882086563E+001, 1.0978658730717420E+001,-1.5136914388591549E-007, 3.8735988987503912E-006,-3.8425219346075075E-006, 5.3229007735749558E+000,-5.3229003566513944E+000,-7.1144604431529244E+000, 7.1144602917837805E+000, 4.7536893039912265E-007,-4.7536893039912265E-007, 1.0770921297816021E+000,-1.0770921297816021E+000,-3.8641984389336388E+000, 3.8641984389336388E+000,1,1, 1.2409343137399680E+000, 5.3826363830378032E-001, 1.1508565216818323E+000, 1.0000000165380072E+000,-2.1733449843784984E+000,-2.1733449540296470E+000,0
26, 5.0000000000000000E-001,-3.3333333333333343E-001, 0.0000000000000000E+000, 7.1581354240299755E-001,-9.6430866325721731E-001, 0.0000000000000000E+000, 2.1734987544626204E+001,-6.9117201496684855E-001, 6.9117166395279039E-001,-3.5101405815307629E-007,-1.2804389662542806E-001, 1.2804419205139433E-001, 2.9542596627352147E-007, 4.6898720661936344E-002,-4.6898802816592977E-002,-8.2154656633193213E-008,-6.5764219411992864E-001, 6.5764184310587048E-001,-8.1820734425933156E-002, 8.1821029851899429E-002,-7.2518183230962552E-001, 7.2518175015496888E-001,-3.3529820846919925E-002, 3.3529820846919925E-002,-4.6223162199494912E-002, 4.6223162199494912E-002, 7.7208055297156186E-001,-7.7208055297156186E-001,1,1, 1.2073619308546166E+000, 7.5379253604510910E-001, 1.1518550300212811E+000, 1.0000000184652180E+000,-2.7726260455897567E+000,-2.7726260326627181E+000,0
27, 0.0000000000000000E+000,-2.7777777777777779E-001, 0.0000000000000000E+000, 0.0000000000000000E+000,-4.5919460155105579E-001, 0.0000000000000000E+000, 2.2611075007623377E+001,-7.6422779725527642E-007, 8.6058027090438774E-007, 9.6352473649111321E-008, 8.3286778321008690E+000,-8.3286775828742279E+000, 2.4922664021431729E-007,-1.1825353737917307E+001, 1.1825353217540330E+001,-5.2037697706452946E-007, 3.2789719792233494E-006,-3.1826195055742381E-006, 6.6774058703914134E+000,-6.6774056211647732E+000,-1.0288281762453289E+001, 1.0288281242076312E+001,-4.0431997764786258E-006, 4.0431997764786258E-006, 1.6512719617094547E+000,-1.6512719617094547E+000,-1.5370719754640187E+000, 1.5370719754640187E+000,1,1, 1.2030566681152759E+000, 4.5257193602079676E-001, 1.1524103485729698E+000, 1.0000000070552899E+000,-1.9713239628666293E+000,-1.9713239343116613E+000,0
28, 5.0000000000000000E-001,-2.7777777777777779E-001, 0.0000000000000000E+000, 7.1581354240299755E-001,-8.7246974294700597E-001, 0.0000000000000000E+000, 2.3437625290415276E+001,-1.2304902397559832E-001, 1.2304912832952176E-001, 1.0435392344687600E-007, 4.0793568680051816E-002,-4.0793709180659880E-002,-1.4050060806458653E-007,-1.1014828113873980E+000, 1.1014828227108437E+000, 1.1323445958666412E-008,-1.3319944002336398E-001, 1.3319954437728743E-001, 8.2743138119935652E-002,-8.2743278620543717E-002,-1.3632633800236957E+000, 1.3632633913471417E+000, 1.0150416047765662E-002,-1.0150416047765662E-002,-4.1949569439883837E-002, 4.1949569439883837E-002, 2.6178056863629784E-001,-2.6178056863629784E-001,1,1, 1.2806265640206238E+000, 8.0806535008126845E-001, 1.1604587922576988E+000, 1.0000000164662246E+000,-2.7901148080538043E+000,-2.7901147979321790E+000,0
29, 0.0000000000000000E+000,-2.2222222222222221E-001, 0.0000000000000000E+000, 0.0000000000000000E+000,-3.6735568124084456E-001, 0.0000000000000000E+000, 2.4313712753412450E+001,-1.9821162483793427E-005, 1.9993841083950286E-005, 1.7267860015685900E-007, 1.1011975221320107E+001,-1.1011975389150194E+001,-1.6783008671694688E-007,-2.6250910723821832E+000, 2.6250909282907582E+000,-1.4409142501392580E-007,-5.4893665391605832E-007, 7.2161525407291732E-007, 7.8922640506913062E+000,-7.8922642185213929E+000,-1.1244424518370971E+001, 1.1244424374279546E+001,-1.9272225829877369E-005, 1.9272225829877369E-005, 3.1197111706288014E+000,-3.1197111706288014E+000, 8.6193334459887883E+000,-8.6193334459887883E+000,1,1, 1.1406025123285179E+000, 3.6286456765125186E-001, 1.1467035612327336E+000, 1.0000000045253110E+000,-1.7764933069262423E+000,-1.7764932783316809E+000,0
30, 5.0000000000000000E-001,-2.2222222222222221E-001, 0.0000000000000000E+000, 7.1581354240299755E-001,-7.8063082263679473E-001, 0.0000000000000000E+000, 2.5140263036204349E+001, 1.2306035098350701E-001,-1.2306021331671688E-001, 1.3766679013427208E-007, 4.0794743065005148E-002,-4.0794656995232437E-002, 8.6069772711749870E-008,-1.1014887844563028E+000, 1.1014885344922924E+000,-2.4996401015719982E-007, 1.3320751431960329E-001,-1.3320737665281315E-001, 8.2743710334595308E-002,-8.2743624264822596E-002,-1.3632702353352946E+000, 1.3632699853712844E+000,-1.0147163336096283E-002, 1.0147163336096283E-002,-4.1948967269590159E-002, 4.1948967269590159E-002, 2.6178145087899185E-001,-2.6178145087899185E-001,1,1, 1.2806251599442717E+000, 8.0806521683970423E-001, 1.1604587157810373E+000, 1.0000000187178433E+000,-2.7901154098353533E+000,-2.7901153999958557E+000,0
31, 0.0000000000000000E+000,-1.6666666666666660E-001, 0.0000000000000000E+000, 0.0000000000000000E+000,-2.7551676093063332E-001, 0.0000000000000000E+000, 2.6016350499201522E+001,-3.9389550233919109E-005, 3.8983029863743236E-005,-4.0652037017587309E-007, 1.5069460497527761E+001,-1.5069460105078536E+001, 3.9244922422909667E-007, 1.4312319182121442E+001,-1.4312319660853678E+001,-4.7873223518735131E-007,-8.2311055388719495E-006, 7.8245851686960764E-006, 7.5235693026294950E+000,-7.5235689101802707E+000,-5.2503280398091432E+000, 5.2503275610769080E+000,-3.1158444695047159E-005, 3.1158444695047159E-005, 7.5458911948982648E+000,-7.5458911948982648E+000, 1.9562647221930586E+001,-1.9562647221930586E+001,1,1, 1.0285888344817815E+000, 3.3480503298093994E-001, 1.1387660101640247E+000, 1.0000000155314297E+000,-1.6045468352215715E+000,-1.6045468039675179E+000,0
32, 5.0000000000000000E-001,-1.6666666666666660E-001, 0.0000000000000000E+000, 7.1581354240299755E-001,-6.8879190232658349E-001, 0.0000000000000000E+000, 2.6842900781993421E+001, 6.9119295091406141E-001,-6.9119289915246529E-001, 5.1761596120414310E-008,-1.2803989560163170E-001, 1.2803986822913530E-001,-2.7372496408384350E-008, 4.6890856437403872E-002,-4.6890941155058652E-002,-8.4717654780241958E-008, 6.5765515226331228E-001,-6.5765510050171616E-001,-8.1819157828540573E-002, 8.1819130456044165E-002,-7.2519705089719211E-001, 7.2519696617953733E-001, 3.3537798650749115E-002,-3.3537798650749115E-002,-4.6220737773091124E-002, 4.6220737773091124E-002, 7.7208790733459598E-001,-7.7208790733459598E-001,1,1, 1.2073590746988234E+000, 7.5379205368458935E-001, 1.1518548337137118E+000, 1.0000000170198720E+000,-2.7726274324852511E+000,-2.7726274202709429E+000,0
33, 0.0000000000000000E+000,-1.1111111111111120E-001, 0.0000000000000000E+000, 0.0000000000000000E+000,-1.8367784062042244E-001, 0.0000000000000000E+000, 2.7718988244990594E+001,-2.7549248833276317E-005, 2.7907226477751550E-005, 3.5797764447523250E-007, 2.2424483561422317E+001,-2.2424482599695196E+001, 9.6172711927522414E-007, 1.6511713735726758E+001,-1.6511715446731440E+001,-1.7110046826029901E-006,-1.2648651666769678E-005, 1.3006629311244911E-005, 7.5530223124481646E+000,-7.5530213507210453E+000, 1.0403509771772248E+000,-1.0403526881819074E+000,-1.4900597166506639E-005, 1.4900597166506639E-005, 1.4871461248974152E+001,-1.4871461248974152E+001, 1.5471362758549533E+001,-1.5471362758549533E+001,1,1, 8.3815532010444027E-001, 3.8063967472888727E-001, 1.1373440533415511E+000, 1.0000000197108285E+000,-1.4460165171947548E+000,-1.4460164827297377E+000,0
34, 5.0000000000000000E-001,-1.1111111111111120E-001, 0.0000000000000000E+000, 7.1581354240299755E-001,-5.9695298201637259E-001, 0.0000000000000000E+000, 2.8545538527782494E+001, 1.9386430759110171E+000,-1.9386431318370065E+000,-5.5925989395078091E-008,-6.0466638807756268E-001, 6.0466620708302377E-001,-1.8099453891196049E-007, 1.5557269958315549E+000,-1.5557266294467893E+000, 3.6638476541561715E-007, 1.6345590915904251E+000,-1.6345591475164145E+000,-5.6450943461708059E-001, 5.6450925362254167E-001,-2.7396066709382405E-001, 2.7396103347858947E-001, 3.0408398432059203E-001,-3.0408398432059203E-001,-4.0156953460482078E-002, 4.0156953460482078E-002, 1.8296876629253789E+000,-1.8296876629253789E+000,1,1, 1.1891776159300722E+000, 6.7615424051431572E-001, 1.1414342783493312E+000, 1.0000000172192094E+000,-2.6978142284425592E+000,-2.6978142092975421E+000,0
35, 0.0000000000000000E+000,-5.5555555555555601E-002, 0.0000000000000000E+000, 0.0000000000000000E+000,-9.1838920310211222E-002, 0.0000000000000000E+000, 2.9421625990779667E+001,-1.5369288475708630E-005, 1.5353748992966387E-005,-1.5539482742243926E-008, 5.9179561407210826E+001,-5.9179561798246056E+001,-3.9103522908590094E-007, 6.9478696458222032E+001,-6.9478696104938507E+001, 3.5328351621899401E-007,-1.9116152941325848E-005, 1.9100613458583604E-005, 1.4170855870798105E+001,-1.4170856261833334E+001, 1.5061913971262511E+001,-1.5061913617978995E+001, 3.7468644656172179E-006,-3.7468644656172179E-006, 4.5008705536412720E+001,-4.5008705536412720E+001, 5.4416782486959519E+001,-5.4416782486959519E+001,1,1, 5.2070727402118733E-001, 3.6826324566041302E-001, 1.1521004634226681E+000, 1.0000000155516877E+000,-1.3310157672150307E+000,-1.3310157400937588E+000,0
36, 5.0000000000000000E-001,-5.5555555555555601E-002, 0.0000000000000000E+000, 7.1581354240299755E-001,-5.0511406170616135E-001, 0.0000000000000000E+000, 3.0248176273571566E+001, 2.6915561270387056E+000,-2.6915559880204634E+000, 1.3901824225115433E-007,-1.2954413442482255E+000, 1.2954413428716258E+000,-1.3765997231018900E-009,-1.3730941454482160E-001, 1.3730943952844121E-001, 2.4983619617557906E-008, 2.4691743144361071E+000,-2.4691741754178649E+000,-1.2646301496577315E+000, 1.2646301482811317E+000,-1.0349779124432328E+000, 1.0349779374268524E+000, 2.2238181260259840E-001,-2.2238181260259840E-001,-3.0811194590494039E-002, 3.0811194590494039E-002, 8.9766849789841119E-001,-8.9766849789841119E-001,1,1, 1.2743149129203371E+000, 6.4978795733895067E-001, 1.1377792982655823E+000, 1.0000000045429316E+000,-2.5694851153210347E+000,-2.5694850859772398E+000,0
1, 5.5555555555555601E-002, 0.0000000000000000E+000, 0.0000000000000000E+000, 7.9534838044777567E-002,-4.5919460155105611E-002, 0.0000000000000000E+000, 0.0000000000000000E+000, 5.1250915186670369E+001,-5.1250908051245858E+001, 7.1354245143595563E-006,-2.9589750549827308E+001, 2.9589748186156104E+001,-2.3636712045416175E-006, 6.9478629336177590E+001,-6.9478641096080054E+001,-1.1759902468710948E-005, 1.2272297034669940E+001,-1.2272289899245425E+001,-7.0854356106294389E+000, 7.0854332469582344E+000, 1.5061875926287641E+001,-1.5061887686190110E+001, 3.8978618152000429E+001,-3.8978618152000429E+001,-2.2504314939197869E+001, 2.2504314939197869E+001, 5.4416753409889949E+001,-5.4416753409889949E+001,1,1, 5.2070727400934391E-001, 3.6826323027031471E-001, 1.1521004138815509E+000, 1.0000000232131923E+000,-1.3310157672295961E+000,-1.3310157400956730E+000,1
2,-4.4444444444444442E-001, 0.0000000000000000E+000, 0.0000000000000000E+000,-6.3627870435821998E-001, 3.6735568124084456E-001, 0.0000000000000000E+000, 8.2655028279190046E-001, 3.2137477115892317E+000,-3.2137479261412478E+000,-2.1455201615339092E-007,-1.8554551571370435E+000, 1.8554552501919275E+000, 9.3054884020560280E-008,-2.9511189932195179E+000, 2.9511189583123709E+000,-3.4907146950757806E-008, 3.0925778989687833E+000,-3.0925781135207995E+000,-1.7854980176948405E+000, 1.7854981107497245E+000,-2.2459714727968598E+000, 2.2459714378897129E+000, 1.2116981262044826E-001,-1.2116981262044826E-001,-6.9957139442202873E-002, 6.9957139442202873E-002,-7.0514752042265816E-001, 7.0514752042265816E-001,1,1, 1.3187596047254928E+000, 6.4001712572204306E-001, 1.1403147114840835E+000, 1.0000000142493974E+000,-2.4587517966841421E+000,-2.4587517625297473E+000,1
3, 5.5555555555555601E-002, 5.5555555555555601E-002, 0.0000000000000000E+000, 7.9534838044777567E-002, 4.5919460155105611E-002, 0.0000000000000000E+000, 1.6112223618882631E+000,-5.1251275748544195E+001, 5.1251276893889411E+001, 1.1453452142262677E-006,-2.9589937912146944E+001, 2.9589937922891732E+001, 1.0744790834849027E-008, 6.9475019198080986E+001,-6.9475021915497493E+001,-2.7174164980436899E-006,-1.2272606299680559E+001, 1.2272607445025773E+001,-7.0855927805340126E+000, 7.0855927912788035E+000, 1.5059534191456489E+001,-1.5059536908872987E+001,-3.8978669448863634E+001, 3.8978669448863634E+001,-2.2504345131612929E+001, 2.2504345131612929E+001, 5.4415485006624500E+001,-5.4415485006624500E+001,1,1, 5.2069985836869326E-001, 3.6826380943383380E-001, 1.1521002337568731E+000, 1.0000000093029713E+000,-1.3310204988851209E+000,-1.3310204725988251E+000,1
4,-4.4444444444444442E-001, 5.5555555555555601E-002, 0.0000000000000000E+000,-6.3627870435821998E-001, 4.5919460155105579E-001, 0.0000000000000000E+000, 2.4377726446801633E+000, 2.4676620326361176E+000,-2.4676619775001201E+000, 5.5135997545363580E-008,-1.6832207704361901E+000, 1.6832207526777494E+000,-1.7758440717940971E-008,-1.3730720444748068E-001, 1.3730737770225321E-001, 1.7325477252860821E-007, 2.3297891363157115E+000,-2.3297890811797139E+000,-1.5060443920241262E+000, 1.5060443742656855E+000,-1.0349742981335404E+000, 1.0349744713883129E+000, 1.3787289632040611E-001,-1.3787289632040611E-001,-1.7717637841206396E-001, 1.7717637841206396E-001, 8.9766709368605968E-001,-8.9766709368605968E-001,1,1, 1.2743156652986269E+000, 6.4978823787791107E-001, 1.1377792807268041E+000, 1.0000000167408847E+000,-2.5694847586651592E+000,-2.5694847292389715E+000,1
5, 5.5555555555555601E-002, 1.1111111111111110E-001, 0.0000000000000000E+000, 7.9534838044777567E-002, 1.3775838046531666E-001, 0.0000000000000000E+000, 3.2224447237765257E+000,-2.8368036973381296E+000, 2.8368033548801641E+000,-3.4245796565191000E-007, 1.6379672573238677E+000,-1.6379673798952428E+000,-1.2257137493865145E-007, 2.5138194882012755E+001,-2.5138194998133393E+001,-1.1612063488541935E-007, 6.0605972857301393E-001,-6.0606007103097959E-001,-3.4986327771813086E-001, 3.4986315514675592E-001, 3.6000507239522488E+000,-3.6000508400728837E+000,-3.4428634259111437E+000, 3.4428634259111437E+000, 1.9878305350419987E+000,-1.9878305350419987E+000, 2.1538144158060508E+001,-2.1538144158060508E+001,1,1, 7.4341298046954862E-001, 3.9579887821062604E-001, 1.1379300700672612E+000, 1.0000000148231754E+000,-1.4292568998330573E+000,-1.4292568667613665E+000,1
6,-4.4444444444444442E-001, 1.1111111111111110E-001, 0.0000000000000000E+000,-6.3627870435821998E-001, 5.5103352186126686E-001, 0.0000000000000000E+000, 4.0489950065684264E+000, 1.7578787725209435E+000,-1.7578787445492159E+000, 2.7971727600828444E-008,-1.0148946947805817E+000, 1.0148946337257765E+000,-6.1054805211568919E-008, 3.5417648009656961E+000,-3.5417646423450990E+000, 1.5862059699056630E-007, 1.5108862592354690E+000,-1.5108862312637414E+000,-8.7230128485441427E-001, 8.7230122379960906E-001, 3.8744303570553734E-001,-3.8744287708494035E-001, 2.4699251328547439E-001,-2.4699251328547439E-001,-1.4259340992616751E-001, 1.4259340992616751E-001, 3.1543217652601587E+000,-3.1543217652601587E+000,1,1, 1.1578308768470569E+000, 6.6613025851275787E-001, 1.1376891356034708E+000, 1.0000000144439543E+000,-2.7518072398133482E+000,-2.7518072201503569E+000,1
7, 5.5555555555555601E-002, 1.6666666666666671E-001, 0.0000000000000000E+000, 7.9534838044777567E-002, 2.2959730077552792E-001, 0.0000000000000000E+000, 4.8336670856647892E+000,-2.5147822135231630E+000, 2.5147825396484880E+000, 3.2612532530063021E-007, 9.3377531869196400E+000,-9.3377530026711852E+000, 1.8424845427134073E-007, 2.8676189885974292E+001,-2.8676190423626252E+001,-5.3765195939803334E-007, 5.1862573084255170E-001,-5.1862540471722640E-001, 2.7757713121547805E+000,-2.7757711279063262E+000, 2.4142907484618568E+000,-2.4142912861138162E+000,-3.0334079443657145E+000, 3.0334079443657145E+000, 6.5619818747648591E+000,-6.5619818747648591E+000, 2.6261899137512437E+001,-2.6261899137512437E+001,1,1, 9.1875247066402554E-001, 3.4799792101514559E-001, 1.1351019725854197E+000, 1.0000000055449059E+000,-1.6052885486111883E+000,-1.6052885204246325E+000,1
8,-4.4444444444444442E-001, 1.6666666666666671E-001, 0.0000000000000000E+000,-6.3627870435821998E-001, 6.4287244217147810E-001, 0.0000000000000000E+000, 5.6602173684566894E+000, 7.6933590716948352E-001,-7.6933551841172776E-001, 3.8875775576485694E-007,-3.3291579242754687E-001, 3.3291588705566738E-001, 9.4628120506090596E-008, 1.6548738175535425E+000,-1.6548743960794270E+000,-5.7852588453144449E-007, 7.0556310985927095E-001,-7.0556272110151519E-001,-2.7165497473720668E-001, 2.7165506936532718E-001,-6.1244722011455222E-001, 6.1244664158866768E-001, 6.3772797310212542E-002,-6.3772797310212542E-002,-6.1260817690340197E-002, 6.1260817690340197E-002, 2.2673210376680948E+000,-2.2673210376680948E+000,1,1, 1.0685928825812718E+000, 7.2417964420578695E-001, 1.1438902906967159E+000, 1.0000000160102789E+000,-2.8965230555445158E+000,-2.8965230442423975E+000,1
9, 5.5555555555555601E-002, 2.2222222222222221E-001, 0.0000000000000000E+000, 7.9534838044777567E-002, 3.2143622108573894E-001, 0.0000000000000000E+000, 6.4448894475530523E+000,-1.5935085421234809E+000, 1.5935085540180025E+000, 1.1894521784183709E-008, 7.8098882121683211E+000,-7.8098883925776157E+000,-1.8040929461449196E-007, 1.3648835819964281E+001,-1.3648836210141130E+001,-3.9017684805298103E-007, 1.1301620338730353E-001,-1.1301619149278175E-001, 3.8610739696288157E+000,-3.8610741500381103E+000,-6.4189002783279503E-001, 6.4188963765594698E-001,-1.7065247455107844E+000, 1.7065247455107844E+000, 3.9488142425395054E+000,-3.9488142425395054E+000, 1.4290725847797077E+001,-1.4290725847797077E+001,1,1, 1.0563222027189432E+000, 3.6598543624373575E-001, 1.1407756217800016E+000, 1.0000000073602859E+000,-1.7799786058902947E+000,-1.7799785829732446E+000,1
10,-4.4444444444444442E-001, 2.2222222222222221E-001, 0.0000000000000000E+000,-6.3627870435821998E-001, 7.3471136248168911E-001, 0.0000000000000000E+000, 7.2714397303449525E+000, 1.2573895026085963E-001,-1.2573893293365229E-001, 1.7327207335604555E-008,-4.4316906269033132E-002, 4.4317058243039886E-002, 1.5197400675230621E-007,-2.9201331098922187E+000, 2.9201332143663770E+000, 1.0447415821346340E-007, 1.5588789998804464E-001,-1.5588788266083731E-001, 1.3846640491779614E-002,-1.3846488517772862E-002,-3.5825097817878717E+000, 3.5825098862620299E+000,-3.0148949727185015E-002, 3.0148949727185015E-002,-5.8163546760812750E-002, 5.8163546760812750E-002, 6.6237667189565286E-001,-6.6237667189565286E-001,1,1, 1.0421913573578330E+000, 7.9586641491530696E-001, 1.1527335718865501E+000, 1.0000000159488680E+000,-2.9660611085477324E+000,-2.9660611004592261E+000,1
11, 5.5555555555555601E-002, 2.7777777777777779E-001, 0.0000000000000000E+000, 7.9534838044777567E-002, 4.1327514139595017E-001, 0.0000000000000000E+000, 8.0561118094413153E+000, 1.9881329458611324E-001,-1.9881346148619558E-001,-1.6690008231012854E-007, 5.4621276407002259E+000,-5.4621273383451925E+000, 3.0235503389874907E-007,-1.6616968829905896E+000, 1.6616965419644525E+000,-3.4102613710729202E-007, 2.9386930168069730E-001,-2.9386946858077961E-001, 3.9977517814248942E+000,-3.9977514790698603E+000,-4.0259596184099422E+000, 4.0259592773838051E+000,-9.5056007094584047E-002, 9.5056007094584033E-002, 1.4643758592753320E+000,-1.4643758592753320E+000, 2.3642627354193526E+000,-2.3642627354193526E+000,1,1, 1.1619816584347484E+000, 4.5759120879627679E-001, 1.1491053371612903E+000, 1.0000000110029745E+000,-1.9542140823969731E+000,-1.9542140608330698E+000,1
12,-4.4444444444444442E-001, 2.7777777777777779E-001, 0.0000000000000000E+000,-6.3627870435821998E-001, 8.2655028279190035E-001, 0.0000000000000000E+000, 8.8826620922332165E+000, 5.8771452711690157E-006,-5.7545228028844879E-006, 1.2262246828516473E-007, 2.7559820596146430E-002,-2.7560201319351711E-002,-3.8072320528159675E-007,-4.5612395263919101E+000, 4.5612395089284536E+000,-1.7463456458699511E-008, 4.9895946916486840E-006,-4.8669722233635193E-006, 7.3757878309099634E-002,-7.3758259032304915E-002,-4.9075576993389900E+000, 4.9075576818755335E+000, 8.8755057952033124E-007,-8.8755057952096863E-007,-4.6198057712953204E-002, 4.6198057712953204E-002, 3.4631817294708028E-001,-3.4631817294708028E-001,1,1, 1.0427711966094551E+000, 8.2483926709670008E-001, 1.1568198311471245E+000, 1.0000000093166281E+000,-2.9828780994854958E+000,-2.9828780913840589E+000,1
13, 5.5555555555555601E-002, 3.3333333333333331E-001, 0.0000000000000000E+000, 7.9534838044777567E-002, 5.0511406170616124E-001, 0.0000000000000000E+000, 9.6673341713295784E+000, 7.7702245857077423E-001,-7.7702228286394481E-001, 1.7570682941947524E-007, 4.6495809097897967E+000,-4.6495809719470964E+000,-6.2157300195764265E-008,-6.1357180034379457E+000, 6.1357178543690152E+000,-1.4906893053279191E-007, 5.0113246974221914E-001,-5.0113229403538972E-001, 3.7615559031836923E+000,-3.7615559653409925E+000,-4.6587777137215847E+000, 4.6587775646526541E+000, 2.7588998882855509E-001,-2.7588998882855509E-001, 8.8802500660610406E-001,-8.8802500660610406E-001,-1.4769402897163613E+000, 1.4769402897163613E+000,1,1, 1.2234362672236960E+000, 5.4530868514662423E-001, 1.1523558938982892E+000, 1.0000000055546101E+000,-2.1442903426957165E+000,-2.1442903195203216E+000,1
14,-4.4444444444444442E-001, 3.3333333333333331E-001, 0.0000000000000000E+000,-6.3627870435821998E-001, 9.1838920310211147E-001, 0.0000000000000000E+000, 1.0493884454121480E+001,-1.2572401497544508E-001, 1.2572395950311274E-001,-5.5472332338712960E-008,-4.4323126237101440E-002, 4.4323467023632789E-002, 3.4078653134497761E-007,-2.9201199264014850E+000, 2.9201199495685937E+000, 2.3167108675892223E-008,-1.5587627382880054E-001, 1.5587621835646820E-001, 1.3842460521427928E-002,-1.3842119734896583E-002,-3.5824892772455974E+000, 3.5824893004127061E+000, 3.0152258853355450E-002,-3.0152258853355450E-002,-5.8165586758529370E-002, 5.8165586758529370E-002, 6.6236935084411241E-001,-6.6236935084411241E-001,1,1, 1.0421934163320175E+000, 7.9586682965574473E-001, 1.1527337861688038E+000, 1.0000000066776860E+000,-2.9660598960635638E+000,-2.9660598872572908E+000,1
15, 5.5555555555555601E-002, 3.8888888888888890E-001, 0.0000000000000000E+000, 7.9534838044777567E-002, 5.9695298201637248E-001, 0.0000000000000000E+000, 1.1278556533217841E+001, 8.2014050967072749E-001,-8.2014044413577047E-001, 6.5534957127688642E-008, 4.0816476772336561E+000,-4.0816476554577346E+000, 2.1775921954514388E-008,-5.6283812443389722E+000, 5.6283813932362721E+000, 1.4889729982314748E-007, 5.1591769670984577E-001,-5.1591763117488865E-001, 3.4041996110399362E+000,-3.4041995892640142E+000,-3.7787403435347011E+000, 3.7787404924320009E+000, 3.0422281296088177E-001,-3.0422281296088177E-001, 6.7744806619372033E-001,-6.7744806619372033E-001,-1.8496409008042711E+000, 1.8496409008042711E+000,1,1, 1.2501853709839628E+000, 6.0293970419192566E-001, 1.1487018177238877E+000, 1.0000000085331651E+000,-2.3334688263991037E+000,-2.3334688006372888E+000,1
16,-4.4444444444444442E-001, 3.8888888888888890E-001, 0.0000000000000000E+000,-6.3627870435821998E-001, 1.0102281234123227E+000, 0.0000000000000000E+000, 1.2105106816009743E+001,-7.6931241970812103E-001, 7.6931263637415015E-001, 2.1666602911807331E-007,-3.3292692476023777E-001, 3.3292650830749099E-001,-4.1645274678758781E-007, 1.6548437151304554E+000,-1.6548437344095213E+000,-1.9279065899269199E-008,-7.0554813221635115E-001, 7.0554834888238027E-001,-2.7166118304390779E-001, 2.7166076659116101E-001,-6.1244342571748422E-001, 6.1244340643841833E-001,-6.3764287491769836E-002, 6.3764287491769836E-002,-6.1265741716330001E-002, 6.1265741716330001E-002, 2.2672871408479396E+000,-2.2672871408479396E+000,1,1, 1.0685951204218975E+000, 7.2418032557307066E-001, 1.1438906436788892E+000, 1.0000000052363003E+000,-2.8965215517926479E+000,-2.8965215396657849E+000,1
17, 5.5555555555555601E-002, 4.4444444444444442E-001, 0.0000000000000000E+000, 7.9534838044777567E-002, 6.8879190232658349E-001, 0.0000000000000000E+000, 1.2889778895106105E+001, 6.0910766530867344E-001,-6.0910770719709328E-001,-4.1888419788360665E-008, 3.4508741332750938E+000,-3.4508741506051246E+000,-1.7330030743778480E-008,-2.7880632624225523E+000, 2.7880633122837994E+000, 4.9861247131133268E-008, 3.8279300411436890E-001,-3.8279304600278868E-001, 3.0303472824059248E+000,-3.0303472997359555E+000,-2.2795590350282460E+000, 2.2795590848894931E+000, 2.2631466119430457E-001,-2.2631466119430457E-001, 4.2052685086916908E-001,-4.2052685086916908E-001,-5.0850422739430623E-001, 5.0850422739430623E-001,1,1, 1.2642869828668335E+000, 6.3510503553385855E-001, 1.1422847970955086E+000, 1.0000000101597939E+000,-2.4854587729224948E+000,-2.4854587448933514E+000,1
18,-4.4444444444444442E-001, 4.4444444444444442E-001, 0.0000000000000000E+000,-6.3627870435821998E-001, 1.1020670437225337E+000, 0.0000000000000000E+000, 1.3716329177898006E+001,-1.7578665746580611E+000, 1.7578664987507295E+000,-7.5907331531510636E-008,-1.0149048621130650E+000, 1.0149047458593148E+000,-1.1625375029300500E-007, 3.5417651976329596E+000,-3.5417653332751500E+000,-1.3564219020212320E-007,-1.5108804931096025E+000, 1.5108804172022710E+000,-8.7230736361691308E-001, 8.7230724736316279E-001, 3.8745337768016935E-001,-3.8745351332235956E-001,-2.4698608154845847E-001, 2.4698608154845847E-001,-1.4259749849615191E-001, 1.4259749849615191E-001, 3.1543118199527904E+000,-3.1543118199527904E+000,1,1, 1.1578314384537700E+000, 6.6613002458107429E-001, 1.1376894394970343E+000, 1.0000000159529694E+000,-2.7518064108464975E+000,-2.7518063908343882E+000,1
19, 5.5555555555555601E-002, 5.0000000000000000E-001, 0.0000000000000000E+000, 7.9534838044777567E-002, 7.8063082263679473E-001, 0.0000000000000000E+000, 1.4501001256994368E+001, 2.2389301368835490E-001,-2.2389301129260125E-001, 2.3957536510188504E-009, 2.9786773973919196E+000,-2.9786772673160389E+000, 1.3007588073321585E-007,-1.3731001748881311E-001, 1.3731008379014353E-001, 6.6301330425844185E-008, 1.3938536135600219E-001,-1.3938535896024853E-001, 2.7706833356393896E+000,-2.7706832055635089E+000,-1.0349784319780941E+000, 1.0349784982794246E+000, 8.4507652332352731E-002,-8.4507652332352731E-002, 2.0799406175252980E-001,-2.0799406175252980E-001, 8.9766841448928103E-001,-8.9766841448928103E-001,1,1, 1.2743149129165672E+000, 6.4978795324441763E-001, 1.1377792897420145E+000, 1.0000000113606398E+000,-2.5694851153191585E+000,-2.5694850859901437E+000,1
20,-4.4444444444444442E-001, 5.0000000000000000E-001, 0.0000000000000000E+000,-6.3627870435821998E-001, 1.1939059640327450E+000, 0.0000000000000000E+000, 1.5327551539786269E+001,-2.4676720754556740E+000, 2.4676721639887997E+000, 8.8533125719436612E-008,-1.6832337883703978E+000, 1.6832338483481781E+000, 5.9977780297870709E-008,-1.3728605874257582E-001, 1.3728596438188789E-001,-9.4360687930006293E-008,-2.3297982940881812E+000, 2.3297983826213069E+000,-1.5060544865361472E+000, 1.5060545465139275E+000,-1.0349616454622435E+000, 1.0349615511015555E+000,-1.3787378136749268E-001, 1.3787378136749268E-001,-1.7717930183425076E-001, 1.7717930183425076E-001, 8.9767558671966763E-001,-8.9767558671966763E-001,1,1, 1.2743147439980635E+000, 6.4978688704933052E-001, 1.1377795047763311E+000, 1.0000000199016723E+000,-2.5694846659047368E+000,-2.5694846362599337E+000,1
21, 5.5555555555555601E-002,-4.4444444444444442E-001, 0.0000000000000000E+000, 7.9534838044777567E-002,-7.8063082263679473E-001, 0.0000000000000000E+000, 1.7427833556420893E+001,-2.2388104436626377E-001, 2.2388116175531436E-001, 1.1738905056346560E-007, 2.9786687699827081E+000,-2.9786688596325459E+000,-8.9649837775596097E-008,-1.3730756264302801E-001, 1.3730770399568182E-001, 1.4135265380410544E-007,-1.3937817782186290E-001, 1.3937829521091347E-001, 2.7706790646751940E+000,-2.7706791543250318E+000,-1.0349746486589646E+000, 1.0349747900116184E+000,-8.4502866544400881E-002, 8.4502866544400881E-002, 2.0798970530751418E-001,-2.0798970530751418E-001, 8.9766708601593659E-001,-8.9766708601593659E-001,1,1, 1.2743156652693459E+000, 6.4978823299170585E-001, 1.1377792953021746E+000, 1.0000000066142765E+000,-2.5694847587211642E+000,-2.5694847292530563E+000,1
22,-4.4444444444444442E-001,-4.4444444444444442E-001, 0.0000000000000000E+000,-6.3627870435821998E-001,-3.6735568124084456E-001, 0.0000000000000000E+000, 1.8254383839212792E+001,-3.2137633280280160E+000, 3.2137632165321075E+000,-1.1149590850578761E-007,-1.8554671423675531E+000, 1.8554671167366408E+000,-2.5630912281471296E-008,-2.9511148447994660E+000, 2.9511148909908398E+000, 4.6191373836990124E-008,-3.0925939689404562E+000, 3.0925938574445477E+000,-1.7855099562994072E+000, 1.7855099306684949E+000,-2.2459617835614369E+000, 2.2459618297528108E+000,-1.2116935908755998E-001, 1.2116935908755998E-001,-6.9957186068145757E-002, 6.9957186068145757E-002,-7.0515306123802912E-001, 7.0515306123802912E-001,1,1, 1.3187588742019027E+000, 6.4001563692099472E-001, 1.1403149073594339E+000, 1.0000000216741614E+000,-2.4587517746408456E+000,-2.4587517402834815E+000,1
23, 5.5555555555555601E-002,-3.8888888888888878E-001, 0.0000000000000000E+000, 7.9534838044777567E-002,-6.8879190232658349E-001, 0.0000000000000000E+000, 1.9039055918309156E+001,-6.0909122730701182E-001, 6.0909132666693422E-001, 9.9359922456354610E-008, 3.4508461358870757E+000,-3.4508463372983318E+000,-2.0141125611772281E-007,-2.7880302317120464E+000, 2.7880307424331123E+000, 5.1072106588279098E-007,-3.8278386170992834E-001, 3.8278396106985080E-001, 3.0303339795551283E+000,-3.0303341809663844E+000,-2.2795402647321303E+000, 2.2795407754531962E+000,-2.2630736559708348E-001, 2.2630736559708348E-001, 4.2051215633194755E-001,-4.2051215633194755E-001,-5.0848996697991600E-001, 5.0848996697991600E-001,1,1, 1.2642889009761600E+000, 6.3510576689832621E-001, 1.1422847602113311E+000, 1.0000000149594828E+000,-2.4854577703261906E+000,-2.4854577420445363E+000,1
24,-4.4444444444444442E-001,-3.8888888888888878E-001, 0.0000000000000000E+000,-6.3627870435821998E-001,-2.7551676093063332E-001, 0.0000000000000000E+000, 1.9865606201101055E+001,-3.2930853791296060E+000, 3.2930850773211779E+000,-3.0180842802707275E-007,-1.1979363057885013E+000, 1.1979362107885072E+000,-9.4999994093569740E-008,-2.7880270710542723E+000, 2.7880264003745063E+000,-6.7067976594614720E-007,-2.8157535477340736E+000, 2.8157532459256456E+000,-1.1836682749730509E+000, 1.1836681799730568E+000,-2.2795327073944867E+000, 2.2795320367147207E+000,-4.7733183139553242E-001, 4.7733183139553242E-001,-1.4268030815450382E-002, 1.4268030815450382E-002,-5.0849436365978540E-001, 5.0849436365978540E-001,1,1, 1.2642879727403091E+000, 6.3510449064657526E-001, 1.1422849888339925E+000, 1.0000000058345002E+000,-2.4854581875272146E+000,-2.4854581590450184E+000,1
25, 5.5555555555555601E-002,-3.3333333333333343E-001, 0.0000000000000000E+000, 7.9534838044777567E-002,-5.9695298201637270E-001, 0.0000000000000000E+000, 2.0650278280197419E+001,-8.2012081293456551E-001, 8.2012094034148075E-001, 1.2740691524015801E-007, 4.0816048074857862E+000,-4.0816051001519913E+000,-2.9266620460433046E-007,-5.6282964166079843E+000, 5.6282965621730749E+000, 1.4556509064789225E-007,-5.1590733723386184E-001, 5.1590746464077708E-001, 3.4041822921750109E+000,-3.4041825848412155E+000,-3.7787046407761293E+000, 3.7787047863412200E+000,-3.0421347570070367E-001, 3.0421347570070367E-001, 6.7742251531077546E-001,-6.7742251531077546E-001,-1.8495917758318554E+000, 1.8495917758318554E+000,1,1, 1.2501877911639769E+000, 6.0294062400018356E-001, 1.1487017801186867E+000, 1.0000000061584149E+000,-2.3334673184951851E+000,-2.3334672923382374E+000,1
26,-4.4444444444444442E-001,-3.3333333333333343E-001, 0.0000000000000000E+000,-6.3627870435821998E-001,-1.8367784062042253E-001, 0.0000000000000000E+000, 2.1476828562989319E+001,-1.8933885783243842E+000, 1.8933886723808095E+000, 9.4056425314903436E-008,-3.8586230633472629E-001, 3.8586225575060606E-001,-5.0584120225849460E-008,-8.4177159578806027E-001, 8.4177173938668681E-001, 1.4359862654522715E-007,-1.6066722918461778E+000, 1.6066723859026031E+000,-3.7556085100633135E-001, 3.7556080042221113E-001,-1.1177256031221512E+000, 1.1177257467207777E+000,-2.8671628647820657E-001, 2.8671628647820657E-001,-1.0301455328394936E-002, 1.0301455328394936E-002, 2.7595400733409092E-001,-2.7595400733409092E-001,1,1, 1.2541511526974123E+000, 6.8716136531148297E-001, 1.1493994574990547E+000, 1.0000000054903857E+000,-2.5548659365754540E+000,-2.5548659179145146E+000,1
27, 5.5555555555555601E-002,-2.7777777777777779E-001, 0.0000000000000000E+000, 7.9534838044777567E-002,-5.0511406170616135E-001, 0.0000000000000000E+000, 2.2261500642085682E+001,-7.7700135740224163E-001, 7.7700148650756429E-001, 1.2910532265486552E-007, 4.6495240809952678E+000,-4.6495240742356732E+000, 6.7595946617871050E-009,-6.1355874095281084E+000, 6.1355873691653375E+000,-4.0362771791535579E-008,-5.0112186289718896E-001, 5.0112199200251162E-001, 3.7615371885830258E+000,-3.7615371818234311E+000,-4.6587300144006232E+000, 4.6587299740378514E+000,-2.7587949450505272E-001, 2.7587949450505272E-001, 8.8798689241224171E-001,-8.8798689241224171E-001,-1.4768573951274857E+000, 1.4768573951274857E+000,1,1, 1.2234387113105036E+000, 5.4530962418273432E-001, 1.1523558245121501E+000, 1.0000000054187905E+000,-2.1442884122708015E+000,-2.1442883886847475E+000,1
28,-4.4444444444444442E-001,-2.7777777777777779E-001, 0.0000000000000000E+000,-6.3627870435821998E-001,-9.1838920310211236E-002, 0.0000000000000000E+000, 2.3088050924877582E+001,-5.5481420390474967E-001, 5.5481415267264822E-001,-5.1232101450082723E-008,-5.2706857256335712E-003, 5.2707150155986426E-003, 2.9289965071399582E-008,-2.5299572855330810E-001, 2.5299579863500055E-001, 7.0081692449264210E-008,-5.2693531594013454E-001, 5.2693526470803309E-001, 2.2869040980177377E-002,-2.2869011690212306E-002,-4.7644108896013065E-001, 4.7644115904182310E-001,-2.7878887964615146E-002, 2.7878887964615146E-002,-2.8139726705810948E-002, 2.8139726705810948E-002, 2.2344536040682259E-001,-2.2344536040682259E-001,1,1, 1.3597934339379538E+000, 7.6163820221850886E-001, 1.1593487178366451E+000, 1.0000000220165826E+000,-2.5816950766500404E+000,-2.5816950644604097E+000,1
29, 5.5555555555555601E-002,-2.2222222222222221E-001, 0.0000000000000000E+000, 7.9534838044777567E-002,-4.1327514139595017E-001, 0.0000000000000000E+000, 2.3872723003973945E+001,-1.9879326183781942E-001, 1.9879345068851861E-001, 1.8885069918983532E-007, 5.4620412785438601E+000,-5.4620412674014140E+000, 1.1142446521006377E-008,-1.6615324835012908E+000, 1.6615326054202493E+000, 1.2191895848445711E-007,-2.9386064587618088E-001, 2.9386083472688007E-001, 3.9977304397283024E+000,-3.9977304285858559E+000,-4.0259035423378622E+000, 4.0259036642568207E+000, 9.5067384038361458E-002,-9.5067384038361458E-002, 1.4643108388155579E+000,-1.4643108388155579E+000, 2.3643710588365714E+000,-2.3643710588365714E+000,1,1, 1.1619841110577251E+000, 4.5759234276935057E-001, 1.1491052846781256E+000, 1.0000000013844752E+000,-1.9542116555009432E+000,-1.9542116335360022E+000,1
30,-4.4444444444444442E-001,-2.2222222222222221E-001, 0.0000000000000000E+000,-6.3627870435821998E-001, 0.0000000000000000E+000, 0.0000000000000000E+000, 2.4699273286765845E+001, 5.7493144093789238E-006,-5.7501984040399784E-006,-8.8399466105460942E-010, 8.2204359569376120E-002,-8.2204333600709209E-002, 2.5968666911291294E-008,-2.0478470357483330E-001, 2.0478468841953190E-001,-1.5155301402725030E-008, 3.7503019054397854E-006,-3.7511859001008400E-006, 1.1679577681376301E-001,-1.1679575084509609E-001,-3.6194852211963191E-001, 3.6194850696433051E-001, 1.9990125039391389E-006,-1.9990125039391389E-006,-3.4591417244386885E-002, 3.4591417244386885E-002, 1.5716381854479861E-001,-1.5716381854479861E-001,1,1, 1.4425186185969867E+000, 7.8936370526763944E-001, 1.1636183851666684E+000, 1.0000000139395604E+000,-2.5831773076827584E+000,-2.5831772977387004E+000,1
31, 5.5555555555555601E-002,-1.6666666666666660E-001, 0.0000000000000000E+000, 7.9534838044777567E-002,-3.2143622108573894E-001, 0.0000000000000000E+000, 2.5483945365862208E+001, 1.5934973678279101E+000,-1.5934972299322054E+000, 1.3789570445232879E-007, 7.8096698820397030E+000,-7.8096699139616952E+000,-3.1921992160732771E-008, 1.3648836089941430E+001,-1.3648835448193742E+001, 6.4174768832359064E-007,-1.1301448646594800E-001, 1.1301462436165245E-001, 3.8610289451915447E+000,-3.8610289771135369E+000,-6.4182240199209861E-001, 6.4182304373978694E-001, 1.7065118542938580E+000,-1.7065118542938580E+000, 3.9486409368481583E+000,-3.9486409368481583E+000, 1.4290658491933529E+001,-1.4290658491933529E+001,1,1, 1.0563253116810198E+000, 3.6598786055979099E-001, 1.1407755970809383E+000, 1.0000000070016286E+000,-1.7799754116777518E+000,-1.7799753884624416E+000,1
32,-4.4444444444444442E-001,-1.6666666666666660E-001, 0.0000000000000000E+000,-6.3627870435821998E-001, 9.1838920310211236E-002, 0.0000000000000000E+000, 2.6310495648654108E+001, 5.5483128515310076E-001,-5.5483140905943196E-001,-1.2390633119530037E-007,-5.2706831848911770E-003, 5.2707005813727725E-003, 1.7396481595544078E-008,-2.5300911671929210E-001, 2.5300886963716473E-001,-2.4708212736923585E-007, 5.2694563011762008E-001,-5.2694575402395127E-001, 2.2868112554494432E-002,-2.2868095158012837E-002,-4.7645419736131173E-001, 4.7645395027918436E-001, 2.7885655035480690E-002,-2.7885655035480690E-002,-2.8138795739385609E-002, 2.8138795739385609E-002, 2.2344508064201962E-001,-2.2344508064201962E-001,1,1, 1.3597907226569155E+000, 7.6163793105748578E-001, 1.1593486045274275E+000, 1.0000000228454999E+000,-2.5816959693288322E+000,-2.5816959577271255E+000,1
33, 5.5555555555555601E-002,-1.1111111111111120E-001, 0.0000000000000000E+000, 7.9534838044777567E-002,-2.2959730077552806E-001, 0.0000000000000000E+000, 2.7095167727750471E+001, 2.5146788913926925E+000,-2.5146788981539285E+000,-6.7612362375513158E-009, 9.3373119251990317E+000,-9.3373118591932620E+000, 6.6005770182897550E-008, 2.8675318358158425E+001,-2.8675318331291159E+001, 2.6867264857344253E-008,-5.1863048754286700E-001, 5.1863048078163076E-001, 2.7756918734809406E+000,-2.7756918074751704E+000, 2.4143637907436313E+000,-2.4143637638763664E+000, 3.0333093789355594E+000,-3.0333093789355594E+000, 6.5616200517180916E+000,-6.5616200517180916E+000, 2.6260954567414792E+001,-2.6260954567414792E+001,1,1, 9.1875764536018911E-001, 3.4800266307848010E-001, 1.1351020362205246E+000, 1.0000000107184743E+000,-1.6052841290317046E+000,-1.6052841007259664E+000,1
34,-4.4444444444444442E-001,-1.1111111111111120E-001, 0.0000000000000000E+000,-6.3627870435821998E-001, 1.8367784062042211E-001, 0.0000000000000000E+000, 2.7921718010542371E+001, 1.8934219422022520E+000,-1.8934219063164544E+000, 3.5885797666779240E-008,-3.8586272854365394E-001, 3.8586271331740740E-001,-1.5226246541377719E-008,-8.4180785141626990E-001, 8.4180773624789196E-001,-1.1516837794545154E-007, 1.6066878539619325E+000,-1.6066878180761348E+000,-3.7556216051347691E-001, 3.7556214528723036E-001,-1.1177553295672966E+000, 1.1177552143989187E+000, 2.8673408824031954E-001,-2.8673408824031954E-001,-1.0300568030177046E-002, 1.0300568030177046E-002, 2.7594747815102677E-001,-2.7594747815102677E-001,1,1, 1.2541483727294205E+000, 6.8716093227582076E-001, 1.1493992685424517E+000, 1.0000000096478721E+000,-2.5548670678213421E+000,-2.5548670498824224E+000,1
35, 5.5555555555555601E-002,-5.5555555555555601E-002, 0.0000000000000000E+000, 7.9534838044777567E-002,-1.3775838046531683E-001, 0.0000000000000000E+000, 2.8706390089638735E+001, 2.8366943377350822E+000,-2.8366949684404910E+000,-6.3070540912146811E-007, 1.6377653461964923E+000,-1.6377660019729368E+000,-6.5577644436931593E-007, 2.5138065572861315E+001,-2.5138067393743878E+001,-1.8208825602883394E-006,-6.0609701259526194E-001, 6.0609638188985282E-001,-3.4993119230017461E-001, 3.4993053652373024E-001, 3.6005512730368365E+000,-3.6005530939193968E+000, 3.4427913503303440E+000,-3.4427913503303440E+000, 1.9876965384966669E+000,-1.9876965384966669E+000, 2.1537514299824480E+001,-2.1537514299824480E+001,1,1, 7.4342140291459802E-001, 3.9580343922814215E-001, 1.1379302427431286E+000, 1.0000000110125886E+000,-1.4292509774248192E+000,-1.4292509441757875E+000,1
36,-4.4444444444444442E-001,-5.5555555555555601E-002, 0.0000000000000000E+000,-6.3627870435821998E-001, 2.7551676093063332E-001, 0.0000000000000000E+000, 2.9532940372430634E+001, 3.2930975893668326E+000,-3.2930979893089241E+000,-3.9994209144467163E-007,-1.1979341815886282E+000, 1.1979342016391992E+000, 2.0050570981311466E-008,-2.7880619333687502E+000, 2.7880622486967264E+000, 3.1532797617472852E-007, 2.8157534247065947E+000,-2.8157538246486862E+000,-1.1836649916032340E+000, 1.1836650116538050E+000,-2.2795581230112507E+000, 2.2795584383392269E+000, 4.7734416466023777E-001,-4.7734416466023777E-001,-1.4269189985394060E-002, 1.4269189985394060E-002,-5.0850381035749936E-001, 5.0850381035749936E-001,1,1, 1.2642869828044647E+000, 6.3510504073652418E-001, 1.1422847953359956E+000, 1.0000000062254142E+000,-2.4854587729708877E+000,-2.4854587448867482E+000,1
1, 1.1111111111111110E-001, 0.0000000000000000E+000, 0.0000000000000000E+000, 1.5906967608955500E-001,-9.1838920310211139E-002, 0.0000000000000000E+000, 0.0000000000000000E+000, 1.9420167578121049E+001,-1.9420167757079586E+001,-1.7895853687832641E-007,-1.1212271031510717E+001, 1.1212270935512986E+001,-9.5997731985875134E-008, 1.6511717732454972E+001,-1.6511717853173096E+001,-1.2071812327540954E-007, 6.5411048371364044E+000,-6.5411050160949413E+000,-3.7765234601200590E+000, 3.7765233641223270E+000, 1.0403534482047787E+000,-1.0403535689229020E+000, 1.2879062740984645E+001,-1.2879062740984645E+001,-7.4357475713906585E+000, 7.4357475713906585E+000, 1.5471364284250194E+001,-1.5471364284250194E+001,1,1, 8.3815532014712413E-001, 3.8063966579448361E-001, 1.1373440663819494E+000, 1.0000000180500943E+000,-1.4460165171590431E+000,-1.4460164827069864E+000,2
2,-3.8888888888888878E-001, 0.0000000000000000E+000, 0.0000000000000000E+000,-5.5674386631344241E-001, 3.2143622108573894E-001, 0.0000000000000000E+000, 8.2655028279190024E-001, 4.1688957097140849E+000,-4.1688956114108011E+000, 9.8303283735390323E-008,-2.4069085143998383E+000, 2.4069084231963069E+000,-9.1203531393801995E-008,-6.8192520086631223E+000, 6.8192521344853310E+000, 1.2582220865198224E-007, 3.6999680417342264E+000,-3.6999679434309427E+000,-2.1361738706396056E+000, 2.1361737794360742E+000,-4.3167954370807555E+000, 4.3167955629029642E+000, 4.6892766797985830E-001,-4.6892766797985830E-001,-2.7073464376023265E-001, 2.7073464376023265E-001,-2.5024565715823668E+000, 2.5024565715823668E+000,1,1, 1.2789420131434079E+000, 6.0094609338343263E-001, 1.1452945251336781E+000, 1.0000000147815011E+000,-2.3455657337260671E+000,-2.3455657012323212E+000,2
3, 1.1111111111111110E-001, 5.5555555555555601E-002, 0.0000000000000000E+000, 1.5906967608955500E-001, 8.3266726846886741E-017, 0.0000000000000000E+000, 1.6112223618882626E+000, 1.0744927164195297E-004,-1.1013411263730950E-004,-2.6848409952900942E-006,-3.2757250559460940E+000, 3.2757253430155728E+000, 2.8706947885481782E-007, 2.5138184402237709E+001,-2.5138182717198145E+001, 1.6850395652134864E-006, 3.6198421895505817E-005,-3.8883262890795911E-005, 6.9979172607043061E-001,-6.9979143900095175E-001, 3.6000405762240995E+000,-3.6000388911845342E+000, 7.1250849746447154E-005,-7.1250849746513589E-005,-3.9755167820165247E+000, 3.9755167820165247E+000, 2.1538143826013609E+001,-2.1538143826013609E+001,1,1, 7.4341298047699023E-001, 3.9579889644393396E-001, 1.1379300483946939E+000, 1.0000000137213194E+000,-1.4292568998374711E+000,-1.4292568667162850E+000,2
4,-3.8888888888888878E-001, 5.5555555555555601E-002, 0.0000000000000000E+000,-5.5674386631344241E-001, 4.1327514139595017E-001, 0.0000000000000000E+000, 2.4377726446801629E+000, 2.6839748537560006E+000,-2.6839747887958154E+000, 6.4960185230944489E-008,-2.2529115806960442E+000, 2.2529117115649777E+000, 1.3086893346780926E-007,-2.7880301608704881E+000, 2.7880302131953769E+000, 5.2324888866195352E-008, 2.4329543450312325E+000,-2.4329542800710473E+000,-1.8466676122014705E+000, 1.8466677430704039E+000,-2.2795403499157554E+000, 2.2795404022406442E+000, 2.5102050872476822E-001,-2.5102050872476822E-001,-4.0624396849457384E-001, 4.0624396849457384E-001,-5.0848981095473256E-001, 5.0848981095473256E-001,1,1, 1.2642889009334288E+000, 6.3510576887730019E-001, 1.1422847596100607E+000, 1.0000000097307256E+000,-2.4854577703285186E+000,-2.4854577420275668E+000,2
5, 1.1111111111111110E-001, 1.1111111111111110E-001, 0.0000000000000000E+000, 1.5906967608955500E-001, 9.1838920310211139E-002, 0.0000000000000000E+000, 3.2224447237765252E+000,-1.9420463712246935E+001, 1.9420463313861624E+001,-3.9838531051827886E-007,-1.1212409648518628E+001, 1.1212409784758343E+001, 1.3623971550913438E-007, 1.6511751708568887E+001,-1.6511752000954463E+001,-2.9238557863742187E-007,-6.5411790246987174E+000, 6.5411786263134069E+000,-3.7765512696465127E+000, 3.7765514058862282E+000, 1.0401266150619592E+000,-1.0401269074475379E+000,-1.2879284687548216E+001, 1.2879284687548216E+001,-7.4358583788721155E+000, 7.4358583788721155E+000, 1.5471625093506930E+001,-1.5471625093506926E+001,1,1, 8.3814888529915077E-001, 3.8063705475701137E-001, 1.1373439911254937E+000, 1.0000000080208780E+000,-1.4460211082984595E+000,-1.4460210742064152E+000,2
6,-3.8888888888888878E-001, 1.1111111111111110E-001, 0.0000000000000000E+000,-5.5674386631344241E-001, 5.0511406170616124E-001, 0.0000000000000000E+000, 4.0489950065684255E+000, 1.4929722247512309E+000,-1.4929721671996090E+000, 5.7551621912566020E-008,-1.3765467699285856E+000, 1.3765469544837490E+000, 1.8455516337390065E-007, 1.5557243434238426E+000,-1.5557244663039960E+000,-1.2288015344141812E-007, 1.3061562877874455E+000,-1.3061562302358236E+000,-1.1332959387628596E+000, 1.1332961233180230E+000,-2.7395087046236516E-001, 2.7395074758221172E-001, 1.8681593696378540E-001,-1.8681593696378540E-001,-2.4325083116572604E-001, 2.4325083116572604E-001, 1.8296752138862078E+000,-1.8296752138862078E+000,1,1, 1.1891798907326967E+000, 6.7615496075527814E-001, 1.1414342361878531E+000, 1.0000000161898837E+000,-2.6978132378600312E+000,-2.6978132182319001E+000,2
7, 1.1111111111111110E-001, 1.6666666666666671E-001, 0.0000000000000000E+000, 1.5906967608955500E-001, 1.8367784062042242E-001, 0.0000000000000000E+000, 4.8336670856647874E+000,-9.3440144461212338E+000, 9.3440143673729352E+000,-7.8748298548703133E-008,-2.4909025701643346E+000, 2.4909025164036440E+000,-5.3760690565951563E-008, 2.8676406364004876E+001,-2.8676406124874497E+001, 2.3913038083023253E-007,-2.1445540867281703E+000, 2.1445540079798717E+000,-1.8370140263048862E+000, 1.8370139725441956E+000, 2.4143468656977984E+000,-2.4143466265674176E+000,-7.1994603593930639E+000, 7.1994603593930639E+000,-6.5388854385944839E-001, 6.5388854385944839E-001, 2.6262059498307078E+001,-2.6262059498307078E+001,1,1, 9.1875096777592447E-001, 3.4799739673209956E-001, 1.1351019532884874E+000, 1.0000000146722594E+000,-1.6052898281901484E+000,-1.6052897999993316E+000,2
8,-3.8888888888888878E-001, 1.6666666666666671E-001, 0.0000000000000000E+000,-5.5674386631344241E-001, 5.9695298201637248E-001, 0.0000000000000000E+000, 5.6602173684566877E+000, 6.7299371611094072E-001,-6.7299364484943069E-001, 7.1261510026232600E-008,-4.9977176570364940E-001, 4.9977162027165589E-001,-1.4543199350347535E-007, 1.6548771294704268E+000,-1.6548773875526672E+000,-2.5808224035639427E-007, 5.8805002271661466E-001,-5.8804995145510464E-001,-4.7518524400027418E-001, 4.7518509856828067E-001,-6.1243592780486755E-001, 6.1243566972262720E-001, 8.4943693394326086E-002,-8.4943693394326086E-002,-2.4586521703375226E-002, 2.4586521703375226E-002, 2.2673130572752944E+000,-2.2673130572752944E+000,1,1, 1.0685941847120377E+000, 7.2417992960267541E-001, 1.1438902307186158E+000, 1.0000000195050860E+000,-2.8965225882428554E+000,-2.8965225764902245E+000,2
9, 1.1111111111111110E-001, 2.2222222222222221E-001, 0.0000000000000000E+000, 1.5906967608955500E-001, 2.7551676093063343E-001, 0.0000000000000000E+000, 6.4448894475530496E+000,-3.5802001943375235E+000, 3.5802002345818433E+000, 4.0244319987614574E-008, 2.0670997071923352E+000,-2.0670998072031890E+000,-1.0001085404276466E-007, 2.1687539581117338E+001,-2.1687539771160374E+001,-1.9004303464242867E-007,-5.5262835120276654E-001, 5.5262839144708653E-001, 3.1907212058407386E-001,-3.1907222059492790E-001, 5.8904827216202813E+000,-5.8904829116633159E+000,-3.0275718431347567E+000, 3.0275718431347567E+000, 1.7480275866082613E+000,-1.7480275866082611E+000, 1.5797056859497058E+001,-1.5797056859497058E+001,1,1, 1.0002200425253784E+000, 3.8953299559237509E-001, 1.1377508649361758E+000, 1.0000000060095504E+000,-1.8205125924982095E+000,-1.8205125742436576E+000,2
10,-3.8888888888888878E-001, 2.2222222222222221E-001, 0.0000000000000000E+000,-5.5674386631344241E-001, 6.8879190232658349E-001, 0.0000000000000000E+000, 7.2714397303449498E+000, 1.0854517876130199E-001,-1.0854485201251125E-001, 3.2674879073268936E-007,-6.2645086499049735E-002, 6.2645326262358303E-002, 2.3976330856823047E-007,-4.5808640511740224E+000, 4.5808642214144202E+000, 1.7024039777879807E-007, 1.0550962119981093E-001,-1.0550929445102020E-001,-6.0897643487823810E-002, 6.0897883251132379E-002,-5.6956635452282107E+000, 5.6956637154686085E+000, 3.0355575614910515E-003,-3.0355575614910519E-003,-1.7474430112259230E-003, 1.7474430112259230E-003, 1.1147994940541883E+000,-1.1147994940541883E+000,1,1, 9.2688229280842993E-001, 7.7782979876899394E-001, 1.1476173312437525E+000, 1.0000000169812866E+000,-3.0409960776741709E+000,-3.0409960717955835E+000,2
11, 1.1111111111111110E-001, 2.7777777777777779E-001, 0.0000000000000000E+000, 1.5906967608955500E-001, 3.6735568124084467E-001, 0.0000000000000000E+000, 8.0561118094413118E+000,-4.9364567707189955E-001, 4.9364568575061712E-001, 8.6787175987423915E-009, 1.6271103870769381E+000,-1.6271103448679289E+000, 4.2209009176730206E-008, 5.4033100490594403E+000,-5.4033101087924962E+000,-5.9733055390864820E-008,-4.3655663665640311E-002, 4.3655672344357910E-002, 1.0009603070532660E+000,-1.0009602648442568E+000, 2.5496449830523118E+000,-2.5496450427853672E+000,-4.4999001340625921E-001, 4.4999001340625921E-001, 6.2615008002367223E-001,-6.2615008002367223E-001, 2.8536650660071290E+000,-2.8536650660071290E+000,1,1, 1.1379016147055596E+000, 5.2006214622102720E-001, 1.1466137218600752E+000, 1.0000000126033133E+000,-2.0021618150853659E+000,-2.0021618016832399E+000,2
12,-3.8888888888888878E-001, 2.7777777777777779E-001, 0.0000000000000000E+000,-5.5674386631344241E-001, 7.8063082263679473E-001, 0.0000000000000000E+000, 8.8826620922332111E+000,-6.8075074407578318E-002, 6.8075052670602085E-002,-2.1736976225927851E-008, 5.7294585298011569E-002,-5.7295138622455707E-002,-5.5332444413858095E-007,-1.2756583959428335E+001, 1.2756583506775872E+001,-4.5265246306769313E-007,-5.4762984041255756E-002, 5.4762962304279530E-002, 8.2176382443802196E-002,-8.2176935768246334E-002,-1.3232552147524887E+001, 1.3232551694872424E+001,-1.3312090366322554E-002, 1.3312090366322554E-002,-2.4881797145790627E-002, 2.4881797145790627E-002, 4.7596818809655111E-001,-4.7596818809655111E-001,1,1, 8.2936858393895196E-001, 8.2116671525208040E-001, 1.1502158997300651E+000, 1.0000000159623896E+000,-3.1165506391167601E+000,-3.1165506350705825E+000,2
13, 1.1111111111111110E-001, 3.3333333333333331E-001, 0.0000000000000000E+000, 1.5906967608955500E-001, 4.5919460155105574E-001, 0.0000000000000000E+000, 9.6673341713295731E+000, 2.8566570160490945E-001,-2.8566563081181473E-001, 7.0793094719689975E-008, 1.5056175638307621E+000,-1.5056176738238591E+000,-1.0999309707493410E-007, 3.5591961114982207E-001,-3.5591999950505682E-001,-3.8835523472058320E-007, 2.8753978456107043E-001,-2.8753971376797571E-001, 1.2558254711906109E+000,-1.2558255811837080E+000,-1.3733489016802167E-001, 1.3733450181278695E-001,-1.8740829561609920E-003, 1.8740829561609920E-003, 2.4979209264015112E-001,-2.4979209264015112E-001, 4.9325450131784376E-001,-4.9325450131784376E-001,1,1, 1.2552579980869529E+000, 6.1943074065085058E-001, 1.1543747967896125E+000, 1.0000000225650876E+000,-2.1762747686564179E+000,-2.1762747552211832E+000,2
14,-3.8888888888888878E-001, 3.3333333333333331E-001, 0.0000000000000000E+000,-5.5674386631344241E-001, 8.7246974294700586E-001, 0.0000000000000000E+000, 1.0493884454121474E+001, 6.8096565920474111E-002,-6.8096719189429888E-002,-1.5326895577705280E-007, 5.7289491140932389E-002,-5.7289729039893891E-002,-2.3789896150261391E-007,-1.2756549059868798E+001, 1.2756549125635706E+001, 6.5766908363684706E-008, 5.4783226732792192E-002,-5.4783380001747969E-002, 8.2172486759412383E-002,-8.2172724658373886E-002,-1.3232514124633687E+001, 1.3232514190400595E+001, 1.3313339187681919E-002,-1.3313339187681919E-002,-2.4882995618479994E-002, 2.4882995618479994E-002, 4.7596506476488931E-001,-4.7596506476488931E-001,1,1, 8.2936953508128575E-001, 8.2116696618416696E-001, 1.1502160770381764E+000, 1.0000000104823381E+000,-3.1165499898122624E+000,-3.1165499850187155E+000,2
15, 1.1111111111111110E-001, 3.8888888888888890E-001, 0.0000000000000000E+000, 1.5906967608955500E-001, 5.5103352186126697E-001, 0.0000000000000000E+000, 1.1278556533217836E+001, 5.6198508228614741E-001,-5.6198500674465257E-001, 7.5541494837239043E-008, 1.6374490847221057E+000,-1.6374489777507915E+000, 1.0697131447301444E-007,-1.2062130025220765E+000, 1.2062130312049451E+000, 2.8682868524754213E-008, 4.5994310879512751E-001,-4.5994303325363267E-001, 1.4266475335774182E+000,-1.4266474266061038E+000,-1.1496872197284127E+000, 1.1496872484112812E+000, 1.0204197349101994E-001,-1.0204197349101994E-001, 2.1080155114468754E-001,-2.1080155114468757E-001,-5.6525782793663895E-002, 5.6525782793663895E-002,1,1, 1.2924019327354745E+000, 6.7261625267762826E-001, 1.1552759549339298E+000, 1.0000000083047904E+000,-2.3665398956720187E+000,-2.3665398800489061E+000,2
16,-3.8888888888888878E-001, 3.8888888888888890E-001, 0.0000000000000000E+000,-5.5674386631344241E-001, 9.6430866325721709E-001, 0.0000000000000000E+000, 1.2105106816009737E+001,-1.0852659706090789E-001, 1.0852619796823884E-001,-3.9909266905113761E-007,-6.2657809541229834E-002, 6.2657967520650990E-002, 1.5797942115591823E-007,-4.5808646820562808E+000, 4.5808643942878566E+000,-2.8776842420086268E-007,-1.0549414828468698E-001, 1.0549374919201793E-001,-6.0907011108046714E-002, 6.0907169087467870E-002,-5.6956456428804749E+000, 5.6956453551120507E+000,-3.0324487762209106E-003, 3.0324487762209106E-003,-1.7507984331831129E-003, 1.7507984331831129E-003, 1.1147809608241943E+000,-1.1147809608241943E+000,1,1, 9.2688408295412916E-001, 7.7783043899794679E-001, 1.1476176810910423E+000, 1.0000000076730600E+000,-3.0409947234405923E+000,-3.0409947167046156E+000,2
17, 1.1111111111111110E-001, 4.4444444444444442E-001, 0.0000000000000000E+000, 1.5906967608955500E-001, 6.4287244217147799E-001, 0.0000000000000000E+000, 1.2889778895106099E+001, 6.1254391008637532E-001,-6.1254397654476733E-001,-6.6458392122825671E-008, 1.8326826631783026E+000,-1.8326827456263997E+000,-8.2448097016296629E-008,-8.4180748642794734E-001, 8.4180756150023184E-001, 7.5072284611010787E-008, 4.7809750012821955E-001,-4.7809756658661168E-001, 1.5792134919896128E+000,-1.5792135744377098E+000,-1.1177550765415769E+000, 1.1177551516138615E+000, 1.3444640995815574E-001,-1.3444640995815571E-001, 2.5346917118868989E-001,-2.5346917118868989E-001, 2.7594759011362957E-001,-2.7594759011362968E-001,1,1, 1.2541483727040728E+000, 6.8716092825777941E-001, 1.1493992578168712E+000, 1.0000000086587837E+000,-2.5548670678299761E+000,-2.5548670498997836E+000,2
18,-3.8888888888888878E-001, 4.4444444444444442E-001, 0.0000000000000000E+000,-5.5674386631344241E-001, 1.0561475835674281E+000, 0.0000000000000000E+000, 1.3716329177898000E+001,-6.7297934822422834E-001, 6.7297928003737617E-001,-6.8186852164586753E-008,-4.9978103371987892E-001, 4.9978105649460108E-001, 2.2774722163720895E-008, 1.6548438607537219E+000,-1.6548444812293264E+000,-6.2047560456246487E-007,-5.8803951983832492E-001, 5.8803945165147276E-001,-4.7519237649651702E-001, 4.7519239927123919E-001,-6.1244346590837417E-001, 6.1244284543276961E-001,-8.4939828385903374E-002, 8.4939828385903374E-002,-2.4588657223361888E-002, 2.4588657223361888E-002, 2.2672873266620961E+000,-2.2672873266620961E+000,1,1, 1.0685951203970747E+000, 7.2418032278034705E-001, 1.1438906410173957E+000, 1.0000000080642759E+000,-2.8965215517750336E+000,-2.8965215396527526E+000,2
19, 1.1111111111111110E-001, 5.0000000000000000E-001, 0.0000000000000000E+000, 1.5906967608955500E-001, 7.3471136248168922E-001, 0.0000000000000000E+000, 1.4501001256994362E+001, 4.4566584716605318E-001,-4.4566582194300824E-001, 2.5223044930466898E-008, 1.9812479220828925E+000,-1.9812479367184321E+000,-1.4635539669072273E-008, 1.5557259078072467E+000,-1.5557261175149186E+000,-2.0970767178329908E-007, 3.2840054989565387E-001,-3.2840052467260894E-001, 1.6978247803289224E+000,-1.6978247949644620E+000,-2.7396143852121879E-001, 2.7396122881354701E-001, 1.1726529727039933E-001,-1.1726529727039932E-001, 2.8342314175397015E-001,-2.8342314175397015E-001, 1.8296873463284655E+000,-1.8296873463284655E+000,1,1, 1.1891776158886631E+000, 6.7615424271992763E-001, 1.1414342976968941E+000, 1.0000000038703176E+000,-2.6978142284687934E+000,-2.6978142092562427E+000,2
20,-3.8888888888888878E-001, 5.0000000000000000E-001, 0.0000000000000000E+000,-5.5674386631344241E-001, 1.1479865038776393E+000, 0.0000000000000000E+000, 1.5327551539786263E+001,-1.4929695816245467E+000, 1.4929695276903128E+000,-5.3934233967822820E-008,-1.3765556460799262E+000, 1.3765555739478708E+000,-7.2132055439766418E-008, 1.5557342945273192E+000,-1.5557343516937845E+000,-5.7166465339264505E-008,-1.3061548580350892E+000, 1.3061548041008553E+000,-1.1333037988705985E+000, 1.1333037267385431E+000,-2.7394232622902104E-001, 2.7394226906255570E-001,-1.8681472358945753E-001, 1.8681472358945753E-001,-2.4325184720932774E-001, 2.4325184720932774E-001, 1.8296766207563402E+000,-1.8296766207563402E+000,1,1, 1.1891794978368266E+000, 6.7615446705713556E-001, 1.1414345672917927E+000, 1.0000000088432142E+000,-2.6978130422153308E+000,-2.6978130224032131E+000,2
21, 1.1111111111111110E-001,-4.4444444444444442E-001, 0.0000000000000000E+000, 1.5906967608955500E-001,-8.2655028279190024E-001, 0.0000000000000000E+000, 1.7427833556420886E+001, 1.4626132882211015E-005,-1.4206033668046787E-005, 4.2009921416422732E-007, 2.0298149785307147E+000,-2.0298154400598047E+000,-4.6152909027874500E-007, 3.5417651357392139E+000,-3.5417649663141271E+000, 1.6942508695994007E-007, 8.0900743899360366E-006,-7.6699751757718093E-006, 1.7446163681004352E+000,-1.7446168296295255E+000, 3.8744314168977467E-001,-3.8744297226468771E-001, 6.5360584922749771E-006,-6.5360584922749771E-006, 2.8519861043027933E-001,-2.8519861043027933E-001, 3.1543219940494391E+000,-3.1543219940494391E+000,1,1, 1.1578308768543266E+000, 6.6613024837675405E-001, 1.1376891402828253E+000, 1.0000000068285275E+000,-2.7518072397793629E+000,-2.7518072201943591E+000,2
22,-3.8888888888888878E-001,-4.4444444444444442E-001, 0.0000000000000000E+000,-5.5674386631344241E-001,-4.1327514139595017E-001, 0.0000000000000000E+000, 1.8254383839212785E+001,-2.6839866177579408E+000, 2.6839864900609487E+000,-1.2769699209158603E-007,-2.2529279104394306E+000, 2.2529279688540971E+000, 5.8414666659345471E-008,-2.7880276693231676E+000, 2.7880275943248440E+000,-7.4998323551511703E-008,-2.4329641541013394E+000, 2.4329640264043473E+000,-1.8466803150844462E+000, 1.8466803734991128E+000,-2.2795330741992110E+000, 2.2795329992008875E+000,-2.5102246365660158E-001, 2.5102246365660158E-001,-4.0624759535498445E-001, 4.0624759535498445E-001,-5.0849459512395645E-001, 5.0849459512395645E-001,1,1, 1.2642879726896976E+000, 6.3510449164411809E-001, 1.1422850018190769E+000, 1.0000000090322183E+000,-2.4854581875517661E+000,-2.4854581590982554E+000,2
23, 1.1111111111111110E-001,-3.8888888888888878E-001, 0.0000000000000000E+000, 1.5906967608955500E-001,-7.3471136248168900E-001, 0.0000000000000000E+000, 1.9039055918309149E+001,-4.4563861787942838E-001, 4.4563858670453221E-001,-3.1174896164554156E-008, 1.9812254882399338E+000,-1.9812255809200823E+000,-9.2680148444657107E-008, 1.5557242190435163E+000,-1.5557245064078611E+000,-2.8736434481979600E-007,-3.2838513283426213E-001, 3.2838510165936596E-001, 1.6978125860276745E+000,-1.6978126787078229E+000,-2.7395093901677964E-001, 2.7395065165243482E-001,-1.1725348504516624E-001, 1.1725348504516624E-001, 2.8341290221225934E-001,-2.8341290221225934E-001, 1.8296751580602959E+000,-1.8296751580602959E+000,1,1, 1.1891798907498092E+000, 6.7615495701482042E-001, 1.1414342317992918E+000, 1.0000000104859796E+000,-2.6978132378379769E+000,-2.6978132182495393E+000,2
24,-3.8888888888888878E-001,-3.8888888888888878E-001, 0.0000000000000000E+000,-5.5674386631344241E-001,-3.2143622108573894E-001, 0.0000000000000000E+000, 1.9865606201101048E+001,-4.1689063651507343E+000, 4.1689061715752063E+000,-1.9357552805132627E-007,-2.4069191456707544E+000, 2.4069191374373751E+000,-8.2333793116617926E-009,-6.8192578067063145E+000, 6.8192576977066004E+000,-1.0899971325528668E-007,-3.6999821514555356E+000, 3.6999819578800075E+000,-2.1361856382615874E+000, 2.1361856300282080E+000,-4.3167861128292575E+000, 4.3167860038295442E+000,-4.6892421369519910E-001, 4.6892421369519910E-001,-2.7073350740916696E-001, 2.7073350740916696E-001,-2.5024716938770566E+000, 2.5024716938770566E+000,1,1, 1.2789419568010194E+000, 6.0094490956134938E-001, 1.1452946880521138E+000, 1.0000000131436950E+000,-2.3455659861106701E+000,-2.3455659532786610E+000,2
25, 1.1111111111111110E-001,-3.3333333333333343E-001, 0.0000000000000000E+000, 1.5906967608955500E-001,-6.4287244217147821E-001, 0.0000000000000000E+000, 2.0650278280197412E+001,-6.1252229604804598E-001, 6.1252235081226125E-001, 5.4764215273728212E-008, 1.8326550308236462E+000,-1.8326550578792689E+000,-2.7055622853211503E-008,-8.4177373489601415E-001, 8.4177354156490858E-001,-1.9333110556907229E-007,-4.7808440456213980E-001, 4.7808445932635507E-001, 1.5791977568227740E+000,-1.5791977838783968E+000,-1.1177300849930158E+000, 1.1177298916619103E+000,-1.3443789148590618E-001, 1.3443789148590618E-001, 2.5345727400087215E-001,-2.5345727400087215E-001, 2.7595635009700176E-001,-2.7595635009700176E-001,1,1, 1.2541517173135208E+000, 6.8716167751023127E-001, 1.1493991031568969E+000, 1.0000000308798120E+000,-2.5548653752480308E+000,-2.5548653566165305E+000,2
26,-3.8888888888888878E-001,-3.3333333333333343E-001, 0.0000000000000000E+000,-5.5674386631344241E-001,-2.2959730077552815E-001, 0.0000000000000000E+000, 2.1476828562989311E+001,-3.9448495816411544E+000, 3.9448495666809009E+000,-1.4960253480467145E-008,-1.3305547336804693E+000, 1.3305547458029885E+000, 1.2122519210677751E-008,-5.6283181124378796E+000, 5.6283182056498013E+000, 9.3211921292635225E-008,-3.2060765010972103E+000, 3.2060764861369568E+000,-1.2553016357975353E+000, 1.2553016479200545E+000,-3.7787033400248258E+000, 3.7787034332367471E+000,-7.3877308054394408E-001, 7.3877308054394408E-001,-7.5253097882933939E-002, 7.5253097882933939E-002,-1.8496147724130538E+000, 1.8496147724130538E+000,1,1, 1.2501871293541771E+000, 6.0293965323962284E-001, 1.1487020012762494E+000, 1.0000000022673214E+000,-2.3334684020924721E+000,-2.3334683757247694E+000,2
27, 1.1111111111111110E-001,-2.7777777777777779E-001, 0.0000000000000000E+000, 1.5906967608955500E-001,-5.5103352186126697E-001, 0.0000000000000000E+000, 2.2261500642085675E+001,-5.6196779682571052E-001, 5.6196780388270084E-001, 7.0569903254380506E-009, 1.6374249079050931E+000,-1.6374249591306520E+000,-5.1225558905798607E-008,-1.2061603787788768E+000, 1.2061599064153279E+000,-4.7236354894231170E-007,-4.5993265217060247E-001, 4.5993265922759280E-001, 1.4266334089034747E+000,-1.4266334601290336E+000,-1.1496557030796102E+000, 1.1496552307160612E+000,-1.0203514465510803E-001, 1.0203514465510803E-001, 2.1079149900161831E-001,-2.1079149900161831E-001,-5.6504675699266579E-002, 5.6504675699266579E-002,1,1, 1.2924050647475802E+000, 6.7261667036470685E-001, 1.1552757449099975E+000, 1.0000000181827591E+000,-2.3665377299000889E+000,-2.3665377134115992E+000,2
28,-3.8888888888888878E-001,-2.7777777777777779E-001, 0.0000000000000000E+000,-5.5674386631344241E-001,-1.3775838046531685E-001, 0.0000000000000000E+000, 2.3088050924877574E+001,-1.6990314158719473E+000, 1.6990313335839264E+000,-8.2288020841758680E-008,-3.3202623880412363E-001, 3.3202632771908008E-001, 8.8914956453134408E-008,-1.2061714196243878E+000, 1.2061712801032456E+000,-1.3952114219506484E-007,-1.4654691449813002E+000, 1.4654690626932794E+000,-3.1499759828786078E-001, 3.1499768720281723E-001,-1.1496570334245373E+000, 1.1496568939033951E+000,-2.3356227089064702E-001, 2.3356227089064702E-001,-1.7028640516262825E-002, 1.7028640516262825E-002,-5.6514386199850490E-002, 5.6514386199850490E-002,1,1, 1.2924047201659605E+000, 6.7261671692324310E-001, 1.1552760500216235E+000, 1.0000000124330946E+000,-2.3665391571371002E+000,-2.3665391407208567E+000,2
29, 1.1111111111111110E-001,-2.2222222222222221E-001, 0.0000000000000000E+000, 1.5906967608955500E-001,-4.5919460155105568E-001, 0.0000000000000000E+000, 2.3872723003973938E+001,-2.8564703813973691E-001, 2.8564707774299447E-001, 3.9603257562248473E-008, 1.5055971930875149E+000,-1.5055971446548406E+000, 4.8432674315534996E-008, 3.5598946111575630E-001,-3.5598960810190250E-001,-1.4698614622665751E-007,-2.8753054182109494E-001, 2.8753058142435250E-001, 1.2558142117866242E+000,-1.2558141633539499E+000,-1.3729984349443086E-001, 1.3729969650828464E-001, 1.8835036813580244E-003,-1.8835036813580244E-003, 2.4978298130089063E-001,-2.4978298130089063E-001, 4.9328930461018716E-001,-4.9328930461018716E-001,1,1, 1.2552604503205456E+000, 6.1943085453703595E-001, 1.1543745984703888E+000, 1.0000000072717337E+000,-2.1762721174803032E+000,-2.1762721031697794E+000,2
30,-3.8888888888888878E-001,-2.2222222222222221E-001, 0.0000000000000000E+000,-5.5674386631344241E-001,-4.5919460155105618E-002, 0.0000000000000000E+000, 2.4699273286765838E+001,-3.6049213624405796E-001, 3.6049223272109060E-001, 9.6477032640596150E-008,-1.2360232259981674E-002, 1.2360212548621352E-002,-1.9711360321750249E-008, 3.0058586200745901E-001,-3.0058588165891154E-001,-1.9651452506930234E-008,-3.3849038199347137E-001, 3.3849047847050401E-001, 3.3066052884632657E-002,-3.3066072595992979E-002, 9.8190744832770974E-002,-9.8190764484223481E-002,-2.2001754250586616E-002, 2.2001754250586616E-002,-4.5426285144614331E-002, 4.5426285144614331E-002, 2.0239511717468803E-001,-2.0239511717468803E-001,1,1, 1.3977826013753374E+000, 7.3280185183243141E-001, 1.1609675804220077E+000, 1.0000000113993064E+000,-2.3792336787023469E+000,-2.3792336680574078E+000,2
31, 1.1111111111111110E-001,-1.6666666666666660E-001, 0.0000000000000000E+000, 1.5906967608955500E-001,-3.6735568124084444E-001, 0.0000000000000000E+000, 2.5483945365862201E+001, 4.9368001351739688E-001,-4.9367996476203435E-001, 4.8755362490326970E-008, 1.6270898834424028E+000,-1.6270895205215330E+000, 3.6292086980083127E-007, 5.4034305500851705E+000,-5.4034304182159740E+000, 1.3186919645136186E-007, 4.3664960372596477E-002,-4.3664911617233987E-002, 1.0009494961161636E+000,-1.0009491331952938E+000, 2.5496778514874046E+000,-2.5496777196182081E+000, 4.5001505314480039E-001,-4.5001505314480039E-001, 6.2614038732623922E-001,-6.2614038732623922E-001, 2.8537526985977659E+000,-2.8537526985977659E+000,1,1, 1.1379040519108461E+000, 5.2006230268020359E-001, 1.1466135593718529E+000, 1.0000000048589468E+000,-2.0021584101270022E+000,-2.0021583960203069E+000,2
32,-3.8888888888888878E-001,-1.6666666666666660E-001, 0.0000000000000000E+000,-5.5674386631344241E-001, 4.5919460155105618E-002, 0.0000000000000000E+000, 2.6310495648654101E+001, 3.6050932497660593E-001,-3.6050930607454768E-001, 1.8902058251946130E-008,-1.2361244859349529E-002, 1.2361225788765612E-002,-1.9070583917590866E-008, 3.0057767589641404E-001,-3.0057763121568398E-001, 4.4680730074131425E-008, 3.3850042904250238E-001,-3.3850041014044413E-001, 3.3064761683718802E-002,-3.3064780754302719E-002, 9.8183159347523960E-002,-9.8183114666793886E-002, 2.2008895934103559E-002,-2.2008895934103559E-002,-4.5426006543068331E-002, 4.5426006543068331E-002, 2.0239451654889010E-001,-2.0239451654889010E-001,1,1, 1.3977810584666397E+000, 7.3280168852607830E-001, 1.1609675363362544E+000, 1.0000000119922909E+000,-2.3792340221899630E+000,-2.3792340119208708E+000,2
33, 1.1111111111111110E-001,-1.1111111111111120E-001, 0.0000000000000000E+000, 1.5906967608955500E-001,-2.7551676093063360E-001, 0.0000000000000000E+000, 2.7095167727750464E+001, 3.5802349111099314E+000,-3.5802349917854044E+000,-8.0675472857727470E-008, 2.0670497250754751E+000,-2.0670497594342176E+000,-3.4358742517781593E-008, 2.1687471297858984E+001,-2.1687471236103871E+001, 6.1755112135131185E-008, 5.5263003168224734E-001,-5.5263011235772019E-001, 3.1906111282491345E-001,-3.1906114718365597E-001, 5.8904277359571768E+000,-5.8904276742020647E+000, 3.0276048794276842E+000,-3.0276048794276842E+000, 1.7479886122505617E+000,-1.7479886122505617E+000, 1.5797043561901807E+001,-1.5797043561901807E+001,1,1, 1.0002241139886292E+000, 3.8953513640098431E-001, 1.1377508247551689E+000, 1.0000000091527099E+000,-1.8205079819821901E+000,-1.8205079634381880E+000,2
34,-3.8888888888888878E-001,-1.1111111111111120E-001, 0.0000000000000000E+000,-5.5674386631344241E-001, 1.3775838046531649E-001, 0.0000000000000000E+000, 2.7921718010542364E+001, 1.6990652000549520E+000,-1.6990653458751139E+000,-1.4582016194530922E-007,-3.3203124481769841E-001, 3.3203129808801757E-001, 5.3270319155807044E-008,-1.2062128625846680E+000, 1.2062129709536475E+000, 1.0836897956778557E-007, 1.4654845912117933E+000,-1.4654847370319553E+000,-3.1500138896320573E-001, 3.1500144223352489E-001,-1.1496871255767944E+000, 1.1496872339457740E+000, 2.3358060884315862E-001,-2.3358060884315862E-001,-1.7029855854492699E-002, 1.7029855854492699E-002,-5.6525737007873549E-002, 5.6525737007873549E-002,1,1, 1.2924019327256828E+000, 6.7261625345358778E-001, 1.1552759540830957E+000, 1.0000000189612084E+000,-2.3665398956913144E+000,-2.3665398800496127E+000,2
35, 1.1111111111111110E-001,-5.5555555555555601E-002, 0.0000000000000000E+000, 1.5906967608955500E-001,-1.8367784062042236E-001, 0.0000000000000000E+000, 2.8706390089638727E+001, 9.3436881600765584E+000,-9.3436876798685979E+000, 4.8020796006298383E-007,-2.4908796489726424E+000, 2.4908795126788341E+000,-1.3629380823942938E-007, 2.8675315905256191E+001,-2.8675316382942665E+001,-4.7768647037926826E-007, 2.1445045284517410E+000,-2.1445040482437809E+000,-1.8369929292078386E+000, 1.8369927929140304E+000, 2.4143633072983395E+000,-2.4143637849848099E+000, 7.1991836316248170E+000,-7.1991836316248170E+000,-6.5388671976480384E-001, 6.5388671976480384E-001, 2.6260952597957854E+001,-2.6260952597957854E+001,1,1, 9.1875764535640259E-001, 3.4800266663834067E-001, 1.1351020368571028E+000, 1.0000000221018479E+000,-1.6052841290265218E+000,-1.6052841007786596E+000,2
36,-3.8888888888888878E-001,-5.5555555555555601E-002, 0.0000000000000000E+000,-5.5674386631344241E-001, 2.2959730077552770E-001, 0.0000000000000000E+000, 2.9532940372430627E+001, 3.9448821316648557E+000,-3.9448821946573900E+000,-6.2992534299866065E-008,-1.3305617018722316E+000, 1.3305616626867387E+000,-3.9185492850535297E-008,-5.6283829227505677E+000, 5.6283828472066899E+000,-7.5543877375849888E-008, 3.2060828957173961E+000,-3.2060829587099304E+000,-1.2553022314995654E+000, 1.2553021923140726E+000,-3.7787413267914873E+000, 3.7787412512476100E+000, 7.3879923594745966E-001,-7.3879923594745966E-001,-7.5259470372666101E-002, 7.5259470372666101E-002,-1.8496415959590802E+000, 1.8496415959590802E+000,1,1, 1.2501853709900912E+000, 6.0293970493296434E-001, 1.1487018283761654E+000, 1.0000000063039780E+000,-2.3334688263908703E+000,-2.3334688006605928E+000,2
1, 1.6666666666666671E-001, 0.0000000000000000E+000, 0.0000000000000000E+000, 2.3860451413433259E-001,-1.3775838046531677E-001, 0.0000000000000000E+000, 0.0000000000000000E+000, 1.3050529039214098E+001,-1.3050528928277242E+001, 1.1093685703400524E-007,-7.5347706592975658E+000, 7.5347706326653814E+000,-2.6632183569574863E-008, 1.4312315762760448E+001,-1.4312316045288490E+001,-2.8252804096240425E-007, 6.5156041019194113E+000,-6.5156039909825543E+000,-3.7617946806471747E+000, 3.7617946540149911E+000,-5.2503316607020309E+000, 5.2503313781739900E+000, 6.5349249372946865E+000,-6.5349249372946865E+000,-3.7729759786503907E+000, 3.7729759786503907E+000, 1.9562647423462479E+001,-1.9562647423462479E+001,1,1, 1.0285888344691059E+000, 3.3480502701556947E-001, 1.1387660225753122E+000, 1.0000000094186634E+000,-1.6045468352694741E+000,-1.6045468039182125E+000,3
2,-3.3333333333333343E-001, 0.0000000000000000E+000, 0.0000000000000000E+000,-4.7720902826866518E-001, 2.7551676093063354E-001, 0.0000000000000000E+000, 8.2655028279190057E-001, 5.5425596538826278E+000,-5.5425598112218903E+000,-1.5733926250760533E-007,-3.1999932525940715E+000, 3.1999932885587699E+000, 3.5964698330559486E-008,-1.0978660237991445E+001, 1.0978660313525753E+001, 7.5534308585645249E-008, 4.6097700460679460E+000,-4.6097702034072086E+000,-2.6614474534489854E+000, 2.6614474894136837E+000,-7.1144613305588633E+000, 7.1144614060931719E+000, 9.3278960781468168E-001,-9.3278960781468168E-001,-5.3854579914508627E-001, 5.3854579914508627E-001,-3.8641989074325811E+000, 3.8641989074325811E+000,1,1, 1.2409343137739155E+000, 5.3826363163410196E-001, 1.1508565389860155E+000, 1.0000000145019174E+000,-2.1733449843733670E+000,-2.1733449540420269E+000,3
3, 1.6666666666666671E-001, 5.5555555555555601E-002, 0.0000000000000000E+000, 2.3860451413433259E-001,-4.5919460155105549E-002, 0.0000000000000000E+000, 1.6112223618882631E+000, 6.8293305870906558E+000,-6.8293299561085252E+000, 6.3098213143319981E-007,-6.8467359852438934E+000, 6.8467350913033549E+000,-8.9394053814917385E-007, 2.8676185824025520E+001,-2.8676186486420374E+001,-6.6239485496666362E-007, 2.6631976712789682E+000,-2.6631970402968368E+000,-9.3874248621978473E-001, 9.3874159227924658E-001, 2.4142886109371240E+000,-2.4142892733319790E+000, 4.1661329158116880E+000,-4.1661329158116880E+000,-5.9079934990241085E+000, 5.9079934990241085E+000, 2.6261897213088396E+001,-2.6261897213088396E+001,1,1, 9.1875247068630417E-001, 3.4799793973007020E-001, 1.1351019556480733E+000, 1.0000000165584491E+000,-1.6052885486126605E+000,-1.6052885204374374E+000,3
4,-3.3333333333333343E-001, 5.5555555555555601E-002, 0.0000000000000000E+000,-4.7720902826866518E-001, 3.6735568124084478E-001, 0.0000000000000000E+000, 2.4377726446801637E+000, 3.1247123288448413E+000,-3.1247124242997515E+000,-9.5454910198355947E-008,-2.7510471325415922E+000, 2.7510471297551335E+000,-2.7864586193970808E-009,-5.6282946375144203E+000, 5.6282949038499890E+000, 2.6633556871047404E-007, 2.6901539919644026E+000,-2.6901540874193128E+000,-2.1488794110060239E+000, 2.1488794082195652E+000,-3.7787034453422499E+000, 3.7787037116778186E+000, 4.3455833688043860E-001,-4.3455833688043860E-001,-6.0216772153556830E-001, 6.0216772153556830E-001,-1.8495911921721702E+000, 1.8495911921721702E+000,1,1, 1.2501877911630794E+000, 6.0294062187882669E-001, 1.1487017507959680E+000, 1.0000000153557813E+000,-2.3334673184768304E+000,-2.3334672923559427E+000,3
5, 1.6666666666666671E-001, 1.1111111111111110E-001, 0.0000000000000000E+000, 2.3860451413433259E-001, 4.5919460155105507E-002, 0.0000000000000000E+000, 3.2224447237765261E+000,-6.8291835588896213E+000, 6.8291862055754891E+000, 2.6466858682461236E-006,-6.8466963500992675E+000, 6.8466971406757100E+000, 7.9057644253310855E-007, 2.8676400758616488E+001,-2.8676402049392522E+001,-1.2907760313929373E-006,-2.6631744328268532E+000, 2.6631770795127214E+000,-9.3873040579349243E-001, 9.3873119636993496E-001, 2.4143445870340887E+000,-2.4143458778101201E+000,-4.1660091260627681E+000, 4.1660091260627681E+000,-5.9079659443057748E+000, 5.9079659443057748E+000, 2.6262056171582401E+001,-2.6262056171582401E+001,1,1, 9.1875096768569664E-001, 3.4799741014731667E-001, 1.1351019443513766E+000, 1.0000000029433360E+000,-1.6052898282357466E+000,-1.6052897999573763E+000,3
6,-3.3333333333333343E-001, 1.1111111111111110E-001, 0.0000000000000000E+000,-4.7720902826866518E-001, 4.5919460155105585E-001, 0.0000000000000000E+000, 4.0489950065684264E+000, 1.2808646644309687E+000,-1.2808646785945457E+000,-1.4163577199965971E-008,-1.4467876421472390E+000, 1.4467874846713604E+000,-1.5747587855940992E-007,-8.4177393686463120E-001, 8.4177376048792374E-001,-1.7637670746140088E-007, 1.1285831782375901E+000,-1.1285831924011673E+000,-1.2036323459795981E+000, 1.2036321885037196E+000,-1.1177301953098344E+000, 1.1177300189331270E+000, 1.5228148619337845E-001,-1.5228148619337845E-001,-2.4315529616764081E-001, 2.4315529616764081E-001, 2.7595625844520322E-001,-2.7595625844520322E-001,1,1, 1.2541517173595476E+000, 6.8716168009443812E-001, 1.1493991202067342E+000, 1.0000000103780278E+000,-2.5548653752133519E+000,-2.5548653566327140E+000,3
7, 1.6666666666666671E-001, 1.6666666666666671E-001, 0.0000000000000000E+000, 2.3860451413433259E-001, 1.3775838046531677E-001, 0.0000000000000000E+000, 4.8336670856647892E+000,-1.3050680261949143E+001, 1.3050680202433579E+001,-5.9515565808965221E-008,-7.5348142006766690E+000, 7.5348139962321117E+000,-2.0444455683943374E-007, 1.4312555234132285E+001,-1.4312555385317989E+001,-1.5118570484418115E-007,-6.5156683463884049E+000, 6.5156682868728391E+000,-3.7618230600527811E+000, 3.7618228556082243E+000,-5.2504194122609906E+000, 5.2504192610752858E+000,-6.5350119155607391E+000, 6.5350119155607391E+000,-3.7729911406238879E+000, 3.7729911406238879E+000, 1.9562974646393275E+001,-1.9562974646393275E+001,1,1, 1.0285852986967809E+000, 3.3480240392144212E-001, 1.1387660279723018E+000, 1.0000000073866615E+000,-1.6045503092335485E+000,-1.6045502779546341E+000,3
8,-3.3333333333333343E-001, 1.6666666666666671E-001, 0.0000000000000000E+000,-4.7720902826866518E-001, 5.5103352186126708E-001, 0.0000000000000000E+000, 5.6602173684566894E+000, 4.5648325670624906E-001,-4.5648334495528259E-001,-8.8249033525222842E-008,-5.3454812673546048E-001, 5.3454808620249106E-001,-4.0532969425299825E-008, 4.6911276035595528E-002,-4.6911201187156637E-002, 7.4848438891272906E-008, 3.9968639453158367E-001,-3.9968648278061719E-001,-5.2862009815474631E-001, 5.2862005762177688E-001,-7.2517496525275715E-001, 7.2517504010119604E-001, 5.6796862174665404E-002,-5.6796862174665404E-002,-5.9280285807141947E-003, 5.9280285807141947E-003, 7.7208624128835268E-001,-7.7208624128835268E-001,1,1, 1.2073621784643565E+000, 7.5379236464071886E-001, 1.1518546442662980E+000, 1.0000000099828250E+000,-2.7726262785747902E+000,-2.7726262654395373E+000,3
9, 1.6666666666666671E-001, 2.2222222222222221E-001, 0.0000000000000000E+000, 2.3860451413433259E-001, 2.2959730077552779E-001, 0.0000000000000000E+000, 6.4448894475530523E+000,-7.5601755950227130E+000, 7.5601753424718225E+000,-2.5255089042275358E-007,-2.5248578003963082E+000, 2.5248578072358008E+000, 6.8394925278880692E-009, 1.3648848138876827E+001,-1.3648847449155481E+001, 6.8972134559253107E-007,-3.2872633285661270E+000, 3.2872630760152366E+000,-2.0284066847698723E+000, 2.0284066916093648E+000,-6.4183110264269305E-001, 6.4183179236403864E-001,-4.2729122664565855E+000, 4.2729122664565855E+000,-4.9645111562643601E-001, 4.9645111562643601E-001, 1.4290679241519520E+001,-1.4290679241519520E+001,1,1, 1.0563218473121634E+000, 3.6598550425895660E-001, 1.1407756259532846E+000, 1.0000000240021090E+000,-1.7799797245553817E+000,-1.7799797010825549E+000,3
10,-3.3333333333333343E-001, 2.2222222222222221E-001, 0.0000000000000000E+000,-4.7720902826866518E-001, 6.4287244217147810E-001, 0.0000000000000000E+000, 7.2714397303449525E+000, 1.0126090423361372E-001,-1.0126089450638609E-001, 9.7272276344817499E-009,-8.6711536124141286E-002, 8.6711507369560736E-002,-2.8754580549961162E-008,-2.9200951803651254E+000, 2.9200950481256363E+000,-1.3223948913676509E-007, 6.5962847434988203E-002,-6.5962837707760569E-002,-1.4190716113842514E-001, 1.4190713238384459E-001,-3.5824728048002714E+000, 3.5824726725607823E+000, 3.5298056798625514E-002,-3.5298056798625514E-002, 5.5195625014283850E-002,-5.5195625014283850E-002, 6.6237762443514603E-001,-6.6237762443514603E-001,1,1, 1.0421930976797160E+000, 7.9586643232046694E-001, 1.1527333774528761E+000, 1.0000000158558306E+000,-2.9660606619422545E+000,-2.9660606527929350E+000,3
11, 1.6666666666666671E-001, 2.7777777777777779E-001, 0.0000000000000000E+000, 2.3860451413433259E-001, 3.2143622108573899E-001, 0.0000000000000000E+000, 8.0561118094413153E+000,-1.6559031246672915E+000, 1.6559030441134261E+000,-8.0553865133836666E-008,-3.8600689908097469E-001, 3.8600681685900751E-001,-8.2221967179219035E-008, 5.4033208630581875E+000,-5.4033208381272653E+000, 2.4930921771471048E-008,-8.8867239454068092E-001, 8.8867231398681579E-001,-4.6266169866404222E-001, 4.6266161644207504E-001, 2.5496653556405211E+000,-2.5496653307095993E+000,-7.6723073012661047E-001, 7.6723073012661047E-001, 7.6654799583067521E-002,-7.6654799583067521E-002, 2.8536555074176659E+000,-2.8536555074176659E+000,1,1, 1.1379023025382820E+000, 5.2006256165598397E-001, 1.1466137408528743E+000, 1.0000000090510186E+000,-2.0021619433258313E+000,-2.0021619294173338E+000,3
12,-3.3333333333333343E-001, 2.7777777777777779E-001, 0.0000000000000000E+000,-4.7720902826866518E-001, 7.3471136248168933E-001, 0.0000000000000000E+000, 8.8826620922332165E+000,-8.3634394490052444E-002, 8.3634471876737379E-002, 7.7386684935176753E-008, 3.0338123163227041E-002,-3.0337456432699913E-002, 6.6673052712736686E-007,-1.2756548522428389E+001, 1.2756549535976005E+001, 1.0135476156136747E-006,-9.8528518866750681E-002, 9.8528596253435616E-002, 6.3657542215122846E-003,-6.3650874909851572E-003,-1.3232518596750602E+001, 1.3232519610298217E+001, 1.4894124376698232E-002,-1.4894124376698232E-002, 2.3972368941714756E-002,-2.3972368941714756E-002, 4.7597007432221222E-001,-4.7597007432221222E-001,1,1, 8.2936889246225132E-001, 8.2116659467524322E-001, 1.1502157726808071E+000, 1.0000000018117912E+000,-3.1165507064161373E+000,-3.1165507015409650E+000,3
13, 1.6666666666666671E-001, 3.3333333333333331E-001, 0.0000000000000000E+000, 2.3860451413433259E-001, 4.1327514139595012E-001, 0.0000000000000000E+000, 9.6673341713295784E+000,-2.1951890043317748E-001, 2.1951885043651531E-001,-4.9996662185303187E-008, 1.2675255109830666E-001,-1.2675267882817548E-001,-1.2772986883458071E-007, 1.7225736378364651E+000,-1.7225737879370087E+000,-1.5010054355002467E-007,-9.2785976261803987E-002, 9.2785926265141802E-002, 5.3576654006907129E-002,-5.3576781736775964E-002, 1.1718165627469053E+000,-1.1718167128474488E+000,-1.2673292417137350E-001, 1.2673292417137350E-001, 7.3175897091399530E-002,-7.3175897091399530E-002, 5.5075707508955973E-001,-5.5075707508955973E-001,1,1, 1.2946517962560473E+000, 6.5860224891091290E-001, 1.1556614405787207E+000, 1.0000000123994262E+000,-2.1909982452510448E+000,-2.1909982351019135E+000,3
14,-3.3333333333333343E-001, 3.3333333333333331E-001, 0.0000000000000000E+000,-4.7720902826866518E-001, 8.2655028279190046E-001, 0.0000000000000000E+000, 1.0493884454121480E+001, 2.0219087215896899E-005,-2.0594481894820824E-005,-3.7539467892392427E-007, 1.3452405653077934E-005,-1.1423569076484397E-005, 2.0288365765935368E-006,-2.3019123072283012E+001, 2.3019122064931846E+001,-1.0073511660380063E-006, 1.9494405807099512E-005,-1.9869800486023437E-005, 1.3023989409440364E-005,-1.0995152832846827E-005,-2.3650673343926254E+001, 2.3650672336575088E+001, 7.2468140879738795E-007,-7.2468140879738795E-007, 4.2841624363757022E-007,-4.2841624363757022E-007, 6.3155027164324173E-001,-6.3155027164324173E-001,1,1, 7.2622276267013675E-001, 8.3215185097320687E-001, 1.1475261124889711E+000, 1.0000000107915490E+000,-3.1791525912978322E+000,-3.1791525912332212E+000,3
15, 1.6666666666666671E-001, 3.8888888888888890E-001, 0.0000000000000000E+000, 2.3860451413433259E-001, 5.0511406170616135E-001, 0.0000000000000000E+000, 1.1278556533217841E+001, 1.6954951738456486E-001,-1.6954949910101169E-001, 1.8283553171460909E-008, 3.1839075172752268E-001,-3.1839086535846245E-001,-1.1363093976868299E-007, 3.0057765461902231E-001,-3.0057755284360177E-001, 1.0177542053568800E-007, 1.9788514519468847E-001,-1.9788512691113530E-001, 2.7661750517383699E-001,-2.7661761880477675E-001, 9.8183161092903426E-002,-9.8183059317482890E-002,-2.8335627810123606E-002, 2.8335627810123609E-002, 4.1773246553685715E-002,-4.1773246553685715E-002, 2.0239449352611888E-001,-2.0239449352611888E-001,1,1, 1.3977810584545649E+000, 7.3280169152942232E-001, 1.1609675345470267E+000, 1.0000000117905925E+000,-2.3792340221782111E+000,-2.3792340119654987E+000,3
16,-3.3333333333333343E-001, 3.8888888888888890E-001, 0.0000000000000000E+000,-4.7720902826866518E-001, 9.1838920310211170E-001, 0.0000000000000000E+000, 1.2105106816009743E+001, 8.3661552307712356E-002,-8.3661475058089463E-002, 7.7249622906783166E-008, 3.0328464188396222E-002,-3.0328304766640529E-002, 1.5942175569244599E-007,-1.2756546818124125E+001, 1.2756547188025680E+001, 3.6990155471983144E-007, 9.8554190725840776E-002,-9.8554113476217869E-002, 6.3572526190441162E-003,-6.3570931972884237E-003,-1.3232511951185620E+001, 1.3232512321087174E+001,-1.4892638418128414E-002, 1.4892638418128414E-002, 2.3971211569352106E-002,-2.3971211569352106E-002, 4.7596513306149479E-001,-4.7596513306149479E-001,1,1, 8.2936953508796041E-001, 8.2116696427633118E-001, 1.1502160604042033E+000, 1.0000000219280807E+000,-3.1165499897641373E+000,-3.1165499850174774E+000,3
17, 1.6666666666666671E-001, 4.4444444444444442E-001, 0.0000000000000000E+000, 2.3860451413433259E-001, 5.9695298201637237E-001, 0.0000000000000000E+000, 1.2889778895106105E+001, 2.7285127595143399E-001,-2.7285136916313640E-001,-9.3211702412165920E-008, 4.8313334221314108E-001,-4.8313350336902361E-001,-1.6115588252763047E-007,-2.5300927149447261E-001, 2.5300956421823584E-001, 2.9272376322886373E-007, 2.8327733968055824E-001,-2.8327743289226065E-001, 4.4491425665014228E-001,-4.4491441780602481E-001,-4.7645425507912820E-001, 4.7645454780289143E-001,-1.0426063729124267E-002, 1.0426063729124267E-002, 3.8219085562998807E-002,-3.8219085562998807E-002, 2.2344498358465562E-001,-2.2344498358465562E-001,1,1, 1.3597907226195121E+000, 7.6163793386319079E-001, 1.1593486069800460E+000, 1.0000000234526205E+000,-2.5816959693702710E+000,-2.5816959577653558E+000,3
18,-3.3333333333333343E-001, 4.4444444444444442E-001, 0.0000000000000000E+000,-4.7720902826866518E-001, 1.0102281234123227E+000, 0.0000000000000000E+000, 1.3716329177898006E+001,-1.0124686386003032E-001, 1.0124662073365201E-001,-2.4312637829371209E-007,-8.6719020826035026E-002, 8.6719187427990591E-002, 1.6660195556461588E-007,-2.9201202656295320E+000, 2.9201205765324802E+000, 3.1090294827507137E-007,-6.5950139771066590E-002, 6.5949896644688297E-002,-1.4191435099858421E-001, 1.4191451760053977E-001,-3.5824896016774437E+000, 3.5824899125803920E+000,-3.5296724088963720E-002, 3.5296724088963720E-002, 5.5195330172549184E-002,-5.5195330172549184E-002, 6.6236933604791159E-001,-6.6236933604791159E-001,1,1, 1.0421934162746123E+000, 7.9586682706727374E-001, 1.1527337829579192E+000, 1.0000000177417261E+000,-2.9660598961126317E+000,-2.9660598873136621E+000,3
19, 1.6666666666666671E-001, 5.0000000000000000E-001, 0.0000000000000000E+000, 2.3860451413433259E-001, 6.8879190232658360E-001, 0.0000000000000000E+000, 1.4501001256994368E+001, 2.3471055294268467E-001,-2.3471029920017361E-001, 2.5374251105825252E-007, 6.6261056500360371E-001,-6.6261051066820609E-001, 5.4335397625671078E-008, 4.6891104131371875E-002,-4.6891360830599416E-002,-2.5669922754101293E-007, 2.5797000579822010E-001,-2.5796975205570905E-001, 6.1045564797459251E-001,-6.1045559363919488E-001,-7.2519687727646398E-001, 7.2519662057723644E-001,-2.3259452855535434E-002, 2.3259452855535434E-002, 5.2154917029011177E-002,-5.2154917029011177E-002, 7.7208798140783585E-001,-7.7208798140783585E-001,1,1, 1.2073590747351730E+000, 7.5379205225264168E-001, 1.1518548225087140E+000, 1.0000000158511775E+000,-2.7726274324824707E+000,-2.7726274203015788E+000,3
20,-3.3333333333333343E-001, 5.0000000000000000E-001, 0.0000000000000000E+000,-4.7720902826866518E-001, 1.1020670437225339E+000, 0.0000000000000000E+000, 1.5327551539786269E+001,-4.5647528557300737E-001, 4.5647532264228247E-001, 3.7069275093948306E-008,-5.3455066672903773E-001, 5.3455052071970344E-001,-1.4600933428976504E-007, 4.6898067928659692E-002,-4.6898389922450989E-002,-3.2199379129682626E-007,-3.9967995313490196E-001, 3.9967999020417705E-001,-5.2862456882578679E-001, 5.2862442281645250E-001,-7.2518236759972088E-001, 7.2518204560592958E-001,-5.6795332438105410E-002, 5.6795332438105410E-002,-5.9260979032509644E-003, 5.9260979032509627E-003, 7.7208043552838057E-001,-7.7208043552838057E-001,1,1, 1.2073619308354706E+000, 7.5379254132742579E-001, 1.1518550425581338E+000, 1.0000000037183203E+000,-2.7726260456053291E+000,-2.7726260327088799E+000,3
21, 1.6666666666666671E-001,-4.4444444444444442E-001, 0.0000000000000000E+000, 2.3860451413433259E-001,-8.7246974294700586E-001, 0.0000000000000000E+000, 1.7427833556420893E+001, 9.6353806651438875E-002,-9.6353752848249583E-002, 5.3803189292711551E-008, 8.3272213530321437E-001,-8.3272197886888699E-001, 1.5643432738077223E-007, 1.6548739091630265E+000,-1.6548735242584043E+000, 3.8490462206386411E-007, 1.1752098464094467E-001,-1.1752093083775537E-001, 7.4686290178254378E-001,-7.4686274534821639E-001,-6.1244704427101537E-001, 6.1244742917563744E-001,-2.1167177989505792E-002, 2.1167177989505792E-002, 8.5859233520670597E-002,-8.5859233520670597E-002, 2.2673209534340417E+000,-2.2673209534340417E+000,1,1, 1.0685928825768176E+000, 7.2417964984534511E-001, 1.1438902975100669E+000, 1.0000000128832687E+000,-2.8965230555750354E+000,-2.8965230442049830E+000,3
22,-3.3333333333333343E-001,-4.4444444444444442E-001, 0.0000000000000000E+000,-4.7720902826866518E-001,-4.5919460155105557E-001, 0.0000000000000000E+000, 1.8254383839212792E+001,-1.2808606168353103E+000, 1.2808606470899198E+000, 3.0254609484359207E-008,-1.4467912829822303E+000, 1.4467913154195109E+000, 3.2437280639285859E-008,-8.4177199951104265E-001, 8.4177138874487434E-001,-6.1076616830746389E-007,-1.1285812303458893E+000, 1.1285812606004988E+000,-1.2036385523942303E+000, 1.2036385848315110E+000,-1.1177259904488115E+000, 1.1177253796826432E+000,-1.5227938648942105E-001, 1.5227938648942105E-001,-2.4315273058799999E-001, 2.4315273058799999E-001, 2.7595399093776884E-001,-2.7595399093776884E-001,1,1, 1.2541511527250355E+000, 6.8716136952017659E-001, 1.1493994444422226E+000, 1.0000000129518791E+000,-2.5548659365659310E+000,-2.5548659179374238E+000,3
23, 1.6666666666666671E-001,-3.8888888888888878E-001, 0.0000000000000000E+000, 2.3860451413433259E-001,-7.8063082263679462E-001, 0.0000000000000000E+000, 1.9039055918309156E+001,-9.6318517649197771E-002, 9.6318591944737381E-002, 7.4295539609359196E-008, 8.3271542511416541E-001,-8.3271537763059311E-001, 4.7483572296336263E-008, 1.6548773166288919E+000,-1.6548773696083534E+000,-5.2979461595548116E-008,-1.1749766533952852E-001, 1.1749773963506813E-001, 7.4685879071494499E-001,-7.4685874323137269E-001,-6.1243575565078656E-001, 6.1243570267132497E-001, 2.1179147690330750E-002,-2.1179147690330750E-002, 8.5856634399220408E-002,-8.5856634399220408E-002, 2.2673130722796784E+000,-2.2673130722796784E+000,1,1, 1.0685941846234908E+000, 7.2417992329932968E-001, 1.1438902442017254E+000, 1.0000000191951897E+000,-2.8965225882873629E+000,-2.8965225764926856E+000,3
24,-3.3333333333333343E-001,-3.8888888888888878E-001, 0.0000000000000000E+000,-4.7720902826866518E-001,-3.6735568124084433E-001, 0.0000000000000000E+000, 1.9865606201101055E+001,-3.1247186384744183E+000, 3.1247184891270092E+000,-1.4934740910632627E-007,-2.7510621359437337E+000, 2.7510620896016036E+000,-4.6342130133325554E-008,-5.6283174310206636E+000, 5.6283171624051596E+000,-2.6861550450618665E-007,-2.6901611629441557E+000, 2.6901610135967466E+000,-2.1488925968652168E+000, 2.1488925505230867E+000,-3.7787029827699414E+000, 3.7787027141544369E+000,-4.3455747553026253E-001, 4.3455747553026253E-001,-6.0216953907851667E-001, 6.0216953907851667E-001,-1.8496144482507224E+000, 1.8496144482507224E+000,1,1, 1.2501871293287468E+000, 6.0293965560581209E-001, 1.1487019761354904E+000, 1.0000000170729433E+000,-2.3334684021166212E+000,-2.3334683756902068E+000,3
25, 1.6666666666666671E-001,-3.3333333333333343E-001, 0.0000000000000000E+000, 2.3860451413433259E-001,-6.8879190232658383E-001, 0.0000000000000000E+000, 2.0650278280197419E+001,-2.3469009488711057E-001, 2.3469032393349881E-001, 2.2904638824483570E-007, 6.6260000343652270E-001,-6.6259997573412599E-001, 2.7702396709905486E-008, 4.6911667492232745E-002,-4.6911418752239809E-002, 2.4873999293628657E-007,-2.5795474891443160E-001, 2.5795497796081984E-001, 6.1044850440694420E-001,-6.1044847670454749E-001,-7.2517463133385973E-001, 7.2517488007385267E-001, 2.3264654027321044E-002,-2.3264654027321044E-002, 5.2151499029578524E-002,-5.2151499029578524E-002, 7.7208629882609248E-001,-7.7208629882609248E-001,1,1, 1.2073621785004454E+000, 7.5379236167341490E-001, 1.1518546423677496E+000, 1.0000000108405116E+000,-2.7726262785876998E+000,-2.7726262654003961E+000,3
26,-3.3333333333333343E-001,-3.3333333333333343E-001, 0.0000000000000000E+000,-4.7720902826866518E-001,-2.7551676093063354E-001, 0.0000000000000000E+000, 2.1476828562989319E+001,-5.5425606499170330E+000, 5.5425603646749808E+000,-2.8524205220037402E-007,-3.1999987166299055E+000, 3.1999986394862985E+000,-7.7143607501994893E-008,-1.0978679859663053E+001, 1.0978679522559705E+001,-3.3710334879089032E-007,-4.6097830755218476E+000, 4.6097827902797954E+000,-2.6614594172715935E+000, 2.6614593401279860E+000,-7.1144559117008965E+000, 7.1144555745975477E+000,-9.3277757439518527E-001, 9.3277757439518527E-001,-5.3853929935831224E-001, 5.3853929935831224E-001,-3.8642239479621572E+000, 3.8642239479621572E+000,1,1, 1.2409345810242307E+000, 5.3826279751412698E-001, 1.1508566893802787E+000, 1.0000000102704574E+000,-2.1733457421273794E+000,-2.1733457113038916E+000,3
27, 1.6666666666666671E-001,-2.7777777777777779E-001, 0.0000000000000000E+000, 2.3860451413433259E-001,-5.9695298201637259E-001, 0.0000000000000000E+000, 2.2261500642085682E+001,-2.7283946379998858E-001, 2.7283949477936359E-001, 3.0979375009732024E-008, 4.8312513759084919E-001,-4.8312512914642985E-001, 8.4444193304555881E-009,-2.5298439586162569E-001, 2.5298445097820377E-001, 5.5116578134839500E-008,-2.8326830094979583E-001, 2.8326833192917084E-001, 4.4490841733041936E-001,-4.4490840888600003E-001,-4.7643330022451252E-001, 4.7643335534109066E-001, 1.0428837149807225E-002,-1.0428837149807225E-002, 3.8216720260429826E-002,-3.8216720260429826E-002, 2.2344890436288686E-001,-2.2344890436288686E-001,1,1, 1.3597938931500320E+000, 7.6163792365391425E-001, 1.1593483383520797E+000, 1.0000000050538653E+000,-2.5816944161697695E+000,-2.5816944034164457E+000,3
28,-3.3333333333333343E-001,-2.7777777777777779E-001, 0.0000000000000000E+000,-4.7720902826866518E-001,-1.8367784062042225E-001, 0.0000000000000000E+000, 2.3088050924877582E+001,-4.4151127975188631E+000, 4.4151129194949439E+000, 1.2197608079134170E-007,-1.6518488402246267E+000, 1.6518488050392097E+000,-3.5185417024408139E-008,-6.1356399906802039E+000, 6.1356399727178150E+000,-1.7962388909609217E-008,-3.5081584440752076E+000, 3.5081585660512884E+000,-1.4467800343540587E+000, 1.4467799991686416E+000,-4.6587342932792453E+000, 4.6587342753168564E+000,-9.0695435344365560E-001, 9.0695435344365560E-001,-2.0506880587056800E-001, 2.0506880587056800E-001,-1.4769056974009587E+000, 1.4769056974009587E+000,1,1, 1.2234380131545546E+000, 5.4530896385249061E-001, 1.1523559988237846E+000, 1.0000000049767916E+000,-2.1442903580759545E+000,-2.1442903340940669E+000,3
29, 1.6666666666666671E-001,-2.2222222222222221E-001, 0.0000000000000000E+000, 2.3860451413433259E-001,-5.0511406170616135E-001, 0.0000000000000000E+000, 2.3872723003973945E+001,-1.6953951240498169E-001, 1.6953967455315203E-001, 1.6214817033510798E-007, 3.1838462621787494E-001,-3.1838484184382970E-001,-2.1562595475810298E-007, 3.0060542454941058E-001,-3.0060519090811905E-001, 2.3364129152214641E-007,-1.9787841458214378E-001, 1.9787857673031412E-001, 2.7661316347777876E-001,-2.7661337910373351E-001, 9.8202979974838581E-002,-9.8202746333547059E-002, 2.8338902177162086E-002,-2.8338902177162086E-002, 4.1771462740096202E-002,-4.1771462740096202E-002, 2.0240244457457199E-001,-2.0240244457457199E-001,1,1, 1.3977827968304526E+000, 7.3280135467187613E-001, 1.1609672476956898E+000, 1.0000000156178548E+000,-2.3792320633317869E+000,-2.3792320519226475E+000,3
30,-3.3333333333333343E-001,-2.2222222222222221E-001, 0.0000000000000000E+000,-4.7720902826866518E-001,-9.1838920310211014E-002, 0.0000000000000000E+000, 2.4699273286765845E+001,-1.4466987376930676E+000, 1.4466984965931529E+000,-2.4109991469956071E-007,-5.0540610279038467E-001, 5.0540613907314669E-001, 3.6282762072570307E-008, 3.5595051006177886E-001,-3.5595062453305915E-001,-1.1447128026031983E-007,-1.2313312559685909E+000, 1.2313310148686762E+000,-3.7889071653836959E-001, 3.7889075282113166E-001,-1.3730958942738547E-001, 1.3730947495610521E-001,-2.1536748172447662E-001, 2.1536748172447662E-001,-1.2651538625201506E-001, 1.2651538625201506E-001, 4.9326009948916433E-001,-4.9326009948916433E-001,1,1, 1.2552599332595147E+000, 6.1943122074668555E-001, 1.1543748655688870E+000, 1.0000000126479918E+000,-2.1762745383012723E+000,-2.1762745240318901E+000,3
31, 1.6666666666666671E-001,-1.6666666666666660E-001, 0.0000000000000000E+000, 2.3860451413433259E-001,-4.1327514139595012E-001, 0.0000000000000000E+000, 2.5483945365862208E+001, 2.1953468425110106E-001,-2.1953452082751376E-001, 1.6342358728771433E-007, 1.2674829972856919E-001,-1.2674838731166418E-001,-8.7583095005616673E-008, 1.7226189899464803E+000,-1.7226189502036671E+000, 3.9742813262577670E-008, 9.2793437790010327E-002,-9.2793274366423040E-002, 5.3574226024757185E-002,-5.3574313607852191E-002, 1.1718385692235549E+000,-1.1718385294807416E+000, 1.2674124646109072E-001,-1.2674124646109072E-001, 7.3174073703812001E-002,-7.3174073703812001E-002, 5.5078042072292543E-001,-5.5078042072292543E-001,1,1, 1.2946526987841080E+000, 6.5860162916610210E-001, 1.1556611565197190E+000, 1.0000000095070130E+000,-2.1909956541183995E+000,-2.1909956432628483E+000,3
32,-3.3333333333333343E-001,-1.6666666666666660E-001, 0.0000000000000000E+000,-4.7720902826866518E-001, 2.2204460492503131E-016, 0.0000000000000000E+000, 2.6310495648654108E+001, 1.1440718050234430E-005,-1.1612828156158508E-005,-1.7211010592407751E-007,-2.5348525466972466E-001, 2.5348526784509895E-001, 1.3175374263818540E-008, 1.7225738068335708E+000,-1.7225738951139831E+000,-8.8280412313679335E-008, 5.7583877592178772E-006,-5.9304978651419547E-006,-1.0714335597629429E-001, 1.0714336915166855E-001, 1.1718166777399059E+000,-1.1718167660203183E+000, 5.6823302910165541E-006,-5.6823302910165541E-006,-1.4634189869343037E-001, 1.4634189869343037E-001, 5.5075712909366481E-001,-5.5075712909366481E-001,1,1, 1.2946517962959803E+000, 6.5860224472518003E-001, 1.1556614255678737E+000, 1.0000000104266602E+000,-2.1909982452029331E+000,-2.1909982351381982E+000,3
33, 1.6666666666666671E-001,-1.1111111111111120E-001, 0.0000000000000000E+000, 2.3860451413433259E-001,-3.2143622108573922E-001, 0.0000000000000000E+000, 2.7095167727750471E+001, 1.6559411143832761E+000,-1.6559410644582586E+000, 4.9925017342467015E-008,-3.8600551457459731E-001, 3.8600553988216624E-001, 2.5307568929378021E-008, 5.4034295707078464E+000,-5.4034295020728518E+000, 6.8634993688476698E-008, 8.8868011062525598E-001,-8.8868006070023864E-001,-4.6265982878243817E-001, 4.6265985409000709E-001, 2.5496773143120515E+000,-2.5496772456770578E+000, 7.6726100375801998E-001,-7.6726100375801998E-001, 7.6654314207840885E-002,-7.6654314207840885E-002, 2.8537522563957944E+000,-2.8537522563957944E+000,1,1, 1.1379040519420416E+000, 5.2006230412654775E-001, 1.1466135534418591E+000, 1.0000000178593542E+000,-2.0021584100918837E+000,-2.0021583960251723E+000,3
34,-3.3333333333333343E-001,-1.1111111111111120E-001, 0.0000000000000000E+000,-4.7720902826866518E-001, 9.1838920310211097E-002, 0.0000000000000000E+000, 2.7921718010542371E+001, 1.4467356204757271E+000,-1.4467357558351450E+000,-1.3535941789655226E-007,-5.0541500301890707E-001, 5.0541492249684117E-001,-8.0522065959431899E-008, 3.5591998013865817E-001,-3.5591967271894631E-001, 3.0741971188130712E-007, 1.2313464637008475E+000,-1.2313465990602654E+000,-3.7889599309710470E-001, 3.7889591257503874E-001,-1.3733452927018924E-001, 1.3733483668990112E-001, 2.1538915677487969E-001,-2.1538915677487969E-001,-1.2651900992180240E-001, 1.2651900992180240E-001, 4.9325450940884741E-001,-4.9325450940884741E-001,1,1, 1.2552579980707606E+000, 6.1943075244413159E-001, 1.1543747894794665E+000, 1.0000000214969180E+000,-2.1762747686273887E+000,-2.1762747551907151E+000,3
35, 1.6666666666666671E-001,-5.5555555555555601E-002, 0.0000000000000000E+000, 2.3860451413433259E-001,-2.2959730077552798E-001, 0.0000000000000000E+000, 2.8706390089638735E+001, 7.5601221403538670E+000,-7.5601221871261668E+000,-4.6772299366892867E-008,-2.5248266337829919E+000, 2.5248265437263435E+000,-9.0056648360814506E-008, 1.3648835596794097E+001,-1.3648836140860956E+001,-5.4406685900953988E-007, 3.2872418183833663E+000,-3.2872418651556656E+000,-2.0283879528206783E+000, 2.0283878627640299E+000,-6.4182280003148140E-001, 6.4182225596462239E-001, 4.2728803219705007E+000,-4.2728803219705007E+000,-4.9643868096231353E-001, 4.9643868096231353E-001, 1.4290658396825579E+001,-1.4290658396825579E+001,1,1, 1.0563253116481874E+000, 3.6598786505885911E-001, 1.1407755988009989E+000, 1.0000000053002251E+000,-1.7799754117090227E+000,-1.7799753884754472E+000,3
36,-3.3333333333333343E-001,-5.5555555555555601E-002, 0.0000000000000000E+000,-4.7720902826866518E-001, 1.8367784062042231E-001, 0.0000000000000000E+000, 2.9532940372430634E+001, 4.4151663370215077E+000,-4.4151664140971132E+000,-7.7075605453558182E-008,-1.6518693948254786E+000, 1.6518692730326863E+000,-1.2179279229584949E-007,-6.1357184609396285E+000, 6.1357182754729704E+000,-1.8546665803143014E-007, 3.5081692223379837E+000,-3.5081692994135891E+000,-1.4467846874934673E+000, 1.4467845657006750E+000,-4.6587779705187602E+000, 4.6587777850521022E+000, 9.0699711468352384E-001,-9.0699711468352384E-001,-2.0508470733201126E-001, 2.0508470733201126E-001,-1.4769404904208681E+000, 1.4769404904208681E+000,1,1, 1.2234362672841304E+000, 5.4530868376299180E-001, 1.1523559071566469E+000, 1.0000000037308325E+000,-2.1442903426860109E+000,-2.1442903195253331E+000,3
1, 2.2222222222222221E-001, 0.0000000000000000E+000, 0.0000000000000000E+000, 3.1813935217910999E-001,-1.8367784062042228E-001, 0.0000000000000000E+000, 0.0000000000000000E+000, 9.5366405455776881E+000,-9.5366410196933256E+000,-4.7411563652843824E-007,-5.5060050591277836E+000, 5.5060051903340081E+000, 1.3120622455176090E-007,-2.6250910097667095E+000, 2.6250910800003311E+000, 7.0233621585202854E-008, 6.8349006461090909E+000,-6.8349011202247274E+000,-3.9461325032867558E+000, 3.9461326344929804E+000,-1.1244424348939519E+001, 1.1244424419173141E+001, 2.7017398994685977E+000,-2.7017398994685977E+000,-1.5598725558410276E+000, 1.5598725558410276E+000, 8.6193333391728100E+000,-8.6193333391728100E+000,1,1, 1.1406025123756292E+000, 3.6286456505772485E-001, 1.1467035601433633E+000, 1.0000000083555027E+000,-1.7764933069257032E+000,-1.7764932783215579E+000,4
2,-2.7777777777777779E-001, 0.0000000000000000E+000, 0.0000000000000000E+000,-3.9767419022388756E-001, 2.2959730077552790E-001, 0.0000000000000000E+000, 8.2655028279190046E-001, 7.2128456285993403E+000,-7.2128456688599920E+000,-4.0260651701373718E-008,-4.1643392078446828E+000, 4.1643391976707198E+000,-1.0173962561310645E-008,-1.1825353663630754E+001, 1.1825353454356877E+001,-2.0927387645031104E-007, 5.7828044937160632E+000,-5.7828045339767149E+000,-3.3386999604941883E+000, 3.3386999503202257E+000,-1.0288281459901947E+001, 1.0288281250628071E+001, 1.4300411348832771E+000,-1.4300411348832771E+000,-8.2563924735049432E-001, 8.2563924735049432E-001,-1.5370722037288069E+000, 1.5370722037288069E+000,1,1, 1.2030566681152344E+000, 4.5257194092283581E-001, 1.1524103372509509E+000, 1.0000000111133225E+000,-1.9713239629123751E+000,-1.9713239342995657E+000,4
3, 2.2222222222222221E-001, 5.5555555555555601E-002, 0.0000000000000000E+000, 3.1813935217910999E-001,-9.1838920310211056E-002, 0.0000000000000000E+000, 1.6112223618882631E+000, 5.9668072122804752E+000,-5.9668074098732351E+000,-1.9759275993180836E-007,-5.2849628553930765E+000, 5.2849628781269926E+000, 2.2733915860939646E-008, 1.3648835486409860E+001,-1.3648835198722221E+001, 2.8768763771225281E-007, 3.4002958407300694E+000,-3.4002960383228293E+000,-1.8326619978128944E+000, 1.8326620205468103E+000,-6.4188943233479878E-001, 6.4188972002243649E-001, 2.5665113715504062E+000,-2.5665113715504062E+000,-3.4523008575801821E+000, 3.4523008575801821E+000, 1.4290724918744658E+001,-1.4290724918744658E+001,1,1, 1.0563222027485311E+000, 3.6598544275109046E-001, 1.1407756234417106E+000, 1.0000000177967132E+000,-1.7799786058887981E+000,-1.7799785829452754E+000,4
4,-2.7777777777777779E-001, 5.5555555555555601E-002, 0.0000000000000000E+000,-3.9767419022388756E-001, 3.2143622108573910E-001, 0.0000000000000000E+000, 2.4377726446801633E+000, 3.6381054303937717E+000,-3.6381053445100431E+000, 8.5883728573321605E-008,-2.9976652861553461E+000, 2.9976651919996828E+000,-9.4155663266093370E-008,-6.1355872940075660E+000, 6.1355872129540252E+000,-8.1053540768039056E-008, 3.0070258326254682E+000,-3.0070257467417396E+000,-2.3147530308704960E+000, 2.3147529367148327E+000,-4.6587298492552893E+000, 4.6587297682017486E+000, 6.3107959776830336E-001,-6.3107959776830336E-001,-6.8291225528485011E-001, 6.8291225528485011E-001,-1.4768574447522771E+000, 1.4768574447522771E+000,1,1, 1.2234387113014806E+000, 5.4530961935393574E-001, 1.1523558206778677E+000, 1.0000000062523122E+000,-2.1442884122585677E+000,-2.1442883886826811E+000,4
5, 2.2222222222222221E-001, 1.1111111111111110E-001, 0.0000000000000000E+000, 3.1813935217910999E-001, 0.0000000000000000E+000, 0.0000000000000000E+000, 3.2224447237765257E+000, 6.0776954357235324E-005,-6.0398081108128284E-005, 3.7887324908988940E-007,-4.1340937831621121E+000, 4.1340939253687461E+000, 1.4220663413500034E-007, 2.1687539527028989E+001,-2.1687539322663298E+001, 2.0436569148074568E-007, 1.0476231078620363E-005,-1.0097357829530473E-005,-6.3812622725358914E-001, 6.3812636946022327E-001, 5.8904827189583697E+000,-5.8904825145926782E+000, 5.0300723278614961E-005,-5.0300723278597811E-005,-3.4959675559085226E+000, 3.4959675559085226E+000, 1.5797056808070620E+001,-1.5797056808070620E+001,1,1, 1.0002200425623866E+000, 3.8953299839035865E-001, 1.1377508607625331E+000, 1.0000000155631550E+000,-1.8205125925087979E+000,-1.8205125742497144E+000,4
6,-2.7777777777777779E-001, 1.1111111111111110E-001, 0.0000000000000000E+000,-3.9767419022388756E-001, 4.1327514139595017E-001, 0.0000000000000000E+000, 4.0489950065684264E+000, 1.1370676911783506E+000,-1.1370677555963822E+000,-6.4418031575641521E-008,-1.3053908527726041E+000, 1.3053908600371533E+000, 7.2645491844269827E-009,-1.2061596614765251E+000, 1.2061599065151134E+000, 2.4503858830904335E-007, 1.0055344350776867E+000,-1.0055344994957183E+000,-1.1116300490813018E+000, 1.1116300563458510E+000,-1.1496550999565849E+000, 1.1496553449951732E+000, 1.3153325610066388E-001,-1.3153325610066388E-001,-1.9376080369130225E-001, 1.9376080369130225E-001,-5.6504561519940107E-002, 5.6504561519940107E-002,1,1, 1.2924050647628458E+000, 6.7261667729465047E-001, 1.1552757552802599E+000, 1.0000000031977552E+000,-2.3665377298712724E+000,-2.3665377133651608E+000,4
7, 2.2222222222222221E-001, 1.6666666666666671E-001, 0.0000000000000000E+000, 3.1813935217910999E-001, 9.1838920310211264E-002, 0.0000000000000000E+000, 4.8336670856647892E+000,-5.9666714367415707E+000, 5.9666710735529582E+000,-3.6318861296180671E-007,-5.2848707917786308E+000, 5.2848700565831974E+000,-7.3519543297706491E-007, 1.3648848743687154E+001,-1.3648848715366238E+001, 2.8320917166979598E-008,-3.4002801545522749E+000, 3.4002797913636620E+000,-1.8326488275585999E+000, 1.8326480923631669E+000,-6.4182880377399076E-001, 6.4182883209490793E-001,-2.5663912821892962E+000, 2.5663912821892962E+000,-3.4522219642200307E+000, 3.4522219642200307E+000, 1.4290677547461145E+001,-1.4290677547461145E+001,1,1, 1.0563218473238218E+000, 3.6598552658124417E-001, 1.1407756151440274E+000, 1.0000000209245290E+000,-1.7799797245595954E+000,-1.7799797011221248E+000,4
8,-2.7777777777777779E-001, 1.6666666666666671E-001, 0.0000000000000000E+000,-3.9767419022388756E-001, 5.0511406170616147E-001, 0.0000000000000000E+000, 5.6602173684566894E+000, 2.8197885166950998E-001,-2.8197881615939108E-001, 3.5510118928661072E-008,-4.7784876768854218E-001, 4.7784868732697466E-001,-8.0361567511566534E-008,-2.5298509423721294E-001, 2.5298496190071906E-001,-1.3233649387434099E-007, 2.4366777556094643E-001,-2.4366774005082750E-001,-4.6777198851627089E-001, 4.6777190815470338E-001,-4.7643385479560185E-001, 4.7643372245910798E-001, 3.8311076108563560E-002,-3.8311076108563560E-002,-1.0076779172271302E-002, 1.0076779172271302E-002, 2.2344876055838894E-001,-2.2344876055838894E-001,1,1, 1.3597938930712443E+000, 7.6163792344365844E-001, 1.1593483412872281E+000, 1.0000000061255567E+000,-2.5816944161924180E+000,-2.5816944034096019E+000,4
9, 2.2222222222222221E-001, 2.2222222222222221E-001, 0.0000000000000000E+000, 3.1813935217910999E-001, 1.8367784062042228E-001, 0.0000000000000000E+000, 6.4448894475530523E+000,-9.5366498403935704E+000, 9.5366502634874095E+000, 4.2309383818661672E-007,-5.5059874210072595E+000, 5.5059877746104897E+000, 3.5360323025201978E-007,-2.6251802988899566E+000, 2.6251804559968779E+000, 1.5710692125026071E-007,-6.8349332954866613E+000, 6.8349337185804995E+000,-3.9461505627240490E+000, 3.9461509163272792E+000,-1.1244474615258580E+001, 1.1244474772365502E+001,-2.7017165449069092E+000, 2.7017165449069092E+000,-1.5598368582832105E+000, 1.5598368582832105E+000, 8.6192943163686238E+000,-8.6192943163686238E+000,1,1, 1.1406012313924123E+000, 3.6286322598816312E-001, 1.1467036165149271E+000, 1.0000000101002051E+000,-1.7764957114854931E+000,-1.7764956824611768E+000,4
10,-2.7777777777777779E-001, 2.2222222222222221E-001, 0.0000000000000000E+000,-3.9767419022388756E-001, 5.9695298201637248E-001, 0.0000000000000000E+000, 7.2714397303449525E+000, 2.6205000076799462E-002,-2.6204828237620693E-002, 1.7183917876747307E-007,-1.2695983170760994E-001, 1.2695967903811956E-001,-1.5266949038306166E-007,-1.1014629370040114E+000, 1.1014632032587273E+000, 2.6625471583052729E-007,-5.0502116527872823E-003, 5.0503834919660498E-003,-1.5672380155336896E-001, 1.5672364888387857E-001,-1.3632456570253260E+000, 1.3632459232800418E+000, 3.1255211729586743E-002,-3.1255211729586743E-002, 2.9763969845759016E-002,-2.9763969845759016E-002, 2.6178272002131453E-001,-2.6178272002131453E-001,1,1, 1.2806278025598861E+000, 8.0806505464486034E-001, 1.1604584193492242E+000, 1.0000000136416540E+000,-2.7901147027297988E+000,-2.7901146916462132E+000,4
11, 2.2222222222222221E-001, 2.7777777777777779E-001, 0.0000000000000000E+000, 3.1813935217910999E-001, 2.7551676093063349E-001, 0.0000000000000000E+000, 8.0561118094413153E+000,-4.6308546957810455E+000, 4.6308542489177347E+000,-4.4686331079901720E-007,-2.9031938140487581E+000, 2.9031935647227312E+000,-2.4932602693539252E-007,-1.6616525166850931E+000, 1.6616512394841880E+000,-1.2772009050365796E-006,-3.3152069747045476E+000, 3.3152065278412368E+000,-2.2533679648095610E+000, 2.2533677154835341E+000,-4.0259166597855440E+000, 4.0259153825846390E+000,-1.3156477210764981E+000, 1.3156477210764981E+000,-6.4982584923919717E-001, 6.4982584923919717E-001, 2.3642641431004510E+000,-2.3642641431004510E+000,1,1, 1.1619826310933512E+000, 4.5759157425016567E-001, 1.1491053978229488E+000, 1.0000000162104508E+000,-1.9542146755058860E+000,-1.9542146531172950E+000,4
12,-2.7777777777777779E-001, 2.7777777777777779E-001, 0.0000000000000000E+000,-3.9767419022388756E-001, 6.8879190232658372E-001, 0.0000000000000000E+000, 8.8826620922332165E+000,-2.3852614534731378E-002, 2.3852495053836506E-002,-1.1948089487234803E-007,-1.3771213724157405E-002, 1.3771481220470332E-002, 2.6749631292649623E-007,-4.5612027697378856E+000, 4.5612029018171860E+000, 1.3207929949743402E-007,-6.3862217922611639E-002, 6.3862098441716766E-002,-3.6870772534886596E-002, 3.6871040031199523E-002,-4.9075232558468675E+000, 4.9075233879261670E+000, 4.0009603387880260E-002,-4.0009603387880260E-002, 2.3099558810729191E-002,-2.3099558810729191E-002, 3.4632048610898147E-001,-3.4632048610898147E-001,1,1, 1.0427721248389852E+000, 8.2483901420888961E-001, 1.1568194894657113E+000, 1.0000000119492523E+000,-2.9828782139740055E+000,-2.9828782048307554E+000,4
13, 2.2222222222222221E-001, 3.3333333333333331E-001, 0.0000000000000000E+000, 3.1813935217910999E-001, 3.6735568124084461E-001, 0.0000000000000000E+000, 9.6673341713295784E+000,-1.1610439438996805E+000, 1.1610442257526565E+000, 2.8185297595850756E-007,-1.0001747764431792E+000, 1.0001747867071127E+000, 1.0263933369891731E-008, 3.5595073582675701E-001,-3.5595058159368381E-001, 1.5423307309081480E-007,-9.4379462399002800E-001, 9.4379490584300396E-001,-8.7691873233967732E-001, 8.7691874260361069E-001,-1.3730936611728833E-001, 1.3730952035036142E-001,-2.1724931990965252E-001, 2.1724931990965249E-001,-1.2325604410350192E-001, 1.2325604410350192E-001, 4.9326010194404535E-001,-4.9326010194404524E-001,1,1, 1.2552599332835088E+000, 6.1943122032895181E-001, 1.1543748599272048E+000, 1.0000000161992757E+000,-2.1762745382634954E+000,-2.1762745240156702E+000,4
14,-2.7777777777777779E-001, 3.3333333333333331E-001, 0.0000000000000000E+000,-3.9767419022388756E-001, 7.8063082263679473E-001, 0.0000000000000000E+000, 1.0493884454121480E+001,-1.5544333276440021E-002, 1.5544780402138431E-002, 4.4712569841065530E-007,-8.7599273334128883E-002, 8.7599463808479675E-002, 1.9047435079189157E-007,-1.2756551988444008E+001, 1.2756551433435979E+001,-5.5500802886854217E-007,-4.3752041352975037E-002, 4.3752488478673447E-002,-8.8511788278648473E-002, 8.8511978752999265E-002,-1.3232521952146742E+001, 1.3232521397138713E+001, 2.8207708076535016E-002,-2.8207708076535016E-002, 9.1251494451958658E-004,-9.1251494451958658E-004, 4.7596996370273470E-001,-4.7596996370273470E-001,1,1, 8.2936889248520451E-001, 8.2116660117690876E-001, 1.1502157888086024E+000, 1.0000000104970017E+000,-3.1165507063849094E+000,-3.1165507015021903E+000,4
15, 2.2222222222222221E-001, 3.8888888888888890E-001, 0.0000000000000000E+000, 3.1813935217910999E-001, 4.5919460155105585E-001, 0.0000000000000000E+000, 1.1278556533217841E+001,-1.9095037052242073E-001, 1.9095025659759687E-001,-1.1392482385241820E-007,-3.0601532902668044E-001, 3.0601535594631846E-001, 2.6919638018707559E-008, 3.0058592366504733E-001,-3.0058592835529574E-001,-4.6902484396316169E-009,-1.4060917654561617E-001, 1.4060906262079231E-001,-3.0967437374757434E-001, 3.0967440066721236E-001, 9.8190810525480537E-002,-9.8190815215728977E-002,-5.0341193976804553E-002, 5.0341193976804553E-002, 3.6590447208939103E-003,-3.6590447208939103E-003, 2.0239511313956679E-001,-2.0239511313956679E-001,1,1, 1.3977826013438852E+000, 7.3280184450193653E-001, 1.1609675636958641E+000, 1.0000000305679695E+000,-2.3792336787347841E+000,-2.3792336680381503E+000,4
16,-2.7777777777777779E-001, 3.8888888888888890E-001, 0.0000000000000000E+000,-3.9767419022388756E-001, 8.7246974294700597E-001, 0.0000000000000000E+000, 1.2105106816009743E+001, 1.5580196922430716E-002,-1.5580835149700569E-002,-6.3822726985296452E-007,-8.7601641448411385E-002, 8.7602302447682245E-002, 6.6099927086005206E-007,-1.2756582689461496E+001, 1.2756582862945232E+001, 1.7348373582137810E-007, 4.3784542046849506E-002,-4.3785180274119359E-002,-8.8513929896463922E-002, 8.8514590895734782E-002,-1.3232550860602675E+001, 1.3232551034086411E+001,-2.8204345124418790E-002, 2.8204345124418790E-002, 9.1228844805253141E-004,-9.1228844805253141E-004, 4.7596817114118001E-001,-4.7596817114118001E-001,1,1, 8.2936858395118129E-001, 8.2116671670147956E-001, 1.1502159034774708E+000, 1.0000000186807128E+000,-3.1165506391340294E+000,-3.1165506350688190E+000,4
17, 2.2222222222222221E-001, 4.4444444444444442E-001, 0.0000000000000000E+000, 3.1813935217910999E-001, 5.5103352186126686E-001, 0.0000000000000000E+000, 1.2889778895106105E+001, 7.1193757252382223E-002,-7.1193722791382419E-002, 3.4460999803753722E-008,-4.1097066934429834E-002, 4.1097079438069152E-002, 1.2503639318373061E-008,-2.0478433157118622E-001, 2.0478438686720019E-001, 5.5296013989902804E-008, 1.0114982252396759E-001,-1.0114978806296779E-001,-5.8394505289145582E-002, 5.8394517792784900E-002,-3.6194819354235519E-001, 3.6194824883836918E-001,-2.9956065271585362E-002, 2.9956065271585362E-002, 1.7297438354715748E-002,-1.7297438354715748E-002, 1.5716386197116897E-001,-1.5716386197116899E-001,1,1, 1.4425186185948471E+000, 7.8936370629399011E-001, 1.1636183699937621E+000, 1.0000000036302077E+000,-2.5831773077145117E+000,-2.5831772977301872E+000,4
18,-2.7777777777777779E-001, 4.4444444444444442E-001, 0.0000000000000000E+000,-3.9767419022388756E-001, 9.6430866325721698E-001, 0.0000000000000000E+000, 1.3716329177898006E+001, 2.3870694795174799E-002,-2.3870643325337601E-002, 5.1469837197837265E-008,-1.3774978945608828E-002, 1.3775105585784535E-002, 1.2664017570718222E-007,-4.5612393705802798E+000, 4.5612394965670955E+000, 1.2598681564668368E-007, 6.3878956432240869E-002,-6.3878904962403671E-002,-3.6874787137172280E-002, 3.6874913777347987E-002,-4.9075575326390766E+000, 4.9075576586258922E+000,-4.0008261637066070E-002, 4.0008261637066070E-002, 2.3099808191563452E-002,-2.3099808191563452E-002, 3.4631816205879640E-001,-3.4631816205879640E-001,1,1, 1.0427711966437108E+000, 8.2483926689654796E-001, 1.1568198237415894E+000, 1.0000000120795063E+000,-2.9828780994705952E+000,-2.9828780914219593E+000,4
19, 2.2222222222222221E-001, 5.0000000000000000E-001, 0.0000000000000000E+000, 3.1813935217910999E-001, 6.4287244217147810E-001, 0.0000000000000000E+000, 1.4501001256994368E+001, 9.6859176895975174E-002,-9.6859261839737767E-002,-8.4943762607148088E-008, 8.6175944848025113E-002,-8.6175942675909889E-002, 2.1721152237974550E-009,-1.1014885586829766E+000, 1.1014885749337684E+000, 1.6250791823324562E-008, 1.3826163908350175E-001,-1.3826172402726436E-001, 7.3989150575189344E-002,-7.3989148403074120E-002,-1.3632700371734885E+000, 1.3632700534242803E+000,-4.1402462187526586E-002, 4.1402462187526592E-002, 1.2186794272835763E-002,-1.2186794272835762E-002, 2.6178147849051181E-001,-2.6178147849051181E-001,1,1, 1.2806251599237592E+000, 8.0806521891065630E-001, 1.1604587157997663E+000, 1.0000000212128919E+000,-2.7901154098141090E+000,-2.7901154000273900E+000,4
20,-2.7777777777777779E-001, 5.0000000000000000E-001, 0.0000000000000000E+000,-3.9767419022388756E-001, 1.0561475835674283E+000, 0.0000000000000000E+000, 1.5327551539786269E+001,-2.6195950111161728E-002, 2.6195971774714496E-002, 2.1663552767642313E-008,-1.2696074179991362E-001, 1.2696070122208519E-001,-4.0577828430699014E-008,-1.1014832397646384E+000, 1.1014831490214940E+000,-9.0743144331995040E-008, 5.0582386870914944E-003,-5.0582170235387268E-003,-1.5672604022200776E-001, 1.5672599964417933E-001,-1.3632637510155503E+000, 1.3632636602724060E+000,-3.1254188798253223E-002, 3.1254188798253223E-002, 2.9765298422094143E-002,-2.9765298422094143E-002, 2.6178051125091195E-001,-2.6178051125091195E-001,1,1, 1.2806265640430485E+000, 8.0806535242701416E-001, 1.1604588148915014E+000, 1.0000000143328445E+000,-2.7901148080280418E+000,-2.7901147979233514E+000,4
21, 2.2222222222222221E-001,-4.4444444444444442E-001, 0.0000000000000000E+000, 3.1813935217910999E-001,-9.1838920310211136E-001, 0.0000000000000000E+000, 1.7427833556420893E+001, 2.4489547070296061E-002,-2.4489559539110431E-002,-1.2468814369892556E-008, 1.3105160738120941E-001,-1.3105167651472929E-001,-6.9133519881026118E-008,-2.9201332126441204E+000, 2.9201329450723930E+000,-2.6757172744140689E-007, 8.9935151328695201E-002,-8.9935163797509571E-002, 1.2807961231728904E-001,-1.2807968145080892E-001,-3.5825098799981916E+000, 3.5825096124264642E+000,-6.5445604258399140E-002, 6.5445604258399140E-002, 2.9719950639203832E-003,-2.9719950639203832E-003, 6.6237666735407130E-001,-6.6237666735407130E-001,1,1, 1.0421913573711659E+000, 7.9586641914144551E-001, 1.1527335637785521E+000, 1.0000000166604257E+000,-2.9660611085408441E+000,-2.9660611004663888E+000,4
22,-2.7777777777777779E-001,-4.4444444444444442E-001, 0.0000000000000000E+000,-3.9767419022388756E-001,-5.0511406170616124E-001, 0.0000000000000000E+000, 1.8254383839212792E+001,-2.8197169424012336E-001, 2.8197162089032785E-001,-7.3349795487454017E-008,-4.7784749122135223E-001, 4.7784751125221092E-001, 2.0030858693953491E-008,-2.5299548363726471E-001, 2.5299558854687948E-001, 1.0490961477316318E-007,-2.4366254762366768E-001, 2.4366247427387219E-001,-4.6777359018380443E-001, 4.6777361021466313E-001,-4.7644091168946912E-001, 4.7644101659908389E-001,-3.8309146616455667E-002, 3.8309146616455667E-002,-1.0073901037547798E-002, 1.0073901037547798E-002, 2.2344542805220441E-001,-2.2344542805220441E-001,1,1, 1.3597934339434694E+000, 7.6163820078883959E-001, 1.1593487137852092E+000, 1.0000000107367719E+000,-2.5816950766342650E+000,-2.5816950644798506E+000,4
23, 2.2222222222222221E-001,-3.8888888888888878E-001, 0.0000000000000000E+000, 3.1813935217910999E-001,-8.2655028279190013E-001, 0.0000000000000000E+000, 1.9039055918309156E+001, 2.0290102583175123E-005,-2.0772171743420650E-005,-4.8206916024561832E-007, 1.2532563111820166E-001,-1.2532530526364974E-001, 3.2585455191080914E-007,-4.5808634416310161E+000, 4.5808639729149885E+000, 5.3128397237145464E-007, 1.5800277882332492E-005,-1.6282347042578110E-005, 1.2182309499164785E-001,-1.2182276913709594E-001,-5.6956629525022242E+000, 5.6956634837861966E+000, 4.4898247008426301E-006,-4.4898247008425403E-006, 3.5025361265537984E-003,-3.5025361265537984E-003, 1.1147995108712081E+000,-1.1147995108712081E+000,1,1, 9.2688229277604250E-001, 7.7782979241546668E-001, 1.1476173132563161E+000, 1.0000000258902240E+000,-3.0409960777071845E+000,-3.0409960718272098E+000,4
24,-2.7777777777777779E-001,-3.8888888888888878E-001, 0.0000000000000000E+000,-3.9767419022388756E-001,-4.1327514139595001E-001, 0.0000000000000000E+000, 1.9865606201101055E+001,-1.1370587004560389E+000, 1.1370587519225654E+000, 5.1466526596044559E-008,-1.3053909814868285E+000, 1.3053912009273163E+000, 2.1944048778088643E-007,-1.2061710997032051E+000, 1.2061711281019534E+000, 2.8398748241897920E-008,-1.0055303717791724E+000, 1.0055304232456990E+000,-1.1116345126822658E+000, 1.1116347321227535E+000,-1.1496568353419805E+000, 1.1496568637407287E+000,-1.3152832867686651E-001, 1.3152832867686651E-001,-1.9375646880456279E-001, 1.9375646880456279E-001,-5.6514264361224753E-002, 5.6514264361224753E-002,1,1, 1.2924047201378253E+000, 6.7261671873725604E-001, 1.1552760516640452E+000, 1.0000000104688600E+000,-2.3665391571301786E+000,-2.3665391406856973E+000,4
25, 2.2222222222222221E-001,-3.3333333333333343E-001, 0.0000000000000000E+000, 3.1813935217910999E-001,-7.3471136248168933E-001, 0.0000000000000000E+000, 2.0650278280197419E+001,-2.4464204173998805E-002, 2.4464402938559573E-002, 1.9876456076872717E-007, 1.3105011490925178E-001,-1.3105021070206679E-001,-9.5792815013595600E-008,-2.9200953902785143E+000, 2.9200956949325532E+000, 3.0465403844104344E-007,-8.9914013008299612E-002, 8.9914211772860381E-002, 1.2807888301396872E-001,-1.2807897880678373E-001,-3.5824730219701988E+000, 3.5824733266242372E+000, 6.5449808834300807E-002,-6.5449808834300807E-002, 2.9712318952830495E-003,-2.9712318952830495E-003, 6.6237763169168429E-001,-6.6237763169168429E-001,1,1, 1.0421930976647538E+000, 7.9586643661386891E-001, 1.1527333834922888E+000, 1.0000000232459594E+000,-2.9660606619454697E+000,-2.9660606528070339E+000,4
26,-2.7777777777777779E-001,-3.3333333333333343E-001, 0.0000000000000000E+000,-3.9767419022388756E-001,-3.2143622108573922E-001, 0.0000000000000000E+000, 2.1476828562989319E+001,-3.6380998901004524E+000, 3.6380999740749544E+000, 8.3974502018691055E-008,-2.9976758203449032E+000, 2.9976760465477597E+000, 2.2620285644592286E-007,-6.1356400909313091E+000, 6.1356402935941681E+000, 2.0266285893910663E-007,-3.0070278095289318E+000, 3.0070278935034338E+000,-2.3147645714544280E+000, 2.3147647976572845E+000,-4.6587344297293836E+000, 4.6587346323922425E+000,-6.3107208057152087E-001, 6.3107208057152087E-001,-6.8291124889047505E-001, 6.8291124889047505E-001,-1.4769056612019260E+000, 1.4769056612019260E+000,1,1, 1.2234380131547917E+000, 5.4530895877370023E-001, 1.1523559970895290E+000, 1.0000000143739831E+000,-2.1442903580941568E+000,-2.1442903340845874E+000,4
27, 2.2222222222222221E-001,-2.7777777777777779E-001, 0.0000000000000000E+000, 3.1813935217910999E-001,-6.4287244217147810E-001, 0.0000000000000000E+000, 2.2261500642085682E+001,-9.6847556083022646E-002, 9.6847620259683492E-002, 6.4176660846682054E-008, 8.6174043174152670E-002,-8.6174058093237166E-002,-1.4919084495579327E-008,-1.1014628138343912E+000, 1.1014626874089590E+000,-1.2642543212315616E-007,-1.3825153899601611E-001, 1.3825160317267696E-001, 7.3988223414567192E-002,-7.3988238333651687E-002,-1.3632455694144130E+000, 1.3632454429889809E+000, 4.1403982912993458E-002,-4.1403982912993458E-002, 1.2185819759585482E-002,-1.2185819759585482E-002, 2.6178275558002184E-001,-2.6178275558002184E-001,1,1, 1.2806278025334441E+000, 8.0806505209153567E-001, 1.1604584074084598E+000, 1.0000000153622799E+000,-2.7901147027343667E+000,-2.7901146916625468E+000,4
28,-2.7777777777777779E-001,-2.7777777777777779E-001, 0.0000000000000000E+000,-3.9767419022388756E-001,-2.2959730077552790E-001, 0.0000000000000000E+000, 2.3088050924877582E+001,-7.2128367522479175E+000, 7.2128370032413587E+000, 2.5099344114209998E-007,-4.1643330174086772E+000, 4.1643333392856050E+000, 3.2187692777796428E-007,-1.1825418212657635E+001, 1.1825418006433136E+001,-2.0622449881102511E-007,-5.7828193234777849E+000, 5.7828195744712261E+000,-3.3387120570384616E+000, 3.3387123789153894E+000,-1.0288289714097438E+001, 1.0288289507872939E+001,-1.4300174287701326E+000, 1.4300174287701326E+000,-8.2562096037021593E-001, 8.2562096037021593E-001,-1.5371284985601958E+000, 1.5371284985601958E+000,1,1, 1.2030565865482350E+000, 4.5257119480817065E-001, 1.1524104475005505E+000, 1.0000000169764411E+000,-1.9713254553216233E+000,-1.9713254261940518E+000,4
29, 2.2222222222222221E-001,-2.2222222222222221E-001, 0.0000000000000000E+000, 3.1813935217910999E-001,-5.5103352186126686E-001, 0.0000000000000000E+000, 2.3872723003973945E+001,-7.1186133135433927E-002, 7.1186171183182489E-002, 3.8047748576741647E-008,-4.1099281760771725E-002, 4.1099299015576893E-002, 1.7254805168009923E-008,-2.0476656988729244E-001, 2.0476661283837669E-001, 4.2951084244791105E-008,-1.0114372343856312E-001, 1.0114376148631170E-001,-5.8395269165326100E-002, 5.8395286420131268E-002,-3.6193293821972872E-001, 3.6193298117081296E-001, 2.9957590303129202E-002,-2.9957590303129202E-002, 1.7295987404554375E-002,-1.7295987404554375E-002, 1.5716636833243627E-001,-1.5716636833243627E-001,1,1, 1.4425203159107260E+000, 7.8936335838968874E-001, 1.1636180036432087E+000, 1.0000000167271978E+000,-2.5831762705717454E+000,-2.5831762594718084E+000,4
30,-2.7777777777777779E-001,-2.2222222222222221E-001, 0.0000000000000000E+000,-3.9767419022388756E-001,-1.3775838046531666E-001, 0.0000000000000000E+000, 2.4699273286765845E+001,-4.8296668287933144E+000, 4.8296669196596813E+000, 9.0866367319364372E-008,-2.5588407928759787E+000, 2.5588409683336715E+000, 1.7545769304128100E-007,-1.6616524544073039E+000, 1.6616524497188552E+000,-4.6884487403531239E-009,-3.6090775941156648E+000, 3.6090776849820321E+000,-1.7443694804187011E+000, 1.7443696558763941E+000,-4.0259166666706125E+000, 4.0259166619821638E+000,-1.2205892346776495E+000, 1.2205892346776495E+000,-8.1447131245727744E-001, 8.1447131245727744E-001, 2.3642642122633086E+000,-2.3642642122633086E+000,1,1, 1.1619826311184700E+000, 4.5759157668655664E-001, 1.1491054132011123E+000, 1.0000000127204425E+000,-1.9542146754978349E+000,-1.9542146530871447E+000,4
31, 2.2222222222222221E-001,-1.6666666666666660E-001, 0.0000000000000000E+000, 3.1813935217910999E-001,-4.5919460155105563E-001, 0.0000000000000000E+000, 2.5483945365862208E+001, 1.9095951999482569E-001,-1.9095955325096003E-001,-3.3256134346348887E-008,-3.0601808986847051E-001, 3.0601799279296976E-001,-9.7075500748999843E-008, 3.0060497414323928E-001,-3.0060503010867118E-001,-5.5965431886018102E-008, 1.4061493454716489E-001,-1.4061496780329924E-001,-3.0967456265948118E-001, 3.0967446558398043E-001, 9.8202590095706060E-002,-9.8202646061137946E-002, 5.0344585447660808E-002,-5.0344585447660808E-002, 3.6564727910106797E-003,-3.6564727910106806E-003, 2.0240238404753322E-001,-2.0240238404753322E-001,1,1, 1.3977827968711458E+000, 7.3280135583076811E-001, 1.1609672506462685E+000, 1.0000000133023041E+000,-2.3792320632909090E+000,-2.3792320519162433E+000,4
32,-2.7777777777777779E-001,-1.6666666666666660E-001, 0.0000000000000000E+000,-3.9767419022388756E-001,-4.5919460155105424E-002, 0.0000000000000000E+000, 2.6310495648654108E+001,-1.1622418897702202E+000, 1.1622409434258358E+000,-9.4634438452256830E-007,-1.2410495792295566E+000, 1.2410490896242516E+000,-4.8960530496522381E-007, 5.4033229743663078E+000,-5.4033227318903965E+000, 2.4247591134951563E-007,-8.4501200565142354E-001, 8.4501105930703901E-001,-5.3828155087149865E-001, 5.3828106126619368E-001, 2.5496665939898966E+000,-2.5496663515139852E+000,-3.1722988411879671E-001, 3.1722988411879671E-001,-7.0276802835805796E-001, 7.0276802835805796E-001, 2.8536563803764117E+000,-2.8536563803764117E+000,1,1, 1.1379023025206818E+000, 5.2006257298497360E-001, 1.1466136813815897E+000, 1.0000000207575181E+000,-2.0021619433438866E+000,-2.0021619294159425E+000,4
33, 2.2222222222222221E-001,-1.1111111111111120E-001, 0.0000000000000000E+000, 3.1813935217910999E-001,-3.6735568124084472E-001, 0.0000000000000000E+000, 2.7095167727750471E+001, 1.1610618891969340E+000,-1.1610618491975844E+000, 3.9999349610297941E-008,-1.0001764501408419E+000, 1.0001763303397071E+000,-1.1980113479026500E-007, 3.5598919367960546E-001,-3.5598939188513351E-001,-1.9820552804583613E-007, 9.4380172069647006E-001,-9.4380168069712045E-001,-8.7691607364335888E-001, 8.7691595384222409E-001,-1.3730003516218792E-001, 1.3729983695665987E-001, 2.1726016850046381E-001,-2.1726016850046381E-001,-1.2326037649748295E-001, 1.2326037649748295E-001, 4.9328922884179338E-001,-4.9328922884179338E-001,1,1, 1.2552604502669755E+000, 6.1943084955685279E-001, 1.1543746002023396E+000, 1.0000000164264398E+000,-2.1762721174991086E+000,-2.1762721031668870E+000,4
34,-2.7777777777777779E-001,-1.1111111111111120E-001, 0.0000000000000000E+000,-3.9767419022388756E-001, 4.5919460155105452E-002, 0.0000000000000000E+000, 2.7921718010542371E+001, 1.1622958664494847E+000,-1.1622958002443911E+000, 6.6205093740556720E-008,-1.2410647971558686E+000, 1.2410647793580747E+000,-1.7797793905316439E-008, 5.4033105574465994E+000,-5.4033106676814420E+000,-1.1023484303152031E-007, 8.4502899375965812E-001,-8.4502892755456438E-001,-5.3828698947544273E-001, 5.3828697167764883E-001, 2.5496450710721899E+000,-2.5496451813070329E+000, 3.1726687268982662E-001,-3.1726687268982662E-001,-7.0277780768042586E-001, 7.0277780768042586E-001, 2.8536654863744095E+000,-2.8536654863744095E+000,1,1, 1.1379016146940653E+000, 5.2006213989367323E-001, 1.1466137102250946E+000, 1.0000000132584599E+000,-2.0021618151052376E+000,-2.0021618016558471E+000,4
35, 2.2222222222222221E-001,-5.5555555555555601E-002, 0.0000000000000000E+000, 3.1813935217910999E-001,-2.7551676093063349E-001, 0.0000000000000000E+000, 2.8706390089638735E+001, 4.6308696651460206E+000,-4.6308694428774109E+000, 2.2226861018381783E-007,-2.9031806032798344E+000, 2.9031804571424140E+000,-1.4613742038704913E-007,-1.6615326381655398E+000, 1.6615323404501319E+000,-2.9771540699385923E-007, 3.3152055990254041E+000,-3.3152053767567939E+000,-2.2533559323214254E+000, 2.2533557861840050E+000,-4.0259036052451966E+000, 4.0259033075297896E+000, 1.3156640661206169E+000,-1.3156640661206169E+000,-6.4982467095840901E-001, 6.4982467095840901E-001, 2.3643709670796569E+000,-2.3643709670796578E+000,1,1, 1.1619841110458613E+000, 4.5759234083508399E-001, 1.1491052830979225E+000, 1.0000000052740523E+000,-1.9542116554982916E+000,-1.9542116335039168E+000,4
36,-2.7777777777777779E-001,-5.5555555555555601E-002, 0.0000000000000000E+000,-3.9767419022388756E-001, 1.3775838046531669E-001, 0.0000000000000000E+000, 2.9532940372430634E+001, 4.8297457272916713E+000,-4.8297457628790479E+000,-3.5587377489321170E-008,-2.5588854165678323E+000, 2.5588855195385545E+000, 1.0297072217113623E-007,-1.6616959418624391E+000, 1.6616968666850300E+000, 9.2482259095305608E-007, 3.6090880508799517E+000,-3.6090880864673291E+000,-1.7443769801678088E+000, 1.7443770831385310E+000,-4.0259587227145692E+000, 4.0259596475371602E+000, 1.2206576764117192E+000,-1.2206576764117190E+000,-8.1450843640002335E-001, 8.1450843640002335E-001, 2.3642627808521302E+000,-2.3642627808521302E+000,1,1, 1.1619816584121494E+000, 4.5759121631406036E-001, 1.1491053078861513E+000, 1.0000000172995906E+000,-1.9542140824025067E+000,-1.9542140608567671E+000,4
1, 2.7777777777777779E-001, 0.0000000000000000E+000, 0.0000000000000000E+000, 3.9767419022388756E-001,-2.2959730077552790E-001, 0.0000000000000000E+000, 0.0000000000000000E+000, 7.2128448184666079E+000,-7.2128450930896273E+000,-2.7462301943614875E-007,-4.1643389810137599E+000, 4.1643389475006476E+000,-3.3513112285277202E-008,-1.1825351464564392E+001, 1.1825352169988488E+001, 7.0542409780216531E-007, 5.7828036989100546E+000,-5.7828039735330741E+000,-3.3386996478620832E+000, 3.3386996143489709E+000,-1.0288279783577899E+001, 1.0288280489001997E+001, 1.4300411195565532E+000,-1.4300411195565532E+000,-8.2563933315167715E-001, 8.2563933315167715E-001,-1.5370716809864922E+000, 1.5370716809864922E+000,1,1, 1.2030566681283015E+000, 4.5257192884079667E-001, 1.1524103227884490E+000, 1.0000000188713380E+000,-1.9713239628776236E+000,-1.9713239342537827E+000,5
2,-2.2222222222222221E-001, 0.0000000000000000E+000, 0.0000000000000000E+000,-3.1813935217910999E-001, 1.8367784062042228E-001, 0.0000000000000000E+000, 8.2655028279190046E-001, 9.5366412782725991E+000,-9.5366414679592353E+000,-1.8968663617613402E-007,-5.5060052974713658E+000, 5.5060052123633216E+000,-8.5108044167725438E-008,-2.6250912410513543E+000, 2.6250911975616642E+000,-4.3489690071396581E-008, 6.8349009890147254E+000,-6.8349011787013616E+000,-3.9461326215711741E+000, 3.9461325364631299E+000,-1.1244424767221435E+001, 1.1244424723731745E+001, 2.7017402892578741E+000,-2.7017402892578741E+000,-1.5598726759001915E+000, 1.5598726759001915E+000, 8.6193335261700810E+000,-8.6193335261700810E+000,1,1, 1.1406025123380932E+000, 3.6286456635146569E-001, 1.1467035517203594E+000, 1.0000000228444137E+000,-1.7764933069515045E+000,-1.7764932783093919E+000,5
3, 2.7777777777777779E-001, 5.5555555555555601E-002, 0.0000000000000000E+000, 3.9767419022388756E-001,-1.3775838046531669E-001, 0.0000000000000000E+000, 1.6112223618882631E+000, 4.8297469545272183E+000,-4.8297470819046939E+000,-1.2737747567825863E-007,-2.5588862014649623E+000, 2.5588859980676331E+000,-2.0339732920149345E-007,-1.6616966736686152E+000, 1.6616968652480111E+000, 1.9157939590286333E-007, 3.6090888236943375E+000,-3.6090889510718132E+000,-1.7443775167395221E+000, 1.7443773133421929E+000,-4.0259594887655989E+000, 4.0259596803449949E+000, 1.2206581308328810E+000,-1.2206581308328810E+000,-8.1450868472543991E-001, 8.1450868472543991E-001, 2.3642628150969838E+000,-2.3642628150969838E+000,1,1, 1.1619816584474685E+000, 4.5759120367888223E-001, 1.1491053403895539E+000, 1.0000000050519138E+000,-1.9542140824162888E+000,-1.9542140608715539E+000,5
4,-2.2222222222222221E-001, 5.5555555555555601E-002, 0.0000000000000000E+000,-3.1813935217910999E-001, 2.7551676093063349E-001, 0.0000000000000000E+000, 2.4377726446801633E+000, 4.6308693014539690E+000,-4.6308693135755581E+000,-1.2121588621738510E-008,-2.9031803110635175E+000, 2.9031802670113702E+000,-4.4052147263329289E-008,-1.6615317413387007E+000, 1.6615316421089661E+000,-9.9229734651373747E-008, 3.3152054304184486E+000,-3.3152054425400372E+000,-2.2533557885876352E+000, 2.2533557445354879E+000,-4.0259032455789212E+000, 4.0259031463491866E+000, 1.3156638710355206E+000,-1.3156638710355206E+000,-6.4982452247588218E-001, 6.4982452247588218E-001, 2.3643715042402205E+000,-2.3643715042402205E+000,1,1, 1.1619841110511091E+000, 4.5759234238951157E-001, 1.1491052890973990E+000, 1.0000000118216374E+000,-1.9542116554912590E+000,-1.9542116335322186E+000,5
5, 2.7777777777777779E-001, 1.1111111111111110E-001, 0.0000000000000000E+000, 3.9767419022388756E-001,-4.5919460155105618E-002, 0.0000000000000000E+000, 3.2224447237765257E+000, 1.1622948818733816E+000,-1.1622954882898928E+000,-6.0641651122850249E-007,-1.2410639251163560E+000, 1.2410636903503716E+000,-2.3476598454141850E-007, 5.4033113301940761E+000,-5.4033105676121540E+000, 7.6258192160949534E-007, 8.4502771122247700E-001,-8.4502831763898822E-001,-5.3828670774201204E-001, 5.3828647297602750E-001, 2.5496456001961425E+000,-2.5496448376142209E+000, 3.1726717065090460E-001,-3.1726717065090460E-001,-7.0277721737434407E-001, 7.0277721737434407E-001, 2.8536657299979336E+000,-2.8536657299979336E+000,1,1, 1.1379016147194054E+000, 5.2006217035521263E-001, 1.1466136679226975E+000, 1.0000000282656643E+000,-2.0021618150853904E+000,-2.0021618016947249E+000,5
6,-2.2222222222222221E-001, 1.1111111111111110E-001, 0.0000000000000000E+000,-3.1813935217910999E-001, 3.6735568124084456E-001, 0.0000000000000000E+000, 4.0489950065684264E+000, 1.1610604260351662E+000,-1.1610603530744672E+000, 7.2960699037949439E-008,-1.0001746260236726E+000, 1.0001746669102818E+000, 4.0886609209422886E-008, 3.5599227157887742E-001,-3.5599237026055863E-001,-9.8681681187651193E-008, 9.4380041918545476E-001,-9.4380034622475573E-001,-8.7691455475116720E-001, 8.7691459563777641E-001,-1.3729770996015156E-001, 1.3729761127847037E-001, 2.1726000684971156E-001,-2.1726000684971156E-001,-1.2326007127250535E-001, 1.2326007127250535E-001, 4.9328998153902898E-001,-4.9328998153902898E-001,1,1, 1.2552604502789997E+000, 6.1943084947246396E-001, 1.1543745436633985E+000, 1.0000000119150947E+000,-2.1762721175126418E+000,-2.1762721031719425E+000,5
7, 2.7777777777777779E-001, 1.6666666666666671E-001, 0.0000000000000000E+000, 3.9767419022388756E-001, 4.5919460155105646E-002, 0.0000000000000000E+000, 4.8336670856647892E+000,-1.1622417850839661E+000, 1.1622417914806642E+000, 6.3966980601293244E-009,-1.2410484735061009E+000, 1.2410491038034448E+000, 6.3029734398423187E-007, 5.4033210767503519E+000,-5.4033210702491479E+000, 6.5012035754818953E-009,-8.4501175116622551E-001, 8.4501175756292357E-001,-5.3828034197427121E-001, 5.3828097227161520E-001, 2.5496654137518808E+000,-2.5496654072506773E+000,-3.1723003391774063E-001, 3.1723003391774063E-001,-7.0276813153182971E-001, 7.0276813153182971E-001, 2.8536556629984706E+000,-2.8536556629984706E+000,1,1, 1.1379023025634667E+000, 5.2006258078667900E-001, 1.1466136948237409E+000, 1.0000000170854122E+000,-2.0021619433252931E+000,-2.0021619293694681E+000,5
8,-2.2222222222222221E-001, 1.6666666666666671E-001, 0.0000000000000000E+000,-3.1813935217910999E-001, 4.5919460155105585E-001, 0.0000000000000000E+000, 5.6602173684566894E+000, 1.9095951177539650E-001,-1.9095944003854448E-001, 7.1736851986470285E-008,-3.0601792673054751E-001, 3.0601788481197945E-001,-4.1918568005616663E-008, 3.0060518032929029E-001,-3.0060525720872733E-001,-7.6879437010957119E-008, 1.4061494478288630E-001,-1.4061487304603432E-001,-3.0967445023392942E-001, 3.0967440831536142E-001, 9.8202748047055949E-002,-9.8202824926492960E-002, 5.0344566992510179E-002,-5.0344566992510179E-002, 3.6565235033819421E-003,-3.6565235033819421E-003, 2.0240243228223434E-001,-2.0240243228223434E-001,1,1, 1.3977827968522210E+000, 7.3280135524612033E-001, 1.1609672539661786E+000, 1.0000000040725590E+000,-2.3792320633114672E+000,-2.3792320519169499E+000,5
9, 2.7777777777777779E-001, 2.2222222222222221E-001, 0.0000000000000000E+000, 3.9767419022388756E-001, 1.3775838046531666E-001, 0.0000000000000000E+000, 6.4448894475530523E+000,-4.8296670173688572E+000, 4.8296666264095780E+000,-3.9095928006105396E-007,-2.5588409509114509E+000, 2.5588408269209477E+000,-1.2399050319800153E-007,-1.6616525355342677E+000, 1.6616524009526863E+000,-1.3458158143464516E-007,-3.6090778133008694E+000, 3.6090774223415893E+000,-1.7443696571653691E+000, 1.7443695331748659E+000,-4.0259166328364779E+000, 4.0259164982548965E+000,-1.2205892040679882E+000, 1.2205892040679882E+000,-8.1447129374608196E-001, 8.1447129374608196E-001, 2.3642640973022102E+000,-2.3642640973022102E+000,1,1, 1.1619826311741761E+000, 4.5759158437600805E-001, 1.1491054070920181E+000, 1.0000000117871155E+000,-1.9542146754540415E+000,-1.9542146531159827E+000,5
10,-2.2222222222222221E-001, 2.2222222222222221E-001, 0.0000000000000000E+000,-3.1813935217910999E-001, 5.5103352186126686E-001, 0.0000000000000000E+000, 7.2714397303449525E+000,-7.1186102721428640E-002, 7.1186151726735133E-002, 4.9005306493321577E-008,-4.1099453538139250E-002, 4.1099425753964192E-002,-2.7784175057887772E-008,-2.0476660751036102E-001, 2.0476654916437825E-001,-5.8345982767438187E-008,-1.0114367367093756E-001, 1.0114372267624405E-001,-5.8395470553027268E-002, 5.8395442768852210E-002,-3.6193298075419356E-001, 3.6193292240821079E-001, 2.9957570949508919E-002,-2.9957570949508919E-002, 1.7296017014888022E-002,-1.7296017014888022E-002, 1.5716637324383254E-001,-1.5716637324383254E-001,1,1, 1.4425203158853956E+000, 7.8936336472407087E-001, 1.1636180163934222E+000, 1.0000000107179778E+000,-2.5831762705734058E+000,-2.5831762594329875E+000,5
11, 2.7777777777777779E-001, 2.7777777777777779E-001, 0.0000000000000000E+000, 3.9767419022388756E-001, 2.2959730077552790E-001, 0.0000000000000000E+000, 8.0561118094413153E+000,-7.2128385127645869E+000, 7.2128383018778042E+000,-2.1088678270331229E-007,-4.1643341903703304E+000, 4.1643342657917559E+000, 7.5421425549393462E-008,-1.1825420528230312E+001, 1.1825420471322644E+001,-5.6907667911332283E-008,-5.7828213575593086E+000, 5.7828211466725259E+000,-3.3387133649854905E+000, 3.3387134404069161E+000,-1.0288292004567850E+001, 1.0288291947660182E+001,-1.4300171552052783E+000, 1.4300171552052783E+000,-8.2562082538483961E-001, 8.2562082538483961E-001,-1.5371285236624617E+000, 1.5371285236624617E+000,1,1, 1.2030565865340055E+000, 4.5257120374050885E-001, 1.1524104447748349E+000, 1.0000000060386738E+000,-1.9713254553480404E+000,-1.9713254261962834E+000,5
12,-2.2222222222222221E-001, 2.7777777777777779E-001, 0.0000000000000000E+000,-3.1813935217910999E-001, 6.4287244217147810E-001, 0.0000000000000000E+000, 8.8826620922332165E+000,-9.6847845268213481E-002, 9.6847908760992266E-002, 6.3492778784590698E-008, 8.6173875960743551E-002,-8.6173912622684423E-002,-3.6661940872040333E-008,-1.1014633339069453E+000, 1.1014633131269573E+000,-2.0779987952579404E-008,-1.3825180159902031E-001, 1.3825186509179910E-001, 7.3988053588413524E-002,-7.3988090250354396E-002,-1.3632460314941777E+000, 1.3632460107141897E+000, 4.1403956330806832E-002,-4.1403956330806832E-002, 1.2185822372330027E-002,-1.2185822372330027E-002, 2.6178269758723238E-001,-2.6178269758723238E-001,1,1, 1.2806278025532549E+000, 8.0806505647698879E-001, 1.1604584275191359E+000, 1.0000000165738998E+000,-2.7901147027115680E+000,-2.7901146916720982E+000,5
13, 2.7777777777777779E-001, 3.3333333333333331E-001, 0.0000000000000000E+000, 3.9767419022388756E-001, 3.2143622108573899E-001, 0.0000000000000000E+000, 9.6673341713295784E+000,-3.6380996831880705E+000, 3.6380994107705846E+000,-2.7241748590256520E-007,-2.9976754282513518E+000, 2.9976754966967727E+000, 6.8445421330665113E-008,-6.1356396329673117E+000, 6.1356399023194133E+000, 2.6935210062362103E-007,-3.0070276493472843E+000, 3.0070273769297984E+000,-2.3147642922870824E+000, 2.3147643607325037E+000,-4.6587339897076028E+000, 4.6587342590597034E+000,-6.3107203384078636E-001, 6.3107203384078636E-001,-6.8291113596426922E-001, 6.8291113596426922E-001,-1.4769056432597094E+000, 1.4769056432597094E+000,1,1, 1.2234380130998046E+000, 5.4530896056427747E-001, 1.1523560047183450E+000, 1.0000000090263477E+000,-2.1442903580946409E+000,-2.1442903341354240E+000,5
14,-2.2222222222222221E-001, 3.3333333333333331E-001, 0.0000000000000000E+000,-3.1813935217910999E-001, 7.3471136248168911E-001, 0.0000000000000000E+000, 1.0493884454121480E+001,-2.4464208636057624E-002, 2.4464243602764876E-002, 3.4966707251893325E-008, 1.3105025586516503E-001,-1.3105030722025121E-001,-5.1355086183590970E-008,-2.9200952385044241E+000, 2.9200950728265198E+000,-1.6567790428467788E-007,-8.9913969418663059E-002, 8.9914004385370311E-002, 1.2807903612029709E-001,-1.2807908747538327E-001,-3.5824728811522886E+000, 3.5824727154743843E+000, 6.5449760782605435E-002,-6.5449760782605435E-002, 2.9712197448679470E-003,-2.9712197448679470E-003, 6.6237764264786436E-001,-6.6237764264786436E-001,1,1, 1.0421930977315284E+000, 7.9586643295729542E-001, 1.1527333639759687E+000, 1.0000000160789637E+000,-2.9660606619269960E+000,-2.9660606527624052E+000,5
15, 2.7777777777777779E-001, 3.8888888888888890E-001, 0.0000000000000000E+000, 3.9767419022388756E-001, 4.1327514139595023E-001, 0.0000000000000000E+000, 1.1278556533217841E+001,-1.1370589231307537E+000, 1.1370586488426921E+000,-2.7428806159690566E-007,-1.3053912412379687E+000, 1.3053911053877914E+000,-1.3585017732964388E-007,-1.2061713063289268E+000, 1.2061714229196931E+000, 1.1659076637471344E-007,-1.0055305533803702E+000, 1.0055302790923086E+000,-1.1116346985678360E+000, 1.1116345627176587E+000,-1.1496569396539957E+000, 1.1496570562447621E+000,-1.3152836975038359E-001, 1.3152836975038359E-001,-1.9375654267013270E-001, 1.9375654267013270E-001,-5.6514366674931080E-002, 5.6514366674931080E-002,1,1, 1.2924047201571813E+000, 6.7261671823398061E-001, 1.1552760535220410E+000, 1.0000000057890954E+000,-2.3665391571132508E+000,-2.3665391406898850E+000,5
16,-2.2222222222222221E-001, 3.8888888888888890E-001, 0.0000000000000000E+000,-3.1813935217910999E-001, 8.2655028279190035E-001, 0.0000000000000000E+000, 1.2105106816009743E+001, 1.9334164698442711E-005,-2.0390204897572311E-005,-1.0560401991293288E-006, 1.2532538295923346E-001,-1.2532519491539409E-001, 1.8804383934700741E-007,-4.5808632733423291E+000, 4.5808630253731355E+000,-2.4796919362302106E-007, 1.4935055921731864E-005,-1.5991096120861192E-005, 1.2182280047938225E-001,-1.2182261243554290E-001,-5.6956629244242567E+000, 5.6956626764550631E+000, 4.3991087767108474E-006,-4.3991087767111168E-006, 3.5025824798511950E-003,-3.5025824798511950E-003, 1.1147996510819276E+000,-1.1147996510819276E+000,1,1, 9.2688229279336731E-001, 7.7782979006315844E-001, 1.1476173275670940E+000, 1.0000000078228186E+000,-3.0409960777029066E+000,-3.0409960718013136E+000,5
17, 2.7777777777777779E-001, 4.4444444444444442E-001, 0.0000000000000000E+000, 3.9767419022388756E-001, 5.0511406170616124E-001, 0.0000000000000000E+000, 1.2889778895106105E+001,-2.8197166235675969E-001, 2.8197161346458621E-001,-4.8892173476478007E-008,-4.7784760370469481E-001, 4.7784748555178053E-001,-1.1815291428574071E-007,-2.5299542942504344E-001, 2.5299532958537357E-001,-9.9839669864820735E-008,-2.4366249422417635E-001, 2.4366244533200287E-001,-4.6777367554013755E-001, 4.6777355738722326E-001,-4.7644089303323056E-001, 4.7644079319356070E-001,-3.8309168132583317E-002, 3.8309168132583317E-002,-1.0073928164557249E-002, 1.0073928164557249E-002, 2.2344546360818712E-001,-2.2344546360818712E-001,1,1, 1.3597934339860513E+000, 7.6163820380364300E-001, 1.1593487196942915E+000, 1.0000000062413137E+000,-2.5816950766298894E+000,-2.5816950645013423E+000,5
18,-2.2222222222222221E-001, 4.4444444444444442E-001, 0.0000000000000000E+000,-3.1813935217910999E-001, 9.1838920310211136E-001, 0.0000000000000000E+000, 1.3716329177898006E+001, 2.4489216551925902E-002,-2.4489320876663667E-002,-1.0432473776522677E-007, 1.3105170951846601E-001,-1.3105187615300809E-001,-1.6663454208143413E-007,-2.9201324711028098E+000, 2.9201324775207680E+000, 6.4179581649170814E-009, 8.9934842757780992E-002,-8.9934947082518757E-002, 1.2807970825283138E-001,-1.2807987488737346E-001,-3.5825091974599106E+000, 3.5825092038778688E+000,-6.5445626205855090E-002, 6.5445626205855090E-002, 2.9720012656346195E-003,-2.9720012656346195E-003, 6.6237672635710065E-001,-6.6237672635710065E-001,1,1, 1.0421913573539823E+000, 7.9586642205998115E-001, 1.1527335629451516E+000, 1.0000000038599852E+000,-2.9660611085603281E+000,-2.9660611005011130E+000,5
19, 2.7777777777777779E-001, 5.0000000000000000E-001, 0.0000000000000000E+000, 3.9767419022388756E-001, 5.9695298201637248E-001, 0.0000000000000000E+000, 1.4501001256994368E+001,-2.6196287223907593E-002, 2.6196272117997695E-002,-1.5105909896215297E-008,-1.2696031343095460E-001, 1.2696030918021983E-001,-4.2507347641773663E-009,-1.1014827000983913E+000, 1.1014826929677863E+000,-7.1306049953534512E-009, 5.0579074315901685E-003,-5.0579225375000647E-003,-1.5672563954963029E-001, 1.5672563529889552E-001,-1.3632632899688037E+000, 1.3632632828381988E+000,-3.1254194655497759E-002, 3.1254194655497759E-002, 2.9765326118675686E-002,-2.9765326118675692E-002, 2.6178058987041236E-001,-2.6178058987041236E-001,1,1, 1.2806265639559218E+000, 8.0806535011059122E-001, 1.1604587926535124E+000, 1.0000000135389371E+000,-2.7901148080844838E+000,-2.7901147978975498E+000,5
20,-2.2222222222222221E-001, 5.0000000000000000E-001, 0.0000000000000000E+000,-3.1813935217910999E-001, 1.0102281234123227E+000, 0.0000000000000000E+000, 1.5327551539786269E+001, 9.6859366295463975E-002,-9.6859350416607329E-002, 1.5878856646223127E-008, 8.6176035704520801E-002,-8.6175980735167024E-002, 5.4969353777134522E-008,-1.1014886154594554E+000, 1.1014885405678909E+000,-7.4891564505463748E-008, 1.3826180201851440E-001,-1.3826178613965776E-001, 7.3989229866690362E-002,-7.3989174897336585E-002,-1.3632700838916278E+000, 1.3632700090000633E+000,-4.1402435723050426E-002, 4.1402435723050426E-002, 1.2186805837830439E-002,-1.2186805837830439E-002, 2.6178146843217248E-001,-2.6178146843217248E-001,1,1, 1.2806251599512395E+000, 8.0806522135736691E-001, 1.1604587254069478E+000, 1.0000000165462182E+000,-2.7901154098236161E+000,-2.7901153999890678E+000,5
21, 2.7777777777777779E-001,-4.4444444444444442E-001, 0.0000000000000000E+000, 3.9767419022388756E-001,-9.6430866325721698E-001, 0.0000000000000000E+000, 1.7427833556420893E+001, 2.3870610314722013E-002,-2.3870901123591803E-002,-2.9080886979060416E-007,-1.3775057586047575E-002, 1.3775185160323531E-002, 1.2757427595572191E-007,-4.5612391961490344E+000, 4.5612393693925757E+000, 1.7324354129044650E-007, 6.3878858917532783E-002,-6.3879149726402573E-002,-3.6874856043908368E-002, 3.6874983618184323E-002,-4.9075573673038297E+000, 4.9075575405473710E+000,-4.0008248602810770E-002, 4.0008248602810770E-002, 2.3099798457860792E-002,-2.3099798457860792E-002, 3.4631817115479568E-001,-3.4631817115479568E-001,1,1, 1.0427711966218212E+000, 8.2483927076165653E-001, 1.1568198246699011E+000, 1.0000000189447145E+000,-2.9828780995025532E+000,-2.9828780914315165E+000,5
22,-2.2222222222222221E-001,-4.4444444444444442E-001, 0.0000000000000000E+000,-3.1813935217910999E-001,-5.5103352186126686E-001, 0.0000000000000000E+000, 1.8254383839212792E+001, 7.1193899078211137E-002,-7.1193924072894682E-002,-2.4994683545109808E-008,-4.1097167882838077E-002, 4.1097111297909009E-002,-5.6584929068737022E-008,-2.0478451138117343E-001, 2.0478459142912997E-001, 8.0047956541040577E-008, 1.0114994752527609E-001,-1.0114997251995964E-001,-5.8394607980516836E-002, 5.8394551395587767E-002,-3.6194835256155095E-001, 3.6194843260950749E-001,-2.9956048447064947E-002, 2.9956048447064947E-002, 1.7297440097678758E-002,-1.7297440097678758E-002, 1.5716384118037752E-001,-1.5716384118037752E-001,1,1, 1.4425186186078798E+000, 7.8936370407680723E-001, 1.1636183871037915E+000, 1.0000000075482340E+000,-2.5831773076889273E+000,-2.5831772977209209E+000,5
23, 2.7777777777777779E-001,-3.8888888888888878E-001, 0.0000000000000000E+000, 3.9767419022388756E-001,-8.7246974294700574E-001, 0.0000000000000000E+000, 1.9039055918309156E+001, 1.5581576836203183E-002,-1.5581017455274633E-002, 5.5938092854979082E-007,-8.7602529438239110E-002, 8.7602385046053582E-002,-1.4439218552764199E-007,-1.2756583669316370E+001, 1.2756584203422230E+001, 5.3410585998392435E-007, 4.3785881285197545E-002,-4.3785321904268995E-002,-8.8514825671813652E-002, 8.8514681279628124E-002,-1.3232551859566181E+001, 1.3232552393672041E+001,-2.8204304448994362E-002, 2.8204304448994362E-002, 9.1229623357454159E-004,-9.1229623357454159E-004, 4.7596819024980980E-001,-4.7596819024980980E-001,1,1, 8.2936858395519675E-001, 8.2116671663167062E-001, 1.1502159189501955E+000, 1.0000000052677336E+000,-3.1165506391246014E+000,-3.1165506350270693E+000,5
24,-2.2222222222222221E-001,-3.8888888888888878E-001, 0.0000000000000000E+000,-3.1813935217910999E-001,-4.5919460155105563E-001, 0.0000000000000000E+000, 1.9865606201101055E+001,-1.9095036413431499E-001, 1.9095033634546010E-001,-2.7788854883858960E-008,-3.0601532646460605E-001, 3.0601527343180218E-001,-5.3032803870589618E-008, 3.0058585268818760E-001,-3.0058605698823476E-001,-2.0430004719906858E-007,-1.4060916381913019E-001, 1.4060913603027531E-001,-3.0967436282102218E-001, 3.0967430978821830E-001, 9.8190721051394175E-002,-9.8190925351441374E-002,-5.0341200315184798E-002, 5.0341200315184798E-002, 3.6590363564161163E-003,-3.6590363564161163E-003, 2.0239513163679340E-001,-2.0239513163679340E-001,1,1, 1.3977826013139190E+000, 7.3280184464187192E-001, 1.1609675737913943E+000, 1.0000000084702296E+000,-2.3792336787311168E+000,-2.3792336680673278E+000,5
25, 2.7777777777777779E-001,-3.3333333333333343E-001, 0.0000000000000000E+000, 3.9767419022388756E-001,-7.8063082263679495E-001, 0.0000000000000000E+000, 2.0650278280197419E+001,-1.5544083423631522E-002, 1.5543926583787549E-002,-1.5683984397329986E-007,-8.7599391614020403E-002, 8.7599274534833696E-002,-1.1707918670667006E-007,-1.2756550082718961E+001, 1.2756550631005616E+001, 5.4828665518869002E-007,-4.3751837063865005E-002, 4.3751680224021032E-002,-8.8511920631046750E-002, 8.8511803551860044E-002,-1.3232520117509331E+001, 1.3232520665795986E+001, 2.8207753640233483E-002,-2.8207753640233483E-002, 9.1252901702634857E-004,-9.1252901702634857E-004, 4.7597003479036976E-001,-4.7597003479036976E-001,1,1, 8.2936889244332601E-001, 8.2116660086044235E-001, 1.1502157590100219E+000, 1.0000000165013385E+000,-3.1165507063808455E+000,-3.1165507015422711E+000,5
26,-2.2222222222222221E-001,-3.3333333333333343E-001, 0.0000000000000000E+000,-3.1813935217910999E-001,-3.6735568124084483E-001, 0.0000000000000000E+000, 2.1476828562989319E+001,-1.1610440462211813E+000, 1.1610437628714574E+000,-2.8334972401733438E-007,-1.0001747203219356E+000, 1.0001749480942905E+000, 2.2777235508808502E-007, 3.5595026335390173E-001,-3.5595008858361865E-001, 1.7477028305123987E-007,-9.4379484817259374E-001, 9.4379456482286972E-001,-8.7691876963090187E-001, 8.7691899740325696E-001,-1.3730972681448922E-001, 1.3730990158477227E-001,-2.1724919804858761E-001, 2.1724919804858761E-001,-1.2325595069103362E-001, 1.2325595069103362E-001, 4.9325999016839095E-001,-4.9325999016839095E-001,1,1, 1.2552599332535834E+000, 6.1943122654007787E-001, 1.1543748604603874E+000, 1.0000000127847062E+000,-2.1762745383019331E+000,-2.1762745239958825E+000,5
27, 2.7777777777777779E-001,-2.7777777777777779E-001, 0.0000000000000000E+000, 3.9767419022388756E-001,-6.8879190232658372E-001, 0.0000000000000000E+000, 2.2261500642085682E+001,-2.3853027017035490E-002, 2.3853108348065567E-002, 8.1331030077347322E-008,-1.3771781949564410E-002, 1.3771734213459869E-002,-4.7736104541451496E-008,-4.5612028831293250E+000, 4.5612034129622732E+000, 5.2983294818176319E-007,-6.3862605523773749E-002, 6.3862686854803827E-002,-3.6871322503405586E-002, 3.6871274767301045E-002,-4.9075233485907699E+000, 4.9075238784237181E+000, 4.0009578506738259E-002,-4.0009578506738259E-002, 2.3099540553841176E-002,-2.3099540553841176E-002, 3.4632046546144452E-001,-3.4632046546144452E-001,1,1, 1.0427721248464596E+000, 8.2483901588846187E-001, 1.1568195025337205E+000, 1.0000000132970579E+000,-2.9828782139395251E+000,-2.9828782048276610E+000,5
28,-2.2222222222222221E-001,-2.7777777777777779E-001, 0.0000000000000000E+000,-3.1813935217910999E-001,-2.7551676093063349E-001, 0.0000000000000000E+000, 2.3088050924877582E+001,-4.6308541890138279E+000, 4.6308539956245678E+000,-1.9338926016132518E-007,-2.9031933925776290E+000, 2.9031934231564831E+000, 3.0578854115503873E-008,-1.6616516452682526E+000, 1.6616520464356026E+000, 4.0116735000594872E-007,-3.3152069111065838E+000, 3.3152067177173237E+000,-2.2533678497653957E+000, 2.2533678803442498E+000,-4.0259158349424728E+000, 4.0259162361098229E+000,-1.3156472779072443E+000, 1.3156472779072443E+000,-6.4982554281223315E-001, 6.4982554281223315E-001, 2.3642641896742203E+000,-2.3642641896742203E+000,1,1, 1.1619826310915125E+000, 4.5759157989740978E-001, 1.1491054074682747E+000, 1.0000000071214392E+000,-1.9542146754936671E+000,-1.9542146531384517E+000,5
29, 2.7777777777777779E-001,-2.2222222222222221E-001, 0.0000000000000000E+000, 3.9767419022388756E-001,-5.9695298201637248E-001, 0.0000000000000000E+000, 2.3872723003973945E+001, 2.6204819728224783E-002,-2.6204795510639499E-002, 2.4217585286104293E-008,-1.2695982201149000E-001, 1.2695997920707169E-001, 1.5719558169036141E-007,-1.1014634182738909E+000, 1.1014635802667063E+000, 1.6199281538398225E-007,-5.0503896804507450E-003, 5.0504138980360311E-003,-1.5672377752467240E-001, 1.5672393472025409E-001,-1.3632460894076188E+000, 1.3632462514004342E+000, 3.1255209408675530E-002,-3.1255209408675530E-002, 2.9763955513182387E-002,-2.9763955513182387E-002, 2.6178267113372794E-001,-2.6178267113372794E-001,1,1, 1.2806278025301268E+000, 8.0806505592498346E-001, 1.1604584276068923E+000, 1.0000000110194625E+000,-2.7901147027405191E+000,-2.7901146916636819E+000,5
30,-2.2222222222222221E-001,-2.2222222222222221E-001, 0.0000000000000000E+000,-3.1813935217910999E-001,-1.8367784062042228E-001, 0.0000000000000000E+000, 2.4699273286765845E+001,-9.5366504374798531E+000, 9.5366503504830220E+000,-8.6996831960561849E-008,-5.5059875488311807E+000, 5.5059875968121545E+000, 4.7980973860717313E-008,-2.6251801837888085E+000, 2.6251802103250803E+000, 2.6536271846566706E-008,-6.8349335543157546E+000, 6.8349334673189226E+000,-3.9461507052534399E+000, 3.9461507532344138E+000,-1.1244474498896595E+001, 1.1244474525432867E+001,-2.7017168831640994E+000, 2.7017168831640994E+000,-1.5598368435777408E+000, 1.5598368435777408E+000, 8.6192943151077870E+000,-8.6192943151077870E+000,1,1, 1.1406012314146974E+000, 3.6286323312947510E-001, 1.1467036158487973E+000, 1.0000000166380234E+000,-1.7764957114950453E+000,-1.7764956824943059E+000,5
31, 2.7777777777777779E-001,-1.6666666666666660E-001, 0.0000000000000000E+000, 3.9767419022388756E-001,-5.0511406170616124E-001, 0.0000000000000000E+000, 2.5483945365862208E+001, 2.8197889354702660E-001,-2.8197894551023933E-001,-5.1963212760464117E-008,-4.7784861496241887E-001, 4.7784848138596275E-001,-1.3357645611833391E-007,-2.5298449051744570E-001, 2.5298444171945633E-001,-4.8797989371518469E-008, 2.4366782031217424E-001,-2.4366787227538700E-001,-4.6777189315670020E-001, 4.6777175958024408E-001,-4.7643340382186766E-001, 4.7643335502387829E-001, 3.8311073234852354E-002,-3.8311073234852354E-002,-1.0076721805718654E-002, 1.0076721805718652E-002, 2.2344891330442196E-001,-2.2344891330442196E-001,1,1, 1.3597938931759499E+000, 7.6163792184588186E-001, 1.1593483224571410E+000, 1.0000000169143624E+000,-2.5816944161482951E+000,-2.5816944033900784E+000,5
32,-2.2222222222222221E-001,-1.6666666666666660E-001, 0.0000000000000000E+000,-3.1813935217910999E-001,-9.1838920310211042E-002, 0.0000000000000000E+000, 2.6310495648654108E+001,-5.9666728944626257E+000, 5.9666725481527543E+000,-3.4630987233441601E-007,-5.2848696320460391E+000, 5.2848690991674072E+000,-5.3287863255313539E-007, 1.3648849402945006E+001,-1.3648849964406409E+001,-5.6146140314794479E-007,-3.4002800417281880E+000, 3.4002796954183157E+000,-1.8326483187498637E+000, 1.8326477858712311E+000,-6.4182897260889848E-001, 6.4182841114749534E-001,-2.5663928527344382E+000, 2.5663928527344382E+000,-3.4522213132961759E+000, 3.4522213132961759E+000, 1.4290678375553904E+001,-1.4290678375553904E+001,1,1, 1.0563218473140528E+000, 3.6598552754368813E-001, 1.1407756227773063E+000, 1.0000000109048430E+000,-1.7799797245382902E+000,-1.7799797010803644E+000,5
33, 2.7777777777777779E-001,-1.1111111111111120E-001, 0.0000000000000000E+000, 3.9767419022388756E-001,-4.1327514139595034E-001, 0.0000000000000000E+000, 2.7095167727750471E+001, 1.1370677468397603E+000,-1.1370676079087088E+000, 1.3893105155204921E-007,-1.3053909683250129E+000, 1.3053906023800348E+000,-3.6594497809794291E-007,-1.2061602704373300E+000, 1.2061600172950457E+000,-2.5314228402351091E-007, 1.0055345114406342E+000,-1.0055343725095827E+000,-1.1116301694053545E+000, 1.1116298034603764E+000,-1.1496556102029372E+000, 1.1496553570606531E+000, 1.3153323539912601E-001,-1.3153323539912604E-001,-1.9376079891965842E-001, 1.9376079891965842E-001,-5.6504660234392746E-002, 5.6504660234392684E-002,1,1, 1.2924050647328746E+000, 6.7261667962190808E-001, 1.1552757443071984E+000, 1.0000000175009860E+000,-2.3665377299148256E+000,-2.3665377133582144E+000,5
34,-2.2222222222222221E-001,-1.1111111111111120E-001, 0.0000000000000000E+000,-3.1813935217910999E-001,-1.6653345369377348E-016, 0.0000000000000000E+000, 2.7921718010542371E+001, 6.1033993075151012E-005,-6.1259973908314798E-005,-2.2598083316378512E-007,-4.1340945240896030E+000, 4.1340943442161855E+000,-1.7987341727199180E-007, 2.1687539511932052E+001,-2.1687539895222336E+001,-3.8329028484440641E-007, 1.0416093723659547E-005,-1.0642074556823332E-005,-6.3812646543195184E-001, 6.3812628555853457E-001, 5.8904827217415150E+000,-5.8904831050317998E+000, 5.0617899351491466E-005,-5.0617899351491466E-005,-3.4959680586576507E+000, 3.4959680586576507E+000, 1.5797056790190535E+001,-1.5797056790190535E+001,1,1, 1.0002200425423209E+000, 3.8953299611495046E-001, 1.1377508733805601E+000, 1.0000000165706395E+000,-1.8205125925424244E+000,-1.8205125742514621E+000,5
35, 2.7777777777777779E-001,-5.5555555555555601E-002, 0.0000000000000000E+000, 3.9767419022388756E-001,-3.2143622108573910E-001, 0.0000000000000000E+000, 2.8706390089638735E+001, 3.6381048966628704E+000,-3.6381051940820304E+000,-2.9741915996694956E-007,-2.9976648171530917E+000, 2.9976648568384658E+000, 3.9685374098041848E-008,-6.1355870428904300E+000, 6.1355872285422350E+000, 1.8565180504026557E-007, 3.0070254933548597E+000,-3.0070257907740197E+000,-2.3147527495371323E+000, 2.3147527892225064E+000,-4.6587296599201471E+000, 4.6587298455719521E+000, 6.3107940330801071E-001,-6.3107940330801071E-001,-6.8291206761595957E-001, 6.8291206761595957E-001,-1.4768573829702829E+000, 1.4768573829702829E+000,1,1, 1.2234387113219949E+000, 5.4530962020184104E-001, 1.1523558183008935E+000, 1.0000000160612119E+000,-2.1442884122697392E+000,-2.1442883886705570E+000,5
36,-2.2222222222222221E-001,-5.5555555555555601E-002, 0.0000000000000000E+000,-3.1813935217910999E-001, 9.1838920310211056E-002, 0.0000000000000000E+000, 2.9532940372430634E+001, 5.9668071690741531E+000,-5.9668071246364311E+000, 4.4437721946621878E-008,-5.2849625662846540E+000, 5.2849624635929384E+000,-1.0269171557553136E-007, 1.3648836566141977E+001,-1.3648836429422312E+001, 1.3671966525574675E-007, 3.4002958884437771E+000,-3.4002958440060551E+000,-1.8326619202237600E+000, 1.8326618175320444E+000,-6.4188915711077521E-001, 6.4188929383044047E-001, 2.5665112806303760E+000,-2.5665112806303760E+000,-3.4523006460608938E+000, 3.4523006460608938E+000, 1.4290725723252752E+001,-1.4290725723252752E+001,1,1, 1.0563222027722794E+000, 3.6598544430960017E-001, 1.1407756264741602E+000, 1.0000000052442113E+000,-1.7799786058721250E+000,-1.7799785829345425E+000,5
1, 3.3333333333333331E-001, 0.0000000000000000E+000, 0.0000000000000000E+000, 4.7720902826866501E-001,-2.7551676093063343E-001, 0.0000000000000000E+000, 0.0000000000000000E+000, 5.5425602893592023E+000,-5.5425602476655254E+000, 4.1693676955389947E-008,-3.1999936409419014E+000, 3.1999935548148093E+000,-8.6127092124854698E-008,-1.0978660850382735E+001, 1.0978660474256458E+001,-3.7612627501459883E-007, 4.6097706003626371E+000,-4.6097705586689601E+000,-2.6614478160512016E+000, 2.6614477299241095E+000,-7.1144620079003689E+000, 7.1144616317740939E+000, 9.3278968899656545E-001,-9.3278968899656545E-001,-5.3854582489069958E-001, 5.3854582489069958E-001,-3.8641988424823648E+000, 3.8641988424823648E+000,1,1, 1.2409343137287920E+000, 5.3826363532290855E-001, 1.1508565486081768E+000, 1.0000000139513374E+000,-2.1733449843898049E+000,-2.1733449540590231E+000,6
2,-1.6666666666666660E-001, 0.0000000000000000E+000, 0.0000000000000000E+000,-2.3860451413433242E-001, 1.3775838046531666E-001, 0.0000000000000000E+000, 8.2655028279190024E-001, 1.3050530226186986E+001,-1.3050530682389379E+001,-4.5620239230714787E-007,-7.5347705538281797E+000, 7.5347709178244582E+000, 3.6399627800776102E-007, 1.4312315667072404E+001,-1.4312315780510627E+001,-1.1343822237108725E-007, 6.5156049391307276E+000,-6.5156053953331199E+000,-3.7617950042071526E+000, 3.7617953682034306E+000,-5.2503321992885787E+000, 5.2503320858503564E+000, 6.5349252870562591E+000,-6.5349252870562591E+000,-3.7729755496210275E+000, 3.7729755496210275E+000, 1.9562647866360983E+001,-1.9562647866360983E+001,1,1, 1.0285888344473766E+000, 3.3480502268782159E-001, 1.1387660188411999E+000, 1.0000000183245805E+000,-1.6045468352570595E+000,-1.6045468039713535E+000,6
3, 3.3333333333333331E-001, 5.5555555555555601E-002, 0.0000000000000000E+000, 4.7720902826866501E-001,-1.8367784062042219E-001, 0.0000000000000000E+000, 1.6112223618882626E+000, 4.4151672985141888E+000,-4.4151672157003343E+000, 8.2813853996555054E-008,-1.6518696006240605E+000, 1.6518695954560549E+000,-5.1680055790370716E-009,-6.1357189079142227E+000, 6.1357191383118392E+000, 2.3039761654075619E-007, 3.5081697830407212E+000,-3.5081697002268672E+000,-1.4467847732494372E+000, 1.4467847680814316E+000,-4.6587781404915676E+000, 4.6587783708891841E+000, 9.0699751547346719E-001,-9.0699751547346719E-001,-2.0508482737462330E-001, 2.0508482737462330E-001,-1.4769407674226553E+000, 1.4769407674226553E+000,1,1, 1.2234362672796371E+000, 5.4530868652856790E-001, 1.1523558985087008E+000, 1.0000000136767664E+000,-2.1442903426816553E+000,-2.1442903195220793E+000,6
4,-1.6666666666666660E-001, 5.5555555555555601E-002, 0.0000000000000000E+000,-2.3860451413433242E-001, 2.2959730077552787E-001, 0.0000000000000000E+000, 2.4377726446801629E+000, 7.5601213766994384E+000,-7.5601216636625184E+000,-2.8696307996511905E-007,-2.5248260240719835E+000, 2.5248261313418299E+000, 1.0726984633890879E-007, 1.3648835925599007E+001,-1.3648835504596157E+001, 4.2100285035928664E-007, 3.2872415033899545E+000,-3.2872417903530344E+000,-2.0283876978964464E+000, 2.0283878051662927E+000,-6.4182215760535610E-001, 6.4182257860820646E-001, 4.2728798733094839E+000,-4.2728798733094839E+000,-4.9643832617553729E-001, 4.9643832617553729E-001, 1.4290658083204363E+001,-1.4290658083204363E+001,1,1, 1.0563253116890792E+000, 3.6598786554273177E-001, 1.1407756011205266E+000, 1.0000000074113338E+000,-1.7799754116835098E+000,-1.7799753885030638E+000,6
5, 3.3333333333333331E-001, 1.1111111111111110E-001, 0.0000000000000000E+000, 4.7720902826866501E-001,-9.1838920310211153E-002, 0.0000000000000000E+000, 3.2224447237765252E+000, 1.4467357004229164E+000,-1.4467357112372854E+000,-1.0814368955891496E-008,-5.0541496274924580E-001, 5.0541493415787997E-001,-2.8591365830443749E-008, 3.5591988771857952E-001,-3.5591982159702912E-001, 6.6121550373887672E-008, 1.2313465732319824E+000,-1.2313465840463513E+000,-3.7889595664374781E-001, 3.7889592805238198E-001,-1.3733457806652496E-001, 1.3733464418807534E-001, 2.1538912719093414E-001,-2.1538912719093414E-001,-1.2651900610549796E-001, 1.2651900610549796E-001, 4.9325446578510446E-001,-4.9325446578510446E-001,1,1, 1.2552579980332723E+000, 6.1943074718318503E-001, 1.1543747905847610E+000, 1.0000000172020935E+000,-2.1762747686622550E+000,-2.1762747552021455E+000,6
6,-1.6666666666666660E-001, 1.1111111111111110E-001, 0.0000000000000000E+000,-2.3860451413433242E-001, 3.2143622108573894E-001, 0.0000000000000000E+000, 4.0489950065684255E+000, 1.6559409270267669E+000,-1.6559411064709770E+000,-1.7944421015769763E-007,-3.8600551035453179E-001, 3.8600549696854841E-001,-1.3385983377300903E-008, 5.4034298826508316E+000,-5.4034298167404167E+000, 6.5910414015490915E-008, 8.8867993757745978E-001,-8.8868011702166994E-001,-4.6265975114720831E-001, 4.6265973776122493E-001, 2.5496775007231220E+000,-2.5496774348127080E+000, 7.6726098944930710E-001,-7.6726098944930710E-001, 7.6654240792676520E-002,-7.6654240792676520E-002, 2.8537523819277091E+000,-2.8537523819277091E+000,1,1, 1.1379040519335888E+000, 5.2006230166127421E-001, 1.1466135612551169E+000, 1.0000000107055607E+000,-2.0021584100835508E+000,-2.0021583960362026E+000,6
7, 3.3333333333333331E-001, 1.6666666666666671E-001, 0.0000000000000000E+000, 4.7720902826866501E-001, 1.1102230246251565E-016, 0.0000000000000000E+000, 4.8336670856647874E+000, 1.1682761650950818E-005,-1.1747492779415683E-005,-6.4731128460865373E-008,-2.5348494176779979E-001, 2.5348489912321542E-001,-4.2644584349882386E-008, 1.7225743129575599E+000,-1.7225750182392436E+000,-7.0528168372163691E-007, 5.9085369295518164E-006,-5.9732680580126818E-006,-1.0714307196931645E-001, 1.0714302932473210E-001, 1.1718168916710900E+000,-1.1718175969527738E+000, 5.7742247213990016E-006,-5.7742247214030012E-006,-1.4634186979848332E-001, 1.4634186979848332E-001, 5.5075742128646987E-001,-5.5075742128646987E-001,1,1, 1.2946517962155015E+000, 6.5860225594106270E-001, 1.1556613774465014E+000, 1.0000000199322476E+000,-2.1909982452490677E+000,-2.1909982351007171E+000,6
8,-1.6666666666666660E-001, 1.6666666666666671E-001, 0.0000000000000000E+000,-2.3860451413433242E-001, 4.1327514139595023E-001, 0.0000000000000000E+000, 5.6602173684566877E+000, 2.1953470215835416E-001,-2.1953458485307742E-001, 1.1730527672837443E-007, 1.2674847768673586E-001,-1.2674849081405160E-001,-1.3127315755256941E-008, 1.7226192640213172E+000,-1.7226190519220328E+000, 2.1209928435794723E-007, 9.2793489561654507E-002,-9.2793372256377779E-002, 5.3574340563685624E-002,-5.3574353691001379E-002, 1.1718388365819055E+000,-1.1718386244826211E+000, 1.2674121259669965E-001,-1.2674121259669965E-001, 7.3174137123050223E-002,-7.3174137123050223E-002, 5.5078042743941158E-001,-5.5078042743941158E-001,1,1, 1.2946526988187137E+000, 6.5860162610673612E-001, 1.1556611574027766E+000, 1.0000000106665108E+000,-2.1909956540930788E+000,-2.1909956432472053E+000,6
9, 3.3333333333333331E-001, 2.2222222222222221E-001, 0.0000000000000000E+000, 4.7720902826866501E-001, 9.1838920310211125E-002, 0.0000000000000000E+000, 6.4448894475530496E+000,-1.4466966460677488E+000, 1.4466971433791864E+000, 4.9731143758613428E-007,-5.0540549533194923E-001, 5.0540583789695903E-001, 3.4256500980323068E-007, 3.5595269879931291E-001,-3.5595230726893334E-001, 3.9153037958983283E-007,-1.2313295358828573E+000, 1.2313300331942949E+000,-3.7889013830410606E-001, 3.7889048086911586E-001,-1.3730801646799487E-001, 1.3730840799837446E-001,-2.1536711018489149E-001, 2.1536711018489149E-001,-1.2651535702784314E-001, 1.2651535702784311E-001, 4.9326071526730780E-001,-4.9326071526730780E-001,1,1, 1.2552599332897154E+000, 6.1943124630246826E-001, 1.1543747935000537E+000, 1.0000000245549017E+000,-2.1762745382642406E+000,-2.1762745240033183E+000,6
10,-1.6666666666666660E-001, 2.2222222222222221E-001, 0.0000000000000000E+000,-2.3860451413433242E-001, 5.0511406170616124E-001, 0.0000000000000000E+000, 7.2714397303449498E+000,-1.6953951237287262E-001, 1.6953959281624159E-001, 8.0443368966065520E-008, 3.1838462600596285E-001,-3.1838465591846310E-001,-2.9912500254525298E-008, 3.0060521258540829E-001,-3.0060520817312097E-001, 4.4122872994156737E-009,-1.9787842276133089E-001, 1.9787850320469985E-001, 2.7661317613873537E-001,-2.7661320605123563E-001, 9.8202777722822571E-002,-9.8202773310535271E-002, 2.8338910388458271E-002,-2.8338910388458271E-002, 4.1771449867227493E-002,-4.1771449867227493E-002, 2.0240243486258572E-001,-2.0240243486258572E-001,1,1, 1.3977827967958940E+000, 7.3280135576978533E-001, 1.1609672367308117E+000, 1.0000000166407146E+000,-2.3792320633125534E+000,-2.3792320519257988E+000,6
11, 3.3333333333333331E-001, 2.7777777777777779E-001, 0.0000000000000000E+000, 4.7720902826866501E-001, 1.8367784062042236E-001, 0.0000000000000000E+000, 8.0561118094413118E+000,-4.4151135876635053E+000, 4.4151131317728201E+000,-4.5589068564666491E-007,-1.6518491017315984E+000, 1.6518489621644106E+000,-1.3956718780683275E-007,-6.1356404359581491E+000, 6.1356397662275706E+000,-6.6973057855079787E-007,-3.5081590341440112E+000, 3.5081585782533256E+000,-1.4467802497045814E+000, 1.4467801101373936E+000,-4.6587347487551298E+000, 4.6587340790245513E+000,-9.0695455351949417E-001, 9.0695455351949417E-001,-2.0506885202701705E-001, 2.0506885202701705E-001,-1.4769056872030195E+000, 1.4769056872030195E+000,1,1, 1.2234380131257945E+000, 5.4530895751799613E-001, 1.1523559946019863E+000, 1.0000000250373635E+000,-2.1442903580750725E+000,-2.1442903340838759E+000,6
12,-1.6666666666666660E-001, 2.7777777777777779E-001, 0.0000000000000000E+000,-2.3860451413433242E-001, 5.9695298201637248E-001, 0.0000000000000000E+000, 8.8826620922332111E+000,-2.7283947051739232E-001, 2.7283958445251211E-001, 1.1393511978319282E-007, 4.8312515952342072E-001,-4.8312511767024641E-001, 4.1853174315154007E-008,-2.5298462229408930E-001, 2.5298460751448398E-001,-1.4779605317372102E-008,-2.8326827738584415E-001, 2.8326839132096393E-001, 4.4490840171161528E-001,-4.4490835985844096E-001,-4.7643347295106309E-001, 4.7643345817145777E-001, 1.0428806868451835E-002,-1.0428806868451835E-002, 3.8216757811805467E-002,-3.8216757811805467E-002, 2.2344885065697379E-001,-2.2344885065697379E-001,1,1, 1.3597938931292046E+000, 7.6163791786938184E-001, 1.1593483236622919E+000, 1.0000000051705082E+000,-2.5816944161741686E+000,-2.5816944033903066E+000,6
13, 3.3333333333333331E-001, 3.3333333333333331E-001, 0.0000000000000000E+000, 4.7720902826866501E-001, 2.7551676093063343E-001, 0.0000000000000000E+000, 9.6673341713295731E+000,-5.5425604337751402E+000, 5.5425602070924151E+000,-2.2668272503523212E-007,-3.1999987799338827E+000, 3.1999987081973877E+000,-7.1736494522411931E-008,-1.0978679869074174E+001, 1.0978679448567602E+001,-4.2050657178549500E-007,-4.6097828347598018E+000, 4.6097826080770767E+000,-2.6614593754332416E+000, 2.6614593036967471E+000,-7.1144559126322253E+000, 7.1144554921256535E+000,-9.3277759901533830E-001, 9.3277759901533830E-001,-5.3853940450064086E-001, 5.3853940450064086E-001,-3.8642239564419487E+000, 3.8642239564419487E+000,1,1, 1.2409345810252992E+000, 5.3826280388327585E-001, 1.1508566719730664E+000, 1.0000000138433669E+000,-2.1733457421633839E+000,-2.1733457113231807E+000,6
14,-1.6666666666666660E-001, 3.3333333333333331E-001, 0.0000000000000000E+000,-2.3860451413433242E-001, 6.8879190232658349E-001, 0.0000000000000000E+000, 1.0493884454121474E+001,-2.3469057843887661E-001, 2.3469067495770427E-001, 9.6518827652491979E-008, 6.6260019002307768E-001,-6.6260022757575843E-001,-3.7552680742791722E-008, 4.6911125205406190E-002,-4.6911333232754426E-002,-2.0802734823632818E-007,-2.5795514741458880E-001, 2.5795524393341646E-001, 6.1044863537907734E-001,-6.1044867293175809E-001,-7.2517508046578194E-001, 7.2517487243843370E-001, 2.3264568975712187E-002,-2.3264568975712191E-002, 5.2151554644000300E-002,-5.2151554644000300E-002, 7.7208620567118813E-001,-7.7208620567118813E-001,1,1, 1.2073621784438036E+000, 7.5379236280214912E-001, 1.1518546466766404E+000, 1.0000000043161421E+000,-2.7726262785985787E+000,-2.7726262653942264E+000,6
15, 3.3333333333333331E-001, 3.8888888888888890E-001, 0.0000000000000000E+000, 4.7720902826866501E-001, 3.6735568124084467E-001, 0.0000000000000000E+000, 1.1278556533217836E+001,-3.1247185560661679E+000, 3.1247187419592448E+000, 1.8589307737570948E-007,-2.7510620350237538E+000, 2.7510622562169034E+000, 2.2119314957436131E-007,-5.6283169206249593E+000, 5.6283172015039700E+000, 2.8087901071671695E-007,-2.6901609596427618E+000, 2.6901611455358392E+000,-2.1488924376813534E+000, 2.1488926588745030E+000,-3.7787026053276591E+000, 3.7787028862066698E+000,-4.3455759642340586E-001, 4.3455759642340586E-001,-6.0216959734240028E-001, 6.0216959734240028E-001,-1.8496143152973001E+000, 1.8496143152973001E+000,1,1, 1.2501871293555973E+000, 6.0293965247852654E-001, 1.1487019846295701E+000, 1.0000000165584841E+000,-2.3334684021174312E+000,-2.3334683757331240E+000,6
16,-1.6666666666666660E-001, 3.8888888888888890E-001, 0.0000000000000000E+000,-2.3860451413433242E-001, 7.8063082263679473E-001, 0.0000000000000000E+000, 1.2105106816009737E+001,-9.6318043947620099E-002, 9.6318212123076022E-002, 1.6817545592240357E-007, 8.3271524662421093E-001,-8.3271537877809221E-001,-1.3215388128262617E-007, 1.6548772710216850E+000,-1.6548775486873337E+000,-2.7766564880682409E-007,-1.1749732601083325E-001, 1.1749749418628917E-001, 7.4685863167756883E-001,-7.4685876383145011E-001,-6.1243579360788847E-001, 6.1243551594223966E-001, 2.1179282063213151E-002,-2.1179282063213151E-002, 8.5856614946642110E-002,-8.5856614946642110E-002, 2.2673130646295734E+000,-2.2673130646295734E+000,1,1, 1.0685941846447635E+000, 7.2417993449780604E-001, 1.1438902416017913E+000, 1.0000000079838767E+000,-2.8965225882632368E+000,-2.8965225764923690E+000,6
17, 3.3333333333333331E-001, 4.4444444444444442E-001, 0.0000000000000000E+000, 4.7720902826866501E-001, 4.5919460155105568E-001, 0.0000000000000000E+000, 1.2889778895106099E+001,-1.2808611731540660E+000, 1.2808611417206832E+000,-3.1433382785550634E-008,-1.4467920058168160E+000, 1.4467921259182643E+000, 1.2010144834206926E-007,-8.4177254989579897E-001, 8.4177254464465745E-001,-5.2511415216116575E-009,-1.1285816618308802E+000, 1.1285816303974974E+000,-1.2036390365770151E+000, 1.2036391566784634E+000,-1.1177262546983446E+000, 1.1177262494472031E+000,-1.5227951132318579E-001, 1.5227951132318579E-001,-2.4315296923980095E-001, 2.4315296923980095E-001, 2.7595370480254566E-001,-2.7595370480254566E-001,1,1, 1.2541511526795235E+000, 6.8716136897475388E-001, 1.1493994513524284E+000, 1.0000000080322613E+000,-2.5548659365768458E+000,-2.5548659179677946E+000,6
18,-1.6666666666666660E-001, 4.4444444444444442E-001, 0.0000000000000000E+000,-2.3860451413433242E-001, 8.7246974294700574E-001, 0.0000000000000000E+000, 1.3716329177898000E+001, 9.6353447915654630E-002,-9.6353606624127841E-002,-1.5870847321075576E-007, 8.3272192143777590E-001,-8.3272205030669666E-001,-1.2886892075680834E-007, 1.6548741597923744E+000,-1.6548742700620740E+000,-1.1026969937155684E-007, 1.1752064338634553E-001,-1.1752080209481874E-001, 7.4686268189820360E-001,-7.4686281076712435E-001,-6.1244696863302728E-001, 6.1244685836332791E-001,-2.1167195470690899E-002, 2.1167195470690899E-002, 8.5859239539572321E-002,-8.5859239539572321E-002, 2.2673211284254018E+000,-2.2673211284254018E+000,1,1, 1.0685928826242499E+000, 7.2417964542403412E-001, 1.1438903126537265E+000, 1.0000000030578082E+000,-2.8965230555303423E+000,-2.8965230441971475E+000,6
19, 3.3333333333333331E-001, 5.0000000000000000E-001, 0.0000000000000000E+000, 4.7720902826866501E-001, 5.5103352186126697E-001, 0.0000000000000000E+000, 1.4501001256994362E+001,-4.5647531598767016E-001, 4.5647524087762831E-001,-7.5110041852788356E-008,-5.3455095419168097E-001, 5.3455106385505446E-001, 1.0966337349316291E-007, 4.6897941826562262E-002,-4.6898108881739842E-002,-1.6705517758008881E-007,-3.9967997810761979E-001, 3.9967990299757794E-001,-5.2862478418346515E-001, 5.2862489384683864E-001,-7.2518244635001450E-001, 7.2518227929483692E-001,-5.6795337880050388E-002, 5.6795337880050388E-002,-5.9261700082157889E-003, 5.9261700082157889E-003, 7.7208038817657676E-001,-7.7208038817657676E-001,1,1, 1.2073619309088395E+000, 7.5379254040948040E-001, 1.1518550590361796E+000, 1.0000000050241404E+000,-2.7726260455613501E+000,-2.7726260326923358E+000,6
20,-1.6666666666666660E-001, 5.0000000000000000E-001, 0.0000000000000000E+000,-2.3860451413433242E-001, 9.6430866325721698E-001, 0.0000000000000000E+000, 1.5327551539786263E+001, 2.3471034670150315E-001,-2.3471029428191159E-001, 5.2419591556329692E-008, 6.6261033747792375E-001,-6.6261040433533380E-001,-6.6857410052634236E-008, 4.6891445473764226E-002,-4.6891165507390364E-002, 2.7996637386173973E-007, 2.5796984919810889E-001,-2.5796979677851734E-001, 6.1045547929900668E-001,-6.1045554615641673E-001,-7.2519657840171803E-001, 7.2519685836809189E-001,-2.3259502496605747E-002, 2.3259502496605747E-002, 5.2154858178917123E-002,-5.2154858178917123E-002, 7.7208802387548225E-001,-7.7208802387548225E-001,1,1, 1.2073590747568828E+000, 7.5379205332557053E-001, 1.1518548199668557E+000, 1.0000000110457912E+000,-2.7726274324592239E+000,-2.7726274203029497E+000,6
21, 3.3333333333333331E-001,-4.4444444444444442E-001, 0.0000000000000000E+000, 4.7720902826866501E-001,-1.0102281234123225E+000, 0.0000000000000000E+000, 1.7427833556420886E+001,-1.0124673555955641E-001, 1.0124673445194235E-001,-1.1076140699062265E-009,-8.6718732204084686E-002, 8.6719005008105393E-002, 2.7280402070672949E-007,-2.9201203633881732E+000, 2.9201203660097033E+000, 2.6215301041077055E-009,-6.5950019068291579E-002, 6.5950017960677509E-002,-1.4191408171668940E-001, 1.4191435452071011E-001,-3.5824896972860025E+000, 3.5824896999075326E+000,-3.5296716491264833E-002, 3.5296716491264833E-002, 5.5195349512604713E-002,-5.5195349512604713E-002, 6.6236933389782926E-001,-6.6236933389782926E-001,1,1, 1.0421934163088409E+000, 7.9586682829392874E-001, 1.1527337964693498E+000, 1.0000000163228433E+000,-2.9660598960851985E+000,-2.9660598872862698E+000,6
22,-1.6666666666666660E-001,-4.4444444444444442E-001, 0.0000000000000000E+000,-2.3860451413433242E-001,-5.9695298201637248E-001, 0.0000000000000000E+000, 1.8254383839212785E+001, 2.7285110728489737E-001,-2.7285114062369431E-001,-3.3338796945336924E-008, 4.8313327539368867E-001,-4.8313328624090246E-001,-1.0847213793852006E-008,-2.5300902162883021E-001, 2.5300922107718515E-001, 1.9944835494278834E-007, 2.8327720175859555E-001,-2.8327723509739250E-001, 4.4491421911297802E-001,-4.4491422996019181E-001,-4.7645408262987371E-001, 4.7645428207822865E-001,-1.0426094473698208E-002, 1.0426094473698208E-002, 3.8219056280710650E-002,-3.8219056280710650E-002, 2.2344506100104353E-001,-2.2344506100104353E-001,1,1, 1.3597907226068831E+000, 7.6163793205767905E-001, 1.1593485960377519E+000, 1.0000000171768306E+000,-2.5816959693667316E+000,-2.5816959577269305E+000,6
23, 3.3333333333333331E-001,-3.8888888888888878E-001, 0.0000000000000000E+000, 4.7720902826866501E-001,-9.1838920310211125E-001, 0.0000000000000000E+000, 1.9039055918309149E+001, 8.3662023783547673E-002,-8.3661770286247300E-002, 2.5349730037316220E-007, 3.0329218748106634E-002,-3.0328642747959513E-002, 5.7600014711969155E-007,-1.2756547722294105E+001, 1.2756547465077347E+001,-2.5721675811496425E-007, 9.8554676385212370E-002,-9.8554422887911997E-002, 6.3580150328819965E-003,-6.3574390327348768E-003,-1.3232512859872422E+001, 1.3232512602655664E+001,-1.4892652601664698E-002, 1.4892652601664698E-002, 2.3971203715224636E-002,-2.3971203715224636E-002, 4.7596513757831654E-001,-4.7596513757831654E-001,1,1, 8.2936953502368560E-001, 8.2116696452836502E-001, 1.1502160638794598E+000, 1.0000000183926636E+000,-3.1165499898138438E+000,-3.1165499850268645E+000,6
24,-1.6666666666666660E-001,-3.8888888888888878E-001, 0.0000000000000000E+000,-2.3860451413433242E-001,-5.0511406170616124E-001, 0.0000000000000000E+000, 1.9865606201101048E+001, 1.6954967479094019E-001,-1.6954943621940088E-001, 2.3857153927386854E-007, 3.1839084055246064E-001,-3.1839077892514467E-001, 6.1627315972589969E-008, 3.0057754046206747E-001,-3.0057760085477930E-001,-6.0392711845325131E-008, 1.9788530507267055E-001,-1.9788506650113127E-001, 2.7661758669235220E-001,-2.7661752506503623E-001, 9.8183047788518565E-002,-9.8183108181230411E-002,-2.8335630281730376E-002, 2.8335630281730376E-002, 4.1773253860108425E-002,-4.1773253860108425E-002, 2.0239449267354889E-001,-2.0239449267354889E-001,1,1, 1.3977810584626216E+000, 7.3280168792226785E-001, 1.1609675540160991E+000, 1.0000000060223166E+000,-2.3792340221909720E+000,-2.3792340119265463E+000,6
25, 3.3333333333333331E-001,-3.3333333333333343E-001, 0.0000000000000000E+000, 4.7720902826866501E-001,-8.2655028279190046E-001, 0.0000000000000000E+000, 2.0650278280197412E+001, 2.0419892631739201E-005,-1.9556863528712919E-005, 8.6302910302629894E-007, 1.1664287851821164E-005,-1.0398907397488741E-005, 1.2653804543323946E-006,-2.3019122115028473E+001, 2.3019122664914430E+001, 5.4988595721283673E-007, 1.9716464705919564E-005,-1.8853435602893265E-005, 1.1258158023973348E-005,-9.9927775696409538E-006,-2.3650672369064310E+001, 2.3650672918950267E+001, 7.0342792581963756E-007,-7.0342792581965270E-007, 4.0612982784781561E-007,-4.0612982784778739E-007, 6.3155025403583831E-001,-6.3155025403583831E-001,1,1, 7.2622276258773066E-001, 8.3215185034040096E-001, 1.1475261121074631E+000, 1.0000000111773248E+000,-3.1791525913480423E+000,-3.1791525912199932E+000,6
26,-1.6666666666666660E-001,-3.3333333333333343E-001, 0.0000000000000000E+000,-2.3860451413433242E-001,-4.1327514139595045E-001, 0.0000000000000000E+000, 2.1476828562989311E+001,-2.1951894977463549E-001, 2.1951893919411103E-001,-1.0580524484327114E-008, 1.2675264834115246E-001,-1.2675266084819492E-001,-1.2507042471132657E-008, 1.7225736662736892E+000,-1.7225735641839162E+000, 1.0208977307968325E-007,-9.2786022867857934E-002, 9.2786012287333450E-002, 5.3576762193898626E-002,-5.3576774700941097E-002, 1.1718166123989067E+000,-1.1718165103091336E+000,-1.2673292690677757E-001, 1.2673292690677757E-001, 7.3175886147253830E-002,-7.3175886147253830E-002, 5.5075705387478258E-001,-5.5075705387478258E-001,1,1, 1.2946517962494539E+000, 6.5860224394475364E-001, 1.1556614233853566E+000, 1.0000000071014865E+000,-2.1909982452020298E+000,-2.1909982351001407E+000,6
27, 3.3333333333333331E-001,-2.7777777777777779E-001, 0.0000000000000000E+000, 4.7720902826866501E-001,-7.3471136248168922E-001, 0.0000000000000000E+000, 2.2261500642085675E+001,-8.3635202939294440E-002, 8.3635086640120565E-002,-1.1629917388844557E-007, 3.0338238078511961E-002,-3.0337851509285699E-002, 3.8656922626140178E-007,-1.2756550675314397E+001, 1.2756550599556078E+001,-7.5758318729413077E-008,-9.8529339330631960E-002, 9.8529223031458071E-002, 6.3658752826557807E-003,-6.3654887134295193E-003,-1.3232520709317022E+001, 1.3232520633558703E+001, 1.4894136391337513E-002,-1.4894136391337513E-002, 2.3972362795856180E-002,-2.3972362795856180E-002, 4.7597003400262572E-001,-4.7597003400262572E-001,1,1, 8.2936889242541678E-001, 8.2116659778427181E-001, 1.1502157783052414E+000, 1.0000000094582500E+000,-3.1165507064118261E+000,-3.1165507015444991E+000,6
28,-1.6666666666666660E-001,-2.7777777777777779E-001, 0.0000000000000000E+000,-2.3860451413433242E-001,-3.2143622108573910E-001, 0.0000000000000000E+000, 2.3088050924877574E+001,-1.6559029341909823E+000, 1.6559028445315658E+000,-8.9659416557807958E-008,-3.8600686727304917E-001, 3.8600690813673688E-001, 4.0863687711389929E-008, 5.4033212547474347E+000,-5.4033212385291476E+000, 1.6218287157698796E-008,-8.8867220663856639E-001, 8.8867211697914983E-001,-4.6266163280385370E-001, 4.6266167366754141E-001, 2.5496655617926169E+000,-2.5496655455743298E+000,-7.6723072755241595E-001, 7.6723072755241595E-001, 7.6654765530804525E-002,-7.6654765530804525E-002, 2.8536556929548178E+000,-2.8536556929548178E+000,1,1, 1.1379023025671424E+000, 5.2006255480420072E-001, 1.1466137380435892E+000, 1.0000000123719588E+000,-2.0021619433329478E+000,-2.0021619294005690E+000,6
29, 3.3333333333333331E-001,-2.2222222222222221E-001, 0.0000000000000000E+000, 4.7720902826866501E-001,-6.4287244217147799E-001, 0.0000000000000000E+000, 2.3872723003973938E+001, 1.0126100458430966E-001,-1.0126089214573673E-001, 1.1243857292453363E-007,-8.6711774254217056E-002, 8.6711376962402636E-002,-3.9729181441905403E-007,-2.9200952452123401E+000, 2.9200948525871580E+000,-3.9262518214400188E-007, 6.5962955884711322E-002,-6.5962843446138397E-002,-1.4190738834025754E-001, 1.4190699104844312E-001,-3.5824728784468216E+000, 3.5824724858216395E+000, 3.5298048699598336E-002,-3.5298048699598336E-002, 5.5195614086040491E-002,-5.5195614086040491E-002, 6.6237763323448151E-001,-6.6237763323448151E-001,1,1, 1.0421930977468490E+000, 7.9586643527805268E-001, 1.1527333767791510E+000, 1.0000000152178814E+000,-2.9660606619152636E+000,-2.9660606527948072E+000,6
30,-1.6666666666666660E-001,-2.2222222222222221E-001, 0.0000000000000000E+000,-2.3860451413433242E-001,-2.2959730077552790E-001, 0.0000000000000000E+000, 2.4699273286765838E+001,-7.5601681823148592E+000, 7.5601693155258118E+000, 1.1332109526307477E-006,-2.5248550416893760E+000, 2.5248559984766303E+000, 9.5678725431369571E-007, 1.3648849937812415E+001,-1.3648847791027210E+001, 2.1467852050482961E-006,-3.2872596511898178E+000, 3.2872607844007704E+000,-2.0284042534479254E+000, 2.0284052102351797E+000,-6.4182829464689550E-001, 6.4183044143210055E-001,-4.2729085311250410E+000, 4.2729085311250410E+000,-4.9645078824145056E-001, 4.9645078824145056E-001, 1.4290678232459310E+001,-1.4290678232459310E+001,1,1, 1.0563218473645990E+000, 3.6598552867088868E-001, 1.1407756252695307E+000, 1.0000000019781392E+000,-1.7799797245106341E+000,-1.7799797011145857E+000,6
31, 3.3333333333333331E-001,-1.6666666666666660E-001, 0.0000000000000000E+000, 4.7720902826866501E-001,-5.5103352186126675E-001, 0.0000000000000000E+000, 2.5483945365862201E+001, 4.5648340271817317E-001,-4.5648336932677780E-001, 3.3391395370951926E-008,-5.3454777090680938E-001, 5.3454782778457155E-001, 5.6877762166784862E-008, 4.6912017298758490E-002,-4.6911506020296478E-002, 5.1127846201204363E-007, 3.9968656003933251E-001,-3.9968652664793713E-001,-5.2861977365983792E-001, 5.2861983053760009E-001,-7.2517435230234972E-001, 7.2517486358081173E-001, 5.6796842678840651E-002,-5.6796842678840651E-002,-5.9279972469714372E-003, 5.9279972469714372E-003, 7.7208636960110821E-001,-7.7208636960110821E-001,1,1, 1.2073621784916133E+000, 7.5379235781623699E-001, 1.1518546472840985E+000, 1.0000000165357761E+000,-2.7726262785708045E+000,-2.7726262654419171E+000,6
32,-1.6666666666666660E-001,-1.6666666666666660E-001, 0.0000000000000000E+000,-2.3860451413433242E-001,-1.3775838046531666E-001, 0.0000000000000000E+000, 2.6310495648654101E+001,-1.3050668114991597E+001, 1.3050667753002681E+001,-3.6198891528727017E-007,-7.5348072719183854E+000, 7.5348071302573816E+000,-1.4166100381629576E-007, 1.4312558857127659E+001,-1.4312561002102136E+001,-2.1449744780355218E-006,-6.5156607232756043E+000, 6.5156603612866890E+000,-3.7618187224844215E+000, 3.7618185808234177E+000,-5.2504158856105727E+000, 5.2504137406360947E+000,-6.5350073917159923E+000, 6.5350073917159923E+000,-3.7729885494339639E+000, 3.7729885494339639E+000, 1.9562974742738231E+001,-1.9562974742738231E+001,1,1, 1.0285852987723452E+000, 3.3480240923286353E-001, 1.1387660026268922E+000, 1.0000000104387985E+000,-1.6045503092094213E+000,-1.6045502779358838E+000,6
33, 3.3333333333333331E-001,-1.1111111111111120E-001, 0.0000000000000000E+000, 4.7720902826866501E-001,-4.5919460155105585E-001, 0.0000000000000000E+000, 2.7095167727750464E+001, 1.2808647806009605E+000,-1.2808647489073850E+000, 3.1693575541780206E-008,-1.4467876192626685E+000, 1.4467877294609170E+000, 1.1019824852631643E-007,-8.4177378862835617E-001, 8.4177397136114240E-001, 1.8273278623581746E-007, 1.1285832918949423E+000,-1.1285832602013668E+000,-1.2036322973132672E+000, 1.2036324075115157E+000,-1.1177300412513986E+000, 1.1177302239841849E+000, 1.5228148870601829E-001,-1.5228148870601829E-001,-2.4315532194940137E-001, 2.4315532194940137E-001, 2.7595625262304246E-001,-2.7595625262304246E-001,1,1, 1.2541517173340706E+000, 6.8716167863756261E-001, 1.1493991263391279E+000, 1.0000000124853259E+000,-2.5548653752137689E+000,-2.5548653566398905E+000,6
34,-1.6666666666666660E-001,-1.1111111111111120E-001, 0.0000000000000000E+000,-2.3860451413433242E-001,-4.5919460155105785E-002, 0.0000000000000000E+000, 2.7921718010542364E+001,-6.8291927716166878E+000, 6.8291927171547702E+000,-5.4461918086445849E-008,-6.8467023895472803E+000, 6.8467023545165571E+000,-3.5030723211093573E-008, 2.8676404797075175E+001,-2.8676405101080135E+001,-3.0400496076055106E-007,-2.6631778734270974E+000, 2.6631778189651794E+000,-9.3873138172297843E-001, 9.3873134669225522E-001, 2.4143464287052332E+000,-2.4143467327101940E+000,-4.1660148981895908E+000, 4.1660148981895908E+000,-5.9079710078243020E+000, 5.9079710078243020E+000, 2.6262058368369942E+001,-2.6262058368369942E+001,1,1, 9.1875096774009979E-001, 3.4799740008062963E-001, 1.1351019461955418E+000, 1.0000000159633968E+000,-1.6052898282144090E+000,-1.6052897999756959E+000,6
35, 3.3333333333333331E-001,-5.5555555555555601E-002, 0.0000000000000000E+000, 4.7720902826866501E-001,-3.6735568124084467E-001, 0.0000000000000000E+000, 2.8706390089638727E+001, 3.1247128617482418E+000,-3.1247127788553120E+000, 8.2892929853528585E-008,-2.7510475713575948E+000, 2.7510475065276569E+000,-6.4829937862498355E-008,-5.6282958651980994E+000, 5.6282958670269387E+000, 1.8288388581311210E-009, 2.6901545603262376E+000,-2.6901544774333077E+000,-2.1488798683695371E+000, 2.1488798035395993E+000,-3.7787043518872623E+000, 3.7787043537161011E+000, 4.3455830142200436E-001,-4.3455830142200436E-001,-6.0216770298805788E-001, 6.0216770298805788E-001,-1.8495915133108376E+000, 1.8495915133108376E+000,1,1, 1.2501877911310464E+000, 6.0294062722178299E-001, 1.1487017714706447E+000, 1.0000000152566353E+000,-2.3334673184974126E+000,-2.3334672923649604E+000,6
36,-1.6666666666666660E-001,-5.5555555555555601E-002, 0.0000000000000000E+000,-2.3860451413433242E-001, 4.5919460155105438E-002, 0.0000000000000000E+000, 2.9532940372430627E+001, 6.8293390397001126E+000,-6.8293395499302632E+000,-5.1023015101847591E-007,-6.8467404293166343E+000, 6.8467407689837145E+000, 3.3966708001820223E-007, 2.8676188900141671E+001,-2.8676188877582987E+001, 2.2558686030293984E-008, 2.6632003300396856E+000,-2.6632008402698366E+000,-9.3874237768418956E-001, 9.3874271735126957E-001, 2.4142905585675485E+000,-2.4142905360088625E+000, 4.1661387096604265E+000,-4.1661387096604265E+000,-5.9079980516324451E+000, 5.9079980516324451E+000, 2.6261898341574124E+001,-2.6261898341574124E+001,1,1, 9.1875247071926291E-001, 3.4799792615478803E-001, 1.1351019620034872E+000, 1.0000000146841102E+000,-1.6052885486080266E+000,-1.6052885204174219E+000,6
1, 3.8888888888888890E-001, 0.0000000000000000E+000, 0.0000000000000000E+000, 5.5674386631344253E-001,-3.2143622108573905E-001, 0.0000000000000000E+000, 0.0000000000000000E+000, 4.1688965112930978E+000,-4.1688965104479863E+000, 8.4511198039649571E-010,-2.4069089980254170E+000, 2.4069089104418779E+000,-8.7583539087887630E-008,-6.8192531604596773E+000, 6.8192531364069087E+000,-2.4052768665683288E-008, 3.6999685601467238E+000,-3.6999685593016118E+000,-2.1361741848783278E+000, 2.1361740972947887E+000,-4.3167962343262767E+000, 4.3167962102735080E+000, 4.6892795114637420E-001,-4.6892795114637420E-001,-2.7073481314708925E-001, 2.7073481314708925E-001,-2.5024569261334002E+000, 2.5024569261334002E+000,1,1, 1.2789420130710791E+000, 6.0094609471683835E-001, 1.1452945278422861E+000, 1.0000000131653202E+000,-2.3455657337737597E+000,-2.3455657012471991E+000,7
2,-1.1111111111111120E-001, 0.0000000000000000E+000, 0.0000000000000000E+000,-1.5906967608955513E-001, 9.1838920310211222E-002, 0.0000000000000000E+000, 8.2655028279190057E-001, 1.9420168514665519E+001,-1.9420168491976810E+001, 2.2688710465956774E-008,-1.1212270527351345E+001, 1.1212270727864135E+001, 2.0051279037147651E-007, 1.6511718528296107E+001,-1.6511718601270562E+001,-7.2974457587804409E-008, 6.5411056751400141E+000,-6.5411056524513036E+000,-3.7765233513188092E+000, 3.7765235518315996E+000, 1.0403537756908037E+000,-1.0403538486652613E+000, 1.2879062839525506E+001,-1.2879062839525506E+001,-7.4357471760325353E+000, 7.4357471760325353E+000, 1.5471364752605302E+001,-1.5471364752605302E+001,1,1, 8.3815532015900596E-001, 3.8063966083267031E-001, 1.1373440624147395E+000, 1.0000000101033650E+000,-1.4460165171356132E+000,-1.4460164826898727E+000,7
3, 3.8888888888888890E-001, 5.5555555555555601E-002, 0.0000000000000000E+000, 5.5674386631344253E-001,-2.2959730077552781E-001, 0.0000000000000000E+000, 1.6112223618882631E+000, 3.9448806928252109E+000,-3.9448808612183761E+000,-1.6839316518968417E-007,-1.3305613649019499E+000, 1.3305613887098193E+000, 2.3807869453662533E-008,-5.6283810052938463E+000, 5.6283812417280421E+000, 2.3643419533314614E-007, 3.2060817622843754E+000,-3.2060819306775405E+000,-1.2553019046296852E+000, 1.2553019284375546E+000,-3.7787399042581051E+000, 3.7787401406923005E+000, 7.3879893054083579E-001,-7.3879893054083579E-001,-7.5259460272264669E-002, 7.5259460272264669E-002,-1.8496411010357416E+000, 1.8496411010357416E+000,1,1, 1.2501853709663173E+000, 6.0293970014304410E-001, 1.1487018103395417E+000, 1.0000000182685087E+000,-2.3334688263971719E+000,-2.3334688006476068E+000,7
4,-1.1111111111111120E-001, 5.5555555555555601E-002, 0.0000000000000000E+000,-1.5906967608955513E-001, 1.8367784062042244E-001, 0.0000000000000000E+000, 2.4377726446801637E+000, 9.3436869781098828E+000,-9.3436870539120971E+000,-7.5802215171449916E-008,-2.4908794713875948E+000, 2.4908793380886283E+000,-1.3329896653146989E-007, 2.8675315648951667E+001,-2.8675316678614486E+001,-1.0296628167871802E-006, 2.1445041066841526E+000,-2.1445041824863678E+000,-1.8369930738837266E+000, 1.8369929405847600E+000, 2.4143628405906421E+000,-2.4143638702534589E+000, 7.1991828714257293E+000,-7.1991828714257293E+000,-6.5388639750386812E-001, 6.5388639750386812E-001, 2.6260952808361026E+001,-2.6260952808361026E+001,1,1, 9.1875764533629156E-001, 3.4800266529279200E-001, 1.1351020284947910E+000, 1.0000000187096034E+000,-1.6052841290129141E+000,-1.6052841007430352E+000,7
5, 3.8888888888888890E-001, 1.1111111111111110E-001, 0.0000000000000000E+000, 5.5674386631344253E-001,-1.3775838046531677E-001, 0.0000000000000000E+000, 3.2224447237765261E+000, 1.6990644906015540E+000,-1.6990645871461141E+000,-9.6544560124200984E-008,-3.3203124844954424E-001, 3.3203126126235738E-001, 1.2812813143803226E-008,-1.2062120675280261E+000, 1.2062120073305969E+000,-6.0197429263553204E-008, 1.4654840361802295E+000,-1.4654841327247896E+000,-3.1500137386911409E-001, 3.1500138668192723E-001,-1.1496866075607004E+000, 1.1496865473632711E+000, 2.3358045442132450E-001,-2.3358045442132444E-001,-1.7029874580430142E-002, 1.7029874580430142E-002,-5.6525459967325789E-002, 5.6525459967325789E-002,1,1, 1.2924019326959293E+000, 6.7261624615370308E-001, 1.1552759228059390E+000, 1.0000000114982150E+000,-2.3665398957070374E+000,-2.3665398800530806E+000,7
6,-1.1111111111111120E-001, 1.1111111111111110E-001, 0.0000000000000000E+000,-1.5906967608955513E-001, 2.7551676093063349E-001, 0.0000000000000000E+000, 4.0489950065684264E+000, 3.5802344244306488E+000,-3.5802344089777054E+000, 1.5452943258331686E-008, 2.0670491521864847E+000,-2.0670493825040759E+000,-2.3031759127656315E-007, 2.1687470479526144E+001,-2.1687470781625926E+001,-3.0209977897044382E-007, 5.5262998901801985E-001,-5.5262997356507659E-001, 3.1906088432458968E-001,-3.1906111464218095E-001, 5.8904273789962476E+000,-5.8904276810960265E+000, 3.0276044354126288E+000,-3.0276044354126288E+000, 1.7479882678618948E+000,-1.7479882678618948E+000, 1.5797043100529898E+001,-1.5797043100529898E+001,1,1, 1.0002241139605643E+000, 3.8953513967816711E-001, 1.1377508301525510E+000, 1.0000000168025731E+000,-1.8205079820028875E+000,-1.8205079634870329E+000,7
7, 3.8888888888888890E-001, 1.6666666666666671E-001, 0.0000000000000000E+000, 5.5674386631344253E-001,-4.5919460155105507E-002, 0.0000000000000000E+000, 4.8336670856647892E+000, 3.6050923482113606E-001,-3.6050947758119256E-001,-2.4276005650136767E-007,-1.2361197612173365E-002, 1.2361196351821015E-002,-1.2603523502630054E-009, 3.0057753464470505E-001,-3.0057766108621914E-001,-1.2644151412000149E-007, 3.3850032786422363E-001,-3.3850057062428013E-001, 3.3064804097969233E-002,-3.3064805358321583E-002, 9.8183020523519321E-002,-9.8183146965033441E-002, 2.2008906956912440E-002,-2.2008906956912433E-002,-4.5426001710142598E-002, 4.5426001710142598E-002, 2.0239451412118570E-001,-2.0239451412118570E-001,1,1, 1.3977810584719195E+000, 7.3280169118150107E-001, 1.1609675391521379E+000, 1.0000000071517912E+000,-2.3792340221630965E+000,-2.3792340119645679E+000,7
8,-1.1111111111111120E-001, 1.6666666666666671E-001, 0.0000000000000000E+000,-1.5906967608955513E-001, 3.6735568124084478E-001, 0.0000000000000000E+000, 5.6602173684566894E+000, 4.9367978075015945E-001,-4.9367963470993065E-001, 1.4604022881281598E-007, 1.6270891184296219E+000,-1.6270890573884027E+000, 6.1041219190371976E-008, 5.4034297782255578E+000,-5.4034302348601955E+000,-4.5663463721368203E-007, 4.3664761073643643E-002,-4.3664615033414830E-002, 1.0009490282664428E+000,-1.0009489672252236E+000, 2.5496773497641945E+000,-2.5496778063988317E+000, 4.5001501967651580E-001,-4.5001501967651580E-001, 6.2614009016317906E-001,-6.2614009016317906E-001, 2.8537524284613633E+000,-2.8537524284613633E+000,1,1, 1.1379040519133694E+000, 5.2006230589302116E-001, 1.1466135513202389E+000, 1.0000000048722546E+000,-2.0021584101230450E+000,-2.0021583960427631E+000,7
9, 3.8888888888888890E-001, 2.2222222222222221E-001, 0.0000000000000000E+000, 5.5674386631344253E-001, 4.5919460155105507E-002, 0.0000000000000000E+000, 6.4448894475530523E+000,-3.6049216893191172E-001, 3.6049217650254806E-001, 7.5706363400485088E-009,-1.2360154209780483E-002, 1.2360233682609613E-002, 7.9472829123128363E-008, 3.0058579772647809E-001,-3.0058588463055713E-001,-8.6904079002469992E-008,-3.3849040093213506E-001, 3.3849040850277140E-001, 3.3066110858392034E-002,-3.3066031385562911E-002, 9.8190717752354675E-002,-9.8190804656433678E-002,-2.2001767999776659E-002, 2.2001767999776656E-002,-4.5426265068172517E-002, 4.5426265068172524E-002, 2.0239507997412343E-001,-2.0239507997412343E-001,1,1, 1.3977826013649315E+000, 7.3280184829634654E-001, 1.1609675808703217E+000, 1.0000000060164151E+000,-2.3792336787253041E+000,-2.3792336680820023E+000,7
10,-1.1111111111111120E-001, 2.2222222222222221E-001, 0.0000000000000000E+000,-1.5906967608955513E-001, 4.5919460155105579E-001, 0.0000000000000000E+000, 7.2714397303449525E+000,-2.8564728500896025E-001, 2.8564726909590038E-001,-1.5913059869809842E-008, 1.5055972138221230E+000,-1.5055973763767183E+000,-1.6255459533986993E-007, 3.5598918940914770E-001,-3.5598934993840947E-001,-1.6052926177234639E-007,-2.8753070712052692E-001, 2.8753069120746705E-001, 1.2558141089524961E+000,-1.2558142715070915E+000,-1.3730002986095119E-001, 1.3729986933168942E-001, 1.8834221115666594E-003,-1.8834221115666594E-003, 2.4978310486962688E-001,-2.4978310486962688E-001, 4.9328921927009889E-001,-4.9328921927009889E-001,1,1, 1.2552604502872460E+000, 6.1943085230370920E-001, 1.1543745955150140E+000, 1.0000000268719214E+000,-2.1762721175112003E+000,-2.1762721031992478E+000,7
11, 3.8888888888888890E-001, 2.7777777777777779E-001, 0.0000000000000000E+000, 5.5674386631344253E-001, 1.3775838046531674E-001, 0.0000000000000000E+000, 8.0561118094413153E+000,-1.6990314027599289E+000, 1.6990312834891843E+000,-1.1927074461404175E-007,-3.3202625668492119E-001, 3.3202619427256730E-001,-6.2412353896146300E-008,-1.2061716160282416E+000, 1.2061713894164938E+000,-2.2661174781113402E-007,-1.4654691332811265E+000, 1.4654690140103819E+000,-3.1499762512748547E-001, 3.1499756271513157E-001,-1.1496571695485793E+000, 1.1496569429368315E+000,-2.3356226947880246E-001, 2.3356226947880246E-001,-1.7028631557435728E-002, 1.7028631557435728E-002,-5.6514446479662403E-002, 5.6514446479662403E-002,1,1, 1.2924047202178137E+000, 6.7261671731180872E-001, 1.1552760594966647E+000, 1.0000000042988622E+000,-2.3665391570879120E+000,-2.3665391407031091E+000,7
12,-1.1111111111111120E-001, 2.7777777777777779E-001, 0.0000000000000000E+000,-1.5906967608955513E-001, 5.5103352186126697E-001, 0.0000000000000000E+000, 8.8826620922332165E+000,-5.6196790400697305E-001, 5.6196789776990808E-001,-6.2370650311116549E-009, 1.6374251914581079E+000,-1.6374249868875450E+000, 2.0457056293388121E-007,-1.2061603366267644E+000, 1.2061601495495990E+000,-1.8707716531451979E-007,-4.5993269542318932E-001, 4.5993268918612429E-001, 1.4266335705175219E+000,-1.4266333659469590E+000,-1.1496555987287413E+000, 1.1496554116515760E+000,-1.0203520858378377E-001, 1.0203520858378377E-001, 2.1079162094058604E-001,-2.1079162094058604E-001,-5.6504737898023037E-002, 5.6504737898023037E-002,1,1, 1.2924050647636611E+000, 6.7261667637307310E-001, 1.1552757549870525E+000, 1.0000000117386794E+000,-2.3665377298712476E+000,-2.3665377134026424E+000,7
13, 3.8888888888888890E-001, 3.3333333333333331E-001, 0.0000000000000000E+000, 5.5674386631344253E-001, 2.2959730077552781E-001, 0.0000000000000000E+000, 9.6673341713295784E+000,-3.9448495469516240E+000, 3.9448495497266589E+000, 2.7750348685628978E-009,-1.3305547333895831E+000, 1.3305547899206009E+000, 5.6531017866845445E-008,-5.6283183148522919E+000, 5.6283181363636947E+000,-1.7848859767966019E-007,-3.2060764071885650E+000, 3.2060764099635999E+000,-1.2553016428305106E+000, 1.2553016993615285E+000,-3.7787035008660781E+000, 3.7787033223774804E+000,-7.3877313976305903E-001, 7.3877313976305903E-001,-7.5253090559072533E-002, 7.5253090559072533E-002,-1.8496148139862143E+000, 1.8496148139862143E+000,1,1, 1.2501871293624935E+000, 6.0293965711627129E-001, 1.1487019936660356E+000, 1.0000000113081460E+000,-2.3334684021099634E+000,-2.3334683757383776E+000,7
14,-1.1111111111111120E-001, 3.3333333333333331E-001, 0.0000000000000000E+000,-1.5906967608955513E-001, 6.4287244217147810E-001, 0.0000000000000000E+000, 1.0493884454121480E+001,-6.1252258737251031E-001, 6.1252261119930684E-001, 2.3826796535786343E-008, 1.8326552297446674E+000,-1.8326552977937813E+000,-6.8049113899348868E-008,-8.4177433868054163E-001, 8.4177422728974705E-001,-1.1139079458821755E-007,-4.7808465145504259E-001, 4.7808467528183912E-001, 1.5791979295171747E+000,-1.5791979975662886E+000,-1.1177304686388987E+000, 1.1177303572481041E+000,-1.3443793591746775E-001, 1.3443793591746772E-001, 2.5345730022749263E-001,-2.5345730022749263E-001, 2.7595612995835711E-001,-2.7595612995835711E-001,1,1, 1.2541517173376304E+000, 6.8716168290634039E-001, 1.1493991263577332E+000, 1.0000000107520837E+000,-2.5548653752168549E+000,-2.5548653566386279E+000,7
15, 3.8888888888888890E-001, 3.8888888888888890E-001, 0.0000000000000000E+000, 5.5674386631344253E-001, 3.2143622108573905E-001, 0.0000000000000000E+000, 1.1278556533217841E+001,-4.1689065751930166E+000, 4.1689064804604881E+000,-9.4732528488350454E-008,-2.4069192089907325E+000, 2.4069192439328635E+000, 3.4942130966442164E-008,-6.8192578118508145E+000, 6.8192579965417242E+000, 1.8469090967698776E-007,-3.6999822110431917E+000, 3.6999821163106632E+000,-2.1361856298333408E+000, 2.1361856647754718E+000,-4.3167859913880200E+000, 4.3167861760789297E+000,-4.6892436414982486E-001, 4.6892436414982486E-001,-2.7073357915739177E-001, 2.7073357915739177E-001,-2.5024718204627945E+000, 2.5024718204627945E+000,1,1, 1.2789419568140596E+000, 6.0094490901573472E-001, 1.1452946914822659E+000, 1.0000000098782720E+000,-2.3455659861019362E+000,-2.3455659532750635E+000,7
16,-1.1111111111111120E-001, 3.8888888888888890E-001, 0.0000000000000000E+000,-1.5906967608955513E-001, 7.3471136248168933E-001, 0.0000000000000000E+000, 1.2105106816009743E+001,-4.4563870732214089E-001, 4.4563853103917567E-001,-1.7628296522520515E-007, 1.9812254162927820E+000,-1.9812254057098035E+000, 1.0582978493545170E-008, 1.5557242917416061E+000,-1.5557246574373942E+000,-3.6569578792944313E-007,-3.2838526442592436E-001, 3.2838508814295914E-001, 1.6978126093848891E+000,-1.6978125988019106E+000,-2.7395099829096259E-001, 2.7395063259517466E-001,-1.1725344289621653E-001, 1.1725344289621653E-001, 2.8341280690789300E-001,-2.8341280690789300E-001, 1.8296752900325688E+000,-1.8296752900325688E+000,1,1, 1.1891798907854580E+000, 6.7615494915803409E-001, 1.1414342293982831E+000, 1.0000000151921593E+000,-2.6978132378474924E+000,-2.6978132182807655E+000,7
17, 3.8888888888888890E-001, 4.4444444444444442E-001, 0.0000000000000000E+000, 5.5674386631344253E-001, 4.1327514139595006E-001, 0.0000000000000000E+000, 1.2889778895106105E+001,-2.6839869173751092E+000, 2.6839868526261146E+000,-6.4748994610397403E-008,-2.2529284070857867E+000, 2.2529283669700857E+000,-4.0115700983278657E-008,-2.7880284327539409E+000, 2.7880282262156895E+000,-2.0653825094640865E-007,-2.4329643407428030E+000, 2.4329642759938084E+000,-1.8466806215924052E+000, 1.8466805814767042E+000,-2.2795335669704078E+000, 2.2795333604321568E+000,-2.5102257663230615E-001, 2.5102257663230615E-001,-4.0624778549338153E-001, 4.0624778549338153E-001,-5.0849486578353287E-001, 5.0849486578353287E-001,1,1, 1.2642879727531069E+000, 6.3510448290428811E-001, 1.1422850043114965E+000, 1.0000000106163625E+000,-2.4854581875132431E+000,-2.4854581590986471E+000,7
18,-1.1111111111111120E-001, 4.4444444444444442E-001, 0.0000000000000000E+000,-1.5906967608955513E-001, 8.2655028279190035E-001, 0.0000000000000000E+000, 1.3716329177898006E+001, 1.4541302784416372E-005,-1.4118411708191489E-005, 4.2289107622488220E-007, 2.0298150697587825E+000,-2.0298150100094077E+000, 5.9749374559103785E-008, 3.5417651152741474E+000,-3.5417651780048764E+000,-6.2730729499804738E-008, 8.0262257976301127E-006,-7.6033347214052305E-006, 1.7446165441416712E+000,-1.7446164843922967E+000, 3.8744310532754622E-001,-3.8744316805827572E-001, 6.5150769867862590E-006,-6.5150769867862590E-006, 2.8519852561711123E-001,-2.8519852561711123E-001, 3.1543220099466009E+000,-3.1543220099466009E+000,1,1, 1.1578308768581476E+000, 6.6613024968806245E-001, 1.1376891431642833E+000, 1.0000000085329079E+000,-2.7518072397977749E+000,-2.7518072201687342E+000,7
19, 3.8888888888888890E-001, 5.0000000000000000E-001, 0.0000000000000000E+000, 5.5674386631344253E-001, 5.0511406170616135E-001, 0.0000000000000000E+000, 1.4501001256994368E+001,-1.4929699035182680E+000, 1.4929698291221387E+000,-7.4396129257081611E-008,-1.3765557831444248E+000, 1.3765558983633230E+000, 1.1521889820009790E-007, 1.5557338273169761E+000,-1.5557340396451464E+000,-2.1232817037919460E-007,-1.3061550841721477E+000, 1.3061550097760184E+000,-1.1333038912750657E+000, 1.1333040064939639E+000,-2.7394275212841063E-001, 2.7394253980024025E-001,-1.8681481934612035E-001, 1.8681481934612035E-001,-2.4325189186935905E-001, 2.4325189186935905E-001, 1.8296765794453866E+000,-1.8296765794453866E+000,1,1, 1.1891794978149908E+000, 6.7615447116034422E-001, 1.1414345776569312E+000, 1.0000000073513453E+000,-2.6978130422186055E+000,-2.6978130224181522E+000,7
20,-1.1111111111111120E-001, 5.0000000000000000E-001, 0.0000000000000000E+000,-1.5906967608955513E-001, 9.1838920310211158E-001, 0.0000000000000000E+000, 1.5327551539786269E+001, 4.4566559914363713E-001,-4.4566565533050262E-001,-5.6186865493579319E-008, 1.9812478018348969E+000,-1.9812478492825931E+000,-4.7447696216451618E-008, 1.5557265492090102E+000,-1.5557264541915679E+000, 9.5017442192091295E-008, 3.2840034465292856E-001,-3.2840040083979405E-001, 1.6978246520224742E+000,-1.6978246994701705E+000,-2.7396097235393435E-001, 2.7396106737137654E-001, 1.1726525449070856E-001,-1.1726525449070856E-001, 2.8342314981242267E-001,-2.8342314981242267E-001, 1.8296875215629445E+000,-1.8296875215629445E+000,1,1, 1.1891776159221843E+000, 6.7615424528199486E-001, 1.1414342905098651E+000, 1.0000000190719849E+000,-2.6978142284584874E+000,-2.6978142092549402E+000,7
21, 3.8888888888888890E-001,-4.4444444444444442E-001, 0.0000000000000000E+000, 5.5674386631344253E-001,-1.0561475835674281E+000, 0.0000000000000000E+000, 1.7427833556420893E+001,-6.7297944139774701E-001, 6.7297920991921256E-001,-2.3147853445149025E-007,-4.9978055574504543E-001, 4.9978084407170598E-001, 2.8832666054690037E-007, 1.6548445986819162E+000,-1.6548442685340468E+000, 3.3014786970930743E-007,-5.8803957126613104E-001, 5.8803933978759659E-001,-4.7519196162245558E-001, 4.7519224994911613E-001,-6.1244276582923607E-001, 6.1244309597710578E-001,-8.4939870131615969E-002, 8.4939870131615969E-002,-2.4588594122589860E-002, 2.4588594122589864E-002, 2.2672873645111524E+000,-2.2672873645111524E+000,1,1, 1.0685951203718402E+000, 7.2418032739564608E-001, 1.1438906398475768E+000, 1.0000000112953851E+000,-2.8965215518108636E+000,-2.8965215396128117E+000,7
22,-1.1111111111111120E-001,-4.4444444444444442E-001, 0.0000000000000000E+000,-1.5906967608955513E-001,-6.4287244217147788E-001, 0.0000000000000000E+000, 1.8254383839212792E+001, 6.1254390467652953E-001,-6.1254410430252060E-001,-1.9962599095979527E-007, 1.8326827271260093E+000,-1.8326828840395555E+000,-1.5691354615654518E-007,-8.4180775398724950E-001, 8.4180783855396424E-001, 8.4566714741995952E-008, 4.7809746942639930E-001,-4.7809766905239026E-001, 1.5792135230650033E+000,-1.5792136799785494E+000,-1.1177552558546797E+000, 1.1177553404213945E+000, 1.3444643525013028E-001,-1.3444643525013028E-001, 2.5346920406100609E-001,-2.5346920406100609E-001, 2.7594750186743022E-001,-2.7594750186743022E-001,1,1, 1.2541483727496239E+000, 6.8716093234920572E-001, 1.1493992566263549E+000, 1.0000000093105015E+000,-2.5548670677858971E+000,-2.5548670499358868E+000,7
23, 3.8888888888888890E-001,-3.8888888888888878E-001, 0.0000000000000000E+000, 5.5674386631344253E-001,-9.6430866325721687E-001, 0.0000000000000000E+000, 1.9039055918309156E+001,-1.0852697966076209E-001, 1.0852618435292549E-001,-7.9530783660131110E-007,-6.2656733733657502E-002, 6.2657715199893993E-002, 9.8146623649791875E-007,-4.5808640459041330E+000, 4.5808643602247638E+000, 3.1432063085645723E-007,-1.0549446982901825E-001, 1.0549367452118165E-001,-6.0905989425450828E-002, 6.0906970891687326E-002,-5.6956451064106677E+000, 5.6956454207312985E+000,-3.0325098317438488E-003, 3.0325098317438488E-003,-1.7507443082066720E-003, 1.7507443082066718E-003, 1.1147810605065345E+000,-1.1147810605065345E+000,1,1, 9.2688408300944625E-001, 7.7783044281613700E-001, 1.1476176806694274E+000, 1.0000000216805724E+000,-3.0409947234005470E+000,-3.0409947167069458E+000,7
24,-1.1111111111111120E-001,-3.8888888888888878E-001, 0.0000000000000000E+000,-1.5906967608955513E-001,-5.5103352186126664E-001, 0.0000000000000000E+000, 1.9865606201101055E+001, 5.6198484365576606E-001,-5.6198480199235779E-001, 4.1663408334446927E-008, 1.6374488091922850E+000,-1.6374487272625595E+000, 8.1929725448404156E-008,-1.2062122613097637E+000, 1.2062122474553718E+000,-1.3854391855971926E-008, 4.5994290744199312E-001,-4.5994286577858479E-001, 1.4266472665097290E+000,-1.4266471845800035E+000,-1.1496867333119900E+000, 1.1496867194575981E+000, 1.0204193621377297E-001,-1.0204193621377297E-001, 2.1080154268255610E-001,-2.1080154268255610E-001,-5.6525527997773592E-002, 5.6525527997773592E-002,1,1, 1.2924019327429184E+000, 6.7261625335134467E-001, 1.1552759325476878E+000, 1.0000000164450380E+000,-2.3665398956805364E+000,-2.3665398800926072E+000,7
25, 3.8888888888888890E-001,-3.3333333333333343E-001, 0.0000000000000000E+000, 5.5674386631344253E-001,-8.7246974294700608E-001, 0.0000000000000000E+000, 2.0650278280197419E+001, 6.8096339952794710E-002,-6.8096335270125652E-002, 4.6826690580648034E-009, 5.7288572123444792E-002,-5.7288673883426573E-002,-1.0175998177430756E-007,-1.2756546977041124E+001, 1.2756547057593536E+001, 8.0552412740075852E-008, 5.4782976674540261E-002,-5.4782971991871203E-002, 8.2171594915169066E-002,-8.2171696675150840E-002,-1.3232512110976478E+001, 1.3232512191528890E+001, 1.3313363278254449E-002,-1.3313363278254445E-002,-2.4883022791724274E-002, 2.4883022791724267E-002, 4.7596513393535378E-001,-4.7596513393535378E-001,1,1, 8.2936953503832278E-001, 8.2116696283394053E-001, 1.1502160602594838E+000, 1.0000000104329017E+000,-3.1165499898121030E+000,-3.1165499850632572E+000,7
26,-1.1111111111111120E-001,-3.3333333333333343E-001, 0.0000000000000000E+000,-1.5906967608955513E-001,-4.5919460155105585E-001, 0.0000000000000000E+000, 2.1476828562989319E+001, 2.8566572431646020E-001,-2.8566575224720980E-001,-2.7930749602056437E-008, 1.5056176390477940E+000,-1.5056176984511485E+000,-5.9403354457643331E-008, 3.5591968365904481E-001,-3.5591966733665803E-001, 1.6322386803269140E-008, 2.8753980075381697E-001,-2.8753982868456657E-001, 1.2558256014397260E+000,-1.2558256608430804E+000,-1.3733468806949881E-001, 1.3733470439188561E-001,-1.8740764373567796E-003, 1.8740764373567796E-003, 2.4979203760806809E-001,-2.4979203760806809E-001, 4.9325437172854364E-001,-4.9325437172854364E-001,1,1, 1.2552579980790082E+000, 6.1943074178702606E-001, 1.1543747920098892E+000, 1.0000000253254386E+000,-2.1762747686520756E+000,-2.1762747551720611E+000,7
27, 3.8888888888888890E-001,-2.7777777777777779E-001, 0.0000000000000000E+000, 5.5674386631344253E-001,-7.8063082263679484E-001, 0.0000000000000000E+000, 2.2261500642085682E+001,-6.8074890843387664E-002, 6.8075030870611758E-002, 1.4002722410061397E-007, 5.7295046182751060E-002,-5.7294888257869013E-002, 1.5792488204657840E-007,-1.2756583648073256E+001, 1.2756583373448347E+001,-2.7462490947982587E-007,-5.4762802913727281E-002, 5.4762942940951381E-002, 8.2176845505618115E-002,-8.2176687580736069E-002,-1.3232551846838541E+001, 1.3232551572213632E+001,-1.3312087929660382E-002, 1.3312087929660382E-002,-2.4881799322867056E-002, 2.4881799322867056E-002, 4.7596819876528484E-001,-4.7596819876528484E-001,1,1, 8.2936858389357848E-001, 8.2116671886823245E-001, 1.1502159153774829E+000, 1.0000000142822365E+000,-3.1165506391553994E+000,-3.1165506350301224E+000,7
28,-1.1111111111111120E-001,-2.7777777777777779E-001, 0.0000000000000000E+000,-1.5906967608955513E-001,-3.6735568124084456E-001, 0.0000000000000000E+000, 2.3088050924877582E+001,-4.9364525640337881E-001, 4.9364498868726037E-001,-2.6771611846831966E-007, 1.6271087489712013E+000,-1.6271089879687328E+000,-2.3899753154310588E-007, 5.4033101090047140E+000,-5.4033099534646167E+000, 1.5554009680229797E-007,-4.3655475862993190E-002, 4.3655208146874722E-002, 1.0009589598662711E+000,-1.0009591988638027E+000, 2.5496448995325323E+000,-2.5496447439924355E+000,-4.4998978054038563E-001, 4.4998978054038563E-001, 6.2614978910493024E-001,-6.2614978910493024E-001, 2.8536652094721813E+000,-2.8536652094721813E+000,1,1, 1.1379016147184720E+000, 5.2006216502647540E-001, 1.1466136698968781E+000, 1.0000000290242492E+000,-2.0021618150693046E+000,-2.0021618016669875E+000,7
29, 3.8888888888888890E-001,-2.2222222222222221E-001, 0.0000000000000000E+000, 5.5674386631344253E-001,-6.8879190232658360E-001, 0.0000000000000000E+000, 2.3872723003973945E+001, 1.0854510070086566E-001,-1.0854485140803531E-001, 2.4929283035102223E-007,-6.2644933520569476E-002, 6.2645042693360187E-002, 1.0917279070349339E-007,-4.5808643583354627E+000, 4.5808643994025378E+000, 4.1067074185718866E-008, 1.0550952024648839E-001,-1.0550927095365804E-001,-6.0897498617446512E-002, 6.0897607790237215E-002,-5.6956638550289806E+000, 5.6956638960960548E+000, 3.0355804543772701E-003,-3.0355804543772701E-003,-1.7474349031229705E-003, 1.7474349031229705E-003, 1.1147994966935175E+000,-1.1147994966935175E+000,1,1, 9.2688229278806311E-001, 7.7782979951595288E-001, 1.1476173443139166E+000, 1.0000000117593031E+000,-3.0409960776703220E+000,-3.0409960718031726E+000,7
30,-1.1111111111111120E-001,-2.2222222222222221E-001, 0.0000000000000000E+000,-1.5906967608955513E-001,-2.7551676093063332E-001, 0.0000000000000000E+000, 2.4699273286765845E+001,-3.5801990792519334E+000, 3.5801993565520527E+000, 2.7730011964433032E-007, 2.0670997078039601E+000,-2.0670994015363608E+000, 3.0626759944807347E-007, 2.1687539956823159E+001,-2.1687540201934993E+001,-2.4511183749353904E-007,-5.5262811570466730E-001, 5.5262839300478694E-001, 3.1907235660278038E-001,-3.1907205033518093E-001, 5.8904828904040425E+000,-5.8904831355158800E+000,-3.0275709635472658E+000, 3.0275709635472658E+000, 1.7480273512011799E+000,-1.7480273512011799E+000, 1.5797057066419114E+001,-1.5797057066419114E+001,1,1, 1.0002200425264789E+000, 3.8953299762519528E-001, 1.1377508702642547E+000, 1.0000000176783439E+000,-1.8205125925203340E+000,-1.8205125742017192E+000,7
31, 3.8888888888888890E-001,-1.6666666666666660E-001, 0.0000000000000000E+000, 5.5674386631344253E-001,-5.9695298201637237E-001, 0.0000000000000000E+000, 2.5483945365862208E+001, 6.7299393607711422E-001,-6.7299366564442709E-001, 2.7043268713278223E-007,-4.9977095806035465E-001, 4.9977156643962456E-001, 6.0837926990631175E-007, 1.6548771986564623E+000,-1.6548770048721564E+000, 1.9378430604621855E-007, 5.8805020108520401E-001,-5.8804993065251687E-001,-4.7518463354003271E-001, 4.7518524191930261E-001,-6.1243586327324584E-001, 6.1243605705755189E-001, 8.4943734991910227E-002,-8.4943734991910227E-002,-2.4586324520321921E-002, 2.4586324520321924E-002, 2.2673130619297082E+000,-2.2673130619297082E+000,1,1, 1.0685941846833256E+000, 7.2417992428143396E-001, 1.1438902345323358E+000, 1.0000000093449126E+000,-2.8965225882727399E+000,-2.8965225764943745E+000,7
32,-1.1111111111111120E-001,-1.6666666666666660E-001, 0.0000000000000000E+000,-1.5906967608955513E-001,-1.8367784062042208E-001, 0.0000000000000000E+000, 2.6310495648654108E+001,-9.3440118575448921E+000, 9.3440101293146309E+000,-1.7282302597898536E-006,-2.4909061276346329E+000, 2.4909042599191080E+000,-1.8677155249058330E-006, 2.8676404818259769E+001,-2.8676404523125257E+001, 2.9513451238472044E-007,-2.1445540895712325E+000, 2.1445523613409727E+000,-1.8370142382432628E+000, 1.8370123705277379E+000, 2.4143464159174179E+000,-2.4143461207829056E+000,-7.1994577679736587E+000, 7.1994577679736587E+000,-6.5389188939137000E-001, 6.5389188939137000E-001, 2.6262058402342351E+001,-2.6262058402342351E+001,1,1, 9.1875096768599107E-001, 3.4799741087293251E-001, 1.1351019441747043E+000, 1.0000000083804641E+000,-1.6052898282304939E+000,-1.6052898000123355E+000,7
33, 3.8888888888888890E-001,-1.1111111111111120E-001, 0.0000000000000000E+000, 5.5674386631344253E-001,-5.0511406170616147E-001, 0.0000000000000000E+000, 2.7095167727750471E+001, 1.4929722917191319E+000,-1.4929724252661984E+000,-1.3354706651647064E-007,-1.3765468281654432E+000, 1.3765468315384557E+000, 3.3730125359454632E-009, 1.5557246982387620E+000,-1.5557246435690195E+000, 5.4669742399759969E-008, 1.3061563090385011E+000,-1.3061564425855676E+000,-1.1332960630963675E+000, 1.1332960664693801E+000,-2.7395066296979143E-001, 2.7395071763953383E-001, 1.8681598268063074E-001,-1.8681598268063074E-001,-2.4325076506907564E-001, 2.4325076506907564E-001, 1.8296753612085535E+000,-1.8296753612085535E+000,1,1, 1.1891798907629383E+000, 6.7615495665989822E-001, 1.1414342190239695E+000, 1.0000000147513481E+000,-2.6978132378692656E+000,-2.6978132182817127E+000,7
34,-1.1111111111111120E-001,-1.1111111111111120E-001, 0.0000000000000000E+000,-1.5906967608955513E-001,-9.1838920310211222E-002, 0.0000000000000000E+000, 2.7921718010542371E+001,-1.9420465441621666E+001, 1.9420465376705231E+001,-6.4916434006079271E-008,-1.1212410870887862E+001, 1.1212410900382462E+001, 2.9494600095603118E-008, 1.6511751153101827E+001,-1.6511750789064489E+001, 3.6403733605361310E-007,-6.5411793786684607E+000, 6.5411793137520267E+000,-3.7765516657320388E+000, 3.7765516952266389E+000, 1.0401265000555320E+000,-1.0401261360181959E+000,-1.2879286062953206E+001, 1.2879286062953206E+001,-7.4358592051558237E+000, 7.4358592051558237E+000, 1.5471624653046295E+001,-1.5471624653046295E+001,1,1, 8.3814888535131526E-001, 3.8063704705432433E-001, 1.1373439753157037E+000, 1.0000000165384106E+000,-1.4460211082575452E+000,-1.4460210742258357E+000,7
35, 3.8888888888888890E-001,-5.5555555555555601E-002, 0.0000000000000000E+000, 5.5674386631344253E-001,-4.1327514139595029E-001, 0.0000000000000000E+000, 2.8706390089638735E+001, 2.6839747431910146E+000,-2.6839746604585071E+000, 8.2732507511451558E-008,-2.2529117092642048E+000, 2.2529115627289813E+000,-1.4653522351082415E-007,-2.7880300940917402E+000, 2.7880296387926173E+000,-4.5529912284791862E-007, 2.4329542669980899E+000,-2.4329541842655824E+000,-1.8466677577661479E+000, 1.8466676112309244E+000,-2.2795404193618962E+000, 2.2795399640627734E+000, 2.5102047619292450E-001,-2.5102047619292450E-001,-4.0624395149805687E-001, 4.0624395149805687E-001,-5.0848967472984397E-001, 5.0848967472984397E-001,1,1, 1.2642889009078671E+000, 6.3510577041475269E-001, 1.1422847587104723E+000, 1.0000000092975392E+000,-2.4854577703402452E+000,-2.4854577420229029E+000,7
36,-1.1111111111111120E-001,-5.5555555555555601E-002, 0.0000000000000000E+000,-1.5906967608955513E-001, 0.0000000000000000E+000, 0.0000000000000000E+000, 2.9532940372430634E+001, 1.3336967381525553E-004,-1.3325669134764065E-004, 1.1298246761488710E-007,-3.2757201435347025E+000, 3.2757223586670534E+000, 2.2151323509911336E-006, 2.5138177195145730E+001,-2.5138180392713643E+001,-3.1975679153362080E-006, 4.2814355013757284E-005,-4.2701372546142397E-005, 6.9979366746284122E-001,-6.9979145233049023E-001, 3.6000362470984251E+000,-3.6000394446663404E+000, 9.0555318801498238E-005,-9.0555318801498238E-005,-3.9755138109975436E+000, 3.9755138109975436E+000, 2.1538140948047303E+001,-2.1538140948047303E+001,1,1, 7.4341298044917670E-001, 3.9579888809090391E-001, 1.1379300432368205E+000, 1.0000000146071746E+000,-1.4292568998278390E+000,-1.4292568667399062E+000,7
1, 4.4444444444444442E-001, 0.0000000000000000E+000, 0.0000000000000000E+000, 6.3627870435821998E-001,-3.6735568124084456E-001, 0.0000000000000000E+000, 0.0000000000000000E+000, 3.2137477358300259E+000,-3.2137478420072862E+000,-1.0617726031725283E-007,-1.8554552545606497E+000, 1.8554552670486939E+000, 1.2488044154324029E-008,-2.9511188292758943E+000, 2.9511189562079947E+000, 1.2693210038605685E-007, 3.0925779252556138E+000,-3.0925780314328741E+000,-1.7854981118347795E+000, 1.7854981243228236E+000,-2.2459713153821075E+000, 2.2459714423142079E+000, 1.2116981057441215E-001,-1.2116981057441215E-001,-6.9957142725870364E-002, 6.9957142725870364E-002,-7.0514751389378694E-001, 7.0514751389378694E-001,1,1, 1.3187596047112389E+000, 6.4001712104567499E-001, 1.1403147225546810E+000, 1.0000000150466279E+000,-2.4587517966862702E+000,-2.4587517624788502E+000,8
2,-5.5555555555555601E-002, 0.0000000000000000E+000, 0.0000000000000000E+000,-7.9534838044777567E-002, 4.5919460155105611E-002, 0.0000000000000000E+000, 8.2655028279190046E-001, 5.1250995812981770E+001,-5.1250995664537847E+001, 1.4844392381974103E-007,-2.9589795048766209E+001, 2.9589794701600539E+001,-3.4716567043346913E-007, 6.9478695447469008E+001,-6.9478693725417656E+001, 1.7220513512938851E-006, 1.2272313001489975E+001,-1.2272312853046051E+001,-7.0854453172306293E+000, 7.0854449700649589E+000, 1.5061913634405267E+001,-1.5061911912353915E+001, 3.8978682811491794E+001,-3.8978682811491794E+001,-2.2504349731535580E+001, 2.2504349731535580E+001, 5.4416781813063743E+001,-5.4416781813063743E+001,1,1, 5.2070727401471162E-001, 3.6826324291416901E-001, 1.1521004766642069E+000, 1.0000000060943051E+000,-1.3310157672116638E+000,-1.3310157401267020E+000,8
3, 4.4444444444444442E-001, 5.5555555555555601E-002, 0.0000000000000000E+000, 6.3627870435821998E-001,-2.7551676093063332E-001, 0.0000000000000000E+000, 1.6112223618882631E+000, 3.2930983176805997E+000,-3.2930983711961597E+000,-5.3515559983452476E-008,-1.1979343971642158E+000, 1.1979343828860987E+000,-1.4278117133059709E-008,-2.7880630293794457E+000, 2.7880630753398865E+000, 4.5960440786529944E-008, 2.8157541642647237E+000,-2.8157542177802837E+000,-1.1836652201580078E+000, 1.1836652058798907E+000,-2.2795589447657996E+000, 2.2795589907262404E+000, 4.7734415341587583E-001,-4.7734415341587583E-001,-1.4269177006208045E-002, 1.4269177006208045E-002,-5.0850408461364593E-001, 5.0850408461364593E-001,1,1, 1.2642869828492858E+000, 6.3510504027228509E-001, 1.1422848077125143E+000, 1.0000000131616587E+000,-2.4854587729300706E+000,-2.4854587448719396E+000,8
4,-5.5555555555555601E-002, 5.5555555555555601E-002, 0.0000000000000000E+000,-7.9534838044777567E-002, 1.3775838046531683E-001, 0.0000000000000000E+000, 2.4377726446801633E+000, 2.8366937092306737E+000,-2.8366951239710900E+000,-1.4147404163722399E-006, 1.6377678711266808E+000,-1.6377669441193552E+000, 9.2700732556849630E-007, 2.5138066452808342E+001,-2.5138066965075112E+001,-5.1226677033611168E-007,-6.0609783528138561E-001, 6.0609642054096924E-001,-3.4992951089833219E-001, 3.4993043790565775E-001, 3.6005518343362866E+000,-3.6005523466030569E+000, 3.4427915445120592E+000,-3.4427915445120592E+000, 1.9876973820250130E+000,-1.9876973820250130E+000, 2.1537514618472056E+001,-2.1537514618472056E+001,1,1, 7.4342140296228987E-001, 3.9580343012415536E-001, 1.1379302515781062E+000, 1.0000000103248710E+000,-1.4292509773981665E+000,-1.4292509442100036E+000,8
5, 4.4444444444444442E-001, 1.1111111111111110E-001, 0.0000000000000000E+000, 6.3627870435821998E-001,-1.8367784062042228E-001, 0.0000000000000000E+000, 3.2224447237765257E+000, 1.8934218429339358E+000,-1.8934216517362252E+000, 1.9119771055287060E-007,-3.8586286173942930E-001, 3.8586285422057204E-001,-7.5188572590256797E-009,-8.4180744809692420E-001, 8.4180727189627635E-001,-1.7620064785006662E-007, 1.6066878221229537E+000,-1.6066876309252431E+000,-3.7556227381158275E-001, 3.7556226629272549E-001,-1.1177550627923245E+000, 1.1177548865916767E+000, 2.8673402081098215E-001,-2.8673402081098215E-001,-1.0300587927846530E-002, 1.0300587927846530E-002, 2.7594761469540025E-001,-2.7594761469540025E-001,1,1, 1.2541483727150782E+000, 6.8716093224735708E-001, 1.1493992547970393E+000, 1.0000000096134494E+000,-2.5548670677838241E+000,-2.5548670499206767E+000,8
6,-5.5555555555555601E-002, 1.1111111111111110E-001, 0.0000000000000000E+000,-7.9534838044777567E-002, 2.2959730077552790E-001, 0.0000000000000000E+000, 4.0489950065684264E+000, 2.5146794548212124E+000,-2.5146794221913185E+000, 3.2629893786939590E-008, 9.3373105767421336E+000,-9.3373107075715893E+000,-1.3082945615749964E-007, 2.8675316059347942E+001,-2.8675315405584978E+001, 6.5376296243258025E-007,-5.1863037468686113E-001, 5.1863040731675492E-001, 2.7756915903597172E+000,-2.7756917211891734E+000, 2.4143637703955703E+000,-2.4143631166326078E+000, 3.0333098295080734E+000,-3.0333098295080734E+000, 6.5616189863824159E+000,-6.5616189863824159E+000, 2.6260952288952371E+001,-2.6260952288952371E+001,1,1, 9.1875764533617277E-001, 3.4800266843690980E-001, 1.1351020370604967E+000, 1.0000000150857620E+000,-1.6052841290538917E+000,-1.6052841007403231E+000,8
7, 4.4444444444444442E-001, 1.6666666666666671E-001, 0.0000000000000000E+000, 6.3627870435821998E-001,-9.1838920310211014E-002, 0.0000000000000000E+000, 4.8336670856647892E+000, 5.5483123565254999E-001,-5.5483151953107546E-001,-2.8387852546440939E-007,-5.2708015866780623E-003, 5.2707358094393336E-003,-6.5777238728720322E-008,-2.5300881151587873E-001, 2.5300900769945012E-001, 1.9618357138817544E-007, 5.2694560574643778E-001,-5.2694588962496325E-001, 2.2867985578383258E-002,-2.2868051355621987E-002,-4.7645389488641349E-001, 4.7645409106998488E-001, 2.7885629906112253E-002,-2.7885629906112253E-002,-2.8138787165061321E-002, 2.8138787165061321E-002, 2.2344508337053479E-001,-2.2344508337053479E-001,1,1, 1.3597907226339272E+000, 7.6163793228027266E-001, 1.1593485992939270E+000, 1.0000000171381194E+000,-2.5816959693518617E+000,-2.5816959577212932E+000,8
8,-5.5555555555555601E-002, 1.6666666666666671E-001, 0.0000000000000000E+000,-7.9534838044777567E-002, 3.2143622108573916E-001, 0.0000000000000000E+000, 5.6602173684566894E+000, 1.5934977878561309E+000,-1.5934974461811857E+000, 3.4167494521175623E-007, 7.8096709736372638E+000,-7.8096707127008722E+000, 2.6093639204916030E-007, 1.3648836743323129E+001,-1.3648836913491515E+001,-1.7016838604888562E-007,-1.1301423789071766E-001, 1.1301457956566287E-001, 3.8610288726005457E+000,-3.8610286116641537E+000,-6.4182233258441057E-001, 6.4182216241602452E-001, 1.7065120257468487E+000,-1.7065120257468487E+000, 3.9486421010367185E+000,-3.9486421010367185E+000, 1.4290659075907540E+001,-1.4290659075907540E+001,1,1, 1.0563253116465723E+000, 3.6598785727631084E-001, 1.1407756010375476E+000, 1.0000000086801439E+000,-1.7799754116996600E+000,-1.7799753884901790E+000,8
9, 4.4444444444444442E-001, 2.2222222222222221E-001, 0.0000000000000000E+000, 6.3627870435821998E-001, 0.0000000000000000E+000, 0.0000000000000000E+000, 6.4448894475530523E+000, 5.7345468543852558E-006,-5.8450065558160376E-006,-1.1045970143078176E-007, 8.2204094738451791E-002,-8.2204096217522740E-002,-1.4790709490508647E-009,-2.0478437035323571E-001, 2.0478428383683273E-001,-8.6516402986180907E-008, 3.7230675924530832E-006,-3.8335272938838649E-006, 1.1679553340085136E-001,-1.1679553487992231E-001,-3.6194824280962917E-001, 3.6194815629322619E-001, 2.0114792619321731E-006,-2.0114792619321731E-006,-3.4591438662399568E-002, 3.4591438662399568E-002, 1.5716387245639346E-001,-1.5716387245639346E-001,1,1, 1.4425186186199017E+000, 7.8936370445951387E-001, 1.1636183717416573E+000, 1.0000000053154698E+000,-2.5831773076883415E+000,-2.5831772977211664E+000,8
10,-5.5555555555555601E-002, 2.2222222222222221E-001, 0.0000000000000000E+000,-7.9534838044777567E-002, 4.1327514139595017E-001, 0.0000000000000000E+000, 7.2714397303449525E+000,-1.9879323927079873E-001, 1.9879335059099834E-001, 1.1132019961390682E-007, 5.4620410477613905E+000,-5.4620409494135096E+000, 9.8347881838378726E-008,-1.6615324844275294E+000, 1.6615321940690277E+000,-2.9035850168668276E-007,-2.9386057316008696E-001, 2.9386068448028657E-001, 3.9977300797702675E+000,-3.9977299814223857E+000,-4.0259035053114856E+000, 4.0259032149529839E+000, 9.5067333889288230E-002,-9.5067333889288230E-002, 1.4643109679911235E+000,-1.4643109679911235E+000, 2.3643710208839561E+000,-2.3643710208839561E+000,1,1, 1.1619841110818458E+000, 4.5759234081899736E-001, 1.1491052838255509E+000, 1.0000000105262663E+000,-1.9542116554623399E+000,-1.9542116335541433E+000,8
11, 4.4444444444444442E-001, 2.7777777777777779E-001, 0.0000000000000000E+000, 6.3627870435821998E-001, 9.1838920310211236E-002, 0.0000000000000000E+000, 8.0561118094413153E+000,-5.5481396125171589E-001, 5.5481403163362064E-001, 7.0381904748728630E-008,-5.2708389247188292E-003, 5.2708308439808130E-003,-8.0807380162251086E-009,-2.5299547480217149E-001, 2.5299556172021598E-001, 8.6918044484018964E-008,-5.2693512324402125E-001, 5.2693519362592600E-001, 2.2868897995340184E-002,-2.2868906076078201E-002,-4.7644091523795529E-001, 4.7644100215599977E-001,-2.7878838007694608E-002, 2.7878838007694619E-002,-2.8139736920059014E-002, 2.8139736920059014E-002, 2.2344544043578379E-001,-2.2344544043578379E-001,1,1, 1.3597934339335316E+000, 7.6163820038603591E-001, 1.1593487118377659E+000, 1.0000000062687477E+000,-2.5816950766651487E+000,-2.5816950644949661E+000,8
12,-5.5555555555555601E-002, 2.7777777777777779E-001, 0.0000000000000000E+000,-7.9534838044777567E-002, 5.0511406170616135E-001, 0.0000000000000000E+000, 8.8826620922332165E+000,-7.7700133162376672E-001, 7.7700118663746376E-001,-1.4498630296344572E-007, 4.6495230539893546E+000,-4.6495230237374736E+000, 3.0251881000253888E-008,-6.1355858875881379E+000, 6.1355856370839348E+000,-2.5050420315864130E-007,-5.0112187509416584E-001, 5.0112173010786287E-001, 3.7615361761340718E+000,-3.7615361458821908E+000,-4.6587288664830293E+000, 4.6587286159788261E+000,-2.7587945652960094E-001, 2.7587945652960094E-001, 8.8798687785528319E-001,-8.8798687785528319E-001,-1.4768570211051086E+000, 1.4768570211051086E+000,1,1, 1.2234387113005707E+000, 5.4530962604965694E-001, 1.1523558115285240E+000, 1.0000000170073049E+000,-2.1442884122634847E+000,-2.1442883886897666E+000,8
13, 4.4444444444444442E-001, 3.3333333333333331E-001, 0.0000000000000000E+000, 6.3627870435821998E-001, 1.8367784062042231E-001, 0.0000000000000000E+000, 9.6673341713295784E+000,-1.8933886073011441E+000, 1.8933887076540570E+000, 1.0035291286847325E-007,-3.8586229458816906E-001, 3.8586228506142922E-001,-9.5267398414478066E-009,-8.4177143641084351E-001, 8.4177178743245795E-001, 3.5102161444200419E-007,-1.6066723141582244E+000, 1.6066724145111373E+000,-3.7556083232719356E-001, 3.7556082280045372E-001,-1.1177254209345393E+000, 1.1177257719561537E+000,-2.8671629314291963E-001, 2.8671629314291963E-001,-1.0301462260975501E-002, 1.0301462260975501E-002, 2.7595398452369579E-001,-2.7595398452369579E-001,1,1, 1.2541511527358979E+000, 6.8716136514983794E-001, 1.1493994405637764E+000, 1.0000000159536977E+000,-2.5548659365622619E+000,-2.5548659179357500E+000,8
14,-5.5555555555555601E-002, 3.3333333333333331E-001, 0.0000000000000000E+000,-7.9534838044777567E-002, 5.9695298201637248E-001, 0.0000000000000000E+000, 1.0493884454121480E+001,-8.2012072193955088E-001, 8.2012071872092418E-001,-3.2186266984979284E-009, 4.0816044421280759E+000,-4.0816046763437139E+000,-2.3421563799530531E-007,-5.6282954273217136E+000, 5.6282954761755128E+000, 4.8853798784165292E-008,-5.1590729398239399E-001, 5.1590729076376729E-001, 3.4041819808208058E+000,-3.4041822150364438E+000,-3.7787041420593401E+000, 3.7787041909131389E+000,-3.0421342795715689E-001, 3.0421342795715689E-001, 6.7742246130727002E-001,-6.7742246130727002E-001,-1.8495912852623737E+000, 1.8495912852623737E+000,1,1, 1.2501877911499477E+000, 6.0294062550532135E-001, 1.1487017684388980E+000, 1.0000000048456434E+000,-2.3334673184954964E+000,-2.3334672923324851E+000,8
15, 4.4444444444444442E-001, 3.8888888888888890E-001, 0.0000000000000000E+000, 6.3627870435821998E-001, 2.7551676093063354E-001, 0.0000000000000000E+000, 1.1278556533217841E+001,-3.2930865189614136E+000, 3.2930865166667407E+000,-2.2946728961414919E-009,-1.1979366162798253E+000, 1.1979366348771674E+000, 1.8597342110737713E-008,-2.7880279825112471E+000, 2.7880281961334239E+000, 2.1362217683673634E-007,-2.8157544432019113E+000, 2.8157544409072384E+000,-1.1836685869852033E+000, 1.1836686055825454E+000,-2.2795332317884593E+000, 2.2795334454106362E+000,-4.7733207575950243E-001, 4.7733207575950243E-001,-1.4268029294622016E-002, 1.4268029294622016E-002,-5.0849475072278782E-001, 5.0849475072278782E-001,1,1, 1.2642879727332188E+000, 6.3510448577351675E-001, 1.1422850185628821E+000, 1.0000000080088767E+000,-2.4854581875207646E+000,-2.4854581590983411E+000,8
16,-5.5555555555555601E-002, 3.8888888888888890E-001, 0.0000000000000000E+000,-7.9534838044777567E-002, 6.8879190232658372E-001, 0.0000000000000000E+000, 1.2105106816009743E+001,-6.0909174083268924E-001, 6.0909180742104341E-001, 6.6588354163954477E-008, 3.4508475477288876E+000,-3.4508475620367589E+000,-1.4307871776253478E-008,-2.7880314849356109E+000, 2.7880315669081948E+000, 8.1972583831912971E-008,-3.8278419808669645E-001, 3.8278426467505061E-001, 3.0303350615360198E+000,-3.0303350758438916E+000,-2.2795412379184596E+000, 2.2795413198910435E+000,-2.2630754274599285E-001, 2.2630754274599285E-001, 4.2051248619286752E-001,-4.2051248619286752E-001,-5.0849024701715140E-001, 5.0849024701715140E-001,1,1, 1.2642889009482472E+000, 6.3510577017840231E-001, 1.1422847897229429E+000, 1.0000000081535294E+000,-2.4854577703142353E+000,-2.4854577420739994E+000,8
17, 4.4444444444444442E-001, 4.4444444444444442E-001, 0.0000000000000000E+000, 6.3627870435821998E-001, 3.6735568124084456E-001, 0.0000000000000000E+000, 1.2889778895106105E+001,-3.2137635910500260E+000, 3.2137635499536987E+000,-4.1096327230150109E-008,-1.8554672374084393E+000, 1.8554672225238085E+000,-1.4884630861189407E-008,-2.9511151279929897E+000, 2.9511149918503214E+000,-1.3614266825001664E-007,-3.0925941949290601E+000, 3.0925941538327328E+000,-1.7855100691311065E+000, 1.7855100542464757E+000,-2.2459620625040175E+000, 2.2459619263613493E+000,-1.2116939612096572E-001, 1.2116939612096572E-001,-6.9957168277332865E-002, 6.9957168277332865E-002,-7.0515306548897205E-001, 7.0515306548897205E-001,1,1, 1.3187588742271803E+000, 6.4001563523029337E-001, 1.1403149174414240E+000, 1.0000000064430439E+000,-2.4587517746169052E+000,-2.4587517402909569E+000,8
18,-5.5555555555555601E-002, 4.4444444444444442E-001, 0.0000000000000000E+000,-7.9534838044777567E-002, 7.8063082263679473E-001, 0.0000000000000000E+000, 1.3716329177898006E+001,-2.2388082224373873E-001, 2.2388094308901255E-001, 1.2084527381550636E-007, 2.9786682549085399E+000,-2.9786679640817217E+000, 2.9082681818337619E-007,-1.3730717079231003E-001, 1.3730702025046104E-001,-1.5054184898666279E-007,-1.3937800599702288E-001, 1.3937812684229670E-001, 2.7706786058422419E+000,-2.7706783150154237E+000,-1.0349742946164344E+000, 1.0349741440745854E+000,-8.4502816246715851E-002, 8.4502816246715851E-002, 2.0798964906629813E-001,-2.0798964906629813E-001, 8.9766712382412439E-001,-8.9766712382412439E-001,1,1, 1.2743156652694356E+000, 6.4978823182572054E-001, 1.1377792731137224E+000, 1.0000000134788889E+000,-2.5694847586834797E+000,-2.5694847292683578E+000,8
19, 4.4444444444444442E-001, 5.0000000000000000E-001, 0.0000000000000000E+000, 6.3627870435821998E-001, 4.5919460155105579E-001, 0.0000000000000000E+000, 1.4501001256994368E+001,-2.4676722505476762E+000, 2.4676722418565777E+000,-8.6910985075405733E-009,-1.6832336869849511E+000, 1.6832337483138486E+000, 6.1328897515977587E-008,-1.3728616940614169E-001, 1.3728602891172914E-001,-1.4049441254826434E-007,-2.3297984165856809E+000, 2.3297984078945824E+000,-1.5060544406557030E+000, 1.5060545019846006E+000,-1.0349617689407786E+000, 1.0349616284463661E+000,-1.3787383396199557E-001, 1.3787383396199557E-001,-1.7717924632924811E-001, 1.7717924632924811E-001, 8.9767559953463694E-001,-8.9767559953463694E-001,1,1, 1.2743147440545721E+000, 6.4978688191128620E-001, 1.1377795166075950E+000, 1.0000000109275713E+000,-2.5694846658666246E+000,-2.5694846362533559E+000,8
20,-5.5555555555555601E-002, 5.0000000000000000E-001, 0.0000000000000000E+000,-7.9534838044777567E-002, 8.7246974294700597E-001, 0.0000000000000000E+000, 1.5327551539786269E+001, 2.2389300903365730E-001,-2.2389298175821251E-001, 2.7275444791641235E-008, 2.9786774223293677E+000,-2.9786774939323548E+000,-7.1602987095076287E-008,-1.3730993878534059E-001, 1.3731008041570048E-001, 1.4163035988445927E-007, 1.3938536171697952E-001,-1.3938533444153473E-001, 2.7706833595893490E+000,-2.7706834311923361E+000,-1.0349784057424523E+000, 1.0349785473728121E+000, 8.4507647316677786E-002,-8.4507647316677786E-002, 2.0799406274001894E-001,-2.0799406274001894E-001, 8.9766846695711167E-001,-8.9766846695711167E-001,1,1, 1.2743149128960729E+000, 6.4978795322361049E-001, 1.1377793022294407E+000, 1.0000000054008080E+000,-2.5694851153278320E+000,-2.5694850860071234E+000,8
21, 4.4444444444444442E-001,-4.4444444444444442E-001, 0.0000000000000000E+000, 6.3627870435821998E-001,-1.1020670437225337E+000, 0.0000000000000000E+000, 1.7427833556420893E+001,-1.7578670446078410E+000, 1.7578669022137354E+000,-1.4239410561778243E-007,-1.0149049485092632E+000, 1.0149048091224697E+000,-1.3938679355174344E-007, 3.5417648530313035E+000,-3.5417649118729631E+000,-5.8841659378305877E-008,-1.5108807549369034E+000, 1.5108806125427978E+000,-8.7230741408256274E-001, 8.7230727469576919E-001, 3.8745312341556831E-001,-3.8745318225722769E-001,-2.4698628967093761E-001, 2.4698628967093761E-001,-1.4259753442670045E-001, 1.4259753442670045E-001, 3.1543117296157352E+000,-3.1543117296157352E+000,1,1, 1.1578314384251756E+000, 6.6613002642808361E-001, 1.1376894545869918E+000, 1.0000000137505141E+000,-2.7518064108555058E+000,-2.7518063908264119E+000,8
22,-5.5555555555555601E-002,-4.4444444444444442E-001, 0.0000000000000000E+000,-7.9534838044777567E-002,-6.8879190232658349E-001, 0.0000000000000000E+000, 1.8254383839212792E+001, 6.0910779214062216E-001,-6.0910777683130912E-001, 1.5309313039502115E-008, 3.4508744772999567E+000,-3.4508744129725519E+000, 6.4327404736275184E-008,-2.7880636730355408E+000, 2.7880635729177592E+000,-1.0011778162066776E-007, 3.8279308209290286E-001,-3.8279306678358982E-001, 3.0303475419239425E+000,-3.0303474775965378E+000,-2.2795593274857375E+000, 2.2795592273679559E+000, 2.2631471004771928E-001,-2.2631471004771928E-001, 4.2052693537601415E-001,-4.2052693537601415E-001,-5.0850434554980317E-001, 5.0850434554980317E-001,1,1, 1.2642869828647001E+000, 6.3510504159259384E-001, 1.1422848001809973E+000, 1.0000000126120014E+000,-2.4854587729376809E+000,-2.4854587448674632E+000,8
23, 4.4444444444444442E-001,-3.8888888888888878E-001, 0.0000000000000000E+000, 6.3627870435821998E-001,-1.0102281234123225E+000, 0.0000000000000000E+000, 1.9039055918309156E+001,-7.6931267210249366E-001, 7.6931251642288456E-001,-1.5567960909290690E-007,-3.3292672581089250E-001, 3.3292677660958914E-001, 5.0798696638043594E-008, 1.6548440022520721E+000,-1.6548442766229972E+000,-2.7437092531279461E-007,-7.0554835290361950E-001, 7.0554819722401041E-001,-2.7166098269131478E-001, 2.7166103349001142E-001,-6.1244335202668909E-001, 6.1244307765576378E-001,-6.3764319198874125E-002, 6.3764319198874125E-002,-6.1265743119577727E-002, 6.1265743119577727E-002, 2.2672873542787610E+000,-2.2672873542787610E+000,1,1, 1.0685951203986779E+000, 7.2418032343434779E-001, 1.1438906474935047E+000, 1.0000000168474794E+000,-2.8965215518124308E+000,-2.8965215396588473E+000,8
24,-5.5555555555555601E-002,-3.8888888888888878E-001, 0.0000000000000000E+000,-7.9534838044777567E-002,-5.9695298201637226E-001, 0.0000000000000000E+000, 1.9865606201101055E+001, 8.2014081882597845E-001,-8.2014070586111232E-001, 1.1296486601697353E-007, 4.0816489093990773E+000,-4.0816486345810521E+000, 2.7481802566953206E-007,-5.6283827047393098E+000, 5.6283822201673628E+000,-4.8457194701256867E-007, 5.1591785072620355E-001,-5.1591773776133754E-001, 3.4042003930390958E+000,-3.4042001182210702E+000,-3.7787413075470138E+000, 3.7787408229750667E+000, 3.0422296809977484E-001,-3.0422296809977484E-001, 6.7744851635998182E-001,-6.7744851635998182E-001,-1.8496413971922963E+000, 1.8496413971922963E+000,1,1, 1.2501853709130373E+000, 6.0293970230097915E-001, 1.1487018286942741E+000, 1.0000000158906677E+000,-2.3334688264325614E+000,-2.3334688006228665E+000,8
25, 4.4444444444444442E-001,-3.3333333333333343E-001, 0.0000000000000000E+000, 6.3627870435821998E-001,-9.1838920310211170E-001, 0.0000000000000000E+000, 2.0650278280197419E+001,-1.2572407297880592E-001, 1.2572416657814289E-001, 9.3599336975502823E-008,-4.4323356148395603E-002, 4.4323286677245492E-002,-6.9471150110356206E-008,-2.9201198726505169E+000, 2.9201199201820982E+000, 4.7531581337523221E-008,-1.5587632648737493E-001, 1.5587642008671190E-001, 1.3842205893071335E-002,-1.3842275364221446E-002,-3.5824892574482754E+000, 3.5824893049798567E+000, 3.0152253508569021E-002,-3.0152253508569021E-002,-5.8165562041466938E-002, 5.8165562041466938E-002, 6.6236938479775864E-001,-6.6236938479775864E-001,1,1, 1.0421934163035464E+000, 7.9586682379317608E-001, 1.1527337752266005E+000, 1.0000000228092178E+000,-2.9660598960893614E+000,-2.9660598872608732E+000,8
26,-5.5555555555555601E-002,-3.3333333333333343E-001, 0.0000000000000000E+000,-7.9534838044777567E-002,-5.0511406170616147E-001, 0.0000000000000000E+000, 2.1476828562989319E+001, 7.7702265294716910E-001,-7.7702252596433752E-001, 1.2698283158307788E-007, 4.6495819882812643E+000,-4.6495818658852963E+000, 1.2239596802743336E-007,-6.1357193883865770E+000, 6.1357191268459328E+000,-2.6154064425298884E-007, 5.0113253587647721E-001,-5.0113240889364563E-001, 3.7615566050044147E+000,-3.7615564826084467E+000,-4.6587785828139152E+000, 4.6587783212732710E+000, 2.7589011707069183E-001,-2.7589011707069183E-001, 8.8802538327684999E-001,-8.8802538327684999E-001,-1.4769408055726618E+000, 1.4769408055726618E+000,1,1, 1.2234362672906602E+000, 5.4530868924293008E-001, 1.1523558970689918E+000, 1.0000000139120324E+000,-2.1442903426764808E+000,-2.1442903195349743E+000,8
27, 4.4444444444444442E-001,-2.7777777777777779E-001, 0.0000000000000000E+000, 6.3627870435821998E-001,-8.2655028279190035E-001, 0.0000000000000000E+000, 2.2261500642085682E+001, 5.9427030162714010E-006,-6.0946071667343208E-006,-1.5190415046228284E-007, 2.7560114152501952E-002,-2.7560175682315155E-002,-6.1529813202843009E-008,-4.5612391585874210E+000, 4.5612398727323304E+000, 7.1414490943055853E-007, 5.0471410676837872E-006,-5.1990452181460700E-006, 7.3758162346720474E-002,-7.3758223876533677E-002,-4.9075573303181885E+000, 4.9075580444630980E+000, 8.9556194858761342E-007,-8.9556194858825081E-007,-4.6198048194218522E-002, 4.6198048194218522E-002, 3.4631817173076729E-001,-3.4631817173076729E-001,1,1, 1.0427711966020894E+000, 8.2483926793668361E-001, 1.1568198382388264E+000, 1.0000000067543127E+000,-2.9828780994910407E+000,-2.9828780913894870E+000,8
28,-5.5555555555555601E-002,-2.7777777777777779E-001, 0.0000000000000000E+000,-7.9534838044777567E-002,-4.1327514139595017E-001, 0.0000000000000000E+000, 2.3088050924877582E+001, 1.9881310869475077E-001,-1.9881309363106064E-001, 1.5063690128602758E-008, 5.4621266629520351E+000,-5.4621263759157319E+000, 2.8703630317039597E-007,-1.6616973748092305E+000, 1.6616969826214834E+000,-3.9218774716687221E-007, 2.9386921996663928E-001,-2.9386920490294915E-001, 3.9977514372837177E+000,-3.9977511502474146E+000,-4.0259599817248279E+000, 4.0259595895370808E+000,-9.5056111271888524E-002, 9.5056111271888524E-002, 1.4643752256683171E+000,-1.4643752256683171E+000, 2.3642626069155974E+000,-2.3642626069155974E+000,1,1, 1.1619816584268503E+000, 4.5759120757291338E-001, 1.1491053255215353E+000, 1.0000000173144261E+000,-1.9542140823861991E+000,-1.9542140608729275E+000,8
29, 4.4444444444444442E-001,-2.2222222222222221E-001, 0.0000000000000000E+000, 6.3627870435821998E-001,-7.3471136248168911E-001, 0.0000000000000000E+000, 2.3872723003973945E+001, 1.2573888428156482E-001,-1.2573885932741652E-001, 2.4954148303280022E-008,-4.4317605057604667E-002, 4.4317406143502949E-002,-1.9891410171779533E-007,-2.9201324712248917E+000, 2.9201322970301127E+000,-1.7419477904567771E-007, 1.5588787254810504E-001,-1.5588784759395674E-001, 1.3845959559749432E-002,-1.3846158473851150E-002,-3.5825091765809951E+000, 3.5825090023862161E+000,-3.0148988266540215E-002, 3.0148988266540215E-002,-5.8163564617354099E-002, 5.8163564617354099E-002, 6.6237670535610338E-001,-6.6237670535610338E-001,1,1, 1.0421913573163541E+000, 7.9586642137098740E-001, 1.1527335555558960E+000, 1.0000000139842891E+000,-2.9660611085491659E+000,-2.9660611004768853E+000,8
30,-5.5555555555555601E-002,-2.2222222222222221E-001, 0.0000000000000000E+000,-7.9534838044777567E-002,-3.2143622108573894E-001, 0.0000000000000000E+000, 2.4699273286765845E+001,-1.5935082074565750E+000, 1.5935083578295968E+000, 1.5037302181220014E-007, 7.8098874640158229E+000,-7.8098875737298616E+000,-1.0971403785475786E-007, 1.3648835949239151E+001,-1.3648836182069472E+001,-2.3283032035692486E-007, 1.1301628230120157E-001,-1.1301613192817976E-001, 3.8610737267120188E+000,-3.8610738364260566E+000,-6.4188968734707108E-001, 6.4188945451675072E-001,-1.7065244897577765E+000, 1.7065244897577765E+000, 3.9488137373038046E+000,-3.9488137373038046E+000, 1.4290725636586222E+001,-1.4290725636586222E+001,1,1, 1.0563222027617676E+000, 3.6598544288458779E-001, 1.1407756244135516E+000, 1.0000000164916309E+000,-1.7799786058791418E+000,-1.7799785829337456E+000,8
31, 4.4444444444444442E-001,-1.6666666666666660E-001, 0.0000000000000000E+000, 6.3627870435821998E-001,-6.4287244217147788E-001, 0.0000000000000000E+000, 2.5483945365862208E+001, 7.6933539019094466E-001,-7.6933568255176421E-001,-2.9236081955374971E-007,-3.3291605128303792E-001, 3.3291575396624162E-001,-2.9731679629385610E-007, 1.6548739863327668E+000,-1.6548739780834376E+000, 8.2493289976781625E-009, 7.0556252840227163E-001,-7.0556282076309118E-001,-2.7165527424014274E-001, 2.7165497692334645E-001,-6.1244699002858394E-001, 6.1244699827791294E-001, 6.3772861788673030E-002,-6.3772861788673030E-002,-6.1260777042895204E-002, 6.1260777042895204E-002, 2.2673209763613507E+000,-2.2673209763613507E+000,1,1, 1.0685928825574535E+000, 7.2417965098752857E-001, 1.1438903011734378E+000, 1.0000000094202128E+000,-2.8965230555633550E+000,-2.8965230442050873E+000,8
32,-5.5555555555555601E-002,-1.6666666666666660E-001, 0.0000000000000000E+000,-7.9534838044777567E-002,-2.2959730077552770E-001, 0.0000000000000000E+000, 2.6310495648654108E+001,-2.5147818936446704E+000, 2.5147821852126095E+000, 2.9156793912576973E-007, 9.3377517497250260E+000,-9.3377514132129260E+000, 3.3651209951912620E-007, 2.8676188674811424E+001,-2.8676188533048510E+001, 1.4176291518452899E-007, 5.1862564479020179E-001,-5.1862535322226266E-001, 2.7757709879172481E+000,-2.7757706514051486E+000, 2.4142906645630799E+000,-2.4142905228001648E+000,-3.0334075384348722E+000, 3.0334075384348722E+000, 6.5619807618077779E+000,-6.5619807618077779E+000, 2.6261898010248345E+001,-2.6261898010248345E+001,1,1, 9.1875247064846777E-001, 3.4799792812491664E-001, 1.1351019628261168E+000, 1.0000000248957528E+000,-1.6052885486589239E+000,-1.6052885204400378E+000,8
33, 4.4444444444444442E-001,-1.1111111111111120E-001, 0.0000000000000000E+000, 6.3627870435821998E-001,-5.5103352186126697E-001, 0.0000000000000000E+000, 2.7095167727750471E+001, 1.7578784791961692E+000,-1.7578784800634570E+000,-8.6728779713496351E-010,-1.0148948931926181E+000, 1.0148949269797614E+000, 3.3787143194352609E-008, 3.5417649952743715E+000,-3.5417650994268595E+000,-1.0415248824502399E-007, 1.5108860883351167E+000,-1.5108860892024045E+000,-8.7230135082014160E-001, 8.7230138460728479E-001, 3.8744308037402353E-001,-3.8744318452651177E-001, 2.4699239086105249E-001,-2.4699239086105249E-001,-1.4259354237247654E-001, 1.4259354237247654E-001, 3.1543219149003479E+000,-3.1543219149003479E+000,1,1, 1.1578308768200465E+000, 6.6613025743027321E-001, 1.1376891353292651E+000, 1.0000000139362859E+000,-2.7518072398160980E+000,-2.7518072201660466E+000,8
34,-5.5555555555555601E-002,-1.1111111111111120E-001, 0.0000000000000000E+000,-7.9534838044777567E-002,-1.3775838046531683E-001, 0.0000000000000000E+000, 2.7921718010542371E+001,-2.8367993659856756E+000, 2.8367966693909139E+000,-2.6965947614865371E-006, 1.6379633921655601E+000,-1.6379640433308191E+000,-6.5116525865827057E-007, 2.5138177096574008E+001,-2.5138174592052255E+001, 2.5045217526553643E-006, 6.0605640809174166E-001,-6.0605910468650315E-001,-3.4986314661117479E-001, 3.4986249544591613E-001, 3.6000397032977487E+000,-3.6000371987759960E+000,-3.4428557740774171E+000, 3.4428557740774171E+000, 1.9878265387767349E+000,-1.9878265387767353E+000, 2.1538137393276259E+001,-2.1538137393276259E+001,1,1, 7.4341298046166848E-001, 3.9579888743075509E-001, 1.1379300376626289E+000, 1.0000000301847451E+000,-1.4292568998193493E+000,-1.4292568667373464E+000,8
35, 4.4444444444444442E-001,-5.5555555555555601E-002, 0.0000000000000000E+000, 6.3627870435821998E-001,-4.5919460155105579E-001, 0.0000000000000000E+000, 2.8706390089638735E+001, 2.4676619923148886E+000,-2.4676619217029812E+000, 7.0611907432294174E-008,-1.6832209318721632E+000, 1.6832206795880507E+000,-2.5228411248967575E-007,-1.3730753884486091E-001, 1.3730721285606295E-001,-3.2598879795564528E-007, 2.3297891256451688E+000,-2.3297890550332614E+000,-1.5060445251185266E+000, 1.5060442728344141E+000,-1.0349746763563736E+000, 1.0349743503675757E+000, 1.3787286666971957E-001,-1.3787286666971957E-001,-1.7717640675363661E-001, 1.7717640675363661E-001, 8.9766713751151272E-001,-8.9766713751151272E-001,1,1, 1.2743156652879586E+000, 6.4978823243762496E-001, 1.1377792824411643E+000, 1.0000000191160143E+000,-2.5694847586942928E+000,-2.5694847292820282E+000,8
36,-5.5555555555555601E-002,-5.5555555555555601E-002, 0.0000000000000000E+000,-7.9534838044777567E-002,-4.5919460155105611E-002, 0.0000000000000000E+000, 2.9532940372430634E+001,-5.1251186276951593E+001, 5.1251182862409991E+001,-3.4145416023534381E-006,-2.9589902830390919E+001, 2.9589893938234784E+001,-8.8921561340882249E-006, 6.9474966524938594E+001,-6.9474967465536380E+001,-9.4059778632527014E-007,-1.2272581970500065E+001, 1.2272578555958463E+001,-7.0855856496137752E+000, 7.0855767574576412E+000, 1.5059507013060019E+001,-1.5059507953657805E+001,-3.8978604306451530E+001, 3.8978604306451530E+001,-2.2504317180777143E+001, 2.2504317180777143E+001, 5.4415459511878574E+001,-5.4415459511878574E+001,1,1, 5.2069985840317301E-001, 3.6826379760476302E-001, 1.1521001447746515E+000, 1.0000000301046155E+000,-1.3310204989092220E+000,-1.3310204726247714E+000,8
