# aggregation=ARCHIVED_NATIVE_POINT_ROWS; no synthetic native integral
k_index,k1,k2,k3,kx_A-1,ky_A-1,kz_A-1,k_distance_A-1,omega_plus_yz_A2,omega_minus_yz_A2,omega_parent_yz_A2,omega_plus_zx_A2,omega_minus_zx_A2,omega_parent_zx_A2,omega_plus_xy_A2,omega_minus_xy_A2,omega_parent_xy_A2,parent_projected_plus_yz_A2,parent_projected_minus_yz_A2,parent_projected_plus_zx_A2,parent_projected_minus_zx_A2,parent_projected_plus_xy_A2,parent_projected_minus_xy_A2,spin_mixing_plus_yz_A2,spin_mixing_minus_yz_A2,spin_mixing_plus_zx_A2,spin_mixing_minus_zx_A2,spin_mixing_plus_xy_A2,spin_mixing_minus_xy_A2,rank_plus,rank_minus,external_energy_gap_eV,min_abs_spin_eigenvalue,min_gram_eigenvalue,gram_condition,selected_energy_min_eV,selected_energy_max_eV,source_chunk
1, 0.0000000000000000E+000, 0.0000000000000000E+000, 0.0000000000000000E+000, 0.0000000000000000E+000, 0.0000000000000000E+000, 0.0000000000000000E+000, 0.0000000000000000E+000, 3.0239620131612483E-005,-3.0780139952253007E-005,-5.4051982064050986E-007, 1.7618012347363329E-005,-1.7830612497560168E-005,-2.1260015019685321E-007, 1.6782533352906538E+002,-1.6782533400362075E+002,-4.7455537810492388E-007, 1.7509210662079040E-005,-1.8049730482719550E-005, 1.0294362053582078E-005,-1.0506962203778931E-005, 1.6795634457617143E+002,-1.6795634505072681E+002, 1.2730409469533445E-005,-1.2730409469533453E-005, 7.3236502937812514E-006,-7.3236502937812378E-006,-1.3101104710605796E-001, 1.3101104710605796E-001,5,5, 5.3502837479947662E-001, 5.9369767092528714E-001, 1.1160514861346276E+000, 1.5692536503146626E+000,-1.3655776200601444E+001,-1.4150530831564430E+000,0
2, 3.3333333333333331E-001, 0.0000000000000000E+000, 0.0000000000000000E+000, 4.7720902826866501E-001,-2.7551676093063343E-001, 0.0000000000000000E+000, 5.5103352186126686E-001, 1.6275311577073019E+000,-1.6275312204324446E+000,-6.2725142635500220E-008,-9.3965440818133628E-001, 9.3965444654243269E-001, 3.8361096299510677E-008,-1.2949782780751964E+000, 1.2949782770587071E+000,-1.0164893371467087E-009, 1.6556139492304480E+000,-1.6556140119555907E+000,-9.5586784993251150E-001, 9.5586788829360780E-001,-1.0332115697253212E+000, 1.0332115687088319E+000,-2.8082791523146067E-002, 2.8082791523146081E-002, 1.6213441751175173E-002,-1.6213441751175155E-002,-2.6176670834987520E-001, 2.6176670834987525E-001,5,5, 1.5606512561516817E+000, 9.3584373536199350E-001, 1.1180063416077262E+000, 1.4576809133398729E+000,-1.2800720252111343E+001,-2.1733449540160166E+000,0
3,-3.3333333333333343E-001, 0.0000000000000000E+000, 0.0000000000000000E+000,-4.7720902826866518E-001, 2.7551676093063354E-001, 0.0000000000000000E+000, 1.6531005655838009E+000, 1.6275311341025718E+000,-1.6275312276792173E+000,-9.3576645543436143E-008,-9.3965442905888663E-001, 9.3965448179229627E-001, 5.2733409638960893E-008,-1.2949782988569103E+000, 1.2949782563840007E+000,-4.2472909633772815E-008, 1.6556139275466444E+000,-1.6556140211232899E+000,-9.5586786134827040E-001, 9.5586791408168004E-001,-1.0332115878102328E+000, 1.0332115453373232E+000,-2.8082793444072520E-002, 2.8082793444072524E-002, 1.6213432289383753E-002,-1.6213432289383736E-002,-2.6176671104667737E-001, 2.6176671104667737E-001,5,5, 1.5606512561384376E+000, 9.3584373702369206E-001, 1.1180063454842091E+000, 1.4576809182345929E+000,-1.2800720252108794E+001,-2.1733449540448415E+000,0
4, 0.0000000000000000E+000, 8.3333333333333301E-002, 0.0000000000000000E+000, 0.0000000000000000E+000, 1.3775838046531666E-001, 0.0000000000000000E+000, 2.1497954699763775E+000,-1.4340961996952341E-005, 1.4603562087817377E-005, 2.6260009086283005E-007, 1.1679918266081346E+000,-1.1679920415778109E+000,-2.1496967628209518E-007, 2.9996234661537841E+001,-2.9996234835284532E+001,-1.7374669170067136E-007,-3.5772313098255651E-006, 3.8398314006883952E-006, 1.6606918971470683E+000,-1.6606921121167446E+000, 2.0671969684340837E+001,-2.0671969858087529E+001,-1.0763730687126776E-005, 1.0763730687128982E-005,-4.9270007053893372E-001, 4.9270007053893367E-001, 9.3242649771970036E+000,-9.3242649771970036E+000,5,5, 8.1034522855181579E-001, 7.8649733090614671E-001, 1.1170915789238467E+000, 1.5055210814873816E+000,-1.3597545098305716E+001,-1.3772961146365108E+000,0
5, 3.3333333333333331E-001, 8.3333333333333301E-002, 0.0000000000000000E+000, 4.7720902826866501E-001,-1.3775838046531677E-001, 0.0000000000000000E+000, 2.7008289918376445E+000, 4.5199607679597065E-001,-4.5199603118106590E-001, 4.5614904742308227E-008,-3.9066528729873551E-001, 3.9066523730696023E-001,-4.9991775219471180E-008,-5.7067298343449213E-001, 5.7067304475707037E-001, 6.1322578237543723E-008, 6.0651018752566888E-001,-6.0651014191076413E-001,-1.7494978221353036E-001, 1.7494973222175514E-001,-3.5552275598294486E-001, 3.5552281730552310E-001,-1.5451411072969823E-001, 1.5451411072969826E-001,-2.1571550508520515E-001, 2.1571550508520509E-001,-2.1515022745154724E-001, 2.1515022745154727E-001,5,5, 1.7994729535873208E+000, 8.9538058096822271E-001, 1.1144530395404817E+000, 1.4641221625494860E+000,-1.2943583982695950E+001,-2.1597591334073920E+000,0
6,-3.3333333333333343E-001, 8.3333333333333301E-002, 0.0000000000000000E+000,-4.7720902826866518E-001, 4.1327514139595023E-001, 0.0000000000000000E+000, 3.8028960355601784E+000, 4.2589237938984797E-001,-4.2589237628474919E-001, 3.1050987892022874E-009,-3.5872411883063904E-001, 3.5872407335234735E-001,-4.5478291688105799E-008,-1.1204962640232466E-001, 1.1204963929805319E-001, 1.2895728519757288E-008, 4.2574274864969158E-001,-4.2574274554459279E-001,-4.5604959284083224E-001, 4.5604954736254055E-001,-1.9323626164079170E-002, 1.9323639059807690E-002, 1.4963074015640144E-004,-1.4963074015640707E-004, 9.7325474010193216E-002,-9.7325474010193230E-002,-9.2726000238245496E-002, 9.2726000238245496E-002,5,5, 2.1838840238141577E+000, 9.1819051069288993E-001, 1.1140407532649825E+000, 1.4582958313727066E+000,-1.2573739524734417E+001,-2.4420705944991346E+000,0
7, 0.0000000000000000E+000, 1.6666666666666671E-001, 0.0000000000000000E+000, 0.0000000000000000E+000, 2.7551676093063354E-001, 0.0000000000000000E+000, 4.2995909399527550E+000,-4.6737709917628391E-006, 4.6038748176549103E-006,-6.9896174107269790E-008, 1.8168928496709291E+000,-1.8168929253599773E+000,-7.5689048140148429E-008, 4.4620454862675345E+000,-4.4620455384528972E+000,-5.2185363585977029E-008,-2.3978361602603051E-006, 2.3279399861530353E-006, 1.8789619776419773E+000,-1.8789620533310254E+000, 3.7393155557889743E+000,-3.7393156079743379E+000,-2.2759348315025340E-006, 2.2759348315018750E-006,-6.2069127971048195E-002, 6.2069127971048209E-002, 7.2272993047855971E-001,-7.2272993047855949E-001,5,5, 1.0796203380460740E+000, 8.7479638517427649E-001, 1.1172748585308621E+000, 1.4795537875787614E+000,-1.3425970759592943E+001,-1.6045468039347979E+000,0
8, 3.3333333333333331E-001, 1.6666666666666671E-001, 0.0000000000000000E+000, 4.7720902826866501E-001, 1.1102230246251565E-016, 0.0000000000000000E+000, 4.8506244618140215E+000, 1.3614028399013090E-007,-4.4540816943342416E-008, 9.1599467046907810E-008,-2.5253497295071192E-001, 2.5253496248233492E-001,-1.0468376984706929E-008,-3.4849176700850831E-002, 3.4849064829885923E-002,-1.1187096490838933E-007, 3.2155682326836057E-007,-2.2995735622145276E-007, 3.2255422068838205E-002,-3.2255432537215190E-002, 4.8410677212357478E-002,-4.8410789083322386E-002,-1.8541653927822967E-007, 1.8541653927811034E-007,-2.8479039501955011E-001, 2.8479039501955011E-001,-8.3259853913208309E-002, 8.3259853913208309E-002,5,5, 2.2200915715464471E+000, 8.8348898614153371E-001, 1.1122471117343511E+000, 1.4671478977836452E+000,-1.2992298601158929E+001,-2.1909982351120725E+000,0
9,-3.3333333333333343E-001, 1.6666666666666671E-001, 0.0000000000000000E+000,-4.7720902826866518E-001, 5.5103352186126708E-001, 0.0000000000000000E+000, 5.9526915055365555E+000,-3.1570615013622558E-002, 3.1570614144214630E-002,-8.6940792759504504E-010,-7.5120701275724511E-002, 7.5120663329542620E-002,-3.7946181891124198E-008, 2.1850129604816895E-001,-2.1850131757617935E-001,-2.1528010402116493E-008,-4.2790949554090581E-002, 4.2790948684682653E-002,-1.2023657693550036E-001, 1.2023653898931846E-001, 2.1342194438426079E-001,-2.1342196591227119E-001, 1.1220334540468020E-002,-1.1220334540468021E-002, 4.5115875659775845E-002,-4.5115875659775845E-002, 5.0793516639081647E-003,-5.0793516639081613E-003,5,5, 2.9197805993059904E+000, 9.2185256234699287E-001, 1.1094507473179280E+000, 1.4567113845042967E+000,-1.2279877595748030E+001,-2.7726262654156852E+000,0
10, 0.0000000000000000E+000, 2.5000000000000000E-001, 0.0000000000000000E+000, 0.0000000000000000E+000, 4.1327514139595017E-001, 0.0000000000000000E+000, 6.4493864099291320E+000,-2.9257026128084613E-007, 4.0148658900585410E-007, 1.0891632772500807E-007, 2.3737323197457205E+000,-2.3737324187302451E+000,-9.8984524576906097E-008,-2.1862228139898634E+000, 2.1862224581172618E+000,-3.5587260160951928E-007, 3.6449319733991375E-007,-2.5557686961490567E-007, 2.3379840271768142E+000,-2.3379841261613388E+000,-1.7357020792980600E+000, 1.7357017234254584E+000,-6.5706345862075988E-007, 6.5706345862075977E-007, 3.5748292568906243E-002,-3.5748292568906215E-002,-4.5052073469180326E-001, 4.5052073469180326E-001,5,5, 1.2065557326477294E+000, 9.1167219055383286E-001, 1.1176415015635368E+000, 1.4656660992910204E+000,-1.3151960291384688E+001,-1.8711157179629887E+000,0
11, 3.3333333333333331E-001, 2.5000000000000000E-001, 0.0000000000000000E+000, 4.7720902826866501E-001, 1.3775838046531674E-001, 0.0000000000000000E+000, 7.0004199317903986E+000,-4.5199747905469589E-001, 4.5199745351278797E-001,-2.5541907922033147E-008,-3.9066675046900756E-001, 3.9066675954068120E-001, 9.0716736067530945E-009,-5.7067322400812559E-001, 5.7067332771946377E-001, 1.0371133818409817E-007,-6.0651147649206094E-001, 6.0651145095015302E-001,-1.7495027956544598E-001, 1.7495028863711959E-001,-3.5552185527437596E-001, 3.5552195898571415E-001, 1.5451399743736505E-001,-1.5451399743736505E-001,-2.1571647090356158E-001, 2.1571647090356164E-001,-2.1515136873374960E-001, 2.1515136873374965E-001,5,5, 1.7994699126776725E+000, 8.9538040747518943E-001, 1.1144530698242214E+000, 1.4641221937277120E+000,-1.2943585197085891E+001,-2.1597589447147776E+000,0
12,-3.3333333333333343E-001, 2.5000000000000000E-001, 0.0000000000000000E+000,-4.7720902826866518E-001, 6.8879190232658372E-001, 0.0000000000000000E+000, 8.1024869755129316E+000,-7.8909779503279001E-002, 7.8909816489296250E-002, 3.6986017248885616E-008,-1.3114676017135972E-002, 1.3114627335017346E-002,-4.8682118627962900E-008, 3.8883830883213899E-001,-3.8883830015121679E-001, 8.6809222588080104E-009,-8.6051373983031226E-002, 8.6051410969048475E-002,-2.3226809543519369E-002, 2.3226760861400741E-002, 3.3746889639401784E-001,-3.3746888771309558E-001, 7.1415944797522243E-003,-7.1415944797522252E-003, 1.0112133526383398E-002,-1.0112133526383396E-002, 5.1369412438121181E-002,-5.1369412438121195E-002,5,5, 3.0121228315814705E+000, 9.2828169980248143E-001, 1.1070880387501121E+000, 1.4513357793408597E+000,-1.1943157337867174E+001,-3.0487119637023454E+000,0
13, 0.0000000000000000E+000, 3.3333333333333331E-001, 0.0000000000000000E+000, 0.0000000000000000E+000, 5.5103352186126686E-001, 0.0000000000000000E+000, 8.5991818799055082E+000, 9.7062870067645618E-007,-9.5905177773112934E-007, 1.1576922945326839E-008, 1.8793104468169881E+000,-1.8793105976318312E+000,-1.5081484305845549E-007,-1.2949781729077905E+000, 1.2949783400105397E+000, 1.6710274919340407E-007, 1.1181367662681360E-006,-1.1065598433228092E-006, 1.9117375806615835E+000,-1.9117377314764266E+000,-1.0332114611388699E+000, 1.0332116282416191E+000,-1.4750806559167977E-007, 1.4750806559167985E-007,-3.2427133844595293E-002, 3.2427133844595300E-002,-2.6176671176892058E-001, 2.6176671176892052E-001,5,5, 1.5606512561544754E+000, 9.3584373611400573E-001, 1.1180063585154718E+000, 1.4576809149221939E+000,-1.2800720252095470E+001,-2.1733449540387664E+000,0
14, 3.3333333333333331E-001, 3.3333333333333331E-001, 0.0000000000000000E+000, 4.7720902826866501E-001, 2.7551676093063343E-001, 0.0000000000000000E+000, 9.1502154017667756E+000,-1.6275356687471232E+000, 1.6275355296175618E+000,-1.3912956142725363E-007,-9.3965811025621548E-001, 9.3965807132257206E-001,-3.8933643420335784E-008,-1.2949722154686372E+000, 1.2949722380567186E+000, 2.2588081405316984E-008,-1.6556172324926113E+000, 1.6556170933630499E+000,-9.5587101339213321E-001, 9.5587097445848979E-001,-1.0332061020430494E+000, 1.0332061246311308E+000, 2.8081563745488071E-002,-2.8081563745488078E-002, 1.6212903135917712E-002,-1.6212903135917736E-002,-2.6176611342558781E-001, 2.6176611342558775E-001,5,5, 1.5606488613082647E+000, 9.3584365415872750E-001, 1.1180063801998998E+000, 1.4576810492496677E+000,-1.2800722712461091E+001,-2.1733457112723733E+000,0
15,-3.3333333333333343E-001, 3.3333333333333331E-001, 0.0000000000000000E+000,-4.7720902826866518E-001, 8.2655028279190046E-001, 0.0000000000000000E+000, 1.0252282445489310E+001, 9.9975631860616053E-008,-1.0839649393513995E-007,-8.4208620745374919E-009, 6.6504451046470947E-008,-8.4078697227365078E-008,-1.7574246180893641E-008, 4.8575814743401480E-001,-4.8575812213540315E-001, 2.5298611650015346E-008, 1.5092780601498991E-008,-2.3513642676036483E-008, 1.6747269534518058E-008,-3.4321515715411699E-008, 4.1432214494206365E-001,-4.1432211964345200E-001, 8.4882851259117062E-008,-8.4882851259103470E-008, 4.9757181511952882E-008,-4.9757181511953379E-008, 7.1436002491951117E-002,-7.1436002491951131E-002,5,5, 3.0050345001785432E+000, 9.3107257956196277E-001, 1.1063870319387863E+000, 1.4451746056888284E+000,-1.1609953561662504E+001,-3.1791525912023806E+000,0
16, 0.0000000000000000E+000, 4.1666666666666669E-001, 0.0000000000000000E+000, 0.0000000000000000E+000, 6.8879190232658360E-001, 0.0000000000000000E+000, 1.0748977349881887E+001, 7.9332282513591087E-007,-7.9836236632285626E-007,-5.0395411869453861E-009, 1.4486286889552713E+000,-1.4486286311598013E+000, 5.7795469965427060E-008,-2.5341758270294917E-002, 2.5341780227495114E-002, 2.1957200196931481E-008, 8.9348969602173560E-007,-8.9852923720868099E-007, 1.5085043957706987E+000,-1.5085043379752288E+000, 6.4942426098976241E-002,-6.4942404141776044E-002,-1.0016687088582474E-007, 1.0016687088582473E-007,-5.9875706815427400E-002, 5.9875706815427386E-002,-9.0284184369271159E-002, 9.0284184369271159E-002,5,5, 1.9797512525629659E+000, 9.4093596554963554E-001, 1.1187385766503994E+000, 1.4522708673665066E+000,-1.2436466361425992E+001,-2.4107737724840739E+000,0
17, 3.3333333333333331E-001, 4.1666666666666669E-001, 0.0000000000000000E+000, 4.7720902826866501E-001, 4.1327514139595017E-001, 0.0000000000000000E+000, 1.1300010871743154E+001,-4.2589140597330111E-001, 4.2589138650691083E-001,-1.9466390277500523E-008,-3.5872391091764660E-001, 3.5872387689100166E-001,-3.4026644946116846E-008,-1.1204579392948755E-001, 1.1204588317336385E-001, 8.9243876320171944E-008,-4.2574137791376843E-001, 4.2574135844737815E-001,-4.5604964913795776E-001, 4.5604961511131281E-001,-1.9320194764370188E-002, 1.9320284008246508E-002,-1.5002805953265980E-004, 1.5002805953266999E-004, 9.7325738220311139E-002,-9.7325738220311139E-002,-9.2725599165117356E-002, 9.2725599165117342E-002,5,5, 2.1838829238634121E+000, 9.1819041807029023E-001, 1.1140407655825035E+000, 1.4582960332584793E+000,-1.2573743275657998E+001,-2.4420714941676622E+000,0
18,-3.3333333333333343E-001, 4.1666666666666669E-001, 0.0000000000000000E+000,-4.7720902826866518E-001, 9.6430866325721709E-001, 0.0000000000000000E+000, 1.2402077915465689E+001, 7.8910245988207686E-002,-7.8910247679173651E-002,-1.6909659644737118E-009,-1.3114394069473161E-002, 1.3114408364728750E-002, 1.4295255593849143E-008, 3.8884012073047225E-001,-3.8884009545323178E-001, 2.5277240467413975E-008, 8.6051708638269386E-002,-8.6051710329235351E-002,-2.3226675938314564E-002, 2.3226690233570157E-002, 3.3747042342829964E-001,-3.3747039815105917E-001,-7.1414626500616940E-003, 7.1414626500616958E-003, 1.0112281868841402E-002,-1.0112281868841408E-002, 5.1369697302172591E-002,-5.1369697302172591E-002,5,5, 3.0121205718027175E+000, 9.2828163994515234E-001, 1.1070880365438358E+000, 1.4513359664547563E+000,-1.1943163578752397E+001,-3.0487111352166680E+000,0
19, 0.0000000000000000E+000, 5.0000000000000000E-001, 0.0000000000000000E+000, 0.0000000000000000E+000, 8.2655028279190035E-001, 0.0000000000000000E+000, 1.2898772819858266E+001, 6.8129597459933441E-007,-6.5936138052465186E-007, 2.1934594074682551E-008, 1.3166356624892361E+000,-1.3166355879414859E+000, 7.4547750195108620E-008, 3.0689479613377479E-001,-3.0689480164723693E-001,-5.5134621312902254E-009, 7.7476104713370206E-007,-7.5282645305901951E-007, 1.3828345658961554E+000,-1.3828344913484052E+000, 3.6089695439869801E-001,-3.6089695991216014E-001,-9.3465072534367629E-008, 9.3465072534367642E-008,-6.6198903406919335E-002, 6.6198903406919335E-002,-5.4002158264923217E-002, 5.4002158264923210E-002,5,5, 2.1749718633050703E+000, 9.4219656970479704E-001, 1.1193177475612666E+000, 1.4499277203993173E+000,-1.2246440026757526E+001,-2.4979191317502938E+000,0
20, 3.3333333333333331E-001, 5.0000000000000000E-001, 0.0000000000000000E+000, 4.7720902826866501E-001, 5.5103352186126697E-001, 0.0000000000000000E+000, 1.3449806341719533E+001, 3.1571401405650054E-002,-3.1571397229149895E-002, 4.1765001665416968E-009,-7.5120226746073826E-002, 7.5120241290365958E-002, 1.4544292131768444E-008, 2.1850324845791844E-001,-2.1850328585147605E-001,-3.7393557611453687E-008, 4.2791750779298192E-002,-4.2791746602798025E-002,-1.2023637000431633E-001, 1.2023638454860847E-001, 2.1342367642707458E-001,-2.1342371382063219E-001,-1.1220349373648134E-002, 1.1220349373648134E-002, 4.5116143258242508E-002,-4.5116143258242508E-002, 5.0795720308438527E-003,-5.0795720308438545E-003,5,5, 2.9197787658671670E+000, 9.2185246864435710E-001, 1.1094507476703119E+000, 1.4567115754287505E+000,-1.2279882647718214E+001,-2.7726260326810346E+000,0
21,-3.3333333333333343E-001, 5.0000000000000000E-001, 0.0000000000000000E+000,-4.7720902826866518E-001, 1.1020670437225339E+000, 0.0000000000000000E+000, 1.4551873385442068E+001, 3.1571415032893943E-002,-3.1571378063205459E-002, 3.6969688484156382E-008,-7.5120153006174972E-002, 7.5120215569701179E-002, 6.2563526165293482E-008, 2.1850324757706566E-001,-2.1850325684320171E-001,-9.2661360528989434E-009, 4.2791762497444409E-002,-4.2791725527755925E-002,-1.2023629889883133E-001, 1.2023636146235750E-001, 2.1342367399095599E-001,-2.1342368325709205E-001,-1.1220347464550470E-002, 1.1220347464550466E-002, 4.5116145892656362E-002,-4.5116145892656320E-002, 5.0795735861096699E-003,-5.0795735861096682E-003,5,5, 2.9197787658911021E+000, 9.2185246817383260E-001, 1.1094507367516127E+000, 1.4567115951325549E+000,-1.2279882647703136E+001,-2.7726260326869960E+000,0
22, 0.0000000000000000E+000,-4.1666666666666657E-001, 0.0000000000000000E+000, 0.0000000000000000E+000,-6.8879190232658349E-001, 0.0000000000000000E+000, 1.6405222845556182E+001, 7.9722766361253743E-007,-8.1641492594462381E-007,-1.9187262332086383E-008, 1.4486285905021192E+000,-1.4486286687661296E+000,-7.8264010383577443E-008,-2.5341738758685617E-002, 2.5341746960930528E-002, 8.2022449110485951E-009, 8.9647338444151574E-007,-9.1566064677360212E-007, 1.5085042981691850E+000,-1.5085043764331953E+000, 6.4942445750465566E-002,-6.4942437548220655E-002,-9.9245720828978285E-008, 9.9245720828978272E-008,-5.9875707667065729E-002, 5.9875707667065736E-002,-9.0284184509151183E-002, 9.0284184509151183E-002,5,5, 1.9797512525736798E+000, 9.4093596495869858E-001, 1.1187385907426359E+000, 1.4522708454059396E+000,-1.2436466361439740E+001,-2.4107737724971550E+000,0
23, 3.3333333333333331E-001,-4.1666666666666657E-001, 0.0000000000000000E+000, 4.7720902826866501E-001,-9.6430866325721687E-001, 0.0000000000000000E+000, 1.6956256367417449E+001, 7.8910237335532041E-002,-7.8910233508504526E-002, 3.8270275143359456E-009,-1.3114381716517132E-002, 1.3114423863577054E-002, 4.2147059918506979E-008, 3.8884008184101004E-001,-3.8884008429906436E-001,-2.4580543156460521E-009, 8.6051702727680826E-002,-8.6051698900653312E-002,-2.3226661765296010E-002, 2.3226703912355928E-002, 3.3747038123944850E-001,-3.3747038369750282E-001,-7.1414653921487827E-003, 7.1414653921487836E-003, 1.0112280048778878E-002,-1.0112280048778875E-002, 5.1369700601561555E-002,-5.1369700601561555E-002,5,5, 3.0121205718124768E+000, 9.2828163995490776E-001, 1.1070880401280994E+000, 1.4513359410603375E+000,-1.1943163578734097E+001,-3.0487111352122733E+000,0
24,-3.3333333333333343E-001,-4.1666666666666657E-001, 0.0000000000000000E+000,-4.7720902826866518E-001,-4.1327514139594995E-001, 0.0000000000000000E+000, 1.8058323411139984E+001,-4.2589140407085202E-001, 4.2589144261520423E-001, 3.8544352209957111E-008,-3.5872390303386748E-001, 3.5872393215846377E-001, 2.9124596234719746E-008,-1.1204583660887468E-001, 1.1204583420493540E-001,-2.4039392768071544E-009,-4.2574137747450380E-001, 4.2574141601885601E-001,-4.5604963628143808E-001, 4.5604966540603431E-001,-1.9320236717440799E-002, 1.9320234313501522E-002,-1.5002659634820708E-004, 1.5002659634820751E-004, 9.7325733247570587E-002,-9.7325733247570573E-002,-9.2725599891433891E-002, 9.2725599891433877E-002,5,5, 2.1838829238285475E+000, 9.1819042019257213E-001, 1.1140407537993893E+000, 1.4582960350962444E+000,-1.2573743275661936E+001,-2.4420714941311221E+000,0
25, 0.0000000000000000E+000,-3.3333333333333343E-001, 0.0000000000000000E+000, 0.0000000000000000E+000,-5.5103352186126708E-001, 0.0000000000000000E+000, 1.8555018315532561E+001, 9.8954739904664473E-007,-9.8321097850379357E-007, 6.3364205428513717E-009, 1.8793105914083712E+000,-1.8793105528735357E+000, 3.8534835544723478E-008,-1.2949782884895671E+000, 1.2949783918403879E+000, 1.0335082079038216E-007, 1.1336806701421281E-006,-1.1273442495992768E-006, 1.9117377160629492E+000,-1.9117376775281136E+000,-1.0332115703856315E+000, 1.0332116737364523E+000,-1.4413327109548339E-007, 1.4413327109548329E-007,-3.2427124654577991E-002, 3.2427124654577991E-002,-2.6176671810393554E-001, 2.6176671810393554E-001,5,5, 1.5606512561060031E+000, 9.3584373493490847E-001, 1.1180063389536312E+000, 1.4576809403115289E+000,-1.2800720252100849E+001,-2.1733449540128991E+000,0
26, 3.3333333333333331E-001,-3.3333333333333343E-001, 0.0000000000000000E+000, 4.7720902826866501E-001,-8.2655028279190046E-001, 0.0000000000000000E+000, 1.9106051837393828E+001, 1.0473862484703114E-007,-1.2430325752877681E-007,-1.9564632681753333E-008, 5.3660501853907873E-008,-2.3266450093799094E-008, 3.0394051760109024E-008, 4.8575812434204751E-001,-4.8575812441542932E-001,-7.3381856147136659E-011, 1.2912795177499409E-008,-3.2477427859252742E-008, 2.2907245797396125E-009, 2.8103327180369411E-008, 4.1432212305833405E-001,-4.1432212313171590E-001, 9.1825829669531733E-008,-9.1825829669524070E-008, 5.1369777274168261E-008,-5.1369777274168506E-008, 7.1436001283713454E-002,-7.1436001283713441E-002,5,5, 3.0050345001962597E+000, 9.3107257800887366E-001, 1.1063870463805763E+000, 1.4451745919331755E+000,-1.1609953561683138E+001,-3.1791525912441196E+000,0
27,-3.3333333333333343E-001,-3.3333333333333343E-001, 0.0000000000000000E+000,-4.7720902826866518E-001,-2.7551676093063354E-001, 0.0000000000000000E+000, 2.0208118881116363E+001,-1.6275355559586469E+000, 1.6275356426788037E+000, 8.6720156833308693E-008,-9.3965810555142482E-001, 9.3965816340347097E-001, 5.7852046153605841E-008,-1.2949721975220421E+000, 1.2949721502869482E+000,-4.7235093836306419E-008,-1.6556171225141454E+000, 1.6556172092343022E+000,-9.5587100439324291E-001, 9.5587106224528906E-001,-1.0332060952486928E+000, 1.0332060480135989E+000, 2.8081566555498556E-002,-2.8081566555498583E-002, 1.6212898841818146E-002,-1.6212898841818139E-002,-2.6176610227334934E-001, 2.6176610227334929E-001,5,5, 1.5606488613143570E+000, 9.3584365674816994E-001, 1.1180063838576033E+000, 1.4576810539879472E+000,-1.2800722712450444E+001,-2.1733457112790351E+000,0
28, 0.0000000000000000E+000,-2.5000000000000000E-001, 0.0000000000000000E+000, 0.0000000000000000E+000,-4.1327514139595017E-001, 0.0000000000000000E+000, 2.0704813785508939E+001,-3.1128399093114961E-007, 3.5216791466684835E-007, 4.0883923735699065E-008, 2.3737324742020793E+000,-2.3737324002194287E+000, 7.3982650672377304E-008,-2.1862228031278095E+000, 2.1862224481471997E+000,-3.5498061001781878E-007, 3.4348599985966634E-007,-3.0260207612396728E-007, 2.3379841726666637E+000,-2.3379840986840130E+000,-1.7357020617186691E+000, 1.7357017067380591E+000,-6.5476999079081595E-007, 6.5476999079081563E-007, 3.5748301535415819E-002,-3.5748301535415763E-002,-4.5052074140914056E-001, 4.5052074140914050E-001,5,5, 1.2065557326700760E+000, 9.1167219120945198E-001, 1.1176415096547629E+000, 1.4656660708571807E+000,-1.3151960291415868E+001,-1.8711157179672493E+000,0
29, 3.3333333333333331E-001,-2.5000000000000000E-001, 0.0000000000000000E+000, 4.7720902826866501E-001,-6.8879190232658360E-001, 0.0000000000000000E+000, 2.1255847307370207E+001,-7.8909780342338726E-002, 7.8909829067941833E-002, 4.8725603107868665E-008,-1.3114666909578640E-002, 1.3114649037369096E-002,-1.7872209545632955E-008, 3.8883827345856448E-001,-3.8883830161878513E-001,-2.8160220655326640E-008,-8.6051372762975281E-002, 8.6051421488578389E-002,-2.3226797040941605E-002, 2.3226779168732059E-002, 3.3746886286340610E-001,-3.3746889102362676E-001, 7.1415924206365512E-003,-7.1415924206365521E-003, 1.0112130131362964E-002,-1.0112130131362963E-002, 5.1369410595158399E-002,-5.1369410595158385E-002,5,5, 3.0121228315569519E+000, 9.2828170012361910E-001, 1.1070880464729043E+000, 1.4513357695876903E+000,-1.1943157337882802E+001,-3.0487119637237505E+000,0
30,-3.3333333333333343E-001,-2.5000000000000000E-001, 0.0000000000000000E+000,-4.7720902826866518E-001,-1.3775838046531663E-001, 0.0000000000000000E+000, 2.2357914351092742E+001,-4.5199742749985461E-001, 4.5199739051767329E-001,-3.6982181317313234E-008,-3.9066673235841753E-001, 3.9066675356008090E-001, 2.1201663369385670E-008,-5.7067328512877158E-001, 5.7067321937107995E-001,-6.5757691680712327E-008,-6.0651143157656029E-001, 6.0651139459437897E-001,-1.7495026179233891E-001, 1.7495028299400228E-001,-3.5552191436443925E-001, 3.5552184860674757E-001, 1.5451400407670565E-001,-1.5451400407670565E-001,-2.1571647056607865E-001, 2.1571647056607862E-001,-2.1515137076433230E-001, 2.1515137076433233E-001,5,5, 1.7994699127149651E+000, 8.9538040576889244E-001, 1.1144530565774686E+000, 1.4641222116074137E+000,-1.2943585197063420E+001,-2.1597589447354624E+000,0
31, 0.0000000000000000E+000,-1.6666666666666660E-001, 0.0000000000000000E+000, 0.0000000000000000E+000,-2.7551676093063332E-001, 0.0000000000000000E+000, 2.2854609255485318E+001,-4.7921709454276631E-006, 4.5855930989514907E-006,-2.0657784647632406E-007, 1.8168928380647806E+000,-1.8168928410369334E+000,-2.9721527461390451E-009, 4.4620454502439397E+000,-4.4620451214777308E+000, 3.2876620936761469E-007,-2.5053414034995943E-006, 2.2987635570232703E-006, 1.8789619649680209E+000,-1.8789619679401737E+000, 3.7393155433815437E+000,-3.7393152146153343E+000,-2.2868295419280684E-006, 2.2868295419282204E-006,-6.2069126903240263E-002, 6.2069126903240235E-002, 7.2272990686239624E-001,-7.2272990686239635E-001,5,5, 1.0796203381252738E+000, 8.7479638374137580E-001, 1.1172748620436512E+000, 1.4795537756757142E+000,-1.3425970759600441E+001,-1.6045468039724300E+000,0
32, 3.3333333333333331E-001,-1.6666666666666660E-001, 0.0000000000000000E+000, 4.7720902826866501E-001,-5.5103352186126675E-001, 0.0000000000000000E+000, 2.3405642777346586E+001,-3.1570598189210541E-002, 3.1570591254902421E-002,-6.9343081138262264E-009,-7.5120725184682241E-002, 7.5120704511997913E-002,-2.0672684314382295E-008, 2.1850136133696368E-001,-2.1850133453086928E-001, 2.6806094399756120E-008,-4.2790929608753900E-002, 4.2790922674445786E-002,-1.2023660146981399E-001, 1.2023658079712968E-001, 2.1342200577274706E-001,-2.1342197896665266E-001, 1.1220331419543358E-002,-1.1220331419543365E-002, 4.5115876285131751E-002,-4.5115876285131765E-002, 5.0793555642166194E-003,-5.0793555642166177E-003,5,5, 2.9197805993486461E+000, 9.2185256059860277E-001, 1.1094507360300028E+000, 1.4567113964178873E+000,-1.2279877595738789E+001,-2.7726262654231775E+000,0
33,-3.3333333333333343E-001,-1.6666666666666660E-001, 0.0000000000000000E+000,-4.7720902826866518E-001, 2.2204460492503131E-016, 0.0000000000000000E+000, 2.4507709821069120E+001, 1.1269478907184472E-007,-6.5780412029906281E-008, 4.6914377041770884E-008,-2.5253493470305938E-001, 2.5253493704338609E-001, 2.3403267448984799E-009,-3.4849157778217954E-002, 3.4849103603542486E-002,-5.4174675495621827E-008, 3.0174347420160904E-007,-2.5482909715983815E-007, 3.2255460630905931E-002,-3.2255458290579186E-002, 4.8410701858654204E-002,-4.8410756033329699E-002,-1.8904868512976432E-007, 1.8904868512993187E-007,-2.8479039533396533E-001, 2.8479039533396527E-001,-8.3259859636872158E-002, 8.3259859636872185E-002,5,5, 2.2200915715426994E+000, 8.8348898503330342E-001, 1.1122471111212400E+000, 1.4671479011618178E+000,-1.2992298601175150E+001,-2.1909982351098365E+000,0
34, 0.0000000000000000E+000,-8.3333333333333398E-002, 0.0000000000000000E+000, 0.0000000000000000E+000,-1.3775838046531683E-001, 0.0000000000000000E+000, 2.5004404725461697E+001,-1.4436553450425014E-005, 1.4660808881388875E-005, 2.2425543096410732E-007, 1.1679916765407548E+000,-1.1679919343705145E+000,-2.5782975976440525E-007, 2.9996234181811310E+001,-2.9996234826001587E+001,-6.4419027623330294E-007,-3.6810331932929934E-006, 3.9052886242571007E-006, 1.6606917728541917E+000,-1.6606920306839514E+000, 2.0671969324914034E+001,-2.0671969969104310E+001,-1.0755520257132022E-005, 1.0755520257131774E-005,-4.9270009631343692E-001, 4.9270009631343681E-001, 9.3242648568972779E+000,-9.3242648568972761E+000,5,5, 8.1034522860181291E-001, 7.8649733209277861E-001, 1.1170915889716089E+000, 1.5055210556769265E+000,-1.3597545098327892E+001,-1.3772961146785212E+000,0
35, 3.3333333333333331E-001,-8.3333333333333398E-002, 0.0000000000000000E+000, 4.7720902826866501E-001,-4.1327514139595023E-001, 0.0000000000000000E+000, 2.5555438247322964E+001, 4.2589238777256666E-001,-4.2589235022123867E-001, 3.7551327991547367E-008,-3.5872410976445357E-001, 3.5872404904395122E-001,-6.0720502348399208E-008,-1.1204960227813465E-001, 1.1204961035016692E-001, 8.0720322648275555E-009, 4.2574275509302423E-001,-4.2574271754169624E-001,-4.5604958253164590E-001, 4.5604952181114355E-001,-1.9323605101126018E-002, 1.9323613173158283E-002, 1.4963267954241845E-004,-1.4963267954242300E-004, 9.7325472767192306E-002,-9.7325472767192320E-002,-9.2725997177008634E-002, 9.2725997177008634E-002,5,5, 2.1838840237732615E+000, 9.1819051089728865E-001, 1.1140407464206474E+000, 1.4582958394219476E+000,-1.2573739524760276E+001,-2.4420705945088175E+000,0
36,-3.3333333333333343E-001,-8.3333333333333398E-002, 0.0000000000000000E+000,-4.7720902826866518E-001, 1.3775838046531672E-001, 0.0000000000000000E+000, 2.6657505291045499E+001, 4.5199602818235141E-001,-4.5199608637306743E-001,-5.8190716023531763E-008,-3.9066527488926250E-001, 3.9066528213363511E-001, 7.2443726850668355E-009,-5.7067296877314988E-001, 5.7067305948732239E-001, 9.0714172507055935E-008, 6.0651013540872434E-001,-6.0651019359944036E-001,-1.7494975817267275E-001, 1.7494976541704543E-001,-3.5552273964033160E-001, 3.5552283035450410E-001,-1.5451410722637290E-001, 1.5451410722637293E-001,-2.1571551671658973E-001, 2.1571551671658967E-001,-2.1515022913281831E-001, 2.1515022913281828E-001,5,5, 1.7994729535569516E+000, 8.9538058040251711E-001, 1.1144530374719748E+000, 1.4641221689837300E+000,-1.2943583982696600E+001,-2.1597591334293300E+000,0
1, 8.3333333333333301E-002, 0.0000000000000000E+000, 0.0000000000000000E+000, 1.1930225706716621E-001,-6.8879190232658330E-002, 0.0000000000000000E+000, 0.0000000000000000E+000, 1.0115032890071447E+000,-1.0115033435972025E+000,-5.4590057585457430E-008,-5.8400873169810086E-001, 5.8400857782988713E-001,-1.5386821383689409E-007, 2.9996235056940804E+001,-2.9996234872627028E+001, 1.8431378023819889E-007, 1.4381994674585130E+000,-1.4381995220485706E+000,-8.3034937894293503E-001, 8.3034922507472120E-001, 2.0671970171018099E+001,-2.0671969986704319E+001,-4.2669617845136831E-001, 4.2669617845136815E-001, 2.4634064724483412E-001,-2.4634064724483407E-001, 9.3242648859227071E+000,-9.3242648859227089E+000,5,5, 8.1034522857147873E-001, 7.8649733276217582E-001, 1.1170915856877182E+000, 1.5055210589052126E+000,-1.3597545098311215E+001,-1.3772961146336249E+000,1
2, 4.1666666666666669E-001, 0.0000000000000000E+000, 0.0000000000000000E+000, 5.9651128533583131E-001,-3.4439595116329180E-001, 0.0000000000000000E+000, 5.5103352186126697E-001, 1.2545496493107826E+000,-1.2545496351904255E+000, 1.4120357105795733E-008,-7.2431363295877260E-001, 7.2431367636513100E-001, 4.3406358396502753E-008,-2.5341756241376537E-002, 2.5341767332480031E-002, 1.1091103480076470E-008, 1.3064035788169917E+000,-1.3064035646966345E+000,-7.5425140099312349E-001, 7.5425144439948189E-001, 6.4942431727490091E-002,-6.4942420636386611E-002,-5.1853929506209082E-002, 5.1853929506209102E-002, 2.9937768034350897E-002,-2.9937768034350901E-002,-9.0284187968866628E-002, 9.0284187968866642E-002,5,5, 1.9797512525540339E+000, 9.4093596461384998E-001, 1.1187385726521240E+000, 1.4522708706679166E+000,-1.2436466361477645E+001,-2.4107737724624130E+000,1
3,-2.5000000000000000E-001, 0.0000000000000000E+000, 0.0000000000000000E+000,-3.5790677120149877E-001, 2.0663757069797509E-001, 0.0000000000000000E+000, 1.6531005655838009E+000, 2.0557125062114046E+000,-2.0557124500455246E+000, 5.6165879946945552E-008,-1.1868665668131524E+000, 1.1868663889908595E+000,-1.7782229289053930E-007,-2.1862226062643093E+000, 2.1862227390687194E+000, 1.3280441013563404E-007, 2.0247538854901990E+000,-2.0247538293243190E+000,-1.1689918562050066E+000, 1.1689916783827137E+000,-1.7357018816798691E+000, 1.7357020144842792E+000, 3.0958620721205761E-002,-3.0958620721205778E-002,-1.7874710608145813E-002, 1.7874710608145831E-002,-4.5052072458444020E-001, 4.5052072458444009E-001,5,5, 1.2065557326889369E+000, 9.1167219084476925E-001, 1.1176415118693632E+000, 1.4656660921723155E+000,-1.3151960291373232E+001,-1.8711157179867388E+000,1
4, 8.3333333333333301E-002, 8.3333333333333301E-002, 0.0000000000000000E+000, 1.1930225706716621E-001, 6.8879190232658330E-002, 0.0000000000000000E+000, 2.1497954699763770E+000,-1.0114889354562606E+000, 1.0114888324117659E+000,-1.0304449471476573E-007,-5.8398336430368691E-001, 5.8398368510058529E-001, 3.2079689837871683E-007, 2.9995953870226394E+001,-2.9995954438538764E+001,-5.6831236960874776E-007,-1.4381831858395218E+000, 1.4381830827950270E+000,-8.3033535844687467E-001, 8.3033567924377305E-001, 2.0671752482534359E+001,-2.0671753050846728E+001, 4.2669425038326114E-001,-4.2669425038326120E-001, 2.4635199414318770E-001,-2.4635199414318770E-001, 9.3242013876920371E+000,-9.3242013876920353E+000,5,5, 8.1034948722547806E-001, 7.8649663793435665E-001, 1.1170915986112560E+000, 1.5055212603920896E+000,-1.3597545203222484E+001,-1.3773010616698702E+000,1
5, 4.1666666666666669E-001, 8.3333333333333301E-002, 0.0000000000000000E+000, 5.9651128533583131E-001,-2.0663757069797514E-001, 0.0000000000000000E+000, 2.7008289918376440E+000, 5.2360845291512370E-001,-5.2360844669887041E-001, 6.2162534009146952E-009,-1.8947001135866406E-001, 1.8947005296684488E-001, 4.1608180817442886E-008,-1.1204696950408544E-001, 1.1204700143377379E-001, 3.1929688362047903E-008, 6.0782004161510172E-001,-6.0782003539884832E-001,-1.4067764101766950E-001, 1.4067768262585031E-001,-1.9321613434063526E-002, 1.9321645363751888E-002,-8.4211588699977996E-002, 8.4211588699977954E-002,-4.8792370340994567E-002, 4.8792370340994554E-002,-9.2725356070021914E-002, 9.2725356070021900E-002,5,5, 2.1838866233934180E+000, 9.1819054928472088E-001, 1.1140407427575481E+000, 1.4582959203747350E+000,-1.2573740329932935E+001,-2.4420723312903370E+000,1
6,-2.5000000000000000E-001, 8.3333333333333301E-002, 0.0000000000000000E+000,-3.5790677120149877E-001, 3.4439595116329175E-001, 0.0000000000000000E+000, 3.8028960355601780E+000, 5.6432879791596613E-001,-5.6432874754064177E-001, 5.0375324300855340E-008,-1.9610974024949543E-001, 1.9610973658767800E-001,-3.6618174048541619E-009,-5.7068173732065386E-001, 5.7068168880819692E-001,-4.8512456940486004E-008, 4.5477033925962912E-001,-4.5477028888430482E-001,-4.3778049644619477E-001, 4.3778049278437736E-001,-3.5552937065705187E-001, 3.5552932214459493E-001, 1.0955845865633697E-001,-1.0955845865633695E-001, 2.4167075619669934E-001,-2.4167075619669937E-001,-2.1515236666360193E-001, 2.1515236666360193E-001,5,5, 1.7994693232727750E+000, 8.9538054355216679E-001, 1.1144530486031992E+000, 1.4641220048897257E+000,-1.2943583271631159E+001,-2.1597566821788989E+000,1
7, 8.3333333333333301E-002, 1.6666666666666671E-001, 0.0000000000000000E+000, 1.1930225706716621E-001, 2.0663757069797523E-001, 0.0000000000000000E+000, 4.2995909399527541E+000,-1.1093878818402119E+000, 1.1093878571354419E+000,-2.4704769896466416E-008, 6.4050280469233623E-001,-6.4050298103825942E-001,-1.7634592314186293E-007, 5.3602828646332625E+000,-5.3602827822831216E+000, 8.2350140928610926E-008,-5.2562392331808760E-001, 5.2562389861331771E-001, 3.0346840053096230E-001,-3.0346857687688544E-001, 4.3482408511422204E+000,-4.3482407687920794E+000,-5.8376395852212415E-001, 5.8376395852212415E-001, 3.3703440416137387E-001,-3.3703440416137398E-001, 1.0120420134910424E+000,-1.0120420134910424E+000,5,5, 1.2918694630354521E+000, 8.4871898461713580E-001, 1.1155604370985166E+000, 1.4880680016397592E+000,-1.3482575939543018E+001,-1.6156408272846128E+000,1
8, 4.1666666666666669E-001, 1.6666666666666671E-001, 0.0000000000000000E+000, 5.9651128533583131E-001,-6.8879190232658261E-002, 0.0000000000000000E+000, 4.8506244618140215E+000, 3.3696890729931303E-002,-3.3696983157551638E-002,-9.2427620335122640E-008, 4.2535235597238943E-002,-4.2535276480710732E-002,-4.0883471774666447E-008, 1.0388398845652586E-001,-1.0388403347088208E-001,-4.5014356228612051E-008, 8.6048619850627811E-002,-8.6048712278248146E-002, 1.6214998754342996E-001,-1.6215002842690174E-001, 1.2199241466511528E-001,-1.2199245967947150E-001,-5.2351729120696508E-002, 5.2351729120696508E-002,-1.1961475194619102E-001, 1.1961475194619101E-001,-1.8108426208589417E-002, 1.8108426208589420E-002,5,5, 2.6141048249892820E+000, 9.0484742529199313E-001, 1.1105410325090501E+000, 1.4605837373059956E+000,-1.2647659007369558E+001,-2.4794384109244563E+000,1
9,-2.5000000000000000E-001, 1.6666666666666671E-001, 0.0000000000000000E+000,-3.5790677120149877E-001, 4.8215433162860866E-001, 0.0000000000000000E+000, 5.9526915055365555E+000,-1.9987851621470612E-002, 1.9987872042760771E-002, 2.0421290158889605E-008,-5.0450132833855216E-002, 5.0450068895510014E-002,-6.3938345229441751E-008, 1.0388202783789058E-001,-1.0388203375728869E-001,-5.9193980966876225E-009,-9.7401352049707401E-002, 9.7401372470997560E-002,-1.5559535354017506E-001, 1.5559528960182983E-001, 1.2199060299270377E-001,-1.2199060891210187E-001, 7.7413500428236789E-002,-7.7413500428236789E-002, 1.0514522070631985E-001,-1.0514522070631982E-001,-1.8108575154813188E-002, 1.8108575154813185E-002,5,5, 2.6141026155560239E+000, 9.0484740578738154E-001, 1.1105410410015315E+000, 1.4605835599203947E+000,-1.2647657288427339E+001,-2.4794366711497582E+000,1
10, 8.3333333333333301E-002, 2.5000000000000000E-001, 0.0000000000000000E+000, 1.1930225706716621E-001, 3.4439595116329186E-001, 0.0000000000000000E+000, 6.4493864099291320E+000,-6.1972924186769207E-001, 6.1972930031549234E-001, 5.8447800266314687E-008, 6.4811014520879706E-001,-6.4811016052360881E-001,-1.5314811752098478E-008, 3.2409552665854274E-001,-3.2409559824029766E-001,-7.1581754912397599E-008,-1.5761607355881979E-001, 1.5761613200662006E-001, 5.3726182522549715E-001,-5.3726184054030890E-001, 4.2330618967174738E-001,-4.2330626125350229E-001,-4.6211316830887234E-001, 4.6211316830887228E-001, 1.1084831998329987E-001,-1.1084831998329987E-001,-9.9210663013204622E-002, 9.9210663013204609E-002,5,5, 1.5953431158423688E+000, 8.7217820569689153E-001, 1.1147521281550046E+000, 1.4742854846799711E+000,-1.3259170641262681E+001,-1.8951871036491477E+000,1
11, 4.1666666666666669E-001, 2.5000000000000000E-001, 0.0000000000000000E+000, 5.9651128533583131E-001, 6.8879190232658372E-002, 0.0000000000000000E+000, 7.0004199317903986E+000,-3.3696114218580590E-002, 3.3696120696267269E-002, 6.4776866925964072E-009, 4.2535342844064183E-002,-4.2535289219498132E-002, 5.3624566037635546E-008, 1.0388438879214007E-001,-1.0388435316916055E-001, 3.5622979524529974E-008,-8.6047999047651730E-002, 8.6048005525338422E-002, 1.6215031224409318E-001,-1.6215025861952714E-001, 1.2199278384757349E-001,-1.2199274822459397E-001, 5.2351884829071139E-002,-5.2351884829071153E-002,-1.1961496940002900E-001, 1.1961496940002901E-001,-1.8108395055433414E-002, 1.8108395055433418E-002,5,5, 2.6141032023624255E+000, 9.0484733982825516E-001, 1.1105410356598469E+000, 1.4605837760806855E+000,-1.2647659984604314E+001,-2.4794378028879862E+000,1
12,-2.5000000000000000E-001, 2.5000000000000000E-001, 0.0000000000000000E+000,-3.5790677120149877E-001, 6.1991271209392529E-001, 0.0000000000000000E+000, 8.1024869755129316E+000,-9.8239915561486896E-002, 9.8239905604453531E-002,-9.9570333644827258E-009,-5.6718867112777772E-002, 5.6718856957117036E-002,-1.0155660729038729E-008, 2.8852728872401151E-001,-2.8852728304167541E-001, 5.6823361016533624E-009,-1.4266971553702357E-001, 1.4266970557999020E-001,-8.2370432308885771E-002, 8.2370422153225042E-002, 2.5174534716685298E-001,-2.5174534148451688E-001, 4.4429799975536671E-002,-4.4429799975536671E-002, 2.5651565196107999E-002,-2.5651565196108003E-002, 3.6781941557158526E-002,-3.6781941557158526E-002,5,5, 2.9606037487874879E+000, 9.1934754704697763E-001, 1.1081703588703393E+000, 1.4554476968036199E+000,-1.2290449355087345E+001,-2.7909220170061042E+000,1
13, 8.3333333333333301E-002, 3.3333333333333331E-001, 0.0000000000000000E+000, 1.1930225706716621E-001, 4.8215433162860855E-001, 0.0000000000000000E+000, 8.5991818799055082E+000,-1.1232796936270023E-001, 1.1232804742830182E-001, 7.8065601538668261E-008, 5.8677278418137380E-001,-5.8677268791681392E-001, 9.6264559878989076E-008,-5.7067310272055827E-001, 5.7067297351446311E-001,-1.2920609515632009E-007, 1.5174419144714024E-001,-1.5174411338153870E-001, 6.1272816396004726E-001,-6.1272806769548738E-001,-3.5552287231129820E-001, 3.5552274310520304E-001,-2.6407216080984047E-001, 2.6407216080984053E-001,-2.5955379778673491E-002, 2.5955379778673494E-002,-2.1515023040926004E-001, 2.1515023040926007E-001,5,5, 1.7994729535584844E+000, 8.9538057916733982E-001, 1.1144530416322607E+000, 1.4641221586048772E+000,-1.2943583982712179E+001,-2.1597591334126767E+000,1
14, 4.1666666666666669E-001, 3.3333333333333331E-001, 0.0000000000000000E+000, 5.9651128533583131E-001, 2.0663757069797506E-001, 0.0000000000000000E+000, 9.1502154017667756E+000,-5.2360972117921634E-001, 5.2360961332747058E-001,-1.0785174575644874E-007,-1.8947084431788122E-001, 1.8947084822084970E-001, 3.9029684761882066E-009,-1.1204584682470987E-001, 1.1204590019869123E-001, 5.3373981359627898E-008,-6.0782127159022370E-001, 6.0782116373847794E-001,-1.4067804543061793E-001, 1.4067804933358641E-001,-1.9320245764920377E-002, 1.9320299138901736E-002, 8.4211550411007363E-002,-8.4211550411007322E-002,-4.8792798887263289E-002, 4.8792798887263289E-002,-9.2725601059789498E-002, 9.2725601059789498E-002,5,5, 2.1838829238637700E+000, 9.1819041879418795E-001, 1.1140407527701277E+000, 1.4582960424712927E+000,-1.2573743275664707E+001,-2.4420714941516510E+000,1
15,-2.5000000000000000E-001, 3.3333333333333331E-001, 0.0000000000000000E+000,-3.5790677120149877E-001, 7.5767109255924192E-001, 0.0000000000000000E+000, 1.0252282445489310E+001,-5.0812522841377147E-002, 5.0812532816330719E-002, 9.9749535714677151E-009,-6.1780601133441582E-002, 6.1780582942091093E-002,-1.8191350481533419E-008, 3.8883831461100138E-001,-3.8883828491458261E-001, 2.9696418712976680E-008,-6.3140677676226289E-002, 6.3140687651179861E-002,-6.2909336839094498E-002, 6.2909318647744017E-002, 3.3746890271661761E-001,-3.3746887302019890E-001, 1.2328154834849144E-002,-1.2328154834849140E-002, 1.1287357056529190E-003,-1.1287357056529205E-003, 5.1369411894383737E-002,-5.1369411894383737E-002,5,5, 3.0121228315908133E+000, 9.2828169859432108E-001, 1.1070880413114865E+000, 1.4513357688932469E+000,-1.1943157337880773E+001,-3.0487119637133375E+000,1
16, 8.3333333333333301E-002, 4.1666666666666669E-001, 0.0000000000000000E+000, 1.1930225706716621E-001, 6.1991271209392529E-001, 0.0000000000000000E+000, 1.0748977349881887E+001, 9.7718354228716164E-002,-9.7718348300293120E-002, 5.9284230302658614E-009, 5.4819321929340137E-001,-5.4819323465426850E-001,-1.5360867133829004E-008,-1.1204699658584152E-001, 1.1204702138230298E-001, 2.4796461470938391E-008, 1.8207957992286811E-001,-1.8207957399444508E-001, 5.9672641078588706E-001,-5.9672642614675420E-001,-1.9321642449711209E-002, 1.9321667246172680E-002,-8.4361225694151942E-002, 8.4361225694151956E-002,-4.8533191492485681E-002, 4.8533191492485653E-002,-9.2725354136130311E-002, 9.2725354136130297E-002,5,5, 2.1838866233589074E+000, 9.1819055169651509E-001, 1.1140407413796531E+000, 1.4582959304301106E+000,-1.2573740329961947E+001,-2.4420723312543187E+000,1
17, 4.1666666666666669E-001, 4.1666666666666669E-001, 0.0000000000000000E+000, 5.9651128533583131E-001, 3.4439595116329180E-001, 0.0000000000000000E+000, 1.1300010871743154E+001,-1.2545539650432689E+000, 1.2545539926400191E+000, 2.7596750218350508E-008,-7.2431707580899329E-001, 7.2431709011973910E-001, 1.4310745810597325E-008,-2.5337329220625274E-002, 2.5337368487565293E-002, 3.9266940032867126E-008,-1.3064070547363817E+000, 1.3064070823331320E+000,-7.5425447183674210E-001, 7.5425448614748791E-001, 6.4946374531049123E-002,-6.4946335264109090E-002, 5.1853089693112871E-002,-5.1853089693112864E-002, 2.9937396027748860E-002,-2.9937396027748857E-002,-9.0283703751674396E-002, 9.0283703751674382E-002,5,5, 1.9797479038603862E+000, 9.4093601194857956E-001, 1.1187386276009168E+000, 1.4522709973789916E+000,-1.2436471261109329E+001,-2.4107738608121849E+000,1
18,-2.5000000000000000E-001, 4.1666666666666669E-001, 0.0000000000000000E+000,-3.5790677120149877E-001, 8.9542947302455866E-001, 0.0000000000000000E+000, 1.2402077915465689E+001, 5.0812638568524471E-002,-5.0812606307009997E-002, 3.2261514473774788E-008,-6.1780499952651155E-002, 6.1780471798999134E-002,-2.8153652020801445E-008, 3.8883917015549241E-001,-3.8883914273607173E-001, 2.7419420678409523E-008, 6.3140753551312809E-002,-6.3140721289798335E-002,-6.2909301050395744E-002, 6.2909272896743723E-002, 3.3746964610327485E-001,-3.3746961868385417E-001,-1.2328114982788340E-002, 1.2328114982788341E-002, 1.1288010977445907E-003,-1.1288010977445909E-003, 5.1369524052217577E-002,-5.1369524052217584E-002,5,5, 3.0121222978800919E+000, 9.2828168734421901E-001, 1.1070880401854282E+000, 1.4513358608245861E+000,-1.1943159993998371E+001,-3.0487121081076189E+000,1
19, 8.3333333333333301E-002, 5.0000000000000000E-001, 0.0000000000000000E+000, 1.1930225706716621E-001, 7.5767109255924203E-001, 0.0000000000000000E+000, 1.2898772819858266E+001, 4.5693784510404775E-002,-4.5693789948999836E-002,-5.4385950604141087E-009, 5.1732961210749973E-001,-5.1732963740583582E-001,-2.5298336092660634E-008, 1.7282271087315046E-001,-1.7282272845030788E-001,-1.7577157424009116E-008, 6.3384973007550291E-002,-6.3384978446145351E-002, 5.5964733322227045E-001,-5.5964735852060654E-001, 2.1077535646708420E-001,-2.1077537404424163E-001,-1.7691188497145516E-002, 1.7691188497145516E-002,-4.2317721114770744E-002, 4.2317721114770758E-002,-3.7952645593933750E-002, 3.7952645593933750E-002,5,5, 2.5473596254347246E+000, 9.2968203142456862E-001, 1.1137265374462100E+000, 1.4556861161837706E+000,-1.2257888024271821E+001,-2.6355625158419613E+000,1
20, 4.1666666666666669E-001, 5.0000000000000000E-001, 0.0000000000000000E+000, 5.9651128533583131E-001, 4.8215433162860855E-001, 0.0000000000000000E+000, 1.3449806341719533E+001,-4.2517461498509951E-001, 4.2517462139908424E-001, 6.4139847322230992E-009,-2.9823724855109235E-001, 2.9823725436096959E-001, 5.8098772459658221E-009, 1.7282460850638098E-001,-1.7282463313042642E-001,-2.4624045441568043E-008,-4.5297701158157594E-001, 4.5297701799556067E-001,-3.3471703070957065E-001, 3.3471703651944790E-001, 2.1077713538422685E-001,-2.1077716000827229E-001, 2.7802396596476434E-002,-2.7802396596476431E-002, 3.6479782158478295E-002,-3.6479782158478302E-002,-3.7952526877845852E-002, 3.7952526877845859E-002,5,5, 2.5473557247965948E+000, 9.2968194031487117E-001, 1.1137265733619788E+000, 1.4556862428684958E+000,-1.2257894111227046E+001,-2.6355616983533250E+000,1
21,-2.5000000000000000E-001, 5.0000000000000000E-001, 0.0000000000000000E+000,-3.5790677120149877E-001, 1.0331878534898755E+000, 0.0000000000000000E+000, 1.4551873385442068E+001, 9.8240202716390751E-002,-9.8240148027393531E-002, 5.4688997219720648E-008,-5.6718468959518778E-002, 5.6718576633590423E-002, 1.0767407163103648E-007, 2.8852902965828642E-001,-2.8852904400362306E-001,-1.4345336640797512E-008, 1.4267003220845953E-001,-1.4266997751946231E-001,-8.2370211089414447E-002, 8.2370318763486078E-002, 2.5174688282523500E-001,-2.5174689717057164E-001,-4.4429829492068779E-002, 4.4429829492068772E-002, 2.5651742129895665E-002,-2.5651742129895658E-002, 3.6782146833051421E-002,-3.6782146833051414E-002,5,5, 2.9606025106196072E+000, 9.1934750633515305E-001, 1.1081703561944285E+000, 1.4554478751422890E+000,-1.2290452667361290E+001,-2.7909224125686642E+000,1
22, 8.3333333333333301E-002,-4.1666666666666657E-001, 0.0000000000000000E+000, 1.1930225706716621E-001,-7.5767109255924181E-001, 0.0000000000000000E+000, 1.6405222845556182E+001,-4.5693387140425423E-002, 4.5693372910172655E-002,-1.4230252767810647E-008, 5.1733029593060498E-001,-5.1733029446126977E-001, 1.4693352090588974E-009, 1.7282239836058616E-001,-1.7282237162547365E-001, 2.6735112512721315E-008,-6.3384450832595543E-002, 6.3384436602342775E-002, 5.5964802089556065E-001,-5.5964801942622544E-001, 2.1077515895909538E-001,-2.1077513222398286E-001, 1.7691063692170123E-002,-1.7691063692170116E-002,-4.2317724964955644E-002, 4.2317724964955630E-002,-3.7952760598509210E-002, 3.7952760598509216E-002,5,5, 2.5473584952078281E+000, 9.2968201760801072E-001, 1.1137265506283116E+000, 1.4556860688187883E+000,-1.2257887542262152E+001,-2.6355618258493325E+000,1
23, 4.1666666666666669E-001,-4.1666666666666657E-001, 0.0000000000000000E+000, 5.9651128533583131E-001,-1.0331878534898753E+000, 0.0000000000000000E+000, 1.6956256367417449E+001,-8.8846465181428910E-003, 8.8846353864315362E-003,-1.1131711358247642E-008,-5.1295658670195421E-003, 5.1295640580090954E-003,-1.8090104449142164E-009, 2.5371103706352371E-001,-2.5371106112548958E-001,-2.4061965836486010E-008,-2.2369685342521151E-002, 2.2369674210809792E-002,-1.2915153350151160E-002, 1.2915151541140715E-002, 2.4285636261978841E-001,-2.4285638668175424E-001, 1.3485038824378260E-002,-1.3485038824378256E-002, 7.7855874831316181E-003,-7.7855874831316198E-003, 1.0854674443735311E-002,-1.0854674443735312E-002,5,5, 3.0570351966360398E+000, 9.2779940774541791E-001, 1.1090725183594954E+000, 1.4555305163388410E+000,-1.2074090373771389E+001,-2.9139395576960956E+000,1
24,-2.5000000000000000E-001,-4.1666666666666657E-001, 0.0000000000000000E+000,-3.5790677120149877E-001,-4.8215433162860843E-001, 0.0000000000000000E+000, 1.8058323411139984E+001, 1.9988632805218606E-002,-1.9988580009138113E-002, 5.2796080479700080E-008,-5.0449336546570397E-002, 5.0449375095344515E-002, 3.8548774117241891E-008, 1.0388437913631735E-001,-1.0388434344203654E-001, 3.5694280808851175E-008, 9.7402294470730982E-002,-9.7402241674650503E-002,-1.5559488088287970E-001, 1.5559491943165382E-001, 1.2199277479701481E-001,-1.2199273910273400E-001,-7.7413661665512376E-002, 7.7413661665512390E-002, 1.0514554433630931E-001,-1.0514554433630931E-001,-1.8108395660697465E-002, 1.8108395660697461E-002,5,5, 2.6141032024097601E+000, 9.0484733948919760E-001, 1.1105410420231010E+000, 1.4605837582288550E+000,-1.2647659984594306E+001,-2.4794378028827513E+000,1
25, 8.3333333333333301E-002,-3.3333333333333343E-001, 0.0000000000000000E+000, 1.1930225706716621E-001,-6.1991271209392540E-001, 0.0000000000000000E+000, 1.8555018315532561E+001,-9.7717988008417064E-002, 9.7717979594310875E-002,-8.4141061895692815E-009, 5.4819564217553907E-001,-5.4819564243497032E-001,-2.5943125425698099E-010,-1.1204958750392705E-001, 1.1204963036485394E-001, 4.2860926904864094E-008,-1.8207913906311091E-001, 1.8207913064900472E-001, 5.9672879540807844E-001,-5.9672879566750969E-001,-1.9323588405466927E-002, 1.9323631266393831E-002, 8.4361151054693842E-002,-8.4361151054693842E-002,-4.8533153232539414E-002, 4.8533153232539407E-002,-9.2725999098460118E-002, 9.2725999098460105E-002,5,5, 2.1838840238051214E+000, 9.1819051055556600E-001, 1.1140407540044015E+000, 1.4582958156291757E+000,-1.2573739524789840E+001,-2.4420705944810650E+000,1
26, 4.1666666666666669E-001,-3.3333333333333343E-001, 0.0000000000000000E+000, 5.9651128533583131E-001,-8.9542947302455889E-001, 0.0000000000000000E+000, 1.9106051837393828E+001, 2.8097723947157115E-002,-2.8097736765176316E-002,-1.2818019205079745E-008, 7.4895467000086063E-002,-7.4895476800449307E-002,-9.8003632431620247E-009, 3.8884008128000164E-001,-3.8884009662162539E-001,-1.5341623749165478E-008, 2.2910960189686608E-002,-2.2910973007705813E-002, 8.6136295108027533E-002,-8.6136304908390776E-002, 3.3747038346097435E-001,-3.3747039880259810E-001, 5.1867637574705061E-003,-5.1867637574705043E-003,-1.1240828107941468E-002, 1.1240828107941466E-002, 5.1369697819027296E-002,-5.1369697819027296E-002,5,5, 3.0121205717590391E+000, 9.2828164083356435E-001, 1.1070880360531739E+000, 1.4513359368049723E+000,-1.1943163578760588E+001,-3.0487111351736003E+000,1
27,-2.5000000000000000E-001,-3.3333333333333343E-001, 0.0000000000000000E+000,-3.5790677120149877E-001,-3.4439595116329202E-001, 0.0000000000000000E+000, 2.0208118881116363E+001,-5.6432603366632972E-001, 5.6432602653733155E-001,-7.1289981695699112E-009,-1.9610790871231948E-001, 1.9610791772980768E-001, 9.0174883116134197E-009,-5.7067318082132401E-001, 5.7067322692039024E-001, 4.6099066230986807E-008,-4.5476710081731819E-001, 4.5476709368832002E-001,-4.3777918551925499E-001, 4.3777919453674330E-001,-3.5552181977760250E-001, 3.5552186587666873E-001,-1.0955893284901150E-001, 1.0955893284901147E-001, 2.4167127680693551E-001,-2.4167127680693562E-001,-2.1515136104372151E-001, 2.1515136104372151E-001,5,5, 1.7994699126926217E+000, 8.9538040664980201E-001, 1.1144530636075678E+000, 1.4641222183307319E+000,-1.2943585197067820E+001,-2.1597589447237056E+000,1
28, 8.3333333333333301E-002,-2.5000000000000000E-001, 0.0000000000000000E+000, 1.1930225706716621E-001,-4.8215433162860849E-001, 0.0000000000000000E+000, 2.0704813785508939E+001, 1.1232836851645589E-001,-1.1232835508688527E-001, 1.3429570511203082E-008, 5.8677801214870229E-001,-5.8677796013831063E-001, 5.2010391660139987E-008,-5.7068169679903069E-001, 5.7068165912149538E-001,-3.7677535424940345E-008,-1.5174386776952559E-001, 1.5174388119909610E-001, 6.1273296714687386E-001,-6.1273291513648220E-001,-3.5552934033890804E-001, 3.5552930266137261E-001, 2.6407223628598148E-001,-2.6407223628598137E-001,-2.5954954998171523E-002, 2.5954954998171523E-002,-2.1515235646012268E-001, 2.1515235646012271E-001,5,5, 1.7994693232405881E+000, 8.9538054549578694E-001, 1.1144530533392594E+000, 1.4641220179263887E+000,-1.2943583271640239E+001,-2.1597566821836764E+000,1
29, 4.1666666666666669E-001,-2.5000000000000000E-001, 0.0000000000000000E+000, 5.9651128533583131E-001,-7.5767109255924203E-001, 0.0000000000000000E+000, 2.1255847307370207E+001,-2.8097174282666001E-002, 2.8097148092102578E-002,-2.6190563422873181E-008, 7.4895265189675223E-002,-7.4895288099812510E-002,-2.2910137287279753E-008, 3.8883917873588852E-001,-3.8883918088188707E-001,-2.1459985455329900E-009,-2.2910692756540733E-002, 2.2910666565977310E-002, 8.6136133962517791E-002,-8.6136156872655079E-002, 3.3746965990631156E-001,-3.3746966205231010E-001,-5.1864815261252681E-003, 5.1864815261252698E-003,-1.1240868772842574E-002, 1.1240868772842572E-002, 5.1369518829576979E-002,-5.1369518829576959E-002,5,5, 3.0121222979113398E+000, 9.2828168522410592E-001, 1.1070880348988221E+000, 1.4513358778373293E+000,-1.1943159993975284E+001,-3.0487121081523165E+000,1
30,-2.5000000000000000E-001,-2.5000000000000000E-001, 0.0000000000000000E+000,-3.5790677120149877E-001,-2.0663757069797509E-001, 0.0000000000000000E+000, 2.2357914351092742E+001,-2.0557158564945905E+000, 2.0557158306918906E+000,-2.5802699976651411E-008,-1.1868679768393280E+000, 1.1868681784714390E+000, 2.0163211100765466E-007,-2.1862131898163235E+000, 2.1862129329756663E+000,-2.5684065718678539E-007,-2.0247552274565646E+000, 2.0247552016538646E+000,-1.1689928338056599E+000, 1.1689930354377709E+000,-1.7356922749521031E+000, 1.7356920181114459E+000,-3.0960629038025829E-002, 3.0960629038025812E-002,-1.7875143033668158E-002, 1.7875143033668165E-002,-4.5052091486422036E-001, 4.5052091486422036E-001,5,5, 1.2065541967001725E+000, 9.1167200334795295E-001, 1.1176415374527944E+000, 1.4656662195417642E+000,-1.3151961436895357E+001,-1.8711176466255175E+000,1
31, 8.3333333333333301E-002,-1.6666666666666660E-001, 0.0000000000000000E+000, 1.1930225706716621E-001,-3.4439595116329164E-001, 0.0000000000000000E+000, 2.2854609255485318E+001, 6.1972928058574606E-001,-6.1972920651408081E-001, 7.4071665301378431E-008, 6.4811711070418254E-001,-6.4811707722837253E-001, 3.3475810012895124E-008, 3.2409273426466234E-001,-3.2409294802107114E-001,-2.1375640885112901E-007, 1.5761639356688423E-001,-1.5761631949521893E-001, 5.3726774245205033E-001,-5.3726770897624032E-001, 4.2330516524341733E-001,-4.2330537899982618E-001, 4.6211288701886183E-001,-4.6211288701886188E-001, 1.1084936825213221E-001,-1.1084936825213225E-001,-9.9212430978754984E-002, 9.9212430978755026E-002,5,5, 1.5953382837688765E+000, 8.7217834241416892E-001, 1.1147521315636451E+000, 1.4742852997478613E+000,-1.3259170118538115E+001,-1.8951835664122842E+000,1
32, 4.1666666666666669E-001,-1.6666666666666660E-001, 0.0000000000000000E+000, 5.9651128533583131E-001,-6.1991271209392518E-001, 0.0000000000000000E+000, 2.3405642777346586E+001, 8.8853395652924994E-003,-8.8852829591717416E-003, 5.6606120769908674E-008,-5.1299638458876693E-003, 5.1299497433739847E-003,-1.4102513677671791E-008, 2.5370953277162039E-001,-2.5370953333520463E-001,-5.6358420708058077E-010, 2.2370263976065403E-002,-2.2370207369944634E-002,-1.2915466218524276E-002, 1.2915452116010598E-002, 2.4285505536877386E-001,-2.4285505593235807E-001,-1.3484924410772904E-002, 1.3484924410772892E-002, 7.7855023726366062E-003,-7.7855023726366131E-003, 1.0854477402846546E-002,-1.0854477402846549E-002,5,5, 3.0570383081476442E+000, 9.2779950937324573E-001, 1.1090725051373898E+000, 1.4555303763719774E+000,-1.2074083405628702E+001,-2.9139408954637194E+000,1
33,-2.5000000000000000E-001,-1.6666666666666660E-001, 0.0000000000000000E+000,-3.5790677120149877E-001,-6.8879190232658233E-002, 0.0000000000000000E+000, 2.4507709821069120E+001,-2.5141748897852290E-001, 2.5141746566722778E-001,-2.3311295060945980E-008,-8.6075788298699929E-001, 8.6075797846111557E-001, 9.5474116168503542E-008, 3.2409533504002563E-001,-3.2409536940215466E-001,-3.4362129031073607E-008,-3.8647560326111080E-001, 3.8647557994981574E-001,-4.0513081515797922E-001, 4.0513091063209539E-001, 4.2330738977040466E-001,-4.2330742413253369E-001, 1.3505811428258793E-001,-1.3505811428258796E-001,-4.5562706782902013E-001, 4.5562706782902018E-001,-9.9212054730379029E-002, 9.9212054730379057E-002,5,5, 1.5953405954345903E+000, 8.7217807178021800E-001, 1.1147521355539722E+000, 1.4742855099933281E+000,-1.3259171020771408E+001,-1.8951875886445717E+000,1
34, 8.3333333333333301E-002,-8.3333333333333398E-002, 0.0000000000000000E+000, 1.1930225706716621E-001,-2.0663757069797517E-001, 0.0000000000000000E+000, 2.5004404725461697E+001, 1.1093871203956458E+000,-1.1093871511524824E+000,-3.0756836744139093E-008, 6.4050490880768585E-001,-6.4050492226477385E-001,-1.3457088055002231E-008, 5.3603380151384110E+000,-5.3603378856252819E+000, 1.2951312911013702E-007, 5.2562469584797700E-001,-5.2562472660481374E-001, 3.0346952322489301E-001,-3.0346953668198107E-001, 4.3482895962582901E+000,-4.3482894667451610E+000, 5.8376242454766880E-001,-5.8376242454766869E-001, 3.3703538558279283E-001,-3.3703538558279283E-001, 1.0120484188801206E+000,-1.0120484188801206E+000,5,5, 1.2918640525497829E+000, 8.4871951300808623E-001, 1.1155604519773454E+000, 1.4880677377975859E+000,-1.3482575624566328E+001,-1.6156352514967425E+000,1
35, 4.1666666666666669E-001,-8.3333333333333398E-002, 0.0000000000000000E+000, 5.9651128533583131E-001,-4.8215433162860866E-001, 0.0000000000000000E+000, 2.5555438247322964E+001, 4.2517447052076446E-001,-4.2517448424441806E-001,-1.3723653602415453E-008,-2.9823677014415245E-001, 2.9823678965367267E-001, 1.9509520221561161E-008, 1.7282237387388732E-001,-1.7282240055803602E-001,-2.6684148696221044E-008, 4.5297716885053829E-001,-4.5297718257419189E-001,-3.3471654610392554E-001, 3.3471656561344576E-001, 2.1077513527030708E-001,-2.1077516195445578E-001,-2.7802698329773858E-002, 2.7802698329773858E-002, 3.6479775959773100E-002,-3.6479775959773100E-002,-3.7952761396419753E-002, 3.7952761396419767E-002,5,5, 2.5473584952286394E+000, 9.2968201726828681E-001, 1.1137265527119893E+000, 1.4556860595601306E+000,-1.2257887542273959E+001,-2.6355618258581499E+000,1
36,-2.5000000000000000E-001,-8.3333333333333398E-002, 0.0000000000000000E+000,-3.5790677120149877E-001, 6.8879190232658261E-002, 0.0000000000000000E+000, 2.6657505291045499E+001, 2.5141521162167035E-001,-2.5141522929428750E-001,-1.7672617091957221E-008,-8.6075635294615838E-001, 8.6075636983102588E-001, 1.6884867504174395E-008, 3.2409555621808817E-001,-3.2409562277156356E-001,-6.6553475397412853E-008, 3.8647433126363934E-001,-3.8647434893625643E-001,-4.0513046325719149E-001, 4.0513048014205899E-001, 4.2330621762974252E-001,-4.2330628418321792E-001,-1.3505911964196898E-001, 1.3505911964196896E-001,-4.5562588968896683E-001, 4.5562588968896689E-001,-9.9210661411654355E-002, 9.9210661411654341E-002,5,5, 1.5953431158542786E+000, 8.7217820675653168E-001, 1.1147521235911291E+000, 1.4742854782035848E+000,-1.3259170641272245E+001,-1.8951871036692340E+000,1
1, 1.6666666666666671E-001, 0.0000000000000000E+000, 0.0000000000000000E+000, 2.3860451413433259E-001,-1.3775838046531677E-001, 0.0000000000000000E+000, 0.0000000000000000E+000, 1.5734731130581274E+000,-1.5734729682801945E+000, 1.4477793297551500E-007,-9.0845048604241663E-001, 9.0845043910864709E-001,-4.6933769537460535E-008, 4.4620457582961937E+000,-4.4620453174549075E+000, 4.4084128614230167E-007, 1.6272277016615888E+000,-1.6272275568836558E+000,-9.3948306633302581E-001, 9.3948301939925627E-001, 3.7393158314611323E+000,-3.7393153906198462E+000,-5.3754588603461398E-002, 5.3754588603461370E-002, 3.1032580290609183E-002,-3.1032580290609176E-002, 7.2272992683506154E-001,-7.2272992683506165E-001,5,5, 1.0796203380771823E+000, 8.7479638649570102E-001, 1.1172748614928396E+000, 1.4795537703051025E+000,-1.3425970759584356E+001,-1.6045468039206707E+000,2
2, 5.0000000000000000E-001, 0.0000000000000000E+000, 0.0000000000000000E+000, 7.1581354240299755E-001,-4.1327514139595017E-001, 0.0000000000000000E+000, 5.5103352186126675E-001, 1.1402401820968018E+000,-1.1402403093639419E+000,-1.2726714015975915E-007,-6.5831722924243696E-001, 6.5831724291810811E-001, 1.3675671151069935E-008, 3.0689478886227001E-001,-3.0689468433386846E-001, 1.0452840154551168E-007, 1.1975701629237974E+000,-1.1975702901909375E+000,-6.9141660023633145E-001, 6.9141661391200260E-001, 3.6089695275131167E-001,-3.6089684822291013E-001,-5.7329980826995683E-002, 5.7329980826995690E-002, 3.3099370993894497E-002,-3.3099370993894491E-002,-5.4002163889041679E-002, 5.4002163889041679E-002,5,5, 2.1749718633445938E+000, 9.4219657002132051E-001, 1.1193177293156611E+000, 1.4499277490463989E+000,-1.2246440026771426E+001,-2.4979191317504199E+000,2
3,-1.6666666666666660E-001, 0.0000000000000000E+000, 0.0000000000000000E+000,-2.3860451413433242E-001, 1.3775838046531666E-001, 0.0000000000000000E+000, 1.6531005655838005E+000, 1.5734732215384781E+000,-1.5734730502376206E+000, 1.7130085749883506E-007,-9.0845054259303692E-001, 9.0845059889818125E-001, 5.6305144213730784E-008, 4.4620452676891498E+000,-4.4620454116878516E+000,-1.4399870229553358E-007, 1.6272277985558277E+000,-1.6272276272549702E+000,-9.3948310019830739E-001, 9.3948315650345160E-001, 3.7393153509306747E+000,-3.7393154949293770E+000,-5.3754577017349592E-002, 5.3754577017349515E-002, 3.1032557605270419E-002,-3.1032557605270364E-002, 7.2272991675847520E-001,-7.2272991675847509E-001,5,5, 1.0796203381187290E+000, 8.7479638655765579E-001, 1.1172748674201747E+000, 1.4795537718496019E+000,-1.3425970759578458E+001,-1.6045468039819000E+000,2
4, 1.6666666666666671E-001, 8.3333333333333301E-002, 0.0000000000000000E+000, 2.3860451413433259E-001,-1.1102230246251565E-016, 0.0000000000000000E+000, 2.1497954699763766E+000,-2.1021921089981789E-006, 2.3523023265338574E-006, 2.5011021753450707E-007,-1.2810094968293604E+000, 1.2810094188275281E+000,-7.8001832326535236E-008, 5.3602827423475397E+000,-5.3602827612941280E+000,-1.8946587410084703E-008,-4.6564862741166536E-007, 7.1575884494617242E-007,-6.0693791473519387E-001, 6.0693783673336155E-001, 4.3482407209622522E+000,-4.3482407399088396E+000,-1.6365434815865133E-006, 1.6365434815876848E-006,-6.7407158209416651E-001, 6.7407158209416651E-001, 1.0120420213852879E+000,-1.0120420213852879E+000,5,5, 1.2918694629928007E+000, 8.4871898657731049E-001, 1.1155604474488390E+000, 1.4880679933119356E+000,-1.3482575939522999E+001,-1.6156408272982694E+000,2
5, 5.0000000000000000E-001, 8.3333333333333301E-002, 0.0000000000000000E+000, 7.1581354240299755E-001,-2.7551676093063349E-001, 0.0000000000000000E+000, 2.7008289918376436E+000, 4.7086743855412549E-001,-4.7086749416889329E-001,-5.5614767791034581E-008,-2.1909282665387034E-001, 2.1909286518007373E-001, 3.8526203394173564E-008, 1.7282270985851111E-001,-1.7282272299167495E-001,-1.3133163834222472E-008, 5.1636125014266332E-001,-5.1636130575743111E-001,-2.2493066814069568E-001, 2.2493070666689907E-001, 2.1077535683363868E-001,-2.1077536996680252E-001,-4.5493811588537811E-002, 4.5493811588537818E-002, 5.8378414868253282E-003,-5.8378414868253282E-003,-3.7952646975127576E-002, 3.7952646975127576E-002,5,5, 2.5473596254440802E+000, 9.2968203163385543E-001, 1.1137265546970152E+000, 1.4556860824990154E+000,-1.2257888024253660E+001,-2.6355625158768357E+000,2
6,-1.6666666666666660E-001, 8.3333333333333301E-002, 0.0000000000000000E+000,-2.3860451413433242E-001, 2.7551676093063332E-001, 0.0000000000000000E+000, 3.8028960355601775E+000, 8.7115043365874245E-001,-8.7115056196545593E-001,-1.2830671347607847E-007, 2.1264273125624866E-001,-2.1264268269052633E-001, 4.8565722388094201E-008, 3.2409284734858007E-001,-3.2409280424163350E-001, 4.3106946623350240E-008, 5.4409563164500074E-001,-5.4409575995171422E-001,-1.3213409108977364E-001, 1.3213413965549603E-001, 4.2330528356651770E-001,-4.2330524045957107E-001, 3.2705480201374171E-001,-3.2705480201374171E-001, 3.4477682234602230E-001,-3.4477682234602236E-001,-9.9212436217937613E-002, 9.9212436217937572E-002,5,5, 1.5953382837201009E+000, 8.7217834344366585E-001, 1.1147521329849883E+000, 1.4742852965086279E+000,-1.3259170118493774E+001,-1.8951835663821601E+000,2
7, 1.6666666666666671E-001, 1.6666666666666671E-001, 0.0000000000000000E+000, 2.3860451413433259E-001, 1.3775838046531677E-001, 0.0000000000000000E+000, 4.2995909399527541E+000,-1.5734745817128413E+000, 1.5734747285361650E+000, 1.4682332372117912E-007,-9.0844609520966513E-001, 9.0844608337260191E-001,-1.1837063107478230E-008, 4.4620471166838476E+000,-4.4620470404224415E+000, 7.6261406078970140E-008,-1.6272266469329799E+000, 1.6272267937563036E+000,-9.3947985008988522E-001, 9.3947983825282211E-001, 3.7393145854776515E+000,-3.7393145092162454E+000, 5.3752065220138645E-002,-5.3752065220138645E-002, 3.1033754880220102E-002,-3.1033754880220164E-002, 7.2273253120619596E-001,-7.2273253120619596E-001,5,5, 1.0796198869293736E+000, 8.7479595937302279E-001, 1.1172748898240212E+000, 1.4795539307242727E+000,-1.3425971209481567E+001,-1.6045502779345708E+000,2
8, 5.0000000000000000E-001, 1.6666666666666671E-001, 0.0000000000000000E+000, 7.1581354240299755E-001,-1.3775838046531663E-001, 0.0000000000000000E+000, 4.8506244618140206E+000, 4.9271046495090780E-002,-4.9271006032361502E-002, 4.0462729278267773E-008, 6.4901342544079629E-002,-6.4901339972937788E-002, 2.5711418411011877E-009, 2.1850227822056925E-001,-2.1850227619534032E-001, 2.0252289290034753E-009, 8.2732367913629201E-002,-8.2732327450899923E-002, 9.7176433235034262E-002,-9.7176430663892421E-002, 2.1342284182619609E-001,-2.1342283980096716E-001,-3.3461321418538421E-002, 3.3461321418538421E-002,-3.2275090690954633E-002, 3.2275090690954640E-002, 5.0794363943731744E-003,-5.0794363943731762E-003,5,5, 2.9197815475052149E+000, 9.2185257345360649E-001, 1.1094507346826104E+000, 1.4567114937621899E+000,-1.2279879300947833E+001,-2.7726274203189356E+000,2
9,-1.6666666666666660E-001, 1.6666666666666671E-001, 0.0000000000000000E+000,-2.3860451413433242E-001, 4.1327514139595023E-001, 0.0000000000000000E+000, 5.9526915055365546E+000, 2.1870224840777103E-001,-2.1870226241507029E-001,-1.4007299257989825E-008, 1.2626782762579786E-001,-1.2626774414134809E-001, 8.3484449766441093E-008,-3.4852175981186742E-002, 3.4852171116559416E-002,-4.8646273120844796E-009,-2.7933362076792027E-002, 2.7933348069492769E-002,-1.6127310339103060E-002, 1.6127393823552827E-002, 4.8407949460954808E-002,-4.8407954325582120E-002, 2.4663561048456306E-001,-2.4663561048456306E-001, 1.4239513796490091E-001,-1.4239513796490091E-001,-8.3260125442141550E-002, 8.3260125442141536E-002,5,5, 2.2200884171269908E+000, 8.8348901382595679E-001, 1.1122471196372399E+000, 1.4671476894205087E+000,-1.2992297254856616E+001,-2.1909956432560276E+000,2
10, 1.6666666666666671E-001, 2.5000000000000000E-001, 0.0000000000000000E+000, 2.3860451413433259E-001, 2.7551676093063338E-001, 0.0000000000000000E+000, 6.4493864099291311E+000,-8.7114691765693952E-001, 8.7114691122204735E-001,-6.4348922856893864E-009, 2.1264511086611679E-001,-2.1264505087655122E-001, 5.9989565565077285E-008, 3.2409533998281831E-001,-3.2409531490103005E-001, 2.5081788312952824E-008,-5.4409136931871904E-001, 5.4409136288382676E-001,-1.3213218481191211E-001, 1.3213224480147767E-001, 4.2330739517721194E-001,-4.2330737009542363E-001,-3.2705554833822054E-001, 3.2705554833822054E-001, 3.4477729567802889E-001,-3.4477729567802889E-001,-9.9212055194393620E-002, 9.9212055194393606E-002,5,5, 1.5953405954517563E+000, 8.7217807204164532E-001, 1.1147521301423184E+000, 1.4742855379396649E+000,-1.3259171020769884E+001,-1.8951875886611929E+000,2
11, 5.0000000000000000E-001, 2.5000000000000000E-001, 0.0000000000000000E+000, 7.1581354240299755E-001, 0.0000000000000000E+000, 0.0000000000000000E+000, 7.0004199317903977E+000, 3.9858102517130111E-007,-3.9602737341416579E-007, 2.5536517572028686E-009, 1.1343773202467693E-001,-1.1343774696570119E-001,-1.4941024278902759E-008, 2.8852905737838025E-001,-2.8852903872012692E-001, 1.8658253331249597E-008, 2.5248587423752828E-007,-2.4993222248032541E-007, 1.6474097042769700E-001,-1.6474098536872128E-001, 2.5174691349429901E-001,-2.5174689483604568E-001, 1.4609515093377283E-007,-1.4609515093384038E-007,-5.1303238403020077E-002, 5.1303238403020091E-002, 3.6782143884081242E-002,-3.6782143884081235E-002,5,5, 2.9606025106475622E+000, 9.1934750802089671E-001, 1.1081703564991008E+000, 1.4554478751886863E+000,-1.2290452667391939E+001,-2.7909224125705312E+000,2
12,-1.6666666666666660E-001, 2.5000000000000000E-001, 0.0000000000000000E+000,-2.3860451413433242E-001, 5.5103352186126686E-001, 0.0000000000000000E+000, 8.1024869755129316E+000,-5.3684997719563310E-002, 5.3685059454296691E-002, 6.1734733353135951E-008, 7.9150291763497721E-003,-7.9150714599616895E-003,-4.2283611917381947E-008, 1.0388205837642936E-001,-1.0388206916428638E-001,-1.0787857024352476E-008,-1.8345017460279464E-001, 1.8345023633752799E-001,-6.5544173176629861E-003, 6.5543750340510687E-003, 1.2199063378476135E-001,-1.2199064457261838E-001, 1.2976517688323133E-001,-1.2976517688323130E-001, 1.4469446494012758E-002,-1.4469446494012758E-002,-1.8108575408331995E-002, 1.8108575408331998E-002,5,5, 2.6141026156067766E+000, 9.0484740792996954E-001, 1.1105410442439883E+000, 1.4605835545799586E+000,-1.2647657288442645E+001,-2.4794366711530871E+000,2
13, 1.6666666666666671E-001, 3.3333333333333331E-001, 0.0000000000000000E+000, 2.3860451413433259E-001, 4.1327514139595012E-001, 0.0000000000000000E+000, 8.5991818799055082E+000,-2.1870169620950874E-001, 2.1870169966407324E-001, 3.4545645163919225E-009, 1.2626753367763421E-001,-1.2626752650868162E-001, 7.1689526467966225E-009,-3.4849086852275217E-002, 3.4849195376414982E-002, 1.0852413976497610E-007, 2.7934126958172649E-002,-2.7934123503608133E-002,-1.6127500032970983E-002, 1.6127507201923630E-002, 4.8410765646010635E-002,-4.8410657121870870E-002,-2.4663582316768140E-001, 2.4663582316768137E-001, 1.4239503371060519E-001,-1.4239503371060525E-001,-8.3259852498285852E-002, 8.3259852498285852E-002,5,5, 2.2200915715755247E+000, 8.8348898461838998E-001, 1.1122471086032868E+000, 1.4671479048711578E+000,-1.2992298601205000E+001,-2.1909982351521737E+000,2
14, 5.0000000000000000E-001, 3.3333333333333331E-001, 0.0000000000000000E+000, 7.1581354240299755E-001, 1.3775838046531669E-001, 0.0000000000000000E+000, 9.1502154017667756E+000,-4.9270332115678814E-002, 4.9270292983434230E-002,-3.9132244583628406E-008, 6.4901719599598270E-002,-6.4901746483538691E-002,-2.6883940434929698E-008, 2.1850322849171933E-001,-2.1850324435220125E-001,-1.5860481927809644E-008,-8.2731887142276195E-002, 8.2731848010031611E-002, 9.7176899562782498E-002,-9.7176926446722933E-002, 2.1342365939242020E-001,-2.1342367525290212E-001, 3.3461555026597381E-002,-3.3461555026597381E-002,-3.2275179963184228E-002, 3.2275179963184242E-002, 5.0795690992991444E-003,-5.0795690992991409E-003,5,5, 2.9197787658731338E+000, 9.2185246806944021E-001, 1.1094507395705682E+000, 1.4567115730445632E+000,-1.2279882647705675E+001,-2.7726260327023162E+000,2
15,-1.6666666666666660E-001, 3.3333333333333331E-001, 0.0000000000000000E+000,-2.3860451413433242E-001, 6.8879190232658349E-001, 0.0000000000000000E+000, 1.0252282445489309E+001,-8.0841759522666201E-002, 8.0841702803253451E-002,-5.6719412749872689E-008, 1.0219434645472559E-002,-1.0219423960030160E-002, 1.0685442398961076E-008, 2.1850135231048939E-001,-2.1850131083130236E-001, 4.1479187029569431E-008,-1.2552341805996783E-001, 1.2552336134055508E-001, 2.3060281409133264E-002,-2.3060270723690865E-002, 2.1342199652658295E-001,-2.1342195504739592E-001, 4.4681658537301626E-002,-4.4681658537301633E-002,-1.2840846763660705E-002, 1.2840846763660705E-002, 5.0793557839064335E-003,-5.0793557839064370E-003,5,5, 2.9197805993226171E+000, 9.2185256283374739E-001, 1.1094507387567494E+000, 1.4567113867207100E+000,-1.2279877595757295E+001,-2.7726262654315468E+000,2
16, 1.6666666666666671E-001, 4.1666666666666669E-001, 0.0000000000000000E+000, 2.3860451413433259E-001, 5.5103352186126686E-001, 0.0000000000000000E+000, 1.0748977349881885E+001, 5.3685113854181288E-002,-5.3685081830930598E-002, 3.2023250662316372E-008, 7.9147694012426505E-003,-7.9147699212447908E-003,-5.2000214550984580E-010, 1.0388404652108546E-001,-1.0388398340376262E-001, 6.3117322840477996E-008, 1.8345039320373230E-001,-1.8345036118048164E-001,-6.5546728085507586E-003, 6.5546722885486131E-003, 1.2199247322281015E-001,-1.2199241010548731E-001,-1.2976527934955101E-001, 1.2976527934955104E-001, 1.4469442209793409E-002,-1.4469442209793404E-002,-1.8108426701724696E-002, 1.8108426701724696E-002,5,5, 2.6141048250143624E+000, 9.0484742521735162E-001, 1.1105410338167485E+000, 1.4605837346723909E+000,-1.2647659007372688E+001,-2.4794384109465764E+000,2
17, 5.0000000000000000E-001, 4.1666666666666669E-001, 0.0000000000000000E+000, 7.1581354240299755E-001, 2.7551676093063343E-001, 0.0000000000000000E+000, 1.1300010871743153E+001,-4.7086835311615494E-001, 4.7086836449439540E-001, 1.1378240460935274E-008,-2.1909339224388924E-001, 2.1909340917083733E-001, 1.6926948093187733E-008, 1.7282459053184507E-001,-1.7282459464754496E-001,-4.1156998920044430E-009,-5.1636197004839357E-001, 5.1636198142663403E-001,-2.2493108297830192E-001, 2.2493109990525001E-001, 2.1077711587794767E-001,-2.1077711999364757E-001, 4.5493616932238620E-002,-4.5493616932238641E-002, 5.8376907344126830E-003,-5.8376907344126865E-003,-3.7952525346102613E-002, 3.7952525346102599E-002,5,5, 2.5473557248195720E+000, 9.2968193987197023E-001, 1.1137265652300041E+000, 1.4556862509912585E+000,-1.2257894111191195E+001,-2.6355616983678267E+000,2
18,-1.6666666666666660E-001, 4.1666666666666669E-001, 0.0000000000000000E+000,-2.3860451413433242E-001, 8.2655028279190024E-001, 0.0000000000000000E+000, 1.2402077915465686E+001,-3.6058478427893534E-008, 1.2887687669530991E-008,-2.3170790757909168E-008, 1.0259873611144188E-002,-1.0259867544875191E-002, 6.0662690010149234E-009, 2.5370951090774174E-001,-2.5370950771428114E-001, 3.1934606070649352E-009,-1.6338145967458950E-008,-6.8326447904502180E-009, 2.5830911936506842E-002,-2.5830905870237841E-002, 2.4285503336491093E-001,-2.4285503017145033E-001,-1.9720332460434584E-008, 1.9720332459981209E-008,-1.5571038325362654E-002, 1.5571038325362651E-002, 1.0854477542830806E-002,-1.0854477542830802E-002,5,5, 3.0570383081033934E+000, 9.2779951034445585E-001, 1.1090725055341204E+000, 1.4555303617708131E+000,-1.2074083405647361E+001,-2.9139408954499433E+000,2
19, 1.6666666666666671E-001, 5.0000000000000000E-001, 0.0000000000000000E+000, 2.3860451413433259E-001, 6.8879190232658360E-001, 0.0000000000000000E+000, 1.2898772819858262E+001, 8.0841738683860659E-002,-8.0841722568155430E-002, 1.6115705214758691E-008, 1.0219266916135578E-002,-1.0219330456623075E-002,-6.3540487496571707E-008, 2.1850229257860287E-001,-2.1850228189629597E-001, 1.0682306900156036E-008, 1.2552344841098217E-001,-1.2552343229527696E-001, 2.3060072588698216E-002,-2.3060136129185713E-002, 2.1342285686845788E-001,-2.1342284618615098E-001,-4.4681709727121516E-002, 4.4681709727121530E-002,-1.2840805672562638E-002, 1.2840805672562638E-002, 5.0794357101449934E-003,-5.0794357101449934E-003,5,5, 2.9197815475386379E+000, 9.2185257251051811E-001, 1.1094507352180354E+000, 1.4567114983141940E+000,-1.2279879300971224E+001,-2.7726274203161738E+000,2
20, 5.0000000000000000E-001, 5.0000000000000000E-001, 0.0000000000000000E+000, 7.1581354240299755E-001, 4.1327514139595017E-001, 0.0000000000000000E+000, 1.3449806341719530E+001,-1.1402443472075616E+000, 1.1402444753572827E+000, 1.2814972105701372E-007,-6.5832033966373149E-001, 6.5832042867914042E-001, 8.9015408932802131E-008, 3.0689917484717766E-001,-3.0689914365805598E-001, 3.1189121674213283E-008,-1.1975735926708513E+000, 1.1975737208205723E+000,-6.9141940092163701E-001, 6.9141948993704594E-001, 3.6090091941416924E-001,-3.6090088822504757E-001, 5.7329245463289741E-002,-5.7329245463289727E-002, 3.3099061257905564E-002,-3.3099061257905564E-002,-5.4001744566991611E-002, 5.4001744566991604E-002,5,5, 2.1749680054349518E+000, 9.4219661606025351E-001, 1.1193178109934447E+000, 1.4499278362205776E+000,-1.2246447241242745E+001,-2.4979190257322825E+000,2
21,-1.6666666666666660E-001, 5.0000000000000000E-001, 0.0000000000000000E+000,-2.3860451413433242E-001, 9.6430866325721698E-001, 0.0000000000000000E+000, 1.4551873385442063E+001, 8.0841732101246871E-002,-8.0841708192549294E-002, 2.3908697577290638E-008, 1.0219252171472265E-002,-1.0219262024856278E-002,-9.8533840184322763E-009, 2.1850224859252904E-001,-2.1850225348580005E-001,-4.8932710106086574E-009, 1.2552344166615309E-001,-1.2552341775745551E-001, 2.3060058700043892E-002,-2.3060068553427911E-002, 2.1342281198070917E-001,-2.1342281687398018E-001,-4.4681709564906219E-002, 4.4681709564906212E-002,-1.2840806528571627E-002, 1.2840806528571632E-002, 5.0794366118198748E-003,-5.0794366118198705E-003,5,5, 2.9197815475479487E+000, 9.2185257301897006E-001, 1.1094507272609855E+000, 1.4567115015296963E+000,-1.2279879300948378E+001,-2.7726274203162689E+000,2
22, 1.6666666666666671E-001,-4.1666666666666657E-001, 0.0000000000000000E+000, 2.3860451413433259E-001,-8.2655028279190024E-001, 0.0000000000000000E+000, 1.6405222845556178E+001,-4.9293716857111415E-009, 3.7196955912819357E-008, 3.2267584227119849E-008, 1.0259884969404397E-002,-1.0259899151235312E-002,-1.4181830911008664E-008, 2.5370954646724447E-001,-2.5370956104241194E-001,-1.4575167461838845E-008, 1.5508062452401060E-008, 1.6759521774718789E-008, 2.5830921653939083E-002,-2.5830935835769994E-002, 2.4285506783606542E-001,-2.4285508241123288E-001,-2.0437434138112202E-008, 2.0437434138100568E-008,-1.5571036684534686E-002, 1.5571036684534682E-002, 1.0854478631179061E-002,-1.0854478631179059E-002,5,5, 3.0570383081547376E+000, 9.2779951001176753E-001, 1.1090725067842975E+000, 1.4555303643806141E+000,-1.2074083405662327E+001,-2.9139408954928663E+000,2
23, 5.0000000000000000E-001,-4.1666666666666657E-001, 0.0000000000000000E+000, 7.1581354240299755E-001,-1.1020670437225337E+000, 0.0000000000000000E+000, 1.6956256367417446E+001,-4.7086838794299785E-001, 4.7086835730926635E-001,-3.0633731551432675E-008,-2.1909342917305955E-001, 2.1909340999153526E-001,-1.9181524285594165E-008, 1.7282458710731718E-001,-1.7282461094247181E-001,-2.3835154627782629E-008,-5.1636200165981117E-001, 5.1636197102607961E-001,-2.2493111620802567E-001, 2.2493109702650138E-001, 2.1077711080212630E-001,-2.1077713463728093E-001, 4.5493613716813312E-002,-4.5493613716813285E-002, 5.8376870349661084E-003,-5.8376870349661127E-003,-3.7952523694809108E-002, 3.7952523694809101E-002,5,5, 2.5473557248505281E+000, 9.2968194140067240E-001, 1.1137265611003411E+000, 1.4556862569213065E+000,-1.2257894111196611E+001,-2.6355616983792389E+000,2
24,-1.6666666666666660E-001,-4.1666666666666657E-001, 0.0000000000000000E+000,-2.3860451413433242E-001,-5.5103352186126686E-001, 0.0000000000000000E+000, 1.8058323411139980E+001, 5.3685116179284953E-002,-5.3685075100797841E-002, 4.1078487111878559E-008, 7.9148222420202859E-003,-7.9148174998097710E-003, 4.7422105131644798E-009, 1.0388399927690845E-001,-1.0388402535763439E-001,-2.6080725940014204E-008, 1.8345039704253080E-001,-1.8345035596404369E-001,-6.5546311701037557E-003, 6.5546359123142689E-003, 1.2199242656101109E-001,-1.2199245264173703E-001,-1.2976528086324585E-001, 1.2976528086324585E-001, 1.4469453412124042E-002,-1.4469453412124040E-002,-1.8108427284102641E-002, 1.8108427284102648E-002,5,5, 2.6141048249532597E+000, 9.0484742372706806E-001, 1.1105410384929262E+000, 1.4605837252263236E+000,-1.2647659007354537E+001,-2.4794384109266145E+000,2
25, 1.6666666666666671E-001,-3.3333333333333343E-001, 0.0000000000000000E+000, 2.3860451413433259E-001,-6.8879190232658383E-001, 0.0000000000000000E+000, 1.8555018315532557E+001,-8.0841717057305376E-002, 8.0841719572819992E-002, 2.5155146021749175E-009, 1.0219441375111998E-002,-1.0219409111999939E-002, 3.2263112050012754E-008, 2.1850129445056615E-001,-2.1850132311055218E-001,-2.8659986023304995E-008,-1.2552337683339679E-001, 1.2552337934891139E-001, 2.3060286328594741E-002,-2.3060254065482691E-002, 2.1342193683755531E-001,-2.1342196549754133E-001, 4.4681659776091412E-002,-4.4681659776091405E-002,-1.2840844953482743E-002, 1.2840844953482752E-002, 5.0793576130108544E-003,-5.0793576130108500E-003,5,5, 2.9197805993279777E+000, 9.2185256042872721E-001, 1.1094507294155653E+000, 1.4567114205547789E+000,-1.2279877595743429E+001,-2.7726262654231322E+000,2
26, 5.0000000000000000E-001,-3.3333333333333343E-001, 0.0000000000000000E+000, 7.1581354240299755E-001,-9.6430866325721731E-001, 0.0000000000000000E+000, 1.9106051837393824E+001,-4.9270300326942747E-002, 4.9270306838922251E-002, 6.5119795111812095E-009, 6.4901721008114963E-002,-6.4901712980302478E-002, 8.0278124703347942E-009, 2.1850323717473893E-001,-2.1850325072642904E-001,-1.3551690103419389E-008,-8.2731852504353026E-002, 8.2731859016332537E-002, 9.7176904245175721E-002,-9.7176896217363251E-002, 2.1342366344985564E-001,-2.1342367700154574E-001, 3.3461552177410279E-002,-3.3461552177410286E-002,-3.2275183237060759E-002, 3.2275183237060766E-002, 5.0795737248833083E-003,-5.0795737248833022E-003,5,5, 2.9197787658831302E+000, 9.2185246991003278E-001, 1.1094507422951028E+000, 1.4567115964255402E+000,-1.2279882647756487E+001,-2.7726260326867744E+000,2
27,-1.6666666666666660E-001,-3.3333333333333343E-001, 0.0000000000000000E+000,-2.3860451413433242E-001,-4.1327514139595045E-001, 0.0000000000000000E+000, 2.0208118881116359E+001,-2.1870166279890149E-001, 2.1870164699877886E-001,-1.5800122606102196E-008, 1.2626751738200481E-001,-1.2626761167210501E-001,-9.4290100192961912E-008,-3.4849165489934164E-002, 3.4849116102430758E-002,-4.9387503364695107E-008, 2.7934142155130064E-002,-2.7934157955252670E-002,-1.6127521550502254E-002, 1.6127427260402061E-002, 4.8410687613189146E-002,-4.8410737000692511E-002,-2.4663580495403156E-001, 2.4663580495403153E-001, 1.4239503893250707E-001,-1.4239503893250707E-001,-8.3259853103123310E-002, 8.3259853103123269E-002,5,5, 2.2200915714941782E+000, 8.8348898475033644E-001, 1.1122471137727143E+000, 1.4671479003075292E+000,-1.2992298601189267E+001,-2.1909982350886335E+000,2
28, 1.6666666666666671E-001,-2.5000000000000000E-001, 0.0000000000000000E+000, 2.3860451413433259E-001,-5.5103352186126697E-001, 0.0000000000000000E+000, 2.0704813785508936E+001,-5.3685040563724640E-002, 5.3685019314310051E-002,-2.1249414561275159E-008, 7.9150903038031455E-003,-7.9150626589624615E-003, 2.7644840687457428E-008, 1.0388206015365356E-001,-1.0388208584650252E-001,-2.5692848959479875E-008,-1.8345021972776621E-001, 1.8345019847835164E-001,-6.5543612604967785E-003, 6.5543889053374660E-003, 1.2199063494745449E-001,-1.2199066064030345E-001, 1.2976517916404157E-001,-1.2976517916404159E-001, 1.4469451564299924E-002,-1.4469451564299927E-002,-1.8108574793800930E-002, 1.8108574793800927E-002,5,5, 2.6141026155901743E+000, 9.0484740844305744E-001, 1.1105410466951613E+000, 1.4605835543468995E+000,-1.2647657288477518E+001,-2.4794366711424720E+000,2
29, 5.0000000000000000E-001,-2.5000000000000000E-001, 0.0000000000000000E+000, 7.1581354240299755E-001,-8.2655028279190035E-001, 0.0000000000000000E+000, 2.1255847307370203E+001, 4.3261216700788358E-007,-4.3241923902884597E-007, 1.9292797896497968E-010, 1.1343773762316331E-001,-1.1343774169428927E-001,-4.0711259641224018E-009, 2.8852904119163131E-001,-2.8852900119868141E-001, 3.9992949896205943E-008, 2.8110889403637924E-007,-2.8091596605741426E-007, 1.6474097314419636E-001,-1.6474097721532233E-001, 2.5174690141267364E-001,-2.5174686141972374E-001, 1.5150327297150434E-007,-1.5150327297143171E-007,-5.1303235521033060E-002, 5.1303235521033053E-002, 3.6782139778957668E-002,-3.6782139778957675E-002,5,5, 2.9606025106107481E+000, 9.1934750773608598E-001, 1.1081703650779815E+000, 1.4554478586868913E+000,-1.2290452667373479E+001,-2.7909224125310965E+000,2
30,-1.6666666666666660E-001,-2.5000000000000000E-001, 0.0000000000000000E+000,-2.3860451413433242E-001,-2.7551676093063349E-001, 0.0000000000000000E+000, 2.2357914351092738E+001,-8.7114697360988491E-001, 8.7114696530837665E-001,-8.3015082585902178E-009, 2.1264501277277970E-001,-2.1264499477494925E-001, 1.7997830614735477E-008, 3.2409538370163105E-001,-3.2409536059370897E-001, 2.3107922020315641E-008,-5.4409141734331334E-001, 5.4409140904180509E-001,-1.3213228541783234E-001, 1.3213230341566296E-001, 4.2330743607774612E-001,-4.2330741296982410E-001,-3.2705555626657151E-001, 3.2705555626657157E-001, 3.4477729819061204E-001,-3.4477729819061220E-001,-9.9212052376115092E-002, 9.9212052376115120E-002,5,5, 1.5953405954418440E+000, 8.7217807268903291E-001, 1.1147521327703578E+000, 1.4742855161783366E+000,-1.3259171020774517E+001,-1.8951875886105050E+000,2
31, 1.6666666666666671E-001,-1.6666666666666660E-001, 0.0000000000000000E+000, 2.3860451413433259E-001,-4.1327514139595012E-001, 0.0000000000000000E+000, 2.2854609255485315E+001, 2.1870221347872651E-001,-2.1870224618430453E-001,-3.2705577975022937E-008, 1.2626781835603160E-001,-1.2626780617499006E-001, 1.2181041567776996E-008,-3.4852163370622399E-002, 3.4852168692433141E-002, 5.3218107698427275E-009,-2.7933388654252829E-002, 2.7933355948674854E-002,-1.6127317260724024E-002, 1.6127329441765592E-002, 4.8407958409279556E-002,-4.8407953087468786E-002, 2.4663560213297933E-001,-2.4663560213297939E-001, 1.4239513561675562E-001,-1.4239513561675565E-001,-8.3260121779901955E-002, 8.3260121779901927E-002,5,5, 2.2200884172022897E+000, 8.8348901520160128E-001, 1.1122471129003817E+000, 1.4671476844184479E+000,-1.2992297254806235E+001,-2.1909956432880353E+000,2
32, 5.0000000000000000E-001,-1.6666666666666660E-001, 0.0000000000000000E+000, 7.1581354240299755E-001,-6.8879190232658349E-001, 0.0000000000000000E+000, 2.3405642777346582E+001, 4.9271003159630719E-002,-4.9271035382153071E-002,-3.2222522358682504E-008, 6.4901334103099090E-002,-6.4901329792879048E-002, 4.3102200419919967E-009, 2.1850228174426270E-001,-2.1850228603472599E-001,-4.2904632902018847E-009, 8.2732328518197271E-002,-8.2732360740719629E-002, 9.7176432701425869E-002,-9.7176428391205827E-002, 2.1342284709248369E-001,-2.1342285138294698E-001,-3.3461325358566552E-002, 3.3461325358566558E-002,-3.2275098598326786E-002, 3.2275098598326779E-002, 5.0794346517790169E-003,-5.0794346517790186E-003,5,5, 2.9197815475193347E+000, 9.2185257215509131E-001, 1.1094507365660158E+000, 1.4567114781988355E+000,-1.2279879300941307E+001,-2.7726274203185937E+000,2
33,-1.6666666666666660E-001,-1.6666666666666660E-001, 0.0000000000000000E+000,-2.3860451413433242E-001,-1.3775838046531666E-001, 0.0000000000000000E+000, 2.4507709821069117E+001,-1.5734746320020889E+000, 1.5734748137804311E+000, 1.8177834215649114E-007,-9.0844604835201348E-001, 9.0844602720852585E-001,-2.1143487516361859E-008, 4.4620474079964509E+000,-4.4620470223841240E+000, 3.8561232740264018E-007,-1.6272266987430855E+000, 1.6272268805214276E+000,-9.3947982104720273E-001, 9.3947979990371522E-001, 3.7393148821633937E+000,-3.7393144965510663E+000, 5.3752066740996578E-002,-5.3752066740996585E-002, 3.1033772695189307E-002,-3.1033772695189327E-002, 7.2273252583305747E-001,-7.2273252583305769E-001,5,5, 1.0796198869371127E+000, 8.7479595961241707E-001, 1.1172748820784231E+000, 1.4795539220137792E+000,-1.3425971209464707E+001,-1.6045502779548664E+000,2
34, 1.6666666666666671E-001,-8.3333333333333398E-002, 0.0000000000000000E+000, 2.3860451413433259E-001,-2.7551676093063360E-001, 0.0000000000000000E+000, 2.5004404725461693E+001, 8.7115049420777446E-001,-8.7115048179079657E-001, 1.2416977890339354E-008, 2.1264269638487587E-001,-2.1264272360645159E-001,-2.7221575771285700E-008, 3.2409284194085247E-001,-3.2409290846781569E-001,-6.6526963216073653E-008, 5.4409570033890664E-001,-5.4409568792192875E-001,-1.3213411484622972E-001, 1.3213408762465395E-001, 4.2330527213714492E-001,-4.2330533866410813E-001, 3.2705479386886782E-001,-3.2705479386886782E-001, 3.4477681123110560E-001,-3.4477681123110554E-001,-9.9212430196292445E-002, 9.9212430196292445E-002,5,5, 1.5953382837323842E+000, 8.7217834636640823E-001, 1.1147521313194366E+000, 1.4742852996415883E+000,-1.3259170118532595E+001,-1.8951835664144119E+000,2
35, 5.0000000000000000E-001,-8.3333333333333398E-002, 0.0000000000000000E+000, 7.1581354240299755E-001,-5.5103352186126697E-001, 0.0000000000000000E+000, 2.5555438247322961E+001, 4.7086745640312105E-001,-4.7086750246737402E-001,-4.6064252967603636E-008,-2.1909281346841281E-001, 2.1909282602742605E-001, 1.2559013246038475E-008, 1.7282274567282785E-001,-1.7282273596394387E-001, 9.7088839468018051E-009, 5.1636126481218536E-001,-5.1636131087643833E-001,-2.2493065622439271E-001, 2.2493066878340595E-001, 2.1077539043783286E-001,-2.1077538072894891E-001,-4.5493808409064307E-002, 4.5493808409064307E-002, 5.8378427559799082E-003,-5.8378427559799030E-003,-3.7952644765005018E-002, 3.7952644765005025E-002,5,5, 2.5473596254599831E+000, 9.2968203141399197E-001, 1.1137265517707977E+000, 1.4556860817287951E+000,-1.2257888024255273E+001,-2.6355625158937044E+000,2
36,-1.6666666666666660E-001,-8.3333333333333398E-002, 0.0000000000000000E+000,-2.3860451413433242E-001,-1.6653345369377348E-016, 0.0000000000000000E+000, 2.6657505291045496E+001,-2.0864549652436002E-006, 2.1358067555194887E-006, 4.9351790276761805E-008,-1.2810095276114695E+000, 1.2810094623257515E+000,-6.5285717831820023E-008, 5.3602828983725646E+000,-5.3602830144492772E+000,-1.1607671268620834E-007,-4.6977864274692674E-007, 5.1913043302368855E-007,-6.0693792239887434E-001, 6.0693785711315651E-001, 4.3482408387662037E+000,-4.3482409548429164E+000,-1.6166763224966732E-006, 1.6166763224957999E-006,-6.7407160521259513E-001, 6.7407160521259513E-001, 1.0120420596063608E+000,-1.0120420596063608E+000,5,5, 1.2918694630406544E+000, 8.4871898420479897E-001, 1.1155604490711690E+000, 1.4880679857097234E+000,-1.3482575939526091E+001,-1.6156408273222547E+000,2
1, 2.5000000000000000E-001, 0.0000000000000000E+000, 0.0000000000000000E+000, 3.5790677120149877E-001,-2.0663757069797509E-001, 0.0000000000000000E+000, 0.0000000000000000E+000, 2.0557123630248326E+000,-2.0557122841547364E+000, 7.8870096231753450E-008,-1.1868666026733752E+000, 1.1868662725179981E+000,-3.3015537703739994E-007,-2.1862226803264568E+000, 2.1862226441909356E+000,-3.6135521019886596E-008, 2.0247537655064582E+000,-2.0247536866363620E+000,-1.1689918918736362E+000, 1.1689915617182591E+000,-1.7357019500357369E+000, 1.7357019139002159E+000, 3.0958597518374494E-002,-3.0958597518374476E-002,-1.7874710799738965E-002, 1.7874710799738965E-002,-4.5052073029071987E-001, 4.5052073029071982E-001,5,5, 1.2065557326761231E+000, 9.1167219146423362E-001, 1.1176415098936707E+000, 1.4656660783160984E+000,-1.3151960291382846E+001,-1.8711157179461422E+000,3
2,-4.1666666666666657E-001, 0.0000000000000000E+000, 0.0000000000000000E+000,-5.9651128533583120E-001, 3.4439595116329175E-001, 0.0000000000000000E+000, 1.1020670437225335E+000, 1.2545496623847818E+000,-1.2545496474298619E+000, 1.4954919969056846E-008,-7.2431364558409306E-001, 7.2431364049733693E-001,-5.0867561274259288E-009,-2.5341725899065651E-002, 2.5341741610384577E-002, 1.5711318940292429E-008, 1.3064035903405444E+000,-1.3064035753856245E+000,-7.5425141645703653E-001, 7.5425141137028040E-001, 6.4942457031992057E-002,-6.4942441320673117E-002,-5.1853927955762560E-002, 5.1853927955762553E-002, 2.9937770872943508E-002,-2.9937770872943512E-002,-9.0284182931057708E-002, 9.0284182931057694E-002,5,5, 1.9797512526266658E+000, 9.4093596636431143E-001, 1.1187385762175694E+000, 1.4522708818809931E+000,-1.2436466361438924E+001,-2.4107737725165563E+000,3
3,-8.3333333333333398E-002, 0.0000000000000000E+000, 0.0000000000000000E+000,-1.1930225706716635E-001, 6.8879190232658413E-002, 0.0000000000000000E+000, 1.6531005655838003E+000, 1.0115031860030268E+000,-1.0115036899747252E+000,-5.0397169837346212E-007,-5.8400847348567275E-001, 5.8400839603227772E-001,-7.7453395141979797E-008, 2.9996234444025106E+001,-2.9996233877818504E+001, 5.6620659805162177E-007, 1.4381993185791628E+000,-1.4381998225508612E+000,-8.3034915987881608E-001, 8.3034908242542094E-001, 2.0671969684409959E+001,-2.0671969118203361E+001,-4.2669613257613598E-001, 4.2669613257613614E-001, 2.4634068639314338E-001,-2.4634068639314322E-001, 9.3242647596151453E+000,-9.3242647596151436E+000,5,5, 8.1034522856953206E-001, 7.8649733104460817E-001, 1.1170915760938571E+000, 1.5055210801265841E+000,-1.3597545098306224E+001,-1.3772961146265730E+000,3
4, 2.5000000000000000E-001, 8.3333333333333301E-002, 0.0000000000000000E+000, 3.5790677120149877E-001,-6.8879190232658427E-002, 0.0000000000000000E+000, 2.1497954699763766E+000, 2.5141523676212152E-001,-2.5141518676800295E-001, 4.9994118567209256E-008,-8.6075632793767387E-001, 8.6075634699059211E-001, 1.9052918132089758E-008, 3.2409551945267956E-001,-3.2409556017392072E-001,-4.0721241101326910E-008, 3.8647435737193836E-001,-3.8647430737781979E-001,-4.0513042875794958E-001, 4.0513044781086771E-001, 4.2330619258619501E-001,-4.2330623330743611E-001,-1.3505912060981687E-001, 1.3505912060981684E-001,-4.5562589917972429E-001, 4.5562589917972435E-001,-9.9210673133515420E-002, 9.9210673133515392E-002,5,5, 1.5953431158441154E+000, 8.7217820390171763E-001, 1.1147521213708589E+000, 1.4742855001648500E+000,-1.3259170641241505E+001,-1.8951871036506924E+000,3
5,-4.1666666666666657E-001, 8.3333333333333301E-002, 0.0000000000000000E+000,-5.9651128533583120E-001, 4.8215433162860843E-001, 0.0000000000000000E+000, 3.2518625136989101E+000, 4.2517449080933989E-001,-4.2517447141371162E-001, 1.9395628270135745E-008,-2.9823675370370772E-001, 2.9823676493246404E-001, 1.1228756313652610E-008, 1.7282233749548614E-001,-1.7282237522632526E-001,-3.7730839119731741E-008, 4.5297718553665223E-001,-4.5297716614102396E-001,-3.3471652756343817E-001, 3.3471653879219448E-001, 2.1077509600061878E-001,-2.1077513373145790E-001,-2.7802694727312342E-002, 2.7802694727312324E-002, 3.6479773859730433E-002,-3.6479773859730426E-002,-3.7952758505132647E-002, 3.7952758505132640E-002,5,5, 2.5473584952645281E+000, 9.2968201732396483E-001, 1.1137265483352163E+000, 1.4556860650198924E+000,-1.2257887542229827E+001,-2.6355618258807905E+000,3
6,-8.3333333333333398E-002, 8.3333333333333301E-002, 0.0000000000000000E+000,-1.1930225706716635E-001, 2.0663757069797506E-001, 0.0000000000000000E+000, 3.8028960355601766E+000, 1.1093871092995042E+000,-1.1093870792307765E+000, 3.0068727507881476E-008, 6.4050497764783987E-001,-6.4050491469063064E-001, 6.2957209279179693E-008, 5.3603378789128264E+000,-5.3603379658015653E+000,-8.6888738870527504E-008, 5.2562468654544703E-001,-5.2562465647671952E-001, 3.0346958066311241E-001,-3.0346951770590314E-001, 4.3482894724742449E+000,-4.3482895593629838E+000, 5.8376242275405721E-001,-5.8376242275405710E-001, 3.3703539698472745E-001,-3.3703539698472751E-001, 1.0120484064385813E+000,-1.0120484064385817E+000,5,5, 1.2918640525801339E+000, 8.4871951211725238E-001, 1.1155604501399354E+000, 1.4880677544881045E+000,-1.3482575624561679E+001,-1.6156352515443788E+000,3
7, 2.5000000000000000E-001, 1.6666666666666671E-001, 0.0000000000000000E+000, 3.5790677120149877E-001, 6.8879190232658455E-002, 0.0000000000000000E+000, 4.2995909399527532E+000,-2.5141745257959047E-001, 2.5141755845338887E-001, 1.0587379850601764E-007,-8.6075794279438145E-001, 8.6075795667373889E-001, 1.3879357607660125E-008, 3.2409540265854009E-001,-3.2409527767261026E-001, 1.2498592977250311E-007,-3.8647556691983609E-001, 3.8647567279363459E-001,-4.0513086461793063E-001, 4.0513087849728824E-001, 4.2330745494677263E-001,-4.2330732996084286E-001, 1.3505811434024562E-001,-1.3505811434024570E-001,-4.5562707817645076E-001, 4.5562707817645065E-001,-9.9212052288232572E-002, 9.9212052288232613E-002,5,5, 1.5953405954680291E+000, 8.7217807026235949E-001, 1.1147521403825775E+000, 1.4742855198396341E+000,-1.3259171020768706E+001,-1.8951875886622491E+000,3
8,-4.1666666666666657E-001, 1.6666666666666671E-001, 0.0000000000000000E+000,-5.9651128533583120E-001, 6.1991271209392529E-001, 0.0000000000000000E+000, 5.4016579836752872E+000, 8.8853048706659284E-003,-8.8853299998322074E-003,-2.5129166275617010E-008,-5.1299320984307646E-003, 5.1299466020510642E-003, 1.4503620294342712E-008, 2.5370953189459161E-001,-2.5370955423225100E-001,-2.2337659388860232E-008, 2.2370231783285385E-002,-2.2370256912451661E-002,-1.2915434064012948E-002, 1.2915448567633242E-002, 2.4285505550757192E-001,-2.4285507784523130E-001,-1.3484926912619457E-002, 1.3484926912619453E-002, 7.7855019655821830E-003,-7.7855019655821778E-003, 1.0854476387019699E-002,-1.0854476387019696E-002,5,5, 3.0570383081828916E+000, 9.2779950847043668E-001, 1.1090725141501625E+000, 1.4555303540905575E+000,-1.2074083405649901E+001,-2.9139408954940214E+000,3
9,-8.3333333333333398E-002, 1.6666666666666671E-001, 0.0000000000000000E+000,-1.1930225706716635E-001, 3.4439595116329197E-001, 0.0000000000000000E+000, 5.9526915055365537E+000, 6.1972924084190040E-001,-6.1972923226254606E-001, 8.5793541715339927E-009, 6.4811708443686411E-001,-6.4811708061802498E-001, 3.8188391338067618E-009, 3.2409291336719276E-001,-3.2409280251301509E-001, 1.1085417772616069E-007, 1.5761635899240828E-001,-1.5761635041305411E-001, 5.3726772667065636E-001,-5.3726772285181723E-001, 4.2330535105056077E-001,-4.2330524019638305E-001, 4.6211288184949212E-001,-4.6211288184949201E-001, 1.1084935776620775E-001,-1.1084935776620773E-001,-9.9212437683368015E-002, 9.9212437683367988E-002,5,5, 1.5953382836820529E+000, 8.7217834486823509E-001, 1.1147521302167616E+000, 1.4742852976318293E+000,-1.3259170118517513E+001,-1.8951835663790475E+000,3
10, 2.5000000000000000E-001, 2.5000000000000000E-001, 0.0000000000000000E+000, 3.5790677120149877E-001, 2.0663757069797509E-001, 0.0000000000000000E+000, 6.4493864099291303E+000,-2.0557159881687519E+000, 2.0557156948941366E+000,-2.9327461525952003E-007,-1.1868680873385105E+000, 1.1868681215209769E+000, 3.4182466412957524E-008,-2.1862131395235873E+000, 2.1862129689299921E+000,-1.7059359525006812E-007,-2.0247553483900811E+000, 2.0247550551154658E+000,-1.1689929520973485E+000, 1.1689929862798150E+000,-1.7356922264031935E+000, 1.7356920558095983E+000,-3.0960639778670765E-002, 3.0960639778670775E-002,-1.7875135241161834E-002, 1.7875135241161830E-002,-4.5052091312039372E-001, 4.5052091312039377E-001,5,5, 1.2065541967111726E+000, 9.1167200185725294E-001, 1.1176415312266714E+000, 1.4656662213629086E+000,-1.3151961436883955E+001,-1.8711176465967831E+000,3
11,-4.1666666666666657E-001, 2.5000000000000000E-001, 0.0000000000000000E+000,-5.9651128533583120E-001, 7.5767109255924192E-001, 0.0000000000000000E+000, 7.5514534536516642E+000,-2.8097152656846404E-002, 2.8097139539031889E-002,-1.3117814511715009E-008, 7.4895250133108812E-002,-7.4895244875469183E-002, 5.2576396292192129E-009, 3.8883915833805704E-001,-3.8883914215292542E-001, 1.6185131623824844E-008,-2.2910667757882575E-002, 2.2910654640068064E-002, 8.6136115242269995E-002,-8.6136109984630366E-002, 3.3746963273234626E-001,-3.3746961654721463E-001,-5.1864848989638286E-003, 5.1864848989638234E-003,-1.1240865109161179E-002, 1.1240865109161179E-002, 5.1369525605710793E-002,-5.1369525605710793E-002,5,5, 3.0121222978708677E+000, 9.2828168657160759E-001, 1.1070880380555532E+000, 1.4513358585095140E+000,-1.1943159994004874E+001,-3.0487121081127024E+000,3
12,-8.3333333333333398E-002, 2.5000000000000000E-001, 0.0000000000000000E+000,-1.1930225706716635E-001, 4.8215433162860860E-001, 0.0000000000000000E+000, 8.1024869755129316E+000, 1.1232834286161150E-001,-1.1232832909390983E-001, 1.3767701728673032E-008, 5.8677799020035537E-001,-5.8677799228244576E-001,-2.0820903889884335E-009,-5.7068168492284399E-001, 5.7068167126209035E-001,-1.3660753639399559E-008,-1.5174388330705649E-001, 1.5174389707475822E-001, 6.1273294339736406E-001,-6.1273294547945445E-001,-3.5552934007992920E-001, 3.5552932641917556E-001, 2.6407222616866799E-001,-2.6407222616866804E-001,-2.5954953197008666E-002, 2.5954953197008659E-002,-2.1515234484291476E-001, 2.1515234484291476E-001,5,5, 1.7994693232603487E+000, 8.9538054515809251E-001, 1.1144530485653770E+000, 1.4641220114882088E+000,-1.2943583271620906E+001,-2.1597566822235565E+000,3
13, 2.5000000000000000E-001, 3.3333333333333331E-001, 0.0000000000000000E+000, 3.5790677120149877E-001, 3.4439595116329180E-001, 0.0000000000000000E+000, 8.5991818799055082E+000,-5.6432608028495257E-001, 5.6432606185277068E-001,-1.8432181836391948E-008,-1.9610785481610546E-001, 1.9610793133866958E-001, 7.6522564229630774E-008,-5.7067321363319423E-001, 5.7067328015714625E-001, 6.6523951958163963E-008,-4.5476713956542725E-001, 4.5476712113324541E-001,-4.3777914512624078E-001, 4.3777922164880501E-001,-3.5552184149944205E-001, 3.5552190802339401E-001,-1.0955894071952529E-001, 1.0955894071952527E-001, 2.4167129031013532E-001,-2.4167129031013543E-001,-2.1515137213375218E-001, 2.1515137213375224E-001,5,5, 1.7994699127559843E+000, 8.9538040545017983E-001, 1.1144530633008887E+000, 1.4641222190805445E+000,-1.2943585197066451E+001,-2.1597589447551035E+000,3
14,-4.1666666666666657E-001, 3.3333333333333331E-001, 0.0000000000000000E+000,-5.9651128533583120E-001, 8.9542947302455866E-001, 0.0000000000000000E+000, 9.7012489236280413E+000, 2.8097720232001449E-002,-2.8097685265580024E-002, 3.4966421428445082E-008, 7.4895487644265041E-002,-7.4895477245896611E-002, 1.0398368430197813E-008, 3.8884007501174628E-001,-3.8884008327530628E-001,-8.2635600029412615E-009, 2.2910962813766381E-002,-2.2910927847344952E-002, 8.6136319918752743E-002,-8.6136309520384313E-002, 3.3747037496013005E-001,-3.3747038322369005E-001, 5.1867574182350674E-003,-5.1867574182350726E-003,-1.1240832274487708E-002, 1.1240832274487704E-002, 5.1369700051616250E-002,-5.1369700051616250E-002,5,5, 3.0121205718449224E+000, 9.2828164112227440E-001, 1.1070880394930578E+000, 1.4513359381405073E+000,-1.1943163578754849E+001,-3.0487111352287708E+000,3
15,-8.3333333333333398E-002, 3.3333333333333331E-001, 0.0000000000000000E+000,-1.1930225706716635E-001, 6.1991271209392529E-001, 0.0000000000000000E+000, 1.0252282445489309E+001,-9.7717974781181646E-002, 9.7717994500737773E-002, 1.9719556099140334E-008, 5.4819562027461155E-001,-5.4819569092587728E-001,-7.0651265726695556E-008,-1.1204962195167839E-001, 1.1204959874456735E-001,-2.3207111052303553E-008,-1.8207912821732186E-001, 1.8207914793687796E-001, 5.9672877492402221E-001,-5.9672884557528794E-001,-1.9323619925396232E-002, 1.9323596718285180E-002, 8.4361153436140215E-002,-8.4361153436140188E-002,-4.8533154649410611E-002, 4.8533154649410618E-002,-9.2726002026282159E-002, 9.2726002026282173E-002,5,5, 2.1838840238271238E+000, 9.1819051045579625E-001, 1.1140407471871145E+000, 1.4582958307536431E+000,-1.2573739524731600E+001,-2.4420705945318621E+000,3
16, 2.5000000000000000E-001, 4.1666666666666669E-001, 0.0000000000000000E+000, 3.5790677120149877E-001, 4.8215433162860855E-001, 0.0000000000000000E+000, 1.0748977349881885E+001, 1.9988600177285584E-002,-1.9988619139491279E-002,-1.8962205639017071E-008,-5.0449366457891248E-002, 5.0449364753844650E-002,-1.7040465982720576E-009, 1.0388438400132688E-001,-1.0388436359435894E-001, 2.0406967934927245E-008, 9.7402260343753932E-002,-9.7402279305959572E-002,-1.5559492008511502E-001, 1.5559491838106843E-001, 1.2199278610185844E-001,-1.2199276569489051E-001,-7.7413660166468348E-002, 7.7413660166468293E-002, 1.0514555362722378E-001,-1.0514555362722378E-001,-1.8108402100531558E-002, 1.8108402100531561E-002,5,5, 2.6141032023285948E+000, 9.0484733879287160E-001, 1.1105410362797361E+000, 1.4605837750833652E+000,-1.2647659984585353E+001,-2.4794378028559927E+000,3
17,-4.1666666666666657E-001, 4.1666666666666669E-001, 0.0000000000000000E+000,-5.9651128533583120E-001, 1.0331878534898753E+000, 0.0000000000000000E+000, 1.1851044393604418E+001,-8.8846615924753469E-003, 8.8846723683129337E-003, 1.0775837597232218E-008,-5.1295677906241042E-003, 5.1295457192330508E-003,-2.2071391051620148E-008, 2.5371106728558285E-001,-2.5371107080308597E-001,-3.5175031221079678E-009,-2.2369698567898749E-002, 2.2369709343736346E-002,-1.2915160368213652E-002, 1.2915138296822601E-002, 2.4285639354170874E-001,-2.4285639705921186E-001, 1.3485036975423402E-002,-1.3485036975423413E-002, 7.7855925775895483E-003,-7.7855925775895500E-003, 1.0854673743874102E-002,-1.0854673743874100E-002,5,5, 3.0570351966457681E+000, 9.2779940934119154E-001, 1.1090725103567198E+000, 1.4555305340653664E+000,-1.2074090373778359E+001,-2.9139395577000005E+000,3
18,-8.3333333333333398E-002, 4.1666666666666669E-001, 0.0000000000000000E+000,-1.1930225706716635E-001, 7.5767109255924203E-001, 0.0000000000000000E+000, 1.2402077915465686E+001,-4.5693393412027716E-002, 4.5693372440195931E-002,-2.0971831785066009E-008, 5.1733031209593905E-001,-5.1733028257863356E-001, 2.9517305488724332E-008, 1.7282239663289264E-001,-1.7282240515961006E-001,-8.5267174154690650E-009,-6.3384457041108580E-002, 6.3384436069276795E-002, 5.5964803822865949E-001,-5.5964800871135401E-001, 2.1077515493253565E-001,-2.1077516345925307E-001, 1.7691063629080864E-002,-1.7691063629080867E-002,-4.2317726132720480E-002, 4.2317726132720487E-002,-3.7952758299643008E-002, 3.7952758299643001E-002,5,5, 2.5473584952143180E+000, 9.2968201781315274E-001, 1.1137265524079960E+000, 1.4556860605583870E+000,-1.2257887542253631E+001,-2.6355618258750857E+000,3
19, 2.5000000000000000E-001, 5.0000000000000000E-001, 0.0000000000000000E+000, 3.5790677120149877E-001, 6.1991271209392529E-001, 0.0000000000000000E+000, 1.2898772819858262E+001, 9.8240167635682635E-002,-9.8240157327730782E-002, 1.0307951853194552E-008,-5.6718538054460310E-002, 5.6718549457784151E-002, 1.1403323826875145E-008, 2.8852905825315367E-001,-2.8852905817497454E-001, 7.8179129836541961E-011, 1.4266999698362695E-001,-1.4266998667567510E-001,-8.2370286038808957E-002, 8.2370297442132784E-002, 2.5174691270511917E-001,-2.5174691262694004E-001,-4.4429829347944309E-002, 4.4429829347944309E-002, 2.5651747984348643E-002,-2.5651747984348636E-002, 3.6782145548034523E-002,-3.6782145548034523E-002,5,5, 2.9606025106339615E+000, 9.1934750769403029E-001, 1.1081703642652994E+000, 1.4554478533280610E+000,-1.2290452667362644E+001,-2.7909224125826038E+000,3
20,-4.1666666666666657E-001, 5.0000000000000000E-001, 0.0000000000000000E+000,-5.9651128533583120E-001, 1.1709462339551922E+000, 0.0000000000000000E+000, 1.4000839863580795E+001,-4.2517465178302949E-001, 4.2517465810844673E-001, 6.3254172455451396E-009,-2.9823727501054065E-001, 2.9823728849480624E-001, 1.3484265593000089E-008, 1.7282460908671876E-001,-1.7282461061626680E-001,-1.5295480437771403E-009,-4.5297704898780977E-001, 4.5297705531322702E-001,-3.3471706012854491E-001, 3.3471707361281050E-001, 2.1077713683952803E-001,-2.1077713836907608E-001, 2.7802397204780265E-002,-2.7802397204780258E-002, 3.6479785118004281E-002,-3.6479785118004267E-002,-3.7952527752809266E-002, 3.7952527752809273E-002,5,5, 2.5473557248370251E+000, 9.2968194026338380E-001, 1.1137265754084618E+000, 1.4556862470048315E+000,-1.2257894111190915E+001,-2.6355616983724901E+000,3
21,-8.3333333333333398E-002, 5.0000000000000000E-001, 0.0000000000000000E+000,-1.1930225706716635E-001, 8.9542947302455878E-001, 0.0000000000000000E+000, 1.4551873385442063E+001, 4.5693800519043294E-002,-4.5693784176651979E-002, 1.6342391315204985E-008, 5.1732958279843888E-001,-5.1732966764577348E-001,-8.4847334602677904E-008, 1.7282271866317186E-001,-1.7282273919130406E-001,-2.0528132194108650E-008, 6.3384984982714346E-002,-6.3384968640323031E-002, 5.5964730136562613E-001,-5.5964738621296073E-001, 2.1077536170416022E-001,-2.1077538223229242E-001,-1.7691184463671052E-002, 1.7691184463671052E-002,-4.2317718567187246E-002, 4.2317718567187246E-002,-3.7952643040988353E-002, 3.7952643040988353E-002,5,5, 2.5473596254116080E+000, 9.2968202945576150E-001, 1.1137265409103123E+000, 1.4556861066585971E+000,-1.2257888024283112E+001,-2.6355625158507983E+000,3
22, 2.5000000000000000E-001,-4.1666666666666657E-001, 0.0000000000000000E+000, 3.5790677120149877E-001,-8.9542947302455855E-001, 0.0000000000000000E+000, 1.6405222845556178E+001, 5.0812616161970622E-002,-5.0812586622425895E-002, 2.9539544726953082E-008,-6.1780478217858245E-002, 6.1780502918405020E-002, 2.4700546774614196E-008, 3.8883918194911848E-001,-3.8883915453598378E-001, 2.7413134706666398E-008, 6.3140733174527897E-002,-6.3140703634983170E-002,-6.2909278281927467E-002, 6.2909302982474241E-002, 3.3746965767534837E-001,-3.3746963026221366E-001,-1.2328117012557274E-002, 1.2328117012557274E-002, 1.1288000640692227E-003,-1.1288000640692207E-003, 5.1369524273770131E-002,-5.1369524273770131E-002,5,5, 3.0121222978908144E+000, 9.2828168640681941E-001, 1.1070880363299989E+000, 1.4513358448981788E+000,-1.1943159993975087E+001,-3.0487121081493185E+000,3
23,-4.1666666666666657E-001,-4.1666666666666657E-001, 0.0000000000000000E+000,-5.9651128533583120E-001,-3.4439595116329175E-001, 0.0000000000000000E+000, 1.7507289889278713E+001,-1.2545539674835702E+000, 1.2545539953251608E+000, 2.7841590588550957E-008,-7.2431705075319319E-001, 7.2431707171844484E-001, 2.0965251645854721E-008,-2.5337287035869613E-002, 2.5337408534572420E-002, 1.2149870280697694E-007,-1.3064070563456709E+000, 1.3064070841872615E+000,-7.5425445248993517E-001, 7.5425447345518681E-001, 6.4946414532903937E-002,-6.4946293034201130E-002, 5.1853088862100792E-002,-5.1853088862100785E-002, 2.9937401736742024E-002,-2.9937401736742031E-002,-9.0283701568773550E-002, 9.0283701568773550E-002,5,5, 1.9797479038293955E+000, 9.4093601268368599E-001, 1.1187386277269480E+000, 1.4522709951306478E+000,-1.2436471261129052E+001,-2.4107738608322595E+000,3
24,-8.3333333333333398E-002,-4.1666666666666657E-001, 0.0000000000000000E+000,-1.1930225706716635E-001,-6.1991271209392507E-001, 0.0000000000000000E+000, 1.8058323411139980E+001, 9.7718364535921060E-002,-9.7718361581163898E-002, 2.9547571611665546E-009, 5.4819324664991886E-001,-5.4819324639718969E-001, 2.5272917092422631E-010,-1.1204698964535410E-001, 1.1204701593683537E-001, 2.6291481255991123E-008, 1.8207959399194024E-001,-1.8207959103718308E-001, 5.9672644071100778E-001,-5.9672644045827861E-001,-1.9321633914640882E-002, 1.9321660206122138E-002,-8.4361229456019177E-002, 8.4361229456019177E-002,-4.8533194061088886E-002, 4.8533194061088893E-002,-9.2725355730713221E-002, 9.2725355730713235E-002,5,5, 2.1838866233929886E+000, 9.1819055145958373E-001, 1.1140407389025813E+000, 1.4582959238474498E+000,-1.2573740329918943E+001,-2.4420723312963766E+000,3
25, 2.5000000000000000E-001,-3.3333333333333343E-001, 0.0000000000000000E+000, 3.5790677120149877E-001,-7.5767109255924214E-001, 0.0000000000000000E+000, 1.8555018315532557E+001,-5.0812515511732492E-002, 5.0812553376365366E-002, 3.7864632873585435E-008,-6.1780600727761481E-002, 6.1780600136055491E-002,-5.9170598976088229E-010, 3.8883828590222336E-001,-3.8883831332775315E-001,-2.7425529791624825E-008,-6.3140671725601644E-002, 6.3140709590234517E-002,-6.2909334424465724E-002, 6.2909333832759734E-002, 3.3746887456750058E-001,-3.3746890199303037E-001, 1.2328156213869151E-002,-1.2328156213869150E-002, 1.1287336967042423E-003,-1.1287336967042451E-003, 5.1369411334722767E-002,-5.1369411334722760E-002,5,5, 3.0121228315570270E+000, 9.2828170023747658E-001, 1.1070880487310970E+000, 1.4513357678205698E+000,-1.1943157337879850E+001,-3.0487119637311011E+000,3
26,-4.1666666666666657E-001,-3.3333333333333343E-001, 0.0000000000000000E+000,-5.9651128533583120E-001,-2.0663757069797534E-001, 0.0000000000000000E+000, 1.9657085359255092E+001,-5.2360972470302358E-001, 5.2360969667930191E-001,-2.8023721676539992E-008,-1.8947082643928784E-001, 1.8947083903474202E-001, 1.2595454179642473E-008,-1.1204585094179462E-001, 1.1204582446802300E-001,-2.6473771633228615E-008,-6.0782126807300907E-001, 6.0782124004928739E-001,-1.4067803428112405E-001, 1.4067804687657823E-001,-1.9320252104503846E-002, 1.9320225630732213E-002, 8.4211543369985514E-002,-8.4211543369985514E-002,-4.8792792158163796E-002, 4.8792792158163796E-002,-9.2725598837290771E-002, 9.2725598837290785E-002,5,5, 2.1838829238650455E+000, 9.1819041795114864E-001, 1.1140407501657059E+000, 1.4582960368643159E+000,-1.2573743275694065E+001,-2.4420714941833976E+000,3
27,-8.3333333333333398E-002,-3.3333333333333343E-001, 0.0000000000000000E+000,-1.1930225706716635E-001,-4.8215433162860866E-001, 0.0000000000000000E+000, 2.0208118881116359E+001,-1.1232801586256949E-001, 1.1232806279548768E-001, 4.6932918246200828E-008, 5.8677268771339153E-001,-5.8677269183663816E-001,-4.1232466330143325E-009,-5.7067307578108817E-001, 5.7067296491317898E-001,-1.1086790929759616E-007, 1.5174415284410794E-001,-1.5174410591118970E-001, 6.1272808428388648E-001,-6.1272808840713311E-001,-3.5552285461675498E-001, 3.5552274374884568E-001,-2.6407216870667743E-001, 2.6407216870667738E-001,-2.5955396570495001E-002, 2.5955396570494997E-002,-2.1515022116433322E-001, 2.1515022116433324E-001,5,5, 1.7994729535236957E+000, 8.9538057958214934E-001, 1.1144530451879551E+000, 1.4641221639475113E+000,-1.2943583982713747E+001,-2.1597591333760704E+000,3
28, 2.5000000000000000E-001,-2.5000000000000000E-001, 0.0000000000000000E+000, 3.5790677120149877E-001,-6.1991271209392529E-001, 0.0000000000000000E+000, 2.0704813785508936E+001,-9.8239937859536275E-002, 9.8239966270779869E-002, 2.8411243607751047E-008,-5.6718846022893558E-002, 5.6718813319054498E-002,-3.2703839053516148E-008, 2.8852729103996705E-001,-2.8852726210263752E-001, 2.8937329532574552E-008,-1.4266974006150182E-001, 1.4266976847274543E-001,-8.2370405684199455E-002, 8.2370372980360401E-002, 2.5174535381674368E-001,-2.5174532487941415E-001, 4.4429802201965546E-002,-4.4429802201965560E-002, 2.5651559661305896E-002,-2.5651559661305903E-002, 3.6781937223223364E-002,-3.6781937223223357E-002,5,5, 2.9606037487828667E+000, 9.1934754889565629E-001, 1.1081703722042016E+000, 1.4554476892715165E+000,-1.2290449355050770E+001,-2.7909220169995104E+000,3
29,-4.1666666666666657E-001,-2.5000000000000000E-001, 0.0000000000000000E+000,-5.9651128533583120E-001,-6.8879190232658427E-002, 0.0000000000000000E+000, 2.1806880829231471E+001,-3.3696160971137097E-002, 3.3696133316702778E-002,-2.7654434298085562E-008, 4.2535336624497294E-002,-4.2535308889763854E-002, 2.7734733454298777E-008, 1.0388438557154901E-001,-1.0388436777821132E-001, 1.7793337692140199E-008,-8.6048044858865330E-002, 8.6048017204431032E-002, 1.6215030807245295E-001,-1.6215028033771950E-001, 1.2199278325575308E-001,-1.2199276546241539E-001, 5.2351883887728233E-002,-5.2351883887728254E-002,-1.1961497144795566E-001, 1.1961497144795565E-001,-1.8108397684204067E-002, 1.8108397684204070E-002,5,5, 2.6141032023440980E+000, 9.0484733968661268E-001, 1.1105410386979189E+000, 1.4605837785637028E+000,-1.2647659984602422E+001,-2.4794378028409900E+000,3
30,-8.3333333333333398E-002,-2.5000000000000000E-001, 0.0000000000000000E+000,-1.1930225706716635E-001,-3.4439595116329175E-001, 0.0000000000000000E+000, 2.2357914351092738E+001,-6.1972917618942813E-001, 6.1972927339743045E-001, 9.7208002342030753E-008, 6.4811017940502291E-001,-6.4811019043304041E-001,-1.1028017499192799E-008, 3.2409558170608582E-001,-3.2409560513951113E-001,-2.3433425311303324E-008,-1.5761602594385390E-001, 1.5761612315185625E-001, 5.3726185804994719E-001,-5.3726186907796469E-001, 4.2330623590904815E-001,-4.2330625934247346E-001,-4.6211315024557426E-001, 4.6211315024557426E-001, 1.1084832135507575E-001,-1.1084832135507572E-001,-9.9210654202962337E-002, 9.9210654202962323E-002,5,5, 1.5953431158018723E+000, 8.7217820549952940E-001, 1.1147521259988633E+000, 1.4742854856120018E+000,-1.3259170641262953E+001,-1.8951871036386916E+000,3
31, 2.5000000000000000E-001,-1.6666666666666660E-001, 0.0000000000000000E+000, 3.5790677120149877E-001,-4.8215433162860843E-001, 0.0000000000000000E+000, 2.2854609255485315E+001,-1.9987867952332664E-002, 1.9987903322711692E-002, 3.5370379042332090E-008,-5.0450169361356184E-002, 5.0450076496337787E-002,-9.2865018397336740E-008, 1.0388207943154774E-001,-1.0388206766049092E-001, 1.1771056823706161E-008,-9.7401369123197107E-002, 9.7401404493576149E-002,-1.5559538447300064E-001, 1.5559529160798224E-001, 1.2199065050048777E-001,-1.2199063872943094E-001, 7.7413501170864443E-002,-7.7413501170864457E-002, 1.0514521511164446E-001,-1.0514521511164446E-001,-1.8108571068940024E-002, 1.8108571068940028E-002,5,5, 2.6141026155715608E+000, 9.0484740851630141E-001, 1.1105410460041469E+000, 1.4605835493358439E+000,-1.2647657288453523E+001,-2.4794366711307632E+000,3
32,-4.1666666666666657E-001,-1.6666666666666660E-001, 0.0000000000000000E+000,-5.9651128533583120E-001, 6.8879190232658427E-002, 0.0000000000000000E+000, 2.3956676299207849E+001, 3.3696929938702061E-002,-3.3696993208299851E-002,-6.3269597783133236E-008, 4.2535238565593006E-002,-4.2535268390572908E-002,-2.9824979930204165E-008, 1.0388398361915513E-001,-1.0388399584766171E-001,-1.2228506582334653E-008, 8.6048664174345924E-002,-8.6048727443943707E-002, 1.6214999307276790E-001,-1.6215002289774783E-001, 1.2199241591674499E-001,-1.2199242814525157E-001,-5.2351734235643863E-002, 5.2351734235643856E-002,-1.1961475450717489E-001, 1.1961475450717492E-001,-1.8108432297589863E-002, 1.8108432297589863E-002,5,5, 2.6141048249789458E+000, 9.0484742483304270E-001, 1.1105410266471203E+000, 1.4605837385305167E+000,-1.2647659007332040E+001,-2.4794384109393297E+000,3
33,-8.3333333333333398E-002,-1.6666666666666660E-001, 0.0000000000000000E+000,-1.1930225706716635E-001,-2.0663757069797489E-001, 0.0000000000000000E+000, 2.4507709821069117E+001,-1.1093878436534699E+000, 1.1093877947123909E+000,-4.8941078967246199E-008, 6.4050287316205878E-001,-6.4050295055395889E-001,-7.7391900110690415E-008, 5.3602829643683059E+000,-5.3602829423880474E+000, 2.1980258502196648E-008,-5.2562389739779536E-001, 5.2562384845671639E-001, 3.0346845763132968E-001,-3.0346853502322979E-001, 4.3482408962692034E+000,-4.3482408742889449E+000,-5.8376394625567452E-001, 5.8376394625567452E-001, 3.3703441553072910E-001,-3.3703441553072910E-001, 1.0120420680991022E+000,-1.0120420680991022E+000,5,5, 1.2918694630725107E+000, 8.4871898428071313E-001, 1.1155604502997736E+000, 1.4880679918356752E+000,-1.3482575939515353E+001,-1.6156408273302194E+000,3
34, 2.5000000000000000E-001,-8.3333333333333398E-002, 0.0000000000000000E+000, 3.5790677120149877E-001,-3.4439595116329191E-001, 0.0000000000000000E+000, 2.5004404725461693E+001, 5.6432883989168359E-001,-5.6432884512956583E-001,-5.2378822945620129E-009,-1.9610975551196261E-001, 1.9610974190518585E-001,-1.3606776705366030E-008,-5.7068169565302074E-001, 5.7068166710855750E-001,-2.8544463182011981E-008, 4.5477036715214336E-001,-4.5477037239002566E-001,-4.3778050014627190E-001, 4.3778048653949519E-001,-3.5552933861402197E-001, 3.5552931006955879E-001, 1.0955847273954018E-001,-1.0955847273954016E-001, 2.4167074463430929E-001,-2.4167074463430935E-001,-2.1515235703899874E-001, 2.1515235703899868E-001,5,5, 1.7994693232297625E+000, 8.9538054367506803E-001, 1.1144530597944970E+000, 1.4641219979365854E+000,-1.2943583271602083E+001,-2.1597566821912850E+000,3
35,-4.1666666666666657E-001,-8.3333333333333398E-002, 0.0000000000000000E+000,-5.9651128533583120E-001, 2.0663757069797492E-001, 0.0000000000000000E+000, 2.6106471769184228E+001, 5.2360845890699936E-001,-5.2360843330194551E-001, 2.5605053854960147E-008,-1.8947005352232565E-001, 1.8947002371274027E-001,-2.9809585411211259E-008,-1.1204698635537859E-001, 1.1204701233034030E-001, 2.5974961709307465E-008, 6.0782004766914111E-001,-6.0782002206408725E-001,-1.4067768666191444E-001, 1.4067765685232902E-001,-1.9321633193056409E-002, 1.9321659168018118E-002,-8.4211588762141701E-002, 8.4211588762141715E-002,-4.8792366860411232E-002, 4.8792366860411253E-002,-9.2725353162322180E-002, 9.2725353162322180E-002,5,5, 2.1838866233928735E+000, 9.1819055208044731E-001, 1.1140407387925364E+000, 1.4582959388249097E+000,-1.2573740329945842E+001,-2.4420723312924775E+000,3
36,-8.3333333333333398E-002,-8.3333333333333398E-002, 0.0000000000000000E+000,-1.1930225706716635E-001,-6.8879190232658413E-002, 0.0000000000000000E+000, 2.6657505291045496E+001,-1.0114888571191369E+000, 1.0114892494624388E+000, 3.9234330184712007E-007,-5.8398331774668844E-001, 5.8398373793518765E-001, 4.2018849910618883E-007, 2.9995952842788604E+001,-2.9995953506499642E+001,-6.6371103812912224E-007,-1.4381830532374580E+000, 1.4381834455807598E+000,-8.3033530122380861E-001, 8.3033572141230771E-001, 2.0671751608732361E+001,-2.0671752272443399E+001, 4.2669419611832105E-001,-4.2669419611832105E-001, 2.4635198347712015E-001,-2.4635198347712009E-001, 9.3242012340562450E+000,-9.3242012340562432E+000,5,5, 8.1034948722086941E-001, 7.8649663885075549E-001, 1.1170915890104240E+000, 1.5055212660658550E+000,-1.3597545203211871E+001,-1.3773010616611741E+000,3
