k_index,kx_fractional,ky_fractional,kz_fractional,path_distance_inv_A,band,energy_eV,occupation
1,0.0,0.0,0.0,0.0,1,-17.062130984693688,1.0
1,0.0,0.0,0.0,0.0,2,-17.06213098455118,1.0
1,0.0,0.0,0.0,0.0,3,-15.947517691474651,1.0
1,0.0,0.0,0.0,0.0,4,-15.947517691474651,1.0
1,0.0,0.0,0.0,0.0,5,-8.598018517560108,1.0
1,0.0,0.0,0.0,0.0,6,-8.5980185169901,1.0
1,0.0,0.0,0.0,0.0,7,-5.51075506322934,1.0
1,0.0,0.0,0.0,0.0,8,-5.51075506180432,1.0
1,0.0,0.0,0.0,0.0,9,-5.44090534122442,1.0
1,0.0,0.0,0.0,0.0,10,-5.440905339799401,1.0
1,0.0,0.0,0.0,0.0,11,-4.926698968615229,1.0
1,0.0,0.0,0.0,0.0,12,-4.926698968615229,1.0
1,0.0,0.0,0.0,0.0,13,-4.439620567413743,1.0
1,0.0,0.0,0.0,0.0,14,-4.439620566843736,1.0
1,0.0,0.0,0.0,0.0,15,-4.3530393999493935,1.0
1,0.0,0.0,0.0,0.0,16,-4.353039399379385,1.0
1,0.0,0.0,0.0,0.0,17,-3.224551880191834,1.0
1,0.0,0.0,0.0,0.0,18,-3.224551879479325,1.0
1,0.0,0.0,0.0,0.0,19,-0.3155873039427445,0.0
1,0.0,0.0,0.0,0.0,20,-0.3155873034439878,0.0
1,0.0,0.0,0.0,0.0,21,-0.24058304492630647,0.0
1,0.0,0.0,0.0,0.0,22,-0.24058304435629885,0.0
1,0.0,0.0,0.0,0.0,23,-0.11779028738588823,0.0
1,0.0,0.0,0.0,0.0,24,-0.11779028674462963,0.0
1,0.0,0.0,0.0,0.0,25,-0.11068766534576052,0.0
1,0.0,0.0,0.0,0.0,26,-0.11068766470450192,0.0
1,0.0,0.0,0.0,0.0,27,2.3027225314282953,0.0
1,0.0,0.0,0.0,0.0,28,2.302722531642048,0.0
1,0.0,0.0,0.0,0.0,29,2.4845219589275462,0.0
1,0.0,0.0,0.0,0.0,30,2.4845219589275462,0.0
1,0.0,0.0,0.0,0.0,31,2.9971186638889904,0.0
1,0.0,0.0,0.0,0.0,32,2.9971186746478846,0.0
1,0.0,0.0,0.0,0.0,33,3.5775387048753435,0.0
1,0.0,0.0,0.0,0.0,34,3.577538706229112,0.0
1,0.0,0.0,0.0,0.0,35,3.70704539624911,0.0
1,0.0,0.0,0.0,0.0,36,3.70704539624911,0.0
1,0.0,0.0,0.0,0.0,37,4.518749035582289,0.0
1,0.0,0.0,0.0,0.0,38,4.518749043562396,0.0
1,0.0,0.0,0.0,0.0,39,5.5311167195833875,0.0
1,0.0,0.0,0.0,0.0,40,5.5311167195833875,0.0
1,0.0,0.0,0.0,0.0,41,6.0907029997966164,0.0
1,0.0,0.0,0.0,0.0,42,6.090702999867868,0.0
1,0.0,0.0,0.0,0.0,43,6.508704767168048,0.0
1,0.0,0.0,0.0,0.0,44,6.508704774863151,0.0
1,0.0,0.0,0.0,0.0,45,7.983589942698211,0.0
1,0.0,0.0,0.0,0.0,46,7.983589942840713,0.0
1,0.0,0.0,0.0,0.0,47,8.061550771683944,0.0
1,0.0,0.0,0.0,0.0,48,8.061550771683944,0.0
1,0.0,0.0,0.0,0.0,49,8.063952629602442,0.0
1,0.0,0.0,0.0,0.0,50,8.063952629744943,0.0
1,0.0,0.0,0.0,0.0,51,8.79370225202804,0.0
1,0.0,0.0,0.0,0.0,52,8.793702256801854,0.0
1,0.0,0.0,0.0,0.0,53,9.94472792806542,0.0
1,0.0,0.0,0.0,0.0,54,9.944727928635428,0.0
1,0.0,0.0,0.0,0.0,55,9.967623241439643,0.0
1,0.0,0.0,0.0,0.0,56,9.967623242009651,0.0
1,0.0,0.0,0.0,0.0,57,9.996195063706349,0.0
1,0.0,0.0,0.0,0.0,58,9.996195066342633,0.0
1,0.0,0.0,0.0,0.0,59,11.208698168647793,0.0
1,0.0,0.0,0.0,0.0,60,11.208698168719042,0.0
2,0.0,0.0416666666666667,0.0,0.09531360337867033,1,-17.037277603338346,1.0
2,0.0,0.0416666666666667,0.0,0.09531360337867033,2,-17.037277600653084,1.0
2,0.0,0.0416666666666667,0.0,0.09531360337867033,3,-15.934766526897572,1.0
2,0.0,0.0416666666666667,0.0,0.09531360337867033,4,-15.934766525245102,1.0
2,0.0,0.0416666666666667,0.0,0.09531360337867033,5,-8.567615454060693,1.0
2,0.0,0.0416666666666667,0.0,0.09531360337867033,6,-8.567615451719693,1.0
2,0.0,0.0416666666666667,0.0,0.09531360337867033,7,-5.548724495486684,1.0
2,0.0,0.0416666666666667,0.0,0.09531360337867033,8,-5.548724423948457,1.0
2,0.0,0.0416666666666667,0.0,0.09531360337867033,9,-5.437175302801893,1.0
2,0.0,0.0416666666666667,0.0,0.09531360337867033,10,-5.4371751698468245,1.0
2,0.0,0.0416666666666667,0.0,0.09531360337867033,11,-5.050757498375327,1.0
2,0.0,0.0416666666666667,0.0,0.09531360337867033,12,-5.050757208848622,1.0
2,0.0,0.0416666666666667,0.0,0.09531360337867033,13,-4.4497129753493265,1.0
2,0.0,0.0416666666666667,0.0,0.09531360337867033,14,-4.449711734756661,1.0
2,0.0,0.0416666666666667,0.0,0.09531360337867033,15,-4.301792314163034,1.0
2,0.0,0.0416666666666667,0.0,0.09531360337867033,16,-4.30179137252993,1.0
2,0.0,0.0416666666666667,0.0,0.09531360337867033,17,-3.2327780169884264,1.0
2,0.0,0.0416666666666667,0.0,0.09531360337867033,18,-3.232778006522776,1.0
2,0.0,0.0416666666666667,0.0,0.09531360337867033,19,-0.33596447411051167,0.0
2,0.0,0.0416666666666667,0.0,0.09531360337867033,20,-0.3359629342828735,0.0
2,0.0,0.0416666666666667,0.0,0.09531360337867033,21,-0.23705348252077477,0.0
2,0.0,0.0416666666666667,0.0,0.09531360337867033,22,-0.2370526624131465,0.0
2,0.0,0.0416666666666667,0.0,0.09531360337867033,23,-0.18459548714902224,0.0
2,0.0,0.0416666666666667,0.0,0.09531360337867033,24,-0.1845933596613549,0.0
2,0.0,0.0416666666666667,0.0,0.09531360337867033,25,-0.13923321617486065,0.0
2,0.0,0.0416666666666667,0.0,0.09531360337867033,26,-0.1392331038756799,0.0
2,0.0,0.0416666666666667,0.0,0.09531360337867033,27,2.3519101895138403,0.0
2,0.0,0.0416666666666667,0.0,0.09531360337867033,28,2.3519102006680193,0.0
2,0.0,0.0416666666666667,0.0,0.09531360337867033,29,2.519297024030929,0.0
2,0.0,0.0416666666666667,0.0,0.09531360337867033,30,2.5192970265096353,0.0
2,0.0,0.0416666666666667,0.0,0.09531360337867033,31,3.0393912255317668,0.0
2,0.0,0.0416666666666667,0.0,0.09531360337867033,32,3.039391232967886,0.0
2,0.0,0.0416666666666667,0.0,0.09531360337867033,33,3.683622629413132,0.0
2,0.0,0.0416666666666667,0.0,0.09531360337867033,34,3.6836226442853715,0.0
2,0.0,0.0416666666666667,0.0,0.09531360337867033,35,3.741156875218664,0.0
2,0.0,0.0416666666666667,0.0,0.09531360337867033,36,3.741156876389164,0.0
2,0.0,0.0416666666666667,0.0,0.09531360337867033,37,4.558750413458919,0.0
2,0.0,0.0416666666666667,0.0,0.09531360337867033,38,4.558750425163922,0.0
2,0.0,0.0416666666666667,0.0,0.09531360337867033,39,5.563510177729453,0.0
2,0.0,0.0416666666666667,0.0,0.09531360337867033,40,5.563510178073719,0.0
2,0.0,0.0416666666666667,0.0,0.09531360337867033,41,6.219448414612655,0.0
2,0.0,0.0416666666666667,0.0,0.09531360337867033,42,6.219448416678245,0.0
2,0.0,0.0416666666666667,0.0,0.09531360337867033,43,6.536017441787512,0.0
2,0.0,0.0416666666666667,0.0,0.09531360337867033,44,6.5360174562466336,0.0
2,0.0,0.0416666666666667,0.0,0.09531360337867033,45,7.890709134455837,0.0
2,0.0,0.0416666666666667,0.0,0.09531360337867033,46,7.890709533252191,0.0
2,0.0,0.0416666666666667,0.0,0.09531360337867033,47,8.089806145113542,0.0
2,0.0,0.0416666666666667,0.0,0.09531360337867033,48,8.089806153857868,0.0
2,0.0,0.0416666666666667,0.0,0.09531360337867033,49,8.114884931109717,0.0
2,0.0,0.0416666666666667,0.0,0.09531360337867033,50,8.11488517271476,0.0
2,0.0,0.0416666666666667,0.0,0.09531360337867033,51,8.881046488867522,0.0
2,0.0,0.0416666666666667,0.0,0.09531360337867033,52,8.881046577756695,0.0
2,0.0,0.0416666666666667,0.0,0.09531360337867033,53,9.731702238151279,0.0
2,0.0,0.0416666666666667,0.0,0.09531360337867033,54,9.731702310378033,0.0
2,0.0,0.0416666666666667,0.0,0.09531360337867033,55,9.965446206543298,0.0
2,0.0,0.0416666666666667,0.0,0.09531360337867033,56,9.965446408489036,0.0
2,0.0,0.0416666666666667,0.0,0.09531360337867033,57,9.991096439761705,0.0
2,0.0,0.0416666666666667,0.0,0.09531360337867033,58,9.991096535054204,0.0
2,0.0,0.0416666666666667,0.0,0.09531360337867033,59,11.233754997752182,0.0
2,0.0,0.0416666666666667,0.0,0.09531360337867033,60,11.233755003742392,0.0
3,0.0,0.0833333333333333,0.0,0.19062720675734043,1,-16.963575299989508,1.0
3,0.0,0.0833333333333333,0.0,0.19062720675734043,2,-16.96357529493004,1.0
3,0.0,0.0833333333333333,0.0,0.19062720675734043,3,-15.896987376585205,1.0
3,0.0,0.0833333333333333,0.0,0.19062720675734043,4,-15.896987373303388,1.0
3,0.0,0.0833333333333333,0.0,0.19062720675734043,5,-8.479242215614605,1.0
3,0.0,0.0833333333333333,0.0,0.19062720675734043,6,-8.479242209461196,1.0
3,0.0,0.0833333333333333,0.0,0.19062720675734043,7,-5.711939834856693,1.0
3,0.0,0.0833333333333333,0.0,0.19062720675734043,8,-5.71193982993397,1.0
3,0.0,0.0833333333333333,0.0,0.19062720675734043,9,-5.3723581155645395,1.0
3,0.0,0.0833333333333333,0.0,0.19062720675734043,10,-5.372358044048285,1.0
3,0.0,0.0833333333333333,0.0,0.19062720675734043,11,-5.298510448384267,1.0
3,0.0,0.0833333333333333,0.0,0.19062720675734043,12,-5.298510225836074,1.0
3,0.0,0.0833333333333333,0.0,0.19062720675734043,13,-4.562508100832401,1.0
3,0.0,0.0833333333333333,0.0,0.19062720675734043,14,-4.562507460809776,1.0
3,0.0,0.0833333333333333,0.0,0.19062720675734043,15,-4.184360192465165,1.0
3,0.0,0.0833333333333333,0.0,0.19062720675734043,16,-4.184359843977257,1.0
3,0.0,0.0833333333333333,0.0,0.19062720675734043,17,-3.263347155275362,1.0
3,0.0,0.0833333333333333,0.0,0.19062720675734043,18,-3.2633471424899505,1.0
3,0.0,0.0833333333333333,0.0,0.19062720675734043,19,-0.44169344136631467,0.0
3,0.0,0.0833333333333333,0.0,0.19062720675734043,20,-0.44169228705566826,0.0
3,0.0,0.0833333333333333,0.0,0.19062720675734043,21,-0.39379324151681644,0.0
3,0.0,0.0833333333333333,0.0,0.19062720675734043,22,-0.3937923621950595,0.0
3,0.0,0.0833333333333333,0.0,0.19062720675734043,23,-0.23369479755445943,0.0
3,0.0,0.0833333333333333,0.0,0.19062720675734043,24,-0.2336942065539721,0.0
3,0.0,0.0833333333333333,0.0,0.19062720675734043,25,-0.09528593487093323,0.0
3,0.0,0.0833333333333333,0.0,0.19062720675734043,26,-0.09528469789952917,0.0
3,0.0,0.0833333333333333,0.0,0.19062720675734043,27,2.4817622573033,0.0
3,0.0,0.0833333333333333,0.0,0.19062720675734043,28,2.4817622679008324,0.0
3,0.0,0.0833333333333333,0.0,0.19062720675734043,29,2.6225737385260017,0.0
3,0.0,0.0833333333333333,0.0,0.19062720675734043,30,2.622573742559901,0.0
3,0.0,0.0833333333333333,0.0,0.19062720675734043,31,3.1565305410842264,0.0
3,0.0,0.0833333333333333,0.0,0.19062720675734043,32,3.1565305489469124,0.0
3,0.0,0.0833333333333333,0.0,0.19062720675734043,33,3.8429136412113394,0.0
3,0.0,0.0833333333333333,0.0,0.19062720675734043,34,3.84291364182668,0.0
3,0.0,0.0833333333333333,0.0,0.19062720675734043,35,3.9812266289707177,0.0
3,0.0,0.0833333333333333,0.0,0.19062720675734043,36,3.9812266455165433,0.0
3,0.0,0.0833333333333333,0.0,0.19062720675734043,37,4.6843018856693455,0.0
3,0.0,0.0833333333333333,0.0,0.19062720675734043,38,4.684301902420282,0.0
3,0.0,0.0833333333333333,0.0,0.19062720675734043,39,5.659646320683224,0.0
3,0.0,0.0833333333333333,0.0,0.19062720675734043,40,5.659646321366937,0.0
3,0.0,0.0833333333333333,0.0,0.19062720675734043,41,6.566315248288753,0.0
3,0.0,0.0833333333333333,0.0,0.19062720675734043,42,6.566315251980797,0.0
3,0.0,0.0833333333333333,0.0,0.19062720675734043,43,6.612489627303596,0.0
3,0.0,0.0833333333333333,0.0,0.19062720675734043,44,6.612489641046203,0.0
3,0.0,0.0833333333333333,0.0,0.19062720675734043,45,7.630323834709692,0.0
3,0.0,0.0833333333333333,0.0,0.19062720675734043,46,7.630324105869796,0.0
3,0.0,0.0833333333333333,0.0,0.19062720675734043,47,8.169773901265158,0.0
3,0.0,0.0833333333333333,0.0,0.19062720675734043,48,8.169773901607014,0.0
3,0.0,0.0833333333333333,0.0,0.19062720675734043,49,8.355485050300775,0.0
3,0.0,0.0833333333333333,0.0,0.19062720675734043,50,8.35548505802672,0.0
3,0.0,0.0833333333333333,0.0,0.19062720675734043,51,9.042840428548423,0.0
3,0.0,0.0833333333333333,0.0,0.19062720675734043,52,9.042840579990589,0.0
3,0.0,0.0833333333333333,0.0,0.19062720675734043,53,9.228824725716136,0.0
3,0.0,0.0833333333333333,0.0,0.19062720675734043,54,9.228824736860638,0.0
3,0.0,0.0833333333333333,0.0,0.19062720675734043,55,9.928036834640634,0.0
3,0.0,0.0833333333333333,0.0,0.19062720675734043,56,9.928036886124131,0.0
3,0.0,0.0833333333333333,0.0,0.19062720675734043,57,10.0409018487304,0.0
3,0.0,0.0833333333333333,0.0,0.19062720675734043,58,10.040901870540807,0.0
3,0.0,0.0833333333333333,0.0,0.19062720675734043,59,11.293041150300958,0.0
3,0.0,0.0833333333333333,0.0,0.19062720675734043,60,11.293041173342049,0.0
4,0.0,0.125,0.0,0.28594081013601075,1,-16.843584073271224,1.0
4,0.0,0.125,0.0,0.28594081013601075,2,-16.843584065962695,1.0
4,0.0,0.125,0.0,0.28594081013601075,3,-15.835582981307915,1.0
4,0.0,0.125,0.0,0.28594081013601075,4,-15.835582976458987,1.0
4,0.0,0.125,0.0,0.28594081013601075,5,-8.342262380304174,1.0
4,0.0,0.125,0.0,0.28594081013601075,6,-8.342262368287262,1.0
4,0.0,0.125,0.0,0.28594081013601075,7,-5.963276292106648,1.0
4,0.0,0.125,0.0,0.28594081013601075,8,-5.963276257883041,1.0
4,0.0,0.125,0.0,0.28594081013601075,9,-5.602932781833942,1.0
4,0.0,0.125,0.0,0.28594081013601075,10,-5.602932557658776,1.0
4,0.0,0.125,0.0,0.28594081013601075,11,-5.236849742678205,1.0
4,0.0,0.125,0.0,0.28594081013601075,12,-5.236849584350101,1.0
4,0.0,0.125,0.0,0.28594081013601075,13,-4.738484401449498,1.0
4,0.0,0.125,0.0,0.28594081013601075,14,-4.738484045088286,1.0
4,0.0,0.125,0.0,0.28594081013601075,15,-4.126296100301222,1.0
4,0.0,0.125,0.0,0.28594081013601075,16,-4.126295973174929,1.0
4,0.0,0.125,0.0,0.28594081013601075,17,-3.332135984332645,1.0
4,0.0,0.125,0.0,0.28594081013601075,18,-3.3321359806783786,1.0
4,0.0,0.125,0.0,0.28594081013601075,19,-0.6637041470668135,0.0
4,0.0,0.125,0.0,0.28594081013601075,20,-0.6637030901406378,0.0
4,0.0,0.125,0.0,0.28594081013601075,21,-0.49858038657988996,0.0
4,0.0,0.125,0.0,0.28594081013601075,22,-0.49857993661324745,0.0
4,0.0,0.125,0.0,0.28594081013601075,23,-0.3500616200132182,0.0
4,0.0,0.125,0.0,0.28594081013601075,24,-0.3500611918316232,0.0
4,0.0,0.125,0.0,0.28594081013601075,25,0.07362160498835382,0.0
4,0.0,0.125,0.0,0.28594081013601075,26,0.07362243780963765,0.0
4,0.0,0.125,0.0,0.28594081013601075,27,2.6684632071548204,0.0
4,0.0,0.125,0.0,0.28594081013601075,28,2.6684632119334752,0.0
4,0.0,0.125,0.0,0.28594081013601075,29,2.7919558630817596,0.0
4,0.0,0.125,0.0,0.28594081013601075,30,2.791955867790141,0.0
4,0.0,0.125,0.0,0.28594081013601075,31,3.3369729678690074,0.0
4,0.0,0.125,0.0,0.28594081013601075,32,3.3369729774965915,0.0
4,0.0,0.125,0.0,0.28594081013601075,33,4.011095831527015,0.0
4,0.0,0.125,0.0,0.28594081013601075,34,4.011095832651405,0.0
4,0.0,0.125,0.0,0.28594081013601075,35,4.38193638282191,0.0
4,0.0,0.125,0.0,0.28594081013601075,36,4.38193638703837,0.0
4,0.0,0.125,0.0,0.28594081013601075,37,4.9232659713390445,0.0
4,0.0,0.125,0.0,0.28594081013601075,38,4.923265996216162,0.0
4,0.0,0.125,0.0,0.28594081013601075,39,5.81600072058379,0.0
4,0.0,0.125,0.0,0.28594081013601075,40,5.816000721427082,0.0
4,0.0,0.125,0.0,0.28594081013601075,41,6.713253104701381,0.0
4,0.0,0.125,0.0,0.28594081013601075,42,6.7132531314759065,0.0
4,0.0,0.125,0.0,0.28594081013601075,43,6.999855335918265,0.0
4,0.0,0.125,0.0,0.28594081013601075,44,6.999855384267016,0.0
4,0.0,0.125,0.0,0.28594081013601075,45,7.364522214448717,0.0
4,0.0,0.125,0.0,0.28594081013601075,46,7.364522420141729,0.0
4,0.0,0.125,0.0,0.28594081013601075,47,8.253990501513009,0.0
4,0.0,0.125,0.0,0.28594081013601075,48,8.253990505799745,0.0
4,0.0,0.125,0.0,0.28594081013601075,49,8.741093116119334,0.0
4,0.0,0.125,0.0,0.28594081013601075,50,8.741093266646985,0.0
4,0.0,0.125,0.0,0.28594081013601075,51,8.768436918075551,0.0
4,0.0,0.125,0.0,0.28594081013601075,52,8.768436923135305,0.0
4,0.0,0.125,0.0,0.28594081013601075,53,9.178765357583654,0.0
4,0.0,0.125,0.0,0.28594081013601075,54,9.178765614295841,0.0
4,0.0,0.125,0.0,0.28594081013601075,55,9.84593408657123,0.0
4,0.0,0.125,0.0,0.28594081013601075,56,9.84593411988127,0.0
4,0.0,0.125,0.0,0.28594081013601075,57,10.153648527425453,0.0
4,0.0,0.125,0.0,0.28594081013601075,58,10.153648554691902,0.0
4,0.0,0.125,0.0,0.28594081013601075,59,11.289764684531235,0.0
4,0.0,0.125,0.0,0.28594081013601075,60,11.289764754805582,0.0
5,0.0,0.1666666666666667,0.0,0.3812544135146811,1,-16.68170034512592,1.0
5,0.0,0.1666666666666667,0.0,0.3812544135146811,2,-16.681700336042972,1.0
5,0.0,0.1666666666666667,0.0,0.3812544135146811,3,-15.753044444082255,1.0
5,0.0,0.1666666666666667,0.0,0.3812544135146811,4,-15.753044437905851,1.0
5,0.0,0.1666666666666667,0.0,0.3812544135146811,5,-8.175953329095533,1.0
5,0.0,0.1666666666666667,0.0,0.3812544135146811,6,-8.175953307950438,1.0
5,0.0,0.1666666666666667,0.0,0.3812544135146811,7,-6.257670963443342,1.0
5,0.0,0.1666666666666667,0.0,0.3812544135146811,8,-6.257670906693104,1.0
5,0.0,0.1666666666666667,0.0,0.3812544135146811,9,-5.915946964802,1.0
5,0.0,0.1666666666666667,0.0,0.3812544135146811,10,-5.915946796004558,1.0
5,0.0,0.1666666666666667,0.0,0.3812544135146811,11,-5.07189989288476,1.0
5,0.0,0.1666666666666667,0.0,0.3812544135146811,12,-5.0718996109501635,1.0
5,0.0,0.1666666666666667,0.0,0.3812544135146811,13,-4.945403226782371,1.0
5,0.0,0.1666666666666667,0.0,0.3812544135146811,14,-4.945403101074421,1.0
5,0.0,0.1666666666666667,0.0,0.3812544135146811,15,-4.164432931767399,1.0
5,0.0,0.1666666666666667,0.0,0.3812544135146811,16,-4.164432901830015,1.0
5,0.0,0.1666666666666667,0.0,0.3812544135146811,17,-3.456606197349653,1.0
5,0.0,0.1666666666666667,0.0,0.3812544135146811,18,-3.4566061402360972,1.0
5,0.0,0.1666666666666667,0.0,0.3812544135146811,19,-0.8720833272357049,0.0
5,0.0,0.1666666666666667,0.0,0.3812544135146811,20,-0.8720822471646079,0.0
5,0.0,0.1666666666666667,0.0,0.3812544135146811,21,-0.5127455299427943,0.0
5,0.0,0.1666666666666667,0.0,0.3812544135146811,22,-0.5127445769602565,0.0
5,0.0,0.1666666666666667,0.0,0.3812544135146811,23,-0.4708276698387465,0.0
5,0.0,0.1666666666666667,0.0,0.3812544135146811,24,-0.4708269527947755,0.0
5,0.0,0.1666666666666667,0.0,0.3812544135146811,25,0.2712460109517052,0.0
5,0.0,0.1666666666666667,0.0,0.3812544135146811,26,0.271246612169968,0.0
5,0.0,0.1666666666666667,0.0,0.3812544135146811,27,2.9029866498976515,0.0
5,0.0,0.1666666666666667,0.0,0.3812544135146811,28,2.9029866507696145,0.0
5,0.0,0.1666666666666667,0.0,0.3812544135146811,29,3.0243018126093304,0.0
5,0.0,0.1666666666666667,0.0,0.3812544135146811,30,3.024301817259798,0.0
5,0.0,0.1666666666666667,0.0,0.3812544135146811,31,3.577923579902082,0.0
5,0.0,0.1666666666666667,0.0,0.3812544135146811,32,3.577923591382924,0.0
5,0.0,0.1666666666666667,0.0,0.3812544135146811,33,4.243561879766014,0.0
5,0.0,0.1666666666666667,0.0,0.3812544135146811,34,4.243561880928631,0.0
5,0.0,0.1666666666666667,0.0,0.3812544135146811,35,4.742427596048996,0.0
5,0.0,0.1666666666666667,0.0,0.3812544135146811,36,4.7424276083291375,0.0
5,0.0,0.1666666666666667,0.0,0.3812544135146811,37,5.305813657009207,0.0
5,0.0,0.1666666666666667,0.0,0.3812544135146811,38,5.305813693849629,0.0
5,0.0,0.1666666666666667,0.0,0.3812544135146811,39,6.022411649750806,0.0
5,0.0,0.1666666666666667,0.0,0.3812544135146811,40,6.0224116506954335,0.0
5,0.0,0.1666666666666667,0.0,0.3812544135146811,41,6.755409992456615,0.0
5,0.0,0.1666666666666667,0.0,0.3812544135146811,42,6.755410032276242,0.0
5,0.0,0.1666666666666667,0.0,0.3812544135146811,43,7.155716418644781,0.0
5,0.0,0.1666666666666667,0.0,0.3812544135146811,44,7.155716492688944,0.0
5,0.0,0.1666666666666667,0.0,0.3812544135146811,45,7.23430876324349,0.0
5,0.0,0.1666666666666667,0.0,0.3812544135146811,46,7.234308844554009,0.0
5,0.0,0.1666666666666667,0.0,0.3812544135146811,47,8.325896434027088,0.0
5,0.0,0.1666666666666667,0.0,0.3812544135146811,48,8.32589644281938,0.0
5,0.0,0.1666666666666667,0.0,0.3812544135146811,49,8.750162927524956,0.0
5,0.0,0.1666666666666667,0.0,0.3812544135146811,50,8.750162939587108,0.0
5,0.0,0.1666666666666667,0.0,0.3812544135146811,51,9.19583642515279,0.0
5,0.0,0.1666666666666667,0.0,0.3812544135146811,52,9.195837449708927,0.0
5,0.0,0.1666666666666667,0.0,0.3812544135146811,53,9.248191654540905,0.0
5,0.0,0.1666666666666667,0.0,0.3812544135146811,54,9.248192720951254,0.0
5,0.0,0.1666666666666667,0.0,0.3812544135146811,55,9.806896254001002,0.0
5,0.0,0.1666666666666667,0.0,0.3812544135146811,56,9.8068962890975,0.0
5,0.0,0.1666666666666667,0.0,0.3812544135146811,57,10.332865072025625,0.0
5,0.0,0.1666666666666667,0.0,0.3812544135146811,58,10.332865114969788,0.0
5,0.0,0.1666666666666667,0.0,0.3812544135146811,59,11.029012773939767,0.0
5,0.0,0.1666666666666667,0.0,0.3812544135146811,60,11.0290249592548,0.0
6,0.0,0.2083333333333333,0.0,0.47656801689335115,1,-16.484315221548492,1.0
6,0.0,0.2083333333333333,0.0,0.47656801689335115,2,-16.484315211135247,1.0
6,0.0,0.2083333333333333,0.0,0.47656801689335115,3,-15.652971125599024,1.0
6,0.0,0.2083333333333333,0.0,0.47656801689335115,4,-15.652971118470496,1.0
6,0.0,0.2083333333333333,0.0,0.47656801689335115,5,-8.017339912680686,1.0
6,0.0,0.2083333333333333,0.0,0.47656801689335115,6,-8.017339879274452,1.0
6,0.0,0.2083333333333333,0.0,0.47656801689335115,7,-6.547237904971156,1.0
6,0.0,0.2083333333333333,0.0,0.47656801689335115,8,-6.547237833685886,1.0
6,0.0,0.2083333333333333,0.0,0.47656801689335115,9,-6.2408356394178535,1.0
6,0.0,0.2083333333333333,0.0,0.47656801689335115,10,-6.240835515157843,1.0
6,0.0,0.2083333333333333,0.0,0.47656801689335115,11,-5.17113248258522,1.0
6,0.0,0.2083333333333333,0.0,0.47656801689335115,12,-5.171132310172712,1.0
6,0.0,0.2083333333333333,0.0,0.47656801689335115,13,-4.869067704263306,1.0
6,0.0,0.2083333333333333,0.0,0.47656801689335115,14,-4.86906747768797,1.0
6,0.0,0.2083333333333333,0.0,0.47656801689335115,15,-4.286006397062173,1.0
6,0.0,0.2083333333333333,0.0,0.47656801689335115,16,-4.286006378472093,1.0
6,0.0,0.2083333333333333,0.0,0.47656801689335115,17,-3.6362176094264687,1.0
6,0.0,0.2083333333333333,0.0,0.47656801689335115,18,-3.63621743841171,1.0
6,0.0,0.2083333333333333,0.0,0.47656801689335115,19,-0.9932133550959343,0.0
6,0.0,0.2083333333333333,0.0,0.47656801689335115,20,-0.9932121684058633,0.0
6,0.0,0.2083333333333333,0.0,0.47656801689335115,21,-0.6272268268108079,0.0
6,0.0,0.2083333333333333,0.0,0.47656801689335115,22,-0.6272257504731295,0.0
6,0.0,0.2083333333333333,0.0,0.47656801689335115,23,-0.3830232124977641,0.0
6,0.0,0.2083333333333333,0.0,0.47656801689335115,24,-0.38302266059602746,0.0
6,0.0,0.2083333333333333,0.0,0.47656801689335115,25,0.4687283177493892,0.0
6,0.0,0.2083333333333333,0.0,0.47656801689335115,26,0.4687287735557875,0.0
6,0.0,0.2083333333333333,0.0,0.47656801689335115,27,3.18166792415606,0.0
6,0.0,0.2083333333333333,0.0,0.47656801689335115,28,3.1816679300964985,0.0
6,0.0,0.2083333333333333,0.0,0.47656801689335115,29,3.3150378071046447,0.0
6,0.0,0.2083333333333333,0.0,0.47656801689335115,30,3.3150378112280086,0.0
6,0.0,0.2083333333333333,0.0,0.47656801689335115,31,3.879468534323612,0.0
6,0.0,0.2083333333333333,0.0,0.47656801689335115,32,3.879468547182916,0.0
6,0.0,0.2083333333333333,0.0,0.47656801689335115,33,4.536505768670274,0.0
6,0.0,0.2083333333333333,0.0,0.47656801689335115,34,4.536505769788475,0.0
6,0.0,0.2083333333333333,0.0,0.47656801689335115,35,5.027054621619453,0.0
6,0.0,0.2083333333333333,0.0,0.47656801689335115,36,5.027054643634021,0.0
6,0.0,0.2083333333333333,0.0,0.47656801689335115,37,5.684483214540467,0.0
6,0.0,0.2083333333333333,0.0,0.47656801689335115,38,5.684483245221088,0.0
6,0.0,0.2083333333333333,0.0,0.47656801689335115,39,6.230773615803435,0.0
6,0.0,0.2083333333333333,0.0,0.47656801689335115,40,6.2307736163625345,0.0
6,0.0,0.2083333333333333,0.0,0.47656801689335115,41,6.657532997132804,0.0
6,0.0,0.2083333333333333,0.0,0.47656801689335115,42,6.657533073170424,0.0
6,0.0,0.2083333333333333,0.0,0.47656801689335115,43,6.877945140736602,0.0
6,0.0,0.2083333333333333,0.0,0.47656801689335115,44,6.877945162052296,0.0
6,0.0,0.2083333333333333,0.0,0.47656801689335115,45,7.366601600834809,0.0
6,0.0,0.2083333333333333,0.0,0.47656801689335115,46,7.366601610688948,0.0
6,0.0,0.2083333333333333,0.0,0.47656801689335115,47,8.60574533113233,0.0
6,0.0,0.2083333333333333,0.0,0.47656801689335115,48,8.60574534692691,0.0
6,0.0,0.2083333333333333,0.0,0.47656801689335115,49,9.059932153535094,0.0
6,0.0,0.2083333333333333,0.0,0.47656801689335115,50,9.05993215395442,0.0
6,0.0,0.2083333333333333,0.0,0.47656801689335115,51,9.18057656425168,0.0
6,0.0,0.2083333333333333,0.0,0.47656801689335115,52,9.180576604576778,0.0
6,0.0,0.2083333333333333,0.0,0.47656801689335115,53,9.756966113135427,0.0
6,0.0,0.2083333333333333,0.0,0.47656801689335115,54,9.756966241099477,0.0
6,0.0,0.2083333333333333,0.0,0.47656801689335115,55,9.85822895006373,0.0
6,0.0,0.2083333333333333,0.0,0.47656801689335115,56,9.858229099203697,0.0
6,0.0,0.2083333333333333,0.0,0.47656801689335115,57,10.586260307797332,0.0
6,0.0,0.2083333333333333,0.0,0.47656801689335115,58,10.586264031544115,0.0
6,0.0,0.2083333333333333,0.0,0.47656801689335115,59,10.75985095658542,0.0
6,0.0,0.2083333333333333,0.0,0.47656801689335115,60,10.759876872834276,0.0
7,0.0,0.25,0.0,0.5718816202720215,1,-16.260191892360886,1.0
7,0.0,0.25,0.0,0.5718816202720215,2,-16.26019188118847,1.0
7,0.0,0.25,0.0,0.5718816202720215,3,-15.540299630512521,1.0
7,0.0,0.25,0.0,0.5718816202720215,4,-15.540299622645556,1.0
7,0.0,0.25,0.0,0.5718816202720215,5,-7.932362164852609,1.0
7,0.0,0.25,0.0,0.5718816202720215,6,-7.932362122741184,1.0
7,0.0,0.25,0.0,0.5718816202720215,7,-6.771867861923424,1.0
7,0.0,0.25,0.0,0.5718816202720215,8,-6.771867786757502,1.0
7,0.0,0.25,0.0,0.5718816202720215,9,-6.57097152444531,1.0
7,0.0,0.25,0.0,0.5718816202720215,10,-6.570971433347122,1.0
7,0.0,0.25,0.0,0.5718816202720215,11,-5.3851295274504345,1.0
7,0.0,0.25,0.0,0.5718816202720215,12,-5.385129445276959,1.0
7,0.0,0.25,0.0,0.5718816202720215,13,-4.65963224672393,1.0
7,0.0,0.25,0.0,0.5718816202720215,14,-4.6596318360548885,1.0
7,0.0,0.25,0.0,0.5718816202720215,15,-4.449186794667824,1.0
7,0.0,0.25,0.0,0.5718816202720215,16,-4.449186729021596,1.0
7,0.0,0.25,0.0,0.5718816202720215,17,-3.834827166386578,1.0
7,0.0,0.25,0.0,0.5718816202720215,18,-3.834826784012183,1.0
7,0.0,0.25,0.0,0.5718816202720215,19,-1.0143617059520835,0.0
7,0.0,0.25,0.0,0.5718816202720215,20,-1.0143602485794099,0.0
7,0.0,0.25,0.0,0.5718816202720215,21,-0.7402015309378516,0.0
7,0.0,0.25,0.0,0.5718816202720215,22,-0.7402002061798105,0.0
7,0.0,0.25,0.0,0.5718816202720215,23,-0.19195372210526201,0.0
7,0.0,0.25,0.0,0.5718816202720215,24,-0.19195334706896444,0.0
7,0.0,0.25,0.0,0.5718816202720215,25,0.6475044324189185,0.0
7,0.0,0.25,0.0,0.5718816202720215,26,0.6475047823999092,0.0
7,0.0,0.25,0.0,0.5718816202720215,27,3.4978003475242003,0.0
7,0.0,0.25,0.0,0.5718816202720215,28,3.4978003593577096,0.0
7,0.0,0.25,0.0,0.5718816202720215,29,3.6563092288552257,0.0
7,0.0,0.25,0.0,0.5718816202720215,30,3.6563092318962394,0.0
7,0.0,0.25,0.0,0.5718816202720215,31,4.241292602030482,0.0
7,0.0,0.25,0.0,0.5718816202720215,32,4.241292616111696,0.0
7,0.0,0.25,0.0,0.5718816202720215,33,4.880867376250084,0.0
7,0.0,0.25,0.0,0.5718816202720215,34,4.880867377506155,0.0
7,0.0,0.25,0.0,0.5718816202720215,35,5.23521892270767,0.0
7,0.0,0.25,0.0,0.5718816202720215,36,5.235218939102699,0.0
7,0.0,0.25,0.0,0.5718816202720215,37,5.821426516893183,0.0
7,0.0,0.25,0.0,0.5718816202720215,38,5.821426524760154,0.0
7,0.0,0.25,0.0,0.5718816202720215,39,6.161705515206856,0.0
7,0.0,0.25,0.0,0.5718816202720215,40,6.1617055168595805,0.0
7,0.0,0.25,0.0,0.5718816202720215,41,6.582353593067486,0.0
7,0.0,0.25,0.0,0.5718816202720215,42,6.582353594059121,0.0
7,0.0,0.25,0.0,0.5718816202720215,43,6.816953495463235,0.0
7,0.0,0.25,0.0,0.5718816202720215,44,6.816953502603004,0.0
7,0.0,0.25,0.0,0.5718816202720215,45,7.691190246304256,0.0
7,0.0,0.25,0.0,0.5718816202720215,46,7.691190251923519,0.0
7,0.0,0.25,0.0,0.5718816202720215,47,8.728101930348643,0.0
7,0.0,0.25,0.0,0.5718816202720215,48,8.728101953222353,0.0
7,0.0,0.25,0.0,0.5718816202720215,49,9.287578067906594,0.0
7,0.0,0.25,0.0,0.5718816202720215,50,9.287578113918453,0.0
7,0.0,0.25,0.0,0.5718816202720215,51,9.454516991070356,0.0
7,0.0,0.25,0.0,0.5718816202720215,52,9.454516994772462,0.0
7,0.0,0.25,0.0,0.5718816202720215,53,9.892969860171387,0.0
7,0.0,0.25,0.0,0.5718816202720215,54,9.892970188005862,0.0
7,0.0,0.25,0.0,0.5718816202720215,55,10.111634123013562,0.0
7,0.0,0.25,0.0,0.5718816202720215,56,10.111634318497845,0.0
7,0.0,0.25,0.0,0.5718816202720215,57,10.859892285571416,0.0
7,0.0,0.25,0.0,0.5718816202720215,58,10.86024359746812,0.0
7,0.0,0.25,0.0,0.5718816202720215,59,10.913131544776892,0.0
7,0.0,0.25,0.0,0.5718816202720215,60,10.913747262618198,0.0
8,0.0,0.2916666666666667,0.0,0.6671952236506917,1,-16.020899658784344,1.0
8,0.0,0.2916666666666667,0.0,0.6671952236506917,2,-16.02089964756407,1.0
8,0.0,0.2916666666666667,0.0,0.6671952236506917,3,-15.421470391442638,1.0
8,0.0,0.2916666666666667,0.0,0.6671952236506917,4,-15.421470383397919,1.0
8,0.0,0.2916666666666667,0.0,0.6671952236506917,5,-7.990626017299441,1.0
8,0.0,0.2916666666666667,0.0,0.6671952236506917,6,-7.990625982862396,1.0
8,0.0,0.2916666666666667,0.0,0.6671952236506917,7,-6.908035557306286,1.0
8,0.0,0.2916666666666667,0.0,0.6671952236506917,8,-6.908035530561122,1.0
8,0.0,0.2916666666666667,0.0,0.6671952236506917,9,-6.870375778597948,1.0
8,0.0,0.2916666666666667,0.0,0.6671952236506917,10,-6.870375759897502,1.0
8,0.0,0.2916666666666667,0.0,0.6671952236506917,11,-5.581779843686311,1.0
8,0.0,0.2916666666666667,0.0,0.6671952236506917,12,-5.58177980762621,1.0
8,0.0,0.2916666666666667,0.0,0.6671952236506917,13,-4.629943484213685,1.0
8,0.0,0.2916666666666667,0.0,0.6671952236506917,14,-4.629943456339438,1.0
8,0.0,0.2916666666666667,0.0,0.6671952236506917,15,-4.439062686622492,1.0
8,0.0,0.2916666666666667,0.0,0.6671952236506917,16,-4.439061836916654,1.0
8,0.0,0.2916666666666667,0.0,0.6671952236506917,17,-3.9890377403344655,1.0
8,0.0,0.2916666666666667,0.0,0.6671952236506917,18,-3.989036949411534,1.0
8,0.0,0.2916666666666667,0.0,0.6671952236506917,19,-0.9561482743594918,0.0
8,0.0,0.2916666666666667,0.0,0.6671952236506917,20,-0.9561459331344623,0.0
8,0.0,0.2916666666666667,0.0,0.6671952236506917,21,-0.8153217729040736,0.0
8,0.0,0.2916666666666667,0.0,0.6671952236506917,22,-0.8153195417646768,0.0
8,0.0,0.2916666666666667,0.0,0.6671952236506917,23,0.044105743012139126,0.0
8,0.0,0.2916666666666667,0.0,0.6671952236506917,24,0.044106011592856584,0.0
8,0.0,0.2916666666666667,0.0,0.6671952236506917,25,0.7972326652377408,0.0
8,0.0,0.2916666666666667,0.0,0.6671952236506917,26,0.7972329274673642,0.0
8,0.0,0.2916666666666667,0.0,0.6671952236506917,27,3.836694303768166,0.0
8,0.0,0.2916666666666667,0.0,0.6671952236506917,28,3.836694325009047,0.0
8,0.0,0.2916666666666667,0.0,0.6671952236506917,29,4.032354571792457,0.0
8,0.0,0.2916666666666667,0.0,0.6671952236506917,30,4.032354573344946,0.0
8,0.0,0.2916666666666667,0.0,0.6671952236506917,31,4.660594301527729,0.0
8,0.0,0.2916666666666667,0.0,0.6671952236506917,32,4.660594315782406,0.0
8,0.0,0.2916666666666667,0.0,0.6671952236506917,33,5.183544296427627,0.0
8,0.0,0.2916666666666667,0.0,0.6671952236506917,34,5.183544320773487,0.0
8,0.0,0.2916666666666667,0.0,0.6671952236506917,35,5.239028655609147,0.0
8,0.0,0.2916666666666667,0.0,0.6671952236506917,36,5.239028661183998,0.0
8,0.0,0.2916666666666667,0.0,0.6671952236506917,37,5.814103896908531,0.0
8,0.0,0.2916666666666667,0.0,0.6671952236506917,38,5.81410393021649,0.0
8,0.0,0.2916666666666667,0.0,0.6671952236506917,39,5.888371284354266,0.0
8,0.0,0.2916666666666667,0.0,0.6671952236506917,40,5.888371287670948,0.0
8,0.0,0.2916666666666667,0.0,0.6671952236506917,41,6.674300627928968,0.0
8,0.0,0.2916666666666667,0.0,0.6671952236506917,42,6.674300640631156,0.0
8,0.0,0.2916666666666667,0.0,0.6671952236506917,43,7.090100528934709,0.0
8,0.0,0.2916666666666667,0.0,0.6671952236506917,44,7.090100534932965,0.0
8,0.0,0.2916666666666667,0.0,0.6671952236506917,45,8.059141590865154,0.0
8,0.0,0.2916666666666667,0.0,0.6671952236506917,46,8.05914161485818,0.0
8,0.0,0.2916666666666667,0.0,0.6671952236506917,47,8.619080076185144,0.0
8,0.0,0.2916666666666667,0.0,0.6671952236506917,48,8.619080090792663,0.0
8,0.0,0.2916666666666667,0.0,0.6671952236506917,49,9.48522841970872,0.0
8,0.0,0.2916666666666667,0.0,0.6671952236506917,50,9.48522871792788,0.0
8,0.0,0.2916666666666667,0.0,0.6671952236506917,51,9.817782585371804,0.0
8,0.0,0.2916666666666667,0.0,0.6671952236506917,52,9.817782596027529,0.0
8,0.0,0.2916666666666667,0.0,0.6671952236506917,53,9.939511194599321,0.0
8,0.0,0.2916666666666667,0.0,0.6671952236506917,54,9.93951284383735,0.0
8,0.0,0.2916666666666667,0.0,0.6671952236506917,55,10.053790220902053,0.0
8,0.0,0.2916666666666667,0.0,0.6671952236506917,56,10.053791432549696,0.0
8,0.0,0.2916666666666667,0.0,0.6671952236506917,57,11.297685989676376,0.0
8,0.0,0.2916666666666667,0.0,0.6671952236506917,58,11.298284283004085,0.0
8,0.0,0.2916666666666667,0.0,0.6671952236506917,59,11.354921864416552,0.0
8,0.0,0.2916666666666667,0.0,0.6671952236506917,60,11.356324883368716,0.0
9,0.0,0.3333333333333333,0.0,0.7625088270293618,1,-15.781267269682845,1.0
9,0.0,0.3333333333333333,0.0,0.7625088270293618,2,-15.781267259150495,1.0
9,0.0,0.3333333333333333,0.0,0.7625088270293618,3,-15.304359927704235,1.0
9,0.0,0.3333333333333333,0.0,0.7625088270293618,4,-15.30435992010141,1.0
9,0.0,0.3333333333333333,0.0,0.7625088270293618,5,-8.171332751277292,1.0
9,0.0,0.3333333333333333,0.0,0.7625088270293618,6,-8.171332732723611,1.0
9,0.0,0.3333333333333333,0.0,0.7625088270293618,7,-7.205605113653224,1.0
9,0.0,0.3333333333333333,0.0,0.7625088270293618,8,-7.2056050657345025,1.0
9,0.0,0.3333333333333333,0.0,0.7625088270293618,9,-6.914331859260136,1.0
9,0.0,0.3333333333333333,0.0,0.7625088270293618,10,-6.9143318251520505,1.0
9,0.0,0.3333333333333333,0.0,0.7625088270293618,11,-5.751871891083647,1.0
9,0.0,0.3333333333333333,0.0,0.7625088270293618,12,-5.751871879016777,1.0
9,0.0,0.3333333333333333,0.0,0.7625088270293618,13,-4.775245693319102,1.0
9,0.0,0.3333333333333333,0.0,0.7625088270293618,14,-4.775245663814561,1.0
9,0.0,0.3333333333333333,0.0,0.7625088270293618,15,-4.254956153147827,1.0
9,0.0,0.3333333333333333,0.0,0.7625088270293618,16,-4.2549545275383025,1.0
9,0.0,0.3333333333333333,0.0,0.7625088270293618,17,-4.040773363375873,1.0
9,0.0,0.3333333333333333,0.0,0.7625088270293618,18,-4.040771783801803,1.0
9,0.0,0.3333333333333333,0.0,0.7625088270293618,19,-0.8895449760041941,0.0
9,0.0,0.3333333333333333,0.0,0.7625088270293618,20,-0.8895421764208465,0.0
9,0.0,0.3333333333333333,0.0,0.7625088270293618,21,-0.8004368521690591,0.0
9,0.0,0.3333333333333333,0.0,0.7625088270293618,22,-0.8004341411690848,0.0
9,0.0,0.3333333333333333,0.0,0.7625088270293618,23,0.2848816649589322,0.0
9,0.0,0.3333333333333333,0.0,0.7625088270293618,24,0.28488184847299114,0.0
9,0.0,0.3333333333333333,0.0,0.7625088270293618,25,0.9143448759416807,0.0
9,0.0,0.3333333333333333,0.0,0.7625088270293618,26,0.9143450572237177,0.0
9,0.0,0.3333333333333333,0.0,0.7625088270293618,27,4.1609352299608915,0.0
9,0.0,0.3333333333333333,0.0,0.7625088270293618,28,4.1609352704162905,0.0
9,0.0,0.3333333333333333,0.0,0.7625088270293618,29,4.404850287368278,0.0
9,0.0,0.3333333333333333,0.0,0.7625088270293618,30,4.404850288065786,0.0
9,0.0,0.3333333333333333,0.0,0.7625088270293618,31,4.758907184495829,0.0
9,0.0,0.3333333333333333,0.0,0.7625088270293618,32,4.758907213442365,0.0
9,0.0,0.3333333333333333,0.0,0.7625088270293618,33,5.150731968084466,0.0
9,0.0,0.3333333333333333,0.0,0.7625088270293618,34,5.1507319854523885,0.0
9,0.0,0.3333333333333333,0.0,0.7625088270293618,35,5.396155282972336,0.0
9,0.0,0.3333333333333333,0.0,0.7625088270293618,36,5.396155290784412,0.0
9,0.0,0.3333333333333333,0.0,0.7625088270293618,37,5.931588903267748,0.0
9,0.0,0.3333333333333333,0.0,0.7625088270293618,38,5.931588941212121,0.0
9,0.0,0.3333333333333333,0.0,0.7625088270293618,39,5.978328859942259,0.0
9,0.0,0.3333333333333333,0.0,0.7625088270293618,40,5.978328934435993,0.0
9,0.0,0.3333333333333333,0.0,0.7625088270293618,41,6.928990123474696,0.0
9,0.0,0.3333333333333333,0.0,0.7625088270293618,42,6.928990152560733,0.0
9,0.0,0.3333333333333333,0.0,0.7625088270293618,43,7.363354703463328,0.0
9,0.0,0.3333333333333333,0.0,0.7625088270293618,44,7.363354713646929,0.0
9,0.0,0.3333333333333333,0.0,0.7625088270293618,45,8.3054008868697,0.0
9,0.0,0.3333333333333333,0.0,0.7625088270293618,46,8.305400945181274,0.0
9,0.0,0.3333333333333333,0.0,0.7625088270293618,47,8.491345455202607,0.0
9,0.0,0.3333333333333333,0.0,0.7625088270293618,48,8.49134546768798,0.0
9,0.0,0.3333333333333333,0.0,0.7625088270293618,49,9.520089596557613,0.0
9,0.0,0.3333333333333333,0.0,0.7625088270293618,50,9.520089717505305,0.0
9,0.0,0.3333333333333333,0.0,0.7625088270293618,51,9.594972798856675,0.0
9,0.0,0.3333333333333333,0.0,0.7625088270293618,52,9.594973055887957,0.0
9,0.0,0.3333333333333333,0.0,0.7625088270293618,53,10.169830289958151,0.0
9,0.0,0.3333333333333333,0.0,0.7625088270293618,54,10.169830290585908,0.0
9,0.0,0.3333333333333333,0.0,0.7625088270293618,55,10.398706680130285,0.0
9,0.0,0.3333333333333333,0.0,0.7625088270293618,56,10.398706708239812,0.0
9,0.0,0.3333333333333333,0.0,0.7625088270293618,57,11.562683574472464,0.0
9,0.0,0.3333333333333333,0.0,0.7625088270293618,58,11.56304157671205,0.0
9,0.0,0.3333333333333333,0.0,0.7625088270293618,59,11.61550560612538,0.0
9,0.0,0.3333333333333333,0.0,0.7625088270293618,60,11.615951785649695,0.0
10,0.0,0.375,0.0,0.8578224304080322,1,-15.55976912434415,1.0
10,0.0,0.375,0.0,0.8578224304080322,2,-15.5597691152603,1.0
10,0.0,0.375,0.0,0.8578224304080322,3,-15.198172513439632,1.0
10,0.0,0.375,0.0,0.8578224304080322,4,-15.198172506890806,1.0
10,0.0,0.375,0.0,0.8578224304080322,5,-8.390415240428812,1.0
10,0.0,0.375,0.0,0.8578224304080322,6,-8.390415232612474,1.0
10,0.0,0.375,0.0,0.8578224304080322,7,-7.472241303490108,1.0
10,0.0,0.375,0.0,0.8578224304080322,8,-7.472241268844719,1.0
10,0.0,0.375,0.0,0.8578224304080322,9,-6.951929944119412,1.0
10,0.0,0.375,0.0,0.8578224304080322,10,-6.951929924191273,1.0
10,0.0,0.375,0.0,0.8578224304080322,11,-5.889306322642465,1.0
10,0.0,0.375,0.0,0.8578224304080322,12,-5.889306321304533,1.0
10,0.0,0.375,0.0,0.8578224304080322,13,-4.890514523464351,1.0
10,0.0,0.375,0.0,0.8578224304080322,14,-4.890514497339474,1.0
10,0.0,0.375,0.0,0.8578224304080322,15,-4.105204710378134,1.0
10,0.0,0.375,0.0,0.8578224304080322,16,-4.105202543985071,1.0
10,0.0,0.375,0.0,0.8578224304080322,17,-3.9791613697746917,1.0
10,0.0,0.375,0.0,0.8578224304080322,18,-3.9791592407028813,1.0
10,0.0,0.375,0.0,0.8578224304080322,19,-0.8754817095338152,0.0
10,0.0,0.375,0.0,0.8578224304080322,20,-0.875480904591865,0.0
10,0.0,0.375,0.0,0.8578224304080322,21,-0.6626115678389002,0.0
10,0.0,0.375,0.0,0.8578224304080322,22,-0.6626108368352797,0.0
10,0.0,0.375,0.0,0.8578224304080322,23,0.49663511825615625,0.0
10,0.0,0.375,0.0,0.8578224304080322,24,0.49663522606528276,0.0
10,0.0,0.375,0.0,0.8578224304080322,25,0.9998599388642764,0.0
10,0.0,0.375,0.0,0.8578224304080322,26,0.9998600435750349,0.0
10,0.0,0.375,0.0,0.8578224304080322,27,4.100005148645645,0.0
10,0.0,0.375,0.0,0.8578224304080322,28,4.100005173925512,0.0
10,0.0,0.375,0.0,0.8578224304080322,29,4.592233109422748,0.0
10,0.0,0.375,0.0,0.8578224304080322,30,4.592233116675747,0.0
10,0.0,0.375,0.0,0.8578224304080322,31,4.679519474132613,0.0
10,0.0,0.375,0.0,0.8578224304080322,32,4.679519476808478,0.0
10,0.0,0.375,0.0,0.8578224304080322,33,5.4300036602744655,0.0
10,0.0,0.375,0.0,0.8578224304080322,34,5.430003666259951,0.0
10,0.0,0.375,0.0,0.8578224304080322,35,5.673480384585396,0.0
10,0.0,0.375,0.0,0.8578224304080322,36,5.673480401556002,0.0
10,0.0,0.375,0.0,0.8578224304080322,37,6.24351632876199,0.0
10,0.0,0.375,0.0,0.8578224304080322,38,6.243516331930774,0.0
10,0.0,0.375,0.0,0.8578224304080322,39,6.345420649908117,0.0
10,0.0,0.375,0.0,0.8578224304080322,40,6.345420652161476,0.0
10,0.0,0.375,0.0,0.8578224304080322,41,7.245054275108529,0.0
10,0.0,0.375,0.0,0.8578224304080322,42,7.245054345948493,0.0
10,0.0,0.375,0.0,0.8578224304080322,43,7.479779248946361,0.0
10,0.0,0.375,0.0,0.8578224304080322,44,7.47977925288974,0.0
10,0.0,0.375,0.0,0.8578224304080322,45,8.375981267678958,0.0
10,0.0,0.375,0.0,0.8578224304080322,46,8.375981321407474,0.0
10,0.0,0.375,0.0,0.8578224304080322,47,8.581627227047589,0.0
10,0.0,0.375,0.0,0.8578224304080322,48,8.581627235427264,0.0
10,0.0,0.375,0.0,0.8578224304080322,49,9.120476837530532,0.0
10,0.0,0.375,0.0,0.8578224304080322,50,9.120476876260133,0.0
10,0.0,0.375,0.0,0.8578224304080322,51,9.703026971972559,0.0
10,0.0,0.375,0.0,0.8578224304080322,52,9.703026989506506,0.0
10,0.0,0.375,0.0,0.8578224304080322,53,10.279559032389546,0.0
10,0.0,0.375,0.0,0.8578224304080322,54,10.27955904527594,0.0
10,0.0,0.375,0.0,0.8578224304080322,55,10.364839669421757,0.0
10,0.0,0.375,0.0,0.8578224304080322,56,10.364839867787735,0.0
10,0.0,0.375,0.0,0.8578224304080322,57,10.780431548835066,0.0
10,0.0,0.375,0.0,0.8578224304080322,58,10.780431892613088,0.0
10,0.0,0.375,0.0,0.8578224304080322,59,10.986944163731602,0.0
10,0.0,0.375,0.0,0.8578224304080322,60,10.986944341324428,0.0
11,0.0,0.4166666666666667,0.0,0.9531360337867025,1,-15.377751878357644,1.0
11,0.0,0.4166666666666667,0.0,0.9531360337867025,2,-15.377751871567082,1.0
11,0.0,0.4166666666666667,0.0,0.9531360337867025,3,-15.11273060122024,1.0
11,0.0,0.4166666666666667,0.0,0.9531360337867025,4,-15.112730596487424,1.0
11,0.0,0.4166666666666667,0.0,0.9531360337867025,5,-8.585670650800438,1.0
11,0.0,0.4166666666666667,0.0,0.9531360337867025,6,-8.585670647919594,1.0
11,0.0,0.4166666666666667,0.0,0.9531360337867025,7,-7.6803748494033,1.0
11,0.0,0.4166666666666667,0.0,0.9531360337867025,8,-7.680374827111047,1.0
11,0.0,0.4166666666666667,0.0,0.9531360337867025,9,-7.006226717566019,1.0
11,0.0,0.4166666666666667,0.0,0.9531360337867025,10,-7.006226705082357,1.0
11,0.0,0.4166666666666667,0.0,0.9531360337867025,11,-5.990045389650204,1.0
11,0.0,0.4166666666666667,0.0,0.9531360337867025,12,-5.990045387592456,1.0
11,0.0,0.4166666666666667,0.0,0.9531360337867025,13,-4.971032539287371,1.0
11,0.0,0.4166666666666667,0.0,0.9531360337867025,14,-4.971032520356102,1.0
11,0.0,0.4166666666666667,0.0,0.9531360337867025,15,-3.990293651027909,1.0
11,0.0,0.4166666666666667,0.0,0.9531360337867025,16,-3.990292271514678,1.0
11,0.0,0.4166666666666667,0.0,0.9531360337867025,17,-3.8601500151378234,1.0
11,0.0,0.4166666666666667,0.0,0.9531360337867025,18,-3.8601486658048745,1.0
11,0.0,0.4166666666666667,0.0,0.9531360337867025,19,-0.8486064217622267,0.0
11,0.0,0.4166666666666667,0.0,0.9531360337867025,20,-0.8486061366957497,0.0
11,0.0,0.4166666666666667,0.0,0.9531360337867025,21,-0.5072264955047696,0.0
11,0.0,0.4166666666666667,0.0,0.9531360337867025,22,-0.507226269838574,0.0
11,0.0,0.4166666666666667,0.0,0.9531360337867025,23,0.6557617169209301,0.0
11,0.0,0.4166666666666667,0.0,0.9531360337867025,24,0.6557617622599438,0.0
11,0.0,0.4166666666666667,0.0,0.9531360337867025,25,1.0570952889395406,0.0
11,0.0,0.4166666666666667,0.0,0.9531360337867025,26,1.0570953299572863,0.0
11,0.0,0.4166666666666667,0.0,0.9531360337867025,27,3.6126949164229805,0.0
11,0.0,0.4166666666666667,0.0,0.9531360337867025,28,3.6126949201955156,0.0
11,0.0,0.4166666666666667,0.0,0.9531360337867025,29,4.781849911037838,0.0
11,0.0,0.4166666666666667,0.0,0.9531360337867025,30,4.781849924893331,0.0
11,0.0,0.4166666666666667,0.0,0.9531360337867025,31,4.846460845869812,0.0
11,0.0,0.4166666666666667,0.0,0.9531360337867025,32,4.8464608735807975,0.0
11,0.0,0.4166666666666667,0.0,0.9531360337867025,33,5.627145630949755,0.0
11,0.0,0.4166666666666667,0.0,0.9531360337867025,34,5.627145651938768,0.0
11,0.0,0.4166666666666667,0.0,0.9531360337867025,35,6.211258784186038,0.0
11,0.0,0.4166666666666667,0.0,0.9531360337867025,36,6.211258794817727,0.0
11,0.0,0.4166666666666667,0.0,0.9531360337867025,37,6.613069312341066,0.0
11,0.0,0.4166666666666667,0.0,0.9531360337867025,38,6.613069355347967,0.0
11,0.0,0.4166666666666667,0.0,0.9531360337867025,39,6.7664848224081595,0.0
11,0.0,0.4166666666666667,0.0,0.9531360337867025,40,6.766484830639145,0.0
11,0.0,0.4166666666666667,0.0,0.9531360337867025,41,7.471349142956338,0.0
11,0.0,0.4166666666666667,0.0,0.9531360337867025,42,7.4713491483750705,0.0
11,0.0,0.4166666666666667,0.0,0.9531360337867025,43,7.5533451900415685,0.0
11,0.0,0.4166666666666667,0.0,0.9531360337867025,44,7.5533451910704414,0.0
11,0.0,0.4166666666666667,0.0,0.9531360337867025,45,8.504699974371286,0.0
11,0.0,0.4166666666666667,0.0,0.9531360337867025,46,8.504700351144663,0.0
11,0.0,0.4166666666666667,0.0,0.9531360337867025,47,8.772306137677267,0.0
11,0.0,0.4166666666666667,0.0,0.9531360337867025,48,8.772306543121912,0.0
11,0.0,0.4166666666666667,0.0,0.9531360337867025,49,8.830951687316837,0.0
11,0.0,0.4166666666666667,0.0,0.9531360337867025,50,8.830951689991904,0.0
11,0.0,0.4166666666666667,0.0,0.9531360337867025,51,9.367162743576712,0.0
11,0.0,0.4166666666666667,0.0,0.9531360337867025,52,9.367163028986145,0.0
11,0.0,0.4166666666666667,0.0,0.9531360337867025,53,9.805306573280346,0.0
11,0.0,0.4166666666666667,0.0,0.9531360337867025,54,9.805306595366824,0.0
11,0.0,0.4166666666666667,0.0,0.9531360337867025,55,9.84514065496399,0.0
11,0.0,0.4166666666666667,0.0,0.9531360337867025,56,9.845141035990043,0.0
11,0.0,0.4166666666666667,0.0,0.9531360337867025,57,10.483773285621998,0.0
11,0.0,0.4166666666666667,0.0,0.9531360337867025,58,10.48377370910622,0.0
11,0.0,0.4166666666666667,0.0,0.9531360337867025,59,10.606822955873435,0.0
11,0.0,0.4166666666666667,0.0,0.9531360337867025,60,10.606822963487097,0.0
12,0.0,0.4583333333333333,0.0,1.0484496371653726,1,-15.256979709981072,1.0
12,0.0,0.4583333333333333,0.0,1.0484496371653726,2,-15.25697970620554,1.0
12,0.0,0.4583333333333333,0.0,1.0484496371653726,3,-15.057069229981844,1.0
12,0.0,0.4583333333333333,0.0,1.0484496371653726,4,-15.057069227487295,1.0
12,0.0,0.4583333333333333,0.0,1.0484496371653726,5,-8.718732483467138,1.0
12,0.0,0.4583333333333333,0.0,1.0484496371653726,6,-8.718732482320993,1.0
12,0.0,0.4583333333333333,0.0,1.0484496371653726,7,-7.812924072718387,1.0
12,0.0,0.4583333333333333,0.0,1.0484496371653726,8,-7.812924062335673,1.0
12,0.0,0.4583333333333333,0.0,1.0484496371653726,9,-7.054170925771789,1.0
12,0.0,0.4583333333333333,0.0,1.0484496371653726,10,-7.054170917546523,1.0
12,0.0,0.4583333333333333,0.0,1.0484496371653726,11,-6.051455977346382,1.0
12,0.0,0.4583333333333333,0.0,1.0484496371653726,12,-6.051455975458616,1.0
12,0.0,0.4583333333333333,0.0,1.0484496371653726,13,-5.017997778211333,1.0
12,0.0,0.4583333333333333,0.0,1.0484496371653726,14,-5.017997767896041,1.0
12,0.0,0.4583333333333333,0.0,1.0484496371653726,15,-3.9188572496275524,1.0
12,0.0,0.4583333333333333,0.0,1.0484496371653726,16,-3.918856733188732,1.0
12,0.0,0.4583333333333333,0.0,1.0484496371653726,17,-3.7505575609669357,1.0
12,0.0,0.4583333333333333,0.0,1.0484496371653726,18,-3.7505570643496577,1.0
12,0.0,0.4583333333333333,0.0,1.0484496371653726,19,-0.8196160529267316,0.0
12,0.0,0.4583333333333333,0.0,1.0484496371653726,20,-0.8196159722247383,0.0
12,0.0,0.4583333333333333,0.0,1.0484496371653726,21,-0.38083760689617374,0.0
12,0.0,0.4583333333333333,0.0,1.0484496371653726,22,-0.38083756010654696,0.0
12,0.0,0.4583333333333333,0.0,1.0484496371653726,23,0.7515462059373308,0.0
12,0.0,0.4583333333333333,0.0,1.0484496371653726,24,0.7515462153087402,0.0
12,0.0,0.4583333333333333,0.0,1.0484496371653726,25,1.0897133257985132,0.0
12,0.0,0.4583333333333333,0.0,1.0484496371653726,26,1.0897133312595504,0.0
12,0.0,0.4583333333333333,0.0,1.0484496371653726,27,3.240434582648592,0.0
12,0.0,0.4583333333333333,0.0,1.0484496371653726,28,3.2404345851431406,0.0
12,0.0,0.4583333333333333,0.0,1.0484496371653726,29,4.830098700485966,0.0
12,0.0,0.4583333333333333,0.0,1.0484496371653726,30,4.830098709520275,0.0
12,0.0,0.4583333333333333,0.0,1.0484496371653726,31,5.043851110042398,0.0
12,0.0,0.4583333333333333,0.0,1.0484496371653726,32,5.043851137954366,0.0
12,0.0,0.4583333333333333,0.0,1.0484496371653726,33,5.807229680875675,0.0
12,0.0,0.4583333333333333,0.0,1.0484496371653726,34,5.807229703798548,0.0
12,0.0,0.4583333333333333,0.0,1.0484496371653726,35,6.584348732792863,0.0
12,0.0,0.4583333333333333,0.0,1.0484496371653726,36,6.58434882704632,0.0
12,0.0,0.4583333333333333,0.0,1.0484496371653726,37,7.061980966974291,0.0
12,0.0,0.4583333333333333,0.0,1.0484496371653726,38,7.061980975738919,0.0
12,0.0,0.4583333333333333,0.0,1.0484496371653726,39,7.101728470774798,0.0
12,0.0,0.4583333333333333,0.0,1.0484496371653726,40,7.1017284767751985,0.0
12,0.0,0.4583333333333333,0.0,1.0484496371653726,41,7.683082836160601,0.0
12,0.0,0.4583333333333333,0.0,1.0484496371653726,42,7.683083019408738,0.0
12,0.0,0.4583333333333333,0.0,1.0484496371653726,43,7.834960225957307,0.0
12,0.0,0.4583333333333333,0.0,1.0484496371653726,44,7.83496023357579,0.0
12,0.0,0.4583333333333333,0.0,1.0484496371653726,45,8.506663850638963,0.0
12,0.0,0.4583333333333333,0.0,1.0484496371653726,46,8.506665180839734,0.0
12,0.0,0.4583333333333333,0.0,1.0484496371653726,47,8.541841005044875,0.0
12,0.0,0.4583333333333333,0.0,1.0484496371653726,48,8.541841986885414,0.0
12,0.0,0.4583333333333333,0.0,1.0484496371653726,49,8.791348451844224,0.0
12,0.0,0.4583333333333333,0.0,1.0484496371653726,50,8.791348456698477,0.0
12,0.0,0.4583333333333333,0.0,1.0484496371653726,51,8.89950323414475,0.0
12,0.0,0.4583333333333333,0.0,1.0484496371653726,52,8.899503966260829,0.0
12,0.0,0.4583333333333333,0.0,1.0484496371653726,53,9.237698098569126,0.0
12,0.0,0.4583333333333333,0.0,1.0484496371653726,54,9.237698680675235,0.0
12,0.0,0.4583333333333333,0.0,1.0484496371653726,55,9.43666814010534,0.0
12,0.0,0.4583333333333333,0.0,1.0484496371653726,56,9.436668158376218,0.0
12,0.0,0.4583333333333333,0.0,1.0484496371653726,57,10.247604974007855,0.0
12,0.0,0.4583333333333333,0.0,1.0484496371653726,58,10.247604985334451,0.0
12,0.0,0.4583333333333333,0.0,1.0484496371653726,59,10.390795155674313,0.0
12,0.0,0.4583333333333333,0.0,1.0484496371653726,60,10.390795456638136,0.0
13,0.0,0.5,0.0,1.143763240544043,1,-15.214511375131334,1.0
13,0.0,0.5,0.0,1.143763240544043,2,-15.214511374745385,1.0
13,0.0,0.5,0.0,1.143763240544043,3,-15.037711831777862,1.0
13,0.0,0.5,0.0,1.143763240544043,4,-15.037711831713537,1.0
13,0.0,0.5,0.0,1.143763240544043,5,-8.7659029679469,1.0
13,0.0,0.5,0.0,1.143763240544043,6,-8.76590296711068,1.0
13,0.0,0.5,0.0,1.143763240544043,7,-7.858456942534808,1.0
13,0.0,0.5,0.0,1.143763240544043,8,-7.858456941119659,1.0
13,0.0,0.5,0.0,1.143763240544043,9,-7.0729220813426,1.0
13,0.0,0.5,0.0,1.143763240544043,10,-7.072922076389583,1.0
13,0.0,0.5,0.0,1.143763240544043,11,-6.072091732965616,1.0
13,0.0,0.5,0.0,1.143763240544043,12,-6.072091732643992,1.0
13,0.0,0.5,0.0,1.143763240544043,13,-5.033371378587535,1.0
13,0.0,0.5,0.0,1.143763240544043,14,-5.033371377365361,1.0
13,0.0,0.5,0.0,1.143763240544043,15,-3.8954134036608896,1.0
13,0.0,0.5,0.0,1.143763240544043,16,-3.895413400637619,1.0
13,0.0,0.5,0.0,1.143763240544043,17,-3.7061153510829357,1.0
13,0.0,0.5,0.0,1.143763240544043,18,-3.706115348960214,1.0
13,0.0,0.5,0.0,1.143763240544043,19,-0.8073031935728807,0.0
13,0.0,0.5,0.0,1.143763240544043,20,-0.807303165848847,0.0
13,0.0,0.5,0.0,1.143763240544043,21,-0.3304119107562366,0.0
13,0.0,0.5,0.0,1.143763240544043,22,-0.33041188869279453,0.0
13,0.0,0.5,0.0,1.143763240544043,23,0.7831028479596274,0.0
13,0.0,0.5,0.0,1.143763240544043,24,0.7831028485385514,0.0
13,0.0,0.5,0.0,1.143763240544043,25,1.1002886322715768,0.0
13,0.0,0.5,0.0,1.143763240544043,26,1.1002886345229483,0.0
13,0.0,0.5,0.0,1.143763240544043,27,3.1014871124571166,0.0
13,0.0,0.5,0.0,1.143763240544043,28,3.10148711316469,0.0
13,0.0,0.5,0.0,1.143763240544043,29,4.848942171097637,0.0
13,0.0,0.5,0.0,1.143763240544043,30,4.848942171290611,0.0
13,0.0,0.5,0.0,1.143763240544043,31,5.122456056327808,0.0
13,0.0,0.5,0.0,1.143763240544043,32,5.122456058257555,0.0
13,0.0,0.5,0.0,1.143763240544043,33,5.8615912134592865,0.0
13,0.0,0.5,0.0,1.143763240544043,34,5.861591213973886,0.0
13,0.0,0.5,0.0,1.143763240544043,35,6.664328760789676,0.0
13,0.0,0.5,0.0,1.143763240544043,36,6.664328762333474,0.0
13,0.0,0.5,0.0,1.143763240544043,37,7.194443420005953,0.0
13,0.0,0.5,0.0,1.143763240544043,38,7.194443423929771,0.0
13,0.0,0.5,0.0,1.143763240544043,39,7.607167313992717,0.0
13,0.0,0.5,0.0,1.143763240544043,40,7.607167409064926,0.0
13,0.0,0.5,0.0,1.143763240544043,41,7.840490125960171,0.0
13,0.0,0.5,0.0,1.143763240544043,42,7.840490631618243,0.0
13,0.0,0.5,0.0,1.143763240544043,43,8.100742879475973,0.0
13,0.0,0.5,0.0,1.143763240544043,44,8.100742884621965,0.0
13,0.0,0.5,0.0,1.143763240544043,45,8.125626791329335,0.0
13,0.0,0.5,0.0,1.143763240544043,46,8.125627598735527,0.0
13,0.0,0.5,0.0,1.143763240544043,47,8.452761703533778,0.0
13,0.0,0.5,0.0,1.143763240544043,48,8.452761804395227,0.0
13,0.0,0.5,0.0,1.143763240544043,49,8.504207363114435,0.0
13,0.0,0.5,0.0,1.143763240544043,50,8.504207845293916,0.0
13,0.0,0.5,0.0,1.143763240544043,51,8.5549410985859,0.0
13,0.0,0.5,0.0,1.143763240544043,52,8.554941108749237,0.0
13,0.0,0.5,0.0,1.143763240544043,53,9.280014531036851,0.0
13,0.0,0.5,0.0,1.143763240544043,54,9.280014548340251,0.0
13,0.0,0.5,0.0,1.143763240544043,55,9.537632663717314,0.0
13,0.0,0.5,0.0,1.143763240544043,56,9.537633145060571,0.0
13,0.0,0.5,0.0,1.143763240544043,57,9.884855637388174,0.0
13,0.0,0.5,0.0,1.143763240544043,58,9.884856066499612,0.0
13,0.0,0.5,0.0,1.143763240544043,59,10.246782725721005,0.0
13,0.0,0.5,0.0,1.143763240544043,60,10.24678275440991,0.0
14,0.0277777777777778,0.5138888888888888,0.0,1.1987925751121515,1,-15.212760500452777,1.0
14,0.0277777777777778,0.5138888888888888,0.0,1.1987925751121515,2,-15.208840703941224,1.0
14,0.0277777777777778,0.5138888888888888,0.0,1.1987925751121515,3,-15.035291565092745,1.0
14,0.0277777777777778,0.5138888888888888,0.0,1.1987925751121515,4,-15.034840746726706,1.0
14,0.0277777777777778,0.5138888888888888,0.0,1.1987925751121515,5,-8.756217615524427,1.0
14,0.0277777777777778,0.5138888888888888,0.0,1.1987925751121515,6,-8.753146162134357,1.0
14,0.0277777777777778,0.5138888888888888,0.0,1.1987925751121515,7,-7.865083977182383,1.0
14,0.0277777777777778,0.5138888888888888,0.0,1.1987925751121515,8,-7.863634808822096,1.0
14,0.0277777777777778,0.5138888888888888,0.0,1.1987925751121515,9,-7.069394270486912,1.0
14,0.0277777777777778,0.5138888888888888,0.0,1.1987925751121515,10,-7.067962006862399,1.0
14,0.0277777777777778,0.5138888888888888,0.0,1.1987925751121515,11,-6.080366892916277,1.0
14,0.0277777777777778,0.5138888888888888,0.0,1.1987925751121515,12,-6.07839765517297,1.0
14,0.0277777777777778,0.5138888888888888,0.0,1.1987925751121515,13,-5.0318398731302,1.0
14,0.0277777777777778,0.5138888888888888,0.0,1.1987925751121515,14,-5.028521982113381,1.0
14,0.0277777777777778,0.5138888888888888,0.0,1.1987925751121515,15,-4.033798016549704,1.0
14,0.0277777777777778,0.5138888888888888,0.0,1.1987925751121515,16,-3.9715254955635597,1.0
14,0.0277777777777778,0.5138888888888888,0.0,1.1987925751121515,17,-3.6759454810796344,1.0
14,0.0277777777777778,0.5138888888888888,0.0,1.1987925751121515,18,-3.601151533840177,1.0
14,0.0277777777777778,0.5138888888888888,0.0,1.1987925751121515,19,-0.8123274501222992,0.0
14,0.0277777777777778,0.5138888888888888,0.0,1.1987925751121515,20,-0.7959137924242717,0.0
14,0.0277777777777778,0.5138888888888888,0.0,1.1987925751121515,21,-0.3443348588936979,0.0
14,0.0277777777777778,0.5138888888888888,0.0,1.1987925751121515,22,-0.30686726014856774,0.0
14,0.0277777777777778,0.5138888888888888,0.0,1.1987925751121515,23,0.7911643234121944,0.0
14,0.0277777777777778,0.5138888888888888,0.0,1.1987925751121515,24,0.80694014610711,0.0
14,0.0277777777777778,0.5138888888888888,0.0,1.1987925751121515,25,1.0577508105150697,0.0
14,0.0277777777777778,0.5138888888888888,0.0,1.1987925751121515,26,1.0701346945708563,0.0
14,0.0277777777777778,0.5138888888888888,0.0,1.1987925751121515,27,3.111369504717686,0.0
14,0.0277777777777778,0.5138888888888888,0.0,1.1987925751121515,28,3.1165099346217318,0.0
14,0.0277777777777778,0.5138888888888888,0.0,1.1987925751121515,29,4.909654185159755,0.0
14,0.0277777777777778,0.5138888888888888,0.0,1.1987925751121515,30,4.9117516477360565,0.0
14,0.0277777777777778,0.5138888888888888,0.0,1.1987925751121515,31,5.158804754888979,0.0
14,0.0277777777777778,0.5138888888888888,0.0,1.1987925751121515,32,5.165079043805869,0.0
14,0.0277777777777778,0.5138888888888888,0.0,1.1987925751121515,33,5.868191947441525,0.0
14,0.0277777777777778,0.5138888888888888,0.0,1.1987925751121515,34,5.8688849641148435,0.0
14,0.0277777777777778,0.5138888888888888,0.0,1.1987925751121515,35,6.6777506270739755,0.0
14,0.0277777777777778,0.5138888888888888,0.0,1.1987925751121515,36,6.684177724565332,0.0
14,0.0277777777777778,0.5138888888888888,0.0,1.1987925751121515,37,7.203397400885126,0.0
14,0.0277777777777778,0.5138888888888888,0.0,1.1987925751121515,38,7.2036600994181255,0.0
14,0.0277777777777778,0.5138888888888888,0.0,1.1987925751121515,39,7.610594939578742,0.0
14,0.0277777777777778,0.5138888888888888,0.0,1.1987925751121515,40,7.615706746722962,0.0
14,0.0277777777777778,0.5138888888888888,0.0,1.1987925751121515,41,7.843123783809074,0.0
14,0.0277777777777778,0.5138888888888888,0.0,1.1987925751121515,42,7.84767177466176,0.0
14,0.0277777777777778,0.5138888888888888,0.0,1.1987925751121515,43,8.105157972108223,0.0
14,0.0277777777777778,0.5138888888888888,0.0,1.1987925751121515,44,8.111892426420617,0.0
14,0.0277777777777778,0.5138888888888888,0.0,1.1987925751121515,45,8.1210593355257,0.0
14,0.0277777777777778,0.5138888888888888,0.0,1.1987925751121515,46,8.127164550562412,0.0
14,0.0277777777777778,0.5138888888888888,0.0,1.1987925751121515,47,8.311617196532634,0.0
14,0.0277777777777778,0.5138888888888888,0.0,1.1987925751121515,48,8.33716585971019,0.0
14,0.0277777777777778,0.5138888888888888,0.0,1.1987925751121515,49,8.564986942305374,0.0
14,0.0277777777777778,0.5138888888888888,0.0,1.1987925751121515,50,8.565095177878472,0.0
14,0.0277777777777778,0.5138888888888888,0.0,1.1987925751121515,51,8.575777810686095,0.0
14,0.0277777777777778,0.5138888888888888,0.0,1.1987925751121515,52,8.607124699371361,0.0
14,0.0277777777777778,0.5138888888888888,0.0,1.1987925751121515,53,9.290323985853256,0.0
14,0.0277777777777778,0.5138888888888888,0.0,1.1987925751121515,54,9.290481475767201,0.0
14,0.0277777777777778,0.5138888888888888,0.0,1.1987925751121515,55,9.551457366089995,0.0
14,0.0277777777777778,0.5138888888888888,0.0,1.1987925751121515,56,9.55489327135923,0.0
14,0.0277777777777778,0.5138888888888888,0.0,1.1987925751121515,57,9.908165491259908,0.0
14,0.0277777777777778,0.5138888888888888,0.0,1.1987925751121515,58,9.917253598497856,0.0
14,0.0277777777777778,0.5138888888888888,0.0,1.1987925751121515,59,10.254114617798813,0.0
14,0.0277777777777778,0.5138888888888888,0.0,1.1987925751121515,60,10.254220682615593,0.0
15,0.0555555555555556,0.5277777777777778,0.0,1.25382190968026,1,-15.203701315430799,1.0
15,0.0555555555555556,0.5277777777777778,0.0,1.25382190968026,2,-15.195912678419539,1.0
15,0.0555555555555556,0.5277777777777778,0.0,1.25382190968026,3,-15.027704661311208,1.0
15,0.0555555555555556,0.5277777777777778,0.0,1.25382190968026,4,-15.026809383480103,1.0
15,0.0555555555555556,0.5277777777777778,0.0,1.25382190968026,5,-8.72425538652049,1.0
15,0.0555555555555556,0.5277777777777778,0.0,1.25382190968026,6,-8.718118714922554,1.0
15,0.0555555555555556,0.5277777777777778,0.0,1.25382190968026,7,-7.883654062579325,1.0
15,0.0555555555555556,0.5277777777777778,0.0,1.25382190968026,8,-7.880789519527369,1.0
15,0.0555555555555556,0.5277777777777778,0.0,1.25382190968026,9,-7.0576166932016715,1.0
15,0.0555555555555556,0.5277777777777778,0.0,1.25382190968026,10,-7.054832096759254,1.0
15,0.0555555555555556,0.5277777777777778,0.0,1.25382190968026,11,-6.100870524645252,1.0
15,0.0555555555555556,0.5277777777777778,0.0,1.25382190968026,12,-6.096566147771201,1.0
15,0.0555555555555556,0.5277777777777778,0.0,1.25382190968026,13,-5.025393884388974,1.0
15,0.0555555555555556,0.5277777777777778,0.0,1.25382190968026,14,-5.019510336120446,1.0
15,0.0555555555555556,0.5277777777777778,0.0,1.25382190968026,15,-4.241939581140004,1.0
15,0.0555555555555556,0.5277777777777778,0.0,1.25382190968026,16,-4.17860134887726,1.0
15,0.0555555555555556,0.5277777777777778,0.0,1.25382190968026,17,-3.5897076095717257,1.0
15,0.0555555555555556,0.5277777777777778,0.0,1.25382190968026,18,-3.501719757763767,1.0
15,0.0555555555555556,0.5277777777777778,0.0,1.25382190968026,19,-0.8139115331575685,0.0
15,0.0555555555555556,0.5277777777777778,0.0,1.25382190968026,20,-0.781409320576913,0.0
15,0.0555555555555556,0.5277777777777778,0.0,1.25382190968026,21,-0.3463482595142784,0.0
15,0.0555555555555556,0.5277777777777778,0.0,1.25382190968026,22,-0.27275917957328355,0.0
15,0.0555555555555556,0.5277777777777778,0.0,1.25382190968026,23,0.8219406104836121,0.0
15,0.0555555555555556,0.5277777777777778,0.0,1.25382190968026,24,0.8616486774668649,0.0
15,0.0555555555555556,0.5277777777777778,0.0,1.25382190968026,25,0.9511249163341878,0.0
15,0.0555555555555556,0.5277777777777778,0.0,1.25382190968026,26,0.9834687566744039,0.0
15,0.0555555555555556,0.5277777777777778,0.0,1.25382190968026,27,3.1451088972858976,0.0
15,0.0555555555555556,0.5277777777777778,0.0,1.25382190968026,28,3.1551204154149453,0.0
15,0.0555555555555556,0.5277777777777778,0.0,1.25382190968026,29,5.085640511119493,0.0
15,0.0555555555555556,0.5277777777777778,0.0,1.25382190968026,30,5.088495924402993,0.0
15,0.0555555555555556,0.5277777777777778,0.0,1.25382190968026,31,5.272282785456321,0.0
15,0.0555555555555556,0.5277777777777778,0.0,1.25382190968026,32,5.283073508346563,0.0
15,0.0555555555555556,0.5277777777777778,0.0,1.25382190968026,33,5.888664337150928,0.0
15,0.0555555555555556,0.5277777777777778,0.0,1.25382190968026,34,5.890076506838225,0.0
15,0.0555555555555556,0.5277777777777778,0.0,1.25382190968026,35,6.722213990128068,0.0
15,0.0555555555555556,0.5277777777777778,0.0,1.25382190968026,36,6.736467786021054,0.0
15,0.0555555555555556,0.5277777777777778,0.0,1.25382190968026,37,7.230409169827512,0.0
15,0.0555555555555556,0.5277777777777778,0.0,1.25382190968026,38,7.23091050202852,0.0
15,0.0555555555555556,0.5277777777777778,0.0,1.25382190968026,39,7.6083709169842155,0.0
15,0.0555555555555556,0.5277777777777778,0.0,1.25382190968026,40,7.627204509510504,0.0
15,0.0555555555555556,0.5277777777777778,0.0,1.25382190968026,41,7.8343335727039385,0.0
15,0.0555555555555556,0.5277777777777778,0.0,1.25382190968026,42,7.849063254250227,0.0
15,0.0555555555555556,0.5277777777777778,0.0,1.25382190968026,43,8.038101944381921,0.0
15,0.0555555555555556,0.5277777777777778,0.0,1.25382190968026,44,8.06116569159505,0.0
15,0.0555555555555556,0.5277777777777778,0.0,1.25382190968026,45,8.145689150687684,0.0
15,0.0555555555555556,0.5277777777777778,0.0,1.25382190968026,46,8.1472289213436,0.0
15,0.0555555555555556,0.5277777777777778,0.0,1.25382190968026,47,8.233450662902246,0.0
15,0.0555555555555556,0.5277777777777778,0.0,1.25382190968026,48,8.237594236461508,0.0
15,0.0555555555555556,0.5277777777777778,0.0,1.25382190968026,49,8.595745402724607,0.0
15,0.0555555555555556,0.5277777777777778,0.0,1.25382190968026,50,8.595846651300661,0.0
15,0.0555555555555556,0.5277777777777778,0.0,1.25382190968026,51,8.65894523832937,0.0
15,0.0555555555555556,0.5277777777777778,0.0,1.25382190968026,52,8.684696778029387,0.0
15,0.0555555555555556,0.5277777777777778,0.0,1.25382190968026,53,9.321482472856843,0.0
15,0.0555555555555556,0.5277777777777778,0.0,1.25382190968026,54,9.321744684745056,0.0
15,0.0555555555555556,0.5277777777777778,0.0,1.25382190968026,55,9.589675494683693,0.0
15,0.0555555555555556,0.5277777777777778,0.0,1.25382190968026,56,9.593909617954626,0.0
15,0.0555555555555556,0.5277777777777778,0.0,1.25382190968026,57,9.978061912840406,0.0
15,0.0555555555555556,0.5277777777777778,0.0,1.25382190968026,58,9.993812211378657,0.0
15,0.0555555555555556,0.5277777777777778,0.0,1.25382190968026,59,10.275588533159503,0.0
15,0.0555555555555556,0.5277777777777778,0.0,1.25382190968026,60,10.275751028431667,0.0
16,0.0833333333333333,0.5416666666666666,0.0,1.3088512442483684,1,-15.18781030046633,1.0
16,0.0833333333333333,0.5416666666666666,0.0,1.3088512442483684,2,-15.176255696948603,1.0
16,0.0833333333333333,0.5416666666666666,0.0,1.3088512442483684,3,-15.01534029880157,1.0
16,0.0833333333333333,0.5416666666666666,0.0,1.3088512442483684,4,-15.014013273765046,1.0
16,0.0833333333333333,0.5416666666666666,0.0,1.3088512442483684,5,-8.670531602589733,1.0
16,0.0833333333333333,0.5416666666666666,0.0,1.3088512442483684,6,-8.661341416853519,1.0
16,0.0833333333333333,0.5416666666666666,0.0,1.3088512442483684,7,-7.91445058618508,1.0
16,0.0833333333333333,0.5416666666666666,0.0,1.3088512442483684,8,-7.910258729252485,1.0
16,0.0833333333333333,0.5416666666666666,0.0,1.3088512442483684,9,-7.038420664977142,1.0
16,0.0833333333333333,0.5416666666666666,0.0,1.3088512442483684,10,-7.03445607689795,1.0
16,0.0833333333333333,0.5416666666666666,0.0,1.3088512442483684,11,-6.127259798945204,1.0
16,0.0833333333333333,0.5416666666666666,0.0,1.3088512442483684,12,-6.12008486390387,1.0
16,0.0833333333333333,0.5416666666666666,0.0,1.3088512442483684,13,-5.018449736678329,1.0
16,0.0833333333333333,0.5416666666666666,0.0,1.3088512442483684,14,-5.0113643905838785,1.0
16,0.0833333333333333,0.5416666666666666,0.0,1.3088512442483684,15,-4.490459702345918,1.0
16,0.0833333333333333,0.5416666666666666,0.0,1.3088512442483684,16,-4.431455602893616,1.0
16,0.0833333333333333,0.5416666666666666,0.0,1.3088512442483684,17,-3.520796777951004,1.0
16,0.0833333333333333,0.5416666666666666,0.0,1.3088512442483684,18,-3.425517789984763,1.0
16,0.0833333333333333,0.5416666666666666,0.0,1.3088512442483684,19,-0.8190793230766102,0.0
16,0.0833333333333333,0.5416666666666666,0.0,1.3088512442483684,20,-0.7733496001961819,0.0
16,0.0833333333333333,0.5416666666666666,0.0,1.3088512442483684,21,-0.3305750523963729,0.0
16,0.0833333333333333,0.5416666666666666,0.0,1.3088512442483684,22,-0.2254876696461186,0.0
16,0.0833333333333333,0.5416666666666666,0.0,1.3088512442483684,23,0.7850419514286469,0.0
16,0.0833333333333333,0.5416666666666666,0.0,1.3088512442483684,24,0.794906172111326,0.0
16,0.0833333333333333,0.5416666666666666,0.0,1.3088512442483684,25,0.9473506487178498,0.0
16,0.0833333333333333,0.5416666666666666,0.0,1.3088512442483684,26,0.9495349330788294,0.0
16,0.0833333333333333,0.5416666666666666,0.0,1.3088512442483684,27,3.1997595812322537,0.0
16,0.0833333333333333,0.5416666666666666,0.0,1.3088512442483684,28,3.2142823258463267,0.0
16,0.0833333333333333,0.5416666666666666,0.0,1.3088512442483684,29,5.354398649053765,0.0
16,0.0833333333333333,0.5416666666666666,0.0,1.3088512442483684,30,5.355306281527554,0.0
16,0.0833333333333333,0.5416666666666666,0.0,1.3088512442483684,31,5.4576948345515195,0.0
16,0.0833333333333333,0.5416666666666666,0.0,1.3088512442483684,32,5.467016012649177,0.0
16,0.0833333333333333,0.5416666666666666,0.0,1.3088512442483684,33,5.922898450865011,0.0
16,0.0833333333333333,0.5416666666666666,0.0,1.3088512442483684,34,5.92510442056731,0.0
16,0.0833333333333333,0.5416666666666666,0.0,1.3088512442483684,35,6.785000758728428,0.0
16,0.0833333333333333,0.5416666666666666,0.0,1.3088512442483684,36,6.812064416108642,0.0
16,0.0833333333333333,0.5416666666666666,0.0,1.3088512442483684,37,7.275090125314053,0.0
16,0.0833333333333333,0.5416666666666666,0.0,1.3088512442483684,38,7.275793842975537,0.0
16,0.0833333333333333,0.5416666666666666,0.0,1.3088512442483684,39,7.504515782949859,0.0
16,0.0833333333333333,0.5416666666666666,0.0,1.3088512442483684,40,7.5525794006248255,0.0
16,0.0833333333333333,0.5416666666666666,0.0,1.3088512442483684,41,7.80435560216972,0.0
16,0.0833333333333333,0.5416666666666666,0.0,1.3088512442483684,42,7.805751307293795,0.0
16,0.0833333333333333,0.5416666666666666,0.0,1.3088512442483684,43,8.013982075369528,0.0
16,0.0833333333333333,0.5416666666666666,0.0,1.3088512442483684,44,8.014677438770198,0.0
16,0.0833333333333333,0.5416666666666666,0.0,1.3088512442483684,45,8.200632128671964,0.0
16,0.0833333333333333,0.5416666666666666,0.0,1.3088512442483684,46,8.201677071900177,0.0
16,0.0833333333333333,0.5416666666666666,0.0,1.3088512442483684,47,8.263961473479993,0.0
16,0.0833333333333333,0.5416666666666666,0.0,1.3088512442483684,48,8.269434669148678,0.0
16,0.0833333333333333,0.5416666666666666,0.0,1.3088512442483684,49,8.646565385668081,0.0
16,0.0833333333333333,0.5416666666666666,0.0,1.3088512442483684,50,8.646699263127564,0.0
16,0.0833333333333333,0.5416666666666666,0.0,1.3088512442483684,51,8.73591366359423,0.0
16,0.0833333333333333,0.5416666666666666,0.0,1.3088512442483684,52,8.757115099231159,0.0
16,0.0833333333333333,0.5416666666666666,0.0,1.3088512442483684,53,9.373315457563224,0.0
16,0.0833333333333333,0.5416666666666666,0.0,1.3088512442483684,54,9.373616180771185,0.0
16,0.0833333333333333,0.5416666666666666,0.0,1.3088512442483684,55,9.64186043532587,0.0
16,0.0833333333333333,0.5416666666666666,0.0,1.3088512442483684,56,9.645516691575436,0.0
16,0.0833333333333333,0.5416666666666666,0.0,1.3088512442483684,57,10.074535285546684,0.0
16,0.0833333333333333,0.5416666666666666,0.0,1.3088512442483684,58,10.09361069185036,0.0
16,0.0833333333333333,0.5416666666666666,0.0,1.3088512442483684,59,10.308833069824137,0.0
16,0.0833333333333333,0.5416666666666666,0.0,1.3088512442483684,60,10.308910972281177,0.0
17,0.1111111111111111,0.5555555555555556,0.0,1.363880578816477,1,-15.16585438624398,1.0
17,0.1111111111111111,0.5555555555555556,0.0,1.363880578816477,2,-15.15068955443378,1.0
17,0.1111111111111111,0.5555555555555556,0.0,1.363880578816477,3,-14.998808144150969,1.0
17,0.1111111111111111,0.5555555555555556,0.0,1.363880578816477,4,-14.997069146727013,1.0
17,0.1111111111111111,0.5555555555555556,0.0,1.363880578816477,5,-8.595863907259455,1.0
17,0.1111111111111111,0.5555555555555556,0.0,1.363880578816477,6,-8.5836355674651,1.0
17,0.1111111111111111,0.5555555555555556,0.0,1.363880578816477,7,-7.957348599614432,1.0
17,0.1111111111111111,0.5555555555555556,0.0,1.363880578816477,8,-7.951996222670001,1.0
17,0.1111111111111111,0.5555555555555556,0.0,1.363880578816477,9,-7.013125449397071,1.0
17,0.1111111111111111,0.5555555555555556,0.0,1.363880578816477,10,-7.008267100542412,1.0
17,0.1111111111111111,0.5555555555555556,0.0,1.363880578816477,11,-6.151605035870881,1.0
17,0.1111111111111111,0.5555555555555556,0.0,1.363880578816477,12,-6.141075608859243,1.0
17,0.1111111111111111,0.5555555555555556,0.0,1.363880578816477,13,-5.016856281761445,1.0
17,0.1111111111111111,0.5555555555555556,0.0,1.363880578816477,14,-5.0109719623679005,1.0
17,0.1111111111111111,0.5555555555555556,0.0,1.363880578816477,15,-4.767704416900839,1.0
17,0.1111111111111111,0.5555555555555556,0.0,1.363880578816477,16,-4.7146964290315765,1.0
17,0.1111111111111111,0.5555555555555556,0.0,1.363880578816477,17,-3.467712510332613,1.0
17,0.1111111111111111,0.5555555555555556,0.0,1.363880578816477,18,-3.3664128175378236,1.0
17,0.1111111111111111,0.5555555555555556,0.0,1.363880578816477,19,-0.8355805687596,0.0
17,0.1111111111111111,0.5555555555555556,0.0,1.363880578816477,20,-0.7833566224033733,0.0
17,0.1111111111111111,0.5555555555555556,0.0,1.363880578816477,21,-0.2905723045700449,0.0
17,0.1111111111111111,0.5555555555555556,0.0,1.363880578816477,22,-0.16279549509167007,0.0
17,0.1111111111111111,0.5555555555555556,0.0,1.363880578816477,23,0.6203371289435816,0.0
17,0.1111111111111111,0.5555555555555556,0.0,1.363880578816477,24,0.6319060263607127,0.0
17,0.1111111111111111,0.5555555555555556,0.0,1.363880578816477,25,1.027704421190177,0.0
17,0.1111111111111111,0.5555555555555556,0.0,1.363880578816477,26,1.056449484188148,0.0
17,0.1111111111111111,0.5555555555555556,0.0,1.363880578816477,27,3.272139849341727,0.0
17,0.1111111111111111,0.5555555555555556,0.0,1.363880578816477,28,3.2909505720703516,0.0
17,0.1111111111111111,0.5555555555555556,0.0,1.363880578816477,29,5.648082085593755,0.0
17,0.1111111111111111,0.5555555555555556,0.0,1.363880578816477,30,5.669250470755793,0.0
17,0.1111111111111111,0.5555555555555556,0.0,1.363880578816477,31,5.723031897544365,0.0
17,0.1111111111111111,0.5555555555555556,0.0,1.363880578816477,32,5.735826708207254,0.0
17,0.1111111111111111,0.5555555555555556,0.0,1.363880578816477,33,5.970868468978011,0.0
17,0.1111111111111111,0.5555555555555556,0.0,1.363880578816477,34,5.974131942121046,0.0
17,0.1111111111111111,0.5555555555555556,0.0,1.363880578816477,35,6.798498093998301,0.0
17,0.1111111111111111,0.5555555555555556,0.0,1.363880578816477,36,6.852153459036572,0.0
17,0.1111111111111111,0.5555555555555556,0.0,1.363880578816477,37,7.3310070401414045,0.0
17,0.1111111111111111,0.5555555555555556,0.0,1.363880578816477,38,7.33719934759111,0.0
17,0.1111111111111111,0.5555555555555556,0.0,1.363880578816477,39,7.3417170281926865,0.0
17,0.1111111111111111,0.5555555555555556,0.0,1.363880578816477,40,7.363279761471807,0.0
17,0.1111111111111111,0.5555555555555556,0.0,1.363880578816477,41,7.846833694005721,0.0
17,0.1111111111111111,0.5555555555555556,0.0,1.363880578816477,42,7.852541646303392,0.0
17,0.1111111111111111,0.5555555555555556,0.0,1.363880578816477,43,8.072708578261791,0.0
17,0.1111111111111111,0.5555555555555556,0.0,1.363880578816477,44,8.075471969461669,0.0
17,0.1111111111111111,0.5555555555555556,0.0,1.363880578816477,45,8.277728214842893,0.0
17,0.1111111111111111,0.5555555555555556,0.0,1.363880578816477,46,8.278586629100532,0.0
17,0.1111111111111111,0.5555555555555556,0.0,1.363880578816477,47,8.334177556231799,0.0
17,0.1111111111111111,0.5555555555555556,0.0,1.363880578816477,48,8.338612189734382,0.0
17,0.1111111111111111,0.5555555555555556,0.0,1.363880578816477,49,8.71709568701766,0.0
17,0.1111111111111111,0.5555555555555556,0.0,1.363880578816477,50,8.717200477176503,0.0
17,0.1111111111111111,0.5555555555555556,0.0,1.363880578816477,51,8.81910876913055,0.0
17,0.1111111111111111,0.5555555555555556,0.0,1.363880578816477,52,8.837337229322804,0.0
17,0.1111111111111111,0.5555555555555556,0.0,1.363880578816477,53,9.445133675856553,0.0
17,0.1111111111111111,0.5555555555555556,0.0,1.363880578816477,54,9.445398872910085,0.0
17,0.1111111111111111,0.5555555555555556,0.0,1.363880578816477,55,9.70402240419213,0.0
17,0.1111111111111111,0.5555555555555556,0.0,1.363880578816477,56,9.707037857468906,0.0
17,0.1111111111111111,0.5555555555555556,0.0,1.363880578816477,57,10.182976891884321,0.0
17,0.1111111111111111,0.5555555555555556,0.0,1.363880578816477,58,10.203075593153306,0.0
17,0.1111111111111111,0.5555555555555556,0.0,1.363880578816477,59,10.347380361259136,0.0
17,0.1111111111111111,0.5555555555555556,0.0,1.363880578816477,60,10.347771511426027,0.0
18,0.1388888888888889,0.5694444444444444,0.0,1.4189099133845855,1,-15.138945046250722,1.0
18,0.1388888888888889,0.5694444444444444,0.0,1.4189099133845855,2,-15.120380803668922,1.0
18,0.1388888888888889,0.5694444444444444,0.0,1.4189099133845855,3,-14.9789883012118,1.0
18,0.1388888888888889,0.5694444444444444,0.0,1.4189099133845855,4,-14.976864963592643,1.0
18,0.1388888888888889,0.5694444444444444,0.0,1.4189099133845855,5,-8.501442944255068,1.0
18,0.1388888888888889,0.5694444444444444,0.0,1.4189099133845855,6,-8.48619029723746,1.0
18,0.1388888888888889,0.5694444444444444,0.0,1.4189099133845855,7,-8.011227476319352,1.0
18,0.1388888888888889,0.5694444444444444,0.0,1.4189099133845855,8,-8.004969909182453,1.0
18,0.1388888888888889,0.5694444444444444,0.0,1.4189099133845855,9,-6.983623610759296,1.0
18,0.1388888888888889,0.5694444444444444,0.0,1.4189099133845855,10,-6.978315621117788,1.0
18,0.1388888888888889,0.5694444444444444,0.0,1.4189099133845855,11,-6.166901150075897,1.0
18,0.1388888888888889,0.5694444444444444,0.0,1.4189099133845855,12,-6.152705875110011,1.0
18,0.1388888888888889,0.5694444444444444,0.0,1.4189099133845855,13,-5.087581247679936,1.0
18,0.1388888888888889,0.5694444444444444,0.0,1.4189099133845855,14,-5.047689901890363,1.0
18,0.1388888888888889,0.5694444444444444,0.0,1.4189099133845855,15,-4.9992748890893735,1.0
18,0.1388888888888889,0.5694444444444444,0.0,1.4189099133845855,16,-4.99561112304962,1.0
18,0.1388888888888889,0.5694444444444444,0.0,1.4189099133845855,17,-3.4228619177969968,1.0
18,0.1388888888888889,0.5694444444444444,0.0,1.4189099133845855,18,-3.315968073538108,1.0
18,0.1388888888888889,0.5694444444444444,0.0,1.4189099133845855,19,-0.8686506314462574,0.0
18,0.1388888888888889,0.5694444444444444,0.0,1.4189099133845855,20,-0.8177167986341435,0.0
18,0.1388888888888889,0.5694444444444444,0.0,1.4189099133845855,21,-0.22558958211453978,0.0
18,0.1388888888888889,0.5694444444444444,0.0,1.4189099133845855,22,-0.08487022958485797,0.0
18,0.1388888888888889,0.5694444444444444,0.0,1.4189099133845855,23,0.442232470850482,0.0
18,0.1388888888888889,0.5694444444444444,0.0,1.4189099133845855,24,0.46198633492756613,0.0
18,0.1388888888888889,0.5694444444444444,0.0,1.4189099133845855,25,1.1373785011816744,0.0
18,0.1388888888888889,0.5694444444444444,0.0,1.4189099133845855,26,1.179463700513586,0.0
18,0.1388888888888889,0.5694444444444444,0.0,1.4189099133845855,27,3.3596152629266225,0.0
18,0.1388888888888889,0.5694444444444444,0.0,1.4189099133845855,28,3.3827989587348224,0.0
18,0.1388888888888889,0.5694444444444444,0.0,1.4189099133845855,29,5.905868171015308,0.0
18,0.1388888888888889,0.5694444444444444,0.0,1.4189099133845855,30,5.910789001780546,0.0
18,0.1388888888888889,0.5694444444444444,0.0,1.4189099133845855,31,6.031978349288086,0.0
18,0.1388888888888889,0.5694444444444444,0.0,1.4189099133845855,32,6.038642098947538,0.0
18,0.1388888888888889,0.5694444444444444,0.0,1.4189099133845855,33,6.1054571957032024,0.0
18,0.1388888888888889,0.5694444444444444,0.0,1.4189099133845855,34,6.119211603182184,0.0
18,0.1388888888888889,0.5694444444444444,0.0,1.4189099133845855,35,6.629981052439829,0.0
18,0.1388888888888889,0.5694444444444444,0.0,1.4189099133845855,36,6.687207638584629,0.0
18,0.1388888888888889,0.5694444444444444,0.0,1.4189099133845855,37,7.369866983823113,0.0
18,0.1388888888888889,0.5694444444444444,0.0,1.4189099133845855,38,7.376726617738407,0.0
18,0.1388888888888889,0.5694444444444444,0.0,1.4189099133845855,39,7.416047766850894,0.0
18,0.1388888888888889,0.5694444444444444,0.0,1.4189099133845855,40,7.416163546481928,0.0
18,0.1388888888888889,0.5694444444444444,0.0,1.4189099133845855,41,7.942738972212333,0.0
18,0.1388888888888889,0.5694444444444444,0.0,1.4189099133845855,42,7.949056415427615,0.0
18,0.1388888888888889,0.5694444444444444,0.0,1.4189099133845855,43,8.169773566300105,0.0
18,0.1388888888888889,0.5694444444444444,0.0,1.4189099133845855,44,8.172230919716977,0.0
18,0.1388888888888889,0.5694444444444444,0.0,1.4189099133845855,45,8.376892705569468,0.0
18,0.1388888888888889,0.5694444444444444,0.0,1.4189099133845855,46,8.377604926706809,0.0
18,0.1388888888888889,0.5694444444444444,0.0,1.4189099133845855,47,8.42802099610391,0.0
18,0.1388888888888889,0.5694444444444444,0.0,1.4189099133845855,48,8.431990423360666,0.0
18,0.1388888888888889,0.5694444444444444,0.0,1.4189099133845855,49,8.806471580806726,0.0
18,0.1388888888888889,0.5694444444444444,0.0,1.4189099133845855,50,8.806497129306923,0.0
18,0.1388888888888889,0.5694444444444444,0.0,1.4189099133845855,51,8.913075405029598,0.0
18,0.1388888888888889,0.5694444444444444,0.0,1.4189099133845855,52,8.929624805896186,0.0
18,0.1388888888888889,0.5694444444444444,0.0,1.4189099133845855,53,9.534893775151225,0.0
18,0.1388888888888889,0.5694444444444444,0.0,1.4189099133845855,54,9.535021488481672,0.0
18,0.1388888888888889,0.5694444444444444,0.0,1.4189099133845855,55,9.773867628617516,0.0
18,0.1388888888888889,0.5694444444444444,0.0,1.4189099133845855,56,9.776571947293885,0.0
18,0.1388888888888889,0.5694444444444444,0.0,1.4189099133845855,57,10.297892193791704,0.0
18,0.1388888888888889,0.5694444444444444,0.0,1.4189099133845855,58,10.318053317317503,0.0
18,0.1388888888888889,0.5694444444444444,0.0,1.4189099133845855,59,10.373273883608544,0.0
18,0.1388888888888889,0.5694444444444444,0.0,1.4189099133845855,60,10.375273174038217,0.0
19,0.1666666666666667,0.5833333333333333,0.0,1.473939247952694,1,-15.108493328039383,1.0
19,0.1666666666666667,0.5833333333333333,0.0,1.473939247952694,2,-15.08679775745983,1.0
19,0.1666666666666667,0.5833333333333333,0.0,1.473939247952694,3,-14.956973578811448,1.0
19,0.1666666666666667,0.5833333333333333,0.0,1.473939247952694,4,-14.954501932265366,1.0
19,0.1666666666666667,0.5833333333333333,0.0,1.473939247952694,5,-8.388840730660249,1.0
19,0.1666666666666667,0.5833333333333333,0.0,1.473939247952694,6,-8.370558164653263,1.0
19,0.1666666666666667,0.5833333333333333,0.0,1.473939247952694,7,-8.073495583691619,1.0
19,0.1666666666666667,0.5833333333333333,0.0,1.473939247952694,8,-8.066662982359258,1.0
19,0.1666666666666667,0.5833333333333333,0.0,1.473939247952694,9,-6.952330413739443,1.0
19,0.1666666666666667,0.5833333333333333,0.0,1.473939247952694,10,-6.947255892879408,1.0
19,0.1666666666666667,0.5833333333333333,0.0,1.473939247952694,11,-6.168496605115273,1.0
19,0.1666666666666667,0.5833333333333333,0.0,1.473939247952694,12,-6.150537864255618,1.0
19,0.1666666666666667,0.5833333333333333,0.0,1.473939247952694,13,-5.3862665137366985,1.0
19,0.1666666666666667,0.5833333333333333,0.0,1.473939247952694,14,-5.340000897078122,1.0
19,0.1666666666666667,0.5833333333333333,0.0,1.473939247952694,15,-5.0380579237868,1.0
19,0.1666666666666667,0.5833333333333333,0.0,1.473939247952694,16,-5.032686806483694,1.0
19,0.1666666666666667,0.5833333333333333,0.0,1.473939247952694,17,-3.3791174800813555,1.0
19,0.1666666666666667,0.5833333333333333,0.0,1.473939247952694,18,-3.2666146188596508,1.0
19,0.1666666666666667,0.5833333333333333,0.0,1.473939247952694,19,-0.9195664238598953,0.0
19,0.1666666666666667,0.5833333333333333,0.0,1.473939247952694,20,-0.875198047354012,0.0
19,0.1666666666666667,0.5833333333333333,0.0,1.473939247952694,21,-0.14214176391860456,0.0
19,0.1666666666666667,0.5833333333333333,0.0,1.473939247952694,22,0.004582952102794231,0.0
19,0.1666666666666667,0.5833333333333333,0.0,1.473939247952694,23,0.27606487840124294,0.0
19,0.1666666666666667,0.5833333333333333,0.0,1.473939247952694,24,0.30111706995651505,0.0
19,0.1666666666666667,0.5833333333333333,0.0,1.473939247952694,25,1.2572084190794333,0.0
19,0.1666666666666667,0.5833333333333333,0.0,1.473939247952694,26,1.309498855456555,0.0
19,0.1666666666666667,0.5833333333333333,0.0,1.473939247952694,27,3.460451323790715,0.0
19,0.1666666666666667,0.5833333333333333,0.0,1.473939247952694,28,3.488486108415518,0.0
19,0.1666666666666667,0.5833333333333333,0.0,1.473939247952694,29,5.999436258573374,0.0
19,0.1666666666666667,0.5833333333333333,0.0,1.473939247952694,30,6.070279971595085,0.0
19,0.1666666666666667,0.5833333333333333,0.0,1.473939247952694,31,6.103930454820635,0.0
19,0.1666666666666667,0.5833333333333333,0.0,1.473939247952694,32,6.117348714404592,0.0
19,0.1666666666666667,0.5833333333333333,0.0,1.473939247952694,33,6.449035927518185,0.0
19,0.1666666666666667,0.5833333333333333,0.0,1.473939247952694,34,6.459145188765287,0.0
19,0.1666666666666667,0.5833333333333333,0.0,1.473939247952694,35,6.551770386725471,0.0
19,0.1666666666666667,0.5833333333333333,0.0,1.473939247952694,36,6.5594274113218205,0.0
19,0.1666666666666667,0.5833333333333333,0.0,1.473939247952694,37,7.5075824839225636,0.0
19,0.1666666666666667,0.5833333333333333,0.0,1.473939247952694,38,7.50859857644385,0.0
19,0.1666666666666667,0.5833333333333333,0.0,1.473939247952694,39,7.57734097896471,0.0
19,0.1666666666666667,0.5833333333333333,0.0,1.473939247952694,40,7.584055845177563,0.0
19,0.1666666666666667,0.5833333333333333,0.0,1.473939247952694,41,8.074414967099393,0.0
19,0.1666666666666667,0.5833333333333333,0.0,1.473939247952694,42,8.081684338869666,0.0
19,0.1666666666666667,0.5833333333333333,0.0,1.473939247952694,43,8.293320495424654,0.0
19,0.1666666666666667,0.5833333333333333,0.0,1.473939247952694,44,8.295429238138514,0.0
19,0.1666666666666667,0.5833333333333333,0.0,1.473939247952694,45,8.497788593158042,0.0
19,0.1666666666666667,0.5833333333333333,0.0,1.473939247952694,46,8.498281625647705,0.0
19,0.1666666666666667,0.5833333333333333,0.0,1.473939247952694,47,8.541933367177162,0.0
19,0.1666666666666667,0.5833333333333333,0.0,1.473939247952694,48,8.54605941514784,0.0
19,0.1666666666666667,0.5833333333333333,0.0,1.473939247952694,49,8.912830029815897,0.0
19,0.1666666666666667,0.5833333333333333,0.0,1.473939247952694,50,8.913175296407124,0.0
19,0.1666666666666667,0.5833333333333333,0.0,1.473939247952694,51,9.017939978227277,0.0
19,0.1666666666666667,0.5833333333333333,0.0,1.473939247952694,52,9.033867787767763,0.0
19,0.1666666666666667,0.5833333333333333,0.0,1.473939247952694,53,9.635807486325552,0.0
19,0.1666666666666667,0.5833333333333333,0.0,1.473939247952694,54,9.635927448354355,0.0
19,0.1666666666666667,0.5833333333333333,0.0,1.473939247952694,55,9.847938385062271,0.0
19,0.1666666666666667,0.5833333333333333,0.0,1.473939247952694,56,9.850690963585752,0.0
19,0.1666666666666667,0.5833333333333333,0.0,1.473939247952694,57,10.332435657027702,0.0
19,0.1666666666666667,0.5833333333333333,0.0,1.473939247952694,58,10.340550037422156,0.0
19,0.1666666666666667,0.5833333333333333,0.0,1.473939247952694,59,10.421845531236036,0.0
19,0.1666666666666667,0.5833333333333333,0.0,1.473939247952694,60,10.440427536635465,0.0
20,0.1944444444444444,0.5972222222222222,0.0,1.5289685825208024,1,-15.07625366224399,1.0
20,0.1944444444444444,0.5972222222222222,0.0,1.5289685825208024,2,-15.051755350112787,1.0
20,0.1944444444444444,0.5972222222222222,0.0,1.5289685825208024,3,-14.93407421298399,1.0
20,0.1944444444444444,0.5972222222222222,0.0,1.5289685825208024,4,-14.931298880099263,1.0
20,0.1944444444444444,0.5972222222222222,0.0,1.5289685825208024,5,-8.26036903163659,1.0
20,0.1944444444444444,0.5972222222222222,0.0,1.5289685825208024,6,-8.238901515818291,1.0
20,0.1944444444444444,0.5972222222222222,0.0,1.5289685825208024,7,-8.139843054481643,1.0
20,0.1944444444444444,0.5972222222222222,0.0,1.5289685825208024,8,-8.132912303608723,1.0
20,0.1944444444444444,0.5972222222222222,0.0,1.5289685825208024,9,-6.922455729713651,1.0
20,0.1944444444444444,0.5972222222222222,0.0,1.5289685825208024,10,-6.918715451647104,1.0
20,0.1944444444444444,0.5972222222222222,0.0,1.5289685825208024,11,-6.154654151860437,1.0
20,0.1944444444444444,0.5972222222222222,0.0,1.5289685825208024,12,-6.133272077772835,1.0
20,0.1944444444444444,0.5972222222222222,0.0,1.5289685825208024,13,-5.693997509716979,1.0
20,0.1944444444444444,0.5972222222222222,0.0,1.5289685825208024,14,-5.654414249617622,1.0
20,0.1944444444444444,0.5972222222222222,0.0,1.5289685825208024,15,-5.071960254694686,1.0
20,0.1944444444444444,0.5972222222222222,0.0,1.5289685825208024,16,-5.070527139640226,1.0
20,0.1944444444444444,0.5972222222222222,0.0,1.5289685825208024,17,-3.3315335545859464,1.0
20,0.1944444444444444,0.5972222222222222,0.0,1.5289685825208024,18,-3.213058303807032,1.0
20,0.1944444444444444,0.5972222222222222,0.0,1.5289685825208024,19,-0.9859446546506638,0.0
20,0.1944444444444444,0.5972222222222222,0.0,1.5289685825208024,20,-0.9505556951025895,0.0
20,0.1944444444444444,0.5972222222222222,0.0,1.5289685825208024,21,-0.052113788935007656,0.0
20,0.1944444444444444,0.5972222222222222,0.0,1.5289685825208024,22,0.0854725702459456,0.0
20,0.1944444444444444,0.5972222222222222,0.0,1.5289685825208024,23,0.14646045036439992,0.0
20,0.1944444444444444,0.5972222222222222,0.0,1.5289685825208024,24,0.1640076332822078,0.0
20,0.1944444444444444,0.5972222222222222,0.0,1.5289685825208024,25,1.3766557414599376,0.0
20,0.1944444444444444,0.5972222222222222,0.0,1.5289685825208024,26,1.4374103786188812,0.0
20,0.1944444444444444,0.5972222222222222,0.0,1.5289685825208024,27,3.573438038753216,0.0
20,0.1944444444444444,0.5972222222222222,0.0,1.5289685825208024,28,3.607231062773847,0.0
20,0.1944444444444444,0.5972222222222222,0.0,1.5289685825208024,29,5.766396729219274,0.0
20,0.1944444444444444,0.5972222222222222,0.0,1.5289685825208024,30,5.860316155936204,0.0
20,0.1944444444444444,0.5972222222222222,0.0,1.5289685825208024,31,6.188890818727859,0.0
20,0.1944444444444444,0.5972222222222222,0.0,1.5289685825208024,32,6.197103780366784,0.0
20,0.1944444444444444,0.5972222222222222,0.0,1.5289685825208024,33,6.563646422234337,0.0
20,0.1944444444444444,0.5972222222222222,0.0,1.5289685825208024,34,6.610557472538276,0.0
20,0.1944444444444444,0.5972222222222222,0.0,1.5289685825208024,35,6.989631963351956,0.0
20,0.1944444444444444,0.5972222222222222,0.0,1.5289685825208024,36,7.00058135041807,0.0
20,0.1944444444444444,0.5972222222222222,0.0,1.5289685825208024,37,7.61651586497878,0.0
20,0.1944444444444444,0.5972222222222222,0.0,1.5289685825208024,38,7.616645109627115,0.0
20,0.1944444444444444,0.5972222222222222,0.0,1.5289685825208024,39,7.845591036222207,0.0
20,0.1944444444444444,0.5972222222222222,0.0,1.5289685825208024,40,7.855438825493517,0.0
20,0.1944444444444444,0.5972222222222222,0.0,1.5289685825208024,41,8.249155743088021,0.0
20,0.1944444444444444,0.5972222222222222,0.0,1.5289685825208024,42,8.258348413052037,0.0
20,0.1944444444444444,0.5972222222222222,0.0,1.5289685825208024,43,8.440766452251118,0.0
20,0.1944444444444444,0.5972222222222222,0.0,1.5289685825208024,44,8.442731117409977,0.0
20,0.1944444444444444,0.5972222222222222,0.0,1.5289685825208024,45,8.639031179211509,0.0
20,0.1944444444444444,0.5972222222222222,0.0,1.5289685825208024,46,8.63906584354143,0.0
20,0.1944444444444444,0.5972222222222222,0.0,1.5289685825208024,47,8.672256881698178,0.0
20,0.1944444444444444,0.5972222222222222,0.0,1.5289685825208024,48,8.677393296773317,0.0
20,0.1944444444444444,0.5972222222222222,0.0,1.5289685825208024,49,9.032374522543225,0.0
20,0.1944444444444444,0.5972222222222222,0.0,1.5289685825208024,50,9.033446228647424,0.0
20,0.1944444444444444,0.5972222222222222,0.0,1.5289685825208024,51,9.131771632635093,0.0
20,0.1944444444444444,0.5972222222222222,0.0,1.5289685825208024,52,9.147908587979359,0.0
20,0.1944444444444444,0.5972222222222222,0.0,1.5289685825208024,53,9.719767629263483,0.0
20,0.1944444444444444,0.5972222222222222,0.0,1.5289685825208024,54,9.719974992025406,0.0
20,0.1944444444444444,0.5972222222222222,0.0,1.5289685825208024,55,9.922448885989265,0.0
20,0.1944444444444444,0.5972222222222222,0.0,1.5289685825208024,56,9.925379828702965,0.0
20,0.1944444444444444,0.5972222222222222,0.0,1.5289685825208024,57,10.19539208774259,0.0
20,0.1944444444444444,0.5972222222222222,0.0,1.5289685825208024,58,10.208091732748901,0.0
20,0.1944444444444444,0.5972222222222222,0.0,1.5289685825208024,59,10.553943507553686,0.0
20,0.1944444444444444,0.5972222222222222,0.0,1.5289685825208024,60,10.571712336042243,0.0
21,0.2222222222222222,0.611111111111111,0.0,1.583997917088911,1,-15.044253223132014,1.0
21,0.2222222222222222,0.611111111111111,0.0,1.583997917088911,2,-15.01734280509187,1.0
21,0.2222222222222222,0.611111111111111,0.0,1.583997917088911,3,-14.911783501961162,1.0
21,0.2222222222222222,0.611111111111111,0.0,1.583997917088911,4,-14.908757456514003,1.0
21,0.2222222222222222,0.611111111111111,0.0,1.583997917088911,5,-8.207870756739146,1.0
21,0.2222222222222222,0.611111111111111,0.0,1.583997917088911,6,-8.199805388168263,1.0
21,0.2222222222222222,0.611111111111111,0.0,1.583997917088911,7,-8.116061983600334,1.0
21,0.2222222222222222,0.611111111111111,0.0,1.583997917088911,8,-8.092701500210511,1.0
21,0.2222222222222222,0.611111111111111,0.0,1.583997917088911,9,-6.898937271852876,1.0
21,0.2222222222222222,0.611111111111111,0.0,1.583997917088911,10,-6.898489533009457,1.0
21,0.2222222222222222,0.611111111111111,0.0,1.583997917088911,11,-6.12647049265548,1.0
21,0.2222222222222222,0.611111111111111,0.0,1.583997917088911,12,-6.106931021390578,1.0
21,0.2222222222222222,0.611111111111111,0.0,1.583997917088911,13,-5.98291661497033,1.0
21,0.2222222222222222,0.611111111111111,0.0,1.583997917088911,14,-5.957101702277123,1.0
21,0.2222222222222222,0.611111111111111,0.0,1.583997917088911,15,-5.121133205118658,1.0
21,0.2222222222222222,0.611111111111111,0.0,1.583997917088911,16,-5.117700995724094,1.0
21,0.2222222222222222,0.611111111111111,0.0,1.583997917088911,17,-3.278257653385174,1.0
21,0.2222222222222222,0.611111111111111,0.0,1.583997917088911,18,-3.153224928256028,1.0
21,0.2222222222222222,0.611111111111111,0.0,1.583997917088911,19,-1.0625316289660223,0.0
21,0.2222222222222222,0.611111111111111,0.0,1.583997917088911,20,-1.036906097252709,0.0
21,0.2222222222222222,0.611111111111111,0.0,1.583997917088911,21,-0.004733389727968912,0.0
21,0.2222222222222222,0.611111111111111,0.0,1.583997917088911,22,0.0012979389827715761,0.0
21,0.2222222222222222,0.611111111111111,0.0,1.583997917088911,23,0.09774339546751051,0.0
21,0.2222222222222222,0.611111111111111,0.0,1.583997917088911,24,0.20937730203323063,0.0
21,0.2222222222222222,0.611111111111111,0.0,1.583997917088911,25,1.4865482729584873,0.0
21,0.2222222222222222,0.611111111111111,0.0,1.583997917088911,26,1.5543325497408795,0.0
21,0.2222222222222222,0.611111111111111,0.0,1.583997917088911,27,3.6971317041819725,0.0
21,0.2222222222222222,0.611111111111111,0.0,1.583997917088911,28,3.7381026042225636,0.0
21,0.2222222222222222,0.611111111111111,0.0,1.583997917088911,29,5.4363795922931395,0.0
21,0.2222222222222222,0.611111111111111,0.0,1.583997917088911,30,5.519477566475151,0.0
21,0.2222222222222222,0.611111111111111,0.0,1.583997917088911,31,6.283108020677425,0.0
21,0.2222222222222222,0.611111111111111,0.0,1.583997917088911,32,6.290422660649355,0.0
21,0.2222222222222222,0.611111111111111,0.0,1.583997917088911,33,6.791595474356942,0.0
21,0.2222222222222222,0.611111111111111,0.0,1.583997917088911,34,6.834416247232257,0.0
21,0.2222222222222222,0.611111111111111,0.0,1.583997917088911,35,7.430909555935946,0.0
21,0.2222222222222222,0.611111111111111,0.0,1.583997917088911,36,7.442699631619973,0.0
21,0.2222222222222222,0.611111111111111,0.0,1.583997917088911,37,7.746150509217328,0.0
21,0.2222222222222222,0.611111111111111,0.0,1.583997917088911,38,7.7476197342429405,0.0
21,0.2222222222222222,0.611111111111111,0.0,1.583997917088911,39,8.108331006082757,0.0
21,0.2222222222222222,0.611111111111111,0.0,1.583997917088911,40,8.1194765620232,0.0
21,0.2222222222222222,0.611111111111111,0.0,1.583997917088911,41,8.484277043379922,0.0
21,0.2222222222222222,0.611111111111111,0.0,1.583997917088911,42,8.494557170834316,0.0
21,0.2222222222222222,0.611111111111111,0.0,1.583997917088911,43,8.610831714286123,0.0
21,0.2222222222222222,0.611111111111111,0.0,1.583997917088911,44,8.613460633340244,0.0
21,0.2222222222222222,0.611111111111111,0.0,1.583997917088911,45,8.793652041421716,0.0
21,0.2222222222222222,0.611111111111111,0.0,1.583997917088911,46,8.794837099565271,0.0
21,0.2222222222222222,0.611111111111111,0.0,1.583997917088911,47,8.811930257522095,0.0
21,0.2222222222222222,0.611111111111111,0.0,1.583997917088911,48,8.81935234935933,0.0
21,0.2222222222222222,0.611111111111111,0.0,1.583997917088911,49,9.153381621924732,0.0
21,0.2222222222222222,0.611111111111111,0.0,1.583997917088911,50,9.156222068196401,0.0
21,0.2222222222222222,0.611111111111111,0.0,1.583997917088911,51,9.255473900715295,0.0
21,0.2222222222222222,0.611111111111111,0.0,1.583997917088911,52,9.272081587309348,0.0
21,0.2222222222222222,0.611111111111111,0.0,1.583997917088911,53,9.689452607295248,0.0
21,0.2222222222222222,0.611111111111111,0.0,1.583997917088911,54,9.693518819880602,0.0
21,0.2222222222222222,0.611111111111111,0.0,1.583997917088911,55,9.99723638424419,0.0
21,0.2222222222222222,0.611111111111111,0.0,1.583997917088911,56,9.999571563443121,0.0
21,0.2222222222222222,0.611111111111111,0.0,1.583997917088911,57,10.141714880607505,0.0
21,0.2222222222222222,0.611111111111111,0.0,1.583997917088911,58,10.150578155637664,0.0
21,0.2222222222222222,0.611111111111111,0.0,1.583997917088911,59,10.700911362037525,0.0
21,0.2222222222222222,0.611111111111111,0.0,1.583997917088911,60,10.717553582861273,0.0
22,0.25,0.625,0.0,1.6390272516570195,1,-15.014798459573122,1.0
22,0.25,0.625,0.0,1.6390272516570195,2,-14.985928253155528,1.0
22,0.25,0.625,0.0,1.6390272516570195,3,-14.891679785381609,1.0
22,0.25,0.625,0.0,1.6390272516570195,4,-14.888462586778502,1.0
22,0.25,0.625,0.0,1.6390272516570195,5,-8.267264340161926,1.0
22,0.25,0.625,0.0,1.6390272516570195,6,-8.259741060009976,1.0
22,0.25,0.625,0.0,1.6390272516570195,7,-7.964791938675061,1.0
22,0.25,0.625,0.0,1.6390272516570195,8,-7.937995367874608,1.0
22,0.25,0.625,0.0,1.6390272516570195,9,-6.89819512311408,1.0
22,0.25,0.625,0.0,1.6390272516570195,10,-6.891522151281128,1.0
22,0.25,0.625,0.0,1.6390272516570195,11,-6.2588980536866,1.0
22,0.25,0.625,0.0,1.6390272516570195,12,-6.22955512056912,1.0
22,0.25,0.625,0.0,1.6390272516570195,13,-6.087721882883331,1.0
22,0.25,0.625,0.0,1.6390272516570195,14,-6.048718560120699,1.0
22,0.25,0.625,0.0,1.6390272516570195,15,-5.181064736702792,1.0
22,0.25,0.625,0.0,1.6390272516570195,16,-5.171899966514179,1.0
22,0.25,0.625,0.0,1.6390272516570195,17,-3.22129264914658,1.0
22,0.25,0.625,0.0,1.6390272516570195,18,-3.0891692305888876,1.0
22,0.25,0.625,0.0,1.6390272516570195,19,-1.14149687302875,0.0
22,0.25,0.625,0.0,1.6390272516570195,20,-1.125606140878551,0.0
22,0.25,0.625,0.0,1.6390272516570195,21,-0.08805115344014036,0.0
22,0.25,0.625,0.0,1.6390272516570195,22,-0.0662058996580997,0.0
22,0.25,0.625,0.0,1.6390272516570195,23,0.1630472815242329,0.0
22,0.25,0.625,0.0,1.6390272516570195,24,0.30029912228652034,0.0
22,0.25,0.625,0.0,1.6390272516570195,25,1.5790346345336428,0.0
22,0.25,0.625,0.0,1.6390272516570195,26,1.652440668508,0.0
22,0.25,0.625,0.0,1.6390272516570195,27,3.8294964572483137,0.0
22,0.25,0.625,0.0,1.6390272516570195,28,3.8798966655810556,0.0
22,0.25,0.625,0.0,1.6390272516570195,29,5.112473369513861,0.0
22,0.25,0.625,0.0,1.6390272516570195,30,5.183726982503416,0.0
22,0.25,0.625,0.0,1.6390272516570195,31,6.380808039670665,0.0
22,0.25,0.625,0.0,1.6390272516570195,32,6.388099927974579,0.0
22,0.25,0.625,0.0,1.6390272516570195,33,7.018129115087373,0.0
22,0.25,0.625,0.0,1.6390272516570195,34,7.057194451801315,0.0
22,0.25,0.625,0.0,1.6390272516570195,35,7.758571853686824,0.0
22,0.25,0.625,0.0,1.6390272516570195,36,7.76455110369206,0.0
22,0.25,0.625,0.0,1.6390272516570195,37,7.98339997510363,0.0
22,0.25,0.625,0.0,1.6390272516570195,38,7.987186576157676,0.0
22,0.25,0.625,0.0,1.6390272516570195,39,8.32648068795077,0.0
22,0.25,0.625,0.0,1.6390272516570195,40,8.33588172083018,0.0
22,0.25,0.625,0.0,1.6390272516570195,41,8.749141194705807,0.0
22,0.25,0.625,0.0,1.6390272516570195,42,8.755788401883763,0.0
22,0.25,0.625,0.0,1.6390272516570195,43,8.799573548838517,0.0
22,0.25,0.625,0.0,1.6390272516570195,44,8.808943309701913,0.0
22,0.25,0.625,0.0,1.6390272516570195,45,8.933620249790991,0.0
22,0.25,0.625,0.0,1.6390272516570195,46,8.935654255139347,0.0
22,0.25,0.625,0.0,1.6390272516570195,47,8.955164287032598,0.0
22,0.25,0.625,0.0,1.6390272516570195,48,8.961689962003483,0.0
22,0.25,0.625,0.0,1.6390272516570195,49,9.241089455056553,0.0
22,0.25,0.625,0.0,1.6390272516570195,50,9.247461240869253,0.0
22,0.25,0.625,0.0,1.6390272516570195,51,9.405853018086429,0.0
22,0.25,0.625,0.0,1.6390272516570195,52,9.422236985032345,0.0
22,0.25,0.625,0.0,1.6390272516570195,53,9.603883508541369,0.0
22,0.25,0.625,0.0,1.6390272516570195,54,9.606640436319545,0.0
22,0.25,0.625,0.0,1.6390272516570195,55,10.079249704938409,0.0
22,0.25,0.625,0.0,1.6390272516570195,56,10.079308745597967,0.0
22,0.25,0.625,0.0,1.6390272516570195,57,10.255138397787832,0.0
22,0.25,0.625,0.0,1.6390272516570195,58,10.260269946523604,0.0
22,0.25,0.625,0.0,1.6390272516570195,59,10.821421275193082,0.0
22,0.25,0.625,0.0,1.6390272516570195,60,10.864650749246849,0.0
23,0.2777777777777778,0.6388888888888888,0.0,1.694056586225128,1,-14.990435631025743,1.0
23,0.2777777777777778,0.6388888888888888,0.0,1.694056586225128,2,-14.960115990259881,1.0
23,0.2777777777777778,0.6388888888888888,0.0,1.694056586225128,3,-14.875429245717187,1.0
23,0.2777777777777778,0.6388888888888888,0.0,1.694056586225128,4,-14.87208261175491,1.0
23,0.2777777777777778,0.6388888888888888,0.0,1.694056586225128,5,-8.31571673491224,1.0
23,0.2777777777777778,0.6388888888888888,0.0,1.694056586225128,6,-8.308414412504176,1.0
23,0.2777777777777778,0.6388888888888888,0.0,1.694056586225128,7,-7.811213619160659,1.0
23,0.2777777777777778,0.6388888888888888,0.0,1.694056586225128,8,-7.781269297677554,1.0
23,0.2777777777777778,0.6388888888888888,0.0,1.694056586225128,9,-6.9410465988205825,1.0
23,0.2777777777777778,0.6388888888888888,0.0,1.694056586225128,10,-6.92159785045698,1.0
23,0.2777777777777778,0.6388888888888888,0.0,1.694056586225128,11,-6.449324367418914,1.0
23,0.2777777777777778,0.6388888888888888,0.0,1.694056586225128,12,-6.438823071624633,1.0
23,0.2777777777777778,0.6388888888888888,0.0,1.694056586225128,13,-6.045348049534416,1.0
23,0.2777777777777778,0.6388888888888888,0.0,1.694056586225128,14,-6.00328348503472,1.0
23,0.2777777777777778,0.6388888888888888,0.0,1.694056586225128,15,-5.242658638983517,1.0
23,0.2777777777777778,0.6388888888888888,0.0,1.694056586225128,16,-5.22718357416996,1.0
23,0.2777777777777778,0.6388888888888888,0.0,1.694056586225128,17,-3.1670144120630077,1.0
23,0.2777777777777778,0.6388888888888888,0.0,1.694056586225128,18,-3.027853819503748,1.0
23,0.2777777777777778,0.6388888888888888,0.0,1.694056586225128,19,-1.2125606639128392,0.0
23,0.2777777777777778,0.6388888888888888,0.0,1.694056586225128,20,-1.205552531060896,0.0
23,0.2777777777777778,0.6388888888888888,0.0,1.694056586225128,21,-0.14935129911983686,0.0
23,0.2777777777777778,0.6388888888888888,0.0,1.694056586225128,22,-0.12190994634500113,0.0
23,0.2777777777777778,0.6388888888888888,0.0,1.694056586225128,23,0.23659654788332107,0.0
23,0.2777777777777778,0.6388888888888888,0.0,1.694056586225128,24,0.377724750059815,0.0
23,0.2777777777777778,0.6388888888888888,0.0,1.694056586225128,25,1.6480375404280516,0.0
23,0.2777777777777778,0.6388888888888888,0.0,1.694056586225128,26,1.725589773443453,0.0
23,0.2777777777777778,0.6388888888888888,0.0,1.694056586225128,27,3.9660515145432504,0.0
23,0.2777777777777778,0.6388888888888888,0.0,1.694056586225128,28,4.030057860394157,0.0
23,0.2777777777777778,0.6388888888888888,0.0,1.694056586225128,29,4.823445836491075,0.0
23,0.2777777777777778,0.6388888888888888,0.0,1.694056586225128,30,4.879891980118579,0.0
23,0.2777777777777778,0.6388888888888888,0.0,1.694056586225128,31,6.472790181356446,0.0
23,0.2777777777777778,0.6388888888888888,0.0,1.694056586225128,32,6.480152613810873,0.0
23,0.2777777777777778,0.6388888888888888,0.0,1.694056586225128,33,7.22258301264193,0.0
23,0.2777777777777778,0.6388888888888888,0.0,1.694056586225128,34,7.260035780128375,0.0
23,0.2777777777777778,0.6388888888888888,0.0,1.694056586225128,35,7.9050703996551785,0.0
23,0.2777777777777778,0.6388888888888888,0.0,1.694056586225128,36,7.905990973581295,0.0
23,0.2777777777777778,0.6388888888888888,0.0,1.694056586225128,37,8.349109950223317,0.0
23,0.2777777777777778,0.6388888888888888,0.0,1.694056586225128,38,8.3585400483807,0.0
23,0.2777777777777778,0.6388888888888888,0.0,1.694056586225128,39,8.500546424295925,0.0
23,0.2777777777777778,0.6388888888888888,0.0,1.694056586225128,40,8.505139194466672,0.0
23,0.2777777777777778,0.6388888888888888,0.0,1.694056586225128,41,8.900231564616199,0.0
23,0.2777777777777778,0.6388888888888888,0.0,1.694056586225128,42,8.910367306164215,0.0
23,0.2777777777777778,0.6388888888888888,0.0,1.694056586225128,43,8.951598800967535,0.0
23,0.2777777777777778,0.6388888888888888,0.0,1.694056586225128,44,8.953549089019766,0.0
23,0.2777777777777778,0.6388888888888888,0.0,1.694056586225128,45,9.010190570479681,0.0
23,0.2777777777777778,0.6388888888888888,0.0,1.694056586225128,46,9.01952673403143,0.0
23,0.2777777777777778,0.6388888888888888,0.0,1.694056586225128,47,9.142718034880316,0.0
23,0.2777777777777778,0.6388888888888888,0.0,1.694056586225128,48,9.146815352394155,0.0
23,0.2777777777777778,0.6388888888888888,0.0,1.694056586225128,49,9.340097041412847,0.0
23,0.2777777777777778,0.6388888888888888,0.0,1.694056586225128,50,9.344057263938415,0.0
23,0.2777777777777778,0.6388888888888888,0.0,1.694056586225128,51,9.612496131015897,0.0
23,0.2777777777777778,0.6388888888888888,0.0,1.694056586225128,52,9.628141807795108,0.0
23,0.2777777777777778,0.6388888888888888,0.0,1.694056586225128,53,9.669509438301628,0.0
23,0.2777777777777778,0.6388888888888888,0.0,1.694056586225128,54,9.669745747905163,0.0
23,0.2777777777777778,0.6388888888888888,0.0,1.694056586225128,55,10.16810466549207,0.0
23,0.2777777777777778,0.6388888888888888,0.0,1.694056586225128,56,10.171411738267743,0.0
23,0.2777777777777778,0.6388888888888888,0.0,1.694056586225128,57,10.391157067732701,0.0
23,0.2777777777777778,0.6388888888888888,0.0,1.694056586225128,58,10.424361908134776,0.0
23,0.2777777777777778,0.6388888888888888,0.0,1.694056586225128,59,10.429592273396915,0.0
23,0.2777777777777778,0.6388888888888888,0.0,1.694056586225128,60,10.500821283829932,0.0
24,0.3055555555555555,0.6527777777777777,0.0,1.7490859207932363,1,-14.973834458281267,1.0
24,0.3055555555555555,0.6527777777777777,0.0,1.7490859207932363,2,-14.942623315893496,1.0
24,0.3055555555555555,0.6527777777777777,0.0,1.7490859207932363,3,-14.864638274673279,1.0
24,0.3055555555555555,0.6527777777777777,0.0,1.7490859207932363,4,-14.861220607691322,1.0
24,0.3055555555555555,0.6527777777777777,0.0,1.7490859207932363,5,-8.34779163612643,1.0
24,0.3055555555555555,0.6527777777777777,0.0,1.7490859207932363,6,-8.340649997403396,1.0
24,0.3055555555555555,0.6527777777777777,0.0,1.7490859207932363,7,-7.675527450793693,1.0
24,0.3055555555555555,0.6527777777777777,0.0,1.7490859207932363,8,-7.642337370495734,1.0
24,0.3055555555555555,0.6527777777777777,0.0,1.7490859207932363,9,-7.034151177056137,1.0
24,0.3055555555555555,0.6527777777777777,0.0,1.7490859207932363,10,-7.0042469694480145,1.0
24,0.3055555555555555,0.6527777777777777,0.0,1.7490859207932363,11,-6.54674001122206,1.0
24,0.3055555555555555,0.6527777777777777,0.0,1.7490859207932363,12,-6.542893197680596,1.0
24,0.3055555555555555,0.6527777777777777,0.0,1.7490859207932363,13,-6.0100339984914894,1.0
24,0.3055555555555555,0.6527777777777777,0.0,1.7490859207932363,14,-5.96319304283783,1.0
24,0.3055555555555555,0.6527777777777777,0.0,1.7490859207932363,15,-5.292846864583701,1.0
24,0.3055555555555555,0.6527777777777777,0.0,1.7490859207932363,16,-5.27160045376531,1.0
24,0.3055555555555555,0.6527777777777777,0.0,1.7490859207932363,17,-3.1257932363261585,1.0
24,0.3055555555555555,0.6527777777777777,0.0,1.7490859207932363,18,-2.9810302642805375,1.0
24,0.3055555555555555,0.6527777777777777,0.0,1.7490859207932363,19,-1.263467196563028,0.0
24,0.3055555555555555,0.6527777777777777,0.0,1.7490859207932363,20,-1.2630828144409545,0.0
24,0.3055555555555555,0.6527777777777777,0.0,1.7490859207932363,21,-0.18347924259411122,0.0
24,0.3055555555555555,0.6527777777777777,0.0,1.7490859207932363,22,-0.15360247355198414,0.0
24,0.3055555555555555,0.6527777777777777,0.0,1.7490859207932363,23,0.28867894998628507,0.0
24,0.3055555555555555,0.6527777777777777,0.0,1.7490859207932363,24,0.4312512844381394,0.0
24,0.3055555555555555,0.6527777777777777,0.0,1.7490859207932363,25,1.6898824009602302,0.0
24,0.3055555555555555,0.6527777777777777,0.0,1.7490859207932363,26,1.7700045314998807,0.0
24,0.3055555555555555,0.6527777777777777,0.0,1.7490859207932363,27,4.092927036696119,0.0
24,0.3055555555555555,0.6527777777777777,0.0,1.7490859207932363,28,4.180397062648773,0.0
24,0.3055555555555555,0.6527777777777777,0.0,1.7490859207932363,29,4.597028947276086,0.0
24,0.3055555555555555,0.6527777777777777,0.0,1.7490859207932363,30,4.629478210037028,0.0
24,0.3055555555555555,0.6527777777777777,0.0,1.7490859207932363,31,6.543636946719492,0.0
24,0.3055555555555555,0.6527777777777777,0.0,1.7490859207932363,32,6.551040290659436,0.0
24,0.3055555555555555,0.6527777777777777,0.0,1.7490859207932363,33,7.380237538123514,0.0
24,0.3055555555555555,0.6527777777777777,0.0,1.7490859207932363,34,7.418223349190909,0.0
24,0.3055555555555555,0.6527777777777777,0.0,1.7490859207932363,35,7.992839747009273,0.0
24,0.3055555555555555,0.6527777777777777,0.0,1.7490859207932363,36,7.997973771684459,0.0
24,0.3055555555555555,0.6527777777777777,0.0,1.7490859207932363,37,8.602422861918495,0.0
24,0.3055555555555555,0.6527777777777777,0.0,1.7490859207932363,38,8.609089606869034,0.0
24,0.3055555555555555,0.6527777777777777,0.0,1.7490859207932363,39,8.6212038370472,0.0
24,0.3055555555555555,0.6527777777777777,0.0,1.7490859207932363,40,8.628068242435624,0.0
24,0.3055555555555555,0.6527777777777777,0.0,1.7490859207932363,41,8.901865088920587,0.0
24,0.3055555555555555,0.6527777777777777,0.0,1.7490859207932363,42,8.909396479150072,0.0
24,0.3055555555555555,0.6527777777777777,0.0,1.7490859207932363,43,8.949263360764924,0.0
24,0.3055555555555555,0.6527777777777777,0.0,1.7490859207932363,44,8.951740266500732,0.0
24,0.3055555555555555,0.6527777777777777,0.0,1.7490859207932363,45,9.241426056002894,0.0
24,0.3055555555555555,0.6527777777777777,0.0,1.7490859207932363,46,9.246532048555217,0.0
24,0.3055555555555555,0.6527777777777777,0.0,1.7490859207932363,47,9.365111516840155,0.0
24,0.3055555555555555,0.6527777777777777,0.0,1.7490859207932363,48,9.369669729554563,0.0
24,0.3055555555555555,0.6527777777777777,0.0,1.7490859207932363,49,9.516418034279237,0.0
24,0.3055555555555555,0.6527777777777777,0.0,1.7490859207932363,50,9.516808825483086,0.0
24,0.3055555555555555,0.6527777777777777,0.0,1.7490859207932363,51,9.8141299992267,0.0
24,0.3055555555555555,0.6527777777777777,0.0,1.7490859207932363,52,9.814949707258023,0.0
24,0.3055555555555555,0.6527777777777777,0.0,1.7490859207932363,53,9.843447069408054,0.0
24,0.3055555555555555,0.6527777777777777,0.0,1.7490859207932363,54,9.85885979315896,0.0
24,0.3055555555555555,0.6527777777777777,0.0,1.7490859207932363,55,10.030235806260507,0.0
24,0.3055555555555555,0.6527777777777777,0.0,1.7490859207932363,56,10.033206996128502,0.0
24,0.3055555555555555,0.6527777777777777,0.0,1.7490859207932363,57,10.10438674327196,0.0
24,0.3055555555555555,0.6527777777777777,0.0,1.7490859207932363,58,10.122472426589376,0.0
24,0.3055555555555555,0.6527777777777777,0.0,1.7490859207932363,59,10.25544261950224,0.0
24,0.3055555555555555,0.6527777777777777,0.0,1.7490859207932363,60,10.258415671630992,0.0
25,0.3333333333333333,0.6666666666666666,0.0,1.8041152553613449,1,-14.967712610810805,1.0
25,0.3333333333333333,0.6666666666666666,0.0,1.8041152553613449,2,-14.936199959733512,1.0
25,0.3333333333333333,0.6666666666666666,0.0,1.8041152553613449,3,-14.86075604576231,1.0
25,0.3333333333333333,0.6666666666666666,0.0,1.8041152553613449,4,-14.857317063399785,1.0
25,0.3333333333333333,0.6666666666666666,0.0,1.8041152553613449,5,-8.359261115886545,1.0
25,0.3333333333333333,0.6666666666666666,0.0,1.8041152553613449,6,-8.352182477177381,1.0
25,0.3333333333333333,0.6666666666666666,0.0,1.8041152553613449,7,-7.61249031051614,1.0
25,0.3333333333333333,0.6666666666666666,0.0,1.8041152553613449,8,-7.577238192410192,1.0
25,0.3333333333333333,0.6666666666666666,0.0,1.8041152553613449,9,-7.09349020975856,1.0
25,0.3333333333333333,0.6666666666666666,0.0,1.8041152553613449,10,-7.0621218949722415,1.0
25,0.3333333333333333,0.6666666666666666,0.0,1.8041152553613449,11,-6.571709223781628,1.0
25,0.3333333333333333,0.6666666666666666,0.0,1.8041152553613449,12,-6.564200545374069,1.0
25,0.3333333333333333,0.6666666666666666,0.0,1.8041152553613449,13,-5.995460330902469,1.0
25,0.3333333333333333,0.6666666666666666,0.0,1.8041152553613449,14,-5.94630740214442,1.0
25,0.3333333333333333,0.6666666666666666,0.0,1.8041152553613449,15,-5.313506164433109,1.0
25,0.3333333333333333,0.6666666666666666,0.0,1.8041152553613449,16,-5.289657260693833,1.0
25,0.3333333333333333,0.6666666666666666,0.0,1.8041152553613449,17,-3.1096975243582277,1.0
25,0.3333333333333333,0.6666666666666666,0.0,1.8041152553613449,18,-2.96269941870033,0.9999999999999927
25,0.3333333333333333,0.6666666666666666,0.0,1.8041152553613449,19,-1.284550366433126,0.0
25,0.3333333333333333,0.6666666666666666,0.0,1.8041152553613449,20,-1.282404354990919,0.0
25,0.3333333333333333,0.6666666666666666,0.0,1.8041152553613449,21,-0.1938226213981535,0.0
25,0.3333333333333333,0.6666666666666666,0.0,1.8041152553613449,22,-0.16316216276823678,0.0
25,0.3333333333333333,0.6666666666666666,0.0,1.8041152553613449,23,0.3079867224201206,0.0
25,0.3333333333333333,0.6666666666666666,0.0,1.8041152553613449,24,0.4510556692190256,0.0
25,0.3333333333333333,0.6666666666666666,0.0,1.8041152553613449,25,1.7036033227137537,0.0
25,0.3333333333333333,0.6666666666666666,0.0,1.8041152553613449,26,1.784608251466683,0.0
25,0.3333333333333333,0.6666666666666666,0.0,1.8041152553613449,27,4.155804829182953,0.0
25,0.3333333333333333,0.6666666666666666,0.0,1.8041152553613449,28,4.272674525750231,0.0
25,0.3333333333333333,0.6666666666666666,0.0,1.8041152553613449,29,4.498880901247729,0.0
25,0.3333333333333333,0.6666666666666666,0.0,1.8041152553613449,30,4.50178957081582,0.0
25,0.3333333333333333,0.6666666666666666,0.0,1.8041152553613449,31,6.57216726741955,0.0
25,0.3333333333333333,0.6666666666666666,0.0,1.8041152553613449,32,6.579593711903868,0.0
25,0.3333333333333333,0.6666666666666666,0.0,1.8041152553613449,33,7.445297407485299,0.0
25,0.3333333333333333,0.6666666666666666,0.0,1.8041152553613449,34,7.484351334385611,0.0
25,0.3333333333333333,0.6666666666666666,0.0,1.8041152553613449,35,8.026599683547932,0.0
25,0.3333333333333333,0.6666666666666666,0.0,1.8041152553613449,36,8.033986365581518,0.0
25,0.3333333333333333,0.6666666666666666,0.0,1.8041152553613449,37,8.62025874030754,0.0
25,0.3333333333333333,0.6666666666666666,0.0,1.8041152553613449,38,8.633650338277418,0.0
25,0.3333333333333333,0.6666666666666666,0.0,1.8041152553613449,39,8.668091944050678,0.0
25,0.3333333333333333,0.6666666666666666,0.0,1.8041152553613449,40,8.67030069525447,0.0
25,0.3333333333333333,0.6666666666666666,0.0,1.8041152553613449,41,8.941609799062503,0.0
25,0.3333333333333333,0.6666666666666666,0.0,1.8041152553613449,42,8.961378205717832,0.0
25,0.3333333333333333,0.6666666666666666,0.0,1.8041152553613449,43,8.968359930669378,0.0
25,0.3333333333333333,0.6666666666666666,0.0,1.8041152553613449,44,8.98299400773269,0.0
25,0.3333333333333333,0.6666666666666666,0.0,1.8041152553613449,45,9.444398983595983,0.0
25,0.3333333333333333,0.6666666666666666,0.0,1.8041152553613449,46,9.450238234304313,0.0
25,0.3333333333333333,0.6666666666666666,0.0,1.8041152553613449,47,9.552567657284934,0.0
25,0.3333333333333333,0.6666666666666666,0.0,1.8041152553613449,48,9.558079567416597,0.0
25,0.3333333333333333,0.6666666666666666,0.0,1.8041152553613449,49,9.601023530794956,0.0
25,0.3333333333333333,0.6666666666666666,0.0,1.8041152553613449,50,9.606372668772307,0.0
25,0.3333333333333333,0.6666666666666666,0.0,1.8041152553613449,51,9.60851193934703,0.0
25,0.3333333333333333,0.6666666666666666,0.0,1.8041152553613449,52,9.61070705824576,0.0
25,0.3333333333333333,0.6666666666666666,0.0,1.8041152553613449,53,9.902356566382695,0.0
25,0.3333333333333333,0.6666666666666666,0.0,1.8041152553613449,54,9.904281453588345,0.0
25,0.3333333333333333,0.6666666666666666,0.0,1.8041152553613449,55,10.02482682395411,0.0
25,0.3333333333333333,0.6666666666666666,0.0,1.8041152553613449,56,10.048980243617828,0.0
25,0.3333333333333333,0.6666666666666666,0.0,1.8041152553613449,57,10.118590781268482,0.0
25,0.3333333333333333,0.6666666666666666,0.0,1.8041152553613449,58,10.141194121217868,0.0
25,0.3333333333333333,0.6666666666666666,0.0,1.8041152553613449,59,10.164263388959034,0.0
25,0.3333333333333333,0.6666666666666666,0.0,1.8041152553613449,60,10.25011684580083,0.0
26,0.3055555555555555,0.611111111111111,0.0,1.914173924497562,1,-14.996841485998,1.0
26,0.3055555555555555,0.611111111111111,0.0,1.914173924497562,2,-14.966531793155163,1.0
26,0.3055555555555555,0.611111111111111,0.0,1.914173924497562,3,-14.878179272773199,1.0
26,0.3055555555555555,0.611111111111111,0.0,1.914173924497562,4,-14.87481662674804,1.0
26,0.3055555555555555,0.611111111111111,0.0,1.914173924497562,5,-8.30819977641524,1.0
26,0.3055555555555555,0.611111111111111,0.0,1.914173924497562,6,-8.300796509946675,1.0
26,0.3055555555555555,0.611111111111111,0.0,1.914173924497562,7,-7.79060848860051,1.0
26,0.3055555555555555,0.611111111111111,0.0,1.914173924497562,8,-7.763104699680541,1.0
26,0.3055555555555555,0.611111111111111,0.0,1.914173924497562,9,-6.892473157697994,1.0
26,0.3055555555555555,0.611111111111111,0.0,1.914173924497562,10,-6.861449724102348,1.0
26,0.3055555555555555,0.611111111111111,0.0,1.914173924497562,11,-6.513981403316631,1.0
26,0.3055555555555555,0.611111111111111,0.0,1.914173924497562,12,-6.512981955772553,1.0
26,0.3055555555555555,0.611111111111111,0.0,1.914173924497562,13,-6.056879402527285,1.0
26,0.3055555555555555,0.611111111111111,0.0,1.914173924497562,14,-6.015778141738805,1.0
26,0.3055555555555555,0.611111111111111,0.0,1.914173924497562,15,-5.224655525349256,1.0
26,0.3055555555555555,0.611111111111111,0.0,1.914173924497562,16,-5.2101135436512624,1.0
26,0.3055555555555555,0.611111111111111,0.0,1.914173924497562,17,-3.1810288507062072,1.0
26,0.3055555555555555,0.611111111111111,0.0,1.914173924497562,18,-3.0425444747877517,1.0
26,0.3055555555555555,0.611111111111111,0.0,1.914173924497562,19,-1.2068554853311677,0.0
26,0.3055555555555555,0.611111111111111,0.0,1.914173924497562,20,-1.200163302836947,0.0
26,0.3055555555555555,0.611111111111111,0.0,1.914173924497562,21,-0.16383803836146418,0.0
26,0.3055555555555555,0.611111111111111,0.0,1.914173924497562,22,-0.1371819462637271,0.0
26,0.3055555555555555,0.611111111111111,0.0,1.914173924497562,23,0.22253904143210346,0.0
26,0.3055555555555555,0.611111111111111,0.0,1.914173924497562,24,0.36204355138794886,0.0
26,0.3055555555555555,0.611111111111111,0.0,1.914173924497562,25,1.655792356521947,0.0
26,0.3055555555555555,0.611111111111111,0.0,1.914173924497562,26,1.7329079508689391,0.0
26,0.3055555555555555,0.611111111111111,0.0,1.914173924497562,27,4.073959364299492,0.0
26,0.3055555555555555,0.611111111111111,0.0,1.914173924497562,28,4.142858092933551,0.0
26,0.3055555555555555,0.611111111111111,0.0,1.914173924497562,29,4.732754025683747,0.0
26,0.3055555555555555,0.611111111111111,0.0,1.914173924497562,30,4.783688643740085,0.0
26,0.3055555555555555,0.611111111111111,0.0,1.914173924497562,31,6.437173547126525,0.0
26,0.3055555555555555,0.611111111111111,0.0,1.914173924497562,32,6.444010321665505,0.0
26,0.3055555555555555,0.611111111111111,0.0,1.914173924497562,33,7.17002241392313,0.0
26,0.3055555555555555,0.611111111111111,0.0,1.914173924497562,34,7.199102050451398,0.0
26,0.3055555555555555,0.611111111111111,0.0,1.914173924497562,35,7.854646010895092,0.0
26,0.3055555555555555,0.611111111111111,0.0,1.914173924497562,36,7.854730967441286,0.0
26,0.3055555555555555,0.611111111111111,0.0,1.914173924497562,37,8.389101825414507,0.0
26,0.3055555555555555,0.611111111111111,0.0,1.914173924497562,38,8.396662785060453,0.0
26,0.3055555555555555,0.611111111111111,0.0,1.914173924497562,39,8.609221132356641,0.0
26,0.3055555555555555,0.611111111111111,0.0,1.914173924497562,40,8.618437211284121,0.0
26,0.3055555555555555,0.611111111111111,0.0,1.914173924497562,41,8.772362062127748,0.0
26,0.3055555555555555,0.611111111111111,0.0,1.914173924497562,42,8.780595813225247,0.0
26,0.3055555555555555,0.611111111111111,0.0,1.914173924497562,43,8.802384562981857,0.0
26,0.3055555555555555,0.611111111111111,0.0,1.914173924497562,44,8.810509088403236,0.0
26,0.3055555555555555,0.611111111111111,0.0,1.914173924497562,45,8.929323350641972,0.0
26,0.3055555555555555,0.611111111111111,0.0,1.914173924497562,46,8.934799310792013,0.0
26,0.3055555555555555,0.611111111111111,0.0,1.914173924497562,47,9.1537048151738,0.0
26,0.3055555555555555,0.611111111111111,0.0,1.914173924497562,48,9.154095704340847,0.0
26,0.3055555555555555,0.611111111111111,0.0,1.914173924497562,49,9.567625240403714,0.0
26,0.3055555555555555,0.611111111111111,0.0,1.914173924497562,50,9.570952793966594,0.0
26,0.3055555555555555,0.611111111111111,0.0,1.914173924497562,51,10.036853596493192,0.0
26,0.3055555555555555,0.611111111111111,0.0,1.914173924497562,52,10.040389025331255,0.0
26,0.3055555555555555,0.611111111111111,0.0,1.914173924497562,53,10.08727747485785,0.0
26,0.3055555555555555,0.611111111111111,0.0,1.914173924497562,54,10.092103448543142,0.0
26,0.3055555555555555,0.611111111111111,0.0,1.914173924497562,55,10.093427523966746,0.0
26,0.3055555555555555,0.611111111111111,0.0,1.914173924497562,56,10.096485561329548,0.0
26,0.3055555555555555,0.611111111111111,0.0,1.914173924497562,57,10.136521523179876,0.0
26,0.3055555555555555,0.611111111111111,0.0,1.914173924497562,58,10.148874132599047,0.0
26,0.3055555555555555,0.611111111111111,0.0,1.914173924497562,59,10.503928117106081,0.0
26,0.3055555555555555,0.611111111111111,0.0,1.914173924497562,60,10.542461933014511,0.0
27,0.2777777777777778,0.5555555555555556,0.0,2.0242325936337786,1,-15.09288248363735,1.0
27,0.2777777777777778,0.5555555555555556,0.0,2.0242325936337786,2,-15.066004036656139,1.0
27,0.2777777777777778,0.5555555555555556,0.0,2.0242325936337786,3,-14.932820804645932,1.0
27,0.2777777777777778,0.5555555555555556,0.0,2.0242325936337786,4,-14.929715706030251,1.0
27,0.2777777777777778,0.5555555555555556,0.0,2.0242325936337786,5,-8.147636701448342,1.0
27,0.2777777777777778,0.5555555555555556,0.0,2.0242325936337786,6,-8.139208764174885,1.0
27,0.2777777777777778,0.5555555555555556,0.0,2.0242325936337786,7,-7.997489149160041,1.0
27,0.2777777777777778,0.5555555555555556,0.0,2.0242325936337786,8,-7.981322008138476,1.0
27,0.2777777777777778,0.5555555555555556,0.0,2.0242325936337786,9,-6.672442498251447,1.0
27,0.2777777777777778,0.5555555555555556,0.0,2.0242325936337786,10,-6.658040802780615,1.0
27,0.2777777777777778,0.5555555555555556,0.0,2.0242325936337786,11,-6.315604950556939,1.0
27,0.2777777777777778,0.5555555555555556,0.0,2.0242325936337786,12,-6.282936973349007,1.0
27,0.2777777777777778,0.5555555555555556,0.0,2.0242325936337786,13,-6.186245922881118,1.0
27,0.2777777777777778,0.5555555555555556,0.0,2.0242325936337786,14,-6.152435762676572,1.0
27,0.2777777777777778,0.5555555555555556,0.0,2.0242325936337786,15,-5.01641092135952,1.0
27,0.2777777777777778,0.5555555555555556,0.0,2.0242325936337786,16,-5.015491602536137,1.0
27,0.2777777777777778,0.5555555555555556,0.0,2.0242325936337786,17,-3.361854179486836,1.0
27,0.2777777777777778,0.5555555555555556,0.0,2.0242325936337786,18,-3.238986180647974,1.0
27,0.2777777777777778,0.5555555555555556,0.0,2.0242325936337786,19,-1.0425692399715674,0.0
27,0.2777777777777778,0.5555555555555556,0.0,2.0242325936337786,20,-1.0245258010616232,0.0
27,0.2777777777777778,0.5555555555555556,0.0,2.0242325936337786,21,-0.11016669789676863,0.0
27,0.2777777777777778,0.5555555555555556,0.0,2.0242325936337786,22,-0.10971588807088202,0.0
27,0.2777777777777778,0.5555555555555556,0.0,2.0242325936337786,23,0.0017234178416844783,0.0
27,0.2777777777777778,0.5555555555555556,0.0,2.0242325936337786,24,0.11248658048549114,0.0
27,0.2777777777777778,0.5555555555555556,0.0,2.0242325936337786,25,1.542821757403907,0.0
27,0.2777777777777778,0.5555555555555556,0.0,2.0242325936337786,26,1.606769091574899,0.0
27,0.2777777777777778,0.5555555555555556,0.0,2.0242325936337786,27,4.151823380037065,0.0
27,0.2777777777777778,0.5555555555555556,0.0,2.0242325936337786,28,4.193092797002215,0.0
27,0.2777777777777778,0.5555555555555556,0.0,2.0242325936337786,29,5.089376984240598,0.0
27,0.2777777777777778,0.5555555555555556,0.0,2.0242325936337786,30,5.162264236360829,0.0
27,0.2777777777777778,0.5555555555555556,0.0,2.0242325936337786,31,6.077227214865677,0.0
27,0.2777777777777778,0.5555555555555556,0.0,2.0242325936337786,32,6.081596087856615,0.0
27,0.2777777777777778,0.5555555555555556,0.0,2.0242325936337786,33,6.624949930912666,0.0
27,0.2777777777777778,0.5555555555555556,0.0,2.0242325936337786,34,6.632539831490924,0.0
27,0.2777777777777778,0.5555555555555556,0.0,2.0242325936337786,35,7.379102452220099,0.0
27,0.2777777777777778,0.5555555555555556,0.0,2.0242325936337786,36,7.380180133527616,0.0
27,0.2777777777777778,0.5555555555555556,0.0,2.0242325936337786,37,7.533628057032637,0.0
27,0.2777777777777778,0.5555555555555556,0.0,2.0242325936337786,38,7.537551592388886,0.0
27,0.2777777777777778,0.5555555555555556,0.0,2.0242325936337786,39,8.031169727413658,0.0
27,0.2777777777777778,0.5555555555555556,0.0,2.0242325936337786,40,8.03516587577176,0.0
27,0.2777777777777778,0.5555555555555556,0.0,2.0242325936337786,41,8.353890283187157,0.0
27,0.2777777777777778,0.5555555555555556,0.0,2.0242325936337786,42,8.377554165073072,0.0
27,0.2777777777777778,0.5555555555555556,0.0,2.0242325936337786,43,8.64219276016798,0.0
27,0.2777777777777778,0.5555555555555556,0.0,2.0242325936337786,44,8.651473363401909,0.0
27,0.2777777777777778,0.5555555555555556,0.0,2.0242325936337786,45,8.737651511181811,0.0
27,0.2777777777777778,0.5555555555555556,0.0,2.0242325936337786,46,8.760309839629898,0.0
27,0.2777777777777778,0.5555555555555556,0.0,2.0242325936337786,47,9.181818668648376,0.0
27,0.2777777777777778,0.5555555555555556,0.0,2.0242325936337786,48,9.194695285738945,0.0
27,0.2777777777777778,0.5555555555555556,0.0,2.0242325936337786,49,9.383830111282904,0.0
27,0.2777777777777778,0.5555555555555556,0.0,2.0242325936337786,50,9.384076502761504,0.0
27,0.2777777777777778,0.5555555555555556,0.0,2.0242325936337786,51,9.765130363178464,0.0
27,0.2777777777777778,0.5555555555555556,0.0,2.0242325936337786,52,9.76706809893913,0.0
27,0.2777777777777778,0.5555555555555556,0.0,2.0242325936337786,53,10.05419050108333,0.0
27,0.2777777777777778,0.5555555555555556,0.0,2.0242325936337786,54,10.068970868623058,0.0
27,0.2777777777777778,0.5555555555555556,0.0,2.0242325936337786,55,10.368545849220713,0.0
27,0.2777777777777778,0.5555555555555556,0.0,2.0242325936337786,56,10.370994048121352,0.0
27,0.2777777777777778,0.5555555555555556,0.0,2.0242325936337786,57,10.614991480131861,0.0
27,0.2777777777777778,0.5555555555555556,0.0,2.0242325936337786,58,10.616350557799304,0.0
27,0.2777777777777778,0.5555555555555556,0.0,2.0242325936337786,59,10.7018539995693,0.0
27,0.2777777777777778,0.5555555555555556,0.0,2.0242325936337786,60,10.70424076891345,0.0
28,0.25,0.5,0.0,2.1342912627699957,1,-15.259343478002087,1.0
28,0.25,0.5,0.0,2.1342912627699957,2,-15.23744959502094,1.0
28,0.25,0.5,0.0,2.1342912627699957,3,-15.023195670825782,1.0
28,0.25,0.5,0.0,2.1342912627699957,4,-15.020553659374972,1.0
28,0.25,0.5,0.0,2.1342912627699957,5,-8.086661051588656,1.0
28,0.25,0.5,0.0,2.1342912627699957,6,-8.08232052809094,1.0
28,0.25,0.5,0.0,2.1342912627699957,7,-7.877461553028012,1.0
28,0.25,0.5,0.0,2.1342912627699957,8,-7.866372148314872,1.0
28,0.25,0.5,0.0,2.1342912627699957,9,-6.623027284521595,1.0
28,0.25,0.5,0.0,2.1342912627699957,10,-6.613280259236606,1.0
28,0.25,0.5,0.0,2.1342912627699957,11,-6.308686890987322,1.0
28,0.25,0.5,0.0,2.1342912627699957,12,-6.288365331970945,1.0
28,0.25,0.5,0.0,2.1342912627699957,13,-5.934881188225347,1.0
28,0.25,0.5,0.0,2.1342912627699957,14,-5.89358721224483,1.0
28,0.25,0.5,0.0,2.1342912627699957,15,-4.778210636215925,1.0
28,0.25,0.5,0.0,2.1342912627699957,16,-4.768574585091158,1.0
28,0.25,0.5,0.0,2.1342912627699957,17,-3.567374118285527,1.0
28,0.25,0.5,0.0,2.1342912627699957,18,-3.4567128978997754,1.0
28,0.25,0.5,0.0,2.1342912627699957,19,-0.9331941008146123,0.0
28,0.25,0.5,0.0,2.1342912627699957,20,-0.9323264852982115,0.0
28,0.25,0.5,0.0,2.1342912627699957,21,-0.3016639741489908,0.0
28,0.25,0.5,0.0,2.1342912627699957,22,-0.19723278152553936,0.0
28,0.25,0.5,0.0,2.1342912627699957,23,-0.0862704850636976,0.0
28,0.25,0.5,0.0,2.1342912627699957,24,-0.07424217424142099,0.0
28,0.25,0.5,0.0,2.1342912627699957,25,1.4161368453495249,0.0
28,0.25,0.5,0.0,2.1342912627699957,26,1.4560195323756475,0.0
28,0.25,0.5,0.0,2.1342912627699957,27,4.416049415523337,0.0
28,0.25,0.5,0.0,2.1342912627699957,28,4.432009885524294,0.0
28,0.25,0.5,0.0,2.1342912627699957,29,5.304395341948509,0.0
28,0.25,0.5,0.0,2.1342912627699957,30,5.358578636106294,0.0
28,0.25,0.5,0.0,2.1342912627699957,31,5.59925244220936,0.0
28,0.25,0.5,0.0,2.1342912627699957,32,5.6008221810948,0.0
28,0.25,0.5,0.0,2.1342912627699957,33,6.248250612874094,0.0
28,0.25,0.5,0.0,2.1342912627699957,34,6.283091592259978,0.0
28,0.25,0.5,0.0,2.1342912627699957,35,6.730412817147445,0.0
28,0.25,0.5,0.0,2.1342912627699957,36,6.7351253679747645,0.0
28,0.25,0.5,0.0,2.1342912627699957,37,6.860314826369689,0.0
28,0.25,0.5,0.0,2.1342912627699957,38,6.861788329967479,0.0
28,0.25,0.5,0.0,2.1342912627699957,39,7.3651367461106325,0.0
28,0.25,0.5,0.0,2.1342912627699957,40,7.368456751391582,0.0
28,0.25,0.5,0.0,2.1342912627699957,41,7.75474371831596,0.0
28,0.25,0.5,0.0,2.1342912627699957,42,7.7647389505485505,0.0
28,0.25,0.5,0.0,2.1342912627699957,43,8.270644997216085,0.0
28,0.25,0.5,0.0,2.1342912627699957,44,8.273322161166735,0.0
28,0.25,0.5,0.0,2.1342912627699957,45,8.461893717742875,0.0
28,0.25,0.5,0.0,2.1342912627699957,46,8.49510515498055,0.0
28,0.25,0.5,0.0,2.1342912627699957,47,9.164549545973081,0.0
28,0.25,0.5,0.0,2.1342912627699957,48,9.193021335768744,0.0
28,0.25,0.5,0.0,2.1342912627699957,49,9.28424892926376,0.0
28,0.25,0.5,0.0,2.1342912627699957,50,9.289430905197811,0.0
28,0.25,0.5,0.0,2.1342912627699957,51,9.659903109116001,0.0
28,0.25,0.5,0.0,2.1342912627699957,52,9.664242196913317,0.0
28,0.25,0.5,0.0,2.1342912627699957,53,9.816360615768094,0.0
28,0.25,0.5,0.0,2.1342912627699957,54,9.823818418201139,0.0
28,0.25,0.5,0.0,2.1342912627699957,55,10.150172382533949,0.0
28,0.25,0.5,0.0,2.1342912627699957,56,10.153754727096574,0.0
28,0.25,0.5,0.0,2.1342912627699957,57,11.169349071358004,0.0
28,0.25,0.5,0.0,2.1342912627699957,58,11.183706772730506,0.0
28,0.25,0.5,0.0,2.1342912627699957,59,11.193504224937602,0.0
28,0.25,0.5,0.0,2.1342912627699957,60,11.218776989834854,0.0
29,0.2222222222222222,0.4444444444444444,0.0,2.244349931906213,1,-15.486181279250683,1.0
29,0.2222222222222222,0.4444444444444444,0.0,2.244349931906213,2,-15.469771905433207,1.0
29,0.2222222222222222,0.4444444444444444,0.0,2.244349931906213,3,-15.142220994360297,1.0
29,0.2222222222222222,0.4444444444444444,0.0,2.244349931906213,4,-15.140163181487484,1.0
29,0.2222222222222222,0.4444444444444444,0.0,2.244349931906213,5,-8.061432459935052,1.0
29,0.2222222222222222,0.4444444444444444,0.0,2.244349931906213,6,-8.055721271848,1.0
29,0.2222222222222222,0.4444444444444444,0.0,2.244349931906213,7,-7.5112494400012695,1.0
29,0.2222222222222222,0.4444444444444444,0.0,2.244349931906213,8,-7.496480039563624,1.0
29,0.2222222222222222,0.4444444444444444,0.0,2.244349931906213,9,-6.661176626260217,1.0
29,0.2222222222222222,0.4444444444444444,0.0,2.244349931906213,10,-6.650019222487339,1.0
29,0.2222222222222222,0.4444444444444444,0.0,2.244349931906213,11,-6.371173782594361,1.0
29,0.2222222222222222,0.4444444444444444,0.0,2.244349931906213,12,-6.350363282093691,1.0
29,0.2222222222222222,0.4444444444444444,0.0,2.244349931906213,13,-5.5429029070935245,1.0
29,0.2222222222222222,0.4444444444444444,0.0,2.244349931906213,14,-5.489396638665641,1.0
29,0.2222222222222222,0.4444444444444444,0.0,2.244349931906213,15,-4.541576908869087,1.0
29,0.2222222222222222,0.4444444444444444,0.0,2.244349931906213,16,-4.523149568403939,1.0
29,0.2222222222222222,0.4444444444444444,0.0,2.244349931906213,17,-3.733691066603442,1.0
29,0.2222222222222222,0.4444444444444444,0.0,2.244349931906213,18,-3.6315072067185987,1.0
29,0.2222222222222222,0.4444444444444444,0.0,2.244349931906213,19,-1.0497947500812268,0.0
29,0.2222222222222222,0.4444444444444444,0.0,2.244349931906213,20,-0.9957680452745664,0.0
29,0.2222222222222222,0.4444444444444444,0.0,2.244349931906213,21,-0.45001412364056304,0.0
29,0.2222222222222222,0.4444444444444444,0.0,2.244349931906213,22,-0.4188813261750117,0.0
29,0.2222222222222222,0.4444444444444444,0.0,2.244349931906213,23,-0.15131354807078937,0.0
29,0.2222222222222222,0.4444444444444444,0.0,2.244349931906213,24,-0.13537546420707014,0.0
29,0.2222222222222222,0.4444444444444444,0.0,2.244349931906213,25,1.3034195421562296,0.0
29,0.2222222222222222,0.4444444444444444,0.0,2.244349931906213,26,1.3125006564685207,0.0
29,0.2222222222222222,0.4444444444444444,0.0,2.244349931906213,27,4.671000049570396,0.0
29,0.2222222222222222,0.4444444444444444,0.0,2.244349931906213,28,4.6953376851949225,0.0
29,0.2222222222222222,0.4444444444444444,0.0,2.244349931906213,29,5.06781410822093,0.0
29,0.2222222222222222,0.4444444444444444,0.0,2.244349931906213,30,5.070950408745259,0.0
29,0.2222222222222222,0.4444444444444444,0.0,2.244349931906213,31,5.105950192843838,0.0
29,0.2222222222222222,0.4444444444444444,0.0,2.244349931906213,32,5.150290822462296,0.0
29,0.2222222222222222,0.4444444444444444,0.0,2.244349931906213,33,5.883707702976195,0.0
29,0.2222222222222222,0.4444444444444444,0.0,2.244349931906213,34,5.884627327101195,0.0
29,0.2222222222222222,0.4444444444444444,0.0,2.244349931906213,35,6.342229688124822,0.0
29,0.2222222222222222,0.4444444444444444,0.0,2.244349931906213,36,6.343545881903222,0.0
29,0.2222222222222222,0.4444444444444444,0.0,2.244349931906213,37,6.56191147391071,0.0
29,0.2222222222222222,0.4444444444444444,0.0,2.244349931906213,38,6.605811679146644,0.0
29,0.2222222222222222,0.4444444444444444,0.0,2.244349931906213,39,6.893945624786493,0.0
29,0.2222222222222222,0.4444444444444444,0.0,2.244349931906213,40,6.895195385885007,0.0
29,0.2222222222222222,0.4444444444444444,0.0,2.244349931906213,41,7.250726977278233,0.0
29,0.2222222222222222,0.4444444444444444,0.0,2.244349931906213,42,7.2888868499754205,0.0
29,0.2222222222222222,0.4444444444444444,0.0,2.244349931906213,43,7.8405748081420645,0.0
29,0.2222222222222222,0.4444444444444444,0.0,2.244349931906213,44,7.840842843080161,0.0
29,0.2222222222222222,0.4444444444444444,0.0,2.244349931906213,45,8.209021869321303,0.0
29,0.2222222222222222,0.4444444444444444,0.0,2.244349931906213,46,8.245485846282183,0.0
29,0.2222222222222222,0.4444444444444444,0.0,2.244349931906213,47,8.717288286501557,0.0
29,0.2222222222222222,0.4444444444444444,0.0,2.244349931906213,48,8.74725491600022,0.0
29,0.2222222222222222,0.4444444444444444,0.0,2.244349931906213,49,9.052239015347041,0.0
29,0.2222222222222222,0.4444444444444444,0.0,2.244349931906213,50,9.054211888300877,0.0
29,0.2222222222222222,0.4444444444444444,0.0,2.244349931906213,51,9.380066389443591,0.0
29,0.2222222222222222,0.4444444444444444,0.0,2.244349931906213,52,9.399084738825547,0.0
29,0.2222222222222222,0.4444444444444444,0.0,2.244349931906213,53,9.61709775166753,0.0
29,0.2222222222222222,0.4444444444444444,0.0,2.244349931906213,54,9.625684394280626,0.0
29,0.2222222222222222,0.4444444444444444,0.0,2.244349931906213,55,10.611539903844715,0.0
29,0.2222222222222222,0.4444444444444444,0.0,2.244349931906213,56,10.65728843778233,0.0
29,0.2222222222222222,0.4444444444444444,0.0,2.244349931906213,57,10.690465356818432,0.0
29,0.2222222222222222,0.4444444444444444,0.0,2.244349931906213,58,10.693907357737427,0.0
29,0.2222222222222222,0.4444444444444444,0.0,2.244349931906213,59,11.059907439105075,0.0
29,0.2222222222222222,0.4444444444444444,0.0,2.244349931906213,60,11.060774443250956,0.0
30,0.1944444444444444,0.3888888888888888,0.0,2.35440860104243,1,-15.75323478619114,1.0
30,0.1944444444444444,0.3888888888888888,0.0,2.35440860104243,2,-15.741880124788391,1.0
30,0.1944444444444444,0.3888888888888888,0.0,2.35440860104243,3,-15.279566146637126,1.0
30,0.1944444444444444,0.3888888888888888,0.0,2.35440860104243,4,-15.278095429170477,1.0
30,0.1944444444444444,0.3888888888888888,0.0,2.35440860104243,5,-7.9586404947744835,1.0
30,0.1944444444444444,0.3888888888888888,0.0,2.35440860104243,6,-7.945660046088066,1.0
30,0.1944444444444444,0.3888888888888888,0.0,2.35440860104243,7,-7.0780405481038295,1.0
30,0.1944444444444444,0.3888888888888888,0.0,2.35440860104243,8,-7.057315502766737,1.0
30,0.1944444444444444,0.3888888888888888,0.0,2.35440860104243,9,-6.749547820432986,1.0
30,0.1944444444444444,0.3888888888888888,0.0,2.35440860104243,10,-6.738258813405093,1.0
30,0.1944444444444444,0.3888888888888888,0.0,2.35440860104243,11,-6.348756202236759,1.0
30,0.1944444444444444,0.3888888888888888,0.0,2.35440860104243,12,-6.3253091991986325,1.0
30,0.1944444444444444,0.3888888888888888,0.0,2.35440860104243,13,-5.186994736756252,1.0
30,0.1944444444444444,0.3888888888888888,0.0,2.35440860104243,14,-5.122571398854077,1.0
30,0.1944444444444444,0.3888888888888888,0.0,2.35440860104243,15,-4.332905846908899,1.0
30,0.1944444444444444,0.3888888888888888,0.0,2.35440860104243,16,-4.306195644264773,1.0
30,0.1944444444444444,0.3888888888888888,0.0,2.35440860104243,17,-3.8422148715006053,1.0
30,0.1944444444444444,0.3888888888888888,0.0,2.35440860104243,18,-3.748396229564319,1.0
30,0.1944444444444444,0.3888888888888888,0.0,2.35440860104243,19,-1.2209425729629135,0.0
30,0.1944444444444444,0.3888888888888888,0.0,2.35440860104243,20,-1.1452657937623694,0.0
30,0.1944444444444444,0.3888888888888888,0.0,2.35440860104243,21,-0.5444898457331532,0.0
30,0.1944444444444444,0.3888888888888888,0.0,2.35440860104243,22,-0.538933094592765,0.0
30,0.1944444444444444,0.3888888888888888,0.0,2.35440860104243,23,-0.2895749820177196,0.0
30,0.1944444444444444,0.3888888888888888,0.0,2.35440860104243,24,-0.24991934527322002,0.0
30,0.1944444444444444,0.3888888888888888,0.0,2.35440860104243,25,1.165319975719857,0.0
30,0.1944444444444444,0.3888888888888888,0.0,2.35440860104243,26,1.1839467614077557,0.0
30,0.1944444444444444,0.3888888888888888,0.0,2.35440860104243,27,4.363778081090948,0.0
30,0.1944444444444444,0.3888888888888888,0.0,2.35440860104243,28,4.378110998186853,0.0
30,0.1944444444444444,0.3888888888888888,0.0,2.35440860104243,29,4.537393907564664,0.0
30,0.1944444444444444,0.3888888888888888,0.0,2.35440860104243,30,4.538914448054883,0.0
30,0.1944444444444444,0.3888888888888888,0.0,2.35440860104243,31,5.230326738646456,0.0
30,0.1944444444444444,0.3888888888888888,0.0,2.35440860104243,32,5.234489148146562,0.0
30,0.1944444444444444,0.3888888888888888,0.0,2.35440860104243,33,5.367396264770668,0.0
30,0.1944444444444444,0.3888888888888888,0.0,2.35440860104243,34,5.395128317304737,0.0
30,0.1944444444444444,0.3888888888888888,0.0,2.35440860104243,35,5.794323883618543,0.0
30,0.1944444444444444,0.3888888888888888,0.0,2.35440860104243,36,5.794487895993625,0.0
30,0.1944444444444444,0.3888888888888888,0.0,2.35440860104243,37,6.362446930288052,0.0
30,0.1944444444444444,0.3888888888888888,0.0,2.35440860104243,38,6.376708482474323,0.0
30,0.1944444444444444,0.3888888888888888,0.0,2.35440860104243,39,6.6925055484261025,0.0
30,0.1944444444444444,0.3888888888888888,0.0,2.35440860104243,40,6.693095783671276,0.0
30,0.1944444444444444,0.3888888888888888,0.0,2.35440860104243,41,7.331100660299473,0.0
30,0.1944444444444444,0.3888888888888888,0.0,2.35440860104243,42,7.389872185449977,0.0
30,0.1944444444444444,0.3888888888888888,0.0,2.35440860104243,43,7.445354327977413,0.0
30,0.1944444444444444,0.3888888888888888,0.0,2.35440860104243,44,7.452300307990204,0.0
30,0.1944444444444444,0.3888888888888888,0.0,2.35440860104243,45,8.008615137258833,0.0
30,0.1944444444444444,0.3888888888888888,0.0,2.35440860104243,46,8.034674182392965,0.0
30,0.1944444444444444,0.3888888888888888,0.0,2.35440860104243,47,8.436282724488557,0.0
30,0.1944444444444444,0.3888888888888888,0.0,2.35440860104243,48,8.467433570708959,0.0
30,0.1944444444444444,0.3888888888888888,0.0,2.35440860104243,49,8.745436507790387,0.0
30,0.1944444444444444,0.3888888888888888,0.0,2.35440860104243,50,8.751237440437404,0.0
30,0.1944444444444444,0.3888888888888888,0.0,2.35440860104243,51,9.047756117434076,0.0
30,0.1944444444444444,0.3888888888888888,0.0,2.35440860104243,52,9.069499663378942,0.0
30,0.1944444444444444,0.3888888888888888,0.0,2.35440860104243,53,9.474360683495618,0.0
30,0.1944444444444444,0.3888888888888888,0.0,2.35440860104243,54,9.491679170491569,0.0
30,0.1944444444444444,0.3888888888888888,0.0,2.35440860104243,55,10.273609376031999,0.0
30,0.1944444444444444,0.3888888888888888,0.0,2.35440860104243,56,10.316443017259985,0.0
30,0.1944444444444444,0.3888888888888888,0.0,2.35440860104243,57,10.532635199473592,0.0
30,0.1944444444444444,0.3888888888888888,0.0,2.35440860104243,58,10.533152877076748,0.0
30,0.1944444444444444,0.3888888888888888,0.0,2.35440860104243,59,11.355332962486468,0.0
30,0.1944444444444444,0.3888888888888888,0.0,2.35440860104243,60,11.364980224349193,0.0
31,0.1666666666666667,0.3333333333333333,0.0,2.4644672701786465,1,-16.03648539707144,1.0
31,0.1666666666666667,0.3333333333333333,0.0,2.4644672701786465,2,-16.02924522250118,1.0
31,0.1666666666666667,0.3333333333333333,0.0,2.4644672701786465,3,-15.42394092047098,1.0
31,0.1666666666666667,0.3333333333333333,0.0,2.4644672701786465,4,-15.422978804364785,1.0
31,0.1666666666666667,0.3333333333333333,0.0,2.4644672701786465,5,-7.863115401744699,1.0
31,0.1666666666666667,0.3333333333333333,0.0,2.4644672701786465,6,-7.848702789213093,1.0
31,0.1666666666666667,0.3333333333333333,0.0,2.4644672701786465,7,-6.803839833853947,1.0
31,0.1666666666666667,0.3333333333333333,0.0,2.4644672701786465,8,-6.79844834431679,1.0
31,0.1666666666666667,0.3333333333333333,0.0,2.4644672701786465,9,-6.640469684526978,1.0
31,0.1666666666666667,0.3333333333333333,0.0,2.4644672701786465,10,-6.611655192553579,1.0
31,0.1666666666666667,0.3333333333333333,0.0,2.4644672701786465,11,-6.196408044578566,1.0
31,0.1666666666666667,0.3333333333333333,0.0,2.4644672701786465,12,-6.169939469967836,1.0
31,0.1666666666666667,0.3333333333333333,0.0,2.4644672701786465,13,-4.936705925782742,1.0
31,0.1666666666666667,0.3333333333333333,0.0,2.4644672701786465,14,-4.86793307954301,1.0
31,0.1666666666666667,0.3333333333333333,0.0,2.4644672701786465,15,-4.1710640558303345,1.0
31,0.1666666666666667,0.3333333333333333,0.0,2.4644672701786465,16,-4.136213523544701,1.0
31,0.1666666666666667,0.3333333333333333,0.0,2.4644672701786465,17,-3.8733822883226825,1.0
31,0.1666666666666667,0.3333333333333333,0.0,2.4644672701786465,18,-3.7962652162769954,1.0
31,0.1666666666666667,0.3333333333333333,0.0,2.4644672701786465,19,-1.2701335344593008,0.0
31,0.1666666666666667,0.3333333333333333,0.0,2.4644672701786465,20,-1.204923305535074,0.0
31,0.1666666666666667,0.3333333333333333,0.0,2.4644672701786465,21,-0.6361874112138459,0.0
31,0.1666666666666667,0.3333333333333333,0.0,2.4644672701786465,22,-0.6229412259864104,0.0
31,0.1666666666666667,0.3333333333333333,0.0,2.4644672701786465,23,-0.44544153261784436,0.0
31,0.1666666666666667,0.3333333333333333,0.0,2.4644672701786465,24,-0.3882981025867076,0.0
31,0.1666666666666667,0.3333333333333333,0.0,2.4644672701786465,25,0.9799480673906011,0.0
31,0.1666666666666667,0.3333333333333333,0.0,2.4644672701786465,26,1.0173841276751872,0.0
31,0.1666666666666667,0.3333333333333333,0.0,2.4644672701786465,27,3.895060130183526,0.0
31,0.1666666666666667,0.3333333333333333,0.0,2.4644672701786465,28,3.901915160793375,0.0
31,0.1666666666666667,0.3333333333333333,0.0,2.4644672701786465,29,4.035222379957372,0.0
31,0.1666666666666667,0.3333333333333333,0.0,2.4644672701786465,30,4.036340270111137,0.0
31,0.1666666666666667,0.3333333333333333,0.0,2.4644672701786465,31,4.658773857151519,0.0
31,0.1666666666666667,0.3333333333333333,0.0,2.4644672701786465,32,4.660311180642084,0.0
31,0.1666666666666667,0.3333333333333333,0.0,2.4644672701786465,33,5.27193152553803,0.0
31,0.1666666666666667,0.3333333333333333,0.0,2.4644672701786465,34,5.272123628410557,0.0
31,0.1666666666666667,0.3333333333333333,0.0,2.4644672701786465,35,5.693319481574834,0.0
31,0.1666666666666667,0.3333333333333333,0.0,2.4644672701786465,36,5.71533802283007,0.0
31,0.1666666666666667,0.3333333333333333,0.0,2.4644672701786465,37,5.966687151592881,0.0
31,0.1666666666666667,0.3333333333333333,0.0,2.4644672701786465,38,5.9860847908726305,0.0
31,0.1666666666666667,0.3333333333333333,0.0,2.4644672701786465,39,6.657561368640315,0.0
31,0.1666666666666667,0.3333333333333333,0.0,2.4644672701786465,40,6.659725331647365,0.0
31,0.1666666666666667,0.3333333333333333,0.0,2.4644672701786465,41,7.1208381837542385,0.0
31,0.1666666666666667,0.3333333333333333,0.0,2.4644672701786465,42,7.124933498064009,0.0
31,0.1666666666666667,0.3333333333333333,0.0,2.4644672701786465,43,7.160636365044637,0.0
31,0.1666666666666667,0.3333333333333333,0.0,2.4644672701786465,44,7.194007580795104,0.0
31,0.1666666666666667,0.3333333333333333,0.0,2.4644672701786465,45,7.754992075390816,0.0
31,0.1666666666666667,0.3333333333333333,0.0,2.4644672701786465,46,7.77355016900898,0.0
31,0.1666666666666667,0.3333333333333333,0.0,2.4644672701786465,47,8.52027949711971,0.0
31,0.1666666666666667,0.3333333333333333,0.0,2.4644672701786465,48,8.54209544065884,0.0
31,0.1666666666666667,0.3333333333333333,0.0,2.4644672701786465,49,8.649513709952348,0.0
31,0.1666666666666667,0.3333333333333333,0.0,2.4644672701786465,50,8.70518163193734,0.0
31,0.1666666666666667,0.3333333333333333,0.0,2.4644672701786465,51,9.05237826880889,0.0
31,0.1666666666666667,0.3333333333333333,0.0,2.4644672701786465,52,9.10017884921119,0.0
31,0.1666666666666667,0.3333333333333333,0.0,2.4644672701786465,53,9.324783846531567,0.0
31,0.1666666666666667,0.3333333333333333,0.0,2.4644672701786465,54,9.345093367504184,0.0
31,0.1666666666666667,0.3333333333333333,0.0,2.4644672701786465,55,10.05527014280683,0.0
31,0.1666666666666667,0.3333333333333333,0.0,2.4644672701786465,56,10.077510408630921,0.0
31,0.1666666666666667,0.3333333333333333,0.0,2.4644672701786465,57,10.094339572945504,0.0
31,0.1666666666666667,0.3333333333333333,0.0,2.4644672701786465,58,10.103680404106907,0.0
31,0.1666666666666667,0.3333333333333333,0.0,2.4644672701786465,59,11.818658835143307,0.0
31,0.1666666666666667,0.3333333333333333,0.0,2.4644672701786465,60,11.841876026644947,0.0
32,0.1388888888888889,0.2777777777777777,0.0,2.5745259393148636,1,-16.313096688541293,1.0
32,0.1388888888888889,0.2777777777777777,0.0,2.5745259393148636,2,-16.308898317743484,1.0
32,0.1388888888888889,0.2777777777777777,0.0,2.5745259393148636,3,-15.564664894985512,1.0
32,0.1388888888888889,0.2777777777777777,0.0,2.5745259393148636,4,-15.564096585601686,1.0
32,0.1388888888888889,0.2777777777777777,0.0,2.5745259393148636,5,-7.897475312387984,1.0
32,0.1388888888888889,0.2777777777777777,0.0,2.5745259393148636,6,-7.888500149137668,1.0
32,0.1388888888888889,0.2777777777777777,0.0,2.5745259393148636,7,-6.697251289966902,1.0
32,0.1388888888888889,0.2777777777777777,0.0,2.5745259393148636,8,-6.694276736394757,1.0
32,0.1388888888888889,0.2777777777777777,0.0,2.5745259393148636,9,-6.298908365318782,1.0
32,0.1388888888888889,0.2777777777777777,0.0,2.5745259393148636,10,-6.280771879388629,1.0
32,0.1388888888888889,0.2777777777777777,0.0,2.5745259393148636,11,-5.833161067309826,1.0
32,0.1388888888888889,0.2777777777777777,0.0,2.5745259393148636,12,-5.820570784360662,1.0
32,0.1388888888888889,0.2777777777777777,0.0,2.5745259393148636,13,-4.885044475674448,1.0
32,0.1388888888888889,0.2777777777777777,0.0,2.5745259393148636,14,-4.832950040020442,1.0
32,0.1388888888888889,0.2777777777777777,0.0,2.5745259393148636,15,-4.065299793614145,1.0
32,0.1388888888888889,0.2777777777777777,0.0,2.5745259393148636,16,-4.02751021916254,1.0
32,0.1388888888888889,0.2777777777777777,0.0,2.5745259393148636,17,-3.7615045430023843,1.0
32,0.1388888888888889,0.2777777777777777,0.0,2.5745259393148636,18,-3.7165849368429247,1.0
32,0.1388888888888889,0.2777777777777777,0.0,2.5745259393148636,19,-1.178366960862208,0.0
32,0.1388888888888889,0.2777777777777777,0.0,2.5745259393148636,20,-1.1390517276877339,0.0
32,0.1388888888888889,0.2777777777777777,0.0,2.5745259393148636,21,-0.6669065621153756,0.0
32,0.1388888888888889,0.2777777777777777,0.0,2.5745259393148636,22,-0.6585151843574559,0.0
32,0.1388888888888889,0.2777777777777777,0.0,2.5745259393148636,23,-0.5699044021020367,0.0
32,0.1388888888888889,0.2777777777777777,0.0,2.5745259393148636,24,-0.500949033591938,0.0
32,0.1388888888888889,0.2777777777777777,0.0,2.5745259393148636,25,0.739955960826971,0.0
32,0.1388888888888889,0.2777777777777777,0.0,2.5745259393148636,26,0.7875737401662462,0.0
32,0.1388888888888889,0.2777777777777777,0.0,2.5745259393148636,27,3.4601622503961704,0.0
32,0.1388888888888889,0.2777777777777777,0.0,2.5745259393148636,28,3.4639722367161094,0.0
32,0.1388888888888889,0.2777777777777777,0.0,2.5745259393148636,29,3.584820674269563,0.0
32,0.1388888888888889,0.2777777777777777,0.0,2.5745259393148636,30,3.5854212777785213,0.0
32,0.1388888888888889,0.2777777777777777,0.0,2.5745259393148636,31,4.168214078311811,0.0
32,0.1388888888888889,0.2777777777777777,0.0,2.5745259393148636,32,4.1692044440858105,0.0
32,0.1388888888888889,0.2777777777777777,0.0,2.5745259393148636,33,4.8094422147100175,0.0
32,0.1388888888888889,0.2777777777777777,0.0,2.5745259393148636,34,4.809614208186884,0.0
32,0.1388888888888889,0.2777777777777777,0.0,2.5745259393148636,35,5.401923945937559,0.0
32,0.1388888888888889,0.2777777777777777,0.0,2.5745259393148636,36,5.402599134874711,0.0
32,0.1388888888888889,0.2777777777777777,0.0,2.5745259393148636,37,6.028923674608777,0.0
32,0.1388888888888889,0.2777777777777777,0.0,2.5745259393148636,38,6.038720731508116,0.0
32,0.1388888888888889,0.2777777777777777,0.0,2.5745259393148636,39,6.4871107609139935,0.0
32,0.1388888888888889,0.2777777777777777,0.0,2.5745259393148636,40,6.48769674508792,0.0
32,0.1388888888888889,0.2777777777777777,0.0,2.5745259393148636,41,6.7346705510549665,0.0
32,0.1388888888888889,0.2777777777777777,0.0,2.5745259393148636,42,6.783738353407443,0.0
32,0.1388888888888889,0.2777777777777777,0.0,2.5745259393148636,43,7.1571179980076405,0.0
32,0.1388888888888889,0.2777777777777777,0.0,2.5745259393148636,44,7.159302905792391,0.0
32,0.1388888888888889,0.2777777777777777,0.0,2.5745259393148636,45,7.498922903170716,0.0
32,0.1388888888888889,0.2777777777777777,0.0,2.5745259393148636,46,7.5142368381777525,0.0
32,0.1388888888888889,0.2777777777777777,0.0,2.5745259393148636,47,8.355005480169577,0.0
32,0.1388888888888889,0.2777777777777777,0.0,2.5745259393148636,48,8.362016766899261,0.0
32,0.1388888888888889,0.2777777777777777,0.0,2.5745259393148636,49,8.597074173690851,0.0
32,0.1388888888888889,0.2777777777777777,0.0,2.5745259393148636,50,8.645206687674317,0.0
32,0.1388888888888889,0.2777777777777777,0.0,2.5745259393148636,51,9.095226222800099,0.0
32,0.1388888888888889,0.2777777777777777,0.0,2.5745259393148636,52,9.109528790064743,0.0
32,0.1388888888888889,0.2777777777777777,0.0,2.5745259393148636,53,9.712211207793354,0.0
32,0.1388888888888889,0.2777777777777777,0.0,2.5745259393148636,54,9.72630753214049,0.0
32,0.1388888888888889,0.2777777777777777,0.0,2.5745259393148636,55,9.870937747250572,0.0
32,0.1388888888888889,0.2777777777777777,0.0,2.5745259393148636,56,9.875413723724717,0.0
32,0.1388888888888889,0.2777777777777777,0.0,2.5745259393148636,57,10.03385981133465,0.0
32,0.1388888888888889,0.2777777777777777,0.0,2.5745259393148636,58,10.106988506375206,0.0
32,0.1388888888888889,0.2777777777777777,0.0,2.5745259393148636,59,11.19356386821748,0.0
32,0.1388888888888889,0.2777777777777777,0.0,2.5745259393148636,60,11.203224840642484,0.0
33,0.1111111111111111,0.2222222222222222,0.0,2.6845846084510803,1,-16.563870330583654,1.0
33,0.1111111111111111,0.2222222222222222,0.0,2.6845846084510803,2,-16.561725884604115,1.0
33,0.1111111111111111,0.2222222222222222,0.0,2.6845846084510803,3,-15.692464915146095,1.0
33,0.1111111111111111,0.2222222222222222,0.0,2.6845846084510803,4,-15.692171102993036,1.0
33,0.1111111111111111,0.2222222222222222,0.0,2.6845846084510803,5,-8.063064655272713,1.0
33,0.1111111111111111,0.2222222222222222,0.0,2.6845846084510803,6,-8.059176760804576,1.0
33,0.1111111111111111,0.2222222222222222,0.0,2.6845846084510803,7,-6.4299757745318065,1.0
33,0.1111111111111111,0.2222222222222222,0.0,2.6845846084510803,8,-6.421145956354438,1.0
33,0.1111111111111111,0.2222222222222222,0.0,2.6845846084510803,9,-6.013071569195855,1.0
33,0.1111111111111111,0.2222222222222222,0.0,2.6845846084510803,10,-6.006559550755592,1.0
33,0.1111111111111111,0.2222222222222222,0.0,2.6845846084510803,11,-5.370430969642641,1.0
33,0.1111111111111111,0.2222222222222222,0.0,2.6845846084510803,12,-5.367679314383063,1.0
33,0.1111111111111111,0.2222222222222222,0.0,2.6845846084510803,13,-5.00638944266295,1.0
33,0.1111111111111111,0.2222222222222222,0.0,2.6845846084510803,14,-4.974345107061469,1.0
33,0.1111111111111111,0.2222222222222222,0.0,2.6845846084510803,15,-4.023065100752184,1.0
33,0.1111111111111111,0.2222222222222222,0.0,2.6845846084510803,16,-3.9882791332324428,1.0
33,0.1111111111111111,0.2222222222222222,0.0,2.6845846084510803,17,-3.556990082608029,1.0
33,0.1111111111111111,0.2222222222222222,0.0,2.6845846084510803,18,-3.5388952328477856,1.0
33,0.1111111111111111,0.2222222222222222,0.0,2.6845846084510803,19,-0.9990594284133987,0.0
33,0.1111111111111111,0.2222222222222222,0.0,2.6845846084510803,20,-0.9903667611661824,0.0
33,0.1111111111111111,0.2222222222222222,0.0,2.6845846084510803,21,-0.6387821201157888,0.0
33,0.1111111111111111,0.2222222222222222,0.0,2.6845846084510803,22,-0.6132253795608543,0.0
33,0.1111111111111111,0.2222222222222222,0.0,2.6845846084510803,23,-0.5819567897210718,0.0
33,0.1111111111111111,0.2222222222222222,0.0,2.6845846084510803,24,-0.5308812800682252,0.0
33,0.1111111111111111,0.2222222222222222,0.0,2.6845846084510803,25,0.46051026737327677,0.0
33,0.1111111111111111,0.2222222222222222,0.0,2.6845846084510803,26,0.5115129390742448,0.0
33,0.1111111111111111,0.2222222222222222,0.0,2.6845846084510803,27,3.0845896533373565,0.0
33,0.1111111111111111,0.2222222222222222,0.0,2.6845846084510803,28,3.086820340577962,0.0
33,0.1111111111111111,0.2222222222222222,0.0,2.6845846084510803,29,3.2006847805572582,0.0
33,0.1111111111111111,0.2222222222222222,0.0,2.6845846084510803,30,3.200935143096235,0.0
33,0.1111111111111111,0.2222222222222222,0.0,2.6845846084510803,31,3.7631957588540224,0.0
33,0.1111111111111111,0.2222222222222222,0.0,2.6845846084510803,32,3.763832853081486,0.0
33,0.1111111111111111,0.2222222222222222,0.0,2.6845846084510803,33,4.420232489366075,0.0
33,0.1111111111111111,0.2222222222222222,0.0,2.6845846084510803,34,4.420317897003391,0.0
33,0.1111111111111111,0.2222222222222222,0.0,2.6845846084510803,35,5.003679343370429,0.0
33,0.1111111111111111,0.2222222222222222,0.0,2.6845846084510803,36,5.005039661945631,0.0
33,0.1111111111111111,0.2222222222222222,0.0,2.6845846084510803,37,5.637671663210412,0.0
33,0.1111111111111111,0.2222222222222222,0.0,2.6845846084510803,38,5.6384694800437245,0.0
33,0.1111111111111111,0.2222222222222222,0.0,2.6845846084510803,39,6.1835192810264985,0.0
33,0.1111111111111111,0.2222222222222222,0.0,2.6845846084510803,40,6.183530615625928,0.0
33,0.1111111111111111,0.2222222222222222,0.0,2.6845846084510803,41,6.723326638528741,0.0
33,0.1111111111111111,0.2222222222222222,0.0,2.6845846084510803,42,6.747677773040122,0.0
33,0.1111111111111111,0.2222222222222222,0.0,2.6845846084510803,43,7.282358155777626,0.0
33,0.1111111111111111,0.2222222222222222,0.0,2.6845846084510803,44,7.3050762967785925,0.0
33,0.1111111111111111,0.2222222222222222,0.0,2.6845846084510803,45,7.445687183648657,0.0
33,0.1111111111111111,0.2222222222222222,0.0,2.6845846084510803,46,7.447499799054356,0.0
33,0.1111111111111111,0.2222222222222222,0.0,2.6845846084510803,47,8.088537825689004,0.0
33,0.1111111111111111,0.2222222222222222,0.0,2.6845846084510803,48,8.097411402370543,0.0
33,0.1111111111111111,0.2222222222222222,0.0,2.6845846084510803,49,8.709273250175288,0.0
33,0.1111111111111111,0.2222222222222222,0.0,2.6845846084510803,50,8.758151486865213,0.0
33,0.1111111111111111,0.2222222222222222,0.0,2.6845846084510803,51,8.804428519051969,0.0
33,0.1111111111111111,0.2222222222222222,0.0,2.6845846084510803,52,8.810524065000523,0.0
33,0.1111111111111111,0.2222222222222222,0.0,2.6845846084510803,53,9.536482683542246,0.0
33,0.1111111111111111,0.2222222222222222,0.0,2.6845846084510803,54,9.572693240395513,0.0
33,0.1111111111111111,0.2222222222222222,0.0,2.6845846084510803,55,9.952805935595203,0.0
33,0.1111111111111111,0.2222222222222222,0.0,2.6845846084510803,56,9.95459238229004,0.0
33,0.1111111111111111,0.2222222222222222,0.0,2.6845846084510803,57,10.190627098593867,0.0
33,0.1111111111111111,0.2222222222222222,0.0,2.6845846084510803,58,10.225956226713619,0.0
33,0.1111111111111111,0.2222222222222222,0.0,2.6845846084510803,59,11.268814492776402,0.0
33,0.1111111111111111,0.2222222222222222,0.0,2.6845846084510803,60,11.365304416123754,0.0
34,0.0833333333333333,0.1666666666666666,0.0,2.7946432775872974,1,-16.77369384411559,1.0
34,0.0833333333333333,0.1666666666666666,0.0,2.7946432775872974,2,-16.772792357454648,1.0
34,0.0833333333333333,0.1666666666666666,0.0,2.7946432775872974,3,-15.799678682776051,1.0
34,0.0833333333333333,0.1666666666666666,0.0,2.7946432775872974,4,-15.799554305611395,1.0
34,0.0833333333333333,0.1666666666666666,0.0,2.7946432775872974,5,-8.26564939562271,1.0
34,0.0833333333333333,0.1666666666666666,0.0,2.7946432775872974,6,-8.264240829569484,1.0
34,0.0833333333333333,0.1666666666666666,0.0,2.7946432775872974,7,-6.096947307816308,1.0
34,0.0833333333333333,0.1666666666666666,0.0,2.7946432775872974,8,-6.087151021276673,1.0
34,0.0833333333333333,0.1666666666666666,0.0,2.7946432775872974,9,-5.709404677897479,1.0
34,0.0833333333333333,0.1666666666666666,0.0,2.7946432775872974,10,-5.709289696711701,1.0
34,0.0833333333333333,0.1666666666666666,0.0,2.7946432775872974,11,-5.184238358407142,1.0
34,0.0833333333333333,0.1666666666666666,0.0,2.7946432775872974,12,-5.162083487619431,1.0
34,0.0833333333333333,0.1666666666666666,0.0,2.7946432775872974,13,-4.955316469425351,1.0
34,0.0833333333333333,0.1666666666666666,0.0,2.7946432775872974,14,-4.945537633302594,1.0
34,0.0833333333333333,0.1666666666666666,0.0,2.7946432775872974,15,-4.049168673273805,1.0
34,0.0833333333333333,0.1666666666666666,0.0,2.7946432775872974,16,-4.02055083927443,1.0
34,0.0833333333333333,0.1666666666666666,0.0,2.7946432775872974,17,-3.3817961570312205,1.0
34,0.0833333333333333,0.1666666666666666,0.0,2.7946432775872974,18,-3.3766912394626365,1.0
34,0.0833333333333333,0.1666666666666666,0.0,2.7946432775872974,19,-0.7725543273080763,0.0
34,0.0833333333333333,0.1666666666666666,0.0,2.7946432775872974,20,-0.7607455171842947,0.0
34,0.0833333333333333,0.1666666666666666,0.0,2.7946432775872974,21,-0.600445057546573,0.0
34,0.0833333333333333,0.1666666666666666,0.0,2.7946432775872974,22,-0.5499078379091691,0.0
34,0.0833333333333333,0.1666666666666666,0.0,2.7946432775872974,23,-0.4383429301937114,0.0
34,0.0833333333333333,0.1666666666666666,0.0,2.7946432775872974,24,-0.4097772821064254,0.0
34,0.0833333333333333,0.1666666666666666,0.0,2.7946432775872974,25,0.17832931165979504,0.0
34,0.0833333333333333,0.1666666666666666,0.0,2.7946432775872974,26,0.22684917003747224,0.0
34,0.0833333333333333,0.1666666666666666,0.0,2.7946432775872974,27,2.7755077104580437,0.0
34,0.0833333333333333,0.1666666666666666,0.0,2.7946432775872974,28,2.776781851706793,0.0
34,0.0833333333333333,0.1666666666666666,0.0,2.7946432775872974,29,2.892891992662644,0.0
34,0.0833333333333333,0.1666666666666666,0.0,2.7946432775872974,30,2.8929768794642508,0.0
34,0.0833333333333333,0.1666666666666666,0.0,2.7946432775872974,31,3.4430118187324448,0.0
34,0.0833333333333333,0.1666666666666666,0.0,2.7946432775872974,32,3.4433930653854716,0.0
34,0.0833333333333333,0.1666666666666666,0.0,2.7946432775872974,33,4.111550795967061,0.0
34,0.0833333333333333,0.1666666666666666,0.0,2.7946432775872974,34,4.111578773907115,0.0
34,0.0833333333333333,0.1666666666666666,0.0,2.7946432775872974,35,4.585359718126003,0.0
34,0.0833333333333333,0.1666666666666666,0.0,2.7946432775872974,36,4.587326639290784,0.0
34,0.0833333333333333,0.1666666666666666,0.0,2.7946432775872974,37,5.089413540552354,0.0
34,0.0833333333333333,0.1666666666666666,0.0,2.7946432775872974,38,5.090617528269914,0.0
34,0.0833333333333333,0.1666666666666666,0.0,2.7946432775872974,39,5.909242251894953,0.0
34,0.0833333333333333,0.1666666666666666,0.0,2.7946432775872974,40,5.909258439839895,0.0
34,0.0833333333333333,0.1666666666666666,0.0,2.7946432775872974,41,6.754249819534043,0.0
34,0.0833333333333333,0.1666666666666666,0.0,2.7946432775872974,42,6.757304934039154,0.0
34,0.0833333333333333,0.1666666666666666,0.0,2.7946432775872974,43,7.235662229970706,0.0
34,0.0833333333333333,0.1666666666666666,0.0,2.7946432775872974,44,7.253218575333226,0.0
34,0.0833333333333333,0.1666666666666666,0.0,2.7946432775872974,45,7.311227506699278,0.0
34,0.0833333333333333,0.1666666666666666,0.0,2.7946432775872974,46,7.318657881784493,0.0
34,0.0833333333333333,0.1666666666666666,0.0,2.7946432775872974,47,8.1905618138324,0.0
34,0.0833333333333333,0.1666666666666666,0.0,2.7946432775872974,48,8.19269296172771,0.0
34,0.0833333333333333,0.1666666666666666,0.0,2.7946432775872974,49,8.640101959459564,0.0
34,0.0833333333333333,0.1666666666666666,0.0,2.7946432775872974,50,8.646578604989493,0.0
34,0.0833333333333333,0.1666666666666666,0.0,2.7946432775872974,51,8.718067251763319,0.0
34,0.0833333333333333,0.1666666666666666,0.0,2.7946432775872974,52,8.75541333461653,0.0
34,0.0833333333333333,0.1666666666666666,0.0,2.7946432775872974,53,9.285740809835815,0.0
34,0.0833333333333333,0.1666666666666666,0.0,2.7946432775872974,54,9.304903653365564,0.0
34,0.0833333333333333,0.1666666666666666,0.0,2.7946432775872974,55,9.923866418529588,0.0
34,0.0833333333333333,0.1666666666666666,0.0,2.7946432775872974,56,9.928979969428791,0.0
34,0.0833333333333333,0.1666666666666666,0.0,2.7946432775872974,57,10.061284578653389,0.0
34,0.0833333333333333,0.1666666666666666,0.0,2.7946432775872974,58,10.064505893635182,0.0
34,0.0833333333333333,0.1666666666666666,0.0,2.7946432775872974,59,11.382666221988522,0.0
34,0.0833333333333333,0.1666666666666666,0.0,2.7946432775872974,60,11.388936619249657,0.0
35,0.0555555555555555,0.111111111111111,0.0,2.9047019467235144,1,-16.93135390915246,1.0
35,0.0555555555555555,0.111111111111111,0.0,2.9047019467235144,2,-16.931087598428476,1.0
35,0.0555555555555555,0.111111111111111,0.0,2.9047019467235144,3,-15.88042965954261,1.0
35,0.0555555555555555,0.111111111111111,0.0,2.9047019467235144,4,-15.880392785027386,1.0
35,0.0555555555555555,0.111111111111111,0.0,2.9047019467235144,5,-8.441410234086693,1.0
35,0.0555555555555555,0.111111111111111,0.0,2.9047019467235144,6,-8.441030876940534,1.0
35,0.0555555555555555,0.111111111111111,0.0,2.9047019467235144,7,-5.7851961611237925,1.0
35,0.0555555555555555,0.111111111111111,0.0,2.9047019467235144,8,-5.777570647718052,1.0
35,0.0555555555555555,0.111111111111111,0.0,2.9047019467235144,9,-5.401556525403976,1.0
35,0.0555555555555555,0.111111111111111,0.0,2.9047019467235144,10,-5.3884561896096095,1.0
35,0.0555555555555555,0.111111111111111,0.0,2.9047019467235144,11,-5.336632565015499,1.0
35,0.0555555555555555,0.111111111111111,0.0,2.9047019467235144,12,-5.312792165670613,1.0
35,0.0555555555555555,0.111111111111111,0.0,2.9047019467235144,13,-4.646485787772953,1.0
35,0.0555555555555555,0.111111111111111,0.0,2.9047019467235144,14,-4.633857914225542,1.0
35,0.0555555555555555,0.111111111111111,0.0,2.9047019467235144,15,-4.143370858654579,1.0
35,0.0555555555555555,0.111111111111111,0.0,2.9047019467235144,16,-4.124013019084485,1.0
35,0.0555555555555555,0.111111111111111,0.0,2.9047019467235144,17,-3.279738798960372,1.0
35,0.0555555555555555,0.111111111111111,0.0,2.9047019467235144,18,-3.2789011484357777,1.0
35,0.0555555555555555,0.111111111111111,0.0,2.9047019467235144,19,-0.5065111007557574,0.0
35,0.0555555555555555,0.111111111111111,0.0,2.9047019467235144,20,-0.4850608700370913,0.0
35,0.0555555555555555,0.111111111111111,0.0,2.9047019467235144,21,-0.47856922556947185,0.0
35,0.0555555555555555,0.111111111111111,0.0,2.9047019467235144,22,-0.4318641325075934,0.0
35,0.0555555555555555,0.111111111111111,0.0,2.9047019467235144,23,-0.28060117452704886,0.0
35,0.0555555555555555,0.111111111111111,0.0,2.9047019467235144,24,-0.25821162453282454,0.0
35,0.0555555555555555,0.111111111111111,0.0,2.9047019467235144,25,-0.06044344925158196,0.0
35,0.0555555555555555,0.111111111111111,0.0,2.9047019467235144,26,-0.019907820409633112,0.0
35,0.0555555555555555,0.111111111111111,0.0,2.9047019467235144,27,2.534557060315565,0.0
35,0.0555555555555555,0.111111111111111,0.0,2.9047019467235144,28,2.53515188344531,0.0
35,0.0555555555555555,0.111111111111111,0.0,2.9047019467235144,29,2.66812844631885,0.0
35,0.0555555555555555,0.111111111111111,0.0,2.9047019467235144,30,2.668152802324647,0.0
35,0.0555555555555555,0.111111111111111,0.0,2.9047019467235144,31,3.2060775374374764,0.0
35,0.0555555555555555,0.111111111111111,0.0,2.9047019467235144,32,3.2062613208538857,0.0
35,0.0555555555555555,0.111111111111111,0.0,2.9047019467235144,33,3.8879775375003294,0.0
35,0.0555555555555555,0.111111111111111,0.0,2.9047019467235144,34,3.8879787784279807,0.0
35,0.0555555555555555,0.111111111111111,0.0,2.9047019467235144,35,4.10309673363084,0.0
35,0.0555555555555555,0.111111111111111,0.0,2.9047019467235144,36,4.104350782562761,0.0
35,0.0555555555555555,0.111111111111111,0.0,2.9047019467235144,37,4.743402668596511,0.0
35,0.0555555555555555,0.111111111111111,0.0,2.9047019467235144,38,4.743692733393665,0.0
35,0.0555555555555555,0.111111111111111,0.0,2.9047019467235144,39,5.702053829428831,0.0
35,0.0555555555555555,0.111111111111111,0.0,2.9047019467235144,40,5.702058975450202,0.0
35,0.0555555555555555,0.111111111111111,0.0,2.9047019467235144,41,6.643191961243074,0.0
35,0.0555555555555555,0.111111111111111,0.0,2.9047019467235144,42,6.643398865810001,0.0
35,0.0555555555555555,0.111111111111111,0.0,2.9047019467235144,43,6.708063022265629,0.0
35,0.0555555555555555,0.111111111111111,0.0,2.9047019467235144,44,6.708345140002679,0.0
35,0.0555555555555555,0.111111111111111,0.0,2.9047019467235144,45,7.546774785619119,0.0
35,0.0555555555555555,0.111111111111111,0.0,2.9047019467235144,46,7.562684624613496,0.0
35,0.0555555555555555,0.111111111111111,0.0,2.9047019467235144,47,8.19977076475416,0.0
35,0.0555555555555555,0.111111111111111,0.0,2.9047019467235144,48,8.199836323620218,0.0
35,0.0555555555555555,0.111111111111111,0.0,2.9047019467235144,49,8.42074538009075,0.0
35,0.0555555555555555,0.111111111111111,0.0,2.9047019467235144,50,8.439164542730598,0.0
35,0.0555555555555555,0.111111111111111,0.0,2.9047019467235144,51,9.053271127511572,0.0
35,0.0555555555555555,0.111111111111111,0.0,2.9047019467235144,52,9.059333546139229,0.0
35,0.0555555555555555,0.111111111111111,0.0,2.9047019467235144,53,9.10342461515539,0.0
35,0.0555555555555555,0.111111111111111,0.0,2.9047019467235144,54,9.10860202789857,0.0
35,0.0555555555555555,0.111111111111111,0.0,2.9047019467235144,55,9.915369705432692,0.0
35,0.0555555555555555,0.111111111111111,0.0,2.9047019467235144,56,9.916918046928785,0.0
35,0.0555555555555555,0.111111111111111,0.0,2.9047019467235144,57,10.040571790326812,0.0
35,0.0555555555555555,0.111111111111111,0.0,2.9047019467235144,58,10.042760377553225,0.0
35,0.0555555555555555,0.111111111111111,0.0,2.9047019467235144,59,11.31936165327857,0.0
35,0.0555555555555555,0.111111111111111,0.0,2.9047019467235144,60,11.321014221111088,0.0
36,0.0277777777777778,0.0555555555555556,0.0,3.014760615859731,1,-17.02904377624909,1.0
36,0.0277777777777778,0.0555555555555556,0.0,3.014760615859731,2,-17.029010561485627,1.0
36,0.0277777777777778,0.0555555555555556,0.0,3.014760615859731,3,-15.930538753630453,1.0
36,0.0277777777777778,0.0555555555555556,0.0,3.014760615859731,4,-15.93053414646953,1.0
36,0.0277777777777778,0.0555555555555556,0.0,3.014760615859731,5,-8.557606913056679,1.0
36,0.0277777777777778,0.0555555555555556,0.0,3.014760615859731,6,-8.557561799521286,1.0
36,0.0277777777777778,0.0555555555555556,0.0,3.014760615859731,7,-5.567782119653516,1.0
36,0.0277777777777778,0.0555555555555556,0.0,3.014760615859731,8,-5.564219259871553,1.0
36,0.0277777777777778,0.0555555555555556,0.0,3.014760615859731,9,-5.43263108775157,1.0
36,0.0277777777777778,0.0555555555555556,0.0,3.014760615859731,10,-5.429359038089099,1.0
36,0.0277777777777778,0.0555555555555556,0.0,3.014760615859731,11,-5.085038780539955,1.0
36,0.0277777777777778,0.0555555555555556,0.0,3.014760615859731,12,-5.0846083433379,1.0
36,0.0277777777777778,0.0555555555555556,0.0,3.014760615859731,13,-4.466925877008615,1.0
36,0.0277777777777778,0.0555555555555556,0.0,3.014760615859731,14,-4.45902837238992,1.0
36,0.0277777777777778,0.0555555555555556,0.0,3.014760615859731,15,-4.286339844931288,1.0
36,0.0277777777777778,0.0555555555555556,0.0,3.014760615859731,16,-4.2776950588243565,1.0
36,0.0277777777777778,0.0555555555555556,0.0,3.014760615859731,17,-3.235771175174974,1.0
36,0.0277777777777778,0.0555555555555556,0.0,3.014760615859731,18,-3.235722911907158,1.0
36,0.0277777777777778,0.0555555555555556,0.0,3.014760615859731,19,-0.3531666663829248,0.0
36,0.0277777777777778,0.0555555555555556,0.0,3.014760615859731,20,-0.34201895216429073,0.0
36,0.0277777777777778,0.0555555555555556,0.0,3.014760615859731,21,-0.24431827899379466,0.0
36,0.0277777777777778,0.0555555555555556,0.0,3.014760615859731,22,-0.24171556359979424,0.0
36,0.0277777777777778,0.0555555555555556,0.0,3.014760615859731,23,-0.20075471748707535,0.0
36,0.0277777777777778,0.0555555555555556,0.0,3.014760615859731,24,-0.1892874319418053,0.0
36,0.0277777777777778,0.0555555555555556,0.0,3.014760615859731,25,-0.14651112731456756,0.0
36,0.0277777777777778,0.0555555555555556,0.0,3.014760615859731,26,-0.14530066039992406,0.0
36,0.0277777777777778,0.0555555555555556,0.0,3.014760615859731,27,2.367439097509248,0.0
36,0.0277777777777778,0.0555555555555556,0.0,3.014760615859731,28,2.3675603628359334,0.0
36,0.0277777777777778,0.0555555555555556,0.0,3.014760615859731,29,2.5308450556783266,0.0
36,0.0277777777777778,0.0555555555555556,0.0,3.014760615859731,30,2.5308487930880386,0.0
36,0.0277777777777778,0.0555555555555556,0.0,3.014760615859731,31,3.0530065603752385,0.0
36,0.0277777777777778,0.0555555555555556,0.0,3.014760615859731,32,3.0530459300755632,0.0
36,0.0277777777777778,0.0555555555555556,0.0,3.014760615859731,33,3.718281799489981,0.0
36,0.0277777777777778,0.0555555555555556,0.0,3.014760615859731,34,3.718504579103565,0.0
36,0.0277777777777778,0.0555555555555556,0.0,3.014760615859731,35,3.752512782024694,0.0
36,0.0277777777777778,0.0555555555555556,0.0,3.014760615859731,36,3.752524344611988,0.0
36,0.0277777777777778,0.0555555555555556,0.0,3.014760615859731,37,4.572228450151026,0.0
36,0.0277777777777778,0.0555555555555556,0.0,3.014760615859731,38,4.572259714205708,0.0
36,0.0277777777777778,0.0555555555555556,0.0,3.014760615859731,39,5.5742701497649,0.0
36,0.0277777777777778,0.0555555555555556,0.0,3.014760615859731,40,5.574270818922454,0.0
36,0.0277777777777778,0.0555555555555556,0.0,3.014760615859731,41,6.260920914824199,0.0
36,0.0277777777777778,0.0555555555555556,0.0,3.014760615859731,42,6.261005338852321,0.0
36,0.0277777777777778,0.0555555555555556,0.0,3.014760615859731,43,6.5449271744389526,0.0
36,0.0277777777777778,0.0555555555555556,0.0,3.014760615859731,44,6.544935980521634,0.0
36,0.0277777777777778,0.0555555555555556,0.0,3.014760615859731,45,7.853472342780801,0.0
36,0.0277777777777778,0.0555555555555556,0.0,3.014760615859731,46,7.861066862717967,0.0
36,0.0277777777777778,0.0555555555555556,0.0,3.014760615859731,47,8.099094267497769,0.0
36,0.0277777777777778,0.0555555555555556,0.0,3.014760615859731,48,8.09947681741421,0.0
36,0.0277777777777778,0.0555555555555556,0.0,3.014760615859731,49,8.135557573873776,0.0
36,0.0277777777777778,0.0555555555555556,0.0,3.014760615859731,50,8.143108063467354,0.0
36,0.0277777777777778,0.0555555555555556,0.0,3.014760615859731,51,8.904843153145094,0.0
36,0.0277777777777778,0.0555555555555556,0.0,3.014760615859731,52,8.905178215357381,0.0
36,0.0277777777777778,0.0555555555555556,0.0,3.014760615859731,53,9.664021363394662,0.0
36,0.0277777777777778,0.0555555555555556,0.0,3.014760615859731,54,9.666337844550608,0.0
36,0.0277777777777778,0.0555555555555556,0.0,3.014760615859731,55,9.961186406679753,0.0
36,0.0277777777777778,0.0555555555555556,0.0,3.014760615859731,56,9.968511765322214,0.0
36,0.0277777777777778,0.0555555555555556,0.0,3.014760615859731,57,9.98965488706737,0.0
36,0.0277777777777778,0.0555555555555556,0.0,3.014760615859731,58,9.994479155058412,0.0
36,0.0277777777777778,0.0555555555555556,0.0,3.014760615859731,59,11.241704961345874,0.0
36,0.0277777777777778,0.0555555555555556,0.0,3.014760615859731,60,11.241877824347435,0.0
37,0.0,0.0,0.0,3.124819284995948,1,-17.06213098470763,1.0
37,0.0,0.0,0.0,3.124819284995948,2,-17.062130984565698,1.0
37,0.0,0.0,0.0,3.124819284995948,3,-15.947517691472902,1.0
37,0.0,0.0,0.0,3.124819284995948,4,-15.947517691472902,1.0
37,0.0,0.0,0.0,3.124819284995948,5,-8.598018517525212,1.0
37,0.0,0.0,0.0,3.124819284995948,6,-8.598018516957481,1.0
37,0.0,0.0,0.0,3.124819284995948,7,-5.510755063225035,1.0
37,0.0,0.0,0.0,3.124819284995948,8,-5.510755061805703,1.0
37,0.0,0.0,0.0,3.124819284995948,9,-5.440905341218972,1.0
37,0.0,0.0,0.0,3.124819284995948,10,-5.440905339799642,1.0
37,0.0,0.0,0.0,3.124819284995948,11,-4.926698968611798,1.0
37,0.0,0.0,0.0,3.124819284995948,12,-4.926698968611798,1.0
37,0.0,0.0,0.0,3.124819284995948,13,-4.439620567428847,1.0
37,0.0,0.0,0.0,3.124819284995948,14,-4.439620566861114,1.0
37,0.0,0.0,0.0,3.124819284995948,15,-4.353039399911783,1.0
37,0.0,0.0,0.0,3.124819284995948,16,-4.35303939934405,1.0
37,0.0,0.0,0.0,3.124819284995948,17,-3.224551880212901,1.0
37,0.0,0.0,0.0,3.124819284995948,18,-3.2245518795032355,1.0
37,0.0,0.0,0.0,3.124819284995948,19,-0.31558730393081436,0.0
37,0.0,0.0,0.0,3.124819284995948,20,-0.3155873034340484,0.0
37,0.0,0.0,0.0,3.124819284995948,21,-0.24058304487256132,0.0
37,0.0,0.0,0.0,3.124819284995948,22,-0.24058304437579536,0.0
37,0.0,0.0,0.0,3.124819284995948,23,-0.11779028743512152,0.0
37,0.0,0.0,0.0,3.124819284995948,24,-0.11779028672545591,0.0
37,0.0,0.0,0.0,3.124819284995948,25,-0.11068766535155636,0.0
37,0.0,0.0,0.0,3.124819284995948,26,-0.11068766471285732,0.0
37,0.0,0.0,0.0,3.124819284995948,27,2.3027225314273285,0.0
37,0.0,0.0,0.0,3.124819284995948,28,2.3027225316402284,0.0
37,0.0,0.0,0.0,3.124819284995948,29,2.4845219589579624,0.0
37,0.0,0.0,0.0,3.124819284995948,30,2.4845219589579624,0.0
37,0.0,0.0,0.0,3.124819284995948,31,2.9971186638490526,0.0
37,0.0,0.0,0.0,3.124819284995948,32,2.997118674706936,0.0
37,0.0,0.0,0.0,3.124819284995948,33,3.577538704831083,0.0
37,0.0,0.0,0.0,3.124819284995948,34,3.577538706179448,0.0
37,0.0,0.0,0.0,3.124819284995948,35,3.7070453962413197,0.0
37,0.0,0.0,0.0,3.124819284995948,36,3.7070453962413197,0.0
37,0.0,0.0,0.0,3.124819284995948,37,4.518749035649927,0.0
37,0.0,0.0,0.0,3.124819284995948,38,4.518749043527215,0.0
37,0.0,0.0,0.0,3.124819284995948,39,5.5311167195990905,0.0
37,0.0,0.0,0.0,3.124819284995948,40,5.5311167195990905,0.0
37,0.0,0.0,0.0,3.124819284995948,41,6.090702999851646,0.0
37,0.0,0.0,0.0,3.124819284995948,42,6.090702999851646,0.0
37,0.0,0.0,0.0,3.124819284995948,43,6.508704767166607,0.0
37,0.0,0.0,0.0,3.124819284995948,44,6.508704774830996,0.0
37,0.0,0.0,0.0,3.124819284995948,45,7.983589942705965,0.0
37,0.0,0.0,0.0,3.124819284995948,46,7.983589942847899,0.0
37,0.0,0.0,0.0,3.124819284995948,47,8.06155077172507,0.0
37,0.0,0.0,0.0,3.124819284995948,48,8.06155077172507,0.0
37,0.0,0.0,0.0,3.124819284995948,49,8.0639526295774,0.0
37,0.0,0.0,0.0,3.124819284995948,50,8.063952629719333,0.0
37,0.0,0.0,0.0,3.124819284995948,51,8.793702252015835,0.0
37,0.0,0.0,0.0,3.124819284995948,52,8.793702256770594,0.0
37,0.0,0.0,0.0,3.124819284995948,53,9.944727928028657,0.0
37,0.0,0.0,0.0,3.124819284995948,54,9.944727928454457,0.0
37,0.0,0.0,0.0,3.124819284995948,55,9.96762324144273,0.0
37,0.0,0.0,0.0,3.124819284995948,56,9.967623241584663,0.0
37,0.0,0.0,0.0,3.124819284995948,57,9.996195063736678,0.0
37,0.0,0.0,0.0,3.124819284995948,58,9.996195066291476,0.0
37,0.0,0.0,0.0,3.124819284995948,59,11.208698168632008,0.0
37,0.0,0.0,0.0,3.124819284995948,60,11.208698168702975,0.0
38,-0.0277777777777778,-0.0555555555555556,0.0,3.2348779541321653,1,-17.029043776332884,1.0
38,-0.0277777777777778,-0.0555555555555556,0.0,3.2348779541321653,2,-17.029010561330338,1.0
38,-0.0277777777777778,-0.0555555555555556,0.0,3.2348779541321653,3,-15.930538753689962,1.0
38,-0.0277777777777778,-0.0555555555555556,0.0,3.2348779541321653,4,-15.930534146493663,1.0
38,-0.0277777777777778,-0.0555555555555556,0.0,3.2348779541321653,5,-8.557606913756278,1.0
38,-0.0277777777777778,-0.0555555555555556,0.0,3.2348779541321653,6,-8.55756179884106,1.0
38,-0.0277777777777778,-0.0555555555555556,0.0,3.2348779541321653,7,-5.567782116573536,1.0
38,-0.0277777777777778,-0.0555555555555556,0.0,3.2348779541321653,8,-5.564219263565061,1.0
38,-0.0277777777777778,-0.0555555555555556,0.0,3.2348779541321653,9,-5.4326310811814835,1.0
38,-0.0277777777777778,-0.0555555555555556,0.0,3.2348779541321653,10,-5.429359043416667,1.0
38,-0.0277777777777778,-0.0555555555555556,0.0,3.2348779541321653,11,-5.08503878053212,1.0
38,-0.0277777777777778,-0.0555555555555556,0.0,3.2348779541321653,12,-5.084608344463751,1.0
38,-0.0277777777777778,-0.0555555555555556,0.0,3.2348779541321653,13,-4.466925877631759,1.0
38,-0.0277777777777778,-0.0555555555555556,0.0,3.2348779541321653,14,-4.459028373214855,1.0
38,-0.0277777777777778,-0.0555555555555556,0.0,3.2348779541321653,15,-4.286339844797398,1.0
38,-0.0277777777777778,-0.0555555555555556,0.0,3.2348779541321653,16,-4.277695057314009,1.0
38,-0.0277777777777778,-0.0555555555555556,0.0,3.2348779541321653,17,-3.235771175760779,1.0
38,-0.0277777777777778,-0.0555555555555556,0.0,3.2348779541321653,18,-3.2357229108154932,1.0
38,-0.0277777777777778,-0.0555555555555556,0.0,3.2348779541321653,19,-0.35316666263934626,0.0
38,-0.0277777777777778,-0.0555555555555556,0.0,3.2348779541321653,20,-0.3420189579908217,0.0
38,-0.0277777777777778,-0.0555555555555556,0.0,3.2348779541321653,21,-0.24431828581891202,0.0
38,-0.0277777777777778,-0.0555555555555556,0.0,3.2348779541321653,22,-0.2417155533235007,0.0
38,-0.0277777777777778,-0.0555555555555556,0.0,3.2348779541321653,23,-0.20075471120442157,0.0
38,-0.0277777777777778,-0.0555555555555556,0.0,3.2348779541321653,24,-0.1892874368991584,0.0
38,-0.0277777777777778,-0.0555555555555556,0.0,3.2348779541321653,25,-0.14651114036343488,0.0
38,-0.0277777777777778,-0.0555555555555556,0.0,3.2348779541321653,26,-0.1453006500107739,0.0
38,-0.0277777777777778,-0.0555555555555556,0.0,3.2348779541321653,27,2.3674390979685187,0.0
38,-0.0277777777777778,-0.0555555555555556,0.0,3.2348779541321653,28,2.36756036261598,0.0
38,-0.0277777777777778,-0.0555555555555556,0.0,3.2348779541321653,29,2.5308450555632387,0.0
38,-0.0277777777777778,-0.0555555555555556,0.0,3.2348779541321653,30,2.53084879292477,0.0
38,-0.0277777777777778,-0.0555555555555556,0.0,3.2348779541321653,31,3.053006570047123,0.0
38,-0.0277777777777778,-0.0555555555555556,0.0,3.2348779541321653,32,3.0530459206987226,0.0
38,-0.0277777777777778,-0.0555555555555556,0.0,3.2348779541321653,33,3.7182817959465355,0.0
38,-0.0277777777777778,-0.0555555555555556,0.0,3.2348779541321653,34,3.7185045747692262,0.0
38,-0.0277777777777778,-0.0555555555555556,0.0,3.2348779541321653,35,3.7525127855258704,0.0
38,-0.0277777777777778,-0.0555555555555556,0.0,3.2348779541321653,36,3.752524348827027,0.0
38,-0.0277777777777778,-0.0555555555555556,0.0,3.2348779541321653,37,4.572228456690345,0.0
38,-0.0277777777777778,-0.0555555555555556,0.0,3.2348779541321653,38,4.572259707522946,0.0
38,-0.0277777777777778,-0.0555555555555556,0.0,3.2348779541321653,39,5.574270149724272,0.0
38,-0.0277777777777778,-0.0555555555555556,0.0,3.2348779541321653,40,5.574270818913538,0.0
38,-0.0277777777777778,-0.0555555555555556,0.0,3.2348779541321653,41,6.260920914730056,0.0
38,-0.0277777777777778,-0.0555555555555556,0.0,3.2348779541321653,42,6.261005338776815,0.0
38,-0.0277777777777778,-0.0555555555555556,0.0,3.2348779541321653,43,6.544927180998414,0.0
38,-0.0277777777777778,-0.0555555555555556,0.0,3.2348779541321653,44,6.544935974000678,0.0
38,-0.0277777777777778,-0.0555555555555556,0.0,3.2348779541321653,45,7.853472343891429,0.0
38,-0.0277777777777778,-0.0555555555555556,0.0,3.2348779541321653,46,7.861066864001884,0.0
38,-0.0277777777777778,-0.0555555555555556,0.0,3.2348779541321653,47,8.09909426521515,0.0
38,-0.0277777777777778,-0.0555555555555556,0.0,3.2348779541321653,48,8.09947681502619,0.0
38,-0.0277777777777778,-0.0555555555555556,0.0,3.2348779541321653,49,8.135557574827835,0.0
38,-0.0277777777777778,-0.0555555555555556,0.0,3.2348779541321653,50,8.143108064552006,0.0
38,-0.0277777777777778,-0.0555555555555556,0.0,3.2348779541321653,51,8.90484315741282,0.0
38,-0.0277777777777778,-0.0555555555555556,0.0,3.2348779541321653,52,8.905178211755821,0.0
38,-0.0277777777777778,-0.0555555555555556,0.0,3.2348779541321653,53,9.664021358286004,0.0
38,-0.0277777777777778,-0.0555555555555556,0.0,3.2348779541321653,54,9.66633784204857,0.0
38,-0.0277777777777778,-0.0555555555555556,0.0,3.2348779541321653,55,9.961186400048618,0.0
38,-0.0277777777777778,-0.0555555555555556,0.0,3.2348779541321653,56,9.968511754391272,0.0
38,-0.0277777777777778,-0.0555555555555556,0.0,3.2348779541321653,57,9.989654886681386,0.0
38,-0.0277777777777778,-0.0555555555555556,0.0,3.2348779541321653,58,9.994479157904841,0.0
38,-0.0277777777777778,-0.0555555555555556,0.0,3.2348779541321653,59,11.241704961480853,0.0
38,-0.0277777777777778,-0.0555555555555556,0.0,3.2348779541321653,60,11.241877824431764,0.0
39,-0.0555555555555556,-0.1111111111111111,0.0,3.3449366232683824,1,-16.931353909293065,1.0
39,-0.0555555555555556,-0.1111111111111111,0.0,3.3449366232683824,2,-16.93108759824451,1.0
39,-0.0555555555555556,-0.1111111111111111,0.0,3.3449366232683824,3,-15.880429659616105,1.0
39,-0.0555555555555556,-0.1111111111111111,0.0,3.3449366232683824,4,-15.880392785018259,1.0
39,-0.0555555555555556,-0.1111111111111111,0.0,3.3449366232683824,5,-8.441410235000687,1.0
39,-0.0555555555555556,-0.1111111111111111,0.0,3.3449366232683824,6,-8.441030875878774,1.0
39,-0.0555555555555556,-0.1111111111111111,0.0,3.3449366232683824,7,-5.785196157550584,1.0
39,-0.0555555555555556,-0.1111111111111111,0.0,3.3449366232683824,8,-5.777570651496,1.0
39,-0.0555555555555556,-0.1111111111111111,0.0,3.3449366232683824,9,-5.401556522136607,1.0
39,-0.0555555555555556,-0.1111111111111111,0.0,3.3449366232683824,10,-5.388456190345244,1.0
39,-0.0555555555555556,-0.1111111111111111,0.0,3.3449366232683824,11,-5.33663255742274,1.0
39,-0.0555555555555556,-0.1111111111111111,0.0,3.3449366232683824,12,-5.312792176291533,1.0
39,-0.0555555555555556,-0.1111111111111111,0.0,3.3449366232683824,13,-4.6464857883031545,1.0
39,-0.0555555555555556,-0.1111111111111111,0.0,3.3449366232683824,14,-4.633857914657589,1.0
39,-0.0555555555555556,-0.1111111111111111,0.0,3.3449366232683824,15,-4.143370858919921,1.0
39,-0.0555555555555556,-0.1111111111111111,0.0,3.3449366232683824,16,-4.124013017967168,1.0
39,-0.0555555555555556,-0.1111111111111111,0.0,3.3449366232683824,17,-3.2797387997280927,1.0
39,-0.0555555555555556,-0.1111111111111111,0.0,3.3449366232683824,18,-3.27890114666254,1.0
39,-0.0555555555555556,-0.1111111111111111,0.0,3.3449366232683824,19,-0.5065111013774332,0.0
39,-0.0555555555555556,-0.1111111111111111,0.0,3.3449366232683824,20,-0.4850608708473503,0.0
39,-0.0555555555555556,-0.1111111111111111,0.0,3.3449366232683824,21,-0.4785692308054884,0.0
39,-0.0555555555555556,-0.1111111111111111,0.0,3.3449366232683824,22,-0.43186412445694533,0.0
39,-0.0555555555555556,-0.1111111111111111,0.0,3.3449366232683824,23,-0.2806011645674973,0.0
39,-0.0555555555555556,-0.1111111111111111,0.0,3.3449366232683824,24,-0.25821163631929334,0.0
39,-0.0555555555555556,-0.1111111111111111,0.0,3.3449366232683824,25,-0.06044344713635383,0.0
39,-0.0555555555555556,-0.1111111111111111,0.0,3.3449366232683824,26,-0.01990782210127333,0.0
39,-0.0555555555555556,-0.1111111111111111,0.0,3.3449366232683824,27,2.5345570611504913,0.0
39,-0.0555555555555556,-0.1111111111111111,0.0,3.3449366232683824,28,2.5351518830121895,0.0
39,-0.0555555555555556,-0.1111111111111111,0.0,3.3449366232683824,29,2.6681284461455315,0.0
39,-0.0555555555555556,-0.1111111111111111,0.0,3.3449366232683824,30,2.668152802052208,0.0
39,-0.0555555555555556,-0.1111111111111111,0.0,3.3449366232683824,31,3.2060775475218843,0.0
39,-0.0555555555555556,-0.1111111111111111,0.0,3.3449366232683824,32,3.2062613111227662,0.0
39,-0.0555555555555556,-0.1111111111111111,0.0,3.3449366232683824,33,3.8879775364971056,0.0
39,-0.0555555555555556,-0.1111111111111111,0.0,3.3449366232683824,34,3.887978777020064,0.0
39,-0.0555555555555556,-0.1111111111111111,0.0,3.3449366232683824,35,4.1030967362838995,0.0
39,-0.0555555555555556,-0.1111111111111111,0.0,3.3449366232683824,36,4.104350782212008,0.0
39,-0.0555555555555556,-0.1111111111111111,0.0,3.3449366232683824,37,4.743402674599189,0.0
39,-0.0555555555555556,-0.1111111111111111,0.0,3.3449366232683824,38,4.743692727082521,0.0
39,-0.0555555555555556,-0.1111111111111111,0.0,3.3449366232683824,39,5.702053829428205,0.0
39,-0.0555555555555556,-0.1111111111111111,0.0,3.3449366232683824,40,5.702058975445037,0.0
39,-0.0555555555555556,-0.1111111111111111,0.0,3.3449366232683824,41,6.6431919550007725,0.0
39,-0.0555555555555556,-0.1111111111111111,0.0,3.3449366232683824,42,6.643398871758839,0.0
39,-0.0555555555555556,-0.1111111111111111,0.0,3.3449366232683824,43,6.7080630220365185,0.0
39,-0.0555555555555556,-0.1111111111111111,0.0,3.3449366232683824,44,6.708345139974039,0.0
39,-0.0555555555555556,-0.1111111111111111,0.0,3.3449366232683824,45,7.546774786736587,0.0
39,-0.0555555555555556,-0.1111111111111111,0.0,3.3449366232683824,46,7.562684624843384,0.0
39,-0.0555555555555556,-0.1111111111111111,0.0,3.3449366232683824,47,8.199770764359997,0.0
39,-0.0555555555555556,-0.1111111111111111,0.0,3.3449366232683824,48,8.199836322009116,0.0
39,-0.0555555555555556,-0.1111111111111111,0.0,3.3449366232683824,49,8.42074538006743,0.0
39,-0.0555555555555556,-0.1111111111111111,0.0,3.3449366232683824,50,8.439164543422333,0.0
39,-0.0555555555555556,-0.1111111111111111,0.0,3.3449366232683824,51,9.053271140226176,0.0
39,-0.0555555555555556,-0.1111111111111111,0.0,3.3449366232683824,52,9.059333557277384,0.0
39,-0.0555555555555556,-0.1111111111111111,0.0,3.3449366232683824,53,9.103424608515716,0.0
39,-0.0555555555555556,-0.1111111111111111,0.0,3.3449366232683824,54,9.108602011848394,0.0
39,-0.0555555555555556,-0.1111111111111111,0.0,3.3449366232683824,55,9.915369714008776,0.0
39,-0.0555555555555556,-0.1111111111111111,0.0,3.3449366232683824,56,9.916918057522249,0.0
39,-0.0555555555555556,-0.1111111111111111,0.0,3.3449366232683824,57,10.04057179077602,0.0
39,-0.0555555555555556,-0.1111111111111111,0.0,3.3449366232683824,58,10.042760378001642,0.0
39,-0.0555555555555556,-0.1111111111111111,0.0,3.3449366232683824,59,11.319361662269454,0.0
39,-0.0555555555555556,-0.1111111111111111,0.0,3.3449366232683824,60,11.321014251438644,0.0
40,-0.0833333333333333,-0.1666666666666667,0.0,3.4549952924045995,1,-16.773693844297313,1.0
40,-0.0833333333333333,-0.1666666666666667,0.0,3.4549952924045995,2,-16.772792357285454,1.0
40,-0.0833333333333333,-0.1666666666666667,0.0,3.4549952924045995,3,-15.799678682858517,1.0
40,-0.0833333333333333,-0.1666666666666667,0.0,3.4549952924045995,4,-15.799554305594636,1.0
40,-0.0833333333333333,-0.1666666666666667,0.0,3.4549952924045995,5,-8.265649397020141,1.0
40,-0.0833333333333333,-0.1666666666666667,0.0,3.4549952924045995,6,-8.264240828005093,1.0
40,-0.0833333333333333,-0.1666666666666667,0.0,3.4549952924045995,7,-6.096947304828559,1.0
40,-0.0833333333333333,-0.1666666666666667,0.0,3.4549952924045995,8,-6.087151024399024,1.0
40,-0.0833333333333333,-0.1666666666666667,0.0,3.4549952924045995,9,-5.7094046780190695,1.0
40,-0.0833333333333333,-0.1666666666666667,0.0,3.4549952924045995,10,-5.709289696484564,1.0
40,-0.0833333333333333,-0.1666666666666667,0.0,3.4549952924045995,11,-5.1842383526247975,1.0
40,-0.0833333333333333,-0.1666666666666667,0.0,3.4549952924045995,12,-5.162083494560412,1.0
40,-0.0833333333333333,-0.1666666666666667,0.0,3.4549952924045995,13,-4.955316469897992,1.0
40,-0.0833333333333333,-0.1666666666666667,0.0,3.4549952924045995,14,-4.945537633394089,1.0
40,-0.0833333333333333,-0.1666666666666667,0.0,3.4549952924045995,15,-4.04916867381727,1.0
40,-0.0833333333333333,-0.1666666666666667,0.0,3.4549952924045995,16,-4.020550838145457,1.0
40,-0.0833333333333333,-0.1666666666666667,0.0,3.4549952924045995,17,-3.38179615826597,1.0
40,-0.0833333333333333,-0.1666666666666667,0.0,3.4549952924045995,18,-3.3766912367714914,1.0
40,-0.0833333333333333,-0.1666666666666667,0.0,3.4549952924045995,19,-0.7725543209057524,0.0
40,-0.0833333333333333,-0.1666666666666667,0.0,3.4549952924045995,20,-0.7607455265284384,0.0
40,-0.0833333333333333,-0.1666666666666667,0.0,3.4549952924045995,21,-0.6004450540586066,0.0
40,-0.0833333333333333,-0.1666666666666667,0.0,3.4549952924045995,22,-0.5499078362566567,0.0
40,-0.0833333333333333,-0.1666666666666667,0.0,3.4549952924045995,23,-0.4383429202723705,0.0
40,-0.0833333333333333,-0.1666666666666667,0.0,3.4549952924045995,24,-0.40977729455743644,0.0
40,-0.0833333333333333,-0.1666666666666667,0.0,3.4549952924045995,25,0.17832931424511456,0.0
40,-0.0833333333333333,-0.1666666666666667,0.0,3.4549952924045995,26,0.22684916776647907,0.0
40,-0.0833333333333333,-0.1666666666666667,0.0,3.4549952924045995,27,2.7755077114557025,0.0
40,-0.0833333333333333,-0.1666666666666667,0.0,3.4549952924045995,28,2.776781851123839,0.0
40,-0.0833333333333333,-0.1666666666666667,0.0,3.4549952924045995,29,2.8928919924949485,0.0
40,-0.0833333333333333,-0.1666666666666667,0.0,3.4549952924045995,30,2.892976879216961,0.0
40,-0.0833333333333333,-0.1666666666666667,0.0,3.4549952924045995,31,3.443011829146322,0.0
40,-0.0833333333333333,-0.1666666666666667,0.0,3.4549952924045995,32,3.4433930554047674,0.0
40,-0.0833333333333333,-0.1666666666666667,0.0,3.4549952924045995,33,4.1115507953922865,0.0
40,-0.0833333333333333,-0.1666666666666667,0.0,3.4549952924045995,34,4.111578773064002,0.0
40,-0.0833333333333333,-0.1666666666666667,0.0,3.4549952924045995,35,4.5853597228711,0.0
40,-0.0833333333333333,-0.1666666666666667,0.0,3.4549952924045995,36,4.587326636177687,0.0
40,-0.0833333333333333,-0.1666666666666667,0.0,3.4549952924045995,37,5.0894135444146436,0.0
40,-0.0833333333333333,-0.1666666666666667,0.0,3.4549952924045995,38,5.090617523892362,0.0
40,-0.0833333333333333,-0.1666666666666667,0.0,3.4549952924045995,39,5.909242251873503,0.0
40,-0.0833333333333333,-0.1666666666666667,0.0,3.4549952924045995,40,5.909258439824136,0.0
40,-0.0833333333333333,-0.1666666666666667,0.0,3.4549952924045995,41,6.754249823806131,0.0
40,-0.0833333333333333,-0.1666666666666667,0.0,3.4549952924045995,42,6.757304929428852,0.0
40,-0.0833333333333333,-0.1666666666666667,0.0,3.4549952924045995,43,7.235662229534174,0.0
40,-0.0833333333333333,-0.1666666666666667,0.0,3.4549952924045995,44,7.253218573076877,0.0
40,-0.0833333333333333,-0.1666666666666667,0.0,3.4549952924045995,45,7.311227509570587,0.0
40,-0.0833333333333333,-0.1666666666666667,0.0,3.4549952924045995,46,7.318657882475203,0.0
40,-0.0833333333333333,-0.1666666666666667,0.0,3.4549952924045995,47,8.190561813513085,0.0
40,-0.0833333333333333,-0.1666666666666667,0.0,3.4549952924045995,48,8.192692960506777,0.0
40,-0.0833333333333333,-0.1666666666666667,0.0,3.4549952924045995,49,8.640101959600425,0.0
40,-0.0833333333333333,-0.1666666666666667,0.0,3.4549952924045995,50,8.646578606538215,0.0
40,-0.0833333333333333,-0.1666666666666667,0.0,3.4549952924045995,51,8.71806725431165,0.0
40,-0.0833333333333333,-0.1666666666666667,0.0,3.4549952924045995,52,8.755413334220757,0.0
40,-0.0833333333333333,-0.1666666666666667,0.0,3.4549952924045995,53,9.285740811969813,0.0
40,-0.0833333333333333,-0.1666666666666667,0.0,3.4549952924045995,54,9.304903646050912,0.0
40,-0.0833333333333333,-0.1666666666666667,0.0,3.4549952924045995,55,9.923866415620678,0.0
40,-0.0833333333333333,-0.1666666666666667,0.0,3.4549952924045995,56,9.928979975243324,0.0
40,-0.0833333333333333,-0.1666666666666667,0.0,3.4549952924045995,57,10.061284575665553,0.0
40,-0.0833333333333333,-0.1666666666666667,0.0,3.4549952924045995,58,10.064505894498145,0.0
40,-0.0833333333333333,-0.1666666666666667,0.0,3.4549952924045995,59,11.382664959734168,0.0
40,-0.0833333333333333,-0.1666666666666667,0.0,3.4549952924045995,60,11.388927654475708,0.0
41,-0.1111111111111111,-0.2222222222222222,0.0,3.565053961540816,1,-16.563870330815455,1.0
41,-0.1111111111111111,-0.2222222222222222,0.0,3.565053961540816,2,-16.561725884332,1.0
41,-0.1111111111111111,-0.2222222222222222,0.0,3.565053961540816,3,-15.692464915275332,1.0
41,-0.1111111111111111,-0.2222222222222222,0.0,3.565053961540816,4,-15.69217110304083,1.0
41,-0.1111111111111111,-0.2222222222222222,0.0,3.565053961540816,5,-8.063064656972509,1.0
41,-0.1111111111111111,-0.2222222222222222,0.0,3.565053961540816,6,-8.059176758893951,1.0
41,-0.1111111111111111,-0.2222222222222222,0.0,3.565053961540816,7,-6.429975772370643,1.0
41,-0.1111111111111111,-0.2222222222222222,0.0,3.565053961540816,8,-6.421145958551151,1.0
41,-0.1111111111111111,-0.2222222222222222,0.0,3.565053961540816,9,-6.013071568720795,1.0
41,-0.1111111111111111,-0.2222222222222222,0.0,3.565053961540816,10,-6.006559551419199,1.0
41,-0.1111111111111111,-0.2222222222222222,0.0,3.565053961540816,11,-5.370430969990371,1.0
41,-0.1111111111111111,-0.2222222222222222,0.0,3.565053961540816,12,-5.367679314422924,1.0
41,-0.1111111111111111,-0.2222222222222222,0.0,3.565053961540816,13,-5.006389438960465,1.0
41,-0.1111111111111111,-0.2222222222222222,0.0,3.565053961540816,14,-4.974345112123167,1.0
41,-0.1111111111111111,-0.2222222222222222,0.0,3.565053961540816,15,-4.0230651017971475,1.0
41,-0.1111111111111111,-0.2222222222222222,0.0,3.565053961540816,16,-3.988279131849331,1.0
41,-0.1111111111111111,-0.2222222222222222,0.0,3.565053961540816,17,-3.5569900848770466,1.0
41,-0.1111111111111111,-0.2222222222222222,0.0,3.565053961540816,18,-3.5388952288369726,1.0
41,-0.1111111111111111,-0.2222222222222222,0.0,3.565053961540816,19,-0.9990594353603309,0.0
41,-0.1111111111111111,-0.2222222222222222,0.0,3.565053961540816,20,-0.990366754718786,0.0
41,-0.1111111111111111,-0.2222222222222222,0.0,3.565053961540816,21,-0.638782117507929,0.0
41,-0.1111111111111111,-0.2222222222222222,0.0,3.565053961540816,22,-0.6132253801386208,0.0
41,-0.1111111111111111,-0.2222222222222222,0.0,3.565053961540816,23,-0.5819567815388701,0.0
41,-0.1111111111111111,-0.2222222222222222,0.0,3.565053961540816,24,-0.5308812900216641,0.0
41,-0.1111111111111111,-0.2222222222222222,0.0,3.565053961540816,25,0.46051027000668265,0.0
41,-0.1111111111111111,-0.2222222222222222,0.0,3.565053961540816,26,0.5115129367251542,0.0
41,-0.1111111111111111,-0.2222222222222222,0.0,3.565053961540816,27,3.0845896544067495,0.0
41,-0.1111111111111111,-0.2222222222222222,0.0,3.565053961540816,28,3.086820339778577,0.0
41,-0.1111111111111111,-0.2222222222222222,0.0,3.565053961540816,29,3.2006847804015104,0.0
41,-0.1111111111111111,-0.2222222222222222,0.0,3.565053961540816,30,3.2009351428987536,0.0
41,-0.1111111111111111,-0.2222222222222222,0.0,3.565053961540816,31,3.7631957692793083,0.0
41,-0.1111111111111111,-0.2222222222222222,0.0,3.565053961540816,32,3.763832842936756,0.0
41,-0.1111111111111111,-0.2222222222222222,0.0,3.565053961540816,33,4.420232488993545,0.0
41,-0.1111111111111111,-0.2222222222222222,0.0,3.565053961540816,34,4.4203178963594425,0.0
41,-0.1111111111111111,-0.2222222222222222,0.0,3.565053961540816,35,5.003679350298505,0.0
41,-0.1111111111111111,-0.2222222222222222,0.0,3.565053961540816,36,5.0050396562719826,0.0
41,-0.1111111111111111,-0.2222222222222222,0.0,3.565053961540816,37,5.637671659997537,0.0
41,-0.1111111111111111,-0.2222222222222222,0.0,3.565053961540816,38,5.638469482719037,0.0
41,-0.1111111111111111,-0.2222222222222222,0.0,3.565053961540816,39,6.183519281033533,0.0
41,-0.1111111111111111,-0.2222222222222222,0.0,3.565053961540816,40,6.183530615558805,0.0
41,-0.1111111111111111,-0.2222222222222222,0.0,3.565053961540816,41,6.723326638813695,0.0
41,-0.1111111111111111,-0.2222222222222222,0.0,3.565053961540816,42,6.747677772539209,0.0
41,-0.1111111111111111,-0.2222222222222222,0.0,3.565053961540816,43,7.282358163401678,0.0
41,-0.1111111111111111,-0.2222222222222222,0.0,3.565053961540816,44,7.305076290588268,0.0
41,-0.1111111111111111,-0.2222222222222222,0.0,3.565053961540816,45,7.445687181556922,0.0
41,-0.1111111111111111,-0.2222222222222222,0.0,3.565053961540816,46,7.447499799431089,0.0
41,-0.1111111111111111,-0.2222222222222222,0.0,3.565053961540816,47,8.088537826075667,0.0
41,-0.1111111111111111,-0.2222222222222222,0.0,3.565053961540816,48,8.097411403727905,0.0
41,-0.1111111111111111,-0.2222222222222222,0.0,3.565053961540816,49,8.709273246619768,0.0
41,-0.1111111111111111,-0.2222222222222222,0.0,3.565053961540816,50,8.75815148708167,0.0
41,-0.1111111111111111,-0.2222222222222222,0.0,3.565053961540816,51,8.80442852598692,0.0
41,-0.1111111111111111,-0.2222222222222222,0.0,3.565053961540816,52,8.81052406446472,0.0
41,-0.1111111111111111,-0.2222222222222222,0.0,3.565053961540816,53,9.536482683036487,0.0
41,-0.1111111111111111,-0.2222222222222222,0.0,3.565053961540816,54,9.572693230668397,0.0
41,-0.1111111111111111,-0.2222222222222222,0.0,3.565053961540816,55,9.952805934454547,0.0
41,-0.1111111111111111,-0.2222222222222222,0.0,3.565053961540816,56,9.954592387630486,0.0
41,-0.1111111111111111,-0.2222222222222222,0.0,3.565053961540816,57,10.19062680908697,0.0
41,-0.1111111111111111,-0.2222222222222222,0.0,3.565053961540816,58,10.225953666481951,0.0
41,-0.1111111111111111,-0.2222222222222222,0.0,3.565053961540816,59,11.267921073653818,0.0
41,-0.1111111111111111,-0.2222222222222222,0.0,3.565053961540816,60,11.361021814973705,0.0
42,-0.1388888888888889,-0.2777777777777778,0.0,3.675112630677033,1,-16.313096688961274,1.0
42,-0.1388888888888889,-0.2777777777777778,0.0,3.675112630677033,2,-16.30889831758102,1.0
42,-0.1388888888888889,-0.2777777777777778,0.0,3.675112630677033,3,-15.564664895130045,1.0
42,-0.1388888888888889,-0.2777777777777778,0.0,3.675112630677033,4,-15.564096585640714,1.0
42,-0.1388888888888889,-0.2777777777777778,0.0,3.675112630677033,5,-7.89747531372147,1.0
42,-0.1388888888888889,-0.2777777777777778,0.0,3.675112630677033,6,-7.888500147524189,1.0
42,-0.1388888888888889,-0.2777777777777778,0.0,3.675112630677033,7,-6.69725128919983,1.0
42,-0.1388888888888889,-0.2777777777777778,0.0,3.675112630677033,8,-6.694276736969128,1.0
42,-0.1388888888888889,-0.2777777777777778,0.0,3.675112630677033,9,-6.298908364730941,1.0
42,-0.1388888888888889,-0.2777777777777778,0.0,3.675112630677033,10,-6.280771880531258,1.0
42,-0.1388888888888889,-0.2777777777777778,0.0,3.675112630677033,11,-5.833161067158963,1.0
42,-0.1388888888888889,-0.2777777777777778,0.0,3.675112630677033,12,-5.820570784626128,1.0
42,-0.1388888888888889,-0.2777777777777778,0.0,3.675112630677033,13,-4.885044475267023,1.0
42,-0.1388888888888889,-0.2777777777777778,0.0,3.675112630677033,14,-4.83295004209614,1.0
42,-0.1388888888888889,-0.2777777777777778,0.0,3.675112630677033,15,-4.065299795256797,1.0
42,-0.1388888888888889,-0.2777777777777778,0.0,3.675112630677033,16,-4.027510217449965,1.0
42,-0.1388888888888889,-0.2777777777777778,0.0,3.675112630677033,17,-3.76150454748867,1.0
42,-0.1388888888888889,-0.2777777777777778,0.0,3.675112630677033,18,-3.7165849304550767,1.0
42,-0.1388888888888889,-0.2777777777777778,0.0,3.675112630677033,19,-1.1783669643598333,0.0
42,-0.1388888888888889,-0.2777777777777778,0.0,3.675112630677033,20,-1.139051723476502,0.0
42,-0.1388888888888889,-0.2777777777777778,0.0,3.675112630677033,21,-0.6669065664707702,0.0
42,-0.1388888888888889,-0.2777777777777778,0.0,3.675112630677033,22,-0.6585151795284663,0.0
42,-0.1388888888888889,-0.2777777777777778,0.0,3.675112630677033,23,-0.569904399631583,0.0
42,-0.1388888888888889,-0.2777777777777778,0.0,3.675112630677033,24,-0.5009490374140132,0.0
42,-0.1388888888888889,-0.2777777777777778,0.0,3.675112630677033,25,0.7399559633659815,0.0
42,-0.1388888888888889,-0.2777777777777778,0.0,3.675112630677033,26,0.7875737379164037,0.0
42,-0.1388888888888889,-0.2777777777777778,0.0,3.675112630677033,27,3.4601622515973425,0.0
42,-0.1388888888888889,-0.2777777777777778,0.0,3.675112630677033,28,3.4639722357247678,0.0
42,-0.1388888888888889,-0.2777777777777778,0.0,3.675112630677033,29,3.5848206742123567,0.0
42,-0.1388888888888889,-0.2777777777777778,0.0,3.675112630677033,30,3.5854212775594343,0.0
42,-0.1388888888888889,-0.2777777777777778,0.0,3.675112630677033,31,4.16821408877667,0.0
42,-0.1388888888888889,-0.2777777777777778,0.0,3.675112630677033,32,4.169204433836269,0.0
42,-0.1388888888888889,-0.2777777777777778,0.0,3.675112630677033,33,4.809442214425735,0.0
42,-0.1388888888888889,-0.2777777777777778,0.0,3.675112630677033,34,4.80961420769038,0.0
42,-0.1388888888888889,-0.2777777777777778,0.0,3.675112630677033,35,5.401923939603254,0.0
42,-0.1388888888888889,-0.2777777777777778,0.0,3.675112630677033,36,5.40259914215609,0.0
42,-0.1388888888888889,-0.2777777777777778,0.0,3.675112630677033,37,6.028923670776617,0.0
42,-0.1388888888888889,-0.2777777777777778,0.0,3.675112630677033,38,6.038720734665981,0.0
42,-0.1388888888888889,-0.2777777777777778,0.0,3.675112630677033,39,6.4871107607978775,0.0
42,-0.1388888888888889,-0.2777777777777778,0.0,3.675112630677033,40,6.48769674514681,0.0
42,-0.1388888888888889,-0.2777777777777778,0.0,3.675112630677033,41,6.7346705505804625,0.0
42,-0.1388888888888889,-0.2777777777777778,0.0,3.675112630677033,42,6.78373835423759,0.0
42,-0.1388888888888889,-0.2777777777777778,0.0,3.675112630677033,43,7.157117998233538,0.0
42,-0.1388888888888889,-0.2777777777777778,0.0,3.675112630677033,44,7.1593029061266815,0.0
42,-0.1388888888888889,-0.2777777777777778,0.0,3.675112630677033,45,7.498922910118287,0.0
42,-0.1388888888888889,-0.2777777777777778,0.0,3.675112630677033,46,7.514236830491225,0.0
42,-0.1388888888888889,-0.2777777777777778,0.0,3.675112630677033,47,8.355005478196576,0.0
42,-0.1388888888888889,-0.2777777777777778,0.0,3.675112630677033,48,8.36201676970653,0.0
42,-0.1388888888888889,-0.2777777777777778,0.0,3.675112630677033,49,8.597074176540518,0.0
42,-0.1388888888888889,-0.2777777777777778,0.0,3.675112630677033,50,8.645206686743167,0.0
42,-0.1388888888888889,-0.2777777777777778,0.0,3.675112630677033,51,9.095226227143216,0.0
42,-0.1388888888888889,-0.2777777777777778,0.0,3.675112630677033,52,9.109528790544568,0.0
42,-0.1388888888888889,-0.2777777777777778,0.0,3.675112630677033,53,9.712211188947398,0.0
42,-0.1388888888888889,-0.2777777777777778,0.0,3.675112630677033,54,9.726307495024448,0.0
42,-0.1388888888888889,-0.2777777777777778,0.0,3.675112630677033,55,9.870937780990031,0.0
42,-0.1388888888888889,-0.2777777777777778,0.0,3.675112630677033,56,9.875413746858852,0.0
42,-0.1388888888888889,-0.2777777777777778,0.0,3.675112630677033,57,10.033859807995997,0.0
42,-0.1388888888888889,-0.2777777777777778,0.0,3.675112630677033,58,10.106988643970665,0.0
42,-0.1388888888888889,-0.2777777777777778,0.0,3.675112630677033,59,11.195621895177652,0.0
42,-0.1388888888888889,-0.2777777777777778,0.0,3.675112630677033,60,11.204932205145054,0.0
43,-0.1666666666666667,-0.3333333333333333,0.0,3.7851712998132503,1,-16.036485397335422,1.0
43,-0.1666666666666667,-0.3333333333333333,0.0,3.7851712998132503,2,-16.029245222123187,1.0
43,-0.1666666666666667,-0.3333333333333333,0.0,3.7851712998132503,3,-15.423940920625196,1.0
43,-0.1666666666666667,-0.3333333333333333,0.0,3.7851712998132503,4,-15.422978804384265,1.0
43,-0.1666666666666667,-0.3333333333333333,0.0,3.7851712998132503,5,-7.86311540188663,1.0
43,-0.1666666666666667,-0.3333333333333333,0.0,3.7851712998132503,6,-7.848702788993937,1.0
43,-0.1666666666666667,-0.3333333333333333,0.0,3.7851712998132503,7,-6.803839831776969,1.0
43,-0.1666666666666667,-0.3333333333333333,0.0,3.7851712998132503,8,-6.798448345204338,1.0
43,-0.1666666666666667,-0.3333333333333333,0.0,3.7851712998132503,9,-6.640469684060959,1.0
43,-0.1666666666666667,-0.3333333333333333,0.0,3.7851712998132503,10,-6.61165519418958,1.0
43,-0.1666666666666667,-0.3333333333333333,0.0,3.7851712998132503,11,-6.196408044459164,1.0
43,-0.1666666666666667,-0.3333333333333333,0.0,3.7851712998132503,12,-6.169939470196893,1.0
43,-0.1666666666666667,-0.3333333333333333,0.0,3.7851712998132503,13,-4.936705928039262,1.0
43,-0.1666666666666667,-0.3333333333333333,0.0,3.7851712998132503,14,-4.867933078501087,1.0
43,-0.1666666666666667,-0.3333333333333333,0.0,3.7851712998132503,15,-4.171064057371624,1.0
43,-0.1666666666666667,-0.3333333333333333,0.0,3.7851712998132503,16,-4.136213521779272,1.0
43,-0.1666666666666667,-0.3333333333333333,0.0,3.7851712998132503,17,-3.873382295615868,1.0
43,-0.1666666666666667,-0.3333333333333333,0.0,3.7851712998132503,18,-3.7962652076555834,1.0
43,-0.1666666666666667,-0.3333333333333333,0.0,3.7851712998132503,19,-1.2701335354054115,0.0
43,-0.1666666666666667,-0.3333333333333333,0.0,3.7851712998132503,20,-1.2049233035528828,0.0
43,-0.1666666666666667,-0.3333333333333333,0.0,3.7851712998132503,21,-0.6361874152687276,0.0
43,-0.1666666666666667,-0.3333333333333333,0.0,3.7851712998132503,22,-0.6229412221786362,0.0
43,-0.1666666666666667,-0.3333333333333333,0.0,3.7851712998132503,23,-0.445441531368275,0.0
43,-0.1666666666666667,-0.3333333333333333,0.0,3.7851712998132503,24,-0.3882981047197772,0.0
43,-0.1666666666666667,-0.3333333333333333,0.0,3.7851712998132503,25,0.9799480697772741,0.0
43,-0.1666666666666667,-0.3333333333333333,0.0,3.7851712998132503,26,1.017384125669904,0.0
43,-0.1666666666666667,-0.3333333333333333,0.0,3.7851712998132503,27,3.8950601316230147,0.0
43,-0.1666666666666667,-0.3333333333333333,0.0,3.7851712998132503,28,3.9019151594537167,0.0
43,-0.1666666666666667,-0.3333333333333333,0.0,3.7851712998132503,29,4.035222380053333,0.0
43,-0.1666666666666667,-0.3333333333333333,0.0,3.7851712998132503,30,4.0363402699886075,0.0
43,-0.1666666666666667,-0.3333333333333333,0.0,3.7851712998132503,31,4.658773867467053,0.0
43,-0.1666666666666667,-0.3333333333333333,0.0,3.7851712998132503,32,4.660311170332572,0.0
43,-0.1666666666666667,-0.3333333333333333,0.0,3.7851712998132503,33,5.2719315255531916,0.0
43,-0.1666666666666667,-0.3333333333333333,0.0,3.7851712998132503,34,5.272123628161813,0.0
43,-0.1666666666666667,-0.3333333333333333,0.0,3.7851712998132503,35,5.693319478719125,0.0
43,-0.1666666666666667,-0.3333333333333333,0.0,3.7851712998132503,36,5.715338026080545,0.0
43,-0.1666666666666667,-0.3333333333333333,0.0,3.7851712998132503,37,5.966687158007971,0.0
43,-0.1666666666666667,-0.3333333333333333,0.0,3.7851712998132503,38,5.986084783879572,0.0
43,-0.1666666666666667,-0.3333333333333333,0.0,3.7851712998132503,39,6.657561367781196,0.0
43,-0.1666666666666667,-0.3333333333333333,0.0,3.7851712998132503,40,6.65972533199523,0.0
43,-0.1666666666666667,-0.3333333333333333,0.0,3.7851712998132503,41,7.12083818399979,0.0
43,-0.1666666666666667,-0.3333333333333333,0.0,3.7851712998132503,42,7.124933497500253,0.0
43,-0.1666666666666667,-0.3333333333333333,0.0,3.7851712998132503,43,7.160636368143776,0.0
43,-0.1666666666666667,-0.3333333333333333,0.0,3.7851712998132503,44,7.194007579497435,0.0
43,-0.1666666666666667,-0.3333333333333333,0.0,3.7851712998132503,45,7.754992082954329,0.0
43,-0.1666666666666667,-0.3333333333333333,0.0,3.7851712998132503,46,7.773550161326432,0.0
43,-0.1666666666666667,-0.3333333333333333,0.0,3.7851712998132503,47,8.520279492473218,0.0
43,-0.1666666666666667,-0.3333333333333333,0.0,3.7851712998132503,48,8.542095443666113,0.0
43,-0.1666666666666667,-0.3333333333333333,0.0,3.7851712998132503,49,8.649513716555258,0.0
43,-0.1666666666666667,-0.3333333333333333,0.0,3.7851712998132503,50,8.705181631618832,0.0
43,-0.1666666666666667,-0.3333333333333333,0.0,3.7851712998132503,51,9.052378262832452,0.0
43,-0.1666666666666667,-0.3333333333333333,0.0,3.7851712998132503,52,9.100178849305593,0.0
43,-0.1666666666666667,-0.3333333333333333,0.0,3.7851712998132503,53,9.324783849065003,0.0
43,-0.1666666666666667,-0.3333333333333333,0.0,3.7851712998132503,54,9.345093366729632,0.0
43,-0.1666666666666667,-0.3333333333333333,0.0,3.7851712998132503,55,10.055270033611947,0.0
43,-0.1666666666666667,-0.3333333333333333,0.0,3.7851712998132503,56,10.077510461681747,0.0
43,-0.1666666666666667,-0.3333333333333333,0.0,3.7851712998132503,57,10.094339683893082,0.0
43,-0.1666666666666667,-0.3333333333333333,0.0,3.7851712998132503,58,10.10368034701677,0.0
43,-0.1666666666666667,-0.3333333333333333,0.0,3.7851712998132503,59,11.818698819229251,0.0
43,-0.1666666666666667,-0.3333333333333333,0.0,3.7851712998132503,60,11.871468426022012,0.0
44,-0.1944444444444444,-0.3888888888888889,0.0,3.8952299689494674,1,-15.75323478656043,1.0
44,-0.1944444444444444,-0.3888888888888889,0.0,3.8952299689494674,2,-15.741880124358488,1.0
44,-0.1944444444444444,-0.3888888888888889,0.0,3.8952299689494674,3,-15.279566146724843,1.0
44,-0.1944444444444444,-0.3888888888888889,0.0,3.8952299689494674,4,-15.278095429229616,1.0
44,-0.1944444444444444,-0.3888888888888889,0.0,3.8952299689494674,5,-7.9586404939501865,1.0
44,-0.1944444444444444,-0.3888888888888889,0.0,3.8952299689494674,6,-7.9456600470529,1.0
44,-0.1944444444444444,-0.3888888888888889,0.0,3.8952299689494674,7,-7.078040547539963,1.0
44,-0.1944444444444444,-0.3888888888888889,0.0,3.8952299689494674,8,-7.057315503139312,1.0
44,-0.1944444444444444,-0.3888888888888889,0.0,3.8952299689494674,9,-6.749547816804432,1.0
44,-0.1944444444444444,-0.3888888888888889,0.0,3.8952299689494674,10,-6.7382588167514434,1.0
44,-0.1944444444444444,-0.3888888888888889,0.0,3.8952299689494674,11,-6.348756202338544,1.0
44,-0.1944444444444444,-0.3888888888888889,0.0,3.8952299689494674,12,-6.325309199457829,1.0
44,-0.1944444444444444,-0.3888888888888889,0.0,3.8952299689494674,13,-5.186994739051487,1.0
44,-0.1944444444444444,-0.3888888888888889,0.0,3.8952299689494674,14,-5.122571397579646,1.0
44,-0.1944444444444444,-0.3888888888888889,0.0,3.8952299689494674,15,-4.332905848127204,1.0
44,-0.1944444444444444,-0.3888888888888889,0.0,3.8952299689494674,16,-4.306195642731144,1.0
44,-0.1944444444444444,-0.3888888888888889,0.0,3.8952299689494674,17,-3.8422148793569364,1.0
44,-0.1944444444444444,-0.3888888888888889,0.0,3.8952299689494674,18,-3.748396221146361,1.0
44,-0.1944444444444444,-0.3888888888888889,0.0,3.8952299689494674,19,-1.220942573115411,0.0
44,-0.1944444444444444,-0.3888888888888889,0.0,3.8952299689494674,20,-1.1452657923143543,0.0
44,-0.1944444444444444,-0.3888888888888889,0.0,3.8952299689494674,21,-0.5444898508227989,0.0
44,-0.1944444444444444,-0.3888888888888889,0.0,3.8952299689494674,22,-0.5389330902386522,0.0
44,-0.1944444444444444,-0.3888888888888889,0.0,3.8952299689494674,23,-0.2895749815233075,0.0
44,-0.1944444444444444,-0.3888888888888889,0.0,3.8952299689494674,24,-0.2499193462900085,0.0
44,-0.1944444444444444,-0.3888888888888889,0.0,3.8952299689494674,25,1.165319977620563,0.0
44,-0.1944444444444444,-0.3888888888888889,0.0,3.8952299689494674,26,1.1839467597656714,0.0
44,-0.1944444444444444,-0.3888888888888889,0.0,3.8952299689494674,27,4.3637780830644655,0.0
44,-0.1944444444444444,-0.3888888888888889,0.0,3.8952299689494674,28,4.378110996182773,0.0
44,-0.1944444444444444,-0.3888888888888889,0.0,3.8952299689494674,29,4.537393907806775,0.0
44,-0.1944444444444444,-0.3888888888888889,0.0,3.8952299689494674,30,4.538914448005411,0.0
44,-0.1944444444444444,-0.3888888888888889,0.0,3.8952299689494674,31,5.2303267480684195,0.0
44,-0.1944444444444444,-0.3888888888888889,0.0,3.8952299689494674,32,5.234489138199674,0.0
44,-0.1944444444444444,-0.3888888888888889,0.0,3.8952299689494674,33,5.367396262891296,0.0
44,-0.1944444444444444,-0.3888888888888889,0.0,3.8952299689494674,34,5.395128319188288,0.0
44,-0.1944444444444444,-0.3888888888888889,0.0,3.8952299689494674,35,5.794323883909762,0.0
44,-0.1944444444444444,-0.3888888888888889,0.0,3.8952299689494674,36,5.794487896779831,0.0
44,-0.1944444444444444,-0.3888888888888889,0.0,3.8952299689494674,37,6.362446939715735,0.0
44,-0.1944444444444444,-0.3888888888888889,0.0,3.8952299689494674,38,6.376708473492052,0.0
44,-0.1944444444444444,-0.3888888888888889,0.0,3.8952299689494674,39,6.692505546129073,0.0
44,-0.1944444444444444,-0.3888888888888889,0.0,3.8952299689494674,40,6.693095782392053,0.0
44,-0.1944444444444444,-0.3888888888888889,0.0,3.8952299689494674,41,7.331100662382866,0.0
44,-0.1944444444444444,-0.3888888888888889,0.0,3.8952299689494674,42,7.389872191999476,0.0
44,-0.1944444444444444,-0.3888888888888889,0.0,3.8952299689494674,43,7.445354326687946,0.0
44,-0.1944444444444444,-0.3888888888888889,0.0,3.8952299689494674,44,7.452300304215518,0.0
44,-0.1944444444444444,-0.3888888888888889,0.0,3.8952299689494674,45,8.008615143455074,0.0
44,-0.1944444444444444,-0.3888888888888889,0.0,3.8952299689494674,46,8.03467417651122,0.0
44,-0.1944444444444444,-0.3888888888888889,0.0,3.8952299689494674,47,8.436282723960652,0.0
44,-0.1944444444444444,-0.3888888888888889,0.0,3.8952299689494674,48,8.467433571184028,0.0
44,-0.1944444444444444,-0.3888888888888889,0.0,3.8952299689494674,49,8.7454365086626,0.0
44,-0.1944444444444444,-0.3888888888888889,0.0,3.8952299689494674,50,8.751237439115048,0.0
44,-0.1944444444444444,-0.3888888888888889,0.0,3.8952299689494674,51,9.047756119472123,0.0
44,-0.1944444444444444,-0.3888888888888889,0.0,3.8952299689494674,52,9.069499661589877,0.0
44,-0.1944444444444444,-0.3888888888888889,0.0,3.8952299689494674,53,9.474360679044644,0.0
44,-0.1944444444444444,-0.3888888888888889,0.0,3.8952299689494674,54,9.491679168463143,0.0
44,-0.1944444444444444,-0.3888888888888889,0.0,3.8952299689494674,55,10.273609362139435,0.0
44,-0.1944444444444444,-0.3888888888888889,0.0,3.8952299689494674,56,10.316443008248164,0.0
44,-0.1944444444444444,-0.3888888888888889,0.0,3.8952299689494674,57,10.532635191510128,0.0
44,-0.1944444444444444,-0.3888888888888889,0.0,3.8952299689494674,58,10.533152894787957,0.0
44,-0.1944444444444444,-0.3888888888888889,0.0,3.8952299689494674,59,11.355335446805114,0.0
44,-0.1944444444444444,-0.3888888888888889,0.0,3.8952299689494674,60,11.364980418112228,0.0
45,-0.2222222222222222,-0.4444444444444444,0.0,4.005288638085684,1,-15.48618127960345,1.0
45,-0.2222222222222222,-0.4444444444444444,0.0,4.005288638085684,2,-15.46977190499101,1.0
45,-0.2222222222222222,-0.4444444444444444,0.0,4.005288638085684,3,-15.14222099448096,1.0
45,-0.2222222222222222,-0.4444444444444444,0.0,4.005288638085684,4,-15.140163181550832,1.0
45,-0.2222222222222222,-0.4444444444444444,0.0,4.005288638085684,5,-8.061432458771998,1.0
45,-0.2222222222222222,-0.4444444444444444,0.0,4.005288638085684,6,-8.055721273128608,1.0
45,-0.2222222222222222,-0.4444444444444444,0.0,4.005288638085684,7,-7.511249439491621,1.0
45,-0.2222222222222222,-0.4444444444444444,0.0,4.005288638085684,8,-7.496480040091207,1.0
45,-0.2222222222222222,-0.4444444444444444,0.0,4.005288638085684,9,-6.6611766223626265,1.0
45,-0.2222222222222222,-0.4444444444444444,0.0,4.005288638085684,10,-6.650019225548146,1.0
45,-0.2222222222222222,-0.4444444444444444,0.0,4.005288638085684,11,-6.371173782740499,1.0
45,-0.2222222222222222,-0.4444444444444444,0.0,4.005288638085684,12,-6.350363282260233,1.0
45,-0.2222222222222222,-0.4444444444444444,0.0,4.005288638085684,13,-5.542902908164788,1.0
45,-0.2222222222222222,-0.4444444444444444,0.0,4.005288638085684,14,-5.489396638526143,1.0
45,-0.2222222222222222,-0.4444444444444444,0.0,4.005288638085684,15,-4.541576910025633,1.0
45,-0.2222222222222222,-0.4444444444444444,0.0,4.005288638085684,16,-4.523149566958759,1.0
45,-0.2222222222222222,-0.4444444444444444,0.0,4.005288638085684,17,-3.733691073826002,1.0
45,-0.2222222222222222,-0.4444444444444444,0.0,4.005288638085684,18,-3.6315071992293775,1.0
45,-0.2222222222222222,-0.4444444444444444,0.0,4.005288638085684,19,-1.0497947519780224,0.0
45,-0.2222222222222222,-0.4444444444444444,0.0,4.005288638085684,20,-0.9957680419841839,0.0
45,-0.2222222222222222,-0.4444444444444444,0.0,4.005288638085684,21,-0.45001411695844407,0.0
45,-0.2222222222222222,-0.4444444444444444,0.0,4.005288638085684,22,-0.4188813341691483,0.0
45,-0.2222222222222222,-0.4444444444444444,0.0,4.005288638085684,23,-0.15131354793484758,0.0
45,-0.2222222222222222,-0.4444444444444444,0.0,4.005288638085684,24,-0.13537546428225117,0.0
45,-0.2222222222222222,-0.4444444444444444,0.0,4.005288638085684,25,1.3034195411210847,0.0
45,-0.2222222222222222,-0.4444444444444444,0.0,4.005288638085684,26,1.3125006576575258,0.0
45,-0.2222222222222222,-0.4444444444444444,0.0,4.005288638085684,27,4.671000051520972,0.0
45,-0.2222222222222222,-0.4444444444444444,0.0,4.005288638085684,28,4.695337683350646,0.0
45,-0.2222222222222222,-0.4444444444444444,0.0,4.005288638085684,29,5.067814106681189,0.0
45,-0.2222222222222222,-0.4444444444444444,0.0,4.005288638085684,30,5.070950409270228,0.0
45,-0.2222222222222222,-0.4444444444444444,0.0,4.005288638085684,31,5.105950191623283,0.0
45,-0.2222222222222222,-0.4444444444444444,0.0,4.005288638085684,32,5.150290824877365,0.0
45,-0.2222222222222222,-0.4444444444444444,0.0,4.005288638085684,33,5.883707692801131,0.0
45,-0.2222222222222222,-0.4444444444444444,0.0,4.005288638085684,34,5.88462733638309,0.0
45,-0.2222222222222222,-0.4444444444444444,0.0,4.005288638085684,35,6.342229689709809,0.0
45,-0.2222222222222222,-0.4444444444444444,0.0,4.005288638085684,36,6.3435458855850975,0.0
45,-0.2222222222222222,-0.4444444444444444,0.0,4.005288638085684,37,6.5619114659901605,0.0
45,-0.2222222222222222,-0.4444444444444444,0.0,4.005288638085684,38,6.605811685612144,0.0
45,-0.2222222222222222,-0.4444444444444444,0.0,4.005288638085684,39,6.8939456178031335,0.0
45,-0.2222222222222222,-0.4444444444444444,0.0,4.005288638085684,40,6.8951953855895045,0.0
45,-0.2222222222222222,-0.4444444444444444,0.0,4.005288638085684,41,7.250726979051976,0.0
45,-0.2222222222222222,-0.4444444444444444,0.0,4.005288638085684,42,7.288886852698177,0.0
45,-0.2222222222222222,-0.4444444444444444,0.0,4.005288638085684,43,7.840574810081458,0.0
45,-0.2222222222222222,-0.4444444444444444,0.0,4.005288638085684,44,7.840842841471472,0.0
45,-0.2222222222222222,-0.4444444444444444,0.0,4.005288638085684,45,8.209021869498994,0.0
45,-0.2222222222222222,-0.4444444444444444,0.0,4.005288638085684,46,8.24548584606693,0.0
45,-0.2222222222222222,-0.4444444444444444,0.0,4.005288638085684,47,8.717288293316416,0.0
45,-0.2222222222222222,-0.4444444444444444,0.0,4.005288638085684,48,8.74725491094372,0.0
45,-0.2222222222222222,-0.4444444444444444,0.0,4.005288638085684,49,9.05223901619633,0.0
45,-0.2222222222222222,-0.4444444444444444,0.0,4.005288638085684,50,9.054211886773311,0.0
45,-0.2222222222222222,-0.4444444444444444,0.0,4.005288638085684,51,9.380066389159236,0.0
45,-0.2222222222222222,-0.4444444444444444,0.0,4.005288638085684,52,9.399084739051071,0.0
45,-0.2222222222222222,-0.4444444444444444,0.0,4.005288638085684,53,9.617097750987375,0.0
45,-0.2222222222222222,-0.4444444444444444,0.0,4.005288638085684,54,9.625684394609861,0.0
45,-0.2222222222222222,-0.4444444444444444,0.0,4.005288638085684,55,10.611539905347627,0.0
45,-0.2222222222222222,-0.4444444444444444,0.0,4.005288638085684,56,10.657288447687668,0.0
45,-0.2222222222222222,-0.4444444444444444,0.0,4.005288638085684,57,10.690465371397604,0.0
45,-0.2222222222222222,-0.4444444444444444,0.0,4.005288638085684,58,10.693907357240386,0.0
45,-0.2222222222222222,-0.4444444444444444,0.0,4.005288638085684,59,11.05990762245081,0.0
45,-0.2222222222222222,-0.4444444444444444,0.0,4.005288638085684,60,11.060774501047645,0.0
46,-0.25,-0.5,0.0,4.115347307221901,1,-15.259343478346214,1.0
46,-0.25,-0.5,0.0,4.115347307221901,2,-15.237449594547172,1.0
46,-0.25,-0.5,0.0,4.115347307221901,3,-15.023195670973315,1.0
46,-0.25,-0.5,0.0,4.115347307221901,4,-15.020553659461978,1.0
46,-0.25,-0.5,0.0,4.115347307221901,5,-8.086661052965411,1.0
46,-0.25,-0.5,0.0,4.115347307221901,6,-8.082320526678206,1.0
46,-0.25,-0.5,0.0,4.115347307221901,7,-7.877461552548369,1.0
46,-0.25,-0.5,0.0,4.115347307221901,8,-7.866372149050309,1.0
46,-0.25,-0.5,0.0,4.115347307221901,9,-6.62302728184411,1.0
46,-0.25,-0.5,0.0,4.115347307221901,10,-6.613280261548914,1.0
46,-0.25,-0.5,0.0,4.115347307221901,11,-6.308686890782008,1.0
46,-0.25,-0.5,0.0,4.115347307221901,12,-6.288365331259105,1.0
46,-0.25,-0.5,0.0,4.115347307221901,13,-5.934881188619552,1.0
46,-0.25,-0.5,0.0,4.115347307221901,14,-5.893587213455169,1.0
46,-0.25,-0.5,0.0,4.115347307221901,15,-4.778210637376017,1.0
46,-0.25,-0.5,0.0,4.115347307221901,16,-4.768574583722154,1.0
46,-0.25,-0.5,0.0,4.115347307221901,17,-3.567374125138225,1.0
46,-0.25,-0.5,0.0,4.115347307221901,18,-3.456712890867908,1.0
46,-0.25,-0.5,0.0,4.115347307221901,19,-0.9331940959542961,0.0
46,-0.25,-0.5,0.0,4.115347307221901,20,-0.9323264899012138,0.0
46,-0.25,-0.5,0.0,4.115347307221901,21,-0.3016639657854521,0.0
46,-0.25,-0.5,0.0,4.115347307221901,22,-0.197232791614195,0.0
46,-0.25,-0.5,0.0,4.115347307221901,23,-0.0862704840564999,0.0
46,-0.25,-0.5,0.0,4.115347307221901,24,-0.07424217345659126,0.0
46,-0.25,-0.5,0.0,4.115347307221901,25,1.4161368448802083,0.0
46,-0.25,-0.5,0.0,4.115347307221901,26,1.4560195326864684,0.0
46,-0.25,-0.5,0.0,4.115347307221901,27,4.4160494147020435,0.0
46,-0.25,-0.5,0.0,4.115347307221901,28,4.432009886297133,0.0
46,-0.25,-0.5,0.0,4.115347307221901,29,5.304395333857108,0.0
46,-0.25,-0.5,0.0,4.115347307221901,30,5.358578643853952,0.0
46,-0.25,-0.5,0.0,4.115347307221901,31,5.599252441889781,0.0
46,-0.25,-0.5,0.0,4.115347307221901,32,5.600822182126641,0.0
46,-0.25,-0.5,0.0,4.115347307221901,33,6.248250612265609,0.0
46,-0.25,-0.5,0.0,4.115347307221901,34,6.28309159302013,0.0
46,-0.25,-0.5,0.0,4.115347307221901,35,6.730412808997614,0.0
46,-0.25,-0.5,0.0,4.115347307221901,36,6.735125376234584,0.0
46,-0.25,-0.5,0.0,4.115347307221901,37,6.860314827339438,0.0
46,-0.25,-0.5,0.0,4.115347307221901,38,6.861788329089837,0.0
46,-0.25,-0.5,0.0,4.115347307221901,39,7.36513674517097,0.0
46,-0.25,-0.5,0.0,4.115347307221901,40,7.368456755579239,0.0
46,-0.25,-0.5,0.0,4.115347307221901,41,7.754743714983835,0.0
46,-0.25,-0.5,0.0,4.115347307221901,42,7.7647389450692765,0.0
46,-0.25,-0.5,0.0,4.115347307221901,43,8.270644996423908,0.0
46,-0.25,-0.5,0.0,4.115347307221901,44,8.273322167939085,0.0
46,-0.25,-0.5,0.0,4.115347307221901,45,8.461893717378246,0.0
46,-0.25,-0.5,0.0,4.115347307221901,46,8.495105156349531,0.0
46,-0.25,-0.5,0.0,4.115347307221901,47,9.164549554691128,0.0
46,-0.25,-0.5,0.0,4.115347307221901,48,9.193021329828326,0.0
46,-0.25,-0.5,0.0,4.115347307221901,49,9.284248930066184,0.0
46,-0.25,-0.5,0.0,4.115347307221901,50,9.289430901352006,0.0
46,-0.25,-0.5,0.0,4.115347307221901,51,9.659903105141204,0.0
46,-0.25,-0.5,0.0,4.115347307221901,52,9.66424219825803,0.0
46,-0.25,-0.5,0.0,4.115347307221901,53,9.816360617177615,0.0
46,-0.25,-0.5,0.0,4.115347307221901,54,9.823818416035873,0.0
46,-0.25,-0.5,0.0,4.115347307221901,55,10.150172319898715,0.0
46,-0.25,-0.5,0.0,4.115347307221901,56,10.153754717801455,0.0
46,-0.25,-0.5,0.0,4.115347307221901,57,11.171022959481022,0.0
46,-0.25,-0.5,0.0,4.115347307221901,58,11.184961336483894,0.0
46,-0.25,-0.5,0.0,4.115347307221901,59,11.193033540616618,0.0
46,-0.25,-0.5,0.0,4.115347307221901,60,11.243029770264226,0.0
47,-0.2777777777777778,-0.5555555555555556,0.0,4.225405976358118,1,-15.09288248396605,1.0
47,-0.2777777777777778,-0.5555555555555556,0.0,4.225405976358118,2,-15.066004036166817,1.0
47,-0.2777777777777778,-0.5555555555555556,0.0,4.225405976358118,3,-14.932820804753314,1.0
47,-0.2777777777777778,-0.5555555555555556,0.0,4.225405976358118,4,-14.929715706197955,1.0
47,-0.2777777777777778,-0.5555555555555556,0.0,4.225405976358118,5,-8.14763670094022,1.0
47,-0.2777777777777778,-0.5555555555555556,0.0,4.225405976358118,6,-8.139208764377278,1.0
47,-0.2777777777777778,-0.5555555555555556,0.0,4.225405976358118,7,-7.997489150495348,1.0
47,-0.2777777777777778,-0.5555555555555556,0.0,4.225405976358118,8,-7.981322007288359,1.0
47,-0.2777777777777778,-0.5555555555555556,0.0,4.225405976358118,9,-6.672442497210554,1.0
47,-0.2777777777777778,-0.5555555555555556,0.0,4.225405976358118,10,-6.658040804131877,1.0
47,-0.2777777777777778,-0.5555555555555556,0.0,4.225405976358118,11,-6.3156049455008905,1.0
47,-0.2777777777777778,-0.5555555555555556,0.0,4.225405976358118,12,-6.282936974072088,1.0
47,-0.2777777777777778,-0.5555555555555556,0.0,4.225405976358118,13,-6.18624592369898,1.0
47,-0.2777777777777778,-0.5555555555555556,0.0,4.225405976358118,14,-6.152435765904659,1.0
47,-0.2777777777777778,-0.5555555555555556,0.0,4.225405976358118,15,-5.016410920011873,1.0
47,-0.2777777777777778,-0.5555555555555556,0.0,4.225405976358118,16,-5.0154916036759705,1.0
47,-0.2777777777777778,-0.5555555555555556,0.0,4.225405976358118,17,-3.3618541860603517,1.0
47,-0.2777777777777778,-0.5555555555555556,0.0,4.225405976358118,18,-3.2389861739728545,1.0
47,-0.2777777777777778,-0.5555555555555556,0.0,4.225405976358118,19,-1.0425692360102685,0.0
47,-0.2777777777777778,-0.5555555555555556,0.0,4.225405976358118,20,-1.0245258052317205,0.0
47,-0.2777777777777778,-0.5555555555555556,0.0,4.225405976358118,21,-0.11016669901953943,0.0
47,-0.2777777777777778,-0.5555555555555556,0.0,4.225405976358118,22,-0.10971588838016991,0.0
47,-0.2777777777777778,-0.5555555555555556,0.0,4.225405976358118,23,0.0017234265507414964,0.0
47,-0.2777777777777778,-0.5555555555555556,0.0,4.225405976358118,24,0.11248657360226956,0.0
47,-0.2777777777777778,-0.5555555555555556,0.0,4.225405976358118,25,1.54282175741376,0.0
47,-0.2777777777777778,-0.5555555555555556,0.0,4.225405976358118,26,1.6067690911646322,0.0
47,-0.2777777777777778,-0.5555555555555556,0.0,4.225405976358118,27,4.151823380188759,0.0
47,-0.2777777777777778,-0.5555555555555556,0.0,4.225405976358118,28,4.19309279683174,0.0
47,-0.2777777777777778,-0.5555555555555556,0.0,4.225405976358118,29,5.089376977334453,0.0
47,-0.2777777777777778,-0.5555555555555556,0.0,4.225405976358118,30,5.16226424351048,0.0
47,-0.2777777777777778,-0.5555555555555556,0.0,4.225405976358118,31,6.077227213911826,0.0
47,-0.2777777777777778,-0.5555555555555556,0.0,4.225405976358118,32,6.081596088878928,0.0
47,-0.2777777777777778,-0.5555555555555556,0.0,4.225405976358118,33,6.624949929899975,0.0
47,-0.2777777777777778,-0.5555555555555556,0.0,4.225405976358118,34,6.6325398328609175,0.0
47,-0.2777777777777778,-0.5555555555555556,0.0,4.225405976358118,35,7.379102450750585,0.0
47,-0.2777777777777778,-0.5555555555555556,0.0,4.225405976358118,36,7.380180134569784,0.0
47,-0.2777777777777778,-0.5555555555555556,0.0,4.225405976358118,37,7.533628066019787,0.0
47,-0.2777777777777778,-0.5555555555555556,0.0,4.225405976358118,38,7.537551582714318,0.0
47,-0.2777777777777778,-0.5555555555555556,0.0,4.225405976358118,39,8.031169730555215,0.0
47,-0.2777777777777778,-0.5555555555555556,0.0,4.225405976358118,40,8.035165883291123,0.0
47,-0.2777777777777778,-0.5555555555555556,0.0,4.225405976358118,41,8.353890268955093,0.0
47,-0.2777777777777778,-0.5555555555555556,0.0,4.225405976358118,42,8.37755415604985,0.0
47,-0.2777777777777778,-0.5555555555555556,0.0,4.225405976358118,43,8.642192761210797,0.0
47,-0.2777777777777778,-0.5555555555555556,0.0,4.225405976358118,44,8.651473377910586,0.0
47,-0.2777777777777778,-0.5555555555555556,0.0,4.225405976358118,45,8.737651498606196,0.0
47,-0.2777777777777778,-0.5555555555555556,0.0,4.225405976358118,46,8.760309824725663,0.0
47,-0.2777777777777778,-0.5555555555555556,0.0,4.225405976358118,47,9.181818668841371,0.0
47,-0.2777777777777778,-0.5555555555555556,0.0,4.225405976358118,48,9.194695285463714,0.0
47,-0.2777777777777778,-0.5555555555555556,0.0,4.225405976358118,49,9.383830115264498,0.0
47,-0.2777777777777778,-0.5555555555555556,0.0,4.225405976358118,50,9.384076495592696,0.0
47,-0.2777777777777778,-0.5555555555555556,0.0,4.225405976358118,51,9.76513036585364,0.0
47,-0.2777777777777778,-0.5555555555555556,0.0,4.225405976358118,52,9.767068106197682,0.0
47,-0.2777777777777778,-0.5555555555555556,0.0,4.225405976358118,53,10.054190484632342,0.0
47,-0.2777777777777778,-0.5555555555555556,0.0,4.225405976358118,54,10.06897089317924,0.0
47,-0.2777777777777778,-0.5555555555555556,0.0,4.225405976358118,55,10.368592854548337,0.0
47,-0.2777777777777778,-0.5555555555555556,0.0,4.225405976358118,56,10.37123944290307,0.0
47,-0.2777777777777778,-0.5555555555555556,0.0,4.225405976358118,57,10.615019681873788,0.0
47,-0.2777777777777778,-0.5555555555555556,0.0,4.225405976358118,58,10.61650114885176,0.0
47,-0.2777777777777778,-0.5555555555555556,0.0,4.225405976358118,59,10.702098282103702,0.0
47,-0.2777777777777778,-0.5555555555555556,0.0,4.225405976358118,60,10.705306162758442,0.0
48,-0.3055555555555555,-0.611111111111111,0.0,4.335464645494335,1,-14.99684148627398,1.0
48,-0.3055555555555555,-0.611111111111111,0.0,4.335464645494335,2,-14.966531792766842,1.0
48,-0.3055555555555555,-0.611111111111111,0.0,4.335464645494335,3,-14.87817927277742,1.0
48,-0.3055555555555555,-0.611111111111111,0.0,4.335464645494335,4,-14.874816626842637,1.0
48,-0.3055555555555555,-0.611111111111111,0.0,4.335464645494335,5,-8.308199776016465,1.0
48,-0.3055555555555555,-0.611111111111111,0.0,4.335464645494335,6,-8.300796510268121,1.0
48,-0.3055555555555555,-0.611111111111111,0.0,4.335464645494335,7,-7.790608489784237,1.0
48,-0.3055555555555555,-0.611111111111111,0.0,4.335464645494335,8,-7.763104698715601,1.0
48,-0.3055555555555555,-0.611111111111111,0.0,4.335464645494335,9,-6.892473156743417,1.0
48,-0.3055555555555555,-0.611111111111111,0.0,4.335464645494335,10,-6.861449725267132,1.0
48,-0.3055555555555555,-0.611111111111111,0.0,4.335464645494335,11,-6.513981400791891,1.0
48,-0.3055555555555555,-0.611111111111111,0.0,4.335464645494335,12,-6.512981957280803,1.0
48,-0.3055555555555555,-0.611111111111111,0.0,4.335464645494335,13,-6.056879402279836,1.0
48,-0.3055555555555555,-0.611111111111111,0.0,4.335464645494335,14,-6.015778142889128,1.0
48,-0.3055555555555555,-0.611111111111111,0.0,4.335464645494335,15,-5.224655524156804,1.0
48,-0.3055555555555555,-0.611111111111111,0.0,4.335464645494335,16,-5.210113544615471,1.0
48,-0.3055555555555555,-0.611111111111111,0.0,4.335464645494335,17,-3.181028855819066,1.0
48,-0.3055555555555555,-0.611111111111111,0.0,4.335464645494335,18,-3.042544469475697,1.0
48,-0.3055555555555555,-0.611111111111111,0.0,4.335464645494335,19,-1.2068554832093736,0.0
48,-0.3055555555555555,-0.611111111111111,0.0,4.335464645494335,20,-1.2001633051180185,0.0
48,-0.3055555555555555,-0.611111111111111,0.0,4.335464645494335,21,-0.16383803861873864,0.0
48,-0.3055555555555555,-0.611111111111111,0.0,4.335464645494335,22,-0.13718194662874383,0.0
48,-0.3055555555555555,-0.611111111111111,0.0,4.335464645494335,23,0.22253904668630425,0.0
48,-0.3055555555555555,-0.611111111111111,0.0,4.335464645494335,24,0.36204354700623975,0.0
48,-0.3055555555555555,-0.611111111111111,0.0,4.335464645494335,25,1.6557923569999644,0.0
48,-0.3055555555555555,-0.611111111111111,0.0,4.335464645494335,26,1.7329079500957503,0.0
48,-0.3055555555555555,-0.611111111111111,0.0,4.335464645494335,27,4.073959365826457,0.0
48,-0.3055555555555555,-0.611111111111111,0.0,4.335464645494335,28,4.14285809123439,0.0
48,-0.3055555555555555,-0.611111111111111,0.0,4.335464645494335,29,4.7327540216455155,0.0
48,-0.3055555555555555,-0.611111111111111,0.0,4.335464645494335,30,4.783688648062968,0.0
48,-0.3055555555555555,-0.611111111111111,0.0,4.335464645494335,31,6.437173546219384,0.0
48,-0.3055555555555555,-0.611111111111111,0.0,4.335464645494335,32,6.444010322643889,0.0
48,-0.3055555555555555,-0.611111111111111,0.0,4.335464645494335,33,7.170022413532027,0.0
48,-0.3055555555555555,-0.611111111111111,0.0,4.335464645494335,34,7.199102051361238,0.0
48,-0.3055555555555555,-0.611111111111111,0.0,4.335464645494335,35,7.854646007490987,0.0
48,-0.3055555555555555,-0.611111111111111,0.0,4.335464645494335,36,7.854730970647291,0.0
48,-0.3055555555555555,-0.611111111111111,0.0,4.335464645494335,37,8.389101830703943,0.0
48,-0.3055555555555555,-0.611111111111111,0.0,4.335464645494335,38,8.396662777154058,0.0
48,-0.3055555555555555,-0.611111111111111,0.0,4.335464645494335,39,8.609221132436764,0.0
48,-0.3055555555555555,-0.611111111111111,0.0,4.335464645494335,40,8.618437213948848,0.0
48,-0.3055555555555555,-0.611111111111111,0.0,4.335464645494335,41,8.772362042603184,0.0
48,-0.3055555555555555,-0.611111111111111,0.0,4.335464645494335,42,8.780595839287002,0.0
48,-0.3055555555555555,-0.611111111111111,0.0,4.335464645494335,43,8.802384574705107,0.0
48,-0.3055555555555555,-0.611111111111111,0.0,4.335464645494335,44,8.810509072495222,0.0
48,-0.3055555555555555,-0.611111111111111,0.0,4.335464645494335,45,8.929323361021433,0.0
48,-0.3055555555555555,-0.611111111111111,0.0,4.335464645494335,46,8.934799301908331,0.0
48,-0.3055555555555555,-0.611111111111111,0.0,4.335464645494335,47,9.15370480984405,0.0
48,-0.3055555555555555,-0.611111111111111,0.0,4.335464645494335,48,9.154095702505288,0.0
48,-0.3055555555555555,-0.611111111111111,0.0,4.335464645494335,49,9.567625224792266,0.0
48,-0.3055555555555555,-0.611111111111111,0.0,4.335464645494335,50,9.57095280792491,0.0
48,-0.3055555555555555,-0.611111111111111,0.0,4.335464645494335,51,10.036853587027164,0.0
48,-0.3055555555555555,-0.611111111111111,0.0,4.335464645494335,52,10.040389483008745,0.0
48,-0.3055555555555555,-0.611111111111111,0.0,4.335464645494335,53,10.08727828030961,0.0
48,-0.3055555555555555,-0.611111111111111,0.0,4.335464645494335,54,10.092104659240619,0.0
48,-0.3055555555555555,-0.611111111111111,0.0,4.335464645494335,55,10.093426952435827,0.0
48,-0.3055555555555555,-0.611111111111111,0.0,4.335464645494335,56,10.096485164179228,0.0
48,-0.3055555555555555,-0.611111111111111,0.0,4.335464645494335,57,10.136887119575839,0.0
48,-0.3055555555555555,-0.611111111111111,0.0,4.335464645494335,58,10.14969922849609,0.0
48,-0.3055555555555555,-0.611111111111111,0.0,4.335464645494335,59,10.511131644632723,0.0
48,-0.3055555555555555,-0.611111111111111,0.0,4.335464645494335,60,10.528659044813,0.0
49,-0.3333333333333333,-0.6666666666666666,0.0,4.445523314630552,1,-14.96771261103936,1.0
49,-0.3333333333333333,-0.6666666666666666,0.0,4.445523314630552,2,-14.936199959507206,1.0
49,-0.3333333333333333,-0.6666666666666666,0.0,4.445523314630552,3,-14.860756045749426,1.0
49,-0.3333333333333333,-0.6666666666666666,0.0,4.445523314630552,4,-14.857317063455238,1.0
49,-0.3333333333333333,-0.6666666666666666,0.0,4.445523314630552,5,-8.359261115629,1.0
49,-0.3333333333333333,-0.6666666666666666,0.0,4.445523314630552,6,-8.352182477422922,1.0
49,-0.3333333333333333,-0.6666666666666666,0.0,4.445523314630552,7,-7.612490310283201,1.0
49,-0.3333333333333333,-0.6666666666666666,0.0,4.445523314630552,8,-7.5772381926374415,1.0
49,-0.3333333333333333,-0.6666666666666666,0.0,4.445523314630552,9,-7.093490209673288,1.0
49,-0.3333333333333333,-0.6666666666666666,0.0,4.445523314630552,10,-7.062121895104699,1.0
49,-0.3333333333333333,-0.6666666666666666,0.0,4.445523314630552,11,-6.571709224755576,1.0
49,-0.3333333333333333,-0.6666666666666666,0.0,4.445523314630552,12,-6.564200544347935,1.0
49,-0.3333333333333333,-0.6666666666666666,0.0,4.445523314630552,13,-5.995460330879068,1.0
49,-0.3333333333333333,-0.6666666666666666,0.0,4.445523314630552,14,-5.946307402194899,1.0
49,-0.3333333333333333,-0.6666666666666666,0.0,4.445523314630552,15,-5.313506164160518,1.0
49,-0.3333333333333333,-0.6666666666666666,0.0,4.445523314630552,16,-5.289657260948925,1.0
49,-0.3333333333333333,-0.6666666666666666,0.0,4.445523314630552,17,-3.1096975265257525,1.0
49,-0.3333333333333333,-0.6666666666666666,0.0,4.445523314630552,18,-2.9626994165460885,0.9999999999999927
49,-0.3333333333333333,-0.6666666666666666,0.0,4.445523314630552,19,-1.2845503656351511,0.0
49,-0.3333333333333333,-0.6666666666666666,0.0,4.445523314630552,20,-1.2824043558651306,0.0
49,-0.3333333333333333,-0.6666666666666666,0.0,4.445523314630552,21,-0.19382262213833393,0.0
49,-0.3333333333333333,-0.6666666666666666,0.0,4.445523314630552,22,-0.1631621619990788,0.0
49,-0.3333333333333333,-0.6666666666666666,0.0,4.445523314630552,23,0.3079867241230895,0.0
49,-0.3333333333333333,-0.6666666666666666,0.0,4.445523314630552,24,0.4510556674126033,0.0
49,-0.3333333333333333,-0.6666666666666666,0.0,4.445523314630552,25,1.7036033236807075,0.0
49,-0.3333333333333333,-0.6666666666666666,0.0,4.445523314630552,26,1.7846082504748102,0.0
49,-0.3333333333333333,-0.6666666666666666,0.0,4.445523314630552,27,4.155804830238395,0.0
49,-0.3333333333333333,-0.6666666666666666,0.0,4.445523314630552,28,4.272674524779202,0.0
49,-0.3333333333333333,-0.6666666666666666,0.0,4.445523314630552,29,4.498880901502417,0.0
49,-0.3333333333333333,-0.6666666666666666,0.0,4.445523314630552,30,4.501789570576165,0.0
49,-0.3333333333333333,-0.6666666666666666,0.0,4.445523314630552,31,6.572167267427094,0.0
49,-0.3333333333333333,-0.6666666666666666,0.0,4.445523314630552,32,6.579593711825819,0.0
49,-0.3333333333333333,-0.6666666666666666,0.0,4.445523314630552,33,7.445297406930283,0.0
49,-0.3333333333333333,-0.6666666666666666,0.0,4.445523314630552,34,7.484351334949119,0.0
49,-0.3333333333333333,-0.6666666666666666,0.0,4.445523314630552,35,8.026599683386817,0.0
49,-0.3333333333333333,-0.6666666666666666,0.0,4.445523314630552,36,8.033986365801674,0.0
49,-0.3333333333333333,-0.6666666666666666,0.0,4.445523314630552,37,8.6202587414247,0.0
49,-0.3333333333333333,-0.6666666666666666,0.0,4.445523314630552,38,8.633650339791263,0.0
49,-0.3333333333333333,-0.6666666666666666,0.0,4.445523314630552,39,8.668091944268955,0.0
49,-0.3333333333333333,-0.6666666666666666,0.0,4.445523314630552,40,8.670300695719732,0.0
49,-0.3333333333333333,-0.6666666666666666,0.0,4.445523314630552,41,8.94160976765492,0.0
49,-0.3333333333333333,-0.6666666666666666,0.0,4.445523314630552,42,8.961378183579093,0.0
49,-0.3333333333333333,-0.6666666666666666,0.0,4.445523314630552,43,8.968359929964492,0.0
49,-0.3333333333333333,-0.6666666666666666,0.0,4.445523314630552,44,8.982994007475096,0.0
49,-0.3333333333333333,-0.6666666666666666,0.0,4.445523314630552,45,9.444398997758544,0.0
49,-0.3333333333333333,-0.6666666666666666,0.0,4.445523314630552,46,9.450238213676592,0.0
49,-0.3333333333333333,-0.6666666666666666,0.0,4.445523314630552,47,9.55256759531673,0.0
49,-0.3333333333333333,-0.6666666666666666,0.0,4.445523314630552,48,9.55807957020519,0.0
49,-0.3333333333333333,-0.6666666666666666,0.0,4.445523314630552,49,9.601023629524956,0.0
49,-0.3333333333333333,-0.6666666666666666,0.0,4.445523314630552,50,9.606372166712418,0.0
49,-0.3333333333333333,-0.6666666666666666,0.0,4.445523314630552,51,9.608507580049825,0.0
49,-0.3333333333333333,-0.6666666666666666,0.0,4.445523314630552,52,9.610705162015215,0.0
49,-0.3333333333333333,-0.6666666666666666,0.0,4.445523314630552,53,9.902339411944567,0.0
49,-0.3333333333333333,-0.6666666666666666,0.0,4.445523314630552,54,9.904290411908853,0.0
49,-0.3333333333333333,-0.6666666666666666,0.0,4.445523314630552,55,10.02392141694504,0.0
49,-0.3333333333333333,-0.6666666666666666,0.0,4.445523314630552,56,10.049191715363783,0.0
49,-0.3333333333333333,-0.6666666666666666,0.0,4.445523314630552,57,10.113634473769775,0.0
49,-0.3333333333333333,-0.6666666666666666,0.0,4.445523314630552,58,10.140440905251676,0.0
49,-0.3333333333333333,-0.6666666666666666,0.0,4.445523314630552,59,10.145078162780969,0.0
49,-0.3333333333333333,-0.6666666666666666,0.0,4.445523314630552,60,10.199723278540205,0.0
