# Job running on    1 total cores
# File reading...  : 24x24 full-mesh SOC WAVECAR (identity in result.json)
# TOTAL RECORD LENGTH =     38352
# ISPIN            :      1 (LSORBIT = .TRUE.)
# ENCUT (eV)       :    400.0000
# NKPOINT          :    576
#  K-GRID          :     24   X  24
# NBANDS           :     60
# RECIVEC B1 (A^-1):      1.981056    -1.143763     0.000000
# RECIVEC B2       :      0.000000     2.287527     0.000000
# RECIVEC B3       :      0.000000    -0.000000     0.418879
#  dk^2 = |dk1xk2| =      0.007868
  
# Fukui-Hatsugai Z2 BANDS:    1 -   18
# Z2 invariant (top half BZ) =  0
# Z2 invariant (bottom half BZ) =  0
# Z2 invariant =  0
# Top/bottom half-BZ consistency: PASS.
# NFIELD.dat stores the gauge- and branch-
# dependent integer n-field:
# n=(sum link phases-principal plaquette phase)
#   /(2*pi). Berry flux is minus that phase.
# See Z2_FIELD.csv for validation metadata.
# (cart) kx        ky        kz(A^-1)    n-field strength      ,   (recip)kx        ky        kz
   2.930312   1.691817   0.000000                   0.0000               1.479167   1.479167   0.000000
   2.930312   1.596503   0.000000                  -1.0000               1.479167   1.437500   0.000000
   2.930312   1.501189   0.000000                  -1.0000               1.479167   1.395833   0.000000
   2.930312   1.405876   0.000000                   1.0000               1.479167   1.354167   0.000000
   2.930312   1.310562   0.000000                   0.0000               1.479167   1.312500   0.000000
   2.930312   1.215248   0.000000                   0.0000               1.479167   1.270833   0.000000
   2.930312   1.119935   0.000000                  -0.0000               1.479167   1.229167   0.000000
   2.930312   1.024621   0.000000                   0.0000               1.479167   1.187500   0.000000
   2.930312   0.929308   0.000000                  -1.0000               1.479167   1.145833   0.000000
   2.930312   0.833994   0.000000                   1.0000               1.479167   1.104167   0.000000
   2.930312   0.738680   0.000000                   0.0000               1.479167   1.062500   0.000000
   2.930312   0.643367   0.000000                  -1.0000               1.479167   1.020833   0.000000
   2.930312   0.548053   0.000000                   0.0000               1.479167   0.979167   0.000000
   2.930312   0.452740   0.000000                   0.0000               1.479167   0.937500   0.000000
   2.930312   0.357426   0.000000                   0.0000               1.479167   0.895833   0.000000
   2.930312   0.262112   0.000000                  -1.0000               1.479167   0.854167   0.000000
   2.930312   0.166799   0.000000                   1.0000               1.479167   0.812500   0.000000
   2.930312   0.071485   0.000000                   0.0000               1.479167   0.770833   0.000000
   2.930312  -0.023828   0.000000                   0.0000               1.479167   0.729167   0.000000
   2.930312  -0.119142   0.000000                   0.0000               1.479167   0.687500   0.000000
   2.930312  -0.214456   0.000000                  -1.0000               1.479167   0.645833   0.000000
   2.930312  -0.309769   0.000000                   0.0000               1.479167   0.604167   0.000000
   2.930312  -0.405083   0.000000                   0.0000               1.479167   0.562500   0.000000
   2.930312  -0.500396   0.000000                   0.0000               1.479167   0.520833   0.000000
   2.930312  -0.595710   0.000000                   0.0000               1.479167   0.479167   0.000000
   2.930312  -0.691024   0.000000                  -1.0000               1.479167   0.437500   0.000000
   2.930312  -0.786337   0.000000                  -1.0000               1.479167   0.395833   0.000000
   2.930312  -0.881651   0.000000                   1.0000               1.479167   0.354167   0.000000
   2.930312  -0.976964   0.000000                   0.0000               1.479167   0.312500   0.000000
   2.930312  -1.072278   0.000000                   0.0000               1.479167   0.270833   0.000000
   2.930312  -1.167592   0.000000                  -0.0000               1.479167   0.229167   0.000000
   2.930312  -1.262905   0.000000                   0.0000               1.479167   0.187500   0.000000
   2.930312  -1.358219   0.000000                  -1.0000               1.479167   0.145833   0.000000
   2.930312  -1.453532   0.000000                   1.0000               1.479167   0.104167   0.000000
   2.930312  -1.548846   0.000000                   0.0000               1.479167   0.062500   0.000000
   2.930312  -1.644160   0.000000                  -1.0000               1.479167   0.020833   0.000000
   2.930312  -1.739473   0.000000                   0.0000               1.479167  -0.020833   0.000000
   2.930312  -1.834787   0.000000                   0.0000               1.479167  -0.062500   0.000000
   2.930312  -1.930101   0.000000                   0.0000               1.479167  -0.104167   0.000000
   2.930312  -2.025414   0.000000                  -1.0000               1.479167  -0.145833   0.000000
   2.930312  -2.120728   0.000000                   1.0000               1.479167  -0.187500   0.000000
   2.930312  -2.216041   0.000000                   0.0000               1.479167  -0.229167   0.000000
   2.930312  -2.311355   0.000000                   0.0000               1.479167  -0.270833   0.000000
   2.930312  -2.406669   0.000000                   0.0000               1.479167  -0.312500   0.000000
   2.930312  -2.501982   0.000000                  -1.0000               1.479167  -0.354167   0.000000
   2.930312  -2.597296   0.000000                   0.0000               1.479167  -0.395833   0.000000
   2.930312  -2.692609   0.000000                   0.0000               1.479167  -0.437500   0.000000
   2.930312  -2.787923   0.000000                   0.0000               1.479167  -0.479167   0.000000
   2.930312  -2.883237   0.000000                   0.0000               1.479167  -0.520833   0.000000
   2.930312  -2.978550   0.000000                  -1.0000               1.479167  -0.562500   0.000000
   2.930312  -3.073864   0.000000                  -1.0000               1.479167  -0.604167   0.000000
   2.930312  -3.169177   0.000000                   1.0000               1.479167  -0.645833   0.000000
   2.930312  -3.264491   0.000000                   0.0000               1.479167  -0.687500   0.000000
   2.930312  -3.359805   0.000000                   0.0000               1.479167  -0.729167   0.000000
   2.930312  -3.455118   0.000000                  -0.0000               1.479167  -0.770833   0.000000
   2.930312  -3.550432   0.000000                   0.0000               1.479167  -0.812500   0.000000
   2.930312  -3.645745   0.000000                  -1.0000               1.479167  -0.854167   0.000000
   2.930312  -3.741059   0.000000                   1.0000               1.479167  -0.895833   0.000000
   2.930312  -3.836373   0.000000                   0.0000               1.479167  -0.937500   0.000000
   2.930312  -3.931686   0.000000                  -1.0000               1.479167  -0.979167   0.000000
   2.930312  -4.027000   0.000000                   0.0000               1.479167  -1.020833   0.000000
   2.930312  -4.122313   0.000000                   0.0000               1.479167  -1.062500   0.000000
   2.930312  -4.217627   0.000000                   0.0000               1.479167  -1.104167   0.000000
   2.930312  -4.312941   0.000000                  -1.0000               1.479167  -1.145833   0.000000
   2.930312  -4.408254   0.000000                   1.0000               1.479167  -1.187500   0.000000
   2.930312  -4.503568   0.000000                   0.0000               1.479167  -1.229167   0.000000
   2.930312  -4.598881   0.000000                   0.0000               1.479167  -1.270833   0.000000
   2.930312  -4.694195   0.000000                   0.0000               1.479167  -1.312500   0.000000
   2.930312  -4.789509   0.000000                  -1.0000               1.479167  -1.354167   0.000000
   2.930312  -4.884822   0.000000                   0.0000               1.479167  -1.395833   0.000000
   2.930312  -4.980136   0.000000                   0.0000               1.479167  -1.437500   0.000000
   2.930312  -5.075450   0.000000                   0.0000               1.479167  -1.479167   0.000000
   2.847768   1.739473   0.000000                  -1.0000               1.437500   1.479167   0.000000
   2.847768   1.644160   0.000000                   1.0000               1.437500   1.437500   0.000000
   2.847768   1.548846   0.000000                   1.0000               1.437500   1.395833   0.000000
   2.847768   1.453532   0.000000                   0.0000               1.437500   1.354167   0.000000
   2.847768   1.358219   0.000000                  -1.0000               1.437500   1.312500   0.000000
   2.847768   1.262905   0.000000                   0.0000               1.437500   1.270833   0.000000
   2.847768   1.167592   0.000000                   0.0000               1.437500   1.229167   0.000000
   2.847768   1.072278   0.000000                  -0.0000               1.437500   1.187500   0.000000
   2.847768   0.976964   0.000000                   0.0000               1.437500   1.145833   0.000000
   2.847768   0.881651   0.000000                   0.0000               1.437500   1.104167   0.000000
   2.847768   0.786337   0.000000                   0.0000               1.437500   1.062500   0.000000
   2.847768   0.691024   0.000000                   1.0000               1.437500   1.020833   0.000000
   2.847768   0.595710   0.000000                   1.0000               1.437500   0.979167   0.000000
   2.847768   0.500396   0.000000                   0.0000               1.437500   0.937500   0.000000
   2.847768   0.405083   0.000000                   0.0000               1.437500   0.895833   0.000000
   2.847768   0.309769   0.000000                   1.0000               1.437500   0.854167   0.000000
   2.847768   0.214456   0.000000                   0.0000               1.437500   0.812500   0.000000
   2.847768   0.119142   0.000000                  -0.0000               1.437500   0.770833   0.000000
   2.847768   0.023828   0.000000                   0.0000               1.437500   0.729167   0.000000
   2.847768  -0.071485   0.000000                   0.0000               1.437500   0.687500   0.000000
   2.847768  -0.166799   0.000000                  -0.0000               1.437500   0.645833   0.000000
   2.847768  -0.262112   0.000000                   0.0000               1.437500   0.604167   0.000000
   2.847768  -0.357426   0.000000                   0.0000               1.437500   0.562500   0.000000
   2.847768  -0.452740   0.000000                  -1.0000               1.437500   0.520833   0.000000
   2.847768  -0.548053   0.000000                  -1.0000               1.437500   0.479167   0.000000
   2.847768  -0.643367   0.000000                   1.0000               1.437500   0.437500   0.000000
   2.847768  -0.738680   0.000000                   1.0000               1.437500   0.395833   0.000000
   2.847768  -0.833994   0.000000                   0.0000               1.437500   0.354167   0.000000
   2.847768  -0.929308   0.000000                  -1.0000               1.437500   0.312500   0.000000
   2.847768  -1.024621   0.000000                   0.0000               1.437500   0.270833   0.000000
   2.847768  -1.119935   0.000000                   0.0000               1.437500   0.229167   0.000000
   2.847768  -1.215248   0.000000                  -0.0000               1.437500   0.187500   0.000000
   2.847768  -1.310562   0.000000                   0.0000               1.437500   0.145833   0.000000
   2.847768  -1.405876   0.000000                   0.0000               1.437500   0.104167   0.000000
   2.847768  -1.501189   0.000000                   0.0000               1.437500   0.062500   0.000000
   2.847768  -1.596503   0.000000                   1.0000               1.437500   0.020833   0.000000
   2.847768  -1.691817   0.000000                   1.0000               1.437500  -0.020833   0.000000
   2.847768  -1.787130   0.000000                   0.0000               1.437500  -0.062500   0.000000
   2.847768  -1.882444   0.000000                   0.0000               1.437500  -0.104167   0.000000
   2.847768  -1.977757   0.000000                   1.0000               1.437500  -0.145833   0.000000
   2.847768  -2.073071   0.000000                   0.0000               1.437500  -0.187500   0.000000
   2.847768  -2.168385   0.000000                  -0.0000               1.437500  -0.229167   0.000000
   2.847768  -2.263698   0.000000                   0.0000               1.437500  -0.270833   0.000000
   2.847768  -2.359012   0.000000                   0.0000               1.437500  -0.312500   0.000000
   2.847768  -2.454325   0.000000                  -0.0000               1.437500  -0.354167   0.000000
   2.847768  -2.549639   0.000000                   0.0000               1.437500  -0.395833   0.000000
   2.847768  -2.644953   0.000000                   0.0000               1.437500  -0.437500   0.000000
   2.847768  -2.740266   0.000000                  -1.0000               1.437500  -0.479167   0.000000
   2.847768  -2.835580   0.000000                  -1.0000               1.437500  -0.520833   0.000000
   2.847768  -2.930893   0.000000                   1.0000               1.437500  -0.562500   0.000000
   2.847768  -3.026207   0.000000                   1.0000               1.437500  -0.604167   0.000000
   2.847768  -3.121521   0.000000                   0.0000               1.437500  -0.645833   0.000000
   2.847768  -3.216834   0.000000                  -1.0000               1.437500  -0.687500   0.000000
   2.847768  -3.312148   0.000000                   0.0000               1.437500  -0.729167   0.000000
   2.847768  -3.407461   0.000000                   0.0000               1.437500  -0.770833   0.000000
   2.847768  -3.502775   0.000000                  -0.0000               1.437500  -0.812500   0.000000
   2.847768  -3.598089   0.000000                   0.0000               1.437500  -0.854167   0.000000
   2.847768  -3.693402   0.000000                   0.0000               1.437500  -0.895833   0.000000
   2.847768  -3.788716   0.000000                   0.0000               1.437500  -0.937500   0.000000
   2.847768  -3.884029   0.000000                   1.0000               1.437500  -0.979167   0.000000
   2.847768  -3.979343   0.000000                   1.0000               1.437500  -1.020833   0.000000
   2.847768  -4.074657   0.000000                   0.0000               1.437500  -1.062500   0.000000
   2.847768  -4.169970   0.000000                   0.0000               1.437500  -1.104167   0.000000
   2.847768  -4.265284   0.000000                   1.0000               1.437500  -1.145833   0.000000
   2.847768  -4.360597   0.000000                   0.0000               1.437500  -1.187500   0.000000
   2.847768  -4.455911   0.000000                  -0.0000               1.437500  -1.229167   0.000000
   2.847768  -4.551225   0.000000                   0.0000               1.437500  -1.270833   0.000000
   2.847768  -4.646538   0.000000                   0.0000               1.437500  -1.312500   0.000000
   2.847768  -4.741852   0.000000                  -0.0000               1.437500  -1.354167   0.000000
   2.847768  -4.837166   0.000000                   0.0000               1.437500  -1.395833   0.000000
   2.847768  -4.932479   0.000000                   0.0000               1.437500  -1.437500   0.000000
   2.847768  -5.027793   0.000000                  -1.0000               1.437500  -1.479167   0.000000
   2.765224   1.787130   0.000000                   1.0000               1.395833   1.479167   0.000000
   2.765224   1.691817   0.000000                   0.0000               1.395833   1.437500   0.000000
   2.765224   1.596503   0.000000                   0.0000               1.395833   1.395833   0.000000
   2.765224   1.501189   0.000000                   0.0000               1.395833   1.354167   0.000000
   2.765224   1.405876   0.000000                   0.0000               1.395833   1.312500   0.000000
   2.765224   1.310562   0.000000                  -1.0000               1.395833   1.270833   0.000000
   2.765224   1.215248   0.000000                   0.0000               1.395833   1.229167   0.000000
   2.765224   1.119935   0.000000                   0.0000               1.395833   1.187500   0.000000
   2.765224   1.024621   0.000000                   0.0000               1.395833   1.145833   0.000000
   2.765224   0.929308   0.000000                   0.0000               1.395833   1.104167   0.000000
   2.765224   0.833994   0.000000                   1.0000               1.395833   1.062500   0.000000
   2.765224   0.738680   0.000000                  -1.0000               1.395833   1.020833   0.000000
   2.765224   0.643367   0.000000                   0.0000               1.395833   0.979167   0.000000
   2.765224   0.548053   0.000000                   0.0000               1.395833   0.937500   0.000000
   2.765224   0.452740   0.000000                  -0.0000               1.395833   0.895833   0.000000
   2.765224   0.357426   0.000000                  -1.0000               1.395833   0.854167   0.000000
   2.765224   0.262112   0.000000                  -1.0000               1.395833   0.812500   0.000000
   2.765224   0.166799   0.000000                   0.0000               1.395833   0.770833   0.000000
   2.765224   0.071485   0.000000                   0.0000               1.395833   0.729167   0.000000
   2.765224  -0.023828   0.000000                  -0.0000               1.395833   0.687500   0.000000
   2.765224  -0.119142   0.000000                   0.0000               1.395833   0.645833   0.000000
   2.765224  -0.214456   0.000000                   1.0000               1.395833   0.604167   0.000000
   2.765224  -0.309769   0.000000                  -1.0000               1.395833   0.562500   0.000000
   2.765224  -0.405083   0.000000                   0.0000               1.395833   0.520833   0.000000
   2.765224  -0.500396   0.000000                   1.0000               1.395833   0.479167   0.000000
   2.765224  -0.595710   0.000000                   0.0000               1.395833   0.437500   0.000000
   2.765224  -0.691024   0.000000                   0.0000               1.395833   0.395833   0.000000
   2.765224  -0.786337   0.000000                   0.0000               1.395833   0.354167   0.000000
   2.765224  -0.881651   0.000000                   0.0000               1.395833   0.312500   0.000000
   2.765224  -0.976964   0.000000                  -1.0000               1.395833   0.270833   0.000000
   2.765224  -1.072278   0.000000                   0.0000               1.395833   0.229167   0.000000
   2.765224  -1.167592   0.000000                   0.0000               1.395833   0.187500   0.000000
   2.765224  -1.262905   0.000000                   0.0000               1.395833   0.145833   0.000000
   2.765224  -1.358219   0.000000                   0.0000               1.395833   0.104167   0.000000
   2.765224  -1.453532   0.000000                   1.0000               1.395833   0.062500   0.000000
   2.765224  -1.548846   0.000000                  -1.0000               1.395833   0.020833   0.000000
   2.765224  -1.644160   0.000000                   0.0000               1.395833  -0.020833   0.000000
   2.765224  -1.739473   0.000000                   0.0000               1.395833  -0.062500   0.000000
   2.765224  -1.834787   0.000000                  -0.0000               1.395833  -0.104167   0.000000
   2.765224  -1.930101   0.000000                  -1.0000               1.395833  -0.145833   0.000000
   2.765224  -2.025414   0.000000                  -1.0000               1.395833  -0.187500   0.000000
   2.765224  -2.120728   0.000000                   0.0000               1.395833  -0.229167   0.000000
   2.765224  -2.216041   0.000000                   0.0000               1.395833  -0.270833   0.000000
   2.765224  -2.311355   0.000000                  -0.0000               1.395833  -0.312500   0.000000
   2.765224  -2.406669   0.000000                   0.0000               1.395833  -0.354167   0.000000
   2.765224  -2.501982   0.000000                   1.0000               1.395833  -0.395833   0.000000
   2.765224  -2.597296   0.000000                  -1.0000               1.395833  -0.437500   0.000000
   2.765224  -2.692609   0.000000                   0.0000               1.395833  -0.479167   0.000000
   2.765224  -2.787923   0.000000                   1.0000               1.395833  -0.520833   0.000000
   2.765224  -2.883237   0.000000                   0.0000               1.395833  -0.562500   0.000000
   2.765224  -2.978550   0.000000                   0.0000               1.395833  -0.604167   0.000000
   2.765224  -3.073864   0.000000                   0.0000               1.395833  -0.645833   0.000000
   2.765224  -3.169177   0.000000                   0.0000               1.395833  -0.687500   0.000000
   2.765224  -3.264491   0.000000                  -1.0000               1.395833  -0.729167   0.000000
   2.765224  -3.359805   0.000000                   0.0000               1.395833  -0.770833   0.000000
   2.765224  -3.455118   0.000000                   0.0000               1.395833  -0.812500   0.000000
   2.765224  -3.550432   0.000000                   0.0000               1.395833  -0.854167   0.000000
   2.765224  -3.645745   0.000000                   0.0000               1.395833  -0.895833   0.000000
   2.765224  -3.741059   0.000000                   1.0000               1.395833  -0.937500   0.000000
   2.765224  -3.836373   0.000000                  -1.0000               1.395833  -0.979167   0.000000
   2.765224  -3.931686   0.000000                   0.0000               1.395833  -1.020833   0.000000
   2.765224  -4.027000   0.000000                   0.0000               1.395833  -1.062500   0.000000
   2.765224  -4.122313   0.000000                  -0.0000               1.395833  -1.104167   0.000000
   2.765224  -4.217627   0.000000                  -1.0000               1.395833  -1.145833   0.000000
   2.765224  -4.312941   0.000000                  -1.0000               1.395833  -1.187500   0.000000
   2.765224  -4.408254   0.000000                   0.0000               1.395833  -1.229167   0.000000
   2.765224  -4.503568   0.000000                   0.0000               1.395833  -1.270833   0.000000
   2.765224  -4.598881   0.000000                  -0.0000               1.395833  -1.312500   0.000000
   2.765224  -4.694195   0.000000                   0.0000               1.395833  -1.354167   0.000000
   2.765224  -4.789509   0.000000                   1.0000               1.395833  -1.395833   0.000000
   2.765224  -4.884822   0.000000                  -1.0000               1.395833  -1.437500   0.000000
   2.765224  -4.980136   0.000000                   0.0000               1.395833  -1.479167   0.000000
   2.682680   1.834787   0.000000                   0.0000               1.354167   1.479167   0.000000
   2.682680   1.739473   0.000000                   0.0000               1.354167   1.437500   0.000000
   2.682680   1.644160   0.000000                  -1.0000               1.354167   1.395833   0.000000
   2.682680   1.548846   0.000000                   0.0000               1.354167   1.354167   0.000000
   2.682680   1.453532   0.000000                   1.0000               1.354167   1.312500   0.000000
   2.682680   1.358219   0.000000                   0.0000               1.354167   1.270833   0.000000
   2.682680   1.262905   0.000000                   0.0000               1.354167   1.229167   0.000000
   2.682680   1.167592   0.000000                   0.0000               1.354167   1.187500   0.000000
   2.682680   1.072278   0.000000                   0.0000               1.354167   1.145833   0.000000
   2.682680   0.976964   0.000000                   0.0000               1.354167   1.104167   0.000000
   2.682680   0.881651   0.000000                   0.0000               1.354167   1.062500   0.000000
   2.682680   0.786337   0.000000                   1.0000               1.354167   1.020833   0.000000
   2.682680   0.691024   0.000000                  -1.0000               1.354167   0.979167   0.000000
   2.682680   0.595710   0.000000                   0.0000               1.354167   0.937500   0.000000
   2.682680   0.500396   0.000000                  -1.0000               1.354167   0.895833   0.000000
   2.682680   0.405083   0.000000                   1.0000               1.354167   0.854167   0.000000
   2.682680   0.309769   0.000000                   0.0000               1.354167   0.812500   0.000000
   2.682680   0.214456   0.000000                   0.0000               1.354167   0.770833   0.000000
   2.682680   0.119142   0.000000                   1.0000               1.354167   0.729167   0.000000
   2.682680   0.023828   0.000000                  -1.0000               1.354167   0.687500   0.000000
   2.682680  -0.071485   0.000000                   1.0000               1.354167   0.645833   0.000000
   2.682680  -0.166799   0.000000                  -1.0000               1.354167   0.604167   0.000000
   2.682680  -0.262112   0.000000                   0.0000               1.354167   0.562500   0.000000
   2.682680  -0.357426   0.000000                   0.0000               1.354167   0.520833   0.000000
   2.682680  -0.452740   0.000000                   0.0000               1.354167   0.479167   0.000000
   2.682680  -0.548053   0.000000                   0.0000               1.354167   0.437500   0.000000
   2.682680  -0.643367   0.000000                  -1.0000               1.354167   0.395833   0.000000
   2.682680  -0.738680   0.000000                   0.0000               1.354167   0.354167   0.000000
   2.682680  -0.833994   0.000000                   1.0000               1.354167   0.312500   0.000000
   2.682680  -0.929308   0.000000                   0.0000               1.354167   0.270833   0.000000
   2.682680  -1.024621   0.000000                   0.0000               1.354167   0.229167   0.000000
   2.682680  -1.119935   0.000000                   0.0000               1.354167   0.187500   0.000000
   2.682680  -1.215248   0.000000                   0.0000               1.354167   0.145833   0.000000
   2.682680  -1.310562   0.000000                   0.0000               1.354167   0.104167   0.000000
   2.682680  -1.405876   0.000000                   0.0000               1.354167   0.062500   0.000000
   2.682680  -1.501189   0.000000                   1.0000               1.354167   0.020833   0.000000
   2.682680  -1.596503   0.000000                  -1.0000               1.354167  -0.020833   0.000000
   2.682680  -1.691817   0.000000                   0.0000               1.354167  -0.062500   0.000000
   2.682680  -1.787130   0.000000                  -1.0000               1.354167  -0.104167   0.000000
   2.682680  -1.882444   0.000000                   1.0000               1.354167  -0.145833   0.000000
   2.682680  -1.977757   0.000000                   0.0000               1.354167  -0.187500   0.000000
   2.682680  -2.073071   0.000000                   0.0000               1.354167  -0.229167   0.000000
   2.682680  -2.168385   0.000000                   1.0000               1.354167  -0.270833   0.000000
   2.682680  -2.263698   0.000000                  -1.0000               1.354167  -0.312500   0.000000
   2.682680  -2.359012   0.000000                   1.0000               1.354167  -0.354167   0.000000
   2.682680  -2.454325   0.000000                  -1.0000               1.354167  -0.395833   0.000000
   2.682680  -2.549639   0.000000                   0.0000               1.354167  -0.437500   0.000000
   2.682680  -2.644953   0.000000                   0.0000               1.354167  -0.479167   0.000000
   2.682680  -2.740266   0.000000                   0.0000               1.354167  -0.520833   0.000000
   2.682680  -2.835580   0.000000                   0.0000               1.354167  -0.562500   0.000000
   2.682680  -2.930893   0.000000                  -1.0000               1.354167  -0.604167   0.000000
   2.682680  -3.026207   0.000000                   0.0000               1.354167  -0.645833   0.000000
   2.682680  -3.121521   0.000000                   1.0000               1.354167  -0.687500   0.000000
   2.682680  -3.216834   0.000000                   0.0000               1.354167  -0.729167   0.000000
   2.682680  -3.312148   0.000000                   0.0000               1.354167  -0.770833   0.000000
   2.682680  -3.407461   0.000000                   0.0000               1.354167  -0.812500   0.000000
   2.682680  -3.502775   0.000000                   0.0000               1.354167  -0.854167   0.000000
   2.682680  -3.598089   0.000000                   0.0000               1.354167  -0.895833   0.000000
   2.682680  -3.693402   0.000000                   0.0000               1.354167  -0.937500   0.000000
   2.682680  -3.788716   0.000000                   1.0000               1.354167  -0.979167   0.000000
   2.682680  -3.884029   0.000000                  -1.0000               1.354167  -1.020833   0.000000
   2.682680  -3.979343   0.000000                   0.0000               1.354167  -1.062500   0.000000
   2.682680  -4.074657   0.000000                  -1.0000               1.354167  -1.104167   0.000000
   2.682680  -4.169970   0.000000                   1.0000               1.354167  -1.145833   0.000000
   2.682680  -4.265284   0.000000                   0.0000               1.354167  -1.187500   0.000000
   2.682680  -4.360597   0.000000                   0.0000               1.354167  -1.229167   0.000000
   2.682680  -4.455911   0.000000                   1.0000               1.354167  -1.270833   0.000000
   2.682680  -4.551225   0.000000                  -1.0000               1.354167  -1.312500   0.000000
   2.682680  -4.646538   0.000000                   1.0000               1.354167  -1.354167   0.000000
   2.682680  -4.741852   0.000000                  -1.0000               1.354167  -1.395833   0.000000
   2.682680  -4.837166   0.000000                   0.0000               1.354167  -1.437500   0.000000
   2.682680  -4.932479   0.000000                   0.0000               1.354167  -1.479167   0.000000
   2.600136   1.882444   0.000000                   0.0000               1.312500   1.479167   0.000000
   2.600136   1.787130   0.000000                   0.0000               1.312500   1.437500   0.000000
   2.600136   1.691817   0.000000                   0.0000               1.312500   1.395833   0.000000
   2.600136   1.596503   0.000000                  -0.0000               1.312500   1.354167   0.000000
   2.600136   1.501189   0.000000                  -1.0000               1.312500   1.312500   0.000000
   2.600136   1.405876   0.000000                   1.0000               1.312500   1.270833   0.000000
   2.600136   1.310562   0.000000                   0.0000               1.312500   1.229167   0.000000
   2.600136   1.215248   0.000000                   0.0000               1.312500   1.187500   0.000000
   2.600136   1.119935   0.000000                   0.0000               1.312500   1.145833   0.000000
   2.600136   1.024621   0.000000                  -0.0000               1.312500   1.104167   0.000000
   2.600136   0.929308   0.000000                  -1.0000               1.312500   1.062500   0.000000
   2.600136   0.833994   0.000000                   0.0000               1.312500   1.020833   0.000000
   2.600136   0.738680   0.000000                   0.0000               1.312500   0.979167   0.000000
   2.600136   0.643367   0.000000                   0.0000               1.312500   0.937500   0.000000
   2.600136   0.548053   0.000000                   0.0000               1.312500   0.895833   0.000000
   2.600136   0.452740   0.000000                   0.0000               1.312500   0.854167   0.000000
   2.600136   0.357426   0.000000                   0.0000               1.312500   0.812500   0.000000
   2.600136   0.262112   0.000000                   0.0000               1.312500   0.770833   0.000000
   2.600136   0.166799   0.000000                  -1.0000               1.312500   0.729167   0.000000
   2.600136   0.071485   0.000000                   1.0000               1.312500   0.687500   0.000000
   2.600136  -0.023828   0.000000                   0.0000               1.312500   0.645833   0.000000
   2.600136  -0.119142   0.000000                   0.0000               1.312500   0.604167   0.000000
   2.600136  -0.214456   0.000000                   0.0000               1.312500   0.562500   0.000000
   2.600136  -0.309769   0.000000                   1.0000               1.312500   0.520833   0.000000
   2.600136  -0.405083   0.000000                   0.0000               1.312500   0.479167   0.000000
   2.600136  -0.500396   0.000000                   0.0000               1.312500   0.437500   0.000000
   2.600136  -0.595710   0.000000                   0.0000               1.312500   0.395833   0.000000
   2.600136  -0.691024   0.000000                  -0.0000               1.312500   0.354167   0.000000
   2.600136  -0.786337   0.000000                  -1.0000               1.312500   0.312500   0.000000
   2.600136  -0.881651   0.000000                   1.0000               1.312500   0.270833   0.000000
   2.600136  -0.976964   0.000000                   0.0000               1.312500   0.229167   0.000000
   2.600136  -1.072278   0.000000                   0.0000               1.312500   0.187500   0.000000
   2.600136  -1.167592   0.000000                   0.0000               1.312500   0.145833   0.000000
   2.600136  -1.262905   0.000000                  -0.0000               1.312500   0.104167   0.000000
   2.600136  -1.358219   0.000000                  -1.0000               1.312500   0.062500   0.000000
   2.600136  -1.453532   0.000000                   0.0000               1.312500   0.020833   0.000000
   2.600136  -1.548846   0.000000                   0.0000               1.312500  -0.020833   0.000000
   2.600136  -1.644160   0.000000                   0.0000               1.312500  -0.062500   0.000000
   2.600136  -1.739473   0.000000                   0.0000               1.312500  -0.104167   0.000000
   2.600136  -1.834787   0.000000                   0.0000               1.312500  -0.145833   0.000000
   2.600136  -1.930101   0.000000                   0.0000               1.312500  -0.187500   0.000000
   2.600136  -2.025414   0.000000                   0.0000               1.312500  -0.229167   0.000000
   2.600136  -2.120728   0.000000                  -1.0000               1.312500  -0.270833   0.000000
   2.600136  -2.216041   0.000000                   1.0000               1.312500  -0.312500   0.000000
   2.600136  -2.311355   0.000000                   0.0000               1.312500  -0.354167   0.000000
   2.600136  -2.406669   0.000000                   0.0000               1.312500  -0.395833   0.000000
   2.600136  -2.501982   0.000000                   0.0000               1.312500  -0.437500   0.000000
   2.600136  -2.597296   0.000000                   1.0000               1.312500  -0.479167   0.000000
   2.600136  -2.692609   0.000000                   0.0000               1.312500  -0.520833   0.000000
   2.600136  -2.787923   0.000000                   0.0000               1.312500  -0.562500   0.000000
   2.600136  -2.883237   0.000000                   0.0000               1.312500  -0.604167   0.000000
   2.600136  -2.978550   0.000000                  -0.0000               1.312500  -0.645833   0.000000
   2.600136  -3.073864   0.000000                  -1.0000               1.312500  -0.687500   0.000000
   2.600136  -3.169177   0.000000                   1.0000               1.312500  -0.729167   0.000000
   2.600136  -3.264491   0.000000                   0.0000               1.312500  -0.770833   0.000000
   2.600136  -3.359805   0.000000                   0.0000               1.312500  -0.812500   0.000000
   2.600136  -3.455118   0.000000                   0.0000               1.312500  -0.854167   0.000000
   2.600136  -3.550432   0.000000                  -0.0000               1.312500  -0.895833   0.000000
   2.600136  -3.645745   0.000000                  -1.0000               1.312500  -0.937500   0.000000
   2.600136  -3.741059   0.000000                   0.0000               1.312500  -0.979167   0.000000
   2.600136  -3.836373   0.000000                   0.0000               1.312500  -1.020833   0.000000
   2.600136  -3.931686   0.000000                   0.0000               1.312500  -1.062500   0.000000
   2.600136  -4.027000   0.000000                   0.0000               1.312500  -1.104167   0.000000
   2.600136  -4.122313   0.000000                   0.0000               1.312500  -1.145833   0.000000
   2.600136  -4.217627   0.000000                   0.0000               1.312500  -1.187500   0.000000
   2.600136  -4.312941   0.000000                   0.0000               1.312500  -1.229167   0.000000
   2.600136  -4.408254   0.000000                  -1.0000               1.312500  -1.270833   0.000000
   2.600136  -4.503568   0.000000                   1.0000               1.312500  -1.312500   0.000000
   2.600136  -4.598881   0.000000                   0.0000               1.312500  -1.354167   0.000000
   2.600136  -4.694195   0.000000                   0.0000               1.312500  -1.395833   0.000000
   2.600136  -4.789509   0.000000                   0.0000               1.312500  -1.437500   0.000000
   2.600136  -4.884822   0.000000                   1.0000               1.312500  -1.479167   0.000000
   2.517592   1.930101   0.000000                   0.0000               1.270833   1.479167   0.000000
   2.517592   1.834787   0.000000                   0.0000               1.270833   1.437500   0.000000
   2.517592   1.739473   0.000000                   0.0000               1.270833   1.395833   0.000000
   2.517592   1.644160   0.000000                   1.0000               1.270833   1.354167   0.000000
   2.517592   1.548846   0.000000                   0.0000               1.270833   1.312500   0.000000
   2.517592   1.453532   0.000000                   1.0000               1.270833   1.270833   0.000000
   2.517592   1.358219   0.000000                  -1.0000               1.270833   1.229167   0.000000
   2.517592   1.262905   0.000000                   0.0000               1.270833   1.187500   0.000000
   2.517592   1.167592   0.000000                  -1.0000               1.270833   1.145833   0.000000
   2.517592   1.072278   0.000000                   1.0000               1.270833   1.104167   0.000000
   2.517592   0.976964   0.000000                   0.0000               1.270833   1.062500   0.000000
   2.517592   0.881651   0.000000                   0.0000               1.270833   1.020833   0.000000
   2.517592   0.786337   0.000000                   1.0000               1.270833   0.979167   0.000000
   2.517592   0.691024   0.000000                   1.0000               1.270833   0.937500   0.000000
   2.517592   0.595710   0.000000                  -1.0000               1.270833   0.895833   0.000000
   2.517592   0.500396   0.000000                   0.0000               1.270833   0.854167   0.000000
   2.517592   0.405083   0.000000                   0.0000               1.270833   0.812500   0.000000
   2.517592   0.309769   0.000000                   0.0000               1.270833   0.770833   0.000000
   2.517592   0.214456   0.000000                   0.0000               1.270833   0.729167   0.000000
   2.517592   0.119142   0.000000                   0.0000               1.270833   0.687500   0.000000
   2.517592   0.023828   0.000000                  -1.0000               1.270833   0.645833   0.000000
   2.517592  -0.071485   0.000000                   1.0000               1.270833   0.604167   0.000000
   2.517592  -0.166799   0.000000                  -1.0000               1.270833   0.562500   0.000000
   2.517592  -0.262112   0.000000                   0.0000               1.270833   0.520833   0.000000
   2.517592  -0.357426   0.000000                   0.0000               1.270833   0.479167   0.000000
   2.517592  -0.452740   0.000000                   0.0000               1.270833   0.437500   0.000000
   2.517592  -0.548053   0.000000                   0.0000               1.270833   0.395833   0.000000
   2.517592  -0.643367   0.000000                   1.0000               1.270833   0.354167   0.000000
   2.517592  -0.738680   0.000000                   0.0000               1.270833   0.312500   0.000000
   2.517592  -0.833994   0.000000                   1.0000               1.270833   0.270833   0.000000
   2.517592  -0.929308   0.000000                  -1.0000               1.270833   0.229167   0.000000
   2.517592  -1.024621   0.000000                   0.0000               1.270833   0.187500   0.000000
   2.517592  -1.119935   0.000000                  -1.0000               1.270833   0.145833   0.000000
   2.517592  -1.215248   0.000000                   1.0000               1.270833   0.104167   0.000000
   2.517592  -1.310562   0.000000                   0.0000               1.270833   0.062500   0.000000
   2.517592  -1.405876   0.000000                   0.0000               1.270833   0.020833   0.000000
   2.517592  -1.501189   0.000000                   1.0000               1.270833  -0.020833   0.000000
   2.517592  -1.596503   0.000000                   1.0000               1.270833  -0.062500   0.000000
   2.517592  -1.691817   0.000000                  -1.0000               1.270833  -0.104167   0.000000
   2.517592  -1.787130   0.000000                   0.0000               1.270833  -0.145833   0.000000
   2.517592  -1.882444   0.000000                   0.0000               1.270833  -0.187500   0.000000
   2.517592  -1.977757   0.000000                   0.0000               1.270833  -0.229167   0.000000
   2.517592  -2.073071   0.000000                   0.0000               1.270833  -0.270833   0.000000
   2.517592  -2.168385   0.000000                   0.0000               1.270833  -0.312500   0.000000
   2.517592  -2.263698   0.000000                  -1.0000               1.270833  -0.354167   0.000000
   2.517592  -2.359012   0.000000                   1.0000               1.270833  -0.395833   0.000000
   2.517592  -2.454325   0.000000                  -1.0000               1.270833  -0.437500   0.000000
   2.517592  -2.549639   0.000000                   0.0000               1.270833  -0.479167   0.000000
   2.517592  -2.644953   0.000000                   0.0000               1.270833  -0.520833   0.000000
   2.517592  -2.740266   0.000000                   0.0000               1.270833  -0.562500   0.000000
   2.517592  -2.835580   0.000000                   0.0000               1.270833  -0.604167   0.000000
   2.517592  -2.930893   0.000000                   1.0000               1.270833  -0.645833   0.000000
   2.517592  -3.026207   0.000000                   0.0000               1.270833  -0.687500   0.000000
   2.517592  -3.121521   0.000000                   1.0000               1.270833  -0.729167   0.000000
   2.517592  -3.216834   0.000000                  -1.0000               1.270833  -0.770833   0.000000
   2.517592  -3.312148   0.000000                   0.0000               1.270833  -0.812500   0.000000
   2.517592  -3.407461   0.000000                  -1.0000               1.270833  -0.854167   0.000000
   2.517592  -3.502775   0.000000                   1.0000               1.270833  -0.895833   0.000000
   2.517592  -3.598089   0.000000                   0.0000               1.270833  -0.937500   0.000000
   2.517592  -3.693402   0.000000                   0.0000               1.270833  -0.979167   0.000000
   2.517592  -3.788716   0.000000                   1.0000               1.270833  -1.020833   0.000000
   2.517592  -3.884029   0.000000                   1.0000               1.270833  -1.062500   0.000000
   2.517592  -3.979343   0.000000                  -1.0000               1.270833  -1.104167   0.000000
   2.517592  -4.074657   0.000000                   0.0000               1.270833  -1.145833   0.000000
   2.517592  -4.169970   0.000000                   0.0000               1.270833  -1.187500   0.000000
   2.517592  -4.265284   0.000000                   0.0000               1.270833  -1.229167   0.000000
   2.517592  -4.360597   0.000000                   0.0000               1.270833  -1.270833   0.000000
   2.517592  -4.455911   0.000000                   0.0000               1.270833  -1.312500   0.000000
   2.517592  -4.551225   0.000000                  -1.0000               1.270833  -1.354167   0.000000
   2.517592  -4.646538   0.000000                   1.0000               1.270833  -1.395833   0.000000
   2.517592  -4.741852   0.000000                  -1.0000               1.270833  -1.437500   0.000000
   2.517592  -4.837166   0.000000                   0.0000               1.270833  -1.479167   0.000000
   2.435048   1.977757   0.000000                   0.0000               1.229167   1.479167   0.000000
   2.435048   1.882444   0.000000                   0.0000               1.229167   1.437500   0.000000
   2.435048   1.787130   0.000000                   0.0000               1.229167   1.395833   0.000000
   2.435048   1.691817   0.000000                   0.0000               1.229167   1.354167   0.000000
   2.435048   1.596503   0.000000                   0.0000               1.229167   1.312500   0.000000
   2.435048   1.501189   0.000000                  -1.0000               1.229167   1.270833   0.000000
   2.435048   1.405876   0.000000                   1.0000               1.229167   1.229167   0.000000
   2.435048   1.310562   0.000000                   0.0000               1.229167   1.187500   0.000000
   2.435048   1.215248   0.000000                   0.0000               1.229167   1.145833   0.000000
   2.435048   1.119935   0.000000                   0.0000               1.229167   1.104167   0.000000
   2.435048   1.024621   0.000000                  -0.0000               1.229167   1.062500   0.000000
   2.435048   0.929308   0.000000                   0.0000               1.229167   1.020833   0.000000
   2.435048   0.833994   0.000000                   0.0000               1.229167   0.979167   0.000000
   2.435048   0.738680   0.000000                   0.0000               1.229167   0.937500   0.000000
   2.435048   0.643367   0.000000                   0.0000               1.229167   0.895833   0.000000
   2.435048   0.548053   0.000000                   0.0000               1.229167   0.854167   0.000000
   2.435048   0.452740   0.000000                  -1.0000               1.229167   0.812500   0.000000
   2.435048   0.357426   0.000000                   0.0000               1.229167   0.770833   0.000000
   2.435048   0.262112   0.000000                   0.0000               1.229167   0.729167   0.000000
   2.435048   0.166799   0.000000                   0.0000               1.229167   0.687500   0.000000
   2.435048   0.071485   0.000000                   0.0000               1.229167   0.645833   0.000000
   2.435048  -0.023828   0.000000                   0.0000               1.229167   0.604167   0.000000
   2.435048  -0.119142   0.000000                   1.0000               1.229167   0.562500   0.000000
   2.435048  -0.214456   0.000000                  -1.0000               1.229167   0.520833   0.000000
   2.435048  -0.309769   0.000000                   0.0000               1.229167   0.479167   0.000000
   2.435048  -0.405083   0.000000                   0.0000               1.229167   0.437500   0.000000
   2.435048  -0.500396   0.000000                   0.0000               1.229167   0.395833   0.000000
   2.435048  -0.595710   0.000000                   0.0000               1.229167   0.354167   0.000000
   2.435048  -0.691024   0.000000                   0.0000               1.229167   0.312500   0.000000
   2.435048  -0.786337   0.000000                  -1.0000               1.229167   0.270833   0.000000
   2.435048  -0.881651   0.000000                   1.0000               1.229167   0.229167   0.000000
   2.435048  -0.976964   0.000000                   0.0000               1.229167   0.187500   0.000000
   2.435048  -1.072278   0.000000                   0.0000               1.229167   0.145833   0.000000
   2.435048  -1.167592   0.000000                   0.0000               1.229167   0.104167   0.000000
   2.435048  -1.262905   0.000000                  -0.0000               1.229167   0.062500   0.000000
   2.435048  -1.358219   0.000000                   0.0000               1.229167   0.020833   0.000000
   2.435048  -1.453532   0.000000                   0.0000               1.229167  -0.020833   0.000000
   2.435048  -1.548846   0.000000                   0.0000               1.229167  -0.062500   0.000000
   2.435048  -1.644160   0.000000                   0.0000               1.229167  -0.104167   0.000000
   2.435048  -1.739473   0.000000                   0.0000               1.229167  -0.145833   0.000000
   2.435048  -1.834787   0.000000                  -1.0000               1.229167  -0.187500   0.000000
   2.435048  -1.930101   0.000000                   0.0000               1.229167  -0.229167   0.000000
   2.435048  -2.025414   0.000000                   0.0000               1.229167  -0.270833   0.000000
   2.435048  -2.120728   0.000000                   0.0000               1.229167  -0.312500   0.000000
   2.435048  -2.216041   0.000000                   0.0000               1.229167  -0.354167   0.000000
   2.435048  -2.311355   0.000000                   0.0000               1.229167  -0.395833   0.000000
   2.435048  -2.406669   0.000000                   1.0000               1.229167  -0.437500   0.000000
   2.435048  -2.501982   0.000000                  -1.0000               1.229167  -0.479167   0.000000
   2.435048  -2.597296   0.000000                   0.0000               1.229167  -0.520833   0.000000
   2.435048  -2.692609   0.000000                   0.0000               1.229167  -0.562500   0.000000
   2.435048  -2.787923   0.000000                   0.0000               1.229167  -0.604167   0.000000
   2.435048  -2.883237   0.000000                   0.0000               1.229167  -0.645833   0.000000
   2.435048  -2.978550   0.000000                   0.0000               1.229167  -0.687500   0.000000
   2.435048  -3.073864   0.000000                  -1.0000               1.229167  -0.729167   0.000000
   2.435048  -3.169177   0.000000                   1.0000               1.229167  -0.770833   0.000000
   2.435048  -3.264491   0.000000                   0.0000               1.229167  -0.812500   0.000000
   2.435048  -3.359805   0.000000                   0.0000               1.229167  -0.854167   0.000000
   2.435048  -3.455118   0.000000                   0.0000               1.229167  -0.895833   0.000000
   2.435048  -3.550432   0.000000                  -0.0000               1.229167  -0.937500   0.000000
   2.435048  -3.645745   0.000000                   0.0000               1.229167  -0.979167   0.000000
   2.435048  -3.741059   0.000000                   0.0000               1.229167  -1.020833   0.000000
   2.435048  -3.836373   0.000000                   0.0000               1.229167  -1.062500   0.000000
   2.435048  -3.931686   0.000000                   0.0000               1.229167  -1.104167   0.000000
   2.435048  -4.027000   0.000000                   0.0000               1.229167  -1.145833   0.000000
   2.435048  -4.122313   0.000000                  -1.0000               1.229167  -1.187500   0.000000
   2.435048  -4.217627   0.000000                   0.0000               1.229167  -1.229167   0.000000
   2.435048  -4.312941   0.000000                   0.0000               1.229167  -1.270833   0.000000
   2.435048  -4.408254   0.000000                   0.0000               1.229167  -1.312500   0.000000
   2.435048  -4.503568   0.000000                   0.0000               1.229167  -1.354167   0.000000
   2.435048  -4.598881   0.000000                   0.0000               1.229167  -1.395833   0.000000
   2.435048  -4.694195   0.000000                   1.0000               1.229167  -1.437500   0.000000
   2.435048  -4.789509   0.000000                  -1.0000               1.229167  -1.479167   0.000000
   2.352504   2.025414   0.000000                   0.0000               1.187500   1.479167   0.000000
   2.352504   1.930101   0.000000                  -0.0000               1.187500   1.437500   0.000000
   2.352504   1.834787   0.000000                   0.0000               1.187500   1.395833   0.000000
   2.352504   1.739473   0.000000                  -1.0000               1.187500   1.354167   0.000000
   2.352504   1.644160   0.000000                   0.0000               1.187500   1.312500   0.000000
   2.352504   1.548846   0.000000                   0.0000               1.187500   1.270833   0.000000
   2.352504   1.453532   0.000000                   1.0000               1.187500   1.229167   0.000000
   2.352504   1.358219   0.000000                  -1.0000               1.187500   1.187500   0.000000
   2.352504   1.262905   0.000000                   1.0000               1.187500   1.145833   0.000000
   2.352504   1.167592   0.000000                   0.0000               1.187500   1.104167   0.000000
   2.352504   1.072278   0.000000                  -1.0000               1.187500   1.062500   0.000000
   2.352504   0.976964   0.000000                  -0.0000               1.187500   1.020833   0.000000
   2.352504   0.881651   0.000000                   0.0000               1.187500   0.979167   0.000000
   2.352504   0.786337   0.000000                   0.0000               1.187500   0.937500   0.000000
   2.352504   0.691024   0.000000                  -1.0000               1.187500   0.895833   0.000000
   2.352504   0.595710   0.000000                   0.0000               1.187500   0.854167   0.000000
   2.352504   0.500396   0.000000                   1.0000               1.187500   0.812500   0.000000
   2.352504   0.405083   0.000000                   0.0000               1.187500   0.770833   0.000000
   2.352504   0.309769   0.000000                   1.0000               1.187500   0.729167   0.000000
   2.352504   0.214456   0.000000                   0.0000               1.187500   0.687500   0.000000
   2.352504   0.119142   0.000000                   0.0000               1.187500   0.645833   0.000000
   2.352504   0.023828   0.000000                   0.0000               1.187500   0.604167   0.000000
   2.352504  -0.071485   0.000000                  -0.0000               1.187500   0.562500   0.000000
   2.352504  -0.166799   0.000000                   1.0000               1.187500   0.520833   0.000000
   2.352504  -0.262112   0.000000                   0.0000               1.187500   0.479167   0.000000
   2.352504  -0.357426   0.000000                  -0.0000               1.187500   0.437500   0.000000
   2.352504  -0.452740   0.000000                   0.0000               1.187500   0.395833   0.000000
   2.352504  -0.548053   0.000000                  -1.0000               1.187500   0.354167   0.000000
   2.352504  -0.643367   0.000000                   0.0000               1.187500   0.312500   0.000000
   2.352504  -0.738680   0.000000                   0.0000               1.187500   0.270833   0.000000
   2.352504  -0.833994   0.000000                   1.0000               1.187500   0.229167   0.000000
   2.352504  -0.929308   0.000000                  -1.0000               1.187500   0.187500   0.000000
   2.352504  -1.024621   0.000000                   1.0000               1.187500   0.145833   0.000000
   2.352504  -1.119935   0.000000                   0.0000               1.187500   0.104167   0.000000
   2.352504  -1.215248   0.000000                  -1.0000               1.187500   0.062500   0.000000
   2.352504  -1.310562   0.000000                  -0.0000               1.187500   0.020833   0.000000
   2.352504  -1.405876   0.000000                   0.0000               1.187500  -0.020833   0.000000
   2.352504  -1.501189   0.000000                   0.0000               1.187500  -0.062500   0.000000
   2.352504  -1.596503   0.000000                  -1.0000               1.187500  -0.104167   0.000000
   2.352504  -1.691817   0.000000                   0.0000               1.187500  -0.145833   0.000000
   2.352504  -1.787130   0.000000                   1.0000               1.187500  -0.187500   0.000000
   2.352504  -1.882444   0.000000                   0.0000               1.187500  -0.229167   0.000000
   2.352504  -1.977757   0.000000                   1.0000               1.187500  -0.270833   0.000000
   2.352504  -2.073071   0.000000                   0.0000               1.187500  -0.312500   0.000000
   2.352504  -2.168385   0.000000                   0.0000               1.187500  -0.354167   0.000000
   2.352504  -2.263698   0.000000                   0.0000               1.187500  -0.395833   0.000000
   2.352504  -2.359012   0.000000                  -0.0000               1.187500  -0.437500   0.000000
   2.352504  -2.454325   0.000000                   1.0000               1.187500  -0.479167   0.000000
   2.352504  -2.549639   0.000000                   0.0000               1.187500  -0.520833   0.000000
   2.352504  -2.644953   0.000000                  -0.0000               1.187500  -0.562500   0.000000
   2.352504  -2.740266   0.000000                   0.0000               1.187500  -0.604167   0.000000
   2.352504  -2.835580   0.000000                  -1.0000               1.187500  -0.645833   0.000000
   2.352504  -2.930893   0.000000                   0.0000               1.187500  -0.687500   0.000000
   2.352504  -3.026207   0.000000                   0.0000               1.187500  -0.729167   0.000000
   2.352504  -3.121521   0.000000                   1.0000               1.187500  -0.770833   0.000000
   2.352504  -3.216834   0.000000                  -1.0000               1.187500  -0.812500   0.000000
   2.352504  -3.312148   0.000000                   1.0000               1.187500  -0.854167   0.000000
   2.352504  -3.407461   0.000000                   0.0000               1.187500  -0.895833   0.000000
   2.352504  -3.502775   0.000000                  -1.0000               1.187500  -0.937500   0.000000
   2.352504  -3.598089   0.000000                  -0.0000               1.187500  -0.979167   0.000000
   2.352504  -3.693402   0.000000                   0.0000               1.187500  -1.020833   0.000000
   2.352504  -3.788716   0.000000                   0.0000               1.187500  -1.062500   0.000000
   2.352504  -3.884029   0.000000                  -1.0000               1.187500  -1.104167   0.000000
   2.352504  -3.979343   0.000000                   0.0000               1.187500  -1.145833   0.000000
   2.352504  -4.074657   0.000000                   1.0000               1.187500  -1.187500   0.000000
   2.352504  -4.169970   0.000000                   0.0000               1.187500  -1.229167   0.000000
   2.352504  -4.265284   0.000000                   1.0000               1.187500  -1.270833   0.000000
   2.352504  -4.360597   0.000000                   0.0000               1.187500  -1.312500   0.000000
   2.352504  -4.455911   0.000000                   0.0000               1.187500  -1.354167   0.000000
   2.352504  -4.551225   0.000000                   0.0000               1.187500  -1.395833   0.000000
   2.352504  -4.646538   0.000000                  -0.0000               1.187500  -1.437500   0.000000
   2.352504  -4.741852   0.000000                   1.0000               1.187500  -1.479167   0.000000
   2.269960   2.073071   0.000000                  -0.0000               1.145833   1.479167   0.000000
   2.269960   1.977757   0.000000                   0.0000               1.145833   1.437500   0.000000
   2.269960   1.882444   0.000000                   0.0000               1.145833   1.395833   0.000000
   2.269960   1.787130   0.000000                   0.0000               1.145833   1.354167   0.000000
   2.269960   1.691817   0.000000                   0.0000               1.145833   1.312500   0.000000
   2.269960   1.596503   0.000000                  -0.0000               1.145833   1.270833   0.000000
   2.269960   1.501189   0.000000                   0.0000               1.145833   1.229167   0.000000
   2.269960   1.405876   0.000000                   1.0000               1.145833   1.187500   0.000000
   2.269960   1.310562   0.000000                  -1.0000               1.145833   1.145833   0.000000
   2.269960   1.215248   0.000000                   0.0000               1.145833   1.104167   0.000000
   2.269960   1.119935   0.000000                   1.0000               1.145833   1.062500   0.000000
   2.269960   1.024621   0.000000                  -1.0000               1.145833   1.020833   0.000000
   2.269960   0.929308   0.000000                   0.0000               1.145833   0.979167   0.000000
   2.269960   0.833994   0.000000                   0.0000               1.145833   0.937500   0.000000
   2.269960   0.738680   0.000000                   0.0000               1.145833   0.895833   0.000000
   2.269960   0.643367   0.000000                   0.0000               1.145833   0.854167   0.000000
   2.269960   0.548053   0.000000                   0.0000               1.145833   0.812500   0.000000
   2.269960   0.452740   0.000000                   1.0000               1.145833   0.770833   0.000000
   2.269960   0.357426   0.000000                   0.0000               1.145833   0.729167   0.000000
   2.269960   0.262112   0.000000                   0.0000               1.145833   0.687500   0.000000
   2.269960   0.166799   0.000000                   0.0000               1.145833   0.645833   0.000000
   2.269960   0.071485   0.000000                  -1.0000               1.145833   0.604167   0.000000
   2.269960  -0.023828   0.000000                   0.0000               1.145833   0.562500   0.000000
   2.269960  -0.119142   0.000000                   0.0000               1.145833   0.520833   0.000000
   2.269960  -0.214456   0.000000                  -0.0000               1.145833   0.479167   0.000000
   2.269960  -0.309769   0.000000                   0.0000               1.145833   0.437500   0.000000
   2.269960  -0.405083   0.000000                   0.0000               1.145833   0.395833   0.000000
   2.269960  -0.500396   0.000000                   0.0000               1.145833   0.354167   0.000000
   2.269960  -0.595710   0.000000                   0.0000               1.145833   0.312500   0.000000
   2.269960  -0.691024   0.000000                  -0.0000               1.145833   0.270833   0.000000
   2.269960  -0.786337   0.000000                   0.0000               1.145833   0.229167   0.000000
   2.269960  -0.881651   0.000000                   1.0000               1.145833   0.187500   0.000000
   2.269960  -0.976964   0.000000                  -1.0000               1.145833   0.145833   0.000000
   2.269960  -1.072278   0.000000                   0.0000               1.145833   0.104167   0.000000
   2.269960  -1.167592   0.000000                   1.0000               1.145833   0.062500   0.000000
   2.269960  -1.262905   0.000000                  -1.0000               1.145833   0.020833   0.000000
   2.269960  -1.358219   0.000000                   0.0000               1.145833  -0.020833   0.000000
   2.269960  -1.453532   0.000000                   0.0000               1.145833  -0.062500   0.000000
   2.269960  -1.548846   0.000000                   0.0000               1.145833  -0.104167   0.000000
   2.269960  -1.644160   0.000000                   0.0000               1.145833  -0.145833   0.000000
   2.269960  -1.739473   0.000000                   0.0000               1.145833  -0.187500   0.000000
   2.269960  -1.834787   0.000000                   1.0000               1.145833  -0.229167   0.000000
   2.269960  -1.930101   0.000000                   0.0000               1.145833  -0.270833   0.000000
   2.269960  -2.025414   0.000000                   0.0000               1.145833  -0.312500   0.000000
   2.269960  -2.120728   0.000000                   0.0000               1.145833  -0.354167   0.000000
   2.269960  -2.216041   0.000000                  -1.0000               1.145833  -0.395833   0.000000
   2.269960  -2.311355   0.000000                   0.0000               1.145833  -0.437500   0.000000
   2.269960  -2.406669   0.000000                   0.0000               1.145833  -0.479167   0.000000
   2.269960  -2.501982   0.000000                  -0.0000               1.145833  -0.520833   0.000000
   2.269960  -2.597296   0.000000                   0.0000               1.145833  -0.562500   0.000000
   2.269960  -2.692609   0.000000                   0.0000               1.145833  -0.604167   0.000000
   2.269960  -2.787923   0.000000                   0.0000               1.145833  -0.645833   0.000000
   2.269960  -2.883237   0.000000                   0.0000               1.145833  -0.687500   0.000000
   2.269960  -2.978550   0.000000                  -0.0000               1.145833  -0.729167   0.000000
   2.269960  -3.073864   0.000000                   0.0000               1.145833  -0.770833   0.000000
   2.269960  -3.169177   0.000000                   1.0000               1.145833  -0.812500   0.000000
   2.269960  -3.264491   0.000000                  -1.0000               1.145833  -0.854167   0.000000
   2.269960  -3.359805   0.000000                   0.0000               1.145833  -0.895833   0.000000
   2.269960  -3.455118   0.000000                   1.0000               1.145833  -0.937500   0.000000
   2.269960  -3.550432   0.000000                  -1.0000               1.145833  -0.979167   0.000000
   2.269960  -3.645745   0.000000                   0.0000               1.145833  -1.020833   0.000000
   2.269960  -3.741059   0.000000                   0.0000               1.145833  -1.062500   0.000000
   2.269960  -3.836373   0.000000                   0.0000               1.145833  -1.104167   0.000000
   2.269960  -3.931686   0.000000                   0.0000               1.145833  -1.145833   0.000000
   2.269960  -4.027000   0.000000                   0.0000               1.145833  -1.187500   0.000000
   2.269960  -4.122313   0.000000                   1.0000               1.145833  -1.229167   0.000000
   2.269960  -4.217627   0.000000                   0.0000               1.145833  -1.270833   0.000000
   2.269960  -4.312941   0.000000                   0.0000               1.145833  -1.312500   0.000000
   2.269960  -4.408254   0.000000                   0.0000               1.145833  -1.354167   0.000000
   2.269960  -4.503568   0.000000                  -1.0000               1.145833  -1.395833   0.000000
   2.269960  -4.598881   0.000000                   0.0000               1.145833  -1.437500   0.000000
   2.269960  -4.694195   0.000000                   0.0000               1.145833  -1.479167   0.000000
   2.187416   2.120728   0.000000                   0.0000               1.104167   1.479167   0.000000
   2.187416   2.025414   0.000000                   0.0000               1.104167   1.437500   0.000000
   2.187416   1.930101   0.000000                   0.0000               1.104167   1.395833   0.000000
   2.187416   1.834787   0.000000                   1.0000               1.104167   1.354167   0.000000
   2.187416   1.739473   0.000000                   0.0000               1.104167   1.312500   0.000000
   2.187416   1.644160   0.000000                  -0.0000               1.104167   1.270833   0.000000
   2.187416   1.548846   0.000000                  -1.0000               1.104167   1.229167   0.000000
   2.187416   1.453532   0.000000                   1.0000               1.104167   1.187500   0.000000
   2.187416   1.358219   0.000000                  -1.0000               1.104167   1.145833   0.000000
   2.187416   1.262905   0.000000                   0.0000               1.104167   1.104167   0.000000
   2.187416   1.167592   0.000000                   0.0000               1.104167   1.062500   0.000000
   2.187416   1.072278   0.000000                   1.0000               1.104167   1.020833   0.000000
   2.187416   0.976964   0.000000                   1.0000               1.104167   0.979167   0.000000
   2.187416   0.881651   0.000000                   0.0000               1.104167   0.937500   0.000000
   2.187416   0.786337   0.000000                   0.0000               1.104167   0.895833   0.000000
   2.187416   0.691024   0.000000                   0.0000               1.104167   0.854167   0.000000
   2.187416   0.595710   0.000000                   0.0000               1.104167   0.812500   0.000000
   2.187416   0.500396   0.000000                  -1.0000               1.104167   0.770833   0.000000
   2.187416   0.405083   0.000000                   0.0000               1.104167   0.729167   0.000000
   2.187416   0.309769   0.000000                   0.0000               1.104167   0.687500   0.000000
   2.187416   0.214456   0.000000                   0.0000               1.104167   0.645833   0.000000
   2.187416   0.119142   0.000000                   0.0000               1.104167   0.604167   0.000000
   2.187416   0.023828   0.000000                  -1.0000               1.104167   0.562500   0.000000
   2.187416  -0.071485   0.000000                   0.0000               1.104167   0.520833   0.000000
   2.187416  -0.166799   0.000000                   0.0000               1.104167   0.479167   0.000000
   2.187416  -0.262112   0.000000                   0.0000               1.104167   0.437500   0.000000
   2.187416  -0.357426   0.000000                   0.0000               1.104167   0.395833   0.000000
   2.187416  -0.452740   0.000000                   1.0000               1.104167   0.354167   0.000000
   2.187416  -0.548053   0.000000                   0.0000               1.104167   0.312500   0.000000
   2.187416  -0.643367   0.000000                  -0.0000               1.104167   0.270833   0.000000
   2.187416  -0.738680   0.000000                  -1.0000               1.104167   0.229167   0.000000
   2.187416  -0.833994   0.000000                   1.0000               1.104167   0.187500   0.000000
   2.187416  -0.929308   0.000000                  -1.0000               1.104167   0.145833   0.000000
   2.187416  -1.024621   0.000000                   0.0000               1.104167   0.104167   0.000000
   2.187416  -1.119935   0.000000                   0.0000               1.104167   0.062500   0.000000
   2.187416  -1.215248   0.000000                   1.0000               1.104167   0.020833   0.000000
   2.187416  -1.310562   0.000000                   1.0000               1.104167  -0.020833   0.000000
   2.187416  -1.405876   0.000000                   0.0000               1.104167  -0.062500   0.000000
   2.187416  -1.501189   0.000000                   0.0000               1.104167  -0.104167   0.000000
   2.187416  -1.596503   0.000000                   0.0000               1.104167  -0.145833   0.000000
   2.187416  -1.691817   0.000000                   0.0000               1.104167  -0.187500   0.000000
   2.187416  -1.787130   0.000000                  -1.0000               1.104167  -0.229167   0.000000
   2.187416  -1.882444   0.000000                   0.0000               1.104167  -0.270833   0.000000
   2.187416  -1.977757   0.000000                   0.0000               1.104167  -0.312500   0.000000
   2.187416  -2.073071   0.000000                   0.0000               1.104167  -0.354167   0.000000
   2.187416  -2.168385   0.000000                   0.0000               1.104167  -0.395833   0.000000
   2.187416  -2.263698   0.000000                  -1.0000               1.104167  -0.437500   0.000000
   2.187416  -2.359012   0.000000                   0.0000               1.104167  -0.479167   0.000000
   2.187416  -2.454325   0.000000                   0.0000               1.104167  -0.520833   0.000000
   2.187416  -2.549639   0.000000                   0.0000               1.104167  -0.562500   0.000000
   2.187416  -2.644953   0.000000                   0.0000               1.104167  -0.604167   0.000000
   2.187416  -2.740266   0.000000                   1.0000               1.104167  -0.645833   0.000000
   2.187416  -2.835580   0.000000                   0.0000               1.104167  -0.687500   0.000000
   2.187416  -2.930893   0.000000                  -0.0000               1.104167  -0.729167   0.000000
   2.187416  -3.026207   0.000000                  -1.0000               1.104167  -0.770833   0.000000
   2.187416  -3.121521   0.000000                   1.0000               1.104167  -0.812500   0.000000
   2.187416  -3.216834   0.000000                  -1.0000               1.104167  -0.854167   0.000000
   2.187416  -3.312148   0.000000                   0.0000               1.104167  -0.895833   0.000000
   2.187416  -3.407461   0.000000                   0.0000               1.104167  -0.937500   0.000000
   2.187416  -3.502775   0.000000                   1.0000               1.104167  -0.979167   0.000000
   2.187416  -3.598089   0.000000                   1.0000               1.104167  -1.020833   0.000000
   2.187416  -3.693402   0.000000                   0.0000               1.104167  -1.062500   0.000000
   2.187416  -3.788716   0.000000                   0.0000               1.104167  -1.104167   0.000000
   2.187416  -3.884029   0.000000                   0.0000               1.104167  -1.145833   0.000000
   2.187416  -3.979343   0.000000                   0.0000               1.104167  -1.187500   0.000000
   2.187416  -4.074657   0.000000                  -1.0000               1.104167  -1.229167   0.000000
   2.187416  -4.169970   0.000000                   0.0000               1.104167  -1.270833   0.000000
   2.187416  -4.265284   0.000000                   0.0000               1.104167  -1.312500   0.000000
   2.187416  -4.360597   0.000000                   0.0000               1.104167  -1.354167   0.000000
   2.187416  -4.455911   0.000000                   0.0000               1.104167  -1.395833   0.000000
   2.187416  -4.551225   0.000000                  -1.0000               1.104167  -1.437500   0.000000
   2.187416  -4.646538   0.000000                   0.0000               1.104167  -1.479167   0.000000
   2.104872   2.168385   0.000000                   0.0000               1.062500   1.479167   0.000000
   2.104872   2.073071   0.000000                   0.0000               1.062500   1.437500   0.000000
   2.104872   1.977757   0.000000                   0.0000               1.062500   1.395833   0.000000
   2.104872   1.882444   0.000000                   0.0000               1.062500   1.354167   0.000000
   2.104872   1.787130   0.000000                  -1.0000               1.062500   1.312500   0.000000
   2.104872   1.691817   0.000000                  -1.0000               1.062500   1.270833   0.000000
   2.104872   1.596503   0.000000                   1.0000               1.062500   1.229167   0.000000
   2.104872   1.501189   0.000000                  -1.0000               1.062500   1.187500   0.000000
   2.104872   1.405876   0.000000                   1.0000               1.062500   1.145833   0.000000
   2.104872   1.310562   0.000000                   1.0000               1.062500   1.104167   0.000000
   2.104872   1.215248   0.000000                  -1.0000               1.062500   1.062500   0.000000
   2.104872   1.119935   0.000000                   0.0000               1.062500   1.020833   0.000000
   2.104872   1.024621   0.000000                  -1.0000               1.062500   0.979167   0.000000
   2.104872   0.929308   0.000000                   0.0000               1.062500   0.937500   0.000000
   2.104872   0.833994   0.000000                   0.0000               1.062500   0.895833   0.000000
   2.104872   0.738680   0.000000                  -1.0000               1.062500   0.854167   0.000000
   2.104872   0.643367   0.000000                   1.0000               1.062500   0.812500   0.000000
   2.104872   0.548053   0.000000                   0.0000               1.062500   0.770833   0.000000
   2.104872   0.452740   0.000000                   0.0000               1.062500   0.729167   0.000000
   2.104872   0.357426   0.000000                   0.0000               1.062500   0.687500   0.000000
   2.104872   0.262112   0.000000                   0.0000               1.062500   0.645833   0.000000
   2.104872   0.166799   0.000000                   0.0000               1.062500   0.604167   0.000000
   2.104872   0.071485   0.000000                   1.0000               1.062500   0.562500   0.000000
   2.104872  -0.023828   0.000000                   0.0000               1.062500   0.520833   0.000000
   2.104872  -0.119142   0.000000                   0.0000               1.062500   0.479167   0.000000
   2.104872  -0.214456   0.000000                   0.0000               1.062500   0.437500   0.000000
   2.104872  -0.309769   0.000000                   0.0000               1.062500   0.395833   0.000000
   2.104872  -0.405083   0.000000                   0.0000               1.062500   0.354167   0.000000
   2.104872  -0.500396   0.000000                  -1.0000               1.062500   0.312500   0.000000
   2.104872  -0.595710   0.000000                  -1.0000               1.062500   0.270833   0.000000
   2.104872  -0.691024   0.000000                   1.0000               1.062500   0.229167   0.000000
   2.104872  -0.786337   0.000000                  -1.0000               1.062500   0.187500   0.000000
   2.104872  -0.881651   0.000000                   1.0000               1.062500   0.145833   0.000000
   2.104872  -0.976964   0.000000                   1.0000               1.062500   0.104167   0.000000
   2.104872  -1.072278   0.000000                  -1.0000               1.062500   0.062500   0.000000
   2.104872  -1.167592   0.000000                   0.0000               1.062500   0.020833   0.000000
   2.104872  -1.262905   0.000000                  -1.0000               1.062500  -0.020833   0.000000
   2.104872  -1.358219   0.000000                   0.0000               1.062500  -0.062500   0.000000
   2.104872  -1.453532   0.000000                   0.0000               1.062500  -0.104167   0.000000
   2.104872  -1.548846   0.000000                  -1.0000               1.062500  -0.145833   0.000000
   2.104872  -1.644160   0.000000                   1.0000               1.062500  -0.187500   0.000000
   2.104872  -1.739473   0.000000                   0.0000               1.062500  -0.229167   0.000000
   2.104872  -1.834787   0.000000                   0.0000               1.062500  -0.270833   0.000000
   2.104872  -1.930101   0.000000                   0.0000               1.062500  -0.312500   0.000000
   2.104872  -2.025414   0.000000                   0.0000               1.062500  -0.354167   0.000000
   2.104872  -2.120728   0.000000                   0.0000               1.062500  -0.395833   0.000000
   2.104872  -2.216041   0.000000                   1.0000               1.062500  -0.437500   0.000000
   2.104872  -2.311355   0.000000                   0.0000               1.062500  -0.479167   0.000000
   2.104872  -2.406669   0.000000                   0.0000               1.062500  -0.520833   0.000000
   2.104872  -2.501982   0.000000                   0.0000               1.062500  -0.562500   0.000000
   2.104872  -2.597296   0.000000                   0.0000               1.062500  -0.604167   0.000000
   2.104872  -2.692609   0.000000                   0.0000               1.062500  -0.645833   0.000000
   2.104872  -2.787923   0.000000                  -1.0000               1.062500  -0.687500   0.000000
   2.104872  -2.883237   0.000000                  -1.0000               1.062500  -0.729167   0.000000
   2.104872  -2.978550   0.000000                   1.0000               1.062500  -0.770833   0.000000
   2.104872  -3.073864   0.000000                  -1.0000               1.062500  -0.812500   0.000000
   2.104872  -3.169177   0.000000                   1.0000               1.062500  -0.854167   0.000000
   2.104872  -3.264491   0.000000                   1.0000               1.062500  -0.895833   0.000000
   2.104872  -3.359805   0.000000                  -1.0000               1.062500  -0.937500   0.000000
   2.104872  -3.455118   0.000000                   0.0000               1.062500  -0.979167   0.000000
   2.104872  -3.550432   0.000000                  -1.0000               1.062500  -1.020833   0.000000
   2.104872  -3.645745   0.000000                   0.0000               1.062500  -1.062500   0.000000
   2.104872  -3.741059   0.000000                   0.0000               1.062500  -1.104167   0.000000
   2.104872  -3.836373   0.000000                  -1.0000               1.062500  -1.145833   0.000000
   2.104872  -3.931686   0.000000                   1.0000               1.062500  -1.187500   0.000000
   2.104872  -4.027000   0.000000                   0.0000               1.062500  -1.229167   0.000000
   2.104872  -4.122313   0.000000                   0.0000               1.062500  -1.270833   0.000000
   2.104872  -4.217627   0.000000                   0.0000               1.062500  -1.312500   0.000000
   2.104872  -4.312941   0.000000                   0.0000               1.062500  -1.354167   0.000000
   2.104872  -4.408254   0.000000                   0.0000               1.062500  -1.395833   0.000000
   2.104872  -4.503568   0.000000                   1.0000               1.062500  -1.437500   0.000000
   2.104872  -4.598881   0.000000                   0.0000               1.062500  -1.479167   0.000000
   2.022328   2.216041   0.000000                   0.0000               1.020833   1.479167   0.000000
   2.022328   2.120728   0.000000                   0.0000               1.020833   1.437500   0.000000
   2.022328   2.025414   0.000000                   0.0000               1.020833   1.395833   0.000000
   2.022328   1.930101   0.000000                  -0.0000               1.020833   1.354167   0.000000
   2.022328   1.834787   0.000000                   0.0000               1.020833   1.312500   0.000000
   2.022328   1.739473   0.000000                   0.0000               1.020833   1.270833   0.000000
   2.022328   1.644160   0.000000                   0.0000               1.020833   1.229167   0.000000
   2.022328   1.548846   0.000000                   0.0000               1.020833   1.187500   0.000000
   2.022328   1.453532   0.000000                   0.0000               1.020833   1.145833   0.000000
   2.022328   1.358219   0.000000                   0.0000               1.020833   1.104167   0.000000
   2.022328   1.262905   0.000000                   0.0000               1.020833   1.062500   0.000000
   2.022328   1.167592   0.000000                   0.0000               1.020833   1.020833   0.000000
   2.022328   1.072278   0.000000                   1.0000               1.020833   0.979167   0.000000
   2.022328   0.976964   0.000000                   0.0000               1.020833   0.937500   0.000000
   2.022328   0.881651   0.000000                   0.0000               1.020833   0.895833   0.000000
   2.022328   0.786337   0.000000                   0.0000               1.020833   0.854167   0.000000
   2.022328   0.691024   0.000000                   0.0000               1.020833   0.812500   0.000000
   2.022328   0.595710   0.000000                   0.0000               1.020833   0.770833   0.000000
   2.022328   0.500396   0.000000                   1.0000               1.020833   0.729167   0.000000
   2.022328   0.405083   0.000000                  -1.0000               1.020833   0.687500   0.000000
   2.022328   0.309769   0.000000                   1.0000               1.020833   0.645833   0.000000
   2.022328   0.214456   0.000000                  -1.0000               1.020833   0.604167   0.000000
   2.022328   0.119142   0.000000                   0.0000               1.020833   0.562500   0.000000
   2.022328   0.023828   0.000000                   0.0000               1.020833   0.520833   0.000000
   2.022328  -0.071485   0.000000                   0.0000               1.020833   0.479167   0.000000
   2.022328  -0.166799   0.000000                   0.0000               1.020833   0.437500   0.000000
   2.022328  -0.262112   0.000000                   0.0000               1.020833   0.395833   0.000000
   2.022328  -0.357426   0.000000                  -0.0000               1.020833   0.354167   0.000000
   2.022328  -0.452740   0.000000                   0.0000               1.020833   0.312500   0.000000
   2.022328  -0.548053   0.000000                   0.0000               1.020833   0.270833   0.000000
   2.022328  -0.643367   0.000000                   0.0000               1.020833   0.229167   0.000000
   2.022328  -0.738680   0.000000                   0.0000               1.020833   0.187500   0.000000
   2.022328  -0.833994   0.000000                   0.0000               1.020833   0.145833   0.000000
   2.022328  -0.929308   0.000000                   0.0000               1.020833   0.104167   0.000000
   2.022328  -1.024621   0.000000                   0.0000               1.020833   0.062500   0.000000
   2.022328  -1.119935   0.000000                   0.0000               1.020833   0.020833   0.000000
   2.022328  -1.215248   0.000000                   1.0000               1.020833  -0.020833   0.000000
   2.022328  -1.310562   0.000000                   0.0000               1.020833  -0.062500   0.000000
   2.022328  -1.405876   0.000000                   0.0000               1.020833  -0.104167   0.000000
   2.022328  -1.501189   0.000000                   0.0000               1.020833  -0.145833   0.000000
   2.022328  -1.596503   0.000000                   0.0000               1.020833  -0.187500   0.000000
   2.022328  -1.691817   0.000000                   0.0000               1.020833  -0.229167   0.000000
   2.022328  -1.787130   0.000000                   1.0000               1.020833  -0.270833   0.000000
   2.022328  -1.882444   0.000000                  -1.0000               1.020833  -0.312500   0.000000
   2.022328  -1.977757   0.000000                   1.0000               1.020833  -0.354167   0.000000
   2.022328  -2.073071   0.000000                  -1.0000               1.020833  -0.395833   0.000000
   2.022328  -2.168385   0.000000                   0.0000               1.020833  -0.437500   0.000000
   2.022328  -2.263698   0.000000                   0.0000               1.020833  -0.479167   0.000000
   2.022328  -2.359012   0.000000                   0.0000               1.020833  -0.520833   0.000000
   2.022328  -2.454325   0.000000                   0.0000               1.020833  -0.562500   0.000000
   2.022328  -2.549639   0.000000                   0.0000               1.020833  -0.604167   0.000000
   2.022328  -2.644953   0.000000                  -0.0000               1.020833  -0.645833   0.000000
   2.022328  -2.740266   0.000000                   0.0000               1.020833  -0.687500   0.000000
   2.022328  -2.835580   0.000000                   0.0000               1.020833  -0.729167   0.000000
   2.022328  -2.930893   0.000000                   0.0000               1.020833  -0.770833   0.000000
   2.022328  -3.026207   0.000000                   0.0000               1.020833  -0.812500   0.000000
   2.022328  -3.121521   0.000000                   0.0000               1.020833  -0.854167   0.000000
   2.022328  -3.216834   0.000000                   0.0000               1.020833  -0.895833   0.000000
   2.022328  -3.312148   0.000000                   0.0000               1.020833  -0.937500   0.000000
   2.022328  -3.407461   0.000000                   0.0000               1.020833  -0.979167   0.000000
   2.022328  -3.502775   0.000000                   1.0000               1.020833  -1.020833   0.000000
   2.022328  -3.598089   0.000000                   0.0000               1.020833  -1.062500   0.000000
   2.022328  -3.693402   0.000000                   0.0000               1.020833  -1.104167   0.000000
   2.022328  -3.788716   0.000000                   0.0000               1.020833  -1.145833   0.000000
   2.022328  -3.884029   0.000000                   0.0000               1.020833  -1.187500   0.000000
   2.022328  -3.979343   0.000000                   0.0000               1.020833  -1.229167   0.000000
   2.022328  -4.074657   0.000000                   1.0000               1.020833  -1.270833   0.000000
   2.022328  -4.169970   0.000000                  -1.0000               1.020833  -1.312500   0.000000
   2.022328  -4.265284   0.000000                   1.0000               1.020833  -1.354167   0.000000
   2.022328  -4.360597   0.000000                  -1.0000               1.020833  -1.395833   0.000000
   2.022328  -4.455911   0.000000                   0.0000               1.020833  -1.437500   0.000000
   2.022328  -4.551225   0.000000                   0.0000               1.020833  -1.479167   0.000000
   1.939784   2.263698   0.000000                   0.0000               0.979167   1.479167   0.000000
   1.939784   2.168385   0.000000                   0.0000               0.979167   1.437500   0.000000
   1.939784   2.073071   0.000000                   1.0000               0.979167   1.395833   0.000000
   1.939784   1.977757   0.000000                  -1.0000               0.979167   1.354167   0.000000
   1.939784   1.882444   0.000000                   1.0000               0.979167   1.312500   0.000000
   1.939784   1.787130   0.000000                  -1.0000               0.979167   1.270833   0.000000
   1.939784   1.691817   0.000000                   0.0000               0.979167   1.229167   0.000000
   1.939784   1.596503   0.000000                   0.0000               0.979167   1.187500   0.000000
   1.939784   1.501189   0.000000                   0.0000               0.979167   1.145833   0.000000
   1.939784   1.405876   0.000000                   0.0000               0.979167   1.104167   0.000000
   1.939784   1.310562   0.000000                   0.0000               0.979167   1.062500   0.000000
   1.939784   1.215248   0.000000                  -1.0000               0.979167   1.020833   0.000000
   1.939784   1.119935   0.000000                   0.0000               0.979167   0.979167   0.000000
   1.939784   1.024621   0.000000                   0.0000               0.979167   0.937500   0.000000
   1.939784   0.929308   0.000000                   0.0000               0.979167   0.895833   0.000000
   1.939784   0.833994   0.000000                   0.0000               0.979167   0.854167   0.000000
   1.939784   0.738680   0.000000                   0.0000               0.979167   0.812500   0.000000
   1.939784   0.643367   0.000000                   0.0000               0.979167   0.770833   0.000000
   1.939784   0.548053   0.000000                   0.0000               0.979167   0.729167   0.000000
   1.939784   0.452740   0.000000                   0.0000               0.979167   0.687500   0.000000
   1.939784   0.357426   0.000000                  -0.0000               0.979167   0.645833   0.000000
   1.939784   0.262112   0.000000                   0.0000               0.979167   0.604167   0.000000
   1.939784   0.166799   0.000000                   0.0000               0.979167   0.562500   0.000000
   1.939784   0.071485   0.000000                   0.0000               0.979167   0.520833   0.000000
   1.939784  -0.023828   0.000000                   0.0000               0.979167   0.479167   0.000000
   1.939784  -0.119142   0.000000                   0.0000               0.979167   0.437500   0.000000
   1.939784  -0.214456   0.000000                   1.0000               0.979167   0.395833   0.000000
   1.939784  -0.309769   0.000000                  -1.0000               0.979167   0.354167   0.000000
   1.939784  -0.405083   0.000000                   1.0000               0.979167   0.312500   0.000000
   1.939784  -0.500396   0.000000                  -1.0000               0.979167   0.270833   0.000000
   1.939784  -0.595710   0.000000                   0.0000               0.979167   0.229167   0.000000
   1.939784  -0.691024   0.000000                   0.0000               0.979167   0.187500   0.000000
   1.939784  -0.786337   0.000000                   0.0000               0.979167   0.145833   0.000000
   1.939784  -0.881651   0.000000                   0.0000               0.979167   0.104167   0.000000
   1.939784  -0.976964   0.000000                   0.0000               0.979167   0.062500   0.000000
   1.939784  -1.072278   0.000000                  -1.0000               0.979167   0.020833   0.000000
   1.939784  -1.167592   0.000000                   0.0000               0.979167  -0.020833   0.000000
   1.939784  -1.262905   0.000000                   0.0000               0.979167  -0.062500   0.000000
   1.939784  -1.358219   0.000000                   0.0000               0.979167  -0.104167   0.000000
   1.939784  -1.453532   0.000000                   0.0000               0.979167  -0.145833   0.000000
   1.939784  -1.548846   0.000000                   0.0000               0.979167  -0.187500   0.000000
   1.939784  -1.644160   0.000000                   0.0000               0.979167  -0.229167   0.000000
   1.939784  -1.739473   0.000000                   0.0000               0.979167  -0.270833   0.000000
   1.939784  -1.834787   0.000000                   0.0000               0.979167  -0.312500   0.000000
   1.939784  -1.930101   0.000000                  -0.0000               0.979167  -0.354167   0.000000
   1.939784  -2.025414   0.000000                   0.0000               0.979167  -0.395833   0.000000
   1.939784  -2.120728   0.000000                   0.0000               0.979167  -0.437500   0.000000
   1.939784  -2.216041   0.000000                   0.0000               0.979167  -0.479167   0.000000
   1.939784  -2.311355   0.000000                   0.0000               0.979167  -0.520833   0.000000
   1.939784  -2.406669   0.000000                   0.0000               0.979167  -0.562500   0.000000
   1.939784  -2.501982   0.000000                   1.0000               0.979167  -0.604167   0.000000
   1.939784  -2.597296   0.000000                  -1.0000               0.979167  -0.645833   0.000000
   1.939784  -2.692609   0.000000                   1.0000               0.979167  -0.687500   0.000000
   1.939784  -2.787923   0.000000                  -1.0000               0.979167  -0.729167   0.000000
   1.939784  -2.883237   0.000000                   0.0000               0.979167  -0.770833   0.000000
   1.939784  -2.978550   0.000000                   0.0000               0.979167  -0.812500   0.000000
   1.939784  -3.073864   0.000000                   0.0000               0.979167  -0.854167   0.000000
   1.939784  -3.169177   0.000000                   0.0000               0.979167  -0.895833   0.000000
   1.939784  -3.264491   0.000000                   0.0000               0.979167  -0.937500   0.000000
   1.939784  -3.359805   0.000000                  -1.0000               0.979167  -0.979167   0.000000
   1.939784  -3.455118   0.000000                   0.0000               0.979167  -1.020833   0.000000
   1.939784  -3.550432   0.000000                   0.0000               0.979167  -1.062500   0.000000
   1.939784  -3.645745   0.000000                   0.0000               0.979167  -1.104167   0.000000
   1.939784  -3.741059   0.000000                   0.0000               0.979167  -1.145833   0.000000
   1.939784  -3.836373   0.000000                   0.0000               0.979167  -1.187500   0.000000
   1.939784  -3.931686   0.000000                   0.0000               0.979167  -1.229167   0.000000
   1.939784  -4.027000   0.000000                   0.0000               0.979167  -1.270833   0.000000
   1.939784  -4.122313   0.000000                   0.0000               0.979167  -1.312500   0.000000
   1.939784  -4.217627   0.000000                  -0.0000               0.979167  -1.354167   0.000000
   1.939784  -4.312941   0.000000                   0.0000               0.979167  -1.395833   0.000000
   1.939784  -4.408254   0.000000                   0.0000               0.979167  -1.437500   0.000000
   1.939784  -4.503568   0.000000                   0.0000               0.979167  -1.479167   0.000000
   1.857240   2.311355   0.000000                   0.0000               0.937500   1.479167   0.000000
   1.857240   2.216041   0.000000                  -1.0000               0.937500   1.437500   0.000000
   1.857240   2.120728   0.000000                   0.0000               0.937500   1.395833   0.000000
   1.857240   2.025414   0.000000                   0.0000               0.937500   1.354167   0.000000
   1.857240   1.930101   0.000000                   0.0000               0.937500   1.312500   0.000000
   1.857240   1.834787   0.000000                  -0.0000               0.937500   1.270833   0.000000
   1.857240   1.739473   0.000000                   0.0000               0.937500   1.229167   0.000000
   1.857240   1.644160   0.000000                  -1.0000               0.937500   1.187500   0.000000
   1.857240   1.548846   0.000000                   1.0000               0.937500   1.145833   0.000000
   1.857240   1.453532   0.000000                   0.0000               0.937500   1.104167   0.000000
   1.857240   1.358219   0.000000                   0.0000               0.937500   1.062500   0.000000
   1.857240   1.262905   0.000000                   1.0000               0.937500   1.020833   0.000000
   1.857240   1.167592   0.000000                  -0.0000               0.937500   0.979167   0.000000
   1.857240   1.072278   0.000000                   1.0000               0.937500   0.937500   0.000000
   1.857240   0.976964   0.000000                  -1.0000               0.937500   0.895833   0.000000
   1.857240   0.881651   0.000000                  -1.0000               0.937500   0.854167   0.000000
   1.857240   0.786337   0.000000                   1.0000               0.937500   0.812500   0.000000
   1.857240   0.691024   0.000000                  -1.0000               0.937500   0.770833   0.000000
   1.857240   0.595710   0.000000                   1.0000               0.937500   0.729167   0.000000
   1.857240   0.500396   0.000000                   1.0000               0.937500   0.687500   0.000000
   1.857240   0.405083   0.000000                   0.0000               0.937500   0.645833   0.000000
   1.857240   0.309769   0.000000                   0.0000               0.937500   0.604167   0.000000
   1.857240   0.214456   0.000000                   0.0000               0.937500   0.562500   0.000000
   1.857240   0.119142   0.000000                   0.0000               0.937500   0.520833   0.000000
   1.857240   0.023828   0.000000                   0.0000               0.937500   0.479167   0.000000
   1.857240  -0.071485   0.000000                  -1.0000               0.937500   0.437500   0.000000
   1.857240  -0.166799   0.000000                   0.0000               0.937500   0.395833   0.000000
   1.857240  -0.262112   0.000000                   0.0000               0.937500   0.354167   0.000000
   1.857240  -0.357426   0.000000                   0.0000               0.937500   0.312500   0.000000
   1.857240  -0.452740   0.000000                  -0.0000               0.937500   0.270833   0.000000
   1.857240  -0.548053   0.000000                   0.0000               0.937500   0.229167   0.000000
   1.857240  -0.643367   0.000000                  -1.0000               0.937500   0.187500   0.000000
   1.857240  -0.738680   0.000000                   1.0000               0.937500   0.145833   0.000000
   1.857240  -0.833994   0.000000                   0.0000               0.937500   0.104167   0.000000
   1.857240  -0.929308   0.000000                   0.0000               0.937500   0.062500   0.000000
   1.857240  -1.024621   0.000000                   1.0000               0.937500   0.020833   0.000000
   1.857240  -1.119935   0.000000                  -0.0000               0.937500  -0.020833   0.000000
   1.857240  -1.215248   0.000000                   1.0000               0.937500  -0.062500   0.000000
   1.857240  -1.310562   0.000000                  -1.0000               0.937500  -0.104167   0.000000
   1.857240  -1.405876   0.000000                  -1.0000               0.937500  -0.145833   0.000000
   1.857240  -1.501189   0.000000                   1.0000               0.937500  -0.187500   0.000000
   1.857240  -1.596503   0.000000                  -1.0000               0.937500  -0.229167   0.000000
   1.857240  -1.691817   0.000000                   1.0000               0.937500  -0.270833   0.000000
   1.857240  -1.787130   0.000000                   1.0000               0.937500  -0.312500   0.000000
   1.857240  -1.882444   0.000000                   0.0000               0.937500  -0.354167   0.000000
   1.857240  -1.977757   0.000000                   0.0000               0.937500  -0.395833   0.000000
   1.857240  -2.073071   0.000000                   0.0000               0.937500  -0.437500   0.000000
   1.857240  -2.168385   0.000000                   0.0000               0.937500  -0.479167   0.000000
   1.857240  -2.263698   0.000000                   0.0000               0.937500  -0.520833   0.000000
   1.857240  -2.359012   0.000000                  -1.0000               0.937500  -0.562500   0.000000
   1.857240  -2.454325   0.000000                   0.0000               0.937500  -0.604167   0.000000
   1.857240  -2.549639   0.000000                   0.0000               0.937500  -0.645833   0.000000
   1.857240  -2.644953   0.000000                   0.0000               0.937500  -0.687500   0.000000
   1.857240  -2.740266   0.000000                  -0.0000               0.937500  -0.729167   0.000000
   1.857240  -2.835580   0.000000                   0.0000               0.937500  -0.770833   0.000000
   1.857240  -2.930893   0.000000                  -1.0000               0.937500  -0.812500   0.000000
   1.857240  -3.026207   0.000000                   1.0000               0.937500  -0.854167   0.000000
   1.857240  -3.121521   0.000000                   0.0000               0.937500  -0.895833   0.000000
   1.857240  -3.216834   0.000000                   0.0000               0.937500  -0.937500   0.000000
   1.857240  -3.312148   0.000000                   1.0000               0.937500  -0.979167   0.000000
   1.857240  -3.407461   0.000000                  -0.0000               0.937500  -1.020833   0.000000
   1.857240  -3.502775   0.000000                   1.0000               0.937500  -1.062500   0.000000
   1.857240  -3.598089   0.000000                  -1.0000               0.937500  -1.104167   0.000000
   1.857240  -3.693402   0.000000                  -1.0000               0.937500  -1.145833   0.000000
   1.857240  -3.788716   0.000000                   1.0000               0.937500  -1.187500   0.000000
   1.857240  -3.884029   0.000000                  -1.0000               0.937500  -1.229167   0.000000
   1.857240  -3.979343   0.000000                   1.0000               0.937500  -1.270833   0.000000
   1.857240  -4.074657   0.000000                   1.0000               0.937500  -1.312500   0.000000
   1.857240  -4.169970   0.000000                   0.0000               0.937500  -1.354167   0.000000
   1.857240  -4.265284   0.000000                   0.0000               0.937500  -1.395833   0.000000
   1.857240  -4.360597   0.000000                   0.0000               0.937500  -1.437500   0.000000
   1.857240  -4.455911   0.000000                   0.0000               0.937500  -1.479167   0.000000
   1.774696   2.359012   0.000000                   0.0000               0.895833   1.479167   0.000000
   1.774696   2.263698   0.000000                   1.0000               0.895833   1.437500   0.000000
   1.774696   2.168385   0.000000                   0.0000               0.895833   1.395833   0.000000
   1.774696   2.073071   0.000000                   0.0000               0.895833   1.354167   0.000000
   1.774696   1.977757   0.000000                  -0.0000               0.895833   1.312500   0.000000
   1.774696   1.882444   0.000000                   0.0000               0.895833   1.270833   0.000000
   1.774696   1.787130   0.000000                   1.0000               0.895833   1.229167   0.000000
   1.774696   1.691817   0.000000                   0.0000               0.895833   1.187500   0.000000
   1.774696   1.596503   0.000000                   0.0000               0.895833   1.145833   0.000000
   1.774696   1.501189   0.000000                   0.0000               0.895833   1.104167   0.000000
   1.774696   1.405876   0.000000                  -0.0000               0.895833   1.062500   0.000000
   1.774696   1.310562   0.000000                  -1.0000               0.895833   1.020833   0.000000
   1.774696   1.215248   0.000000                  -1.0000               0.895833   0.979167   0.000000
   1.774696   1.119935   0.000000                   0.0000               0.895833   0.937500   0.000000
   1.774696   1.024621   0.000000                   0.0000               0.895833   0.895833   0.000000
   1.774696   0.929308   0.000000                   1.0000               0.895833   0.854167   0.000000
   1.774696   0.833994   0.000000                  -1.0000               0.895833   0.812500   0.000000
   1.774696   0.738680   0.000000                   1.0000               0.895833   0.770833   0.000000
   1.774696   0.643367   0.000000                   0.0000               0.895833   0.729167   0.000000
   1.774696   0.548053   0.000000                   0.0000               0.895833   0.687500   0.000000
   1.774696   0.452740   0.000000                  -1.0000               0.895833   0.645833   0.000000
   1.774696   0.357426   0.000000                   0.0000               0.895833   0.604167   0.000000
   1.774696   0.262112   0.000000                   0.0000               0.895833   0.562500   0.000000
   1.774696   0.166799   0.000000                   0.0000               0.895833   0.520833   0.000000
   1.774696   0.071485   0.000000                   0.0000               0.895833   0.479167   0.000000
   1.774696  -0.023828   0.000000                   1.0000               0.895833   0.437500   0.000000
   1.774696  -0.119142   0.000000                   0.0000               0.895833   0.395833   0.000000
   1.774696  -0.214456   0.000000                   0.0000               0.895833   0.354167   0.000000
   1.774696  -0.309769   0.000000                  -0.0000               0.895833   0.312500   0.000000
   1.774696  -0.405083   0.000000                   0.0000               0.895833   0.270833   0.000000
   1.774696  -0.500396   0.000000                   1.0000               0.895833   0.229167   0.000000
   1.774696  -0.595710   0.000000                   0.0000               0.895833   0.187500   0.000000
   1.774696  -0.691024   0.000000                   0.0000               0.895833   0.145833   0.000000
   1.774696  -0.786337   0.000000                   0.0000               0.895833   0.104167   0.000000
   1.774696  -0.881651   0.000000                  -0.0000               0.895833   0.062500   0.000000
   1.774696  -0.976964   0.000000                  -1.0000               0.895833   0.020833   0.000000
   1.774696  -1.072278   0.000000                  -1.0000               0.895833  -0.020833   0.000000
   1.774696  -1.167592   0.000000                   0.0000               0.895833  -0.062500   0.000000
   1.774696  -1.262905   0.000000                   0.0000               0.895833  -0.104167   0.000000
   1.774696  -1.358219   0.000000                   1.0000               0.895833  -0.145833   0.000000
   1.774696  -1.453532   0.000000                  -1.0000               0.895833  -0.187500   0.000000
   1.774696  -1.548846   0.000000                   1.0000               0.895833  -0.229167   0.000000
   1.774696  -1.644160   0.000000                   0.0000               0.895833  -0.270833   0.000000
   1.774696  -1.739473   0.000000                   0.0000               0.895833  -0.312500   0.000000
   1.774696  -1.834787   0.000000                  -1.0000               0.895833  -0.354167   0.000000
   1.774696  -1.930101   0.000000                   0.0000               0.895833  -0.395833   0.000000
   1.774696  -2.025414   0.000000                   0.0000               0.895833  -0.437500   0.000000
   1.774696  -2.120728   0.000000                   0.0000               0.895833  -0.479167   0.000000
   1.774696  -2.216041   0.000000                   0.0000               0.895833  -0.520833   0.000000
   1.774696  -2.311355   0.000000                   1.0000               0.895833  -0.562500   0.000000
   1.774696  -2.406669   0.000000                   0.0000               0.895833  -0.604167   0.000000
   1.774696  -2.501982   0.000000                   0.0000               0.895833  -0.645833   0.000000
   1.774696  -2.597296   0.000000                  -0.0000               0.895833  -0.687500   0.000000
   1.774696  -2.692609   0.000000                   0.0000               0.895833  -0.729167   0.000000
   1.774696  -2.787923   0.000000                   1.0000               0.895833  -0.770833   0.000000
   1.774696  -2.883237   0.000000                   0.0000               0.895833  -0.812500   0.000000
   1.774696  -2.978550   0.000000                   0.0000               0.895833  -0.854167   0.000000
   1.774696  -3.073864   0.000000                   0.0000               0.895833  -0.895833   0.000000
   1.774696  -3.169177   0.000000                  -0.0000               0.895833  -0.937500   0.000000
   1.774696  -3.264491   0.000000                  -1.0000               0.895833  -0.979167   0.000000
   1.774696  -3.359805   0.000000                  -1.0000               0.895833  -1.020833   0.000000
   1.774696  -3.455118   0.000000                   0.0000               0.895833  -1.062500   0.000000
   1.774696  -3.550432   0.000000                   0.0000               0.895833  -1.104167   0.000000
   1.774696  -3.645745   0.000000                   1.0000               0.895833  -1.145833   0.000000
   1.774696  -3.741059   0.000000                  -1.0000               0.895833  -1.187500   0.000000
   1.774696  -3.836373   0.000000                   1.0000               0.895833  -1.229167   0.000000
   1.774696  -3.931686   0.000000                   0.0000               0.895833  -1.270833   0.000000
   1.774696  -4.027000   0.000000                   0.0000               0.895833  -1.312500   0.000000
   1.774696  -4.122313   0.000000                  -1.0000               0.895833  -1.354167   0.000000
   1.774696  -4.217627   0.000000                   0.0000               0.895833  -1.395833   0.000000
   1.774696  -4.312941   0.000000                   0.0000               0.895833  -1.437500   0.000000
   1.774696  -4.408254   0.000000                   0.0000               0.895833  -1.479167   0.000000
   1.692152   2.406669   0.000000                   0.0000               0.854167   1.479167   0.000000
   1.692152   2.311355   0.000000                   0.0000               0.854167   1.437500   0.000000
   1.692152   2.216041   0.000000                   1.0000               0.854167   1.395833   0.000000
   1.692152   2.120728   0.000000                   0.0000               0.854167   1.354167   0.000000
   1.692152   2.025414   0.000000                  -0.0000               0.854167   1.312500   0.000000
   1.692152   1.930101   0.000000                   0.0000               0.854167   1.270833   0.000000
   1.692152   1.834787   0.000000                  -1.0000               0.854167   1.229167   0.000000
   1.692152   1.739473   0.000000                   0.0000               0.854167   1.187500   0.000000
   1.692152   1.644160   0.000000                  -0.0000               0.854167   1.145833   0.000000
   1.692152   1.548846   0.000000                   0.0000               0.854167   1.104167   0.000000
   1.692152   1.453532   0.000000                   0.0000               0.854167   1.062500   0.000000
   1.692152   1.358219   0.000000                   0.0000               0.854167   1.020833   0.000000
   1.692152   1.262905   0.000000                   1.0000               0.854167   0.979167   0.000000
   1.692152   1.167592   0.000000                  -1.0000               0.854167   0.937500   0.000000
   1.692152   1.072278   0.000000                   0.0000               0.854167   0.895833   0.000000
   1.692152   0.976964   0.000000                   1.0000               0.854167   0.854167   0.000000
   1.692152   0.881651   0.000000                  -1.0000               0.854167   0.812500   0.000000
   1.692152   0.786337   0.000000                   0.0000               0.854167   0.770833   0.000000
   1.692152   0.691024   0.000000                  -0.0000               0.854167   0.729167   0.000000
   1.692152   0.595710   0.000000                   0.0000               0.854167   0.687500   0.000000
   1.692152   0.500396   0.000000                   0.0000               0.854167   0.645833   0.000000
   1.692152   0.405083   0.000000                  -0.0000               0.854167   0.604167   0.000000
   1.692152   0.309769   0.000000                   0.0000               0.854167   0.562500   0.000000
   1.692152   0.214456   0.000000                   0.0000               0.854167   0.520833   0.000000
   1.692152   0.119142   0.000000                   0.0000               0.854167   0.479167   0.000000
   1.692152   0.023828   0.000000                   0.0000               0.854167   0.437500   0.000000
   1.692152  -0.071485   0.000000                   1.0000               0.854167   0.395833   0.000000
   1.692152  -0.166799   0.000000                   0.0000               0.854167   0.354167   0.000000
   1.692152  -0.262112   0.000000                  -0.0000               0.854167   0.312500   0.000000
   1.692152  -0.357426   0.000000                   0.0000               0.854167   0.270833   0.000000
   1.692152  -0.452740   0.000000                  -1.0000               0.854167   0.229167   0.000000
   1.692152  -0.548053   0.000000                   0.0000               0.854167   0.187500   0.000000
   1.692152  -0.643367   0.000000                  -0.0000               0.854167   0.145833   0.000000
   1.692152  -0.738680   0.000000                   0.0000               0.854167   0.104167   0.000000
   1.692152  -0.833994   0.000000                   0.0000               0.854167   0.062500   0.000000
   1.692152  -0.929308   0.000000                   0.0000               0.854167   0.020833   0.000000
   1.692152  -1.024621   0.000000                   1.0000               0.854167  -0.020833   0.000000
   1.692152  -1.119935   0.000000                  -1.0000               0.854167  -0.062500   0.000000
   1.692152  -1.215248   0.000000                   0.0000               0.854167  -0.104167   0.000000
   1.692152  -1.310562   0.000000                   1.0000               0.854167  -0.145833   0.000000
   1.692152  -1.405876   0.000000                  -1.0000               0.854167  -0.187500   0.000000
   1.692152  -1.501189   0.000000                   0.0000               0.854167  -0.229167   0.000000
   1.692152  -1.596503   0.000000                  -0.0000               0.854167  -0.270833   0.000000
   1.692152  -1.691817   0.000000                   0.0000               0.854167  -0.312500   0.000000
   1.692152  -1.787130   0.000000                   0.0000               0.854167  -0.354167   0.000000
   1.692152  -1.882444   0.000000                  -0.0000               0.854167  -0.395833   0.000000
   1.692152  -1.977757   0.000000                   0.0000               0.854167  -0.437500   0.000000
   1.692152  -2.073071   0.000000                   0.0000               0.854167  -0.479167   0.000000
   1.692152  -2.168385   0.000000                   0.0000               0.854167  -0.520833   0.000000
   1.692152  -2.263698   0.000000                   0.0000               0.854167  -0.562500   0.000000
   1.692152  -2.359012   0.000000                   1.0000               0.854167  -0.604167   0.000000
   1.692152  -2.454325   0.000000                   0.0000               0.854167  -0.645833   0.000000
   1.692152  -2.549639   0.000000                  -0.0000               0.854167  -0.687500   0.000000
   1.692152  -2.644953   0.000000                   0.0000               0.854167  -0.729167   0.000000
   1.692152  -2.740266   0.000000                  -1.0000               0.854167  -0.770833   0.000000
   1.692152  -2.835580   0.000000                   0.0000               0.854167  -0.812500   0.000000
   1.692152  -2.930893   0.000000                  -0.0000               0.854167  -0.854167   0.000000
   1.692152  -3.026207   0.000000                   0.0000               0.854167  -0.895833   0.000000
   1.692152  -3.121521   0.000000                   0.0000               0.854167  -0.937500   0.000000
   1.692152  -3.216834   0.000000                   0.0000               0.854167  -0.979167   0.000000
   1.692152  -3.312148   0.000000                   1.0000               0.854167  -1.020833   0.000000
   1.692152  -3.407461   0.000000                  -1.0000               0.854167  -1.062500   0.000000
   1.692152  -3.502775   0.000000                   0.0000               0.854167  -1.104167   0.000000
   1.692152  -3.598089   0.000000                   1.0000               0.854167  -1.145833   0.000000
   1.692152  -3.693402   0.000000                  -1.0000               0.854167  -1.187500   0.000000
   1.692152  -3.788716   0.000000                   0.0000               0.854167  -1.229167   0.000000
   1.692152  -3.884029   0.000000                  -0.0000               0.854167  -1.270833   0.000000
   1.692152  -3.979343   0.000000                   0.0000               0.854167  -1.312500   0.000000
   1.692152  -4.074657   0.000000                   0.0000               0.854167  -1.354167   0.000000
   1.692152  -4.169970   0.000000                  -0.0000               0.854167  -1.395833   0.000000
   1.692152  -4.265284   0.000000                   0.0000               0.854167  -1.437500   0.000000
   1.692152  -4.360597   0.000000                   0.0000               0.854167  -1.479167   0.000000
   1.609608   2.454325   0.000000                  -1.0000               0.812500   1.479167   0.000000
   1.609608   2.359012   0.000000                   0.0000               0.812500   1.437500   0.000000
   1.609608   2.263698   0.000000                   0.0000               0.812500   1.395833   0.000000
   1.609608   2.168385   0.000000                   0.0000               0.812500   1.354167   0.000000
   1.609608   2.073071   0.000000                   0.0000               0.812500   1.312500   0.000000
   1.609608   1.977757   0.000000                  -1.0000               0.812500   1.270833   0.000000
   1.609608   1.882444   0.000000                   0.0000               0.812500   1.229167   0.000000
   1.609608   1.787130   0.000000                  -1.0000               0.812500   1.187500   0.000000
   1.609608   1.691817   0.000000                   0.0000               0.812500   1.145833   0.000000
   1.609608   1.596503   0.000000                   1.0000               0.812500   1.104167   0.000000
   1.609608   1.501189   0.000000                   0.0000               0.812500   1.062500   0.000000
   1.609608   1.405876   0.000000                   0.0000               0.812500   1.020833   0.000000
   1.609608   1.310562   0.000000                   0.0000               0.812500   0.979167   0.000000
   1.609608   1.215248   0.000000                   1.0000               0.812500   0.937500   0.000000
   1.609608   1.119935   0.000000                   0.0000               0.812500   0.895833   0.000000
   1.609608   1.024621   0.000000                  -1.0000               0.812500   0.854167   0.000000
   1.609608   0.929308   0.000000                   1.0000               0.812500   0.812500   0.000000
   1.609608   0.833994   0.000000                  -1.0000               0.812500   0.770833   0.000000
   1.609608   0.738680   0.000000                   0.0000               0.812500   0.729167   0.000000
   1.609608   0.643367   0.000000                   0.0000               0.812500   0.687500   0.000000
   1.609608   0.548053   0.000000                   1.0000               0.812500   0.645833   0.000000
   1.609608   0.452740   0.000000                   0.0000               0.812500   0.604167   0.000000
   1.609608   0.357426   0.000000                   0.0000               0.812500   0.562500   0.000000
   1.609608   0.262112   0.000000                   0.0000               0.812500   0.520833   0.000000
   1.609608   0.166799   0.000000                  -1.0000               0.812500   0.479167   0.000000
   1.609608   0.071485   0.000000                   0.0000               0.812500   0.437500   0.000000
   1.609608  -0.023828   0.000000                   0.0000               0.812500   0.395833   0.000000
   1.609608  -0.119142   0.000000                   0.0000               0.812500   0.354167   0.000000
   1.609608  -0.214456   0.000000                   0.0000               0.812500   0.312500   0.000000
   1.609608  -0.309769   0.000000                  -1.0000               0.812500   0.270833   0.000000
   1.609608  -0.405083   0.000000                   0.0000               0.812500   0.229167   0.000000
   1.609608  -0.500396   0.000000                  -1.0000               0.812500   0.187500   0.000000
   1.609608  -0.595710   0.000000                   0.0000               0.812500   0.145833   0.000000
   1.609608  -0.691024   0.000000                   1.0000               0.812500   0.104167   0.000000
   1.609608  -0.786337   0.000000                   0.0000               0.812500   0.062500   0.000000
   1.609608  -0.881651   0.000000                   0.0000               0.812500   0.020833   0.000000
   1.609608  -0.976964   0.000000                   0.0000               0.812500  -0.020833   0.000000
   1.609608  -1.072278   0.000000                   1.0000               0.812500  -0.062500   0.000000
   1.609608  -1.167592   0.000000                   0.0000               0.812500  -0.104167   0.000000
   1.609608  -1.262905   0.000000                  -1.0000               0.812500  -0.145833   0.000000
   1.609608  -1.358219   0.000000                   1.0000               0.812500  -0.187500   0.000000
   1.609608  -1.453532   0.000000                  -1.0000               0.812500  -0.229167   0.000000
   1.609608  -1.548846   0.000000                   0.0000               0.812500  -0.270833   0.000000
   1.609608  -1.644160   0.000000                   0.0000               0.812500  -0.312500   0.000000
   1.609608  -1.739473   0.000000                   1.0000               0.812500  -0.354167   0.000000
   1.609608  -1.834787   0.000000                   0.0000               0.812500  -0.395833   0.000000
   1.609608  -1.930101   0.000000                   0.0000               0.812500  -0.437500   0.000000
   1.609608  -2.025414   0.000000                   0.0000               0.812500  -0.479167   0.000000
   1.609608  -2.120728   0.000000                  -1.0000               0.812500  -0.520833   0.000000
   1.609608  -2.216041   0.000000                   0.0000               0.812500  -0.562500   0.000000
   1.609608  -2.311355   0.000000                   0.0000               0.812500  -0.604167   0.000000
   1.609608  -2.406669   0.000000                   0.0000               0.812500  -0.645833   0.000000
   1.609608  -2.501982   0.000000                   0.0000               0.812500  -0.687500   0.000000
   1.609608  -2.597296   0.000000                  -1.0000               0.812500  -0.729167   0.000000
   1.609608  -2.692609   0.000000                   0.0000               0.812500  -0.770833   0.000000
   1.609608  -2.787923   0.000000                  -1.0000               0.812500  -0.812500   0.000000
   1.609608  -2.883237   0.000000                   0.0000               0.812500  -0.854167   0.000000
   1.609608  -2.978550   0.000000                   1.0000               0.812500  -0.895833   0.000000
   1.609608  -3.073864   0.000000                   0.0000               0.812500  -0.937500   0.000000
   1.609608  -3.169177   0.000000                   0.0000               0.812500  -0.979167   0.000000
   1.609608  -3.264491   0.000000                   0.0000               0.812500  -1.020833   0.000000
   1.609608  -3.359805   0.000000                   1.0000               0.812500  -1.062500   0.000000
   1.609608  -3.455118   0.000000                   0.0000               0.812500  -1.104167   0.000000
   1.609608  -3.550432   0.000000                  -1.0000               0.812500  -1.145833   0.000000
   1.609608  -3.645745   0.000000                   1.0000               0.812500  -1.187500   0.000000
   1.609608  -3.741059   0.000000                  -1.0000               0.812500  -1.229167   0.000000
   1.609608  -3.836373   0.000000                   0.0000               0.812500  -1.270833   0.000000
   1.609608  -3.931686   0.000000                   0.0000               0.812500  -1.312500   0.000000
   1.609608  -4.027000   0.000000                   1.0000               0.812500  -1.354167   0.000000
   1.609608  -4.122313   0.000000                   0.0000               0.812500  -1.395833   0.000000
   1.609608  -4.217627   0.000000                   0.0000               0.812500  -1.437500   0.000000
   1.609608  -4.312941   0.000000                   0.0000               0.812500  -1.479167   0.000000
   1.527064   2.501982   0.000000                   1.0000               0.770833   1.479167   0.000000
   1.527064   2.406669   0.000000                  -1.0000               0.770833   1.437500   0.000000
   1.527064   2.311355   0.000000                   0.0000               0.770833   1.395833   0.000000
   1.527064   2.216041   0.000000                   0.0000               0.770833   1.354167   0.000000
   1.527064   2.120728   0.000000                   0.0000               0.770833   1.312500   0.000000
   1.527064   2.025414   0.000000                   0.0000               0.770833   1.270833   0.000000
   1.527064   1.930101   0.000000                   0.0000               0.770833   1.229167   0.000000
   1.527064   1.834787   0.000000                   1.0000               0.770833   1.187500   0.000000
   1.527064   1.739473   0.000000                   0.0000               0.770833   1.145833   0.000000
   1.527064   1.644160   0.000000                   0.0000               0.770833   1.104167   0.000000
   1.527064   1.548846   0.000000                  -0.0000               0.770833   1.062500   0.000000
   1.527064   1.453532   0.000000                   0.0000               0.770833   1.020833   0.000000
   1.527064   1.358219   0.000000                   0.0000               0.770833   0.979167   0.000000
   1.527064   1.262905   0.000000                   0.0000               0.770833   0.937500   0.000000
   1.527064   1.167592   0.000000                   0.0000               0.770833   0.895833   0.000000
   1.527064   1.072278   0.000000                   0.0000               0.770833   0.854167   0.000000
   1.527064   0.976964   0.000000                  -0.0000               0.770833   0.812500   0.000000
   1.527064   0.881651   0.000000                  -1.0000               0.770833   0.770833   0.000000
   1.527064   0.786337   0.000000                   1.0000               0.770833   0.729167   0.000000
   1.527064   0.691024   0.000000                   0.0000               0.770833   0.687500   0.000000
   1.527064   0.595710   0.000000                   0.0000               0.770833   0.645833   0.000000
   1.527064   0.500396   0.000000                   0.0000               0.770833   0.604167   0.000000
   1.527064   0.405083   0.000000                   0.0000               0.770833   0.562500   0.000000
   1.527064   0.309769   0.000000                   0.0000               0.770833   0.520833   0.000000
   1.527064   0.214456   0.000000                   1.0000               0.770833   0.479167   0.000000
   1.527064   0.119142   0.000000                  -1.0000               0.770833   0.437500   0.000000
   1.527064   0.023828   0.000000                   0.0000               0.770833   0.395833   0.000000
   1.527064  -0.071485   0.000000                   0.0000               0.770833   0.354167   0.000000
   1.527064  -0.166799   0.000000                   0.0000               0.770833   0.312500   0.000000
   1.527064  -0.262112   0.000000                   0.0000               0.770833   0.270833   0.000000
   1.527064  -0.357426   0.000000                   0.0000               0.770833   0.229167   0.000000
   1.527064  -0.452740   0.000000                   1.0000               0.770833   0.187500   0.000000
   1.527064  -0.548053   0.000000                   0.0000               0.770833   0.145833   0.000000
   1.527064  -0.643367   0.000000                   0.0000               0.770833   0.104167   0.000000
   1.527064  -0.738680   0.000000                  -0.0000               0.770833   0.062500   0.000000
   1.527064  -0.833994   0.000000                   0.0000               0.770833   0.020833   0.000000
   1.527064  -0.929308   0.000000                   0.0000               0.770833  -0.020833   0.000000
   1.527064  -1.024621   0.000000                   0.0000               0.770833  -0.062500   0.000000
   1.527064  -1.119935   0.000000                   0.0000               0.770833  -0.104167   0.000000
   1.527064  -1.215248   0.000000                   0.0000               0.770833  -0.145833   0.000000
   1.527064  -1.310562   0.000000                  -0.0000               0.770833  -0.187500   0.000000
   1.527064  -1.405876   0.000000                  -1.0000               0.770833  -0.229167   0.000000
   1.527064  -1.501189   0.000000                   1.0000               0.770833  -0.270833   0.000000
   1.527064  -1.596503   0.000000                   0.0000               0.770833  -0.312500   0.000000
   1.527064  -1.691817   0.000000                   0.0000               0.770833  -0.354167   0.000000
   1.527064  -1.787130   0.000000                   0.0000               0.770833  -0.395833   0.000000
   1.527064  -1.882444   0.000000                   0.0000               0.770833  -0.437500   0.000000
   1.527064  -1.977757   0.000000                   0.0000               0.770833  -0.479167   0.000000
   1.527064  -2.073071   0.000000                   1.0000               0.770833  -0.520833   0.000000
   1.527064  -2.168385   0.000000                  -1.0000               0.770833  -0.562500   0.000000
   1.527064  -2.263698   0.000000                   0.0000               0.770833  -0.604167   0.000000
   1.527064  -2.359012   0.000000                   0.0000               0.770833  -0.645833   0.000000
   1.527064  -2.454325   0.000000                   0.0000               0.770833  -0.687500   0.000000
   1.527064  -2.549639   0.000000                   0.0000               0.770833  -0.729167   0.000000
   1.527064  -2.644953   0.000000                   0.0000               0.770833  -0.770833   0.000000
   1.527064  -2.740266   0.000000                   1.0000               0.770833  -0.812500   0.000000
   1.527064  -2.835580   0.000000                   0.0000               0.770833  -0.854167   0.000000
   1.527064  -2.930893   0.000000                   0.0000               0.770833  -0.895833   0.000000
   1.527064  -3.026207   0.000000                  -0.0000               0.770833  -0.937500   0.000000
   1.527064  -3.121521   0.000000                   0.0000               0.770833  -0.979167   0.000000
   1.527064  -3.216834   0.000000                   0.0000               0.770833  -1.020833   0.000000
   1.527064  -3.312148   0.000000                   0.0000               0.770833  -1.062500   0.000000
   1.527064  -3.407461   0.000000                   0.0000               0.770833  -1.104167   0.000000
   1.527064  -3.502775   0.000000                   0.0000               0.770833  -1.145833   0.000000
   1.527064  -3.598089   0.000000                  -0.0000               0.770833  -1.187500   0.000000
   1.527064  -3.693402   0.000000                  -1.0000               0.770833  -1.229167   0.000000
   1.527064  -3.788716   0.000000                   1.0000               0.770833  -1.270833   0.000000
   1.527064  -3.884029   0.000000                   0.0000               0.770833  -1.312500   0.000000
   1.527064  -3.979343   0.000000                   0.0000               0.770833  -1.354167   0.000000
   1.527064  -4.074657   0.000000                   0.0000               0.770833  -1.395833   0.000000
   1.527064  -4.169970   0.000000                   0.0000               0.770833  -1.437500   0.000000
   1.527064  -4.265284   0.000000                   0.0000               0.770833  -1.479167   0.000000
   1.444520   2.549639   0.000000                   0.0000               0.729167   1.479167   0.000000
   1.444520   2.454325   0.000000                   1.0000               0.729167   1.437500   0.000000
   1.444520   2.359012   0.000000                  -1.0000               0.729167   1.395833   0.000000
   1.444520   2.263698   0.000000                   1.0000               0.729167   1.354167   0.000000
   1.444520   2.168385   0.000000                   0.0000               0.729167   1.312500   0.000000
   1.444520   2.073071   0.000000                   0.0000               0.729167   1.270833   0.000000
   1.444520   1.977757   0.000000                   0.0000               0.729167   1.229167   0.000000
   1.444520   1.882444   0.000000                   0.0000               0.729167   1.187500   0.000000
   1.444520   1.787130   0.000000                   0.0000               0.729167   1.145833   0.000000
   1.444520   1.691817   0.000000                   1.0000               0.729167   1.104167   0.000000
   1.444520   1.596503   0.000000                  -1.0000               0.729167   1.062500   0.000000
   1.444520   1.501189   0.000000                  -1.0000               0.729167   1.020833   0.000000
   1.444520   1.405876   0.000000                   0.0000               0.729167   0.979167   0.000000
   1.444520   1.310562   0.000000                   0.0000               0.729167   0.937500   0.000000
   1.444520   1.215248   0.000000                  -1.0000               0.729167   0.895833   0.000000
   1.444520   1.119935   0.000000                   1.0000               0.729167   0.854167   0.000000
   1.444520   1.024621   0.000000                   0.0000               0.729167   0.812500   0.000000
   1.444520   0.929308   0.000000                   1.0000               0.729167   0.770833   0.000000
   1.444520   0.833994   0.000000                  -1.0000               0.729167   0.729167   0.000000
   1.444520   0.738680   0.000000                   0.0000               0.729167   0.687500   0.000000
   1.444520   0.643367   0.000000                  -1.0000               0.729167   0.645833   0.000000
   1.444520   0.548053   0.000000                   0.0000               0.729167   0.604167   0.000000
   1.444520   0.452740   0.000000                   0.0000               0.729167   0.562500   0.000000
   1.444520   0.357426   0.000000                   0.0000               0.729167   0.520833   0.000000
   1.444520   0.262112   0.000000                   0.0000               0.729167   0.479167   0.000000
   1.444520   0.166799   0.000000                   1.0000               0.729167   0.437500   0.000000
   1.444520   0.071485   0.000000                  -1.0000               0.729167   0.395833   0.000000
   1.444520  -0.023828   0.000000                   1.0000               0.729167   0.354167   0.000000
   1.444520  -0.119142   0.000000                   0.0000               0.729167   0.312500   0.000000
   1.444520  -0.214456   0.000000                   0.0000               0.729167   0.270833   0.000000
   1.444520  -0.309769   0.000000                   0.0000               0.729167   0.229167   0.000000
   1.444520  -0.405083   0.000000                   0.0000               0.729167   0.187500   0.000000
   1.444520  -0.500396   0.000000                   0.0000               0.729167   0.145833   0.000000
   1.444520  -0.595710   0.000000                   1.0000               0.729167   0.104167   0.000000
   1.444520  -0.691024   0.000000                  -1.0000               0.729167   0.062500   0.000000
   1.444520  -0.786337   0.000000                  -1.0000               0.729167   0.020833   0.000000
   1.444520  -0.881651   0.000000                   0.0000               0.729167  -0.020833   0.000000
   1.444520  -0.976964   0.000000                   0.0000               0.729167  -0.062500   0.000000
   1.444520  -1.072278   0.000000                  -1.0000               0.729167  -0.104167   0.000000
   1.444520  -1.167592   0.000000                   1.0000               0.729167  -0.145833   0.000000
   1.444520  -1.262905   0.000000                   0.0000               0.729167  -0.187500   0.000000
   1.444520  -1.358219   0.000000                   1.0000               0.729167  -0.229167   0.000000
   1.444520  -1.453532   0.000000                  -1.0000               0.729167  -0.270833   0.000000
   1.444520  -1.548846   0.000000                   0.0000               0.729167  -0.312500   0.000000
   1.444520  -1.644160   0.000000                  -1.0000               0.729167  -0.354167   0.000000
   1.444520  -1.739473   0.000000                   0.0000               0.729167  -0.395833   0.000000
   1.444520  -1.834787   0.000000                   0.0000               0.729167  -0.437500   0.000000
   1.444520  -1.930101   0.000000                   0.0000               0.729167  -0.479167   0.000000
   1.444520  -2.025414   0.000000                   0.0000               0.729167  -0.520833   0.000000
   1.444520  -2.120728   0.000000                   1.0000               0.729167  -0.562500   0.000000
   1.444520  -2.216041   0.000000                  -1.0000               0.729167  -0.604167   0.000000
   1.444520  -2.311355   0.000000                   1.0000               0.729167  -0.645833   0.000000
   1.444520  -2.406669   0.000000                   0.0000               0.729167  -0.687500   0.000000
   1.444520  -2.501982   0.000000                   0.0000               0.729167  -0.729167   0.000000
   1.444520  -2.597296   0.000000                   0.0000               0.729167  -0.770833   0.000000
   1.444520  -2.692609   0.000000                   0.0000               0.729167  -0.812500   0.000000
   1.444520  -2.787923   0.000000                   0.0000               0.729167  -0.854167   0.000000
   1.444520  -2.883237   0.000000                   1.0000               0.729167  -0.895833   0.000000
   1.444520  -2.978550   0.000000                  -1.0000               0.729167  -0.937500   0.000000
   1.444520  -3.073864   0.000000                  -1.0000               0.729167  -0.979167   0.000000
   1.444520  -3.169177   0.000000                   0.0000               0.729167  -1.020833   0.000000
   1.444520  -3.264491   0.000000                   0.0000               0.729167  -1.062500   0.000000
   1.444520  -3.359805   0.000000                  -1.0000               0.729167  -1.104167   0.000000
   1.444520  -3.455118   0.000000                   1.0000               0.729167  -1.145833   0.000000
   1.444520  -3.550432   0.000000                   0.0000               0.729167  -1.187500   0.000000
   1.444520  -3.645745   0.000000                   1.0000               0.729167  -1.229167   0.000000
   1.444520  -3.741059   0.000000                  -1.0000               0.729167  -1.270833   0.000000
   1.444520  -3.836373   0.000000                   0.0000               0.729167  -1.312500   0.000000
   1.444520  -3.931686   0.000000                  -1.0000               0.729167  -1.354167   0.000000
   1.444520  -4.027000   0.000000                   0.0000               0.729167  -1.395833   0.000000
   1.444520  -4.122313   0.000000                   0.0000               0.729167  -1.437500   0.000000
   1.444520  -4.217627   0.000000                   0.0000               0.729167  -1.479167   0.000000
   1.361976   2.597296   0.000000                  -1.0000               0.687500   1.479167   0.000000
   1.361976   2.501982   0.000000                   0.0000               0.687500   1.437500   0.000000
   1.361976   2.406669   0.000000                   0.0000               0.687500   1.395833   0.000000
   1.361976   2.311355   0.000000                  -0.0000               0.687500   1.354167   0.000000
   1.361976   2.216041   0.000000                  -1.0000               0.687500   1.312500   0.000000
   1.361976   2.120728   0.000000                   1.0000               0.687500   1.270833   0.000000
   1.361976   2.025414   0.000000                   0.0000               0.687500   1.229167   0.000000
   1.361976   1.930101   0.000000                   0.0000               0.687500   1.187500   0.000000
   1.361976   1.834787   0.000000                   0.0000               0.687500   1.145833   0.000000
   1.361976   1.739473   0.000000                   0.0000               0.687500   1.104167   0.000000
   1.361976   1.644160   0.000000                   0.0000               0.687500   1.062500   0.000000
   1.361976   1.548846   0.000000                   0.0000               0.687500   1.020833   0.000000
   1.361976   1.453532   0.000000                   0.0000               0.687500   0.979167   0.000000
   1.361976   1.358219   0.000000                   1.0000               0.687500   0.937500   0.000000
   1.361976   1.262905   0.000000                   0.0000               0.687500   0.895833   0.000000
   1.361976   1.167592   0.000000                   0.0000               0.687500   0.854167   0.000000
   1.361976   1.072278   0.000000                   0.0000               0.687500   0.812500   0.000000
   1.361976   0.976964   0.000000                   0.0000               0.687500   0.770833   0.000000
   1.361976   0.881651   0.000000                  -1.0000               0.687500   0.729167   0.000000
   1.361976   0.786337   0.000000                   1.0000               0.687500   0.687500   0.000000
   1.361976   0.691024   0.000000                   0.0000               0.687500   0.645833   0.000000
   1.361976   0.595710   0.000000                  -0.0000               0.687500   0.604167   0.000000
   1.361976   0.500396   0.000000                   0.0000               0.687500   0.562500   0.000000
   1.361976   0.405083   0.000000                   0.0000               0.687500   0.520833   0.000000
   1.361976   0.309769   0.000000                  -1.0000               0.687500   0.479167   0.000000
   1.361976   0.214456   0.000000                   0.0000               0.687500   0.437500   0.000000
   1.361976   0.119142   0.000000                   0.0000               0.687500   0.395833   0.000000
   1.361976   0.023828   0.000000                  -0.0000               0.687500   0.354167   0.000000
   1.361976  -0.071485   0.000000                  -1.0000               0.687500   0.312500   0.000000
   1.361976  -0.166799   0.000000                   1.0000               0.687500   0.270833   0.000000
   1.361976  -0.262112   0.000000                   0.0000               0.687500   0.229167   0.000000
   1.361976  -0.357426   0.000000                   0.0000               0.687500   0.187500   0.000000
   1.361976  -0.452740   0.000000                   0.0000               0.687500   0.145833   0.000000
   1.361976  -0.548053   0.000000                   0.0000               0.687500   0.104167   0.000000
   1.361976  -0.643367   0.000000                   0.0000               0.687500   0.062500   0.000000
   1.361976  -0.738680   0.000000                   0.0000               0.687500   0.020833   0.000000
   1.361976  -0.833994   0.000000                   0.0000               0.687500  -0.020833   0.000000
   1.361976  -0.929308   0.000000                   1.0000               0.687500  -0.062500   0.000000
   1.361976  -1.024621   0.000000                   0.0000               0.687500  -0.104167   0.000000
   1.361976  -1.119935   0.000000                   0.0000               0.687500  -0.145833   0.000000
   1.361976  -1.215248   0.000000                   0.0000               0.687500  -0.187500   0.000000
   1.361976  -1.310562   0.000000                   0.0000               0.687500  -0.229167   0.000000
   1.361976  -1.405876   0.000000                  -1.0000               0.687500  -0.270833   0.000000
   1.361976  -1.501189   0.000000                   1.0000               0.687500  -0.312500   0.000000
   1.361976  -1.596503   0.000000                   0.0000               0.687500  -0.354167   0.000000
   1.361976  -1.691817   0.000000                  -0.0000               0.687500  -0.395833   0.000000
   1.361976  -1.787130   0.000000                   0.0000               0.687500  -0.437500   0.000000
   1.361976  -1.882444   0.000000                   0.0000               0.687500  -0.479167   0.000000
   1.361976  -1.977757   0.000000                  -1.0000               0.687500  -0.520833   0.000000
   1.361976  -2.073071   0.000000                   0.0000               0.687500  -0.562500   0.000000
   1.361976  -2.168385   0.000000                   0.0000               0.687500  -0.604167   0.000000
   1.361976  -2.263698   0.000000                  -0.0000               0.687500  -0.645833   0.000000
   1.361976  -2.359012   0.000000                  -1.0000               0.687500  -0.687500   0.000000
   1.361976  -2.454325   0.000000                   1.0000               0.687500  -0.729167   0.000000
   1.361976  -2.549639   0.000000                   0.0000               0.687500  -0.770833   0.000000
   1.361976  -2.644953   0.000000                   0.0000               0.687500  -0.812500   0.000000
   1.361976  -2.740266   0.000000                   0.0000               0.687500  -0.854167   0.000000
   1.361976  -2.835580   0.000000                   0.0000               0.687500  -0.895833   0.000000
   1.361976  -2.930893   0.000000                   0.0000               0.687500  -0.937500   0.000000
   1.361976  -3.026207   0.000000                   0.0000               0.687500  -0.979167   0.000000
   1.361976  -3.121521   0.000000                   0.0000               0.687500  -1.020833   0.000000
   1.361976  -3.216834   0.000000                   1.0000               0.687500  -1.062500   0.000000
   1.361976  -3.312148   0.000000                   0.0000               0.687500  -1.104167   0.000000
   1.361976  -3.407461   0.000000                   0.0000               0.687500  -1.145833   0.000000
   1.361976  -3.502775   0.000000                   0.0000               0.687500  -1.187500   0.000000
   1.361976  -3.598089   0.000000                   0.0000               0.687500  -1.229167   0.000000
   1.361976  -3.693402   0.000000                  -1.0000               0.687500  -1.270833   0.000000
   1.361976  -3.788716   0.000000                   1.0000               0.687500  -1.312500   0.000000
   1.361976  -3.884029   0.000000                   0.0000               0.687500  -1.354167   0.000000
   1.361976  -3.979343   0.000000                  -0.0000               0.687500  -1.395833   0.000000
   1.361976  -4.074657   0.000000                   0.0000               0.687500  -1.437500   0.000000
   1.361976  -4.169970   0.000000                   0.0000               0.687500  -1.479167   0.000000
   1.279432   2.644953   0.000000                   0.0000               0.645833   1.479167   0.000000
   1.279432   2.549639   0.000000                   0.0000               0.645833   1.437500   0.000000
   1.279432   2.454325   0.000000                   1.0000               0.645833   1.395833   0.000000
   1.279432   2.359012   0.000000                  -1.0000               0.645833   1.354167   0.000000
   1.279432   2.263698   0.000000                   1.0000               0.645833   1.312500   0.000000
   1.279432   2.168385   0.000000                  -1.0000               0.645833   1.270833   0.000000
   1.279432   2.073071   0.000000                   0.0000               0.645833   1.229167   0.000000
   1.279432   1.977757   0.000000                   0.0000               0.645833   1.187500   0.000000
   1.279432   1.882444   0.000000                  -1.0000               0.645833   1.145833   0.000000
   1.279432   1.787130   0.000000                   1.0000               0.645833   1.104167   0.000000
   1.279432   1.691817   0.000000                   0.0000               0.645833   1.062500   0.000000
   1.279432   1.596503   0.000000                   1.0000               0.645833   1.020833   0.000000
   1.279432   1.501189   0.000000                  -1.0000               0.645833   0.979167   0.000000
   1.279432   1.405876   0.000000                   0.0000               0.645833   0.937500   0.000000
   1.279432   1.310562   0.000000                   0.0000               0.645833   0.895833   0.000000
   1.279432   1.215248   0.000000                   0.0000               0.645833   0.854167   0.000000
   1.279432   1.119935   0.000000                  -0.0000               0.645833   0.812500   0.000000
   1.279432   1.024621   0.000000                   0.0000               0.645833   0.770833   0.000000
   1.279432   0.929308   0.000000                   0.0000               0.645833   0.729167   0.000000
   1.279432   0.833994   0.000000                  -1.0000               0.645833   0.687500   0.000000
   1.279432   0.738680   0.000000                   0.0000               0.645833   0.645833   0.000000
   1.279432   0.643367   0.000000                   1.0000               0.645833   0.604167   0.000000
   1.279432   0.548053   0.000000                   0.0000               0.645833   0.562500   0.000000
   1.279432   0.452740   0.000000                   0.0000               0.645833   0.520833   0.000000
   1.279432   0.357426   0.000000                   0.0000               0.645833   0.479167   0.000000
   1.279432   0.262112   0.000000                   0.0000               0.645833   0.437500   0.000000
   1.279432   0.166799   0.000000                   1.0000               0.645833   0.395833   0.000000
   1.279432   0.071485   0.000000                  -1.0000               0.645833   0.354167   0.000000
   1.279432  -0.023828   0.000000                   1.0000               0.645833   0.312500   0.000000
   1.279432  -0.119142   0.000000                  -1.0000               0.645833   0.270833   0.000000
   1.279432  -0.214456   0.000000                   0.0000               0.645833   0.229167   0.000000
   1.279432  -0.309769   0.000000                   0.0000               0.645833   0.187500   0.000000
   1.279432  -0.405083   0.000000                  -1.0000               0.645833   0.145833   0.000000
   1.279432  -0.500396   0.000000                   1.0000               0.645833   0.104167   0.000000
   1.279432  -0.595710   0.000000                   0.0000               0.645833   0.062500   0.000000
   1.279432  -0.691024   0.000000                   1.0000               0.645833   0.020833   0.000000
   1.279432  -0.786337   0.000000                  -1.0000               0.645833  -0.020833   0.000000
   1.279432  -0.881651   0.000000                   0.0000               0.645833  -0.062500   0.000000
   1.279432  -0.976964   0.000000                   0.0000               0.645833  -0.104167   0.000000
   1.279432  -1.072278   0.000000                   0.0000               0.645833  -0.145833   0.000000
   1.279432  -1.167592   0.000000                  -0.0000               0.645833  -0.187500   0.000000
   1.279432  -1.262905   0.000000                   0.0000               0.645833  -0.229167   0.000000
   1.279432  -1.358219   0.000000                   0.0000               0.645833  -0.270833   0.000000
   1.279432  -1.453532   0.000000                  -1.0000               0.645833  -0.312500   0.000000
   1.279432  -1.548846   0.000000                   0.0000               0.645833  -0.354167   0.000000
   1.279432  -1.644160   0.000000                   1.0000               0.645833  -0.395833   0.000000
   1.279432  -1.739473   0.000000                   0.0000               0.645833  -0.437500   0.000000
   1.279432  -1.834787   0.000000                   0.0000               0.645833  -0.479167   0.000000
   1.279432  -1.930101   0.000000                   0.0000               0.645833  -0.520833   0.000000
   1.279432  -2.025414   0.000000                   0.0000               0.645833  -0.562500   0.000000
   1.279432  -2.120728   0.000000                   1.0000               0.645833  -0.604167   0.000000
   1.279432  -2.216041   0.000000                  -1.0000               0.645833  -0.645833   0.000000
   1.279432  -2.311355   0.000000                   1.0000               0.645833  -0.687500   0.000000
   1.279432  -2.406669   0.000000                  -1.0000               0.645833  -0.729167   0.000000
   1.279432  -2.501982   0.000000                   0.0000               0.645833  -0.770833   0.000000
   1.279432  -2.597296   0.000000                   0.0000               0.645833  -0.812500   0.000000
   1.279432  -2.692609   0.000000                  -1.0000               0.645833  -0.854167   0.000000
   1.279432  -2.787923   0.000000                   1.0000               0.645833  -0.895833   0.000000
   1.279432  -2.883237   0.000000                   0.0000               0.645833  -0.937500   0.000000
   1.279432  -2.978550   0.000000                   1.0000               0.645833  -0.979167   0.000000
   1.279432  -3.073864   0.000000                  -1.0000               0.645833  -1.020833   0.000000
   1.279432  -3.169177   0.000000                   0.0000               0.645833  -1.062500   0.000000
   1.279432  -3.264491   0.000000                   0.0000               0.645833  -1.104167   0.000000
   1.279432  -3.359805   0.000000                   0.0000               0.645833  -1.145833   0.000000
   1.279432  -3.455118   0.000000                  -0.0000               0.645833  -1.187500   0.000000
   1.279432  -3.550432   0.000000                   0.0000               0.645833  -1.229167   0.000000
   1.279432  -3.645745   0.000000                   0.0000               0.645833  -1.270833   0.000000
   1.279432  -3.741059   0.000000                  -1.0000               0.645833  -1.312500   0.000000
   1.279432  -3.836373   0.000000                   0.0000               0.645833  -1.354167   0.000000
   1.279432  -3.931686   0.000000                   1.0000               0.645833  -1.395833   0.000000
   1.279432  -4.027000   0.000000                   0.0000               0.645833  -1.437500   0.000000
   1.279432  -4.122313   0.000000                   0.0000               0.645833  -1.479167   0.000000
   1.196888   2.692609   0.000000                   0.0000               0.604167   1.479167   0.000000
   1.196888   2.597296   0.000000                   1.0000               0.604167   1.437500   0.000000
   1.196888   2.501982   0.000000                  -1.0000               0.604167   1.395833   0.000000
   1.196888   2.406669   0.000000                   0.0000               0.604167   1.354167   0.000000
   1.196888   2.311355   0.000000                   0.0000               0.604167   1.312500   0.000000
   1.196888   2.216041   0.000000                   0.0000               0.604167   1.270833   0.000000
   1.196888   2.120728   0.000000                   0.0000               0.604167   1.229167   0.000000
   1.196888   2.025414   0.000000                   1.0000               0.604167   1.187500   0.000000
   1.196888   1.930101   0.000000                   1.0000               0.604167   1.145833   0.000000
   1.196888   1.834787   0.000000                   0.0000               0.604167   1.104167   0.000000
   1.196888   1.739473   0.000000                   0.0000               0.604167   1.062500   0.000000
   1.196888   1.644160   0.000000                   0.0000               0.604167   1.020833   0.000000
   1.196888   1.548846   0.000000                   1.0000               0.604167   0.979167   0.000000
   1.196888   1.453532   0.000000                  -1.0000               0.604167   0.937500   0.000000
   1.196888   1.358219   0.000000                   0.0000               0.604167   0.895833   0.000000
   1.196888   1.262905   0.000000                   0.0000               0.604167   0.854167   0.000000
   1.196888   1.167592   0.000000                   0.0000               0.604167   0.812500   0.000000
   1.196888   1.072278   0.000000                   0.0000               0.604167   0.770833   0.000000
   1.196888   0.976964   0.000000                   1.0000               0.604167   0.729167   0.000000
   1.196888   0.881651   0.000000                   0.0000               0.604167   0.687500   0.000000
   1.196888   0.786337   0.000000                   0.0000               0.604167   0.645833   0.000000
   1.196888   0.691024   0.000000                   0.0000               0.604167   0.604167   0.000000
   1.196888   0.595710   0.000000                   0.0000               0.604167   0.562500   0.000000
   1.196888   0.500396   0.000000                  -1.0000               0.604167   0.520833   0.000000
   1.196888   0.405083   0.000000                   0.0000               0.604167   0.479167   0.000000
   1.196888   0.309769   0.000000                   1.0000               0.604167   0.437500   0.000000
   1.196888   0.214456   0.000000                  -1.0000               0.604167   0.395833   0.000000
   1.196888   0.119142   0.000000                   0.0000               0.604167   0.354167   0.000000
   1.196888   0.023828   0.000000                   0.0000               0.604167   0.312500   0.000000
   1.196888  -0.071485   0.000000                   0.0000               0.604167   0.270833   0.000000
   1.196888  -0.166799   0.000000                   0.0000               0.604167   0.229167   0.000000
   1.196888  -0.262112   0.000000                   1.0000               0.604167   0.187500   0.000000
   1.196888  -0.357426   0.000000                   1.0000               0.604167   0.145833   0.000000
   1.196888  -0.452740   0.000000                   0.0000               0.604167   0.104167   0.000000
   1.196888  -0.548053   0.000000                   0.0000               0.604167   0.062500   0.000000
   1.196888  -0.643367   0.000000                   0.0000               0.604167   0.020833   0.000000
   1.196888  -0.738680   0.000000                   1.0000               0.604167  -0.020833   0.000000
   1.196888  -0.833994   0.000000                  -1.0000               0.604167  -0.062500   0.000000
   1.196888  -0.929308   0.000000                   0.0000               0.604167  -0.104167   0.000000
   1.196888  -1.024621   0.000000                   0.0000               0.604167  -0.145833   0.000000
   1.196888  -1.119935   0.000000                   0.0000               0.604167  -0.187500   0.000000
   1.196888  -1.215248   0.000000                   0.0000               0.604167  -0.229167   0.000000
   1.196888  -1.310562   0.000000                   1.0000               0.604167  -0.270833   0.000000
   1.196888  -1.405876   0.000000                   0.0000               0.604167  -0.312500   0.000000
   1.196888  -1.501189   0.000000                   0.0000               0.604167  -0.354167   0.000000
   1.196888  -1.596503   0.000000                   0.0000               0.604167  -0.395833   0.000000
   1.196888  -1.691817   0.000000                   0.0000               0.604167  -0.437500   0.000000
   1.196888  -1.787130   0.000000                  -1.0000               0.604167  -0.479167   0.000000
   1.196888  -1.882444   0.000000                   0.0000               0.604167  -0.520833   0.000000
   1.196888  -1.977757   0.000000                   1.0000               0.604167  -0.562500   0.000000
   1.196888  -2.073071   0.000000                  -1.0000               0.604167  -0.604167   0.000000
   1.196888  -2.168385   0.000000                   0.0000               0.604167  -0.645833   0.000000
   1.196888  -2.263698   0.000000                   0.0000               0.604167  -0.687500   0.000000
   1.196888  -2.359012   0.000000                   0.0000               0.604167  -0.729167   0.000000
   1.196888  -2.454325   0.000000                   0.0000               0.604167  -0.770833   0.000000
   1.196888  -2.549639   0.000000                   1.0000               0.604167  -0.812500   0.000000
   1.196888  -2.644953   0.000000                   1.0000               0.604167  -0.854167   0.000000
   1.196888  -2.740266   0.000000                   0.0000               0.604167  -0.895833   0.000000
   1.196888  -2.835580   0.000000                   0.0000               0.604167  -0.937500   0.000000
   1.196888  -2.930893   0.000000                   0.0000               0.604167  -0.979167   0.000000
   1.196888  -3.026207   0.000000                   1.0000               0.604167  -1.020833   0.000000
   1.196888  -3.121521   0.000000                  -1.0000               0.604167  -1.062500   0.000000
   1.196888  -3.216834   0.000000                   0.0000               0.604167  -1.104167   0.000000
   1.196888  -3.312148   0.000000                   0.0000               0.604167  -1.145833   0.000000
   1.196888  -3.407461   0.000000                   0.0000               0.604167  -1.187500   0.000000
   1.196888  -3.502775   0.000000                   0.0000               0.604167  -1.229167   0.000000
   1.196888  -3.598089   0.000000                   1.0000               0.604167  -1.270833   0.000000
   1.196888  -3.693402   0.000000                   0.0000               0.604167  -1.312500   0.000000
   1.196888  -3.788716   0.000000                   0.0000               0.604167  -1.354167   0.000000
   1.196888  -3.884029   0.000000                   0.0000               0.604167  -1.395833   0.000000
   1.196888  -3.979343   0.000000                   0.0000               0.604167  -1.437500   0.000000
   1.196888  -4.074657   0.000000                  -1.0000               0.604167  -1.479167   0.000000
   1.114344   2.740266   0.000000                   1.0000               0.562500   1.479167   0.000000
   1.114344   2.644953   0.000000                   0.0000               0.562500   1.437500   0.000000
   1.114344   2.549639   0.000000                   0.0000               0.562500   1.395833   0.000000
   1.114344   2.454325   0.000000                   0.0000               0.562500   1.354167   0.000000
   1.114344   2.359012   0.000000                   0.0000               0.562500   1.312500   0.000000
   1.114344   2.263698   0.000000                   0.0000               0.562500   1.270833   0.000000
   1.114344   2.168385   0.000000                   0.0000               0.562500   1.229167   0.000000
   1.114344   2.073071   0.000000                   0.0000               0.562500   1.187500   0.000000
   1.114344   1.977757   0.000000                  -1.0000               0.562500   1.145833   0.000000
   1.114344   1.882444   0.000000                   0.0000               0.562500   1.104167   0.000000
   1.114344   1.787130   0.000000                  -0.0000               0.562500   1.062500   0.000000
   1.114344   1.691817   0.000000                  -1.0000               0.562500   1.020833   0.000000
   1.114344   1.596503   0.000000                  -1.0000               0.562500   0.979167   0.000000
   1.114344   1.501189   0.000000                   0.0000               0.562500   0.937500   0.000000
   1.114344   1.405876   0.000000                   0.0000               0.562500   0.895833   0.000000
   1.114344   1.310562   0.000000                   0.0000               0.562500   0.854167   0.000000
   1.114344   1.215248   0.000000                   0.0000               0.562500   0.812500   0.000000
   1.114344   1.119935   0.000000                   0.0000               0.562500   0.770833   0.000000
   1.114344   1.024621   0.000000                   0.0000               0.562500   0.729167   0.000000
   1.114344   0.929308   0.000000                   1.0000               0.562500   0.687500   0.000000
   1.114344   0.833994   0.000000                   0.0000               0.562500   0.645833   0.000000
   1.114344   0.738680   0.000000                  -1.0000               0.562500   0.604167   0.000000
   1.114344   0.643367   0.000000                  -1.0000               0.562500   0.562500   0.000000
   1.114344   0.548053   0.000000                   1.0000               0.562500   0.520833   0.000000
   1.114344   0.452740   0.000000                   1.0000               0.562500   0.479167   0.000000
   1.114344   0.357426   0.000000                   0.0000               0.562500   0.437500   0.000000
   1.114344   0.262112   0.000000                   0.0000               0.562500   0.395833   0.000000
   1.114344   0.166799   0.000000                   0.0000               0.562500   0.354167   0.000000
   1.114344   0.071485   0.000000                   0.0000               0.562500   0.312500   0.000000
   1.114344  -0.023828   0.000000                   0.0000               0.562500   0.270833   0.000000
   1.114344  -0.119142   0.000000                   0.0000               0.562500   0.229167   0.000000
   1.114344  -0.214456   0.000000                   0.0000               0.562500   0.187500   0.000000
   1.114344  -0.309769   0.000000                  -1.0000               0.562500   0.145833   0.000000
   1.114344  -0.405083   0.000000                   0.0000               0.562500   0.104167   0.000000
   1.114344  -0.500396   0.000000                  -0.0000               0.562500   0.062500   0.000000
   1.114344  -0.595710   0.000000                  -1.0000               0.562500   0.020833   0.000000
   1.114344  -0.691024   0.000000                  -1.0000               0.562500  -0.020833   0.000000
   1.114344  -0.786337   0.000000                   0.0000               0.562500  -0.062500   0.000000
   1.114344  -0.881651   0.000000                   0.0000               0.562500  -0.104167   0.000000
   1.114344  -0.976964   0.000000                   0.0000               0.562500  -0.145833   0.000000
   1.114344  -1.072278   0.000000                   0.0000               0.562500  -0.187500   0.000000
   1.114344  -1.167592   0.000000                   0.0000               0.562500  -0.229167   0.000000
   1.114344  -1.262905   0.000000                   0.0000               0.562500  -0.270833   0.000000
   1.114344  -1.358219   0.000000                   1.0000               0.562500  -0.312500   0.000000
   1.114344  -1.453532   0.000000                   0.0000               0.562500  -0.354167   0.000000
   1.114344  -1.548846   0.000000                  -1.0000               0.562500  -0.395833   0.000000
   1.114344  -1.644160   0.000000                  -1.0000               0.562500  -0.437500   0.000000
   1.114344  -1.739473   0.000000                   1.0000               0.562500  -0.479167   0.000000
   1.114344  -1.834787   0.000000                   1.0000               0.562500  -0.520833   0.000000
   1.114344  -1.930101   0.000000                   0.0000               0.562500  -0.562500   0.000000
   1.114344  -2.025414   0.000000                   0.0000               0.562500  -0.604167   0.000000
   1.114344  -2.120728   0.000000                   0.0000               0.562500  -0.645833   0.000000
   1.114344  -2.216041   0.000000                   0.0000               0.562500  -0.687500   0.000000
   1.114344  -2.311355   0.000000                   0.0000               0.562500  -0.729167   0.000000
   1.114344  -2.406669   0.000000                   0.0000               0.562500  -0.770833   0.000000
   1.114344  -2.501982   0.000000                   0.0000               0.562500  -0.812500   0.000000
   1.114344  -2.597296   0.000000                  -1.0000               0.562500  -0.854167   0.000000
   1.114344  -2.692609   0.000000                   0.0000               0.562500  -0.895833   0.000000
   1.114344  -2.787923   0.000000                  -0.0000               0.562500  -0.937500   0.000000
   1.114344  -2.883237   0.000000                  -1.0000               0.562500  -0.979167   0.000000
   1.114344  -2.978550   0.000000                  -1.0000               0.562500  -1.020833   0.000000
   1.114344  -3.073864   0.000000                   0.0000               0.562500  -1.062500   0.000000
   1.114344  -3.169177   0.000000                   0.0000               0.562500  -1.104167   0.000000
   1.114344  -3.264491   0.000000                   0.0000               0.562500  -1.145833   0.000000
   1.114344  -3.359805   0.000000                   0.0000               0.562500  -1.187500   0.000000
   1.114344  -3.455118   0.000000                   0.0000               0.562500  -1.229167   0.000000
   1.114344  -3.550432   0.000000                   0.0000               0.562500  -1.270833   0.000000
   1.114344  -3.645745   0.000000                   1.0000               0.562500  -1.312500   0.000000
   1.114344  -3.741059   0.000000                   0.0000               0.562500  -1.354167   0.000000
   1.114344  -3.836373   0.000000                  -1.0000               0.562500  -1.395833   0.000000
   1.114344  -3.931686   0.000000                  -1.0000               0.562500  -1.437500   0.000000
   1.114344  -4.027000   0.000000                   1.0000               0.562500  -1.479167   0.000000
   1.031800   2.787923   0.000000                   0.0000               0.520833   1.479167   0.000000
   1.031800   2.692609   0.000000                   0.0000               0.520833   1.437500   0.000000
   1.031800   2.597296   0.000000                   0.0000               0.520833   1.395833   0.000000
   1.031800   2.501982   0.000000                   1.0000               0.520833   1.354167   0.000000
   1.031800   2.406669   0.000000                   0.0000               0.520833   1.312500   0.000000
   1.031800   2.311355   0.000000                   0.0000               0.520833   1.270833   0.000000
   1.031800   2.216041   0.000000                   0.0000               0.520833   1.229167   0.000000
   1.031800   2.120728   0.000000                  -1.0000               0.520833   1.187500   0.000000
   1.031800   2.025414   0.000000                   1.0000               0.520833   1.145833   0.000000
   1.031800   1.930101   0.000000                  -0.0000               0.520833   1.104167   0.000000
   1.031800   1.834787   0.000000                   0.0000               0.520833   1.062500   0.000000
   1.031800   1.739473   0.000000                   0.0000               0.520833   1.020833   0.000000
   1.031800   1.644160   0.000000                   1.0000               0.520833   0.979167   0.000000
   1.031800   1.548846   0.000000                   0.0000               0.520833   0.937500   0.000000
   1.031800   1.453532   0.000000                  -1.0000               0.520833   0.895833   0.000000
   1.031800   1.358219   0.000000                   1.0000               0.520833   0.854167   0.000000
   1.031800   1.262905   0.000000                   0.0000               0.520833   0.812500   0.000000
   1.031800   1.167592   0.000000                   0.0000               0.520833   0.770833   0.000000
   1.031800   1.072278   0.000000                   0.0000               0.520833   0.729167   0.000000
   1.031800   0.976964   0.000000                  -0.0000               0.520833   0.687500   0.000000
   1.031800   0.881651   0.000000                  -1.0000               0.520833   0.645833   0.000000
   1.031800   0.786337   0.000000                   1.0000               0.520833   0.604167   0.000000
   1.031800   0.691024   0.000000                   1.0000               0.520833   0.562500   0.000000
   1.031800   0.595710   0.000000                   0.0000               0.520833   0.520833   0.000000
   1.031800   0.500396   0.000000                   0.0000               0.520833   0.479167   0.000000
   1.031800   0.405083   0.000000                   0.0000               0.520833   0.437500   0.000000
   1.031800   0.309769   0.000000                   0.0000               0.520833   0.395833   0.000000
   1.031800   0.214456   0.000000                   1.0000               0.520833   0.354167   0.000000
   1.031800   0.119142   0.000000                   0.0000               0.520833   0.312500   0.000000
   1.031800   0.023828   0.000000                   0.0000               0.520833   0.270833   0.000000
   1.031800  -0.071485   0.000000                   0.0000               0.520833   0.229167   0.000000
   1.031800  -0.166799   0.000000                  -1.0000               0.520833   0.187500   0.000000
   1.031800  -0.262112   0.000000                   1.0000               0.520833   0.145833   0.000000
   1.031800  -0.357426   0.000000                  -0.0000               0.520833   0.104167   0.000000
   1.031800  -0.452740   0.000000                   0.0000               0.520833   0.062500   0.000000
   1.031800  -0.548053   0.000000                   0.0000               0.520833   0.020833   0.000000
   1.031800  -0.643367   0.000000                   1.0000               0.520833  -0.020833   0.000000
   1.031800  -0.738680   0.000000                   0.0000               0.520833  -0.062500   0.000000
   1.031800  -0.833994   0.000000                  -1.0000               0.520833  -0.104167   0.000000
   1.031800  -0.929308   0.000000                   1.0000               0.520833  -0.145833   0.000000
   1.031800  -1.024621   0.000000                   0.0000               0.520833  -0.187500   0.000000
   1.031800  -1.119935   0.000000                   0.0000               0.520833  -0.229167   0.000000
   1.031800  -1.215248   0.000000                   0.0000               0.520833  -0.270833   0.000000
   1.031800  -1.310562   0.000000                  -0.0000               0.520833  -0.312500   0.000000
   1.031800  -1.405876   0.000000                  -1.0000               0.520833  -0.354167   0.000000
   1.031800  -1.501189   0.000000                   1.0000               0.520833  -0.395833   0.000000
   1.031800  -1.596503   0.000000                   1.0000               0.520833  -0.437500   0.000000
   1.031800  -1.691817   0.000000                   0.0000               0.520833  -0.479167   0.000000
   1.031800  -1.787130   0.000000                   0.0000               0.520833  -0.520833   0.000000
   1.031800  -1.882444   0.000000                   0.0000               0.520833  -0.562500   0.000000
   1.031800  -1.977757   0.000000                   0.0000               0.520833  -0.604167   0.000000
   1.031800  -2.073071   0.000000                   1.0000               0.520833  -0.645833   0.000000
   1.031800  -2.168385   0.000000                   0.0000               0.520833  -0.687500   0.000000
   1.031800  -2.263698   0.000000                   0.0000               0.520833  -0.729167   0.000000
   1.031800  -2.359012   0.000000                   0.0000               0.520833  -0.770833   0.000000
   1.031800  -2.454325   0.000000                  -1.0000               0.520833  -0.812500   0.000000
   1.031800  -2.549639   0.000000                   1.0000               0.520833  -0.854167   0.000000
   1.031800  -2.644953   0.000000                  -0.0000               0.520833  -0.895833   0.000000
   1.031800  -2.740266   0.000000                   0.0000               0.520833  -0.937500   0.000000
   1.031800  -2.835580   0.000000                   0.0000               0.520833  -0.979167   0.000000
   1.031800  -2.930893   0.000000                   1.0000               0.520833  -1.020833   0.000000
   1.031800  -3.026207   0.000000                   0.0000               0.520833  -1.062500   0.000000
   1.031800  -3.121521   0.000000                  -1.0000               0.520833  -1.104167   0.000000
   1.031800  -3.216834   0.000000                   1.0000               0.520833  -1.145833   0.000000
   1.031800  -3.312148   0.000000                   0.0000               0.520833  -1.187500   0.000000
   1.031800  -3.407461   0.000000                   0.0000               0.520833  -1.229167   0.000000
   1.031800  -3.502775   0.000000                   0.0000               0.520833  -1.270833   0.000000
   1.031800  -3.598089   0.000000                  -0.0000               0.520833  -1.312500   0.000000
   1.031800  -3.693402   0.000000                  -1.0000               0.520833  -1.354167   0.000000
   1.031800  -3.788716   0.000000                   1.0000               0.520833  -1.395833   0.000000
   1.031800  -3.884029   0.000000                   1.0000               0.520833  -1.437500   0.000000
   1.031800  -3.979343   0.000000                   0.0000               0.520833  -1.479167   0.000000
   0.949256   2.835580   0.000000                   0.0000               0.479167   1.479167   0.000000
   0.949256   2.740266   0.000000                  -1.0000               0.479167   1.437500   0.000000
   0.949256   2.644953   0.000000                  -1.0000               0.479167   1.395833   0.000000
   0.949256   2.549639   0.000000                   1.0000               0.479167   1.354167   0.000000
   0.949256   2.454325   0.000000                   0.0000               0.479167   1.312500   0.000000
   0.949256   2.359012   0.000000                   0.0000               0.479167   1.270833   0.000000
   0.949256   2.263698   0.000000                  -0.0000               0.479167   1.229167   0.000000
   0.949256   2.168385   0.000000                   0.0000               0.479167   1.187500   0.000000
   0.949256   2.073071   0.000000                  -1.0000               0.479167   1.145833   0.000000
   0.949256   1.977757   0.000000                   1.0000               0.479167   1.104167   0.000000
   0.949256   1.882444   0.000000                   0.0000               0.479167   1.062500   0.000000
   0.949256   1.787130   0.000000                  -1.0000               0.479167   1.020833   0.000000
   0.949256   1.691817   0.000000                   0.0000               0.479167   0.979167   0.000000
   0.949256   1.596503   0.000000                   0.0000               0.479167   0.937500   0.000000
   0.949256   1.501189   0.000000                   0.0000               0.479167   0.895833   0.000000
   0.949256   1.405876   0.000000                  -1.0000               0.479167   0.854167   0.000000
   0.949256   1.310562   0.000000                   1.0000               0.479167   0.812500   0.000000
   0.949256   1.215248   0.000000                   0.0000               0.479167   0.770833   0.000000
   0.949256   1.119935   0.000000                   0.0000               0.479167   0.729167   0.000000
   0.949256   1.024621   0.000000                   0.0000               0.479167   0.687500   0.000000
   0.949256   0.929308   0.000000                  -1.0000               0.479167   0.645833   0.000000
   0.949256   0.833994   0.000000                   0.0000               0.479167   0.604167   0.000000
   0.949256   0.738680   0.000000                   0.0000               0.479167   0.562500   0.000000
   0.949256   0.643367   0.000000                   0.0000               0.479167   0.520833   0.000000
   0.949256   0.548053   0.000000                   0.0000               0.479167   0.479167   0.000000
   0.949256   0.452740   0.000000                  -1.0000               0.479167   0.437500   0.000000
   0.949256   0.357426   0.000000                  -1.0000               0.479167   0.395833   0.000000
   0.949256   0.262112   0.000000                   1.0000               0.479167   0.354167   0.000000
   0.949256   0.166799   0.000000                   0.0000               0.479167   0.312500   0.000000
   0.949256   0.071485   0.000000                   0.0000               0.479167   0.270833   0.000000
   0.949256  -0.023828   0.000000                  -0.0000               0.479167   0.229167   0.000000
   0.949256  -0.119142   0.000000                   0.0000               0.479167   0.187500   0.000000
   0.949256  -0.214456   0.000000                  -1.0000               0.479167   0.145833   0.000000
   0.949256  -0.309769   0.000000                   1.0000               0.479167   0.104167   0.000000
   0.949256  -0.405083   0.000000                   0.0000               0.479167   0.062500   0.000000
   0.949256  -0.500396   0.000000                  -1.0000               0.479167   0.020833   0.000000
   0.949256  -0.595710   0.000000                   0.0000               0.479167  -0.020833   0.000000
   0.949256  -0.691024   0.000000                   0.0000               0.479167  -0.062500   0.000000
   0.949256  -0.786337   0.000000                   0.0000               0.479167  -0.104167   0.000000
   0.949256  -0.881651   0.000000                  -1.0000               0.479167  -0.145833   0.000000
   0.949256  -0.976964   0.000000                   1.0000               0.479167  -0.187500   0.000000
   0.949256  -1.072278   0.000000                   0.0000               0.479167  -0.229167   0.000000
   0.949256  -1.167592   0.000000                   0.0000               0.479167  -0.270833   0.000000
   0.949256  -1.262905   0.000000                   0.0000               0.479167  -0.312500   0.000000
   0.949256  -1.358219   0.000000                  -1.0000               0.479167  -0.354167   0.000000
   0.949256  -1.453532   0.000000                   0.0000               0.479167  -0.395833   0.000000
   0.949256  -1.548846   0.000000                   0.0000               0.479167  -0.437500   0.000000
   0.949256  -1.644160   0.000000                   0.0000               0.479167  -0.479167   0.000000
   0.949256  -1.739473   0.000000                   0.0000               0.479167  -0.520833   0.000000
   0.949256  -1.834787   0.000000                  -1.0000               0.479167  -0.562500   0.000000
   0.949256  -1.930101   0.000000                  -1.0000               0.479167  -0.604167   0.000000
   0.949256  -2.025414   0.000000                   1.0000               0.479167  -0.645833   0.000000
   0.949256  -2.120728   0.000000                   0.0000               0.479167  -0.687500   0.000000
   0.949256  -2.216041   0.000000                   0.0000               0.479167  -0.729167   0.000000
   0.949256  -2.311355   0.000000                  -0.0000               0.479167  -0.770833   0.000000
   0.949256  -2.406669   0.000000                   0.0000               0.479167  -0.812500   0.000000
   0.949256  -2.501982   0.000000                  -1.0000               0.479167  -0.854167   0.000000
   0.949256  -2.597296   0.000000                   1.0000               0.479167  -0.895833   0.000000
   0.949256  -2.692609   0.000000                   0.0000               0.479167  -0.937500   0.000000
   0.949256  -2.787923   0.000000                  -1.0000               0.479167  -0.979167   0.000000
   0.949256  -2.883237   0.000000                   0.0000               0.479167  -1.020833   0.000000
   0.949256  -2.978550   0.000000                   0.0000               0.479167  -1.062500   0.000000
   0.949256  -3.073864   0.000000                   0.0000               0.479167  -1.104167   0.000000
   0.949256  -3.169177   0.000000                  -1.0000               0.479167  -1.145833   0.000000
   0.949256  -3.264491   0.000000                   1.0000               0.479167  -1.187500   0.000000
   0.949256  -3.359805   0.000000                   0.0000               0.479167  -1.229167   0.000000
   0.949256  -3.455118   0.000000                   0.0000               0.479167  -1.270833   0.000000
   0.949256  -3.550432   0.000000                   0.0000               0.479167  -1.312500   0.000000
   0.949256  -3.645745   0.000000                  -1.0000               0.479167  -1.354167   0.000000
   0.949256  -3.741059   0.000000                   0.0000               0.479167  -1.395833   0.000000
   0.949256  -3.836373   0.000000                   0.0000               0.479167  -1.437500   0.000000
   0.949256  -3.931686   0.000000                   0.0000               0.479167  -1.479167   0.000000
   0.866712   2.883237   0.000000                  -1.0000               0.437500   1.479167   0.000000
   0.866712   2.787923   0.000000                   1.0000               0.437500   1.437500   0.000000
   0.866712   2.692609   0.000000                   1.0000               0.437500   1.395833   0.000000
   0.866712   2.597296   0.000000                   0.0000               0.437500   1.354167   0.000000
   0.866712   2.501982   0.000000                  -1.0000               0.437500   1.312500   0.000000
   0.866712   2.406669   0.000000                   0.0000               0.437500   1.270833   0.000000
   0.866712   2.311355   0.000000                   0.0000               0.437500   1.229167   0.000000
   0.866712   2.216041   0.000000                  -0.0000               0.437500   1.187500   0.000000
   0.866712   2.120728   0.000000                   0.0000               0.437500   1.145833   0.000000
   0.866712   2.025414   0.000000                   0.0000               0.437500   1.104167   0.000000
   0.866712   1.930101   0.000000                   0.0000               0.437500   1.062500   0.000000
   0.866712   1.834787   0.000000                   1.0000               0.437500   1.020833   0.000000
   0.866712   1.739473   0.000000                   1.0000               0.437500   0.979167   0.000000
   0.866712   1.644160   0.000000                   0.0000               0.437500   0.937500   0.000000
   0.866712   1.548846   0.000000                   0.0000               0.437500   0.895833   0.000000
   0.866712   1.453532   0.000000                   1.0000               0.437500   0.854167   0.000000
   0.866712   1.358219   0.000000                   0.0000               0.437500   0.812500   0.000000
   0.866712   1.262905   0.000000                  -0.0000               0.437500   0.770833   0.000000
   0.866712   1.167592   0.000000                   0.0000               0.437500   0.729167   0.000000
   0.866712   1.072278   0.000000                   0.0000               0.437500   0.687500   0.000000
   0.866712   0.976964   0.000000                  -0.0000               0.437500   0.645833   0.000000
   0.866712   0.881651   0.000000                   0.0000               0.437500   0.604167   0.000000
   0.866712   0.786337   0.000000                   0.0000               0.437500   0.562500   0.000000
   0.866712   0.691024   0.000000                  -1.0000               0.437500   0.520833   0.000000
   0.866712   0.595710   0.000000                  -1.0000               0.437500   0.479167   0.000000
   0.866712   0.500396   0.000000                   1.0000               0.437500   0.437500   0.000000
   0.866712   0.405083   0.000000                   1.0000               0.437500   0.395833   0.000000
   0.866712   0.309769   0.000000                   0.0000               0.437500   0.354167   0.000000
   0.866712   0.214456   0.000000                  -1.0000               0.437500   0.312500   0.000000
   0.866712   0.119142   0.000000                   0.0000               0.437500   0.270833   0.000000
   0.866712   0.023828   0.000000                   0.0000               0.437500   0.229167   0.000000
   0.866712  -0.071485   0.000000                  -0.0000               0.437500   0.187500   0.000000
   0.866712  -0.166799   0.000000                   0.0000               0.437500   0.145833   0.000000
   0.866712  -0.262112   0.000000                   0.0000               0.437500   0.104167   0.000000
   0.866712  -0.357426   0.000000                   0.0000               0.437500   0.062500   0.000000
   0.866712  -0.452740   0.000000                   1.0000               0.437500   0.020833   0.000000
   0.866712  -0.548053   0.000000                   1.0000               0.437500  -0.020833   0.000000
   0.866712  -0.643367   0.000000                   0.0000               0.437500  -0.062500   0.000000
   0.866712  -0.738680   0.000000                   0.0000               0.437500  -0.104167   0.000000
   0.866712  -0.833994   0.000000                   1.0000               0.437500  -0.145833   0.000000
   0.866712  -0.929308   0.000000                   0.0000               0.437500  -0.187500   0.000000
   0.866712  -1.024621   0.000000                  -0.0000               0.437500  -0.229167   0.000000
   0.866712  -1.119935   0.000000                   0.0000               0.437500  -0.270833   0.000000
   0.866712  -1.215248   0.000000                   0.0000               0.437500  -0.312500   0.000000
   0.866712  -1.310562   0.000000                  -0.0000               0.437500  -0.354167   0.000000
   0.866712  -1.405876   0.000000                   0.0000               0.437500  -0.395833   0.000000
   0.866712  -1.501189   0.000000                   0.0000               0.437500  -0.437500   0.000000
   0.866712  -1.596503   0.000000                  -1.0000               0.437500  -0.479167   0.000000
   0.866712  -1.691817   0.000000                  -1.0000               0.437500  -0.520833   0.000000
   0.866712  -1.787130   0.000000                   1.0000               0.437500  -0.562500   0.000000
   0.866712  -1.882444   0.000000                   1.0000               0.437500  -0.604167   0.000000
   0.866712  -1.977757   0.000000                   0.0000               0.437500  -0.645833   0.000000
   0.866712  -2.073071   0.000000                  -1.0000               0.437500  -0.687500   0.000000
   0.866712  -2.168385   0.000000                   0.0000               0.437500  -0.729167   0.000000
   0.866712  -2.263698   0.000000                   0.0000               0.437500  -0.770833   0.000000
   0.866712  -2.359012   0.000000                  -0.0000               0.437500  -0.812500   0.000000
   0.866712  -2.454325   0.000000                   0.0000               0.437500  -0.854167   0.000000
   0.866712  -2.549639   0.000000                   0.0000               0.437500  -0.895833   0.000000
   0.866712  -2.644953   0.000000                   0.0000               0.437500  -0.937500   0.000000
   0.866712  -2.740266   0.000000                   1.0000               0.437500  -0.979167   0.000000
   0.866712  -2.835580   0.000000                   1.0000               0.437500  -1.020833   0.000000
   0.866712  -2.930893   0.000000                   0.0000               0.437500  -1.062500   0.000000
   0.866712  -3.026207   0.000000                   0.0000               0.437500  -1.104167   0.000000
   0.866712  -3.121521   0.000000                   1.0000               0.437500  -1.145833   0.000000
   0.866712  -3.216834   0.000000                   0.0000               0.437500  -1.187500   0.000000
   0.866712  -3.312148   0.000000                  -0.0000               0.437500  -1.229167   0.000000
   0.866712  -3.407461   0.000000                   0.0000               0.437500  -1.270833   0.000000
   0.866712  -3.502775   0.000000                   0.0000               0.437500  -1.312500   0.000000
   0.866712  -3.598089   0.000000                  -0.0000               0.437500  -1.354167   0.000000
   0.866712  -3.693402   0.000000                   0.0000               0.437500  -1.395833   0.000000
   0.866712  -3.788716   0.000000                   0.0000               0.437500  -1.437500   0.000000
   0.866712  -3.884029   0.000000                  -1.0000               0.437500  -1.479167   0.000000
   0.784168   2.930893   0.000000                   1.0000               0.395833   1.479167   0.000000
   0.784168   2.835580   0.000000                   0.0000               0.395833   1.437500   0.000000
   0.784168   2.740266   0.000000                   0.0000               0.395833   1.395833   0.000000
   0.784168   2.644953   0.000000                   0.0000               0.395833   1.354167   0.000000
   0.784168   2.549639   0.000000                   0.0000               0.395833   1.312500   0.000000
   0.784168   2.454325   0.000000                  -1.0000               0.395833   1.270833   0.000000
   0.784168   2.359012   0.000000                   0.0000               0.395833   1.229167   0.000000
   0.784168   2.263698   0.000000                   0.0000               0.395833   1.187500   0.000000
   0.784168   2.168385   0.000000                   0.0000               0.395833   1.145833   0.000000
   0.784168   2.073071   0.000000                   0.0000               0.395833   1.104167   0.000000
   0.784168   1.977757   0.000000                   1.0000               0.395833   1.062500   0.000000
   0.784168   1.882444   0.000000                  -1.0000               0.395833   1.020833   0.000000
   0.784168   1.787130   0.000000                   0.0000               0.395833   0.979167   0.000000
   0.784168   1.691817   0.000000                   0.0000               0.395833   0.937500   0.000000
   0.784168   1.596503   0.000000                  -0.0000               0.395833   0.895833   0.000000
   0.784168   1.501189   0.000000                  -1.0000               0.395833   0.854167   0.000000
   0.784168   1.405876   0.000000                  -1.0000               0.395833   0.812500   0.000000
   0.784168   1.310562   0.000000                   0.0000               0.395833   0.770833   0.000000
   0.784168   1.215248   0.000000                   0.0000               0.395833   0.729167   0.000000
   0.784168   1.119935   0.000000                  -0.0000               0.395833   0.687500   0.000000
   0.784168   1.024621   0.000000                   0.0000               0.395833   0.645833   0.000000
   0.784168   0.929308   0.000000                   1.0000               0.395833   0.604167   0.000000
   0.784168   0.833994   0.000000                  -1.0000               0.395833   0.562500   0.000000
   0.784168   0.738680   0.000000                   0.0000               0.395833   0.520833   0.000000
   0.784168   0.643367   0.000000                   1.0000               0.395833   0.479167   0.000000
   0.784168   0.548053   0.000000                   0.0000               0.395833   0.437500   0.000000
   0.784168   0.452740   0.000000                   0.0000               0.395833   0.395833   0.000000
   0.784168   0.357426   0.000000                   0.0000               0.395833   0.354167   0.000000
   0.784168   0.262112   0.000000                   0.0000               0.395833   0.312500   0.000000
   0.784168   0.166799   0.000000                  -1.0000               0.395833   0.270833   0.000000
   0.784168   0.071485   0.000000                   0.0000               0.395833   0.229167   0.000000
   0.784168  -0.023828   0.000000                   0.0000               0.395833   0.187500   0.000000
   0.784168  -0.119142   0.000000                   0.0000               0.395833   0.145833   0.000000
   0.784168  -0.214456   0.000000                   0.0000               0.395833   0.104167   0.000000
   0.784168  -0.309769   0.000000                   1.0000               0.395833   0.062500   0.000000
   0.784168  -0.405083   0.000000                  -1.0000               0.395833   0.020833   0.000000
   0.784168  -0.500396   0.000000                   0.0000               0.395833  -0.020833   0.000000
   0.784168  -0.595710   0.000000                   0.0000               0.395833  -0.062500   0.000000
   0.784168  -0.691024   0.000000                  -0.0000               0.395833  -0.104167   0.000000
   0.784168  -0.786337   0.000000                  -1.0000               0.395833  -0.145833   0.000000
   0.784168  -0.881651   0.000000                  -1.0000               0.395833  -0.187500   0.000000
   0.784168  -0.976964   0.000000                   0.0000               0.395833  -0.229167   0.000000
   0.784168  -1.072278   0.000000                   0.0000               0.395833  -0.270833   0.000000
   0.784168  -1.167592   0.000000                  -0.0000               0.395833  -0.312500   0.000000
   0.784168  -1.262905   0.000000                   0.0000               0.395833  -0.354167   0.000000
   0.784168  -1.358219   0.000000                   1.0000               0.395833  -0.395833   0.000000
   0.784168  -1.453532   0.000000                  -1.0000               0.395833  -0.437500   0.000000
   0.784168  -1.548846   0.000000                   0.0000               0.395833  -0.479167   0.000000
   0.784168  -1.644160   0.000000                   1.0000               0.395833  -0.520833   0.000000
   0.784168  -1.739473   0.000000                   0.0000               0.395833  -0.562500   0.000000
   0.784168  -1.834787   0.000000                   0.0000               0.395833  -0.604167   0.000000
   0.784168  -1.930101   0.000000                   0.0000               0.395833  -0.645833   0.000000
   0.784168  -2.025414   0.000000                   0.0000               0.395833  -0.687500   0.000000
   0.784168  -2.120728   0.000000                  -1.0000               0.395833  -0.729167   0.000000
   0.784168  -2.216041   0.000000                   0.0000               0.395833  -0.770833   0.000000
   0.784168  -2.311355   0.000000                   0.0000               0.395833  -0.812500   0.000000
   0.784168  -2.406669   0.000000                   0.0000               0.395833  -0.854167   0.000000
   0.784168  -2.501982   0.000000                   0.0000               0.395833  -0.895833   0.000000
   0.784168  -2.597296   0.000000                   1.0000               0.395833  -0.937500   0.000000
   0.784168  -2.692609   0.000000                  -1.0000               0.395833  -0.979167   0.000000
   0.784168  -2.787923   0.000000                   0.0000               0.395833  -1.020833   0.000000
   0.784168  -2.883237   0.000000                   0.0000               0.395833  -1.062500   0.000000
   0.784168  -2.978550   0.000000                  -0.0000               0.395833  -1.104167   0.000000
   0.784168  -3.073864   0.000000                  -1.0000               0.395833  -1.145833   0.000000
   0.784168  -3.169177   0.000000                  -1.0000               0.395833  -1.187500   0.000000
   0.784168  -3.264491   0.000000                   0.0000               0.395833  -1.229167   0.000000
   0.784168  -3.359805   0.000000                   0.0000               0.395833  -1.270833   0.000000
   0.784168  -3.455118   0.000000                  -0.0000               0.395833  -1.312500   0.000000
   0.784168  -3.550432   0.000000                   0.0000               0.395833  -1.354167   0.000000
   0.784168  -3.645745   0.000000                   1.0000               0.395833  -1.395833   0.000000
   0.784168  -3.741059   0.000000                  -1.0000               0.395833  -1.437500   0.000000
   0.784168  -3.836373   0.000000                   0.0000               0.395833  -1.479167   0.000000
   0.701624   2.978550   0.000000                   0.0000               0.354167   1.479167   0.000000
   0.701624   2.883237   0.000000                   0.0000               0.354167   1.437500   0.000000
   0.701624   2.787923   0.000000                  -1.0000               0.354167   1.395833   0.000000
   0.701624   2.692609   0.000000                   0.0000               0.354167   1.354167   0.000000
   0.701624   2.597296   0.000000                   1.0000               0.354167   1.312500   0.000000
   0.701624   2.501982   0.000000                   0.0000               0.354167   1.270833   0.000000
   0.701624   2.406669   0.000000                   0.0000               0.354167   1.229167   0.000000
   0.701624   2.311355   0.000000                   0.0000               0.354167   1.187500   0.000000
   0.701624   2.216041   0.000000                   0.0000               0.354167   1.145833   0.000000
   0.701624   2.120728   0.000000                   0.0000               0.354167   1.104167   0.000000
   0.701624   2.025414   0.000000                   0.0000               0.354167   1.062500   0.000000
   0.701624   1.930101   0.000000                   1.0000               0.354167   1.020833   0.000000
   0.701624   1.834787   0.000000                  -1.0000               0.354167   0.979167   0.000000
   0.701624   1.739473   0.000000                   0.0000               0.354167   0.937500   0.000000
   0.701624   1.644160   0.000000                  -1.0000               0.354167   0.895833   0.000000
   0.701624   1.548846   0.000000                   1.0000               0.354167   0.854167   0.000000
   0.701624   1.453532   0.000000                   0.0000               0.354167   0.812500   0.000000
   0.701624   1.358219   0.000000                   0.0000               0.354167   0.770833   0.000000
   0.701624   1.262905   0.000000                   1.0000               0.354167   0.729167   0.000000
   0.701624   1.167592   0.000000                  -1.0000               0.354167   0.687500   0.000000
   0.701624   1.072278   0.000000                   1.0000               0.354167   0.645833   0.000000
   0.701624   0.976964   0.000000                  -1.0000               0.354167   0.604167   0.000000
   0.701624   0.881651   0.000000                   0.0000               0.354167   0.562500   0.000000
   0.701624   0.786337   0.000000                   0.0000               0.354167   0.520833   0.000000
   0.701624   0.691024   0.000000                   0.0000               0.354167   0.479167   0.000000
   0.701624   0.595710   0.000000                   0.0000               0.354167   0.437500   0.000000
   0.701624   0.500396   0.000000                  -1.0000               0.354167   0.395833   0.000000
   0.701624   0.405083   0.000000                   0.0000               0.354167   0.354167   0.000000
   0.701624   0.309769   0.000000                   1.0000               0.354167   0.312500   0.000000
   0.701624   0.214456   0.000000                   0.0000               0.354167   0.270833   0.000000
   0.701624   0.119142   0.000000                   0.0000               0.354167   0.229167   0.000000
   0.701624   0.023828   0.000000                   0.0000               0.354167   0.187500   0.000000
   0.701624  -0.071485   0.000000                   0.0000               0.354167   0.145833   0.000000
   0.701624  -0.166799   0.000000                   0.0000               0.354167   0.104167   0.000000
   0.701624  -0.262112   0.000000                   0.0000               0.354167   0.062500   0.000000
   0.701624  -0.357426   0.000000                   1.0000               0.354167   0.020833   0.000000
   0.701624  -0.452740   0.000000                  -1.0000               0.354167  -0.020833   0.000000
   0.701624  -0.548053   0.000000                   0.0000               0.354167  -0.062500   0.000000
   0.701624  -0.643367   0.000000                  -1.0000               0.354167  -0.104167   0.000000
   0.701624  -0.738680   0.000000                   1.0000               0.354167  -0.145833   0.000000
   0.701624  -0.833994   0.000000                   0.0000               0.354167  -0.187500   0.000000
   0.701624  -0.929308   0.000000                   0.0000               0.354167  -0.229167   0.000000
   0.701624  -1.024621   0.000000                   1.0000               0.354167  -0.270833   0.000000
   0.701624  -1.119935   0.000000                  -1.0000               0.354167  -0.312500   0.000000
   0.701624  -1.215248   0.000000                   1.0000               0.354167  -0.354167   0.000000
   0.701624  -1.310562   0.000000                  -1.0000               0.354167  -0.395833   0.000000
   0.701624  -1.405876   0.000000                   0.0000               0.354167  -0.437500   0.000000
   0.701624  -1.501189   0.000000                   0.0000               0.354167  -0.479167   0.000000
   0.701624  -1.596503   0.000000                   0.0000               0.354167  -0.520833   0.000000
   0.701624  -1.691817   0.000000                   0.0000               0.354167  -0.562500   0.000000
   0.701624  -1.787130   0.000000                  -1.0000               0.354167  -0.604167   0.000000
   0.701624  -1.882444   0.000000                   0.0000               0.354167  -0.645833   0.000000
   0.701624  -1.977757   0.000000                   1.0000               0.354167  -0.687500   0.000000
   0.701624  -2.073071   0.000000                   0.0000               0.354167  -0.729167   0.000000
   0.701624  -2.168385   0.000000                   0.0000               0.354167  -0.770833   0.000000
   0.701624  -2.263698   0.000000                   0.0000               0.354167  -0.812500   0.000000
   0.701624  -2.359012   0.000000                   0.0000               0.354167  -0.854167   0.000000
   0.701624  -2.454325   0.000000                   0.0000               0.354167  -0.895833   0.000000
   0.701624  -2.549639   0.000000                   0.0000               0.354167  -0.937500   0.000000
   0.701624  -2.644953   0.000000                   1.0000               0.354167  -0.979167   0.000000
   0.701624  -2.740266   0.000000                  -1.0000               0.354167  -1.020833   0.000000
   0.701624  -2.835580   0.000000                   0.0000               0.354167  -1.062500   0.000000
   0.701624  -2.930893   0.000000                  -1.0000               0.354167  -1.104167   0.000000
   0.701624  -3.026207   0.000000                   1.0000               0.354167  -1.145833   0.000000
   0.701624  -3.121521   0.000000                   0.0000               0.354167  -1.187500   0.000000
   0.701624  -3.216834   0.000000                   0.0000               0.354167  -1.229167   0.000000
   0.701624  -3.312148   0.000000                   1.0000               0.354167  -1.270833   0.000000
   0.701624  -3.407461   0.000000                  -1.0000               0.354167  -1.312500   0.000000
   0.701624  -3.502775   0.000000                   1.0000               0.354167  -1.354167   0.000000
   0.701624  -3.598089   0.000000                  -1.0000               0.354167  -1.395833   0.000000
   0.701624  -3.693402   0.000000                   0.0000               0.354167  -1.437500   0.000000
   0.701624  -3.788716   0.000000                   0.0000               0.354167  -1.479167   0.000000
   0.619080   3.026207   0.000000                   0.0000               0.312500   1.479167   0.000000
   0.619080   2.930893   0.000000                   0.0000               0.312500   1.437500   0.000000
   0.619080   2.835580   0.000000                   0.0000               0.312500   1.395833   0.000000
   0.619080   2.740266   0.000000                  -0.0000               0.312500   1.354167   0.000000
   0.619080   2.644953   0.000000                  -1.0000               0.312500   1.312500   0.000000
   0.619080   2.549639   0.000000                   1.0000               0.312500   1.270833   0.000000
   0.619080   2.454325   0.000000                   0.0000               0.312500   1.229167   0.000000
   0.619080   2.359012   0.000000                   0.0000               0.312500   1.187500   0.000000
   0.619080   2.263698   0.000000                   0.0000               0.312500   1.145833   0.000000
   0.619080   2.168385   0.000000                  -0.0000               0.312500   1.104167   0.000000
   0.619080   2.073071   0.000000                  -1.0000               0.312500   1.062500   0.000000
   0.619080   1.977757   0.000000                   0.0000               0.312500   1.020833   0.000000
   0.619080   1.882444   0.000000                   0.0000               0.312500   0.979167   0.000000
   0.619080   1.787130   0.000000                   0.0000               0.312500   0.937500   0.000000
   0.619080   1.691817   0.000000                   0.0000               0.312500   0.895833   0.000000
   0.619080   1.596503   0.000000                   0.0000               0.312500   0.854167   0.000000
   0.619080   1.501189   0.000000                   0.0000               0.312500   0.812500   0.000000
   0.619080   1.405876   0.000000                   0.0000               0.312500   0.770833   0.000000
   0.619080   1.310562   0.000000                  -1.0000               0.312500   0.729167   0.000000
   0.619080   1.215248   0.000000                   1.0000               0.312500   0.687500   0.000000
   0.619080   1.119935   0.000000                   0.0000               0.312500   0.645833   0.000000
   0.619080   1.024621   0.000000                   0.0000               0.312500   0.604167   0.000000
   0.619080   0.929308   0.000000                   0.0000               0.312500   0.562500   0.000000
   0.619080   0.833994   0.000000                   1.0000               0.312500   0.520833   0.000000
   0.619080   0.738680   0.000000                   0.0000               0.312500   0.479167   0.000000
   0.619080   0.643367   0.000000                   0.0000               0.312500   0.437500   0.000000
   0.619080   0.548053   0.000000                   0.0000               0.312500   0.395833   0.000000
   0.619080   0.452740   0.000000                  -0.0000               0.312500   0.354167   0.000000
   0.619080   0.357426   0.000000                  -1.0000               0.312500   0.312500   0.000000
   0.619080   0.262112   0.000000                   1.0000               0.312500   0.270833   0.000000
   0.619080   0.166799   0.000000                   0.0000               0.312500   0.229167   0.000000
   0.619080   0.071485   0.000000                   0.0000               0.312500   0.187500   0.000000
   0.619080  -0.023828   0.000000                   0.0000               0.312500   0.145833   0.000000
   0.619080  -0.119142   0.000000                  -0.0000               0.312500   0.104167   0.000000
   0.619080  -0.214456   0.000000                  -1.0000               0.312500   0.062500   0.000000
   0.619080  -0.309769   0.000000                   0.0000               0.312500   0.020833   0.000000
   0.619080  -0.405083   0.000000                   0.0000               0.312500  -0.020833   0.000000
   0.619080  -0.500396   0.000000                   0.0000               0.312500  -0.062500   0.000000
   0.619080  -0.595710   0.000000                   0.0000               0.312500  -0.104167   0.000000
   0.619080  -0.691024   0.000000                   0.0000               0.312500  -0.145833   0.000000
   0.619080  -0.786337   0.000000                   0.0000               0.312500  -0.187500   0.000000
   0.619080  -0.881651   0.000000                   0.0000               0.312500  -0.229167   0.000000
   0.619080  -0.976964   0.000000                  -1.0000               0.312500  -0.270833   0.000000
   0.619080  -1.072278   0.000000                   1.0000               0.312500  -0.312500   0.000000
   0.619080  -1.167592   0.000000                   0.0000               0.312500  -0.354167   0.000000
   0.619080  -1.262905   0.000000                   0.0000               0.312500  -0.395833   0.000000
   0.619080  -1.358219   0.000000                   0.0000               0.312500  -0.437500   0.000000
   0.619080  -1.453532   0.000000                   1.0000               0.312500  -0.479167   0.000000
   0.619080  -1.548846   0.000000                   0.0000               0.312500  -0.520833   0.000000
   0.619080  -1.644160   0.000000                   0.0000               0.312500  -0.562500   0.000000
   0.619080  -1.739473   0.000000                   0.0000               0.312500  -0.604167   0.000000
   0.619080  -1.834787   0.000000                  -0.0000               0.312500  -0.645833   0.000000
   0.619080  -1.930101   0.000000                  -1.0000               0.312500  -0.687500   0.000000
   0.619080  -2.025414   0.000000                   1.0000               0.312500  -0.729167   0.000000
   0.619080  -2.120728   0.000000                   0.0000               0.312500  -0.770833   0.000000
   0.619080  -2.216041   0.000000                   0.0000               0.312500  -0.812500   0.000000
   0.619080  -2.311355   0.000000                   0.0000               0.312500  -0.854167   0.000000
   0.619080  -2.406669   0.000000                  -0.0000               0.312500  -0.895833   0.000000
   0.619080  -2.501982   0.000000                  -1.0000               0.312500  -0.937500   0.000000
   0.619080  -2.597296   0.000000                   0.0000               0.312500  -0.979167   0.000000
   0.619080  -2.692609   0.000000                   0.0000               0.312500  -1.020833   0.000000
   0.619080  -2.787923   0.000000                   0.0000               0.312500  -1.062500   0.000000
   0.619080  -2.883237   0.000000                   0.0000               0.312500  -1.104167   0.000000
   0.619080  -2.978550   0.000000                   0.0000               0.312500  -1.145833   0.000000
   0.619080  -3.073864   0.000000                   0.0000               0.312500  -1.187500   0.000000
   0.619080  -3.169177   0.000000                   0.0000               0.312500  -1.229167   0.000000
   0.619080  -3.264491   0.000000                  -1.0000               0.312500  -1.270833   0.000000
   0.619080  -3.359805   0.000000                   1.0000               0.312500  -1.312500   0.000000
   0.619080  -3.455118   0.000000                   0.0000               0.312500  -1.354167   0.000000
   0.619080  -3.550432   0.000000                   0.0000               0.312500  -1.395833   0.000000
   0.619080  -3.645745   0.000000                   0.0000               0.312500  -1.437500   0.000000
   0.619080  -3.741059   0.000000                   1.0000               0.312500  -1.479167   0.000000
   0.536536   3.073864   0.000000                   0.0000               0.270833   1.479167   0.000000
   0.536536   2.978550   0.000000                   0.0000               0.270833   1.437500   0.000000
   0.536536   2.883237   0.000000                   0.0000               0.270833   1.395833   0.000000
   0.536536   2.787923   0.000000                   1.0000               0.270833   1.354167   0.000000
   0.536536   2.692609   0.000000                   0.0000               0.270833   1.312500   0.000000
   0.536536   2.597296   0.000000                   1.0000               0.270833   1.270833   0.000000
   0.536536   2.501982   0.000000                  -1.0000               0.270833   1.229167   0.000000
   0.536536   2.406669   0.000000                   0.0000               0.270833   1.187500   0.000000
   0.536536   2.311355   0.000000                  -1.0000               0.270833   1.145833   0.000000
   0.536536   2.216041   0.000000                   1.0000               0.270833   1.104167   0.000000
   0.536536   2.120728   0.000000                   0.0000               0.270833   1.062500   0.000000
   0.536536   2.025414   0.000000                   0.0000               0.270833   1.020833   0.000000
   0.536536   1.930101   0.000000                   1.0000               0.270833   0.979167   0.000000
   0.536536   1.834787   0.000000                   1.0000               0.270833   0.937500   0.000000
   0.536536   1.739473   0.000000                  -1.0000               0.270833   0.895833   0.000000
   0.536536   1.644160   0.000000                   0.0000               0.270833   0.854167   0.000000
   0.536536   1.548846   0.000000                   0.0000               0.270833   0.812500   0.000000
   0.536536   1.453532   0.000000                   0.0000               0.270833   0.770833   0.000000
   0.536536   1.358219   0.000000                   0.0000               0.270833   0.729167   0.000000
   0.536536   1.262905   0.000000                   0.0000               0.270833   0.687500   0.000000
   0.536536   1.167592   0.000000                  -1.0000               0.270833   0.645833   0.000000
   0.536536   1.072278   0.000000                   1.0000               0.270833   0.604167   0.000000
   0.536536   0.976964   0.000000                  -1.0000               0.270833   0.562500   0.000000
   0.536536   0.881651   0.000000                   0.0000               0.270833   0.520833   0.000000
   0.536536   0.786337   0.000000                   0.0000               0.270833   0.479167   0.000000
   0.536536   0.691024   0.000000                   0.0000               0.270833   0.437500   0.000000
   0.536536   0.595710   0.000000                   0.0000               0.270833   0.395833   0.000000
   0.536536   0.500396   0.000000                   1.0000               0.270833   0.354167   0.000000
   0.536536   0.405083   0.000000                   0.0000               0.270833   0.312500   0.000000
   0.536536   0.309769   0.000000                   1.0000               0.270833   0.270833   0.000000
   0.536536   0.214456   0.000000                  -1.0000               0.270833   0.229167   0.000000
   0.536536   0.119142   0.000000                   0.0000               0.270833   0.187500   0.000000
   0.536536   0.023828   0.000000                  -1.0000               0.270833   0.145833   0.000000
   0.536536  -0.071485   0.000000                   1.0000               0.270833   0.104167   0.000000
   0.536536  -0.166799   0.000000                   0.0000               0.270833   0.062500   0.000000
   0.536536  -0.262112   0.000000                   0.0000               0.270833   0.020833   0.000000
   0.536536  -0.357426   0.000000                   1.0000               0.270833  -0.020833   0.000000
   0.536536  -0.452740   0.000000                   1.0000               0.270833  -0.062500   0.000000
   0.536536  -0.548053   0.000000                  -1.0000               0.270833  -0.104167   0.000000
   0.536536  -0.643367   0.000000                   0.0000               0.270833  -0.145833   0.000000
   0.536536  -0.738680   0.000000                   0.0000               0.270833  -0.187500   0.000000
   0.536536  -0.833994   0.000000                   0.0000               0.270833  -0.229167   0.000000
   0.536536  -0.929308   0.000000                   0.0000               0.270833  -0.270833   0.000000
   0.536536  -1.024621   0.000000                   0.0000               0.270833  -0.312500   0.000000
   0.536536  -1.119935   0.000000                  -1.0000               0.270833  -0.354167   0.000000
   0.536536  -1.215248   0.000000                   1.0000               0.270833  -0.395833   0.000000
   0.536536  -1.310562   0.000000                  -1.0000               0.270833  -0.437500   0.000000
   0.536536  -1.405876   0.000000                   0.0000               0.270833  -0.479167   0.000000
   0.536536  -1.501189   0.000000                   0.0000               0.270833  -0.520833   0.000000
   0.536536  -1.596503   0.000000                   0.0000               0.270833  -0.562500   0.000000
   0.536536  -1.691817   0.000000                   0.0000               0.270833  -0.604167   0.000000
   0.536536  -1.787130   0.000000                   1.0000               0.270833  -0.645833   0.000000
   0.536536  -1.882444   0.000000                   0.0000               0.270833  -0.687500   0.000000
   0.536536  -1.977757   0.000000                   1.0000               0.270833  -0.729167   0.000000
   0.536536  -2.073071   0.000000                  -1.0000               0.270833  -0.770833   0.000000
   0.536536  -2.168385   0.000000                   0.0000               0.270833  -0.812500   0.000000
   0.536536  -2.263698   0.000000                  -1.0000               0.270833  -0.854167   0.000000
   0.536536  -2.359012   0.000000                   1.0000               0.270833  -0.895833   0.000000
   0.536536  -2.454325   0.000000                   0.0000               0.270833  -0.937500   0.000000
   0.536536  -2.549639   0.000000                   0.0000               0.270833  -0.979167   0.000000
   0.536536  -2.644953   0.000000                   1.0000               0.270833  -1.020833   0.000000
   0.536536  -2.740266   0.000000                   1.0000               0.270833  -1.062500   0.000000
   0.536536  -2.835580   0.000000                  -1.0000               0.270833  -1.104167   0.000000
   0.536536  -2.930893   0.000000                   0.0000               0.270833  -1.145833   0.000000
   0.536536  -3.026207   0.000000                   0.0000               0.270833  -1.187500   0.000000
   0.536536  -3.121521   0.000000                   0.0000               0.270833  -1.229167   0.000000
   0.536536  -3.216834   0.000000                   0.0000               0.270833  -1.270833   0.000000
   0.536536  -3.312148   0.000000                   0.0000               0.270833  -1.312500   0.000000
   0.536536  -3.407461   0.000000                  -1.0000               0.270833  -1.354167   0.000000
   0.536536  -3.502775   0.000000                   1.0000               0.270833  -1.395833   0.000000
   0.536536  -3.598089   0.000000                  -1.0000               0.270833  -1.437500   0.000000
   0.536536  -3.693402   0.000000                   0.0000               0.270833  -1.479167   0.000000
   0.453992   3.121521   0.000000                   0.0000               0.229167   1.479167   0.000000
   0.453992   3.026207   0.000000                   0.0000               0.229167   1.437500   0.000000
   0.453992   2.930893   0.000000                   0.0000               0.229167   1.395833   0.000000
   0.453992   2.835580   0.000000                   0.0000               0.229167   1.354167   0.000000
   0.453992   2.740266   0.000000                   0.0000               0.229167   1.312500   0.000000
   0.453992   2.644953   0.000000                  -1.0000               0.229167   1.270833   0.000000
   0.453992   2.549639   0.000000                   1.0000               0.229167   1.229167   0.000000
   0.453992   2.454325   0.000000                   0.0000               0.229167   1.187500   0.000000
   0.453992   2.359012   0.000000                   0.0000               0.229167   1.145833   0.000000
   0.453992   2.263698   0.000000                   0.0000               0.229167   1.104167   0.000000
   0.453992   2.168385   0.000000                  -0.0000               0.229167   1.062500   0.000000
   0.453992   2.073071   0.000000                   0.0000               0.229167   1.020833   0.000000
   0.453992   1.977757   0.000000                   0.0000               0.229167   0.979167   0.000000
   0.453992   1.882444   0.000000                   0.0000               0.229167   0.937500   0.000000
   0.453992   1.787130   0.000000                   0.0000               0.229167   0.895833   0.000000
   0.453992   1.691817   0.000000                   0.0000               0.229167   0.854167   0.000000
   0.453992   1.596503   0.000000                  -1.0000               0.229167   0.812500   0.000000
   0.453992   1.501189   0.000000                   0.0000               0.229167   0.770833   0.000000
   0.453992   1.405876   0.000000                   0.0000               0.229167   0.729167   0.000000
   0.453992   1.310562   0.000000                   0.0000               0.229167   0.687500   0.000000
   0.453992   1.215248   0.000000                   0.0000               0.229167   0.645833   0.000000
   0.453992   1.119935   0.000000                   0.0000               0.229167   0.604167   0.000000
   0.453992   1.024621   0.000000                   1.0000               0.229167   0.562500   0.000000
   0.453992   0.929308   0.000000                  -1.0000               0.229167   0.520833   0.000000
   0.453992   0.833994   0.000000                   0.0000               0.229167   0.479167   0.000000
   0.453992   0.738680   0.000000                   0.0000               0.229167   0.437500   0.000000
   0.453992   0.643367   0.000000                   0.0000               0.229167   0.395833   0.000000
   0.453992   0.548053   0.000000                   0.0000               0.229167   0.354167   0.000000
   0.453992   0.452740   0.000000                   0.0000               0.229167   0.312500   0.000000
   0.453992   0.357426   0.000000                  -1.0000               0.229167   0.270833   0.000000
   0.453992   0.262112   0.000000                   1.0000               0.229167   0.229167   0.000000
   0.453992   0.166799   0.000000                   0.0000               0.229167   0.187500   0.000000
   0.453992   0.071485   0.000000                   0.0000               0.229167   0.145833   0.000000
   0.453992  -0.023828   0.000000                   0.0000               0.229167   0.104167   0.000000
   0.453992  -0.119142   0.000000                  -0.0000               0.229167   0.062500   0.000000
   0.453992  -0.214456   0.000000                   0.0000               0.229167   0.020833   0.000000
   0.453992  -0.309769   0.000000                   0.0000               0.229167  -0.020833   0.000000
   0.453992  -0.405083   0.000000                   0.0000               0.229167  -0.062500   0.000000
   0.453992  -0.500396   0.000000                   0.0000               0.229167  -0.104167   0.000000
   0.453992  -0.595710   0.000000                   0.0000               0.229167  -0.145833   0.000000
   0.453992  -0.691024   0.000000                  -1.0000               0.229167  -0.187500   0.000000
   0.453992  -0.786337   0.000000                   0.0000               0.229167  -0.229167   0.000000
   0.453992  -0.881651   0.000000                   0.0000               0.229167  -0.270833   0.000000
   0.453992  -0.976964   0.000000                   0.0000               0.229167  -0.312500   0.000000
   0.453992  -1.072278   0.000000                   0.0000               0.229167  -0.354167   0.000000
   0.453992  -1.167592   0.000000                   0.0000               0.229167  -0.395833   0.000000
   0.453992  -1.262905   0.000000                   1.0000               0.229167  -0.437500   0.000000
   0.453992  -1.358219   0.000000                  -1.0000               0.229167  -0.479167   0.000000
   0.453992  -1.453532   0.000000                   0.0000               0.229167  -0.520833   0.000000
   0.453992  -1.548846   0.000000                   0.0000               0.229167  -0.562500   0.000000
   0.453992  -1.644160   0.000000                   0.0000               0.229167  -0.604167   0.000000
   0.453992  -1.739473   0.000000                   0.0000               0.229167  -0.645833   0.000000
   0.453992  -1.834787   0.000000                   0.0000               0.229167  -0.687500   0.000000
   0.453992  -1.930101   0.000000                  -1.0000               0.229167  -0.729167   0.000000
   0.453992  -2.025414   0.000000                   1.0000               0.229167  -0.770833   0.000000
   0.453992  -2.120728   0.000000                   0.0000               0.229167  -0.812500   0.000000
   0.453992  -2.216041   0.000000                   0.0000               0.229167  -0.854167   0.000000
   0.453992  -2.311355   0.000000                   0.0000               0.229167  -0.895833   0.000000
   0.453992  -2.406669   0.000000                  -0.0000               0.229167  -0.937500   0.000000
   0.453992  -2.501982   0.000000                   0.0000               0.229167  -0.979167   0.000000
   0.453992  -2.597296   0.000000                   0.0000               0.229167  -1.020833   0.000000
   0.453992  -2.692609   0.000000                   0.0000               0.229167  -1.062500   0.000000
   0.453992  -2.787923   0.000000                   0.0000               0.229167  -1.104167   0.000000
   0.453992  -2.883237   0.000000                   0.0000               0.229167  -1.145833   0.000000
   0.453992  -2.978550   0.000000                  -1.0000               0.229167  -1.187500   0.000000
   0.453992  -3.073864   0.000000                   0.0000               0.229167  -1.229167   0.000000
   0.453992  -3.169177   0.000000                   0.0000               0.229167  -1.270833   0.000000
   0.453992  -3.264491   0.000000                   0.0000               0.229167  -1.312500   0.000000
   0.453992  -3.359805   0.000000                   0.0000               0.229167  -1.354167   0.000000
   0.453992  -3.455118   0.000000                   0.0000               0.229167  -1.395833   0.000000
   0.453992  -3.550432   0.000000                   1.0000               0.229167  -1.437500   0.000000
   0.453992  -3.645745   0.000000                  -1.0000               0.229167  -1.479167   0.000000
   0.371448   3.169177   0.000000                   0.0000               0.187500   1.479167   0.000000
   0.371448   3.073864   0.000000                  -0.0000               0.187500   1.437500   0.000000
   0.371448   2.978550   0.000000                   0.0000               0.187500   1.395833   0.000000
   0.371448   2.883237   0.000000                  -1.0000               0.187500   1.354167   0.000000
   0.371448   2.787923   0.000000                   0.0000               0.187500   1.312500   0.000000
   0.371448   2.692609   0.000000                   0.0000               0.187500   1.270833   0.000000
   0.371448   2.597296   0.000000                   1.0000               0.187500   1.229167   0.000000
   0.371448   2.501982   0.000000                  -1.0000               0.187500   1.187500   0.000000
   0.371448   2.406669   0.000000                   1.0000               0.187500   1.145833   0.000000
   0.371448   2.311355   0.000000                   0.0000               0.187500   1.104167   0.000000
   0.371448   2.216041   0.000000                  -1.0000               0.187500   1.062500   0.000000
   0.371448   2.120728   0.000000                  -0.0000               0.187500   1.020833   0.000000
   0.371448   2.025414   0.000000                   0.0000               0.187500   0.979167   0.000000
   0.371448   1.930101   0.000000                   0.0000               0.187500   0.937500   0.000000
   0.371448   1.834787   0.000000                  -1.0000               0.187500   0.895833   0.000000
   0.371448   1.739473   0.000000                   0.0000               0.187500   0.854167   0.000000
   0.371448   1.644160   0.000000                   1.0000               0.187500   0.812500   0.000000
   0.371448   1.548846   0.000000                   0.0000               0.187500   0.770833   0.000000
   0.371448   1.453532   0.000000                   1.0000               0.187500   0.729167   0.000000
   0.371448   1.358219   0.000000                   0.0000               0.187500   0.687500   0.000000
   0.371448   1.262905   0.000000                   0.0000               0.187500   0.645833   0.000000
   0.371448   1.167592   0.000000                   0.0000               0.187500   0.604167   0.000000
   0.371448   1.072278   0.000000                  -0.0000               0.187500   0.562500   0.000000
   0.371448   0.976964   0.000000                   1.0000               0.187500   0.520833   0.000000
   0.371448   0.881651   0.000000                   0.0000               0.187500   0.479167   0.000000
   0.371448   0.786337   0.000000                  -0.0000               0.187500   0.437500   0.000000
   0.371448   0.691024   0.000000                   0.0000               0.187500   0.395833   0.000000
   0.371448   0.595710   0.000000                  -1.0000               0.187500   0.354167   0.000000
   0.371448   0.500396   0.000000                   0.0000               0.187500   0.312500   0.000000
   0.371448   0.405083   0.000000                   0.0000               0.187500   0.270833   0.000000
   0.371448   0.309769   0.000000                   1.0000               0.187500   0.229167   0.000000
   0.371448   0.214456   0.000000                  -1.0000               0.187500   0.187500   0.000000
   0.371448   0.119142   0.000000                   1.0000               0.187500   0.145833   0.000000
   0.371448   0.023828   0.000000                   0.0000               0.187500   0.104167   0.000000
   0.371448  -0.071485   0.000000                  -1.0000               0.187500   0.062500   0.000000
   0.371448  -0.166799   0.000000                  -0.0000               0.187500   0.020833   0.000000
   0.371448  -0.262112   0.000000                   0.0000               0.187500  -0.020833   0.000000
   0.371448  -0.357426   0.000000                   0.0000               0.187500  -0.062500   0.000000
   0.371448  -0.452740   0.000000                  -1.0000               0.187500  -0.104167   0.000000
   0.371448  -0.548053   0.000000                   0.0000               0.187500  -0.145833   0.000000
   0.371448  -0.643367   0.000000                   1.0000               0.187500  -0.187500   0.000000
   0.371448  -0.738680   0.000000                   0.0000               0.187500  -0.229167   0.000000
   0.371448  -0.833994   0.000000                   1.0000               0.187500  -0.270833   0.000000
   0.371448  -0.929308   0.000000                   0.0000               0.187500  -0.312500   0.000000
   0.371448  -1.024621   0.000000                   0.0000               0.187500  -0.354167   0.000000
   0.371448  -1.119935   0.000000                   0.0000               0.187500  -0.395833   0.000000
   0.371448  -1.215248   0.000000                  -0.0000               0.187500  -0.437500   0.000000
   0.371448  -1.310562   0.000000                   1.0000               0.187500  -0.479167   0.000000
   0.371448  -1.405876   0.000000                   0.0000               0.187500  -0.520833   0.000000
   0.371448  -1.501189   0.000000                  -0.0000               0.187500  -0.562500   0.000000
   0.371448  -1.596503   0.000000                   0.0000               0.187500  -0.604167   0.000000
   0.371448  -1.691817   0.000000                  -1.0000               0.187500  -0.645833   0.000000
   0.371448  -1.787130   0.000000                   0.0000               0.187500  -0.687500   0.000000
   0.371448  -1.882444   0.000000                   0.0000               0.187500  -0.729167   0.000000
   0.371448  -1.977757   0.000000                   1.0000               0.187500  -0.770833   0.000000
   0.371448  -2.073071   0.000000                  -1.0000               0.187500  -0.812500   0.000000
   0.371448  -2.168385   0.000000                   1.0000               0.187500  -0.854167   0.000000
   0.371448  -2.263698   0.000000                   0.0000               0.187500  -0.895833   0.000000
   0.371448  -2.359012   0.000000                  -1.0000               0.187500  -0.937500   0.000000
   0.371448  -2.454325   0.000000                  -0.0000               0.187500  -0.979167   0.000000
   0.371448  -2.549639   0.000000                   0.0000               0.187500  -1.020833   0.000000
   0.371448  -2.644953   0.000000                   0.0000               0.187500  -1.062500   0.000000
   0.371448  -2.740266   0.000000                  -1.0000               0.187500  -1.104167   0.000000
   0.371448  -2.835580   0.000000                   0.0000               0.187500  -1.145833   0.000000
   0.371448  -2.930893   0.000000                   1.0000               0.187500  -1.187500   0.000000
   0.371448  -3.026207   0.000000                   0.0000               0.187500  -1.229167   0.000000
   0.371448  -3.121521   0.000000                   1.0000               0.187500  -1.270833   0.000000
   0.371448  -3.216834   0.000000                   0.0000               0.187500  -1.312500   0.000000
   0.371448  -3.312148   0.000000                   0.0000               0.187500  -1.354167   0.000000
   0.371448  -3.407461   0.000000                   0.0000               0.187500  -1.395833   0.000000
   0.371448  -3.502775   0.000000                  -0.0000               0.187500  -1.437500   0.000000
   0.371448  -3.598089   0.000000                   1.0000               0.187500  -1.479167   0.000000
   0.288904   3.216834   0.000000                  -0.0000               0.145833   1.479167   0.000000
   0.288904   3.121521   0.000000                   0.0000               0.145833   1.437500   0.000000
   0.288904   3.026207   0.000000                   0.0000               0.145833   1.395833   0.000000
   0.288904   2.930893   0.000000                   0.0000               0.145833   1.354167   0.000000
   0.288904   2.835580   0.000000                   0.0000               0.145833   1.312500   0.000000
   0.288904   2.740266   0.000000                  -0.0000               0.145833   1.270833   0.000000
   0.288904   2.644953   0.000000                   0.0000               0.145833   1.229167   0.000000
   0.288904   2.549639   0.000000                   1.0000               0.145833   1.187500   0.000000
   0.288904   2.454325   0.000000                  -1.0000               0.145833   1.145833   0.000000
   0.288904   2.359012   0.000000                   0.0000               0.145833   1.104167   0.000000
   0.288904   2.263698   0.000000                   1.0000               0.145833   1.062500   0.000000
   0.288904   2.168385   0.000000                  -1.0000               0.145833   1.020833   0.000000
   0.288904   2.073071   0.000000                   0.0000               0.145833   0.979167   0.000000
   0.288904   1.977757   0.000000                   0.0000               0.145833   0.937500   0.000000
   0.288904   1.882444   0.000000                   0.0000               0.145833   0.895833   0.000000
   0.288904   1.787130   0.000000                   0.0000               0.145833   0.854167   0.000000
   0.288904   1.691817   0.000000                   0.0000               0.145833   0.812500   0.000000
   0.288904   1.596503   0.000000                   1.0000               0.145833   0.770833   0.000000
   0.288904   1.501189   0.000000                   0.0000               0.145833   0.729167   0.000000
   0.288904   1.405876   0.000000                   0.0000               0.145833   0.687500   0.000000
   0.288904   1.310562   0.000000                   0.0000               0.145833   0.645833   0.000000
   0.288904   1.215248   0.000000                  -1.0000               0.145833   0.604167   0.000000
   0.288904   1.119935   0.000000                   0.0000               0.145833   0.562500   0.000000
   0.288904   1.024621   0.000000                   0.0000               0.145833   0.520833   0.000000
   0.288904   0.929308   0.000000                  -0.0000               0.145833   0.479167   0.000000
   0.288904   0.833994   0.000000                   0.0000               0.145833   0.437500   0.000000
   0.288904   0.738680   0.000000                   0.0000               0.145833   0.395833   0.000000
   0.288904   0.643367   0.000000                   0.0000               0.145833   0.354167   0.000000
   0.288904   0.548053   0.000000                   0.0000               0.145833   0.312500   0.000000
   0.288904   0.452740   0.000000                  -0.0000               0.145833   0.270833   0.000000
   0.288904   0.357426   0.000000                   0.0000               0.145833   0.229167   0.000000
   0.288904   0.262112   0.000000                   1.0000               0.145833   0.187500   0.000000
   0.288904   0.166799   0.000000                  -1.0000               0.145833   0.145833   0.000000
   0.288904   0.071485   0.000000                   0.0000               0.145833   0.104167   0.000000
   0.288904  -0.023828   0.000000                   1.0000               0.145833   0.062500   0.000000
   0.288904  -0.119142   0.000000                  -1.0000               0.145833   0.020833   0.000000
   0.288904  -0.214456   0.000000                   0.0000               0.145833  -0.020833   0.000000
   0.288904  -0.309769   0.000000                   0.0000               0.145833  -0.062500   0.000000
   0.288904  -0.405083   0.000000                   0.0000               0.145833  -0.104167   0.000000
   0.288904  -0.500396   0.000000                   0.0000               0.145833  -0.145833   0.000000
   0.288904  -0.595710   0.000000                   0.0000               0.145833  -0.187500   0.000000
   0.288904  -0.691024   0.000000                   1.0000               0.145833  -0.229167   0.000000
   0.288904  -0.786337   0.000000                   0.0000               0.145833  -0.270833   0.000000
   0.288904  -0.881651   0.000000                   0.0000               0.145833  -0.312500   0.000000
   0.288904  -0.976964   0.000000                   0.0000               0.145833  -0.354167   0.000000
   0.288904  -1.072278   0.000000                  -1.0000               0.145833  -0.395833   0.000000
   0.288904  -1.167592   0.000000                   0.0000               0.145833  -0.437500   0.000000
   0.288904  -1.262905   0.000000                   0.0000               0.145833  -0.479167   0.000000
   0.288904  -1.358219   0.000000                  -0.0000               0.145833  -0.520833   0.000000
   0.288904  -1.453532   0.000000                   0.0000               0.145833  -0.562500   0.000000
   0.288904  -1.548846   0.000000                   0.0000               0.145833  -0.604167   0.000000
   0.288904  -1.644160   0.000000                   0.0000               0.145833  -0.645833   0.000000
   0.288904  -1.739473   0.000000                   0.0000               0.145833  -0.687500   0.000000
   0.288904  -1.834787   0.000000                  -0.0000               0.145833  -0.729167   0.000000
   0.288904  -1.930101   0.000000                   0.0000               0.145833  -0.770833   0.000000
   0.288904  -2.025414   0.000000                   1.0000               0.145833  -0.812500   0.000000
   0.288904  -2.120728   0.000000                  -1.0000               0.145833  -0.854167   0.000000
   0.288904  -2.216041   0.000000                   0.0000               0.145833  -0.895833   0.000000
   0.288904  -2.311355   0.000000                   1.0000               0.145833  -0.937500   0.000000
   0.288904  -2.406669   0.000000                  -1.0000               0.145833  -0.979167   0.000000
   0.288904  -2.501982   0.000000                   0.0000               0.145833  -1.020833   0.000000
   0.288904  -2.597296   0.000000                   0.0000               0.145833  -1.062500   0.000000
   0.288904  -2.692609   0.000000                   0.0000               0.145833  -1.104167   0.000000
   0.288904  -2.787923   0.000000                   0.0000               0.145833  -1.145833   0.000000
   0.288904  -2.883237   0.000000                   0.0000               0.145833  -1.187500   0.000000
   0.288904  -2.978550   0.000000                   1.0000               0.145833  -1.229167   0.000000
   0.288904  -3.073864   0.000000                   0.0000               0.145833  -1.270833   0.000000
   0.288904  -3.169177   0.000000                   0.0000               0.145833  -1.312500   0.000000
   0.288904  -3.264491   0.000000                   0.0000               0.145833  -1.354167   0.000000
   0.288904  -3.359805   0.000000                  -1.0000               0.145833  -1.395833   0.000000
   0.288904  -3.455118   0.000000                   0.0000               0.145833  -1.437500   0.000000
   0.288904  -3.550432   0.000000                   0.0000               0.145833  -1.479167   0.000000
   0.206360   3.264491   0.000000                   0.0000               0.104167   1.479167   0.000000
   0.206360   3.169177   0.000000                   0.0000               0.104167   1.437500   0.000000
   0.206360   3.073864   0.000000                   0.0000               0.104167   1.395833   0.000000
   0.206360   2.978550   0.000000                   1.0000               0.104167   1.354167   0.000000
   0.206360   2.883237   0.000000                   0.0000               0.104167   1.312500   0.000000
   0.206360   2.787923   0.000000                  -0.0000               0.104167   1.270833   0.000000
   0.206360   2.692609   0.000000                  -1.0000               0.104167   1.229167   0.000000
   0.206360   2.597296   0.000000                   1.0000               0.104167   1.187500   0.000000
   0.206360   2.501982   0.000000                  -1.0000               0.104167   1.145833   0.000000
   0.206360   2.406669   0.000000                   0.0000               0.104167   1.104167   0.000000
   0.206360   2.311355   0.000000                   0.0000               0.104167   1.062500   0.000000
   0.206360   2.216041   0.000000                   1.0000               0.104167   1.020833   0.000000
   0.206360   2.120728   0.000000                   1.0000               0.104167   0.979167   0.000000
   0.206360   2.025414   0.000000                   0.0000               0.104167   0.937500   0.000000
   0.206360   1.930101   0.000000                   0.0000               0.104167   0.895833   0.000000
   0.206360   1.834787   0.000000                   0.0000               0.104167   0.854167   0.000000
   0.206360   1.739473   0.000000                   0.0000               0.104167   0.812500   0.000000
   0.206360   1.644160   0.000000                  -1.0000               0.104167   0.770833   0.000000
   0.206360   1.548846   0.000000                   0.0000               0.104167   0.729167   0.000000
   0.206360   1.453532   0.000000                   0.0000               0.104167   0.687500   0.000000
   0.206360   1.358219   0.000000                   0.0000               0.104167   0.645833   0.000000
   0.206360   1.262905   0.000000                   0.0000               0.104167   0.604167   0.000000
   0.206360   1.167592   0.000000                  -1.0000               0.104167   0.562500   0.000000
   0.206360   1.072278   0.000000                   0.0000               0.104167   0.520833   0.000000
   0.206360   0.976964   0.000000                   0.0000               0.104167   0.479167   0.000000
   0.206360   0.881651   0.000000                   0.0000               0.104167   0.437500   0.000000
   0.206360   0.786337   0.000000                   0.0000               0.104167   0.395833   0.000000
   0.206360   0.691024   0.000000                   1.0000               0.104167   0.354167   0.000000
   0.206360   0.595710   0.000000                   0.0000               0.104167   0.312500   0.000000
   0.206360   0.500396   0.000000                  -0.0000               0.104167   0.270833   0.000000
   0.206360   0.405083   0.000000                  -1.0000               0.104167   0.229167   0.000000
   0.206360   0.309769   0.000000                   1.0000               0.104167   0.187500   0.000000
   0.206360   0.214456   0.000000                  -1.0000               0.104167   0.145833   0.000000
   0.206360   0.119142   0.000000                   0.0000               0.104167   0.104167   0.000000
   0.206360   0.023828   0.000000                   0.0000               0.104167   0.062500   0.000000
   0.206360  -0.071485   0.000000                   1.0000               0.104167   0.020833   0.000000
   0.206360  -0.166799   0.000000                   1.0000               0.104167  -0.020833   0.000000
   0.206360  -0.262112   0.000000                   0.0000               0.104167  -0.062500   0.000000
   0.206360  -0.357426   0.000000                   0.0000               0.104167  -0.104167   0.000000
   0.206360  -0.452740   0.000000                   0.0000               0.104167  -0.145833   0.000000
   0.206360  -0.548053   0.000000                   0.0000               0.104167  -0.187500   0.000000
   0.206360  -0.643367   0.000000                  -1.0000               0.104167  -0.229167   0.000000
   0.206360  -0.738680   0.000000                   0.0000               0.104167  -0.270833   0.000000
   0.206360  -0.833994   0.000000                   0.0000               0.104167  -0.312500   0.000000
   0.206360  -0.929308   0.000000                   0.0000               0.104167  -0.354167   0.000000
   0.206360  -1.024621   0.000000                   0.0000               0.104167  -0.395833   0.000000
   0.206360  -1.119935   0.000000                  -1.0000               0.104167  -0.437500   0.000000
   0.206360  -1.215248   0.000000                   0.0000               0.104167  -0.479167   0.000000
   0.206360  -1.310562   0.000000                   0.0000               0.104167  -0.520833   0.000000
   0.206360  -1.405876   0.000000                   0.0000               0.104167  -0.562500   0.000000
   0.206360  -1.501189   0.000000                   0.0000               0.104167  -0.604167   0.000000
   0.206360  -1.596503   0.000000                   1.0000               0.104167  -0.645833   0.000000
   0.206360  -1.691817   0.000000                   0.0000               0.104167  -0.687500   0.000000
   0.206360  -1.787130   0.000000                  -0.0000               0.104167  -0.729167   0.000000
   0.206360  -1.882444   0.000000                  -1.0000               0.104167  -0.770833   0.000000
   0.206360  -1.977757   0.000000                   1.0000               0.104167  -0.812500   0.000000
   0.206360  -2.073071   0.000000                  -1.0000               0.104167  -0.854167   0.000000
   0.206360  -2.168385   0.000000                   0.0000               0.104167  -0.895833   0.000000
   0.206360  -2.263698   0.000000                   0.0000               0.104167  -0.937500   0.000000
   0.206360  -2.359012   0.000000                   1.0000               0.104167  -0.979167   0.000000
   0.206360  -2.454325   0.000000                   1.0000               0.104167  -1.020833   0.000000
   0.206360  -2.549639   0.000000                   0.0000               0.104167  -1.062500   0.000000
   0.206360  -2.644953   0.000000                   0.0000               0.104167  -1.104167   0.000000
   0.206360  -2.740266   0.000000                   0.0000               0.104167  -1.145833   0.000000
   0.206360  -2.835580   0.000000                   0.0000               0.104167  -1.187500   0.000000
   0.206360  -2.930893   0.000000                  -1.0000               0.104167  -1.229167   0.000000
   0.206360  -3.026207   0.000000                   0.0000               0.104167  -1.270833   0.000000
   0.206360  -3.121521   0.000000                   0.0000               0.104167  -1.312500   0.000000
   0.206360  -3.216834   0.000000                   0.0000               0.104167  -1.354167   0.000000
   0.206360  -3.312148   0.000000                   0.0000               0.104167  -1.395833   0.000000
   0.206360  -3.407461   0.000000                  -1.0000               0.104167  -1.437500   0.000000
   0.206360  -3.502775   0.000000                   0.0000               0.104167  -1.479167   0.000000
   0.123816   3.312148   0.000000                   0.0000               0.062500   1.479167   0.000000
   0.123816   3.216834   0.000000                   0.0000               0.062500   1.437500   0.000000
   0.123816   3.121521   0.000000                   0.0000               0.062500   1.395833   0.000000
   0.123816   3.026207   0.000000                   0.0000               0.062500   1.354167   0.000000
   0.123816   2.930893   0.000000                  -1.0000               0.062500   1.312500   0.000000
   0.123816   2.835580   0.000000                  -1.0000               0.062500   1.270833   0.000000
   0.123816   2.740266   0.000000                   1.0000               0.062500   1.229167   0.000000
   0.123816   2.644953   0.000000                  -1.0000               0.062500   1.187500   0.000000
   0.123816   2.549639   0.000000                   1.0000               0.062500   1.145833   0.000000
   0.123816   2.454325   0.000000                   1.0000               0.062500   1.104167   0.000000
   0.123816   2.359012   0.000000                  -1.0000               0.062500   1.062500   0.000000
   0.123816   2.263698   0.000000                   0.0000               0.062500   1.020833   0.000000
   0.123816   2.168385   0.000000                  -1.0000               0.062500   0.979167   0.000000
   0.123816   2.073071   0.000000                   0.0000               0.062500   0.937500   0.000000
   0.123816   1.977757   0.000000                   0.0000               0.062500   0.895833   0.000000
   0.123816   1.882444   0.000000                  -1.0000               0.062500   0.854167   0.000000
   0.123816   1.787130   0.000000                   1.0000               0.062500   0.812500   0.000000
   0.123816   1.691817   0.000000                   0.0000               0.062500   0.770833   0.000000
   0.123816   1.596503   0.000000                   0.0000               0.062500   0.729167   0.000000
   0.123816   1.501189   0.000000                   0.0000               0.062500   0.687500   0.000000
   0.123816   1.405876   0.000000                   0.0000               0.062500   0.645833   0.000000
   0.123816   1.310562   0.000000                   0.0000               0.062500   0.604167   0.000000
   0.123816   1.215248   0.000000                   1.0000               0.062500   0.562500   0.000000
   0.123816   1.119935   0.000000                   0.0000               0.062500   0.520833   0.000000
   0.123816   1.024621   0.000000                   0.0000               0.062500   0.479167   0.000000
   0.123816   0.929308   0.000000                   0.0000               0.062500   0.437500   0.000000
   0.123816   0.833994   0.000000                   0.0000               0.062500   0.395833   0.000000
   0.123816   0.738680   0.000000                   0.0000               0.062500   0.354167   0.000000
   0.123816   0.643367   0.000000                  -1.0000               0.062500   0.312500   0.000000
   0.123816   0.548053   0.000000                  -1.0000               0.062500   0.270833   0.000000
   0.123816   0.452740   0.000000                   1.0000               0.062500   0.229167   0.000000
   0.123816   0.357426   0.000000                  -1.0000               0.062500   0.187500   0.000000
   0.123816   0.262112   0.000000                   1.0000               0.062500   0.145833   0.000000
   0.123816   0.166799   0.000000                   1.0000               0.062500   0.104167   0.000000
   0.123816   0.071485   0.000000                  -1.0000               0.062500   0.062500   0.000000
   0.123816  -0.023828   0.000000                   0.0000               0.062500   0.020833   0.000000
   0.123816  -0.119142   0.000000                  -1.0000               0.062500  -0.020833   0.000000
   0.123816  -0.214456   0.000000                   0.0000               0.062500  -0.062500   0.000000
   0.123816  -0.309769   0.000000                   0.0000               0.062500  -0.104167   0.000000
   0.123816  -0.405083   0.000000                  -1.0000               0.062500  -0.145833   0.000000
   0.123816  -0.500396   0.000000                   1.0000               0.062500  -0.187500   0.000000
   0.123816  -0.595710   0.000000                   0.0000               0.062500  -0.229167   0.000000
   0.123816  -0.691024   0.000000                   0.0000               0.062500  -0.270833   0.000000
   0.123816  -0.786337   0.000000                   0.0000               0.062500  -0.312500   0.000000
   0.123816  -0.881651   0.000000                   0.0000               0.062500  -0.354167   0.000000
   0.123816  -0.976964   0.000000                   0.0000               0.062500  -0.395833   0.000000
   0.123816  -1.072278   0.000000                   1.0000               0.062500  -0.437500   0.000000
   0.123816  -1.167592   0.000000                   0.0000               0.062500  -0.479167   0.000000
   0.123816  -1.262905   0.000000                   0.0000               0.062500  -0.520833   0.000000
   0.123816  -1.358219   0.000000                   0.0000               0.062500  -0.562500   0.000000
   0.123816  -1.453532   0.000000                   0.0000               0.062500  -0.604167   0.000000
   0.123816  -1.548846   0.000000                   0.0000               0.062500  -0.645833   0.000000
   0.123816  -1.644160   0.000000                  -1.0000               0.062500  -0.687500   0.000000
   0.123816  -1.739473   0.000000                  -1.0000               0.062500  -0.729167   0.000000
   0.123816  -1.834787   0.000000                   1.0000               0.062500  -0.770833   0.000000
   0.123816  -1.930101   0.000000                  -1.0000               0.062500  -0.812500   0.000000
   0.123816  -2.025414   0.000000                   1.0000               0.062500  -0.854167   0.000000
   0.123816  -2.120728   0.000000                   1.0000               0.062500  -0.895833   0.000000
   0.123816  -2.216041   0.000000                  -1.0000               0.062500  -0.937500   0.000000
   0.123816  -2.311355   0.000000                   0.0000               0.062500  -0.979167   0.000000
   0.123816  -2.406669   0.000000                  -1.0000               0.062500  -1.020833   0.000000
   0.123816  -2.501982   0.000000                   0.0000               0.062500  -1.062500   0.000000
   0.123816  -2.597296   0.000000                   0.0000               0.062500  -1.104167   0.000000
   0.123816  -2.692609   0.000000                  -1.0000               0.062500  -1.145833   0.000000
   0.123816  -2.787923   0.000000                   1.0000               0.062500  -1.187500   0.000000
   0.123816  -2.883237   0.000000                   0.0000               0.062500  -1.229167   0.000000
   0.123816  -2.978550   0.000000                   0.0000               0.062500  -1.270833   0.000000
   0.123816  -3.073864   0.000000                   0.0000               0.062500  -1.312500   0.000000
   0.123816  -3.169177   0.000000                   0.0000               0.062500  -1.354167   0.000000
   0.123816  -3.264491   0.000000                   0.0000               0.062500  -1.395833   0.000000
   0.123816  -3.359805   0.000000                   1.0000               0.062500  -1.437500   0.000000
   0.123816  -3.455118   0.000000                   0.0000               0.062500  -1.479167   0.000000
   0.041272   3.359805   0.000000                   0.0000               0.020833   1.479167   0.000000
   0.041272   3.264491   0.000000                   0.0000               0.020833   1.437500   0.000000
   0.041272   3.169177   0.000000                   0.0000               0.020833   1.395833   0.000000
   0.041272   3.073864   0.000000                  -0.0000               0.020833   1.354167   0.000000
   0.041272   2.978550   0.000000                   0.0000               0.020833   1.312500   0.000000
   0.041272   2.883237   0.000000                   0.0000               0.020833   1.270833   0.000000
   0.041272   2.787923   0.000000                   0.0000               0.020833   1.229167   0.000000
   0.041272   2.692609   0.000000                   0.0000               0.020833   1.187500   0.000000
   0.041272   2.597296   0.000000                   0.0000               0.020833   1.145833   0.000000
   0.041272   2.501982   0.000000                   0.0000               0.020833   1.104167   0.000000
   0.041272   2.406669   0.000000                   0.0000               0.020833   1.062500   0.000000
   0.041272   2.311355   0.000000                   0.0000               0.020833   1.020833   0.000000
   0.041272   2.216041   0.000000                   1.0000               0.020833   0.979167   0.000000
   0.041272   2.120728   0.000000                   0.0000               0.020833   0.937500   0.000000
   0.041272   2.025414   0.000000                   0.0000               0.020833   0.895833   0.000000
   0.041272   1.930101   0.000000                   0.0000               0.020833   0.854167   0.000000
   0.041272   1.834787   0.000000                   0.0000               0.020833   0.812500   0.000000
   0.041272   1.739473   0.000000                   0.0000               0.020833   0.770833   0.000000
   0.041272   1.644160   0.000000                   1.0000               0.020833   0.729167   0.000000
   0.041272   1.548846   0.000000                  -1.0000               0.020833   0.687500   0.000000
   0.041272   1.453532   0.000000                   1.0000               0.020833   0.645833   0.000000
   0.041272   1.358219   0.000000                  -1.0000               0.020833   0.604167   0.000000
   0.041272   1.262905   0.000000                   0.0000               0.020833   0.562500   0.000000
   0.041272   1.167592   0.000000                   0.0000               0.020833   0.520833   0.000000
   0.041272   1.072278   0.000000                   0.0000               0.020833   0.479167   0.000000
   0.041272   0.976964   0.000000                   0.0000               0.020833   0.437500   0.000000
   0.041272   0.881651   0.000000                   0.0000               0.020833   0.395833   0.000000
   0.041272   0.786337   0.000000                  -0.0000               0.020833   0.354167   0.000000
   0.041272   0.691024   0.000000                   0.0000               0.020833   0.312500   0.000000
   0.041272   0.595710   0.000000                   0.0000               0.020833   0.270833   0.000000
   0.041272   0.500396   0.000000                   0.0000               0.020833   0.229167   0.000000
   0.041272   0.405083   0.000000                   0.0000               0.020833   0.187500   0.000000
   0.041272   0.309769   0.000000                   0.0000               0.020833   0.145833   0.000000
   0.041272   0.214456   0.000000                   0.0000               0.020833   0.104167   0.000000
   0.041272   0.119142   0.000000                   0.0000               0.020833   0.062500   0.000000
   0.041272   0.023828   0.000000                   0.0000               0.020833   0.020833   0.000000
   0.041272  -0.071485   0.000000                   1.0000               0.020833  -0.020833   0.000000
   0.041272  -0.166799   0.000000                   0.0000               0.020833  -0.062500   0.000000
   0.041272  -0.262112   0.000000                   0.0000               0.020833  -0.104167   0.000000
   0.041272  -0.357426   0.000000                   0.0000               0.020833  -0.145833   0.000000
   0.041272  -0.452740   0.000000                   0.0000               0.020833  -0.187500   0.000000
   0.041272  -0.548053   0.000000                   0.0000               0.020833  -0.229167   0.000000
   0.041272  -0.643367   0.000000                   1.0000               0.020833  -0.270833   0.000000
   0.041272  -0.738680   0.000000                  -1.0000               0.020833  -0.312500   0.000000
   0.041272  -0.833994   0.000000                   1.0000               0.020833  -0.354167   0.000000
   0.041272  -0.929308   0.000000                  -1.0000               0.020833  -0.395833   0.000000
   0.041272  -1.024621   0.000000                   0.0000               0.020833  -0.437500   0.000000
   0.041272  -1.119935   0.000000                   0.0000               0.020833  -0.479167   0.000000
   0.041272  -1.215248   0.000000                   0.0000               0.020833  -0.520833   0.000000
   0.041272  -1.310562   0.000000                   0.0000               0.020833  -0.562500   0.000000
   0.041272  -1.405876   0.000000                   0.0000               0.020833  -0.604167   0.000000
   0.041272  -1.501189   0.000000                  -0.0000               0.020833  -0.645833   0.000000
   0.041272  -1.596503   0.000000                   0.0000               0.020833  -0.687500   0.000000
   0.041272  -1.691817   0.000000                   0.0000               0.020833  -0.729167   0.000000
   0.041272  -1.787130   0.000000                   0.0000               0.020833  -0.770833   0.000000
   0.041272  -1.882444   0.000000                   0.0000               0.020833  -0.812500   0.000000
   0.041272  -1.977757   0.000000                   0.0000               0.020833  -0.854167   0.000000
   0.041272  -2.073071   0.000000                   0.0000               0.020833  -0.895833   0.000000
   0.041272  -2.168385   0.000000                   0.0000               0.020833  -0.937500   0.000000
   0.041272  -2.263698   0.000000                   0.0000               0.020833  -0.979167   0.000000
   0.041272  -2.359012   0.000000                   1.0000               0.020833  -1.020833   0.000000
   0.041272  -2.454325   0.000000                   0.0000               0.020833  -1.062500   0.000000
   0.041272  -2.549639   0.000000                   0.0000               0.020833  -1.104167   0.000000
   0.041272  -2.644953   0.000000                   0.0000               0.020833  -1.145833   0.000000
   0.041272  -2.740266   0.000000                   0.0000               0.020833  -1.187500   0.000000
   0.041272  -2.835580   0.000000                   0.0000               0.020833  -1.229167   0.000000
   0.041272  -2.930893   0.000000                   1.0000               0.020833  -1.270833   0.000000
   0.041272  -3.026207   0.000000                  -1.0000               0.020833  -1.312500   0.000000
   0.041272  -3.121521   0.000000                   1.0000               0.020833  -1.354167   0.000000
   0.041272  -3.216834   0.000000                  -1.0000               0.020833  -1.395833   0.000000
   0.041272  -3.312148   0.000000                   0.0000               0.020833  -1.437500   0.000000
   0.041272  -3.407461   0.000000                   0.0000               0.020833  -1.479167   0.000000
  -0.041272   3.407461   0.000000                   0.0000              -0.020833   1.479167   0.000000
  -0.041272   3.312148   0.000000                   0.0000              -0.020833   1.437500   0.000000
  -0.041272   3.216834   0.000000                   1.0000              -0.020833   1.395833   0.000000
  -0.041272   3.121521   0.000000                  -1.0000              -0.020833   1.354167   0.000000
  -0.041272   3.026207   0.000000                   1.0000              -0.020833   1.312500   0.000000
  -0.041272   2.930893   0.000000                  -1.0000              -0.020833   1.270833   0.000000
  -0.041272   2.835580   0.000000                   0.0000              -0.020833   1.229167   0.000000
  -0.041272   2.740266   0.000000                   0.0000              -0.020833   1.187500   0.000000
  -0.041272   2.644953   0.000000                   0.0000              -0.020833   1.145833   0.000000
  -0.041272   2.549639   0.000000                   0.0000              -0.020833   1.104167   0.000000
  -0.041272   2.454325   0.000000                   0.0000              -0.020833   1.062500   0.000000
  -0.041272   2.359012   0.000000                  -1.0000              -0.020833   1.020833   0.000000
  -0.041272   2.263698   0.000000                   0.0000              -0.020833   0.979167   0.000000
  -0.041272   2.168385   0.000000                   0.0000              -0.020833   0.937500   0.000000
  -0.041272   2.073071   0.000000                   0.0000              -0.020833   0.895833   0.000000
  -0.041272   1.977757   0.000000                   0.0000              -0.020833   0.854167   0.000000
  -0.041272   1.882444   0.000000                   0.0000              -0.020833   0.812500   0.000000
  -0.041272   1.787130   0.000000                   0.0000              -0.020833   0.770833   0.000000
  -0.041272   1.691817   0.000000                   0.0000              -0.020833   0.729167   0.000000
  -0.041272   1.596503   0.000000                   0.0000              -0.020833   0.687500   0.000000
  -0.041272   1.501189   0.000000                  -0.0000              -0.020833   0.645833   0.000000
  -0.041272   1.405876   0.000000                   0.0000              -0.020833   0.604167   0.000000
  -0.041272   1.310562   0.000000                   0.0000              -0.020833   0.562500   0.000000
  -0.041272   1.215248   0.000000                   0.0000              -0.020833   0.520833   0.000000
  -0.041272   1.119935   0.000000                   0.0000              -0.020833   0.479167   0.000000
  -0.041272   1.024621   0.000000                   0.0000              -0.020833   0.437500   0.000000
  -0.041272   0.929308   0.000000                   1.0000              -0.020833   0.395833   0.000000
  -0.041272   0.833994   0.000000                  -1.0000              -0.020833   0.354167   0.000000
  -0.041272   0.738680   0.000000                   1.0000              -0.020833   0.312500   0.000000
  -0.041272   0.643367   0.000000                  -1.0000              -0.020833   0.270833   0.000000
  -0.041272   0.548053   0.000000                   0.0000              -0.020833   0.229167   0.000000
  -0.041272   0.452740   0.000000                   0.0000              -0.020833   0.187500   0.000000
  -0.041272   0.357426   0.000000                   0.0000              -0.020833   0.145833   0.000000
  -0.041272   0.262112   0.000000                   0.0000              -0.020833   0.104167   0.000000
  -0.041272   0.166799   0.000000                   0.0000              -0.020833   0.062500   0.000000
  -0.041272   0.071485   0.000000                  -1.0000              -0.020833   0.020833   0.000000
  -0.041272  -0.023828   0.000000                   0.0000              -0.020833  -0.020833   0.000000
  -0.041272  -0.119142   0.000000                   0.0000              -0.020833  -0.062500   0.000000
  -0.041272  -0.214456   0.000000                   0.0000              -0.020833  -0.104167   0.000000
  -0.041272  -0.309769   0.000000                   0.0000              -0.020833  -0.145833   0.000000
  -0.041272  -0.405083   0.000000                   0.0000              -0.020833  -0.187500   0.000000
  -0.041272  -0.500396   0.000000                   0.0000              -0.020833  -0.229167   0.000000
  -0.041272  -0.595710   0.000000                   0.0000              -0.020833  -0.270833   0.000000
  -0.041272  -0.691024   0.000000                   0.0000              -0.020833  -0.312500   0.000000
  -0.041272  -0.786337   0.000000                  -0.0000              -0.020833  -0.354167   0.000000
  -0.041272  -0.881651   0.000000                   0.0000              -0.020833  -0.395833   0.000000
  -0.041272  -0.976964   0.000000                   0.0000              -0.020833  -0.437500   0.000000
  -0.041272  -1.072278   0.000000                   0.0000              -0.020833  -0.479167   0.000000
  -0.041272  -1.167592   0.000000                   0.0000              -0.020833  -0.520833   0.000000
  -0.041272  -1.262905   0.000000                   0.0000              -0.020833  -0.562500   0.000000
  -0.041272  -1.358219   0.000000                   1.0000              -0.020833  -0.604167   0.000000
  -0.041272  -1.453532   0.000000                  -1.0000              -0.020833  -0.645833   0.000000
  -0.041272  -1.548846   0.000000                   1.0000              -0.020833  -0.687500   0.000000
  -0.041272  -1.644160   0.000000                  -1.0000              -0.020833  -0.729167   0.000000
  -0.041272  -1.739473   0.000000                   0.0000              -0.020833  -0.770833   0.000000
  -0.041272  -1.834787   0.000000                   0.0000              -0.020833  -0.812500   0.000000
  -0.041272  -1.930101   0.000000                   0.0000              -0.020833  -0.854167   0.000000
  -0.041272  -2.025414   0.000000                   0.0000              -0.020833  -0.895833   0.000000
  -0.041272  -2.120728   0.000000                   0.0000              -0.020833  -0.937500   0.000000
  -0.041272  -2.216041   0.000000                  -1.0000              -0.020833  -0.979167   0.000000
  -0.041272  -2.311355   0.000000                   0.0000              -0.020833  -1.020833   0.000000
  -0.041272  -2.406669   0.000000                   0.0000              -0.020833  -1.062500   0.000000
  -0.041272  -2.501982   0.000000                   0.0000              -0.020833  -1.104167   0.000000
  -0.041272  -2.597296   0.000000                   0.0000              -0.020833  -1.145833   0.000000
  -0.041272  -2.692609   0.000000                   0.0000              -0.020833  -1.187500   0.000000
  -0.041272  -2.787923   0.000000                   0.0000              -0.020833  -1.229167   0.000000
  -0.041272  -2.883237   0.000000                   0.0000              -0.020833  -1.270833   0.000000
  -0.041272  -2.978550   0.000000                   0.0000              -0.020833  -1.312500   0.000000
  -0.041272  -3.073864   0.000000                  -0.0000              -0.020833  -1.354167   0.000000
  -0.041272  -3.169177   0.000000                   0.0000              -0.020833  -1.395833   0.000000
  -0.041272  -3.264491   0.000000                   0.0000              -0.020833  -1.437500   0.000000
  -0.041272  -3.359805   0.000000                   0.0000              -0.020833  -1.479167   0.000000
  -0.123816   3.455118   0.000000                   0.0000              -0.062500   1.479167   0.000000
  -0.123816   3.359805   0.000000                  -1.0000              -0.062500   1.437500   0.000000
  -0.123816   3.264491   0.000000                   0.0000              -0.062500   1.395833   0.000000
  -0.123816   3.169177   0.000000                   0.0000              -0.062500   1.354167   0.000000
  -0.123816   3.073864   0.000000                   0.0000              -0.062500   1.312500   0.000000
  -0.123816   2.978550   0.000000                  -0.0000              -0.062500   1.270833   0.000000
  -0.123816   2.883237   0.000000                   0.0000              -0.062500   1.229167   0.000000
  -0.123816   2.787923   0.000000                  -1.0000              -0.062500   1.187500   0.000000
  -0.123816   2.692609   0.000000                   1.0000              -0.062500   1.145833   0.000000
  -0.123816   2.597296   0.000000                   0.0000              -0.062500   1.104167   0.000000
  -0.123816   2.501982   0.000000                   0.0000              -0.062500   1.062500   0.000000
  -0.123816   2.406669   0.000000                   1.0000              -0.062500   1.020833   0.000000
  -0.123816   2.311355   0.000000                  -0.0000              -0.062500   0.979167   0.000000
  -0.123816   2.216041   0.000000                   1.0000              -0.062500   0.937500   0.000000
  -0.123816   2.120728   0.000000                  -1.0000              -0.062500   0.895833   0.000000
  -0.123816   2.025414   0.000000                  -1.0000              -0.062500   0.854167   0.000000
  -0.123816   1.930101   0.000000                   1.0000              -0.062500   0.812500   0.000000
  -0.123816   1.834787   0.000000                  -1.0000              -0.062500   0.770833   0.000000
  -0.123816   1.739473   0.000000                   1.0000              -0.062500   0.729167   0.000000
  -0.123816   1.644160   0.000000                   1.0000              -0.062500   0.687500   0.000000
  -0.123816   1.548846   0.000000                   0.0000              -0.062500   0.645833   0.000000
  -0.123816   1.453532   0.000000                   0.0000              -0.062500   0.604167   0.000000
  -0.123816   1.358219   0.000000                   0.0000              -0.062500   0.562500   0.000000
  -0.123816   1.262905   0.000000                   0.0000              -0.062500   0.520833   0.000000
  -0.123816   1.167592   0.000000                   0.0000              -0.062500   0.479167   0.000000
  -0.123816   1.072278   0.000000                  -1.0000              -0.062500   0.437500   0.000000
  -0.123816   0.976964   0.000000                   0.0000              -0.062500   0.395833   0.000000
  -0.123816   0.881651   0.000000                   0.0000              -0.062500   0.354167   0.000000
  -0.123816   0.786337   0.000000                   0.0000              -0.062500   0.312500   0.000000
  -0.123816   0.691024   0.000000                  -0.0000              -0.062500   0.270833   0.000000
  -0.123816   0.595710   0.000000                   0.0000              -0.062500   0.229167   0.000000
  -0.123816   0.500396   0.000000                  -1.0000              -0.062500   0.187500   0.000000
  -0.123816   0.405083   0.000000                   1.0000              -0.062500   0.145833   0.000000
  -0.123816   0.309769   0.000000                   0.0000              -0.062500   0.104167   0.000000
  -0.123816   0.214456   0.000000                   0.0000              -0.062500   0.062500   0.000000
  -0.123816   0.119142   0.000000                   1.0000              -0.062500   0.020833   0.000000
  -0.123816   0.023828   0.000000                  -0.0000              -0.062500  -0.020833   0.000000
  -0.123816  -0.071485   0.000000                   1.0000              -0.062500  -0.062500   0.000000
  -0.123816  -0.166799   0.000000                  -1.0000              -0.062500  -0.104167   0.000000
  -0.123816  -0.262112   0.000000                  -1.0000              -0.062500  -0.145833   0.000000
  -0.123816  -0.357426   0.000000                   1.0000              -0.062500  -0.187500   0.000000
  -0.123816  -0.452740   0.000000                  -1.0000              -0.062500  -0.229167   0.000000
  -0.123816  -0.548053   0.000000                   1.0000              -0.062500  -0.270833   0.000000
  -0.123816  -0.643367   0.000000                   1.0000              -0.062500  -0.312500   0.000000
  -0.123816  -0.738680   0.000000                   0.0000              -0.062500  -0.354167   0.000000
  -0.123816  -0.833994   0.000000                   0.0000              -0.062500  -0.395833   0.000000
  -0.123816  -0.929308   0.000000                   0.0000              -0.062500  -0.437500   0.000000
  -0.123816  -1.024621   0.000000                   0.0000              -0.062500  -0.479167   0.000000
  -0.123816  -1.119935   0.000000                   0.0000              -0.062500  -0.520833   0.000000
  -0.123816  -1.215248   0.000000                  -1.0000              -0.062500  -0.562500   0.000000
  -0.123816  -1.310562   0.000000                   0.0000              -0.062500  -0.604167   0.000000
  -0.123816  -1.405876   0.000000                   0.0000              -0.062500  -0.645833   0.000000
  -0.123816  -1.501189   0.000000                   0.0000              -0.062500  -0.687500   0.000000
  -0.123816  -1.596503   0.000000                  -0.0000              -0.062500  -0.729167   0.000000
  -0.123816  -1.691817   0.000000                   0.0000              -0.062500  -0.770833   0.000000
  -0.123816  -1.787130   0.000000                  -1.0000              -0.062500  -0.812500   0.000000
  -0.123816  -1.882444   0.000000                   1.0000              -0.062500  -0.854167   0.000000
  -0.123816  -1.977757   0.000000                   0.0000              -0.062500  -0.895833   0.000000
  -0.123816  -2.073071   0.000000                   0.0000              -0.062500  -0.937500   0.000000
  -0.123816  -2.168385   0.000000                   1.0000              -0.062500  -0.979167   0.000000
  -0.123816  -2.263698   0.000000                  -0.0000              -0.062500  -1.020833   0.000000
  -0.123816  -2.359012   0.000000                   1.0000              -0.062500  -1.062500   0.000000
  -0.123816  -2.454325   0.000000                  -1.0000              -0.062500  -1.104167   0.000000
  -0.123816  -2.549639   0.000000                  -1.0000              -0.062500  -1.145833   0.000000
  -0.123816  -2.644953   0.000000                   1.0000              -0.062500  -1.187500   0.000000
  -0.123816  -2.740266   0.000000                  -1.0000              -0.062500  -1.229167   0.000000
  -0.123816  -2.835580   0.000000                   1.0000              -0.062500  -1.270833   0.000000
  -0.123816  -2.930893   0.000000                   1.0000              -0.062500  -1.312500   0.000000
  -0.123816  -3.026207   0.000000                   0.0000              -0.062500  -1.354167   0.000000
  -0.123816  -3.121521   0.000000                   0.0000              -0.062500  -1.395833   0.000000
  -0.123816  -3.216834   0.000000                   0.0000              -0.062500  -1.437500   0.000000
  -0.123816  -3.312148   0.000000                   0.0000              -0.062500  -1.479167   0.000000
  -0.206360   3.502775   0.000000                   0.0000              -0.104167   1.479167   0.000000
  -0.206360   3.407461   0.000000                   1.0000              -0.104167   1.437500   0.000000
  -0.206360   3.312148   0.000000                   0.0000              -0.104167   1.395833   0.000000
  -0.206360   3.216834   0.000000                   0.0000              -0.104167   1.354167   0.000000
  -0.206360   3.121521   0.000000                  -0.0000              -0.104167   1.312500   0.000000
  -0.206360   3.026207   0.000000                   0.0000              -0.104167   1.270833   0.000000
  -0.206360   2.930893   0.000000                   1.0000              -0.104167   1.229167   0.000000
  -0.206360   2.835580   0.000000                   0.0000              -0.104167   1.187500   0.000000
  -0.206360   2.740266   0.000000                   0.0000              -0.104167   1.145833   0.000000
  -0.206360   2.644953   0.000000                   0.0000              -0.104167   1.104167   0.000000
  -0.206360   2.549639   0.000000                  -0.0000              -0.104167   1.062500   0.000000
  -0.206360   2.454325   0.000000                  -1.0000              -0.104167   1.020833   0.000000
  -0.206360   2.359012   0.000000                  -1.0000              -0.104167   0.979167   0.000000
  -0.206360   2.263698   0.000000                   0.0000              -0.104167   0.937500   0.000000
  -0.206360   2.168385   0.000000                   0.0000              -0.104167   0.895833   0.000000
  -0.206360   2.073071   0.000000                   1.0000              -0.104167   0.854167   0.000000
  -0.206360   1.977757   0.000000                  -1.0000              -0.104167   0.812500   0.000000
  -0.206360   1.882444   0.000000                   1.0000              -0.104167   0.770833   0.000000
  -0.206360   1.787130   0.000000                   0.0000              -0.104167   0.729167   0.000000
  -0.206360   1.691817   0.000000                   0.0000              -0.104167   0.687500   0.000000
  -0.206360   1.596503   0.000000                  -1.0000              -0.104167   0.645833   0.000000
  -0.206360   1.501189   0.000000                   0.0000              -0.104167   0.604167   0.000000
  -0.206360   1.405876   0.000000                   0.0000              -0.104167   0.562500   0.000000
  -0.206360   1.310562   0.000000                   0.0000              -0.104167   0.520833   0.000000
  -0.206360   1.215248   0.000000                   0.0000              -0.104167   0.479167   0.000000
  -0.206360   1.119935   0.000000                   1.0000              -0.104167   0.437500   0.000000
  -0.206360   1.024621   0.000000                   0.0000              -0.104167   0.395833   0.000000
  -0.206360   0.929308   0.000000                   0.0000              -0.104167   0.354167   0.000000
  -0.206360   0.833994   0.000000                  -0.0000              -0.104167   0.312500   0.000000
  -0.206360   0.738680   0.000000                   0.0000              -0.104167   0.270833   0.000000
  -0.206360   0.643367   0.000000                   1.0000              -0.104167   0.229167   0.000000
  -0.206360   0.548053   0.000000                   0.0000              -0.104167   0.187500   0.000000
  -0.206360   0.452740   0.000000                   0.0000              -0.104167   0.145833   0.000000
  -0.206360   0.357426   0.000000                   0.0000              -0.104167   0.104167   0.000000
  -0.206360   0.262112   0.000000                  -0.0000              -0.104167   0.062500   0.000000
  -0.206360   0.166799   0.000000                  -1.0000              -0.104167   0.020833   0.000000
  -0.206360   0.071485   0.000000                  -1.0000              -0.104167  -0.020833   0.000000
  -0.206360  -0.023828   0.000000                   0.0000              -0.104167  -0.062500   0.000000
  -0.206360  -0.119142   0.000000                   0.0000              -0.104167  -0.104167   0.000000
  -0.206360  -0.214456   0.000000                   1.0000              -0.104167  -0.145833   0.000000
  -0.206360  -0.309769   0.000000                  -1.0000              -0.104167  -0.187500   0.000000
  -0.206360  -0.405083   0.000000                   1.0000              -0.104167  -0.229167   0.000000
  -0.206360  -0.500396   0.000000                   0.0000              -0.104167  -0.270833   0.000000
  -0.206360  -0.595710   0.000000                   0.0000              -0.104167  -0.312500   0.000000
  -0.206360  -0.691024   0.000000                  -1.0000              -0.104167  -0.354167   0.000000
  -0.206360  -0.786337   0.000000                   0.0000              -0.104167  -0.395833   0.000000
  -0.206360  -0.881651   0.000000                   0.0000              -0.104167  -0.437500   0.000000
  -0.206360  -0.976964   0.000000                   0.0000              -0.104167  -0.479167   0.000000
  -0.206360  -1.072278   0.000000                   0.0000              -0.104167  -0.520833   0.000000
  -0.206360  -1.167592   0.000000                   1.0000              -0.104167  -0.562500   0.000000
  -0.206360  -1.262905   0.000000                   0.0000              -0.104167  -0.604167   0.000000
  -0.206360  -1.358219   0.000000                   0.0000              -0.104167  -0.645833   0.000000
  -0.206360  -1.453532   0.000000                  -0.0000              -0.104167  -0.687500   0.000000
  -0.206360  -1.548846   0.000000                   0.0000              -0.104167  -0.729167   0.000000
  -0.206360  -1.644160   0.000000                   1.0000              -0.104167  -0.770833   0.000000
  -0.206360  -1.739473   0.000000                   0.0000              -0.104167  -0.812500   0.000000
  -0.206360  -1.834787   0.000000                   0.0000              -0.104167  -0.854167   0.000000
  -0.206360  -1.930101   0.000000                   0.0000              -0.104167  -0.895833   0.000000
  -0.206360  -2.025414   0.000000                  -0.0000              -0.104167  -0.937500   0.000000
  -0.206360  -2.120728   0.000000                  -1.0000              -0.104167  -0.979167   0.000000
  -0.206360  -2.216041   0.000000                  -1.0000              -0.104167  -1.020833   0.000000
  -0.206360  -2.311355   0.000000                   0.0000              -0.104167  -1.062500   0.000000
  -0.206360  -2.406669   0.000000                   0.0000              -0.104167  -1.104167   0.000000
  -0.206360  -2.501982   0.000000                   1.0000              -0.104167  -1.145833   0.000000
  -0.206360  -2.597296   0.000000                  -1.0000              -0.104167  -1.187500   0.000000
  -0.206360  -2.692609   0.000000                   1.0000              -0.104167  -1.229167   0.000000
  -0.206360  -2.787923   0.000000                   0.0000              -0.104167  -1.270833   0.000000
  -0.206360  -2.883237   0.000000                   0.0000              -0.104167  -1.312500   0.000000
  -0.206360  -2.978550   0.000000                  -1.0000              -0.104167  -1.354167   0.000000
  -0.206360  -3.073864   0.000000                   0.0000              -0.104167  -1.395833   0.000000
  -0.206360  -3.169177   0.000000                   0.0000              -0.104167  -1.437500   0.000000
  -0.206360  -3.264491   0.000000                   0.0000              -0.104167  -1.479167   0.000000
  -0.288904   3.550432   0.000000                   0.0000              -0.145833   1.479167   0.000000
  -0.288904   3.455118   0.000000                   0.0000              -0.145833   1.437500   0.000000
  -0.288904   3.359805   0.000000                   1.0000              -0.145833   1.395833   0.000000
  -0.288904   3.264491   0.000000                   0.0000              -0.145833   1.354167   0.000000
  -0.288904   3.169177   0.000000                  -0.0000              -0.145833   1.312500   0.000000
  -0.288904   3.073864   0.000000                   0.0000              -0.145833   1.270833   0.000000
  -0.288904   2.978550   0.000000                  -1.0000              -0.145833   1.229167   0.000000
  -0.288904   2.883237   0.000000                   0.0000              -0.145833   1.187500   0.000000
  -0.288904   2.787923   0.000000                  -0.0000              -0.145833   1.145833   0.000000
  -0.288904   2.692609   0.000000                   0.0000              -0.145833   1.104167   0.000000
  -0.288904   2.597296   0.000000                   0.0000              -0.145833   1.062500   0.000000
  -0.288904   2.501982   0.000000                   0.0000              -0.145833   1.020833   0.000000
  -0.288904   2.406669   0.000000                   1.0000              -0.145833   0.979167   0.000000
  -0.288904   2.311355   0.000000                  -1.0000              -0.145833   0.937500   0.000000
  -0.288904   2.216041   0.000000                   0.0000              -0.145833   0.895833   0.000000
  -0.288904   2.120728   0.000000                   1.0000              -0.145833   0.854167   0.000000
  -0.288904   2.025414   0.000000                  -1.0000              -0.145833   0.812500   0.000000
  -0.288904   1.930101   0.000000                   0.0000              -0.145833   0.770833   0.000000
  -0.288904   1.834787   0.000000                  -0.0000              -0.145833   0.729167   0.000000
  -0.288904   1.739473   0.000000                   0.0000              -0.145833   0.687500   0.000000
  -0.288904   1.644160   0.000000                   0.0000              -0.145833   0.645833   0.000000
  -0.288904   1.548846   0.000000                  -0.0000              -0.145833   0.604167   0.000000
  -0.288904   1.453532   0.000000                   0.0000              -0.145833   0.562500   0.000000
  -0.288904   1.358219   0.000000                   0.0000              -0.145833   0.520833   0.000000
  -0.288904   1.262905   0.000000                   0.0000              -0.145833   0.479167   0.000000
  -0.288904   1.167592   0.000000                   0.0000              -0.145833   0.437500   0.000000
  -0.288904   1.072278   0.000000                   1.0000              -0.145833   0.395833   0.000000
  -0.288904   0.976964   0.000000                   0.0000              -0.145833   0.354167   0.000000
  -0.288904   0.881651   0.000000                  -0.0000              -0.145833   0.312500   0.000000
  -0.288904   0.786337   0.000000                   0.0000              -0.145833   0.270833   0.000000
  -0.288904   0.691024   0.000000                  -1.0000              -0.145833   0.229167   0.000000
  -0.288904   0.595710   0.000000                   0.0000              -0.145833   0.187500   0.000000
  -0.288904   0.500396   0.000000                  -0.0000              -0.145833   0.145833   0.000000
  -0.288904   0.405083   0.000000                   0.0000              -0.145833   0.104167   0.000000
  -0.288904   0.309769   0.000000                   0.0000              -0.145833   0.062500   0.000000
  -0.288904   0.214456   0.000000                   0.0000              -0.145833   0.020833   0.000000
  -0.288904   0.119142   0.000000                   1.0000              -0.145833  -0.020833   0.000000
  -0.288904   0.023828   0.000000                  -1.0000              -0.145833  -0.062500   0.000000
  -0.288904  -0.071485   0.000000                   0.0000              -0.145833  -0.104167   0.000000
  -0.288904  -0.166799   0.000000                   1.0000              -0.145833  -0.145833   0.000000
  -0.288904  -0.262112   0.000000                  -1.0000              -0.145833  -0.187500   0.000000
  -0.288904  -0.357426   0.000000                   0.0000              -0.145833  -0.229167   0.000000
  -0.288904  -0.452740   0.000000                  -0.0000              -0.145833  -0.270833   0.000000
  -0.288904  -0.548053   0.000000                   0.0000              -0.145833  -0.312500   0.000000
  -0.288904  -0.643367   0.000000                   0.0000              -0.145833  -0.354167   0.000000
  -0.288904  -0.738680   0.000000                  -0.0000              -0.145833  -0.395833   0.000000
  -0.288904  -0.833994   0.000000                   0.0000              -0.145833  -0.437500   0.000000
  -0.288904  -0.929308   0.000000                   0.0000              -0.145833  -0.479167   0.000000
  -0.288904  -1.024621   0.000000                   0.0000              -0.145833  -0.520833   0.000000
  -0.288904  -1.119935   0.000000                   0.0000              -0.145833  -0.562500   0.000000
  -0.288904  -1.215248   0.000000                   1.0000              -0.145833  -0.604167   0.000000
  -0.288904  -1.310562   0.000000                   0.0000              -0.145833  -0.645833   0.000000
  -0.288904  -1.405876   0.000000                  -0.0000              -0.145833  -0.687500   0.000000
  -0.288904  -1.501189   0.000000                   0.0000              -0.145833  -0.729167   0.000000
  -0.288904  -1.596503   0.000000                  -1.0000              -0.145833  -0.770833   0.000000
  -0.288904  -1.691817   0.000000                   0.0000              -0.145833  -0.812500   0.000000
  -0.288904  -1.787130   0.000000                  -0.0000              -0.145833  -0.854167   0.000000
  -0.288904  -1.882444   0.000000                   0.0000              -0.145833  -0.895833   0.000000
  -0.288904  -1.977757   0.000000                   0.0000              -0.145833  -0.937500   0.000000
  -0.288904  -2.073071   0.000000                   0.0000              -0.145833  -0.979167   0.000000
  -0.288904  -2.168385   0.000000                   1.0000              -0.145833  -1.020833   0.000000
  -0.288904  -2.263698   0.000000                  -1.0000              -0.145833  -1.062500   0.000000
  -0.288904  -2.359012   0.000000                   0.0000              -0.145833  -1.104167   0.000000
  -0.288904  -2.454325   0.000000                   1.0000              -0.145833  -1.145833   0.000000
  -0.288904  -2.549639   0.000000                  -1.0000              -0.145833  -1.187500   0.000000
  -0.288904  -2.644953   0.000000                   0.0000              -0.145833  -1.229167   0.000000
  -0.288904  -2.740266   0.000000                  -0.0000              -0.145833  -1.270833   0.000000
  -0.288904  -2.835580   0.000000                   0.0000              -0.145833  -1.312500   0.000000
  -0.288904  -2.930893   0.000000                   0.0000              -0.145833  -1.354167   0.000000
  -0.288904  -3.026207   0.000000                  -0.0000              -0.145833  -1.395833   0.000000
  -0.288904  -3.121521   0.000000                   0.0000              -0.145833  -1.437500   0.000000
  -0.288904  -3.216834   0.000000                   0.0000              -0.145833  -1.479167   0.000000
  -0.371448   3.598089   0.000000                  -1.0000              -0.187500   1.479167   0.000000
  -0.371448   3.502775   0.000000                   0.0000              -0.187500   1.437500   0.000000
  -0.371448   3.407461   0.000000                   0.0000              -0.187500   1.395833   0.000000
  -0.371448   3.312148   0.000000                   0.0000              -0.187500   1.354167   0.000000
  -0.371448   3.216834   0.000000                   0.0000              -0.187500   1.312500   0.000000
  -0.371448   3.121521   0.000000                  -1.0000              -0.187500   1.270833   0.000000
  -0.371448   3.026207   0.000000                   0.0000              -0.187500   1.229167   0.000000
  -0.371448   2.930893   0.000000                  -1.0000              -0.187500   1.187500   0.000000
  -0.371448   2.835580   0.000000                   0.0000              -0.187500   1.145833   0.000000
  -0.371448   2.740266   0.000000                   1.0000              -0.187500   1.104167   0.000000
  -0.371448   2.644953   0.000000                   0.0000              -0.187500   1.062500   0.000000
  -0.371448   2.549639   0.000000                   0.0000              -0.187500   1.020833   0.000000
  -0.371448   2.454325   0.000000                   0.0000              -0.187500   0.979167   0.000000
  -0.371448   2.359012   0.000000                   1.0000              -0.187500   0.937500   0.000000
  -0.371448   2.263698   0.000000                   0.0000              -0.187500   0.895833   0.000000
  -0.371448   2.168385   0.000000                  -1.0000              -0.187500   0.854167   0.000000
  -0.371448   2.073071   0.000000                   1.0000              -0.187500   0.812500   0.000000
  -0.371448   1.977757   0.000000                  -1.0000              -0.187500   0.770833   0.000000
  -0.371448   1.882444   0.000000                   0.0000              -0.187500   0.729167   0.000000
  -0.371448   1.787130   0.000000                   0.0000              -0.187500   0.687500   0.000000
  -0.371448   1.691817   0.000000                   1.0000              -0.187500   0.645833   0.000000
  -0.371448   1.596503   0.000000                   0.0000              -0.187500   0.604167   0.000000
  -0.371448   1.501189   0.000000                   0.0000              -0.187500   0.562500   0.000000
  -0.371448   1.405876   0.000000                   0.0000              -0.187500   0.520833   0.000000
  -0.371448   1.310562   0.000000                  -1.0000              -0.187500   0.479167   0.000000
  -0.371448   1.215248   0.000000                   0.0000              -0.187500   0.437500   0.000000
  -0.371448   1.119935   0.000000                   0.0000              -0.187500   0.395833   0.000000
  -0.371448   1.024621   0.000000                   0.0000              -0.187500   0.354167   0.000000
  -0.371448   0.929308   0.000000                   0.0000              -0.187500   0.312500   0.000000
  -0.371448   0.833994   0.000000                  -1.0000              -0.187500   0.270833   0.000000
  -0.371448   0.738680   0.000000                   0.0000              -0.187500   0.229167   0.000000
  -0.371448   0.643367   0.000000                  -1.0000              -0.187500   0.187500   0.000000
  -0.371448   0.548053   0.000000                   0.0000              -0.187500   0.145833   0.000000
  -0.371448   0.452740   0.000000                   1.0000              -0.187500   0.104167   0.000000
  -0.371448   0.357426   0.000000                   0.0000              -0.187500   0.062500   0.000000
  -0.371448   0.262112   0.000000                   0.0000              -0.187500   0.020833   0.000000
  -0.371448   0.166799   0.000000                   0.0000              -0.187500  -0.020833   0.000000
  -0.371448   0.071485   0.000000                   1.0000              -0.187500  -0.062500   0.000000
  -0.371448  -0.023828   0.000000                   0.0000              -0.187500  -0.104167   0.000000
  -0.371448  -0.119142   0.000000                  -1.0000              -0.187500  -0.145833   0.000000
  -0.371448  -0.214456   0.000000                   1.0000              -0.187500  -0.187500   0.000000
  -0.371448  -0.309769   0.000000                  -1.0000              -0.187500  -0.229167   0.000000
  -0.371448  -0.405083   0.000000                   0.0000              -0.187500  -0.270833   0.000000
  -0.371448  -0.500396   0.000000                   0.0000              -0.187500  -0.312500   0.000000
  -0.371448  -0.595710   0.000000                   1.0000              -0.187500  -0.354167   0.000000
  -0.371448  -0.691024   0.000000                   0.0000              -0.187500  -0.395833   0.000000
  -0.371448  -0.786337   0.000000                   0.0000              -0.187500  -0.437500   0.000000
  -0.371448  -0.881651   0.000000                   0.0000              -0.187500  -0.479167   0.000000
  -0.371448  -0.976964   0.000000                  -1.0000              -0.187500  -0.520833   0.000000
  -0.371448  -1.072278   0.000000                   0.0000              -0.187500  -0.562500   0.000000
  -0.371448  -1.167592   0.000000                   0.0000              -0.187500  -0.604167   0.000000
  -0.371448  -1.262905   0.000000                   0.0000              -0.187500  -0.645833   0.000000
  -0.371448  -1.358219   0.000000                   0.0000              -0.187500  -0.687500   0.000000
  -0.371448  -1.453532   0.000000                  -1.0000              -0.187500  -0.729167   0.000000
  -0.371448  -1.548846   0.000000                   0.0000              -0.187500  -0.770833   0.000000
  -0.371448  -1.644160   0.000000                  -1.0000              -0.187500  -0.812500   0.000000
  -0.371448  -1.739473   0.000000                   0.0000              -0.187500  -0.854167   0.000000
  -0.371448  -1.834787   0.000000                   1.0000              -0.187500  -0.895833   0.000000
  -0.371448  -1.930101   0.000000                   0.0000              -0.187500  -0.937500   0.000000
  -0.371448  -2.025414   0.000000                   0.0000              -0.187500  -0.979167   0.000000
  -0.371448  -2.120728   0.000000                   0.0000              -0.187500  -1.020833   0.000000
  -0.371448  -2.216041   0.000000                   1.0000              -0.187500  -1.062500   0.000000
  -0.371448  -2.311355   0.000000                   0.0000              -0.187500  -1.104167   0.000000
  -0.371448  -2.406669   0.000000                  -1.0000              -0.187500  -1.145833   0.000000
  -0.371448  -2.501982   0.000000                   1.0000              -0.187500  -1.187500   0.000000
  -0.371448  -2.597296   0.000000                  -1.0000              -0.187500  -1.229167   0.000000
  -0.371448  -2.692609   0.000000                   0.0000              -0.187500  -1.270833   0.000000
  -0.371448  -2.787923   0.000000                   0.0000              -0.187500  -1.312500   0.000000
  -0.371448  -2.883237   0.000000                   1.0000              -0.187500  -1.354167   0.000000
  -0.371448  -2.978550   0.000000                   0.0000              -0.187500  -1.395833   0.000000
  -0.371448  -3.073864   0.000000                   0.0000              -0.187500  -1.437500   0.000000
  -0.371448  -3.169177   0.000000                   0.0000              -0.187500  -1.479167   0.000000
  -0.453992   3.645745   0.000000                   1.0000              -0.229167   1.479167   0.000000
  -0.453992   3.550432   0.000000                  -1.0000              -0.229167   1.437500   0.000000
  -0.453992   3.455118   0.000000                   0.0000              -0.229167   1.395833   0.000000
  -0.453992   3.359805   0.000000                   0.0000              -0.229167   1.354167   0.000000
  -0.453992   3.264491   0.000000                   0.0000              -0.229167   1.312500   0.000000
  -0.453992   3.169177   0.000000                   0.0000              -0.229167   1.270833   0.000000
  -0.453992   3.073864   0.000000                   0.0000              -0.229167   1.229167   0.000000
  -0.453992   2.978550   0.000000                   1.0000              -0.229167   1.187500   0.000000
  -0.453992   2.883237   0.000000                   0.0000              -0.229167   1.145833   0.000000
  -0.453992   2.787923   0.000000                   0.0000              -0.229167   1.104167   0.000000
  -0.453992   2.692609   0.000000                  -0.0000              -0.229167   1.062500   0.000000
  -0.453992   2.597296   0.000000                   0.0000              -0.229167   1.020833   0.000000
  -0.453992   2.501982   0.000000                   0.0000              -0.229167   0.979167   0.000000
  -0.453992   2.406669   0.000000                   0.0000              -0.229167   0.937500   0.000000
  -0.453992   2.311355   0.000000                   0.0000              -0.229167   0.895833   0.000000
  -0.453992   2.216041   0.000000                   0.0000              -0.229167   0.854167   0.000000
  -0.453992   2.120728   0.000000                  -0.0000              -0.229167   0.812500   0.000000
  -0.453992   2.025414   0.000000                  -1.0000              -0.229167   0.770833   0.000000
  -0.453992   1.930101   0.000000                   1.0000              -0.229167   0.729167   0.000000
  -0.453992   1.834787   0.000000                   0.0000              -0.229167   0.687500   0.000000
  -0.453992   1.739473   0.000000                   0.0000              -0.229167   0.645833   0.000000
  -0.453992   1.644160   0.000000                   0.0000              -0.229167   0.604167   0.000000
  -0.453992   1.548846   0.000000                   0.0000              -0.229167   0.562500   0.000000
  -0.453992   1.453532   0.000000                   0.0000              -0.229167   0.520833   0.000000
  -0.453992   1.358219   0.000000                   1.0000              -0.229167   0.479167   0.000000
  -0.453992   1.262905   0.000000                  -1.0000              -0.229167   0.437500   0.000000
  -0.453992   1.167592   0.000000                   0.0000              -0.229167   0.395833   0.000000
  -0.453992   1.072278   0.000000                   0.0000              -0.229167   0.354167   0.000000
  -0.453992   0.976964   0.000000                   0.0000              -0.229167   0.312500   0.000000
  -0.453992   0.881651   0.000000                   0.0000              -0.229167   0.270833   0.000000
  -0.453992   0.786337   0.000000                   0.0000              -0.229167   0.229167   0.000000
  -0.453992   0.691024   0.000000                   1.0000              -0.229167   0.187500   0.000000
  -0.453992   0.595710   0.000000                   0.0000              -0.229167   0.145833   0.000000
  -0.453992   0.500396   0.000000                   0.0000              -0.229167   0.104167   0.000000
  -0.453992   0.405083   0.000000                  -0.0000              -0.229167   0.062500   0.000000
  -0.453992   0.309769   0.000000                   0.0000              -0.229167   0.020833   0.000000
  -0.453992   0.214456   0.000000                   0.0000              -0.229167  -0.020833   0.000000
  -0.453992   0.119142   0.000000                   0.0000              -0.229167  -0.062500   0.000000
  -0.453992   0.023828   0.000000                   0.0000              -0.229167  -0.104167   0.000000
  -0.453992  -0.071485   0.000000                   0.0000              -0.229167  -0.145833   0.000000
  -0.453992  -0.166799   0.000000                  -0.0000              -0.229167  -0.187500   0.000000
  -0.453992  -0.262112   0.000000                  -1.0000              -0.229167  -0.229167   0.000000
  -0.453992  -0.357426   0.000000                   1.0000              -0.229167  -0.270833   0.000000
  -0.453992  -0.452740   0.000000                   0.0000              -0.229167  -0.312500   0.000000
  -0.453992  -0.548053   0.000000                   0.0000              -0.229167  -0.354167   0.000000
  -0.453992  -0.643367   0.000000                   0.0000              -0.229167  -0.395833   0.000000
  -0.453992  -0.738680   0.000000                   0.0000              -0.229167  -0.437500   0.000000
  -0.453992  -0.833994   0.000000                   0.0000              -0.229167  -0.479167   0.000000
  -0.453992  -0.929308   0.000000                   1.0000              -0.229167  -0.520833   0.000000
  -0.453992  -1.024621   0.000000                  -1.0000              -0.229167  -0.562500   0.000000
  -0.453992  -1.119935   0.000000                   0.0000              -0.229167  -0.604167   0.000000
  -0.453992  -1.215248   0.000000                   0.0000              -0.229167  -0.645833   0.000000
  -0.453992  -1.310562   0.000000                   0.0000              -0.229167  -0.687500   0.000000
  -0.453992  -1.405876   0.000000                   0.0000              -0.229167  -0.729167   0.000000
  -0.453992  -1.501189   0.000000                   0.0000              -0.229167  -0.770833   0.000000
  -0.453992  -1.596503   0.000000                   1.0000              -0.229167  -0.812500   0.000000
  -0.453992  -1.691817   0.000000                   0.0000              -0.229167  -0.854167   0.000000
  -0.453992  -1.787130   0.000000                   0.0000              -0.229167  -0.895833   0.000000
  -0.453992  -1.882444   0.000000                  -0.0000              -0.229167  -0.937500   0.000000
  -0.453992  -1.977757   0.000000                   0.0000              -0.229167  -0.979167   0.000000
  -0.453992  -2.073071   0.000000                   0.0000              -0.229167  -1.020833   0.000000
  -0.453992  -2.168385   0.000000                   0.0000              -0.229167  -1.062500   0.000000
  -0.453992  -2.263698   0.000000                   0.0000              -0.229167  -1.104167   0.000000
  -0.453992  -2.359012   0.000000                   0.0000              -0.229167  -1.145833   0.000000
  -0.453992  -2.454325   0.000000                  -0.0000              -0.229167  -1.187500   0.000000
  -0.453992  -2.549639   0.000000                  -1.0000              -0.229167  -1.229167   0.000000
  -0.453992  -2.644953   0.000000                   1.0000              -0.229167  -1.270833   0.000000
  -0.453992  -2.740266   0.000000                   0.0000              -0.229167  -1.312500   0.000000
  -0.453992  -2.835580   0.000000                   0.0000              -0.229167  -1.354167   0.000000
  -0.453992  -2.930893   0.000000                   0.0000              -0.229167  -1.395833   0.000000
  -0.453992  -3.026207   0.000000                   0.0000              -0.229167  -1.437500   0.000000
  -0.453992  -3.121521   0.000000                   0.0000              -0.229167  -1.479167   0.000000
  -0.536536   3.693402   0.000000                   0.0000              -0.270833   1.479167   0.000000
  -0.536536   3.598089   0.000000                   1.0000              -0.270833   1.437500   0.000000
  -0.536536   3.502775   0.000000                  -1.0000              -0.270833   1.395833   0.000000
  -0.536536   3.407461   0.000000                   1.0000              -0.270833   1.354167   0.000000
  -0.536536   3.312148   0.000000                   0.0000              -0.270833   1.312500   0.000000
  -0.536536   3.216834   0.000000                   0.0000              -0.270833   1.270833   0.000000
  -0.536536   3.121521   0.000000                   0.0000              -0.270833   1.229167   0.000000
  -0.536536   3.026207   0.000000                   0.0000              -0.270833   1.187500   0.000000
  -0.536536   2.930893   0.000000                   0.0000              -0.270833   1.145833   0.000000
  -0.536536   2.835580   0.000000                   1.0000              -0.270833   1.104167   0.000000
  -0.536536   2.740266   0.000000                  -1.0000              -0.270833   1.062500   0.000000
  -0.536536   2.644953   0.000000                  -1.0000              -0.270833   1.020833   0.000000
  -0.536536   2.549639   0.000000                   0.0000              -0.270833   0.979167   0.000000
  -0.536536   2.454325   0.000000                   0.0000              -0.270833   0.937500   0.000000
  -0.536536   2.359012   0.000000                  -1.0000              -0.270833   0.895833   0.000000
  -0.536536   2.263698   0.000000                   1.0000              -0.270833   0.854167   0.000000
  -0.536536   2.168385   0.000000                   0.0000              -0.270833   0.812500   0.000000
  -0.536536   2.073071   0.000000                   1.0000              -0.270833   0.770833   0.000000
  -0.536536   1.977757   0.000000                  -1.0000              -0.270833   0.729167   0.000000
  -0.536536   1.882444   0.000000                   0.0000              -0.270833   0.687500   0.000000
  -0.536536   1.787130   0.000000                  -1.0000              -0.270833   0.645833   0.000000
  -0.536536   1.691817   0.000000                   0.0000              -0.270833   0.604167   0.000000
  -0.536536   1.596503   0.000000                   0.0000              -0.270833   0.562500   0.000000
  -0.536536   1.501189   0.000000                   0.0000              -0.270833   0.520833   0.000000
  -0.536536   1.405876   0.000000                   0.0000              -0.270833   0.479167   0.000000
  -0.536536   1.310562   0.000000                   1.0000              -0.270833   0.437500   0.000000
  -0.536536   1.215248   0.000000                  -1.0000              -0.270833   0.395833   0.000000
  -0.536536   1.119935   0.000000                   1.0000              -0.270833   0.354167   0.000000
  -0.536536   1.024621   0.000000                   0.0000              -0.270833   0.312500   0.000000
  -0.536536   0.929308   0.000000                   0.0000              -0.270833   0.270833   0.000000
  -0.536536   0.833994   0.000000                   0.0000              -0.270833   0.229167   0.000000
  -0.536536   0.738680   0.000000                   0.0000              -0.270833   0.187500   0.000000
  -0.536536   0.643367   0.000000                   0.0000              -0.270833   0.145833   0.000000
  -0.536536   0.548053   0.000000                   1.0000              -0.270833   0.104167   0.000000
  -0.536536   0.452740   0.000000                  -1.0000              -0.270833   0.062500   0.000000
  -0.536536   0.357426   0.000000                  -1.0000              -0.270833   0.020833   0.000000
  -0.536536   0.262112   0.000000                   0.0000              -0.270833  -0.020833   0.000000
  -0.536536   0.166799   0.000000                   0.0000              -0.270833  -0.062500   0.000000
  -0.536536   0.071485   0.000000                  -1.0000              -0.270833  -0.104167   0.000000
  -0.536536  -0.023828   0.000000                   1.0000              -0.270833  -0.145833   0.000000
  -0.536536  -0.119142   0.000000                   0.0000              -0.270833  -0.187500   0.000000
  -0.536536  -0.214456   0.000000                   1.0000              -0.270833  -0.229167   0.000000
  -0.536536  -0.309769   0.000000                  -1.0000              -0.270833  -0.270833   0.000000
  -0.536536  -0.405083   0.000000                   0.0000              -0.270833  -0.312500   0.000000
  -0.536536  -0.500396   0.000000                  -1.0000              -0.270833  -0.354167   0.000000
  -0.536536  -0.595710   0.000000                   0.0000              -0.270833  -0.395833   0.000000
  -0.536536  -0.691024   0.000000                   0.0000              -0.270833  -0.437500   0.000000
  -0.536536  -0.786337   0.000000                   0.0000              -0.270833  -0.479167   0.000000
  -0.536536  -0.881651   0.000000                   0.0000              -0.270833  -0.520833   0.000000
  -0.536536  -0.976964   0.000000                   1.0000              -0.270833  -0.562500   0.000000
  -0.536536  -1.072278   0.000000                  -1.0000              -0.270833  -0.604167   0.000000
  -0.536536  -1.167592   0.000000                   1.0000              -0.270833  -0.645833   0.000000
  -0.536536  -1.262905   0.000000                   0.0000              -0.270833  -0.687500   0.000000
  -0.536536  -1.358219   0.000000                   0.0000              -0.270833  -0.729167   0.000000
  -0.536536  -1.453532   0.000000                   0.0000              -0.270833  -0.770833   0.000000
  -0.536536  -1.548846   0.000000                   0.0000              -0.270833  -0.812500   0.000000
  -0.536536  -1.644160   0.000000                   0.0000              -0.270833  -0.854167   0.000000
  -0.536536  -1.739473   0.000000                   1.0000              -0.270833  -0.895833   0.000000
  -0.536536  -1.834787   0.000000                  -1.0000              -0.270833  -0.937500   0.000000
  -0.536536  -1.930101   0.000000                  -1.0000              -0.270833  -0.979167   0.000000
  -0.536536  -2.025414   0.000000                   0.0000              -0.270833  -1.020833   0.000000
  -0.536536  -2.120728   0.000000                   0.0000              -0.270833  -1.062500   0.000000
  -0.536536  -2.216041   0.000000                  -1.0000              -0.270833  -1.104167   0.000000
  -0.536536  -2.311355   0.000000                   1.0000              -0.270833  -1.145833   0.000000
  -0.536536  -2.406669   0.000000                   0.0000              -0.270833  -1.187500   0.000000
  -0.536536  -2.501982   0.000000                   1.0000              -0.270833  -1.229167   0.000000
  -0.536536  -2.597296   0.000000                  -1.0000              -0.270833  -1.270833   0.000000
  -0.536536  -2.692609   0.000000                   0.0000              -0.270833  -1.312500   0.000000
  -0.536536  -2.787923   0.000000                  -1.0000              -0.270833  -1.354167   0.000000
  -0.536536  -2.883237   0.000000                   0.0000              -0.270833  -1.395833   0.000000
  -0.536536  -2.978550   0.000000                   0.0000              -0.270833  -1.437500   0.000000
  -0.536536  -3.073864   0.000000                   0.0000              -0.270833  -1.479167   0.000000
  -0.619080   3.741059   0.000000                  -1.0000              -0.312500   1.479167   0.000000
  -0.619080   3.645745   0.000000                   0.0000              -0.312500   1.437500   0.000000
  -0.619080   3.550432   0.000000                   0.0000              -0.312500   1.395833   0.000000
  -0.619080   3.455118   0.000000                  -0.0000              -0.312500   1.354167   0.000000
  -0.619080   3.359805   0.000000                  -1.0000              -0.312500   1.312500   0.000000
  -0.619080   3.264491   0.000000                   1.0000              -0.312500   1.270833   0.000000
  -0.619080   3.169177   0.000000                   0.0000              -0.312500   1.229167   0.000000
  -0.619080   3.073864   0.000000                   0.0000              -0.312500   1.187500   0.000000
  -0.619080   2.978550   0.000000                   0.0000              -0.312500   1.145833   0.000000
  -0.619080   2.883237   0.000000                   0.0000              -0.312500   1.104167   0.000000
  -0.619080   2.787923   0.000000                   0.0000              -0.312500   1.062500   0.000000
  -0.619080   2.692609   0.000000                   0.0000              -0.312500   1.020833   0.000000
  -0.619080   2.597296   0.000000                   0.0000              -0.312500   0.979167   0.000000
  -0.619080   2.501982   0.000000                   1.0000              -0.312500   0.937500   0.000000
  -0.619080   2.406669   0.000000                   0.0000              -0.312500   0.895833   0.000000
  -0.619080   2.311355   0.000000                   0.0000              -0.312500   0.854167   0.000000
  -0.619080   2.216041   0.000000                   0.0000              -0.312500   0.812500   0.000000
  -0.619080   2.120728   0.000000                   0.0000              -0.312500   0.770833   0.000000
  -0.619080   2.025414   0.000000                  -1.0000              -0.312500   0.729167   0.000000
  -0.619080   1.930101   0.000000                   1.0000              -0.312500   0.687500   0.000000
  -0.619080   1.834787   0.000000                   0.0000              -0.312500   0.645833   0.000000
  -0.619080   1.739473   0.000000                  -0.0000              -0.312500   0.604167   0.000000
  -0.619080   1.644160   0.000000                   0.0000              -0.312500   0.562500   0.000000
  -0.619080   1.548846   0.000000                   0.0000              -0.312500   0.520833   0.000000
  -0.619080   1.453532   0.000000                  -1.0000              -0.312500   0.479167   0.000000
  -0.619080   1.358219   0.000000                   0.0000              -0.312500   0.437500   0.000000
  -0.619080   1.262905   0.000000                   0.0000              -0.312500   0.395833   0.000000
  -0.619080   1.167592   0.000000                  -0.0000              -0.312500   0.354167   0.000000
  -0.619080   1.072278   0.000000                  -1.0000              -0.312500   0.312500   0.000000
  -0.619080   0.976964   0.000000                   1.0000              -0.312500   0.270833   0.000000
  -0.619080   0.881651   0.000000                   0.0000              -0.312500   0.229167   0.000000
  -0.619080   0.786337   0.000000                   0.0000              -0.312500   0.187500   0.000000
  -0.619080   0.691024   0.000000                   0.0000              -0.312500   0.145833   0.000000
  -0.619080   0.595710   0.000000                   0.0000              -0.312500   0.104167   0.000000
  -0.619080   0.500396   0.000000                   0.0000              -0.312500   0.062500   0.000000
  -0.619080   0.405083   0.000000                   0.0000              -0.312500   0.020833   0.000000
  -0.619080   0.309769   0.000000                   0.0000              -0.312500  -0.020833   0.000000
  -0.619080   0.214456   0.000000                   1.0000              -0.312500  -0.062500   0.000000
  -0.619080   0.119142   0.000000                   0.0000              -0.312500  -0.104167   0.000000
  -0.619080   0.023828   0.000000                   0.0000              -0.312500  -0.145833   0.000000
  -0.619080  -0.071485   0.000000                   0.0000              -0.312500  -0.187500   0.000000
  -0.619080  -0.166799   0.000000                   0.0000              -0.312500  -0.229167   0.000000
  -0.619080  -0.262112   0.000000                  -1.0000              -0.312500  -0.270833   0.000000
  -0.619080  -0.357426   0.000000                   1.0000              -0.312500  -0.312500   0.000000
  -0.619080  -0.452740   0.000000                   0.0000              -0.312500  -0.354167   0.000000
  -0.619080  -0.548053   0.000000                  -0.0000              -0.312500  -0.395833   0.000000
  -0.619080  -0.643367   0.000000                   0.0000              -0.312500  -0.437500   0.000000
  -0.619080  -0.738680   0.000000                   0.0000              -0.312500  -0.479167   0.000000
  -0.619080  -0.833994   0.000000                  -1.0000              -0.312500  -0.520833   0.000000
  -0.619080  -0.929308   0.000000                   0.0000              -0.312500  -0.562500   0.000000
  -0.619080  -1.024621   0.000000                   0.0000              -0.312500  -0.604167   0.000000
  -0.619080  -1.119935   0.000000                  -0.0000              -0.312500  -0.645833   0.000000
  -0.619080  -1.215248   0.000000                  -1.0000              -0.312500  -0.687500   0.000000
  -0.619080  -1.310562   0.000000                   1.0000              -0.312500  -0.729167   0.000000
  -0.619080  -1.405876   0.000000                   0.0000              -0.312500  -0.770833   0.000000
  -0.619080  -1.501189   0.000000                   0.0000              -0.312500  -0.812500   0.000000
  -0.619080  -1.596503   0.000000                   0.0000              -0.312500  -0.854167   0.000000
  -0.619080  -1.691817   0.000000                   0.0000              -0.312500  -0.895833   0.000000
  -0.619080  -1.787130   0.000000                   0.0000              -0.312500  -0.937500   0.000000
  -0.619080  -1.882444   0.000000                   0.0000              -0.312500  -0.979167   0.000000
  -0.619080  -1.977757   0.000000                   0.0000              -0.312500  -1.020833   0.000000
  -0.619080  -2.073071   0.000000                   1.0000              -0.312500  -1.062500   0.000000
  -0.619080  -2.168385   0.000000                   0.0000              -0.312500  -1.104167   0.000000
  -0.619080  -2.263698   0.000000                   0.0000              -0.312500  -1.145833   0.000000
  -0.619080  -2.359012   0.000000                   0.0000              -0.312500  -1.187500   0.000000
  -0.619080  -2.454325   0.000000                   0.0000              -0.312500  -1.229167   0.000000
  -0.619080  -2.549639   0.000000                  -1.0000              -0.312500  -1.270833   0.000000
  -0.619080  -2.644953   0.000000                   1.0000              -0.312500  -1.312500   0.000000
  -0.619080  -2.740266   0.000000                   0.0000              -0.312500  -1.354167   0.000000
  -0.619080  -2.835580   0.000000                  -0.0000              -0.312500  -1.395833   0.000000
  -0.619080  -2.930893   0.000000                   0.0000              -0.312500  -1.437500   0.000000
  -0.619080  -3.026207   0.000000                   0.0000              -0.312500  -1.479167   0.000000
  -0.701624   3.788716   0.000000                   0.0000              -0.354167   1.479167   0.000000
  -0.701624   3.693402   0.000000                   0.0000              -0.354167   1.437500   0.000000
  -0.701624   3.598089   0.000000                   1.0000              -0.354167   1.395833   0.000000
  -0.701624   3.502775   0.000000                  -1.0000              -0.354167   1.354167   0.000000
  -0.701624   3.407461   0.000000                   1.0000              -0.354167   1.312500   0.000000
  -0.701624   3.312148   0.000000                  -1.0000              -0.354167   1.270833   0.000000
  -0.701624   3.216834   0.000000                   0.0000              -0.354167   1.229167   0.000000
  -0.701624   3.121521   0.000000                   0.0000              -0.354167   1.187500   0.000000
  -0.701624   3.026207   0.000000                  -1.0000              -0.354167   1.145833   0.000000
  -0.701624   2.930893   0.000000                   1.0000              -0.354167   1.104167   0.000000
  -0.701624   2.835580   0.000000                   0.0000              -0.354167   1.062500   0.000000
  -0.701624   2.740266   0.000000                   1.0000              -0.354167   1.020833   0.000000
  -0.701624   2.644953   0.000000                  -1.0000              -0.354167   0.979167   0.000000
  -0.701624   2.549639   0.000000                   0.0000              -0.354167   0.937500   0.000000
  -0.701624   2.454325   0.000000                   0.0000              -0.354167   0.895833   0.000000
  -0.701624   2.359012   0.000000                   0.0000              -0.354167   0.854167   0.000000
  -0.701624   2.263698   0.000000                  -0.0000              -0.354167   0.812500   0.000000
  -0.701624   2.168385   0.000000                   0.0000              -0.354167   0.770833   0.000000
  -0.701624   2.073071   0.000000                   0.0000              -0.354167   0.729167   0.000000
  -0.701624   1.977757   0.000000                  -1.0000              -0.354167   0.687500   0.000000
  -0.701624   1.882444   0.000000                   0.0000              -0.354167   0.645833   0.000000
  -0.701624   1.787130   0.000000                   1.0000              -0.354167   0.604167   0.000000
  -0.701624   1.691817   0.000000                   0.0000              -0.354167   0.562500   0.000000
  -0.701624   1.596503   0.000000                   0.0000              -0.354167   0.520833   0.000000
  -0.701624   1.501189   0.000000                   0.0000              -0.354167   0.479167   0.000000
  -0.701624   1.405876   0.000000                   0.0000              -0.354167   0.437500   0.000000
  -0.701624   1.310562   0.000000                   1.0000              -0.354167   0.395833   0.000000
  -0.701624   1.215248   0.000000                  -1.0000              -0.354167   0.354167   0.000000
  -0.701624   1.119935   0.000000                   1.0000              -0.354167   0.312500   0.000000
  -0.701624   1.024621   0.000000                  -1.0000              -0.354167   0.270833   0.000000
  -0.701624   0.929308   0.000000                   0.0000              -0.354167   0.229167   0.000000
  -0.701624   0.833994   0.000000                   0.0000              -0.354167   0.187500   0.000000
  -0.701624   0.738680   0.000000                  -1.0000              -0.354167   0.145833   0.000000
  -0.701624   0.643367   0.000000                   1.0000              -0.354167   0.104167   0.000000
  -0.701624   0.548053   0.000000                   0.0000              -0.354167   0.062500   0.000000
  -0.701624   0.452740   0.000000                   1.0000              -0.354167   0.020833   0.000000
  -0.701624   0.357426   0.000000                  -1.0000              -0.354167  -0.020833   0.000000
  -0.701624   0.262112   0.000000                   0.0000              -0.354167  -0.062500   0.000000
  -0.701624   0.166799   0.000000                   0.0000              -0.354167  -0.104167   0.000000
  -0.701624   0.071485   0.000000                   0.0000              -0.354167  -0.145833   0.000000
  -0.701624  -0.023828   0.000000                  -0.0000              -0.354167  -0.187500   0.000000
  -0.701624  -0.119142   0.000000                   0.0000              -0.354167  -0.229167   0.000000
  -0.701624  -0.214456   0.000000                   0.0000              -0.354167  -0.270833   0.000000
  -0.701624  -0.309769   0.000000                  -1.0000              -0.354167  -0.312500   0.000000
  -0.701624  -0.405083   0.000000                   0.0000              -0.354167  -0.354167   0.000000
  -0.701624  -0.500396   0.000000                   1.0000              -0.354167  -0.395833   0.000000
  -0.701624  -0.595710   0.000000                   0.0000              -0.354167  -0.437500   0.000000
  -0.701624  -0.691024   0.000000                   0.0000              -0.354167  -0.479167   0.000000
  -0.701624  -0.786337   0.000000                   0.0000              -0.354167  -0.520833   0.000000
  -0.701624  -0.881651   0.000000                   0.0000              -0.354167  -0.562500   0.000000
  -0.701624  -0.976964   0.000000                   1.0000              -0.354167  -0.604167   0.000000
  -0.701624  -1.072278   0.000000                  -1.0000              -0.354167  -0.645833   0.000000
  -0.701624  -1.167592   0.000000                   1.0000              -0.354167  -0.687500   0.000000
  -0.701624  -1.262905   0.000000                  -1.0000              -0.354167  -0.729167   0.000000
  -0.701624  -1.358219   0.000000                   0.0000              -0.354167  -0.770833   0.000000
  -0.701624  -1.453532   0.000000                   0.0000              -0.354167  -0.812500   0.000000
  -0.701624  -1.548846   0.000000                  -1.0000              -0.354167  -0.854167   0.000000
  -0.701624  -1.644160   0.000000                   1.0000              -0.354167  -0.895833   0.000000
  -0.701624  -1.739473   0.000000                   0.0000              -0.354167  -0.937500   0.000000
  -0.701624  -1.834787   0.000000                   1.0000              -0.354167  -0.979167   0.000000
  -0.701624  -1.930101   0.000000                  -1.0000              -0.354167  -1.020833   0.000000
  -0.701624  -2.025414   0.000000                   0.0000              -0.354167  -1.062500   0.000000
  -0.701624  -2.120728   0.000000                   0.0000              -0.354167  -1.104167   0.000000
  -0.701624  -2.216041   0.000000                   0.0000              -0.354167  -1.145833   0.000000
  -0.701624  -2.311355   0.000000                  -0.0000              -0.354167  -1.187500   0.000000
  -0.701624  -2.406669   0.000000                   0.0000              -0.354167  -1.229167   0.000000
  -0.701624  -2.501982   0.000000                   0.0000              -0.354167  -1.270833   0.000000
  -0.701624  -2.597296   0.000000                  -1.0000              -0.354167  -1.312500   0.000000
  -0.701624  -2.692609   0.000000                   0.0000              -0.354167  -1.354167   0.000000
  -0.701624  -2.787923   0.000000                   1.0000              -0.354167  -1.395833   0.000000
  -0.701624  -2.883237   0.000000                   0.0000              -0.354167  -1.437500   0.000000
  -0.701624  -2.978550   0.000000                   0.0000              -0.354167  -1.479167   0.000000
  -0.784168   3.836373   0.000000                   0.0000              -0.395833   1.479167   0.000000
  -0.784168   3.741059   0.000000                   1.0000              -0.395833   1.437500   0.000000
  -0.784168   3.645745   0.000000                  -1.0000              -0.395833   1.395833   0.000000
  -0.784168   3.550432   0.000000                   0.0000              -0.395833   1.354167   0.000000
  -0.784168   3.455118   0.000000                   0.0000              -0.395833   1.312500   0.000000
  -0.784168   3.359805   0.000000                   0.0000              -0.395833   1.270833   0.000000
  -0.784168   3.264491   0.000000                   0.0000              -0.395833   1.229167   0.000000
  -0.784168   3.169177   0.000000                   1.0000              -0.395833   1.187500   0.000000
  -0.784168   3.073864   0.000000                   1.0000              -0.395833   1.145833   0.000000
  -0.784168   2.978550   0.000000                   0.0000              -0.395833   1.104167   0.000000
  -0.784168   2.883237   0.000000                   0.0000              -0.395833   1.062500   0.000000
  -0.784168   2.787923   0.000000                   0.0000              -0.395833   1.020833   0.000000
  -0.784168   2.692609   0.000000                   1.0000              -0.395833   0.979167   0.000000
  -0.784168   2.597296   0.000000                  -1.0000              -0.395833   0.937500   0.000000
  -0.784168   2.501982   0.000000                   0.0000              -0.395833   0.895833   0.000000
  -0.784168   2.406669   0.000000                   0.0000              -0.395833   0.854167   0.000000
  -0.784168   2.311355   0.000000                   0.0000              -0.395833   0.812500   0.000000
  -0.784168   2.216041   0.000000                   0.0000              -0.395833   0.770833   0.000000
  -0.784168   2.120728   0.000000                   1.0000              -0.395833   0.729167   0.000000
  -0.784168   2.025414   0.000000                   0.0000              -0.395833   0.687500   0.000000
  -0.784168   1.930101   0.000000                   0.0000              -0.395833   0.645833   0.000000
  -0.784168   1.834787   0.000000                   0.0000              -0.395833   0.604167   0.000000
  -0.784168   1.739473   0.000000                   0.0000              -0.395833   0.562500   0.000000
  -0.784168   1.644160   0.000000                  -1.0000              -0.395833   0.520833   0.000000
  -0.784168   1.548846   0.000000                   0.0000              -0.395833   0.479167   0.000000
  -0.784168   1.453532   0.000000                   1.0000              -0.395833   0.437500   0.000000
  -0.784168   1.358219   0.000000                  -1.0000              -0.395833   0.395833   0.000000
  -0.784168   1.262905   0.000000                   0.0000              -0.395833   0.354167   0.000000
  -0.784168   1.167592   0.000000                   0.0000              -0.395833   0.312500   0.000000
  -0.784168   1.072278   0.000000                   0.0000              -0.395833   0.270833   0.000000
  -0.784168   0.976964   0.000000                   0.0000              -0.395833   0.229167   0.000000
  -0.784168   0.881651   0.000000                   1.0000              -0.395833   0.187500   0.000000
  -0.784168   0.786337   0.000000                   1.0000              -0.395833   0.145833   0.000000
  -0.784168   0.691024   0.000000                   0.0000              -0.395833   0.104167   0.000000
  -0.784168   0.595710   0.000000                   0.0000              -0.395833   0.062500   0.000000
  -0.784168   0.500396   0.000000                   0.0000              -0.395833   0.020833   0.000000
  -0.784168   0.405083   0.000000                   1.0000              -0.395833  -0.020833   0.000000
  -0.784168   0.309769   0.000000                  -1.0000              -0.395833  -0.062500   0.000000
  -0.784168   0.214456   0.000000                   0.0000              -0.395833  -0.104167   0.000000
  -0.784168   0.119142   0.000000                   0.0000              -0.395833  -0.145833   0.000000
  -0.784168   0.023828   0.000000                   0.0000              -0.395833  -0.187500   0.000000
  -0.784168  -0.071485   0.000000                   0.0000              -0.395833  -0.229167   0.000000
  -0.784168  -0.166799   0.000000                   1.0000              -0.395833  -0.270833   0.000000
  -0.784168  -0.262112   0.000000                   0.0000              -0.395833  -0.312500   0.000000
  -0.784168  -0.357426   0.000000                   0.0000              -0.395833  -0.354167   0.000000
  -0.784168  -0.452740   0.000000                   0.0000              -0.395833  -0.395833   0.000000
  -0.784168  -0.548053   0.000000                   0.0000              -0.395833  -0.437500   0.000000
  -0.784168  -0.643367   0.000000                  -1.0000              -0.395833  -0.479167   0.000000
  -0.784168  -0.738680   0.000000                   0.0000              -0.395833  -0.520833   0.000000
  -0.784168  -0.833994   0.000000                   1.0000              -0.395833  -0.562500   0.000000
  -0.784168  -0.929308   0.000000                  -1.0000              -0.395833  -0.604167   0.000000
  -0.784168  -1.024621   0.000000                   0.0000              -0.395833  -0.645833   0.000000
  -0.784168  -1.119935   0.000000                   0.0000              -0.395833  -0.687500   0.000000
  -0.784168  -1.215248   0.000000                   0.0000              -0.395833  -0.729167   0.000000
  -0.784168  -1.310562   0.000000                   0.0000              -0.395833  -0.770833   0.000000
  -0.784168  -1.405876   0.000000                   1.0000              -0.395833  -0.812500   0.000000
  -0.784168  -1.501189   0.000000                   1.0000              -0.395833  -0.854167   0.000000
  -0.784168  -1.596503   0.000000                   0.0000              -0.395833  -0.895833   0.000000
  -0.784168  -1.691817   0.000000                   0.0000              -0.395833  -0.937500   0.000000
  -0.784168  -1.787130   0.000000                   0.0000              -0.395833  -0.979167   0.000000
  -0.784168  -1.882444   0.000000                   1.0000              -0.395833  -1.020833   0.000000
  -0.784168  -1.977757   0.000000                  -1.0000              -0.395833  -1.062500   0.000000
  -0.784168  -2.073071   0.000000                   0.0000              -0.395833  -1.104167   0.000000
  -0.784168  -2.168385   0.000000                   0.0000              -0.395833  -1.145833   0.000000
  -0.784168  -2.263698   0.000000                   0.0000              -0.395833  -1.187500   0.000000
  -0.784168  -2.359012   0.000000                   0.0000              -0.395833  -1.229167   0.000000
  -0.784168  -2.454325   0.000000                   1.0000              -0.395833  -1.270833   0.000000
  -0.784168  -2.549639   0.000000                   0.0000              -0.395833  -1.312500   0.000000
  -0.784168  -2.644953   0.000000                   0.0000              -0.395833  -1.354167   0.000000
  -0.784168  -2.740266   0.000000                   0.0000              -0.395833  -1.395833   0.000000
  -0.784168  -2.835580   0.000000                   0.0000              -0.395833  -1.437500   0.000000
  -0.784168  -2.930893   0.000000                  -1.0000              -0.395833  -1.479167   0.000000
  -0.866712   3.884029   0.000000                   1.0000              -0.437500   1.479167   0.000000
  -0.866712   3.788716   0.000000                   0.0000              -0.437500   1.437500   0.000000
  -0.866712   3.693402   0.000000                   0.0000              -0.437500   1.395833   0.000000
  -0.866712   3.598089   0.000000                   0.0000              -0.437500   1.354167   0.000000
  -0.866712   3.502775   0.000000                   0.0000              -0.437500   1.312500   0.000000
  -0.866712   3.407461   0.000000                   0.0000              -0.437500   1.270833   0.000000
  -0.866712   3.312148   0.000000                   0.0000              -0.437500   1.229167   0.000000
  -0.866712   3.216834   0.000000                   0.0000              -0.437500   1.187500   0.000000
  -0.866712   3.121521   0.000000                  -1.0000              -0.437500   1.145833   0.000000
  -0.866712   3.026207   0.000000                   0.0000              -0.437500   1.104167   0.000000
  -0.866712   2.930893   0.000000                  -0.0000              -0.437500   1.062500   0.000000
  -0.866712   2.835580   0.000000                  -1.0000              -0.437500   1.020833   0.000000
  -0.866712   2.740266   0.000000                  -1.0000              -0.437500   0.979167   0.000000
  -0.866712   2.644953   0.000000                   0.0000              -0.437500   0.937500   0.000000
  -0.866712   2.549639   0.000000                   0.0000              -0.437500   0.895833   0.000000
  -0.866712   2.454325   0.000000                   0.0000              -0.437500   0.854167   0.000000
  -0.866712   2.359012   0.000000                   0.0000              -0.437500   0.812500   0.000000
  -0.866712   2.263698   0.000000                   0.0000              -0.437500   0.770833   0.000000
  -0.866712   2.168385   0.000000                   0.0000              -0.437500   0.729167   0.000000
  -0.866712   2.073071   0.000000                   1.0000              -0.437500   0.687500   0.000000
  -0.866712   1.977757   0.000000                   0.0000              -0.437500   0.645833   0.000000
  -0.866712   1.882444   0.000000                  -1.0000              -0.437500   0.604167   0.000000
  -0.866712   1.787130   0.000000                  -1.0000              -0.437500   0.562500   0.000000
  -0.866712   1.691817   0.000000                   1.0000              -0.437500   0.520833   0.000000
  -0.866712   1.596503   0.000000                   1.0000              -0.437500   0.479167   0.000000
  -0.866712   1.501189   0.000000                   0.0000              -0.437500   0.437500   0.000000
  -0.866712   1.405876   0.000000                   0.0000              -0.437500   0.395833   0.000000
  -0.866712   1.310562   0.000000                   0.0000              -0.437500   0.354167   0.000000
  -0.866712   1.215248   0.000000                   0.0000              -0.437500   0.312500   0.000000
  -0.866712   1.119935   0.000000                   0.0000              -0.437500   0.270833   0.000000
  -0.866712   1.024621   0.000000                   0.0000              -0.437500   0.229167   0.000000
  -0.866712   0.929308   0.000000                   0.0000              -0.437500   0.187500   0.000000
  -0.866712   0.833994   0.000000                  -1.0000              -0.437500   0.145833   0.000000
  -0.866712   0.738680   0.000000                   0.0000              -0.437500   0.104167   0.000000
  -0.866712   0.643367   0.000000                  -0.0000              -0.437500   0.062500   0.000000
  -0.866712   0.548053   0.000000                  -1.0000              -0.437500   0.020833   0.000000
  -0.866712   0.452740   0.000000                  -1.0000              -0.437500  -0.020833   0.000000
  -0.866712   0.357426   0.000000                   0.0000              -0.437500  -0.062500   0.000000
  -0.866712   0.262112   0.000000                   0.0000              -0.437500  -0.104167   0.000000
  -0.866712   0.166799   0.000000                   0.0000              -0.437500  -0.145833   0.000000
  -0.866712   0.071485   0.000000                   0.0000              -0.437500  -0.187500   0.000000
  -0.866712  -0.023828   0.000000                   0.0000              -0.437500  -0.229167   0.000000
  -0.866712  -0.119142   0.000000                   0.0000              -0.437500  -0.270833   0.000000
  -0.866712  -0.214456   0.000000                   1.0000              -0.437500  -0.312500   0.000000
  -0.866712  -0.309769   0.000000                   0.0000              -0.437500  -0.354167   0.000000
  -0.866712  -0.405083   0.000000                  -1.0000              -0.437500  -0.395833   0.000000
  -0.866712  -0.500396   0.000000                  -1.0000              -0.437500  -0.437500   0.000000
  -0.866712  -0.595710   0.000000                   1.0000              -0.437500  -0.479167   0.000000
  -0.866712  -0.691024   0.000000                   1.0000              -0.437500  -0.520833   0.000000
  -0.866712  -0.786337   0.000000                   0.0000              -0.437500  -0.562500   0.000000
  -0.866712  -0.881651   0.000000                   0.0000              -0.437500  -0.604167   0.000000
  -0.866712  -0.976964   0.000000                   0.0000              -0.437500  -0.645833   0.000000
  -0.866712  -1.072278   0.000000                   0.0000              -0.437500  -0.687500   0.000000
  -0.866712  -1.167592   0.000000                   0.0000              -0.437500  -0.729167   0.000000
  -0.866712  -1.262905   0.000000                   0.0000              -0.437500  -0.770833   0.000000
  -0.866712  -1.358219   0.000000                   0.0000              -0.437500  -0.812500   0.000000
  -0.866712  -1.453532   0.000000                  -1.0000              -0.437500  -0.854167   0.000000
  -0.866712  -1.548846   0.000000                   0.0000              -0.437500  -0.895833   0.000000
  -0.866712  -1.644160   0.000000                  -0.0000              -0.437500  -0.937500   0.000000
  -0.866712  -1.739473   0.000000                  -1.0000              -0.437500  -0.979167   0.000000
  -0.866712  -1.834787   0.000000                  -1.0000              -0.437500  -1.020833   0.000000
  -0.866712  -1.930101   0.000000                   0.0000              -0.437500  -1.062500   0.000000
  -0.866712  -2.025414   0.000000                   0.0000              -0.437500  -1.104167   0.000000
  -0.866712  -2.120728   0.000000                   0.0000              -0.437500  -1.145833   0.000000
  -0.866712  -2.216041   0.000000                   0.0000              -0.437500  -1.187500   0.000000
  -0.866712  -2.311355   0.000000                   0.0000              -0.437500  -1.229167   0.000000
  -0.866712  -2.406669   0.000000                   0.0000              -0.437500  -1.270833   0.000000
  -0.866712  -2.501982   0.000000                   1.0000              -0.437500  -1.312500   0.000000
  -0.866712  -2.597296   0.000000                   0.0000              -0.437500  -1.354167   0.000000
  -0.866712  -2.692609   0.000000                  -1.0000              -0.437500  -1.395833   0.000000
  -0.866712  -2.787923   0.000000                  -1.0000              -0.437500  -1.437500   0.000000
  -0.866712  -2.883237   0.000000                   1.0000              -0.437500  -1.479167   0.000000
  -0.949256   3.931686   0.000000                   0.0000              -0.479167   1.479167   0.000000
  -0.949256   3.836373   0.000000                   0.0000              -0.479167   1.437500   0.000000
  -0.949256   3.741059   0.000000                   0.0000              -0.479167   1.395833   0.000000
  -0.949256   3.645745   0.000000                   1.0000              -0.479167   1.354167   0.000000
  -0.949256   3.550432   0.000000                   0.0000              -0.479167   1.312500   0.000000
  -0.949256   3.455118   0.000000                   0.0000              -0.479167   1.270833   0.000000
  -0.949256   3.359805   0.000000                   0.0000              -0.479167   1.229167   0.000000
  -0.949256   3.264491   0.000000                  -1.0000              -0.479167   1.187500   0.000000
  -0.949256   3.169177   0.000000                   1.0000              -0.479167   1.145833   0.000000
  -0.949256   3.073864   0.000000                  -0.0000              -0.479167   1.104167   0.000000
  -0.949256   2.978550   0.000000                   0.0000              -0.479167   1.062500   0.000000
  -0.949256   2.883237   0.000000                   0.0000              -0.479167   1.020833   0.000000
  -0.949256   2.787923   0.000000                   1.0000              -0.479167   0.979167   0.000000
  -0.949256   2.692609   0.000000                   0.0000              -0.479167   0.937500   0.000000
  -0.949256   2.597296   0.000000                  -1.0000              -0.479167   0.895833   0.000000
  -0.949256   2.501982   0.000000                   1.0000              -0.479167   0.854167   0.000000
  -0.949256   2.406669   0.000000                   0.0000              -0.479167   0.812500   0.000000
  -0.949256   2.311355   0.000000                   0.0000              -0.479167   0.770833   0.000000
  -0.949256   2.216041   0.000000                   0.0000              -0.479167   0.729167   0.000000
  -0.949256   2.120728   0.000000                  -0.0000              -0.479167   0.687500   0.000000
  -0.949256   2.025414   0.000000                  -1.0000              -0.479167   0.645833   0.000000
  -0.949256   1.930101   0.000000                   1.0000              -0.479167   0.604167   0.000000
  -0.949256   1.834787   0.000000                   1.0000              -0.479167   0.562500   0.000000
  -0.949256   1.739473   0.000000                   0.0000              -0.479167   0.520833   0.000000
  -0.949256   1.644160   0.000000                   0.0000              -0.479167   0.479167   0.000000
  -0.949256   1.548846   0.000000                   0.0000              -0.479167   0.437500   0.000000
  -0.949256   1.453532   0.000000                   0.0000              -0.479167   0.395833   0.000000
  -0.949256   1.358219   0.000000                   1.0000              -0.479167   0.354167   0.000000
  -0.949256   1.262905   0.000000                   0.0000              -0.479167   0.312500   0.000000
  -0.949256   1.167592   0.000000                   0.0000              -0.479167   0.270833   0.000000
  -0.949256   1.072278   0.000000                   0.0000              -0.479167   0.229167   0.000000
  -0.949256   0.976964   0.000000                  -1.0000              -0.479167   0.187500   0.000000
  -0.949256   0.881651   0.000000                   1.0000              -0.479167   0.145833   0.000000
  -0.949256   0.786337   0.000000                  -0.0000              -0.479167   0.104167   0.000000
  -0.949256   0.691024   0.000000                   0.0000              -0.479167   0.062500   0.000000
  -0.949256   0.595710   0.000000                   0.0000              -0.479167   0.020833   0.000000
  -0.949256   0.500396   0.000000                   1.0000              -0.479167  -0.020833   0.000000
  -0.949256   0.405083   0.000000                   0.0000              -0.479167  -0.062500   0.000000
  -0.949256   0.309769   0.000000                  -1.0000              -0.479167  -0.104167   0.000000
  -0.949256   0.214456   0.000000                   1.0000              -0.479167  -0.145833   0.000000
  -0.949256   0.119142   0.000000                   0.0000              -0.479167  -0.187500   0.000000
  -0.949256   0.023828   0.000000                   0.0000              -0.479167  -0.229167   0.000000
  -0.949256  -0.071485   0.000000                   0.0000              -0.479167  -0.270833   0.000000
  -0.949256  -0.166799   0.000000                  -0.0000              -0.479167  -0.312500   0.000000
  -0.949256  -0.262112   0.000000                  -1.0000              -0.479167  -0.354167   0.000000
  -0.949256  -0.357426   0.000000                   1.0000              -0.479167  -0.395833   0.000000
  -0.949256  -0.452740   0.000000                   1.0000              -0.479167  -0.437500   0.000000
  -0.949256  -0.548053   0.000000                   0.0000              -0.479167  -0.479167   0.000000
  -0.949256  -0.643367   0.000000                   0.0000              -0.479167  -0.520833   0.000000
  -0.949256  -0.738680   0.000000                   0.0000              -0.479167  -0.562500   0.000000
  -0.949256  -0.833994   0.000000                   0.0000              -0.479167  -0.604167   0.000000
  -0.949256  -0.929308   0.000000                   1.0000              -0.479167  -0.645833   0.000000
  -0.949256  -1.024621   0.000000                   0.0000              -0.479167  -0.687500   0.000000
  -0.949256  -1.119935   0.000000                   0.0000              -0.479167  -0.729167   0.000000
  -0.949256  -1.215248   0.000000                   0.0000              -0.479167  -0.770833   0.000000
  -0.949256  -1.310562   0.000000                  -1.0000              -0.479167  -0.812500   0.000000
  -0.949256  -1.405876   0.000000                   1.0000              -0.479167  -0.854167   0.000000
  -0.949256  -1.501189   0.000000                  -0.0000              -0.479167  -0.895833   0.000000
  -0.949256  -1.596503   0.000000                   0.0000              -0.479167  -0.937500   0.000000
  -0.949256  -1.691817   0.000000                   0.0000              -0.479167  -0.979167   0.000000
  -0.949256  -1.787130   0.000000                   1.0000              -0.479167  -1.020833   0.000000
  -0.949256  -1.882444   0.000000                   0.0000              -0.479167  -1.062500   0.000000
  -0.949256  -1.977757   0.000000                  -1.0000              -0.479167  -1.104167   0.000000
  -0.949256  -2.073071   0.000000                   1.0000              -0.479167  -1.145833   0.000000
  -0.949256  -2.168385   0.000000                   0.0000              -0.479167  -1.187500   0.000000
  -0.949256  -2.263698   0.000000                   0.0000              -0.479167  -1.229167   0.000000
  -0.949256  -2.359012   0.000000                   0.0000              -0.479167  -1.270833   0.000000
  -0.949256  -2.454325   0.000000                  -0.0000              -0.479167  -1.312500   0.000000
  -0.949256  -2.549639   0.000000                  -1.0000              -0.479167  -1.354167   0.000000
  -0.949256  -2.644953   0.000000                   1.0000              -0.479167  -1.395833   0.000000
  -0.949256  -2.740266   0.000000                   1.0000              -0.479167  -1.437500   0.000000
  -0.949256  -2.835580   0.000000                   0.0000              -0.479167  -1.479167   0.000000
  -1.031800   3.979343   0.000000                   0.0000              -0.520833   1.479167   0.000000
  -1.031800   3.884029   0.000000                  -1.0000              -0.520833   1.437500   0.000000
  -1.031800   3.788716   0.000000                  -1.0000              -0.520833   1.395833   0.000000
  -1.031800   3.693402   0.000000                   1.0000              -0.520833   1.354167   0.000000
  -1.031800   3.598089   0.000000                   0.0000              -0.520833   1.312500   0.000000
  -1.031800   3.502775   0.000000                   0.0000              -0.520833   1.270833   0.000000
  -1.031800   3.407461   0.000000                  -0.0000              -0.520833   1.229167   0.000000
  -1.031800   3.312148   0.000000                   0.0000              -0.520833   1.187500   0.000000
  -1.031800   3.216834   0.000000                  -1.0000              -0.520833   1.145833   0.000000
  -1.031800   3.121521   0.000000                   1.0000              -0.520833   1.104167   0.000000
  -1.031800   3.026207   0.000000                   0.0000              -0.520833   1.062500   0.000000
  -1.031800   2.930893   0.000000                  -1.0000              -0.520833   1.020833   0.000000
  -1.031800   2.835580   0.000000                   0.0000              -0.520833   0.979167   0.000000
  -1.031800   2.740266   0.000000                   0.0000              -0.520833   0.937500   0.000000
  -1.031800   2.644953   0.000000                   0.0000              -0.520833   0.895833   0.000000
  -1.031800   2.549639   0.000000                  -1.0000              -0.520833   0.854167   0.000000
  -1.031800   2.454325   0.000000                   1.0000              -0.520833   0.812500   0.000000
  -1.031800   2.359012   0.000000                   0.0000              -0.520833   0.770833   0.000000
  -1.031800   2.263698   0.000000                   0.0000              -0.520833   0.729167   0.000000
  -1.031800   2.168385   0.000000                   0.0000              -0.520833   0.687500   0.000000
  -1.031800   2.073071   0.000000                  -1.0000              -0.520833   0.645833   0.000000
  -1.031800   1.977757   0.000000                   0.0000              -0.520833   0.604167   0.000000
  -1.031800   1.882444   0.000000                   0.0000              -0.520833   0.562500   0.000000
  -1.031800   1.787130   0.000000                   0.0000              -0.520833   0.520833   0.000000
  -1.031800   1.691817   0.000000                   0.0000              -0.520833   0.479167   0.000000
  -1.031800   1.596503   0.000000                  -1.0000              -0.520833   0.437500   0.000000
  -1.031800   1.501189   0.000000                  -1.0000              -0.520833   0.395833   0.000000
  -1.031800   1.405876   0.000000                   1.0000              -0.520833   0.354167   0.000000
  -1.031800   1.310562   0.000000                   0.0000              -0.520833   0.312500   0.000000
  -1.031800   1.215248   0.000000                   0.0000              -0.520833   0.270833   0.000000
  -1.031800   1.119935   0.000000                  -0.0000              -0.520833   0.229167   0.000000
  -1.031800   1.024621   0.000000                   0.0000              -0.520833   0.187500   0.000000
  -1.031800   0.929308   0.000000                  -1.0000              -0.520833   0.145833   0.000000
  -1.031800   0.833994   0.000000                   1.0000              -0.520833   0.104167   0.000000
  -1.031800   0.738680   0.000000                   0.0000              -0.520833   0.062500   0.000000
  -1.031800   0.643367   0.000000                  -1.0000              -0.520833   0.020833   0.000000
  -1.031800   0.548053   0.000000                   0.0000              -0.520833  -0.020833   0.000000
  -1.031800   0.452740   0.000000                   0.0000              -0.520833  -0.062500   0.000000
  -1.031800   0.357426   0.000000                   0.0000              -0.520833  -0.104167   0.000000
  -1.031800   0.262112   0.000000                  -1.0000              -0.520833  -0.145833   0.000000
  -1.031800   0.166799   0.000000                   1.0000              -0.520833  -0.187500   0.000000
  -1.031800   0.071485   0.000000                   0.0000              -0.520833  -0.229167   0.000000
  -1.031800  -0.023828   0.000000                   0.0000              -0.520833  -0.270833   0.000000
  -1.031800  -0.119142   0.000000                   0.0000              -0.520833  -0.312500   0.000000
  -1.031800  -0.214456   0.000000                  -1.0000              -0.520833  -0.354167   0.000000
  -1.031800  -0.309769   0.000000                   0.0000              -0.520833  -0.395833   0.000000
  -1.031800  -0.405083   0.000000                   0.0000              -0.520833  -0.437500   0.000000
  -1.031800  -0.500396   0.000000                   0.0000              -0.520833  -0.479167   0.000000
  -1.031800  -0.595710   0.000000                   0.0000              -0.520833  -0.520833   0.000000
  -1.031800  -0.691024   0.000000                  -1.0000              -0.520833  -0.562500   0.000000
  -1.031800  -0.786337   0.000000                  -1.0000              -0.520833  -0.604167   0.000000
  -1.031800  -0.881651   0.000000                   1.0000              -0.520833  -0.645833   0.000000
  -1.031800  -0.976964   0.000000                   0.0000              -0.520833  -0.687500   0.000000
  -1.031800  -1.072278   0.000000                   0.0000              -0.520833  -0.729167   0.000000
  -1.031800  -1.167592   0.000000                  -0.0000              -0.520833  -0.770833   0.000000
  -1.031800  -1.262905   0.000000                   0.0000              -0.520833  -0.812500   0.000000
  -1.031800  -1.358219   0.000000                  -1.0000              -0.520833  -0.854167   0.000000
  -1.031800  -1.453532   0.000000                   1.0000              -0.520833  -0.895833   0.000000
  -1.031800  -1.548846   0.000000                   0.0000              -0.520833  -0.937500   0.000000
  -1.031800  -1.644160   0.000000                  -1.0000              -0.520833  -0.979167   0.000000
  -1.031800  -1.739473   0.000000                   0.0000              -0.520833  -1.020833   0.000000
  -1.031800  -1.834787   0.000000                   0.0000              -0.520833  -1.062500   0.000000
  -1.031800  -1.930101   0.000000                   0.0000              -0.520833  -1.104167   0.000000
  -1.031800  -2.025414   0.000000                  -1.0000              -0.520833  -1.145833   0.000000
  -1.031800  -2.120728   0.000000                   1.0000              -0.520833  -1.187500   0.000000
  -1.031800  -2.216041   0.000000                   0.0000              -0.520833  -1.229167   0.000000
  -1.031800  -2.311355   0.000000                   0.0000              -0.520833  -1.270833   0.000000
  -1.031800  -2.406669   0.000000                   0.0000              -0.520833  -1.312500   0.000000
  -1.031800  -2.501982   0.000000                  -1.0000              -0.520833  -1.354167   0.000000
  -1.031800  -2.597296   0.000000                   0.0000              -0.520833  -1.395833   0.000000
  -1.031800  -2.692609   0.000000                   0.0000              -0.520833  -1.437500   0.000000
  -1.031800  -2.787923   0.000000                   0.0000              -0.520833  -1.479167   0.000000
  -1.114344   4.027000   0.000000                  -1.0000              -0.562500   1.479167   0.000000
  -1.114344   3.931686   0.000000                   1.0000              -0.562500   1.437500   0.000000
  -1.114344   3.836373   0.000000                   1.0000              -0.562500   1.395833   0.000000
  -1.114344   3.741059   0.000000                   0.0000              -0.562500   1.354167   0.000000
  -1.114344   3.645745   0.000000                  -1.0000              -0.562500   1.312500   0.000000
  -1.114344   3.550432   0.000000                   0.0000              -0.562500   1.270833   0.000000
  -1.114344   3.455118   0.000000                   0.0000              -0.562500   1.229167   0.000000
  -1.114344   3.359805   0.000000                  -0.0000              -0.562500   1.187500   0.000000
  -1.114344   3.264491   0.000000                   0.0000              -0.562500   1.145833   0.000000
  -1.114344   3.169177   0.000000                   0.0000              -0.562500   1.104167   0.000000
  -1.114344   3.073864   0.000000                   0.0000              -0.562500   1.062500   0.000000
  -1.114344   2.978550   0.000000                   1.0000              -0.562500   1.020833   0.000000
  -1.114344   2.883237   0.000000                   1.0000              -0.562500   0.979167   0.000000
  -1.114344   2.787923   0.000000                   0.0000              -0.562500   0.937500   0.000000
  -1.114344   2.692609   0.000000                   0.0000              -0.562500   0.895833   0.000000
  -1.114344   2.597296   0.000000                   1.0000              -0.562500   0.854167   0.000000
  -1.114344   2.501982   0.000000                   0.0000              -0.562500   0.812500   0.000000
  -1.114344   2.406669   0.000000                  -0.0000              -0.562500   0.770833   0.000000
  -1.114344   2.311355   0.000000                   0.0000              -0.562500   0.729167   0.000000
  -1.114344   2.216041   0.000000                   0.0000              -0.562500   0.687500   0.000000
  -1.114344   2.120728   0.000000                  -0.0000              -0.562500   0.645833   0.000000
  -1.114344   2.025414   0.000000                   0.0000              -0.562500   0.604167   0.000000
  -1.114344   1.930101   0.000000                   0.0000              -0.562500   0.562500   0.000000
  -1.114344   1.834787   0.000000                  -1.0000              -0.562500   0.520833   0.000000
  -1.114344   1.739473   0.000000                  -1.0000              -0.562500   0.479167   0.000000
  -1.114344   1.644160   0.000000                   1.0000              -0.562500   0.437500   0.000000
  -1.114344   1.548846   0.000000                   1.0000              -0.562500   0.395833   0.000000
  -1.114344   1.453532   0.000000                   0.0000              -0.562500   0.354167   0.000000
  -1.114344   1.358219   0.000000                  -1.0000              -0.562500   0.312500   0.000000
  -1.114344   1.262905   0.000000                   0.0000              -0.562500   0.270833   0.000000
  -1.114344   1.167592   0.000000                   0.0000              -0.562500   0.229167   0.000000
  -1.114344   1.072278   0.000000                  -0.0000              -0.562500   0.187500   0.000000
  -1.114344   0.976964   0.000000                   0.0000              -0.562500   0.145833   0.000000
  -1.114344   0.881651   0.000000                   0.0000              -0.562500   0.104167   0.000000
  -1.114344   0.786337   0.000000                   0.0000              -0.562500   0.062500   0.000000
  -1.114344   0.691024   0.000000                   1.0000              -0.562500   0.020833   0.000000
  -1.114344   0.595710   0.000000                   1.0000              -0.562500  -0.020833   0.000000
  -1.114344   0.500396   0.000000                   0.0000              -0.562500  -0.062500   0.000000
  -1.114344   0.405083   0.000000                   0.0000              -0.562500  -0.104167   0.000000
  -1.114344   0.309769   0.000000                   1.0000              -0.562500  -0.145833   0.000000
  -1.114344   0.214456   0.000000                   0.0000              -0.562500  -0.187500   0.000000
  -1.114344   0.119142   0.000000                  -0.0000              -0.562500  -0.229167   0.000000
  -1.114344   0.023828   0.000000                   0.0000              -0.562500  -0.270833   0.000000
  -1.114344  -0.071485   0.000000                   0.0000              -0.562500  -0.312500   0.000000
  -1.114344  -0.166799   0.000000                  -0.0000              -0.562500  -0.354167   0.000000
  -1.114344  -0.262112   0.000000                   0.0000              -0.562500  -0.395833   0.000000
  -1.114344  -0.357426   0.000000                   0.0000              -0.562500  -0.437500   0.000000
  -1.114344  -0.452740   0.000000                  -1.0000              -0.562500  -0.479167   0.000000
  -1.114344  -0.548053   0.000000                  -1.0000              -0.562500  -0.520833   0.000000
  -1.114344  -0.643367   0.000000                   1.0000              -0.562500  -0.562500   0.000000
  -1.114344  -0.738680   0.000000                   1.0000              -0.562500  -0.604167   0.000000
  -1.114344  -0.833994   0.000000                   0.0000              -0.562500  -0.645833   0.000000
  -1.114344  -0.929308   0.000000                  -1.0000              -0.562500  -0.687500   0.000000
  -1.114344  -1.024621   0.000000                   0.0000              -0.562500  -0.729167   0.000000
  -1.114344  -1.119935   0.000000                   0.0000              -0.562500  -0.770833   0.000000
  -1.114344  -1.215248   0.000000                  -0.0000              -0.562500  -0.812500   0.000000
  -1.114344  -1.310562   0.000000                   0.0000              -0.562500  -0.854167   0.000000
  -1.114344  -1.405876   0.000000                   0.0000              -0.562500  -0.895833   0.000000
  -1.114344  -1.501189   0.000000                   0.0000              -0.562500  -0.937500   0.000000
  -1.114344  -1.596503   0.000000                   1.0000              -0.562500  -0.979167   0.000000
  -1.114344  -1.691817   0.000000                   1.0000              -0.562500  -1.020833   0.000000
  -1.114344  -1.787130   0.000000                   0.0000              -0.562500  -1.062500   0.000000
  -1.114344  -1.882444   0.000000                   0.0000              -0.562500  -1.104167   0.000000
  -1.114344  -1.977757   0.000000                   1.0000              -0.562500  -1.145833   0.000000
  -1.114344  -2.073071   0.000000                   0.0000              -0.562500  -1.187500   0.000000
  -1.114344  -2.168385   0.000000                  -0.0000              -0.562500  -1.229167   0.000000
  -1.114344  -2.263698   0.000000                   0.0000              -0.562500  -1.270833   0.000000
  -1.114344  -2.359012   0.000000                   0.0000              -0.562500  -1.312500   0.000000
  -1.114344  -2.454325   0.000000                  -0.0000              -0.562500  -1.354167   0.000000
  -1.114344  -2.549639   0.000000                   0.0000              -0.562500  -1.395833   0.000000
  -1.114344  -2.644953   0.000000                   0.0000              -0.562500  -1.437500   0.000000
  -1.114344  -2.740266   0.000000                  -1.0000              -0.562500  -1.479167   0.000000
  -1.196888   4.074657   0.000000                   1.0000              -0.604167   1.479167   0.000000
  -1.196888   3.979343   0.000000                   0.0000              -0.604167   1.437500   0.000000
  -1.196888   3.884029   0.000000                   0.0000              -0.604167   1.395833   0.000000
  -1.196888   3.788716   0.000000                   0.0000              -0.604167   1.354167   0.000000
  -1.196888   3.693402   0.000000                   0.0000              -0.604167   1.312500   0.000000
  -1.196888   3.598089   0.000000                  -1.0000              -0.604167   1.270833   0.000000
  -1.196888   3.502775   0.000000                   0.0000              -0.604167   1.229167   0.000000
  -1.196888   3.407461   0.000000                   0.0000              -0.604167   1.187500   0.000000
  -1.196888   3.312148   0.000000                   0.0000              -0.604167   1.145833   0.000000
  -1.196888   3.216834   0.000000                   0.0000              -0.604167   1.104167   0.000000
  -1.196888   3.121521   0.000000                   1.0000              -0.604167   1.062500   0.000000
  -1.196888   3.026207   0.000000                  -1.0000              -0.604167   1.020833   0.000000
  -1.196888   2.930893   0.000000                   0.0000              -0.604167   0.979167   0.000000
  -1.196888   2.835580   0.000000                   0.0000              -0.604167   0.937500   0.000000
  -1.196888   2.740266   0.000000                  -0.0000              -0.604167   0.895833   0.000000
  -1.196888   2.644953   0.000000                  -1.0000              -0.604167   0.854167   0.000000
  -1.196888   2.549639   0.000000                  -1.0000              -0.604167   0.812500   0.000000
  -1.196888   2.454325   0.000000                   0.0000              -0.604167   0.770833   0.000000
  -1.196888   2.359012   0.000000                   0.0000              -0.604167   0.729167   0.000000
  -1.196888   2.263698   0.000000                  -0.0000              -0.604167   0.687500   0.000000
  -1.196888   2.168385   0.000000                   0.0000              -0.604167   0.645833   0.000000
  -1.196888   2.073071   0.000000                   1.0000              -0.604167   0.604167   0.000000
  -1.196888   1.977757   0.000000                  -1.0000              -0.604167   0.562500   0.000000
  -1.196888   1.882444   0.000000                   0.0000              -0.604167   0.520833   0.000000
  -1.196888   1.787130   0.000000                   1.0000              -0.604167   0.479167   0.000000
  -1.196888   1.691817   0.000000                   0.0000              -0.604167   0.437500   0.000000
  -1.196888   1.596503   0.000000                   0.0000              -0.604167   0.395833   0.000000
  -1.196888   1.501189   0.000000                   0.0000              -0.604167   0.354167   0.000000
  -1.196888   1.405876   0.000000                   0.0000              -0.604167   0.312500   0.000000
  -1.196888   1.310562   0.000000                  -1.0000              -0.604167   0.270833   0.000000
  -1.196888   1.215248   0.000000                   0.0000              -0.604167   0.229167   0.000000
  -1.196888   1.119935   0.000000                   0.0000              -0.604167   0.187500   0.000000
  -1.196888   1.024621   0.000000                   0.0000              -0.604167   0.145833   0.000000
  -1.196888   0.929308   0.000000                   0.0000              -0.604167   0.104167   0.000000
  -1.196888   0.833994   0.000000                   1.0000              -0.604167   0.062500   0.000000
  -1.196888   0.738680   0.000000                  -1.0000              -0.604167   0.020833   0.000000
  -1.196888   0.643367   0.000000                   0.0000              -0.604167  -0.020833   0.000000
  -1.196888   0.548053   0.000000                   0.0000              -0.604167  -0.062500   0.000000
  -1.196888   0.452740   0.000000                  -0.0000              -0.604167  -0.104167   0.000000
  -1.196888   0.357426   0.000000                  -1.0000              -0.604167  -0.145833   0.000000
  -1.196888   0.262112   0.000000                  -1.0000              -0.604167  -0.187500   0.000000
  -1.196888   0.166799   0.000000                   0.0000              -0.604167  -0.229167   0.000000
  -1.196888   0.071485   0.000000                   0.0000              -0.604167  -0.270833   0.000000
  -1.196888  -0.023828   0.000000                  -0.0000              -0.604167  -0.312500   0.000000
  -1.196888  -0.119142   0.000000                   0.0000              -0.604167  -0.354167   0.000000
  -1.196888  -0.214456   0.000000                   1.0000              -0.604167  -0.395833   0.000000
  -1.196888  -0.309769   0.000000                  -1.0000              -0.604167  -0.437500   0.000000
  -1.196888  -0.405083   0.000000                   0.0000              -0.604167  -0.479167   0.000000
  -1.196888  -0.500396   0.000000                   1.0000              -0.604167  -0.520833   0.000000
  -1.196888  -0.595710   0.000000                   0.0000              -0.604167  -0.562500   0.000000
  -1.196888  -0.691024   0.000000                   0.0000              -0.604167  -0.604167   0.000000
  -1.196888  -0.786337   0.000000                   0.0000              -0.604167  -0.645833   0.000000
  -1.196888  -0.881651   0.000000                   0.0000              -0.604167  -0.687500   0.000000
  -1.196888  -0.976964   0.000000                  -1.0000              -0.604167  -0.729167   0.000000
  -1.196888  -1.072278   0.000000                   0.0000              -0.604167  -0.770833   0.000000
  -1.196888  -1.167592   0.000000                   0.0000              -0.604167  -0.812500   0.000000
  -1.196888  -1.262905   0.000000                   0.0000              -0.604167  -0.854167   0.000000
  -1.196888  -1.358219   0.000000                   0.0000              -0.604167  -0.895833   0.000000
  -1.196888  -1.453532   0.000000                   1.0000              -0.604167  -0.937500   0.000000
  -1.196888  -1.548846   0.000000                  -1.0000              -0.604167  -0.979167   0.000000
  -1.196888  -1.644160   0.000000                   0.0000              -0.604167  -1.020833   0.000000
  -1.196888  -1.739473   0.000000                   0.0000              -0.604167  -1.062500   0.000000
  -1.196888  -1.834787   0.000000                  -0.0000              -0.604167  -1.104167   0.000000
  -1.196888  -1.930101   0.000000                  -1.0000              -0.604167  -1.145833   0.000000
  -1.196888  -2.025414   0.000000                  -1.0000              -0.604167  -1.187500   0.000000
  -1.196888  -2.120728   0.000000                   0.0000              -0.604167  -1.229167   0.000000
  -1.196888  -2.216041   0.000000                   0.0000              -0.604167  -1.270833   0.000000
  -1.196888  -2.311355   0.000000                  -0.0000              -0.604167  -1.312500   0.000000
  -1.196888  -2.406669   0.000000                   0.0000              -0.604167  -1.354167   0.000000
  -1.196888  -2.501982   0.000000                   1.0000              -0.604167  -1.395833   0.000000
  -1.196888  -2.597296   0.000000                  -1.0000              -0.604167  -1.437500   0.000000
  -1.196888  -2.692609   0.000000                   0.0000              -0.604167  -1.479167   0.000000
  -1.279432   4.122313   0.000000                   0.0000              -0.645833   1.479167   0.000000
  -1.279432   4.027000   0.000000                   0.0000              -0.645833   1.437500   0.000000
  -1.279432   3.931686   0.000000                  -1.0000              -0.645833   1.395833   0.000000
  -1.279432   3.836373   0.000000                   0.0000              -0.645833   1.354167   0.000000
  -1.279432   3.741059   0.000000                   1.0000              -0.645833   1.312500   0.000000
  -1.279432   3.645745   0.000000                   0.0000              -0.645833   1.270833   0.000000
  -1.279432   3.550432   0.000000                   0.0000              -0.645833   1.229167   0.000000
  -1.279432   3.455118   0.000000                   0.0000              -0.645833   1.187500   0.000000
  -1.279432   3.359805   0.000000                   0.0000              -0.645833   1.145833   0.000000
  -1.279432   3.264491   0.000000                   0.0000              -0.645833   1.104167   0.000000
  -1.279432   3.169177   0.000000                   0.0000              -0.645833   1.062500   0.000000
  -1.279432   3.073864   0.000000                   1.0000              -0.645833   1.020833   0.000000
  -1.279432   2.978550   0.000000                  -1.0000              -0.645833   0.979167   0.000000
  -1.279432   2.883237   0.000000                   0.0000              -0.645833   0.937500   0.000000
  -1.279432   2.787923   0.000000                  -1.0000              -0.645833   0.895833   0.000000
  -1.279432   2.692609   0.000000                   1.0000              -0.645833   0.854167   0.000000
  -1.279432   2.597296   0.000000                   0.0000              -0.645833   0.812500   0.000000
  -1.279432   2.501982   0.000000                   0.0000              -0.645833   0.770833   0.000000
  -1.279432   2.406669   0.000000                   1.0000              -0.645833   0.729167   0.000000
  -1.279432   2.311355   0.000000                  -1.0000              -0.645833   0.687500   0.000000
  -1.279432   2.216041   0.000000                   1.0000              -0.645833   0.645833   0.000000
  -1.279432   2.120728   0.000000                  -1.0000              -0.645833   0.604167   0.000000
  -1.279432   2.025414   0.000000                   0.0000              -0.645833   0.562500   0.000000
  -1.279432   1.930101   0.000000                   0.0000              -0.645833   0.520833   0.000000
  -1.279432   1.834787   0.000000                   0.0000              -0.645833   0.479167   0.000000
  -1.279432   1.739473   0.000000                   0.0000              -0.645833   0.437500   0.000000
  -1.279432   1.644160   0.000000                  -1.0000              -0.645833   0.395833   0.000000
  -1.279432   1.548846   0.000000                   0.0000              -0.645833   0.354167   0.000000
  -1.279432   1.453532   0.000000                   1.0000              -0.645833   0.312500   0.000000
  -1.279432   1.358219   0.000000                   0.0000              -0.645833   0.270833   0.000000
  -1.279432   1.262905   0.000000                   0.0000              -0.645833   0.229167   0.000000
  -1.279432   1.167592   0.000000                   0.0000              -0.645833   0.187500   0.000000
  -1.279432   1.072278   0.000000                   0.0000              -0.645833   0.145833   0.000000
  -1.279432   0.976964   0.000000                   0.0000              -0.645833   0.104167   0.000000
  -1.279432   0.881651   0.000000                   0.0000              -0.645833   0.062500   0.000000
  -1.279432   0.786337   0.000000                   1.0000              -0.645833   0.020833   0.000000
  -1.279432   0.691024   0.000000                  -1.0000              -0.645833  -0.020833   0.000000
  -1.279432   0.595710   0.000000                   0.0000              -0.645833  -0.062500   0.000000
  -1.279432   0.500396   0.000000                  -1.0000              -0.645833  -0.104167   0.000000
  -1.279432   0.405083   0.000000                   1.0000              -0.645833  -0.145833   0.000000
  -1.279432   0.309769   0.000000                   0.0000              -0.645833  -0.187500   0.000000
  -1.279432   0.214456   0.000000                   0.0000              -0.645833  -0.229167   0.000000
  -1.279432   0.119142   0.000000                   1.0000              -0.645833  -0.270833   0.000000
  -1.279432   0.023828   0.000000                  -1.0000              -0.645833  -0.312500   0.000000
  -1.279432  -0.071485   0.000000                   1.0000              -0.645833  -0.354167   0.000000
  -1.279432  -0.166799   0.000000                  -1.0000              -0.645833  -0.395833   0.000000
  -1.279432  -0.262112   0.000000                   0.0000              -0.645833  -0.437500   0.000000
  -1.279432  -0.357426   0.000000                   0.0000              -0.645833  -0.479167   0.000000
  -1.279432  -0.452740   0.000000                   0.0000              -0.645833  -0.520833   0.000000
  -1.279432  -0.548053   0.000000                   0.0000              -0.645833  -0.562500   0.000000
  -1.279432  -0.643367   0.000000                  -1.0000              -0.645833  -0.604167   0.000000
  -1.279432  -0.738680   0.000000                   0.0000              -0.645833  -0.645833   0.000000
  -1.279432  -0.833994   0.000000                   1.0000              -0.645833  -0.687500   0.000000
  -1.279432  -0.929308   0.000000                   0.0000              -0.645833  -0.729167   0.000000
  -1.279432  -1.024621   0.000000                   0.0000              -0.645833  -0.770833   0.000000
  -1.279432  -1.119935   0.000000                   0.0000              -0.645833  -0.812500   0.000000
  -1.279432  -1.215248   0.000000                   0.0000              -0.645833  -0.854167   0.000000
  -1.279432  -1.310562   0.000000                   0.0000              -0.645833  -0.895833   0.000000
  -1.279432  -1.405876   0.000000                   0.0000              -0.645833  -0.937500   0.000000
  -1.279432  -1.501189   0.000000                   1.0000              -0.645833  -0.979167   0.000000
  -1.279432  -1.596503   0.000000                  -1.0000              -0.645833  -1.020833   0.000000
  -1.279432  -1.691817   0.000000                   0.0000              -0.645833  -1.062500   0.000000
  -1.279432  -1.787130   0.000000                  -1.0000              -0.645833  -1.104167   0.000000
  -1.279432  -1.882444   0.000000                   1.0000              -0.645833  -1.145833   0.000000
  -1.279432  -1.977757   0.000000                   0.0000              -0.645833  -1.187500   0.000000
  -1.279432  -2.073071   0.000000                   0.0000              -0.645833  -1.229167   0.000000
  -1.279432  -2.168385   0.000000                   1.0000              -0.645833  -1.270833   0.000000
  -1.279432  -2.263698   0.000000                  -1.0000              -0.645833  -1.312500   0.000000
  -1.279432  -2.359012   0.000000                   1.0000              -0.645833  -1.354167   0.000000
  -1.279432  -2.454325   0.000000                  -1.0000              -0.645833  -1.395833   0.000000
  -1.279432  -2.549639   0.000000                   0.0000              -0.645833  -1.437500   0.000000
  -1.279432  -2.644953   0.000000                   0.0000              -0.645833  -1.479167   0.000000
  -1.361976   4.169970   0.000000                   0.0000              -0.687500   1.479167   0.000000
  -1.361976   4.074657   0.000000                   0.0000              -0.687500   1.437500   0.000000
  -1.361976   3.979343   0.000000                   0.0000              -0.687500   1.395833   0.000000
  -1.361976   3.884029   0.000000                  -0.0000              -0.687500   1.354167   0.000000
  -1.361976   3.788716   0.000000                  -1.0000              -0.687500   1.312500   0.000000
  -1.361976   3.693402   0.000000                   1.0000              -0.687500   1.270833   0.000000
  -1.361976   3.598089   0.000000                   0.0000              -0.687500   1.229167   0.000000
  -1.361976   3.502775   0.000000                   0.0000              -0.687500   1.187500   0.000000
  -1.361976   3.407461   0.000000                   0.0000              -0.687500   1.145833   0.000000
  -1.361976   3.312148   0.000000                  -0.0000              -0.687500   1.104167   0.000000
  -1.361976   3.216834   0.000000                  -1.0000              -0.687500   1.062500   0.000000
  -1.361976   3.121521   0.000000                   0.0000              -0.687500   1.020833   0.000000
  -1.361976   3.026207   0.000000                   0.0000              -0.687500   0.979167   0.000000
  -1.361976   2.930893   0.000000                   0.0000              -0.687500   0.937500   0.000000
  -1.361976   2.835580   0.000000                   0.0000              -0.687500   0.895833   0.000000
  -1.361976   2.740266   0.000000                   0.0000              -0.687500   0.854167   0.000000
  -1.361976   2.644953   0.000000                   0.0000              -0.687500   0.812500   0.000000
  -1.361976   2.549639   0.000000                   0.0000              -0.687500   0.770833   0.000000
  -1.361976   2.454325   0.000000                  -1.0000              -0.687500   0.729167   0.000000
  -1.361976   2.359012   0.000000                   1.0000              -0.687500   0.687500   0.000000
  -1.361976   2.263698   0.000000                   0.0000              -0.687500   0.645833   0.000000
  -1.361976   2.168385   0.000000                   0.0000              -0.687500   0.604167   0.000000
  -1.361976   2.073071   0.000000                   0.0000              -0.687500   0.562500   0.000000
  -1.361976   1.977757   0.000000                   1.0000              -0.687500   0.520833   0.000000
  -1.361976   1.882444   0.000000                   0.0000              -0.687500   0.479167   0.000000
  -1.361976   1.787130   0.000000                   0.0000              -0.687500   0.437500   0.000000
  -1.361976   1.691817   0.000000                   0.0000              -0.687500   0.395833   0.000000
  -1.361976   1.596503   0.000000                  -0.0000              -0.687500   0.354167   0.000000
  -1.361976   1.501189   0.000000                  -1.0000              -0.687500   0.312500   0.000000
  -1.361976   1.405876   0.000000                   1.0000              -0.687500   0.270833   0.000000
  -1.361976   1.310562   0.000000                   0.0000              -0.687500   0.229167   0.000000
  -1.361976   1.215248   0.000000                   0.0000              -0.687500   0.187500   0.000000
  -1.361976   1.119935   0.000000                   0.0000              -0.687500   0.145833   0.000000
  -1.361976   1.024621   0.000000                  -0.0000              -0.687500   0.104167   0.000000
  -1.361976   0.929308   0.000000                  -1.0000              -0.687500   0.062500   0.000000
  -1.361976   0.833994   0.000000                   0.0000              -0.687500   0.020833   0.000000
  -1.361976   0.738680   0.000000                   0.0000              -0.687500  -0.020833   0.000000
  -1.361976   0.643367   0.000000                   0.0000              -0.687500  -0.062500   0.000000
  -1.361976   0.548053   0.000000                   0.0000              -0.687500  -0.104167   0.000000
  -1.361976   0.452740   0.000000                   0.0000              -0.687500  -0.145833   0.000000
  -1.361976   0.357426   0.000000                   0.0000              -0.687500  -0.187500   0.000000
  -1.361976   0.262112   0.000000                   0.0000              -0.687500  -0.229167   0.000000
  -1.361976   0.166799   0.000000                  -1.0000              -0.687500  -0.270833   0.000000
  -1.361976   0.071485   0.000000                   1.0000              -0.687500  -0.312500   0.000000
  -1.361976  -0.023828   0.000000                   0.0000              -0.687500  -0.354167   0.000000
  -1.361976  -0.119142   0.000000                   0.0000              -0.687500  -0.395833   0.000000
  -1.361976  -0.214456   0.000000                   0.0000              -0.687500  -0.437500   0.000000
  -1.361976  -0.309769   0.000000                   1.0000              -0.687500  -0.479167   0.000000
  -1.361976  -0.405083   0.000000                   0.0000              -0.687500  -0.520833   0.000000
  -1.361976  -0.500396   0.000000                   0.0000              -0.687500  -0.562500   0.000000
  -1.361976  -0.595710   0.000000                   0.0000              -0.687500  -0.604167   0.000000
  -1.361976  -0.691024   0.000000                  -0.0000              -0.687500  -0.645833   0.000000
  -1.361976  -0.786337   0.000000                  -1.0000              -0.687500  -0.687500   0.000000
  -1.361976  -0.881651   0.000000                   1.0000              -0.687500  -0.729167   0.000000
  -1.361976  -0.976964   0.000000                   0.0000              -0.687500  -0.770833   0.000000
  -1.361976  -1.072278   0.000000                   0.0000              -0.687500  -0.812500   0.000000
  -1.361976  -1.167592   0.000000                   0.0000              -0.687500  -0.854167   0.000000
  -1.361976  -1.262905   0.000000                  -0.0000              -0.687500  -0.895833   0.000000
  -1.361976  -1.358219   0.000000                  -1.0000              -0.687500  -0.937500   0.000000
  -1.361976  -1.453532   0.000000                   0.0000              -0.687500  -0.979167   0.000000
  -1.361976  -1.548846   0.000000                   0.0000              -0.687500  -1.020833   0.000000
  -1.361976  -1.644160   0.000000                   0.0000              -0.687500  -1.062500   0.000000
  -1.361976  -1.739473   0.000000                   0.0000              -0.687500  -1.104167   0.000000
  -1.361976  -1.834787   0.000000                   0.0000              -0.687500  -1.145833   0.000000
  -1.361976  -1.930101   0.000000                   0.0000              -0.687500  -1.187500   0.000000
  -1.361976  -2.025414   0.000000                   0.0000              -0.687500  -1.229167   0.000000
  -1.361976  -2.120728   0.000000                  -1.0000              -0.687500  -1.270833   0.000000
  -1.361976  -2.216041   0.000000                   1.0000              -0.687500  -1.312500   0.000000
  -1.361976  -2.311355   0.000000                   0.0000              -0.687500  -1.354167   0.000000
  -1.361976  -2.406669   0.000000                   0.0000              -0.687500  -1.395833   0.000000
  -1.361976  -2.501982   0.000000                   0.0000              -0.687500  -1.437500   0.000000
  -1.361976  -2.597296   0.000000                   1.0000              -0.687500  -1.479167   0.000000
  -1.444520   4.217627   0.000000                   0.0000              -0.729167   1.479167   0.000000
  -1.444520   4.122313   0.000000                   0.0000              -0.729167   1.437500   0.000000
  -1.444520   4.027000   0.000000                   0.0000              -0.729167   1.395833   0.000000
  -1.444520   3.931686   0.000000                   1.0000              -0.729167   1.354167   0.000000
  -1.444520   3.836373   0.000000                   0.0000              -0.729167   1.312500   0.000000
  -1.444520   3.741059   0.000000                   1.0000              -0.729167   1.270833   0.000000
  -1.444520   3.645745   0.000000                  -1.0000              -0.729167   1.229167   0.000000
  -1.444520   3.550432   0.000000                   0.0000              -0.729167   1.187500   0.000000
  -1.444520   3.455118   0.000000                  -1.0000              -0.729167   1.145833   0.000000
  -1.444520   3.359805   0.000000                   1.0000              -0.729167   1.104167   0.000000
  -1.444520   3.264491   0.000000                   0.0000              -0.729167   1.062500   0.000000
  -1.444520   3.169177   0.000000                   0.0000              -0.729167   1.020833   0.000000
  -1.444520   3.073864   0.000000                   1.0000              -0.729167   0.979167   0.000000
  -1.444520   2.978550   0.000000                   1.0000              -0.729167   0.937500   0.000000
  -1.444520   2.883237   0.000000                  -1.0000              -0.729167   0.895833   0.000000
  -1.444520   2.787923   0.000000                   0.0000              -0.729167   0.854167   0.000000
  -1.444520   2.692609   0.000000                   0.0000              -0.729167   0.812500   0.000000
  -1.444520   2.597296   0.000000                   0.0000              -0.729167   0.770833   0.000000
  -1.444520   2.501982   0.000000                   0.0000              -0.729167   0.729167   0.000000
  -1.444520   2.406669   0.000000                   0.0000              -0.729167   0.687500   0.000000
  -1.444520   2.311355   0.000000                  -1.0000              -0.729167   0.645833   0.000000
  -1.444520   2.216041   0.000000                   1.0000              -0.729167   0.604167   0.000000
  -1.444520   2.120728   0.000000                  -1.0000              -0.729167   0.562500   0.000000
  -1.444520   2.025414   0.000000                   0.0000              -0.729167   0.520833   0.000000
  -1.444520   1.930101   0.000000                   0.0000              -0.729167   0.479167   0.000000
  -1.444520   1.834787   0.000000                   0.0000              -0.729167   0.437500   0.000000
  -1.444520   1.739473   0.000000                   0.0000              -0.729167   0.395833   0.000000
  -1.444520   1.644160   0.000000                   1.0000              -0.729167   0.354167   0.000000
  -1.444520   1.548846   0.000000                   0.0000              -0.729167   0.312500   0.000000
  -1.444520   1.453532   0.000000                   1.0000              -0.729167   0.270833   0.000000
  -1.444520   1.358219   0.000000                  -1.0000              -0.729167   0.229167   0.000000
  -1.444520   1.262905   0.000000                   0.0000              -0.729167   0.187500   0.000000
  -1.444520   1.167592   0.000000                  -1.0000              -0.729167   0.145833   0.000000
  -1.444520   1.072278   0.000000                   1.0000              -0.729167   0.104167   0.000000
  -1.444520   0.976964   0.000000                   0.0000              -0.729167   0.062500   0.000000
  -1.444520   0.881651   0.000000                   0.0000              -0.729167   0.020833   0.000000
  -1.444520   0.786337   0.000000                   1.0000              -0.729167  -0.020833   0.000000
  -1.444520   0.691024   0.000000                   1.0000              -0.729167  -0.062500   0.000000
  -1.444520   0.595710   0.000000                  -1.0000              -0.729167  -0.104167   0.000000
  -1.444520   0.500396   0.000000                   0.0000              -0.729167  -0.145833   0.000000
  -1.444520   0.405083   0.000000                   0.0000              -0.729167  -0.187500   0.000000
  -1.444520   0.309769   0.000000                   0.0000              -0.729167  -0.229167   0.000000
  -1.444520   0.214456   0.000000                   0.0000              -0.729167  -0.270833   0.000000
  -1.444520   0.119142   0.000000                   0.0000              -0.729167  -0.312500   0.000000
  -1.444520   0.023828   0.000000                  -1.0000              -0.729167  -0.354167   0.000000
  -1.444520  -0.071485   0.000000                   1.0000              -0.729167  -0.395833   0.000000
  -1.444520  -0.166799   0.000000                  -1.0000              -0.729167  -0.437500   0.000000
  -1.444520  -0.262112   0.000000                   0.0000              -0.729167  -0.479167   0.000000
  -1.444520  -0.357426   0.000000                   0.0000              -0.729167  -0.520833   0.000000
  -1.444520  -0.452740   0.000000                   0.0000              -0.729167  -0.562500   0.000000
  -1.444520  -0.548053   0.000000                   0.0000              -0.729167  -0.604167   0.000000
  -1.444520  -0.643367   0.000000                   1.0000              -0.729167  -0.645833   0.000000
  -1.444520  -0.738680   0.000000                   0.0000              -0.729167  -0.687500   0.000000
  -1.444520  -0.833994   0.000000                   1.0000              -0.729167  -0.729167   0.000000
  -1.444520  -0.929308   0.000000                  -1.0000              -0.729167  -0.770833   0.000000
  -1.444520  -1.024621   0.000000                   0.0000              -0.729167  -0.812500   0.000000
  -1.444520  -1.119935   0.000000                  -1.0000              -0.729167  -0.854167   0.000000
  -1.444520  -1.215248   0.000000                   1.0000              -0.729167  -0.895833   0.000000
  -1.444520  -1.310562   0.000000                   0.0000              -0.729167  -0.937500   0.000000
  -1.444520  -1.405876   0.000000                   0.0000              -0.729167  -0.979167   0.000000
  -1.444520  -1.501189   0.000000                   1.0000              -0.729167  -1.020833   0.000000
  -1.444520  -1.596503   0.000000                   1.0000              -0.729167  -1.062500   0.000000
  -1.444520  -1.691817   0.000000                  -1.0000              -0.729167  -1.104167   0.000000
  -1.444520  -1.787130   0.000000                   0.0000              -0.729167  -1.145833   0.000000
  -1.444520  -1.882444   0.000000                   0.0000              -0.729167  -1.187500   0.000000
  -1.444520  -1.977757   0.000000                   0.0000              -0.729167  -1.229167   0.000000
  -1.444520  -2.073071   0.000000                   0.0000              -0.729167  -1.270833   0.000000
  -1.444520  -2.168385   0.000000                   0.0000              -0.729167  -1.312500   0.000000
  -1.444520  -2.263698   0.000000                  -1.0000              -0.729167  -1.354167   0.000000
  -1.444520  -2.359012   0.000000                   1.0000              -0.729167  -1.395833   0.000000
  -1.444520  -2.454325   0.000000                  -1.0000              -0.729167  -1.437500   0.000000
  -1.444520  -2.549639   0.000000                   0.0000              -0.729167  -1.479167   0.000000
  -1.527064   4.265284   0.000000                   0.0000              -0.770833   1.479167   0.000000
  -1.527064   4.169970   0.000000                   0.0000              -0.770833   1.437500   0.000000
  -1.527064   4.074657   0.000000                   0.0000              -0.770833   1.395833   0.000000
  -1.527064   3.979343   0.000000                   0.0000              -0.770833   1.354167   0.000000
  -1.527064   3.884029   0.000000                   0.0000              -0.770833   1.312500   0.000000
  -1.527064   3.788716   0.000000                  -1.0000              -0.770833   1.270833   0.000000
  -1.527064   3.693402   0.000000                   1.0000              -0.770833   1.229167   0.000000
  -1.527064   3.598089   0.000000                   0.0000              -0.770833   1.187500   0.000000
  -1.527064   3.502775   0.000000                   0.0000              -0.770833   1.145833   0.000000
  -1.527064   3.407461   0.000000                   0.0000              -0.770833   1.104167   0.000000
  -1.527064   3.312148   0.000000                  -0.0000              -0.770833   1.062500   0.000000
  -1.527064   3.216834   0.000000                   0.0000              -0.770833   1.020833   0.000000
  -1.527064   3.121521   0.000000                   0.0000              -0.770833   0.979167   0.000000
  -1.527064   3.026207   0.000000                   0.0000              -0.770833   0.937500   0.000000
  -1.527064   2.930893   0.000000                   0.0000              -0.770833   0.895833   0.000000
  -1.527064   2.835580   0.000000                   0.0000              -0.770833   0.854167   0.000000
  -1.527064   2.740266   0.000000                  -1.0000              -0.770833   0.812500   0.000000
  -1.527064   2.644953   0.000000                   0.0000              -0.770833   0.770833   0.000000
  -1.527064   2.549639   0.000000                   0.0000              -0.770833   0.729167   0.000000
  -1.527064   2.454325   0.000000                   0.0000              -0.770833   0.687500   0.000000
  -1.527064   2.359012   0.000000                   0.0000              -0.770833   0.645833   0.000000
  -1.527064   2.263698   0.000000                   0.0000              -0.770833   0.604167   0.000000
  -1.527064   2.168385   0.000000                   1.0000              -0.770833   0.562500   0.000000
  -1.527064   2.073071   0.000000                  -1.0000              -0.770833   0.520833   0.000000
  -1.527064   1.977757   0.000000                   0.0000              -0.770833   0.479167   0.000000
  -1.527064   1.882444   0.000000                   0.0000              -0.770833   0.437500   0.000000
  -1.527064   1.787130   0.000000                   0.0000              -0.770833   0.395833   0.000000
  -1.527064   1.691817   0.000000                   0.0000              -0.770833   0.354167   0.000000
  -1.527064   1.596503   0.000000                   0.0000              -0.770833   0.312500   0.000000
  -1.527064   1.501189   0.000000                  -1.0000              -0.770833   0.270833   0.000000
  -1.527064   1.405876   0.000000                   1.0000              -0.770833   0.229167   0.000000
  -1.527064   1.310562   0.000000                   0.0000              -0.770833   0.187500   0.000000
  -1.527064   1.215248   0.000000                   0.0000              -0.770833   0.145833   0.000000
  -1.527064   1.119935   0.000000                   0.0000              -0.770833   0.104167   0.000000
  -1.527064   1.024621   0.000000                  -0.0000              -0.770833   0.062500   0.000000
  -1.527064   0.929308   0.000000                   0.0000              -0.770833   0.020833   0.000000
  -1.527064   0.833994   0.000000                   0.0000              -0.770833  -0.020833   0.000000
  -1.527064   0.738680   0.000000                   0.0000              -0.770833  -0.062500   0.000000
  -1.527064   0.643367   0.000000                   0.0000              -0.770833  -0.104167   0.000000
  -1.527064   0.548053   0.000000                   0.0000              -0.770833  -0.145833   0.000000
  -1.527064   0.452740   0.000000                  -1.0000              -0.770833  -0.187500   0.000000
  -1.527064   0.357426   0.000000                   0.0000              -0.770833  -0.229167   0.000000
  -1.527064   0.262112   0.000000                   0.0000              -0.770833  -0.270833   0.000000
  -1.527064   0.166799   0.000000                   0.0000              -0.770833  -0.312500   0.000000
  -1.527064   0.071485   0.000000                   0.0000              -0.770833  -0.354167   0.000000
  -1.527064  -0.023828   0.000000                   0.0000              -0.770833  -0.395833   0.000000
  -1.527064  -0.119142   0.000000                   1.0000              -0.770833  -0.437500   0.000000
  -1.527064  -0.214456   0.000000                  -1.0000              -0.770833  -0.479167   0.000000
  -1.527064  -0.309769   0.000000                   0.0000              -0.770833  -0.520833   0.000000
  -1.527064  -0.405083   0.000000                   0.0000              -0.770833  -0.562500   0.000000
  -1.527064  -0.500396   0.000000                   0.0000              -0.770833  -0.604167   0.000000
  -1.527064  -0.595710   0.000000                   0.0000              -0.770833  -0.645833   0.000000
  -1.527064  -0.691024   0.000000                   0.0000              -0.770833  -0.687500   0.000000
  -1.527064  -0.786337   0.000000                  -1.0000              -0.770833  -0.729167   0.000000
  -1.527064  -0.881651   0.000000                   1.0000              -0.770833  -0.770833   0.000000
  -1.527064  -0.976964   0.000000                   0.0000              -0.770833  -0.812500   0.000000
  -1.527064  -1.072278   0.000000                   0.0000              -0.770833  -0.854167   0.000000
  -1.527064  -1.167592   0.000000                   0.0000              -0.770833  -0.895833   0.000000
  -1.527064  -1.262905   0.000000                  -0.0000              -0.770833  -0.937500   0.000000
  -1.527064  -1.358219   0.000000                   0.0000              -0.770833  -0.979167   0.000000
  -1.527064  -1.453532   0.000000                   0.0000              -0.770833  -1.020833   0.000000
  -1.527064  -1.548846   0.000000                   0.0000              -0.770833  -1.062500   0.000000
  -1.527064  -1.644160   0.000000                   0.0000              -0.770833  -1.104167   0.000000
  -1.527064  -1.739473   0.000000                   0.0000              -0.770833  -1.145833   0.000000
  -1.527064  -1.834787   0.000000                  -1.0000              -0.770833  -1.187500   0.000000
  -1.527064  -1.930101   0.000000                   0.0000              -0.770833  -1.229167   0.000000
  -1.527064  -2.025414   0.000000                   0.0000              -0.770833  -1.270833   0.000000
  -1.527064  -2.120728   0.000000                   0.0000              -0.770833  -1.312500   0.000000
  -1.527064  -2.216041   0.000000                   0.0000              -0.770833  -1.354167   0.000000
  -1.527064  -2.311355   0.000000                   0.0000              -0.770833  -1.395833   0.000000
  -1.527064  -2.406669   0.000000                   1.0000              -0.770833  -1.437500   0.000000
  -1.527064  -2.501982   0.000000                  -1.0000              -0.770833  -1.479167   0.000000
  -1.609608   4.312941   0.000000                   0.0000              -0.812500   1.479167   0.000000
  -1.609608   4.217627   0.000000                  -0.0000              -0.812500   1.437500   0.000000
  -1.609608   4.122313   0.000000                   0.0000              -0.812500   1.395833   0.000000
  -1.609608   4.027000   0.000000                  -1.0000              -0.812500   1.354167   0.000000
  -1.609608   3.931686   0.000000                   0.0000              -0.812500   1.312500   0.000000
  -1.609608   3.836373   0.000000                   0.0000              -0.812500   1.270833   0.000000
  -1.609608   3.741059   0.000000                   1.0000              -0.812500   1.229167   0.000000
  -1.609608   3.645745   0.000000                  -1.0000              -0.812500   1.187500   0.000000
  -1.609608   3.550432   0.000000                   1.0000              -0.812500   1.145833   0.000000
  -1.609608   3.455118   0.000000                   0.0000              -0.812500   1.104167   0.000000
  -1.609608   3.359805   0.000000                  -1.0000              -0.812500   1.062500   0.000000
  -1.609608   3.264491   0.000000                  -0.0000              -0.812500   1.020833   0.000000
  -1.609608   3.169177   0.000000                   0.0000              -0.812500   0.979167   0.000000
  -1.609608   3.073864   0.000000                   0.0000              -0.812500   0.937500   0.000000
  -1.609608   2.978550   0.000000                  -1.0000              -0.812500   0.895833   0.000000
  -1.609608   2.883237   0.000000                   0.0000              -0.812500   0.854167   0.000000
  -1.609608   2.787923   0.000000                   1.0000              -0.812500   0.812500   0.000000
  -1.609608   2.692609   0.000000                   0.0000              -0.812500   0.770833   0.000000
  -1.609608   2.597296   0.000000                   1.0000              -0.812500   0.729167   0.000000
  -1.609608   2.501982   0.000000                   0.0000              -0.812500   0.687500   0.000000
  -1.609608   2.406669   0.000000                   0.0000              -0.812500   0.645833   0.000000
  -1.609608   2.311355   0.000000                   0.0000              -0.812500   0.604167   0.000000
  -1.609608   2.216041   0.000000                  -0.0000              -0.812500   0.562500   0.000000
  -1.609608   2.120728   0.000000                   1.0000              -0.812500   0.520833   0.000000
  -1.609608   2.025414   0.000000                   0.0000              -0.812500   0.479167   0.000000
  -1.609608   1.930101   0.000000                  -0.0000              -0.812500   0.437500   0.000000
  -1.609608   1.834787   0.000000                   0.0000              -0.812500   0.395833   0.000000
  -1.609608   1.739473   0.000000                  -1.0000              -0.812500   0.354167   0.000000
  -1.609608   1.644160   0.000000                   0.0000              -0.812500   0.312500   0.000000
  -1.609608   1.548846   0.000000                   0.0000              -0.812500   0.270833   0.000000
  -1.609608   1.453532   0.000000                   1.0000              -0.812500   0.229167   0.000000
  -1.609608   1.358219   0.000000                  -1.0000              -0.812500   0.187500   0.000000
  -1.609608   1.262905   0.000000                   1.0000              -0.812500   0.145833   0.000000
  -1.609608   1.167592   0.000000                   0.0000              -0.812500   0.104167   0.000000
  -1.609608   1.072278   0.000000                  -1.0000              -0.812500   0.062500   0.000000
  -1.609608   0.976964   0.000000                  -0.0000              -0.812500   0.020833   0.000000
  -1.609608   0.881651   0.000000                   0.0000              -0.812500  -0.020833   0.000000
  -1.609608   0.786337   0.000000                   0.0000              -0.812500  -0.062500   0.000000
  -1.609608   0.691024   0.000000                  -1.0000              -0.812500  -0.104167   0.000000
  -1.609608   0.595710   0.000000                   0.0000              -0.812500  -0.145833   0.000000
  -1.609608   0.500396   0.000000                   1.0000              -0.812500  -0.187500   0.000000
  -1.609608   0.405083   0.000000                   0.0000              -0.812500  -0.229167   0.000000
  -1.609608   0.309769   0.000000                   1.0000              -0.812500  -0.270833   0.000000
  -1.609608   0.214456   0.000000                   0.0000              -0.812500  -0.312500   0.000000
  -1.609608   0.119142   0.000000                   0.0000              -0.812500  -0.354167   0.000000
  -1.609608   0.023828   0.000000                   0.0000              -0.812500  -0.395833   0.000000
  -1.609608  -0.071485   0.000000                  -0.0000              -0.812500  -0.437500   0.000000
  -1.609608  -0.166799   0.000000                   1.0000              -0.812500  -0.479167   0.000000
  -1.609608  -0.262112   0.000000                   0.0000              -0.812500  -0.520833   0.000000
  -1.609608  -0.357426   0.000000                  -0.0000              -0.812500  -0.562500   0.000000
  -1.609608  -0.452740   0.000000                   0.0000              -0.812500  -0.604167   0.000000
  -1.609608  -0.548053   0.000000                  -1.0000              -0.812500  -0.645833   0.000000
  -1.609608  -0.643367   0.000000                   0.0000              -0.812500  -0.687500   0.000000
  -1.609608  -0.738680   0.000000                   0.0000              -0.812500  -0.729167   0.000000
  -1.609608  -0.833994   0.000000                   1.0000              -0.812500  -0.770833   0.000000
  -1.609608  -0.929308   0.000000                  -1.0000              -0.812500  -0.812500   0.000000
  -1.609608  -1.024621   0.000000                   1.0000              -0.812500  -0.854167   0.000000
  -1.609608  -1.119935   0.000000                   0.0000              -0.812500  -0.895833   0.000000
  -1.609608  -1.215248   0.000000                  -1.0000              -0.812500  -0.937500   0.000000
  -1.609608  -1.310562   0.000000                  -0.0000              -0.812500  -0.979167   0.000000
  -1.609608  -1.405876   0.000000                   0.0000              -0.812500  -1.020833   0.000000
  -1.609608  -1.501189   0.000000                   0.0000              -0.812500  -1.062500   0.000000
  -1.609608  -1.596503   0.000000                  -1.0000              -0.812500  -1.104167   0.000000
  -1.609608  -1.691817   0.000000                   0.0000              -0.812500  -1.145833   0.000000
  -1.609608  -1.787130   0.000000                   1.0000              -0.812500  -1.187500   0.000000
  -1.609608  -1.882444   0.000000                   0.0000              -0.812500  -1.229167   0.000000
  -1.609608  -1.977757   0.000000                   1.0000              -0.812500  -1.270833   0.000000
  -1.609608  -2.073071   0.000000                   0.0000              -0.812500  -1.312500   0.000000
  -1.609608  -2.168385   0.000000                   0.0000              -0.812500  -1.354167   0.000000
  -1.609608  -2.263698   0.000000                   0.0000              -0.812500  -1.395833   0.000000
  -1.609608  -2.359012   0.000000                  -0.0000              -0.812500  -1.437500   0.000000
  -1.609608  -2.454325   0.000000                   1.0000              -0.812500  -1.479167   0.000000
  -1.692152   4.360597   0.000000                  -0.0000              -0.854167   1.479167   0.000000
  -1.692152   4.265284   0.000000                   0.0000              -0.854167   1.437500   0.000000
  -1.692152   4.169970   0.000000                   0.0000              -0.854167   1.395833   0.000000
  -1.692152   4.074657   0.000000                   0.0000              -0.854167   1.354167   0.000000
  -1.692152   3.979343   0.000000                   0.0000              -0.854167   1.312500   0.000000
  -1.692152   3.884029   0.000000                  -0.0000              -0.854167   1.270833   0.000000
  -1.692152   3.788716   0.000000                   0.0000              -0.854167   1.229167   0.000000
  -1.692152   3.693402   0.000000                   1.0000              -0.854167   1.187500   0.000000
  -1.692152   3.598089   0.000000                  -1.0000              -0.854167   1.145833   0.000000
  -1.692152   3.502775   0.000000                   0.0000              -0.854167   1.104167   0.000000
  -1.692152   3.407461   0.000000                   1.0000              -0.854167   1.062500   0.000000
  -1.692152   3.312148   0.000000                  -1.0000              -0.854167   1.020833   0.000000
  -1.692152   3.216834   0.000000                   0.0000              -0.854167   0.979167   0.000000
  -1.692152   3.121521   0.000000                   0.0000              -0.854167   0.937500   0.000000
  -1.692152   3.026207   0.000000                   0.0000              -0.854167   0.895833   0.000000
  -1.692152   2.930893   0.000000                   0.0000              -0.854167   0.854167   0.000000
  -1.692152   2.835580   0.000000                   0.0000              -0.854167   0.812500   0.000000
  -1.692152   2.740266   0.000000                   1.0000              -0.854167   0.770833   0.000000
  -1.692152   2.644953   0.000000                   0.0000              -0.854167   0.729167   0.000000
  -1.692152   2.549639   0.000000                   0.0000              -0.854167   0.687500   0.000000
  -1.692152   2.454325   0.000000                   0.0000              -0.854167   0.645833   0.000000
  -1.692152   2.359012   0.000000                  -1.0000              -0.854167   0.604167   0.000000
  -1.692152   2.263698   0.000000                   0.0000              -0.854167   0.562500   0.000000
  -1.692152   2.168385   0.000000                   0.0000              -0.854167   0.520833   0.000000
  -1.692152   2.073071   0.000000                  -0.0000              -0.854167   0.479167   0.000000
  -1.692152   1.977757   0.000000                   0.0000              -0.854167   0.437500   0.000000
  -1.692152   1.882444   0.000000                   0.0000              -0.854167   0.395833   0.000000
  -1.692152   1.787130   0.000000                   0.0000              -0.854167   0.354167   0.000000
  -1.692152   1.691817   0.000000                   0.0000              -0.854167   0.312500   0.000000
  -1.692152   1.596503   0.000000                  -0.0000              -0.854167   0.270833   0.000000
  -1.692152   1.501189   0.000000                   0.0000              -0.854167   0.229167   0.000000
  -1.692152   1.405876   0.000000                   1.0000              -0.854167   0.187500   0.000000
  -1.692152   1.310562   0.000000                  -1.0000              -0.854167   0.145833   0.000000
  -1.692152   1.215248   0.000000                   0.0000              -0.854167   0.104167   0.000000
  -1.692152   1.119935   0.000000                   1.0000              -0.854167   0.062500   0.000000
  -1.692152   1.024621   0.000000                  -1.0000              -0.854167   0.020833   0.000000
  -1.692152   0.929308   0.000000                   0.0000              -0.854167  -0.020833   0.000000
  -1.692152   0.833994   0.000000                   0.0000              -0.854167  -0.062500   0.000000
  -1.692152   0.738680   0.000000                   0.0000              -0.854167  -0.104167   0.000000
  -1.692152   0.643367   0.000000                   0.0000              -0.854167  -0.145833   0.000000
  -1.692152   0.548053   0.000000                   0.0000              -0.854167  -0.187500   0.000000
  -1.692152   0.452740   0.000000                   1.0000              -0.854167  -0.229167   0.000000
  -1.692152   0.357426   0.000000                   0.0000              -0.854167  -0.270833   0.000000
  -1.692152   0.262112   0.000000                   0.0000              -0.854167  -0.312500   0.000000
  -1.692152   0.166799   0.000000                   0.0000              -0.854167  -0.354167   0.000000
  -1.692152   0.071485   0.000000                  -1.0000              -0.854167  -0.395833   0.000000
  -1.692152  -0.023828   0.000000                   0.0000              -0.854167  -0.437500   0.000000
  -1.692152  -0.119142   0.000000                   0.0000              -0.854167  -0.479167   0.000000
  -1.692152  -0.214456   0.000000                  -0.0000              -0.854167  -0.520833   0.000000
  -1.692152  -0.309769   0.000000                   0.0000              -0.854167  -0.562500   0.000000
  -1.692152  -0.405083   0.000000                   0.0000              -0.854167  -0.604167   0.000000
  -1.692152  -0.500396   0.000000                   0.0000              -0.854167  -0.645833   0.000000
  -1.692152  -0.595710   0.000000                   0.0000              -0.854167  -0.687500   0.000000
  -1.692152  -0.691024   0.000000                  -0.0000              -0.854167  -0.729167   0.000000
  -1.692152  -0.786337   0.000000                   0.0000              -0.854167  -0.770833   0.000000
  -1.692152  -0.881651   0.000000                   1.0000              -0.854167  -0.812500   0.000000
  -1.692152  -0.976964   0.000000                  -1.0000              -0.854167  -0.854167   0.000000
  -1.692152  -1.072278   0.000000                   0.0000              -0.854167  -0.895833   0.000000
  -1.692152  -1.167592   0.000000                   1.0000              -0.854167  -0.937500   0.000000
  -1.692152  -1.262905   0.000000                  -1.0000              -0.854167  -0.979167   0.000000
  -1.692152  -1.358219   0.000000                   0.0000              -0.854167  -1.020833   0.000000
  -1.692152  -1.453532   0.000000                   0.0000              -0.854167  -1.062500   0.000000
  -1.692152  -1.548846   0.000000                   0.0000              -0.854167  -1.104167   0.000000
  -1.692152  -1.644160   0.000000                   0.0000              -0.854167  -1.145833   0.000000
  -1.692152  -1.739473   0.000000                   0.0000              -0.854167  -1.187500   0.000000
  -1.692152  -1.834787   0.000000                   1.0000              -0.854167  -1.229167   0.000000
  -1.692152  -1.930101   0.000000                   0.0000              -0.854167  -1.270833   0.000000
  -1.692152  -2.025414   0.000000                   0.0000              -0.854167  -1.312500   0.000000
  -1.692152  -2.120728   0.000000                   0.0000              -0.854167  -1.354167   0.000000
  -1.692152  -2.216041   0.000000                  -1.0000              -0.854167  -1.395833   0.000000
  -1.692152  -2.311355   0.000000                   0.0000              -0.854167  -1.437500   0.000000
  -1.692152  -2.406669   0.000000                   0.0000              -0.854167  -1.479167   0.000000
  -1.774696   4.408254   0.000000                   0.0000              -0.895833   1.479167   0.000000
  -1.774696   4.312941   0.000000                   0.0000              -0.895833   1.437500   0.000000
  -1.774696   4.217627   0.000000                   0.0000              -0.895833   1.395833   0.000000
  -1.774696   4.122313   0.000000                   1.0000              -0.895833   1.354167   0.000000
  -1.774696   4.027000   0.000000                   0.0000              -0.895833   1.312500   0.000000
  -1.774696   3.931686   0.000000                  -0.0000              -0.895833   1.270833   0.000000
  -1.774696   3.836373   0.000000                  -1.0000              -0.895833   1.229167   0.000000
  -1.774696   3.741059   0.000000                   1.0000              -0.895833   1.187500   0.000000
  -1.774696   3.645745   0.000000                  -1.0000              -0.895833   1.145833   0.000000
  -1.774696   3.550432   0.000000                   0.0000              -0.895833   1.104167   0.000000
  -1.774696   3.455118   0.000000                   0.0000              -0.895833   1.062500   0.000000
  -1.774696   3.359805   0.000000                   1.0000              -0.895833   1.020833   0.000000
  -1.774696   3.264491   0.000000                   1.0000              -0.895833   0.979167   0.000000
  -1.774696   3.169177   0.000000                   0.0000              -0.895833   0.937500   0.000000
  -1.774696   3.073864   0.000000                   0.0000              -0.895833   0.895833   0.000000
  -1.774696   2.978550   0.000000                   0.0000              -0.895833   0.854167   0.000000
  -1.774696   2.883237   0.000000                   0.0000              -0.895833   0.812500   0.000000
  -1.774696   2.787923   0.000000                  -1.0000              -0.895833   0.770833   0.000000
  -1.774696   2.692609   0.000000                   0.0000              -0.895833   0.729167   0.000000
  -1.774696   2.597296   0.000000                   0.0000              -0.895833   0.687500   0.000000
  -1.774696   2.501982   0.000000                   0.0000              -0.895833   0.645833   0.000000
  -1.774696   2.406669   0.000000                   0.0000              -0.895833   0.604167   0.000000
  -1.774696   2.311355   0.000000                  -1.0000              -0.895833   0.562500   0.000000
  -1.774696   2.216041   0.000000                   0.0000              -0.895833   0.520833   0.000000
  -1.774696   2.120728   0.000000                   0.0000              -0.895833   0.479167   0.000000
  -1.774696   2.025414   0.000000                   0.0000              -0.895833   0.437500   0.000000
  -1.774696   1.930101   0.000000                   0.0000              -0.895833   0.395833   0.000000
  -1.774696   1.834787   0.000000                   1.0000              -0.895833   0.354167   0.000000
  -1.774696   1.739473   0.000000                   0.0000              -0.895833   0.312500   0.000000
  -1.774696   1.644160   0.000000                  -0.0000              -0.895833   0.270833   0.000000
  -1.774696   1.548846   0.000000                  -1.0000              -0.895833   0.229167   0.000000
  -1.774696   1.453532   0.000000                   1.0000              -0.895833   0.187500   0.000000
  -1.774696   1.358219   0.000000                  -1.0000              -0.895833   0.145833   0.000000
  -1.774696   1.262905   0.000000                   0.0000              -0.895833   0.104167   0.000000
  -1.774696   1.167592   0.000000                   0.0000              -0.895833   0.062500   0.000000
  -1.774696   1.072278   0.000000                   1.0000              -0.895833   0.020833   0.000000
  -1.774696   0.976964   0.000000                   1.0000              -0.895833  -0.020833   0.000000
  -1.774696   0.881651   0.000000                   0.0000              -0.895833  -0.062500   0.000000
  -1.774696   0.786337   0.000000                   0.0000              -0.895833  -0.104167   0.000000
  -1.774696   0.691024   0.000000                   0.0000              -0.895833  -0.145833   0.000000
  -1.774696   0.595710   0.000000                   0.0000              -0.895833  -0.187500   0.000000
  -1.774696   0.500396   0.000000                  -1.0000              -0.895833  -0.229167   0.000000
  -1.774696   0.405083   0.000000                   0.0000              -0.895833  -0.270833   0.000000
  -1.774696   0.309769   0.000000                   0.0000              -0.895833  -0.312500   0.000000
  -1.774696   0.214456   0.000000                   0.0000              -0.895833  -0.354167   0.000000
  -1.774696   0.119142   0.000000                   0.0000              -0.895833  -0.395833   0.000000
  -1.774696   0.023828   0.000000                  -1.0000              -0.895833  -0.437500   0.000000
  -1.774696  -0.071485   0.000000                   0.0000              -0.895833  -0.479167   0.000000
  -1.774696  -0.166799   0.000000                   0.0000              -0.895833  -0.520833   0.000000
  -1.774696  -0.262112   0.000000                   0.0000              -0.895833  -0.562500   0.000000
  -1.774696  -0.357426   0.000000                   0.0000              -0.895833  -0.604167   0.000000
  -1.774696  -0.452740   0.000000                   1.0000              -0.895833  -0.645833   0.000000
  -1.774696  -0.548053   0.000000                   0.0000              -0.895833  -0.687500   0.000000
  -1.774696  -0.643367   0.000000                  -0.0000              -0.895833  -0.729167   0.000000
  -1.774696  -0.738680   0.000000                  -1.0000              -0.895833  -0.770833   0.000000
  -1.774696  -0.833994   0.000000                   1.0000              -0.895833  -0.812500   0.000000
  -1.774696  -0.929308   0.000000                  -1.0000              -0.895833  -0.854167   0.000000
  -1.774696  -1.024621   0.000000                   0.0000              -0.895833  -0.895833   0.000000
  -1.774696  -1.119935   0.000000                   0.0000              -0.895833  -0.937500   0.000000
  -1.774696  -1.215248   0.000000                   1.0000              -0.895833  -0.979167   0.000000
  -1.774696  -1.310562   0.000000                   1.0000              -0.895833  -1.020833   0.000000
  -1.774696  -1.405876   0.000000                   0.0000              -0.895833  -1.062500   0.000000
  -1.774696  -1.501189   0.000000                   0.0000              -0.895833  -1.104167   0.000000
  -1.774696  -1.596503   0.000000                   0.0000              -0.895833  -1.145833   0.000000
  -1.774696  -1.691817   0.000000                   0.0000              -0.895833  -1.187500   0.000000
  -1.774696  -1.787130   0.000000                  -1.0000              -0.895833  -1.229167   0.000000
  -1.774696  -1.882444   0.000000                   0.0000              -0.895833  -1.270833   0.000000
  -1.774696  -1.977757   0.000000                   0.0000              -0.895833  -1.312500   0.000000
  -1.774696  -2.073071   0.000000                   0.0000              -0.895833  -1.354167   0.000000
  -1.774696  -2.168385   0.000000                   0.0000              -0.895833  -1.395833   0.000000
  -1.774696  -2.263698   0.000000                  -1.0000              -0.895833  -1.437500   0.000000
  -1.774696  -2.359012   0.000000                   0.0000              -0.895833  -1.479167   0.000000
  -1.857240   4.455911   0.000000                   0.0000              -0.937500   1.479167   0.000000
  -1.857240   4.360597   0.000000                   0.0000              -0.937500   1.437500   0.000000
  -1.857240   4.265284   0.000000                   0.0000              -0.937500   1.395833   0.000000
  -1.857240   4.169970   0.000000                   0.0000              -0.937500   1.354167   0.000000
  -1.857240   4.074657   0.000000                  -1.0000              -0.937500   1.312500   0.000000
  -1.857240   3.979343   0.000000                  -1.0000              -0.937500   1.270833   0.000000
  -1.857240   3.884029   0.000000                   1.0000              -0.937500   1.229167   0.000000
  -1.857240   3.788716   0.000000                  -1.0000              -0.937500   1.187500   0.000000
  -1.857240   3.693402   0.000000                   1.0000              -0.937500   1.145833   0.000000
  -1.857240   3.598089   0.000000                   1.0000              -0.937500   1.104167   0.000000
  -1.857240   3.502775   0.000000                  -1.0000              -0.937500   1.062500   0.000000
  -1.857240   3.407461   0.000000                   0.0000              -0.937500   1.020833   0.000000
  -1.857240   3.312148   0.000000                  -1.0000              -0.937500   0.979167   0.000000
  -1.857240   3.216834   0.000000                   0.0000              -0.937500   0.937500   0.000000
  -1.857240   3.121521   0.000000                   0.0000              -0.937500   0.895833   0.000000
  -1.857240   3.026207   0.000000                  -1.0000              -0.937500   0.854167   0.000000
  -1.857240   2.930893   0.000000                   1.0000              -0.937500   0.812500   0.000000
  -1.857240   2.835580   0.000000                   0.0000              -0.937500   0.770833   0.000000
  -1.857240   2.740266   0.000000                   0.0000              -0.937500   0.729167   0.000000
  -1.857240   2.644953   0.000000                   0.0000              -0.937500   0.687500   0.000000
  -1.857240   2.549639   0.000000                   0.0000              -0.937500   0.645833   0.000000
  -1.857240   2.454325   0.000000                   0.0000              -0.937500   0.604167   0.000000
  -1.857240   2.359012   0.000000                   1.0000              -0.937500   0.562500   0.000000
  -1.857240   2.263698   0.000000                   0.0000              -0.937500   0.520833   0.000000
  -1.857240   2.168385   0.000000                   0.0000              -0.937500   0.479167   0.000000
  -1.857240   2.073071   0.000000                   0.0000              -0.937500   0.437500   0.000000
  -1.857240   1.977757   0.000000                   0.0000              -0.937500   0.395833   0.000000
  -1.857240   1.882444   0.000000                   0.0000              -0.937500   0.354167   0.000000
  -1.857240   1.787130   0.000000                  -1.0000              -0.937500   0.312500   0.000000
  -1.857240   1.691817   0.000000                  -1.0000              -0.937500   0.270833   0.000000
  -1.857240   1.596503   0.000000                   1.0000              -0.937500   0.229167   0.000000
  -1.857240   1.501189   0.000000                  -1.0000              -0.937500   0.187500   0.000000
  -1.857240   1.405876   0.000000                   1.0000              -0.937500   0.145833   0.000000
  -1.857240   1.310562   0.000000                   1.0000              -0.937500   0.104167   0.000000
  -1.857240   1.215248   0.000000                  -1.0000              -0.937500   0.062500   0.000000
  -1.857240   1.119935   0.000000                   0.0000              -0.937500   0.020833   0.000000
  -1.857240   1.024621   0.000000                  -1.0000              -0.937500  -0.020833   0.000000
  -1.857240   0.929308   0.000000                   0.0000              -0.937500  -0.062500   0.000000
  -1.857240   0.833994   0.000000                   0.0000              -0.937500  -0.104167   0.000000
  -1.857240   0.738680   0.000000                  -1.0000              -0.937500  -0.145833   0.000000
  -1.857240   0.643367   0.000000                   1.0000              -0.937500  -0.187500   0.000000
  -1.857240   0.548053   0.000000                   0.0000              -0.937500  -0.229167   0.000000
  -1.857240   0.452740   0.000000                   0.0000              -0.937500  -0.270833   0.000000
  -1.857240   0.357426   0.000000                   0.0000              -0.937500  -0.312500   0.000000
  -1.857240   0.262112   0.000000                   0.0000              -0.937500  -0.354167   0.000000
  -1.857240   0.166799   0.000000                   0.0000              -0.937500  -0.395833   0.000000
  -1.857240   0.071485   0.000000                   1.0000              -0.937500  -0.437500   0.000000
  -1.857240  -0.023828   0.000000                   0.0000              -0.937500  -0.479167   0.000000
  -1.857240  -0.119142   0.000000                   0.0000              -0.937500  -0.520833   0.000000
  -1.857240  -0.214456   0.000000                   0.0000              -0.937500  -0.562500   0.000000
  -1.857240  -0.309769   0.000000                   0.0000              -0.937500  -0.604167   0.000000
  -1.857240  -0.405083   0.000000                   0.0000              -0.937500  -0.645833   0.000000
  -1.857240  -0.500396   0.000000                  -1.0000              -0.937500  -0.687500   0.000000
  -1.857240  -0.595710   0.000000                  -1.0000              -0.937500  -0.729167   0.000000
  -1.857240  -0.691024   0.000000                   1.0000              -0.937500  -0.770833   0.000000
  -1.857240  -0.786337   0.000000                  -1.0000              -0.937500  -0.812500   0.000000
  -1.857240  -0.881651   0.000000                   1.0000              -0.937500  -0.854167   0.000000
  -1.857240  -0.976964   0.000000                   1.0000              -0.937500  -0.895833   0.000000
  -1.857240  -1.072278   0.000000                  -1.0000              -0.937500  -0.937500   0.000000
  -1.857240  -1.167592   0.000000                   0.0000              -0.937500  -0.979167   0.000000
  -1.857240  -1.262905   0.000000                  -1.0000              -0.937500  -1.020833   0.000000
  -1.857240  -1.358219   0.000000                   0.0000              -0.937500  -1.062500   0.000000
  -1.857240  -1.453532   0.000000                   0.0000              -0.937500  -1.104167   0.000000
  -1.857240  -1.548846   0.000000                  -1.0000              -0.937500  -1.145833   0.000000
  -1.857240  -1.644160   0.000000                   1.0000              -0.937500  -1.187500   0.000000
  -1.857240  -1.739473   0.000000                   0.0000              -0.937500  -1.229167   0.000000
  -1.857240  -1.834787   0.000000                   0.0000              -0.937500  -1.270833   0.000000
  -1.857240  -1.930101   0.000000                   0.0000              -0.937500  -1.312500   0.000000
  -1.857240  -2.025414   0.000000                   0.0000              -0.937500  -1.354167   0.000000
  -1.857240  -2.120728   0.000000                   0.0000              -0.937500  -1.395833   0.000000
  -1.857240  -2.216041   0.000000                   1.0000              -0.937500  -1.437500   0.000000
  -1.857240  -2.311355   0.000000                   0.0000              -0.937500  -1.479167   0.000000
  -1.939784   4.503568   0.000000                   0.0000              -0.979167   1.479167   0.000000
  -1.939784   4.408254   0.000000                   0.0000              -0.979167   1.437500   0.000000
  -1.939784   4.312941   0.000000                   0.0000              -0.979167   1.395833   0.000000
  -1.939784   4.217627   0.000000                  -0.0000              -0.979167   1.354167   0.000000
  -1.939784   4.122313   0.000000                   0.0000              -0.979167   1.312500   0.000000
  -1.939784   4.027000   0.000000                   0.0000              -0.979167   1.270833   0.000000
  -1.939784   3.931686   0.000000                   0.0000              -0.979167   1.229167   0.000000
  -1.939784   3.836373   0.000000                   0.0000              -0.979167   1.187500   0.000000
  -1.939784   3.741059   0.000000                   0.0000              -0.979167   1.145833   0.000000
  -1.939784   3.645745   0.000000                   0.0000              -0.979167   1.104167   0.000000
  -1.939784   3.550432   0.000000                   0.0000              -0.979167   1.062500   0.000000
  -1.939784   3.455118   0.000000                   0.0000              -0.979167   1.020833   0.000000
  -1.939784   3.359805   0.000000                   1.0000              -0.979167   0.979167   0.000000
  -1.939784   3.264491   0.000000                   0.0000              -0.979167   0.937500   0.000000
  -1.939784   3.169177   0.000000                   0.0000              -0.979167   0.895833   0.000000
  -1.939784   3.073864   0.000000                   0.0000              -0.979167   0.854167   0.000000
  -1.939784   2.978550   0.000000                   0.0000              -0.979167   0.812500   0.000000
  -1.939784   2.883237   0.000000                   0.0000              -0.979167   0.770833   0.000000
  -1.939784   2.787923   0.000000                   1.0000              -0.979167   0.729167   0.000000
  -1.939784   2.692609   0.000000                  -1.0000              -0.979167   0.687500   0.000000
  -1.939784   2.597296   0.000000                   1.0000              -0.979167   0.645833   0.000000
  -1.939784   2.501982   0.000000                  -1.0000              -0.979167   0.604167   0.000000
  -1.939784   2.406669   0.000000                   0.0000              -0.979167   0.562500   0.000000
  -1.939784   2.311355   0.000000                   0.0000              -0.979167   0.520833   0.000000
  -1.939784   2.216041   0.000000                   0.0000              -0.979167   0.479167   0.000000
  -1.939784   2.120728   0.000000                   0.0000              -0.979167   0.437500   0.000000
  -1.939784   2.025414   0.000000                   0.0000              -0.979167   0.395833   0.000000
  -1.939784   1.930101   0.000000                  -0.0000              -0.979167   0.354167   0.000000
  -1.939784   1.834787   0.000000                   0.0000              -0.979167   0.312500   0.000000
  -1.939784   1.739473   0.000000                   0.0000              -0.979167   0.270833   0.000000
  -1.939784   1.644160   0.000000                   0.0000              -0.979167   0.229167   0.000000
  -1.939784   1.548846   0.000000                   0.0000              -0.979167   0.187500   0.000000
  -1.939784   1.453532   0.000000                   0.0000              -0.979167   0.145833   0.000000
  -1.939784   1.358219   0.000000                   0.0000              -0.979167   0.104167   0.000000
  -1.939784   1.262905   0.000000                   0.0000              -0.979167   0.062500   0.000000
  -1.939784   1.167592   0.000000                   0.0000              -0.979167   0.020833   0.000000
  -1.939784   1.072278   0.000000                   1.0000              -0.979167  -0.020833   0.000000
  -1.939784   0.976964   0.000000                   0.0000              -0.979167  -0.062500   0.000000
  -1.939784   0.881651   0.000000                   0.0000              -0.979167  -0.104167   0.000000
  -1.939784   0.786337   0.000000                   0.0000              -0.979167  -0.145833   0.000000
  -1.939784   0.691024   0.000000                   0.0000              -0.979167  -0.187500   0.000000
  -1.939784   0.595710   0.000000                   0.0000              -0.979167  -0.229167   0.000000
  -1.939784   0.500396   0.000000                   1.0000              -0.979167  -0.270833   0.000000
  -1.939784   0.405083   0.000000                  -1.0000              -0.979167  -0.312500   0.000000
  -1.939784   0.309769   0.000000                   1.0000              -0.979167  -0.354167   0.000000
  -1.939784   0.214456   0.000000                  -1.0000              -0.979167  -0.395833   0.000000
  -1.939784   0.119142   0.000000                   0.0000              -0.979167  -0.437500   0.000000
  -1.939784   0.023828   0.000000                   0.0000              -0.979167  -0.479167   0.000000
  -1.939784  -0.071485   0.000000                   0.0000              -0.979167  -0.520833   0.000000
  -1.939784  -0.166799   0.000000                   0.0000              -0.979167  -0.562500   0.000000
  -1.939784  -0.262112   0.000000                   0.0000              -0.979167  -0.604167   0.000000
  -1.939784  -0.357426   0.000000                  -0.0000              -0.979167  -0.645833   0.000000
  -1.939784  -0.452740   0.000000                   0.0000              -0.979167  -0.687500   0.000000
  -1.939784  -0.548053   0.000000                   0.0000              -0.979167  -0.729167   0.000000
  -1.939784  -0.643367   0.000000                   0.0000              -0.979167  -0.770833   0.000000
  -1.939784  -0.738680   0.000000                   0.0000              -0.979167  -0.812500   0.000000
  -1.939784  -0.833994   0.000000                   0.0000              -0.979167  -0.854167   0.000000
  -1.939784  -0.929308   0.000000                   0.0000              -0.979167  -0.895833   0.000000
  -1.939784  -1.024621   0.000000                   0.0000              -0.979167  -0.937500   0.000000
  -1.939784  -1.119935   0.000000                   0.0000              -0.979167  -0.979167   0.000000
  -1.939784  -1.215248   0.000000                   1.0000              -0.979167  -1.020833   0.000000
  -1.939784  -1.310562   0.000000                   0.0000              -0.979167  -1.062500   0.000000
  -1.939784  -1.405876   0.000000                   0.0000              -0.979167  -1.104167   0.000000
  -1.939784  -1.501189   0.000000                   0.0000              -0.979167  -1.145833   0.000000
  -1.939784  -1.596503   0.000000                   0.0000              -0.979167  -1.187500   0.000000
  -1.939784  -1.691817   0.000000                   0.0000              -0.979167  -1.229167   0.000000
  -1.939784  -1.787130   0.000000                   1.0000              -0.979167  -1.270833   0.000000
  -1.939784  -1.882444   0.000000                  -1.0000              -0.979167  -1.312500   0.000000
  -1.939784  -1.977757   0.000000                   1.0000              -0.979167  -1.354167   0.000000
  -1.939784  -2.073071   0.000000                  -1.0000              -0.979167  -1.395833   0.000000
  -1.939784  -2.168385   0.000000                   0.0000              -0.979167  -1.437500   0.000000
  -1.939784  -2.263698   0.000000                   0.0000              -0.979167  -1.479167   0.000000
  -2.022328   4.551225   0.000000                   0.0000              -1.020833   1.479167   0.000000
  -2.022328   4.455911   0.000000                   0.0000              -1.020833   1.437500   0.000000
  -2.022328   4.360597   0.000000                   1.0000              -1.020833   1.395833   0.000000
  -2.022328   4.265284   0.000000                  -1.0000              -1.020833   1.354167   0.000000
  -2.022328   4.169970   0.000000                   1.0000              -1.020833   1.312500   0.000000
  -2.022328   4.074657   0.000000                  -1.0000              -1.020833   1.270833   0.000000
  -2.022328   3.979343   0.000000                   0.0000              -1.020833   1.229167   0.000000
  -2.022328   3.884029   0.000000                   0.0000              -1.020833   1.187500   0.000000
  -2.022328   3.788716   0.000000                   0.0000              -1.020833   1.145833   0.000000
  -2.022328   3.693402   0.000000                   0.0000              -1.020833   1.104167   0.000000
  -2.022328   3.598089   0.000000                   0.0000              -1.020833   1.062500   0.000000
  -2.022328   3.502775   0.000000                  -1.0000              -1.020833   1.020833   0.000000
  -2.022328   3.407461   0.000000                   0.0000              -1.020833   0.979167   0.000000
  -2.022328   3.312148   0.000000                   0.0000              -1.020833   0.937500   0.000000
  -2.022328   3.216834   0.000000                   0.0000              -1.020833   0.895833   0.000000
  -2.022328   3.121521   0.000000                   0.0000              -1.020833   0.854167   0.000000
  -2.022328   3.026207   0.000000                   0.0000              -1.020833   0.812500   0.000000
  -2.022328   2.930893   0.000000                   0.0000              -1.020833   0.770833   0.000000
  -2.022328   2.835580   0.000000                   0.0000              -1.020833   0.729167   0.000000
  -2.022328   2.740266   0.000000                   0.0000              -1.020833   0.687500   0.000000
  -2.022328   2.644953   0.000000                  -0.0000              -1.020833   0.645833   0.000000
  -2.022328   2.549639   0.000000                   0.0000              -1.020833   0.604167   0.000000
  -2.022328   2.454325   0.000000                   0.0000              -1.020833   0.562500   0.000000
  -2.022328   2.359012   0.000000                   0.0000              -1.020833   0.520833   0.000000
  -2.022328   2.263698   0.000000                   0.0000              -1.020833   0.479167   0.000000
  -2.022328   2.168385   0.000000                   0.0000              -1.020833   0.437500   0.000000
  -2.022328   2.073071   0.000000                   1.0000              -1.020833   0.395833   0.000000
  -2.022328   1.977757   0.000000                  -1.0000              -1.020833   0.354167   0.000000
  -2.022328   1.882444   0.000000                   1.0000              -1.020833   0.312500   0.000000
  -2.022328   1.787130   0.000000                  -1.0000              -1.020833   0.270833   0.000000
  -2.022328   1.691817   0.000000                   0.0000              -1.020833   0.229167   0.000000
  -2.022328   1.596503   0.000000                   0.0000              -1.020833   0.187500   0.000000
  -2.022328   1.501189   0.000000                   0.0000              -1.020833   0.145833   0.000000
  -2.022328   1.405876   0.000000                   0.0000              -1.020833   0.104167   0.000000
  -2.022328   1.310562   0.000000                   0.0000              -1.020833   0.062500   0.000000
  -2.022328   1.215248   0.000000                  -1.0000              -1.020833   0.020833   0.000000
  -2.022328   1.119935   0.000000                   0.0000              -1.020833  -0.020833   0.000000
  -2.022328   1.024621   0.000000                   0.0000              -1.020833  -0.062500   0.000000
  -2.022328   0.929308   0.000000                   0.0000              -1.020833  -0.104167   0.000000
  -2.022328   0.833994   0.000000                   0.0000              -1.020833  -0.145833   0.000000
  -2.022328   0.738680   0.000000                   0.0000              -1.020833  -0.187500   0.000000
  -2.022328   0.643367   0.000000                   0.0000              -1.020833  -0.229167   0.000000
  -2.022328   0.548053   0.000000                   0.0000              -1.020833  -0.270833   0.000000
  -2.022328   0.452740   0.000000                   0.0000              -1.020833  -0.312500   0.000000
  -2.022328   0.357426   0.000000                  -0.0000              -1.020833  -0.354167   0.000000
  -2.022328   0.262112   0.000000                   0.0000              -1.020833  -0.395833   0.000000
  -2.022328   0.166799   0.000000                   0.0000              -1.020833  -0.437500   0.000000
  -2.022328   0.071485   0.000000                   0.0000              -1.020833  -0.479167   0.000000
  -2.022328  -0.023828   0.000000                   0.0000              -1.020833  -0.520833   0.000000
  -2.022328  -0.119142   0.000000                   0.0000              -1.020833  -0.562500   0.000000
  -2.022328  -0.214456   0.000000                   1.0000              -1.020833  -0.604167   0.000000
  -2.022328  -0.309769   0.000000                  -1.0000              -1.020833  -0.645833   0.000000
  -2.022328  -0.405083   0.000000                   1.0000              -1.020833  -0.687500   0.000000
  -2.022328  -0.500396   0.000000                  -1.0000              -1.020833  -0.729167   0.000000
  -2.022328  -0.595710   0.000000                   0.0000              -1.020833  -0.770833   0.000000
  -2.022328  -0.691024   0.000000                   0.0000              -1.020833  -0.812500   0.000000
  -2.022328  -0.786337   0.000000                   0.0000              -1.020833  -0.854167   0.000000
  -2.022328  -0.881651   0.000000                   0.0000              -1.020833  -0.895833   0.000000
  -2.022328  -0.976964   0.000000                   0.0000              -1.020833  -0.937500   0.000000
  -2.022328  -1.072278   0.000000                  -1.0000              -1.020833  -0.979167   0.000000
  -2.022328  -1.167592   0.000000                   0.0000              -1.020833  -1.020833   0.000000
  -2.022328  -1.262905   0.000000                   0.0000              -1.020833  -1.062500   0.000000
  -2.022328  -1.358219   0.000000                   0.0000              -1.020833  -1.104167   0.000000
  -2.022328  -1.453532   0.000000                   0.0000              -1.020833  -1.145833   0.000000
  -2.022328  -1.548846   0.000000                   0.0000              -1.020833  -1.187500   0.000000
  -2.022328  -1.644160   0.000000                   0.0000              -1.020833  -1.229167   0.000000
  -2.022328  -1.739473   0.000000                   0.0000              -1.020833  -1.270833   0.000000
  -2.022328  -1.834787   0.000000                   0.0000              -1.020833  -1.312500   0.000000
  -2.022328  -1.930101   0.000000                  -0.0000              -1.020833  -1.354167   0.000000
  -2.022328  -2.025414   0.000000                   0.0000              -1.020833  -1.395833   0.000000
  -2.022328  -2.120728   0.000000                   0.0000              -1.020833  -1.437500   0.000000
  -2.022328  -2.216041   0.000000                   0.0000              -1.020833  -1.479167   0.000000
  -2.104872   4.598881   0.000000                   0.0000              -1.062500   1.479167   0.000000
  -2.104872   4.503568   0.000000                  -1.0000              -1.062500   1.437500   0.000000
  -2.104872   4.408254   0.000000                   0.0000              -1.062500   1.395833   0.000000
  -2.104872   4.312941   0.000000                   0.0000              -1.062500   1.354167   0.000000
  -2.104872   4.217627   0.000000                   0.0000              -1.062500   1.312500   0.000000
  -2.104872   4.122313   0.000000                  -0.0000              -1.062500   1.270833   0.000000
  -2.104872   4.027000   0.000000                   0.0000              -1.062500   1.229167   0.000000
  -2.104872   3.931686   0.000000                  -1.0000              -1.062500   1.187500   0.000000
  -2.104872   3.836373   0.000000                   1.0000              -1.062500   1.145833   0.000000
  -2.104872   3.741059   0.000000                   0.0000              -1.062500   1.104167   0.000000
  -2.104872   3.645745   0.000000                   0.0000              -1.062500   1.062500   0.000000
  -2.104872   3.550432   0.000000                   1.0000              -1.062500   1.020833   0.000000
  -2.104872   3.455118   0.000000                  -0.0000              -1.062500   0.979167   0.000000
  -2.104872   3.359805   0.000000                   1.0000              -1.062500   0.937500   0.000000
  -2.104872   3.264491   0.000000                  -1.0000              -1.062500   0.895833   0.000000
  -2.104872   3.169177   0.000000                  -1.0000              -1.062500   0.854167   0.000000
  -2.104872   3.073864   0.000000                   1.0000              -1.062500   0.812500   0.000000
  -2.104872   2.978550   0.000000                  -1.0000              -1.062500   0.770833   0.000000
  -2.104872   2.883237   0.000000                   1.0000              -1.062500   0.729167   0.000000
  -2.104872   2.787923   0.000000                   1.0000              -1.062500   0.687500   0.000000
  -2.104872   2.692609   0.000000                   0.0000              -1.062500   0.645833   0.000000
  -2.104872   2.597296   0.000000                   0.0000              -1.062500   0.604167   0.000000
  -2.104872   2.501982   0.000000                   0.0000              -1.062500   0.562500   0.000000
  -2.104872   2.406669   0.000000                   0.0000              -1.062500   0.520833   0.000000
  -2.104872   2.311355   0.000000                   0.0000              -1.062500   0.479167   0.000000
  -2.104872   2.216041   0.000000                  -1.0000              -1.062500   0.437500   0.000000
  -2.104872   2.120728   0.000000                   0.0000              -1.062500   0.395833   0.000000
  -2.104872   2.025414   0.000000                   0.0000              -1.062500   0.354167   0.000000
  -2.104872   1.930101   0.000000                   0.0000              -1.062500   0.312500   0.000000
  -2.104872   1.834787   0.000000                  -0.0000              -1.062500   0.270833   0.000000
  -2.104872   1.739473   0.000000                   0.0000              -1.062500   0.229167   0.000000
  -2.104872   1.644160   0.000000                  -1.0000              -1.062500   0.187500   0.000000
  -2.104872   1.548846   0.000000                   1.0000              -1.062500   0.145833   0.000000
  -2.104872   1.453532   0.000000                   0.0000              -1.062500   0.104167   0.000000
  -2.104872   1.358219   0.000000                   0.0000              -1.062500   0.062500   0.000000
  -2.104872   1.262905   0.000000                   1.0000              -1.062500   0.020833   0.000000
  -2.104872   1.167592   0.000000                  -0.0000              -1.062500  -0.020833   0.000000
  -2.104872   1.072278   0.000000                   1.0000              -1.062500  -0.062500   0.000000
  -2.104872   0.976964   0.000000                  -1.0000              -1.062500  -0.104167   0.000000
  -2.104872   0.881651   0.000000                  -1.0000              -1.062500  -0.145833   0.000000
  -2.104872   0.786337   0.000000                   1.0000              -1.062500  -0.187500   0.000000
  -2.104872   0.691024   0.000000                  -1.0000              -1.062500  -0.229167   0.000000
  -2.104872   0.595710   0.000000                   1.0000              -1.062500  -0.270833   0.000000
  -2.104872   0.500396   0.000000                   1.0000              -1.062500  -0.312500   0.000000
  -2.104872   0.405083   0.000000                   0.0000              -1.062500  -0.354167   0.000000
  -2.104872   0.309769   0.000000                   0.0000              -1.062500  -0.395833   0.000000
  -2.104872   0.214456   0.000000                   0.0000              -1.062500  -0.437500   0.000000
  -2.104872   0.119142   0.000000                   0.0000              -1.062500  -0.479167   0.000000
  -2.104872   0.023828   0.000000                   0.0000              -1.062500  -0.520833   0.000000
  -2.104872  -0.071485   0.000000                  -1.0000              -1.062500  -0.562500   0.000000
  -2.104872  -0.166799   0.000000                   0.0000              -1.062500  -0.604167   0.000000
  -2.104872  -0.262112   0.000000                   0.0000              -1.062500  -0.645833   0.000000
  -2.104872  -0.357426   0.000000                   0.0000              -1.062500  -0.687500   0.000000
  -2.104872  -0.452740   0.000000                  -0.0000              -1.062500  -0.729167   0.000000
  -2.104872  -0.548053   0.000000                   0.0000              -1.062500  -0.770833   0.000000
  -2.104872  -0.643367   0.000000                  -1.0000              -1.062500  -0.812500   0.000000
  -2.104872  -0.738680   0.000000                   1.0000              -1.062500  -0.854167   0.000000
  -2.104872  -0.833994   0.000000                   0.0000              -1.062500  -0.895833   0.000000
  -2.104872  -0.929308   0.000000                   0.0000              -1.062500  -0.937500   0.000000
  -2.104872  -1.024621   0.000000                   1.0000              -1.062500  -0.979167   0.000000
  -2.104872  -1.119935   0.000000                  -0.0000              -1.062500  -1.020833   0.000000
  -2.104872  -1.215248   0.000000                   1.0000              -1.062500  -1.062500   0.000000
  -2.104872  -1.310562   0.000000                  -1.0000              -1.062500  -1.104167   0.000000
  -2.104872  -1.405876   0.000000                  -1.0000              -1.062500  -1.145833   0.000000
  -2.104872  -1.501189   0.000000                   1.0000              -1.062500  -1.187500   0.000000
  -2.104872  -1.596503   0.000000                  -1.0000              -1.062500  -1.229167   0.000000
  -2.104872  -1.691817   0.000000                   1.0000              -1.062500  -1.270833   0.000000
  -2.104872  -1.787130   0.000000                   1.0000              -1.062500  -1.312500   0.000000
  -2.104872  -1.882444   0.000000                   0.0000              -1.062500  -1.354167   0.000000
  -2.104872  -1.977757   0.000000                   0.0000              -1.062500  -1.395833   0.000000
  -2.104872  -2.073071   0.000000                   0.0000              -1.062500  -1.437500   0.000000
  -2.104872  -2.168385   0.000000                   0.0000              -1.062500  -1.479167   0.000000
  -2.187416   4.646538   0.000000                   0.0000              -1.104167   1.479167   0.000000
  -2.187416   4.551225   0.000000                   1.0000              -1.104167   1.437500   0.000000
  -2.187416   4.455911   0.000000                   0.0000              -1.104167   1.395833   0.000000
  -2.187416   4.360597   0.000000                   0.0000              -1.104167   1.354167   0.000000
  -2.187416   4.265284   0.000000                  -0.0000              -1.104167   1.312500   0.000000
  -2.187416   4.169970   0.000000                   0.0000              -1.104167   1.270833   0.000000
  -2.187416   4.074657   0.000000                   1.0000              -1.104167   1.229167   0.000000
  -2.187416   3.979343   0.000000                   0.0000              -1.104167   1.187500   0.000000
  -2.187416   3.884029   0.000000                   0.0000              -1.104167   1.145833   0.000000
  -2.187416   3.788716   0.000000                   0.0000              -1.104167   1.104167   0.000000
  -2.187416   3.693402   0.000000                  -0.0000              -1.104167   1.062500   0.000000
  -2.187416   3.598089   0.000000                  -1.0000              -1.104167   1.020833   0.000000
  -2.187416   3.502775   0.000000                  -1.0000              -1.104167   0.979167   0.000000
  -2.187416   3.407461   0.000000                   0.0000              -1.104167   0.937500   0.000000
  -2.187416   3.312148   0.000000                   0.0000              -1.104167   0.895833   0.000000
  -2.187416   3.216834   0.000000                   1.0000              -1.104167   0.854167   0.000000
  -2.187416   3.121521   0.000000                  -1.0000              -1.104167   0.812500   0.000000
  -2.187416   3.026207   0.000000                   1.0000              -1.104167   0.770833   0.000000
  -2.187416   2.930893   0.000000                   0.0000              -1.104167   0.729167   0.000000
  -2.187416   2.835580   0.000000                   0.0000              -1.104167   0.687500   0.000000
  -2.187416   2.740266   0.000000                  -1.0000              -1.104167   0.645833   0.000000
  -2.187416   2.644953   0.000000                   0.0000              -1.104167   0.604167   0.000000
  -2.187416   2.549639   0.000000                   0.0000              -1.104167   0.562500   0.000000
  -2.187416   2.454325   0.000000                   0.0000              -1.104167   0.520833   0.000000
  -2.187416   2.359012   0.000000                   0.0000              -1.104167   0.479167   0.000000
  -2.187416   2.263698   0.000000                   1.0000              -1.104167   0.437500   0.000000
  -2.187416   2.168385   0.000000                   0.0000              -1.104167   0.395833   0.000000
  -2.187416   2.073071   0.000000                   0.0000              -1.104167   0.354167   0.000000
  -2.187416   1.977757   0.000000                  -0.0000              -1.104167   0.312500   0.000000
  -2.187416   1.882444   0.000000                   0.0000              -1.104167   0.270833   0.000000
  -2.187416   1.787130   0.000000                   1.0000              -1.104167   0.229167   0.000000
  -2.187416   1.691817   0.000000                   0.0000              -1.104167   0.187500   0.000000
  -2.187416   1.596503   0.000000                   0.0000              -1.104167   0.145833   0.000000
  -2.187416   1.501189   0.000000                   0.0000              -1.104167   0.104167   0.000000
  -2.187416   1.405876   0.000000                  -0.0000              -1.104167   0.062500   0.000000
  -2.187416   1.310562   0.000000                  -1.0000              -1.104167   0.020833   0.000000
  -2.187416   1.215248   0.000000                  -1.0000              -1.104167  -0.020833   0.000000
  -2.187416   1.119935   0.000000                   0.0000              -1.104167  -0.062500   0.000000
  -2.187416   1.024621   0.000000                   0.0000              -1.104167  -0.104167   0.000000
  -2.187416   0.929308   0.000000                   1.0000              -1.104167  -0.145833   0.000000
  -2.187416   0.833994   0.000000                  -1.0000              -1.104167  -0.187500   0.000000
  -2.187416   0.738680   0.000000                   1.0000              -1.104167  -0.229167   0.000000
  -2.187416   0.643367   0.000000                   0.0000              -1.104167  -0.270833   0.000000
  -2.187416   0.548053   0.000000                   0.0000              -1.104167  -0.312500   0.000000
  -2.187416   0.452740   0.000000                  -1.0000              -1.104167  -0.354167   0.000000
  -2.187416   0.357426   0.000000                   0.0000              -1.104167  -0.395833   0.000000
  -2.187416   0.262112   0.000000                   0.0000              -1.104167  -0.437500   0.000000
  -2.187416   0.166799   0.000000                   0.0000              -1.104167  -0.479167   0.000000
  -2.187416   0.071485   0.000000                   0.0000              -1.104167  -0.520833   0.000000
  -2.187416  -0.023828   0.000000                   1.0000              -1.104167  -0.562500   0.000000
  -2.187416  -0.119142   0.000000                   0.0000              -1.104167  -0.604167   0.000000
  -2.187416  -0.214456   0.000000                   0.0000              -1.104167  -0.645833   0.000000
  -2.187416  -0.309769   0.000000                  -0.0000              -1.104167  -0.687500   0.000000
  -2.187416  -0.405083   0.000000                   0.0000              -1.104167  -0.729167   0.000000
  -2.187416  -0.500396   0.000000                   1.0000              -1.104167  -0.770833   0.000000
  -2.187416  -0.595710   0.000000                   0.0000              -1.104167  -0.812500   0.000000
  -2.187416  -0.691024   0.000000                   0.0000              -1.104167  -0.854167   0.000000
  -2.187416  -0.786337   0.000000                   0.0000              -1.104167  -0.895833   0.000000
  -2.187416  -0.881651   0.000000                  -0.0000              -1.104167  -0.937500   0.000000
  -2.187416  -0.976964   0.000000                  -1.0000              -1.104167  -0.979167   0.000000
  -2.187416  -1.072278   0.000000                  -1.0000              -1.104167  -1.020833   0.000000
  -2.187416  -1.167592   0.000000                   0.0000              -1.104167  -1.062500   0.000000
  -2.187416  -1.262905   0.000000                   0.0000              -1.104167  -1.104167   0.000000
  -2.187416  -1.358219   0.000000                   1.0000              -1.104167  -1.145833   0.000000
  -2.187416  -1.453532   0.000000                  -1.0000              -1.104167  -1.187500   0.000000
  -2.187416  -1.548846   0.000000                   1.0000              -1.104167  -1.229167   0.000000
  -2.187416  -1.644160   0.000000                   0.0000              -1.104167  -1.270833   0.000000
  -2.187416  -1.739473   0.000000                   0.0000              -1.104167  -1.312500   0.000000
  -2.187416  -1.834787   0.000000                  -1.0000              -1.104167  -1.354167   0.000000
  -2.187416  -1.930101   0.000000                   0.0000              -1.104167  -1.395833   0.000000
  -2.187416  -2.025414   0.000000                   0.0000              -1.104167  -1.437500   0.000000
  -2.187416  -2.120728   0.000000                   0.0000              -1.104167  -1.479167   0.000000
  -2.269960   4.694195   0.000000                   0.0000              -1.145833   1.479167   0.000000
  -2.269960   4.598881   0.000000                   0.0000              -1.145833   1.437500   0.000000
  -2.269960   4.503568   0.000000                   1.0000              -1.145833   1.395833   0.000000
  -2.269960   4.408254   0.000000                   0.0000              -1.145833   1.354167   0.000000
  -2.269960   4.312941   0.000000                  -0.0000              -1.145833   1.312500   0.000000
  -2.269960   4.217627   0.000000                   0.0000              -1.145833   1.270833   0.000000
  -2.269960   4.122313   0.000000                  -1.0000              -1.145833   1.229167   0.000000
  -2.269960   4.027000   0.000000                   0.0000              -1.145833   1.187500   0.000000
  -2.269960   3.931686   0.000000                  -0.0000              -1.145833   1.145833   0.000000
  -2.269960   3.836373   0.000000                   0.0000              -1.145833   1.104167   0.000000
  -2.269960   3.741059   0.000000                   0.0000              -1.145833   1.062500   0.000000
  -2.269960   3.645745   0.000000                   0.0000              -1.145833   1.020833   0.000000
  -2.269960   3.550432   0.000000                   1.0000              -1.145833   0.979167   0.000000
  -2.269960   3.455118   0.000000                  -1.0000              -1.145833   0.937500   0.000000
  -2.269960   3.359805   0.000000                   0.0000              -1.145833   0.895833   0.000000
  -2.269960   3.264491   0.000000                   1.0000              -1.145833   0.854167   0.000000
  -2.269960   3.169177   0.000000                  -1.0000              -1.145833   0.812500   0.000000
  -2.269960   3.073864   0.000000                   0.0000              -1.145833   0.770833   0.000000
  -2.269960   2.978550   0.000000                  -0.0000              -1.145833   0.729167   0.000000
  -2.269960   2.883237   0.000000                   0.0000              -1.145833   0.687500   0.000000
  -2.269960   2.787923   0.000000                   0.0000              -1.145833   0.645833   0.000000
  -2.269960   2.692609   0.000000                  -0.0000              -1.145833   0.604167   0.000000
  -2.269960   2.597296   0.000000                   0.0000              -1.145833   0.562500   0.000000
  -2.269960   2.501982   0.000000                   0.0000              -1.145833   0.520833   0.000000
  -2.269960   2.406669   0.000000                   0.0000              -1.145833   0.479167   0.000000
  -2.269960   2.311355   0.000000                   0.0000              -1.145833   0.437500   0.000000
  -2.269960   2.216041   0.000000                   1.0000              -1.145833   0.395833   0.000000
  -2.269960   2.120728   0.000000                   0.0000              -1.145833   0.354167   0.000000
  -2.269960   2.025414   0.000000                  -0.0000              -1.145833   0.312500   0.000000
  -2.269960   1.930101   0.000000                   0.0000              -1.145833   0.270833   0.000000
  -2.269960   1.834787   0.000000                  -1.0000              -1.145833   0.229167   0.000000
  -2.269960   1.739473   0.000000                   0.0000              -1.145833   0.187500   0.000000
  -2.269960   1.644160   0.000000                  -0.0000              -1.145833   0.145833   0.000000
  -2.269960   1.548846   0.000000                   0.0000              -1.145833   0.104167   0.000000
  -2.269960   1.453532   0.000000                   0.0000              -1.145833   0.062500   0.000000
  -2.269960   1.358219   0.000000                   0.0000              -1.145833   0.020833   0.000000
  -2.269960   1.262905   0.000000                   1.0000              -1.145833  -0.020833   0.000000
  -2.269960   1.167592   0.000000                  -1.0000              -1.145833  -0.062500   0.000000
  -2.269960   1.072278   0.000000                   0.0000              -1.145833  -0.104167   0.000000
  -2.269960   0.976964   0.000000                   1.0000              -1.145833  -0.145833   0.000000
  -2.269960   0.881651   0.000000                  -1.0000              -1.145833  -0.187500   0.000000
  -2.269960   0.786337   0.000000                   0.0000              -1.145833  -0.229167   0.000000
  -2.269960   0.691024   0.000000                  -0.0000              -1.145833  -0.270833   0.000000
  -2.269960   0.595710   0.000000                   0.0000              -1.145833  -0.312500   0.000000
  -2.269960   0.500396   0.000000                   0.0000              -1.145833  -0.354167   0.000000
  -2.269960   0.405083   0.000000                  -0.0000              -1.145833  -0.395833   0.000000
  -2.269960   0.309769   0.000000                   0.0000              -1.145833  -0.437500   0.000000
  -2.269960   0.214456   0.000000                   0.0000              -1.145833  -0.479167   0.000000
  -2.269960   0.119142   0.000000                   0.0000              -1.145833  -0.520833   0.000000
  -2.269960   0.023828   0.000000                   0.0000              -1.145833  -0.562500   0.000000
  -2.269960  -0.071485   0.000000                   1.0000              -1.145833  -0.604167   0.000000
  -2.269960  -0.166799   0.000000                   0.0000              -1.145833  -0.645833   0.000000
  -2.269960  -0.262112   0.000000                  -0.0000              -1.145833  -0.687500   0.000000
  -2.269960  -0.357426   0.000000                   0.0000              -1.145833  -0.729167   0.000000
  -2.269960  -0.452740   0.000000                  -1.0000              -1.145833  -0.770833   0.000000
  -2.269960  -0.548053   0.000000                   0.0000              -1.145833  -0.812500   0.000000
  -2.269960  -0.643367   0.000000                  -0.0000              -1.145833  -0.854167   0.000000
  -2.269960  -0.738680   0.000000                   0.0000              -1.145833  -0.895833   0.000000
  -2.269960  -0.833994   0.000000                   0.0000              -1.145833  -0.937500   0.000000
  -2.269960  -0.929308   0.000000                   0.0000              -1.145833  -0.979167   0.000000
  -2.269960  -1.024621   0.000000                   1.0000              -1.145833  -1.020833   0.000000
  -2.269960  -1.119935   0.000000                  -1.0000              -1.145833  -1.062500   0.000000
  -2.269960  -1.215248   0.000000                   0.0000              -1.145833  -1.104167   0.000000
  -2.269960  -1.310562   0.000000                   1.0000              -1.145833  -1.145833   0.000000
  -2.269960  -1.405876   0.000000                  -1.0000              -1.145833  -1.187500   0.000000
  -2.269960  -1.501189   0.000000                   0.0000              -1.145833  -1.229167   0.000000
  -2.269960  -1.596503   0.000000                  -0.0000              -1.145833  -1.270833   0.000000
  -2.269960  -1.691817   0.000000                   0.0000              -1.145833  -1.312500   0.000000
  -2.269960  -1.787130   0.000000                   0.0000              -1.145833  -1.354167   0.000000
  -2.269960  -1.882444   0.000000                  -0.0000              -1.145833  -1.395833   0.000000
  -2.269960  -1.977757   0.000000                   0.0000              -1.145833  -1.437500   0.000000
  -2.269960  -2.073071   0.000000                   0.0000              -1.145833  -1.479167   0.000000
  -2.352504   4.741852   0.000000                  -1.0000              -1.187500   1.479167   0.000000
  -2.352504   4.646538   0.000000                   0.0000              -1.187500   1.437500   0.000000
  -2.352504   4.551225   0.000000                   0.0000              -1.187500   1.395833   0.000000
  -2.352504   4.455911   0.000000                   0.0000              -1.187500   1.354167   0.000000
  -2.352504   4.360597   0.000000                   0.0000              -1.187500   1.312500   0.000000
  -2.352504   4.265284   0.000000                  -1.0000              -1.187500   1.270833   0.000000
  -2.352504   4.169970   0.000000                   0.0000              -1.187500   1.229167   0.000000
  -2.352504   4.074657   0.000000                  -1.0000              -1.187500   1.187500   0.000000
  -2.352504   3.979343   0.000000                   0.0000              -1.187500   1.145833   0.000000
  -2.352504   3.884029   0.000000                   1.0000              -1.187500   1.104167   0.000000
  -2.352504   3.788716   0.000000                   0.0000              -1.187500   1.062500   0.000000
  -2.352504   3.693402   0.000000                   0.0000              -1.187500   1.020833   0.000000
  -2.352504   3.598089   0.000000                   0.0000              -1.187500   0.979167   0.000000
  -2.352504   3.502775   0.000000                   1.0000              -1.187500   0.937500   0.000000
  -2.352504   3.407461   0.000000                   0.0000              -1.187500   0.895833   0.000000
  -2.352504   3.312148   0.000000                  -1.0000              -1.187500   0.854167   0.000000
  -2.352504   3.216834   0.000000                   1.0000              -1.187500   0.812500   0.000000
  -2.352504   3.121521   0.000000                  -1.0000              -1.187500   0.770833   0.000000
  -2.352504   3.026207   0.000000                   0.0000              -1.187500   0.729167   0.000000
  -2.352504   2.930893   0.000000                   0.0000              -1.187500   0.687500   0.000000
  -2.352504   2.835580   0.000000                   1.0000              -1.187500   0.645833   0.000000
  -2.352504   2.740266   0.000000                   0.0000              -1.187500   0.604167   0.000000
  -2.352504   2.644953   0.000000                   0.0000              -1.187500   0.562500   0.000000
  -2.352504   2.549639   0.000000                   0.0000              -1.187500   0.520833   0.000000
  -2.352504   2.454325   0.000000                  -1.0000              -1.187500   0.479167   0.000000
  -2.352504   2.359012   0.000000                   0.0000              -1.187500   0.437500   0.000000
  -2.352504   2.263698   0.000000                   0.0000              -1.187500   0.395833   0.000000
  -2.352504   2.168385   0.000000                   0.0000              -1.187500   0.354167   0.000000
  -2.352504   2.073071   0.000000                   0.0000              -1.187500   0.312500   0.000000
  -2.352504   1.977757   0.000000                  -1.0000              -1.187500   0.270833   0.000000
  -2.352504   1.882444   0.000000                   0.0000              -1.187500   0.229167   0.000000
  -2.352504   1.787130   0.000000                  -1.0000              -1.187500   0.187500   0.000000
  -2.352504   1.691817   0.000000                   0.0000              -1.187500   0.145833   0.000000
  -2.352504   1.596503   0.000000                   1.0000              -1.187500   0.104167   0.000000
  -2.352504   1.501189   0.000000                   0.0000              -1.187500   0.062500   0.000000
  -2.352504   1.405876   0.000000                   0.0000              -1.187500   0.020833   0.000000
  -2.352504   1.310562   0.000000                   0.0000              -1.187500  -0.020833   0.000000
  -2.352504   1.215248   0.000000                   1.0000              -1.187500  -0.062500   0.000000
  -2.352504   1.119935   0.000000                   0.0000              -1.187500  -0.104167   0.000000
  -2.352504   1.024621   0.000000                  -1.0000              -1.187500  -0.145833   0.000000
  -2.352504   0.929308   0.000000                   1.0000              -1.187500  -0.187500   0.000000
  -2.352504   0.833994   0.000000                  -1.0000              -1.187500  -0.229167   0.000000
  -2.352504   0.738680   0.000000                   0.0000              -1.187500  -0.270833   0.000000
  -2.352504   0.643367   0.000000                   0.0000              -1.187500  -0.312500   0.000000
  -2.352504   0.548053   0.000000                   1.0000              -1.187500  -0.354167   0.000000
  -2.352504   0.452740   0.000000                   0.0000              -1.187500  -0.395833   0.000000
  -2.352504   0.357426   0.000000                   0.0000              -1.187500  -0.437500   0.000000
  -2.352504   0.262112   0.000000                   0.0000              -1.187500  -0.479167   0.000000
  -2.352504   0.166799   0.000000                  -1.0000              -1.187500  -0.520833   0.000000
  -2.352504   0.071485   0.000000                   0.0000              -1.187500  -0.562500   0.000000
  -2.352504  -0.023828   0.000000                   0.0000              -1.187500  -0.604167   0.000000
  -2.352504  -0.119142   0.000000                   0.0000              -1.187500  -0.645833   0.000000
  -2.352504  -0.214456   0.000000                   0.0000              -1.187500  -0.687500   0.000000
  -2.352504  -0.309769   0.000000                  -1.0000              -1.187500  -0.729167   0.000000
  -2.352504  -0.405083   0.000000                   0.0000              -1.187500  -0.770833   0.000000
  -2.352504  -0.500396   0.000000                  -1.0000              -1.187500  -0.812500   0.000000
  -2.352504  -0.595710   0.000000                   0.0000              -1.187500  -0.854167   0.000000
  -2.352504  -0.691024   0.000000                   1.0000              -1.187500  -0.895833   0.000000
  -2.352504  -0.786337   0.000000                   0.0000              -1.187500  -0.937500   0.000000
  -2.352504  -0.881651   0.000000                   0.0000              -1.187500  -0.979167   0.000000
  -2.352504  -0.976964   0.000000                   0.0000              -1.187500  -1.020833   0.000000
  -2.352504  -1.072278   0.000000                   1.0000              -1.187500  -1.062500   0.000000
  -2.352504  -1.167592   0.000000                   0.0000              -1.187500  -1.104167   0.000000
  -2.352504  -1.262905   0.000000                  -1.0000              -1.187500  -1.145833   0.000000
  -2.352504  -1.358219   0.000000                   1.0000              -1.187500  -1.187500   0.000000
  -2.352504  -1.453532   0.000000                  -1.0000              -1.187500  -1.229167   0.000000
  -2.352504  -1.548846   0.000000                   0.0000              -1.187500  -1.270833   0.000000
  -2.352504  -1.644160   0.000000                   0.0000              -1.187500  -1.312500   0.000000
  -2.352504  -1.739473   0.000000                   1.0000              -1.187500  -1.354167   0.000000
  -2.352504  -1.834787   0.000000                   0.0000              -1.187500  -1.395833   0.000000
  -2.352504  -1.930101   0.000000                   0.0000              -1.187500  -1.437500   0.000000
  -2.352504  -2.025414   0.000000                   0.0000              -1.187500  -1.479167   0.000000
  -2.435048   4.789509   0.000000                   1.0000              -1.229167   1.479167   0.000000
  -2.435048   4.694195   0.000000                  -1.0000              -1.229167   1.437500   0.000000
  -2.435048   4.598881   0.000000                   0.0000              -1.229167   1.395833   0.000000
  -2.435048   4.503568   0.000000                   0.0000              -1.229167   1.354167   0.000000
  -2.435048   4.408254   0.000000                   0.0000              -1.229167   1.312500   0.000000
  -2.435048   4.312941   0.000000                   0.0000              -1.229167   1.270833   0.000000
  -2.435048   4.217627   0.000000                   0.0000              -1.229167   1.229167   0.000000
  -2.435048   4.122313   0.000000                   1.0000              -1.229167   1.187500   0.000000
  -2.435048   4.027000   0.000000                   0.0000              -1.229167   1.145833   0.000000
  -2.435048   3.931686   0.000000                   0.0000              -1.229167   1.104167   0.000000
  -2.435048   3.836373   0.000000                  -0.0000              -1.229167   1.062500   0.000000
  -2.435048   3.741059   0.000000                   0.0000              -1.229167   1.020833   0.000000
  -2.435048   3.645745   0.000000                   0.0000              -1.229167   0.979167   0.000000
  -2.435048   3.550432   0.000000                   0.0000              -1.229167   0.937500   0.000000
  -2.435048   3.455118   0.000000                   0.0000              -1.229167   0.895833   0.000000
  -2.435048   3.359805   0.000000                   0.0000              -1.229167   0.854167   0.000000
  -2.435048   3.264491   0.000000                  -0.0000              -1.229167   0.812500   0.000000
  -2.435048   3.169177   0.000000                  -1.0000              -1.229167   0.770833   0.000000
  -2.435048   3.073864   0.000000                   1.0000              -1.229167   0.729167   0.000000
  -2.435048   2.978550   0.000000                   0.0000              -1.229167   0.687500   0.000000
  -2.435048   2.883237   0.000000                   0.0000              -1.229167   0.645833   0.000000
  -2.435048   2.787923   0.000000                   0.0000              -1.229167   0.604167   0.000000
  -2.435048   2.692609   0.000000                   0.0000              -1.229167   0.562500   0.000000
  -2.435048   2.597296   0.000000                   0.0000              -1.229167   0.520833   0.000000
  -2.435048   2.501982   0.000000                   1.0000              -1.229167   0.479167   0.000000
  -2.435048   2.406669   0.000000                  -1.0000              -1.229167   0.437500   0.000000
  -2.435048   2.311355   0.000000                   0.0000              -1.229167   0.395833   0.000000
  -2.435048   2.216041   0.000000                   0.0000              -1.229167   0.354167   0.000000
  -2.435048   2.120728   0.000000                   0.0000              -1.229167   0.312500   0.000000
  -2.435048   2.025414   0.000000                   0.0000              -1.229167   0.270833   0.000000
  -2.435048   1.930101   0.000000                   0.0000              -1.229167   0.229167   0.000000
  -2.435048   1.834787   0.000000                   1.0000              -1.229167   0.187500   0.000000
  -2.435048   1.739473   0.000000                   0.0000              -1.229167   0.145833   0.000000
  -2.435048   1.644160   0.000000                   0.0000              -1.229167   0.104167   0.000000
  -2.435048   1.548846   0.000000                  -0.0000              -1.229167   0.062500   0.000000
  -2.435048   1.453532   0.000000                   0.0000              -1.229167   0.020833   0.000000
  -2.435048   1.358219   0.000000                   0.0000              -1.229167  -0.020833   0.000000
  -2.435048   1.262905   0.000000                   0.0000              -1.229167  -0.062500   0.000000
  -2.435048   1.167592   0.000000                   0.0000              -1.229167  -0.104167   0.000000
  -2.435048   1.072278   0.000000                   0.0000              -1.229167  -0.145833   0.000000
  -2.435048   0.976964   0.000000                  -0.0000              -1.229167  -0.187500   0.000000
  -2.435048   0.881651   0.000000                  -1.0000              -1.229167  -0.229167   0.000000
  -2.435048   0.786337   0.000000                   1.0000              -1.229167  -0.270833   0.000000
  -2.435048   0.691024   0.000000                   0.0000              -1.229167  -0.312500   0.000000
  -2.435048   0.595710   0.000000                   0.0000              -1.229167  -0.354167   0.000000
  -2.435048   0.500396   0.000000                   0.0000              -1.229167  -0.395833   0.000000
  -2.435048   0.405083   0.000000                   0.0000              -1.229167  -0.437500   0.000000
  -2.435048   0.309769   0.000000                   0.0000              -1.229167  -0.479167   0.000000
  -2.435048   0.214456   0.000000                   1.0000              -1.229167  -0.520833   0.000000
  -2.435048   0.119142   0.000000                  -1.0000              -1.229167  -0.562500   0.000000
  -2.435048   0.023828   0.000000                   0.0000              -1.229167  -0.604167   0.000000
  -2.435048  -0.071485   0.000000                   0.0000              -1.229167  -0.645833   0.000000
  -2.435048  -0.166799   0.000000                   0.0000              -1.229167  -0.687500   0.000000
  -2.435048  -0.262112   0.000000                   0.0000              -1.229167  -0.729167   0.000000
  -2.435048  -0.357426   0.000000                   0.0000              -1.229167  -0.770833   0.000000
  -2.435048  -0.452740   0.000000                   1.0000              -1.229167  -0.812500   0.000000
  -2.435048  -0.548053   0.000000                   0.0000              -1.229167  -0.854167   0.000000
  -2.435048  -0.643367   0.000000                   0.0000              -1.229167  -0.895833   0.000000
  -2.435048  -0.738680   0.000000                  -0.0000              -1.229167  -0.937500   0.000000
  -2.435048  -0.833994   0.000000                   0.0000              -1.229167  -0.979167   0.000000
  -2.435048  -0.929308   0.000000                   0.0000              -1.229167  -1.020833   0.000000
  -2.435048  -1.024621   0.000000                   0.0000              -1.229167  -1.062500   0.000000
  -2.435048  -1.119935   0.000000                   0.0000              -1.229167  -1.104167   0.000000
  -2.435048  -1.215248   0.000000                   0.0000              -1.229167  -1.145833   0.000000
  -2.435048  -1.310562   0.000000                  -0.0000              -1.229167  -1.187500   0.000000
  -2.435048  -1.405876   0.000000                  -1.0000              -1.229167  -1.229167   0.000000
  -2.435048  -1.501189   0.000000                   1.0000              -1.229167  -1.270833   0.000000
  -2.435048  -1.596503   0.000000                   0.0000              -1.229167  -1.312500   0.000000
  -2.435048  -1.691817   0.000000                   0.0000              -1.229167  -1.354167   0.000000
  -2.435048  -1.787130   0.000000                   0.0000              -1.229167  -1.395833   0.000000
  -2.435048  -1.882444   0.000000                   0.0000              -1.229167  -1.437500   0.000000
  -2.435048  -1.977757   0.000000                   0.0000              -1.229167  -1.479167   0.000000
  -2.517592   4.837166   0.000000                   0.0000              -1.270833   1.479167   0.000000
  -2.517592   4.741852   0.000000                   1.0000              -1.270833   1.437500   0.000000
  -2.517592   4.646538   0.000000                  -1.0000              -1.270833   1.395833   0.000000
  -2.517592   4.551225   0.000000                   1.0000              -1.270833   1.354167   0.000000
  -2.517592   4.455911   0.000000                   0.0000              -1.270833   1.312500   0.000000
  -2.517592   4.360597   0.000000                   0.0000              -1.270833   1.270833   0.000000
  -2.517592   4.265284   0.000000                   0.0000              -1.270833   1.229167   0.000000
  -2.517592   4.169970   0.000000                   0.0000              -1.270833   1.187500   0.000000
  -2.517592   4.074657   0.000000                   0.0000              -1.270833   1.145833   0.000000
  -2.517592   3.979343   0.000000                   1.0000              -1.270833   1.104167   0.000000
  -2.517592   3.884029   0.000000                  -1.0000              -1.270833   1.062500   0.000000
  -2.517592   3.788716   0.000000                  -1.0000              -1.270833   1.020833   0.000000
  -2.517592   3.693402   0.000000                   0.0000              -1.270833   0.979167   0.000000
  -2.517592   3.598089   0.000000                   0.0000              -1.270833   0.937500   0.000000
  -2.517592   3.502775   0.000000                  -1.0000              -1.270833   0.895833   0.000000
  -2.517592   3.407461   0.000000                   1.0000              -1.270833   0.854167   0.000000
  -2.517592   3.312148   0.000000                   0.0000              -1.270833   0.812500   0.000000
  -2.517592   3.216834   0.000000                   1.0000              -1.270833   0.770833   0.000000
  -2.517592   3.121521   0.000000                  -1.0000              -1.270833   0.729167   0.000000
  -2.517592   3.026207   0.000000                   0.0000              -1.270833   0.687500   0.000000
  -2.517592   2.930893   0.000000                  -1.0000              -1.270833   0.645833   0.000000
  -2.517592   2.835580   0.000000                   0.0000              -1.270833   0.604167   0.000000
  -2.517592   2.740266   0.000000                   0.0000              -1.270833   0.562500   0.000000
  -2.517592   2.644953   0.000000                   0.0000              -1.270833   0.520833   0.000000
  -2.517592   2.549639   0.000000                   0.0000              -1.270833   0.479167   0.000000
  -2.517592   2.454325   0.000000                   1.0000              -1.270833   0.437500   0.000000
  -2.517592   2.359012   0.000000                  -1.0000              -1.270833   0.395833   0.000000
  -2.517592   2.263698   0.000000                   1.0000              -1.270833   0.354167   0.000000
  -2.517592   2.168385   0.000000                   0.0000              -1.270833   0.312500   0.000000
  -2.517592   2.073071   0.000000                   0.0000              -1.270833   0.270833   0.000000
  -2.517592   1.977757   0.000000                   0.0000              -1.270833   0.229167   0.000000
  -2.517592   1.882444   0.000000                   0.0000              -1.270833   0.187500   0.000000
  -2.517592   1.787130   0.000000                   0.0000              -1.270833   0.145833   0.000000
  -2.517592   1.691817   0.000000                   1.0000              -1.270833   0.104167   0.000000
  -2.517592   1.596503   0.000000                  -1.0000              -1.270833   0.062500   0.000000
  -2.517592   1.501189   0.000000                  -1.0000              -1.270833   0.020833   0.000000
  -2.517592   1.405876   0.000000                   0.0000              -1.270833  -0.020833   0.000000
  -2.517592   1.310562   0.000000                   0.0000              -1.270833  -0.062500   0.000000
  -2.517592   1.215248   0.000000                  -1.0000              -1.270833  -0.104167   0.000000
  -2.517592   1.119935   0.000000                   1.0000              -1.270833  -0.145833   0.000000
  -2.517592   1.024621   0.000000                   0.0000              -1.270833  -0.187500   0.000000
  -2.517592   0.929308   0.000000                   1.0000              -1.270833  -0.229167   0.000000
  -2.517592   0.833994   0.000000                  -1.0000              -1.270833  -0.270833   0.000000
  -2.517592   0.738680   0.000000                   0.0000              -1.270833  -0.312500   0.000000
  -2.517592   0.643367   0.000000                  -1.0000              -1.270833  -0.354167   0.000000
  -2.517592   0.548053   0.000000                   0.0000              -1.270833  -0.395833   0.000000
  -2.517592   0.452740   0.000000                   0.0000              -1.270833  -0.437500   0.000000
  -2.517592   0.357426   0.000000                   0.0000              -1.270833  -0.479167   0.000000
  -2.517592   0.262112   0.000000                   0.0000              -1.270833  -0.520833   0.000000
  -2.517592   0.166799   0.000000                   1.0000              -1.270833  -0.562500   0.000000
  -2.517592   0.071485   0.000000                  -1.0000              -1.270833  -0.604167   0.000000
  -2.517592  -0.023828   0.000000                   1.0000              -1.270833  -0.645833   0.000000
  -2.517592  -0.119142   0.000000                   0.0000              -1.270833  -0.687500   0.000000
  -2.517592  -0.214456   0.000000                   0.0000              -1.270833  -0.729167   0.000000
  -2.517592  -0.309769   0.000000                   0.0000              -1.270833  -0.770833   0.000000
  -2.517592  -0.405083   0.000000                   0.0000              -1.270833  -0.812500   0.000000
  -2.517592  -0.500396   0.000000                   0.0000              -1.270833  -0.854167   0.000000
  -2.517592  -0.595710   0.000000                   1.0000              -1.270833  -0.895833   0.000000
  -2.517592  -0.691024   0.000000                  -1.0000              -1.270833  -0.937500   0.000000
  -2.517592  -0.786337   0.000000                  -1.0000              -1.270833  -0.979167   0.000000
  -2.517592  -0.881651   0.000000                   0.0000              -1.270833  -1.020833   0.000000
  -2.517592  -0.976964   0.000000                   0.0000              -1.270833  -1.062500   0.000000
  -2.517592  -1.072278   0.000000                  -1.0000              -1.270833  -1.104167   0.000000
  -2.517592  -1.167592   0.000000                   1.0000              -1.270833  -1.145833   0.000000
  -2.517592  -1.262905   0.000000                   0.0000              -1.270833  -1.187500   0.000000
  -2.517592  -1.358219   0.000000                   1.0000              -1.270833  -1.229167   0.000000
  -2.517592  -1.453532   0.000000                  -1.0000              -1.270833  -1.270833   0.000000
  -2.517592  -1.548846   0.000000                   0.0000              -1.270833  -1.312500   0.000000
  -2.517592  -1.644160   0.000000                  -1.0000              -1.270833  -1.354167   0.000000
  -2.517592  -1.739473   0.000000                   0.0000              -1.270833  -1.395833   0.000000
  -2.517592  -1.834787   0.000000                   0.0000              -1.270833  -1.437500   0.000000
  -2.517592  -1.930101   0.000000                   0.0000              -1.270833  -1.479167   0.000000
  -2.600136   4.884822   0.000000                  -1.0000              -1.312500   1.479167   0.000000
  -2.600136   4.789509   0.000000                   0.0000              -1.312500   1.437500   0.000000
  -2.600136   4.694195   0.000000                   0.0000              -1.312500   1.395833   0.000000
  -2.600136   4.598881   0.000000                  -0.0000              -1.312500   1.354167   0.000000
  -2.600136   4.503568   0.000000                  -1.0000              -1.312500   1.312500   0.000000
  -2.600136   4.408254   0.000000                   1.0000              -1.312500   1.270833   0.000000
  -2.600136   4.312941   0.000000                   0.0000              -1.312500   1.229167   0.000000
  -2.600136   4.217627   0.000000                   0.0000              -1.312500   1.187500   0.000000
  -2.600136   4.122313   0.000000                   0.0000              -1.312500   1.145833   0.000000
  -2.600136   4.027000   0.000000                   0.0000              -1.312500   1.104167   0.000000
  -2.600136   3.931686   0.000000                   0.0000              -1.312500   1.062500   0.000000
  -2.600136   3.836373   0.000000                   0.0000              -1.312500   1.020833   0.000000
  -2.600136   3.741059   0.000000                   0.0000              -1.312500   0.979167   0.000000
  -2.600136   3.645745   0.000000                   1.0000              -1.312500   0.937500   0.000000
  -2.600136   3.550432   0.000000                   0.0000              -1.312500   0.895833   0.000000
  -2.600136   3.455118   0.000000                   0.0000              -1.312500   0.854167   0.000000
  -2.600136   3.359805   0.000000                   0.0000              -1.312500   0.812500   0.000000
  -2.600136   3.264491   0.000000                   0.0000              -1.312500   0.770833   0.000000
  -2.600136   3.169177   0.000000                  -1.0000              -1.312500   0.729167   0.000000
  -2.600136   3.073864   0.000000                   1.0000              -1.312500   0.687500   0.000000
  -2.600136   2.978550   0.000000                   0.0000              -1.312500   0.645833   0.000000
  -2.600136   2.883237   0.000000                  -0.0000              -1.312500   0.604167   0.000000
  -2.600136   2.787923   0.000000                   0.0000              -1.312500   0.562500   0.000000
  -2.600136   2.692609   0.000000                   0.0000              -1.312500   0.520833   0.000000
  -2.600136   2.597296   0.000000                  -1.0000              -1.312500   0.479167   0.000000
  -2.600136   2.501982   0.000000                   0.0000              -1.312500   0.437500   0.000000
  -2.600136   2.406669   0.000000                   0.0000              -1.312500   0.395833   0.000000
  -2.600136   2.311355   0.000000                  -0.0000              -1.312500   0.354167   0.000000
  -2.600136   2.216041   0.000000                  -1.0000              -1.312500   0.312500   0.000000
  -2.600136   2.120728   0.000000                   1.0000              -1.312500   0.270833   0.000000
  -2.600136   2.025414   0.000000                   0.0000              -1.312500   0.229167   0.000000
  -2.600136   1.930101   0.000000                   0.0000              -1.312500   0.187500   0.000000
  -2.600136   1.834787   0.000000                   0.0000              -1.312500   0.145833   0.000000
  -2.600136   1.739473   0.000000                   0.0000              -1.312500   0.104167   0.000000
  -2.600136   1.644160   0.000000                   0.0000              -1.312500   0.062500   0.000000
  -2.600136   1.548846   0.000000                   0.0000              -1.312500   0.020833   0.000000
  -2.600136   1.453532   0.000000                   0.0000              -1.312500  -0.020833   0.000000
  -2.600136   1.358219   0.000000                   1.0000              -1.312500  -0.062500   0.000000
  -2.600136   1.262905   0.000000                   0.0000              -1.312500  -0.104167   0.000000
  -2.600136   1.167592   0.000000                   0.0000              -1.312500  -0.145833   0.000000
  -2.600136   1.072278   0.000000                   0.0000              -1.312500  -0.187500   0.000000
  -2.600136   0.976964   0.000000                   0.0000              -1.312500  -0.229167   0.000000
  -2.600136   0.881651   0.000000                  -1.0000              -1.312500  -0.270833   0.000000
  -2.600136   0.786337   0.000000                   1.0000              -1.312500  -0.312500   0.000000
  -2.600136   0.691024   0.000000                   0.0000              -1.312500  -0.354167   0.000000
  -2.600136   0.595710   0.000000                  -0.0000              -1.312500  -0.395833   0.000000
  -2.600136   0.500396   0.000000                   0.0000              -1.312500  -0.437500   0.000000
  -2.600136   0.405083   0.000000                   0.0000              -1.312500  -0.479167   0.000000
  -2.600136   0.309769   0.000000                  -1.0000              -1.312500  -0.520833   0.000000
  -2.600136   0.214456   0.000000                   0.0000              -1.312500  -0.562500   0.000000
  -2.600136   0.119142   0.000000                   0.0000              -1.312500  -0.604167   0.000000
  -2.600136   0.023828   0.000000                  -0.0000              -1.312500  -0.645833   0.000000
  -2.600136  -0.071485   0.000000                  -1.0000              -1.312500  -0.687500   0.000000
  -2.600136  -0.166799   0.000000                   1.0000              -1.312500  -0.729167   0.000000
  -2.600136  -0.262112   0.000000                   0.0000              -1.312500  -0.770833   0.000000
  -2.600136  -0.357426   0.000000                   0.0000              -1.312500  -0.812500   0.000000
  -2.600136  -0.452740   0.000000                   0.0000              -1.312500  -0.854167   0.000000
  -2.600136  -0.548053   0.000000                   0.0000              -1.312500  -0.895833   0.000000
  -2.600136  -0.643367   0.000000                   0.0000              -1.312500  -0.937500   0.000000
  -2.600136  -0.738680   0.000000                   0.0000              -1.312500  -0.979167   0.000000
  -2.600136  -0.833994   0.000000                   0.0000              -1.312500  -1.020833   0.000000
  -2.600136  -0.929308   0.000000                   1.0000              -1.312500  -1.062500   0.000000
  -2.600136  -1.024621   0.000000                   0.0000              -1.312500  -1.104167   0.000000
  -2.600136  -1.119935   0.000000                   0.0000              -1.312500  -1.145833   0.000000
  -2.600136  -1.215248   0.000000                   0.0000              -1.312500  -1.187500   0.000000
  -2.600136  -1.310562   0.000000                   0.0000              -1.312500  -1.229167   0.000000
  -2.600136  -1.405876   0.000000                  -1.0000              -1.312500  -1.270833   0.000000
  -2.600136  -1.501189   0.000000                   1.0000              -1.312500  -1.312500   0.000000
  -2.600136  -1.596503   0.000000                   0.0000              -1.312500  -1.354167   0.000000
  -2.600136  -1.691817   0.000000                  -0.0000              -1.312500  -1.395833   0.000000
  -2.600136  -1.787130   0.000000                   0.0000              -1.312500  -1.437500   0.000000
  -2.600136  -1.882444   0.000000                   0.0000              -1.312500  -1.479167   0.000000
  -2.682680   4.932479   0.000000                   0.0000              -1.354167   1.479167   0.000000
  -2.682680   4.837166   0.000000                   0.0000              -1.354167   1.437500   0.000000
  -2.682680   4.741852   0.000000                   1.0000              -1.354167   1.395833   0.000000
  -2.682680   4.646538   0.000000                  -1.0000              -1.354167   1.354167   0.000000
  -2.682680   4.551225   0.000000                   1.0000              -1.354167   1.312500   0.000000
  -2.682680   4.455911   0.000000                  -1.0000              -1.354167   1.270833   0.000000
  -2.682680   4.360597   0.000000                   0.0000              -1.354167   1.229167   0.000000
  -2.682680   4.265284   0.000000                   0.0000              -1.354167   1.187500   0.000000
  -2.682680   4.169970   0.000000                  -1.0000              -1.354167   1.145833   0.000000
  -2.682680   4.074657   0.000000                   1.0000              -1.354167   1.104167   0.000000
  -2.682680   3.979343   0.000000                   0.0000              -1.354167   1.062500   0.000000
  -2.682680   3.884029   0.000000                   1.0000              -1.354167   1.020833   0.000000
  -2.682680   3.788716   0.000000                  -1.0000              -1.354167   0.979167   0.000000
  -2.682680   3.693402   0.000000                   0.0000              -1.354167   0.937500   0.000000
  -2.682680   3.598089   0.000000                   0.0000              -1.354167   0.895833   0.000000
  -2.682680   3.502775   0.000000                   0.0000              -1.354167   0.854167   0.000000
  -2.682680   3.407461   0.000000                  -0.0000              -1.354167   0.812500   0.000000
  -2.682680   3.312148   0.000000                   0.0000              -1.354167   0.770833   0.000000
  -2.682680   3.216834   0.000000                   0.0000              -1.354167   0.729167   0.000000
  -2.682680   3.121521   0.000000                  -1.0000              -1.354167   0.687500   0.000000
  -2.682680   3.026207   0.000000                   0.0000              -1.354167   0.645833   0.000000
  -2.682680   2.930893   0.000000                   1.0000              -1.354167   0.604167   0.000000
  -2.682680   2.835580   0.000000                   0.0000              -1.354167   0.562500   0.000000
  -2.682680   2.740266   0.000000                   0.0000              -1.354167   0.520833   0.000000
  -2.682680   2.644953   0.000000                   0.0000              -1.354167   0.479167   0.000000
  -2.682680   2.549639   0.000000                   0.0000              -1.354167   0.437500   0.000000
  -2.682680   2.454325   0.000000                   1.0000              -1.354167   0.395833   0.000000
  -2.682680   2.359012   0.000000                  -1.0000              -1.354167   0.354167   0.000000
  -2.682680   2.263698   0.000000                   1.0000              -1.354167   0.312500   0.000000
  -2.682680   2.168385   0.000000                  -1.0000              -1.354167   0.270833   0.000000
  -2.682680   2.073071   0.000000                   0.0000              -1.354167   0.229167   0.000000
  -2.682680   1.977757   0.000000                   0.0000              -1.354167   0.187500   0.000000
  -2.682680   1.882444   0.000000                  -1.0000              -1.354167   0.145833   0.000000
  -2.682680   1.787130   0.000000                   1.0000              -1.354167   0.104167   0.000000
  -2.682680   1.691817   0.000000                   0.0000              -1.354167   0.062500   0.000000
  -2.682680   1.596503   0.000000                   1.0000              -1.354167   0.020833   0.000000
  -2.682680   1.501189   0.000000                  -1.0000              -1.354167  -0.020833   0.000000
  -2.682680   1.405876   0.000000                   0.0000              -1.354167  -0.062500   0.000000
  -2.682680   1.310562   0.000000                   0.0000              -1.354167  -0.104167   0.000000
  -2.682680   1.215248   0.000000                   0.0000              -1.354167  -0.145833   0.000000
  -2.682680   1.119935   0.000000                  -0.0000              -1.354167  -0.187500   0.000000
  -2.682680   1.024621   0.000000                   0.0000              -1.354167  -0.229167   0.000000
  -2.682680   0.929308   0.000000                   0.0000              -1.354167  -0.270833   0.000000
  -2.682680   0.833994   0.000000                  -1.0000              -1.354167  -0.312500   0.000000
  -2.682680   0.738680   0.000000                   0.0000              -1.354167  -0.354167   0.000000
  -2.682680   0.643367   0.000000                   1.0000              -1.354167  -0.395833   0.000000
  -2.682680   0.548053   0.000000                   0.0000              -1.354167  -0.437500   0.000000
  -2.682680   0.452740   0.000000                   0.0000              -1.354167  -0.479167   0.000000
  -2.682680   0.357426   0.000000                   0.0000              -1.354167  -0.520833   0.000000
  -2.682680   0.262112   0.000000                   0.0000              -1.354167  -0.562500   0.000000
  -2.682680   0.166799   0.000000                   1.0000              -1.354167  -0.604167   0.000000
  -2.682680   0.071485   0.000000                  -1.0000              -1.354167  -0.645833   0.000000
  -2.682680  -0.023828   0.000000                   1.0000              -1.354167  -0.687500   0.000000
  -2.682680  -0.119142   0.000000                  -1.0000              -1.354167  -0.729167   0.000000
  -2.682680  -0.214456   0.000000                   0.0000              -1.354167  -0.770833   0.000000
  -2.682680  -0.309769   0.000000                   0.0000              -1.354167  -0.812500   0.000000
  -2.682680  -0.405083   0.000000                  -1.0000              -1.354167  -0.854167   0.000000
  -2.682680  -0.500396   0.000000                   1.0000              -1.354167  -0.895833   0.000000
  -2.682680  -0.595710   0.000000                   0.0000              -1.354167  -0.937500   0.000000
  -2.682680  -0.691024   0.000000                   1.0000              -1.354167  -0.979167   0.000000
  -2.682680  -0.786337   0.000000                  -1.0000              -1.354167  -1.020833   0.000000
  -2.682680  -0.881651   0.000000                   0.0000              -1.354167  -1.062500   0.000000
  -2.682680  -0.976964   0.000000                   0.0000              -1.354167  -1.104167   0.000000
  -2.682680  -1.072278   0.000000                   0.0000              -1.354167  -1.145833   0.000000
  -2.682680  -1.167592   0.000000                  -0.0000              -1.354167  -1.187500   0.000000
  -2.682680  -1.262905   0.000000                   0.0000              -1.354167  -1.229167   0.000000
  -2.682680  -1.358219   0.000000                   0.0000              -1.354167  -1.270833   0.000000
  -2.682680  -1.453532   0.000000                  -1.0000              -1.354167  -1.312500   0.000000
  -2.682680  -1.548846   0.000000                   0.0000              -1.354167  -1.354167   0.000000
  -2.682680  -1.644160   0.000000                   1.0000              -1.354167  -1.395833   0.000000
  -2.682680  -1.739473   0.000000                   0.0000              -1.354167  -1.437500   0.000000
  -2.682680  -1.834787   0.000000                   0.0000              -1.354167  -1.479167   0.000000
  -2.765224   4.980136   0.000000                   0.0000              -1.395833   1.479167   0.000000
  -2.765224   4.884822   0.000000                   1.0000              -1.395833   1.437500   0.000000
  -2.765224   4.789509   0.000000                  -1.0000              -1.395833   1.395833   0.000000
  -2.765224   4.694195   0.000000                   0.0000              -1.395833   1.354167   0.000000
  -2.765224   4.598881   0.000000                   0.0000              -1.395833   1.312500   0.000000
  -2.765224   4.503568   0.000000                   0.0000              -1.395833   1.270833   0.000000
  -2.765224   4.408254   0.000000                   0.0000              -1.395833   1.229167   0.000000
  -2.765224   4.312941   0.000000                   1.0000              -1.395833   1.187500   0.000000
  -2.765224   4.217627   0.000000                   1.0000              -1.395833   1.145833   0.000000
  -2.765224   4.122313   0.000000                   0.0000              -1.395833   1.104167   0.000000
  -2.765224   4.027000   0.000000                   0.0000              -1.395833   1.062500   0.000000
  -2.765224   3.931686   0.000000                   0.0000              -1.395833   1.020833   0.000000
  -2.765224   3.836373   0.000000                   1.0000              -1.395833   0.979167   0.000000
  -2.765224   3.741059   0.000000                  -1.0000              -1.395833   0.937500   0.000000
  -2.765224   3.645745   0.000000                   0.0000              -1.395833   0.895833   0.000000
  -2.765224   3.550432   0.000000                   0.0000              -1.395833   0.854167   0.000000
  -2.765224   3.455118   0.000000                   0.0000              -1.395833   0.812500   0.000000
  -2.765224   3.359805   0.000000                   0.0000              -1.395833   0.770833   0.000000
  -2.765224   3.264491   0.000000                   1.0000              -1.395833   0.729167   0.000000
  -2.765224   3.169177   0.000000                   0.0000              -1.395833   0.687500   0.000000
  -2.765224   3.073864   0.000000                   0.0000              -1.395833   0.645833   0.000000
  -2.765224   2.978550   0.000000                   0.0000              -1.395833   0.604167   0.000000
  -2.765224   2.883237   0.000000                   0.0000              -1.395833   0.562500   0.000000
  -2.765224   2.787923   0.000000                  -1.0000              -1.395833   0.520833   0.000000
  -2.765224   2.692609   0.000000                   0.0000              -1.395833   0.479167   0.000000
  -2.765224   2.597296   0.000000                   1.0000              -1.395833   0.437500   0.000000
  -2.765224   2.501982   0.000000                  -1.0000              -1.395833   0.395833   0.000000
  -2.765224   2.406669   0.000000                   0.0000              -1.395833   0.354167   0.000000
  -2.765224   2.311355   0.000000                   0.0000              -1.395833   0.312500   0.000000
  -2.765224   2.216041   0.000000                   0.0000              -1.395833   0.270833   0.000000
  -2.765224   2.120728   0.000000                   0.0000              -1.395833   0.229167   0.000000
  -2.765224   2.025414   0.000000                   1.0000              -1.395833   0.187500   0.000000
  -2.765224   1.930101   0.000000                   1.0000              -1.395833   0.145833   0.000000
  -2.765224   1.834787   0.000000                   0.0000              -1.395833   0.104167   0.000000
  -2.765224   1.739473   0.000000                   0.0000              -1.395833   0.062500   0.000000
  -2.765224   1.644160   0.000000                   0.0000              -1.395833   0.020833   0.000000
  -2.765224   1.548846   0.000000                   1.0000              -1.395833  -0.020833   0.000000
  -2.765224   1.453532   0.000000                  -1.0000              -1.395833  -0.062500   0.000000
  -2.765224   1.358219   0.000000                   0.0000              -1.395833  -0.104167   0.000000
  -2.765224   1.262905   0.000000                   0.0000              -1.395833  -0.145833   0.000000
  -2.765224   1.167592   0.000000                   0.0000              -1.395833  -0.187500   0.000000
  -2.765224   1.072278   0.000000                   0.0000              -1.395833  -0.229167   0.000000
  -2.765224   0.976964   0.000000                   1.0000              -1.395833  -0.270833   0.000000
  -2.765224   0.881651   0.000000                   0.0000              -1.395833  -0.312500   0.000000
  -2.765224   0.786337   0.000000                   0.0000              -1.395833  -0.354167   0.000000
  -2.765224   0.691024   0.000000                   0.0000              -1.395833  -0.395833   0.000000
  -2.765224   0.595710   0.000000                   0.0000              -1.395833  -0.437500   0.000000
  -2.765224   0.500396   0.000000                  -1.0000              -1.395833  -0.479167   0.000000
  -2.765224   0.405083   0.000000                   0.0000              -1.395833  -0.520833   0.000000
  -2.765224   0.309769   0.000000                   1.0000              -1.395833  -0.562500   0.000000
  -2.765224   0.214456   0.000000                  -1.0000              -1.395833  -0.604167   0.000000
  -2.765224   0.119142   0.000000                   0.0000              -1.395833  -0.645833   0.000000
  -2.765224   0.023828   0.000000                   0.0000              -1.395833  -0.687500   0.000000
  -2.765224  -0.071485   0.000000                   0.0000              -1.395833  -0.729167   0.000000
  -2.765224  -0.166799   0.000000                   0.0000              -1.395833  -0.770833   0.000000
  -2.765224  -0.262112   0.000000                   1.0000              -1.395833  -0.812500   0.000000
  -2.765224  -0.357426   0.000000                   1.0000              -1.395833  -0.854167   0.000000
  -2.765224  -0.452740   0.000000                   0.0000              -1.395833  -0.895833   0.000000
  -2.765224  -0.548053   0.000000                   0.0000              -1.395833  -0.937500   0.000000
  -2.765224  -0.643367   0.000000                   0.0000              -1.395833  -0.979167   0.000000
  -2.765224  -0.738680   0.000000                   1.0000              -1.395833  -1.020833   0.000000
  -2.765224  -0.833994   0.000000                  -1.0000              -1.395833  -1.062500   0.000000
  -2.765224  -0.929308   0.000000                   0.0000              -1.395833  -1.104167   0.000000
  -2.765224  -1.024621   0.000000                   0.0000              -1.395833  -1.145833   0.000000
  -2.765224  -1.119935   0.000000                   0.0000              -1.395833  -1.187500   0.000000
  -2.765224  -1.215248   0.000000                   0.0000              -1.395833  -1.229167   0.000000
  -2.765224  -1.310562   0.000000                   1.0000              -1.395833  -1.270833   0.000000
  -2.765224  -1.405876   0.000000                   0.0000              -1.395833  -1.312500   0.000000
  -2.765224  -1.501189   0.000000                   0.0000              -1.395833  -1.354167   0.000000
  -2.765224  -1.596503   0.000000                   0.0000              -1.395833  -1.395833   0.000000
  -2.765224  -1.691817   0.000000                   0.0000              -1.395833  -1.437500   0.000000
  -2.765224  -1.787130   0.000000                  -1.0000              -1.395833  -1.479167   0.000000
  -2.847768   5.027793   0.000000                   1.0000              -1.437500   1.479167   0.000000
  -2.847768   4.932479   0.000000                   0.0000              -1.437500   1.437500   0.000000
  -2.847768   4.837166   0.000000                   0.0000              -1.437500   1.395833   0.000000
  -2.847768   4.741852   0.000000                   0.0000              -1.437500   1.354167   0.000000
  -2.847768   4.646538   0.000000                   0.0000              -1.437500   1.312500   0.000000
  -2.847768   4.551225   0.000000                   0.0000              -1.437500   1.270833   0.000000
  -2.847768   4.455911   0.000000                   0.0000              -1.437500   1.229167   0.000000
  -2.847768   4.360597   0.000000                   0.0000              -1.437500   1.187500   0.000000
  -2.847768   4.265284   0.000000                  -1.0000              -1.437500   1.145833   0.000000
  -2.847768   4.169970   0.000000                   0.0000              -1.437500   1.104167   0.000000
  -2.847768   4.074657   0.000000                  -0.0000              -1.437500   1.062500   0.000000
  -2.847768   3.979343   0.000000                  -1.0000              -1.437500   1.020833   0.000000
  -2.847768   3.884029   0.000000                  -1.0000              -1.437500   0.979167   0.000000
  -2.847768   3.788716   0.000000                   0.0000              -1.437500   0.937500   0.000000
  -2.847768   3.693402   0.000000                   0.0000              -1.437500   0.895833   0.000000
  -2.847768   3.598089   0.000000                   0.0000              -1.437500   0.854167   0.000000
  -2.847768   3.502775   0.000000                   0.0000              -1.437500   0.812500   0.000000
  -2.847768   3.407461   0.000000                   0.0000              -1.437500   0.770833   0.000000
  -2.847768   3.312148   0.000000                   0.0000              -1.437500   0.729167   0.000000
  -2.847768   3.216834   0.000000                   1.0000              -1.437500   0.687500   0.000000
  -2.847768   3.121521   0.000000                   0.0000              -1.437500   0.645833   0.000000
  -2.847768   3.026207   0.000000                  -1.0000              -1.437500   0.604167   0.000000
  -2.847768   2.930893   0.000000                  -1.0000              -1.437500   0.562500   0.000000
  -2.847768   2.835580   0.000000                   1.0000              -1.437500   0.520833   0.000000
  -2.847768   2.740266   0.000000                   1.0000              -1.437500   0.479167   0.000000
  -2.847768   2.644953   0.000000                   0.0000              -1.437500   0.437500   0.000000
  -2.847768   2.549639   0.000000                   0.0000              -1.437500   0.395833   0.000000
  -2.847768   2.454325   0.000000                   0.0000              -1.437500   0.354167   0.000000
  -2.847768   2.359012   0.000000                   0.0000              -1.437500   0.312500   0.000000
  -2.847768   2.263698   0.000000                   0.0000              -1.437500   0.270833   0.000000
  -2.847768   2.168385   0.000000                   0.0000              -1.437500   0.229167   0.000000
  -2.847768   2.073071   0.000000                   0.0000              -1.437500   0.187500   0.000000
  -2.847768   1.977757   0.000000                  -1.0000              -1.437500   0.145833   0.000000
  -2.847768   1.882444   0.000000                   0.0000              -1.437500   0.104167   0.000000
  -2.847768   1.787130   0.000000                  -0.0000              -1.437500   0.062500   0.000000
  -2.847768   1.691817   0.000000                  -1.0000              -1.437500   0.020833   0.000000
  -2.847768   1.596503   0.000000                  -1.0000              -1.437500  -0.020833   0.000000
  -2.847768   1.501189   0.000000                   0.0000              -1.437500  -0.062500   0.000000
  -2.847768   1.405876   0.000000                   0.0000              -1.437500  -0.104167   0.000000
  -2.847768   1.310562   0.000000                   0.0000              -1.437500  -0.145833   0.000000
  -2.847768   1.215248   0.000000                   0.0000              -1.437500  -0.187500   0.000000
  -2.847768   1.119935   0.000000                   0.0000              -1.437500  -0.229167   0.000000
  -2.847768   1.024621   0.000000                   0.0000              -1.437500  -0.270833   0.000000
  -2.847768   0.929308   0.000000                   1.0000              -1.437500  -0.312500   0.000000
  -2.847768   0.833994   0.000000                   0.0000              -1.437500  -0.354167   0.000000
  -2.847768   0.738680   0.000000                  -1.0000              -1.437500  -0.395833   0.000000
  -2.847768   0.643367   0.000000                  -1.0000              -1.437500  -0.437500   0.000000
  -2.847768   0.548053   0.000000                   1.0000              -1.437500  -0.479167   0.000000
  -2.847768   0.452740   0.000000                   1.0000              -1.437500  -0.520833   0.000000
  -2.847768   0.357426   0.000000                   0.0000              -1.437500  -0.562500   0.000000
  -2.847768   0.262112   0.000000                   0.0000              -1.437500  -0.604167   0.000000
  -2.847768   0.166799   0.000000                   0.0000              -1.437500  -0.645833   0.000000
  -2.847768   0.071485   0.000000                   0.0000              -1.437500  -0.687500   0.000000
  -2.847768  -0.023828   0.000000                   0.0000              -1.437500  -0.729167   0.000000
  -2.847768  -0.119142   0.000000                   0.0000              -1.437500  -0.770833   0.000000
  -2.847768  -0.214456   0.000000                   0.0000              -1.437500  -0.812500   0.000000
  -2.847768  -0.309769   0.000000                  -1.0000              -1.437500  -0.854167   0.000000
  -2.847768  -0.405083   0.000000                   0.0000              -1.437500  -0.895833   0.000000
  -2.847768  -0.500396   0.000000                  -0.0000              -1.437500  -0.937500   0.000000
  -2.847768  -0.595710   0.000000                  -1.0000              -1.437500  -0.979167   0.000000
  -2.847768  -0.691024   0.000000                  -1.0000              -1.437500  -1.020833   0.000000
  -2.847768  -0.786337   0.000000                   0.0000              -1.437500  -1.062500   0.000000
  -2.847768  -0.881651   0.000000                   0.0000              -1.437500  -1.104167   0.000000
  -2.847768  -0.976964   0.000000                   0.0000              -1.437500  -1.145833   0.000000
  -2.847768  -1.072278   0.000000                   0.0000              -1.437500  -1.187500   0.000000
  -2.847768  -1.167592   0.000000                   0.0000              -1.437500  -1.229167   0.000000
  -2.847768  -1.262905   0.000000                   0.0000              -1.437500  -1.270833   0.000000
  -2.847768  -1.358219   0.000000                   1.0000              -1.437500  -1.312500   0.000000
  -2.847768  -1.453532   0.000000                   0.0000              -1.437500  -1.354167   0.000000
  -2.847768  -1.548846   0.000000                  -1.0000              -1.437500  -1.395833   0.000000
  -2.847768  -1.644160   0.000000                  -1.0000              -1.437500  -1.437500   0.000000
  -2.847768  -1.739473   0.000000                   1.0000              -1.437500  -1.479167   0.000000
  -2.930312   5.075450   0.000000                   0.0000              -1.479167   1.479167   0.000000
  -2.930312   4.980136   0.000000                   0.0000              -1.479167   1.437500   0.000000
  -2.930312   4.884822   0.000000                   0.0000              -1.479167   1.395833   0.000000
  -2.930312   4.789509   0.000000                   1.0000              -1.479167   1.354167   0.000000
  -2.930312   4.694195   0.000000                   0.0000              -1.479167   1.312500   0.000000
  -2.930312   4.598881   0.000000                   0.0000              -1.479167   1.270833   0.000000
  -2.930312   4.503568   0.000000                   0.0000              -1.479167   1.229167   0.000000
  -2.930312   4.408254   0.000000                  -1.0000              -1.479167   1.187500   0.000000
  -2.930312   4.312941   0.000000                   1.0000              -1.479167   1.145833   0.000000
  -2.930312   4.217627   0.000000                  -0.0000              -1.479167   1.104167   0.000000
  -2.930312   4.122313   0.000000                   0.0000              -1.479167   1.062500   0.000000
  -2.930312   4.027000   0.000000                   0.0000              -1.479167   1.020833   0.000000
  -2.930312   3.931686   0.000000                   1.0000              -1.479167   0.979167   0.000000
  -2.930312   3.836373   0.000000                   0.0000              -1.479167   0.937500   0.000000
  -2.930312   3.741059   0.000000                  -1.0000              -1.479167   0.895833   0.000000
  -2.930312   3.645745   0.000000                   1.0000              -1.479167   0.854167   0.000000
  -2.930312   3.550432   0.000000                   0.0000              -1.479167   0.812500   0.000000
  -2.930312   3.455118   0.000000                   0.0000              -1.479167   0.770833   0.000000
  -2.930312   3.359805   0.000000                   0.0000              -1.479167   0.729167   0.000000
  -2.930312   3.264491   0.000000                  -0.0000              -1.479167   0.687500   0.000000
  -2.930312   3.169177   0.000000                  -1.0000              -1.479167   0.645833   0.000000
  -2.930312   3.073864   0.000000                   1.0000              -1.479167   0.604167   0.000000
  -2.930312   2.978550   0.000000                   1.0000              -1.479167   0.562500   0.000000
  -2.930312   2.883237   0.000000                   0.0000              -1.479167   0.520833   0.000000
  -2.930312   2.787923   0.000000                   0.0000              -1.479167   0.479167   0.000000
  -2.930312   2.692609   0.000000                   0.0000              -1.479167   0.437500   0.000000
  -2.930312   2.597296   0.000000                   0.0000              -1.479167   0.395833   0.000000
  -2.930312   2.501982   0.000000                   1.0000              -1.479167   0.354167   0.000000
  -2.930312   2.406669   0.000000                   0.0000              -1.479167   0.312500   0.000000
  -2.930312   2.311355   0.000000                   0.0000              -1.479167   0.270833   0.000000
  -2.930312   2.216041   0.000000                   0.0000              -1.479167   0.229167   0.000000
  -2.930312   2.120728   0.000000                  -1.0000              -1.479167   0.187500   0.000000
  -2.930312   2.025414   0.000000                   1.0000              -1.479167   0.145833   0.000000
  -2.930312   1.930101   0.000000                  -0.0000              -1.479167   0.104167   0.000000
  -2.930312   1.834787   0.000000                   0.0000              -1.479167   0.062500   0.000000
  -2.930312   1.739473   0.000000                   0.0000              -1.479167   0.020833   0.000000
  -2.930312   1.644160   0.000000                   1.0000              -1.479167  -0.020833   0.000000
  -2.930312   1.548846   0.000000                   0.0000              -1.479167  -0.062500   0.000000
  -2.930312   1.453532   0.000000                  -1.0000              -1.479167  -0.104167   0.000000
  -2.930312   1.358219   0.000000                   1.0000              -1.479167  -0.145833   0.000000
  -2.930312   1.262905   0.000000                   0.0000              -1.479167  -0.187500   0.000000
  -2.930312   1.167592   0.000000                   0.0000              -1.479167  -0.229167   0.000000
  -2.930312   1.072278   0.000000                   0.0000              -1.479167  -0.270833   0.000000
  -2.930312   0.976964   0.000000                  -0.0000              -1.479167  -0.312500   0.000000
  -2.930312   0.881651   0.000000                  -1.0000              -1.479167  -0.354167   0.000000
  -2.930312   0.786337   0.000000                   1.0000              -1.479167  -0.395833   0.000000
  -2.930312   0.691024   0.000000                   1.0000              -1.479167  -0.437500   0.000000
  -2.930312   0.595710   0.000000                   0.0000              -1.479167  -0.479167   0.000000
  -2.930312   0.500396   0.000000                   0.0000              -1.479167  -0.520833   0.000000
  -2.930312   0.405083   0.000000                   0.0000              -1.479167  -0.562500   0.000000
  -2.930312   0.309769   0.000000                   0.0000              -1.479167  -0.604167   0.000000
  -2.930312   0.214456   0.000000                   1.0000              -1.479167  -0.645833   0.000000
  -2.930312   0.119142   0.000000                   0.0000              -1.479167  -0.687500   0.000000
  -2.930312   0.023828   0.000000                   0.0000              -1.479167  -0.729167   0.000000
  -2.930312  -0.071485   0.000000                   0.0000              -1.479167  -0.770833   0.000000
  -2.930312  -0.166799   0.000000                  -1.0000              -1.479167  -0.812500   0.000000
  -2.930312  -0.262112   0.000000                   1.0000              -1.479167  -0.854167   0.000000
  -2.930312  -0.357426   0.000000                  -0.0000              -1.479167  -0.895833   0.000000
  -2.930312  -0.452740   0.000000                   0.0000              -1.479167  -0.937500   0.000000
  -2.930312  -0.548053   0.000000                   0.0000              -1.479167  -0.979167   0.000000
  -2.930312  -0.643367   0.000000                   1.0000              -1.479167  -1.020833   0.000000
  -2.930312  -0.738680   0.000000                   0.0000              -1.479167  -1.062500   0.000000
  -2.930312  -0.833994   0.000000                  -1.0000              -1.479167  -1.104167   0.000000
  -2.930312  -0.929308   0.000000                   1.0000              -1.479167  -1.145833   0.000000
  -2.930312  -1.024621   0.000000                   0.0000              -1.479167  -1.187500   0.000000
  -2.930312  -1.119935   0.000000                   0.0000              -1.479167  -1.229167   0.000000
  -2.930312  -1.215248   0.000000                   0.0000              -1.479167  -1.270833   0.000000
  -2.930312  -1.310562   0.000000                  -0.0000              -1.479167  -1.312500   0.000000
  -2.930312  -1.405876   0.000000                  -1.0000              -1.479167  -1.354167   0.000000
  -2.930312  -1.501189   0.000000                   1.0000              -1.479167  -1.395833   0.000000
  -2.930312  -1.596503   0.000000                   1.0000              -1.479167  -1.437500   0.000000
  -2.930312  -1.691817   0.000000                   0.0000              -1.479167  -1.479167   0.000000
