 # VASPBERRY (Ver 1.3.0), by Hyun-Jung Kim. 2026. Sep. 19.                                                                                                                                                                                                       
 #This program calculates (1)berry curvature omega(k) 
 #for closed loop C on a small patches in k-space,
 #and (2) degree of optical selectivity between 
 #two bands specified, and (3) a 2D Z2 invariant by
 #the Fukui-Hatsugai lattice n-field method.
  
 #!!!!!!!!!!!!!!!!!!!!!!!!!!!!!!!!!!!!!!!!!!!!!!!!!!!!!
 #! Copyright 2015. Hyun-Jung Kim All rights reserved.!
 #!        https://github.com/Infant83/VASPBERRY       !
 #!             Hanyang Univ. 2015.Apr.05.            !
 #!!!!!!!!!!!!!!!!!!!!!!!!!!!!!!!!!!!!!!!!!!!!!!!!!!!!!
  
 #*Ref1: T. Fukui, Y. Hatsugai, and H. Suzuki, 
 #       J. Phys. Soc. Jpn. 74, 1674 (2005),
 #       DOI 10.1143/JPSJ.74.1674
 #     'Chern Numbers in Discretized Brillouin Zone: 
 #  Efficient Method of Computing (Spin) Hall Conductances'
 #*Ref2: T. Fukui and Y. Hatsugai, J. Phys. Soc. Jpn.
 #       76, 053702 (2007), DOI 10.1143/JPSJ.76.053702
 #     'Lattice Computation of Z2 Topological 
 #      Invariants and Its Application to Bi and Sb'
 #*Ref3: R. Resta, J. Phys.: Condens. Matter. 12, R107 (2000)
 #     'Menifestations of Berry's phase in molecules 
 #      and condensed matter'
 #*Ref4: W. Yao, D. Xiao, and Q. Niu, PRB 77, 235406 (2008)
 #     'Valley-dependent optoelectronics from inversion
 #      symmetry breaking'
 #*Ref5: http://www.andrew.cmu.edu/user/feenstra/wavetrans/
 #       R. M. Feenstra and M. Widom                  
 #       some routines has been adopted from WAVETRANS
 #*      routines for Wavefunction reading and G 
 #       matching 
  
 #*Syntax:
 # ./vaspberry -f file -kx nx -ky ny -s 2 -ii ni -if nf
 #*  (or) ./vaspberry -f file -kx nx -ky ny -s 2 -is n 
  
 #*For the detailed help: ./vaspberry -h
  
  
# File reading... : 24x24 full-mesh SOC WAVECAR (identity in result.json)                                                                                                                                            
# TOTAL RECORD LENGTH =     38352
# NELECT     :     18
# ISPIN      :      1 (LSORBIT =.TRUE.)
# ENCUT (eV) :    400.0000
# NKPOINT    :    576
#  K-GRID    :     24   X  24
# NBANDS     :     60
# LATTVEC A1 :      3.171634     0.000000     0.000000
# LATTVEC A2 :      1.585817     2.746716     0.000000
# LATTVEC A3 :      0.000000     0.000000    15.000000
# RECIVEC B1 :      1.981056    -1.143763     0.000000
# RECIVEC B2 :      0.000000     2.287527     0.000000
# RECIVEC B3 :      0.000000    -0.000000     0.418879
#  dk^2 = |dk1xk2| =      0.007868
# NPMAX      :   6284
#  NB1MAX    :      6
#  NB2MAX    :      6
#  NB3MAX    :     25
  
  
#IK=   1 NK=  0.000 FLUX=  1.99624E-09 LOOP_U1=  1.00000E+00+ -1.99624E-09i KLP=   1   2  26  25   1 WKC= -0.02083 -0.02083  0.00000 STRM=  4 S(ARG)= -1.99624E-09 SMIN=  7.69242E-01
#IK=   2 NK=  1.000 FLUX= -7.93419E-05 LOOP_U1=  1.00000E+00+  7.93419E-05i KLP=   2   1  25  48   2 WKC=  0.02083 -0.02083  0.00000 STRM= -4 S(ARG)=  6.28326E+00 SMIN=  7.68213E-01
#IK=   3 NK= -1.000 FLUX= -9.18028E-04 LOOP_U1=  1.00000E+00+  9.18028E-04i KLP=   3   2  48  47   3 WKC=  0.06250 -0.02083  0.00000 STRM=  0 S(ARG)= -6.28227E+00 SMIN=  7.65649E-01
#IK=   4 NK=  1.000 FLUX= -2.72832E-03 LOOP_U1=  9.99996E-01+  2.72832E-03i KLP=   4   3  47  46   4 WKC=  0.10417 -0.02083  0.00000 STRM=  0 S(ARG)=  6.28591E+00 SMIN=  7.63092E-01
#IK=   5 NK=  0.000 FLUX= -4.72617E-03 LOOP_U1=  9.99989E-01+  4.72615E-03i KLP=   5   4  46  45   5 WKC=  0.14583 -0.02083  0.00000 STRM=  0 S(ARG)=  4.72617E-03 SMIN=  7.62918E-01
#IK=   6 NK=  0.000 FLUX= -5.68586E-03 LOOP_U1=  9.99984E-01+  5.68583E-03i KLP=   6   5  45  44   6 WKC=  0.18750 -0.02083  0.00000 STRM=  0 S(ARG)=  5.68586E-03 SMIN=  7.64981E-01
#IK=   7 NK=  0.000 FLUX= -5.48419E-03 LOOP_U1=  9.99985E-01+  5.48416E-03i KLP=   7   6  44  43   7 WKC=  0.22917 -0.02083  0.00000 STRM=  0 S(ARG)=  5.48419E-03 SMIN=  7.69376E-01
#IK=   8 NK=  1.000 FLUX= -4.84912E-03 LOOP_U1=  9.99988E-01+  4.84910E-03i KLP=   8   7  43  42   8 WKC=  0.27083 -0.02083  0.00000 STRM=  0 S(ARG)=  6.28803E+00 SMIN=  7.75942E-01
#IK=   9 NK=  0.000 FLUX= -4.24870E-03 LOOP_U1=  9.99991E-01+  4.24869E-03i KLP=   9   8  42  41   9 WKC=  0.31250 -0.02083  0.00000 STRM=  0 S(ARG)=  4.24870E-03 SMIN=  7.82934E-01
#IK=  10 NK= -1.000 FLUX= -3.90398E-03 LOOP_U1=  9.99992E-01+  3.90397E-03i KLP=  10   9  41  40  10 WKC=  0.35417 -0.02083  0.00000 STRM=  0 S(ARG)= -6.27928E+00 SMIN=  7.89268E-01
#IK=  11 NK=  0.000 FLUX= -4.08882E-03 LOOP_U1=  9.99992E-01+  4.08881E-03i KLP=  11  10  40  39  11 WKC=  0.39583 -0.02083  0.00000 STRM=  0 S(ARG)=  4.08882E-03 SMIN=  7.94427E-01
#IK=  12 NK=  1.000 FLUX= -4.80385E-03 LOOP_U1=  9.99988E-01+  4.80383E-03i KLP=  12  11  39  38  12 WKC=  0.43750 -0.02083  0.00000 STRM=  0 S(ARG)=  6.28799E+00 SMIN=  7.98146E-01
#IK=  13 NK=  0.000 FLUX= -5.32662E-03 LOOP_U1=  9.99986E-01+  5.32660E-03i KLP=  13  12  38  37  13 WKC=  0.47917 -0.02083  0.00000 STRM=  1 S(ARG)=  5.32662E-03 SMIN=  7.99952E-01
#IK=  14 NK=  1.000 FLUX= -4.95952E-03 LOOP_U1=  9.99988E-01+  4.95950E-03i KLP=  12  13  37  36  12 WKC= -0.47917 -0.02083  0.00000 STRM= -1 S(ARG)=  6.28814E+00 SMIN=  7.99059E-01
#IK=  15 NK= -1.000 FLUX= -4.12830E-03 LOOP_U1=  9.99991E-01+  4.12829E-03i KLP=  11  12  36  35  11 WKC= -0.43750 -0.02083  0.00000 STRM=  0 S(ARG)= -6.27906E+00 SMIN=  7.96004E-01
#IK=  16 NK=  1.000 FLUX= -3.70952E-03 LOOP_U1=  9.99993E-01+  3.70951E-03i KLP=  10  11  35  34  10 WKC= -0.39583 -0.02083  0.00000 STRM=  0 S(ARG)=  6.28689E+00 SMIN=  7.91486E-01
#IK=  17 NK= -1.000 FLUX= -3.90309E-03 LOOP_U1=  9.99992E-01+  3.90308E-03i KLP=   9  10  34  33   9 WKC= -0.35417 -0.02083  0.00000 STRM=  0 S(ARG)= -6.27928E+00 SMIN=  7.85677E-01
#IK=  18 NK=  0.000 FLUX= -4.43550E-03 LOOP_U1=  9.99990E-01+  4.43549E-03i KLP=   8   9  33  32   8 WKC= -0.31250 -0.02083  0.00000 STRM=  0 S(ARG)=  4.43550E-03 SMIN=  7.78930E-01
#IK=  19 NK=  0.000 FLUX= -5.09940E-03 LOOP_U1=  9.99987E-01+  5.09938E-03i KLP=   7   8  32  31   7 WKC= -0.27083 -0.02083  0.00000 STRM=  0 S(ARG)=  5.09940E-03 SMIN=  7.72064E-01
#IK=  20 NK=  0.000 FLUX= -5.63803E-03 LOOP_U1=  9.99984E-01+  5.63800E-03i KLP=   6   7  31  30   6 WKC= -0.22917 -0.02083  0.00000 STRM=  0 S(ARG)=  5.63803E-03 SMIN=  7.66587E-01
#IK=  21 NK=  0.000 FLUX= -5.37028E-03 LOOP_U1=  9.99986E-01+  5.37025E-03i KLP=   5   6  30  29   5 WKC= -0.18750 -0.02083  0.00000 STRM=  0 S(ARG)=  5.37028E-03 SMIN=  7.62918E-01
#IK=  22 NK=  1.000 FLUX= -3.82149E-03 LOOP_U1=  9.99993E-01+  3.82148E-03i KLP=   4   5  29  28   4 WKC= -0.14583 -0.02083  0.00000 STRM=  0 S(ARG)=  6.28701E+00 SMIN=  7.63071E-01
#IK=  23 NK= -1.000 FLUX= -1.80408E-03 LOOP_U1=  9.99998E-01+  1.80408E-03i KLP=   3   4  28  27   3 WKC= -0.10417 -0.02083  0.00000 STRM=  0 S(ARG)= -6.28138E+00 SMIN=  7.64742E-01
#IK=  24 NK= -0.000 FLUX= -4.78004E-04 LOOP_U1=  1.00000E+00+  4.78004E-04i KLP=   2   3  27  26   2 WKC= -0.06250 -0.02083  0.00000 STRM=  0 S(ARG)=  4.78004E-04 SMIN=  7.67248E-01
#IK=  25 NK= -1.000 FLUX=  7.93419E-05 LOOP_U1=  1.00000E+00+ -7.93419E-05i KLP=  25  48   2   1  25 WKC= -0.02083  0.02083  0.00000 STRM= -4 S(ARG)= -6.28326E+00 SMIN=  7.68213E-01
#IK=  26 NK=  0.000 FLUX= -1.99622E-09 LOOP_U1=  1.00000E+00+  1.99623E-09i KLP=  26  25   1   2  26 WKC=  0.02083  0.02083  0.00000 STRM=  4 S(ARG)=  1.99622E-09 SMIN=  7.69242E-01
#IK=  27 NK=  0.000 FLUX=  4.78004E-04 LOOP_U1=  1.00000E+00+ -4.78004E-04i KLP=  27  26   2   3  27 WKC=  0.06250  0.02083  0.00000 STRM=  0 S(ARG)= -4.78004E-04 SMIN=  7.67248E-01
#IK=  28 NK=  1.000 FLUX=  1.80408E-03 LOOP_U1=  9.99998E-01+ -1.80408E-03i KLP=  28  27   3   4  28 WKC=  0.10417  0.02083  0.00000 STRM=  0 S(ARG)=  6.28138E+00 SMIN=  7.64742E-01
#IK=  29 NK= -1.000 FLUX=  3.82149E-03 LOOP_U1=  9.99993E-01+ -3.82148E-03i KLP=  29  28   4   5  29 WKC=  0.14583  0.02083  0.00000 STRM=  0 S(ARG)= -6.28701E+00 SMIN=  7.63071E-01
#IK=  30 NK= -0.000 FLUX=  5.37028E-03 LOOP_U1=  9.99986E-01+ -5.37025E-03i KLP=  30  29   5   6  30 WKC=  0.18750  0.02083  0.00000 STRM=  0 S(ARG)= -5.37028E-03 SMIN=  7.62918E-01
#IK=  31 NK=  0.000 FLUX=  5.63803E-03 LOOP_U1=  9.99984E-01+ -5.63800E-03i KLP=  31  30   6   7  31 WKC=  0.22917  0.02083  0.00000 STRM=  0 S(ARG)= -5.63803E-03 SMIN=  7.66587E-01
#IK=  32 NK=  0.000 FLUX=  5.09940E-03 LOOP_U1=  9.99987E-01+ -5.09938E-03i KLP=  32  31   7   8  32 WKC=  0.27083  0.02083  0.00000 STRM=  0 S(ARG)= -5.09940E-03 SMIN=  7.72064E-01
#IK=  33 NK=  0.000 FLUX=  4.43550E-03 LOOP_U1=  9.99990E-01+ -4.43549E-03i KLP=  33  32   8   9  33 WKC=  0.31250  0.02083  0.00000 STRM=  0 S(ARG)= -4.43550E-03 SMIN=  7.78930E-01
#IK=  34 NK=  1.000 FLUX=  3.90309E-03 LOOP_U1=  9.99992E-01+ -3.90308E-03i KLP=  34  33   9  10  34 WKC=  0.35417  0.02083  0.00000 STRM=  0 S(ARG)=  6.27928E+00 SMIN=  7.85677E-01
#IK=  35 NK= -1.000 FLUX=  3.70952E-03 LOOP_U1=  9.99993E-01+ -3.70951E-03i KLP=  35  34  10  11  35 WKC=  0.39583  0.02083  0.00000 STRM=  0 S(ARG)= -6.28689E+00 SMIN=  7.91486E-01
#IK=  36 NK=  1.000 FLUX=  4.12830E-03 LOOP_U1=  9.99991E-01+ -4.12829E-03i KLP=  36  35  11  12  36 WKC=  0.43750  0.02083  0.00000 STRM=  0 S(ARG)=  6.27906E+00 SMIN=  7.96004E-01
#IK=  37 NK= -1.000 FLUX=  4.95952E-03 LOOP_U1=  9.99988E-01+ -4.95950E-03i KLP=  37  36  12  13  37 WKC=  0.47917  0.02083  0.00000 STRM= -1 S(ARG)= -6.28814E+00 SMIN=  7.99059E-01
#IK=  38 NK=  0.000 FLUX=  5.32662E-03 LOOP_U1=  9.99986E-01+ -5.32660E-03i KLP=  38  37  13  12  38 WKC= -0.47917  0.02083  0.00000 STRM=  1 S(ARG)= -5.32662E-03 SMIN=  7.99952E-01
#IK=  39 NK= -1.000 FLUX=  4.80385E-03 LOOP_U1=  9.99988E-01+ -4.80383E-03i KLP=  39  38  12  11  39 WKC= -0.43750  0.02083  0.00000 STRM=  0 S(ARG)= -6.28799E+00 SMIN=  7.98146E-01
#IK=  40 NK=  0.000 FLUX=  4.08882E-03 LOOP_U1=  9.99992E-01+ -4.08881E-03i KLP=  40  39  11  10  40 WKC= -0.39583  0.02083  0.00000 STRM=  0 S(ARG)= -4.08882E-03 SMIN=  7.94427E-01
#IK=  41 NK=  1.000 FLUX=  3.90398E-03 LOOP_U1=  9.99992E-01+ -3.90397E-03i KLP=  41  40  10   9  41 WKC= -0.35417  0.02083  0.00000 STRM=  0 S(ARG)=  6.27928E+00 SMIN=  7.89268E-01
#IK=  42 NK=  0.000 FLUX=  4.24870E-03 LOOP_U1=  9.99991E-01+ -4.24869E-03i KLP=  42  41   9   8  42 WKC= -0.31250  0.02083  0.00000 STRM=  0 S(ARG)= -4.24870E-03 SMIN=  7.82934E-01
#IK=  43 NK= -1.000 FLUX=  4.84912E-03 LOOP_U1=  9.99988E-01+ -4.84910E-03i KLP=  43  42   8   7  43 WKC= -0.27083  0.02083  0.00000 STRM=  0 S(ARG)= -6.28803E+00 SMIN=  7.75942E-01
#IK=  44 NK=  0.000 FLUX=  5.48419E-03 LOOP_U1=  9.99985E-01+ -5.48416E-03i KLP=  44  43   7   6  44 WKC= -0.22917  0.02083  0.00000 STRM=  0 S(ARG)= -5.48419E-03 SMIN=  7.69376E-01
#IK=  45 NK=  0.000 FLUX=  5.68586E-03 LOOP_U1=  9.99984E-01+ -5.68583E-03i KLP=  45  44   6   5  45 WKC= -0.18750  0.02083  0.00000 STRM=  0 S(ARG)= -5.68586E-03 SMIN=  7.64981E-01
#IK=  46 NK=  0.000 FLUX=  4.72617E-03 LOOP_U1=  9.99989E-01+ -4.72615E-03i KLP=  46  45   5   4  46 WKC= -0.14583  0.02083  0.00000 STRM=  0 S(ARG)= -4.72617E-03 SMIN=  7.62918E-01
#IK=  47 NK= -1.000 FLUX=  2.72832E-03 LOOP_U1=  9.99996E-01+ -2.72832E-03i KLP=  47  46   4   3  47 WKC= -0.10417  0.02083  0.00000 STRM=  0 S(ARG)= -6.28591E+00 SMIN=  7.63092E-01
#IK=  48 NK=  1.000 FLUX=  9.18028E-04 LOOP_U1=  1.00000E+00+ -9.18028E-04i KLP=  48  47   3   2  48 WKC= -0.06250  0.02083  0.00000 STRM=  0 S(ARG)=  6.28227E+00 SMIN=  7.65649E-01
#IK=  49 NK=  0.000 FLUX=  9.18027E-04 LOOP_U1=  1.00000E+00+ -9.18027E-04i KLP=  49  72  48  25  49 WKC= -0.02083  0.06250  0.00000 STRM=  0 S(ARG)= -9.18027E-04 SMIN=  7.65649E-01
#IK=  50 NK=  0.000 FLUX= -4.78003E-04 LOOP_U1=  1.00000E+00+  4.78003E-04i KLP=  50  49  25  26  50 WKC=  0.02083  0.06250  0.00000 STRM=  0 S(ARG)=  4.78003E-04 SMIN=  7.67248E-01
#IK=  51 NK= -1.000 FLUX= -6.09882E-10 LOOP_U1=  1.00000E+00+  6.09882E-10i KLP=  51  50  26  27  51 WKC=  0.06250  0.06250  0.00000 STRM=  0 S(ARG)= -6.28319E+00 SMIN=  7.67248E-01
#IK=  52 NK=  0.000 FLUX=  2.64416E-03 LOOP_U1=  9.99997E-01+ -2.64416E-03i KLP=  52  51  27  28  52 WKC=  0.10417  0.06250  0.00000 STRM=  0 S(ARG)= -2.64416E-03 SMIN=  7.65130E-01
#IK=  53 NK=  1.000 FLUX=  7.82694E-03 LOOP_U1=  9.99969E-01+ -7.82686E-03i KLP=  53  52  28  29  53 WKC=  0.14583  0.06250  0.00000 STRM=  0 S(ARG)=  6.27536E+00 SMIN=  7.63092E-01
#IK=  54 NK= -1.000 FLUX=  1.34494E-02 LOOP_U1=  9.99910E-01+ -1.34490E-02i KLP=  54  53  29  30  54 WKC=  0.18750  0.06250  0.00000 STRM=  0 S(ARG)= -6.29663E+00 SMIN=  7.62104E-01
#IK=  55 NK= -0.000 FLUX=  1.62725E-02 LOOP_U1=  9.99868E-01+ -1.62718E-02i KLP=  55  54  30  31  55 WKC=  0.22917  0.06250  0.00000 STRM=  0 S(ARG)= -1.62725E-02 SMIN=  7.63373E-01
#IK=  56 NK=  0.000 FLUX=  1.59480E-02 LOOP_U1=  9.99873E-01+ -1.59473E-02i KLP=  56  55  31  32  56 WKC=  0.27083  0.06250  0.00000 STRM=  0 S(ARG)= -1.59480E-02 SMIN=  7.66517E-01
#IK=  57 NK= -1.000 FLUX=  1.43140E-02 LOOP_U1=  9.99898E-01+ -1.43135E-02i KLP=  57  56  32  33  57 WKC=  0.31250  0.06250  0.00000 STRM=  0 S(ARG)= -6.29750E+00 SMIN=  7.71889E-01
#IK=  58 NK=  0.000 FLUX=  1.25425E-02 LOOP_U1=  9.99921E-01+ -1.25421E-02i KLP=  58  57  33  34  58 WKC=  0.35417  0.06250  0.00000 STRM=  0 S(ARG)= -1.25425E-02 SMIN=  7.78085E-01
#IK=  59 NK=  1.000 FLUX=  1.12732E-02 LOOP_U1=  9.99936E-01+ -1.12729E-02i KLP=  59  58  34  35  59 WKC=  0.39583  0.06250  0.00000 STRM=  0 S(ARG)=  6.27191E+00 SMIN=  7.83973E-01
#IK=  60 NK=  0.000 FLUX=  1.14333E-02 LOOP_U1=  9.99935E-01+ -1.14330E-02i KLP=  60  59  35  36  60 WKC=  0.43750  0.06250  0.00000 STRM=  0 S(ARG)= -1.14333E-02 SMIN=  7.88842E-01
#IK=  61 NK=  0.000 FLUX=  1.32884E-02 LOOP_U1=  9.99912E-01+ -1.32880E-02i KLP=  61  60  36  37  61 WKC=  0.47917  0.06250  0.00000 STRM=  0 S(ARG)= -1.32884E-02 SMIN=  7.91498E-01
#IK=  62 NK=  0.000 FLUX=  1.50527E-02 LOOP_U1=  9.99887E-01+ -1.50521E-02i KLP=  62  61  37  38  62 WKC= -0.47917  0.06250  0.00000 STRM=  0 S(ARG)= -1.50527E-02 SMIN=  7.92755E-01
#IK=  63 NK= -0.000 FLUX=  1.45196E-02 LOOP_U1=  9.99895E-01+ -1.45191E-02i KLP=  63  62  38  39  63 WKC= -0.43750  0.06250  0.00000 STRM=  0 S(ARG)= -1.45196E-02 SMIN=  7.92755E-01
#IK=  64 NK=  0.000 FLUX=  1.24241E-02 LOOP_U1=  9.99923E-01+ -1.24237E-02i KLP=  64  63  39  40  64 WKC= -0.39583  0.06250  0.00000 STRM=  0 S(ARG)= -1.24241E-02 SMIN=  7.91498E-01
#IK=  65 NK=  0.000 FLUX=  1.12426E-02 LOOP_U1=  9.99937E-01+ -1.12423E-02i KLP=  65  64  40  41  65 WKC= -0.35417  0.06250  0.00000 STRM=  0 S(ARG)= -1.12426E-02 SMIN=  7.87921E-01
#IK=  66 NK=  0.000 FLUX=  1.18381E-02 LOOP_U1=  9.99930E-01+ -1.18378E-02i KLP=  66  65  41  42  66 WKC= -0.31250  0.06250  0.00000 STRM=  0 S(ARG)= -1.18381E-02 SMIN=  7.82536E-01
#IK=  67 NK= -1.000 FLUX=  1.34722E-02 LOOP_U1=  9.99909E-01+ -1.34718E-02i KLP=  67  66  42  43  67 WKC= -0.27083  0.06250  0.00000 STRM=  0 S(ARG)= -6.29666E+00 SMIN=  7.76454E-01
#IK=  68 NK= -0.000 FLUX=  1.53163E-02 LOOP_U1=  9.99883E-01+ -1.53157E-02i KLP=  68  67  43  44  68 WKC= -0.22917  0.06250  0.00000 STRM=  0 S(ARG)= -1.53163E-02 SMIN=  7.70352E-01
#IK=  69 NK=  0.000 FLUX=  1.65337E-02 LOOP_U1=  9.99863E-01+ -1.65330E-02i KLP=  69  68  44  45  69 WKC= -0.18750  0.06250  0.00000 STRM=  0 S(ARG)= -1.65337E-02 SMIN=  7.65395E-01
#IK=  70 NK=  0.000 FLUX=  1.54022E-02 LOOP_U1=  9.99881E-01+ -1.54016E-02i KLP=  70  69  45  46  70 WKC= -0.14583  0.06250  0.00000 STRM=  0 S(ARG)= -1.54022E-02 SMIN=  7.62918E-01
#IK=  71 NK= -0.000 FLUX=  1.07994E-02 LOOP_U1=  9.99942E-01+ -1.07991E-02i KLP=  71  70  46  47  71 WKC= -0.10417  0.06250  0.00000 STRM=  0 S(ARG)= -1.07994E-02 SMIN=  7.62104E-01
#IK=  72 NK=  0.000 FLUX=  4.90226E-03 LOOP_U1=  9.99988E-01+ -4.90224E-03i KLP=  72  71  47  48  72 WKC= -0.06250  0.06250  0.00000 STRM=  0 S(ARG)= -4.90226E-03 SMIN=  7.63496E-01
#IK=  73 NK=  0.000 FLUX=  2.72832E-03 LOOP_U1=  9.99996E-01+ -2.72831E-03i KLP=  73  96  72  49  73 WKC= -0.02083  0.10417  0.00000 STRM=  0 S(ARG)= -2.72832E-03 SMIN=  7.63092E-01
#IK=  74 NK=  0.000 FLUX= -1.80409E-03 LOOP_U1=  9.99998E-01+  1.80408E-03i KLP=  74  73  49  50  74 WKC=  0.02083  0.10417  0.00000 STRM=  0 S(ARG)=  1.80409E-03 SMIN=  7.64742E-01
#IK=  75 NK=  1.000 FLUX= -2.64416E-03 LOOP_U1=  9.99997E-01+  2.64416E-03i KLP=  75  74  50  51  75 WKC=  0.06250  0.10417  0.00000 STRM=  0 S(ARG)=  6.28583E+00 SMIN=  7.65130E-01
#IK=  76 NK=  0.000 FLUX=  3.52229E-09 LOOP_U1=  1.00000E+00+ -3.52229E-09i KLP=  76  75  51  52  76 WKC=  0.10417  0.10417  0.00000 STRM=  0 S(ARG)= -3.52229E-09 SMIN=  7.64917E-01
#IK=  77 NK=  0.000 FLUX=  6.49310E-03 LOOP_U1=  9.99979E-01+ -6.49305E-03i KLP=  77  76  52  53  77 WKC=  0.14583  0.10417  0.00000 STRM=  0 S(ARG)= -6.49310E-03 SMIN=  7.63276E-01
#IK=  78 NK=  0.000 FLUX=  1.53269E-02 LOOP_U1=  9.99883E-01+ -1.53263E-02i KLP=  78  77  53  54  78 WKC=  0.18750  0.10417  0.00000 STRM=  0 S(ARG)= -1.53269E-02 SMIN=  7.62104E-01
#IK=  79 NK=  0.000 FLUX=  2.23619E-02 LOOP_U1=  9.99750E-01+ -2.23601E-02i KLP=  79  78  54  55  79 WKC=  0.22917  0.10417  0.00000 STRM=  0 S(ARG)= -2.23619E-02 SMIN=  7.62155E-01
#IK=  80 NK=  1.000 FLUX=  2.49285E-02 LOOP_U1=  9.99689E-01+ -2.49260E-02i KLP=  80  79  55  56  80 WKC=  0.27083  0.10417  0.00000 STRM=  0 S(ARG)=  6.25826E+00 SMIN=  7.62810E-01
#IK=  81 NK= -0.000 FLUX=  2.40952E-02 LOOP_U1=  9.99710E-01+ -2.40928E-02i KLP=  81  80  56  57  81 WKC=  0.31250  0.10417  0.00000 STRM=  0 S(ARG)= -2.40952E-02 SMIN=  7.65719E-01
#IK=  82 NK=  0.000 FLUX=  2.16467E-02 LOOP_U1=  9.99766E-01+ -2.16450E-02i KLP=  82  81  57  58  82 WKC=  0.35417  0.10417  0.00000 STRM=  0 S(ARG)= -2.16467E-02 SMIN=  7.70237E-01
#IK=  83 NK=  0.000 FLUX=  1.88797E-02 LOOP_U1=  9.99822E-01+ -1.88786E-02i KLP=  83  82  58  59  83 WKC=  0.39583  0.10417  0.00000 STRM=  0 S(ARG)= -1.88797E-02 SMIN=  7.75249E-01
#IK=  84 NK=  0.000 FLUX=  1.75742E-02 LOOP_U1=  9.99846E-01+ -1.75733E-02i KLP=  84  83  59  60  84 WKC=  0.43750  0.10417  0.00000 STRM=  0 S(ARG)= -1.75742E-02 SMIN=  7.79721E-01
#IK=  85 NK=  1.000 FLUX=  1.91638E-02 LOOP_U1=  9.99816E-01+ -1.91626E-02i KLP=  85  84  60  61  85 WKC=  0.47917  0.10417  0.00000 STRM=  0 S(ARG)=  6.26402E+00 SMIN=  7.81984E-01
#IK=  86 NK= -0.000 FLUX=  2.24693E-02 LOOP_U1=  9.99748E-01+ -2.24675E-02i KLP=  86  85  61  62  86 WKC= -0.47917  0.10417  0.00000 STRM=  0 S(ARG)= -2.24693E-02 SMIN=  7.83056E-01
#IK=  87 NK=  0.000 FLUX=  2.35957E-02 LOOP_U1=  9.99722E-01+ -2.35935E-02i KLP=  87  86  62  63  87 WKC= -0.43750  0.10417  0.00000 STRM=  0 S(ARG)= -2.35957E-02 SMIN=  7.83305E-01
#IK=  88 NK=  0.000 FLUX=  2.10300E-02 LOOP_U1=  9.99779E-01+ -2.10284E-02i KLP=  88  87  63  64  88 WKC= -0.39583  0.10417  0.00000 STRM=  0 S(ARG)= -2.10300E-02 SMIN=  7.83056E-01
#IK=  89 NK=  1.000 FLUX=  1.81337E-02 LOOP_U1=  9.99836E-01+ -1.81327E-02i KLP=  89  88  64  65  89 WKC= -0.35417  0.10417  0.00000 STRM=  0 S(ARG)=  6.26505E+00 SMIN=  7.81984E-01
#IK=  90 NK=  0.000 FLUX=  1.79224E-02 LOOP_U1=  9.99839E-01+ -1.79214E-02i KLP=  90  89  65  66  90 WKC= -0.31250  0.10417  0.00000 STRM=  0 S(ARG)= -1.79224E-02 SMIN=  7.79507E-01
#IK=  91 NK=  1.000 FLUX=  2.01639E-02 LOOP_U1=  9.99797E-01+ -2.01626E-02i KLP=  91  90  66  67  91 WKC= -0.27083  0.10417  0.00000 STRM=  0 S(ARG)=  6.26302E+00 SMIN=  7.74772E-01
#IK=  92 NK=  0.000 FLUX=  2.30773E-02 LOOP_U1=  9.99734E-01+ -2.30752E-02i KLP=  92  91  67  68  92 WKC= -0.22917  0.10417  0.00000 STRM=  0 S(ARG)= -2.30773E-02 SMIN=  7.69944E-01
#IK=  93 NK=  1.000 FLUX=  2.50679E-02 LOOP_U1=  9.99686E-01+ -2.50653E-02i KLP=  93  92  68  69  93 WKC= -0.18750  0.10417  0.00000 STRM=  0 S(ARG)=  6.25812E+00 SMIN=  7.65717E-01
#IK=  94 NK=  0.000 FLUX=  2.44742E-02 LOOP_U1=  9.99701E-01+ -2.44717E-02i KLP=  94  93  69  70  94 WKC= -0.14583  0.10417  0.00000 STRM=  0 S(ARG)= -2.44742E-02 SMIN=  7.62901E-01
#IK=  95 NK=  0.000 FLUX=  1.94304E-02 LOOP_U1=  9.99811E-01+ -1.94291E-02i KLP=  95  94  70  71  95 WKC= -0.10417  0.10417  0.00000 STRM=  0 S(ARG)= -1.94304E-02 SMIN=  7.62104E-01
#IK=  96 NK=  0.000 FLUX=  1.07994E-02 LOOP_U1=  9.99942E-01+ -1.07991E-02i KLP=  96  95  71  72  96 WKC= -0.06250  0.10417  0.00000 STRM=  0 S(ARG)= -1.07994E-02 SMIN=  7.62104E-01
#IK=  97 NK=  0.000 FLUX=  4.72617E-03 LOOP_U1=  9.99989E-01+ -4.72615E-03i KLP=  97 120  96  73  97 WKC= -0.02083  0.14583  0.00000 STRM=  0 S(ARG)= -4.72617E-03 SMIN=  7.62918E-01
#IK=  98 NK=  0.000 FLUX= -3.82149E-03 LOOP_U1=  9.99993E-01+  3.82148E-03i KLP=  98  97  73  74  98 WKC=  0.02083  0.14583  0.00000 STRM=  0 S(ARG)=  3.82149E-03 SMIN=  7.63071E-01
#IK=  99 NK=  1.000 FLUX= -7.82695E-03 LOOP_U1=  9.99969E-01+  7.82687E-03i KLP=  99  98  74  75  99 WKC=  0.06250  0.14583  0.00000 STRM=  0 S(ARG)=  6.29101E+00 SMIN=  7.63092E-01
#IK= 100 NK= -1.000 FLUX= -6.49310E-03 LOOP_U1=  9.99979E-01+  6.49305E-03i KLP= 100  99  75  76 100 WKC=  0.10417  0.14583  0.00000 STRM=  0 S(ARG)= -6.27669E+00 SMIN=  7.63276E-01
#IK= 101 NK= -1.000 FLUX= -4.08343E-09 LOOP_U1=  1.00000E+00+  4.08343E-09i KLP= 101 100  76  77 101 WKC=  0.14583  0.14583  0.00000 STRM=  0 S(ARG)= -6.28319E+00 SMIN=  7.64026E-01
#IK= 102 NK=  1.000 FLUX=  1.00479E-02 LOOP_U1=  9.99950E-01+ -1.00477E-02i KLP= 102 101  77  78 102 WKC=  0.18750  0.14583  0.00000 STRM=  0 S(ARG)=  6.27314E+00 SMIN=  7.62978E-01
#IK= 103 NK=  0.000 FLUX=  2.02112E-02 LOOP_U1=  9.99796E-01+ -2.02098E-02i KLP= 103 102  78  79 103 WKC=  0.22917  0.14583  0.00000 STRM=  0 S(ARG)= -2.02112E-02 SMIN=  7.62810E-01
#IK= 104 NK= -1.000 FLUX=  2.71103E-02 LOOP_U1=  9.99633E-01+ -2.71070E-02i KLP= 104 103  79  80 104 WKC=  0.27083  0.14583  0.00000 STRM=  0 S(ARG)= -6.31030E+00 SMIN=  7.62810E-01
#IK= 105 NK=  0.000 FLUX=  2.97685E-02 LOOP_U1=  9.99557E-01+ -2.97641E-02i KLP= 105 104  80  81 105 WKC=  0.31250  0.14583  0.00000 STRM=  0 S(ARG)= -2.97685E-02 SMIN=  7.63292E-01
#IK= 106 NK=  0.000 FLUX=  2.87637E-02 LOOP_U1=  9.99586E-01+ -2.87597E-02i KLP= 106 105  81  82 106 WKC=  0.35417  0.14583  0.00000 STRM=  0 S(ARG)= -2.87637E-02 SMIN=  7.65350E-01
#IK= 107 NK=  0.000 FLUX=  2.54764E-02 LOOP_U1=  9.99675E-01+ -2.54736E-02i KLP= 107 106  82  83 107 WKC=  0.39583  0.14583  0.00000 STRM=  0 S(ARG)= -2.54764E-02 SMIN=  7.68497E-01
#IK= 108 NK=  0.000 FLUX=  2.27170E-02 LOOP_U1=  9.99742E-01+ -2.27150E-02i KLP= 108 107  83  84 108 WKC=  0.43750  0.14583  0.00000 STRM=  0 S(ARG)= -2.27170E-02 SMIN=  7.71775E-01
#IK= 109 NK= -1.000 FLUX=  2.33903E-02 LOOP_U1=  9.99726E-01+ -2.33882E-02i KLP= 109 108  84  85 109 WKC=  0.47917  0.14583  0.00000 STRM=  0 S(ARG)= -6.30658E+00 SMIN=  7.73371E-01
#IK= 110 NK=  1.000 FLUX=  2.79350E-02 LOOP_U1=  9.99610E-01+ -2.79313E-02i KLP= 110 109  85  86 110 WKC= -0.47917  0.14583  0.00000 STRM=  0 S(ARG)=  6.25525E+00 SMIN=  7.73269E-01
#IK= 111 NK= -1.000 FLUX=  3.21617E-02 LOOP_U1=  9.99483E-01+ -3.21561E-02i KLP= 111 110  86  87 111 WKC= -0.43750  0.14583  0.00000 STRM=  0 S(ARG)= -6.31535E+00 SMIN=  7.72623E-01
#IK= 112 NK=  1.000 FLUX=  3.07406E-02 LOOP_U1=  9.99528E-01+ -3.07357E-02i KLP= 112 111  87  88 112 WKC= -0.39583  0.14583  0.00000 STRM=  0 S(ARG)=  6.25244E+00 SMIN=  7.72623E-01
#IK= 113 NK= -1.000 FLUX=  2.55945E-02 LOOP_U1=  9.99672E-01+ -2.55917E-02i KLP= 113 112  88  89 113 WKC= -0.35417  0.14583  0.00000 STRM=  0 S(ARG)= -6.30878E+00 SMIN=  7.73269E-01
#IK= 114 NK=  0.000 FLUX=  2.26199E-02 LOOP_U1=  9.99744E-01+ -2.26180E-02i KLP= 114 113  89  90 114 WKC= -0.31250  0.14583  0.00000 STRM=  0 S(ARG)= -2.26199E-02 SMIN=  7.73371E-01
#IK= 115 NK=  0.000 FLUX=  2.37875E-02 LOOP_U1=  9.99717E-01+ -2.37852E-02i KLP= 115 114  90  91 115 WKC= -0.27083  0.14583  0.00000 STRM=  0 S(ARG)= -2.37875E-02 SMIN=  7.72388E-01
#IK= 116 NK=  0.000 FLUX=  2.72355E-02 LOOP_U1=  9.99629E-01+ -2.72322E-02i KLP= 116 115  91  92 116 WKC= -0.22917  0.14583  0.00000 STRM=  0 S(ARG)= -2.72355E-02 SMIN=  7.69284E-01
#IK= 117 NK=  0.000 FLUX=  2.98800E-02 LOOP_U1=  9.99554E-01+ -2.98755E-02i KLP= 117 116  92  93 117 WKC= -0.18750  0.14583  0.00000 STRM=  0 S(ARG)= -2.98800E-02 SMIN=  7.66545E-01
#IK= 118 NK= -0.000 FLUX=  2.93544E-02 LOOP_U1=  9.99569E-01+ -2.93502E-02i KLP= 118 117  93  94 118 WKC= -0.14583  0.14583  0.00000 STRM=  0 S(ARG)= -2.93544E-02 SMIN=  7.64556E-01
#IK= 119 NK=  0.000 FLUX=  2.44742E-02 LOOP_U1=  9.99701E-01+ -2.44717E-02i KLP= 119 118  94  95 119 WKC= -0.10417  0.14583  0.00000 STRM=  0 S(ARG)= -2.44742E-02 SMIN=  7.62901E-01
#IK= 120 NK=  1.000 FLUX=  1.54022E-02 LOOP_U1=  9.99881E-01+ -1.54016E-02i KLP= 120 119  95  96 120 WKC= -0.06250  0.14583  0.00000 STRM=  0 S(ARG)=  6.26778E+00 SMIN=  7.62918E-01
#IK= 121 NK=  0.000 FLUX=  5.68586E-03 LOOP_U1=  9.99984E-01+ -5.68583E-03i KLP= 121 144 120  97 121 WKC= -0.02083  0.18750  0.00000 STRM=  0 S(ARG)= -5.68586E-03 SMIN=  7.64981E-01
#IK= 122 NK=  0.000 FLUX= -5.37028E-03 LOOP_U1=  9.99986E-01+  5.37026E-03i KLP= 122 121  97  98 122 WKC=  0.02083  0.18750  0.00000 STRM=  0 S(ARG)=  5.37028E-03 SMIN=  7.62918E-01
#IK= 123 NK= -1.000 FLUX= -1.34494E-02 LOOP_U1=  9.99910E-01+  1.34490E-02i KLP= 123 122  98  99 123 WKC=  0.06250  0.18750  0.00000 STRM=  0 S(ARG)= -6.26974E+00 SMIN=  7.62104E-01
#IK= 124 NK=  1.000 FLUX= -1.53269E-02 LOOP_U1=  9.99883E-01+  1.53263E-02i KLP= 124 123  99 100 124 WKC=  0.10417  0.18750  0.00000 STRM=  0 S(ARG)=  6.29851E+00 SMIN=  7.62104E-01
#IK= 125 NK=  1.000 FLUX= -1.00479E-02 LOOP_U1=  9.99950E-01+  1.00477E-02i KLP= 125 124 100 101 125 WKC=  0.14583  0.18750  0.00000 STRM=  0 S(ARG)=  6.29323E+00 SMIN=  7.62978E-01
#IK= 126 NK= -1.000 FLUX=  3.82420E-09 LOOP_U1=  1.00000E+00+ -3.82420E-09i KLP= 126 125 101 102 126 WKC=  0.18750  0.18750  0.00000 STRM=  0 S(ARG)= -6.28319E+00 SMIN=  7.64981E-01
#IK= 127 NK=  0.000 FLUX=  1.12338E-02 LOOP_U1=  9.99937E-01+ -1.12336E-02i KLP= 127 126 102 103 127 WKC=  0.22917  0.18750  0.00000 STRM=  0 S(ARG)= -1.12338E-02 SMIN=  7.65395E-01
#IK= 128 NK=  0.000 FLUX=  2.09269E-02 LOOP_U1=  9.99781E-01+ -2.09253E-02i KLP= 128 127 103 104 128 WKC=  0.27083  0.18750  0.00000 STRM=  0 S(ARG)= -2.09269E-02 SMIN=  7.65717E-01
#IK= 129 NK=  0.000 FLUX=  2.76638E-02 LOOP_U1=  9.99617E-01+ -2.76602E-02i KLP= 129 128 104 105 129 WKC=  0.31250  0.18750  0.00000 STRM=  0 S(ARG)= -2.76638E-02 SMIN=  7.65350E-01
#IK= 130 NK=  0.000 FLUX=  3.03691E-02 LOOP_U1=  9.99539E-01+ -3.03644E-02i KLP= 130 129 105 106 130 WKC=  0.35417  0.18750  0.00000 STRM=  0 S(ARG)= -3.03691E-02 SMIN=  7.65350E-01
#IK= 131 NK=  0.000 FLUX=  2.88959E-02 LOOP_U1=  9.99583E-01+ -2.88919E-02i KLP= 131 130 106 107 131 WKC=  0.39583  0.18750  0.00000 STRM=  0 S(ARG)= -2.88959E-02 SMIN=  7.65984E-01
#IK= 132 NK= -0.000 FLUX=  2.61175E-02 LOOP_U1=  9.99659E-01+ -2.61145E-02i KLP= 132 131 107 108 132 WKC=  0.43750  0.18750  0.00000 STRM=  0 S(ARG)= -2.61175E-02 SMIN=  7.67104E-01
#IK= 133 NK=  0.000 FLUX=  2.63201E-02 LOOP_U1=  9.99654E-01+ -2.63171E-02i KLP= 133 132 108 109 133 WKC=  0.47917  0.18750  0.00000 STRM=  0 S(ARG)= -2.63201E-02 SMIN=  7.67896E-01
#IK= 134 NK= -1.000 FLUX=  3.21130E-02 LOOP_U1=  9.99484E-01+ -3.21074E-02i KLP= 134 133 109 110 134 WKC= -0.47917  0.18750  0.00000 STRM=  0 S(ARG)= -6.31530E+00 SMIN=  7.65836E-01
#IK= 135 NK=  0.000 FLUX=  4.11123E-02 LOOP_U1=  9.99155E-01+ -4.11008E-02i KLP= 135 134 110 111 135 WKC= -0.43750  0.18750  0.00000 STRM=  0 S(ARG)= -4.11123E-02 SMIN=  7.62999E-01
#IK= 136 NK=  1.000 FLUX=  4.41097E-02 LOOP_U1=  9.99027E-01+ -4.40954E-02i KLP= 136 135 111 112 136 WKC= -0.39583  0.18750  0.00000 STRM=  0 S(ARG)=  6.23908E+00 SMIN=  7.61433E-01
#IK= 137 NK=  0.000 FLUX=  3.71347E-02 LOOP_U1=  9.99311E-01+ -3.71262E-02i KLP= 137 136 112 113 137 WKC= -0.35417  0.18750  0.00000 STRM=  0 S(ARG)= -3.71347E-02 SMIN=  7.62999E-01
#IK= 138 NK=  0.000 FLUX=  2.88175E-02 LOOP_U1=  9.99585E-01+ -2.88135E-02i KLP= 138 137 113 114 138 WKC= -0.31250  0.18750  0.00000 STRM=  0 S(ARG)= -2.88175E-02 SMIN=  7.65836E-01
#IK= 139 NK=  0.000 FLUX=  2.57458E-02 LOOP_U1=  9.99669E-01+ -2.57430E-02i KLP= 139 138 114 115 139 WKC= -0.27083  0.18750  0.00000 STRM=  0 S(ARG)= -2.57458E-02 SMIN=  7.67896E-01
#IK= 140 NK=  1.000 FLUX=  2.74140E-02 LOOP_U1=  9.99624E-01+ -2.74105E-02i KLP= 140 139 115 116 140 WKC= -0.22917  0.18750  0.00000 STRM=  0 S(ARG)=  6.25577E+00 SMIN=  7.68831E-01
#IK= 141 NK= -1.000 FLUX=  3.01309E-02 LOOP_U1=  9.99546E-01+ -3.01263E-02i KLP= 141 140 116 117 141 WKC= -0.18750  0.18750  0.00000 STRM=  0 S(ARG)= -6.31332E+00 SMIN=  7.68260E-01
#IK= 142 NK=  0.000 FLUX=  2.98800E-02 LOOP_U1=  9.99554E-01+ -2.98755E-02i KLP= 142 141 117 118 142 WKC= -0.14583  0.18750  0.00000 STRM=  0 S(ARG)= -2.98800E-02 SMIN=  7.66545E-01
#IK= 143 NK=  0.000 FLUX=  2.50679E-02 LOOP_U1=  9.99686E-01+ -2.50653E-02i KLP= 143 142 118 119 143 WKC= -0.10417  0.18750  0.00000 STRM=  0 S(ARG)= -2.50679E-02 SMIN=  7.65717E-01
#IK= 144 NK= -1.000 FLUX=  1.65337E-02 LOOP_U1=  9.99863E-01+ -1.65330E-02i KLP= 144 143 119 120 144 WKC= -0.06250  0.18750  0.00000 STRM=  0 S(ARG)= -6.29972E+00 SMIN=  7.65395E-01
#IK= 145 NK=  0.000 FLUX=  5.48419E-03 LOOP_U1=  9.99985E-01+ -5.48416E-03i KLP= 145 168 144 121 145 WKC= -0.02083  0.22917  0.00000 STRM=  0 S(ARG)= -5.48419E-03 SMIN=  7.69376E-01
#IK= 146 NK=  0.000 FLUX= -5.63803E-03 LOOP_U1=  9.99984E-01+  5.63800E-03i KLP= 146 145 121 122 146 WKC=  0.02083  0.22917  0.00000 STRM=  0 S(ARG)=  5.63803E-03 SMIN=  7.66587E-01
#IK= 147 NK=  1.000 FLUX= -1.62725E-02 LOOP_U1=  9.99868E-01+  1.62718E-02i KLP= 147 146 122 123 147 WKC=  0.06250  0.22917  0.00000 STRM=  0 S(ARG)=  6.29946E+00 SMIN=  7.63373E-01
#IK= 148 NK= -1.000 FLUX= -2.23619E-02 LOOP_U1=  9.99750E-01+  2.23601E-02i KLP= 148 147 123 124 148 WKC=  0.10417  0.22917  0.00000 STRM=  0 S(ARG)= -6.26082E+00 SMIN=  7.62155E-01
#IK= 149 NK=  0.000 FLUX= -2.02112E-02 LOOP_U1=  9.99796E-01+  2.02098E-02i KLP= 149 148 124 125 149 WKC=  0.14583  0.22917  0.00000 STRM=  0 S(ARG)=  2.02112E-02 SMIN=  7.62810E-01
#IK= 150 NK=  1.000 FLUX= -1.12338E-02 LOOP_U1=  9.99937E-01+  1.12335E-02i KLP= 150 149 125 126 150 WKC=  0.18750  0.22917  0.00000 STRM=  0 S(ARG)=  6.29442E+00 SMIN=  7.65395E-01
#IK= 151 NK=  1.000 FLUX= -1.82527E-09 LOOP_U1=  1.00000E+00+  1.82527E-09i KLP= 151 150 126 127 151 WKC=  0.22917  0.22917  0.00000 STRM=  0 S(ARG)=  6.28319E+00 SMIN=  7.69376E-01
#IK= 152 NK= -1.000 FLUX=  1.04942E-02 LOOP_U1=  9.99945E-01+ -1.04940E-02i KLP= 152 151 127 128 152 WKC=  0.27083  0.22917  0.00000 STRM=  0 S(ARG)= -6.29368E+00 SMIN=  7.70352E-01
#IK= 153 NK=  0.000 FLUX=  1.93225E-02 LOOP_U1=  9.99813E-01+ -1.93213E-02i KLP= 153 152 128 129 153 WKC=  0.31250  0.22917  0.00000 STRM=  0 S(ARG)= -1.93225E-02 SMIN=  7.69944E-01
#IK= 154 NK=  0.000 FLUX=  2.55297E-02 LOOP_U1=  9.99674E-01+ -2.55269E-02i KLP= 154 153 129 130 154 WKC=  0.35417  0.22917  0.00000 STRM=  0 S(ARG)= -2.55297E-02 SMIN=  7.68497E-01
#IK= 155 NK=  0.000 FLUX=  2.76059E-02 LOOP_U1=  9.99619E-01+ -2.76024E-02i KLP= 155 154 130 131 155 WKC=  0.39583  0.22917  0.00000 STRM=  0 S(ARG)= -2.76059E-02 SMIN=  7.67104E-01
#IK= 156 NK=  0.000 FLUX=  2.68225E-02 LOOP_U1=  9.99640E-01+ -2.68193E-02i KLP= 156 155 131 132 156 WKC=  0.43750  0.22917  0.00000 STRM=  0 S(ARG)= -2.68225E-02 SMIN=  7.65511E-01
#IK= 157 NK= -0.000 FLUX=  2.76965E-02 LOOP_U1=  9.99616E-01+ -2.76930E-02i KLP= 157 156 132 133 157 WKC=  0.47917  0.22917  0.00000 STRM=  0 S(ARG)= -2.76965E-02 SMIN=  7.63208E-01
#IK= 158 NK=  0.000 FLUX=  3.48517E-02 LOOP_U1=  9.99393E-01+ -3.48446E-02i KLP= 158 157 133 134 158 WKC= -0.47917  0.22917  0.00000 STRM=  0 S(ARG)= -3.48517E-02 SMIN=  7.60406E-01
#IK= 159 NK=  0.000 FLUX=  4.98106E-02 LOOP_U1=  9.98760E-01+ -4.97900E-02i KLP= 159 158 134 135 159 WKC= -0.43750  0.22917  0.00000 STRM=  0 S(ARG)= -4.98106E-02 SMIN=  7.57064E-01
#IK= 160 NK=  0.000 FLUX=  6.30689E-02 LOOP_U1=  9.98012E-01+ -6.30271E-02i KLP= 160 159 135 136 160 WKC= -0.39583  0.22917  0.00000 STRM=  0 S(ARG)= -6.30689E-02 SMIN=  7.51963E-01
#IK= 161 NK=  0.000 FLUX=  5.84287E-02 LOOP_U1=  9.98294E-01+ -5.83954E-02i KLP= 161 160 136 137 161 WKC= -0.35417  0.22917  0.00000 STRM=  0 S(ARG)= -5.84287E-02 SMIN=  7.51963E-01
#IK= 162 NK=  0.000 FLUX=  4.21670E-02 LOOP_U1=  9.99111E-01+ -4.21545E-02i KLP= 162 161 137 138 162 WKC= -0.31250  0.22917  0.00000 STRM=  0 S(ARG)= -4.21670E-02 SMIN=  7.57064E-01
#IK= 163 NK=  0.000 FLUX=  3.05868E-02 LOOP_U1=  9.99532E-01+ -3.05821E-02i KLP= 163 162 138 139 163 WKC= -0.27083  0.22917  0.00000 STRM=  0 S(ARG)= -3.05868E-02 SMIN=  7.62605E-01
#IK= 164 NK=  0.000 FLUX=  2.68997E-02 LOOP_U1=  9.99638E-01+ -2.68964E-02i KLP= 164 163 139 140 164 WKC= -0.22917  0.22917  0.00000 STRM=  0 S(ARG)= -2.68997E-02 SMIN=  7.66844E-01
#IK= 165 NK=  0.000 FLUX=  2.74140E-02 LOOP_U1=  9.99624E-01+ -2.74105E-02i KLP= 165 164 140 141 165 WKC= -0.18750  0.22917  0.00000 STRM=  0 S(ARG)= -2.74140E-02 SMIN=  7.68831E-01
#IK= 166 NK= -1.000 FLUX=  2.72355E-02 LOOP_U1=  9.99629E-01+ -2.72322E-02i KLP= 166 165 141 142 166 WKC= -0.14583  0.22917  0.00000 STRM=  0 S(ARG)= -6.31042E+00 SMIN=  7.69284E-01
#IK= 167 NK=  1.000 FLUX=  2.30773E-02 LOOP_U1=  9.99734E-01+ -2.30752E-02i KLP= 167 166 142 143 167 WKC= -0.10417  0.22917  0.00000 STRM=  0 S(ARG)=  6.26011E+00 SMIN=  7.69944E-01
#IK= 168 NK=  0.000 FLUX=  1.53163E-02 LOOP_U1=  9.99883E-01+ -1.53157E-02i KLP= 168 167 143 144 168 WKC= -0.06250  0.22917  0.00000 STRM=  0 S(ARG)= -1.53163E-02 SMIN=  7.70352E-01
#IK= 169 NK= -1.000 FLUX=  4.84912E-03 LOOP_U1=  9.99988E-01+ -4.84910E-03i KLP= 169 192 168 145 169 WKC= -0.02083  0.27083  0.00000 STRM=  0 S(ARG)= -6.28803E+00 SMIN=  7.75942E-01
#IK= 170 NK=  0.000 FLUX= -5.09940E-03 LOOP_U1=  9.99987E-01+  5.09938E-03i KLP= 170 169 145 146 170 WKC=  0.02083  0.27083  0.00000 STRM=  0 S(ARG)=  5.09940E-03 SMIN=  7.72064E-01
#IK= 171 NK= -1.000 FLUX= -1.59480E-02 LOOP_U1=  9.99873E-01+  1.59473E-02i KLP= 171 170 146 147 171 WKC=  0.06250  0.27083  0.00000 STRM=  0 S(ARG)= -6.26724E+00 SMIN=  7.66517E-01
#IK= 172 NK= -0.000 FLUX= -2.49285E-02 LOOP_U1=  9.99689E-01+  2.49260E-02i KLP= 172 171 147 148 172 WKC=  0.10417  0.27083  0.00000 STRM=  0 S(ARG)=  2.49285E-02 SMIN=  7.62810E-01
#IK= 173 NK= -0.000 FLUX= -2.71103E-02 LOOP_U1=  9.99633E-01+  2.71070E-02i KLP= 173 172 148 149 173 WKC=  0.14583  0.27083  0.00000 STRM=  0 S(ARG)=  2.71103E-02 SMIN=  7.62810E-01
#IK= 174 NK=  0.000 FLUX= -2.09269E-02 LOOP_U1=  9.99781E-01+  2.09253E-02i KLP= 174 173 149 150 174 WKC=  0.18750  0.27083  0.00000 STRM=  0 S(ARG)=  2.09269E-02 SMIN=  7.65717E-01
#IK= 175 NK= -1.000 FLUX= -1.04942E-02 LOOP_U1=  9.99945E-01+  1.04940E-02i KLP= 175 174 150 151 175 WKC=  0.22917  0.27083  0.00000 STRM=  0 S(ARG)= -6.27269E+00 SMIN=  7.70352E-01
#IK= 176 NK=  1.000 FLUX=  1.28958E-09 LOOP_U1=  1.00000E+00+ -1.28958E-09i KLP= 176 175 151 152 176 WKC=  0.27083  0.27083  0.00000 STRM=  0 S(ARG)=  6.28319E+00 SMIN=  7.75942E-01
#IK= 177 NK=  1.000 FLUX=  9.24172E-03 LOOP_U1=  9.99957E-01+ -9.24158E-03i KLP= 177 176 152 153 177 WKC=  0.31250  0.27083  0.00000 STRM=  0 S(ARG)=  6.27394E+00 SMIN=  7.76454E-01
#IK= 178 NK=  0.000 FLUX=  1.70501E-02 LOOP_U1=  9.99855E-01+ -1.70493E-02i KLP= 178 177 153 154 178 WKC=  0.35417  0.27083  0.00000 STRM=  0 S(ARG)= -1.70501E-02 SMIN=  7.74772E-01
#IK= 179 NK= -1.000 FLUX=  2.22878E-02 LOOP_U1=  9.99752E-01+ -2.22860E-02i KLP= 179 178 154 155 179 WKC=  0.39583  0.27083  0.00000 STRM=  0 S(ARG)= -6.30547E+00 SMIN=  7.71775E-01
#IK= 180 NK=  0.000 FLUX=  2.46205E-02 LOOP_U1=  9.99697E-01+ -2.46180E-02i KLP= 180 179 155 156 180 WKC=  0.43750  0.27083  0.00000 STRM=  0 S(ARG)= -2.46205E-02 SMIN=  7.67905E-01
#IK= 181 NK=  0.000 FLUX=  2.72477E-02 LOOP_U1=  9.99629E-01+ -2.72443E-02i KLP= 181 180 156 157 181 WKC=  0.47917  0.27083  0.00000 STRM=  0 S(ARG)= -2.72477E-02 SMIN=  7.63208E-01
#IK= 182 NK=  0.000 FLUX=  3.55626E-02 LOOP_U1=  9.99368E-01+ -3.55551E-02i KLP= 182 181 157 158 182 WKC= -0.47917  0.27083  0.00000 STRM=  0 S(ARG)= -3.55626E-02 SMIN=  7.57513E-01
#IK= 183 NK=  0.000 FLUX=  5.51304E-02 LOOP_U1=  9.98481E-01+ -5.51025E-02i KLP= 183 182 158 159 183 WKC= -0.43750  0.27083  0.00000 STRM=  0 S(ARG)= -5.51304E-02 SMIN=  7.51672E-01
#IK= 184 NK=  0.000 FLUX=  8.31029E-02 LOOP_U1=  9.96549E-01+ -8.30073E-02i KLP= 184 183 159 160 184 WKC= -0.39583  0.27083  0.00000 STRM=  0 S(ARG)= -8.31029E-02 SMIN=  7.47866E-01
#IK= 185 NK= -1.000 FLUX=  9.25149E-02 LOOP_U1=  9.95724E-01+ -9.23830E-02i KLP= 185 184 160 161 185 WKC= -0.35417  0.27083  0.00000 STRM=  0 S(ARG)= -6.37570E+00 SMIN=  7.43187E-01
#IK= 186 NK=  1.000 FLUX=  6.99006E-02 LOOP_U1=  9.97558E-01+ -6.98437E-02i KLP= 186 185 161 162 186 WKC= -0.31250  0.27083  0.00000 STRM=  0 S(ARG)=  6.21328E+00 SMIN=  7.47866E-01
#IK= 187 NK=  0.000 FLUX=  4.41663E-02 LOOP_U1=  9.99025E-01+ -4.41519E-02i KLP= 187 186 162 163 187 WKC= -0.27083  0.27083  0.00000 STRM=  0 S(ARG)= -4.41663E-02 SMIN=  7.56582E-01
#IK= 188 NK=  0.000 FLUX=  3.05868E-02 LOOP_U1=  9.99532E-01+ -3.05821E-02i KLP= 188 187 163 164 188 WKC= -0.22917  0.27083  0.00000 STRM=  0 S(ARG)= -3.05868E-02 SMIN=  7.62605E-01
#IK= 189 NK= -1.000 FLUX=  2.57458E-02 LOOP_U1=  9.99669E-01+ -2.57430E-02i KLP= 189 188 164 165 189 WKC= -0.18750  0.27083  0.00000 STRM=  0 S(ARG)= -6.30893E+00 SMIN=  7.67896E-01
#IK= 190 NK=  0.000 FLUX=  2.37875E-02 LOOP_U1=  9.99717E-01+ -2.37852E-02i KLP= 190 189 165 166 190 WKC= -0.14583  0.27083  0.00000 STRM=  0 S(ARG)= -2.37875E-02 SMIN=  7.72388E-01
#IK= 191 NK=  0.000 FLUX=  2.01639E-02 LOOP_U1=  9.99797E-01+ -2.01626E-02i KLP= 191 190 166 167 191 WKC= -0.10417  0.27083  0.00000 STRM=  0 S(ARG)= -2.01639E-02 SMIN=  7.74772E-01
#IK= 192 NK= -0.000 FLUX=  1.34722E-02 LOOP_U1=  9.99909E-01+ -1.34718E-02i KLP= 192 191 167 168 192 WKC= -0.06250  0.27083  0.00000 STRM=  0 S(ARG)= -1.34722E-02 SMIN=  7.76454E-01
#IK= 193 NK=  1.000 FLUX=  4.24870E-03 LOOP_U1=  9.99991E-01+ -4.24869E-03i KLP= 193 216 192 169 193 WKC= -0.02083  0.31250  0.00000 STRM=  0 S(ARG)=  6.27894E+00 SMIN=  7.82934E-01
#IK= 194 NK=  0.000 FLUX= -4.43550E-03 LOOP_U1=  9.99990E-01+  4.43549E-03i KLP= 194 193 169 170 194 WKC=  0.02083  0.31250  0.00000 STRM=  0 S(ARG)=  4.43550E-03 SMIN=  7.78930E-01
#IK= 195 NK= -1.000 FLUX= -1.43140E-02 LOOP_U1=  9.99898E-01+  1.43135E-02i KLP= 195 194 170 171 195 WKC=  0.06250  0.31250  0.00000 STRM=  0 S(ARG)= -6.26887E+00 SMIN=  7.71889E-01
#IK= 196 NK=  0.000 FLUX= -2.40952E-02 LOOP_U1=  9.99710E-01+  2.40928E-02i KLP= 196 195 171 172 196 WKC=  0.10417  0.31250  0.00000 STRM=  0 S(ARG)=  2.40952E-02 SMIN=  7.65719E-01
#IK= 197 NK=  0.000 FLUX= -2.97685E-02 LOOP_U1=  9.99557E-01+  2.97641E-02i KLP= 197 196 172 173 197 WKC=  0.14583  0.31250  0.00000 STRM=  0 S(ARG)=  2.97685E-02 SMIN=  7.63292E-01
#IK= 198 NK=  0.000 FLUX= -2.76638E-02 LOOP_U1=  9.99617E-01+  2.76602E-02i KLP= 198 197 173 174 198 WKC=  0.18750  0.31250  0.00000 STRM=  0 S(ARG)=  2.76638E-02 SMIN=  7.65350E-01
#IK= 199 NK=  0.000 FLUX= -1.93225E-02 LOOP_U1=  9.99813E-01+  1.93213E-02i KLP= 199 198 174 175 199 WKC=  0.22917  0.31250  0.00000 STRM=  0 S(ARG)=  1.93225E-02 SMIN=  7.69944E-01
#IK= 200 NK=  0.000 FLUX= -9.24172E-03 LOOP_U1=  9.99957E-01+  9.24158E-03i KLP= 200 199 175 176 200 WKC=  0.27083  0.31250  0.00000 STRM=  0 S(ARG)=  9.24172E-03 SMIN=  7.76454E-01
#IK= 201 NK= -1.000 FLUX= -3.54128E-10 LOOP_U1=  1.00000E+00+  3.54129E-10i KLP= 201 200 176 177 201 WKC=  0.31250  0.31250  0.00000 STRM=  0 S(ARG)= -6.28319E+00 SMIN=  7.82934E-01
#IK= 202 NK=  1.000 FLUX=  8.12516E-03 LOOP_U1=  9.99967E-01+ -8.12507E-03i KLP= 202 201 177 178 202 WKC=  0.35417  0.31250  0.00000 STRM=  0 S(ARG)=  6.27506E+00 SMIN=  7.82536E-01
#IK= 203 NK=  0.000 FLUX=  1.50615E-02 LOOP_U1=  9.99887E-01+ -1.50609E-02i KLP= 203 202 178 179 203 WKC=  0.39583  0.31250  0.00000 STRM=  0 S(ARG)= -1.50615E-02 SMIN=  7.79507E-01
#IK= 204 NK= -1.000 FLUX=  2.02601E-02 LOOP_U1=  9.99795E-01+ -2.02587E-02i KLP= 204 203 179 180 204 WKC=  0.43750  0.31250  0.00000 STRM=  0 S(ARG)= -6.30345E+00 SMIN=  7.74520E-01
#IK= 205 NK=  0.000 FLUX=  2.50977E-02 LOOP_U1=  9.99685E-01+ -2.50951E-02i KLP= 205 204 180 181 205 WKC=  0.47917  0.31250  0.00000 STRM=  0 S(ARG)= -2.50977E-02 SMIN=  7.68102E-01
#IK= 206 NK=  0.000 FLUX=  3.40099E-02 LOOP_U1=  9.99422E-01+ -3.40033E-02i KLP= 206 205 181 182 206 WKC= -0.47917  0.31250  0.00000 STRM=  0 S(ARG)= -3.40099E-02 SMIN=  7.60406E-01
#IK= 207 NK=  0.000 FLUX=  5.38420E-02 LOOP_U1=  9.98551E-01+ -5.38160E-02i KLP= 207 206 182 183 207 WKC= -0.43750  0.31250  0.00000 STRM=  0 S(ARG)= -5.38420E-02 SMIN=  7.51672E-01
#IK= 208 NK=  0.000 FLUX=  8.96692E-02 LOOP_U1=  9.95982E-01+ -8.95490E-02i KLP= 208 207 183 184 208 WKC= -0.39583  0.31250  0.00000 STRM=  0 S(ARG)= -8.96692E-02 SMIN=  7.43837E-01
#IK= 209 NK=  1.000 FLUX=  1.21679E-01 LOOP_U1=  9.92606E-01+ -1.21379E-01i KLP= 209 208 184 185 209 WKC= -0.35417  0.31250  0.00000 STRM=  0 S(ARG)=  6.16151E+00 SMIN=  7.41853E-01
#IK= 210 NK= -1.000 FLUX=  1.08891E-01 LOOP_U1=  9.94077E-01+ -1.08676E-01i KLP= 210 209 185 186 210 WKC= -0.31250  0.31250  0.00000 STRM=  0 S(ARG)= -6.39208E+00 SMIN=  7.41853E-01
#IK= 211 NK=  0.000 FLUX=  6.99006E-02 LOOP_U1=  9.97558E-01+ -6.98437E-02i KLP= 211 210 186 187 211 WKC= -0.27083  0.31250  0.00000 STRM=  0 S(ARG)= -6.99006E-02 SMIN=  7.47866E-01
#IK= 212 NK=  0.000 FLUX=  4.21670E-02 LOOP_U1=  9.99111E-01+ -4.21545E-02i KLP= 212 211 187 188 212 WKC= -0.22917  0.31250  0.00000 STRM=  0 S(ARG)= -4.21670E-02 SMIN=  7.57064E-01
#IK= 213 NK=  0.000 FLUX=  2.88175E-02 LOOP_U1=  9.99585E-01+ -2.88135E-02i KLP= 213 212 188 189 213 WKC= -0.18750  0.31250  0.00000 STRM=  0 S(ARG)= -2.88175E-02 SMIN=  7.65836E-01
#IK= 214 NK= -0.000 FLUX=  2.26199E-02 LOOP_U1=  9.99744E-01+ -2.26180E-02i KLP= 214 213 189 190 214 WKC= -0.14583  0.31250  0.00000 STRM=  0 S(ARG)= -2.26199E-02 SMIN=  7.73371E-01
#IK= 215 NK= -0.000 FLUX=  1.79224E-02 LOOP_U1=  9.99839E-01+ -1.79214E-02i KLP= 215 214 190 191 215 WKC= -0.10417  0.31250  0.00000 STRM=  0 S(ARG)= -1.79224E-02 SMIN=  7.79507E-01
#IK= 216 NK=  0.000 FLUX=  1.18381E-02 LOOP_U1=  9.99930E-01+ -1.18378E-02i KLP= 216 215 191 192 216 WKC= -0.06250  0.31250  0.00000 STRM=  0 S(ARG)= -1.18381E-02 SMIN=  7.82536E-01
#IK= 217 NK= -1.000 FLUX=  3.90398E-03 LOOP_U1=  9.99992E-01+ -3.90397E-03i KLP= 217 240 216 193 217 WKC= -0.02083  0.35417  0.00000 STRM=  0 S(ARG)= -6.28709E+00 SMIN=  7.89268E-01
#IK= 218 NK= -0.000 FLUX= -3.90309E-03 LOOP_U1=  9.99992E-01+  3.90308E-03i KLP= 218 217 193 194 218 WKC=  0.02083  0.35417  0.00000 STRM=  0 S(ARG)=  3.90309E-03 SMIN=  7.85677E-01
#IK= 219 NK=  0.000 FLUX= -1.25425E-02 LOOP_U1=  9.99921E-01+  1.25421E-02i KLP= 219 218 194 195 219 WKC=  0.06250  0.35417  0.00000 STRM=  0 S(ARG)=  1.25425E-02 SMIN=  7.78085E-01
#IK= 220 NK=  1.000 FLUX= -2.16467E-02 LOOP_U1=  9.99766E-01+  2.16450E-02i KLP= 220 219 195 196 220 WKC=  0.10417  0.35417  0.00000 STRM=  0 S(ARG)=  6.30483E+00 SMIN=  7.70237E-01
#IK= 221 NK=  0.000 FLUX= -2.87637E-02 LOOP_U1=  9.99586E-01+  2.87597E-02i KLP= 221 220 196 197 221 WKC=  0.14583  0.35417  0.00000 STRM=  0 S(ARG)=  2.87637E-02 SMIN=  7.65350E-01
#IK= 222 NK= -1.000 FLUX= -3.03691E-02 LOOP_U1=  9.99539E-01+  3.03644E-02i KLP= 222 221 197 198 222 WKC=  0.18750  0.35417  0.00000 STRM=  0 S(ARG)= -6.25282E+00 SMIN=  7.65350E-01
#IK= 223 NK=  0.000 FLUX= -2.55297E-02 LOOP_U1=  9.99674E-01+  2.55269E-02i KLP= 223 222 198 199 223 WKC=  0.22917  0.35417  0.00000 STRM=  0 S(ARG)=  2.55297E-02 SMIN=  7.68497E-01
#IK= 224 NK=  1.000 FLUX= -1.70501E-02 LOOP_U1=  9.99855E-01+  1.70493E-02i KLP= 224 223 199 200 224 WKC=  0.27083  0.35417  0.00000 STRM=  0 S(ARG)=  6.30024E+00 SMIN=  7.74772E-01
#IK= 225 NK= -0.000 FLUX= -8.12516E-03 LOOP_U1=  9.99967E-01+  8.12507E-03i KLP= 225 224 200 201 225 WKC=  0.31250  0.35417  0.00000 STRM=  0 S(ARG)=  8.12516E-03 SMIN=  7.82536E-01
#IK= 226 NK=  0.000 FLUX=  2.70000E-10 LOOP_U1=  1.00000E+00+ -2.70000E-10i KLP= 226 225 201 202 226 WKC=  0.35417  0.35417  0.00000 STRM=  0 S(ARG)= -2.70000E-10 SMIN=  7.89268E-01
#IK= 227 NK=  0.000 FLUX=  7.56114E-03 LOOP_U1=  9.99971E-01+ -7.56107E-03i KLP= 227 226 202 203 227 WKC=  0.39583  0.35417  0.00000 STRM=  0 S(ARG)= -7.56114E-03 SMIN=  7.87921E-01
#IK= 228 NK=  0.000 FLUX=  1.46827E-02 LOOP_U1=  9.99892E-01+ -1.46822E-02i KLP= 228 227 203 204 228 WKC=  0.43750  0.35417  0.00000 STRM=  0 S(ARG)= -1.46827E-02 SMIN=  7.83633E-01
#IK= 229 NK=  1.000 FLUX=  2.15899E-02 LOOP_U1=  9.99767E-01+ -2.15882E-02i KLP= 229 228 204 205 229 WKC=  0.47917  0.35417  0.00000 STRM=  0 S(ARG)=  6.26160E+00 SMIN=  7.76605E-01
#IK= 230 NK=  1.000 FLUX=  3.05974E-02 LOOP_U1=  9.99532E-01+ -3.05927E-02i KLP= 230 229 205 206 230 WKC= -0.47917  0.35417  0.00000 STRM=  0 S(ARG)=  6.25259E+00 SMIN=  7.68089E-01
#IK= 231 NK=  0.000 FLUX=  4.66753E-02 LOOP_U1=  9.98911E-01+ -4.66583E-02i KLP= 231 230 206 207 231 WKC= -0.43750  0.35417  0.00000 STRM=  0 S(ARG)= -4.66753E-02 SMIN=  7.58367E-01
#IK= 232 NK=  0.000 FLUX=  7.56624E-02 LOOP_U1=  9.97139E-01+ -7.55903E-02i KLP= 232 231 207 208 232 WKC= -0.39583  0.35417  0.00000 STRM=  0 S(ARG)= -7.56624E-02 SMIN=  7.48522E-01
#IK= 233 NK= -1.000 FLUX=  1.11869E-01 LOOP_U1=  9.93749E-01+ -1.11636E-01i KLP= 233 232 208 209 233 WKC= -0.35417  0.35417  0.00000 STRM=  0 S(ARG)= -6.39505E+00 SMIN=  7.41853E-01
#IK= 234 NK= -0.000 FLUX=  1.21679E-01 LOOP_U1=  9.92606E-01+ -1.21379E-01i KLP= 234 233 209 210 234 WKC= -0.31250  0.35417  0.00000 STRM=  0 S(ARG)= -1.21679E-01 SMIN=  7.41853E-01
#IK= 235 NK=  1.000 FLUX=  9.25149E-02 LOOP_U1=  9.95724E-01+ -9.23830E-02i KLP= 235 234 210 211 235 WKC= -0.27083  0.35417  0.00000 STRM=  0 S(ARG)=  6.19067E+00 SMIN=  7.43187E-01
#IK= 236 NK=  0.000 FLUX=  5.84287E-02 LOOP_U1=  9.98294E-01+ -5.83954E-02i KLP= 236 235 211 212 236 WKC= -0.22917  0.35417  0.00000 STRM=  0 S(ARG)= -5.84287E-02 SMIN=  7.51963E-01
#IK= 237 NK=  0.000 FLUX=  3.71347E-02 LOOP_U1=  9.99311E-01+ -3.71262E-02i KLP= 237 236 212 213 237 WKC= -0.18750  0.35417  0.00000 STRM=  0 S(ARG)= -3.71347E-02 SMIN=  7.62999E-01
#IK= 238 NK=  0.000 FLUX=  2.55945E-02 LOOP_U1=  9.99672E-01+ -2.55917E-02i KLP= 238 237 213 214 238 WKC= -0.14583  0.35417  0.00000 STRM=  0 S(ARG)= -2.55945E-02 SMIN=  7.73269E-01
#IK= 239 NK=  0.000 FLUX=  1.81337E-02 LOOP_U1=  9.99836E-01+ -1.81327E-02i KLP= 239 238 214 215 239 WKC= -0.10417  0.35417  0.00000 STRM=  0 S(ARG)= -1.81337E-02 SMIN=  7.81984E-01
#IK= 240 NK=  0.000 FLUX=  1.12426E-02 LOOP_U1=  9.99937E-01+ -1.12423E-02i KLP= 240 239 215 216 240 WKC= -0.06250  0.35417  0.00000 STRM=  0 S(ARG)= -1.12426E-02 SMIN=  7.87921E-01
#IK= 241 NK=  1.000 FLUX=  4.08882E-03 LOOP_U1=  9.99992E-01+ -4.08881E-03i KLP= 241 264 240 217 241 WKC= -0.02083  0.39583  0.00000 STRM=  0 S(ARG)=  6.27910E+00 SMIN=  7.94427E-01
#IK= 242 NK=  0.000 FLUX= -3.70952E-03 LOOP_U1=  9.99993E-01+  3.70951E-03i KLP= 242 241 217 218 242 WKC=  0.02083  0.39583  0.00000 STRM=  0 S(ARG)=  3.70952E-03 SMIN=  7.91486E-01
#IK= 243 NK=  0.000 FLUX= -1.12732E-02 LOOP_U1=  9.99936E-01+  1.12729E-02i KLP= 243 242 218 219 243 WKC=  0.06250  0.39583  0.00000 STRM=  0 S(ARG)=  1.12732E-02 SMIN=  7.83973E-01
#IK= 244 NK=  0.000 FLUX= -1.88797E-02 LOOP_U1=  9.99822E-01+  1.88786E-02i KLP= 244 243 219 220 244 WKC=  0.10417  0.39583  0.00000 STRM=  0 S(ARG)=  1.88797E-02 SMIN=  7.75249E-01
#IK= 245 NK=  0.000 FLUX= -2.54764E-02 LOOP_U1=  9.99675E-01+  2.54736E-02i KLP= 245 244 220 221 245 WKC=  0.14583  0.39583  0.00000 STRM=  0 S(ARG)=  2.54764E-02 SMIN=  7.68497E-01
#IK= 246 NK=  0.000 FLUX= -2.88959E-02 LOOP_U1=  9.99583E-01+  2.88919E-02i KLP= 246 245 221 222 246 WKC=  0.18750  0.39583  0.00000 STRM=  0 S(ARG)=  2.88959E-02 SMIN=  7.65984E-01
#IK= 247 NK=  0.000 FLUX= -2.76059E-02 LOOP_U1=  9.99619E-01+  2.76024E-02i KLP= 247 246 222 223 247 WKC=  0.22917  0.39583  0.00000 STRM=  0 S(ARG)=  2.76059E-02 SMIN=  7.67104E-01
#IK= 248 NK=  0.000 FLUX= -2.22878E-02 LOOP_U1=  9.99752E-01+  2.22860E-02i KLP= 248 247 223 224 248 WKC=  0.27083  0.39583  0.00000 STRM=  0 S(ARG)=  2.22878E-02 SMIN=  7.71775E-01
#IK= 249 NK=  0.000 FLUX= -1.50615E-02 LOOP_U1=  9.99887E-01+  1.50609E-02i KLP= 249 248 224 225 249 WKC=  0.31250  0.39583  0.00000 STRM=  0 S(ARG)=  1.50615E-02 SMIN=  7.79507E-01
#IK= 250 NK= -1.000 FLUX= -7.56114E-03 LOOP_U1=  9.99971E-01+  7.56107E-03i KLP= 250 249 225 226 250 WKC=  0.35417  0.39583  0.00000 STRM=  0 S(ARG)= -6.27562E+00 SMIN=  7.87921E-01
#IK= 251 NK=  0.000 FLUX= -9.95217E-10 LOOP_U1=  1.00000E+00+  9.95217E-10i KLP= 251 250 226 227 251 WKC=  0.39583  0.39583  0.00000 STRM=  0 S(ARG)=  9.95217E-10 SMIN=  7.94427E-01
#IK= 252 NK=  1.000 FLUX=  8.13117E-03 LOOP_U1=  9.99967E-01+ -8.13108E-03i KLP= 252 251 227 228 252 WKC=  0.43750  0.39583  0.00000 STRM=  0 S(ARG)=  6.27505E+00 SMIN=  7.92195E-01
#IK= 253 NK= -1.000 FLUX=  1.67036E-02 LOOP_U1=  9.99860E-01+ -1.67028E-02i KLP= 253 252 228 229 253 WKC=  0.47917  0.39583  0.00000 STRM=  0 S(ARG)= -6.29989E+00 SMIN=  7.86483E-01
#IK= 254 NK=  0.000 FLUX=  2.57966E-02 LOOP_U1=  9.99667E-01+ -2.57937E-02i KLP= 254 253 229 230 254 WKC= -0.47917  0.39583  0.00000 STRM=  0 S(ARG)= -2.57966E-02 SMIN=  7.78191E-01
#IK= 255 NK=  0.000 FLUX=  3.73807E-02 LOOP_U1=  9.99301E-01+ -3.73720E-02i KLP= 255 254 230 231 255 WKC= -0.43750  0.39583  0.00000 STRM=  0 S(ARG)= -3.73807E-02 SMIN=  7.68593E-01
#IK= 256 NK= -1.000 FLUX=  5.43129E-02 LOOP_U1=  9.98525E-01+ -5.42862E-02i KLP= 256 255 231 232 256 WKC= -0.39583  0.39583  0.00000 STRM=  0 S(ARG)= -6.33750E+00 SMIN=  7.58802E-01
#IK= 257 NK=  1.000 FLUX=  7.56624E-02 LOOP_U1=  9.97139E-01+ -7.55903E-02i KLP= 257 256 232 233 257 WKC= -0.35417  0.39583  0.00000 STRM=  0 S(ARG)=  6.20752E+00 SMIN=  7.48522E-01
#IK= 258 NK=  0.000 FLUX=  8.96692E-02 LOOP_U1=  9.95982E-01+ -8.95490E-02i KLP= 258 257 233 234 258 WKC= -0.31250  0.39583  0.00000 STRM=  0 S(ARG)= -8.96692E-02 SMIN=  7.43837E-01
#IK= 259 NK= -1.000 FLUX=  8.31029E-02 LOOP_U1=  9.96549E-01+ -8.30073E-02i KLP= 259 258 234 235 259 WKC= -0.27083  0.39583  0.00000 STRM=  0 S(ARG)= -6.36629E+00 SMIN=  7.47866E-01
#IK= 260 NK=  0.000 FLUX=  6.30689E-02 LOOP_U1=  9.98012E-01+ -6.30271E-02i KLP= 260 259 235 236 260 WKC= -0.22917  0.39583  0.00000 STRM=  0 S(ARG)= -6.30689E-02 SMIN=  7.51963E-01
#IK= 261 NK=  0.000 FLUX=  4.41097E-02 LOOP_U1=  9.99027E-01+ -4.40954E-02i KLP= 261 260 236 237 261 WKC= -0.18750  0.39583  0.00000 STRM=  0 S(ARG)= -4.41097E-02 SMIN=  7.61433E-01
#IK= 262 NK=  1.000 FLUX=  3.07406E-02 LOOP_U1=  9.99528E-01+ -3.07357E-02i KLP= 262 261 237 238 262 WKC= -0.14583  0.39583  0.00000 STRM=  0 S(ARG)=  6.25244E+00 SMIN=  7.72623E-01
#IK= 263 NK=  0.000 FLUX=  2.10300E-02 LOOP_U1=  9.99779E-01+ -2.10284E-02i KLP= 263 262 238 239 263 WKC= -0.10417  0.39583  0.00000 STRM=  0 S(ARG)= -2.10300E-02 SMIN=  7.83056E-01
#IK= 264 NK=  0.000 FLUX=  1.24241E-02 LOOP_U1=  9.99923E-01+ -1.24237E-02i KLP= 264 263 239 240 264 WKC= -0.06250  0.39583  0.00000 STRM=  0 S(ARG)= -1.24241E-02 SMIN=  7.91498E-01
#IK= 265 NK=  0.000 FLUX=  4.80385E-03 LOOP_U1=  9.99988E-01+ -4.80383E-03i KLP= 265 288 264 241 265 WKC= -0.02083  0.43750  0.00000 STRM=  0 S(ARG)= -4.80385E-03 SMIN=  7.98146E-01
#IK= 266 NK=  0.000 FLUX= -4.12830E-03 LOOP_U1=  9.99991E-01+  4.12829E-03i KLP= 266 265 241 242 266 WKC=  0.02083  0.43750  0.00000 STRM=  0 S(ARG)=  4.12830E-03 SMIN=  7.96004E-01
#IK= 267 NK=  0.000 FLUX= -1.14333E-02 LOOP_U1=  9.99935E-01+  1.14330E-02i KLP= 267 266 242 243 267 WKC=  0.06250  0.43750  0.00000 STRM=  0 S(ARG)=  1.14333E-02 SMIN=  7.88842E-01
#IK= 268 NK=  0.000 FLUX= -1.75742E-02 LOOP_U1=  9.99846E-01+  1.75733E-02i KLP= 268 267 243 244 268 WKC=  0.10417  0.43750  0.00000 STRM=  0 S(ARG)=  1.75742E-02 SMIN=  7.79721E-01
#IK= 269 NK=  0.000 FLUX= -2.27170E-02 LOOP_U1=  9.99742E-01+  2.27150E-02i KLP= 269 268 244 245 269 WKC=  0.14583  0.43750  0.00000 STRM=  0 S(ARG)=  2.27170E-02 SMIN=  7.71775E-01
#IK= 270 NK= -0.000 FLUX= -2.61175E-02 LOOP_U1=  9.99659E-01+  2.61145E-02i KLP= 270 269 245 246 270 WKC=  0.18750  0.43750  0.00000 STRM=  0 S(ARG)=  2.61175E-02 SMIN=  7.67104E-01
#IK= 271 NK=  0.000 FLUX= -2.68225E-02 LOOP_U1=  9.99640E-01+  2.68193E-02i KLP= 271 270 246 247 271 WKC=  0.22917  0.43750  0.00000 STRM=  0 S(ARG)=  2.68225E-02 SMIN=  7.65511E-01
#IK= 272 NK=  0.000 FLUX= -2.46205E-02 LOOP_U1=  9.99697E-01+  2.46180E-02i KLP= 272 271 247 248 272 WKC=  0.27083  0.43750  0.00000 STRM=  0 S(ARG)=  2.46205E-02 SMIN=  7.67905E-01
#IK= 273 NK=  0.000 FLUX= -2.02601E-02 LOOP_U1=  9.99795E-01+  2.02587E-02i KLP= 273 272 248 249 273 WKC=  0.31250  0.43750  0.00000 STRM=  0 S(ARG)=  2.02601E-02 SMIN=  7.74520E-01
#IK= 274 NK=  0.000 FLUX= -1.46827E-02 LOOP_U1=  9.99892E-01+  1.46822E-02i KLP= 274 273 249 250 274 WKC=  0.35417  0.43750  0.00000 STRM=  0 S(ARG)=  1.46827E-02 SMIN=  7.83633E-01
#IK= 275 NK=  0.000 FLUX= -8.13117E-03 LOOP_U1=  9.99967E-01+  8.13108E-03i KLP= 275 274 250 251 275 WKC=  0.39583  0.43750  0.00000 STRM=  0 S(ARG)=  8.13117E-03 SMIN=  7.92195E-01
#IK= 276 NK=  1.000 FLUX=  2.66746E-09 LOOP_U1=  1.00000E+00+ -2.66746E-09i KLP= 276 275 251 252 276 WKC=  0.43750  0.43750  0.00000 STRM=  0 S(ARG)=  6.28319E+00 SMIN=  7.98146E-01
#IK= 277 NK= -1.000 FLUX=  9.67110E-03 LOOP_U1=  9.99953E-01+ -9.67095E-03i KLP= 277 276 252 253 277 WKC=  0.47917  0.43750  0.00000 STRM=  0 S(ARG)= -6.29286E+00 SMIN=  7.94998E-01
#IK= 278 NK=  0.000 FLUX=  1.93741E-02 LOOP_U1=  9.99812E-01+ -1.93729E-02i KLP= 278 277 253 254 278 WKC= -0.47917  0.43750  0.00000 STRM=  0 S(ARG)= -1.93741E-02 SMIN=  7.88169E-01
#IK= 279 NK=  0.000 FLUX=  2.83440E-02 LOOP_U1=  9.99598E-01+ -2.83402E-02i KLP= 279 278 254 255 279 WKC= -0.43750  0.43750  0.00000 STRM=  0 S(ARG)= -2.83440E-02 SMIN=  7.79178E-01
#IK= 280 NK=  1.000 FLUX=  3.73807E-02 LOOP_U1=  9.99301E-01+ -3.73720E-02i KLP= 280 279 255 256 280 WKC= -0.39583  0.43750  0.00000 STRM=  0 S(ARG)=  6.24580E+00 SMIN=  7.68593E-01
#IK= 281 NK=  0.000 FLUX=  4.66753E-02 LOOP_U1=  9.98911E-01+ -4.66583E-02i KLP= 281 280 256 257 281 WKC= -0.35417  0.43750  0.00000 STRM=  0 S(ARG)= -4.66753E-02 SMIN=  7.58367E-01
#IK= 282 NK=  0.000 FLUX=  5.38420E-02 LOOP_U1=  9.98551E-01+ -5.38160E-02i KLP= 282 281 257 258 282 WKC= -0.31250  0.43750  0.00000 STRM=  0 S(ARG)= -5.38420E-02 SMIN=  7.51672E-01
#IK= 283 NK=  1.000 FLUX=  5.51304E-02 LOOP_U1=  9.98481E-01+ -5.51025E-02i KLP= 283 282 258 259 283 WKC= -0.27083  0.43750  0.00000 STRM=  0 S(ARG)=  6.22805E+00 SMIN=  7.51672E-01
#IK= 284 NK= -1.000 FLUX=  4.98106E-02 LOOP_U1=  9.98760E-01+ -4.97900E-02i KLP= 284 283 259 260 284 WKC= -0.22917  0.43750  0.00000 STRM=  0 S(ARG)= -6.33300E+00 SMIN=  7.57064E-01
#IK= 285 NK=  0.000 FLUX=  4.11123E-02 LOOP_U1=  9.99155E-01+ -4.11008E-02i KLP= 285 284 260 261 285 WKC= -0.18750  0.43750  0.00000 STRM=  0 S(ARG)= -4.11123E-02 SMIN=  7.62999E-01
#IK= 286 NK=  0.000 FLUX=  3.21617E-02 LOOP_U1=  9.99483E-01+ -3.21561E-02i KLP= 286 285 261 262 286 WKC= -0.14583  0.43750  0.00000 STRM=  0 S(ARG)= -3.21617E-02 SMIN=  7.72623E-01
#IK= 287 NK=  1.000 FLUX=  2.35957E-02 LOOP_U1=  9.99722E-01+ -2.35935E-02i KLP= 287 286 262 263 287 WKC= -0.10417  0.43750  0.00000 STRM=  0 S(ARG)=  6.25959E+00 SMIN=  7.83305E-01
#IK= 288 NK= -1.000 FLUX=  1.45196E-02 LOOP_U1=  9.99895E-01+ -1.45191E-02i KLP= 288 287 263 264 288 WKC= -0.06250  0.43750  0.00000 STRM=  0 S(ARG)= -6.29770E+00 SMIN=  7.92755E-01
#IK= 289 NK=  0.000 FLUX=  5.32662E-03 LOOP_U1=  9.99986E-01+ -5.32660E-03i KLP= 289 312 288 265 289 WKC= -0.02083  0.47917  0.00000 STRM=  2 S(ARG)= -5.32662E-03 SMIN=  7.99952E-01
#IK= 290 NK=  0.000 FLUX= -4.95952E-03 LOOP_U1=  9.99988E-01+  4.95950E-03i KLP= 312 289 265 266 312 WKC=  0.02083  0.47917  0.00000 STRM= -2 S(ARG)=  4.95952E-03 SMIN=  7.99059E-01
#IK= 291 NK=  0.000 FLUX= -1.32884E-02 LOOP_U1=  9.99912E-01+  1.32880E-02i KLP= 311 312 266 267 311 WKC=  0.06250  0.47917  0.00000 STRM=  0 S(ARG)=  1.32884E-02 SMIN=  7.91498E-01
#IK= 292 NK=  0.000 FLUX= -1.91638E-02 LOOP_U1=  9.99816E-01+  1.91626E-02i KLP= 310 311 267 268 310 WKC=  0.10417  0.47917  0.00000 STRM=  0 S(ARG)=  1.91638E-02 SMIN=  7.81984E-01
#IK= 293 NK= -0.000 FLUX= -2.33903E-02 LOOP_U1=  9.99726E-01+  2.33882E-02i KLP= 309 310 268 269 309 WKC=  0.14583  0.47917  0.00000 STRM=  0 S(ARG)=  2.33903E-02 SMIN=  7.73371E-01
#IK= 294 NK=  0.000 FLUX= -2.63201E-02 LOOP_U1=  9.99654E-01+  2.63171E-02i KLP= 308 309 269 270 308 WKC=  0.18750  0.47917  0.00000 STRM=  0 S(ARG)=  2.63201E-02 SMIN=  7.67896E-01
#IK= 295 NK=  0.000 FLUX= -2.76965E-02 LOOP_U1=  9.99616E-01+  2.76930E-02i KLP= 307 308 270 271 307 WKC=  0.22917  0.47917  0.00000 STRM=  0 S(ARG)=  2.76965E-02 SMIN=  7.63208E-01
#IK= 296 NK=  0.000 FLUX= -2.72477E-02 LOOP_U1=  9.99629E-01+  2.72443E-02i KLP= 306 307 271 272 306 WKC=  0.27083  0.47917  0.00000 STRM=  0 S(ARG)=  2.72477E-02 SMIN=  7.63208E-01
#IK= 297 NK=  0.000 FLUX= -2.50977E-02 LOOP_U1=  9.99685E-01+  2.50951E-02i KLP= 305 306 272 273 305 WKC=  0.31250  0.47917  0.00000 STRM=  0 S(ARG)=  2.50977E-02 SMIN=  7.68102E-01
#IK= 298 NK=  0.000 FLUX= -2.15899E-02 LOOP_U1=  9.99767E-01+  2.15882E-02i KLP= 304 305 273 274 304 WKC=  0.35417  0.47917  0.00000 STRM=  0 S(ARG)=  2.15899E-02 SMIN=  7.76605E-01
#IK= 299 NK=  1.000 FLUX= -1.67036E-02 LOOP_U1=  9.99860E-01+  1.67028E-02i KLP= 303 304 274 275 303 WKC=  0.39583  0.47917  0.00000 STRM=  0 S(ARG)=  6.29989E+00 SMIN=  7.86483E-01
#IK= 300 NK= -1.000 FLUX= -9.67110E-03 LOOP_U1=  9.99953E-01+  9.67095E-03i KLP= 302 303 275 276 302 WKC=  0.43750  0.47917  0.00000 STRM=  0 S(ARG)= -6.27351E+00 SMIN=  7.94998E-01
#IK= 301 NK=  0.000 FLUX= -5.13132E-09 LOOP_U1=  1.00000E+00+  5.13132E-09i KLP= 301 302 276 277 301 WKC=  0.47917  0.47917  0.00000 STRM=  3 S(ARG)=  5.13132E-09 SMIN=  8.00215E-01
#IK= 302 NK=  0.000 FLUX=  1.05713E-02 LOOP_U1=  9.99944E-01+ -1.05711E-02i KLP= 302 301 277 278 302 WKC= -0.47917  0.47917  0.00000 STRM= -3 S(ARG)= -1.05713E-02 SMIN=  7.96007E-01
#IK= 303 NK=  1.000 FLUX=  1.93741E-02 LOOP_U1=  9.99812E-01+ -1.93729E-02i KLP= 303 302 278 279 303 WKC= -0.43750  0.47917  0.00000 STRM=  0 S(ARG)=  6.26381E+00 SMIN=  7.88169E-01
#IK= 304 NK=  0.000 FLUX=  2.57966E-02 LOOP_U1=  9.99667E-01+ -2.57937E-02i KLP= 304 303 279 280 304 WKC= -0.39583  0.47917  0.00000 STRM=  0 S(ARG)= -2.57966E-02 SMIN=  7.78191E-01
#IK= 305 NK=  0.000 FLUX=  3.05974E-02 LOOP_U1=  9.99532E-01+ -3.05927E-02i KLP= 305 304 280 281 305 WKC= -0.35417  0.47917  0.00000 STRM=  0 S(ARG)= -3.05974E-02 SMIN=  7.68089E-01
#IK= 306 NK= -1.000 FLUX=  3.40099E-02 LOOP_U1=  9.99422E-01+ -3.40033E-02i KLP= 306 305 281 282 306 WKC= -0.31250  0.47917  0.00000 STRM=  0 S(ARG)= -6.31720E+00 SMIN=  7.60406E-01
#IK= 307 NK=  0.000 FLUX=  3.55626E-02 LOOP_U1=  9.99368E-01+ -3.55551E-02i KLP= 307 306 282 283 307 WKC= -0.27083  0.47917  0.00000 STRM=  0 S(ARG)= -3.55626E-02 SMIN=  7.57513E-01
#IK= 308 NK=  1.000 FLUX=  3.48517E-02 LOOP_U1=  9.99393E-01+ -3.48446E-02i KLP= 308 307 283 284 308 WKC= -0.22917  0.47917  0.00000 STRM=  0 S(ARG)=  6.24833E+00 SMIN=  7.60406E-01
#IK= 309 NK= -1.000 FLUX=  3.21130E-02 LOOP_U1=  9.99484E-01+ -3.21074E-02i KLP= 309 308 284 285 309 WKC= -0.18750  0.47917  0.00000 STRM=  0 S(ARG)= -6.31530E+00 SMIN=  7.65836E-01
#IK= 310 NK=  0.000 FLUX=  2.79349E-02 LOOP_U1=  9.99610E-01+ -2.79313E-02i KLP= 310 309 285 286 310 WKC= -0.14583  0.47917  0.00000 STRM=  0 S(ARG)= -2.79349E-02 SMIN=  7.73269E-01
#IK= 311 NK=  0.000 FLUX=  2.24693E-02 LOOP_U1=  9.99748E-01+ -2.24675E-02i KLP= 311 310 286 287 311 WKC= -0.10417  0.47917  0.00000 STRM=  0 S(ARG)= -2.24693E-02 SMIN=  7.83056E-01
#IK= 312 NK=  0.000 FLUX=  1.50527E-02 LOOP_U1=  9.99887E-01+ -1.50521E-02i KLP= 312 311 287 288 312 WKC= -0.06250  0.47917  0.00000 STRM=  0 S(ARG)= -1.50527E-02 SMIN=  7.92755E-01
#IK= 313 NK=  0.000 FLUX=  4.95952E-03 LOOP_U1=  9.99988E-01+ -4.95950E-03i KLP= 265 266 312 289 265 WKC= -0.02083 -0.47917  0.00000 STRM= -2 S(ARG)= -4.95952E-03 SMIN=  7.99059E-01
#IK= 314 NK=  0.000 FLUX= -5.32662E-03 LOOP_U1=  9.99986E-01+  5.32660E-03i KLP= 288 265 289 312 288 WKC=  0.02083 -0.47917  0.00000 STRM=  2 S(ARG)=  5.32662E-03 SMIN=  7.99952E-01
#IK= 315 NK=  0.000 FLUX= -1.50527E-02 LOOP_U1=  9.99887E-01+  1.50521E-02i KLP= 287 288 312 311 287 WKC=  0.06250 -0.47917  0.00000 STRM=  0 S(ARG)=  1.50527E-02 SMIN=  7.92755E-01
#IK= 316 NK=  0.000 FLUX= -2.24693E-02 LOOP_U1=  9.99748E-01+  2.24675E-02i KLP= 286 287 311 310 286 WKC=  0.10417 -0.47917  0.00000 STRM=  0 S(ARG)=  2.24693E-02 SMIN=  7.83056E-01
#IK= 317 NK=  0.000 FLUX= -2.79349E-02 LOOP_U1=  9.99610E-01+  2.79313E-02i KLP= 285 286 310 309 285 WKC=  0.14583 -0.47917  0.00000 STRM=  0 S(ARG)=  2.79349E-02 SMIN=  7.73269E-01
#IK= 318 NK=  1.000 FLUX= -3.21130E-02 LOOP_U1=  9.99484E-01+  3.21074E-02i KLP= 284 285 309 308 284 WKC=  0.18750 -0.47917  0.00000 STRM=  0 S(ARG)=  6.31530E+00 SMIN=  7.65836E-01
#IK= 319 NK= -1.000 FLUX= -3.48517E-02 LOOP_U1=  9.99393E-01+  3.48446E-02i KLP= 283 284 308 307 283 WKC=  0.22917 -0.47917  0.00000 STRM=  0 S(ARG)= -6.24833E+00 SMIN=  7.60406E-01
#IK= 320 NK=  0.000 FLUX= -3.55626E-02 LOOP_U1=  9.99368E-01+  3.55551E-02i KLP= 282 283 307 306 282 WKC=  0.27083 -0.47917  0.00000 STRM=  0 S(ARG)=  3.55626E-02 SMIN=  7.57513E-01
#IK= 321 NK=  1.000 FLUX= -3.40099E-02 LOOP_U1=  9.99422E-01+  3.40033E-02i KLP= 281 282 306 305 281 WKC=  0.31250 -0.47917  0.00000 STRM=  0 S(ARG)=  6.31720E+00 SMIN=  7.60406E-01
#IK= 322 NK=  0.000 FLUX= -3.05974E-02 LOOP_U1=  9.99532E-01+  3.05927E-02i KLP= 280 281 305 304 280 WKC=  0.35417 -0.47917  0.00000 STRM=  0 S(ARG)=  3.05974E-02 SMIN=  7.68089E-01
#IK= 323 NK=  0.000 FLUX= -2.57966E-02 LOOP_U1=  9.99667E-01+  2.57937E-02i KLP= 279 280 304 303 279 WKC=  0.39583 -0.47917  0.00000 STRM=  0 S(ARG)=  2.57966E-02 SMIN=  7.78191E-01
#IK= 324 NK= -1.000 FLUX= -1.93741E-02 LOOP_U1=  9.99812E-01+  1.93729E-02i KLP= 278 279 303 302 278 WKC=  0.43750 -0.47917  0.00000 STRM=  0 S(ARG)= -6.26381E+00 SMIN=  7.88169E-01
#IK= 325 NK=  0.000 FLUX= -1.05713E-02 LOOP_U1=  9.99944E-01+  1.05711E-02i KLP= 277 278 302 301 277 WKC=  0.47917 -0.47917  0.00000 STRM= -3 S(ARG)=  1.05713E-02 SMIN=  7.96007E-01
#IK= 326 NK=  0.000 FLUX=  5.13133E-09 LOOP_U1=  1.00000E+00+ -5.13134E-09i KLP= 276 277 301 302 276 WKC= -0.47917 -0.47917  0.00000 STRM=  3 S(ARG)= -5.13133E-09 SMIN=  8.00215E-01
#IK= 327 NK=  1.000 FLUX=  9.67110E-03 LOOP_U1=  9.99953E-01+ -9.67095E-03i KLP= 275 276 302 303 275 WKC= -0.43750 -0.47917  0.00000 STRM=  0 S(ARG)=  6.27351E+00 SMIN=  7.94998E-01
#IK= 328 NK= -1.000 FLUX=  1.67036E-02 LOOP_U1=  9.99860E-01+ -1.67028E-02i KLP= 274 275 303 304 274 WKC= -0.39583 -0.47917  0.00000 STRM=  0 S(ARG)= -6.29989E+00 SMIN=  7.86483E-01
#IK= 329 NK=  0.000 FLUX=  2.15899E-02 LOOP_U1=  9.99767E-01+ -2.15882E-02i KLP= 273 274 304 305 273 WKC= -0.35417 -0.47917  0.00000 STRM=  0 S(ARG)= -2.15899E-02 SMIN=  7.76605E-01
#IK= 330 NK=  0.000 FLUX=  2.50977E-02 LOOP_U1=  9.99685E-01+ -2.50951E-02i KLP= 272 273 305 306 272 WKC= -0.31250 -0.47917  0.00000 STRM=  0 S(ARG)= -2.50977E-02 SMIN=  7.68102E-01
#IK= 331 NK=  0.000 FLUX=  2.72477E-02 LOOP_U1=  9.99629E-01+ -2.72443E-02i KLP= 271 272 306 307 271 WKC= -0.27083 -0.47917  0.00000 STRM=  0 S(ARG)= -2.72477E-02 SMIN=  7.63208E-01
#IK= 332 NK=  0.000 FLUX=  2.76965E-02 LOOP_U1=  9.99616E-01+ -2.76930E-02i KLP= 270 271 307 308 270 WKC= -0.22917 -0.47917  0.00000 STRM=  0 S(ARG)= -2.76965E-02 SMIN=  7.63208E-01
#IK= 333 NK=  0.000 FLUX=  2.63201E-02 LOOP_U1=  9.99654E-01+ -2.63171E-02i KLP= 269 270 308 309 269 WKC= -0.18750 -0.47917  0.00000 STRM=  0 S(ARG)= -2.63201E-02 SMIN=  7.67896E-01
#IK= 334 NK=  0.000 FLUX=  2.33903E-02 LOOP_U1=  9.99726E-01+ -2.33882E-02i KLP= 268 269 309 310 268 WKC= -0.14583 -0.47917  0.00000 STRM=  0 S(ARG)= -2.33903E-02 SMIN=  7.73371E-01
#IK= 335 NK=  0.000 FLUX=  1.91638E-02 LOOP_U1=  9.99816E-01+ -1.91626E-02i KLP= 267 268 310 311 267 WKC= -0.10417 -0.47917  0.00000 STRM=  0 S(ARG)= -1.91638E-02 SMIN=  7.81984E-01
#IK= 336 NK=  0.000 FLUX=  1.32884E-02 LOOP_U1=  9.99912E-01+ -1.32880E-02i KLP= 266 267 311 312 266 WKC= -0.06250 -0.47917  0.00000 STRM=  0 S(ARG)= -1.32884E-02 SMIN=  7.91498E-01
#IK= 337 NK=  0.000 FLUX=  4.12830E-03 LOOP_U1=  9.99991E-01+ -4.12829E-03i KLP= 241 242 266 265 241 WKC= -0.02083 -0.43750  0.00000 STRM=  0 S(ARG)= -4.12830E-03 SMIN=  7.96004E-01
#IK= 338 NK=  0.000 FLUX= -4.80385E-03 LOOP_U1=  9.99988E-01+  4.80383E-03i KLP= 264 241 265 288 264 WKC=  0.02083 -0.43750  0.00000 STRM=  0 S(ARG)=  4.80385E-03 SMIN=  7.98146E-01
#IK= 339 NK=  1.000 FLUX= -1.45196E-02 LOOP_U1=  9.99895E-01+  1.45191E-02i KLP= 263 264 288 287 263 WKC=  0.06250 -0.43750  0.00000 STRM=  0 S(ARG)=  6.29770E+00 SMIN=  7.92755E-01
#IK= 340 NK= -1.000 FLUX= -2.35957E-02 LOOP_U1=  9.99722E-01+  2.35935E-02i KLP= 262 263 287 286 262 WKC=  0.10417 -0.43750  0.00000 STRM=  0 S(ARG)= -6.25959E+00 SMIN=  7.83305E-01
#IK= 341 NK=  0.000 FLUX= -3.21617E-02 LOOP_U1=  9.99483E-01+  3.21561E-02i KLP= 261 262 286 285 261 WKC=  0.14583 -0.43750  0.00000 STRM=  0 S(ARG)=  3.21617E-02 SMIN=  7.72623E-01
#IK= 342 NK= -0.000 FLUX= -4.11123E-02 LOOP_U1=  9.99155E-01+  4.11008E-02i KLP= 260 261 285 284 260 WKC=  0.18750 -0.43750  0.00000 STRM=  0 S(ARG)=  4.11123E-02 SMIN=  7.62999E-01
#IK= 343 NK=  1.000 FLUX= -4.98106E-02 LOOP_U1=  9.98760E-01+  4.97900E-02i KLP= 259 260 284 283 259 WKC=  0.22917 -0.43750  0.00000 STRM=  0 S(ARG)=  6.33300E+00 SMIN=  7.57064E-01
#IK= 344 NK= -1.000 FLUX= -5.51304E-02 LOOP_U1=  9.98481E-01+  5.51025E-02i KLP= 258 259 283 282 258 WKC=  0.27083 -0.43750  0.00000 STRM=  0 S(ARG)= -6.22805E+00 SMIN=  7.51672E-01
#IK= 345 NK=  0.000 FLUX= -5.38420E-02 LOOP_U1=  9.98551E-01+  5.38160E-02i KLP= 257 258 282 281 257 WKC=  0.31250 -0.43750  0.00000 STRM=  0 S(ARG)=  5.38420E-02 SMIN=  7.51672E-01
#IK= 346 NK=  0.000 FLUX= -4.66753E-02 LOOP_U1=  9.98911E-01+  4.66583E-02i KLP= 256 257 281 280 256 WKC=  0.35417 -0.43750  0.00000 STRM=  0 S(ARG)=  4.66753E-02 SMIN=  7.58367E-01
#IK= 347 NK= -1.000 FLUX= -3.73807E-02 LOOP_U1=  9.99301E-01+  3.73720E-02i KLP= 255 256 280 279 255 WKC=  0.39583 -0.43750  0.00000 STRM=  0 S(ARG)= -6.24580E+00 SMIN=  7.68593E-01
#IK= 348 NK=  0.000 FLUX= -2.83440E-02 LOOP_U1=  9.99598E-01+  2.83402E-02i KLP= 254 255 279 278 254 WKC=  0.43750 -0.43750  0.00000 STRM=  0 S(ARG)=  2.83440E-02 SMIN=  7.79178E-01
#IK= 349 NK=  0.000 FLUX= -1.93741E-02 LOOP_U1=  9.99812E-01+  1.93729E-02i KLP= 253 254 278 277 253 WKC=  0.47917 -0.43750  0.00000 STRM=  0 S(ARG)=  1.93741E-02 SMIN=  7.88169E-01
#IK= 350 NK=  1.000 FLUX= -9.67110E-03 LOOP_U1=  9.99953E-01+  9.67095E-03i KLP= 252 253 277 276 252 WKC= -0.47917 -0.43750  0.00000 STRM=  0 S(ARG)=  6.29286E+00 SMIN=  7.94998E-01
#IK= 351 NK= -1.000 FLUX= -2.66748E-09 LOOP_U1=  1.00000E+00+  2.66748E-09i KLP= 251 252 276 275 251 WKC= -0.43750 -0.43750  0.00000 STRM=  0 S(ARG)= -6.28319E+00 SMIN=  7.98146E-01
#IK= 352 NK=  0.000 FLUX=  8.13117E-03 LOOP_U1=  9.99967E-01+ -8.13108E-03i KLP= 250 251 275 274 250 WKC= -0.39583 -0.43750  0.00000 STRM=  0 S(ARG)= -8.13117E-03 SMIN=  7.92195E-01
#IK= 353 NK=  0.000 FLUX=  1.46827E-02 LOOP_U1=  9.99892E-01+ -1.46822E-02i KLP= 249 250 274 273 249 WKC= -0.35417 -0.43750  0.00000 STRM=  0 S(ARG)= -1.46827E-02 SMIN=  7.83633E-01
#IK= 354 NK=  0.000 FLUX=  2.02601E-02 LOOP_U1=  9.99795E-01+ -2.02587E-02i KLP= 248 249 273 272 248 WKC= -0.31250 -0.43750  0.00000 STRM=  0 S(ARG)= -2.02601E-02 SMIN=  7.74520E-01
#IK= 355 NK=  0.000 FLUX=  2.46205E-02 LOOP_U1=  9.99697E-01+ -2.46180E-02i KLP= 247 248 272 271 247 WKC= -0.27083 -0.43750  0.00000 STRM=  0 S(ARG)= -2.46205E-02 SMIN=  7.67905E-01
#IK= 356 NK=  0.000 FLUX=  2.68225E-02 LOOP_U1=  9.99640E-01+ -2.68193E-02i KLP= 246 247 271 270 246 WKC= -0.22917 -0.43750  0.00000 STRM=  0 S(ARG)= -2.68225E-02 SMIN=  7.65511E-01
#IK= 357 NK=  0.000 FLUX=  2.61175E-02 LOOP_U1=  9.99659E-01+ -2.61145E-02i KLP= 245 246 270 269 245 WKC= -0.18750 -0.43750  0.00000 STRM=  0 S(ARG)= -2.61175E-02 SMIN=  7.67104E-01
#IK= 358 NK=  0.000 FLUX=  2.27170E-02 LOOP_U1=  9.99742E-01+ -2.27150E-02i KLP= 244 245 269 268 244 WKC= -0.14583 -0.43750  0.00000 STRM=  0 S(ARG)= -2.27170E-02 SMIN=  7.71775E-01
#IK= 359 NK=  0.000 FLUX=  1.75742E-02 LOOP_U1=  9.99846E-01+ -1.75733E-02i KLP= 243 244 268 267 243 WKC= -0.10417 -0.43750  0.00000 STRM=  0 S(ARG)= -1.75742E-02 SMIN=  7.79721E-01
#IK= 360 NK=  0.000 FLUX=  1.14333E-02 LOOP_U1=  9.99935E-01+ -1.14330E-02i KLP= 242 243 267 266 242 WKC= -0.06250 -0.43750  0.00000 STRM=  0 S(ARG)= -1.14333E-02 SMIN=  7.88842E-01
#IK= 361 NK=  0.000 FLUX=  3.70952E-03 LOOP_U1=  9.99993E-01+ -3.70951E-03i KLP= 217 218 242 241 217 WKC= -0.02083 -0.39583  0.00000 STRM=  0 S(ARG)= -3.70952E-03 SMIN=  7.91486E-01
#IK= 362 NK= -1.000 FLUX= -4.08882E-03 LOOP_U1=  9.99992E-01+  4.08881E-03i KLP= 240 217 241 264 240 WKC=  0.02083 -0.39583  0.00000 STRM=  0 S(ARG)= -6.27910E+00 SMIN=  7.94427E-01
#IK= 363 NK=  0.000 FLUX= -1.24241E-02 LOOP_U1=  9.99923E-01+  1.24237E-02i KLP= 239 240 264 263 239 WKC=  0.06250 -0.39583  0.00000 STRM=  0 S(ARG)=  1.24241E-02 SMIN=  7.91498E-01
#IK= 364 NK=  0.000 FLUX= -2.10300E-02 LOOP_U1=  9.99779E-01+  2.10284E-02i KLP= 238 239 263 262 238 WKC=  0.10417 -0.39583  0.00000 STRM=  0 S(ARG)=  2.10300E-02 SMIN=  7.83056E-01
#IK= 365 NK= -1.000 FLUX= -3.07406E-02 LOOP_U1=  9.99528E-01+  3.07357E-02i KLP= 237 238 262 261 237 WKC=  0.14583 -0.39583  0.00000 STRM=  0 S(ARG)= -6.25244E+00 SMIN=  7.72623E-01
#IK= 366 NK=  0.000 FLUX= -4.41097E-02 LOOP_U1=  9.99027E-01+  4.40954E-02i KLP= 236 237 261 260 236 WKC=  0.18750 -0.39583  0.00000 STRM=  0 S(ARG)=  4.41097E-02 SMIN=  7.61433E-01
#IK= 367 NK=  0.000 FLUX= -6.30689E-02 LOOP_U1=  9.98012E-01+  6.30271E-02i KLP= 235 236 260 259 235 WKC=  0.22917 -0.39583  0.00000 STRM=  0 S(ARG)=  6.30689E-02 SMIN=  7.51963E-01
#IK= 368 NK=  1.000 FLUX= -8.31029E-02 LOOP_U1=  9.96549E-01+  8.30073E-02i KLP= 234 235 259 258 234 WKC=  0.27083 -0.39583  0.00000 STRM=  0 S(ARG)=  6.36629E+00 SMIN=  7.47866E-01
#IK= 369 NK=  0.000 FLUX= -8.96692E-02 LOOP_U1=  9.95982E-01+  8.95490E-02i KLP= 233 234 258 257 233 WKC=  0.31250 -0.39583  0.00000 STRM=  0 S(ARG)=  8.96692E-02 SMIN=  7.43837E-01
#IK= 370 NK= -1.000 FLUX= -7.56624E-02 LOOP_U1=  9.97139E-01+  7.55903E-02i KLP= 232 233 257 256 232 WKC=  0.35417 -0.39583  0.00000 STRM=  0 S(ARG)= -6.20752E+00 SMIN=  7.48522E-01
#IK= 371 NK=  1.000 FLUX= -5.43129E-02 LOOP_U1=  9.98525E-01+  5.42862E-02i KLP= 231 232 256 255 231 WKC=  0.39583 -0.39583  0.00000 STRM=  0 S(ARG)=  6.33750E+00 SMIN=  7.58802E-01
#IK= 372 NK=  0.000 FLUX= -3.73807E-02 LOOP_U1=  9.99301E-01+  3.73720E-02i KLP= 230 231 255 254 230 WKC=  0.43750 -0.39583  0.00000 STRM=  0 S(ARG)=  3.73807E-02 SMIN=  7.68593E-01
#IK= 373 NK=  0.000 FLUX= -2.57966E-02 LOOP_U1=  9.99667E-01+  2.57937E-02i KLP= 229 230 254 253 229 WKC=  0.47917 -0.39583  0.00000 STRM=  0 S(ARG)=  2.57966E-02 SMIN=  7.78191E-01
#IK= 374 NK=  1.000 FLUX= -1.67036E-02 LOOP_U1=  9.99860E-01+  1.67028E-02i KLP= 228 229 253 252 228 WKC= -0.47917 -0.39583  0.00000 STRM=  0 S(ARG)=  6.29989E+00 SMIN=  7.86483E-01
#IK= 375 NK= -1.000 FLUX= -8.13117E-03 LOOP_U1=  9.99967E-01+  8.13108E-03i KLP= 227 228 252 251 227 WKC= -0.43750 -0.39583  0.00000 STRM=  0 S(ARG)= -6.27505E+00 SMIN=  7.92195E-01
#IK= 376 NK=  0.000 FLUX=  9.95233E-10 LOOP_U1=  1.00000E+00+ -9.95233E-10i KLP= 226 227 251 250 226 WKC= -0.39583 -0.39583  0.00000 STRM=  0 S(ARG)= -9.95233E-10 SMIN=  7.94427E-01
#IK= 377 NK=  1.000 FLUX=  7.56114E-03 LOOP_U1=  9.99971E-01+ -7.56107E-03i KLP= 225 226 250 249 225 WKC= -0.35417 -0.39583  0.00000 STRM=  0 S(ARG)=  6.27562E+00 SMIN=  7.87921E-01
#IK= 378 NK= -0.000 FLUX=  1.50615E-02 LOOP_U1=  9.99887E-01+ -1.50609E-02i KLP= 224 225 249 248 224 WKC= -0.31250 -0.39583  0.00000 STRM=  0 S(ARG)= -1.50615E-02 SMIN=  7.79507E-01
#IK= 379 NK=  0.000 FLUX=  2.22878E-02 LOOP_U1=  9.99752E-01+ -2.22860E-02i KLP= 223 224 248 247 223 WKC= -0.27083 -0.39583  0.00000 STRM=  0 S(ARG)= -2.22878E-02 SMIN=  7.71775E-01
#IK= 380 NK=  0.000 FLUX=  2.76059E-02 LOOP_U1=  9.99619E-01+ -2.76024E-02i KLP= 222 223 247 246 222 WKC= -0.22917 -0.39583  0.00000 STRM=  0 S(ARG)= -2.76059E-02 SMIN=  7.67104E-01
#IK= 381 NK=  0.000 FLUX=  2.88959E-02 LOOP_U1=  9.99583E-01+ -2.88919E-02i KLP= 221 222 246 245 221 WKC= -0.18750 -0.39583  0.00000 STRM=  0 S(ARG)= -2.88959E-02 SMIN=  7.65984E-01
#IK= 382 NK= -0.000 FLUX=  2.54764E-02 LOOP_U1=  9.99675E-01+ -2.54736E-02i KLP= 220 221 245 244 220 WKC= -0.14583 -0.39583  0.00000 STRM=  0 S(ARG)= -2.54764E-02 SMIN=  7.68497E-01
#IK= 383 NK=  0.000 FLUX=  1.88797E-02 LOOP_U1=  9.99822E-01+ -1.88786E-02i KLP= 219 220 244 243 219 WKC= -0.10417 -0.39583  0.00000 STRM=  0 S(ARG)= -1.88797E-02 SMIN=  7.75249E-01
#IK= 384 NK=  0.000 FLUX=  1.12732E-02 LOOP_U1=  9.99936E-01+ -1.12729E-02i KLP= 218 219 243 242 218 WKC= -0.06250 -0.39583  0.00000 STRM=  0 S(ARG)= -1.12732E-02 SMIN=  7.83973E-01
#IK= 385 NK= -0.000 FLUX=  3.90309E-03 LOOP_U1=  9.99992E-01+ -3.90308E-03i KLP= 193 194 218 217 193 WKC= -0.02083 -0.35417  0.00000 STRM=  0 S(ARG)= -3.90309E-03 SMIN=  7.85677E-01
#IK= 386 NK=  1.000 FLUX= -3.90398E-03 LOOP_U1=  9.99992E-01+  3.90397E-03i KLP= 216 193 217 240 216 WKC=  0.02083 -0.35417  0.00000 STRM=  0 S(ARG)=  6.28709E+00 SMIN=  7.89268E-01
#IK= 387 NK=  0.000 FLUX= -1.12426E-02 LOOP_U1=  9.99937E-01+  1.12423E-02i KLP= 215 216 240 239 215 WKC=  0.06250 -0.35417  0.00000 STRM=  0 S(ARG)=  1.12426E-02 SMIN=  7.87921E-01
#IK= 388 NK=  0.000 FLUX= -1.81337E-02 LOOP_U1=  9.99836E-01+  1.81327E-02i KLP= 214 215 239 238 214 WKC=  0.10417 -0.35417  0.00000 STRM=  0 S(ARG)=  1.81337E-02 SMIN=  7.81984E-01
#IK= 389 NK=  0.000 FLUX= -2.55945E-02 LOOP_U1=  9.99672E-01+  2.55917E-02i KLP= 213 214 238 237 213 WKC=  0.14583 -0.35417  0.00000 STRM=  0 S(ARG)=  2.55945E-02 SMIN=  7.73269E-01
#IK= 390 NK=  0.000 FLUX= -3.71347E-02 LOOP_U1=  9.99311E-01+  3.71262E-02i KLP= 212 213 237 236 212 WKC=  0.18750 -0.35417  0.00000 STRM=  0 S(ARG)=  3.71347E-02 SMIN=  7.62999E-01
#IK= 391 NK=  0.000 FLUX= -5.84287E-02 LOOP_U1=  9.98294E-01+  5.83954E-02i KLP= 211 212 236 235 211 WKC=  0.22917 -0.35417  0.00000 STRM=  0 S(ARG)=  5.84287E-02 SMIN=  7.51963E-01
#IK= 392 NK= -1.000 FLUX= -9.25149E-02 LOOP_U1=  9.95724E-01+  9.23830E-02i KLP= 210 211 235 234 210 WKC=  0.27083 -0.35417  0.00000 STRM=  0 S(ARG)= -6.19067E+00 SMIN=  7.43187E-01
#IK= 393 NK=  0.000 FLUX= -1.21679E-01 LOOP_U1=  9.92606E-01+  1.21379E-01i KLP= 209 210 234 233 209 WKC=  0.31250 -0.35417  0.00000 STRM=  0 S(ARG)=  1.21679E-01 SMIN=  7.41853E-01
#IK= 394 NK=  1.000 FLUX= -1.11869E-01 LOOP_U1=  9.93749E-01+  1.11636E-01i KLP= 208 209 233 232 208 WKC=  0.35417 -0.35417  0.00000 STRM=  0 S(ARG)=  6.39505E+00 SMIN=  7.41853E-01
#IK= 395 NK=  0.000 FLUX= -7.56624E-02 LOOP_U1=  9.97139E-01+  7.55903E-02i KLP= 207 208 232 231 207 WKC=  0.39583 -0.35417  0.00000 STRM=  0 S(ARG)=  7.56624E-02 SMIN=  7.48522E-01
#IK= 396 NK= -0.000 FLUX= -4.66753E-02 LOOP_U1=  9.98911E-01+  4.66583E-02i KLP= 206 207 231 230 206 WKC=  0.43750 -0.35417  0.00000 STRM=  0 S(ARG)=  4.66753E-02 SMIN=  7.58367E-01
#IK= 397 NK= -1.000 FLUX= -3.05974E-02 LOOP_U1=  9.99532E-01+  3.05927E-02i KLP= 205 206 230 229 205 WKC=  0.47917 -0.35417  0.00000 STRM=  0 S(ARG)= -6.25259E+00 SMIN=  7.68089E-01
#IK= 398 NK= -1.000 FLUX= -2.15899E-02 LOOP_U1=  9.99767E-01+  2.15882E-02i KLP= 204 205 229 228 204 WKC= -0.47917 -0.35417  0.00000 STRM=  0 S(ARG)= -6.26160E+00 SMIN=  7.76605E-01
#IK= 399 NK=  0.000 FLUX= -1.46827E-02 LOOP_U1=  9.99892E-01+  1.46822E-02i KLP= 203 204 228 227 203 WKC= -0.43750 -0.35417  0.00000 STRM=  0 S(ARG)=  1.46827E-02 SMIN=  7.83633E-01
#IK= 400 NK=  0.000 FLUX= -7.56114E-03 LOOP_U1=  9.99971E-01+  7.56107E-03i KLP= 202 203 227 226 202 WKC= -0.39583 -0.35417  0.00000 STRM=  0 S(ARG)=  7.56114E-03 SMIN=  7.87921E-01
#IK= 401 NK=  0.000 FLUX= -2.69981E-10 LOOP_U1=  1.00000E+00+  2.69981E-10i KLP= 201 202 226 225 201 WKC= -0.35417 -0.35417  0.00000 STRM=  0 S(ARG)=  2.69981E-10 SMIN=  7.89268E-01
#IK= 402 NK=  0.000 FLUX=  8.12516E-03 LOOP_U1=  9.99967E-01+ -8.12507E-03i KLP= 200 201 225 224 200 WKC= -0.31250 -0.35417  0.00000 STRM=  0 S(ARG)= -8.12516E-03 SMIN=  7.82536E-01
#IK= 403 NK= -1.000 FLUX=  1.70501E-02 LOOP_U1=  9.99855E-01+ -1.70493E-02i KLP= 199 200 224 223 199 WKC= -0.27083 -0.35417  0.00000 STRM=  0 S(ARG)= -6.30024E+00 SMIN=  7.74772E-01
#IK= 404 NK=  0.000 FLUX=  2.55297E-02 LOOP_U1=  9.99674E-01+ -2.55269E-02i KLP= 198 199 223 222 198 WKC= -0.22917 -0.35417  0.00000 STRM=  0 S(ARG)= -2.55297E-02 SMIN=  7.68497E-01
#IK= 405 NK=  1.000 FLUX=  3.03691E-02 LOOP_U1=  9.99539E-01+ -3.03644E-02i KLP= 197 198 222 221 197 WKC= -0.18750 -0.35417  0.00000 STRM=  0 S(ARG)=  6.25282E+00 SMIN=  7.65350E-01
#IK= 406 NK=  0.000 FLUX=  2.87637E-02 LOOP_U1=  9.99586E-01+ -2.87597E-02i KLP= 196 197 221 220 196 WKC= -0.14583 -0.35417  0.00000 STRM=  0 S(ARG)= -2.87637E-02 SMIN=  7.65350E-01
#IK= 407 NK= -1.000 FLUX=  2.16467E-02 LOOP_U1=  9.99766E-01+ -2.16450E-02i KLP= 195 196 220 219 195 WKC= -0.10417 -0.35417  0.00000 STRM=  0 S(ARG)= -6.30483E+00 SMIN=  7.70237E-01
#IK= 408 NK=  0.000 FLUX=  1.25425E-02 LOOP_U1=  9.99921E-01+ -1.25421E-02i KLP= 194 195 219 218 194 WKC= -0.06250 -0.35417  0.00000 STRM=  0 S(ARG)= -1.25425E-02 SMIN=  7.78085E-01
#IK= 409 NK=  0.000 FLUX=  4.43550E-03 LOOP_U1=  9.99990E-01+ -4.43549E-03i KLP= 169 170 194 193 169 WKC= -0.02083 -0.31250  0.00000 STRM=  0 S(ARG)= -4.43550E-03 SMIN=  7.78930E-01
#IK= 410 NK= -1.000 FLUX= -4.24870E-03 LOOP_U1=  9.99991E-01+  4.24869E-03i KLP= 192 169 193 216 192 WKC=  0.02083 -0.31250  0.00000 STRM=  0 S(ARG)= -6.27894E+00 SMIN=  7.82934E-01
#IK= 411 NK=  0.000 FLUX= -1.18381E-02 LOOP_U1=  9.99930E-01+  1.18378E-02i KLP= 191 192 216 215 191 WKC=  0.06250 -0.31250  0.00000 STRM=  0 S(ARG)=  1.18381E-02 SMIN=  7.82536E-01
#IK= 412 NK=  0.000 FLUX= -1.79224E-02 LOOP_U1=  9.99839E-01+  1.79214E-02i KLP= 190 191 215 214 190 WKC=  0.10417 -0.31250  0.00000 STRM=  0 S(ARG)=  1.79224E-02 SMIN=  7.79507E-01
#IK= 413 NK=  0.000 FLUX= -2.26199E-02 LOOP_U1=  9.99744E-01+  2.26180E-02i KLP= 189 190 214 213 189 WKC=  0.14583 -0.31250  0.00000 STRM=  0 S(ARG)=  2.26199E-02 SMIN=  7.73371E-01
#IK= 414 NK=  0.000 FLUX= -2.88175E-02 LOOP_U1=  9.99585E-01+  2.88135E-02i KLP= 188 189 213 212 188 WKC=  0.18750 -0.31250  0.00000 STRM=  0 S(ARG)=  2.88175E-02 SMIN=  7.65836E-01
#IK= 415 NK=  0.000 FLUX= -4.21670E-02 LOOP_U1=  9.99111E-01+  4.21545E-02i KLP= 187 188 212 211 187 WKC=  0.22917 -0.31250  0.00000 STRM=  0 S(ARG)=  4.21670E-02 SMIN=  7.57064E-01
#IK= 416 NK=  0.000 FLUX= -6.99006E-02 LOOP_U1=  9.97558E-01+  6.98437E-02i KLP= 186 187 211 210 186 WKC=  0.27083 -0.31250  0.00000 STRM=  0 S(ARG)=  6.99006E-02 SMIN=  7.47866E-01
#IK= 417 NK=  1.000 FLUX= -1.08891E-01 LOOP_U1=  9.94077E-01+  1.08676E-01i KLP= 185 186 210 209 185 WKC=  0.31250 -0.31250  0.00000 STRM=  0 S(ARG)=  6.39208E+00 SMIN=  7.41853E-01
#IK= 418 NK= -1.000 FLUX= -1.21679E-01 LOOP_U1=  9.92606E-01+  1.21379E-01i KLP= 184 185 209 208 184 WKC=  0.35417 -0.31250  0.00000 STRM=  0 S(ARG)= -6.16151E+00 SMIN=  7.41853E-01
#IK= 419 NK= -0.000 FLUX= -8.96692E-02 LOOP_U1=  9.95982E-01+  8.95490E-02i KLP= 183 184 208 207 183 WKC=  0.39583 -0.31250  0.00000 STRM=  0 S(ARG)=  8.96692E-02 SMIN=  7.43837E-01
#IK= 420 NK=  0.000 FLUX= -5.38420E-02 LOOP_U1=  9.98551E-01+  5.38160E-02i KLP= 182 183 207 206 182 WKC=  0.43750 -0.31250  0.00000 STRM=  0 S(ARG)=  5.38420E-02 SMIN=  7.51672E-01
#IK= 421 NK=  0.000 FLUX= -3.40099E-02 LOOP_U1=  9.99422E-01+  3.40033E-02i KLP= 181 182 206 205 181 WKC=  0.47917 -0.31250  0.00000 STRM=  0 S(ARG)=  3.40099E-02 SMIN=  7.60406E-01
#IK= 422 NK= -0.000 FLUX= -2.50977E-02 LOOP_U1=  9.99685E-01+  2.50951E-02i KLP= 180 181 205 204 180 WKC= -0.47917 -0.31250  0.00000 STRM=  0 S(ARG)=  2.50977E-02 SMIN=  7.68102E-01
#IK= 423 NK=  1.000 FLUX= -2.02601E-02 LOOP_U1=  9.99795E-01+  2.02587E-02i KLP= 179 180 204 203 179 WKC= -0.43750 -0.31250  0.00000 STRM=  0 S(ARG)=  6.30345E+00 SMIN=  7.74520E-01
#IK= 424 NK=  0.000 FLUX= -1.50615E-02 LOOP_U1=  9.99887E-01+  1.50609E-02i KLP= 178 179 203 202 178 WKC= -0.39583 -0.31250  0.00000 STRM=  0 S(ARG)=  1.50615E-02 SMIN=  7.79507E-01
#IK= 425 NK= -1.000 FLUX= -8.12516E-03 LOOP_U1=  9.99967E-01+  8.12507E-03i KLP= 177 178 202 201 177 WKC= -0.35417 -0.31250  0.00000 STRM=  0 S(ARG)= -6.27506E+00 SMIN=  7.82536E-01
#IK= 426 NK=  1.000 FLUX=  3.54144E-10 LOOP_U1=  1.00000E+00+ -3.54144E-10i KLP= 176 177 201 200 176 WKC= -0.31250 -0.31250  0.00000 STRM=  0 S(ARG)=  6.28319E+00 SMIN=  7.82934E-01
#IK= 427 NK=  0.000 FLUX=  9.24172E-03 LOOP_U1=  9.99957E-01+ -9.24158E-03i KLP= 175 176 200 199 175 WKC= -0.27083 -0.31250  0.00000 STRM=  0 S(ARG)= -9.24172E-03 SMIN=  7.76454E-01
#IK= 428 NK=  0.000 FLUX=  1.93225E-02 LOOP_U1=  9.99813E-01+ -1.93213E-02i KLP= 174 175 199 198 174 WKC= -0.22917 -0.31250  0.00000 STRM=  0 S(ARG)= -1.93225E-02 SMIN=  7.69944E-01
#IK= 429 NK=  0.000 FLUX=  2.76638E-02 LOOP_U1=  9.99617E-01+ -2.76602E-02i KLP= 173 174 198 197 173 WKC= -0.18750 -0.31250  0.00000 STRM=  0 S(ARG)= -2.76638E-02 SMIN=  7.65350E-01
#IK= 430 NK=  0.000 FLUX=  2.97685E-02 LOOP_U1=  9.99557E-01+ -2.97641E-02i KLP= 172 173 197 196 172 WKC= -0.14583 -0.31250  0.00000 STRM=  0 S(ARG)= -2.97685E-02 SMIN=  7.63292E-01
#IK= 431 NK=  0.000 FLUX=  2.40952E-02 LOOP_U1=  9.99710E-01+ -2.40928E-02i KLP= 171 172 196 195 171 WKC= -0.10417 -0.31250  0.00000 STRM=  0 S(ARG)= -2.40952E-02 SMIN=  7.65719E-01
#IK= 432 NK=  1.000 FLUX=  1.43140E-02 LOOP_U1=  9.99898E-01+ -1.43135E-02i KLP= 170 171 195 194 170 WKC= -0.06250 -0.31250  0.00000 STRM=  0 S(ARG)=  6.26887E+00 SMIN=  7.71889E-01
#IK= 433 NK=  0.000 FLUX=  5.09940E-03 LOOP_U1=  9.99987E-01+ -5.09938E-03i KLP= 145 146 170 169 145 WKC= -0.02083 -0.27083  0.00000 STRM=  0 S(ARG)= -5.09940E-03 SMIN=  7.72064E-01
#IK= 434 NK=  1.000 FLUX= -4.84912E-03 LOOP_U1=  9.99988E-01+  4.84910E-03i KLP= 168 145 169 192 168 WKC=  0.02083 -0.27083  0.00000 STRM=  0 S(ARG)=  6.28803E+00 SMIN=  7.75942E-01
#IK= 435 NK=  0.000 FLUX= -1.34722E-02 LOOP_U1=  9.99909E-01+  1.34718E-02i KLP= 167 168 192 191 167 WKC=  0.06250 -0.27083  0.00000 STRM=  0 S(ARG)=  1.34722E-02 SMIN=  7.76454E-01
#IK= 436 NK=  0.000 FLUX= -2.01639E-02 LOOP_U1=  9.99797E-01+  2.01626E-02i KLP= 166 167 191 190 166 WKC=  0.10417 -0.27083  0.00000 STRM=  0 S(ARG)=  2.01639E-02 SMIN=  7.74772E-01
#IK= 437 NK=  0.000 FLUX= -2.37875E-02 LOOP_U1=  9.99717E-01+  2.37852E-02i KLP= 165 166 190 189 165 WKC=  0.14583 -0.27083  0.00000 STRM=  0 S(ARG)=  2.37875E-02 SMIN=  7.72388E-01
#IK= 438 NK=  1.000 FLUX= -2.57458E-02 LOOP_U1=  9.99669E-01+  2.57430E-02i KLP= 164 165 189 188 164 WKC=  0.18750 -0.27083  0.00000 STRM=  0 S(ARG)=  6.30893E+00 SMIN=  7.67896E-01
#IK= 439 NK=  0.000 FLUX= -3.05868E-02 LOOP_U1=  9.99532E-01+  3.05821E-02i KLP= 163 164 188 187 163 WKC=  0.22917 -0.27083  0.00000 STRM=  0 S(ARG)=  3.05868E-02 SMIN=  7.62605E-01
#IK= 440 NK=  0.000 FLUX= -4.41663E-02 LOOP_U1=  9.99025E-01+  4.41519E-02i KLP= 162 163 187 186 162 WKC=  0.27083 -0.27083  0.00000 STRM=  0 S(ARG)=  4.41663E-02 SMIN=  7.56582E-01
#IK= 441 NK= -1.000 FLUX= -6.99006E-02 LOOP_U1=  9.97558E-01+  6.98437E-02i KLP= 161 162 186 185 161 WKC=  0.31250 -0.27083  0.00000 STRM=  0 S(ARG)= -6.21328E+00 SMIN=  7.47866E-01
#IK= 442 NK=  1.000 FLUX= -9.25149E-02 LOOP_U1=  9.95724E-01+  9.23830E-02i KLP= 160 161 185 184 160 WKC=  0.35417 -0.27083  0.00000 STRM=  0 S(ARG)=  6.37570E+00 SMIN=  7.43187E-01
#IK= 443 NK=  0.000 FLUX= -8.31029E-02 LOOP_U1=  9.96549E-01+  8.30073E-02i KLP= 159 160 184 183 159 WKC=  0.39583 -0.27083  0.00000 STRM=  0 S(ARG)=  8.31029E-02 SMIN=  7.47866E-01
#IK= 444 NK=  0.000 FLUX= -5.51304E-02 LOOP_U1=  9.98481E-01+  5.51025E-02i KLP= 158 159 183 182 158 WKC=  0.43750 -0.27083  0.00000 STRM=  0 S(ARG)=  5.51304E-02 SMIN=  7.51672E-01
#IK= 445 NK=  0.000 FLUX= -3.55626E-02 LOOP_U1=  9.99368E-01+  3.55551E-02i KLP= 157 158 182 181 157 WKC=  0.47917 -0.27083  0.00000 STRM=  0 S(ARG)=  3.55626E-02 SMIN=  7.57513E-01
#IK= 446 NK=  0.000 FLUX= -2.72477E-02 LOOP_U1=  9.99629E-01+  2.72443E-02i KLP= 156 157 181 180 156 WKC= -0.47917 -0.27083  0.00000 STRM=  0 S(ARG)=  2.72477E-02 SMIN=  7.63208E-01
#IK= 447 NK=  0.000 FLUX= -2.46205E-02 LOOP_U1=  9.99697E-01+  2.46180E-02i KLP= 155 156 180 179 155 WKC= -0.43750 -0.27083  0.00000 STRM=  0 S(ARG)=  2.46205E-02 SMIN=  7.67905E-01
#IK= 448 NK=  1.000 FLUX= -2.22878E-02 LOOP_U1=  9.99752E-01+  2.22860E-02i KLP= 154 155 179 178 154 WKC= -0.39583 -0.27083  0.00000 STRM=  0 S(ARG)=  6.30547E+00 SMIN=  7.71775E-01
#IK= 449 NK=  0.000 FLUX= -1.70501E-02 LOOP_U1=  9.99855E-01+  1.70493E-02i KLP= 153 154 178 177 153 WKC= -0.35417 -0.27083  0.00000 STRM=  0 S(ARG)=  1.70501E-02 SMIN=  7.74772E-01
#IK= 450 NK= -1.000 FLUX= -9.24172E-03 LOOP_U1=  9.99957E-01+  9.24158E-03i KLP= 152 153 177 176 152 WKC= -0.31250 -0.27083  0.00000 STRM=  0 S(ARG)= -6.27394E+00 SMIN=  7.76454E-01
#IK= 451 NK= -1.000 FLUX= -1.28957E-09 LOOP_U1=  1.00000E+00+  1.28957E-09i KLP= 151 152 176 175 151 WKC= -0.27083 -0.27083  0.00000 STRM=  0 S(ARG)= -6.28319E+00 SMIN=  7.75942E-01
#IK= 452 NK=  1.000 FLUX=  1.04942E-02 LOOP_U1=  9.99945E-01+ -1.04940E-02i KLP= 150 151 175 174 150 WKC= -0.22917 -0.27083  0.00000 STRM=  0 S(ARG)=  6.27269E+00 SMIN=  7.70352E-01
#IK= 453 NK=  0.000 FLUX=  2.09269E-02 LOOP_U1=  9.99781E-01+ -2.09253E-02i KLP= 149 150 174 173 149 WKC= -0.18750 -0.27083  0.00000 STRM=  0 S(ARG)= -2.09269E-02 SMIN=  7.65717E-01
#IK= 454 NK= -0.000 FLUX=  2.71103E-02 LOOP_U1=  9.99633E-01+ -2.71070E-02i KLP= 148 149 173 172 148 WKC= -0.14583 -0.27083  0.00000 STRM=  0 S(ARG)= -2.71103E-02 SMIN=  7.62810E-01
#IK= 455 NK=  0.000 FLUX=  2.49285E-02 LOOP_U1=  9.99689E-01+ -2.49260E-02i KLP= 147 148 172 171 147 WKC= -0.10417 -0.27083  0.00000 STRM=  0 S(ARG)= -2.49285E-02 SMIN=  7.62810E-01
#IK= 456 NK=  1.000 FLUX=  1.59480E-02 LOOP_U1=  9.99873E-01+ -1.59473E-02i KLP= 146 147 171 170 146 WKC= -0.06250 -0.27083  0.00000 STRM=  0 S(ARG)=  6.26724E+00 SMIN=  7.66517E-01
#IK= 457 NK=  0.000 FLUX=  5.63803E-03 LOOP_U1=  9.99984E-01+ -5.63800E-03i KLP= 121 122 146 145 121 WKC= -0.02083 -0.22917  0.00000 STRM=  0 S(ARG)= -5.63803E-03 SMIN=  7.66587E-01
#IK= 458 NK=  0.000 FLUX= -5.48419E-03 LOOP_U1=  9.99985E-01+  5.48416E-03i KLP= 144 121 145 168 144 WKC=  0.02083 -0.22917  0.00000 STRM=  0 S(ARG)=  5.48419E-03 SMIN=  7.69376E-01
#IK= 459 NK=  0.000 FLUX= -1.53163E-02 LOOP_U1=  9.99883E-01+  1.53157E-02i KLP= 143 144 168 167 143 WKC=  0.06250 -0.22917  0.00000 STRM=  0 S(ARG)=  1.53163E-02 SMIN=  7.70352E-01
#IK= 460 NK= -1.000 FLUX= -2.30773E-02 LOOP_U1=  9.99734E-01+  2.30752E-02i KLP= 142 143 167 166 142 WKC=  0.10417 -0.22917  0.00000 STRM=  0 S(ARG)= -6.26011E+00 SMIN=  7.69944E-01
#IK= 461 NK=  1.000 FLUX= -2.72355E-02 LOOP_U1=  9.99629E-01+  2.72322E-02i KLP= 141 142 166 165 141 WKC=  0.14583 -0.22917  0.00000 STRM=  0 S(ARG)=  6.31042E+00 SMIN=  7.69284E-01
#IK= 462 NK=  0.000 FLUX= -2.74140E-02 LOOP_U1=  9.99624E-01+  2.74105E-02i KLP= 140 141 165 164 140 WKC=  0.18750 -0.22917  0.00000 STRM=  0 S(ARG)=  2.74140E-02 SMIN=  7.68831E-01
#IK= 463 NK=  0.000 FLUX= -2.68997E-02 LOOP_U1=  9.99638E-01+  2.68964E-02i KLP= 139 140 164 163 139 WKC=  0.22917 -0.22917  0.00000 STRM=  0 S(ARG)=  2.68997E-02 SMIN=  7.66844E-01
#IK= 464 NK=  0.000 FLUX= -3.05868E-02 LOOP_U1=  9.99532E-01+  3.05821E-02i KLP= 138 139 163 162 138 WKC=  0.27083 -0.22917  0.00000 STRM=  0 S(ARG)=  3.05868E-02 SMIN=  7.62605E-01
#IK= 465 NK=  0.000 FLUX= -4.21670E-02 LOOP_U1=  9.99111E-01+  4.21545E-02i KLP= 137 138 162 161 137 WKC=  0.31250 -0.22917  0.00000 STRM=  0 S(ARG)=  4.21670E-02 SMIN=  7.57064E-01
#IK= 466 NK=  0.000 FLUX= -5.84287E-02 LOOP_U1=  9.98294E-01+  5.83954E-02i KLP= 136 137 161 160 136 WKC=  0.35417 -0.22917  0.00000 STRM=  0 S(ARG)=  5.84287E-02 SMIN=  7.51963E-01
#IK= 467 NK=  0.000 FLUX= -6.30689E-02 LOOP_U1=  9.98012E-01+  6.30271E-02i KLP= 135 136 160 159 135 WKC=  0.39583 -0.22917  0.00000 STRM=  0 S(ARG)=  6.30689E-02 SMIN=  7.51963E-01
#IK= 468 NK= -0.000 FLUX= -4.98106E-02 LOOP_U1=  9.98760E-01+  4.97900E-02i KLP= 134 135 159 158 134 WKC=  0.43750 -0.22917  0.00000 STRM=  0 S(ARG)=  4.98106E-02 SMIN=  7.57064E-01
#IK= 469 NK=  0.000 FLUX= -3.48517E-02 LOOP_U1=  9.99393E-01+  3.48446E-02i KLP= 133 134 158 157 133 WKC=  0.47917 -0.22917  0.00000 STRM=  0 S(ARG)=  3.48517E-02 SMIN=  7.60406E-01
#IK= 470 NK=  0.000 FLUX= -2.76965E-02 LOOP_U1=  9.99616E-01+  2.76930E-02i KLP= 132 133 157 156 132 WKC= -0.47917 -0.22917  0.00000 STRM=  0 S(ARG)=  2.76965E-02 SMIN=  7.63208E-01
#IK= 471 NK=  0.000 FLUX= -2.68225E-02 LOOP_U1=  9.99640E-01+  2.68193E-02i KLP= 131 132 156 155 131 WKC= -0.43750 -0.22917  0.00000 STRM=  0 S(ARG)=  2.68225E-02 SMIN=  7.65511E-01
#IK= 472 NK=  0.000 FLUX= -2.76059E-02 LOOP_U1=  9.99619E-01+  2.76024E-02i KLP= 130 131 155 154 130 WKC= -0.39583 -0.22917  0.00000 STRM=  0 S(ARG)=  2.76059E-02 SMIN=  7.67104E-01
#IK= 473 NK=  0.000 FLUX= -2.55297E-02 LOOP_U1=  9.99674E-01+  2.55269E-02i KLP= 129 130 154 153 129 WKC= -0.35417 -0.22917  0.00000 STRM=  0 S(ARG)=  2.55297E-02 SMIN=  7.68497E-01
#IK= 474 NK=  0.000 FLUX= -1.93225E-02 LOOP_U1=  9.99813E-01+  1.93213E-02i KLP= 128 129 153 152 128 WKC= -0.31250 -0.22917  0.00000 STRM=  0 S(ARG)=  1.93225E-02 SMIN=  7.69944E-01
#IK= 475 NK=  1.000 FLUX= -1.04942E-02 LOOP_U1=  9.99945E-01+  1.04940E-02i KLP= 127 128 152 151 127 WKC= -0.27083 -0.22917  0.00000 STRM=  0 S(ARG)=  6.29368E+00 SMIN=  7.70352E-01
#IK= 476 NK= -1.000 FLUX=  1.82526E-09 LOOP_U1=  1.00000E+00+ -1.82526E-09i KLP= 126 127 151 150 126 WKC= -0.22917 -0.22917  0.00000 STRM=  0 S(ARG)= -6.28319E+00 SMIN=  7.69376E-01
#IK= 477 NK= -1.000 FLUX=  1.12338E-02 LOOP_U1=  9.99937E-01+ -1.12335E-02i KLP= 125 126 150 149 125 WKC= -0.18750 -0.22917  0.00000 STRM=  0 S(ARG)= -6.29442E+00 SMIN=  7.65395E-01
#IK= 478 NK=  0.000 FLUX=  2.02112E-02 LOOP_U1=  9.99796E-01+ -2.02098E-02i KLP= 124 125 149 148 124 WKC= -0.14583 -0.22917  0.00000 STRM=  0 S(ARG)= -2.02112E-02 SMIN=  7.62810E-01
#IK= 479 NK=  1.000 FLUX=  2.23619E-02 LOOP_U1=  9.99750E-01+ -2.23601E-02i KLP= 123 124 148 147 123 WKC= -0.10417 -0.22917  0.00000 STRM=  0 S(ARG)=  6.26082E+00 SMIN=  7.62155E-01
#IK= 480 NK= -1.000 FLUX=  1.62725E-02 LOOP_U1=  9.99868E-01+ -1.62718E-02i KLP= 122 123 147 146 122 WKC= -0.06250 -0.22917  0.00000 STRM=  0 S(ARG)= -6.29946E+00 SMIN=  7.63373E-01
#IK= 481 NK=  0.000 FLUX=  5.37028E-03 LOOP_U1=  9.99986E-01+ -5.37026E-03i KLP=  97  98 122 121  97 WKC= -0.02083 -0.18750  0.00000 STRM=  0 S(ARG)= -5.37028E-03 SMIN=  7.62918E-01
#IK= 482 NK=  0.000 FLUX= -5.68586E-03 LOOP_U1=  9.99984E-01+  5.68583E-03i KLP= 120  97 121 144 120 WKC=  0.02083 -0.18750  0.00000 STRM=  0 S(ARG)=  5.68586E-03 SMIN=  7.64981E-01
#IK= 483 NK=  1.000 FLUX= -1.65337E-02 LOOP_U1=  9.99863E-01+  1.65330E-02i KLP= 119 120 144 143 119 WKC=  0.06250 -0.18750  0.00000 STRM=  0 S(ARG)=  6.29972E+00 SMIN=  7.65395E-01
#IK= 484 NK=  0.000 FLUX= -2.50679E-02 LOOP_U1=  9.99686E-01+  2.50653E-02i KLP= 118 119 143 142 118 WKC=  0.10417 -0.18750  0.00000 STRM=  0 S(ARG)=  2.50679E-02 SMIN=  7.65717E-01
#IK= 485 NK=  0.000 FLUX= -2.98800E-02 LOOP_U1=  9.99554E-01+  2.98755E-02i KLP= 117 118 142 141 117 WKC=  0.14583 -0.18750  0.00000 STRM=  0 S(ARG)=  2.98800E-02 SMIN=  7.66545E-01
#IK= 486 NK=  1.000 FLUX= -3.01309E-02 LOOP_U1=  9.99546E-01+  3.01263E-02i KLP= 116 117 141 140 116 WKC=  0.18750 -0.18750  0.00000 STRM=  0 S(ARG)=  6.31332E+00 SMIN=  7.68260E-01
#IK= 487 NK= -1.000 FLUX= -2.74140E-02 LOOP_U1=  9.99624E-01+  2.74105E-02i KLP= 115 116 140 139 115 WKC=  0.22917 -0.18750  0.00000 STRM=  0 S(ARG)= -6.25577E+00 SMIN=  7.68831E-01
#IK= 488 NK=  0.000 FLUX= -2.57458E-02 LOOP_U1=  9.99669E-01+  2.57430E-02i KLP= 114 115 139 138 114 WKC=  0.27083 -0.18750  0.00000 STRM=  0 S(ARG)=  2.57458E-02 SMIN=  7.67896E-01
#IK= 489 NK=  0.000 FLUX= -2.88175E-02 LOOP_U1=  9.99585E-01+  2.88135E-02i KLP= 113 114 138 137 113 WKC=  0.31250 -0.18750  0.00000 STRM=  0 S(ARG)=  2.88175E-02 SMIN=  7.65836E-01
#IK= 490 NK=  0.000 FLUX= -3.71347E-02 LOOP_U1=  9.99311E-01+  3.71262E-02i KLP= 112 113 137 136 112 WKC=  0.35417 -0.18750  0.00000 STRM=  0 S(ARG)=  3.71347E-02 SMIN=  7.62999E-01
#IK= 491 NK= -1.000 FLUX= -4.41097E-02 LOOP_U1=  9.99027E-01+  4.40954E-02i KLP= 111 112 136 135 111 WKC=  0.39583 -0.18750  0.00000 STRM=  0 S(ARG)= -6.23908E+00 SMIN=  7.61433E-01
#IK= 492 NK=  0.000 FLUX= -4.11123E-02 LOOP_U1=  9.99155E-01+  4.11008E-02i KLP= 110 111 135 134 110 WKC=  0.43750 -0.18750  0.00000 STRM=  0 S(ARG)=  4.11123E-02 SMIN=  7.62999E-01
#IK= 493 NK=  1.000 FLUX= -3.21130E-02 LOOP_U1=  9.99484E-01+  3.21074E-02i KLP= 109 110 134 133 109 WKC=  0.47917 -0.18750  0.00000 STRM=  0 S(ARG)=  6.31530E+00 SMIN=  7.65836E-01
#IK= 494 NK=  0.000 FLUX= -2.63201E-02 LOOP_U1=  9.99654E-01+  2.63171E-02i KLP= 108 109 133 132 108 WKC= -0.47917 -0.18750  0.00000 STRM=  0 S(ARG)=  2.63201E-02 SMIN=  7.67896E-01
#IK= 495 NK=  0.000 FLUX= -2.61175E-02 LOOP_U1=  9.99659E-01+  2.61145E-02i KLP= 107 108 132 131 107 WKC= -0.43750 -0.18750  0.00000 STRM=  0 S(ARG)=  2.61175E-02 SMIN=  7.67104E-01
#IK= 496 NK=  0.000 FLUX= -2.88959E-02 LOOP_U1=  9.99583E-01+  2.88919E-02i KLP= 106 107 131 130 106 WKC= -0.39583 -0.18750  0.00000 STRM=  0 S(ARG)=  2.88959E-02 SMIN=  7.65984E-01
#IK= 497 NK= -0.000 FLUX= -3.03691E-02 LOOP_U1=  9.99539E-01+  3.03644E-02i KLP= 105 106 130 129 105 WKC= -0.35417 -0.18750  0.00000 STRM=  0 S(ARG)=  3.03691E-02 SMIN=  7.65350E-01
#IK= 498 NK=  0.000 FLUX= -2.76638E-02 LOOP_U1=  9.99617E-01+  2.76602E-02i KLP= 104 105 129 128 104 WKC= -0.31250 -0.18750  0.00000 STRM=  0 S(ARG)=  2.76638E-02 SMIN=  7.65350E-01
#IK= 499 NK=  0.000 FLUX= -2.09269E-02 LOOP_U1=  9.99781E-01+  2.09253E-02i KLP= 103 104 128 127 103 WKC= -0.27083 -0.18750  0.00000 STRM=  0 S(ARG)=  2.09269E-02 SMIN=  7.65717E-01
#IK= 500 NK= -0.000 FLUX= -1.12338E-02 LOOP_U1=  9.99937E-01+  1.12336E-02i KLP= 102 103 127 126 102 WKC= -0.22917 -0.18750  0.00000 STRM=  0 S(ARG)=  1.12338E-02 SMIN=  7.65395E-01
#IK= 501 NK=  1.000 FLUX= -3.82418E-09 LOOP_U1=  1.00000E+00+  3.82418E-09i KLP= 101 102 126 125 101 WKC= -0.18750 -0.18750  0.00000 STRM=  0 S(ARG)=  6.28319E+00 SMIN=  7.64981E-01
#IK= 502 NK= -1.000 FLUX=  1.00479E-02 LOOP_U1=  9.99950E-01+ -1.00477E-02i KLP= 100 101 125 124 100 WKC= -0.14583 -0.18750  0.00000 STRM=  0 S(ARG)= -6.29323E+00 SMIN=  7.62978E-01
#IK= 503 NK= -1.000 FLUX=  1.53269E-02 LOOP_U1=  9.99883E-01+ -1.53263E-02i KLP=  99 100 124 123  99 WKC= -0.10417 -0.18750  0.00000 STRM=  0 S(ARG)= -6.29851E+00 SMIN=  7.62104E-01
#IK= 504 NK=  1.000 FLUX=  1.34494E-02 LOOP_U1=  9.99910E-01+ -1.34490E-02i KLP=  98  99 123 122  98 WKC= -0.06250 -0.18750  0.00000 STRM=  0 S(ARG)=  6.26974E+00 SMIN=  7.62104E-01
#IK= 505 NK=  0.000 FLUX=  3.82149E-03 LOOP_U1=  9.99993E-01+ -3.82148E-03i KLP=  73  74  98  97  73 WKC= -0.02083 -0.14583  0.00000 STRM=  0 S(ARG)= -3.82149E-03 SMIN=  7.63071E-01
#IK= 506 NK=  0.000 FLUX= -4.72617E-03 LOOP_U1=  9.99989E-01+  4.72615E-03i KLP=  96  73  97 120  96 WKC=  0.02083 -0.14583  0.00000 STRM=  0 S(ARG)=  4.72617E-03 SMIN=  7.62918E-01
#IK= 507 NK= -1.000 FLUX= -1.54022E-02 LOOP_U1=  9.99881E-01+  1.54016E-02i KLP=  95  96 120 119  95 WKC=  0.06250 -0.14583  0.00000 STRM=  0 S(ARG)= -6.26778E+00 SMIN=  7.62918E-01
#IK= 508 NK=  0.000 FLUX= -2.44742E-02 LOOP_U1=  9.99701E-01+  2.44717E-02i KLP=  94  95 119 118  94 WKC=  0.10417 -0.14583  0.00000 STRM=  0 S(ARG)=  2.44742E-02 SMIN=  7.62901E-01
#IK= 509 NK=  0.000 FLUX= -2.93544E-02 LOOP_U1=  9.99569E-01+  2.93502E-02i KLP=  93  94 118 117  93 WKC=  0.14583 -0.14583  0.00000 STRM=  0 S(ARG)=  2.93544E-02 SMIN=  7.64556E-01
#IK= 510 NK=  0.000 FLUX= -2.98800E-02 LOOP_U1=  9.99554E-01+  2.98755E-02i KLP=  92  93 117 116  92 WKC=  0.18750 -0.14583  0.00000 STRM=  0 S(ARG)=  2.98800E-02 SMIN=  7.66545E-01
#IK= 511 NK=  0.000 FLUX= -2.72355E-02 LOOP_U1=  9.99629E-01+  2.72322E-02i KLP=  91  92 116 115  91 WKC=  0.22917 -0.14583  0.00000 STRM=  0 S(ARG)=  2.72355E-02 SMIN=  7.69284E-01
#IK= 512 NK=  0.000 FLUX= -2.37875E-02 LOOP_U1=  9.99717E-01+  2.37852E-02i KLP=  90  91 115 114  90 WKC=  0.27083 -0.14583  0.00000 STRM=  0 S(ARG)=  2.37875E-02 SMIN=  7.72388E-01
#IK= 513 NK=  0.000 FLUX= -2.26199E-02 LOOP_U1=  9.99744E-01+  2.26180E-02i KLP=  89  90 114 113  89 WKC=  0.31250 -0.14583  0.00000 STRM=  0 S(ARG)=  2.26199E-02 SMIN=  7.73371E-01
#IK= 514 NK=  1.000 FLUX= -2.55945E-02 LOOP_U1=  9.99672E-01+  2.55917E-02i KLP=  88  89 113 112  88 WKC=  0.35417 -0.14583  0.00000 STRM=  0 S(ARG)=  6.30878E+00 SMIN=  7.73269E-01
#IK= 515 NK= -1.000 FLUX= -3.07406E-02 LOOP_U1=  9.99528E-01+  3.07357E-02i KLP=  87  88 112 111  87 WKC=  0.39583 -0.14583  0.00000 STRM=  0 S(ARG)= -6.25244E+00 SMIN=  7.72623E-01
#IK= 516 NK=  1.000 FLUX= -3.21617E-02 LOOP_U1=  9.99483E-01+  3.21561E-02i KLP=  86  87 111 110  86 WKC=  0.43750 -0.14583  0.00000 STRM=  0 S(ARG)=  6.31535E+00 SMIN=  7.72623E-01
#IK= 517 NK= -1.000 FLUX= -2.79350E-02 LOOP_U1=  9.99610E-01+  2.79313E-02i KLP=  85  86 110 109  85 WKC=  0.47917 -0.14583  0.00000 STRM=  0 S(ARG)= -6.25525E+00 SMIN=  7.73269E-01
#IK= 518 NK=  1.000 FLUX= -2.33903E-02 LOOP_U1=  9.99726E-01+  2.33882E-02i KLP=  84  85 109 108  84 WKC= -0.47917 -0.14583  0.00000 STRM=  0 S(ARG)=  6.30658E+00 SMIN=  7.73371E-01
#IK= 519 NK=  0.000 FLUX= -2.27170E-02 LOOP_U1=  9.99742E-01+  2.27150E-02i KLP=  83  84 108 107  83 WKC= -0.43750 -0.14583  0.00000 STRM=  0 S(ARG)=  2.27170E-02 SMIN=  7.71775E-01
#IK= 520 NK=  0.000 FLUX= -2.54764E-02 LOOP_U1=  9.99675E-01+  2.54736E-02i KLP=  82  83 107 106  82 WKC= -0.39583 -0.14583  0.00000 STRM=  0 S(ARG)=  2.54764E-02 SMIN=  7.68497E-01
#IK= 521 NK=  0.000 FLUX= -2.87637E-02 LOOP_U1=  9.99586E-01+  2.87597E-02i KLP=  81  82 106 105  81 WKC= -0.35417 -0.14583  0.00000 STRM=  0 S(ARG)=  2.87637E-02 SMIN=  7.65350E-01
#IK= 522 NK=  0.000 FLUX= -2.97685E-02 LOOP_U1=  9.99557E-01+  2.97641E-02i KLP=  80  81 105 104  80 WKC= -0.31250 -0.14583  0.00000 STRM=  0 S(ARG)=  2.97685E-02 SMIN=  7.63292E-01
#IK= 523 NK=  1.000 FLUX= -2.71103E-02 LOOP_U1=  9.99633E-01+  2.71070E-02i KLP=  79  80 104 103  79 WKC= -0.27083 -0.14583  0.00000 STRM=  0 S(ARG)=  6.31030E+00 SMIN=  7.62810E-01
#IK= 524 NK=  0.000 FLUX= -2.02112E-02 LOOP_U1=  9.99796E-01+  2.02098E-02i KLP=  78  79 103 102  78 WKC= -0.22917 -0.14583  0.00000 STRM=  0 S(ARG)=  2.02112E-02 SMIN=  7.62810E-01
#IK= 525 NK= -1.000 FLUX= -1.00479E-02 LOOP_U1=  9.99950E-01+  1.00477E-02i KLP=  77  78 102 101  77 WKC= -0.18750 -0.14583  0.00000 STRM=  0 S(ARG)= -6.27314E+00 SMIN=  7.62978E-01
#IK= 526 NK=  1.000 FLUX=  4.08344E-09 LOOP_U1=  1.00000E+00+ -4.08344E-09i KLP=  76  77 101 100  76 WKC= -0.14583 -0.14583  0.00000 STRM=  0 S(ARG)=  6.28319E+00 SMIN=  7.64026E-01
#IK= 527 NK=  1.000 FLUX=  6.49310E-03 LOOP_U1=  9.99979E-01+ -6.49305E-03i KLP=  75  76 100  99  75 WKC= -0.10417 -0.14583  0.00000 STRM=  0 S(ARG)=  6.27669E+00 SMIN=  7.63276E-01
#IK= 528 NK= -1.000 FLUX=  7.82695E-03 LOOP_U1=  9.99969E-01+ -7.82687E-03i KLP=  74  75  99  98  74 WKC= -0.06250 -0.14583  0.00000 STRM=  0 S(ARG)= -6.29101E+00 SMIN=  7.63092E-01
#IK= 529 NK=  0.000 FLUX=  1.80409E-03 LOOP_U1=  9.99998E-01+ -1.80408E-03i KLP=  49  50  74  73  49 WKC= -0.02083 -0.10417  0.00000 STRM=  0 S(ARG)= -1.80409E-03 SMIN=  7.64742E-01
#IK= 530 NK=  0.000 FLUX= -2.72832E-03 LOOP_U1=  9.99996E-01+  2.72831E-03i KLP=  72  49  73  96  72 WKC=  0.02083 -0.10417  0.00000 STRM=  0 S(ARG)=  2.72832E-03 SMIN=  7.63092E-01
#IK= 531 NK=  0.000 FLUX= -1.07994E-02 LOOP_U1=  9.99942E-01+  1.07991E-02i KLP=  71  72  96  95  71 WKC=  0.06250 -0.10417  0.00000 STRM=  0 S(ARG)=  1.07994E-02 SMIN=  7.62104E-01
#IK= 532 NK=  0.000 FLUX= -1.94304E-02 LOOP_U1=  9.99811E-01+  1.94291E-02i KLP=  70  71  95  94  70 WKC=  0.10417 -0.10417  0.00000 STRM=  0 S(ARG)=  1.94304E-02 SMIN=  7.62104E-01
#IK= 533 NK=  0.000 FLUX= -2.44742E-02 LOOP_U1=  9.99701E-01+  2.44717E-02i KLP=  69  70  94  93  69 WKC=  0.14583 -0.10417  0.00000 STRM=  0 S(ARG)=  2.44742E-02 SMIN=  7.62901E-01
#IK= 534 NK= -1.000 FLUX= -2.50679E-02 LOOP_U1=  9.99686E-01+  2.50653E-02i KLP=  68  69  93  92  68 WKC=  0.18750 -0.10417  0.00000 STRM=  0 S(ARG)= -6.25812E+00 SMIN=  7.65717E-01
#IK= 535 NK=  0.000 FLUX= -2.30773E-02 LOOP_U1=  9.99734E-01+  2.30752E-02i KLP=  67  68  92  91  67 WKC=  0.22917 -0.10417  0.00000 STRM=  0 S(ARG)=  2.30773E-02 SMIN=  7.69944E-01
#IK= 536 NK= -1.000 FLUX= -2.01639E-02 LOOP_U1=  9.99797E-01+  2.01626E-02i KLP=  66  67  91  90  66 WKC=  0.27083 -0.10417  0.00000 STRM=  0 S(ARG)= -6.26302E+00 SMIN=  7.74772E-01
#IK= 537 NK=  0.000 FLUX= -1.79224E-02 LOOP_U1=  9.99839E-01+  1.79214E-02i KLP=  65  66  90  89  65 WKC=  0.31250 -0.10417  0.00000 STRM=  0 S(ARG)=  1.79224E-02 SMIN=  7.79507E-01
#IK= 538 NK= -1.000 FLUX= -1.81337E-02 LOOP_U1=  9.99836E-01+  1.81327E-02i KLP=  64  65  89  88  64 WKC=  0.35417 -0.10417  0.00000 STRM=  0 S(ARG)= -6.26505E+00 SMIN=  7.81984E-01
#IK= 539 NK= -0.000 FLUX= -2.10300E-02 LOOP_U1=  9.99779E-01+  2.10284E-02i KLP=  63  64  88  87  63 WKC=  0.39583 -0.10417  0.00000 STRM=  0 S(ARG)=  2.10300E-02 SMIN=  7.83056E-01
#IK= 540 NK=  0.000 FLUX= -2.35957E-02 LOOP_U1=  9.99722E-01+  2.35935E-02i KLP=  62  63  87  86  62 WKC=  0.43750 -0.10417  0.00000 STRM=  0 S(ARG)=  2.35957E-02 SMIN=  7.83305E-01
#IK= 541 NK=  0.000 FLUX= -2.24693E-02 LOOP_U1=  9.99748E-01+  2.24675E-02i KLP=  61  62  86  85  61 WKC=  0.47917 -0.10417  0.00000 STRM=  0 S(ARG)=  2.24693E-02 SMIN=  7.83056E-01
#IK= 542 NK= -1.000 FLUX= -1.91638E-02 LOOP_U1=  9.99816E-01+  1.91626E-02i KLP=  60  61  85  84  60 WKC= -0.47917 -0.10417  0.00000 STRM=  0 S(ARG)= -6.26402E+00 SMIN=  7.81984E-01
#IK= 543 NK=  0.000 FLUX= -1.75742E-02 LOOP_U1=  9.99846E-01+  1.75733E-02i KLP=  59  60  84  83  59 WKC= -0.43750 -0.10417  0.00000 STRM=  0 S(ARG)=  1.75742E-02 SMIN=  7.79721E-01
#IK= 544 NK=  0.000 FLUX= -1.88797E-02 LOOP_U1=  9.99822E-01+  1.88786E-02i KLP=  58  59  83  82  58 WKC= -0.39583 -0.10417  0.00000 STRM=  0 S(ARG)=  1.88797E-02 SMIN=  7.75249E-01
#IK= 545 NK=  0.000 FLUX= -2.16467E-02 LOOP_U1=  9.99766E-01+  2.16450E-02i KLP=  57  58  82  81  57 WKC= -0.35417 -0.10417  0.00000 STRM=  0 S(ARG)=  2.16467E-02 SMIN=  7.70237E-01
#IK= 546 NK=  0.000 FLUX= -2.40952E-02 LOOP_U1=  9.99710E-01+  2.40928E-02i KLP=  56  57  81  80  56 WKC= -0.31250 -0.10417  0.00000 STRM=  0 S(ARG)=  2.40952E-02 SMIN=  7.65719E-01
#IK= 547 NK= -1.000 FLUX= -2.49285E-02 LOOP_U1=  9.99689E-01+  2.49260E-02i KLP=  55  56  80  79  55 WKC= -0.27083 -0.10417  0.00000 STRM=  0 S(ARG)= -6.25826E+00 SMIN=  7.62810E-01
#IK= 548 NK=  0.000 FLUX= -2.23619E-02 LOOP_U1=  9.99750E-01+  2.23601E-02i KLP=  54  55  79  78  54 WKC= -0.22917 -0.10417  0.00000 STRM=  0 S(ARG)=  2.23619E-02 SMIN=  7.62155E-01
#IK= 549 NK=  0.000 FLUX= -1.53269E-02 LOOP_U1=  9.99883E-01+  1.53263E-02i KLP=  53  54  78  77  53 WKC= -0.18750 -0.10417  0.00000 STRM=  0 S(ARG)=  1.53269E-02 SMIN=  7.62104E-01
#IK= 550 NK=  0.000 FLUX= -6.49310E-03 LOOP_U1=  9.99979E-01+  6.49305E-03i KLP=  52  53  77  76  52 WKC= -0.14583 -0.10417  0.00000 STRM=  0 S(ARG)=  6.49310E-03 SMIN=  7.63276E-01
#IK= 551 NK=  0.000 FLUX= -3.52229E-09 LOOP_U1=  1.00000E+00+  3.52229E-09i KLP=  51  52  76  75  51 WKC= -0.10417 -0.10417  0.00000 STRM=  0 S(ARG)=  3.52229E-09 SMIN=  7.64917E-01
#IK= 552 NK= -1.000 FLUX=  2.64416E-03 LOOP_U1=  9.99997E-01+ -2.64416E-03i KLP=  50  51  75  74  50 WKC= -0.06250 -0.10417  0.00000 STRM=  0 S(ARG)= -6.28583E+00 SMIN=  7.65130E-01
#IK= 553 NK=  0.000 FLUX=  4.78003E-04 LOOP_U1=  1.00000E+00+ -4.78003E-04i KLP=  25  26  50  49  25 WKC= -0.02083 -0.06250  0.00000 STRM=  0 S(ARG)= -4.78003E-04 SMIN=  7.67248E-01
#IK= 554 NK=  0.000 FLUX= -9.18027E-04 LOOP_U1=  1.00000E+00+  9.18027E-04i KLP=  48  25  49  72  48 WKC=  0.02083 -0.06250  0.00000 STRM=  0 S(ARG)=  9.18027E-04 SMIN=  7.65649E-01
#IK= 555 NK=  0.000 FLUX= -4.90226E-03 LOOP_U1=  9.99988E-01+  4.90224E-03i KLP=  47  48  72  71  47 WKC=  0.06250 -0.06250  0.00000 STRM=  0 S(ARG)=  4.90226E-03 SMIN=  7.63496E-01
#IK= 556 NK=  0.000 FLUX= -1.07994E-02 LOOP_U1=  9.99942E-01+  1.07991E-02i KLP=  46  47  71  70  46 WKC=  0.10417 -0.06250  0.00000 STRM=  0 S(ARG)=  1.07994E-02 SMIN=  7.62104E-01
#IK= 557 NK=  0.000 FLUX= -1.54022E-02 LOOP_U1=  9.99881E-01+  1.54016E-02i KLP=  45  46  70  69  45 WKC=  0.14583 -0.06250  0.00000 STRM=  0 S(ARG)=  1.54022E-02 SMIN=  7.62918E-01
#IK= 558 NK=  0.000 FLUX= -1.65337E-02 LOOP_U1=  9.99863E-01+  1.65330E-02i KLP=  44  45  69  68  44 WKC=  0.18750 -0.06250  0.00000 STRM=  0 S(ARG)=  1.65337E-02 SMIN=  7.65395E-01
#IK= 559 NK=  0.000 FLUX= -1.53163E-02 LOOP_U1=  9.99883E-01+  1.53157E-02i KLP=  43  44  68  67  43 WKC=  0.22917 -0.06250  0.00000 STRM=  0 S(ARG)=  1.53163E-02 SMIN=  7.70352E-01
#IK= 560 NK=  1.000 FLUX= -1.34722E-02 LOOP_U1=  9.99909E-01+  1.34718E-02i KLP=  42  43  67  66  42 WKC=  0.27083 -0.06250  0.00000 STRM=  0 S(ARG)=  6.29666E+00 SMIN=  7.76454E-01
#IK= 561 NK=  0.000 FLUX= -1.18381E-02 LOOP_U1=  9.99930E-01+  1.18378E-02i KLP=  41  42  66  65  41 WKC=  0.31250 -0.06250  0.00000 STRM=  0 S(ARG)=  1.18381E-02 SMIN=  7.82536E-01
#IK= 562 NK=  0.000 FLUX= -1.12426E-02 LOOP_U1=  9.99937E-01+  1.12423E-02i KLP=  40  41  65  64  40 WKC=  0.35417 -0.06250  0.00000 STRM=  0 S(ARG)=  1.12426E-02 SMIN=  7.87921E-01
#IK= 563 NK=  0.000 FLUX= -1.24241E-02 LOOP_U1=  9.99923E-01+  1.24237E-02i KLP=  39  40  64  63  39 WKC=  0.39583 -0.06250  0.00000 STRM=  0 S(ARG)=  1.24241E-02 SMIN=  7.91498E-01
#IK= 564 NK=  0.000 FLUX= -1.45196E-02 LOOP_U1=  9.99895E-01+  1.45191E-02i KLP=  38  39  63  62  38 WKC=  0.43750 -0.06250  0.00000 STRM=  0 S(ARG)=  1.45196E-02 SMIN=  7.92755E-01
#IK= 565 NK=  0.000 FLUX= -1.50527E-02 LOOP_U1=  9.99887E-01+  1.50521E-02i KLP=  37  38  62  61  37 WKC=  0.47917 -0.06250  0.00000 STRM=  0 S(ARG)=  1.50527E-02 SMIN=  7.92755E-01
#IK= 566 NK=  0.000 FLUX= -1.32884E-02 LOOP_U1=  9.99912E-01+  1.32880E-02i KLP=  36  37  61  60  36 WKC= -0.47917 -0.06250  0.00000 STRM=  0 S(ARG)=  1.32884E-02 SMIN=  7.91498E-01
#IK= 567 NK=  0.000 FLUX= -1.14333E-02 LOOP_U1=  9.99935E-01+  1.14330E-02i KLP=  35  36  60  59  35 WKC= -0.43750 -0.06250  0.00000 STRM=  0 S(ARG)=  1.14333E-02 SMIN=  7.88842E-01
#IK= 568 NK= -1.000 FLUX= -1.12732E-02 LOOP_U1=  9.99936E-01+  1.12729E-02i KLP=  34  35  59  58  34 WKC= -0.39583 -0.06250  0.00000 STRM=  0 S(ARG)= -6.27191E+00 SMIN=  7.83973E-01
#IK= 569 NK=  0.000 FLUX= -1.25425E-02 LOOP_U1=  9.99921E-01+  1.25421E-02i KLP=  33  34  58  57  33 WKC= -0.35417 -0.06250  0.00000 STRM=  0 S(ARG)=  1.25425E-02 SMIN=  7.78085E-01
#IK= 570 NK=  1.000 FLUX= -1.43140E-02 LOOP_U1=  9.99898E-01+  1.43135E-02i KLP=  32  33  57  56  32 WKC= -0.31250 -0.06250  0.00000 STRM=  0 S(ARG)=  6.29750E+00 SMIN=  7.71889E-01
#IK= 571 NK=  0.000 FLUX= -1.59480E-02 LOOP_U1=  9.99873E-01+  1.59473E-02i KLP=  31  32  56  55  31 WKC= -0.27083 -0.06250  0.00000 STRM=  0 S(ARG)=  1.59480E-02 SMIN=  7.66517E-01
#IK= 572 NK=  0.000 FLUX= -1.62725E-02 LOOP_U1=  9.99868E-01+  1.62718E-02i KLP=  30  31  55  54  30 WKC= -0.22917 -0.06250  0.00000 STRM=  0 S(ARG)=  1.62725E-02 SMIN=  7.63373E-01
#IK= 573 NK=  1.000 FLUX= -1.34494E-02 LOOP_U1=  9.99910E-01+  1.34490E-02i KLP=  29  30  54  53  29 WKC= -0.18750 -0.06250  0.00000 STRM=  0 S(ARG)=  6.29663E+00 SMIN=  7.62104E-01
#IK= 574 NK= -1.000 FLUX= -7.82694E-03 LOOP_U1=  9.99969E-01+  7.82686E-03i KLP=  28  29  53  52  28 WKC= -0.14583 -0.06250  0.00000 STRM=  0 S(ARG)= -6.27536E+00 SMIN=  7.63092E-01
#IK= 575 NK=  0.000 FLUX= -2.64416E-03 LOOP_U1=  9.99997E-01+  2.64416E-03i KLP=  27  28  52  51  27 WKC= -0.10417 -0.06250  0.00000 STRM=  0 S(ARG)=  2.64416E-03 SMIN=  7.65130E-01
#IK= 576 NK=  1.000 FLUX=  6.09893E-10 LOOP_U1=  1.00000E+00+ -6.09893E-10i KLP=  26  27  51  50  26 WKC= -0.06250 -0.06250  0.00000 STRM=  0 S(ARG)=  6.28319E+00 SMIN=  7.67248E-01
# Z2 PASS field staged; awaiting NFIELD output
# Z2 field total Chern:   9.74203E-14
# Z2 field minimum link s.v.:   7.41853E-01
# Z2 field max TR flux residual:   3.57492E-14
# Z2 field max n integer residual:   2.20872E-18
  
# DONE!
# Fukui-Hatsugai Z2 BANDS:    1 -   18
# Z2 invariant (top half BZ) =  0
# Z2 invariant (bottom half BZ) =  0
# Z2 invariant =  0
# Top/bottom half-BZ consistency: PASS.
# Z2 field diagnostic file: Z2_FIELD.csv
 end of program
