k_index,q1,q2,q3,band,energy_eV
1,0.2727595800889115,0.5839213809322165,0.0,1,-13.349281205634554
1,0.2727595800889115,0.5839213809322165,0.0,2,-13.320537267170778
1,0.2727595800889115,0.5839213809322165,0.0,3,-13.212815232278523
1,0.2727595800889115,0.5839213809322165,0.0,4,-13.209573145283303
1,0.2727595800889115,0.5839213809322165,0.0,5,-6.547547718452544
1,0.2727595800889115,0.5839213809322165,0.0,6,-6.539677725299524
1,0.2727595800889115,0.5839213809322165,0.0,7,-6.233913761121628
1,0.2727595800889115,0.5839213809322165,0.0,8,-6.211716732481569
1,0.2727595800889115,0.5839213809322165,0.0,9,-5.088203483183375
1,0.2727595800889115,0.5839213809322165,0.0,10,-5.069130601101599
1,0.2727595800889115,0.5839213809322165,0.0,11,-4.700218174815197
1,0.2727595800889115,0.5839213809322165,0.0,12,-4.680560245520808
1,0.2727595800889115,0.5839213809322165,0.0,13,-4.428306921843901
1,0.2727595800889115,0.5839213809322165,0.0,14,-4.392170021856754
1,0.2727595800889115,0.5839213809322165,0.0,15,-3.430568052441817
1,0.2727595800889115,0.5839213809322165,0.0,16,-3.423346617766507
1,0.2727595800889115,0.5839213809322165,0.0,17,-1.5767150318996688
1,0.2727595800889115,0.5839213809322165,0.0,18,-1.4465120350249303
1,0.2727595800889115,0.5839213809322165,0.0,19,0.5614671717678543
1,0.2727595800889115,0.5839213809322165,0.0,20,0.5761381023158787
1,0.2727595800889115,0.5839213809322165,0.0,21,1.5672810884156592
1,0.2727595800889115,0.5839213809322165,0.0,22,1.5859946264929197
1,0.2727595800889115,0.5839213809322165,0.0,23,1.804651555060099
1,0.2727595800889115,0.5839213809322165,0.0,24,1.936412760822754
1,0.2727595800889115,0.5839213809322165,0.0,25,3.2854694351803815
1,0.2727595800889115,0.5839213809322165,0.0,26,3.357002603180627
2,0.2727595800889115,0.5970359832102763,0.0,1,-13.330921118713974
2,0.2727595800889115,0.5970359832102763,0.0,2,-13.301571447359223
2,0.2727595800889115,0.5970359832102763,0.0,3,-13.202576733061399
2,0.2727595800889115,0.5970359832102763,0.0,4,-13.199295033564574
2,0.2727595800889115,0.5970359832102763,0.0,5,-6.577451175988047
2,0.2727595800889115,0.5970359832102763,0.0,6,-6.569794120995855
2,0.2727595800889115,0.5970359832102763,0.0,7,-6.2010681434010415
2,0.2727595800889115,0.5970359832102763,0.0,8,-6.17620885234899
2,0.2727595800889115,0.5970359832102763,0.0,9,-5.14525218615962
2,0.2727595800889115,0.5970359832102763,0.0,10,-5.126170209045878
2,0.2727595800889115,0.5970359832102763,0.0,11,-4.714590258875765
2,0.2727595800889115,0.5970359832102763,0.0,12,-4.697953814599231
2,0.2727595800889115,0.5970359832102763,0.0,13,-4.401609956031741
2,0.2727595800889115,0.5970359832102763,0.0,14,-4.363673257259041
2,0.2727595800889115,0.5970359832102763,0.0,15,-3.4725332683098826
2,0.2727595800889115,0.5970359832102763,0.0,16,-3.462598855163639
2,0.2727595800889115,0.5970359832102763,0.0,17,-1.540207288551212
2,0.2727595800889115,0.5970359832102763,0.0,18,-1.4069299384682679
2,0.2727595800889115,0.5970359832102763,0.0,19,0.5293987997704943
2,0.2727595800889115,0.5970359832102763,0.0,20,0.5418069046930964
2,0.2727595800889115,0.5970359832102763,0.0,21,1.5612621727003004
2,0.2727595800889115,0.5970359832102763,0.0,22,1.5837709995439382
2,0.2727595800889115,0.5970359832102763,0.0,23,1.8493579840105392
2,0.2727595800889115,0.5970359832102763,0.0,24,1.9852920434257553
2,0.2727595800889115,0.5970359832102763,0.0,25,3.303504106847891
2,0.2727595800889115,0.5970359832102763,0.0,26,3.377420842684034
3,0.2727595800889115,0.6101505854883361,0.0,1,-13.317666931143568
3,0.2727595800889115,0.6101505854883361,0.0,2,-13.287878779623336
3,0.2727595800889115,0.6101505854883361,0.0,3,-13.195163639583091
3,0.2727595800889115,0.6101505854883361,0.0,4,-13.191855888801422
3,0.2727595800889115,0.6101505854883361,0.0,5,-6.599020759596028
3,0.2727595800889115,0.6101505854883361,0.0,6,-6.591519571340687
3,0.2727595800889115,0.6101505854883361,0.0,7,-6.173510261394229
3,0.2727595800889115,0.6101505854883361,0.0,8,-6.146347083829273
3,0.2727595800889115,0.6101505854883361,0.0,9,-5.193511637723191
3,0.2727595800889115,0.6101505854883361,0.0,10,-5.175190131270922
3,0.2727595800889115,0.6101505854883361,0.0,11,-4.721923771292309
3,0.2727595800889115,0.6101505854883361,0.0,12,-4.707010743707341
3,0.2727595800889115,0.6101505854883361,0.0,13,-4.3803189053731195
3,0.2727595800889115,0.6101505854883361,0.0,14,-4.3406541246669335
3,0.2727595800889115,0.6101505854883361,0.0,15,-3.5051693344325434
3,0.2727595800889115,0.6101505854883361,0.0,16,-3.492909635670393
3,0.2727595800889115,0.6101505854883361,0.0,17,-1.5122040432834356
3,0.2727595800889115,0.6101505854883361,0.0,18,-1.376420289020622
3,0.2727595800889115,0.6101505854883361,0.0,19,0.5042531880607198
3,0.2727595800889115,0.6101505854883361,0.0,20,0.5146285588928436
3,0.2727595800889115,0.6101505854883361,0.0,21,1.5568019241583753
3,0.2727595800889115,0.6101505854883361,0.0,22,1.5816857117418057
3,0.2727595800889115,0.6101505854883361,0.0,23,1.8833475656829357
3,0.2727595800889115,0.6101505854883361,0.0,24,2.0219022647955285
3,0.2727595800889115,0.6101505854883361,0.0,25,3.3167291453729817
3,0.2727595800889115,0.6101505854883361,0.0,26,3.392321063450865
4,0.2727595800889115,0.623265187766396,0.0,1,-13.309660722025251
4,0.2727595800889115,0.623265187766396,0.0,2,-13.279607222591563
4,0.2727595800889115,0.623265187766396,0.0,3,-13.190684127131659
4,0.2727595800889115,0.623265187766396,0.0,4,-13.187361739218405
4,0.2727595800889115,0.623265187766396,0.0,5,-6.612048388353207
4,0.2727595800889115,0.623265187766396,0.0,6,-6.604642134616135
4,0.2727595800889115,0.623265187766396,0.0,7,-6.154885202500333
4,0.2727595800889115,0.623265187766396,0.0,8,-6.1261074115786105
4,0.2727595800889115,0.623265187766396,0.0,9,-5.225749150271904
4,0.2727595800889115,0.623265187766396,0.0,10,-5.208252622601606
4,0.2727595800889115,0.623265187766396,0.0,11,-4.7253377310101765
4,0.2727595800889115,0.623265187766396,0.0,12,-4.71129974864267
4,0.2727595800889115,0.623265187766396,0.0,13,-4.366503815700149
4,0.2727595800889115,0.623265187766396,0.0,14,-4.32557494094903
4,0.2727595800889115,0.623265187766396,0.0,15,-3.5260295367803636
4,0.2727595800889115,0.623265187766396,0.0,16,-3.512163573013879
4,0.2727595800889115,0.623265187766396,0.0,17,-1.4945620325547846
4,0.2727595800889115,0.623265187766396,0.0,18,-1.3571243397729758
4,0.2727595800889115,0.623265187766396,0.0,19,0.4881774218607702
4,0.2727595800889115,0.623265187766396,0.0,20,0.4971443899715934
4,0.2727595800889115,0.623265187766396,0.0,21,1.5540537192381159
4,0.2727595800889115,0.623265187766396,0.0,22,1.5802651854324403
4,0.2727595800889115,0.623265187766396,0.0,23,1.9045497679687227
4,0.2727595800889115,0.623265187766396,0.0,24,2.0445769995981244
4,0.2727595800889115,0.623265187766396,0.0,25,3.3247909392979347
4,0.2727595800889115,0.623265187766396,0.0,26,3.4013847968511364
5,0.2727595800889115,0.6363797900444558,0.0,1,-13.306985003871569
5,0.2727595800889115,0.6363797900444558,0.0,2,-13.27684276571512
5,0.2727595800889115,0.6363797900444558,0.0,3,-13.189179450949563
5,0.2727595800889115,0.6363797900444558,0.0,4,-13.185852410175436
5,0.2727595800889115,0.6363797900444558,0.0,5,-6.616403790656629
5,0.2727595800889115,0.6363797900444558,0.0,6,-6.609029343988908
5,0.2727595800889115,0.6363797900444558,0.0,7,-6.148264675005318
5,0.2727595800889115,0.6363797900444558,0.0,8,-6.118898554823935
5,0.2727595800889115,0.6363797900444558,0.0,9,-5.237080805237091
5,0.2727595800889115,0.6363797900444558,0.0,10,-5.2199300661721795
5,0.2727595800889115,0.6363797900444558,0.0,11,-4.726329054007157
5,0.2727595800889115,0.6363797900444558,0.0,12,-4.712559044506162
5,0.2727595800889115,0.6363797900444558,0.0,13,-4.361701079092216
5,0.2727595800889115,0.6363797900444558,0.0,14,-4.32030506417816
5,0.2727595800889115,0.6363797900444558,0.0,15,-3.533225829725848
5,0.2727595800889115,0.6363797900444558,0.0,16,-3.5187811443344055
5,0.2727595800889115,0.6363797900444558,0.0,17,-1.488528302763544
5,0.2727595800889115,0.6363797900444558,0.0,18,-1.3505122319865182
5,0.2727595800889115,0.6363797900444558,0.0,19,0.48264843539853236
5,0.2727595800889115,0.6363797900444558,0.0,20,0.49111175326147627
5,0.2727595800889115,0.6363797900444558,0.0,21,1.553130453855772
5,0.2727595800889115,0.6363797900444558,0.0,22,1.579770961823879
5,0.2727595800889115,0.6363797900444558,0.0,23,1.9117598125385333
5,0.2727595800889115,0.6363797900444558,0.0,24,2.0522638524720413
5,0.2727595800889115,0.6363797900444558,0.0,25,3.327503773017721
5,0.2727595800889115,0.6363797900444558,0.0,26,3.404426995775947
6,0.2727595800889115,0.6494943923225156,0.0,1,-13.30966082675016
6,0.2727595800889115,0.6494943923225156,0.0,2,-13.279607326342639
6,0.2727595800889115,0.6494943923225156,0.0,3,-13.190683918858898
6,0.2727595800889115,0.6494943923225156,0.0,4,-13.187361530585925
6,0.2727595800889115,0.6494943923225156,0.0,5,-6.612048950797538
6,0.2727595800889115,0.6494943923225156,0.0,6,-6.60464269702366
6,0.2727595800889115,0.6494943923225156,0.0,7,-6.154885559639137
6,0.2727595800889115,0.6494943923225156,0.0,8,-6.12610778294915
6,0.2727595800889115,0.6494943923225156,0.0,9,-5.225747935627455
6,0.2727595800889115,0.6494943923225156,0.0,10,-5.208251375992091
6,0.2727595800889115,0.6494943923225156,0.0,11,-4.725338718653374
6,0.2727595800889115,0.6494943923225156,0.0,12,-4.711300762684374
6,0.2727595800889115,0.6494943923225156,0.0,13,-4.36650383196892
6,0.2727595800889115,0.6494943923225156,0.0,14,-4.325574985230929
6,0.2727595800889115,0.6494943923225156,0.0,15,-3.5260290677269825
6,0.2727595800889115,0.6494943923225156,0.0,16,-3.5121631208523483
6,0.2727595800889115,0.6494943923225156,0.0,17,-1.4945625641151827
6,0.2727595800889115,0.6494943923225156,0.0,18,-1.3571249003500534
6,0.2727595800889115,0.6494943923225156,0.0,19,0.48817779179416654
6,0.2727595800889115,0.6494943923225156,0.0,20,0.49714477982269045
6,0.2727595800889115,0.6494943923225156,0.0,21,1.5540534605882597
6,0.2727595800889115,0.6494943923225156,0.0,22,1.5802649459529463
6,0.2727595800889115,0.6494943923225156,0.0,23,1.9045501971470795
6,0.2727595800889115,0.6494943923225156,0.0,24,2.044577545839768
6,0.2727595800889115,0.6494943923225156,0.0,25,3.324815847628513
6,0.2727595800889115,0.6494943923225156,0.0,26,3.401388716250066
7,0.2727595800889115,0.6626089946005754,0.0,1,-13.317667158051133
7,0.2727595800889115,0.6626089946005754,0.0,2,-13.287879003938173
7,0.2727595800889115,0.6626089946005754,0.0,3,-13.195163228964486
7,0.2727595800889115,0.6626089946005754,0.0,4,-13.191855480300887
7,0.2727595800889115,0.6626089946005754,0.0,5,-6.599021866048836
7,0.2727595800889115,0.6626089946005754,0.0,6,-6.5915206782504105
7,0.2727595800889115,0.6626089946005754,0.0,7,-6.173510881054487
7,0.2727595800889115,0.6626089946005754,0.0,8,-6.146347724664381
7,0.2727595800889115,0.6626089946005754,0.0,9,-5.193509226745534
7,0.2727595800889115,0.6626089946005754,0.0,10,-5.175187662882519
7,0.2727595800889115,0.6626089946005754,0.0,11,-4.721925763648447
7,0.2727595800889115,0.6626089946005754,0.0,12,-4.707012789906929
7,0.2727595800889115,0.6626089946005754,0.0,13,-4.380318910715716
7,0.2727595800889115,0.6626089946005754,0.0,14,-4.340654180978912
7,0.2727595800889115,0.6626089946005754,0.0,15,-3.5051684317782303
7,0.2727595800889115,0.6626089946005754,0.0,16,-3.492908769042308
7,0.2727595800889115,0.6626089946005754,0.0,17,-1.5122050532082576
7,0.2727595800889115,0.6626089946005754,0.0,18,-1.3764213514561128
7,0.2727595800889115,0.6626089946005754,0.0,19,0.5042539143894744
7,0.2727595800889115,0.6626089946005754,0.0,20,0.5146293217120781
7,0.2727595800889115,0.6626089946005754,0.0,21,1.556801346130254
7,0.2727595800889115,0.6626089946005754,0.0,22,1.5816851489183543
7,0.2727595800889115,0.6626089946005754,0.0,23,1.8833480457901777
7,0.2727595800889115,0.6626089946005754,0.0,24,2.0219028587726724
7,0.2727595800889115,0.6626089946005754,0.0,25,3.3167267920499404
7,0.2727595800889115,0.6626089946005754,0.0,26,3.392321333420785
8,0.2727595800889115,0.6757235968786353,0.0,1,-13.330921449878101
8,0.2727595800889115,0.6757235968786353,0.0,2,-13.301571775098186
8,0.2727595800889115,0.6757235968786353,0.0,3,-13.202576122313591
8,0.2727595800889115,0.6757235968786353,0.0,4,-13.199294425319348
8,0.2727595800889115,0.6757235968786353,0.0,5,-6.577452831944226
8,0.2727595800889115,0.6757235968786353,0.0,6,-6.569795777244759
8,0.2727595800889115,0.6757235968786353,0.0,7,-6.2010689643470585
8,0.2727595800889115,0.6757235968786353,0.0,8,-6.176209694195491
8,0.2727595800889115,0.6757235968786353,0.0,9,-5.1452486714228005
8,0.2727595800889115,0.6757235968786353,0.0,10,-5.126166630887639
8,0.2727595800889115,0.6757235968786353,0.0,11,-4.714593289173941
8,0.2727595800889115,0.6757235968786353,0.0,12,-4.69795691676496
8,0.2727595800889115,0.6757235968786353,0.0,13,-4.401609915888808
8,0.2727595800889115,0.6757235968786353,0.0,14,-4.363673287404937
8,0.2727595800889115,0.6757235968786353,0.0,15,-3.4725319900815226
8,0.2727595800889115,0.6757235968786353,0.0,16,-3.462597619254981
8,0.2727595800889115,0.6757235968786353,0.0,17,-1.5402087377471365
8,0.2727595800889115,0.6757235968786353,0.0,18,-1.4069314540035343
8,0.2727595800889115,0.6757235968786353,0.0,19,0.5293998113767362
8,0.2727595800889115,0.6757235968786353,0.0,20,0.5418079576238202
8,0.2727595800889115,0.6757235968786353,0.0,21,1.561261270918236
8,0.2727595800889115,0.6757235968786353,0.0,22,1.583770143849917
8,0.2727595800889115,0.6757235968786353,0.0,23,1.849358731831231
8,0.2727595800889115,0.6757235968786353,0.0,24,1.985292786534213
8,0.2727595800889115,0.6757235968786353,0.0,25,3.3035048518687686
8,0.2727595800889115,0.6757235968786353,0.0,26,3.377417717411638
9,0.2727595800889115,0.6888381991566951,0.0,1,-13.349281644060472
9,0.2727595800889115,0.6888381991566951,0.0,2,-13.320537701214203
9,0.2727595800889115,0.6888381991566951,0.0,3,-13.212814429256966
9,0.2727595800889115,0.6888381991566951,0.0,4,-13.209572345294195
9,0.2727595800889115,0.6888381991566951,0.0,5,-6.547549924453989
9,0.2727595800889115,0.6888381991566951,0.0,6,-6.539679931264931
9,0.2727595800889115,0.6888381991566951,0.0,7,-6.233914682117099
9,0.2727595800889115,0.6888381991566951,0.0,8,-6.2117176717569365
9,0.2727595800889115,0.6888381991566951,0.0,9,-5.088198988070763
9,0.2727595800889115,0.6888381991566951,0.0,10,-5.069126079423944
9,0.2727595800889115,0.6888381991566951,0.0,11,-4.700222157066829
9,0.2727595800889115,0.6888381991566951,0.0,12,-4.680564289845146
9,0.2727595800889115,0.6888381991566951,0.0,13,-4.428306813219901
9,0.2727595800889115,0.6888381991566951,0.0,14,-4.392170003103384
9,0.2727595800889115,0.6888381991566951,0.0,15,-3.4305664597720353
9,0.2727595800889115,0.6888381991566951,0.0,16,-3.4233450708795425
9,0.2727595800889115,0.6888381991566951,0.0,17,-1.5767168247522196
9,0.2727595800889115,0.6888381991566951,0.0,18,-1.4465139022038191
9,0.2727595800889115,0.6888381991566951,0.0,19,0.5614684076624195
9,0.2727595800889115,0.6888381991566951,0.0,20,0.5761393666242662
9,0.2727595800889115,0.6888381991566951,0.0,21,1.5672798613181023
9,0.2727595800889115,0.6888381991566951,0.0,22,1.5859935520078614
9,0.2727595800889115,0.6888381991566951,0.0,23,1.8046525198889185
9,0.2727595800889115,0.6888381991566951,0.0,24,1.9364137920554536
9,0.2727595800889115,0.6888381991566951,0.0,25,3.285472443267027
9,0.2727595800889115,0.6888381991566951,0.0,26,3.357022497797084
10,0.287903018400017,0.5914931000877691,0.0,1,-13.335573490274186
10,0.287903018400017,0.5914931000877691,0.0,2,-13.306230353401224
10,0.287903018400017,0.5914931000877691,0.0,3,-13.204577167962798
10,0.287903018400017,0.5914931000877691,0.0,4,-13.201285838598917
10,0.287903018400017,0.5914931000877691,0.0,5,-6.571891218504746
10,0.287903018400017,0.5914931000877691,0.0,6,-6.56415998289434
10,0.287903018400017,0.5914931000877691,0.0,7,-6.187654588429384
10,0.287903018400017,0.5914931000877691,0.0,8,-6.164078360074356
10,0.287903018400017,0.5914931000877691,0.0,9,-5.104982159082294
10,0.287903018400017,0.5914931000877691,0.0,10,-5.079048806581701
10,0.287903018400017,0.5914931000877691,0.0,11,-4.76499313812093
10,0.287903018400017,0.5914931000877691,0.0,12,-4.754289010370762
10,0.287903018400017,0.5914931000877691,0.0,13,-4.408854709731209
10,0.287903018400017,0.5914931000877691,0.0,14,-4.3714643693987245
10,0.287903018400017,0.5914931000877691,0.0,15,-3.4608497823834536
10,0.287903018400017,0.5914931000877691,0.0,16,-3.4513472896929396
10,0.287903018400017,0.5914931000877691,0.0,17,-1.549607346993295
10,0.287903018400017,0.5914931000877691,0.0,18,-1.4167001369350194
10,0.287903018400017,0.5914931000877691,0.0,19,0.5327368361676283
10,0.287903018400017,0.5914931000877691,0.0,20,0.5447367966838579
10,0.287903018400017,0.5914931000877691,0.0,21,1.5506513109699283
10,0.287903018400017,0.5914931000877691,0.0,22,1.5726559674275018
10,0.287903018400017,0.5914931000877691,0.0,23,1.8399283615639863
10,0.287903018400017,0.5914931000877691,0.0,24,1.9747750844233778
10,0.287903018400017,0.5914931000877691,0.0,25,3.309055402418021
10,0.287903018400017,0.5914931000877691,0.0,26,3.382637084075711
11,0.287903018400017,0.604607702365829,0.0,1,-13.318390106952554
11,0.287903018400017,0.604607702365829,0.0,2,-13.288434245132438
11,0.287903018400017,0.604607702365829,0.0,3,-13.194779703128978
11,0.287903018400017,0.604607702365829,0.0,4,-13.191447953573958
11,0.287903018400017,0.604607702365829,0.0,5,-6.600551365662012
11,0.287903018400017,0.604607702365829,0.0,6,-6.5930178540875914
11,0.287903018400017,0.604607702365829,0.0,7,-6.142819130668341
11,0.287903018400017,0.604607702365829,0.0,8,-6.11656744701312
11,0.287903018400017,0.604607702365829,0.0,9,-5.169233626787944
11,0.287903018400017,0.604607702365829,0.0,10,-5.142506753919127
11,0.287903018400017,0.604607702365829,0.0,11,-4.7839538273030495
11,0.287903018400017,0.604607702365829,0.0,12,-4.77699127144033
11,0.287903018400017,0.604607702365829,0.0,13,-4.38139934766307
11,0.287903018400017,0.604607702365829,0.0,14,-4.341724142339006
11,0.287903018400017,0.604607702365829,0.0,15,-3.50279882923484
11,0.287903018400017,0.604607702365829,0.0,16,-3.4902216646471533
11,0.287903018400017,0.604607702365829,0.0,17,-1.5134197982650361
11,0.287903018400017,0.604607702365829,0.0,18,-1.3771225721045197
11,0.287903018400017,0.604607702365829,0.0,19,0.49865276651313856
11,0.287903018400017,0.604607702365829,0.0,20,0.5077204424050761
11,0.287903018400017,0.604607702365829,0.0,21,1.5412355293092568
11,0.287903018400017,0.604607702365829,0.0,22,1.5662885108148212
11,0.287903018400017,0.604607702365829,0.0,23,1.8844692682851547
11,0.287903018400017,0.604607702365829,0.0,24,2.022515973286562
11,0.287903018400017,0.604607702365829,0.0,25,3.329412453539816
11,0.287903018400017,0.604607702365829,0.0,26,3.4052499559290483
12,0.287903018400017,0.6177223046438888,0.0,1,-13.305987653252686
12,0.287903018400017,0.6177223046438888,0.0,2,-13.275588671039937
12,0.287903018400017,0.6177223046438888,0.0,3,-13.187690443524911
12,0.287903018400017,0.6177223046438888,0.0,4,-13.184331943436813
12,0.287903018400017,0.6177223046438888,0.0,5,-6.621234542131285
12,0.287903018400017,0.6177223046438888,0.0,6,-6.6138454275924925
12,0.287903018400017,0.6177223046438888,0.0,7,-6.104241847955271
12,0.287903018400017,0.6177223046438888,0.0,8,-6.075573867350853
12,0.287903018400017,0.6177223046438888,0.0,9,-5.22631430809229
12,0.287903018400017,0.6177223046438888,0.0,10,-5.200315748374006
12,0.287903018400017,0.6177223046438888,0.0,11,-4.793283020113444
12,0.287903018400017,0.6177223046438888,0.0,12,-4.788148884124745
12,0.287903018400017,0.6177223046438888,0.0,13,-4.359412274330181
12,0.287903018400017,0.6177223046438888,0.0,14,-4.317579279144125
12,0.287903018400017,0.6177223046438888,0.0,15,-3.535667988957665
12,0.287903018400017,0.6177223046438888,0.0,16,-3.520408413664565
12,0.287903018400017,0.6177223046438888,0.0,17,-1.4856497807409967
12,0.287903018400017,0.6177223046438888,0.0,18,-1.3465771787899952
12,0.287903018400017,0.6177223046438888,0.0,19,0.4720577693255821
12,0.287903018400017,0.6177223046438888,0.0,20,0.4785874715453931
12,0.287903018400017,0.6177223046438888,0.0,21,1.5343303056990125
12,0.287903018400017,0.6177223046438888,0.0,22,1.5613404711915986
12,0.287903018400017,0.6177223046438888,0.0,23,1.918053310013676
12,0.287903018400017,0.6177223046438888,0.0,24,2.058144976163559
12,0.287903018400017,0.6177223046438888,0.0,25,3.344349708321203
12,0.287903018400017,0.6177223046438888,0.0,26,3.421777235530645
13,0.287903018400017,0.6308369069219486,0.0,1,-13.298496696682623
13,0.287903018400017,0.6308369069219486,0.0,2,-13.267829745600007
13,0.287903018400017,0.6308369069219486,0.0,3,-13.18339689858838
13,0.287903018400017,0.6308369069219486,0.0,4,-13.180023405544741
13,0.287903018400017,0.6308369069219486,0.0,5,-6.633727100844527
13,0.287903018400017,0.6308369069219486,0.0,6,-6.626425640395196
13,0.287903018400017,0.6308369069219486,0.0,7,-6.077463192224099
13,0.287903018400017,0.6308369069219486,0.0,8,-6.047015630000546
13,0.287903018400017,0.6308369069219486,0.0,9,-5.265732149316127
13,0.287903018400017,0.6308369069219486,0.0,10,-5.240762174210777
13,0.287903018400017,0.6308369069219486,0.0,11,-4.797512984697136
13,0.287903018400017,0.6308369069219486,0.0,12,-4.793196728320393
13,0.287903018400017,0.6308369069219486,0.0,13,-4.345086611213366
13,0.287903018400017,0.6308369069219486,0.0,14,-4.301675932469642
13,0.287903018400017,0.6308369069219486,0.0,15,-3.556808435861232
13,0.287903018400017,0.6308369069219486,0.0,16,-3.5396683150639467
13,0.287903018400017,0.6308369069219486,0.0,17,-1.4681360195869448
13,0.287903018400017,0.6308369069219486,0.0,18,-1.3272279341278792
13,0.287903018400017,0.6308369069219486,0.0,19,0.45511775055316983
13,0.287903018400017,0.6308369069219486,0.0,20,0.45992006511096883
13,0.287903018400017,0.6308369069219486,0.0,21,1.5301195980577433
13,0.287903018400017,0.6308369069219486,0.0,22,1.5582377333135295
13,0.287903018400017,0.6308369069219486,0.0,23,1.938923286274425
13,0.287903018400017,0.6308369069219486,0.0,24,2.080171495291555
13,0.287903018400017,0.6308369069219486,0.0,25,3.3534755605468725
13,0.287903018400017,0.6308369069219486,0.0,26,3.4318478378380197
14,0.287903018400017,0.6439515092000084,0.0,1,-13.295992074962008
14,0.287903018400017,0.6439515092000084,0.0,2,-13.26523540139626
14,0.287903018400017,0.6439515092000084,0.0,3,-13.181961307920385
14,0.287903018400017,0.6439515092000084,0.0,4,-13.178582948825134
14,0.287903018400017,0.6439515092000084,0.0,5,-6.637905025584317
14,0.287903018400017,0.6439515092000084,0.0,6,-6.630633000793875
14,0.287903018400017,0.6439515092000084,0.0,7,-6.067770292276991
14,0.287903018400017,0.6439515092000084,0.0,8,-6.036650787185986
14,0.287903018400017,0.6439515092000084,0.0,9,-5.279862950911642
14,0.287903018400017,0.6439515092000084,0.0,10,-5.25535071328313
14,0.287903018400017,0.6439515092000084,0.0,11,-4.798727278377168
14,0.287903018400017,0.6439515092000084,0.0,12,-4.794644951754222
14,0.287903018400017,0.6439515092000084,0.0,13,-4.340095782372757
14,0.287903018400017,0.6439515092000084,0.0,14,-4.296100727998905
14,0.287903018400017,0.6439515092000084,0.0,15,-3.5641297053662155
14,0.287903018400017,0.6439515092000084,0.0,16,-3.546305988971175
14,0.287903018400017,0.6439515092000084,0.0,17,-1.4621460717700057
14,0.287903018400017,0.6439515092000084,0.0,18,-1.3205944399692822
14,0.287903018400017,0.6439515092000084,0.0,19,0.4492887022258344
14,0.287903018400017,0.6439515092000084,0.0,20,0.45347777188581095
14,0.287903018400017,0.6439515092000084,0.0,21,1.5287011490784161
14,0.287903018400017,0.6439515092000084,0.0,22,1.5571793572153938
14,0.287903018400017,0.6439515092000084,0.0,23,1.9459984839182503
14,0.287903018400017,0.6439515092000084,0.0,24,2.0876225249503446
14,0.287903018400017,0.6439515092000084,0.0,25,3.3565459489517004
14,0.287903018400017,0.6439515092000084,0.0,26,3.4352273396969673
15,0.287903018400017,0.6570661114780683,0.0,1,-13.298496821868913
15,0.287903018400017,0.6570661114780683,0.0,2,-13.267829869400448
15,0.287903018400017,0.6570661114780683,0.0,3,-13.183396679410329
15,0.287903018400017,0.6570661114780683,0.0,4,-13.180023186879229
15,0.287903018400017,0.6570661114780683,0.0,5,-6.6337276723082965
15,0.287903018400017,0.6570661114780683,0.0,6,-6.6264262119609825
15,0.287903018400017,0.6570661114780683,0.0,7,-6.077463536954449
15,0.287903018400017,0.6570661114780683,0.0,8,-6.047015991973947
15,0.287903018400017,0.6570661114780683,0.0,9,-5.265730845905626
15,0.287903018400017,0.6570661114780683,0.0,10,-5.240760784275091
15,0.287903018400017,0.6570661114780683,0.0,11,-4.7975140309898485
15,0.287903018400017,0.6570661114780683,0.0,12,-4.7931978504014925
15,0.287903018400017,0.6570661114780683,0.0,13,-4.345086719467073
15,0.287903018400017,0.6570661114780683,0.0,14,-4.301676078049335
15,0.287903018400017,0.6570661114780683,0.0,15,-3.556807859597536
15,0.287903018400017,0.6570661114780683,0.0,16,-3.5396677729992354
15,0.287903018400017,0.6570661114780683,0.0,17,-1.4681365317721484
15,0.287903018400017,0.6570661114780683,0.0,18,-1.3272284806313306
15,0.287903018400017,0.6570661114780683,0.0,19,0.4551181802504024
15,0.287903018400017,0.6570661114780683,0.0,20,0.45992052247705395
15,0.287903018400017,0.6570661114780683,0.0,21,1.530119299738169
15,0.287903018400017,0.6570661114780683,0.0,22,1.5582374334063438
15,0.287903018400017,0.6570661114780683,0.0,23,1.9389235675442542
15,0.287903018400017,0.6570661114780683,0.0,24,2.0801719300237607
15,0.287903018400017,0.6570661114780683,0.0,25,3.353476124683899
15,0.287903018400017,0.6570661114780683,0.0,26,3.4318476577044676
16,0.287903018400017,0.6701807137561281,0.0,1,-13.30598789261859
16,0.287903018400017,0.6701807137561281,0.0,2,-13.275588906861906
16,0.287903018400017,0.6701807137561281,0.0,3,-13.187690012768757
16,0.287903018400017,0.6701807137561281,0.0,4,-13.184331513624109
16,0.287903018400017,0.6701807137561281,0.0,5,-6.62123566056904
16,0.287903018400017,0.6701807137561281,0.0,6,-6.613846546605302
16,0.287903018400017,0.6701807137561281,0.0,7,-6.1042424779886915
16,0.287903018400017,0.6701807137561281,0.0,8,-6.075574525109735
16,0.287903018400017,0.6701807137561281,0.0,9,-5.226311782017934
16,0.287903018400017,0.6701807137561281,0.0,10,-5.200313050410815
16,0.287903018400017,0.6701807137561281,0.0,11,-4.793285149156718
16,0.287903018400017,0.6701807137561281,0.0,12,-4.788151172763966
16,0.287903018400017,0.6701807137561281,0.0,13,-4.359412446949731
16,0.287903018400017,0.6701807137561281,0.0,14,-4.317579517711689
16,0.287903018400017,0.6701807137561281,0.0,15,-3.535666898013905
16,0.287903018400017,0.6701807137561281,0.0,16,-3.520407371972016
16,0.287903018400017,0.6701807137561281,0.0,17,-1.485650792075182
16,0.287903018400017,0.6701807137561281,0.0,18,-1.3465782504733932
16,0.287903018400017,0.6701807137561281,0.0,19,0.4720585569603679
16,0.287903018400017,0.6701807137561281,0.0,20,0.47858830920380746
16,0.287903018400017,0.6701807137561281,0.0,21,1.5343297100278304
16,0.287903018400017,0.6701807137561281,0.0,22,1.56133989232909
16,0.287903018400017,0.6701807137561281,0.0,23,1.918053885664715
16,0.287903018400017,0.6701807137561281,0.0,24,2.05814570381221
16,0.287903018400017,0.6701807137561281,0.0,25,3.3443498886641665
16,0.287903018400017,0.6701807137561281,0.0,26,3.4217770850298734
17,0.287903018400017,0.6832953160341879,0.0,1,-13.318390461747885
17,0.287903018400017,0.6832953160341879,0.0,2,-13.28843459515741
17,0.287903018400017,0.6832953160341879,0.0,3,-13.194779062220409
17,0.287903018400017,0.6832953160341879,0.0,4,-13.19144731361453
17,0.287903018400017,0.6832953160341879,0.0,5,-6.6005530474182095
17,0.287903018400017,0.6832953160341879,0.0,6,-6.5930195364904485
17,0.287903018400017,0.6832953160341879,0.0,7,-6.142819896780447
17,0.287903018400017,0.6832953160341879,0.0,8,-6.1165682392278224
17,0.287903018400017,0.6832953160341879,0.0,9,-5.169229949229228
17,0.287903018400017,0.6832953160341879,0.0,10,-5.1425028292117165
17,0.287903018400017,0.6832953160341879,0.0,11,-4.783957090565744
17,0.287903018400017,0.6832953160341879,0.0,12,-4.776994780966438
17,0.287903018400017,0.6832953160341879,0.0,13,-4.381399541472794
17,0.287903018400017,0.6832953160341879,0.0,14,-4.341724418726185
17,0.287903018400017,0.6832953160341879,0.0,15,-3.5027972984589884
17,0.287903018400017,0.6832953160341879,0.0,16,-3.4902201899093406
17,0.287903018400017,0.6832953160341879,0.0,17,-1.513421249426992
17,0.287903018400017,0.6832953160341879,0.0,18,-1.3771241002426813
17,0.287903018400017,0.6832953160341879,0.0,19,0.4986538771010572
17,0.287903018400017,0.6832953160341879,0.0,20,0.5077216122101939
17,0.287903018400017,0.6832953160341879,0.0,21,1.541234624341382
17,0.287903018400017,0.6832953160341879,0.0,22,1.5662876656426654
17,0.287903018400017,0.6832953160341879,0.0,23,1.8844701173742817
17,0.287903018400017,0.6832953160341879,0.0,24,2.022516845428753
17,0.287903018400017,0.6832953160341879,0.0,25,3.3294161946244287
17,0.287903018400017,0.6832953160341879,0.0,26,3.405255513582684
18,0.287903018400017,0.6964099183122477,0.0,1,-13.335573952962205
18,0.287903018400017,0.6964099183122477,0.0,2,-13.306230812026625
18,0.287903018400017,0.6964099183122477,0.0,3,-13.204576325850779
18,0.287903018400017,0.6964099183122477,0.0,4,-13.201284999077268
18,0.287903018400017,0.6964099183122477,0.0,5,-6.571893459061259
18,0.287903018400017,0.6964099183122477,0.0,6,-6.56416222451001
18,0.287903018400017,0.6964099183122477,0.0,7,-6.187655422390218
18,0.287903018400017,0.6964099183122477,0.0,8,-6.164079215661124
18,0.287903018400017,0.6964099183122477,0.0,9,-5.104977489479287
18,0.287903018400017,0.6964099183122477,0.0,10,-5.079043872980327
18,0.287903018400017,0.6964099183122477,0.0,11,-4.764997439903867
18,0.287903018400017,0.6964099183122477,0.0,12,-4.754293589907066
18,0.287903018400017,0.6964099183122477,0.0,13,-4.4088548789061885
18,0.287903018400017,0.6964099183122477,0.0,14,-4.371464634594441
18,0.287903018400017,0.6964099183122477,0.0,15,-3.460847882693133
18,0.287903018400017,0.6964099183122477,0.0,16,-3.4513454532656267
18,0.287903018400017,0.6964099183122477,0.0,17,-1.549609133714321
18,0.287903018400017,0.6964099183122477,0.0,18,-1.4167020093863059
18,0.287903018400017,0.6964099183122477,0.0,19,0.5327381895859089
18,0.287903018400017,0.6964099183122477,0.0,20,0.5447382037082986
18,0.287903018400017,0.6964099183122477,0.0,21,1.5506501472237209
18,0.287903018400017,0.6964099183122477,0.0,22,1.5726548858434954
18,0.287903018400017,0.6964099183122477,0.0,23,1.8399293505593441
18,0.287903018400017,0.6964099183122477,0.0,24,1.97477612007921
18,0.287903018400017,0.6964099183122477,0.0,25,3.3090580467270874
18,0.287903018400017,0.6964099183122477,0.0,26,3.382641787652406
19,0.3030464567111224,0.5990648192433219,0.0,1,-13.324343060284958
19,0.3030464567111224,0.5990648192433219,0.0,2,-13.29456472183566
19,0.3030464567111224,0.5990648192433219,0.0,3,-13.198035854395044
19,0.3030464567111224,0.5990648192433219,0.0,4,-13.194713105926839
19,0.3030464567111224,0.5990648192433219,0.0,5,-6.591107919789852
19,0.3030464567111224,0.5990648192433219,0.0,6,-6.583500717017785
19,0.3030464567111224,0.5990648192433219,0.0,7,-6.153487563832973
19,0.3030464567111224,0.5990648192433219,0.0,8,-6.128393951200108
19,0.3030464567111224,0.5990648192433219,0.0,9,-5.139357761914356
19,0.3030464567111224,0.5990648192433219,0.0,10,-5.110455019741448
19,0.3030464567111224,0.5990648192433219,0.0,11,-4.791399812611509
19,0.3030464567111224,0.5990648192433219,0.0,12,-4.7854541676864795
19,0.3030464567111224,0.5990648192433219,0.0,13,-4.391290232744321
19,0.3030464567111224,0.5990648192433219,0.0,14,-4.3524671994363935
19,0.3030464567111224,0.5990648192433219,0.0,15,-3.4876914737647353
19,0.3030464567111224,0.5990648192433219,0.0,16,-3.4761726975564406
19,0.3030464567111224,0.5990648192433219,0.0,17,-1.526202280430597
19,0.3030464567111224,0.5990648192433219,0.0,18,-1.3910192320368724
19,0.3030464567111224,0.5990648192433219,0.0,19,0.5095599502208117
19,0.3030464567111224,0.5990648192433219,0.0,20,0.5194597271670549
19,0.3030464567111224,0.5990648192433219,0.0,21,1.5416240763106175
19,0.3030464567111224,0.5990648192433219,0.0,22,1.5657300560727605
19,0.3030464567111224,0.5990648192433219,0.0,23,1.8693128800694834
19,0.3030464567111224,0.5990648192433219,0.0,24,2.0062443432138974
19,0.3030464567111224,0.5990648192433219,0.0,25,3.324766735406721
19,0.3030464567111224,0.5990648192433219,0.0,26,3.3998914052277924
20,0.3030464567111224,0.6121794215213817,0.0,1,-13.308383379731278
20,0.3030464567111224,0.6121794215213817,0.0,2,-13.277988150123955
20,0.3030464567111224,0.6121794215213817,0.0,3,-13.188716351121995
20,0.3030464567111224,0.6121794215213817,0.0,4,-13.185351986316588
20,0.3030464567111224,0.6121794215213817,0.0,5,-6.618412986712763
20,0.3030464567111224,0.6121794215213817,0.0,6,-6.610985265384041
20,0.3030464567111224,0.6121794215213817,0.0,7,-6.096531017215121
20,0.3030464567111224,0.6121794215213817,0.0,8,-6.0688075041499365
20,0.3030464567111224,0.6121794215213817,0.0,9,-5.206603729247931
20,0.3030464567111224,0.6121794215213817,0.0,10,-5.175464314819557
20,0.3030464567111224,0.6121794215213817,0.0,11,-4.819011235183697
20,0.3030464567111224,0.6121794215213817,0.0,12,-4.818207289065185
20,0.3030464567111224,0.6121794215213817,0.0,13,-4.363681016808003
20,0.3030464567111224,0.6121794215213817,0.0,14,-4.322196965175448
20,0.3030464567111224,0.6121794215213817,0.0,15,-3.5289711347323984
20,0.3030464567111224,0.6121794215213817,0.0,16,-3.514053875564347
20,0.3030464567111224,0.6121794215213817,0.0,17,-1.490917786180193
20,0.3030464567111224,0.6121794215213817,0.0,18,-1.3521016368150498
20,0.3030464567111224,0.6121794215213817,0.0,19,0.47422005498994624
20,0.3030464567111224,0.6121794215213817,0.0,20,0.48063569417535423
20,0.3030464567111224,0.6121794215213817,0.0,21,1.5289061246612246
20,0.3030464567111224,0.6121794215213817,0.0,22,1.555623765221441
20,0.3030464567111224,0.6121794215213817,0.0,23,1.912807246931076
20,0.3030464567111224,0.6121794215213817,0.0,24,2.0522968745072325
20,0.3030464567111224,0.6121794215213817,0.0,25,3.3472685378710385
20,0.3030464567111224,0.6121794215213817,0.0,26,3.4245333201337926
21,0.3030464567111224,0.6252940237994415,0.0,1,-13.296874370385936
21,0.3030464567111224,0.6252940237994415,0.0,2,-13.266033404975115
21,0.3030464567111224,0.6252940237994415,0.0,3,-13.181973236543143
21,0.3030464567111224,0.6252940237994415,0.0,4,-13.178581095233199
21,0.3030464567111224,0.6252940237994415,0.0,5,-6.638131065301767
21,0.3030464567111224,0.6252940237994415,0.0,6,-6.630834533463993
21,0.3030464567111224,0.6252940237994415,0.0,7,-6.0459723069015014
21,0.3030464567111224,0.6252940237994415,0.0,8,-6.015773668905116
21,0.3030464567111224,0.6252940237994415,0.0,9,-5.270438970018098
21,0.3030464567111224,0.6252940237994415,0.0,10,-5.239486406483791
21,0.3030464567111224,0.6252940237994415,0.0,11,-4.834820940086461
21,0.3030464567111224,0.6252940237994415,0.0,12,-4.8331925472245985
21,0.3030464567111224,0.6252940237994415,0.0,13,-4.341503878619718
21,0.3030464567111224,0.6252940237994415,0.0,14,-4.297504323979236
21,0.3030464567111224,0.6252940237994415,0.0,15,-3.5615269358132533
21,0.3030464567111224,0.6252940237994415,0.0,16,-3.543604650305329
21,0.3030464567111224,0.6252940237994415,0.0,17,-1.463854022901015
21,0.3030464567111224,0.6252940237994415,0.0,18,-1.3220573472522033
21,0.3030464567111224,0.6252940237994415,0.0,19,0.4467582874353668
21,0.3030464567111224,0.6252940237994415,0.0,20,0.45022464173695975
21,0.3030464567111224,0.6252940237994415,0.0,21,1.5196202326050627
21,0.3030464567111224,0.6252940237994415,0.0,22,1.5480286765018394
21,0.3030464567111224,0.6252940237994415,0.0,23,1.9454126867123054
21,0.3030464567111224,0.6252940237994415,0.0,24,2.0865340928389093
21,0.3030464567111224,0.6252940237994415,0.0,25,3.3637854260325737
21,0.3030464567111224,0.6252940237994415,0.0,26,3.442561798165112
22,0.3030464567111224,0.6384086260775014,0.0,1,-13.289924773880903
22,0.3030464567111224,0.6384086260775014,0.0,2,-13.258814405822804
22,0.3030464567111224,0.6384086260775014,0.0,3,-13.177894985392458
22,0.3030464567111224,0.6384086260775014,0.0,4,-13.17448706936909
22,0.3030464567111224,0.6384086260775014,0.0,5,-6.650049237912183
22,0.3030464567111224,0.6384086260775014,0.0,6,-6.64283271427603
22,0.3030464567111224,0.6384086260775014,0.0,7,-6.009569282367096
22,0.3030464567111224,0.6384086260775014,0.0,8,-5.977436646802831
22,0.3030464567111224,0.6384086260775014,0.0,9,-5.316845035159658
22,0.3030464567111224,0.6384086260775014,0.0,10,-5.2868814947359635
22,0.3030464567111224,0.6384086260775014,0.0,11,-4.842460238838315
22,0.3030464567111224,0.6384086260775014,0.0,12,-4.839817176285039
22,0.3030464567111224,0.6384086260775014,0.0,13,-4.3270187256150106
22,0.3030464567111224,0.6384086260775014,0.0,14,-4.281171031123228
22,0.3030464567111224,0.6384086260775014,0.0,15,-3.5825831703949933
22,0.3030464567111224,0.6384086260775014,0.0,16,-3.5625298216954944
22,0.3030464567111224,0.6384086260775014,0.0,17,-1.4467865744465158
22,0.3030464567111224,0.6384086260775014,0.0,18,-1.3030159493291869
22,0.3030464567111224,0.6384086260775014,0.0,19,0.42931022978353445
22,0.3030464567111224,0.6384086260775014,0.0,20,0.4307922060611877
22,0.3030464567111224,0.6384086260775014,0.0,21,1.5139642528145243
22,0.3030464567111224,0.6384086260775014,0.0,22,1.5433339291173571
22,0.3030464567111224,0.6384086260775014,0.0,23,1.9655970977122608
22,0.3030464567111224,0.6384086260775014,0.0,24,2.1076377446640624
22,0.3030464567111224,0.6384086260775014,0.0,25,3.373868282383468
22,0.3030464567111224,0.6384086260775014,0.0,26,3.453538927866303
23,0.3030464567111224,0.6515232283555612,0.0,1,-13.28760236347334
23,0.3030464567111224,0.6515232283555612,0.0,2,-13.25640174526001
23,0.3030464567111224,0.6515232283555612,0.0,3,-13.176531069768131
23,0.3030464567111224,0.6515232283555612,0.0,4,-13.173118062207582
23,0.3030464567111224,0.6515232283555612,0.0,5,-6.654038979846646
23,0.3030464567111224,0.6515232283555612,0.0,6,-6.646849479194561
23,0.3030464567111224,0.6515232283555612,0.0,7,-5.996034407112479
23,0.3030464567111224,0.6515232283555612,0.0,8,-5.963134939344091
23,0.3030464567111224,0.6515232283555612,0.0,9,-5.334017363340223
23,0.3030464567111224,0.6515232283555612,0.0,10,-5.3045653684988565
23,0.3030464567111224,0.6515232283555612,0.0,11,-4.844670715824497
23,0.3030464567111224,0.6515232283555612,0.0,12,-4.841751798485458
23,0.3030464567111224,0.6515232283555612,0.0,13,-4.321967004306089
23,0.3030464567111224,0.6515232283555612,0.0,14,-4.275432346491803
23,0.3030464567111224,0.6515232283555612,0.0,15,-3.5899007444066973
23,0.3030464567111224,0.6515232283555612,0.0,16,-3.5690675149177764
23,0.3030464567111224,0.6515232283555612,0.0,17,-1.4409501402617906
23,0.3030464567111224,0.6515232283555612,0.0,18,-1.296486599442211
23,0.3030464567111224,0.6515232283555612,0.0,19,0.42331490384031656
23,0.3030464567111224,0.6515232283555612,0.0,20,0.424095697786472
23,0.3030464567111224,0.6515232283555612,0.0,21,1.5120697163021342
23,0.3030464567111224,0.6515232283555612,0.0,22,1.5417519325314906
23,0.3030464567111224,0.6515232283555612,0.0,23,1.9724279574033095
23,0.3030464567111224,0.6515232283555612,0.0,24,2.1147668300714404
23,0.3030464567111224,0.6515232283555612,0.0,25,3.3772594085092598
23,0.3030464567111224,0.6515232283555612,0.0,26,3.457224563210943
24,0.3030464567111224,0.664637830633621,0.0,1,-13.289924899111519
24,0.3030464567111224,0.664637830633621,0.0,2,-13.258814531985026
24,0.3030464567111224,0.664637830633621,0.0,3,-13.177894753513533
24,0.3030464567111224,0.664637830633621,0.0,4,-13.174486837595135
24,0.3030464567111224,0.664637830633621,0.0,5,-6.650049817645765
24,0.3030464567111224,0.664637830633621,0.0,6,-6.642833294909556
24,0.3030464567111224,0.664637830633621,0.0,7,-6.009569641515691
24,0.3030464567111224,0.664637830633621,0.0,8,-5.97743702941203
24,0.3030464567111224,0.664637830633621,0.0,9,-5.3168438443299255
24,0.3030464567111224,0.664637830633621,0.0,10,-5.286880182600887
24,0.3030464567111224,0.664637830633621,0.0,11,-4.842461309657807
24,0.3030464567111224,0.664637830633621,0.0,12,-4.839818141228525
24,0.3030464567111224,0.664637830633621,0.0,13,-4.327018937936064
24,0.3030464567111224,0.664637830633621,0.0,14,-4.2811712921999145
24,0.3030464567111224,0.664637830633621,0.0,15,-3.5825824922733394
24,0.3030464567111224,0.664637830633621,0.0,16,-3.5625291836265123
24,0.3030464567111224,0.664637830633621,0.0,17,-1.446787078211146
24,0.3030464567111224,0.664637830633621,0.0,18,-1.3030164922138483
24,0.3030464567111224,0.664637830633621,0.0,19,0.42931067710618387
24,0.3030464567111224,0.664637830633621,0.0,20,0.43079268726900977
24,0.3030464567111224,0.664637830633621,0.0,21,1.5139639602425614
24,0.3030464567111224,0.664637830633621,0.0,22,1.543333632395811
24,0.3030464567111224,0.664637830633621,0.0,23,1.965597409395421
24,0.3030464567111224,0.664637830633621,0.0,24,2.107637984688601
24,0.3030464567111224,0.664637830633621,0.0,25,3.373868714360848
24,0.3030464567111224,0.664637830633621,0.0,26,3.4535381982305187
25,0.3030464567111224,0.6777524329116809,0.0,1,-13.29687462339054
25,0.3030464567111224,0.6777524329116809,0.0,2,-13.26603365479267
25,0.3030464567111224,0.6777524329116809,0.0,3,-13.181972781314473
25,0.3030464567111224,0.6777524329116809,0.0,4,-13.178580640520765
25,0.3030464567111224,0.6777524329116809,0.0,5,-6.638132219271736
25,0.3030464567111224,0.6777524329116809,0.0,6,-6.630835687814397
25,0.3030464567111224,0.6777524329116809,0.0,7,-6.0459728694016714
25,0.3030464567111224,0.6777524329116809,0.0,8,-6.015774264175937
25,0.3030464567111224,0.6777524329116809,0.0,9,-5.270436689121789
25,0.3030464567111224,0.6777524329116809,0.0,10,-5.239483889388799
25,0.3030464567111224,0.6777524329116809,0.0,11,-4.834823114016901
25,0.3030464567111224,0.6777524329116809,0.0,12,-4.833194504171551
25,0.3030464567111224,0.6777524329116809,0.0,13,-4.341504243395903
25,0.3030464567111224,0.6777524329116809,0.0,14,-4.297504773600881
25,0.3030464567111224,0.6777524329116809,0.0,15,-3.561525647146869
25,0.3030464567111224,0.6777524329116809,0.0,16,-3.5436034379037595
25,0.3030464567111224,0.6777524329116809,0.0,17,-1.4638550147647948
25,0.3030464567111224,0.6777524329116809,0.0,18,-1.3220584083927465
25,0.3030464567111224,0.6777524329116809,0.0,19,0.446759135026352
25,0.3030464567111224,0.6777524329116809,0.0,20,0.45022555134410536
25,0.3030464567111224,0.6777524329116809,0.0,21,1.5196196557082144
25,0.3030464567111224,0.6777524329116809,0.0,22,1.5480281059564074
25,0.3030464567111224,0.6777524329116809,0.0,23,1.945413221725095
25,0.3030464567111224,0.6777524329116809,0.0,24,2.086534554439063
25,0.3030464567111224,0.6777524329116809,0.0,25,3.3637844305135385
25,0.3030464567111224,0.6777524329116809,0.0,26,3.4425585186965826
26,0.3030464567111224,0.6908670351897407,0.0,1,-13.308383762405633
26,0.3030464567111224,0.6908670351897407,0.0,2,-13.277988530317927
26,0.3030464567111224,0.6908670351897407,0.0,3,-13.188715683035447
26,0.3030464567111224,0.6908670351897407,0.0,4,-13.185351317673781
26,0.3030464567111224,0.6908670351897407,0.0,5,-6.6184146899300815
26,0.3030464567111224,0.6908670351897407,0.0,6,-6.61098697057142
26,0.3030464567111224,0.6908670351897407,0.0,7,-6.096531647554211
26,0.3030464567111224,0.6908670351897407,0.0,8,-6.068808167253973
26,0.3030464567111224,0.6908670351897407,0.0,9,-5.206600510439228
26,0.3030464567111224,0.6908670351897407,0.0,10,-5.175460760981832
26,0.3030464567111224,0.6908670351897407,0.0,11,-4.8190141809949045
26,0.3030464567111224,0.6908670351897407,0.0,12,-4.818210559043687
26,0.3030464567111224,0.6908670351897407,0.0,13,-4.363681459659005
26,0.3030464567111224,0.6908670351897407,0.0,14,-4.3221975124001615
26,0.3030464567111224,0.6908670351897407,0.0,15,-3.5289693279762027
26,0.3030464567111224,0.6908670351897407,0.0,16,-3.5140521537607814
26,0.3030464567111224,0.6908670351897407,0.0,17,-1.490919185313587
26,0.3030464567111224,0.6908670351897407,0.0,18,-1.3521031230264522
26,0.3030464567111224,0.6908670351897407,0.0,19,0.4742212515775655
26,0.3030464567111224,0.6908670351897407,0.0,20,0.48063696701668523
26,0.3030464567111224,0.6908670351897407,0.0,21,1.5289052490026442
26,0.3030464567111224,0.6908670351897407,0.0,22,1.5556229134295285
26,0.3030464567111224,0.6908670351897407,0.0,23,1.9128080549829263
26,0.3030464567111224,0.6908670351897407,0.0,24,2.052297739338509
26,0.3030464567111224,0.6908670351897407,0.0,25,3.3472693709534767
26,0.3030464567111224,0.6908670351897407,0.0,26,3.424545371359666
27,0.3030464567111224,0.7039816374678005,0.0,1,-13.324343547002321
27,0.3030464567111224,0.7039816374678005,0.0,2,-13.294565205732027
27,0.3030464567111224,0.7039816374678005,0.0,3,-13.198034979447133
27,0.3030464567111224,0.7039816374678005,0.0,4,-13.194712232058446
27,0.3030464567111224,0.7039816374678005,0.0,5,-6.591110178362957
27,0.3030464567111224,0.7039816374678005,0.0,6,-6.583502978059425
27,0.3030464567111224,0.7039816374678005,0.0,7,-6.153488218407391
27,0.3030464567111224,0.7039816374678005,0.0,8,-6.128394632576034
27,0.3030464567111224,0.7039816374678005,0.0,9,-5.139353897422833
27,0.3030464567111224,0.7039816374678005,0.0,10,-5.110450816207592
27,0.3030464567111224,0.7039816374678005,0.0,11,-4.791403532119835
27,0.3030464567111224,0.7039816374678005,0.0,12,-4.785458231479312
27,0.3030464567111224,0.7039816374678005,0.0,13,-4.391290690998573
27,0.3030464567111224,0.7039816374678005,0.0,14,-4.352467771976291
27,0.3030464567111224,0.7039816374678005,0.0,15,-3.4876892508694572
27,0.3030464567111224,0.7039816374678005,0.0,16,-3.476170560679909
27,0.3030464567111224,0.7039816374678005,0.0,17,-1.5262040316848342
27,0.3030464567111224,0.7039816374678005,0.0,18,-1.3910210785173018
27,0.3030464567111224,0.7039816374678005,0.0,19,0.5095613926777459
27,0.3030464567111224,0.7039816374678005,0.0,20,0.5194612450761436
27,0.3030464567111224,0.7039816374678005,0.0,21,1.5416229406831263
27,0.3030464567111224,0.7039816374678005,0.0,22,1.5657289710785056
27,0.3030464567111224,0.7039816374678005,0.0,23,1.8693139567285173
27,0.3030464567111224,0.7039816374678005,0.0,24,2.0062453472229755
27,0.3030464567111224,0.7039816374678005,0.0,25,3.324766301368371
27,0.3030464567111224,0.7039816374678005,0.0,26,3.399890199665933
28,0.3181898950222279,0.6066365383988745,0.0,1,-13.316047032535414
28,0.3181898950222279,0.6066365383988745,0.0,2,-13.286003095509413
28,0.3181898950222279,0.6066365383988745,0.0,3,-13.193425521322522
28,0.3181898950222279,0.6066365383988745,0.0,4,-13.190087945945193
28,0.3181898950222279,0.6066365383988745,0.0,5,-6.604522624178138
28,0.3181898950222279,0.6066365383988745,0.0,6,-6.597015863749423
28,0.3181898950222279,0.6066365383988745,0.0,7,-6.135217551032275
28,0.3181898950222279,0.6066365383988745,0.0,8,-6.108569010096575
28,0.3181898950222279,0.6066365383988745,0.0,9,-5.178751695993167
28,0.3181898950222279,0.6066365383988745,0.0,10,-5.151825851861453
28,0.3181898950222279,0.6066365383988745,0.0,11,-4.787488591426975
28,0.3181898950222279,0.6066365383988745,0.0,12,-4.781160955242138
28,0.3181898950222279,0.6066365383988745,0.0,13,-4.37739294730237
28,0.3181898950222279,0.6066365383988745,0.0,14,-4.337343192327438
28,0.3181898950222279,0.6066365383988745,0.0,15,-3.5088146585161377
28,0.3181898950222279,0.6066365383988745,0.0,16,-3.495754684458352
28,0.3181898950222279,0.6066365383988745,0.0,17,-1.508276517354849
28,0.3181898950222279,0.6066365383988745,0.0,18,-1.371462397010113
28,0.3181898950222279,0.6066365383988745,0.0,19,0.4935969448512759
28,0.3181898950222279,0.6066365383988745,0.0,20,0.5021807498849964
28,0.3181898950222279,0.6066365383988745,0.0,21,1.5395729130271578
28,0.3181898950222279,0.6066365383988745,0.0,22,1.5650145528529182
28,0.3181898950222279,0.6066365383988745,0.0,23,1.890792276374641
28,0.3181898950222279,0.6066365383988745,0.0,24,2.029229890868762
28,0.3181898950222279,0.6066365383988745,0.0,25,3.3325346504692464
28,0.3181898950222279,0.6066365383988745,0.0,26,3.408686301731681
29,0.3181898950222279,0.6197511406769344,0.0,1,-13.301357012832025
29,0.3181898950222279,0.6197511406769344,0.0,2,-13.270694587625137
29,0.3181898950222279,0.6197511406769344,0.0,3,-13.184621622987212
29,0.3181898950222279,0.6197511406769344,0.0,4,-13.181240742394031
29,0.3181898950222279,0.6197511406769344,0.0,5,-6.630372186590535
29,0.3181898950222279,0.6197511406769344,0.0,6,-6.623024817249755
29,0.3181898950222279,0.6197511406769344,0.0,7,-6.067902682430251
29,0.3181898950222279,0.6197511406769344,0.0,8,-6.038721217011769
29,0.3181898950222279,0.6197511406769344,0.0,9,-5.244148890705739
29,0.3181898950222279,0.6197511406769344,0.0,10,-5.213235435201673
29,0.3181898950222279,0.6197511406769344,0.0,11,-4.827133187392609
29,0.3181898950222279,0.6197511406769344,0.0,12,-4.82662084552724
29,0.3181898950222279,0.6197511406769344,0.0,13,-4.350409553636863
29,0.3181898950222279,0.6197511406769344,0.0,14,-4.30747015414701
29,0.3181898950222279,0.6197511406769344,0.0,15,-3.5485259491750414
29,0.3181898950222279,0.6197511406769344,0.0,16,-3.5318567042396873
29,0.3181898950222279,0.6197511406769344,0.0,17,-1.4745831902915034
29,0.3181898950222279,0.6197511406769344,0.0,18,-1.3340075315077942
29,0.3181898950222279,0.6197511406769344,0.0,19,0.4578561777955719
29,0.3181898950222279,0.6197511406769344,0.0,20,0.46255766766594447
29,0.3181898950222279,0.6197511406769344,0.0,21,1.5236520870813357
29,0.3181898950222279,0.6197511406769344,0.0,22,1.551414709021039
29,0.3181898950222279,0.6197511406769344,0.0,23,1.9325108969506104
29,0.3181898950222279,0.6197511406769344,0.0,24,2.073028294924189
29,0.3181898950222279,0.6197511406769344,0.0,25,3.356976490630499
29,0.3181898950222279,0.6197511406769344,0.0,26,3.4351563257699507
30,0.3181898950222279,0.6328657429549942,0.0,1,-13.290775818977295
30,0.3181898950222279,0.6328657429549942,0.0,2,-13.259666819019326
30,0.3181898950222279,0.6328657429549942,0.0,3,-13.178254528318003
30,0.3181898950222279,0.6328657429549942,0.0,4,-13.174844319985162
30,0.3181898950222279,0.6328657429549942,0.0,5,-6.649054851883955
30,0.3181898950222279,0.6328657429549942,0.0,6,-6.641824457429963
30,0.3181898950222279,0.6328657429549942,0.0,7,-6.006493103241161
30,0.3181898950222279,0.6328657429549942,0.0,8,-5.974859585965639
30,0.3181898950222279,0.6328657429549942,0.0,9,-5.3107895387353405
30,0.3181898950222279,0.6328657429549942,0.0,10,-5.278756183108609
30,0.3181898950222279,0.6328657429549942,0.0,11,-4.852588402173734
30,0.3181898950222279,0.6328657429549942,0.0,12,-4.848334058174736
30,0.3181898950222279,0.6328657429549942,0.0,13,-4.328719439678446
30,0.3181898950222279,0.6328657429549942,0.0,14,-4.2830430585206205
30,0.3181898950222279,0.6328657429549942,0.0,15,-3.5799656672151174
30,0.3181898950222279,0.6328657429549942,0.0,16,-3.5600877775104816
30,0.3181898950222279,0.6328657429549942,0.0,17,-1.448773540134471
30,0.3181898950222279,0.6328657429549942,0.0,18,-1.3051159945802664
30,0.3181898950222279,0.6328657429549942,0.0,19,0.43020199864866476
30,0.3181898950222279,0.6328657429549942,0.0,20,0.43167167511649956
30,0.3181898950222279,0.6328657429549942,0.0,21,1.5120523310616714
30,0.3181898950222279,0.6328657429549942,0.0,22,1.5413147872376052
30,0.3181898950222279,0.6328657429549942,0.0,23,1.9636344071884868
30,0.3181898950222279,0.6328657429549942,0.0,24,2.1054539716044705
30,0.3181898950222279,0.6328657429549942,0.0,25,3.374918434105901
30,0.3181898950222279,0.6328657429549942,0.0,26,3.4545317490061453
31,0.3181898950222279,0.645980345233054,0.0,1,-13.284388375201697
31,0.3181898950222279,0.645980345233054,0.0,2,-13.253009545846535
31,0.3181898950222279,0.645980345233054,0.0,3,-13.174403460839649
31,0.3181898950222279,0.645980345233054,0.0,4,-13.170976411533887
31,0.3181898950222279,0.645980345233054,0.0,5,-6.660351239258958
31,0.3181898950222279,0.645980345233054,0.0,6,-6.6531921820491
31,0.3181898950222279,0.645980345233054,0.0,7,-5.96060758213817
31,0.3181898950222279,0.645980345233054,0.0,8,-5.92695162752819
31,0.3181898950222279,0.645980345233054,0.0,9,-5.362359124873864
31,0.3181898950222279,0.645980345233054,0.0,10,-5.330748257349933
31,0.3181898950222279,0.645980345233054,0.0,11,-4.864901107915511
31,0.3181898950222279,0.645980345233054,0.0,12,-4.858963043193645
31,0.3181898950222279,0.645980345233054,0.0,13,-4.314544162666028
31,0.3181898950222279,0.645980345233054,0.0,14,-4.2668537069602515
31,0.3181898950222279,0.645980345233054,0.0,15,-3.6003564052436854
31,0.3181898950222279,0.645980345233054,0.0,16,-3.578193473565249
31,0.3181898950222279,0.645980345233054,0.0,17,-1.4325139492841856
31,0.3181898950222279,0.645980345233054,0.0,18,-1.28681641924548
31,0.3181898950222279,0.645980345233054,0.0,19,0.4119965978139692
31,0.3181898950222279,0.645980345233054,0.0,20,0.41268117136086574
31,0.3181898950222279,0.645980345233054,0.0,21,1.5050021798469322
31,0.3181898950222279,0.645980345233054,0.0,22,1.5351159817947742
31,0.3181898950222279,0.645980345233054,0.0,23,1.9828401728834821
31,0.3181898950222279,0.645980345233054,0.0,24,2.125384209764283
31,0.3181898950222279,0.645980345233054,0.0,25,3.3858822552478594
31,0.3181898950222279,0.645980345233054,0.0,26,3.466348938091294
32,0.3181898950222279,0.6590949475111139,0.0,1,-13.282255101366164
32,0.3181898950222279,0.6590949475111139,0.0,2,-13.250786093079707
32,0.3181898950222279,0.6590949475111139,0.0,3,-13.17311827376026
32,0.3181898950222279,0.6590949475111139,0.0,4,-13.169685703007712
32,0.3181898950222279,0.6590949475111139,0.0,5,-6.664131876832272
32,0.3181898950222279,0.6590949475111139,0.0,6,-6.656996881582222
32,0.3181898950222279,0.6590949475111139,0.0,7,-5.943007290729195
32,0.3181898950222279,0.6590949475111139,0.0,8,-5.908504635112322
32,0.3181898950222279,0.6590949475111139,0.0,9,-5.382250032458044
32,0.3181898950222279,0.6590949475111139,0.0,10,-5.351039697405527
32,0.3181898950222279,0.6590949475111139,0.0,11,-4.868545885124252
32,0.3181898950222279,0.6590949475111139,0.0,12,-4.862136543286233
32,0.3181898950222279,0.6590949475111139,0.0,13,-4.309601497741804
32,0.3181898950222279,0.6590949475111139,0.0,14,-4.261161927181791
32,0.3181898950222279,0.6590949475111139,0.0,15,-3.6074545531333797
32,0.3181898950222279,0.6590949475111139,0.0,16,-3.584453500470975
32,0.3181898950222279,0.6590949475111139,0.0,17,-1.4269643913858965
32,0.3181898950222279,0.6590949475111139,0.0,18,-1.280550101084264
32,0.3181898950222279,0.6590949475111139,0.0,19,0.40523499025123466
32,0.3181898950222279,0.6590949475111139,0.0,20,0.40667722765349074
32,0.3181898950222279,0.6590949475111139,0.0,21,1.5026285473438974
32,0.3181898950222279,0.6590949475111139,0.0,22,1.5330194532105703
32,0.3181898950222279,0.6590949475111139,0.0,23,1.9893270904370834
32,0.3181898950222279,0.6590949475111139,0.0,24,2.1321052228803796
32,0.3181898950222279,0.6590949475111139,0.0,25,3.389562002977723
32,0.3181898950222279,0.6590949475111139,0.0,26,3.4703114188695214
33,0.3181898950222279,0.6722095497891737,0.0,1,-13.284388506928025
33,0.3181898950222279,0.6722095497891737,0.0,2,-13.253009677172038
33,0.3181898950222279,0.6722095497891737,0.0,3,-13.174403221801697
33,0.3181898950222279,0.6722095497891737,0.0,4,-13.170976172085645
33,0.3181898950222279,0.6722095497891737,0.0,5,-6.6603518227640635
33,0.3181898950222279,0.6722095497891737,0.0,6,-6.653192765740458
33,0.3181898950222279,0.6722095497891737,0.0,7,-5.96060787058642
33,0.3181898950222279,0.6722095497891737,0.0,8,-5.926951944029005
33,0.3181898950222279,0.6722095497891737,0.0,9,-5.36235818101181
33,0.3181898950222279,0.6722095497891737,0.0,10,-5.330747195129611
33,0.3181898950222279,0.6722095497891737,0.0,11,-4.8649020057701815
33,0.3181898950222279,0.6722095497891737,0.0,12,-4.858963844381201
33,0.3181898950222279,0.6722095497891737,0.0,13,-4.3145444671354145
33,0.3181898950222279,0.6722095497891737,0.0,14,-4.266854075749249
33,0.3181898950222279,0.6722095497891737,0.0,15,-3.600355618130832
33,0.3181898950222279,0.6722095497891737,0.0,16,-3.5781927439448915
33,0.3181898950222279,0.6722095497891737,0.0,17,-1.4325144347650691
33,0.3181898950222279,0.6722095497891737,0.0,18,-1.286816946144338
33,0.3181898950222279,0.6722095497891737,0.0,19,0.4119970952498835
33,0.3181898950222279,0.6722095497891737,0.0,20,0.4126816279808166
33,0.3181898950222279,0.6722095497891737,0.0,21,1.5050018867663417
33,0.3181898950222279,0.6722095497891737,0.0,22,1.535115688563041
33,0.3181898950222279,0.6722095497891737,0.0,23,1.982840341939962
33,0.3181898950222279,0.6722095497891737,0.0,24,2.1253844437579885
33,0.3181898950222279,0.6722095497891737,0.0,25,3.3858816399172293
33,0.3181898950222279,0.6722095497891737,0.0,26,3.466347541180597
34,0.3181898950222279,0.6853241520672335,0.0,1,-13.290776085928897
34,0.3181898950222279,0.6853241520672335,0.0,2,-13.259667084665445
34,0.3181898950222279,0.6853241520672335,0.0,3,-13.178254058463526
34,0.3181898950222279,0.6853241520672335,0.0,4,-13.174843849383471
34,0.3181898950222279,0.6853241520672335,0.0,5,-6.6490560152228335
34,0.3181898950222279,0.6853241520672335,0.0,6,-6.6418256222997725
34,0.3181898950222279,0.6853241520672335,0.0,7,-6.006493530233494
34,0.3181898950222279,0.6853241520672335,0.0,8,-5.974860051869997
34,0.3181898950222279,0.6853241520672335,0.0,9,-5.310787791060181
34,0.3181898950222279,0.6853241520672335,0.0,10,-5.2787542209933465
34,0.3181898950222279,0.6853241520672335,0.0,11,-4.852590179871034
34,0.3181898950222279,0.6853241520672335,0.0,12,-4.848335643961049
34,0.3181898950222279,0.6853241520672335,0.0,13,-4.3287199785669275
34,0.3181898950222279,0.6853241520672335,0.0,14,-4.283043707220258
34,0.3181898950222279,0.6853241520672335,0.0,15,-3.5799641710945265
34,0.3181898950222279,0.6853241520672335,0.0,16,-3.560086379518075
34,0.3181898950222279,0.6853241520672335,0.0,17,-1.4487744701202958
34,0.3181898950222279,0.6853241520672335,0.0,18,-1.3051170002299033
34,0.3181898950222279,0.6853241520672335,0.0,19,0.43020287933764056
34,0.3181898950222279,0.6853241520672335,0.0,20,0.43167262634470394
34,0.3181898950222279,0.6853241520672335,0.0,21,1.5120517570850969
34,0.3181898950222279,0.6853241520672335,0.0,22,1.5413142198878225
34,0.3181898950222279,0.6853241520672335,0.0,23,1.96363484600922
34,0.3181898950222279,0.6853241520672335,0.0,24,2.105454489565724
34,0.3181898950222279,0.6853241520672335,0.0,25,3.374918797075053
34,0.3181898950222279,0.6853241520672335,0.0,26,3.454532298743488
35,0.3181898950222279,0.6984387543452935,0.0,1,-13.30135740793089
35,0.3181898950222279,0.6984387543452935,0.0,2,-13.270694979659083
35,0.3181898950222279,0.6984387543452935,0.0,3,-13.184620926472927
35,0.3181898950222279,0.6984387543452935,0.0,4,-13.18124004482766
35,0.3181898950222279,0.6984387543452935,0.0,5,-6.630373923353928
35,0.3181898950222279,0.6984387543452935,0.0,6,-6.6230265558868995
35,0.3181898950222279,0.6984387543452935,0.0,7,-6.067903095258439
35,0.3181898950222279,0.6984387543452935,0.0,8,-6.038721665927587
35,0.3181898950222279,0.6984387543452935,0.0,9,-5.2441465933542295
35,0.3181898950222279,0.6984387543452935,0.0,10,-5.2132328690644965
35,0.3181898950222279,0.6984387543452935,0.0,11,-4.827135729090167
35,0.3181898950222279,0.6984387543452935,0.0,12,-4.826623129450794
35,0.3181898950222279,0.6984387543452935,0.0,13,-4.350410246734596
35,0.3181898950222279,0.6984387543452935,0.0,14,-4.30747097988879
35,0.3181898950222279,0.6984387543452935,0.0,15,-3.548523877421002
35,0.3181898950222279,0.6984387543452935,0.0,16,-3.531854743932925
35,0.3181898950222279,0.6984387543452935,0.0,17,-1.4745845357823826
35,0.3181898950222279,0.6984387543452935,0.0,18,-1.3340089721860267
35,0.3181898950222279,0.6984387543452935,0.0,19,0.4578574237265293
35,0.3181898950222279,0.6984387543452935,0.0,20,0.4625590027918136
35,0.3181898950222279,0.6984387543452935,0.0,21,1.523651243783509
35,0.3181898950222279,0.6984387543452935,0.0,22,1.5514138843347176
35,0.3181898950222279,0.6984387543452935,0.0,23,1.9325117885605732
35,0.3181898950222279,0.6984387543452935,0.0,24,2.0730289592241373
35,0.3181898950222279,0.6984387543452935,0.0,25,3.356977557623358
35,0.3181898950222279,0.6984387543452935,0.0,26,3.4351595080873896
36,0.3181898950222279,0.7115533566233532,0.0,1,-13.316047547642714
36,0.3181898950222279,0.7115533566233532,0.0,2,-13.28600360698269
36,0.3181898950222279,0.7115533566233532,0.0,3,-13.193424611640731
36,0.3181898950222279,0.7115533566233532,0.0,4,-13.190087037845569
36,0.3181898950222279,0.7115533566233532,0.0,5,-6.604524907930953
36,0.3181898950222279,0.7115533566233532,0.0,6,-6.597018150103381
36,0.3181898950222279,0.7115533566233532,0.0,7,-6.13521790938061
36,0.3181898950222279,0.7115533566233532,0.0,8,-6.108569398420652
36,0.3181898950222279,0.7115533566233532,0.0,9,-5.178749185338443
36,0.3181898950222279,0.7115533566233532,0.0,10,-5.151823117909305
36,0.3181898950222279,0.7115533566233532,0.0,11,-4.787491286613173
36,0.3181898950222279,0.7115533566233532,0.0,12,-4.781163873163788
36,0.3181898950222279,0.7115533566233532,0.0,13,-4.37739370996781
36,0.3181898950222279,0.7115533566233532,0.0,14,-4.337344093588012
36,0.3181898950222279,0.7115533566233532,0.0,15,-3.508812116837379
36,0.3181898950222279,0.7115533566233532,0.0,16,-3.4957522552065687
36,0.3181898950222279,0.7115533566233532,0.0,17,-1.5082782035247313
36,0.3181898950222279,0.7115533566233532,0.0,18,-1.3714641854334633
36,0.3181898950222279,0.7115533566233532,0.0,19,0.4935984533498788
36,0.3181898950222279,0.7115533566233532,0.0,20,0.5021823495621822
36,0.3181898950222279,0.7115533566233532,0.0,21,1.5395718183923008
36,0.3181898950222279,0.7115533566233532,0.0,22,1.5650135266990257
36,0.3181898950222279,0.7115533566233532,0.0,23,1.8907932646862853
36,0.3181898950222279,0.7115533566233532,0.0,24,2.0292310410763617
36,0.3181898950222279,0.7115533566233532,0.0,25,3.3325281845467982
36,0.3181898950222279,0.7115533566233532,0.0,26,3.4086785828557504
37,0.3333333333333333,0.6142082575544273,0.0,1,-13.311115423464216
37,0.3333333333333333,0.6142082575544273,0.0,2,-13.280979308780609
37,0.3333333333333333,0.6142082575544273,0.0,3,-13.190955694785334
37,0.3333333333333333,0.6142082575544273,0.0,4,-13.18761853874516
37,0.3333333333333333,0.6142082575544273,0.0,5,-6.611541175756024
37,0.3333333333333333,0.6142082575544273,0.0,6,-6.604102026269079
37,0.3333333333333333,0.6142082575544273,0.0,7,-6.135404830539846
37,0.3333333333333333,0.6142082575544273,0.0,8,-6.107439563415101
37,0.3333333333333333,0.6142082575544273,0.0,9,-5.209102893310105
37,0.3333333333333333,0.6142082575544273,0.0,10,-5.186517496105639
37,0.3333333333333333,0.6142082575544273,0.0,11,-4.764224711194235
37,0.3333333333333333,0.6142082575544273,0.0,12,-4.75475333226947
37,0.3333333333333333,0.6142082575544273,0.0,13,-4.368864943917911
37,0.3333333333333333,0.6142082575544273,0.0,14,-4.328070040822871
37,0.3333333333333333,0.6142082575544273,0.0,15,-3.521931213057089
37,0.3333333333333333,0.6142082575544273,0.0,16,-3.50804031762308
37,0.3333333333333333,0.6142082575544273,0.0,17,-1.4974994300063118
37,0.3333333333333333,0.6142082575544273,0.0,18,-1.3599004796193164
37,0.3333333333333333,0.6142082575544273,0.0,19,0.48626164301331426
37,0.3333333333333333,0.6142082575544273,0.0,20,0.49449587763144687
37,0.3333333333333333,0.6142082575544273,0.0,21,1.543761771844511
37,0.3333333333333333,0.6142082575544273,0.0,22,1.56989612321753
37,0.3333333333333333,0.6142082575544273,0.0,23,1.902741217406557
37,0.3333333333333333,0.6142082575544273,0.0,24,2.042203448008526
37,0.3333333333333333,0.6142082575544273,0.0,25,3.332533699092508
37,0.3333333333333333,0.6142082575544273,0.0,26,3.4091705081024664
38,0.3333333333333333,0.6273228598324871,0.0,1,-13.297750649169574
38,0.3333333333333333,0.6273228598324871,0.0,2,-13.266996860175862
38,0.3333333333333333,0.6273228598324871,0.0,3,-13.18271444783398
38,0.3333333333333333,0.6273228598324871,0.0,4,-13.179331445489591
38,0.3333333333333333,0.6273228598324871,0.0,5,-6.635848213032502
38,0.3333333333333333,0.6273228598324871,0.0,6,-6.628548185291916
38,0.3333333333333333,0.6273228598324871,0.0,7,-6.061812906275219
38,0.3333333333333333,0.6273228598324871,0.0,8,-6.031500145040449
38,0.3333333333333333,0.6273228598324871,0.0,9,-5.26741093664615
38,0.3333333333333333,0.6273228598324871,0.0,10,-5.239501523086646
38,0.3333333333333333,0.6273228598324871,0.0,11,-4.815882272876454
38,0.3333333333333333,0.6273228598324871,0.0,12,-4.814482222040383
38,0.3333333333333333,0.6273228598324871,0.0,13,-4.343425586935804
38,0.3333333333333333,0.6273228598324871,0.0,14,-4.299737540607709
38,0.3333333333333333,0.6273228598324871,0.0,15,-3.5589697775518045
38,0.3333333333333333,0.6273228598324871,0.0,16,-3.5414531203351665
38,0.3333333333333333,0.6273228598324871,0.0,17,-1.4661523321386047
38,0.3333333333333333,0.6273228598324871,0.0,18,-1.3248107006484142
38,0.3333333333333333,0.6273228598324871,0.0,19,0.4510136181994509
38,0.3333333333333333,0.6273228598324871,0.0,20,0.4551493397292003
38,0.3333333333333333,0.6273228598324871,0.0,21,1.5247255637733366
38,0.3333333333333333,0.6273228598324871,0.0,22,1.5529836535877948
38,0.3333333333333333,0.6273228598324871,0.0,23,1.9420132951669213
38,0.3333333333333333,0.6273228598324871,0.0,24,2.0831848804400064
38,0.3333333333333333,0.6273228598324871,0.0,25,3.3586969053815645
38,0.3333333333333333,0.6273228598324871,0.0,26,3.4372929195804236
39,0.3333333333333333,0.640437462110547,0.0,1,-13.288126653320361
39,0.3333333333333333,0.640437462110547,0.0,2,-13.256927028511868
39,0.3333333333333333,0.640437462110547,0.0,3,-13.176753729134198
39,0.3333333333333333,0.640437462110547,0.0,4,-13.173339246037774
39,0.3333333333333333,0.640437462110547,0.0,5,-6.653426462337265
39,0.3333333333333333,0.640437462110547,0.0,6,-6.646228456801993
39,0.3333333333333333,0.640437462110547,0.0,7,-5.994101177735091
39,0.3333333333333333,0.640437462110547,0.0,8,-5.9615295191329825
39,0.3333333333333333,0.640437462110547,0.0,9,-5.330457928571939
39,0.3333333333333333,0.640437462110547,0.0,10,-5.2997592249005665
39,0.3333333333333333,0.640437462110547,0.0,11,-4.850728548624074
39,0.3333333333333333,0.640437462110547,0.0,12,-4.846866081494352
39,0.3333333333333333,0.640437462110547,0.0,13,-4.323034773657379
39,0.3333333333333333,0.640437462110547,0.0,14,-4.27661212199815
39,0.3333333333333333,0.640437462110547,0.0,15,-3.5882617664910867
39,0.3333333333333333,0.640437462110547,0.0,16,-3.5675432704247045
39,0.3333333333333333,0.640437462110547,0.0,17,-1.4421894875672352
39,0.3333333333333333,0.640437462110547,0.0,18,-1.2977972613268063
39,0.3333333333333333,0.640437462110547,0.0,19,0.423879521750565
39,0.3333333333333333,0.640437462110547,0.0,20,0.4246554936372865
39,0.3333333333333333,0.640437462110547,0.0,21,1.510884822284824
39,0.3333333333333333,0.640437462110547,0.0,22,1.540500973904922
39,0.3333333333333333,0.640437462110547,0.0,23,1.9712058840263535
39,0.3333333333333333,0.640437462110547,0.0,24,2.1134081127787328
39,0.3333333333333333,0.640437462110547,0.0,25,3.377936505538961
39,0.3333333333333333,0.640437462110547,0.0,26,3.4579339027951352
40,0.3333333333333333,0.6535520643886068,0.0,1,-13.282318446677024
40,0.3333333333333333,0.6535520643886068,0.0,2,-13.25084944861252
40,0.3333333333333333,0.6535520643886068,0.0,3,-13.173141904039436
40,0.3333333333333333,0.6535520643886068,0.0,4,-13.16970920861742
40,0.3333333333333333,0.6535520643886068,0.0,5,-6.664054558942537
40,0.3333333333333333,0.6535520643886068,0.0,6,-6.656918429293242
40,0.3333333333333333,0.6535520643886068,0.0,7,-5.942744670952321
40,0.3333333333333333,0.6535520643886068,0.0,8,-5.90829555719815
40,0.3333333333333333,0.6535520643886068,0.0,9,-5.381834325139619
40,0.3333333333333333,0.6535520643886068,0.0,10,-5.350451130973843
40,0.3333333333333333,0.6535520643886068,0.0,11,-4.869293958909289
40,0.3333333333333333,0.6535520643886068,0.0,12,-4.862762213585725
40,0.3333333333333333,0.6535520643886068,0.0,13,-4.309740377904571
40,0.3333333333333333,0.6535520643886068,0.0,14,-4.261316958459773
40,0.3333333333333333,0.6535520643886068,0.0,15,-3.6072373576772176
40,0.3333333333333333,0.6535520643886068,0.0,16,-3.584253227564021
40,0.3333333333333333,0.6535520643886068,0.0,17,-1.427113832603252
40,0.3333333333333333,0.6535520643886068,0.0,18,-1.280710335832142
40,0.3333333333333333,0.6535520643886068,0.0,19,0.40530824409820393
40,0.3333333333333333,0.6535520643886068,0.0,20,0.4067503427583599
40,0.3333333333333333,0.6535520643886068,0.0,21,1.5024897424825299
40,0.3333333333333333,0.6535520643886068,0.0,22,1.532872013271231
40,0.3333333333333333,0.6535520643886068,0.0,23,1.989175237060857
40,0.3333333333333333,0.6535520643886068,0.0,24,2.131935080047185
40,0.3333333333333333,0.6535520643886068,0.0,25,3.3896479699612567
40,0.3333333333333333,0.6535520643886068,0.0,26,3.470393291576802
41,0.3333333333333333,0.6666666666666666,0.0,1,-13.28037849752656
41,0.3333333333333333,0.6666666666666666,0.0,2,-13.248819602710622
41,0.3333333333333333,0.6666666666666666,0.0,3,-13.17194179212522
41,0.3333333333333333,0.6666666666666666,0.0,4,-13.168502970535005
41,0.3333333333333333,0.6666666666666666,0.0,5,-6.667616560288955
41,0.3333333333333333,0.6666666666666666,0.0,6,-6.660501673330588
41,0.3333333333333333,0.6666666666666666,0.0,7,-5.92275782129222
41,0.3333333333333333,0.6666666666666666,0.0,8,-5.887509510950487
41,0.3333333333333333,0.6666666666666666,0.0,9,-5.4023091133035726
41,0.3333333333333333,0.6666666666666666,0.0,10,-5.370968289220751
41,0.3333333333333333,0.6666666666666666,0.0,11,-4.874935347814982
41,0.3333333333333333,0.6666666666666666,0.0,12,-4.867614473538417
41,0.3333333333333333,0.6666666666666666,0.0,13,-4.305112281362413
41,0.3333333333333333,0.6666666666666666,0.0,14,-4.255947697171868
41,0.3333333333333333,0.6666666666666666,0.0,15,-3.613837901898603
41,0.3333333333333333,0.6666666666666666,0.0,16,-3.5900257562457316
41,0.3333333333333333,0.6666666666666666,0.0,17,-1.4219836018486975
41,0.3333333333333333,0.6666666666666666,0.0,18,-1.2748738807284172
41,0.3333333333333333,0.6666666666666666,0.0,19,0.3986764826392859
41,0.3333333333333333,0.6666666666666666,0.0,20,0.40089496052770146
41,0.3333333333333333,0.6666666666666666,0.0,21,1.4996648129973205
41,0.3333333333333333,0.6666666666666666,0.0,22,1.5302958681237422
41,0.3333333333333333,0.6666666666666666,0.0,23,1.9952335781311867
41,0.3333333333333333,0.6666666666666666,0.0,24,2.1381721090117303
41,0.3333333333333333,0.6666666666666666,0.0,25,3.3935897793612435
41,0.3333333333333333,0.6666666666666666,0.0,26,3.4746052164353705
42,0.3333333333333333,0.6797812689447265,0.0,1,-13.28231859082883
42,0.3333333333333333,0.6797812689447265,0.0,2,-13.250849591116282
42,0.3333333333333333,0.6797812689447265,0.0,3,-13.173141659944466
42,0.3333333333333333,0.6797812689447265,0.0,4,-13.169708964337051
42,0.3333333333333333,0.6797812689447265,0.0,5,-6.664055141653968
42,0.3333333333333333,0.6797812689447265,0.0,6,-6.656919012588121
42,0.3333333333333333,0.6797812689447265,0.0,7,-5.942744797104487
42,0.3333333333333333,0.6797812689447265,0.0,8,-5.9082957065848545
42,0.3333333333333333,0.6797812689447265,0.0,9,-5.381833740420513
42,0.3333333333333333,0.6797812689447265,0.0,10,-5.350450455599292
42,0.3333333333333333,0.6797812689447265,0.0,11,-4.869294637389851
42,0.3333333333333333,0.6797812689447265,0.0,12,-4.8627628175371544
42,0.3333333333333333,0.6797812689447265,0.0,13,-4.309740761743043
42,0.3333333333333333,0.6797812689447265,0.0,14,-4.261317417404326
42,0.3333333333333333,0.6797812689447265,0.0,15,-3.6072364801615544
42,0.3333333333333333,0.6797812689447265,0.0,16,-3.5842524186605313
42,0.3333333333333333,0.6797812689447265,0.0,17,-1.4271142655682987
42,0.3333333333333333,0.6797812689447265,0.0,18,-1.2807108111327867
42,0.3333333333333333,0.6797812689447265,0.0,19,0.40530875854931775
42,0.3333333333333333,0.6797812689447265,0.0,20,0.40675081644312644
42,0.3333333333333333,0.6797812689447265,0.0,21,1.5024894578045331
42,0.3333333333333333,0.6797812689447265,0.0,22,1.5328717294653884
42,0.3333333333333333,0.6797812689447265,0.0,23,1.9891754455942299
42,0.3333333333333333,0.6797812689447265,0.0,24,2.1319352921707813
42,0.3333333333333333,0.6797812689447265,0.0,25,3.38964882797152
42,0.3333333333333333,0.6797812689447265,0.0,26,3.4703934914713797
43,0.3333333333333333,0.6928958712227863,0.0,1,-13.28812692991223
43,0.3333333333333333,0.6928958712227863,0.0,2,-13.256927302940436
43,0.3333333333333333,0.6928958712227863,0.0,3,-13.17675324463843
43,0.3333333333333333,0.6928958712227863,0.0,4,-13.173338761754732
43,0.3333333333333333,0.6928958712227863,0.0,5,-6.6534276306206
43,0.3333333333333333,0.6928958712227863,0.0,6,-6.646229626837052
43,0.3333333333333333,0.6928958712227863,0.0,7,-5.994101332279286
43,0.3333333333333333,0.6928958712227863,0.0,8,-5.961529707828688
43,0.3333333333333333,0.6928958712227863,0.0,9,-5.330456902973437
43,0.3333333333333333,0.6928958712227863,0.0,10,-5.2997580449529025
43,0.3333333333333333,0.6928958712227863,0.0,11,-4.850729842432247
43,0.3333333333333333,0.6928958712227863,0.0,12,-4.846867238480955
43,0.3333333333333333,0.6928958712227863,0.0,13,-4.323035470088665
43,0.3333333333333333,0.6928958712227863,0.0,14,-4.276612947170702
43,0.3333333333333333,0.6928958712227863,0.0,15,-3.588260094950229
43,0.3333333333333333,0.6928958712227863,0.0,16,-3.5675417147243644
43,0.3333333333333333,0.6928958712227863,0.0,17,-1.4421903627046384
43,0.3333333333333333,0.6928958712227863,0.0,18,-1.2977982127463266
43,0.3333333333333333,0.6928958712227863,0.0,19,0.4238804112568338
43,0.3333333333333333,0.6928958712227863,0.0,20,0.42465645665349466
43,0.3333333333333333,0.6928958712227863,0.0,21,1.5108842742907296
43,0.3333333333333333,0.6928958712227863,0.0,22,1.5405004202930166
43,0.3333333333333333,0.6928958712227863,0.0,23,1.971206498223411
43,0.3333333333333333,0.6928958712227863,0.0,24,2.1134086498222135
43,0.3333333333333333,0.6928958712227863,0.0,25,3.3779047305699894
43,0.3333333333333333,0.6928958712227863,0.0,26,3.4578379826359447
44,0.3333333333333333,0.7060104735008461,0.0,1,-13.297751058849961
44,0.3333333333333333,0.7060104735008461,0.0,2,-13.266997268173213
44,0.3333333333333333,0.7060104735008461,0.0,3,-13.18271373074857
44,0.3333333333333333,0.7060104735008461,0.0,4,-13.179330728719046
44,0.3333333333333333,0.7060104735008461,0.0,5,-6.635849956804529
44,0.3333333333333333,0.7060104735008461,0.0,6,-6.6285499323432235
44,0.3333333333333333,0.7060104735008461,0.0,7,-6.061812999018709
44,0.3333333333333333,0.7060104735008461,0.0,8,-6.03150026886764
44,0.3333333333333333,0.7060104735008461,0.0,9,-5.267409711552092
44,0.3333333333333333,0.7060104735008461,0.0,10,-5.239500134098356
44,0.3333333333333333,0.7060104735008461,0.0,11,-4.815883841255426
44,0.3333333333333333,0.7060104735008461,0.0,12,-4.81448394762543
44,0.3333333333333333,0.7060104735008461,0.0,13,-4.343426501773688
44,0.3333333333333333,0.7060104735008461,0.0,14,-4.299738612503064
44,0.3333333333333333,0.7060104735008461,0.0,15,-3.558967452048767
44,0.3333333333333333,0.7060104735008461,0.0,16,-3.5414509331082753
44,0.3333333333333333,0.7060104735008461,0.0,17,-1.4661536013060716
44,0.3333333333333333,0.7060104735008461,0.0,18,-1.3248120670442083
44,0.3333333333333333,0.7060104735008461,0.0,19,0.4510148796068914
44,0.3333333333333333,0.7060104735008461,0.0,20,0.4551506948290262
44,0.3333333333333333,0.7060104735008461,0.0,21,1.524724740124283
44,0.3333333333333333,0.7060104735008461,0.0,22,1.5529828051346746
44,0.3333333333333333,0.7060104735008461,0.0,23,1.9420137675635105
44,0.3333333333333333,0.7060104735008461,0.0,24,2.0831855144098803
44,0.3333333333333333,0.7060104735008461,0.0,25,3.358694690819778
44,0.3333333333333333,0.7060104735008461,0.0,26,3.4372627055215768
45,0.3333333333333333,0.7191250757789059,0.0,1,-13.311115956606407
45,0.3333333333333333,0.7191250757789059,0.0,2,-13.280979839388543
45,0.3333333333333333,0.7191250757789059,0.0,3,-13.190954758660085
45,0.3333333333333333,0.7191250757789059,0.0,4,-13.187617600954127
45,0.3333333333333333,0.7191250757789059,0.0,5,-6.611543474445855
45,0.3333333333333333,0.7191250757789059,0.0,6,-6.604104327424987
45,0.3333333333333333,0.7191250757789059,0.0,7,-6.135404859409626
45,0.3333333333333333,0.7191250757789059,0.0,8,-6.107439618676471
45,0.3333333333333333,0.7191250757789059,0.0,9,-5.2091017602381315
45,0.3333333333333333,0.7191250757789059,0.0,10,-5.186516248493148
45,0.3333333333333333,0.7191250757789059,0.0,11,-4.76422641653025
45,0.3333333333333333,0.7191250757789059,0.0,12,-4.754755156005985
45,0.3333333333333333,0.7191250757789059,0.0,13,-4.368865986521207
45,0.3333333333333333,0.7191250757789059,0.0,14,-4.328071245421624
45,0.3333333333333333,0.7191250757789059,0.0,15,-3.5219283708447877
45,0.3333333333333333,0.7191250757789059,0.0,16,-3.508037614022424
45,0.3333333333333333,0.7191250757789059,0.0,17,-1.4975010180625639
45,0.3333333333333333,0.7191250757789059,0.0,18,-1.3599021739058152
45,0.3333333333333333,0.7191250757789059,0.0,19,0.48626317694365173
45,0.3333333333333333,0.7191250757789059,0.0,20,0.49449751058375263
45,0.3333333333333333,0.7191250757789059,0.0,21,1.543760699863188
45,0.3333333333333333,0.7191250757789059,0.0,22,1.5698950946633063
45,0.3333333333333333,0.7191250757789059,0.0,23,1.9027421213981943
45,0.3333333333333333,0.7191250757789059,0.0,24,2.0422044042384107
45,0.3333333333333333,0.7191250757789059,0.0,25,3.3325341553296663
45,0.3333333333333333,0.7191250757789059,0.0,26,3.4091699154330986
46,0.3484767716444387,0.6217799767099801,0.0,1,-13.30998283948194
46,0.3484767716444387,0.6217799767099801,0.0,2,-13.279929800299094
46,0.3484767716444387,0.6217799767099801,0.0,3,-13.190823410431129
46,0.3484767716444387,0.6217799767099801,0.0,4,-13.187500239092472
46,0.3484767716444387,0.6217799767099801,0.0,5,-6.611667565900655
46,0.3484767716444387,0.6217799767099801,0.0,6,-6.604256317714247
46,0.3484767716444387,0.6217799767099801,0.0,7,-6.153893109756879
46,0.3484767716444387,0.6217799767099801,0.0,8,-6.125219854654863
46,0.3484767716444387,0.6217799767099801,0.0,9,-5.223677977046529
46,0.3484767716444387,0.6217799767099801,0.0,10,-5.205808709111242
46,0.3484767716444387,0.6217799767099801,0.0,11,-4.72817134290856
46,0.3484767716444387,0.6217799767099801,0.0,12,-4.714423242771748
46,0.3484767716444387,0.6217799767099801,0.0,13,-4.367056501450298
46,0.3484767716444387,0.6217799767099801,0.0,14,-4.326174516446032
46,0.3484767716444387,0.6217799767099801,0.0,15,-3.5251572971844207
46,0.3484767716444387,0.6217799767099801,0.0,16,-3.5113334426095553
46,0.3484767716444387,0.6217799767099801,0.0,17,-1.4952584418926842
46,0.3484767716444387,0.6217799767099801,0.0,18,-1.3578525804113841
46,0.3484767716444387,0.6217799767099801,0.0,19,0.48845445407180293
46,0.3484767716444387,0.6217799767099801,0.0,20,0.49740259393534375
46,0.3484767716444387,0.6217799767099801,0.0,21,1.5533238164000087
46,0.3484767716444387,0.6217799767099801,0.0,22,1.5794957393561637
46,0.3484767716444387,0.6217799767099801,0.0,23,1.9038468870986862
46,0.3484767716444387,0.6217799767099801,0.0,24,2.0437927461555905
46,0.3484767716444387,0.6217799767099801,0.0,25,3.325194459918494
46,0.3484767716444387,0.6217799767099801,0.0,26,3.401789922029999
47,0.3484767716444387,0.6348945789880398,0.0,1,-13.29797677601454
47,0.3484767716444387,0.6348945789880398,0.0,2,-13.26730900395432
47,0.3484767716444387,0.6348945789880398,0.0,3,-13.18317744450724
47,0.3484767716444387,0.6348945789880398,0.0,4,-13.17980526650054
47,0.3484767716444387,0.6348945789880398,0.0,5,-6.634335759850864
47,0.3484767716444387,0.6348945789880398,0.0,6,-6.627042670411085
47,0.3484767716444387,0.6348945789880398,0.0,7,-6.07920389434832
47,0.3484767716444387,0.6348945789880398,0.0,8,-6.048530282590617
47,0.3484767716444387,0.6348945789880398,0.0,9,-5.269346275994078
47,0.3484767716444387,0.6348945789880398,0.0,10,-5.245299212120346
47,0.3484767716444387,0.6348945789880398,0.0,11,-4.792532606523777
47,0.3484767716444387,0.6348945789880398,0.0,12,-4.78749134977751
47,0.3484767716444387,0.6348945789880398,0.0,13,-4.34411222866722
47,0.3484767716444387,0.6348945789880398,0.0,14,-4.3006128766648635
47,0.3484767716444387,0.6348945789880398,0.0,15,-3.5583250406103417
47,0.3484767716444387,0.6348945789880398,0.0,16,-3.541096896888594
47,0.3484767716444387,0.6348945789880398,0.0,17,-1.466960676234231
47,0.3484767716444387,0.6348945789880398,0.0,18,-1.3259912610344242
47,0.3484767716444387,0.6348945789880398,0.0,19,0.4546096787568327
47,0.3484767716444387,0.6348945789880398,0.0,20,0.4594296069056812
47,0.3484767716444387,0.6348945789880398,0.0,21,1.531291891766125
47,0.3484767716444387,0.6348945789880398,0.0,22,1.5594752900685755
47,0.3484767716444387,0.6348945789880398,0.0,23,1.940094332701516
47,0.3484767716444387,0.6348945789880398,0.0,24,2.081476733573659
47,0.3484767716444387,0.6348945789880398,0.0,25,3.3528380946759384
47,0.3484767716444387,0.6348945789880398,0.0,26,3.4312447350381268
48,0.3484767716444387,0.6480091812660997,0.0,1,-13.28933523737783
48,0.3484767716444387,0.6480091812660997,0.0,2,-13.258223788829465
48,0.3484767716444387,0.6480091812660997,0.0,3,-13.177644812079297
48,0.3484767716444387,0.6480091812660997,0.0,4,-13.174238533412018
48,0.3484767716444387,0.6480091812660997,0.0,5,-6.650735991510571
48,0.3484767716444387,0.6480091812660997,0.0,6,-6.643528993819563
48,0.3484767716444387,0.6480091812660997,0.0,7,-6.011700388085165
48,0.3484767716444387,0.6480091812660997,0.0,8,-5.979225211889018
48,0.3484767716444387,0.6480091812660997,0.0,9,-5.3208944794368245
48,0.3484767716444387,0.6480091812660997,0.0,10,-5.292274869828361
48,0.3484767716444387,0.6480091812660997,0.0,11,-4.835674011587933
48,0.3484767716444387,0.6480091812660997,0.0,12,-4.8340606144063845
48,0.3484767716444387,0.6480091812660997,0.0,13,-4.325835675811334
48,0.3484767716444387,0.6480091812660997,0.0,14,-4.279867288602018
48,0.3484767716444387,0.6480091812660997,0.0,15,-3.5844034039949344
48,0.3484767716444387,0.6480091812660997,0.0,16,-3.564226839444284
48,0.3484767716444387,0.6480091812660997,0.0,17,-1.4454036211268244
48,0.3484767716444387,0.6480091812660997,0.0,18,-1.3015548375690336
48,0.3484767716444387,0.6480091812660997,0.0,19,0.42868528063595956
48,0.3484767716444387,0.6480091812660997,0.0,20,0.4301751880562485
48,0.3484767716444387,0.6480091812660997,0.0,21,1.5152963858143833
48,0.3484767716444387,0.6480091812660997,0.0,22,1.5447402087638773
48,0.3484767716444387,0.6480091812660997,0.0,23,1.9669618992708209
48,0.3484767716444387,0.6480091812660997,0.0,24,2.1091556154498527
48,0.3484767716444387,0.6480091812660997,0.0,25,3.373140087986269
48,0.3484767716444387,0.6480091812660997,0.0,26,3.4528640289765193
49,0.3484767716444387,0.6611237835441596,0.0,1,-13.284126826860724
49,0.3484767716444387,0.6611237835441596,0.0,2,-13.25274753484318
49,0.3484767716444387,0.6611237835441596,0.0,3,-13.174295370986005
49,0.3484767716444387,0.6611237835441596,0.0,4,-13.170869040245805
49,0.3484767716444387,0.6611237835441596,0.0,5,-6.6606585389832205
49,0.3484767716444387,0.6611237835441596,0.0,6,-6.653503888881742
49,0.3484767716444387,0.6611237835441596,0.0,7,-5.96162190317869
49,0.3484767716444387,0.6611237835441596,0.0,8,-5.92777163372055
49,0.3484767716444387,0.6611237835441596,0.0,9,-5.364074585033864
49,0.3484767716444387,0.6611237835441596,0.0,10,-5.333137162457101
49,0.3484767716444387,0.6611237835441596,0.0,11,-4.861872726864743
49,0.3484767716444387,0.6611237835441596,0.0,12,-4.856425859419534
49,0.3484767716444387,0.6611237835441596,0.0,13,-4.313992177909471
49,0.3484767716444387,0.6611237835441596,0.0,14,-4.26623999413718
49,0.3484767716444387,0.6611237835441596,0.0,15,-3.601205180654867
49,0.3484767716444387,0.6611237835441596,0.0,16,-3.5789785550128346
49,0.3484767716444387,0.6611237835441596,0.0,17,-1.4318873104495644
49,0.3484767716444387,0.6611237835441596,0.0,18,-1.286151414616958
49,0.3484767716444387,0.6611237835441596,0.0,19,0.4117008884408849
49,0.3484767716444387,0.6611237835441596,0.0,20,0.41238540797533707
49,0.3484767716444387,0.6611237835441596,0.0,21,1.5055888213455972
49,0.3484767716444387,0.6611237835441596,0.0,22,1.5357360322303615
49,0.3484767716444387,0.6611237835441596,0.0,23,1.9834550954700831
49,0.3484767716444387,0.6611237835441596,0.0,24,2.126068460383341
49,0.3484767716444387,0.6611237835441596,0.0,25,3.385553059274566
49,0.3484767716444387,0.6611237835441596,0.0,26,3.466036727619844
50,0.3484767716444387,0.6742383858222194,0.0,1,-13.28238257308285
50,0.3484767716444387,0.6742383858222194,0.0,2,-13.250913672389025
50,0.3484767716444387,0.6742383858222194,0.0,3,-13.173171697192323
50,0.3484767716444387,0.6742383858222194,0.0,4,-13.169738786449063
50,0.3484767716444387,0.6742383858222194,0.0,5,-6.663979667938752
50,0.3484767716444387,0.6742383858222194,0.0,6,-6.656842560163583
50,0.3484767716444387,0.6742383858222194,0.0,7,-5.942485656762554
50,0.3484767716444387,0.6742383858222194,0.0,8,-5.908090188687185
50,0.3484767716444387,0.6742383858222194,0.0,9,-5.381417449240994
50,0.3484767716444387,0.6742383858222194,0.0,10,-5.349860469847789
50,0.3484767716444387,0.6742383858222194,0.0,11,-4.870048032056532
50,0.3484767716444387,0.6742383858222194,0.0,12,-4.863393144176004
50,0.3484767716444387,0.6742383858222194,0.0,13,-4.309881040734065
50,0.3484767716444387,0.6742383858222194,0.0,14,-4.261473882958794
50,0.3484767716444387,0.6742383858222194,0.0,15,-3.6070207370999174
50,0.3484767716444387,0.6742383858222194,0.0,16,-3.584053369996454
50,0.3484767716444387,0.6742383858222194,0.0,17,-1.4272696831996696
50,0.3484767716444387,0.6742383858222194,0.0,18,-1.2808762669930012
50,0.3484767716444387,0.6742383858222194,0.0,19,0.4053856850580952
50,0.3484767716444387,0.6742383858222194,0.0,20,0.40682752784113413
50,0.3484767716444387,0.6742383858222194,0.0,21,1.5023429298761695
50,0.3484767716444387,0.6742383858222194,0.0,22,1.5327169152870481
50,0.3484767716444387,0.6742383858222194,0.0,23,1.989023508161472
50,0.3484767716444387,0.6742383858222194,0.0,24,2.1317657163286476
50,0.3484767716444387,0.6742383858222194,0.0,25,3.3897289049410295
50,0.3484767716444387,0.6742383858222194,0.0,26,3.4704700890322666
51,0.3484767716444387,0.6873529881002792,0.0,1,-13.284126976633916
51,0.3484767716444387,0.6873529881002792,0.0,2,-13.252747685053647
51,0.3484767716444387,0.6873529881002792,0.0,3,-13.174295125777675
51,0.3484767716444387,0.6873529881002792,0.0,4,-13.170868794451644
51,0.3484767716444387,0.6873529881002792,0.0,5,-6.6606591243333835
51,0.3484767716444387,0.6873529881002792,0.0,6,-6.653504475953413
51,0.3484767716444387,0.6873529881002792,0.0,7,-5.9616218150188995
51,0.3484767716444387,0.6873529881002792,0.0,8,-5.927771561360858
51,0.3484767716444387,0.6873529881002792,0.0,9,-5.364074415182957
51,0.3484767716444387,0.6873529881002792,0.0,10,-5.3331369360109395
51,0.3484767716444387,0.6873529881002792,0.0,11,-4.861873171575971
51,0.3484767716444387,0.6873529881002792,0.0,12,-4.856426253946588
51,0.3484767716444387,0.6873529881002792,0.0,13,-4.3139926109352595
51,0.3484767716444387,0.6873529881002792,0.0,14,-4.266240505322694
51,0.3484767716444387,0.6873529881002792,0.0,15,-3.6012042513821485
51,0.3484767716444387,0.6873529881002792,0.0,16,-3.5789776997547715
51,0.3484767716444387,0.6873529881002792,0.0,17,-1.4318876982758377
51,0.3484767716444387,0.6873529881002792,0.0,18,-1.286151843061878
51,0.3484767716444387,0.6873529881002792,0.0,19,0.4117013912939971
51,0.3484767716444387,0.6873529881002792,0.0,20,0.41238587112387026
51,0.3484767716444387,0.6873529881002792,0.0,21,1.5055885455917357
51,0.3484767716444387,0.6873529881002792,0.0,22,1.535735753537426
51,0.3484767716444387,0.6873529881002792,0.0,23,1.9834552413728033
51,0.3484767716444387,0.6873529881002792,0.0,24,2.1260686260083994
51,0.3484767716444387,0.6873529881002792,0.0,25,3.385553285208139
51,0.3484767716444387,0.6873529881002792,0.0,26,3.466035500600031
52,0.3484767716444387,0.7004675903783391,0.0,1,-13.289335525000915
52,0.3484767716444387,0.7004675903783391,0.0,2,-13.25822407423685
52,0.3484767716444387,0.7004675903783391,0.0,3,-13.177644316107564
52,0.3484767716444387,0.7004675903783391,0.0,4,-13.174238037572028
52,0.3484767716444387,0.7004675903783391,0.0,5,-6.650737162086245
52,0.3484767716444387,0.7004675903783391,0.0,6,-6.64353016686138
52,0.3484767716444387,0.7004675903783391,0.0,7,-6.011700226882362
52,0.3484767716444387,0.7004675903783391,0.0,8,-5.979225072448425
52,0.3484767716444387,0.7004675903783391,0.0,9,-5.320894230938767
52,0.3484767716444387,0.7004675903783391,0.0,10,-5.292274531061737
52,0.3484767716444387,0.7004675903783391,0.0,11,-4.835674816241608
52,0.3484767716444387,0.7004675903783391,0.0,12,-4.834061334850194
52,0.3484767716444387,0.7004675903783391,0.0,13,-4.325836496990587
52,0.3484767716444387,0.7004675903783391,0.0,14,-4.2798682459516515
52,0.3484767716444387,0.7004675903783391,0.0,15,-3.584401613864901
52,0.3484767716444387,0.7004675903783391,0.0,16,-3.5642251791161614
52,0.3484767716444387,0.7004675903783391,0.0,17,-1.445404420854128
52,0.3484767716444387,0.7004675903783391,0.0,18,-1.3015557101699862
52,0.3484767716444387,0.7004675903783391,0.0,19,0.42868615767583473
52,0.3484767716444387,0.7004675903783391,0.0,20,0.4301761383990059
52,0.3484767716444387,0.7004675903783391,0.0,21,1.5152958264175993
52,0.3484767716444387,0.7004675903783391,0.0,22,1.5447396667100697
52,0.3484767716444387,0.7004675903783391,0.0,23,1.9669621437257692
52,0.3484767716444387,0.7004675903783391,0.0,24,2.1091559270089277
52,0.3484767716444387,0.7004675903783391,0.0,25,3.373142732975568
52,0.3484767716444387,0.7004675903783391,0.0,26,3.4528495534139703
53,0.3484767716444387,0.7135821926563989,0.0,1,-13.29797719935144
53,0.3484767716444387,0.7135821926563989,0.0,2,-13.267309426688954
53,0.3484767716444387,0.7135821926563989,0.0,3,-13.183176709625268
53,0.3484767716444387,0.7135821926563989,0.0,4,-13.179804530945482
53,0.3484767716444387,0.7135821926563989,0.0,5,-6.634337515891389
53,0.3484767716444387,0.7135821926563989,0.0,6,-6.627044429442467
53,0.3484767716444387,0.7135821926563989,0.0,7,-6.0792036303867025
53,0.3484767716444387,0.7135821926563989,0.0,8,-6.048530039161605
53,0.3484767716444387,0.7135821926563989,0.0,9,-5.269346107882702
53,0.3484767716444387,0.7135821926563989,0.0,10,-5.2452989579648115
53,0.3484767716444387,0.7135821926563989,0.0,11,-4.792533506491623
53,0.3484767716444387,0.7135821926563989,0.0,12,-4.787492337693642
53,0.3484767716444387,0.7135821926563989,0.0,13,-4.344113340278378
53,0.3484767716444387,0.7135821926563989,0.0,14,-4.30061415678672
53,0.3484767716444387,0.7135821926563989,0.0,15,-3.5583225247169126
53,0.3484767716444387,0.7135821926563989,0.0,16,-3.541094536666826
53,0.3484767716444387,0.7135821926563989,0.0,17,-1.4669618397331745
53,0.3484767716444387,0.7135821926563989,0.0,18,-1.3259925184097638
53,0.3484767716444387,0.7135821926563989,0.0,19,0.45461092858727925
53,0.3484767716444387,0.7135821926563989,0.0,20,0.45943095301347825
53,0.3484767716444387,0.7135821926563989,0.0,21,1.531291089308949
53,0.3484767716444387,0.7135821926563989,0.0,22,1.5594745126489808
53,0.3484767716444387,0.7135821926563989,0.0,23,1.9400949154822849
53,0.3484767716444387,0.7135821926563989,0.0,24,2.0814772648471984
53,0.3484767716444387,0.7135821926563989,0.0,25,3.352834828527651
53,0.3484767716444387,0.7135821926563989,0.0,26,3.431243666752144
54,0.3484767716444387,0.7266967949344587,0.0,1,-13.30998339548319
54,0.3484767716444387,0.7266967949344587,0.0,2,-13.279930354645899
54,0.3484767716444387,0.7266967949344587,0.0,3,-13.190822446729904
54,0.3484767716444387,0.7266967949344587,0.0,4,-13.187499275156435
54,0.3484767716444387,0.7266967949344587,0.0,5,-6.611669891751668
54,0.3484767716444387,0.7266967949344587,0.0,6,-6.604258648575267
54,0.3484767716444387,0.7266967949344587,0.0,7,-6.153892768298014
54,0.3484767716444387,0.7266967949344587,0.0,8,-6.125219530324091
54,0.3484767716444387,0.7266967949344587,0.0,9,-5.223678092836107
54,0.3484767716444387,0.7266967949344587,0.0,10,-5.205808765805778
54,0.3484767716444387,0.7266967949344587,0.0,11,-4.728172228829092
54,0.3484767716444387,0.7266967949344587,0.0,12,-4.714424199352611
54,0.3484767716444387,0.7266967949344587,0.0,13,-4.3670577955285514
54,0.3484767716444387,0.7266967949344587,0.0,14,-4.32617598711736
54,0.3484767716444387,0.7266967949344587,0.0,15,-3.5251542071058966
54,0.3484767716444387,0.7266967949344587,0.0,16,-3.5113305057040707
54,0.3484767716444387,0.7266967949344587,0.0,17,-1.4952599123271693
54,0.3484767716444387,0.7266967949344587,0.0,18,-1.3578541516013254
54,0.3484767716444387,0.7266967949344587,0.0,19,0.48845599688453517
54,0.3484767716444387,0.7266967949344587,0.0,20,0.4974042405742985
54,0.3484767716444387,0.7266967949344587,0.0,21,1.5533227757389323
54,0.3484767716444387,0.7266967949344587,0.0,22,1.579494726760513
54,0.3484767716444387,0.7266967949344587,0.0,23,1.9038476795458177
54,0.3484767716444387,0.7266967949344587,0.0,24,2.043793614844456
54,0.3484767716444387,0.7266967949344587,0.0,25,3.3251873714931017
54,0.3484767716444387,0.7266967949344587,0.0,26,3.401770110614237
55,0.3636202099555442,0.6293516958655327,0.0,1,-13.31304169834668
55,0.3636202099555442,0.6293516958655327,0.0,2,-13.28324708025041
55,0.3636202099555442,0.6293516958655327,0.0,3,-13.193180619670965
55,0.3636202099555442,0.6293516958655327,0.0,4,-13.189883698823255
55,0.3636202099555442,0.6293516958655327,0.0,5,-6.604481510542405
55,0.3636202099555442,0.6293516958655327,0.0,6,-6.597051725491237
55,0.3636202099555442,0.6293516958655327,0.0,7,-6.187353061649268
55,0.3636202099555442,0.6293516958655327,0.0,8,-6.1588262287430595
55,0.3636202099555442,0.6293516958655327,0.0,9,-5.2225304425396635
55,0.3636202099555442,0.6293516958655327,0.0,10,-5.208854319524994
55,0.3636202099555442,0.6293516958655327,0.0,11,-4.682371690580916
55,0.3636202099555442,0.6293516958655327,0.0,12,-4.663827915503256
55,0.3636202099555442,0.6293516958655327,0.0,13,-4.372647023186275
55,0.3636202099555442,0.6293516958655327,0.0,14,-4.332330156286712
55,0.3636202099555442,0.6293516958655327,0.0,15,-3.5173900350098624
55,0.3636202099555442,0.6293516958655327,0.0,16,-3.504583663482653
55,0.3636202099555442,0.6293516958655327,0.0,17,-1.502402351750561
55,0.3636202099555442,0.6293516958655327,0.0,18,-1.366191544239853
55,0.3636202099555442,0.6293516958655327,0.0,19,0.5004462480027656
55,0.3636202099555442,0.6293516958655327,0.0,20,0.5111351067667131
55,0.3636202099555442,0.6293516958655327,0.0,21,1.567295040180941
55,0.3636202099555442,0.6293516958655327,0.0,22,1.5927349700577562
55,0.3636202099555442,0.6293516958655327,0.0,23,1.8932520108911095
55,0.3636202099555442,0.6293516958655327,0.0,24,2.032959065791662
55,0.3636202099555442,0.6293516958655327,0.0,25,3.311102891911222
55,0.3636202099555442,0.6293516958655327,0.0,26,3.387028919520054
56,0.3636202099555442,0.6424662981435926,0.0,1,-13.302423676462896
56,0.3636202099555442,0.6424662981435926,0.0,2,-13.272019195714117
56,0.3636202099555442,0.6424662981435926,0.0,3,-13.186160123142988
56,0.3636202099555442,0.6424662981435926,0.0,4,-13.18281064346161
56,0.3636202099555442,0.6424662981435926,0.0,5,-6.625414402172128
56,0.3636202099555442,0.6424662981435926,0.0,6,-6.6180815385776945
56,0.3636202099555442,0.6424662981435926,0.0,7,-6.11571121025597
56,0.3636202099555442,0.6424662981435926,0.0,8,-6.085680435701004
56,0.3636202099555442,0.6424662981435926,0.0,9,-5.251565088142208
56,0.3636202099555442,0.6424662981435926,0.0,10,-5.231303745076229
56,0.3636202099555442,0.6424662981435926,0.0,11,-4.759099983543129
56,0.3636202099555442,0.6424662981435926,0.0,12,-4.7493847818609645
56,0.3636202099555442,0.6424662981435926,0.0,13,-4.353008968598774
56,0.3636202099555442,0.6424662981435926,0.0,14,-4.31062693635619
56,0.3636202099555442,0.6424662981435926,0.0,15,-3.5456906809581437
56,0.3636202099555442,0.6424662981435926,0.0,16,-3.5299013291988617
56,0.3636202099555442,0.6424662981435926,0.0,17,-1.4777603512611854
56,0.3636202099555442,0.6424662981435926,0.0,18,-1.3383016374574233
56,0.3636202099555442,0.6424662981435926,0.0,19,0.4687884759118654
56,0.3636202099555442,0.6424662981435926,0.0,20,0.47547990257921463
56,0.3636202099555442,0.6424662981435926,0.0,21,1.542405349853062
56,0.3636202099555442,0.6424662981435926,0.0,22,1.5698563192704427
56,0.3636202099555442,0.6424662981435926,0.0,23,1.9259459171372413
56,0.3636202099555442,0.6424662981435926,0.0,24,2.0669432553341105
56,0.3636202099555442,0.6424662981435926,0.0,25,3.3400026298912593
56,0.3636202099555442,0.6424662981435926,0.0,26,3.417675015929043
57,0.3636202099555442,0.6555809004216524,0.0,1,-13.294786678514821
57,0.3636202099555442,0.6555809004216524,0.0,2,-13.263942286273519
57,0.3636202099555442,0.6555809004216524,0.0,3,-13.181081253990993
57,0.3636202099555442,0.6555809004216524,0.0,4,-13.177694663631325
57,0.3636202099555442,0.6555809004216524,0.0,5,-6.640567277020017
57,0.3636202099555442,0.6555809004216524,0.0,6,-6.633304056502897
57,0.3636202099555442,0.6555809004216524,0.0,7,-6.053146704582047
57,0.3636202099555442,0.6555809004216524,0.0,8,-6.021929820010462
57,0.3636202099555442,0.6555809004216524,0.0,9,-5.28572146466765
57,0.3636202099555442,0.6555809004216524,0.0,10,-5.259294761831396
57,0.3636202099555442,0.6555809004216524,0.0,11,-4.812224274307048
57,0.3636202099555442,0.6555809004216524,0.0,12,-4.810239333222579
57,0.3636202099555442,0.6555809004216524,0.0,13,-4.337507596291746
57,0.3636202099555442,0.6555809004216524,0.0,14,-4.293135807673599
57,0.3636202099555442,0.6555809004216524,0.0,15,-3.567712326676639
57,0.3636202099555442,0.6555809004216524,0.0,16,-3.5494141102304324
57,0.3636202099555442,0.6555809004216524,0.0,17,-1.4590776553409646
57,0.3636202099555442,0.6555809004216524,0.0,18,-1.3170254334516152
57,0.3636202099555442,0.6555809004216524,0.0,19,0.44468530064991985
57,0.3636202099555442,0.6555809004216524,0.0,20,0.44820788956083946
57,0.3636202099555442,0.6555809004216524,0.0,21,1.5243331198401153
57,0.3636202099555442,0.6555809004216524,0.0,22,1.5530024832017737
57,0.3636202099555442,0.6555809004216524,0.0,23,1.9501501526765848
57,0.3636202099555442,0.6555809004216524,0.0,24,2.0918081363403482
57,0.3636202099555442,0.6555809004216524,0.0,25,3.361227247759767
57,0.3636202099555442,0.6555809004216524,0.0,26,3.440139750813466
58,0.3636202099555442,0.6686955026997122,0.0,1,-13.290186752876771
58,0.3636202099555442,0.6686955026997122,0.0,2,-13.259076821721601
58,0.3636202099555442,0.6686955026997122,0.0,3,-13.178005358711287
58,0.3636202099555442,0.6686955026997122,0.0,4,-13.174596745104694
58,0.3636202099555442,0.6686955026997122,0.0,5,-6.649742108591777
58,0.3636202099555442,0.6686955026997122,0.0,6,-6.642521265331489
58,0.3636202099555442,0.6686955026997122,0.0,7,-6.008622707326866
58,0.3636202099555442,0.6686955026997122,0.0,8,-5.976643097792143
58,0.3636202099555442,0.6686955026997122,0.0,9,-5.315008142118808
58,0.3636202099555442,0.6686955026997122,0.0,10,-5.28442485974996
58,0.3636202099555442,0.6686955026997122,0.0,11,-4.84553315879973
58,0.3636202099555442,0.6686955026997122,0.0,12,-4.842410837714908
58,0.3636202099555442,0.6686955026997122,0.0,13,-4.327542240918802
58,0.3636202099555442,0.6686955026997122,0.0,14,-4.281747486423033
58,0.3636202099555442,0.6686955026997122,0.0,15,-3.581777066665984
58,0.3636202099555442,0.6686955026997122,0.0,16,-3.561777967141093
58,0.3636202099555442,0.6686955026997122,0.0,17,-1.447398409939654
58,0.3636202099555442,0.6686955026997122,0.0,18,-1.3036625725623128
58,0.3636202099555442,0.6686955026997122,0.0,19,0.4295829702024677
58,0.3636202099555442,0.6686955026997122,0.0,20,0.43106119658088715
58,0.3636202099555442,0.6686955026997122,0.0,21,1.513375367453238
58,0.3636202099555442,0.6686955026997122,0.0,22,1.5427120045213436
58,0.3636202099555442,0.6686955026997122,0.0,23,1.9649921888461819
58,0.3636202099555442,0.6686955026997122,0.0,24,2.1069645928938896
58,0.3636202099555442,0.6686955026997122,0.0,25,3.3741974849450664
58,0.3636202099555442,0.6686955026997122,0.0,26,3.453845640158062
59,0.3636202099555442,0.6818101049777721,0.0,1,-13.288649464911973
59,0.3636202099555442,0.6818101049777721,0.0,2,-13.257450675675479
59,0.3636202099555442,0.6818101049777721,0.0,3,-13.176971711445304
59,0.3636202099555442,0.6818101049777721,0.0,4,-13.173555842059965
59,0.3636202099555442,0.6818101049777721,0.0,5,-6.6528118469247435
59,0.3636202099555442,0.6818101049777721,0.0,6,-6.645605028617257
59,0.3636202099555442,0.6818101049777721,0.0,7,-5.992166295003776
59,0.3636202099555442,0.6818101049777721,0.0,8,-5.95992456798598
59,0.3636202099555442,0.6818101049777721,0.0,9,-5.326806632261741
59,0.3636202099555442,0.6818101049777721,0.0,10,-5.294803250204196
59,0.3636202099555442,0.6818101049777721,0.0,11,-4.856929120264755
59,0.3636202099555442,0.6818101049777721,0.0,12,-4.852067161437886
59,0.3636202099555442,0.6818101049777721,0.0,13,-4.3240986459881965
59,0.3636202099555442,0.6818101049777721,0.0,14,-4.277786689561013
59,0.3636202099555442,0.6818101049777721,0.0,15,-3.5866204781701816
59,0.3636202099555442,0.6818101049777721,0.0,16,-3.5660159236626905
59,0.3636202099555442,0.6818101049777721,0.0,17,-1.4434187881547866
59,0.3636202099555442,0.6818101049777721,0.0,18,-1.2990986229896593
59,0.3636202099555442,0.6818101049777721,0.0,19,0.42444281795964367
59,0.3636202099555442,0.6818101049777721,0.0,20,0.42521357157246176
59,0.3636202099555442,0.6818101049777721,0.0,21,1.5097109717187465
59,0.3636202099555442,0.6818101049777721,0.0,22,1.5392608392598288
59,0.3636202099555442,0.6818101049777721,0.0,23,1.9699922296119694
59,0.3636202099555442,0.6818101049777721,0.0,24,2.112057584569496
59,0.3636202099555442,0.6818101049777721,0.0,25,3.3785606658157645
59,0.3636202099555442,0.6818101049777721,0.0,26,3.4584580755897294
60,0.3636202099555442,0.6949247072558319,0.0,1,-13.290186902799345
60,0.3636202099555442,0.6949247072558319,0.0,2,-13.259076970982946
60,0.3636202099555442,0.6949247072558319,0.0,3,-13.178005107069826
60,0.3636202099555442,0.6949247072558319,0.0,4,-13.174596493148893
60,0.3636202099555442,0.6949247072558319,0.0,5,-6.649742697172238
60,0.3636202099555442,0.6949247072558319,0.0,6,-6.642521854773662
60,0.3636202099555442,0.6949247072558319,0.0,7,-6.0086224816655935
60,0.3636202099555442,0.6949247072558319,0.0,8,-5.976642878601968
60,0.3636202099555442,0.6949247072558319,0.0,9,-5.3150083552471905
60,0.3636202099555442,0.6949247072558319,0.0,10,-5.284425049008464
60,0.3636202099555442,0.6949247072558319,0.0,11,-4.845533349865441
60,0.3636202099555442,0.6949247072558319,0.0,12,-4.842411004073325
60,0.3636202099555442,0.6949247072558319,0.0,13,-4.327542709073402
60,0.3636202099555442,0.6949247072558319,0.0,14,-4.281748028207733
60,0.3636202099555442,0.6949247072558319,0.0,15,-3.5817761003580997
60,0.3636202099555442,0.6949247072558319,0.0,16,-3.5617770730249867
60,0.3636202099555442,0.6949247072558319,0.0,17,-1.4473987699284416
60,0.3636202099555442,0.6949247072558319,0.0,18,-1.3036629680576644
60,0.3636202099555442,0.6949247072558319,0.0,19,0.4295834037647251
60,0.3636202099555442,0.6949247072558319,0.0,20,0.43106166857840766
60,0.3636202099555442,0.6949247072558319,0.0,21,1.513375118868487
60,0.3636202099555442,0.6949247072558319,0.0,22,1.5427117723386892
60,0.3636202099555442,0.6949247072558319,0.0,23,1.9649923281209118
60,0.3636202099555442,0.6949247072558319,0.0,24,2.106964838361396
60,0.3636202099555442,0.6949247072558319,0.0,25,3.374192557449457
60,0.3636202099555442,0.6949247072558319,0.0,26,3.4538463385019966
61,0.3636202099555442,0.7080393095338917,0.0,1,-13.294786973235873
61,0.3636202099555442,0.7080393095338917,0.0,2,-13.26394258098837
61,0.3636202099555442,0.7080393095338917,0.0,3,-13.181080750287272
61,0.3636202099555442,0.7080393095338917,0.0,4,-13.177694159210795
61,0.3636202099555442,0.7080393095338917,0.0,5,-6.640568451452282
61,0.3636202099555442,0.7080393095338917,0.0,6,-6.633305232933527
61,0.3636202099555442,0.7080393095338917,0.0,7,-6.053146290833363
61,0.3636202099555442,0.7080393095338917,0.0,8,-6.021929415420324
61,0.3636202099555442,0.7080393095338917,0.0,9,-5.285721957800634
61,0.3636202099555442,0.7080393095338917,0.0,10,-5.259295219813826
61,0.3636202099555442,0.7080393095338917,0.0,11,-4.812224544033942
61,0.3636202099555442,0.7080393095338917,0.0,12,-4.810239646427661
61,0.3636202099555442,0.7080393095338917,0.0,13,-4.337508489160738
61,0.3636202099555442,0.7080393095338917,0.0,14,-4.29313683062048
61,0.3636202099555442,0.7080393095338917,0.0,15,-3.567710475437319
61,0.3636202099555442,0.7080393095338917,0.0,16,-3.549412378038509
61,0.3636202099555442,0.7080393095338917,0.0,17,-1.459078364262424
61,0.3636202099555442,0.7080393095338917,0.0,18,-1.3170262081347635
61,0.3636202099555442,0.7080393095338917,0.0,19,0.4446861521604326
61,0.3636202099555442,0.7080393095338917,0.0,20,0.4482088111410218
61,0.3636202099555442,0.7080393095338917,0.0,21,1.524332619462783
61,0.3636202099555442,0.7080393095338917,0.0,22,1.553001973831576
61,0.3636202099555442,0.7080393095338917,0.0,23,1.9501506901870225
61,0.3636202099555442,0.7080393095338917,0.0,24,2.09180855822261
61,0.3636202099555442,0.7080393095338917,0.0,25,3.36122522959395
61,0.3636202099555442,0.7080393095338917,0.0,26,3.4401380917204536
62,0.3636202099555442,0.7211539118119515,0.0,1,-13.302424119431159
62,0.3636202099555442,0.7211539118119515,0.0,2,-13.27201963722872
62,0.3636202099555442,0.7211539118119515,0.0,3,-13.186159374353938
62,0.3636202099555442,0.7211539118119515,0.0,4,-13.182809893431738
62,0.3636202099555442,0.7211539118119515,0.0,5,-6.625416164642209
62,0.3636202099555442,0.7211539118119515,0.0,6,-6.618083305350584
62,0.3636202099555442,0.7211539118119515,0.0,7,-6.1157106510834005
62,0.3636202099555442,0.7211539118119515,0.0,8,-6.08567988640811
62,0.3636202099555442,0.7211539118119515,0.0,9,-5.251565881088698
62,0.3636202099555442,0.7211539118119515,0.0,10,-5.231304497003244
62,0.3636202099555442,0.7211539118119515,0.0,11,-4.759100273502025
62,0.3636202099555442,0.7211539118119515,0.0,12,-4.749385126487185
62,0.3636202099555442,0.7211539118119515,0.0,13,-4.353010220860021
62,0.3636202099555442,0.7211539118119515,0.0,14,-4.310628353244331
62,0.3636202099555442,0.7211539118119515,0.0,15,-3.545688054707221
62,0.3636202099555442,0.7211539118119515,0.0,16,-3.529898852772087
62,0.3636202099555442,0.7211539118119515,0.0,17,-1.4777613984395412
62,0.3636202099555442,0.7211539118119515,0.0,18,-1.3383027663227425
62,0.3636202099555442,0.7211539118119515,0.0,19,0.4687896936948145
62,0.3636202099555442,0.7211539118119515,0.0,20,0.47548121218933603
62,0.3636202099555442,0.7211539118119515,0.0,21,1.5424045666112016
62,0.3636202099555442,0.7211539118119515,0.0,22,1.5698555533247427
62,0.3636202099555442,0.7211539118119515,0.0,23,1.9259463729580315
62,0.3636202099555442,0.7211539118119515,0.0,24,2.0669436241916985
62,0.3636202099555442,0.7211539118119515,0.0,25,3.3400058875230823
62,0.3636202099555442,0.7211539118119515,0.0,26,3.417676040899841
63,0.3636202099555442,0.7342685140900114,0.0,1,-13.313042273874771
63,0.3636202099555442,0.7342685140900114,0.0,2,-13.283247653995026
63,0.3636202099555442,0.7342685140900114,0.0,3,-13.193179636247418
63,0.3636202099555442,0.7342685140900114,0.0,4,-13.189882714595925
63,0.3636202099555442,0.7342685140900114,0.0,5,-6.604483841405513
63,0.3636202099555442,0.7342685140900114,0.0,6,-6.597054060461337
63,0.3636202099555442,0.7342685140900114,0.0,7,-6.187352401886136
63,0.3636202099555442,0.7342685140900114,0.0,8,-6.158825576214137
63,0.3636202099555442,0.7342685140900114,0.0,9,-5.222531595307069
63,0.3636202099555442,0.7342685140900114,0.0,10,-5.20885543198096
63,0.3636202099555442,0.7342685140900114,0.0,11,-4.682371903500322
63,0.3636202099555442,0.7342685140900114,0.0,12,-4.663828188398099
63,0.3636202099555442,0.7342685140900114,0.0,13,-4.372648508683679
63,0.3636202099555442,0.7342685140900114,0.0,14,-4.332331817892025
63,0.3636202099555442,0.7342685140900114,0.0,15,-3.5173867901325373
63,0.3636202099555442,0.7342685140900114,0.0,16,-3.504580579941778
63,0.3636202099555442,0.7342685140900114,0.0,17,-1.502403670482201
63,0.3636202099555442,0.7342685140900114,0.0,18,-1.3661929561213437
63,0.3636202099555442,0.7342685140900114,0.0,19,0.500447757367775
63,0.3636202099555442,0.7342685140900114,0.0,20,0.5111367190337249
63,0.3636202099555442,0.7342685140900114,0.0,21,1.5672940336212884
63,0.3636202099555442,0.7342685140900114,0.0,22,1.5927340106225558
63,0.3636202099555442,0.7342685140900114,0.0,23,1.8932523378831574
63,0.3636202099555442,0.7342685140900114,0.0,24,2.0329596871202424
63,0.3636202099555442,0.7342685140900114,0.0,25,3.3111024851498643
63,0.3636202099555442,0.7342685140900114,0.0,26,3.3870282568856025
64,0.3787636482666497,0.6369234150210855,0.0,1,-13.320640004665474
64,0.3787636482666497,0.6369234150210855,0.0,2,-13.291276727632333
64,0.3787636482666497,0.6369234150210855,0.0,3,-13.198157571271356
64,0.3787636482666497,0.6369234150210855,0.0,4,-13.194898421982707
64,0.3787636482666497,0.6369234150210855,0.0,5,-6.5896578004264
64,0.3787636482666497,0.6369234150210855,0.0,6,-6.582157413465959
64,0.3787636482666497,0.6369234150210855,0.0,7,-6.230570568065039
64,0.3787636482666497,0.6369234150210855,0.0,8,-6.203045012474611
64,0.3787636482666497,0.6369234150210855,0.0,9,-5.209377881350806
64,0.3787636482666497,0.6369234150210855,0.0,10,-5.199076838504627
64,0.3787636482666497,0.6369234150210855,0.0,11,-4.6283483572628406
64,0.3787636482666497,0.6369234150210855,0.0,12,-4.60464827107889
64,0.3787636482666497,0.6369234150210855,0.0,13,-4.38547943051219
64,0.3787636482666497,0.6369234150210855,0.0,14,-4.346110980059514
64,0.3787636482666497,0.6369234150210855,0.0,15,-3.498550484068618
64,0.3787636482666497,0.6369234150210855,0.0,16,-3.4875914690329024
64,0.3787636482666497,0.6369234150210855,0.0,17,-1.5191540993404127
64,0.3787636482666497,0.6369234150210855,0.0,18,-1.3850369425100226
64,0.3787636482666497,0.6369234150210855,0.0,19,0.5217158612514214
64,0.3787636482666497,0.6369234150210855,0.0,20,0.5349812270251069
64,0.3787636482666497,0.6369234150210855,0.0,21,1.5846367101645211
64,0.3787636482666497,0.6369234150210855,0.0,22,1.6083133605386724
64,0.3787636482666497,0.6369234150210855,0.0,23,1.870715648102036
64,0.3787636482666497,0.6369234150210855,0.0,24,2.0091243876942633
64,0.3787636482666497,0.6369234150210855,0.0,25,3.29111022211522
64,0.3787636482666497,0.6369234150210855,0.0,26,3.365772166157849
65,0.3787636482666497,0.6500380172991453,0.0,1,-13.311432263479613
65,0.3787636482666497,0.6500380172991453,0.0,2,-13.28146609138878
65,0.3787636482666497,0.6500380172991453,0.0,3,-13.191795462898682
65,0.3787636482666497,0.6500380172991453,0.0,4,-13.188480007864563
65,0.3787636482666497,0.6500380172991453,0.0,5,-6.608760511474296
65,0.3787636482666497,0.6500380172991453,0.0,6,-6.601336565819835
65,0.3787636482666497,0.6500380172991453,0.0,7,-6.164042015271985
65,0.3787636482666497,0.6500380172991453,0.0,8,-6.135542465387182
65,0.3787636482666497,0.6500380172991453,0.0,9,-5.22050741123814
65,0.3787636482666497,0.6500380172991453,0.0,10,-5.20370775241515
65,0.3787636482666497,0.6500380172991453,0.0,11,-4.716376706908539
65,0.3787636482666497,0.6500380172991453,0.0,12,-4.701273965314112
65,0.3787636482666497,0.6500380172991453,0.0,13,-4.369673565172544
65,0.3787636482666497,0.6500380172991453,0.0,14,-4.3290586796521655
65,0.3787636482666497,0.6500380172991453,0.0,15,-3.5213854140494485
65,0.3787636482666497,0.6500380172991453,0.0,16,-3.5079615431494977
65,0.3787636482666497,0.6500380172991453,0.0,17,-1.4985823279114734
65,0.3787636482666497,0.6500380172991453,0.0,18,-1.3616220491431883
65,0.3787636482666497,0.6500380172991453,0.0,19,0.49285277876122363
65,0.3787636482666497,0.6500380172991453,0.0,20,0.5023613854913159
65,0.3787636482666497,0.6500380172991453,0.0,21,1.5570187665782997
65,0.3787636482666497,0.6500380172991453,0.0,22,1.582904465532756
65,0.3787636482666497,0.6500380172991453,0.0,23,1.8993632821931818
65,0.3787636482666497,0.6500380172991453,0.0,24,2.0391333840376378
65,0.3787636482666497,0.6500380172991453,0.0,25,3.3209929782964744
65,0.3787636482666497,0.6500380172991453,0.0,26,3.397319323819946
66,0.3787636482666497,0.6631526195772052,0.0,1,-13.304819981026663
66,0.3787636482666497,0.6631526195772052,0.0,2,-13.27441918490668
66,0.3787636482666497,0.6631526195772052,0.0,3,-13.187188494713808
66,0.3787636482666497,0.6631526195772052,0.0,4,-13.183832941195199
66,0.3787636482666497,0.6631526195772052,0.0,5,-6.62260236087123
66,0.3787636482666497,0.6631526195772052,0.0,6,-6.615231699977835
66,0.3787636482666497,0.6631526195772052,0.0,7,-6.107996899022423
66,0.3787636482666497,0.6631526195772052,0.0,8,-6.078877487839394
66,0.3787636482666497,0.6631526195772052,0.0,9,-5.235033533445096
66,0.3787636482666497,0.6631526195772052,0.0,10,-5.211103974670134
66,0.3787636482666497,0.6631526195772052,0.0,11,-4.781634526394708
66,0.3787636482666497,0.6631526195772052,0.0,12,-4.774816342914669
66,0.3787636482666497,0.6631526195772052,0.0,13,-4.357322395632105
66,0.3787636482666497,0.6631526195772052,0.0,14,-4.315313714578785
66,0.3787636482666497,0.6631526195772052,0.0,15,-3.538936788246811
66,0.3787636482666497,0.6631526195772052,0.0,16,-3.5235067591326623
66,0.3787636482666497,0.6631526195772052,0.0,17,-1.4830722627985535
66,0.3787636482666497,0.6631526195772052,0.0,18,-1.3438741302544384
66,0.3787636482666497,0.6631526195772052,0.0,19,0.4709983882603098
66,0.3787636482666497,0.6631526195772052,0.0,20,0.4775819384779677
66,0.3787636482666497,0.6631526195772052,0.0,21,1.5369761377756195
66,0.3787636482666497,0.6631526195772052,0.0,22,1.564129684677941
66,0.3787636482666497,0.6631526195772052,0.0,23,1.9206297102835048
66,0.3787636482666497,0.6631526195772052,0.0,24,2.0610161887887144
66,0.3787636482666497,0.6631526195772052,0.0,25,3.342933340392969
66,0.3787636482666497,0.6631526195772052,0.0,26,3.420441711127887
67,0.3787636482666497,0.676267221855265,0.0,1,-13.300839325165875
67,0.3787636482666497,0.676267221855265,0.0,2,-13.270176119475618
67,0.3787636482666497,0.676267221855265,0.0,3,-13.184400288478068
67,0.3787636482666497,0.676267221855265,0.0,4,-13.181020702644965
67,0.3787636482666497,0.676267221855265,0.0,5,-6.630984025407951
67,0.3787636482666497,0.676267221855265,0.0,6,-6.623645171627748
67,0.3787636482666497,0.676267221855265,0.0,7,-6.069640165843985
67,0.3787636482666497,0.676267221855265,0.0,8,-6.040225563739273
67,0.3787636482666497,0.676267221855265,0.0,9,-5.248314121290207
67,0.3787636482666497,0.676267221855265,0.0,10,-5.218614425174701
67,0.3787636482666497,0.676267221855265,0.0,11,-4.8210880020948075
67,0.3787636482666497,0.676267221855265,0.0,12,-4.820592538066661
67,0.3787636482666497,0.676267221855265,0.0,13,-4.349443998897328
67,0.3787636482666497,0.676267221855265,0.0,14,-4.306420718943228
67,0.3787636482666497,0.676267221855265,0.0,15,-3.5500321195609814
67,0.3787636482666497,0.676267221855265,0.0,16,-3.533278471908112
67,0.3787636482666497,0.676267221855265,0.0,17,-1.4734179336735314
67,0.3787636482666497,0.676267221855265,0.0,18,-1.332781826285955
67,0.3787636482666497,0.676267221855265,0.0,19,0.457356996692618
67,0.3787636482666497,0.676267221855265,0.0,20,0.4620773611333795
67,0.3787636482666497,0.676267221855265,0.0,21,1.5248226781177223
67,0.3787636482666497,0.676267221855265,0.0,22,1.5526497800862984
67,0.3787636482666497,0.676267221855265,0.0,23,1.9336677329988863
67,0.3787636482666497,0.676267221855265,0.0,24,2.0743173855483
67,0.3787636482666497,0.676267221855265,0.0,25,3.3563389427432426
67,0.3787636482666497,0.676267221855265,0.0,26,3.434553659676124
68,0.3787636482666497,0.6893818241333248,0.0,1,-13.299508365060083
68,0.3787636482666497,0.6893818241333248,0.0,2,-13.268757328726236
68,0.3787636482666497,0.6893818241333248,0.0,3,-13.183466596233965
68,0.3787636482666497,0.6893818241333248,0.0,4,-13.180079052505869
68,0.3787636482666497,0.6893818241333248,0.0,5,-6.633790654846795
68,0.3787636482666497,0.6893818241333248,0.0,6,-6.626462348679995
68,0.3787636482666497,0.6893818241333248,0.0,7,-6.055859027576103
68,0.3787636482666497,0.6893818241333248,0.0,8,-6.026368823810904
68,0.3787636482666497,0.6893818241333248,0.0,9,-5.253827425782227
68,0.3787636482666497,0.6893818241333248,0.0,10,-5.221898441295741
68,0.3787636482666497,0.6893818241333248,0.0,11,-4.836059323903276
68,0.3787636482666497,0.6893818241333248,0.0,12,-4.834172300678718
68,0.3787636482666497,0.6893818241333248,0.0,13,-4.346738742516141
68,0.3787636482666497,0.6893818241333248,0.0,14,-4.303347571941202
68,0.3787636482666497,0.6893818241333248,0.0,15,-3.5538257304803054
68,0.3787636482666497,0.6893818241333248,0.0,16,-3.536608519486742
68,0.3787636482666497,0.6893818241333248,0.0,17,-1.470134656388934
68,0.3787636482666497,0.6893818241333248,0.0,18,-1.3290021566901329
68,0.3787636482666497,0.6893818241333248,0.0,19,0.4527207886485292
68,0.3787636482666497,0.6893818241333248,0.0,20,0.45680071427832714
68,0.3787636482666497,0.6893818241333248,0.0,21,1.5207574358503373
68,0.3787636482666497,0.6893818241333248,0.0,22,1.5487967304911547
68,0.3787636482666497,0.6893818241333248,0.0,23,1.938058057059022
68,0.3787636482666497,0.6893818241333248,0.0,24,2.0787805828488217
68,0.3787636482666497,0.6893818241333248,0.0,25,3.36085504039208
68,0.3787636482666497,0.6893818241333248,0.0,26,3.439300405280866
69,0.3787636482666497,0.7024964264113847,0.0,1,-13.300839476874883
69,0.3787636482666497,0.7024964264113847,0.0,2,-13.270176271702475
69,0.3787636482666497,0.7024964264113847,0.0,3,-13.184400033174324
69,0.3787636482666497,0.7024964264113847,0.0,4,-13.181020446389654
69,0.3787636482666497,0.7024964264113847,0.0,5,-6.6309846148248806
69,0.3787636482666497,0.7024964264113847,0.0,6,-6.623645762460922
69,0.3787636482666497,0.7024964264113847,0.0,7,-6.069639868026687
69,0.3787636482666497,0.7024964264113847,0.0,8,-6.040225269089875
69,0.3787636482666497,0.7024964264113847,0.0,9,-5.2483147042453915
69,0.3787636482666497,0.7024964264113847,0.0,10,-5.218615010748932
69,0.3787636482666497,0.7024964264113847,0.0,11,-4.821087908412455
69,0.3787636482666497,0.7024964264113847,0.0,12,-4.820592447896557
69,0.3787636482666497,0.7024964264113847,0.0,13,-4.349444479669296
69,0.3787636482666497,0.7024964264113847,0.0,14,-4.3064212631619405
69,0.3787636482666497,0.7024964264113847,0.0,15,-3.550031159627319
69,0.3787636482666497,0.7024964264113847,0.0,16,-3.5332775701778907
69,0.3787636482666497,0.7024964264113847,0.0,17,-1.4734182443247137
69,0.3787636482666497,0.7024964264113847,0.0,18,-1.332782166625477
69,0.3787636482666497,0.7024964264113847,0.0,19,0.457357412327981
69,0.3787636482666497,0.7024964264113847,0.0,20,0.46207781026368455
69,0.3787636482666497,0.7024964264113847,0.0,21,1.5248224182054677
69,0.3787636482666497,0.7024964264113847,0.0,22,1.552649515869162
69,0.3787636482666497,0.7024964264113847,0.0,23,1.933667748708755
69,0.3787636482666497,0.7024964264113847,0.0,24,2.0743177749681774
69,0.3787636482666497,0.7024964264113847,0.0,25,3.356340028910524
69,0.3787636482666497,0.7024964264113847,0.0,26,3.4345539290307254
70,0.3787636482666497,0.7156110286894445,0.0,1,-13.30482027659375
70,0.3787636482666497,0.7156110286894445,0.0,2,-13.274419480706515
70,0.3787636482666497,0.7156110286894445,0.0,3,-13.187187979389398
70,0.3787636482666497,0.7156110286894445,0.0,4,-13.18383242610624
70,0.3787636482666497,0.7156110286894445,0.0,5,-6.622603547298771
70,0.3787636482666497,0.7156110286894445,0.0,6,-6.615232888716404
70,0.3787636482666497,0.7156110286894445,0.0,7,-6.107996342584888
70,0.3787636482666497,0.7156110286894445,0.0,8,-6.078876934515803
70,0.3787636482666497,0.7156110286894445,0.0,9,-5.235034656086521
70,0.3787636482666497,0.7156110286894445,0.0,10,-5.211105088538332
70,0.3787636482666497,0.7156110286894445,0.0,11,-4.781634337575959
70,0.3787636482666497,0.7156110286894445,0.0,12,-4.774816173262948
70,0.3787636482666497,0.7156110286894445,0.0,13,-4.357323341319589
70,0.3787636482666497,0.7156110286894445,0.0,14,-4.3153147756290835
70,0.3787636482666497,0.7156110286894445,0.0,15,-3.5389349238541437
70,0.3787636482666497,0.7156110286894445,0.0,16,-3.52350499859787
70,0.3787636482666497,0.7156110286894445,0.0,17,-1.483072890375174
70,0.3787636482666497,0.7156110286894445,0.0,18,-1.3438748132431955
70,0.3787636482666497,0.7156110286894445,0.0,19,0.470999181950831
70,0.3787636482666497,0.7156110286894445,0.0,20,0.4775827953310551
70,0.3787636482666497,0.7156110286894445,0.0,21,1.5369756514220931
70,0.3787636482666497,0.7156110286894445,0.0,22,1.564129192247278
70,0.3787636482666497,0.7156110286894445,0.0,23,1.9206300754979484
70,0.3787636482666497,0.7156110286894445,0.0,24,2.0610164275353844
70,0.3787636482666497,0.7156110286894445,0.0,25,3.3429327811879856
70,0.3787636482666497,0.7156110286894445,0.0,26,3.4204400558630894
71,0.3787636482666497,0.7287256309675043,0.0,1,-13.311432720067774
71,0.3787636482666497,0.7287256309675043,0.0,2,-13.281466547730439
71,0.3787636482666497,0.7287256309675043,0.0,3,-13.191794702671036
71,0.3787636482666497,0.7287256309675043,0.0,4,-13.18847924710926
71,0.3787636482666497,0.7287256309675043,0.0,5,-6.6087622751744455
71,0.3787636482666497,0.7287256309675043,0.0,6,-6.601338334138783
71,0.3787636482666497,0.7287256309675043,0.0,7,-6.164041245383991
71,0.3787636482666497,0.7287256309675043,0.0,8,-6.1355416984013145
71,0.3787636482666497,0.7287256309675043,0.0,9,-5.2205089936322775
71,0.3787636482666497,0.7287256309675043,0.0,10,-5.203709307708161
71,0.3787636482666497,0.7287256309675043,0.0,11,-4.7163764383020315
71,0.3787636482666497,0.7287256309675043,0.0,12,-4.70127374193594
71,0.3787636482666497,0.7287256309675043,0.0,13,-4.36967488459734
71,0.3787636482666497,0.7287256309675043,0.0,14,-4.329060146965235
71,0.3787636482666497,0.7287256309675043,0.0,15,-3.5213827629564296
71,0.3787636482666497,0.7287256309675043,0.0,16,-3.507959028520299
71,0.3787636482666497,0.7287256309675043,0.0,17,-1.4985832276092483
71,0.3787636482666497,0.7287256309675043,0.0,18,-1.3616230198866892
71,0.3787636482666497,0.7287256309675043,0.0,19,0.49285394225493645
71,0.3787636482666497,0.7287256309675043,0.0,20,0.5023626350427546
71,0.3787636482666497,0.7287256309675043,0.0,21,1.5570180340055422
71,0.3787636482666497,0.7287256309675043,0.0,22,1.5829037550709528
71,0.3787636482666497,0.7287256309675043,0.0,23,1.8993638812684321
71,0.3787636482666497,0.7287256309675043,0.0,24,2.039133962127419
71,0.3787636482666497,0.7287256309675043,0.0,25,3.321046553981406
71,0.3787636482666497,0.7287256309675043,0.0,26,3.3973729673727022
72,0.3787636482666497,0.7418402332455641,0.0,1,-13.320640595861729
72,0.3787636482666497,0.7418402332455641,0.0,2,-13.291277318492977
72,0.3787636482666497,0.7418402332455641,0.0,3,-13.19815657223532
72,0.3787636482666497,0.7418402332455641,0.0,4,-13.194897422163134
72,0.3787636482666497,0.7418402332455641,0.0,5,-6.589660125364566
72,0.3787636482666497,0.7418402332455641,0.0,6,-6.582159743242575
72,0.3787636482666497,0.7418402332455641,0.0,7,-6.2305696741788905
72,0.3787636482666497,0.7418402332455641,0.0,8,-6.203044118573965
72,0.3787636482666497,0.7418402332455641,0.0,9,-5.2093798585943825
72,0.3787636482666497,0.7418402332455641,0.0,10,-5.1990787717647065
72,0.3787636482666497,0.7418402332455641,0.0,11,-4.628348018458771
72,0.3787636482666497,0.7418402332455641,0.0,12,-4.604647997175795
72,0.3787636482666497,0.7418402332455641,0.0,13,-4.385481021217338
72,0.3787636482666497,0.7418402332455641,0.0,14,-4.3461127306985246
72,0.3787636482666497,0.7418402332455641,0.0,15,-3.49854716415137
72,0.3787636482666497,0.7418402332455641,0.0,16,-3.4875882996812066
72,0.3787636482666497,0.7418402332455641,0.0,17,-1.5191552419298873
72,0.3787636482666497,0.7418402332455641,0.0,18,-1.3850381676471502
72,0.3787636482666497,0.7418402332455641,0.0,19,0.5217173125454676
72,0.3787636482666497,0.7418402332455641,0.0,20,0.5349827734379445
72,0.3787636482666497,0.7418402332455641,0.0,21,1.584635825310671
72,0.3787636482666497,0.7418402332455641,0.0,22,1.6083124429063256
72,0.3787636482666497,0.7418402332455641,0.0,23,1.8707161911123817
72,0.3787636482666497,0.7418402332455641,0.0,24,2.009125302452847
72,0.3787636482666497,0.7418402332455641,0.0,25,3.291108394023108
72,0.3787636482666497,0.7418402332455641,0.0,26,3.3657705506451157
73,0.3939070865777551,0.6444951341766382,0.0,1,-13.333096415974808
73,0.3939070865777551,0.6444951341766382,0.0,2,-13.304333236916246
73,0.3939070865777551,0.6444951341766382,0.0,3,-13.205847214771786
73,0.3939070865777551,0.6444951341766382,0.0,4,-13.202637387242621
73,0.3939070865777551,0.6444951341766382,0.0,5,-6.566980555295318
73,0.3939070865777551,0.6444951341766382,0.0,6,-6.559353027972377
73,0.3939070865777551,0.6444951341766382,0.0,7,-6.278201065846223
73,0.3939070865777551,0.6444951341766382,0.0,8,-6.252368861461375
73,0.3939070865777551,0.6444951341766382,0.0,9,-5.188766877461647
73,0.3939070865777551,0.6444951341766382,0.0,10,-5.181005570181168
73,0.3939070865777551,0.6444951341766382,0.0,11,-4.567410898996593
73,0.3939070865777551,0.6444951341766382,0.0,12,-4.537947515091761
73,0.3939070865777551,0.6444951341766382,0.0,13,-4.404575427268608
73,0.3939070865777551,0.6444951341766382,0.0,14,-4.36586186741953
73,0.3939070865777551,0.6444951341766382,0.0,15,-3.469513082058583
73,0.3939070865777551,0.6444951341766382,0.0,16,-3.460987129253362
73,0.3939070865777551,0.6444951341766382,0.0,17,-1.5450898026137017
73,0.3939070865777551,0.6444951341766382,0.0,18,-1.4137617166205012
73,0.3939070865777551,0.6444951341766382,0.0,19,0.5509474779073327
73,0.3939070865777551,0.6444951341766382,0.0,20,0.567297914482461
73,0.3939070865777551,0.6444951341766382,0.0,21,1.6042005148930247
73,0.3939070865777551,0.6444951341766382,0.0,22,1.624489531084858
73,0.3939070865777551,0.6444951341766382,0.0,23,1.8369215160844647
73,0.3939070865777551,0.6444951341766382,0.0,24,1.972298942304756
73,0.3939070865777551,0.6444951341766382,0.0,25,3.2661747165862156
73,0.3939070865777551,0.6444951341766382,0.0,26,3.338908356139804
74,0.3939070865777551,0.657609736454698,0.0,1,-13.325307218266982
74,0.3939070865777551,0.657609736454698,0.0,2,-13.295950073998018
74,0.3939070865777551,0.657609736454698,0.0,3,-13.200162369629812
74,0.3939070865777551,0.657609736454698,0.0,4,-13.196892796175213
74,0.3939070865777551,0.657609736454698,0.0,5,-6.584137263870657
74,0.3939070865777551,0.657609736454698,0.0,6,-6.576567302571718
74,0.3939070865777551,0.657609736454698,0.0,7,-6.217208136637581
74,0.3939070865777551,0.657609736454698,0.0,8,-6.19086384184922
74,0.3939070865777551,0.657609736454698,0.0,9,-5.183159616720678
74,0.3939070865777551,0.657609736454698,0.0,10,-5.169447564604393
74,0.3939070865777551,0.657609736454698,0.0,11,-4.664552793145379
74,0.3939070865777551,0.657609736454698,0.0,12,-4.643540844339309
74,0.3939070865777551,0.657609736454698,0.0,13,-4.392822568930367
74,0.3939070865777551,0.657609736454698,0.0,14,-4.3541463620246414
74,0.3939070865777551,0.657609736454698,0.0,15,-3.486712967817125
74,0.3939070865777551,0.657609736454698,0.0,16,-3.4762314708040574
74,0.3939070865777551,0.657609736454698,0.0,17,-1.528758087826589
74,0.3939070865777551,0.657609736454698,0.0,18,-1.3950253456196644
74,0.3939070865777551,0.657609736454698,0.0,19,0.5252594111147286
74,0.3939070865777551,0.657609736454698,0.0,20,0.5381432619270496
74,0.3939070865777551,0.657609736454698,0.0,21,1.5740415153482479
74,0.3939070865777551,0.657609736454698,0.0,22,1.5971785612335898
74,0.3939070865777551,0.657609736454698,0.0,23,1.8609305924005572
74,0.3939070865777551,0.657609736454698,0.0,24,1.9982037060873576
74,0.3939070865777551,0.657609736454698,0.0,25,3.2967566892526383
74,0.3939070865777551,0.657609736454698,0.0,26,3.3710772846837385
75,0.3939070865777551,0.6707243387327578,0.0,1,-13.319723355344397
75,0.3939070865777551,0.6707243387327578,0.0,2,-13.289938171763858
75,0.3939070865777551,0.6707243387327578,0.0,3,-13.19604950251128
75,0.3939070865777551,0.6707243387327578,0.0,4,-13.192737026196387
75,0.3939070865777551,0.6707243387327578,0.0,5,-6.596588777404013
75,0.3939070865777551,0.6707243387327578,0.0,6,-6.589055414473487
75,0.3939070865777551,0.6707243387327578,0.0,7,-6.167356572760635
75,0.3939070865777551,0.6707243387327578,0.0,8,-6.140817603173852
75,0.3939070865777551,0.6707243387327578,0.0,9,-5.1787954115326915
75,0.3939070865777551,0.6707243387327578,0.0,10,-5.157917034997909
75,0.3939070865777551,0.6707243387327578,0.0,11,-4.741347103044241
75,0.3939070865777551,0.6707243387327578,0.0,12,-4.728512408586064
75,0.3939070865777551,0.6707243387327578,0.0,13,-4.383707226902159
75,0.3939070865777551,0.6707243387327578,0.0,14,-4.34431320848649
75,0.3939070865777551,0.6707243387327578,0.0,15,-3.4997730862033807
75,0.3939070865777551,0.6707243387327578,0.0,16,-3.4877470446798964
75,0.3939070865777551,0.6707243387327578,0.0,17,-1.5165331967603253
75,0.3939070865777551,0.6707243387327578,0.0,18,-1.3809357526666064
75,0.3939070865777551,0.6707243387327578,0.0,19,0.5059016531410456
75,0.3939070865777551,0.6707243387327578,0.0,20,0.5161336466387338
75,0.3939070865777551,0.6707243387327578,0.0,21,1.5521306422709937
75,0.3939070865777551,0.6707243387327578,0.0,22,1.5767720943070738
75,0.3939070865777551,0.6707243387327578,0.0,23,1.8789903217473878
75,0.3939070865777551,0.6707243387327578,0.0,24,2.017040960381055
75,0.3939070865777551,0.6707243387327578,0.0,25,3.319209314027644
75,0.3939070865777551,0.6707243387327578,0.0,26,3.3946573421699378
76,0.3939070865777551,0.6838389410108177,0.0,1,-13.316366369582441
76,0.3939070865777551,0.6838389410108177,0.0,2,-13.286322892666627
76,0.3939070865777551,0.6838389410108177,0.0,3,-13.193561220663645
76,0.3939070865777551,0.6838389410108177,0.0,4,-13.190222943500599
76,0.3939070865777551,0.6838389410108177,0.0,5,-6.6041390447589645
76,0.3939070865777551,0.6838389410108177,0.0,6,-6.596626884705193
76,0.3939070865777551,0.6838389410108177,0.0,7,-6.134222164115494
76,0.3939070865777551,0.6838389410108177,0.0,8,-6.107684456178815
76,0.3939070865777551,0.6838389410108177,0.0,9,-5.175942992301092
76,0.3939070865777551,0.6838389410108177,0.0,10,-5.148365489031889
76,0.3939070865777551,0.6838389410108177,0.0,11,-4.791060880278122
76,0.3939070865777551,0.6838389410108177,0.0,12,-4.785293932423398
76,0.3939070865777551,0.6838389410108177,0.0,13,-4.377938366851442
76,0.3939070865777551,0.6838389410108177,0.0,14,-4.337930207102387
76,0.3939070865777551,0.6838389410108177,0.0,15,-3.507947595185355
76,0.3939070865777551,0.6838389410108177,0.0,16,-3.494926805996859
76,0.3939070865777551,0.6838389410108177,0.0,17,-1.5089593556753997
76,0.3939070865777551,0.6838389410108177,0.0,18,-1.3721766800825468
76,0.3939070865777551,0.6838389410108177,0.0,19,0.49387186508189806
76,0.3939070865777551,0.6838389410108177,0.0,20,0.5024354887607652
76,0.3939070865777551,0.6838389410108177,0.0,21,1.5388479734897187
76,0.3939070865777551,0.6838389410108177,0.0,22,1.5642512895611804
76,0.3939070865777551,0.6838389410108177,0.0,23,1.8901107239039021
76,0.3939070865777551,0.6838389410108177,0.0,24,2.028468790549783
76,0.3939070865777551,0.6838389410108177,0.0,25,3.332919935183167
76,0.3939070865777551,0.6838389410108177,0.0,26,3.40904722214251
77,0.3939070865777551,0.6969535432888775,0.0,1,-13.315244055828705
77,0.3939070865777551,0.6969535432888775,0.0,2,-13.285114250286695
77,0.3939070865777551,0.6969535432888775,0.0,3,-13.192729666421814
77,0.3939070865777551,0.6969535432888775,0.0,4,-13.1893828027144
77,0.3939070865777551,0.6969535432888775,0.0,5,-6.6066705546857545
77,0.3939070865777551,0.6969535432888775,0.0,6,-6.599165368055138
77,0.3939070865777551,0.6969535432888775,0.0,7,-6.122539044401011
77,0.3939070865777551,0.6969535432888775,0.0,8,-6.0960301616693435
77,0.3939070865777551,0.6969535432888775,0.0,9,-5.174932042580222
77,0.3939070865777551,0.6969535432888775,0.0,10,-5.144433209600262
77,0.3939070865777551,0.6969535432888775,0.0,11,-4.808352722562244
77,0.3939070865777551,0.6969535432888775,0.0,12,-4.805587462351429
77,0.3939070865777551,0.6969535432888775,0.0,13,-4.375966728004929
77,0.3939070865777551,0.6969535432888775,0.0,14,-4.33572823156401
77,0.3939070865777551,0.6969535432888775,0.0,15,-3.5107282882824897
77,0.3939070865777551,0.6969535432888775,0.0,16,-3.497363629676287
77,0.3939070865777551,0.6969535432888775,0.0,17,-1.5063932196654612
77,0.3939070865777551,0.6969535432888775,0.0,18,-1.3692035389031005
77,0.3939070865777551,0.6969535432888775,0.0,19,0.4897881388373203
77,0.3939070865777551,0.6969535432888775,0.0,20,0.4977821381969173
77,0.3939070865777551,0.6969535432888775,0.0,21,1.5343974866685912
77,0.3939070865777551,0.6969535432888775,0.0,22,1.5600359309658725
77,0.3939070865777551,0.6969535432888775,0.0,23,1.8938553113153098
77,0.3939070865777551,0.6969535432888775,0.0,24,2.0322941739354183
77,0.3939070865777551,0.6969535432888775,0.0,25,3.3375356579704762
77,0.3939070865777551,0.6969535432888775,0.0,26,3.4138934895843924
78,0.3939070865777551,0.7100681455669373,0.0,1,-13.316366519703205
78,0.3939070865777551,0.7100681455669373,0.0,2,-13.2863230425268
78,0.3939070865777551,0.7100681455669373,0.0,3,-13.193560958471625
78,0.3939070865777551,0.7100681455669373,0.0,4,-13.190222681847054
78,0.3939070865777551,0.7100681455669373,0.0,5,-6.60413964505174
78,0.3939070865777551,0.7100681455669373,0.0,6,-6.59662748684651
78,0.3939070865777551,0.7100681455669373,0.0,7,-6.134221815234671
78,0.3939070865777551,0.7100681455669373,0.0,8,-6.107684109357191
78,0.3939070865777551,0.7100681455669373,0.0,9,-5.1759439177912565
78,0.3939070865777551,0.7100681455669373,0.0,10,-5.148366432278884
78,0.3939070865777551,0.7100681455669373,0.0,11,-4.79106048935923
78,0.3939070865777551,0.7100681455669373,0.0,12,-4.785293528728488
78,0.3939070865777551,0.7100681455669373,0.0,13,-4.3779388637554835
78,0.3939070865777551,0.7100681455669373,0.0,14,-4.337930754593316
78,0.3939070865777551,0.7100681455669373,0.0,15,-3.5079466602220712
78,0.3939070865777551,0.7100681455669373,0.0,16,-3.4949259186597086
78,0.3939070865777551,0.7100681455669373,0.0,17,-1.508959630729095
78,0.3939070865777551,0.7100681455669373,0.0,18,-1.3721769794532375
78,0.3939070865777551,0.7100681455669373,0.0,19,0.49387223372443345
78,0.3939070865777551,0.7100681455669373,0.0,20,0.5024358867226142
78,0.3939070865777551,0.7100681455669373,0.0,21,1.5388477384855876
78,0.3939070865777551,0.7100681455669373,0.0,22,1.5642510580040803
78,0.3939070865777551,0.7100681455669373,0.0,23,1.8901108297012035
78,0.3939070865777551,0.7100681455669373,0.0,24,2.0284688777663735
78,0.3939070865777551,0.7100681455669373,0.0,25,3.3329202559433098
78,0.3939070865777551,0.7100681455669373,0.0,26,3.409064354524559
79,0.3939070865777551,0.7231827478449971,0.0,1,-13.31972366994776
79,0.3939070865777551,0.7231827478449971,0.0,2,-13.289938485543555
79,0.3939070865777551,0.7231827478449971,0.0,3,-13.196048986194437
79,0.3939070865777551,0.7231827478449971,0.0,4,-13.192736509615106
79,0.3939070865777551,0.7231827478449971,0.0,5,-6.596589953741301
79,0.3939070865777551,0.7231827478449971,0.0,6,-6.589056593834407
79,0.3939070865777551,0.7231827478449971,0.0,7,-6.167355914376346
79,0.3939070865777551,0.7231827478449971,0.0,8,-6.140816947406098
79,0.3939070865777551,0.7231827478449971,0.0,9,-5.178797068579874
79,0.3939070865777551,0.7231827478449971,0.0,10,-5.157918689505474
79,0.3939070865777551,0.7231827478449971,0.0,11,-4.7413464541560835
79,0.3939070865777551,0.7231827478449971,0.0,12,-4.728511774134622
79,0.3939070865777551,0.7231827478449971,0.0,13,-4.383708156233308
79,0.3939070865777551,0.7231827478449971,0.0,14,-4.344314231944521
79,0.3939070865777551,0.7231827478449971,0.0,15,-3.4997712670561554
79,0.3939070865777551,0.7231827478449971,0.0,16,-3.4877453159557232
79,0.3939070865777551,0.7231827478449971,0.0,17,-1.5165337142687352
79,0.3939070865777551,0.7231827478449971,0.0,18,-1.3809363135660981
79,0.3939070865777551,0.7231827478449971,0.0,19,0.5059023870400794
79,0.3939070865777551,0.7231827478449971,0.0,20,0.516134434970329
79,0.3939070865777551,0.7231827478449971,0.0,21,1.5521301896976587
79,0.3939070865777551,0.7231827478449971,0.0,22,1.576771624346693
79,0.3939070865777551,0.7231827478449971,0.0,23,1.8789906985641331
79,0.3939070865777551,0.7231827478449971,0.0,24,2.017041346132028
79,0.3939070865777551,0.7231827478449971,0.0,25,3.3192097778765284
79,0.3939070865777551,0.7231827478449971,0.0,26,3.3946593503613065
80,0.3939070865777551,0.736297350123057,0.0,1,-13.325307680089033
80,0.3939070865777551,0.736297350123057,0.0,2,-13.295950536263653
80,0.3939070865777551,0.736297350123057,0.0,3,-13.200161597799482
80,0.3939070865777551,0.736297350123057,0.0,4,-13.196892024703494
80,0.3939070865777551,0.736297350123057,0.0,5,-6.584139025085324
80,0.3939070865777551,0.736297350123057,0.0,6,-6.5765690673794674
80,0.3939070865777551,0.736297350123057,0.0,7,-6.217207262692857
80,0.3939070865777551,0.736297350123057,0.0,8,-6.190862967614637
80,0.3939070865777551,0.736297350123057,0.0,9,-5.1831618280317775
80,0.3939070865777551,0.736297350123057,0.0,10,-5.169449737098791
80,0.3939070865777551,0.736297350123057,0.0,11,-4.6645520415068935
80,0.3939070865777551,0.736297350123057,0.0,12,-4.643540145661963
80,0.3939070865777551,0.736297350123057,0.0,13,-4.392823905523311
80,0.3939070865777551,0.736297350123057,0.0,14,-4.354147819526135
80,0.3939070865777551,0.736297350123057,0.0,15,-3.486710354607003
80,0.3939070865777551,0.736297350123057,0.0,16,-3.476228971467598
80,0.3939070865777551,0.736297350123057,0.0,17,-1.5287588531434493
80,0.3939070865777551,0.736297350123057,0.0,18,-1.3950261691252333
80,0.3939070865777551,0.736297350123057,0.0,19,0.5252604880811076
80,0.3939070865777551,0.736297350123057,0.0,20,0.5381444153834269
80,0.3939070865777551,0.736297350123057,0.0,21,1.574040815650234
80,0.3939070865777551,0.736297350123057,0.0,22,1.597177889939121
80,0.3939070865777551,0.736297350123057,0.0,23,1.860931006652253
80,0.3939070865777551,0.736297350123057,0.0,24,1.9982041805005357
80,0.3939070865777551,0.736297350123057,0.0,25,3.296758163881348
80,0.3939070865777551,0.736297350123057,0.0,26,3.3710764962572224
81,0.3939070865777551,0.7494119524011168,0.0,1,-13.333097026788298
81,0.3939070865777551,0.7494119524011168,0.0,2,-13.30433384656859
81,0.3939070865777551,0.7494119524011168,0.0,3,-13.205846209180667
81,0.3939070865777551,0.7494119524011168,0.0,4,-13.202636381044485
81,0.3939070865777551,0.7494119524011168,0.0,5,-6.566982861523556
81,0.3939070865777551,0.7494119524011168,0.0,6,-6.559355339846908
81,0.3939070865777551,0.7494119524011168,0.0,7,-6.278200009590236
81,0.3939070865777551,0.7494119524011168,0.0,8,-6.252367803613806
81,0.3939070865777551,0.7494119524011168,0.0,9,-5.188769487817025
81,0.3939070865777551,0.7494119524011168,0.0,10,-5.1810081202850835
81,0.3939070865777551,0.7494119524011168,0.0,11,-4.567410122423938
81,0.3939070865777551,0.7494119524011168,0.0,12,-4.537946801633474
81,0.3939070865777551,0.7494119524011168,0.0,13,-4.404577055780193
81,0.3939070865777551,0.7494119524011168,0.0,14,-4.3658636081261335
81,0.3939070865777551,0.7494119524011168,0.0,15,-3.46950977643134
81,0.3939070865777551,0.7494119524011168,0.0,16,-3.460983951849399
81,0.3939070865777551,0.7494119524011168,0.0,17,-1.5450907507150542
81,0.3939070865777551,0.7494119524011168,0.0,18,-1.4137627353658777
81,0.3939070865777551,0.7494119524011168,0.0,19,0.5509488484526089
81,0.3939070865777551,0.7494119524011168,0.0,20,0.5672993748006785
81,0.3939070865777551,0.7494119524011168,0.0,21,1.604199598753746
81,0.3939070865777551,0.7494119524011168,0.0,22,1.6244886834635262
81,0.3939070865777551,0.7494119524011168,0.0,23,1.8369219233893435
81,0.3939070865777551,0.7494119524011168,0.0,24,1.972299489780534
81,0.3939070865777551,0.7494119524011168,0.0,25,3.2661670240101
81,0.3939070865777551,0.7494119524011168,0.0,26,3.3389112691770144
82,-0.3939070865777551,-0.7494119524011168,0.0,1,-13.333097025837949
82,-0.3939070865777551,-0.7494119524011168,0.0,2,-13.304333848054178
82,-0.3939070865777551,-0.7494119524011168,0.0,3,-13.205846209261306
82,-0.3939070865777551,-0.7494119524011168,0.0,4,-13.20263638208646
82,-0.3939070865777551,-0.7494119524011168,0.0,5,-6.566982859788985
82,-0.3939070865777551,-0.7494119524011168,0.0,6,-6.5593553408860545
82,-0.3939070865777551,-0.7494119524011168,0.0,7,-6.278200009147361
82,-0.3939070865777551,-0.7494119524011168,0.0,8,-6.252367802049392
82,-0.3939070865777551,-0.7494119524011168,0.0,9,-5.188769489799227
82,-0.3939070865777551,-0.7494119524011168,0.0,10,-5.181008118489121
82,-0.3939070865777551,-0.7494119524011168,0.0,11,-4.567410122087247
82,-0.3939070865777551,-0.7494119524011168,0.0,12,-4.53794679624568
82,-0.3939070865777551,-0.7494119524011168,0.0,13,-4.404577057345203
82,-0.3939070865777551,-0.7494119524011168,0.0,14,-4.365863604792101
82,-0.3939070865777551,-0.7494119524011168,0.0,15,-3.4695097681019886
82,-0.3939070865777551,-0.7494119524011168,0.0,16,-3.4609839449069897
82,-0.3939070865777551,-0.7494119524011168,0.0,17,-1.5450907474921345
82,-0.3939070865777551,-0.7494119524011168,0.0,18,-1.4137627385585056
82,-0.3939070865777551,-0.7494119524011168,0.0,19,0.5509488567795282
82,-0.3939070865777551,-0.7494119524011168,0.0,20,0.5672993687706608
82,-0.3939070865777551,-0.7494119524011168,0.0,21,1.6041996331603912
82,-0.3939070865777551,-0.7494119524011168,0.0,22,1.6244887330281168
82,-0.3939070865777551,-0.7494119524011168,0.0,23,1.8369219730053583
82,-0.3939070865777551,-0.7494119524011168,0.0,24,1.9722995367865326
82,-0.3939070865777551,-0.7494119524011168,0.0,25,3.2661659330863806
82,-0.3939070865777551,-0.7494119524011168,0.0,26,3.3389041335056797
83,-0.3939070865777551,-0.736297350123057,0.0,1,-13.32530767903019
83,-0.3939070865777551,-0.736297350123057,0.0,2,-13.295950537073814
83,-0.3939070865777551,-0.736297350123057,0.0,3,-13.20016159849614
83,-0.3939070865777551,-0.736297350123057,0.0,4,-13.196892025190904
83,-0.3939070865777551,-0.736297350123057,0.0,5,-6.58413902416037
83,-0.3939070865777551,-0.736297350123057,0.0,6,-6.576569069256021
83,-0.3939070865777551,-0.736297350123057,0.0,7,-6.2172072620775705
83,-0.3939070865777551,-0.736297350123057,0.0,8,-6.1908629676382905
83,-0.3939070865777551,-0.736297350123057,0.0,9,-5.1831618294119846
83,-0.3939070865777551,-0.736297350123057,0.0,10,-5.169449735744189
83,-0.3939070865777551,-0.736297350123057,0.0,11,-4.664552043204386
83,-0.3939070865777551,-0.736297350123057,0.0,12,-4.643540142376047
83,-0.3939070865777551,-0.736297350123057,0.0,13,-4.392823907484928
83,-0.3939070865777551,-0.736297350123057,0.0,14,-4.354147819252978
83,-0.3939070865777551,-0.736297350123057,0.0,15,-3.486710354235128
83,-0.3939070865777551,-0.736297350123057,0.0,16,-3.4762289716705084
83,-0.3939070865777551,-0.736297350123057,0.0,17,-1.5287588498262976
83,-0.3939070865777551,-0.736297350123057,0.0,18,-1.3950261723819835
83,-0.3939070865777551,-0.736297350123057,0.0,19,0.5252604959502448
83,-0.3939070865777551,-0.736297350123057,0.0,20,0.5381444101127176
83,-0.3939070865777551,-0.736297350123057,0.0,21,1.5740408247068611
83,-0.3939070865777551,-0.736297350123057,0.0,22,1.597177892732017
83,-0.3939070865777551,-0.736297350123057,0.0,23,1.8609310863868043
83,-0.3939070865777551,-0.736297350123057,0.0,24,1.9982043377827852
83,-0.3939070865777551,-0.736297350123057,0.0,25,3.2967584510553785
83,-0.3939070865777551,-0.736297350123057,0.0,26,3.371077130088297
84,-0.3939070865777551,-0.7231827478449971,0.0,1,-13.319723668497293
84,-0.3939070865777551,-0.7231827478449971,0.0,2,-13.289938485772257
84,-0.3939070865777551,-0.7231827478449971,0.0,3,-13.196048986573032
84,-0.3939070865777551,-0.7231827478449971,0.0,4,-13.192736510389071
84,-0.3939070865777551,-0.7231827478449971,0.0,5,-6.59658995203283
84,-0.3939070865777551,-0.7231827478449971,0.0,6,-6.589056594350935
84,-0.3939070865777551,-0.7231827478449971,0.0,7,-6.167355913955919
84,-0.3939070865777551,-0.7231827478449971,0.0,8,-6.14081694527538
84,-0.3939070865777551,-0.7231827478449971,0.0,9,-5.178797069435625
84,-0.3939070865777551,-0.7231827478449971,0.0,10,-5.157918687934586
84,-0.3939070865777551,-0.7231827478449971,0.0,11,-4.741346454871441
84,-0.3939070865777551,-0.7231827478449971,0.0,12,-4.728511770837797
84,-0.3939070865777551,-0.7231827478449971,0.0,13,-4.38370815597665
84,-0.3939070865777551,-0.7231827478449971,0.0,14,-4.344314229223556
84,-0.3939070865777551,-0.7231827478449971,0.0,15,-3.4997712626516915
84,-0.3939070865777551,-0.7231827478449971,0.0,16,-3.4877453156852427
84,-0.3939070865777551,-0.7231827478449971,0.0,17,-1.5165337107402608
84,-0.3939070865777551,-0.7231827478449971,0.0,18,-1.3809363169643833
84,-0.3939070865777551,-0.7231827478449971,0.0,19,0.5059023931211417
84,-0.3939070865777551,-0.7231827478449971,0.0,20,0.5161344295005168
84,-0.3939070865777551,-0.7231827478449971,0.0,21,1.5521301618628285
84,-0.3939070865777551,-0.7231827478449971,0.0,22,1.5767716267307956
84,-0.3939070865777551,-0.7231827478449971,0.0,23,1.8789906281912083
84,-0.3939070865777551,-0.7231827478449971,0.0,24,2.017041339873404
84,-0.3939070865777551,-0.7231827478449971,0.0,25,3.3192090563900614
84,-0.3939070865777551,-0.7231827478449971,0.0,26,3.394656496276573
85,-0.3939070865777551,-0.7100681455669373,0.0,1,-13.316366518754764
85,-0.3939070865777551,-0.7100681455669373,0.0,2,-13.286323042650674
85,-0.3939070865777551,-0.7100681455669373,0.0,3,-13.193560959181205
85,-0.3939070865777551,-0.7100681455669373,0.0,4,-13.190222681980936
85,-0.3939070865777551,-0.7100681455669373,0.0,5,-6.604139643891902
85,-0.3939070865777551,-0.7100681455669373,0.0,6,-6.596627488016447
85,-0.3939070865777551,-0.7100681455669373,0.0,7,-6.13422181499112
85,-0.3939070865777551,-0.7100681455669373,0.0,8,-6.107684109022129
85,-0.3939070865777551,-0.7100681455669373,0.0,9,-5.175943918423821
85,-0.3939070865777551,-0.7100681455669373,0.0,10,-5.148366432086895
85,-0.3939070865777551,-0.7100681455669373,0.0,11,-4.791060491283002
85,-0.3939070865777551,-0.7100681455669373,0.0,12,-4.785293525397762
85,-0.3939070865777551,-0.7100681455669373,0.0,13,-4.377938863996286
85,-0.3939070865777551,-0.7100681455669373,0.0,14,-4.337930754179224
85,-0.3939070865777551,-0.7100681455669373,0.0,15,-3.507946659739564
85,-0.3939070865777551,-0.7100681455669373,0.0,16,-3.494925918244117
85,-0.3939070865777551,-0.7100681455669373,0.0,17,-1.5089596270101613
85,-0.3939070865777551,-0.7100681455669373,0.0,18,-1.3721769830779287
85,-0.3939070865777551,-0.7100681455669373,0.0,19,0.49387224016761744
85,-0.3939070865777551,-0.7100681455669373,0.0,20,0.5024358801511268
85,-0.3939070865777551,-0.7100681455669373,0.0,21,1.5388477382960277
85,-0.3939070865777551,-0.7100681455669373,0.0,22,1.564251067740753
85,-0.3939070865777551,-0.7100681455669373,0.0,23,1.8901108907118844
85,-0.3939070865777551,-0.7100681455669373,0.0,24,2.028469141415436
85,-0.3939070865777551,-0.7100681455669373,0.0,25,3.332920418569093
85,-0.3939070865777551,-0.7100681455669373,0.0,26,3.4090453919442134
86,-0.3939070865777551,-0.6969535432888775,0.0,1,-13.315244054467417
86,-0.3939070865777551,-0.6969535432888775,0.0,2,-13.285114250696095
86,-0.3939070865777551,-0.6969535432888775,0.0,3,-13.192729666111738
86,-0.3939070865777551,-0.6969535432888775,0.0,4,-13.189382803018031
86,-0.3939070865777551,-0.6969535432888775,0.0,5,-6.606670553467856
86,-0.3939070865777551,-0.6969535432888775,0.0,6,-6.599165369624623
86,-0.3939070865777551,-0.6969535432888775,0.0,7,-6.122539044792395
86,-0.3939070865777551,-0.6969535432888775,0.0,8,-6.096030161422668
86,-0.3939070865777551,-0.6969535432888775,0.0,9,-5.174932045070644
86,-0.3939070865777551,-0.6969535432888775,0.0,10,-5.144433207734561
86,-0.3939070865777551,-0.6969535432888775,0.0,11,-4.808352724393822
86,-0.3939070865777551,-0.6969535432888775,0.0,12,-4.80558746015981
86,-0.3939070865777551,-0.6969535432888775,0.0,13,-4.375966730045043
86,-0.3939070865777551,-0.6969535432888775,0.0,14,-4.335728230575604
86,-0.3939070865777551,-0.6969535432888775,0.0,15,-3.5107282893084903
86,-0.3939070865777551,-0.6969535432888775,0.0,16,-3.4973636322557433
86,-0.3939070865777551,-0.6969535432888775,0.0,17,-1.5063932157507074
86,-0.3939070865777551,-0.6969535432888775,0.0,18,-1.3692035426460523
86,-0.3939070865777551,-0.6969535432888775,0.0,19,0.4897881449242948
86,-0.3939070865777551,-0.6969535432888775,0.0,20,0.4977821319539971
86,-0.3939070865777551,-0.6969535432888775,0.0,21,1.5343974836471481
86,-0.3939070865777551,-0.6969535432888775,0.0,22,1.5600359324662434
86,-0.3939070865777551,-0.6969535432888775,0.0,23,1.8938552726742897
86,-0.3939070865777551,-0.6969535432888775,0.0,24,2.032294156674692
86,-0.3939070865777551,-0.6969535432888775,0.0,25,3.3375366047901602
86,-0.3939070865777551,-0.6969535432888775,0.0,26,3.413886877499861
87,-0.3939070865777551,-0.6838389410108177,0.0,1,-13.316366368399486
87,-0.3939070865777551,-0.6838389410108177,0.0,2,-13.286322892243174
87,-0.3939070865777551,-0.6838389410108177,0.0,3,-13.193561220521982
87,-0.3939070865777551,-0.6838389410108177,0.0,4,-13.190222944774629
87,-0.3939070865777551,-0.6838389410108177,0.0,5,-6.604139043480794
87,-0.3939070865777551,-0.6838389410108177,0.0,6,-6.596626885968539
87,-0.3939070865777551,-0.6838389410108177,0.0,7,-6.1342221650029325
87,-0.3939070865777551,-0.6838389410108177,0.0,8,-6.107684456388392
87,-0.3939070865777551,-0.6838389410108177,0.0,9,-5.175942996046385
87,-0.3939070865777551,-0.6838389410108177,0.0,10,-5.148365488633269
87,-0.3939070865777551,-0.6838389410108177,0.0,11,-4.79106088190106
87,-0.3939070865777551,-0.6838389410108177,0.0,12,-4.78529393218062
87,-0.3939070865777551,-0.6838389410108177,0.0,13,-4.377938369512712
87,-0.3939070865777551,-0.6838389410108177,0.0,14,-4.3379302083837725
87,-0.3939070865777551,-0.6838389410108177,0.0,15,-3.507947596154329
87,-0.3939070865777551,-0.6838389410108177,0.0,16,-3.494926808808837
87,-0.3939070865777551,-0.6838389410108177,0.0,17,-1.5089593515324382
87,-0.3939070865777551,-0.6838389410108177,0.0,18,-1.3721766840110408
87,-0.3939070865777551,-0.6838389410108177,0.0,19,0.4938718710133687
87,-0.3939070865777551,-0.6838389410108177,0.0,20,0.5024354822921975
87,-0.3939070865777551,-0.6838389410108177,0.0,21,1.5388479703315605
87,-0.3939070865777551,-0.6838389410108177,0.0,22,1.5642512920429394
87,-0.3939070865777551,-0.6838389410108177,0.0,23,1.8901106934661407
87,-0.3939070865777551,-0.6838389410108177,0.0,24,2.028468779092427
87,-0.3939070865777551,-0.6838389410108177,0.0,25,3.332924336692657
87,-0.3939070865777551,-0.6838389410108177,0.0,26,3.4090455633773784
88,-0.3939070865777551,-0.6707243387327578,0.0,1,-13.319723353915458
88,-0.3939070865777551,-0.6707243387327578,0.0,2,-13.289938171987242
88,-0.3939070865777551,-0.6707243387327578,0.0,3,-13.19604950268911
88,-0.3939070865777551,-0.6707243387327578,0.0,4,-13.19273702626705
88,-0.3939070865777551,-0.6707243387327578,0.0,5,-6.596588776503468
88,-0.3939070865777551,-0.6707243387327578,0.0,6,-6.589055415891771
88,-0.3939070865777551,-0.6707243387327578,0.0,7,-6.167356573590844
88,-0.3939070865777551,-0.6707243387327578,0.0,8,-6.1408176030254555
88,-0.3939070865777551,-0.6707243387327578,0.0,9,-5.178795414044947
88,-0.3939070865777551,-0.6707243387327578,0.0,10,-5.157917032815858
88,-0.3939070865777551,-0.6707243387327578,0.0,11,-4.741347103779713
88,-0.3939070865777551,-0.6707243387327578,0.0,12,-4.728512406682567
88,-0.3939070865777551,-0.6707243387327578,0.0,13,-4.383707226274321
88,-0.3939070865777551,-0.6707243387327578,0.0,14,-4.344313209222239
88,-0.3939070865777551,-0.6707243387327578,0.0,15,-3.49977308196629
88,-0.3939070865777551,-0.6707243387327578,0.0,16,-3.4877470449080006
88,-0.3939070865777551,-0.6707243387327578,0.0,17,-1.5165331925016814
88,-0.3939070865777551,-0.6707243387327578,0.0,18,-1.3809357565704847
88,-0.3939070865777551,-0.6707243387327578,0.0,19,0.5059016614595471
88,-0.3939070865777551,-0.6707243387327578,0.0,20,0.5161336413093083
88,-0.3939070865777551,-0.6707243387327578,0.0,21,1.5521306387034361
88,-0.3939070865777551,-0.6707243387327578,0.0,22,1.5767721136317125
88,-0.3939070865777551,-0.6707243387327578,0.0,23,1.878990335805597
88,-0.3939070865777551,-0.6707243387327578,0.0,24,2.0170410158194683
88,-0.3939070865777551,-0.6707243387327578,0.0,25,3.319209411976833
88,-0.3939070865777551,-0.6707243387327578,0.0,26,3.394657142375486
89,-0.3939070865777551,-0.657609736454698,0.0,1,-13.32530721827654
89,-0.3939070865777551,-0.657609736454698,0.0,2,-13.295950075722171
89,-0.3939070865777551,-0.657609736454698,0.0,3,-13.200162368444966
89,-0.3939070865777551,-0.657609736454698,0.0,4,-13.196892796157863
89,-0.3939070865777551,-0.657609736454698,0.0,5,-6.584137262706582
89,-0.3939070865777551,-0.657609736454698,0.0,6,-6.576567303278628
89,-0.3939070865777551,-0.657609736454698,0.0,7,-6.217208138061254
89,-0.3939070865777551,-0.657609736454698,0.0,8,-6.190863841595199
89,-0.3939070865777551,-0.657609736454698,0.0,9,-5.183159619266862
89,-0.3939070865777551,-0.657609736454698,0.0,10,-5.169447561348607
89,-0.3939070865777551,-0.657609736454698,0.0,11,-4.664552794937418
89,-0.3939070865777551,-0.657609736454698,0.0,12,-4.643540843412659
89,-0.3939070865777551,-0.657609736454698,0.0,13,-4.392822569101771
89,-0.3939070865777551,-0.657609736454698,0.0,14,-4.354146361774935
89,-0.3939070865777551,-0.657609736454698,0.0,15,-3.486712967855371
89,-0.3939070865777551,-0.657609736454698,0.0,16,-3.476231469778669
89,-0.3939070865777551,-0.657609736454698,0.0,17,-1.528758083532018
89,-0.3939070865777551,-0.657609736454698,0.0,18,-1.3950253496278582
89,-0.3939070865777551,-0.657609736454698,0.0,19,0.5252594172873752
89,-0.3939070865777551,-0.657609736454698,0.0,20,0.5381432570446987
89,-0.3939070865777551,-0.657609736454698,0.0,21,1.5740415203816824
89,-0.3939070865777551,-0.657609736454698,0.0,22,1.5971785838785153
89,-0.3939070865777551,-0.657609736454698,0.0,23,1.8609306609794425
89,-0.3939070865777551,-0.657609736454698,0.0,24,1.9982037840448386
89,-0.3939070865777551,-0.657609736454698,0.0,25,3.29675704578808
89,-0.3939070865777551,-0.657609736454698,0.0,26,3.371077903676382
90,-0.3939070865777551,-0.6444951341766382,0.0,1,-13.333096415048646
90,-0.3939070865777551,-0.6444951341766382,0.0,2,-13.304333237764043
90,-0.3939070865777551,-0.6444951341766382,0.0,3,-13.20584721434106
90,-0.3939070865777551,-0.6444951341766382,0.0,4,-13.202637387233535
90,-0.3939070865777551,-0.6444951341766382,0.0,5,-6.566980554715748
90,-0.3939070865777551,-0.6444951341766382,0.0,6,-6.559353029832755
90,-0.3939070865777551,-0.6444951341766382,0.0,7,-6.278201067097507
90,-0.3939070865777551,-0.6444951341766382,0.0,8,-6.252368860297784
90,-0.3939070865777551,-0.6444951341766382,0.0,9,-5.188766881870118
90,-0.3939070865777551,-0.6444951341766382,0.0,10,-5.181005568358453
90,-0.3939070865777551,-0.6444951341766382,0.0,11,-4.567410900656299
90,-0.3939070865777551,-0.6444951341766382,0.0,12,-4.537947519734894
90,-0.3939070865777551,-0.6444951341766382,0.0,13,-4.404575431884366
90,-0.3939070865777551,-0.6444951341766382,0.0,14,-4.365861869198119
90,-0.3939070865777551,-0.6444951341766382,0.0,15,-3.4695130881033696
90,-0.3939070865777551,-0.6444951341766382,0.0,16,-3.460987132885022
90,-0.3939070865777551,-0.6444951341766382,0.0,17,-1.5450897984655234
90,-0.3939070865777551,-0.6444951341766382,0.0,18,-1.4137617204855508
90,-0.3939070865777551,-0.6444951341766382,0.0,19,0.550947483692158
90,-0.3939070865777551,-0.6444951341766382,0.0,20,0.5672979100302982
90,-0.3939070865777551,-0.6444951341766382,0.0,21,1.6042005130610173
90,-0.3939070865777551,-0.6444951341766382,0.0,22,1.6244895450777053
90,-0.3939070865777551,-0.6444951341766382,0.0,23,1.8369214461993124
90,-0.3939070865777551,-0.6444951341766382,0.0,24,1.972299030906845
90,-0.3939070865777551,-0.6444951341766382,0.0,25,3.266166416789401
90,-0.3939070865777551,-0.6444951341766382,0.0,26,3.3389052992724877
91,-0.3787636482666497,-0.7418402332455641,0.0,1,-13.320640595209293
91,-0.3787636482666497,-0.7418402332455641,0.0,2,-13.29127731916642
91,-0.3787636482666497,-0.7418402332455641,0.0,3,-13.198156571314938
91,-0.3787636482666497,-0.7418402332455641,0.0,4,-13.194897423268197
91,-0.3787636482666497,-0.7418402332455641,0.0,5,-6.58966012469965
91,-0.3787636482666497,-0.7418402332455641,0.0,6,-6.582159744726637
91,-0.3787636482666497,-0.7418402332455641,0.0,7,-6.230569673799012
91,-0.3787636482666497,-0.7418402332455641,0.0,8,-6.203044118835853
91,-0.3787636482666497,-0.7418402332455641,0.0,9,-5.20937986092947
91,-0.3787636482666497,-0.7418402332455641,0.0,10,-5.1990787696145375
91,-0.3787636482666497,-0.7418402332455641,0.0,11,-4.628348019351689
91,-0.3787636482666497,-0.7418402332455641,0.0,12,-4.6046479948956875
91,-0.3787636482666497,-0.7418402332455641,0.0,13,-4.385481022580773
91,-0.3787636482666497,-0.7418402332455641,0.0,14,-4.34611273083636
91,-0.3787636482666497,-0.7418402332455641,0.0,15,-3.498547163868892
91,-0.3787636482666497,-0.7418402332455641,0.0,16,-3.4875883005772277
91,-0.3787636482666497,-0.7418402332455641,0.0,17,-1.5191552380377207
91,-0.3787636482666497,-0.7418402332455641,0.0,18,-1.3850381713675755
91,-0.3787636482666497,-0.7418402332455641,0.0,19,0.5217173147091366
91,-0.3787636482666497,-0.7418402332455641,0.0,20,0.5349827666078928
91,-0.3787636482666497,-0.7418402332455641,0.0,21,1.5846357632951134
91,-0.3787636482666497,-0.7418402332455641,0.0,22,1.6083124919209055
91,-0.3787636482666497,-0.7418402332455641,0.0,23,1.87071623606387
91,-0.3787636482666497,-0.7418402332455641,0.0,24,2.009125196041058
91,-0.3787636482666497,-0.7418402332455641,0.0,25,3.2911072823045213
91,-0.3787636482666497,-0.7418402332455641,0.0,26,3.3657729280132846
92,-0.3787636482666497,-0.7287256309675043,0.0,1,-13.311432718965687
92,-0.3787636482666497,-0.7287256309675043,0.0,2,-13.281466548821367
92,-0.3787636482666497,-0.7287256309675043,0.0,3,-13.191794702519786
92,-0.3787636482666497,-0.7287256309675043,0.0,4,-13.18847924774451
92,-0.3787636482666497,-0.7287256309675043,0.0,5,-6.608762274822357
92,-0.3787636482666497,-0.7287256309675043,0.0,6,-6.601338335717373
92,-0.3787636482666497,-0.7287256309675043,0.0,7,-6.164041245330679
92,-0.3787636482666497,-0.7287256309675043,0.0,8,-6.135541698120966
92,-0.3787636482666497,-0.7287256309675043,0.0,9,-5.220508993786346
92,-0.3787636482666497,-0.7287256309675043,0.0,10,-5.203709305337425
92,-0.3787636482666497,-0.7287256309675043,0.0,11,-4.716376438958146
92,-0.3787636482666497,-0.7287256309675043,0.0,12,-4.701273738657292
92,-0.3787636482666497,-0.7287256309675043,0.0,13,-4.369674884197557
92,-0.3787636482666497,-0.7287256309675043,0.0,14,-4.329060145406682
92,-0.3787636482666497,-0.7287256309675043,0.0,15,-3.5213827588107596
92,-0.3787636482666497,-0.7287256309675043,0.0,16,-3.5079590267433294
92,-0.3787636482666497,-0.7287256309675043,0.0,17,-1.498583223718334
92,-0.3787636482666497,-0.7287256309675043,0.0,18,-1.3616230236102425
92,-0.3787636482666497,-0.7287256309675043,0.0,19,0.4928539474459357
92,-0.3787636482666497,-0.7287256309675043,0.0,20,0.5023626282353029
92,-0.3787636482666497,-0.7287256309675043,0.0,21,1.557018030498794
92,-0.3787636482666497,-0.7287256309675043,0.0,22,1.5829037468859317
92,-0.3787636482666497,-0.7287256309675043,0.0,23,1.8993638028669273
92,-0.3787636482666497,-0.7287256309675043,0.0,24,2.039133915162469
92,-0.3787636482666497,-0.7287256309675043,0.0,25,3.3209921388975467
92,-0.3787636482666497,-0.7287256309675043,0.0,26,3.3973176597936683
93,-0.3787636482666497,-0.7156110286894445,0.0,1,-13.304820275804733
93,-0.3787636482666497,-0.7156110286894445,0.0,2,-13.27441948201614
93,-0.3787636482666497,-0.7156110286894445,0.0,3,-13.187187980196768
93,-0.3787636482666497,-0.7156110286894445,0.0,4,-13.183832426711938
93,-0.3787636482666497,-0.7156110286894445,0.0,5,-6.622603546330127
93,-0.3787636482666497,-0.7156110286894445,0.0,6,-6.6152328899561335
93,-0.3787636482666497,-0.7156110286894445,0.0,7,-6.107996342462169
93,-0.3787636482666497,-0.7156110286894445,0.0,8,-6.078876935544035
93,-0.3787636482666497,-0.7156110286894445,0.0,9,-5.235034656889359
93,-0.3787636482666497,-0.7156110286894445,0.0,10,-5.211105088961252
93,-0.3787636482666497,-0.7156110286894445,0.0,11,-4.781634339779864
93,-0.3787636482666497,-0.7156110286894445,0.0,12,-4.774816171157057
93,-0.3787636482666497,-0.7156110286894445,0.0,13,-4.357323343429929
93,-0.3787636482666497,-0.7156110286894445,0.0,14,-4.315314776156412
93,-0.3787636482666497,-0.7156110286894445,0.0,15,-3.5389349244983768
93,-0.3787636482666497,-0.7156110286894445,0.0,16,-3.5235050042093983
93,-0.3787636482666497,-0.7156110286894445,0.0,17,-1.4830728865071596
93,-0.3787636482666497,-0.7156110286894445,0.0,18,-1.3438748171305117
93,-0.3787636482666497,-0.7156110286894445,0.0,19,0.470999187029443
93,-0.3787636482666497,-0.7156110286894445,0.0,20,0.47758278907062846
93,-0.3787636482666497,-0.7156110286894445,0.0,21,1.5369756442260942
93,-0.3787636482666497,-0.7156110286894445,0.0,22,1.5641291795183143
93,-0.3787636482666497,-0.7156110286894445,0.0,23,1.9206299525053394
93,-0.3787636482666497,-0.7156110286894445,0.0,24,2.06101625415104
93,-0.3787636482666497,-0.7156110286894445,0.0,25,3.3429348558509027
93,-0.3787636482666497,-0.7156110286894445,0.0,26,3.4204402382052512
94,-0.3787636482666497,-0.7024964264113847,0.0,1,-13.30083947568263
94,-0.3787636482666497,-0.7024964264113847,0.0,2,-13.270176272791158
94,-0.3787636482666497,-0.7024964264113847,0.0,3,-13.18440003315003
94,-0.3787636482666497,-0.7024964264113847,0.0,4,-13.181020446669102
94,-0.3787636482666497,-0.7024964264113847,0.0,5,-6.630984613436777
94,-0.3787636482666497,-0.7024964264113847,0.0,6,-6.623645763357475
94,-0.3787636482666497,-0.7024964264113847,0.0,7,-6.069639868237163
94,-0.3787636482666497,-0.7024964264113847,0.0,8,-6.0402252679804125
94,-0.3787636482666497,-0.7024964264113847,0.0,9,-5.2483147061957816
94,-0.3787636482666497,-0.7024964264113847,0.0,10,-5.218615010658448
94,-0.3787636482666497,-0.7024964264113847,0.0,11,-4.821087911370029
94,-0.3787636482666497,-0.7024964264113847,0.0,12,-4.820592445323413
94,-0.3787636482666497,-0.7024964264113847,0.0,13,-4.349444482039521
94,-0.3787636482666497,-0.7024964264113847,0.0,14,-4.3064212639428145
94,-0.3787636482666497,-0.7024964264113847,0.0,15,-3.5500311590010982
94,-0.3787636482666497,-0.7024964264113847,0.0,16,-3.5332775726023797
94,-0.3787636482666497,-0.7024964264113847,0.0,17,-1.4734182403122482
94,-0.3787636482666497,-0.7024964264113847,0.0,18,-1.332782170497227
94,-0.3787636482666497,-0.7024964264113847,0.0,19,0.4573574170680442
94,-0.3787636482666497,-0.7024964264113847,0.0,20,0.4620778041692185
94,-0.3787636482666497,-0.7024964264113847,0.0,21,1.5248224114101396
94,-0.3787636482666497,-0.7024964264113847,0.0,22,1.5526495109759522
94,-0.3787636482666497,-0.7024964264113847,0.0,23,1.9336676979328937
94,-0.3787636482666497,-0.7024964264113847,0.0,24,2.074317607821103
94,-0.3787636482666497,-0.7024964264113847,0.0,25,3.356349749059871
94,-0.3787636482666497,-0.7024964264113847,0.0,26,3.4345542664918938
95,-0.3787636482666497,-0.6893818241333248,0.0,1,-13.299508363567075
95,-0.3787636482666497,-0.6893818241333248,0.0,2,-13.268757329960438
95,-0.3787636482666497,-0.6893818241333248,0.0,3,-13.183466596255059
95,-0.3787636482666497,-0.6893818241333248,0.0,4,-13.180079052193722
95,-0.3787636482666497,-0.6893818241333248,0.0,5,-6.633790653739167
95,-0.3787636482666497,-0.6893818241333248,0.0,6,-6.626462349690967
95,-0.3787636482666497,-0.6893818241333248,0.0,7,-6.055859028038261
95,-0.3787636482666497,-0.6893818241333248,0.0,8,-6.026368823306153
95,-0.3787636482666497,-0.6893818241333248,0.0,9,-5.253827425849502
95,-0.3787636482666497,-0.6893818241333248,0.0,10,-5.221898440082164
95,-0.3787636482666497,-0.6893818241333248,0.0,11,-4.836059321684604
95,-0.3787636482666497,-0.6893818241333248,0.0,12,-4.834172302487392
95,-0.3787636482666497,-0.6893818241333248,0.0,13,-4.346738744182526
95,-0.3787636482666497,-0.6893818241333248,0.0,14,-4.303347571601096
95,-0.3787636482666497,-0.6893818241333248,0.0,15,-3.5538257308196908
95,-0.3787636482666497,-0.6893818241333248,0.0,16,-3.5366085209759195
95,-0.3787636482666497,-0.6893818241333248,0.0,17,-1.4701346522991832
95,-0.3787636482666497,-0.6893818241333248,0.0,18,-1.3290021606395095
95,-0.3787636482666497,-0.6893818241333248,0.0,19,0.4527207942910544
95,-0.3787636482666497,-0.6893818241333248,0.0,20,0.45680070860310507
95,-0.3787636482666497,-0.6893818241333248,0.0,21,1.5207574362523244
95,-0.3787636482666497,-0.6893818241333248,0.0,22,1.54879673109489
95,-0.3787636482666497,-0.6893818241333248,0.0,23,1.9380581060345217
95,-0.3787636482666497,-0.6893818241333248,0.0,24,2.078780576722222
95,-0.3787636482666497,-0.6893818241333248,0.0,25,3.360849447654936
95,-0.3787636482666497,-0.6893818241333248,0.0,26,3.439301043456209
96,-0.3787636482666497,-0.676267221855265,0.0,1,-13.30083932378946
96,-0.3787636482666497,-0.676267221855265,0.0,2,-13.270176121091849
96,-0.3787636482666497,-0.676267221855265,0.0,3,-13.184400289046174
96,-0.3787636482666497,-0.676267221855265,0.0,4,-13.181020702677978
96,-0.3787636482666497,-0.676267221855265,0.0,5,-6.630984024755353
96,-0.3787636482666497,-0.676267221855265,0.0,6,-6.623645172745984
96,-0.3787636482666497,-0.676267221855265,0.0,7,-6.069640166248385
96,-0.3787636482666497,-0.676267221855265,0.0,8,-6.040225563349388
96,-0.3787636482666497,-0.676267221855265,0.0,9,-5.248314122533566
96,-0.3787636482666497,-0.676267221855265,0.0,10,-5.218614423783365
96,-0.3787636482666497,-0.676267221855265,0.0,11,-4.821088003704386
96,-0.3787636482666497,-0.676267221855265,0.0,12,-4.820592536112003
96,-0.3787636482666497,-0.676267221855265,0.0,13,-4.349443999816988
96,-0.3787636482666497,-0.676267221855265,0.0,14,-4.3064207185056
96,-0.3787636482666497,-0.676267221855265,0.0,15,-3.5500321188501074
96,-0.3787636482666497,-0.676267221855265,0.0,16,-3.533278472832871
96,-0.3787636482666497,-0.676267221855265,0.0,17,-1.473417929469964
96,-0.3787636482666497,-0.676267221855265,0.0,18,-1.332781830338103
96,-0.3787636482666497,-0.676267221855265,0.0,19,0.45735700099459176
96,-0.3787636482666497,-0.676267221855265,0.0,20,0.4620773554900227
96,-0.3787636482666497,-0.676267221855265,0.0,21,1.5248226581286253
96,-0.3787636482666497,-0.676267221855265,0.0,22,1.5526497568254944
96,-0.3787636482666497,-0.676267221855265,0.0,23,1.933667586845346
96,-0.3787636482666497,-0.676267221855265,0.0,24,2.074317369949845
96,-0.3787636482666497,-0.676267221855265,0.0,25,3.356341165564878
96,-0.3787636482666497,-0.676267221855265,0.0,26,3.4345610934264883
97,-0.3787636482666497,-0.6631526195772052,0.0,1,-13.304819979976894
97,-0.3787636482666497,-0.6631526195772052,0.0,2,-13.274419185593477
97,-0.3787636482666497,-0.6631526195772052,0.0,3,-13.187188494594803
97,-0.3787636482666497,-0.6631526195772052,0.0,4,-13.183832941382223
97,-0.3787636482666497,-0.6631526195772052,0.0,5,-6.622602359495969
97,-0.3787636482666497,-0.6631526195772052,0.0,6,-6.615231700371718
97,-0.3787636482666497,-0.6631526195772052,0.0,7,-6.107996899325665
97,-0.3787636482666497,-0.6631526195772052,0.0,8,-6.078877486691301
97,-0.3787636482666497,-0.6631526195772052,0.0,9,-5.23503353306376
97,-0.3787636482666497,-0.6631526195772052,0.0,10,-5.21110397059979
97,-0.3787636482666497,-0.6631526195772052,0.0,11,-4.781634525957786
97,-0.3787636482666497,-0.6631526195772052,0.0,12,-4.774816339241396
97,-0.3787636482666497,-0.6631526195772052,0.0,13,-4.3573223945923845
97,-0.3787636482666497,-0.6631526195772052,0.0,14,-4.315313712218796
97,-0.3787636482666497,-0.6631526195772052,0.0,15,-3.5389367819948947
97,-0.3787636482666497,-0.6631526195772052,0.0,16,-3.523506755140407
97,-0.3787636482666497,-0.6631526195772052,0.0,17,-1.4830722585993263
97,-0.3787636482666497,-0.6631526195772052,0.0,18,-1.3438741342868772
97,-0.3787636482666497,-0.6631526195772052,0.0,19,0.47099839278836175
97,-0.3787636482666497,-0.6631526195772052,0.0,20,0.4775819333028747
97,-0.3787636482666497,-0.6631526195772052,0.0,21,1.5369761322706452
97,-0.3787636482666497,-0.6631526195772052,0.0,22,1.5641296669488431
97,-0.3787636482666497,-0.6631526195772052,0.0,23,1.920629638258243
97,-0.3787636482666497,-0.6631526195772052,0.0,24,2.0610159086067714
97,-0.3787636482666497,-0.6631526195772052,0.0,25,3.342935352943799
97,-0.3787636482666497,-0.6631526195772052,0.0,26,3.420441885986723
98,-0.3787636482666497,-0.6500380172991453,0.0,1,-13.311432262976943
98,-0.3787636482666497,-0.6500380172991453,0.0,2,-13.281466091613236
98,-0.3787636482666497,-0.6500380172991453,0.0,3,-13.191795462655708
98,-0.3787636482666497,-0.6500380172991453,0.0,4,-13.18848000834145
98,-0.3787636482666497,-0.6500380172991453,0.0,5,-6.608760510530387
98,-0.3787636482666497,-0.6500380172991453,0.0,6,-6.601336567336442
98,-0.3787636482666497,-0.6500380172991453,0.0,7,-6.164042016359388
98,-0.3787636482666497,-0.6500380172991453,0.0,8,-6.13554246539531
98,-0.3787636482666497,-0.6500380172991453,0.0,9,-5.220507412822518
98,-0.3787636482666497,-0.6500380172991453,0.0,10,-5.203707750224686
98,-0.3787636482666497,-0.6500380172991453,0.0,11,-4.716376707315386
98,-0.3787636482666497,-0.6500380172991453,0.0,12,-4.701273964098778
98,-0.3787636482666497,-0.6500380172991453,0.0,13,-4.369673566343482
98,-0.3787636482666497,-0.6500380172991453,0.0,14,-4.32905867972145
98,-0.3787636482666497,-0.6500380172991453,0.0,15,-3.521385411811538
98,-0.3787636482666497,-0.6500380172991453,0.0,16,-3.5079615422467993
98,-0.3787636482666497,-0.6500380172991453,0.0,17,-1.498582323752153
98,-0.3787636482666497,-0.6500380172991453,0.0,18,-1.3616220530035499
98,-0.3787636482666497,-0.6500380172991453,0.0,19,0.4928527839266988
98,-0.3787636482666497,-0.6500380172991453,0.0,20,0.5023613804388938
98,-0.3787636482666497,-0.6500380172991453,0.0,21,1.5570187647075882
98,-0.3787636482666497,-0.6500380172991453,0.0,22,1.5829044674368717
98,-0.3787636482666497,-0.6500380172991453,0.0,23,1.899363309074206
98,-0.3787636482666497,-0.6500380172991453,0.0,24,2.039133456241637
98,-0.3787636482666497,-0.6500380172991453,0.0,25,3.3209970438804355
98,-0.3787636482666497,-0.6500380172991453,0.0,26,3.3973272808552952
99,-0.3787636482666497,-0.6369234150210855,0.0,1,-13.320640003493146
99,-0.3787636482666497,-0.6369234150210855,0.0,2,-13.291276728145839
99,-0.3787636482666497,-0.6369234150210855,0.0,3,-13.198157570466616
99,-0.3787636482666497,-0.6369234150210855,0.0,4,-13.194898422754129
99,-0.3787636482666497,-0.6369234150210855,0.0,5,-6.58965779955267
99,-0.3787636482666497,-0.6369234150210855,0.0,6,-6.582157413931116
99,-0.3787636482666497,-0.6369234150210855,0.0,7,-6.230570568968135
99,-0.3787636482666497,-0.6369234150210855,0.0,8,-6.203045011540871
99,-0.3787636482666497,-0.6369234150210855,0.0,9,-5.209377882793483
99,-0.3787636482666497,-0.6369234150210855,0.0,10,-5.1990768368057445
99,-0.3787636482666497,-0.6369234150210855,0.0,11,-4.628348358526342
99,-0.3787636482666497,-0.6369234150210855,0.0,12,-4.6046482678768665
99,-0.3787636482666497,-0.6369234150210855,0.0,13,-4.3854794308724045
99,-0.3787636482666497,-0.6369234150210855,0.0,14,-4.346110980739432
99,-0.3787636482666497,-0.6369234150210855,0.0,15,-3.4985504805738072
99,-0.3787636482666497,-0.6369234150210855,0.0,16,-3.4875914712229217
99,-0.3787636482666497,-0.6369234150210855,0.0,17,-1.519154095378913
99,-0.3787636482666497,-0.6369234150210855,0.0,18,-1.3850369462088485
99,-0.3787636482666497,-0.6369234150210855,0.0,19,0.5217158669959425
99,-0.3787636482666497,-0.6369234150210855,0.0,20,0.5349812238270373
99,-0.3787636482666497,-0.6369234150210855,0.0,21,1.5846367559849863
99,-0.3787636482666497,-0.6369234150210855,0.0,22,1.6083133588202725
99,-0.3787636482666497,-0.6369234150210855,0.0,23,1.8707156346670137
99,-0.3787636482666497,-0.6369234150210855,0.0,24,2.0091244442435383
99,-0.3787636482666497,-0.6369234150210855,0.0,25,3.291108606087571
99,-0.3787636482666497,-0.6369234150210855,0.0,26,3.365771237668795
100,-0.3636202099555442,-0.7342685140900114,0.0,1,-13.313042273067985
100,-0.3636202099555442,-0.7342685140900114,0.0,2,-13.283247655098153
100,-0.3636202099555442,-0.7342685140900114,0.0,3,-13.193179635252951
100,-0.3636202099555442,-0.7342685140900114,0.0,4,-13.189882715209674
100,-0.3636202099555442,-0.7342685140900114,0.0,5,-6.604483840360919
100,-0.3636202099555442,-0.7342685140900114,0.0,6,-6.597054061998108
100,-0.3636202099555442,-0.7342685140900114,0.0,7,-6.187352401155865
100,-0.3636202099555442,-0.7342685140900114,0.0,8,-6.158825575895422
100,-0.3636202099555442,-0.7342685140900114,0.0,9,-5.222531597149652
100,-0.3636202099555442,-0.7342685140900114,0.0,10,-5.208855428691054
100,-0.3636202099555442,-0.7342685140900114,0.0,11,-4.682371903237733
100,-0.3636202099555442,-0.7342685140900114,0.0,12,-4.663828185187976
100,-0.3636202099555442,-0.7342685140900114,0.0,13,-4.372648508328801
100,-0.3636202099555442,-0.7342685140900114,0.0,14,-4.332331816977582
100,-0.3636202099555442,-0.7342685140900114,0.0,15,-3.517386787085999
100,-0.3636202099555442,-0.7342685140900114,0.0,16,-3.5045805781880577
100,-0.3636202099555442,-0.7342685140900114,0.0,17,-1.502403665997445
100,-0.3636202099555442,-0.7342685140900114,0.0,18,-1.3661929603591991
100,-0.3636202099555442,-0.7342685140900114,0.0,19,0.5004477617874306
100,-0.3636202099555442,-0.7342685140900114,0.0,20,0.5111367126792945
100,-0.3636202099555442,-0.7342685140900114,0.0,21,1.5672940324682392
100,-0.3636202099555442,-0.7342685140900114,0.0,22,1.5927340017797498
100,-0.3636202099555442,-0.7342685140900114,0.0,23,1.8932523994501524
100,-0.3636202099555442,-0.7342685140900114,0.0,24,2.032959824115022
100,-0.3636202099555442,-0.7342685140900114,0.0,25,3.311103330915079
100,-0.3636202099555442,-0.7342685140900114,0.0,26,3.387031093777885
101,-0.3636202099555442,-0.7211539118119515,0.0,1,-13.302424118743712
101,-0.3636202099555442,-0.7211539118119515,0.0,2,-13.27201963783245
101,-0.3636202099555442,-0.7211539118119515,0.0,3,-13.186159373932643
101,-0.3636202099555442,-0.7211539118119515,0.0,4,-13.182809892935378
101,-0.3636202099555442,-0.7211539118119515,0.0,5,-6.62541616372734
101,-0.3636202099555442,-0.7211539118119515,0.0,6,-6.618083305945043
101,-0.3636202099555442,-0.7211539118119515,0.0,7,-6.115710650645039
101,-0.3636202099555442,-0.7211539118119515,0.0,8,-6.085679885434577
101,-0.3636202099555442,-0.7211539118119515,0.0,9,-5.251565883152108
101,-0.3636202099555442,-0.7211539118119515,0.0,10,-5.231304495594924
101,-0.3636202099555442,-0.7211539118119515,0.0,11,-4.759100275158549
101,-0.3636202099555442,-0.7211539118119515,0.0,12,-4.749385123785073
101,-0.3636202099555442,-0.7211539118119515,0.0,13,-4.353010221332643
101,-0.3636202099555442,-0.7211539118119515,0.0,14,-4.310628352045592
101,-0.3636202099555442,-0.7211539118119515,0.0,15,-3.5456880540819045
101,-0.3636202099555442,-0.7211539118119515,0.0,16,-3.529898852804622
101,-0.3636202099555442,-0.7211539118119515,0.0,17,-1.4777613940464258
101,-0.3636202099555442,-0.7211539118119515,0.0,18,-1.3383027705957584
101,-0.3636202099555442,-0.7211539118119515,0.0,19,0.4687896994988975
101,-0.3636202099555442,-0.7211539118119515,0.0,20,0.4754812072516743
101,-0.3636202099555442,-0.7211539118119515,0.0,21,1.5424045657776286
101,-0.3636202099555442,-0.7211539118119515,0.0,22,1.56985555459308
101,-0.3636202099555442,-0.7211539118119515,0.0,23,1.9259464073520016
101,-0.3636202099555442,-0.7211539118119515,0.0,24,2.0669438479221345
101,-0.3636202099555442,-0.7211539118119515,0.0,25,3.34000389586992
101,-0.3636202099555442,-0.7211539118119515,0.0,26,3.4176750672137395
102,-0.3636202099555442,-0.7080393095338917,0.0,1,-13.294786972530117
102,-0.3636202099555442,-0.7080393095338917,0.0,2,-13.263942581301533
102,-0.3636202099555442,-0.7080393095338917,0.0,3,-13.18108075024956
102,-0.3636202099555442,-0.7080393095338917,0.0,4,-13.177694159042655
102,-0.3636202099555442,-0.7080393095338917,0.0,5,-6.640568450110795
102,-0.3636202099555442,-0.7080393095338917,0.0,6,-6.633305234123441
102,-0.3636202099555442,-0.7080393095338917,0.0,7,-6.053146289869828
102,-0.3636202099555442,-0.7080393095338917,0.0,8,-6.021929414967689
102,-0.3636202099555442,-0.7080393095338917,0.0,9,-5.285721961171426
102,-0.3636202099555442,-0.7080393095338917,0.0,10,-5.259295219319808
102,-0.3636202099555442,-0.7080393095338917,0.0,11,-4.812224546984909
102,-0.3636202099555442,-0.7080393095338917,0.0,12,-4.810239645142689
102,-0.3636202099555442,-0.7080393095338917,0.0,13,-4.337508491098861
102,-0.3636202099555442,-0.7080393095338917,0.0,14,-4.2931368326569
102,-0.3636202099555442,-0.7080393095338917,0.0,15,-3.567710477220841
102,-0.3636202099555442,-0.7080393095338917,0.0,16,-3.5494123835179234
102,-0.3636202099555442,-0.7080393095338917,0.0,17,-1.4590783599177326
102,-0.3636202099555442,-0.7080393095338917,0.0,18,-1.3170262124012342
102,-0.3636202099555442,-0.7080393095338917,0.0,19,0.44468615734089073
102,-0.3636202099555442,-0.7080393095338917,0.0,20,0.4482088052043991
102,-0.3636202099555442,-0.7080393095338917,0.0,21,1.5243326064714837
102,-0.3636202099555442,-0.7080393095338917,0.0,22,1.553001974361929
102,-0.3636202099555442,-0.7080393095338917,0.0,23,1.9501505789945854
102,-0.3636202099555442,-0.7080393095338917,0.0,24,2.0918085471205488
102,-0.3636202099555442,-0.7080393095338917,0.0,25,3.361225180106799
102,-0.3636202099555442,-0.7080393095338917,0.0,26,3.440138491005443
103,-0.3636202099555442,-0.6949247072558319,0.0,1,-13.290186901943994
103,-0.3636202099555442,-0.6949247072558319,0.0,2,-13.259076971128746
103,-0.3636202099555442,-0.6949247072558319,0.0,3,-13.178005106921702
103,-0.3636202099555442,-0.6949247072558319,0.0,4,-13.174596493206199
103,-0.3636202099555442,-0.6949247072558319,0.0,5,-6.649742696065699
103,-0.3636202099555442,-0.6949247072558319,0.0,6,-6.642521855659576
103,-0.3636202099555442,-0.6949247072558319,0.0,7,-6.0086224819650385
103,-0.3636202099555442,-0.6949247072558319,0.0,8,-5.976642877997472
103,-0.3636202099555442,-0.6949247072558319,0.0,9,-5.31500835848963
103,-0.3636202099555442,-0.6949247072558319,0.0,10,-5.284425050520193
103,-0.3636202099555442,-0.6949247072558319,0.0,11,-4.845533348779002
103,-0.3636202099555442,-0.6949247072558319,0.0,12,-4.842411006817852
103,-0.3636202099555442,-0.6949247072558319,0.0,13,-4.32754271103949
103,-0.3636202099555442,-0.6949247072558319,0.0,14,-4.281748028957128
103,-0.3636202099555442,-0.6949247072558319,0.0,15,-3.5817761042353284
103,-0.3636202099555442,-0.6949247072558319,0.0,16,-3.561777077601816
103,-0.3636202099555442,-0.6949247072558319,0.0,17,-1.4473987655039786
103,-0.3636202099555442,-0.6949247072558319,0.0,18,-1.3036629723460145
103,-0.3636202099555442,-0.6949247072558319,0.0,19,0.4295834083009622
103,-0.3636202099555442,-0.6949247072558319,0.0,20,0.4310616626932474
103,-0.3636202099555442,-0.6949247072558319,0.0,21,1.5133751172097352
103,-0.3636202099555442,-0.6949247072558319,0.0,22,1.5427117610551255
103,-0.3636202099555442,-0.6949247072558319,0.0,23,1.964992338153137
103,-0.3636202099555442,-0.6949247072558319,0.0,24,2.1069649405579236
103,-0.3636202099555442,-0.6949247072558319,0.0,25,3.3741933108993054
103,-0.3636202099555442,-0.6949247072558319,0.0,26,3.4538451563099093
104,-0.3636202099555442,-0.6818101049777721,0.0,1,-13.288649462889392
104,-0.3636202099555442,-0.6818101049777721,0.0,2,-13.25745067677177
104,-0.3636202099555442,-0.6818101049777721,0.0,3,-13.176971711199323
104,-0.3636202099555442,-0.6818101049777721,0.0,4,-13.173555841822083
104,-0.3636202099555442,-0.6818101049777721,0.0,5,-6.65281184530364
104,-0.3636202099555442,-0.6818101049777721,0.0,6,-6.645605029625152
104,-0.3636202099555442,-0.6818101049777721,0.0,7,-5.992166294830216
104,-0.3636202099555442,-0.6818101049777721,0.0,8,-5.959924566180927
104,-0.3636202099555442,-0.6818101049777721,0.0,9,-5.326806634707781
104,-0.3636202099555442,-0.6818101049777721,0.0,10,-5.294803250782895
104,-0.3636202099555442,-0.6818101049777721,0.0,11,-4.856929118520027
104,-0.3636202099555442,-0.6818101049777721,0.0,12,-4.85206716440557
104,-0.3636202099555442,-0.6818101049777721,0.0,13,-4.324098647262682
104,-0.3636202099555442,-0.6818101049777721,0.0,14,-4.277786690948965
104,-0.3636202099555442,-0.6818101049777721,0.0,15,-3.5866204805631976
104,-0.3636202099555442,-0.6818101049777721,0.0,16,-3.566015930176889
104,-0.3636202099555442,-0.6818101049777721,0.0,17,-1.443418783730762
104,-0.3636202099555442,-0.6818101049777721,0.0,18,-1.2990986271922256
104,-0.3636202099555442,-0.6818101049777721,0.0,19,0.42444282373063486
104,-0.3636202099555442,-0.6818101049777721,0.0,20,0.425213566512844
104,-0.3636202099555442,-0.6818101049777721,0.0,21,1.5097109887913063
104,-0.3636202099555442,-0.6818101049777721,0.0,22,1.5392608486799806
104,-0.3636202099555442,-0.6818101049777721,0.0,23,1.96999232968767
104,-0.3636202099555442,-0.6818101049777721,0.0,24,2.112057711697132
104,-0.3636202099555442,-0.6818101049777721,0.0,25,3.3785602830889223
104,-0.3636202099555442,-0.6818101049777721,0.0,26,3.4584584405068424
105,-0.3636202099555442,-0.6686955026997122,0.0,1,-13.290186751828738
105,-0.3636202099555442,-0.6686955026997122,0.0,2,-13.259076821831197
105,-0.3636202099555442,-0.6686955026997122,0.0,3,-13.178005358362345
105,-0.3636202099555442,-0.6686955026997122,0.0,4,-13.174596744600628
105,-0.3636202099555442,-0.6686955026997122,0.0,5,-6.649742108496067
105,-0.3636202099555442,-0.6686955026997122,0.0,6,-6.642521266808664
105,-0.3636202099555442,-0.6686955026997122,0.0,7,-6.008622707853418
105,-0.3636202099555442,-0.6686955026997122,0.0,8,-5.976643097267188
105,-0.3636202099555442,-0.6686955026997122,0.0,9,-5.315008143193026
105,-0.3636202099555442,-0.6686955026997122,0.0,10,-5.284424859794879
105,-0.3636202099555442,-0.6686955026997122,0.0,11,-4.845533156077286
105,-0.3636202099555442,-0.6686955026997122,0.0,12,-4.842410840279658
105,-0.3636202099555442,-0.6686955026997122,0.0,13,-4.327542241754888
105,-0.3636202099555442,-0.6686955026997122,0.0,14,-4.281747486826697
105,-0.3636202099555442,-0.6686955026997122,0.0,15,-3.5817770606693253
105,-0.3636202099555442,-0.6686955026997122,0.0,16,-3.561777967982823
105,-0.3636202099555442,-0.6686955026997122,0.0,17,-1.447398405502399
105,-0.3636202099555442,-0.6686955026997122,0.0,18,-1.3036625768559835
105,-0.3636202099555442,-0.6686955026997122,0.0,19,0.42958297382630495
105,-0.3636202099555442,-0.6686955026997122,0.0,20,0.4310611909387821
105,-0.3636202099555442,-0.6686955026997122,0.0,21,1.5133753668252037
105,-0.3636202099555442,-0.6686955026997122,0.0,22,1.542712015633874
105,-0.3636202099555442,-0.6686955026997122,0.0,23,1.964992143679037
105,-0.3636202099555442,-0.6686955026997122,0.0,24,2.1069648466552957
105,-0.3636202099555442,-0.6686955026997122,0.0,25,3.3742573697168936
105,-0.3636202099555442,-0.6686955026997122,0.0,26,3.4538640818499093
106,-0.3636202099555442,-0.6555809004216524,0.0,1,-13.294786677836132
106,-0.3636202099555442,-0.6555809004216524,0.0,2,-13.263942287204124
106,-0.3636202099555442,-0.6555809004216524,0.0,3,-13.181081253849321
106,-0.3636202099555442,-0.6555809004216524,0.0,4,-13.177694663645912
106,-0.3636202099555442,-0.6555809004216524,0.0,5,-6.640567276260274
106,-0.3636202099555442,-0.6555809004216524,0.0,6,-6.63330405748045
106,-0.3636202099555442,-0.6555809004216524,0.0,7,-6.053146706525334
106,-0.3636202099555442,-0.6555809004216524,0.0,8,-6.021929820433815
106,-0.3636202099555442,-0.6555809004216524,0.0,9,-5.28572146492535
106,-0.3636202099555442,-0.6555809004216524,0.0,10,-5.259294760964266
106,-0.3636202099555442,-0.6555809004216524,0.0,11,-4.812224275999492
106,-0.3636202099555442,-0.6555809004216524,0.0,12,-4.810239330731401
106,-0.3636202099555442,-0.6555809004216524,0.0,13,-4.337507597047203
106,-0.3636202099555442,-0.6555809004216524,0.0,14,-4.293135807664825
106,-0.3636202099555442,-0.6555809004216524,0.0,15,-3.567712328462751
106,-0.3636202099555442,-0.6555809004216524,0.0,16,-3.5494141122091505
106,-0.3636202099555442,-0.6555809004216524,0.0,17,-1.4590776509868961
106,-0.3636202099555442,-0.6555809004216524,0.0,18,-1.317025437538251
106,-0.3636202099555442,-0.6555809004216524,0.0,19,0.4446853059239095
106,-0.3636202099555442,-0.6555809004216524,0.0,20,0.44820788504343884
106,-0.3636202099555442,-0.6555809004216524,0.0,21,1.5243331199523933
106,-0.3636202099555442,-0.6555809004216524,0.0,22,1.553002487816038
106,-0.3636202099555442,-0.6555809004216524,0.0,23,1.9501502392882424
106,-0.3636202099555442,-0.6555809004216524,0.0,24,2.0918081713296703
106,-0.3636202099555442,-0.6555809004216524,0.0,25,3.3612266782890594
106,-0.3636202099555442,-0.6555809004216524,0.0,26,3.4401376597144444
107,-0.3636202099555442,-0.6424662981435926,0.0,1,-13.30242367443098
107,-0.3636202099555442,-0.6424662981435926,0.0,2,-13.272019196143543
107,-0.3636202099555442,-0.6424662981435926,0.0,3,-13.186160123736354
107,-0.3636202099555442,-0.6424662981435926,0.0,4,-13.182810643039804
107,-0.3636202099555442,-0.6424662981435926,0.0,5,-6.625414401221467
107,-0.3636202099555442,-0.6424662981435926,0.0,6,-6.618081539647167
107,-0.3636202099555442,-0.6424662981435926,0.0,7,-6.115711212105013
107,-0.3636202099555442,-0.6424662981435926,0.0,8,-6.085680436220861
107,-0.3636202099555442,-0.6424662981435926,0.0,9,-5.2515650903171265
107,-0.3636202099555442,-0.6424662981435926,0.0,10,-5.231303743614721
107,-0.3636202099555442,-0.6424662981435926,0.0,11,-4.759099985494335
107,-0.3636202099555442,-0.6424662981435926,0.0,12,-4.749384781750998
107,-0.3636202099555442,-0.6424662981435926,0.0,13,-4.353008970231861
107,-0.3636202099555442,-0.6424662981435926,0.0,14,-4.310626936160506
107,-0.3636202099555442,-0.6424662981435926,0.0,15,-3.5456906805137844
107,-0.3636202099555442,-0.6424662981435926,0.0,16,-3.5299013244573487
107,-0.3636202099555442,-0.6424662981435926,0.0,17,-1.477760347133315
107,-0.3636202099555442,-0.6424662981435926,0.0,18,-1.338301641403982
107,-0.3636202099555442,-0.6424662981435926,0.0,19,0.4687884798057872
107,-0.3636202099555442,-0.6424662981435926,0.0,20,0.4754798975636346
107,-0.3636202099555442,-0.6424662981435926,0.0,21,1.542405338916987
107,-0.3636202099555442,-0.6424662981435926,0.0,22,1.569856314230814
107,-0.3636202099555442,-0.6424662981435926,0.0,23,1.9259459822115494
107,-0.3636202099555442,-0.6424662981435926,0.0,24,2.0669431022001827
107,-0.3636202099555442,-0.6424662981435926,0.0,25,3.340006369741957
107,-0.3636202099555442,-0.6424662981435926,0.0,26,3.417675975555462
108,-0.3636202099555442,-0.6293516958655327,0.0,1,-13.31304169749848
108,-0.3636202099555442,-0.6293516958655327,0.0,2,-13.283247081047278
108,-0.3636202099555442,-0.6293516958655327,0.0,3,-13.19318062012595
108,-0.3636202099555442,-0.6293516958655327,0.0,4,-13.189883699249265
108,-0.3636202099555442,-0.6293516958655327,0.0,5,-6.604481509797614
108,-0.3636202099555442,-0.6293516958655327,0.0,6,-6.5970517264459225
108,-0.3636202099555442,-0.6293516958655327,0.0,7,-6.187353062545441
108,-0.3636202099555442,-0.6293516958655327,0.0,8,-6.158826228859757
108,-0.3636202099555442,-0.6293516958655327,0.0,9,-5.222530444032811
108,-0.3636202099555442,-0.6293516958655327,0.0,10,-5.208854318614231
108,-0.3636202099555442,-0.6293516958655327,0.0,11,-4.6823716923464165
108,-0.3636202099555442,-0.6293516958655327,0.0,12,-4.66382791327524
108,-0.3636202099555442,-0.6293516958655327,0.0,13,-4.372647024583182
108,-0.3636202099555442,-0.6293516958655327,0.0,14,-4.332330156174134
108,-0.3636202099555442,-0.6293516958655327,0.0,15,-3.5173900365374635
108,-0.3636202099555442,-0.6293516958655327,0.0,16,-3.5045836622523483
108,-0.3636202099555442,-0.6293516958655327,0.0,17,-1.5024023479156872
108,-0.3636202099555442,-0.6293516958655327,0.0,18,-1.3661915478787785
108,-0.3636202099555442,-0.6293516958655327,0.0,19,0.500446253035493
108,-0.3636202099555442,-0.6293516958655327,0.0,20,0.5111351015276129
108,-0.3636202099555442,-0.6293516958655327,0.0,21,1.5672950386690527
108,-0.3636202099555442,-0.6293516958655327,0.0,22,1.59273498888657
108,-0.3636202099555442,-0.6293516958655327,0.0,23,1.8932518171107837
108,-0.3636202099555442,-0.6293516958655327,0.0,24,2.0329590432813003
108,-0.3636202099555442,-0.6293516958655327,0.0,25,3.311103048856986
108,-0.3636202099555442,-0.6293516958655327,0.0,26,3.387038946151102
109,-0.3484767716444387,-0.7266967949344587,0.0,1,-13.309983395581312
109,-0.3484767716444387,-0.7266967949344587,0.0,2,-13.279930356562145
109,-0.3484767716444387,-0.7266967949344587,0.0,3,-13.190822445892413
109,-0.3484767716444387,-0.7266967949344587,0.0,4,-13.18749927535913
109,-0.3484767716444387,-0.7266967949344587,0.0,5,-6.611669890366736
109,-0.3484767716444387,-0.7266967949344587,0.0,6,-6.604258649407269
109,-0.3484767716444387,-0.7266967949344587,0.0,7,-6.153892767426203
109,-0.3484767716444387,-0.7266967949344587,0.0,8,-6.125219529528698
109,-0.3484767716444387,-0.7266967949344587,0.0,9,-5.22367809495424
109,-0.3484767716444387,-0.7266967949344587,0.0,10,-5.205808763508699
109,-0.3484767716444387,-0.7266967949344587,0.0,11,-4.728172229926564
109,-0.3484767716444387,-0.7266967949344587,0.0,12,-4.7144241984347115
109,-0.3484767716444387,-0.7266967949344587,0.0,13,-4.367057794903662
109,-0.3484767716444387,-0.7266967949344587,0.0,14,-4.326175986756741
109,-0.3484767716444387,-0.7266967949344587,0.0,15,-3.525154207413599
109,-0.3484767716444387,-0.7266967949344587,0.0,16,-3.511330506107793
109,-0.3484767716444387,-0.7266967949344587,0.0,17,-1.49525990730252
109,-0.3484767716444387,-0.7266967949344587,0.0,18,-1.3578541563912605
109,-0.3484767716444387,-0.7266967949344587,0.0,19,0.4884560015394922
109,-0.3484767716444387,-0.7266967949344587,0.0,20,0.49740423687407287
109,-0.3484767716444387,-0.7266967949344587,0.0,21,1.5533227804722334
109,-0.3484767716444387,-0.7266967949344587,0.0,22,1.579494774960166
109,-0.3484767716444387,-0.7266967949344587,0.0,23,1.903847617921514
109,-0.3484767716444387,-0.7266967949344587,0.0,24,2.043793567848507
109,-0.3484767716444387,-0.7266967949344587,0.0,25,3.3251844371517265
109,-0.3484767716444387,-0.7266967949344587,0.0,26,3.4017550120550215
110,-0.3484767716444387,-0.7135821926563989,0.0,1,-13.29797719901828
110,-0.3484767716444387,-0.7135821926563989,0.0,2,-13.267309427402953
110,-0.3484767716444387,-0.7135821926563989,0.0,3,-13.183176709317184
110,-0.3484767716444387,-0.7135821926563989,0.0,4,-13.179804531288784
110,-0.3484767716444387,-0.7135821926563989,0.0,5,-6.634337514868751
110,-0.3484767716444387,-0.7135821926563989,0.0,6,-6.62704443075387
110,-0.3484767716444387,-0.7135821926563989,0.0,7,-6.079203630153895
110,-0.3484767716444387,-0.7135821926563989,0.0,8,-6.048530040087858
110,-0.3484767716444387,-0.7135821926563989,0.0,9,-5.269346111638633
110,-0.3484767716444387,-0.7135821926563989,0.0,10,-5.245298957775564
110,-0.3484767716444387,-0.7135821926563989,0.0,11,-4.792533508977424
110,-0.3484767716444387,-0.7135821926563989,0.0,12,-4.7874923369892475
110,-0.3484767716444387,-0.7135821926563989,0.0,13,-4.344113341661361
110,-0.3484767716444387,-0.7135821926563989,0.0,14,-4.300614158165455
110,-0.3484767716444387,-0.7135821926563989,0.0,15,-3.558322527221231
110,-0.3484767716444387,-0.7135821926563989,0.0,16,-3.5410945399234284
110,-0.3484767716444387,-0.7135821926563989,0.0,17,-1.4669618348525733
110,-0.3484767716444387,-0.7135821926563989,0.0,18,-1.3259925231304162
110,-0.3484767716444387,-0.7135821926563989,0.0,19,0.4546109330772915
110,-0.3484767716444387,-0.7135821926563989,0.0,20,0.45943095049486027
110,-0.3484767716444387,-0.7135821926563989,0.0,21,1.5312910909677182
110,-0.3484767716444387,-0.7135821926563989,0.0,22,1.559474518388595
110,-0.3484767716444387,-0.7135821926563989,0.0,23,1.940094914153804
110,-0.3484767716444387,-0.7135821926563989,0.0,24,2.081477318576249
110,-0.3484767716444387,-0.7135821926563989,0.0,25,3.3528354666412477
110,-0.3484767716444387,-0.7135821926563989,0.0,26,3.4312437557195885
111,-0.3484767716444387,-0.7004675903783391,0.0,1,-13.289335523775517
111,-0.3484767716444387,-0.7004675903783391,0.0,2,-13.25822407413341
111,-0.3484767716444387,-0.7004675903783391,0.0,3,-13.177644315739096
111,-0.3484767716444387,-0.7004675903783391,0.0,4,-13.17423803792184
111,-0.3484767716444387,-0.7004675903783391,0.0,5,-6.650737161605294
111,-0.3484767716444387,-0.7004675903783391,0.0,6,-6.643530168677035
111,-0.3484767716444387,-0.7004675903783391,0.0,7,-6.0117002283764265
111,-0.3484767716444387,-0.7004675903783391,0.0,8,-5.979225073506511
111,-0.3484767716444387,-0.7004675903783391,0.0,9,-5.320894230737995
111,-0.3484767716444387,-0.7004675903783391,0.0,10,-5.29227452716826
111,-0.3484767716444387,-0.7004675903783391,0.0,11,-4.835674812747127
111,-0.3484767716444387,-0.7004675903783391,0.0,12,-4.834061335707176
111,-0.3484767716444387,-0.7004675903783391,0.0,13,-4.3258364960706945
111,-0.3484767716444387,-0.7004675903783391,0.0,14,-4.279868244420642
111,-0.3484767716444387,-0.7004675903783391,0.0,15,-3.584401610920171
111,-0.3484767716444387,-0.7004675903783391,0.0,16,-3.564225178967508
111,-0.3484767716444387,-0.7004675903783391,0.0,17,-1.445404415981194
111,-0.3484767716444387,-0.7004675903783391,0.0,18,-1.3015557148238401
111,-0.3484767716444387,-0.7004675903783391,0.0,19,0.42868616311747404
111,-0.3484767716444387,-0.7004675903783391,0.0,20,0.43017613783569475
111,-0.3484767716444387,-0.7004675903783391,0.0,21,1.5152958496745799
111,-0.3484767716444387,-0.7004675903783391,0.0,22,1.5447396805723246
111,-0.3484767716444387,-0.7004675903783391,0.0,23,1.9669622090350818
111,-0.3484767716444387,-0.7004675903783391,0.0,24,2.1091561156033602
111,-0.3484767716444387,-0.7004675903783391,0.0,25,3.373139999410399
111,-0.3484767716444387,-0.7004675903783391,0.0,26,3.4528489145974834
112,-0.3484767716444387,-0.6873529881002792,0.0,1,-13.284126976655191
112,-0.3484767716444387,-0.6873529881002792,0.0,2,-13.252747686081698
112,-0.3484767716444387,-0.6873529881002792,0.0,3,-13.174295126089895
112,-0.3484767716444387,-0.6873529881002792,0.0,4,-13.17086879452626
112,-0.3484767716444387,-0.6873529881002792,0.0,5,-6.660659123311555
112,-0.3484767716444387,-0.6873529881002792,0.0,6,-6.653504476790595
112,-0.3484767716444387,-0.6873529881002792,0.0,7,-5.961621815629431
112,-0.3484767716444387,-0.6873529881002792,0.0,8,-5.927771561489923
112,-0.3484767716444387,-0.6873529881002792,0.0,9,-5.364074414474255
112,-0.3484767716444387,-0.6873529881002792,0.0,10,-5.333136933376646
112,-0.3484767716444387,-0.6873529881002792,0.0,11,-4.861873168251228
112,-0.3484767716444387,-0.6873529881002792,0.0,12,-4.856426255852452
112,-0.3484767716444387,-0.6873529881002792,0.0,13,-4.3139926102840915
112,-0.3484767716444387,-0.6873529881002792,0.0,14,-4.266240503532676
112,-0.3484767716444387,-0.6873529881002792,0.0,15,-3.6012042466496634
112,-0.3484767716444387,-0.6873529881002792,0.0,16,-3.578977697274527
112,-0.3484767716444387,-0.6873529881002792,0.0,17,-1.4318876935281901
112,-0.3484767716444387,-0.6873529881002792,0.0,18,-1.2861518476307872
112,-0.3484767716444387,-0.6873529881002792,0.0,19,0.41170138793079675
112,-0.3484767716444387,-0.6873529881002792,0.0,20,0.41238587608358096
112,-0.3484767716444387,-0.6873529881002792,0.0,21,1.5055885496898664
112,-0.3484767716444387,-0.6873529881002792,0.0,22,1.5357357718785538
112,-0.3484767716444387,-0.6873529881002792,0.0,23,1.983455372443831
112,-0.3484767716444387,-0.6873529881002792,0.0,24,2.126068878241136
112,-0.3484767716444387,-0.6873529881002792,0.0,25,3.3855532814210036
112,-0.3484767716444387,-0.6873529881002792,0.0,26,3.4660361150972223
113,-0.3484767716444387,-0.6742383858222194,0.0,1,-13.282382572032692
113,-0.3484767716444387,-0.6742383858222194,0.0,2,-13.250913672708062
113,-0.3484767716444387,-0.6742383858222194,0.0,3,-13.173171696806612
113,-0.3484767716444387,-0.6742383858222194,0.0,4,-13.169738785904602
113,-0.3484767716444387,-0.6742383858222194,0.0,5,-6.66397966661295
113,-0.3484767716444387,-0.6742383858222194,0.0,6,-6.6568425604103645
113,-0.3484767716444387,-0.6742383858222194,0.0,7,-5.942485656587961
113,-0.3484767716444387,-0.6742383858222194,0.0,8,-5.908090188907567
113,-0.3484767716444387,-0.6742383858222194,0.0,9,-5.38141744879264
113,-0.3484767716444387,-0.6742383858222194,0.0,10,-5.349860468370911
113,-0.3484767716444387,-0.6742383858222194,0.0,11,-4.870048029290585
113,-0.3484767716444387,-0.6742383858222194,0.0,12,-4.863393146737096
113,-0.3484767716444387,-0.6742383858222194,0.0,13,-4.309881040135358
113,-0.3484767716444387,-0.6742383858222194,0.0,14,-4.261473881680802
113,-0.3484767716444387,-0.6742383858222194,0.0,15,-3.6070207354559765
113,-0.3484767716444387,-0.6742383858222194,0.0,16,-3.5840533717069967
113,-0.3484767716444387,-0.6742383858222194,0.0,17,-1.427269678472951
113,-0.3484767716444387,-0.6742383858222194,0.0,18,-1.2808762715779047
113,-0.3484767716444387,-0.6742383858222194,0.0,19,0.4053856807706908
113,-0.3484767716444387,-0.6742383858222194,0.0,20,0.40682753265164795
113,-0.3484767716444387,-0.6742383858222194,0.0,21,1.5023429229068022
113,-0.3484767716444387,-0.6742383858222194,0.0,22,1.5327169288488842
113,-0.3484767716444387,-0.6742383858222194,0.0,23,1.9890234195929843
113,-0.3484767716444387,-0.6742383858222194,0.0,24,2.131765886635053
113,-0.3484767716444387,-0.6742383858222194,0.0,25,3.389733010061459
113,-0.3484767716444387,-0.6742383858222194,0.0,26,3.470469922069965
114,-0.3484767716444387,-0.6611237835441596,0.0,1,-13.284126825186302
114,-0.3484767716444387,-0.6611237835441596,0.0,2,-13.252747534627463
114,-0.3484767716444387,-0.6611237835441596,0.0,3,-13.17429537040108
114,-0.3484767716444387,-0.6611237835441596,0.0,4,-13.170869040880305
114,-0.3484767716444387,-0.6611237835441596,0.0,5,-6.6606585381795576
114,-0.3484767716444387,-0.6611237835441596,0.0,6,-6.653503890686938
114,-0.3484767716444387,-0.6611237835441596,0.0,7,-5.961621903381579
114,-0.3484767716444387,-0.6611237835441596,0.0,8,-5.927771634268055
114,-0.3484767716444387,-0.6611237835441596,0.0,9,-5.364074586076703
114,-0.3484767716444387,-0.6611237835441596,0.0,10,-5.333137162444688
114,-0.3484767716444387,-0.6611237835441596,0.0,11,-4.861872723677994
114,-0.3484767716444387,-0.6611237835441596,0.0,12,-4.856425862063112
114,-0.3484767716444387,-0.6611237835441596,0.0,13,-4.313992178272732
114,-0.3484767716444387,-0.6611237835441596,0.0,14,-4.26623999491658
114,-0.3484767716444387,-0.6611237835441596,0.0,15,-3.601205181982042
114,-0.3484767716444387,-0.6611237835441596,0.0,16,-3.578978558555955
114,-0.3484767716444387,-0.6611237835441596,0.0,17,-1.4318873058261261
114,-0.3484767716444387,-0.6611237835441596,0.0,18,-1.2861514191475854
114,-0.3484767716444387,-0.6611237835441596,0.0,19,0.41170088312952136
114,-0.3484767716444387,-0.6611237835441596,0.0,20,0.4123854121804086
114,-0.3484767716444387,-0.6611237835441596,0.0,21,1.5055888174634453
114,-0.3484767716444387,-0.6611237835441596,0.0,22,1.5357360313076973
114,-0.3484767716444387,-0.6611237835441596,0.0,23,1.9834551103432059
114,-0.3484767716444387,-0.6611237835441596,0.0,24,2.1260686657733903
114,-0.3484767716444387,-0.6611237835441596,0.0,25,3.385555087383858
114,-0.3484767716444387,-0.6611237835441596,0.0,26,3.4660370344420786
115,-0.3484767716444387,-0.6480091812660997,0.0,1,-13.289335236672459
115,-0.3484767716444387,-0.6480091812660997,0.0,2,-13.258223788367207
115,-0.3484767716444387,-0.6480091812660997,0.0,3,-13.177644811486381
115,-0.3484767716444387,-0.6480091812660997,0.0,4,-13.174238534052986
115,-0.3484767716444387,-0.6480091812660997,0.0,5,-6.6507359909111905
115,-0.3484767716444387,-0.6480091812660997,0.0,6,-6.643528995234215
115,-0.3484767716444387,-0.6480091812660997,0.0,7,-6.01170038814341
115,-0.3484767716444387,-0.6480091812660997,0.0,8,-5.979225212124783
115,-0.3484767716444387,-0.6480091812660997,0.0,9,-5.320894480511484
115,-0.3484767716444387,-0.6480091812660997,0.0,10,-5.292274868420812
115,-0.3484767716444387,-0.6480091812660997,0.0,11,-4.835674009386482
115,-0.3484767716444387,-0.6480091812660997,0.0,12,-4.834060616914787
115,-0.3484767716444387,-0.6480091812660997,0.0,13,-4.325835676654558
115,-0.3484767716444387,-0.6480091812660997,0.0,14,-4.279867288054497
115,-0.3484767716444387,-0.6480091812660997,0.0,15,-3.5844034042099953
115,-0.3484767716444387,-0.6480091812660997,0.0,16,-3.564226845113088
115,-0.3484767716444387,-0.6480091812660997,0.0,17,-1.4454036166187998
115,-0.3484767716444387,-0.6480091812660997,0.0,18,-1.3015548419092435
115,-0.3484767716444387,-0.6480091812660997,0.0,19,0.428685285245381
115,-0.3484767716444387,-0.6480091812660997,0.0,20,0.4301751834504353
115,-0.3484767716444387,-0.6480091812660997,0.0,21,1.5152963905167134
115,-0.3484767716444387,-0.6480091812660997,0.0,22,1.5447402180888579
115,-0.3484767716444387,-0.6480091812660997,0.0,23,1.9669618959707815
115,-0.3484767716444387,-0.6480091812660997,0.0,24,2.1091555416576817
115,-0.3484767716444387,-0.6480091812660997,0.0,25,3.3731440937491532
115,-0.3484767716444387,-0.6480091812660997,0.0,26,3.4528488144642315
116,-0.3484767716444387,-0.6348945789880398,0.0,1,-13.297976775491279
116,-0.3484767716444387,-0.6348945789880398,0.0,2,-13.267309005158559
116,-0.3484767716444387,-0.6348945789880398,0.0,3,-13.18317744423232
116,-0.3484767716444387,-0.6348945789880398,0.0,4,-13.179805266690643
116,-0.3484767716444387,-0.6348945789880398,0.0,5,-6.634335758842254
116,-0.3484767716444387,-0.6348945789880398,0.0,6,-6.627042671081068
116,-0.3484767716444387,-0.6348945789880398,0.0,7,-6.0792038947716245
116,-0.3484767716444387,-0.6348945789880398,0.0,8,-6.048530282426188
116,-0.3484767716444387,-0.6348945789880398,0.0,9,-5.26934627681068
116,-0.3484767716444387,-0.6348945789880398,0.0,10,-5.245299211889276
116,-0.3484767716444387,-0.6348945789880398,0.0,11,-4.792532609277239
116,-0.3484767716444387,-0.6348945789880398,0.0,12,-4.787491347598334
116,-0.3484767716444387,-0.6348945789880398,0.0,13,-4.34411222929411
116,-0.3484767716444387,-0.6348945789880398,0.0,14,-4.300612877518874
116,-0.3484767716444387,-0.6348945789880398,0.0,15,-3.5583250403955855
116,-0.3484767716444387,-0.6348945789880398,0.0,16,-3.541096901577732
116,-0.3484767716444387,-0.6348945789880398,0.0,17,-1.4669606719894583
116,-0.3484767716444387,-0.6348945789880398,0.0,18,-1.3259912650897796
116,-0.3484767716444387,-0.6348945789880398,0.0,19,0.4546096827729026
116,-0.3484767716444387,-0.6348945789880398,0.0,20,0.4594296028263035
116,-0.3484767716444387,-0.6348945789880398,0.0,21,1.5312918686977457
116,-0.3484767716444387,-0.6348945789880398,0.0,22,1.5594752897510462
116,-0.3484767716444387,-0.6348945789880398,0.0,23,1.940094341562456
116,-0.3484767716444387,-0.6348945789880398,0.0,24,2.0814766592715728
116,-0.3484767716444387,-0.6348945789880398,0.0,25,3.3528350548589163
116,-0.3484767716444387,-0.6348945789880398,0.0,26,3.431242940075415
117,-0.3484767716444387,-0.6217799767099801,0.0,1,-13.309982838753527
117,-0.3484767716444387,-0.6217799767099801,0.0,2,-13.279929801177202
117,-0.3484767716444387,-0.6217799767099801,0.0,3,-13.190823409896758
117,-0.3484767716444387,-0.6217799767099801,0.0,4,-13.187500239125864
117,-0.3484767716444387,-0.6217799767099801,0.0,5,-6.611667564709007
117,-0.3484767716444387,-0.6217799767099801,0.0,6,-6.60425631909841
117,-0.3484767716444387,-0.6217799767099801,0.0,7,-6.153893110528507
117,-0.3484767716444387,-0.6217799767099801,0.0,8,-6.125219853336061
117,-0.3484767716444387,-0.6217799767099801,0.0,9,-5.2236779766063215
117,-0.3484767716444387,-0.6217799767099801,0.0,10,-5.205808706605824
117,-0.3484767716444387,-0.6217799767099801,0.0,11,-4.728171344626643
117,-0.3484767716444387,-0.6217799767099801,0.0,12,-4.714423239469801
117,-0.3484767716444387,-0.6217799767099801,0.0,13,-4.367056499713138
117,-0.3484767716444387,-0.6217799767099801,0.0,14,-4.326174514013566
117,-0.3484767716444387,-0.6217799767099801,0.0,15,-3.5251572934576507
117,-0.3484767716444387,-0.6217799767099801,0.0,16,-3.511333438020171
117,-0.3484767716444387,-0.6217799767099801,0.0,17,-1.4952584380092828
117,-0.3484767716444387,-0.6217799767099801,0.0,18,-1.3578525841357019
117,-0.3484767716444387,-0.6217799767099801,0.0,19,0.48845445882190386
117,-0.3484767716444387,-0.6217799767099801,0.0,20,0.4974025902961262
117,-0.3484767716444387,-0.6217799767099801,0.0,21,1.5533238452315206
117,-0.3484767716444387,-0.6217799767099801,0.0,22,1.5794957474467441
117,-0.3484767716444387,-0.6217799767099801,0.0,23,1.9038471049069257
117,-0.3484767716444387,-0.6217799767099801,0.0,24,2.043792771246839
117,-0.3484767716444387,-0.6217799767099801,0.0,25,3.3251844386195692
117,-0.3484767716444387,-0.6217799767099801,0.0,26,3.4017556315973327
118,-0.3333333333333333,-0.7191250757789059,0.0,1,-13.31111595622582
118,-0.3333333333333333,-0.7191250757789059,0.0,2,-13.280979840914615
118,-0.3333333333333333,-0.7191250757789059,0.0,3,-13.190954758446974
118,-0.3333333333333333,-0.7191250757789059,0.0,4,-13.18761760209306
118,-0.3333333333333333,-0.7191250757789059,0.0,5,-6.611543473181349
118,-0.3333333333333333,-0.7191250757789059,0.0,6,-6.604104328961787
118,-0.3333333333333333,-0.7191250757789059,0.0,7,-6.13540485988497
118,-0.3333333333333333,-0.7191250757789059,0.0,8,-6.107439618753087
118,-0.3333333333333333,-0.7191250757789059,0.0,9,-5.209101763701268
118,-0.3333333333333333,-0.7191250757789059,0.0,10,-5.186516247433489
118,-0.3333333333333333,-0.7191250757789059,0.0,11,-4.7642264180412175
118,-0.3333333333333333,-0.7191250757789059,0.0,12,-4.754755155991523
118,-0.3333333333333333,-0.7191250757789059,0.0,13,-4.3688659875851075
118,-0.3333333333333333,-0.7191250757789059,0.0,14,-4.3280712461082445
118,-0.3333333333333333,-0.7191250757789059,0.0,15,-3.5219283714254503
118,-0.3333333333333333,-0.7191250757789059,0.0,16,-3.5080376168458565
118,-0.3333333333333333,-0.7191250757789059,0.0,17,-1.4975010126716481
118,-0.3333333333333333,-0.7191250757789059,0.0,18,-1.3599021791729013
118,-0.3333333333333333,-0.7191250757789059,0.0,19,0.4862631784937973
118,-0.3333333333333333,-0.7191250757789059,0.0,20,0.49449750678648124
118,-0.3333333333333333,-0.7191250757789059,0.0,21,1.5437606902506407
118,-0.3333333333333333,-0.7191250757789059,0.0,22,1.5698950805019798
118,-0.3333333333333333,-0.7191250757789059,0.0,23,1.9027420609590402
118,-0.3333333333333333,-0.7191250757789059,0.0,24,2.042204299383008
118,-0.3333333333333333,-0.7191250757789059,0.0,25,3.332542596816794
118,-0.3333333333333333,-0.7191250757789059,0.0,26,3.4092153634276188
119,-0.3333333333333333,-0.7060104735008461,0.0,1,-13.297751058202605
119,-0.3333333333333333,-0.7060104735008461,0.0,2,-13.266997269222879
119,-0.3333333333333333,-0.7060104735008461,0.0,3,-13.182713730327771
119,-0.3333333333333333,-0.7060104735008461,0.0,4,-13.17933072779981
119,-0.3333333333333333,-0.7060104735008461,0.0,5,-6.635849956072871
119,-0.3333333333333333,-0.7060104735008461,0.0,6,-6.628549933735549
119,-0.3333333333333333,-0.7060104735008461,0.0,7,-6.0618130011061595
119,-0.3333333333333333,-0.7060104735008461,0.0,8,-6.031500270104766
119,-0.3333333333333333,-0.7060104735008461,0.0,9,-5.2674097134007525
119,-0.3333333333333333,-0.7060104735008461,0.0,10,-5.239500134676456
119,-0.3333333333333333,-0.7060104735008461,0.0,11,-4.8158838428245385
119,-0.3333333333333333,-0.7060104735008461,0.0,12,-4.81448394586768
119,-0.3333333333333333,-0.7060104735008461,0.0,13,-4.3434265018054425
119,-0.3333333333333333,-0.7060104735008461,0.0,14,-4.29973861251705
119,-0.3333333333333333,-0.7060104735008461,0.0,15,-3.55896745210699
119,-0.3333333333333333,-0.7060104735008461,0.0,16,-3.54145093628608
119,-0.3333333333333333,-0.7060104735008461,0.0,17,-1.4661535960791667
119,-0.3333333333333333,-0.7060104735008461,0.0,18,-1.3248120721688093
119,-0.3333333333333333,-0.7060104735008461,0.0,19,0.45101488353734787
119,-0.3333333333333333,-0.7060104735008461,0.0,20,0.4551506906571401
119,-0.3333333333333333,-0.7060104735008461,0.0,21,1.5247247457231823
119,-0.3333333333333333,-0.7060104735008461,0.0,22,1.552982798912511
119,-0.3333333333333333,-0.7060104735008461,0.0,23,1.942013812852128
119,-0.3333333333333333,-0.7060104735008461,0.0,24,2.0831858001380494
119,-0.3333333333333333,-0.7060104735008461,0.0,25,3.3586963601120994
119,-0.3333333333333333,-0.7060104735008461,0.0,26,3.437262361047712
120,-0.3333333333333333,-0.6928958712227863,0.0,1,-13.288126928747152
120,-0.3333333333333333,-0.6928958712227863,0.0,2,-13.256927303525528
120,-0.3333333333333333,-0.6928958712227863,0.0,3,-13.176753245468243
120,-0.3333333333333333,-0.6928958712227863,0.0,4,-13.173338761730017
120,-0.3333333333333333,-0.6928958712227863,0.0,5,-6.653427629524446
120,-0.3333333333333333,-0.6928958712227863,0.0,6,-6.646229627998096
120,-0.3333333333333333,-0.6928958712227863,0.0,7,-5.994101333219122
120,-0.3333333333333333,-0.6928958712227863,0.0,8,-5.961529706998643
120,-0.3333333333333333,-0.6928958712227863,0.0,9,-5.330456906076741
120,-0.3333333333333333,-0.6928958712227863,0.0,10,-5.299758046203351
120,-0.3333333333333333,-0.6928958712227863,0.0,11,-4.850729840632809
120,-0.3333333333333333,-0.6928958712227863,0.0,12,-4.846867241638396
120,-0.3333333333333333,-0.6928958712227863,0.0,13,-4.323035471693222
120,-0.3333333333333333,-0.6928958712227863,0.0,14,-4.276612948163088
120,-0.3333333333333333,-0.6928958712227863,0.0,15,-3.588260097498928
120,-0.3333333333333333,-0.6928958712227863,0.0,16,-3.5675417211136393
120,-0.3333333333333333,-0.6928958712227863,0.0,17,-1.4421903574936965
120,-0.3333333333333333,-0.6928958712227863,0.0,18,-1.2977982177970566
120,-0.3333333333333333,-0.6928958712227863,0.0,19,0.4238804150785572
120,-0.3333333333333333,-0.6928958712227863,0.0,20,0.42465645404943353
120,-0.3333333333333333,-0.6928958712227863,0.0,21,1.5108842675235157
120,-0.3333333333333333,-0.6928958712227863,0.0,22,1.5405004243857037
120,-0.3333333333333333,-0.6928958712227863,0.0,23,1.9712064175780477
120,-0.3333333333333333,-0.6928958712227863,0.0,24,2.1134087641816777
120,-0.3333333333333333,-0.6928958712227863,0.0,25,3.377904728732287
120,-0.3333333333333333,-0.6928958712227863,0.0,26,3.4578374909423397
121,-0.3333333333333333,-0.6797812689447265,0.0,1,-13.282318589317882
121,-0.3333333333333333,-0.6797812689447265,0.0,2,-13.250849592150738
121,-0.3333333333333333,-0.6797812689447265,0.0,3,-13.173141659466525
121,-0.3333333333333333,-0.6797812689447265,0.0,4,-13.169708964520096
121,-0.3333333333333333,-0.6797812689447265,0.0,5,-6.664055140741308
121,-0.3333333333333333,-0.6797812689447265,0.0,6,-6.656919013729844
121,-0.3333333333333333,-0.6797812689447265,0.0,7,-5.942744797329784
121,-0.3333333333333333,-0.6797812689447265,0.0,8,-5.908295706879819
121,-0.3333333333333333,-0.6797812689447265,0.0,9,-5.381833740297726
121,-0.3333333333333333,-0.6797812689447265,0.0,10,-5.350450454175364
121,-0.3333333333333333,-0.6797812689447265,0.0,11,-4.869294634958353
121,-0.3333333333333333,-0.6797812689447265,0.0,12,-4.862762819953572
121,-0.3333333333333333,-0.6797812689447265,0.0,13,-4.309740762605847
121,-0.3333333333333333,-0.6797812689447265,0.0,14,-4.261317418202463
121,-0.3333333333333333,-0.6797812689447265,0.0,15,-3.607236480235276
121,-0.3333333333333333,-0.6797812689447265,0.0,16,-3.584252422740631
121,-0.3333333333333333,-0.6797812689447265,0.0,17,-1.4271142604312106
121,-0.3333333333333333,-0.6797812689447265,0.0,18,-1.280710816190911
121,-0.3333333333333333,-0.6797812689447265,0.0,19,0.40530875460030497
121,-0.3333333333333333,-0.6797812689447265,0.0,20,0.4067508197972964
121,-0.3333333333333333,-0.6797812689447265,0.0,21,1.502489452969895
121,-0.3333333333333333,-0.6797812689447265,0.0,22,1.532871728109972
121,-0.3333333333333333,-0.6797812689447265,0.0,23,1.98917541811451
121,-0.3333333333333333,-0.6797812689447265,0.0,24,2.1319352805668705
121,-0.3333333333333333,-0.6797812689447265,0.0,25,3.3896580372422287
121,-0.3333333333333333,-0.6797812689447265,0.0,26,3.4704061396535764
122,-0.3333333333333333,-0.6666666666666666,0.0,1,-13.28037849695987
122,-0.3333333333333333,-0.6666666666666666,0.0,2,-13.248819604070796
122,-0.3333333333333333,-0.6666666666666666,0.0,3,-13.17194179170573
122,-0.3333333333333333,-0.6666666666666666,0.0,4,-13.168502970349849
122,-0.3333333333333333,-0.6666666666666666,0.0,5,-6.667616558994242
122,-0.3333333333333333,-0.6666666666666666,0.0,6,-6.660501674523909
122,-0.3333333333333333,-0.6666666666666666,0.0,7,-5.922757821987366
122,-0.3333333333333333,-0.6666666666666666,0.0,8,-5.887509509777532
122,-0.3333333333333333,-0.6666666666666666,0.0,9,-5.402309116482176
122,-0.3333333333333333,-0.6666666666666666,0.0,10,-5.37096828999667
122,-0.3333333333333333,-0.6666666666666666,0.0,11,-4.874935346006826
122,-0.3333333333333333,-0.6666666666666666,0.0,12,-4.867614476506677
122,-0.3333333333333333,-0.6666666666666666,0.0,13,-4.305112282563794
122,-0.3333333333333333,-0.6666666666666666,0.0,14,-4.2559476978607975
122,-0.3333333333333333,-0.6666666666666666,0.0,15,-3.613837901656878
122,-0.3333333333333333,-0.6666666666666666,0.0,16,-3.5900257619278477
122,-0.3333333333333333,-0.6666666666666666,0.0,17,-1.4219835967601857
122,-0.3333333333333333,-0.6666666666666666,0.0,18,-1.274873885726747
122,-0.3333333333333333,-0.6666666666666666,0.0,19,0.3986764789118037
122,-0.3333333333333333,-0.6666666666666666,0.0,20,0.40089496414169046
122,-0.3333333333333333,-0.6666666666666666,0.0,21,1.4996648109749409
122,-0.3333333333333333,-0.6666666666666666,0.0,22,1.5302958685882193
122,-0.3333333333333333,-0.6666666666666666,0.0,23,1.995233493651611
122,-0.3333333333333333,-0.6666666666666666,0.0,24,2.1381719746409615
122,-0.3333333333333333,-0.6666666666666666,0.0,25,3.393589969382038
122,-0.3333333333333333,-0.6666666666666666,0.0,26,3.474606090615071
123,-0.3333333333333333,-0.6535520643886068,0.0,1,-13.282318446071313
123,-0.3333333333333333,-0.6535520643886068,0.0,2,-13.250849449355892
123,-0.3333333333333333,-0.6535520643886068,0.0,3,-13.173141903525936
123,-0.3333333333333333,-0.6535520643886068,0.0,4,-13.169709208910051
123,-0.3333333333333333,-0.6535520643886068,0.0,5,-6.664054557673323
123,-0.3333333333333333,-0.6535520643886068,0.0,6,-6.656918430309666
123,-0.3333333333333333,-0.6535520643886068,0.0,7,-5.942744671266222
123,-0.3333333333333333,-0.6535520643886068,0.0,8,-5.908295556206259
123,-0.3333333333333333,-0.6535520643886068,0.0,9,-5.381834327134376
123,-0.3333333333333333,-0.6535520643886068,0.0,10,-5.3504511328383675
123,-0.3333333333333333,-0.6535520643886068,0.0,11,-4.8692939570784315
123,-0.3333333333333333,-0.6535520643886068,0.0,12,-4.862762216814051
123,-0.3333333333333333,-0.6535520643886068,0.0,13,-4.309740379015079
123,-0.3333333333333333,-0.6535520643886068,0.0,14,-4.261316960005788
123,-0.3333333333333333,-0.6535520643886068,0.0,15,-3.607237357801395
123,-0.3333333333333333,-0.6535520643886068,0.0,16,-3.5842532324814966
123,-0.3333333333333333,-0.6535520643886068,0.0,17,-1.4271138276367745
123,-0.3333333333333333,-0.6535520643886068,0.0,18,-1.280710340668335
123,-0.3333333333333333,-0.6535520643886068,0.0,19,0.4053082409098375
123,-0.3333333333333333,-0.6535520643886068,0.0,20,0.4067503468180713
123,-0.3333333333333333,-0.6535520643886068,0.0,21,1.5024897394614154
123,-0.3333333333333333,-0.6535520643886068,0.0,22,1.5328720199749508
123,-0.3333333333333333,-0.6535520643886068,0.0,23,1.9891752667461033
123,-0.3333333333333333,-0.6535520643886068,0.0,24,2.1319352298801233
123,-0.3333333333333333,-0.6535520643886068,0.0,25,3.3896477142926456
123,-0.3333333333333333,-0.6535520643886068,0.0,26,3.4703927164353248
124,-0.3333333333333333,-0.640437462110547,0.0,1,-13.288126652843331
124,-0.3333333333333333,-0.640437462110547,0.0,2,-13.256927028884359
124,-0.3333333333333333,-0.640437462110547,0.0,3,-13.176753729091157
124,-0.3333333333333333,-0.640437462110547,0.0,4,-13.173339245995034
124,-0.3333333333333333,-0.640437462110547,0.0,5,-6.653426460673959
124,-0.3333333333333333,-0.640437462110547,0.0,6,-6.646228457710574
124,-0.3333333333333333,-0.640437462110547,0.0,7,-5.994101178492233
124,-0.3333333333333333,-0.640437462110547,0.0,8,-5.961529518166721
124,-0.3333333333333333,-0.640437462110547,0.0,9,-5.330457928916509
124,-0.3333333333333333,-0.640437462110547,0.0,10,-5.2997592246923215
124,-0.3333333333333333,-0.640437462110547,0.0,11,-4.850728546242799
124,-0.3333333333333333,-0.640437462110547,0.0,12,-4.846866084308802
124,-0.3333333333333333,-0.640437462110547,0.0,13,-4.323034773561137
124,-0.3333333333333333,-0.640437462110547,0.0,14,-4.276612121889046
124,-0.3333333333333333,-0.640437462110547,0.0,15,-3.5882617651282795
124,-0.3333333333333333,-0.640437462110547,0.0,16,-3.567543271595094
124,-0.3333333333333333,-0.640437462110547,0.0,17,-1.4421894828194923
124,-0.3333333333333333,-0.640437462110547,0.0,18,-1.2977972659207282
124,-0.3333333333333333,-0.640437462110547,0.0,19,0.4238795252586453
124,-0.3333333333333333,-0.640437462110547,0.0,20,0.42465548956274707
124,-0.3333333333333333,-0.640437462110547,0.0,21,1.5108848155813064
124,-0.3333333333333333,-0.640437462110547,0.0,22,1.5405009723480507
124,-0.3333333333333333,-0.640437462110547,0.0,23,1.9712058955568375
124,-0.3333333333333333,-0.640437462110547,0.0,24,2.1134082280433257
124,-0.3333333333333333,-0.640437462110547,0.0,25,3.3779101942802887
124,-0.3333333333333333,-0.640437462110547,0.0,26,3.4578387830431834
125,-0.3333333333333333,-0.6273228598324871,0.0,1,-13.297750647489185
125,-0.3333333333333333,-0.6273228598324871,0.0,2,-13.266996860787064
125,-0.3333333333333333,-0.6273228598324871,0.0,3,-13.182714447256028
125,-0.3333333333333333,-0.6273228598324871,0.0,4,-13.179331446536239
125,-0.3333333333333333,-0.6273228598324871,0.0,5,-6.635848211042597
125,-0.3333333333333333,-0.6273228598324871,0.0,6,-6.628548186293421
125,-0.3333333333333333,-0.6273228598324871,0.0,7,-6.061812906729869
125,-0.3333333333333333,-0.6273228598324871,0.0,8,-6.031500143335464
125,-0.3333333333333333,-0.6273228598324871,0.0,9,-5.267410935713721
125,-0.3333333333333333,-0.6273228598324871,0.0,10,-5.239501524680075
125,-0.3333333333333333,-0.6273228598324871,0.0,11,-4.815882276467417
125,-0.3333333333333333,-0.6273228598324871,0.0,12,-4.81448221972198
125,-0.3333333333333333,-0.6273228598324871,0.0,13,-4.343425586478954
125,-0.3333333333333333,-0.6273228598324871,0.0,14,-4.299737541219911
125,-0.3333333333333333,-0.6273228598324871,0.0,15,-3.5589697765870323
125,-0.3333333333333333,-0.6273228598324871,0.0,16,-3.5414531213347766
125,-0.3333333333333333,-0.6273228598324871,0.0,17,-1.4661523277003359
125,-0.3333333333333333,-0.6273228598324871,0.0,18,-1.3248107049925335
125,-0.3333333333333333,-0.6273228598324871,0.0,19,0.4510136213423965
125,-0.3333333333333333,-0.6273228598324871,0.0,20,0.4551493350656189
125,-0.3333333333333333,-0.6273228598324871,0.0,21,1.5247255533134272
125,-0.3333333333333333,-0.6273228598324871,0.0,22,1.5529836010139513
125,-0.3333333333333333,-0.6273228598324871,0.0,23,1.9420130580976935
125,-0.3333333333333333,-0.6273228598324871,0.0,24,2.0831847384616973
125,-0.3333333333333333,-0.6273228598324871,0.0,25,3.358702297859037
125,-0.3333333333333333,-0.6273228598324871,0.0,26,3.4372647880240166
126,-0.3333333333333333,-0.6142082575544273,0.0,1,-13.31111542241664
126,-0.3333333333333333,-0.6142082575544273,0.0,2,-13.28097930916417
126,-0.3333333333333333,-0.6142082575544273,0.0,3,-13.190955694376713
126,-0.3333333333333333,-0.6142082575544273,0.0,4,-13.187618538648813
126,-0.3333333333333333,-0.6142082575544273,0.0,5,-6.611541173581413
126,-0.3333333333333333,-0.6142082575544273,0.0,6,-6.604102026768063
126,-0.3333333333333333,-0.6142082575544273,0.0,7,-6.135404830541415
126,-0.3333333333333333,-0.6142082575544273,0.0,8,-6.107439561448748
126,-0.3333333333333333,-0.6142082575544273,0.0,9,-5.209102894427506
126,-0.3333333333333333,-0.6142082575544273,0.0,10,-5.186517497072135
126,-0.3333333333333333,-0.6142082575544273,0.0,11,-4.764224715438923
126,-0.3333333333333333,-0.6142082575544273,0.0,12,-4.754753330831116
126,-0.3333333333333333,-0.6142082575544273,0.0,13,-4.368864946529067
126,-0.3333333333333333,-0.6142082575544273,0.0,14,-4.3280700427615475
126,-0.3333333333333333,-0.6142082575544273,0.0,15,-3.5219312151504996
126,-0.3333333333333333,-0.6142082575544273,0.0,16,-3.508040322299909
126,-0.3333333333333333,-0.6142082575544273,0.0,17,-1.497499426004768
126,-0.3333333333333333,-0.6142082575544273,0.0,18,-1.3599004835579482
126,-0.3333333333333333,-0.6142082575544273,0.0,19,0.48626164587132914
126,-0.3333333333333333,-0.6142082575544273,0.0,20,0.494495873600862
126,-0.3333333333333333,-0.6142082575544273,0.0,21,1.5437617630839024
126,-0.3333333333333333,-0.6142082575544273,0.0,22,1.5698961204079416
126,-0.3333333333333333,-0.6142082575544273,0.0,23,1.9027412316992292
126,-0.3333333333333333,-0.6142082575544273,0.0,24,2.042203624074493
126,-0.3333333333333333,-0.6142082575544273,0.0,25,3.3325339756001027
126,-0.3333333333333333,-0.6142082575544273,0.0,26,3.409170807225463
127,-0.3181898950222279,-0.7115533566233532,0.0,1,-13.316047547489223
127,-0.3181898950222279,-0.7115533566233532,0.0,2,-13.28600360850281
127,-0.3181898950222279,-0.7115533566233532,0.0,3,-13.193424611979033
127,-0.3181898950222279,-0.7115533566233532,0.0,4,-13.190087038722865
127,-0.3181898950222279,-0.7115533566233532,0.0,5,-6.604524906958309
127,-0.3181898950222279,-0.7115533566233532,0.0,6,-6.597018151545756
127,-0.3181898950222279,-0.7115533566233532,0.0,7,-6.13521790947959
127,-0.3181898950222279,-0.7115533566233532,0.0,8,-6.108569398795007
127,-0.3181898950222279,-0.7115533566233532,0.0,9,-5.17874918717598
127,-0.3181898950222279,-0.7115533566233532,0.0,10,-5.151823116130759
127,-0.3181898950222279,-0.7115533566233532,0.0,11,-4.787491287759114
127,-0.3181898950222279,-0.7115533566233532,0.0,12,-4.781163871938929
127,-0.3181898950222279,-0.7115533566233532,0.0,13,-4.377393710196078
127,-0.3181898950222279,-0.7115533566233532,0.0,14,-4.3373440934850604
127,-0.3181898950222279,-0.7115533566233532,0.0,15,-3.5088121159464682
127,-0.3181898950222279,-0.7115533566233532,0.0,16,-3.495752256309043
127,-0.3181898950222279,-0.7115533566233532,0.0,17,-1.5082781978838917
127,-0.3181898950222279,-0.7115533566233532,0.0,18,-1.3714641910235517
127,-0.3181898950222279,-0.7115533566233532,0.0,19,0.4935984570085695
127,-0.3181898950222279,-0.7115533566233532,0.0,20,0.5021823462192215
127,-0.3181898950222279,-0.7115533566233532,0.0,21,1.5395718193204422
127,-0.3181898950222279,-0.7115533566233532,0.0,22,1.56501351716796
127,-0.3181898950222279,-0.7115533566233532,0.0,23,1.8907932950447792
127,-0.3181898950222279,-0.7115533566233532,0.0,24,2.0292309677680365
127,-0.3181898950222279,-0.7115533566233532,0.0,25,3.332530544375902
127,-0.3181898950222279,-0.7115533566233532,0.0,26,3.4087477798532406
128,-0.3181898950222279,-0.6984387543452935,0.0,1,-13.301357407103644
128,-0.3181898950222279,-0.6984387543452935,0.0,2,-13.27069498066702
128,-0.3181898950222279,-0.6984387543452935,0.0,3,-13.184620925639393
128,-0.3181898950222279,-0.6984387543452935,0.0,4,-13.181240044962976
128,-0.3181898950222279,-0.6984387543452935,0.0,5,-6.630373922679579
128,-0.3181898950222279,-0.6984387543452935,0.0,6,-6.623026557379206
128,-0.3181898950222279,-0.6984387543452935,0.0,7,-6.067903096493482
128,-0.3181898950222279,-0.6984387543452935,0.0,8,-6.038721665735303
128,-0.3181898950222279,-0.6984387543452935,0.0,9,-5.244146592725621
128,-0.3181898950222279,-0.6984387543452935,0.0,10,-5.213232866156072
128,-0.3181898950222279,-0.6984387543452935,0.0,11,-4.827135725564662
128,-0.3181898950222279,-0.6984387543452935,0.0,12,-4.826623130444035
128,-0.3181898950222279,-0.6984387543452935,0.0,13,-4.350410246217987
128,-0.3181898950222279,-0.6984387543452935,0.0,14,-4.307470978860975
128,-0.3181898950222279,-0.6984387543452935,0.0,15,-3.548523874885671
128,-0.3181898950222279,-0.6984387543452935,0.0,16,-3.531854743250369
128,-0.3181898950222279,-0.6984387543452935,0.0,17,-1.4745845303210894
128,-0.3181898950222279,-0.6984387543452935,0.0,18,-1.3340089776628883
128,-0.3181898950222279,-0.6984387543452935,0.0,19,0.4578574264624445
128,-0.3181898950222279,-0.6984387543452935,0.0,20,0.46255899869907413
128,-0.3181898950222279,-0.6984387543452935,0.0,21,1.523651237631836
128,-0.3181898950222279,-0.6984387543452935,0.0,22,1.5514138779790252
128,-0.3181898950222279,-0.6984387543452935,0.0,23,1.932511596329952
128,-0.3181898950222279,-0.6984387543452935,0.0,24,2.0730289152897585
128,-0.3181898950222279,-0.6984387543452935,0.0,25,3.3569768297591542
128,-0.3181898950222279,-0.6984387543452935,0.0,26,3.4351912382276772
129,-0.3181898950222279,-0.6853241520672335,0.0,1,-13.290776085086776
129,-0.3181898950222279,-0.6853241520672335,0.0,2,-13.25966708463471
129,-0.3181898950222279,-0.6853241520672335,0.0,3,-13.178254057825022
129,-0.3181898950222279,-0.6853241520672335,0.0,4,-13.174843848465073
129,-0.3181898950222279,-0.6853241520672335,0.0,5,-6.649056014054894
129,-0.3181898950222279,-0.6853241520672335,0.0,6,-6.641825623308424
129,-0.3181898950222279,-0.6853241520672335,0.0,7,-6.0064935312022545
129,-0.3181898950222279,-0.6853241520672335,0.0,8,-5.974860051619682
129,-0.3181898950222279,-0.6853241520672335,0.0,9,-5.310787792180969
129,-0.3181898950222279,-0.6853241520672335,0.0,10,-5.278754220586608
129,-0.3181898950222279,-0.6853241520672335,0.0,11,-4.852590177661785
129,-0.3181898950222279,-0.6853241520672335,0.0,12,-4.848335645786404
129,-0.3181898950222279,-0.6853241520672335,0.0,13,-4.328719978040969
129,-0.3181898950222279,-0.6853241520672335,0.0,14,-4.283043706636819
129,-0.3181898950222279,-0.6853241520672335,0.0,15,-3.5799641739546395
129,-0.3181898950222279,-0.6853241520672335,0.0,16,-3.5600863800517386
129,-0.3181898950222279,-0.6853241520672335,0.0,17,-1.4487744646481295
129,-0.3181898950222279,-0.6853241520672335,0.0,18,-1.3051170056652035
129,-0.3181898950222279,-0.6853241520672335,0.0,19,0.4302028824588636
129,-0.3181898950222279,-0.6853241520672335,0.0,20,0.4316726232660898
129,-0.3181898950222279,-0.6853241520672335,0.0,21,1.51205175986411
129,-0.3181898950222279,-0.6853241520672335,0.0,22,1.54131422140482
129,-0.3181898950222279,-0.6853241520672335,0.0,23,1.9636348449762835
129,-0.3181898950222279,-0.6853241520672335,0.0,24,2.105454650965477
129,-0.3181898950222279,-0.6853241520672335,0.0,25,3.374918646114267
129,-0.3181898950222279,-0.6853241520672335,0.0,26,3.4545325044041775
130,-0.3181898950222279,-0.6722095497891737,0.0,1,-13.284388506985762
130,-0.3181898950222279,-0.6722095497891737,0.0,2,-13.253009678008203
130,-0.3181898950222279,-0.6722095497891737,0.0,3,-13.174403221142436
130,-0.3181898950222279,-0.6722095497891737,0.0,4,-13.170976172530759
130,-0.3181898950222279,-0.6722095497891737,0.0,5,-6.6603518214759205
130,-0.3181898950222279,-0.6722095497891737,0.0,6,-6.653192766377881
130,-0.3181898950222279,-0.6722095497891737,0.0,7,-5.960607872434929
130,-0.3181898950222279,-0.6722095497891737,0.0,8,-5.926951943189861
130,-0.3181898950222279,-0.6722095497891737,0.0,9,-5.362358180859234
130,-0.3181898950222279,-0.6722095497891737,0.0,10,-5.330747195020548
130,-0.3181898950222279,-0.6722095497891737,0.0,11,-4.864902004005529
130,-0.3181898950222279,-0.6722095497891737,0.0,12,-4.858963846978655
130,-0.3181898950222279,-0.6722095497891737,0.0,13,-4.314544466129341
130,-0.3181898950222279,-0.6722095497891737,0.0,14,-4.266854074696225
130,-0.3181898950222279,-0.6722095497891737,0.0,15,-3.600355612020251
130,-0.3181898950222279,-0.6722095497891737,0.0,16,-3.5781927447689865
130,-0.3181898950222279,-0.6722095497891737,0.0,17,-1.4325144293856344
130,-0.3181898950222279,-0.6722095497891737,0.0,18,-1.2868169515834875
130,-0.3181898950222279,-0.6722095497891737,0.0,19,0.41199709201165235
130,-0.3181898950222279,-0.6722095497891737,0.0,20,0.4126816312278774
130,-0.3181898950222279,-0.6722095497891737,0.0,21,1.50500187989533
130,-0.3181898950222279,-0.6722095497891737,0.0,22,1.5351156941549564
130,-0.3181898950222279,-0.6722095497891737,0.0,23,1.9828402949413113
130,-0.3181898950222279,-0.6722095497891737,0.0,24,2.1253845198766896
130,-0.3181898950222279,-0.6722095497891737,0.0,25,3.3858816094463826
130,-0.3181898950222279,-0.6722095497891737,0.0,26,3.466349754361291
131,-0.3181898950222279,-0.6590949475111139,0.0,1,-13.28225510067008
131,-0.3181898950222279,-0.6590949475111139,0.0,2,-13.250786093234785
131,-0.3181898950222279,-0.6590949475111139,0.0,3,-13.17311827422302
131,-0.3181898950222279,-0.6590949475111139,0.0,4,-13.169685703438104
131,-0.3181898950222279,-0.6590949475111139,0.0,5,-6.664131876066191
131,-0.3181898950222279,-0.6590949475111139,0.0,6,-6.656996882399209
131,-0.3181898950222279,-0.6590949475111139,0.0,7,-5.943007291644614
131,-0.3181898950222279,-0.6590949475111139,0.0,8,-5.9085046350120525
131,-0.3181898950222279,-0.6590949475111139,0.0,9,-5.382250032411418
131,-0.3181898950222279,-0.6590949475111139,0.0,10,-5.351039696255535
131,-0.3181898950222279,-0.6590949475111139,0.0,11,-4.8685458828311265
131,-0.3181898950222279,-0.6590949475111139,0.0,12,-4.862136545711765
131,-0.3181898950222279,-0.6590949475111139,0.0,13,-4.30960149807369
131,-0.3181898950222279,-0.6590949475111139,0.0,14,-4.26116192645469
131,-0.3181898950222279,-0.6590949475111139,0.0,15,-3.607454555578472
131,-0.3181898950222279,-0.6590949475111139,0.0,16,-3.584453504534321
131,-0.3181898950222279,-0.6590949475111139,0.0,17,-1.426964385975392
131,-0.3181898950222279,-0.6590949475111139,0.0,18,-1.2805501063329507
131,-0.3181898950222279,-0.6590949475111139,0.0,19,0.4052349881773953
131,-0.3181898950222279,-0.6590949475111139,0.0,20,0.40667723080544366
131,-0.3181898950222279,-0.6590949475111139,0.0,21,1.5026285449702992
131,-0.3181898950222279,-0.6590949475111139,0.0,22,1.5330194533279315
131,-0.3181898950222279,-0.6590949475111139,0.0,23,1.9893271808059914
131,-0.3181898950222279,-0.6590949475111139,0.0,24,2.132105117203084
131,-0.3181898950222279,-0.6590949475111139,0.0,25,3.389562574353296
131,-0.3181898950222279,-0.6590949475111139,0.0,26,3.4703115941160947
132,-0.3181898950222279,-0.645980345233054,0.0,1,-13.284388373822807
132,-0.3181898950222279,-0.645980345233054,0.0,2,-13.253009545930055
132,-0.3181898950222279,-0.645980345233054,0.0,3,-13.174403460592863
132,-0.3181898950222279,-0.645980345233054,0.0,4,-13.170976411030875
132,-0.3181898950222279,-0.645980345233054,0.0,5,-6.660351238592295
132,-0.3181898950222279,-0.645980345233054,0.0,6,-6.653192182686871
132,-0.3181898950222279,-0.645980345233054,0.0,7,-5.960607583086125
132,-0.3181898950222279,-0.645980345233054,0.0,8,-5.926951626872478
132,-0.3181898950222279,-0.645980345233054,0.0,9,-5.362359125258239
132,-0.3181898950222279,-0.645980345233054,0.0,10,-5.33074825665668
132,-0.3181898950222279,-0.645980345233054,0.0,11,-4.8649011059558145
132,-0.3181898950222279,-0.645980345233054,0.0,12,-4.858963045814075
132,-0.3181898950222279,-0.645980345233054,0.0,13,-4.314544161968252
132,-0.3181898950222279,-0.645980345233054,0.0,14,-4.266853707237505
132,-0.3181898950222279,-0.645980345233054,0.0,15,-3.6003564048611447
132,-0.3181898950222279,-0.645980345233054,0.0,16,-3.5781934736699843
132,-0.3181898950222279,-0.645980345233054,0.0,17,-1.4325139440243642
132,-0.3181898950222279,-0.645980345233054,0.0,18,-1.2868164244760631
132,-0.3181898950222279,-0.645980345233054,0.0,19,0.4119965944321329
132,-0.3181898950222279,-0.645980345233054,0.0,20,0.41268117216270117
132,-0.3181898950222279,-0.645980345233054,0.0,21,1.505002174699725
132,-0.3181898950222279,-0.645980345233054,0.0,22,1.535115983752748
132,-0.3181898950222279,-0.645980345233054,0.0,23,1.982840053679241
132,-0.3181898950222279,-0.645980345233054,0.0,24,2.125384184720063
132,-0.3181898950222279,-0.645980345233054,0.0,25,3.385885476724462
132,-0.3181898950222279,-0.645980345233054,0.0,26,3.466354799982191
133,-0.3181898950222279,-0.6328657429549942,0.0,1,-13.290775819525205
133,-0.3181898950222279,-0.6328657429549942,0.0,2,-13.259666821059866
133,-0.3181898950222279,-0.6328657429549942,0.0,3,-13.178254529373849
133,-0.3181898950222279,-0.6328657429549942,0.0,4,-13.174844319959515
133,-0.3181898950222279,-0.6328657429549942,0.0,5,-6.649054850602753
133,-0.3181898950222279,-0.6328657429549942,0.0,6,-6.641824458643897
133,-0.3181898950222279,-0.6328657429549942,0.0,7,-6.006493102944561
133,-0.3181898950222279,-0.6328657429549942,0.0,8,-5.974859586225347
133,-0.3181898950222279,-0.6328657429549942,0.0,9,-5.310789537270252
133,-0.3181898950222279,-0.6328657429549942,0.0,10,-5.278756180259635
133,-0.3181898950222279,-0.6328657429549942,0.0,11,-4.852588398986229
133,-0.3181898950222279,-0.6328657429549942,0.0,12,-4.848334060184125
133,-0.3181898950222279,-0.6328657429549942,0.0,13,-4.328719437562426
133,-0.3181898950222279,-0.6328657429549942,0.0,14,-4.283043057773006
133,-0.3181898950222279,-0.6328657429549942,0.0,15,-3.579965664234403
133,-0.3181898950222279,-0.6328657429549942,0.0,16,-3.5600877736447982
133,-0.3181898950222279,-0.6328657429549942,0.0,17,-1.4487735350765503
133,-0.3181898950222279,-0.6328657429549942,0.0,18,-1.3051159995471222
133,-0.3181898950222279,-0.6328657429549942,0.0,19,0.43020200074741755
133,-0.3181898950222279,-0.6328657429549942,0.0,20,0.4316716726179112
133,-0.3181898950222279,-0.6328657429549942,0.0,21,1.5120523254926317
133,-0.3181898950222279,-0.6328657429549942,0.0,22,1.5413147877422158
133,-0.3181898950222279,-0.6328657429549942,0.0,23,1.9636343757153534
133,-0.3181898950222279,-0.6328657429549942,0.0,24,2.105454215272027
133,-0.3181898950222279,-0.6328657429549942,0.0,25,3.3749184830931904
133,-0.3181898950222279,-0.6328657429549942,0.0,26,3.454531780800443
134,-0.3181898950222279,-0.6197511406769344,0.0,1,-13.301357012732282
134,-0.3181898950222279,-0.6197511406769344,0.0,2,-13.270694588159293
134,-0.3181898950222279,-0.6197511406769344,0.0,3,-13.184621623261691
134,-0.3181898950222279,-0.6197511406769344,0.0,4,-13.18124074254004
134,-0.3181898950222279,-0.6197511406769344,0.0,5,-6.630372185735118
134,-0.3181898950222279,-0.6197511406769344,0.0,6,-6.623024817853445
134,-0.3181898950222279,-0.6197511406769344,0.0,7,-6.067902681445159
134,-0.3181898950222279,-0.6197511406769344,0.0,8,-6.038721216286448
134,-0.3181898950222279,-0.6197511406769344,0.0,9,-5.244148890498211
134,-0.3181898950222279,-0.6197511406769344,0.0,10,-5.213235435471067
134,-0.3181898950222279,-0.6197511406769344,0.0,11,-4.827133185381766
134,-0.3181898950222279,-0.6197511406769344,0.0,12,-4.826620847552793
134,-0.3181898950222279,-0.6197511406769344,0.0,13,-4.350409551208418
134,-0.3181898950222279,-0.6197511406769344,0.0,14,-4.307470153396876
134,-0.3181898950222279,-0.6197511406769344,0.0,15,-3.548525950822241
134,-0.3181898950222279,-0.6197511406769344,0.0,16,-3.531856701614063
134,-0.3181898950222279,-0.6197511406769344,0.0,17,-1.4745831855418146
134,-0.3181898950222279,-0.6197511406769344,0.0,18,-1.334007536153775
134,-0.3181898950222279,-0.6197511406769344,0.0,19,0.4578561796517105
134,-0.3181898950222279,-0.6197511406769344,0.0,20,0.4625576649429334
134,-0.3181898950222279,-0.6197511406769344,0.0,21,1.5236520843553603
134,-0.3181898950222279,-0.6197511406769344,0.0,22,1.551414710615573
134,-0.3181898950222279,-0.6197511406769344,0.0,23,1.9325109018471007
134,-0.3181898950222279,-0.6197511406769344,0.0,24,2.073028250607007
134,-0.3181898950222279,-0.6197511406769344,0.0,25,3.3569789521833675
134,-0.3181898950222279,-0.6197511406769344,0.0,26,3.4351826460771653
135,-0.3181898950222279,-0.6066365383988745,0.0,1,-13.316047032264514
135,-0.3181898950222279,-0.6066365383988745,0.0,2,-13.286003095613463
135,-0.3181898950222279,-0.6066365383988745,0.0,3,-13.193425519878794
135,-0.3181898950222279,-0.6066365383988745,0.0,4,-13.1900879458181
135,-0.3181898950222279,-0.6066365383988745,0.0,5,-6.6045226241115
135,-0.3181898950222279,-0.6066365383988745,0.0,6,-6.59701586473903
135,-0.3181898950222279,-0.6066365383988745,0.0,7,-6.1352175514932235
135,-0.3181898950222279,-0.6066365383988745,0.0,8,-6.108569010759495
135,-0.3181898950222279,-0.6066365383988745,0.0,9,-5.178751696978984
135,-0.3181898950222279,-0.6066365383988745,0.0,10,-5.151825851879566
135,-0.3181898950222279,-0.6066365383988745,0.0,11,-4.78748859565146
135,-0.3181898950222279,-0.6066365383988745,0.0,12,-4.781160952423075
135,-0.3181898950222279,-0.6066365383988745,0.0,13,-4.377392948209134
135,-0.3181898950222279,-0.6066365383988745,0.0,14,-4.337343192412921
135,-0.3181898950222279,-0.6066365383988745,0.0,15,-3.5088146594856573
135,-0.3181898950222279,-0.6066365383988745,0.0,16,-3.495754684036454
135,-0.3181898950222279,-0.6066365383988745,0.0,17,-1.5082765130292264
135,-0.3181898950222279,-0.6066365383988745,0.0,18,-1.3714624011465926
135,-0.3181898950222279,-0.6066365383988745,0.0,19,0.493596948900866
135,-0.3181898950222279,-0.6066365383988745,0.0,20,0.5021807470044777
135,-0.3181898950222279,-0.6066365383988745,0.0,21,1.539572922921414
135,-0.3181898950222279,-0.6066365383988745,0.0,22,1.5650145678467282
135,-0.3181898950222279,-0.6066365383988745,0.0,23,1.8907923228441181
135,-0.3181898950222279,-0.6066365383988745,0.0,24,2.029230023217411
135,-0.3181898950222279,-0.6066365383988745,0.0,25,3.3325273525959043
135,-0.3181898950222279,-0.6066365383988745,0.0,26,3.408674625633468
136,-0.3030464567111224,-0.7039816374678005,0.0,1,-13.324343546092006
136,-0.3030464567111224,-0.7039816374678005,0.0,2,-13.294565206317255
136,-0.3030464567111224,-0.7039816374678005,0.0,3,-13.198034979148286
136,-0.3030464567111224,-0.7039816374678005,0.0,4,-13.194712231436682
136,-0.3030464567111224,-0.7039816374678005,0.0,5,-6.591110177288291
136,-0.3030464567111224,-0.7039816374678005,0.0,6,-6.58350297918607
136,-0.3030464567111224,-0.7039816374678005,0.0,7,-6.1534882192140845
136,-0.3030464567111224,-0.7039816374678005,0.0,8,-6.128394631586186
136,-0.3030464567111224,-0.7039816374678005,0.0,9,-5.139353899041643
136,-0.3030464567111224,-0.7039816374678005,0.0,10,-5.110450815791085
136,-0.3030464567111224,-0.7039816374678005,0.0,11,-4.791403534583505
136,-0.3030464567111224,-0.7039816374678005,0.0,12,-4.785458229895955
136,-0.3030464567111224,-0.7039816374678005,0.0,13,-4.391290690602279
136,-0.3030464567111224,-0.7039816374678005,0.0,14,-4.352467771009136
136,-0.3030464567111224,-0.7039816374678005,0.0,15,-3.4876892508461053
136,-0.3030464567111224,-0.7039816374678005,0.0,16,-3.4761705612905267
136,-0.3030464567111224,-0.7039816374678005,0.0,17,-1.5262040259681968
136,-0.3030464567111224,-0.7039816374678005,0.0,18,-1.3910210842261863
136,-0.3030464567111224,-0.7039816374678005,0.0,19,0.5095613953721355
136,-0.3030464567111224,-0.7039816374678005,0.0,20,0.519461240928651
136,-0.3030464567111224,-0.7039816374678005,0.0,21,1.5416229346843728
136,-0.3030464567111224,-0.7039816374678005,0.0,22,1.5657289649604658
136,-0.3030464567111224,-0.7039816374678005,0.0,23,1.8693138238939402
136,-0.3030464567111224,-0.7039816374678005,0.0,24,2.0062452919999467
136,-0.3030464567111224,-0.7039816374678005,0.0,25,3.324769378695554
136,-0.3030464567111224,-0.7039816374678005,0.0,26,3.3998942180296785
137,-0.3030464567111224,-0.6908670351897407,0.0,1,-13.308383761904675
137,-0.3030464567111224,-0.6908670351897407,0.0,2,-13.277988529983045
137,-0.3030464567111224,-0.6908670351897407,0.0,3,-13.188715683347567
137,-0.3030464567111224,-0.6908670351897407,0.0,4,-13.18535131781585
137,-0.3030464567111224,-0.6908670351897407,0.0,5,-6.618414689750437
137,-0.3030464567111224,-0.6908670351897407,0.0,6,-6.610986971893648
137,-0.3030464567111224,-0.6908670351897407,0.0,7,-6.096531649702012
137,-0.3030464567111224,-0.6908670351897407,0.0,8,-6.068808166879169
137,-0.3030464567111224,-0.6908670351897407,0.0,9,-5.206600513532749
137,-0.3030464567111224,-0.6908670351897407,0.0,10,-5.175460762392594
137,-0.3030464567111224,-0.6908670351897407,0.0,11,-4.819014184072049
137,-0.3030464567111224,-0.6908670351897407,0.0,12,-4.818210559325361
137,-0.3030464567111224,-0.6908670351897407,0.0,13,-4.363681461990051
137,-0.3030464567111224,-0.6908670351897407,0.0,14,-4.322197514892201
137,-0.3030464567111224,-0.6908670351897407,0.0,15,-3.5289693304228154
137,-0.3030464567111224,-0.6908670351897407,0.0,16,-3.514052160170678
137,-0.3030464567111224,-0.6908670351897407,0.0,17,-1.4909191796155243
137,-0.3030464567111224,-0.6908670351897407,0.0,18,-1.352103128683372
137,-0.3030464567111224,-0.6908670351897407,0.0,19,0.47422125513034086
137,-0.3030464567111224,-0.6908670351897407,0.0,20,0.4806369636256005
137,-0.3030464567111224,-0.6908670351897407,0.0,21,1.5289052485276027
137,-0.3030464567111224,-0.6908670351897407,0.0,22,1.5556229161664963
137,-0.3030464567111224,-0.6908670351897407,0.0,23,1.912808158551259
137,-0.3030464567111224,-0.6908670351897407,0.0,24,2.052297945792165
137,-0.3030464567111224,-0.6908670351897407,0.0,25,3.347279969389798
137,-0.3030464567111224,-0.6908670351897407,0.0,26,3.424543003016617
138,-0.3030464567111224,-0.6777524329116809,0.0,1,-13.296874623671787
138,-0.3030464567111224,-0.6777524329116809,0.0,2,-13.266033656585257
138,-0.3030464567111224,-0.6777524329116809,0.0,3,-13.181972781376217
138,-0.3030464567111224,-0.6777524329116809,0.0,4,-13.1785806409811
138,-0.3030464567111224,-0.6777524329116809,0.0,5,-6.638132217944604
138,-0.3030464567111224,-0.6777524329116809,0.0,6,-6.6308356889314295
138,-0.3030464567111224,-0.6777524329116809,0.0,7,-6.04597286917683
138,-0.3030464567111224,-0.6777524329116809,0.0,8,-6.015774263101263
138,-0.3030464567111224,-0.6777524329116809,0.0,9,-5.270436685265602
138,-0.3030464567111224,-0.6777524329116809,0.0,10,-5.239483886670276
138,-0.3030464567111224,-0.6777524329116809,0.0,11,-4.834823110758047
138,-0.3030464567111224,-0.6777524329116809,0.0,12,-4.833194505312453
138,-0.3030464567111224,-0.6777524329116809,0.0,13,-4.341504241621489
138,-0.3030464567111224,-0.6777524329116809,0.0,14,-4.297504770970156
138,-0.3030464567111224,-0.6777524329116809,0.0,15,-3.5615256428714908
138,-0.3030464567111224,-0.6777524329116809,0.0,16,-3.5436034339742166
138,-0.3030464567111224,-0.6777524329116809,0.0,17,-1.4638550090578546
138,-0.3030464567111224,-0.6777524329116809,0.0,18,-1.322058414079121
138,-0.3030464567111224,-0.6777524329116809,0.0,19,0.44675913813023027
138,-0.3030464567111224,-0.6777524329116809,0.0,20,0.4502255500867574
138,-0.3030464567111224,-0.6777524329116809,0.0,21,1.5196196486323648
138,-0.3030464567111224,-0.6777524329116809,0.0,22,1.5480281049507685
138,-0.3030464567111224,-0.6777524329116809,0.0,23,1.9454133101337003
138,-0.3030464567111224,-0.6777524329116809,0.0,24,2.0865346965029774
138,-0.3030464567111224,-0.6777524329116809,0.0,25,3.363785034860406
138,-0.3030464567111224,-0.6777524329116809,0.0,26,3.4425577951331485
139,-0.3030464567111224,-0.664637830633621,0.0,1,-13.289924899421807
139,-0.3030464567111224,-0.664637830633621,0.0,2,-13.258814532572616
139,-0.3030464567111224,-0.664637830633621,0.0,3,-13.177894753580945
139,-0.3030464567111224,-0.664637830633621,0.0,4,-13.174486837573747
139,-0.3030464567111224,-0.664637830633621,0.0,5,-6.6500498170260745
139,-0.3030464567111224,-0.664637830633621,0.0,6,-6.642833296045268
139,-0.3030464567111224,-0.664637830633621,0.0,7,-6.009569642648822
139,-0.3030464567111224,-0.664637830633621,0.0,8,-5.977437028277343
139,-0.3030464567111224,-0.664637830633621,0.0,9,-5.316843844496235
139,-0.3030464567111224,-0.664637830633621,0.0,10,-5.286880183659745
139,-0.3030464567111224,-0.664637830633621,0.0,11,-4.842461307146772
139,-0.3030464567111224,-0.664637830633621,0.0,12,-4.839818145405303
139,-0.3030464567111224,-0.664637830633621,0.0,13,-4.32701893830818
139,-0.3030464567111224,-0.664637830633621,0.0,14,-4.281171292626944
139,-0.3030464567111224,-0.664637830633621,0.0,15,-3.58258249094888
139,-0.3030464567111224,-0.664637830633621,0.0,16,-3.562529184916137
139,-0.3030464567111224,-0.664637830633621,0.0,17,-1.4467870725391474
139,-0.3030464567111224,-0.664637830633621,0.0,18,-1.3030164979678454
139,-0.3030464567111224,-0.664637830633621,0.0,19,0.42931067793728384
139,-0.3030464567111224,-0.664637830633621,0.0,20,0.43079268363707435
139,-0.3030464567111224,-0.664637830633621,0.0,21,1.5139639554303632
139,-0.3030464567111224,-0.664637830633621,0.0,22,1.5433336338102264
139,-0.3030464567111224,-0.664637830633621,0.0,23,1.965597360181999
139,-0.3030464567111224,-0.664637830633621,0.0,24,2.1076380133961132
139,-0.3030464567111224,-0.664637830633621,0.0,25,3.373869135936432
139,-0.3030464567111224,-0.664637830633621,0.0,26,3.45353948816959
140,-0.3030464567111224,-0.6515232283555612,0.0,1,-13.287602362697154
140,-0.3030464567111224,-0.6515232283555612,0.0,2,-13.256401745674498
140,-0.3030464567111224,-0.6515232283555612,0.0,3,-13.176531069723378
140,-0.3030464567111224,-0.6515232283555612,0.0,4,-13.173118063244772
140,-0.3030464567111224,-0.6515232283555612,0.0,5,-6.654038978913885
140,-0.3030464567111224,-0.6515232283555612,0.0,6,-6.646849479547133
140,-0.3030464567111224,-0.6515232283555612,0.0,7,-5.9960344058597395
140,-0.3030464567111224,-0.6515232283555612,0.0,8,-5.9631349381471495
140,-0.3030464567111224,-0.6515232283555612,0.0,9,-5.334017361094856
140,-0.3030464567111224,-0.6515232283555612,0.0,10,-5.30456536634918
140,-0.3030464567111224,-0.6515232283555612,0.0,11,-4.84467071286558
140,-0.3030464567111224,-0.6515232283555612,0.0,12,-4.841751799638941
140,-0.3030464567111224,-0.6515232283555612,0.0,13,-4.321967002882119
140,-0.3030464567111224,-0.6515232283555612,0.0,14,-4.275432344130785
140,-0.3030464567111224,-0.6515232283555612,0.0,15,-3.589900739777062
140,-0.3030464567111224,-0.6515232283555612,0.0,16,-3.5690675108220375
140,-0.3030464567111224,-0.6515232283555612,0.0,17,-1.4409501346195701
140,-0.3030464567111224,-0.6515232283555612,0.0,18,-1.296486605056891
140,-0.3030464567111224,-0.6515232283555612,0.0,19,0.42331490666137395
140,-0.3030464567111224,-0.6515232283555612,0.0,20,0.4240956955701435
140,-0.3030464567111224,-0.6515232283555612,0.0,21,1.5120697260534235
140,-0.3030464567111224,-0.6515232283555612,0.0,22,1.5417519413186795
140,-0.3030464567111224,-0.6515232283555612,0.0,23,1.9724280569112236
140,-0.3030464567111224,-0.6515232283555612,0.0,24,2.1147669134080624
140,-0.3030464567111224,-0.6515232283555612,0.0,25,3.3772553153956784
140,-0.3030464567111224,-0.6515232283555612,0.0,26,3.457222875211574
141,-0.3030464567111224,-0.6384086260775014,0.0,1,-13.289924773103127
141,-0.3030464567111224,-0.6384086260775014,0.0,2,-13.258814406513832
141,-0.3030464567111224,-0.6384086260775014,0.0,3,-13.177894984753134
141,-0.3030464567111224,-0.6384086260775014,0.0,4,-13.174487069334727
141,-0.3030464567111224,-0.6384086260775014,0.0,5,-6.6500492373080835
141,-0.3030464567111224,-0.6384086260775014,0.0,6,-6.642832715801845
141,-0.3030464567111224,-0.6384086260775014,0.0,7,-6.009569283461408
141,-0.3030464567111224,-0.6384086260775014,0.0,8,-5.977436646409851
141,-0.3030464567111224,-0.6384086260775014,0.0,9,-5.31684503559565
141,-0.3030464567111224,-0.6384086260775014,0.0,10,-5.286881494404314
141,-0.3030464567111224,-0.6384086260775014,0.0,11,-4.842460236471888
141,-0.3030464567111224,-0.6384086260775014,0.0,12,-4.839817177282777
141,-0.3030464567111224,-0.6384086260775014,0.0,13,-4.327018725529881
141,-0.3030464567111224,-0.6384086260775014,0.0,14,-4.281171030503802
141,-0.3030464567111224,-0.6384086260775014,0.0,15,-3.5825831700309148
141,-0.3030464567111224,-0.6384086260775014,0.0,16,-3.562529820180871
141,-0.3030464567111224,-0.6384086260775014,0.0,17,-1.4467865688099972
141,-0.3030464567111224,-0.6384086260775014,0.0,18,-1.3030159548346076
141,-0.3030464567111224,-0.6384086260775014,0.0,19,0.42931023366624876
141,-0.3030464567111224,-0.6384086260775014,0.0,20,0.4307922042775804
141,-0.3030464567111224,-0.6384086260775014,0.0,21,1.5139642563178421
141,-0.3030464567111224,-0.6384086260775014,0.0,22,1.543333931794403
141,-0.3030464567111224,-0.6384086260775014,0.0,23,1.9655970916601349
141,-0.3030464567111224,-0.6384086260775014,0.0,24,2.1076378010952177
141,-0.3030464567111224,-0.6384086260775014,0.0,25,3.37386887203161
141,-0.3030464567111224,-0.6384086260775014,0.0,26,3.453539102948869
142,-0.3030464567111224,-0.6252940237994415,0.0,1,-13.29687437055427
142,-0.3030464567111224,-0.6252940237994415,0.0,2,-13.266033405222469
142,-0.3030464567111224,-0.6252940237994415,0.0,3,-13.181973236468234
142,-0.3030464567111224,-0.6252940237994415,0.0,4,-13.178581095385699
142,-0.3030464567111224,-0.6252940237994415,0.0,5,-6.638131064145047
142,-0.3030464567111224,-0.6252940237994415,0.0,6,-6.63083453379949
142,-0.3030464567111224,-0.6252940237994415,0.0,7,-6.045972308761776
142,-0.3030464567111224,-0.6252940237994415,0.0,8,-6.015773669378726
142,-0.3030464567111224,-0.6252940237994415,0.0,9,-5.27043896958243
142,-0.3030464567111224,-0.6252940237994415,0.0,10,-5.239486405124523
142,-0.3030464567111224,-0.6252940237994415,0.0,11,-4.8348209388226016
142,-0.3030464567111224,-0.6252940237994415,0.0,12,-4.833192548621603
142,-0.3030464567111224,-0.6252940237994415,0.0,13,-4.34150387939403
142,-0.3030464567111224,-0.6252940237994415,0.0,14,-4.297504323369638
142,-0.3030464567111224,-0.6252940237994415,0.0,15,-3.5615269350543786
142,-0.3030464567111224,-0.6252940237994415,0.0,16,-3.5436046525058256
142,-0.3030464567111224,-0.6252940237994415,0.0,17,-1.463854017503023
142,-0.3030464567111224,-0.6252940237994415,0.0,18,-1.3220573525922092
142,-0.3030464567111224,-0.6252940237994415,0.0,19,0.4467582889604568
142,-0.3030464567111224,-0.6252940237994415,0.0,20,0.45022463885778485
142,-0.3030464567111224,-0.6252940237994415,0.0,21,1.5196202277610587
142,-0.3030464567111224,-0.6252940237994415,0.0,22,1.548028678171764
142,-0.3030464567111224,-0.6252940237994415,0.0,23,1.9454126334312978
142,-0.3030464567111224,-0.6252940237994415,0.0,24,2.086533903196952
142,-0.3030464567111224,-0.6252940237994415,0.0,25,3.363823166357853
142,-0.3030464567111224,-0.6252940237994415,0.0,26,3.4425582564791704
143,-0.3030464567111224,-0.6121794215213817,0.0,1,-13.308383379959523
143,-0.3030464567111224,-0.6121794215213817,0.0,2,-13.277988150340125
143,-0.3030464567111224,-0.6121794215213817,0.0,3,-13.188716352338812
143,-0.3030464567111224,-0.6121794215213817,0.0,4,-13.185351985802608
143,-0.3030464567111224,-0.6121794215213817,0.0,5,-6.618412985727426
143,-0.3030464567111224,-0.6121794215213817,0.0,6,-6.6109852660251
143,-0.3030464567111224,-0.6121794215213817,0.0,7,-6.0965310187284985
143,-0.3030464567111224,-0.6121794215213817,0.0,8,-6.068807504295991
143,-0.3030464567111224,-0.6121794215213817,0.0,9,-5.20660372933364
143,-0.3030464567111224,-0.6121794215213817,0.0,10,-5.175464315244032
143,-0.3030464567111224,-0.6121794215213817,0.0,11,-4.819011238096772
143,-0.3030464567111224,-0.6121794215213817,0.0,12,-4.818207287274296
143,-0.3030464567111224,-0.6121794215213817,0.0,13,-4.363681016155452
143,-0.3030464567111224,-0.6121794215213817,0.0,14,-4.322196964730287
143,-0.3030464567111224,-0.6121794215213817,0.0,15,-3.528971132372302
143,-0.3030464567111224,-0.6121794215213817,0.0,16,-3.514053877773992
143,-0.3030464567111224,-0.6121794215213817,0.0,17,-1.4909177810510226
143,-0.3030464567111224,-0.6121794215213817,0.0,18,-1.3521016417918137
143,-0.3030464567111224,-0.6121794215213817,0.0,19,0.4742200580024999
143,-0.3030464567111224,-0.6121794215213817,0.0,20,0.4806356922557633
143,-0.3030464567111224,-0.6121794215213817,0.0,21,1.528906123891117
143,-0.3030464567111224,-0.6121794215213817,0.0,22,1.5556237764388499
143,-0.3030464567111224,-0.6121794215213817,0.0,23,1.9128072878705091
143,-0.3030464567111224,-0.6121794215213817,0.0,24,2.052297180427912
143,-0.3030464567111224,-0.6121794215213817,0.0,25,3.347277425503907
143,-0.3030464567111224,-0.6121794215213817,0.0,26,3.424535405585769
144,-0.3030464567111224,-0.5990648192433219,0.0,1,-13.3243430592854
144,-0.3030464567111224,-0.5990648192433219,0.0,2,-13.294564722456208
144,-0.3030464567111224,-0.5990648192433219,0.0,3,-13.198035854171032
144,-0.3030464567111224,-0.5990648192433219,0.0,4,-13.19471310591226
144,-0.3030464567111224,-0.5990648192433219,0.0,5,-6.591107918239731
144,-0.3030464567111224,-0.5990648192433219,0.0,6,-6.583500717507158
144,-0.3030464567111224,-0.5990648192433219,0.0,7,-6.153487564333342
144,-0.3030464567111224,-0.5990648192433219,0.0,8,-6.128393951053721
144,-0.3030464567111224,-0.5990648192433219,0.0,9,-5.1393577622975934
144,-0.3030464567111224,-0.5990648192433219,0.0,10,-5.110455018500223
144,-0.3030464567111224,-0.5990648192433219,0.0,11,-4.7913998143180585
144,-0.3030464567111224,-0.5990648192433219,0.0,12,-4.785454164728742
144,-0.3030464567111224,-0.5990648192433219,0.0,13,-4.391290230549688
144,-0.3030464567111224,-0.5990648192433219,0.0,14,-4.352467198293577
144,-0.3030464567111224,-0.5990648192433219,0.0,15,-3.4876914726773647
144,-0.3030464567111224,-0.5990648192433219,0.0,16,-3.476172697404402
144,-0.3030464567111224,-0.5990648192433219,0.0,17,-1.5262022757496387
144,-0.3030464567111224,-0.5990648192433219,0.0,18,-1.3910192365823293
144,-0.3030464567111224,-0.5990648192433219,0.0,19,0.5095599521239562
144,-0.3030464567111224,-0.5990648192433219,0.0,20,0.5194597249711324
144,-0.3030464567111224,-0.5990648192433219,0.0,21,1.5416240828367966
144,-0.3030464567111224,-0.5990648192433219,0.0,22,1.565730068346916
144,-0.3030464567111224,-0.5990648192433219,0.0,23,1.8693128985694933
144,-0.3030464567111224,-0.5990648192433219,0.0,24,2.0062444129301333
144,-0.3030464567111224,-0.5990648192433219,0.0,25,3.3247660415840263
144,-0.3030464567111224,-0.5990648192433219,0.0,26,3.399890771646283
145,-0.287903018400017,-0.6964099183122477,0.0,1,-13.335573951548769
145,-0.287903018400017,-0.6964099183122477,0.0,2,-13.306230812464666
145,-0.287903018400017,-0.6964099183122477,0.0,3,-13.204576325627857
145,-0.287903018400017,-0.6964099183122477,0.0,4,-13.201284999138023
145,-0.287903018400017,-0.6964099183122477,0.0,5,-6.571893457722673
145,-0.287903018400017,-0.6964099183122477,0.0,6,-6.564162225330998
145,-0.287903018400017,-0.6964099183122477,0.0,7,-6.187655423856846
145,-0.287903018400017,-0.6964099183122477,0.0,8,-6.164079213724174
145,-0.287903018400017,-0.6964099183122477,0.0,9,-5.104977489895575
145,-0.287903018400017,-0.6964099183122477,0.0,10,-5.07904387261803
145,-0.287903018400017,-0.6964099183122477,0.0,11,-4.764997442500446
145,-0.287903018400017,-0.6964099183122477,0.0,12,-4.754293587871205
145,-0.287903018400017,-0.6964099183122477,0.0,13,-4.408854878857447
145,-0.287903018400017,-0.6964099183122477,0.0,14,-4.371464633264839
145,-0.287903018400017,-0.6964099183122477,0.0,15,-3.4608478854519813
145,-0.287903018400017,-0.6964099183122477,0.0,16,-3.451345455390862
145,-0.287903018400017,-0.6964099183122477,0.0,17,-1.5496091280725333
145,-0.287903018400017,-0.6964099183122477,0.0,18,-1.4167020150948013
145,-0.287903018400017,-0.6964099183122477,0.0,19,0.5327381926658442
145,-0.287903018400017,-0.6964099183122477,0.0,20,0.5447382008976782
145,-0.287903018400017,-0.6964099183122477,0.0,21,1.5506501572857592
145,-0.287903018400017,-0.6964099183122477,0.0,22,1.5726548916473817
145,-0.287903018400017,-0.6964099183122477,0.0,23,1.8399293436464013
145,-0.287903018400017,-0.6964099183122477,0.0,24,1.974776165380564
145,-0.287903018400017,-0.6964099183122477,0.0,25,3.309059277326871
145,-0.287903018400017,-0.6964099183122477,0.0,26,3.382636722712852
146,-0.287903018400017,-0.6832953160341879,0.0,1,-13.318390460915143
146,-0.287903018400017,-0.6832953160341879,0.0,2,-13.288434596425521
146,-0.287903018400017,-0.6832953160341879,0.0,3,-13.194779061609246
146,-0.287903018400017,-0.6832953160341879,0.0,4,-13.191447313544835
146,-0.287903018400017,-0.6832953160341879,0.0,5,-6.600553046116511
146,-0.287903018400017,-0.6832953160341879,0.0,6,-6.593019537404598
146,-0.287903018400017,-0.6832953160341879,0.0,7,-6.142819897046468
146,-0.287903018400017,-0.6832953160341879,0.0,8,-6.116568238266258
146,-0.287903018400017,-0.6832953160341879,0.0,9,-5.1692299479698915
146,-0.287903018400017,-0.6832953160341879,0.0,10,-5.1425028281512875
146,-0.287903018400017,-0.6832953160341879,0.0,11,-4.783957094111377
146,-0.287903018400017,-0.6832953160341879,0.0,12,-4.776994778385322
146,-0.287903018400017,-0.6832953160341879,0.0,13,-4.381399540078313
146,-0.287903018400017,-0.6832953160341879,0.0,14,-4.341724418322239
146,-0.287903018400017,-0.6832953160341879,0.0,15,-3.502797292808558
146,-0.287903018400017,-0.6832953160341879,0.0,16,-3.490220189074261
146,-0.287903018400017,-0.6832953160341879,0.0,17,-1.513421243683045
146,-0.287903018400017,-0.6832953160341879,0.0,18,-1.3771241059780581
146,-0.287903018400017,-0.6832953160341879,0.0,19,0.49865388116301523
146,-0.287903018400017,-0.6832953160341879,0.0,20,0.5077216093354425
146,-0.287903018400017,-0.6832953160341879,0.0,21,1.5412346210755832
146,-0.287903018400017,-0.6832953160341879,0.0,22,1.5662876681578344
146,-0.287903018400017,-0.6832953160341879,0.0,23,1.8844700766918154
146,-0.287903018400017,-0.6832953160341879,0.0,24,2.022516828153667
146,-0.287903018400017,-0.6832953160341879,0.0,25,3.3294127358319283
146,-0.287903018400017,-0.6832953160341879,0.0,26,3.405250159966166
147,-0.287903018400017,-0.6701807137561281,0.0,1,-13.305987891411364
147,-0.287903018400017,-0.6701807137561281,0.0,2,-13.275588907242303
147,-0.287903018400017,-0.6701807137561281,0.0,3,-13.187690012555278
147,-0.287903018400017,-0.6701807137561281,0.0,4,-13.184331513998957
147,-0.287903018400017,-0.6701807137561281,0.0,5,-6.621235659799439
147,-0.287903018400017,-0.6701807137561281,0.0,6,-6.613846547329828
147,-0.287903018400017,-0.6701807137561281,0.0,7,-6.104242480090505
147,-0.287903018400017,-0.6701807137561281,0.0,8,-6.075574523784546
147,-0.287903018400017,-0.6701807137561281,0.0,9,-5.22631178213466
147,-0.287903018400017,-0.6701807137561281,0.0,10,-5.200313050006548
147,-0.287903018400017,-0.6701807137561281,0.0,11,-4.793285151380214
147,-0.287903018400017,-0.6701807137561281,0.0,12,-4.788151169825722
147,-0.287903018400017,-0.6701807137561281,0.0,13,-4.359412448468049
147,-0.287903018400017,-0.6701807137561281,0.0,14,-4.317579517340716
147,-0.287903018400017,-0.6701807137561281,0.0,15,-3.5356668973329635
147,-0.287903018400017,-0.6701807137561281,0.0,16,-3.520407374958503
147,-0.287903018400017,-0.6701807137561281,0.0,17,-1.4856507862773767
147,-0.287903018400017,-0.6701807137561281,0.0,18,-1.3465782563341082
147,-0.287903018400017,-0.6701807137561281,0.0,19,0.4720585590856583
147,-0.287903018400017,-0.6701807137561281,0.0,20,0.4785883058432264
147,-0.287903018400017,-0.6701807137561281,0.0,21,1.5343297010884545
147,-0.287903018400017,-0.6701807137561281,0.0,22,1.5613398850089917
147,-0.287903018400017,-0.6701807137561281,0.0,23,1.9180537747232376
147,-0.287903018400017,-0.6701807137561281,0.0,24,2.0581455348632307
147,-0.287903018400017,-0.6701807137561281,0.0,25,3.3443616264561697
147,-0.287903018400017,-0.6701807137561281,0.0,26,3.421793981782125
148,-0.287903018400017,-0.6570661114780683,0.0,1,-13.298496820353062
148,-0.287903018400017,-0.6570661114780683,0.0,2,-13.267829870306565
148,-0.287903018400017,-0.6570661114780683,0.0,3,-13.183396679316402
148,-0.287903018400017,-0.6570661114780683,0.0,4,-13.18002318676968
148,-0.287903018400017,-0.6570661114780683,0.0,5,-6.633727671023583
148,-0.287903018400017,-0.6570661114780683,0.0,6,-6.626426212645684
148,-0.287903018400017,-0.6570661114780683,0.0,7,-6.077463537933376
148,-0.287903018400017,-0.6570661114780683,0.0,8,-6.04701599062135
148,-0.287903018400017,-0.6570661114780683,0.0,9,-5.265730847550144
148,-0.287903018400017,-0.6570661114780683,0.0,10,-5.240760785092209
148,-0.287903018400017,-0.6570661114780683,0.0,11,-4.797514034308557
148,-0.287903018400017,-0.6570661114780683,0.0,12,-4.7931978495382745
148,-0.287903018400017,-0.6570661114780683,0.0,13,-4.345086721673771
148,-0.287903018400017,-0.6570661114780683,0.0,14,-4.3016760791516155
148,-0.287903018400017,-0.6570661114780683,0.0,15,-3.5568078662595823
148,-0.287903018400017,-0.6570661114780683,0.0,16,-3.5396677770727836
148,-0.287903018400017,-0.6570661114780683,0.0,17,-1.4681365258902355
148,-0.287903018400017,-0.6570661114780683,0.0,18,-1.3272284864751471
148,-0.287903018400017,-0.6570661114780683,0.0,19,0.45511818226286965
148,-0.287903018400017,-0.6570661114780683,0.0,20,0.45992051969526165
148,-0.287903018400017,-0.6570661114780683,0.0,21,1.5301192932928362
148,-0.287903018400017,-0.6570661114780683,0.0,22,1.55823743574314
148,-0.287903018400017,-0.6570661114780683,0.0,23,1.9389234726527356
148,-0.287903018400017,-0.6570661114780683,0.0,24,2.0801716061414304
148,-0.287903018400017,-0.6570661114780683,0.0,25,3.3534750403563107
148,-0.287903018400017,-0.6570661114780683,0.0,26,3.4318479236719535
149,-0.287903018400017,-0.6439515092000084,0.0,1,-13.295992074782841
149,-0.287903018400017,-0.6439515092000084,0.0,2,-13.265235402109358
149,-0.287903018400017,-0.6439515092000084,0.0,3,-13.181961307286304
149,-0.287903018400017,-0.6439515092000084,0.0,4,-13.178582949496302
149,-0.287903018400017,-0.6439515092000084,0.0,5,-6.637905024474181
149,-0.287903018400017,-0.6439515092000084,0.0,6,-6.630633001346251
149,-0.287903018400017,-0.6439515092000084,0.0,7,-6.067770293446856
149,-0.287903018400017,-0.6439515092000084,0.0,8,-6.036650786517585
149,-0.287903018400017,-0.6439515092000084,0.0,9,-5.279862950696749
149,-0.287903018400017,-0.6439515092000084,0.0,10,-5.25535071147643
149,-0.287903018400017,-0.6439515092000084,0.0,11,-4.798727280616879
149,-0.287903018400017,-0.6439515092000084,0.0,12,-4.79464495156453
149,-0.287903018400017,-0.6439515092000084,0.0,13,-4.34009578209457
149,-0.287903018400017,-0.6439515092000084,0.0,14,-4.296100726647877
149,-0.287903018400017,-0.6439515092000084,0.0,15,-3.5641297075448195
149,-0.287903018400017,-0.6439515092000084,0.0,16,-3.5463059888145176
149,-0.287903018400017,-0.6439515092000084,0.0,17,-1.4621460658354148
149,-0.287903018400017,-0.6439515092000084,0.0,18,-1.3205944458975307
149,-0.287903018400017,-0.6439515092000084,0.0,19,0.4492887046402426
149,-0.287903018400017,-0.6439515092000084,0.0,20,0.4534777693953094
149,-0.287903018400017,-0.6439515092000084,0.0,21,1.5287011429207864
149,-0.287903018400017,-0.6439515092000084,0.0,22,1.5571793644281955
149,-0.287903018400017,-0.6439515092000084,0.0,23,1.9459985808106819
149,-0.287903018400017,-0.6439515092000084,0.0,24,2.0876224672220927
149,-0.287903018400017,-0.6439515092000084,0.0,25,3.3565406295713283
149,-0.287903018400017,-0.6439515092000084,0.0,26,3.435227664906572
150,-0.287903018400017,-0.6308369069219486,0.0,1,-13.298496695548948
150,-0.287903018400017,-0.6308369069219486,0.0,2,-13.267829745936186
150,-0.287903018400017,-0.6308369069219486,0.0,3,-13.18339689844155
150,-0.287903018400017,-0.6308369069219486,0.0,4,-13.180023405462094
150,-0.287903018400017,-0.6308369069219486,0.0,5,-6.633727099746173
150,-0.287903018400017,-0.6308369069219486,0.0,6,-6.62642564106325
150,-0.287903018400017,-0.6308369069219486,0.0,7,-6.077463193187386
150,-0.287903018400017,-0.6308369069219486,0.0,8,-6.047015629042537
150,-0.287903018400017,-0.6308369069219486,0.0,9,-5.2657321502353955
150,-0.287903018400017,-0.6308369069219486,0.0,10,-5.2407621729180995
150,-0.287903018400017,-0.6308369069219486,0.0,11,-4.797512986570858
150,-0.287903018400017,-0.6308369069219486,0.0,12,-4.793196727414225
150,-0.287903018400017,-0.6308369069219486,0.0,13,-4.345086610919601
150,-0.287903018400017,-0.6308369069219486,0.0,14,-4.301675932104425
150,-0.287903018400017,-0.6308369069219486,0.0,15,-3.556808434675446
150,-0.287903018400017,-0.6308369069219486,0.0,16,-3.5396683161346836
150,-0.287903018400017,-0.6308369069219486,0.0,17,-1.4681360137168133
150,-0.287903018400017,-0.6308369069219486,0.0,18,-1.3272279399476359
150,-0.287903018400017,-0.6308369069219486,0.0,19,0.45511775224918216
150,-0.287903018400017,-0.6308369069219486,0.0,20,0.45992006224695037
150,-0.287903018400017,-0.6308369069219486,0.0,21,1.5301195961895813
150,-0.287903018400017,-0.6308369069219486,0.0,22,1.558237741202571
150,-0.287903018400017,-0.6308369069219486,0.0,23,1.9389233167707012
150,-0.287903018400017,-0.6308369069219486,0.0,24,2.080171412597312
150,-0.287903018400017,-0.6308369069219486,0.0,25,3.353475609294616
150,-0.287903018400017,-0.6308369069219486,0.0,26,3.4318485989990855
151,-0.287903018400017,-0.6177223046438888,0.0,1,-13.30598765375796
151,-0.287903018400017,-0.6177223046438888,0.0,2,-13.275588671285071
151,-0.287903018400017,-0.6177223046438888,0.0,3,-13.187690443225193
151,-0.287903018400017,-0.6177223046438888,0.0,4,-13.18433194261122
151,-0.287903018400017,-0.6177223046438888,0.0,5,-6.621234541415275
151,-0.287903018400017,-0.6177223046438888,0.0,6,-6.613845428263293
151,-0.287903018400017,-0.6177223046438888,0.0,7,-6.104241846406072
151,-0.287903018400017,-0.6177223046438888,0.0,8,-6.075573865639258
151,-0.287903018400017,-0.6177223046438888,0.0,9,-5.226314311511569
151,-0.287903018400017,-0.6177223046438888,0.0,10,-5.2003157481634155
151,-0.287903018400017,-0.6177223046438888,0.0,11,-4.793283023056185
151,-0.287903018400017,-0.6177223046438888,0.0,12,-4.788148884710871
151,-0.287903018400017,-0.6177223046438888,0.0,13,-4.3594122747719375
151,-0.287903018400017,-0.6177223046438888,0.0,14,-4.3175792809697615
151,-0.287903018400017,-0.6177223046438888,0.0,15,-3.535667990900132
151,-0.287903018400017,-0.6177223046438888,0.0,16,-3.5204084180471034
151,-0.287903018400017,-0.6177223046438888,0.0,17,-1.4856497749977007
151,-0.287903018400017,-0.6177223046438888,0.0,18,-1.3465771843942758
151,-0.287903018400017,-0.6177223046438888,0.0,19,0.47205777081954575
151,-0.287903018400017,-0.6177223046438888,0.0,20,0.47858747045083205
151,-0.287903018400017,-0.6177223046438888,0.0,21,1.534330302522405
151,-0.287903018400017,-0.6177223046438888,0.0,22,1.5613404710228713
151,-0.287903018400017,-0.6177223046438888,0.0,23,1.9180532652006468
151,-0.287903018400017,-0.6177223046438888,0.0,24,2.05814499126578
151,-0.287903018400017,-0.6177223046438888,0.0,25,3.344349878720722
151,-0.287903018400017,-0.6177223046438888,0.0,26,3.4217772215115847
152,-0.287903018400017,-0.604607702365829,0.0,1,-13.318390106772377
152,-0.287903018400017,-0.604607702365829,0.0,2,-13.288434244291917
152,-0.287903018400017,-0.604607702365829,0.0,3,-13.194779703595646
152,-0.287903018400017,-0.604607702365829,0.0,4,-13.191447953256304
152,-0.287903018400017,-0.604607702365829,0.0,5,-6.600551364691981
152,-0.287903018400017,-0.604607702365829,0.0,6,-6.59301785443746
152,-0.287903018400017,-0.604607702365829,0.0,7,-6.142819130230259
152,-0.287903018400017,-0.604607702365829,0.0,8,-6.116567446224195
152,-0.287903018400017,-0.604607702365829,0.0,9,-5.169233628609516
152,-0.287903018400017,-0.604607702365829,0.0,10,-5.142506752074591
152,-0.287903018400017,-0.604607702365829,0.0,11,-4.783953828221921
152,-0.287903018400017,-0.604607702365829,0.0,12,-4.776991271329385
152,-0.287903018400017,-0.604607702365829,0.0,13,-4.381399347039878
152,-0.287903018400017,-0.604607702365829,0.0,14,-4.341724141386195
152,-0.287903018400017,-0.604607702365829,0.0,15,-3.5027988304131012
152,-0.287903018400017,-0.604607702365829,0.0,16,-3.490221667442947
152,-0.287903018400017,-0.604607702365829,0.0,17,-1.513419792825172
152,-0.287903018400017,-0.604607702365829,0.0,18,-1.3771225775220408
152,-0.287903018400017,-0.604607702365829,0.0,19,0.49865276772179057
152,-0.287903018400017,-0.604607702365829,0.0,20,0.5077204409852354
152,-0.287903018400017,-0.604607702365829,0.0,21,1.5412355019502222
152,-0.287903018400017,-0.604607702365829,0.0,22,1.5662885150493961
152,-0.287903018400017,-0.604607702365829,0.0,23,1.8844692180934883
152,-0.287903018400017,-0.604607702365829,0.0,24,2.0225159937074872
152,-0.287903018400017,-0.604607702365829,0.0,25,3.329412000557002
152,-0.287903018400017,-0.604607702365829,0.0,26,3.405252256887519
153,-0.287903018400017,-0.5914931000877691,0.0,1,-13.335573489649672
153,-0.287903018400017,-0.5914931000877691,0.0,2,-13.306230354142663
153,-0.287903018400017,-0.5914931000877691,0.0,3,-13.20457716793375
153,-0.287903018400017,-0.5914931000877691,0.0,4,-13.201285839179214
153,-0.287903018400017,-0.5914931000877691,0.0,5,-6.571891217696484
153,-0.287903018400017,-0.5914931000877691,0.0,6,-6.564159983902586
153,-0.287903018400017,-0.5914931000877691,0.0,7,-6.187654587833697
153,-0.287903018400017,-0.5914931000877691,0.0,8,-6.164078359235273
153,-0.287903018400017,-0.5914931000877691,0.0,9,-5.10498216139654
153,-0.287903018400017,-0.5914931000877691,0.0,10,-5.079048804297303
153,-0.287903018400017,-0.5914931000877691,0.0,11,-4.764993140286565
153,-0.287903018400017,-0.5914931000877691,0.0,12,-4.7542890110232605
153,-0.287903018400017,-0.5914931000877691,0.0,13,-4.40885470929855
153,-0.287903018400017,-0.5914931000877691,0.0,14,-4.371464369307061
153,-0.287903018400017,-0.5914931000877691,0.0,15,-3.46084978154155
153,-0.287903018400017,-0.5914931000877691,0.0,16,-3.451347289771739
153,-0.287903018400017,-0.5914931000877691,0.0,17,-1.54960734186102
153,-0.287903018400017,-0.5914931000877691,0.0,18,-1.4167001419507033
153,-0.287903018400017,-0.5914931000877691,0.0,19,0.5327368375471664
153,-0.287903018400017,-0.5914931000877691,0.0,20,0.5447367951557707
153,-0.287903018400017,-0.5914931000877691,0.0,21,1.550651307894174
153,-0.287903018400017,-0.5914931000877691,0.0,22,1.5726559989846502
153,-0.287903018400017,-0.5914931000877691,0.0,23,1.8399284420482327
153,-0.287903018400017,-0.5914931000877691,0.0,24,1.974775052088582
153,-0.287903018400017,-0.5914931000877691,0.0,25,3.309056945714612
153,-0.287903018400017,-0.5914931000877691,0.0,26,3.3826373697046734
154,-0.2727595800889115,-0.6888381991566951,0.0,1,-13.34928164322768
154,-0.2727595800889115,-0.6888381991566951,0.0,2,-13.320537701745696
154,-0.2727595800889115,-0.6888381991566951,0.0,3,-13.21281442852285
154,-0.2727595800889115,-0.6888381991566951,0.0,4,-13.20957234576538
154,-0.2727595800889115,-0.6888381991566951,0.0,5,-6.547549923290628
154,-0.2727595800889115,-0.6888381991566951,0.0,6,-6.539679932870094
154,-0.2727595800889115,-0.6888381991566951,0.0,7,-6.233914683988502
154,-0.2727595800889115,-0.6888381991566951,0.0,8,-6.21171767045184
154,-0.2727595800889115,-0.6888381991566951,0.0,9,-5.088198988669232
154,-0.2727595800889115,-0.6888381991566951,0.0,10,-5.06912607983079
154,-0.2727595800889115,-0.6888381991566951,0.0,11,-4.700222159323763
154,-0.2727595800889115,-0.6888381991566951,0.0,12,-4.680564286652457
154,-0.2727595800889115,-0.6888381991566951,0.0,13,-4.4283068136394625
154,-0.2727595800889115,-0.6888381991566951,0.0,14,-4.39217000176656
154,-0.2727595800889115,-0.6888381991566951,0.0,15,-3.430566461907434
154,-0.2727595800889115,-0.6888381991566951,0.0,16,-3.4233450686930356
154,-0.2727595800889115,-0.6888381991566951,0.0,17,-1.5767168192074503
154,-0.2727595800889115,-0.6888381991566951,0.0,18,-1.4465139078453846
154,-0.2727595800889115,-0.6888381991566951,0.0,19,0.5614684108213798
154,-0.2727595800889115,-0.6888381991566951,0.0,20,0.5761393638129672
154,-0.2727595800889115,-0.6888381991566951,0.0,21,1.5672798554094678
154,-0.2727595800889115,-0.6888381991566951,0.0,22,1.5859935553244915
154,-0.2727595800889115,-0.6888381991566951,0.0,23,1.8046525410087217
154,-0.2727595800889115,-0.6888381991566951,0.0,24,1.9364138196939908
154,-0.2727595800889115,-0.6888381991566951,0.0,25,3.2854702221332923
154,-0.2727595800889115,-0.6888381991566951,0.0,26,3.357004152774146
155,-0.2727595800889115,-0.6757235968786353,0.0,1,-13.330921448817222
155,-0.2727595800889115,-0.6757235968786353,0.0,2,-13.301571774810242
155,-0.2727595800889115,-0.6757235968786353,0.0,3,-13.202576121220162
155,-0.2727595800889115,-0.6757235968786353,0.0,4,-13.199294424921018
155,-0.2727595800889115,-0.6757235968786353,0.0,5,-6.5774528312524145
155,-0.2727595800889115,-0.6757235968786353,0.0,6,-6.569795778416759
155,-0.2727595800889115,-0.6757235968786353,0.0,7,-6.201068965926744
155,-0.2727595800889115,-0.6757235968786353,0.0,8,-6.176209693559916
155,-0.2727595800889115,-0.6757235968786353,0.0,9,-5.145248671718202
155,-0.2727595800889115,-0.6757235968786353,0.0,10,-5.126166632841529
155,-0.2727595800889115,-0.6757235968786353,0.0,11,-4.714593293667728
155,-0.2727595800889115,-0.6757235968786353,0.0,12,-4.69795691520805
155,-0.2727595800889115,-0.6757235968786353,0.0,13,-4.401609917338221
155,-0.2727595800889115,-0.6757235968786353,0.0,14,-4.3636732878490525
155,-0.2727595800889115,-0.6757235968786353,0.0,15,-3.472531992625756
155,-0.2727595800889115,-0.6757235968786353,0.0,16,-3.462597621643404
155,-0.2727595800889115,-0.6757235968786353,0.0,17,-1.5402087321390776
155,-0.2727595800889115,-0.6757235968786353,0.0,18,-1.4069314597380442
155,-0.2727595800889115,-0.6757235968786353,0.0,19,0.529399815536151
155,-0.2727595800889115,-0.6757235968786353,0.0,20,0.5418079585100382
155,-0.2727595800889115,-0.6757235968786353,0.0,21,1.5612612816643536
155,-0.2727595800889115,-0.6757235968786353,0.0,22,1.5837701525314705
155,-0.2727595800889115,-0.6757235968786353,0.0,23,1.8493588200600226
155,-0.2727595800889115,-0.6757235968786353,0.0,24,1.9852928502708918
155,-0.2727595800889115,-0.6757235968786353,0.0,25,3.303504934465667
155,-0.2727595800889115,-0.6757235968786353,0.0,26,3.377417863099943
156,-0.2727595800889115,-0.6626089946005754,0.0,1,-13.31766715831331
156,-0.2727595800889115,-0.6626089946005754,0.0,2,-13.287879005120502
156,-0.2727595800889115,-0.6626089946005754,0.0,3,-13.19516322983166
156,-0.2727595800889115,-0.6626089946005754,0.0,4,-13.191855479935128
156,-0.2727595800889115,-0.6626089946005754,0.0,5,-6.5990218651295365
156,-0.2727595800889115,-0.6626089946005754,0.0,6,-6.591520678851218
156,-0.2727595800889115,-0.6626089946005754,0.0,7,-6.173510882556103
156,-0.2727595800889115,-0.6626089946005754,0.0,8,-6.1463477224677
156,-0.2727595800889115,-0.6626089946005754,0.0,9,-5.193509227520565
156,-0.2727595800889115,-0.6626089946005754,0.0,10,-5.17518766450554
156,-0.2727595800889115,-0.6626089946005754,0.0,11,-4.7219257674996715
156,-0.2727595800889115,-0.6626089946005754,0.0,12,-4.70701278901373
156,-0.2727595800889115,-0.6626089946005754,0.0,13,-4.380318912427043
156,-0.2727595800889115,-0.6626089946005754,0.0,14,-4.340654181237527
156,-0.2727595800889115,-0.6626089946005754,0.0,15,-3.50516843627753
156,-0.2727595800889115,-0.6626089946005754,0.0,16,-3.4929087734597166
156,-0.2727595800889115,-0.6626089946005754,0.0,17,-1.5122050474190885
156,-0.2727595800889115,-0.6626089946005754,0.0,18,-1.376421357308634
156,-0.2727595800889115,-0.6626089946005754,0.0,19,0.5042539173582412
156,-0.2727595800889115,-0.6626089946005754,0.0,20,0.5146293195689158
156,-0.2727595800889115,-0.6626089946005754,0.0,21,1.5568013256845863
156,-0.2727595800889115,-0.6626089946005754,0.0,22,1.5816851754634684
156,-0.2727595800889115,-0.6626089946005754,0.0,23,1.8833483208087811
156,-0.2727595800889115,-0.6626089946005754,0.0,24,2.021902844959239
156,-0.2727595800889115,-0.6626089946005754,0.0,25,3.3167392975535774
156,-0.2727595800889115,-0.6626089946005754,0.0,26,3.392381270765007
157,-0.2727595800889115,-0.6494943923225156,0.0,1,-13.309660826830932
157,-0.2727595800889115,-0.6494943923225156,0.0,2,-13.279607327083008
157,-0.2727595800889115,-0.6494943923225156,0.0,3,-13.190683918233246
157,-0.2727595800889115,-0.6494943923225156,0.0,4,-13.187361531274787
157,-0.2727595800889115,-0.6494943923225156,0.0,5,-6.612048949891038
157,-0.2727595800889115,-0.6494943923225156,0.0,6,-6.604642697846353
157,-0.2727595800889115,-0.6494943923225156,0.0,7,-6.154885560841214
157,-0.2727595800889115,-0.6494943923225156,0.0,8,-6.126107782325015
157,-0.2727595800889115,-0.6494943923225156,0.0,9,-5.225747936259477
157,-0.2727595800889115,-0.6494943923225156,0.0,10,-5.208251375110255
157,-0.2727595800889115,-0.6494943923225156,0.0,11,-4.725338721107246
157,-0.2727595800889115,-0.6494943923225156,0.0,12,-4.711300761888085
157,-0.2727595800889115,-0.6494943923225156,0.0,13,-4.366503832067117
157,-0.2727595800889115,-0.6494943923225156,0.0,14,-4.325574983976116
157,-0.2727595800889115,-0.6494943923225156,0.0,15,-3.5260290675200157
157,-0.2727595800889115,-0.6494943923225156,0.0,16,-3.5121631235924173
157,-0.2727595800889115,-0.6494943923225156,0.0,17,-1.4945625581688295
157,-0.2727595800889115,-0.6494943923225156,0.0,18,-1.3571249063159823
157,-0.2727595800889115,-0.6494943923225156,0.0,19,0.48817779258976257
157,-0.2727595800889115,-0.6494943923225156,0.0,20,0.49714477768559456
157,-0.2727595800889115,-0.6494943923225156,0.0,21,1.5540534195976838
157,-0.2727595800889115,-0.6494943923225156,0.0,22,1.5802649023135749
157,-0.2727595800889115,-0.6494943923225156,0.0,23,1.9045500259029762
157,-0.2727595800889115,-0.6494943923225156,0.0,24,2.0445776508654125
157,-0.2727595800889115,-0.6494943923225156,0.0,25,3.324792567536023
157,-0.2727595800889115,-0.6494943923225156,0.0,26,3.401385700847447
158,-0.2727595800889115,-0.6363797900444558,0.0,1,-13.306985003420305
158,-0.2727595800889115,-0.6363797900444558,0.0,2,-13.276842766903282
158,-0.2727595800889115,-0.6363797900444558,0.0,3,-13.189179450741385
158,-0.2727595800889115,-0.6363797900444558,0.0,4,-13.18585240997622
158,-0.2727595800889115,-0.6363797900444558,0.0,5,-6.616403789085505
158,-0.2727595800889115,-0.6363797900444558,0.0,6,-6.609029343832599
158,-0.2727595800889115,-0.6363797900444558,0.0,7,-6.148264674687195
158,-0.2727595800889115,-0.6363797900444558,0.0,8,-6.118898554133171
158,-0.2727595800889115,-0.6363797900444558,0.0,9,-5.2370808050393975
158,-0.2727595800889115,-0.6363797900444558,0.0,10,-5.219930064137621
158,-0.2727595800889115,-0.6363797900444558,0.0,11,-4.726329054712725
158,-0.2727595800889115,-0.6363797900444558,0.0,12,-4.712559042711003
158,-0.2727595800889115,-0.6363797900444558,0.0,13,-4.361701077241181
158,-0.2727595800889115,-0.6363797900444558,0.0,14,-4.320305061862587
158,-0.2727595800889115,-0.6363797900444558,0.0,15,-3.5332258261362206
158,-0.2727595800889115,-0.6363797900444558,0.0,16,-3.5187811410935437
158,-0.2727595800889115,-0.6363797900444558,0.0,17,-1.4885282966939286
158,-0.2727595800889115,-0.6363797900444558,0.0,18,-1.350512238069273
158,-0.2727595800889115,-0.6363797900444558,0.0,19,0.48264843749790376
158,-0.2727595800889115,-0.6363797900444558,0.0,20,0.49111175063771506
158,-0.2727595800889115,-0.6363797900444558,0.0,21,1.5531304549761595
158,-0.2727595800889115,-0.6363797900444558,0.0,22,1.5797709565411187
158,-0.2727595800889115,-0.6363797900444558,0.0,23,1.9117597793340517
158,-0.2727595800889115,-0.6363797900444558,0.0,24,2.052263993553896
158,-0.2727595800889115,-0.6363797900444558,0.0,25,3.327501900179289
158,-0.2727595800889115,-0.6363797900444558,0.0,26,3.404429980676655
159,-0.2727595800889115,-0.623265187766396,0.0,1,-13.30966072184115
159,-0.2727595800889115,-0.623265187766396,0.0,2,-13.279607223045332
159,-0.2727595800889115,-0.623265187766396,0.0,3,-13.190684127000868
159,-0.2727595800889115,-0.623265187766396,0.0,4,-13.187361738756582
159,-0.2727595800889115,-0.623265187766396,0.0,5,-6.612048387679116
159,-0.2727595800889115,-0.623265187766396,0.0,6,-6.604642135248694
159,-0.2727595800889115,-0.623265187766396,0.0,7,-6.154885202751789
159,-0.2727595800889115,-0.623265187766396,0.0,8,-6.126107410114723
159,-0.2727595800889115,-0.623265187766396,0.0,9,-5.225749151520731
159,-0.2727595800889115,-0.623265187766396,0.0,10,-5.2082526207955135
159,-0.2727595800889115,-0.623265187766396,0.0,11,-4.725337732165664
159,-0.2727595800889115,-0.623265187766396,0.0,12,-4.711299747683849
159,-0.2727595800889115,-0.623265187766396,0.0,13,-4.366503812997787
159,-0.2727595800889115,-0.623265187766396,0.0,14,-4.325574939511975
159,-0.2727595800889115,-0.623265187766396,0.0,15,-3.526029530949865
159,-0.2727595800889115,-0.623265187766396,0.0,16,-3.5121635712489496
159,-0.2727595800889115,-0.623265187766396,0.0,17,-1.4945620264074186
159,-0.2727595800889115,-0.623265187766396,0.0,18,-1.3571243459117002
159,-0.2727595800889115,-0.623265187766396,0.0,19,0.48817742387127394
159,-0.2727595800889115,-0.623265187766396,0.0,20,0.4971443898035123
159,-0.2727595800889115,-0.623265187766396,0.0,21,1.5540537271672419
159,-0.2727595800889115,-0.623265187766396,0.0,22,1.5802651974211286
159,-0.2727595800889115,-0.623265187766396,0.0,23,1.904549869997357
159,-0.2727595800889115,-0.623265187766396,0.0,24,2.044577271493366
159,-0.2727595800889115,-0.623265187766396,0.0,25,3.324790788244787
159,-0.2727595800889115,-0.623265187766396,0.0,26,3.401386240334392
160,-0.2727595800889115,-0.6101505854883361,0.0,1,-13.317666931789073
160,-0.2727595800889115,-0.6101505854883361,0.0,2,-13.287878780111232
160,-0.2727595800889115,-0.6101505854883361,0.0,3,-13.195163639855853
160,-0.2727595800889115,-0.6101505854883361,0.0,4,-13.19185588875007
160,-0.2727595800889115,-0.6101505854883361,0.0,5,-6.599020758790656
160,-0.2727595800889115,-0.6101505854883361,0.0,6,-6.591519572227355
160,-0.2727595800889115,-0.6101505854883361,0.0,7,-6.173510262945717
160,-0.2727595800889115,-0.6101505854883361,0.0,8,-6.146347083763844
160,-0.2727595800889115,-0.6101505854883361,0.0,9,-5.1935116412246405
160,-0.2727595800889115,-0.6101505854883361,0.0,10,-5.175190128973583
160,-0.2727595800889115,-0.6101505854883361,0.0,11,-4.721923772098059
160,-0.2727595800889115,-0.6101505854883361,0.0,12,-4.707010744882535
160,-0.2727595800889115,-0.6101505854883361,0.0,13,-4.3803189050275115
160,-0.2727595800889115,-0.6101505854883361,0.0,14,-4.340654123228429
160,-0.2727595800889115,-0.6101505854883361,0.0,15,-3.5051693302864138
160,-0.2727595800889115,-0.6101505854883361,0.0,16,-3.492909639152269
160,-0.2727595800889115,-0.6101505854883361,0.0,17,-1.5122040372593377
160,-0.2727595800889115,-0.6101505854883361,0.0,18,-1.376420295024752
160,-0.2727595800889115,-0.6101505854883361,0.0,19,0.5042531936579913
160,-0.2727595800889115,-0.6101505854883361,0.0,20,0.514628557749272
160,-0.2727595800889115,-0.6101505854883361,0.0,21,1.5568019322193505
160,-0.2727595800889115,-0.6101505854883361,0.0,22,1.5816857247457905
160,-0.2727595800889115,-0.6101505854883361,0.0,23,1.883347534503671
160,-0.2727595800889115,-0.6101505854883361,0.0,24,2.0219022418467727
160,-0.2727595800889115,-0.6101505854883361,0.0,25,3.3167284495662566
160,-0.2727595800889115,-0.6101505854883361,0.0,26,3.392320587609553
161,-0.2727595800889115,-0.5970359832102763,0.0,1,-13.330921118989846
161,-0.2727595800889115,-0.5970359832102763,0.0,2,-13.301571448031215
161,-0.2727595800889115,-0.5970359832102763,0.0,3,-13.20257673214238
161,-0.2727595800889115,-0.5970359832102763,0.0,4,-13.199295033037256
161,-0.2727595800889115,-0.5970359832102763,0.0,5,-6.57745117554763
161,-0.2727595800889115,-0.5970359832102763,0.0,6,-6.569794121429492
161,-0.2727595800889115,-0.5970359832102763,0.0,7,-6.201068143588511
161,-0.2727595800889115,-0.5970359832102763,0.0,8,-6.176208852828767
161,-0.2727595800889115,-0.5970359832102763,0.0,9,-5.145252189335196
161,-0.2727595800889115,-0.5970359832102763,0.0,10,-5.126170206109849
161,-0.2727595800889115,-0.5970359832102763,0.0,11,-4.714590260697795
161,-0.2727595800889115,-0.5970359832102763,0.0,12,-4.697953816418659
161,-0.2727595800889115,-0.5970359832102763,0.0,13,-4.40160995409188
161,-0.2727595800889115,-0.5970359832102763,0.0,14,-4.363673256481418
161,-0.2727595800889115,-0.5970359832102763,0.0,15,-3.4725332655183156
161,-0.2727595800889115,-0.5970359832102763,0.0,16,-3.462598852966435
161,-0.2727595800889115,-0.5970359832102763,0.0,17,-1.5402072826294582
161,-0.2727595800889115,-0.5970359832102763,0.0,18,-1.4069299442596712
161,-0.2727595800889115,-0.5970359832102763,0.0,19,0.5293987967542735
161,-0.2727595800889115,-0.5970359832102763,0.0,20,0.541806903524324
161,-0.2727595800889115,-0.5970359832102763,0.0,21,1.5612621622417246
161,-0.2727595800889115,-0.5970359832102763,0.0,22,1.5837709800721833
161,-0.2727595800889115,-0.5970359832102763,0.0,23,1.8493581687056966
161,-0.2727595800889115,-0.5970359832102763,0.0,24,1.985291941977314
161,-0.2727595800889115,-0.5970359832102763,0.0,25,3.303503677808697
161,-0.2727595800889115,-0.5970359832102763,0.0,26,3.3774182059109576
162,-0.2727595800889115,-0.5839213809322165,0.0,1,-13.349281205454702
162,-0.2727595800889115,-0.5839213809322165,0.0,2,-13.320537267529385
162,-0.2727595800889115,-0.5839213809322165,0.0,3,-13.21281523184707
162,-0.2727595800889115,-0.5839213809322165,0.0,4,-13.209573145624486
162,-0.2727595800889115,-0.5839213809322165,0.0,5,-6.547547717679243
162,-0.2727595800889115,-0.5839213809322165,0.0,6,-6.539677726095504
162,-0.2727595800889115,-0.5839213809322165,0.0,7,-6.233913762227107
162,-0.2727595800889115,-0.5839213809322165,0.0,8,-6.211716733167115
162,-0.2727595800889115,-0.5839213809322165,0.0,9,-5.08820348668825
162,-0.2727595800889115,-0.5839213809322165,0.0,10,-5.069130597827966
162,-0.2727595800889115,-0.5839213809322165,0.0,11,-4.700218174735222
162,-0.2727595800889115,-0.5839213809322165,0.0,12,-4.680560249195339
162,-0.2727595800889115,-0.5839213809322165,0.0,13,-4.428306920309489
162,-0.2727595800889115,-0.5839213809322165,0.0,14,-4.392170022640941
162,-0.2727595800889115,-0.5839213809322165,0.0,15,-3.4305680495696347
162,-0.2727595800889115,-0.5839213809322165,0.0,16,-3.423346616990046
162,-0.2727595800889115,-0.5839213809322165,0.0,17,-1.5767150262906742
162,-0.2727595800889115,-0.5839213809322165,0.0,18,-1.4465120404632623
162,-0.2727595800889115,-0.5839213809322165,0.0,19,0.5614671720887271
162,-0.2727595800889115,-0.5839213809322165,0.0,20,0.5761381036443206
162,-0.2727595800889115,-0.5839213809322165,0.0,21,1.5672810512935023
162,-0.2727595800889115,-0.5839213809322165,0.0,22,1.5859946060939034
162,-0.2727595800889115,-0.5839213809322165,0.0,23,1.8046515766181899
162,-0.2727595800889115,-0.5839213809322165,0.0,24,1.9364126912131945
162,-0.2727595800889115,-0.5839213809322165,0.0,25,3.285472604523637
162,-0.2727595800889115,-0.5839213809322165,0.0,26,3.35700524332744
