k_index,kx_fractional,ky_fractional,kz_fractional,photon_energy_eV,left_spectrum_au,right_spectrum_au,eta,valid_eta
1,0.0,0.0,0.0,0.5,0.0,0.0,,0
1,0.0,0.0,0.0,0.51,0.0,0.0,,0
1,0.0,0.0,0.0,0.52,0.0,0.0,,0
1,0.0,0.0,0.0,0.53,0.0,0.0,,0
1,0.0,0.0,0.0,0.54,0.0,0.0,,0
1,0.0,0.0,0.0,0.55,0.0,0.0,,0
1,0.0,0.0,0.0,0.56,0.0,0.0,,0
1,0.0,0.0,0.0,0.57,0.0,0.0,,0
1,0.0,0.0,0.0,0.58,0.0,0.0,,0
1,0.0,0.0,0.0,0.59,0.0,0.0,,0
1,0.0,0.0,0.0,0.6,0.0,0.0,,0
1,0.0,0.0,0.0,0.61,0.0,0.0,,0
1,0.0,0.0,0.0,0.62,0.0,0.0,,0
1,0.0,0.0,0.0,0.63,0.0,0.0,,0
1,0.0,0.0,0.0,0.64,0.0,0.0,,0
1,0.0,0.0,0.0,0.65,0.0,0.0,,0
1,0.0,0.0,0.0,0.66,0.0,0.0,,0
1,0.0,0.0,0.0,0.67,0.0,0.0,,0
1,0.0,0.0,0.0,0.68,0.0,0.0,,0
1,0.0,0.0,0.0,0.69,0.0,0.0,,0
1,0.0,0.0,0.0,0.7,0.0,0.0,,0
1,0.0,0.0,0.0,0.71,0.0,0.0,,0
1,0.0,0.0,0.0,0.72,0.0,0.0,,0
1,0.0,0.0,0.0,0.73,0.0,0.0,,0
1,0.0,0.0,0.0,0.74,0.0,0.0,,0
1,0.0,0.0,0.0,0.75,0.0,0.0,,0
1,0.0,0.0,0.0,0.76,0.0,0.0,,0
1,0.0,0.0,0.0,0.77,0.0,0.0,,0
1,0.0,0.0,0.0,0.78,0.0,0.0,,0
1,0.0,0.0,0.0,0.79,0.0,0.0,,0
1,0.0,0.0,0.0,0.8,0.0,0.0,,0
1,0.0,0.0,0.0,0.81,0.0,0.0,,0
1,0.0,0.0,0.0,0.82,0.0,0.0,,0
1,0.0,0.0,0.0,0.83,0.0,0.0,,0
1,0.0,0.0,0.0,0.84,0.0,0.0,,0
1,0.0,0.0,0.0,0.85,0.0,0.0,,0
1,0.0,0.0,0.0,0.86,0.0,0.0,,0
1,0.0,0.0,0.0,0.87,0.0,0.0,,0
1,0.0,0.0,0.0,0.88,0.0,0.0,,0
1,0.0,0.0,0.0,0.89,0.0,0.0,,0
1,0.0,0.0,0.0,0.9,0.0,0.0,,0
1,0.0,0.0,0.0,0.91,0.0,0.0,,0
1,0.0,0.0,0.0,0.92,0.0,0.0,,0
1,0.0,0.0,0.0,0.93,0.0,0.0,,0
1,0.0,0.0,0.0,0.94,0.0,0.0,,0
1,0.0,0.0,0.0,0.95,0.0,0.0,,0
1,0.0,0.0,0.0,0.96,0.0,0.0,,0
1,0.0,0.0,0.0,0.97,0.0,0.0,,0
1,0.0,0.0,0.0,0.98,0.0,0.0,,0
1,0.0,0.0,0.0,0.99,0.0,0.0,,0
1,0.0,0.0,0.0,1.0,0.0,0.0,,0
1,0.0,0.0,0.0,1.01,0.0,0.0,,0
1,0.0,0.0,0.0,1.02,0.0,0.0,,0
1,0.0,0.0,0.0,1.03,0.0,0.0,,0
1,0.0,0.0,0.0,1.04,0.0,0.0,,0
1,0.0,0.0,0.0,1.05,0.0,0.0,,0
1,0.0,0.0,0.0,1.06,0.0,0.0,,0
1,0.0,0.0,0.0,1.07,0.0,0.0,,0
1,0.0,0.0,0.0,1.08,0.0,0.0,,0
1,0.0,0.0,0.0,1.09,0.0,0.0,,0
1,0.0,0.0,0.0,1.1,0.0,0.0,,0
1,0.0,0.0,0.0,1.11,0.0,0.0,,0
1,0.0,0.0,0.0,1.12,0.0,0.0,,0
1,0.0,0.0,0.0,1.13,0.0,0.0,,0
1,0.0,0.0,0.0,1.14,0.0,0.0,,0
1,0.0,0.0,0.0,1.15,0.0,0.0,,0
1,0.0,0.0,0.0,1.16,0.0,0.0,,0
1,0.0,0.0,0.0,1.17,0.0,0.0,,0
1,0.0,0.0,0.0,1.18,0.0,0.0,,0
1,0.0,0.0,0.0,1.19,0.0,0.0,,0
1,0.0,0.0,0.0,1.2,0.0,0.0,,0
1,0.0,0.0,0.0,1.21,0.0,0.0,,0
1,0.0,0.0,0.0,1.22,0.0,0.0,,0
1,0.0,0.0,0.0,1.23,0.0,0.0,,0
1,0.0,0.0,0.0,1.24,0.0,0.0,,0
1,0.0,0.0,0.0,1.25,0.0,0.0,,0
1,0.0,0.0,0.0,1.26,0.0,0.0,,0
1,0.0,0.0,0.0,1.27,0.0,0.0,,0
1,0.0,0.0,0.0,1.28,0.0,0.0,,0
1,0.0,0.0,0.0,1.29,0.0,0.0,,0
1,0.0,0.0,0.0,1.3,0.0,0.0,,0
1,0.0,0.0,0.0,1.31,0.0,0.0,,0
1,0.0,0.0,0.0,1.32,0.0,0.0,,0
1,0.0,0.0,0.0,1.33,0.0,0.0,,0
1,0.0,0.0,0.0,1.34,0.0,0.0,,0
1,0.0,0.0,0.0,1.35,0.0,0.0,,0
1,0.0,0.0,0.0,1.36,0.0,0.0,,0
1,0.0,0.0,0.0,1.37,0.0,0.0,,0
1,0.0,0.0,0.0,1.38,0.0,0.0,,0
1,0.0,0.0,0.0,1.39,0.0,0.0,,0
1,0.0,0.0,0.0,1.4,0.0,0.0,,0
1,0.0,0.0,0.0,1.41,0.0,0.0,,0
1,0.0,0.0,0.0,1.42,0.0,0.0,,0
1,0.0,0.0,0.0,1.43,0.0,0.0,,0
1,0.0,0.0,0.0,1.44,0.0,0.0,,0
1,0.0,0.0,0.0,1.45,0.0,0.0,,0
1,0.0,0.0,0.0,1.46,0.0,0.0,,0
1,0.0,0.0,0.0,1.47,0.0,0.0,,0
1,0.0,0.0,0.0,1.48,0.0,0.0,,0
1,0.0,0.0,0.0,1.49,0.0,0.0,,0
1,0.0,0.0,0.0,1.5,0.0,0.0,,0
1,0.0,0.0,0.0,1.51,0.0,0.0,,0
1,0.0,0.0,0.0,1.52,0.0,0.0,,0
1,0.0,0.0,0.0,1.53,0.0,0.0,,0
1,0.0,0.0,0.0,1.54,0.0,0.0,,0
1,0.0,0.0,0.0,1.55,0.0,0.0,,0
1,0.0,0.0,0.0,1.56,0.0,0.0,,0
1,0.0,0.0,0.0,1.57,0.0,0.0,,0
1,0.0,0.0,0.0,1.58,0.0,0.0,,0
1,0.0,0.0,0.0,1.59,0.0,0.0,,0
1,0.0,0.0,0.0,1.6,0.0,0.0,,0
1,0.0,0.0,0.0,1.61,0.0,0.0,,0
1,0.0,0.0,0.0,1.62,0.0,0.0,,0
1,0.0,0.0,0.0,1.63,0.0,0.0,,0
1,0.0,0.0,0.0,1.64,0.0,0.0,,0
1,0.0,0.0,0.0,1.65,0.0,0.0,,0
1,0.0,0.0,0.0,1.66,0.0,0.0,,0
1,0.0,0.0,0.0,1.67,0.0,0.0,,0
1,0.0,0.0,0.0,1.68,0.0,0.0,,0
1,0.0,0.0,0.0,1.69,0.0,0.0,,0
1,0.0,0.0,0.0,1.7,0.0,0.0,,0
1,0.0,0.0,0.0,1.71,0.0,0.0,,0
1,0.0,0.0,0.0,1.72,0.0,0.0,,0
1,0.0,0.0,0.0,1.73,0.0,0.0,,0
1,0.0,0.0,0.0,1.74,0.0,0.0,,0
1,0.0,0.0,0.0,1.75,0.0,0.0,,0
1,0.0,0.0,0.0,1.76,0.0,0.0,,0
1,0.0,0.0,0.0,1.77,0.0,0.0,,0
1,0.0,0.0,0.0,1.78,0.0,0.0,,0
1,0.0,0.0,0.0,1.79,0.0,0.0,,0
1,0.0,0.0,0.0,1.8,0.0,0.0,,0
1,0.0,0.0,0.0,1.81,0.0,0.0,,0
1,0.0,0.0,0.0,1.82,0.0,0.0,,0
1,0.0,0.0,0.0,1.83,0.0,0.0,,0
1,0.0,0.0,0.0,1.84,0.0,0.0,,0
1,0.0,0.0,0.0,1.85,0.0,0.0,,0
1,0.0,0.0,0.0,1.86,0.0,0.0,,0
1,0.0,0.0,0.0,1.87,0.0,0.0,,0
1,0.0,0.0,0.0,1.88,0.0,0.0,,0
1,0.0,0.0,0.0,1.89,0.0,0.0,,0
1,0.0,0.0,0.0,1.9,0.0,0.0,,0
1,0.0,0.0,0.0,1.91,0.0,0.0,,0
1,0.0,0.0,0.0,1.92,0.0,0.0,,0
1,0.0,0.0,0.0,1.93,0.0,0.0,,0
1,0.0,0.0,0.0,1.94,0.0,0.0,,0
1,0.0,0.0,0.0,1.95,0.0,0.0,,0
1,0.0,0.0,0.0,1.96,0.0,0.0,,0
1,0.0,0.0,0.0,1.97,0.0,0.0,,0
1,0.0,0.0,0.0,1.98,0.0,0.0,,0
1,0.0,0.0,0.0,1.99,0.0,0.0,,0
1,0.0,0.0,0.0,2.0,0.0,0.0,,0
1,0.0,0.0,0.0,2.01,0.0,0.0,,0
1,0.0,0.0,0.0,2.02,0.0,0.0,,0
1,0.0,0.0,0.0,2.03,0.0,0.0,,0
1,0.0,0.0,0.0,2.04,0.0,0.0,,0
1,0.0,0.0,0.0,2.05,0.0,0.0,,0
1,0.0,0.0,0.0,2.06,0.0,0.0,,0
1,0.0,0.0,0.0,2.07,0.0,0.0,,0
1,0.0,0.0,0.0,2.08,0.0,0.0,,0
1,0.0,0.0,0.0,2.09,0.0,0.0,,0
1,0.0,0.0,0.0,2.1,0.0,0.0,,0
1,0.0,0.0,0.0,2.11,0.0,0.0,,0
1,0.0,0.0,0.0,2.12,0.0,0.0,,0
1,0.0,0.0,0.0,2.13,0.0,0.0,,0
1,0.0,0.0,0.0,2.14,0.0,0.0,,0
1,0.0,0.0,0.0,2.15,0.0,0.0,,0
1,0.0,0.0,0.0,2.16,0.0,0.0,,0
1,0.0,0.0,0.0,2.17,0.0,0.0,,0
1,0.0,0.0,0.0,2.18,0.0,0.0,,0
1,0.0,0.0,0.0,2.19,0.0,0.0,,0
1,0.0,0.0,0.0,2.2,0.0,0.0,,0
1,0.0,0.0,0.0,2.21,0.0,0.0,,0
1,0.0,0.0,0.0,2.22,0.0,0.0,,0
1,0.0,0.0,0.0,2.23,0.0001,0.0001,0.0,1
1,0.0,0.0,0.0,2.24,0.0001,0.0001,0.0,1
1,0.0,0.0,0.0,2.25,0.0002,0.0002,0.0,1
1,0.0,0.0,0.0,2.26,0.0003,0.0003,0.0,1
1,0.0,0.0,0.0,2.27,0.0005,0.0005,0.0,1
1,0.0,0.0,0.0,2.28,0.0007,0.0007,0.0,1
1,0.0,0.0,0.0,2.29,0.001,0.001,0.0,1
1,0.0,0.0,0.0,2.3,0.0013,0.0013,0.0,1
1,0.0,0.0,0.0,2.31,0.0016,0.0016,0.0,1
1,0.0,0.0,0.0,2.32,0.002,0.002,0.0,1
1,0.0,0.0,0.0,2.33,0.0023,0.0023,0.0,1
1,0.0,0.0,0.0,2.34,0.0026,0.0026,0.0,1
1,0.0,0.0,0.0,2.35,0.0028,0.0028,0.0,1
1,0.0,0.0,0.0,2.36,0.0029,0.0029,0.0,1
1,0.0,0.0,0.0,2.37,0.0029,0.0029,0.0,1
1,0.0,0.0,0.0,2.38,0.0028,0.0028,0.0,1
1,0.0,0.0,0.0,2.39,0.0025,0.0025,0.0,1
1,0.0,0.0,0.0,2.4,0.0022,0.0022,0.0,1
1,0.0,0.0,0.0,2.41,0.0019,0.0019,0.0,1
1,0.0,0.0,0.0,2.42,0.0016,0.0016,0.0,1
1,0.0,0.0,0.0,2.43,0.0012,0.0012,0.0,1
1,0.0,0.0,0.0,2.44,0.0009,0.0009,0.0,1
1,0.0,0.0,0.0,2.45,0.0007,0.0007,0.0,1
1,0.0,0.0,0.0,2.46,0.0005,0.0005,0.0,1
1,0.0,0.0,0.0,2.47,0.0003,0.0003,0.0,1
1,0.0,0.0,0.0,2.48,0.0002,0.0002,0.0,1
1,0.0,0.0,0.0,2.49,0.0001,0.0001,0.0,1
1,0.0,0.0,0.0,2.5,0.0001,0.0001,0.0,1
1,0.0,0.0,0.0,2.51,0.0,0.0,,0
1,0.0,0.0,0.0,2.52,0.0,0.0,,0
1,0.0,0.0,0.0,2.53,0.0,0.0,,0
1,0.0,0.0,0.0,2.54,0.0,0.0,,0
1,0.0,0.0,0.0,2.55,0.0,0.0,,0
1,0.0,0.0,0.0,2.56,0.0,0.0,,0
1,0.0,0.0,0.0,2.57,0.0,0.0,,0
1,0.0,0.0,0.0,2.58,0.0,0.0,,0
1,0.0,0.0,0.0,2.59,0.0,0.0,,0
1,0.0,0.0,0.0,2.6,0.0,0.0,,0
1,0.0,0.0,0.0,2.61,0.0,0.0,,0
1,0.0,0.0,0.0,2.62,0.0,0.0,,0
1,0.0,0.0,0.0,2.63,0.0,0.0,,0
1,0.0,0.0,0.0,2.64,0.0,0.0,,0
1,0.0,0.0,0.0,2.65,0.0,0.0,,0
1,0.0,0.0,0.0,2.66,0.0,0.0,,0
1,0.0,0.0,0.0,2.67,0.0,0.0,,0
1,0.0,0.0,0.0,2.68,0.0,0.0,,0
1,0.0,0.0,0.0,2.69,0.0,0.0,,0
1,0.0,0.0,0.0,2.7,0.0,0.0,,0
1,0.0,0.0,0.0,2.71,0.0,0.0,,0
1,0.0,0.0,0.0,2.72,0.0,0.0,,0
1,0.0,0.0,0.0,2.73,0.0,0.0,,0
1,0.0,0.0,0.0,2.74,0.0,0.0,,0
1,0.0,0.0,0.0,2.75,0.0,0.0,,0
1,0.0,0.0,0.0,2.76,0.0,0.0,,0
1,0.0,0.0,0.0,2.77,0.0,0.0,,0
1,0.0,0.0,0.0,2.78,0.0,0.0,,0
1,0.0,0.0,0.0,2.79,0.0,0.0,,0
1,0.0,0.0,0.0,2.8,0.0,0.0,,0
1,0.0,0.0,0.0,2.81,0.0,0.0,,0
1,0.0,0.0,0.0,2.82,0.0,0.0,,0
1,0.0,0.0,0.0,2.83,0.0,0.0,,0
1,0.0,0.0,0.0,2.84,0.0,0.0,,0
1,0.0,0.0,0.0,2.85,0.0,0.0,,0
1,0.0,0.0,0.0,2.86,0.0,0.0,,0
1,0.0,0.0,0.0,2.87,0.0,0.0,,0
1,0.0,0.0,0.0,2.88,0.0,0.0,,0
1,0.0,0.0,0.0,2.89,0.0,0.0,,0
1,0.0,0.0,0.0,2.9,0.0,0.0,,0
1,0.0,0.0,0.0,2.91,0.0,0.0,,0
1,0.0,0.0,0.0,2.92,0.0,0.0,,0
1,0.0,0.0,0.0,2.93,0.0,0.0,,0
1,0.0,0.0,0.0,2.94,0.0,0.0,,0
1,0.0,0.0,0.0,2.95,0.0,0.0,,0
1,0.0,0.0,0.0,2.96,0.0,0.0,,0
1,0.0,0.0,0.0,2.97,0.0,0.0,,0
1,0.0,0.0,0.0,2.98,0.0,0.0,,0
1,0.0,0.0,0.0,2.99,0.0,0.0,,0
1,0.0,0.0,0.0,3.0,0.0001,0.0001,0.0,1
1,0.0,0.0,0.0,3.01,0.0001,0.0001,0.0,1
1,0.0,0.0,0.0,3.02,0.0001,0.0001,0.0,1
1,0.0,0.0,0.0,3.03,0.0001,0.0001,0.0,1
1,0.0,0.0,0.0,3.04,0.0001,0.0001,0.0,1
1,0.0,0.0,0.0,3.05,0.0002,0.0002,0.0,1
1,0.0,0.0,0.0,3.06,0.0002,0.0002,0.0,1
1,0.0,0.0,0.0,3.07,0.0002,0.0002,0.0,1
1,0.0,0.0,0.0,3.08,0.0002,0.0002,0.0,1
1,0.0,0.0,0.0,3.09,0.0002,0.0002,0.0,1
1,0.0,0.0,0.0,3.1,0.0002,0.0002,0.0,1
1,0.0,0.0,0.0,3.11,0.0001,0.0001,0.0,1
1,0.0,0.0,0.0,3.12,0.0001,0.0001,0.0,1
1,0.0,0.0,0.0,3.13,0.0001,0.0001,0.0,1
1,0.0,0.0,0.0,3.14,0.0001,0.0001,0.0,1
1,0.0,0.0,0.0,3.15,0.0001,0.0001,0.0,1
1,0.0,0.0,0.0,3.16,0.0,0.0,,0
1,0.0,0.0,0.0,3.17,0.0,0.0,,0
1,0.0,0.0,0.0,3.18,0.0,0.0,,0
1,0.0,0.0,0.0,3.19,0.0,0.0,,0
1,0.0,0.0,0.0,3.2,0.0,0.0,,0
1,0.0,0.0,0.0,3.21,0.0,0.0,,0
1,0.0,0.0,0.0,3.22,0.0,0.0,,0
1,0.0,0.0,0.0,3.23,0.0,0.0,,0
1,0.0,0.0,0.0,3.24,0.0,0.0,,0
1,0.0,0.0,0.0,3.25,0.0,0.0,,0
1,0.0,0.0,0.0,3.26,0.0,0.0,,0
1,0.0,0.0,0.0,3.27,0.0,0.0,,0
1,0.0,0.0,0.0,3.28,0.0,0.0,,0
1,0.0,0.0,0.0,3.29,0.0,0.0,,0
1,0.0,0.0,0.0,3.3,0.0,0.0,,0
1,0.0,0.0,0.0,3.31,0.0,0.0,,0
1,0.0,0.0,0.0,3.32,0.0,0.0,,0
1,0.0,0.0,0.0,3.33,0.0,0.0,,0
1,0.0,0.0,0.0,3.34,0.0,0.0,,0
1,0.0,0.0,0.0,3.35,0.0,0.0,,0
1,0.0,0.0,0.0,3.36,0.0,0.0,,0
1,0.0,0.0,0.0,3.37,0.0,0.0,,0
1,0.0,0.0,0.0,3.38,0.0,0.0,,0
1,0.0,0.0,0.0,3.39,0.0,0.0,,0
1,0.0,0.0,0.0,3.4,0.0,0.0,,0
1,0.0,0.0,0.0,3.41,0.0,0.0,,0
1,0.0,0.0,0.0,3.42,0.0,0.0,,0
1,0.0,0.0,0.0,3.43,0.0,0.0,,0
1,0.0,0.0,0.0,3.44,0.0,0.0,,0
1,0.0,0.0,0.0,3.45,0.0,0.0,,0
1,0.0,0.0,0.0,3.46,0.0,0.0,,0
1,0.0,0.0,0.0,3.47,0.0,0.0,,0
1,0.0,0.0,0.0,3.48,0.0,0.0,,0
1,0.0,0.0,0.0,3.49,0.0,0.0,,0
1,0.0,0.0,0.0,3.5,0.0,0.0,,0
1,0.0,0.0,0.0,3.51,0.0,0.0,,0
1,0.0,0.0,0.0,3.52,0.0,0.0,,0
1,0.0,0.0,0.0,3.53,0.0,0.0,,0
1,0.0,0.0,0.0,3.54,0.0,0.0,,0
1,0.0,0.0,0.0,3.55,0.0,0.0,,0
1,0.0,0.0,0.0,3.56,0.0,0.0,,0
1,0.0,0.0,0.0,3.57,0.0,0.0,,0
1,0.0,0.0,0.0,3.58,0.0,0.0,,0
1,0.0,0.0,0.0,3.59,0.0,0.0,,0
1,0.0,0.0,0.0,3.6,0.0,0.0,,0
1,0.0,0.0,0.0,3.61,0.0,0.0,,0
1,0.0,0.0,0.0,3.62,0.0,0.0,,0
1,0.0,0.0,0.0,3.63,0.0,0.0,,0
1,0.0,0.0,0.0,3.64,0.0,0.0,,0
1,0.0,0.0,0.0,3.65,0.0,0.0,,0
1,0.0,0.0,0.0,3.66,0.0,0.0,,0
1,0.0,0.0,0.0,3.67,0.0,0.0,,0
1,0.0,0.0,0.0,3.68,0.0,0.0,,0
1,0.0,0.0,0.0,3.69,0.0,0.0,,0
1,0.0,0.0,0.0,3.7,0.0,0.0,,0
1,0.0,0.0,0.0,3.71,0.0,0.0,,0
1,0.0,0.0,0.0,3.72,0.0,0.0,,0
1,0.0,0.0,0.0,3.73,0.0,0.0,,0
1,0.0,0.0,0.0,3.74,0.0,0.0,,0
1,0.0,0.0,0.0,3.75,0.0,0.0,,0
1,0.0,0.0,0.0,3.76,0.0,0.0,,0
1,0.0,0.0,0.0,3.77,0.0,0.0,,0
1,0.0,0.0,0.0,3.78,0.0,0.0,,0
1,0.0,0.0,0.0,3.79,0.0,0.0,,0
1,0.0,0.0,0.0,3.8,0.0,0.0,,0
1,0.0,0.0,0.0,3.81,0.0,0.0,,0
1,0.0,0.0,0.0,3.82,0.0,0.0,,0
1,0.0,0.0,0.0,3.83,0.0,0.0,,0
1,0.0,0.0,0.0,3.84,0.0001,0.0001,0.0,1
1,0.0,0.0,0.0,3.85,0.0002,0.0002,0.0,1
1,0.0,0.0,0.0,3.86,0.0003,0.0003,0.0,1
1,0.0,0.0,0.0,3.87,0.0005,0.0005,0.0,1
1,0.0,0.0,0.0,3.88,0.0009,0.0009,0.0,1
1,0.0,0.0,0.0,3.89,0.0014,0.0014,0.0,1
1,0.0,0.0,0.0,3.9,0.0021,0.0021,0.0,1
1,0.0,0.0,0.0,3.91,0.0031,0.0031,0.0,1
1,0.0,0.0,0.0,3.92,0.0045,0.0045,0.0,1
1,0.0,0.0,0.0,3.93,0.0062,0.0062,0.0,1
1,0.0,0.0,0.0,3.94,0.0082,0.0082,0.0,1
1,0.0,0.0,0.0,3.95,0.0105,0.0105,0.0,1
1,0.0,0.0,0.0,3.96,0.0131,0.0131,0.0,1
1,0.0,0.0,0.0,3.97,0.0157,0.0157,0.0,1
1,0.0,0.0,0.0,3.98,0.0183,0.0183,0.0,1
1,0.0,0.0,0.0,3.99,0.0207,0.0207,0.0,1
1,0.0,0.0,0.0,4.0,0.0228,0.0228,0.0,1
2,0.0,0.0416666666666667,0.0,0.5,0.0,0.0,,0
2,0.0,0.0416666666666667,0.0,0.51,0.0,0.0,,0
2,0.0,0.0416666666666667,0.0,0.52,0.0,0.0,,0
2,0.0,0.0416666666666667,0.0,0.53,0.0,0.0,,0
2,0.0,0.0416666666666667,0.0,0.54,0.0,0.0,,0
2,0.0,0.0416666666666667,0.0,0.55,0.0,0.0,,0
2,0.0,0.0416666666666667,0.0,0.56,0.0,0.0,,0
2,0.0,0.0416666666666667,0.0,0.57,0.0,0.0,,0
2,0.0,0.0416666666666667,0.0,0.58,0.0,0.0,,0
2,0.0,0.0416666666666667,0.0,0.59,0.0,0.0,,0
2,0.0,0.0416666666666667,0.0,0.6,0.0,0.0,,0
2,0.0,0.0416666666666667,0.0,0.61,0.0,0.0,,0
2,0.0,0.0416666666666667,0.0,0.62,0.0,0.0,,0
2,0.0,0.0416666666666667,0.0,0.63,0.0,0.0,,0
2,0.0,0.0416666666666667,0.0,0.64,0.0,0.0,,0
2,0.0,0.0416666666666667,0.0,0.65,0.0,0.0,,0
2,0.0,0.0416666666666667,0.0,0.66,0.0,0.0,,0
2,0.0,0.0416666666666667,0.0,0.67,0.0,0.0,,0
2,0.0,0.0416666666666667,0.0,0.68,0.0,0.0,,0
2,0.0,0.0416666666666667,0.0,0.69,0.0,0.0,,0
2,0.0,0.0416666666666667,0.0,0.7,0.0,0.0,,0
2,0.0,0.0416666666666667,0.0,0.71,0.0,0.0,,0
2,0.0,0.0416666666666667,0.0,0.72,0.0,0.0,,0
2,0.0,0.0416666666666667,0.0,0.73,0.0,0.0,,0
2,0.0,0.0416666666666667,0.0,0.74,0.0,0.0,,0
2,0.0,0.0416666666666667,0.0,0.75,0.0,0.0,,0
2,0.0,0.0416666666666667,0.0,0.76,0.0,0.0,,0
2,0.0,0.0416666666666667,0.0,0.77,0.0,0.0,,0
2,0.0,0.0416666666666667,0.0,0.78,0.0,0.0,,0
2,0.0,0.0416666666666667,0.0,0.79,0.0,0.0,,0
2,0.0,0.0416666666666667,0.0,0.8,0.0,0.0,,0
2,0.0,0.0416666666666667,0.0,0.81,0.0,0.0,,0
2,0.0,0.0416666666666667,0.0,0.82,0.0,0.0,,0
2,0.0,0.0416666666666667,0.0,0.83,0.0,0.0,,0
2,0.0,0.0416666666666667,0.0,0.84,0.0,0.0,,0
2,0.0,0.0416666666666667,0.0,0.85,0.0,0.0,,0
2,0.0,0.0416666666666667,0.0,0.86,0.0,0.0,,0
2,0.0,0.0416666666666667,0.0,0.87,0.0,0.0,,0
2,0.0,0.0416666666666667,0.0,0.88,0.0,0.0,,0
2,0.0,0.0416666666666667,0.0,0.89,0.0,0.0,,0
2,0.0,0.0416666666666667,0.0,0.9,0.0,0.0,,0
2,0.0,0.0416666666666667,0.0,0.91,0.0,0.0,,0
2,0.0,0.0416666666666667,0.0,0.92,0.0,0.0,,0
2,0.0,0.0416666666666667,0.0,0.93,0.0,0.0,,0
2,0.0,0.0416666666666667,0.0,0.94,0.0,0.0,,0
2,0.0,0.0416666666666667,0.0,0.95,0.0,0.0,,0
2,0.0,0.0416666666666667,0.0,0.96,0.0,0.0,,0
2,0.0,0.0416666666666667,0.0,0.97,0.0,0.0,,0
2,0.0,0.0416666666666667,0.0,0.98,0.0,0.0,,0
2,0.0,0.0416666666666667,0.0,0.99,0.0,0.0,,0
2,0.0,0.0416666666666667,0.0,1.0,0.0,0.0,,0
2,0.0,0.0416666666666667,0.0,1.01,0.0,0.0,,0
2,0.0,0.0416666666666667,0.0,1.02,0.0,0.0,,0
2,0.0,0.0416666666666667,0.0,1.03,0.0,0.0,,0
2,0.0,0.0416666666666667,0.0,1.04,0.0,0.0,,0
2,0.0,0.0416666666666667,0.0,1.05,0.0,0.0,,0
2,0.0,0.0416666666666667,0.0,1.06,0.0,0.0,,0
2,0.0,0.0416666666666667,0.0,1.07,0.0,0.0,,0
2,0.0,0.0416666666666667,0.0,1.08,0.0,0.0,,0
2,0.0,0.0416666666666667,0.0,1.09,0.0,0.0,,0
2,0.0,0.0416666666666667,0.0,1.1,0.0,0.0,,0
2,0.0,0.0416666666666667,0.0,1.11,0.0,0.0,,0
2,0.0,0.0416666666666667,0.0,1.12,0.0,0.0,,0
2,0.0,0.0416666666666667,0.0,1.13,0.0,0.0,,0
2,0.0,0.0416666666666667,0.0,1.14,0.0,0.0,,0
2,0.0,0.0416666666666667,0.0,1.15,0.0,0.0,,0
2,0.0,0.0416666666666667,0.0,1.16,0.0,0.0,,0
2,0.0,0.0416666666666667,0.0,1.17,0.0,0.0,,0
2,0.0,0.0416666666666667,0.0,1.18,0.0,0.0,,0
2,0.0,0.0416666666666667,0.0,1.19,0.0,0.0,,0
2,0.0,0.0416666666666667,0.0,1.2,0.0,0.0,,0
2,0.0,0.0416666666666667,0.0,1.21,0.0,0.0,,0
2,0.0,0.0416666666666667,0.0,1.22,0.0,0.0,,0
2,0.0,0.0416666666666667,0.0,1.23,0.0,0.0,,0
2,0.0,0.0416666666666667,0.0,1.24,0.0,0.0,,0
2,0.0,0.0416666666666667,0.0,1.25,0.0,0.0,,0
2,0.0,0.0416666666666667,0.0,1.26,0.0,0.0,,0
2,0.0,0.0416666666666667,0.0,1.27,0.0,0.0,,0
2,0.0,0.0416666666666667,0.0,1.28,0.0,0.0,,0
2,0.0,0.0416666666666667,0.0,1.29,0.0,0.0,,0
2,0.0,0.0416666666666667,0.0,1.3,0.0,0.0,,0
2,0.0,0.0416666666666667,0.0,1.31,0.0,0.0,,0
2,0.0,0.0416666666666667,0.0,1.32,0.0,0.0,,0
2,0.0,0.0416666666666667,0.0,1.33,0.0,0.0,,0
2,0.0,0.0416666666666667,0.0,1.34,0.0,0.0,,0
2,0.0,0.0416666666666667,0.0,1.35,0.0,0.0,,0
2,0.0,0.0416666666666667,0.0,1.36,0.0,0.0,,0
2,0.0,0.0416666666666667,0.0,1.37,0.0,0.0,,0
2,0.0,0.0416666666666667,0.0,1.38,0.0,0.0,,0
2,0.0,0.0416666666666667,0.0,1.39,0.0,0.0,,0
2,0.0,0.0416666666666667,0.0,1.4,0.0,0.0,,0
2,0.0,0.0416666666666667,0.0,1.41,0.0,0.0,,0
2,0.0,0.0416666666666667,0.0,1.42,0.0,0.0,,0
2,0.0,0.0416666666666667,0.0,1.43,0.0,0.0,,0
2,0.0,0.0416666666666667,0.0,1.44,0.0,0.0,,0
2,0.0,0.0416666666666667,0.0,1.45,0.0,0.0,,0
2,0.0,0.0416666666666667,0.0,1.46,0.0,0.0,,0
2,0.0,0.0416666666666667,0.0,1.47,0.0,0.0,,0
2,0.0,0.0416666666666667,0.0,1.48,0.0,0.0,,0
2,0.0,0.0416666666666667,0.0,1.49,0.0,0.0,,0
2,0.0,0.0416666666666667,0.0,1.5,0.0,0.0,,0
2,0.0,0.0416666666666667,0.0,1.51,0.0,0.0,,0
2,0.0,0.0416666666666667,0.0,1.52,0.0,0.0,,0
2,0.0,0.0416666666666667,0.0,1.53,0.0,0.0,,0
2,0.0,0.0416666666666667,0.0,1.54,0.0,0.0,,0
2,0.0,0.0416666666666667,0.0,1.55,0.0,0.0,,0
2,0.0,0.0416666666666667,0.0,1.56,0.0,0.0,,0
2,0.0,0.0416666666666667,0.0,1.57,0.0,0.0,,0
2,0.0,0.0416666666666667,0.0,1.58,0.0,0.0,,0
2,0.0,0.0416666666666667,0.0,1.59,0.0,0.0,,0
2,0.0,0.0416666666666667,0.0,1.6,0.0,0.0,,0
2,0.0,0.0416666666666667,0.0,1.61,0.0,0.0,,0
2,0.0,0.0416666666666667,0.0,1.62,0.0,0.0,,0
2,0.0,0.0416666666666667,0.0,1.63,0.0,0.0,,0
2,0.0,0.0416666666666667,0.0,1.64,0.0,0.0,,0
2,0.0,0.0416666666666667,0.0,1.65,0.0,0.0,,0
2,0.0,0.0416666666666667,0.0,1.66,0.0,0.0,,0
2,0.0,0.0416666666666667,0.0,1.67,0.0,0.0,,0
2,0.0,0.0416666666666667,0.0,1.68,0.0,0.0,,0
2,0.0,0.0416666666666667,0.0,1.69,0.0,0.0,,0
2,0.0,0.0416666666666667,0.0,1.7,0.0,0.0,,0
2,0.0,0.0416666666666667,0.0,1.71,0.0,0.0,,0
2,0.0,0.0416666666666667,0.0,1.72,0.0,0.0,,0
2,0.0,0.0416666666666667,0.0,1.73,0.0,0.0,,0
2,0.0,0.0416666666666667,0.0,1.74,0.0,0.0,,0
2,0.0,0.0416666666666667,0.0,1.75,0.0,0.0,,0
2,0.0,0.0416666666666667,0.0,1.76,0.0,0.0,,0
2,0.0,0.0416666666666667,0.0,1.77,0.0,0.0,,0
2,0.0,0.0416666666666667,0.0,1.78,0.0,0.0,,0
2,0.0,0.0416666666666667,0.0,1.79,0.0,0.0,,0
2,0.0,0.0416666666666667,0.0,1.8,0.0,0.0,,0
2,0.0,0.0416666666666667,0.0,1.81,0.0,0.0,,0
2,0.0,0.0416666666666667,0.0,1.82,0.0,0.0,,0
2,0.0,0.0416666666666667,0.0,1.83,0.0,0.0,,0
2,0.0,0.0416666666666667,0.0,1.84,0.0,0.0,,0
2,0.0,0.0416666666666667,0.0,1.85,0.0,0.0,,0
2,0.0,0.0416666666666667,0.0,1.86,0.0,0.0,,0
2,0.0,0.0416666666666667,0.0,1.87,0.0,0.0,,0
2,0.0,0.0416666666666667,0.0,1.88,0.0,0.0,,0
2,0.0,0.0416666666666667,0.0,1.89,0.0,0.0,,0
2,0.0,0.0416666666666667,0.0,1.9,0.0,0.0,,0
2,0.0,0.0416666666666667,0.0,1.91,0.0,0.0,,0
2,0.0,0.0416666666666667,0.0,1.92,0.0,0.0,,0
2,0.0,0.0416666666666667,0.0,1.93,0.0,0.0,,0
2,0.0,0.0416666666666667,0.0,1.94,0.0,0.0,,0
2,0.0,0.0416666666666667,0.0,1.95,0.0,0.0,,0
2,0.0,0.0416666666666667,0.0,1.96,0.0,0.0,,0
2,0.0,0.0416666666666667,0.0,1.97,0.0,0.0,,0
2,0.0,0.0416666666666667,0.0,1.98,0.0,0.0,,0
2,0.0,0.0416666666666667,0.0,1.99,0.0,0.0,,0
2,0.0,0.0416666666666667,0.0,2.0,0.0,0.0,,0
2,0.0,0.0416666666666667,0.0,2.01,0.0,0.0,,0
2,0.0,0.0416666666666667,0.0,2.02,0.0,0.0,,0
2,0.0,0.0416666666666667,0.0,2.03,0.0,0.0,,0
2,0.0,0.0416666666666667,0.0,2.04,0.0,0.0,,0
2,0.0,0.0416666666666667,0.0,2.05,0.0,0.0,,0
2,0.0,0.0416666666666667,0.0,2.06,0.0,0.0,,0
2,0.0,0.0416666666666667,0.0,2.07,0.0,0.0,,0
2,0.0,0.0416666666666667,0.0,2.08,0.0,0.0,,0
2,0.0,0.0416666666666667,0.0,2.09,0.0,0.0,,0
2,0.0,0.0416666666666667,0.0,2.1,0.0,0.0,,0
2,0.0,0.0416666666666667,0.0,2.11,0.0,0.0,,0
2,0.0,0.0416666666666667,0.0,2.12,0.0,0.0,,0
2,0.0,0.0416666666666667,0.0,2.13,0.0,0.0,,0
2,0.0,0.0416666666666667,0.0,2.14,0.0,0.0,,0
2,0.0,0.0416666666666667,0.0,2.15,0.0,0.0,,0
2,0.0,0.0416666666666667,0.0,2.16,0.0,0.0,,0
2,0.0,0.0416666666666667,0.0,2.17,0.0,0.0,,0
2,0.0,0.0416666666666667,0.0,2.18,0.0,0.0,,0
2,0.0,0.0416666666666667,0.0,2.19,0.0,0.0,,0
2,0.0,0.0416666666666667,0.0,2.2,0.0,0.0,,0
2,0.0,0.0416666666666667,0.0,2.21,0.0,0.0,,0
2,0.0,0.0416666666666667,0.0,2.22,0.0,0.0,,0
2,0.0,0.0416666666666667,0.0,2.23,0.0,0.0,,0
2,0.0,0.0416666666666667,0.0,2.24,0.0001,0.0001,0.0,1
2,0.0,0.0416666666666667,0.0,2.25,0.0001,0.0001,0.0,1
2,0.0,0.0416666666666667,0.0,2.26,0.0002,0.0002,0.0,1
2,0.0,0.0416666666666667,0.0,2.27,0.0003,0.0003,0.0,1
2,0.0,0.0416666666666667,0.0,2.28,0.0004,0.0004,0.0,1
2,0.0,0.0416666666666667,0.0,2.29,0.0006,0.0006,0.0,1
2,0.0,0.0416666666666667,0.0,2.3,0.0009,0.0009,0.0,1
2,0.0,0.0416666666666667,0.0,2.31,0.0012,0.0012,0.0,1
2,0.0,0.0416666666666667,0.0,2.32,0.0016,0.0016,0.0,1
2,0.0,0.0416666666666667,0.0,2.33,0.002,0.002,0.0,1
2,0.0,0.0416666666666667,0.0,2.34,0.0024,0.0024,0.0,1
2,0.0,0.0416666666666667,0.0,2.35,0.0028,0.0028,0.0,1
2,0.0,0.0416666666666667,0.0,2.36,0.0032,0.0032,0.0,1
2,0.0,0.0416666666666667,0.0,2.37,0.0035,0.0035,0.0,1
2,0.0,0.0416666666666667,0.0,2.38,0.0036,0.0036,0.0,1
2,0.0,0.0416666666666667,0.0,2.39,0.0036,0.0036,0.0,1
2,0.0,0.0416666666666667,0.0,2.4,0.0035,0.0035,0.0,1
2,0.0,0.0416666666666667,0.0,2.41,0.0033,0.0033,0.0,1
2,0.0,0.0416666666666667,0.0,2.42,0.0029,0.0029,0.0,1
2,0.0,0.0416666666666667,0.0,2.43,0.0025,0.0025,0.0,1
2,0.0,0.0416666666666667,0.0,2.44,0.002,0.002,0.0,1
2,0.0,0.0416666666666667,0.0,2.45,0.0016,0.0016,0.0,1
2,0.0,0.0416666666666667,0.0,2.46,0.0012,0.0012,0.0,1
2,0.0,0.0416666666666667,0.0,2.47,0.0009,0.0009,0.0,1
2,0.0,0.0416666666666667,0.0,2.48,0.0006,0.0006,0.0,1
2,0.0,0.0416666666666667,0.0,2.49,0.0004,0.0004,0.0,1
2,0.0,0.0416666666666667,0.0,2.5,0.0003,0.0003,0.0,1
2,0.0,0.0416666666666667,0.0,2.51,0.0002,0.0002,0.0,1
2,0.0,0.0416666666666667,0.0,2.52,0.0001,0.0001,0.0,1
2,0.0,0.0416666666666667,0.0,2.53,0.0001,0.0001,0.0,1
2,0.0,0.0416666666666667,0.0,2.54,0.0,0.0,,0
2,0.0,0.0416666666666667,0.0,2.55,0.0,0.0,,0
2,0.0,0.0416666666666667,0.0,2.56,0.0,0.0,,0
2,0.0,0.0416666666666667,0.0,2.57,0.0,0.0,,0
2,0.0,0.0416666666666667,0.0,2.58,0.0,0.0,,0
2,0.0,0.0416666666666667,0.0,2.59,0.0,0.0,,0
2,0.0,0.0416666666666667,0.0,2.6,0.0,0.0,,0
2,0.0,0.0416666666666667,0.0,2.61,0.0,0.0,,0
2,0.0,0.0416666666666667,0.0,2.62,0.0,0.0,,0
2,0.0,0.0416666666666667,0.0,2.63,0.0,0.0,,0
2,0.0,0.0416666666666667,0.0,2.64,0.0,0.0,,0
2,0.0,0.0416666666666667,0.0,2.65,0.0,0.0,,0
2,0.0,0.0416666666666667,0.0,2.66,0.0,0.0,,0
2,0.0,0.0416666666666667,0.0,2.67,0.0,0.0,,0
2,0.0,0.0416666666666667,0.0,2.68,0.0,0.0,,0
2,0.0,0.0416666666666667,0.0,2.69,0.0,0.0,,0
2,0.0,0.0416666666666667,0.0,2.7,0.0,0.0,,0
2,0.0,0.0416666666666667,0.0,2.71,0.0,0.0,,0
2,0.0,0.0416666666666667,0.0,2.72,0.0,0.0,,0
2,0.0,0.0416666666666667,0.0,2.73,0.0,0.0,,0
2,0.0,0.0416666666666667,0.0,2.74,0.0,0.0,,0
2,0.0,0.0416666666666667,0.0,2.75,0.0,0.0,,0
2,0.0,0.0416666666666667,0.0,2.76,0.0,0.0,,0
2,0.0,0.0416666666666667,0.0,2.77,0.0,0.0,,0
2,0.0,0.0416666666666667,0.0,2.78,0.0,0.0,,0
2,0.0,0.0416666666666667,0.0,2.79,0.0,0.0,,0
2,0.0,0.0416666666666667,0.0,2.8,0.0,0.0,,0
2,0.0,0.0416666666666667,0.0,2.81,0.0,0.0,,0
2,0.0,0.0416666666666667,0.0,2.82,0.0,0.0,,0
2,0.0,0.0416666666666667,0.0,2.83,0.0,0.0,,0
2,0.0,0.0416666666666667,0.0,2.84,0.0,0.0,,0
2,0.0,0.0416666666666667,0.0,2.85,0.0,0.0,,0
2,0.0,0.0416666666666667,0.0,2.86,0.0,0.0,,0
2,0.0,0.0416666666666667,0.0,2.87,0.0,0.0,,0
2,0.0,0.0416666666666667,0.0,2.88,0.0,0.0,,0
2,0.0,0.0416666666666667,0.0,2.89,0.0,0.0,,0
2,0.0,0.0416666666666667,0.0,2.9,0.0,0.0,,0
2,0.0,0.0416666666666667,0.0,2.91,0.0,0.0,,0
2,0.0,0.0416666666666667,0.0,2.92,0.0,0.0,,0
2,0.0,0.0416666666666667,0.0,2.93,0.0,0.0,,0
2,0.0,0.0416666666666667,0.0,2.94,0.0,0.0,,0
2,0.0,0.0416666666666667,0.0,2.95,0.0001,0.0001,0.0,1
2,0.0,0.0416666666666667,0.0,2.96,0.0001,0.0001,0.0,1
2,0.0,0.0416666666666667,0.0,2.97,0.0001,0.0001,0.0,1
2,0.0,0.0416666666666667,0.0,2.98,0.0002,0.0002,0.0,1
2,0.0,0.0416666666666667,0.0,2.99,0.0002,0.0002,0.0,1
2,0.0,0.0416666666666667,0.0,3.0,0.0003,0.0003,0.0,1
2,0.0,0.0416666666666667,0.0,3.01,0.0003,0.0003,0.0,1
2,0.0,0.0416666666666667,0.0,3.02,0.0004,0.0004,0.0,1
2,0.0,0.0416666666666667,0.0,3.03,0.0004,0.0004,0.0,1
2,0.0,0.0416666666666667,0.0,3.04,0.0005,0.0005,0.0,1
2,0.0,0.0416666666666667,0.0,3.05,0.0005,0.0005,0.0,1
2,0.0,0.0416666666666667,0.0,3.06,0.0005,0.0005,0.0,1
2,0.0,0.0416666666666667,0.0,3.07,0.0004,0.0004,0.0,1
2,0.0,0.0416666666666667,0.0,3.08,0.0004,0.0004,0.0,1
2,0.0,0.0416666666666667,0.0,3.09,0.0004,0.0004,0.0,1
2,0.0,0.0416666666666667,0.0,3.1,0.0003,0.0003,0.0,1
2,0.0,0.0416666666666667,0.0,3.11,0.0002,0.0002,0.0,1
2,0.0,0.0416666666666667,0.0,3.12,0.0002,0.0002,0.0,1
2,0.0,0.0416666666666667,0.0,3.13,0.0001,0.0001,0.0,1
2,0.0,0.0416666666666667,0.0,3.14,0.0001,0.0001,0.0,1
2,0.0,0.0416666666666667,0.0,3.15,0.0001,0.0001,0.0,1
2,0.0,0.0416666666666667,0.0,3.16,0.0,0.0,,0
2,0.0,0.0416666666666667,0.0,3.17,0.0,0.0,,0
2,0.0,0.0416666666666667,0.0,3.18,0.0,0.0,,0
2,0.0,0.0416666666666667,0.0,3.19,0.0,0.0,,0
2,0.0,0.0416666666666667,0.0,3.2,0.0,0.0,,0
2,0.0,0.0416666666666667,0.0,3.21,0.0,0.0,,0
2,0.0,0.0416666666666667,0.0,3.22,0.0,0.0,,0
2,0.0,0.0416666666666667,0.0,3.23,0.0,0.0,,0
2,0.0,0.0416666666666667,0.0,3.24,0.0,0.0,,0
2,0.0,0.0416666666666667,0.0,3.25,0.0,0.0,,0
2,0.0,0.0416666666666667,0.0,3.26,0.0,0.0,,0
2,0.0,0.0416666666666667,0.0,3.27,0.0,0.0,,0
2,0.0,0.0416666666666667,0.0,3.28,0.0,0.0,,0
2,0.0,0.0416666666666667,0.0,3.29,0.0,0.0,,0
2,0.0,0.0416666666666667,0.0,3.3,0.0,0.0,,0
2,0.0,0.0416666666666667,0.0,3.31,0.0,0.0,,0
2,0.0,0.0416666666666667,0.0,3.32,0.0,0.0,,0
2,0.0,0.0416666666666667,0.0,3.33,0.0,0.0,,0
2,0.0,0.0416666666666667,0.0,3.34,0.0,0.0,,0
2,0.0,0.0416666666666667,0.0,3.35,0.0,0.0,,0
2,0.0,0.0416666666666667,0.0,3.36,0.0,0.0,,0
2,0.0,0.0416666666666667,0.0,3.37,0.0,0.0,,0
2,0.0,0.0416666666666667,0.0,3.38,0.0,0.0,,0
2,0.0,0.0416666666666667,0.0,3.39,0.0,0.0,,0
2,0.0,0.0416666666666667,0.0,3.4,0.0,0.0,,0
2,0.0,0.0416666666666667,0.0,3.41,0.0,0.0,,0
2,0.0,0.0416666666666667,0.0,3.42,0.0,0.0,,0
2,0.0,0.0416666666666667,0.0,3.43,0.0,0.0,,0
2,0.0,0.0416666666666667,0.0,3.44,0.0,0.0,,0
2,0.0,0.0416666666666667,0.0,3.45,0.0,0.0,,0
2,0.0,0.0416666666666667,0.0,3.46,0.0,0.0,,0
2,0.0,0.0416666666666667,0.0,3.47,0.0,0.0,,0
2,0.0,0.0416666666666667,0.0,3.48,0.0,0.0,,0
2,0.0,0.0416666666666667,0.0,3.49,0.0,0.0,,0
2,0.0,0.0416666666666667,0.0,3.5,0.0,0.0,,0
2,0.0,0.0416666666666667,0.0,3.51,0.0,0.0,,0
2,0.0,0.0416666666666667,0.0,3.52,0.0,0.0,,0
2,0.0,0.0416666666666667,0.0,3.53,0.0,0.0,,0
2,0.0,0.0416666666666667,0.0,3.54,0.0,0.0,,0
2,0.0,0.0416666666666667,0.0,3.55,0.0,0.0,,0
2,0.0,0.0416666666666667,0.0,3.56,0.0,0.0,,0
2,0.0,0.0416666666666667,0.0,3.57,0.0,0.0,,0
2,0.0,0.0416666666666667,0.0,3.58,0.0,0.0,,0
2,0.0,0.0416666666666667,0.0,3.59,0.0,0.0,,0
2,0.0,0.0416666666666667,0.0,3.6,0.0,0.0,,0
2,0.0,0.0416666666666667,0.0,3.61,0.0,0.0,,0
2,0.0,0.0416666666666667,0.0,3.62,0.0,0.0,,0
2,0.0,0.0416666666666667,0.0,3.63,0.0,0.0,,0
2,0.0,0.0416666666666667,0.0,3.64,0.0,0.0,,0
2,0.0,0.0416666666666667,0.0,3.65,0.0,0.0,,0
2,0.0,0.0416666666666667,0.0,3.66,0.0001,0.0001,0.0,1
2,0.0,0.0416666666666667,0.0,3.67,0.0001,0.0001,0.0,1
2,0.0,0.0416666666666667,0.0,3.68,0.0002,0.0002,0.0,1
2,0.0,0.0416666666666667,0.0,3.69,0.0003,0.0003,0.0,1
2,0.0,0.0416666666666667,0.0,3.7,0.0005,0.0005,0.0,1
2,0.0,0.0416666666666667,0.0,3.71,0.0007,0.0007,0.0,1
2,0.0,0.0416666666666667,0.0,3.72,0.001,0.001,0.0,1
2,0.0,0.0416666666666667,0.0,3.73,0.0014,0.0014,0.0,1
2,0.0,0.0416666666666667,0.0,3.74,0.0019,0.0019,0.0,1
2,0.0,0.0416666666666667,0.0,3.75,0.0025,0.0025,0.0,1
2,0.0,0.0416666666666667,0.0,3.76,0.0031,0.0031,0.0,1
2,0.0,0.0416666666666667,0.0,3.77,0.0037,0.0037,0.0,1
2,0.0,0.0416666666666667,0.0,3.78,0.0043,0.0043,0.0,1
2,0.0,0.0416666666666667,0.0,3.79,0.0048,0.0048,0.0,1
2,0.0,0.0416666666666667,0.0,3.8,0.0052,0.0052,0.0,1
2,0.0,0.0416666666666667,0.0,3.81,0.0053,0.0053,0.0,1
2,0.0,0.0416666666666667,0.0,3.82,0.0053,0.0053,0.0,1
2,0.0,0.0416666666666667,0.0,3.83,0.0051,0.0051,0.0,1
2,0.0,0.0416666666666667,0.0,3.84,0.0048,0.0048,0.0,1
2,0.0,0.0416666666666667,0.0,3.85,0.0044,0.0044,0.0,1
2,0.0,0.0416666666666667,0.0,3.86,0.0039,0.0039,0.0,1
2,0.0,0.0416666666666667,0.0,3.87,0.0036,0.0036,0.0,1
2,0.0,0.0416666666666667,0.0,3.88,0.0034,0.0034,0.0,1
2,0.0,0.0416666666666667,0.0,3.89,0.0034,0.0034,0.0,1
2,0.0,0.0416666666666667,0.0,3.9,0.0037,0.0037,0.0,1
2,0.0,0.0416666666666667,0.0,3.91,0.0043,0.0043,0.0,1
2,0.0,0.0416666666666667,0.0,3.92,0.0051,0.0051,0.0,1
2,0.0,0.0416666666666667,0.0,3.93,0.0061,0.0061,0.0,1
2,0.0,0.0416666666666667,0.0,3.94,0.0073,0.0073,0.0,1
2,0.0,0.0416666666666667,0.0,3.95,0.0085,0.0085,0.0,1
2,0.0,0.0416666666666667,0.0,3.96,0.0095,0.0095,0.0,1
2,0.0,0.0416666666666667,0.0,3.97,0.0104,0.0104,0.0,1
2,0.0,0.0416666666666667,0.0,3.98,0.011,0.011,0.0,1
2,0.0,0.0416666666666667,0.0,3.99,0.0113,0.0113,0.0,1
2,0.0,0.0416666666666667,0.0,4.0,0.0114,0.0114,0.0,1
3,0.0,0.0833333333333333,0.0,0.5,0.0,0.0,,0
3,0.0,0.0833333333333333,0.0,0.51,0.0,0.0,,0
3,0.0,0.0833333333333333,0.0,0.52,0.0,0.0,,0
3,0.0,0.0833333333333333,0.0,0.53,0.0,0.0,,0
3,0.0,0.0833333333333333,0.0,0.54,0.0,0.0,,0
3,0.0,0.0833333333333333,0.0,0.55,0.0,0.0,,0
3,0.0,0.0833333333333333,0.0,0.56,0.0,0.0,,0
3,0.0,0.0833333333333333,0.0,0.57,0.0,0.0,,0
3,0.0,0.0833333333333333,0.0,0.58,0.0,0.0,,0
3,0.0,0.0833333333333333,0.0,0.59,0.0,0.0,,0
3,0.0,0.0833333333333333,0.0,0.6,0.0,0.0,,0
3,0.0,0.0833333333333333,0.0,0.61,0.0,0.0,,0
3,0.0,0.0833333333333333,0.0,0.62,0.0,0.0,,0
3,0.0,0.0833333333333333,0.0,0.63,0.0,0.0,,0
3,0.0,0.0833333333333333,0.0,0.64,0.0,0.0,,0
3,0.0,0.0833333333333333,0.0,0.65,0.0,0.0,,0
3,0.0,0.0833333333333333,0.0,0.66,0.0,0.0,,0
3,0.0,0.0833333333333333,0.0,0.67,0.0,0.0,,0
3,0.0,0.0833333333333333,0.0,0.68,0.0,0.0,,0
3,0.0,0.0833333333333333,0.0,0.69,0.0,0.0,,0
3,0.0,0.0833333333333333,0.0,0.7,0.0,0.0,,0
3,0.0,0.0833333333333333,0.0,0.71,0.0,0.0,,0
3,0.0,0.0833333333333333,0.0,0.72,0.0,0.0,,0
3,0.0,0.0833333333333333,0.0,0.73,0.0,0.0,,0
3,0.0,0.0833333333333333,0.0,0.74,0.0,0.0,,0
3,0.0,0.0833333333333333,0.0,0.75,0.0,0.0,,0
3,0.0,0.0833333333333333,0.0,0.76,0.0,0.0,,0
3,0.0,0.0833333333333333,0.0,0.77,0.0,0.0,,0
3,0.0,0.0833333333333333,0.0,0.78,0.0,0.0,,0
3,0.0,0.0833333333333333,0.0,0.79,0.0,0.0,,0
3,0.0,0.0833333333333333,0.0,0.8,0.0,0.0,,0
3,0.0,0.0833333333333333,0.0,0.81,0.0,0.0,,0
3,0.0,0.0833333333333333,0.0,0.82,0.0,0.0,,0
3,0.0,0.0833333333333333,0.0,0.83,0.0,0.0,,0
3,0.0,0.0833333333333333,0.0,0.84,0.0,0.0,,0
3,0.0,0.0833333333333333,0.0,0.85,0.0,0.0,,0
3,0.0,0.0833333333333333,0.0,0.86,0.0,0.0,,0
3,0.0,0.0833333333333333,0.0,0.87,0.0,0.0,,0
3,0.0,0.0833333333333333,0.0,0.88,0.0,0.0,,0
3,0.0,0.0833333333333333,0.0,0.89,0.0,0.0,,0
3,0.0,0.0833333333333333,0.0,0.9,0.0,0.0,,0
3,0.0,0.0833333333333333,0.0,0.91,0.0,0.0,,0
3,0.0,0.0833333333333333,0.0,0.92,0.0,0.0,,0
3,0.0,0.0833333333333333,0.0,0.93,0.0,0.0,,0
3,0.0,0.0833333333333333,0.0,0.94,0.0,0.0,,0
3,0.0,0.0833333333333333,0.0,0.95,0.0,0.0,,0
3,0.0,0.0833333333333333,0.0,0.96,0.0,0.0,,0
3,0.0,0.0833333333333333,0.0,0.97,0.0,0.0,,0
3,0.0,0.0833333333333333,0.0,0.98,0.0,0.0,,0
3,0.0,0.0833333333333333,0.0,0.99,0.0,0.0,,0
3,0.0,0.0833333333333333,0.0,1.0,0.0,0.0,,0
3,0.0,0.0833333333333333,0.0,1.01,0.0,0.0,,0
3,0.0,0.0833333333333333,0.0,1.02,0.0,0.0,,0
3,0.0,0.0833333333333333,0.0,1.03,0.0,0.0,,0
3,0.0,0.0833333333333333,0.0,1.04,0.0,0.0,,0
3,0.0,0.0833333333333333,0.0,1.05,0.0,0.0,,0
3,0.0,0.0833333333333333,0.0,1.06,0.0,0.0,,0
3,0.0,0.0833333333333333,0.0,1.07,0.0,0.0,,0
3,0.0,0.0833333333333333,0.0,1.08,0.0,0.0,,0
3,0.0,0.0833333333333333,0.0,1.09,0.0,0.0,,0
3,0.0,0.0833333333333333,0.0,1.1,0.0,0.0,,0
3,0.0,0.0833333333333333,0.0,1.11,0.0,0.0,,0
3,0.0,0.0833333333333333,0.0,1.12,0.0,0.0,,0
3,0.0,0.0833333333333333,0.0,1.13,0.0,0.0,,0
3,0.0,0.0833333333333333,0.0,1.14,0.0,0.0,,0
3,0.0,0.0833333333333333,0.0,1.15,0.0,0.0,,0
3,0.0,0.0833333333333333,0.0,1.16,0.0,0.0,,0
3,0.0,0.0833333333333333,0.0,1.17,0.0,0.0,,0
3,0.0,0.0833333333333333,0.0,1.18,0.0,0.0,,0
3,0.0,0.0833333333333333,0.0,1.19,0.0,0.0,,0
3,0.0,0.0833333333333333,0.0,1.2,0.0,0.0,,0
3,0.0,0.0833333333333333,0.0,1.21,0.0,0.0,,0
3,0.0,0.0833333333333333,0.0,1.22,0.0,0.0,,0
3,0.0,0.0833333333333333,0.0,1.23,0.0,0.0,,0
3,0.0,0.0833333333333333,0.0,1.24,0.0,0.0,,0
3,0.0,0.0833333333333333,0.0,1.25,0.0,0.0,,0
3,0.0,0.0833333333333333,0.0,1.26,0.0,0.0,,0
3,0.0,0.0833333333333333,0.0,1.27,0.0,0.0,,0
3,0.0,0.0833333333333333,0.0,1.28,0.0,0.0,,0
3,0.0,0.0833333333333333,0.0,1.29,0.0,0.0,,0
3,0.0,0.0833333333333333,0.0,1.3,0.0,0.0,,0
3,0.0,0.0833333333333333,0.0,1.31,0.0,0.0,,0
3,0.0,0.0833333333333333,0.0,1.32,0.0,0.0,,0
3,0.0,0.0833333333333333,0.0,1.33,0.0,0.0,,0
3,0.0,0.0833333333333333,0.0,1.34,0.0,0.0,,0
3,0.0,0.0833333333333333,0.0,1.35,0.0,0.0,,0
3,0.0,0.0833333333333333,0.0,1.36,0.0,0.0,,0
3,0.0,0.0833333333333333,0.0,1.37,0.0,0.0,,0
3,0.0,0.0833333333333333,0.0,1.38,0.0,0.0,,0
3,0.0,0.0833333333333333,0.0,1.39,0.0,0.0,,0
3,0.0,0.0833333333333333,0.0,1.4,0.0,0.0,,0
3,0.0,0.0833333333333333,0.0,1.41,0.0,0.0,,0
3,0.0,0.0833333333333333,0.0,1.42,0.0,0.0,,0
3,0.0,0.0833333333333333,0.0,1.43,0.0,0.0,,0
3,0.0,0.0833333333333333,0.0,1.44,0.0,0.0,,0
3,0.0,0.0833333333333333,0.0,1.45,0.0,0.0,,0
3,0.0,0.0833333333333333,0.0,1.46,0.0,0.0,,0
3,0.0,0.0833333333333333,0.0,1.47,0.0,0.0,,0
3,0.0,0.0833333333333333,0.0,1.48,0.0,0.0,,0
3,0.0,0.0833333333333333,0.0,1.49,0.0,0.0,,0
3,0.0,0.0833333333333333,0.0,1.5,0.0,0.0,,0
3,0.0,0.0833333333333333,0.0,1.51,0.0,0.0,,0
3,0.0,0.0833333333333333,0.0,1.52,0.0,0.0,,0
3,0.0,0.0833333333333333,0.0,1.53,0.0,0.0,,0
3,0.0,0.0833333333333333,0.0,1.54,0.0,0.0,,0
3,0.0,0.0833333333333333,0.0,1.55,0.0,0.0,,0
3,0.0,0.0833333333333333,0.0,1.56,0.0,0.0,,0
3,0.0,0.0833333333333333,0.0,1.57,0.0,0.0,,0
3,0.0,0.0833333333333333,0.0,1.58,0.0,0.0,,0
3,0.0,0.0833333333333333,0.0,1.59,0.0,0.0,,0
3,0.0,0.0833333333333333,0.0,1.6,0.0,0.0,,0
3,0.0,0.0833333333333333,0.0,1.61,0.0,0.0,,0
3,0.0,0.0833333333333333,0.0,1.62,0.0,0.0,,0
3,0.0,0.0833333333333333,0.0,1.63,0.0,0.0,,0
3,0.0,0.0833333333333333,0.0,1.64,0.0,0.0,,0
3,0.0,0.0833333333333333,0.0,1.65,0.0,0.0,,0
3,0.0,0.0833333333333333,0.0,1.66,0.0,0.0,,0
3,0.0,0.0833333333333333,0.0,1.67,0.0,0.0,,0
3,0.0,0.0833333333333333,0.0,1.68,0.0,0.0,,0
3,0.0,0.0833333333333333,0.0,1.69,0.0,0.0,,0
3,0.0,0.0833333333333333,0.0,1.7,0.0,0.0,,0
3,0.0,0.0833333333333333,0.0,1.71,0.0,0.0,,0
3,0.0,0.0833333333333333,0.0,1.72,0.0,0.0,,0
3,0.0,0.0833333333333333,0.0,1.73,0.0,0.0,,0
3,0.0,0.0833333333333333,0.0,1.74,0.0,0.0,,0
3,0.0,0.0833333333333333,0.0,1.75,0.0,0.0,,0
3,0.0,0.0833333333333333,0.0,1.76,0.0,0.0,,0
3,0.0,0.0833333333333333,0.0,1.77,0.0,0.0,,0
3,0.0,0.0833333333333333,0.0,1.78,0.0,0.0,,0
3,0.0,0.0833333333333333,0.0,1.79,0.0,0.0,,0
3,0.0,0.0833333333333333,0.0,1.8,0.0,0.0,,0
3,0.0,0.0833333333333333,0.0,1.81,0.0,0.0,,0
3,0.0,0.0833333333333333,0.0,1.82,0.0,0.0,,0
3,0.0,0.0833333333333333,0.0,1.83,0.0,0.0,,0
3,0.0,0.0833333333333333,0.0,1.84,0.0,0.0,,0
3,0.0,0.0833333333333333,0.0,1.85,0.0,0.0,,0
3,0.0,0.0833333333333333,0.0,1.86,0.0,0.0,,0
3,0.0,0.0833333333333333,0.0,1.87,0.0,0.0,,0
3,0.0,0.0833333333333333,0.0,1.88,0.0,0.0,,0
3,0.0,0.0833333333333333,0.0,1.89,0.0,0.0,,0
3,0.0,0.0833333333333333,0.0,1.9,0.0,0.0,,0
3,0.0,0.0833333333333333,0.0,1.91,0.0,0.0,,0
3,0.0,0.0833333333333333,0.0,1.92,0.0,0.0,,0
3,0.0,0.0833333333333333,0.0,1.93,0.0,0.0,,0
3,0.0,0.0833333333333333,0.0,1.94,0.0,0.0,,0
3,0.0,0.0833333333333333,0.0,1.95,0.0,0.0,,0
3,0.0,0.0833333333333333,0.0,1.96,0.0,0.0,,0
3,0.0,0.0833333333333333,0.0,1.97,0.0,0.0,,0
3,0.0,0.0833333333333333,0.0,1.98,0.0,0.0,,0
3,0.0,0.0833333333333333,0.0,1.99,0.0,0.0,,0
3,0.0,0.0833333333333333,0.0,2.0,0.0,0.0,,0
3,0.0,0.0833333333333333,0.0,2.01,0.0,0.0,,0
3,0.0,0.0833333333333333,0.0,2.02,0.0,0.0,,0
3,0.0,0.0833333333333333,0.0,2.03,0.0,0.0,,0
3,0.0,0.0833333333333333,0.0,2.04,0.0,0.0,,0
3,0.0,0.0833333333333333,0.0,2.05,0.0,0.0,,0
3,0.0,0.0833333333333333,0.0,2.06,0.0,0.0,,0
3,0.0,0.0833333333333333,0.0,2.07,0.0,0.0,,0
3,0.0,0.0833333333333333,0.0,2.08,0.0,0.0,,0
3,0.0,0.0833333333333333,0.0,2.09,0.0,0.0,,0
3,0.0,0.0833333333333333,0.0,2.1,0.0,0.0,,0
3,0.0,0.0833333333333333,0.0,2.11,0.0,0.0,,0
3,0.0,0.0833333333333333,0.0,2.12,0.0,0.0,,0
3,0.0,0.0833333333333333,0.0,2.13,0.0,0.0,,0
3,0.0,0.0833333333333333,0.0,2.14,0.0,0.0,,0
3,0.0,0.0833333333333333,0.0,2.15,0.0,0.0,,0
3,0.0,0.0833333333333333,0.0,2.16,0.0,0.0,,0
3,0.0,0.0833333333333333,0.0,2.17,0.0,0.0,,0
3,0.0,0.0833333333333333,0.0,2.18,0.0,0.0,,0
3,0.0,0.0833333333333333,0.0,2.19,0.0,0.0,,0
3,0.0,0.0833333333333333,0.0,2.2,0.0,0.0,,0
3,0.0,0.0833333333333333,0.0,2.21,0.0,0.0,,0
3,0.0,0.0833333333333333,0.0,2.22,0.0,0.0,,0
3,0.0,0.0833333333333333,0.0,2.23,0.0,0.0,,0
3,0.0,0.0833333333333333,0.0,2.24,0.0,0.0,,0
3,0.0,0.0833333333333333,0.0,2.25,0.0,0.0,,0
3,0.0,0.0833333333333333,0.0,2.26,0.0001,0.0001,0.0,1
3,0.0,0.0833333333333333,0.0,2.27,0.0001,0.0001,0.0,1
3,0.0,0.0833333333333333,0.0,2.28,0.0002,0.0002,0.0,1
3,0.0,0.0833333333333333,0.0,2.29,0.0004,0.0004,0.0,1
3,0.0,0.0833333333333333,0.0,2.3,0.0006,0.0006,0.0,1
3,0.0,0.0833333333333333,0.0,2.31,0.0008,0.0008,0.0,1
3,0.0,0.0833333333333333,0.0,2.32,0.0011,0.0011,0.0,1
3,0.0,0.0833333333333333,0.0,2.33,0.0015,0.0015,0.0,1
3,0.0,0.0833333333333333,0.0,2.34,0.002,0.002,0.0,1
3,0.0,0.0833333333333333,0.0,2.35,0.0025,0.0025,0.0,1
3,0.0,0.0833333333333333,0.0,2.36,0.003,0.003,0.0,1
3,0.0,0.0833333333333333,0.0,2.37,0.0035,0.0035,0.0,1
3,0.0,0.0833333333333333,0.0,2.38,0.0039,0.0039,0.0,1
3,0.0,0.0833333333333333,0.0,2.39,0.0042,0.0042,0.0,1
3,0.0,0.0833333333333333,0.0,2.4,0.0043,0.0043,0.0,1
3,0.0,0.0833333333333333,0.0,2.41,0.0043,0.0043,0.0,1
3,0.0,0.0833333333333333,0.0,2.42,0.0041,0.0041,0.0,1
3,0.0,0.0833333333333333,0.0,2.43,0.0038,0.0038,0.0,1
3,0.0,0.0833333333333333,0.0,2.44,0.0033,0.0033,0.0,1
3,0.0,0.0833333333333333,0.0,2.45,0.0028,0.0028,0.0,1
3,0.0,0.0833333333333333,0.0,2.46,0.0023,0.0023,0.0,1
3,0.0,0.0833333333333333,0.0,2.47,0.0018,0.0018,0.0,1
3,0.0,0.0833333333333333,0.0,2.48,0.0014,0.0014,0.0,1
3,0.0,0.0833333333333333,0.0,2.49,0.001,0.001,0.0,1
3,0.0,0.0833333333333333,0.0,2.5,0.0007,0.0007,0.0,1
3,0.0,0.0833333333333333,0.0,2.51,0.0005,0.0005,0.0,1
3,0.0,0.0833333333333333,0.0,2.52,0.0003,0.0003,0.0,1
3,0.0,0.0833333333333333,0.0,2.53,0.0002,0.0002,0.0,1
3,0.0,0.0833333333333333,0.0,2.54,0.0001,0.0001,0.0,1
3,0.0,0.0833333333333333,0.0,2.55,0.0001,0.0001,0.0,1
3,0.0,0.0833333333333333,0.0,2.56,0.0,0.0,,0
3,0.0,0.0833333333333333,0.0,2.57,0.0,0.0,,0
3,0.0,0.0833333333333333,0.0,2.58,0.0,0.0,,0
3,0.0,0.0833333333333333,0.0,2.59,0.0,0.0,,0
3,0.0,0.0833333333333333,0.0,2.6,0.0,0.0,,0
3,0.0,0.0833333333333333,0.0,2.61,0.0,0.0,,0
3,0.0,0.0833333333333333,0.0,2.62,0.0,0.0,,0
3,0.0,0.0833333333333333,0.0,2.63,0.0,0.0,,0
3,0.0,0.0833333333333333,0.0,2.64,0.0,0.0,,0
3,0.0,0.0833333333333333,0.0,2.65,0.0,0.0,,0
3,0.0,0.0833333333333333,0.0,2.66,0.0,0.0,,0
3,0.0,0.0833333333333333,0.0,2.67,0.0,0.0,,0
3,0.0,0.0833333333333333,0.0,2.68,0.0,0.0,,0
3,0.0,0.0833333333333333,0.0,2.69,0.0,0.0,,0
3,0.0,0.0833333333333333,0.0,2.7,0.0,0.0,,0
3,0.0,0.0833333333333333,0.0,2.71,0.0,0.0,,0
3,0.0,0.0833333333333333,0.0,2.72,0.0,0.0,,0
3,0.0,0.0833333333333333,0.0,2.73,0.0,0.0,,0
3,0.0,0.0833333333333333,0.0,2.74,0.0,0.0,,0
3,0.0,0.0833333333333333,0.0,2.75,0.0,0.0,,0
3,0.0,0.0833333333333333,0.0,2.76,0.0,0.0,,0
3,0.0,0.0833333333333333,0.0,2.77,0.0,0.0,,0
3,0.0,0.0833333333333333,0.0,2.78,0.0,0.0,,0
3,0.0,0.0833333333333333,0.0,2.79,0.0,0.0,,0
3,0.0,0.0833333333333333,0.0,2.8,0.0,0.0,,0
3,0.0,0.0833333333333333,0.0,2.81,0.0,0.0,,0
3,0.0,0.0833333333333333,0.0,2.82,0.0001,0.0001,0.0,1
3,0.0,0.0833333333333333,0.0,2.83,0.0001,0.0001,0.0,1
3,0.0,0.0833333333333333,0.0,2.84,0.0002,0.0002,0.0,1
3,0.0,0.0833333333333333,0.0,2.85,0.0003,0.0003,0.0,1
3,0.0,0.0833333333333333,0.0,2.86,0.0005,0.0005,0.0,1
3,0.0,0.0833333333333333,0.0,2.87,0.0007,0.0007,0.0,1
3,0.0,0.0833333333333333,0.0,2.88,0.0009,0.0009,0.0,1
3,0.0,0.0833333333333333,0.0,2.89,0.0013,0.0013,0.0,1
3,0.0,0.0833333333333333,0.0,2.9,0.0016,0.0016,0.0,1
3,0.0,0.0833333333333333,0.0,2.91,0.002,0.002,0.0,1
3,0.0,0.0833333333333333,0.0,2.92,0.0024,0.0024,0.0,1
3,0.0,0.0833333333333333,0.0,2.93,0.0028,0.0028,0.0,1
3,0.0,0.0833333333333333,0.0,2.94,0.0031,0.0031,0.0,1
3,0.0,0.0833333333333333,0.0,2.95,0.0033,0.0033,0.0,1
3,0.0,0.0833333333333333,0.0,2.96,0.0034,0.0034,0.0,1
3,0.0,0.0833333333333333,0.0,2.97,0.0033,0.0033,0.0,1
3,0.0,0.0833333333333333,0.0,2.98,0.0031,0.0031,0.0,1
3,0.0,0.0833333333333333,0.0,2.99,0.0029,0.0029,0.0,1
3,0.0,0.0833333333333333,0.0,3.0,0.0025,0.0025,0.0,1
3,0.0,0.0833333333333333,0.0,3.01,0.0021,0.0021,0.0,1
3,0.0,0.0833333333333333,0.0,3.02,0.0017,0.0017,0.0,1
3,0.0,0.0833333333333333,0.0,3.03,0.0013,0.0013,0.0,1
3,0.0,0.0833333333333333,0.0,3.04,0.001,0.001,0.0,1
3,0.0,0.0833333333333333,0.0,3.05,0.0007,0.0007,0.0,1
3,0.0,0.0833333333333333,0.0,3.06,0.0005,0.0005,0.0,1
3,0.0,0.0833333333333333,0.0,3.07,0.0003,0.0003,0.0,1
3,0.0,0.0833333333333333,0.0,3.08,0.0002,0.0002,0.0,1
3,0.0,0.0833333333333333,0.0,3.09,0.0001,0.0001,0.0,1
3,0.0,0.0833333333333333,0.0,3.1,0.0001,0.0001,0.0,1
3,0.0,0.0833333333333333,0.0,3.11,0.0,0.0,,0
3,0.0,0.0833333333333333,0.0,3.12,0.0,0.0,,0
3,0.0,0.0833333333333333,0.0,3.13,0.0,0.0,,0
3,0.0,0.0833333333333333,0.0,3.14,0.0,0.0,,0
3,0.0,0.0833333333333333,0.0,3.15,0.0,0.0,,0
3,0.0,0.0833333333333333,0.0,3.16,0.0,0.0,,0
3,0.0,0.0833333333333333,0.0,3.17,0.0,0.0,,0
3,0.0,0.0833333333333333,0.0,3.18,0.0,0.0,,0
3,0.0,0.0833333333333333,0.0,3.19,0.0,0.0,,0
3,0.0,0.0833333333333333,0.0,3.2,0.0,0.0,,0
3,0.0,0.0833333333333333,0.0,3.21,0.0,0.0,,0
3,0.0,0.0833333333333333,0.0,3.22,0.0,0.0,,0
3,0.0,0.0833333333333333,0.0,3.23,0.0,0.0,,0
3,0.0,0.0833333333333333,0.0,3.24,0.0,0.0,,0
3,0.0,0.0833333333333333,0.0,3.25,0.0,0.0,,0
3,0.0,0.0833333333333333,0.0,3.26,0.0,0.0,,0
3,0.0,0.0833333333333333,0.0,3.27,0.0,0.0,,0
3,0.0,0.0833333333333333,0.0,3.28,0.0,0.0,,0
3,0.0,0.0833333333333333,0.0,3.29,0.0,0.0,,0
3,0.0,0.0833333333333333,0.0,3.3,0.0,0.0,,0
3,0.0,0.0833333333333333,0.0,3.31,0.0,0.0,,0
3,0.0,0.0833333333333333,0.0,3.32,0.0,0.0,,0
3,0.0,0.0833333333333333,0.0,3.33,0.0,0.0,,0
3,0.0,0.0833333333333333,0.0,3.34,0.0,0.0,,0
3,0.0,0.0833333333333333,0.0,3.35,0.0,0.0,,0
3,0.0,0.0833333333333333,0.0,3.36,0.0,0.0,,0
3,0.0,0.0833333333333333,0.0,3.37,0.0,0.0,,0
3,0.0,0.0833333333333333,0.0,3.38,0.0,0.0,,0
3,0.0,0.0833333333333333,0.0,3.39,0.0,0.0,,0
3,0.0,0.0833333333333333,0.0,3.4,0.0,0.0,,0
3,0.0,0.0833333333333333,0.0,3.41,0.0001,0.0001,0.0,1
3,0.0,0.0833333333333333,0.0,3.42,0.0001,0.0001,0.0,1
3,0.0,0.0833333333333333,0.0,3.43,0.0002,0.0002,0.0,1
3,0.0,0.0833333333333333,0.0,3.44,0.0004,0.0004,0.0,1
3,0.0,0.0833333333333333,0.0,3.45,0.0006,0.0006,0.0,1
3,0.0,0.0833333333333333,0.0,3.46,0.0009,0.0009,0.0,1
3,0.0,0.0833333333333333,0.0,3.47,0.0013,0.0013,0.0,1
3,0.0,0.0833333333333333,0.0,3.48,0.0018,0.0018,0.0,1
3,0.0,0.0833333333333333,0.0,3.49,0.0024,0.0024,0.0,1
3,0.0,0.0833333333333333,0.0,3.5,0.003,0.003,0.0,1
3,0.0,0.0833333333333333,0.0,3.51,0.0037,0.0037,0.0,1
3,0.0,0.0833333333333333,0.0,3.52,0.0044,0.0044,0.0,1
3,0.0,0.0833333333333333,0.0,3.53,0.005,0.005,0.0,1
3,0.0,0.0833333333333333,0.0,3.54,0.0055,0.0055,0.0,1
3,0.0,0.0833333333333333,0.0,3.55,0.0058,0.0058,0.0,1
3,0.0,0.0833333333333333,0.0,3.56,0.0058,0.0058,0.0,1
3,0.0,0.0833333333333333,0.0,3.57,0.0057,0.0057,0.0,1
3,0.0,0.0833333333333333,0.0,3.58,0.0053,0.0053,0.0,1
3,0.0,0.0833333333333333,0.0,3.59,0.0048,0.0048,0.0,1
3,0.0,0.0833333333333333,0.0,3.6,0.0042,0.0042,0.0,1
3,0.0,0.0833333333333333,0.0,3.61,0.0035,0.0035,0.0,1
3,0.0,0.0833333333333333,0.0,3.62,0.0028,0.0028,0.0,1
3,0.0,0.0833333333333333,0.0,3.63,0.0021,0.0021,0.0,1
3,0.0,0.0833333333333333,0.0,3.64,0.0016,0.0016,0.0,1
3,0.0,0.0833333333333333,0.0,3.65,0.0011,0.0011,0.0,1
3,0.0,0.0833333333333333,0.0,3.66,0.0008,0.0008,0.0,1
3,0.0,0.0833333333333333,0.0,3.67,0.0005,0.0005,0.0,1
3,0.0,0.0833333333333333,0.0,3.68,0.0003,0.0003,0.0,1
3,0.0,0.0833333333333333,0.0,3.69,0.0002,0.0002,0.0,1
3,0.0,0.0833333333333333,0.0,3.7,0.0001,0.0001,0.0,1
3,0.0,0.0833333333333333,0.0,3.71,0.0001,0.0001,0.0,1
3,0.0,0.0833333333333333,0.0,3.72,0.0001,0.0001,0.0,1
3,0.0,0.0833333333333333,0.0,3.73,0.0002,0.0002,0.0,1
3,0.0,0.0833333333333333,0.0,3.74,0.0003,0.0003,0.0,1
3,0.0,0.0833333333333333,0.0,3.75,0.0004,0.0004,0.0,1
3,0.0,0.0833333333333333,0.0,3.76,0.0007,0.0007,0.0,1
3,0.0,0.0833333333333333,0.0,3.77,0.001,0.001,0.0,1
3,0.0,0.0833333333333333,0.0,3.78,0.0014,0.0014,0.0,1
3,0.0,0.0833333333333333,0.0,3.79,0.002,0.002,0.0,1
3,0.0,0.0833333333333333,0.0,3.8,0.0026,0.0026,0.0,1
3,0.0,0.0833333333333333,0.0,3.81,0.0033,0.0033,0.0,1
3,0.0,0.0833333333333333,0.0,3.82,0.0041,0.0041,0.0,1
3,0.0,0.0833333333333333,0.0,3.83,0.0048,0.0048,0.0,1
3,0.0,0.0833333333333333,0.0,3.84,0.0054,0.0054,0.0,1
3,0.0,0.0833333333333333,0.0,3.85,0.0059,0.0059,0.0,1
3,0.0,0.0833333333333333,0.0,3.86,0.0062,0.0062,0.0,1
3,0.0,0.0833333333333333,0.0,3.87,0.0062,0.0062,0.0,1
3,0.0,0.0833333333333333,0.0,3.88,0.006,0.006,0.0,1
3,0.0,0.0833333333333333,0.0,3.89,0.0056,0.0056,0.0,1
3,0.0,0.0833333333333333,0.0,3.9,0.005,0.005,0.0,1
3,0.0,0.0833333333333333,0.0,3.91,0.0043,0.0043,0.0,1
3,0.0,0.0833333333333333,0.0,3.92,0.0036,0.0036,0.0,1
3,0.0,0.0833333333333333,0.0,3.93,0.0029,0.0029,0.0,1
3,0.0,0.0833333333333333,0.0,3.94,0.0022,0.0022,0.0,1
3,0.0,0.0833333333333333,0.0,3.95,0.0016,0.0016,0.0,1
3,0.0,0.0833333333333333,0.0,3.96,0.0012,0.0012,0.0,1
3,0.0,0.0833333333333333,0.0,3.97,0.0009,0.0009,0.0,1
3,0.0,0.0833333333333333,0.0,3.98,0.0007,0.0007,0.0,1
3,0.0,0.0833333333333333,0.0,3.99,0.0006,0.0006,0.0,1
3,0.0,0.0833333333333333,0.0,4.0,0.0007,0.0007,0.0,1
4,0.0,0.125,0.0,0.5,0.0,0.0,,0
4,0.0,0.125,0.0,0.51,0.0,0.0,,0
4,0.0,0.125,0.0,0.52,0.0,0.0,,0
4,0.0,0.125,0.0,0.53,0.0,0.0,,0
4,0.0,0.125,0.0,0.54,0.0,0.0,,0
4,0.0,0.125,0.0,0.55,0.0,0.0,,0
4,0.0,0.125,0.0,0.56,0.0,0.0,,0
4,0.0,0.125,0.0,0.57,0.0,0.0,,0
4,0.0,0.125,0.0,0.58,0.0,0.0,,0
4,0.0,0.125,0.0,0.59,0.0,0.0,,0
4,0.0,0.125,0.0,0.6,0.0,0.0,,0
4,0.0,0.125,0.0,0.61,0.0,0.0,,0
4,0.0,0.125,0.0,0.62,0.0,0.0,,0
4,0.0,0.125,0.0,0.63,0.0,0.0,,0
4,0.0,0.125,0.0,0.64,0.0,0.0,,0
4,0.0,0.125,0.0,0.65,0.0,0.0,,0
4,0.0,0.125,0.0,0.66,0.0,0.0,,0
4,0.0,0.125,0.0,0.67,0.0,0.0,,0
4,0.0,0.125,0.0,0.68,0.0,0.0,,0
4,0.0,0.125,0.0,0.69,0.0,0.0,,0
4,0.0,0.125,0.0,0.7,0.0,0.0,,0
4,0.0,0.125,0.0,0.71,0.0,0.0,,0
4,0.0,0.125,0.0,0.72,0.0,0.0,,0
4,0.0,0.125,0.0,0.73,0.0,0.0,,0
4,0.0,0.125,0.0,0.74,0.0,0.0,,0
4,0.0,0.125,0.0,0.75,0.0,0.0,,0
4,0.0,0.125,0.0,0.76,0.0,0.0,,0
4,0.0,0.125,0.0,0.77,0.0,0.0,,0
4,0.0,0.125,0.0,0.78,0.0,0.0,,0
4,0.0,0.125,0.0,0.79,0.0,0.0,,0
4,0.0,0.125,0.0,0.8,0.0,0.0,,0
4,0.0,0.125,0.0,0.81,0.0,0.0,,0
4,0.0,0.125,0.0,0.82,0.0,0.0,,0
4,0.0,0.125,0.0,0.83,0.0,0.0,,0
4,0.0,0.125,0.0,0.84,0.0,0.0,,0
4,0.0,0.125,0.0,0.85,0.0,0.0,,0
4,0.0,0.125,0.0,0.86,0.0,0.0,,0
4,0.0,0.125,0.0,0.87,0.0,0.0,,0
4,0.0,0.125,0.0,0.88,0.0,0.0,,0
4,0.0,0.125,0.0,0.89,0.0,0.0,,0
4,0.0,0.125,0.0,0.9,0.0,0.0,,0
4,0.0,0.125,0.0,0.91,0.0,0.0,,0
4,0.0,0.125,0.0,0.92,0.0,0.0,,0
4,0.0,0.125,0.0,0.93,0.0,0.0,,0
4,0.0,0.125,0.0,0.94,0.0,0.0,,0
4,0.0,0.125,0.0,0.95,0.0,0.0,,0
4,0.0,0.125,0.0,0.96,0.0,0.0,,0
4,0.0,0.125,0.0,0.97,0.0,0.0,,0
4,0.0,0.125,0.0,0.98,0.0,0.0,,0
4,0.0,0.125,0.0,0.99,0.0,0.0,,0
4,0.0,0.125,0.0,1.0,0.0,0.0,,0
4,0.0,0.125,0.0,1.01,0.0,0.0,,0
4,0.0,0.125,0.0,1.02,0.0,0.0,,0
4,0.0,0.125,0.0,1.03,0.0,0.0,,0
4,0.0,0.125,0.0,1.04,0.0,0.0,,0
4,0.0,0.125,0.0,1.05,0.0,0.0,,0
4,0.0,0.125,0.0,1.06,0.0,0.0,,0
4,0.0,0.125,0.0,1.07,0.0,0.0,,0
4,0.0,0.125,0.0,1.08,0.0,0.0,,0
4,0.0,0.125,0.0,1.09,0.0,0.0,,0
4,0.0,0.125,0.0,1.1,0.0,0.0,,0
4,0.0,0.125,0.0,1.11,0.0,0.0,,0
4,0.0,0.125,0.0,1.12,0.0,0.0,,0
4,0.0,0.125,0.0,1.13,0.0,0.0,,0
4,0.0,0.125,0.0,1.14,0.0,0.0,,0
4,0.0,0.125,0.0,1.15,0.0,0.0,,0
4,0.0,0.125,0.0,1.16,0.0,0.0,,0
4,0.0,0.125,0.0,1.17,0.0,0.0,,0
4,0.0,0.125,0.0,1.18,0.0,0.0,,0
4,0.0,0.125,0.0,1.19,0.0,0.0,,0
4,0.0,0.125,0.0,1.2,0.0,0.0,,0
4,0.0,0.125,0.0,1.21,0.0,0.0,,0
4,0.0,0.125,0.0,1.22,0.0,0.0,,0
4,0.0,0.125,0.0,1.23,0.0,0.0,,0
4,0.0,0.125,0.0,1.24,0.0,0.0,,0
4,0.0,0.125,0.0,1.25,0.0,0.0,,0
4,0.0,0.125,0.0,1.26,0.0,0.0,,0
4,0.0,0.125,0.0,1.27,0.0,0.0,,0
4,0.0,0.125,0.0,1.28,0.0,0.0,,0
4,0.0,0.125,0.0,1.29,0.0,0.0,,0
4,0.0,0.125,0.0,1.3,0.0,0.0,,0
4,0.0,0.125,0.0,1.31,0.0,0.0,,0
4,0.0,0.125,0.0,1.32,0.0,0.0,,0
4,0.0,0.125,0.0,1.33,0.0,0.0,,0
4,0.0,0.125,0.0,1.34,0.0,0.0,,0
4,0.0,0.125,0.0,1.35,0.0,0.0,,0
4,0.0,0.125,0.0,1.36,0.0,0.0,,0
4,0.0,0.125,0.0,1.37,0.0,0.0,,0
4,0.0,0.125,0.0,1.38,0.0,0.0,,0
4,0.0,0.125,0.0,1.39,0.0,0.0,,0
4,0.0,0.125,0.0,1.4,0.0,0.0,,0
4,0.0,0.125,0.0,1.41,0.0,0.0,,0
4,0.0,0.125,0.0,1.42,0.0,0.0,,0
4,0.0,0.125,0.0,1.43,0.0,0.0,,0
4,0.0,0.125,0.0,1.44,0.0,0.0,,0
4,0.0,0.125,0.0,1.45,0.0,0.0,,0
4,0.0,0.125,0.0,1.46,0.0,0.0,,0
4,0.0,0.125,0.0,1.47,0.0,0.0,,0
4,0.0,0.125,0.0,1.48,0.0,0.0,,0
4,0.0,0.125,0.0,1.49,0.0,0.0,,0
4,0.0,0.125,0.0,1.5,0.0,0.0,,0
4,0.0,0.125,0.0,1.51,0.0,0.0,,0
4,0.0,0.125,0.0,1.52,0.0,0.0,,0
4,0.0,0.125,0.0,1.53,0.0,0.0,,0
4,0.0,0.125,0.0,1.54,0.0,0.0,,0
4,0.0,0.125,0.0,1.55,0.0,0.0,,0
4,0.0,0.125,0.0,1.56,0.0,0.0,,0
4,0.0,0.125,0.0,1.57,0.0,0.0,,0
4,0.0,0.125,0.0,1.58,0.0,0.0,,0
4,0.0,0.125,0.0,1.59,0.0,0.0,,0
4,0.0,0.125,0.0,1.6,0.0,0.0,,0
4,0.0,0.125,0.0,1.61,0.0,0.0,,0
4,0.0,0.125,0.0,1.62,0.0,0.0,,0
4,0.0,0.125,0.0,1.63,0.0,0.0,,0
4,0.0,0.125,0.0,1.64,0.0,0.0,,0
4,0.0,0.125,0.0,1.65,0.0,0.0,,0
4,0.0,0.125,0.0,1.66,0.0,0.0,,0
4,0.0,0.125,0.0,1.67,0.0,0.0,,0
4,0.0,0.125,0.0,1.68,0.0,0.0,,0
4,0.0,0.125,0.0,1.69,0.0,0.0,,0
4,0.0,0.125,0.0,1.7,0.0,0.0,,0
4,0.0,0.125,0.0,1.71,0.0,0.0,,0
4,0.0,0.125,0.0,1.72,0.0,0.0,,0
4,0.0,0.125,0.0,1.73,0.0,0.0,,0
4,0.0,0.125,0.0,1.74,0.0,0.0,,0
4,0.0,0.125,0.0,1.75,0.0,0.0,,0
4,0.0,0.125,0.0,1.76,0.0,0.0,,0
4,0.0,0.125,0.0,1.77,0.0,0.0,,0
4,0.0,0.125,0.0,1.78,0.0,0.0,,0
4,0.0,0.125,0.0,1.79,0.0,0.0,,0
4,0.0,0.125,0.0,1.8,0.0,0.0,,0
4,0.0,0.125,0.0,1.81,0.0,0.0,,0
4,0.0,0.125,0.0,1.82,0.0,0.0,,0
4,0.0,0.125,0.0,1.83,0.0,0.0,,0
4,0.0,0.125,0.0,1.84,0.0,0.0,,0
4,0.0,0.125,0.0,1.85,0.0,0.0,,0
4,0.0,0.125,0.0,1.86,0.0,0.0,,0
4,0.0,0.125,0.0,1.87,0.0,0.0,,0
4,0.0,0.125,0.0,1.88,0.0,0.0,,0
4,0.0,0.125,0.0,1.89,0.0,0.0,,0
4,0.0,0.125,0.0,1.9,0.0,0.0,,0
4,0.0,0.125,0.0,1.91,0.0,0.0,,0
4,0.0,0.125,0.0,1.92,0.0,0.0,,0
4,0.0,0.125,0.0,1.93,0.0,0.0,,0
4,0.0,0.125,0.0,1.94,0.0,0.0,,0
4,0.0,0.125,0.0,1.95,0.0,0.0,,0
4,0.0,0.125,0.0,1.96,0.0,0.0,,0
4,0.0,0.125,0.0,1.97,0.0,0.0,,0
4,0.0,0.125,0.0,1.98,0.0,0.0,,0
4,0.0,0.125,0.0,1.99,0.0,0.0,,0
4,0.0,0.125,0.0,2.0,0.0,0.0,,0
4,0.0,0.125,0.0,2.01,0.0,0.0,,0
4,0.0,0.125,0.0,2.02,0.0,0.0,,0
4,0.0,0.125,0.0,2.03,0.0,0.0,,0
4,0.0,0.125,0.0,2.04,0.0,0.0,,0
4,0.0,0.125,0.0,2.05,0.0,0.0,,0
4,0.0,0.125,0.0,2.06,0.0,0.0,,0
4,0.0,0.125,0.0,2.07,0.0,0.0,,0
4,0.0,0.125,0.0,2.08,0.0,0.0,,0
4,0.0,0.125,0.0,2.09,0.0,0.0,,0
4,0.0,0.125,0.0,2.1,0.0,0.0,,0
4,0.0,0.125,0.0,2.11,0.0,0.0,,0
4,0.0,0.125,0.0,2.12,0.0,0.0,,0
4,0.0,0.125,0.0,2.13,0.0,0.0,,0
4,0.0,0.125,0.0,2.14,0.0,0.0,,0
4,0.0,0.125,0.0,2.15,0.0,0.0,,0
4,0.0,0.125,0.0,2.16,0.0,0.0,,0
4,0.0,0.125,0.0,2.17,0.0,0.0,,0
4,0.0,0.125,0.0,2.18,0.0,0.0,,0
4,0.0,0.125,0.0,2.19,0.0,0.0,,0
4,0.0,0.125,0.0,2.2,0.0001,0.0001,0.0,1
4,0.0,0.125,0.0,2.21,0.0001,0.0001,0.0,1
4,0.0,0.125,0.0,2.22,0.0002,0.0002,0.0,1
4,0.0,0.125,0.0,2.23,0.0002,0.0002,0.0,1
4,0.0,0.125,0.0,2.24,0.0004,0.0004,0.0,1
4,0.0,0.125,0.0,2.25,0.0005,0.0005,0.0,1
4,0.0,0.125,0.0,2.26,0.0007,0.0007,0.0,1
4,0.0,0.125,0.0,2.27,0.001,0.001,0.0,1
4,0.0,0.125,0.0,2.28,0.0013,0.0013,0.0,1
4,0.0,0.125,0.0,2.29,0.0016,0.0016,0.0,1
4,0.0,0.125,0.0,2.3,0.002,0.002,0.0,1
4,0.0,0.125,0.0,2.31,0.0023,0.0023,0.0,1
4,0.0,0.125,0.0,2.32,0.0027,0.0027,0.0,1
4,0.0,0.125,0.0,2.33,0.003,0.003,0.0,1
4,0.0,0.125,0.0,2.34,0.0034,0.0034,0.0,1
4,0.0,0.125,0.0,2.35,0.0038,0.0038,0.0,1
4,0.0,0.125,0.0,2.36,0.0042,0.0042,0.0,1
4,0.0,0.125,0.0,2.37,0.0047,0.0047,0.0,1
4,0.0,0.125,0.0,2.38,0.0053,0.0053,0.0,1
4,0.0,0.125,0.0,2.39,0.0059,0.0059,0.0,1
4,0.0,0.125,0.0,2.4,0.0066,0.0066,0.0,1
4,0.0,0.125,0.0,2.41,0.0072,0.0072,0.0,1
4,0.0,0.125,0.0,2.42,0.0077,0.0077,0.0,1
4,0.0,0.125,0.0,2.43,0.0081,0.0081,0.0,1
4,0.0,0.125,0.0,2.44,0.0082,0.0082,0.0,1
4,0.0,0.125,0.0,2.45,0.008,0.008,0.0,1
4,0.0,0.125,0.0,2.46,0.0076,0.0076,0.0,1
4,0.0,0.125,0.0,2.47,0.0069,0.0069,0.0,1
4,0.0,0.125,0.0,2.48,0.006,0.006,0.0,1
4,0.0,0.125,0.0,2.49,0.0051,0.0051,0.0,1
4,0.0,0.125,0.0,2.5,0.0041,0.0041,0.0,1
4,0.0,0.125,0.0,2.51,0.0032,0.0032,0.0,1
4,0.0,0.125,0.0,2.52,0.0024,0.0024,0.0,1
4,0.0,0.125,0.0,2.53,0.0017,0.0017,0.0,1
4,0.0,0.125,0.0,2.54,0.0012,0.0012,0.0,1
4,0.0,0.125,0.0,2.55,0.0008,0.0008,0.0,1
4,0.0,0.125,0.0,2.56,0.0005,0.0005,0.0,1
4,0.0,0.125,0.0,2.57,0.0003,0.0003,0.0,1
4,0.0,0.125,0.0,2.58,0.0002,0.0002,0.0,1
4,0.0,0.125,0.0,2.59,0.0002,0.0002,0.0,1
4,0.0,0.125,0.0,2.6,0.0002,0.0002,0.0,1
4,0.0,0.125,0.0,2.61,0.0002,0.0002,0.0,1
4,0.0,0.125,0.0,2.62,0.0003,0.0003,0.0,1
4,0.0,0.125,0.0,2.63,0.0005,0.0005,0.0,1
4,0.0,0.125,0.0,2.64,0.0008,0.0008,0.0,1
4,0.0,0.125,0.0,2.65,0.0012,0.0012,0.0,1
4,0.0,0.125,0.0,2.66,0.0018,0.0018,0.0,1
4,0.0,0.125,0.0,2.67,0.0026,0.0026,0.0,1
4,0.0,0.125,0.0,2.68,0.0035,0.0035,0.0,1
4,0.0,0.125,0.0,2.69,0.0045,0.0045,0.0,1
4,0.0,0.125,0.0,2.7,0.0057,0.0057,0.0,1
4,0.0,0.125,0.0,2.71,0.0069,0.0069,0.0,1
4,0.0,0.125,0.0,2.72,0.008,0.008,0.0,1
4,0.0,0.125,0.0,2.73,0.0089,0.0089,0.0,1
4,0.0,0.125,0.0,2.74,0.0095,0.0095,0.0,1
4,0.0,0.125,0.0,2.75,0.0098,0.0098,0.0,1
4,0.0,0.125,0.0,2.76,0.0097,0.0097,0.0,1
4,0.0,0.125,0.0,2.77,0.0093,0.0093,0.0,1
4,0.0,0.125,0.0,2.78,0.0087,0.0087,0.0,1
4,0.0,0.125,0.0,2.79,0.0078,0.0078,0.0,1
4,0.0,0.125,0.0,2.8,0.0068,0.0068,0.0,1
4,0.0,0.125,0.0,2.81,0.0058,0.0058,0.0,1
4,0.0,0.125,0.0,2.82,0.0049,0.0049,0.0,1
4,0.0,0.125,0.0,2.83,0.0041,0.0041,0.0,1
4,0.0,0.125,0.0,2.84,0.0034,0.0034,0.0,1
4,0.0,0.125,0.0,2.85,0.0029,0.0029,0.0,1
4,0.0,0.125,0.0,2.86,0.0024,0.0024,0.0,1
4,0.0,0.125,0.0,2.87,0.002,0.002,0.0,1
4,0.0,0.125,0.0,2.88,0.0017,0.0017,0.0,1
4,0.0,0.125,0.0,2.89,0.0014,0.0014,0.0,1
4,0.0,0.125,0.0,2.9,0.0011,0.0011,0.0,1
4,0.0,0.125,0.0,2.91,0.0009,0.0009,0.0,1
4,0.0,0.125,0.0,2.92,0.0007,0.0007,0.0,1
4,0.0,0.125,0.0,2.93,0.0005,0.0005,0.0,1
4,0.0,0.125,0.0,2.94,0.0004,0.0004,0.0,1
4,0.0,0.125,0.0,2.95,0.0003,0.0003,0.0,1
4,0.0,0.125,0.0,2.96,0.0002,0.0002,0.0,1
4,0.0,0.125,0.0,2.97,0.0001,0.0001,0.0,1
4,0.0,0.125,0.0,2.98,0.0001,0.0001,0.0,1
4,0.0,0.125,0.0,2.99,0.0,0.0,,0
4,0.0,0.125,0.0,3.0,0.0,0.0,,0
4,0.0,0.125,0.0,3.01,0.0,0.0,,0
4,0.0,0.125,0.0,3.02,0.0,0.0,,0
4,0.0,0.125,0.0,3.03,0.0,0.0,,0
4,0.0,0.125,0.0,3.04,0.0,0.0,,0
4,0.0,0.125,0.0,3.05,0.0,0.0,,0
4,0.0,0.125,0.0,3.06,0.0,0.0,,0
4,0.0,0.125,0.0,3.07,0.0,0.0,,0
4,0.0,0.125,0.0,3.08,0.0,0.0,,0
4,0.0,0.125,0.0,3.09,0.0,0.0,,0
4,0.0,0.125,0.0,3.1,0.0,0.0,,0
4,0.0,0.125,0.0,3.11,0.0,0.0,,0
4,0.0,0.125,0.0,3.12,0.0,0.0,,0
4,0.0,0.125,0.0,3.13,0.0,0.0,,0
4,0.0,0.125,0.0,3.14,0.0,0.0,,0
4,0.0,0.125,0.0,3.15,0.0,0.0,,0
4,0.0,0.125,0.0,3.16,0.0,0.0,,0
4,0.0,0.125,0.0,3.17,0.0,0.0,,0
4,0.0,0.125,0.0,3.18,0.0,0.0,,0
4,0.0,0.125,0.0,3.19,0.0001,0.0001,0.0,1
4,0.0,0.125,0.0,3.2,0.0001,0.0001,0.0,1
4,0.0,0.125,0.0,3.21,0.0001,0.0001,0.0,1
4,0.0,0.125,0.0,3.22,0.0002,0.0002,0.0,1
4,0.0,0.125,0.0,3.23,0.0003,0.0003,0.0,1
4,0.0,0.125,0.0,3.24,0.0004,0.0004,0.0,1
4,0.0,0.125,0.0,3.25,0.0005,0.0005,0.0,1
4,0.0,0.125,0.0,3.26,0.0008,0.0008,0.0,1
4,0.0,0.125,0.0,3.27,0.001,0.001,0.0,1
4,0.0,0.125,0.0,3.28,0.0014,0.0014,0.0,1
4,0.0,0.125,0.0,3.29,0.0017,0.0017,0.0,1
4,0.0,0.125,0.0,3.3,0.0021,0.0021,0.0,1
4,0.0,0.125,0.0,3.31,0.0024,0.0024,0.0,1
4,0.0,0.125,0.0,3.32,0.0028,0.0028,0.0,1
4,0.0,0.125,0.0,3.33,0.003,0.003,0.0,1
4,0.0,0.125,0.0,3.34,0.0031,0.0031,0.0,1
4,0.0,0.125,0.0,3.35,0.0031,0.0031,0.0,1
4,0.0,0.125,0.0,3.36,0.003,0.003,0.0,1
4,0.0,0.125,0.0,3.37,0.0028,0.0028,0.0,1
4,0.0,0.125,0.0,3.38,0.0025,0.0025,0.0,1
4,0.0,0.125,0.0,3.39,0.0021,0.0021,0.0,1
4,0.0,0.125,0.0,3.4,0.0018,0.0018,0.0,1
4,0.0,0.125,0.0,3.41,0.0014,0.0014,0.0,1
4,0.0,0.125,0.0,3.42,0.0011,0.0011,0.0,1
4,0.0,0.125,0.0,3.43,0.0008,0.0008,0.0,1
4,0.0,0.125,0.0,3.44,0.0005,0.0005,0.0,1
4,0.0,0.125,0.0,3.45,0.0004,0.0004,0.0,1
4,0.0,0.125,0.0,3.46,0.0002,0.0002,0.0,1
4,0.0,0.125,0.0,3.47,0.0002,0.0002,0.0,1
4,0.0,0.125,0.0,3.48,0.0001,0.0001,0.0,1
4,0.0,0.125,0.0,3.49,0.0001,0.0001,0.0,1
4,0.0,0.125,0.0,3.5,0.0001,0.0001,0.0,1
4,0.0,0.125,0.0,3.51,0.0001,0.0001,0.0,1
4,0.0,0.125,0.0,3.52,0.0001,0.0001,0.0,1
4,0.0,0.125,0.0,3.53,0.0002,0.0002,0.0,1
4,0.0,0.125,0.0,3.54,0.0002,0.0002,0.0,1
4,0.0,0.125,0.0,3.55,0.0003,0.0003,0.0,1
4,0.0,0.125,0.0,3.56,0.0003,0.0003,0.0,1
4,0.0,0.125,0.0,3.57,0.0004,0.0004,0.0,1
4,0.0,0.125,0.0,3.58,0.0004,0.0004,0.0,1
4,0.0,0.125,0.0,3.59,0.0005,0.0005,0.0,1
4,0.0,0.125,0.0,3.6,0.0005,0.0005,0.0,1
4,0.0,0.125,0.0,3.61,0.0006,0.0006,0.0,1
4,0.0,0.125,0.0,3.62,0.0007,0.0007,0.0,1
4,0.0,0.125,0.0,3.63,0.0008,0.0008,0.0,1
4,0.0,0.125,0.0,3.64,0.0009,0.0009,0.0,1
4,0.0,0.125,0.0,3.65,0.001,0.001,0.0,1
4,0.0,0.125,0.0,3.66,0.0011,0.0011,0.0,1
4,0.0,0.125,0.0,3.67,0.0012,0.0012,0.0,1
4,0.0,0.125,0.0,3.68,0.0013,0.0013,0.0,1
4,0.0,0.125,0.0,3.69,0.0014,0.0014,0.0,1
4,0.0,0.125,0.0,3.7,0.0014,0.0014,0.0,1
4,0.0,0.125,0.0,3.71,0.0014,0.0014,0.0,1
4,0.0,0.125,0.0,3.72,0.0013,0.0013,0.0,1
4,0.0,0.125,0.0,3.73,0.0012,0.0012,0.0,1
4,0.0,0.125,0.0,3.74,0.001,0.001,0.0,1
4,0.0,0.125,0.0,3.75,0.0008,0.0008,0.0,1
4,0.0,0.125,0.0,3.76,0.0007,0.0007,0.0,1
4,0.0,0.125,0.0,3.77,0.0005,0.0005,0.0,1
4,0.0,0.125,0.0,3.78,0.0004,0.0004,0.0,1
4,0.0,0.125,0.0,3.79,0.0003,0.0003,0.0,1
4,0.0,0.125,0.0,3.8,0.0002,0.0002,0.0,1
4,0.0,0.125,0.0,3.81,0.0001,0.0001,0.0,1
4,0.0,0.125,0.0,3.82,0.0001,0.0001,0.0,1
4,0.0,0.125,0.0,3.83,0.0,0.0,,0
4,0.0,0.125,0.0,3.84,0.0,0.0,,0
4,0.0,0.125,0.0,3.85,0.0,0.0,,0
4,0.0,0.125,0.0,3.86,0.0,0.0,,0
4,0.0,0.125,0.0,3.87,0.0,0.0,,0
4,0.0,0.125,0.0,3.88,0.0,0.0,,0
4,0.0,0.125,0.0,3.89,0.0,0.0,,0
4,0.0,0.125,0.0,3.9,0.0,0.0,,0
4,0.0,0.125,0.0,3.91,0.0,0.0,,0
4,0.0,0.125,0.0,3.92,0.0,0.0,,0
4,0.0,0.125,0.0,3.93,0.0,0.0,,0
4,0.0,0.125,0.0,3.94,0.0,0.0,,0
4,0.0,0.125,0.0,3.95,0.0,0.0,,0
4,0.0,0.125,0.0,3.96,0.0,0.0,,0
4,0.0,0.125,0.0,3.97,0.0001,0.0001,0.0,1
4,0.0,0.125,0.0,3.98,0.0001,0.0001,0.0,1
4,0.0,0.125,0.0,3.99,0.0002,0.0002,0.0,1
4,0.0,0.125,0.0,4.0,0.0002,0.0002,0.0,1
5,0.0,0.1666666666666667,0.0,0.5,0.0,0.0,,0
5,0.0,0.1666666666666667,0.0,0.51,0.0,0.0,,0
5,0.0,0.1666666666666667,0.0,0.52,0.0,0.0,,0
5,0.0,0.1666666666666667,0.0,0.53,0.0,0.0,,0
5,0.0,0.1666666666666667,0.0,0.54,0.0,0.0,,0
5,0.0,0.1666666666666667,0.0,0.55,0.0,0.0,,0
5,0.0,0.1666666666666667,0.0,0.56,0.0,0.0,,0
5,0.0,0.1666666666666667,0.0,0.57,0.0,0.0,,0
5,0.0,0.1666666666666667,0.0,0.58,0.0,0.0,,0
5,0.0,0.1666666666666667,0.0,0.59,0.0,0.0,,0
5,0.0,0.1666666666666667,0.0,0.6,0.0,0.0,,0
5,0.0,0.1666666666666667,0.0,0.61,0.0,0.0,,0
5,0.0,0.1666666666666667,0.0,0.62,0.0,0.0,,0
5,0.0,0.1666666666666667,0.0,0.63,0.0,0.0,,0
5,0.0,0.1666666666666667,0.0,0.64,0.0,0.0,,0
5,0.0,0.1666666666666667,0.0,0.65,0.0,0.0,,0
5,0.0,0.1666666666666667,0.0,0.66,0.0,0.0,,0
5,0.0,0.1666666666666667,0.0,0.67,0.0,0.0,,0
5,0.0,0.1666666666666667,0.0,0.68,0.0,0.0,,0
5,0.0,0.1666666666666667,0.0,0.69,0.0,0.0,,0
5,0.0,0.1666666666666667,0.0,0.7,0.0,0.0,,0
5,0.0,0.1666666666666667,0.0,0.71,0.0,0.0,,0
5,0.0,0.1666666666666667,0.0,0.72,0.0,0.0,,0
5,0.0,0.1666666666666667,0.0,0.73,0.0,0.0,,0
5,0.0,0.1666666666666667,0.0,0.74,0.0,0.0,,0
5,0.0,0.1666666666666667,0.0,0.75,0.0,0.0,,0
5,0.0,0.1666666666666667,0.0,0.76,0.0,0.0,,0
5,0.0,0.1666666666666667,0.0,0.77,0.0,0.0,,0
5,0.0,0.1666666666666667,0.0,0.78,0.0,0.0,,0
5,0.0,0.1666666666666667,0.0,0.79,0.0,0.0,,0
5,0.0,0.1666666666666667,0.0,0.8,0.0,0.0,,0
5,0.0,0.1666666666666667,0.0,0.81,0.0,0.0,,0
5,0.0,0.1666666666666667,0.0,0.82,0.0,0.0,,0
5,0.0,0.1666666666666667,0.0,0.83,0.0,0.0,,0
5,0.0,0.1666666666666667,0.0,0.84,0.0,0.0,,0
5,0.0,0.1666666666666667,0.0,0.85,0.0,0.0,,0
5,0.0,0.1666666666666667,0.0,0.86,0.0,0.0,,0
5,0.0,0.1666666666666667,0.0,0.87,0.0,0.0,,0
5,0.0,0.1666666666666667,0.0,0.88,0.0,0.0,,0
5,0.0,0.1666666666666667,0.0,0.89,0.0,0.0,,0
5,0.0,0.1666666666666667,0.0,0.9,0.0,0.0,,0
5,0.0,0.1666666666666667,0.0,0.91,0.0,0.0,,0
5,0.0,0.1666666666666667,0.0,0.92,0.0,0.0,,0
5,0.0,0.1666666666666667,0.0,0.93,0.0,0.0,,0
5,0.0,0.1666666666666667,0.0,0.94,0.0,0.0,,0
5,0.0,0.1666666666666667,0.0,0.95,0.0,0.0,,0
5,0.0,0.1666666666666667,0.0,0.96,0.0,0.0,,0
5,0.0,0.1666666666666667,0.0,0.97,0.0,0.0,,0
5,0.0,0.1666666666666667,0.0,0.98,0.0,0.0,,0
5,0.0,0.1666666666666667,0.0,0.99,0.0,0.0,,0
5,0.0,0.1666666666666667,0.0,1.0,0.0,0.0,,0
5,0.0,0.1666666666666667,0.0,1.01,0.0,0.0,,0
5,0.0,0.1666666666666667,0.0,1.02,0.0,0.0,,0
5,0.0,0.1666666666666667,0.0,1.03,0.0,0.0,,0
5,0.0,0.1666666666666667,0.0,1.04,0.0,0.0,,0
5,0.0,0.1666666666666667,0.0,1.05,0.0,0.0,,0
5,0.0,0.1666666666666667,0.0,1.06,0.0,0.0,,0
5,0.0,0.1666666666666667,0.0,1.07,0.0,0.0,,0
5,0.0,0.1666666666666667,0.0,1.08,0.0,0.0,,0
5,0.0,0.1666666666666667,0.0,1.09,0.0,0.0,,0
5,0.0,0.1666666666666667,0.0,1.1,0.0,0.0,,0
5,0.0,0.1666666666666667,0.0,1.11,0.0,0.0,,0
5,0.0,0.1666666666666667,0.0,1.12,0.0,0.0,,0
5,0.0,0.1666666666666667,0.0,1.13,0.0,0.0,,0
5,0.0,0.1666666666666667,0.0,1.14,0.0,0.0,,0
5,0.0,0.1666666666666667,0.0,1.15,0.0,0.0,,0
5,0.0,0.1666666666666667,0.0,1.16,0.0,0.0,,0
5,0.0,0.1666666666666667,0.0,1.17,0.0,0.0,,0
5,0.0,0.1666666666666667,0.0,1.18,0.0,0.0,,0
5,0.0,0.1666666666666667,0.0,1.19,0.0,0.0,,0
5,0.0,0.1666666666666667,0.0,1.2,0.0,0.0,,0
5,0.0,0.1666666666666667,0.0,1.21,0.0,0.0,,0
5,0.0,0.1666666666666667,0.0,1.22,0.0,0.0,,0
5,0.0,0.1666666666666667,0.0,1.23,0.0,0.0,,0
5,0.0,0.1666666666666667,0.0,1.24,0.0,0.0,,0
5,0.0,0.1666666666666667,0.0,1.25,0.0,0.0,,0
5,0.0,0.1666666666666667,0.0,1.26,0.0,0.0,,0
5,0.0,0.1666666666666667,0.0,1.27,0.0,0.0,,0
5,0.0,0.1666666666666667,0.0,1.28,0.0,0.0,,0
5,0.0,0.1666666666666667,0.0,1.29,0.0,0.0,,0
5,0.0,0.1666666666666667,0.0,1.3,0.0,0.0,,0
5,0.0,0.1666666666666667,0.0,1.31,0.0,0.0,,0
5,0.0,0.1666666666666667,0.0,1.32,0.0,0.0,,0
5,0.0,0.1666666666666667,0.0,1.33,0.0,0.0,,0
5,0.0,0.1666666666666667,0.0,1.34,0.0,0.0,,0
5,0.0,0.1666666666666667,0.0,1.35,0.0,0.0,,0
5,0.0,0.1666666666666667,0.0,1.36,0.0,0.0,,0
5,0.0,0.1666666666666667,0.0,1.37,0.0,0.0,,0
5,0.0,0.1666666666666667,0.0,1.38,0.0,0.0,,0
5,0.0,0.1666666666666667,0.0,1.39,0.0,0.0,,0
5,0.0,0.1666666666666667,0.0,1.4,0.0,0.0,,0
5,0.0,0.1666666666666667,0.0,1.41,0.0,0.0,,0
5,0.0,0.1666666666666667,0.0,1.42,0.0,0.0,,0
5,0.0,0.1666666666666667,0.0,1.43,0.0,0.0,,0
5,0.0,0.1666666666666667,0.0,1.44,0.0,0.0,,0
5,0.0,0.1666666666666667,0.0,1.45,0.0,0.0,,0
5,0.0,0.1666666666666667,0.0,1.46,0.0,0.0,,0
5,0.0,0.1666666666666667,0.0,1.47,0.0,0.0,,0
5,0.0,0.1666666666666667,0.0,1.48,0.0,0.0,,0
5,0.0,0.1666666666666667,0.0,1.49,0.0,0.0,,0
5,0.0,0.1666666666666667,0.0,1.5,0.0,0.0,,0
5,0.0,0.1666666666666667,0.0,1.51,0.0,0.0,,0
5,0.0,0.1666666666666667,0.0,1.52,0.0,0.0,,0
5,0.0,0.1666666666666667,0.0,1.53,0.0,0.0,,0
5,0.0,0.1666666666666667,0.0,1.54,0.0,0.0,,0
5,0.0,0.1666666666666667,0.0,1.55,0.0,0.0,,0
5,0.0,0.1666666666666667,0.0,1.56,0.0,0.0,,0
5,0.0,0.1666666666666667,0.0,1.57,0.0,0.0,,0
5,0.0,0.1666666666666667,0.0,1.58,0.0,0.0,,0
5,0.0,0.1666666666666667,0.0,1.59,0.0,0.0,,0
5,0.0,0.1666666666666667,0.0,1.6,0.0,0.0,,0
5,0.0,0.1666666666666667,0.0,1.61,0.0,0.0,,0
5,0.0,0.1666666666666667,0.0,1.62,0.0,0.0,,0
5,0.0,0.1666666666666667,0.0,1.63,0.0,0.0,,0
5,0.0,0.1666666666666667,0.0,1.64,0.0,0.0,,0
5,0.0,0.1666666666666667,0.0,1.65,0.0,0.0,,0
5,0.0,0.1666666666666667,0.0,1.66,0.0,0.0,,0
5,0.0,0.1666666666666667,0.0,1.67,0.0,0.0,,0
5,0.0,0.1666666666666667,0.0,1.68,0.0,0.0,,0
5,0.0,0.1666666666666667,0.0,1.69,0.0,0.0,,0
5,0.0,0.1666666666666667,0.0,1.7,0.0,0.0,,0
5,0.0,0.1666666666666667,0.0,1.71,0.0,0.0,,0
5,0.0,0.1666666666666667,0.0,1.72,0.0,0.0,,0
5,0.0,0.1666666666666667,0.0,1.73,0.0,0.0,,0
5,0.0,0.1666666666666667,0.0,1.74,0.0,0.0,,0
5,0.0,0.1666666666666667,0.0,1.75,0.0,0.0,,0
5,0.0,0.1666666666666667,0.0,1.76,0.0,0.0,,0
5,0.0,0.1666666666666667,0.0,1.77,0.0,0.0,,0
5,0.0,0.1666666666666667,0.0,1.78,0.0,0.0,,0
5,0.0,0.1666666666666667,0.0,1.79,0.0,0.0,,0
5,0.0,0.1666666666666667,0.0,1.8,0.0,0.0,,0
5,0.0,0.1666666666666667,0.0,1.81,0.0,0.0,,0
5,0.0,0.1666666666666667,0.0,1.82,0.0,0.0,,0
5,0.0,0.1666666666666667,0.0,1.83,0.0,0.0,,0
5,0.0,0.1666666666666667,0.0,1.84,0.0,0.0,,0
5,0.0,0.1666666666666667,0.0,1.85,0.0,0.0,,0
5,0.0,0.1666666666666667,0.0,1.86,0.0,0.0,,0
5,0.0,0.1666666666666667,0.0,1.87,0.0,0.0,,0
5,0.0,0.1666666666666667,0.0,1.88,0.0,0.0,,0
5,0.0,0.1666666666666667,0.0,1.89,0.0,0.0,,0
5,0.0,0.1666666666666667,0.0,1.9,0.0,0.0,,0
5,0.0,0.1666666666666667,0.0,1.91,0.0,0.0,,0
5,0.0,0.1666666666666667,0.0,1.92,0.0,0.0,,0
5,0.0,0.1666666666666667,0.0,1.93,0.0,0.0,,0
5,0.0,0.1666666666666667,0.0,1.94,0.0,0.0,,0
5,0.0,0.1666666666666667,0.0,1.95,0.0,0.0,,0
5,0.0,0.1666666666666667,0.0,1.96,0.0,0.0,,0
5,0.0,0.1666666666666667,0.0,1.97,0.0,0.0,,0
5,0.0,0.1666666666666667,0.0,1.98,0.0,0.0,,0
5,0.0,0.1666666666666667,0.0,1.99,0.0,0.0,,0
5,0.0,0.1666666666666667,0.0,2.0,0.0,0.0,,0
5,0.0,0.1666666666666667,0.0,2.01,0.0,0.0,,0
5,0.0,0.1666666666666667,0.0,2.02,0.0,0.0,,0
5,0.0,0.1666666666666667,0.0,2.03,0.0,0.0,,0
5,0.0,0.1666666666666667,0.0,2.04,0.0,0.0,,0
5,0.0,0.1666666666666667,0.0,2.05,0.0,0.0,,0
5,0.0,0.1666666666666667,0.0,2.06,0.0,0.0,,0
5,0.0,0.1666666666666667,0.0,2.07,0.0,0.0,,0
5,0.0,0.1666666666666667,0.0,2.08,0.0,0.0,,0
5,0.0,0.1666666666666667,0.0,2.09,0.0,0.0,,0
5,0.0,0.1666666666666667,0.0,2.1,0.0,0.0,,0
5,0.0,0.1666666666666667,0.0,2.11,0.0,0.0,,0
5,0.0,0.1666666666666667,0.0,2.12,0.0,0.0,,0
5,0.0,0.1666666666666667,0.0,2.13,0.0,0.0,,0
5,0.0,0.1666666666666667,0.0,2.14,0.0,0.0,,0
5,0.0,0.1666666666666667,0.0,2.15,0.0,0.0,,0
5,0.0,0.1666666666666667,0.0,2.16,0.0,0.0,,0
5,0.0,0.1666666666666667,0.0,2.17,0.0,0.0,,0
5,0.0,0.1666666666666667,0.0,2.18,0.0,0.0,,0
5,0.0,0.1666666666666667,0.0,2.19,0.0,0.0,,0
5,0.0,0.1666666666666667,0.0,2.2,0.0001,0.0001,0.0,1
5,0.0,0.1666666666666667,0.0,2.21,0.0001,0.0001,0.0,1
5,0.0,0.1666666666666667,0.0,2.22,0.0001,0.0001,0.0,1
5,0.0,0.1666666666666667,0.0,2.23,0.0002,0.0002,0.0,1
5,0.0,0.1666666666666667,0.0,2.24,0.0004,0.0004,0.0,1
5,0.0,0.1666666666666667,0.0,2.25,0.0005,0.0005,0.0,1
5,0.0,0.1666666666666667,0.0,2.26,0.0007,0.0007,0.0,1
5,0.0,0.1666666666666667,0.0,2.27,0.001,0.001,0.0,1
5,0.0,0.1666666666666667,0.0,2.28,0.0013,0.0013,0.0,1
5,0.0,0.1666666666666667,0.0,2.29,0.0016,0.0016,0.0,1
5,0.0,0.1666666666666667,0.0,2.3,0.0019,0.0019,0.0,1
5,0.0,0.1666666666666667,0.0,2.31,0.0022,0.0022,0.0,1
5,0.0,0.1666666666666667,0.0,2.32,0.0025,0.0025,0.0,1
5,0.0,0.1666666666666667,0.0,2.33,0.0026,0.0026,0.0,1
5,0.0,0.1666666666666667,0.0,2.34,0.0027,0.0027,0.0,1
5,0.0,0.1666666666666667,0.0,2.35,0.0027,0.0027,0.0,1
5,0.0,0.1666666666666667,0.0,2.36,0.0025,0.0025,0.0,1
5,0.0,0.1666666666666667,0.0,2.37,0.0023,0.0023,0.0,1
5,0.0,0.1666666666666667,0.0,2.38,0.002,0.002,0.0,1
5,0.0,0.1666666666666667,0.0,2.39,0.0017,0.0017,0.0,1
5,0.0,0.1666666666666667,0.0,2.4,0.0014,0.0014,0.0,1
5,0.0,0.1666666666666667,0.0,2.41,0.0011,0.0011,0.0,1
5,0.0,0.1666666666666667,0.0,2.42,0.001,0.001,0.0,1
5,0.0,0.1666666666666667,0.0,2.43,0.0009,0.0009,0.0,1
5,0.0,0.1666666666666667,0.0,2.44,0.001,0.001,0.0,1
5,0.0,0.1666666666666667,0.0,2.45,0.0012,0.0012,0.0,1
5,0.0,0.1666666666666667,0.0,2.46,0.0017,0.0017,0.0,1
5,0.0,0.1666666666666667,0.0,2.47,0.0025,0.0025,0.0,1
5,0.0,0.1666666666666667,0.0,2.48,0.0035,0.0035,0.0,1
5,0.0,0.1666666666666667,0.0,2.49,0.0049,0.0049,0.0,1
5,0.0,0.1666666666666667,0.0,2.5,0.0065,0.0065,0.0,1
5,0.0,0.1666666666666667,0.0,2.51,0.0085,0.0085,0.0,1
5,0.0,0.1666666666666667,0.0,2.52,0.0107,0.0107,0.0,1
5,0.0,0.1666666666666667,0.0,2.53,0.0129,0.0129,0.0,1
5,0.0,0.1666666666666667,0.0,2.54,0.015,0.015,0.0,1
5,0.0,0.1666666666666667,0.0,2.55,0.0169,0.0169,0.0,1
5,0.0,0.1666666666666667,0.0,2.56,0.0183,0.0183,0.0,1
5,0.0,0.1666666666666667,0.0,2.57,0.0191,0.0191,0.0,1
5,0.0,0.1666666666666667,0.0,2.58,0.0192,0.0192,0.0,1
5,0.0,0.1666666666666667,0.0,2.59,0.0186,0.0186,0.0,1
5,0.0,0.1666666666666667,0.0,2.6,0.0174,0.0174,0.0,1
5,0.0,0.1666666666666667,0.0,2.61,0.0156,0.0156,0.0,1
5,0.0,0.1666666666666667,0.0,2.62,0.0136,0.0136,0.0,1
5,0.0,0.1666666666666667,0.0,2.63,0.0113,0.0113,0.0,1
5,0.0,0.1666666666666667,0.0,2.64,0.0091,0.0091,0.0,1
5,0.0,0.1666666666666667,0.0,2.65,0.0071,0.0071,0.0,1
5,0.0,0.1666666666666667,0.0,2.66,0.0053,0.0053,0.0,1
5,0.0,0.1666666666666667,0.0,2.67,0.0038,0.0038,0.0,1
5,0.0,0.1666666666666667,0.0,2.68,0.0027,0.0027,0.0,1
5,0.0,0.1666666666666667,0.0,2.69,0.0019,0.0019,0.0,1
5,0.0,0.1666666666666667,0.0,2.7,0.0013,0.0013,0.0,1
5,0.0,0.1666666666666667,0.0,2.71,0.001,0.001,0.0,1
5,0.0,0.1666666666666667,0.0,2.72,0.0008,0.0008,0.0,1
5,0.0,0.1666666666666667,0.0,2.73,0.0008,0.0008,0.0,1
5,0.0,0.1666666666666667,0.0,2.74,0.0009,0.0009,0.0,1
5,0.0,0.1666666666666667,0.0,2.75,0.001,0.001,0.0,1
5,0.0,0.1666666666666667,0.0,2.76,0.0012,0.0012,0.0,1
5,0.0,0.1666666666666667,0.0,2.77,0.0014,0.0014,0.0,1
5,0.0,0.1666666666666667,0.0,2.78,0.0016,0.0016,0.0,1
5,0.0,0.1666666666666667,0.0,2.79,0.0018,0.0018,0.0,1
5,0.0,0.1666666666666667,0.0,2.8,0.0019,0.0019,0.0,1
5,0.0,0.1666666666666667,0.0,2.81,0.0019,0.0019,0.0,1
5,0.0,0.1666666666666667,0.0,2.82,0.0018,0.0018,0.0,1
5,0.0,0.1666666666666667,0.0,2.83,0.0017,0.0017,0.0,1
5,0.0,0.1666666666666667,0.0,2.84,0.0015,0.0015,0.0,1
5,0.0,0.1666666666666667,0.0,2.85,0.0013,0.0013,0.0,1
5,0.0,0.1666666666666667,0.0,2.86,0.0011,0.0011,0.0,1
5,0.0,0.1666666666666667,0.0,2.87,0.0008,0.0008,0.0,1
5,0.0,0.1666666666666667,0.0,2.88,0.0006,0.0006,0.0,1
5,0.0,0.1666666666666667,0.0,2.89,0.0005,0.0005,0.0,1
5,0.0,0.1666666666666667,0.0,2.9,0.0003,0.0003,0.0,1
5,0.0,0.1666666666666667,0.0,2.91,0.0002,0.0002,0.0,1
5,0.0,0.1666666666666667,0.0,2.92,0.0002,0.0002,0.0,1
5,0.0,0.1666666666666667,0.0,2.93,0.0001,0.0001,0.0,1
5,0.0,0.1666666666666667,0.0,2.94,0.0001,0.0001,0.0,1
5,0.0,0.1666666666666667,0.0,2.95,0.0001,0.0001,0.0,1
5,0.0,0.1666666666666667,0.0,2.96,0.0,0.0,,0
5,0.0,0.1666666666666667,0.0,2.97,0.0001,0.0001,0.0,1
5,0.0,0.1666666666666667,0.0,2.98,0.0001,0.0001,0.0,1
5,0.0,0.1666666666666667,0.0,2.99,0.0001,0.0001,0.0,1
5,0.0,0.1666666666666667,0.0,3.0,0.0001,0.0001,0.0,1
5,0.0,0.1666666666666667,0.0,3.01,0.0001,0.0001,0.0,1
5,0.0,0.1666666666666667,0.0,3.02,0.0001,0.0001,0.0,1
5,0.0,0.1666666666666667,0.0,3.03,0.0001,0.0001,0.0,1
5,0.0,0.1666666666666667,0.0,3.04,0.0001,0.0001,0.0,1
5,0.0,0.1666666666666667,0.0,3.05,0.0001,0.0001,0.0,1
5,0.0,0.1666666666666667,0.0,3.06,0.0001,0.0001,0.0,1
5,0.0,0.1666666666666667,0.0,3.07,0.0001,0.0001,0.0,1
5,0.0,0.1666666666666667,0.0,3.08,0.0001,0.0001,0.0,1
5,0.0,0.1666666666666667,0.0,3.09,0.0001,0.0001,0.0,1
5,0.0,0.1666666666666667,0.0,3.1,0.0001,0.0001,0.0,1
5,0.0,0.1666666666666667,0.0,3.11,0.0001,0.0001,0.0,1
5,0.0,0.1666666666666667,0.0,3.12,0.0001,0.0001,0.0,1
5,0.0,0.1666666666666667,0.0,3.13,0.0002,0.0002,0.0,1
5,0.0,0.1666666666666667,0.0,3.14,0.0002,0.0002,0.0,1
5,0.0,0.1666666666666667,0.0,3.15,0.0003,0.0003,0.0,1
5,0.0,0.1666666666666667,0.0,3.16,0.0005,0.0005,0.0,1
5,0.0,0.1666666666666667,0.0,3.17,0.0007,0.0007,0.0,1
5,0.0,0.1666666666666667,0.0,3.18,0.0009,0.0009,0.0,1
5,0.0,0.1666666666666667,0.0,3.19,0.0012,0.0012,0.0,1
5,0.0,0.1666666666666667,0.0,3.2,0.0015,0.0015,0.0,1
5,0.0,0.1666666666666667,0.0,3.21,0.0018,0.0018,0.0,1
5,0.0,0.1666666666666667,0.0,3.22,0.0021,0.0021,0.0,1
5,0.0,0.1666666666666667,0.0,3.23,0.0023,0.0023,0.0,1
5,0.0,0.1666666666666667,0.0,3.24,0.0024,0.0024,0.0,1
5,0.0,0.1666666666666667,0.0,3.25,0.0025,0.0025,0.0,1
5,0.0,0.1666666666666667,0.0,3.26,0.0024,0.0024,0.0,1
5,0.0,0.1666666666666667,0.0,3.27,0.0023,0.0023,0.0,1
5,0.0,0.1666666666666667,0.0,3.28,0.0021,0.0021,0.0,1
5,0.0,0.1666666666666667,0.0,3.29,0.0018,0.0018,0.0,1
5,0.0,0.1666666666666667,0.0,3.3,0.0016,0.0016,0.0,1
5,0.0,0.1666666666666667,0.0,3.31,0.0013,0.0013,0.0,1
5,0.0,0.1666666666666667,0.0,3.32,0.001,0.001,0.0,1
5,0.0,0.1666666666666667,0.0,3.33,0.0008,0.0008,0.0,1
5,0.0,0.1666666666666667,0.0,3.34,0.0006,0.0006,0.0,1
5,0.0,0.1666666666666667,0.0,3.35,0.0005,0.0005,0.0,1
5,0.0,0.1666666666666667,0.0,3.36,0.0004,0.0004,0.0,1
5,0.0,0.1666666666666667,0.0,3.37,0.0004,0.0004,0.0,1
5,0.0,0.1666666666666667,0.0,3.38,0.0003,0.0003,0.0,1
5,0.0,0.1666666666666667,0.0,3.39,0.0003,0.0003,0.0,1
5,0.0,0.1666666666666667,0.0,3.4,0.0003,0.0003,0.0,1
5,0.0,0.1666666666666667,0.0,3.41,0.0003,0.0003,0.0,1
5,0.0,0.1666666666666667,0.0,3.42,0.0002,0.0002,0.0,1
5,0.0,0.1666666666666667,0.0,3.43,0.0002,0.0002,0.0,1
5,0.0,0.1666666666666667,0.0,3.44,0.0002,0.0002,0.0,1
5,0.0,0.1666666666666667,0.0,3.45,0.0001,0.0001,0.0,1
5,0.0,0.1666666666666667,0.0,3.46,0.0001,0.0001,0.0,1
5,0.0,0.1666666666666667,0.0,3.47,0.0001,0.0001,0.0,1
5,0.0,0.1666666666666667,0.0,3.48,0.0001,0.0001,0.0,1
5,0.0,0.1666666666666667,0.0,3.49,0.0001,0.0001,0.0,1
5,0.0,0.1666666666666667,0.0,3.5,0.0001,0.0001,0.0,1
5,0.0,0.1666666666666667,0.0,3.51,0.0001,0.0001,0.0,1
5,0.0,0.1666666666666667,0.0,3.52,0.0001,0.0001,0.0,1
5,0.0,0.1666666666666667,0.0,3.53,0.0002,0.0002,0.0,1
5,0.0,0.1666666666666667,0.0,3.54,0.0002,0.0002,0.0,1
5,0.0,0.1666666666666667,0.0,3.55,0.0003,0.0003,0.0,1
5,0.0,0.1666666666666667,0.0,3.56,0.0004,0.0004,0.0,1
5,0.0,0.1666666666666667,0.0,3.57,0.0004,0.0004,0.0,1
5,0.0,0.1666666666666667,0.0,3.58,0.0005,0.0005,0.0,1
5,0.0,0.1666666666666667,0.0,3.59,0.0006,0.0006,0.0,1
5,0.0,0.1666666666666667,0.0,3.6,0.0006,0.0006,0.0,1
5,0.0,0.1666666666666667,0.0,3.61,0.0006,0.0006,0.0,1
5,0.0,0.1666666666666667,0.0,3.62,0.0006,0.0006,0.0,1
5,0.0,0.1666666666666667,0.0,3.63,0.0006,0.0006,0.0,1
5,0.0,0.1666666666666667,0.0,3.64,0.0006,0.0006,0.0,1
5,0.0,0.1666666666666667,0.0,3.65,0.0005,0.0005,0.0,1
5,0.0,0.1666666666666667,0.0,3.66,0.0004,0.0004,0.0,1
5,0.0,0.1666666666666667,0.0,3.67,0.0003,0.0003,0.0,1
5,0.0,0.1666666666666667,0.0,3.68,0.0003,0.0003,0.0,1
5,0.0,0.1666666666666667,0.0,3.69,0.0002,0.0002,0.0,1
5,0.0,0.1666666666666667,0.0,3.7,0.0001,0.0001,0.0,1
5,0.0,0.1666666666666667,0.0,3.71,0.0001,0.0001,0.0,1
5,0.0,0.1666666666666667,0.0,3.72,0.0001,0.0001,0.0,1
5,0.0,0.1666666666666667,0.0,3.73,0.0,0.0,,0
5,0.0,0.1666666666666667,0.0,3.74,0.0,0.0,,0
5,0.0,0.1666666666666667,0.0,3.75,0.0,0.0,,0
5,0.0,0.1666666666666667,0.0,3.76,0.0,0.0,,0
5,0.0,0.1666666666666667,0.0,3.77,0.0,0.0,,0
5,0.0,0.1666666666666667,0.0,3.78,0.0,0.0,,0
5,0.0,0.1666666666666667,0.0,3.79,0.0,0.0,,0
5,0.0,0.1666666666666667,0.0,3.8,0.0,0.0,,0
5,0.0,0.1666666666666667,0.0,3.81,0.0,0.0,,0
5,0.0,0.1666666666666667,0.0,3.82,0.0,0.0,,0
5,0.0,0.1666666666666667,0.0,3.83,0.0,0.0,,0
5,0.0,0.1666666666666667,0.0,3.84,0.0,0.0,,0
5,0.0,0.1666666666666667,0.0,3.85,0.0,0.0,,0
5,0.0,0.1666666666666667,0.0,3.86,0.0,0.0,,0
5,0.0,0.1666666666666667,0.0,3.87,0.0,0.0,,0
5,0.0,0.1666666666666667,0.0,3.88,0.0,0.0,,0
5,0.0,0.1666666666666667,0.0,3.89,0.0,0.0,,0
5,0.0,0.1666666666666667,0.0,3.9,0.0,0.0,,0
5,0.0,0.1666666666666667,0.0,3.91,0.0,0.0,,0
5,0.0,0.1666666666666667,0.0,3.92,0.0,0.0,,0
5,0.0,0.1666666666666667,0.0,3.93,0.0001,0.0001,0.0,1
5,0.0,0.1666666666666667,0.0,3.94,0.0001,0.0001,0.0,1
5,0.0,0.1666666666666667,0.0,3.95,0.0001,0.0001,0.0,1
5,0.0,0.1666666666666667,0.0,3.96,0.0001,0.0001,0.0,1
5,0.0,0.1666666666666667,0.0,3.97,0.0002,0.0002,0.0,1
5,0.0,0.1666666666666667,0.0,3.98,0.0002,0.0002,0.0,1
5,0.0,0.1666666666666667,0.0,3.99,0.0003,0.0003,0.0,1
5,0.0,0.1666666666666667,0.0,4.0,0.0003,0.0003,0.0,1
6,0.0,0.2083333333333333,0.0,0.5,0.0,0.0,,0
6,0.0,0.2083333333333333,0.0,0.51,0.0,0.0,,0
6,0.0,0.2083333333333333,0.0,0.52,0.0,0.0,,0
6,0.0,0.2083333333333333,0.0,0.53,0.0,0.0,,0
6,0.0,0.2083333333333333,0.0,0.54,0.0,0.0,,0
6,0.0,0.2083333333333333,0.0,0.55,0.0,0.0,,0
6,0.0,0.2083333333333333,0.0,0.56,0.0,0.0,,0
6,0.0,0.2083333333333333,0.0,0.57,0.0,0.0,,0
6,0.0,0.2083333333333333,0.0,0.58,0.0,0.0,,0
6,0.0,0.2083333333333333,0.0,0.59,0.0,0.0,,0
6,0.0,0.2083333333333333,0.0,0.6,0.0,0.0,,0
6,0.0,0.2083333333333333,0.0,0.61,0.0,0.0,,0
6,0.0,0.2083333333333333,0.0,0.62,0.0,0.0,,0
6,0.0,0.2083333333333333,0.0,0.63,0.0,0.0,,0
6,0.0,0.2083333333333333,0.0,0.64,0.0,0.0,,0
6,0.0,0.2083333333333333,0.0,0.65,0.0,0.0,,0
6,0.0,0.2083333333333333,0.0,0.66,0.0,0.0,,0
6,0.0,0.2083333333333333,0.0,0.67,0.0,0.0,,0
6,0.0,0.2083333333333333,0.0,0.68,0.0,0.0,,0
6,0.0,0.2083333333333333,0.0,0.69,0.0,0.0,,0
6,0.0,0.2083333333333333,0.0,0.7,0.0,0.0,,0
6,0.0,0.2083333333333333,0.0,0.71,0.0,0.0,,0
6,0.0,0.2083333333333333,0.0,0.72,0.0,0.0,,0
6,0.0,0.2083333333333333,0.0,0.73,0.0,0.0,,0
6,0.0,0.2083333333333333,0.0,0.74,0.0,0.0,,0
6,0.0,0.2083333333333333,0.0,0.75,0.0,0.0,,0
6,0.0,0.2083333333333333,0.0,0.76,0.0,0.0,,0
6,0.0,0.2083333333333333,0.0,0.77,0.0,0.0,,0
6,0.0,0.2083333333333333,0.0,0.78,0.0,0.0,,0
6,0.0,0.2083333333333333,0.0,0.79,0.0,0.0,,0
6,0.0,0.2083333333333333,0.0,0.8,0.0,0.0,,0
6,0.0,0.2083333333333333,0.0,0.81,0.0,0.0,,0
6,0.0,0.2083333333333333,0.0,0.82,0.0,0.0,,0
6,0.0,0.2083333333333333,0.0,0.83,0.0,0.0,,0
6,0.0,0.2083333333333333,0.0,0.84,0.0,0.0,,0
6,0.0,0.2083333333333333,0.0,0.85,0.0,0.0,,0
6,0.0,0.2083333333333333,0.0,0.86,0.0,0.0,,0
6,0.0,0.2083333333333333,0.0,0.87,0.0,0.0,,0
6,0.0,0.2083333333333333,0.0,0.88,0.0,0.0,,0
6,0.0,0.2083333333333333,0.0,0.89,0.0,0.0,,0
6,0.0,0.2083333333333333,0.0,0.9,0.0,0.0,,0
6,0.0,0.2083333333333333,0.0,0.91,0.0,0.0,,0
6,0.0,0.2083333333333333,0.0,0.92,0.0,0.0,,0
6,0.0,0.2083333333333333,0.0,0.93,0.0,0.0,,0
6,0.0,0.2083333333333333,0.0,0.94,0.0,0.0,,0
6,0.0,0.2083333333333333,0.0,0.95,0.0,0.0,,0
6,0.0,0.2083333333333333,0.0,0.96,0.0,0.0,,0
6,0.0,0.2083333333333333,0.0,0.97,0.0,0.0,,0
6,0.0,0.2083333333333333,0.0,0.98,0.0,0.0,,0
6,0.0,0.2083333333333333,0.0,0.99,0.0,0.0,,0
6,0.0,0.2083333333333333,0.0,1.0,0.0,0.0,,0
6,0.0,0.2083333333333333,0.0,1.01,0.0,0.0,,0
6,0.0,0.2083333333333333,0.0,1.02,0.0,0.0,,0
6,0.0,0.2083333333333333,0.0,1.03,0.0,0.0,,0
6,0.0,0.2083333333333333,0.0,1.04,0.0,0.0,,0
6,0.0,0.2083333333333333,0.0,1.05,0.0,0.0,,0
6,0.0,0.2083333333333333,0.0,1.06,0.0,0.0,,0
6,0.0,0.2083333333333333,0.0,1.07,0.0,0.0,,0
6,0.0,0.2083333333333333,0.0,1.08,0.0,0.0,,0
6,0.0,0.2083333333333333,0.0,1.09,0.0,0.0,,0
6,0.0,0.2083333333333333,0.0,1.1,0.0,0.0,,0
6,0.0,0.2083333333333333,0.0,1.11,0.0,0.0,,0
6,0.0,0.2083333333333333,0.0,1.12,0.0,0.0,,0
6,0.0,0.2083333333333333,0.0,1.13,0.0,0.0,,0
6,0.0,0.2083333333333333,0.0,1.14,0.0,0.0,,0
6,0.0,0.2083333333333333,0.0,1.15,0.0,0.0,,0
6,0.0,0.2083333333333333,0.0,1.16,0.0,0.0,,0
6,0.0,0.2083333333333333,0.0,1.17,0.0,0.0,,0
6,0.0,0.2083333333333333,0.0,1.18,0.0,0.0,,0
6,0.0,0.2083333333333333,0.0,1.19,0.0,0.0,,0
6,0.0,0.2083333333333333,0.0,1.2,0.0,0.0,,0
6,0.0,0.2083333333333333,0.0,1.21,0.0,0.0,,0
6,0.0,0.2083333333333333,0.0,1.22,0.0,0.0,,0
6,0.0,0.2083333333333333,0.0,1.23,0.0,0.0,,0
6,0.0,0.2083333333333333,0.0,1.24,0.0,0.0,,0
6,0.0,0.2083333333333333,0.0,1.25,0.0,0.0,,0
6,0.0,0.2083333333333333,0.0,1.26,0.0,0.0,,0
6,0.0,0.2083333333333333,0.0,1.27,0.0,0.0,,0
6,0.0,0.2083333333333333,0.0,1.28,0.0,0.0,,0
6,0.0,0.2083333333333333,0.0,1.29,0.0,0.0,,0
6,0.0,0.2083333333333333,0.0,1.3,0.0,0.0,,0
6,0.0,0.2083333333333333,0.0,1.31,0.0,0.0,,0
6,0.0,0.2083333333333333,0.0,1.32,0.0,0.0,,0
6,0.0,0.2083333333333333,0.0,1.33,0.0,0.0,,0
6,0.0,0.2083333333333333,0.0,1.34,0.0,0.0,,0
6,0.0,0.2083333333333333,0.0,1.35,0.0,0.0,,0
6,0.0,0.2083333333333333,0.0,1.36,0.0,0.0,,0
6,0.0,0.2083333333333333,0.0,1.37,0.0,0.0,,0
6,0.0,0.2083333333333333,0.0,1.38,0.0,0.0,,0
6,0.0,0.2083333333333333,0.0,1.39,0.0,0.0,,0
6,0.0,0.2083333333333333,0.0,1.4,0.0,0.0,,0
6,0.0,0.2083333333333333,0.0,1.41,0.0,0.0,,0
6,0.0,0.2083333333333333,0.0,1.42,0.0,0.0,,0
6,0.0,0.2083333333333333,0.0,1.43,0.0,0.0,,0
6,0.0,0.2083333333333333,0.0,1.44,0.0,0.0,,0
6,0.0,0.2083333333333333,0.0,1.45,0.0,0.0,,0
6,0.0,0.2083333333333333,0.0,1.46,0.0,0.0,,0
6,0.0,0.2083333333333333,0.0,1.47,0.0,0.0,,0
6,0.0,0.2083333333333333,0.0,1.48,0.0,0.0,,0
6,0.0,0.2083333333333333,0.0,1.49,0.0,0.0,,0
6,0.0,0.2083333333333333,0.0,1.5,0.0,0.0,,0
6,0.0,0.2083333333333333,0.0,1.51,0.0,0.0,,0
6,0.0,0.2083333333333333,0.0,1.52,0.0,0.0,,0
6,0.0,0.2083333333333333,0.0,1.53,0.0,0.0,,0
6,0.0,0.2083333333333333,0.0,1.54,0.0,0.0,,0
6,0.0,0.2083333333333333,0.0,1.55,0.0,0.0,,0
6,0.0,0.2083333333333333,0.0,1.56,0.0,0.0,,0
6,0.0,0.2083333333333333,0.0,1.57,0.0,0.0,,0
6,0.0,0.2083333333333333,0.0,1.58,0.0,0.0,,0
6,0.0,0.2083333333333333,0.0,1.59,0.0,0.0,,0
6,0.0,0.2083333333333333,0.0,1.6,0.0,0.0,,0
6,0.0,0.2083333333333333,0.0,1.61,0.0,0.0,,0
6,0.0,0.2083333333333333,0.0,1.62,0.0,0.0,,0
6,0.0,0.2083333333333333,0.0,1.63,0.0,0.0,,0
6,0.0,0.2083333333333333,0.0,1.64,0.0,0.0,,0
6,0.0,0.2083333333333333,0.0,1.65,0.0,0.0,,0
6,0.0,0.2083333333333333,0.0,1.66,0.0,0.0,,0
6,0.0,0.2083333333333333,0.0,1.67,0.0,0.0,,0
6,0.0,0.2083333333333333,0.0,1.68,0.0,0.0,,0
6,0.0,0.2083333333333333,0.0,1.69,0.0,0.0,,0
6,0.0,0.2083333333333333,0.0,1.7,0.0,0.0,,0
6,0.0,0.2083333333333333,0.0,1.71,0.0,0.0,,0
6,0.0,0.2083333333333333,0.0,1.72,0.0,0.0,,0
6,0.0,0.2083333333333333,0.0,1.73,0.0,0.0,,0
6,0.0,0.2083333333333333,0.0,1.74,0.0,0.0,,0
6,0.0,0.2083333333333333,0.0,1.75,0.0,0.0,,0
6,0.0,0.2083333333333333,0.0,1.76,0.0,0.0,,0
6,0.0,0.2083333333333333,0.0,1.77,0.0,0.0,,0
6,0.0,0.2083333333333333,0.0,1.78,0.0,0.0,,0
6,0.0,0.2083333333333333,0.0,1.79,0.0,0.0,,0
6,0.0,0.2083333333333333,0.0,1.8,0.0,0.0,,0
6,0.0,0.2083333333333333,0.0,1.81,0.0,0.0,,0
6,0.0,0.2083333333333333,0.0,1.82,0.0,0.0,,0
6,0.0,0.2083333333333333,0.0,1.83,0.0,0.0,,0
6,0.0,0.2083333333333333,0.0,1.84,0.0,0.0,,0
6,0.0,0.2083333333333333,0.0,1.85,0.0,0.0,,0
6,0.0,0.2083333333333333,0.0,1.86,0.0,0.0,,0
6,0.0,0.2083333333333333,0.0,1.87,0.0,0.0,,0
6,0.0,0.2083333333333333,0.0,1.88,0.0,0.0,,0
6,0.0,0.2083333333333333,0.0,1.89,0.0,0.0,,0
6,0.0,0.2083333333333333,0.0,1.9,0.0,0.0,,0
6,0.0,0.2083333333333333,0.0,1.91,0.0,0.0,,0
6,0.0,0.2083333333333333,0.0,1.92,0.0,0.0,,0
6,0.0,0.2083333333333333,0.0,1.93,0.0,0.0,,0
6,0.0,0.2083333333333333,0.0,1.94,0.0,0.0,,0
6,0.0,0.2083333333333333,0.0,1.95,0.0,0.0,,0
6,0.0,0.2083333333333333,0.0,1.96,0.0,0.0,,0
6,0.0,0.2083333333333333,0.0,1.97,0.0,0.0,,0
6,0.0,0.2083333333333333,0.0,1.98,0.0,0.0,,0
6,0.0,0.2083333333333333,0.0,1.99,0.0,0.0,,0
6,0.0,0.2083333333333333,0.0,2.0,0.0,0.0,,0
6,0.0,0.2083333333333333,0.0,2.01,0.0,0.0,,0
6,0.0,0.2083333333333333,0.0,2.02,0.0,0.0,,0
6,0.0,0.2083333333333333,0.0,2.03,0.0,0.0,,0
6,0.0,0.2083333333333333,0.0,2.04,0.0,0.0,,0
6,0.0,0.2083333333333333,0.0,2.05,0.0,0.0,,0
6,0.0,0.2083333333333333,0.0,2.06,0.0,0.0,,0
6,0.0,0.2083333333333333,0.0,2.07,0.0,0.0,,0
6,0.0,0.2083333333333333,0.0,2.08,0.0,0.0,,0
6,0.0,0.2083333333333333,0.0,2.09,0.0,0.0,,0
6,0.0,0.2083333333333333,0.0,2.1,0.0,0.0,,0
6,0.0,0.2083333333333333,0.0,2.11,0.0,0.0,,0
6,0.0,0.2083333333333333,0.0,2.12,0.0,0.0,,0
6,0.0,0.2083333333333333,0.0,2.13,0.0,0.0,,0
6,0.0,0.2083333333333333,0.0,2.14,0.0,0.0,,0
6,0.0,0.2083333333333333,0.0,2.15,0.0,0.0,,0
6,0.0,0.2083333333333333,0.0,2.16,0.0,0.0,,0
6,0.0,0.2083333333333333,0.0,2.17,0.0,0.0,,0
6,0.0,0.2083333333333333,0.0,2.18,0.0,0.0,,0
6,0.0,0.2083333333333333,0.0,2.19,0.0,0.0,,0
6,0.0,0.2083333333333333,0.0,2.2,0.0,0.0,,0
6,0.0,0.2083333333333333,0.0,2.21,0.0,0.0,,0
6,0.0,0.2083333333333333,0.0,2.22,0.0,0.0,,0
6,0.0,0.2083333333333333,0.0,2.23,0.0,0.0,,0
6,0.0,0.2083333333333333,0.0,2.24,0.0,0.0,,0
6,0.0,0.2083333333333333,0.0,2.25,0.0,0.0,,0
6,0.0,0.2083333333333333,0.0,2.26,0.0,0.0,,0
6,0.0,0.2083333333333333,0.0,2.27,0.0,0.0,,0
6,0.0,0.2083333333333333,0.0,2.28,0.0,0.0,,0
6,0.0,0.2083333333333333,0.0,2.29,0.0,0.0,,0
6,0.0,0.2083333333333333,0.0,2.3,0.0,0.0,,0
6,0.0,0.2083333333333333,0.0,2.31,0.0001,0.0001,0.0,1
6,0.0,0.2083333333333333,0.0,2.32,0.0001,0.0001,0.0,1
6,0.0,0.2083333333333333,0.0,2.33,0.0002,0.0002,0.0,1
6,0.0,0.2083333333333333,0.0,2.34,0.0003,0.0003,0.0,1
6,0.0,0.2083333333333333,0.0,2.35,0.0004,0.0004,0.0,1
6,0.0,0.2083333333333333,0.0,2.36,0.0007,0.0007,0.0,1
6,0.0,0.2083333333333333,0.0,2.37,0.001,0.001,0.0,1
6,0.0,0.2083333333333333,0.0,2.38,0.0014,0.0014,0.0,1
6,0.0,0.2083333333333333,0.0,2.39,0.0018,0.0018,0.0,1
6,0.0,0.2083333333333333,0.0,2.4,0.0024,0.0024,0.0,1
6,0.0,0.2083333333333333,0.0,2.41,0.0029,0.0029,0.0,1
6,0.0,0.2083333333333333,0.0,2.42,0.0035,0.0035,0.0,1
6,0.0,0.2083333333333333,0.0,2.43,0.0041,0.0041,0.0,1
6,0.0,0.2083333333333333,0.0,2.44,0.0046,0.0046,0.0,1
6,0.0,0.2083333333333333,0.0,2.45,0.0051,0.0051,0.0,1
6,0.0,0.2083333333333333,0.0,2.46,0.0055,0.0055,0.0,1
6,0.0,0.2083333333333333,0.0,2.47,0.0058,0.0058,0.0,1
6,0.0,0.2083333333333333,0.0,2.48,0.0061,0.0061,0.0,1
6,0.0,0.2083333333333333,0.0,2.49,0.0064,0.0064,0.0,1
6,0.0,0.2083333333333333,0.0,2.5,0.0068,0.0068,0.0,1
6,0.0,0.2083333333333333,0.0,2.51,0.0072,0.0072,0.0,1
6,0.0,0.2083333333333333,0.0,2.52,0.0077,0.0077,0.0,1
6,0.0,0.2083333333333333,0.0,2.53,0.0082,0.0082,0.0,1
6,0.0,0.2083333333333333,0.0,2.54,0.0087,0.0087,0.0,1
6,0.0,0.2083333333333333,0.0,2.55,0.009,0.009,0.0,1
6,0.0,0.2083333333333333,0.0,2.56,0.0091,0.0091,0.0,1
6,0.0,0.2083333333333333,0.0,2.57,0.009,0.009,0.0,1
6,0.0,0.2083333333333333,0.0,2.58,0.0086,0.0086,0.0,1
6,0.0,0.2083333333333333,0.0,2.59,0.0079,0.0079,0.0,1
6,0.0,0.2083333333333333,0.0,2.6,0.007,0.007,0.0,1
6,0.0,0.2083333333333333,0.0,2.61,0.006,0.006,0.0,1
6,0.0,0.2083333333333333,0.0,2.62,0.005,0.005,0.0,1
6,0.0,0.2083333333333333,0.0,2.63,0.004,0.004,0.0,1
6,0.0,0.2083333333333333,0.0,2.64,0.0031,0.0031,0.0,1
6,0.0,0.2083333333333333,0.0,2.65,0.0024,0.0024,0.0,1
6,0.0,0.2083333333333333,0.0,2.66,0.0019,0.0019,0.0,1
6,0.0,0.2083333333333333,0.0,2.67,0.0017,0.0017,0.0,1
6,0.0,0.2083333333333333,0.0,2.68,0.0016,0.0016,0.0,1
6,0.0,0.2083333333333333,0.0,2.69,0.0017,0.0017,0.0,1
6,0.0,0.2083333333333333,0.0,2.7,0.002,0.002,0.0,1
6,0.0,0.2083333333333333,0.0,2.71,0.0025,0.0025,0.0,1
6,0.0,0.2083333333333333,0.0,2.72,0.003,0.003,0.0,1
6,0.0,0.2083333333333333,0.0,2.73,0.0036,0.0036,0.0,1
6,0.0,0.2083333333333333,0.0,2.74,0.0041,0.0041,0.0,1
6,0.0,0.2083333333333333,0.0,2.75,0.0046,0.0046,0.0,1
6,0.0,0.2083333333333333,0.0,2.76,0.0049,0.0049,0.0,1
6,0.0,0.2083333333333333,0.0,2.77,0.0052,0.0052,0.0,1
6,0.0,0.2083333333333333,0.0,2.78,0.0052,0.0052,0.0,1
6,0.0,0.2083333333333333,0.0,2.79,0.0051,0.0051,0.0,1
6,0.0,0.2083333333333333,0.0,2.8,0.005,0.005,0.0,1
6,0.0,0.2083333333333333,0.0,2.81,0.0047,0.0047,0.0,1
6,0.0,0.2083333333333333,0.0,2.82,0.0045,0.0045,0.0,1
6,0.0,0.2083333333333333,0.0,2.83,0.0042,0.0042,0.0,1
6,0.0,0.2083333333333333,0.0,2.84,0.004,0.004,0.0,1
6,0.0,0.2083333333333333,0.0,2.85,0.0039,0.0039,0.0,1
6,0.0,0.2083333333333333,0.0,2.86,0.0037,0.0037,0.0,1
6,0.0,0.2083333333333333,0.0,2.87,0.0036,0.0036,0.0,1
6,0.0,0.2083333333333333,0.0,2.88,0.0034,0.0034,0.0,1
6,0.0,0.2083333333333333,0.0,2.89,0.0032,0.0032,0.0,1
6,0.0,0.2083333333333333,0.0,2.9,0.0029,0.0029,0.0,1
6,0.0,0.2083333333333333,0.0,2.91,0.0026,0.0026,0.0,1
6,0.0,0.2083333333333333,0.0,2.92,0.0022,0.0022,0.0,1
6,0.0,0.2083333333333333,0.0,2.93,0.0018,0.0018,0.0,1
6,0.0,0.2083333333333333,0.0,2.94,0.0015,0.0015,0.0,1
6,0.0,0.2083333333333333,0.0,2.95,0.0012,0.0012,0.0,1
6,0.0,0.2083333333333333,0.0,2.96,0.0009,0.0009,0.0,1
6,0.0,0.2083333333333333,0.0,2.97,0.0007,0.0007,0.0,1
6,0.0,0.2083333333333333,0.0,2.98,0.0005,0.0005,0.0,1
6,0.0,0.2083333333333333,0.0,2.99,0.0004,0.0004,0.0,1
6,0.0,0.2083333333333333,0.0,3.0,0.0003,0.0003,0.0,1
6,0.0,0.2083333333333333,0.0,3.01,0.0002,0.0002,0.0,1
6,0.0,0.2083333333333333,0.0,3.02,0.0002,0.0002,0.0,1
6,0.0,0.2083333333333333,0.0,3.03,0.0001,0.0001,0.0,1
6,0.0,0.2083333333333333,0.0,3.04,0.0001,0.0001,0.0,1
6,0.0,0.2083333333333333,0.0,3.05,0.0001,0.0001,0.0,1
6,0.0,0.2083333333333333,0.0,3.06,0.0001,0.0001,0.0,1
6,0.0,0.2083333333333333,0.0,3.07,0.0,0.0,,0
6,0.0,0.2083333333333333,0.0,3.08,0.0,0.0,,0
6,0.0,0.2083333333333333,0.0,3.09,0.0,0.0,,0
6,0.0,0.2083333333333333,0.0,3.1,0.0,0.0,,0
6,0.0,0.2083333333333333,0.0,3.11,0.0,0.0,,0
6,0.0,0.2083333333333333,0.0,3.12,0.0,0.0,,0
6,0.0,0.2083333333333333,0.0,3.13,0.0,0.0,,0
6,0.0,0.2083333333333333,0.0,3.14,0.0,0.0,,0
6,0.0,0.2083333333333333,0.0,3.15,0.0,0.0,,0
6,0.0,0.2083333333333333,0.0,3.16,0.0,0.0,,0
6,0.0,0.2083333333333333,0.0,3.17,0.0,0.0,,0
6,0.0,0.2083333333333333,0.0,3.18,0.0,0.0,,0
6,0.0,0.2083333333333333,0.0,3.19,0.0001,0.0001,0.0,1
6,0.0,0.2083333333333333,0.0,3.2,0.0001,0.0001,0.0,1
6,0.0,0.2083333333333333,0.0,3.21,0.0002,0.0002,0.0,1
6,0.0,0.2083333333333333,0.0,3.22,0.0003,0.0003,0.0,1
6,0.0,0.2083333333333333,0.0,3.23,0.0004,0.0004,0.0,1
6,0.0,0.2083333333333333,0.0,3.24,0.0005,0.0005,0.0,1
6,0.0,0.2083333333333333,0.0,3.25,0.0007,0.0007,0.0,1
6,0.0,0.2083333333333333,0.0,3.26,0.0009,0.0009,0.0,1
6,0.0,0.2083333333333333,0.0,3.27,0.0011,0.0011,0.0,1
6,0.0,0.2083333333333333,0.0,3.28,0.0012,0.0012,0.0,1
6,0.0,0.2083333333333333,0.0,3.29,0.0014,0.0014,0.0,1
6,0.0,0.2083333333333333,0.0,3.3,0.0014,0.0014,0.0,1
6,0.0,0.2083333333333333,0.0,3.31,0.0015,0.0015,0.0,1
6,0.0,0.2083333333333333,0.0,3.32,0.0015,0.0015,0.0,1
6,0.0,0.2083333333333333,0.0,3.33,0.0014,0.0014,0.0,1
6,0.0,0.2083333333333333,0.0,3.34,0.0013,0.0013,0.0,1
6,0.0,0.2083333333333333,0.0,3.35,0.0012,0.0012,0.0,1
6,0.0,0.2083333333333333,0.0,3.36,0.001,0.001,0.0,1
6,0.0,0.2083333333333333,0.0,3.37,0.0008,0.0008,0.0,1
6,0.0,0.2083333333333333,0.0,3.38,0.0006,0.0006,0.0,1
6,0.0,0.2083333333333333,0.0,3.39,0.0005,0.0005,0.0,1
6,0.0,0.2083333333333333,0.0,3.4,0.0004,0.0004,0.0,1
6,0.0,0.2083333333333333,0.0,3.41,0.0003,0.0003,0.0,1
6,0.0,0.2083333333333333,0.0,3.42,0.0002,0.0002,0.0,1
6,0.0,0.2083333333333333,0.0,3.43,0.0001,0.0001,0.0,1
6,0.0,0.2083333333333333,0.0,3.44,0.0001,0.0001,0.0,1
6,0.0,0.2083333333333333,0.0,3.45,0.0001,0.0001,0.0,1
6,0.0,0.2083333333333333,0.0,3.46,0.0,0.0,,0
6,0.0,0.2083333333333333,0.0,3.47,0.0,0.0,,0
6,0.0,0.2083333333333333,0.0,3.48,0.0,0.0,,0
6,0.0,0.2083333333333333,0.0,3.49,0.0,0.0,,0
6,0.0,0.2083333333333333,0.0,3.5,0.0,0.0,,0
6,0.0,0.2083333333333333,0.0,3.51,0.0,0.0,,0
6,0.0,0.2083333333333333,0.0,3.52,0.0,0.0,,0
6,0.0,0.2083333333333333,0.0,3.53,0.0,0.0,,0
6,0.0,0.2083333333333333,0.0,3.54,0.0,0.0,,0
6,0.0,0.2083333333333333,0.0,3.55,0.0,0.0,,0
6,0.0,0.2083333333333333,0.0,3.56,0.0,0.0,,0
6,0.0,0.2083333333333333,0.0,3.57,0.0,0.0,,0
6,0.0,0.2083333333333333,0.0,3.58,0.0001,0.0001,0.0,1
6,0.0,0.2083333333333333,0.0,3.59,0.0001,0.0001,0.0,1
6,0.0,0.2083333333333333,0.0,3.6,0.0001,0.0001,0.0,1
6,0.0,0.2083333333333333,0.0,3.61,0.0001,0.0001,0.0,1
6,0.0,0.2083333333333333,0.0,3.62,0.0002,0.0002,0.0,1
6,0.0,0.2083333333333333,0.0,3.63,0.0002,0.0002,0.0,1
6,0.0,0.2083333333333333,0.0,3.64,0.0002,0.0002,0.0,1
6,0.0,0.2083333333333333,0.0,3.65,0.0002,0.0002,0.0,1
6,0.0,0.2083333333333333,0.0,3.66,0.0002,0.0002,0.0,1
6,0.0,0.2083333333333333,0.0,3.67,0.0002,0.0002,0.0,1
6,0.0,0.2083333333333333,0.0,3.68,0.0002,0.0002,0.0,1
6,0.0,0.2083333333333333,0.0,3.69,0.0002,0.0002,0.0,1
6,0.0,0.2083333333333333,0.0,3.7,0.0002,0.0002,0.0,1
6,0.0,0.2083333333333333,0.0,3.71,0.0002,0.0002,0.0,1
6,0.0,0.2083333333333333,0.0,3.72,0.0002,0.0002,0.0,1
6,0.0,0.2083333333333333,0.0,3.73,0.0002,0.0002,0.0,1
6,0.0,0.2083333333333333,0.0,3.74,0.0002,0.0002,0.0,1
6,0.0,0.2083333333333333,0.0,3.75,0.0002,0.0002,0.0,1
6,0.0,0.2083333333333333,0.0,3.76,0.0002,0.0002,0.0,1
6,0.0,0.2083333333333333,0.0,3.77,0.0002,0.0002,0.0,1
6,0.0,0.2083333333333333,0.0,3.78,0.0002,0.0002,0.0,1
6,0.0,0.2083333333333333,0.0,3.79,0.0002,0.0002,0.0,1
6,0.0,0.2083333333333333,0.0,3.8,0.0002,0.0002,0.0,1
6,0.0,0.2083333333333333,0.0,3.81,0.0002,0.0002,0.0,1
6,0.0,0.2083333333333333,0.0,3.82,0.0001,0.0001,0.0,1
6,0.0,0.2083333333333333,0.0,3.83,0.0001,0.0001,0.0,1
6,0.0,0.2083333333333333,0.0,3.84,0.0001,0.0001,0.0,1
6,0.0,0.2083333333333333,0.0,3.85,0.0001,0.0001,0.0,1
6,0.0,0.2083333333333333,0.0,3.86,0.0001,0.0001,0.0,1
6,0.0,0.2083333333333333,0.0,3.87,0.0,0.0,,0
6,0.0,0.2083333333333333,0.0,3.88,0.0,0.0,,0
6,0.0,0.2083333333333333,0.0,3.89,0.0,0.0,,0
6,0.0,0.2083333333333333,0.0,3.9,0.0,0.0,,0
6,0.0,0.2083333333333333,0.0,3.91,0.0,0.0,,0
6,0.0,0.2083333333333333,0.0,3.92,0.0,0.0,,0
6,0.0,0.2083333333333333,0.0,3.93,0.0,0.0,,0
6,0.0,0.2083333333333333,0.0,3.94,0.0,0.0,,0
6,0.0,0.2083333333333333,0.0,3.95,0.0,0.0,,0
6,0.0,0.2083333333333333,0.0,3.96,0.0,0.0,,0
6,0.0,0.2083333333333333,0.0,3.97,0.0001,0.0001,0.0,1
6,0.0,0.2083333333333333,0.0,3.98,0.0001,0.0001,0.0,1
6,0.0,0.2083333333333333,0.0,3.99,0.0001,0.0001,0.0,1
6,0.0,0.2083333333333333,0.0,4.0,0.0002,0.0002,0.0,1
7,0.0,0.25,0.0,0.5,0.0,0.0,,0
7,0.0,0.25,0.0,0.51,0.0,0.0,,0
7,0.0,0.25,0.0,0.52,0.0,0.0,,0
7,0.0,0.25,0.0,0.53,0.0,0.0,,0
7,0.0,0.25,0.0,0.54,0.0,0.0,,0
7,0.0,0.25,0.0,0.55,0.0,0.0,,0
7,0.0,0.25,0.0,0.56,0.0,0.0,,0
7,0.0,0.25,0.0,0.57,0.0,0.0,,0
7,0.0,0.25,0.0,0.58,0.0,0.0,,0
7,0.0,0.25,0.0,0.59,0.0,0.0,,0
7,0.0,0.25,0.0,0.6,0.0,0.0,,0
7,0.0,0.25,0.0,0.61,0.0,0.0,,0
7,0.0,0.25,0.0,0.62,0.0,0.0,,0
7,0.0,0.25,0.0,0.63,0.0,0.0,,0
7,0.0,0.25,0.0,0.64,0.0,0.0,,0
7,0.0,0.25,0.0,0.65,0.0,0.0,,0
7,0.0,0.25,0.0,0.66,0.0,0.0,,0
7,0.0,0.25,0.0,0.67,0.0,0.0,,0
7,0.0,0.25,0.0,0.68,0.0,0.0,,0
7,0.0,0.25,0.0,0.69,0.0,0.0,,0
7,0.0,0.25,0.0,0.7,0.0,0.0,,0
7,0.0,0.25,0.0,0.71,0.0,0.0,,0
7,0.0,0.25,0.0,0.72,0.0,0.0,,0
7,0.0,0.25,0.0,0.73,0.0,0.0,,0
7,0.0,0.25,0.0,0.74,0.0,0.0,,0
7,0.0,0.25,0.0,0.75,0.0,0.0,,0
7,0.0,0.25,0.0,0.76,0.0,0.0,,0
7,0.0,0.25,0.0,0.77,0.0,0.0,,0
7,0.0,0.25,0.0,0.78,0.0,0.0,,0
7,0.0,0.25,0.0,0.79,0.0,0.0,,0
7,0.0,0.25,0.0,0.8,0.0,0.0,,0
7,0.0,0.25,0.0,0.81,0.0,0.0,,0
7,0.0,0.25,0.0,0.82,0.0,0.0,,0
7,0.0,0.25,0.0,0.83,0.0,0.0,,0
7,0.0,0.25,0.0,0.84,0.0,0.0,,0
7,0.0,0.25,0.0,0.85,0.0,0.0,,0
7,0.0,0.25,0.0,0.86,0.0,0.0,,0
7,0.0,0.25,0.0,0.87,0.0,0.0,,0
7,0.0,0.25,0.0,0.88,0.0,0.0,,0
7,0.0,0.25,0.0,0.89,0.0,0.0,,0
7,0.0,0.25,0.0,0.9,0.0,0.0,,0
7,0.0,0.25,0.0,0.91,0.0,0.0,,0
7,0.0,0.25,0.0,0.92,0.0,0.0,,0
7,0.0,0.25,0.0,0.93,0.0,0.0,,0
7,0.0,0.25,0.0,0.94,0.0,0.0,,0
7,0.0,0.25,0.0,0.95,0.0,0.0,,0
7,0.0,0.25,0.0,0.96,0.0,0.0,,0
7,0.0,0.25,0.0,0.97,0.0,0.0,,0
7,0.0,0.25,0.0,0.98,0.0,0.0,,0
7,0.0,0.25,0.0,0.99,0.0,0.0,,0
7,0.0,0.25,0.0,1.0,0.0,0.0,,0
7,0.0,0.25,0.0,1.01,0.0,0.0,,0
7,0.0,0.25,0.0,1.02,0.0,0.0,,0
7,0.0,0.25,0.0,1.03,0.0,0.0,,0
7,0.0,0.25,0.0,1.04,0.0,0.0,,0
7,0.0,0.25,0.0,1.05,0.0,0.0,,0
7,0.0,0.25,0.0,1.06,0.0,0.0,,0
7,0.0,0.25,0.0,1.07,0.0,0.0,,0
7,0.0,0.25,0.0,1.08,0.0,0.0,,0
7,0.0,0.25,0.0,1.09,0.0,0.0,,0
7,0.0,0.25,0.0,1.1,0.0,0.0,,0
7,0.0,0.25,0.0,1.11,0.0,0.0,,0
7,0.0,0.25,0.0,1.12,0.0,0.0,,0
7,0.0,0.25,0.0,1.13,0.0,0.0,,0
7,0.0,0.25,0.0,1.14,0.0,0.0,,0
7,0.0,0.25,0.0,1.15,0.0,0.0,,0
7,0.0,0.25,0.0,1.16,0.0,0.0,,0
7,0.0,0.25,0.0,1.17,0.0,0.0,,0
7,0.0,0.25,0.0,1.18,0.0,0.0,,0
7,0.0,0.25,0.0,1.19,0.0,0.0,,0
7,0.0,0.25,0.0,1.2,0.0,0.0,,0
7,0.0,0.25,0.0,1.21,0.0,0.0,,0
7,0.0,0.25,0.0,1.22,0.0,0.0,,0
7,0.0,0.25,0.0,1.23,0.0,0.0,,0
7,0.0,0.25,0.0,1.24,0.0,0.0,,0
7,0.0,0.25,0.0,1.25,0.0,0.0,,0
7,0.0,0.25,0.0,1.26,0.0,0.0,,0
7,0.0,0.25,0.0,1.27,0.0,0.0,,0
7,0.0,0.25,0.0,1.28,0.0,0.0,,0
7,0.0,0.25,0.0,1.29,0.0,0.0,,0
7,0.0,0.25,0.0,1.3,0.0,0.0,,0
7,0.0,0.25,0.0,1.31,0.0,0.0,,0
7,0.0,0.25,0.0,1.32,0.0,0.0,,0
7,0.0,0.25,0.0,1.33,0.0,0.0,,0
7,0.0,0.25,0.0,1.34,0.0,0.0,,0
7,0.0,0.25,0.0,1.35,0.0,0.0,,0
7,0.0,0.25,0.0,1.36,0.0,0.0,,0
7,0.0,0.25,0.0,1.37,0.0,0.0,,0
7,0.0,0.25,0.0,1.38,0.0,0.0,,0
7,0.0,0.25,0.0,1.39,0.0,0.0,,0
7,0.0,0.25,0.0,1.4,0.0,0.0,,0
7,0.0,0.25,0.0,1.41,0.0,0.0,,0
7,0.0,0.25,0.0,1.42,0.0,0.0,,0
7,0.0,0.25,0.0,1.43,0.0,0.0,,0
7,0.0,0.25,0.0,1.44,0.0,0.0,,0
7,0.0,0.25,0.0,1.45,0.0,0.0,,0
7,0.0,0.25,0.0,1.46,0.0,0.0,,0
7,0.0,0.25,0.0,1.47,0.0,0.0,,0
7,0.0,0.25,0.0,1.48,0.0,0.0,,0
7,0.0,0.25,0.0,1.49,0.0,0.0,,0
7,0.0,0.25,0.0,1.5,0.0,0.0,,0
7,0.0,0.25,0.0,1.51,0.0,0.0,,0
7,0.0,0.25,0.0,1.52,0.0,0.0,,0
7,0.0,0.25,0.0,1.53,0.0,0.0,,0
7,0.0,0.25,0.0,1.54,0.0,0.0,,0
7,0.0,0.25,0.0,1.55,0.0,0.0,,0
7,0.0,0.25,0.0,1.56,0.0,0.0,,0
7,0.0,0.25,0.0,1.57,0.0,0.0,,0
7,0.0,0.25,0.0,1.58,0.0,0.0,,0
7,0.0,0.25,0.0,1.59,0.0,0.0,,0
7,0.0,0.25,0.0,1.6,0.0,0.0,,0
7,0.0,0.25,0.0,1.61,0.0,0.0,,0
7,0.0,0.25,0.0,1.62,0.0,0.0,,0
7,0.0,0.25,0.0,1.63,0.0,0.0,,0
7,0.0,0.25,0.0,1.64,0.0,0.0,,0
7,0.0,0.25,0.0,1.65,0.0,0.0,,0
7,0.0,0.25,0.0,1.66,0.0,0.0,,0
7,0.0,0.25,0.0,1.67,0.0,0.0,,0
7,0.0,0.25,0.0,1.68,0.0,0.0,,0
7,0.0,0.25,0.0,1.69,0.0,0.0,,0
7,0.0,0.25,0.0,1.7,0.0,0.0,,0
7,0.0,0.25,0.0,1.71,0.0,0.0,,0
7,0.0,0.25,0.0,1.72,0.0,0.0,,0
7,0.0,0.25,0.0,1.73,0.0,0.0,,0
7,0.0,0.25,0.0,1.74,0.0,0.0,,0
7,0.0,0.25,0.0,1.75,0.0,0.0,,0
7,0.0,0.25,0.0,1.76,0.0,0.0,,0
7,0.0,0.25,0.0,1.77,0.0,0.0,,0
7,0.0,0.25,0.0,1.78,0.0,0.0,,0
7,0.0,0.25,0.0,1.79,0.0,0.0,,0
7,0.0,0.25,0.0,1.8,0.0,0.0,,0
7,0.0,0.25,0.0,1.81,0.0,0.0,,0
7,0.0,0.25,0.0,1.82,0.0,0.0,,0
7,0.0,0.25,0.0,1.83,0.0,0.0,,0
7,0.0,0.25,0.0,1.84,0.0,0.0,,0
7,0.0,0.25,0.0,1.85,0.0,0.0,,0
7,0.0,0.25,0.0,1.86,0.0,0.0,,0
7,0.0,0.25,0.0,1.87,0.0,0.0,,0
7,0.0,0.25,0.0,1.88,0.0,0.0,,0
7,0.0,0.25,0.0,1.89,0.0,0.0,,0
7,0.0,0.25,0.0,1.9,0.0,0.0,,0
7,0.0,0.25,0.0,1.91,0.0,0.0,,0
7,0.0,0.25,0.0,1.92,0.0,0.0,,0
7,0.0,0.25,0.0,1.93,0.0,0.0,,0
7,0.0,0.25,0.0,1.94,0.0,0.0,,0
7,0.0,0.25,0.0,1.95,0.0,0.0,,0
7,0.0,0.25,0.0,1.96,0.0,0.0,,0
7,0.0,0.25,0.0,1.97,0.0,0.0,,0
7,0.0,0.25,0.0,1.98,0.0,0.0,,0
7,0.0,0.25,0.0,1.99,0.0,0.0,,0
7,0.0,0.25,0.0,2.0,0.0,0.0,,0
7,0.0,0.25,0.0,2.01,0.0,0.0,,0
7,0.0,0.25,0.0,2.02,0.0,0.0,,0
7,0.0,0.25,0.0,2.03,0.0,0.0,,0
7,0.0,0.25,0.0,2.04,0.0,0.0,,0
7,0.0,0.25,0.0,2.05,0.0,0.0,,0
7,0.0,0.25,0.0,2.06,0.0,0.0,,0
7,0.0,0.25,0.0,2.07,0.0,0.0,,0
7,0.0,0.25,0.0,2.08,0.0,0.0,,0
7,0.0,0.25,0.0,2.09,0.0,0.0,,0
7,0.0,0.25,0.0,2.1,0.0,0.0,,0
7,0.0,0.25,0.0,2.11,0.0,0.0,,0
7,0.0,0.25,0.0,2.12,0.0,0.0,,0
7,0.0,0.25,0.0,2.13,0.0,0.0,,0
7,0.0,0.25,0.0,2.14,0.0,0.0,,0
7,0.0,0.25,0.0,2.15,0.0,0.0,,0
7,0.0,0.25,0.0,2.16,0.0,0.0,,0
7,0.0,0.25,0.0,2.17,0.0,0.0,,0
7,0.0,0.25,0.0,2.18,0.0,0.0,,0
7,0.0,0.25,0.0,2.19,0.0,0.0,,0
7,0.0,0.25,0.0,2.2,0.0,0.0,,0
7,0.0,0.25,0.0,2.21,0.0,0.0,,0
7,0.0,0.25,0.0,2.22,0.0,0.0,,0
7,0.0,0.25,0.0,2.23,0.0,0.0,,0
7,0.0,0.25,0.0,2.24,0.0,0.0,,0
7,0.0,0.25,0.0,2.25,0.0,0.0,,0
7,0.0,0.25,0.0,2.26,0.0,0.0,,0
7,0.0,0.25,0.0,2.27,0.0,0.0,,0
7,0.0,0.25,0.0,2.28,0.0,0.0,,0
7,0.0,0.25,0.0,2.29,0.0,0.0,,0
7,0.0,0.25,0.0,2.3,0.0,0.0,,0
7,0.0,0.25,0.0,2.31,0.0,0.0,,0
7,0.0,0.25,0.0,2.32,0.0,0.0,,0
7,0.0,0.25,0.0,2.33,0.0,0.0,,0
7,0.0,0.25,0.0,2.34,0.0,0.0,,0
7,0.0,0.25,0.0,2.35,0.0,0.0,,0
7,0.0,0.25,0.0,2.36,0.0,0.0,,0
7,0.0,0.25,0.0,2.37,0.0,0.0,,0
7,0.0,0.25,0.0,2.38,0.0,0.0,,0
7,0.0,0.25,0.0,2.39,0.0,0.0,,0
7,0.0,0.25,0.0,2.4,0.0,0.0,,0
7,0.0,0.25,0.0,2.41,0.0,0.0,,0
7,0.0,0.25,0.0,2.42,0.0,0.0,,0
7,0.0,0.25,0.0,2.43,0.0,0.0,,0
7,0.0,0.25,0.0,2.44,0.0,0.0,,0
7,0.0,0.25,0.0,2.45,0.0,0.0,,0
7,0.0,0.25,0.0,2.46,0.0,0.0,,0
7,0.0,0.25,0.0,2.47,0.0,0.0,,0
7,0.0,0.25,0.0,2.48,0.0,0.0,,0
7,0.0,0.25,0.0,2.49,0.0001,0.0001,0.0,1
7,0.0,0.25,0.0,2.5,0.0002,0.0002,0.0,1
7,0.0,0.25,0.0,2.51,0.0003,0.0003,0.0,1
7,0.0,0.25,0.0,2.52,0.0004,0.0004,0.0,1
7,0.0,0.25,0.0,2.53,0.0007,0.0007,0.0,1
7,0.0,0.25,0.0,2.54,0.0011,0.0011,0.0,1
7,0.0,0.25,0.0,2.55,0.0015,0.0015,0.0,1
7,0.0,0.25,0.0,2.56,0.0022,0.0022,0.0,1
7,0.0,0.25,0.0,2.57,0.0029,0.0029,0.0,1
7,0.0,0.25,0.0,2.58,0.0038,0.0038,0.0,1
7,0.0,0.25,0.0,2.59,0.0047,0.0047,0.0,1
7,0.0,0.25,0.0,2.6,0.0057,0.0057,0.0,1
7,0.0,0.25,0.0,2.61,0.0065,0.0065,0.0,1
7,0.0,0.25,0.0,2.62,0.0072,0.0072,0.0,1
7,0.0,0.25,0.0,2.63,0.0077,0.0077,0.0,1
7,0.0,0.25,0.0,2.64,0.0079,0.0079,0.0,1
7,0.0,0.25,0.0,2.65,0.0079,0.0079,0.0,1
7,0.0,0.25,0.0,2.66,0.0075,0.0075,0.0,1
7,0.0,0.25,0.0,2.67,0.0069,0.0069,0.0,1
7,0.0,0.25,0.0,2.68,0.0062,0.0062,0.0,1
7,0.0,0.25,0.0,2.69,0.0053,0.0053,0.0,1
7,0.0,0.25,0.0,2.7,0.0045,0.0045,0.0,1
7,0.0,0.25,0.0,2.71,0.0036,0.0036,0.0,1
7,0.0,0.25,0.0,2.72,0.0029,0.0029,0.0,1
7,0.0,0.25,0.0,2.73,0.0022,0.0022,0.0,1
7,0.0,0.25,0.0,2.74,0.0017,0.0017,0.0,1
7,0.0,0.25,0.0,2.75,0.0012,0.0012,0.0,1
7,0.0,0.25,0.0,2.76,0.0009,0.0009,0.0,1
7,0.0,0.25,0.0,2.77,0.0006,0.0006,0.0,1
7,0.0,0.25,0.0,2.78,0.0004,0.0004,0.0,1
7,0.0,0.25,0.0,2.79,0.0003,0.0003,0.0,1
7,0.0,0.25,0.0,2.8,0.0002,0.0002,0.0,1
7,0.0,0.25,0.0,2.81,0.0002,0.0002,0.0,1
7,0.0,0.25,0.0,2.82,0.0001,0.0001,0.0,1
7,0.0,0.25,0.0,2.83,0.0001,0.0001,0.0,1
7,0.0,0.25,0.0,2.84,0.0002,0.0002,0.0,1
7,0.0,0.25,0.0,2.85,0.0003,0.0003,0.0,1
7,0.0,0.25,0.0,2.86,0.0004,0.0004,0.0,1
7,0.0,0.25,0.0,2.87,0.0006,0.0006,0.0,1
7,0.0,0.25,0.0,2.88,0.0009,0.0009,0.0,1
7,0.0,0.25,0.0,2.89,0.0013,0.0013,0.0,1
7,0.0,0.25,0.0,2.9,0.0019,0.0019,0.0,1
7,0.0,0.25,0.0,2.91,0.0025,0.0025,0.0,1
7,0.0,0.25,0.0,2.92,0.0032,0.0032,0.0,1
7,0.0,0.25,0.0,2.93,0.0039,0.0039,0.0,1
7,0.0,0.25,0.0,2.94,0.0047,0.0047,0.0,1
7,0.0,0.25,0.0,2.95,0.0055,0.0055,0.0,1
7,0.0,0.25,0.0,2.96,0.0061,0.0061,0.0,1
7,0.0,0.25,0.0,2.97,0.0067,0.0067,0.0,1
7,0.0,0.25,0.0,2.98,0.0072,0.0072,0.0,1
7,0.0,0.25,0.0,2.99,0.0075,0.0075,0.0,1
7,0.0,0.25,0.0,3.0,0.0076,0.0076,0.0,1
7,0.0,0.25,0.0,3.01,0.0076,0.0076,0.0,1
7,0.0,0.25,0.0,3.02,0.0074,0.0074,0.0,1
7,0.0,0.25,0.0,3.03,0.0071,0.0071,0.0,1
7,0.0,0.25,0.0,3.04,0.0067,0.0067,0.0,1
7,0.0,0.25,0.0,3.05,0.0061,0.0061,0.0,1
7,0.0,0.25,0.0,3.06,0.0054,0.0054,0.0,1
7,0.0,0.25,0.0,3.07,0.0047,0.0047,0.0,1
7,0.0,0.25,0.0,3.08,0.004,0.004,0.0,1
7,0.0,0.25,0.0,3.09,0.0033,0.0033,0.0,1
7,0.0,0.25,0.0,3.1,0.0026,0.0026,0.0,1
7,0.0,0.25,0.0,3.11,0.002,0.002,0.0,1
7,0.0,0.25,0.0,3.12,0.0015,0.0015,0.0,1
7,0.0,0.25,0.0,3.13,0.0011,0.0011,0.0,1
7,0.0,0.25,0.0,3.14,0.0008,0.0008,0.0,1
7,0.0,0.25,0.0,3.15,0.0006,0.0006,0.0,1
7,0.0,0.25,0.0,3.16,0.0004,0.0004,0.0,1
7,0.0,0.25,0.0,3.17,0.0003,0.0003,0.0,1
7,0.0,0.25,0.0,3.18,0.0002,0.0002,0.0,1
7,0.0,0.25,0.0,3.19,0.0001,0.0001,0.0,1
7,0.0,0.25,0.0,3.2,0.0001,0.0001,0.0,1
7,0.0,0.25,0.0,3.21,0.0,0.0,,0
7,0.0,0.25,0.0,3.22,0.0,0.0,,0
7,0.0,0.25,0.0,3.23,0.0,0.0,,0
7,0.0,0.25,0.0,3.24,0.0,0.0,,0
7,0.0,0.25,0.0,3.25,0.0,0.0,,0
7,0.0,0.25,0.0,3.26,0.0,0.0,,0
7,0.0,0.25,0.0,3.27,0.0,0.0,,0
7,0.0,0.25,0.0,3.28,0.0,0.0,,0
7,0.0,0.25,0.0,3.29,0.0,0.0,,0
7,0.0,0.25,0.0,3.3,0.0,0.0,,0
7,0.0,0.25,0.0,3.31,0.0,0.0,,0
7,0.0,0.25,0.0,3.32,0.0,0.0,,0
7,0.0,0.25,0.0,3.33,0.0,0.0,,0
7,0.0,0.25,0.0,3.34,0.0,0.0,,0
7,0.0,0.25,0.0,3.35,0.0,0.0,,0
7,0.0,0.25,0.0,3.36,0.0,0.0,,0
7,0.0,0.25,0.0,3.37,0.0001,0.0001,0.0,1
7,0.0,0.25,0.0,3.38,0.0001,0.0001,0.0,1
7,0.0,0.25,0.0,3.39,0.0001,0.0001,0.0,1
7,0.0,0.25,0.0,3.4,0.0002,0.0002,0.0,1
7,0.0,0.25,0.0,3.41,0.0002,0.0002,0.0,1
7,0.0,0.25,0.0,3.42,0.0003,0.0003,0.0,1
7,0.0,0.25,0.0,3.43,0.0003,0.0003,0.0,1
7,0.0,0.25,0.0,3.44,0.0004,0.0004,0.0,1
7,0.0,0.25,0.0,3.45,0.0004,0.0004,0.0,1
7,0.0,0.25,0.0,3.46,0.0004,0.0004,0.0,1
7,0.0,0.25,0.0,3.47,0.0004,0.0004,0.0,1
7,0.0,0.25,0.0,3.48,0.0004,0.0004,0.0,1
7,0.0,0.25,0.0,3.49,0.0004,0.0004,0.0,1
7,0.0,0.25,0.0,3.5,0.0004,0.0004,0.0,1
7,0.0,0.25,0.0,3.51,0.0003,0.0003,0.0,1
7,0.0,0.25,0.0,3.52,0.0003,0.0003,0.0,1
7,0.0,0.25,0.0,3.53,0.0003,0.0003,0.0,1
7,0.0,0.25,0.0,3.54,0.0002,0.0002,0.0,1
7,0.0,0.25,0.0,3.55,0.0002,0.0002,0.0,1
7,0.0,0.25,0.0,3.56,0.0001,0.0001,0.0,1
7,0.0,0.25,0.0,3.57,0.0001,0.0001,0.0,1
7,0.0,0.25,0.0,3.58,0.0001,0.0001,0.0,1
7,0.0,0.25,0.0,3.59,0.0001,0.0001,0.0,1
7,0.0,0.25,0.0,3.6,0.0,0.0,,0
7,0.0,0.25,0.0,3.61,0.0,0.0,,0
7,0.0,0.25,0.0,3.62,0.0,0.0,,0
7,0.0,0.25,0.0,3.63,0.0,0.0,,0
7,0.0,0.25,0.0,3.64,0.0,0.0,,0
7,0.0,0.25,0.0,3.65,0.0,0.0,,0
7,0.0,0.25,0.0,3.66,0.0,0.0,,0
7,0.0,0.25,0.0,3.67,0.0,0.0,,0
7,0.0,0.25,0.0,3.68,0.0,0.0,,0
7,0.0,0.25,0.0,3.69,0.0001,0.0001,0.0,1
7,0.0,0.25,0.0,3.7,0.0001,0.0001,0.0,1
7,0.0,0.25,0.0,3.71,0.0001,0.0001,0.0,1
7,0.0,0.25,0.0,3.72,0.0002,0.0002,0.0,1
7,0.0,0.25,0.0,3.73,0.0002,0.0002,0.0,1
7,0.0,0.25,0.0,3.74,0.0003,0.0003,0.0,1
7,0.0,0.25,0.0,3.75,0.0003,0.0003,0.0,1
7,0.0,0.25,0.0,3.76,0.0004,0.0004,0.0,1
7,0.0,0.25,0.0,3.77,0.0005,0.0005,0.0,1
7,0.0,0.25,0.0,3.78,0.0007,0.0007,0.0,1
7,0.0,0.25,0.0,3.79,0.0008,0.0008,0.0,1
7,0.0,0.25,0.0,3.8,0.0009,0.0009,0.0,1
7,0.0,0.25,0.0,3.81,0.0011,0.0011,0.0,1
7,0.0,0.25,0.0,3.82,0.0012,0.0012,0.0,1
7,0.0,0.25,0.0,3.83,0.0014,0.0014,0.0,1
7,0.0,0.25,0.0,3.84,0.0015,0.0015,0.0,1
7,0.0,0.25,0.0,3.85,0.0015,0.0015,0.0,1
7,0.0,0.25,0.0,3.86,0.0016,0.0016,0.0,1
7,0.0,0.25,0.0,3.87,0.0015,0.0015,0.0,1
7,0.0,0.25,0.0,3.88,0.0015,0.0015,0.0,1
7,0.0,0.25,0.0,3.89,0.0013,0.0013,0.0,1
7,0.0,0.25,0.0,3.9,0.0012,0.0012,0.0,1
7,0.0,0.25,0.0,3.91,0.001,0.001,0.0,1
7,0.0,0.25,0.0,3.92,0.0008,0.0008,0.0,1
7,0.0,0.25,0.0,3.93,0.0006,0.0006,0.0,1
7,0.0,0.25,0.0,3.94,0.0005,0.0005,0.0,1
7,0.0,0.25,0.0,3.95,0.0004,0.0004,0.0,1
7,0.0,0.25,0.0,3.96,0.0003,0.0003,0.0,1
7,0.0,0.25,0.0,3.97,0.0002,0.0002,0.0,1
7,0.0,0.25,0.0,3.98,0.0001,0.0001,0.0,1
7,0.0,0.25,0.0,3.99,0.0001,0.0001,0.0,1
7,0.0,0.25,0.0,4.0,0.0,0.0,,0
8,0.0,0.2916666666666667,0.0,0.5,0.0,0.0,,0
8,0.0,0.2916666666666667,0.0,0.51,0.0,0.0,,0
8,0.0,0.2916666666666667,0.0,0.52,0.0,0.0,,0
8,0.0,0.2916666666666667,0.0,0.53,0.0,0.0,,0
8,0.0,0.2916666666666667,0.0,0.54,0.0,0.0,,0
8,0.0,0.2916666666666667,0.0,0.55,0.0,0.0,,0
8,0.0,0.2916666666666667,0.0,0.56,0.0,0.0,,0
8,0.0,0.2916666666666667,0.0,0.57,0.0,0.0,,0
8,0.0,0.2916666666666667,0.0,0.58,0.0,0.0,,0
8,0.0,0.2916666666666667,0.0,0.59,0.0,0.0,,0
8,0.0,0.2916666666666667,0.0,0.6,0.0,0.0,,0
8,0.0,0.2916666666666667,0.0,0.61,0.0,0.0,,0
8,0.0,0.2916666666666667,0.0,0.62,0.0,0.0,,0
8,0.0,0.2916666666666667,0.0,0.63,0.0,0.0,,0
8,0.0,0.2916666666666667,0.0,0.64,0.0,0.0,,0
8,0.0,0.2916666666666667,0.0,0.65,0.0,0.0,,0
8,0.0,0.2916666666666667,0.0,0.66,0.0,0.0,,0
8,0.0,0.2916666666666667,0.0,0.67,0.0,0.0,,0
8,0.0,0.2916666666666667,0.0,0.68,0.0,0.0,,0
8,0.0,0.2916666666666667,0.0,0.69,0.0,0.0,,0
8,0.0,0.2916666666666667,0.0,0.7,0.0,0.0,,0
8,0.0,0.2916666666666667,0.0,0.71,0.0,0.0,,0
8,0.0,0.2916666666666667,0.0,0.72,0.0,0.0,,0
8,0.0,0.2916666666666667,0.0,0.73,0.0,0.0,,0
8,0.0,0.2916666666666667,0.0,0.74,0.0,0.0,,0
8,0.0,0.2916666666666667,0.0,0.75,0.0,0.0,,0
8,0.0,0.2916666666666667,0.0,0.76,0.0,0.0,,0
8,0.0,0.2916666666666667,0.0,0.77,0.0,0.0,,0
8,0.0,0.2916666666666667,0.0,0.78,0.0,0.0,,0
8,0.0,0.2916666666666667,0.0,0.79,0.0,0.0,,0
8,0.0,0.2916666666666667,0.0,0.8,0.0,0.0,,0
8,0.0,0.2916666666666667,0.0,0.81,0.0,0.0,,0
8,0.0,0.2916666666666667,0.0,0.82,0.0,0.0,,0
8,0.0,0.2916666666666667,0.0,0.83,0.0,0.0,,0
8,0.0,0.2916666666666667,0.0,0.84,0.0,0.0,,0
8,0.0,0.2916666666666667,0.0,0.85,0.0,0.0,,0
8,0.0,0.2916666666666667,0.0,0.86,0.0,0.0,,0
8,0.0,0.2916666666666667,0.0,0.87,0.0,0.0,,0
8,0.0,0.2916666666666667,0.0,0.88,0.0,0.0,,0
8,0.0,0.2916666666666667,0.0,0.89,0.0,0.0,,0
8,0.0,0.2916666666666667,0.0,0.9,0.0,0.0,,0
8,0.0,0.2916666666666667,0.0,0.91,0.0,0.0,,0
8,0.0,0.2916666666666667,0.0,0.92,0.0,0.0,,0
8,0.0,0.2916666666666667,0.0,0.93,0.0,0.0,,0
8,0.0,0.2916666666666667,0.0,0.94,0.0,0.0,,0
8,0.0,0.2916666666666667,0.0,0.95,0.0,0.0,,0
8,0.0,0.2916666666666667,0.0,0.96,0.0,0.0,,0
8,0.0,0.2916666666666667,0.0,0.97,0.0,0.0,,0
8,0.0,0.2916666666666667,0.0,0.98,0.0,0.0,,0
8,0.0,0.2916666666666667,0.0,0.99,0.0,0.0,,0
8,0.0,0.2916666666666667,0.0,1.0,0.0,0.0,,0
8,0.0,0.2916666666666667,0.0,1.01,0.0,0.0,,0
8,0.0,0.2916666666666667,0.0,1.02,0.0,0.0,,0
8,0.0,0.2916666666666667,0.0,1.03,0.0,0.0,,0
8,0.0,0.2916666666666667,0.0,1.04,0.0,0.0,,0
8,0.0,0.2916666666666667,0.0,1.05,0.0,0.0,,0
8,0.0,0.2916666666666667,0.0,1.06,0.0,0.0,,0
8,0.0,0.2916666666666667,0.0,1.07,0.0,0.0,,0
8,0.0,0.2916666666666667,0.0,1.08,0.0,0.0,,0
8,0.0,0.2916666666666667,0.0,1.09,0.0,0.0,,0
8,0.0,0.2916666666666667,0.0,1.1,0.0,0.0,,0
8,0.0,0.2916666666666667,0.0,1.11,0.0,0.0,,0
8,0.0,0.2916666666666667,0.0,1.12,0.0,0.0,,0
8,0.0,0.2916666666666667,0.0,1.13,0.0,0.0,,0
8,0.0,0.2916666666666667,0.0,1.14,0.0,0.0,,0
8,0.0,0.2916666666666667,0.0,1.15,0.0,0.0,,0
8,0.0,0.2916666666666667,0.0,1.16,0.0,0.0,,0
8,0.0,0.2916666666666667,0.0,1.17,0.0,0.0,,0
8,0.0,0.2916666666666667,0.0,1.18,0.0,0.0,,0
8,0.0,0.2916666666666667,0.0,1.19,0.0,0.0,,0
8,0.0,0.2916666666666667,0.0,1.2,0.0,0.0,,0
8,0.0,0.2916666666666667,0.0,1.21,0.0,0.0,,0
8,0.0,0.2916666666666667,0.0,1.22,0.0,0.0,,0
8,0.0,0.2916666666666667,0.0,1.23,0.0,0.0,,0
8,0.0,0.2916666666666667,0.0,1.24,0.0,0.0,,0
8,0.0,0.2916666666666667,0.0,1.25,0.0,0.0,,0
8,0.0,0.2916666666666667,0.0,1.26,0.0,0.0,,0
8,0.0,0.2916666666666667,0.0,1.27,0.0,0.0,,0
8,0.0,0.2916666666666667,0.0,1.28,0.0,0.0,,0
8,0.0,0.2916666666666667,0.0,1.29,0.0,0.0,,0
8,0.0,0.2916666666666667,0.0,1.3,0.0,0.0,,0
8,0.0,0.2916666666666667,0.0,1.31,0.0,0.0,,0
8,0.0,0.2916666666666667,0.0,1.32,0.0,0.0,,0
8,0.0,0.2916666666666667,0.0,1.33,0.0,0.0,,0
8,0.0,0.2916666666666667,0.0,1.34,0.0,0.0,,0
8,0.0,0.2916666666666667,0.0,1.35,0.0,0.0,,0
8,0.0,0.2916666666666667,0.0,1.36,0.0,0.0,,0
8,0.0,0.2916666666666667,0.0,1.37,0.0,0.0,,0
8,0.0,0.2916666666666667,0.0,1.38,0.0,0.0,,0
8,0.0,0.2916666666666667,0.0,1.39,0.0,0.0,,0
8,0.0,0.2916666666666667,0.0,1.4,0.0,0.0,,0
8,0.0,0.2916666666666667,0.0,1.41,0.0,0.0,,0
8,0.0,0.2916666666666667,0.0,1.42,0.0,0.0,,0
8,0.0,0.2916666666666667,0.0,1.43,0.0,0.0,,0
8,0.0,0.2916666666666667,0.0,1.44,0.0,0.0,,0
8,0.0,0.2916666666666667,0.0,1.45,0.0,0.0,,0
8,0.0,0.2916666666666667,0.0,1.46,0.0,0.0,,0
8,0.0,0.2916666666666667,0.0,1.47,0.0,0.0,,0
8,0.0,0.2916666666666667,0.0,1.48,0.0,0.0,,0
8,0.0,0.2916666666666667,0.0,1.49,0.0,0.0,,0
8,0.0,0.2916666666666667,0.0,1.5,0.0,0.0,,0
8,0.0,0.2916666666666667,0.0,1.51,0.0,0.0,,0
8,0.0,0.2916666666666667,0.0,1.52,0.0,0.0,,0
8,0.0,0.2916666666666667,0.0,1.53,0.0,0.0,,0
8,0.0,0.2916666666666667,0.0,1.54,0.0,0.0,,0
8,0.0,0.2916666666666667,0.0,1.55,0.0,0.0,,0
8,0.0,0.2916666666666667,0.0,1.56,0.0,0.0,,0
8,0.0,0.2916666666666667,0.0,1.57,0.0,0.0,,0
8,0.0,0.2916666666666667,0.0,1.58,0.0,0.0,,0
8,0.0,0.2916666666666667,0.0,1.59,0.0,0.0,,0
8,0.0,0.2916666666666667,0.0,1.6,0.0,0.0,,0
8,0.0,0.2916666666666667,0.0,1.61,0.0,0.0,,0
8,0.0,0.2916666666666667,0.0,1.62,0.0,0.0,,0
8,0.0,0.2916666666666667,0.0,1.63,0.0,0.0,,0
8,0.0,0.2916666666666667,0.0,1.64,0.0,0.0,,0
8,0.0,0.2916666666666667,0.0,1.65,0.0,0.0,,0
8,0.0,0.2916666666666667,0.0,1.66,0.0,0.0,,0
8,0.0,0.2916666666666667,0.0,1.67,0.0,0.0,,0
8,0.0,0.2916666666666667,0.0,1.68,0.0,0.0,,0
8,0.0,0.2916666666666667,0.0,1.69,0.0,0.0,,0
8,0.0,0.2916666666666667,0.0,1.7,0.0,0.0,,0
8,0.0,0.2916666666666667,0.0,1.71,0.0,0.0,,0
8,0.0,0.2916666666666667,0.0,1.72,0.0,0.0,,0
8,0.0,0.2916666666666667,0.0,1.73,0.0,0.0,,0
8,0.0,0.2916666666666667,0.0,1.74,0.0,0.0,,0
8,0.0,0.2916666666666667,0.0,1.75,0.0,0.0,,0
8,0.0,0.2916666666666667,0.0,1.76,0.0,0.0,,0
8,0.0,0.2916666666666667,0.0,1.77,0.0,0.0,,0
8,0.0,0.2916666666666667,0.0,1.78,0.0,0.0,,0
8,0.0,0.2916666666666667,0.0,1.79,0.0,0.0,,0
8,0.0,0.2916666666666667,0.0,1.8,0.0,0.0,,0
8,0.0,0.2916666666666667,0.0,1.81,0.0,0.0,,0
8,0.0,0.2916666666666667,0.0,1.82,0.0,0.0,,0
8,0.0,0.2916666666666667,0.0,1.83,0.0,0.0,,0
8,0.0,0.2916666666666667,0.0,1.84,0.0,0.0,,0
8,0.0,0.2916666666666667,0.0,1.85,0.0,0.0,,0
8,0.0,0.2916666666666667,0.0,1.86,0.0,0.0,,0
8,0.0,0.2916666666666667,0.0,1.87,0.0,0.0,,0
8,0.0,0.2916666666666667,0.0,1.88,0.0,0.0,,0
8,0.0,0.2916666666666667,0.0,1.89,0.0,0.0,,0
8,0.0,0.2916666666666667,0.0,1.9,0.0,0.0,,0
8,0.0,0.2916666666666667,0.0,1.91,0.0,0.0,,0
8,0.0,0.2916666666666667,0.0,1.92,0.0,0.0,,0
8,0.0,0.2916666666666667,0.0,1.93,0.0,0.0,,0
8,0.0,0.2916666666666667,0.0,1.94,0.0,0.0,,0
8,0.0,0.2916666666666667,0.0,1.95,0.0,0.0,,0
8,0.0,0.2916666666666667,0.0,1.96,0.0,0.0,,0
8,0.0,0.2916666666666667,0.0,1.97,0.0,0.0,,0
8,0.0,0.2916666666666667,0.0,1.98,0.0,0.0,,0
8,0.0,0.2916666666666667,0.0,1.99,0.0,0.0,,0
8,0.0,0.2916666666666667,0.0,2.0,0.0,0.0,,0
8,0.0,0.2916666666666667,0.0,2.01,0.0,0.0,,0
8,0.0,0.2916666666666667,0.0,2.02,0.0,0.0,,0
8,0.0,0.2916666666666667,0.0,2.03,0.0,0.0,,0
8,0.0,0.2916666666666667,0.0,2.04,0.0,0.0,,0
8,0.0,0.2916666666666667,0.0,2.05,0.0,0.0,,0
8,0.0,0.2916666666666667,0.0,2.06,0.0,0.0,,0
8,0.0,0.2916666666666667,0.0,2.07,0.0,0.0,,0
8,0.0,0.2916666666666667,0.0,2.08,0.0,0.0,,0
8,0.0,0.2916666666666667,0.0,2.09,0.0,0.0,,0
8,0.0,0.2916666666666667,0.0,2.1,0.0,0.0,,0
8,0.0,0.2916666666666667,0.0,2.11,0.0,0.0,,0
8,0.0,0.2916666666666667,0.0,2.12,0.0,0.0,,0
8,0.0,0.2916666666666667,0.0,2.13,0.0,0.0,,0
8,0.0,0.2916666666666667,0.0,2.14,0.0,0.0,,0
8,0.0,0.2916666666666667,0.0,2.15,0.0,0.0,,0
8,0.0,0.2916666666666667,0.0,2.16,0.0,0.0,,0
8,0.0,0.2916666666666667,0.0,2.17,0.0,0.0,,0
8,0.0,0.2916666666666667,0.0,2.18,0.0,0.0,,0
8,0.0,0.2916666666666667,0.0,2.19,0.0,0.0,,0
8,0.0,0.2916666666666667,0.0,2.2,0.0,0.0,,0
8,0.0,0.2916666666666667,0.0,2.21,0.0,0.0,,0
8,0.0,0.2916666666666667,0.0,2.22,0.0,0.0,,0
8,0.0,0.2916666666666667,0.0,2.23,0.0,0.0,,0
8,0.0,0.2916666666666667,0.0,2.24,0.0,0.0,,0
8,0.0,0.2916666666666667,0.0,2.25,0.0,0.0,,0
8,0.0,0.2916666666666667,0.0,2.26,0.0,0.0,,0
8,0.0,0.2916666666666667,0.0,2.27,0.0,0.0,,0
8,0.0,0.2916666666666667,0.0,2.28,0.0,0.0,,0
8,0.0,0.2916666666666667,0.0,2.29,0.0,0.0,,0
8,0.0,0.2916666666666667,0.0,2.3,0.0,0.0,,0
8,0.0,0.2916666666666667,0.0,2.31,0.0,0.0,,0
8,0.0,0.2916666666666667,0.0,2.32,0.0,0.0,,0
8,0.0,0.2916666666666667,0.0,2.33,0.0,0.0,,0
8,0.0,0.2916666666666667,0.0,2.34,0.0,0.0,,0
8,0.0,0.2916666666666667,0.0,2.35,0.0,0.0,,0
8,0.0,0.2916666666666667,0.0,2.36,0.0,0.0,,0
8,0.0,0.2916666666666667,0.0,2.37,0.0,0.0,,0
8,0.0,0.2916666666666667,0.0,2.38,0.0,0.0,,0
8,0.0,0.2916666666666667,0.0,2.39,0.0,0.0,,0
8,0.0,0.2916666666666667,0.0,2.4,0.0,0.0,,0
8,0.0,0.2916666666666667,0.0,2.41,0.0,0.0,,0
8,0.0,0.2916666666666667,0.0,2.42,0.0,0.0,,0
8,0.0,0.2916666666666667,0.0,2.43,0.0,0.0,,0
8,0.0,0.2916666666666667,0.0,2.44,0.0,0.0,,0
8,0.0,0.2916666666666667,0.0,2.45,0.0,0.0,,0
8,0.0,0.2916666666666667,0.0,2.46,0.0,0.0,,0
8,0.0,0.2916666666666667,0.0,2.47,0.0,0.0,,0
8,0.0,0.2916666666666667,0.0,2.48,0.0,0.0,,0
8,0.0,0.2916666666666667,0.0,2.49,0.0,0.0,,0
8,0.0,0.2916666666666667,0.0,2.5,0.0,0.0,,0
8,0.0,0.2916666666666667,0.0,2.51,0.0,0.0,,0
8,0.0,0.2916666666666667,0.0,2.52,0.0,0.0,,0
8,0.0,0.2916666666666667,0.0,2.53,0.0,0.0,,0
8,0.0,0.2916666666666667,0.0,2.54,0.0,0.0,,0
8,0.0,0.2916666666666667,0.0,2.55,0.0,0.0,,0
8,0.0,0.2916666666666667,0.0,2.56,0.0,0.0,,0
8,0.0,0.2916666666666667,0.0,2.57,0.0,0.0,,0
8,0.0,0.2916666666666667,0.0,2.58,0.0,0.0,,0
8,0.0,0.2916666666666667,0.0,2.59,0.0,0.0,,0
8,0.0,0.2916666666666667,0.0,2.6,0.0,0.0,,0
8,0.0,0.2916666666666667,0.0,2.61,0.0,0.0,,0
8,0.0,0.2916666666666667,0.0,2.62,0.0,0.0,,0
8,0.0,0.2916666666666667,0.0,2.63,0.0,0.0,,0
8,0.0,0.2916666666666667,0.0,2.64,0.0,0.0,,0
8,0.0,0.2916666666666667,0.0,2.65,0.0,0.0,,0
8,0.0,0.2916666666666667,0.0,2.66,0.0,0.0,,0
8,0.0,0.2916666666666667,0.0,2.67,0.0,0.0,,0
8,0.0,0.2916666666666667,0.0,2.68,0.0,0.0,,0
8,0.0,0.2916666666666667,0.0,2.69,0.0001,0.0001,0.0,1
8,0.0,0.2916666666666667,0.0,2.7,0.0001,0.0001,0.0,1
8,0.0,0.2916666666666667,0.0,2.71,0.0002,0.0002,0.0,1
8,0.0,0.2916666666666667,0.0,2.72,0.0004,0.0004,0.0,1
8,0.0,0.2916666666666667,0.0,2.73,0.0006,0.0006,0.0,1
8,0.0,0.2916666666666667,0.0,2.74,0.0008,0.0008,0.0,1
8,0.0,0.2916666666666667,0.0,2.75,0.0011,0.0011,0.0,1
8,0.0,0.2916666666666667,0.0,2.76,0.0015,0.0015,0.0,1
8,0.0,0.2916666666666667,0.0,2.77,0.0019,0.0019,0.0,1
8,0.0,0.2916666666666667,0.0,2.78,0.0024,0.0024,0.0,1
8,0.0,0.2916666666666667,0.0,2.79,0.0028,0.0028,0.0,1
8,0.0,0.2916666666666667,0.0,2.8,0.0032,0.0032,0.0,1
8,0.0,0.2916666666666667,0.0,2.81,0.0035,0.0035,0.0,1
8,0.0,0.2916666666666667,0.0,2.82,0.0037,0.0037,0.0,1
8,0.0,0.2916666666666667,0.0,2.83,0.0037,0.0037,0.0,1
8,0.0,0.2916666666666667,0.0,2.84,0.0036,0.0036,0.0,1
8,0.0,0.2916666666666667,0.0,2.85,0.0034,0.0034,0.0,1
8,0.0,0.2916666666666667,0.0,2.86,0.0031,0.0031,0.0,1
8,0.0,0.2916666666666667,0.0,2.87,0.0027,0.0027,0.0,1
8,0.0,0.2916666666666667,0.0,2.88,0.0023,0.0023,0.0,1
8,0.0,0.2916666666666667,0.0,2.89,0.0019,0.0019,0.0,1
8,0.0,0.2916666666666667,0.0,2.9,0.0015,0.0015,0.0,1
8,0.0,0.2916666666666667,0.0,2.91,0.0012,0.0012,0.0,1
8,0.0,0.2916666666666667,0.0,2.92,0.001,0.001,0.0,1
8,0.0,0.2916666666666667,0.0,2.93,0.0008,0.0008,0.0,1
8,0.0,0.2916666666666667,0.0,2.94,0.0008,0.0008,0.0,1
8,0.0,0.2916666666666667,0.0,2.95,0.0008,0.0008,0.0,1
8,0.0,0.2916666666666667,0.0,2.96,0.0008,0.0008,0.0,1
8,0.0,0.2916666666666667,0.0,2.97,0.001,0.001,0.0,1
8,0.0,0.2916666666666667,0.0,2.98,0.0011,0.0011,0.0,1
8,0.0,0.2916666666666667,0.0,2.99,0.0014,0.0014,0.0,1
8,0.0,0.2916666666666667,0.0,3.0,0.0017,0.0017,0.0,1
8,0.0,0.2916666666666667,0.0,3.01,0.0019,0.0019,0.0,1
8,0.0,0.2916666666666667,0.0,3.02,0.0023,0.0023,0.0,1
8,0.0,0.2916666666666667,0.0,3.03,0.0026,0.0026,0.0,1
8,0.0,0.2916666666666667,0.0,3.04,0.0029,0.0029,0.0,1
8,0.0,0.2916666666666667,0.0,3.05,0.0032,0.0032,0.0,1
8,0.0,0.2916666666666667,0.0,3.06,0.0035,0.0035,0.0,1
8,0.0,0.2916666666666667,0.0,3.07,0.0039,0.0039,0.0,1
8,0.0,0.2916666666666667,0.0,3.08,0.0043,0.0043,0.0,1
8,0.0,0.2916666666666667,0.0,3.09,0.0048,0.0048,0.0,1
8,0.0,0.2916666666666667,0.0,3.1,0.0053,0.0053,0.0,1
8,0.0,0.2916666666666667,0.0,3.11,0.0058,0.0058,0.0,1
8,0.0,0.2916666666666667,0.0,3.12,0.0062,0.0062,0.0,1
8,0.0,0.2916666666666667,0.0,3.13,0.0066,0.0066,0.0,1
8,0.0,0.2916666666666667,0.0,3.14,0.0068,0.0068,0.0,1
8,0.0,0.2916666666666667,0.0,3.15,0.0068,0.0068,0.0,1
8,0.0,0.2916666666666667,0.0,3.16,0.0066,0.0066,0.0,1
8,0.0,0.2916666666666667,0.0,3.17,0.0062,0.0062,0.0,1
8,0.0,0.2916666666666667,0.0,3.18,0.0056,0.0056,0.0,1
8,0.0,0.2916666666666667,0.0,3.19,0.0048,0.0048,0.0,1
8,0.0,0.2916666666666667,0.0,3.2,0.004,0.004,0.0,1
8,0.0,0.2916666666666667,0.0,3.21,0.0033,0.0033,0.0,1
8,0.0,0.2916666666666667,0.0,3.22,0.0026,0.0026,0.0,1
8,0.0,0.2916666666666667,0.0,3.23,0.0019,0.0019,0.0,1
8,0.0,0.2916666666666667,0.0,3.24,0.0015,0.0015,0.0,1
8,0.0,0.2916666666666667,0.0,3.25,0.0011,0.0011,0.0,1
8,0.0,0.2916666666666667,0.0,3.26,0.0009,0.0009,0.0,1
8,0.0,0.2916666666666667,0.0,3.27,0.0007,0.0007,0.0,1
8,0.0,0.2916666666666667,0.0,3.28,0.0006,0.0006,0.0,1
8,0.0,0.2916666666666667,0.0,3.29,0.0006,0.0006,0.0,1
8,0.0,0.2916666666666667,0.0,3.3,0.0005,0.0005,0.0,1
8,0.0,0.2916666666666667,0.0,3.31,0.0005,0.0005,0.0,1
8,0.0,0.2916666666666667,0.0,3.32,0.0005,0.0005,0.0,1
8,0.0,0.2916666666666667,0.0,3.33,0.0005,0.0005,0.0,1
8,0.0,0.2916666666666667,0.0,3.34,0.0005,0.0005,0.0,1
8,0.0,0.2916666666666667,0.0,3.35,0.0004,0.0004,0.0,1
8,0.0,0.2916666666666667,0.0,3.36,0.0004,0.0004,0.0,1
8,0.0,0.2916666666666667,0.0,3.37,0.0003,0.0003,0.0,1
8,0.0,0.2916666666666667,0.0,3.38,0.0003,0.0003,0.0,1
8,0.0,0.2916666666666667,0.0,3.39,0.0002,0.0002,0.0,1
8,0.0,0.2916666666666667,0.0,3.4,0.0002,0.0002,0.0,1
8,0.0,0.2916666666666667,0.0,3.41,0.0002,0.0002,0.0,1
8,0.0,0.2916666666666667,0.0,3.42,0.0002,0.0002,0.0,1
8,0.0,0.2916666666666667,0.0,3.43,0.0002,0.0002,0.0,1
8,0.0,0.2916666666666667,0.0,3.44,0.0002,0.0002,0.0,1
8,0.0,0.2916666666666667,0.0,3.45,0.0002,0.0002,0.0,1
8,0.0,0.2916666666666667,0.0,3.46,0.0002,0.0002,0.0,1
8,0.0,0.2916666666666667,0.0,3.47,0.0003,0.0003,0.0,1
8,0.0,0.2916666666666667,0.0,3.48,0.0004,0.0004,0.0,1
8,0.0,0.2916666666666667,0.0,3.49,0.0006,0.0006,0.0,1
8,0.0,0.2916666666666667,0.0,3.5,0.0007,0.0007,0.0,1
8,0.0,0.2916666666666667,0.0,3.51,0.0009,0.0009,0.0,1
8,0.0,0.2916666666666667,0.0,3.52,0.0011,0.0011,0.0,1
8,0.0,0.2916666666666667,0.0,3.53,0.0014,0.0014,0.0,1
8,0.0,0.2916666666666667,0.0,3.54,0.0016,0.0016,0.0,1
8,0.0,0.2916666666666667,0.0,3.55,0.0018,0.0018,0.0,1
8,0.0,0.2916666666666667,0.0,3.56,0.002,0.002,0.0,1
8,0.0,0.2916666666666667,0.0,3.57,0.0021,0.0021,0.0,1
8,0.0,0.2916666666666667,0.0,3.58,0.0022,0.0022,0.0,1
8,0.0,0.2916666666666667,0.0,3.59,0.0022,0.0022,0.0,1
8,0.0,0.2916666666666667,0.0,3.6,0.0022,0.0022,0.0,1
8,0.0,0.2916666666666667,0.0,3.61,0.0021,0.0021,0.0,1
8,0.0,0.2916666666666667,0.0,3.62,0.0019,0.0019,0.0,1
8,0.0,0.2916666666666667,0.0,3.63,0.0017,0.0017,0.0,1
8,0.0,0.2916666666666667,0.0,3.64,0.0015,0.0015,0.0,1
8,0.0,0.2916666666666667,0.0,3.65,0.0013,0.0013,0.0,1
8,0.0,0.2916666666666667,0.0,3.66,0.0011,0.0011,0.0,1
8,0.0,0.2916666666666667,0.0,3.67,0.0008,0.0008,0.0,1
8,0.0,0.2916666666666667,0.0,3.68,0.0007,0.0007,0.0,1
8,0.0,0.2916666666666667,0.0,3.69,0.0005,0.0005,0.0,1
8,0.0,0.2916666666666667,0.0,3.7,0.0004,0.0004,0.0,1
8,0.0,0.2916666666666667,0.0,3.71,0.0003,0.0003,0.0,1
8,0.0,0.2916666666666667,0.0,3.72,0.0002,0.0002,0.0,1
8,0.0,0.2916666666666667,0.0,3.73,0.0001,0.0001,0.0,1
8,0.0,0.2916666666666667,0.0,3.74,0.0001,0.0001,0.0,1
8,0.0,0.2916666666666667,0.0,3.75,0.0001,0.0001,0.0,1
8,0.0,0.2916666666666667,0.0,3.76,0.0,0.0,,0
8,0.0,0.2916666666666667,0.0,3.77,0.0,0.0,,0
8,0.0,0.2916666666666667,0.0,3.78,0.0,0.0,,0
8,0.0,0.2916666666666667,0.0,3.79,0.0,0.0,,0
8,0.0,0.2916666666666667,0.0,3.8,0.0,0.0,,0
8,0.0,0.2916666666666667,0.0,3.81,0.0,0.0,,0
8,0.0,0.2916666666666667,0.0,3.82,0.0,0.0,,0
8,0.0,0.2916666666666667,0.0,3.83,0.0,0.0,,0
8,0.0,0.2916666666666667,0.0,3.84,0.0,0.0,,0
8,0.0,0.2916666666666667,0.0,3.85,0.0001,0.0001,0.0,1
8,0.0,0.2916666666666667,0.0,3.86,0.0001,0.0001,0.0,1
8,0.0,0.2916666666666667,0.0,3.87,0.0001,0.0001,0.0,1
8,0.0,0.2916666666666667,0.0,3.88,0.0001,0.0001,0.0,1
8,0.0,0.2916666666666667,0.0,3.89,0.0001,0.0001,0.0,1
8,0.0,0.2916666666666667,0.0,3.9,0.0001,0.0001,0.0,1
8,0.0,0.2916666666666667,0.0,3.91,0.0001,0.0001,0.0,1
8,0.0,0.2916666666666667,0.0,3.92,0.0001,0.0001,0.0,1
8,0.0,0.2916666666666667,0.0,3.93,0.0001,0.0001,0.0,1
8,0.0,0.2916666666666667,0.0,3.94,0.0001,0.0001,0.0,1
8,0.0,0.2916666666666667,0.0,3.95,0.0001,0.0001,0.0,1
8,0.0,0.2916666666666667,0.0,3.96,0.0,0.0,,0
8,0.0,0.2916666666666667,0.0,3.97,0.0,0.0,,0
8,0.0,0.2916666666666667,0.0,3.98,0.0,0.0,,0
8,0.0,0.2916666666666667,0.0,3.99,0.0,0.0,,0
8,0.0,0.2916666666666667,0.0,4.0,0.0,0.0,,0
9,0.0,0.3333333333333333,0.0,0.5,0.0,0.0,,0
9,0.0,0.3333333333333333,0.0,0.51,0.0,0.0,,0
9,0.0,0.3333333333333333,0.0,0.52,0.0,0.0,,0
9,0.0,0.3333333333333333,0.0,0.53,0.0,0.0,,0
9,0.0,0.3333333333333333,0.0,0.54,0.0,0.0,,0
9,0.0,0.3333333333333333,0.0,0.55,0.0,0.0,,0
9,0.0,0.3333333333333333,0.0,0.56,0.0,0.0,,0
9,0.0,0.3333333333333333,0.0,0.57,0.0,0.0,,0
9,0.0,0.3333333333333333,0.0,0.58,0.0,0.0,,0
9,0.0,0.3333333333333333,0.0,0.59,0.0,0.0,,0
9,0.0,0.3333333333333333,0.0,0.6,0.0,0.0,,0
9,0.0,0.3333333333333333,0.0,0.61,0.0,0.0,,0
9,0.0,0.3333333333333333,0.0,0.62,0.0,0.0,,0
9,0.0,0.3333333333333333,0.0,0.63,0.0,0.0,,0
9,0.0,0.3333333333333333,0.0,0.64,0.0,0.0,,0
9,0.0,0.3333333333333333,0.0,0.65,0.0,0.0,,0
9,0.0,0.3333333333333333,0.0,0.66,0.0,0.0,,0
9,0.0,0.3333333333333333,0.0,0.67,0.0,0.0,,0
9,0.0,0.3333333333333333,0.0,0.68,0.0,0.0,,0
9,0.0,0.3333333333333333,0.0,0.69,0.0,0.0,,0
9,0.0,0.3333333333333333,0.0,0.7,0.0,0.0,,0
9,0.0,0.3333333333333333,0.0,0.71,0.0,0.0,,0
9,0.0,0.3333333333333333,0.0,0.72,0.0,0.0,,0
9,0.0,0.3333333333333333,0.0,0.73,0.0,0.0,,0
9,0.0,0.3333333333333333,0.0,0.74,0.0,0.0,,0
9,0.0,0.3333333333333333,0.0,0.75,0.0,0.0,,0
9,0.0,0.3333333333333333,0.0,0.76,0.0,0.0,,0
9,0.0,0.3333333333333333,0.0,0.77,0.0,0.0,,0
9,0.0,0.3333333333333333,0.0,0.78,0.0,0.0,,0
9,0.0,0.3333333333333333,0.0,0.79,0.0,0.0,,0
9,0.0,0.3333333333333333,0.0,0.8,0.0,0.0,,0
9,0.0,0.3333333333333333,0.0,0.81,0.0,0.0,,0
9,0.0,0.3333333333333333,0.0,0.82,0.0,0.0,,0
9,0.0,0.3333333333333333,0.0,0.83,0.0,0.0,,0
9,0.0,0.3333333333333333,0.0,0.84,0.0,0.0,,0
9,0.0,0.3333333333333333,0.0,0.85,0.0,0.0,,0
9,0.0,0.3333333333333333,0.0,0.86,0.0,0.0,,0
9,0.0,0.3333333333333333,0.0,0.87,0.0,0.0,,0
9,0.0,0.3333333333333333,0.0,0.88,0.0,0.0,,0
9,0.0,0.3333333333333333,0.0,0.89,0.0,0.0,,0
9,0.0,0.3333333333333333,0.0,0.9,0.0,0.0,,0
9,0.0,0.3333333333333333,0.0,0.91,0.0,0.0,,0
9,0.0,0.3333333333333333,0.0,0.92,0.0,0.0,,0
9,0.0,0.3333333333333333,0.0,0.93,0.0,0.0,,0
9,0.0,0.3333333333333333,0.0,0.94,0.0,0.0,,0
9,0.0,0.3333333333333333,0.0,0.95,0.0,0.0,,0
9,0.0,0.3333333333333333,0.0,0.96,0.0,0.0,,0
9,0.0,0.3333333333333333,0.0,0.97,0.0,0.0,,0
9,0.0,0.3333333333333333,0.0,0.98,0.0,0.0,,0
9,0.0,0.3333333333333333,0.0,0.99,0.0,0.0,,0
9,0.0,0.3333333333333333,0.0,1.0,0.0,0.0,,0
9,0.0,0.3333333333333333,0.0,1.01,0.0,0.0,,0
9,0.0,0.3333333333333333,0.0,1.02,0.0,0.0,,0
9,0.0,0.3333333333333333,0.0,1.03,0.0,0.0,,0
9,0.0,0.3333333333333333,0.0,1.04,0.0,0.0,,0
9,0.0,0.3333333333333333,0.0,1.05,0.0,0.0,,0
9,0.0,0.3333333333333333,0.0,1.06,0.0,0.0,,0
9,0.0,0.3333333333333333,0.0,1.07,0.0,0.0,,0
9,0.0,0.3333333333333333,0.0,1.08,0.0,0.0,,0
9,0.0,0.3333333333333333,0.0,1.09,0.0,0.0,,0
9,0.0,0.3333333333333333,0.0,1.1,0.0,0.0,,0
9,0.0,0.3333333333333333,0.0,1.11,0.0,0.0,,0
9,0.0,0.3333333333333333,0.0,1.12,0.0,0.0,,0
9,0.0,0.3333333333333333,0.0,1.13,0.0,0.0,,0
9,0.0,0.3333333333333333,0.0,1.14,0.0,0.0,,0
9,0.0,0.3333333333333333,0.0,1.15,0.0,0.0,,0
9,0.0,0.3333333333333333,0.0,1.16,0.0,0.0,,0
9,0.0,0.3333333333333333,0.0,1.17,0.0,0.0,,0
9,0.0,0.3333333333333333,0.0,1.18,0.0,0.0,,0
9,0.0,0.3333333333333333,0.0,1.19,0.0,0.0,,0
9,0.0,0.3333333333333333,0.0,1.2,0.0,0.0,,0
9,0.0,0.3333333333333333,0.0,1.21,0.0,0.0,,0
9,0.0,0.3333333333333333,0.0,1.22,0.0,0.0,,0
9,0.0,0.3333333333333333,0.0,1.23,0.0,0.0,,0
9,0.0,0.3333333333333333,0.0,1.24,0.0,0.0,,0
9,0.0,0.3333333333333333,0.0,1.25,0.0,0.0,,0
9,0.0,0.3333333333333333,0.0,1.26,0.0,0.0,,0
9,0.0,0.3333333333333333,0.0,1.27,0.0,0.0,,0
9,0.0,0.3333333333333333,0.0,1.28,0.0,0.0,,0
9,0.0,0.3333333333333333,0.0,1.29,0.0,0.0,,0
9,0.0,0.3333333333333333,0.0,1.3,0.0,0.0,,0
9,0.0,0.3333333333333333,0.0,1.31,0.0,0.0,,0
9,0.0,0.3333333333333333,0.0,1.32,0.0,0.0,,0
9,0.0,0.3333333333333333,0.0,1.33,0.0,0.0,,0
9,0.0,0.3333333333333333,0.0,1.34,0.0,0.0,,0
9,0.0,0.3333333333333333,0.0,1.35,0.0,0.0,,0
9,0.0,0.3333333333333333,0.0,1.36,0.0,0.0,,0
9,0.0,0.3333333333333333,0.0,1.37,0.0,0.0,,0
9,0.0,0.3333333333333333,0.0,1.38,0.0,0.0,,0
9,0.0,0.3333333333333333,0.0,1.39,0.0,0.0,,0
9,0.0,0.3333333333333333,0.0,1.4,0.0,0.0,,0
9,0.0,0.3333333333333333,0.0,1.41,0.0,0.0,,0
9,0.0,0.3333333333333333,0.0,1.42,0.0,0.0,,0
9,0.0,0.3333333333333333,0.0,1.43,0.0,0.0,,0
9,0.0,0.3333333333333333,0.0,1.44,0.0,0.0,,0
9,0.0,0.3333333333333333,0.0,1.45,0.0,0.0,,0
9,0.0,0.3333333333333333,0.0,1.46,0.0,0.0,,0
9,0.0,0.3333333333333333,0.0,1.47,0.0,0.0,,0
9,0.0,0.3333333333333333,0.0,1.48,0.0,0.0,,0
9,0.0,0.3333333333333333,0.0,1.49,0.0,0.0,,0
9,0.0,0.3333333333333333,0.0,1.5,0.0,0.0,,0
9,0.0,0.3333333333333333,0.0,1.51,0.0,0.0,,0
9,0.0,0.3333333333333333,0.0,1.52,0.0,0.0,,0
9,0.0,0.3333333333333333,0.0,1.53,0.0,0.0,,0
9,0.0,0.3333333333333333,0.0,1.54,0.0,0.0,,0
9,0.0,0.3333333333333333,0.0,1.55,0.0,0.0,,0
9,0.0,0.3333333333333333,0.0,1.56,0.0,0.0,,0
9,0.0,0.3333333333333333,0.0,1.57,0.0,0.0,,0
9,0.0,0.3333333333333333,0.0,1.58,0.0,0.0,,0
9,0.0,0.3333333333333333,0.0,1.59,0.0,0.0,,0
9,0.0,0.3333333333333333,0.0,1.6,0.0,0.0,,0
9,0.0,0.3333333333333333,0.0,1.61,0.0,0.0,,0
9,0.0,0.3333333333333333,0.0,1.62,0.0,0.0,,0
9,0.0,0.3333333333333333,0.0,1.63,0.0,0.0,,0
9,0.0,0.3333333333333333,0.0,1.64,0.0,0.0,,0
9,0.0,0.3333333333333333,0.0,1.65,0.0,0.0,,0
9,0.0,0.3333333333333333,0.0,1.66,0.0,0.0,,0
9,0.0,0.3333333333333333,0.0,1.67,0.0,0.0,,0
9,0.0,0.3333333333333333,0.0,1.68,0.0,0.0,,0
9,0.0,0.3333333333333333,0.0,1.69,0.0,0.0,,0
9,0.0,0.3333333333333333,0.0,1.7,0.0,0.0,,0
9,0.0,0.3333333333333333,0.0,1.71,0.0,0.0,,0
9,0.0,0.3333333333333333,0.0,1.72,0.0,0.0,,0
9,0.0,0.3333333333333333,0.0,1.73,0.0,0.0,,0
9,0.0,0.3333333333333333,0.0,1.74,0.0,0.0,,0
9,0.0,0.3333333333333333,0.0,1.75,0.0,0.0,,0
9,0.0,0.3333333333333333,0.0,1.76,0.0,0.0,,0
9,0.0,0.3333333333333333,0.0,1.77,0.0,0.0,,0
9,0.0,0.3333333333333333,0.0,1.78,0.0,0.0,,0
9,0.0,0.3333333333333333,0.0,1.79,0.0,0.0,,0
9,0.0,0.3333333333333333,0.0,1.8,0.0,0.0,,0
9,0.0,0.3333333333333333,0.0,1.81,0.0,0.0,,0
9,0.0,0.3333333333333333,0.0,1.82,0.0,0.0,,0
9,0.0,0.3333333333333333,0.0,1.83,0.0,0.0,,0
9,0.0,0.3333333333333333,0.0,1.84,0.0,0.0,,0
9,0.0,0.3333333333333333,0.0,1.85,0.0,0.0,,0
9,0.0,0.3333333333333333,0.0,1.86,0.0,0.0,,0
9,0.0,0.3333333333333333,0.0,1.87,0.0,0.0,,0
9,0.0,0.3333333333333333,0.0,1.88,0.0,0.0,,0
9,0.0,0.3333333333333333,0.0,1.89,0.0,0.0,,0
9,0.0,0.3333333333333333,0.0,1.9,0.0,0.0,,0
9,0.0,0.3333333333333333,0.0,1.91,0.0,0.0,,0
9,0.0,0.3333333333333333,0.0,1.92,0.0,0.0,,0
9,0.0,0.3333333333333333,0.0,1.93,0.0,0.0,,0
9,0.0,0.3333333333333333,0.0,1.94,0.0,0.0,,0
9,0.0,0.3333333333333333,0.0,1.95,0.0,0.0,,0
9,0.0,0.3333333333333333,0.0,1.96,0.0,0.0,,0
9,0.0,0.3333333333333333,0.0,1.97,0.0,0.0,,0
9,0.0,0.3333333333333333,0.0,1.98,0.0,0.0,,0
9,0.0,0.3333333333333333,0.0,1.99,0.0,0.0,,0
9,0.0,0.3333333333333333,0.0,2.0,0.0,0.0,,0
9,0.0,0.3333333333333333,0.0,2.01,0.0,0.0,,0
9,0.0,0.3333333333333333,0.0,2.02,0.0,0.0,,0
9,0.0,0.3333333333333333,0.0,2.03,0.0,0.0,,0
9,0.0,0.3333333333333333,0.0,2.04,0.0,0.0,,0
9,0.0,0.3333333333333333,0.0,2.05,0.0,0.0,,0
9,0.0,0.3333333333333333,0.0,2.06,0.0,0.0,,0
9,0.0,0.3333333333333333,0.0,2.07,0.0,0.0,,0
9,0.0,0.3333333333333333,0.0,2.08,0.0,0.0,,0
9,0.0,0.3333333333333333,0.0,2.09,0.0,0.0,,0
9,0.0,0.3333333333333333,0.0,2.1,0.0,0.0,,0
9,0.0,0.3333333333333333,0.0,2.11,0.0,0.0,,0
9,0.0,0.3333333333333333,0.0,2.12,0.0,0.0,,0
9,0.0,0.3333333333333333,0.0,2.13,0.0,0.0,,0
9,0.0,0.3333333333333333,0.0,2.14,0.0,0.0,,0
9,0.0,0.3333333333333333,0.0,2.15,0.0,0.0,,0
9,0.0,0.3333333333333333,0.0,2.16,0.0,0.0,,0
9,0.0,0.3333333333333333,0.0,2.17,0.0,0.0,,0
9,0.0,0.3333333333333333,0.0,2.18,0.0,0.0,,0
9,0.0,0.3333333333333333,0.0,2.19,0.0,0.0,,0
9,0.0,0.3333333333333333,0.0,2.2,0.0,0.0,,0
9,0.0,0.3333333333333333,0.0,2.21,0.0,0.0,,0
9,0.0,0.3333333333333333,0.0,2.22,0.0,0.0,,0
9,0.0,0.3333333333333333,0.0,2.23,0.0,0.0,,0
9,0.0,0.3333333333333333,0.0,2.24,0.0,0.0,,0
9,0.0,0.3333333333333333,0.0,2.25,0.0,0.0,,0
9,0.0,0.3333333333333333,0.0,2.26,0.0,0.0,,0
9,0.0,0.3333333333333333,0.0,2.27,0.0,0.0,,0
9,0.0,0.3333333333333333,0.0,2.28,0.0,0.0,,0
9,0.0,0.3333333333333333,0.0,2.29,0.0,0.0,,0
9,0.0,0.3333333333333333,0.0,2.3,0.0,0.0,,0
9,0.0,0.3333333333333333,0.0,2.31,0.0,0.0,,0
9,0.0,0.3333333333333333,0.0,2.32,0.0,0.0,,0
9,0.0,0.3333333333333333,0.0,2.33,0.0,0.0,,0
9,0.0,0.3333333333333333,0.0,2.34,0.0,0.0,,0
9,0.0,0.3333333333333333,0.0,2.35,0.0,0.0,,0
9,0.0,0.3333333333333333,0.0,2.36,0.0,0.0,,0
9,0.0,0.3333333333333333,0.0,2.37,0.0,0.0,,0
9,0.0,0.3333333333333333,0.0,2.38,0.0,0.0,,0
9,0.0,0.3333333333333333,0.0,2.39,0.0,0.0,,0
9,0.0,0.3333333333333333,0.0,2.4,0.0,0.0,,0
9,0.0,0.3333333333333333,0.0,2.41,0.0,0.0,,0
9,0.0,0.3333333333333333,0.0,2.42,0.0,0.0,,0
9,0.0,0.3333333333333333,0.0,2.43,0.0,0.0,,0
9,0.0,0.3333333333333333,0.0,2.44,0.0,0.0,,0
9,0.0,0.3333333333333333,0.0,2.45,0.0,0.0,,0
9,0.0,0.3333333333333333,0.0,2.46,0.0,0.0,,0
9,0.0,0.3333333333333333,0.0,2.47,0.0,0.0,,0
9,0.0,0.3333333333333333,0.0,2.48,0.0,0.0,,0
9,0.0,0.3333333333333333,0.0,2.49,0.0,0.0,,0
9,0.0,0.3333333333333333,0.0,2.5,0.0,0.0,,0
9,0.0,0.3333333333333333,0.0,2.51,0.0,0.0,,0
9,0.0,0.3333333333333333,0.0,2.52,0.0,0.0,,0
9,0.0,0.3333333333333333,0.0,2.53,0.0,0.0,,0
9,0.0,0.3333333333333333,0.0,2.54,0.0,0.0,,0
9,0.0,0.3333333333333333,0.0,2.55,0.0,0.0,,0
9,0.0,0.3333333333333333,0.0,2.56,0.0,0.0,,0
9,0.0,0.3333333333333333,0.0,2.57,0.0,0.0,,0
9,0.0,0.3333333333333333,0.0,2.58,0.0,0.0,,0
9,0.0,0.3333333333333333,0.0,2.59,0.0,0.0,,0
9,0.0,0.3333333333333333,0.0,2.6,0.0,0.0,,0
9,0.0,0.3333333333333333,0.0,2.61,0.0,0.0,,0
9,0.0,0.3333333333333333,0.0,2.62,0.0,0.0,,0
9,0.0,0.3333333333333333,0.0,2.63,0.0,0.0,,0
9,0.0,0.3333333333333333,0.0,2.64,0.0,0.0,,0
9,0.0,0.3333333333333333,0.0,2.65,0.0,0.0,,0
9,0.0,0.3333333333333333,0.0,2.66,0.0,0.0,,0
9,0.0,0.3333333333333333,0.0,2.67,0.0,0.0,,0
9,0.0,0.3333333333333333,0.0,2.68,0.0,0.0,,0
9,0.0,0.3333333333333333,0.0,2.69,0.0,0.0,,0
9,0.0,0.3333333333333333,0.0,2.7,0.0,0.0,,0
9,0.0,0.3333333333333333,0.0,2.71,0.0,0.0,,0
9,0.0,0.3333333333333333,0.0,2.72,0.0,0.0,,0
9,0.0,0.3333333333333333,0.0,2.73,0.0,0.0,,0
9,0.0,0.3333333333333333,0.0,2.74,0.0,0.0,,0
9,0.0,0.3333333333333333,0.0,2.75,0.0,0.0,,0
9,0.0,0.3333333333333333,0.0,2.76,0.0,0.0,,0
9,0.0,0.3333333333333333,0.0,2.77,0.0,0.0,,0
9,0.0,0.3333333333333333,0.0,2.78,0.0,0.0,,0
9,0.0,0.3333333333333333,0.0,2.79,0.0,0.0,,0
9,0.0,0.3333333333333333,0.0,2.8,0.0,0.0,,0
9,0.0,0.3333333333333333,0.0,2.81,0.0,0.0,,0
9,0.0,0.3333333333333333,0.0,2.82,0.0,0.0,,0
9,0.0,0.3333333333333333,0.0,2.83,0.0,0.0,,0
9,0.0,0.3333333333333333,0.0,2.84,0.0,0.0,,0
9,0.0,0.3333333333333333,0.0,2.85,0.0,0.0,,0
9,0.0,0.3333333333333333,0.0,2.86,0.0001,0.0001,0.0,1
9,0.0,0.3333333333333333,0.0,2.87,0.0001,0.0001,0.0,1
9,0.0,0.3333333333333333,0.0,2.88,0.0001,0.0001,0.0,1
9,0.0,0.3333333333333333,0.0,2.89,0.0002,0.0002,0.0,1
9,0.0,0.3333333333333333,0.0,2.9,0.0003,0.0003,0.0,1
9,0.0,0.3333333333333333,0.0,2.91,0.0004,0.0004,0.0,1
9,0.0,0.3333333333333333,0.0,2.92,0.0005,0.0005,0.0,1
9,0.0,0.3333333333333333,0.0,2.93,0.0007,0.0007,0.0,1
9,0.0,0.3333333333333333,0.0,2.94,0.0009,0.0009,0.0,1
9,0.0,0.3333333333333333,0.0,2.95,0.001,0.001,0.0,1
9,0.0,0.3333333333333333,0.0,2.96,0.0012,0.0012,0.0,1
9,0.0,0.3333333333333333,0.0,2.97,0.0014,0.0014,0.0,1
9,0.0,0.3333333333333333,0.0,2.98,0.0016,0.0016,0.0,1
9,0.0,0.3333333333333333,0.0,2.99,0.0018,0.0018,0.0,1
9,0.0,0.3333333333333333,0.0,3.0,0.002,0.002,0.0,1
9,0.0,0.3333333333333333,0.0,3.01,0.0021,0.0021,0.0,1
9,0.0,0.3333333333333333,0.0,3.02,0.0023,0.0023,0.0,1
9,0.0,0.3333333333333333,0.0,3.03,0.0025,0.0025,0.0,1
9,0.0,0.3333333333333333,0.0,3.04,0.0027,0.0027,0.0,1
9,0.0,0.3333333333333333,0.0,3.05,0.0029,0.0029,0.0,1
9,0.0,0.3333333333333333,0.0,3.06,0.003,0.003,0.0,1
9,0.0,0.3333333333333333,0.0,3.07,0.0032,0.0032,0.0,1
9,0.0,0.3333333333333333,0.0,3.08,0.0033,0.0033,0.0,1
9,0.0,0.3333333333333333,0.0,3.09,0.0033,0.0033,0.0,1
9,0.0,0.3333333333333333,0.0,3.1,0.0034,0.0034,0.0,1
9,0.0,0.3333333333333333,0.0,3.11,0.0035,0.0035,0.0,1
9,0.0,0.3333333333333333,0.0,3.12,0.0037,0.0037,0.0,1
9,0.0,0.3333333333333333,0.0,3.13,0.0039,0.0039,0.0,1
9,0.0,0.3333333333333333,0.0,3.14,0.0042,0.0042,0.0,1
9,0.0,0.3333333333333333,0.0,3.15,0.0046,0.0046,0.0,1
9,0.0,0.3333333333333333,0.0,3.16,0.0049,0.0049,0.0,1
9,0.0,0.3333333333333333,0.0,3.17,0.0053,0.0053,0.0,1
9,0.0,0.3333333333333333,0.0,3.18,0.0055,0.0055,0.0,1
9,0.0,0.3333333333333333,0.0,3.19,0.0057,0.0057,0.0,1
9,0.0,0.3333333333333333,0.0,3.2,0.0057,0.0057,0.0,1
9,0.0,0.3333333333333333,0.0,3.21,0.0055,0.0055,0.0,1
9,0.0,0.3333333333333333,0.0,3.22,0.0053,0.0053,0.0,1
9,0.0,0.3333333333333333,0.0,3.23,0.0049,0.0049,0.0,1
9,0.0,0.3333333333333333,0.0,3.24,0.0044,0.0044,0.0,1
9,0.0,0.3333333333333333,0.0,3.25,0.004,0.004,0.0,1
9,0.0,0.3333333333333333,0.0,3.26,0.0035,0.0035,0.0,1
9,0.0,0.3333333333333333,0.0,3.27,0.0031,0.0031,0.0,1
9,0.0,0.3333333333333333,0.0,3.28,0.0027,0.0027,0.0,1
9,0.0,0.3333333333333333,0.0,3.29,0.0024,0.0024,0.0,1
9,0.0,0.3333333333333333,0.0,3.3,0.0022,0.0022,0.0,1
9,0.0,0.3333333333333333,0.0,3.31,0.0021,0.0021,0.0,1
9,0.0,0.3333333333333333,0.0,3.32,0.0021,0.0021,0.0,1
9,0.0,0.3333333333333333,0.0,3.33,0.0021,0.0021,0.0,1
9,0.0,0.3333333333333333,0.0,3.34,0.0022,0.0022,0.0,1
9,0.0,0.3333333333333333,0.0,3.35,0.0022,0.0022,0.0,1
9,0.0,0.3333333333333333,0.0,3.36,0.0023,0.0023,0.0,1
9,0.0,0.3333333333333333,0.0,3.37,0.0024,0.0024,0.0,1
9,0.0,0.3333333333333333,0.0,3.38,0.0024,0.0024,0.0,1
9,0.0,0.3333333333333333,0.0,3.39,0.0023,0.0023,0.0,1
9,0.0,0.3333333333333333,0.0,3.4,0.0022,0.0022,0.0,1
9,0.0,0.3333333333333333,0.0,3.41,0.0021,0.0021,0.0,1
9,0.0,0.3333333333333333,0.0,3.42,0.0018,0.0018,0.0,1
9,0.0,0.3333333333333333,0.0,3.43,0.0016,0.0016,0.0,1
9,0.0,0.3333333333333333,0.0,3.44,0.0013,0.0013,0.0,1
9,0.0,0.3333333333333333,0.0,3.45,0.001,0.001,0.0,1
9,0.0,0.3333333333333333,0.0,3.46,0.0008,0.0008,0.0,1
9,0.0,0.3333333333333333,0.0,3.47,0.0006,0.0006,0.0,1
9,0.0,0.3333333333333333,0.0,3.48,0.0004,0.0004,0.0,1
9,0.0,0.3333333333333333,0.0,3.49,0.0003,0.0003,0.0,1
9,0.0,0.3333333333333333,0.0,3.5,0.0002,0.0002,0.0,1
9,0.0,0.3333333333333333,0.0,3.51,0.0001,0.0001,0.0,1
9,0.0,0.3333333333333333,0.0,3.52,0.0001,0.0001,0.0,1
9,0.0,0.3333333333333333,0.0,3.53,0.0,0.0,,0
9,0.0,0.3333333333333333,0.0,3.54,0.0,0.0,,0
9,0.0,0.3333333333333333,0.0,3.55,0.0,0.0,,0
9,0.0,0.3333333333333333,0.0,3.56,0.0,0.0,,0
9,0.0,0.3333333333333333,0.0,3.57,0.0,0.0,,0
9,0.0,0.3333333333333333,0.0,3.58,0.0,0.0,,0
9,0.0,0.3333333333333333,0.0,3.59,0.0,0.0,,0
9,0.0,0.3333333333333333,0.0,3.6,0.0,0.0,,0
9,0.0,0.3333333333333333,0.0,3.61,0.0,0.0,,0
9,0.0,0.3333333333333333,0.0,3.62,0.0,0.0,,0
9,0.0,0.3333333333333333,0.0,3.63,0.0,0.0,,0
9,0.0,0.3333333333333333,0.0,3.64,0.0,0.0,,0
9,0.0,0.3333333333333333,0.0,3.65,0.0,0.0,,0
9,0.0,0.3333333333333333,0.0,3.66,0.0,0.0,,0
9,0.0,0.3333333333333333,0.0,3.67,0.0,0.0,,0
9,0.0,0.3333333333333333,0.0,3.68,0.0,0.0,,0
9,0.0,0.3333333333333333,0.0,3.69,0.0,0.0,,0
9,0.0,0.3333333333333333,0.0,3.7,0.0,0.0,,0
9,0.0,0.3333333333333333,0.0,3.71,0.0,0.0,,0
9,0.0,0.3333333333333333,0.0,3.72,0.0,0.0,,0
9,0.0,0.3333333333333333,0.0,3.73,0.0,0.0,,0
9,0.0,0.3333333333333333,0.0,3.74,0.0,0.0,,0
9,0.0,0.3333333333333333,0.0,3.75,0.0,0.0,,0
9,0.0,0.3333333333333333,0.0,3.76,0.0,0.0,,0
9,0.0,0.3333333333333333,0.0,3.77,0.0,0.0,,0
9,0.0,0.3333333333333333,0.0,3.78,0.0,0.0,,0
9,0.0,0.3333333333333333,0.0,3.79,0.0,0.0,,0
9,0.0,0.3333333333333333,0.0,3.8,0.0,0.0,,0
9,0.0,0.3333333333333333,0.0,3.81,0.0,0.0,,0
9,0.0,0.3333333333333333,0.0,3.82,0.0,0.0,,0
9,0.0,0.3333333333333333,0.0,3.83,0.0,0.0,,0
9,0.0,0.3333333333333333,0.0,3.84,0.0,0.0,,0
9,0.0,0.3333333333333333,0.0,3.85,0.0,0.0,,0
9,0.0,0.3333333333333333,0.0,3.86,0.0,0.0,,0
9,0.0,0.3333333333333333,0.0,3.87,0.0,0.0,,0
9,0.0,0.3333333333333333,0.0,3.88,0.0,0.0,,0
9,0.0,0.3333333333333333,0.0,3.89,0.0,0.0,,0
9,0.0,0.3333333333333333,0.0,3.9,0.0001,0.0001,0.0,1
9,0.0,0.3333333333333333,0.0,3.91,0.0001,0.0001,0.0,1
9,0.0,0.3333333333333333,0.0,3.92,0.0001,0.0001,0.0,1
9,0.0,0.3333333333333333,0.0,3.93,0.0001,0.0001,0.0,1
9,0.0,0.3333333333333333,0.0,3.94,0.0001,0.0001,0.0,1
9,0.0,0.3333333333333333,0.0,3.95,0.0001,0.0001,0.0,1
9,0.0,0.3333333333333333,0.0,3.96,0.0001,0.0001,0.0,1
9,0.0,0.3333333333333333,0.0,3.97,0.0001,0.0001,0.0,1
9,0.0,0.3333333333333333,0.0,3.98,0.0001,0.0001,0.0,1
9,0.0,0.3333333333333333,0.0,3.99,0.0001,0.0001,0.0,1
9,0.0,0.3333333333333333,0.0,4.0,0.0001,0.0001,0.0,1
10,0.0,0.375,0.0,0.5,0.0,0.0,,0
10,0.0,0.375,0.0,0.51,0.0,0.0,,0
10,0.0,0.375,0.0,0.52,0.0,0.0,,0
10,0.0,0.375,0.0,0.53,0.0,0.0,,0
10,0.0,0.375,0.0,0.54,0.0,0.0,,0
10,0.0,0.375,0.0,0.55,0.0,0.0,,0
10,0.0,0.375,0.0,0.56,0.0,0.0,,0
10,0.0,0.375,0.0,0.57,0.0,0.0,,0
10,0.0,0.375,0.0,0.58,0.0,0.0,,0
10,0.0,0.375,0.0,0.59,0.0,0.0,,0
10,0.0,0.375,0.0,0.6,0.0,0.0,,0
10,0.0,0.375,0.0,0.61,0.0,0.0,,0
10,0.0,0.375,0.0,0.62,0.0,0.0,,0
10,0.0,0.375,0.0,0.63,0.0,0.0,,0
10,0.0,0.375,0.0,0.64,0.0,0.0,,0
10,0.0,0.375,0.0,0.65,0.0,0.0,,0
10,0.0,0.375,0.0,0.66,0.0,0.0,,0
10,0.0,0.375,0.0,0.67,0.0,0.0,,0
10,0.0,0.375,0.0,0.68,0.0,0.0,,0
10,0.0,0.375,0.0,0.69,0.0,0.0,,0
10,0.0,0.375,0.0,0.7,0.0,0.0,,0
10,0.0,0.375,0.0,0.71,0.0,0.0,,0
10,0.0,0.375,0.0,0.72,0.0,0.0,,0
10,0.0,0.375,0.0,0.73,0.0,0.0,,0
10,0.0,0.375,0.0,0.74,0.0,0.0,,0
10,0.0,0.375,0.0,0.75,0.0,0.0,,0
10,0.0,0.375,0.0,0.76,0.0,0.0,,0
10,0.0,0.375,0.0,0.77,0.0,0.0,,0
10,0.0,0.375,0.0,0.78,0.0,0.0,,0
10,0.0,0.375,0.0,0.79,0.0,0.0,,0
10,0.0,0.375,0.0,0.8,0.0,0.0,,0
10,0.0,0.375,0.0,0.81,0.0,0.0,,0
10,0.0,0.375,0.0,0.82,0.0,0.0,,0
10,0.0,0.375,0.0,0.83,0.0,0.0,,0
10,0.0,0.375,0.0,0.84,0.0,0.0,,0
10,0.0,0.375,0.0,0.85,0.0,0.0,,0
10,0.0,0.375,0.0,0.86,0.0,0.0,,0
10,0.0,0.375,0.0,0.87,0.0,0.0,,0
10,0.0,0.375,0.0,0.88,0.0,0.0,,0
10,0.0,0.375,0.0,0.89,0.0,0.0,,0
10,0.0,0.375,0.0,0.9,0.0,0.0,,0
10,0.0,0.375,0.0,0.91,0.0,0.0,,0
10,0.0,0.375,0.0,0.92,0.0,0.0,,0
10,0.0,0.375,0.0,0.93,0.0,0.0,,0
10,0.0,0.375,0.0,0.94,0.0,0.0,,0
10,0.0,0.375,0.0,0.95,0.0,0.0,,0
10,0.0,0.375,0.0,0.96,0.0,0.0,,0
10,0.0,0.375,0.0,0.97,0.0,0.0,,0
10,0.0,0.375,0.0,0.98,0.0,0.0,,0
10,0.0,0.375,0.0,0.99,0.0,0.0,,0
10,0.0,0.375,0.0,1.0,0.0,0.0,,0
10,0.0,0.375,0.0,1.01,0.0,0.0,,0
10,0.0,0.375,0.0,1.02,0.0,0.0,,0
10,0.0,0.375,0.0,1.03,0.0,0.0,,0
10,0.0,0.375,0.0,1.04,0.0,0.0,,0
10,0.0,0.375,0.0,1.05,0.0,0.0,,0
10,0.0,0.375,0.0,1.06,0.0,0.0,,0
10,0.0,0.375,0.0,1.07,0.0,0.0,,0
10,0.0,0.375,0.0,1.08,0.0,0.0,,0
10,0.0,0.375,0.0,1.09,0.0,0.0,,0
10,0.0,0.375,0.0,1.1,0.0,0.0,,0
10,0.0,0.375,0.0,1.11,0.0,0.0,,0
10,0.0,0.375,0.0,1.12,0.0,0.0,,0
10,0.0,0.375,0.0,1.13,0.0,0.0,,0
10,0.0,0.375,0.0,1.14,0.0,0.0,,0
10,0.0,0.375,0.0,1.15,0.0,0.0,,0
10,0.0,0.375,0.0,1.16,0.0,0.0,,0
10,0.0,0.375,0.0,1.17,0.0,0.0,,0
10,0.0,0.375,0.0,1.18,0.0,0.0,,0
10,0.0,0.375,0.0,1.19,0.0,0.0,,0
10,0.0,0.375,0.0,1.2,0.0,0.0,,0
10,0.0,0.375,0.0,1.21,0.0,0.0,,0
10,0.0,0.375,0.0,1.22,0.0,0.0,,0
10,0.0,0.375,0.0,1.23,0.0,0.0,,0
10,0.0,0.375,0.0,1.24,0.0,0.0,,0
10,0.0,0.375,0.0,1.25,0.0,0.0,,0
10,0.0,0.375,0.0,1.26,0.0,0.0,,0
10,0.0,0.375,0.0,1.27,0.0,0.0,,0
10,0.0,0.375,0.0,1.28,0.0,0.0,,0
10,0.0,0.375,0.0,1.29,0.0,0.0,,0
10,0.0,0.375,0.0,1.3,0.0,0.0,,0
10,0.0,0.375,0.0,1.31,0.0,0.0,,0
10,0.0,0.375,0.0,1.32,0.0,0.0,,0
10,0.0,0.375,0.0,1.33,0.0,0.0,,0
10,0.0,0.375,0.0,1.34,0.0,0.0,,0
10,0.0,0.375,0.0,1.35,0.0,0.0,,0
10,0.0,0.375,0.0,1.36,0.0,0.0,,0
10,0.0,0.375,0.0,1.37,0.0,0.0,,0
10,0.0,0.375,0.0,1.38,0.0,0.0,,0
10,0.0,0.375,0.0,1.39,0.0,0.0,,0
10,0.0,0.375,0.0,1.4,0.0,0.0,,0
10,0.0,0.375,0.0,1.41,0.0,0.0,,0
10,0.0,0.375,0.0,1.42,0.0,0.0,,0
10,0.0,0.375,0.0,1.43,0.0,0.0,,0
10,0.0,0.375,0.0,1.44,0.0,0.0,,0
10,0.0,0.375,0.0,1.45,0.0,0.0,,0
10,0.0,0.375,0.0,1.46,0.0,0.0,,0
10,0.0,0.375,0.0,1.47,0.0,0.0,,0
10,0.0,0.375,0.0,1.48,0.0,0.0,,0
10,0.0,0.375,0.0,1.49,0.0,0.0,,0
10,0.0,0.375,0.0,1.5,0.0,0.0,,0
10,0.0,0.375,0.0,1.51,0.0,0.0,,0
10,0.0,0.375,0.0,1.52,0.0,0.0,,0
10,0.0,0.375,0.0,1.53,0.0,0.0,,0
10,0.0,0.375,0.0,1.54,0.0,0.0,,0
10,0.0,0.375,0.0,1.55,0.0,0.0,,0
10,0.0,0.375,0.0,1.56,0.0,0.0,,0
10,0.0,0.375,0.0,1.57,0.0,0.0,,0
10,0.0,0.375,0.0,1.58,0.0,0.0,,0
10,0.0,0.375,0.0,1.59,0.0,0.0,,0
10,0.0,0.375,0.0,1.6,0.0,0.0,,0
10,0.0,0.375,0.0,1.61,0.0,0.0,,0
10,0.0,0.375,0.0,1.62,0.0,0.0,,0
10,0.0,0.375,0.0,1.63,0.0,0.0,,0
10,0.0,0.375,0.0,1.64,0.0,0.0,,0
10,0.0,0.375,0.0,1.65,0.0,0.0,,0
10,0.0,0.375,0.0,1.66,0.0,0.0,,0
10,0.0,0.375,0.0,1.67,0.0,0.0,,0
10,0.0,0.375,0.0,1.68,0.0,0.0,,0
10,0.0,0.375,0.0,1.69,0.0,0.0,,0
10,0.0,0.375,0.0,1.7,0.0,0.0,,0
10,0.0,0.375,0.0,1.71,0.0,0.0,,0
10,0.0,0.375,0.0,1.72,0.0,0.0,,0
10,0.0,0.375,0.0,1.73,0.0,0.0,,0
10,0.0,0.375,0.0,1.74,0.0,0.0,,0
10,0.0,0.375,0.0,1.75,0.0,0.0,,0
10,0.0,0.375,0.0,1.76,0.0,0.0,,0
10,0.0,0.375,0.0,1.77,0.0,0.0,,0
10,0.0,0.375,0.0,1.78,0.0,0.0,,0
10,0.0,0.375,0.0,1.79,0.0,0.0,,0
10,0.0,0.375,0.0,1.8,0.0,0.0,,0
10,0.0,0.375,0.0,1.81,0.0,0.0,,0
10,0.0,0.375,0.0,1.82,0.0,0.0,,0
10,0.0,0.375,0.0,1.83,0.0,0.0,,0
10,0.0,0.375,0.0,1.84,0.0,0.0,,0
10,0.0,0.375,0.0,1.85,0.0,0.0,,0
10,0.0,0.375,0.0,1.86,0.0,0.0,,0
10,0.0,0.375,0.0,1.87,0.0,0.0,,0
10,0.0,0.375,0.0,1.88,0.0,0.0,,0
10,0.0,0.375,0.0,1.89,0.0,0.0,,0
10,0.0,0.375,0.0,1.9,0.0,0.0,,0
10,0.0,0.375,0.0,1.91,0.0,0.0,,0
10,0.0,0.375,0.0,1.92,0.0,0.0,,0
10,0.0,0.375,0.0,1.93,0.0,0.0,,0
10,0.0,0.375,0.0,1.94,0.0,0.0,,0
10,0.0,0.375,0.0,1.95,0.0,0.0,,0
10,0.0,0.375,0.0,1.96,0.0,0.0,,0
10,0.0,0.375,0.0,1.97,0.0,0.0,,0
10,0.0,0.375,0.0,1.98,0.0,0.0,,0
10,0.0,0.375,0.0,1.99,0.0,0.0,,0
10,0.0,0.375,0.0,2.0,0.0,0.0,,0
10,0.0,0.375,0.0,2.01,0.0,0.0,,0
10,0.0,0.375,0.0,2.02,0.0,0.0,,0
10,0.0,0.375,0.0,2.03,0.0,0.0,,0
10,0.0,0.375,0.0,2.04,0.0,0.0,,0
10,0.0,0.375,0.0,2.05,0.0,0.0,,0
10,0.0,0.375,0.0,2.06,0.0,0.0,,0
10,0.0,0.375,0.0,2.07,0.0,0.0,,0
10,0.0,0.375,0.0,2.08,0.0,0.0,,0
10,0.0,0.375,0.0,2.09,0.0,0.0,,0
10,0.0,0.375,0.0,2.1,0.0,0.0,,0
10,0.0,0.375,0.0,2.11,0.0,0.0,,0
10,0.0,0.375,0.0,2.12,0.0,0.0,,0
10,0.0,0.375,0.0,2.13,0.0,0.0,,0
10,0.0,0.375,0.0,2.14,0.0,0.0,,0
10,0.0,0.375,0.0,2.15,0.0,0.0,,0
10,0.0,0.375,0.0,2.16,0.0,0.0,,0
10,0.0,0.375,0.0,2.17,0.0,0.0,,0
10,0.0,0.375,0.0,2.18,0.0,0.0,,0
10,0.0,0.375,0.0,2.19,0.0,0.0,,0
10,0.0,0.375,0.0,2.2,0.0,0.0,,0
10,0.0,0.375,0.0,2.21,0.0,0.0,,0
10,0.0,0.375,0.0,2.22,0.0,0.0,,0
10,0.0,0.375,0.0,2.23,0.0,0.0,,0
10,0.0,0.375,0.0,2.24,0.0,0.0,,0
10,0.0,0.375,0.0,2.25,0.0,0.0,,0
10,0.0,0.375,0.0,2.26,0.0,0.0,,0
10,0.0,0.375,0.0,2.27,0.0,0.0,,0
10,0.0,0.375,0.0,2.28,0.0,0.0,,0
10,0.0,0.375,0.0,2.29,0.0,0.0,,0
10,0.0,0.375,0.0,2.3,0.0,0.0,,0
10,0.0,0.375,0.0,2.31,0.0,0.0,,0
10,0.0,0.375,0.0,2.32,0.0,0.0,,0
10,0.0,0.375,0.0,2.33,0.0,0.0,,0
10,0.0,0.375,0.0,2.34,0.0,0.0,,0
10,0.0,0.375,0.0,2.35,0.0,0.0,,0
10,0.0,0.375,0.0,2.36,0.0,0.0,,0
10,0.0,0.375,0.0,2.37,0.0,0.0,,0
10,0.0,0.375,0.0,2.38,0.0,0.0,,0
10,0.0,0.375,0.0,2.39,0.0,0.0,,0
10,0.0,0.375,0.0,2.4,0.0,0.0,,0
10,0.0,0.375,0.0,2.41,0.0,0.0,,0
10,0.0,0.375,0.0,2.42,0.0,0.0,,0
10,0.0,0.375,0.0,2.43,0.0,0.0,,0
10,0.0,0.375,0.0,2.44,0.0,0.0,,0
10,0.0,0.375,0.0,2.45,0.0,0.0,,0
10,0.0,0.375,0.0,2.46,0.0,0.0,,0
10,0.0,0.375,0.0,2.47,0.0,0.0,,0
10,0.0,0.375,0.0,2.48,0.0,0.0,,0
10,0.0,0.375,0.0,2.49,0.0,0.0,,0
10,0.0,0.375,0.0,2.5,0.0,0.0,,0
10,0.0,0.375,0.0,2.51,0.0,0.0,,0
10,0.0,0.375,0.0,2.52,0.0,0.0,,0
10,0.0,0.375,0.0,2.53,0.0,0.0,,0
10,0.0,0.375,0.0,2.54,0.0,0.0,,0
10,0.0,0.375,0.0,2.55,0.0,0.0,,0
10,0.0,0.375,0.0,2.56,0.0,0.0,,0
10,0.0,0.375,0.0,2.57,0.0,0.0,,0
10,0.0,0.375,0.0,2.58,0.0,0.0,,0
10,0.0,0.375,0.0,2.59,0.0,0.0,,0
10,0.0,0.375,0.0,2.6,0.0,0.0,,0
10,0.0,0.375,0.0,2.61,0.0,0.0,,0
10,0.0,0.375,0.0,2.62,0.0,0.0,,0
10,0.0,0.375,0.0,2.63,0.0,0.0,,0
10,0.0,0.375,0.0,2.64,0.0,0.0,,0
10,0.0,0.375,0.0,2.65,0.0,0.0,,0
10,0.0,0.375,0.0,2.66,0.0,0.0,,0
10,0.0,0.375,0.0,2.67,0.0,0.0,,0
10,0.0,0.375,0.0,2.68,0.0,0.0,,0
10,0.0,0.375,0.0,2.69,0.0,0.0,,0
10,0.0,0.375,0.0,2.7,0.0,0.0,,0
10,0.0,0.375,0.0,2.71,0.0,0.0,,0
10,0.0,0.375,0.0,2.72,0.0,0.0,,0
10,0.0,0.375,0.0,2.73,0.0,0.0,,0
10,0.0,0.375,0.0,2.74,0.0,0.0,,0
10,0.0,0.375,0.0,2.75,0.0,0.0,,0
10,0.0,0.375,0.0,2.76,0.0,0.0,,0
10,0.0,0.375,0.0,2.77,0.0,0.0,,0
10,0.0,0.375,0.0,2.78,0.0,0.0,,0
10,0.0,0.375,0.0,2.79,0.0,0.0,,0
10,0.0,0.375,0.0,2.8,0.0,0.0,,0
10,0.0,0.375,0.0,2.81,0.0,0.0,,0
10,0.0,0.375,0.0,2.82,0.0,0.0,,0
10,0.0,0.375,0.0,2.83,0.0,0.0,,0
10,0.0,0.375,0.0,2.84,0.0,0.0,,0
10,0.0,0.375,0.0,2.85,0.0,0.0,,0
10,0.0,0.375,0.0,2.86,0.0,0.0,,0
10,0.0,0.375,0.0,2.87,0.0,0.0,,0
10,0.0,0.375,0.0,2.88,0.0001,0.0001,0.0,1
10,0.0,0.375,0.0,2.89,0.0001,0.0001,0.0,1
10,0.0,0.375,0.0,2.9,0.0001,0.0001,0.0,1
10,0.0,0.375,0.0,2.91,0.0002,0.0002,0.0,1
10,0.0,0.375,0.0,2.92,0.0003,0.0003,0.0,1
10,0.0,0.375,0.0,2.93,0.0005,0.0005,0.0,1
10,0.0,0.375,0.0,2.94,0.0007,0.0007,0.0,1
10,0.0,0.375,0.0,2.95,0.001,0.001,0.0,1
10,0.0,0.375,0.0,2.96,0.0014,0.0014,0.0,1
10,0.0,0.375,0.0,2.97,0.0019,0.0019,0.0,1
10,0.0,0.375,0.0,2.98,0.0025,0.0025,0.0,1
10,0.0,0.375,0.0,2.99,0.0031,0.0031,0.0,1
10,0.0,0.375,0.0,3.0,0.0039,0.0039,0.0,1
10,0.0,0.375,0.0,3.01,0.0046,0.0046,0.0,1
10,0.0,0.375,0.0,3.02,0.0054,0.0054,0.0,1
10,0.0,0.375,0.0,3.03,0.0061,0.0061,0.0,1
10,0.0,0.375,0.0,3.04,0.0067,0.0067,0.0,1
10,0.0,0.375,0.0,3.05,0.0071,0.0071,0.0,1
10,0.0,0.375,0.0,3.06,0.0074,0.0074,0.0,1
10,0.0,0.375,0.0,3.07,0.0075,0.0075,0.0,1
10,0.0,0.375,0.0,3.08,0.0075,0.0075,0.0,1
10,0.0,0.375,0.0,3.09,0.0074,0.0074,0.0,1
10,0.0,0.375,0.0,3.1,0.0072,0.0072,0.0,1
10,0.0,0.375,0.0,3.11,0.0071,0.0071,0.0,1
10,0.0,0.375,0.0,3.12,0.0069,0.0069,0.0,1
10,0.0,0.375,0.0,3.13,0.0068,0.0068,0.0,1
10,0.0,0.375,0.0,3.14,0.0068,0.0068,0.0,1
10,0.0,0.375,0.0,3.15,0.0069,0.0069,0.0,1
10,0.0,0.375,0.0,3.16,0.007,0.007,0.0,1
10,0.0,0.375,0.0,3.17,0.007,0.007,0.0,1
10,0.0,0.375,0.0,3.18,0.0071,0.0071,0.0,1
10,0.0,0.375,0.0,3.19,0.0071,0.0071,0.0,1
10,0.0,0.375,0.0,3.2,0.0069,0.0069,0.0,1
10,0.0,0.375,0.0,3.21,0.0068,0.0068,0.0,1
10,0.0,0.375,0.0,3.22,0.0065,0.0065,0.0,1
10,0.0,0.375,0.0,3.23,0.0061,0.0061,0.0,1
10,0.0,0.375,0.0,3.24,0.0056,0.0056,0.0,1
10,0.0,0.375,0.0,3.25,0.0051,0.0051,0.0,1
10,0.0,0.375,0.0,3.26,0.0046,0.0046,0.0,1
10,0.0,0.375,0.0,3.27,0.004,0.004,0.0,1
10,0.0,0.375,0.0,3.28,0.0035,0.0035,0.0,1
10,0.0,0.375,0.0,3.29,0.0029,0.0029,0.0,1
10,0.0,0.375,0.0,3.3,0.0024,0.0024,0.0,1
10,0.0,0.375,0.0,3.31,0.002,0.002,0.0,1
10,0.0,0.375,0.0,3.32,0.0016,0.0016,0.0,1
10,0.0,0.375,0.0,3.33,0.0012,0.0012,0.0,1
10,0.0,0.375,0.0,3.34,0.001,0.001,0.0,1
10,0.0,0.375,0.0,3.35,0.0007,0.0007,0.0,1
10,0.0,0.375,0.0,3.36,0.0005,0.0005,0.0,1
10,0.0,0.375,0.0,3.37,0.0004,0.0004,0.0,1
10,0.0,0.375,0.0,3.38,0.0003,0.0003,0.0,1
10,0.0,0.375,0.0,3.39,0.0002,0.0002,0.0,1
10,0.0,0.375,0.0,3.4,0.0001,0.0001,0.0,1
10,0.0,0.375,0.0,3.41,0.0001,0.0001,0.0,1
10,0.0,0.375,0.0,3.42,0.0,0.0,,0
10,0.0,0.375,0.0,3.43,0.0,0.0,,0
10,0.0,0.375,0.0,3.44,0.0,0.0,,0
10,0.0,0.375,0.0,3.45,0.0,0.0,,0
10,0.0,0.375,0.0,3.46,0.0,0.0,,0
10,0.0,0.375,0.0,3.47,0.0,0.0,,0
10,0.0,0.375,0.0,3.48,0.0,0.0,,0
10,0.0,0.375,0.0,3.49,0.0,0.0,,0
10,0.0,0.375,0.0,3.5,0.0,0.0,,0
10,0.0,0.375,0.0,3.51,0.0,0.0,,0
10,0.0,0.375,0.0,3.52,0.0,0.0,,0
10,0.0,0.375,0.0,3.53,0.0,0.0,,0
10,0.0,0.375,0.0,3.54,0.0,0.0,,0
10,0.0,0.375,0.0,3.55,0.0,0.0,,0
10,0.0,0.375,0.0,3.56,0.0,0.0,,0
10,0.0,0.375,0.0,3.57,0.0,0.0,,0
10,0.0,0.375,0.0,3.58,0.0,0.0,,0
10,0.0,0.375,0.0,3.59,0.0,0.0,,0
10,0.0,0.375,0.0,3.6,0.0,0.0,,0
10,0.0,0.375,0.0,3.61,0.0,0.0,,0
10,0.0,0.375,0.0,3.62,0.0,0.0,,0
10,0.0,0.375,0.0,3.63,0.0,0.0,,0
10,0.0,0.375,0.0,3.64,0.0,0.0,,0
10,0.0,0.375,0.0,3.65,0.0,0.0,,0
10,0.0,0.375,0.0,3.66,0.0,0.0,,0
10,0.0,0.375,0.0,3.67,0.0,0.0,,0
10,0.0,0.375,0.0,3.68,0.0,0.0,,0
10,0.0,0.375,0.0,3.69,0.0,0.0,,0
10,0.0,0.375,0.0,3.7,0.0,0.0,,0
10,0.0,0.375,0.0,3.71,0.0,0.0,,0
10,0.0,0.375,0.0,3.72,0.0,0.0,,0
10,0.0,0.375,0.0,3.73,0.0,0.0,,0
10,0.0,0.375,0.0,3.74,0.0,0.0,,0
10,0.0,0.375,0.0,3.75,0.0,0.0,,0
10,0.0,0.375,0.0,3.76,0.0,0.0,,0
10,0.0,0.375,0.0,3.77,0.0,0.0,,0
10,0.0,0.375,0.0,3.78,0.0,0.0,,0
10,0.0,0.375,0.0,3.79,0.0,0.0,,0
10,0.0,0.375,0.0,3.8,0.0,0.0,,0
10,0.0,0.375,0.0,3.81,0.0,0.0,,0
10,0.0,0.375,0.0,3.82,0.0,0.0,,0
10,0.0,0.375,0.0,3.83,0.0,0.0,,0
10,0.0,0.375,0.0,3.84,0.0,0.0,,0
10,0.0,0.375,0.0,3.85,0.0,0.0,,0
10,0.0,0.375,0.0,3.86,0.0,0.0,,0
10,0.0,0.375,0.0,3.87,0.0,0.0,,0
10,0.0,0.375,0.0,3.88,0.0,0.0,,0
10,0.0,0.375,0.0,3.89,0.0001,0.0001,0.0,1
10,0.0,0.375,0.0,3.9,0.0001,0.0001,0.0,1
10,0.0,0.375,0.0,3.91,0.0001,0.0001,0.0,1
10,0.0,0.375,0.0,3.92,0.0001,0.0001,0.0,1
10,0.0,0.375,0.0,3.93,0.0001,0.0001,0.0,1
10,0.0,0.375,0.0,3.94,0.0001,0.0001,0.0,1
10,0.0,0.375,0.0,3.95,0.0001,0.0001,0.0,1
10,0.0,0.375,0.0,3.96,0.0001,0.0001,0.0,1
10,0.0,0.375,0.0,3.97,0.0001,0.0001,0.0,1
10,0.0,0.375,0.0,3.98,0.0001,0.0001,0.0,1
10,0.0,0.375,0.0,3.99,0.0,0.0,,0
10,0.0,0.375,0.0,4.0,0.0,0.0,,0
11,0.0,0.4166666666666667,0.0,0.5,0.0,0.0,,0
11,0.0,0.4166666666666667,0.0,0.51,0.0,0.0,,0
11,0.0,0.4166666666666667,0.0,0.52,0.0,0.0,,0
11,0.0,0.4166666666666667,0.0,0.53,0.0,0.0,,0
11,0.0,0.4166666666666667,0.0,0.54,0.0,0.0,,0
11,0.0,0.4166666666666667,0.0,0.55,0.0,0.0,,0
11,0.0,0.4166666666666667,0.0,0.56,0.0,0.0,,0
11,0.0,0.4166666666666667,0.0,0.57,0.0,0.0,,0
11,0.0,0.4166666666666667,0.0,0.58,0.0,0.0,,0
11,0.0,0.4166666666666667,0.0,0.59,0.0,0.0,,0
11,0.0,0.4166666666666667,0.0,0.6,0.0,0.0,,0
11,0.0,0.4166666666666667,0.0,0.61,0.0,0.0,,0
11,0.0,0.4166666666666667,0.0,0.62,0.0,0.0,,0
11,0.0,0.4166666666666667,0.0,0.63,0.0,0.0,,0
11,0.0,0.4166666666666667,0.0,0.64,0.0,0.0,,0
11,0.0,0.4166666666666667,0.0,0.65,0.0,0.0,,0
11,0.0,0.4166666666666667,0.0,0.66,0.0,0.0,,0
11,0.0,0.4166666666666667,0.0,0.67,0.0,0.0,,0
11,0.0,0.4166666666666667,0.0,0.68,0.0,0.0,,0
11,0.0,0.4166666666666667,0.0,0.69,0.0,0.0,,0
11,0.0,0.4166666666666667,0.0,0.7,0.0,0.0,,0
11,0.0,0.4166666666666667,0.0,0.71,0.0,0.0,,0
11,0.0,0.4166666666666667,0.0,0.72,0.0,0.0,,0
11,0.0,0.4166666666666667,0.0,0.73,0.0,0.0,,0
11,0.0,0.4166666666666667,0.0,0.74,0.0,0.0,,0
11,0.0,0.4166666666666667,0.0,0.75,0.0,0.0,,0
11,0.0,0.4166666666666667,0.0,0.76,0.0,0.0,,0
11,0.0,0.4166666666666667,0.0,0.77,0.0,0.0,,0
11,0.0,0.4166666666666667,0.0,0.78,0.0,0.0,,0
11,0.0,0.4166666666666667,0.0,0.79,0.0,0.0,,0
11,0.0,0.4166666666666667,0.0,0.8,0.0,0.0,,0
11,0.0,0.4166666666666667,0.0,0.81,0.0,0.0,,0
11,0.0,0.4166666666666667,0.0,0.82,0.0,0.0,,0
11,0.0,0.4166666666666667,0.0,0.83,0.0,0.0,,0
11,0.0,0.4166666666666667,0.0,0.84,0.0,0.0,,0
11,0.0,0.4166666666666667,0.0,0.85,0.0,0.0,,0
11,0.0,0.4166666666666667,0.0,0.86,0.0,0.0,,0
11,0.0,0.4166666666666667,0.0,0.87,0.0,0.0,,0
11,0.0,0.4166666666666667,0.0,0.88,0.0,0.0,,0
11,0.0,0.4166666666666667,0.0,0.89,0.0,0.0,,0
11,0.0,0.4166666666666667,0.0,0.9,0.0,0.0,,0
11,0.0,0.4166666666666667,0.0,0.91,0.0,0.0,,0
11,0.0,0.4166666666666667,0.0,0.92,0.0,0.0,,0
11,0.0,0.4166666666666667,0.0,0.93,0.0,0.0,,0
11,0.0,0.4166666666666667,0.0,0.94,0.0,0.0,,0
11,0.0,0.4166666666666667,0.0,0.95,0.0,0.0,,0
11,0.0,0.4166666666666667,0.0,0.96,0.0,0.0,,0
11,0.0,0.4166666666666667,0.0,0.97,0.0,0.0,,0
11,0.0,0.4166666666666667,0.0,0.98,0.0,0.0,,0
11,0.0,0.4166666666666667,0.0,0.99,0.0,0.0,,0
11,0.0,0.4166666666666667,0.0,1.0,0.0,0.0,,0
11,0.0,0.4166666666666667,0.0,1.01,0.0,0.0,,0
11,0.0,0.4166666666666667,0.0,1.02,0.0,0.0,,0
11,0.0,0.4166666666666667,0.0,1.03,0.0,0.0,,0
11,0.0,0.4166666666666667,0.0,1.04,0.0,0.0,,0
11,0.0,0.4166666666666667,0.0,1.05,0.0,0.0,,0
11,0.0,0.4166666666666667,0.0,1.06,0.0,0.0,,0
11,0.0,0.4166666666666667,0.0,1.07,0.0,0.0,,0
11,0.0,0.4166666666666667,0.0,1.08,0.0,0.0,,0
11,0.0,0.4166666666666667,0.0,1.09,0.0,0.0,,0
11,0.0,0.4166666666666667,0.0,1.1,0.0,0.0,,0
11,0.0,0.4166666666666667,0.0,1.11,0.0,0.0,,0
11,0.0,0.4166666666666667,0.0,1.12,0.0,0.0,,0
11,0.0,0.4166666666666667,0.0,1.13,0.0,0.0,,0
11,0.0,0.4166666666666667,0.0,1.14,0.0,0.0,,0
11,0.0,0.4166666666666667,0.0,1.15,0.0,0.0,,0
11,0.0,0.4166666666666667,0.0,1.16,0.0,0.0,,0
11,0.0,0.4166666666666667,0.0,1.17,0.0,0.0,,0
11,0.0,0.4166666666666667,0.0,1.18,0.0,0.0,,0
11,0.0,0.4166666666666667,0.0,1.19,0.0,0.0,,0
11,0.0,0.4166666666666667,0.0,1.2,0.0,0.0,,0
11,0.0,0.4166666666666667,0.0,1.21,0.0,0.0,,0
11,0.0,0.4166666666666667,0.0,1.22,0.0,0.0,,0
11,0.0,0.4166666666666667,0.0,1.23,0.0,0.0,,0
11,0.0,0.4166666666666667,0.0,1.24,0.0,0.0,,0
11,0.0,0.4166666666666667,0.0,1.25,0.0,0.0,,0
11,0.0,0.4166666666666667,0.0,1.26,0.0,0.0,,0
11,0.0,0.4166666666666667,0.0,1.27,0.0,0.0,,0
11,0.0,0.4166666666666667,0.0,1.28,0.0,0.0,,0
11,0.0,0.4166666666666667,0.0,1.29,0.0,0.0,,0
11,0.0,0.4166666666666667,0.0,1.3,0.0,0.0,,0
11,0.0,0.4166666666666667,0.0,1.31,0.0,0.0,,0
11,0.0,0.4166666666666667,0.0,1.32,0.0,0.0,,0
11,0.0,0.4166666666666667,0.0,1.33,0.0,0.0,,0
11,0.0,0.4166666666666667,0.0,1.34,0.0,0.0,,0
11,0.0,0.4166666666666667,0.0,1.35,0.0,0.0,,0
11,0.0,0.4166666666666667,0.0,1.36,0.0,0.0,,0
11,0.0,0.4166666666666667,0.0,1.37,0.0,0.0,,0
11,0.0,0.4166666666666667,0.0,1.38,0.0,0.0,,0
11,0.0,0.4166666666666667,0.0,1.39,0.0,0.0,,0
11,0.0,0.4166666666666667,0.0,1.4,0.0,0.0,,0
11,0.0,0.4166666666666667,0.0,1.41,0.0,0.0,,0
11,0.0,0.4166666666666667,0.0,1.42,0.0,0.0,,0
11,0.0,0.4166666666666667,0.0,1.43,0.0,0.0,,0
11,0.0,0.4166666666666667,0.0,1.44,0.0,0.0,,0
11,0.0,0.4166666666666667,0.0,1.45,0.0,0.0,,0
11,0.0,0.4166666666666667,0.0,1.46,0.0,0.0,,0
11,0.0,0.4166666666666667,0.0,1.47,0.0,0.0,,0
11,0.0,0.4166666666666667,0.0,1.48,0.0,0.0,,0
11,0.0,0.4166666666666667,0.0,1.49,0.0,0.0,,0
11,0.0,0.4166666666666667,0.0,1.5,0.0,0.0,,0
11,0.0,0.4166666666666667,0.0,1.51,0.0,0.0,,0
11,0.0,0.4166666666666667,0.0,1.52,0.0,0.0,,0
11,0.0,0.4166666666666667,0.0,1.53,0.0,0.0,,0
11,0.0,0.4166666666666667,0.0,1.54,0.0,0.0,,0
11,0.0,0.4166666666666667,0.0,1.55,0.0,0.0,,0
11,0.0,0.4166666666666667,0.0,1.56,0.0,0.0,,0
11,0.0,0.4166666666666667,0.0,1.57,0.0,0.0,,0
11,0.0,0.4166666666666667,0.0,1.58,0.0,0.0,,0
11,0.0,0.4166666666666667,0.0,1.59,0.0,0.0,,0
11,0.0,0.4166666666666667,0.0,1.6,0.0,0.0,,0
11,0.0,0.4166666666666667,0.0,1.61,0.0,0.0,,0
11,0.0,0.4166666666666667,0.0,1.62,0.0,0.0,,0
11,0.0,0.4166666666666667,0.0,1.63,0.0,0.0,,0
11,0.0,0.4166666666666667,0.0,1.64,0.0,0.0,,0
11,0.0,0.4166666666666667,0.0,1.65,0.0,0.0,,0
11,0.0,0.4166666666666667,0.0,1.66,0.0,0.0,,0
11,0.0,0.4166666666666667,0.0,1.67,0.0,0.0,,0
11,0.0,0.4166666666666667,0.0,1.68,0.0,0.0,,0
11,0.0,0.4166666666666667,0.0,1.69,0.0,0.0,,0
11,0.0,0.4166666666666667,0.0,1.7,0.0,0.0,,0
11,0.0,0.4166666666666667,0.0,1.71,0.0,0.0,,0
11,0.0,0.4166666666666667,0.0,1.72,0.0,0.0,,0
11,0.0,0.4166666666666667,0.0,1.73,0.0,0.0,,0
11,0.0,0.4166666666666667,0.0,1.74,0.0,0.0,,0
11,0.0,0.4166666666666667,0.0,1.75,0.0,0.0,,0
11,0.0,0.4166666666666667,0.0,1.76,0.0,0.0,,0
11,0.0,0.4166666666666667,0.0,1.77,0.0,0.0,,0
11,0.0,0.4166666666666667,0.0,1.78,0.0,0.0,,0
11,0.0,0.4166666666666667,0.0,1.79,0.0,0.0,,0
11,0.0,0.4166666666666667,0.0,1.8,0.0,0.0,,0
11,0.0,0.4166666666666667,0.0,1.81,0.0,0.0,,0
11,0.0,0.4166666666666667,0.0,1.82,0.0,0.0,,0
11,0.0,0.4166666666666667,0.0,1.83,0.0,0.0,,0
11,0.0,0.4166666666666667,0.0,1.84,0.0,0.0,,0
11,0.0,0.4166666666666667,0.0,1.85,0.0,0.0,,0
11,0.0,0.4166666666666667,0.0,1.86,0.0,0.0,,0
11,0.0,0.4166666666666667,0.0,1.87,0.0,0.0,,0
11,0.0,0.4166666666666667,0.0,1.88,0.0,0.0,,0
11,0.0,0.4166666666666667,0.0,1.89,0.0,0.0,,0
11,0.0,0.4166666666666667,0.0,1.9,0.0,0.0,,0
11,0.0,0.4166666666666667,0.0,1.91,0.0,0.0,,0
11,0.0,0.4166666666666667,0.0,1.92,0.0,0.0,,0
11,0.0,0.4166666666666667,0.0,1.93,0.0,0.0,,0
11,0.0,0.4166666666666667,0.0,1.94,0.0,0.0,,0
11,0.0,0.4166666666666667,0.0,1.95,0.0,0.0,,0
11,0.0,0.4166666666666667,0.0,1.96,0.0,0.0,,0
11,0.0,0.4166666666666667,0.0,1.97,0.0,0.0,,0
11,0.0,0.4166666666666667,0.0,1.98,0.0,0.0,,0
11,0.0,0.4166666666666667,0.0,1.99,0.0,0.0,,0
11,0.0,0.4166666666666667,0.0,2.0,0.0,0.0,,0
11,0.0,0.4166666666666667,0.0,2.01,0.0,0.0,,0
11,0.0,0.4166666666666667,0.0,2.02,0.0,0.0,,0
11,0.0,0.4166666666666667,0.0,2.03,0.0,0.0,,0
11,0.0,0.4166666666666667,0.0,2.04,0.0,0.0,,0
11,0.0,0.4166666666666667,0.0,2.05,0.0,0.0,,0
11,0.0,0.4166666666666667,0.0,2.06,0.0,0.0,,0
11,0.0,0.4166666666666667,0.0,2.07,0.0,0.0,,0
11,0.0,0.4166666666666667,0.0,2.08,0.0,0.0,,0
11,0.0,0.4166666666666667,0.0,2.09,0.0,0.0,,0
11,0.0,0.4166666666666667,0.0,2.1,0.0,0.0,,0
11,0.0,0.4166666666666667,0.0,2.11,0.0,0.0,,0
11,0.0,0.4166666666666667,0.0,2.12,0.0,0.0,,0
11,0.0,0.4166666666666667,0.0,2.13,0.0,0.0,,0
11,0.0,0.4166666666666667,0.0,2.14,0.0,0.0,,0
11,0.0,0.4166666666666667,0.0,2.15,0.0,0.0,,0
11,0.0,0.4166666666666667,0.0,2.16,0.0,0.0,,0
11,0.0,0.4166666666666667,0.0,2.17,0.0,0.0,,0
11,0.0,0.4166666666666667,0.0,2.18,0.0,0.0,,0
11,0.0,0.4166666666666667,0.0,2.19,0.0,0.0,,0
11,0.0,0.4166666666666667,0.0,2.2,0.0,0.0,,0
11,0.0,0.4166666666666667,0.0,2.21,0.0,0.0,,0
11,0.0,0.4166666666666667,0.0,2.22,0.0,0.0,,0
11,0.0,0.4166666666666667,0.0,2.23,0.0,0.0,,0
11,0.0,0.4166666666666667,0.0,2.24,0.0,0.0,,0
11,0.0,0.4166666666666667,0.0,2.25,0.0,0.0,,0
11,0.0,0.4166666666666667,0.0,2.26,0.0,0.0,,0
11,0.0,0.4166666666666667,0.0,2.27,0.0,0.0,,0
11,0.0,0.4166666666666667,0.0,2.28,0.0,0.0,,0
11,0.0,0.4166666666666667,0.0,2.29,0.0,0.0,,0
11,0.0,0.4166666666666667,0.0,2.3,0.0,0.0,,0
11,0.0,0.4166666666666667,0.0,2.31,0.0,0.0,,0
11,0.0,0.4166666666666667,0.0,2.32,0.0,0.0,,0
11,0.0,0.4166666666666667,0.0,2.33,0.0,0.0,,0
11,0.0,0.4166666666666667,0.0,2.34,0.0,0.0,,0
11,0.0,0.4166666666666667,0.0,2.35,0.0,0.0,,0
11,0.0,0.4166666666666667,0.0,2.36,0.0,0.0,,0
11,0.0,0.4166666666666667,0.0,2.37,0.0,0.0,,0
11,0.0,0.4166666666666667,0.0,2.38,0.0,0.0,,0
11,0.0,0.4166666666666667,0.0,2.39,0.0,0.0,,0
11,0.0,0.4166666666666667,0.0,2.4,0.0,0.0,,0
11,0.0,0.4166666666666667,0.0,2.41,0.0,0.0,,0
11,0.0,0.4166666666666667,0.0,2.42,0.0,0.0,,0
11,0.0,0.4166666666666667,0.0,2.43,0.0,0.0,,0
11,0.0,0.4166666666666667,0.0,2.44,0.0,0.0,,0
11,0.0,0.4166666666666667,0.0,2.45,0.0,0.0,,0
11,0.0,0.4166666666666667,0.0,2.46,0.0,0.0,,0
11,0.0,0.4166666666666667,0.0,2.47,0.0,0.0,,0
11,0.0,0.4166666666666667,0.0,2.48,0.0,0.0,,0
11,0.0,0.4166666666666667,0.0,2.49,0.0,0.0,,0
11,0.0,0.4166666666666667,0.0,2.5,0.0,0.0,,0
11,0.0,0.4166666666666667,0.0,2.51,0.0,0.0,,0
11,0.0,0.4166666666666667,0.0,2.52,0.0,0.0,,0
11,0.0,0.4166666666666667,0.0,2.53,0.0,0.0,,0
11,0.0,0.4166666666666667,0.0,2.54,0.0,0.0,,0
11,0.0,0.4166666666666667,0.0,2.55,0.0,0.0,,0
11,0.0,0.4166666666666667,0.0,2.56,0.0,0.0,,0
11,0.0,0.4166666666666667,0.0,2.57,0.0,0.0,,0
11,0.0,0.4166666666666667,0.0,2.58,0.0,0.0,,0
11,0.0,0.4166666666666667,0.0,2.59,0.0,0.0,,0
11,0.0,0.4166666666666667,0.0,2.6,0.0,0.0,,0
11,0.0,0.4166666666666667,0.0,2.61,0.0,0.0,,0
11,0.0,0.4166666666666667,0.0,2.62,0.0,0.0,,0
11,0.0,0.4166666666666667,0.0,2.63,0.0,0.0,,0
11,0.0,0.4166666666666667,0.0,2.64,0.0,0.0,,0
11,0.0,0.4166666666666667,0.0,2.65,0.0,0.0,,0
11,0.0,0.4166666666666667,0.0,2.66,0.0,0.0,,0
11,0.0,0.4166666666666667,0.0,2.67,0.0,0.0,,0
11,0.0,0.4166666666666667,0.0,2.68,0.0,0.0,,0
11,0.0,0.4166666666666667,0.0,2.69,0.0,0.0,,0
11,0.0,0.4166666666666667,0.0,2.7,0.0,0.0,,0
11,0.0,0.4166666666666667,0.0,2.71,0.0,0.0,,0
11,0.0,0.4166666666666667,0.0,2.72,0.0,0.0,,0
11,0.0,0.4166666666666667,0.0,2.73,0.0,0.0,,0
11,0.0,0.4166666666666667,0.0,2.74,0.0,0.0,,0
11,0.0,0.4166666666666667,0.0,2.75,0.0,0.0,,0
11,0.0,0.4166666666666667,0.0,2.76,0.0,0.0,,0
11,0.0,0.4166666666666667,0.0,2.77,0.0,0.0,,0
11,0.0,0.4166666666666667,0.0,2.78,0.0,0.0,,0
11,0.0,0.4166666666666667,0.0,2.79,0.0,0.0,,0
11,0.0,0.4166666666666667,0.0,2.8,0.0,0.0,,0
11,0.0,0.4166666666666667,0.0,2.81,0.0001,0.0001,0.0,1
11,0.0,0.4166666666666667,0.0,2.82,0.0001,0.0001,0.0,1
11,0.0,0.4166666666666667,0.0,2.83,0.0002,0.0002,0.0,1
11,0.0,0.4166666666666667,0.0,2.84,0.0003,0.0003,0.0,1
11,0.0,0.4166666666666667,0.0,2.85,0.0004,0.0004,0.0,1
11,0.0,0.4166666666666667,0.0,2.86,0.0006,0.0006,0.0,1
11,0.0,0.4166666666666667,0.0,2.87,0.0009,0.0009,0.0,1
11,0.0,0.4166666666666667,0.0,2.88,0.0012,0.0012,0.0,1
11,0.0,0.4166666666666667,0.0,2.89,0.0017,0.0017,0.0,1
11,0.0,0.4166666666666667,0.0,2.9,0.0023,0.0023,0.0,1
11,0.0,0.4166666666666667,0.0,2.91,0.0029,0.0029,0.0,1
11,0.0,0.4166666666666667,0.0,2.92,0.0036,0.0036,0.0,1
11,0.0,0.4166666666666667,0.0,2.93,0.0043,0.0043,0.0,1
11,0.0,0.4166666666666667,0.0,2.94,0.005,0.005,0.0,1
11,0.0,0.4166666666666667,0.0,2.95,0.0056,0.0056,0.0,1
11,0.0,0.4166666666666667,0.0,2.96,0.0062,0.0062,0.0,1
11,0.0,0.4166666666666667,0.0,2.97,0.0066,0.0066,0.0,1
11,0.0,0.4166666666666667,0.0,2.98,0.0068,0.0068,0.0,1
11,0.0,0.4166666666666667,0.0,2.99,0.0069,0.0069,0.0,1
11,0.0,0.4166666666666667,0.0,3.0,0.0069,0.0069,0.0,1
11,0.0,0.4166666666666667,0.0,3.01,0.0069,0.0069,0.0,1
11,0.0,0.4166666666666667,0.0,3.02,0.0067,0.0067,0.0,1
11,0.0,0.4166666666666667,0.0,3.03,0.0066,0.0066,0.0,1
11,0.0,0.4166666666666667,0.0,3.04,0.0065,0.0065,0.0,1
11,0.0,0.4166666666666667,0.0,3.05,0.0064,0.0064,0.0,1
11,0.0,0.4166666666666667,0.0,3.06,0.0063,0.0063,0.0,1
11,0.0,0.4166666666666667,0.0,3.07,0.0063,0.0063,0.0,1
11,0.0,0.4166666666666667,0.0,3.08,0.0062,0.0062,0.0,1
11,0.0,0.4166666666666667,0.0,3.09,0.0062,0.0062,0.0,1
11,0.0,0.4166666666666667,0.0,3.1,0.0061,0.0061,0.0,1
11,0.0,0.4166666666666667,0.0,3.11,0.006,0.006,0.0,1
11,0.0,0.4166666666666667,0.0,3.12,0.0058,0.0058,0.0,1
11,0.0,0.4166666666666667,0.0,3.13,0.0056,0.0056,0.0,1
11,0.0,0.4166666666666667,0.0,3.14,0.0053,0.0053,0.0,1
11,0.0,0.4166666666666667,0.0,3.15,0.005,0.005,0.0,1
11,0.0,0.4166666666666667,0.0,3.16,0.0046,0.0046,0.0,1
11,0.0,0.4166666666666667,0.0,3.17,0.0042,0.0042,0.0,1
11,0.0,0.4166666666666667,0.0,3.18,0.0038,0.0038,0.0,1
11,0.0,0.4166666666666667,0.0,3.19,0.0034,0.0034,0.0,1
11,0.0,0.4166666666666667,0.0,3.2,0.003,0.003,0.0,1
11,0.0,0.4166666666666667,0.0,3.21,0.0026,0.0026,0.0,1
11,0.0,0.4166666666666667,0.0,3.22,0.0022,0.0022,0.0,1
11,0.0,0.4166666666666667,0.0,3.23,0.0018,0.0018,0.0,1
11,0.0,0.4166666666666667,0.0,3.24,0.0015,0.0015,0.0,1
11,0.0,0.4166666666666667,0.0,3.25,0.0012,0.0012,0.0,1
11,0.0,0.4166666666666667,0.0,3.26,0.0009,0.0009,0.0,1
11,0.0,0.4166666666666667,0.0,3.27,0.0007,0.0007,0.0,1
11,0.0,0.4166666666666667,0.0,3.28,0.0005,0.0005,0.0,1
11,0.0,0.4166666666666667,0.0,3.29,0.0003,0.0003,0.0,1
11,0.0,0.4166666666666667,0.0,3.3,0.0002,0.0002,0.0,1
11,0.0,0.4166666666666667,0.0,3.31,0.0002,0.0002,0.0,1
11,0.0,0.4166666666666667,0.0,3.32,0.0001,0.0001,0.0,1
11,0.0,0.4166666666666667,0.0,3.33,0.0001,0.0001,0.0,1
11,0.0,0.4166666666666667,0.0,3.34,0.0,0.0,,0
11,0.0,0.4166666666666667,0.0,3.35,0.0,0.0,,0
11,0.0,0.4166666666666667,0.0,3.36,0.0,0.0,,0
11,0.0,0.4166666666666667,0.0,3.37,0.0,0.0,,0
11,0.0,0.4166666666666667,0.0,3.38,0.0,0.0,,0
11,0.0,0.4166666666666667,0.0,3.39,0.0,0.0,,0
11,0.0,0.4166666666666667,0.0,3.4,0.0,0.0,,0
11,0.0,0.4166666666666667,0.0,3.41,0.0,0.0,,0
11,0.0,0.4166666666666667,0.0,3.42,0.0,0.0,,0
11,0.0,0.4166666666666667,0.0,3.43,0.0,0.0,,0
11,0.0,0.4166666666666667,0.0,3.44,0.0,0.0,,0
11,0.0,0.4166666666666667,0.0,3.45,0.0,0.0,,0
11,0.0,0.4166666666666667,0.0,3.46,0.0,0.0,,0
11,0.0,0.4166666666666667,0.0,3.47,0.0,0.0,,0
11,0.0,0.4166666666666667,0.0,3.48,0.0,0.0,,0
11,0.0,0.4166666666666667,0.0,3.49,0.0,0.0,,0
11,0.0,0.4166666666666667,0.0,3.5,0.0,0.0,,0
11,0.0,0.4166666666666667,0.0,3.51,0.0,0.0,,0
11,0.0,0.4166666666666667,0.0,3.52,0.0,0.0,,0
11,0.0,0.4166666666666667,0.0,3.53,0.0,0.0,,0
11,0.0,0.4166666666666667,0.0,3.54,0.0,0.0,,0
11,0.0,0.4166666666666667,0.0,3.55,0.0,0.0,,0
11,0.0,0.4166666666666667,0.0,3.56,0.0,0.0,,0
11,0.0,0.4166666666666667,0.0,3.57,0.0,0.0,,0
11,0.0,0.4166666666666667,0.0,3.58,0.0,0.0,,0
11,0.0,0.4166666666666667,0.0,3.59,0.0,0.0,,0
11,0.0,0.4166666666666667,0.0,3.6,0.0,0.0,,0
11,0.0,0.4166666666666667,0.0,3.61,0.0,0.0,,0
11,0.0,0.4166666666666667,0.0,3.62,0.0,0.0,,0
11,0.0,0.4166666666666667,0.0,3.63,0.0,0.0,,0
11,0.0,0.4166666666666667,0.0,3.64,0.0,0.0,,0
11,0.0,0.4166666666666667,0.0,3.65,0.0,0.0,,0
11,0.0,0.4166666666666667,0.0,3.66,0.0,0.0,,0
11,0.0,0.4166666666666667,0.0,3.67,0.0,0.0,,0
11,0.0,0.4166666666666667,0.0,3.68,0.0,0.0,,0
11,0.0,0.4166666666666667,0.0,3.69,0.0,0.0,,0
11,0.0,0.4166666666666667,0.0,3.7,0.0,0.0,,0
11,0.0,0.4166666666666667,0.0,3.71,0.0,0.0,,0
11,0.0,0.4166666666666667,0.0,3.72,0.0,0.0,,0
11,0.0,0.4166666666666667,0.0,3.73,0.0,0.0,,0
11,0.0,0.4166666666666667,0.0,3.74,0.0,0.0,,0
11,0.0,0.4166666666666667,0.0,3.75,0.0,0.0,,0
11,0.0,0.4166666666666667,0.0,3.76,0.0,0.0,,0
11,0.0,0.4166666666666667,0.0,3.77,0.0,0.0,,0
11,0.0,0.4166666666666667,0.0,3.78,0.0,0.0,,0
11,0.0,0.4166666666666667,0.0,3.79,0.0,0.0,,0
11,0.0,0.4166666666666667,0.0,3.8,0.0,0.0,,0
11,0.0,0.4166666666666667,0.0,3.81,0.0,0.0,,0
11,0.0,0.4166666666666667,0.0,3.82,0.0,0.0,,0
11,0.0,0.4166666666666667,0.0,3.83,0.0,0.0,,0
11,0.0,0.4166666666666667,0.0,3.84,0.0,0.0,,0
11,0.0,0.4166666666666667,0.0,3.85,0.0,0.0,,0
11,0.0,0.4166666666666667,0.0,3.86,0.0,0.0,,0
11,0.0,0.4166666666666667,0.0,3.87,0.0,0.0,,0
11,0.0,0.4166666666666667,0.0,3.88,0.0,0.0,,0
11,0.0,0.4166666666666667,0.0,3.89,0.0,0.0,,0
11,0.0,0.4166666666666667,0.0,3.9,0.0,0.0,,0
11,0.0,0.4166666666666667,0.0,3.91,0.0,0.0,,0
11,0.0,0.4166666666666667,0.0,3.92,0.0,0.0,,0
11,0.0,0.4166666666666667,0.0,3.93,0.0,0.0,,0
11,0.0,0.4166666666666667,0.0,3.94,0.0,0.0,,0
11,0.0,0.4166666666666667,0.0,3.95,0.0,0.0,,0
11,0.0,0.4166666666666667,0.0,3.96,0.0,0.0,,0
11,0.0,0.4166666666666667,0.0,3.97,0.0,0.0,,0
11,0.0,0.4166666666666667,0.0,3.98,0.0,0.0,,0
11,0.0,0.4166666666666667,0.0,3.99,0.0,0.0,,0
11,0.0,0.4166666666666667,0.0,4.0,0.0,0.0,,0
12,0.0,0.4583333333333333,0.0,0.5,0.0,0.0,,0
12,0.0,0.4583333333333333,0.0,0.51,0.0,0.0,,0
12,0.0,0.4583333333333333,0.0,0.52,0.0,0.0,,0
12,0.0,0.4583333333333333,0.0,0.53,0.0,0.0,,0
12,0.0,0.4583333333333333,0.0,0.54,0.0,0.0,,0
12,0.0,0.4583333333333333,0.0,0.55,0.0,0.0,,0
12,0.0,0.4583333333333333,0.0,0.56,0.0,0.0,,0
12,0.0,0.4583333333333333,0.0,0.57,0.0,0.0,,0
12,0.0,0.4583333333333333,0.0,0.58,0.0,0.0,,0
12,0.0,0.4583333333333333,0.0,0.59,0.0,0.0,,0
12,0.0,0.4583333333333333,0.0,0.6,0.0,0.0,,0
12,0.0,0.4583333333333333,0.0,0.61,0.0,0.0,,0
12,0.0,0.4583333333333333,0.0,0.62,0.0,0.0,,0
12,0.0,0.4583333333333333,0.0,0.63,0.0,0.0,,0
12,0.0,0.4583333333333333,0.0,0.64,0.0,0.0,,0
12,0.0,0.4583333333333333,0.0,0.65,0.0,0.0,,0
12,0.0,0.4583333333333333,0.0,0.66,0.0,0.0,,0
12,0.0,0.4583333333333333,0.0,0.67,0.0,0.0,,0
12,0.0,0.4583333333333333,0.0,0.68,0.0,0.0,,0
12,0.0,0.4583333333333333,0.0,0.69,0.0,0.0,,0
12,0.0,0.4583333333333333,0.0,0.7,0.0,0.0,,0
12,0.0,0.4583333333333333,0.0,0.71,0.0,0.0,,0
12,0.0,0.4583333333333333,0.0,0.72,0.0,0.0,,0
12,0.0,0.4583333333333333,0.0,0.73,0.0,0.0,,0
12,0.0,0.4583333333333333,0.0,0.74,0.0,0.0,,0
12,0.0,0.4583333333333333,0.0,0.75,0.0,0.0,,0
12,0.0,0.4583333333333333,0.0,0.76,0.0,0.0,,0
12,0.0,0.4583333333333333,0.0,0.77,0.0,0.0,,0
12,0.0,0.4583333333333333,0.0,0.78,0.0,0.0,,0
12,0.0,0.4583333333333333,0.0,0.79,0.0,0.0,,0
12,0.0,0.4583333333333333,0.0,0.8,0.0,0.0,,0
12,0.0,0.4583333333333333,0.0,0.81,0.0,0.0,,0
12,0.0,0.4583333333333333,0.0,0.82,0.0,0.0,,0
12,0.0,0.4583333333333333,0.0,0.83,0.0,0.0,,0
12,0.0,0.4583333333333333,0.0,0.84,0.0,0.0,,0
12,0.0,0.4583333333333333,0.0,0.85,0.0,0.0,,0
12,0.0,0.4583333333333333,0.0,0.86,0.0,0.0,,0
12,0.0,0.4583333333333333,0.0,0.87,0.0,0.0,,0
12,0.0,0.4583333333333333,0.0,0.88,0.0,0.0,,0
12,0.0,0.4583333333333333,0.0,0.89,0.0,0.0,,0
12,0.0,0.4583333333333333,0.0,0.9,0.0,0.0,,0
12,0.0,0.4583333333333333,0.0,0.91,0.0,0.0,,0
12,0.0,0.4583333333333333,0.0,0.92,0.0,0.0,,0
12,0.0,0.4583333333333333,0.0,0.93,0.0,0.0,,0
12,0.0,0.4583333333333333,0.0,0.94,0.0,0.0,,0
12,0.0,0.4583333333333333,0.0,0.95,0.0,0.0,,0
12,0.0,0.4583333333333333,0.0,0.96,0.0,0.0,,0
12,0.0,0.4583333333333333,0.0,0.97,0.0,0.0,,0
12,0.0,0.4583333333333333,0.0,0.98,0.0,0.0,,0
12,0.0,0.4583333333333333,0.0,0.99,0.0,0.0,,0
12,0.0,0.4583333333333333,0.0,1.0,0.0,0.0,,0
12,0.0,0.4583333333333333,0.0,1.01,0.0,0.0,,0
12,0.0,0.4583333333333333,0.0,1.02,0.0,0.0,,0
12,0.0,0.4583333333333333,0.0,1.03,0.0,0.0,,0
12,0.0,0.4583333333333333,0.0,1.04,0.0,0.0,,0
12,0.0,0.4583333333333333,0.0,1.05,0.0,0.0,,0
12,0.0,0.4583333333333333,0.0,1.06,0.0,0.0,,0
12,0.0,0.4583333333333333,0.0,1.07,0.0,0.0,,0
12,0.0,0.4583333333333333,0.0,1.08,0.0,0.0,,0
12,0.0,0.4583333333333333,0.0,1.09,0.0,0.0,,0
12,0.0,0.4583333333333333,0.0,1.1,0.0,0.0,,0
12,0.0,0.4583333333333333,0.0,1.11,0.0,0.0,,0
12,0.0,0.4583333333333333,0.0,1.12,0.0,0.0,,0
12,0.0,0.4583333333333333,0.0,1.13,0.0,0.0,,0
12,0.0,0.4583333333333333,0.0,1.14,0.0,0.0,,0
12,0.0,0.4583333333333333,0.0,1.15,0.0,0.0,,0
12,0.0,0.4583333333333333,0.0,1.16,0.0,0.0,,0
12,0.0,0.4583333333333333,0.0,1.17,0.0,0.0,,0
12,0.0,0.4583333333333333,0.0,1.18,0.0,0.0,,0
12,0.0,0.4583333333333333,0.0,1.19,0.0,0.0,,0
12,0.0,0.4583333333333333,0.0,1.2,0.0,0.0,,0
12,0.0,0.4583333333333333,0.0,1.21,0.0,0.0,,0
12,0.0,0.4583333333333333,0.0,1.22,0.0,0.0,,0
12,0.0,0.4583333333333333,0.0,1.23,0.0,0.0,,0
12,0.0,0.4583333333333333,0.0,1.24,0.0,0.0,,0
12,0.0,0.4583333333333333,0.0,1.25,0.0,0.0,,0
12,0.0,0.4583333333333333,0.0,1.26,0.0,0.0,,0
12,0.0,0.4583333333333333,0.0,1.27,0.0,0.0,,0
12,0.0,0.4583333333333333,0.0,1.28,0.0,0.0,,0
12,0.0,0.4583333333333333,0.0,1.29,0.0,0.0,,0
12,0.0,0.4583333333333333,0.0,1.3,0.0,0.0,,0
12,0.0,0.4583333333333333,0.0,1.31,0.0,0.0,,0
12,0.0,0.4583333333333333,0.0,1.32,0.0,0.0,,0
12,0.0,0.4583333333333333,0.0,1.33,0.0,0.0,,0
12,0.0,0.4583333333333333,0.0,1.34,0.0,0.0,,0
12,0.0,0.4583333333333333,0.0,1.35,0.0,0.0,,0
12,0.0,0.4583333333333333,0.0,1.36,0.0,0.0,,0
12,0.0,0.4583333333333333,0.0,1.37,0.0,0.0,,0
12,0.0,0.4583333333333333,0.0,1.38,0.0,0.0,,0
12,0.0,0.4583333333333333,0.0,1.39,0.0,0.0,,0
12,0.0,0.4583333333333333,0.0,1.4,0.0,0.0,,0
12,0.0,0.4583333333333333,0.0,1.41,0.0,0.0,,0
12,0.0,0.4583333333333333,0.0,1.42,0.0,0.0,,0
12,0.0,0.4583333333333333,0.0,1.43,0.0,0.0,,0
12,0.0,0.4583333333333333,0.0,1.44,0.0,0.0,,0
12,0.0,0.4583333333333333,0.0,1.45,0.0,0.0,,0
12,0.0,0.4583333333333333,0.0,1.46,0.0,0.0,,0
12,0.0,0.4583333333333333,0.0,1.47,0.0,0.0,,0
12,0.0,0.4583333333333333,0.0,1.48,0.0,0.0,,0
12,0.0,0.4583333333333333,0.0,1.49,0.0,0.0,,0
12,0.0,0.4583333333333333,0.0,1.5,0.0,0.0,,0
12,0.0,0.4583333333333333,0.0,1.51,0.0,0.0,,0
12,0.0,0.4583333333333333,0.0,1.52,0.0,0.0,,0
12,0.0,0.4583333333333333,0.0,1.53,0.0,0.0,,0
12,0.0,0.4583333333333333,0.0,1.54,0.0,0.0,,0
12,0.0,0.4583333333333333,0.0,1.55,0.0,0.0,,0
12,0.0,0.4583333333333333,0.0,1.56,0.0,0.0,,0
12,0.0,0.4583333333333333,0.0,1.57,0.0,0.0,,0
12,0.0,0.4583333333333333,0.0,1.58,0.0,0.0,,0
12,0.0,0.4583333333333333,0.0,1.59,0.0,0.0,,0
12,0.0,0.4583333333333333,0.0,1.6,0.0,0.0,,0
12,0.0,0.4583333333333333,0.0,1.61,0.0,0.0,,0
12,0.0,0.4583333333333333,0.0,1.62,0.0,0.0,,0
12,0.0,0.4583333333333333,0.0,1.63,0.0,0.0,,0
12,0.0,0.4583333333333333,0.0,1.64,0.0,0.0,,0
12,0.0,0.4583333333333333,0.0,1.65,0.0,0.0,,0
12,0.0,0.4583333333333333,0.0,1.66,0.0,0.0,,0
12,0.0,0.4583333333333333,0.0,1.67,0.0,0.0,,0
12,0.0,0.4583333333333333,0.0,1.68,0.0,0.0,,0
12,0.0,0.4583333333333333,0.0,1.69,0.0,0.0,,0
12,0.0,0.4583333333333333,0.0,1.7,0.0,0.0,,0
12,0.0,0.4583333333333333,0.0,1.71,0.0,0.0,,0
12,0.0,0.4583333333333333,0.0,1.72,0.0,0.0,,0
12,0.0,0.4583333333333333,0.0,1.73,0.0,0.0,,0
12,0.0,0.4583333333333333,0.0,1.74,0.0,0.0,,0
12,0.0,0.4583333333333333,0.0,1.75,0.0,0.0,,0
12,0.0,0.4583333333333333,0.0,1.76,0.0,0.0,,0
12,0.0,0.4583333333333333,0.0,1.77,0.0,0.0,,0
12,0.0,0.4583333333333333,0.0,1.78,0.0,0.0,,0
12,0.0,0.4583333333333333,0.0,1.79,0.0,0.0,,0
12,0.0,0.4583333333333333,0.0,1.8,0.0,0.0,,0
12,0.0,0.4583333333333333,0.0,1.81,0.0,0.0,,0
12,0.0,0.4583333333333333,0.0,1.82,0.0,0.0,,0
12,0.0,0.4583333333333333,0.0,1.83,0.0,0.0,,0
12,0.0,0.4583333333333333,0.0,1.84,0.0,0.0,,0
12,0.0,0.4583333333333333,0.0,1.85,0.0,0.0,,0
12,0.0,0.4583333333333333,0.0,1.86,0.0,0.0,,0
12,0.0,0.4583333333333333,0.0,1.87,0.0,0.0,,0
12,0.0,0.4583333333333333,0.0,1.88,0.0,0.0,,0
12,0.0,0.4583333333333333,0.0,1.89,0.0,0.0,,0
12,0.0,0.4583333333333333,0.0,1.9,0.0,0.0,,0
12,0.0,0.4583333333333333,0.0,1.91,0.0,0.0,,0
12,0.0,0.4583333333333333,0.0,1.92,0.0,0.0,,0
12,0.0,0.4583333333333333,0.0,1.93,0.0,0.0,,0
12,0.0,0.4583333333333333,0.0,1.94,0.0,0.0,,0
12,0.0,0.4583333333333333,0.0,1.95,0.0,0.0,,0
12,0.0,0.4583333333333333,0.0,1.96,0.0,0.0,,0
12,0.0,0.4583333333333333,0.0,1.97,0.0,0.0,,0
12,0.0,0.4583333333333333,0.0,1.98,0.0,0.0,,0
12,0.0,0.4583333333333333,0.0,1.99,0.0,0.0,,0
12,0.0,0.4583333333333333,0.0,2.0,0.0,0.0,,0
12,0.0,0.4583333333333333,0.0,2.01,0.0,0.0,,0
12,0.0,0.4583333333333333,0.0,2.02,0.0,0.0,,0
12,0.0,0.4583333333333333,0.0,2.03,0.0,0.0,,0
12,0.0,0.4583333333333333,0.0,2.04,0.0,0.0,,0
12,0.0,0.4583333333333333,0.0,2.05,0.0,0.0,,0
12,0.0,0.4583333333333333,0.0,2.06,0.0,0.0,,0
12,0.0,0.4583333333333333,0.0,2.07,0.0,0.0,,0
12,0.0,0.4583333333333333,0.0,2.08,0.0,0.0,,0
12,0.0,0.4583333333333333,0.0,2.09,0.0,0.0,,0
12,0.0,0.4583333333333333,0.0,2.1,0.0,0.0,,0
12,0.0,0.4583333333333333,0.0,2.11,0.0,0.0,,0
12,0.0,0.4583333333333333,0.0,2.12,0.0,0.0,,0
12,0.0,0.4583333333333333,0.0,2.13,0.0,0.0,,0
12,0.0,0.4583333333333333,0.0,2.14,0.0,0.0,,0
12,0.0,0.4583333333333333,0.0,2.15,0.0,0.0,,0
12,0.0,0.4583333333333333,0.0,2.16,0.0,0.0,,0
12,0.0,0.4583333333333333,0.0,2.17,0.0,0.0,,0
12,0.0,0.4583333333333333,0.0,2.18,0.0,0.0,,0
12,0.0,0.4583333333333333,0.0,2.19,0.0,0.0,,0
12,0.0,0.4583333333333333,0.0,2.2,0.0,0.0,,0
12,0.0,0.4583333333333333,0.0,2.21,0.0,0.0,,0
12,0.0,0.4583333333333333,0.0,2.22,0.0,0.0,,0
12,0.0,0.4583333333333333,0.0,2.23,0.0,0.0,,0
12,0.0,0.4583333333333333,0.0,2.24,0.0,0.0,,0
12,0.0,0.4583333333333333,0.0,2.25,0.0,0.0,,0
12,0.0,0.4583333333333333,0.0,2.26,0.0,0.0,,0
12,0.0,0.4583333333333333,0.0,2.27,0.0,0.0,,0
12,0.0,0.4583333333333333,0.0,2.28,0.0,0.0,,0
12,0.0,0.4583333333333333,0.0,2.29,0.0,0.0,,0
12,0.0,0.4583333333333333,0.0,2.3,0.0,0.0,,0
12,0.0,0.4583333333333333,0.0,2.31,0.0,0.0,,0
12,0.0,0.4583333333333333,0.0,2.32,0.0,0.0,,0
12,0.0,0.4583333333333333,0.0,2.33,0.0,0.0,,0
12,0.0,0.4583333333333333,0.0,2.34,0.0,0.0,,0
12,0.0,0.4583333333333333,0.0,2.35,0.0,0.0,,0
12,0.0,0.4583333333333333,0.0,2.36,0.0,0.0,,0
12,0.0,0.4583333333333333,0.0,2.37,0.0,0.0,,0
12,0.0,0.4583333333333333,0.0,2.38,0.0,0.0,,0
12,0.0,0.4583333333333333,0.0,2.39,0.0,0.0,,0
12,0.0,0.4583333333333333,0.0,2.4,0.0,0.0,,0
12,0.0,0.4583333333333333,0.0,2.41,0.0,0.0,,0
12,0.0,0.4583333333333333,0.0,2.42,0.0,0.0,,0
12,0.0,0.4583333333333333,0.0,2.43,0.0,0.0,,0
12,0.0,0.4583333333333333,0.0,2.44,0.0,0.0,,0
12,0.0,0.4583333333333333,0.0,2.45,0.0,0.0,,0
12,0.0,0.4583333333333333,0.0,2.46,0.0,0.0,,0
12,0.0,0.4583333333333333,0.0,2.47,0.0,0.0,,0
12,0.0,0.4583333333333333,0.0,2.48,0.0,0.0,,0
12,0.0,0.4583333333333333,0.0,2.49,0.0,0.0,,0
12,0.0,0.4583333333333333,0.0,2.5,0.0,0.0,,0
12,0.0,0.4583333333333333,0.0,2.51,0.0,0.0,,0
12,0.0,0.4583333333333333,0.0,2.52,0.0,0.0,,0
12,0.0,0.4583333333333333,0.0,2.53,0.0,0.0,,0
12,0.0,0.4583333333333333,0.0,2.54,0.0,0.0,,0
12,0.0,0.4583333333333333,0.0,2.55,0.0,0.0,,0
12,0.0,0.4583333333333333,0.0,2.56,0.0,0.0,,0
12,0.0,0.4583333333333333,0.0,2.57,0.0,0.0,,0
12,0.0,0.4583333333333333,0.0,2.58,0.0,0.0,,0
12,0.0,0.4583333333333333,0.0,2.59,0.0,0.0,,0
12,0.0,0.4583333333333333,0.0,2.6,0.0,0.0,,0
12,0.0,0.4583333333333333,0.0,2.61,0.0,0.0,,0
12,0.0,0.4583333333333333,0.0,2.62,0.0,0.0,,0
12,0.0,0.4583333333333333,0.0,2.63,0.0,0.0,,0
12,0.0,0.4583333333333333,0.0,2.64,0.0,0.0,,0
12,0.0,0.4583333333333333,0.0,2.65,0.0,0.0,,0
12,0.0,0.4583333333333333,0.0,2.66,0.0,0.0,,0
12,0.0,0.4583333333333333,0.0,2.67,0.0,0.0,,0
12,0.0,0.4583333333333333,0.0,2.68,0.0,0.0,,0
12,0.0,0.4583333333333333,0.0,2.69,0.0,0.0,,0
12,0.0,0.4583333333333333,0.0,2.7,0.0,0.0,,0
12,0.0,0.4583333333333333,0.0,2.71,0.0,0.0,,0
12,0.0,0.4583333333333333,0.0,2.72,0.0,0.0,,0
12,0.0,0.4583333333333333,0.0,2.73,0.0,0.0,,0
12,0.0,0.4583333333333333,0.0,2.74,0.0,0.0,,0
12,0.0,0.4583333333333333,0.0,2.75,0.0,0.0,,0
12,0.0,0.4583333333333333,0.0,2.76,0.0001,0.0001,0.0,1
12,0.0,0.4583333333333333,0.0,2.77,0.0001,0.0001,0.0,1
12,0.0,0.4583333333333333,0.0,2.78,0.0002,0.0002,0.0,1
12,0.0,0.4583333333333333,0.0,2.79,0.0003,0.0003,0.0,1
12,0.0,0.4583333333333333,0.0,2.8,0.0005,0.0005,0.0,1
12,0.0,0.4583333333333333,0.0,2.81,0.0007,0.0007,0.0,1
12,0.0,0.4583333333333333,0.0,2.82,0.001,0.001,0.0,1
12,0.0,0.4583333333333333,0.0,2.83,0.0014,0.0014,0.0,1
12,0.0,0.4583333333333333,0.0,2.84,0.002,0.002,0.0,1
12,0.0,0.4583333333333333,0.0,2.85,0.0026,0.0026,0.0,1
12,0.0,0.4583333333333333,0.0,2.86,0.0033,0.0033,0.0,1
12,0.0,0.4583333333333333,0.0,2.87,0.004,0.004,0.0,1
12,0.0,0.4583333333333333,0.0,2.88,0.0048,0.0048,0.0,1
12,0.0,0.4583333333333333,0.0,2.89,0.0055,0.0055,0.0,1
12,0.0,0.4583333333333333,0.0,2.9,0.0061,0.0061,0.0,1
12,0.0,0.4583333333333333,0.0,2.91,0.0066,0.0066,0.0,1
12,0.0,0.4583333333333333,0.0,2.92,0.007,0.007,0.0,1
12,0.0,0.4583333333333333,0.0,2.93,0.0072,0.0072,0.0,1
12,0.0,0.4583333333333333,0.0,2.94,0.0072,0.0072,0.0,1
12,0.0,0.4583333333333333,0.0,2.95,0.007,0.007,0.0,1
12,0.0,0.4583333333333333,0.0,2.96,0.0067,0.0067,0.0,1
12,0.0,0.4583333333333333,0.0,2.97,0.0063,0.0063,0.0,1
12,0.0,0.4583333333333333,0.0,2.98,0.0058,0.0058,0.0,1
12,0.0,0.4583333333333333,0.0,2.99,0.0054,0.0054,0.0,1
12,0.0,0.4583333333333333,0.0,3.0,0.0049,0.0049,0.0,1
12,0.0,0.4583333333333333,0.0,3.01,0.0045,0.0045,0.0,1
12,0.0,0.4583333333333333,0.0,3.02,0.0042,0.0042,0.0,1
12,0.0,0.4583333333333333,0.0,3.03,0.0039,0.0039,0.0,1
12,0.0,0.4583333333333333,0.0,3.04,0.0036,0.0036,0.0,1
12,0.0,0.4583333333333333,0.0,3.05,0.0034,0.0034,0.0,1
12,0.0,0.4583333333333333,0.0,3.06,0.0032,0.0032,0.0,1
12,0.0,0.4583333333333333,0.0,3.07,0.0029,0.0029,0.0,1
12,0.0,0.4583333333333333,0.0,3.08,0.0027,0.0027,0.0,1
12,0.0,0.4583333333333333,0.0,3.09,0.0025,0.0025,0.0,1
12,0.0,0.4583333333333333,0.0,3.1,0.0024,0.0024,0.0,1
12,0.0,0.4583333333333333,0.0,3.11,0.0022,0.0022,0.0,1
12,0.0,0.4583333333333333,0.0,3.12,0.0021,0.0021,0.0,1
12,0.0,0.4583333333333333,0.0,3.13,0.002,0.002,0.0,1
12,0.0,0.4583333333333333,0.0,3.14,0.0019,0.0019,0.0,1
12,0.0,0.4583333333333333,0.0,3.15,0.0018,0.0018,0.0,1
12,0.0,0.4583333333333333,0.0,3.16,0.0018,0.0018,0.0,1
12,0.0,0.4583333333333333,0.0,3.17,0.0017,0.0017,0.0,1
12,0.0,0.4583333333333333,0.0,3.18,0.0015,0.0015,0.0,1
12,0.0,0.4583333333333333,0.0,3.19,0.0014,0.0014,0.0,1
12,0.0,0.4583333333333333,0.0,3.2,0.0012,0.0012,0.0,1
12,0.0,0.4583333333333333,0.0,3.21,0.001,0.001,0.0,1
12,0.0,0.4583333333333333,0.0,3.22,0.0009,0.0009,0.0,1
12,0.0,0.4583333333333333,0.0,3.23,0.0007,0.0007,0.0,1
12,0.0,0.4583333333333333,0.0,3.24,0.0005,0.0005,0.0,1
12,0.0,0.4583333333333333,0.0,3.25,0.0004,0.0004,0.0,1
12,0.0,0.4583333333333333,0.0,3.26,0.0003,0.0003,0.0,1
12,0.0,0.4583333333333333,0.0,3.27,0.0002,0.0002,0.0,1
12,0.0,0.4583333333333333,0.0,3.28,0.0001,0.0001,0.0,1
12,0.0,0.4583333333333333,0.0,3.29,0.0001,0.0001,0.0,1
12,0.0,0.4583333333333333,0.0,3.3,0.0,0.0,,0
12,0.0,0.4583333333333333,0.0,3.31,0.0,0.0,,0
12,0.0,0.4583333333333333,0.0,3.32,0.0,0.0,,0
12,0.0,0.4583333333333333,0.0,3.33,0.0,0.0,,0
12,0.0,0.4583333333333333,0.0,3.34,0.0,0.0,,0
12,0.0,0.4583333333333333,0.0,3.35,0.0,0.0,,0
12,0.0,0.4583333333333333,0.0,3.36,0.0,0.0,,0
12,0.0,0.4583333333333333,0.0,3.37,0.0,0.0,,0
12,0.0,0.4583333333333333,0.0,3.38,0.0,0.0,,0
12,0.0,0.4583333333333333,0.0,3.39,0.0,0.0,,0
12,0.0,0.4583333333333333,0.0,3.4,0.0,0.0,,0
12,0.0,0.4583333333333333,0.0,3.41,0.0,0.0,,0
12,0.0,0.4583333333333333,0.0,3.42,0.0,0.0,,0
12,0.0,0.4583333333333333,0.0,3.43,0.0,0.0,,0
12,0.0,0.4583333333333333,0.0,3.44,0.0,0.0,,0
12,0.0,0.4583333333333333,0.0,3.45,0.0,0.0,,0
12,0.0,0.4583333333333333,0.0,3.46,0.0,0.0,,0
12,0.0,0.4583333333333333,0.0,3.47,0.0,0.0,,0
12,0.0,0.4583333333333333,0.0,3.48,0.0,0.0,,0
12,0.0,0.4583333333333333,0.0,3.49,0.0,0.0,,0
12,0.0,0.4583333333333333,0.0,3.5,0.0,0.0,,0
12,0.0,0.4583333333333333,0.0,3.51,0.0,0.0,,0
12,0.0,0.4583333333333333,0.0,3.52,0.0,0.0,,0
12,0.0,0.4583333333333333,0.0,3.53,0.0,0.0,,0
12,0.0,0.4583333333333333,0.0,3.54,0.0,0.0,,0
12,0.0,0.4583333333333333,0.0,3.55,0.0,0.0,,0
12,0.0,0.4583333333333333,0.0,3.56,0.0,0.0,,0
12,0.0,0.4583333333333333,0.0,3.57,0.0,0.0,,0
12,0.0,0.4583333333333333,0.0,3.58,0.0,0.0,,0
12,0.0,0.4583333333333333,0.0,3.59,0.0,0.0,,0
12,0.0,0.4583333333333333,0.0,3.6,0.0,0.0,,0
12,0.0,0.4583333333333333,0.0,3.61,0.0,0.0,,0
12,0.0,0.4583333333333333,0.0,3.62,0.0,0.0,,0
12,0.0,0.4583333333333333,0.0,3.63,0.0,0.0,,0
12,0.0,0.4583333333333333,0.0,3.64,0.0,0.0,,0
12,0.0,0.4583333333333333,0.0,3.65,0.0,0.0,,0
12,0.0,0.4583333333333333,0.0,3.66,0.0,0.0,,0
12,0.0,0.4583333333333333,0.0,3.67,0.0,0.0,,0
12,0.0,0.4583333333333333,0.0,3.68,0.0,0.0,,0
12,0.0,0.4583333333333333,0.0,3.69,0.0,0.0,,0
12,0.0,0.4583333333333333,0.0,3.7,0.0,0.0,,0
12,0.0,0.4583333333333333,0.0,3.71,0.0,0.0,,0
12,0.0,0.4583333333333333,0.0,3.72,0.0,0.0,,0
12,0.0,0.4583333333333333,0.0,3.73,0.0,0.0,,0
12,0.0,0.4583333333333333,0.0,3.74,0.0,0.0,,0
12,0.0,0.4583333333333333,0.0,3.75,0.0,0.0,,0
12,0.0,0.4583333333333333,0.0,3.76,0.0,0.0,,0
12,0.0,0.4583333333333333,0.0,3.77,0.0,0.0,,0
12,0.0,0.4583333333333333,0.0,3.78,0.0,0.0,,0
12,0.0,0.4583333333333333,0.0,3.79,0.0,0.0,,0
12,0.0,0.4583333333333333,0.0,3.8,0.0,0.0,,0
12,0.0,0.4583333333333333,0.0,3.81,0.0,0.0,,0
12,0.0,0.4583333333333333,0.0,3.82,0.0,0.0,,0
12,0.0,0.4583333333333333,0.0,3.83,0.0,0.0,,0
12,0.0,0.4583333333333333,0.0,3.84,0.0,0.0,,0
12,0.0,0.4583333333333333,0.0,3.85,0.0,0.0,,0
12,0.0,0.4583333333333333,0.0,3.86,0.0,0.0,,0
12,0.0,0.4583333333333333,0.0,3.87,0.0,0.0,,0
12,0.0,0.4583333333333333,0.0,3.88,0.0,0.0,,0
12,0.0,0.4583333333333333,0.0,3.89,0.0,0.0,,0
12,0.0,0.4583333333333333,0.0,3.9,0.0,0.0,,0
12,0.0,0.4583333333333333,0.0,3.91,0.0,0.0,,0
12,0.0,0.4583333333333333,0.0,3.92,0.0,0.0,,0
12,0.0,0.4583333333333333,0.0,3.93,0.0,0.0,,0
12,0.0,0.4583333333333333,0.0,3.94,0.0,0.0,,0
12,0.0,0.4583333333333333,0.0,3.95,0.0,0.0,,0
12,0.0,0.4583333333333333,0.0,3.96,0.0,0.0,,0
12,0.0,0.4583333333333333,0.0,3.97,0.0,0.0,,0
12,0.0,0.4583333333333333,0.0,3.98,0.0,0.0,,0
12,0.0,0.4583333333333333,0.0,3.99,0.0,0.0,,0
12,0.0,0.4583333333333333,0.0,4.0,0.0,0.0,,0
13,0.0,0.5,0.0,0.5,0.0,0.0,,0
13,0.0,0.5,0.0,0.51,0.0,0.0,,0
13,0.0,0.5,0.0,0.52,0.0,0.0,,0
13,0.0,0.5,0.0,0.53,0.0,0.0,,0
13,0.0,0.5,0.0,0.54,0.0,0.0,,0
13,0.0,0.5,0.0,0.55,0.0,0.0,,0
13,0.0,0.5,0.0,0.56,0.0,0.0,,0
13,0.0,0.5,0.0,0.57,0.0,0.0,,0
13,0.0,0.5,0.0,0.58,0.0,0.0,,0
13,0.0,0.5,0.0,0.59,0.0,0.0,,0
13,0.0,0.5,0.0,0.6,0.0,0.0,,0
13,0.0,0.5,0.0,0.61,0.0,0.0,,0
13,0.0,0.5,0.0,0.62,0.0,0.0,,0
13,0.0,0.5,0.0,0.63,0.0,0.0,,0
13,0.0,0.5,0.0,0.64,0.0,0.0,,0
13,0.0,0.5,0.0,0.65,0.0,0.0,,0
13,0.0,0.5,0.0,0.66,0.0,0.0,,0
13,0.0,0.5,0.0,0.67,0.0,0.0,,0
13,0.0,0.5,0.0,0.68,0.0,0.0,,0
13,0.0,0.5,0.0,0.69,0.0,0.0,,0
13,0.0,0.5,0.0,0.7,0.0,0.0,,0
13,0.0,0.5,0.0,0.71,0.0,0.0,,0
13,0.0,0.5,0.0,0.72,0.0,0.0,,0
13,0.0,0.5,0.0,0.73,0.0,0.0,,0
13,0.0,0.5,0.0,0.74,0.0,0.0,,0
13,0.0,0.5,0.0,0.75,0.0,0.0,,0
13,0.0,0.5,0.0,0.76,0.0,0.0,,0
13,0.0,0.5,0.0,0.77,0.0,0.0,,0
13,0.0,0.5,0.0,0.78,0.0,0.0,,0
13,0.0,0.5,0.0,0.79,0.0,0.0,,0
13,0.0,0.5,0.0,0.8,0.0,0.0,,0
13,0.0,0.5,0.0,0.81,0.0,0.0,,0
13,0.0,0.5,0.0,0.82,0.0,0.0,,0
13,0.0,0.5,0.0,0.83,0.0,0.0,,0
13,0.0,0.5,0.0,0.84,0.0,0.0,,0
13,0.0,0.5,0.0,0.85,0.0,0.0,,0
13,0.0,0.5,0.0,0.86,0.0,0.0,,0
13,0.0,0.5,0.0,0.87,0.0,0.0,,0
13,0.0,0.5,0.0,0.88,0.0,0.0,,0
13,0.0,0.5,0.0,0.89,0.0,0.0,,0
13,0.0,0.5,0.0,0.9,0.0,0.0,,0
13,0.0,0.5,0.0,0.91,0.0,0.0,,0
13,0.0,0.5,0.0,0.92,0.0,0.0,,0
13,0.0,0.5,0.0,0.93,0.0,0.0,,0
13,0.0,0.5,0.0,0.94,0.0,0.0,,0
13,0.0,0.5,0.0,0.95,0.0,0.0,,0
13,0.0,0.5,0.0,0.96,0.0,0.0,,0
13,0.0,0.5,0.0,0.97,0.0,0.0,,0
13,0.0,0.5,0.0,0.98,0.0,0.0,,0
13,0.0,0.5,0.0,0.99,0.0,0.0,,0
13,0.0,0.5,0.0,1.0,0.0,0.0,,0
13,0.0,0.5,0.0,1.01,0.0,0.0,,0
13,0.0,0.5,0.0,1.02,0.0,0.0,,0
13,0.0,0.5,0.0,1.03,0.0,0.0,,0
13,0.0,0.5,0.0,1.04,0.0,0.0,,0
13,0.0,0.5,0.0,1.05,0.0,0.0,,0
13,0.0,0.5,0.0,1.06,0.0,0.0,,0
13,0.0,0.5,0.0,1.07,0.0,0.0,,0
13,0.0,0.5,0.0,1.08,0.0,0.0,,0
13,0.0,0.5,0.0,1.09,0.0,0.0,,0
13,0.0,0.5,0.0,1.1,0.0,0.0,,0
13,0.0,0.5,0.0,1.11,0.0,0.0,,0
13,0.0,0.5,0.0,1.12,0.0,0.0,,0
13,0.0,0.5,0.0,1.13,0.0,0.0,,0
13,0.0,0.5,0.0,1.14,0.0,0.0,,0
13,0.0,0.5,0.0,1.15,0.0,0.0,,0
13,0.0,0.5,0.0,1.16,0.0,0.0,,0
13,0.0,0.5,0.0,1.17,0.0,0.0,,0
13,0.0,0.5,0.0,1.18,0.0,0.0,,0
13,0.0,0.5,0.0,1.19,0.0,0.0,,0
13,0.0,0.5,0.0,1.2,0.0,0.0,,0
13,0.0,0.5,0.0,1.21,0.0,0.0,,0
13,0.0,0.5,0.0,1.22,0.0,0.0,,0
13,0.0,0.5,0.0,1.23,0.0,0.0,,0
13,0.0,0.5,0.0,1.24,0.0,0.0,,0
13,0.0,0.5,0.0,1.25,0.0,0.0,,0
13,0.0,0.5,0.0,1.26,0.0,0.0,,0
13,0.0,0.5,0.0,1.27,0.0,0.0,,0
13,0.0,0.5,0.0,1.28,0.0,0.0,,0
13,0.0,0.5,0.0,1.29,0.0,0.0,,0
13,0.0,0.5,0.0,1.3,0.0,0.0,,0
13,0.0,0.5,0.0,1.31,0.0,0.0,,0
13,0.0,0.5,0.0,1.32,0.0,0.0,,0
13,0.0,0.5,0.0,1.33,0.0,0.0,,0
13,0.0,0.5,0.0,1.34,0.0,0.0,,0
13,0.0,0.5,0.0,1.35,0.0,0.0,,0
13,0.0,0.5,0.0,1.36,0.0,0.0,,0
13,0.0,0.5,0.0,1.37,0.0,0.0,,0
13,0.0,0.5,0.0,1.38,0.0,0.0,,0
13,0.0,0.5,0.0,1.39,0.0,0.0,,0
13,0.0,0.5,0.0,1.4,0.0,0.0,,0
13,0.0,0.5,0.0,1.41,0.0,0.0,,0
13,0.0,0.5,0.0,1.42,0.0,0.0,,0
13,0.0,0.5,0.0,1.43,0.0,0.0,,0
13,0.0,0.5,0.0,1.44,0.0,0.0,,0
13,0.0,0.5,0.0,1.45,0.0,0.0,,0
13,0.0,0.5,0.0,1.46,0.0,0.0,,0
13,0.0,0.5,0.0,1.47,0.0,0.0,,0
13,0.0,0.5,0.0,1.48,0.0,0.0,,0
13,0.0,0.5,0.0,1.49,0.0,0.0,,0
13,0.0,0.5,0.0,1.5,0.0,0.0,,0
13,0.0,0.5,0.0,1.51,0.0,0.0,,0
13,0.0,0.5,0.0,1.52,0.0,0.0,,0
13,0.0,0.5,0.0,1.53,0.0,0.0,,0
13,0.0,0.5,0.0,1.54,0.0,0.0,,0
13,0.0,0.5,0.0,1.55,0.0,0.0,,0
13,0.0,0.5,0.0,1.56,0.0,0.0,,0
13,0.0,0.5,0.0,1.57,0.0,0.0,,0
13,0.0,0.5,0.0,1.58,0.0,0.0,,0
13,0.0,0.5,0.0,1.59,0.0,0.0,,0
13,0.0,0.5,0.0,1.6,0.0,0.0,,0
13,0.0,0.5,0.0,1.61,0.0,0.0,,0
13,0.0,0.5,0.0,1.62,0.0,0.0,,0
13,0.0,0.5,0.0,1.63,0.0,0.0,,0
13,0.0,0.5,0.0,1.64,0.0,0.0,,0
13,0.0,0.5,0.0,1.65,0.0,0.0,,0
13,0.0,0.5,0.0,1.66,0.0,0.0,,0
13,0.0,0.5,0.0,1.67,0.0,0.0,,0
13,0.0,0.5,0.0,1.68,0.0,0.0,,0
13,0.0,0.5,0.0,1.69,0.0,0.0,,0
13,0.0,0.5,0.0,1.7,0.0,0.0,,0
13,0.0,0.5,0.0,1.71,0.0,0.0,,0
13,0.0,0.5,0.0,1.72,0.0,0.0,,0
13,0.0,0.5,0.0,1.73,0.0,0.0,,0
13,0.0,0.5,0.0,1.74,0.0,0.0,,0
13,0.0,0.5,0.0,1.75,0.0,0.0,,0
13,0.0,0.5,0.0,1.76,0.0,0.0,,0
13,0.0,0.5,0.0,1.77,0.0,0.0,,0
13,0.0,0.5,0.0,1.78,0.0,0.0,,0
13,0.0,0.5,0.0,1.79,0.0,0.0,,0
13,0.0,0.5,0.0,1.8,0.0,0.0,,0
13,0.0,0.5,0.0,1.81,0.0,0.0,,0
13,0.0,0.5,0.0,1.82,0.0,0.0,,0
13,0.0,0.5,0.0,1.83,0.0,0.0,,0
13,0.0,0.5,0.0,1.84,0.0,0.0,,0
13,0.0,0.5,0.0,1.85,0.0,0.0,,0
13,0.0,0.5,0.0,1.86,0.0,0.0,,0
13,0.0,0.5,0.0,1.87,0.0,0.0,,0
13,0.0,0.5,0.0,1.88,0.0,0.0,,0
13,0.0,0.5,0.0,1.89,0.0,0.0,,0
13,0.0,0.5,0.0,1.9,0.0,0.0,,0
13,0.0,0.5,0.0,1.91,0.0,0.0,,0
13,0.0,0.5,0.0,1.92,0.0,0.0,,0
13,0.0,0.5,0.0,1.93,0.0,0.0,,0
13,0.0,0.5,0.0,1.94,0.0,0.0,,0
13,0.0,0.5,0.0,1.95,0.0,0.0,,0
13,0.0,0.5,0.0,1.96,0.0,0.0,,0
13,0.0,0.5,0.0,1.97,0.0,0.0,,0
13,0.0,0.5,0.0,1.98,0.0,0.0,,0
13,0.0,0.5,0.0,1.99,0.0,0.0,,0
13,0.0,0.5,0.0,2.0,0.0,0.0,,0
13,0.0,0.5,0.0,2.01,0.0,0.0,,0
13,0.0,0.5,0.0,2.02,0.0,0.0,,0
13,0.0,0.5,0.0,2.03,0.0,0.0,,0
13,0.0,0.5,0.0,2.04,0.0,0.0,,0
13,0.0,0.5,0.0,2.05,0.0,0.0,,0
13,0.0,0.5,0.0,2.06,0.0,0.0,,0
13,0.0,0.5,0.0,2.07,0.0,0.0,,0
13,0.0,0.5,0.0,2.08,0.0,0.0,,0
13,0.0,0.5,0.0,2.09,0.0,0.0,,0
13,0.0,0.5,0.0,2.1,0.0,0.0,,0
13,0.0,0.5,0.0,2.11,0.0,0.0,,0
13,0.0,0.5,0.0,2.12,0.0,0.0,,0
13,0.0,0.5,0.0,2.13,0.0,0.0,,0
13,0.0,0.5,0.0,2.14,0.0,0.0,,0
13,0.0,0.5,0.0,2.15,0.0,0.0,,0
13,0.0,0.5,0.0,2.16,0.0,0.0,,0
13,0.0,0.5,0.0,2.17,0.0,0.0,,0
13,0.0,0.5,0.0,2.18,0.0,0.0,,0
13,0.0,0.5,0.0,2.19,0.0,0.0,,0
13,0.0,0.5,0.0,2.2,0.0,0.0,,0
13,0.0,0.5,0.0,2.21,0.0,0.0,,0
13,0.0,0.5,0.0,2.22,0.0,0.0,,0
13,0.0,0.5,0.0,2.23,0.0,0.0,,0
13,0.0,0.5,0.0,2.24,0.0,0.0,,0
13,0.0,0.5,0.0,2.25,0.0,0.0,,0
13,0.0,0.5,0.0,2.26,0.0,0.0,,0
13,0.0,0.5,0.0,2.27,0.0,0.0,,0
13,0.0,0.5,0.0,2.28,0.0,0.0,,0
13,0.0,0.5,0.0,2.29,0.0,0.0,,0
13,0.0,0.5,0.0,2.3,0.0,0.0,,0
13,0.0,0.5,0.0,2.31,0.0,0.0,,0
13,0.0,0.5,0.0,2.32,0.0,0.0,,0
13,0.0,0.5,0.0,2.33,0.0,0.0,,0
13,0.0,0.5,0.0,2.34,0.0,0.0,,0
13,0.0,0.5,0.0,2.35,0.0,0.0,,0
13,0.0,0.5,0.0,2.36,0.0,0.0,,0
13,0.0,0.5,0.0,2.37,0.0,0.0,,0
13,0.0,0.5,0.0,2.38,0.0,0.0,,0
13,0.0,0.5,0.0,2.39,0.0,0.0,,0
13,0.0,0.5,0.0,2.4,0.0,0.0,,0
13,0.0,0.5,0.0,2.41,0.0,0.0,,0
13,0.0,0.5,0.0,2.42,0.0,0.0,,0
13,0.0,0.5,0.0,2.43,0.0,0.0,,0
13,0.0,0.5,0.0,2.44,0.0,0.0,,0
13,0.0,0.5,0.0,2.45,0.0,0.0,,0
13,0.0,0.5,0.0,2.46,0.0,0.0,,0
13,0.0,0.5,0.0,2.47,0.0,0.0,,0
13,0.0,0.5,0.0,2.48,0.0,0.0,,0
13,0.0,0.5,0.0,2.49,0.0,0.0,,0
13,0.0,0.5,0.0,2.5,0.0,0.0,,0
13,0.0,0.5,0.0,2.51,0.0,0.0,,0
13,0.0,0.5,0.0,2.52,0.0,0.0,,0
13,0.0,0.5,0.0,2.53,0.0,0.0,,0
13,0.0,0.5,0.0,2.54,0.0,0.0,,0
13,0.0,0.5,0.0,2.55,0.0,0.0,,0
13,0.0,0.5,0.0,2.56,0.0,0.0,,0
13,0.0,0.5,0.0,2.57,0.0,0.0,,0
13,0.0,0.5,0.0,2.58,0.0,0.0,,0
13,0.0,0.5,0.0,2.59,0.0,0.0,,0
13,0.0,0.5,0.0,2.6,0.0,0.0,,0
13,0.0,0.5,0.0,2.61,0.0,0.0,,0
13,0.0,0.5,0.0,2.62,0.0,0.0,,0
13,0.0,0.5,0.0,2.63,0.0,0.0,,0
13,0.0,0.5,0.0,2.64,0.0,0.0,,0
13,0.0,0.5,0.0,2.65,0.0,0.0,,0
13,0.0,0.5,0.0,2.66,0.0,0.0,,0
13,0.0,0.5,0.0,2.67,0.0,0.0,,0
13,0.0,0.5,0.0,2.68,0.0,0.0,,0
13,0.0,0.5,0.0,2.69,0.0,0.0,,0
13,0.0,0.5,0.0,2.7,0.0,0.0,,0
13,0.0,0.5,0.0,2.71,0.0,0.0,,0
13,0.0,0.5,0.0,2.72,0.0,0.0,,0
13,0.0,0.5,0.0,2.73,0.0,0.0,,0
13,0.0,0.5,0.0,2.74,0.0,0.0,,0
13,0.0,0.5,0.0,2.75,0.0001,0.0001,0.0,1
13,0.0,0.5,0.0,2.76,0.0001,0.0001,0.0,1
13,0.0,0.5,0.0,2.77,0.0002,0.0002,0.0,1
13,0.0,0.5,0.0,2.78,0.0003,0.0003,0.0,1
13,0.0,0.5,0.0,2.79,0.0005,0.0005,0.0,1
13,0.0,0.5,0.0,2.8,0.0008,0.0008,0.0,1
13,0.0,0.5,0.0,2.81,0.0012,0.0012,0.0,1
13,0.0,0.5,0.0,2.82,0.0017,0.0017,0.0,1
13,0.0,0.5,0.0,2.83,0.0024,0.0024,0.0,1
13,0.0,0.5,0.0,2.84,0.0032,0.0032,0.0,1
13,0.0,0.5,0.0,2.85,0.004,0.004,0.0,1
13,0.0,0.5,0.0,2.86,0.0049,0.0049,0.0,1
13,0.0,0.5,0.0,2.87,0.0058,0.0058,0.0,1
13,0.0,0.5,0.0,2.88,0.0066,0.0066,0.0,1
13,0.0,0.5,0.0,2.89,0.0072,0.0072,0.0,1
13,0.0,0.5,0.0,2.9,0.0076,0.0076,0.0,1
13,0.0,0.5,0.0,2.91,0.0077,0.0077,0.0,1
13,0.0,0.5,0.0,2.92,0.0075,0.0075,0.0,1
13,0.0,0.5,0.0,2.93,0.0071,0.0071,0.0,1
13,0.0,0.5,0.0,2.94,0.0066,0.0066,0.0,1
13,0.0,0.5,0.0,2.95,0.0059,0.0059,0.0,1
13,0.0,0.5,0.0,2.96,0.0051,0.0051,0.0,1
13,0.0,0.5,0.0,2.97,0.0044,0.0044,0.0,1
13,0.0,0.5,0.0,2.98,0.0038,0.0038,0.0,1
13,0.0,0.5,0.0,2.99,0.0033,0.0033,0.0,1
13,0.0,0.5,0.0,3.0,0.0029,0.0029,0.0,1
13,0.0,0.5,0.0,3.01,0.0027,0.0027,0.0,1
13,0.0,0.5,0.0,3.02,0.0025,0.0025,0.0,1
13,0.0,0.5,0.0,3.03,0.0023,0.0023,0.0,1
13,0.0,0.5,0.0,3.04,0.0022,0.0022,0.0,1
13,0.0,0.5,0.0,3.05,0.002,0.002,0.0,1
13,0.0,0.5,0.0,3.06,0.0019,0.0019,0.0,1
13,0.0,0.5,0.0,3.07,0.0017,0.0017,0.0,1
13,0.0,0.5,0.0,3.08,0.0016,0.0016,0.0,1
13,0.0,0.5,0.0,3.09,0.0015,0.0015,0.0,1
13,0.0,0.5,0.0,3.1,0.0014,0.0014,0.0,1
13,0.0,0.5,0.0,3.11,0.0013,0.0013,0.0,1
13,0.0,0.5,0.0,3.12,0.0013,0.0013,0.0,1
13,0.0,0.5,0.0,3.13,0.0013,0.0013,0.0,1
13,0.0,0.5,0.0,3.14,0.0013,0.0013,0.0,1
13,0.0,0.5,0.0,3.15,0.0014,0.0014,0.0,1
13,0.0,0.5,0.0,3.16,0.0014,0.0014,0.0,1
13,0.0,0.5,0.0,3.17,0.0013,0.0013,0.0,1
13,0.0,0.5,0.0,3.18,0.0012,0.0012,0.0,1
13,0.0,0.5,0.0,3.19,0.0011,0.0011,0.0,1
13,0.0,0.5,0.0,3.2,0.001,0.001,0.0,1
13,0.0,0.5,0.0,3.21,0.0008,0.0008,0.0,1
13,0.0,0.5,0.0,3.22,0.0007,0.0007,0.0,1
13,0.0,0.5,0.0,3.23,0.0005,0.0005,0.0,1
13,0.0,0.5,0.0,3.24,0.0004,0.0004,0.0,1
13,0.0,0.5,0.0,3.25,0.0003,0.0003,0.0,1
13,0.0,0.5,0.0,3.26,0.0002,0.0002,0.0,1
13,0.0,0.5,0.0,3.27,0.0001,0.0001,0.0,1
13,0.0,0.5,0.0,3.28,0.0001,0.0001,0.0,1
13,0.0,0.5,0.0,3.29,0.0001,0.0001,0.0,1
13,0.0,0.5,0.0,3.3,0.0,0.0,,0
13,0.0,0.5,0.0,3.31,0.0,0.0,,0
13,0.0,0.5,0.0,3.32,0.0,0.0,,0
13,0.0,0.5,0.0,3.33,0.0,0.0,,0
13,0.0,0.5,0.0,3.34,0.0,0.0,,0
13,0.0,0.5,0.0,3.35,0.0,0.0,,0
13,0.0,0.5,0.0,3.36,0.0,0.0,,0
13,0.0,0.5,0.0,3.37,0.0,0.0,,0
13,0.0,0.5,0.0,3.38,0.0,0.0,,0
13,0.0,0.5,0.0,3.39,0.0,0.0,,0
13,0.0,0.5,0.0,3.4,0.0,0.0,,0
13,0.0,0.5,0.0,3.41,0.0,0.0,,0
13,0.0,0.5,0.0,3.42,0.0,0.0,,0
13,0.0,0.5,0.0,3.43,0.0,0.0,,0
13,0.0,0.5,0.0,3.44,0.0,0.0,,0
13,0.0,0.5,0.0,3.45,0.0,0.0,,0
13,0.0,0.5,0.0,3.46,0.0,0.0,,0
13,0.0,0.5,0.0,3.47,0.0,0.0,,0
13,0.0,0.5,0.0,3.48,0.0,0.0,,0
13,0.0,0.5,0.0,3.49,0.0,0.0,,0
13,0.0,0.5,0.0,3.5,0.0,0.0,,0
13,0.0,0.5,0.0,3.51,0.0,0.0,,0
13,0.0,0.5,0.0,3.52,0.0,0.0,,0
13,0.0,0.5,0.0,3.53,0.0,0.0,,0
13,0.0,0.5,0.0,3.54,0.0,0.0,,0
13,0.0,0.5,0.0,3.55,0.0,0.0,,0
13,0.0,0.5,0.0,3.56,0.0,0.0,,0
13,0.0,0.5,0.0,3.57,0.0,0.0,,0
13,0.0,0.5,0.0,3.58,0.0,0.0,,0
13,0.0,0.5,0.0,3.59,0.0,0.0,,0
13,0.0,0.5,0.0,3.6,0.0,0.0,,0
13,0.0,0.5,0.0,3.61,0.0,0.0,,0
13,0.0,0.5,0.0,3.62,0.0,0.0,,0
13,0.0,0.5,0.0,3.63,0.0,0.0,,0
13,0.0,0.5,0.0,3.64,0.0,0.0,,0
13,0.0,0.5,0.0,3.65,0.0,0.0,,0
13,0.0,0.5,0.0,3.66,0.0,0.0,,0
13,0.0,0.5,0.0,3.67,0.0,0.0,,0
13,0.0,0.5,0.0,3.68,0.0,0.0,,0
13,0.0,0.5,0.0,3.69,0.0,0.0,,0
13,0.0,0.5,0.0,3.7,0.0,0.0,,0
13,0.0,0.5,0.0,3.71,0.0,0.0,,0
13,0.0,0.5,0.0,3.72,0.0,0.0,,0
13,0.0,0.5,0.0,3.73,0.0,0.0,,0
13,0.0,0.5,0.0,3.74,0.0,0.0,,0
13,0.0,0.5,0.0,3.75,0.0,0.0,,0
13,0.0,0.5,0.0,3.76,0.0,0.0,,0
13,0.0,0.5,0.0,3.77,0.0,0.0,,0
13,0.0,0.5,0.0,3.78,0.0,0.0,,0
13,0.0,0.5,0.0,3.79,0.0,0.0,,0
13,0.0,0.5,0.0,3.8,0.0,0.0,,0
13,0.0,0.5,0.0,3.81,0.0,0.0,,0
13,0.0,0.5,0.0,3.82,0.0,0.0,,0
13,0.0,0.5,0.0,3.83,0.0,0.0,,0
13,0.0,0.5,0.0,3.84,0.0,0.0,,0
13,0.0,0.5,0.0,3.85,0.0,0.0,,0
13,0.0,0.5,0.0,3.86,0.0,0.0,,0
13,0.0,0.5,0.0,3.87,0.0,0.0,,0
13,0.0,0.5,0.0,3.88,0.0,0.0,,0
13,0.0,0.5,0.0,3.89,0.0,0.0,,0
13,0.0,0.5,0.0,3.9,0.0,0.0,,0
13,0.0,0.5,0.0,3.91,0.0,0.0,,0
13,0.0,0.5,0.0,3.92,0.0,0.0,,0
13,0.0,0.5,0.0,3.93,0.0,0.0,,0
13,0.0,0.5,0.0,3.94,0.0,0.0,,0
13,0.0,0.5,0.0,3.95,0.0,0.0,,0
13,0.0,0.5,0.0,3.96,0.0,0.0,,0
13,0.0,0.5,0.0,3.97,0.0,0.0,,0
13,0.0,0.5,0.0,3.98,0.0,0.0,,0
13,0.0,0.5,0.0,3.99,0.0,0.0,,0
13,0.0,0.5,0.0,4.0,0.0,0.0,,0
14,0.0277777777777778,0.5138888888888888,0.0,0.5,0.0,0.0,,0
14,0.0277777777777778,0.5138888888888888,0.0,0.51,0.0,0.0,,0
14,0.0277777777777778,0.5138888888888888,0.0,0.52,0.0,0.0,,0
14,0.0277777777777778,0.5138888888888888,0.0,0.53,0.0,0.0,,0
14,0.0277777777777778,0.5138888888888888,0.0,0.54,0.0,0.0,,0
14,0.0277777777777778,0.5138888888888888,0.0,0.55,0.0,0.0,,0
14,0.0277777777777778,0.5138888888888888,0.0,0.56,0.0,0.0,,0
14,0.0277777777777778,0.5138888888888888,0.0,0.57,0.0,0.0,,0
14,0.0277777777777778,0.5138888888888888,0.0,0.58,0.0,0.0,,0
14,0.0277777777777778,0.5138888888888888,0.0,0.59,0.0,0.0,,0
14,0.0277777777777778,0.5138888888888888,0.0,0.6,0.0,0.0,,0
14,0.0277777777777778,0.5138888888888888,0.0,0.61,0.0,0.0,,0
14,0.0277777777777778,0.5138888888888888,0.0,0.62,0.0,0.0,,0
14,0.0277777777777778,0.5138888888888888,0.0,0.63,0.0,0.0,,0
14,0.0277777777777778,0.5138888888888888,0.0,0.64,0.0,0.0,,0
14,0.0277777777777778,0.5138888888888888,0.0,0.65,0.0,0.0,,0
14,0.0277777777777778,0.5138888888888888,0.0,0.66,0.0,0.0,,0
14,0.0277777777777778,0.5138888888888888,0.0,0.67,0.0,0.0,,0
14,0.0277777777777778,0.5138888888888888,0.0,0.68,0.0,0.0,,0
14,0.0277777777777778,0.5138888888888888,0.0,0.69,0.0,0.0,,0
14,0.0277777777777778,0.5138888888888888,0.0,0.7,0.0,0.0,,0
14,0.0277777777777778,0.5138888888888888,0.0,0.71,0.0,0.0,,0
14,0.0277777777777778,0.5138888888888888,0.0,0.72,0.0,0.0,,0
14,0.0277777777777778,0.5138888888888888,0.0,0.73,0.0,0.0,,0
14,0.0277777777777778,0.5138888888888888,0.0,0.74,0.0,0.0,,0
14,0.0277777777777778,0.5138888888888888,0.0,0.75,0.0,0.0,,0
14,0.0277777777777778,0.5138888888888888,0.0,0.76,0.0,0.0,,0
14,0.0277777777777778,0.5138888888888888,0.0,0.77,0.0,0.0,,0
14,0.0277777777777778,0.5138888888888888,0.0,0.78,0.0,0.0,,0
14,0.0277777777777778,0.5138888888888888,0.0,0.79,0.0,0.0,,0
14,0.0277777777777778,0.5138888888888888,0.0,0.8,0.0,0.0,,0
14,0.0277777777777778,0.5138888888888888,0.0,0.81,0.0,0.0,,0
14,0.0277777777777778,0.5138888888888888,0.0,0.82,0.0,0.0,,0
14,0.0277777777777778,0.5138888888888888,0.0,0.83,0.0,0.0,,0
14,0.0277777777777778,0.5138888888888888,0.0,0.84,0.0,0.0,,0
14,0.0277777777777778,0.5138888888888888,0.0,0.85,0.0,0.0,,0
14,0.0277777777777778,0.5138888888888888,0.0,0.86,0.0,0.0,,0
14,0.0277777777777778,0.5138888888888888,0.0,0.87,0.0,0.0,,0
14,0.0277777777777778,0.5138888888888888,0.0,0.88,0.0,0.0,,0
14,0.0277777777777778,0.5138888888888888,0.0,0.89,0.0,0.0,,0
14,0.0277777777777778,0.5138888888888888,0.0,0.9,0.0,0.0,,0
14,0.0277777777777778,0.5138888888888888,0.0,0.91,0.0,0.0,,0
14,0.0277777777777778,0.5138888888888888,0.0,0.92,0.0,0.0,,0
14,0.0277777777777778,0.5138888888888888,0.0,0.93,0.0,0.0,,0
14,0.0277777777777778,0.5138888888888888,0.0,0.94,0.0,0.0,,0
14,0.0277777777777778,0.5138888888888888,0.0,0.95,0.0,0.0,,0
14,0.0277777777777778,0.5138888888888888,0.0,0.96,0.0,0.0,,0
14,0.0277777777777778,0.5138888888888888,0.0,0.97,0.0,0.0,,0
14,0.0277777777777778,0.5138888888888888,0.0,0.98,0.0,0.0,,0
14,0.0277777777777778,0.5138888888888888,0.0,0.99,0.0,0.0,,0
14,0.0277777777777778,0.5138888888888888,0.0,1.0,0.0,0.0,,0
14,0.0277777777777778,0.5138888888888888,0.0,1.01,0.0,0.0,,0
14,0.0277777777777778,0.5138888888888888,0.0,1.02,0.0,0.0,,0
14,0.0277777777777778,0.5138888888888888,0.0,1.03,0.0,0.0,,0
14,0.0277777777777778,0.5138888888888888,0.0,1.04,0.0,0.0,,0
14,0.0277777777777778,0.5138888888888888,0.0,1.05,0.0,0.0,,0
14,0.0277777777777778,0.5138888888888888,0.0,1.06,0.0,0.0,,0
14,0.0277777777777778,0.5138888888888888,0.0,1.07,0.0,0.0,,0
14,0.0277777777777778,0.5138888888888888,0.0,1.08,0.0,0.0,,0
14,0.0277777777777778,0.5138888888888888,0.0,1.09,0.0,0.0,,0
14,0.0277777777777778,0.5138888888888888,0.0,1.1,0.0,0.0,,0
14,0.0277777777777778,0.5138888888888888,0.0,1.11,0.0,0.0,,0
14,0.0277777777777778,0.5138888888888888,0.0,1.12,0.0,0.0,,0
14,0.0277777777777778,0.5138888888888888,0.0,1.13,0.0,0.0,,0
14,0.0277777777777778,0.5138888888888888,0.0,1.14,0.0,0.0,,0
14,0.0277777777777778,0.5138888888888888,0.0,1.15,0.0,0.0,,0
14,0.0277777777777778,0.5138888888888888,0.0,1.16,0.0,0.0,,0
14,0.0277777777777778,0.5138888888888888,0.0,1.17,0.0,0.0,,0
14,0.0277777777777778,0.5138888888888888,0.0,1.18,0.0,0.0,,0
14,0.0277777777777778,0.5138888888888888,0.0,1.19,0.0,0.0,,0
14,0.0277777777777778,0.5138888888888888,0.0,1.2,0.0,0.0,,0
14,0.0277777777777778,0.5138888888888888,0.0,1.21,0.0,0.0,,0
14,0.0277777777777778,0.5138888888888888,0.0,1.22,0.0,0.0,,0
14,0.0277777777777778,0.5138888888888888,0.0,1.23,0.0,0.0,,0
14,0.0277777777777778,0.5138888888888888,0.0,1.24,0.0,0.0,,0
14,0.0277777777777778,0.5138888888888888,0.0,1.25,0.0,0.0,,0
14,0.0277777777777778,0.5138888888888888,0.0,1.26,0.0,0.0,,0
14,0.0277777777777778,0.5138888888888888,0.0,1.27,0.0,0.0,,0
14,0.0277777777777778,0.5138888888888888,0.0,1.28,0.0,0.0,,0
14,0.0277777777777778,0.5138888888888888,0.0,1.29,0.0,0.0,,0
14,0.0277777777777778,0.5138888888888888,0.0,1.3,0.0,0.0,,0
14,0.0277777777777778,0.5138888888888888,0.0,1.31,0.0,0.0,,0
14,0.0277777777777778,0.5138888888888888,0.0,1.32,0.0,0.0,,0
14,0.0277777777777778,0.5138888888888888,0.0,1.33,0.0,0.0,,0
14,0.0277777777777778,0.5138888888888888,0.0,1.34,0.0,0.0,,0
14,0.0277777777777778,0.5138888888888888,0.0,1.35,0.0,0.0,,0
14,0.0277777777777778,0.5138888888888888,0.0,1.36,0.0,0.0,,0
14,0.0277777777777778,0.5138888888888888,0.0,1.37,0.0,0.0,,0
14,0.0277777777777778,0.5138888888888888,0.0,1.38,0.0,0.0,,0
14,0.0277777777777778,0.5138888888888888,0.0,1.39,0.0,0.0,,0
14,0.0277777777777778,0.5138888888888888,0.0,1.4,0.0,0.0,,0
14,0.0277777777777778,0.5138888888888888,0.0,1.41,0.0,0.0,,0
14,0.0277777777777778,0.5138888888888888,0.0,1.42,0.0,0.0,,0
14,0.0277777777777778,0.5138888888888888,0.0,1.43,0.0,0.0,,0
14,0.0277777777777778,0.5138888888888888,0.0,1.44,0.0,0.0,,0
14,0.0277777777777778,0.5138888888888888,0.0,1.45,0.0,0.0,,0
14,0.0277777777777778,0.5138888888888888,0.0,1.46,0.0,0.0,,0
14,0.0277777777777778,0.5138888888888888,0.0,1.47,0.0,0.0,,0
14,0.0277777777777778,0.5138888888888888,0.0,1.48,0.0,0.0,,0
14,0.0277777777777778,0.5138888888888888,0.0,1.49,0.0,0.0,,0
14,0.0277777777777778,0.5138888888888888,0.0,1.5,0.0,0.0,,0
14,0.0277777777777778,0.5138888888888888,0.0,1.51,0.0,0.0,,0
14,0.0277777777777778,0.5138888888888888,0.0,1.52,0.0,0.0,,0
14,0.0277777777777778,0.5138888888888888,0.0,1.53,0.0,0.0,,0
14,0.0277777777777778,0.5138888888888888,0.0,1.54,0.0,0.0,,0
14,0.0277777777777778,0.5138888888888888,0.0,1.55,0.0,0.0,,0
14,0.0277777777777778,0.5138888888888888,0.0,1.56,0.0,0.0,,0
14,0.0277777777777778,0.5138888888888888,0.0,1.57,0.0,0.0,,0
14,0.0277777777777778,0.5138888888888888,0.0,1.58,0.0,0.0,,0
14,0.0277777777777778,0.5138888888888888,0.0,1.59,0.0,0.0,,0
14,0.0277777777777778,0.5138888888888888,0.0,1.6,0.0,0.0,,0
14,0.0277777777777778,0.5138888888888888,0.0,1.61,0.0,0.0,,0
14,0.0277777777777778,0.5138888888888888,0.0,1.62,0.0,0.0,,0
14,0.0277777777777778,0.5138888888888888,0.0,1.63,0.0,0.0,,0
14,0.0277777777777778,0.5138888888888888,0.0,1.64,0.0,0.0,,0
14,0.0277777777777778,0.5138888888888888,0.0,1.65,0.0,0.0,,0
14,0.0277777777777778,0.5138888888888888,0.0,1.66,0.0,0.0,,0
14,0.0277777777777778,0.5138888888888888,0.0,1.67,0.0,0.0,,0
14,0.0277777777777778,0.5138888888888888,0.0,1.68,0.0,0.0,,0
14,0.0277777777777778,0.5138888888888888,0.0,1.69,0.0,0.0,,0
14,0.0277777777777778,0.5138888888888888,0.0,1.7,0.0,0.0,,0
14,0.0277777777777778,0.5138888888888888,0.0,1.71,0.0,0.0,,0
14,0.0277777777777778,0.5138888888888888,0.0,1.72,0.0,0.0,,0
14,0.0277777777777778,0.5138888888888888,0.0,1.73,0.0,0.0,,0
14,0.0277777777777778,0.5138888888888888,0.0,1.74,0.0,0.0,,0
14,0.0277777777777778,0.5138888888888888,0.0,1.75,0.0,0.0,,0
14,0.0277777777777778,0.5138888888888888,0.0,1.76,0.0,0.0,,0
14,0.0277777777777778,0.5138888888888888,0.0,1.77,0.0,0.0,,0
14,0.0277777777777778,0.5138888888888888,0.0,1.78,0.0,0.0,,0
14,0.0277777777777778,0.5138888888888888,0.0,1.79,0.0,0.0,,0
14,0.0277777777777778,0.5138888888888888,0.0,1.8,0.0,0.0,,0
14,0.0277777777777778,0.5138888888888888,0.0,1.81,0.0,0.0,,0
14,0.0277777777777778,0.5138888888888888,0.0,1.82,0.0,0.0,,0
14,0.0277777777777778,0.5138888888888888,0.0,1.83,0.0,0.0,,0
14,0.0277777777777778,0.5138888888888888,0.0,1.84,0.0,0.0,,0
14,0.0277777777777778,0.5138888888888888,0.0,1.85,0.0,0.0,,0
14,0.0277777777777778,0.5138888888888888,0.0,1.86,0.0,0.0,,0
14,0.0277777777777778,0.5138888888888888,0.0,1.87,0.0,0.0,,0
14,0.0277777777777778,0.5138888888888888,0.0,1.88,0.0,0.0,,0
14,0.0277777777777778,0.5138888888888888,0.0,1.89,0.0,0.0,,0
14,0.0277777777777778,0.5138888888888888,0.0,1.9,0.0,0.0,,0
14,0.0277777777777778,0.5138888888888888,0.0,1.91,0.0,0.0,,0
14,0.0277777777777778,0.5138888888888888,0.0,1.92,0.0,0.0,,0
14,0.0277777777777778,0.5138888888888888,0.0,1.93,0.0,0.0,,0
14,0.0277777777777778,0.5138888888888888,0.0,1.94,0.0,0.0,,0
14,0.0277777777777778,0.5138888888888888,0.0,1.95,0.0,0.0,,0
14,0.0277777777777778,0.5138888888888888,0.0,1.96,0.0,0.0,,0
14,0.0277777777777778,0.5138888888888888,0.0,1.97,0.0,0.0,,0
14,0.0277777777777778,0.5138888888888888,0.0,1.98,0.0,0.0,,0
14,0.0277777777777778,0.5138888888888888,0.0,1.99,0.0,0.0,,0
14,0.0277777777777778,0.5138888888888888,0.0,2.0,0.0,0.0,,0
14,0.0277777777777778,0.5138888888888888,0.0,2.01,0.0,0.0,,0
14,0.0277777777777778,0.5138888888888888,0.0,2.02,0.0,0.0,,0
14,0.0277777777777778,0.5138888888888888,0.0,2.03,0.0,0.0,,0
14,0.0277777777777778,0.5138888888888888,0.0,2.04,0.0,0.0,,0
14,0.0277777777777778,0.5138888888888888,0.0,2.05,0.0,0.0,,0
14,0.0277777777777778,0.5138888888888888,0.0,2.06,0.0,0.0,,0
14,0.0277777777777778,0.5138888888888888,0.0,2.07,0.0,0.0,,0
14,0.0277777777777778,0.5138888888888888,0.0,2.08,0.0,0.0,,0
14,0.0277777777777778,0.5138888888888888,0.0,2.09,0.0,0.0,,0
14,0.0277777777777778,0.5138888888888888,0.0,2.1,0.0,0.0,,0
14,0.0277777777777778,0.5138888888888888,0.0,2.11,0.0,0.0,,0
14,0.0277777777777778,0.5138888888888888,0.0,2.12,0.0,0.0,,0
14,0.0277777777777778,0.5138888888888888,0.0,2.13,0.0,0.0,,0
14,0.0277777777777778,0.5138888888888888,0.0,2.14,0.0,0.0,,0
14,0.0277777777777778,0.5138888888888888,0.0,2.15,0.0,0.0,,0
14,0.0277777777777778,0.5138888888888888,0.0,2.16,0.0,0.0,,0
14,0.0277777777777778,0.5138888888888888,0.0,2.17,0.0,0.0,,0
14,0.0277777777777778,0.5138888888888888,0.0,2.18,0.0,0.0,,0
14,0.0277777777777778,0.5138888888888888,0.0,2.19,0.0,0.0,,0
14,0.0277777777777778,0.5138888888888888,0.0,2.2,0.0,0.0,,0
14,0.0277777777777778,0.5138888888888888,0.0,2.21,0.0,0.0,,0
14,0.0277777777777778,0.5138888888888888,0.0,2.22,0.0,0.0,,0
14,0.0277777777777778,0.5138888888888888,0.0,2.23,0.0,0.0,,0
14,0.0277777777777778,0.5138888888888888,0.0,2.24,0.0,0.0,,0
14,0.0277777777777778,0.5138888888888888,0.0,2.25,0.0,0.0,,0
14,0.0277777777777778,0.5138888888888888,0.0,2.26,0.0,0.0,,0
14,0.0277777777777778,0.5138888888888888,0.0,2.27,0.0,0.0,,0
14,0.0277777777777778,0.5138888888888888,0.0,2.28,0.0,0.0,,0
14,0.0277777777777778,0.5138888888888888,0.0,2.29,0.0,0.0,,0
14,0.0277777777777778,0.5138888888888888,0.0,2.3,0.0,0.0,,0
14,0.0277777777777778,0.5138888888888888,0.0,2.31,0.0,0.0,,0
14,0.0277777777777778,0.5138888888888888,0.0,2.32,0.0,0.0,,0
14,0.0277777777777778,0.5138888888888888,0.0,2.33,0.0,0.0,,0
14,0.0277777777777778,0.5138888888888888,0.0,2.34,0.0,0.0,,0
14,0.0277777777777778,0.5138888888888888,0.0,2.35,0.0,0.0,,0
14,0.0277777777777778,0.5138888888888888,0.0,2.36,0.0,0.0,,0
14,0.0277777777777778,0.5138888888888888,0.0,2.37,0.0,0.0,,0
14,0.0277777777777778,0.5138888888888888,0.0,2.38,0.0,0.0,,0
14,0.0277777777777778,0.5138888888888888,0.0,2.39,0.0,0.0,,0
14,0.0277777777777778,0.5138888888888888,0.0,2.4,0.0,0.0,,0
14,0.0277777777777778,0.5138888888888888,0.0,2.41,0.0,0.0,,0
14,0.0277777777777778,0.5138888888888888,0.0,2.42,0.0,0.0,,0
14,0.0277777777777778,0.5138888888888888,0.0,2.43,0.0,0.0,,0
14,0.0277777777777778,0.5138888888888888,0.0,2.44,0.0,0.0,,0
14,0.0277777777777778,0.5138888888888888,0.0,2.45,0.0,0.0,,0
14,0.0277777777777778,0.5138888888888888,0.0,2.46,0.0,0.0,,0
14,0.0277777777777778,0.5138888888888888,0.0,2.47,0.0,0.0,,0
14,0.0277777777777778,0.5138888888888888,0.0,2.48,0.0,0.0,,0
14,0.0277777777777778,0.5138888888888888,0.0,2.49,0.0,0.0,,0
14,0.0277777777777778,0.5138888888888888,0.0,2.5,0.0,0.0,,0
14,0.0277777777777778,0.5138888888888888,0.0,2.51,0.0,0.0,,0
14,0.0277777777777778,0.5138888888888888,0.0,2.52,0.0,0.0,,0
14,0.0277777777777778,0.5138888888888888,0.0,2.53,0.0,0.0,,0
14,0.0277777777777778,0.5138888888888888,0.0,2.54,0.0,0.0,,0
14,0.0277777777777778,0.5138888888888888,0.0,2.55,0.0,0.0,,0
14,0.0277777777777778,0.5138888888888888,0.0,2.56,0.0,0.0,,0
14,0.0277777777777778,0.5138888888888888,0.0,2.57,0.0,0.0,,0
14,0.0277777777777778,0.5138888888888888,0.0,2.58,0.0,0.0,,0
14,0.0277777777777778,0.5138888888888888,0.0,2.59,0.0,0.0,,0
14,0.0277777777777778,0.5138888888888888,0.0,2.6,0.0,0.0,,0
14,0.0277777777777778,0.5138888888888888,0.0,2.61,0.0,0.0,,0
14,0.0277777777777778,0.5138888888888888,0.0,2.62,0.0,0.0,,0
14,0.0277777777777778,0.5138888888888888,0.0,2.63,0.0,0.0,,0
14,0.0277777777777778,0.5138888888888888,0.0,2.64,0.0,0.0,,0
14,0.0277777777777778,0.5138888888888888,0.0,2.65,0.0,0.0,,0
14,0.0277777777777778,0.5138888888888888,0.0,2.66,0.0001,0.0001,0.0,1
14,0.0277777777777778,0.5138888888888888,0.0,2.67,0.0001,0.0001,0.0,1
14,0.0277777777777778,0.5138888888888888,0.0,2.68,0.0002,0.0002,0.0,1
14,0.0277777777777778,0.5138888888888888,0.0,2.69,0.0003,0.0003,0.0,1
14,0.0277777777777778,0.5138888888888888,0.0,2.7,0.0004,0.0004,0.0,1
14,0.0277777777777778,0.5138888888888888,0.0,2.71,0.0007,0.0007,0.0,1
14,0.0277777777777778,0.5138888888888888,0.0,2.72,0.0009,0.0009,0.0,1
14,0.0277777777777778,0.5138888888888888,0.0,2.73,0.0013,0.0013,0.0,1
14,0.0277777777777778,0.5138888888888888,0.0,2.74,0.0017,0.0017,0.0,1
14,0.0277777777777778,0.5138888888888888,0.0,2.75,0.0022,0.0022,0.0,1
14,0.0277777777777778,0.5138888888888888,0.0,2.76,0.0027,0.0027,0.0,1
14,0.0277777777777778,0.5138888888888888,0.0,2.77,0.0032,0.0032,0.0,1
14,0.0277777777777778,0.5138888888888888,0.0,2.78,0.0037,0.0037,0.0,1
14,0.0277777777777778,0.5138888888888888,0.0,2.79,0.0042,0.0042,0.0,1
14,0.0277777777777778,0.5138888888888888,0.0,2.8,0.0046,0.0046,0.0,1
14,0.0277777777777778,0.5138888888888888,0.0,2.81,0.005,0.005,0.0,1
14,0.0277777777777778,0.5138888888888888,0.0,2.82,0.0053,0.0053,0.0,1
14,0.0277777777777778,0.5138888888888888,0.0,2.83,0.0055,0.0055,0.0,1
14,0.0277777777777778,0.5138888888888888,0.0,2.84,0.0057,0.0057,0.0,1
14,0.0277777777777778,0.5138888888888888,0.0,2.85,0.0058,0.0058,0.0,1
14,0.0277777777777778,0.5138888888888888,0.0,2.86,0.0058,0.0058,0.0,1
14,0.0277777777777778,0.5138888888888888,0.0,2.87,0.0057,0.0057,0.0,1
14,0.0277777777777778,0.5138888888888888,0.0,2.88,0.0055,0.0055,0.0,1
14,0.0277777777777778,0.5138888888888888,0.0,2.89,0.0052,0.0052,0.0,1
14,0.0277777777777778,0.5138888888888888,0.0,2.9,0.0048,0.0048,0.0,1
14,0.0277777777777778,0.5138888888888888,0.0,2.91,0.0043,0.0043,0.0,1
14,0.0277777777777778,0.5138888888888888,0.0,2.92,0.0038,0.0038,0.0,1
14,0.0277777777777778,0.5138888888888888,0.0,2.93,0.0032,0.0032,0.0,1
14,0.0277777777777778,0.5138888888888888,0.0,2.94,0.0026,0.0026,0.0,1
14,0.0277777777777778,0.5138888888888888,0.0,2.95,0.002,0.002,0.0,1
14,0.0277777777777778,0.5138888888888888,0.0,2.96,0.0015,0.0015,0.0,1
14,0.0277777777777778,0.5138888888888888,0.0,2.97,0.0011,0.0011,0.0,1
14,0.0277777777777778,0.5138888888888888,0.0,2.98,0.0008,0.0008,0.0,1
14,0.0277777777777778,0.5138888888888888,0.0,2.99,0.0005,0.0005,0.0,1
14,0.0277777777777778,0.5138888888888888,0.0,3.0,0.0004,0.0004,0.0,1
14,0.0277777777777778,0.5138888888888888,0.0,3.01,0.0002,0.0002,0.0,1
14,0.0277777777777778,0.5138888888888888,0.0,3.02,0.0002,0.0002,0.0,1
14,0.0277777777777778,0.5138888888888888,0.0,3.03,0.0002,0.0002,0.0,1
14,0.0277777777777778,0.5138888888888888,0.0,3.04,0.0002,0.0002,0.0,1
14,0.0277777777777778,0.5138888888888888,0.0,3.05,0.0002,0.0002,0.0,1
14,0.0277777777777778,0.5138888888888888,0.0,3.06,0.0003,0.0003,0.0,1
14,0.0277777777777778,0.5138888888888888,0.0,3.07,0.0004,0.0004,0.0,1
14,0.0277777777777778,0.5138888888888888,0.0,3.08,0.0006,0.0006,0.0,1
14,0.0277777777777778,0.5138888888888888,0.0,3.09,0.0007,0.0007,0.0,1
14,0.0277777777777778,0.5138888888888888,0.0,3.1,0.0009,0.0009,0.0,1
14,0.0277777777777778,0.5138888888888888,0.0,3.11,0.001,0.001,0.0,1
14,0.0277777777777778,0.5138888888888888,0.0,3.12,0.0011,0.0011,0.0,1
14,0.0277777777777778,0.5138888888888888,0.0,3.13,0.0013,0.0013,0.0,1
14,0.0277777777777778,0.5138888888888888,0.0,3.14,0.0013,0.0013,0.0,1
14,0.0277777777777778,0.5138888888888888,0.0,3.15,0.0014,0.0014,0.0,1
14,0.0277777777777778,0.5138888888888888,0.0,3.16,0.0014,0.0014,0.0,1
14,0.0277777777777778,0.5138888888888888,0.0,3.17,0.0014,0.0014,0.0,1
14,0.0277777777777778,0.5138888888888888,0.0,3.18,0.0013,0.0013,0.0,1
14,0.0277777777777778,0.5138888888888888,0.0,3.19,0.0013,0.0013,0.0,1
14,0.0277777777777778,0.5138888888888888,0.0,3.2,0.0013,0.0013,0.0,1
14,0.0277777777777778,0.5138888888888888,0.0,3.21,0.0013,0.0013,0.0,1
14,0.0277777777777778,0.5138888888888888,0.0,3.22,0.0013,0.0013,0.0,1
14,0.0277777777777778,0.5138888888888888,0.0,3.23,0.0014,0.0014,0.0,1
14,0.0277777777777778,0.5138888888888888,0.0,3.24,0.0014,0.0014,0.0,1
14,0.0277777777777778,0.5138888888888888,0.0,3.25,0.0015,0.0015,0.0,1
14,0.0277777777777778,0.5138888888888888,0.0,3.26,0.0016,0.0016,0.0,1
14,0.0277777777777778,0.5138888888888888,0.0,3.27,0.0016,0.0016,0.0,1
14,0.0277777777777778,0.5138888888888888,0.0,3.28,0.0016,0.0016,0.0,1
14,0.0277777777777778,0.5138888888888888,0.0,3.29,0.0015,0.0015,0.0,1
14,0.0277777777777778,0.5138888888888888,0.0,3.3,0.0014,0.0014,0.0,1
14,0.0277777777777778,0.5138888888888888,0.0,3.31,0.0013,0.0013,0.0,1
14,0.0277777777777778,0.5138888888888888,0.0,3.32,0.0011,0.0011,0.0,1
14,0.0277777777777778,0.5138888888888888,0.0,3.33,0.0009,0.0009,0.0,1
14,0.0277777777777778,0.5138888888888888,0.0,3.34,0.0007,0.0007,0.0,1
14,0.0277777777777778,0.5138888888888888,0.0,3.35,0.0005,0.0005,0.0,1
14,0.0277777777777778,0.5138888888888888,0.0,3.36,0.0004,0.0004,0.0,1
14,0.0277777777777778,0.5138888888888888,0.0,3.37,0.0003,0.0003,0.0,1
14,0.0277777777777778,0.5138888888888888,0.0,3.38,0.0002,0.0002,0.0,1
14,0.0277777777777778,0.5138888888888888,0.0,3.39,0.0001,0.0001,0.0,1
14,0.0277777777777778,0.5138888888888888,0.0,3.4,0.0001,0.0001,0.0,1
14,0.0277777777777778,0.5138888888888888,0.0,3.41,0.0,0.0,,0
14,0.0277777777777778,0.5138888888888888,0.0,3.42,0.0,0.0,,0
14,0.0277777777777778,0.5138888888888888,0.0,3.43,0.0,0.0,,0
14,0.0277777777777778,0.5138888888888888,0.0,3.44,0.0,0.0,,0
14,0.0277777777777778,0.5138888888888888,0.0,3.45,0.0,0.0,,0
14,0.0277777777777778,0.5138888888888888,0.0,3.46,0.0,0.0,,0
14,0.0277777777777778,0.5138888888888888,0.0,3.47,0.0,0.0,,0
14,0.0277777777777778,0.5138888888888888,0.0,3.48,0.0,0.0,,0
14,0.0277777777777778,0.5138888888888888,0.0,3.49,0.0,0.0,,0
14,0.0277777777777778,0.5138888888888888,0.0,3.5,0.0,0.0,,0
14,0.0277777777777778,0.5138888888888888,0.0,3.51,0.0,0.0,,0
14,0.0277777777777778,0.5138888888888888,0.0,3.52,0.0,0.0,,0
14,0.0277777777777778,0.5138888888888888,0.0,3.53,0.0,0.0,,0
14,0.0277777777777778,0.5138888888888888,0.0,3.54,0.0,0.0,,0
14,0.0277777777777778,0.5138888888888888,0.0,3.55,0.0,0.0,,0
14,0.0277777777777778,0.5138888888888888,0.0,3.56,0.0,0.0,,0
14,0.0277777777777778,0.5138888888888888,0.0,3.57,0.0,0.0,,0
14,0.0277777777777778,0.5138888888888888,0.0,3.58,0.0,0.0,,0
14,0.0277777777777778,0.5138888888888888,0.0,3.59,0.0,0.0,,0
14,0.0277777777777778,0.5138888888888888,0.0,3.6,0.0,0.0,,0
14,0.0277777777777778,0.5138888888888888,0.0,3.61,0.0,0.0,,0
14,0.0277777777777778,0.5138888888888888,0.0,3.62,0.0,0.0,,0
14,0.0277777777777778,0.5138888888888888,0.0,3.63,0.0,0.0,,0
14,0.0277777777777778,0.5138888888888888,0.0,3.64,0.0,0.0,,0
14,0.0277777777777778,0.5138888888888888,0.0,3.65,0.0,0.0,,0
14,0.0277777777777778,0.5138888888888888,0.0,3.66,0.0,0.0,,0
14,0.0277777777777778,0.5138888888888888,0.0,3.67,0.0,0.0,,0
14,0.0277777777777778,0.5138888888888888,0.0,3.68,0.0,0.0,,0
14,0.0277777777777778,0.5138888888888888,0.0,3.69,0.0,0.0,,0
14,0.0277777777777778,0.5138888888888888,0.0,3.7,0.0,0.0,,0
14,0.0277777777777778,0.5138888888888888,0.0,3.71,0.0,0.0,,0
14,0.0277777777777778,0.5138888888888888,0.0,3.72,0.0,0.0,,0
14,0.0277777777777778,0.5138888888888888,0.0,3.73,0.0,0.0,,0
14,0.0277777777777778,0.5138888888888888,0.0,3.74,0.0,0.0,,0
14,0.0277777777777778,0.5138888888888888,0.0,3.75,0.0,0.0,,0
14,0.0277777777777778,0.5138888888888888,0.0,3.76,0.0,0.0,,0
14,0.0277777777777778,0.5138888888888888,0.0,3.77,0.0,0.0,,0
14,0.0277777777777778,0.5138888888888888,0.0,3.78,0.0,0.0,,0
14,0.0277777777777778,0.5138888888888888,0.0,3.79,0.0,0.0,,0
14,0.0277777777777778,0.5138888888888888,0.0,3.8,0.0,0.0,,0
14,0.0277777777777778,0.5138888888888888,0.0,3.81,0.0,0.0,,0
14,0.0277777777777778,0.5138888888888888,0.0,3.82,0.0,0.0,,0
14,0.0277777777777778,0.5138888888888888,0.0,3.83,0.0,0.0,,0
14,0.0277777777777778,0.5138888888888888,0.0,3.84,0.0,0.0,,0
14,0.0277777777777778,0.5138888888888888,0.0,3.85,0.0,0.0,,0
14,0.0277777777777778,0.5138888888888888,0.0,3.86,0.0,0.0,,0
14,0.0277777777777778,0.5138888888888888,0.0,3.87,0.0,0.0,,0
14,0.0277777777777778,0.5138888888888888,0.0,3.88,0.0,0.0,,0
14,0.0277777777777778,0.5138888888888888,0.0,3.89,0.0,0.0,,0
14,0.0277777777777778,0.5138888888888888,0.0,3.9,0.0,0.0,,0
14,0.0277777777777778,0.5138888888888888,0.0,3.91,0.0,0.0,,0
14,0.0277777777777778,0.5138888888888888,0.0,3.92,0.0,0.0,,0
14,0.0277777777777778,0.5138888888888888,0.0,3.93,0.0,0.0,,0
14,0.0277777777777778,0.5138888888888888,0.0,3.94,0.0,0.0,,0
14,0.0277777777777778,0.5138888888888888,0.0,3.95,0.0,0.0,,0
14,0.0277777777777778,0.5138888888888888,0.0,3.96,0.0,0.0,,0
14,0.0277777777777778,0.5138888888888888,0.0,3.97,0.0,0.0,,0
14,0.0277777777777778,0.5138888888888888,0.0,3.98,0.0,0.0,,0
14,0.0277777777777778,0.5138888888888888,0.0,3.99,0.0,0.0,,0
14,0.0277777777777778,0.5138888888888888,0.0,4.0,0.0,0.0,,0
15,0.0555555555555556,0.5277777777777778,0.0,0.5,0.0,0.0,,0
15,0.0555555555555556,0.5277777777777778,0.0,0.51,0.0,0.0,,0
15,0.0555555555555556,0.5277777777777778,0.0,0.52,0.0,0.0,,0
15,0.0555555555555556,0.5277777777777778,0.0,0.53,0.0,0.0,,0
15,0.0555555555555556,0.5277777777777778,0.0,0.54,0.0,0.0,,0
15,0.0555555555555556,0.5277777777777778,0.0,0.55,0.0,0.0,,0
15,0.0555555555555556,0.5277777777777778,0.0,0.56,0.0,0.0,,0
15,0.0555555555555556,0.5277777777777778,0.0,0.57,0.0,0.0,,0
15,0.0555555555555556,0.5277777777777778,0.0,0.58,0.0,0.0,,0
15,0.0555555555555556,0.5277777777777778,0.0,0.59,0.0,0.0,,0
15,0.0555555555555556,0.5277777777777778,0.0,0.6,0.0,0.0,,0
15,0.0555555555555556,0.5277777777777778,0.0,0.61,0.0,0.0,,0
15,0.0555555555555556,0.5277777777777778,0.0,0.62,0.0,0.0,,0
15,0.0555555555555556,0.5277777777777778,0.0,0.63,0.0,0.0,,0
15,0.0555555555555556,0.5277777777777778,0.0,0.64,0.0,0.0,,0
15,0.0555555555555556,0.5277777777777778,0.0,0.65,0.0,0.0,,0
15,0.0555555555555556,0.5277777777777778,0.0,0.66,0.0,0.0,,0
15,0.0555555555555556,0.5277777777777778,0.0,0.67,0.0,0.0,,0
15,0.0555555555555556,0.5277777777777778,0.0,0.68,0.0,0.0,,0
15,0.0555555555555556,0.5277777777777778,0.0,0.69,0.0,0.0,,0
15,0.0555555555555556,0.5277777777777778,0.0,0.7,0.0,0.0,,0
15,0.0555555555555556,0.5277777777777778,0.0,0.71,0.0,0.0,,0
15,0.0555555555555556,0.5277777777777778,0.0,0.72,0.0,0.0,,0
15,0.0555555555555556,0.5277777777777778,0.0,0.73,0.0,0.0,,0
15,0.0555555555555556,0.5277777777777778,0.0,0.74,0.0,0.0,,0
15,0.0555555555555556,0.5277777777777778,0.0,0.75,0.0,0.0,,0
15,0.0555555555555556,0.5277777777777778,0.0,0.76,0.0,0.0,,0
15,0.0555555555555556,0.5277777777777778,0.0,0.77,0.0,0.0,,0
15,0.0555555555555556,0.5277777777777778,0.0,0.78,0.0,0.0,,0
15,0.0555555555555556,0.5277777777777778,0.0,0.79,0.0,0.0,,0
15,0.0555555555555556,0.5277777777777778,0.0,0.8,0.0,0.0,,0
15,0.0555555555555556,0.5277777777777778,0.0,0.81,0.0,0.0,,0
15,0.0555555555555556,0.5277777777777778,0.0,0.82,0.0,0.0,,0
15,0.0555555555555556,0.5277777777777778,0.0,0.83,0.0,0.0,,0
15,0.0555555555555556,0.5277777777777778,0.0,0.84,0.0,0.0,,0
15,0.0555555555555556,0.5277777777777778,0.0,0.85,0.0,0.0,,0
15,0.0555555555555556,0.5277777777777778,0.0,0.86,0.0,0.0,,0
15,0.0555555555555556,0.5277777777777778,0.0,0.87,0.0,0.0,,0
15,0.0555555555555556,0.5277777777777778,0.0,0.88,0.0,0.0,,0
15,0.0555555555555556,0.5277777777777778,0.0,0.89,0.0,0.0,,0
15,0.0555555555555556,0.5277777777777778,0.0,0.9,0.0,0.0,,0
15,0.0555555555555556,0.5277777777777778,0.0,0.91,0.0,0.0,,0
15,0.0555555555555556,0.5277777777777778,0.0,0.92,0.0,0.0,,0
15,0.0555555555555556,0.5277777777777778,0.0,0.93,0.0,0.0,,0
15,0.0555555555555556,0.5277777777777778,0.0,0.94,0.0,0.0,,0
15,0.0555555555555556,0.5277777777777778,0.0,0.95,0.0,0.0,,0
15,0.0555555555555556,0.5277777777777778,0.0,0.96,0.0,0.0,,0
15,0.0555555555555556,0.5277777777777778,0.0,0.97,0.0,0.0,,0
15,0.0555555555555556,0.5277777777777778,0.0,0.98,0.0,0.0,,0
15,0.0555555555555556,0.5277777777777778,0.0,0.99,0.0,0.0,,0
15,0.0555555555555556,0.5277777777777778,0.0,1.0,0.0,0.0,,0
15,0.0555555555555556,0.5277777777777778,0.0,1.01,0.0,0.0,,0
15,0.0555555555555556,0.5277777777777778,0.0,1.02,0.0,0.0,,0
15,0.0555555555555556,0.5277777777777778,0.0,1.03,0.0,0.0,,0
15,0.0555555555555556,0.5277777777777778,0.0,1.04,0.0,0.0,,0
15,0.0555555555555556,0.5277777777777778,0.0,1.05,0.0,0.0,,0
15,0.0555555555555556,0.5277777777777778,0.0,1.06,0.0,0.0,,0
15,0.0555555555555556,0.5277777777777778,0.0,1.07,0.0,0.0,,0
15,0.0555555555555556,0.5277777777777778,0.0,1.08,0.0,0.0,,0
15,0.0555555555555556,0.5277777777777778,0.0,1.09,0.0,0.0,,0
15,0.0555555555555556,0.5277777777777778,0.0,1.1,0.0,0.0,,0
15,0.0555555555555556,0.5277777777777778,0.0,1.11,0.0,0.0,,0
15,0.0555555555555556,0.5277777777777778,0.0,1.12,0.0,0.0,,0
15,0.0555555555555556,0.5277777777777778,0.0,1.13,0.0,0.0,,0
15,0.0555555555555556,0.5277777777777778,0.0,1.14,0.0,0.0,,0
15,0.0555555555555556,0.5277777777777778,0.0,1.15,0.0,0.0,,0
15,0.0555555555555556,0.5277777777777778,0.0,1.16,0.0,0.0,,0
15,0.0555555555555556,0.5277777777777778,0.0,1.17,0.0,0.0,,0
15,0.0555555555555556,0.5277777777777778,0.0,1.18,0.0,0.0,,0
15,0.0555555555555556,0.5277777777777778,0.0,1.19,0.0,0.0,,0
15,0.0555555555555556,0.5277777777777778,0.0,1.2,0.0,0.0,,0
15,0.0555555555555556,0.5277777777777778,0.0,1.21,0.0,0.0,,0
15,0.0555555555555556,0.5277777777777778,0.0,1.22,0.0,0.0,,0
15,0.0555555555555556,0.5277777777777778,0.0,1.23,0.0,0.0,,0
15,0.0555555555555556,0.5277777777777778,0.0,1.24,0.0,0.0,,0
15,0.0555555555555556,0.5277777777777778,0.0,1.25,0.0,0.0,,0
15,0.0555555555555556,0.5277777777777778,0.0,1.26,0.0,0.0,,0
15,0.0555555555555556,0.5277777777777778,0.0,1.27,0.0,0.0,,0
15,0.0555555555555556,0.5277777777777778,0.0,1.28,0.0,0.0,,0
15,0.0555555555555556,0.5277777777777778,0.0,1.29,0.0,0.0,,0
15,0.0555555555555556,0.5277777777777778,0.0,1.3,0.0,0.0,,0
15,0.0555555555555556,0.5277777777777778,0.0,1.31,0.0,0.0,,0
15,0.0555555555555556,0.5277777777777778,0.0,1.32,0.0,0.0,,0
15,0.0555555555555556,0.5277777777777778,0.0,1.33,0.0,0.0,,0
15,0.0555555555555556,0.5277777777777778,0.0,1.34,0.0,0.0,,0
15,0.0555555555555556,0.5277777777777778,0.0,1.35,0.0,0.0,,0
15,0.0555555555555556,0.5277777777777778,0.0,1.36,0.0,0.0,,0
15,0.0555555555555556,0.5277777777777778,0.0,1.37,0.0,0.0,,0
15,0.0555555555555556,0.5277777777777778,0.0,1.38,0.0,0.0,,0
15,0.0555555555555556,0.5277777777777778,0.0,1.39,0.0,0.0,,0
15,0.0555555555555556,0.5277777777777778,0.0,1.4,0.0,0.0,,0
15,0.0555555555555556,0.5277777777777778,0.0,1.41,0.0,0.0,,0
15,0.0555555555555556,0.5277777777777778,0.0,1.42,0.0,0.0,,0
15,0.0555555555555556,0.5277777777777778,0.0,1.43,0.0,0.0,,0
15,0.0555555555555556,0.5277777777777778,0.0,1.44,0.0,0.0,,0
15,0.0555555555555556,0.5277777777777778,0.0,1.45,0.0,0.0,,0
15,0.0555555555555556,0.5277777777777778,0.0,1.46,0.0,0.0,,0
15,0.0555555555555556,0.5277777777777778,0.0,1.47,0.0,0.0,,0
15,0.0555555555555556,0.5277777777777778,0.0,1.48,0.0,0.0,,0
15,0.0555555555555556,0.5277777777777778,0.0,1.49,0.0,0.0,,0
15,0.0555555555555556,0.5277777777777778,0.0,1.5,0.0,0.0,,0
15,0.0555555555555556,0.5277777777777778,0.0,1.51,0.0,0.0,,0
15,0.0555555555555556,0.5277777777777778,0.0,1.52,0.0,0.0,,0
15,0.0555555555555556,0.5277777777777778,0.0,1.53,0.0,0.0,,0
15,0.0555555555555556,0.5277777777777778,0.0,1.54,0.0,0.0,,0
15,0.0555555555555556,0.5277777777777778,0.0,1.55,0.0,0.0,,0
15,0.0555555555555556,0.5277777777777778,0.0,1.56,0.0,0.0,,0
15,0.0555555555555556,0.5277777777777778,0.0,1.57,0.0,0.0,,0
15,0.0555555555555556,0.5277777777777778,0.0,1.58,0.0,0.0,,0
15,0.0555555555555556,0.5277777777777778,0.0,1.59,0.0,0.0,,0
15,0.0555555555555556,0.5277777777777778,0.0,1.6,0.0,0.0,,0
15,0.0555555555555556,0.5277777777777778,0.0,1.61,0.0,0.0,,0
15,0.0555555555555556,0.5277777777777778,0.0,1.62,0.0,0.0,,0
15,0.0555555555555556,0.5277777777777778,0.0,1.63,0.0,0.0,,0
15,0.0555555555555556,0.5277777777777778,0.0,1.64,0.0,0.0,,0
15,0.0555555555555556,0.5277777777777778,0.0,1.65,0.0,0.0,,0
15,0.0555555555555556,0.5277777777777778,0.0,1.66,0.0,0.0,,0
15,0.0555555555555556,0.5277777777777778,0.0,1.67,0.0,0.0,,0
15,0.0555555555555556,0.5277777777777778,0.0,1.68,0.0,0.0,,0
15,0.0555555555555556,0.5277777777777778,0.0,1.69,0.0,0.0,,0
15,0.0555555555555556,0.5277777777777778,0.0,1.7,0.0,0.0,,0
15,0.0555555555555556,0.5277777777777778,0.0,1.71,0.0,0.0,,0
15,0.0555555555555556,0.5277777777777778,0.0,1.72,0.0,0.0,,0
15,0.0555555555555556,0.5277777777777778,0.0,1.73,0.0,0.0,,0
15,0.0555555555555556,0.5277777777777778,0.0,1.74,0.0,0.0,,0
15,0.0555555555555556,0.5277777777777778,0.0,1.75,0.0,0.0,,0
15,0.0555555555555556,0.5277777777777778,0.0,1.76,0.0,0.0,,0
15,0.0555555555555556,0.5277777777777778,0.0,1.77,0.0,0.0,,0
15,0.0555555555555556,0.5277777777777778,0.0,1.78,0.0,0.0,,0
15,0.0555555555555556,0.5277777777777778,0.0,1.79,0.0,0.0,,0
15,0.0555555555555556,0.5277777777777778,0.0,1.8,0.0,0.0,,0
15,0.0555555555555556,0.5277777777777778,0.0,1.81,0.0,0.0,,0
15,0.0555555555555556,0.5277777777777778,0.0,1.82,0.0,0.0,,0
15,0.0555555555555556,0.5277777777777778,0.0,1.83,0.0,0.0,,0
15,0.0555555555555556,0.5277777777777778,0.0,1.84,0.0,0.0,,0
15,0.0555555555555556,0.5277777777777778,0.0,1.85,0.0,0.0,,0
15,0.0555555555555556,0.5277777777777778,0.0,1.86,0.0,0.0,,0
15,0.0555555555555556,0.5277777777777778,0.0,1.87,0.0,0.0,,0
15,0.0555555555555556,0.5277777777777778,0.0,1.88,0.0,0.0,,0
15,0.0555555555555556,0.5277777777777778,0.0,1.89,0.0,0.0,,0
15,0.0555555555555556,0.5277777777777778,0.0,1.9,0.0,0.0,,0
15,0.0555555555555556,0.5277777777777778,0.0,1.91,0.0,0.0,,0
15,0.0555555555555556,0.5277777777777778,0.0,1.92,0.0,0.0,,0
15,0.0555555555555556,0.5277777777777778,0.0,1.93,0.0,0.0,,0
15,0.0555555555555556,0.5277777777777778,0.0,1.94,0.0,0.0,,0
15,0.0555555555555556,0.5277777777777778,0.0,1.95,0.0,0.0,,0
15,0.0555555555555556,0.5277777777777778,0.0,1.96,0.0,0.0,,0
15,0.0555555555555556,0.5277777777777778,0.0,1.97,0.0,0.0,,0
15,0.0555555555555556,0.5277777777777778,0.0,1.98,0.0,0.0,,0
15,0.0555555555555556,0.5277777777777778,0.0,1.99,0.0,0.0,,0
15,0.0555555555555556,0.5277777777777778,0.0,2.0,0.0,0.0,,0
15,0.0555555555555556,0.5277777777777778,0.0,2.01,0.0,0.0,,0
15,0.0555555555555556,0.5277777777777778,0.0,2.02,0.0,0.0,,0
15,0.0555555555555556,0.5277777777777778,0.0,2.03,0.0,0.0,,0
15,0.0555555555555556,0.5277777777777778,0.0,2.04,0.0,0.0,,0
15,0.0555555555555556,0.5277777777777778,0.0,2.05,0.0,0.0,,0
15,0.0555555555555556,0.5277777777777778,0.0,2.06,0.0,0.0,,0
15,0.0555555555555556,0.5277777777777778,0.0,2.07,0.0,0.0,,0
15,0.0555555555555556,0.5277777777777778,0.0,2.08,0.0,0.0,,0
15,0.0555555555555556,0.5277777777777778,0.0,2.09,0.0,0.0,,0
15,0.0555555555555556,0.5277777777777778,0.0,2.1,0.0,0.0,,0
15,0.0555555555555556,0.5277777777777778,0.0,2.11,0.0,0.0,,0
15,0.0555555555555556,0.5277777777777778,0.0,2.12,0.0,0.0,,0
15,0.0555555555555556,0.5277777777777778,0.0,2.13,0.0,0.0,,0
15,0.0555555555555556,0.5277777777777778,0.0,2.14,0.0,0.0,,0
15,0.0555555555555556,0.5277777777777778,0.0,2.15,0.0,0.0,,0
15,0.0555555555555556,0.5277777777777778,0.0,2.16,0.0,0.0,,0
15,0.0555555555555556,0.5277777777777778,0.0,2.17,0.0,0.0,,0
15,0.0555555555555556,0.5277777777777778,0.0,2.18,0.0,0.0,,0
15,0.0555555555555556,0.5277777777777778,0.0,2.19,0.0,0.0,,0
15,0.0555555555555556,0.5277777777777778,0.0,2.2,0.0,0.0,,0
15,0.0555555555555556,0.5277777777777778,0.0,2.21,0.0,0.0,,0
15,0.0555555555555556,0.5277777777777778,0.0,2.22,0.0,0.0,,0
15,0.0555555555555556,0.5277777777777778,0.0,2.23,0.0,0.0,,0
15,0.0555555555555556,0.5277777777777778,0.0,2.24,0.0,0.0,,0
15,0.0555555555555556,0.5277777777777778,0.0,2.25,0.0,0.0,,0
15,0.0555555555555556,0.5277777777777778,0.0,2.26,0.0,0.0,,0
15,0.0555555555555556,0.5277777777777778,0.0,2.27,0.0,0.0,,0
15,0.0555555555555556,0.5277777777777778,0.0,2.28,0.0,0.0,,0
15,0.0555555555555556,0.5277777777777778,0.0,2.29,0.0,0.0,,0
15,0.0555555555555556,0.5277777777777778,0.0,2.3,0.0,0.0,,0
15,0.0555555555555556,0.5277777777777778,0.0,2.31,0.0,0.0,,0
15,0.0555555555555556,0.5277777777777778,0.0,2.32,0.0,0.0,,0
15,0.0555555555555556,0.5277777777777778,0.0,2.33,0.0,0.0,,0
15,0.0555555555555556,0.5277777777777778,0.0,2.34,0.0,0.0,,0
15,0.0555555555555556,0.5277777777777778,0.0,2.35,0.0,0.0,,0
15,0.0555555555555556,0.5277777777777778,0.0,2.36,0.0,0.0,,0
15,0.0555555555555556,0.5277777777777778,0.0,2.37,0.0,0.0,,0
15,0.0555555555555556,0.5277777777777778,0.0,2.38,0.0,0.0,,0
15,0.0555555555555556,0.5277777777777778,0.0,2.39,0.0,0.0,,0
15,0.0555555555555556,0.5277777777777778,0.0,2.4,0.0,0.0,,0
15,0.0555555555555556,0.5277777777777778,0.0,2.41,0.0,0.0,,0
15,0.0555555555555556,0.5277777777777778,0.0,2.42,0.0,0.0,,0
15,0.0555555555555556,0.5277777777777778,0.0,2.43,0.0,0.0,,0
15,0.0555555555555556,0.5277777777777778,0.0,2.44,0.0,0.0,,0
15,0.0555555555555556,0.5277777777777778,0.0,2.45,0.0,0.0,,0
15,0.0555555555555556,0.5277777777777778,0.0,2.46,0.0,0.0,,0
15,0.0555555555555556,0.5277777777777778,0.0,2.47,0.0,0.0,,0
15,0.0555555555555556,0.5277777777777778,0.0,2.48,0.0,0.0,,0
15,0.0555555555555556,0.5277777777777778,0.0,2.49,0.0,0.0,,0
15,0.0555555555555556,0.5277777777777778,0.0,2.5,0.0,0.0,,0
15,0.0555555555555556,0.5277777777777778,0.0,2.51,0.0,0.0,,0
15,0.0555555555555556,0.5277777777777778,0.0,2.52,0.0,0.0,,0
15,0.0555555555555556,0.5277777777777778,0.0,2.53,0.0,0.0,,0
15,0.0555555555555556,0.5277777777777778,0.0,2.54,0.0,0.0,,0
15,0.0555555555555556,0.5277777777777778,0.0,2.55,0.0,0.0,,0
15,0.0555555555555556,0.5277777777777778,0.0,2.56,0.0001,0.0001,0.0,1
15,0.0555555555555556,0.5277777777777778,0.0,2.57,0.0001,0.0001,0.0,1
15,0.0555555555555556,0.5277777777777778,0.0,2.58,0.0002,0.0002,0.0,1
15,0.0555555555555556,0.5277777777777778,0.0,2.59,0.0003,0.0003,0.0,1
15,0.0555555555555556,0.5277777777777778,0.0,2.6,0.0005,0.0005,0.0,1
15,0.0555555555555556,0.5277777777777778,0.0,2.61,0.0007,0.0007,0.0,1
15,0.0555555555555556,0.5277777777777778,0.0,2.62,0.0009,0.0009,0.0,1
15,0.0555555555555556,0.5277777777777778,0.0,2.63,0.0013,0.0013,0.0,1
15,0.0555555555555556,0.5277777777777778,0.0,2.64,0.0017,0.0017,0.0,1
15,0.0555555555555556,0.5277777777777778,0.0,2.65,0.0021,0.0021,0.0,1
15,0.0555555555555556,0.5277777777777778,0.0,2.66,0.0026,0.0026,0.0,1
15,0.0555555555555556,0.5277777777777778,0.0,2.67,0.0031,0.0031,0.0,1
15,0.0555555555555556,0.5277777777777778,0.0,2.68,0.0036,0.0036,0.0,1
15,0.0555555555555556,0.5277777777777778,0.0,2.69,0.004,0.004,0.0,1
15,0.0555555555555556,0.5277777777777778,0.0,2.7,0.0044,0.0044,0.0,1
15,0.0555555555555556,0.5277777777777778,0.0,2.71,0.0047,0.0047,0.0,1
15,0.0555555555555556,0.5277777777777778,0.0,2.72,0.005,0.005,0.0,1
15,0.0555555555555556,0.5277777777777778,0.0,2.73,0.0052,0.0052,0.0,1
15,0.0555555555555556,0.5277777777777778,0.0,2.74,0.0053,0.0053,0.0,1
15,0.0555555555555556,0.5277777777777778,0.0,2.75,0.0054,0.0054,0.0,1
15,0.0555555555555556,0.5277777777777778,0.0,2.76,0.0055,0.0055,0.0,1
15,0.0555555555555556,0.5277777777777778,0.0,2.77,0.0056,0.0056,0.0,1
15,0.0555555555555556,0.5277777777777778,0.0,2.78,0.0056,0.0056,0.0,1
15,0.0555555555555556,0.5277777777777778,0.0,2.79,0.0055,0.0055,0.0,1
15,0.0555555555555556,0.5277777777777778,0.0,2.8,0.0054,0.0054,0.0,1
15,0.0555555555555556,0.5277777777777778,0.0,2.81,0.0051,0.0051,0.0,1
15,0.0555555555555556,0.5277777777777778,0.0,2.82,0.0048,0.0048,0.0,1
15,0.0555555555555556,0.5277777777777778,0.0,2.83,0.0043,0.0043,0.0,1
15,0.0555555555555556,0.5277777777777778,0.0,2.84,0.0038,0.0038,0.0,1
15,0.0555555555555556,0.5277777777777778,0.0,2.85,0.0032,0.0032,0.0,1
15,0.0555555555555556,0.5277777777777778,0.0,2.86,0.0026,0.0026,0.0,1
15,0.0555555555555556,0.5277777777777778,0.0,2.87,0.0021,0.0021,0.0,1
15,0.0555555555555556,0.5277777777777778,0.0,2.88,0.0016,0.0016,0.0,1
15,0.0555555555555556,0.5277777777777778,0.0,2.89,0.0012,0.0012,0.0,1
15,0.0555555555555556,0.5277777777777778,0.0,2.9,0.0009,0.0009,0.0,1
15,0.0555555555555556,0.5277777777777778,0.0,2.91,0.0006,0.0006,0.0,1
15,0.0555555555555556,0.5277777777777778,0.0,2.92,0.0004,0.0004,0.0,1
15,0.0555555555555556,0.5277777777777778,0.0,2.93,0.0003,0.0003,0.0,1
15,0.0555555555555556,0.5277777777777778,0.0,2.94,0.0002,0.0002,0.0,1
15,0.0555555555555556,0.5277777777777778,0.0,2.95,0.0001,0.0001,0.0,1
15,0.0555555555555556,0.5277777777777778,0.0,2.96,0.0001,0.0001,0.0,1
15,0.0555555555555556,0.5277777777777778,0.0,2.97,0.0,0.0,,0
15,0.0555555555555556,0.5277777777777778,0.0,2.98,0.0,0.0,,0
15,0.0555555555555556,0.5277777777777778,0.0,2.99,0.0,0.0,,0
15,0.0555555555555556,0.5277777777777778,0.0,3.0,0.0,0.0,,0
15,0.0555555555555556,0.5277777777777778,0.0,3.01,0.0,0.0,,0
15,0.0555555555555556,0.5277777777777778,0.0,3.02,0.0,0.0,,0
15,0.0555555555555556,0.5277777777777778,0.0,3.03,0.0,0.0,,0
15,0.0555555555555556,0.5277777777777778,0.0,3.04,0.0,0.0,,0
15,0.0555555555555556,0.5277777777777778,0.0,3.05,0.0,0.0,,0
15,0.0555555555555556,0.5277777777777778,0.0,3.06,0.0,0.0,,0
15,0.0555555555555556,0.5277777777777778,0.0,3.07,0.0,0.0,,0
15,0.0555555555555556,0.5277777777777778,0.0,3.08,0.0,0.0,,0
15,0.0555555555555556,0.5277777777777778,0.0,3.09,0.0,0.0,,0
15,0.0555555555555556,0.5277777777777778,0.0,3.1,0.0,0.0,,0
15,0.0555555555555556,0.5277777777777778,0.0,3.11,0.0,0.0,,0
15,0.0555555555555556,0.5277777777777778,0.0,3.12,0.0,0.0,,0
15,0.0555555555555556,0.5277777777777778,0.0,3.13,0.0,0.0,,0
15,0.0555555555555556,0.5277777777777778,0.0,3.14,0.0,0.0,,0
15,0.0555555555555556,0.5277777777777778,0.0,3.15,0.0,0.0,,0
15,0.0555555555555556,0.5277777777777778,0.0,3.16,0.0,0.0,,0
15,0.0555555555555556,0.5277777777777778,0.0,3.17,0.0,0.0,,0
15,0.0555555555555556,0.5277777777777778,0.0,3.18,0.0,0.0,,0
15,0.0555555555555556,0.5277777777777778,0.0,3.19,0.0,0.0,,0
15,0.0555555555555556,0.5277777777777778,0.0,3.2,0.0,0.0,,0
15,0.0555555555555556,0.5277777777777778,0.0,3.21,0.0,0.0,,0
15,0.0555555555555556,0.5277777777777778,0.0,3.22,0.0,0.0,,0
15,0.0555555555555556,0.5277777777777778,0.0,3.23,0.0001,0.0001,0.0,1
15,0.0555555555555556,0.5277777777777778,0.0,3.24,0.0001,0.0001,0.0,1
15,0.0555555555555556,0.5277777777777778,0.0,3.25,0.0002,0.0002,0.0,1
15,0.0555555555555556,0.5277777777777778,0.0,3.26,0.0002,0.0002,0.0,1
15,0.0555555555555556,0.5277777777777778,0.0,3.27,0.0003,0.0003,0.0,1
15,0.0555555555555556,0.5277777777777778,0.0,3.28,0.0004,0.0004,0.0,1
15,0.0555555555555556,0.5277777777777778,0.0,3.29,0.0005,0.0005,0.0,1
15,0.0555555555555556,0.5277777777777778,0.0,3.3,0.0007,0.0007,0.0,1
15,0.0555555555555556,0.5277777777777778,0.0,3.31,0.0008,0.0008,0.0,1
15,0.0555555555555556,0.5277777777777778,0.0,3.32,0.0009,0.0009,0.0,1
15,0.0555555555555556,0.5277777777777778,0.0,3.33,0.001,0.001,0.0,1
15,0.0555555555555556,0.5277777777777778,0.0,3.34,0.0011,0.0011,0.0,1
15,0.0555555555555556,0.5277777777777778,0.0,3.35,0.0011,0.0011,0.0,1
15,0.0555555555555556,0.5277777777777778,0.0,3.36,0.0011,0.0011,0.0,1
15,0.0555555555555556,0.5277777777777778,0.0,3.37,0.0011,0.0011,0.0,1
15,0.0555555555555556,0.5277777777777778,0.0,3.38,0.001,0.001,0.0,1
15,0.0555555555555556,0.5277777777777778,0.0,3.39,0.001,0.001,0.0,1
15,0.0555555555555556,0.5277777777777778,0.0,3.4,0.0009,0.0009,0.0,1
15,0.0555555555555556,0.5277777777777778,0.0,3.41,0.0009,0.0009,0.0,1
15,0.0555555555555556,0.5277777777777778,0.0,3.42,0.0009,0.0009,0.0,1
15,0.0555555555555556,0.5277777777777778,0.0,3.43,0.0009,0.0009,0.0,1
15,0.0555555555555556,0.5277777777777778,0.0,3.44,0.0009,0.0009,0.0,1
15,0.0555555555555556,0.5277777777777778,0.0,3.45,0.001,0.001,0.0,1
15,0.0555555555555556,0.5277777777777778,0.0,3.46,0.001,0.001,0.0,1
15,0.0555555555555556,0.5277777777777778,0.0,3.47,0.0011,0.0011,0.0,1
15,0.0555555555555556,0.5277777777777778,0.0,3.48,0.0012,0.0012,0.0,1
15,0.0555555555555556,0.5277777777777778,0.0,3.49,0.0012,0.0012,0.0,1
15,0.0555555555555556,0.5277777777777778,0.0,3.5,0.0012,0.0012,0.0,1
15,0.0555555555555556,0.5277777777777778,0.0,3.51,0.0011,0.0011,0.0,1
15,0.0555555555555556,0.5277777777777778,0.0,3.52,0.0011,0.0011,0.0,1
15,0.0555555555555556,0.5277777777777778,0.0,3.53,0.001,0.001,0.0,1
15,0.0555555555555556,0.5277777777777778,0.0,3.54,0.0008,0.0008,0.0,1
15,0.0555555555555556,0.5277777777777778,0.0,3.55,0.0007,0.0007,0.0,1
15,0.0555555555555556,0.5277777777777778,0.0,3.56,0.0006,0.0006,0.0,1
15,0.0555555555555556,0.5277777777777778,0.0,3.57,0.0004,0.0004,0.0,1
15,0.0555555555555556,0.5277777777777778,0.0,3.58,0.0003,0.0003,0.0,1
15,0.0555555555555556,0.5277777777777778,0.0,3.59,0.0002,0.0002,0.0,1
15,0.0555555555555556,0.5277777777777778,0.0,3.6,0.0002,0.0002,0.0,1
15,0.0555555555555556,0.5277777777777778,0.0,3.61,0.0001,0.0001,0.0,1
15,0.0555555555555556,0.5277777777777778,0.0,3.62,0.0001,0.0001,0.0,1
15,0.0555555555555556,0.5277777777777778,0.0,3.63,0.0,0.0,,0
15,0.0555555555555556,0.5277777777777778,0.0,3.64,0.0,0.0,,0
15,0.0555555555555556,0.5277777777777778,0.0,3.65,0.0,0.0,,0
15,0.0555555555555556,0.5277777777777778,0.0,3.66,0.0,0.0,,0
15,0.0555555555555556,0.5277777777777778,0.0,3.67,0.0,0.0,,0
15,0.0555555555555556,0.5277777777777778,0.0,3.68,0.0,0.0,,0
15,0.0555555555555556,0.5277777777777778,0.0,3.69,0.0,0.0,,0
15,0.0555555555555556,0.5277777777777778,0.0,3.7,0.0,0.0,,0
15,0.0555555555555556,0.5277777777777778,0.0,3.71,0.0,0.0,,0
15,0.0555555555555556,0.5277777777777778,0.0,3.72,0.0,0.0,,0
15,0.0555555555555556,0.5277777777777778,0.0,3.73,0.0,0.0,,0
15,0.0555555555555556,0.5277777777777778,0.0,3.74,0.0,0.0,,0
15,0.0555555555555556,0.5277777777777778,0.0,3.75,0.0,0.0,,0
15,0.0555555555555556,0.5277777777777778,0.0,3.76,0.0,0.0,,0
15,0.0555555555555556,0.5277777777777778,0.0,3.77,0.0,0.0,,0
15,0.0555555555555556,0.5277777777777778,0.0,3.78,0.0,0.0,,0
15,0.0555555555555556,0.5277777777777778,0.0,3.79,0.0,0.0,,0
15,0.0555555555555556,0.5277777777777778,0.0,3.8,0.0,0.0,,0
15,0.0555555555555556,0.5277777777777778,0.0,3.81,0.0,0.0,,0
15,0.0555555555555556,0.5277777777777778,0.0,3.82,0.0,0.0,,0
15,0.0555555555555556,0.5277777777777778,0.0,3.83,0.0,0.0,,0
15,0.0555555555555556,0.5277777777777778,0.0,3.84,0.0,0.0,,0
15,0.0555555555555556,0.5277777777777778,0.0,3.85,0.0,0.0,,0
15,0.0555555555555556,0.5277777777777778,0.0,3.86,0.0,0.0,,0
15,0.0555555555555556,0.5277777777777778,0.0,3.87,0.0,0.0,,0
15,0.0555555555555556,0.5277777777777778,0.0,3.88,0.0,0.0,,0
15,0.0555555555555556,0.5277777777777778,0.0,3.89,0.0,0.0,,0
15,0.0555555555555556,0.5277777777777778,0.0,3.9,0.0,0.0,,0
15,0.0555555555555556,0.5277777777777778,0.0,3.91,0.0,0.0,,0
15,0.0555555555555556,0.5277777777777778,0.0,3.92,0.0,0.0,,0
15,0.0555555555555556,0.5277777777777778,0.0,3.93,0.0,0.0,,0
15,0.0555555555555556,0.5277777777777778,0.0,3.94,0.0,0.0,,0
15,0.0555555555555556,0.5277777777777778,0.0,3.95,0.0,0.0,,0
15,0.0555555555555556,0.5277777777777778,0.0,3.96,0.0,0.0,,0
15,0.0555555555555556,0.5277777777777778,0.0,3.97,0.0,0.0,,0
15,0.0555555555555556,0.5277777777777778,0.0,3.98,0.0,0.0,,0
15,0.0555555555555556,0.5277777777777778,0.0,3.99,0.0,0.0,,0
15,0.0555555555555556,0.5277777777777778,0.0,4.0,0.0,0.0,,0
16,0.0833333333333333,0.5416666666666666,0.0,0.5,0.0,0.0,,0
16,0.0833333333333333,0.5416666666666666,0.0,0.51,0.0,0.0,,0
16,0.0833333333333333,0.5416666666666666,0.0,0.52,0.0,0.0,,0
16,0.0833333333333333,0.5416666666666666,0.0,0.53,0.0,0.0,,0
16,0.0833333333333333,0.5416666666666666,0.0,0.54,0.0,0.0,,0
16,0.0833333333333333,0.5416666666666666,0.0,0.55,0.0,0.0,,0
16,0.0833333333333333,0.5416666666666666,0.0,0.56,0.0,0.0,,0
16,0.0833333333333333,0.5416666666666666,0.0,0.57,0.0,0.0,,0
16,0.0833333333333333,0.5416666666666666,0.0,0.58,0.0,0.0,,0
16,0.0833333333333333,0.5416666666666666,0.0,0.59,0.0,0.0,,0
16,0.0833333333333333,0.5416666666666666,0.0,0.6,0.0,0.0,,0
16,0.0833333333333333,0.5416666666666666,0.0,0.61,0.0,0.0,,0
16,0.0833333333333333,0.5416666666666666,0.0,0.62,0.0,0.0,,0
16,0.0833333333333333,0.5416666666666666,0.0,0.63,0.0,0.0,,0
16,0.0833333333333333,0.5416666666666666,0.0,0.64,0.0,0.0,,0
16,0.0833333333333333,0.5416666666666666,0.0,0.65,0.0,0.0,,0
16,0.0833333333333333,0.5416666666666666,0.0,0.66,0.0,0.0,,0
16,0.0833333333333333,0.5416666666666666,0.0,0.67,0.0,0.0,,0
16,0.0833333333333333,0.5416666666666666,0.0,0.68,0.0,0.0,,0
16,0.0833333333333333,0.5416666666666666,0.0,0.69,0.0,0.0,,0
16,0.0833333333333333,0.5416666666666666,0.0,0.7,0.0,0.0,,0
16,0.0833333333333333,0.5416666666666666,0.0,0.71,0.0,0.0,,0
16,0.0833333333333333,0.5416666666666666,0.0,0.72,0.0,0.0,,0
16,0.0833333333333333,0.5416666666666666,0.0,0.73,0.0,0.0,,0
16,0.0833333333333333,0.5416666666666666,0.0,0.74,0.0,0.0,,0
16,0.0833333333333333,0.5416666666666666,0.0,0.75,0.0,0.0,,0
16,0.0833333333333333,0.5416666666666666,0.0,0.76,0.0,0.0,,0
16,0.0833333333333333,0.5416666666666666,0.0,0.77,0.0,0.0,,0
16,0.0833333333333333,0.5416666666666666,0.0,0.78,0.0,0.0,,0
16,0.0833333333333333,0.5416666666666666,0.0,0.79,0.0,0.0,,0
16,0.0833333333333333,0.5416666666666666,0.0,0.8,0.0,0.0,,0
16,0.0833333333333333,0.5416666666666666,0.0,0.81,0.0,0.0,,0
16,0.0833333333333333,0.5416666666666666,0.0,0.82,0.0,0.0,,0
16,0.0833333333333333,0.5416666666666666,0.0,0.83,0.0,0.0,,0
16,0.0833333333333333,0.5416666666666666,0.0,0.84,0.0,0.0,,0
16,0.0833333333333333,0.5416666666666666,0.0,0.85,0.0,0.0,,0
16,0.0833333333333333,0.5416666666666666,0.0,0.86,0.0,0.0,,0
16,0.0833333333333333,0.5416666666666666,0.0,0.87,0.0,0.0,,0
16,0.0833333333333333,0.5416666666666666,0.0,0.88,0.0,0.0,,0
16,0.0833333333333333,0.5416666666666666,0.0,0.89,0.0,0.0,,0
16,0.0833333333333333,0.5416666666666666,0.0,0.9,0.0,0.0,,0
16,0.0833333333333333,0.5416666666666666,0.0,0.91,0.0,0.0,,0
16,0.0833333333333333,0.5416666666666666,0.0,0.92,0.0,0.0,,0
16,0.0833333333333333,0.5416666666666666,0.0,0.93,0.0,0.0,,0
16,0.0833333333333333,0.5416666666666666,0.0,0.94,0.0,0.0,,0
16,0.0833333333333333,0.5416666666666666,0.0,0.95,0.0,0.0,,0
16,0.0833333333333333,0.5416666666666666,0.0,0.96,0.0,0.0,,0
16,0.0833333333333333,0.5416666666666666,0.0,0.97,0.0,0.0,,0
16,0.0833333333333333,0.5416666666666666,0.0,0.98,0.0,0.0,,0
16,0.0833333333333333,0.5416666666666666,0.0,0.99,0.0,0.0,,0
16,0.0833333333333333,0.5416666666666666,0.0,1.0,0.0,0.0,,0
16,0.0833333333333333,0.5416666666666666,0.0,1.01,0.0,0.0,,0
16,0.0833333333333333,0.5416666666666666,0.0,1.02,0.0,0.0,,0
16,0.0833333333333333,0.5416666666666666,0.0,1.03,0.0,0.0,,0
16,0.0833333333333333,0.5416666666666666,0.0,1.04,0.0,0.0,,0
16,0.0833333333333333,0.5416666666666666,0.0,1.05,0.0,0.0,,0
16,0.0833333333333333,0.5416666666666666,0.0,1.06,0.0,0.0,,0
16,0.0833333333333333,0.5416666666666666,0.0,1.07,0.0,0.0,,0
16,0.0833333333333333,0.5416666666666666,0.0,1.08,0.0,0.0,,0
16,0.0833333333333333,0.5416666666666666,0.0,1.09,0.0,0.0,,0
16,0.0833333333333333,0.5416666666666666,0.0,1.1,0.0,0.0,,0
16,0.0833333333333333,0.5416666666666666,0.0,1.11,0.0,0.0,,0
16,0.0833333333333333,0.5416666666666666,0.0,1.12,0.0,0.0,,0
16,0.0833333333333333,0.5416666666666666,0.0,1.13,0.0,0.0,,0
16,0.0833333333333333,0.5416666666666666,0.0,1.14,0.0,0.0,,0
16,0.0833333333333333,0.5416666666666666,0.0,1.15,0.0,0.0,,0
16,0.0833333333333333,0.5416666666666666,0.0,1.16,0.0,0.0,,0
16,0.0833333333333333,0.5416666666666666,0.0,1.17,0.0,0.0,,0
16,0.0833333333333333,0.5416666666666666,0.0,1.18,0.0,0.0,,0
16,0.0833333333333333,0.5416666666666666,0.0,1.19,0.0,0.0,,0
16,0.0833333333333333,0.5416666666666666,0.0,1.2,0.0,0.0,,0
16,0.0833333333333333,0.5416666666666666,0.0,1.21,0.0,0.0,,0
16,0.0833333333333333,0.5416666666666666,0.0,1.22,0.0,0.0,,0
16,0.0833333333333333,0.5416666666666666,0.0,1.23,0.0,0.0,,0
16,0.0833333333333333,0.5416666666666666,0.0,1.24,0.0,0.0,,0
16,0.0833333333333333,0.5416666666666666,0.0,1.25,0.0,0.0,,0
16,0.0833333333333333,0.5416666666666666,0.0,1.26,0.0,0.0,,0
16,0.0833333333333333,0.5416666666666666,0.0,1.27,0.0,0.0,,0
16,0.0833333333333333,0.5416666666666666,0.0,1.28,0.0,0.0,,0
16,0.0833333333333333,0.5416666666666666,0.0,1.29,0.0,0.0,,0
16,0.0833333333333333,0.5416666666666666,0.0,1.3,0.0,0.0,,0
16,0.0833333333333333,0.5416666666666666,0.0,1.31,0.0,0.0,,0
16,0.0833333333333333,0.5416666666666666,0.0,1.32,0.0,0.0,,0
16,0.0833333333333333,0.5416666666666666,0.0,1.33,0.0,0.0,,0
16,0.0833333333333333,0.5416666666666666,0.0,1.34,0.0,0.0,,0
16,0.0833333333333333,0.5416666666666666,0.0,1.35,0.0,0.0,,0
16,0.0833333333333333,0.5416666666666666,0.0,1.36,0.0,0.0,,0
16,0.0833333333333333,0.5416666666666666,0.0,1.37,0.0,0.0,,0
16,0.0833333333333333,0.5416666666666666,0.0,1.38,0.0,0.0,,0
16,0.0833333333333333,0.5416666666666666,0.0,1.39,0.0,0.0,,0
16,0.0833333333333333,0.5416666666666666,0.0,1.4,0.0,0.0,,0
16,0.0833333333333333,0.5416666666666666,0.0,1.41,0.0,0.0,,0
16,0.0833333333333333,0.5416666666666666,0.0,1.42,0.0,0.0,,0
16,0.0833333333333333,0.5416666666666666,0.0,1.43,0.0,0.0,,0
16,0.0833333333333333,0.5416666666666666,0.0,1.44,0.0,0.0,,0
16,0.0833333333333333,0.5416666666666666,0.0,1.45,0.0,0.0,,0
16,0.0833333333333333,0.5416666666666666,0.0,1.46,0.0,0.0,,0
16,0.0833333333333333,0.5416666666666666,0.0,1.47,0.0,0.0,,0
16,0.0833333333333333,0.5416666666666666,0.0,1.48,0.0,0.0,,0
16,0.0833333333333333,0.5416666666666666,0.0,1.49,0.0,0.0,,0
16,0.0833333333333333,0.5416666666666666,0.0,1.5,0.0,0.0,,0
16,0.0833333333333333,0.5416666666666666,0.0,1.51,0.0,0.0,,0
16,0.0833333333333333,0.5416666666666666,0.0,1.52,0.0,0.0,,0
16,0.0833333333333333,0.5416666666666666,0.0,1.53,0.0,0.0,,0
16,0.0833333333333333,0.5416666666666666,0.0,1.54,0.0,0.0,,0
16,0.0833333333333333,0.5416666666666666,0.0,1.55,0.0,0.0,,0
16,0.0833333333333333,0.5416666666666666,0.0,1.56,0.0,0.0,,0
16,0.0833333333333333,0.5416666666666666,0.0,1.57,0.0,0.0,,0
16,0.0833333333333333,0.5416666666666666,0.0,1.58,0.0,0.0,,0
16,0.0833333333333333,0.5416666666666666,0.0,1.59,0.0,0.0,,0
16,0.0833333333333333,0.5416666666666666,0.0,1.6,0.0,0.0,,0
16,0.0833333333333333,0.5416666666666666,0.0,1.61,0.0,0.0,,0
16,0.0833333333333333,0.5416666666666666,0.0,1.62,0.0,0.0,,0
16,0.0833333333333333,0.5416666666666666,0.0,1.63,0.0,0.0,,0
16,0.0833333333333333,0.5416666666666666,0.0,1.64,0.0,0.0,,0
16,0.0833333333333333,0.5416666666666666,0.0,1.65,0.0,0.0,,0
16,0.0833333333333333,0.5416666666666666,0.0,1.66,0.0,0.0,,0
16,0.0833333333333333,0.5416666666666666,0.0,1.67,0.0,0.0,,0
16,0.0833333333333333,0.5416666666666666,0.0,1.68,0.0,0.0,,0
16,0.0833333333333333,0.5416666666666666,0.0,1.69,0.0,0.0,,0
16,0.0833333333333333,0.5416666666666666,0.0,1.7,0.0,0.0,,0
16,0.0833333333333333,0.5416666666666666,0.0,1.71,0.0,0.0,,0
16,0.0833333333333333,0.5416666666666666,0.0,1.72,0.0,0.0,,0
16,0.0833333333333333,0.5416666666666666,0.0,1.73,0.0,0.0,,0
16,0.0833333333333333,0.5416666666666666,0.0,1.74,0.0,0.0,,0
16,0.0833333333333333,0.5416666666666666,0.0,1.75,0.0,0.0,,0
16,0.0833333333333333,0.5416666666666666,0.0,1.76,0.0,0.0,,0
16,0.0833333333333333,0.5416666666666666,0.0,1.77,0.0,0.0,,0
16,0.0833333333333333,0.5416666666666666,0.0,1.78,0.0,0.0,,0
16,0.0833333333333333,0.5416666666666666,0.0,1.79,0.0,0.0,,0
16,0.0833333333333333,0.5416666666666666,0.0,1.8,0.0,0.0,,0
16,0.0833333333333333,0.5416666666666666,0.0,1.81,0.0,0.0,,0
16,0.0833333333333333,0.5416666666666666,0.0,1.82,0.0,0.0,,0
16,0.0833333333333333,0.5416666666666666,0.0,1.83,0.0,0.0,,0
16,0.0833333333333333,0.5416666666666666,0.0,1.84,0.0,0.0,,0
16,0.0833333333333333,0.5416666666666666,0.0,1.85,0.0,0.0,,0
16,0.0833333333333333,0.5416666666666666,0.0,1.86,0.0,0.0,,0
16,0.0833333333333333,0.5416666666666666,0.0,1.87,0.0,0.0,,0
16,0.0833333333333333,0.5416666666666666,0.0,1.88,0.0,0.0,,0
16,0.0833333333333333,0.5416666666666666,0.0,1.89,0.0,0.0,,0
16,0.0833333333333333,0.5416666666666666,0.0,1.9,0.0,0.0,,0
16,0.0833333333333333,0.5416666666666666,0.0,1.91,0.0,0.0,,0
16,0.0833333333333333,0.5416666666666666,0.0,1.92,0.0,0.0,,0
16,0.0833333333333333,0.5416666666666666,0.0,1.93,0.0,0.0,,0
16,0.0833333333333333,0.5416666666666666,0.0,1.94,0.0,0.0,,0
16,0.0833333333333333,0.5416666666666666,0.0,1.95,0.0,0.0,,0
16,0.0833333333333333,0.5416666666666666,0.0,1.96,0.0,0.0,,0
16,0.0833333333333333,0.5416666666666666,0.0,1.97,0.0,0.0,,0
16,0.0833333333333333,0.5416666666666666,0.0,1.98,0.0,0.0,,0
16,0.0833333333333333,0.5416666666666666,0.0,1.99,0.0,0.0,,0
16,0.0833333333333333,0.5416666666666666,0.0,2.0,0.0,0.0,,0
16,0.0833333333333333,0.5416666666666666,0.0,2.01,0.0,0.0,,0
16,0.0833333333333333,0.5416666666666666,0.0,2.02,0.0,0.0,,0
16,0.0833333333333333,0.5416666666666666,0.0,2.03,0.0,0.0,,0
16,0.0833333333333333,0.5416666666666666,0.0,2.04,0.0,0.0,,0
16,0.0833333333333333,0.5416666666666666,0.0,2.05,0.0,0.0,,0
16,0.0833333333333333,0.5416666666666666,0.0,2.06,0.0,0.0,,0
16,0.0833333333333333,0.5416666666666666,0.0,2.07,0.0,0.0,,0
16,0.0833333333333333,0.5416666666666666,0.0,2.08,0.0,0.0,,0
16,0.0833333333333333,0.5416666666666666,0.0,2.09,0.0,0.0,,0
16,0.0833333333333333,0.5416666666666666,0.0,2.1,0.0,0.0,,0
16,0.0833333333333333,0.5416666666666666,0.0,2.11,0.0,0.0,,0
16,0.0833333333333333,0.5416666666666666,0.0,2.12,0.0,0.0,,0
16,0.0833333333333333,0.5416666666666666,0.0,2.13,0.0,0.0,,0
16,0.0833333333333333,0.5416666666666666,0.0,2.14,0.0,0.0,,0
16,0.0833333333333333,0.5416666666666666,0.0,2.15,0.0,0.0,,0
16,0.0833333333333333,0.5416666666666666,0.0,2.16,0.0,0.0,,0
16,0.0833333333333333,0.5416666666666666,0.0,2.17,0.0,0.0,,0
16,0.0833333333333333,0.5416666666666666,0.0,2.18,0.0,0.0,,0
16,0.0833333333333333,0.5416666666666666,0.0,2.19,0.0,0.0,,0
16,0.0833333333333333,0.5416666666666666,0.0,2.2,0.0,0.0,,0
16,0.0833333333333333,0.5416666666666666,0.0,2.21,0.0,0.0,,0
16,0.0833333333333333,0.5416666666666666,0.0,2.22,0.0,0.0,,0
16,0.0833333333333333,0.5416666666666666,0.0,2.23,0.0,0.0,,0
16,0.0833333333333333,0.5416666666666666,0.0,2.24,0.0,0.0,,0
16,0.0833333333333333,0.5416666666666666,0.0,2.25,0.0,0.0,,0
16,0.0833333333333333,0.5416666666666666,0.0,2.26,0.0,0.0,,0
16,0.0833333333333333,0.5416666666666666,0.0,2.27,0.0,0.0,,0
16,0.0833333333333333,0.5416666666666666,0.0,2.28,0.0,0.0,,0
16,0.0833333333333333,0.5416666666666666,0.0,2.29,0.0,0.0,,0
16,0.0833333333333333,0.5416666666666666,0.0,2.3,0.0,0.0,,0
16,0.0833333333333333,0.5416666666666666,0.0,2.31,0.0,0.0,,0
16,0.0833333333333333,0.5416666666666666,0.0,2.32,0.0,0.0,,0
16,0.0833333333333333,0.5416666666666666,0.0,2.33,0.0,0.0,,0
16,0.0833333333333333,0.5416666666666666,0.0,2.34,0.0,0.0,,0
16,0.0833333333333333,0.5416666666666666,0.0,2.35,0.0,0.0,,0
16,0.0833333333333333,0.5416666666666666,0.0,2.36,0.0,0.0,,0
16,0.0833333333333333,0.5416666666666666,0.0,2.37,0.0,0.0,,0
16,0.0833333333333333,0.5416666666666666,0.0,2.38,0.0,0.0,,0
16,0.0833333333333333,0.5416666666666666,0.0,2.39,0.0,0.0,,0
16,0.0833333333333333,0.5416666666666666,0.0,2.4,0.0,0.0,,0
16,0.0833333333333333,0.5416666666666666,0.0,2.41,0.0,0.0,,0
16,0.0833333333333333,0.5416666666666666,0.0,2.42,0.0,0.0,,0
16,0.0833333333333333,0.5416666666666666,0.0,2.43,0.0,0.0,,0
16,0.0833333333333333,0.5416666666666666,0.0,2.44,0.0,0.0,,0
16,0.0833333333333333,0.5416666666666666,0.0,2.45,0.0,0.0,,0
16,0.0833333333333333,0.5416666666666666,0.0,2.46,0.0001,0.0001,0.0,1
16,0.0833333333333333,0.5416666666666666,0.0,2.47,0.0001,0.0001,0.0,1
16,0.0833333333333333,0.5416666666666666,0.0,2.48,0.0001,0.0001,0.0,1
16,0.0833333333333333,0.5416666666666666,0.0,2.49,0.0002,0.0002,0.0,1
16,0.0833333333333333,0.5416666666666666,0.0,2.5,0.0003,0.0003,0.0,1
16,0.0833333333333333,0.5416666666666666,0.0,2.51,0.0005,0.0005,0.0,1
16,0.0833333333333333,0.5416666666666666,0.0,2.52,0.0007,0.0007,0.0,1
16,0.0833333333333333,0.5416666666666666,0.0,2.53,0.0009,0.0009,0.0,1
16,0.0833333333333333,0.5416666666666666,0.0,2.54,0.0012,0.0012,0.0,1
16,0.0833333333333333,0.5416666666666666,0.0,2.55,0.0015,0.0015,0.0,1
16,0.0833333333333333,0.5416666666666666,0.0,2.56,0.0019,0.0019,0.0,1
16,0.0833333333333333,0.5416666666666666,0.0,2.57,0.0023,0.0023,0.0,1
16,0.0833333333333333,0.5416666666666666,0.0,2.58,0.0027,0.0027,0.0,1
16,0.0833333333333333,0.5416666666666666,0.0,2.59,0.0032,0.0032,0.0,1
16,0.0833333333333333,0.5416666666666666,0.0,2.6,0.0036,0.0036,0.0,1
16,0.0833333333333333,0.5416666666666666,0.0,2.61,0.004,0.004,0.0,1
16,0.0833333333333333,0.5416666666666666,0.0,2.62,0.0044,0.0044,0.0,1
16,0.0833333333333333,0.5416666666666666,0.0,2.63,0.0048,0.0048,0.0,1
16,0.0833333333333333,0.5416666666666666,0.0,2.64,0.0051,0.0051,0.0,1
16,0.0833333333333333,0.5416666666666666,0.0,2.65,0.0054,0.0054,0.0,1
16,0.0833333333333333,0.5416666666666666,0.0,2.66,0.0056,0.0056,0.0,1
16,0.0833333333333333,0.5416666666666666,0.0,2.67,0.0058,0.0058,0.0,1
16,0.0833333333333333,0.5416666666666666,0.0,2.68,0.0059,0.0059,0.0,1
16,0.0833333333333333,0.5416666666666666,0.0,2.69,0.0059,0.0059,0.0,1
16,0.0833333333333333,0.5416666666666666,0.0,2.7,0.0059,0.0059,0.0,1
16,0.0833333333333333,0.5416666666666666,0.0,2.71,0.0058,0.0058,0.0,1
16,0.0833333333333333,0.5416666666666666,0.0,2.72,0.0056,0.0056,0.0,1
16,0.0833333333333333,0.5416666666666666,0.0,2.73,0.0054,0.0054,0.0,1
16,0.0833333333333333,0.5416666666666666,0.0,2.74,0.0051,0.0051,0.0,1
16,0.0833333333333333,0.5416666666666666,0.0,2.75,0.0048,0.0048,0.0,1
16,0.0833333333333333,0.5416666666666666,0.0,2.76,0.0044,0.0044,0.0,1
16,0.0833333333333333,0.5416666666666666,0.0,2.77,0.0039,0.0039,0.0,1
16,0.0833333333333333,0.5416666666666666,0.0,2.78,0.0035,0.0035,0.0,1
16,0.0833333333333333,0.5416666666666666,0.0,2.79,0.003,0.003,0.0,1
16,0.0833333333333333,0.5416666666666666,0.0,2.8,0.0026,0.0026,0.0,1
16,0.0833333333333333,0.5416666666666666,0.0,2.81,0.0021,0.0021,0.0,1
16,0.0833333333333333,0.5416666666666666,0.0,2.82,0.0017,0.0017,0.0,1
16,0.0833333333333333,0.5416666666666666,0.0,2.83,0.0013,0.0013,0.0,1
16,0.0833333333333333,0.5416666666666666,0.0,2.84,0.001,0.001,0.0,1
16,0.0833333333333333,0.5416666666666666,0.0,2.85,0.0007,0.0007,0.0,1
16,0.0833333333333333,0.5416666666666666,0.0,2.86,0.0005,0.0005,0.0,1
16,0.0833333333333333,0.5416666666666666,0.0,2.87,0.0004,0.0004,0.0,1
16,0.0833333333333333,0.5416666666666666,0.0,2.88,0.0002,0.0002,0.0,1
16,0.0833333333333333,0.5416666666666666,0.0,2.89,0.0002,0.0002,0.0,1
16,0.0833333333333333,0.5416666666666666,0.0,2.9,0.0001,0.0001,0.0,1
16,0.0833333333333333,0.5416666666666666,0.0,2.91,0.0001,0.0001,0.0,1
16,0.0833333333333333,0.5416666666666666,0.0,2.92,0.0,0.0,,0
16,0.0833333333333333,0.5416666666666666,0.0,2.93,0.0,0.0,,0
16,0.0833333333333333,0.5416666666666666,0.0,2.94,0.0,0.0,,0
16,0.0833333333333333,0.5416666666666666,0.0,2.95,0.0,0.0,,0
16,0.0833333333333333,0.5416666666666666,0.0,2.96,0.0,0.0,,0
16,0.0833333333333333,0.5416666666666666,0.0,2.97,0.0,0.0,,0
16,0.0833333333333333,0.5416666666666666,0.0,2.98,0.0,0.0,,0
16,0.0833333333333333,0.5416666666666666,0.0,2.99,0.0,0.0,,0
16,0.0833333333333333,0.5416666666666666,0.0,3.0,0.0,0.0,,0
16,0.0833333333333333,0.5416666666666666,0.0,3.01,0.0,0.0,,0
16,0.0833333333333333,0.5416666666666666,0.0,3.02,0.0,0.0,,0
16,0.0833333333333333,0.5416666666666666,0.0,3.03,0.0,0.0,,0
16,0.0833333333333333,0.5416666666666666,0.0,3.04,0.0,0.0,,0
16,0.0833333333333333,0.5416666666666666,0.0,3.05,0.0,0.0,,0
16,0.0833333333333333,0.5416666666666666,0.0,3.06,0.0,0.0,,0
16,0.0833333333333333,0.5416666666666666,0.0,3.07,0.0,0.0,,0
16,0.0833333333333333,0.5416666666666666,0.0,3.08,0.0,0.0,,0
16,0.0833333333333333,0.5416666666666666,0.0,3.09,0.0,0.0,,0
16,0.0833333333333333,0.5416666666666666,0.0,3.1,0.0,0.0,,0
16,0.0833333333333333,0.5416666666666666,0.0,3.11,0.0,0.0,,0
16,0.0833333333333333,0.5416666666666666,0.0,3.12,0.0,0.0,,0
16,0.0833333333333333,0.5416666666666666,0.0,3.13,0.0,0.0,,0
16,0.0833333333333333,0.5416666666666666,0.0,3.14,0.0,0.0,,0
16,0.0833333333333333,0.5416666666666666,0.0,3.15,0.0,0.0,,0
16,0.0833333333333333,0.5416666666666666,0.0,3.16,0.0,0.0,,0
16,0.0833333333333333,0.5416666666666666,0.0,3.17,0.0,0.0,,0
16,0.0833333333333333,0.5416666666666666,0.0,3.18,0.0,0.0,,0
16,0.0833333333333333,0.5416666666666666,0.0,3.19,0.0,0.0,,0
16,0.0833333333333333,0.5416666666666666,0.0,3.2,0.0,0.0,,0
16,0.0833333333333333,0.5416666666666666,0.0,3.21,0.0,0.0,,0
16,0.0833333333333333,0.5416666666666666,0.0,3.22,0.0,0.0,,0
16,0.0833333333333333,0.5416666666666666,0.0,3.23,0.0,0.0,,0
16,0.0833333333333333,0.5416666666666666,0.0,3.24,0.0,0.0,,0
16,0.0833333333333333,0.5416666666666666,0.0,3.25,0.0,0.0,,0
16,0.0833333333333333,0.5416666666666666,0.0,3.26,0.0,0.0,,0
16,0.0833333333333333,0.5416666666666666,0.0,3.27,0.0,0.0,,0
16,0.0833333333333333,0.5416666666666666,0.0,3.28,0.0,0.0,,0
16,0.0833333333333333,0.5416666666666666,0.0,3.29,0.0,0.0,,0
16,0.0833333333333333,0.5416666666666666,0.0,3.3,0.0,0.0,,0
16,0.0833333333333333,0.5416666666666666,0.0,3.31,0.0,0.0,,0
16,0.0833333333333333,0.5416666666666666,0.0,3.32,0.0,0.0,,0
16,0.0833333333333333,0.5416666666666666,0.0,3.33,0.0,0.0,,0
16,0.0833333333333333,0.5416666666666666,0.0,3.34,0.0,0.0,,0
16,0.0833333333333333,0.5416666666666666,0.0,3.35,0.0,0.0,,0
16,0.0833333333333333,0.5416666666666666,0.0,3.36,0.0,0.0,,0
16,0.0833333333333333,0.5416666666666666,0.0,3.37,0.0,0.0,,0
16,0.0833333333333333,0.5416666666666666,0.0,3.38,0.0,0.0,,0
16,0.0833333333333333,0.5416666666666666,0.0,3.39,0.0,0.0,,0
16,0.0833333333333333,0.5416666666666666,0.0,3.4,0.0,0.0,,0
16,0.0833333333333333,0.5416666666666666,0.0,3.41,0.0,0.0,,0
16,0.0833333333333333,0.5416666666666666,0.0,3.42,0.0,0.0,,0
16,0.0833333333333333,0.5416666666666666,0.0,3.43,0.0,0.0,,0
16,0.0833333333333333,0.5416666666666666,0.0,3.44,0.0,0.0,,0
16,0.0833333333333333,0.5416666666666666,0.0,3.45,0.0,0.0,,0
16,0.0833333333333333,0.5416666666666666,0.0,3.46,0.0,0.0,,0
16,0.0833333333333333,0.5416666666666666,0.0,3.47,0.0001,0.0001,0.0,1
16,0.0833333333333333,0.5416666666666666,0.0,3.48,0.0001,0.0001,0.0,1
16,0.0833333333333333,0.5416666666666666,0.0,3.49,0.0002,0.0002,0.0,1
16,0.0833333333333333,0.5416666666666666,0.0,3.5,0.0002,0.0002,0.0,1
16,0.0833333333333333,0.5416666666666666,0.0,3.51,0.0003,0.0003,0.0,1
16,0.0833333333333333,0.5416666666666666,0.0,3.52,0.0004,0.0004,0.0,1
16,0.0833333333333333,0.5416666666666666,0.0,3.53,0.0004,0.0004,0.0,1
16,0.0833333333333333,0.5416666666666666,0.0,3.54,0.0005,0.0005,0.0,1
16,0.0833333333333333,0.5416666666666666,0.0,3.55,0.0006,0.0006,0.0,1
16,0.0833333333333333,0.5416666666666666,0.0,3.56,0.0007,0.0007,0.0,1
16,0.0833333333333333,0.5416666666666666,0.0,3.57,0.0007,0.0007,0.0,1
16,0.0833333333333333,0.5416666666666666,0.0,3.58,0.0008,0.0008,0.0,1
16,0.0833333333333333,0.5416666666666666,0.0,3.59,0.0008,0.0008,0.0,1
16,0.0833333333333333,0.5416666666666666,0.0,3.6,0.0007,0.0007,0.0,1
16,0.0833333333333333,0.5416666666666666,0.0,3.61,0.0007,0.0007,0.0,1
16,0.0833333333333333,0.5416666666666666,0.0,3.62,0.0007,0.0007,0.0,1
16,0.0833333333333333,0.5416666666666666,0.0,3.63,0.0006,0.0006,0.0,1
16,0.0833333333333333,0.5416666666666666,0.0,3.64,0.0006,0.0006,0.0,1
16,0.0833333333333333,0.5416666666666666,0.0,3.65,0.0005,0.0005,0.0,1
16,0.0833333333333333,0.5416666666666666,0.0,3.66,0.0005,0.0005,0.0,1
16,0.0833333333333333,0.5416666666666666,0.0,3.67,0.0005,0.0005,0.0,1
16,0.0833333333333333,0.5416666666666666,0.0,3.68,0.0005,0.0005,0.0,1
16,0.0833333333333333,0.5416666666666666,0.0,3.69,0.0005,0.0005,0.0,1
16,0.0833333333333333,0.5416666666666666,0.0,3.7,0.0005,0.0005,0.0,1
16,0.0833333333333333,0.5416666666666666,0.0,3.71,0.0005,0.0005,0.0,1
16,0.0833333333333333,0.5416666666666666,0.0,3.72,0.0006,0.0006,0.0,1
16,0.0833333333333333,0.5416666666666666,0.0,3.73,0.0006,0.0006,0.0,1
16,0.0833333333333333,0.5416666666666666,0.0,3.74,0.0006,0.0006,0.0,1
16,0.0833333333333333,0.5416666666666666,0.0,3.75,0.0006,0.0006,0.0,1
16,0.0833333333333333,0.5416666666666666,0.0,3.76,0.0006,0.0006,0.0,1
16,0.0833333333333333,0.5416666666666666,0.0,3.77,0.0006,0.0006,0.0,1
16,0.0833333333333333,0.5416666666666666,0.0,3.78,0.0006,0.0006,0.0,1
16,0.0833333333333333,0.5416666666666666,0.0,3.79,0.0005,0.0005,0.0,1
16,0.0833333333333333,0.5416666666666666,0.0,3.8,0.0005,0.0005,0.0,1
16,0.0833333333333333,0.5416666666666666,0.0,3.81,0.0004,0.0004,0.0,1
16,0.0833333333333333,0.5416666666666666,0.0,3.82,0.0003,0.0003,0.0,1
16,0.0833333333333333,0.5416666666666666,0.0,3.83,0.0003,0.0003,0.0,1
16,0.0833333333333333,0.5416666666666666,0.0,3.84,0.0002,0.0002,0.0,1
16,0.0833333333333333,0.5416666666666666,0.0,3.85,0.0001,0.0001,0.0,1
16,0.0833333333333333,0.5416666666666666,0.0,3.86,0.0001,0.0001,0.0,1
16,0.0833333333333333,0.5416666666666666,0.0,3.87,0.0001,0.0001,0.0,1
16,0.0833333333333333,0.5416666666666666,0.0,3.88,0.0,0.0,,0
16,0.0833333333333333,0.5416666666666666,0.0,3.89,0.0,0.0,,0
16,0.0833333333333333,0.5416666666666666,0.0,3.9,0.0,0.0,,0
16,0.0833333333333333,0.5416666666666666,0.0,3.91,0.0,0.0,,0
16,0.0833333333333333,0.5416666666666666,0.0,3.92,0.0,0.0,,0
16,0.0833333333333333,0.5416666666666666,0.0,3.93,0.0,0.0,,0
16,0.0833333333333333,0.5416666666666666,0.0,3.94,0.0,0.0,,0
16,0.0833333333333333,0.5416666666666666,0.0,3.95,0.0,0.0,,0
16,0.0833333333333333,0.5416666666666666,0.0,3.96,0.0,0.0,,0
16,0.0833333333333333,0.5416666666666666,0.0,3.97,0.0,0.0,,0
16,0.0833333333333333,0.5416666666666666,0.0,3.98,0.0,0.0,,0
16,0.0833333333333333,0.5416666666666666,0.0,3.99,0.0,0.0,,0
16,0.0833333333333333,0.5416666666666666,0.0,4.0,0.0,0.0,,0
17,0.1111111111111111,0.5555555555555556,0.0,0.5,0.0,0.0,,0
17,0.1111111111111111,0.5555555555555556,0.0,0.51,0.0,0.0,,0
17,0.1111111111111111,0.5555555555555556,0.0,0.52,0.0,0.0,,0
17,0.1111111111111111,0.5555555555555556,0.0,0.53,0.0,0.0,,0
17,0.1111111111111111,0.5555555555555556,0.0,0.54,0.0,0.0,,0
17,0.1111111111111111,0.5555555555555556,0.0,0.55,0.0,0.0,,0
17,0.1111111111111111,0.5555555555555556,0.0,0.56,0.0,0.0,,0
17,0.1111111111111111,0.5555555555555556,0.0,0.57,0.0,0.0,,0
17,0.1111111111111111,0.5555555555555556,0.0,0.58,0.0,0.0,,0
17,0.1111111111111111,0.5555555555555556,0.0,0.59,0.0,0.0,,0
17,0.1111111111111111,0.5555555555555556,0.0,0.6,0.0,0.0,,0
17,0.1111111111111111,0.5555555555555556,0.0,0.61,0.0,0.0,,0
17,0.1111111111111111,0.5555555555555556,0.0,0.62,0.0,0.0,,0
17,0.1111111111111111,0.5555555555555556,0.0,0.63,0.0,0.0,,0
17,0.1111111111111111,0.5555555555555556,0.0,0.64,0.0,0.0,,0
17,0.1111111111111111,0.5555555555555556,0.0,0.65,0.0,0.0,,0
17,0.1111111111111111,0.5555555555555556,0.0,0.66,0.0,0.0,,0
17,0.1111111111111111,0.5555555555555556,0.0,0.67,0.0,0.0,,0
17,0.1111111111111111,0.5555555555555556,0.0,0.68,0.0,0.0,,0
17,0.1111111111111111,0.5555555555555556,0.0,0.69,0.0,0.0,,0
17,0.1111111111111111,0.5555555555555556,0.0,0.7,0.0,0.0,,0
17,0.1111111111111111,0.5555555555555556,0.0,0.71,0.0,0.0,,0
17,0.1111111111111111,0.5555555555555556,0.0,0.72,0.0,0.0,,0
17,0.1111111111111111,0.5555555555555556,0.0,0.73,0.0,0.0,,0
17,0.1111111111111111,0.5555555555555556,0.0,0.74,0.0,0.0,,0
17,0.1111111111111111,0.5555555555555556,0.0,0.75,0.0,0.0,,0
17,0.1111111111111111,0.5555555555555556,0.0,0.76,0.0,0.0,,0
17,0.1111111111111111,0.5555555555555556,0.0,0.77,0.0,0.0,,0
17,0.1111111111111111,0.5555555555555556,0.0,0.78,0.0,0.0,,0
17,0.1111111111111111,0.5555555555555556,0.0,0.79,0.0,0.0,,0
17,0.1111111111111111,0.5555555555555556,0.0,0.8,0.0,0.0,,0
17,0.1111111111111111,0.5555555555555556,0.0,0.81,0.0,0.0,,0
17,0.1111111111111111,0.5555555555555556,0.0,0.82,0.0,0.0,,0
17,0.1111111111111111,0.5555555555555556,0.0,0.83,0.0,0.0,,0
17,0.1111111111111111,0.5555555555555556,0.0,0.84,0.0,0.0,,0
17,0.1111111111111111,0.5555555555555556,0.0,0.85,0.0,0.0,,0
17,0.1111111111111111,0.5555555555555556,0.0,0.86,0.0,0.0,,0
17,0.1111111111111111,0.5555555555555556,0.0,0.87,0.0,0.0,,0
17,0.1111111111111111,0.5555555555555556,0.0,0.88,0.0,0.0,,0
17,0.1111111111111111,0.5555555555555556,0.0,0.89,0.0,0.0,,0
17,0.1111111111111111,0.5555555555555556,0.0,0.9,0.0,0.0,,0
17,0.1111111111111111,0.5555555555555556,0.0,0.91,0.0,0.0,,0
17,0.1111111111111111,0.5555555555555556,0.0,0.92,0.0,0.0,,0
17,0.1111111111111111,0.5555555555555556,0.0,0.93,0.0,0.0,,0
17,0.1111111111111111,0.5555555555555556,0.0,0.94,0.0,0.0,,0
17,0.1111111111111111,0.5555555555555556,0.0,0.95,0.0,0.0,,0
17,0.1111111111111111,0.5555555555555556,0.0,0.96,0.0,0.0,,0
17,0.1111111111111111,0.5555555555555556,0.0,0.97,0.0,0.0,,0
17,0.1111111111111111,0.5555555555555556,0.0,0.98,0.0,0.0,,0
17,0.1111111111111111,0.5555555555555556,0.0,0.99,0.0,0.0,,0
17,0.1111111111111111,0.5555555555555556,0.0,1.0,0.0,0.0,,0
17,0.1111111111111111,0.5555555555555556,0.0,1.01,0.0,0.0,,0
17,0.1111111111111111,0.5555555555555556,0.0,1.02,0.0,0.0,,0
17,0.1111111111111111,0.5555555555555556,0.0,1.03,0.0,0.0,,0
17,0.1111111111111111,0.5555555555555556,0.0,1.04,0.0,0.0,,0
17,0.1111111111111111,0.5555555555555556,0.0,1.05,0.0,0.0,,0
17,0.1111111111111111,0.5555555555555556,0.0,1.06,0.0,0.0,,0
17,0.1111111111111111,0.5555555555555556,0.0,1.07,0.0,0.0,,0
17,0.1111111111111111,0.5555555555555556,0.0,1.08,0.0,0.0,,0
17,0.1111111111111111,0.5555555555555556,0.0,1.09,0.0,0.0,,0
17,0.1111111111111111,0.5555555555555556,0.0,1.1,0.0,0.0,,0
17,0.1111111111111111,0.5555555555555556,0.0,1.11,0.0,0.0,,0
17,0.1111111111111111,0.5555555555555556,0.0,1.12,0.0,0.0,,0
17,0.1111111111111111,0.5555555555555556,0.0,1.13,0.0,0.0,,0
17,0.1111111111111111,0.5555555555555556,0.0,1.14,0.0,0.0,,0
17,0.1111111111111111,0.5555555555555556,0.0,1.15,0.0,0.0,,0
17,0.1111111111111111,0.5555555555555556,0.0,1.16,0.0,0.0,,0
17,0.1111111111111111,0.5555555555555556,0.0,1.17,0.0,0.0,,0
17,0.1111111111111111,0.5555555555555556,0.0,1.18,0.0,0.0,,0
17,0.1111111111111111,0.5555555555555556,0.0,1.19,0.0,0.0,,0
17,0.1111111111111111,0.5555555555555556,0.0,1.2,0.0,0.0,,0
17,0.1111111111111111,0.5555555555555556,0.0,1.21,0.0,0.0,,0
17,0.1111111111111111,0.5555555555555556,0.0,1.22,0.0,0.0,,0
17,0.1111111111111111,0.5555555555555556,0.0,1.23,0.0,0.0,,0
17,0.1111111111111111,0.5555555555555556,0.0,1.24,0.0,0.0,,0
17,0.1111111111111111,0.5555555555555556,0.0,1.25,0.0,0.0,,0
17,0.1111111111111111,0.5555555555555556,0.0,1.26,0.0,0.0,,0
17,0.1111111111111111,0.5555555555555556,0.0,1.27,0.0,0.0,,0
17,0.1111111111111111,0.5555555555555556,0.0,1.28,0.0,0.0,,0
17,0.1111111111111111,0.5555555555555556,0.0,1.29,0.0,0.0,,0
17,0.1111111111111111,0.5555555555555556,0.0,1.3,0.0,0.0,,0
17,0.1111111111111111,0.5555555555555556,0.0,1.31,0.0,0.0,,0
17,0.1111111111111111,0.5555555555555556,0.0,1.32,0.0,0.0,,0
17,0.1111111111111111,0.5555555555555556,0.0,1.33,0.0,0.0,,0
17,0.1111111111111111,0.5555555555555556,0.0,1.34,0.0,0.0,,0
17,0.1111111111111111,0.5555555555555556,0.0,1.35,0.0,0.0,,0
17,0.1111111111111111,0.5555555555555556,0.0,1.36,0.0,0.0,,0
17,0.1111111111111111,0.5555555555555556,0.0,1.37,0.0,0.0,,0
17,0.1111111111111111,0.5555555555555556,0.0,1.38,0.0,0.0,,0
17,0.1111111111111111,0.5555555555555556,0.0,1.39,0.0,0.0,,0
17,0.1111111111111111,0.5555555555555556,0.0,1.4,0.0,0.0,,0
17,0.1111111111111111,0.5555555555555556,0.0,1.41,0.0,0.0,,0
17,0.1111111111111111,0.5555555555555556,0.0,1.42,0.0,0.0,,0
17,0.1111111111111111,0.5555555555555556,0.0,1.43,0.0,0.0,,0
17,0.1111111111111111,0.5555555555555556,0.0,1.44,0.0,0.0,,0
17,0.1111111111111111,0.5555555555555556,0.0,1.45,0.0,0.0,,0
17,0.1111111111111111,0.5555555555555556,0.0,1.46,0.0,0.0,,0
17,0.1111111111111111,0.5555555555555556,0.0,1.47,0.0,0.0,,0
17,0.1111111111111111,0.5555555555555556,0.0,1.48,0.0,0.0,,0
17,0.1111111111111111,0.5555555555555556,0.0,1.49,0.0,0.0,,0
17,0.1111111111111111,0.5555555555555556,0.0,1.5,0.0,0.0,,0
17,0.1111111111111111,0.5555555555555556,0.0,1.51,0.0,0.0,,0
17,0.1111111111111111,0.5555555555555556,0.0,1.52,0.0,0.0,,0
17,0.1111111111111111,0.5555555555555556,0.0,1.53,0.0,0.0,,0
17,0.1111111111111111,0.5555555555555556,0.0,1.54,0.0,0.0,,0
17,0.1111111111111111,0.5555555555555556,0.0,1.55,0.0,0.0,,0
17,0.1111111111111111,0.5555555555555556,0.0,1.56,0.0,0.0,,0
17,0.1111111111111111,0.5555555555555556,0.0,1.57,0.0,0.0,,0
17,0.1111111111111111,0.5555555555555556,0.0,1.58,0.0,0.0,,0
17,0.1111111111111111,0.5555555555555556,0.0,1.59,0.0,0.0,,0
17,0.1111111111111111,0.5555555555555556,0.0,1.6,0.0,0.0,,0
17,0.1111111111111111,0.5555555555555556,0.0,1.61,0.0,0.0,,0
17,0.1111111111111111,0.5555555555555556,0.0,1.62,0.0,0.0,,0
17,0.1111111111111111,0.5555555555555556,0.0,1.63,0.0,0.0,,0
17,0.1111111111111111,0.5555555555555556,0.0,1.64,0.0,0.0,,0
17,0.1111111111111111,0.5555555555555556,0.0,1.65,0.0,0.0,,0
17,0.1111111111111111,0.5555555555555556,0.0,1.66,0.0,0.0,,0
17,0.1111111111111111,0.5555555555555556,0.0,1.67,0.0,0.0,,0
17,0.1111111111111111,0.5555555555555556,0.0,1.68,0.0,0.0,,0
17,0.1111111111111111,0.5555555555555556,0.0,1.69,0.0,0.0,,0
17,0.1111111111111111,0.5555555555555556,0.0,1.7,0.0,0.0,,0
17,0.1111111111111111,0.5555555555555556,0.0,1.71,0.0,0.0,,0
17,0.1111111111111111,0.5555555555555556,0.0,1.72,0.0,0.0,,0
17,0.1111111111111111,0.5555555555555556,0.0,1.73,0.0,0.0,,0
17,0.1111111111111111,0.5555555555555556,0.0,1.74,0.0,0.0,,0
17,0.1111111111111111,0.5555555555555556,0.0,1.75,0.0,0.0,,0
17,0.1111111111111111,0.5555555555555556,0.0,1.76,0.0,0.0,,0
17,0.1111111111111111,0.5555555555555556,0.0,1.77,0.0,0.0,,0
17,0.1111111111111111,0.5555555555555556,0.0,1.78,0.0,0.0,,0
17,0.1111111111111111,0.5555555555555556,0.0,1.79,0.0,0.0,,0
17,0.1111111111111111,0.5555555555555556,0.0,1.8,0.0,0.0,,0
17,0.1111111111111111,0.5555555555555556,0.0,1.81,0.0,0.0,,0
17,0.1111111111111111,0.5555555555555556,0.0,1.82,0.0,0.0,,0
17,0.1111111111111111,0.5555555555555556,0.0,1.83,0.0,0.0,,0
17,0.1111111111111111,0.5555555555555556,0.0,1.84,0.0,0.0,,0
17,0.1111111111111111,0.5555555555555556,0.0,1.85,0.0,0.0,,0
17,0.1111111111111111,0.5555555555555556,0.0,1.86,0.0,0.0,,0
17,0.1111111111111111,0.5555555555555556,0.0,1.87,0.0,0.0,,0
17,0.1111111111111111,0.5555555555555556,0.0,1.88,0.0,0.0,,0
17,0.1111111111111111,0.5555555555555556,0.0,1.89,0.0,0.0,,0
17,0.1111111111111111,0.5555555555555556,0.0,1.9,0.0,0.0,,0
17,0.1111111111111111,0.5555555555555556,0.0,1.91,0.0,0.0,,0
17,0.1111111111111111,0.5555555555555556,0.0,1.92,0.0,0.0,,0
17,0.1111111111111111,0.5555555555555556,0.0,1.93,0.0,0.0,,0
17,0.1111111111111111,0.5555555555555556,0.0,1.94,0.0,0.0,,0
17,0.1111111111111111,0.5555555555555556,0.0,1.95,0.0,0.0,,0
17,0.1111111111111111,0.5555555555555556,0.0,1.96,0.0,0.0,,0
17,0.1111111111111111,0.5555555555555556,0.0,1.97,0.0,0.0,,0
17,0.1111111111111111,0.5555555555555556,0.0,1.98,0.0,0.0,,0
17,0.1111111111111111,0.5555555555555556,0.0,1.99,0.0,0.0,,0
17,0.1111111111111111,0.5555555555555556,0.0,2.0,0.0,0.0,,0
17,0.1111111111111111,0.5555555555555556,0.0,2.01,0.0,0.0,,0
17,0.1111111111111111,0.5555555555555556,0.0,2.02,0.0,0.0,,0
17,0.1111111111111111,0.5555555555555556,0.0,2.03,0.0,0.0,,0
17,0.1111111111111111,0.5555555555555556,0.0,2.04,0.0,0.0,,0
17,0.1111111111111111,0.5555555555555556,0.0,2.05,0.0,0.0,,0
17,0.1111111111111111,0.5555555555555556,0.0,2.06,0.0,0.0,,0
17,0.1111111111111111,0.5555555555555556,0.0,2.07,0.0,0.0,,0
17,0.1111111111111111,0.5555555555555556,0.0,2.08,0.0,0.0,,0
17,0.1111111111111111,0.5555555555555556,0.0,2.09,0.0,0.0,,0
17,0.1111111111111111,0.5555555555555556,0.0,2.1,0.0,0.0,,0
17,0.1111111111111111,0.5555555555555556,0.0,2.11,0.0,0.0,,0
17,0.1111111111111111,0.5555555555555556,0.0,2.12,0.0,0.0,,0
17,0.1111111111111111,0.5555555555555556,0.0,2.13,0.0,0.0,,0
17,0.1111111111111111,0.5555555555555556,0.0,2.14,0.0,0.0,,0
17,0.1111111111111111,0.5555555555555556,0.0,2.15,0.0,0.0,,0
17,0.1111111111111111,0.5555555555555556,0.0,2.16,0.0,0.0,,0
17,0.1111111111111111,0.5555555555555556,0.0,2.17,0.0,0.0,,0
17,0.1111111111111111,0.5555555555555556,0.0,2.18,0.0,0.0,,0
17,0.1111111111111111,0.5555555555555556,0.0,2.19,0.0,0.0,,0
17,0.1111111111111111,0.5555555555555556,0.0,2.2,0.0,0.0,,0
17,0.1111111111111111,0.5555555555555556,0.0,2.21,0.0,0.0,,0
17,0.1111111111111111,0.5555555555555556,0.0,2.22,0.0,0.0,,0
17,0.1111111111111111,0.5555555555555556,0.0,2.23,0.0,0.0,,0
17,0.1111111111111111,0.5555555555555556,0.0,2.24,0.0,0.0,,0
17,0.1111111111111111,0.5555555555555556,0.0,2.25,0.0,0.0,,0
17,0.1111111111111111,0.5555555555555556,0.0,2.26,0.0,0.0,,0
17,0.1111111111111111,0.5555555555555556,0.0,2.27,0.0,0.0,,0
17,0.1111111111111111,0.5555555555555556,0.0,2.28,0.0,0.0,,0
17,0.1111111111111111,0.5555555555555556,0.0,2.29,0.0,0.0,,0
17,0.1111111111111111,0.5555555555555556,0.0,2.3,0.0,0.0,,0
17,0.1111111111111111,0.5555555555555556,0.0,2.31,0.0,0.0,,0
17,0.1111111111111111,0.5555555555555556,0.0,2.32,0.0,0.0,,0
17,0.1111111111111111,0.5555555555555556,0.0,2.33,0.0,0.0,,0
17,0.1111111111111111,0.5555555555555556,0.0,2.34,0.0,0.0,,0
17,0.1111111111111111,0.5555555555555556,0.0,2.35,0.0,0.0,,0
17,0.1111111111111111,0.5555555555555556,0.0,2.36,0.0,0.0,,0
17,0.1111111111111111,0.5555555555555556,0.0,2.37,0.0001,0.0001,0.0,1
17,0.1111111111111111,0.5555555555555556,0.0,2.38,0.0001,0.0001,0.0,1
17,0.1111111111111111,0.5555555555555556,0.0,2.39,0.0001,0.0001,0.0,1
17,0.1111111111111111,0.5555555555555556,0.0,2.4,0.0002,0.0002,0.0,1
17,0.1111111111111111,0.5555555555555556,0.0,2.41,0.0003,0.0003,0.0,1
17,0.1111111111111111,0.5555555555555556,0.0,2.42,0.0005,0.0005,0.0,1
17,0.1111111111111111,0.5555555555555556,0.0,2.43,0.0007,0.0007,0.0,1
17,0.1111111111111111,0.5555555555555556,0.0,2.44,0.0009,0.0009,0.0,1
17,0.1111111111111111,0.5555555555555556,0.0,2.45,0.0012,0.0012,0.0,1
17,0.1111111111111111,0.5555555555555556,0.0,2.46,0.0015,0.0015,0.0,1
17,0.1111111111111111,0.5555555555555556,0.0,2.47,0.0018,0.0018,0.0,1
17,0.1111111111111111,0.5555555555555556,0.0,2.48,0.0022,0.0022,0.0,1
17,0.1111111111111111,0.5555555555555556,0.0,2.49,0.0025,0.0025,0.0,1
17,0.1111111111111111,0.5555555555555556,0.0,2.5,0.0029,0.0029,0.0,1
17,0.1111111111111111,0.5555555555555556,0.0,2.51,0.0032,0.0032,0.0,1
17,0.1111111111111111,0.5555555555555556,0.0,2.52,0.0036,0.0036,0.0,1
17,0.1111111111111111,0.5555555555555556,0.0,2.53,0.004,0.004,0.0,1
17,0.1111111111111111,0.5555555555555556,0.0,2.54,0.0044,0.0044,0.0,1
17,0.1111111111111111,0.5555555555555556,0.0,2.55,0.0048,0.0048,0.0,1
17,0.1111111111111111,0.5555555555555556,0.0,2.56,0.0052,0.0052,0.0,1
17,0.1111111111111111,0.5555555555555556,0.0,2.57,0.0057,0.0057,0.0,1
17,0.1111111111111111,0.5555555555555556,0.0,2.58,0.006,0.006,0.0,1
17,0.1111111111111111,0.5555555555555556,0.0,2.59,0.0064,0.0064,0.0,1
17,0.1111111111111111,0.5555555555555556,0.0,2.6,0.0066,0.0066,0.0,1
17,0.1111111111111111,0.5555555555555556,0.0,2.61,0.0067,0.0067,0.0,1
17,0.1111111111111111,0.5555555555555556,0.0,2.62,0.0067,0.0067,0.0,1
17,0.1111111111111111,0.5555555555555556,0.0,2.63,0.0066,0.0066,0.0,1
17,0.1111111111111111,0.5555555555555556,0.0,2.64,0.0064,0.0064,0.0,1
17,0.1111111111111111,0.5555555555555556,0.0,2.65,0.006,0.006,0.0,1
17,0.1111111111111111,0.5555555555555556,0.0,2.66,0.0057,0.0057,0.0,1
17,0.1111111111111111,0.5555555555555556,0.0,2.67,0.0053,0.0053,0.0,1
17,0.1111111111111111,0.5555555555555556,0.0,2.68,0.0049,0.0049,0.0,1
17,0.1111111111111111,0.5555555555555556,0.0,2.69,0.0045,0.0045,0.0,1
17,0.1111111111111111,0.5555555555555556,0.0,2.7,0.0041,0.0041,0.0,1
17,0.1111111111111111,0.5555555555555556,0.0,2.71,0.0037,0.0037,0.0,1
17,0.1111111111111111,0.5555555555555556,0.0,2.72,0.0034,0.0034,0.0,1
17,0.1111111111111111,0.5555555555555556,0.0,2.73,0.003,0.003,0.0,1
17,0.1111111111111111,0.5555555555555556,0.0,2.74,0.0026,0.0026,0.0,1
17,0.1111111111111111,0.5555555555555556,0.0,2.75,0.0023,0.0023,0.0,1
17,0.1111111111111111,0.5555555555555556,0.0,2.76,0.0019,0.0019,0.0,1
17,0.1111111111111111,0.5555555555555556,0.0,2.77,0.0016,0.0016,0.0,1
17,0.1111111111111111,0.5555555555555556,0.0,2.78,0.0012,0.0012,0.0,1
17,0.1111111111111111,0.5555555555555556,0.0,2.79,0.0009,0.0009,0.0,1
17,0.1111111111111111,0.5555555555555556,0.0,2.8,0.0007,0.0007,0.0,1
17,0.1111111111111111,0.5555555555555556,0.0,2.81,0.0005,0.0005,0.0,1
17,0.1111111111111111,0.5555555555555556,0.0,2.82,0.0003,0.0003,0.0,1
17,0.1111111111111111,0.5555555555555556,0.0,2.83,0.0002,0.0002,0.0,1
17,0.1111111111111111,0.5555555555555556,0.0,2.84,0.0001,0.0001,0.0,1
17,0.1111111111111111,0.5555555555555556,0.0,2.85,0.0001,0.0001,0.0,1
17,0.1111111111111111,0.5555555555555556,0.0,2.86,0.0001,0.0001,0.0,1
17,0.1111111111111111,0.5555555555555556,0.0,2.87,0.0,0.0,,0
17,0.1111111111111111,0.5555555555555556,0.0,2.88,0.0,0.0,,0
17,0.1111111111111111,0.5555555555555556,0.0,2.89,0.0,0.0,,0
17,0.1111111111111111,0.5555555555555556,0.0,2.9,0.0,0.0,,0
17,0.1111111111111111,0.5555555555555556,0.0,2.91,0.0,0.0,,0
17,0.1111111111111111,0.5555555555555556,0.0,2.92,0.0,0.0,,0
17,0.1111111111111111,0.5555555555555556,0.0,2.93,0.0,0.0,,0
17,0.1111111111111111,0.5555555555555556,0.0,2.94,0.0,0.0,,0
17,0.1111111111111111,0.5555555555555556,0.0,2.95,0.0,0.0,,0
17,0.1111111111111111,0.5555555555555556,0.0,2.96,0.0,0.0,,0
17,0.1111111111111111,0.5555555555555556,0.0,2.97,0.0,0.0,,0
17,0.1111111111111111,0.5555555555555556,0.0,2.98,0.0,0.0,,0
17,0.1111111111111111,0.5555555555555556,0.0,2.99,0.0,0.0,,0
17,0.1111111111111111,0.5555555555555556,0.0,3.0,0.0,0.0,,0
17,0.1111111111111111,0.5555555555555556,0.0,3.01,0.0,0.0,,0
17,0.1111111111111111,0.5555555555555556,0.0,3.02,0.0,0.0,,0
17,0.1111111111111111,0.5555555555555556,0.0,3.03,0.0,0.0,,0
17,0.1111111111111111,0.5555555555555556,0.0,3.04,0.0,0.0,,0
17,0.1111111111111111,0.5555555555555556,0.0,3.05,0.0,0.0,,0
17,0.1111111111111111,0.5555555555555556,0.0,3.06,0.0,0.0,,0
17,0.1111111111111111,0.5555555555555556,0.0,3.07,0.0,0.0,,0
17,0.1111111111111111,0.5555555555555556,0.0,3.08,0.0,0.0,,0
17,0.1111111111111111,0.5555555555555556,0.0,3.09,0.0,0.0,,0
17,0.1111111111111111,0.5555555555555556,0.0,3.1,0.0,0.0,,0
17,0.1111111111111111,0.5555555555555556,0.0,3.11,0.0,0.0,,0
17,0.1111111111111111,0.5555555555555556,0.0,3.12,0.0,0.0,,0
17,0.1111111111111111,0.5555555555555556,0.0,3.13,0.0,0.0,,0
17,0.1111111111111111,0.5555555555555556,0.0,3.14,0.0,0.0,,0
17,0.1111111111111111,0.5555555555555556,0.0,3.15,0.0,0.0,,0
17,0.1111111111111111,0.5555555555555556,0.0,3.16,0.0,0.0,,0
17,0.1111111111111111,0.5555555555555556,0.0,3.17,0.0,0.0,,0
17,0.1111111111111111,0.5555555555555556,0.0,3.18,0.0,0.0,,0
17,0.1111111111111111,0.5555555555555556,0.0,3.19,0.0,0.0,,0
17,0.1111111111111111,0.5555555555555556,0.0,3.2,0.0,0.0,,0
17,0.1111111111111111,0.5555555555555556,0.0,3.21,0.0,0.0,,0
17,0.1111111111111111,0.5555555555555556,0.0,3.22,0.0,0.0,,0
17,0.1111111111111111,0.5555555555555556,0.0,3.23,0.0,0.0,,0
17,0.1111111111111111,0.5555555555555556,0.0,3.24,0.0,0.0,,0
17,0.1111111111111111,0.5555555555555556,0.0,3.25,0.0,0.0,,0
17,0.1111111111111111,0.5555555555555556,0.0,3.26,0.0,0.0,,0
17,0.1111111111111111,0.5555555555555556,0.0,3.27,0.0,0.0,,0
17,0.1111111111111111,0.5555555555555556,0.0,3.28,0.0,0.0,,0
17,0.1111111111111111,0.5555555555555556,0.0,3.29,0.0,0.0,,0
17,0.1111111111111111,0.5555555555555556,0.0,3.3,0.0,0.0,,0
17,0.1111111111111111,0.5555555555555556,0.0,3.31,0.0,0.0,,0
17,0.1111111111111111,0.5555555555555556,0.0,3.32,0.0,0.0,,0
17,0.1111111111111111,0.5555555555555556,0.0,3.33,0.0,0.0,,0
17,0.1111111111111111,0.5555555555555556,0.0,3.34,0.0,0.0,,0
17,0.1111111111111111,0.5555555555555556,0.0,3.35,0.0,0.0,,0
17,0.1111111111111111,0.5555555555555556,0.0,3.36,0.0,0.0,,0
17,0.1111111111111111,0.5555555555555556,0.0,3.37,0.0,0.0,,0
17,0.1111111111111111,0.5555555555555556,0.0,3.38,0.0,0.0,,0
17,0.1111111111111111,0.5555555555555556,0.0,3.39,0.0,0.0,,0
17,0.1111111111111111,0.5555555555555556,0.0,3.4,0.0,0.0,,0
17,0.1111111111111111,0.5555555555555556,0.0,3.41,0.0,0.0,,0
17,0.1111111111111111,0.5555555555555556,0.0,3.42,0.0,0.0,,0
17,0.1111111111111111,0.5555555555555556,0.0,3.43,0.0,0.0,,0
17,0.1111111111111111,0.5555555555555556,0.0,3.44,0.0,0.0,,0
17,0.1111111111111111,0.5555555555555556,0.0,3.45,0.0,0.0,,0
17,0.1111111111111111,0.5555555555555556,0.0,3.46,0.0,0.0,,0
17,0.1111111111111111,0.5555555555555556,0.0,3.47,0.0,0.0,,0
17,0.1111111111111111,0.5555555555555556,0.0,3.48,0.0,0.0,,0
17,0.1111111111111111,0.5555555555555556,0.0,3.49,0.0,0.0,,0
17,0.1111111111111111,0.5555555555555556,0.0,3.5,0.0,0.0,,0
17,0.1111111111111111,0.5555555555555556,0.0,3.51,0.0,0.0,,0
17,0.1111111111111111,0.5555555555555556,0.0,3.52,0.0,0.0,,0
17,0.1111111111111111,0.5555555555555556,0.0,3.53,0.0,0.0,,0
17,0.1111111111111111,0.5555555555555556,0.0,3.54,0.0,0.0,,0
17,0.1111111111111111,0.5555555555555556,0.0,3.55,0.0,0.0,,0
17,0.1111111111111111,0.5555555555555556,0.0,3.56,0.0,0.0,,0
17,0.1111111111111111,0.5555555555555556,0.0,3.57,0.0,0.0,,0
17,0.1111111111111111,0.5555555555555556,0.0,3.58,0.0,0.0,,0
17,0.1111111111111111,0.5555555555555556,0.0,3.59,0.0,0.0,,0
17,0.1111111111111111,0.5555555555555556,0.0,3.6,0.0,0.0,,0
17,0.1111111111111111,0.5555555555555556,0.0,3.61,0.0,0.0,,0
17,0.1111111111111111,0.5555555555555556,0.0,3.62,0.0,0.0,,0
17,0.1111111111111111,0.5555555555555556,0.0,3.63,0.0,0.0,,0
17,0.1111111111111111,0.5555555555555556,0.0,3.64,0.0,0.0,,0
17,0.1111111111111111,0.5555555555555556,0.0,3.65,0.0,0.0,,0
17,0.1111111111111111,0.5555555555555556,0.0,3.66,0.0,0.0,,0
17,0.1111111111111111,0.5555555555555556,0.0,3.67,0.0,0.0,,0
17,0.1111111111111111,0.5555555555555556,0.0,3.68,0.0,0.0,,0
17,0.1111111111111111,0.5555555555555556,0.0,3.69,0.0,0.0,,0
17,0.1111111111111111,0.5555555555555556,0.0,3.7,0.0,0.0,,0
17,0.1111111111111111,0.5555555555555556,0.0,3.71,0.0,0.0,,0
17,0.1111111111111111,0.5555555555555556,0.0,3.72,0.0001,0.0001,0.0,1
17,0.1111111111111111,0.5555555555555556,0.0,3.73,0.0001,0.0001,0.0,1
17,0.1111111111111111,0.5555555555555556,0.0,3.74,0.0001,0.0001,0.0,1
17,0.1111111111111111,0.5555555555555556,0.0,3.75,0.0002,0.0002,0.0,1
17,0.1111111111111111,0.5555555555555556,0.0,3.76,0.0002,0.0002,0.0,1
17,0.1111111111111111,0.5555555555555556,0.0,3.77,0.0003,0.0003,0.0,1
17,0.1111111111111111,0.5555555555555556,0.0,3.78,0.0003,0.0003,0.0,1
17,0.1111111111111111,0.5555555555555556,0.0,3.79,0.0004,0.0004,0.0,1
17,0.1111111111111111,0.5555555555555556,0.0,3.8,0.0004,0.0004,0.0,1
17,0.1111111111111111,0.5555555555555556,0.0,3.81,0.0004,0.0004,0.0,1
17,0.1111111111111111,0.5555555555555556,0.0,3.82,0.0005,0.0005,0.0,1
17,0.1111111111111111,0.5555555555555556,0.0,3.83,0.0005,0.0005,0.0,1
17,0.1111111111111111,0.5555555555555556,0.0,3.84,0.0005,0.0005,0.0,1
17,0.1111111111111111,0.5555555555555556,0.0,3.85,0.0004,0.0004,0.0,1
17,0.1111111111111111,0.5555555555555556,0.0,3.86,0.0004,0.0004,0.0,1
17,0.1111111111111111,0.5555555555555556,0.0,3.87,0.0004,0.0004,0.0,1
17,0.1111111111111111,0.5555555555555556,0.0,3.88,0.0004,0.0004,0.0,1
17,0.1111111111111111,0.5555555555555556,0.0,3.89,0.0003,0.0003,0.0,1
17,0.1111111111111111,0.5555555555555556,0.0,3.9,0.0003,0.0003,0.0,1
17,0.1111111111111111,0.5555555555555556,0.0,3.91,0.0003,0.0003,0.0,1
17,0.1111111111111111,0.5555555555555556,0.0,3.92,0.0003,0.0003,0.0,1
17,0.1111111111111111,0.5555555555555556,0.0,3.93,0.0003,0.0003,0.0,1
17,0.1111111111111111,0.5555555555555556,0.0,3.94,0.0003,0.0003,0.0,1
17,0.1111111111111111,0.5555555555555556,0.0,3.95,0.0003,0.0003,0.0,1
17,0.1111111111111111,0.5555555555555556,0.0,3.96,0.0002,0.0002,0.0,1
17,0.1111111111111111,0.5555555555555556,0.0,3.97,0.0002,0.0002,0.0,1
17,0.1111111111111111,0.5555555555555556,0.0,3.98,0.0002,0.0002,0.0,1
17,0.1111111111111111,0.5555555555555556,0.0,3.99,0.0002,0.0002,0.0,1
17,0.1111111111111111,0.5555555555555556,0.0,4.0,0.0002,0.0002,0.0,1
18,0.1388888888888889,0.5694444444444444,0.0,0.5,0.0,0.0,,0
18,0.1388888888888889,0.5694444444444444,0.0,0.51,0.0,0.0,,0
18,0.1388888888888889,0.5694444444444444,0.0,0.52,0.0,0.0,,0
18,0.1388888888888889,0.5694444444444444,0.0,0.53,0.0,0.0,,0
18,0.1388888888888889,0.5694444444444444,0.0,0.54,0.0,0.0,,0
18,0.1388888888888889,0.5694444444444444,0.0,0.55,0.0,0.0,,0
18,0.1388888888888889,0.5694444444444444,0.0,0.56,0.0,0.0,,0
18,0.1388888888888889,0.5694444444444444,0.0,0.57,0.0,0.0,,0
18,0.1388888888888889,0.5694444444444444,0.0,0.58,0.0,0.0,,0
18,0.1388888888888889,0.5694444444444444,0.0,0.59,0.0,0.0,,0
18,0.1388888888888889,0.5694444444444444,0.0,0.6,0.0,0.0,,0
18,0.1388888888888889,0.5694444444444444,0.0,0.61,0.0,0.0,,0
18,0.1388888888888889,0.5694444444444444,0.0,0.62,0.0,0.0,,0
18,0.1388888888888889,0.5694444444444444,0.0,0.63,0.0,0.0,,0
18,0.1388888888888889,0.5694444444444444,0.0,0.64,0.0,0.0,,0
18,0.1388888888888889,0.5694444444444444,0.0,0.65,0.0,0.0,,0
18,0.1388888888888889,0.5694444444444444,0.0,0.66,0.0,0.0,,0
18,0.1388888888888889,0.5694444444444444,0.0,0.67,0.0,0.0,,0
18,0.1388888888888889,0.5694444444444444,0.0,0.68,0.0,0.0,,0
18,0.1388888888888889,0.5694444444444444,0.0,0.69,0.0,0.0,,0
18,0.1388888888888889,0.5694444444444444,0.0,0.7,0.0,0.0,,0
18,0.1388888888888889,0.5694444444444444,0.0,0.71,0.0,0.0,,0
18,0.1388888888888889,0.5694444444444444,0.0,0.72,0.0,0.0,,0
18,0.1388888888888889,0.5694444444444444,0.0,0.73,0.0,0.0,,0
18,0.1388888888888889,0.5694444444444444,0.0,0.74,0.0,0.0,,0
18,0.1388888888888889,0.5694444444444444,0.0,0.75,0.0,0.0,,0
18,0.1388888888888889,0.5694444444444444,0.0,0.76,0.0,0.0,,0
18,0.1388888888888889,0.5694444444444444,0.0,0.77,0.0,0.0,,0
18,0.1388888888888889,0.5694444444444444,0.0,0.78,0.0,0.0,,0
18,0.1388888888888889,0.5694444444444444,0.0,0.79,0.0,0.0,,0
18,0.1388888888888889,0.5694444444444444,0.0,0.8,0.0,0.0,,0
18,0.1388888888888889,0.5694444444444444,0.0,0.81,0.0,0.0,,0
18,0.1388888888888889,0.5694444444444444,0.0,0.82,0.0,0.0,,0
18,0.1388888888888889,0.5694444444444444,0.0,0.83,0.0,0.0,,0
18,0.1388888888888889,0.5694444444444444,0.0,0.84,0.0,0.0,,0
18,0.1388888888888889,0.5694444444444444,0.0,0.85,0.0,0.0,,0
18,0.1388888888888889,0.5694444444444444,0.0,0.86,0.0,0.0,,0
18,0.1388888888888889,0.5694444444444444,0.0,0.87,0.0,0.0,,0
18,0.1388888888888889,0.5694444444444444,0.0,0.88,0.0,0.0,,0
18,0.1388888888888889,0.5694444444444444,0.0,0.89,0.0,0.0,,0
18,0.1388888888888889,0.5694444444444444,0.0,0.9,0.0,0.0,,0
18,0.1388888888888889,0.5694444444444444,0.0,0.91,0.0,0.0,,0
18,0.1388888888888889,0.5694444444444444,0.0,0.92,0.0,0.0,,0
18,0.1388888888888889,0.5694444444444444,0.0,0.93,0.0,0.0,,0
18,0.1388888888888889,0.5694444444444444,0.0,0.94,0.0,0.0,,0
18,0.1388888888888889,0.5694444444444444,0.0,0.95,0.0,0.0,,0
18,0.1388888888888889,0.5694444444444444,0.0,0.96,0.0,0.0,,0
18,0.1388888888888889,0.5694444444444444,0.0,0.97,0.0,0.0,,0
18,0.1388888888888889,0.5694444444444444,0.0,0.98,0.0,0.0,,0
18,0.1388888888888889,0.5694444444444444,0.0,0.99,0.0,0.0,,0
18,0.1388888888888889,0.5694444444444444,0.0,1.0,0.0,0.0,,0
18,0.1388888888888889,0.5694444444444444,0.0,1.01,0.0,0.0,,0
18,0.1388888888888889,0.5694444444444444,0.0,1.02,0.0,0.0,,0
18,0.1388888888888889,0.5694444444444444,0.0,1.03,0.0,0.0,,0
18,0.1388888888888889,0.5694444444444444,0.0,1.04,0.0,0.0,,0
18,0.1388888888888889,0.5694444444444444,0.0,1.05,0.0,0.0,,0
18,0.1388888888888889,0.5694444444444444,0.0,1.06,0.0,0.0,,0
18,0.1388888888888889,0.5694444444444444,0.0,1.07,0.0,0.0,,0
18,0.1388888888888889,0.5694444444444444,0.0,1.08,0.0,0.0,,0
18,0.1388888888888889,0.5694444444444444,0.0,1.09,0.0,0.0,,0
18,0.1388888888888889,0.5694444444444444,0.0,1.1,0.0,0.0,,0
18,0.1388888888888889,0.5694444444444444,0.0,1.11,0.0,0.0,,0
18,0.1388888888888889,0.5694444444444444,0.0,1.12,0.0,0.0,,0
18,0.1388888888888889,0.5694444444444444,0.0,1.13,0.0,0.0,,0
18,0.1388888888888889,0.5694444444444444,0.0,1.14,0.0,0.0,,0
18,0.1388888888888889,0.5694444444444444,0.0,1.15,0.0,0.0,,0
18,0.1388888888888889,0.5694444444444444,0.0,1.16,0.0,0.0,,0
18,0.1388888888888889,0.5694444444444444,0.0,1.17,0.0,0.0,,0
18,0.1388888888888889,0.5694444444444444,0.0,1.18,0.0,0.0,,0
18,0.1388888888888889,0.5694444444444444,0.0,1.19,0.0,0.0,,0
18,0.1388888888888889,0.5694444444444444,0.0,1.2,0.0,0.0,,0
18,0.1388888888888889,0.5694444444444444,0.0,1.21,0.0,0.0,,0
18,0.1388888888888889,0.5694444444444444,0.0,1.22,0.0,0.0,,0
18,0.1388888888888889,0.5694444444444444,0.0,1.23,0.0,0.0,,0
18,0.1388888888888889,0.5694444444444444,0.0,1.24,0.0,0.0,,0
18,0.1388888888888889,0.5694444444444444,0.0,1.25,0.0,0.0,,0
18,0.1388888888888889,0.5694444444444444,0.0,1.26,0.0,0.0,,0
18,0.1388888888888889,0.5694444444444444,0.0,1.27,0.0,0.0,,0
18,0.1388888888888889,0.5694444444444444,0.0,1.28,0.0,0.0,,0
18,0.1388888888888889,0.5694444444444444,0.0,1.29,0.0,0.0,,0
18,0.1388888888888889,0.5694444444444444,0.0,1.3,0.0,0.0,,0
18,0.1388888888888889,0.5694444444444444,0.0,1.31,0.0,0.0,,0
18,0.1388888888888889,0.5694444444444444,0.0,1.32,0.0,0.0,,0
18,0.1388888888888889,0.5694444444444444,0.0,1.33,0.0,0.0,,0
18,0.1388888888888889,0.5694444444444444,0.0,1.34,0.0,0.0,,0
18,0.1388888888888889,0.5694444444444444,0.0,1.35,0.0,0.0,,0
18,0.1388888888888889,0.5694444444444444,0.0,1.36,0.0,0.0,,0
18,0.1388888888888889,0.5694444444444444,0.0,1.37,0.0,0.0,,0
18,0.1388888888888889,0.5694444444444444,0.0,1.38,0.0,0.0,,0
18,0.1388888888888889,0.5694444444444444,0.0,1.39,0.0,0.0,,0
18,0.1388888888888889,0.5694444444444444,0.0,1.4,0.0,0.0,,0
18,0.1388888888888889,0.5694444444444444,0.0,1.41,0.0,0.0,,0
18,0.1388888888888889,0.5694444444444444,0.0,1.42,0.0,0.0,,0
18,0.1388888888888889,0.5694444444444444,0.0,1.43,0.0,0.0,,0
18,0.1388888888888889,0.5694444444444444,0.0,1.44,0.0,0.0,,0
18,0.1388888888888889,0.5694444444444444,0.0,1.45,0.0,0.0,,0
18,0.1388888888888889,0.5694444444444444,0.0,1.46,0.0,0.0,,0
18,0.1388888888888889,0.5694444444444444,0.0,1.47,0.0,0.0,,0
18,0.1388888888888889,0.5694444444444444,0.0,1.48,0.0,0.0,,0
18,0.1388888888888889,0.5694444444444444,0.0,1.49,0.0,0.0,,0
18,0.1388888888888889,0.5694444444444444,0.0,1.5,0.0,0.0,,0
18,0.1388888888888889,0.5694444444444444,0.0,1.51,0.0,0.0,,0
18,0.1388888888888889,0.5694444444444444,0.0,1.52,0.0,0.0,,0
18,0.1388888888888889,0.5694444444444444,0.0,1.53,0.0,0.0,,0
18,0.1388888888888889,0.5694444444444444,0.0,1.54,0.0,0.0,,0
18,0.1388888888888889,0.5694444444444444,0.0,1.55,0.0,0.0,,0
18,0.1388888888888889,0.5694444444444444,0.0,1.56,0.0,0.0,,0
18,0.1388888888888889,0.5694444444444444,0.0,1.57,0.0,0.0,,0
18,0.1388888888888889,0.5694444444444444,0.0,1.58,0.0,0.0,,0
18,0.1388888888888889,0.5694444444444444,0.0,1.59,0.0,0.0,,0
18,0.1388888888888889,0.5694444444444444,0.0,1.6,0.0,0.0,,0
18,0.1388888888888889,0.5694444444444444,0.0,1.61,0.0,0.0,,0
18,0.1388888888888889,0.5694444444444444,0.0,1.62,0.0,0.0,,0
18,0.1388888888888889,0.5694444444444444,0.0,1.63,0.0,0.0,,0
18,0.1388888888888889,0.5694444444444444,0.0,1.64,0.0,0.0,,0
18,0.1388888888888889,0.5694444444444444,0.0,1.65,0.0,0.0,,0
18,0.1388888888888889,0.5694444444444444,0.0,1.66,0.0,0.0,,0
18,0.1388888888888889,0.5694444444444444,0.0,1.67,0.0,0.0,,0
18,0.1388888888888889,0.5694444444444444,0.0,1.68,0.0,0.0,,0
18,0.1388888888888889,0.5694444444444444,0.0,1.69,0.0,0.0,,0
18,0.1388888888888889,0.5694444444444444,0.0,1.7,0.0,0.0,,0
18,0.1388888888888889,0.5694444444444444,0.0,1.71,0.0,0.0,,0
18,0.1388888888888889,0.5694444444444444,0.0,1.72,0.0,0.0,,0
18,0.1388888888888889,0.5694444444444444,0.0,1.73,0.0,0.0,,0
18,0.1388888888888889,0.5694444444444444,0.0,1.74,0.0,0.0,,0
18,0.1388888888888889,0.5694444444444444,0.0,1.75,0.0,0.0,,0
18,0.1388888888888889,0.5694444444444444,0.0,1.76,0.0,0.0,,0
18,0.1388888888888889,0.5694444444444444,0.0,1.77,0.0,0.0,,0
18,0.1388888888888889,0.5694444444444444,0.0,1.78,0.0,0.0,,0
18,0.1388888888888889,0.5694444444444444,0.0,1.79,0.0,0.0,,0
18,0.1388888888888889,0.5694444444444444,0.0,1.8,0.0,0.0,,0
18,0.1388888888888889,0.5694444444444444,0.0,1.81,0.0,0.0,,0
18,0.1388888888888889,0.5694444444444444,0.0,1.82,0.0,0.0,,0
18,0.1388888888888889,0.5694444444444444,0.0,1.83,0.0,0.0,,0
18,0.1388888888888889,0.5694444444444444,0.0,1.84,0.0,0.0,,0
18,0.1388888888888889,0.5694444444444444,0.0,1.85,0.0,0.0,,0
18,0.1388888888888889,0.5694444444444444,0.0,1.86,0.0,0.0,,0
18,0.1388888888888889,0.5694444444444444,0.0,1.87,0.0,0.0,,0
18,0.1388888888888889,0.5694444444444444,0.0,1.88,0.0,0.0,,0
18,0.1388888888888889,0.5694444444444444,0.0,1.89,0.0,0.0,,0
18,0.1388888888888889,0.5694444444444444,0.0,1.9,0.0,0.0,,0
18,0.1388888888888889,0.5694444444444444,0.0,1.91,0.0,0.0,,0
18,0.1388888888888889,0.5694444444444444,0.0,1.92,0.0,0.0,,0
18,0.1388888888888889,0.5694444444444444,0.0,1.93,0.0,0.0,,0
18,0.1388888888888889,0.5694444444444444,0.0,1.94,0.0,0.0,,0
18,0.1388888888888889,0.5694444444444444,0.0,1.95,0.0,0.0,,0
18,0.1388888888888889,0.5694444444444444,0.0,1.96,0.0,0.0,,0
18,0.1388888888888889,0.5694444444444444,0.0,1.97,0.0,0.0,,0
18,0.1388888888888889,0.5694444444444444,0.0,1.98,0.0,0.0,,0
18,0.1388888888888889,0.5694444444444444,0.0,1.99,0.0,0.0,,0
18,0.1388888888888889,0.5694444444444444,0.0,2.0,0.0,0.0,,0
18,0.1388888888888889,0.5694444444444444,0.0,2.01,0.0,0.0,,0
18,0.1388888888888889,0.5694444444444444,0.0,2.02,0.0,0.0,,0
18,0.1388888888888889,0.5694444444444444,0.0,2.03,0.0,0.0,,0
18,0.1388888888888889,0.5694444444444444,0.0,2.04,0.0,0.0,,0
18,0.1388888888888889,0.5694444444444444,0.0,2.05,0.0,0.0,,0
18,0.1388888888888889,0.5694444444444444,0.0,2.06,0.0,0.0,,0
18,0.1388888888888889,0.5694444444444444,0.0,2.07,0.0,0.0,,0
18,0.1388888888888889,0.5694444444444444,0.0,2.08,0.0,0.0,,0
18,0.1388888888888889,0.5694444444444444,0.0,2.09,0.0,0.0,,0
18,0.1388888888888889,0.5694444444444444,0.0,2.1,0.0,0.0,,0
18,0.1388888888888889,0.5694444444444444,0.0,2.11,0.0,0.0,,0
18,0.1388888888888889,0.5694444444444444,0.0,2.12,0.0,0.0,,0
18,0.1388888888888889,0.5694444444444444,0.0,2.13,0.0,0.0,,0
18,0.1388888888888889,0.5694444444444444,0.0,2.14,0.0,0.0,,0
18,0.1388888888888889,0.5694444444444444,0.0,2.15,0.0,0.0,,0
18,0.1388888888888889,0.5694444444444444,0.0,2.16,0.0,0.0,,0
18,0.1388888888888889,0.5694444444444444,0.0,2.17,0.0,0.0,,0
18,0.1388888888888889,0.5694444444444444,0.0,2.18,0.0,0.0,,0
18,0.1388888888888889,0.5694444444444444,0.0,2.19,0.0,0.0,,0
18,0.1388888888888889,0.5694444444444444,0.0,2.2,0.0,0.0,,0
18,0.1388888888888889,0.5694444444444444,0.0,2.21,0.0,0.0,,0
18,0.1388888888888889,0.5694444444444444,0.0,2.22,0.0,0.0,,0
18,0.1388888888888889,0.5694444444444444,0.0,2.23,0.0,0.0,,0
18,0.1388888888888889,0.5694444444444444,0.0,2.24,0.0,0.0,,0
18,0.1388888888888889,0.5694444444444444,0.0,2.25,0.0,0.0,,0
18,0.1388888888888889,0.5694444444444444,0.0,2.26,0.0,0.0,,0
18,0.1388888888888889,0.5694444444444444,0.0,2.27,0.0,0.0,,0
18,0.1388888888888889,0.5694444444444444,0.0,2.28,0.0001,0.0001,0.0,1
18,0.1388888888888889,0.5694444444444444,0.0,2.29,0.0001,0.0001,0.0,1
18,0.1388888888888889,0.5694444444444444,0.0,2.3,0.0002,0.0002,0.0,1
18,0.1388888888888889,0.5694444444444444,0.0,2.31,0.0003,0.0003,0.0,1
18,0.1388888888888889,0.5694444444444444,0.0,2.32,0.0004,0.0004,0.0,1
18,0.1388888888888889,0.5694444444444444,0.0,2.33,0.0006,0.0006,0.0,1
18,0.1388888888888889,0.5694444444444444,0.0,2.34,0.0008,0.0008,0.0,1
18,0.1388888888888889,0.5694444444444444,0.0,2.35,0.0011,0.0011,0.0,1
18,0.1388888888888889,0.5694444444444444,0.0,2.36,0.0014,0.0014,0.0,1
18,0.1388888888888889,0.5694444444444444,0.0,2.37,0.0017,0.0017,0.0,1
18,0.1388888888888889,0.5694444444444444,0.0,2.38,0.0021,0.0021,0.0,1
18,0.1388888888888889,0.5694444444444444,0.0,2.39,0.0025,0.0025,0.0,1
18,0.1388888888888889,0.5694444444444444,0.0,2.4,0.0029,0.0029,0.0,1
18,0.1388888888888889,0.5694444444444444,0.0,2.41,0.0032,0.0032,0.0,1
18,0.1388888888888889,0.5694444444444444,0.0,2.42,0.0036,0.0036,0.0,1
18,0.1388888888888889,0.5694444444444444,0.0,2.43,0.004,0.004,0.0,1
18,0.1388888888888889,0.5694444444444444,0.0,2.44,0.0044,0.0044,0.0,1
18,0.1388888888888889,0.5694444444444444,0.0,2.45,0.0048,0.0048,0.0,1
18,0.1388888888888889,0.5694444444444444,0.0,2.46,0.0053,0.0053,0.0,1
18,0.1388888888888889,0.5694444444444444,0.0,2.47,0.0058,0.0058,0.0,1
18,0.1388888888888889,0.5694444444444444,0.0,2.48,0.0063,0.0063,0.0,1
18,0.1388888888888889,0.5694444444444444,0.0,2.49,0.0068,0.0068,0.0,1
18,0.1388888888888889,0.5694444444444444,0.0,2.5,0.0073,0.0073,0.0,1
18,0.1388888888888889,0.5694444444444444,0.0,2.51,0.0076,0.0076,0.0,1
18,0.1388888888888889,0.5694444444444444,0.0,2.52,0.0079,0.0079,0.0,1
18,0.1388888888888889,0.5694444444444444,0.0,2.53,0.008,0.008,0.0,1
18,0.1388888888888889,0.5694444444444444,0.0,2.54,0.0079,0.0079,0.0,1
18,0.1388888888888889,0.5694444444444444,0.0,2.55,0.0076,0.0076,0.0,1
18,0.1388888888888889,0.5694444444444444,0.0,2.56,0.0073,0.0073,0.0,1
18,0.1388888888888889,0.5694444444444444,0.0,2.57,0.0068,0.0068,0.0,1
18,0.1388888888888889,0.5694444444444444,0.0,2.58,0.0063,0.0063,0.0,1
18,0.1388888888888889,0.5694444444444444,0.0,2.59,0.0058,0.0058,0.0,1
18,0.1388888888888889,0.5694444444444444,0.0,2.6,0.0053,0.0053,0.0,1
18,0.1388888888888889,0.5694444444444444,0.0,2.61,0.0049,0.0049,0.0,1
18,0.1388888888888889,0.5694444444444444,0.0,2.62,0.0044,0.0044,0.0,1
18,0.1388888888888889,0.5694444444444444,0.0,2.63,0.004,0.004,0.0,1
18,0.1388888888888889,0.5694444444444444,0.0,2.64,0.0037,0.0037,0.0,1
18,0.1388888888888889,0.5694444444444444,0.0,2.65,0.0033,0.0033,0.0,1
18,0.1388888888888889,0.5694444444444444,0.0,2.66,0.0029,0.0029,0.0,1
18,0.1388888888888889,0.5694444444444444,0.0,2.67,0.0026,0.0026,0.0,1
18,0.1388888888888889,0.5694444444444444,0.0,2.68,0.0022,0.0022,0.0,1
18,0.1388888888888889,0.5694444444444444,0.0,2.69,0.0018,0.0018,0.0,1
18,0.1388888888888889,0.5694444444444444,0.0,2.7,0.0015,0.0015,0.0,1
18,0.1388888888888889,0.5694444444444444,0.0,2.71,0.0011,0.0011,0.0,1
18,0.1388888888888889,0.5694444444444444,0.0,2.72,0.0009,0.0009,0.0,1
18,0.1388888888888889,0.5694444444444444,0.0,2.73,0.0006,0.0006,0.0,1
18,0.1388888888888889,0.5694444444444444,0.0,2.74,0.0004,0.0004,0.0,1
18,0.1388888888888889,0.5694444444444444,0.0,2.75,0.0003,0.0003,0.0,1
18,0.1388888888888889,0.5694444444444444,0.0,2.76,0.0002,0.0002,0.0,1
18,0.1388888888888889,0.5694444444444444,0.0,2.77,0.0001,0.0001,0.0,1
18,0.1388888888888889,0.5694444444444444,0.0,2.78,0.0001,0.0001,0.0,1
18,0.1388888888888889,0.5694444444444444,0.0,2.79,0.0,0.0,,0
18,0.1388888888888889,0.5694444444444444,0.0,2.8,0.0,0.0,,0
18,0.1388888888888889,0.5694444444444444,0.0,2.81,0.0,0.0,,0
18,0.1388888888888889,0.5694444444444444,0.0,2.82,0.0,0.0,,0
18,0.1388888888888889,0.5694444444444444,0.0,2.83,0.0,0.0,,0
18,0.1388888888888889,0.5694444444444444,0.0,2.84,0.0,0.0,,0
18,0.1388888888888889,0.5694444444444444,0.0,2.85,0.0,0.0,,0
18,0.1388888888888889,0.5694444444444444,0.0,2.86,0.0,0.0,,0
18,0.1388888888888889,0.5694444444444444,0.0,2.87,0.0,0.0,,0
18,0.1388888888888889,0.5694444444444444,0.0,2.88,0.0,0.0,,0
18,0.1388888888888889,0.5694444444444444,0.0,2.89,0.0,0.0,,0
18,0.1388888888888889,0.5694444444444444,0.0,2.9,0.0,0.0,,0
18,0.1388888888888889,0.5694444444444444,0.0,2.91,0.0,0.0,,0
18,0.1388888888888889,0.5694444444444444,0.0,2.92,0.0,0.0,,0
18,0.1388888888888889,0.5694444444444444,0.0,2.93,0.0,0.0,,0
18,0.1388888888888889,0.5694444444444444,0.0,2.94,0.0,0.0,,0
18,0.1388888888888889,0.5694444444444444,0.0,2.95,0.0,0.0,,0
18,0.1388888888888889,0.5694444444444444,0.0,2.96,0.0,0.0,,0
18,0.1388888888888889,0.5694444444444444,0.0,2.97,0.0,0.0,,0
18,0.1388888888888889,0.5694444444444444,0.0,2.98,0.0,0.0,,0
18,0.1388888888888889,0.5694444444444444,0.0,2.99,0.0,0.0,,0
18,0.1388888888888889,0.5694444444444444,0.0,3.0,0.0,0.0,,0
18,0.1388888888888889,0.5694444444444444,0.0,3.01,0.0,0.0,,0
18,0.1388888888888889,0.5694444444444444,0.0,3.02,0.0,0.0,,0
18,0.1388888888888889,0.5694444444444444,0.0,3.03,0.0,0.0,,0
18,0.1388888888888889,0.5694444444444444,0.0,3.04,0.0,0.0,,0
18,0.1388888888888889,0.5694444444444444,0.0,3.05,0.0,0.0,,0
18,0.1388888888888889,0.5694444444444444,0.0,3.06,0.0,0.0,,0
18,0.1388888888888889,0.5694444444444444,0.0,3.07,0.0,0.0,,0
18,0.1388888888888889,0.5694444444444444,0.0,3.08,0.0,0.0,,0
18,0.1388888888888889,0.5694444444444444,0.0,3.09,0.0,0.0,,0
18,0.1388888888888889,0.5694444444444444,0.0,3.1,0.0,0.0,,0
18,0.1388888888888889,0.5694444444444444,0.0,3.11,0.0,0.0,,0
18,0.1388888888888889,0.5694444444444444,0.0,3.12,0.0,0.0,,0
18,0.1388888888888889,0.5694444444444444,0.0,3.13,0.0,0.0,,0
18,0.1388888888888889,0.5694444444444444,0.0,3.14,0.0,0.0,,0
18,0.1388888888888889,0.5694444444444444,0.0,3.15,0.0,0.0,,0
18,0.1388888888888889,0.5694444444444444,0.0,3.16,0.0,0.0,,0
18,0.1388888888888889,0.5694444444444444,0.0,3.17,0.0,0.0,,0
18,0.1388888888888889,0.5694444444444444,0.0,3.18,0.0,0.0,,0
18,0.1388888888888889,0.5694444444444444,0.0,3.19,0.0,0.0,,0
18,0.1388888888888889,0.5694444444444444,0.0,3.2,0.0,0.0,,0
18,0.1388888888888889,0.5694444444444444,0.0,3.21,0.0,0.0,,0
18,0.1388888888888889,0.5694444444444444,0.0,3.22,0.0,0.0,,0
18,0.1388888888888889,0.5694444444444444,0.0,3.23,0.0,0.0,,0
18,0.1388888888888889,0.5694444444444444,0.0,3.24,0.0,0.0,,0
18,0.1388888888888889,0.5694444444444444,0.0,3.25,0.0,0.0,,0
18,0.1388888888888889,0.5694444444444444,0.0,3.26,0.0,0.0,,0
18,0.1388888888888889,0.5694444444444444,0.0,3.27,0.0,0.0,,0
18,0.1388888888888889,0.5694444444444444,0.0,3.28,0.0,0.0,,0
18,0.1388888888888889,0.5694444444444444,0.0,3.29,0.0,0.0,,0
18,0.1388888888888889,0.5694444444444444,0.0,3.3,0.0,0.0,,0
18,0.1388888888888889,0.5694444444444444,0.0,3.31,0.0,0.0,,0
18,0.1388888888888889,0.5694444444444444,0.0,3.32,0.0,0.0,,0
18,0.1388888888888889,0.5694444444444444,0.0,3.33,0.0,0.0,,0
18,0.1388888888888889,0.5694444444444444,0.0,3.34,0.0,0.0,,0
18,0.1388888888888889,0.5694444444444444,0.0,3.35,0.0,0.0,,0
18,0.1388888888888889,0.5694444444444444,0.0,3.36,0.0,0.0,,0
18,0.1388888888888889,0.5694444444444444,0.0,3.37,0.0,0.0,,0
18,0.1388888888888889,0.5694444444444444,0.0,3.38,0.0,0.0,,0
18,0.1388888888888889,0.5694444444444444,0.0,3.39,0.0,0.0,,0
18,0.1388888888888889,0.5694444444444444,0.0,3.4,0.0,0.0,,0
18,0.1388888888888889,0.5694444444444444,0.0,3.41,0.0,0.0,,0
18,0.1388888888888889,0.5694444444444444,0.0,3.42,0.0,0.0,,0
18,0.1388888888888889,0.5694444444444444,0.0,3.43,0.0,0.0,,0
18,0.1388888888888889,0.5694444444444444,0.0,3.44,0.0,0.0,,0
18,0.1388888888888889,0.5694444444444444,0.0,3.45,0.0,0.0,,0
18,0.1388888888888889,0.5694444444444444,0.0,3.46,0.0,0.0,,0
18,0.1388888888888889,0.5694444444444444,0.0,3.47,0.0,0.0,,0
18,0.1388888888888889,0.5694444444444444,0.0,3.48,0.0,0.0,,0
18,0.1388888888888889,0.5694444444444444,0.0,3.49,0.0,0.0,,0
18,0.1388888888888889,0.5694444444444444,0.0,3.5,0.0,0.0,,0
18,0.1388888888888889,0.5694444444444444,0.0,3.51,0.0,0.0,,0
18,0.1388888888888889,0.5694444444444444,0.0,3.52,0.0,0.0,,0
18,0.1388888888888889,0.5694444444444444,0.0,3.53,0.0,0.0,,0
18,0.1388888888888889,0.5694444444444444,0.0,3.54,0.0,0.0,,0
18,0.1388888888888889,0.5694444444444444,0.0,3.55,0.0,0.0,,0
18,0.1388888888888889,0.5694444444444444,0.0,3.56,0.0,0.0,,0
18,0.1388888888888889,0.5694444444444444,0.0,3.57,0.0,0.0,,0
18,0.1388888888888889,0.5694444444444444,0.0,3.58,0.0,0.0,,0
18,0.1388888888888889,0.5694444444444444,0.0,3.59,0.0,0.0,,0
18,0.1388888888888889,0.5694444444444444,0.0,3.6,0.0,0.0,,0
18,0.1388888888888889,0.5694444444444444,0.0,3.61,0.0,0.0,,0
18,0.1388888888888889,0.5694444444444444,0.0,3.62,0.0,0.0,,0
18,0.1388888888888889,0.5694444444444444,0.0,3.63,0.0,0.0,,0
18,0.1388888888888889,0.5694444444444444,0.0,3.64,0.0,0.0,,0
18,0.1388888888888889,0.5694444444444444,0.0,3.65,0.0,0.0,,0
18,0.1388888888888889,0.5694444444444444,0.0,3.66,0.0,0.0,,0
18,0.1388888888888889,0.5694444444444444,0.0,3.67,0.0,0.0,,0
18,0.1388888888888889,0.5694444444444444,0.0,3.68,0.0,0.0,,0
18,0.1388888888888889,0.5694444444444444,0.0,3.69,0.0,0.0,,0
18,0.1388888888888889,0.5694444444444444,0.0,3.7,0.0,0.0,,0
18,0.1388888888888889,0.5694444444444444,0.0,3.71,0.0,0.0,,0
18,0.1388888888888889,0.5694444444444444,0.0,3.72,0.0,0.0,,0
18,0.1388888888888889,0.5694444444444444,0.0,3.73,0.0,0.0,,0
18,0.1388888888888889,0.5694444444444444,0.0,3.74,0.0,0.0,,0
18,0.1388888888888889,0.5694444444444444,0.0,3.75,0.0,0.0,,0
18,0.1388888888888889,0.5694444444444444,0.0,3.76,0.0,0.0,,0
18,0.1388888888888889,0.5694444444444444,0.0,3.77,0.0,0.0,,0
18,0.1388888888888889,0.5694444444444444,0.0,3.78,0.0,0.0,,0
18,0.1388888888888889,0.5694444444444444,0.0,3.79,0.0,0.0,,0
18,0.1388888888888889,0.5694444444444444,0.0,3.8,0.0,0.0,,0
18,0.1388888888888889,0.5694444444444444,0.0,3.81,0.0,0.0,,0
18,0.1388888888888889,0.5694444444444444,0.0,3.82,0.0,0.0,,0
18,0.1388888888888889,0.5694444444444444,0.0,3.83,0.0,0.0,,0
18,0.1388888888888889,0.5694444444444444,0.0,3.84,0.0,0.0,,0
18,0.1388888888888889,0.5694444444444444,0.0,3.85,0.0,0.0,,0
18,0.1388888888888889,0.5694444444444444,0.0,3.86,0.0,0.0,,0
18,0.1388888888888889,0.5694444444444444,0.0,3.87,0.0,0.0,,0
18,0.1388888888888889,0.5694444444444444,0.0,3.88,0.0,0.0,,0
18,0.1388888888888889,0.5694444444444444,0.0,3.89,0.0,0.0,,0
18,0.1388888888888889,0.5694444444444444,0.0,3.9,0.0,0.0,,0
18,0.1388888888888889,0.5694444444444444,0.0,3.91,0.0,0.0,,0
18,0.1388888888888889,0.5694444444444444,0.0,3.92,0.0,0.0,,0
18,0.1388888888888889,0.5694444444444444,0.0,3.93,0.0,0.0,,0
18,0.1388888888888889,0.5694444444444444,0.0,3.94,0.0001,0.0001,0.0,1
18,0.1388888888888889,0.5694444444444444,0.0,3.95,0.0001,0.0001,0.0,1
18,0.1388888888888889,0.5694444444444444,0.0,3.96,0.0001,0.0001,0.0,1
18,0.1388888888888889,0.5694444444444444,0.0,3.97,0.0001,0.0001,0.0,1
18,0.1388888888888889,0.5694444444444444,0.0,3.98,0.0001,0.0001,0.0,1
18,0.1388888888888889,0.5694444444444444,0.0,3.99,0.0001,0.0001,0.0,1
18,0.1388888888888889,0.5694444444444444,0.0,4.0,0.0001,0.0001,0.0,1
19,0.1666666666666667,0.5833333333333333,0.0,0.5,0.0,0.0,,0
19,0.1666666666666667,0.5833333333333333,0.0,0.51,0.0,0.0,,0
19,0.1666666666666667,0.5833333333333333,0.0,0.52,0.0,0.0,,0
19,0.1666666666666667,0.5833333333333333,0.0,0.53,0.0,0.0,,0
19,0.1666666666666667,0.5833333333333333,0.0,0.54,0.0,0.0,,0
19,0.1666666666666667,0.5833333333333333,0.0,0.55,0.0,0.0,,0
19,0.1666666666666667,0.5833333333333333,0.0,0.56,0.0,0.0,,0
19,0.1666666666666667,0.5833333333333333,0.0,0.57,0.0,0.0,,0
19,0.1666666666666667,0.5833333333333333,0.0,0.58,0.0,0.0,,0
19,0.1666666666666667,0.5833333333333333,0.0,0.59,0.0,0.0,,0
19,0.1666666666666667,0.5833333333333333,0.0,0.6,0.0,0.0,,0
19,0.1666666666666667,0.5833333333333333,0.0,0.61,0.0,0.0,,0
19,0.1666666666666667,0.5833333333333333,0.0,0.62,0.0,0.0,,0
19,0.1666666666666667,0.5833333333333333,0.0,0.63,0.0,0.0,,0
19,0.1666666666666667,0.5833333333333333,0.0,0.64,0.0,0.0,,0
19,0.1666666666666667,0.5833333333333333,0.0,0.65,0.0,0.0,,0
19,0.1666666666666667,0.5833333333333333,0.0,0.66,0.0,0.0,,0
19,0.1666666666666667,0.5833333333333333,0.0,0.67,0.0,0.0,,0
19,0.1666666666666667,0.5833333333333333,0.0,0.68,0.0,0.0,,0
19,0.1666666666666667,0.5833333333333333,0.0,0.69,0.0,0.0,,0
19,0.1666666666666667,0.5833333333333333,0.0,0.7,0.0,0.0,,0
19,0.1666666666666667,0.5833333333333333,0.0,0.71,0.0,0.0,,0
19,0.1666666666666667,0.5833333333333333,0.0,0.72,0.0,0.0,,0
19,0.1666666666666667,0.5833333333333333,0.0,0.73,0.0,0.0,,0
19,0.1666666666666667,0.5833333333333333,0.0,0.74,0.0,0.0,,0
19,0.1666666666666667,0.5833333333333333,0.0,0.75,0.0,0.0,,0
19,0.1666666666666667,0.5833333333333333,0.0,0.76,0.0,0.0,,0
19,0.1666666666666667,0.5833333333333333,0.0,0.77,0.0,0.0,,0
19,0.1666666666666667,0.5833333333333333,0.0,0.78,0.0,0.0,,0
19,0.1666666666666667,0.5833333333333333,0.0,0.79,0.0,0.0,,0
19,0.1666666666666667,0.5833333333333333,0.0,0.8,0.0,0.0,,0
19,0.1666666666666667,0.5833333333333333,0.0,0.81,0.0,0.0,,0
19,0.1666666666666667,0.5833333333333333,0.0,0.82,0.0,0.0,,0
19,0.1666666666666667,0.5833333333333333,0.0,0.83,0.0,0.0,,0
19,0.1666666666666667,0.5833333333333333,0.0,0.84,0.0,0.0,,0
19,0.1666666666666667,0.5833333333333333,0.0,0.85,0.0,0.0,,0
19,0.1666666666666667,0.5833333333333333,0.0,0.86,0.0,0.0,,0
19,0.1666666666666667,0.5833333333333333,0.0,0.87,0.0,0.0,,0
19,0.1666666666666667,0.5833333333333333,0.0,0.88,0.0,0.0,,0
19,0.1666666666666667,0.5833333333333333,0.0,0.89,0.0,0.0,,0
19,0.1666666666666667,0.5833333333333333,0.0,0.9,0.0,0.0,,0
19,0.1666666666666667,0.5833333333333333,0.0,0.91,0.0,0.0,,0
19,0.1666666666666667,0.5833333333333333,0.0,0.92,0.0,0.0,,0
19,0.1666666666666667,0.5833333333333333,0.0,0.93,0.0,0.0,,0
19,0.1666666666666667,0.5833333333333333,0.0,0.94,0.0,0.0,,0
19,0.1666666666666667,0.5833333333333333,0.0,0.95,0.0,0.0,,0
19,0.1666666666666667,0.5833333333333333,0.0,0.96,0.0,0.0,,0
19,0.1666666666666667,0.5833333333333333,0.0,0.97,0.0,0.0,,0
19,0.1666666666666667,0.5833333333333333,0.0,0.98,0.0,0.0,,0
19,0.1666666666666667,0.5833333333333333,0.0,0.99,0.0,0.0,,0
19,0.1666666666666667,0.5833333333333333,0.0,1.0,0.0,0.0,,0
19,0.1666666666666667,0.5833333333333333,0.0,1.01,0.0,0.0,,0
19,0.1666666666666667,0.5833333333333333,0.0,1.02,0.0,0.0,,0
19,0.1666666666666667,0.5833333333333333,0.0,1.03,0.0,0.0,,0
19,0.1666666666666667,0.5833333333333333,0.0,1.04,0.0,0.0,,0
19,0.1666666666666667,0.5833333333333333,0.0,1.05,0.0,0.0,,0
19,0.1666666666666667,0.5833333333333333,0.0,1.06,0.0,0.0,,0
19,0.1666666666666667,0.5833333333333333,0.0,1.07,0.0,0.0,,0
19,0.1666666666666667,0.5833333333333333,0.0,1.08,0.0,0.0,,0
19,0.1666666666666667,0.5833333333333333,0.0,1.09,0.0,0.0,,0
19,0.1666666666666667,0.5833333333333333,0.0,1.1,0.0,0.0,,0
19,0.1666666666666667,0.5833333333333333,0.0,1.11,0.0,0.0,,0
19,0.1666666666666667,0.5833333333333333,0.0,1.12,0.0,0.0,,0
19,0.1666666666666667,0.5833333333333333,0.0,1.13,0.0,0.0,,0
19,0.1666666666666667,0.5833333333333333,0.0,1.14,0.0,0.0,,0
19,0.1666666666666667,0.5833333333333333,0.0,1.15,0.0,0.0,,0
19,0.1666666666666667,0.5833333333333333,0.0,1.16,0.0,0.0,,0
19,0.1666666666666667,0.5833333333333333,0.0,1.17,0.0,0.0,,0
19,0.1666666666666667,0.5833333333333333,0.0,1.18,0.0,0.0,,0
19,0.1666666666666667,0.5833333333333333,0.0,1.19,0.0,0.0,,0
19,0.1666666666666667,0.5833333333333333,0.0,1.2,0.0,0.0,,0
19,0.1666666666666667,0.5833333333333333,0.0,1.21,0.0,0.0,,0
19,0.1666666666666667,0.5833333333333333,0.0,1.22,0.0,0.0,,0
19,0.1666666666666667,0.5833333333333333,0.0,1.23,0.0,0.0,,0
19,0.1666666666666667,0.5833333333333333,0.0,1.24,0.0,0.0,,0
19,0.1666666666666667,0.5833333333333333,0.0,1.25,0.0,0.0,,0
19,0.1666666666666667,0.5833333333333333,0.0,1.26,0.0,0.0,,0
19,0.1666666666666667,0.5833333333333333,0.0,1.27,0.0,0.0,,0
19,0.1666666666666667,0.5833333333333333,0.0,1.28,0.0,0.0,,0
19,0.1666666666666667,0.5833333333333333,0.0,1.29,0.0,0.0,,0
19,0.1666666666666667,0.5833333333333333,0.0,1.3,0.0,0.0,,0
19,0.1666666666666667,0.5833333333333333,0.0,1.31,0.0,0.0,,0
19,0.1666666666666667,0.5833333333333333,0.0,1.32,0.0,0.0,,0
19,0.1666666666666667,0.5833333333333333,0.0,1.33,0.0,0.0,,0
19,0.1666666666666667,0.5833333333333333,0.0,1.34,0.0,0.0,,0
19,0.1666666666666667,0.5833333333333333,0.0,1.35,0.0,0.0,,0
19,0.1666666666666667,0.5833333333333333,0.0,1.36,0.0,0.0,,0
19,0.1666666666666667,0.5833333333333333,0.0,1.37,0.0,0.0,,0
19,0.1666666666666667,0.5833333333333333,0.0,1.38,0.0,0.0,,0
19,0.1666666666666667,0.5833333333333333,0.0,1.39,0.0,0.0,,0
19,0.1666666666666667,0.5833333333333333,0.0,1.4,0.0,0.0,,0
19,0.1666666666666667,0.5833333333333333,0.0,1.41,0.0,0.0,,0
19,0.1666666666666667,0.5833333333333333,0.0,1.42,0.0,0.0,,0
19,0.1666666666666667,0.5833333333333333,0.0,1.43,0.0,0.0,,0
19,0.1666666666666667,0.5833333333333333,0.0,1.44,0.0,0.0,,0
19,0.1666666666666667,0.5833333333333333,0.0,1.45,0.0,0.0,,0
19,0.1666666666666667,0.5833333333333333,0.0,1.46,0.0,0.0,,0
19,0.1666666666666667,0.5833333333333333,0.0,1.47,0.0,0.0,,0
19,0.1666666666666667,0.5833333333333333,0.0,1.48,0.0,0.0,,0
19,0.1666666666666667,0.5833333333333333,0.0,1.49,0.0,0.0,,0
19,0.1666666666666667,0.5833333333333333,0.0,1.5,0.0,0.0,,0
19,0.1666666666666667,0.5833333333333333,0.0,1.51,0.0,0.0,,0
19,0.1666666666666667,0.5833333333333333,0.0,1.52,0.0,0.0,,0
19,0.1666666666666667,0.5833333333333333,0.0,1.53,0.0,0.0,,0
19,0.1666666666666667,0.5833333333333333,0.0,1.54,0.0,0.0,,0
19,0.1666666666666667,0.5833333333333333,0.0,1.55,0.0,0.0,,0
19,0.1666666666666667,0.5833333333333333,0.0,1.56,0.0,0.0,,0
19,0.1666666666666667,0.5833333333333333,0.0,1.57,0.0,0.0,,0
19,0.1666666666666667,0.5833333333333333,0.0,1.58,0.0,0.0,,0
19,0.1666666666666667,0.5833333333333333,0.0,1.59,0.0,0.0,,0
19,0.1666666666666667,0.5833333333333333,0.0,1.6,0.0,0.0,,0
19,0.1666666666666667,0.5833333333333333,0.0,1.61,0.0,0.0,,0
19,0.1666666666666667,0.5833333333333333,0.0,1.62,0.0,0.0,,0
19,0.1666666666666667,0.5833333333333333,0.0,1.63,0.0,0.0,,0
19,0.1666666666666667,0.5833333333333333,0.0,1.64,0.0,0.0,,0
19,0.1666666666666667,0.5833333333333333,0.0,1.65,0.0,0.0,,0
19,0.1666666666666667,0.5833333333333333,0.0,1.66,0.0,0.0,,0
19,0.1666666666666667,0.5833333333333333,0.0,1.67,0.0,0.0,,0
19,0.1666666666666667,0.5833333333333333,0.0,1.68,0.0,0.0,,0
19,0.1666666666666667,0.5833333333333333,0.0,1.69,0.0,0.0,,0
19,0.1666666666666667,0.5833333333333333,0.0,1.7,0.0,0.0,,0
19,0.1666666666666667,0.5833333333333333,0.0,1.71,0.0,0.0,,0
19,0.1666666666666667,0.5833333333333333,0.0,1.72,0.0,0.0,,0
19,0.1666666666666667,0.5833333333333333,0.0,1.73,0.0,0.0,,0
19,0.1666666666666667,0.5833333333333333,0.0,1.74,0.0,0.0,,0
19,0.1666666666666667,0.5833333333333333,0.0,1.75,0.0,0.0,,0
19,0.1666666666666667,0.5833333333333333,0.0,1.76,0.0,0.0,,0
19,0.1666666666666667,0.5833333333333333,0.0,1.77,0.0,0.0,,0
19,0.1666666666666667,0.5833333333333333,0.0,1.78,0.0,0.0,,0
19,0.1666666666666667,0.5833333333333333,0.0,1.79,0.0,0.0,,0
19,0.1666666666666667,0.5833333333333333,0.0,1.8,0.0,0.0,,0
19,0.1666666666666667,0.5833333333333333,0.0,1.81,0.0,0.0,,0
19,0.1666666666666667,0.5833333333333333,0.0,1.82,0.0,0.0,,0
19,0.1666666666666667,0.5833333333333333,0.0,1.83,0.0,0.0,,0
19,0.1666666666666667,0.5833333333333333,0.0,1.84,0.0,0.0,,0
19,0.1666666666666667,0.5833333333333333,0.0,1.85,0.0,0.0,,0
19,0.1666666666666667,0.5833333333333333,0.0,1.86,0.0,0.0,,0
19,0.1666666666666667,0.5833333333333333,0.0,1.87,0.0,0.0,,0
19,0.1666666666666667,0.5833333333333333,0.0,1.88,0.0,0.0,,0
19,0.1666666666666667,0.5833333333333333,0.0,1.89,0.0,0.0,,0
19,0.1666666666666667,0.5833333333333333,0.0,1.9,0.0,0.0,,0
19,0.1666666666666667,0.5833333333333333,0.0,1.91,0.0,0.0,,0
19,0.1666666666666667,0.5833333333333333,0.0,1.92,0.0,0.0,,0
19,0.1666666666666667,0.5833333333333333,0.0,1.93,0.0,0.0,,0
19,0.1666666666666667,0.5833333333333333,0.0,1.94,0.0,0.0,,0
19,0.1666666666666667,0.5833333333333333,0.0,1.95,0.0,0.0,,0
19,0.1666666666666667,0.5833333333333333,0.0,1.96,0.0,0.0,,0
19,0.1666666666666667,0.5833333333333333,0.0,1.97,0.0,0.0,,0
19,0.1666666666666667,0.5833333333333333,0.0,1.98,0.0,0.0,,0
19,0.1666666666666667,0.5833333333333333,0.0,1.99,0.0,0.0,,0
19,0.1666666666666667,0.5833333333333333,0.0,2.0,0.0,0.0,,0
19,0.1666666666666667,0.5833333333333333,0.0,2.01,0.0,0.0,,0
19,0.1666666666666667,0.5833333333333333,0.0,2.02,0.0,0.0,,0
19,0.1666666666666667,0.5833333333333333,0.0,2.03,0.0,0.0,,0
19,0.1666666666666667,0.5833333333333333,0.0,2.04,0.0,0.0,,0
19,0.1666666666666667,0.5833333333333333,0.0,2.05,0.0,0.0,,0
19,0.1666666666666667,0.5833333333333333,0.0,2.06,0.0,0.0,,0
19,0.1666666666666667,0.5833333333333333,0.0,2.07,0.0,0.0,,0
19,0.1666666666666667,0.5833333333333333,0.0,2.08,0.0,0.0,,0
19,0.1666666666666667,0.5833333333333333,0.0,2.09,0.0,0.0,,0
19,0.1666666666666667,0.5833333333333333,0.0,2.1,0.0,0.0,,0
19,0.1666666666666667,0.5833333333333333,0.0,2.11,0.0,0.0,,0
19,0.1666666666666667,0.5833333333333333,0.0,2.12,0.0,0.0,,0
19,0.1666666666666667,0.5833333333333333,0.0,2.13,0.0,0.0,,0
19,0.1666666666666667,0.5833333333333333,0.0,2.14,0.0,0.0,,0
19,0.1666666666666667,0.5833333333333333,0.0,2.15,0.0,0.0,,0
19,0.1666666666666667,0.5833333333333333,0.0,2.16,0.0,0.0,,0
19,0.1666666666666667,0.5833333333333333,0.0,2.17,0.0,0.0,,0
19,0.1666666666666667,0.5833333333333333,0.0,2.18,0.0001,0.0001,0.0,1
19,0.1666666666666667,0.5833333333333333,0.0,2.19,0.0001,0.0001,0.0,1
19,0.1666666666666667,0.5833333333333333,0.0,2.2,0.0002,0.0002,0.0,1
19,0.1666666666666667,0.5833333333333333,0.0,2.21,0.0003,0.0003,0.0,1
19,0.1666666666666667,0.5833333333333333,0.0,2.22,0.0005,0.0005,0.0,1
19,0.1666666666666667,0.5833333333333333,0.0,2.23,0.0007,0.0007,0.0,1
19,0.1666666666666667,0.5833333333333333,0.0,2.24,0.001,0.001,0.0,1
19,0.1666666666666667,0.5833333333333333,0.0,2.25,0.0014,0.0014,0.0,1
19,0.1666666666666667,0.5833333333333333,0.0,2.26,0.0018,0.0018,0.0,1
19,0.1666666666666667,0.5833333333333333,0.0,2.27,0.0022,0.0022,0.0,1
19,0.1666666666666667,0.5833333333333333,0.0,2.28,0.0027,0.0027,0.0,1
19,0.1666666666666667,0.5833333333333333,0.0,2.29,0.0033,0.0033,0.0,1
19,0.1666666666666667,0.5833333333333333,0.0,2.3,0.0038,0.0038,0.0,1
19,0.1666666666666667,0.5833333333333333,0.0,2.31,0.0043,0.0043,0.0,1
19,0.1666666666666667,0.5833333333333333,0.0,2.32,0.0049,0.0049,0.0,1
19,0.1666666666666667,0.5833333333333333,0.0,2.33,0.0054,0.0054,0.0,1
19,0.1666666666666667,0.5833333333333333,0.0,2.34,0.006,0.006,0.0,1
19,0.1666666666666667,0.5833333333333333,0.0,2.35,0.0066,0.0066,0.0,1
19,0.1666666666666667,0.5833333333333333,0.0,2.36,0.0071,0.0071,0.0,1
19,0.1666666666666667,0.5833333333333333,0.0,2.37,0.0077,0.0077,0.0,1
19,0.1666666666666667,0.5833333333333333,0.0,2.38,0.0082,0.0082,0.0,1
19,0.1666666666666667,0.5833333333333333,0.0,2.39,0.0087,0.0087,0.0,1
19,0.1666666666666667,0.5833333333333333,0.0,2.4,0.009,0.009,0.0,1
19,0.1666666666666667,0.5833333333333333,0.0,2.41,0.0093,0.0093,0.0,1
19,0.1666666666666667,0.5833333333333333,0.0,2.42,0.0094,0.0094,0.0,1
19,0.1666666666666667,0.5833333333333333,0.0,2.43,0.0094,0.0094,0.0,1
19,0.1666666666666667,0.5833333333333333,0.0,2.44,0.0093,0.0093,0.0,1
19,0.1666666666666667,0.5833333333333333,0.0,2.45,0.0091,0.0091,0.0,1
19,0.1666666666666667,0.5833333333333333,0.0,2.46,0.0087,0.0087,0.0,1
19,0.1666666666666667,0.5833333333333333,0.0,2.47,0.0082,0.0082,0.0,1
19,0.1666666666666667,0.5833333333333333,0.0,2.48,0.0077,0.0077,0.0,1
19,0.1666666666666667,0.5833333333333333,0.0,2.49,0.0072,0.0072,0.0,1
19,0.1666666666666667,0.5833333333333333,0.0,2.5,0.0066,0.0066,0.0,1
19,0.1666666666666667,0.5833333333333333,0.0,2.51,0.0061,0.0061,0.0,1
19,0.1666666666666667,0.5833333333333333,0.0,2.52,0.0055,0.0055,0.0,1
19,0.1666666666666667,0.5833333333333333,0.0,2.53,0.005,0.005,0.0,1
19,0.1666666666666667,0.5833333333333333,0.0,2.54,0.0045,0.0045,0.0,1
19,0.1666666666666667,0.5833333333333333,0.0,2.55,0.004,0.004,0.0,1
19,0.1666666666666667,0.5833333333333333,0.0,2.56,0.0035,0.0035,0.0,1
19,0.1666666666666667,0.5833333333333333,0.0,2.57,0.003,0.003,0.0,1
19,0.1666666666666667,0.5833333333333333,0.0,2.58,0.0025,0.0025,0.0,1
19,0.1666666666666667,0.5833333333333333,0.0,2.59,0.002,0.002,0.0,1
19,0.1666666666666667,0.5833333333333333,0.0,2.6,0.0016,0.0016,0.0,1
19,0.1666666666666667,0.5833333333333333,0.0,2.61,0.0012,0.0012,0.0,1
19,0.1666666666666667,0.5833333333333333,0.0,2.62,0.0009,0.0009,0.0,1
19,0.1666666666666667,0.5833333333333333,0.0,2.63,0.0007,0.0007,0.0,1
19,0.1666666666666667,0.5833333333333333,0.0,2.64,0.0005,0.0005,0.0,1
19,0.1666666666666667,0.5833333333333333,0.0,2.65,0.0003,0.0003,0.0,1
19,0.1666666666666667,0.5833333333333333,0.0,2.66,0.0002,0.0002,0.0,1
19,0.1666666666666667,0.5833333333333333,0.0,2.67,0.0001,0.0001,0.0,1
19,0.1666666666666667,0.5833333333333333,0.0,2.68,0.0001,0.0001,0.0,1
19,0.1666666666666667,0.5833333333333333,0.0,2.69,0.0,0.0,,0
19,0.1666666666666667,0.5833333333333333,0.0,2.7,0.0,0.0,,0
19,0.1666666666666667,0.5833333333333333,0.0,2.71,0.0,0.0,,0
19,0.1666666666666667,0.5833333333333333,0.0,2.72,0.0,0.0,,0
19,0.1666666666666667,0.5833333333333333,0.0,2.73,0.0,0.0,,0
19,0.1666666666666667,0.5833333333333333,0.0,2.74,0.0,0.0,,0
19,0.1666666666666667,0.5833333333333333,0.0,2.75,0.0,0.0,,0
19,0.1666666666666667,0.5833333333333333,0.0,2.76,0.0,0.0,,0
19,0.1666666666666667,0.5833333333333333,0.0,2.77,0.0,0.0,,0
19,0.1666666666666667,0.5833333333333333,0.0,2.78,0.0,0.0,,0
19,0.1666666666666667,0.5833333333333333,0.0,2.79,0.0,0.0,,0
19,0.1666666666666667,0.5833333333333333,0.0,2.8,0.0,0.0,,0
19,0.1666666666666667,0.5833333333333333,0.0,2.81,0.0,0.0,,0
19,0.1666666666666667,0.5833333333333333,0.0,2.82,0.0,0.0,,0
19,0.1666666666666667,0.5833333333333333,0.0,2.83,0.0,0.0,,0
19,0.1666666666666667,0.5833333333333333,0.0,2.84,0.0,0.0,,0
19,0.1666666666666667,0.5833333333333333,0.0,2.85,0.0,0.0,,0
19,0.1666666666666667,0.5833333333333333,0.0,2.86,0.0,0.0,,0
19,0.1666666666666667,0.5833333333333333,0.0,2.87,0.0,0.0,,0
19,0.1666666666666667,0.5833333333333333,0.0,2.88,0.0,0.0,,0
19,0.1666666666666667,0.5833333333333333,0.0,2.89,0.0,0.0,,0
19,0.1666666666666667,0.5833333333333333,0.0,2.9,0.0,0.0,,0
19,0.1666666666666667,0.5833333333333333,0.0,2.91,0.0,0.0,,0
19,0.1666666666666667,0.5833333333333333,0.0,2.92,0.0,0.0,,0
19,0.1666666666666667,0.5833333333333333,0.0,2.93,0.0,0.0,,0
19,0.1666666666666667,0.5833333333333333,0.0,2.94,0.0,0.0,,0
19,0.1666666666666667,0.5833333333333333,0.0,2.95,0.0,0.0,,0
19,0.1666666666666667,0.5833333333333333,0.0,2.96,0.0,0.0,,0
19,0.1666666666666667,0.5833333333333333,0.0,2.97,0.0,0.0,,0
19,0.1666666666666667,0.5833333333333333,0.0,2.98,0.0,0.0,,0
19,0.1666666666666667,0.5833333333333333,0.0,2.99,0.0,0.0,,0
19,0.1666666666666667,0.5833333333333333,0.0,3.0,0.0,0.0,,0
19,0.1666666666666667,0.5833333333333333,0.0,3.01,0.0,0.0,,0
19,0.1666666666666667,0.5833333333333333,0.0,3.02,0.0,0.0,,0
19,0.1666666666666667,0.5833333333333333,0.0,3.03,0.0,0.0,,0
19,0.1666666666666667,0.5833333333333333,0.0,3.04,0.0,0.0,,0
19,0.1666666666666667,0.5833333333333333,0.0,3.05,0.0,0.0,,0
19,0.1666666666666667,0.5833333333333333,0.0,3.06,0.0,0.0,,0
19,0.1666666666666667,0.5833333333333333,0.0,3.07,0.0,0.0,,0
19,0.1666666666666667,0.5833333333333333,0.0,3.08,0.0,0.0,,0
19,0.1666666666666667,0.5833333333333333,0.0,3.09,0.0,0.0,,0
19,0.1666666666666667,0.5833333333333333,0.0,3.1,0.0,0.0,,0
19,0.1666666666666667,0.5833333333333333,0.0,3.11,0.0,0.0,,0
19,0.1666666666666667,0.5833333333333333,0.0,3.12,0.0,0.0,,0
19,0.1666666666666667,0.5833333333333333,0.0,3.13,0.0,0.0,,0
19,0.1666666666666667,0.5833333333333333,0.0,3.14,0.0,0.0,,0
19,0.1666666666666667,0.5833333333333333,0.0,3.15,0.0,0.0,,0
19,0.1666666666666667,0.5833333333333333,0.0,3.16,0.0,0.0,,0
19,0.1666666666666667,0.5833333333333333,0.0,3.17,0.0,0.0,,0
19,0.1666666666666667,0.5833333333333333,0.0,3.18,0.0,0.0,,0
19,0.1666666666666667,0.5833333333333333,0.0,3.19,0.0,0.0,,0
19,0.1666666666666667,0.5833333333333333,0.0,3.2,0.0,0.0,,0
19,0.1666666666666667,0.5833333333333333,0.0,3.21,0.0,0.0,,0
19,0.1666666666666667,0.5833333333333333,0.0,3.22,0.0,0.0,,0
19,0.1666666666666667,0.5833333333333333,0.0,3.23,0.0,0.0,,0
19,0.1666666666666667,0.5833333333333333,0.0,3.24,0.0,0.0,,0
19,0.1666666666666667,0.5833333333333333,0.0,3.25,0.0,0.0,,0
19,0.1666666666666667,0.5833333333333333,0.0,3.26,0.0,0.0,,0
19,0.1666666666666667,0.5833333333333333,0.0,3.27,0.0,0.0,,0
19,0.1666666666666667,0.5833333333333333,0.0,3.28,0.0,0.0,,0
19,0.1666666666666667,0.5833333333333333,0.0,3.29,0.0,0.0,,0
19,0.1666666666666667,0.5833333333333333,0.0,3.3,0.0,0.0,,0
19,0.1666666666666667,0.5833333333333333,0.0,3.31,0.0,0.0,,0
19,0.1666666666666667,0.5833333333333333,0.0,3.32,0.0,0.0,,0
19,0.1666666666666667,0.5833333333333333,0.0,3.33,0.0,0.0,,0
19,0.1666666666666667,0.5833333333333333,0.0,3.34,0.0,0.0,,0
19,0.1666666666666667,0.5833333333333333,0.0,3.35,0.0,0.0,,0
19,0.1666666666666667,0.5833333333333333,0.0,3.36,0.0,0.0,,0
19,0.1666666666666667,0.5833333333333333,0.0,3.37,0.0,0.0,,0
19,0.1666666666666667,0.5833333333333333,0.0,3.38,0.0,0.0,,0
19,0.1666666666666667,0.5833333333333333,0.0,3.39,0.0,0.0,,0
19,0.1666666666666667,0.5833333333333333,0.0,3.4,0.0,0.0,,0
19,0.1666666666666667,0.5833333333333333,0.0,3.41,0.0,0.0,,0
19,0.1666666666666667,0.5833333333333333,0.0,3.42,0.0,0.0,,0
19,0.1666666666666667,0.5833333333333333,0.0,3.43,0.0,0.0,,0
19,0.1666666666666667,0.5833333333333333,0.0,3.44,0.0,0.0,,0
19,0.1666666666666667,0.5833333333333333,0.0,3.45,0.0,0.0,,0
19,0.1666666666666667,0.5833333333333333,0.0,3.46,0.0,0.0,,0
19,0.1666666666666667,0.5833333333333333,0.0,3.47,0.0,0.0,,0
19,0.1666666666666667,0.5833333333333333,0.0,3.48,0.0,0.0,,0
19,0.1666666666666667,0.5833333333333333,0.0,3.49,0.0,0.0,,0
19,0.1666666666666667,0.5833333333333333,0.0,3.5,0.0,0.0,,0
19,0.1666666666666667,0.5833333333333333,0.0,3.51,0.0,0.0,,0
19,0.1666666666666667,0.5833333333333333,0.0,3.52,0.0,0.0,,0
19,0.1666666666666667,0.5833333333333333,0.0,3.53,0.0,0.0,,0
19,0.1666666666666667,0.5833333333333333,0.0,3.54,0.0,0.0,,0
19,0.1666666666666667,0.5833333333333333,0.0,3.55,0.0,0.0,,0
19,0.1666666666666667,0.5833333333333333,0.0,3.56,0.0,0.0,,0
19,0.1666666666666667,0.5833333333333333,0.0,3.57,0.0,0.0,,0
19,0.1666666666666667,0.5833333333333333,0.0,3.58,0.0,0.0,,0
19,0.1666666666666667,0.5833333333333333,0.0,3.59,0.0,0.0,,0
19,0.1666666666666667,0.5833333333333333,0.0,3.6,0.0,0.0,,0
19,0.1666666666666667,0.5833333333333333,0.0,3.61,0.0,0.0,,0
19,0.1666666666666667,0.5833333333333333,0.0,3.62,0.0,0.0,,0
19,0.1666666666666667,0.5833333333333333,0.0,3.63,0.0,0.0,,0
19,0.1666666666666667,0.5833333333333333,0.0,3.64,0.0,0.0,,0
19,0.1666666666666667,0.5833333333333333,0.0,3.65,0.0,0.0,,0
19,0.1666666666666667,0.5833333333333333,0.0,3.66,0.0,0.0,,0
19,0.1666666666666667,0.5833333333333333,0.0,3.67,0.0,0.0,,0
19,0.1666666666666667,0.5833333333333333,0.0,3.68,0.0,0.0,,0
19,0.1666666666666667,0.5833333333333333,0.0,3.69,0.0,0.0,,0
19,0.1666666666666667,0.5833333333333333,0.0,3.7,0.0,0.0,,0
19,0.1666666666666667,0.5833333333333333,0.0,3.71,0.0,0.0,,0
19,0.1666666666666667,0.5833333333333333,0.0,3.72,0.0,0.0,,0
19,0.1666666666666667,0.5833333333333333,0.0,3.73,0.0,0.0,,0
19,0.1666666666666667,0.5833333333333333,0.0,3.74,0.0,0.0,,0
19,0.1666666666666667,0.5833333333333333,0.0,3.75,0.0,0.0,,0
19,0.1666666666666667,0.5833333333333333,0.0,3.76,0.0,0.0,,0
19,0.1666666666666667,0.5833333333333333,0.0,3.77,0.0,0.0,,0
19,0.1666666666666667,0.5833333333333333,0.0,3.78,0.0,0.0,,0
19,0.1666666666666667,0.5833333333333333,0.0,3.79,0.0,0.0,,0
19,0.1666666666666667,0.5833333333333333,0.0,3.8,0.0,0.0,,0
19,0.1666666666666667,0.5833333333333333,0.0,3.81,0.0,0.0,,0
19,0.1666666666666667,0.5833333333333333,0.0,3.82,0.0,0.0,,0
19,0.1666666666666667,0.5833333333333333,0.0,3.83,0.0,0.0,,0
19,0.1666666666666667,0.5833333333333333,0.0,3.84,0.0,0.0,,0
19,0.1666666666666667,0.5833333333333333,0.0,3.85,0.0,0.0,,0
19,0.1666666666666667,0.5833333333333333,0.0,3.86,0.0,0.0,,0
19,0.1666666666666667,0.5833333333333333,0.0,3.87,0.0,0.0,,0
19,0.1666666666666667,0.5833333333333333,0.0,3.88,0.0,0.0,,0
19,0.1666666666666667,0.5833333333333333,0.0,3.89,0.0,0.0,,0
19,0.1666666666666667,0.5833333333333333,0.0,3.9,0.0,0.0,,0
19,0.1666666666666667,0.5833333333333333,0.0,3.91,0.0,0.0,,0
19,0.1666666666666667,0.5833333333333333,0.0,3.92,0.0,0.0,,0
19,0.1666666666666667,0.5833333333333333,0.0,3.93,0.0,0.0,,0
19,0.1666666666666667,0.5833333333333333,0.0,3.94,0.0,0.0,,0
19,0.1666666666666667,0.5833333333333333,0.0,3.95,0.0,0.0,,0
19,0.1666666666666667,0.5833333333333333,0.0,3.96,0.0,0.0,,0
19,0.1666666666666667,0.5833333333333333,0.0,3.97,0.0,0.0,,0
19,0.1666666666666667,0.5833333333333333,0.0,3.98,0.0,0.0,,0
19,0.1666666666666667,0.5833333333333333,0.0,3.99,0.0,0.0,,0
19,0.1666666666666667,0.5833333333333333,0.0,4.0,0.0,0.0,,0
20,0.1944444444444444,0.5972222222222222,0.0,0.5,0.0,0.0,,0
20,0.1944444444444444,0.5972222222222222,0.0,0.51,0.0,0.0,,0
20,0.1944444444444444,0.5972222222222222,0.0,0.52,0.0,0.0,,0
20,0.1944444444444444,0.5972222222222222,0.0,0.53,0.0,0.0,,0
20,0.1944444444444444,0.5972222222222222,0.0,0.54,0.0,0.0,,0
20,0.1944444444444444,0.5972222222222222,0.0,0.55,0.0,0.0,,0
20,0.1944444444444444,0.5972222222222222,0.0,0.56,0.0,0.0,,0
20,0.1944444444444444,0.5972222222222222,0.0,0.57,0.0,0.0,,0
20,0.1944444444444444,0.5972222222222222,0.0,0.58,0.0,0.0,,0
20,0.1944444444444444,0.5972222222222222,0.0,0.59,0.0,0.0,,0
20,0.1944444444444444,0.5972222222222222,0.0,0.6,0.0,0.0,,0
20,0.1944444444444444,0.5972222222222222,0.0,0.61,0.0,0.0,,0
20,0.1944444444444444,0.5972222222222222,0.0,0.62,0.0,0.0,,0
20,0.1944444444444444,0.5972222222222222,0.0,0.63,0.0,0.0,,0
20,0.1944444444444444,0.5972222222222222,0.0,0.64,0.0,0.0,,0
20,0.1944444444444444,0.5972222222222222,0.0,0.65,0.0,0.0,,0
20,0.1944444444444444,0.5972222222222222,0.0,0.66,0.0,0.0,,0
20,0.1944444444444444,0.5972222222222222,0.0,0.67,0.0,0.0,,0
20,0.1944444444444444,0.5972222222222222,0.0,0.68,0.0,0.0,,0
20,0.1944444444444444,0.5972222222222222,0.0,0.69,0.0,0.0,,0
20,0.1944444444444444,0.5972222222222222,0.0,0.7,0.0,0.0,,0
20,0.1944444444444444,0.5972222222222222,0.0,0.71,0.0,0.0,,0
20,0.1944444444444444,0.5972222222222222,0.0,0.72,0.0,0.0,,0
20,0.1944444444444444,0.5972222222222222,0.0,0.73,0.0,0.0,,0
20,0.1944444444444444,0.5972222222222222,0.0,0.74,0.0,0.0,,0
20,0.1944444444444444,0.5972222222222222,0.0,0.75,0.0,0.0,,0
20,0.1944444444444444,0.5972222222222222,0.0,0.76,0.0,0.0,,0
20,0.1944444444444444,0.5972222222222222,0.0,0.77,0.0,0.0,,0
20,0.1944444444444444,0.5972222222222222,0.0,0.78,0.0,0.0,,0
20,0.1944444444444444,0.5972222222222222,0.0,0.79,0.0,0.0,,0
20,0.1944444444444444,0.5972222222222222,0.0,0.8,0.0,0.0,,0
20,0.1944444444444444,0.5972222222222222,0.0,0.81,0.0,0.0,,0
20,0.1944444444444444,0.5972222222222222,0.0,0.82,0.0,0.0,,0
20,0.1944444444444444,0.5972222222222222,0.0,0.83,0.0,0.0,,0
20,0.1944444444444444,0.5972222222222222,0.0,0.84,0.0,0.0,,0
20,0.1944444444444444,0.5972222222222222,0.0,0.85,0.0,0.0,,0
20,0.1944444444444444,0.5972222222222222,0.0,0.86,0.0,0.0,,0
20,0.1944444444444444,0.5972222222222222,0.0,0.87,0.0,0.0,,0
20,0.1944444444444444,0.5972222222222222,0.0,0.88,0.0,0.0,,0
20,0.1944444444444444,0.5972222222222222,0.0,0.89,0.0,0.0,,0
20,0.1944444444444444,0.5972222222222222,0.0,0.9,0.0,0.0,,0
20,0.1944444444444444,0.5972222222222222,0.0,0.91,0.0,0.0,,0
20,0.1944444444444444,0.5972222222222222,0.0,0.92,0.0,0.0,,0
20,0.1944444444444444,0.5972222222222222,0.0,0.93,0.0,0.0,,0
20,0.1944444444444444,0.5972222222222222,0.0,0.94,0.0,0.0,,0
20,0.1944444444444444,0.5972222222222222,0.0,0.95,0.0,0.0,,0
20,0.1944444444444444,0.5972222222222222,0.0,0.96,0.0,0.0,,0
20,0.1944444444444444,0.5972222222222222,0.0,0.97,0.0,0.0,,0
20,0.1944444444444444,0.5972222222222222,0.0,0.98,0.0,0.0,,0
20,0.1944444444444444,0.5972222222222222,0.0,0.99,0.0,0.0,,0
20,0.1944444444444444,0.5972222222222222,0.0,1.0,0.0,0.0,,0
20,0.1944444444444444,0.5972222222222222,0.0,1.01,0.0,0.0,,0
20,0.1944444444444444,0.5972222222222222,0.0,1.02,0.0,0.0,,0
20,0.1944444444444444,0.5972222222222222,0.0,1.03,0.0,0.0,,0
20,0.1944444444444444,0.5972222222222222,0.0,1.04,0.0,0.0,,0
20,0.1944444444444444,0.5972222222222222,0.0,1.05,0.0,0.0,,0
20,0.1944444444444444,0.5972222222222222,0.0,1.06,0.0,0.0,,0
20,0.1944444444444444,0.5972222222222222,0.0,1.07,0.0,0.0,,0
20,0.1944444444444444,0.5972222222222222,0.0,1.08,0.0,0.0,,0
20,0.1944444444444444,0.5972222222222222,0.0,1.09,0.0,0.0,,0
20,0.1944444444444444,0.5972222222222222,0.0,1.1,0.0,0.0,,0
20,0.1944444444444444,0.5972222222222222,0.0,1.11,0.0,0.0,,0
20,0.1944444444444444,0.5972222222222222,0.0,1.12,0.0,0.0,,0
20,0.1944444444444444,0.5972222222222222,0.0,1.13,0.0,0.0,,0
20,0.1944444444444444,0.5972222222222222,0.0,1.14,0.0,0.0,,0
20,0.1944444444444444,0.5972222222222222,0.0,1.15,0.0,0.0,,0
20,0.1944444444444444,0.5972222222222222,0.0,1.16,0.0,0.0,,0
20,0.1944444444444444,0.5972222222222222,0.0,1.17,0.0,0.0,,0
20,0.1944444444444444,0.5972222222222222,0.0,1.18,0.0,0.0,,0
20,0.1944444444444444,0.5972222222222222,0.0,1.19,0.0,0.0,,0
20,0.1944444444444444,0.5972222222222222,0.0,1.2,0.0,0.0,,0
20,0.1944444444444444,0.5972222222222222,0.0,1.21,0.0,0.0,,0
20,0.1944444444444444,0.5972222222222222,0.0,1.22,0.0,0.0,,0
20,0.1944444444444444,0.5972222222222222,0.0,1.23,0.0,0.0,,0
20,0.1944444444444444,0.5972222222222222,0.0,1.24,0.0,0.0,,0
20,0.1944444444444444,0.5972222222222222,0.0,1.25,0.0,0.0,,0
20,0.1944444444444444,0.5972222222222222,0.0,1.26,0.0,0.0,,0
20,0.1944444444444444,0.5972222222222222,0.0,1.27,0.0,0.0,,0
20,0.1944444444444444,0.5972222222222222,0.0,1.28,0.0,0.0,,0
20,0.1944444444444444,0.5972222222222222,0.0,1.29,0.0,0.0,,0
20,0.1944444444444444,0.5972222222222222,0.0,1.3,0.0,0.0,,0
20,0.1944444444444444,0.5972222222222222,0.0,1.31,0.0,0.0,,0
20,0.1944444444444444,0.5972222222222222,0.0,1.32,0.0,0.0,,0
20,0.1944444444444444,0.5972222222222222,0.0,1.33,0.0,0.0,,0
20,0.1944444444444444,0.5972222222222222,0.0,1.34,0.0,0.0,,0
20,0.1944444444444444,0.5972222222222222,0.0,1.35,0.0,0.0,,0
20,0.1944444444444444,0.5972222222222222,0.0,1.36,0.0,0.0,,0
20,0.1944444444444444,0.5972222222222222,0.0,1.37,0.0,0.0,,0
20,0.1944444444444444,0.5972222222222222,0.0,1.38,0.0,0.0,,0
20,0.1944444444444444,0.5972222222222222,0.0,1.39,0.0,0.0,,0
20,0.1944444444444444,0.5972222222222222,0.0,1.4,0.0,0.0,,0
20,0.1944444444444444,0.5972222222222222,0.0,1.41,0.0,0.0,,0
20,0.1944444444444444,0.5972222222222222,0.0,1.42,0.0,0.0,,0
20,0.1944444444444444,0.5972222222222222,0.0,1.43,0.0,0.0,,0
20,0.1944444444444444,0.5972222222222222,0.0,1.44,0.0,0.0,,0
20,0.1944444444444444,0.5972222222222222,0.0,1.45,0.0,0.0,,0
20,0.1944444444444444,0.5972222222222222,0.0,1.46,0.0,0.0,,0
20,0.1944444444444444,0.5972222222222222,0.0,1.47,0.0,0.0,,0
20,0.1944444444444444,0.5972222222222222,0.0,1.48,0.0,0.0,,0
20,0.1944444444444444,0.5972222222222222,0.0,1.49,0.0,0.0,,0
20,0.1944444444444444,0.5972222222222222,0.0,1.5,0.0,0.0,,0
20,0.1944444444444444,0.5972222222222222,0.0,1.51,0.0,0.0,,0
20,0.1944444444444444,0.5972222222222222,0.0,1.52,0.0,0.0,,0
20,0.1944444444444444,0.5972222222222222,0.0,1.53,0.0,0.0,,0
20,0.1944444444444444,0.5972222222222222,0.0,1.54,0.0,0.0,,0
20,0.1944444444444444,0.5972222222222222,0.0,1.55,0.0,0.0,,0
20,0.1944444444444444,0.5972222222222222,0.0,1.56,0.0,0.0,,0
20,0.1944444444444444,0.5972222222222222,0.0,1.57,0.0,0.0,,0
20,0.1944444444444444,0.5972222222222222,0.0,1.58,0.0,0.0,,0
20,0.1944444444444444,0.5972222222222222,0.0,1.59,0.0,0.0,,0
20,0.1944444444444444,0.5972222222222222,0.0,1.6,0.0,0.0,,0
20,0.1944444444444444,0.5972222222222222,0.0,1.61,0.0,0.0,,0
20,0.1944444444444444,0.5972222222222222,0.0,1.62,0.0,0.0,,0
20,0.1944444444444444,0.5972222222222222,0.0,1.63,0.0,0.0,,0
20,0.1944444444444444,0.5972222222222222,0.0,1.64,0.0,0.0,,0
20,0.1944444444444444,0.5972222222222222,0.0,1.65,0.0,0.0,,0
20,0.1944444444444444,0.5972222222222222,0.0,1.66,0.0,0.0,,0
20,0.1944444444444444,0.5972222222222222,0.0,1.67,0.0,0.0,,0
20,0.1944444444444444,0.5972222222222222,0.0,1.68,0.0,0.0,,0
20,0.1944444444444444,0.5972222222222222,0.0,1.69,0.0,0.0,,0
20,0.1944444444444444,0.5972222222222222,0.0,1.7,0.0,0.0,,0
20,0.1944444444444444,0.5972222222222222,0.0,1.71,0.0,0.0,,0
20,0.1944444444444444,0.5972222222222222,0.0,1.72,0.0,0.0,,0
20,0.1944444444444444,0.5972222222222222,0.0,1.73,0.0,0.0,,0
20,0.1944444444444444,0.5972222222222222,0.0,1.74,0.0,0.0,,0
20,0.1944444444444444,0.5972222222222222,0.0,1.75,0.0,0.0,,0
20,0.1944444444444444,0.5972222222222222,0.0,1.76,0.0,0.0,,0
20,0.1944444444444444,0.5972222222222222,0.0,1.77,0.0,0.0,,0
20,0.1944444444444444,0.5972222222222222,0.0,1.78,0.0,0.0,,0
20,0.1944444444444444,0.5972222222222222,0.0,1.79,0.0,0.0,,0
20,0.1944444444444444,0.5972222222222222,0.0,1.8,0.0,0.0,,0
20,0.1944444444444444,0.5972222222222222,0.0,1.81,0.0,0.0,,0
20,0.1944444444444444,0.5972222222222222,0.0,1.82,0.0,0.0,,0
20,0.1944444444444444,0.5972222222222222,0.0,1.83,0.0,0.0,,0
20,0.1944444444444444,0.5972222222222222,0.0,1.84,0.0,0.0,,0
20,0.1944444444444444,0.5972222222222222,0.0,1.85,0.0,0.0,,0
20,0.1944444444444444,0.5972222222222222,0.0,1.86,0.0,0.0,,0
20,0.1944444444444444,0.5972222222222222,0.0,1.87,0.0,0.0,,0
20,0.1944444444444444,0.5972222222222222,0.0,1.88,0.0,0.0,,0
20,0.1944444444444444,0.5972222222222222,0.0,1.89,0.0,0.0,,0
20,0.1944444444444444,0.5972222222222222,0.0,1.9,0.0,0.0,,0
20,0.1944444444444444,0.5972222222222222,0.0,1.91,0.0,0.0,,0
20,0.1944444444444444,0.5972222222222222,0.0,1.92,0.0,0.0,,0
20,0.1944444444444444,0.5972222222222222,0.0,1.93,0.0,0.0,,0
20,0.1944444444444444,0.5972222222222222,0.0,1.94,0.0,0.0,,0
20,0.1944444444444444,0.5972222222222222,0.0,1.95,0.0,0.0,,0
20,0.1944444444444444,0.5972222222222222,0.0,1.96,0.0,0.0,,0
20,0.1944444444444444,0.5972222222222222,0.0,1.97,0.0,0.0,,0
20,0.1944444444444444,0.5972222222222222,0.0,1.98,0.0,0.0,,0
20,0.1944444444444444,0.5972222222222222,0.0,1.99,0.0,0.0,,0
20,0.1944444444444444,0.5972222222222222,0.0,2.0,0.0,0.0,,0
20,0.1944444444444444,0.5972222222222222,0.0,2.01,0.0,0.0,,0
20,0.1944444444444444,0.5972222222222222,0.0,2.02,0.0,0.0,,0
20,0.1944444444444444,0.5972222222222222,0.0,2.03,0.0,0.0,,0
20,0.1944444444444444,0.5972222222222222,0.0,2.04,0.0,0.0,,0
20,0.1944444444444444,0.5972222222222222,0.0,2.05,0.0001,0.0001,0.0,1
20,0.1944444444444444,0.5972222222222222,0.0,2.06,0.0001,0.0001,0.0,1
20,0.1944444444444444,0.5972222222222222,0.0,2.07,0.0002,0.0002,0.0,1
20,0.1944444444444444,0.5972222222222222,0.0,2.08,0.0003,0.0003,0.0,1
20,0.1944444444444444,0.5972222222222222,0.0,2.09,0.0004,0.0004,0.0,1
20,0.1944444444444444,0.5972222222222222,0.0,2.1,0.0006,0.0006,0.0,1
20,0.1944444444444444,0.5972222222222222,0.0,2.11,0.0009,0.0009,0.0,1
20,0.1944444444444444,0.5972222222222222,0.0,2.12,0.0013,0.0013,0.0,1
20,0.1944444444444444,0.5972222222222222,0.0,2.13,0.0017,0.0017,0.0,1
20,0.1944444444444444,0.5972222222222222,0.0,2.14,0.0023,0.0023,0.0,1
20,0.1944444444444444,0.5972222222222222,0.0,2.15,0.003,0.003,0.0,1
20,0.1944444444444444,0.5972222222222222,0.0,2.16,0.0037,0.0037,0.0,1
20,0.1944444444444444,0.5972222222222222,0.0,2.17,0.0046,0.0046,0.0,1
20,0.1944444444444444,0.5972222222222222,0.0,2.18,0.0054,0.0054,0.0,1
20,0.1944444444444444,0.5972222222222222,0.0,2.19,0.0063,0.0063,0.0,1
20,0.1944444444444444,0.5972222222222222,0.0,2.2,0.0072,0.0072,0.0,1
20,0.1944444444444444,0.5972222222222222,0.0,2.21,0.0081,0.0081,0.0,1
20,0.1944444444444444,0.5972222222222222,0.0,2.22,0.0089,0.0089,0.0,1
20,0.1944444444444444,0.5972222222222222,0.0,2.23,0.0096,0.0096,0.0,1
20,0.1944444444444444,0.5972222222222222,0.0,2.24,0.0102,0.0102,0.0,1
20,0.1944444444444444,0.5972222222222222,0.0,2.25,0.0106,0.0106,0.0,1
20,0.1944444444444444,0.5972222222222222,0.0,2.26,0.0109,0.0109,0.0,1
20,0.1944444444444444,0.5972222222222222,0.0,2.27,0.0111,0.0111,0.0,1
20,0.1944444444444444,0.5972222222222222,0.0,2.28,0.0112,0.0112,0.0,1
20,0.1944444444444444,0.5972222222222222,0.0,2.29,0.0112,0.0112,0.0,1
20,0.1944444444444444,0.5972222222222222,0.0,2.3,0.0111,0.0111,0.0,1
20,0.1944444444444444,0.5972222222222222,0.0,2.31,0.011,0.011,0.0,1
20,0.1944444444444444,0.5972222222222222,0.0,2.32,0.0109,0.0109,0.0,1
20,0.1944444444444444,0.5972222222222222,0.0,2.33,0.0107,0.0107,0.0,1
20,0.1944444444444444,0.5972222222222222,0.0,2.34,0.0105,0.0105,0.0,1
20,0.1944444444444444,0.5972222222222222,0.0,2.35,0.0103,0.0103,0.0,1
20,0.1944444444444444,0.5972222222222222,0.0,2.36,0.0099,0.0099,0.0,1
20,0.1944444444444444,0.5972222222222222,0.0,2.37,0.0095,0.0095,0.0,1
20,0.1944444444444444,0.5972222222222222,0.0,2.38,0.009,0.009,0.0,1
20,0.1944444444444444,0.5972222222222222,0.0,2.39,0.0083,0.0083,0.0,1
20,0.1944444444444444,0.5972222222222222,0.0,2.4,0.0076,0.0076,0.0,1
20,0.1944444444444444,0.5972222222222222,0.0,2.41,0.0069,0.0069,0.0,1
20,0.1944444444444444,0.5972222222222222,0.0,2.42,0.0061,0.0061,0.0,1
20,0.1944444444444444,0.5972222222222222,0.0,2.43,0.0052,0.0052,0.0,1
20,0.1944444444444444,0.5972222222222222,0.0,2.44,0.0045,0.0045,0.0,1
20,0.1944444444444444,0.5972222222222222,0.0,2.45,0.0037,0.0037,0.0,1
20,0.1944444444444444,0.5972222222222222,0.0,2.46,0.003,0.003,0.0,1
20,0.1944444444444444,0.5972222222222222,0.0,2.47,0.0023,0.0023,0.0,1
20,0.1944444444444444,0.5972222222222222,0.0,2.48,0.0018,0.0018,0.0,1
20,0.1944444444444444,0.5972222222222222,0.0,2.49,0.0013,0.0013,0.0,1
20,0.1944444444444444,0.5972222222222222,0.0,2.5,0.001,0.001,0.0,1
20,0.1944444444444444,0.5972222222222222,0.0,2.51,0.0007,0.0007,0.0,1
20,0.1944444444444444,0.5972222222222222,0.0,2.52,0.0004,0.0004,0.0,1
20,0.1944444444444444,0.5972222222222222,0.0,2.53,0.0003,0.0003,0.0,1
20,0.1944444444444444,0.5972222222222222,0.0,2.54,0.0002,0.0002,0.0,1
20,0.1944444444444444,0.5972222222222222,0.0,2.55,0.0001,0.0001,0.0,1
20,0.1944444444444444,0.5972222222222222,0.0,2.56,0.0001,0.0001,0.0,1
20,0.1944444444444444,0.5972222222222222,0.0,2.57,0.0,0.0,,0
20,0.1944444444444444,0.5972222222222222,0.0,2.58,0.0,0.0,,0
20,0.1944444444444444,0.5972222222222222,0.0,2.59,0.0,0.0,,0
20,0.1944444444444444,0.5972222222222222,0.0,2.6,0.0,0.0,,0
20,0.1944444444444444,0.5972222222222222,0.0,2.61,0.0,0.0,,0
20,0.1944444444444444,0.5972222222222222,0.0,2.62,0.0,0.0,,0
20,0.1944444444444444,0.5972222222222222,0.0,2.63,0.0,0.0,,0
20,0.1944444444444444,0.5972222222222222,0.0,2.64,0.0,0.0,,0
20,0.1944444444444444,0.5972222222222222,0.0,2.65,0.0,0.0,,0
20,0.1944444444444444,0.5972222222222222,0.0,2.66,0.0,0.0,,0
20,0.1944444444444444,0.5972222222222222,0.0,2.67,0.0,0.0,,0
20,0.1944444444444444,0.5972222222222222,0.0,2.68,0.0,0.0,,0
20,0.1944444444444444,0.5972222222222222,0.0,2.69,0.0,0.0,,0
20,0.1944444444444444,0.5972222222222222,0.0,2.7,0.0,0.0,,0
20,0.1944444444444444,0.5972222222222222,0.0,2.71,0.0,0.0,,0
20,0.1944444444444444,0.5972222222222222,0.0,2.72,0.0,0.0,,0
20,0.1944444444444444,0.5972222222222222,0.0,2.73,0.0,0.0,,0
20,0.1944444444444444,0.5972222222222222,0.0,2.74,0.0,0.0,,0
20,0.1944444444444444,0.5972222222222222,0.0,2.75,0.0,0.0,,0
20,0.1944444444444444,0.5972222222222222,0.0,2.76,0.0,0.0,,0
20,0.1944444444444444,0.5972222222222222,0.0,2.77,0.0,0.0,,0
20,0.1944444444444444,0.5972222222222222,0.0,2.78,0.0,0.0,,0
20,0.1944444444444444,0.5972222222222222,0.0,2.79,0.0,0.0,,0
20,0.1944444444444444,0.5972222222222222,0.0,2.8,0.0,0.0,,0
20,0.1944444444444444,0.5972222222222222,0.0,2.81,0.0,0.0,,0
20,0.1944444444444444,0.5972222222222222,0.0,2.82,0.0,0.0,,0
20,0.1944444444444444,0.5972222222222222,0.0,2.83,0.0,0.0,,0
20,0.1944444444444444,0.5972222222222222,0.0,2.84,0.0,0.0,,0
20,0.1944444444444444,0.5972222222222222,0.0,2.85,0.0,0.0,,0
20,0.1944444444444444,0.5972222222222222,0.0,2.86,0.0,0.0,,0
20,0.1944444444444444,0.5972222222222222,0.0,2.87,0.0,0.0,,0
20,0.1944444444444444,0.5972222222222222,0.0,2.88,0.0,0.0,,0
20,0.1944444444444444,0.5972222222222222,0.0,2.89,0.0,0.0,,0
20,0.1944444444444444,0.5972222222222222,0.0,2.9,0.0,0.0,,0
20,0.1944444444444444,0.5972222222222222,0.0,2.91,0.0,0.0,,0
20,0.1944444444444444,0.5972222222222222,0.0,2.92,0.0,0.0,,0
20,0.1944444444444444,0.5972222222222222,0.0,2.93,0.0,0.0,,0
20,0.1944444444444444,0.5972222222222222,0.0,2.94,0.0,0.0,,0
20,0.1944444444444444,0.5972222222222222,0.0,2.95,0.0,0.0,,0
20,0.1944444444444444,0.5972222222222222,0.0,2.96,0.0,0.0,,0
20,0.1944444444444444,0.5972222222222222,0.0,2.97,0.0,0.0,,0
20,0.1944444444444444,0.5972222222222222,0.0,2.98,0.0,0.0,,0
20,0.1944444444444444,0.5972222222222222,0.0,2.99,0.0,0.0,,0
20,0.1944444444444444,0.5972222222222222,0.0,3.0,0.0,0.0,,0
20,0.1944444444444444,0.5972222222222222,0.0,3.01,0.0,0.0,,0
20,0.1944444444444444,0.5972222222222222,0.0,3.02,0.0,0.0,,0
20,0.1944444444444444,0.5972222222222222,0.0,3.03,0.0,0.0,,0
20,0.1944444444444444,0.5972222222222222,0.0,3.04,0.0,0.0,,0
20,0.1944444444444444,0.5972222222222222,0.0,3.05,0.0,0.0,,0
20,0.1944444444444444,0.5972222222222222,0.0,3.06,0.0,0.0,,0
20,0.1944444444444444,0.5972222222222222,0.0,3.07,0.0,0.0,,0
20,0.1944444444444444,0.5972222222222222,0.0,3.08,0.0,0.0,,0
20,0.1944444444444444,0.5972222222222222,0.0,3.09,0.0,0.0,,0
20,0.1944444444444444,0.5972222222222222,0.0,3.1,0.0,0.0,,0
20,0.1944444444444444,0.5972222222222222,0.0,3.11,0.0,0.0,,0
20,0.1944444444444444,0.5972222222222222,0.0,3.12,0.0,0.0,,0
20,0.1944444444444444,0.5972222222222222,0.0,3.13,0.0,0.0,,0
20,0.1944444444444444,0.5972222222222222,0.0,3.14,0.0,0.0,,0
20,0.1944444444444444,0.5972222222222222,0.0,3.15,0.0,0.0,,0
20,0.1944444444444444,0.5972222222222222,0.0,3.16,0.0,0.0,,0
20,0.1944444444444444,0.5972222222222222,0.0,3.17,0.0,0.0,,0
20,0.1944444444444444,0.5972222222222222,0.0,3.18,0.0,0.0,,0
20,0.1944444444444444,0.5972222222222222,0.0,3.19,0.0,0.0,,0
20,0.1944444444444444,0.5972222222222222,0.0,3.2,0.0,0.0,,0
20,0.1944444444444444,0.5972222222222222,0.0,3.21,0.0,0.0,,0
20,0.1944444444444444,0.5972222222222222,0.0,3.22,0.0,0.0,,0
20,0.1944444444444444,0.5972222222222222,0.0,3.23,0.0,0.0,,0
20,0.1944444444444444,0.5972222222222222,0.0,3.24,0.0,0.0,,0
20,0.1944444444444444,0.5972222222222222,0.0,3.25,0.0,0.0,,0
20,0.1944444444444444,0.5972222222222222,0.0,3.26,0.0,0.0,,0
20,0.1944444444444444,0.5972222222222222,0.0,3.27,0.0,0.0,,0
20,0.1944444444444444,0.5972222222222222,0.0,3.28,0.0,0.0,,0
20,0.1944444444444444,0.5972222222222222,0.0,3.29,0.0,0.0,,0
20,0.1944444444444444,0.5972222222222222,0.0,3.3,0.0,0.0,,0
20,0.1944444444444444,0.5972222222222222,0.0,3.31,0.0,0.0,,0
20,0.1944444444444444,0.5972222222222222,0.0,3.32,0.0,0.0,,0
20,0.1944444444444444,0.5972222222222222,0.0,3.33,0.0,0.0,,0
20,0.1944444444444444,0.5972222222222222,0.0,3.34,0.0,0.0,,0
20,0.1944444444444444,0.5972222222222222,0.0,3.35,0.0,0.0,,0
20,0.1944444444444444,0.5972222222222222,0.0,3.36,0.0,0.0,,0
20,0.1944444444444444,0.5972222222222222,0.0,3.37,0.0,0.0,,0
20,0.1944444444444444,0.5972222222222222,0.0,3.38,0.0,0.0,,0
20,0.1944444444444444,0.5972222222222222,0.0,3.39,0.0,0.0,,0
20,0.1944444444444444,0.5972222222222222,0.0,3.4,0.0,0.0,,0
20,0.1944444444444444,0.5972222222222222,0.0,3.41,0.0,0.0,,0
20,0.1944444444444444,0.5972222222222222,0.0,3.42,0.0,0.0,,0
20,0.1944444444444444,0.5972222222222222,0.0,3.43,0.0,0.0,,0
20,0.1944444444444444,0.5972222222222222,0.0,3.44,0.0,0.0,,0
20,0.1944444444444444,0.5972222222222222,0.0,3.45,0.0,0.0,,0
20,0.1944444444444444,0.5972222222222222,0.0,3.46,0.0,0.0,,0
20,0.1944444444444444,0.5972222222222222,0.0,3.47,0.0,0.0,,0
20,0.1944444444444444,0.5972222222222222,0.0,3.48,0.0,0.0,,0
20,0.1944444444444444,0.5972222222222222,0.0,3.49,0.0,0.0,,0
20,0.1944444444444444,0.5972222222222222,0.0,3.5,0.0,0.0,,0
20,0.1944444444444444,0.5972222222222222,0.0,3.51,0.0,0.0,,0
20,0.1944444444444444,0.5972222222222222,0.0,3.52,0.0,0.0,,0
20,0.1944444444444444,0.5972222222222222,0.0,3.53,0.0,0.0,,0
20,0.1944444444444444,0.5972222222222222,0.0,3.54,0.0,0.0,,0
20,0.1944444444444444,0.5972222222222222,0.0,3.55,0.0,0.0,,0
20,0.1944444444444444,0.5972222222222222,0.0,3.56,0.0,0.0,,0
20,0.1944444444444444,0.5972222222222222,0.0,3.57,0.0,0.0,,0
20,0.1944444444444444,0.5972222222222222,0.0,3.58,0.0,0.0,,0
20,0.1944444444444444,0.5972222222222222,0.0,3.59,0.0,0.0,,0
20,0.1944444444444444,0.5972222222222222,0.0,3.6,0.0,0.0,,0
20,0.1944444444444444,0.5972222222222222,0.0,3.61,0.0,0.0,,0
20,0.1944444444444444,0.5972222222222222,0.0,3.62,0.0,0.0,,0
20,0.1944444444444444,0.5972222222222222,0.0,3.63,0.0,0.0,,0
20,0.1944444444444444,0.5972222222222222,0.0,3.64,0.0,0.0,,0
20,0.1944444444444444,0.5972222222222222,0.0,3.65,0.0,0.0,,0
20,0.1944444444444444,0.5972222222222222,0.0,3.66,0.0,0.0,,0
20,0.1944444444444444,0.5972222222222222,0.0,3.67,0.0,0.0,,0
20,0.1944444444444444,0.5972222222222222,0.0,3.68,0.0,0.0,,0
20,0.1944444444444444,0.5972222222222222,0.0,3.69,0.0,0.0,,0
20,0.1944444444444444,0.5972222222222222,0.0,3.7,0.0,0.0,,0
20,0.1944444444444444,0.5972222222222222,0.0,3.71,0.0,0.0,,0
20,0.1944444444444444,0.5972222222222222,0.0,3.72,0.0,0.0,,0
20,0.1944444444444444,0.5972222222222222,0.0,3.73,0.0,0.0,,0
20,0.1944444444444444,0.5972222222222222,0.0,3.74,0.0,0.0,,0
20,0.1944444444444444,0.5972222222222222,0.0,3.75,0.0,0.0,,0
20,0.1944444444444444,0.5972222222222222,0.0,3.76,0.0,0.0,,0
20,0.1944444444444444,0.5972222222222222,0.0,3.77,0.0,0.0,,0
20,0.1944444444444444,0.5972222222222222,0.0,3.78,0.0,0.0,,0
20,0.1944444444444444,0.5972222222222222,0.0,3.79,0.0,0.0,,0
20,0.1944444444444444,0.5972222222222222,0.0,3.8,0.0,0.0,,0
20,0.1944444444444444,0.5972222222222222,0.0,3.81,0.0,0.0,,0
20,0.1944444444444444,0.5972222222222222,0.0,3.82,0.0,0.0,,0
20,0.1944444444444444,0.5972222222222222,0.0,3.83,0.0,0.0,,0
20,0.1944444444444444,0.5972222222222222,0.0,3.84,0.0,0.0,,0
20,0.1944444444444444,0.5972222222222222,0.0,3.85,0.0,0.0,,0
20,0.1944444444444444,0.5972222222222222,0.0,3.86,0.0,0.0,,0
20,0.1944444444444444,0.5972222222222222,0.0,3.87,0.0,0.0,,0
20,0.1944444444444444,0.5972222222222222,0.0,3.88,0.0,0.0,,0
20,0.1944444444444444,0.5972222222222222,0.0,3.89,0.0,0.0,,0
20,0.1944444444444444,0.5972222222222222,0.0,3.9,0.0,0.0,,0
20,0.1944444444444444,0.5972222222222222,0.0,3.91,0.0,0.0,,0
20,0.1944444444444444,0.5972222222222222,0.0,3.92,0.0,0.0,,0
20,0.1944444444444444,0.5972222222222222,0.0,3.93,0.0,0.0,,0
20,0.1944444444444444,0.5972222222222222,0.0,3.94,0.0,0.0,,0
20,0.1944444444444444,0.5972222222222222,0.0,3.95,0.0,0.0,,0
20,0.1944444444444444,0.5972222222222222,0.0,3.96,0.0,0.0,,0
20,0.1944444444444444,0.5972222222222222,0.0,3.97,0.0,0.0,,0
20,0.1944444444444444,0.5972222222222222,0.0,3.98,0.0,0.0,,0
20,0.1944444444444444,0.5972222222222222,0.0,3.99,0.0,0.0,,0
20,0.1944444444444444,0.5972222222222222,0.0,4.0,0.0,0.0,,0
21,0.2222222222222222,0.611111111111111,0.0,0.5,0.0,0.0,,0
21,0.2222222222222222,0.611111111111111,0.0,0.51,0.0,0.0,,0
21,0.2222222222222222,0.611111111111111,0.0,0.52,0.0,0.0,,0
21,0.2222222222222222,0.611111111111111,0.0,0.53,0.0,0.0,,0
21,0.2222222222222222,0.611111111111111,0.0,0.54,0.0,0.0,,0
21,0.2222222222222222,0.611111111111111,0.0,0.55,0.0,0.0,,0
21,0.2222222222222222,0.611111111111111,0.0,0.56,0.0,0.0,,0
21,0.2222222222222222,0.611111111111111,0.0,0.57,0.0,0.0,,0
21,0.2222222222222222,0.611111111111111,0.0,0.58,0.0,0.0,,0
21,0.2222222222222222,0.611111111111111,0.0,0.59,0.0,0.0,,0
21,0.2222222222222222,0.611111111111111,0.0,0.6,0.0,0.0,,0
21,0.2222222222222222,0.611111111111111,0.0,0.61,0.0,0.0,,0
21,0.2222222222222222,0.611111111111111,0.0,0.62,0.0,0.0,,0
21,0.2222222222222222,0.611111111111111,0.0,0.63,0.0,0.0,,0
21,0.2222222222222222,0.611111111111111,0.0,0.64,0.0,0.0,,0
21,0.2222222222222222,0.611111111111111,0.0,0.65,0.0,0.0,,0
21,0.2222222222222222,0.611111111111111,0.0,0.66,0.0,0.0,,0
21,0.2222222222222222,0.611111111111111,0.0,0.67,0.0,0.0,,0
21,0.2222222222222222,0.611111111111111,0.0,0.68,0.0,0.0,,0
21,0.2222222222222222,0.611111111111111,0.0,0.69,0.0,0.0,,0
21,0.2222222222222222,0.611111111111111,0.0,0.7,0.0,0.0,,0
21,0.2222222222222222,0.611111111111111,0.0,0.71,0.0,0.0,,0
21,0.2222222222222222,0.611111111111111,0.0,0.72,0.0,0.0,,0
21,0.2222222222222222,0.611111111111111,0.0,0.73,0.0,0.0,,0
21,0.2222222222222222,0.611111111111111,0.0,0.74,0.0,0.0,,0
21,0.2222222222222222,0.611111111111111,0.0,0.75,0.0,0.0,,0
21,0.2222222222222222,0.611111111111111,0.0,0.76,0.0,0.0,,0
21,0.2222222222222222,0.611111111111111,0.0,0.77,0.0,0.0,,0
21,0.2222222222222222,0.611111111111111,0.0,0.78,0.0,0.0,,0
21,0.2222222222222222,0.611111111111111,0.0,0.79,0.0,0.0,,0
21,0.2222222222222222,0.611111111111111,0.0,0.8,0.0,0.0,,0
21,0.2222222222222222,0.611111111111111,0.0,0.81,0.0,0.0,,0
21,0.2222222222222222,0.611111111111111,0.0,0.82,0.0,0.0,,0
21,0.2222222222222222,0.611111111111111,0.0,0.83,0.0,0.0,,0
21,0.2222222222222222,0.611111111111111,0.0,0.84,0.0,0.0,,0
21,0.2222222222222222,0.611111111111111,0.0,0.85,0.0,0.0,,0
21,0.2222222222222222,0.611111111111111,0.0,0.86,0.0,0.0,,0
21,0.2222222222222222,0.611111111111111,0.0,0.87,0.0,0.0,,0
21,0.2222222222222222,0.611111111111111,0.0,0.88,0.0,0.0,,0
21,0.2222222222222222,0.611111111111111,0.0,0.89,0.0,0.0,,0
21,0.2222222222222222,0.611111111111111,0.0,0.9,0.0,0.0,,0
21,0.2222222222222222,0.611111111111111,0.0,0.91,0.0,0.0,,0
21,0.2222222222222222,0.611111111111111,0.0,0.92,0.0,0.0,,0
21,0.2222222222222222,0.611111111111111,0.0,0.93,0.0,0.0,,0
21,0.2222222222222222,0.611111111111111,0.0,0.94,0.0,0.0,,0
21,0.2222222222222222,0.611111111111111,0.0,0.95,0.0,0.0,,0
21,0.2222222222222222,0.611111111111111,0.0,0.96,0.0,0.0,,0
21,0.2222222222222222,0.611111111111111,0.0,0.97,0.0,0.0,,0
21,0.2222222222222222,0.611111111111111,0.0,0.98,0.0,0.0,,0
21,0.2222222222222222,0.611111111111111,0.0,0.99,0.0,0.0,,0
21,0.2222222222222222,0.611111111111111,0.0,1.0,0.0,0.0,,0
21,0.2222222222222222,0.611111111111111,0.0,1.01,0.0,0.0,,0
21,0.2222222222222222,0.611111111111111,0.0,1.02,0.0,0.0,,0
21,0.2222222222222222,0.611111111111111,0.0,1.03,0.0,0.0,,0
21,0.2222222222222222,0.611111111111111,0.0,1.04,0.0,0.0,,0
21,0.2222222222222222,0.611111111111111,0.0,1.05,0.0,0.0,,0
21,0.2222222222222222,0.611111111111111,0.0,1.06,0.0,0.0,,0
21,0.2222222222222222,0.611111111111111,0.0,1.07,0.0,0.0,,0
21,0.2222222222222222,0.611111111111111,0.0,1.08,0.0,0.0,,0
21,0.2222222222222222,0.611111111111111,0.0,1.09,0.0,0.0,,0
21,0.2222222222222222,0.611111111111111,0.0,1.1,0.0,0.0,,0
21,0.2222222222222222,0.611111111111111,0.0,1.11,0.0,0.0,,0
21,0.2222222222222222,0.611111111111111,0.0,1.12,0.0,0.0,,0
21,0.2222222222222222,0.611111111111111,0.0,1.13,0.0,0.0,,0
21,0.2222222222222222,0.611111111111111,0.0,1.14,0.0,0.0,,0
21,0.2222222222222222,0.611111111111111,0.0,1.15,0.0,0.0,,0
21,0.2222222222222222,0.611111111111111,0.0,1.16,0.0,0.0,,0
21,0.2222222222222222,0.611111111111111,0.0,1.17,0.0,0.0,,0
21,0.2222222222222222,0.611111111111111,0.0,1.18,0.0,0.0,,0
21,0.2222222222222222,0.611111111111111,0.0,1.19,0.0,0.0,,0
21,0.2222222222222222,0.611111111111111,0.0,1.2,0.0,0.0,,0
21,0.2222222222222222,0.611111111111111,0.0,1.21,0.0,0.0,,0
21,0.2222222222222222,0.611111111111111,0.0,1.22,0.0,0.0,,0
21,0.2222222222222222,0.611111111111111,0.0,1.23,0.0,0.0,,0
21,0.2222222222222222,0.611111111111111,0.0,1.24,0.0,0.0,,0
21,0.2222222222222222,0.611111111111111,0.0,1.25,0.0,0.0,,0
21,0.2222222222222222,0.611111111111111,0.0,1.26,0.0,0.0,,0
21,0.2222222222222222,0.611111111111111,0.0,1.27,0.0,0.0,,0
21,0.2222222222222222,0.611111111111111,0.0,1.28,0.0,0.0,,0
21,0.2222222222222222,0.611111111111111,0.0,1.29,0.0,0.0,,0
21,0.2222222222222222,0.611111111111111,0.0,1.3,0.0,0.0,,0
21,0.2222222222222222,0.611111111111111,0.0,1.31,0.0,0.0,,0
21,0.2222222222222222,0.611111111111111,0.0,1.32,0.0,0.0,,0
21,0.2222222222222222,0.611111111111111,0.0,1.33,0.0,0.0,,0
21,0.2222222222222222,0.611111111111111,0.0,1.34,0.0,0.0,,0
21,0.2222222222222222,0.611111111111111,0.0,1.35,0.0,0.0,,0
21,0.2222222222222222,0.611111111111111,0.0,1.36,0.0,0.0,,0
21,0.2222222222222222,0.611111111111111,0.0,1.37,0.0,0.0,,0
21,0.2222222222222222,0.611111111111111,0.0,1.38,0.0,0.0,,0
21,0.2222222222222222,0.611111111111111,0.0,1.39,0.0,0.0,,0
21,0.2222222222222222,0.611111111111111,0.0,1.4,0.0,0.0,,0
21,0.2222222222222222,0.611111111111111,0.0,1.41,0.0,0.0,,0
21,0.2222222222222222,0.611111111111111,0.0,1.42,0.0,0.0,,0
21,0.2222222222222222,0.611111111111111,0.0,1.43,0.0,0.0,,0
21,0.2222222222222222,0.611111111111111,0.0,1.44,0.0,0.0,,0
21,0.2222222222222222,0.611111111111111,0.0,1.45,0.0,0.0,,0
21,0.2222222222222222,0.611111111111111,0.0,1.46,0.0,0.0,,0
21,0.2222222222222222,0.611111111111111,0.0,1.47,0.0,0.0,,0
21,0.2222222222222222,0.611111111111111,0.0,1.48,0.0,0.0,,0
21,0.2222222222222222,0.611111111111111,0.0,1.49,0.0,0.0,,0
21,0.2222222222222222,0.611111111111111,0.0,1.5,0.0,0.0,,0
21,0.2222222222222222,0.611111111111111,0.0,1.51,0.0,0.0,,0
21,0.2222222222222222,0.611111111111111,0.0,1.52,0.0,0.0,,0
21,0.2222222222222222,0.611111111111111,0.0,1.53,0.0,0.0,,0
21,0.2222222222222222,0.611111111111111,0.0,1.54,0.0,0.0,,0
21,0.2222222222222222,0.611111111111111,0.0,1.55,0.0,0.0,,0
21,0.2222222222222222,0.611111111111111,0.0,1.56,0.0,0.0,,0
21,0.2222222222222222,0.611111111111111,0.0,1.57,0.0,0.0,,0
21,0.2222222222222222,0.611111111111111,0.0,1.58,0.0,0.0,,0
21,0.2222222222222222,0.611111111111111,0.0,1.59,0.0,0.0,,0
21,0.2222222222222222,0.611111111111111,0.0,1.6,0.0,0.0,,0
21,0.2222222222222222,0.611111111111111,0.0,1.61,0.0,0.0,,0
21,0.2222222222222222,0.611111111111111,0.0,1.62,0.0,0.0,,0
21,0.2222222222222222,0.611111111111111,0.0,1.63,0.0,0.0,,0
21,0.2222222222222222,0.611111111111111,0.0,1.64,0.0,0.0,,0
21,0.2222222222222222,0.611111111111111,0.0,1.65,0.0,0.0,,0
21,0.2222222222222222,0.611111111111111,0.0,1.66,0.0,0.0,,0
21,0.2222222222222222,0.611111111111111,0.0,1.67,0.0,0.0,,0
21,0.2222222222222222,0.611111111111111,0.0,1.68,0.0,0.0,,0
21,0.2222222222222222,0.611111111111111,0.0,1.69,0.0,0.0,,0
21,0.2222222222222222,0.611111111111111,0.0,1.7,0.0,0.0,,0
21,0.2222222222222222,0.611111111111111,0.0,1.71,0.0,0.0,,0
21,0.2222222222222222,0.611111111111111,0.0,1.72,0.0,0.0,,0
21,0.2222222222222222,0.611111111111111,0.0,1.73,0.0,0.0,,0
21,0.2222222222222222,0.611111111111111,0.0,1.74,0.0,0.0,,0
21,0.2222222222222222,0.611111111111111,0.0,1.75,0.0,0.0,,0
21,0.2222222222222222,0.611111111111111,0.0,1.76,0.0,0.0,,0
21,0.2222222222222222,0.611111111111111,0.0,1.77,0.0,0.0,,0
21,0.2222222222222222,0.611111111111111,0.0,1.78,0.0,0.0,,0
21,0.2222222222222222,0.611111111111111,0.0,1.79,0.0,0.0,,0
21,0.2222222222222222,0.611111111111111,0.0,1.8,0.0,0.0,,0
21,0.2222222222222222,0.611111111111111,0.0,1.81,0.0,0.0,,0
21,0.2222222222222222,0.611111111111111,0.0,1.82,0.0,0.0,,0
21,0.2222222222222222,0.611111111111111,0.0,1.83,0.0,0.0,,0
21,0.2222222222222222,0.611111111111111,0.0,1.84,0.0,0.0,,0
21,0.2222222222222222,0.611111111111111,0.0,1.85,0.0,0.0,,0
21,0.2222222222222222,0.611111111111111,0.0,1.86,0.0,0.0,,0
21,0.2222222222222222,0.611111111111111,0.0,1.87,0.0,0.0,,0
21,0.2222222222222222,0.611111111111111,0.0,1.88,0.0,0.0,,0
21,0.2222222222222222,0.611111111111111,0.0,1.89,0.0,0.0,,0
21,0.2222222222222222,0.611111111111111,0.0,1.9,0.0,0.0,,0
21,0.2222222222222222,0.611111111111111,0.0,1.91,0.0,0.0,,0
21,0.2222222222222222,0.611111111111111,0.0,1.92,0.0001,0.0001,0.0,1
21,0.2222222222222222,0.611111111111111,0.0,1.93,0.0001,0.0001,0.0,1
21,0.2222222222222222,0.611111111111111,0.0,1.94,0.0002,0.0002,0.0,1
21,0.2222222222222222,0.611111111111111,0.0,1.95,0.0004,0.0004,0.0,1
21,0.2222222222222222,0.611111111111111,0.0,1.96,0.0006,0.0006,0.0,1
21,0.2222222222222222,0.611111111111111,0.0,1.97,0.001,0.001,0.0,1
21,0.2222222222222222,0.611111111111111,0.0,1.98,0.0015,0.0015,0.0,1
21,0.2222222222222222,0.611111111111111,0.0,1.99,0.0021,0.0021,0.0,1
21,0.2222222222222222,0.611111111111111,0.0,2.0,0.0029,0.0029,0.0,1
21,0.2222222222222222,0.611111111111111,0.0,2.01,0.0039,0.0039,0.0,1
21,0.2222222222222222,0.611111111111111,0.0,2.02,0.005,0.005,0.0,1
21,0.2222222222222222,0.611111111111111,0.0,2.03,0.0063,0.0063,0.0,1
21,0.2222222222222222,0.611111111111111,0.0,2.04,0.0078,0.0078,0.0,1
21,0.2222222222222222,0.611111111111111,0.0,2.05,0.0092,0.0092,0.0,1
21,0.2222222222222222,0.611111111111111,0.0,2.06,0.0107,0.0107,0.0,1
21,0.2222222222222222,0.611111111111111,0.0,2.07,0.012,0.012,0.0,1
21,0.2222222222222222,0.611111111111111,0.0,2.08,0.0131,0.0131,0.0,1
21,0.2222222222222222,0.611111111111111,0.0,2.09,0.014,0.014,0.0,1
21,0.2222222222222222,0.611111111111111,0.0,2.1,0.0145,0.0145,0.0,1
21,0.2222222222222222,0.611111111111111,0.0,2.11,0.0147,0.0147,0.0,1
21,0.2222222222222222,0.611111111111111,0.0,2.12,0.0146,0.0146,0.0,1
21,0.2222222222222222,0.611111111111111,0.0,2.13,0.0142,0.0142,0.0,1
21,0.2222222222222222,0.611111111111111,0.0,2.14,0.0137,0.0137,0.0,1
21,0.2222222222222222,0.611111111111111,0.0,2.15,0.0132,0.0132,0.0,1
21,0.2222222222222222,0.611111111111111,0.0,2.16,0.0128,0.0128,0.0,1
21,0.2222222222222222,0.611111111111111,0.0,2.17,0.0125,0.0125,0.0,1
21,0.2222222222222222,0.611111111111111,0.0,2.18,0.0124,0.0124,0.0,1
21,0.2222222222222222,0.611111111111111,0.0,2.19,0.0125,0.0125,0.0,1
21,0.2222222222222222,0.611111111111111,0.0,2.2,0.0127,0.0127,0.0,1
21,0.2222222222222222,0.611111111111111,0.0,2.21,0.013,0.013,0.0,1
21,0.2222222222222222,0.611111111111111,0.0,2.22,0.0131,0.0131,0.0,1
21,0.2222222222222222,0.611111111111111,0.0,2.23,0.0131,0.0131,0.0,1
21,0.2222222222222222,0.611111111111111,0.0,2.24,0.0128,0.0128,0.0,1
21,0.2222222222222222,0.611111111111111,0.0,2.25,0.0122,0.0122,0.0,1
21,0.2222222222222222,0.611111111111111,0.0,2.26,0.0114,0.0114,0.0,1
21,0.2222222222222222,0.611111111111111,0.0,2.27,0.0104,0.0104,0.0,1
21,0.2222222222222222,0.611111111111111,0.0,2.28,0.0092,0.0092,0.0,1
21,0.2222222222222222,0.611111111111111,0.0,2.29,0.0079,0.0079,0.0,1
21,0.2222222222222222,0.611111111111111,0.0,2.3,0.0066,0.0066,0.0,1
21,0.2222222222222222,0.611111111111111,0.0,2.31,0.0054,0.0054,0.0,1
21,0.2222222222222222,0.611111111111111,0.0,2.32,0.0043,0.0043,0.0,1
21,0.2222222222222222,0.611111111111111,0.0,2.33,0.0033,0.0033,0.0,1
21,0.2222222222222222,0.611111111111111,0.0,2.34,0.0024,0.0024,0.0,1
21,0.2222222222222222,0.611111111111111,0.0,2.35,0.0017,0.0017,0.0,1
21,0.2222222222222222,0.611111111111111,0.0,2.36,0.0012,0.0012,0.0,1
21,0.2222222222222222,0.611111111111111,0.0,2.37,0.0008,0.0008,0.0,1
21,0.2222222222222222,0.611111111111111,0.0,2.38,0.0005,0.0005,0.0,1
21,0.2222222222222222,0.611111111111111,0.0,2.39,0.0003,0.0003,0.0,1
21,0.2222222222222222,0.611111111111111,0.0,2.4,0.0002,0.0002,0.0,1
21,0.2222222222222222,0.611111111111111,0.0,2.41,0.0001,0.0001,0.0,1
21,0.2222222222222222,0.611111111111111,0.0,2.42,0.0001,0.0001,0.0,1
21,0.2222222222222222,0.611111111111111,0.0,2.43,0.0,0.0,,0
21,0.2222222222222222,0.611111111111111,0.0,2.44,0.0,0.0,,0
21,0.2222222222222222,0.611111111111111,0.0,2.45,0.0,0.0,,0
21,0.2222222222222222,0.611111111111111,0.0,2.46,0.0,0.0,,0
21,0.2222222222222222,0.611111111111111,0.0,2.47,0.0,0.0,,0
21,0.2222222222222222,0.611111111111111,0.0,2.48,0.0,0.0,,0
21,0.2222222222222222,0.611111111111111,0.0,2.49,0.0,0.0,,0
21,0.2222222222222222,0.611111111111111,0.0,2.5,0.0,0.0,,0
21,0.2222222222222222,0.611111111111111,0.0,2.51,0.0,0.0,,0
21,0.2222222222222222,0.611111111111111,0.0,2.52,0.0,0.0,,0
21,0.2222222222222222,0.611111111111111,0.0,2.53,0.0,0.0,,0
21,0.2222222222222222,0.611111111111111,0.0,2.54,0.0,0.0,,0
21,0.2222222222222222,0.611111111111111,0.0,2.55,0.0,0.0,,0
21,0.2222222222222222,0.611111111111111,0.0,2.56,0.0,0.0,,0
21,0.2222222222222222,0.611111111111111,0.0,2.57,0.0,0.0,,0
21,0.2222222222222222,0.611111111111111,0.0,2.58,0.0,0.0,,0
21,0.2222222222222222,0.611111111111111,0.0,2.59,0.0,0.0,,0
21,0.2222222222222222,0.611111111111111,0.0,2.6,0.0,0.0,,0
21,0.2222222222222222,0.611111111111111,0.0,2.61,0.0,0.0,,0
21,0.2222222222222222,0.611111111111111,0.0,2.62,0.0,0.0,,0
21,0.2222222222222222,0.611111111111111,0.0,2.63,0.0,0.0,,0
21,0.2222222222222222,0.611111111111111,0.0,2.64,0.0,0.0,,0
21,0.2222222222222222,0.611111111111111,0.0,2.65,0.0,0.0,,0
21,0.2222222222222222,0.611111111111111,0.0,2.66,0.0,0.0,,0
21,0.2222222222222222,0.611111111111111,0.0,2.67,0.0,0.0,,0
21,0.2222222222222222,0.611111111111111,0.0,2.68,0.0,0.0,,0
21,0.2222222222222222,0.611111111111111,0.0,2.69,0.0,0.0,,0
21,0.2222222222222222,0.611111111111111,0.0,2.7,0.0,0.0,,0
21,0.2222222222222222,0.611111111111111,0.0,2.71,0.0,0.0,,0
21,0.2222222222222222,0.611111111111111,0.0,2.72,0.0,0.0,,0
21,0.2222222222222222,0.611111111111111,0.0,2.73,0.0,0.0,,0
21,0.2222222222222222,0.611111111111111,0.0,2.74,0.0,0.0,,0
21,0.2222222222222222,0.611111111111111,0.0,2.75,0.0,0.0,,0
21,0.2222222222222222,0.611111111111111,0.0,2.76,0.0,0.0,,0
21,0.2222222222222222,0.611111111111111,0.0,2.77,0.0,0.0,,0
21,0.2222222222222222,0.611111111111111,0.0,2.78,0.0,0.0,,0
21,0.2222222222222222,0.611111111111111,0.0,2.79,0.0,0.0,,0
21,0.2222222222222222,0.611111111111111,0.0,2.8,0.0,0.0,,0
21,0.2222222222222222,0.611111111111111,0.0,2.81,0.0,0.0,,0
21,0.2222222222222222,0.611111111111111,0.0,2.82,0.0,0.0,,0
21,0.2222222222222222,0.611111111111111,0.0,2.83,0.0,0.0,,0
21,0.2222222222222222,0.611111111111111,0.0,2.84,0.0,0.0,,0
21,0.2222222222222222,0.611111111111111,0.0,2.85,0.0,0.0,,0
21,0.2222222222222222,0.611111111111111,0.0,2.86,0.0,0.0,,0
21,0.2222222222222222,0.611111111111111,0.0,2.87,0.0,0.0,,0
21,0.2222222222222222,0.611111111111111,0.0,2.88,0.0,0.0,,0
21,0.2222222222222222,0.611111111111111,0.0,2.89,0.0,0.0,,0
21,0.2222222222222222,0.611111111111111,0.0,2.9,0.0,0.0,,0
21,0.2222222222222222,0.611111111111111,0.0,2.91,0.0,0.0,,0
21,0.2222222222222222,0.611111111111111,0.0,2.92,0.0,0.0,,0
21,0.2222222222222222,0.611111111111111,0.0,2.93,0.0,0.0,,0
21,0.2222222222222222,0.611111111111111,0.0,2.94,0.0,0.0,,0
21,0.2222222222222222,0.611111111111111,0.0,2.95,0.0,0.0,,0
21,0.2222222222222222,0.611111111111111,0.0,2.96,0.0,0.0,,0
21,0.2222222222222222,0.611111111111111,0.0,2.97,0.0,0.0,,0
21,0.2222222222222222,0.611111111111111,0.0,2.98,0.0,0.0,,0
21,0.2222222222222222,0.611111111111111,0.0,2.99,0.0,0.0,,0
21,0.2222222222222222,0.611111111111111,0.0,3.0,0.0,0.0,,0
21,0.2222222222222222,0.611111111111111,0.0,3.01,0.0,0.0,,0
21,0.2222222222222222,0.611111111111111,0.0,3.02,0.0,0.0,,0
21,0.2222222222222222,0.611111111111111,0.0,3.03,0.0,0.0,,0
21,0.2222222222222222,0.611111111111111,0.0,3.04,0.0,0.0,,0
21,0.2222222222222222,0.611111111111111,0.0,3.05,0.0,0.0,,0
21,0.2222222222222222,0.611111111111111,0.0,3.06,0.0,0.0,,0
21,0.2222222222222222,0.611111111111111,0.0,3.07,0.0,0.0,,0
21,0.2222222222222222,0.611111111111111,0.0,3.08,0.0,0.0,,0
21,0.2222222222222222,0.611111111111111,0.0,3.09,0.0,0.0,,0
21,0.2222222222222222,0.611111111111111,0.0,3.1,0.0,0.0,,0
21,0.2222222222222222,0.611111111111111,0.0,3.11,0.0,0.0,,0
21,0.2222222222222222,0.611111111111111,0.0,3.12,0.0,0.0,,0
21,0.2222222222222222,0.611111111111111,0.0,3.13,0.0,0.0,,0
21,0.2222222222222222,0.611111111111111,0.0,3.14,0.0,0.0,,0
21,0.2222222222222222,0.611111111111111,0.0,3.15,0.0,0.0,,0
21,0.2222222222222222,0.611111111111111,0.0,3.16,0.0,0.0,,0
21,0.2222222222222222,0.611111111111111,0.0,3.17,0.0,0.0,,0
21,0.2222222222222222,0.611111111111111,0.0,3.18,0.0,0.0,,0
21,0.2222222222222222,0.611111111111111,0.0,3.19,0.0,0.0,,0
21,0.2222222222222222,0.611111111111111,0.0,3.2,0.0,0.0,,0
21,0.2222222222222222,0.611111111111111,0.0,3.21,0.0,0.0,,0
21,0.2222222222222222,0.611111111111111,0.0,3.22,0.0,0.0,,0
21,0.2222222222222222,0.611111111111111,0.0,3.23,0.0,0.0,,0
21,0.2222222222222222,0.611111111111111,0.0,3.24,0.0,0.0,,0
21,0.2222222222222222,0.611111111111111,0.0,3.25,0.0,0.0,,0
21,0.2222222222222222,0.611111111111111,0.0,3.26,0.0,0.0,,0
21,0.2222222222222222,0.611111111111111,0.0,3.27,0.0,0.0,,0
21,0.2222222222222222,0.611111111111111,0.0,3.28,0.0,0.0,,0
21,0.2222222222222222,0.611111111111111,0.0,3.29,0.0,0.0,,0
21,0.2222222222222222,0.611111111111111,0.0,3.3,0.0,0.0,,0
21,0.2222222222222222,0.611111111111111,0.0,3.31,0.0,0.0,,0
21,0.2222222222222222,0.611111111111111,0.0,3.32,0.0,0.0,,0
21,0.2222222222222222,0.611111111111111,0.0,3.33,0.0,0.0,,0
21,0.2222222222222222,0.611111111111111,0.0,3.34,0.0,0.0,,0
21,0.2222222222222222,0.611111111111111,0.0,3.35,0.0,0.0,,0
21,0.2222222222222222,0.611111111111111,0.0,3.36,0.0,0.0,,0
21,0.2222222222222222,0.611111111111111,0.0,3.37,0.0,0.0,,0
21,0.2222222222222222,0.611111111111111,0.0,3.38,0.0,0.0,,0
21,0.2222222222222222,0.611111111111111,0.0,3.39,0.0,0.0,,0
21,0.2222222222222222,0.611111111111111,0.0,3.4,0.0,0.0,,0
21,0.2222222222222222,0.611111111111111,0.0,3.41,0.0,0.0,,0
21,0.2222222222222222,0.611111111111111,0.0,3.42,0.0,0.0,,0
21,0.2222222222222222,0.611111111111111,0.0,3.43,0.0,0.0,,0
21,0.2222222222222222,0.611111111111111,0.0,3.44,0.0,0.0,,0
21,0.2222222222222222,0.611111111111111,0.0,3.45,0.0,0.0,,0
21,0.2222222222222222,0.611111111111111,0.0,3.46,0.0,0.0,,0
21,0.2222222222222222,0.611111111111111,0.0,3.47,0.0,0.0,,0
21,0.2222222222222222,0.611111111111111,0.0,3.48,0.0,0.0,,0
21,0.2222222222222222,0.611111111111111,0.0,3.49,0.0,0.0,,0
21,0.2222222222222222,0.611111111111111,0.0,3.5,0.0,0.0,,0
21,0.2222222222222222,0.611111111111111,0.0,3.51,0.0,0.0,,0
21,0.2222222222222222,0.611111111111111,0.0,3.52,0.0,0.0,,0
21,0.2222222222222222,0.611111111111111,0.0,3.53,0.0,0.0,,0
21,0.2222222222222222,0.611111111111111,0.0,3.54,0.0,0.0,,0
21,0.2222222222222222,0.611111111111111,0.0,3.55,0.0,0.0,,0
21,0.2222222222222222,0.611111111111111,0.0,3.56,0.0,0.0,,0
21,0.2222222222222222,0.611111111111111,0.0,3.57,0.0,0.0,,0
21,0.2222222222222222,0.611111111111111,0.0,3.58,0.0,0.0,,0
21,0.2222222222222222,0.611111111111111,0.0,3.59,0.0,0.0,,0
21,0.2222222222222222,0.611111111111111,0.0,3.6,0.0,0.0,,0
21,0.2222222222222222,0.611111111111111,0.0,3.61,0.0,0.0,,0
21,0.2222222222222222,0.611111111111111,0.0,3.62,0.0,0.0,,0
21,0.2222222222222222,0.611111111111111,0.0,3.63,0.0,0.0,,0
21,0.2222222222222222,0.611111111111111,0.0,3.64,0.0,0.0,,0
21,0.2222222222222222,0.611111111111111,0.0,3.65,0.0,0.0,,0
21,0.2222222222222222,0.611111111111111,0.0,3.66,0.0,0.0,,0
21,0.2222222222222222,0.611111111111111,0.0,3.67,0.0,0.0,,0
21,0.2222222222222222,0.611111111111111,0.0,3.68,0.0,0.0,,0
21,0.2222222222222222,0.611111111111111,0.0,3.69,0.0,0.0,,0
21,0.2222222222222222,0.611111111111111,0.0,3.7,0.0,0.0,,0
21,0.2222222222222222,0.611111111111111,0.0,3.71,0.0,0.0,,0
21,0.2222222222222222,0.611111111111111,0.0,3.72,0.0,0.0,,0
21,0.2222222222222222,0.611111111111111,0.0,3.73,0.0,0.0,,0
21,0.2222222222222222,0.611111111111111,0.0,3.74,0.0,0.0,,0
21,0.2222222222222222,0.611111111111111,0.0,3.75,0.0,0.0,,0
21,0.2222222222222222,0.611111111111111,0.0,3.76,0.0,0.0,,0
21,0.2222222222222222,0.611111111111111,0.0,3.77,0.0,0.0,,0
21,0.2222222222222222,0.611111111111111,0.0,3.78,0.0,0.0,,0
21,0.2222222222222222,0.611111111111111,0.0,3.79,0.0,0.0,,0
21,0.2222222222222222,0.611111111111111,0.0,3.8,0.0,0.0,,0
21,0.2222222222222222,0.611111111111111,0.0,3.81,0.0,0.0,,0
21,0.2222222222222222,0.611111111111111,0.0,3.82,0.0,0.0,,0
21,0.2222222222222222,0.611111111111111,0.0,3.83,0.0,0.0,,0
21,0.2222222222222222,0.611111111111111,0.0,3.84,0.0,0.0,,0
21,0.2222222222222222,0.611111111111111,0.0,3.85,0.0,0.0,,0
21,0.2222222222222222,0.611111111111111,0.0,3.86,0.0,0.0,,0
21,0.2222222222222222,0.611111111111111,0.0,3.87,0.0,0.0,,0
21,0.2222222222222222,0.611111111111111,0.0,3.88,0.0,0.0,,0
21,0.2222222222222222,0.611111111111111,0.0,3.89,0.0,0.0,,0
21,0.2222222222222222,0.611111111111111,0.0,3.9,0.0,0.0,,0
21,0.2222222222222222,0.611111111111111,0.0,3.91,0.0,0.0,,0
21,0.2222222222222222,0.611111111111111,0.0,3.92,0.0,0.0,,0
21,0.2222222222222222,0.611111111111111,0.0,3.93,0.0,0.0,,0
21,0.2222222222222222,0.611111111111111,0.0,3.94,0.0,0.0,,0
21,0.2222222222222222,0.611111111111111,0.0,3.95,0.0,0.0,,0
21,0.2222222222222222,0.611111111111111,0.0,3.96,0.0,0.0,,0
21,0.2222222222222222,0.611111111111111,0.0,3.97,0.0,0.0,,0
21,0.2222222222222222,0.611111111111111,0.0,3.98,0.0,0.0,,0
21,0.2222222222222222,0.611111111111111,0.0,3.99,0.0,0.0,,0
21,0.2222222222222222,0.611111111111111,0.0,4.0,0.0,0.0,,0
22,0.25,0.625,0.0,0.5,0.0,0.0,,0
22,0.25,0.625,0.0,0.51,0.0,0.0,,0
22,0.25,0.625,0.0,0.52,0.0,0.0,,0
22,0.25,0.625,0.0,0.53,0.0,0.0,,0
22,0.25,0.625,0.0,0.54,0.0,0.0,,0
22,0.25,0.625,0.0,0.55,0.0,0.0,,0
22,0.25,0.625,0.0,0.56,0.0,0.0,,0
22,0.25,0.625,0.0,0.57,0.0,0.0,,0
22,0.25,0.625,0.0,0.58,0.0,0.0,,0
22,0.25,0.625,0.0,0.59,0.0,0.0,,0
22,0.25,0.625,0.0,0.6,0.0,0.0,,0
22,0.25,0.625,0.0,0.61,0.0,0.0,,0
22,0.25,0.625,0.0,0.62,0.0,0.0,,0
22,0.25,0.625,0.0,0.63,0.0,0.0,,0
22,0.25,0.625,0.0,0.64,0.0,0.0,,0
22,0.25,0.625,0.0,0.65,0.0,0.0,,0
22,0.25,0.625,0.0,0.66,0.0,0.0,,0
22,0.25,0.625,0.0,0.67,0.0,0.0,,0
22,0.25,0.625,0.0,0.68,0.0,0.0,,0
22,0.25,0.625,0.0,0.69,0.0,0.0,,0
22,0.25,0.625,0.0,0.7,0.0,0.0,,0
22,0.25,0.625,0.0,0.71,0.0,0.0,,0
22,0.25,0.625,0.0,0.72,0.0,0.0,,0
22,0.25,0.625,0.0,0.73,0.0,0.0,,0
22,0.25,0.625,0.0,0.74,0.0,0.0,,0
22,0.25,0.625,0.0,0.75,0.0,0.0,,0
22,0.25,0.625,0.0,0.76,0.0,0.0,,0
22,0.25,0.625,0.0,0.77,0.0,0.0,,0
22,0.25,0.625,0.0,0.78,0.0,0.0,,0
22,0.25,0.625,0.0,0.79,0.0,0.0,,0
22,0.25,0.625,0.0,0.8,0.0,0.0,,0
22,0.25,0.625,0.0,0.81,0.0,0.0,,0
22,0.25,0.625,0.0,0.82,0.0,0.0,,0
22,0.25,0.625,0.0,0.83,0.0,0.0,,0
22,0.25,0.625,0.0,0.84,0.0,0.0,,0
22,0.25,0.625,0.0,0.85,0.0,0.0,,0
22,0.25,0.625,0.0,0.86,0.0,0.0,,0
22,0.25,0.625,0.0,0.87,0.0,0.0,,0
22,0.25,0.625,0.0,0.88,0.0,0.0,,0
22,0.25,0.625,0.0,0.89,0.0,0.0,,0
22,0.25,0.625,0.0,0.9,0.0,0.0,,0
22,0.25,0.625,0.0,0.91,0.0,0.0,,0
22,0.25,0.625,0.0,0.92,0.0,0.0,,0
22,0.25,0.625,0.0,0.93,0.0,0.0,,0
22,0.25,0.625,0.0,0.94,0.0,0.0,,0
22,0.25,0.625,0.0,0.95,0.0,0.0,,0
22,0.25,0.625,0.0,0.96,0.0,0.0,,0
22,0.25,0.625,0.0,0.97,0.0,0.0,,0
22,0.25,0.625,0.0,0.98,0.0,0.0,,0
22,0.25,0.625,0.0,0.99,0.0,0.0,,0
22,0.25,0.625,0.0,1.0,0.0,0.0,,0
22,0.25,0.625,0.0,1.01,0.0,0.0,,0
22,0.25,0.625,0.0,1.02,0.0,0.0,,0
22,0.25,0.625,0.0,1.03,0.0,0.0,,0
22,0.25,0.625,0.0,1.04,0.0,0.0,,0
22,0.25,0.625,0.0,1.05,0.0,0.0,,0
22,0.25,0.625,0.0,1.06,0.0,0.0,,0
22,0.25,0.625,0.0,1.07,0.0,0.0,,0
22,0.25,0.625,0.0,1.08,0.0,0.0,,0
22,0.25,0.625,0.0,1.09,0.0,0.0,,0
22,0.25,0.625,0.0,1.1,0.0,0.0,,0
22,0.25,0.625,0.0,1.11,0.0,0.0,,0
22,0.25,0.625,0.0,1.12,0.0,0.0,,0
22,0.25,0.625,0.0,1.13,0.0,0.0,,0
22,0.25,0.625,0.0,1.14,0.0,0.0,,0
22,0.25,0.625,0.0,1.15,0.0,0.0,,0
22,0.25,0.625,0.0,1.16,0.0,0.0,,0
22,0.25,0.625,0.0,1.17,0.0,0.0,,0
22,0.25,0.625,0.0,1.18,0.0,0.0,,0
22,0.25,0.625,0.0,1.19,0.0,0.0,,0
22,0.25,0.625,0.0,1.2,0.0,0.0,,0
22,0.25,0.625,0.0,1.21,0.0,0.0,,0
22,0.25,0.625,0.0,1.22,0.0,0.0,,0
22,0.25,0.625,0.0,1.23,0.0,0.0,,0
22,0.25,0.625,0.0,1.24,0.0,0.0,,0
22,0.25,0.625,0.0,1.25,0.0,0.0,,0
22,0.25,0.625,0.0,1.26,0.0,0.0,,0
22,0.25,0.625,0.0,1.27,0.0,0.0,,0
22,0.25,0.625,0.0,1.28,0.0,0.0,,0
22,0.25,0.625,0.0,1.29,0.0,0.0,,0
22,0.25,0.625,0.0,1.3,0.0,0.0,,0
22,0.25,0.625,0.0,1.31,0.0,0.0,,0
22,0.25,0.625,0.0,1.32,0.0,0.0,,0
22,0.25,0.625,0.0,1.33,0.0,0.0,,0
22,0.25,0.625,0.0,1.34,0.0,0.0,,0
22,0.25,0.625,0.0,1.35,0.0,0.0,,0
22,0.25,0.625,0.0,1.36,0.0,0.0,,0
22,0.25,0.625,0.0,1.37,0.0,0.0,,0
22,0.25,0.625,0.0,1.38,0.0,0.0,,0
22,0.25,0.625,0.0,1.39,0.0,0.0,,0
22,0.25,0.625,0.0,1.4,0.0,0.0,,0
22,0.25,0.625,0.0,1.41,0.0,0.0,,0
22,0.25,0.625,0.0,1.42,0.0,0.0,,0
22,0.25,0.625,0.0,1.43,0.0,0.0,,0
22,0.25,0.625,0.0,1.44,0.0,0.0,,0
22,0.25,0.625,0.0,1.45,0.0,0.0,,0
22,0.25,0.625,0.0,1.46,0.0,0.0,,0
22,0.25,0.625,0.0,1.47,0.0,0.0,,0
22,0.25,0.625,0.0,1.48,0.0,0.0,,0
22,0.25,0.625,0.0,1.49,0.0,0.0,,0
22,0.25,0.625,0.0,1.5,0.0,0.0,,0
22,0.25,0.625,0.0,1.51,0.0,0.0,,0
22,0.25,0.625,0.0,1.52,0.0,0.0,,0
22,0.25,0.625,0.0,1.53,0.0,0.0,,0
22,0.25,0.625,0.0,1.54,0.0,0.0,,0
22,0.25,0.625,0.0,1.55,0.0,0.0,,0
22,0.25,0.625,0.0,1.56,0.0,0.0,,0
22,0.25,0.625,0.0,1.57,0.0,0.0,,0
22,0.25,0.625,0.0,1.58,0.0,0.0,,0
22,0.25,0.625,0.0,1.59,0.0,0.0,,0
22,0.25,0.625,0.0,1.6,0.0,0.0,,0
22,0.25,0.625,0.0,1.61,0.0,0.0,,0
22,0.25,0.625,0.0,1.62,0.0,0.0,,0
22,0.25,0.625,0.0,1.63,0.0,0.0,,0
22,0.25,0.625,0.0,1.64,0.0,0.0,,0
22,0.25,0.625,0.0,1.65,0.0,0.0,,0
22,0.25,0.625,0.0,1.66,0.0,0.0,,0
22,0.25,0.625,0.0,1.67,0.0,0.0,,0
22,0.25,0.625,0.0,1.68,0.0,0.0,,0
22,0.25,0.625,0.0,1.69,0.0,0.0,,0
22,0.25,0.625,0.0,1.7,0.0,0.0,,0
22,0.25,0.625,0.0,1.71,0.0,0.0,,0
22,0.25,0.625,0.0,1.72,0.0,0.0,,0
22,0.25,0.625,0.0,1.73,0.0,0.0,,0
22,0.25,0.625,0.0,1.74,0.0,0.0,,0
22,0.25,0.625,0.0,1.75,0.0,0.0,,0
22,0.25,0.625,0.0,1.76,0.0,0.0,,0
22,0.25,0.625,0.0,1.77,0.0001,0.0001,0.0,1
22,0.25,0.625,0.0,1.78,0.0001,0.0001,0.0,1
22,0.25,0.625,0.0,1.79,0.0002,0.0002,0.0,1
22,0.25,0.625,0.0,1.8,0.0004,0.0004,0.0,1
22,0.25,0.625,0.0,1.81,0.0006,0.0006,0.0,1
22,0.25,0.625,0.0,1.82,0.001,0.001,0.0,1
22,0.25,0.625,0.0,1.83,0.0016,0.0016,0.0,1
22,0.25,0.625,0.0,1.84,0.0023,0.0023,0.0,1
22,0.25,0.625,0.0,1.85,0.0034,0.0034,0.0,1
22,0.25,0.625,0.0,1.86,0.0047,0.0047,0.0,1
22,0.25,0.625,0.0,1.87,0.0064,0.0064,0.0,1
22,0.25,0.625,0.0,1.88,0.0084,0.0084,0.0,1
22,0.25,0.625,0.0,1.89,0.0105,0.0105,0.0,1
22,0.25,0.625,0.0,1.9,0.0128,0.0128,0.0,1
22,0.25,0.625,0.0,1.91,0.0151,0.0151,0.0,1
22,0.25,0.625,0.0,1.92,0.0171,0.0171,0.0,1
22,0.25,0.625,0.0,1.93,0.0188,0.0188,0.0,1
22,0.25,0.625,0.0,1.94,0.02,0.02,0.0,1
22,0.25,0.625,0.0,1.95,0.0206,0.0206,0.0,1
22,0.25,0.625,0.0,1.96,0.0205,0.0205,0.0,1
22,0.25,0.625,0.0,1.97,0.0198,0.0198,0.0,1
22,0.25,0.625,0.0,1.98,0.0187,0.0187,0.0,1
22,0.25,0.625,0.0,1.99,0.0174,0.0174,0.0,1
22,0.25,0.625,0.0,2.0,0.016,0.016,0.0,1
22,0.25,0.625,0.0,2.01,0.0148,0.0148,0.0,1
22,0.25,0.625,0.0,2.02,0.0141,0.0141,0.0,1
22,0.25,0.625,0.0,2.03,0.0137,0.0137,0.0,1
22,0.25,0.625,0.0,2.04,0.0139,0.0139,0.0,1
22,0.25,0.625,0.0,2.05,0.0145,0.0145,0.0,1
22,0.25,0.625,0.0,2.06,0.0154,0.0154,0.0,1
22,0.25,0.625,0.0,2.07,0.0163,0.0163,0.0,1
22,0.25,0.625,0.0,2.08,0.0171,0.0171,0.0,1
22,0.25,0.625,0.0,2.09,0.0176,0.0176,0.0,1
22,0.25,0.625,0.0,2.1,0.0177,0.0177,0.0,1
22,0.25,0.625,0.0,2.11,0.0172,0.0172,0.0,1
22,0.25,0.625,0.0,2.12,0.0162,0.0162,0.0,1
22,0.25,0.625,0.0,2.13,0.0148,0.0148,0.0,1
22,0.25,0.625,0.0,2.14,0.013,0.013,0.0,1
22,0.25,0.625,0.0,2.15,0.0111,0.0111,0.0,1
22,0.25,0.625,0.0,2.16,0.0091,0.0091,0.0,1
22,0.25,0.625,0.0,2.17,0.0073,0.0073,0.0,1
22,0.25,0.625,0.0,2.18,0.0056,0.0056,0.0,1
22,0.25,0.625,0.0,2.19,0.0041,0.0041,0.0,1
22,0.25,0.625,0.0,2.2,0.003,0.003,0.0,1
22,0.25,0.625,0.0,2.21,0.0021,0.0021,0.0,1
22,0.25,0.625,0.0,2.22,0.0014,0.0014,0.0,1
22,0.25,0.625,0.0,2.23,0.0009,0.0009,0.0,1
22,0.25,0.625,0.0,2.24,0.0005,0.0005,0.0,1
22,0.25,0.625,0.0,2.25,0.0003,0.0003,0.0,1
22,0.25,0.625,0.0,2.26,0.0002,0.0002,0.0,1
22,0.25,0.625,0.0,2.27,0.0001,0.0001,0.0,1
22,0.25,0.625,0.0,2.28,0.0001,0.0001,0.0,1
22,0.25,0.625,0.0,2.29,0.0,0.0,,0
22,0.25,0.625,0.0,2.3,0.0,0.0,,0
22,0.25,0.625,0.0,2.31,0.0,0.0,,0
22,0.25,0.625,0.0,2.32,0.0,0.0,,0
22,0.25,0.625,0.0,2.33,0.0,0.0,,0
22,0.25,0.625,0.0,2.34,0.0,0.0,,0
22,0.25,0.625,0.0,2.35,0.0,0.0,,0
22,0.25,0.625,0.0,2.36,0.0,0.0,,0
22,0.25,0.625,0.0,2.37,0.0,0.0,,0
22,0.25,0.625,0.0,2.38,0.0,0.0,,0
22,0.25,0.625,0.0,2.39,0.0,0.0,,0
22,0.25,0.625,0.0,2.4,0.0,0.0,,0
22,0.25,0.625,0.0,2.41,0.0,0.0,,0
22,0.25,0.625,0.0,2.42,0.0,0.0,,0
22,0.25,0.625,0.0,2.43,0.0,0.0,,0
22,0.25,0.625,0.0,2.44,0.0,0.0,,0
22,0.25,0.625,0.0,2.45,0.0,0.0,,0
22,0.25,0.625,0.0,2.46,0.0,0.0,,0
22,0.25,0.625,0.0,2.47,0.0,0.0,,0
22,0.25,0.625,0.0,2.48,0.0,0.0,,0
22,0.25,0.625,0.0,2.49,0.0,0.0,,0
22,0.25,0.625,0.0,2.5,0.0,0.0,,0
22,0.25,0.625,0.0,2.51,0.0,0.0,,0
22,0.25,0.625,0.0,2.52,0.0,0.0,,0
22,0.25,0.625,0.0,2.53,0.0,0.0,,0
22,0.25,0.625,0.0,2.54,0.0,0.0,,0
22,0.25,0.625,0.0,2.55,0.0,0.0,,0
22,0.25,0.625,0.0,2.56,0.0,0.0,,0
22,0.25,0.625,0.0,2.57,0.0,0.0,,0
22,0.25,0.625,0.0,2.58,0.0,0.0,,0
22,0.25,0.625,0.0,2.59,0.0,0.0,,0
22,0.25,0.625,0.0,2.6,0.0,0.0,,0
22,0.25,0.625,0.0,2.61,0.0,0.0,,0
22,0.25,0.625,0.0,2.62,0.0,0.0,,0
22,0.25,0.625,0.0,2.63,0.0,0.0,,0
22,0.25,0.625,0.0,2.64,0.0,0.0,,0
22,0.25,0.625,0.0,2.65,0.0,0.0,,0
22,0.25,0.625,0.0,2.66,0.0,0.0,,0
22,0.25,0.625,0.0,2.67,0.0,0.0,,0
22,0.25,0.625,0.0,2.68,0.0,0.0,,0
22,0.25,0.625,0.0,2.69,0.0,0.0,,0
22,0.25,0.625,0.0,2.7,0.0,0.0,,0
22,0.25,0.625,0.0,2.71,0.0,0.0,,0
22,0.25,0.625,0.0,2.72,0.0,0.0,,0
22,0.25,0.625,0.0,2.73,0.0,0.0,,0
22,0.25,0.625,0.0,2.74,0.0,0.0,,0
22,0.25,0.625,0.0,2.75,0.0,0.0,,0
22,0.25,0.625,0.0,2.76,0.0,0.0,,0
22,0.25,0.625,0.0,2.77,0.0,0.0,,0
22,0.25,0.625,0.0,2.78,0.0,0.0,,0
22,0.25,0.625,0.0,2.79,0.0,0.0,,0
22,0.25,0.625,0.0,2.8,0.0,0.0,,0
22,0.25,0.625,0.0,2.81,0.0,0.0,,0
22,0.25,0.625,0.0,2.82,0.0,0.0,,0
22,0.25,0.625,0.0,2.83,0.0,0.0,,0
22,0.25,0.625,0.0,2.84,0.0,0.0,,0
22,0.25,0.625,0.0,2.85,0.0,0.0,,0
22,0.25,0.625,0.0,2.86,0.0,0.0,,0
22,0.25,0.625,0.0,2.87,0.0,0.0,,0
22,0.25,0.625,0.0,2.88,0.0,0.0,,0
22,0.25,0.625,0.0,2.89,0.0,0.0,,0
22,0.25,0.625,0.0,2.9,0.0,0.0,,0
22,0.25,0.625,0.0,2.91,0.0,0.0,,0
22,0.25,0.625,0.0,2.92,0.0,0.0,,0
22,0.25,0.625,0.0,2.93,0.0,0.0,,0
22,0.25,0.625,0.0,2.94,0.0,0.0,,0
22,0.25,0.625,0.0,2.95,0.0,0.0,,0
22,0.25,0.625,0.0,2.96,0.0,0.0,,0
22,0.25,0.625,0.0,2.97,0.0,0.0,,0
22,0.25,0.625,0.0,2.98,0.0,0.0,,0
22,0.25,0.625,0.0,2.99,0.0,0.0,,0
22,0.25,0.625,0.0,3.0,0.0,0.0,,0
22,0.25,0.625,0.0,3.01,0.0,0.0,,0
22,0.25,0.625,0.0,3.02,0.0,0.0,,0
22,0.25,0.625,0.0,3.03,0.0,0.0,,0
22,0.25,0.625,0.0,3.04,0.0,0.0,,0
22,0.25,0.625,0.0,3.05,0.0,0.0,,0
22,0.25,0.625,0.0,3.06,0.0,0.0,,0
22,0.25,0.625,0.0,3.07,0.0,0.0,,0
22,0.25,0.625,0.0,3.08,0.0,0.0,,0
22,0.25,0.625,0.0,3.09,0.0,0.0,,0
22,0.25,0.625,0.0,3.1,0.0,0.0,,0
22,0.25,0.625,0.0,3.11,0.0,0.0,,0
22,0.25,0.625,0.0,3.12,0.0,0.0,,0
22,0.25,0.625,0.0,3.13,0.0,0.0,,0
22,0.25,0.625,0.0,3.14,0.0,0.0,,0
22,0.25,0.625,0.0,3.15,0.0,0.0,,0
22,0.25,0.625,0.0,3.16,0.0,0.0,,0
22,0.25,0.625,0.0,3.17,0.0,0.0,,0
22,0.25,0.625,0.0,3.18,0.0,0.0,,0
22,0.25,0.625,0.0,3.19,0.0,0.0,,0
22,0.25,0.625,0.0,3.2,0.0,0.0,,0
22,0.25,0.625,0.0,3.21,0.0,0.0,,0
22,0.25,0.625,0.0,3.22,0.0,0.0,,0
22,0.25,0.625,0.0,3.23,0.0,0.0,,0
22,0.25,0.625,0.0,3.24,0.0,0.0,,0
22,0.25,0.625,0.0,3.25,0.0,0.0,,0
22,0.25,0.625,0.0,3.26,0.0,0.0,,0
22,0.25,0.625,0.0,3.27,0.0,0.0,,0
22,0.25,0.625,0.0,3.28,0.0,0.0,,0
22,0.25,0.625,0.0,3.29,0.0,0.0,,0
22,0.25,0.625,0.0,3.3,0.0,0.0,,0
22,0.25,0.625,0.0,3.31,0.0,0.0,,0
22,0.25,0.625,0.0,3.32,0.0,0.0,,0
22,0.25,0.625,0.0,3.33,0.0,0.0,,0
22,0.25,0.625,0.0,3.34,0.0,0.0,,0
22,0.25,0.625,0.0,3.35,0.0,0.0,,0
22,0.25,0.625,0.0,3.36,0.0,0.0,,0
22,0.25,0.625,0.0,3.37,0.0,0.0,,0
22,0.25,0.625,0.0,3.38,0.0,0.0,,0
22,0.25,0.625,0.0,3.39,0.0,0.0,,0
22,0.25,0.625,0.0,3.4,0.0,0.0,,0
22,0.25,0.625,0.0,3.41,0.0,0.0,,0
22,0.25,0.625,0.0,3.42,0.0,0.0,,0
22,0.25,0.625,0.0,3.43,0.0,0.0,,0
22,0.25,0.625,0.0,3.44,0.0,0.0,,0
22,0.25,0.625,0.0,3.45,0.0,0.0,,0
22,0.25,0.625,0.0,3.46,0.0,0.0,,0
22,0.25,0.625,0.0,3.47,0.0,0.0,,0
22,0.25,0.625,0.0,3.48,0.0,0.0,,0
22,0.25,0.625,0.0,3.49,0.0,0.0,,0
22,0.25,0.625,0.0,3.5,0.0,0.0,,0
22,0.25,0.625,0.0,3.51,0.0,0.0,,0
22,0.25,0.625,0.0,3.52,0.0,0.0,,0
22,0.25,0.625,0.0,3.53,0.0,0.0,,0
22,0.25,0.625,0.0,3.54,0.0,0.0,,0
22,0.25,0.625,0.0,3.55,0.0,0.0,,0
22,0.25,0.625,0.0,3.56,0.0,0.0,,0
22,0.25,0.625,0.0,3.57,0.0,0.0,,0
22,0.25,0.625,0.0,3.58,0.0,0.0,,0
22,0.25,0.625,0.0,3.59,0.0,0.0,,0
22,0.25,0.625,0.0,3.6,0.0,0.0,,0
22,0.25,0.625,0.0,3.61,0.0,0.0,,0
22,0.25,0.625,0.0,3.62,0.0,0.0,,0
22,0.25,0.625,0.0,3.63,0.0,0.0,,0
22,0.25,0.625,0.0,3.64,0.0,0.0,,0
22,0.25,0.625,0.0,3.65,0.0,0.0,,0
22,0.25,0.625,0.0,3.66,0.0,0.0,,0
22,0.25,0.625,0.0,3.67,0.0,0.0,,0
22,0.25,0.625,0.0,3.68,0.0,0.0,,0
22,0.25,0.625,0.0,3.69,0.0,0.0,,0
22,0.25,0.625,0.0,3.7,0.0,0.0,,0
22,0.25,0.625,0.0,3.71,0.0,0.0,,0
22,0.25,0.625,0.0,3.72,0.0,0.0,,0
22,0.25,0.625,0.0,3.73,0.0,0.0,,0
22,0.25,0.625,0.0,3.74,0.0,0.0,,0
22,0.25,0.625,0.0,3.75,0.0,0.0,,0
22,0.25,0.625,0.0,3.76,0.0,0.0,,0
22,0.25,0.625,0.0,3.77,0.0,0.0,,0
22,0.25,0.625,0.0,3.78,0.0,0.0,,0
22,0.25,0.625,0.0,3.79,0.0,0.0,,0
22,0.25,0.625,0.0,3.8,0.0,0.0,,0
22,0.25,0.625,0.0,3.81,0.0,0.0,,0
22,0.25,0.625,0.0,3.82,0.0,0.0,,0
22,0.25,0.625,0.0,3.83,0.0,0.0,,0
22,0.25,0.625,0.0,3.84,0.0,0.0,,0
22,0.25,0.625,0.0,3.85,0.0,0.0,,0
22,0.25,0.625,0.0,3.86,0.0,0.0,,0
22,0.25,0.625,0.0,3.87,0.0,0.0,,0
22,0.25,0.625,0.0,3.88,0.0,0.0,,0
22,0.25,0.625,0.0,3.89,0.0,0.0,,0
22,0.25,0.625,0.0,3.9,0.0,0.0,,0
22,0.25,0.625,0.0,3.91,0.0,0.0,,0
22,0.25,0.625,0.0,3.92,0.0,0.0,,0
22,0.25,0.625,0.0,3.93,0.0,0.0,,0
22,0.25,0.625,0.0,3.94,0.0,0.0,,0
22,0.25,0.625,0.0,3.95,0.0,0.0,,0
22,0.25,0.625,0.0,3.96,0.0,0.0,,0
22,0.25,0.625,0.0,3.97,0.0,0.0,,0
22,0.25,0.625,0.0,3.98,0.0,0.0,,0
22,0.25,0.625,0.0,3.99,0.0,0.0,,0
22,0.25,0.625,0.0,4.0,0.0,0.0,,0
23,0.2777777777777778,0.6388888888888888,0.0,0.5,0.0,0.0,,0
23,0.2777777777777778,0.6388888888888888,0.0,0.51,0.0,0.0,,0
23,0.2777777777777778,0.6388888888888888,0.0,0.52,0.0,0.0,,0
23,0.2777777777777778,0.6388888888888888,0.0,0.53,0.0,0.0,,0
23,0.2777777777777778,0.6388888888888888,0.0,0.54,0.0,0.0,,0
23,0.2777777777777778,0.6388888888888888,0.0,0.55,0.0,0.0,,0
23,0.2777777777777778,0.6388888888888888,0.0,0.56,0.0,0.0,,0
23,0.2777777777777778,0.6388888888888888,0.0,0.57,0.0,0.0,,0
23,0.2777777777777778,0.6388888888888888,0.0,0.58,0.0,0.0,,0
23,0.2777777777777778,0.6388888888888888,0.0,0.59,0.0,0.0,,0
23,0.2777777777777778,0.6388888888888888,0.0,0.6,0.0,0.0,,0
23,0.2777777777777778,0.6388888888888888,0.0,0.61,0.0,0.0,,0
23,0.2777777777777778,0.6388888888888888,0.0,0.62,0.0,0.0,,0
23,0.2777777777777778,0.6388888888888888,0.0,0.63,0.0,0.0,,0
23,0.2777777777777778,0.6388888888888888,0.0,0.64,0.0,0.0,,0
23,0.2777777777777778,0.6388888888888888,0.0,0.65,0.0,0.0,,0
23,0.2777777777777778,0.6388888888888888,0.0,0.66,0.0,0.0,,0
23,0.2777777777777778,0.6388888888888888,0.0,0.67,0.0,0.0,,0
23,0.2777777777777778,0.6388888888888888,0.0,0.68,0.0,0.0,,0
23,0.2777777777777778,0.6388888888888888,0.0,0.69,0.0,0.0,,0
23,0.2777777777777778,0.6388888888888888,0.0,0.7,0.0,0.0,,0
23,0.2777777777777778,0.6388888888888888,0.0,0.71,0.0,0.0,,0
23,0.2777777777777778,0.6388888888888888,0.0,0.72,0.0,0.0,,0
23,0.2777777777777778,0.6388888888888888,0.0,0.73,0.0,0.0,,0
23,0.2777777777777778,0.6388888888888888,0.0,0.74,0.0,0.0,,0
23,0.2777777777777778,0.6388888888888888,0.0,0.75,0.0,0.0,,0
23,0.2777777777777778,0.6388888888888888,0.0,0.76,0.0,0.0,,0
23,0.2777777777777778,0.6388888888888888,0.0,0.77,0.0,0.0,,0
23,0.2777777777777778,0.6388888888888888,0.0,0.78,0.0,0.0,,0
23,0.2777777777777778,0.6388888888888888,0.0,0.79,0.0,0.0,,0
23,0.2777777777777778,0.6388888888888888,0.0,0.8,0.0,0.0,,0
23,0.2777777777777778,0.6388888888888888,0.0,0.81,0.0,0.0,,0
23,0.2777777777777778,0.6388888888888888,0.0,0.82,0.0,0.0,,0
23,0.2777777777777778,0.6388888888888888,0.0,0.83,0.0,0.0,,0
23,0.2777777777777778,0.6388888888888888,0.0,0.84,0.0,0.0,,0
23,0.2777777777777778,0.6388888888888888,0.0,0.85,0.0,0.0,,0
23,0.2777777777777778,0.6388888888888888,0.0,0.86,0.0,0.0,,0
23,0.2777777777777778,0.6388888888888888,0.0,0.87,0.0,0.0,,0
23,0.2777777777777778,0.6388888888888888,0.0,0.88,0.0,0.0,,0
23,0.2777777777777778,0.6388888888888888,0.0,0.89,0.0,0.0,,0
23,0.2777777777777778,0.6388888888888888,0.0,0.9,0.0,0.0,,0
23,0.2777777777777778,0.6388888888888888,0.0,0.91,0.0,0.0,,0
23,0.2777777777777778,0.6388888888888888,0.0,0.92,0.0,0.0,,0
23,0.2777777777777778,0.6388888888888888,0.0,0.93,0.0,0.0,,0
23,0.2777777777777778,0.6388888888888888,0.0,0.94,0.0,0.0,,0
23,0.2777777777777778,0.6388888888888888,0.0,0.95,0.0,0.0,,0
23,0.2777777777777778,0.6388888888888888,0.0,0.96,0.0,0.0,,0
23,0.2777777777777778,0.6388888888888888,0.0,0.97,0.0,0.0,,0
23,0.2777777777777778,0.6388888888888888,0.0,0.98,0.0,0.0,,0
23,0.2777777777777778,0.6388888888888888,0.0,0.99,0.0,0.0,,0
23,0.2777777777777778,0.6388888888888888,0.0,1.0,0.0,0.0,,0
23,0.2777777777777778,0.6388888888888888,0.0,1.01,0.0,0.0,,0
23,0.2777777777777778,0.6388888888888888,0.0,1.02,0.0,0.0,,0
23,0.2777777777777778,0.6388888888888888,0.0,1.03,0.0,0.0,,0
23,0.2777777777777778,0.6388888888888888,0.0,1.04,0.0,0.0,,0
23,0.2777777777777778,0.6388888888888888,0.0,1.05,0.0,0.0,,0
23,0.2777777777777778,0.6388888888888888,0.0,1.06,0.0,0.0,,0
23,0.2777777777777778,0.6388888888888888,0.0,1.07,0.0,0.0,,0
23,0.2777777777777778,0.6388888888888888,0.0,1.08,0.0,0.0,,0
23,0.2777777777777778,0.6388888888888888,0.0,1.09,0.0,0.0,,0
23,0.2777777777777778,0.6388888888888888,0.0,1.1,0.0,0.0,,0
23,0.2777777777777778,0.6388888888888888,0.0,1.11,0.0,0.0,,0
23,0.2777777777777778,0.6388888888888888,0.0,1.12,0.0,0.0,,0
23,0.2777777777777778,0.6388888888888888,0.0,1.13,0.0,0.0,,0
23,0.2777777777777778,0.6388888888888888,0.0,1.14,0.0,0.0,,0
23,0.2777777777777778,0.6388888888888888,0.0,1.15,0.0,0.0,,0
23,0.2777777777777778,0.6388888888888888,0.0,1.16,0.0,0.0,,0
23,0.2777777777777778,0.6388888888888888,0.0,1.17,0.0,0.0,,0
23,0.2777777777777778,0.6388888888888888,0.0,1.18,0.0,0.0,,0
23,0.2777777777777778,0.6388888888888888,0.0,1.19,0.0,0.0,,0
23,0.2777777777777778,0.6388888888888888,0.0,1.2,0.0,0.0,,0
23,0.2777777777777778,0.6388888888888888,0.0,1.21,0.0,0.0,,0
23,0.2777777777777778,0.6388888888888888,0.0,1.22,0.0,0.0,,0
23,0.2777777777777778,0.6388888888888888,0.0,1.23,0.0,0.0,,0
23,0.2777777777777778,0.6388888888888888,0.0,1.24,0.0,0.0,,0
23,0.2777777777777778,0.6388888888888888,0.0,1.25,0.0,0.0,,0
23,0.2777777777777778,0.6388888888888888,0.0,1.26,0.0,0.0,,0
23,0.2777777777777778,0.6388888888888888,0.0,1.27,0.0,0.0,,0
23,0.2777777777777778,0.6388888888888888,0.0,1.28,0.0,0.0,,0
23,0.2777777777777778,0.6388888888888888,0.0,1.29,0.0,0.0,,0
23,0.2777777777777778,0.6388888888888888,0.0,1.3,0.0,0.0,,0
23,0.2777777777777778,0.6388888888888888,0.0,1.31,0.0,0.0,,0
23,0.2777777777777778,0.6388888888888888,0.0,1.32,0.0,0.0,,0
23,0.2777777777777778,0.6388888888888888,0.0,1.33,0.0,0.0,,0
23,0.2777777777777778,0.6388888888888888,0.0,1.34,0.0,0.0,,0
23,0.2777777777777778,0.6388888888888888,0.0,1.35,0.0,0.0,,0
23,0.2777777777777778,0.6388888888888888,0.0,1.36,0.0,0.0,,0
23,0.2777777777777778,0.6388888888888888,0.0,1.37,0.0,0.0,,0
23,0.2777777777777778,0.6388888888888888,0.0,1.38,0.0,0.0,,0
23,0.2777777777777778,0.6388888888888888,0.0,1.39,0.0,0.0,,0
23,0.2777777777777778,0.6388888888888888,0.0,1.4,0.0,0.0,,0
23,0.2777777777777778,0.6388888888888888,0.0,1.41,0.0,0.0,,0
23,0.2777777777777778,0.6388888888888888,0.0,1.42,0.0,0.0,,0
23,0.2777777777777778,0.6388888888888888,0.0,1.43,0.0,0.0,,0
23,0.2777777777777778,0.6388888888888888,0.0,1.44,0.0,0.0,,0
23,0.2777777777777778,0.6388888888888888,0.0,1.45,0.0,0.0,,0
23,0.2777777777777778,0.6388888888888888,0.0,1.46,0.0,0.0,,0
23,0.2777777777777778,0.6388888888888888,0.0,1.47,0.0,0.0,,0
23,0.2777777777777778,0.6388888888888888,0.0,1.48,0.0,0.0,,0
23,0.2777777777777778,0.6388888888888888,0.0,1.49,0.0,0.0,,0
23,0.2777777777777778,0.6388888888888888,0.0,1.5,0.0,0.0,,0
23,0.2777777777777778,0.6388888888888888,0.0,1.51,0.0,0.0,,0
23,0.2777777777777778,0.6388888888888888,0.0,1.52,0.0,0.0,,0
23,0.2777777777777778,0.6388888888888888,0.0,1.53,0.0,0.0,,0
23,0.2777777777777778,0.6388888888888888,0.0,1.54,0.0,0.0,,0
23,0.2777777777777778,0.6388888888888888,0.0,1.55,0.0,0.0,,0
23,0.2777777777777778,0.6388888888888888,0.0,1.56,0.0,0.0,,0
23,0.2777777777777778,0.6388888888888888,0.0,1.57,0.0,0.0,,0
23,0.2777777777777778,0.6388888888888888,0.0,1.58,0.0,0.0,,0
23,0.2777777777777778,0.6388888888888888,0.0,1.59,0.0,0.0,,0
23,0.2777777777777778,0.6388888888888888,0.0,1.6,0.0,0.0,,0
23,0.2777777777777778,0.6388888888888888,0.0,1.61,0.0,0.0,,0
23,0.2777777777777778,0.6388888888888888,0.0,1.62,0.0,0.0,,0
23,0.2777777777777778,0.6388888888888888,0.0,1.63,0.0001,0.0001,0.0,1
23,0.2777777777777778,0.6388888888888888,0.0,1.64,0.0001,0.0001,0.0,1
23,0.2777777777777778,0.6388888888888888,0.0,1.65,0.0002,0.0002,0.0,1
23,0.2777777777777778,0.6388888888888888,0.0,1.66,0.0003,0.0003,0.0,1
23,0.2777777777777778,0.6388888888888888,0.0,1.67,0.0006,0.0006,0.0,1
23,0.2777777777777778,0.6388888888888888,0.0,1.68,0.001,0.001,0.0,1
23,0.2777777777777778,0.6388888888888888,0.0,1.69,0.0017,0.0017,0.0,1
23,0.2777777777777778,0.6388888888888888,0.0,1.7,0.0026,0.0026,0.0,1
23,0.2777777777777778,0.6388888888888888,0.0,1.71,0.0039,0.0039,0.0,1
23,0.2777777777777778,0.6388888888888888,0.0,1.72,0.0056,0.0056,0.0,1
23,0.2777777777777778,0.6388888888888888,0.0,1.73,0.0078,0.0078,0.0,1
23,0.2777777777777778,0.6388888888888888,0.0,1.74,0.0105,0.0105,0.0,1
23,0.2777777777777778,0.6388888888888888,0.0,1.75,0.0136,0.0136,0.0,1
23,0.2777777777777778,0.6388888888888888,0.0,1.76,0.0168,0.0168,0.0,1
23,0.2777777777777778,0.6388888888888888,0.0,1.77,0.0201,0.0201,0.0,1
23,0.2777777777777778,0.6388888888888888,0.0,1.78,0.0232,0.0232,0.0,1
23,0.2777777777777778,0.6388888888888888,0.0,1.79,0.0257,0.0257,0.0,1
23,0.2777777777777778,0.6388888888888888,0.0,1.8,0.0275,0.0275,0.0,1
23,0.2777777777777778,0.6388888888888888,0.0,1.81,0.0283,0.0283,0.0,1
23,0.2777777777777778,0.6388888888888888,0.0,1.82,0.028,0.028,0.0,1
23,0.2777777777777778,0.6388888888888888,0.0,1.83,0.0269,0.0269,0.0,1
23,0.2777777777777778,0.6388888888888888,0.0,1.84,0.025,0.025,0.0,1
23,0.2777777777777778,0.6388888888888888,0.0,1.85,0.0226,0.0226,0.0,1
23,0.2777777777777778,0.6388888888888888,0.0,1.86,0.0201,0.0201,0.0,1
23,0.2777777777777778,0.6388888888888888,0.0,1.87,0.0178,0.0178,0.0,1
23,0.2777777777777778,0.6388888888888888,0.0,1.88,0.016,0.016,0.0,1
23,0.2777777777777778,0.6388888888888888,0.0,1.89,0.0149,0.0149,0.0,1
23,0.2777777777777778,0.6388888888888888,0.0,1.9,0.0147,0.0147,0.0,1
23,0.2777777777777778,0.6388888888888888,0.0,1.91,0.0153,0.0153,0.0,1
23,0.2777777777777778,0.6388888888888888,0.0,1.92,0.0166,0.0166,0.0,1
23,0.2777777777777778,0.6388888888888888,0.0,1.93,0.0183,0.0183,0.0,1
23,0.2777777777777778,0.6388888888888888,0.0,1.94,0.0201,0.0201,0.0,1
23,0.2777777777777778,0.6388888888888888,0.0,1.95,0.0218,0.0218,0.0,1
23,0.2777777777777778,0.6388888888888888,0.0,1.96,0.023,0.023,0.0,1
23,0.2777777777777778,0.6388888888888888,0.0,1.97,0.0235,0.0235,0.0,1
23,0.2777777777777778,0.6388888888888888,0.0,1.98,0.0233,0.0233,0.0,1
23,0.2777777777777778,0.6388888888888888,0.0,1.99,0.0222,0.0222,0.0,1
23,0.2777777777777778,0.6388888888888888,0.0,2.0,0.0204,0.0204,0.0,1
23,0.2777777777777778,0.6388888888888888,0.0,2.01,0.0181,0.0181,0.0,1
23,0.2777777777777778,0.6388888888888888,0.0,2.02,0.0154,0.0154,0.0,1
23,0.2777777777777778,0.6388888888888888,0.0,2.03,0.0127,0.0127,0.0,1
23,0.2777777777777778,0.6388888888888888,0.0,2.04,0.01,0.01,0.0,1
23,0.2777777777777778,0.6388888888888888,0.0,2.05,0.0076,0.0076,0.0,1
23,0.2777777777777778,0.6388888888888888,0.0,2.06,0.0056,0.0056,0.0,1
23,0.2777777777777778,0.6388888888888888,0.0,2.07,0.0039,0.0039,0.0,1
23,0.2777777777777778,0.6388888888888888,0.0,2.08,0.0027,0.0027,0.0,1
23,0.2777777777777778,0.6388888888888888,0.0,2.09,0.0017,0.0017,0.0,1
23,0.2777777777777778,0.6388888888888888,0.0,2.1,0.0011,0.0011,0.0,1
23,0.2777777777777778,0.6388888888888888,0.0,2.11,0.0007,0.0007,0.0,1
23,0.2777777777777778,0.6388888888888888,0.0,2.12,0.0004,0.0004,0.0,1
23,0.2777777777777778,0.6388888888888888,0.0,2.13,0.0002,0.0002,0.0,1
23,0.2777777777777778,0.6388888888888888,0.0,2.14,0.0001,0.0001,0.0,1
23,0.2777777777777778,0.6388888888888888,0.0,2.15,0.0001,0.0001,0.0,1
23,0.2777777777777778,0.6388888888888888,0.0,2.16,0.0,0.0,,0
23,0.2777777777777778,0.6388888888888888,0.0,2.17,0.0,0.0,,0
23,0.2777777777777778,0.6388888888888888,0.0,2.18,0.0,0.0,,0
23,0.2777777777777778,0.6388888888888888,0.0,2.19,0.0,0.0,,0
23,0.2777777777777778,0.6388888888888888,0.0,2.2,0.0,0.0,,0
23,0.2777777777777778,0.6388888888888888,0.0,2.21,0.0,0.0,,0
23,0.2777777777777778,0.6388888888888888,0.0,2.22,0.0,0.0,,0
23,0.2777777777777778,0.6388888888888888,0.0,2.23,0.0,0.0,,0
23,0.2777777777777778,0.6388888888888888,0.0,2.24,0.0,0.0,,0
23,0.2777777777777778,0.6388888888888888,0.0,2.25,0.0,0.0,,0
23,0.2777777777777778,0.6388888888888888,0.0,2.26,0.0,0.0,,0
23,0.2777777777777778,0.6388888888888888,0.0,2.27,0.0,0.0,,0
23,0.2777777777777778,0.6388888888888888,0.0,2.28,0.0,0.0,,0
23,0.2777777777777778,0.6388888888888888,0.0,2.29,0.0,0.0,,0
23,0.2777777777777778,0.6388888888888888,0.0,2.3,0.0,0.0,,0
23,0.2777777777777778,0.6388888888888888,0.0,2.31,0.0,0.0,,0
23,0.2777777777777778,0.6388888888888888,0.0,2.32,0.0,0.0,,0
23,0.2777777777777778,0.6388888888888888,0.0,2.33,0.0,0.0,,0
23,0.2777777777777778,0.6388888888888888,0.0,2.34,0.0,0.0,,0
23,0.2777777777777778,0.6388888888888888,0.0,2.35,0.0,0.0,,0
23,0.2777777777777778,0.6388888888888888,0.0,2.36,0.0,0.0,,0
23,0.2777777777777778,0.6388888888888888,0.0,2.37,0.0,0.0,,0
23,0.2777777777777778,0.6388888888888888,0.0,2.38,0.0,0.0,,0
23,0.2777777777777778,0.6388888888888888,0.0,2.39,0.0,0.0,,0
23,0.2777777777777778,0.6388888888888888,0.0,2.4,0.0,0.0,,0
23,0.2777777777777778,0.6388888888888888,0.0,2.41,0.0,0.0,,0
23,0.2777777777777778,0.6388888888888888,0.0,2.42,0.0,0.0,,0
23,0.2777777777777778,0.6388888888888888,0.0,2.43,0.0,0.0,,0
23,0.2777777777777778,0.6388888888888888,0.0,2.44,0.0,0.0,,0
23,0.2777777777777778,0.6388888888888888,0.0,2.45,0.0,0.0,,0
23,0.2777777777777778,0.6388888888888888,0.0,2.46,0.0,0.0,,0
23,0.2777777777777778,0.6388888888888888,0.0,2.47,0.0,0.0,,0
23,0.2777777777777778,0.6388888888888888,0.0,2.48,0.0,0.0,,0
23,0.2777777777777778,0.6388888888888888,0.0,2.49,0.0,0.0,,0
23,0.2777777777777778,0.6388888888888888,0.0,2.5,0.0,0.0,,0
23,0.2777777777777778,0.6388888888888888,0.0,2.51,0.0,0.0,,0
23,0.2777777777777778,0.6388888888888888,0.0,2.52,0.0,0.0,,0
23,0.2777777777777778,0.6388888888888888,0.0,2.53,0.0,0.0,,0
23,0.2777777777777778,0.6388888888888888,0.0,2.54,0.0,0.0,,0
23,0.2777777777777778,0.6388888888888888,0.0,2.55,0.0,0.0,,0
23,0.2777777777777778,0.6388888888888888,0.0,2.56,0.0,0.0,,0
23,0.2777777777777778,0.6388888888888888,0.0,2.57,0.0,0.0,,0
23,0.2777777777777778,0.6388888888888888,0.0,2.58,0.0,0.0,,0
23,0.2777777777777778,0.6388888888888888,0.0,2.59,0.0,0.0,,0
23,0.2777777777777778,0.6388888888888888,0.0,2.6,0.0,0.0,,0
23,0.2777777777777778,0.6388888888888888,0.0,2.61,0.0,0.0,,0
23,0.2777777777777778,0.6388888888888888,0.0,2.62,0.0,0.0,,0
23,0.2777777777777778,0.6388888888888888,0.0,2.63,0.0,0.0,,0
23,0.2777777777777778,0.6388888888888888,0.0,2.64,0.0,0.0,,0
23,0.2777777777777778,0.6388888888888888,0.0,2.65,0.0,0.0,,0
23,0.2777777777777778,0.6388888888888888,0.0,2.66,0.0,0.0,,0
23,0.2777777777777778,0.6388888888888888,0.0,2.67,0.0,0.0,,0
23,0.2777777777777778,0.6388888888888888,0.0,2.68,0.0,0.0,,0
23,0.2777777777777778,0.6388888888888888,0.0,2.69,0.0,0.0,,0
23,0.2777777777777778,0.6388888888888888,0.0,2.7,0.0,0.0,,0
23,0.2777777777777778,0.6388888888888888,0.0,2.71,0.0,0.0,,0
23,0.2777777777777778,0.6388888888888888,0.0,2.72,0.0,0.0,,0
23,0.2777777777777778,0.6388888888888888,0.0,2.73,0.0,0.0,,0
23,0.2777777777777778,0.6388888888888888,0.0,2.74,0.0,0.0,,0
23,0.2777777777777778,0.6388888888888888,0.0,2.75,0.0,0.0,,0
23,0.2777777777777778,0.6388888888888888,0.0,2.76,0.0,0.0,,0
23,0.2777777777777778,0.6388888888888888,0.0,2.77,0.0,0.0,,0
23,0.2777777777777778,0.6388888888888888,0.0,2.78,0.0,0.0,,0
23,0.2777777777777778,0.6388888888888888,0.0,2.79,0.0,0.0,,0
23,0.2777777777777778,0.6388888888888888,0.0,2.8,0.0,0.0,,0
23,0.2777777777777778,0.6388888888888888,0.0,2.81,0.0,0.0,,0
23,0.2777777777777778,0.6388888888888888,0.0,2.82,0.0,0.0,,0
23,0.2777777777777778,0.6388888888888888,0.0,2.83,0.0,0.0,,0
23,0.2777777777777778,0.6388888888888888,0.0,2.84,0.0,0.0,,0
23,0.2777777777777778,0.6388888888888888,0.0,2.85,0.0,0.0,,0
23,0.2777777777777778,0.6388888888888888,0.0,2.86,0.0,0.0,,0
23,0.2777777777777778,0.6388888888888888,0.0,2.87,0.0,0.0,,0
23,0.2777777777777778,0.6388888888888888,0.0,2.88,0.0,0.0,,0
23,0.2777777777777778,0.6388888888888888,0.0,2.89,0.0,0.0,,0
23,0.2777777777777778,0.6388888888888888,0.0,2.9,0.0,0.0,,0
23,0.2777777777777778,0.6388888888888888,0.0,2.91,0.0,0.0,,0
23,0.2777777777777778,0.6388888888888888,0.0,2.92,0.0,0.0,,0
23,0.2777777777777778,0.6388888888888888,0.0,2.93,0.0,0.0,,0
23,0.2777777777777778,0.6388888888888888,0.0,2.94,0.0,0.0,,0
23,0.2777777777777778,0.6388888888888888,0.0,2.95,0.0,0.0,,0
23,0.2777777777777778,0.6388888888888888,0.0,2.96,0.0,0.0,,0
23,0.2777777777777778,0.6388888888888888,0.0,2.97,0.0,0.0,,0
23,0.2777777777777778,0.6388888888888888,0.0,2.98,0.0,0.0,,0
23,0.2777777777777778,0.6388888888888888,0.0,2.99,0.0,0.0,,0
23,0.2777777777777778,0.6388888888888888,0.0,3.0,0.0,0.0,,0
23,0.2777777777777778,0.6388888888888888,0.0,3.01,0.0,0.0,,0
23,0.2777777777777778,0.6388888888888888,0.0,3.02,0.0,0.0,,0
23,0.2777777777777778,0.6388888888888888,0.0,3.03,0.0,0.0,,0
23,0.2777777777777778,0.6388888888888888,0.0,3.04,0.0,0.0,,0
23,0.2777777777777778,0.6388888888888888,0.0,3.05,0.0,0.0,,0
23,0.2777777777777778,0.6388888888888888,0.0,3.06,0.0,0.0,,0
23,0.2777777777777778,0.6388888888888888,0.0,3.07,0.0,0.0,,0
23,0.2777777777777778,0.6388888888888888,0.0,3.08,0.0,0.0,,0
23,0.2777777777777778,0.6388888888888888,0.0,3.09,0.0,0.0,,0
23,0.2777777777777778,0.6388888888888888,0.0,3.1,0.0,0.0,,0
23,0.2777777777777778,0.6388888888888888,0.0,3.11,0.0,0.0,,0
23,0.2777777777777778,0.6388888888888888,0.0,3.12,0.0,0.0,,0
23,0.2777777777777778,0.6388888888888888,0.0,3.13,0.0,0.0,,0
23,0.2777777777777778,0.6388888888888888,0.0,3.14,0.0,0.0,,0
23,0.2777777777777778,0.6388888888888888,0.0,3.15,0.0,0.0,,0
23,0.2777777777777778,0.6388888888888888,0.0,3.16,0.0,0.0,,0
23,0.2777777777777778,0.6388888888888888,0.0,3.17,0.0,0.0,,0
23,0.2777777777777778,0.6388888888888888,0.0,3.18,0.0,0.0,,0
23,0.2777777777777778,0.6388888888888888,0.0,3.19,0.0,0.0,,0
23,0.2777777777777778,0.6388888888888888,0.0,3.2,0.0,0.0,,0
23,0.2777777777777778,0.6388888888888888,0.0,3.21,0.0,0.0,,0
23,0.2777777777777778,0.6388888888888888,0.0,3.22,0.0,0.0,,0
23,0.2777777777777778,0.6388888888888888,0.0,3.23,0.0,0.0,,0
23,0.2777777777777778,0.6388888888888888,0.0,3.24,0.0,0.0,,0
23,0.2777777777777778,0.6388888888888888,0.0,3.25,0.0,0.0,,0
23,0.2777777777777778,0.6388888888888888,0.0,3.26,0.0,0.0,,0
23,0.2777777777777778,0.6388888888888888,0.0,3.27,0.0,0.0,,0
23,0.2777777777777778,0.6388888888888888,0.0,3.28,0.0,0.0,,0
23,0.2777777777777778,0.6388888888888888,0.0,3.29,0.0,0.0,,0
23,0.2777777777777778,0.6388888888888888,0.0,3.3,0.0,0.0,,0
23,0.2777777777777778,0.6388888888888888,0.0,3.31,0.0,0.0,,0
23,0.2777777777777778,0.6388888888888888,0.0,3.32,0.0,0.0,,0
23,0.2777777777777778,0.6388888888888888,0.0,3.33,0.0,0.0,,0
23,0.2777777777777778,0.6388888888888888,0.0,3.34,0.0,0.0,,0
23,0.2777777777777778,0.6388888888888888,0.0,3.35,0.0,0.0,,0
23,0.2777777777777778,0.6388888888888888,0.0,3.36,0.0,0.0,,0
23,0.2777777777777778,0.6388888888888888,0.0,3.37,0.0,0.0,,0
23,0.2777777777777778,0.6388888888888888,0.0,3.38,0.0,0.0,,0
23,0.2777777777777778,0.6388888888888888,0.0,3.39,0.0,0.0,,0
23,0.2777777777777778,0.6388888888888888,0.0,3.4,0.0,0.0,,0
23,0.2777777777777778,0.6388888888888888,0.0,3.41,0.0,0.0,,0
23,0.2777777777777778,0.6388888888888888,0.0,3.42,0.0,0.0,,0
23,0.2777777777777778,0.6388888888888888,0.0,3.43,0.0,0.0,,0
23,0.2777777777777778,0.6388888888888888,0.0,3.44,0.0,0.0,,0
23,0.2777777777777778,0.6388888888888888,0.0,3.45,0.0,0.0,,0
23,0.2777777777777778,0.6388888888888888,0.0,3.46,0.0,0.0,,0
23,0.2777777777777778,0.6388888888888888,0.0,3.47,0.0,0.0,,0
23,0.2777777777777778,0.6388888888888888,0.0,3.48,0.0,0.0,,0
23,0.2777777777777778,0.6388888888888888,0.0,3.49,0.0,0.0,,0
23,0.2777777777777778,0.6388888888888888,0.0,3.5,0.0,0.0,,0
23,0.2777777777777778,0.6388888888888888,0.0,3.51,0.0,0.0,,0
23,0.2777777777777778,0.6388888888888888,0.0,3.52,0.0,0.0,,0
23,0.2777777777777778,0.6388888888888888,0.0,3.53,0.0,0.0,,0
23,0.2777777777777778,0.6388888888888888,0.0,3.54,0.0,0.0,,0
23,0.2777777777777778,0.6388888888888888,0.0,3.55,0.0,0.0,,0
23,0.2777777777777778,0.6388888888888888,0.0,3.56,0.0,0.0,,0
23,0.2777777777777778,0.6388888888888888,0.0,3.57,0.0,0.0,,0
23,0.2777777777777778,0.6388888888888888,0.0,3.58,0.0,0.0,,0
23,0.2777777777777778,0.6388888888888888,0.0,3.59,0.0,0.0,,0
23,0.2777777777777778,0.6388888888888888,0.0,3.6,0.0,0.0,,0
23,0.2777777777777778,0.6388888888888888,0.0,3.61,0.0,0.0,,0
23,0.2777777777777778,0.6388888888888888,0.0,3.62,0.0,0.0,,0
23,0.2777777777777778,0.6388888888888888,0.0,3.63,0.0,0.0,,0
23,0.2777777777777778,0.6388888888888888,0.0,3.64,0.0,0.0,,0
23,0.2777777777777778,0.6388888888888888,0.0,3.65,0.0,0.0,,0
23,0.2777777777777778,0.6388888888888888,0.0,3.66,0.0,0.0,,0
23,0.2777777777777778,0.6388888888888888,0.0,3.67,0.0,0.0,,0
23,0.2777777777777778,0.6388888888888888,0.0,3.68,0.0,0.0,,0
23,0.2777777777777778,0.6388888888888888,0.0,3.69,0.0,0.0,,0
23,0.2777777777777778,0.6388888888888888,0.0,3.7,0.0,0.0,,0
23,0.2777777777777778,0.6388888888888888,0.0,3.71,0.0,0.0,,0
23,0.2777777777777778,0.6388888888888888,0.0,3.72,0.0,0.0,,0
23,0.2777777777777778,0.6388888888888888,0.0,3.73,0.0,0.0,,0
23,0.2777777777777778,0.6388888888888888,0.0,3.74,0.0,0.0,,0
23,0.2777777777777778,0.6388888888888888,0.0,3.75,0.0,0.0,,0
23,0.2777777777777778,0.6388888888888888,0.0,3.76,0.0,0.0,,0
23,0.2777777777777778,0.6388888888888888,0.0,3.77,0.0,0.0,,0
23,0.2777777777777778,0.6388888888888888,0.0,3.78,0.0,0.0,,0
23,0.2777777777777778,0.6388888888888888,0.0,3.79,0.0,0.0,,0
23,0.2777777777777778,0.6388888888888888,0.0,3.8,0.0,0.0,,0
23,0.2777777777777778,0.6388888888888888,0.0,3.81,0.0,0.0,,0
23,0.2777777777777778,0.6388888888888888,0.0,3.82,0.0,0.0,,0
23,0.2777777777777778,0.6388888888888888,0.0,3.83,0.0,0.0,,0
23,0.2777777777777778,0.6388888888888888,0.0,3.84,0.0,0.0,,0
23,0.2777777777777778,0.6388888888888888,0.0,3.85,0.0,0.0,,0
23,0.2777777777777778,0.6388888888888888,0.0,3.86,0.0,0.0,,0
23,0.2777777777777778,0.6388888888888888,0.0,3.87,0.0,0.0,,0
23,0.2777777777777778,0.6388888888888888,0.0,3.88,0.0,0.0,,0
23,0.2777777777777778,0.6388888888888888,0.0,3.89,0.0,0.0,,0
23,0.2777777777777778,0.6388888888888888,0.0,3.9,0.0,0.0,,0
23,0.2777777777777778,0.6388888888888888,0.0,3.91,0.0,0.0,,0
23,0.2777777777777778,0.6388888888888888,0.0,3.92,0.0,0.0,,0
23,0.2777777777777778,0.6388888888888888,0.0,3.93,0.0,0.0,,0
23,0.2777777777777778,0.6388888888888888,0.0,3.94,0.0,0.0,,0
23,0.2777777777777778,0.6388888888888888,0.0,3.95,0.0,0.0,,0
23,0.2777777777777778,0.6388888888888888,0.0,3.96,0.0,0.0,,0
23,0.2777777777777778,0.6388888888888888,0.0,3.97,0.0,0.0,,0
23,0.2777777777777778,0.6388888888888888,0.0,3.98,0.0,0.0,,0
23,0.2777777777777778,0.6388888888888888,0.0,3.99,0.0,0.0,,0
23,0.2777777777777778,0.6388888888888888,0.0,4.0,0.0,0.0,,0
24,0.3055555555555555,0.6527777777777777,0.0,0.5,0.0,0.0,,0
24,0.3055555555555555,0.6527777777777777,0.0,0.51,0.0,0.0,,0
24,0.3055555555555555,0.6527777777777777,0.0,0.52,0.0,0.0,,0
24,0.3055555555555555,0.6527777777777777,0.0,0.53,0.0,0.0,,0
24,0.3055555555555555,0.6527777777777777,0.0,0.54,0.0,0.0,,0
24,0.3055555555555555,0.6527777777777777,0.0,0.55,0.0,0.0,,0
24,0.3055555555555555,0.6527777777777777,0.0,0.56,0.0,0.0,,0
24,0.3055555555555555,0.6527777777777777,0.0,0.57,0.0,0.0,,0
24,0.3055555555555555,0.6527777777777777,0.0,0.58,0.0,0.0,,0
24,0.3055555555555555,0.6527777777777777,0.0,0.59,0.0,0.0,,0
24,0.3055555555555555,0.6527777777777777,0.0,0.6,0.0,0.0,,0
24,0.3055555555555555,0.6527777777777777,0.0,0.61,0.0,0.0,,0
24,0.3055555555555555,0.6527777777777777,0.0,0.62,0.0,0.0,,0
24,0.3055555555555555,0.6527777777777777,0.0,0.63,0.0,0.0,,0
24,0.3055555555555555,0.6527777777777777,0.0,0.64,0.0,0.0,,0
24,0.3055555555555555,0.6527777777777777,0.0,0.65,0.0,0.0,,0
24,0.3055555555555555,0.6527777777777777,0.0,0.66,0.0,0.0,,0
24,0.3055555555555555,0.6527777777777777,0.0,0.67,0.0,0.0,,0
24,0.3055555555555555,0.6527777777777777,0.0,0.68,0.0,0.0,,0
24,0.3055555555555555,0.6527777777777777,0.0,0.69,0.0,0.0,,0
24,0.3055555555555555,0.6527777777777777,0.0,0.7,0.0,0.0,,0
24,0.3055555555555555,0.6527777777777777,0.0,0.71,0.0,0.0,,0
24,0.3055555555555555,0.6527777777777777,0.0,0.72,0.0,0.0,,0
24,0.3055555555555555,0.6527777777777777,0.0,0.73,0.0,0.0,,0
24,0.3055555555555555,0.6527777777777777,0.0,0.74,0.0,0.0,,0
24,0.3055555555555555,0.6527777777777777,0.0,0.75,0.0,0.0,,0
24,0.3055555555555555,0.6527777777777777,0.0,0.76,0.0,0.0,,0
24,0.3055555555555555,0.6527777777777777,0.0,0.77,0.0,0.0,,0
24,0.3055555555555555,0.6527777777777777,0.0,0.78,0.0,0.0,,0
24,0.3055555555555555,0.6527777777777777,0.0,0.79,0.0,0.0,,0
24,0.3055555555555555,0.6527777777777777,0.0,0.8,0.0,0.0,,0
24,0.3055555555555555,0.6527777777777777,0.0,0.81,0.0,0.0,,0
24,0.3055555555555555,0.6527777777777777,0.0,0.82,0.0,0.0,,0
24,0.3055555555555555,0.6527777777777777,0.0,0.83,0.0,0.0,,0
24,0.3055555555555555,0.6527777777777777,0.0,0.84,0.0,0.0,,0
24,0.3055555555555555,0.6527777777777777,0.0,0.85,0.0,0.0,,0
24,0.3055555555555555,0.6527777777777777,0.0,0.86,0.0,0.0,,0
24,0.3055555555555555,0.6527777777777777,0.0,0.87,0.0,0.0,,0
24,0.3055555555555555,0.6527777777777777,0.0,0.88,0.0,0.0,,0
24,0.3055555555555555,0.6527777777777777,0.0,0.89,0.0,0.0,,0
24,0.3055555555555555,0.6527777777777777,0.0,0.9,0.0,0.0,,0
24,0.3055555555555555,0.6527777777777777,0.0,0.91,0.0,0.0,,0
24,0.3055555555555555,0.6527777777777777,0.0,0.92,0.0,0.0,,0
24,0.3055555555555555,0.6527777777777777,0.0,0.93,0.0,0.0,,0
24,0.3055555555555555,0.6527777777777777,0.0,0.94,0.0,0.0,,0
24,0.3055555555555555,0.6527777777777777,0.0,0.95,0.0,0.0,,0
24,0.3055555555555555,0.6527777777777777,0.0,0.96,0.0,0.0,,0
24,0.3055555555555555,0.6527777777777777,0.0,0.97,0.0,0.0,,0
24,0.3055555555555555,0.6527777777777777,0.0,0.98,0.0,0.0,,0
24,0.3055555555555555,0.6527777777777777,0.0,0.99,0.0,0.0,,0
24,0.3055555555555555,0.6527777777777777,0.0,1.0,0.0,0.0,,0
24,0.3055555555555555,0.6527777777777777,0.0,1.01,0.0,0.0,,0
24,0.3055555555555555,0.6527777777777777,0.0,1.02,0.0,0.0,,0
24,0.3055555555555555,0.6527777777777777,0.0,1.03,0.0,0.0,,0
24,0.3055555555555555,0.6527777777777777,0.0,1.04,0.0,0.0,,0
24,0.3055555555555555,0.6527777777777777,0.0,1.05,0.0,0.0,,0
24,0.3055555555555555,0.6527777777777777,0.0,1.06,0.0,0.0,,0
24,0.3055555555555555,0.6527777777777777,0.0,1.07,0.0,0.0,,0
24,0.3055555555555555,0.6527777777777777,0.0,1.08,0.0,0.0,,0
24,0.3055555555555555,0.6527777777777777,0.0,1.09,0.0,0.0,,0
24,0.3055555555555555,0.6527777777777777,0.0,1.1,0.0,0.0,,0
24,0.3055555555555555,0.6527777777777777,0.0,1.11,0.0,0.0,,0
24,0.3055555555555555,0.6527777777777777,0.0,1.12,0.0,0.0,,0
24,0.3055555555555555,0.6527777777777777,0.0,1.13,0.0,0.0,,0
24,0.3055555555555555,0.6527777777777777,0.0,1.14,0.0,0.0,,0
24,0.3055555555555555,0.6527777777777777,0.0,1.15,0.0,0.0,,0
24,0.3055555555555555,0.6527777777777777,0.0,1.16,0.0,0.0,,0
24,0.3055555555555555,0.6527777777777777,0.0,1.17,0.0,0.0,,0
24,0.3055555555555555,0.6527777777777777,0.0,1.18,0.0,0.0,,0
24,0.3055555555555555,0.6527777777777777,0.0,1.19,0.0,0.0,,0
24,0.3055555555555555,0.6527777777777777,0.0,1.2,0.0,0.0,,0
24,0.3055555555555555,0.6527777777777777,0.0,1.21,0.0,0.0,,0
24,0.3055555555555555,0.6527777777777777,0.0,1.22,0.0,0.0,,0
24,0.3055555555555555,0.6527777777777777,0.0,1.23,0.0,0.0,,0
24,0.3055555555555555,0.6527777777777777,0.0,1.24,0.0,0.0,,0
24,0.3055555555555555,0.6527777777777777,0.0,1.25,0.0,0.0,,0
24,0.3055555555555555,0.6527777777777777,0.0,1.26,0.0,0.0,,0
24,0.3055555555555555,0.6527777777777777,0.0,1.27,0.0,0.0,,0
24,0.3055555555555555,0.6527777777777777,0.0,1.28,0.0,0.0,,0
24,0.3055555555555555,0.6527777777777777,0.0,1.29,0.0,0.0,,0
24,0.3055555555555555,0.6527777777777777,0.0,1.3,0.0,0.0,,0
24,0.3055555555555555,0.6527777777777777,0.0,1.31,0.0,0.0,,0
24,0.3055555555555555,0.6527777777777777,0.0,1.32,0.0,0.0,,0
24,0.3055555555555555,0.6527777777777777,0.0,1.33,0.0,0.0,,0
24,0.3055555555555555,0.6527777777777777,0.0,1.34,0.0,0.0,,0
24,0.3055555555555555,0.6527777777777777,0.0,1.35,0.0,0.0,,0
24,0.3055555555555555,0.6527777777777777,0.0,1.36,0.0,0.0,,0
24,0.3055555555555555,0.6527777777777777,0.0,1.37,0.0,0.0,,0
24,0.3055555555555555,0.6527777777777777,0.0,1.38,0.0,0.0,,0
24,0.3055555555555555,0.6527777777777777,0.0,1.39,0.0,0.0,,0
24,0.3055555555555555,0.6527777777777777,0.0,1.4,0.0,0.0,,0
24,0.3055555555555555,0.6527777777777777,0.0,1.41,0.0,0.0,,0
24,0.3055555555555555,0.6527777777777777,0.0,1.42,0.0,0.0,,0
24,0.3055555555555555,0.6527777777777777,0.0,1.43,0.0,0.0,,0
24,0.3055555555555555,0.6527777777777777,0.0,1.44,0.0,0.0,,0
24,0.3055555555555555,0.6527777777777777,0.0,1.45,0.0,0.0,,0
24,0.3055555555555555,0.6527777777777777,0.0,1.46,0.0,0.0,,0
24,0.3055555555555555,0.6527777777777777,0.0,1.47,0.0,0.0,,0
24,0.3055555555555555,0.6527777777777777,0.0,1.48,0.0,0.0,,0
24,0.3055555555555555,0.6527777777777777,0.0,1.49,0.0,0.0,,0
24,0.3055555555555555,0.6527777777777777,0.0,1.5,0.0,0.0,,0
24,0.3055555555555555,0.6527777777777777,0.0,1.51,0.0,0.0,,0
24,0.3055555555555555,0.6527777777777777,0.0,1.52,0.0,0.0,,0
24,0.3055555555555555,0.6527777777777777,0.0,1.53,0.0001,0.0001,0.0,1
24,0.3055555555555555,0.6527777777777777,0.0,1.54,0.0001,0.0001,0.0,1
24,0.3055555555555555,0.6527777777777777,0.0,1.55,0.0002,0.0002,0.0,1
24,0.3055555555555555,0.6527777777777777,0.0,1.56,0.0004,0.0004,0.0,1
24,0.3055555555555555,0.6527777777777777,0.0,1.57,0.0008,0.0008,0.0,1
24,0.3055555555555555,0.6527777777777777,0.0,1.58,0.0013,0.0013,0.0,1
24,0.3055555555555555,0.6527777777777777,0.0,1.59,0.0021,0.0021,0.0,1
24,0.3055555555555555,0.6527777777777777,0.0,1.6,0.0034,0.0034,0.0,1
24,0.3055555555555555,0.6527777777777777,0.0,1.61,0.0051,0.0051,0.0,1
24,0.3055555555555555,0.6527777777777777,0.0,1.62,0.0074,0.0074,0.0,1
24,0.3055555555555555,0.6527777777777777,0.0,1.63,0.0103,0.0103,0.0,1
24,0.3055555555555555,0.6527777777777777,0.0,1.64,0.0138,0.0138,0.0,1
24,0.3055555555555555,0.6527777777777777,0.0,1.65,0.0178,0.0178,0.0,1
24,0.3055555555555555,0.6527777777777777,0.0,1.66,0.0221,0.0221,0.0,1
24,0.3055555555555555,0.6527777777777777,0.0,1.67,0.0263,0.0263,0.0,1
24,0.3055555555555555,0.6527777777777777,0.0,1.68,0.0301,0.0301,0.0,1
24,0.3055555555555555,0.6527777777777777,0.0,1.69,0.0332,0.0332,0.0,1
24,0.3055555555555555,0.6527777777777777,0.0,1.7,0.0352,0.0352,0.0,1
24,0.3055555555555555,0.6527777777777777,0.0,1.71,0.0358,0.0358,0.0,1
24,0.3055555555555555,0.6527777777777777,0.0,1.72,0.0352,0.0352,0.0,1
24,0.3055555555555555,0.6527777777777777,0.0,1.73,0.0332,0.0332,0.0,1
24,0.3055555555555555,0.6527777777777777,0.0,1.74,0.0303,0.0303,0.0,1
24,0.3055555555555555,0.6527777777777777,0.0,1.75,0.0269,0.0269,0.0,1
24,0.3055555555555555,0.6527777777777777,0.0,1.76,0.0232,0.0232,0.0,1
24,0.3055555555555555,0.6527777777777777,0.0,1.77,0.0199,0.0199,0.0,1
24,0.3055555555555555,0.6527777777777777,0.0,1.78,0.0173,0.0173,0.0,1
24,0.3055555555555555,0.6527777777777777,0.0,1.79,0.0157,0.0157,0.0,1
24,0.3055555555555555,0.6527777777777777,0.0,1.8,0.0152,0.0152,0.0,1
24,0.3055555555555555,0.6527777777777777,0.0,1.81,0.0157,0.0157,0.0,1
24,0.3055555555555555,0.6527777777777777,0.0,1.82,0.0173,0.0173,0.0,1
24,0.3055555555555555,0.6527777777777777,0.0,1.83,0.0195,0.0195,0.0,1
24,0.3055555555555555,0.6527777777777777,0.0,1.84,0.0222,0.0222,0.0,1
24,0.3055555555555555,0.6527777777777777,0.0,1.85,0.0248,0.0248,0.0,1
24,0.3055555555555555,0.6527777777777777,0.0,1.86,0.027,0.027,0.0,1
24,0.3055555555555555,0.6527777777777777,0.0,1.87,0.0285,0.0285,0.0,1
24,0.3055555555555555,0.6527777777777777,0.0,1.88,0.029,0.029,0.0,1
24,0.3055555555555555,0.6527777777777777,0.0,1.89,0.0284,0.0284,0.0,1
24,0.3055555555555555,0.6527777777777777,0.0,1.9,0.0267,0.0267,0.0,1
24,0.3055555555555555,0.6527777777777777,0.0,1.91,0.0243,0.0243,0.0,1
24,0.3055555555555555,0.6527777777777777,0.0,1.92,0.0211,0.0211,0.0,1
24,0.3055555555555555,0.6527777777777777,0.0,1.93,0.0177,0.0177,0.0,1
24,0.3055555555555555,0.6527777777777777,0.0,1.94,0.0143,0.0143,0.0,1
24,0.3055555555555555,0.6527777777777777,0.0,1.95,0.0111,0.0111,0.0,1
24,0.3055555555555555,0.6527777777777777,0.0,1.96,0.0082,0.0082,0.0,1
24,0.3055555555555555,0.6527777777777777,0.0,1.97,0.0059,0.0059,0.0,1
24,0.3055555555555555,0.6527777777777777,0.0,1.98,0.0041,0.0041,0.0,1
24,0.3055555555555555,0.6527777777777777,0.0,1.99,0.0027,0.0027,0.0,1
24,0.3055555555555555,0.6527777777777777,0.0,2.0,0.0017,0.0017,0.0,1
24,0.3055555555555555,0.6527777777777777,0.0,2.01,0.001,0.001,0.0,1
24,0.3055555555555555,0.6527777777777777,0.0,2.02,0.0006,0.0006,0.0,1
24,0.3055555555555555,0.6527777777777777,0.0,2.03,0.0003,0.0003,0.0,1
24,0.3055555555555555,0.6527777777777777,0.0,2.04,0.0002,0.0002,0.0,1
24,0.3055555555555555,0.6527777777777777,0.0,2.05,0.0001,0.0001,0.0,1
24,0.3055555555555555,0.6527777777777777,0.0,2.06,0.0,0.0,,0
24,0.3055555555555555,0.6527777777777777,0.0,2.07,0.0,0.0,,0
24,0.3055555555555555,0.6527777777777777,0.0,2.08,0.0,0.0,,0
24,0.3055555555555555,0.6527777777777777,0.0,2.09,0.0,0.0,,0
24,0.3055555555555555,0.6527777777777777,0.0,2.1,0.0,0.0,,0
24,0.3055555555555555,0.6527777777777777,0.0,2.11,0.0,0.0,,0
24,0.3055555555555555,0.6527777777777777,0.0,2.12,0.0,0.0,,0
24,0.3055555555555555,0.6527777777777777,0.0,2.13,0.0,0.0,,0
24,0.3055555555555555,0.6527777777777777,0.0,2.14,0.0,0.0,,0
24,0.3055555555555555,0.6527777777777777,0.0,2.15,0.0,0.0,,0
24,0.3055555555555555,0.6527777777777777,0.0,2.16,0.0,0.0,,0
24,0.3055555555555555,0.6527777777777777,0.0,2.17,0.0,0.0,,0
24,0.3055555555555555,0.6527777777777777,0.0,2.18,0.0,0.0,,0
24,0.3055555555555555,0.6527777777777777,0.0,2.19,0.0,0.0,,0
24,0.3055555555555555,0.6527777777777777,0.0,2.2,0.0,0.0,,0
24,0.3055555555555555,0.6527777777777777,0.0,2.21,0.0,0.0,,0
24,0.3055555555555555,0.6527777777777777,0.0,2.22,0.0,0.0,,0
24,0.3055555555555555,0.6527777777777777,0.0,2.23,0.0,0.0,,0
24,0.3055555555555555,0.6527777777777777,0.0,2.24,0.0,0.0,,0
24,0.3055555555555555,0.6527777777777777,0.0,2.25,0.0,0.0,,0
24,0.3055555555555555,0.6527777777777777,0.0,2.26,0.0,0.0,,0
24,0.3055555555555555,0.6527777777777777,0.0,2.27,0.0,0.0,,0
24,0.3055555555555555,0.6527777777777777,0.0,2.28,0.0,0.0,,0
24,0.3055555555555555,0.6527777777777777,0.0,2.29,0.0,0.0,,0
24,0.3055555555555555,0.6527777777777777,0.0,2.3,0.0,0.0,,0
24,0.3055555555555555,0.6527777777777777,0.0,2.31,0.0,0.0,,0
24,0.3055555555555555,0.6527777777777777,0.0,2.32,0.0,0.0,,0
24,0.3055555555555555,0.6527777777777777,0.0,2.33,0.0,0.0,,0
24,0.3055555555555555,0.6527777777777777,0.0,2.34,0.0,0.0,,0
24,0.3055555555555555,0.6527777777777777,0.0,2.35,0.0,0.0,,0
24,0.3055555555555555,0.6527777777777777,0.0,2.36,0.0,0.0,,0
24,0.3055555555555555,0.6527777777777777,0.0,2.37,0.0,0.0,,0
24,0.3055555555555555,0.6527777777777777,0.0,2.38,0.0,0.0,,0
24,0.3055555555555555,0.6527777777777777,0.0,2.39,0.0,0.0,,0
24,0.3055555555555555,0.6527777777777777,0.0,2.4,0.0,0.0,,0
24,0.3055555555555555,0.6527777777777777,0.0,2.41,0.0,0.0,,0
24,0.3055555555555555,0.6527777777777777,0.0,2.42,0.0,0.0,,0
24,0.3055555555555555,0.6527777777777777,0.0,2.43,0.0,0.0,,0
24,0.3055555555555555,0.6527777777777777,0.0,2.44,0.0,0.0,,0
24,0.3055555555555555,0.6527777777777777,0.0,2.45,0.0,0.0,,0
24,0.3055555555555555,0.6527777777777777,0.0,2.46,0.0,0.0,,0
24,0.3055555555555555,0.6527777777777777,0.0,2.47,0.0,0.0,,0
24,0.3055555555555555,0.6527777777777777,0.0,2.48,0.0,0.0,,0
24,0.3055555555555555,0.6527777777777777,0.0,2.49,0.0,0.0,,0
24,0.3055555555555555,0.6527777777777777,0.0,2.5,0.0,0.0,,0
24,0.3055555555555555,0.6527777777777777,0.0,2.51,0.0,0.0,,0
24,0.3055555555555555,0.6527777777777777,0.0,2.52,0.0,0.0,,0
24,0.3055555555555555,0.6527777777777777,0.0,2.53,0.0,0.0,,0
24,0.3055555555555555,0.6527777777777777,0.0,2.54,0.0,0.0,,0
24,0.3055555555555555,0.6527777777777777,0.0,2.55,0.0,0.0,,0
24,0.3055555555555555,0.6527777777777777,0.0,2.56,0.0,0.0,,0
24,0.3055555555555555,0.6527777777777777,0.0,2.57,0.0,0.0,,0
24,0.3055555555555555,0.6527777777777777,0.0,2.58,0.0,0.0,,0
24,0.3055555555555555,0.6527777777777777,0.0,2.59,0.0,0.0,,0
24,0.3055555555555555,0.6527777777777777,0.0,2.6,0.0,0.0,,0
24,0.3055555555555555,0.6527777777777777,0.0,2.61,0.0,0.0,,0
24,0.3055555555555555,0.6527777777777777,0.0,2.62,0.0,0.0,,0
24,0.3055555555555555,0.6527777777777777,0.0,2.63,0.0,0.0,,0
24,0.3055555555555555,0.6527777777777777,0.0,2.64,0.0,0.0,,0
24,0.3055555555555555,0.6527777777777777,0.0,2.65,0.0,0.0,,0
24,0.3055555555555555,0.6527777777777777,0.0,2.66,0.0,0.0,,0
24,0.3055555555555555,0.6527777777777777,0.0,2.67,0.0,0.0,,0
24,0.3055555555555555,0.6527777777777777,0.0,2.68,0.0,0.0,,0
24,0.3055555555555555,0.6527777777777777,0.0,2.69,0.0,0.0,,0
24,0.3055555555555555,0.6527777777777777,0.0,2.7,0.0,0.0,,0
24,0.3055555555555555,0.6527777777777777,0.0,2.71,0.0,0.0,,0
24,0.3055555555555555,0.6527777777777777,0.0,2.72,0.0,0.0,,0
24,0.3055555555555555,0.6527777777777777,0.0,2.73,0.0,0.0,,0
24,0.3055555555555555,0.6527777777777777,0.0,2.74,0.0,0.0,,0
24,0.3055555555555555,0.6527777777777777,0.0,2.75,0.0,0.0,,0
24,0.3055555555555555,0.6527777777777777,0.0,2.76,0.0,0.0,,0
24,0.3055555555555555,0.6527777777777777,0.0,2.77,0.0,0.0,,0
24,0.3055555555555555,0.6527777777777777,0.0,2.78,0.0,0.0,,0
24,0.3055555555555555,0.6527777777777777,0.0,2.79,0.0,0.0,,0
24,0.3055555555555555,0.6527777777777777,0.0,2.8,0.0,0.0,,0
24,0.3055555555555555,0.6527777777777777,0.0,2.81,0.0,0.0,,0
24,0.3055555555555555,0.6527777777777777,0.0,2.82,0.0,0.0,,0
24,0.3055555555555555,0.6527777777777777,0.0,2.83,0.0,0.0,,0
24,0.3055555555555555,0.6527777777777777,0.0,2.84,0.0,0.0,,0
24,0.3055555555555555,0.6527777777777777,0.0,2.85,0.0,0.0,,0
24,0.3055555555555555,0.6527777777777777,0.0,2.86,0.0,0.0,,0
24,0.3055555555555555,0.6527777777777777,0.0,2.87,0.0,0.0,,0
24,0.3055555555555555,0.6527777777777777,0.0,2.88,0.0,0.0,,0
24,0.3055555555555555,0.6527777777777777,0.0,2.89,0.0,0.0,,0
24,0.3055555555555555,0.6527777777777777,0.0,2.9,0.0,0.0,,0
24,0.3055555555555555,0.6527777777777777,0.0,2.91,0.0,0.0,,0
24,0.3055555555555555,0.6527777777777777,0.0,2.92,0.0,0.0,,0
24,0.3055555555555555,0.6527777777777777,0.0,2.93,0.0,0.0,,0
24,0.3055555555555555,0.6527777777777777,0.0,2.94,0.0,0.0,,0
24,0.3055555555555555,0.6527777777777777,0.0,2.95,0.0,0.0,,0
24,0.3055555555555555,0.6527777777777777,0.0,2.96,0.0,0.0,,0
24,0.3055555555555555,0.6527777777777777,0.0,2.97,0.0,0.0,,0
24,0.3055555555555555,0.6527777777777777,0.0,2.98,0.0,0.0,,0
24,0.3055555555555555,0.6527777777777777,0.0,2.99,0.0,0.0,,0
24,0.3055555555555555,0.6527777777777777,0.0,3.0,0.0,0.0,,0
24,0.3055555555555555,0.6527777777777777,0.0,3.01,0.0,0.0,,0
24,0.3055555555555555,0.6527777777777777,0.0,3.02,0.0,0.0,,0
24,0.3055555555555555,0.6527777777777777,0.0,3.03,0.0,0.0,,0
24,0.3055555555555555,0.6527777777777777,0.0,3.04,0.0,0.0,,0
24,0.3055555555555555,0.6527777777777777,0.0,3.05,0.0,0.0,,0
24,0.3055555555555555,0.6527777777777777,0.0,3.06,0.0,0.0,,0
24,0.3055555555555555,0.6527777777777777,0.0,3.07,0.0,0.0,,0
24,0.3055555555555555,0.6527777777777777,0.0,3.08,0.0,0.0,,0
24,0.3055555555555555,0.6527777777777777,0.0,3.09,0.0,0.0,,0
24,0.3055555555555555,0.6527777777777777,0.0,3.1,0.0,0.0,,0
24,0.3055555555555555,0.6527777777777777,0.0,3.11,0.0,0.0,,0
24,0.3055555555555555,0.6527777777777777,0.0,3.12,0.0,0.0,,0
24,0.3055555555555555,0.6527777777777777,0.0,3.13,0.0,0.0,,0
24,0.3055555555555555,0.6527777777777777,0.0,3.14,0.0,0.0,,0
24,0.3055555555555555,0.6527777777777777,0.0,3.15,0.0,0.0,,0
24,0.3055555555555555,0.6527777777777777,0.0,3.16,0.0,0.0,,0
24,0.3055555555555555,0.6527777777777777,0.0,3.17,0.0,0.0,,0
24,0.3055555555555555,0.6527777777777777,0.0,3.18,0.0,0.0,,0
24,0.3055555555555555,0.6527777777777777,0.0,3.19,0.0,0.0,,0
24,0.3055555555555555,0.6527777777777777,0.0,3.2,0.0,0.0,,0
24,0.3055555555555555,0.6527777777777777,0.0,3.21,0.0,0.0,,0
24,0.3055555555555555,0.6527777777777777,0.0,3.22,0.0,0.0,,0
24,0.3055555555555555,0.6527777777777777,0.0,3.23,0.0,0.0,,0
24,0.3055555555555555,0.6527777777777777,0.0,3.24,0.0,0.0,,0
24,0.3055555555555555,0.6527777777777777,0.0,3.25,0.0,0.0,,0
24,0.3055555555555555,0.6527777777777777,0.0,3.26,0.0,0.0,,0
24,0.3055555555555555,0.6527777777777777,0.0,3.27,0.0,0.0,,0
24,0.3055555555555555,0.6527777777777777,0.0,3.28,0.0,0.0,,0
24,0.3055555555555555,0.6527777777777777,0.0,3.29,0.0,0.0,,0
24,0.3055555555555555,0.6527777777777777,0.0,3.3,0.0,0.0,,0
24,0.3055555555555555,0.6527777777777777,0.0,3.31,0.0,0.0,,0
24,0.3055555555555555,0.6527777777777777,0.0,3.32,0.0,0.0,,0
24,0.3055555555555555,0.6527777777777777,0.0,3.33,0.0,0.0,,0
24,0.3055555555555555,0.6527777777777777,0.0,3.34,0.0,0.0,,0
24,0.3055555555555555,0.6527777777777777,0.0,3.35,0.0,0.0,,0
24,0.3055555555555555,0.6527777777777777,0.0,3.36,0.0,0.0,,0
24,0.3055555555555555,0.6527777777777777,0.0,3.37,0.0,0.0,,0
24,0.3055555555555555,0.6527777777777777,0.0,3.38,0.0,0.0,,0
24,0.3055555555555555,0.6527777777777777,0.0,3.39,0.0,0.0,,0
24,0.3055555555555555,0.6527777777777777,0.0,3.4,0.0,0.0,,0
24,0.3055555555555555,0.6527777777777777,0.0,3.41,0.0,0.0,,0
24,0.3055555555555555,0.6527777777777777,0.0,3.42,0.0,0.0,,0
24,0.3055555555555555,0.6527777777777777,0.0,3.43,0.0,0.0,,0
24,0.3055555555555555,0.6527777777777777,0.0,3.44,0.0,0.0,,0
24,0.3055555555555555,0.6527777777777777,0.0,3.45,0.0,0.0,,0
24,0.3055555555555555,0.6527777777777777,0.0,3.46,0.0,0.0,,0
24,0.3055555555555555,0.6527777777777777,0.0,3.47,0.0,0.0,,0
24,0.3055555555555555,0.6527777777777777,0.0,3.48,0.0,0.0,,0
24,0.3055555555555555,0.6527777777777777,0.0,3.49,0.0,0.0,,0
24,0.3055555555555555,0.6527777777777777,0.0,3.5,0.0,0.0,,0
24,0.3055555555555555,0.6527777777777777,0.0,3.51,0.0,0.0,,0
24,0.3055555555555555,0.6527777777777777,0.0,3.52,0.0,0.0,,0
24,0.3055555555555555,0.6527777777777777,0.0,3.53,0.0,0.0,,0
24,0.3055555555555555,0.6527777777777777,0.0,3.54,0.0,0.0,,0
24,0.3055555555555555,0.6527777777777777,0.0,3.55,0.0,0.0,,0
24,0.3055555555555555,0.6527777777777777,0.0,3.56,0.0,0.0,,0
24,0.3055555555555555,0.6527777777777777,0.0,3.57,0.0,0.0,,0
24,0.3055555555555555,0.6527777777777777,0.0,3.58,0.0,0.0,,0
24,0.3055555555555555,0.6527777777777777,0.0,3.59,0.0,0.0,,0
24,0.3055555555555555,0.6527777777777777,0.0,3.6,0.0,0.0,,0
24,0.3055555555555555,0.6527777777777777,0.0,3.61,0.0,0.0,,0
24,0.3055555555555555,0.6527777777777777,0.0,3.62,0.0,0.0,,0
24,0.3055555555555555,0.6527777777777777,0.0,3.63,0.0,0.0,,0
24,0.3055555555555555,0.6527777777777777,0.0,3.64,0.0,0.0,,0
24,0.3055555555555555,0.6527777777777777,0.0,3.65,0.0,0.0,,0
24,0.3055555555555555,0.6527777777777777,0.0,3.66,0.0,0.0,,0
24,0.3055555555555555,0.6527777777777777,0.0,3.67,0.0,0.0,,0
24,0.3055555555555555,0.6527777777777777,0.0,3.68,0.0,0.0,,0
24,0.3055555555555555,0.6527777777777777,0.0,3.69,0.0,0.0,,0
24,0.3055555555555555,0.6527777777777777,0.0,3.7,0.0,0.0,,0
24,0.3055555555555555,0.6527777777777777,0.0,3.71,0.0,0.0,,0
24,0.3055555555555555,0.6527777777777777,0.0,3.72,0.0,0.0,,0
24,0.3055555555555555,0.6527777777777777,0.0,3.73,0.0,0.0,,0
24,0.3055555555555555,0.6527777777777777,0.0,3.74,0.0,0.0,,0
24,0.3055555555555555,0.6527777777777777,0.0,3.75,0.0,0.0,,0
24,0.3055555555555555,0.6527777777777777,0.0,3.76,0.0,0.0,,0
24,0.3055555555555555,0.6527777777777777,0.0,3.77,0.0,0.0,,0
24,0.3055555555555555,0.6527777777777777,0.0,3.78,0.0,0.0,,0
24,0.3055555555555555,0.6527777777777777,0.0,3.79,0.0,0.0,,0
24,0.3055555555555555,0.6527777777777777,0.0,3.8,0.0,0.0,,0
24,0.3055555555555555,0.6527777777777777,0.0,3.81,0.0,0.0,,0
24,0.3055555555555555,0.6527777777777777,0.0,3.82,0.0,0.0,,0
24,0.3055555555555555,0.6527777777777777,0.0,3.83,0.0,0.0,,0
24,0.3055555555555555,0.6527777777777777,0.0,3.84,0.0,0.0,,0
24,0.3055555555555555,0.6527777777777777,0.0,3.85,0.0,0.0,,0
24,0.3055555555555555,0.6527777777777777,0.0,3.86,0.0,0.0,,0
24,0.3055555555555555,0.6527777777777777,0.0,3.87,0.0,0.0,,0
24,0.3055555555555555,0.6527777777777777,0.0,3.88,0.0,0.0,,0
24,0.3055555555555555,0.6527777777777777,0.0,3.89,0.0,0.0,,0
24,0.3055555555555555,0.6527777777777777,0.0,3.9,0.0,0.0,,0
24,0.3055555555555555,0.6527777777777777,0.0,3.91,0.0,0.0,,0
24,0.3055555555555555,0.6527777777777777,0.0,3.92,0.0,0.0,,0
24,0.3055555555555555,0.6527777777777777,0.0,3.93,0.0,0.0,,0
24,0.3055555555555555,0.6527777777777777,0.0,3.94,0.0,0.0,,0
24,0.3055555555555555,0.6527777777777777,0.0,3.95,0.0,0.0,,0
24,0.3055555555555555,0.6527777777777777,0.0,3.96,0.0,0.0,,0
24,0.3055555555555555,0.6527777777777777,0.0,3.97,0.0,0.0,,0
24,0.3055555555555555,0.6527777777777777,0.0,3.98,0.0,0.0,,0
24,0.3055555555555555,0.6527777777777777,0.0,3.99,0.0,0.0,,0
24,0.3055555555555555,0.6527777777777777,0.0,4.0,0.0,0.0,,0
25,0.3333333333333333,0.6666666666666666,0.0,0.5,0.0,0.0,,0
25,0.3333333333333333,0.6666666666666666,0.0,0.51,0.0,0.0,,0
25,0.3333333333333333,0.6666666666666666,0.0,0.52,0.0,0.0,,0
25,0.3333333333333333,0.6666666666666666,0.0,0.53,0.0,0.0,,0
25,0.3333333333333333,0.6666666666666666,0.0,0.54,0.0,0.0,,0
25,0.3333333333333333,0.6666666666666666,0.0,0.55,0.0,0.0,,0
25,0.3333333333333333,0.6666666666666666,0.0,0.56,0.0,0.0,,0
25,0.3333333333333333,0.6666666666666666,0.0,0.57,0.0,0.0,,0
25,0.3333333333333333,0.6666666666666666,0.0,0.58,0.0,0.0,,0
25,0.3333333333333333,0.6666666666666666,0.0,0.59,0.0,0.0,,0
25,0.3333333333333333,0.6666666666666666,0.0,0.6,0.0,0.0,,0
25,0.3333333333333333,0.6666666666666666,0.0,0.61,0.0,0.0,,0
25,0.3333333333333333,0.6666666666666666,0.0,0.62,0.0,0.0,,0
25,0.3333333333333333,0.6666666666666666,0.0,0.63,0.0,0.0,,0
25,0.3333333333333333,0.6666666666666666,0.0,0.64,0.0,0.0,,0
25,0.3333333333333333,0.6666666666666666,0.0,0.65,0.0,0.0,,0
25,0.3333333333333333,0.6666666666666666,0.0,0.66,0.0,0.0,,0
25,0.3333333333333333,0.6666666666666666,0.0,0.67,0.0,0.0,,0
25,0.3333333333333333,0.6666666666666666,0.0,0.68,0.0,0.0,,0
25,0.3333333333333333,0.6666666666666666,0.0,0.69,0.0,0.0,,0
25,0.3333333333333333,0.6666666666666666,0.0,0.7,0.0,0.0,,0
25,0.3333333333333333,0.6666666666666666,0.0,0.71,0.0,0.0,,0
25,0.3333333333333333,0.6666666666666666,0.0,0.72,0.0,0.0,,0
25,0.3333333333333333,0.6666666666666666,0.0,0.73,0.0,0.0,,0
25,0.3333333333333333,0.6666666666666666,0.0,0.74,0.0,0.0,,0
25,0.3333333333333333,0.6666666666666666,0.0,0.75,0.0,0.0,,0
25,0.3333333333333333,0.6666666666666666,0.0,0.76,0.0,0.0,,0
25,0.3333333333333333,0.6666666666666666,0.0,0.77,0.0,0.0,,0
25,0.3333333333333333,0.6666666666666666,0.0,0.78,0.0,0.0,,0
25,0.3333333333333333,0.6666666666666666,0.0,0.79,0.0,0.0,,0
25,0.3333333333333333,0.6666666666666666,0.0,0.8,0.0,0.0,,0
25,0.3333333333333333,0.6666666666666666,0.0,0.81,0.0,0.0,,0
25,0.3333333333333333,0.6666666666666666,0.0,0.82,0.0,0.0,,0
25,0.3333333333333333,0.6666666666666666,0.0,0.83,0.0,0.0,,0
25,0.3333333333333333,0.6666666666666666,0.0,0.84,0.0,0.0,,0
25,0.3333333333333333,0.6666666666666666,0.0,0.85,0.0,0.0,,0
25,0.3333333333333333,0.6666666666666666,0.0,0.86,0.0,0.0,,0
25,0.3333333333333333,0.6666666666666666,0.0,0.87,0.0,0.0,,0
25,0.3333333333333333,0.6666666666666666,0.0,0.88,0.0,0.0,,0
25,0.3333333333333333,0.6666666666666666,0.0,0.89,0.0,0.0,,0
25,0.3333333333333333,0.6666666666666666,0.0,0.9,0.0,0.0,,0
25,0.3333333333333333,0.6666666666666666,0.0,0.91,0.0,0.0,,0
25,0.3333333333333333,0.6666666666666666,0.0,0.92,0.0,0.0,,0
25,0.3333333333333333,0.6666666666666666,0.0,0.93,0.0,0.0,,0
25,0.3333333333333333,0.6666666666666666,0.0,0.94,0.0,0.0,,0
25,0.3333333333333333,0.6666666666666666,0.0,0.95,0.0,0.0,,0
25,0.3333333333333333,0.6666666666666666,0.0,0.96,0.0,0.0,,0
25,0.3333333333333333,0.6666666666666666,0.0,0.97,0.0,0.0,,0
25,0.3333333333333333,0.6666666666666666,0.0,0.98,0.0,0.0,,0
25,0.3333333333333333,0.6666666666666666,0.0,0.99,0.0,0.0,,0
25,0.3333333333333333,0.6666666666666666,0.0,1.0,0.0,0.0,,0
25,0.3333333333333333,0.6666666666666666,0.0,1.01,0.0,0.0,,0
25,0.3333333333333333,0.6666666666666666,0.0,1.02,0.0,0.0,,0
25,0.3333333333333333,0.6666666666666666,0.0,1.03,0.0,0.0,,0
25,0.3333333333333333,0.6666666666666666,0.0,1.04,0.0,0.0,,0
25,0.3333333333333333,0.6666666666666666,0.0,1.05,0.0,0.0,,0
25,0.3333333333333333,0.6666666666666666,0.0,1.06,0.0,0.0,,0
25,0.3333333333333333,0.6666666666666666,0.0,1.07,0.0,0.0,,0
25,0.3333333333333333,0.6666666666666666,0.0,1.08,0.0,0.0,,0
25,0.3333333333333333,0.6666666666666666,0.0,1.09,0.0,0.0,,0
25,0.3333333333333333,0.6666666666666666,0.0,1.1,0.0,0.0,,0
25,0.3333333333333333,0.6666666666666666,0.0,1.11,0.0,0.0,,0
25,0.3333333333333333,0.6666666666666666,0.0,1.12,0.0,0.0,,0
25,0.3333333333333333,0.6666666666666666,0.0,1.13,0.0,0.0,,0
25,0.3333333333333333,0.6666666666666666,0.0,1.14,0.0,0.0,,0
25,0.3333333333333333,0.6666666666666666,0.0,1.15,0.0,0.0,,0
25,0.3333333333333333,0.6666666666666666,0.0,1.16,0.0,0.0,,0
25,0.3333333333333333,0.6666666666666666,0.0,1.17,0.0,0.0,,0
25,0.3333333333333333,0.6666666666666666,0.0,1.18,0.0,0.0,,0
25,0.3333333333333333,0.6666666666666666,0.0,1.19,0.0,0.0,,0
25,0.3333333333333333,0.6666666666666666,0.0,1.2,0.0,0.0,,0
25,0.3333333333333333,0.6666666666666666,0.0,1.21,0.0,0.0,,0
25,0.3333333333333333,0.6666666666666666,0.0,1.22,0.0,0.0,,0
25,0.3333333333333333,0.6666666666666666,0.0,1.23,0.0,0.0,,0
25,0.3333333333333333,0.6666666666666666,0.0,1.24,0.0,0.0,,0
25,0.3333333333333333,0.6666666666666666,0.0,1.25,0.0,0.0,,0
25,0.3333333333333333,0.6666666666666666,0.0,1.26,0.0,0.0,,0
25,0.3333333333333333,0.6666666666666666,0.0,1.27,0.0,0.0,,0
25,0.3333333333333333,0.6666666666666666,0.0,1.28,0.0,0.0,,0
25,0.3333333333333333,0.6666666666666666,0.0,1.29,0.0,0.0,,0
25,0.3333333333333333,0.6666666666666666,0.0,1.3,0.0,0.0,,0
25,0.3333333333333333,0.6666666666666666,0.0,1.31,0.0,0.0,,0
25,0.3333333333333333,0.6666666666666666,0.0,1.32,0.0,0.0,,0
25,0.3333333333333333,0.6666666666666666,0.0,1.33,0.0,0.0,,0
25,0.3333333333333333,0.6666666666666666,0.0,1.34,0.0,0.0,,0
25,0.3333333333333333,0.6666666666666666,0.0,1.35,0.0,0.0,,0
25,0.3333333333333333,0.6666666666666666,0.0,1.36,0.0,0.0,,0
25,0.3333333333333333,0.6666666666666666,0.0,1.37,0.0,0.0,,0
25,0.3333333333333333,0.6666666666666666,0.0,1.38,0.0,0.0,,0
25,0.3333333333333333,0.6666666666666666,0.0,1.39,0.0,0.0,,0
25,0.3333333333333333,0.6666666666666666,0.0,1.4,0.0,0.0,,0
25,0.3333333333333333,0.6666666666666666,0.0,1.41,0.0,0.0,,0
25,0.3333333333333333,0.6666666666666666,0.0,1.42,0.0,0.0,,0
25,0.3333333333333333,0.6666666666666666,0.0,1.43,0.0,0.0,,0
25,0.3333333333333333,0.6666666666666666,0.0,1.44,0.0,0.0,,0
25,0.3333333333333333,0.6666666666666666,0.0,1.45,0.0,0.0,,0
25,0.3333333333333333,0.6666666666666666,0.0,1.46,0.0,0.0,,0
25,0.3333333333333333,0.6666666666666666,0.0,1.47,0.0,0.0,,0
25,0.3333333333333333,0.6666666666666666,0.0,1.48,0.0,0.0,,0
25,0.3333333333333333,0.6666666666666666,0.0,1.49,0.0001,0.0001,0.0,1
25,0.3333333333333333,0.6666666666666666,0.0,1.5,0.0001,0.0001,0.0,1
25,0.3333333333333333,0.6666666666666666,0.0,1.51,0.0002,0.0002,0.0,1
25,0.3333333333333333,0.6666666666666666,0.0,1.52,0.0004,0.0004,0.0,1
25,0.3333333333333333,0.6666666666666666,0.0,1.53,0.0008,0.0008,0.0,1
25,0.3333333333333333,0.6666666666666666,0.0,1.54,0.0013,0.0013,0.0,1
25,0.3333333333333333,0.6666666666666666,0.0,1.55,0.0022,0.0022,0.0,1
25,0.3333333333333333,0.6666666666666666,0.0,1.56,0.0034,0.0034,0.0,1
25,0.3333333333333333,0.6666666666666666,0.0,1.57,0.0052,0.0052,0.0,1
25,0.3333333333333333,0.6666666666666666,0.0,1.58,0.0077,0.0077,0.0,1
25,0.3333333333333333,0.6666666666666666,0.0,1.59,0.0108,0.0108,0.0,1
25,0.3333333333333333,0.6666666666666666,0.0,1.6,0.0146,0.0146,0.0,1
25,0.3333333333333333,0.6666666666666666,0.0,1.61,0.0189,0.0189,0.0,1
25,0.3333333333333333,0.6666666666666666,0.0,1.62,0.0236,0.0236,0.0,1
25,0.3333333333333333,0.6666666666666666,0.0,1.63,0.0283,0.0283,0.0,1
25,0.3333333333333333,0.6666666666666666,0.0,1.64,0.0326,0.0326,0.0,1
25,0.3333333333333333,0.6666666666666666,0.0,1.65,0.0361,0.0361,0.0,1
25,0.3333333333333333,0.6666666666666666,0.0,1.66,0.0384,0.0384,0.0,1
25,0.3333333333333333,0.6666666666666666,0.0,1.67,0.0393,0.0393,0.0,1
25,0.3333333333333333,0.6666666666666666,0.0,1.68,0.0386,0.0386,0.0,1
25,0.3333333333333333,0.6666666666666666,0.0,1.69,0.0366,0.0366,0.0,1
25,0.3333333333333333,0.6666666666666666,0.0,1.7,0.0334,0.0334,0.0,1
25,0.3333333333333333,0.6666666666666666,0.0,1.71,0.0295,0.0295,0.0,1
25,0.3333333333333333,0.6666666666666666,0.0,1.72,0.0254,0.0254,0.0,1
25,0.3333333333333333,0.6666666666666666,0.0,1.73,0.0215,0.0215,0.0,1
25,0.3333333333333333,0.6666666666666666,0.0,1.74,0.0184,0.0184,0.0,1
25,0.3333333333333333,0.6666666666666666,0.0,1.75,0.0162,0.0162,0.0,1
25,0.3333333333333333,0.6666666666666666,0.0,1.76,0.0153,0.0153,0.0,1
25,0.3333333333333333,0.6666666666666666,0.0,1.77,0.0156,0.0156,0.0,1
25,0.3333333333333333,0.6666666666666666,0.0,1.78,0.017,0.017,0.0,1
25,0.3333333333333333,0.6666666666666666,0.0,1.79,0.0193,0.0193,0.0,1
25,0.3333333333333333,0.6666666666666666,0.0,1.8,0.0222,0.0222,0.0,1
25,0.3333333333333333,0.6666666666666666,0.0,1.81,0.0253,0.0253,0.0,1
25,0.3333333333333333,0.6666666666666666,0.0,1.82,0.028,0.028,0.0,1
25,0.3333333333333333,0.6666666666666666,0.0,1.83,0.0301,0.0301,0.0,1
25,0.3333333333333333,0.6666666666666666,0.0,1.84,0.0312,0.0312,0.0,1
25,0.3333333333333333,0.6666666666666666,0.0,1.85,0.0311,0.0311,0.0,1
25,0.3333333333333333,0.6666666666666666,0.0,1.86,0.0299,0.0299,0.0,1
25,0.3333333333333333,0.6666666666666666,0.0,1.87,0.0276,0.0276,0.0,1
25,0.3333333333333333,0.6666666666666666,0.0,1.88,0.0244,0.0244,0.0,1
25,0.3333333333333333,0.6666666666666666,0.0,1.89,0.0208,0.0208,0.0,1
25,0.3333333333333333,0.6666666666666666,0.0,1.9,0.0171,0.0171,0.0,1
25,0.3333333333333333,0.6666666666666666,0.0,1.91,0.0134,0.0134,0.0,1
25,0.3333333333333333,0.6666666666666666,0.0,1.92,0.0101,0.0101,0.0,1
25,0.3333333333333333,0.6666666666666666,0.0,1.93,0.0074,0.0074,0.0,1
25,0.3333333333333333,0.6666666666666666,0.0,1.94,0.0051,0.0051,0.0,1
25,0.3333333333333333,0.6666666666666666,0.0,1.95,0.0034,0.0034,0.0,1
25,0.3333333333333333,0.6666666666666666,0.0,1.96,0.0022,0.0022,0.0,1
25,0.3333333333333333,0.6666666666666666,0.0,1.97,0.0014,0.0014,0.0,1
25,0.3333333333333333,0.6666666666666666,0.0,1.98,0.0008,0.0008,0.0,1
25,0.3333333333333333,0.6666666666666666,0.0,1.99,0.0005,0.0005,0.0,1
25,0.3333333333333333,0.6666666666666666,0.0,2.0,0.0003,0.0003,0.0,1
25,0.3333333333333333,0.6666666666666666,0.0,2.01,0.0001,0.0001,0.0,1
25,0.3333333333333333,0.6666666666666666,0.0,2.02,0.0001,0.0001,0.0,1
25,0.3333333333333333,0.6666666666666666,0.0,2.03,0.0,0.0,,0
25,0.3333333333333333,0.6666666666666666,0.0,2.04,0.0,0.0,,0
25,0.3333333333333333,0.6666666666666666,0.0,2.05,0.0,0.0,,0
25,0.3333333333333333,0.6666666666666666,0.0,2.06,0.0,0.0,,0
25,0.3333333333333333,0.6666666666666666,0.0,2.07,0.0,0.0,,0
25,0.3333333333333333,0.6666666666666666,0.0,2.08,0.0,0.0,,0
25,0.3333333333333333,0.6666666666666666,0.0,2.09,0.0,0.0,,0
25,0.3333333333333333,0.6666666666666666,0.0,2.1,0.0,0.0,,0
25,0.3333333333333333,0.6666666666666666,0.0,2.11,0.0,0.0,,0
25,0.3333333333333333,0.6666666666666666,0.0,2.12,0.0,0.0,,0
25,0.3333333333333333,0.6666666666666666,0.0,2.13,0.0,0.0,,0
25,0.3333333333333333,0.6666666666666666,0.0,2.14,0.0,0.0,,0
25,0.3333333333333333,0.6666666666666666,0.0,2.15,0.0,0.0,,0
25,0.3333333333333333,0.6666666666666666,0.0,2.16,0.0,0.0,,0
25,0.3333333333333333,0.6666666666666666,0.0,2.17,0.0,0.0,,0
25,0.3333333333333333,0.6666666666666666,0.0,2.18,0.0,0.0,,0
25,0.3333333333333333,0.6666666666666666,0.0,2.19,0.0,0.0,,0
25,0.3333333333333333,0.6666666666666666,0.0,2.2,0.0,0.0,,0
25,0.3333333333333333,0.6666666666666666,0.0,2.21,0.0,0.0,,0
25,0.3333333333333333,0.6666666666666666,0.0,2.22,0.0,0.0,,0
25,0.3333333333333333,0.6666666666666666,0.0,2.23,0.0,0.0,,0
25,0.3333333333333333,0.6666666666666666,0.0,2.24,0.0,0.0,,0
25,0.3333333333333333,0.6666666666666666,0.0,2.25,0.0,0.0,,0
25,0.3333333333333333,0.6666666666666666,0.0,2.26,0.0,0.0,,0
25,0.3333333333333333,0.6666666666666666,0.0,2.27,0.0,0.0,,0
25,0.3333333333333333,0.6666666666666666,0.0,2.28,0.0,0.0,,0
25,0.3333333333333333,0.6666666666666666,0.0,2.29,0.0,0.0,,0
25,0.3333333333333333,0.6666666666666666,0.0,2.3,0.0,0.0,,0
25,0.3333333333333333,0.6666666666666666,0.0,2.31,0.0,0.0,,0
25,0.3333333333333333,0.6666666666666666,0.0,2.32,0.0,0.0,,0
25,0.3333333333333333,0.6666666666666666,0.0,2.33,0.0,0.0,,0
25,0.3333333333333333,0.6666666666666666,0.0,2.34,0.0,0.0,,0
25,0.3333333333333333,0.6666666666666666,0.0,2.35,0.0,0.0,,0
25,0.3333333333333333,0.6666666666666666,0.0,2.36,0.0,0.0,,0
25,0.3333333333333333,0.6666666666666666,0.0,2.37,0.0,0.0,,0
25,0.3333333333333333,0.6666666666666666,0.0,2.38,0.0,0.0,,0
25,0.3333333333333333,0.6666666666666666,0.0,2.39,0.0,0.0,,0
25,0.3333333333333333,0.6666666666666666,0.0,2.4,0.0,0.0,,0
25,0.3333333333333333,0.6666666666666666,0.0,2.41,0.0,0.0,,0
25,0.3333333333333333,0.6666666666666666,0.0,2.42,0.0,0.0,,0
25,0.3333333333333333,0.6666666666666666,0.0,2.43,0.0,0.0,,0
25,0.3333333333333333,0.6666666666666666,0.0,2.44,0.0,0.0,,0
25,0.3333333333333333,0.6666666666666666,0.0,2.45,0.0,0.0,,0
25,0.3333333333333333,0.6666666666666666,0.0,2.46,0.0,0.0,,0
25,0.3333333333333333,0.6666666666666666,0.0,2.47,0.0,0.0,,0
25,0.3333333333333333,0.6666666666666666,0.0,2.48,0.0,0.0,,0
25,0.3333333333333333,0.6666666666666666,0.0,2.49,0.0,0.0,,0
25,0.3333333333333333,0.6666666666666666,0.0,2.5,0.0,0.0,,0
25,0.3333333333333333,0.6666666666666666,0.0,2.51,0.0,0.0,,0
25,0.3333333333333333,0.6666666666666666,0.0,2.52,0.0,0.0,,0
25,0.3333333333333333,0.6666666666666666,0.0,2.53,0.0,0.0,,0
25,0.3333333333333333,0.6666666666666666,0.0,2.54,0.0,0.0,,0
25,0.3333333333333333,0.6666666666666666,0.0,2.55,0.0,0.0,,0
25,0.3333333333333333,0.6666666666666666,0.0,2.56,0.0,0.0,,0
25,0.3333333333333333,0.6666666666666666,0.0,2.57,0.0,0.0,,0
25,0.3333333333333333,0.6666666666666666,0.0,2.58,0.0,0.0,,0
25,0.3333333333333333,0.6666666666666666,0.0,2.59,0.0,0.0,,0
25,0.3333333333333333,0.6666666666666666,0.0,2.6,0.0,0.0,,0
25,0.3333333333333333,0.6666666666666666,0.0,2.61,0.0,0.0,,0
25,0.3333333333333333,0.6666666666666666,0.0,2.62,0.0,0.0,,0
25,0.3333333333333333,0.6666666666666666,0.0,2.63,0.0,0.0,,0
25,0.3333333333333333,0.6666666666666666,0.0,2.64,0.0,0.0,,0
25,0.3333333333333333,0.6666666666666666,0.0,2.65,0.0,0.0,,0
25,0.3333333333333333,0.6666666666666666,0.0,2.66,0.0,0.0,,0
25,0.3333333333333333,0.6666666666666666,0.0,2.67,0.0,0.0,,0
25,0.3333333333333333,0.6666666666666666,0.0,2.68,0.0,0.0,,0
25,0.3333333333333333,0.6666666666666666,0.0,2.69,0.0,0.0,,0
25,0.3333333333333333,0.6666666666666666,0.0,2.7,0.0,0.0,,0
25,0.3333333333333333,0.6666666666666666,0.0,2.71,0.0,0.0,,0
25,0.3333333333333333,0.6666666666666666,0.0,2.72,0.0,0.0,,0
25,0.3333333333333333,0.6666666666666666,0.0,2.73,0.0,0.0,,0
25,0.3333333333333333,0.6666666666666666,0.0,2.74,0.0,0.0,,0
25,0.3333333333333333,0.6666666666666666,0.0,2.75,0.0,0.0,,0
25,0.3333333333333333,0.6666666666666666,0.0,2.76,0.0,0.0,,0
25,0.3333333333333333,0.6666666666666666,0.0,2.77,0.0,0.0,,0
25,0.3333333333333333,0.6666666666666666,0.0,2.78,0.0,0.0,,0
25,0.3333333333333333,0.6666666666666666,0.0,2.79,0.0,0.0,,0
25,0.3333333333333333,0.6666666666666666,0.0,2.8,0.0,0.0,,0
25,0.3333333333333333,0.6666666666666666,0.0,2.81,0.0,0.0,,0
25,0.3333333333333333,0.6666666666666666,0.0,2.82,0.0,0.0,,0
25,0.3333333333333333,0.6666666666666666,0.0,2.83,0.0,0.0,,0
25,0.3333333333333333,0.6666666666666666,0.0,2.84,0.0,0.0,,0
25,0.3333333333333333,0.6666666666666666,0.0,2.85,0.0,0.0,,0
25,0.3333333333333333,0.6666666666666666,0.0,2.86,0.0,0.0,,0
25,0.3333333333333333,0.6666666666666666,0.0,2.87,0.0,0.0,,0
25,0.3333333333333333,0.6666666666666666,0.0,2.88,0.0,0.0,,0
25,0.3333333333333333,0.6666666666666666,0.0,2.89,0.0,0.0,,0
25,0.3333333333333333,0.6666666666666666,0.0,2.9,0.0,0.0,,0
25,0.3333333333333333,0.6666666666666666,0.0,2.91,0.0,0.0,,0
25,0.3333333333333333,0.6666666666666666,0.0,2.92,0.0,0.0,,0
25,0.3333333333333333,0.6666666666666666,0.0,2.93,0.0,0.0,,0
25,0.3333333333333333,0.6666666666666666,0.0,2.94,0.0,0.0,,0
25,0.3333333333333333,0.6666666666666666,0.0,2.95,0.0,0.0,,0
25,0.3333333333333333,0.6666666666666666,0.0,2.96,0.0,0.0,,0
25,0.3333333333333333,0.6666666666666666,0.0,2.97,0.0,0.0,,0
25,0.3333333333333333,0.6666666666666666,0.0,2.98,0.0,0.0,,0
25,0.3333333333333333,0.6666666666666666,0.0,2.99,0.0,0.0,,0
25,0.3333333333333333,0.6666666666666666,0.0,3.0,0.0,0.0,,0
25,0.3333333333333333,0.6666666666666666,0.0,3.01,0.0,0.0,,0
25,0.3333333333333333,0.6666666666666666,0.0,3.02,0.0,0.0,,0
25,0.3333333333333333,0.6666666666666666,0.0,3.03,0.0,0.0,,0
25,0.3333333333333333,0.6666666666666666,0.0,3.04,0.0,0.0,,0
25,0.3333333333333333,0.6666666666666666,0.0,3.05,0.0,0.0,,0
25,0.3333333333333333,0.6666666666666666,0.0,3.06,0.0,0.0,,0
25,0.3333333333333333,0.6666666666666666,0.0,3.07,0.0,0.0,,0
25,0.3333333333333333,0.6666666666666666,0.0,3.08,0.0,0.0,,0
25,0.3333333333333333,0.6666666666666666,0.0,3.09,0.0,0.0,,0
25,0.3333333333333333,0.6666666666666666,0.0,3.1,0.0,0.0,,0
25,0.3333333333333333,0.6666666666666666,0.0,3.11,0.0,0.0,,0
25,0.3333333333333333,0.6666666666666666,0.0,3.12,0.0,0.0,,0
25,0.3333333333333333,0.6666666666666666,0.0,3.13,0.0,0.0,,0
25,0.3333333333333333,0.6666666666666666,0.0,3.14,0.0,0.0,,0
25,0.3333333333333333,0.6666666666666666,0.0,3.15,0.0,0.0,,0
25,0.3333333333333333,0.6666666666666666,0.0,3.16,0.0,0.0,,0
25,0.3333333333333333,0.6666666666666666,0.0,3.17,0.0,0.0,,0
25,0.3333333333333333,0.6666666666666666,0.0,3.18,0.0,0.0,,0
25,0.3333333333333333,0.6666666666666666,0.0,3.19,0.0,0.0,,0
25,0.3333333333333333,0.6666666666666666,0.0,3.2,0.0,0.0,,0
25,0.3333333333333333,0.6666666666666666,0.0,3.21,0.0,0.0,,0
25,0.3333333333333333,0.6666666666666666,0.0,3.22,0.0,0.0,,0
25,0.3333333333333333,0.6666666666666666,0.0,3.23,0.0,0.0,,0
25,0.3333333333333333,0.6666666666666666,0.0,3.24,0.0,0.0,,0
25,0.3333333333333333,0.6666666666666666,0.0,3.25,0.0,0.0,,0
25,0.3333333333333333,0.6666666666666666,0.0,3.26,0.0,0.0,,0
25,0.3333333333333333,0.6666666666666666,0.0,3.27,0.0,0.0,,0
25,0.3333333333333333,0.6666666666666666,0.0,3.28,0.0,0.0,,0
25,0.3333333333333333,0.6666666666666666,0.0,3.29,0.0,0.0,,0
25,0.3333333333333333,0.6666666666666666,0.0,3.3,0.0,0.0,,0
25,0.3333333333333333,0.6666666666666666,0.0,3.31,0.0,0.0,,0
25,0.3333333333333333,0.6666666666666666,0.0,3.32,0.0,0.0,,0
25,0.3333333333333333,0.6666666666666666,0.0,3.33,0.0,0.0,,0
25,0.3333333333333333,0.6666666666666666,0.0,3.34,0.0,0.0,,0
25,0.3333333333333333,0.6666666666666666,0.0,3.35,0.0,0.0,,0
25,0.3333333333333333,0.6666666666666666,0.0,3.36,0.0,0.0,,0
25,0.3333333333333333,0.6666666666666666,0.0,3.37,0.0,0.0,,0
25,0.3333333333333333,0.6666666666666666,0.0,3.38,0.0,0.0,,0
25,0.3333333333333333,0.6666666666666666,0.0,3.39,0.0,0.0,,0
25,0.3333333333333333,0.6666666666666666,0.0,3.4,0.0,0.0,,0
25,0.3333333333333333,0.6666666666666666,0.0,3.41,0.0,0.0,,0
25,0.3333333333333333,0.6666666666666666,0.0,3.42,0.0,0.0,,0
25,0.3333333333333333,0.6666666666666666,0.0,3.43,0.0,0.0,,0
25,0.3333333333333333,0.6666666666666666,0.0,3.44,0.0,0.0,,0
25,0.3333333333333333,0.6666666666666666,0.0,3.45,0.0,0.0,,0
25,0.3333333333333333,0.6666666666666666,0.0,3.46,0.0,0.0,,0
25,0.3333333333333333,0.6666666666666666,0.0,3.47,0.0,0.0,,0
25,0.3333333333333333,0.6666666666666666,0.0,3.48,0.0,0.0,,0
25,0.3333333333333333,0.6666666666666666,0.0,3.49,0.0,0.0,,0
25,0.3333333333333333,0.6666666666666666,0.0,3.5,0.0,0.0,,0
25,0.3333333333333333,0.6666666666666666,0.0,3.51,0.0,0.0,,0
25,0.3333333333333333,0.6666666666666666,0.0,3.52,0.0,0.0,,0
25,0.3333333333333333,0.6666666666666666,0.0,3.53,0.0,0.0,,0
25,0.3333333333333333,0.6666666666666666,0.0,3.54,0.0,0.0,,0
25,0.3333333333333333,0.6666666666666666,0.0,3.55,0.0,0.0,,0
25,0.3333333333333333,0.6666666666666666,0.0,3.56,0.0,0.0,,0
25,0.3333333333333333,0.6666666666666666,0.0,3.57,0.0,0.0,,0
25,0.3333333333333333,0.6666666666666666,0.0,3.58,0.0,0.0,,0
25,0.3333333333333333,0.6666666666666666,0.0,3.59,0.0,0.0,,0
25,0.3333333333333333,0.6666666666666666,0.0,3.6,0.0,0.0,,0
25,0.3333333333333333,0.6666666666666666,0.0,3.61,0.0,0.0,,0
25,0.3333333333333333,0.6666666666666666,0.0,3.62,0.0,0.0,,0
25,0.3333333333333333,0.6666666666666666,0.0,3.63,0.0,0.0,,0
25,0.3333333333333333,0.6666666666666666,0.0,3.64,0.0,0.0,,0
25,0.3333333333333333,0.6666666666666666,0.0,3.65,0.0,0.0,,0
25,0.3333333333333333,0.6666666666666666,0.0,3.66,0.0,0.0,,0
25,0.3333333333333333,0.6666666666666666,0.0,3.67,0.0,0.0,,0
25,0.3333333333333333,0.6666666666666666,0.0,3.68,0.0,0.0,,0
25,0.3333333333333333,0.6666666666666666,0.0,3.69,0.0,0.0,,0
25,0.3333333333333333,0.6666666666666666,0.0,3.7,0.0,0.0,,0
25,0.3333333333333333,0.6666666666666666,0.0,3.71,0.0,0.0,,0
25,0.3333333333333333,0.6666666666666666,0.0,3.72,0.0,0.0,,0
25,0.3333333333333333,0.6666666666666666,0.0,3.73,0.0,0.0,,0
25,0.3333333333333333,0.6666666666666666,0.0,3.74,0.0,0.0,,0
25,0.3333333333333333,0.6666666666666666,0.0,3.75,0.0,0.0,,0
25,0.3333333333333333,0.6666666666666666,0.0,3.76,0.0,0.0,,0
25,0.3333333333333333,0.6666666666666666,0.0,3.77,0.0,0.0,,0
25,0.3333333333333333,0.6666666666666666,0.0,3.78,0.0,0.0,,0
25,0.3333333333333333,0.6666666666666666,0.0,3.79,0.0,0.0,,0
25,0.3333333333333333,0.6666666666666666,0.0,3.8,0.0,0.0,,0
25,0.3333333333333333,0.6666666666666666,0.0,3.81,0.0,0.0,,0
25,0.3333333333333333,0.6666666666666666,0.0,3.82,0.0,0.0,,0
25,0.3333333333333333,0.6666666666666666,0.0,3.83,0.0,0.0,,0
25,0.3333333333333333,0.6666666666666666,0.0,3.84,0.0,0.0,,0
25,0.3333333333333333,0.6666666666666666,0.0,3.85,0.0,0.0,,0
25,0.3333333333333333,0.6666666666666666,0.0,3.86,0.0,0.0,,0
25,0.3333333333333333,0.6666666666666666,0.0,3.87,0.0,0.0,,0
25,0.3333333333333333,0.6666666666666666,0.0,3.88,0.0,0.0,,0
25,0.3333333333333333,0.6666666666666666,0.0,3.89,0.0,0.0,,0
25,0.3333333333333333,0.6666666666666666,0.0,3.9,0.0,0.0,,0
25,0.3333333333333333,0.6666666666666666,0.0,3.91,0.0,0.0,,0
25,0.3333333333333333,0.6666666666666666,0.0,3.92,0.0,0.0,,0
25,0.3333333333333333,0.6666666666666666,0.0,3.93,0.0,0.0,,0
25,0.3333333333333333,0.6666666666666666,0.0,3.94,0.0,0.0,,0
25,0.3333333333333333,0.6666666666666666,0.0,3.95,0.0,0.0,,0
25,0.3333333333333333,0.6666666666666666,0.0,3.96,0.0,0.0,,0
25,0.3333333333333333,0.6666666666666666,0.0,3.97,0.0,0.0,,0
25,0.3333333333333333,0.6666666666666666,0.0,3.98,0.0,0.0,,0
25,0.3333333333333333,0.6666666666666666,0.0,3.99,0.0,0.0,,0
25,0.3333333333333333,0.6666666666666666,0.0,4.0,0.0,0.0,,0
26,0.3055555555555555,0.611111111111111,0.0,0.5,0.0,0.0,,0
26,0.3055555555555555,0.611111111111111,0.0,0.51,0.0,0.0,,0
26,0.3055555555555555,0.611111111111111,0.0,0.52,0.0,0.0,,0
26,0.3055555555555555,0.611111111111111,0.0,0.53,0.0,0.0,,0
26,0.3055555555555555,0.611111111111111,0.0,0.54,0.0,0.0,,0
26,0.3055555555555555,0.611111111111111,0.0,0.55,0.0,0.0,,0
26,0.3055555555555555,0.611111111111111,0.0,0.56,0.0,0.0,,0
26,0.3055555555555555,0.611111111111111,0.0,0.57,0.0,0.0,,0
26,0.3055555555555555,0.611111111111111,0.0,0.58,0.0,0.0,,0
26,0.3055555555555555,0.611111111111111,0.0,0.59,0.0,0.0,,0
26,0.3055555555555555,0.611111111111111,0.0,0.6,0.0,0.0,,0
26,0.3055555555555555,0.611111111111111,0.0,0.61,0.0,0.0,,0
26,0.3055555555555555,0.611111111111111,0.0,0.62,0.0,0.0,,0
26,0.3055555555555555,0.611111111111111,0.0,0.63,0.0,0.0,,0
26,0.3055555555555555,0.611111111111111,0.0,0.64,0.0,0.0,,0
26,0.3055555555555555,0.611111111111111,0.0,0.65,0.0,0.0,,0
26,0.3055555555555555,0.611111111111111,0.0,0.66,0.0,0.0,,0
26,0.3055555555555555,0.611111111111111,0.0,0.67,0.0,0.0,,0
26,0.3055555555555555,0.611111111111111,0.0,0.68,0.0,0.0,,0
26,0.3055555555555555,0.611111111111111,0.0,0.69,0.0,0.0,,0
26,0.3055555555555555,0.611111111111111,0.0,0.7,0.0,0.0,,0
26,0.3055555555555555,0.611111111111111,0.0,0.71,0.0,0.0,,0
26,0.3055555555555555,0.611111111111111,0.0,0.72,0.0,0.0,,0
26,0.3055555555555555,0.611111111111111,0.0,0.73,0.0,0.0,,0
26,0.3055555555555555,0.611111111111111,0.0,0.74,0.0,0.0,,0
26,0.3055555555555555,0.611111111111111,0.0,0.75,0.0,0.0,,0
26,0.3055555555555555,0.611111111111111,0.0,0.76,0.0,0.0,,0
26,0.3055555555555555,0.611111111111111,0.0,0.77,0.0,0.0,,0
26,0.3055555555555555,0.611111111111111,0.0,0.78,0.0,0.0,,0
26,0.3055555555555555,0.611111111111111,0.0,0.79,0.0,0.0,,0
26,0.3055555555555555,0.611111111111111,0.0,0.8,0.0,0.0,,0
26,0.3055555555555555,0.611111111111111,0.0,0.81,0.0,0.0,,0
26,0.3055555555555555,0.611111111111111,0.0,0.82,0.0,0.0,,0
26,0.3055555555555555,0.611111111111111,0.0,0.83,0.0,0.0,,0
26,0.3055555555555555,0.611111111111111,0.0,0.84,0.0,0.0,,0
26,0.3055555555555555,0.611111111111111,0.0,0.85,0.0,0.0,,0
26,0.3055555555555555,0.611111111111111,0.0,0.86,0.0,0.0,,0
26,0.3055555555555555,0.611111111111111,0.0,0.87,0.0,0.0,,0
26,0.3055555555555555,0.611111111111111,0.0,0.88,0.0,0.0,,0
26,0.3055555555555555,0.611111111111111,0.0,0.89,0.0,0.0,,0
26,0.3055555555555555,0.611111111111111,0.0,0.9,0.0,0.0,,0
26,0.3055555555555555,0.611111111111111,0.0,0.91,0.0,0.0,,0
26,0.3055555555555555,0.611111111111111,0.0,0.92,0.0,0.0,,0
26,0.3055555555555555,0.611111111111111,0.0,0.93,0.0,0.0,,0
26,0.3055555555555555,0.611111111111111,0.0,0.94,0.0,0.0,,0
26,0.3055555555555555,0.611111111111111,0.0,0.95,0.0,0.0,,0
26,0.3055555555555555,0.611111111111111,0.0,0.96,0.0,0.0,,0
26,0.3055555555555555,0.611111111111111,0.0,0.97,0.0,0.0,,0
26,0.3055555555555555,0.611111111111111,0.0,0.98,0.0,0.0,,0
26,0.3055555555555555,0.611111111111111,0.0,0.99,0.0,0.0,,0
26,0.3055555555555555,0.611111111111111,0.0,1.0,0.0,0.0,,0
26,0.3055555555555555,0.611111111111111,0.0,1.01,0.0,0.0,,0
26,0.3055555555555555,0.611111111111111,0.0,1.02,0.0,0.0,,0
26,0.3055555555555555,0.611111111111111,0.0,1.03,0.0,0.0,,0
26,0.3055555555555555,0.611111111111111,0.0,1.04,0.0,0.0,,0
26,0.3055555555555555,0.611111111111111,0.0,1.05,0.0,0.0,,0
26,0.3055555555555555,0.611111111111111,0.0,1.06,0.0,0.0,,0
26,0.3055555555555555,0.611111111111111,0.0,1.07,0.0,0.0,,0
26,0.3055555555555555,0.611111111111111,0.0,1.08,0.0,0.0,,0
26,0.3055555555555555,0.611111111111111,0.0,1.09,0.0,0.0,,0
26,0.3055555555555555,0.611111111111111,0.0,1.1,0.0,0.0,,0
26,0.3055555555555555,0.611111111111111,0.0,1.11,0.0,0.0,,0
26,0.3055555555555555,0.611111111111111,0.0,1.12,0.0,0.0,,0
26,0.3055555555555555,0.611111111111111,0.0,1.13,0.0,0.0,,0
26,0.3055555555555555,0.611111111111111,0.0,1.14,0.0,0.0,,0
26,0.3055555555555555,0.611111111111111,0.0,1.15,0.0,0.0,,0
26,0.3055555555555555,0.611111111111111,0.0,1.16,0.0,0.0,,0
26,0.3055555555555555,0.611111111111111,0.0,1.17,0.0,0.0,,0
26,0.3055555555555555,0.611111111111111,0.0,1.18,0.0,0.0,,0
26,0.3055555555555555,0.611111111111111,0.0,1.19,0.0,0.0,,0
26,0.3055555555555555,0.611111111111111,0.0,1.2,0.0,0.0,,0
26,0.3055555555555555,0.611111111111111,0.0,1.21,0.0,0.0,,0
26,0.3055555555555555,0.611111111111111,0.0,1.22,0.0,0.0,,0
26,0.3055555555555555,0.611111111111111,0.0,1.23,0.0,0.0,,0
26,0.3055555555555555,0.611111111111111,0.0,1.24,0.0,0.0,,0
26,0.3055555555555555,0.611111111111111,0.0,1.25,0.0,0.0,,0
26,0.3055555555555555,0.611111111111111,0.0,1.26,0.0,0.0,,0
26,0.3055555555555555,0.611111111111111,0.0,1.27,0.0,0.0,,0
26,0.3055555555555555,0.611111111111111,0.0,1.28,0.0,0.0,,0
26,0.3055555555555555,0.611111111111111,0.0,1.29,0.0,0.0,,0
26,0.3055555555555555,0.611111111111111,0.0,1.3,0.0,0.0,,0
26,0.3055555555555555,0.611111111111111,0.0,1.31,0.0,0.0,,0
26,0.3055555555555555,0.611111111111111,0.0,1.32,0.0,0.0,,0
26,0.3055555555555555,0.611111111111111,0.0,1.33,0.0,0.0,,0
26,0.3055555555555555,0.611111111111111,0.0,1.34,0.0,0.0,,0
26,0.3055555555555555,0.611111111111111,0.0,1.35,0.0,0.0,,0
26,0.3055555555555555,0.611111111111111,0.0,1.36,0.0,0.0,,0
26,0.3055555555555555,0.611111111111111,0.0,1.37,0.0,0.0,,0
26,0.3055555555555555,0.611111111111111,0.0,1.38,0.0,0.0,,0
26,0.3055555555555555,0.611111111111111,0.0,1.39,0.0,0.0,,0
26,0.3055555555555555,0.611111111111111,0.0,1.4,0.0,0.0,,0
26,0.3055555555555555,0.611111111111111,0.0,1.41,0.0,0.0,,0
26,0.3055555555555555,0.611111111111111,0.0,1.42,0.0,0.0,,0
26,0.3055555555555555,0.611111111111111,0.0,1.43,0.0,0.0,,0
26,0.3055555555555555,0.611111111111111,0.0,1.44,0.0,0.0,,0
26,0.3055555555555555,0.611111111111111,0.0,1.45,0.0,0.0,,0
26,0.3055555555555555,0.611111111111111,0.0,1.46,0.0,0.0,,0
26,0.3055555555555555,0.611111111111111,0.0,1.47,0.0,0.0,,0
26,0.3055555555555555,0.611111111111111,0.0,1.48,0.0,0.0,,0
26,0.3055555555555555,0.611111111111111,0.0,1.49,0.0,0.0,,0
26,0.3055555555555555,0.611111111111111,0.0,1.5,0.0,0.0,,0
26,0.3055555555555555,0.611111111111111,0.0,1.51,0.0,0.0,,0
26,0.3055555555555555,0.611111111111111,0.0,1.52,0.0,0.0,,0
26,0.3055555555555555,0.611111111111111,0.0,1.53,0.0,0.0,,0
26,0.3055555555555555,0.611111111111111,0.0,1.54,0.0,0.0,,0
26,0.3055555555555555,0.611111111111111,0.0,1.55,0.0,0.0,,0
26,0.3055555555555555,0.611111111111111,0.0,1.56,0.0,0.0,,0
26,0.3055555555555555,0.611111111111111,0.0,1.57,0.0,0.0,,0
26,0.3055555555555555,0.611111111111111,0.0,1.58,0.0,0.0,,0
26,0.3055555555555555,0.611111111111111,0.0,1.59,0.0,0.0,,0
26,0.3055555555555555,0.611111111111111,0.0,1.6,0.0,0.0,,0
26,0.3055555555555555,0.611111111111111,0.0,1.61,0.0,0.0,,0
26,0.3055555555555555,0.611111111111111,0.0,1.62,0.0,0.0,,0
26,0.3055555555555555,0.611111111111111,0.0,1.63,0.0,0.0,,0
26,0.3055555555555555,0.611111111111111,0.0,1.64,0.0,0.0,,0
26,0.3055555555555555,0.611111111111111,0.0,1.65,0.0001,0.0001,0.0,1
26,0.3055555555555555,0.611111111111111,0.0,1.66,0.0002,0.0002,0.0,1
26,0.3055555555555555,0.611111111111111,0.0,1.67,0.0003,0.0003,0.0,1
26,0.3055555555555555,0.611111111111111,0.0,1.68,0.0005,0.0005,0.0,1
26,0.3055555555555555,0.611111111111111,0.0,1.69,0.0009,0.0009,0.0,1
26,0.3055555555555555,0.611111111111111,0.0,1.7,0.0014,0.0014,0.0,1
26,0.3055555555555555,0.611111111111111,0.0,1.71,0.0022,0.0022,0.0,1
26,0.3055555555555555,0.611111111111111,0.0,1.72,0.0033,0.0033,0.0,1
26,0.3055555555555555,0.611111111111111,0.0,1.73,0.0047,0.0047,0.0,1
26,0.3055555555555555,0.611111111111111,0.0,1.74,0.0066,0.0066,0.0,1
26,0.3055555555555555,0.611111111111111,0.0,1.75,0.0088,0.0088,0.0,1
26,0.3055555555555555,0.611111111111111,0.0,1.76,0.0114,0.0114,0.0,1
26,0.3055555555555555,0.611111111111111,0.0,1.77,0.0143,0.0143,0.0,1
26,0.3055555555555555,0.611111111111111,0.0,1.78,0.0173,0.0173,0.0,1
26,0.3055555555555555,0.611111111111111,0.0,1.79,0.0202,0.0202,0.0,1
26,0.3055555555555555,0.611111111111111,0.0,1.8,0.0227,0.0227,0.0,1
26,0.3055555555555555,0.611111111111111,0.0,1.81,0.0248,0.0248,0.0,1
26,0.3055555555555555,0.611111111111111,0.0,1.82,0.0261,0.0261,0.0,1
26,0.3055555555555555,0.611111111111111,0.0,1.83,0.0266,0.0266,0.0,1
26,0.3055555555555555,0.611111111111111,0.0,1.84,0.0263,0.0263,0.0,1
26,0.3055555555555555,0.611111111111111,0.0,1.85,0.0252,0.0252,0.0,1
26,0.3055555555555555,0.611111111111111,0.0,1.86,0.0235,0.0235,0.0,1
26,0.3055555555555555,0.611111111111111,0.0,1.87,0.0215,0.0215,0.0,1
26,0.3055555555555555,0.611111111111111,0.0,1.88,0.0194,0.0194,0.0,1
26,0.3055555555555555,0.611111111111111,0.0,1.89,0.0175,0.0175,0.0,1
26,0.3055555555555555,0.611111111111111,0.0,1.9,0.0161,0.0161,0.0,1
26,0.3055555555555555,0.611111111111111,0.0,1.91,0.0152,0.0152,0.0,1
26,0.3055555555555555,0.611111111111111,0.0,1.92,0.0151,0.0151,0.0,1
26,0.3055555555555555,0.611111111111111,0.0,1.93,0.0156,0.0156,0.0,1
26,0.3055555555555555,0.611111111111111,0.0,1.94,0.0166,0.0166,0.0,1
26,0.3055555555555555,0.611111111111111,0.0,1.95,0.018,0.018,0.0,1
26,0.3055555555555555,0.611111111111111,0.0,1.96,0.0195,0.0195,0.0,1
26,0.3055555555555555,0.611111111111111,0.0,1.97,0.0208,0.0208,0.0,1
26,0.3055555555555555,0.611111111111111,0.0,1.98,0.0218,0.0218,0.0,1
26,0.3055555555555555,0.611111111111111,0.0,1.99,0.0222,0.0222,0.0,1
26,0.3055555555555555,0.611111111111111,0.0,2.0,0.022,0.022,0.0,1
26,0.3055555555555555,0.611111111111111,0.0,2.01,0.0211,0.0211,0.0,1
26,0.3055555555555555,0.611111111111111,0.0,2.02,0.0195,0.0195,0.0,1
26,0.3055555555555555,0.611111111111111,0.0,2.03,0.0175,0.0175,0.0,1
26,0.3055555555555555,0.611111111111111,0.0,2.04,0.0152,0.0152,0.0,1
26,0.3055555555555555,0.611111111111111,0.0,2.05,0.0127,0.0127,0.0,1
26,0.3055555555555555,0.611111111111111,0.0,2.06,0.0103,0.0103,0.0,1
26,0.3055555555555555,0.611111111111111,0.0,2.07,0.008,0.008,0.0,1
26,0.3055555555555555,0.611111111111111,0.0,2.08,0.006,0.006,0.0,1
26,0.3055555555555555,0.611111111111111,0.0,2.09,0.0044,0.0044,0.0,1
26,0.3055555555555555,0.611111111111111,0.0,2.1,0.0031,0.0031,0.0,1
26,0.3055555555555555,0.611111111111111,0.0,2.11,0.0021,0.0021,0.0,1
26,0.3055555555555555,0.611111111111111,0.0,2.12,0.0014,0.0014,0.0,1
26,0.3055555555555555,0.611111111111111,0.0,2.13,0.0008,0.0008,0.0,1
26,0.3055555555555555,0.611111111111111,0.0,2.14,0.0005,0.0005,0.0,1
26,0.3055555555555555,0.611111111111111,0.0,2.15,0.0003,0.0003,0.0,1
26,0.3055555555555555,0.611111111111111,0.0,2.16,0.0002,0.0002,0.0,1
26,0.3055555555555555,0.611111111111111,0.0,2.17,0.0001,0.0001,0.0,1
26,0.3055555555555555,0.611111111111111,0.0,2.18,0.0,0.0,,0
26,0.3055555555555555,0.611111111111111,0.0,2.19,0.0,0.0,,0
26,0.3055555555555555,0.611111111111111,0.0,2.2,0.0,0.0,,0
26,0.3055555555555555,0.611111111111111,0.0,2.21,0.0,0.0,,0
26,0.3055555555555555,0.611111111111111,0.0,2.22,0.0,0.0,,0
26,0.3055555555555555,0.611111111111111,0.0,2.23,0.0,0.0,,0
26,0.3055555555555555,0.611111111111111,0.0,2.24,0.0,0.0,,0
26,0.3055555555555555,0.611111111111111,0.0,2.25,0.0,0.0,,0
26,0.3055555555555555,0.611111111111111,0.0,2.26,0.0,0.0,,0
26,0.3055555555555555,0.611111111111111,0.0,2.27,0.0,0.0,,0
26,0.3055555555555555,0.611111111111111,0.0,2.28,0.0,0.0,,0
26,0.3055555555555555,0.611111111111111,0.0,2.29,0.0,0.0,,0
26,0.3055555555555555,0.611111111111111,0.0,2.3,0.0,0.0,,0
26,0.3055555555555555,0.611111111111111,0.0,2.31,0.0,0.0,,0
26,0.3055555555555555,0.611111111111111,0.0,2.32,0.0,0.0,,0
26,0.3055555555555555,0.611111111111111,0.0,2.33,0.0,0.0,,0
26,0.3055555555555555,0.611111111111111,0.0,2.34,0.0,0.0,,0
26,0.3055555555555555,0.611111111111111,0.0,2.35,0.0,0.0,,0
26,0.3055555555555555,0.611111111111111,0.0,2.36,0.0,0.0,,0
26,0.3055555555555555,0.611111111111111,0.0,2.37,0.0,0.0,,0
26,0.3055555555555555,0.611111111111111,0.0,2.38,0.0,0.0,,0
26,0.3055555555555555,0.611111111111111,0.0,2.39,0.0,0.0,,0
26,0.3055555555555555,0.611111111111111,0.0,2.4,0.0,0.0,,0
26,0.3055555555555555,0.611111111111111,0.0,2.41,0.0,0.0,,0
26,0.3055555555555555,0.611111111111111,0.0,2.42,0.0,0.0,,0
26,0.3055555555555555,0.611111111111111,0.0,2.43,0.0,0.0,,0
26,0.3055555555555555,0.611111111111111,0.0,2.44,0.0,0.0,,0
26,0.3055555555555555,0.611111111111111,0.0,2.45,0.0,0.0,,0
26,0.3055555555555555,0.611111111111111,0.0,2.46,0.0,0.0,,0
26,0.3055555555555555,0.611111111111111,0.0,2.47,0.0,0.0,,0
26,0.3055555555555555,0.611111111111111,0.0,2.48,0.0,0.0,,0
26,0.3055555555555555,0.611111111111111,0.0,2.49,0.0,0.0,,0
26,0.3055555555555555,0.611111111111111,0.0,2.5,0.0,0.0,,0
26,0.3055555555555555,0.611111111111111,0.0,2.51,0.0,0.0,,0
26,0.3055555555555555,0.611111111111111,0.0,2.52,0.0,0.0,,0
26,0.3055555555555555,0.611111111111111,0.0,2.53,0.0,0.0,,0
26,0.3055555555555555,0.611111111111111,0.0,2.54,0.0,0.0,,0
26,0.3055555555555555,0.611111111111111,0.0,2.55,0.0,0.0,,0
26,0.3055555555555555,0.611111111111111,0.0,2.56,0.0,0.0,,0
26,0.3055555555555555,0.611111111111111,0.0,2.57,0.0,0.0,,0
26,0.3055555555555555,0.611111111111111,0.0,2.58,0.0,0.0,,0
26,0.3055555555555555,0.611111111111111,0.0,2.59,0.0,0.0,,0
26,0.3055555555555555,0.611111111111111,0.0,2.6,0.0,0.0,,0
26,0.3055555555555555,0.611111111111111,0.0,2.61,0.0,0.0,,0
26,0.3055555555555555,0.611111111111111,0.0,2.62,0.0,0.0,,0
26,0.3055555555555555,0.611111111111111,0.0,2.63,0.0,0.0,,0
26,0.3055555555555555,0.611111111111111,0.0,2.64,0.0,0.0,,0
26,0.3055555555555555,0.611111111111111,0.0,2.65,0.0,0.0,,0
26,0.3055555555555555,0.611111111111111,0.0,2.66,0.0,0.0,,0
26,0.3055555555555555,0.611111111111111,0.0,2.67,0.0,0.0,,0
26,0.3055555555555555,0.611111111111111,0.0,2.68,0.0,0.0,,0
26,0.3055555555555555,0.611111111111111,0.0,2.69,0.0,0.0,,0
26,0.3055555555555555,0.611111111111111,0.0,2.7,0.0,0.0,,0
26,0.3055555555555555,0.611111111111111,0.0,2.71,0.0,0.0,,0
26,0.3055555555555555,0.611111111111111,0.0,2.72,0.0,0.0,,0
26,0.3055555555555555,0.611111111111111,0.0,2.73,0.0,0.0,,0
26,0.3055555555555555,0.611111111111111,0.0,2.74,0.0,0.0,,0
26,0.3055555555555555,0.611111111111111,0.0,2.75,0.0,0.0,,0
26,0.3055555555555555,0.611111111111111,0.0,2.76,0.0,0.0,,0
26,0.3055555555555555,0.611111111111111,0.0,2.77,0.0,0.0,,0
26,0.3055555555555555,0.611111111111111,0.0,2.78,0.0,0.0,,0
26,0.3055555555555555,0.611111111111111,0.0,2.79,0.0,0.0,,0
26,0.3055555555555555,0.611111111111111,0.0,2.8,0.0,0.0,,0
26,0.3055555555555555,0.611111111111111,0.0,2.81,0.0,0.0,,0
26,0.3055555555555555,0.611111111111111,0.0,2.82,0.0,0.0,,0
26,0.3055555555555555,0.611111111111111,0.0,2.83,0.0,0.0,,0
26,0.3055555555555555,0.611111111111111,0.0,2.84,0.0,0.0,,0
26,0.3055555555555555,0.611111111111111,0.0,2.85,0.0,0.0,,0
26,0.3055555555555555,0.611111111111111,0.0,2.86,0.0,0.0,,0
26,0.3055555555555555,0.611111111111111,0.0,2.87,0.0,0.0,,0
26,0.3055555555555555,0.611111111111111,0.0,2.88,0.0,0.0,,0
26,0.3055555555555555,0.611111111111111,0.0,2.89,0.0,0.0,,0
26,0.3055555555555555,0.611111111111111,0.0,2.9,0.0,0.0,,0
26,0.3055555555555555,0.611111111111111,0.0,2.91,0.0,0.0,,0
26,0.3055555555555555,0.611111111111111,0.0,2.92,0.0,0.0,,0
26,0.3055555555555555,0.611111111111111,0.0,2.93,0.0,0.0,,0
26,0.3055555555555555,0.611111111111111,0.0,2.94,0.0,0.0,,0
26,0.3055555555555555,0.611111111111111,0.0,2.95,0.0,0.0,,0
26,0.3055555555555555,0.611111111111111,0.0,2.96,0.0,0.0,,0
26,0.3055555555555555,0.611111111111111,0.0,2.97,0.0,0.0,,0
26,0.3055555555555555,0.611111111111111,0.0,2.98,0.0,0.0,,0
26,0.3055555555555555,0.611111111111111,0.0,2.99,0.0,0.0,,0
26,0.3055555555555555,0.611111111111111,0.0,3.0,0.0,0.0,,0
26,0.3055555555555555,0.611111111111111,0.0,3.01,0.0,0.0,,0
26,0.3055555555555555,0.611111111111111,0.0,3.02,0.0,0.0,,0
26,0.3055555555555555,0.611111111111111,0.0,3.03,0.0,0.0,,0
26,0.3055555555555555,0.611111111111111,0.0,3.04,0.0,0.0,,0
26,0.3055555555555555,0.611111111111111,0.0,3.05,0.0,0.0,,0
26,0.3055555555555555,0.611111111111111,0.0,3.06,0.0,0.0,,0
26,0.3055555555555555,0.611111111111111,0.0,3.07,0.0,0.0,,0
26,0.3055555555555555,0.611111111111111,0.0,3.08,0.0,0.0,,0
26,0.3055555555555555,0.611111111111111,0.0,3.09,0.0,0.0,,0
26,0.3055555555555555,0.611111111111111,0.0,3.1,0.0,0.0,,0
26,0.3055555555555555,0.611111111111111,0.0,3.11,0.0,0.0,,0
26,0.3055555555555555,0.611111111111111,0.0,3.12,0.0,0.0,,0
26,0.3055555555555555,0.611111111111111,0.0,3.13,0.0,0.0,,0
26,0.3055555555555555,0.611111111111111,0.0,3.14,0.0,0.0,,0
26,0.3055555555555555,0.611111111111111,0.0,3.15,0.0,0.0,,0
26,0.3055555555555555,0.611111111111111,0.0,3.16,0.0,0.0,,0
26,0.3055555555555555,0.611111111111111,0.0,3.17,0.0,0.0,,0
26,0.3055555555555555,0.611111111111111,0.0,3.18,0.0,0.0,,0
26,0.3055555555555555,0.611111111111111,0.0,3.19,0.0,0.0,,0
26,0.3055555555555555,0.611111111111111,0.0,3.2,0.0,0.0,,0
26,0.3055555555555555,0.611111111111111,0.0,3.21,0.0,0.0,,0
26,0.3055555555555555,0.611111111111111,0.0,3.22,0.0,0.0,,0
26,0.3055555555555555,0.611111111111111,0.0,3.23,0.0,0.0,,0
26,0.3055555555555555,0.611111111111111,0.0,3.24,0.0,0.0,,0
26,0.3055555555555555,0.611111111111111,0.0,3.25,0.0,0.0,,0
26,0.3055555555555555,0.611111111111111,0.0,3.26,0.0,0.0,,0
26,0.3055555555555555,0.611111111111111,0.0,3.27,0.0,0.0,,0
26,0.3055555555555555,0.611111111111111,0.0,3.28,0.0,0.0,,0
26,0.3055555555555555,0.611111111111111,0.0,3.29,0.0,0.0,,0
26,0.3055555555555555,0.611111111111111,0.0,3.3,0.0,0.0,,0
26,0.3055555555555555,0.611111111111111,0.0,3.31,0.0,0.0,,0
26,0.3055555555555555,0.611111111111111,0.0,3.32,0.0,0.0,,0
26,0.3055555555555555,0.611111111111111,0.0,3.33,0.0,0.0,,0
26,0.3055555555555555,0.611111111111111,0.0,3.34,0.0,0.0,,0
26,0.3055555555555555,0.611111111111111,0.0,3.35,0.0,0.0,,0
26,0.3055555555555555,0.611111111111111,0.0,3.36,0.0,0.0,,0
26,0.3055555555555555,0.611111111111111,0.0,3.37,0.0,0.0,,0
26,0.3055555555555555,0.611111111111111,0.0,3.38,0.0,0.0,,0
26,0.3055555555555555,0.611111111111111,0.0,3.39,0.0,0.0,,0
26,0.3055555555555555,0.611111111111111,0.0,3.4,0.0,0.0,,0
26,0.3055555555555555,0.611111111111111,0.0,3.41,0.0,0.0,,0
26,0.3055555555555555,0.611111111111111,0.0,3.42,0.0,0.0,,0
26,0.3055555555555555,0.611111111111111,0.0,3.43,0.0,0.0,,0
26,0.3055555555555555,0.611111111111111,0.0,3.44,0.0,0.0,,0
26,0.3055555555555555,0.611111111111111,0.0,3.45,0.0,0.0,,0
26,0.3055555555555555,0.611111111111111,0.0,3.46,0.0,0.0,,0
26,0.3055555555555555,0.611111111111111,0.0,3.47,0.0,0.0,,0
26,0.3055555555555555,0.611111111111111,0.0,3.48,0.0,0.0,,0
26,0.3055555555555555,0.611111111111111,0.0,3.49,0.0,0.0,,0
26,0.3055555555555555,0.611111111111111,0.0,3.5,0.0,0.0,,0
26,0.3055555555555555,0.611111111111111,0.0,3.51,0.0,0.0,,0
26,0.3055555555555555,0.611111111111111,0.0,3.52,0.0,0.0,,0
26,0.3055555555555555,0.611111111111111,0.0,3.53,0.0,0.0,,0
26,0.3055555555555555,0.611111111111111,0.0,3.54,0.0,0.0,,0
26,0.3055555555555555,0.611111111111111,0.0,3.55,0.0,0.0,,0
26,0.3055555555555555,0.611111111111111,0.0,3.56,0.0,0.0,,0
26,0.3055555555555555,0.611111111111111,0.0,3.57,0.0,0.0,,0
26,0.3055555555555555,0.611111111111111,0.0,3.58,0.0,0.0,,0
26,0.3055555555555555,0.611111111111111,0.0,3.59,0.0,0.0,,0
26,0.3055555555555555,0.611111111111111,0.0,3.6,0.0,0.0,,0
26,0.3055555555555555,0.611111111111111,0.0,3.61,0.0,0.0,,0
26,0.3055555555555555,0.611111111111111,0.0,3.62,0.0,0.0,,0
26,0.3055555555555555,0.611111111111111,0.0,3.63,0.0,0.0,,0
26,0.3055555555555555,0.611111111111111,0.0,3.64,0.0,0.0,,0
26,0.3055555555555555,0.611111111111111,0.0,3.65,0.0,0.0,,0
26,0.3055555555555555,0.611111111111111,0.0,3.66,0.0,0.0,,0
26,0.3055555555555555,0.611111111111111,0.0,3.67,0.0,0.0,,0
26,0.3055555555555555,0.611111111111111,0.0,3.68,0.0,0.0,,0
26,0.3055555555555555,0.611111111111111,0.0,3.69,0.0,0.0,,0
26,0.3055555555555555,0.611111111111111,0.0,3.7,0.0,0.0,,0
26,0.3055555555555555,0.611111111111111,0.0,3.71,0.0,0.0,,0
26,0.3055555555555555,0.611111111111111,0.0,3.72,0.0,0.0,,0
26,0.3055555555555555,0.611111111111111,0.0,3.73,0.0,0.0,,0
26,0.3055555555555555,0.611111111111111,0.0,3.74,0.0,0.0,,0
26,0.3055555555555555,0.611111111111111,0.0,3.75,0.0,0.0,,0
26,0.3055555555555555,0.611111111111111,0.0,3.76,0.0,0.0,,0
26,0.3055555555555555,0.611111111111111,0.0,3.77,0.0,0.0,,0
26,0.3055555555555555,0.611111111111111,0.0,3.78,0.0,0.0,,0
26,0.3055555555555555,0.611111111111111,0.0,3.79,0.0,0.0,,0
26,0.3055555555555555,0.611111111111111,0.0,3.8,0.0,0.0,,0
26,0.3055555555555555,0.611111111111111,0.0,3.81,0.0,0.0,,0
26,0.3055555555555555,0.611111111111111,0.0,3.82,0.0,0.0,,0
26,0.3055555555555555,0.611111111111111,0.0,3.83,0.0,0.0,,0
26,0.3055555555555555,0.611111111111111,0.0,3.84,0.0,0.0,,0
26,0.3055555555555555,0.611111111111111,0.0,3.85,0.0,0.0,,0
26,0.3055555555555555,0.611111111111111,0.0,3.86,0.0,0.0,,0
26,0.3055555555555555,0.611111111111111,0.0,3.87,0.0,0.0,,0
26,0.3055555555555555,0.611111111111111,0.0,3.88,0.0,0.0,,0
26,0.3055555555555555,0.611111111111111,0.0,3.89,0.0,0.0,,0
26,0.3055555555555555,0.611111111111111,0.0,3.9,0.0,0.0,,0
26,0.3055555555555555,0.611111111111111,0.0,3.91,0.0,0.0,,0
26,0.3055555555555555,0.611111111111111,0.0,3.92,0.0,0.0,,0
26,0.3055555555555555,0.611111111111111,0.0,3.93,0.0,0.0,,0
26,0.3055555555555555,0.611111111111111,0.0,3.94,0.0,0.0,,0
26,0.3055555555555555,0.611111111111111,0.0,3.95,0.0,0.0,,0
26,0.3055555555555555,0.611111111111111,0.0,3.96,0.0,0.0,,0
26,0.3055555555555555,0.611111111111111,0.0,3.97,0.0,0.0,,0
26,0.3055555555555555,0.611111111111111,0.0,3.98,0.0,0.0,,0
26,0.3055555555555555,0.611111111111111,0.0,3.99,0.0,0.0,,0
26,0.3055555555555555,0.611111111111111,0.0,4.0,0.0,0.0,,0
27,0.2777777777777778,0.5555555555555556,0.0,0.5,0.0,0.0,,0
27,0.2777777777777778,0.5555555555555556,0.0,0.51,0.0,0.0,,0
27,0.2777777777777778,0.5555555555555556,0.0,0.52,0.0,0.0,,0
27,0.2777777777777778,0.5555555555555556,0.0,0.53,0.0,0.0,,0
27,0.2777777777777778,0.5555555555555556,0.0,0.54,0.0,0.0,,0
27,0.2777777777777778,0.5555555555555556,0.0,0.55,0.0,0.0,,0
27,0.2777777777777778,0.5555555555555556,0.0,0.56,0.0,0.0,,0
27,0.2777777777777778,0.5555555555555556,0.0,0.57,0.0,0.0,,0
27,0.2777777777777778,0.5555555555555556,0.0,0.58,0.0,0.0,,0
27,0.2777777777777778,0.5555555555555556,0.0,0.59,0.0,0.0,,0
27,0.2777777777777778,0.5555555555555556,0.0,0.6,0.0,0.0,,0
27,0.2777777777777778,0.5555555555555556,0.0,0.61,0.0,0.0,,0
27,0.2777777777777778,0.5555555555555556,0.0,0.62,0.0,0.0,,0
27,0.2777777777777778,0.5555555555555556,0.0,0.63,0.0,0.0,,0
27,0.2777777777777778,0.5555555555555556,0.0,0.64,0.0,0.0,,0
27,0.2777777777777778,0.5555555555555556,0.0,0.65,0.0,0.0,,0
27,0.2777777777777778,0.5555555555555556,0.0,0.66,0.0,0.0,,0
27,0.2777777777777778,0.5555555555555556,0.0,0.67,0.0,0.0,,0
27,0.2777777777777778,0.5555555555555556,0.0,0.68,0.0,0.0,,0
27,0.2777777777777778,0.5555555555555556,0.0,0.69,0.0,0.0,,0
27,0.2777777777777778,0.5555555555555556,0.0,0.7,0.0,0.0,,0
27,0.2777777777777778,0.5555555555555556,0.0,0.71,0.0,0.0,,0
27,0.2777777777777778,0.5555555555555556,0.0,0.72,0.0,0.0,,0
27,0.2777777777777778,0.5555555555555556,0.0,0.73,0.0,0.0,,0
27,0.2777777777777778,0.5555555555555556,0.0,0.74,0.0,0.0,,0
27,0.2777777777777778,0.5555555555555556,0.0,0.75,0.0,0.0,,0
27,0.2777777777777778,0.5555555555555556,0.0,0.76,0.0,0.0,,0
27,0.2777777777777778,0.5555555555555556,0.0,0.77,0.0,0.0,,0
27,0.2777777777777778,0.5555555555555556,0.0,0.78,0.0,0.0,,0
27,0.2777777777777778,0.5555555555555556,0.0,0.79,0.0,0.0,,0
27,0.2777777777777778,0.5555555555555556,0.0,0.8,0.0,0.0,,0
27,0.2777777777777778,0.5555555555555556,0.0,0.81,0.0,0.0,,0
27,0.2777777777777778,0.5555555555555556,0.0,0.82,0.0,0.0,,0
27,0.2777777777777778,0.5555555555555556,0.0,0.83,0.0,0.0,,0
27,0.2777777777777778,0.5555555555555556,0.0,0.84,0.0,0.0,,0
27,0.2777777777777778,0.5555555555555556,0.0,0.85,0.0,0.0,,0
27,0.2777777777777778,0.5555555555555556,0.0,0.86,0.0,0.0,,0
27,0.2777777777777778,0.5555555555555556,0.0,0.87,0.0,0.0,,0
27,0.2777777777777778,0.5555555555555556,0.0,0.88,0.0,0.0,,0
27,0.2777777777777778,0.5555555555555556,0.0,0.89,0.0,0.0,,0
27,0.2777777777777778,0.5555555555555556,0.0,0.9,0.0,0.0,,0
27,0.2777777777777778,0.5555555555555556,0.0,0.91,0.0,0.0,,0
27,0.2777777777777778,0.5555555555555556,0.0,0.92,0.0,0.0,,0
27,0.2777777777777778,0.5555555555555556,0.0,0.93,0.0,0.0,,0
27,0.2777777777777778,0.5555555555555556,0.0,0.94,0.0,0.0,,0
27,0.2777777777777778,0.5555555555555556,0.0,0.95,0.0,0.0,,0
27,0.2777777777777778,0.5555555555555556,0.0,0.96,0.0,0.0,,0
27,0.2777777777777778,0.5555555555555556,0.0,0.97,0.0,0.0,,0
27,0.2777777777777778,0.5555555555555556,0.0,0.98,0.0,0.0,,0
27,0.2777777777777778,0.5555555555555556,0.0,0.99,0.0,0.0,,0
27,0.2777777777777778,0.5555555555555556,0.0,1.0,0.0,0.0,,0
27,0.2777777777777778,0.5555555555555556,0.0,1.01,0.0,0.0,,0
27,0.2777777777777778,0.5555555555555556,0.0,1.02,0.0,0.0,,0
27,0.2777777777777778,0.5555555555555556,0.0,1.03,0.0,0.0,,0
27,0.2777777777777778,0.5555555555555556,0.0,1.04,0.0,0.0,,0
27,0.2777777777777778,0.5555555555555556,0.0,1.05,0.0,0.0,,0
27,0.2777777777777778,0.5555555555555556,0.0,1.06,0.0,0.0,,0
27,0.2777777777777778,0.5555555555555556,0.0,1.07,0.0,0.0,,0
27,0.2777777777777778,0.5555555555555556,0.0,1.08,0.0,0.0,,0
27,0.2777777777777778,0.5555555555555556,0.0,1.09,0.0,0.0,,0
27,0.2777777777777778,0.5555555555555556,0.0,1.1,0.0,0.0,,0
27,0.2777777777777778,0.5555555555555556,0.0,1.11,0.0,0.0,,0
27,0.2777777777777778,0.5555555555555556,0.0,1.12,0.0,0.0,,0
27,0.2777777777777778,0.5555555555555556,0.0,1.13,0.0,0.0,,0
27,0.2777777777777778,0.5555555555555556,0.0,1.14,0.0,0.0,,0
27,0.2777777777777778,0.5555555555555556,0.0,1.15,0.0,0.0,,0
27,0.2777777777777778,0.5555555555555556,0.0,1.16,0.0,0.0,,0
27,0.2777777777777778,0.5555555555555556,0.0,1.17,0.0,0.0,,0
27,0.2777777777777778,0.5555555555555556,0.0,1.18,0.0,0.0,,0
27,0.2777777777777778,0.5555555555555556,0.0,1.19,0.0,0.0,,0
27,0.2777777777777778,0.5555555555555556,0.0,1.2,0.0,0.0,,0
27,0.2777777777777778,0.5555555555555556,0.0,1.21,0.0,0.0,,0
27,0.2777777777777778,0.5555555555555556,0.0,1.22,0.0,0.0,,0
27,0.2777777777777778,0.5555555555555556,0.0,1.23,0.0,0.0,,0
27,0.2777777777777778,0.5555555555555556,0.0,1.24,0.0,0.0,,0
27,0.2777777777777778,0.5555555555555556,0.0,1.25,0.0,0.0,,0
27,0.2777777777777778,0.5555555555555556,0.0,1.26,0.0,0.0,,0
27,0.2777777777777778,0.5555555555555556,0.0,1.27,0.0,0.0,,0
27,0.2777777777777778,0.5555555555555556,0.0,1.28,0.0,0.0,,0
27,0.2777777777777778,0.5555555555555556,0.0,1.29,0.0,0.0,,0
27,0.2777777777777778,0.5555555555555556,0.0,1.3,0.0,0.0,,0
27,0.2777777777777778,0.5555555555555556,0.0,1.31,0.0,0.0,,0
27,0.2777777777777778,0.5555555555555556,0.0,1.32,0.0,0.0,,0
27,0.2777777777777778,0.5555555555555556,0.0,1.33,0.0,0.0,,0
27,0.2777777777777778,0.5555555555555556,0.0,1.34,0.0,0.0,,0
27,0.2777777777777778,0.5555555555555556,0.0,1.35,0.0,0.0,,0
27,0.2777777777777778,0.5555555555555556,0.0,1.36,0.0,0.0,,0
27,0.2777777777777778,0.5555555555555556,0.0,1.37,0.0,0.0,,0
27,0.2777777777777778,0.5555555555555556,0.0,1.38,0.0,0.0,,0
27,0.2777777777777778,0.5555555555555556,0.0,1.39,0.0,0.0,,0
27,0.2777777777777778,0.5555555555555556,0.0,1.4,0.0,0.0,,0
27,0.2777777777777778,0.5555555555555556,0.0,1.41,0.0,0.0,,0
27,0.2777777777777778,0.5555555555555556,0.0,1.42,0.0,0.0,,0
27,0.2777777777777778,0.5555555555555556,0.0,1.43,0.0,0.0,,0
27,0.2777777777777778,0.5555555555555556,0.0,1.44,0.0,0.0,,0
27,0.2777777777777778,0.5555555555555556,0.0,1.45,0.0,0.0,,0
27,0.2777777777777778,0.5555555555555556,0.0,1.46,0.0,0.0,,0
27,0.2777777777777778,0.5555555555555556,0.0,1.47,0.0,0.0,,0
27,0.2777777777777778,0.5555555555555556,0.0,1.48,0.0,0.0,,0
27,0.2777777777777778,0.5555555555555556,0.0,1.49,0.0,0.0,,0
27,0.2777777777777778,0.5555555555555556,0.0,1.5,0.0,0.0,,0
27,0.2777777777777778,0.5555555555555556,0.0,1.51,0.0,0.0,,0
27,0.2777777777777778,0.5555555555555556,0.0,1.52,0.0,0.0,,0
27,0.2777777777777778,0.5555555555555556,0.0,1.53,0.0,0.0,,0
27,0.2777777777777778,0.5555555555555556,0.0,1.54,0.0,0.0,,0
27,0.2777777777777778,0.5555555555555556,0.0,1.55,0.0,0.0,,0
27,0.2777777777777778,0.5555555555555556,0.0,1.56,0.0,0.0,,0
27,0.2777777777777778,0.5555555555555556,0.0,1.57,0.0,0.0,,0
27,0.2777777777777778,0.5555555555555556,0.0,1.58,0.0,0.0,,0
27,0.2777777777777778,0.5555555555555556,0.0,1.59,0.0,0.0,,0
27,0.2777777777777778,0.5555555555555556,0.0,1.6,0.0,0.0,,0
27,0.2777777777777778,0.5555555555555556,0.0,1.61,0.0,0.0,,0
27,0.2777777777777778,0.5555555555555556,0.0,1.62,0.0,0.0,,0
27,0.2777777777777778,0.5555555555555556,0.0,1.63,0.0,0.0,,0
27,0.2777777777777778,0.5555555555555556,0.0,1.64,0.0,0.0,,0
27,0.2777777777777778,0.5555555555555556,0.0,1.65,0.0,0.0,,0
27,0.2777777777777778,0.5555555555555556,0.0,1.66,0.0,0.0,,0
27,0.2777777777777778,0.5555555555555556,0.0,1.67,0.0,0.0,,0
27,0.2777777777777778,0.5555555555555556,0.0,1.68,0.0,0.0,,0
27,0.2777777777777778,0.5555555555555556,0.0,1.69,0.0,0.0,,0
27,0.2777777777777778,0.5555555555555556,0.0,1.7,0.0,0.0,,0
27,0.2777777777777778,0.5555555555555556,0.0,1.71,0.0,0.0,,0
27,0.2777777777777778,0.5555555555555556,0.0,1.72,0.0,0.0,,0
27,0.2777777777777778,0.5555555555555556,0.0,1.73,0.0,0.0,,0
27,0.2777777777777778,0.5555555555555556,0.0,1.74,0.0,0.0,,0
27,0.2777777777777778,0.5555555555555556,0.0,1.75,0.0,0.0,,0
27,0.2777777777777778,0.5555555555555556,0.0,1.76,0.0,0.0,,0
27,0.2777777777777778,0.5555555555555556,0.0,1.77,0.0,0.0,,0
27,0.2777777777777778,0.5555555555555556,0.0,1.78,0.0,0.0,,0
27,0.2777777777777778,0.5555555555555556,0.0,1.79,0.0,0.0,,0
27,0.2777777777777778,0.5555555555555556,0.0,1.8,0.0,0.0,,0
27,0.2777777777777778,0.5555555555555556,0.0,1.81,0.0,0.0,,0
27,0.2777777777777778,0.5555555555555556,0.0,1.82,0.0,0.0,,0
27,0.2777777777777778,0.5555555555555556,0.0,1.83,0.0,0.0,,0
27,0.2777777777777778,0.5555555555555556,0.0,1.84,0.0,0.0,,0
27,0.2777777777777778,0.5555555555555556,0.0,1.85,0.0,0.0,,0
27,0.2777777777777778,0.5555555555555556,0.0,1.86,0.0,0.0,,0
27,0.2777777777777778,0.5555555555555556,0.0,1.87,0.0,0.0,,0
27,0.2777777777777778,0.5555555555555556,0.0,1.88,0.0,0.0,,0
27,0.2777777777777778,0.5555555555555556,0.0,1.89,0.0,0.0,,0
27,0.2777777777777778,0.5555555555555556,0.0,1.9,0.0,0.0,,0
27,0.2777777777777778,0.5555555555555556,0.0,1.91,0.0,0.0,,0
27,0.2777777777777778,0.5555555555555556,0.0,1.92,0.0,0.0,,0
27,0.2777777777777778,0.5555555555555556,0.0,1.93,0.0,0.0,,0
27,0.2777777777777778,0.5555555555555556,0.0,1.94,0.0,0.0,,0
27,0.2777777777777778,0.5555555555555556,0.0,1.95,0.0,0.0,,0
27,0.2777777777777778,0.5555555555555556,0.0,1.96,0.0,0.0,,0
27,0.2777777777777778,0.5555555555555556,0.0,1.97,0.0001,0.0001,0.0,1
27,0.2777777777777778,0.5555555555555556,0.0,1.98,0.0002,0.0002,0.0,1
27,0.2777777777777778,0.5555555555555556,0.0,1.99,0.0003,0.0003,0.0,1
27,0.2777777777777778,0.5555555555555556,0.0,2.0,0.0004,0.0004,0.0,1
27,0.2777777777777778,0.5555555555555556,0.0,2.01,0.0007,0.0007,0.0,1
27,0.2777777777777778,0.5555555555555556,0.0,2.02,0.0011,0.0011,0.0,1
27,0.2777777777777778,0.5555555555555556,0.0,2.03,0.0016,0.0016,0.0,1
27,0.2777777777777778,0.5555555555555556,0.0,2.04,0.0023,0.0023,0.0,1
27,0.2777777777777778,0.5555555555555556,0.0,2.05,0.0032,0.0032,0.0,1
27,0.2777777777777778,0.5555555555555556,0.0,2.06,0.0042,0.0042,0.0,1
27,0.2777777777777778,0.5555555555555556,0.0,2.07,0.0053,0.0053,0.0,1
27,0.2777777777777778,0.5555555555555556,0.0,2.08,0.0064,0.0064,0.0,1
27,0.2777777777777778,0.5555555555555556,0.0,2.09,0.0075,0.0075,0.0,1
27,0.2777777777777778,0.5555555555555556,0.0,2.1,0.0085,0.0085,0.0,1
27,0.2777777777777778,0.5555555555555556,0.0,2.11,0.0092,0.0092,0.0,1
27,0.2777777777777778,0.5555555555555556,0.0,2.12,0.0096,0.0096,0.0,1
27,0.2777777777777778,0.5555555555555556,0.0,2.13,0.0097,0.0097,0.0,1
27,0.2777777777777778,0.5555555555555556,0.0,2.14,0.0095,0.0095,0.0,1
27,0.2777777777777778,0.5555555555555556,0.0,2.15,0.0092,0.0092,0.0,1
27,0.2777777777777778,0.5555555555555556,0.0,2.16,0.0087,0.0087,0.0,1
27,0.2777777777777778,0.5555555555555556,0.0,2.17,0.0083,0.0083,0.0,1
27,0.2777777777777778,0.5555555555555556,0.0,2.18,0.0081,0.0081,0.0,1
27,0.2777777777777778,0.5555555555555556,0.0,2.19,0.0081,0.0081,0.0,1
27,0.2777777777777778,0.5555555555555556,0.0,2.2,0.0085,0.0085,0.0,1
27,0.2777777777777778,0.5555555555555556,0.0,2.21,0.009,0.009,0.0,1
27,0.2777777777777778,0.5555555555555556,0.0,2.22,0.0098,0.0098,0.0,1
27,0.2777777777777778,0.5555555555555556,0.0,2.23,0.0106,0.0106,0.0,1
27,0.2777777777777778,0.5555555555555556,0.0,2.24,0.0114,0.0114,0.0,1
27,0.2777777777777778,0.5555555555555556,0.0,2.25,0.0119,0.0119,0.0,1
27,0.2777777777777778,0.5555555555555556,0.0,2.26,0.0122,0.0122,0.0,1
27,0.2777777777777778,0.5555555555555556,0.0,2.27,0.0121,0.0121,0.0,1
27,0.2777777777777778,0.5555555555555556,0.0,2.28,0.0116,0.0116,0.0,1
27,0.2777777777777778,0.5555555555555556,0.0,2.29,0.0109,0.0109,0.0,1
27,0.2777777777777778,0.5555555555555556,0.0,2.3,0.01,0.01,0.0,1
27,0.2777777777777778,0.5555555555555556,0.0,2.31,0.0091,0.0091,0.0,1
27,0.2777777777777778,0.5555555555555556,0.0,2.32,0.0083,0.0083,0.0,1
27,0.2777777777777778,0.5555555555555556,0.0,2.33,0.0077,0.0077,0.0,1
27,0.2777777777777778,0.5555555555555556,0.0,2.34,0.0073,0.0073,0.0,1
27,0.2777777777777778,0.5555555555555556,0.0,2.35,0.0073,0.0073,0.0,1
27,0.2777777777777778,0.5555555555555556,0.0,2.36,0.0074,0.0074,0.0,1
27,0.2777777777777778,0.5555555555555556,0.0,2.37,0.0077,0.0077,0.0,1
27,0.2777777777777778,0.5555555555555556,0.0,2.38,0.008,0.008,0.0,1
27,0.2777777777777778,0.5555555555555556,0.0,2.39,0.0082,0.0082,0.0,1
27,0.2777777777777778,0.5555555555555556,0.0,2.4,0.0082,0.0082,0.0,1
27,0.2777777777777778,0.5555555555555556,0.0,2.41,0.0079,0.0079,0.0,1
27,0.2777777777777778,0.5555555555555556,0.0,2.42,0.0075,0.0075,0.0,1
27,0.2777777777777778,0.5555555555555556,0.0,2.43,0.0068,0.0068,0.0,1
27,0.2777777777777778,0.5555555555555556,0.0,2.44,0.0059,0.0059,0.0,1
27,0.2777777777777778,0.5555555555555556,0.0,2.45,0.005,0.005,0.0,1
27,0.2777777777777778,0.5555555555555556,0.0,2.46,0.004,0.004,0.0,1
27,0.2777777777777778,0.5555555555555556,0.0,2.47,0.0031,0.0031,0.0,1
27,0.2777777777777778,0.5555555555555556,0.0,2.48,0.0023,0.0023,0.0,1
27,0.2777777777777778,0.5555555555555556,0.0,2.49,0.0017,0.0017,0.0,1
27,0.2777777777777778,0.5555555555555556,0.0,2.5,0.0011,0.0011,0.0,1
27,0.2777777777777778,0.5555555555555556,0.0,2.51,0.0008,0.0008,0.0,1
27,0.2777777777777778,0.5555555555555556,0.0,2.52,0.0005,0.0005,0.0,1
27,0.2777777777777778,0.5555555555555556,0.0,2.53,0.0003,0.0003,0.0,1
27,0.2777777777777778,0.5555555555555556,0.0,2.54,0.0002,0.0002,0.0,1
27,0.2777777777777778,0.5555555555555556,0.0,2.55,0.0001,0.0001,0.0,1
27,0.2777777777777778,0.5555555555555556,0.0,2.56,0.0001,0.0001,0.0,1
27,0.2777777777777778,0.5555555555555556,0.0,2.57,0.0,0.0,,0
27,0.2777777777777778,0.5555555555555556,0.0,2.58,0.0,0.0,,0
27,0.2777777777777778,0.5555555555555556,0.0,2.59,0.0,0.0,,0
27,0.2777777777777778,0.5555555555555556,0.0,2.6,0.0,0.0,,0
27,0.2777777777777778,0.5555555555555556,0.0,2.61,0.0,0.0,,0
27,0.2777777777777778,0.5555555555555556,0.0,2.62,0.0,0.0,,0
27,0.2777777777777778,0.5555555555555556,0.0,2.63,0.0,0.0,,0
27,0.2777777777777778,0.5555555555555556,0.0,2.64,0.0,0.0,,0
27,0.2777777777777778,0.5555555555555556,0.0,2.65,0.0,0.0,,0
27,0.2777777777777778,0.5555555555555556,0.0,2.66,0.0,0.0,,0
27,0.2777777777777778,0.5555555555555556,0.0,2.67,0.0,0.0,,0
27,0.2777777777777778,0.5555555555555556,0.0,2.68,0.0,0.0,,0
27,0.2777777777777778,0.5555555555555556,0.0,2.69,0.0,0.0,,0
27,0.2777777777777778,0.5555555555555556,0.0,2.7,0.0,0.0,,0
27,0.2777777777777778,0.5555555555555556,0.0,2.71,0.0,0.0,,0
27,0.2777777777777778,0.5555555555555556,0.0,2.72,0.0,0.0,,0
27,0.2777777777777778,0.5555555555555556,0.0,2.73,0.0,0.0,,0
27,0.2777777777777778,0.5555555555555556,0.0,2.74,0.0,0.0,,0
27,0.2777777777777778,0.5555555555555556,0.0,2.75,0.0,0.0,,0
27,0.2777777777777778,0.5555555555555556,0.0,2.76,0.0,0.0,,0
27,0.2777777777777778,0.5555555555555556,0.0,2.77,0.0,0.0,,0
27,0.2777777777777778,0.5555555555555556,0.0,2.78,0.0,0.0,,0
27,0.2777777777777778,0.5555555555555556,0.0,2.79,0.0,0.0,,0
27,0.2777777777777778,0.5555555555555556,0.0,2.8,0.0,0.0,,0
27,0.2777777777777778,0.5555555555555556,0.0,2.81,0.0,0.0,,0
27,0.2777777777777778,0.5555555555555556,0.0,2.82,0.0,0.0,,0
27,0.2777777777777778,0.5555555555555556,0.0,2.83,0.0,0.0,,0
27,0.2777777777777778,0.5555555555555556,0.0,2.84,0.0,0.0,,0
27,0.2777777777777778,0.5555555555555556,0.0,2.85,0.0,0.0,,0
27,0.2777777777777778,0.5555555555555556,0.0,2.86,0.0,0.0,,0
27,0.2777777777777778,0.5555555555555556,0.0,2.87,0.0,0.0,,0
27,0.2777777777777778,0.5555555555555556,0.0,2.88,0.0,0.0,,0
27,0.2777777777777778,0.5555555555555556,0.0,2.89,0.0,0.0,,0
27,0.2777777777777778,0.5555555555555556,0.0,2.9,0.0,0.0,,0
27,0.2777777777777778,0.5555555555555556,0.0,2.91,0.0,0.0,,0
27,0.2777777777777778,0.5555555555555556,0.0,2.92,0.0,0.0,,0
27,0.2777777777777778,0.5555555555555556,0.0,2.93,0.0,0.0,,0
27,0.2777777777777778,0.5555555555555556,0.0,2.94,0.0,0.0,,0
27,0.2777777777777778,0.5555555555555556,0.0,2.95,0.0,0.0,,0
27,0.2777777777777778,0.5555555555555556,0.0,2.96,0.0,0.0,,0
27,0.2777777777777778,0.5555555555555556,0.0,2.97,0.0,0.0,,0
27,0.2777777777777778,0.5555555555555556,0.0,2.98,0.0,0.0,,0
27,0.2777777777777778,0.5555555555555556,0.0,2.99,0.0,0.0,,0
27,0.2777777777777778,0.5555555555555556,0.0,3.0,0.0,0.0,,0
27,0.2777777777777778,0.5555555555555556,0.0,3.01,0.0,0.0,,0
27,0.2777777777777778,0.5555555555555556,0.0,3.02,0.0,0.0,,0
27,0.2777777777777778,0.5555555555555556,0.0,3.03,0.0,0.0,,0
27,0.2777777777777778,0.5555555555555556,0.0,3.04,0.0,0.0,,0
27,0.2777777777777778,0.5555555555555556,0.0,3.05,0.0,0.0,,0
27,0.2777777777777778,0.5555555555555556,0.0,3.06,0.0,0.0,,0
27,0.2777777777777778,0.5555555555555556,0.0,3.07,0.0,0.0,,0
27,0.2777777777777778,0.5555555555555556,0.0,3.08,0.0,0.0,,0
27,0.2777777777777778,0.5555555555555556,0.0,3.09,0.0,0.0,,0
27,0.2777777777777778,0.5555555555555556,0.0,3.1,0.0,0.0,,0
27,0.2777777777777778,0.5555555555555556,0.0,3.11,0.0,0.0,,0
27,0.2777777777777778,0.5555555555555556,0.0,3.12,0.0,0.0,,0
27,0.2777777777777778,0.5555555555555556,0.0,3.13,0.0,0.0,,0
27,0.2777777777777778,0.5555555555555556,0.0,3.14,0.0,0.0,,0
27,0.2777777777777778,0.5555555555555556,0.0,3.15,0.0,0.0,,0
27,0.2777777777777778,0.5555555555555556,0.0,3.16,0.0,0.0,,0
27,0.2777777777777778,0.5555555555555556,0.0,3.17,0.0,0.0,,0
27,0.2777777777777778,0.5555555555555556,0.0,3.18,0.0,0.0,,0
27,0.2777777777777778,0.5555555555555556,0.0,3.19,0.0,0.0,,0
27,0.2777777777777778,0.5555555555555556,0.0,3.2,0.0,0.0,,0
27,0.2777777777777778,0.5555555555555556,0.0,3.21,0.0,0.0,,0
27,0.2777777777777778,0.5555555555555556,0.0,3.22,0.0,0.0,,0
27,0.2777777777777778,0.5555555555555556,0.0,3.23,0.0,0.0,,0
27,0.2777777777777778,0.5555555555555556,0.0,3.24,0.0,0.0,,0
27,0.2777777777777778,0.5555555555555556,0.0,3.25,0.0,0.0,,0
27,0.2777777777777778,0.5555555555555556,0.0,3.26,0.0,0.0,,0
27,0.2777777777777778,0.5555555555555556,0.0,3.27,0.0,0.0,,0
27,0.2777777777777778,0.5555555555555556,0.0,3.28,0.0,0.0,,0
27,0.2777777777777778,0.5555555555555556,0.0,3.29,0.0,0.0,,0
27,0.2777777777777778,0.5555555555555556,0.0,3.3,0.0,0.0,,0
27,0.2777777777777778,0.5555555555555556,0.0,3.31,0.0,0.0,,0
27,0.2777777777777778,0.5555555555555556,0.0,3.32,0.0,0.0,,0
27,0.2777777777777778,0.5555555555555556,0.0,3.33,0.0,0.0,,0
27,0.2777777777777778,0.5555555555555556,0.0,3.34,0.0,0.0,,0
27,0.2777777777777778,0.5555555555555556,0.0,3.35,0.0,0.0,,0
27,0.2777777777777778,0.5555555555555556,0.0,3.36,0.0,0.0,,0
27,0.2777777777777778,0.5555555555555556,0.0,3.37,0.0,0.0,,0
27,0.2777777777777778,0.5555555555555556,0.0,3.38,0.0,0.0,,0
27,0.2777777777777778,0.5555555555555556,0.0,3.39,0.0,0.0,,0
27,0.2777777777777778,0.5555555555555556,0.0,3.4,0.0,0.0,,0
27,0.2777777777777778,0.5555555555555556,0.0,3.41,0.0,0.0,,0
27,0.2777777777777778,0.5555555555555556,0.0,3.42,0.0,0.0,,0
27,0.2777777777777778,0.5555555555555556,0.0,3.43,0.0,0.0,,0
27,0.2777777777777778,0.5555555555555556,0.0,3.44,0.0,0.0,,0
27,0.2777777777777778,0.5555555555555556,0.0,3.45,0.0,0.0,,0
27,0.2777777777777778,0.5555555555555556,0.0,3.46,0.0,0.0,,0
27,0.2777777777777778,0.5555555555555556,0.0,3.47,0.0,0.0,,0
27,0.2777777777777778,0.5555555555555556,0.0,3.48,0.0,0.0,,0
27,0.2777777777777778,0.5555555555555556,0.0,3.49,0.0,0.0,,0
27,0.2777777777777778,0.5555555555555556,0.0,3.5,0.0,0.0,,0
27,0.2777777777777778,0.5555555555555556,0.0,3.51,0.0,0.0,,0
27,0.2777777777777778,0.5555555555555556,0.0,3.52,0.0,0.0,,0
27,0.2777777777777778,0.5555555555555556,0.0,3.53,0.0,0.0,,0
27,0.2777777777777778,0.5555555555555556,0.0,3.54,0.0,0.0,,0
27,0.2777777777777778,0.5555555555555556,0.0,3.55,0.0,0.0,,0
27,0.2777777777777778,0.5555555555555556,0.0,3.56,0.0,0.0,,0
27,0.2777777777777778,0.5555555555555556,0.0,3.57,0.0,0.0,,0
27,0.2777777777777778,0.5555555555555556,0.0,3.58,0.0,0.0,,0
27,0.2777777777777778,0.5555555555555556,0.0,3.59,0.0,0.0,,0
27,0.2777777777777778,0.5555555555555556,0.0,3.6,0.0,0.0,,0
27,0.2777777777777778,0.5555555555555556,0.0,3.61,0.0,0.0,,0
27,0.2777777777777778,0.5555555555555556,0.0,3.62,0.0,0.0,,0
27,0.2777777777777778,0.5555555555555556,0.0,3.63,0.0,0.0,,0
27,0.2777777777777778,0.5555555555555556,0.0,3.64,0.0,0.0,,0
27,0.2777777777777778,0.5555555555555556,0.0,3.65,0.0,0.0,,0
27,0.2777777777777778,0.5555555555555556,0.0,3.66,0.0,0.0,,0
27,0.2777777777777778,0.5555555555555556,0.0,3.67,0.0,0.0,,0
27,0.2777777777777778,0.5555555555555556,0.0,3.68,0.0,0.0,,0
27,0.2777777777777778,0.5555555555555556,0.0,3.69,0.0,0.0,,0
27,0.2777777777777778,0.5555555555555556,0.0,3.7,0.0,0.0,,0
27,0.2777777777777778,0.5555555555555556,0.0,3.71,0.0,0.0,,0
27,0.2777777777777778,0.5555555555555556,0.0,3.72,0.0,0.0,,0
27,0.2777777777777778,0.5555555555555556,0.0,3.73,0.0,0.0,,0
27,0.2777777777777778,0.5555555555555556,0.0,3.74,0.0001,0.0001,0.0,1
27,0.2777777777777778,0.5555555555555556,0.0,3.75,0.0001,0.0001,0.0,1
27,0.2777777777777778,0.5555555555555556,0.0,3.76,0.0001,0.0001,0.0,1
27,0.2777777777777778,0.5555555555555556,0.0,3.77,0.0001,0.0001,0.0,1
27,0.2777777777777778,0.5555555555555556,0.0,3.78,0.0001,0.0001,0.0,1
27,0.2777777777777778,0.5555555555555556,0.0,3.79,0.0001,0.0001,0.0,1
27,0.2777777777777778,0.5555555555555556,0.0,3.8,0.0001,0.0001,0.0,1
27,0.2777777777777778,0.5555555555555556,0.0,3.81,0.0001,0.0001,0.0,1
27,0.2777777777777778,0.5555555555555556,0.0,3.82,0.0001,0.0001,0.0,1
27,0.2777777777777778,0.5555555555555556,0.0,3.83,0.0001,0.0001,0.0,1
27,0.2777777777777778,0.5555555555555556,0.0,3.84,0.0001,0.0001,0.0,1
27,0.2777777777777778,0.5555555555555556,0.0,3.85,0.0,0.0,,0
27,0.2777777777777778,0.5555555555555556,0.0,3.86,0.0,0.0,,0
27,0.2777777777777778,0.5555555555555556,0.0,3.87,0.0,0.0,,0
27,0.2777777777777778,0.5555555555555556,0.0,3.88,0.0,0.0,,0
27,0.2777777777777778,0.5555555555555556,0.0,3.89,0.0,0.0,,0
27,0.2777777777777778,0.5555555555555556,0.0,3.9,0.0,0.0,,0
27,0.2777777777777778,0.5555555555555556,0.0,3.91,0.0001,0.0001,0.0,1
27,0.2777777777777778,0.5555555555555556,0.0,3.92,0.0001,0.0001,0.0,1
27,0.2777777777777778,0.5555555555555556,0.0,3.93,0.0001,0.0001,0.0,1
27,0.2777777777777778,0.5555555555555556,0.0,3.94,0.0001,0.0001,0.0,1
27,0.2777777777777778,0.5555555555555556,0.0,3.95,0.0001,0.0001,0.0,1
27,0.2777777777777778,0.5555555555555556,0.0,3.96,0.0001,0.0001,0.0,1
27,0.2777777777777778,0.5555555555555556,0.0,3.97,0.0001,0.0001,0.0,1
27,0.2777777777777778,0.5555555555555556,0.0,3.98,0.0001,0.0001,0.0,1
27,0.2777777777777778,0.5555555555555556,0.0,3.99,0.0001,0.0001,0.0,1
27,0.2777777777777778,0.5555555555555556,0.0,4.0,0.0001,0.0001,0.0,1
28,0.25,0.5,0.0,0.5,0.0,0.0,,0
28,0.25,0.5,0.0,0.51,0.0,0.0,,0
28,0.25,0.5,0.0,0.52,0.0,0.0,,0
28,0.25,0.5,0.0,0.53,0.0,0.0,,0
28,0.25,0.5,0.0,0.54,0.0,0.0,,0
28,0.25,0.5,0.0,0.55,0.0,0.0,,0
28,0.25,0.5,0.0,0.56,0.0,0.0,,0
28,0.25,0.5,0.0,0.57,0.0,0.0,,0
28,0.25,0.5,0.0,0.58,0.0,0.0,,0
28,0.25,0.5,0.0,0.59,0.0,0.0,,0
28,0.25,0.5,0.0,0.6,0.0,0.0,,0
28,0.25,0.5,0.0,0.61,0.0,0.0,,0
28,0.25,0.5,0.0,0.62,0.0,0.0,,0
28,0.25,0.5,0.0,0.63,0.0,0.0,,0
28,0.25,0.5,0.0,0.64,0.0,0.0,,0
28,0.25,0.5,0.0,0.65,0.0,0.0,,0
28,0.25,0.5,0.0,0.66,0.0,0.0,,0
28,0.25,0.5,0.0,0.67,0.0,0.0,,0
28,0.25,0.5,0.0,0.68,0.0,0.0,,0
28,0.25,0.5,0.0,0.69,0.0,0.0,,0
28,0.25,0.5,0.0,0.7,0.0,0.0,,0
28,0.25,0.5,0.0,0.71,0.0,0.0,,0
28,0.25,0.5,0.0,0.72,0.0,0.0,,0
28,0.25,0.5,0.0,0.73,0.0,0.0,,0
28,0.25,0.5,0.0,0.74,0.0,0.0,,0
28,0.25,0.5,0.0,0.75,0.0,0.0,,0
28,0.25,0.5,0.0,0.76,0.0,0.0,,0
28,0.25,0.5,0.0,0.77,0.0,0.0,,0
28,0.25,0.5,0.0,0.78,0.0,0.0,,0
28,0.25,0.5,0.0,0.79,0.0,0.0,,0
28,0.25,0.5,0.0,0.8,0.0,0.0,,0
28,0.25,0.5,0.0,0.81,0.0,0.0,,0
28,0.25,0.5,0.0,0.82,0.0,0.0,,0
28,0.25,0.5,0.0,0.83,0.0,0.0,,0
28,0.25,0.5,0.0,0.84,0.0,0.0,,0
28,0.25,0.5,0.0,0.85,0.0,0.0,,0
28,0.25,0.5,0.0,0.86,0.0,0.0,,0
28,0.25,0.5,0.0,0.87,0.0,0.0,,0
28,0.25,0.5,0.0,0.88,0.0,0.0,,0
28,0.25,0.5,0.0,0.89,0.0,0.0,,0
28,0.25,0.5,0.0,0.9,0.0,0.0,,0
28,0.25,0.5,0.0,0.91,0.0,0.0,,0
28,0.25,0.5,0.0,0.92,0.0,0.0,,0
28,0.25,0.5,0.0,0.93,0.0,0.0,,0
28,0.25,0.5,0.0,0.94,0.0,0.0,,0
28,0.25,0.5,0.0,0.95,0.0,0.0,,0
28,0.25,0.5,0.0,0.96,0.0,0.0,,0
28,0.25,0.5,0.0,0.97,0.0,0.0,,0
28,0.25,0.5,0.0,0.98,0.0,0.0,,0
28,0.25,0.5,0.0,0.99,0.0,0.0,,0
28,0.25,0.5,0.0,1.0,0.0,0.0,,0
28,0.25,0.5,0.0,1.01,0.0,0.0,,0
28,0.25,0.5,0.0,1.02,0.0,0.0,,0
28,0.25,0.5,0.0,1.03,0.0,0.0,,0
28,0.25,0.5,0.0,1.04,0.0,0.0,,0
28,0.25,0.5,0.0,1.05,0.0,0.0,,0
28,0.25,0.5,0.0,1.06,0.0,0.0,,0
28,0.25,0.5,0.0,1.07,0.0,0.0,,0
28,0.25,0.5,0.0,1.08,0.0,0.0,,0
28,0.25,0.5,0.0,1.09,0.0,0.0,,0
28,0.25,0.5,0.0,1.1,0.0,0.0,,0
28,0.25,0.5,0.0,1.11,0.0,0.0,,0
28,0.25,0.5,0.0,1.12,0.0,0.0,,0
28,0.25,0.5,0.0,1.13,0.0,0.0,,0
28,0.25,0.5,0.0,1.14,0.0,0.0,,0
28,0.25,0.5,0.0,1.15,0.0,0.0,,0
28,0.25,0.5,0.0,1.16,0.0,0.0,,0
28,0.25,0.5,0.0,1.17,0.0,0.0,,0
28,0.25,0.5,0.0,1.18,0.0,0.0,,0
28,0.25,0.5,0.0,1.19,0.0,0.0,,0
28,0.25,0.5,0.0,1.2,0.0,0.0,,0
28,0.25,0.5,0.0,1.21,0.0,0.0,,0
28,0.25,0.5,0.0,1.22,0.0,0.0,,0
28,0.25,0.5,0.0,1.23,0.0,0.0,,0
28,0.25,0.5,0.0,1.24,0.0,0.0,,0
28,0.25,0.5,0.0,1.25,0.0,0.0,,0
28,0.25,0.5,0.0,1.26,0.0,0.0,,0
28,0.25,0.5,0.0,1.27,0.0,0.0,,0
28,0.25,0.5,0.0,1.28,0.0,0.0,,0
28,0.25,0.5,0.0,1.29,0.0,0.0,,0
28,0.25,0.5,0.0,1.3,0.0,0.0,,0
28,0.25,0.5,0.0,1.31,0.0,0.0,,0
28,0.25,0.5,0.0,1.32,0.0,0.0,,0
28,0.25,0.5,0.0,1.33,0.0,0.0,,0
28,0.25,0.5,0.0,1.34,0.0,0.0,,0
28,0.25,0.5,0.0,1.35,0.0,0.0,,0
28,0.25,0.5,0.0,1.36,0.0,0.0,,0
28,0.25,0.5,0.0,1.37,0.0,0.0,,0
28,0.25,0.5,0.0,1.38,0.0,0.0,,0
28,0.25,0.5,0.0,1.39,0.0,0.0,,0
28,0.25,0.5,0.0,1.4,0.0,0.0,,0
28,0.25,0.5,0.0,1.41,0.0,0.0,,0
28,0.25,0.5,0.0,1.42,0.0,0.0,,0
28,0.25,0.5,0.0,1.43,0.0,0.0,,0
28,0.25,0.5,0.0,1.44,0.0,0.0,,0
28,0.25,0.5,0.0,1.45,0.0,0.0,,0
28,0.25,0.5,0.0,1.46,0.0,0.0,,0
28,0.25,0.5,0.0,1.47,0.0,0.0,,0
28,0.25,0.5,0.0,1.48,0.0,0.0,,0
28,0.25,0.5,0.0,1.49,0.0,0.0,,0
28,0.25,0.5,0.0,1.5,0.0,0.0,,0
28,0.25,0.5,0.0,1.51,0.0,0.0,,0
28,0.25,0.5,0.0,1.52,0.0,0.0,,0
28,0.25,0.5,0.0,1.53,0.0,0.0,,0
28,0.25,0.5,0.0,1.54,0.0,0.0,,0
28,0.25,0.5,0.0,1.55,0.0,0.0,,0
28,0.25,0.5,0.0,1.56,0.0,0.0,,0
28,0.25,0.5,0.0,1.57,0.0,0.0,,0
28,0.25,0.5,0.0,1.58,0.0,0.0,,0
28,0.25,0.5,0.0,1.59,0.0,0.0,,0
28,0.25,0.5,0.0,1.6,0.0,0.0,,0
28,0.25,0.5,0.0,1.61,0.0,0.0,,0
28,0.25,0.5,0.0,1.62,0.0,0.0,,0
28,0.25,0.5,0.0,1.63,0.0,0.0,,0
28,0.25,0.5,0.0,1.64,0.0,0.0,,0
28,0.25,0.5,0.0,1.65,0.0,0.0,,0
28,0.25,0.5,0.0,1.66,0.0,0.0,,0
28,0.25,0.5,0.0,1.67,0.0,0.0,,0
28,0.25,0.5,0.0,1.68,0.0,0.0,,0
28,0.25,0.5,0.0,1.69,0.0,0.0,,0
28,0.25,0.5,0.0,1.7,0.0,0.0,,0
28,0.25,0.5,0.0,1.71,0.0,0.0,,0
28,0.25,0.5,0.0,1.72,0.0,0.0,,0
28,0.25,0.5,0.0,1.73,0.0,0.0,,0
28,0.25,0.5,0.0,1.74,0.0,0.0,,0
28,0.25,0.5,0.0,1.75,0.0,0.0,,0
28,0.25,0.5,0.0,1.76,0.0,0.0,,0
28,0.25,0.5,0.0,1.77,0.0,0.0,,0
28,0.25,0.5,0.0,1.78,0.0,0.0,,0
28,0.25,0.5,0.0,1.79,0.0,0.0,,0
28,0.25,0.5,0.0,1.8,0.0,0.0,,0
28,0.25,0.5,0.0,1.81,0.0,0.0,,0
28,0.25,0.5,0.0,1.82,0.0,0.0,,0
28,0.25,0.5,0.0,1.83,0.0,0.0,,0
28,0.25,0.5,0.0,1.84,0.0,0.0,,0
28,0.25,0.5,0.0,1.85,0.0,0.0,,0
28,0.25,0.5,0.0,1.86,0.0,0.0,,0
28,0.25,0.5,0.0,1.87,0.0,0.0,,0
28,0.25,0.5,0.0,1.88,0.0,0.0,,0
28,0.25,0.5,0.0,1.89,0.0,0.0,,0
28,0.25,0.5,0.0,1.9,0.0,0.0,,0
28,0.25,0.5,0.0,1.91,0.0,0.0,,0
28,0.25,0.5,0.0,1.92,0.0,0.0,,0
28,0.25,0.5,0.0,1.93,0.0,0.0,,0
28,0.25,0.5,0.0,1.94,0.0,0.0,,0
28,0.25,0.5,0.0,1.95,0.0,0.0,,0
28,0.25,0.5,0.0,1.96,0.0,0.0,,0
28,0.25,0.5,0.0,1.97,0.0,0.0,,0
28,0.25,0.5,0.0,1.98,0.0,0.0,,0
28,0.25,0.5,0.0,1.99,0.0,0.0,,0
28,0.25,0.5,0.0,2.0,0.0,0.0,,0
28,0.25,0.5,0.0,2.01,0.0,0.0,,0
28,0.25,0.5,0.0,2.02,0.0,0.0,,0
28,0.25,0.5,0.0,2.03,0.0,0.0,,0
28,0.25,0.5,0.0,2.04,0.0,0.0,,0
28,0.25,0.5,0.0,2.05,0.0,0.0,,0
28,0.25,0.5,0.0,2.06,0.0,0.0,,0
28,0.25,0.5,0.0,2.07,0.0,0.0,,0
28,0.25,0.5,0.0,2.08,0.0,0.0,,0
28,0.25,0.5,0.0,2.09,0.0,0.0,,0
28,0.25,0.5,0.0,2.1,0.0,0.0,,0
28,0.25,0.5,0.0,2.11,0.0,0.0,,0
28,0.25,0.5,0.0,2.12,0.0,0.0,,0
28,0.25,0.5,0.0,2.13,0.0,0.0,,0
28,0.25,0.5,0.0,2.14,0.0,0.0,,0
28,0.25,0.5,0.0,2.15,0.0,0.0,,0
28,0.25,0.5,0.0,2.16,0.0,0.0,,0
28,0.25,0.5,0.0,2.17,0.0,0.0,,0
28,0.25,0.5,0.0,2.18,0.0,0.0,,0
28,0.25,0.5,0.0,2.19,0.0001,0.0001,0.0,1
28,0.25,0.5,0.0,2.2,0.0001,0.0001,0.0,1
28,0.25,0.5,0.0,2.21,0.0002,0.0002,0.0,1
28,0.25,0.5,0.0,2.22,0.0003,0.0003,0.0,1
28,0.25,0.5,0.0,2.23,0.0005,0.0005,0.0,1
28,0.25,0.5,0.0,2.24,0.0008,0.0008,0.0,1
28,0.25,0.5,0.0,2.25,0.0012,0.0012,0.0,1
28,0.25,0.5,0.0,2.26,0.0017,0.0017,0.0,1
28,0.25,0.5,0.0,2.27,0.0023,0.0023,0.0,1
28,0.25,0.5,0.0,2.28,0.0031,0.0031,0.0,1
28,0.25,0.5,0.0,2.29,0.0039,0.0039,0.0,1
28,0.25,0.5,0.0,2.3,0.0048,0.0048,0.0,1
28,0.25,0.5,0.0,2.31,0.0056,0.0056,0.0,1
28,0.25,0.5,0.0,2.32,0.0064,0.0064,0.0,1
28,0.25,0.5,0.0,2.33,0.007,0.007,0.0,1
28,0.25,0.5,0.0,2.34,0.0073,0.0073,0.0,1
28,0.25,0.5,0.0,2.35,0.0074,0.0074,0.0,1
28,0.25,0.5,0.0,2.36,0.0073,0.0073,0.0,1
28,0.25,0.5,0.0,2.37,0.0069,0.0069,0.0,1
28,0.25,0.5,0.0,2.38,0.0064,0.0064,0.0,1
28,0.25,0.5,0.0,2.39,0.0059,0.0059,0.0,1
28,0.25,0.5,0.0,2.4,0.0053,0.0053,0.0,1
28,0.25,0.5,0.0,2.41,0.0049,0.0049,0.0,1
28,0.25,0.5,0.0,2.42,0.0045,0.0045,0.0,1
28,0.25,0.5,0.0,2.43,0.0043,0.0043,0.0,1
28,0.25,0.5,0.0,2.44,0.0042,0.0042,0.0,1
28,0.25,0.5,0.0,2.45,0.0041,0.0041,0.0,1
28,0.25,0.5,0.0,2.46,0.004,0.004,0.0,1
28,0.25,0.5,0.0,2.47,0.0039,0.0039,0.0,1
28,0.25,0.5,0.0,2.48,0.0037,0.0037,0.0,1
28,0.25,0.5,0.0,2.49,0.0034,0.0034,0.0,1
28,0.25,0.5,0.0,2.5,0.0031,0.0031,0.0,1
28,0.25,0.5,0.0,2.51,0.0027,0.0027,0.0,1
28,0.25,0.5,0.0,2.52,0.0023,0.0023,0.0,1
28,0.25,0.5,0.0,2.53,0.0019,0.0019,0.0,1
28,0.25,0.5,0.0,2.54,0.0016,0.0016,0.0,1
28,0.25,0.5,0.0,2.55,0.0013,0.0013,0.0,1
28,0.25,0.5,0.0,2.56,0.0012,0.0012,0.0,1
28,0.25,0.5,0.0,2.57,0.0012,0.0012,0.0,1
28,0.25,0.5,0.0,2.58,0.0013,0.0013,0.0,1
28,0.25,0.5,0.0,2.59,0.0014,0.0014,0.0,1
28,0.25,0.5,0.0,2.6,0.0017,0.0017,0.0,1
28,0.25,0.5,0.0,2.61,0.002,0.002,0.0,1
28,0.25,0.5,0.0,2.62,0.0024,0.0024,0.0,1
28,0.25,0.5,0.0,2.63,0.0027,0.0027,0.0,1
28,0.25,0.5,0.0,2.64,0.003,0.003,0.0,1
28,0.25,0.5,0.0,2.65,0.0032,0.0032,0.0,1
28,0.25,0.5,0.0,2.66,0.0034,0.0034,0.0,1
28,0.25,0.5,0.0,2.67,0.0035,0.0035,0.0,1
28,0.25,0.5,0.0,2.68,0.0035,0.0035,0.0,1
28,0.25,0.5,0.0,2.69,0.0035,0.0035,0.0,1
28,0.25,0.5,0.0,2.7,0.0036,0.0036,0.0,1
28,0.25,0.5,0.0,2.71,0.0038,0.0038,0.0,1
28,0.25,0.5,0.0,2.72,0.004,0.004,0.0,1
28,0.25,0.5,0.0,2.73,0.0043,0.0043,0.0,1
28,0.25,0.5,0.0,2.74,0.0047,0.0047,0.0,1
28,0.25,0.5,0.0,2.75,0.0052,0.0052,0.0,1
28,0.25,0.5,0.0,2.76,0.0055,0.0055,0.0,1
28,0.25,0.5,0.0,2.77,0.0058,0.0058,0.0,1
28,0.25,0.5,0.0,2.78,0.0059,0.0059,0.0,1
28,0.25,0.5,0.0,2.79,0.0058,0.0058,0.0,1
28,0.25,0.5,0.0,2.8,0.0055,0.0055,0.0,1
28,0.25,0.5,0.0,2.81,0.005,0.005,0.0,1
28,0.25,0.5,0.0,2.82,0.0044,0.0044,0.0,1
28,0.25,0.5,0.0,2.83,0.0037,0.0037,0.0,1
28,0.25,0.5,0.0,2.84,0.003,0.003,0.0,1
28,0.25,0.5,0.0,2.85,0.0024,0.0024,0.0,1
28,0.25,0.5,0.0,2.86,0.0018,0.0018,0.0,1
28,0.25,0.5,0.0,2.87,0.0013,0.0013,0.0,1
28,0.25,0.5,0.0,2.88,0.0009,0.0009,0.0,1
28,0.25,0.5,0.0,2.89,0.0006,0.0006,0.0,1
28,0.25,0.5,0.0,2.9,0.0004,0.0004,0.0,1
28,0.25,0.5,0.0,2.91,0.0002,0.0002,0.0,1
28,0.25,0.5,0.0,2.92,0.0001,0.0001,0.0,1
28,0.25,0.5,0.0,2.93,0.0001,0.0001,0.0,1
28,0.25,0.5,0.0,2.94,0.0,0.0,,0
28,0.25,0.5,0.0,2.95,0.0,0.0,,0
28,0.25,0.5,0.0,2.96,0.0,0.0,,0
28,0.25,0.5,0.0,2.97,0.0,0.0,,0
28,0.25,0.5,0.0,2.98,0.0,0.0,,0
28,0.25,0.5,0.0,2.99,0.0,0.0,,0
28,0.25,0.5,0.0,3.0,0.0,0.0,,0
28,0.25,0.5,0.0,3.01,0.0,0.0,,0
28,0.25,0.5,0.0,3.02,0.0,0.0,,0
28,0.25,0.5,0.0,3.03,0.0,0.0,,0
28,0.25,0.5,0.0,3.04,0.0,0.0,,0
28,0.25,0.5,0.0,3.05,0.0,0.0,,0
28,0.25,0.5,0.0,3.06,0.0,0.0,,0
28,0.25,0.5,0.0,3.07,0.0,0.0,,0
28,0.25,0.5,0.0,3.08,0.0,0.0,,0
28,0.25,0.5,0.0,3.09,0.0,0.0,,0
28,0.25,0.5,0.0,3.1,0.0,0.0,,0
28,0.25,0.5,0.0,3.11,0.0,0.0,,0
28,0.25,0.5,0.0,3.12,0.0,0.0,,0
28,0.25,0.5,0.0,3.13,0.0,0.0,,0
28,0.25,0.5,0.0,3.14,0.0,0.0,,0
28,0.25,0.5,0.0,3.15,0.0,0.0,,0
28,0.25,0.5,0.0,3.16,0.0,0.0,,0
28,0.25,0.5,0.0,3.17,0.0,0.0,,0
28,0.25,0.5,0.0,3.18,0.0,0.0,,0
28,0.25,0.5,0.0,3.19,0.0,0.0,,0
28,0.25,0.5,0.0,3.2,0.0,0.0,,0
28,0.25,0.5,0.0,3.21,0.0,0.0,,0
28,0.25,0.5,0.0,3.22,0.0,0.0,,0
28,0.25,0.5,0.0,3.23,0.0,0.0,,0
28,0.25,0.5,0.0,3.24,0.0,0.0,,0
28,0.25,0.5,0.0,3.25,0.0,0.0,,0
28,0.25,0.5,0.0,3.26,0.0,0.0,,0
28,0.25,0.5,0.0,3.27,0.0,0.0,,0
28,0.25,0.5,0.0,3.28,0.0,0.0,,0
28,0.25,0.5,0.0,3.29,0.0,0.0,,0
28,0.25,0.5,0.0,3.3,0.0,0.0,,0
28,0.25,0.5,0.0,3.31,0.0,0.0,,0
28,0.25,0.5,0.0,3.32,0.0,0.0,,0
28,0.25,0.5,0.0,3.33,0.0,0.0,,0
28,0.25,0.5,0.0,3.34,0.0,0.0,,0
28,0.25,0.5,0.0,3.35,0.0,0.0,,0
28,0.25,0.5,0.0,3.36,0.0,0.0,,0
28,0.25,0.5,0.0,3.37,0.0,0.0,,0
28,0.25,0.5,0.0,3.38,0.0,0.0,,0
28,0.25,0.5,0.0,3.39,0.0,0.0,,0
28,0.25,0.5,0.0,3.4,0.0,0.0,,0
28,0.25,0.5,0.0,3.41,0.0,0.0,,0
28,0.25,0.5,0.0,3.42,0.0,0.0,,0
28,0.25,0.5,0.0,3.43,0.0,0.0,,0
28,0.25,0.5,0.0,3.44,0.0,0.0,,0
28,0.25,0.5,0.0,3.45,0.0,0.0,,0
28,0.25,0.5,0.0,3.46,0.0,0.0,,0
28,0.25,0.5,0.0,3.47,0.0,0.0,,0
28,0.25,0.5,0.0,3.48,0.0,0.0,,0
28,0.25,0.5,0.0,3.49,0.0001,0.0001,0.0,1
28,0.25,0.5,0.0,3.5,0.0001,0.0001,0.0,1
28,0.25,0.5,0.0,3.51,0.0001,0.0001,0.0,1
28,0.25,0.5,0.0,3.52,0.0001,0.0001,0.0,1
28,0.25,0.5,0.0,3.53,0.0001,0.0001,0.0,1
28,0.25,0.5,0.0,3.54,0.0002,0.0002,0.0,1
28,0.25,0.5,0.0,3.55,0.0002,0.0002,0.0,1
28,0.25,0.5,0.0,3.56,0.0002,0.0002,0.0,1
28,0.25,0.5,0.0,3.57,0.0002,0.0002,0.0,1
28,0.25,0.5,0.0,3.58,0.0002,0.0002,0.0,1
28,0.25,0.5,0.0,3.59,0.0002,0.0002,0.0,1
28,0.25,0.5,0.0,3.6,0.0001,0.0001,0.0,1
28,0.25,0.5,0.0,3.61,0.0001,0.0001,0.0,1
28,0.25,0.5,0.0,3.62,0.0001,0.0001,0.0,1
28,0.25,0.5,0.0,3.63,0.0001,0.0001,0.0,1
28,0.25,0.5,0.0,3.64,0.0001,0.0001,0.0,1
28,0.25,0.5,0.0,3.65,0.0001,0.0001,0.0,1
28,0.25,0.5,0.0,3.66,0.0,0.0,,0
28,0.25,0.5,0.0,3.67,0.0,0.0,,0
28,0.25,0.5,0.0,3.68,0.0,0.0,,0
28,0.25,0.5,0.0,3.69,0.0,0.0,,0
28,0.25,0.5,0.0,3.7,0.0001,0.0001,0.0,1
28,0.25,0.5,0.0,3.71,0.0001,0.0001,0.0,1
28,0.25,0.5,0.0,3.72,0.0001,0.0001,0.0,1
28,0.25,0.5,0.0,3.73,0.0001,0.0001,0.0,1
28,0.25,0.5,0.0,3.74,0.0002,0.0002,0.0,1
28,0.25,0.5,0.0,3.75,0.0002,0.0002,0.0,1
28,0.25,0.5,0.0,3.76,0.0002,0.0002,0.0,1
28,0.25,0.5,0.0,3.77,0.0002,0.0002,0.0,1
28,0.25,0.5,0.0,3.78,0.0003,0.0003,0.0,1
28,0.25,0.5,0.0,3.79,0.0003,0.0003,0.0,1
28,0.25,0.5,0.0,3.8,0.0003,0.0003,0.0,1
28,0.25,0.5,0.0,3.81,0.0003,0.0003,0.0,1
28,0.25,0.5,0.0,3.82,0.0003,0.0003,0.0,1
28,0.25,0.5,0.0,3.83,0.0003,0.0003,0.0,1
28,0.25,0.5,0.0,3.84,0.0003,0.0003,0.0,1
28,0.25,0.5,0.0,3.85,0.0003,0.0003,0.0,1
28,0.25,0.5,0.0,3.86,0.0003,0.0003,0.0,1
28,0.25,0.5,0.0,3.87,0.0003,0.0003,0.0,1
28,0.25,0.5,0.0,3.88,0.0003,0.0003,0.0,1
28,0.25,0.5,0.0,3.89,0.0002,0.0002,0.0,1
28,0.25,0.5,0.0,3.9,0.0002,0.0002,0.0,1
28,0.25,0.5,0.0,3.91,0.0002,0.0002,0.0,1
28,0.25,0.5,0.0,3.92,0.0002,0.0002,0.0,1
28,0.25,0.5,0.0,3.93,0.0001,0.0001,0.0,1
28,0.25,0.5,0.0,3.94,0.0001,0.0001,0.0,1
28,0.25,0.5,0.0,3.95,0.0001,0.0001,0.0,1
28,0.25,0.5,0.0,3.96,0.0001,0.0001,0.0,1
28,0.25,0.5,0.0,3.97,0.0,0.0,,0
28,0.25,0.5,0.0,3.98,0.0,0.0,,0
28,0.25,0.5,0.0,3.99,0.0,0.0,,0
28,0.25,0.5,0.0,4.0,0.0,0.0,,0
29,0.2222222222222222,0.4444444444444444,0.0,0.5,0.0,0.0,,0
29,0.2222222222222222,0.4444444444444444,0.0,0.51,0.0,0.0,,0
29,0.2222222222222222,0.4444444444444444,0.0,0.52,0.0,0.0,,0
29,0.2222222222222222,0.4444444444444444,0.0,0.53,0.0,0.0,,0
29,0.2222222222222222,0.4444444444444444,0.0,0.54,0.0,0.0,,0
29,0.2222222222222222,0.4444444444444444,0.0,0.55,0.0,0.0,,0
29,0.2222222222222222,0.4444444444444444,0.0,0.56,0.0,0.0,,0
29,0.2222222222222222,0.4444444444444444,0.0,0.57,0.0,0.0,,0
29,0.2222222222222222,0.4444444444444444,0.0,0.58,0.0,0.0,,0
29,0.2222222222222222,0.4444444444444444,0.0,0.59,0.0,0.0,,0
29,0.2222222222222222,0.4444444444444444,0.0,0.6,0.0,0.0,,0
29,0.2222222222222222,0.4444444444444444,0.0,0.61,0.0,0.0,,0
29,0.2222222222222222,0.4444444444444444,0.0,0.62,0.0,0.0,,0
29,0.2222222222222222,0.4444444444444444,0.0,0.63,0.0,0.0,,0
29,0.2222222222222222,0.4444444444444444,0.0,0.64,0.0,0.0,,0
29,0.2222222222222222,0.4444444444444444,0.0,0.65,0.0,0.0,,0
29,0.2222222222222222,0.4444444444444444,0.0,0.66,0.0,0.0,,0
29,0.2222222222222222,0.4444444444444444,0.0,0.67,0.0,0.0,,0
29,0.2222222222222222,0.4444444444444444,0.0,0.68,0.0,0.0,,0
29,0.2222222222222222,0.4444444444444444,0.0,0.69,0.0,0.0,,0
29,0.2222222222222222,0.4444444444444444,0.0,0.7,0.0,0.0,,0
29,0.2222222222222222,0.4444444444444444,0.0,0.71,0.0,0.0,,0
29,0.2222222222222222,0.4444444444444444,0.0,0.72,0.0,0.0,,0
29,0.2222222222222222,0.4444444444444444,0.0,0.73,0.0,0.0,,0
29,0.2222222222222222,0.4444444444444444,0.0,0.74,0.0,0.0,,0
29,0.2222222222222222,0.4444444444444444,0.0,0.75,0.0,0.0,,0
29,0.2222222222222222,0.4444444444444444,0.0,0.76,0.0,0.0,,0
29,0.2222222222222222,0.4444444444444444,0.0,0.77,0.0,0.0,,0
29,0.2222222222222222,0.4444444444444444,0.0,0.78,0.0,0.0,,0
29,0.2222222222222222,0.4444444444444444,0.0,0.79,0.0,0.0,,0
29,0.2222222222222222,0.4444444444444444,0.0,0.8,0.0,0.0,,0
29,0.2222222222222222,0.4444444444444444,0.0,0.81,0.0,0.0,,0
29,0.2222222222222222,0.4444444444444444,0.0,0.82,0.0,0.0,,0
29,0.2222222222222222,0.4444444444444444,0.0,0.83,0.0,0.0,,0
29,0.2222222222222222,0.4444444444444444,0.0,0.84,0.0,0.0,,0
29,0.2222222222222222,0.4444444444444444,0.0,0.85,0.0,0.0,,0
29,0.2222222222222222,0.4444444444444444,0.0,0.86,0.0,0.0,,0
29,0.2222222222222222,0.4444444444444444,0.0,0.87,0.0,0.0,,0
29,0.2222222222222222,0.4444444444444444,0.0,0.88,0.0,0.0,,0
29,0.2222222222222222,0.4444444444444444,0.0,0.89,0.0,0.0,,0
29,0.2222222222222222,0.4444444444444444,0.0,0.9,0.0,0.0,,0
29,0.2222222222222222,0.4444444444444444,0.0,0.91,0.0,0.0,,0
29,0.2222222222222222,0.4444444444444444,0.0,0.92,0.0,0.0,,0
29,0.2222222222222222,0.4444444444444444,0.0,0.93,0.0,0.0,,0
29,0.2222222222222222,0.4444444444444444,0.0,0.94,0.0,0.0,,0
29,0.2222222222222222,0.4444444444444444,0.0,0.95,0.0,0.0,,0
29,0.2222222222222222,0.4444444444444444,0.0,0.96,0.0,0.0,,0
29,0.2222222222222222,0.4444444444444444,0.0,0.97,0.0,0.0,,0
29,0.2222222222222222,0.4444444444444444,0.0,0.98,0.0,0.0,,0
29,0.2222222222222222,0.4444444444444444,0.0,0.99,0.0,0.0,,0
29,0.2222222222222222,0.4444444444444444,0.0,1.0,0.0,0.0,,0
29,0.2222222222222222,0.4444444444444444,0.0,1.01,0.0,0.0,,0
29,0.2222222222222222,0.4444444444444444,0.0,1.02,0.0,0.0,,0
29,0.2222222222222222,0.4444444444444444,0.0,1.03,0.0,0.0,,0
29,0.2222222222222222,0.4444444444444444,0.0,1.04,0.0,0.0,,0
29,0.2222222222222222,0.4444444444444444,0.0,1.05,0.0,0.0,,0
29,0.2222222222222222,0.4444444444444444,0.0,1.06,0.0,0.0,,0
29,0.2222222222222222,0.4444444444444444,0.0,1.07,0.0,0.0,,0
29,0.2222222222222222,0.4444444444444444,0.0,1.08,0.0,0.0,,0
29,0.2222222222222222,0.4444444444444444,0.0,1.09,0.0,0.0,,0
29,0.2222222222222222,0.4444444444444444,0.0,1.1,0.0,0.0,,0
29,0.2222222222222222,0.4444444444444444,0.0,1.11,0.0,0.0,,0
29,0.2222222222222222,0.4444444444444444,0.0,1.12,0.0,0.0,,0
29,0.2222222222222222,0.4444444444444444,0.0,1.13,0.0,0.0,,0
29,0.2222222222222222,0.4444444444444444,0.0,1.14,0.0,0.0,,0
29,0.2222222222222222,0.4444444444444444,0.0,1.15,0.0,0.0,,0
29,0.2222222222222222,0.4444444444444444,0.0,1.16,0.0,0.0,,0
29,0.2222222222222222,0.4444444444444444,0.0,1.17,0.0,0.0,,0
29,0.2222222222222222,0.4444444444444444,0.0,1.18,0.0,0.0,,0
29,0.2222222222222222,0.4444444444444444,0.0,1.19,0.0,0.0,,0
29,0.2222222222222222,0.4444444444444444,0.0,1.2,0.0,0.0,,0
29,0.2222222222222222,0.4444444444444444,0.0,1.21,0.0,0.0,,0
29,0.2222222222222222,0.4444444444444444,0.0,1.22,0.0,0.0,,0
29,0.2222222222222222,0.4444444444444444,0.0,1.23,0.0,0.0,,0
29,0.2222222222222222,0.4444444444444444,0.0,1.24,0.0,0.0,,0
29,0.2222222222222222,0.4444444444444444,0.0,1.25,0.0,0.0,,0
29,0.2222222222222222,0.4444444444444444,0.0,1.26,0.0,0.0,,0
29,0.2222222222222222,0.4444444444444444,0.0,1.27,0.0,0.0,,0
29,0.2222222222222222,0.4444444444444444,0.0,1.28,0.0,0.0,,0
29,0.2222222222222222,0.4444444444444444,0.0,1.29,0.0,0.0,,0
29,0.2222222222222222,0.4444444444444444,0.0,1.3,0.0,0.0,,0
29,0.2222222222222222,0.4444444444444444,0.0,1.31,0.0,0.0,,0
29,0.2222222222222222,0.4444444444444444,0.0,1.32,0.0,0.0,,0
29,0.2222222222222222,0.4444444444444444,0.0,1.33,0.0,0.0,,0
29,0.2222222222222222,0.4444444444444444,0.0,1.34,0.0,0.0,,0
29,0.2222222222222222,0.4444444444444444,0.0,1.35,0.0,0.0,,0
29,0.2222222222222222,0.4444444444444444,0.0,1.36,0.0,0.0,,0
29,0.2222222222222222,0.4444444444444444,0.0,1.37,0.0,0.0,,0
29,0.2222222222222222,0.4444444444444444,0.0,1.38,0.0,0.0,,0
29,0.2222222222222222,0.4444444444444444,0.0,1.39,0.0,0.0,,0
29,0.2222222222222222,0.4444444444444444,0.0,1.4,0.0,0.0,,0
29,0.2222222222222222,0.4444444444444444,0.0,1.41,0.0,0.0,,0
29,0.2222222222222222,0.4444444444444444,0.0,1.42,0.0,0.0,,0
29,0.2222222222222222,0.4444444444444444,0.0,1.43,0.0,0.0,,0
29,0.2222222222222222,0.4444444444444444,0.0,1.44,0.0,0.0,,0
29,0.2222222222222222,0.4444444444444444,0.0,1.45,0.0,0.0,,0
29,0.2222222222222222,0.4444444444444444,0.0,1.46,0.0,0.0,,0
29,0.2222222222222222,0.4444444444444444,0.0,1.47,0.0,0.0,,0
29,0.2222222222222222,0.4444444444444444,0.0,1.48,0.0,0.0,,0
29,0.2222222222222222,0.4444444444444444,0.0,1.49,0.0,0.0,,0
29,0.2222222222222222,0.4444444444444444,0.0,1.5,0.0,0.0,,0
29,0.2222222222222222,0.4444444444444444,0.0,1.51,0.0,0.0,,0
29,0.2222222222222222,0.4444444444444444,0.0,1.52,0.0,0.0,,0
29,0.2222222222222222,0.4444444444444444,0.0,1.53,0.0,0.0,,0
29,0.2222222222222222,0.4444444444444444,0.0,1.54,0.0,0.0,,0
29,0.2222222222222222,0.4444444444444444,0.0,1.55,0.0,0.0,,0
29,0.2222222222222222,0.4444444444444444,0.0,1.56,0.0,0.0,,0
29,0.2222222222222222,0.4444444444444444,0.0,1.57,0.0,0.0,,0
29,0.2222222222222222,0.4444444444444444,0.0,1.58,0.0,0.0,,0
29,0.2222222222222222,0.4444444444444444,0.0,1.59,0.0,0.0,,0
29,0.2222222222222222,0.4444444444444444,0.0,1.6,0.0,0.0,,0
29,0.2222222222222222,0.4444444444444444,0.0,1.61,0.0,0.0,,0
29,0.2222222222222222,0.4444444444444444,0.0,1.62,0.0,0.0,,0
29,0.2222222222222222,0.4444444444444444,0.0,1.63,0.0,0.0,,0
29,0.2222222222222222,0.4444444444444444,0.0,1.64,0.0,0.0,,0
29,0.2222222222222222,0.4444444444444444,0.0,1.65,0.0,0.0,,0
29,0.2222222222222222,0.4444444444444444,0.0,1.66,0.0,0.0,,0
29,0.2222222222222222,0.4444444444444444,0.0,1.67,0.0,0.0,,0
29,0.2222222222222222,0.4444444444444444,0.0,1.68,0.0,0.0,,0
29,0.2222222222222222,0.4444444444444444,0.0,1.69,0.0,0.0,,0
29,0.2222222222222222,0.4444444444444444,0.0,1.7,0.0,0.0,,0
29,0.2222222222222222,0.4444444444444444,0.0,1.71,0.0,0.0,,0
29,0.2222222222222222,0.4444444444444444,0.0,1.72,0.0,0.0,,0
29,0.2222222222222222,0.4444444444444444,0.0,1.73,0.0,0.0,,0
29,0.2222222222222222,0.4444444444444444,0.0,1.74,0.0,0.0,,0
29,0.2222222222222222,0.4444444444444444,0.0,1.75,0.0,0.0,,0
29,0.2222222222222222,0.4444444444444444,0.0,1.76,0.0,0.0,,0
29,0.2222222222222222,0.4444444444444444,0.0,1.77,0.0,0.0,,0
29,0.2222222222222222,0.4444444444444444,0.0,1.78,0.0,0.0,,0
29,0.2222222222222222,0.4444444444444444,0.0,1.79,0.0,0.0,,0
29,0.2222222222222222,0.4444444444444444,0.0,1.8,0.0,0.0,,0
29,0.2222222222222222,0.4444444444444444,0.0,1.81,0.0,0.0,,0
29,0.2222222222222222,0.4444444444444444,0.0,1.82,0.0,0.0,,0
29,0.2222222222222222,0.4444444444444444,0.0,1.83,0.0,0.0,,0
29,0.2222222222222222,0.4444444444444444,0.0,1.84,0.0,0.0,,0
29,0.2222222222222222,0.4444444444444444,0.0,1.85,0.0,0.0,,0
29,0.2222222222222222,0.4444444444444444,0.0,1.86,0.0,0.0,,0
29,0.2222222222222222,0.4444444444444444,0.0,1.87,0.0,0.0,,0
29,0.2222222222222222,0.4444444444444444,0.0,1.88,0.0,0.0,,0
29,0.2222222222222222,0.4444444444444444,0.0,1.89,0.0,0.0,,0
29,0.2222222222222222,0.4444444444444444,0.0,1.9,0.0,0.0,,0
29,0.2222222222222222,0.4444444444444444,0.0,1.91,0.0,0.0,,0
29,0.2222222222222222,0.4444444444444444,0.0,1.92,0.0,0.0,,0
29,0.2222222222222222,0.4444444444444444,0.0,1.93,0.0,0.0,,0
29,0.2222222222222222,0.4444444444444444,0.0,1.94,0.0,0.0,,0
29,0.2222222222222222,0.4444444444444444,0.0,1.95,0.0,0.0,,0
29,0.2222222222222222,0.4444444444444444,0.0,1.96,0.0,0.0,,0
29,0.2222222222222222,0.4444444444444444,0.0,1.97,0.0,0.0,,0
29,0.2222222222222222,0.4444444444444444,0.0,1.98,0.0,0.0,,0
29,0.2222222222222222,0.4444444444444444,0.0,1.99,0.0,0.0,,0
29,0.2222222222222222,0.4444444444444444,0.0,2.0,0.0,0.0,,0
29,0.2222222222222222,0.4444444444444444,0.0,2.01,0.0,0.0,,0
29,0.2222222222222222,0.4444444444444444,0.0,2.02,0.0,0.0,,0
29,0.2222222222222222,0.4444444444444444,0.0,2.03,0.0,0.0,,0
29,0.2222222222222222,0.4444444444444444,0.0,2.04,0.0,0.0,,0
29,0.2222222222222222,0.4444444444444444,0.0,2.05,0.0,0.0,,0
29,0.2222222222222222,0.4444444444444444,0.0,2.06,0.0,0.0,,0
29,0.2222222222222222,0.4444444444444444,0.0,2.07,0.0,0.0,,0
29,0.2222222222222222,0.4444444444444444,0.0,2.08,0.0,0.0,,0
29,0.2222222222222222,0.4444444444444444,0.0,2.09,0.0,0.0,,0
29,0.2222222222222222,0.4444444444444444,0.0,2.1,0.0,0.0,,0
29,0.2222222222222222,0.4444444444444444,0.0,2.11,0.0,0.0,,0
29,0.2222222222222222,0.4444444444444444,0.0,2.12,0.0,0.0,,0
29,0.2222222222222222,0.4444444444444444,0.0,2.13,0.0,0.0,,0
29,0.2222222222222222,0.4444444444444444,0.0,2.14,0.0,0.0,,0
29,0.2222222222222222,0.4444444444444444,0.0,2.15,0.0,0.0,,0
29,0.2222222222222222,0.4444444444444444,0.0,2.16,0.0,0.0,,0
29,0.2222222222222222,0.4444444444444444,0.0,2.17,0.0,0.0,,0
29,0.2222222222222222,0.4444444444444444,0.0,2.18,0.0,0.0,,0
29,0.2222222222222222,0.4444444444444444,0.0,2.19,0.0,0.0,,0
29,0.2222222222222222,0.4444444444444444,0.0,2.2,0.0,0.0,,0
29,0.2222222222222222,0.4444444444444444,0.0,2.21,0.0001,0.0001,0.0,1
29,0.2222222222222222,0.4444444444444444,0.0,2.22,0.0001,0.0001,0.0,1
29,0.2222222222222222,0.4444444444444444,0.0,2.23,0.0002,0.0002,0.0,1
29,0.2222222222222222,0.4444444444444444,0.0,2.24,0.0003,0.0003,0.0,1
29,0.2222222222222222,0.4444444444444444,0.0,2.25,0.0005,0.0005,0.0,1
29,0.2222222222222222,0.4444444444444444,0.0,2.26,0.0007,0.0007,0.0,1
29,0.2222222222222222,0.4444444444444444,0.0,2.27,0.0011,0.0011,0.0,1
29,0.2222222222222222,0.4444444444444444,0.0,2.28,0.0016,0.0016,0.0,1
29,0.2222222222222222,0.4444444444444444,0.0,2.29,0.0022,0.0022,0.0,1
29,0.2222222222222222,0.4444444444444444,0.0,2.3,0.0029,0.0029,0.0,1
29,0.2222222222222222,0.4444444444444444,0.0,2.31,0.0037,0.0037,0.0,1
29,0.2222222222222222,0.4444444444444444,0.0,2.32,0.0046,0.0046,0.0,1
29,0.2222222222222222,0.4444444444444444,0.0,2.33,0.0055,0.0055,0.0,1
29,0.2222222222222222,0.4444444444444444,0.0,2.34,0.0063,0.0063,0.0,1
29,0.2222222222222222,0.4444444444444444,0.0,2.35,0.007,0.007,0.0,1
29,0.2222222222222222,0.4444444444444444,0.0,2.36,0.0074,0.0074,0.0,1
29,0.2222222222222222,0.4444444444444444,0.0,2.37,0.0077,0.0077,0.0,1
29,0.2222222222222222,0.4444444444444444,0.0,2.38,0.0077,0.0077,0.0,1
29,0.2222222222222222,0.4444444444444444,0.0,2.39,0.0075,0.0075,0.0,1
29,0.2222222222222222,0.4444444444444444,0.0,2.4,0.0072,0.0072,0.0,1
29,0.2222222222222222,0.4444444444444444,0.0,2.41,0.0068,0.0068,0.0,1
29,0.2222222222222222,0.4444444444444444,0.0,2.42,0.0064,0.0064,0.0,1
29,0.2222222222222222,0.4444444444444444,0.0,2.43,0.006,0.006,0.0,1
29,0.2222222222222222,0.4444444444444444,0.0,2.44,0.0057,0.0057,0.0,1
29,0.2222222222222222,0.4444444444444444,0.0,2.45,0.0054,0.0054,0.0,1
29,0.2222222222222222,0.4444444444444444,0.0,2.46,0.0051,0.0051,0.0,1
29,0.2222222222222222,0.4444444444444444,0.0,2.47,0.0049,0.0049,0.0,1
29,0.2222222222222222,0.4444444444444444,0.0,2.48,0.0046,0.0046,0.0,1
29,0.2222222222222222,0.4444444444444444,0.0,2.49,0.0042,0.0042,0.0,1
29,0.2222222222222222,0.4444444444444444,0.0,2.5,0.0038,0.0038,0.0,1
29,0.2222222222222222,0.4444444444444444,0.0,2.51,0.0033,0.0033,0.0,1
29,0.2222222222222222,0.4444444444444444,0.0,2.52,0.0027,0.0027,0.0,1
29,0.2222222222222222,0.4444444444444444,0.0,2.53,0.0022,0.0022,0.0,1
29,0.2222222222222222,0.4444444444444444,0.0,2.54,0.0017,0.0017,0.0,1
29,0.2222222222222222,0.4444444444444444,0.0,2.55,0.0013,0.0013,0.0,1
29,0.2222222222222222,0.4444444444444444,0.0,2.56,0.001,0.001,0.0,1
29,0.2222222222222222,0.4444444444444444,0.0,2.57,0.0007,0.0007,0.0,1
29,0.2222222222222222,0.4444444444444444,0.0,2.58,0.0004,0.0004,0.0,1
29,0.2222222222222222,0.4444444444444444,0.0,2.59,0.0003,0.0003,0.0,1
29,0.2222222222222222,0.4444444444444444,0.0,2.6,0.0002,0.0002,0.0,1
29,0.2222222222222222,0.4444444444444444,0.0,2.61,0.0001,0.0001,0.0,1
29,0.2222222222222222,0.4444444444444444,0.0,2.62,0.0001,0.0001,0.0,1
29,0.2222222222222222,0.4444444444444444,0.0,2.63,0.0,0.0,,0
29,0.2222222222222222,0.4444444444444444,0.0,2.64,0.0,0.0,,0
29,0.2222222222222222,0.4444444444444444,0.0,2.65,0.0,0.0,,0
29,0.2222222222222222,0.4444444444444444,0.0,2.66,0.0,0.0,,0
29,0.2222222222222222,0.4444444444444444,0.0,2.67,0.0,0.0,,0
29,0.2222222222222222,0.4444444444444444,0.0,2.68,0.0,0.0,,0
29,0.2222222222222222,0.4444444444444444,0.0,2.69,0.0001,0.0001,0.0,1
29,0.2222222222222222,0.4444444444444444,0.0,2.7,0.0001,0.0001,0.0,1
29,0.2222222222222222,0.4444444444444444,0.0,2.71,0.0002,0.0002,0.0,1
29,0.2222222222222222,0.4444444444444444,0.0,2.72,0.0003,0.0003,0.0,1
29,0.2222222222222222,0.4444444444444444,0.0,2.73,0.0005,0.0005,0.0,1
29,0.2222222222222222,0.4444444444444444,0.0,2.74,0.0007,0.0007,0.0,1
29,0.2222222222222222,0.4444444444444444,0.0,2.75,0.0009,0.0009,0.0,1
29,0.2222222222222222,0.4444444444444444,0.0,2.76,0.0013,0.0013,0.0,1
29,0.2222222222222222,0.4444444444444444,0.0,2.77,0.0016,0.0016,0.0,1
29,0.2222222222222222,0.4444444444444444,0.0,2.78,0.002,0.002,0.0,1
29,0.2222222222222222,0.4444444444444444,0.0,2.79,0.0024,0.0024,0.0,1
29,0.2222222222222222,0.4444444444444444,0.0,2.8,0.0027,0.0027,0.0,1
29,0.2222222222222222,0.4444444444444444,0.0,2.81,0.003,0.003,0.0,1
29,0.2222222222222222,0.4444444444444444,0.0,2.82,0.0033,0.0033,0.0,1
29,0.2222222222222222,0.4444444444444444,0.0,2.83,0.0035,0.0035,0.0,1
29,0.2222222222222222,0.4444444444444444,0.0,2.84,0.0037,0.0037,0.0,1
29,0.2222222222222222,0.4444444444444444,0.0,2.85,0.0039,0.0039,0.0,1
29,0.2222222222222222,0.4444444444444444,0.0,2.86,0.0041,0.0041,0.0,1
29,0.2222222222222222,0.4444444444444444,0.0,2.87,0.0044,0.0044,0.0,1
29,0.2222222222222222,0.4444444444444444,0.0,2.88,0.0047,0.0047,0.0,1
29,0.2222222222222222,0.4444444444444444,0.0,2.89,0.005,0.005,0.0,1
29,0.2222222222222222,0.4444444444444444,0.0,2.9,0.0053,0.0053,0.0,1
29,0.2222222222222222,0.4444444444444444,0.0,2.91,0.0055,0.0055,0.0,1
29,0.2222222222222222,0.4444444444444444,0.0,2.92,0.0057,0.0057,0.0,1
29,0.2222222222222222,0.4444444444444444,0.0,2.93,0.0057,0.0057,0.0,1
29,0.2222222222222222,0.4444444444444444,0.0,2.94,0.0055,0.0055,0.0,1
29,0.2222222222222222,0.4444444444444444,0.0,2.95,0.0052,0.0052,0.0,1
29,0.2222222222222222,0.4444444444444444,0.0,2.96,0.0047,0.0047,0.0,1
29,0.2222222222222222,0.4444444444444444,0.0,2.97,0.0041,0.0041,0.0,1
29,0.2222222222222222,0.4444444444444444,0.0,2.98,0.0034,0.0034,0.0,1
29,0.2222222222222222,0.4444444444444444,0.0,2.99,0.0028,0.0028,0.0,1
29,0.2222222222222222,0.4444444444444444,0.0,3.0,0.0022,0.0022,0.0,1
29,0.2222222222222222,0.4444444444444444,0.0,3.01,0.0016,0.0016,0.0,1
29,0.2222222222222222,0.4444444444444444,0.0,3.02,0.0012,0.0012,0.0,1
29,0.2222222222222222,0.4444444444444444,0.0,3.03,0.0008,0.0008,0.0,1
29,0.2222222222222222,0.4444444444444444,0.0,3.04,0.0005,0.0005,0.0,1
29,0.2222222222222222,0.4444444444444444,0.0,3.05,0.0003,0.0003,0.0,1
29,0.2222222222222222,0.4444444444444444,0.0,3.06,0.0002,0.0002,0.0,1
29,0.2222222222222222,0.4444444444444444,0.0,3.07,0.0001,0.0001,0.0,1
29,0.2222222222222222,0.4444444444444444,0.0,3.08,0.0001,0.0001,0.0,1
29,0.2222222222222222,0.4444444444444444,0.0,3.09,0.0,0.0,,0
29,0.2222222222222222,0.4444444444444444,0.0,3.1,0.0,0.0,,0
29,0.2222222222222222,0.4444444444444444,0.0,3.11,0.0,0.0,,0
29,0.2222222222222222,0.4444444444444444,0.0,3.12,0.0,0.0,,0
29,0.2222222222222222,0.4444444444444444,0.0,3.13,0.0001,0.0001,0.0,1
29,0.2222222222222222,0.4444444444444444,0.0,3.14,0.0001,0.0001,0.0,1
29,0.2222222222222222,0.4444444444444444,0.0,3.15,0.0001,0.0001,0.0,1
29,0.2222222222222222,0.4444444444444444,0.0,3.16,0.0001,0.0001,0.0,1
29,0.2222222222222222,0.4444444444444444,0.0,3.17,0.0001,0.0001,0.0,1
29,0.2222222222222222,0.4444444444444444,0.0,3.18,0.0002,0.0002,0.0,1
29,0.2222222222222222,0.4444444444444444,0.0,3.19,0.0002,0.0002,0.0,1
29,0.2222222222222222,0.4444444444444444,0.0,3.2,0.0002,0.0002,0.0,1
29,0.2222222222222222,0.4444444444444444,0.0,3.21,0.0002,0.0002,0.0,1
29,0.2222222222222222,0.4444444444444444,0.0,3.22,0.0002,0.0002,0.0,1
29,0.2222222222222222,0.4444444444444444,0.0,3.23,0.0002,0.0002,0.0,1
29,0.2222222222222222,0.4444444444444444,0.0,3.24,0.0002,0.0002,0.0,1
29,0.2222222222222222,0.4444444444444444,0.0,3.25,0.0002,0.0002,0.0,1
29,0.2222222222222222,0.4444444444444444,0.0,3.26,0.0002,0.0002,0.0,1
29,0.2222222222222222,0.4444444444444444,0.0,3.27,0.0002,0.0002,0.0,1
29,0.2222222222222222,0.4444444444444444,0.0,3.28,0.0002,0.0002,0.0,1
29,0.2222222222222222,0.4444444444444444,0.0,3.29,0.0002,0.0002,0.0,1
29,0.2222222222222222,0.4444444444444444,0.0,3.3,0.0003,0.0003,0.0,1
29,0.2222222222222222,0.4444444444444444,0.0,3.31,0.0003,0.0003,0.0,1
29,0.2222222222222222,0.4444444444444444,0.0,3.32,0.0003,0.0003,0.0,1
29,0.2222222222222222,0.4444444444444444,0.0,3.33,0.0004,0.0004,0.0,1
29,0.2222222222222222,0.4444444444444444,0.0,3.34,0.0004,0.0004,0.0,1
29,0.2222222222222222,0.4444444444444444,0.0,3.35,0.0004,0.0004,0.0,1
29,0.2222222222222222,0.4444444444444444,0.0,3.36,0.0004,0.0004,0.0,1
29,0.2222222222222222,0.4444444444444444,0.0,3.37,0.0004,0.0004,0.0,1
29,0.2222222222222222,0.4444444444444444,0.0,3.38,0.0003,0.0003,0.0,1
29,0.2222222222222222,0.4444444444444444,0.0,3.39,0.0003,0.0003,0.0,1
29,0.2222222222222222,0.4444444444444444,0.0,3.4,0.0003,0.0003,0.0,1
29,0.2222222222222222,0.4444444444444444,0.0,3.41,0.0002,0.0002,0.0,1
29,0.2222222222222222,0.4444444444444444,0.0,3.42,0.0002,0.0002,0.0,1
29,0.2222222222222222,0.4444444444444444,0.0,3.43,0.0001,0.0001,0.0,1
29,0.2222222222222222,0.4444444444444444,0.0,3.44,0.0001,0.0001,0.0,1
29,0.2222222222222222,0.4444444444444444,0.0,3.45,0.0001,0.0001,0.0,1
29,0.2222222222222222,0.4444444444444444,0.0,3.46,0.0,0.0,,0
29,0.2222222222222222,0.4444444444444444,0.0,3.47,0.0,0.0,,0
29,0.2222222222222222,0.4444444444444444,0.0,3.48,0.0,0.0,,0
29,0.2222222222222222,0.4444444444444444,0.0,3.49,0.0,0.0,,0
29,0.2222222222222222,0.4444444444444444,0.0,3.5,0.0,0.0,,0
29,0.2222222222222222,0.4444444444444444,0.0,3.51,0.0,0.0,,0
29,0.2222222222222222,0.4444444444444444,0.0,3.52,0.0,0.0,,0
29,0.2222222222222222,0.4444444444444444,0.0,3.53,0.0,0.0,,0
29,0.2222222222222222,0.4444444444444444,0.0,3.54,0.0,0.0,,0
29,0.2222222222222222,0.4444444444444444,0.0,3.55,0.0,0.0,,0
29,0.2222222222222222,0.4444444444444444,0.0,3.56,0.0001,0.0001,0.0,1
29,0.2222222222222222,0.4444444444444444,0.0,3.57,0.0001,0.0001,0.0,1
29,0.2222222222222222,0.4444444444444444,0.0,3.58,0.0002,0.0002,0.0,1
29,0.2222222222222222,0.4444444444444444,0.0,3.59,0.0002,0.0002,0.0,1
29,0.2222222222222222,0.4444444444444444,0.0,3.6,0.0003,0.0003,0.0,1
29,0.2222222222222222,0.4444444444444444,0.0,3.61,0.0004,0.0004,0.0,1
29,0.2222222222222222,0.4444444444444444,0.0,3.62,0.0005,0.0005,0.0,1
29,0.2222222222222222,0.4444444444444444,0.0,3.63,0.0005,0.0005,0.0,1
29,0.2222222222222222,0.4444444444444444,0.0,3.64,0.0006,0.0006,0.0,1
29,0.2222222222222222,0.4444444444444444,0.0,3.65,0.0007,0.0007,0.0,1
29,0.2222222222222222,0.4444444444444444,0.0,3.66,0.0007,0.0007,0.0,1
29,0.2222222222222222,0.4444444444444444,0.0,3.67,0.0007,0.0007,0.0,1
29,0.2222222222222222,0.4444444444444444,0.0,3.68,0.0007,0.0007,0.0,1
29,0.2222222222222222,0.4444444444444444,0.0,3.69,0.0006,0.0006,0.0,1
29,0.2222222222222222,0.4444444444444444,0.0,3.7,0.0006,0.0006,0.0,1
29,0.2222222222222222,0.4444444444444444,0.0,3.71,0.0005,0.0005,0.0,1
29,0.2222222222222222,0.4444444444444444,0.0,3.72,0.0004,0.0004,0.0,1
29,0.2222222222222222,0.4444444444444444,0.0,3.73,0.0004,0.0004,0.0,1
29,0.2222222222222222,0.4444444444444444,0.0,3.74,0.0003,0.0003,0.0,1
29,0.2222222222222222,0.4444444444444444,0.0,3.75,0.0003,0.0003,0.0,1
29,0.2222222222222222,0.4444444444444444,0.0,3.76,0.0003,0.0003,0.0,1
29,0.2222222222222222,0.4444444444444444,0.0,3.77,0.0003,0.0003,0.0,1
29,0.2222222222222222,0.4444444444444444,0.0,3.78,0.0003,0.0003,0.0,1
29,0.2222222222222222,0.4444444444444444,0.0,3.79,0.0003,0.0003,0.0,1
29,0.2222222222222222,0.4444444444444444,0.0,3.8,0.0003,0.0003,0.0,1
29,0.2222222222222222,0.4444444444444444,0.0,3.81,0.0003,0.0003,0.0,1
29,0.2222222222222222,0.4444444444444444,0.0,3.82,0.0003,0.0003,0.0,1
29,0.2222222222222222,0.4444444444444444,0.0,3.83,0.0002,0.0002,0.0,1
29,0.2222222222222222,0.4444444444444444,0.0,3.84,0.0002,0.0002,0.0,1
29,0.2222222222222222,0.4444444444444444,0.0,3.85,0.0002,0.0002,0.0,1
29,0.2222222222222222,0.4444444444444444,0.0,3.86,0.0002,0.0002,0.0,1
29,0.2222222222222222,0.4444444444444444,0.0,3.87,0.0001,0.0001,0.0,1
29,0.2222222222222222,0.4444444444444444,0.0,3.88,0.0001,0.0001,0.0,1
29,0.2222222222222222,0.4444444444444444,0.0,3.89,0.0001,0.0001,0.0,1
29,0.2222222222222222,0.4444444444444444,0.0,3.9,0.0001,0.0001,0.0,1
29,0.2222222222222222,0.4444444444444444,0.0,3.91,0.0,0.0,,0
29,0.2222222222222222,0.4444444444444444,0.0,3.92,0.0,0.0,,0
29,0.2222222222222222,0.4444444444444444,0.0,3.93,0.0,0.0,,0
29,0.2222222222222222,0.4444444444444444,0.0,3.94,0.0,0.0,,0
29,0.2222222222222222,0.4444444444444444,0.0,3.95,0.0,0.0,,0
29,0.2222222222222222,0.4444444444444444,0.0,3.96,0.0,0.0,,0
29,0.2222222222222222,0.4444444444444444,0.0,3.97,0.0,0.0,,0
29,0.2222222222222222,0.4444444444444444,0.0,3.98,0.0,0.0,,0
29,0.2222222222222222,0.4444444444444444,0.0,3.99,0.0,0.0,,0
29,0.2222222222222222,0.4444444444444444,0.0,4.0,0.0,0.0,,0
30,0.1944444444444444,0.3888888888888888,0.0,0.5,0.0,0.0,,0
30,0.1944444444444444,0.3888888888888888,0.0,0.51,0.0,0.0,,0
30,0.1944444444444444,0.3888888888888888,0.0,0.52,0.0,0.0,,0
30,0.1944444444444444,0.3888888888888888,0.0,0.53,0.0,0.0,,0
30,0.1944444444444444,0.3888888888888888,0.0,0.54,0.0,0.0,,0
30,0.1944444444444444,0.3888888888888888,0.0,0.55,0.0,0.0,,0
30,0.1944444444444444,0.3888888888888888,0.0,0.56,0.0,0.0,,0
30,0.1944444444444444,0.3888888888888888,0.0,0.57,0.0,0.0,,0
30,0.1944444444444444,0.3888888888888888,0.0,0.58,0.0,0.0,,0
30,0.1944444444444444,0.3888888888888888,0.0,0.59,0.0,0.0,,0
30,0.1944444444444444,0.3888888888888888,0.0,0.6,0.0,0.0,,0
30,0.1944444444444444,0.3888888888888888,0.0,0.61,0.0,0.0,,0
30,0.1944444444444444,0.3888888888888888,0.0,0.62,0.0,0.0,,0
30,0.1944444444444444,0.3888888888888888,0.0,0.63,0.0,0.0,,0
30,0.1944444444444444,0.3888888888888888,0.0,0.64,0.0,0.0,,0
30,0.1944444444444444,0.3888888888888888,0.0,0.65,0.0,0.0,,0
30,0.1944444444444444,0.3888888888888888,0.0,0.66,0.0,0.0,,0
30,0.1944444444444444,0.3888888888888888,0.0,0.67,0.0,0.0,,0
30,0.1944444444444444,0.3888888888888888,0.0,0.68,0.0,0.0,,0
30,0.1944444444444444,0.3888888888888888,0.0,0.69,0.0,0.0,,0
30,0.1944444444444444,0.3888888888888888,0.0,0.7,0.0,0.0,,0
30,0.1944444444444444,0.3888888888888888,0.0,0.71,0.0,0.0,,0
30,0.1944444444444444,0.3888888888888888,0.0,0.72,0.0,0.0,,0
30,0.1944444444444444,0.3888888888888888,0.0,0.73,0.0,0.0,,0
30,0.1944444444444444,0.3888888888888888,0.0,0.74,0.0,0.0,,0
30,0.1944444444444444,0.3888888888888888,0.0,0.75,0.0,0.0,,0
30,0.1944444444444444,0.3888888888888888,0.0,0.76,0.0,0.0,,0
30,0.1944444444444444,0.3888888888888888,0.0,0.77,0.0,0.0,,0
30,0.1944444444444444,0.3888888888888888,0.0,0.78,0.0,0.0,,0
30,0.1944444444444444,0.3888888888888888,0.0,0.79,0.0,0.0,,0
30,0.1944444444444444,0.3888888888888888,0.0,0.8,0.0,0.0,,0
30,0.1944444444444444,0.3888888888888888,0.0,0.81,0.0,0.0,,0
30,0.1944444444444444,0.3888888888888888,0.0,0.82,0.0,0.0,,0
30,0.1944444444444444,0.3888888888888888,0.0,0.83,0.0,0.0,,0
30,0.1944444444444444,0.3888888888888888,0.0,0.84,0.0,0.0,,0
30,0.1944444444444444,0.3888888888888888,0.0,0.85,0.0,0.0,,0
30,0.1944444444444444,0.3888888888888888,0.0,0.86,0.0,0.0,,0
30,0.1944444444444444,0.3888888888888888,0.0,0.87,0.0,0.0,,0
30,0.1944444444444444,0.3888888888888888,0.0,0.88,0.0,0.0,,0
30,0.1944444444444444,0.3888888888888888,0.0,0.89,0.0,0.0,,0
30,0.1944444444444444,0.3888888888888888,0.0,0.9,0.0,0.0,,0
30,0.1944444444444444,0.3888888888888888,0.0,0.91,0.0,0.0,,0
30,0.1944444444444444,0.3888888888888888,0.0,0.92,0.0,0.0,,0
30,0.1944444444444444,0.3888888888888888,0.0,0.93,0.0,0.0,,0
30,0.1944444444444444,0.3888888888888888,0.0,0.94,0.0,0.0,,0
30,0.1944444444444444,0.3888888888888888,0.0,0.95,0.0,0.0,,0
30,0.1944444444444444,0.3888888888888888,0.0,0.96,0.0,0.0,,0
30,0.1944444444444444,0.3888888888888888,0.0,0.97,0.0,0.0,,0
30,0.1944444444444444,0.3888888888888888,0.0,0.98,0.0,0.0,,0
30,0.1944444444444444,0.3888888888888888,0.0,0.99,0.0,0.0,,0
30,0.1944444444444444,0.3888888888888888,0.0,1.0,0.0,0.0,,0
30,0.1944444444444444,0.3888888888888888,0.0,1.01,0.0,0.0,,0
30,0.1944444444444444,0.3888888888888888,0.0,1.02,0.0,0.0,,0
30,0.1944444444444444,0.3888888888888888,0.0,1.03,0.0,0.0,,0
30,0.1944444444444444,0.3888888888888888,0.0,1.04,0.0,0.0,,0
30,0.1944444444444444,0.3888888888888888,0.0,1.05,0.0,0.0,,0
30,0.1944444444444444,0.3888888888888888,0.0,1.06,0.0,0.0,,0
30,0.1944444444444444,0.3888888888888888,0.0,1.07,0.0,0.0,,0
30,0.1944444444444444,0.3888888888888888,0.0,1.08,0.0,0.0,,0
30,0.1944444444444444,0.3888888888888888,0.0,1.09,0.0,0.0,,0
30,0.1944444444444444,0.3888888888888888,0.0,1.1,0.0,0.0,,0
30,0.1944444444444444,0.3888888888888888,0.0,1.11,0.0,0.0,,0
30,0.1944444444444444,0.3888888888888888,0.0,1.12,0.0,0.0,,0
30,0.1944444444444444,0.3888888888888888,0.0,1.13,0.0,0.0,,0
30,0.1944444444444444,0.3888888888888888,0.0,1.14,0.0,0.0,,0
30,0.1944444444444444,0.3888888888888888,0.0,1.15,0.0,0.0,,0
30,0.1944444444444444,0.3888888888888888,0.0,1.16,0.0,0.0,,0
30,0.1944444444444444,0.3888888888888888,0.0,1.17,0.0,0.0,,0
30,0.1944444444444444,0.3888888888888888,0.0,1.18,0.0,0.0,,0
30,0.1944444444444444,0.3888888888888888,0.0,1.19,0.0,0.0,,0
30,0.1944444444444444,0.3888888888888888,0.0,1.2,0.0,0.0,,0
30,0.1944444444444444,0.3888888888888888,0.0,1.21,0.0,0.0,,0
30,0.1944444444444444,0.3888888888888888,0.0,1.22,0.0,0.0,,0
30,0.1944444444444444,0.3888888888888888,0.0,1.23,0.0,0.0,,0
30,0.1944444444444444,0.3888888888888888,0.0,1.24,0.0,0.0,,0
30,0.1944444444444444,0.3888888888888888,0.0,1.25,0.0,0.0,,0
30,0.1944444444444444,0.3888888888888888,0.0,1.26,0.0,0.0,,0
30,0.1944444444444444,0.3888888888888888,0.0,1.27,0.0,0.0,,0
30,0.1944444444444444,0.3888888888888888,0.0,1.28,0.0,0.0,,0
30,0.1944444444444444,0.3888888888888888,0.0,1.29,0.0,0.0,,0
30,0.1944444444444444,0.3888888888888888,0.0,1.3,0.0,0.0,,0
30,0.1944444444444444,0.3888888888888888,0.0,1.31,0.0,0.0,,0
30,0.1944444444444444,0.3888888888888888,0.0,1.32,0.0,0.0,,0
30,0.1944444444444444,0.3888888888888888,0.0,1.33,0.0,0.0,,0
30,0.1944444444444444,0.3888888888888888,0.0,1.34,0.0,0.0,,0
30,0.1944444444444444,0.3888888888888888,0.0,1.35,0.0,0.0,,0
30,0.1944444444444444,0.3888888888888888,0.0,1.36,0.0,0.0,,0
30,0.1944444444444444,0.3888888888888888,0.0,1.37,0.0,0.0,,0
30,0.1944444444444444,0.3888888888888888,0.0,1.38,0.0,0.0,,0
30,0.1944444444444444,0.3888888888888888,0.0,1.39,0.0,0.0,,0
30,0.1944444444444444,0.3888888888888888,0.0,1.4,0.0,0.0,,0
30,0.1944444444444444,0.3888888888888888,0.0,1.41,0.0,0.0,,0
30,0.1944444444444444,0.3888888888888888,0.0,1.42,0.0,0.0,,0
30,0.1944444444444444,0.3888888888888888,0.0,1.43,0.0,0.0,,0
30,0.1944444444444444,0.3888888888888888,0.0,1.44,0.0,0.0,,0
30,0.1944444444444444,0.3888888888888888,0.0,1.45,0.0,0.0,,0
30,0.1944444444444444,0.3888888888888888,0.0,1.46,0.0,0.0,,0
30,0.1944444444444444,0.3888888888888888,0.0,1.47,0.0,0.0,,0
30,0.1944444444444444,0.3888888888888888,0.0,1.48,0.0,0.0,,0
30,0.1944444444444444,0.3888888888888888,0.0,1.49,0.0,0.0,,0
30,0.1944444444444444,0.3888888888888888,0.0,1.5,0.0,0.0,,0
30,0.1944444444444444,0.3888888888888888,0.0,1.51,0.0,0.0,,0
30,0.1944444444444444,0.3888888888888888,0.0,1.52,0.0,0.0,,0
30,0.1944444444444444,0.3888888888888888,0.0,1.53,0.0,0.0,,0
30,0.1944444444444444,0.3888888888888888,0.0,1.54,0.0,0.0,,0
30,0.1944444444444444,0.3888888888888888,0.0,1.55,0.0,0.0,,0
30,0.1944444444444444,0.3888888888888888,0.0,1.56,0.0,0.0,,0
30,0.1944444444444444,0.3888888888888888,0.0,1.57,0.0,0.0,,0
30,0.1944444444444444,0.3888888888888888,0.0,1.58,0.0,0.0,,0
30,0.1944444444444444,0.3888888888888888,0.0,1.59,0.0,0.0,,0
30,0.1944444444444444,0.3888888888888888,0.0,1.6,0.0,0.0,,0
30,0.1944444444444444,0.3888888888888888,0.0,1.61,0.0,0.0,,0
30,0.1944444444444444,0.3888888888888888,0.0,1.62,0.0,0.0,,0
30,0.1944444444444444,0.3888888888888888,0.0,1.63,0.0,0.0,,0
30,0.1944444444444444,0.3888888888888888,0.0,1.64,0.0,0.0,,0
30,0.1944444444444444,0.3888888888888888,0.0,1.65,0.0,0.0,,0
30,0.1944444444444444,0.3888888888888888,0.0,1.66,0.0,0.0,,0
30,0.1944444444444444,0.3888888888888888,0.0,1.67,0.0,0.0,,0
30,0.1944444444444444,0.3888888888888888,0.0,1.68,0.0,0.0,,0
30,0.1944444444444444,0.3888888888888888,0.0,1.69,0.0,0.0,,0
30,0.1944444444444444,0.3888888888888888,0.0,1.7,0.0,0.0,,0
30,0.1944444444444444,0.3888888888888888,0.0,1.71,0.0,0.0,,0
30,0.1944444444444444,0.3888888888888888,0.0,1.72,0.0,0.0,,0
30,0.1944444444444444,0.3888888888888888,0.0,1.73,0.0,0.0,,0
30,0.1944444444444444,0.3888888888888888,0.0,1.74,0.0,0.0,,0
30,0.1944444444444444,0.3888888888888888,0.0,1.75,0.0,0.0,,0
30,0.1944444444444444,0.3888888888888888,0.0,1.76,0.0,0.0,,0
30,0.1944444444444444,0.3888888888888888,0.0,1.77,0.0,0.0,,0
30,0.1944444444444444,0.3888888888888888,0.0,1.78,0.0,0.0,,0
30,0.1944444444444444,0.3888888888888888,0.0,1.79,0.0,0.0,,0
30,0.1944444444444444,0.3888888888888888,0.0,1.8,0.0,0.0,,0
30,0.1944444444444444,0.3888888888888888,0.0,1.81,0.0,0.0,,0
30,0.1944444444444444,0.3888888888888888,0.0,1.82,0.0,0.0,,0
30,0.1944444444444444,0.3888888888888888,0.0,1.83,0.0,0.0,,0
30,0.1944444444444444,0.3888888888888888,0.0,1.84,0.0,0.0,,0
30,0.1944444444444444,0.3888888888888888,0.0,1.85,0.0,0.0,,0
30,0.1944444444444444,0.3888888888888888,0.0,1.86,0.0,0.0,,0
30,0.1944444444444444,0.3888888888888888,0.0,1.87,0.0,0.0,,0
30,0.1944444444444444,0.3888888888888888,0.0,1.88,0.0,0.0,,0
30,0.1944444444444444,0.3888888888888888,0.0,1.89,0.0,0.0,,0
30,0.1944444444444444,0.3888888888888888,0.0,1.9,0.0,0.0,,0
30,0.1944444444444444,0.3888888888888888,0.0,1.91,0.0,0.0,,0
30,0.1944444444444444,0.3888888888888888,0.0,1.92,0.0,0.0,,0
30,0.1944444444444444,0.3888888888888888,0.0,1.93,0.0,0.0,,0
30,0.1944444444444444,0.3888888888888888,0.0,1.94,0.0,0.0,,0
30,0.1944444444444444,0.3888888888888888,0.0,1.95,0.0,0.0,,0
30,0.1944444444444444,0.3888888888888888,0.0,1.96,0.0,0.0,,0
30,0.1944444444444444,0.3888888888888888,0.0,1.97,0.0,0.0,,0
30,0.1944444444444444,0.3888888888888888,0.0,1.98,0.0,0.0,,0
30,0.1944444444444444,0.3888888888888888,0.0,1.99,0.0,0.0,,0
30,0.1944444444444444,0.3888888888888888,0.0,2.0,0.0,0.0,,0
30,0.1944444444444444,0.3888888888888888,0.0,2.01,0.0,0.0,,0
30,0.1944444444444444,0.3888888888888888,0.0,2.02,0.0,0.0,,0
30,0.1944444444444444,0.3888888888888888,0.0,2.03,0.0,0.0,,0
30,0.1944444444444444,0.3888888888888888,0.0,2.04,0.0,0.0,,0
30,0.1944444444444444,0.3888888888888888,0.0,2.05,0.0,0.0,,0
30,0.1944444444444444,0.3888888888888888,0.0,2.06,0.0,0.0,,0
30,0.1944444444444444,0.3888888888888888,0.0,2.07,0.0,0.0,,0
30,0.1944444444444444,0.3888888888888888,0.0,2.08,0.0,0.0,,0
30,0.1944444444444444,0.3888888888888888,0.0,2.09,0.0,0.0,,0
30,0.1944444444444444,0.3888888888888888,0.0,2.1,0.0,0.0,,0
30,0.1944444444444444,0.3888888888888888,0.0,2.11,0.0,0.0,,0
30,0.1944444444444444,0.3888888888888888,0.0,2.12,0.0,0.0,,0
30,0.1944444444444444,0.3888888888888888,0.0,2.13,0.0,0.0,,0
30,0.1944444444444444,0.3888888888888888,0.0,2.14,0.0,0.0,,0
30,0.1944444444444444,0.3888888888888888,0.0,2.15,0.0,0.0,,0
30,0.1944444444444444,0.3888888888888888,0.0,2.16,0.0,0.0,,0
30,0.1944444444444444,0.3888888888888888,0.0,2.17,0.0,0.0,,0
30,0.1944444444444444,0.3888888888888888,0.0,2.18,0.0001,0.0001,0.0,1
30,0.1944444444444444,0.3888888888888888,0.0,2.19,0.0002,0.0002,0.0,1
30,0.1944444444444444,0.3888888888888888,0.0,2.2,0.0003,0.0003,0.0,1
30,0.1944444444444444,0.3888888888888888,0.0,2.21,0.0005,0.0005,0.0,1
30,0.1944444444444444,0.3888888888888888,0.0,2.22,0.0008,0.0008,0.0,1
30,0.1944444444444444,0.3888888888888888,0.0,2.23,0.0011,0.0011,0.0,1
30,0.1944444444444444,0.3888888888888888,0.0,2.24,0.0017,0.0017,0.0,1
30,0.1944444444444444,0.3888888888888888,0.0,2.25,0.0024,0.0024,0.0,1
30,0.1944444444444444,0.3888888888888888,0.0,2.26,0.0032,0.0032,0.0,1
30,0.1944444444444444,0.3888888888888888,0.0,2.27,0.0042,0.0042,0.0,1
30,0.1944444444444444,0.3888888888888888,0.0,2.28,0.0053,0.0053,0.0,1
30,0.1944444444444444,0.3888888888888888,0.0,2.29,0.0065,0.0065,0.0,1
30,0.1944444444444444,0.3888888888888888,0.0,2.3,0.0076,0.0076,0.0,1
30,0.1944444444444444,0.3888888888888888,0.0,2.31,0.0085,0.0085,0.0,1
30,0.1944444444444444,0.3888888888888888,0.0,2.32,0.0093,0.0093,0.0,1
30,0.1944444444444444,0.3888888888888888,0.0,2.33,0.0098,0.0098,0.0,1
30,0.1944444444444444,0.3888888888888888,0.0,2.34,0.01,0.01,0.0,1
30,0.1944444444444444,0.3888888888888888,0.0,2.35,0.0101,0.0101,0.0,1
30,0.1944444444444444,0.3888888888888888,0.0,2.36,0.0099,0.0099,0.0,1
30,0.1944444444444444,0.3888888888888888,0.0,2.37,0.0096,0.0096,0.0,1
30,0.1944444444444444,0.3888888888888888,0.0,2.38,0.0092,0.0092,0.0,1
30,0.1944444444444444,0.3888888888888888,0.0,2.39,0.0088,0.0088,0.0,1
30,0.1944444444444444,0.3888888888888888,0.0,2.4,0.0083,0.0083,0.0,1
30,0.1944444444444444,0.3888888888888888,0.0,2.41,0.0079,0.0079,0.0,1
30,0.1944444444444444,0.3888888888888888,0.0,2.42,0.0074,0.0074,0.0,1
30,0.1944444444444444,0.3888888888888888,0.0,2.43,0.0068,0.0068,0.0,1
30,0.1944444444444444,0.3888888888888888,0.0,2.44,0.0062,0.0062,0.0,1
30,0.1944444444444444,0.3888888888888888,0.0,2.45,0.0055,0.0055,0.0,1
30,0.1944444444444444,0.3888888888888888,0.0,2.46,0.0047,0.0047,0.0,1
30,0.1944444444444444,0.3888888888888888,0.0,2.47,0.0039,0.0039,0.0,1
30,0.1944444444444444,0.3888888888888888,0.0,2.48,0.0032,0.0032,0.0,1
30,0.1944444444444444,0.3888888888888888,0.0,2.49,0.0025,0.0025,0.0,1
30,0.1944444444444444,0.3888888888888888,0.0,2.5,0.0019,0.0019,0.0,1
30,0.1944444444444444,0.3888888888888888,0.0,2.51,0.0013,0.0013,0.0,1
30,0.1944444444444444,0.3888888888888888,0.0,2.52,0.0009,0.0009,0.0,1
30,0.1944444444444444,0.3888888888888888,0.0,2.53,0.0006,0.0006,0.0,1
30,0.1944444444444444,0.3888888888888888,0.0,2.54,0.0004,0.0004,0.0,1
30,0.1944444444444444,0.3888888888888888,0.0,2.55,0.0003,0.0003,0.0,1
30,0.1944444444444444,0.3888888888888888,0.0,2.56,0.0001,0.0001,0.0,1
30,0.1944444444444444,0.3888888888888888,0.0,2.57,0.0001,0.0001,0.0,1
30,0.1944444444444444,0.3888888888888888,0.0,2.58,0.0,0.0,,0
30,0.1944444444444444,0.3888888888888888,0.0,2.59,0.0,0.0,,0
30,0.1944444444444444,0.3888888888888888,0.0,2.6,0.0,0.0,,0
30,0.1944444444444444,0.3888888888888888,0.0,2.61,0.0,0.0,,0
30,0.1944444444444444,0.3888888888888888,0.0,2.62,0.0,0.0,,0
30,0.1944444444444444,0.3888888888888888,0.0,2.63,0.0,0.0,,0
30,0.1944444444444444,0.3888888888888888,0.0,2.64,0.0001,0.0001,0.0,1
30,0.1944444444444444,0.3888888888888888,0.0,2.65,0.0001,0.0001,0.0,1
30,0.1944444444444444,0.3888888888888888,0.0,2.66,0.0002,0.0002,0.0,1
30,0.1944444444444444,0.3888888888888888,0.0,2.67,0.0003,0.0003,0.0,1
30,0.1944444444444444,0.3888888888888888,0.0,2.68,0.0005,0.0005,0.0,1
30,0.1944444444444444,0.3888888888888888,0.0,2.69,0.0008,0.0008,0.0,1
30,0.1944444444444444,0.3888888888888888,0.0,2.7,0.0011,0.0011,0.0,1
30,0.1944444444444444,0.3888888888888888,0.0,2.71,0.0015,0.0015,0.0,1
30,0.1944444444444444,0.3888888888888888,0.0,2.72,0.0019,0.0019,0.0,1
30,0.1944444444444444,0.3888888888888888,0.0,2.73,0.0024,0.0024,0.0,1
30,0.1944444444444444,0.3888888888888888,0.0,2.74,0.003,0.003,0.0,1
30,0.1944444444444444,0.3888888888888888,0.0,2.75,0.0035,0.0035,0.0,1
30,0.1944444444444444,0.3888888888888888,0.0,2.76,0.0041,0.0041,0.0,1
30,0.1944444444444444,0.3888888888888888,0.0,2.77,0.0045,0.0045,0.0,1
30,0.1944444444444444,0.3888888888888888,0.0,2.78,0.005,0.005,0.0,1
30,0.1944444444444444,0.3888888888888888,0.0,2.79,0.0053,0.0053,0.0,1
30,0.1944444444444444,0.3888888888888888,0.0,2.8,0.0057,0.0057,0.0,1
30,0.1944444444444444,0.3888888888888888,0.0,2.81,0.006,0.006,0.0,1
30,0.1944444444444444,0.3888888888888888,0.0,2.82,0.0063,0.0063,0.0,1
30,0.1944444444444444,0.3888888888888888,0.0,2.83,0.0066,0.0066,0.0,1
30,0.1944444444444444,0.3888888888888888,0.0,2.84,0.0069,0.0069,0.0,1
30,0.1944444444444444,0.3888888888888888,0.0,2.85,0.0071,0.0071,0.0,1
30,0.1944444444444444,0.3888888888888888,0.0,2.86,0.0072,0.0072,0.0,1
30,0.1944444444444444,0.3888888888888888,0.0,2.87,0.0072,0.0072,0.0,1
30,0.1944444444444444,0.3888888888888888,0.0,2.88,0.007,0.007,0.0,1
30,0.1944444444444444,0.3888888888888888,0.0,2.89,0.0067,0.0067,0.0,1
30,0.1944444444444444,0.3888888888888888,0.0,2.9,0.0061,0.0061,0.0,1
30,0.1944444444444444,0.3888888888888888,0.0,2.91,0.0055,0.0055,0.0,1
30,0.1944444444444444,0.3888888888888888,0.0,2.92,0.0048,0.0048,0.0,1
30,0.1944444444444444,0.3888888888888888,0.0,2.93,0.004,0.004,0.0,1
30,0.1944444444444444,0.3888888888888888,0.0,2.94,0.0033,0.0033,0.0,1
30,0.1944444444444444,0.3888888888888888,0.0,2.95,0.0026,0.0026,0.0,1
30,0.1944444444444444,0.3888888888888888,0.0,2.96,0.002,0.002,0.0,1
30,0.1944444444444444,0.3888888888888888,0.0,2.97,0.0015,0.0015,0.0,1
30,0.1944444444444444,0.3888888888888888,0.0,2.98,0.0011,0.0011,0.0,1
30,0.1944444444444444,0.3888888888888888,0.0,2.99,0.0008,0.0008,0.0,1
30,0.1944444444444444,0.3888888888888888,0.0,3.0,0.0005,0.0005,0.0,1
30,0.1944444444444444,0.3888888888888888,0.0,3.01,0.0003,0.0003,0.0,1
30,0.1944444444444444,0.3888888888888888,0.0,3.02,0.0002,0.0002,0.0,1
30,0.1944444444444444,0.3888888888888888,0.0,3.03,0.0001,0.0001,0.0,1
30,0.1944444444444444,0.3888888888888888,0.0,3.04,0.0001,0.0001,0.0,1
30,0.1944444444444444,0.3888888888888888,0.0,3.05,0.0001,0.0001,0.0,1
30,0.1944444444444444,0.3888888888888888,0.0,3.06,0.0,0.0,,0
30,0.1944444444444444,0.3888888888888888,0.0,3.07,0.0,0.0,,0
30,0.1944444444444444,0.3888888888888888,0.0,3.08,0.0,0.0,,0
30,0.1944444444444444,0.3888888888888888,0.0,3.09,0.0,0.0,,0
30,0.1944444444444444,0.3888888888888888,0.0,3.1,0.0,0.0,,0
30,0.1944444444444444,0.3888888888888888,0.0,3.11,0.0,0.0,,0
30,0.1944444444444444,0.3888888888888888,0.0,3.12,0.0,0.0,,0
30,0.1944444444444444,0.3888888888888888,0.0,3.13,0.0,0.0,,0
30,0.1944444444444444,0.3888888888888888,0.0,3.14,0.0,0.0,,0
30,0.1944444444444444,0.3888888888888888,0.0,3.15,0.0,0.0,,0
30,0.1944444444444444,0.3888888888888888,0.0,3.16,0.0,0.0,,0
30,0.1944444444444444,0.3888888888888888,0.0,3.17,0.0,0.0,,0
30,0.1944444444444444,0.3888888888888888,0.0,3.18,0.0,0.0,,0
30,0.1944444444444444,0.3888888888888888,0.0,3.19,0.0,0.0,,0
30,0.1944444444444444,0.3888888888888888,0.0,3.2,0.0,0.0,,0
30,0.1944444444444444,0.3888888888888888,0.0,3.21,0.0,0.0,,0
30,0.1944444444444444,0.3888888888888888,0.0,3.22,0.0001,0.0001,0.0,1
30,0.1944444444444444,0.3888888888888888,0.0,3.23,0.0001,0.0001,0.0,1
30,0.1944444444444444,0.3888888888888888,0.0,3.24,0.0002,0.0002,0.0,1
30,0.1944444444444444,0.3888888888888888,0.0,3.25,0.0002,0.0002,0.0,1
30,0.1944444444444444,0.3888888888888888,0.0,3.26,0.0003,0.0003,0.0,1
30,0.1944444444444444,0.3888888888888888,0.0,3.27,0.0004,0.0004,0.0,1
30,0.1944444444444444,0.3888888888888888,0.0,3.28,0.0005,0.0005,0.0,1
30,0.1944444444444444,0.3888888888888888,0.0,3.29,0.0007,0.0007,0.0,1
30,0.1944444444444444,0.3888888888888888,0.0,3.3,0.0008,0.0008,0.0,1
30,0.1944444444444444,0.3888888888888888,0.0,3.31,0.0009,0.0009,0.0,1
30,0.1944444444444444,0.3888888888888888,0.0,3.32,0.001,0.001,0.0,1
30,0.1944444444444444,0.3888888888888888,0.0,3.33,0.0011,0.0011,0.0,1
30,0.1944444444444444,0.3888888888888888,0.0,3.34,0.0011,0.0011,0.0,1
30,0.1944444444444444,0.3888888888888888,0.0,3.35,0.0011,0.0011,0.0,1
30,0.1944444444444444,0.3888888888888888,0.0,3.36,0.0011,0.0011,0.0,1
30,0.1944444444444444,0.3888888888888888,0.0,3.37,0.001,0.001,0.0,1
30,0.1944444444444444,0.3888888888888888,0.0,3.38,0.0009,0.0009,0.0,1
30,0.1944444444444444,0.3888888888888888,0.0,3.39,0.0008,0.0008,0.0,1
30,0.1944444444444444,0.3888888888888888,0.0,3.4,0.0007,0.0007,0.0,1
30,0.1944444444444444,0.3888888888888888,0.0,3.41,0.0006,0.0006,0.0,1
30,0.1944444444444444,0.3888888888888888,0.0,3.42,0.0004,0.0004,0.0,1
30,0.1944444444444444,0.3888888888888888,0.0,3.43,0.0003,0.0003,0.0,1
30,0.1944444444444444,0.3888888888888888,0.0,3.44,0.0003,0.0003,0.0,1
30,0.1944444444444444,0.3888888888888888,0.0,3.45,0.0002,0.0002,0.0,1
30,0.1944444444444444,0.3888888888888888,0.0,3.46,0.0001,0.0001,0.0,1
30,0.1944444444444444,0.3888888888888888,0.0,3.47,0.0001,0.0001,0.0,1
30,0.1944444444444444,0.3888888888888888,0.0,3.48,0.0001,0.0001,0.0,1
30,0.1944444444444444,0.3888888888888888,0.0,3.49,0.0,0.0,,0
30,0.1944444444444444,0.3888888888888888,0.0,3.5,0.0,0.0,,0
30,0.1944444444444444,0.3888888888888888,0.0,3.51,0.0,0.0,,0
30,0.1944444444444444,0.3888888888888888,0.0,3.52,0.0,0.0,,0
30,0.1944444444444444,0.3888888888888888,0.0,3.53,0.0,0.0,,0
30,0.1944444444444444,0.3888888888888888,0.0,3.54,0.0,0.0,,0
30,0.1944444444444444,0.3888888888888888,0.0,3.55,0.0,0.0,,0
30,0.1944444444444444,0.3888888888888888,0.0,3.56,0.0,0.0,,0
30,0.1944444444444444,0.3888888888888888,0.0,3.57,0.0,0.0,,0
30,0.1944444444444444,0.3888888888888888,0.0,3.58,0.0,0.0,,0
30,0.1944444444444444,0.3888888888888888,0.0,3.59,0.0,0.0,,0
30,0.1944444444444444,0.3888888888888888,0.0,3.6,0.0,0.0,,0
30,0.1944444444444444,0.3888888888888888,0.0,3.61,0.0,0.0,,0
30,0.1944444444444444,0.3888888888888888,0.0,3.62,0.0001,0.0001,0.0,1
30,0.1944444444444444,0.3888888888888888,0.0,3.63,0.0001,0.0001,0.0,1
30,0.1944444444444444,0.3888888888888888,0.0,3.64,0.0001,0.0001,0.0,1
30,0.1944444444444444,0.3888888888888888,0.0,3.65,0.0002,0.0002,0.0,1
30,0.1944444444444444,0.3888888888888888,0.0,3.66,0.0003,0.0003,0.0,1
30,0.1944444444444444,0.3888888888888888,0.0,3.67,0.0003,0.0003,0.0,1
30,0.1944444444444444,0.3888888888888888,0.0,3.68,0.0004,0.0004,0.0,1
30,0.1944444444444444,0.3888888888888888,0.0,3.69,0.0005,0.0005,0.0,1
30,0.1944444444444444,0.3888888888888888,0.0,3.7,0.0006,0.0006,0.0,1
30,0.1944444444444444,0.3888888888888888,0.0,3.71,0.0007,0.0007,0.0,1
30,0.1944444444444444,0.3888888888888888,0.0,3.72,0.0008,0.0008,0.0,1
30,0.1944444444444444,0.3888888888888888,0.0,3.73,0.0008,0.0008,0.0,1
30,0.1944444444444444,0.3888888888888888,0.0,3.74,0.0009,0.0009,0.0,1
30,0.1944444444444444,0.3888888888888888,0.0,3.75,0.0009,0.0009,0.0,1
30,0.1944444444444444,0.3888888888888888,0.0,3.76,0.0009,0.0009,0.0,1
30,0.1944444444444444,0.3888888888888888,0.0,3.77,0.0009,0.0009,0.0,1
30,0.1944444444444444,0.3888888888888888,0.0,3.78,0.0009,0.0009,0.0,1
30,0.1944444444444444,0.3888888888888888,0.0,3.79,0.0008,0.0008,0.0,1
30,0.1944444444444444,0.3888888888888888,0.0,3.8,0.0008,0.0008,0.0,1
30,0.1944444444444444,0.3888888888888888,0.0,3.81,0.0007,0.0007,0.0,1
30,0.1944444444444444,0.3888888888888888,0.0,3.82,0.0006,0.0006,0.0,1
30,0.1944444444444444,0.3888888888888888,0.0,3.83,0.0005,0.0005,0.0,1
30,0.1944444444444444,0.3888888888888888,0.0,3.84,0.0004,0.0004,0.0,1
30,0.1944444444444444,0.3888888888888888,0.0,3.85,0.0003,0.0003,0.0,1
30,0.1944444444444444,0.3888888888888888,0.0,3.86,0.0002,0.0002,0.0,1
30,0.1944444444444444,0.3888888888888888,0.0,3.87,0.0001,0.0001,0.0,1
30,0.1944444444444444,0.3888888888888888,0.0,3.88,0.0001,0.0001,0.0,1
30,0.1944444444444444,0.3888888888888888,0.0,3.89,0.0001,0.0001,0.0,1
30,0.1944444444444444,0.3888888888888888,0.0,3.9,0.0,0.0,,0
30,0.1944444444444444,0.3888888888888888,0.0,3.91,0.0,0.0,,0
30,0.1944444444444444,0.3888888888888888,0.0,3.92,0.0,0.0,,0
30,0.1944444444444444,0.3888888888888888,0.0,3.93,0.0,0.0,,0
30,0.1944444444444444,0.3888888888888888,0.0,3.94,0.0,0.0,,0
30,0.1944444444444444,0.3888888888888888,0.0,3.95,0.0,0.0,,0
30,0.1944444444444444,0.3888888888888888,0.0,3.96,0.0,0.0,,0
30,0.1944444444444444,0.3888888888888888,0.0,3.97,0.0,0.0,,0
30,0.1944444444444444,0.3888888888888888,0.0,3.98,0.0,0.0,,0
30,0.1944444444444444,0.3888888888888888,0.0,3.99,0.0,0.0,,0
30,0.1944444444444444,0.3888888888888888,0.0,4.0,0.0,0.0,,0
31,0.1666666666666667,0.3333333333333333,0.0,0.5,0.0,0.0,,0
31,0.1666666666666667,0.3333333333333333,0.0,0.51,0.0,0.0,,0
31,0.1666666666666667,0.3333333333333333,0.0,0.52,0.0,0.0,,0
31,0.1666666666666667,0.3333333333333333,0.0,0.53,0.0,0.0,,0
31,0.1666666666666667,0.3333333333333333,0.0,0.54,0.0,0.0,,0
31,0.1666666666666667,0.3333333333333333,0.0,0.55,0.0,0.0,,0
31,0.1666666666666667,0.3333333333333333,0.0,0.56,0.0,0.0,,0
31,0.1666666666666667,0.3333333333333333,0.0,0.57,0.0,0.0,,0
31,0.1666666666666667,0.3333333333333333,0.0,0.58,0.0,0.0,,0
31,0.1666666666666667,0.3333333333333333,0.0,0.59,0.0,0.0,,0
31,0.1666666666666667,0.3333333333333333,0.0,0.6,0.0,0.0,,0
31,0.1666666666666667,0.3333333333333333,0.0,0.61,0.0,0.0,,0
31,0.1666666666666667,0.3333333333333333,0.0,0.62,0.0,0.0,,0
31,0.1666666666666667,0.3333333333333333,0.0,0.63,0.0,0.0,,0
31,0.1666666666666667,0.3333333333333333,0.0,0.64,0.0,0.0,,0
31,0.1666666666666667,0.3333333333333333,0.0,0.65,0.0,0.0,,0
31,0.1666666666666667,0.3333333333333333,0.0,0.66,0.0,0.0,,0
31,0.1666666666666667,0.3333333333333333,0.0,0.67,0.0,0.0,,0
31,0.1666666666666667,0.3333333333333333,0.0,0.68,0.0,0.0,,0
31,0.1666666666666667,0.3333333333333333,0.0,0.69,0.0,0.0,,0
31,0.1666666666666667,0.3333333333333333,0.0,0.7,0.0,0.0,,0
31,0.1666666666666667,0.3333333333333333,0.0,0.71,0.0,0.0,,0
31,0.1666666666666667,0.3333333333333333,0.0,0.72,0.0,0.0,,0
31,0.1666666666666667,0.3333333333333333,0.0,0.73,0.0,0.0,,0
31,0.1666666666666667,0.3333333333333333,0.0,0.74,0.0,0.0,,0
31,0.1666666666666667,0.3333333333333333,0.0,0.75,0.0,0.0,,0
31,0.1666666666666667,0.3333333333333333,0.0,0.76,0.0,0.0,,0
31,0.1666666666666667,0.3333333333333333,0.0,0.77,0.0,0.0,,0
31,0.1666666666666667,0.3333333333333333,0.0,0.78,0.0,0.0,,0
31,0.1666666666666667,0.3333333333333333,0.0,0.79,0.0,0.0,,0
31,0.1666666666666667,0.3333333333333333,0.0,0.8,0.0,0.0,,0
31,0.1666666666666667,0.3333333333333333,0.0,0.81,0.0,0.0,,0
31,0.1666666666666667,0.3333333333333333,0.0,0.82,0.0,0.0,,0
31,0.1666666666666667,0.3333333333333333,0.0,0.83,0.0,0.0,,0
31,0.1666666666666667,0.3333333333333333,0.0,0.84,0.0,0.0,,0
31,0.1666666666666667,0.3333333333333333,0.0,0.85,0.0,0.0,,0
31,0.1666666666666667,0.3333333333333333,0.0,0.86,0.0,0.0,,0
31,0.1666666666666667,0.3333333333333333,0.0,0.87,0.0,0.0,,0
31,0.1666666666666667,0.3333333333333333,0.0,0.88,0.0,0.0,,0
31,0.1666666666666667,0.3333333333333333,0.0,0.89,0.0,0.0,,0
31,0.1666666666666667,0.3333333333333333,0.0,0.9,0.0,0.0,,0
31,0.1666666666666667,0.3333333333333333,0.0,0.91,0.0,0.0,,0
31,0.1666666666666667,0.3333333333333333,0.0,0.92,0.0,0.0,,0
31,0.1666666666666667,0.3333333333333333,0.0,0.93,0.0,0.0,,0
31,0.1666666666666667,0.3333333333333333,0.0,0.94,0.0,0.0,,0
31,0.1666666666666667,0.3333333333333333,0.0,0.95,0.0,0.0,,0
31,0.1666666666666667,0.3333333333333333,0.0,0.96,0.0,0.0,,0
31,0.1666666666666667,0.3333333333333333,0.0,0.97,0.0,0.0,,0
31,0.1666666666666667,0.3333333333333333,0.0,0.98,0.0,0.0,,0
31,0.1666666666666667,0.3333333333333333,0.0,0.99,0.0,0.0,,0
31,0.1666666666666667,0.3333333333333333,0.0,1.0,0.0,0.0,,0
31,0.1666666666666667,0.3333333333333333,0.0,1.01,0.0,0.0,,0
31,0.1666666666666667,0.3333333333333333,0.0,1.02,0.0,0.0,,0
31,0.1666666666666667,0.3333333333333333,0.0,1.03,0.0,0.0,,0
31,0.1666666666666667,0.3333333333333333,0.0,1.04,0.0,0.0,,0
31,0.1666666666666667,0.3333333333333333,0.0,1.05,0.0,0.0,,0
31,0.1666666666666667,0.3333333333333333,0.0,1.06,0.0,0.0,,0
31,0.1666666666666667,0.3333333333333333,0.0,1.07,0.0,0.0,,0
31,0.1666666666666667,0.3333333333333333,0.0,1.08,0.0,0.0,,0
31,0.1666666666666667,0.3333333333333333,0.0,1.09,0.0,0.0,,0
31,0.1666666666666667,0.3333333333333333,0.0,1.1,0.0,0.0,,0
31,0.1666666666666667,0.3333333333333333,0.0,1.11,0.0,0.0,,0
31,0.1666666666666667,0.3333333333333333,0.0,1.12,0.0,0.0,,0
31,0.1666666666666667,0.3333333333333333,0.0,1.13,0.0,0.0,,0
31,0.1666666666666667,0.3333333333333333,0.0,1.14,0.0,0.0,,0
31,0.1666666666666667,0.3333333333333333,0.0,1.15,0.0,0.0,,0
31,0.1666666666666667,0.3333333333333333,0.0,1.16,0.0,0.0,,0
31,0.1666666666666667,0.3333333333333333,0.0,1.17,0.0,0.0,,0
31,0.1666666666666667,0.3333333333333333,0.0,1.18,0.0,0.0,,0
31,0.1666666666666667,0.3333333333333333,0.0,1.19,0.0,0.0,,0
31,0.1666666666666667,0.3333333333333333,0.0,1.2,0.0,0.0,,0
31,0.1666666666666667,0.3333333333333333,0.0,1.21,0.0,0.0,,0
31,0.1666666666666667,0.3333333333333333,0.0,1.22,0.0,0.0,,0
31,0.1666666666666667,0.3333333333333333,0.0,1.23,0.0,0.0,,0
31,0.1666666666666667,0.3333333333333333,0.0,1.24,0.0,0.0,,0
31,0.1666666666666667,0.3333333333333333,0.0,1.25,0.0,0.0,,0
31,0.1666666666666667,0.3333333333333333,0.0,1.26,0.0,0.0,,0
31,0.1666666666666667,0.3333333333333333,0.0,1.27,0.0,0.0,,0
31,0.1666666666666667,0.3333333333333333,0.0,1.28,0.0,0.0,,0
31,0.1666666666666667,0.3333333333333333,0.0,1.29,0.0,0.0,,0
31,0.1666666666666667,0.3333333333333333,0.0,1.3,0.0,0.0,,0
31,0.1666666666666667,0.3333333333333333,0.0,1.31,0.0,0.0,,0
31,0.1666666666666667,0.3333333333333333,0.0,1.32,0.0,0.0,,0
31,0.1666666666666667,0.3333333333333333,0.0,1.33,0.0,0.0,,0
31,0.1666666666666667,0.3333333333333333,0.0,1.34,0.0,0.0,,0
31,0.1666666666666667,0.3333333333333333,0.0,1.35,0.0,0.0,,0
31,0.1666666666666667,0.3333333333333333,0.0,1.36,0.0,0.0,,0
31,0.1666666666666667,0.3333333333333333,0.0,1.37,0.0,0.0,,0
31,0.1666666666666667,0.3333333333333333,0.0,1.38,0.0,0.0,,0
31,0.1666666666666667,0.3333333333333333,0.0,1.39,0.0,0.0,,0
31,0.1666666666666667,0.3333333333333333,0.0,1.4,0.0,0.0,,0
31,0.1666666666666667,0.3333333333333333,0.0,1.41,0.0,0.0,,0
31,0.1666666666666667,0.3333333333333333,0.0,1.42,0.0,0.0,,0
31,0.1666666666666667,0.3333333333333333,0.0,1.43,0.0,0.0,,0
31,0.1666666666666667,0.3333333333333333,0.0,1.44,0.0,0.0,,0
31,0.1666666666666667,0.3333333333333333,0.0,1.45,0.0,0.0,,0
31,0.1666666666666667,0.3333333333333333,0.0,1.46,0.0,0.0,,0
31,0.1666666666666667,0.3333333333333333,0.0,1.47,0.0,0.0,,0
31,0.1666666666666667,0.3333333333333333,0.0,1.48,0.0,0.0,,0
31,0.1666666666666667,0.3333333333333333,0.0,1.49,0.0,0.0,,0
31,0.1666666666666667,0.3333333333333333,0.0,1.5,0.0,0.0,,0
31,0.1666666666666667,0.3333333333333333,0.0,1.51,0.0,0.0,,0
31,0.1666666666666667,0.3333333333333333,0.0,1.52,0.0,0.0,,0
31,0.1666666666666667,0.3333333333333333,0.0,1.53,0.0,0.0,,0
31,0.1666666666666667,0.3333333333333333,0.0,1.54,0.0,0.0,,0
31,0.1666666666666667,0.3333333333333333,0.0,1.55,0.0,0.0,,0
31,0.1666666666666667,0.3333333333333333,0.0,1.56,0.0,0.0,,0
31,0.1666666666666667,0.3333333333333333,0.0,1.57,0.0,0.0,,0
31,0.1666666666666667,0.3333333333333333,0.0,1.58,0.0,0.0,,0
31,0.1666666666666667,0.3333333333333333,0.0,1.59,0.0,0.0,,0
31,0.1666666666666667,0.3333333333333333,0.0,1.6,0.0,0.0,,0
31,0.1666666666666667,0.3333333333333333,0.0,1.61,0.0,0.0,,0
31,0.1666666666666667,0.3333333333333333,0.0,1.62,0.0,0.0,,0
31,0.1666666666666667,0.3333333333333333,0.0,1.63,0.0,0.0,,0
31,0.1666666666666667,0.3333333333333333,0.0,1.64,0.0,0.0,,0
31,0.1666666666666667,0.3333333333333333,0.0,1.65,0.0,0.0,,0
31,0.1666666666666667,0.3333333333333333,0.0,1.66,0.0,0.0,,0
31,0.1666666666666667,0.3333333333333333,0.0,1.67,0.0,0.0,,0
31,0.1666666666666667,0.3333333333333333,0.0,1.68,0.0,0.0,,0
31,0.1666666666666667,0.3333333333333333,0.0,1.69,0.0,0.0,,0
31,0.1666666666666667,0.3333333333333333,0.0,1.7,0.0,0.0,,0
31,0.1666666666666667,0.3333333333333333,0.0,1.71,0.0,0.0,,0
31,0.1666666666666667,0.3333333333333333,0.0,1.72,0.0,0.0,,0
31,0.1666666666666667,0.3333333333333333,0.0,1.73,0.0,0.0,,0
31,0.1666666666666667,0.3333333333333333,0.0,1.74,0.0,0.0,,0
31,0.1666666666666667,0.3333333333333333,0.0,1.75,0.0,0.0,,0
31,0.1666666666666667,0.3333333333333333,0.0,1.76,0.0,0.0,,0
31,0.1666666666666667,0.3333333333333333,0.0,1.77,0.0,0.0,,0
31,0.1666666666666667,0.3333333333333333,0.0,1.78,0.0,0.0,,0
31,0.1666666666666667,0.3333333333333333,0.0,1.79,0.0,0.0,,0
31,0.1666666666666667,0.3333333333333333,0.0,1.8,0.0,0.0,,0
31,0.1666666666666667,0.3333333333333333,0.0,1.81,0.0,0.0,,0
31,0.1666666666666667,0.3333333333333333,0.0,1.82,0.0,0.0,,0
31,0.1666666666666667,0.3333333333333333,0.0,1.83,0.0,0.0,,0
31,0.1666666666666667,0.3333333333333333,0.0,1.84,0.0,0.0,,0
31,0.1666666666666667,0.3333333333333333,0.0,1.85,0.0,0.0,,0
31,0.1666666666666667,0.3333333333333333,0.0,1.86,0.0,0.0,,0
31,0.1666666666666667,0.3333333333333333,0.0,1.87,0.0,0.0,,0
31,0.1666666666666667,0.3333333333333333,0.0,1.88,0.0,0.0,,0
31,0.1666666666666667,0.3333333333333333,0.0,1.89,0.0,0.0,,0
31,0.1666666666666667,0.3333333333333333,0.0,1.9,0.0,0.0,,0
31,0.1666666666666667,0.3333333333333333,0.0,1.91,0.0,0.0,,0
31,0.1666666666666667,0.3333333333333333,0.0,1.92,0.0,0.0,,0
31,0.1666666666666667,0.3333333333333333,0.0,1.93,0.0,0.0,,0
31,0.1666666666666667,0.3333333333333333,0.0,1.94,0.0,0.0,,0
31,0.1666666666666667,0.3333333333333333,0.0,1.95,0.0,0.0,,0
31,0.1666666666666667,0.3333333333333333,0.0,1.96,0.0,0.0,,0
31,0.1666666666666667,0.3333333333333333,0.0,1.97,0.0,0.0,,0
31,0.1666666666666667,0.3333333333333333,0.0,1.98,0.0,0.0,,0
31,0.1666666666666667,0.3333333333333333,0.0,1.99,0.0,0.0,,0
31,0.1666666666666667,0.3333333333333333,0.0,2.0,0.0,0.0,,0
31,0.1666666666666667,0.3333333333333333,0.0,2.01,0.0,0.0,,0
31,0.1666666666666667,0.3333333333333333,0.0,2.02,0.0,0.0,,0
31,0.1666666666666667,0.3333333333333333,0.0,2.03,0.0,0.0,,0
31,0.1666666666666667,0.3333333333333333,0.0,2.04,0.0,0.0,,0
31,0.1666666666666667,0.3333333333333333,0.0,2.05,0.0,0.0,,0
31,0.1666666666666667,0.3333333333333333,0.0,2.06,0.0,0.0,,0
31,0.1666666666666667,0.3333333333333333,0.0,2.07,0.0,0.0,,0
31,0.1666666666666667,0.3333333333333333,0.0,2.08,0.0,0.0,,0
31,0.1666666666666667,0.3333333333333333,0.0,2.09,0.0,0.0,,0
31,0.1666666666666667,0.3333333333333333,0.0,2.1,0.0,0.0,,0
31,0.1666666666666667,0.3333333333333333,0.0,2.11,0.0,0.0,,0
31,0.1666666666666667,0.3333333333333333,0.0,2.12,0.0,0.0,,0
31,0.1666666666666667,0.3333333333333333,0.0,2.13,0.0,0.0,,0
31,0.1666666666666667,0.3333333333333333,0.0,2.14,0.0,0.0,,0
31,0.1666666666666667,0.3333333333333333,0.0,2.15,0.0,0.0,,0
31,0.1666666666666667,0.3333333333333333,0.0,2.16,0.0,0.0,,0
31,0.1666666666666667,0.3333333333333333,0.0,2.17,0.0,0.0,,0
31,0.1666666666666667,0.3333333333333333,0.0,2.18,0.0,0.0,,0
31,0.1666666666666667,0.3333333333333333,0.0,2.19,0.0001,0.0001,0.0,1
31,0.1666666666666667,0.3333333333333333,0.0,2.2,0.0001,0.0001,0.0,1
31,0.1666666666666667,0.3333333333333333,0.0,2.21,0.0002,0.0002,0.0,1
31,0.1666666666666667,0.3333333333333333,0.0,2.22,0.0003,0.0003,0.0,1
31,0.1666666666666667,0.3333333333333333,0.0,2.23,0.0006,0.0006,0.0,1
31,0.1666666666666667,0.3333333333333333,0.0,2.24,0.0009,0.0009,0.0,1
31,0.1666666666666667,0.3333333333333333,0.0,2.25,0.0014,0.0014,0.0,1
31,0.1666666666666667,0.3333333333333333,0.0,2.26,0.002,0.002,0.0,1
31,0.1666666666666667,0.3333333333333333,0.0,2.27,0.0029,0.0029,0.0,1
31,0.1666666666666667,0.3333333333333333,0.0,2.28,0.0039,0.0039,0.0,1
31,0.1666666666666667,0.3333333333333333,0.0,2.29,0.0051,0.0051,0.0,1
31,0.1666666666666667,0.3333333333333333,0.0,2.3,0.0065,0.0065,0.0,1
31,0.1666666666666667,0.3333333333333333,0.0,2.31,0.0079,0.0079,0.0,1
31,0.1666666666666667,0.3333333333333333,0.0,2.32,0.0093,0.0093,0.0,1
31,0.1666666666666667,0.3333333333333333,0.0,2.33,0.0106,0.0106,0.0,1
31,0.1666666666666667,0.3333333333333333,0.0,2.34,0.0117,0.0117,0.0,1
31,0.1666666666666667,0.3333333333333333,0.0,2.35,0.0125,0.0125,0.0,1
31,0.1666666666666667,0.3333333333333333,0.0,2.36,0.013,0.013,0.0,1
31,0.1666666666666667,0.3333333333333333,0.0,2.37,0.0133,0.0133,0.0,1
31,0.1666666666666667,0.3333333333333333,0.0,2.38,0.0132,0.0132,0.0,1
31,0.1666666666666667,0.3333333333333333,0.0,2.39,0.013,0.013,0.0,1
31,0.1666666666666667,0.3333333333333333,0.0,2.4,0.0125,0.0125,0.0,1
31,0.1666666666666667,0.3333333333333333,0.0,2.41,0.0118,0.0118,0.0,1
31,0.1666666666666667,0.3333333333333333,0.0,2.42,0.011,0.011,0.0,1
31,0.1666666666666667,0.3333333333333333,0.0,2.43,0.0101,0.0101,0.0,1
31,0.1666666666666667,0.3333333333333333,0.0,2.44,0.009,0.009,0.0,1
31,0.1666666666666667,0.3333333333333333,0.0,2.45,0.0079,0.0079,0.0,1
31,0.1666666666666667,0.3333333333333333,0.0,2.46,0.0067,0.0067,0.0,1
31,0.1666666666666667,0.3333333333333333,0.0,2.47,0.0056,0.0056,0.0,1
31,0.1666666666666667,0.3333333333333333,0.0,2.48,0.0045,0.0045,0.0,1
31,0.1666666666666667,0.3333333333333333,0.0,2.49,0.0035,0.0035,0.0,1
31,0.1666666666666667,0.3333333333333333,0.0,2.5,0.0026,0.0026,0.0,1
31,0.1666666666666667,0.3333333333333333,0.0,2.51,0.0019,0.0019,0.0,1
31,0.1666666666666667,0.3333333333333333,0.0,2.52,0.0013,0.0013,0.0,1
31,0.1666666666666667,0.3333333333333333,0.0,2.53,0.0009,0.0009,0.0,1
31,0.1666666666666667,0.3333333333333333,0.0,2.54,0.0006,0.0006,0.0,1
31,0.1666666666666667,0.3333333333333333,0.0,2.55,0.0004,0.0004,0.0,1
31,0.1666666666666667,0.3333333333333333,0.0,2.56,0.0003,0.0003,0.0,1
31,0.1666666666666667,0.3333333333333333,0.0,2.57,0.0002,0.0002,0.0,1
31,0.1666666666666667,0.3333333333333333,0.0,2.58,0.0002,0.0002,0.0,1
31,0.1666666666666667,0.3333333333333333,0.0,2.59,0.0003,0.0003,0.0,1
31,0.1666666666666667,0.3333333333333333,0.0,2.6,0.0003,0.0003,0.0,1
31,0.1666666666666667,0.3333333333333333,0.0,2.61,0.0004,0.0004,0.0,1
31,0.1666666666666667,0.3333333333333333,0.0,2.62,0.0006,0.0006,0.0,1
31,0.1666666666666667,0.3333333333333333,0.0,2.63,0.0007,0.0007,0.0,1
31,0.1666666666666667,0.3333333333333333,0.0,2.64,0.0009,0.0009,0.0,1
31,0.1666666666666667,0.3333333333333333,0.0,2.65,0.0012,0.0012,0.0,1
31,0.1666666666666667,0.3333333333333333,0.0,2.66,0.0015,0.0015,0.0,1
31,0.1666666666666667,0.3333333333333333,0.0,2.67,0.0019,0.0019,0.0,1
31,0.1666666666666667,0.3333333333333333,0.0,2.68,0.0023,0.0023,0.0,1
31,0.1666666666666667,0.3333333333333333,0.0,2.69,0.0028,0.0028,0.0,1
31,0.1666666666666667,0.3333333333333333,0.0,2.7,0.0034,0.0034,0.0,1
31,0.1666666666666667,0.3333333333333333,0.0,2.71,0.0041,0.0041,0.0,1
31,0.1666666666666667,0.3333333333333333,0.0,2.72,0.0048,0.0048,0.0,1
31,0.1666666666666667,0.3333333333333333,0.0,2.73,0.0056,0.0056,0.0,1
31,0.1666666666666667,0.3333333333333333,0.0,2.74,0.0063,0.0063,0.0,1
31,0.1666666666666667,0.3333333333333333,0.0,2.75,0.007,0.007,0.0,1
31,0.1666666666666667,0.3333333333333333,0.0,2.76,0.0076,0.0076,0.0,1
31,0.1666666666666667,0.3333333333333333,0.0,2.77,0.0081,0.0081,0.0,1
31,0.1666666666666667,0.3333333333333333,0.0,2.78,0.0086,0.0086,0.0,1
31,0.1666666666666667,0.3333333333333333,0.0,2.79,0.0089,0.0089,0.0,1
31,0.1666666666666667,0.3333333333333333,0.0,2.8,0.0091,0.0091,0.0,1
31,0.1666666666666667,0.3333333333333333,0.0,2.81,0.0091,0.0091,0.0,1
31,0.1666666666666667,0.3333333333333333,0.0,2.82,0.009,0.009,0.0,1
31,0.1666666666666667,0.3333333333333333,0.0,2.83,0.0088,0.0088,0.0,1
31,0.1666666666666667,0.3333333333333333,0.0,2.84,0.0083,0.0083,0.0,1
31,0.1666666666666667,0.3333333333333333,0.0,2.85,0.0077,0.0077,0.0,1
31,0.1666666666666667,0.3333333333333333,0.0,2.86,0.0069,0.0069,0.0,1
31,0.1666666666666667,0.3333333333333333,0.0,2.87,0.006,0.006,0.0,1
31,0.1666666666666667,0.3333333333333333,0.0,2.88,0.0051,0.0051,0.0,1
31,0.1666666666666667,0.3333333333333333,0.0,2.89,0.0041,0.0041,0.0,1
31,0.1666666666666667,0.3333333333333333,0.0,2.9,0.0032,0.0032,0.0,1
31,0.1666666666666667,0.3333333333333333,0.0,2.91,0.0025,0.0025,0.0,1
31,0.1666666666666667,0.3333333333333333,0.0,2.92,0.0018,0.0018,0.0,1
31,0.1666666666666667,0.3333333333333333,0.0,2.93,0.0013,0.0013,0.0,1
31,0.1666666666666667,0.3333333333333333,0.0,2.94,0.0009,0.0009,0.0,1
31,0.1666666666666667,0.3333333333333333,0.0,2.95,0.0006,0.0006,0.0,1
31,0.1666666666666667,0.3333333333333333,0.0,2.96,0.0004,0.0004,0.0,1
31,0.1666666666666667,0.3333333333333333,0.0,2.97,0.0002,0.0002,0.0,1
31,0.1666666666666667,0.3333333333333333,0.0,2.98,0.0002,0.0002,0.0,1
31,0.1666666666666667,0.3333333333333333,0.0,2.99,0.0001,0.0001,0.0,1
31,0.1666666666666667,0.3333333333333333,0.0,3.0,0.0001,0.0001,0.0,1
31,0.1666666666666667,0.3333333333333333,0.0,3.01,0.0001,0.0001,0.0,1
31,0.1666666666666667,0.3333333333333333,0.0,3.02,0.0001,0.0001,0.0,1
31,0.1666666666666667,0.3333333333333333,0.0,3.03,0.0002,0.0002,0.0,1
31,0.1666666666666667,0.3333333333333333,0.0,3.04,0.0002,0.0002,0.0,1
31,0.1666666666666667,0.3333333333333333,0.0,3.05,0.0003,0.0003,0.0,1
31,0.1666666666666667,0.3333333333333333,0.0,3.06,0.0004,0.0004,0.0,1
31,0.1666666666666667,0.3333333333333333,0.0,3.07,0.0005,0.0005,0.0,1
31,0.1666666666666667,0.3333333333333333,0.0,3.08,0.0006,0.0006,0.0,1
31,0.1666666666666667,0.3333333333333333,0.0,3.09,0.0007,0.0007,0.0,1
31,0.1666666666666667,0.3333333333333333,0.0,3.1,0.0009,0.0009,0.0,1
31,0.1666666666666667,0.3333333333333333,0.0,3.11,0.001,0.001,0.0,1
31,0.1666666666666667,0.3333333333333333,0.0,3.12,0.0011,0.0011,0.0,1
31,0.1666666666666667,0.3333333333333333,0.0,3.13,0.0012,0.0012,0.0,1
31,0.1666666666666667,0.3333333333333333,0.0,3.14,0.0013,0.0013,0.0,1
31,0.1666666666666667,0.3333333333333333,0.0,3.15,0.0013,0.0013,0.0,1
31,0.1666666666666667,0.3333333333333333,0.0,3.16,0.0013,0.0013,0.0,1
31,0.1666666666666667,0.3333333333333333,0.0,3.17,0.0012,0.0012,0.0,1
31,0.1666666666666667,0.3333333333333333,0.0,3.18,0.0011,0.0011,0.0,1
31,0.1666666666666667,0.3333333333333333,0.0,3.19,0.001,0.001,0.0,1
31,0.1666666666666667,0.3333333333333333,0.0,3.2,0.0009,0.0009,0.0,1
31,0.1666666666666667,0.3333333333333333,0.0,3.21,0.0007,0.0007,0.0,1
31,0.1666666666666667,0.3333333333333333,0.0,3.22,0.0006,0.0006,0.0,1
31,0.1666666666666667,0.3333333333333333,0.0,3.23,0.0004,0.0004,0.0,1
31,0.1666666666666667,0.3333333333333333,0.0,3.24,0.0003,0.0003,0.0,1
31,0.1666666666666667,0.3333333333333333,0.0,3.25,0.0002,0.0002,0.0,1
31,0.1666666666666667,0.3333333333333333,0.0,3.26,0.0002,0.0002,0.0,1
31,0.1666666666666667,0.3333333333333333,0.0,3.27,0.0001,0.0001,0.0,1
31,0.1666666666666667,0.3333333333333333,0.0,3.28,0.0001,0.0001,0.0,1
31,0.1666666666666667,0.3333333333333333,0.0,3.29,0.0,0.0,,0
31,0.1666666666666667,0.3333333333333333,0.0,3.3,0.0,0.0,,0
31,0.1666666666666667,0.3333333333333333,0.0,3.31,0.0,0.0,,0
31,0.1666666666666667,0.3333333333333333,0.0,3.32,0.0,0.0,,0
31,0.1666666666666667,0.3333333333333333,0.0,3.33,0.0,0.0,,0
31,0.1666666666666667,0.3333333333333333,0.0,3.34,0.0001,0.0001,0.0,1
31,0.1666666666666667,0.3333333333333333,0.0,3.35,0.0001,0.0001,0.0,1
31,0.1666666666666667,0.3333333333333333,0.0,3.36,0.0001,0.0001,0.0,1
31,0.1666666666666667,0.3333333333333333,0.0,3.37,0.0002,0.0002,0.0,1
31,0.1666666666666667,0.3333333333333333,0.0,3.38,0.0002,0.0002,0.0,1
31,0.1666666666666667,0.3333333333333333,0.0,3.39,0.0003,0.0003,0.0,1
31,0.1666666666666667,0.3333333333333333,0.0,3.4,0.0003,0.0003,0.0,1
31,0.1666666666666667,0.3333333333333333,0.0,3.41,0.0004,0.0004,0.0,1
31,0.1666666666666667,0.3333333333333333,0.0,3.42,0.0005,0.0005,0.0,1
31,0.1666666666666667,0.3333333333333333,0.0,3.43,0.0006,0.0006,0.0,1
31,0.1666666666666667,0.3333333333333333,0.0,3.44,0.0006,0.0006,0.0,1
31,0.1666666666666667,0.3333333333333333,0.0,3.45,0.0007,0.0007,0.0,1
31,0.1666666666666667,0.3333333333333333,0.0,3.46,0.0007,0.0007,0.0,1
31,0.1666666666666667,0.3333333333333333,0.0,3.47,0.0008,0.0008,0.0,1
31,0.1666666666666667,0.3333333333333333,0.0,3.48,0.0008,0.0008,0.0,1
31,0.1666666666666667,0.3333333333333333,0.0,3.49,0.0008,0.0008,0.0,1
31,0.1666666666666667,0.3333333333333333,0.0,3.5,0.0008,0.0008,0.0,1
31,0.1666666666666667,0.3333333333333333,0.0,3.51,0.0007,0.0007,0.0,1
31,0.1666666666666667,0.3333333333333333,0.0,3.52,0.0007,0.0007,0.0,1
31,0.1666666666666667,0.3333333333333333,0.0,3.53,0.0006,0.0006,0.0,1
31,0.1666666666666667,0.3333333333333333,0.0,3.54,0.0005,0.0005,0.0,1
31,0.1666666666666667,0.3333333333333333,0.0,3.55,0.0004,0.0004,0.0,1
31,0.1666666666666667,0.3333333333333333,0.0,3.56,0.0003,0.0003,0.0,1
31,0.1666666666666667,0.3333333333333333,0.0,3.57,0.0002,0.0002,0.0,1
31,0.1666666666666667,0.3333333333333333,0.0,3.58,0.0002,0.0002,0.0,1
31,0.1666666666666667,0.3333333333333333,0.0,3.59,0.0001,0.0001,0.0,1
31,0.1666666666666667,0.3333333333333333,0.0,3.6,0.0001,0.0001,0.0,1
31,0.1666666666666667,0.3333333333333333,0.0,3.61,0.0001,0.0001,0.0,1
31,0.1666666666666667,0.3333333333333333,0.0,3.62,0.0,0.0,,0
31,0.1666666666666667,0.3333333333333333,0.0,3.63,0.0,0.0,,0
31,0.1666666666666667,0.3333333333333333,0.0,3.64,0.0,0.0,,0
31,0.1666666666666667,0.3333333333333333,0.0,3.65,0.0,0.0,,0
31,0.1666666666666667,0.3333333333333333,0.0,3.66,0.0,0.0,,0
31,0.1666666666666667,0.3333333333333333,0.0,3.67,0.0,0.0,,0
31,0.1666666666666667,0.3333333333333333,0.0,3.68,0.0,0.0,,0
31,0.1666666666666667,0.3333333333333333,0.0,3.69,0.0,0.0,,0
31,0.1666666666666667,0.3333333333333333,0.0,3.7,0.0,0.0,,0
31,0.1666666666666667,0.3333333333333333,0.0,3.71,0.0,0.0,,0
31,0.1666666666666667,0.3333333333333333,0.0,3.72,0.0,0.0,,0
31,0.1666666666666667,0.3333333333333333,0.0,3.73,0.0,0.0,,0
31,0.1666666666666667,0.3333333333333333,0.0,3.74,0.0001,0.0001,0.0,1
31,0.1666666666666667,0.3333333333333333,0.0,3.75,0.0001,0.0001,0.0,1
31,0.1666666666666667,0.3333333333333333,0.0,3.76,0.0001,0.0001,0.0,1
31,0.1666666666666667,0.3333333333333333,0.0,3.77,0.0002,0.0002,0.0,1
31,0.1666666666666667,0.3333333333333333,0.0,3.78,0.0003,0.0003,0.0,1
31,0.1666666666666667,0.3333333333333333,0.0,3.79,0.0003,0.0003,0.0,1
31,0.1666666666666667,0.3333333333333333,0.0,3.8,0.0004,0.0004,0.0,1
31,0.1666666666666667,0.3333333333333333,0.0,3.81,0.0005,0.0005,0.0,1
31,0.1666666666666667,0.3333333333333333,0.0,3.82,0.0006,0.0006,0.0,1
31,0.1666666666666667,0.3333333333333333,0.0,3.83,0.0007,0.0007,0.0,1
31,0.1666666666666667,0.3333333333333333,0.0,3.84,0.0008,0.0008,0.0,1
31,0.1666666666666667,0.3333333333333333,0.0,3.85,0.0009,0.0009,0.0,1
31,0.1666666666666667,0.3333333333333333,0.0,3.86,0.0009,0.0009,0.0,1
31,0.1666666666666667,0.3333333333333333,0.0,3.87,0.001,0.001,0.0,1
31,0.1666666666666667,0.3333333333333333,0.0,3.88,0.001,0.001,0.0,1
31,0.1666666666666667,0.3333333333333333,0.0,3.89,0.001,0.001,0.0,1
31,0.1666666666666667,0.3333333333333333,0.0,3.9,0.001,0.001,0.0,1
31,0.1666666666666667,0.3333333333333333,0.0,3.91,0.0009,0.0009,0.0,1
31,0.1666666666666667,0.3333333333333333,0.0,3.92,0.0009,0.0009,0.0,1
31,0.1666666666666667,0.3333333333333333,0.0,3.93,0.0008,0.0008,0.0,1
31,0.1666666666666667,0.3333333333333333,0.0,3.94,0.0007,0.0007,0.0,1
31,0.1666666666666667,0.3333333333333333,0.0,3.95,0.0006,0.0006,0.0,1
31,0.1666666666666667,0.3333333333333333,0.0,3.96,0.0005,0.0005,0.0,1
31,0.1666666666666667,0.3333333333333333,0.0,3.97,0.0004,0.0004,0.0,1
31,0.1666666666666667,0.3333333333333333,0.0,3.98,0.0003,0.0003,0.0,1
31,0.1666666666666667,0.3333333333333333,0.0,3.99,0.0002,0.0002,0.0,1
31,0.1666666666666667,0.3333333333333333,0.0,4.0,0.0002,0.0002,0.0,1
32,0.1388888888888889,0.2777777777777777,0.0,0.5,0.0,0.0,,0
32,0.1388888888888889,0.2777777777777777,0.0,0.51,0.0,0.0,,0
32,0.1388888888888889,0.2777777777777777,0.0,0.52,0.0,0.0,,0
32,0.1388888888888889,0.2777777777777777,0.0,0.53,0.0,0.0,,0
32,0.1388888888888889,0.2777777777777777,0.0,0.54,0.0,0.0,,0
32,0.1388888888888889,0.2777777777777777,0.0,0.55,0.0,0.0,,0
32,0.1388888888888889,0.2777777777777777,0.0,0.56,0.0,0.0,,0
32,0.1388888888888889,0.2777777777777777,0.0,0.57,0.0,0.0,,0
32,0.1388888888888889,0.2777777777777777,0.0,0.58,0.0,0.0,,0
32,0.1388888888888889,0.2777777777777777,0.0,0.59,0.0,0.0,,0
32,0.1388888888888889,0.2777777777777777,0.0,0.6,0.0,0.0,,0
32,0.1388888888888889,0.2777777777777777,0.0,0.61,0.0,0.0,,0
32,0.1388888888888889,0.2777777777777777,0.0,0.62,0.0,0.0,,0
32,0.1388888888888889,0.2777777777777777,0.0,0.63,0.0,0.0,,0
32,0.1388888888888889,0.2777777777777777,0.0,0.64,0.0,0.0,,0
32,0.1388888888888889,0.2777777777777777,0.0,0.65,0.0,0.0,,0
32,0.1388888888888889,0.2777777777777777,0.0,0.66,0.0,0.0,,0
32,0.1388888888888889,0.2777777777777777,0.0,0.67,0.0,0.0,,0
32,0.1388888888888889,0.2777777777777777,0.0,0.68,0.0,0.0,,0
32,0.1388888888888889,0.2777777777777777,0.0,0.69,0.0,0.0,,0
32,0.1388888888888889,0.2777777777777777,0.0,0.7,0.0,0.0,,0
32,0.1388888888888889,0.2777777777777777,0.0,0.71,0.0,0.0,,0
32,0.1388888888888889,0.2777777777777777,0.0,0.72,0.0,0.0,,0
32,0.1388888888888889,0.2777777777777777,0.0,0.73,0.0,0.0,,0
32,0.1388888888888889,0.2777777777777777,0.0,0.74,0.0,0.0,,0
32,0.1388888888888889,0.2777777777777777,0.0,0.75,0.0,0.0,,0
32,0.1388888888888889,0.2777777777777777,0.0,0.76,0.0,0.0,,0
32,0.1388888888888889,0.2777777777777777,0.0,0.77,0.0,0.0,,0
32,0.1388888888888889,0.2777777777777777,0.0,0.78,0.0,0.0,,0
32,0.1388888888888889,0.2777777777777777,0.0,0.79,0.0,0.0,,0
32,0.1388888888888889,0.2777777777777777,0.0,0.8,0.0,0.0,,0
32,0.1388888888888889,0.2777777777777777,0.0,0.81,0.0,0.0,,0
32,0.1388888888888889,0.2777777777777777,0.0,0.82,0.0,0.0,,0
32,0.1388888888888889,0.2777777777777777,0.0,0.83,0.0,0.0,,0
32,0.1388888888888889,0.2777777777777777,0.0,0.84,0.0,0.0,,0
32,0.1388888888888889,0.2777777777777777,0.0,0.85,0.0,0.0,,0
32,0.1388888888888889,0.2777777777777777,0.0,0.86,0.0,0.0,,0
32,0.1388888888888889,0.2777777777777777,0.0,0.87,0.0,0.0,,0
32,0.1388888888888889,0.2777777777777777,0.0,0.88,0.0,0.0,,0
32,0.1388888888888889,0.2777777777777777,0.0,0.89,0.0,0.0,,0
32,0.1388888888888889,0.2777777777777777,0.0,0.9,0.0,0.0,,0
32,0.1388888888888889,0.2777777777777777,0.0,0.91,0.0,0.0,,0
32,0.1388888888888889,0.2777777777777777,0.0,0.92,0.0,0.0,,0
32,0.1388888888888889,0.2777777777777777,0.0,0.93,0.0,0.0,,0
32,0.1388888888888889,0.2777777777777777,0.0,0.94,0.0,0.0,,0
32,0.1388888888888889,0.2777777777777777,0.0,0.95,0.0,0.0,,0
32,0.1388888888888889,0.2777777777777777,0.0,0.96,0.0,0.0,,0
32,0.1388888888888889,0.2777777777777777,0.0,0.97,0.0,0.0,,0
32,0.1388888888888889,0.2777777777777777,0.0,0.98,0.0,0.0,,0
32,0.1388888888888889,0.2777777777777777,0.0,0.99,0.0,0.0,,0
32,0.1388888888888889,0.2777777777777777,0.0,1.0,0.0,0.0,,0
32,0.1388888888888889,0.2777777777777777,0.0,1.01,0.0,0.0,,0
32,0.1388888888888889,0.2777777777777777,0.0,1.02,0.0,0.0,,0
32,0.1388888888888889,0.2777777777777777,0.0,1.03,0.0,0.0,,0
32,0.1388888888888889,0.2777777777777777,0.0,1.04,0.0,0.0,,0
32,0.1388888888888889,0.2777777777777777,0.0,1.05,0.0,0.0,,0
32,0.1388888888888889,0.2777777777777777,0.0,1.06,0.0,0.0,,0
32,0.1388888888888889,0.2777777777777777,0.0,1.07,0.0,0.0,,0
32,0.1388888888888889,0.2777777777777777,0.0,1.08,0.0,0.0,,0
32,0.1388888888888889,0.2777777777777777,0.0,1.09,0.0,0.0,,0
32,0.1388888888888889,0.2777777777777777,0.0,1.1,0.0,0.0,,0
32,0.1388888888888889,0.2777777777777777,0.0,1.11,0.0,0.0,,0
32,0.1388888888888889,0.2777777777777777,0.0,1.12,0.0,0.0,,0
32,0.1388888888888889,0.2777777777777777,0.0,1.13,0.0,0.0,,0
32,0.1388888888888889,0.2777777777777777,0.0,1.14,0.0,0.0,,0
32,0.1388888888888889,0.2777777777777777,0.0,1.15,0.0,0.0,,0
32,0.1388888888888889,0.2777777777777777,0.0,1.16,0.0,0.0,,0
32,0.1388888888888889,0.2777777777777777,0.0,1.17,0.0,0.0,,0
32,0.1388888888888889,0.2777777777777777,0.0,1.18,0.0,0.0,,0
32,0.1388888888888889,0.2777777777777777,0.0,1.19,0.0,0.0,,0
32,0.1388888888888889,0.2777777777777777,0.0,1.2,0.0,0.0,,0
32,0.1388888888888889,0.2777777777777777,0.0,1.21,0.0,0.0,,0
32,0.1388888888888889,0.2777777777777777,0.0,1.22,0.0,0.0,,0
32,0.1388888888888889,0.2777777777777777,0.0,1.23,0.0,0.0,,0
32,0.1388888888888889,0.2777777777777777,0.0,1.24,0.0,0.0,,0
32,0.1388888888888889,0.2777777777777777,0.0,1.25,0.0,0.0,,0
32,0.1388888888888889,0.2777777777777777,0.0,1.26,0.0,0.0,,0
32,0.1388888888888889,0.2777777777777777,0.0,1.27,0.0,0.0,,0
32,0.1388888888888889,0.2777777777777777,0.0,1.28,0.0,0.0,,0
32,0.1388888888888889,0.2777777777777777,0.0,1.29,0.0,0.0,,0
32,0.1388888888888889,0.2777777777777777,0.0,1.3,0.0,0.0,,0
32,0.1388888888888889,0.2777777777777777,0.0,1.31,0.0,0.0,,0
32,0.1388888888888889,0.2777777777777777,0.0,1.32,0.0,0.0,,0
32,0.1388888888888889,0.2777777777777777,0.0,1.33,0.0,0.0,,0
32,0.1388888888888889,0.2777777777777777,0.0,1.34,0.0,0.0,,0
32,0.1388888888888889,0.2777777777777777,0.0,1.35,0.0,0.0,,0
32,0.1388888888888889,0.2777777777777777,0.0,1.36,0.0,0.0,,0
32,0.1388888888888889,0.2777777777777777,0.0,1.37,0.0,0.0,,0
32,0.1388888888888889,0.2777777777777777,0.0,1.38,0.0,0.0,,0
32,0.1388888888888889,0.2777777777777777,0.0,1.39,0.0,0.0,,0
32,0.1388888888888889,0.2777777777777777,0.0,1.4,0.0,0.0,,0
32,0.1388888888888889,0.2777777777777777,0.0,1.41,0.0,0.0,,0
32,0.1388888888888889,0.2777777777777777,0.0,1.42,0.0,0.0,,0
32,0.1388888888888889,0.2777777777777777,0.0,1.43,0.0,0.0,,0
32,0.1388888888888889,0.2777777777777777,0.0,1.44,0.0,0.0,,0
32,0.1388888888888889,0.2777777777777777,0.0,1.45,0.0,0.0,,0
32,0.1388888888888889,0.2777777777777777,0.0,1.46,0.0,0.0,,0
32,0.1388888888888889,0.2777777777777777,0.0,1.47,0.0,0.0,,0
32,0.1388888888888889,0.2777777777777777,0.0,1.48,0.0,0.0,,0
32,0.1388888888888889,0.2777777777777777,0.0,1.49,0.0,0.0,,0
32,0.1388888888888889,0.2777777777777777,0.0,1.5,0.0,0.0,,0
32,0.1388888888888889,0.2777777777777777,0.0,1.51,0.0,0.0,,0
32,0.1388888888888889,0.2777777777777777,0.0,1.52,0.0,0.0,,0
32,0.1388888888888889,0.2777777777777777,0.0,1.53,0.0,0.0,,0
32,0.1388888888888889,0.2777777777777777,0.0,1.54,0.0,0.0,,0
32,0.1388888888888889,0.2777777777777777,0.0,1.55,0.0,0.0,,0
32,0.1388888888888889,0.2777777777777777,0.0,1.56,0.0,0.0,,0
32,0.1388888888888889,0.2777777777777777,0.0,1.57,0.0,0.0,,0
32,0.1388888888888889,0.2777777777777777,0.0,1.58,0.0,0.0,,0
32,0.1388888888888889,0.2777777777777777,0.0,1.59,0.0,0.0,,0
32,0.1388888888888889,0.2777777777777777,0.0,1.6,0.0,0.0,,0
32,0.1388888888888889,0.2777777777777777,0.0,1.61,0.0,0.0,,0
32,0.1388888888888889,0.2777777777777777,0.0,1.62,0.0,0.0,,0
32,0.1388888888888889,0.2777777777777777,0.0,1.63,0.0,0.0,,0
32,0.1388888888888889,0.2777777777777777,0.0,1.64,0.0,0.0,,0
32,0.1388888888888889,0.2777777777777777,0.0,1.65,0.0,0.0,,0
32,0.1388888888888889,0.2777777777777777,0.0,1.66,0.0,0.0,,0
32,0.1388888888888889,0.2777777777777777,0.0,1.67,0.0,0.0,,0
32,0.1388888888888889,0.2777777777777777,0.0,1.68,0.0,0.0,,0
32,0.1388888888888889,0.2777777777777777,0.0,1.69,0.0,0.0,,0
32,0.1388888888888889,0.2777777777777777,0.0,1.7,0.0,0.0,,0
32,0.1388888888888889,0.2777777777777777,0.0,1.71,0.0,0.0,,0
32,0.1388888888888889,0.2777777777777777,0.0,1.72,0.0,0.0,,0
32,0.1388888888888889,0.2777777777777777,0.0,1.73,0.0,0.0,,0
32,0.1388888888888889,0.2777777777777777,0.0,1.74,0.0,0.0,,0
32,0.1388888888888889,0.2777777777777777,0.0,1.75,0.0,0.0,,0
32,0.1388888888888889,0.2777777777777777,0.0,1.76,0.0,0.0,,0
32,0.1388888888888889,0.2777777777777777,0.0,1.77,0.0,0.0,,0
32,0.1388888888888889,0.2777777777777777,0.0,1.78,0.0,0.0,,0
32,0.1388888888888889,0.2777777777777777,0.0,1.79,0.0,0.0,,0
32,0.1388888888888889,0.2777777777777777,0.0,1.8,0.0,0.0,,0
32,0.1388888888888889,0.2777777777777777,0.0,1.81,0.0,0.0,,0
32,0.1388888888888889,0.2777777777777777,0.0,1.82,0.0,0.0,,0
32,0.1388888888888889,0.2777777777777777,0.0,1.83,0.0,0.0,,0
32,0.1388888888888889,0.2777777777777777,0.0,1.84,0.0,0.0,,0
32,0.1388888888888889,0.2777777777777777,0.0,1.85,0.0,0.0,,0
32,0.1388888888888889,0.2777777777777777,0.0,1.86,0.0,0.0,,0
32,0.1388888888888889,0.2777777777777777,0.0,1.87,0.0,0.0,,0
32,0.1388888888888889,0.2777777777777777,0.0,1.88,0.0,0.0,,0
32,0.1388888888888889,0.2777777777777777,0.0,1.89,0.0,0.0,,0
32,0.1388888888888889,0.2777777777777777,0.0,1.9,0.0,0.0,,0
32,0.1388888888888889,0.2777777777777777,0.0,1.91,0.0,0.0,,0
32,0.1388888888888889,0.2777777777777777,0.0,1.92,0.0,0.0,,0
32,0.1388888888888889,0.2777777777777777,0.0,1.93,0.0,0.0,,0
32,0.1388888888888889,0.2777777777777777,0.0,1.94,0.0,0.0,,0
32,0.1388888888888889,0.2777777777777777,0.0,1.95,0.0,0.0,,0
32,0.1388888888888889,0.2777777777777777,0.0,1.96,0.0,0.0,,0
32,0.1388888888888889,0.2777777777777777,0.0,1.97,0.0,0.0,,0
32,0.1388888888888889,0.2777777777777777,0.0,1.98,0.0,0.0,,0
32,0.1388888888888889,0.2777777777777777,0.0,1.99,0.0,0.0,,0
32,0.1388888888888889,0.2777777777777777,0.0,2.0,0.0,0.0,,0
32,0.1388888888888889,0.2777777777777777,0.0,2.01,0.0,0.0,,0
32,0.1388888888888889,0.2777777777777777,0.0,2.02,0.0,0.0,,0
32,0.1388888888888889,0.2777777777777777,0.0,2.03,0.0,0.0,,0
32,0.1388888888888889,0.2777777777777777,0.0,2.04,0.0,0.0,,0
32,0.1388888888888889,0.2777777777777777,0.0,2.05,0.0,0.0,,0
32,0.1388888888888889,0.2777777777777777,0.0,2.06,0.0,0.0,,0
32,0.1388888888888889,0.2777777777777777,0.0,2.07,0.0,0.0,,0
32,0.1388888888888889,0.2777777777777777,0.0,2.08,0.0,0.0,,0
32,0.1388888888888889,0.2777777777777777,0.0,2.09,0.0,0.0,,0
32,0.1388888888888889,0.2777777777777777,0.0,2.1,0.0,0.0,,0
32,0.1388888888888889,0.2777777777777777,0.0,2.11,0.0,0.0,,0
32,0.1388888888888889,0.2777777777777777,0.0,2.12,0.0,0.0,,0
32,0.1388888888888889,0.2777777777777777,0.0,2.13,0.0,0.0,,0
32,0.1388888888888889,0.2777777777777777,0.0,2.14,0.0,0.0,,0
32,0.1388888888888889,0.2777777777777777,0.0,2.15,0.0,0.0,,0
32,0.1388888888888889,0.2777777777777777,0.0,2.16,0.0,0.0,,0
32,0.1388888888888889,0.2777777777777777,0.0,2.17,0.0,0.0,,0
32,0.1388888888888889,0.2777777777777777,0.0,2.18,0.0,0.0,,0
32,0.1388888888888889,0.2777777777777777,0.0,2.19,0.0,0.0,,0
32,0.1388888888888889,0.2777777777777777,0.0,2.2,0.0,0.0,,0
32,0.1388888888888889,0.2777777777777777,0.0,2.21,0.0001,0.0001,0.0,1
32,0.1388888888888889,0.2777777777777777,0.0,2.22,0.0001,0.0001,0.0,1
32,0.1388888888888889,0.2777777777777777,0.0,2.23,0.0003,0.0003,0.0,1
32,0.1388888888888889,0.2777777777777777,0.0,2.24,0.0004,0.0004,0.0,1
32,0.1388888888888889,0.2777777777777777,0.0,2.25,0.0007,0.0007,0.0,1
32,0.1388888888888889,0.2777777777777777,0.0,2.26,0.0012,0.0012,0.0,1
32,0.1388888888888889,0.2777777777777777,0.0,2.27,0.0018,0.0018,0.0,1
32,0.1388888888888889,0.2777777777777777,0.0,2.28,0.0026,0.0026,0.0,1
32,0.1388888888888889,0.2777777777777777,0.0,2.29,0.0037,0.0037,0.0,1
32,0.1388888888888889,0.2777777777777777,0.0,2.3,0.005,0.005,0.0,1
32,0.1388888888888889,0.2777777777777777,0.0,2.31,0.0066,0.0066,0.0,1
32,0.1388888888888889,0.2777777777777777,0.0,2.32,0.0084,0.0084,0.0,1
32,0.1388888888888889,0.2777777777777777,0.0,2.33,0.0103,0.0103,0.0,1
32,0.1388888888888889,0.2777777777777777,0.0,2.34,0.0122,0.0122,0.0,1
32,0.1388888888888889,0.2777777777777777,0.0,2.35,0.0139,0.0139,0.0,1
32,0.1388888888888889,0.2777777777777777,0.0,2.36,0.0154,0.0154,0.0,1
32,0.1388888888888889,0.2777777777777777,0.0,2.37,0.0165,0.0165,0.0,1
32,0.1388888888888889,0.2777777777777777,0.0,2.38,0.0171,0.0171,0.0,1
32,0.1388888888888889,0.2777777777777777,0.0,2.39,0.0172,0.0172,0.0,1
32,0.1388888888888889,0.2777777777777777,0.0,2.4,0.0168,0.0168,0.0,1
32,0.1388888888888889,0.2777777777777777,0.0,2.41,0.016,0.016,0.0,1
32,0.1388888888888889,0.2777777777777777,0.0,2.42,0.0148,0.0148,0.0,1
32,0.1388888888888889,0.2777777777777777,0.0,2.43,0.0133,0.0133,0.0,1
32,0.1388888888888889,0.2777777777777777,0.0,2.44,0.0116,0.0116,0.0,1
32,0.1388888888888889,0.2777777777777777,0.0,2.45,0.0099,0.0099,0.0,1
32,0.1388888888888889,0.2777777777777777,0.0,2.46,0.0082,0.0082,0.0,1
32,0.1388888888888889,0.2777777777777777,0.0,2.47,0.0066,0.0066,0.0,1
32,0.1388888888888889,0.2777777777777777,0.0,2.48,0.0051,0.0051,0.0,1
32,0.1388888888888889,0.2777777777777777,0.0,2.49,0.0039,0.0039,0.0,1
32,0.1388888888888889,0.2777777777777777,0.0,2.5,0.0028,0.0028,0.0,1
32,0.1388888888888889,0.2777777777777777,0.0,2.51,0.002,0.002,0.0,1
32,0.1388888888888889,0.2777777777777777,0.0,2.52,0.0014,0.0014,0.0,1
32,0.1388888888888889,0.2777777777777777,0.0,2.53,0.0009,0.0009,0.0,1
32,0.1388888888888889,0.2777777777777777,0.0,2.54,0.0006,0.0006,0.0,1
32,0.1388888888888889,0.2777777777777777,0.0,2.55,0.0004,0.0004,0.0,1
32,0.1388888888888889,0.2777777777777777,0.0,2.56,0.0003,0.0003,0.0,1
32,0.1388888888888889,0.2777777777777777,0.0,2.57,0.0003,0.0003,0.0,1
32,0.1388888888888889,0.2777777777777777,0.0,2.58,0.0003,0.0003,0.0,1
32,0.1388888888888889,0.2777777777777777,0.0,2.59,0.0003,0.0003,0.0,1
32,0.1388888888888889,0.2777777777777777,0.0,2.6,0.0003,0.0003,0.0,1
32,0.1388888888888889,0.2777777777777777,0.0,2.61,0.0004,0.0004,0.0,1
32,0.1388888888888889,0.2777777777777777,0.0,2.62,0.0005,0.0005,0.0,1
32,0.1388888888888889,0.2777777777777777,0.0,2.63,0.0007,0.0007,0.0,1
32,0.1388888888888889,0.2777777777777777,0.0,2.64,0.0009,0.0009,0.0,1
32,0.1388888888888889,0.2777777777777777,0.0,2.65,0.0012,0.0012,0.0,1
32,0.1388888888888889,0.2777777777777777,0.0,2.66,0.0016,0.0016,0.0,1
32,0.1388888888888889,0.2777777777777777,0.0,2.67,0.0021,0.0021,0.0,1
32,0.1388888888888889,0.2777777777777777,0.0,2.68,0.0028,0.0028,0.0,1
32,0.1388888888888889,0.2777777777777777,0.0,2.69,0.0036,0.0036,0.0,1
32,0.1388888888888889,0.2777777777777777,0.0,2.7,0.0045,0.0045,0.0,1
32,0.1388888888888889,0.2777777777777777,0.0,2.71,0.0055,0.0055,0.0,1
32,0.1388888888888889,0.2777777777777777,0.0,2.72,0.0066,0.0066,0.0,1
32,0.1388888888888889,0.2777777777777777,0.0,2.73,0.0077,0.0077,0.0,1
32,0.1388888888888889,0.2777777777777777,0.0,2.74,0.0088,0.0088,0.0,1
32,0.1388888888888889,0.2777777777777777,0.0,2.75,0.0097,0.0097,0.0,1
32,0.1388888888888889,0.2777777777777777,0.0,2.76,0.0104,0.0104,0.0,1
32,0.1388888888888889,0.2777777777777777,0.0,2.77,0.0109,0.0109,0.0,1
32,0.1388888888888889,0.2777777777777777,0.0,2.78,0.011,0.011,0.0,1
32,0.1388888888888889,0.2777777777777777,0.0,2.79,0.0108,0.0108,0.0,1
32,0.1388888888888889,0.2777777777777777,0.0,2.8,0.0103,0.0103,0.0,1
32,0.1388888888888889,0.2777777777777777,0.0,2.81,0.0095,0.0095,0.0,1
32,0.1388888888888889,0.2777777777777777,0.0,2.82,0.0084,0.0084,0.0,1
32,0.1388888888888889,0.2777777777777777,0.0,2.83,0.0072,0.0072,0.0,1
32,0.1388888888888889,0.2777777777777777,0.0,2.84,0.006,0.006,0.0,1
32,0.1388888888888889,0.2777777777777777,0.0,2.85,0.0048,0.0048,0.0,1
32,0.1388888888888889,0.2777777777777777,0.0,2.86,0.0037,0.0037,0.0,1
32,0.1388888888888889,0.2777777777777777,0.0,2.87,0.0028,0.0028,0.0,1
32,0.1388888888888889,0.2777777777777777,0.0,2.88,0.002,0.002,0.0,1
32,0.1388888888888889,0.2777777777777777,0.0,2.89,0.0015,0.0015,0.0,1
32,0.1388888888888889,0.2777777777777777,0.0,2.9,0.0011,0.0011,0.0,1
32,0.1388888888888889,0.2777777777777777,0.0,2.91,0.0008,0.0008,0.0,1
32,0.1388888888888889,0.2777777777777777,0.0,2.92,0.0007,0.0007,0.0,1
32,0.1388888888888889,0.2777777777777777,0.0,2.93,0.0007,0.0007,0.0,1
32,0.1388888888888889,0.2777777777777777,0.0,2.94,0.0007,0.0007,0.0,1
32,0.1388888888888889,0.2777777777777777,0.0,2.95,0.0007,0.0007,0.0,1
32,0.1388888888888889,0.2777777777777777,0.0,2.96,0.0008,0.0008,0.0,1
32,0.1388888888888889,0.2777777777777777,0.0,2.97,0.0008,0.0008,0.0,1
32,0.1388888888888889,0.2777777777777777,0.0,2.98,0.0008,0.0008,0.0,1
32,0.1388888888888889,0.2777777777777777,0.0,2.99,0.0008,0.0008,0.0,1
32,0.1388888888888889,0.2777777777777777,0.0,3.0,0.0008,0.0008,0.0,1
32,0.1388888888888889,0.2777777777777777,0.0,3.01,0.0007,0.0007,0.0,1
32,0.1388888888888889,0.2777777777777777,0.0,3.02,0.0007,0.0007,0.0,1
32,0.1388888888888889,0.2777777777777777,0.0,3.03,0.0006,0.0006,0.0,1
32,0.1388888888888889,0.2777777777777777,0.0,3.04,0.0005,0.0005,0.0,1
32,0.1388888888888889,0.2777777777777777,0.0,3.05,0.0004,0.0004,0.0,1
32,0.1388888888888889,0.2777777777777777,0.0,3.06,0.0004,0.0004,0.0,1
32,0.1388888888888889,0.2777777777777777,0.0,3.07,0.0004,0.0004,0.0,1
32,0.1388888888888889,0.2777777777777777,0.0,3.08,0.0004,0.0004,0.0,1
32,0.1388888888888889,0.2777777777777777,0.0,3.09,0.0005,0.0005,0.0,1
32,0.1388888888888889,0.2777777777777777,0.0,3.1,0.0006,0.0006,0.0,1
32,0.1388888888888889,0.2777777777777777,0.0,3.11,0.0007,0.0007,0.0,1
32,0.1388888888888889,0.2777777777777777,0.0,3.12,0.0009,0.0009,0.0,1
32,0.1388888888888889,0.2777777777777777,0.0,3.13,0.001,0.001,0.0,1
32,0.1388888888888889,0.2777777777777777,0.0,3.14,0.0011,0.0011,0.0,1
32,0.1388888888888889,0.2777777777777777,0.0,3.15,0.0013,0.0013,0.0,1
32,0.1388888888888889,0.2777777777777777,0.0,3.16,0.0013,0.0013,0.0,1
32,0.1388888888888889,0.2777777777777777,0.0,3.17,0.0013,0.0013,0.0,1
32,0.1388888888888889,0.2777777777777777,0.0,3.18,0.0013,0.0013,0.0,1
32,0.1388888888888889,0.2777777777777777,0.0,3.19,0.0012,0.0012,0.0,1
32,0.1388888888888889,0.2777777777777777,0.0,3.2,0.0011,0.0011,0.0,1
32,0.1388888888888889,0.2777777777777777,0.0,3.21,0.0009,0.0009,0.0,1
32,0.1388888888888889,0.2777777777777777,0.0,3.22,0.0008,0.0008,0.0,1
32,0.1388888888888889,0.2777777777777777,0.0,3.23,0.0006,0.0006,0.0,1
32,0.1388888888888889,0.2777777777777777,0.0,3.24,0.0005,0.0005,0.0,1
32,0.1388888888888889,0.2777777777777777,0.0,3.25,0.0003,0.0003,0.0,1
32,0.1388888888888889,0.2777777777777777,0.0,3.26,0.0002,0.0002,0.0,1
32,0.1388888888888889,0.2777777777777777,0.0,3.27,0.0002,0.0002,0.0,1
32,0.1388888888888889,0.2777777777777777,0.0,3.28,0.0001,0.0001,0.0,1
32,0.1388888888888889,0.2777777777777777,0.0,3.29,0.0001,0.0001,0.0,1
32,0.1388888888888889,0.2777777777777777,0.0,3.3,0.0,0.0,,0
32,0.1388888888888889,0.2777777777777777,0.0,3.31,0.0,0.0,,0
32,0.1388888888888889,0.2777777777777777,0.0,3.32,0.0,0.0,,0
32,0.1388888888888889,0.2777777777777777,0.0,3.33,0.0,0.0,,0
32,0.1388888888888889,0.2777777777777777,0.0,3.34,0.0,0.0,,0
32,0.1388888888888889,0.2777777777777777,0.0,3.35,0.0,0.0,,0
32,0.1388888888888889,0.2777777777777777,0.0,3.36,0.0,0.0,,0
32,0.1388888888888889,0.2777777777777777,0.0,3.37,0.0,0.0,,0
32,0.1388888888888889,0.2777777777777777,0.0,3.38,0.0,0.0,,0
32,0.1388888888888889,0.2777777777777777,0.0,3.39,0.0,0.0,,0
32,0.1388888888888889,0.2777777777777777,0.0,3.4,0.0,0.0,,0
32,0.1388888888888889,0.2777777777777777,0.0,3.41,0.0,0.0,,0
32,0.1388888888888889,0.2777777777777777,0.0,3.42,0.0,0.0,,0
32,0.1388888888888889,0.2777777777777777,0.0,3.43,0.0,0.0,,0
32,0.1388888888888889,0.2777777777777777,0.0,3.44,0.0,0.0,,0
32,0.1388888888888889,0.2777777777777777,0.0,3.45,0.0,0.0,,0
32,0.1388888888888889,0.2777777777777777,0.0,3.46,0.0,0.0,,0
32,0.1388888888888889,0.2777777777777777,0.0,3.47,0.0001,0.0001,0.0,1
32,0.1388888888888889,0.2777777777777777,0.0,3.48,0.0001,0.0001,0.0,1
32,0.1388888888888889,0.2777777777777777,0.0,3.49,0.0001,0.0001,0.0,1
32,0.1388888888888889,0.2777777777777777,0.0,3.5,0.0001,0.0001,0.0,1
32,0.1388888888888889,0.2777777777777777,0.0,3.51,0.0001,0.0001,0.0,1
32,0.1388888888888889,0.2777777777777777,0.0,3.52,0.0001,0.0001,0.0,1
32,0.1388888888888889,0.2777777777777777,0.0,3.53,0.0001,0.0001,0.0,1
32,0.1388888888888889,0.2777777777777777,0.0,3.54,0.0001,0.0001,0.0,1
32,0.1388888888888889,0.2777777777777777,0.0,3.55,0.0001,0.0001,0.0,1
32,0.1388888888888889,0.2777777777777777,0.0,3.56,0.0001,0.0001,0.0,1
32,0.1388888888888889,0.2777777777777777,0.0,3.57,0.0001,0.0001,0.0,1
32,0.1388888888888889,0.2777777777777777,0.0,3.58,0.0001,0.0001,0.0,1
32,0.1388888888888889,0.2777777777777777,0.0,3.59,0.0001,0.0001,0.0,1
32,0.1388888888888889,0.2777777777777777,0.0,3.6,0.0001,0.0001,0.0,1
32,0.1388888888888889,0.2777777777777777,0.0,3.61,0.0001,0.0001,0.0,1
32,0.1388888888888889,0.2777777777777777,0.0,3.62,0.0,0.0,,0
32,0.1388888888888889,0.2777777777777777,0.0,3.63,0.0,0.0,,0
32,0.1388888888888889,0.2777777777777777,0.0,3.64,0.0,0.0,,0
32,0.1388888888888889,0.2777777777777777,0.0,3.65,0.0,0.0,,0
32,0.1388888888888889,0.2777777777777777,0.0,3.66,0.0,0.0,,0
32,0.1388888888888889,0.2777777777777777,0.0,3.67,0.0,0.0,,0
32,0.1388888888888889,0.2777777777777777,0.0,3.68,0.0,0.0,,0
32,0.1388888888888889,0.2777777777777777,0.0,3.69,0.0,0.0,,0
32,0.1388888888888889,0.2777777777777777,0.0,3.7,0.0,0.0,,0
32,0.1388888888888889,0.2777777777777777,0.0,3.71,0.0,0.0,,0
32,0.1388888888888889,0.2777777777777777,0.0,3.72,0.0,0.0,,0
32,0.1388888888888889,0.2777777777777777,0.0,3.73,0.0,0.0,,0
32,0.1388888888888889,0.2777777777777777,0.0,3.74,0.0,0.0,,0
32,0.1388888888888889,0.2777777777777777,0.0,3.75,0.0,0.0,,0
32,0.1388888888888889,0.2777777777777777,0.0,3.76,0.0,0.0,,0
32,0.1388888888888889,0.2777777777777777,0.0,3.77,0.0,0.0,,0
32,0.1388888888888889,0.2777777777777777,0.0,3.78,0.0001,0.0001,0.0,1
32,0.1388888888888889,0.2777777777777777,0.0,3.79,0.0001,0.0001,0.0,1
32,0.1388888888888889,0.2777777777777777,0.0,3.8,0.0001,0.0001,0.0,1
32,0.1388888888888889,0.2777777777777777,0.0,3.81,0.0001,0.0001,0.0,1
32,0.1388888888888889,0.2777777777777777,0.0,3.82,0.0002,0.0002,0.0,1
32,0.1388888888888889,0.2777777777777777,0.0,3.83,0.0002,0.0002,0.0,1
32,0.1388888888888889,0.2777777777777777,0.0,3.84,0.0003,0.0003,0.0,1
32,0.1388888888888889,0.2777777777777777,0.0,3.85,0.0003,0.0003,0.0,1
32,0.1388888888888889,0.2777777777777777,0.0,3.86,0.0004,0.0004,0.0,1
32,0.1388888888888889,0.2777777777777777,0.0,3.87,0.0004,0.0004,0.0,1
32,0.1388888888888889,0.2777777777777777,0.0,3.88,0.0004,0.0004,0.0,1
32,0.1388888888888889,0.2777777777777777,0.0,3.89,0.0005,0.0005,0.0,1
32,0.1388888888888889,0.2777777777777777,0.0,3.9,0.0005,0.0005,0.0,1
32,0.1388888888888889,0.2777777777777777,0.0,3.91,0.0005,0.0005,0.0,1
32,0.1388888888888889,0.2777777777777777,0.0,3.92,0.0004,0.0004,0.0,1
32,0.1388888888888889,0.2777777777777777,0.0,3.93,0.0004,0.0004,0.0,1
32,0.1388888888888889,0.2777777777777777,0.0,3.94,0.0004,0.0004,0.0,1
32,0.1388888888888889,0.2777777777777777,0.0,3.95,0.0003,0.0003,0.0,1
32,0.1388888888888889,0.2777777777777777,0.0,3.96,0.0003,0.0003,0.0,1
32,0.1388888888888889,0.2777777777777777,0.0,3.97,0.0002,0.0002,0.0,1
32,0.1388888888888889,0.2777777777777777,0.0,3.98,0.0002,0.0002,0.0,1
32,0.1388888888888889,0.2777777777777777,0.0,3.99,0.0001,0.0001,0.0,1
32,0.1388888888888889,0.2777777777777777,0.0,4.0,0.0001,0.0001,0.0,1
33,0.1111111111111111,0.2222222222222222,0.0,0.5,0.0,0.0,,0
33,0.1111111111111111,0.2222222222222222,0.0,0.51,0.0,0.0,,0
33,0.1111111111111111,0.2222222222222222,0.0,0.52,0.0,0.0,,0
33,0.1111111111111111,0.2222222222222222,0.0,0.53,0.0,0.0,,0
33,0.1111111111111111,0.2222222222222222,0.0,0.54,0.0,0.0,,0
33,0.1111111111111111,0.2222222222222222,0.0,0.55,0.0,0.0,,0
33,0.1111111111111111,0.2222222222222222,0.0,0.56,0.0,0.0,,0
33,0.1111111111111111,0.2222222222222222,0.0,0.57,0.0,0.0,,0
33,0.1111111111111111,0.2222222222222222,0.0,0.58,0.0,0.0,,0
33,0.1111111111111111,0.2222222222222222,0.0,0.59,0.0,0.0,,0
33,0.1111111111111111,0.2222222222222222,0.0,0.6,0.0,0.0,,0
33,0.1111111111111111,0.2222222222222222,0.0,0.61,0.0,0.0,,0
33,0.1111111111111111,0.2222222222222222,0.0,0.62,0.0,0.0,,0
33,0.1111111111111111,0.2222222222222222,0.0,0.63,0.0,0.0,,0
33,0.1111111111111111,0.2222222222222222,0.0,0.64,0.0,0.0,,0
33,0.1111111111111111,0.2222222222222222,0.0,0.65,0.0,0.0,,0
33,0.1111111111111111,0.2222222222222222,0.0,0.66,0.0,0.0,,0
33,0.1111111111111111,0.2222222222222222,0.0,0.67,0.0,0.0,,0
33,0.1111111111111111,0.2222222222222222,0.0,0.68,0.0,0.0,,0
33,0.1111111111111111,0.2222222222222222,0.0,0.69,0.0,0.0,,0
33,0.1111111111111111,0.2222222222222222,0.0,0.7,0.0,0.0,,0
33,0.1111111111111111,0.2222222222222222,0.0,0.71,0.0,0.0,,0
33,0.1111111111111111,0.2222222222222222,0.0,0.72,0.0,0.0,,0
33,0.1111111111111111,0.2222222222222222,0.0,0.73,0.0,0.0,,0
33,0.1111111111111111,0.2222222222222222,0.0,0.74,0.0,0.0,,0
33,0.1111111111111111,0.2222222222222222,0.0,0.75,0.0,0.0,,0
33,0.1111111111111111,0.2222222222222222,0.0,0.76,0.0,0.0,,0
33,0.1111111111111111,0.2222222222222222,0.0,0.77,0.0,0.0,,0
33,0.1111111111111111,0.2222222222222222,0.0,0.78,0.0,0.0,,0
33,0.1111111111111111,0.2222222222222222,0.0,0.79,0.0,0.0,,0
33,0.1111111111111111,0.2222222222222222,0.0,0.8,0.0,0.0,,0
33,0.1111111111111111,0.2222222222222222,0.0,0.81,0.0,0.0,,0
33,0.1111111111111111,0.2222222222222222,0.0,0.82,0.0,0.0,,0
33,0.1111111111111111,0.2222222222222222,0.0,0.83,0.0,0.0,,0
33,0.1111111111111111,0.2222222222222222,0.0,0.84,0.0,0.0,,0
33,0.1111111111111111,0.2222222222222222,0.0,0.85,0.0,0.0,,0
33,0.1111111111111111,0.2222222222222222,0.0,0.86,0.0,0.0,,0
33,0.1111111111111111,0.2222222222222222,0.0,0.87,0.0,0.0,,0
33,0.1111111111111111,0.2222222222222222,0.0,0.88,0.0,0.0,,0
33,0.1111111111111111,0.2222222222222222,0.0,0.89,0.0,0.0,,0
33,0.1111111111111111,0.2222222222222222,0.0,0.9,0.0,0.0,,0
33,0.1111111111111111,0.2222222222222222,0.0,0.91,0.0,0.0,,0
33,0.1111111111111111,0.2222222222222222,0.0,0.92,0.0,0.0,,0
33,0.1111111111111111,0.2222222222222222,0.0,0.93,0.0,0.0,,0
33,0.1111111111111111,0.2222222222222222,0.0,0.94,0.0,0.0,,0
33,0.1111111111111111,0.2222222222222222,0.0,0.95,0.0,0.0,,0
33,0.1111111111111111,0.2222222222222222,0.0,0.96,0.0,0.0,,0
33,0.1111111111111111,0.2222222222222222,0.0,0.97,0.0,0.0,,0
33,0.1111111111111111,0.2222222222222222,0.0,0.98,0.0,0.0,,0
33,0.1111111111111111,0.2222222222222222,0.0,0.99,0.0,0.0,,0
33,0.1111111111111111,0.2222222222222222,0.0,1.0,0.0,0.0,,0
33,0.1111111111111111,0.2222222222222222,0.0,1.01,0.0,0.0,,0
33,0.1111111111111111,0.2222222222222222,0.0,1.02,0.0,0.0,,0
33,0.1111111111111111,0.2222222222222222,0.0,1.03,0.0,0.0,,0
33,0.1111111111111111,0.2222222222222222,0.0,1.04,0.0,0.0,,0
33,0.1111111111111111,0.2222222222222222,0.0,1.05,0.0,0.0,,0
33,0.1111111111111111,0.2222222222222222,0.0,1.06,0.0,0.0,,0
33,0.1111111111111111,0.2222222222222222,0.0,1.07,0.0,0.0,,0
33,0.1111111111111111,0.2222222222222222,0.0,1.08,0.0,0.0,,0
33,0.1111111111111111,0.2222222222222222,0.0,1.09,0.0,0.0,,0
33,0.1111111111111111,0.2222222222222222,0.0,1.1,0.0,0.0,,0
33,0.1111111111111111,0.2222222222222222,0.0,1.11,0.0,0.0,,0
33,0.1111111111111111,0.2222222222222222,0.0,1.12,0.0,0.0,,0
33,0.1111111111111111,0.2222222222222222,0.0,1.13,0.0,0.0,,0
33,0.1111111111111111,0.2222222222222222,0.0,1.14,0.0,0.0,,0
33,0.1111111111111111,0.2222222222222222,0.0,1.15,0.0,0.0,,0
33,0.1111111111111111,0.2222222222222222,0.0,1.16,0.0,0.0,,0
33,0.1111111111111111,0.2222222222222222,0.0,1.17,0.0,0.0,,0
33,0.1111111111111111,0.2222222222222222,0.0,1.18,0.0,0.0,,0
33,0.1111111111111111,0.2222222222222222,0.0,1.19,0.0,0.0,,0
33,0.1111111111111111,0.2222222222222222,0.0,1.2,0.0,0.0,,0
33,0.1111111111111111,0.2222222222222222,0.0,1.21,0.0,0.0,,0
33,0.1111111111111111,0.2222222222222222,0.0,1.22,0.0,0.0,,0
33,0.1111111111111111,0.2222222222222222,0.0,1.23,0.0,0.0,,0
33,0.1111111111111111,0.2222222222222222,0.0,1.24,0.0,0.0,,0
33,0.1111111111111111,0.2222222222222222,0.0,1.25,0.0,0.0,,0
33,0.1111111111111111,0.2222222222222222,0.0,1.26,0.0,0.0,,0
33,0.1111111111111111,0.2222222222222222,0.0,1.27,0.0,0.0,,0
33,0.1111111111111111,0.2222222222222222,0.0,1.28,0.0,0.0,,0
33,0.1111111111111111,0.2222222222222222,0.0,1.29,0.0,0.0,,0
33,0.1111111111111111,0.2222222222222222,0.0,1.3,0.0,0.0,,0
33,0.1111111111111111,0.2222222222222222,0.0,1.31,0.0,0.0,,0
33,0.1111111111111111,0.2222222222222222,0.0,1.32,0.0,0.0,,0
33,0.1111111111111111,0.2222222222222222,0.0,1.33,0.0,0.0,,0
33,0.1111111111111111,0.2222222222222222,0.0,1.34,0.0,0.0,,0
33,0.1111111111111111,0.2222222222222222,0.0,1.35,0.0,0.0,,0
33,0.1111111111111111,0.2222222222222222,0.0,1.36,0.0,0.0,,0
33,0.1111111111111111,0.2222222222222222,0.0,1.37,0.0,0.0,,0
33,0.1111111111111111,0.2222222222222222,0.0,1.38,0.0,0.0,,0
33,0.1111111111111111,0.2222222222222222,0.0,1.39,0.0,0.0,,0
33,0.1111111111111111,0.2222222222222222,0.0,1.4,0.0,0.0,,0
33,0.1111111111111111,0.2222222222222222,0.0,1.41,0.0,0.0,,0
33,0.1111111111111111,0.2222222222222222,0.0,1.42,0.0,0.0,,0
33,0.1111111111111111,0.2222222222222222,0.0,1.43,0.0,0.0,,0
33,0.1111111111111111,0.2222222222222222,0.0,1.44,0.0,0.0,,0
33,0.1111111111111111,0.2222222222222222,0.0,1.45,0.0,0.0,,0
33,0.1111111111111111,0.2222222222222222,0.0,1.46,0.0,0.0,,0
33,0.1111111111111111,0.2222222222222222,0.0,1.47,0.0,0.0,,0
33,0.1111111111111111,0.2222222222222222,0.0,1.48,0.0,0.0,,0
33,0.1111111111111111,0.2222222222222222,0.0,1.49,0.0,0.0,,0
33,0.1111111111111111,0.2222222222222222,0.0,1.5,0.0,0.0,,0
33,0.1111111111111111,0.2222222222222222,0.0,1.51,0.0,0.0,,0
33,0.1111111111111111,0.2222222222222222,0.0,1.52,0.0,0.0,,0
33,0.1111111111111111,0.2222222222222222,0.0,1.53,0.0,0.0,,0
33,0.1111111111111111,0.2222222222222222,0.0,1.54,0.0,0.0,,0
33,0.1111111111111111,0.2222222222222222,0.0,1.55,0.0,0.0,,0
33,0.1111111111111111,0.2222222222222222,0.0,1.56,0.0,0.0,,0
33,0.1111111111111111,0.2222222222222222,0.0,1.57,0.0,0.0,,0
33,0.1111111111111111,0.2222222222222222,0.0,1.58,0.0,0.0,,0
33,0.1111111111111111,0.2222222222222222,0.0,1.59,0.0,0.0,,0
33,0.1111111111111111,0.2222222222222222,0.0,1.6,0.0,0.0,,0
33,0.1111111111111111,0.2222222222222222,0.0,1.61,0.0,0.0,,0
33,0.1111111111111111,0.2222222222222222,0.0,1.62,0.0,0.0,,0
33,0.1111111111111111,0.2222222222222222,0.0,1.63,0.0,0.0,,0
33,0.1111111111111111,0.2222222222222222,0.0,1.64,0.0,0.0,,0
33,0.1111111111111111,0.2222222222222222,0.0,1.65,0.0,0.0,,0
33,0.1111111111111111,0.2222222222222222,0.0,1.66,0.0,0.0,,0
33,0.1111111111111111,0.2222222222222222,0.0,1.67,0.0,0.0,,0
33,0.1111111111111111,0.2222222222222222,0.0,1.68,0.0,0.0,,0
33,0.1111111111111111,0.2222222222222222,0.0,1.69,0.0,0.0,,0
33,0.1111111111111111,0.2222222222222222,0.0,1.7,0.0,0.0,,0
33,0.1111111111111111,0.2222222222222222,0.0,1.71,0.0,0.0,,0
33,0.1111111111111111,0.2222222222222222,0.0,1.72,0.0,0.0,,0
33,0.1111111111111111,0.2222222222222222,0.0,1.73,0.0,0.0,,0
33,0.1111111111111111,0.2222222222222222,0.0,1.74,0.0,0.0,,0
33,0.1111111111111111,0.2222222222222222,0.0,1.75,0.0,0.0,,0
33,0.1111111111111111,0.2222222222222222,0.0,1.76,0.0,0.0,,0
33,0.1111111111111111,0.2222222222222222,0.0,1.77,0.0,0.0,,0
33,0.1111111111111111,0.2222222222222222,0.0,1.78,0.0,0.0,,0
33,0.1111111111111111,0.2222222222222222,0.0,1.79,0.0,0.0,,0
33,0.1111111111111111,0.2222222222222222,0.0,1.8,0.0,0.0,,0
33,0.1111111111111111,0.2222222222222222,0.0,1.81,0.0,0.0,,0
33,0.1111111111111111,0.2222222222222222,0.0,1.82,0.0,0.0,,0
33,0.1111111111111111,0.2222222222222222,0.0,1.83,0.0,0.0,,0
33,0.1111111111111111,0.2222222222222222,0.0,1.84,0.0,0.0,,0
33,0.1111111111111111,0.2222222222222222,0.0,1.85,0.0,0.0,,0
33,0.1111111111111111,0.2222222222222222,0.0,1.86,0.0,0.0,,0
33,0.1111111111111111,0.2222222222222222,0.0,1.87,0.0,0.0,,0
33,0.1111111111111111,0.2222222222222222,0.0,1.88,0.0,0.0,,0
33,0.1111111111111111,0.2222222222222222,0.0,1.89,0.0,0.0,,0
33,0.1111111111111111,0.2222222222222222,0.0,1.9,0.0,0.0,,0
33,0.1111111111111111,0.2222222222222222,0.0,1.91,0.0,0.0,,0
33,0.1111111111111111,0.2222222222222222,0.0,1.92,0.0,0.0,,0
33,0.1111111111111111,0.2222222222222222,0.0,1.93,0.0,0.0,,0
33,0.1111111111111111,0.2222222222222222,0.0,1.94,0.0,0.0,,0
33,0.1111111111111111,0.2222222222222222,0.0,1.95,0.0,0.0,,0
33,0.1111111111111111,0.2222222222222222,0.0,1.96,0.0,0.0,,0
33,0.1111111111111111,0.2222222222222222,0.0,1.97,0.0,0.0,,0
33,0.1111111111111111,0.2222222222222222,0.0,1.98,0.0,0.0,,0
33,0.1111111111111111,0.2222222222222222,0.0,1.99,0.0,0.0,,0
33,0.1111111111111111,0.2222222222222222,0.0,2.0,0.0,0.0,,0
33,0.1111111111111111,0.2222222222222222,0.0,2.01,0.0,0.0,,0
33,0.1111111111111111,0.2222222222222222,0.0,2.02,0.0,0.0,,0
33,0.1111111111111111,0.2222222222222222,0.0,2.03,0.0,0.0,,0
33,0.1111111111111111,0.2222222222222222,0.0,2.04,0.0,0.0,,0
33,0.1111111111111111,0.2222222222222222,0.0,2.05,0.0,0.0,,0
33,0.1111111111111111,0.2222222222222222,0.0,2.06,0.0,0.0,,0
33,0.1111111111111111,0.2222222222222222,0.0,2.07,0.0,0.0,,0
33,0.1111111111111111,0.2222222222222222,0.0,2.08,0.0,0.0,,0
33,0.1111111111111111,0.2222222222222222,0.0,2.09,0.0,0.0,,0
33,0.1111111111111111,0.2222222222222222,0.0,2.1,0.0,0.0,,0
33,0.1111111111111111,0.2222222222222222,0.0,2.11,0.0,0.0,,0
33,0.1111111111111111,0.2222222222222222,0.0,2.12,0.0,0.0,,0
33,0.1111111111111111,0.2222222222222222,0.0,2.13,0.0,0.0,,0
33,0.1111111111111111,0.2222222222222222,0.0,2.14,0.0,0.0,,0
33,0.1111111111111111,0.2222222222222222,0.0,2.15,0.0001,0.0001,0.0,1
33,0.1111111111111111,0.2222222222222222,0.0,2.16,0.0001,0.0001,0.0,1
33,0.1111111111111111,0.2222222222222222,0.0,2.17,0.0002,0.0002,0.0,1
33,0.1111111111111111,0.2222222222222222,0.0,2.18,0.0003,0.0003,0.0,1
33,0.1111111111111111,0.2222222222222222,0.0,2.19,0.0005,0.0005,0.0,1
33,0.1111111111111111,0.2222222222222222,0.0,2.2,0.0008,0.0008,0.0,1
33,0.1111111111111111,0.2222222222222222,0.0,2.21,0.0012,0.0012,0.0,1
33,0.1111111111111111,0.2222222222222222,0.0,2.22,0.0018,0.0018,0.0,1
33,0.1111111111111111,0.2222222222222222,0.0,2.23,0.0026,0.0026,0.0,1
33,0.1111111111111111,0.2222222222222222,0.0,2.24,0.0036,0.0036,0.0,1
33,0.1111111111111111,0.2222222222222222,0.0,2.25,0.0047,0.0047,0.0,1
33,0.1111111111111111,0.2222222222222222,0.0,2.26,0.0059,0.0059,0.0,1
33,0.1111111111111111,0.2222222222222222,0.0,2.27,0.0072,0.0072,0.0,1
33,0.1111111111111111,0.2222222222222222,0.0,2.28,0.0084,0.0084,0.0,1
33,0.1111111111111111,0.2222222222222222,0.0,2.29,0.0094,0.0094,0.0,1
33,0.1111111111111111,0.2222222222222222,0.0,2.3,0.0101,0.0101,0.0,1
33,0.1111111111111111,0.2222222222222222,0.0,2.31,0.0105,0.0105,0.0,1
33,0.1111111111111111,0.2222222222222222,0.0,2.32,0.0104,0.0104,0.0,1
33,0.1111111111111111,0.2222222222222222,0.0,2.33,0.01,0.01,0.0,1
33,0.1111111111111111,0.2222222222222222,0.0,2.34,0.0093,0.0093,0.0,1
33,0.1111111111111111,0.2222222222222222,0.0,2.35,0.0084,0.0084,0.0,1
33,0.1111111111111111,0.2222222222222222,0.0,2.36,0.0075,0.0075,0.0,1
33,0.1111111111111111,0.2222222222222222,0.0,2.37,0.0066,0.0066,0.0,1
33,0.1111111111111111,0.2222222222222222,0.0,2.38,0.0059,0.0059,0.0,1
33,0.1111111111111111,0.2222222222222222,0.0,2.39,0.0056,0.0056,0.0,1
33,0.1111111111111111,0.2222222222222222,0.0,2.4,0.0055,0.0055,0.0,1
33,0.1111111111111111,0.2222222222222222,0.0,2.41,0.0058,0.0058,0.0,1
33,0.1111111111111111,0.2222222222222222,0.0,2.42,0.0063,0.0063,0.0,1
33,0.1111111111111111,0.2222222222222222,0.0,2.43,0.007,0.007,0.0,1
33,0.1111111111111111,0.2222222222222222,0.0,2.44,0.0078,0.0078,0.0,1
33,0.1111111111111111,0.2222222222222222,0.0,2.45,0.0085,0.0085,0.0,1
33,0.1111111111111111,0.2222222222222222,0.0,2.46,0.009,0.009,0.0,1
33,0.1111111111111111,0.2222222222222222,0.0,2.47,0.0092,0.0092,0.0,1
33,0.1111111111111111,0.2222222222222222,0.0,2.48,0.0092,0.0092,0.0,1
33,0.1111111111111111,0.2222222222222222,0.0,2.49,0.0089,0.0089,0.0,1
33,0.1111111111111111,0.2222222222222222,0.0,2.5,0.0083,0.0083,0.0,1
33,0.1111111111111111,0.2222222222222222,0.0,2.51,0.0076,0.0076,0.0,1
33,0.1111111111111111,0.2222222222222222,0.0,2.52,0.0069,0.0069,0.0,1
33,0.1111111111111111,0.2222222222222222,0.0,2.53,0.0062,0.0062,0.0,1
33,0.1111111111111111,0.2222222222222222,0.0,2.54,0.0057,0.0057,0.0,1
33,0.1111111111111111,0.2222222222222222,0.0,2.55,0.0053,0.0053,0.0,1
33,0.1111111111111111,0.2222222222222222,0.0,2.56,0.005,0.005,0.0,1
33,0.1111111111111111,0.2222222222222222,0.0,2.57,0.0049,0.0049,0.0,1
33,0.1111111111111111,0.2222222222222222,0.0,2.58,0.0049,0.0049,0.0,1
33,0.1111111111111111,0.2222222222222222,0.0,2.59,0.0048,0.0048,0.0,1
33,0.1111111111111111,0.2222222222222222,0.0,2.6,0.0047,0.0047,0.0,1
33,0.1111111111111111,0.2222222222222222,0.0,2.61,0.0046,0.0046,0.0,1
33,0.1111111111111111,0.2222222222222222,0.0,2.62,0.0043,0.0043,0.0,1
33,0.1111111111111111,0.2222222222222222,0.0,2.63,0.004,0.004,0.0,1
33,0.1111111111111111,0.2222222222222222,0.0,2.64,0.0036,0.0036,0.0,1
33,0.1111111111111111,0.2222222222222222,0.0,2.65,0.0033,0.0033,0.0,1
33,0.1111111111111111,0.2222222222222222,0.0,2.66,0.003,0.003,0.0,1
33,0.1111111111111111,0.2222222222222222,0.0,2.67,0.0029,0.0029,0.0,1
33,0.1111111111111111,0.2222222222222222,0.0,2.68,0.003,0.003,0.0,1
33,0.1111111111111111,0.2222222222222222,0.0,2.69,0.0033,0.0033,0.0,1
33,0.1111111111111111,0.2222222222222222,0.0,2.7,0.0037,0.0037,0.0,1
33,0.1111111111111111,0.2222222222222222,0.0,2.71,0.0042,0.0042,0.0,1
33,0.1111111111111111,0.2222222222222222,0.0,2.72,0.0048,0.0048,0.0,1
33,0.1111111111111111,0.2222222222222222,0.0,2.73,0.0054,0.0054,0.0,1
33,0.1111111111111111,0.2222222222222222,0.0,2.74,0.0059,0.0059,0.0,1
33,0.1111111111111111,0.2222222222222222,0.0,2.75,0.0062,0.0062,0.0,1
33,0.1111111111111111,0.2222222222222222,0.0,2.76,0.0063,0.0063,0.0,1
33,0.1111111111111111,0.2222222222222222,0.0,2.77,0.0061,0.0061,0.0,1
33,0.1111111111111111,0.2222222222222222,0.0,2.78,0.0057,0.0057,0.0,1
33,0.1111111111111111,0.2222222222222222,0.0,2.79,0.0052,0.0052,0.0,1
33,0.1111111111111111,0.2222222222222222,0.0,2.8,0.0045,0.0045,0.0,1
33,0.1111111111111111,0.2222222222222222,0.0,2.81,0.0037,0.0038,-0.013333333333333312,1
33,0.1111111111111111,0.2222222222222222,0.0,2.82,0.003,0.003,0.0,1
33,0.1111111111111111,0.2222222222222222,0.0,2.83,0.0023,0.0023,0.0,1
33,0.1111111111111111,0.2222222222222222,0.0,2.84,0.0017,0.0017,0.0,1
33,0.1111111111111111,0.2222222222222222,0.0,2.85,0.0012,0.0012,0.0,1
33,0.1111111111111111,0.2222222222222222,0.0,2.86,0.0008,0.0008,0.0,1
33,0.1111111111111111,0.2222222222222222,0.0,2.87,0.0006,0.0006,0.0,1
33,0.1111111111111111,0.2222222222222222,0.0,2.88,0.0004,0.0004,0.0,1
33,0.1111111111111111,0.2222222222222222,0.0,2.89,0.0002,0.0002,0.0,1
33,0.1111111111111111,0.2222222222222222,0.0,2.9,0.0002,0.0002,0.0,1
33,0.1111111111111111,0.2222222222222222,0.0,2.91,0.0002,0.0002,0.0,1
33,0.1111111111111111,0.2222222222222222,0.0,2.92,0.0002,0.0002,0.0,1
33,0.1111111111111111,0.2222222222222222,0.0,2.93,0.0003,0.0003,0.0,1
33,0.1111111111111111,0.2222222222222222,0.0,2.94,0.0004,0.0004,0.0,1
33,0.1111111111111111,0.2222222222222222,0.0,2.95,0.0006,0.0006,0.0,1
33,0.1111111111111111,0.2222222222222222,0.0,2.96,0.0008,0.0008,0.0,1
33,0.1111111111111111,0.2222222222222222,0.0,2.97,0.001,0.001,0.0,1
33,0.1111111111111111,0.2222222222222222,0.0,2.98,0.0013,0.0013,0.0,1
33,0.1111111111111111,0.2222222222222222,0.0,2.99,0.0015,0.0015,0.0,1
33,0.1111111111111111,0.2222222222222222,0.0,3.0,0.0018,0.0018,0.0,1
33,0.1111111111111111,0.2222222222222222,0.0,3.01,0.002,0.002,0.0,1
33,0.1111111111111111,0.2222222222222222,0.0,3.02,0.0021,0.0021,0.0,1
33,0.1111111111111111,0.2222222222222222,0.0,3.03,0.0022,0.0022,0.0,1
33,0.1111111111111111,0.2222222222222222,0.0,3.04,0.0022,0.0022,0.0,1
33,0.1111111111111111,0.2222222222222222,0.0,3.05,0.0021,0.0021,0.0,1
33,0.1111111111111111,0.2222222222222222,0.0,3.06,0.0019,0.0019,0.0,1
33,0.1111111111111111,0.2222222222222222,0.0,3.07,0.0016,0.0016,0.0,1
33,0.1111111111111111,0.2222222222222222,0.0,3.08,0.0014,0.0014,0.0,1
33,0.1111111111111111,0.2222222222222222,0.0,3.09,0.0011,0.0011,0.0,1
33,0.1111111111111111,0.2222222222222222,0.0,3.1,0.0009,0.0009,0.0,1
33,0.1111111111111111,0.2222222222222222,0.0,3.11,0.0007,0.0007,0.0,1
33,0.1111111111111111,0.2222222222222222,0.0,3.12,0.0005,0.0005,0.0,1
33,0.1111111111111111,0.2222222222222222,0.0,3.13,0.0003,0.0003,0.0,1
33,0.1111111111111111,0.2222222222222222,0.0,3.14,0.0002,0.0002,0.0,1
33,0.1111111111111111,0.2222222222222222,0.0,3.15,0.0002,0.0002,0.0,1
33,0.1111111111111111,0.2222222222222222,0.0,3.16,0.0001,0.0001,0.0,1
33,0.1111111111111111,0.2222222222222222,0.0,3.17,0.0001,0.0001,0.0,1
33,0.1111111111111111,0.2222222222222222,0.0,3.18,0.0001,0.0001,0.0,1
33,0.1111111111111111,0.2222222222222222,0.0,3.19,0.0002,0.0002,0.0,1
33,0.1111111111111111,0.2222222222222222,0.0,3.2,0.0002,0.0002,0.0,1
33,0.1111111111111111,0.2222222222222222,0.0,3.21,0.0003,0.0003,0.0,1
33,0.1111111111111111,0.2222222222222222,0.0,3.22,0.0005,0.0005,0.0,1
33,0.1111111111111111,0.2222222222222222,0.0,3.23,0.0007,0.0007,0.0,1
33,0.1111111111111111,0.2222222222222222,0.0,3.24,0.0009,0.0009,0.0,1
33,0.1111111111111111,0.2222222222222222,0.0,3.25,0.0012,0.0012,0.0,1
33,0.1111111111111111,0.2222222222222222,0.0,3.26,0.0014,0.0014,0.0,1
33,0.1111111111111111,0.2222222222222222,0.0,3.27,0.0017,0.0017,0.0,1
33,0.1111111111111111,0.2222222222222222,0.0,3.28,0.0019,0.0019,0.0,1
33,0.1111111111111111,0.2222222222222222,0.0,3.29,0.0021,0.0021,0.0,1
33,0.1111111111111111,0.2222222222222222,0.0,3.3,0.0022,0.0022,0.0,1
33,0.1111111111111111,0.2222222222222222,0.0,3.31,0.0022,0.0022,0.0,1
33,0.1111111111111111,0.2222222222222222,0.0,3.32,0.0022,0.0022,0.0,1
33,0.1111111111111111,0.2222222222222222,0.0,3.33,0.002,0.002,0.0,1
33,0.1111111111111111,0.2222222222222222,0.0,3.34,0.0018,0.0018,0.0,1
33,0.1111111111111111,0.2222222222222222,0.0,3.35,0.0016,0.0016,0.0,1
33,0.1111111111111111,0.2222222222222222,0.0,3.36,0.0013,0.0013,0.0,1
33,0.1111111111111111,0.2222222222222222,0.0,3.37,0.001,0.001,0.0,1
33,0.1111111111111111,0.2222222222222222,0.0,3.38,0.0008,0.0008,0.0,1
33,0.1111111111111111,0.2222222222222222,0.0,3.39,0.0006,0.0006,0.0,1
33,0.1111111111111111,0.2222222222222222,0.0,3.4,0.0004,0.0004,0.0,1
33,0.1111111111111111,0.2222222222222222,0.0,3.41,0.0003,0.0003,0.0,1
33,0.1111111111111111,0.2222222222222222,0.0,3.42,0.0002,0.0002,0.0,1
33,0.1111111111111111,0.2222222222222222,0.0,3.43,0.0001,0.0001,0.0,1
33,0.1111111111111111,0.2222222222222222,0.0,3.44,0.0001,0.0001,0.0,1
33,0.1111111111111111,0.2222222222222222,0.0,3.45,0.0,0.0,,0
33,0.1111111111111111,0.2222222222222222,0.0,3.46,0.0,0.0,,0
33,0.1111111111111111,0.2222222222222222,0.0,3.47,0.0,0.0,,0
33,0.1111111111111111,0.2222222222222222,0.0,3.48,0.0,0.0,,0
33,0.1111111111111111,0.2222222222222222,0.0,3.49,0.0,0.0,,0
33,0.1111111111111111,0.2222222222222222,0.0,3.5,0.0,0.0,,0
33,0.1111111111111111,0.2222222222222222,0.0,3.51,0.0,0.0,,0
33,0.1111111111111111,0.2222222222222222,0.0,3.52,0.0,0.0,,0
33,0.1111111111111111,0.2222222222222222,0.0,3.53,0.0,0.0,,0
33,0.1111111111111111,0.2222222222222222,0.0,3.54,0.0,0.0,,0
33,0.1111111111111111,0.2222222222222222,0.0,3.55,0.0,0.0,,0
33,0.1111111111111111,0.2222222222222222,0.0,3.56,0.0,0.0,,0
33,0.1111111111111111,0.2222222222222222,0.0,3.57,0.0,0.0,,0
33,0.1111111111111111,0.2222222222222222,0.0,3.58,0.0,0.0,,0
33,0.1111111111111111,0.2222222222222222,0.0,3.59,0.0,0.0,,0
33,0.1111111111111111,0.2222222222222222,0.0,3.6,0.0,0.0,,0
33,0.1111111111111111,0.2222222222222222,0.0,3.61,0.0,0.0,,0
33,0.1111111111111111,0.2222222222222222,0.0,3.62,0.0,0.0,,0
33,0.1111111111111111,0.2222222222222222,0.0,3.63,0.0,0.0,,0
33,0.1111111111111111,0.2222222222222222,0.0,3.64,0.0,0.0,,0
33,0.1111111111111111,0.2222222222222222,0.0,3.65,0.0,0.0,,0
33,0.1111111111111111,0.2222222222222222,0.0,3.66,0.0,0.0,,0
33,0.1111111111111111,0.2222222222222222,0.0,3.67,0.0,0.0,,0
33,0.1111111111111111,0.2222222222222222,0.0,3.68,0.0,0.0,,0
33,0.1111111111111111,0.2222222222222222,0.0,3.69,0.0,0.0,,0
33,0.1111111111111111,0.2222222222222222,0.0,3.7,0.0,0.0,,0
33,0.1111111111111111,0.2222222222222222,0.0,3.71,0.0,0.0,,0
33,0.1111111111111111,0.2222222222222222,0.0,3.72,0.0,0.0,,0
33,0.1111111111111111,0.2222222222222222,0.0,3.73,0.0,0.0,,0
33,0.1111111111111111,0.2222222222222222,0.0,3.74,0.0,0.0,,0
33,0.1111111111111111,0.2222222222222222,0.0,3.75,0.0,0.0,,0
33,0.1111111111111111,0.2222222222222222,0.0,3.76,0.0,0.0,,0
33,0.1111111111111111,0.2222222222222222,0.0,3.77,0.0,0.0,,0
33,0.1111111111111111,0.2222222222222222,0.0,3.78,0.0,0.0,,0
33,0.1111111111111111,0.2222222222222222,0.0,3.79,0.0,0.0,,0
33,0.1111111111111111,0.2222222222222222,0.0,3.8,0.0,0.0,,0
33,0.1111111111111111,0.2222222222222222,0.0,3.81,0.0,0.0,,0
33,0.1111111111111111,0.2222222222222222,0.0,3.82,0.0,0.0,,0
33,0.1111111111111111,0.2222222222222222,0.0,3.83,0.0,0.0,,0
33,0.1111111111111111,0.2222222222222222,0.0,3.84,0.0,0.0,,0
33,0.1111111111111111,0.2222222222222222,0.0,3.85,0.0,0.0,,0
33,0.1111111111111111,0.2222222222222222,0.0,3.86,0.0,0.0,,0
33,0.1111111111111111,0.2222222222222222,0.0,3.87,0.0,0.0,,0
33,0.1111111111111111,0.2222222222222222,0.0,3.88,0.0,0.0,,0
33,0.1111111111111111,0.2222222222222222,0.0,3.89,0.0,0.0,,0
33,0.1111111111111111,0.2222222222222222,0.0,3.9,0.0,0.0,,0
33,0.1111111111111111,0.2222222222222222,0.0,3.91,0.0,0.0,,0
33,0.1111111111111111,0.2222222222222222,0.0,3.92,0.0,0.0,,0
33,0.1111111111111111,0.2222222222222222,0.0,3.93,0.0,0.0,,0
33,0.1111111111111111,0.2222222222222222,0.0,3.94,0.0,0.0,,0
33,0.1111111111111111,0.2222222222222222,0.0,3.95,0.0,0.0,,0
33,0.1111111111111111,0.2222222222222222,0.0,3.96,0.0,0.0,,0
33,0.1111111111111111,0.2222222222222222,0.0,3.97,0.0,0.0,,0
33,0.1111111111111111,0.2222222222222222,0.0,3.98,0.0,0.0,,0
33,0.1111111111111111,0.2222222222222222,0.0,3.99,0.0,0.0,,0
33,0.1111111111111111,0.2222222222222222,0.0,4.0,0.0,0.0,,0
34,0.0833333333333333,0.1666666666666666,0.0,0.5,0.0,0.0,,0
34,0.0833333333333333,0.1666666666666666,0.0,0.51,0.0,0.0,,0
34,0.0833333333333333,0.1666666666666666,0.0,0.52,0.0,0.0,,0
34,0.0833333333333333,0.1666666666666666,0.0,0.53,0.0,0.0,,0
34,0.0833333333333333,0.1666666666666666,0.0,0.54,0.0,0.0,,0
34,0.0833333333333333,0.1666666666666666,0.0,0.55,0.0,0.0,,0
34,0.0833333333333333,0.1666666666666666,0.0,0.56,0.0,0.0,,0
34,0.0833333333333333,0.1666666666666666,0.0,0.57,0.0,0.0,,0
34,0.0833333333333333,0.1666666666666666,0.0,0.58,0.0,0.0,,0
34,0.0833333333333333,0.1666666666666666,0.0,0.59,0.0,0.0,,0
34,0.0833333333333333,0.1666666666666666,0.0,0.6,0.0,0.0,,0
34,0.0833333333333333,0.1666666666666666,0.0,0.61,0.0,0.0,,0
34,0.0833333333333333,0.1666666666666666,0.0,0.62,0.0,0.0,,0
34,0.0833333333333333,0.1666666666666666,0.0,0.63,0.0,0.0,,0
34,0.0833333333333333,0.1666666666666666,0.0,0.64,0.0,0.0,,0
34,0.0833333333333333,0.1666666666666666,0.0,0.65,0.0,0.0,,0
34,0.0833333333333333,0.1666666666666666,0.0,0.66,0.0,0.0,,0
34,0.0833333333333333,0.1666666666666666,0.0,0.67,0.0,0.0,,0
34,0.0833333333333333,0.1666666666666666,0.0,0.68,0.0,0.0,,0
34,0.0833333333333333,0.1666666666666666,0.0,0.69,0.0,0.0,,0
34,0.0833333333333333,0.1666666666666666,0.0,0.7,0.0,0.0,,0
34,0.0833333333333333,0.1666666666666666,0.0,0.71,0.0,0.0,,0
34,0.0833333333333333,0.1666666666666666,0.0,0.72,0.0,0.0,,0
34,0.0833333333333333,0.1666666666666666,0.0,0.73,0.0,0.0,,0
34,0.0833333333333333,0.1666666666666666,0.0,0.74,0.0,0.0,,0
34,0.0833333333333333,0.1666666666666666,0.0,0.75,0.0,0.0,,0
34,0.0833333333333333,0.1666666666666666,0.0,0.76,0.0,0.0,,0
34,0.0833333333333333,0.1666666666666666,0.0,0.77,0.0,0.0,,0
34,0.0833333333333333,0.1666666666666666,0.0,0.78,0.0,0.0,,0
34,0.0833333333333333,0.1666666666666666,0.0,0.79,0.0,0.0,,0
34,0.0833333333333333,0.1666666666666666,0.0,0.8,0.0,0.0,,0
34,0.0833333333333333,0.1666666666666666,0.0,0.81,0.0,0.0,,0
34,0.0833333333333333,0.1666666666666666,0.0,0.82,0.0,0.0,,0
34,0.0833333333333333,0.1666666666666666,0.0,0.83,0.0,0.0,,0
34,0.0833333333333333,0.1666666666666666,0.0,0.84,0.0,0.0,,0
34,0.0833333333333333,0.1666666666666666,0.0,0.85,0.0,0.0,,0
34,0.0833333333333333,0.1666666666666666,0.0,0.86,0.0,0.0,,0
34,0.0833333333333333,0.1666666666666666,0.0,0.87,0.0,0.0,,0
34,0.0833333333333333,0.1666666666666666,0.0,0.88,0.0,0.0,,0
34,0.0833333333333333,0.1666666666666666,0.0,0.89,0.0,0.0,,0
34,0.0833333333333333,0.1666666666666666,0.0,0.9,0.0,0.0,,0
34,0.0833333333333333,0.1666666666666666,0.0,0.91,0.0,0.0,,0
34,0.0833333333333333,0.1666666666666666,0.0,0.92,0.0,0.0,,0
34,0.0833333333333333,0.1666666666666666,0.0,0.93,0.0,0.0,,0
34,0.0833333333333333,0.1666666666666666,0.0,0.94,0.0,0.0,,0
34,0.0833333333333333,0.1666666666666666,0.0,0.95,0.0,0.0,,0
34,0.0833333333333333,0.1666666666666666,0.0,0.96,0.0,0.0,,0
34,0.0833333333333333,0.1666666666666666,0.0,0.97,0.0,0.0,,0
34,0.0833333333333333,0.1666666666666666,0.0,0.98,0.0,0.0,,0
34,0.0833333333333333,0.1666666666666666,0.0,0.99,0.0,0.0,,0
34,0.0833333333333333,0.1666666666666666,0.0,1.0,0.0,0.0,,0
34,0.0833333333333333,0.1666666666666666,0.0,1.01,0.0,0.0,,0
34,0.0833333333333333,0.1666666666666666,0.0,1.02,0.0,0.0,,0
34,0.0833333333333333,0.1666666666666666,0.0,1.03,0.0,0.0,,0
34,0.0833333333333333,0.1666666666666666,0.0,1.04,0.0,0.0,,0
34,0.0833333333333333,0.1666666666666666,0.0,1.05,0.0,0.0,,0
34,0.0833333333333333,0.1666666666666666,0.0,1.06,0.0,0.0,,0
34,0.0833333333333333,0.1666666666666666,0.0,1.07,0.0,0.0,,0
34,0.0833333333333333,0.1666666666666666,0.0,1.08,0.0,0.0,,0
34,0.0833333333333333,0.1666666666666666,0.0,1.09,0.0,0.0,,0
34,0.0833333333333333,0.1666666666666666,0.0,1.1,0.0,0.0,,0
34,0.0833333333333333,0.1666666666666666,0.0,1.11,0.0,0.0,,0
34,0.0833333333333333,0.1666666666666666,0.0,1.12,0.0,0.0,,0
34,0.0833333333333333,0.1666666666666666,0.0,1.13,0.0,0.0,,0
34,0.0833333333333333,0.1666666666666666,0.0,1.14,0.0,0.0,,0
34,0.0833333333333333,0.1666666666666666,0.0,1.15,0.0,0.0,,0
34,0.0833333333333333,0.1666666666666666,0.0,1.16,0.0,0.0,,0
34,0.0833333333333333,0.1666666666666666,0.0,1.17,0.0,0.0,,0
34,0.0833333333333333,0.1666666666666666,0.0,1.18,0.0,0.0,,0
34,0.0833333333333333,0.1666666666666666,0.0,1.19,0.0,0.0,,0
34,0.0833333333333333,0.1666666666666666,0.0,1.2,0.0,0.0,,0
34,0.0833333333333333,0.1666666666666666,0.0,1.21,0.0,0.0,,0
34,0.0833333333333333,0.1666666666666666,0.0,1.22,0.0,0.0,,0
34,0.0833333333333333,0.1666666666666666,0.0,1.23,0.0,0.0,,0
34,0.0833333333333333,0.1666666666666666,0.0,1.24,0.0,0.0,,0
34,0.0833333333333333,0.1666666666666666,0.0,1.25,0.0,0.0,,0
34,0.0833333333333333,0.1666666666666666,0.0,1.26,0.0,0.0,,0
34,0.0833333333333333,0.1666666666666666,0.0,1.27,0.0,0.0,,0
34,0.0833333333333333,0.1666666666666666,0.0,1.28,0.0,0.0,,0
34,0.0833333333333333,0.1666666666666666,0.0,1.29,0.0,0.0,,0
34,0.0833333333333333,0.1666666666666666,0.0,1.3,0.0,0.0,,0
34,0.0833333333333333,0.1666666666666666,0.0,1.31,0.0,0.0,,0
34,0.0833333333333333,0.1666666666666666,0.0,1.32,0.0,0.0,,0
34,0.0833333333333333,0.1666666666666666,0.0,1.33,0.0,0.0,,0
34,0.0833333333333333,0.1666666666666666,0.0,1.34,0.0,0.0,,0
34,0.0833333333333333,0.1666666666666666,0.0,1.35,0.0,0.0,,0
34,0.0833333333333333,0.1666666666666666,0.0,1.36,0.0,0.0,,0
34,0.0833333333333333,0.1666666666666666,0.0,1.37,0.0,0.0,,0
34,0.0833333333333333,0.1666666666666666,0.0,1.38,0.0,0.0,,0
34,0.0833333333333333,0.1666666666666666,0.0,1.39,0.0,0.0,,0
34,0.0833333333333333,0.1666666666666666,0.0,1.4,0.0,0.0,,0
34,0.0833333333333333,0.1666666666666666,0.0,1.41,0.0,0.0,,0
34,0.0833333333333333,0.1666666666666666,0.0,1.42,0.0,0.0,,0
34,0.0833333333333333,0.1666666666666666,0.0,1.43,0.0,0.0,,0
34,0.0833333333333333,0.1666666666666666,0.0,1.44,0.0,0.0,,0
34,0.0833333333333333,0.1666666666666666,0.0,1.45,0.0,0.0,,0
34,0.0833333333333333,0.1666666666666666,0.0,1.46,0.0,0.0,,0
34,0.0833333333333333,0.1666666666666666,0.0,1.47,0.0,0.0,,0
34,0.0833333333333333,0.1666666666666666,0.0,1.48,0.0,0.0,,0
34,0.0833333333333333,0.1666666666666666,0.0,1.49,0.0,0.0,,0
34,0.0833333333333333,0.1666666666666666,0.0,1.5,0.0,0.0,,0
34,0.0833333333333333,0.1666666666666666,0.0,1.51,0.0,0.0,,0
34,0.0833333333333333,0.1666666666666666,0.0,1.52,0.0,0.0,,0
34,0.0833333333333333,0.1666666666666666,0.0,1.53,0.0,0.0,,0
34,0.0833333333333333,0.1666666666666666,0.0,1.54,0.0,0.0,,0
34,0.0833333333333333,0.1666666666666666,0.0,1.55,0.0,0.0,,0
34,0.0833333333333333,0.1666666666666666,0.0,1.56,0.0,0.0,,0
34,0.0833333333333333,0.1666666666666666,0.0,1.57,0.0,0.0,,0
34,0.0833333333333333,0.1666666666666666,0.0,1.58,0.0,0.0,,0
34,0.0833333333333333,0.1666666666666666,0.0,1.59,0.0,0.0,,0
34,0.0833333333333333,0.1666666666666666,0.0,1.6,0.0,0.0,,0
34,0.0833333333333333,0.1666666666666666,0.0,1.61,0.0,0.0,,0
34,0.0833333333333333,0.1666666666666666,0.0,1.62,0.0,0.0,,0
34,0.0833333333333333,0.1666666666666666,0.0,1.63,0.0,0.0,,0
34,0.0833333333333333,0.1666666666666666,0.0,1.64,0.0,0.0,,0
34,0.0833333333333333,0.1666666666666666,0.0,1.65,0.0,0.0,,0
34,0.0833333333333333,0.1666666666666666,0.0,1.66,0.0,0.0,,0
34,0.0833333333333333,0.1666666666666666,0.0,1.67,0.0,0.0,,0
34,0.0833333333333333,0.1666666666666666,0.0,1.68,0.0,0.0,,0
34,0.0833333333333333,0.1666666666666666,0.0,1.69,0.0,0.0,,0
34,0.0833333333333333,0.1666666666666666,0.0,1.7,0.0,0.0,,0
34,0.0833333333333333,0.1666666666666666,0.0,1.71,0.0,0.0,,0
34,0.0833333333333333,0.1666666666666666,0.0,1.72,0.0,0.0,,0
34,0.0833333333333333,0.1666666666666666,0.0,1.73,0.0,0.0,,0
34,0.0833333333333333,0.1666666666666666,0.0,1.74,0.0,0.0,,0
34,0.0833333333333333,0.1666666666666666,0.0,1.75,0.0,0.0,,0
34,0.0833333333333333,0.1666666666666666,0.0,1.76,0.0,0.0,,0
34,0.0833333333333333,0.1666666666666666,0.0,1.77,0.0,0.0,,0
34,0.0833333333333333,0.1666666666666666,0.0,1.78,0.0,0.0,,0
34,0.0833333333333333,0.1666666666666666,0.0,1.79,0.0,0.0,,0
34,0.0833333333333333,0.1666666666666666,0.0,1.8,0.0,0.0,,0
34,0.0833333333333333,0.1666666666666666,0.0,1.81,0.0,0.0,,0
34,0.0833333333333333,0.1666666666666666,0.0,1.82,0.0,0.0,,0
34,0.0833333333333333,0.1666666666666666,0.0,1.83,0.0,0.0,,0
34,0.0833333333333333,0.1666666666666666,0.0,1.84,0.0,0.0,,0
34,0.0833333333333333,0.1666666666666666,0.0,1.85,0.0,0.0,,0
34,0.0833333333333333,0.1666666666666666,0.0,1.86,0.0,0.0,,0
34,0.0833333333333333,0.1666666666666666,0.0,1.87,0.0,0.0,,0
34,0.0833333333333333,0.1666666666666666,0.0,1.88,0.0,0.0,,0
34,0.0833333333333333,0.1666666666666666,0.0,1.89,0.0,0.0,,0
34,0.0833333333333333,0.1666666666666666,0.0,1.9,0.0,0.0,,0
34,0.0833333333333333,0.1666666666666666,0.0,1.91,0.0,0.0,,0
34,0.0833333333333333,0.1666666666666666,0.0,1.92,0.0,0.0,,0
34,0.0833333333333333,0.1666666666666666,0.0,1.93,0.0,0.0,,0
34,0.0833333333333333,0.1666666666666666,0.0,1.94,0.0,0.0,,0
34,0.0833333333333333,0.1666666666666666,0.0,1.95,0.0,0.0,,0
34,0.0833333333333333,0.1666666666666666,0.0,1.96,0.0,0.0,,0
34,0.0833333333333333,0.1666666666666666,0.0,1.97,0.0,0.0,,0
34,0.0833333333333333,0.1666666666666666,0.0,1.98,0.0,0.0,,0
34,0.0833333333333333,0.1666666666666666,0.0,1.99,0.0,0.0,,0
34,0.0833333333333333,0.1666666666666666,0.0,2.0,0.0,0.0,,0
34,0.0833333333333333,0.1666666666666666,0.0,2.01,0.0,0.0,,0
34,0.0833333333333333,0.1666666666666666,0.0,2.02,0.0,0.0,,0
34,0.0833333333333333,0.1666666666666666,0.0,2.03,0.0,0.0,,0
34,0.0833333333333333,0.1666666666666666,0.0,2.04,0.0,0.0,,0
34,0.0833333333333333,0.1666666666666666,0.0,2.05,0.0,0.0,,0
34,0.0833333333333333,0.1666666666666666,0.0,2.06,0.0,0.0,,0
34,0.0833333333333333,0.1666666666666666,0.0,2.07,0.0,0.0,,0
34,0.0833333333333333,0.1666666666666666,0.0,2.08,0.0,0.0,,0
34,0.0833333333333333,0.1666666666666666,0.0,2.09,0.0,0.0,,0
34,0.0833333333333333,0.1666666666666666,0.0,2.1,0.0,0.0,,0
34,0.0833333333333333,0.1666666666666666,0.0,2.11,0.0,0.0,,0
34,0.0833333333333333,0.1666666666666666,0.0,2.12,0.0,0.0,,0
34,0.0833333333333333,0.1666666666666666,0.0,2.13,0.0,0.0,,0
34,0.0833333333333333,0.1666666666666666,0.0,2.14,0.0,0.0,,0
34,0.0833333333333333,0.1666666666666666,0.0,2.15,0.0001,0.0001,0.0,1
34,0.0833333333333333,0.1666666666666666,0.0,2.16,0.0001,0.0001,0.0,1
34,0.0833333333333333,0.1666666666666666,0.0,2.17,0.0002,0.0002,0.0,1
34,0.0833333333333333,0.1666666666666666,0.0,2.18,0.0004,0.0004,0.0,1
34,0.0833333333333333,0.1666666666666666,0.0,2.19,0.0006,0.0006,0.0,1
34,0.0833333333333333,0.1666666666666666,0.0,2.2,0.0009,0.0009,0.0,1
34,0.0833333333333333,0.1666666666666666,0.0,2.21,0.0014,0.0014,0.0,1
34,0.0833333333333333,0.1666666666666666,0.0,2.22,0.0019,0.0019,0.0,1
34,0.0833333333333333,0.1666666666666666,0.0,2.23,0.0026,0.0026,0.0,1
34,0.0833333333333333,0.1666666666666666,0.0,2.24,0.0034,0.0034,0.0,1
34,0.0833333333333333,0.1666666666666666,0.0,2.25,0.0042,0.0042,0.0,1
34,0.0833333333333333,0.1666666666666666,0.0,2.26,0.005,0.005,0.0,1
34,0.0833333333333333,0.1666666666666666,0.0,2.27,0.0057,0.0057,0.0,1
34,0.0833333333333333,0.1666666666666666,0.0,2.28,0.0063,0.0063,0.0,1
34,0.0833333333333333,0.1666666666666666,0.0,2.29,0.0066,0.0066,0.0,1
34,0.0833333333333333,0.1666666666666666,0.0,2.3,0.0068,0.0068,0.0,1
34,0.0833333333333333,0.1666666666666666,0.0,2.31,0.0067,0.0067,0.0,1
34,0.0833333333333333,0.1666666666666666,0.0,2.32,0.0063,0.0063,0.0,1
34,0.0833333333333333,0.1666666666666666,0.0,2.33,0.0058,0.0058,0.0,1
34,0.0833333333333333,0.1666666666666666,0.0,2.34,0.0053,0.0053,0.0,1
34,0.0833333333333333,0.1666666666666666,0.0,2.35,0.0047,0.0047,0.0,1
34,0.0833333333333333,0.1666666666666666,0.0,2.36,0.0043,0.0043,0.0,1
34,0.0833333333333333,0.1666666666666666,0.0,2.37,0.0041,0.0041,0.0,1
34,0.0833333333333333,0.1666666666666666,0.0,2.38,0.004,0.004,0.0,1
34,0.0833333333333333,0.1666666666666666,0.0,2.39,0.0042,0.0042,0.0,1
34,0.0833333333333333,0.1666666666666666,0.0,2.4,0.0046,0.0046,0.0,1
34,0.0833333333333333,0.1666666666666666,0.0,2.41,0.0051,0.0051,0.0,1
34,0.0833333333333333,0.1666666666666666,0.0,2.42,0.0056,0.0056,0.0,1
34,0.0833333333333333,0.1666666666666666,0.0,2.43,0.0061,0.0061,0.0,1
34,0.0833333333333333,0.1666666666666666,0.0,2.44,0.0065,0.0065,0.0,1
34,0.0833333333333333,0.1666666666666666,0.0,2.45,0.0067,0.0067,0.0,1
34,0.0833333333333333,0.1666666666666666,0.0,2.46,0.0066,0.0066,0.0,1
34,0.0833333333333333,0.1666666666666666,0.0,2.47,0.0063,0.0063,0.0,1
34,0.0833333333333333,0.1666666666666666,0.0,2.48,0.0058,0.0058,0.0,1
34,0.0833333333333333,0.1666666666666666,0.0,2.49,0.0052,0.0052,0.0,1
34,0.0833333333333333,0.1666666666666666,0.0,2.5,0.0045,0.0045,0.0,1
34,0.0833333333333333,0.1666666666666666,0.0,2.51,0.0038,0.0038,0.0,1
34,0.0833333333333333,0.1666666666666666,0.0,2.52,0.0033,0.0033,0.0,1
34,0.0833333333333333,0.1666666666666666,0.0,2.53,0.0029,0.0029,0.0,1
34,0.0833333333333333,0.1666666666666666,0.0,2.54,0.0028,0.0028,0.0,1
34,0.0833333333333333,0.1666666666666666,0.0,2.55,0.0029,0.0029,0.0,1
34,0.0833333333333333,0.1666666666666666,0.0,2.56,0.0033,0.0033,0.0,1
34,0.0833333333333333,0.1666666666666666,0.0,2.57,0.004,0.004,0.0,1
34,0.0833333333333333,0.1666666666666666,0.0,2.58,0.0048,0.0048,0.0,1
34,0.0833333333333333,0.1666666666666666,0.0,2.59,0.0058,0.0058,0.0,1
34,0.0833333333333333,0.1666666666666666,0.0,2.6,0.0068,0.0068,0.0,1
34,0.0833333333333333,0.1666666666666666,0.0,2.61,0.0078,0.0078,0.0,1
34,0.0833333333333333,0.1666666666666666,0.0,2.62,0.0085,0.0085,0.0,1
34,0.0833333333333333,0.1666666666666666,0.0,2.63,0.009,0.009,0.0,1
34,0.0833333333333333,0.1666666666666666,0.0,2.64,0.0092,0.0092,0.0,1
34,0.0833333333333333,0.1666666666666666,0.0,2.65,0.009,0.009,0.0,1
34,0.0833333333333333,0.1666666666666666,0.0,2.66,0.0085,0.0085,0.0,1
34,0.0833333333333333,0.1666666666666666,0.0,2.67,0.0077,0.0077,0.0,1
34,0.0833333333333333,0.1666666666666666,0.0,2.68,0.0067,0.0067,0.0,1
34,0.0833333333333333,0.1666666666666666,0.0,2.69,0.0057,0.0057,0.0,1
34,0.0833333333333333,0.1666666666666666,0.0,2.7,0.0047,0.0047,0.0,1
34,0.0833333333333333,0.1666666666666666,0.0,2.71,0.0039,0.0039,0.0,1
34,0.0833333333333333,0.1666666666666666,0.0,2.72,0.0032,0.0032,0.0,1
34,0.0833333333333333,0.1666666666666666,0.0,2.73,0.0026,0.0026,0.0,1
34,0.0833333333333333,0.1666666666666666,0.0,2.74,0.0023,0.0023,0.0,1
34,0.0833333333333333,0.1666666666666666,0.0,2.75,0.0021,0.0021,0.0,1
34,0.0833333333333333,0.1666666666666666,0.0,2.76,0.0021,0.0021,0.0,1
34,0.0833333333333333,0.1666666666666666,0.0,2.77,0.0021,0.0021,0.0,1
34,0.0833333333333333,0.1666666666666666,0.0,2.78,0.0021,0.0021,0.0,1
34,0.0833333333333333,0.1666666666666666,0.0,2.79,0.0021,0.0021,0.0,1
34,0.0833333333333333,0.1666666666666666,0.0,2.8,0.002,0.002,0.0,1
34,0.0833333333333333,0.1666666666666666,0.0,2.81,0.0019,0.0019,0.0,1
34,0.0833333333333333,0.1666666666666666,0.0,2.82,0.0018,0.0018,0.0,1
34,0.0833333333333333,0.1666666666666666,0.0,2.83,0.0016,0.0016,0.0,1
34,0.0833333333333333,0.1666666666666666,0.0,2.84,0.0013,0.0013,0.0,1
34,0.0833333333333333,0.1666666666666666,0.0,2.85,0.0011,0.0011,0.0,1
34,0.0833333333333333,0.1666666666666666,0.0,2.86,0.0008,0.0008,0.0,1
34,0.0833333333333333,0.1666666666666666,0.0,2.87,0.0006,0.0006,0.0,1
34,0.0833333333333333,0.1666666666666666,0.0,2.88,0.0005,0.0005,0.0,1
34,0.0833333333333333,0.1666666666666666,0.0,2.89,0.0003,0.0003,0.0,1
34,0.0833333333333333,0.1666666666666666,0.0,2.9,0.0002,0.0002,0.0,1
34,0.0833333333333333,0.1666666666666666,0.0,2.91,0.0001,0.0001,0.0,1
34,0.0833333333333333,0.1666666666666666,0.0,2.92,0.0001,0.0001,0.0,1
34,0.0833333333333333,0.1666666666666666,0.0,2.93,0.0001,0.0001,0.0,1
34,0.0833333333333333,0.1666666666666666,0.0,2.94,0.0,0.0,,0
34,0.0833333333333333,0.1666666666666666,0.0,2.95,0.0,0.0,,0
34,0.0833333333333333,0.1666666666666666,0.0,2.96,0.0,0.0,,0
34,0.0833333333333333,0.1666666666666666,0.0,2.97,0.0001,0.0001,0.0,1
34,0.0833333333333333,0.1666666666666666,0.0,2.98,0.0001,0.0001,0.0,1
34,0.0833333333333333,0.1666666666666666,0.0,2.99,0.0001,0.0001,0.0,1
34,0.0833333333333333,0.1666666666666666,0.0,3.0,0.0001,0.0001,0.0,1
34,0.0833333333333333,0.1666666666666666,0.0,3.01,0.0001,0.0001,0.0,1
34,0.0833333333333333,0.1666666666666666,0.0,3.02,0.0001,0.0001,0.0,1
34,0.0833333333333333,0.1666666666666666,0.0,3.03,0.0001,0.0001,0.0,1
34,0.0833333333333333,0.1666666666666666,0.0,3.04,0.0002,0.0002,0.0,1
34,0.0833333333333333,0.1666666666666666,0.0,3.05,0.0002,0.0002,0.0,1
34,0.0833333333333333,0.1666666666666666,0.0,3.06,0.0002,0.0002,0.0,1
34,0.0833333333333333,0.1666666666666666,0.0,3.07,0.0003,0.0003,0.0,1
34,0.0833333333333333,0.1666666666666666,0.0,3.08,0.0004,0.0004,0.0,1
34,0.0833333333333333,0.1666666666666666,0.0,3.09,0.0005,0.0005,0.0,1
34,0.0833333333333333,0.1666666666666666,0.0,3.1,0.0007,0.0007,0.0,1
34,0.0833333333333333,0.1666666666666666,0.0,3.11,0.001,0.001,0.0,1
34,0.0833333333333333,0.1666666666666666,0.0,3.12,0.0013,0.0013,0.0,1
34,0.0833333333333333,0.1666666666666666,0.0,3.13,0.0017,0.0017,0.0,1
34,0.0833333333333333,0.1666666666666666,0.0,3.14,0.0021,0.0021,0.0,1
34,0.0833333333333333,0.1666666666666666,0.0,3.15,0.0024,0.0024,0.0,1
34,0.0833333333333333,0.1666666666666666,0.0,3.16,0.0028,0.0028,0.0,1
34,0.0833333333333333,0.1666666666666666,0.0,3.17,0.003,0.003,0.0,1
34,0.0833333333333333,0.1666666666666666,0.0,3.18,0.0032,0.0032,0.0,1
34,0.0833333333333333,0.1666666666666666,0.0,3.19,0.0032,0.0032,0.0,1
34,0.0833333333333333,0.1666666666666666,0.0,3.2,0.0031,0.0031,0.0,1
34,0.0833333333333333,0.1666666666666666,0.0,3.21,0.0029,0.0029,0.0,1
34,0.0833333333333333,0.1666666666666666,0.0,3.22,0.0026,0.0026,0.0,1
34,0.0833333333333333,0.1666666666666666,0.0,3.23,0.0022,0.0022,0.0,1
34,0.0833333333333333,0.1666666666666666,0.0,3.24,0.0019,0.0019,0.0,1
34,0.0833333333333333,0.1666666666666666,0.0,3.25,0.0015,0.0015,0.0,1
34,0.0833333333333333,0.1666666666666666,0.0,3.26,0.0011,0.0011,0.0,1
34,0.0833333333333333,0.1666666666666666,0.0,3.27,0.0009,0.0009,0.0,1
34,0.0833333333333333,0.1666666666666666,0.0,3.28,0.0006,0.0006,0.0,1
34,0.0833333333333333,0.1666666666666666,0.0,3.29,0.0005,0.0005,0.0,1
34,0.0833333333333333,0.1666666666666666,0.0,3.3,0.0003,0.0003,0.0,1
34,0.0833333333333333,0.1666666666666666,0.0,3.31,0.0003,0.0003,0.0,1
34,0.0833333333333333,0.1666666666666666,0.0,3.32,0.0002,0.0002,0.0,1
34,0.0833333333333333,0.1666666666666666,0.0,3.33,0.0002,0.0002,0.0,1
34,0.0833333333333333,0.1666666666666666,0.0,3.34,0.0002,0.0002,0.0,1
34,0.0833333333333333,0.1666666666666666,0.0,3.35,0.0002,0.0002,0.0,1
34,0.0833333333333333,0.1666666666666666,0.0,3.36,0.0002,0.0002,0.0,1
34,0.0833333333333333,0.1666666666666666,0.0,3.37,0.0002,0.0002,0.0,1
34,0.0833333333333333,0.1666666666666666,0.0,3.38,0.0002,0.0002,0.0,1
34,0.0833333333333333,0.1666666666666666,0.0,3.39,0.0003,0.0003,0.0,1
34,0.0833333333333333,0.1666666666666666,0.0,3.4,0.0004,0.0004,0.0,1
34,0.0833333333333333,0.1666666666666666,0.0,3.41,0.0005,0.0005,0.0,1
34,0.0833333333333333,0.1666666666666666,0.0,3.42,0.0006,0.0006,0.0,1
34,0.0833333333333333,0.1666666666666666,0.0,3.43,0.0008,0.0008,0.0,1
34,0.0833333333333333,0.1666666666666666,0.0,3.44,0.0011,0.0011,0.0,1
34,0.0833333333333333,0.1666666666666666,0.0,3.45,0.0014,0.0014,0.0,1
34,0.0833333333333333,0.1666666666666666,0.0,3.46,0.0018,0.0018,0.0,1
34,0.0833333333333333,0.1666666666666666,0.0,3.47,0.0022,0.0022,0.0,1
34,0.0833333333333333,0.1666666666666666,0.0,3.48,0.0025,0.0025,0.0,1
34,0.0833333333333333,0.1666666666666666,0.0,3.49,0.0028,0.0028,0.0,1
34,0.0833333333333333,0.1666666666666666,0.0,3.5,0.0031,0.0031,0.0,1
34,0.0833333333333333,0.1666666666666666,0.0,3.51,0.0032,0.0032,0.0,1
34,0.0833333333333333,0.1666666666666666,0.0,3.52,0.0032,0.0032,0.0,1
34,0.0833333333333333,0.1666666666666666,0.0,3.53,0.003,0.003,0.0,1
34,0.0833333333333333,0.1666666666666666,0.0,3.54,0.0028,0.0028,0.0,1
34,0.0833333333333333,0.1666666666666666,0.0,3.55,0.0025,0.0025,0.0,1
34,0.0833333333333333,0.1666666666666666,0.0,3.56,0.0021,0.0021,0.0,1
34,0.0833333333333333,0.1666666666666666,0.0,3.57,0.0017,0.0017,0.0,1
34,0.0833333333333333,0.1666666666666666,0.0,3.58,0.0013,0.0013,0.0,1
34,0.0833333333333333,0.1666666666666666,0.0,3.59,0.001,0.001,0.0,1
34,0.0833333333333333,0.1666666666666666,0.0,3.6,0.0007,0.0007,0.0,1
34,0.0833333333333333,0.1666666666666666,0.0,3.61,0.0005,0.0005,0.0,1
34,0.0833333333333333,0.1666666666666666,0.0,3.62,0.0003,0.0003,0.0,1
34,0.0833333333333333,0.1666666666666666,0.0,3.63,0.0002,0.0002,0.0,1
34,0.0833333333333333,0.1666666666666666,0.0,3.64,0.0001,0.0001,0.0,1
34,0.0833333333333333,0.1666666666666666,0.0,3.65,0.0001,0.0001,0.0,1
34,0.0833333333333333,0.1666666666666666,0.0,3.66,0.0,0.0,,0
34,0.0833333333333333,0.1666666666666666,0.0,3.67,0.0,0.0,,0
34,0.0833333333333333,0.1666666666666666,0.0,3.68,0.0,0.0,,0
34,0.0833333333333333,0.1666666666666666,0.0,3.69,0.0,0.0,,0
34,0.0833333333333333,0.1666666666666666,0.0,3.7,0.0,0.0,,0
34,0.0833333333333333,0.1666666666666666,0.0,3.71,0.0,0.0,,0
34,0.0833333333333333,0.1666666666666666,0.0,3.72,0.0,0.0,,0
34,0.0833333333333333,0.1666666666666666,0.0,3.73,0.0,0.0,,0
34,0.0833333333333333,0.1666666666666666,0.0,3.74,0.0,0.0,,0
34,0.0833333333333333,0.1666666666666666,0.0,3.75,0.0,0.0,,0
34,0.0833333333333333,0.1666666666666666,0.0,3.76,0.0,0.0,,0
34,0.0833333333333333,0.1666666666666666,0.0,3.77,0.0,0.0,,0
34,0.0833333333333333,0.1666666666666666,0.0,3.78,0.0,0.0,,0
34,0.0833333333333333,0.1666666666666666,0.0,3.79,0.0,0.0,,0
34,0.0833333333333333,0.1666666666666666,0.0,3.8,0.0,0.0,,0
34,0.0833333333333333,0.1666666666666666,0.0,3.81,0.0,0.0,,0
34,0.0833333333333333,0.1666666666666666,0.0,3.82,0.0,0.0,,0
34,0.0833333333333333,0.1666666666666666,0.0,3.83,0.0,0.0,,0
34,0.0833333333333333,0.1666666666666666,0.0,3.84,0.0,0.0,,0
34,0.0833333333333333,0.1666666666666666,0.0,3.85,0.0,0.0,,0
34,0.0833333333333333,0.1666666666666666,0.0,3.86,0.0,0.0,,0
34,0.0833333333333333,0.1666666666666666,0.0,3.87,0.0,0.0,,0
34,0.0833333333333333,0.1666666666666666,0.0,3.88,0.0,0.0,,0
34,0.0833333333333333,0.1666666666666666,0.0,3.89,0.0,0.0,,0
34,0.0833333333333333,0.1666666666666666,0.0,3.9,0.0,0.0,,0
34,0.0833333333333333,0.1666666666666666,0.0,3.91,0.0,0.0,,0
34,0.0833333333333333,0.1666666666666666,0.0,3.92,0.0,0.0,,0
34,0.0833333333333333,0.1666666666666666,0.0,3.93,0.0,0.0,,0
34,0.0833333333333333,0.1666666666666666,0.0,3.94,0.0,0.0,,0
34,0.0833333333333333,0.1666666666666666,0.0,3.95,0.0,0.0,,0
34,0.0833333333333333,0.1666666666666666,0.0,3.96,0.0,0.0,,0
34,0.0833333333333333,0.1666666666666666,0.0,3.97,0.0,0.0,,0
34,0.0833333333333333,0.1666666666666666,0.0,3.98,0.0,0.0,,0
34,0.0833333333333333,0.1666666666666666,0.0,3.99,0.0,0.0,,0
34,0.0833333333333333,0.1666666666666666,0.0,4.0,0.0,0.0,,0
35,0.0555555555555555,0.111111111111111,0.0,0.5,0.0,0.0,,0
35,0.0555555555555555,0.111111111111111,0.0,0.51,0.0,0.0,,0
35,0.0555555555555555,0.111111111111111,0.0,0.52,0.0,0.0,,0
35,0.0555555555555555,0.111111111111111,0.0,0.53,0.0,0.0,,0
35,0.0555555555555555,0.111111111111111,0.0,0.54,0.0,0.0,,0
35,0.0555555555555555,0.111111111111111,0.0,0.55,0.0,0.0,,0
35,0.0555555555555555,0.111111111111111,0.0,0.56,0.0,0.0,,0
35,0.0555555555555555,0.111111111111111,0.0,0.57,0.0,0.0,,0
35,0.0555555555555555,0.111111111111111,0.0,0.58,0.0,0.0,,0
35,0.0555555555555555,0.111111111111111,0.0,0.59,0.0,0.0,,0
35,0.0555555555555555,0.111111111111111,0.0,0.6,0.0,0.0,,0
35,0.0555555555555555,0.111111111111111,0.0,0.61,0.0,0.0,,0
35,0.0555555555555555,0.111111111111111,0.0,0.62,0.0,0.0,,0
35,0.0555555555555555,0.111111111111111,0.0,0.63,0.0,0.0,,0
35,0.0555555555555555,0.111111111111111,0.0,0.64,0.0,0.0,,0
35,0.0555555555555555,0.111111111111111,0.0,0.65,0.0,0.0,,0
35,0.0555555555555555,0.111111111111111,0.0,0.66,0.0,0.0,,0
35,0.0555555555555555,0.111111111111111,0.0,0.67,0.0,0.0,,0
35,0.0555555555555555,0.111111111111111,0.0,0.68,0.0,0.0,,0
35,0.0555555555555555,0.111111111111111,0.0,0.69,0.0,0.0,,0
35,0.0555555555555555,0.111111111111111,0.0,0.7,0.0,0.0,,0
35,0.0555555555555555,0.111111111111111,0.0,0.71,0.0,0.0,,0
35,0.0555555555555555,0.111111111111111,0.0,0.72,0.0,0.0,,0
35,0.0555555555555555,0.111111111111111,0.0,0.73,0.0,0.0,,0
35,0.0555555555555555,0.111111111111111,0.0,0.74,0.0,0.0,,0
35,0.0555555555555555,0.111111111111111,0.0,0.75,0.0,0.0,,0
35,0.0555555555555555,0.111111111111111,0.0,0.76,0.0,0.0,,0
35,0.0555555555555555,0.111111111111111,0.0,0.77,0.0,0.0,,0
35,0.0555555555555555,0.111111111111111,0.0,0.78,0.0,0.0,,0
35,0.0555555555555555,0.111111111111111,0.0,0.79,0.0,0.0,,0
35,0.0555555555555555,0.111111111111111,0.0,0.8,0.0,0.0,,0
35,0.0555555555555555,0.111111111111111,0.0,0.81,0.0,0.0,,0
35,0.0555555555555555,0.111111111111111,0.0,0.82,0.0,0.0,,0
35,0.0555555555555555,0.111111111111111,0.0,0.83,0.0,0.0,,0
35,0.0555555555555555,0.111111111111111,0.0,0.84,0.0,0.0,,0
35,0.0555555555555555,0.111111111111111,0.0,0.85,0.0,0.0,,0
35,0.0555555555555555,0.111111111111111,0.0,0.86,0.0,0.0,,0
35,0.0555555555555555,0.111111111111111,0.0,0.87,0.0,0.0,,0
35,0.0555555555555555,0.111111111111111,0.0,0.88,0.0,0.0,,0
35,0.0555555555555555,0.111111111111111,0.0,0.89,0.0,0.0,,0
35,0.0555555555555555,0.111111111111111,0.0,0.9,0.0,0.0,,0
35,0.0555555555555555,0.111111111111111,0.0,0.91,0.0,0.0,,0
35,0.0555555555555555,0.111111111111111,0.0,0.92,0.0,0.0,,0
35,0.0555555555555555,0.111111111111111,0.0,0.93,0.0,0.0,,0
35,0.0555555555555555,0.111111111111111,0.0,0.94,0.0,0.0,,0
35,0.0555555555555555,0.111111111111111,0.0,0.95,0.0,0.0,,0
35,0.0555555555555555,0.111111111111111,0.0,0.96,0.0,0.0,,0
35,0.0555555555555555,0.111111111111111,0.0,0.97,0.0,0.0,,0
35,0.0555555555555555,0.111111111111111,0.0,0.98,0.0,0.0,,0
35,0.0555555555555555,0.111111111111111,0.0,0.99,0.0,0.0,,0
35,0.0555555555555555,0.111111111111111,0.0,1.0,0.0,0.0,,0
35,0.0555555555555555,0.111111111111111,0.0,1.01,0.0,0.0,,0
35,0.0555555555555555,0.111111111111111,0.0,1.02,0.0,0.0,,0
35,0.0555555555555555,0.111111111111111,0.0,1.03,0.0,0.0,,0
35,0.0555555555555555,0.111111111111111,0.0,1.04,0.0,0.0,,0
35,0.0555555555555555,0.111111111111111,0.0,1.05,0.0,0.0,,0
35,0.0555555555555555,0.111111111111111,0.0,1.06,0.0,0.0,,0
35,0.0555555555555555,0.111111111111111,0.0,1.07,0.0,0.0,,0
35,0.0555555555555555,0.111111111111111,0.0,1.08,0.0,0.0,,0
35,0.0555555555555555,0.111111111111111,0.0,1.09,0.0,0.0,,0
35,0.0555555555555555,0.111111111111111,0.0,1.1,0.0,0.0,,0
35,0.0555555555555555,0.111111111111111,0.0,1.11,0.0,0.0,,0
35,0.0555555555555555,0.111111111111111,0.0,1.12,0.0,0.0,,0
35,0.0555555555555555,0.111111111111111,0.0,1.13,0.0,0.0,,0
35,0.0555555555555555,0.111111111111111,0.0,1.14,0.0,0.0,,0
35,0.0555555555555555,0.111111111111111,0.0,1.15,0.0,0.0,,0
35,0.0555555555555555,0.111111111111111,0.0,1.16,0.0,0.0,,0
35,0.0555555555555555,0.111111111111111,0.0,1.17,0.0,0.0,,0
35,0.0555555555555555,0.111111111111111,0.0,1.18,0.0,0.0,,0
35,0.0555555555555555,0.111111111111111,0.0,1.19,0.0,0.0,,0
35,0.0555555555555555,0.111111111111111,0.0,1.2,0.0,0.0,,0
35,0.0555555555555555,0.111111111111111,0.0,1.21,0.0,0.0,,0
35,0.0555555555555555,0.111111111111111,0.0,1.22,0.0,0.0,,0
35,0.0555555555555555,0.111111111111111,0.0,1.23,0.0,0.0,,0
35,0.0555555555555555,0.111111111111111,0.0,1.24,0.0,0.0,,0
35,0.0555555555555555,0.111111111111111,0.0,1.25,0.0,0.0,,0
35,0.0555555555555555,0.111111111111111,0.0,1.26,0.0,0.0,,0
35,0.0555555555555555,0.111111111111111,0.0,1.27,0.0,0.0,,0
35,0.0555555555555555,0.111111111111111,0.0,1.28,0.0,0.0,,0
35,0.0555555555555555,0.111111111111111,0.0,1.29,0.0,0.0,,0
35,0.0555555555555555,0.111111111111111,0.0,1.3,0.0,0.0,,0
35,0.0555555555555555,0.111111111111111,0.0,1.31,0.0,0.0,,0
35,0.0555555555555555,0.111111111111111,0.0,1.32,0.0,0.0,,0
35,0.0555555555555555,0.111111111111111,0.0,1.33,0.0,0.0,,0
35,0.0555555555555555,0.111111111111111,0.0,1.34,0.0,0.0,,0
35,0.0555555555555555,0.111111111111111,0.0,1.35,0.0,0.0,,0
35,0.0555555555555555,0.111111111111111,0.0,1.36,0.0,0.0,,0
35,0.0555555555555555,0.111111111111111,0.0,1.37,0.0,0.0,,0
35,0.0555555555555555,0.111111111111111,0.0,1.38,0.0,0.0,,0
35,0.0555555555555555,0.111111111111111,0.0,1.39,0.0,0.0,,0
35,0.0555555555555555,0.111111111111111,0.0,1.4,0.0,0.0,,0
35,0.0555555555555555,0.111111111111111,0.0,1.41,0.0,0.0,,0
35,0.0555555555555555,0.111111111111111,0.0,1.42,0.0,0.0,,0
35,0.0555555555555555,0.111111111111111,0.0,1.43,0.0,0.0,,0
35,0.0555555555555555,0.111111111111111,0.0,1.44,0.0,0.0,,0
35,0.0555555555555555,0.111111111111111,0.0,1.45,0.0,0.0,,0
35,0.0555555555555555,0.111111111111111,0.0,1.46,0.0,0.0,,0
35,0.0555555555555555,0.111111111111111,0.0,1.47,0.0,0.0,,0
35,0.0555555555555555,0.111111111111111,0.0,1.48,0.0,0.0,,0
35,0.0555555555555555,0.111111111111111,0.0,1.49,0.0,0.0,,0
35,0.0555555555555555,0.111111111111111,0.0,1.5,0.0,0.0,,0
35,0.0555555555555555,0.111111111111111,0.0,1.51,0.0,0.0,,0
35,0.0555555555555555,0.111111111111111,0.0,1.52,0.0,0.0,,0
35,0.0555555555555555,0.111111111111111,0.0,1.53,0.0,0.0,,0
35,0.0555555555555555,0.111111111111111,0.0,1.54,0.0,0.0,,0
35,0.0555555555555555,0.111111111111111,0.0,1.55,0.0,0.0,,0
35,0.0555555555555555,0.111111111111111,0.0,1.56,0.0,0.0,,0
35,0.0555555555555555,0.111111111111111,0.0,1.57,0.0,0.0,,0
35,0.0555555555555555,0.111111111111111,0.0,1.58,0.0,0.0,,0
35,0.0555555555555555,0.111111111111111,0.0,1.59,0.0,0.0,,0
35,0.0555555555555555,0.111111111111111,0.0,1.6,0.0,0.0,,0
35,0.0555555555555555,0.111111111111111,0.0,1.61,0.0,0.0,,0
35,0.0555555555555555,0.111111111111111,0.0,1.62,0.0,0.0,,0
35,0.0555555555555555,0.111111111111111,0.0,1.63,0.0,0.0,,0
35,0.0555555555555555,0.111111111111111,0.0,1.64,0.0,0.0,,0
35,0.0555555555555555,0.111111111111111,0.0,1.65,0.0,0.0,,0
35,0.0555555555555555,0.111111111111111,0.0,1.66,0.0,0.0,,0
35,0.0555555555555555,0.111111111111111,0.0,1.67,0.0,0.0,,0
35,0.0555555555555555,0.111111111111111,0.0,1.68,0.0,0.0,,0
35,0.0555555555555555,0.111111111111111,0.0,1.69,0.0,0.0,,0
35,0.0555555555555555,0.111111111111111,0.0,1.7,0.0,0.0,,0
35,0.0555555555555555,0.111111111111111,0.0,1.71,0.0,0.0,,0
35,0.0555555555555555,0.111111111111111,0.0,1.72,0.0,0.0,,0
35,0.0555555555555555,0.111111111111111,0.0,1.73,0.0,0.0,,0
35,0.0555555555555555,0.111111111111111,0.0,1.74,0.0,0.0,,0
35,0.0555555555555555,0.111111111111111,0.0,1.75,0.0,0.0,,0
35,0.0555555555555555,0.111111111111111,0.0,1.76,0.0,0.0,,0
35,0.0555555555555555,0.111111111111111,0.0,1.77,0.0,0.0,,0
35,0.0555555555555555,0.111111111111111,0.0,1.78,0.0,0.0,,0
35,0.0555555555555555,0.111111111111111,0.0,1.79,0.0,0.0,,0
35,0.0555555555555555,0.111111111111111,0.0,1.8,0.0,0.0,,0
35,0.0555555555555555,0.111111111111111,0.0,1.81,0.0,0.0,,0
35,0.0555555555555555,0.111111111111111,0.0,1.82,0.0,0.0,,0
35,0.0555555555555555,0.111111111111111,0.0,1.83,0.0,0.0,,0
35,0.0555555555555555,0.111111111111111,0.0,1.84,0.0,0.0,,0
35,0.0555555555555555,0.111111111111111,0.0,1.85,0.0,0.0,,0
35,0.0555555555555555,0.111111111111111,0.0,1.86,0.0,0.0,,0
35,0.0555555555555555,0.111111111111111,0.0,1.87,0.0,0.0,,0
35,0.0555555555555555,0.111111111111111,0.0,1.88,0.0,0.0,,0
35,0.0555555555555555,0.111111111111111,0.0,1.89,0.0,0.0,,0
35,0.0555555555555555,0.111111111111111,0.0,1.9,0.0,0.0,,0
35,0.0555555555555555,0.111111111111111,0.0,1.91,0.0,0.0,,0
35,0.0555555555555555,0.111111111111111,0.0,1.92,0.0,0.0,,0
35,0.0555555555555555,0.111111111111111,0.0,1.93,0.0,0.0,,0
35,0.0555555555555555,0.111111111111111,0.0,1.94,0.0,0.0,,0
35,0.0555555555555555,0.111111111111111,0.0,1.95,0.0,0.0,,0
35,0.0555555555555555,0.111111111111111,0.0,1.96,0.0,0.0,,0
35,0.0555555555555555,0.111111111111111,0.0,1.97,0.0,0.0,,0
35,0.0555555555555555,0.111111111111111,0.0,1.98,0.0,0.0,,0
35,0.0555555555555555,0.111111111111111,0.0,1.99,0.0,0.0,,0
35,0.0555555555555555,0.111111111111111,0.0,2.0,0.0,0.0,,0
35,0.0555555555555555,0.111111111111111,0.0,2.01,0.0,0.0,,0
35,0.0555555555555555,0.111111111111111,0.0,2.02,0.0,0.0,,0
35,0.0555555555555555,0.111111111111111,0.0,2.03,0.0,0.0,,0
35,0.0555555555555555,0.111111111111111,0.0,2.04,0.0,0.0,,0
35,0.0555555555555555,0.111111111111111,0.0,2.05,0.0,0.0,,0
35,0.0555555555555555,0.111111111111111,0.0,2.06,0.0,0.0,,0
35,0.0555555555555555,0.111111111111111,0.0,2.07,0.0,0.0,,0
35,0.0555555555555555,0.111111111111111,0.0,2.08,0.0,0.0,,0
35,0.0555555555555555,0.111111111111111,0.0,2.09,0.0,0.0,,0
35,0.0555555555555555,0.111111111111111,0.0,2.1,0.0,0.0,,0
35,0.0555555555555555,0.111111111111111,0.0,2.11,0.0,0.0,,0
35,0.0555555555555555,0.111111111111111,0.0,2.12,0.0,0.0,,0
35,0.0555555555555555,0.111111111111111,0.0,2.13,0.0,0.0,,0
35,0.0555555555555555,0.111111111111111,0.0,2.14,0.0,0.0,,0
35,0.0555555555555555,0.111111111111111,0.0,2.15,0.0,0.0,,0
35,0.0555555555555555,0.111111111111111,0.0,2.16,0.0,0.0,,0
35,0.0555555555555555,0.111111111111111,0.0,2.17,0.0,0.0,,0
35,0.0555555555555555,0.111111111111111,0.0,2.18,0.0,0.0,,0
35,0.0555555555555555,0.111111111111111,0.0,2.19,0.0,0.0,,0
35,0.0555555555555555,0.111111111111111,0.0,2.2,0.0,0.0,,0
35,0.0555555555555555,0.111111111111111,0.0,2.21,0.0,0.0,,0
35,0.0555555555555555,0.111111111111111,0.0,2.22,0.0,0.0,,0
35,0.0555555555555555,0.111111111111111,0.0,2.23,0.0001,0.0001,0.0,1
35,0.0555555555555555,0.111111111111111,0.0,2.24,0.0001,0.0001,0.0,1
35,0.0555555555555555,0.111111111111111,0.0,2.25,0.0002,0.0002,0.0,1
35,0.0555555555555555,0.111111111111111,0.0,2.26,0.0003,0.0003,0.0,1
35,0.0555555555555555,0.111111111111111,0.0,2.27,0.0005,0.0005,0.0,1
35,0.0555555555555555,0.111111111111111,0.0,2.28,0.0007,0.0007,0.0,1
35,0.0555555555555555,0.111111111111111,0.0,2.29,0.0011,0.0011,0.0,1
35,0.0555555555555555,0.111111111111111,0.0,2.3,0.0016,0.0016,0.0,1
35,0.0555555555555555,0.111111111111111,0.0,2.31,0.0022,0.0022,0.0,1
35,0.0555555555555555,0.111111111111111,0.0,2.32,0.0029,0.0029,0.0,1
35,0.0555555555555555,0.111111111111111,0.0,2.33,0.0037,0.0037,0.0,1
35,0.0555555555555555,0.111111111111111,0.0,2.34,0.0045,0.0045,0.0,1
35,0.0555555555555555,0.111111111111111,0.0,2.35,0.0052,0.0052,0.0,1
35,0.0555555555555555,0.111111111111111,0.0,2.36,0.0059,0.0059,0.0,1
35,0.0555555555555555,0.111111111111111,0.0,2.37,0.0064,0.0064,0.0,1
35,0.0555555555555555,0.111111111111111,0.0,2.38,0.0067,0.0067,0.0,1
35,0.0555555555555555,0.111111111111111,0.0,2.39,0.0067,0.0067,0.0,1
35,0.0555555555555555,0.111111111111111,0.0,2.4,0.0065,0.0065,0.0,1
35,0.0555555555555555,0.111111111111111,0.0,2.41,0.006,0.006,0.0,1
35,0.0555555555555555,0.111111111111111,0.0,2.42,0.0054,0.0054,0.0,1
35,0.0555555555555555,0.111111111111111,0.0,2.43,0.0046,0.0046,0.0,1
35,0.0555555555555555,0.111111111111111,0.0,2.44,0.0038,0.0038,0.0,1
35,0.0555555555555555,0.111111111111111,0.0,2.45,0.003,0.003,0.0,1
35,0.0555555555555555,0.111111111111111,0.0,2.46,0.0023,0.0023,0.0,1
35,0.0555555555555555,0.111111111111111,0.0,2.47,0.0017,0.0017,0.0,1
35,0.0555555555555555,0.111111111111111,0.0,2.48,0.0012,0.0012,0.0,1
35,0.0555555555555555,0.111111111111111,0.0,2.49,0.0008,0.0008,0.0,1
35,0.0555555555555555,0.111111111111111,0.0,2.5,0.0005,0.0005,0.0,1
35,0.0555555555555555,0.111111111111111,0.0,2.51,0.0003,0.0003,0.0,1
35,0.0555555555555555,0.111111111111111,0.0,2.52,0.0002,0.0002,0.0,1
35,0.0555555555555555,0.111111111111111,0.0,2.53,0.0001,0.0001,0.0,1
35,0.0555555555555555,0.111111111111111,0.0,2.54,0.0001,0.0001,0.0,1
35,0.0555555555555555,0.111111111111111,0.0,2.55,0.0,0.0,,0
35,0.0555555555555555,0.111111111111111,0.0,2.56,0.0,0.0,,0
35,0.0555555555555555,0.111111111111111,0.0,2.57,0.0,0.0,,0
35,0.0555555555555555,0.111111111111111,0.0,2.58,0.0,0.0,,0
35,0.0555555555555555,0.111111111111111,0.0,2.59,0.0,0.0,,0
35,0.0555555555555555,0.111111111111111,0.0,2.6,0.0,0.0,,0
35,0.0555555555555555,0.111111111111111,0.0,2.61,0.0,0.0,,0
35,0.0555555555555555,0.111111111111111,0.0,2.62,0.0,0.0,,0
35,0.0555555555555555,0.111111111111111,0.0,2.63,0.0,0.0,,0
35,0.0555555555555555,0.111111111111111,0.0,2.64,0.0,0.0,,0
35,0.0555555555555555,0.111111111111111,0.0,2.65,0.0,0.0,,0
35,0.0555555555555555,0.111111111111111,0.0,2.66,0.0,0.0,,0
35,0.0555555555555555,0.111111111111111,0.0,2.67,0.0,0.0,,0
35,0.0555555555555555,0.111111111111111,0.0,2.68,0.0,0.0,,0
35,0.0555555555555555,0.111111111111111,0.0,2.69,0.0,0.0,,0
35,0.0555555555555555,0.111111111111111,0.0,2.7,0.0,0.0,,0
35,0.0555555555555555,0.111111111111111,0.0,2.71,0.0,0.0,,0
35,0.0555555555555555,0.111111111111111,0.0,2.72,0.0,0.0,,0
35,0.0555555555555555,0.111111111111111,0.0,2.73,0.0,0.0,,0
35,0.0555555555555555,0.111111111111111,0.0,2.74,0.0,0.0,,0
35,0.0555555555555555,0.111111111111111,0.0,2.75,0.0001,0.0001,0.0,1
35,0.0555555555555555,0.111111111111111,0.0,2.76,0.0001,0.0001,0.0,1
35,0.0555555555555555,0.111111111111111,0.0,2.77,0.0002,0.0002,0.0,1
35,0.0555555555555555,0.111111111111111,0.0,2.78,0.0003,0.0003,0.0,1
35,0.0555555555555555,0.111111111111111,0.0,2.79,0.0005,0.0005,0.0,1
35,0.0555555555555555,0.111111111111111,0.0,2.8,0.0007,0.0007,0.0,1
35,0.0555555555555555,0.111111111111111,0.0,2.81,0.0011,0.0011,0.0,1
35,0.0555555555555555,0.111111111111111,0.0,2.82,0.0016,0.0016,0.0,1
35,0.0555555555555555,0.111111111111111,0.0,2.83,0.0021,0.0021,0.0,1
35,0.0555555555555555,0.111111111111111,0.0,2.84,0.0028,0.0028,0.0,1
35,0.0555555555555555,0.111111111111111,0.0,2.85,0.0036,0.0036,0.0,1
35,0.0555555555555555,0.111111111111111,0.0,2.86,0.0044,0.0044,0.0,1
35,0.0555555555555555,0.111111111111111,0.0,2.87,0.0052,0.0052,0.0,1
35,0.0555555555555555,0.111111111111111,0.0,2.88,0.0058,0.0058,0.0,1
35,0.0555555555555555,0.111111111111111,0.0,2.89,0.0063,0.0063,0.0,1
35,0.0555555555555555,0.111111111111111,0.0,2.9,0.0066,0.0066,0.0,1
35,0.0555555555555555,0.111111111111111,0.0,2.91,0.0066,0.0066,0.0,1
35,0.0555555555555555,0.111111111111111,0.0,2.92,0.0064,0.0064,0.0,1
35,0.0555555555555555,0.111111111111111,0.0,2.93,0.0059,0.0059,0.0,1
35,0.0555555555555555,0.111111111111111,0.0,2.94,0.0053,0.0053,0.0,1
35,0.0555555555555555,0.111111111111111,0.0,2.95,0.0046,0.0046,0.0,1
35,0.0555555555555555,0.111111111111111,0.0,2.96,0.0038,0.0038,0.0,1
35,0.0555555555555555,0.111111111111111,0.0,2.97,0.003,0.003,0.0,1
35,0.0555555555555555,0.111111111111111,0.0,2.98,0.0023,0.0023,0.0,1
35,0.0555555555555555,0.111111111111111,0.0,2.99,0.0017,0.0017,0.0,1
35,0.0555555555555555,0.111111111111111,0.0,3.0,0.0012,0.0012,0.0,1
35,0.0555555555555555,0.111111111111111,0.0,3.01,0.0008,0.0008,0.0,1
35,0.0555555555555555,0.111111111111111,0.0,3.02,0.0005,0.0005,0.0,1
35,0.0555555555555555,0.111111111111111,0.0,3.03,0.0003,0.0003,0.0,1
35,0.0555555555555555,0.111111111111111,0.0,3.04,0.0002,0.0002,0.0,1
35,0.0555555555555555,0.111111111111111,0.0,3.05,0.0001,0.0001,0.0,1
35,0.0555555555555555,0.111111111111111,0.0,3.06,0.0001,0.0001,0.0,1
35,0.0555555555555555,0.111111111111111,0.0,3.07,0.0,0.0,,0
35,0.0555555555555555,0.111111111111111,0.0,3.08,0.0,0.0,,0
35,0.0555555555555555,0.111111111111111,0.0,3.09,0.0,0.0,,0
35,0.0555555555555555,0.111111111111111,0.0,3.1,0.0,0.0,,0
35,0.0555555555555555,0.111111111111111,0.0,3.11,0.0,0.0,,0
35,0.0555555555555555,0.111111111111111,0.0,3.12,0.0,0.0,,0
35,0.0555555555555555,0.111111111111111,0.0,3.13,0.0,0.0,,0
35,0.0555555555555555,0.111111111111111,0.0,3.14,0.0,0.0,,0
35,0.0555555555555555,0.111111111111111,0.0,3.15,0.0,0.0,,0
35,0.0555555555555555,0.111111111111111,0.0,3.16,0.0,0.0,,0
35,0.0555555555555555,0.111111111111111,0.0,3.17,0.0,0.0,,0
35,0.0555555555555555,0.111111111111111,0.0,3.18,0.0,0.0,,0
35,0.0555555555555555,0.111111111111111,0.0,3.19,0.0,0.0,,0
35,0.0555555555555555,0.111111111111111,0.0,3.2,0.0,0.0,,0
35,0.0555555555555555,0.111111111111111,0.0,3.21,0.0,0.0,,0
35,0.0555555555555555,0.111111111111111,0.0,3.22,0.0,0.0,,0
35,0.0555555555555555,0.111111111111111,0.0,3.23,0.0,0.0,,0
35,0.0555555555555555,0.111111111111111,0.0,3.24,0.0,0.0,,0
35,0.0555555555555555,0.111111111111111,0.0,3.25,0.0,0.0,,0
35,0.0555555555555555,0.111111111111111,0.0,3.26,0.0,0.0,,0
35,0.0555555555555555,0.111111111111111,0.0,3.27,0.0,0.0,,0
35,0.0555555555555555,0.111111111111111,0.0,3.28,0.0,0.0,,0
35,0.0555555555555555,0.111111111111111,0.0,3.29,0.0,0.0,,0
35,0.0555555555555555,0.111111111111111,0.0,3.3,0.0001,0.0001,0.0,1
35,0.0555555555555555,0.111111111111111,0.0,3.31,0.0001,0.0001,0.0,1
35,0.0555555555555555,0.111111111111111,0.0,3.32,0.0002,0.0002,0.0,1
35,0.0555555555555555,0.111111111111111,0.0,3.33,0.0003,0.0003,0.0,1
35,0.0555555555555555,0.111111111111111,0.0,3.34,0.0005,0.0005,0.0,1
35,0.0555555555555555,0.111111111111111,0.0,3.35,0.0008,0.0008,0.0,1
35,0.0555555555555555,0.111111111111111,0.0,3.36,0.0011,0.0011,0.0,1
35,0.0555555555555555,0.111111111111111,0.0,3.37,0.0015,0.0015,0.0,1
35,0.0555555555555555,0.111111111111111,0.0,3.38,0.002,0.002,0.0,1
35,0.0555555555555555,0.111111111111111,0.0,3.39,0.0025,0.0025,0.0,1
35,0.0555555555555555,0.111111111111111,0.0,3.4,0.0031,0.0031,0.0,1
35,0.0555555555555555,0.111111111111111,0.0,3.41,0.0036,0.0036,0.0,1
35,0.0555555555555555,0.111111111111111,0.0,3.42,0.0041,0.0041,0.0,1
35,0.0555555555555555,0.111111111111111,0.0,3.43,0.0045,0.0045,0.0,1
35,0.0555555555555555,0.111111111111111,0.0,3.44,0.0047,0.0047,0.0,1
35,0.0555555555555555,0.111111111111111,0.0,3.45,0.0047,0.0047,0.0,1
35,0.0555555555555555,0.111111111111111,0.0,3.46,0.0045,0.0045,0.0,1
35,0.0555555555555555,0.111111111111111,0.0,3.47,0.0042,0.0042,0.0,1
35,0.0555555555555555,0.111111111111111,0.0,3.48,0.0038,0.0038,0.0,1
35,0.0555555555555555,0.111111111111111,0.0,3.49,0.0032,0.0032,0.0,1
35,0.0555555555555555,0.111111111111111,0.0,3.5,0.0027,0.0027,0.0,1
35,0.0555555555555555,0.111111111111111,0.0,3.51,0.0021,0.0021,0.0,1
35,0.0555555555555555,0.111111111111111,0.0,3.52,0.0016,0.0016,0.0,1
35,0.0555555555555555,0.111111111111111,0.0,3.53,0.0012,0.0012,0.0,1
35,0.0555555555555555,0.111111111111111,0.0,3.54,0.0008,0.0008,0.0,1
35,0.0555555555555555,0.111111111111111,0.0,3.55,0.0006,0.0006,0.0,1
35,0.0555555555555555,0.111111111111111,0.0,3.56,0.0004,0.0004,0.0,1
35,0.0555555555555555,0.111111111111111,0.0,3.57,0.0002,0.0002,0.0,1
35,0.0555555555555555,0.111111111111111,0.0,3.58,0.0001,0.0001,0.0,1
35,0.0555555555555555,0.111111111111111,0.0,3.59,0.0001,0.0001,0.0,1
35,0.0555555555555555,0.111111111111111,0.0,3.6,0.0001,0.0001,0.0,1
35,0.0555555555555555,0.111111111111111,0.0,3.61,0.0,0.0,,0
35,0.0555555555555555,0.111111111111111,0.0,3.62,0.0001,0.0001,0.0,1
35,0.0555555555555555,0.111111111111111,0.0,3.63,0.0001,0.0001,0.0,1
35,0.0555555555555555,0.111111111111111,0.0,3.64,0.0001,0.0001,0.0,1
35,0.0555555555555555,0.111111111111111,0.0,3.65,0.0002,0.0002,0.0,1
35,0.0555555555555555,0.111111111111111,0.0,3.66,0.0003,0.0003,0.0,1
35,0.0555555555555555,0.111111111111111,0.0,3.67,0.0005,0.0005,0.0,1
35,0.0555555555555555,0.111111111111111,0.0,3.68,0.0008,0.0008,0.0,1
35,0.0555555555555555,0.111111111111111,0.0,3.69,0.0011,0.0011,0.0,1
35,0.0555555555555555,0.111111111111111,0.0,3.7,0.0014,0.0014,0.0,1
35,0.0555555555555555,0.111111111111111,0.0,3.71,0.0018,0.0018,0.0,1
35,0.0555555555555555,0.111111111111111,0.0,3.72,0.0023,0.0023,0.0,1
35,0.0555555555555555,0.111111111111111,0.0,3.73,0.0027,0.0027,0.0,1
35,0.0555555555555555,0.111111111111111,0.0,3.74,0.0031,0.0031,0.0,1
35,0.0555555555555555,0.111111111111111,0.0,3.75,0.0034,0.0034,0.0,1
35,0.0555555555555555,0.111111111111111,0.0,3.76,0.0036,0.0036,0.0,1
35,0.0555555555555555,0.111111111111111,0.0,3.77,0.0037,0.0037,0.0,1
35,0.0555555555555555,0.111111111111111,0.0,3.78,0.0036,0.0036,0.0,1
35,0.0555555555555555,0.111111111111111,0.0,3.79,0.0034,0.0034,0.0,1
35,0.0555555555555555,0.111111111111111,0.0,3.8,0.003,0.003,0.0,1
35,0.0555555555555555,0.111111111111111,0.0,3.81,0.0026,0.0026,0.0,1
35,0.0555555555555555,0.111111111111111,0.0,3.82,0.0022,0.0022,0.0,1
35,0.0555555555555555,0.111111111111111,0.0,3.83,0.0018,0.0018,0.0,1
35,0.0555555555555555,0.111111111111111,0.0,3.84,0.0013,0.0013,0.0,1
35,0.0555555555555555,0.111111111111111,0.0,3.85,0.001,0.001,0.0,1
35,0.0555555555555555,0.111111111111111,0.0,3.86,0.0007,0.0007,0.0,1
35,0.0555555555555555,0.111111111111111,0.0,3.87,0.0005,0.0005,0.0,1
35,0.0555555555555555,0.111111111111111,0.0,3.88,0.0003,0.0003,0.0,1
35,0.0555555555555555,0.111111111111111,0.0,3.89,0.0002,0.0002,0.0,1
35,0.0555555555555555,0.111111111111111,0.0,3.9,0.0001,0.0001,0.0,1
35,0.0555555555555555,0.111111111111111,0.0,3.91,0.0001,0.0001,0.0,1
35,0.0555555555555555,0.111111111111111,0.0,3.92,0.0,0.0,,0
35,0.0555555555555555,0.111111111111111,0.0,3.93,0.0,0.0,,0
35,0.0555555555555555,0.111111111111111,0.0,3.94,0.0,0.0,,0
35,0.0555555555555555,0.111111111111111,0.0,3.95,0.0,0.0,,0
35,0.0555555555555555,0.111111111111111,0.0,3.96,0.0,0.0,,0
35,0.0555555555555555,0.111111111111111,0.0,3.97,0.0,0.0,,0
35,0.0555555555555555,0.111111111111111,0.0,3.98,0.0,0.0,,0
35,0.0555555555555555,0.111111111111111,0.0,3.99,0.0001,0.0001,0.0,1
35,0.0555555555555555,0.111111111111111,0.0,4.0,0.0001,0.0001,0.0,1
36,0.0277777777777778,0.0555555555555556,0.0,0.5,0.0,0.0,,0
36,0.0277777777777778,0.0555555555555556,0.0,0.51,0.0,0.0,,0
36,0.0277777777777778,0.0555555555555556,0.0,0.52,0.0,0.0,,0
36,0.0277777777777778,0.0555555555555556,0.0,0.53,0.0,0.0,,0
36,0.0277777777777778,0.0555555555555556,0.0,0.54,0.0,0.0,,0
36,0.0277777777777778,0.0555555555555556,0.0,0.55,0.0,0.0,,0
36,0.0277777777777778,0.0555555555555556,0.0,0.56,0.0,0.0,,0
36,0.0277777777777778,0.0555555555555556,0.0,0.57,0.0,0.0,,0
36,0.0277777777777778,0.0555555555555556,0.0,0.58,0.0,0.0,,0
36,0.0277777777777778,0.0555555555555556,0.0,0.59,0.0,0.0,,0
36,0.0277777777777778,0.0555555555555556,0.0,0.6,0.0,0.0,,0
36,0.0277777777777778,0.0555555555555556,0.0,0.61,0.0,0.0,,0
36,0.0277777777777778,0.0555555555555556,0.0,0.62,0.0,0.0,,0
36,0.0277777777777778,0.0555555555555556,0.0,0.63,0.0,0.0,,0
36,0.0277777777777778,0.0555555555555556,0.0,0.64,0.0,0.0,,0
36,0.0277777777777778,0.0555555555555556,0.0,0.65,0.0,0.0,,0
36,0.0277777777777778,0.0555555555555556,0.0,0.66,0.0,0.0,,0
36,0.0277777777777778,0.0555555555555556,0.0,0.67,0.0,0.0,,0
36,0.0277777777777778,0.0555555555555556,0.0,0.68,0.0,0.0,,0
36,0.0277777777777778,0.0555555555555556,0.0,0.69,0.0,0.0,,0
36,0.0277777777777778,0.0555555555555556,0.0,0.7,0.0,0.0,,0
36,0.0277777777777778,0.0555555555555556,0.0,0.71,0.0,0.0,,0
36,0.0277777777777778,0.0555555555555556,0.0,0.72,0.0,0.0,,0
36,0.0277777777777778,0.0555555555555556,0.0,0.73,0.0,0.0,,0
36,0.0277777777777778,0.0555555555555556,0.0,0.74,0.0,0.0,,0
36,0.0277777777777778,0.0555555555555556,0.0,0.75,0.0,0.0,,0
36,0.0277777777777778,0.0555555555555556,0.0,0.76,0.0,0.0,,0
36,0.0277777777777778,0.0555555555555556,0.0,0.77,0.0,0.0,,0
36,0.0277777777777778,0.0555555555555556,0.0,0.78,0.0,0.0,,0
36,0.0277777777777778,0.0555555555555556,0.0,0.79,0.0,0.0,,0
36,0.0277777777777778,0.0555555555555556,0.0,0.8,0.0,0.0,,0
36,0.0277777777777778,0.0555555555555556,0.0,0.81,0.0,0.0,,0
36,0.0277777777777778,0.0555555555555556,0.0,0.82,0.0,0.0,,0
36,0.0277777777777778,0.0555555555555556,0.0,0.83,0.0,0.0,,0
36,0.0277777777777778,0.0555555555555556,0.0,0.84,0.0,0.0,,0
36,0.0277777777777778,0.0555555555555556,0.0,0.85,0.0,0.0,,0
36,0.0277777777777778,0.0555555555555556,0.0,0.86,0.0,0.0,,0
36,0.0277777777777778,0.0555555555555556,0.0,0.87,0.0,0.0,,0
36,0.0277777777777778,0.0555555555555556,0.0,0.88,0.0,0.0,,0
36,0.0277777777777778,0.0555555555555556,0.0,0.89,0.0,0.0,,0
36,0.0277777777777778,0.0555555555555556,0.0,0.9,0.0,0.0,,0
36,0.0277777777777778,0.0555555555555556,0.0,0.91,0.0,0.0,,0
36,0.0277777777777778,0.0555555555555556,0.0,0.92,0.0,0.0,,0
36,0.0277777777777778,0.0555555555555556,0.0,0.93,0.0,0.0,,0
36,0.0277777777777778,0.0555555555555556,0.0,0.94,0.0,0.0,,0
36,0.0277777777777778,0.0555555555555556,0.0,0.95,0.0,0.0,,0
36,0.0277777777777778,0.0555555555555556,0.0,0.96,0.0,0.0,,0
36,0.0277777777777778,0.0555555555555556,0.0,0.97,0.0,0.0,,0
36,0.0277777777777778,0.0555555555555556,0.0,0.98,0.0,0.0,,0
36,0.0277777777777778,0.0555555555555556,0.0,0.99,0.0,0.0,,0
36,0.0277777777777778,0.0555555555555556,0.0,1.0,0.0,0.0,,0
36,0.0277777777777778,0.0555555555555556,0.0,1.01,0.0,0.0,,0
36,0.0277777777777778,0.0555555555555556,0.0,1.02,0.0,0.0,,0
36,0.0277777777777778,0.0555555555555556,0.0,1.03,0.0,0.0,,0
36,0.0277777777777778,0.0555555555555556,0.0,1.04,0.0,0.0,,0
36,0.0277777777777778,0.0555555555555556,0.0,1.05,0.0,0.0,,0
36,0.0277777777777778,0.0555555555555556,0.0,1.06,0.0,0.0,,0
36,0.0277777777777778,0.0555555555555556,0.0,1.07,0.0,0.0,,0
36,0.0277777777777778,0.0555555555555556,0.0,1.08,0.0,0.0,,0
36,0.0277777777777778,0.0555555555555556,0.0,1.09,0.0,0.0,,0
36,0.0277777777777778,0.0555555555555556,0.0,1.1,0.0,0.0,,0
36,0.0277777777777778,0.0555555555555556,0.0,1.11,0.0,0.0,,0
36,0.0277777777777778,0.0555555555555556,0.0,1.12,0.0,0.0,,0
36,0.0277777777777778,0.0555555555555556,0.0,1.13,0.0,0.0,,0
36,0.0277777777777778,0.0555555555555556,0.0,1.14,0.0,0.0,,0
36,0.0277777777777778,0.0555555555555556,0.0,1.15,0.0,0.0,,0
36,0.0277777777777778,0.0555555555555556,0.0,1.16,0.0,0.0,,0
36,0.0277777777777778,0.0555555555555556,0.0,1.17,0.0,0.0,,0
36,0.0277777777777778,0.0555555555555556,0.0,1.18,0.0,0.0,,0
36,0.0277777777777778,0.0555555555555556,0.0,1.19,0.0,0.0,,0
36,0.0277777777777778,0.0555555555555556,0.0,1.2,0.0,0.0,,0
36,0.0277777777777778,0.0555555555555556,0.0,1.21,0.0,0.0,,0
36,0.0277777777777778,0.0555555555555556,0.0,1.22,0.0,0.0,,0
36,0.0277777777777778,0.0555555555555556,0.0,1.23,0.0,0.0,,0
36,0.0277777777777778,0.0555555555555556,0.0,1.24,0.0,0.0,,0
36,0.0277777777777778,0.0555555555555556,0.0,1.25,0.0,0.0,,0
36,0.0277777777777778,0.0555555555555556,0.0,1.26,0.0,0.0,,0
36,0.0277777777777778,0.0555555555555556,0.0,1.27,0.0,0.0,,0
36,0.0277777777777778,0.0555555555555556,0.0,1.28,0.0,0.0,,0
36,0.0277777777777778,0.0555555555555556,0.0,1.29,0.0,0.0,,0
36,0.0277777777777778,0.0555555555555556,0.0,1.3,0.0,0.0,,0
36,0.0277777777777778,0.0555555555555556,0.0,1.31,0.0,0.0,,0
36,0.0277777777777778,0.0555555555555556,0.0,1.32,0.0,0.0,,0
36,0.0277777777777778,0.0555555555555556,0.0,1.33,0.0,0.0,,0
36,0.0277777777777778,0.0555555555555556,0.0,1.34,0.0,0.0,,0
36,0.0277777777777778,0.0555555555555556,0.0,1.35,0.0,0.0,,0
36,0.0277777777777778,0.0555555555555556,0.0,1.36,0.0,0.0,,0
36,0.0277777777777778,0.0555555555555556,0.0,1.37,0.0,0.0,,0
36,0.0277777777777778,0.0555555555555556,0.0,1.38,0.0,0.0,,0
36,0.0277777777777778,0.0555555555555556,0.0,1.39,0.0,0.0,,0
36,0.0277777777777778,0.0555555555555556,0.0,1.4,0.0,0.0,,0
36,0.0277777777777778,0.0555555555555556,0.0,1.41,0.0,0.0,,0
36,0.0277777777777778,0.0555555555555556,0.0,1.42,0.0,0.0,,0
36,0.0277777777777778,0.0555555555555556,0.0,1.43,0.0,0.0,,0
36,0.0277777777777778,0.0555555555555556,0.0,1.44,0.0,0.0,,0
36,0.0277777777777778,0.0555555555555556,0.0,1.45,0.0,0.0,,0
36,0.0277777777777778,0.0555555555555556,0.0,1.46,0.0,0.0,,0
36,0.0277777777777778,0.0555555555555556,0.0,1.47,0.0,0.0,,0
36,0.0277777777777778,0.0555555555555556,0.0,1.48,0.0,0.0,,0
36,0.0277777777777778,0.0555555555555556,0.0,1.49,0.0,0.0,,0
36,0.0277777777777778,0.0555555555555556,0.0,1.5,0.0,0.0,,0
36,0.0277777777777778,0.0555555555555556,0.0,1.51,0.0,0.0,,0
36,0.0277777777777778,0.0555555555555556,0.0,1.52,0.0,0.0,,0
36,0.0277777777777778,0.0555555555555556,0.0,1.53,0.0,0.0,,0
36,0.0277777777777778,0.0555555555555556,0.0,1.54,0.0,0.0,,0
36,0.0277777777777778,0.0555555555555556,0.0,1.55,0.0,0.0,,0
36,0.0277777777777778,0.0555555555555556,0.0,1.56,0.0,0.0,,0
36,0.0277777777777778,0.0555555555555556,0.0,1.57,0.0,0.0,,0
36,0.0277777777777778,0.0555555555555556,0.0,1.58,0.0,0.0,,0
36,0.0277777777777778,0.0555555555555556,0.0,1.59,0.0,0.0,,0
36,0.0277777777777778,0.0555555555555556,0.0,1.6,0.0,0.0,,0
36,0.0277777777777778,0.0555555555555556,0.0,1.61,0.0,0.0,,0
36,0.0277777777777778,0.0555555555555556,0.0,1.62,0.0,0.0,,0
36,0.0277777777777778,0.0555555555555556,0.0,1.63,0.0,0.0,,0
36,0.0277777777777778,0.0555555555555556,0.0,1.64,0.0,0.0,,0
36,0.0277777777777778,0.0555555555555556,0.0,1.65,0.0,0.0,,0
36,0.0277777777777778,0.0555555555555556,0.0,1.66,0.0,0.0,,0
36,0.0277777777777778,0.0555555555555556,0.0,1.67,0.0,0.0,,0
36,0.0277777777777778,0.0555555555555556,0.0,1.68,0.0,0.0,,0
36,0.0277777777777778,0.0555555555555556,0.0,1.69,0.0,0.0,,0
36,0.0277777777777778,0.0555555555555556,0.0,1.7,0.0,0.0,,0
36,0.0277777777777778,0.0555555555555556,0.0,1.71,0.0,0.0,,0
36,0.0277777777777778,0.0555555555555556,0.0,1.72,0.0,0.0,,0
36,0.0277777777777778,0.0555555555555556,0.0,1.73,0.0,0.0,,0
36,0.0277777777777778,0.0555555555555556,0.0,1.74,0.0,0.0,,0
36,0.0277777777777778,0.0555555555555556,0.0,1.75,0.0,0.0,,0
36,0.0277777777777778,0.0555555555555556,0.0,1.76,0.0,0.0,,0
36,0.0277777777777778,0.0555555555555556,0.0,1.77,0.0,0.0,,0
36,0.0277777777777778,0.0555555555555556,0.0,1.78,0.0,0.0,,0
36,0.0277777777777778,0.0555555555555556,0.0,1.79,0.0,0.0,,0
36,0.0277777777777778,0.0555555555555556,0.0,1.8,0.0,0.0,,0
36,0.0277777777777778,0.0555555555555556,0.0,1.81,0.0,0.0,,0
36,0.0277777777777778,0.0555555555555556,0.0,1.82,0.0,0.0,,0
36,0.0277777777777778,0.0555555555555556,0.0,1.83,0.0,0.0,,0
36,0.0277777777777778,0.0555555555555556,0.0,1.84,0.0,0.0,,0
36,0.0277777777777778,0.0555555555555556,0.0,1.85,0.0,0.0,,0
36,0.0277777777777778,0.0555555555555556,0.0,1.86,0.0,0.0,,0
36,0.0277777777777778,0.0555555555555556,0.0,1.87,0.0,0.0,,0
36,0.0277777777777778,0.0555555555555556,0.0,1.88,0.0,0.0,,0
36,0.0277777777777778,0.0555555555555556,0.0,1.89,0.0,0.0,,0
36,0.0277777777777778,0.0555555555555556,0.0,1.9,0.0,0.0,,0
36,0.0277777777777778,0.0555555555555556,0.0,1.91,0.0,0.0,,0
36,0.0277777777777778,0.0555555555555556,0.0,1.92,0.0,0.0,,0
36,0.0277777777777778,0.0555555555555556,0.0,1.93,0.0,0.0,,0
36,0.0277777777777778,0.0555555555555556,0.0,1.94,0.0,0.0,,0
36,0.0277777777777778,0.0555555555555556,0.0,1.95,0.0,0.0,,0
36,0.0277777777777778,0.0555555555555556,0.0,1.96,0.0,0.0,,0
36,0.0277777777777778,0.0555555555555556,0.0,1.97,0.0,0.0,,0
36,0.0277777777777778,0.0555555555555556,0.0,1.98,0.0,0.0,,0
36,0.0277777777777778,0.0555555555555556,0.0,1.99,0.0,0.0,,0
36,0.0277777777777778,0.0555555555555556,0.0,2.0,0.0,0.0,,0
36,0.0277777777777778,0.0555555555555556,0.0,2.01,0.0,0.0,,0
36,0.0277777777777778,0.0555555555555556,0.0,2.02,0.0,0.0,,0
36,0.0277777777777778,0.0555555555555556,0.0,2.03,0.0,0.0,,0
36,0.0277777777777778,0.0555555555555556,0.0,2.04,0.0,0.0,,0
36,0.0277777777777778,0.0555555555555556,0.0,2.05,0.0,0.0,,0
36,0.0277777777777778,0.0555555555555556,0.0,2.06,0.0,0.0,,0
36,0.0277777777777778,0.0555555555555556,0.0,2.07,0.0,0.0,,0
36,0.0277777777777778,0.0555555555555556,0.0,2.08,0.0,0.0,,0
36,0.0277777777777778,0.0555555555555556,0.0,2.09,0.0,0.0,,0
36,0.0277777777777778,0.0555555555555556,0.0,2.1,0.0,0.0,,0
36,0.0277777777777778,0.0555555555555556,0.0,2.11,0.0,0.0,,0
36,0.0277777777777778,0.0555555555555556,0.0,2.12,0.0,0.0,,0
36,0.0277777777777778,0.0555555555555556,0.0,2.13,0.0,0.0,,0
36,0.0277777777777778,0.0555555555555556,0.0,2.14,0.0,0.0,,0
36,0.0277777777777778,0.0555555555555556,0.0,2.15,0.0,0.0,,0
36,0.0277777777777778,0.0555555555555556,0.0,2.16,0.0,0.0,,0
36,0.0277777777777778,0.0555555555555556,0.0,2.17,0.0,0.0,,0
36,0.0277777777777778,0.0555555555555556,0.0,2.18,0.0,0.0,,0
36,0.0277777777777778,0.0555555555555556,0.0,2.19,0.0,0.0,,0
36,0.0277777777777778,0.0555555555555556,0.0,2.2,0.0,0.0,,0
36,0.0277777777777778,0.0555555555555556,0.0,2.21,0.0,0.0,,0
36,0.0277777777777778,0.0555555555555556,0.0,2.22,0.0,0.0,,0
36,0.0277777777777778,0.0555555555555556,0.0,2.23,0.0,0.0,,0
36,0.0277777777777778,0.0555555555555556,0.0,2.24,0.0,0.0,,0
36,0.0277777777777778,0.0555555555555556,0.0,2.25,0.0001,0.0001,0.0,1
36,0.0277777777777778,0.0555555555555556,0.0,2.26,0.0001,0.0001,0.0,1
36,0.0277777777777778,0.0555555555555556,0.0,2.27,0.0002,0.0002,0.0,1
36,0.0277777777777778,0.0555555555555556,0.0,2.28,0.0003,0.0003,0.0,1
36,0.0277777777777778,0.0555555555555556,0.0,2.29,0.0005,0.0005,0.0,1
36,0.0277777777777778,0.0555555555555556,0.0,2.3,0.0008,0.0008,0.0,1
36,0.0277777777777778,0.0555555555555556,0.0,2.31,0.0011,0.0011,0.0,1
36,0.0277777777777778,0.0555555555555556,0.0,2.32,0.0015,0.0015,0.0,1
36,0.0277777777777778,0.0555555555555556,0.0,2.33,0.0019,0.0019,0.0,1
36,0.0277777777777778,0.0555555555555556,0.0,2.34,0.0024,0.0024,0.0,1
36,0.0277777777777778,0.0555555555555556,0.0,2.35,0.0029,0.0029,0.0,1
36,0.0277777777777778,0.0555555555555556,0.0,2.36,0.0034,0.0034,0.0,1
36,0.0277777777777778,0.0555555555555556,0.0,2.37,0.0038,0.0038,0.0,1
36,0.0277777777777778,0.0555555555555556,0.0,2.38,0.0041,0.0041,0.0,1
36,0.0277777777777778,0.0555555555555556,0.0,2.39,0.0042,0.0042,0.0,1
36,0.0277777777777778,0.0555555555555556,0.0,2.4,0.0042,0.0042,0.0,1
36,0.0277777777777778,0.0555555555555556,0.0,2.41,0.004,0.004,0.0,1
36,0.0277777777777778,0.0555555555555556,0.0,2.42,0.0037,0.0037,0.0,1
36,0.0277777777777778,0.0555555555555556,0.0,2.43,0.0032,0.0032,0.0,1
36,0.0277777777777778,0.0555555555555556,0.0,2.44,0.0027,0.0027,0.0,1
36,0.0277777777777778,0.0555555555555556,0.0,2.45,0.0022,0.0022,0.0,1
36,0.0277777777777778,0.0555555555555556,0.0,2.46,0.0018,0.0018,0.0,1
36,0.0277777777777778,0.0555555555555556,0.0,2.47,0.0013,0.0013,0.0,1
36,0.0277777777777778,0.0555555555555556,0.0,2.48,0.001,0.001,0.0,1
36,0.0277777777777778,0.0555555555555556,0.0,2.49,0.0007,0.0007,0.0,1
36,0.0277777777777778,0.0555555555555556,0.0,2.5,0.0005,0.0005,0.0,1
36,0.0277777777777778,0.0555555555555556,0.0,2.51,0.0003,0.0003,0.0,1
36,0.0277777777777778,0.0555555555555556,0.0,2.52,0.0002,0.0002,0.0,1
36,0.0277777777777778,0.0555555555555556,0.0,2.53,0.0001,0.0001,0.0,1
36,0.0277777777777778,0.0555555555555556,0.0,2.54,0.0001,0.0001,0.0,1
36,0.0277777777777778,0.0555555555555556,0.0,2.55,0.0,0.0,,0
36,0.0277777777777778,0.0555555555555556,0.0,2.56,0.0,0.0,,0
36,0.0277777777777778,0.0555555555555556,0.0,2.57,0.0,0.0,,0
36,0.0277777777777778,0.0555555555555556,0.0,2.58,0.0,0.0,,0
36,0.0277777777777778,0.0555555555555556,0.0,2.59,0.0,0.0,,0
36,0.0277777777777778,0.0555555555555556,0.0,2.6,0.0,0.0,,0
36,0.0277777777777778,0.0555555555555556,0.0,2.61,0.0,0.0,,0
36,0.0277777777777778,0.0555555555555556,0.0,2.62,0.0,0.0,,0
36,0.0277777777777778,0.0555555555555556,0.0,2.63,0.0,0.0,,0
36,0.0277777777777778,0.0555555555555556,0.0,2.64,0.0,0.0,,0
36,0.0277777777777778,0.0555555555555556,0.0,2.65,0.0,0.0,,0
36,0.0277777777777778,0.0555555555555556,0.0,2.66,0.0,0.0,,0
36,0.0277777777777778,0.0555555555555556,0.0,2.67,0.0,0.0,,0
36,0.0277777777777778,0.0555555555555556,0.0,2.68,0.0,0.0,,0
36,0.0277777777777778,0.0555555555555556,0.0,2.69,0.0,0.0,,0
36,0.0277777777777778,0.0555555555555556,0.0,2.7,0.0,0.0,,0
36,0.0277777777777778,0.0555555555555556,0.0,2.71,0.0,0.0,,0
36,0.0277777777777778,0.0555555555555556,0.0,2.72,0.0,0.0,,0
36,0.0277777777777778,0.0555555555555556,0.0,2.73,0.0,0.0,,0
36,0.0277777777777778,0.0555555555555556,0.0,2.74,0.0,0.0,,0
36,0.0277777777777778,0.0555555555555556,0.0,2.75,0.0,0.0,,0
36,0.0277777777777778,0.0555555555555556,0.0,2.76,0.0,0.0,,0
36,0.0277777777777778,0.0555555555555556,0.0,2.77,0.0,0.0,,0
36,0.0277777777777778,0.0555555555555556,0.0,2.78,0.0,0.0,,0
36,0.0277777777777778,0.0555555555555556,0.0,2.79,0.0,0.0,,0
36,0.0277777777777778,0.0555555555555556,0.0,2.8,0.0,0.0,,0
36,0.0277777777777778,0.0555555555555556,0.0,2.81,0.0,0.0,,0
36,0.0277777777777778,0.0555555555555556,0.0,2.82,0.0,0.0,,0
36,0.0277777777777778,0.0555555555555556,0.0,2.83,0.0,0.0,,0
36,0.0277777777777778,0.0555555555555556,0.0,2.84,0.0,0.0,,0
36,0.0277777777777778,0.0555555555555556,0.0,2.85,0.0,0.0,,0
36,0.0277777777777778,0.0555555555555556,0.0,2.86,0.0,0.0,,0
36,0.0277777777777778,0.0555555555555556,0.0,2.87,0.0,0.0,,0
36,0.0277777777777778,0.0555555555555556,0.0,2.88,0.0,0.0,,0
36,0.0277777777777778,0.0555555555555556,0.0,2.89,0.0,0.0,,0
36,0.0277777777777778,0.0555555555555556,0.0,2.9,0.0,0.0,,0
36,0.0277777777777778,0.0555555555555556,0.0,2.91,0.0,0.0,,0
36,0.0277777777777778,0.0555555555555556,0.0,2.92,0.0,0.0,,0
36,0.0277777777777778,0.0555555555555556,0.0,2.93,0.0001,0.0001,0.0,1
36,0.0277777777777778,0.0555555555555556,0.0,2.94,0.0001,0.0001,0.0,1
36,0.0277777777777778,0.0555555555555556,0.0,2.95,0.0001,0.0001,0.0,1
36,0.0277777777777778,0.0555555555555556,0.0,2.96,0.0002,0.0002,0.0,1
36,0.0277777777777778,0.0555555555555556,0.0,2.97,0.0002,0.0002,0.0,1
36,0.0277777777777778,0.0555555555555556,0.0,2.98,0.0003,0.0003,0.0,1
36,0.0277777777777778,0.0555555555555556,0.0,2.99,0.0003,0.0003,0.0,1
36,0.0277777777777778,0.0555555555555556,0.0,3.0,0.0004,0.0004,0.0,1
36,0.0277777777777778,0.0555555555555556,0.0,3.01,0.0004,0.0004,0.0,1
36,0.0277777777777778,0.0555555555555556,0.0,3.02,0.0005,0.0005,0.0,1
36,0.0277777777777778,0.0555555555555556,0.0,3.03,0.0005,0.0005,0.0,1
36,0.0277777777777778,0.0555555555555556,0.0,3.04,0.0005,0.0005,0.0,1
36,0.0277777777777778,0.0555555555555556,0.0,3.05,0.0005,0.0005,0.0,1
36,0.0277777777777778,0.0555555555555556,0.0,3.06,0.0005,0.0005,0.0,1
36,0.0277777777777778,0.0555555555555556,0.0,3.07,0.0004,0.0004,0.0,1
36,0.0277777777777778,0.0555555555555556,0.0,3.08,0.0004,0.0004,0.0,1
36,0.0277777777777778,0.0555555555555556,0.0,3.09,0.0003,0.0003,0.0,1
36,0.0277777777777778,0.0555555555555556,0.0,3.1,0.0002,0.0002,0.0,1
36,0.0277777777777778,0.0555555555555556,0.0,3.11,0.0002,0.0002,0.0,1
36,0.0277777777777778,0.0555555555555556,0.0,3.12,0.0001,0.0001,0.0,1
36,0.0277777777777778,0.0555555555555556,0.0,3.13,0.0001,0.0001,0.0,1
36,0.0277777777777778,0.0555555555555556,0.0,3.14,0.0001,0.0001,0.0,1
36,0.0277777777777778,0.0555555555555556,0.0,3.15,0.0,0.0,,0
36,0.0277777777777778,0.0555555555555556,0.0,3.16,0.0,0.0,,0
36,0.0277777777777778,0.0555555555555556,0.0,3.17,0.0,0.0,,0
36,0.0277777777777778,0.0555555555555556,0.0,3.18,0.0,0.0,,0
36,0.0277777777777778,0.0555555555555556,0.0,3.19,0.0,0.0,,0
36,0.0277777777777778,0.0555555555555556,0.0,3.2,0.0,0.0,,0
36,0.0277777777777778,0.0555555555555556,0.0,3.21,0.0,0.0,,0
36,0.0277777777777778,0.0555555555555556,0.0,3.22,0.0,0.0,,0
36,0.0277777777777778,0.0555555555555556,0.0,3.23,0.0,0.0,,0
36,0.0277777777777778,0.0555555555555556,0.0,3.24,0.0,0.0,,0
36,0.0277777777777778,0.0555555555555556,0.0,3.25,0.0,0.0,,0
36,0.0277777777777778,0.0555555555555556,0.0,3.26,0.0,0.0,,0
36,0.0277777777777778,0.0555555555555556,0.0,3.27,0.0,0.0,,0
36,0.0277777777777778,0.0555555555555556,0.0,3.28,0.0,0.0,,0
36,0.0277777777777778,0.0555555555555556,0.0,3.29,0.0,0.0,,0
36,0.0277777777777778,0.0555555555555556,0.0,3.3,0.0,0.0,,0
36,0.0277777777777778,0.0555555555555556,0.0,3.31,0.0,0.0,,0
36,0.0277777777777778,0.0555555555555556,0.0,3.32,0.0,0.0,,0
36,0.0277777777777778,0.0555555555555556,0.0,3.33,0.0,0.0,,0
36,0.0277777777777778,0.0555555555555556,0.0,3.34,0.0,0.0,,0
36,0.0277777777777778,0.0555555555555556,0.0,3.35,0.0,0.0,,0
36,0.0277777777777778,0.0555555555555556,0.0,3.36,0.0,0.0,,0
36,0.0277777777777778,0.0555555555555556,0.0,3.37,0.0,0.0,,0
36,0.0277777777777778,0.0555555555555556,0.0,3.38,0.0,0.0,,0
36,0.0277777777777778,0.0555555555555556,0.0,3.39,0.0,0.0,,0
36,0.0277777777777778,0.0555555555555556,0.0,3.4,0.0,0.0,,0
36,0.0277777777777778,0.0555555555555556,0.0,3.41,0.0,0.0,,0
36,0.0277777777777778,0.0555555555555556,0.0,3.42,0.0,0.0,,0
36,0.0277777777777778,0.0555555555555556,0.0,3.43,0.0,0.0,,0
36,0.0277777777777778,0.0555555555555556,0.0,3.44,0.0,0.0,,0
36,0.0277777777777778,0.0555555555555556,0.0,3.45,0.0,0.0,,0
36,0.0277777777777778,0.0555555555555556,0.0,3.46,0.0,0.0,,0
36,0.0277777777777778,0.0555555555555556,0.0,3.47,0.0,0.0,,0
36,0.0277777777777778,0.0555555555555556,0.0,3.48,0.0,0.0,,0
36,0.0277777777777778,0.0555555555555556,0.0,3.49,0.0,0.0,,0
36,0.0277777777777778,0.0555555555555556,0.0,3.5,0.0,0.0,,0
36,0.0277777777777778,0.0555555555555556,0.0,3.51,0.0,0.0,,0
36,0.0277777777777778,0.0555555555555556,0.0,3.52,0.0,0.0,,0
36,0.0277777777777778,0.0555555555555556,0.0,3.53,0.0,0.0,,0
36,0.0277777777777778,0.0555555555555556,0.0,3.54,0.0,0.0,,0
36,0.0277777777777778,0.0555555555555556,0.0,3.55,0.0,0.0,,0
36,0.0277777777777778,0.0555555555555556,0.0,3.56,0.0,0.0,,0
36,0.0277777777777778,0.0555555555555556,0.0,3.57,0.0,0.0,,0
36,0.0277777777777778,0.0555555555555556,0.0,3.58,0.0,0.0,,0
36,0.0277777777777778,0.0555555555555556,0.0,3.59,0.0,0.0,,0
36,0.0277777777777778,0.0555555555555556,0.0,3.6,0.0,0.0,,0
36,0.0277777777777778,0.0555555555555556,0.0,3.61,0.0,0.0,,0
36,0.0277777777777778,0.0555555555555556,0.0,3.62,0.0001,0.0001,0.0,1
36,0.0277777777777778,0.0555555555555556,0.0,3.63,0.0001,0.0001,0.0,1
36,0.0277777777777778,0.0555555555555556,0.0,3.64,0.0002,0.0002,0.0,1
36,0.0277777777777778,0.0555555555555556,0.0,3.65,0.0003,0.0003,0.0,1
36,0.0277777777777778,0.0555555555555556,0.0,3.66,0.0005,0.0005,0.0,1
36,0.0277777777777778,0.0555555555555556,0.0,3.67,0.0008,0.0008,0.0,1
36,0.0277777777777778,0.0555555555555556,0.0,3.68,0.0011,0.0011,0.0,1
36,0.0277777777777778,0.0555555555555556,0.0,3.69,0.0016,0.0016,0.0,1
36,0.0277777777777778,0.0555555555555556,0.0,3.7,0.0021,0.0021,0.0,1
36,0.0277777777777778,0.0555555555555556,0.0,3.71,0.0027,0.0027,0.0,1
36,0.0277777777777778,0.0555555555555556,0.0,3.72,0.0034,0.0034,0.0,1
36,0.0277777777777778,0.0555555555555556,0.0,3.73,0.004,0.004,0.0,1
36,0.0277777777777778,0.0555555555555556,0.0,3.74,0.0046,0.0046,0.0,1
36,0.0277777777777778,0.0555555555555556,0.0,3.75,0.0051,0.0051,0.0,1
36,0.0277777777777778,0.0555555555555556,0.0,3.76,0.0055,0.0055,0.0,1
36,0.0277777777777778,0.0555555555555556,0.0,3.77,0.0056,0.0056,0.0,1
36,0.0277777777777778,0.0555555555555556,0.0,3.78,0.0055,0.0055,0.0,1
36,0.0277777777777778,0.0555555555555556,0.0,3.79,0.0052,0.0052,0.0,1
36,0.0277777777777778,0.0555555555555556,0.0,3.8,0.0048,0.0048,0.0,1
36,0.0277777777777778,0.0555555555555556,0.0,3.81,0.0042,0.0042,0.0,1
36,0.0277777777777778,0.0555555555555556,0.0,3.82,0.0036,0.0036,0.0,1
36,0.0277777777777778,0.0555555555555556,0.0,3.83,0.003,0.003,0.0,1
36,0.0277777777777778,0.0555555555555556,0.0,3.84,0.0025,0.0025,0.0,1
36,0.0277777777777778,0.0555555555555556,0.0,3.85,0.0022,0.0022,0.0,1
36,0.0277777777777778,0.0555555555555556,0.0,3.86,0.002,0.002,0.0,1
36,0.0277777777777778,0.0555555555555556,0.0,3.87,0.0021,0.0021,0.0,1
36,0.0277777777777778,0.0555555555555556,0.0,3.88,0.0024,0.0024,0.0,1
36,0.0277777777777778,0.0555555555555556,0.0,3.89,0.0029,0.0029,0.0,1
36,0.0277777777777778,0.0555555555555556,0.0,3.9,0.0037,0.0037,0.0,1
36,0.0277777777777778,0.0555555555555556,0.0,3.91,0.0046,0.0046,0.0,1
36,0.0277777777777778,0.0555555555555556,0.0,3.92,0.0057,0.0057,0.0,1
36,0.0277777777777778,0.0555555555555556,0.0,3.93,0.0068,0.0068,0.0,1
36,0.0277777777777778,0.0555555555555556,0.0,3.94,0.0079,0.0079,0.0,1
36,0.0277777777777778,0.0555555555555556,0.0,3.95,0.0088,0.0088,0.0,1
36,0.0277777777777778,0.0555555555555556,0.0,3.96,0.0094,0.0094,0.0,1
36,0.0277777777777778,0.0555555555555556,0.0,3.97,0.0098,0.0098,0.0,1
36,0.0277777777777778,0.0555555555555556,0.0,3.98,0.0099,0.0099,0.0,1
36,0.0277777777777778,0.0555555555555556,0.0,3.99,0.0097,0.0097,0.0,1
36,0.0277777777777778,0.0555555555555556,0.0,4.0,0.0093,0.0093,0.0,1
37,0.0,0.0,0.0,0.5,0.0,0.0,,0
37,0.0,0.0,0.0,0.51,0.0,0.0,,0
37,0.0,0.0,0.0,0.52,0.0,0.0,,0
37,0.0,0.0,0.0,0.53,0.0,0.0,,0
37,0.0,0.0,0.0,0.54,0.0,0.0,,0
37,0.0,0.0,0.0,0.55,0.0,0.0,,0
37,0.0,0.0,0.0,0.56,0.0,0.0,,0
37,0.0,0.0,0.0,0.57,0.0,0.0,,0
37,0.0,0.0,0.0,0.58,0.0,0.0,,0
37,0.0,0.0,0.0,0.59,0.0,0.0,,0
37,0.0,0.0,0.0,0.6,0.0,0.0,,0
37,0.0,0.0,0.0,0.61,0.0,0.0,,0
37,0.0,0.0,0.0,0.62,0.0,0.0,,0
37,0.0,0.0,0.0,0.63,0.0,0.0,,0
37,0.0,0.0,0.0,0.64,0.0,0.0,,0
37,0.0,0.0,0.0,0.65,0.0,0.0,,0
37,0.0,0.0,0.0,0.66,0.0,0.0,,0
37,0.0,0.0,0.0,0.67,0.0,0.0,,0
37,0.0,0.0,0.0,0.68,0.0,0.0,,0
37,0.0,0.0,0.0,0.69,0.0,0.0,,0
37,0.0,0.0,0.0,0.7,0.0,0.0,,0
37,0.0,0.0,0.0,0.71,0.0,0.0,,0
37,0.0,0.0,0.0,0.72,0.0,0.0,,0
37,0.0,0.0,0.0,0.73,0.0,0.0,,0
37,0.0,0.0,0.0,0.74,0.0,0.0,,0
37,0.0,0.0,0.0,0.75,0.0,0.0,,0
37,0.0,0.0,0.0,0.76,0.0,0.0,,0
37,0.0,0.0,0.0,0.77,0.0,0.0,,0
37,0.0,0.0,0.0,0.78,0.0,0.0,,0
37,0.0,0.0,0.0,0.79,0.0,0.0,,0
37,0.0,0.0,0.0,0.8,0.0,0.0,,0
37,0.0,0.0,0.0,0.81,0.0,0.0,,0
37,0.0,0.0,0.0,0.82,0.0,0.0,,0
37,0.0,0.0,0.0,0.83,0.0,0.0,,0
37,0.0,0.0,0.0,0.84,0.0,0.0,,0
37,0.0,0.0,0.0,0.85,0.0,0.0,,0
37,0.0,0.0,0.0,0.86,0.0,0.0,,0
37,0.0,0.0,0.0,0.87,0.0,0.0,,0
37,0.0,0.0,0.0,0.88,0.0,0.0,,0
37,0.0,0.0,0.0,0.89,0.0,0.0,,0
37,0.0,0.0,0.0,0.9,0.0,0.0,,0
37,0.0,0.0,0.0,0.91,0.0,0.0,,0
37,0.0,0.0,0.0,0.92,0.0,0.0,,0
37,0.0,0.0,0.0,0.93,0.0,0.0,,0
37,0.0,0.0,0.0,0.94,0.0,0.0,,0
37,0.0,0.0,0.0,0.95,0.0,0.0,,0
37,0.0,0.0,0.0,0.96,0.0,0.0,,0
37,0.0,0.0,0.0,0.97,0.0,0.0,,0
37,0.0,0.0,0.0,0.98,0.0,0.0,,0
37,0.0,0.0,0.0,0.99,0.0,0.0,,0
37,0.0,0.0,0.0,1.0,0.0,0.0,,0
37,0.0,0.0,0.0,1.01,0.0,0.0,,0
37,0.0,0.0,0.0,1.02,0.0,0.0,,0
37,0.0,0.0,0.0,1.03,0.0,0.0,,0
37,0.0,0.0,0.0,1.04,0.0,0.0,,0
37,0.0,0.0,0.0,1.05,0.0,0.0,,0
37,0.0,0.0,0.0,1.06,0.0,0.0,,0
37,0.0,0.0,0.0,1.07,0.0,0.0,,0
37,0.0,0.0,0.0,1.08,0.0,0.0,,0
37,0.0,0.0,0.0,1.09,0.0,0.0,,0
37,0.0,0.0,0.0,1.1,0.0,0.0,,0
37,0.0,0.0,0.0,1.11,0.0,0.0,,0
37,0.0,0.0,0.0,1.12,0.0,0.0,,0
37,0.0,0.0,0.0,1.13,0.0,0.0,,0
37,0.0,0.0,0.0,1.14,0.0,0.0,,0
37,0.0,0.0,0.0,1.15,0.0,0.0,,0
37,0.0,0.0,0.0,1.16,0.0,0.0,,0
37,0.0,0.0,0.0,1.17,0.0,0.0,,0
37,0.0,0.0,0.0,1.18,0.0,0.0,,0
37,0.0,0.0,0.0,1.19,0.0,0.0,,0
37,0.0,0.0,0.0,1.2,0.0,0.0,,0
37,0.0,0.0,0.0,1.21,0.0,0.0,,0
37,0.0,0.0,0.0,1.22,0.0,0.0,,0
37,0.0,0.0,0.0,1.23,0.0,0.0,,0
37,0.0,0.0,0.0,1.24,0.0,0.0,,0
37,0.0,0.0,0.0,1.25,0.0,0.0,,0
37,0.0,0.0,0.0,1.26,0.0,0.0,,0
37,0.0,0.0,0.0,1.27,0.0,0.0,,0
37,0.0,0.0,0.0,1.28,0.0,0.0,,0
37,0.0,0.0,0.0,1.29,0.0,0.0,,0
37,0.0,0.0,0.0,1.3,0.0,0.0,,0
37,0.0,0.0,0.0,1.31,0.0,0.0,,0
37,0.0,0.0,0.0,1.32,0.0,0.0,,0
37,0.0,0.0,0.0,1.33,0.0,0.0,,0
37,0.0,0.0,0.0,1.34,0.0,0.0,,0
37,0.0,0.0,0.0,1.35,0.0,0.0,,0
37,0.0,0.0,0.0,1.36,0.0,0.0,,0
37,0.0,0.0,0.0,1.37,0.0,0.0,,0
37,0.0,0.0,0.0,1.38,0.0,0.0,,0
37,0.0,0.0,0.0,1.39,0.0,0.0,,0
37,0.0,0.0,0.0,1.4,0.0,0.0,,0
37,0.0,0.0,0.0,1.41,0.0,0.0,,0
37,0.0,0.0,0.0,1.42,0.0,0.0,,0
37,0.0,0.0,0.0,1.43,0.0,0.0,,0
37,0.0,0.0,0.0,1.44,0.0,0.0,,0
37,0.0,0.0,0.0,1.45,0.0,0.0,,0
37,0.0,0.0,0.0,1.46,0.0,0.0,,0
37,0.0,0.0,0.0,1.47,0.0,0.0,,0
37,0.0,0.0,0.0,1.48,0.0,0.0,,0
37,0.0,0.0,0.0,1.49,0.0,0.0,,0
37,0.0,0.0,0.0,1.5,0.0,0.0,,0
37,0.0,0.0,0.0,1.51,0.0,0.0,,0
37,0.0,0.0,0.0,1.52,0.0,0.0,,0
37,0.0,0.0,0.0,1.53,0.0,0.0,,0
37,0.0,0.0,0.0,1.54,0.0,0.0,,0
37,0.0,0.0,0.0,1.55,0.0,0.0,,0
37,0.0,0.0,0.0,1.56,0.0,0.0,,0
37,0.0,0.0,0.0,1.57,0.0,0.0,,0
37,0.0,0.0,0.0,1.58,0.0,0.0,,0
37,0.0,0.0,0.0,1.59,0.0,0.0,,0
37,0.0,0.0,0.0,1.6,0.0,0.0,,0
37,0.0,0.0,0.0,1.61,0.0,0.0,,0
37,0.0,0.0,0.0,1.62,0.0,0.0,,0
37,0.0,0.0,0.0,1.63,0.0,0.0,,0
37,0.0,0.0,0.0,1.64,0.0,0.0,,0
37,0.0,0.0,0.0,1.65,0.0,0.0,,0
37,0.0,0.0,0.0,1.66,0.0,0.0,,0
37,0.0,0.0,0.0,1.67,0.0,0.0,,0
37,0.0,0.0,0.0,1.68,0.0,0.0,,0
37,0.0,0.0,0.0,1.69,0.0,0.0,,0
37,0.0,0.0,0.0,1.7,0.0,0.0,,0
37,0.0,0.0,0.0,1.71,0.0,0.0,,0
37,0.0,0.0,0.0,1.72,0.0,0.0,,0
37,0.0,0.0,0.0,1.73,0.0,0.0,,0
37,0.0,0.0,0.0,1.74,0.0,0.0,,0
37,0.0,0.0,0.0,1.75,0.0,0.0,,0
37,0.0,0.0,0.0,1.76,0.0,0.0,,0
37,0.0,0.0,0.0,1.77,0.0,0.0,,0
37,0.0,0.0,0.0,1.78,0.0,0.0,,0
37,0.0,0.0,0.0,1.79,0.0,0.0,,0
37,0.0,0.0,0.0,1.8,0.0,0.0,,0
37,0.0,0.0,0.0,1.81,0.0,0.0,,0
37,0.0,0.0,0.0,1.82,0.0,0.0,,0
37,0.0,0.0,0.0,1.83,0.0,0.0,,0
37,0.0,0.0,0.0,1.84,0.0,0.0,,0
37,0.0,0.0,0.0,1.85,0.0,0.0,,0
37,0.0,0.0,0.0,1.86,0.0,0.0,,0
37,0.0,0.0,0.0,1.87,0.0,0.0,,0
37,0.0,0.0,0.0,1.88,0.0,0.0,,0
37,0.0,0.0,0.0,1.89,0.0,0.0,,0
37,0.0,0.0,0.0,1.9,0.0,0.0,,0
37,0.0,0.0,0.0,1.91,0.0,0.0,,0
37,0.0,0.0,0.0,1.92,0.0,0.0,,0
37,0.0,0.0,0.0,1.93,0.0,0.0,,0
37,0.0,0.0,0.0,1.94,0.0,0.0,,0
37,0.0,0.0,0.0,1.95,0.0,0.0,,0
37,0.0,0.0,0.0,1.96,0.0,0.0,,0
37,0.0,0.0,0.0,1.97,0.0,0.0,,0
37,0.0,0.0,0.0,1.98,0.0,0.0,,0
37,0.0,0.0,0.0,1.99,0.0,0.0,,0
37,0.0,0.0,0.0,2.0,0.0,0.0,,0
37,0.0,0.0,0.0,2.01,0.0,0.0,,0
37,0.0,0.0,0.0,2.02,0.0,0.0,,0
37,0.0,0.0,0.0,2.03,0.0,0.0,,0
37,0.0,0.0,0.0,2.04,0.0,0.0,,0
37,0.0,0.0,0.0,2.05,0.0,0.0,,0
37,0.0,0.0,0.0,2.06,0.0,0.0,,0
37,0.0,0.0,0.0,2.07,0.0,0.0,,0
37,0.0,0.0,0.0,2.08,0.0,0.0,,0
37,0.0,0.0,0.0,2.09,0.0,0.0,,0
37,0.0,0.0,0.0,2.1,0.0,0.0,,0
37,0.0,0.0,0.0,2.11,0.0,0.0,,0
37,0.0,0.0,0.0,2.12,0.0,0.0,,0
37,0.0,0.0,0.0,2.13,0.0,0.0,,0
37,0.0,0.0,0.0,2.14,0.0,0.0,,0
37,0.0,0.0,0.0,2.15,0.0,0.0,,0
37,0.0,0.0,0.0,2.16,0.0,0.0,,0
37,0.0,0.0,0.0,2.17,0.0,0.0,,0
37,0.0,0.0,0.0,2.18,0.0,0.0,,0
37,0.0,0.0,0.0,2.19,0.0,0.0,,0
37,0.0,0.0,0.0,2.2,0.0,0.0,,0
37,0.0,0.0,0.0,2.21,0.0,0.0,,0
37,0.0,0.0,0.0,2.22,0.0,0.0,,0
37,0.0,0.0,0.0,2.23,0.0001,0.0001,0.0,1
37,0.0,0.0,0.0,2.24,0.0001,0.0001,0.0,1
37,0.0,0.0,0.0,2.25,0.0002,0.0002,0.0,1
37,0.0,0.0,0.0,2.26,0.0003,0.0003,0.0,1
37,0.0,0.0,0.0,2.27,0.0005,0.0005,0.0,1
37,0.0,0.0,0.0,2.28,0.0007,0.0007,0.0,1
37,0.0,0.0,0.0,2.29,0.001,0.001,0.0,1
37,0.0,0.0,0.0,2.3,0.0013,0.0013,0.0,1
37,0.0,0.0,0.0,2.31,0.0016,0.0016,0.0,1
37,0.0,0.0,0.0,2.32,0.002,0.002,0.0,1
37,0.0,0.0,0.0,2.33,0.0023,0.0023,0.0,1
37,0.0,0.0,0.0,2.34,0.0026,0.0026,0.0,1
37,0.0,0.0,0.0,2.35,0.0028,0.0028,0.0,1
37,0.0,0.0,0.0,2.36,0.0029,0.0029,0.0,1
37,0.0,0.0,0.0,2.37,0.0029,0.0029,0.0,1
37,0.0,0.0,0.0,2.38,0.0028,0.0028,0.0,1
37,0.0,0.0,0.0,2.39,0.0025,0.0025,0.0,1
37,0.0,0.0,0.0,2.4,0.0022,0.0022,0.0,1
37,0.0,0.0,0.0,2.41,0.0019,0.0019,0.0,1
37,0.0,0.0,0.0,2.42,0.0016,0.0016,0.0,1
37,0.0,0.0,0.0,2.43,0.0012,0.0012,0.0,1
37,0.0,0.0,0.0,2.44,0.0009,0.0009,0.0,1
37,0.0,0.0,0.0,2.45,0.0007,0.0007,0.0,1
37,0.0,0.0,0.0,2.46,0.0005,0.0005,0.0,1
37,0.0,0.0,0.0,2.47,0.0003,0.0003,0.0,1
37,0.0,0.0,0.0,2.48,0.0002,0.0002,0.0,1
37,0.0,0.0,0.0,2.49,0.0001,0.0001,0.0,1
37,0.0,0.0,0.0,2.5,0.0001,0.0001,0.0,1
37,0.0,0.0,0.0,2.51,0.0,0.0,,0
37,0.0,0.0,0.0,2.52,0.0,0.0,,0
37,0.0,0.0,0.0,2.53,0.0,0.0,,0
37,0.0,0.0,0.0,2.54,0.0,0.0,,0
37,0.0,0.0,0.0,2.55,0.0,0.0,,0
37,0.0,0.0,0.0,2.56,0.0,0.0,,0
37,0.0,0.0,0.0,2.57,0.0,0.0,,0
37,0.0,0.0,0.0,2.58,0.0,0.0,,0
37,0.0,0.0,0.0,2.59,0.0,0.0,,0
37,0.0,0.0,0.0,2.6,0.0,0.0,,0
37,0.0,0.0,0.0,2.61,0.0,0.0,,0
37,0.0,0.0,0.0,2.62,0.0,0.0,,0
37,0.0,0.0,0.0,2.63,0.0,0.0,,0
37,0.0,0.0,0.0,2.64,0.0,0.0,,0
37,0.0,0.0,0.0,2.65,0.0,0.0,,0
37,0.0,0.0,0.0,2.66,0.0,0.0,,0
37,0.0,0.0,0.0,2.67,0.0,0.0,,0
37,0.0,0.0,0.0,2.68,0.0,0.0,,0
37,0.0,0.0,0.0,2.69,0.0,0.0,,0
37,0.0,0.0,0.0,2.7,0.0,0.0,,0
37,0.0,0.0,0.0,2.71,0.0,0.0,,0
37,0.0,0.0,0.0,2.72,0.0,0.0,,0
37,0.0,0.0,0.0,2.73,0.0,0.0,,0
37,0.0,0.0,0.0,2.74,0.0,0.0,,0
37,0.0,0.0,0.0,2.75,0.0,0.0,,0
37,0.0,0.0,0.0,2.76,0.0,0.0,,0
37,0.0,0.0,0.0,2.77,0.0,0.0,,0
37,0.0,0.0,0.0,2.78,0.0,0.0,,0
37,0.0,0.0,0.0,2.79,0.0,0.0,,0
37,0.0,0.0,0.0,2.8,0.0,0.0,,0
37,0.0,0.0,0.0,2.81,0.0,0.0,,0
37,0.0,0.0,0.0,2.82,0.0,0.0,,0
37,0.0,0.0,0.0,2.83,0.0,0.0,,0
37,0.0,0.0,0.0,2.84,0.0,0.0,,0
37,0.0,0.0,0.0,2.85,0.0,0.0,,0
37,0.0,0.0,0.0,2.86,0.0,0.0,,0
37,0.0,0.0,0.0,2.87,0.0,0.0,,0
37,0.0,0.0,0.0,2.88,0.0,0.0,,0
37,0.0,0.0,0.0,2.89,0.0,0.0,,0
37,0.0,0.0,0.0,2.9,0.0,0.0,,0
37,0.0,0.0,0.0,2.91,0.0,0.0,,0
37,0.0,0.0,0.0,2.92,0.0,0.0,,0
37,0.0,0.0,0.0,2.93,0.0,0.0,,0
37,0.0,0.0,0.0,2.94,0.0,0.0,,0
37,0.0,0.0,0.0,2.95,0.0,0.0,,0
37,0.0,0.0,0.0,2.96,0.0,0.0,,0
37,0.0,0.0,0.0,2.97,0.0,0.0,,0
37,0.0,0.0,0.0,2.98,0.0,0.0,,0
37,0.0,0.0,0.0,2.99,0.0,0.0,,0
37,0.0,0.0,0.0,3.0,0.0001,0.0001,0.0,1
37,0.0,0.0,0.0,3.01,0.0001,0.0001,0.0,1
37,0.0,0.0,0.0,3.02,0.0001,0.0001,0.0,1
37,0.0,0.0,0.0,3.03,0.0001,0.0001,0.0,1
37,0.0,0.0,0.0,3.04,0.0001,0.0001,0.0,1
37,0.0,0.0,0.0,3.05,0.0002,0.0002,0.0,1
37,0.0,0.0,0.0,3.06,0.0002,0.0002,0.0,1
37,0.0,0.0,0.0,3.07,0.0002,0.0002,0.0,1
37,0.0,0.0,0.0,3.08,0.0002,0.0002,0.0,1
37,0.0,0.0,0.0,3.09,0.0002,0.0002,0.0,1
37,0.0,0.0,0.0,3.1,0.0002,0.0002,0.0,1
37,0.0,0.0,0.0,3.11,0.0001,0.0001,0.0,1
37,0.0,0.0,0.0,3.12,0.0001,0.0001,0.0,1
37,0.0,0.0,0.0,3.13,0.0001,0.0001,0.0,1
37,0.0,0.0,0.0,3.14,0.0001,0.0001,0.0,1
37,0.0,0.0,0.0,3.15,0.0001,0.0001,0.0,1
37,0.0,0.0,0.0,3.16,0.0,0.0,,0
37,0.0,0.0,0.0,3.17,0.0,0.0,,0
37,0.0,0.0,0.0,3.18,0.0,0.0,,0
37,0.0,0.0,0.0,3.19,0.0,0.0,,0
37,0.0,0.0,0.0,3.2,0.0,0.0,,0
37,0.0,0.0,0.0,3.21,0.0,0.0,,0
37,0.0,0.0,0.0,3.22,0.0,0.0,,0
37,0.0,0.0,0.0,3.23,0.0,0.0,,0
37,0.0,0.0,0.0,3.24,0.0,0.0,,0
37,0.0,0.0,0.0,3.25,0.0,0.0,,0
37,0.0,0.0,0.0,3.26,0.0,0.0,,0
37,0.0,0.0,0.0,3.27,0.0,0.0,,0
37,0.0,0.0,0.0,3.28,0.0,0.0,,0
37,0.0,0.0,0.0,3.29,0.0,0.0,,0
37,0.0,0.0,0.0,3.3,0.0,0.0,,0
37,0.0,0.0,0.0,3.31,0.0,0.0,,0
37,0.0,0.0,0.0,3.32,0.0,0.0,,0
37,0.0,0.0,0.0,3.33,0.0,0.0,,0
37,0.0,0.0,0.0,3.34,0.0,0.0,,0
37,0.0,0.0,0.0,3.35,0.0,0.0,,0
37,0.0,0.0,0.0,3.36,0.0,0.0,,0
37,0.0,0.0,0.0,3.37,0.0,0.0,,0
37,0.0,0.0,0.0,3.38,0.0,0.0,,0
37,0.0,0.0,0.0,3.39,0.0,0.0,,0
37,0.0,0.0,0.0,3.4,0.0,0.0,,0
37,0.0,0.0,0.0,3.41,0.0,0.0,,0
37,0.0,0.0,0.0,3.42,0.0,0.0,,0
37,0.0,0.0,0.0,3.43,0.0,0.0,,0
37,0.0,0.0,0.0,3.44,0.0,0.0,,0
37,0.0,0.0,0.0,3.45,0.0,0.0,,0
37,0.0,0.0,0.0,3.46,0.0,0.0,,0
37,0.0,0.0,0.0,3.47,0.0,0.0,,0
37,0.0,0.0,0.0,3.48,0.0,0.0,,0
37,0.0,0.0,0.0,3.49,0.0,0.0,,0
37,0.0,0.0,0.0,3.5,0.0,0.0,,0
37,0.0,0.0,0.0,3.51,0.0,0.0,,0
37,0.0,0.0,0.0,3.52,0.0,0.0,,0
37,0.0,0.0,0.0,3.53,0.0,0.0,,0
37,0.0,0.0,0.0,3.54,0.0,0.0,,0
37,0.0,0.0,0.0,3.55,0.0,0.0,,0
37,0.0,0.0,0.0,3.56,0.0,0.0,,0
37,0.0,0.0,0.0,3.57,0.0,0.0,,0
37,0.0,0.0,0.0,3.58,0.0,0.0,,0
37,0.0,0.0,0.0,3.59,0.0,0.0,,0
37,0.0,0.0,0.0,3.6,0.0,0.0,,0
37,0.0,0.0,0.0,3.61,0.0,0.0,,0
37,0.0,0.0,0.0,3.62,0.0,0.0,,0
37,0.0,0.0,0.0,3.63,0.0,0.0,,0
37,0.0,0.0,0.0,3.64,0.0,0.0,,0
37,0.0,0.0,0.0,3.65,0.0,0.0,,0
37,0.0,0.0,0.0,3.66,0.0,0.0,,0
37,0.0,0.0,0.0,3.67,0.0,0.0,,0
37,0.0,0.0,0.0,3.68,0.0,0.0,,0
37,0.0,0.0,0.0,3.69,0.0,0.0,,0
37,0.0,0.0,0.0,3.7,0.0,0.0,,0
37,0.0,0.0,0.0,3.71,0.0,0.0,,0
37,0.0,0.0,0.0,3.72,0.0,0.0,,0
37,0.0,0.0,0.0,3.73,0.0,0.0,,0
37,0.0,0.0,0.0,3.74,0.0,0.0,,0
37,0.0,0.0,0.0,3.75,0.0,0.0,,0
37,0.0,0.0,0.0,3.76,0.0,0.0,,0
37,0.0,0.0,0.0,3.77,0.0,0.0,,0
37,0.0,0.0,0.0,3.78,0.0,0.0,,0
37,0.0,0.0,0.0,3.79,0.0,0.0,,0
37,0.0,0.0,0.0,3.8,0.0,0.0,,0
37,0.0,0.0,0.0,3.81,0.0,0.0,,0
37,0.0,0.0,0.0,3.82,0.0,0.0,,0
37,0.0,0.0,0.0,3.83,0.0,0.0,,0
37,0.0,0.0,0.0,3.84,0.0001,0.0001,0.0,1
37,0.0,0.0,0.0,3.85,0.0002,0.0002,0.0,1
37,0.0,0.0,0.0,3.86,0.0003,0.0003,0.0,1
37,0.0,0.0,0.0,3.87,0.0005,0.0005,0.0,1
37,0.0,0.0,0.0,3.88,0.0009,0.0009,0.0,1
37,0.0,0.0,0.0,3.89,0.0014,0.0014,0.0,1
37,0.0,0.0,0.0,3.9,0.0021,0.0021,0.0,1
37,0.0,0.0,0.0,3.91,0.0031,0.0031,0.0,1
37,0.0,0.0,0.0,3.92,0.0045,0.0045,0.0,1
37,0.0,0.0,0.0,3.93,0.0062,0.0062,0.0,1
37,0.0,0.0,0.0,3.94,0.0082,0.0082,0.0,1
37,0.0,0.0,0.0,3.95,0.0105,0.0105,0.0,1
37,0.0,0.0,0.0,3.96,0.0131,0.0131,0.0,1
37,0.0,0.0,0.0,3.97,0.0157,0.0157,0.0,1
37,0.0,0.0,0.0,3.98,0.0183,0.0183,0.0,1
37,0.0,0.0,0.0,3.99,0.0207,0.0207,0.0,1
37,0.0,0.0,0.0,4.0,0.0228,0.0228,0.0,1
38,-0.0277777777777778,-0.0555555555555556,0.0,0.5,0.0,0.0,,0
38,-0.0277777777777778,-0.0555555555555556,0.0,0.51,0.0,0.0,,0
38,-0.0277777777777778,-0.0555555555555556,0.0,0.52,0.0,0.0,,0
38,-0.0277777777777778,-0.0555555555555556,0.0,0.53,0.0,0.0,,0
38,-0.0277777777777778,-0.0555555555555556,0.0,0.54,0.0,0.0,,0
38,-0.0277777777777778,-0.0555555555555556,0.0,0.55,0.0,0.0,,0
38,-0.0277777777777778,-0.0555555555555556,0.0,0.56,0.0,0.0,,0
38,-0.0277777777777778,-0.0555555555555556,0.0,0.57,0.0,0.0,,0
38,-0.0277777777777778,-0.0555555555555556,0.0,0.58,0.0,0.0,,0
38,-0.0277777777777778,-0.0555555555555556,0.0,0.59,0.0,0.0,,0
38,-0.0277777777777778,-0.0555555555555556,0.0,0.6,0.0,0.0,,0
38,-0.0277777777777778,-0.0555555555555556,0.0,0.61,0.0,0.0,,0
38,-0.0277777777777778,-0.0555555555555556,0.0,0.62,0.0,0.0,,0
38,-0.0277777777777778,-0.0555555555555556,0.0,0.63,0.0,0.0,,0
38,-0.0277777777777778,-0.0555555555555556,0.0,0.64,0.0,0.0,,0
38,-0.0277777777777778,-0.0555555555555556,0.0,0.65,0.0,0.0,,0
38,-0.0277777777777778,-0.0555555555555556,0.0,0.66,0.0,0.0,,0
38,-0.0277777777777778,-0.0555555555555556,0.0,0.67,0.0,0.0,,0
38,-0.0277777777777778,-0.0555555555555556,0.0,0.68,0.0,0.0,,0
38,-0.0277777777777778,-0.0555555555555556,0.0,0.69,0.0,0.0,,0
38,-0.0277777777777778,-0.0555555555555556,0.0,0.7,0.0,0.0,,0
38,-0.0277777777777778,-0.0555555555555556,0.0,0.71,0.0,0.0,,0
38,-0.0277777777777778,-0.0555555555555556,0.0,0.72,0.0,0.0,,0
38,-0.0277777777777778,-0.0555555555555556,0.0,0.73,0.0,0.0,,0
38,-0.0277777777777778,-0.0555555555555556,0.0,0.74,0.0,0.0,,0
38,-0.0277777777777778,-0.0555555555555556,0.0,0.75,0.0,0.0,,0
38,-0.0277777777777778,-0.0555555555555556,0.0,0.76,0.0,0.0,,0
38,-0.0277777777777778,-0.0555555555555556,0.0,0.77,0.0,0.0,,0
38,-0.0277777777777778,-0.0555555555555556,0.0,0.78,0.0,0.0,,0
38,-0.0277777777777778,-0.0555555555555556,0.0,0.79,0.0,0.0,,0
38,-0.0277777777777778,-0.0555555555555556,0.0,0.8,0.0,0.0,,0
38,-0.0277777777777778,-0.0555555555555556,0.0,0.81,0.0,0.0,,0
38,-0.0277777777777778,-0.0555555555555556,0.0,0.82,0.0,0.0,,0
38,-0.0277777777777778,-0.0555555555555556,0.0,0.83,0.0,0.0,,0
38,-0.0277777777777778,-0.0555555555555556,0.0,0.84,0.0,0.0,,0
38,-0.0277777777777778,-0.0555555555555556,0.0,0.85,0.0,0.0,,0
38,-0.0277777777777778,-0.0555555555555556,0.0,0.86,0.0,0.0,,0
38,-0.0277777777777778,-0.0555555555555556,0.0,0.87,0.0,0.0,,0
38,-0.0277777777777778,-0.0555555555555556,0.0,0.88,0.0,0.0,,0
38,-0.0277777777777778,-0.0555555555555556,0.0,0.89,0.0,0.0,,0
38,-0.0277777777777778,-0.0555555555555556,0.0,0.9,0.0,0.0,,0
38,-0.0277777777777778,-0.0555555555555556,0.0,0.91,0.0,0.0,,0
38,-0.0277777777777778,-0.0555555555555556,0.0,0.92,0.0,0.0,,0
38,-0.0277777777777778,-0.0555555555555556,0.0,0.93,0.0,0.0,,0
38,-0.0277777777777778,-0.0555555555555556,0.0,0.94,0.0,0.0,,0
38,-0.0277777777777778,-0.0555555555555556,0.0,0.95,0.0,0.0,,0
38,-0.0277777777777778,-0.0555555555555556,0.0,0.96,0.0,0.0,,0
38,-0.0277777777777778,-0.0555555555555556,0.0,0.97,0.0,0.0,,0
38,-0.0277777777777778,-0.0555555555555556,0.0,0.98,0.0,0.0,,0
38,-0.0277777777777778,-0.0555555555555556,0.0,0.99,0.0,0.0,,0
38,-0.0277777777777778,-0.0555555555555556,0.0,1.0,0.0,0.0,,0
38,-0.0277777777777778,-0.0555555555555556,0.0,1.01,0.0,0.0,,0
38,-0.0277777777777778,-0.0555555555555556,0.0,1.02,0.0,0.0,,0
38,-0.0277777777777778,-0.0555555555555556,0.0,1.03,0.0,0.0,,0
38,-0.0277777777777778,-0.0555555555555556,0.0,1.04,0.0,0.0,,0
38,-0.0277777777777778,-0.0555555555555556,0.0,1.05,0.0,0.0,,0
38,-0.0277777777777778,-0.0555555555555556,0.0,1.06,0.0,0.0,,0
38,-0.0277777777777778,-0.0555555555555556,0.0,1.07,0.0,0.0,,0
38,-0.0277777777777778,-0.0555555555555556,0.0,1.08,0.0,0.0,,0
38,-0.0277777777777778,-0.0555555555555556,0.0,1.09,0.0,0.0,,0
38,-0.0277777777777778,-0.0555555555555556,0.0,1.1,0.0,0.0,,0
38,-0.0277777777777778,-0.0555555555555556,0.0,1.11,0.0,0.0,,0
38,-0.0277777777777778,-0.0555555555555556,0.0,1.12,0.0,0.0,,0
38,-0.0277777777777778,-0.0555555555555556,0.0,1.13,0.0,0.0,,0
38,-0.0277777777777778,-0.0555555555555556,0.0,1.14,0.0,0.0,,0
38,-0.0277777777777778,-0.0555555555555556,0.0,1.15,0.0,0.0,,0
38,-0.0277777777777778,-0.0555555555555556,0.0,1.16,0.0,0.0,,0
38,-0.0277777777777778,-0.0555555555555556,0.0,1.17,0.0,0.0,,0
38,-0.0277777777777778,-0.0555555555555556,0.0,1.18,0.0,0.0,,0
38,-0.0277777777777778,-0.0555555555555556,0.0,1.19,0.0,0.0,,0
38,-0.0277777777777778,-0.0555555555555556,0.0,1.2,0.0,0.0,,0
38,-0.0277777777777778,-0.0555555555555556,0.0,1.21,0.0,0.0,,0
38,-0.0277777777777778,-0.0555555555555556,0.0,1.22,0.0,0.0,,0
38,-0.0277777777777778,-0.0555555555555556,0.0,1.23,0.0,0.0,,0
38,-0.0277777777777778,-0.0555555555555556,0.0,1.24,0.0,0.0,,0
38,-0.0277777777777778,-0.0555555555555556,0.0,1.25,0.0,0.0,,0
38,-0.0277777777777778,-0.0555555555555556,0.0,1.26,0.0,0.0,,0
38,-0.0277777777777778,-0.0555555555555556,0.0,1.27,0.0,0.0,,0
38,-0.0277777777777778,-0.0555555555555556,0.0,1.28,0.0,0.0,,0
38,-0.0277777777777778,-0.0555555555555556,0.0,1.29,0.0,0.0,,0
38,-0.0277777777777778,-0.0555555555555556,0.0,1.3,0.0,0.0,,0
38,-0.0277777777777778,-0.0555555555555556,0.0,1.31,0.0,0.0,,0
38,-0.0277777777777778,-0.0555555555555556,0.0,1.32,0.0,0.0,,0
38,-0.0277777777777778,-0.0555555555555556,0.0,1.33,0.0,0.0,,0
38,-0.0277777777777778,-0.0555555555555556,0.0,1.34,0.0,0.0,,0
38,-0.0277777777777778,-0.0555555555555556,0.0,1.35,0.0,0.0,,0
38,-0.0277777777777778,-0.0555555555555556,0.0,1.36,0.0,0.0,,0
38,-0.0277777777777778,-0.0555555555555556,0.0,1.37,0.0,0.0,,0
38,-0.0277777777777778,-0.0555555555555556,0.0,1.38,0.0,0.0,,0
38,-0.0277777777777778,-0.0555555555555556,0.0,1.39,0.0,0.0,,0
38,-0.0277777777777778,-0.0555555555555556,0.0,1.4,0.0,0.0,,0
38,-0.0277777777777778,-0.0555555555555556,0.0,1.41,0.0,0.0,,0
38,-0.0277777777777778,-0.0555555555555556,0.0,1.42,0.0,0.0,,0
38,-0.0277777777777778,-0.0555555555555556,0.0,1.43,0.0,0.0,,0
38,-0.0277777777777778,-0.0555555555555556,0.0,1.44,0.0,0.0,,0
38,-0.0277777777777778,-0.0555555555555556,0.0,1.45,0.0,0.0,,0
38,-0.0277777777777778,-0.0555555555555556,0.0,1.46,0.0,0.0,,0
38,-0.0277777777777778,-0.0555555555555556,0.0,1.47,0.0,0.0,,0
38,-0.0277777777777778,-0.0555555555555556,0.0,1.48,0.0,0.0,,0
38,-0.0277777777777778,-0.0555555555555556,0.0,1.49,0.0,0.0,,0
38,-0.0277777777777778,-0.0555555555555556,0.0,1.5,0.0,0.0,,0
38,-0.0277777777777778,-0.0555555555555556,0.0,1.51,0.0,0.0,,0
38,-0.0277777777777778,-0.0555555555555556,0.0,1.52,0.0,0.0,,0
38,-0.0277777777777778,-0.0555555555555556,0.0,1.53,0.0,0.0,,0
38,-0.0277777777777778,-0.0555555555555556,0.0,1.54,0.0,0.0,,0
38,-0.0277777777777778,-0.0555555555555556,0.0,1.55,0.0,0.0,,0
38,-0.0277777777777778,-0.0555555555555556,0.0,1.56,0.0,0.0,,0
38,-0.0277777777777778,-0.0555555555555556,0.0,1.57,0.0,0.0,,0
38,-0.0277777777777778,-0.0555555555555556,0.0,1.58,0.0,0.0,,0
38,-0.0277777777777778,-0.0555555555555556,0.0,1.59,0.0,0.0,,0
38,-0.0277777777777778,-0.0555555555555556,0.0,1.6,0.0,0.0,,0
38,-0.0277777777777778,-0.0555555555555556,0.0,1.61,0.0,0.0,,0
38,-0.0277777777777778,-0.0555555555555556,0.0,1.62,0.0,0.0,,0
38,-0.0277777777777778,-0.0555555555555556,0.0,1.63,0.0,0.0,,0
38,-0.0277777777777778,-0.0555555555555556,0.0,1.64,0.0,0.0,,0
38,-0.0277777777777778,-0.0555555555555556,0.0,1.65,0.0,0.0,,0
38,-0.0277777777777778,-0.0555555555555556,0.0,1.66,0.0,0.0,,0
38,-0.0277777777777778,-0.0555555555555556,0.0,1.67,0.0,0.0,,0
38,-0.0277777777777778,-0.0555555555555556,0.0,1.68,0.0,0.0,,0
38,-0.0277777777777778,-0.0555555555555556,0.0,1.69,0.0,0.0,,0
38,-0.0277777777777778,-0.0555555555555556,0.0,1.7,0.0,0.0,,0
38,-0.0277777777777778,-0.0555555555555556,0.0,1.71,0.0,0.0,,0
38,-0.0277777777777778,-0.0555555555555556,0.0,1.72,0.0,0.0,,0
38,-0.0277777777777778,-0.0555555555555556,0.0,1.73,0.0,0.0,,0
38,-0.0277777777777778,-0.0555555555555556,0.0,1.74,0.0,0.0,,0
38,-0.0277777777777778,-0.0555555555555556,0.0,1.75,0.0,0.0,,0
38,-0.0277777777777778,-0.0555555555555556,0.0,1.76,0.0,0.0,,0
38,-0.0277777777777778,-0.0555555555555556,0.0,1.77,0.0,0.0,,0
38,-0.0277777777777778,-0.0555555555555556,0.0,1.78,0.0,0.0,,0
38,-0.0277777777777778,-0.0555555555555556,0.0,1.79,0.0,0.0,,0
38,-0.0277777777777778,-0.0555555555555556,0.0,1.8,0.0,0.0,,0
38,-0.0277777777777778,-0.0555555555555556,0.0,1.81,0.0,0.0,,0
38,-0.0277777777777778,-0.0555555555555556,0.0,1.82,0.0,0.0,,0
38,-0.0277777777777778,-0.0555555555555556,0.0,1.83,0.0,0.0,,0
38,-0.0277777777777778,-0.0555555555555556,0.0,1.84,0.0,0.0,,0
38,-0.0277777777777778,-0.0555555555555556,0.0,1.85,0.0,0.0,,0
38,-0.0277777777777778,-0.0555555555555556,0.0,1.86,0.0,0.0,,0
38,-0.0277777777777778,-0.0555555555555556,0.0,1.87,0.0,0.0,,0
38,-0.0277777777777778,-0.0555555555555556,0.0,1.88,0.0,0.0,,0
38,-0.0277777777777778,-0.0555555555555556,0.0,1.89,0.0,0.0,,0
38,-0.0277777777777778,-0.0555555555555556,0.0,1.9,0.0,0.0,,0
38,-0.0277777777777778,-0.0555555555555556,0.0,1.91,0.0,0.0,,0
38,-0.0277777777777778,-0.0555555555555556,0.0,1.92,0.0,0.0,,0
38,-0.0277777777777778,-0.0555555555555556,0.0,1.93,0.0,0.0,,0
38,-0.0277777777777778,-0.0555555555555556,0.0,1.94,0.0,0.0,,0
38,-0.0277777777777778,-0.0555555555555556,0.0,1.95,0.0,0.0,,0
38,-0.0277777777777778,-0.0555555555555556,0.0,1.96,0.0,0.0,,0
38,-0.0277777777777778,-0.0555555555555556,0.0,1.97,0.0,0.0,,0
38,-0.0277777777777778,-0.0555555555555556,0.0,1.98,0.0,0.0,,0
38,-0.0277777777777778,-0.0555555555555556,0.0,1.99,0.0,0.0,,0
38,-0.0277777777777778,-0.0555555555555556,0.0,2.0,0.0,0.0,,0
38,-0.0277777777777778,-0.0555555555555556,0.0,2.01,0.0,0.0,,0
38,-0.0277777777777778,-0.0555555555555556,0.0,2.02,0.0,0.0,,0
38,-0.0277777777777778,-0.0555555555555556,0.0,2.03,0.0,0.0,,0
38,-0.0277777777777778,-0.0555555555555556,0.0,2.04,0.0,0.0,,0
38,-0.0277777777777778,-0.0555555555555556,0.0,2.05,0.0,0.0,,0
38,-0.0277777777777778,-0.0555555555555556,0.0,2.06,0.0,0.0,,0
38,-0.0277777777777778,-0.0555555555555556,0.0,2.07,0.0,0.0,,0
38,-0.0277777777777778,-0.0555555555555556,0.0,2.08,0.0,0.0,,0
38,-0.0277777777777778,-0.0555555555555556,0.0,2.09,0.0,0.0,,0
38,-0.0277777777777778,-0.0555555555555556,0.0,2.1,0.0,0.0,,0
38,-0.0277777777777778,-0.0555555555555556,0.0,2.11,0.0,0.0,,0
38,-0.0277777777777778,-0.0555555555555556,0.0,2.12,0.0,0.0,,0
38,-0.0277777777777778,-0.0555555555555556,0.0,2.13,0.0,0.0,,0
38,-0.0277777777777778,-0.0555555555555556,0.0,2.14,0.0,0.0,,0
38,-0.0277777777777778,-0.0555555555555556,0.0,2.15,0.0,0.0,,0
38,-0.0277777777777778,-0.0555555555555556,0.0,2.16,0.0,0.0,,0
38,-0.0277777777777778,-0.0555555555555556,0.0,2.17,0.0,0.0,,0
38,-0.0277777777777778,-0.0555555555555556,0.0,2.18,0.0,0.0,,0
38,-0.0277777777777778,-0.0555555555555556,0.0,2.19,0.0,0.0,,0
38,-0.0277777777777778,-0.0555555555555556,0.0,2.2,0.0,0.0,,0
38,-0.0277777777777778,-0.0555555555555556,0.0,2.21,0.0,0.0,,0
38,-0.0277777777777778,-0.0555555555555556,0.0,2.22,0.0,0.0,,0
38,-0.0277777777777778,-0.0555555555555556,0.0,2.23,0.0,0.0,,0
38,-0.0277777777777778,-0.0555555555555556,0.0,2.24,0.0,0.0,,0
38,-0.0277777777777778,-0.0555555555555556,0.0,2.25,0.0001,0.0001,0.0,1
38,-0.0277777777777778,-0.0555555555555556,0.0,2.26,0.0001,0.0001,0.0,1
38,-0.0277777777777778,-0.0555555555555556,0.0,2.27,0.0002,0.0002,0.0,1
38,-0.0277777777777778,-0.0555555555555556,0.0,2.28,0.0003,0.0003,0.0,1
38,-0.0277777777777778,-0.0555555555555556,0.0,2.29,0.0005,0.0005,0.0,1
38,-0.0277777777777778,-0.0555555555555556,0.0,2.3,0.0008,0.0008,0.0,1
38,-0.0277777777777778,-0.0555555555555556,0.0,2.31,0.0011,0.0011,0.0,1
38,-0.0277777777777778,-0.0555555555555556,0.0,2.32,0.0015,0.0015,0.0,1
38,-0.0277777777777778,-0.0555555555555556,0.0,2.33,0.0019,0.0019,0.0,1
38,-0.0277777777777778,-0.0555555555555556,0.0,2.34,0.0024,0.0024,0.0,1
38,-0.0277777777777778,-0.0555555555555556,0.0,2.35,0.0029,0.0029,0.0,1
38,-0.0277777777777778,-0.0555555555555556,0.0,2.36,0.0034,0.0034,0.0,1
38,-0.0277777777777778,-0.0555555555555556,0.0,2.37,0.0038,0.0038,0.0,1
38,-0.0277777777777778,-0.0555555555555556,0.0,2.38,0.0041,0.0041,0.0,1
38,-0.0277777777777778,-0.0555555555555556,0.0,2.39,0.0042,0.0042,0.0,1
38,-0.0277777777777778,-0.0555555555555556,0.0,2.4,0.0042,0.0042,0.0,1
38,-0.0277777777777778,-0.0555555555555556,0.0,2.41,0.004,0.004,0.0,1
38,-0.0277777777777778,-0.0555555555555556,0.0,2.42,0.0037,0.0037,0.0,1
38,-0.0277777777777778,-0.0555555555555556,0.0,2.43,0.0032,0.0032,0.0,1
38,-0.0277777777777778,-0.0555555555555556,0.0,2.44,0.0027,0.0027,0.0,1
38,-0.0277777777777778,-0.0555555555555556,0.0,2.45,0.0022,0.0022,0.0,1
38,-0.0277777777777778,-0.0555555555555556,0.0,2.46,0.0018,0.0018,0.0,1
38,-0.0277777777777778,-0.0555555555555556,0.0,2.47,0.0013,0.0013,0.0,1
38,-0.0277777777777778,-0.0555555555555556,0.0,2.48,0.001,0.001,0.0,1
38,-0.0277777777777778,-0.0555555555555556,0.0,2.49,0.0007,0.0007,0.0,1
38,-0.0277777777777778,-0.0555555555555556,0.0,2.5,0.0005,0.0005,0.0,1
38,-0.0277777777777778,-0.0555555555555556,0.0,2.51,0.0003,0.0003,0.0,1
38,-0.0277777777777778,-0.0555555555555556,0.0,2.52,0.0002,0.0002,0.0,1
38,-0.0277777777777778,-0.0555555555555556,0.0,2.53,0.0001,0.0001,0.0,1
38,-0.0277777777777778,-0.0555555555555556,0.0,2.54,0.0001,0.0001,0.0,1
38,-0.0277777777777778,-0.0555555555555556,0.0,2.55,0.0,0.0,,0
38,-0.0277777777777778,-0.0555555555555556,0.0,2.56,0.0,0.0,,0
38,-0.0277777777777778,-0.0555555555555556,0.0,2.57,0.0,0.0,,0
38,-0.0277777777777778,-0.0555555555555556,0.0,2.58,0.0,0.0,,0
38,-0.0277777777777778,-0.0555555555555556,0.0,2.59,0.0,0.0,,0
38,-0.0277777777777778,-0.0555555555555556,0.0,2.6,0.0,0.0,,0
38,-0.0277777777777778,-0.0555555555555556,0.0,2.61,0.0,0.0,,0
38,-0.0277777777777778,-0.0555555555555556,0.0,2.62,0.0,0.0,,0
38,-0.0277777777777778,-0.0555555555555556,0.0,2.63,0.0,0.0,,0
38,-0.0277777777777778,-0.0555555555555556,0.0,2.64,0.0,0.0,,0
38,-0.0277777777777778,-0.0555555555555556,0.0,2.65,0.0,0.0,,0
38,-0.0277777777777778,-0.0555555555555556,0.0,2.66,0.0,0.0,,0
38,-0.0277777777777778,-0.0555555555555556,0.0,2.67,0.0,0.0,,0
38,-0.0277777777777778,-0.0555555555555556,0.0,2.68,0.0,0.0,,0
38,-0.0277777777777778,-0.0555555555555556,0.0,2.69,0.0,0.0,,0
38,-0.0277777777777778,-0.0555555555555556,0.0,2.7,0.0,0.0,,0
38,-0.0277777777777778,-0.0555555555555556,0.0,2.71,0.0,0.0,,0
38,-0.0277777777777778,-0.0555555555555556,0.0,2.72,0.0,0.0,,0
38,-0.0277777777777778,-0.0555555555555556,0.0,2.73,0.0,0.0,,0
38,-0.0277777777777778,-0.0555555555555556,0.0,2.74,0.0,0.0,,0
38,-0.0277777777777778,-0.0555555555555556,0.0,2.75,0.0,0.0,,0
38,-0.0277777777777778,-0.0555555555555556,0.0,2.76,0.0,0.0,,0
38,-0.0277777777777778,-0.0555555555555556,0.0,2.77,0.0,0.0,,0
38,-0.0277777777777778,-0.0555555555555556,0.0,2.78,0.0,0.0,,0
38,-0.0277777777777778,-0.0555555555555556,0.0,2.79,0.0,0.0,,0
38,-0.0277777777777778,-0.0555555555555556,0.0,2.8,0.0,0.0,,0
38,-0.0277777777777778,-0.0555555555555556,0.0,2.81,0.0,0.0,,0
38,-0.0277777777777778,-0.0555555555555556,0.0,2.82,0.0,0.0,,0
38,-0.0277777777777778,-0.0555555555555556,0.0,2.83,0.0,0.0,,0
38,-0.0277777777777778,-0.0555555555555556,0.0,2.84,0.0,0.0,,0
38,-0.0277777777777778,-0.0555555555555556,0.0,2.85,0.0,0.0,,0
38,-0.0277777777777778,-0.0555555555555556,0.0,2.86,0.0,0.0,,0
38,-0.0277777777777778,-0.0555555555555556,0.0,2.87,0.0,0.0,,0
38,-0.0277777777777778,-0.0555555555555556,0.0,2.88,0.0,0.0,,0
38,-0.0277777777777778,-0.0555555555555556,0.0,2.89,0.0,0.0,,0
38,-0.0277777777777778,-0.0555555555555556,0.0,2.9,0.0,0.0,,0
38,-0.0277777777777778,-0.0555555555555556,0.0,2.91,0.0,0.0,,0
38,-0.0277777777777778,-0.0555555555555556,0.0,2.92,0.0,0.0,,0
38,-0.0277777777777778,-0.0555555555555556,0.0,2.93,0.0001,0.0001,0.0,1
38,-0.0277777777777778,-0.0555555555555556,0.0,2.94,0.0001,0.0001,0.0,1
38,-0.0277777777777778,-0.0555555555555556,0.0,2.95,0.0001,0.0001,0.0,1
38,-0.0277777777777778,-0.0555555555555556,0.0,2.96,0.0002,0.0002,0.0,1
38,-0.0277777777777778,-0.0555555555555556,0.0,2.97,0.0002,0.0002,0.0,1
38,-0.0277777777777778,-0.0555555555555556,0.0,2.98,0.0003,0.0003,0.0,1
38,-0.0277777777777778,-0.0555555555555556,0.0,2.99,0.0003,0.0003,0.0,1
38,-0.0277777777777778,-0.0555555555555556,0.0,3.0,0.0004,0.0004,0.0,1
38,-0.0277777777777778,-0.0555555555555556,0.0,3.01,0.0004,0.0004,0.0,1
38,-0.0277777777777778,-0.0555555555555556,0.0,3.02,0.0005,0.0005,0.0,1
38,-0.0277777777777778,-0.0555555555555556,0.0,3.03,0.0005,0.0005,0.0,1
38,-0.0277777777777778,-0.0555555555555556,0.0,3.04,0.0005,0.0005,0.0,1
38,-0.0277777777777778,-0.0555555555555556,0.0,3.05,0.0005,0.0005,0.0,1
38,-0.0277777777777778,-0.0555555555555556,0.0,3.06,0.0005,0.0005,0.0,1
38,-0.0277777777777778,-0.0555555555555556,0.0,3.07,0.0004,0.0004,0.0,1
38,-0.0277777777777778,-0.0555555555555556,0.0,3.08,0.0004,0.0004,0.0,1
38,-0.0277777777777778,-0.0555555555555556,0.0,3.09,0.0003,0.0003,0.0,1
38,-0.0277777777777778,-0.0555555555555556,0.0,3.1,0.0002,0.0002,0.0,1
38,-0.0277777777777778,-0.0555555555555556,0.0,3.11,0.0002,0.0002,0.0,1
38,-0.0277777777777778,-0.0555555555555556,0.0,3.12,0.0001,0.0001,0.0,1
38,-0.0277777777777778,-0.0555555555555556,0.0,3.13,0.0001,0.0001,0.0,1
38,-0.0277777777777778,-0.0555555555555556,0.0,3.14,0.0001,0.0001,0.0,1
38,-0.0277777777777778,-0.0555555555555556,0.0,3.15,0.0,0.0,,0
38,-0.0277777777777778,-0.0555555555555556,0.0,3.16,0.0,0.0,,0
38,-0.0277777777777778,-0.0555555555555556,0.0,3.17,0.0,0.0,,0
38,-0.0277777777777778,-0.0555555555555556,0.0,3.18,0.0,0.0,,0
38,-0.0277777777777778,-0.0555555555555556,0.0,3.19,0.0,0.0,,0
38,-0.0277777777777778,-0.0555555555555556,0.0,3.2,0.0,0.0,,0
38,-0.0277777777777778,-0.0555555555555556,0.0,3.21,0.0,0.0,,0
38,-0.0277777777777778,-0.0555555555555556,0.0,3.22,0.0,0.0,,0
38,-0.0277777777777778,-0.0555555555555556,0.0,3.23,0.0,0.0,,0
38,-0.0277777777777778,-0.0555555555555556,0.0,3.24,0.0,0.0,,0
38,-0.0277777777777778,-0.0555555555555556,0.0,3.25,0.0,0.0,,0
38,-0.0277777777777778,-0.0555555555555556,0.0,3.26,0.0,0.0,,0
38,-0.0277777777777778,-0.0555555555555556,0.0,3.27,0.0,0.0,,0
38,-0.0277777777777778,-0.0555555555555556,0.0,3.28,0.0,0.0,,0
38,-0.0277777777777778,-0.0555555555555556,0.0,3.29,0.0,0.0,,0
38,-0.0277777777777778,-0.0555555555555556,0.0,3.3,0.0,0.0,,0
38,-0.0277777777777778,-0.0555555555555556,0.0,3.31,0.0,0.0,,0
38,-0.0277777777777778,-0.0555555555555556,0.0,3.32,0.0,0.0,,0
38,-0.0277777777777778,-0.0555555555555556,0.0,3.33,0.0,0.0,,0
38,-0.0277777777777778,-0.0555555555555556,0.0,3.34,0.0,0.0,,0
38,-0.0277777777777778,-0.0555555555555556,0.0,3.35,0.0,0.0,,0
38,-0.0277777777777778,-0.0555555555555556,0.0,3.36,0.0,0.0,,0
38,-0.0277777777777778,-0.0555555555555556,0.0,3.37,0.0,0.0,,0
38,-0.0277777777777778,-0.0555555555555556,0.0,3.38,0.0,0.0,,0
38,-0.0277777777777778,-0.0555555555555556,0.0,3.39,0.0,0.0,,0
38,-0.0277777777777778,-0.0555555555555556,0.0,3.4,0.0,0.0,,0
38,-0.0277777777777778,-0.0555555555555556,0.0,3.41,0.0,0.0,,0
38,-0.0277777777777778,-0.0555555555555556,0.0,3.42,0.0,0.0,,0
38,-0.0277777777777778,-0.0555555555555556,0.0,3.43,0.0,0.0,,0
38,-0.0277777777777778,-0.0555555555555556,0.0,3.44,0.0,0.0,,0
38,-0.0277777777777778,-0.0555555555555556,0.0,3.45,0.0,0.0,,0
38,-0.0277777777777778,-0.0555555555555556,0.0,3.46,0.0,0.0,,0
38,-0.0277777777777778,-0.0555555555555556,0.0,3.47,0.0,0.0,,0
38,-0.0277777777777778,-0.0555555555555556,0.0,3.48,0.0,0.0,,0
38,-0.0277777777777778,-0.0555555555555556,0.0,3.49,0.0,0.0,,0
38,-0.0277777777777778,-0.0555555555555556,0.0,3.5,0.0,0.0,,0
38,-0.0277777777777778,-0.0555555555555556,0.0,3.51,0.0,0.0,,0
38,-0.0277777777777778,-0.0555555555555556,0.0,3.52,0.0,0.0,,0
38,-0.0277777777777778,-0.0555555555555556,0.0,3.53,0.0,0.0,,0
38,-0.0277777777777778,-0.0555555555555556,0.0,3.54,0.0,0.0,,0
38,-0.0277777777777778,-0.0555555555555556,0.0,3.55,0.0,0.0,,0
38,-0.0277777777777778,-0.0555555555555556,0.0,3.56,0.0,0.0,,0
38,-0.0277777777777778,-0.0555555555555556,0.0,3.57,0.0,0.0,,0
38,-0.0277777777777778,-0.0555555555555556,0.0,3.58,0.0,0.0,,0
38,-0.0277777777777778,-0.0555555555555556,0.0,3.59,0.0,0.0,,0
38,-0.0277777777777778,-0.0555555555555556,0.0,3.6,0.0,0.0,,0
38,-0.0277777777777778,-0.0555555555555556,0.0,3.61,0.0,0.0,,0
38,-0.0277777777777778,-0.0555555555555556,0.0,3.62,0.0001,0.0001,0.0,1
38,-0.0277777777777778,-0.0555555555555556,0.0,3.63,0.0001,0.0001,0.0,1
38,-0.0277777777777778,-0.0555555555555556,0.0,3.64,0.0002,0.0002,0.0,1
38,-0.0277777777777778,-0.0555555555555556,0.0,3.65,0.0003,0.0003,0.0,1
38,-0.0277777777777778,-0.0555555555555556,0.0,3.66,0.0005,0.0005,0.0,1
38,-0.0277777777777778,-0.0555555555555556,0.0,3.67,0.0008,0.0008,0.0,1
38,-0.0277777777777778,-0.0555555555555556,0.0,3.68,0.0011,0.0011,0.0,1
38,-0.0277777777777778,-0.0555555555555556,0.0,3.69,0.0016,0.0016,0.0,1
38,-0.0277777777777778,-0.0555555555555556,0.0,3.7,0.0021,0.0021,0.0,1
38,-0.0277777777777778,-0.0555555555555556,0.0,3.71,0.0027,0.0027,0.0,1
38,-0.0277777777777778,-0.0555555555555556,0.0,3.72,0.0034,0.0034,0.0,1
38,-0.0277777777777778,-0.0555555555555556,0.0,3.73,0.004,0.004,0.0,1
38,-0.0277777777777778,-0.0555555555555556,0.0,3.74,0.0046,0.0046,0.0,1
38,-0.0277777777777778,-0.0555555555555556,0.0,3.75,0.0051,0.0051,0.0,1
38,-0.0277777777777778,-0.0555555555555556,0.0,3.76,0.0055,0.0055,0.0,1
38,-0.0277777777777778,-0.0555555555555556,0.0,3.77,0.0056,0.0056,0.0,1
38,-0.0277777777777778,-0.0555555555555556,0.0,3.78,0.0055,0.0055,0.0,1
38,-0.0277777777777778,-0.0555555555555556,0.0,3.79,0.0052,0.0052,0.0,1
38,-0.0277777777777778,-0.0555555555555556,0.0,3.8,0.0048,0.0048,0.0,1
38,-0.0277777777777778,-0.0555555555555556,0.0,3.81,0.0042,0.0042,0.0,1
38,-0.0277777777777778,-0.0555555555555556,0.0,3.82,0.0036,0.0036,0.0,1
38,-0.0277777777777778,-0.0555555555555556,0.0,3.83,0.003,0.003,0.0,1
38,-0.0277777777777778,-0.0555555555555556,0.0,3.84,0.0025,0.0025,0.0,1
38,-0.0277777777777778,-0.0555555555555556,0.0,3.85,0.0022,0.0022,0.0,1
38,-0.0277777777777778,-0.0555555555555556,0.0,3.86,0.002,0.002,0.0,1
38,-0.0277777777777778,-0.0555555555555556,0.0,3.87,0.0021,0.0021,0.0,1
38,-0.0277777777777778,-0.0555555555555556,0.0,3.88,0.0024,0.0024,0.0,1
38,-0.0277777777777778,-0.0555555555555556,0.0,3.89,0.0029,0.0029,0.0,1
38,-0.0277777777777778,-0.0555555555555556,0.0,3.9,0.0037,0.0037,0.0,1
38,-0.0277777777777778,-0.0555555555555556,0.0,3.91,0.0046,0.0046,0.0,1
38,-0.0277777777777778,-0.0555555555555556,0.0,3.92,0.0057,0.0057,0.0,1
38,-0.0277777777777778,-0.0555555555555556,0.0,3.93,0.0068,0.0068,0.0,1
38,-0.0277777777777778,-0.0555555555555556,0.0,3.94,0.0079,0.0079,0.0,1
38,-0.0277777777777778,-0.0555555555555556,0.0,3.95,0.0088,0.0088,0.0,1
38,-0.0277777777777778,-0.0555555555555556,0.0,3.96,0.0094,0.0094,0.0,1
38,-0.0277777777777778,-0.0555555555555556,0.0,3.97,0.0098,0.0098,0.0,1
38,-0.0277777777777778,-0.0555555555555556,0.0,3.98,0.0099,0.0099,0.0,1
38,-0.0277777777777778,-0.0555555555555556,0.0,3.99,0.0097,0.0097,0.0,1
38,-0.0277777777777778,-0.0555555555555556,0.0,4.0,0.0093,0.0093,0.0,1
39,-0.0555555555555556,-0.1111111111111111,0.0,0.5,0.0,0.0,,0
39,-0.0555555555555556,-0.1111111111111111,0.0,0.51,0.0,0.0,,0
39,-0.0555555555555556,-0.1111111111111111,0.0,0.52,0.0,0.0,,0
39,-0.0555555555555556,-0.1111111111111111,0.0,0.53,0.0,0.0,,0
39,-0.0555555555555556,-0.1111111111111111,0.0,0.54,0.0,0.0,,0
39,-0.0555555555555556,-0.1111111111111111,0.0,0.55,0.0,0.0,,0
39,-0.0555555555555556,-0.1111111111111111,0.0,0.56,0.0,0.0,,0
39,-0.0555555555555556,-0.1111111111111111,0.0,0.57,0.0,0.0,,0
39,-0.0555555555555556,-0.1111111111111111,0.0,0.58,0.0,0.0,,0
39,-0.0555555555555556,-0.1111111111111111,0.0,0.59,0.0,0.0,,0
39,-0.0555555555555556,-0.1111111111111111,0.0,0.6,0.0,0.0,,0
39,-0.0555555555555556,-0.1111111111111111,0.0,0.61,0.0,0.0,,0
39,-0.0555555555555556,-0.1111111111111111,0.0,0.62,0.0,0.0,,0
39,-0.0555555555555556,-0.1111111111111111,0.0,0.63,0.0,0.0,,0
39,-0.0555555555555556,-0.1111111111111111,0.0,0.64,0.0,0.0,,0
39,-0.0555555555555556,-0.1111111111111111,0.0,0.65,0.0,0.0,,0
39,-0.0555555555555556,-0.1111111111111111,0.0,0.66,0.0,0.0,,0
39,-0.0555555555555556,-0.1111111111111111,0.0,0.67,0.0,0.0,,0
39,-0.0555555555555556,-0.1111111111111111,0.0,0.68,0.0,0.0,,0
39,-0.0555555555555556,-0.1111111111111111,0.0,0.69,0.0,0.0,,0
39,-0.0555555555555556,-0.1111111111111111,0.0,0.7,0.0,0.0,,0
39,-0.0555555555555556,-0.1111111111111111,0.0,0.71,0.0,0.0,,0
39,-0.0555555555555556,-0.1111111111111111,0.0,0.72,0.0,0.0,,0
39,-0.0555555555555556,-0.1111111111111111,0.0,0.73,0.0,0.0,,0
39,-0.0555555555555556,-0.1111111111111111,0.0,0.74,0.0,0.0,,0
39,-0.0555555555555556,-0.1111111111111111,0.0,0.75,0.0,0.0,,0
39,-0.0555555555555556,-0.1111111111111111,0.0,0.76,0.0,0.0,,0
39,-0.0555555555555556,-0.1111111111111111,0.0,0.77,0.0,0.0,,0
39,-0.0555555555555556,-0.1111111111111111,0.0,0.78,0.0,0.0,,0
39,-0.0555555555555556,-0.1111111111111111,0.0,0.79,0.0,0.0,,0
39,-0.0555555555555556,-0.1111111111111111,0.0,0.8,0.0,0.0,,0
39,-0.0555555555555556,-0.1111111111111111,0.0,0.81,0.0,0.0,,0
39,-0.0555555555555556,-0.1111111111111111,0.0,0.82,0.0,0.0,,0
39,-0.0555555555555556,-0.1111111111111111,0.0,0.83,0.0,0.0,,0
39,-0.0555555555555556,-0.1111111111111111,0.0,0.84,0.0,0.0,,0
39,-0.0555555555555556,-0.1111111111111111,0.0,0.85,0.0,0.0,,0
39,-0.0555555555555556,-0.1111111111111111,0.0,0.86,0.0,0.0,,0
39,-0.0555555555555556,-0.1111111111111111,0.0,0.87,0.0,0.0,,0
39,-0.0555555555555556,-0.1111111111111111,0.0,0.88,0.0,0.0,,0
39,-0.0555555555555556,-0.1111111111111111,0.0,0.89,0.0,0.0,,0
39,-0.0555555555555556,-0.1111111111111111,0.0,0.9,0.0,0.0,,0
39,-0.0555555555555556,-0.1111111111111111,0.0,0.91,0.0,0.0,,0
39,-0.0555555555555556,-0.1111111111111111,0.0,0.92,0.0,0.0,,0
39,-0.0555555555555556,-0.1111111111111111,0.0,0.93,0.0,0.0,,0
39,-0.0555555555555556,-0.1111111111111111,0.0,0.94,0.0,0.0,,0
39,-0.0555555555555556,-0.1111111111111111,0.0,0.95,0.0,0.0,,0
39,-0.0555555555555556,-0.1111111111111111,0.0,0.96,0.0,0.0,,0
39,-0.0555555555555556,-0.1111111111111111,0.0,0.97,0.0,0.0,,0
39,-0.0555555555555556,-0.1111111111111111,0.0,0.98,0.0,0.0,,0
39,-0.0555555555555556,-0.1111111111111111,0.0,0.99,0.0,0.0,,0
39,-0.0555555555555556,-0.1111111111111111,0.0,1.0,0.0,0.0,,0
39,-0.0555555555555556,-0.1111111111111111,0.0,1.01,0.0,0.0,,0
39,-0.0555555555555556,-0.1111111111111111,0.0,1.02,0.0,0.0,,0
39,-0.0555555555555556,-0.1111111111111111,0.0,1.03,0.0,0.0,,0
39,-0.0555555555555556,-0.1111111111111111,0.0,1.04,0.0,0.0,,0
39,-0.0555555555555556,-0.1111111111111111,0.0,1.05,0.0,0.0,,0
39,-0.0555555555555556,-0.1111111111111111,0.0,1.06,0.0,0.0,,0
39,-0.0555555555555556,-0.1111111111111111,0.0,1.07,0.0,0.0,,0
39,-0.0555555555555556,-0.1111111111111111,0.0,1.08,0.0,0.0,,0
39,-0.0555555555555556,-0.1111111111111111,0.0,1.09,0.0,0.0,,0
39,-0.0555555555555556,-0.1111111111111111,0.0,1.1,0.0,0.0,,0
39,-0.0555555555555556,-0.1111111111111111,0.0,1.11,0.0,0.0,,0
39,-0.0555555555555556,-0.1111111111111111,0.0,1.12,0.0,0.0,,0
39,-0.0555555555555556,-0.1111111111111111,0.0,1.13,0.0,0.0,,0
39,-0.0555555555555556,-0.1111111111111111,0.0,1.14,0.0,0.0,,0
39,-0.0555555555555556,-0.1111111111111111,0.0,1.15,0.0,0.0,,0
39,-0.0555555555555556,-0.1111111111111111,0.0,1.16,0.0,0.0,,0
39,-0.0555555555555556,-0.1111111111111111,0.0,1.17,0.0,0.0,,0
39,-0.0555555555555556,-0.1111111111111111,0.0,1.18,0.0,0.0,,0
39,-0.0555555555555556,-0.1111111111111111,0.0,1.19,0.0,0.0,,0
39,-0.0555555555555556,-0.1111111111111111,0.0,1.2,0.0,0.0,,0
39,-0.0555555555555556,-0.1111111111111111,0.0,1.21,0.0,0.0,,0
39,-0.0555555555555556,-0.1111111111111111,0.0,1.22,0.0,0.0,,0
39,-0.0555555555555556,-0.1111111111111111,0.0,1.23,0.0,0.0,,0
39,-0.0555555555555556,-0.1111111111111111,0.0,1.24,0.0,0.0,,0
39,-0.0555555555555556,-0.1111111111111111,0.0,1.25,0.0,0.0,,0
39,-0.0555555555555556,-0.1111111111111111,0.0,1.26,0.0,0.0,,0
39,-0.0555555555555556,-0.1111111111111111,0.0,1.27,0.0,0.0,,0
39,-0.0555555555555556,-0.1111111111111111,0.0,1.28,0.0,0.0,,0
39,-0.0555555555555556,-0.1111111111111111,0.0,1.29,0.0,0.0,,0
39,-0.0555555555555556,-0.1111111111111111,0.0,1.3,0.0,0.0,,0
39,-0.0555555555555556,-0.1111111111111111,0.0,1.31,0.0,0.0,,0
39,-0.0555555555555556,-0.1111111111111111,0.0,1.32,0.0,0.0,,0
39,-0.0555555555555556,-0.1111111111111111,0.0,1.33,0.0,0.0,,0
39,-0.0555555555555556,-0.1111111111111111,0.0,1.34,0.0,0.0,,0
39,-0.0555555555555556,-0.1111111111111111,0.0,1.35,0.0,0.0,,0
39,-0.0555555555555556,-0.1111111111111111,0.0,1.36,0.0,0.0,,0
39,-0.0555555555555556,-0.1111111111111111,0.0,1.37,0.0,0.0,,0
39,-0.0555555555555556,-0.1111111111111111,0.0,1.38,0.0,0.0,,0
39,-0.0555555555555556,-0.1111111111111111,0.0,1.39,0.0,0.0,,0
39,-0.0555555555555556,-0.1111111111111111,0.0,1.4,0.0,0.0,,0
39,-0.0555555555555556,-0.1111111111111111,0.0,1.41,0.0,0.0,,0
39,-0.0555555555555556,-0.1111111111111111,0.0,1.42,0.0,0.0,,0
39,-0.0555555555555556,-0.1111111111111111,0.0,1.43,0.0,0.0,,0
39,-0.0555555555555556,-0.1111111111111111,0.0,1.44,0.0,0.0,,0
39,-0.0555555555555556,-0.1111111111111111,0.0,1.45,0.0,0.0,,0
39,-0.0555555555555556,-0.1111111111111111,0.0,1.46,0.0,0.0,,0
39,-0.0555555555555556,-0.1111111111111111,0.0,1.47,0.0,0.0,,0
39,-0.0555555555555556,-0.1111111111111111,0.0,1.48,0.0,0.0,,0
39,-0.0555555555555556,-0.1111111111111111,0.0,1.49,0.0,0.0,,0
39,-0.0555555555555556,-0.1111111111111111,0.0,1.5,0.0,0.0,,0
39,-0.0555555555555556,-0.1111111111111111,0.0,1.51,0.0,0.0,,0
39,-0.0555555555555556,-0.1111111111111111,0.0,1.52,0.0,0.0,,0
39,-0.0555555555555556,-0.1111111111111111,0.0,1.53,0.0,0.0,,0
39,-0.0555555555555556,-0.1111111111111111,0.0,1.54,0.0,0.0,,0
39,-0.0555555555555556,-0.1111111111111111,0.0,1.55,0.0,0.0,,0
39,-0.0555555555555556,-0.1111111111111111,0.0,1.56,0.0,0.0,,0
39,-0.0555555555555556,-0.1111111111111111,0.0,1.57,0.0,0.0,,0
39,-0.0555555555555556,-0.1111111111111111,0.0,1.58,0.0,0.0,,0
39,-0.0555555555555556,-0.1111111111111111,0.0,1.59,0.0,0.0,,0
39,-0.0555555555555556,-0.1111111111111111,0.0,1.6,0.0,0.0,,0
39,-0.0555555555555556,-0.1111111111111111,0.0,1.61,0.0,0.0,,0
39,-0.0555555555555556,-0.1111111111111111,0.0,1.62,0.0,0.0,,0
39,-0.0555555555555556,-0.1111111111111111,0.0,1.63,0.0,0.0,,0
39,-0.0555555555555556,-0.1111111111111111,0.0,1.64,0.0,0.0,,0
39,-0.0555555555555556,-0.1111111111111111,0.0,1.65,0.0,0.0,,0
39,-0.0555555555555556,-0.1111111111111111,0.0,1.66,0.0,0.0,,0
39,-0.0555555555555556,-0.1111111111111111,0.0,1.67,0.0,0.0,,0
39,-0.0555555555555556,-0.1111111111111111,0.0,1.68,0.0,0.0,,0
39,-0.0555555555555556,-0.1111111111111111,0.0,1.69,0.0,0.0,,0
39,-0.0555555555555556,-0.1111111111111111,0.0,1.7,0.0,0.0,,0
39,-0.0555555555555556,-0.1111111111111111,0.0,1.71,0.0,0.0,,0
39,-0.0555555555555556,-0.1111111111111111,0.0,1.72,0.0,0.0,,0
39,-0.0555555555555556,-0.1111111111111111,0.0,1.73,0.0,0.0,,0
39,-0.0555555555555556,-0.1111111111111111,0.0,1.74,0.0,0.0,,0
39,-0.0555555555555556,-0.1111111111111111,0.0,1.75,0.0,0.0,,0
39,-0.0555555555555556,-0.1111111111111111,0.0,1.76,0.0,0.0,,0
39,-0.0555555555555556,-0.1111111111111111,0.0,1.77,0.0,0.0,,0
39,-0.0555555555555556,-0.1111111111111111,0.0,1.78,0.0,0.0,,0
39,-0.0555555555555556,-0.1111111111111111,0.0,1.79,0.0,0.0,,0
39,-0.0555555555555556,-0.1111111111111111,0.0,1.8,0.0,0.0,,0
39,-0.0555555555555556,-0.1111111111111111,0.0,1.81,0.0,0.0,,0
39,-0.0555555555555556,-0.1111111111111111,0.0,1.82,0.0,0.0,,0
39,-0.0555555555555556,-0.1111111111111111,0.0,1.83,0.0,0.0,,0
39,-0.0555555555555556,-0.1111111111111111,0.0,1.84,0.0,0.0,,0
39,-0.0555555555555556,-0.1111111111111111,0.0,1.85,0.0,0.0,,0
39,-0.0555555555555556,-0.1111111111111111,0.0,1.86,0.0,0.0,,0
39,-0.0555555555555556,-0.1111111111111111,0.0,1.87,0.0,0.0,,0
39,-0.0555555555555556,-0.1111111111111111,0.0,1.88,0.0,0.0,,0
39,-0.0555555555555556,-0.1111111111111111,0.0,1.89,0.0,0.0,,0
39,-0.0555555555555556,-0.1111111111111111,0.0,1.9,0.0,0.0,,0
39,-0.0555555555555556,-0.1111111111111111,0.0,1.91,0.0,0.0,,0
39,-0.0555555555555556,-0.1111111111111111,0.0,1.92,0.0,0.0,,0
39,-0.0555555555555556,-0.1111111111111111,0.0,1.93,0.0,0.0,,0
39,-0.0555555555555556,-0.1111111111111111,0.0,1.94,0.0,0.0,,0
39,-0.0555555555555556,-0.1111111111111111,0.0,1.95,0.0,0.0,,0
39,-0.0555555555555556,-0.1111111111111111,0.0,1.96,0.0,0.0,,0
39,-0.0555555555555556,-0.1111111111111111,0.0,1.97,0.0,0.0,,0
39,-0.0555555555555556,-0.1111111111111111,0.0,1.98,0.0,0.0,,0
39,-0.0555555555555556,-0.1111111111111111,0.0,1.99,0.0,0.0,,0
39,-0.0555555555555556,-0.1111111111111111,0.0,2.0,0.0,0.0,,0
39,-0.0555555555555556,-0.1111111111111111,0.0,2.01,0.0,0.0,,0
39,-0.0555555555555556,-0.1111111111111111,0.0,2.02,0.0,0.0,,0
39,-0.0555555555555556,-0.1111111111111111,0.0,2.03,0.0,0.0,,0
39,-0.0555555555555556,-0.1111111111111111,0.0,2.04,0.0,0.0,,0
39,-0.0555555555555556,-0.1111111111111111,0.0,2.05,0.0,0.0,,0
39,-0.0555555555555556,-0.1111111111111111,0.0,2.06,0.0,0.0,,0
39,-0.0555555555555556,-0.1111111111111111,0.0,2.07,0.0,0.0,,0
39,-0.0555555555555556,-0.1111111111111111,0.0,2.08,0.0,0.0,,0
39,-0.0555555555555556,-0.1111111111111111,0.0,2.09,0.0,0.0,,0
39,-0.0555555555555556,-0.1111111111111111,0.0,2.1,0.0,0.0,,0
39,-0.0555555555555556,-0.1111111111111111,0.0,2.11,0.0,0.0,,0
39,-0.0555555555555556,-0.1111111111111111,0.0,2.12,0.0,0.0,,0
39,-0.0555555555555556,-0.1111111111111111,0.0,2.13,0.0,0.0,,0
39,-0.0555555555555556,-0.1111111111111111,0.0,2.14,0.0,0.0,,0
39,-0.0555555555555556,-0.1111111111111111,0.0,2.15,0.0,0.0,,0
39,-0.0555555555555556,-0.1111111111111111,0.0,2.16,0.0,0.0,,0
39,-0.0555555555555556,-0.1111111111111111,0.0,2.17,0.0,0.0,,0
39,-0.0555555555555556,-0.1111111111111111,0.0,2.18,0.0,0.0,,0
39,-0.0555555555555556,-0.1111111111111111,0.0,2.19,0.0,0.0,,0
39,-0.0555555555555556,-0.1111111111111111,0.0,2.2,0.0,0.0,,0
39,-0.0555555555555556,-0.1111111111111111,0.0,2.21,0.0,0.0,,0
39,-0.0555555555555556,-0.1111111111111111,0.0,2.22,0.0,0.0,,0
39,-0.0555555555555556,-0.1111111111111111,0.0,2.23,0.0001,0.0001,0.0,1
39,-0.0555555555555556,-0.1111111111111111,0.0,2.24,0.0001,0.0001,0.0,1
39,-0.0555555555555556,-0.1111111111111111,0.0,2.25,0.0002,0.0002,0.0,1
39,-0.0555555555555556,-0.1111111111111111,0.0,2.26,0.0003,0.0003,0.0,1
39,-0.0555555555555556,-0.1111111111111111,0.0,2.27,0.0005,0.0005,0.0,1
39,-0.0555555555555556,-0.1111111111111111,0.0,2.28,0.0007,0.0007,0.0,1
39,-0.0555555555555556,-0.1111111111111111,0.0,2.29,0.0011,0.0011,0.0,1
39,-0.0555555555555556,-0.1111111111111111,0.0,2.3,0.0016,0.0016,0.0,1
39,-0.0555555555555556,-0.1111111111111111,0.0,2.31,0.0022,0.0022,0.0,1
39,-0.0555555555555556,-0.1111111111111111,0.0,2.32,0.0029,0.0029,0.0,1
39,-0.0555555555555556,-0.1111111111111111,0.0,2.33,0.0037,0.0037,0.0,1
39,-0.0555555555555556,-0.1111111111111111,0.0,2.34,0.0045,0.0045,0.0,1
39,-0.0555555555555556,-0.1111111111111111,0.0,2.35,0.0052,0.0052,0.0,1
39,-0.0555555555555556,-0.1111111111111111,0.0,2.36,0.0059,0.0059,0.0,1
39,-0.0555555555555556,-0.1111111111111111,0.0,2.37,0.0064,0.0064,0.0,1
39,-0.0555555555555556,-0.1111111111111111,0.0,2.38,0.0067,0.0067,0.0,1
39,-0.0555555555555556,-0.1111111111111111,0.0,2.39,0.0067,0.0067,0.0,1
39,-0.0555555555555556,-0.1111111111111111,0.0,2.4,0.0065,0.0065,0.0,1
39,-0.0555555555555556,-0.1111111111111111,0.0,2.41,0.006,0.006,0.0,1
39,-0.0555555555555556,-0.1111111111111111,0.0,2.42,0.0054,0.0054,0.0,1
39,-0.0555555555555556,-0.1111111111111111,0.0,2.43,0.0046,0.0046,0.0,1
39,-0.0555555555555556,-0.1111111111111111,0.0,2.44,0.0038,0.0038,0.0,1
39,-0.0555555555555556,-0.1111111111111111,0.0,2.45,0.003,0.003,0.0,1
39,-0.0555555555555556,-0.1111111111111111,0.0,2.46,0.0023,0.0023,0.0,1
39,-0.0555555555555556,-0.1111111111111111,0.0,2.47,0.0017,0.0017,0.0,1
39,-0.0555555555555556,-0.1111111111111111,0.0,2.48,0.0012,0.0012,0.0,1
39,-0.0555555555555556,-0.1111111111111111,0.0,2.49,0.0008,0.0008,0.0,1
39,-0.0555555555555556,-0.1111111111111111,0.0,2.5,0.0005,0.0005,0.0,1
39,-0.0555555555555556,-0.1111111111111111,0.0,2.51,0.0003,0.0003,0.0,1
39,-0.0555555555555556,-0.1111111111111111,0.0,2.52,0.0002,0.0002,0.0,1
39,-0.0555555555555556,-0.1111111111111111,0.0,2.53,0.0001,0.0001,0.0,1
39,-0.0555555555555556,-0.1111111111111111,0.0,2.54,0.0001,0.0001,0.0,1
39,-0.0555555555555556,-0.1111111111111111,0.0,2.55,0.0,0.0,,0
39,-0.0555555555555556,-0.1111111111111111,0.0,2.56,0.0,0.0,,0
39,-0.0555555555555556,-0.1111111111111111,0.0,2.57,0.0,0.0,,0
39,-0.0555555555555556,-0.1111111111111111,0.0,2.58,0.0,0.0,,0
39,-0.0555555555555556,-0.1111111111111111,0.0,2.59,0.0,0.0,,0
39,-0.0555555555555556,-0.1111111111111111,0.0,2.6,0.0,0.0,,0
39,-0.0555555555555556,-0.1111111111111111,0.0,2.61,0.0,0.0,,0
39,-0.0555555555555556,-0.1111111111111111,0.0,2.62,0.0,0.0,,0
39,-0.0555555555555556,-0.1111111111111111,0.0,2.63,0.0,0.0,,0
39,-0.0555555555555556,-0.1111111111111111,0.0,2.64,0.0,0.0,,0
39,-0.0555555555555556,-0.1111111111111111,0.0,2.65,0.0,0.0,,0
39,-0.0555555555555556,-0.1111111111111111,0.0,2.66,0.0,0.0,,0
39,-0.0555555555555556,-0.1111111111111111,0.0,2.67,0.0,0.0,,0
39,-0.0555555555555556,-0.1111111111111111,0.0,2.68,0.0,0.0,,0
39,-0.0555555555555556,-0.1111111111111111,0.0,2.69,0.0,0.0,,0
39,-0.0555555555555556,-0.1111111111111111,0.0,2.7,0.0,0.0,,0
39,-0.0555555555555556,-0.1111111111111111,0.0,2.71,0.0,0.0,,0
39,-0.0555555555555556,-0.1111111111111111,0.0,2.72,0.0,0.0,,0
39,-0.0555555555555556,-0.1111111111111111,0.0,2.73,0.0,0.0,,0
39,-0.0555555555555556,-0.1111111111111111,0.0,2.74,0.0,0.0,,0
39,-0.0555555555555556,-0.1111111111111111,0.0,2.75,0.0001,0.0001,0.0,1
39,-0.0555555555555556,-0.1111111111111111,0.0,2.76,0.0001,0.0001,0.0,1
39,-0.0555555555555556,-0.1111111111111111,0.0,2.77,0.0002,0.0002,0.0,1
39,-0.0555555555555556,-0.1111111111111111,0.0,2.78,0.0003,0.0003,0.0,1
39,-0.0555555555555556,-0.1111111111111111,0.0,2.79,0.0005,0.0005,0.0,1
39,-0.0555555555555556,-0.1111111111111111,0.0,2.8,0.0007,0.0007,0.0,1
39,-0.0555555555555556,-0.1111111111111111,0.0,2.81,0.0011,0.0011,0.0,1
39,-0.0555555555555556,-0.1111111111111111,0.0,2.82,0.0016,0.0016,0.0,1
39,-0.0555555555555556,-0.1111111111111111,0.0,2.83,0.0021,0.0021,0.0,1
39,-0.0555555555555556,-0.1111111111111111,0.0,2.84,0.0028,0.0028,0.0,1
39,-0.0555555555555556,-0.1111111111111111,0.0,2.85,0.0036,0.0036,0.0,1
39,-0.0555555555555556,-0.1111111111111111,0.0,2.86,0.0044,0.0044,0.0,1
39,-0.0555555555555556,-0.1111111111111111,0.0,2.87,0.0052,0.0052,0.0,1
39,-0.0555555555555556,-0.1111111111111111,0.0,2.88,0.0058,0.0058,0.0,1
39,-0.0555555555555556,-0.1111111111111111,0.0,2.89,0.0063,0.0063,0.0,1
39,-0.0555555555555556,-0.1111111111111111,0.0,2.9,0.0066,0.0066,0.0,1
39,-0.0555555555555556,-0.1111111111111111,0.0,2.91,0.0066,0.0066,0.0,1
39,-0.0555555555555556,-0.1111111111111111,0.0,2.92,0.0064,0.0064,0.0,1
39,-0.0555555555555556,-0.1111111111111111,0.0,2.93,0.0059,0.0059,0.0,1
39,-0.0555555555555556,-0.1111111111111111,0.0,2.94,0.0053,0.0053,0.0,1
39,-0.0555555555555556,-0.1111111111111111,0.0,2.95,0.0046,0.0046,0.0,1
39,-0.0555555555555556,-0.1111111111111111,0.0,2.96,0.0038,0.0038,0.0,1
39,-0.0555555555555556,-0.1111111111111111,0.0,2.97,0.003,0.003,0.0,1
39,-0.0555555555555556,-0.1111111111111111,0.0,2.98,0.0023,0.0023,0.0,1
39,-0.0555555555555556,-0.1111111111111111,0.0,2.99,0.0017,0.0017,0.0,1
39,-0.0555555555555556,-0.1111111111111111,0.0,3.0,0.0012,0.0012,0.0,1
39,-0.0555555555555556,-0.1111111111111111,0.0,3.01,0.0008,0.0008,0.0,1
39,-0.0555555555555556,-0.1111111111111111,0.0,3.02,0.0005,0.0005,0.0,1
39,-0.0555555555555556,-0.1111111111111111,0.0,3.03,0.0003,0.0003,0.0,1
39,-0.0555555555555556,-0.1111111111111111,0.0,3.04,0.0002,0.0002,0.0,1
39,-0.0555555555555556,-0.1111111111111111,0.0,3.05,0.0001,0.0001,0.0,1
39,-0.0555555555555556,-0.1111111111111111,0.0,3.06,0.0001,0.0001,0.0,1
39,-0.0555555555555556,-0.1111111111111111,0.0,3.07,0.0,0.0,,0
39,-0.0555555555555556,-0.1111111111111111,0.0,3.08,0.0,0.0,,0
39,-0.0555555555555556,-0.1111111111111111,0.0,3.09,0.0,0.0,,0
39,-0.0555555555555556,-0.1111111111111111,0.0,3.1,0.0,0.0,,0
39,-0.0555555555555556,-0.1111111111111111,0.0,3.11,0.0,0.0,,0
39,-0.0555555555555556,-0.1111111111111111,0.0,3.12,0.0,0.0,,0
39,-0.0555555555555556,-0.1111111111111111,0.0,3.13,0.0,0.0,,0
39,-0.0555555555555556,-0.1111111111111111,0.0,3.14,0.0,0.0,,0
39,-0.0555555555555556,-0.1111111111111111,0.0,3.15,0.0,0.0,,0
39,-0.0555555555555556,-0.1111111111111111,0.0,3.16,0.0,0.0,,0
39,-0.0555555555555556,-0.1111111111111111,0.0,3.17,0.0,0.0,,0
39,-0.0555555555555556,-0.1111111111111111,0.0,3.18,0.0,0.0,,0
39,-0.0555555555555556,-0.1111111111111111,0.0,3.19,0.0,0.0,,0
39,-0.0555555555555556,-0.1111111111111111,0.0,3.2,0.0,0.0,,0
39,-0.0555555555555556,-0.1111111111111111,0.0,3.21,0.0,0.0,,0
39,-0.0555555555555556,-0.1111111111111111,0.0,3.22,0.0,0.0,,0
39,-0.0555555555555556,-0.1111111111111111,0.0,3.23,0.0,0.0,,0
39,-0.0555555555555556,-0.1111111111111111,0.0,3.24,0.0,0.0,,0
39,-0.0555555555555556,-0.1111111111111111,0.0,3.25,0.0,0.0,,0
39,-0.0555555555555556,-0.1111111111111111,0.0,3.26,0.0,0.0,,0
39,-0.0555555555555556,-0.1111111111111111,0.0,3.27,0.0,0.0,,0
39,-0.0555555555555556,-0.1111111111111111,0.0,3.28,0.0,0.0,,0
39,-0.0555555555555556,-0.1111111111111111,0.0,3.29,0.0,0.0,,0
39,-0.0555555555555556,-0.1111111111111111,0.0,3.3,0.0001,0.0001,0.0,1
39,-0.0555555555555556,-0.1111111111111111,0.0,3.31,0.0001,0.0001,0.0,1
39,-0.0555555555555556,-0.1111111111111111,0.0,3.32,0.0002,0.0002,0.0,1
39,-0.0555555555555556,-0.1111111111111111,0.0,3.33,0.0003,0.0003,0.0,1
39,-0.0555555555555556,-0.1111111111111111,0.0,3.34,0.0005,0.0005,0.0,1
39,-0.0555555555555556,-0.1111111111111111,0.0,3.35,0.0008,0.0008,0.0,1
39,-0.0555555555555556,-0.1111111111111111,0.0,3.36,0.0011,0.0011,0.0,1
39,-0.0555555555555556,-0.1111111111111111,0.0,3.37,0.0015,0.0015,0.0,1
39,-0.0555555555555556,-0.1111111111111111,0.0,3.38,0.002,0.002,0.0,1
39,-0.0555555555555556,-0.1111111111111111,0.0,3.39,0.0025,0.0025,0.0,1
39,-0.0555555555555556,-0.1111111111111111,0.0,3.4,0.0031,0.0031,0.0,1
39,-0.0555555555555556,-0.1111111111111111,0.0,3.41,0.0036,0.0036,0.0,1
39,-0.0555555555555556,-0.1111111111111111,0.0,3.42,0.0041,0.0041,0.0,1
39,-0.0555555555555556,-0.1111111111111111,0.0,3.43,0.0045,0.0045,0.0,1
39,-0.0555555555555556,-0.1111111111111111,0.0,3.44,0.0047,0.0047,0.0,1
39,-0.0555555555555556,-0.1111111111111111,0.0,3.45,0.0047,0.0047,0.0,1
39,-0.0555555555555556,-0.1111111111111111,0.0,3.46,0.0045,0.0045,0.0,1
39,-0.0555555555555556,-0.1111111111111111,0.0,3.47,0.0042,0.0042,0.0,1
39,-0.0555555555555556,-0.1111111111111111,0.0,3.48,0.0038,0.0038,0.0,1
39,-0.0555555555555556,-0.1111111111111111,0.0,3.49,0.0032,0.0032,0.0,1
39,-0.0555555555555556,-0.1111111111111111,0.0,3.5,0.0027,0.0027,0.0,1
39,-0.0555555555555556,-0.1111111111111111,0.0,3.51,0.0021,0.0021,0.0,1
39,-0.0555555555555556,-0.1111111111111111,0.0,3.52,0.0016,0.0016,0.0,1
39,-0.0555555555555556,-0.1111111111111111,0.0,3.53,0.0012,0.0012,0.0,1
39,-0.0555555555555556,-0.1111111111111111,0.0,3.54,0.0008,0.0008,0.0,1
39,-0.0555555555555556,-0.1111111111111111,0.0,3.55,0.0006,0.0006,0.0,1
39,-0.0555555555555556,-0.1111111111111111,0.0,3.56,0.0004,0.0004,0.0,1
39,-0.0555555555555556,-0.1111111111111111,0.0,3.57,0.0002,0.0002,0.0,1
39,-0.0555555555555556,-0.1111111111111111,0.0,3.58,0.0001,0.0001,0.0,1
39,-0.0555555555555556,-0.1111111111111111,0.0,3.59,0.0001,0.0001,0.0,1
39,-0.0555555555555556,-0.1111111111111111,0.0,3.6,0.0001,0.0001,0.0,1
39,-0.0555555555555556,-0.1111111111111111,0.0,3.61,0.0,0.0,,0
39,-0.0555555555555556,-0.1111111111111111,0.0,3.62,0.0001,0.0001,0.0,1
39,-0.0555555555555556,-0.1111111111111111,0.0,3.63,0.0001,0.0001,0.0,1
39,-0.0555555555555556,-0.1111111111111111,0.0,3.64,0.0001,0.0001,0.0,1
39,-0.0555555555555556,-0.1111111111111111,0.0,3.65,0.0002,0.0002,0.0,1
39,-0.0555555555555556,-0.1111111111111111,0.0,3.66,0.0003,0.0003,0.0,1
39,-0.0555555555555556,-0.1111111111111111,0.0,3.67,0.0005,0.0005,0.0,1
39,-0.0555555555555556,-0.1111111111111111,0.0,3.68,0.0008,0.0008,0.0,1
39,-0.0555555555555556,-0.1111111111111111,0.0,3.69,0.0011,0.0011,0.0,1
39,-0.0555555555555556,-0.1111111111111111,0.0,3.7,0.0014,0.0014,0.0,1
39,-0.0555555555555556,-0.1111111111111111,0.0,3.71,0.0018,0.0018,0.0,1
39,-0.0555555555555556,-0.1111111111111111,0.0,3.72,0.0023,0.0023,0.0,1
39,-0.0555555555555556,-0.1111111111111111,0.0,3.73,0.0027,0.0027,0.0,1
39,-0.0555555555555556,-0.1111111111111111,0.0,3.74,0.0031,0.0031,0.0,1
39,-0.0555555555555556,-0.1111111111111111,0.0,3.75,0.0034,0.0034,0.0,1
39,-0.0555555555555556,-0.1111111111111111,0.0,3.76,0.0036,0.0036,0.0,1
39,-0.0555555555555556,-0.1111111111111111,0.0,3.77,0.0037,0.0037,0.0,1
39,-0.0555555555555556,-0.1111111111111111,0.0,3.78,0.0036,0.0036,0.0,1
39,-0.0555555555555556,-0.1111111111111111,0.0,3.79,0.0034,0.0034,0.0,1
39,-0.0555555555555556,-0.1111111111111111,0.0,3.8,0.003,0.003,0.0,1
39,-0.0555555555555556,-0.1111111111111111,0.0,3.81,0.0026,0.0026,0.0,1
39,-0.0555555555555556,-0.1111111111111111,0.0,3.82,0.0022,0.0022,0.0,1
39,-0.0555555555555556,-0.1111111111111111,0.0,3.83,0.0018,0.0018,0.0,1
39,-0.0555555555555556,-0.1111111111111111,0.0,3.84,0.0013,0.0013,0.0,1
39,-0.0555555555555556,-0.1111111111111111,0.0,3.85,0.001,0.001,0.0,1
39,-0.0555555555555556,-0.1111111111111111,0.0,3.86,0.0007,0.0007,0.0,1
39,-0.0555555555555556,-0.1111111111111111,0.0,3.87,0.0005,0.0005,0.0,1
39,-0.0555555555555556,-0.1111111111111111,0.0,3.88,0.0003,0.0003,0.0,1
39,-0.0555555555555556,-0.1111111111111111,0.0,3.89,0.0002,0.0002,0.0,1
39,-0.0555555555555556,-0.1111111111111111,0.0,3.9,0.0001,0.0001,0.0,1
39,-0.0555555555555556,-0.1111111111111111,0.0,3.91,0.0001,0.0001,0.0,1
39,-0.0555555555555556,-0.1111111111111111,0.0,3.92,0.0,0.0,,0
39,-0.0555555555555556,-0.1111111111111111,0.0,3.93,0.0,0.0,,0
39,-0.0555555555555556,-0.1111111111111111,0.0,3.94,0.0,0.0,,0
39,-0.0555555555555556,-0.1111111111111111,0.0,3.95,0.0,0.0,,0
39,-0.0555555555555556,-0.1111111111111111,0.0,3.96,0.0,0.0,,0
39,-0.0555555555555556,-0.1111111111111111,0.0,3.97,0.0,0.0,,0
39,-0.0555555555555556,-0.1111111111111111,0.0,3.98,0.0,0.0,,0
39,-0.0555555555555556,-0.1111111111111111,0.0,3.99,0.0001,0.0001,0.0,1
39,-0.0555555555555556,-0.1111111111111111,0.0,4.0,0.0001,0.0001,0.0,1
40,-0.0833333333333333,-0.1666666666666667,0.0,0.5,0.0,0.0,,0
40,-0.0833333333333333,-0.1666666666666667,0.0,0.51,0.0,0.0,,0
40,-0.0833333333333333,-0.1666666666666667,0.0,0.52,0.0,0.0,,0
40,-0.0833333333333333,-0.1666666666666667,0.0,0.53,0.0,0.0,,0
40,-0.0833333333333333,-0.1666666666666667,0.0,0.54,0.0,0.0,,0
40,-0.0833333333333333,-0.1666666666666667,0.0,0.55,0.0,0.0,,0
40,-0.0833333333333333,-0.1666666666666667,0.0,0.56,0.0,0.0,,0
40,-0.0833333333333333,-0.1666666666666667,0.0,0.57,0.0,0.0,,0
40,-0.0833333333333333,-0.1666666666666667,0.0,0.58,0.0,0.0,,0
40,-0.0833333333333333,-0.1666666666666667,0.0,0.59,0.0,0.0,,0
40,-0.0833333333333333,-0.1666666666666667,0.0,0.6,0.0,0.0,,0
40,-0.0833333333333333,-0.1666666666666667,0.0,0.61,0.0,0.0,,0
40,-0.0833333333333333,-0.1666666666666667,0.0,0.62,0.0,0.0,,0
40,-0.0833333333333333,-0.1666666666666667,0.0,0.63,0.0,0.0,,0
40,-0.0833333333333333,-0.1666666666666667,0.0,0.64,0.0,0.0,,0
40,-0.0833333333333333,-0.1666666666666667,0.0,0.65,0.0,0.0,,0
40,-0.0833333333333333,-0.1666666666666667,0.0,0.66,0.0,0.0,,0
40,-0.0833333333333333,-0.1666666666666667,0.0,0.67,0.0,0.0,,0
40,-0.0833333333333333,-0.1666666666666667,0.0,0.68,0.0,0.0,,0
40,-0.0833333333333333,-0.1666666666666667,0.0,0.69,0.0,0.0,,0
40,-0.0833333333333333,-0.1666666666666667,0.0,0.7,0.0,0.0,,0
40,-0.0833333333333333,-0.1666666666666667,0.0,0.71,0.0,0.0,,0
40,-0.0833333333333333,-0.1666666666666667,0.0,0.72,0.0,0.0,,0
40,-0.0833333333333333,-0.1666666666666667,0.0,0.73,0.0,0.0,,0
40,-0.0833333333333333,-0.1666666666666667,0.0,0.74,0.0,0.0,,0
40,-0.0833333333333333,-0.1666666666666667,0.0,0.75,0.0,0.0,,0
40,-0.0833333333333333,-0.1666666666666667,0.0,0.76,0.0,0.0,,0
40,-0.0833333333333333,-0.1666666666666667,0.0,0.77,0.0,0.0,,0
40,-0.0833333333333333,-0.1666666666666667,0.0,0.78,0.0,0.0,,0
40,-0.0833333333333333,-0.1666666666666667,0.0,0.79,0.0,0.0,,0
40,-0.0833333333333333,-0.1666666666666667,0.0,0.8,0.0,0.0,,0
40,-0.0833333333333333,-0.1666666666666667,0.0,0.81,0.0,0.0,,0
40,-0.0833333333333333,-0.1666666666666667,0.0,0.82,0.0,0.0,,0
40,-0.0833333333333333,-0.1666666666666667,0.0,0.83,0.0,0.0,,0
40,-0.0833333333333333,-0.1666666666666667,0.0,0.84,0.0,0.0,,0
40,-0.0833333333333333,-0.1666666666666667,0.0,0.85,0.0,0.0,,0
40,-0.0833333333333333,-0.1666666666666667,0.0,0.86,0.0,0.0,,0
40,-0.0833333333333333,-0.1666666666666667,0.0,0.87,0.0,0.0,,0
40,-0.0833333333333333,-0.1666666666666667,0.0,0.88,0.0,0.0,,0
40,-0.0833333333333333,-0.1666666666666667,0.0,0.89,0.0,0.0,,0
40,-0.0833333333333333,-0.1666666666666667,0.0,0.9,0.0,0.0,,0
40,-0.0833333333333333,-0.1666666666666667,0.0,0.91,0.0,0.0,,0
40,-0.0833333333333333,-0.1666666666666667,0.0,0.92,0.0,0.0,,0
40,-0.0833333333333333,-0.1666666666666667,0.0,0.93,0.0,0.0,,0
40,-0.0833333333333333,-0.1666666666666667,0.0,0.94,0.0,0.0,,0
40,-0.0833333333333333,-0.1666666666666667,0.0,0.95,0.0,0.0,,0
40,-0.0833333333333333,-0.1666666666666667,0.0,0.96,0.0,0.0,,0
40,-0.0833333333333333,-0.1666666666666667,0.0,0.97,0.0,0.0,,0
40,-0.0833333333333333,-0.1666666666666667,0.0,0.98,0.0,0.0,,0
40,-0.0833333333333333,-0.1666666666666667,0.0,0.99,0.0,0.0,,0
40,-0.0833333333333333,-0.1666666666666667,0.0,1.0,0.0,0.0,,0
40,-0.0833333333333333,-0.1666666666666667,0.0,1.01,0.0,0.0,,0
40,-0.0833333333333333,-0.1666666666666667,0.0,1.02,0.0,0.0,,0
40,-0.0833333333333333,-0.1666666666666667,0.0,1.03,0.0,0.0,,0
40,-0.0833333333333333,-0.1666666666666667,0.0,1.04,0.0,0.0,,0
40,-0.0833333333333333,-0.1666666666666667,0.0,1.05,0.0,0.0,,0
40,-0.0833333333333333,-0.1666666666666667,0.0,1.06,0.0,0.0,,0
40,-0.0833333333333333,-0.1666666666666667,0.0,1.07,0.0,0.0,,0
40,-0.0833333333333333,-0.1666666666666667,0.0,1.08,0.0,0.0,,0
40,-0.0833333333333333,-0.1666666666666667,0.0,1.09,0.0,0.0,,0
40,-0.0833333333333333,-0.1666666666666667,0.0,1.1,0.0,0.0,,0
40,-0.0833333333333333,-0.1666666666666667,0.0,1.11,0.0,0.0,,0
40,-0.0833333333333333,-0.1666666666666667,0.0,1.12,0.0,0.0,,0
40,-0.0833333333333333,-0.1666666666666667,0.0,1.13,0.0,0.0,,0
40,-0.0833333333333333,-0.1666666666666667,0.0,1.14,0.0,0.0,,0
40,-0.0833333333333333,-0.1666666666666667,0.0,1.15,0.0,0.0,,0
40,-0.0833333333333333,-0.1666666666666667,0.0,1.16,0.0,0.0,,0
40,-0.0833333333333333,-0.1666666666666667,0.0,1.17,0.0,0.0,,0
40,-0.0833333333333333,-0.1666666666666667,0.0,1.18,0.0,0.0,,0
40,-0.0833333333333333,-0.1666666666666667,0.0,1.19,0.0,0.0,,0
40,-0.0833333333333333,-0.1666666666666667,0.0,1.2,0.0,0.0,,0
40,-0.0833333333333333,-0.1666666666666667,0.0,1.21,0.0,0.0,,0
40,-0.0833333333333333,-0.1666666666666667,0.0,1.22,0.0,0.0,,0
40,-0.0833333333333333,-0.1666666666666667,0.0,1.23,0.0,0.0,,0
40,-0.0833333333333333,-0.1666666666666667,0.0,1.24,0.0,0.0,,0
40,-0.0833333333333333,-0.1666666666666667,0.0,1.25,0.0,0.0,,0
40,-0.0833333333333333,-0.1666666666666667,0.0,1.26,0.0,0.0,,0
40,-0.0833333333333333,-0.1666666666666667,0.0,1.27,0.0,0.0,,0
40,-0.0833333333333333,-0.1666666666666667,0.0,1.28,0.0,0.0,,0
40,-0.0833333333333333,-0.1666666666666667,0.0,1.29,0.0,0.0,,0
40,-0.0833333333333333,-0.1666666666666667,0.0,1.3,0.0,0.0,,0
40,-0.0833333333333333,-0.1666666666666667,0.0,1.31,0.0,0.0,,0
40,-0.0833333333333333,-0.1666666666666667,0.0,1.32,0.0,0.0,,0
40,-0.0833333333333333,-0.1666666666666667,0.0,1.33,0.0,0.0,,0
40,-0.0833333333333333,-0.1666666666666667,0.0,1.34,0.0,0.0,,0
40,-0.0833333333333333,-0.1666666666666667,0.0,1.35,0.0,0.0,,0
40,-0.0833333333333333,-0.1666666666666667,0.0,1.36,0.0,0.0,,0
40,-0.0833333333333333,-0.1666666666666667,0.0,1.37,0.0,0.0,,0
40,-0.0833333333333333,-0.1666666666666667,0.0,1.38,0.0,0.0,,0
40,-0.0833333333333333,-0.1666666666666667,0.0,1.39,0.0,0.0,,0
40,-0.0833333333333333,-0.1666666666666667,0.0,1.4,0.0,0.0,,0
40,-0.0833333333333333,-0.1666666666666667,0.0,1.41,0.0,0.0,,0
40,-0.0833333333333333,-0.1666666666666667,0.0,1.42,0.0,0.0,,0
40,-0.0833333333333333,-0.1666666666666667,0.0,1.43,0.0,0.0,,0
40,-0.0833333333333333,-0.1666666666666667,0.0,1.44,0.0,0.0,,0
40,-0.0833333333333333,-0.1666666666666667,0.0,1.45,0.0,0.0,,0
40,-0.0833333333333333,-0.1666666666666667,0.0,1.46,0.0,0.0,,0
40,-0.0833333333333333,-0.1666666666666667,0.0,1.47,0.0,0.0,,0
40,-0.0833333333333333,-0.1666666666666667,0.0,1.48,0.0,0.0,,0
40,-0.0833333333333333,-0.1666666666666667,0.0,1.49,0.0,0.0,,0
40,-0.0833333333333333,-0.1666666666666667,0.0,1.5,0.0,0.0,,0
40,-0.0833333333333333,-0.1666666666666667,0.0,1.51,0.0,0.0,,0
40,-0.0833333333333333,-0.1666666666666667,0.0,1.52,0.0,0.0,,0
40,-0.0833333333333333,-0.1666666666666667,0.0,1.53,0.0,0.0,,0
40,-0.0833333333333333,-0.1666666666666667,0.0,1.54,0.0,0.0,,0
40,-0.0833333333333333,-0.1666666666666667,0.0,1.55,0.0,0.0,,0
40,-0.0833333333333333,-0.1666666666666667,0.0,1.56,0.0,0.0,,0
40,-0.0833333333333333,-0.1666666666666667,0.0,1.57,0.0,0.0,,0
40,-0.0833333333333333,-0.1666666666666667,0.0,1.58,0.0,0.0,,0
40,-0.0833333333333333,-0.1666666666666667,0.0,1.59,0.0,0.0,,0
40,-0.0833333333333333,-0.1666666666666667,0.0,1.6,0.0,0.0,,0
40,-0.0833333333333333,-0.1666666666666667,0.0,1.61,0.0,0.0,,0
40,-0.0833333333333333,-0.1666666666666667,0.0,1.62,0.0,0.0,,0
40,-0.0833333333333333,-0.1666666666666667,0.0,1.63,0.0,0.0,,0
40,-0.0833333333333333,-0.1666666666666667,0.0,1.64,0.0,0.0,,0
40,-0.0833333333333333,-0.1666666666666667,0.0,1.65,0.0,0.0,,0
40,-0.0833333333333333,-0.1666666666666667,0.0,1.66,0.0,0.0,,0
40,-0.0833333333333333,-0.1666666666666667,0.0,1.67,0.0,0.0,,0
40,-0.0833333333333333,-0.1666666666666667,0.0,1.68,0.0,0.0,,0
40,-0.0833333333333333,-0.1666666666666667,0.0,1.69,0.0,0.0,,0
40,-0.0833333333333333,-0.1666666666666667,0.0,1.7,0.0,0.0,,0
40,-0.0833333333333333,-0.1666666666666667,0.0,1.71,0.0,0.0,,0
40,-0.0833333333333333,-0.1666666666666667,0.0,1.72,0.0,0.0,,0
40,-0.0833333333333333,-0.1666666666666667,0.0,1.73,0.0,0.0,,0
40,-0.0833333333333333,-0.1666666666666667,0.0,1.74,0.0,0.0,,0
40,-0.0833333333333333,-0.1666666666666667,0.0,1.75,0.0,0.0,,0
40,-0.0833333333333333,-0.1666666666666667,0.0,1.76,0.0,0.0,,0
40,-0.0833333333333333,-0.1666666666666667,0.0,1.77,0.0,0.0,,0
40,-0.0833333333333333,-0.1666666666666667,0.0,1.78,0.0,0.0,,0
40,-0.0833333333333333,-0.1666666666666667,0.0,1.79,0.0,0.0,,0
40,-0.0833333333333333,-0.1666666666666667,0.0,1.8,0.0,0.0,,0
40,-0.0833333333333333,-0.1666666666666667,0.0,1.81,0.0,0.0,,0
40,-0.0833333333333333,-0.1666666666666667,0.0,1.82,0.0,0.0,,0
40,-0.0833333333333333,-0.1666666666666667,0.0,1.83,0.0,0.0,,0
40,-0.0833333333333333,-0.1666666666666667,0.0,1.84,0.0,0.0,,0
40,-0.0833333333333333,-0.1666666666666667,0.0,1.85,0.0,0.0,,0
40,-0.0833333333333333,-0.1666666666666667,0.0,1.86,0.0,0.0,,0
40,-0.0833333333333333,-0.1666666666666667,0.0,1.87,0.0,0.0,,0
40,-0.0833333333333333,-0.1666666666666667,0.0,1.88,0.0,0.0,,0
40,-0.0833333333333333,-0.1666666666666667,0.0,1.89,0.0,0.0,,0
40,-0.0833333333333333,-0.1666666666666667,0.0,1.9,0.0,0.0,,0
40,-0.0833333333333333,-0.1666666666666667,0.0,1.91,0.0,0.0,,0
40,-0.0833333333333333,-0.1666666666666667,0.0,1.92,0.0,0.0,,0
40,-0.0833333333333333,-0.1666666666666667,0.0,1.93,0.0,0.0,,0
40,-0.0833333333333333,-0.1666666666666667,0.0,1.94,0.0,0.0,,0
40,-0.0833333333333333,-0.1666666666666667,0.0,1.95,0.0,0.0,,0
40,-0.0833333333333333,-0.1666666666666667,0.0,1.96,0.0,0.0,,0
40,-0.0833333333333333,-0.1666666666666667,0.0,1.97,0.0,0.0,,0
40,-0.0833333333333333,-0.1666666666666667,0.0,1.98,0.0,0.0,,0
40,-0.0833333333333333,-0.1666666666666667,0.0,1.99,0.0,0.0,,0
40,-0.0833333333333333,-0.1666666666666667,0.0,2.0,0.0,0.0,,0
40,-0.0833333333333333,-0.1666666666666667,0.0,2.01,0.0,0.0,,0
40,-0.0833333333333333,-0.1666666666666667,0.0,2.02,0.0,0.0,,0
40,-0.0833333333333333,-0.1666666666666667,0.0,2.03,0.0,0.0,,0
40,-0.0833333333333333,-0.1666666666666667,0.0,2.04,0.0,0.0,,0
40,-0.0833333333333333,-0.1666666666666667,0.0,2.05,0.0,0.0,,0
40,-0.0833333333333333,-0.1666666666666667,0.0,2.06,0.0,0.0,,0
40,-0.0833333333333333,-0.1666666666666667,0.0,2.07,0.0,0.0,,0
40,-0.0833333333333333,-0.1666666666666667,0.0,2.08,0.0,0.0,,0
40,-0.0833333333333333,-0.1666666666666667,0.0,2.09,0.0,0.0,,0
40,-0.0833333333333333,-0.1666666666666667,0.0,2.1,0.0,0.0,,0
40,-0.0833333333333333,-0.1666666666666667,0.0,2.11,0.0,0.0,,0
40,-0.0833333333333333,-0.1666666666666667,0.0,2.12,0.0,0.0,,0
40,-0.0833333333333333,-0.1666666666666667,0.0,2.13,0.0,0.0,,0
40,-0.0833333333333333,-0.1666666666666667,0.0,2.14,0.0,0.0,,0
40,-0.0833333333333333,-0.1666666666666667,0.0,2.15,0.0001,0.0001,0.0,1
40,-0.0833333333333333,-0.1666666666666667,0.0,2.16,0.0001,0.0001,0.0,1
40,-0.0833333333333333,-0.1666666666666667,0.0,2.17,0.0002,0.0002,0.0,1
40,-0.0833333333333333,-0.1666666666666667,0.0,2.18,0.0004,0.0004,0.0,1
40,-0.0833333333333333,-0.1666666666666667,0.0,2.19,0.0006,0.0006,0.0,1
40,-0.0833333333333333,-0.1666666666666667,0.0,2.2,0.0009,0.0009,0.0,1
40,-0.0833333333333333,-0.1666666666666667,0.0,2.21,0.0014,0.0014,0.0,1
40,-0.0833333333333333,-0.1666666666666667,0.0,2.22,0.0019,0.0019,0.0,1
40,-0.0833333333333333,-0.1666666666666667,0.0,2.23,0.0026,0.0026,0.0,1
40,-0.0833333333333333,-0.1666666666666667,0.0,2.24,0.0034,0.0034,0.0,1
40,-0.0833333333333333,-0.1666666666666667,0.0,2.25,0.0042,0.0042,0.0,1
40,-0.0833333333333333,-0.1666666666666667,0.0,2.26,0.005,0.005,0.0,1
40,-0.0833333333333333,-0.1666666666666667,0.0,2.27,0.0057,0.0057,0.0,1
40,-0.0833333333333333,-0.1666666666666667,0.0,2.28,0.0063,0.0063,0.0,1
40,-0.0833333333333333,-0.1666666666666667,0.0,2.29,0.0066,0.0066,0.0,1
40,-0.0833333333333333,-0.1666666666666667,0.0,2.3,0.0068,0.0068,0.0,1
40,-0.0833333333333333,-0.1666666666666667,0.0,2.31,0.0067,0.0067,0.0,1
40,-0.0833333333333333,-0.1666666666666667,0.0,2.32,0.0063,0.0063,0.0,1
40,-0.0833333333333333,-0.1666666666666667,0.0,2.33,0.0058,0.0058,0.0,1
40,-0.0833333333333333,-0.1666666666666667,0.0,2.34,0.0053,0.0053,0.0,1
40,-0.0833333333333333,-0.1666666666666667,0.0,2.35,0.0047,0.0047,0.0,1
40,-0.0833333333333333,-0.1666666666666667,0.0,2.36,0.0043,0.0043,0.0,1
40,-0.0833333333333333,-0.1666666666666667,0.0,2.37,0.0041,0.0041,0.0,1
40,-0.0833333333333333,-0.1666666666666667,0.0,2.38,0.004,0.004,0.0,1
40,-0.0833333333333333,-0.1666666666666667,0.0,2.39,0.0042,0.0042,0.0,1
40,-0.0833333333333333,-0.1666666666666667,0.0,2.4,0.0046,0.0046,0.0,1
40,-0.0833333333333333,-0.1666666666666667,0.0,2.41,0.0051,0.0051,0.0,1
40,-0.0833333333333333,-0.1666666666666667,0.0,2.42,0.0056,0.0056,0.0,1
40,-0.0833333333333333,-0.1666666666666667,0.0,2.43,0.0061,0.0061,0.0,1
40,-0.0833333333333333,-0.1666666666666667,0.0,2.44,0.0065,0.0065,0.0,1
40,-0.0833333333333333,-0.1666666666666667,0.0,2.45,0.0067,0.0067,0.0,1
40,-0.0833333333333333,-0.1666666666666667,0.0,2.46,0.0066,0.0066,0.0,1
40,-0.0833333333333333,-0.1666666666666667,0.0,2.47,0.0063,0.0063,0.0,1
40,-0.0833333333333333,-0.1666666666666667,0.0,2.48,0.0058,0.0058,0.0,1
40,-0.0833333333333333,-0.1666666666666667,0.0,2.49,0.0052,0.0052,0.0,1
40,-0.0833333333333333,-0.1666666666666667,0.0,2.5,0.0045,0.0045,0.0,1
40,-0.0833333333333333,-0.1666666666666667,0.0,2.51,0.0038,0.0038,0.0,1
40,-0.0833333333333333,-0.1666666666666667,0.0,2.52,0.0033,0.0033,0.0,1
40,-0.0833333333333333,-0.1666666666666667,0.0,2.53,0.0029,0.0029,0.0,1
40,-0.0833333333333333,-0.1666666666666667,0.0,2.54,0.0028,0.0028,0.0,1
40,-0.0833333333333333,-0.1666666666666667,0.0,2.55,0.0029,0.0029,0.0,1
40,-0.0833333333333333,-0.1666666666666667,0.0,2.56,0.0033,0.0033,0.0,1
40,-0.0833333333333333,-0.1666666666666667,0.0,2.57,0.004,0.004,0.0,1
40,-0.0833333333333333,-0.1666666666666667,0.0,2.58,0.0048,0.0048,0.0,1
40,-0.0833333333333333,-0.1666666666666667,0.0,2.59,0.0058,0.0058,0.0,1
40,-0.0833333333333333,-0.1666666666666667,0.0,2.6,0.0068,0.0068,0.0,1
40,-0.0833333333333333,-0.1666666666666667,0.0,2.61,0.0078,0.0078,0.0,1
40,-0.0833333333333333,-0.1666666666666667,0.0,2.62,0.0085,0.0085,0.0,1
40,-0.0833333333333333,-0.1666666666666667,0.0,2.63,0.009,0.009,0.0,1
40,-0.0833333333333333,-0.1666666666666667,0.0,2.64,0.0092,0.0092,0.0,1
40,-0.0833333333333333,-0.1666666666666667,0.0,2.65,0.009,0.009,0.0,1
40,-0.0833333333333333,-0.1666666666666667,0.0,2.66,0.0085,0.0085,0.0,1
40,-0.0833333333333333,-0.1666666666666667,0.0,2.67,0.0077,0.0077,0.0,1
40,-0.0833333333333333,-0.1666666666666667,0.0,2.68,0.0067,0.0067,0.0,1
40,-0.0833333333333333,-0.1666666666666667,0.0,2.69,0.0057,0.0057,0.0,1
40,-0.0833333333333333,-0.1666666666666667,0.0,2.7,0.0047,0.0047,0.0,1
40,-0.0833333333333333,-0.1666666666666667,0.0,2.71,0.0039,0.0039,0.0,1
40,-0.0833333333333333,-0.1666666666666667,0.0,2.72,0.0032,0.0032,0.0,1
40,-0.0833333333333333,-0.1666666666666667,0.0,2.73,0.0026,0.0026,0.0,1
40,-0.0833333333333333,-0.1666666666666667,0.0,2.74,0.0023,0.0023,0.0,1
40,-0.0833333333333333,-0.1666666666666667,0.0,2.75,0.0021,0.0021,0.0,1
40,-0.0833333333333333,-0.1666666666666667,0.0,2.76,0.0021,0.0021,0.0,1
40,-0.0833333333333333,-0.1666666666666667,0.0,2.77,0.0021,0.0021,0.0,1
40,-0.0833333333333333,-0.1666666666666667,0.0,2.78,0.0021,0.0021,0.0,1
40,-0.0833333333333333,-0.1666666666666667,0.0,2.79,0.0021,0.0021,0.0,1
40,-0.0833333333333333,-0.1666666666666667,0.0,2.8,0.002,0.002,0.0,1
40,-0.0833333333333333,-0.1666666666666667,0.0,2.81,0.0019,0.0019,0.0,1
40,-0.0833333333333333,-0.1666666666666667,0.0,2.82,0.0018,0.0018,0.0,1
40,-0.0833333333333333,-0.1666666666666667,0.0,2.83,0.0016,0.0016,0.0,1
40,-0.0833333333333333,-0.1666666666666667,0.0,2.84,0.0013,0.0013,0.0,1
40,-0.0833333333333333,-0.1666666666666667,0.0,2.85,0.0011,0.0011,0.0,1
40,-0.0833333333333333,-0.1666666666666667,0.0,2.86,0.0008,0.0008,0.0,1
40,-0.0833333333333333,-0.1666666666666667,0.0,2.87,0.0006,0.0006,0.0,1
40,-0.0833333333333333,-0.1666666666666667,0.0,2.88,0.0005,0.0005,0.0,1
40,-0.0833333333333333,-0.1666666666666667,0.0,2.89,0.0003,0.0003,0.0,1
40,-0.0833333333333333,-0.1666666666666667,0.0,2.9,0.0002,0.0002,0.0,1
40,-0.0833333333333333,-0.1666666666666667,0.0,2.91,0.0001,0.0001,0.0,1
40,-0.0833333333333333,-0.1666666666666667,0.0,2.92,0.0001,0.0001,0.0,1
40,-0.0833333333333333,-0.1666666666666667,0.0,2.93,0.0001,0.0001,0.0,1
40,-0.0833333333333333,-0.1666666666666667,0.0,2.94,0.0,0.0,,0
40,-0.0833333333333333,-0.1666666666666667,0.0,2.95,0.0,0.0,,0
40,-0.0833333333333333,-0.1666666666666667,0.0,2.96,0.0,0.0,,0
40,-0.0833333333333333,-0.1666666666666667,0.0,2.97,0.0001,0.0001,0.0,1
40,-0.0833333333333333,-0.1666666666666667,0.0,2.98,0.0001,0.0001,0.0,1
40,-0.0833333333333333,-0.1666666666666667,0.0,2.99,0.0001,0.0001,0.0,1
40,-0.0833333333333333,-0.1666666666666667,0.0,3.0,0.0001,0.0001,0.0,1
40,-0.0833333333333333,-0.1666666666666667,0.0,3.01,0.0001,0.0001,0.0,1
40,-0.0833333333333333,-0.1666666666666667,0.0,3.02,0.0001,0.0001,0.0,1
40,-0.0833333333333333,-0.1666666666666667,0.0,3.03,0.0001,0.0001,0.0,1
40,-0.0833333333333333,-0.1666666666666667,0.0,3.04,0.0002,0.0002,0.0,1
40,-0.0833333333333333,-0.1666666666666667,0.0,3.05,0.0002,0.0002,0.0,1
40,-0.0833333333333333,-0.1666666666666667,0.0,3.06,0.0002,0.0002,0.0,1
40,-0.0833333333333333,-0.1666666666666667,0.0,3.07,0.0003,0.0003,0.0,1
40,-0.0833333333333333,-0.1666666666666667,0.0,3.08,0.0004,0.0004,0.0,1
40,-0.0833333333333333,-0.1666666666666667,0.0,3.09,0.0005,0.0005,0.0,1
40,-0.0833333333333333,-0.1666666666666667,0.0,3.1,0.0007,0.0007,0.0,1
40,-0.0833333333333333,-0.1666666666666667,0.0,3.11,0.001,0.001,0.0,1
40,-0.0833333333333333,-0.1666666666666667,0.0,3.12,0.0013,0.0013,0.0,1
40,-0.0833333333333333,-0.1666666666666667,0.0,3.13,0.0017,0.0017,0.0,1
40,-0.0833333333333333,-0.1666666666666667,0.0,3.14,0.0021,0.0021,0.0,1
40,-0.0833333333333333,-0.1666666666666667,0.0,3.15,0.0024,0.0024,0.0,1
40,-0.0833333333333333,-0.1666666666666667,0.0,3.16,0.0028,0.0028,0.0,1
40,-0.0833333333333333,-0.1666666666666667,0.0,3.17,0.003,0.003,0.0,1
40,-0.0833333333333333,-0.1666666666666667,0.0,3.18,0.0032,0.0032,0.0,1
40,-0.0833333333333333,-0.1666666666666667,0.0,3.19,0.0032,0.0032,0.0,1
40,-0.0833333333333333,-0.1666666666666667,0.0,3.2,0.0031,0.0031,0.0,1
40,-0.0833333333333333,-0.1666666666666667,0.0,3.21,0.0029,0.0029,0.0,1
40,-0.0833333333333333,-0.1666666666666667,0.0,3.22,0.0026,0.0026,0.0,1
40,-0.0833333333333333,-0.1666666666666667,0.0,3.23,0.0022,0.0022,0.0,1
40,-0.0833333333333333,-0.1666666666666667,0.0,3.24,0.0019,0.0019,0.0,1
40,-0.0833333333333333,-0.1666666666666667,0.0,3.25,0.0015,0.0015,0.0,1
40,-0.0833333333333333,-0.1666666666666667,0.0,3.26,0.0011,0.0011,0.0,1
40,-0.0833333333333333,-0.1666666666666667,0.0,3.27,0.0009,0.0009,0.0,1
40,-0.0833333333333333,-0.1666666666666667,0.0,3.28,0.0006,0.0006,0.0,1
40,-0.0833333333333333,-0.1666666666666667,0.0,3.29,0.0005,0.0005,0.0,1
40,-0.0833333333333333,-0.1666666666666667,0.0,3.3,0.0003,0.0003,0.0,1
40,-0.0833333333333333,-0.1666666666666667,0.0,3.31,0.0003,0.0003,0.0,1
40,-0.0833333333333333,-0.1666666666666667,0.0,3.32,0.0002,0.0002,0.0,1
40,-0.0833333333333333,-0.1666666666666667,0.0,3.33,0.0002,0.0002,0.0,1
40,-0.0833333333333333,-0.1666666666666667,0.0,3.34,0.0002,0.0002,0.0,1
40,-0.0833333333333333,-0.1666666666666667,0.0,3.35,0.0002,0.0002,0.0,1
40,-0.0833333333333333,-0.1666666666666667,0.0,3.36,0.0002,0.0002,0.0,1
40,-0.0833333333333333,-0.1666666666666667,0.0,3.37,0.0002,0.0002,0.0,1
40,-0.0833333333333333,-0.1666666666666667,0.0,3.38,0.0002,0.0002,0.0,1
40,-0.0833333333333333,-0.1666666666666667,0.0,3.39,0.0003,0.0003,0.0,1
40,-0.0833333333333333,-0.1666666666666667,0.0,3.4,0.0004,0.0004,0.0,1
40,-0.0833333333333333,-0.1666666666666667,0.0,3.41,0.0005,0.0005,0.0,1
40,-0.0833333333333333,-0.1666666666666667,0.0,3.42,0.0006,0.0006,0.0,1
40,-0.0833333333333333,-0.1666666666666667,0.0,3.43,0.0008,0.0008,0.0,1
40,-0.0833333333333333,-0.1666666666666667,0.0,3.44,0.0011,0.0011,0.0,1
40,-0.0833333333333333,-0.1666666666666667,0.0,3.45,0.0014,0.0014,0.0,1
40,-0.0833333333333333,-0.1666666666666667,0.0,3.46,0.0018,0.0018,0.0,1
40,-0.0833333333333333,-0.1666666666666667,0.0,3.47,0.0022,0.0022,0.0,1
40,-0.0833333333333333,-0.1666666666666667,0.0,3.48,0.0025,0.0025,0.0,1
40,-0.0833333333333333,-0.1666666666666667,0.0,3.49,0.0028,0.0028,0.0,1
40,-0.0833333333333333,-0.1666666666666667,0.0,3.5,0.0031,0.0031,0.0,1
40,-0.0833333333333333,-0.1666666666666667,0.0,3.51,0.0032,0.0032,0.0,1
40,-0.0833333333333333,-0.1666666666666667,0.0,3.52,0.0032,0.0032,0.0,1
40,-0.0833333333333333,-0.1666666666666667,0.0,3.53,0.003,0.003,0.0,1
40,-0.0833333333333333,-0.1666666666666667,0.0,3.54,0.0028,0.0028,0.0,1
40,-0.0833333333333333,-0.1666666666666667,0.0,3.55,0.0025,0.0025,0.0,1
40,-0.0833333333333333,-0.1666666666666667,0.0,3.56,0.0021,0.0021,0.0,1
40,-0.0833333333333333,-0.1666666666666667,0.0,3.57,0.0017,0.0017,0.0,1
40,-0.0833333333333333,-0.1666666666666667,0.0,3.58,0.0013,0.0013,0.0,1
40,-0.0833333333333333,-0.1666666666666667,0.0,3.59,0.001,0.001,0.0,1
40,-0.0833333333333333,-0.1666666666666667,0.0,3.6,0.0007,0.0007,0.0,1
40,-0.0833333333333333,-0.1666666666666667,0.0,3.61,0.0005,0.0005,0.0,1
40,-0.0833333333333333,-0.1666666666666667,0.0,3.62,0.0003,0.0003,0.0,1
40,-0.0833333333333333,-0.1666666666666667,0.0,3.63,0.0002,0.0002,0.0,1
40,-0.0833333333333333,-0.1666666666666667,0.0,3.64,0.0001,0.0001,0.0,1
40,-0.0833333333333333,-0.1666666666666667,0.0,3.65,0.0001,0.0001,0.0,1
40,-0.0833333333333333,-0.1666666666666667,0.0,3.66,0.0,0.0,,0
40,-0.0833333333333333,-0.1666666666666667,0.0,3.67,0.0,0.0,,0
40,-0.0833333333333333,-0.1666666666666667,0.0,3.68,0.0,0.0,,0
40,-0.0833333333333333,-0.1666666666666667,0.0,3.69,0.0,0.0,,0
40,-0.0833333333333333,-0.1666666666666667,0.0,3.7,0.0,0.0,,0
40,-0.0833333333333333,-0.1666666666666667,0.0,3.71,0.0,0.0,,0
40,-0.0833333333333333,-0.1666666666666667,0.0,3.72,0.0,0.0,,0
40,-0.0833333333333333,-0.1666666666666667,0.0,3.73,0.0,0.0,,0
40,-0.0833333333333333,-0.1666666666666667,0.0,3.74,0.0,0.0,,0
40,-0.0833333333333333,-0.1666666666666667,0.0,3.75,0.0,0.0,,0
40,-0.0833333333333333,-0.1666666666666667,0.0,3.76,0.0,0.0,,0
40,-0.0833333333333333,-0.1666666666666667,0.0,3.77,0.0,0.0,,0
40,-0.0833333333333333,-0.1666666666666667,0.0,3.78,0.0,0.0,,0
40,-0.0833333333333333,-0.1666666666666667,0.0,3.79,0.0,0.0,,0
40,-0.0833333333333333,-0.1666666666666667,0.0,3.8,0.0,0.0,,0
40,-0.0833333333333333,-0.1666666666666667,0.0,3.81,0.0,0.0,,0
40,-0.0833333333333333,-0.1666666666666667,0.0,3.82,0.0,0.0,,0
40,-0.0833333333333333,-0.1666666666666667,0.0,3.83,0.0,0.0,,0
40,-0.0833333333333333,-0.1666666666666667,0.0,3.84,0.0,0.0,,0
40,-0.0833333333333333,-0.1666666666666667,0.0,3.85,0.0,0.0,,0
40,-0.0833333333333333,-0.1666666666666667,0.0,3.86,0.0,0.0,,0
40,-0.0833333333333333,-0.1666666666666667,0.0,3.87,0.0,0.0,,0
40,-0.0833333333333333,-0.1666666666666667,0.0,3.88,0.0,0.0,,0
40,-0.0833333333333333,-0.1666666666666667,0.0,3.89,0.0,0.0,,0
40,-0.0833333333333333,-0.1666666666666667,0.0,3.9,0.0,0.0,,0
40,-0.0833333333333333,-0.1666666666666667,0.0,3.91,0.0,0.0,,0
40,-0.0833333333333333,-0.1666666666666667,0.0,3.92,0.0,0.0,,0
40,-0.0833333333333333,-0.1666666666666667,0.0,3.93,0.0,0.0,,0
40,-0.0833333333333333,-0.1666666666666667,0.0,3.94,0.0,0.0,,0
40,-0.0833333333333333,-0.1666666666666667,0.0,3.95,0.0,0.0,,0
40,-0.0833333333333333,-0.1666666666666667,0.0,3.96,0.0,0.0,,0
40,-0.0833333333333333,-0.1666666666666667,0.0,3.97,0.0,0.0,,0
40,-0.0833333333333333,-0.1666666666666667,0.0,3.98,0.0,0.0,,0
40,-0.0833333333333333,-0.1666666666666667,0.0,3.99,0.0,0.0,,0
40,-0.0833333333333333,-0.1666666666666667,0.0,4.0,0.0,0.0,,0
41,-0.1111111111111111,-0.2222222222222222,0.0,0.5,0.0,0.0,,0
41,-0.1111111111111111,-0.2222222222222222,0.0,0.51,0.0,0.0,,0
41,-0.1111111111111111,-0.2222222222222222,0.0,0.52,0.0,0.0,,0
41,-0.1111111111111111,-0.2222222222222222,0.0,0.53,0.0,0.0,,0
41,-0.1111111111111111,-0.2222222222222222,0.0,0.54,0.0,0.0,,0
41,-0.1111111111111111,-0.2222222222222222,0.0,0.55,0.0,0.0,,0
41,-0.1111111111111111,-0.2222222222222222,0.0,0.56,0.0,0.0,,0
41,-0.1111111111111111,-0.2222222222222222,0.0,0.57,0.0,0.0,,0
41,-0.1111111111111111,-0.2222222222222222,0.0,0.58,0.0,0.0,,0
41,-0.1111111111111111,-0.2222222222222222,0.0,0.59,0.0,0.0,,0
41,-0.1111111111111111,-0.2222222222222222,0.0,0.6,0.0,0.0,,0
41,-0.1111111111111111,-0.2222222222222222,0.0,0.61,0.0,0.0,,0
41,-0.1111111111111111,-0.2222222222222222,0.0,0.62,0.0,0.0,,0
41,-0.1111111111111111,-0.2222222222222222,0.0,0.63,0.0,0.0,,0
41,-0.1111111111111111,-0.2222222222222222,0.0,0.64,0.0,0.0,,0
41,-0.1111111111111111,-0.2222222222222222,0.0,0.65,0.0,0.0,,0
41,-0.1111111111111111,-0.2222222222222222,0.0,0.66,0.0,0.0,,0
41,-0.1111111111111111,-0.2222222222222222,0.0,0.67,0.0,0.0,,0
41,-0.1111111111111111,-0.2222222222222222,0.0,0.68,0.0,0.0,,0
41,-0.1111111111111111,-0.2222222222222222,0.0,0.69,0.0,0.0,,0
41,-0.1111111111111111,-0.2222222222222222,0.0,0.7,0.0,0.0,,0
41,-0.1111111111111111,-0.2222222222222222,0.0,0.71,0.0,0.0,,0
41,-0.1111111111111111,-0.2222222222222222,0.0,0.72,0.0,0.0,,0
41,-0.1111111111111111,-0.2222222222222222,0.0,0.73,0.0,0.0,,0
41,-0.1111111111111111,-0.2222222222222222,0.0,0.74,0.0,0.0,,0
41,-0.1111111111111111,-0.2222222222222222,0.0,0.75,0.0,0.0,,0
41,-0.1111111111111111,-0.2222222222222222,0.0,0.76,0.0,0.0,,0
41,-0.1111111111111111,-0.2222222222222222,0.0,0.77,0.0,0.0,,0
41,-0.1111111111111111,-0.2222222222222222,0.0,0.78,0.0,0.0,,0
41,-0.1111111111111111,-0.2222222222222222,0.0,0.79,0.0,0.0,,0
41,-0.1111111111111111,-0.2222222222222222,0.0,0.8,0.0,0.0,,0
41,-0.1111111111111111,-0.2222222222222222,0.0,0.81,0.0,0.0,,0
41,-0.1111111111111111,-0.2222222222222222,0.0,0.82,0.0,0.0,,0
41,-0.1111111111111111,-0.2222222222222222,0.0,0.83,0.0,0.0,,0
41,-0.1111111111111111,-0.2222222222222222,0.0,0.84,0.0,0.0,,0
41,-0.1111111111111111,-0.2222222222222222,0.0,0.85,0.0,0.0,,0
41,-0.1111111111111111,-0.2222222222222222,0.0,0.86,0.0,0.0,,0
41,-0.1111111111111111,-0.2222222222222222,0.0,0.87,0.0,0.0,,0
41,-0.1111111111111111,-0.2222222222222222,0.0,0.88,0.0,0.0,,0
41,-0.1111111111111111,-0.2222222222222222,0.0,0.89,0.0,0.0,,0
41,-0.1111111111111111,-0.2222222222222222,0.0,0.9,0.0,0.0,,0
41,-0.1111111111111111,-0.2222222222222222,0.0,0.91,0.0,0.0,,0
41,-0.1111111111111111,-0.2222222222222222,0.0,0.92,0.0,0.0,,0
41,-0.1111111111111111,-0.2222222222222222,0.0,0.93,0.0,0.0,,0
41,-0.1111111111111111,-0.2222222222222222,0.0,0.94,0.0,0.0,,0
41,-0.1111111111111111,-0.2222222222222222,0.0,0.95,0.0,0.0,,0
41,-0.1111111111111111,-0.2222222222222222,0.0,0.96,0.0,0.0,,0
41,-0.1111111111111111,-0.2222222222222222,0.0,0.97,0.0,0.0,,0
41,-0.1111111111111111,-0.2222222222222222,0.0,0.98,0.0,0.0,,0
41,-0.1111111111111111,-0.2222222222222222,0.0,0.99,0.0,0.0,,0
41,-0.1111111111111111,-0.2222222222222222,0.0,1.0,0.0,0.0,,0
41,-0.1111111111111111,-0.2222222222222222,0.0,1.01,0.0,0.0,,0
41,-0.1111111111111111,-0.2222222222222222,0.0,1.02,0.0,0.0,,0
41,-0.1111111111111111,-0.2222222222222222,0.0,1.03,0.0,0.0,,0
41,-0.1111111111111111,-0.2222222222222222,0.0,1.04,0.0,0.0,,0
41,-0.1111111111111111,-0.2222222222222222,0.0,1.05,0.0,0.0,,0
41,-0.1111111111111111,-0.2222222222222222,0.0,1.06,0.0,0.0,,0
41,-0.1111111111111111,-0.2222222222222222,0.0,1.07,0.0,0.0,,0
41,-0.1111111111111111,-0.2222222222222222,0.0,1.08,0.0,0.0,,0
41,-0.1111111111111111,-0.2222222222222222,0.0,1.09,0.0,0.0,,0
41,-0.1111111111111111,-0.2222222222222222,0.0,1.1,0.0,0.0,,0
41,-0.1111111111111111,-0.2222222222222222,0.0,1.11,0.0,0.0,,0
41,-0.1111111111111111,-0.2222222222222222,0.0,1.12,0.0,0.0,,0
41,-0.1111111111111111,-0.2222222222222222,0.0,1.13,0.0,0.0,,0
41,-0.1111111111111111,-0.2222222222222222,0.0,1.14,0.0,0.0,,0
41,-0.1111111111111111,-0.2222222222222222,0.0,1.15,0.0,0.0,,0
41,-0.1111111111111111,-0.2222222222222222,0.0,1.16,0.0,0.0,,0
41,-0.1111111111111111,-0.2222222222222222,0.0,1.17,0.0,0.0,,0
41,-0.1111111111111111,-0.2222222222222222,0.0,1.18,0.0,0.0,,0
41,-0.1111111111111111,-0.2222222222222222,0.0,1.19,0.0,0.0,,0
41,-0.1111111111111111,-0.2222222222222222,0.0,1.2,0.0,0.0,,0
41,-0.1111111111111111,-0.2222222222222222,0.0,1.21,0.0,0.0,,0
41,-0.1111111111111111,-0.2222222222222222,0.0,1.22,0.0,0.0,,0
41,-0.1111111111111111,-0.2222222222222222,0.0,1.23,0.0,0.0,,0
41,-0.1111111111111111,-0.2222222222222222,0.0,1.24,0.0,0.0,,0
41,-0.1111111111111111,-0.2222222222222222,0.0,1.25,0.0,0.0,,0
41,-0.1111111111111111,-0.2222222222222222,0.0,1.26,0.0,0.0,,0
41,-0.1111111111111111,-0.2222222222222222,0.0,1.27,0.0,0.0,,0
41,-0.1111111111111111,-0.2222222222222222,0.0,1.28,0.0,0.0,,0
41,-0.1111111111111111,-0.2222222222222222,0.0,1.29,0.0,0.0,,0
41,-0.1111111111111111,-0.2222222222222222,0.0,1.3,0.0,0.0,,0
41,-0.1111111111111111,-0.2222222222222222,0.0,1.31,0.0,0.0,,0
41,-0.1111111111111111,-0.2222222222222222,0.0,1.32,0.0,0.0,,0
41,-0.1111111111111111,-0.2222222222222222,0.0,1.33,0.0,0.0,,0
41,-0.1111111111111111,-0.2222222222222222,0.0,1.34,0.0,0.0,,0
41,-0.1111111111111111,-0.2222222222222222,0.0,1.35,0.0,0.0,,0
41,-0.1111111111111111,-0.2222222222222222,0.0,1.36,0.0,0.0,,0
41,-0.1111111111111111,-0.2222222222222222,0.0,1.37,0.0,0.0,,0
41,-0.1111111111111111,-0.2222222222222222,0.0,1.38,0.0,0.0,,0
41,-0.1111111111111111,-0.2222222222222222,0.0,1.39,0.0,0.0,,0
41,-0.1111111111111111,-0.2222222222222222,0.0,1.4,0.0,0.0,,0
41,-0.1111111111111111,-0.2222222222222222,0.0,1.41,0.0,0.0,,0
41,-0.1111111111111111,-0.2222222222222222,0.0,1.42,0.0,0.0,,0
41,-0.1111111111111111,-0.2222222222222222,0.0,1.43,0.0,0.0,,0
41,-0.1111111111111111,-0.2222222222222222,0.0,1.44,0.0,0.0,,0
41,-0.1111111111111111,-0.2222222222222222,0.0,1.45,0.0,0.0,,0
41,-0.1111111111111111,-0.2222222222222222,0.0,1.46,0.0,0.0,,0
41,-0.1111111111111111,-0.2222222222222222,0.0,1.47,0.0,0.0,,0
41,-0.1111111111111111,-0.2222222222222222,0.0,1.48,0.0,0.0,,0
41,-0.1111111111111111,-0.2222222222222222,0.0,1.49,0.0,0.0,,0
41,-0.1111111111111111,-0.2222222222222222,0.0,1.5,0.0,0.0,,0
41,-0.1111111111111111,-0.2222222222222222,0.0,1.51,0.0,0.0,,0
41,-0.1111111111111111,-0.2222222222222222,0.0,1.52,0.0,0.0,,0
41,-0.1111111111111111,-0.2222222222222222,0.0,1.53,0.0,0.0,,0
41,-0.1111111111111111,-0.2222222222222222,0.0,1.54,0.0,0.0,,0
41,-0.1111111111111111,-0.2222222222222222,0.0,1.55,0.0,0.0,,0
41,-0.1111111111111111,-0.2222222222222222,0.0,1.56,0.0,0.0,,0
41,-0.1111111111111111,-0.2222222222222222,0.0,1.57,0.0,0.0,,0
41,-0.1111111111111111,-0.2222222222222222,0.0,1.58,0.0,0.0,,0
41,-0.1111111111111111,-0.2222222222222222,0.0,1.59,0.0,0.0,,0
41,-0.1111111111111111,-0.2222222222222222,0.0,1.6,0.0,0.0,,0
41,-0.1111111111111111,-0.2222222222222222,0.0,1.61,0.0,0.0,,0
41,-0.1111111111111111,-0.2222222222222222,0.0,1.62,0.0,0.0,,0
41,-0.1111111111111111,-0.2222222222222222,0.0,1.63,0.0,0.0,,0
41,-0.1111111111111111,-0.2222222222222222,0.0,1.64,0.0,0.0,,0
41,-0.1111111111111111,-0.2222222222222222,0.0,1.65,0.0,0.0,,0
41,-0.1111111111111111,-0.2222222222222222,0.0,1.66,0.0,0.0,,0
41,-0.1111111111111111,-0.2222222222222222,0.0,1.67,0.0,0.0,,0
41,-0.1111111111111111,-0.2222222222222222,0.0,1.68,0.0,0.0,,0
41,-0.1111111111111111,-0.2222222222222222,0.0,1.69,0.0,0.0,,0
41,-0.1111111111111111,-0.2222222222222222,0.0,1.7,0.0,0.0,,0
41,-0.1111111111111111,-0.2222222222222222,0.0,1.71,0.0,0.0,,0
41,-0.1111111111111111,-0.2222222222222222,0.0,1.72,0.0,0.0,,0
41,-0.1111111111111111,-0.2222222222222222,0.0,1.73,0.0,0.0,,0
41,-0.1111111111111111,-0.2222222222222222,0.0,1.74,0.0,0.0,,0
41,-0.1111111111111111,-0.2222222222222222,0.0,1.75,0.0,0.0,,0
41,-0.1111111111111111,-0.2222222222222222,0.0,1.76,0.0,0.0,,0
41,-0.1111111111111111,-0.2222222222222222,0.0,1.77,0.0,0.0,,0
41,-0.1111111111111111,-0.2222222222222222,0.0,1.78,0.0,0.0,,0
41,-0.1111111111111111,-0.2222222222222222,0.0,1.79,0.0,0.0,,0
41,-0.1111111111111111,-0.2222222222222222,0.0,1.8,0.0,0.0,,0
41,-0.1111111111111111,-0.2222222222222222,0.0,1.81,0.0,0.0,,0
41,-0.1111111111111111,-0.2222222222222222,0.0,1.82,0.0,0.0,,0
41,-0.1111111111111111,-0.2222222222222222,0.0,1.83,0.0,0.0,,0
41,-0.1111111111111111,-0.2222222222222222,0.0,1.84,0.0,0.0,,0
41,-0.1111111111111111,-0.2222222222222222,0.0,1.85,0.0,0.0,,0
41,-0.1111111111111111,-0.2222222222222222,0.0,1.86,0.0,0.0,,0
41,-0.1111111111111111,-0.2222222222222222,0.0,1.87,0.0,0.0,,0
41,-0.1111111111111111,-0.2222222222222222,0.0,1.88,0.0,0.0,,0
41,-0.1111111111111111,-0.2222222222222222,0.0,1.89,0.0,0.0,,0
41,-0.1111111111111111,-0.2222222222222222,0.0,1.9,0.0,0.0,,0
41,-0.1111111111111111,-0.2222222222222222,0.0,1.91,0.0,0.0,,0
41,-0.1111111111111111,-0.2222222222222222,0.0,1.92,0.0,0.0,,0
41,-0.1111111111111111,-0.2222222222222222,0.0,1.93,0.0,0.0,,0
41,-0.1111111111111111,-0.2222222222222222,0.0,1.94,0.0,0.0,,0
41,-0.1111111111111111,-0.2222222222222222,0.0,1.95,0.0,0.0,,0
41,-0.1111111111111111,-0.2222222222222222,0.0,1.96,0.0,0.0,,0
41,-0.1111111111111111,-0.2222222222222222,0.0,1.97,0.0,0.0,,0
41,-0.1111111111111111,-0.2222222222222222,0.0,1.98,0.0,0.0,,0
41,-0.1111111111111111,-0.2222222222222222,0.0,1.99,0.0,0.0,,0
41,-0.1111111111111111,-0.2222222222222222,0.0,2.0,0.0,0.0,,0
41,-0.1111111111111111,-0.2222222222222222,0.0,2.01,0.0,0.0,,0
41,-0.1111111111111111,-0.2222222222222222,0.0,2.02,0.0,0.0,,0
41,-0.1111111111111111,-0.2222222222222222,0.0,2.03,0.0,0.0,,0
41,-0.1111111111111111,-0.2222222222222222,0.0,2.04,0.0,0.0,,0
41,-0.1111111111111111,-0.2222222222222222,0.0,2.05,0.0,0.0,,0
41,-0.1111111111111111,-0.2222222222222222,0.0,2.06,0.0,0.0,,0
41,-0.1111111111111111,-0.2222222222222222,0.0,2.07,0.0,0.0,,0
41,-0.1111111111111111,-0.2222222222222222,0.0,2.08,0.0,0.0,,0
41,-0.1111111111111111,-0.2222222222222222,0.0,2.09,0.0,0.0,,0
41,-0.1111111111111111,-0.2222222222222222,0.0,2.1,0.0,0.0,,0
41,-0.1111111111111111,-0.2222222222222222,0.0,2.11,0.0,0.0,,0
41,-0.1111111111111111,-0.2222222222222222,0.0,2.12,0.0,0.0,,0
41,-0.1111111111111111,-0.2222222222222222,0.0,2.13,0.0,0.0,,0
41,-0.1111111111111111,-0.2222222222222222,0.0,2.14,0.0,0.0,,0
41,-0.1111111111111111,-0.2222222222222222,0.0,2.15,0.0001,0.0001,0.0,1
41,-0.1111111111111111,-0.2222222222222222,0.0,2.16,0.0001,0.0001,0.0,1
41,-0.1111111111111111,-0.2222222222222222,0.0,2.17,0.0002,0.0002,0.0,1
41,-0.1111111111111111,-0.2222222222222222,0.0,2.18,0.0003,0.0003,0.0,1
41,-0.1111111111111111,-0.2222222222222222,0.0,2.19,0.0005,0.0005,0.0,1
41,-0.1111111111111111,-0.2222222222222222,0.0,2.2,0.0008,0.0008,0.0,1
41,-0.1111111111111111,-0.2222222222222222,0.0,2.21,0.0012,0.0012,0.0,1
41,-0.1111111111111111,-0.2222222222222222,0.0,2.22,0.0018,0.0018,0.0,1
41,-0.1111111111111111,-0.2222222222222222,0.0,2.23,0.0026,0.0026,0.0,1
41,-0.1111111111111111,-0.2222222222222222,0.0,2.24,0.0036,0.0036,0.0,1
41,-0.1111111111111111,-0.2222222222222222,0.0,2.25,0.0047,0.0047,0.0,1
41,-0.1111111111111111,-0.2222222222222222,0.0,2.26,0.0059,0.0059,0.0,1
41,-0.1111111111111111,-0.2222222222222222,0.0,2.27,0.0072,0.0072,0.0,1
41,-0.1111111111111111,-0.2222222222222222,0.0,2.28,0.0084,0.0084,0.0,1
41,-0.1111111111111111,-0.2222222222222222,0.0,2.29,0.0094,0.0094,0.0,1
41,-0.1111111111111111,-0.2222222222222222,0.0,2.3,0.0101,0.0101,0.0,1
41,-0.1111111111111111,-0.2222222222222222,0.0,2.31,0.0105,0.0105,0.0,1
41,-0.1111111111111111,-0.2222222222222222,0.0,2.32,0.0104,0.0104,0.0,1
41,-0.1111111111111111,-0.2222222222222222,0.0,2.33,0.01,0.01,0.0,1
41,-0.1111111111111111,-0.2222222222222222,0.0,2.34,0.0093,0.0093,0.0,1
41,-0.1111111111111111,-0.2222222222222222,0.0,2.35,0.0084,0.0084,0.0,1
41,-0.1111111111111111,-0.2222222222222222,0.0,2.36,0.0075,0.0075,0.0,1
41,-0.1111111111111111,-0.2222222222222222,0.0,2.37,0.0066,0.0066,0.0,1
41,-0.1111111111111111,-0.2222222222222222,0.0,2.38,0.0059,0.0059,0.0,1
41,-0.1111111111111111,-0.2222222222222222,0.0,2.39,0.0056,0.0056,0.0,1
41,-0.1111111111111111,-0.2222222222222222,0.0,2.4,0.0055,0.0055,0.0,1
41,-0.1111111111111111,-0.2222222222222222,0.0,2.41,0.0058,0.0058,0.0,1
41,-0.1111111111111111,-0.2222222222222222,0.0,2.42,0.0063,0.0063,0.0,1
41,-0.1111111111111111,-0.2222222222222222,0.0,2.43,0.007,0.007,0.0,1
41,-0.1111111111111111,-0.2222222222222222,0.0,2.44,0.0078,0.0078,0.0,1
41,-0.1111111111111111,-0.2222222222222222,0.0,2.45,0.0085,0.0085,0.0,1
41,-0.1111111111111111,-0.2222222222222222,0.0,2.46,0.009,0.009,0.0,1
41,-0.1111111111111111,-0.2222222222222222,0.0,2.47,0.0092,0.0092,0.0,1
41,-0.1111111111111111,-0.2222222222222222,0.0,2.48,0.0092,0.0092,0.0,1
41,-0.1111111111111111,-0.2222222222222222,0.0,2.49,0.0089,0.0089,0.0,1
41,-0.1111111111111111,-0.2222222222222222,0.0,2.5,0.0083,0.0083,0.0,1
41,-0.1111111111111111,-0.2222222222222222,0.0,2.51,0.0076,0.0076,0.0,1
41,-0.1111111111111111,-0.2222222222222222,0.0,2.52,0.0069,0.0069,0.0,1
41,-0.1111111111111111,-0.2222222222222222,0.0,2.53,0.0062,0.0062,0.0,1
41,-0.1111111111111111,-0.2222222222222222,0.0,2.54,0.0057,0.0057,0.0,1
41,-0.1111111111111111,-0.2222222222222222,0.0,2.55,0.0053,0.0053,0.0,1
41,-0.1111111111111111,-0.2222222222222222,0.0,2.56,0.005,0.005,0.0,1
41,-0.1111111111111111,-0.2222222222222222,0.0,2.57,0.0049,0.0049,0.0,1
41,-0.1111111111111111,-0.2222222222222222,0.0,2.58,0.0049,0.0049,0.0,1
41,-0.1111111111111111,-0.2222222222222222,0.0,2.59,0.0048,0.0048,0.0,1
41,-0.1111111111111111,-0.2222222222222222,0.0,2.6,0.0047,0.0047,0.0,1
41,-0.1111111111111111,-0.2222222222222222,0.0,2.61,0.0046,0.0046,0.0,1
41,-0.1111111111111111,-0.2222222222222222,0.0,2.62,0.0043,0.0043,0.0,1
41,-0.1111111111111111,-0.2222222222222222,0.0,2.63,0.004,0.004,0.0,1
41,-0.1111111111111111,-0.2222222222222222,0.0,2.64,0.0036,0.0036,0.0,1
41,-0.1111111111111111,-0.2222222222222222,0.0,2.65,0.0033,0.0033,0.0,1
41,-0.1111111111111111,-0.2222222222222222,0.0,2.66,0.003,0.003,0.0,1
41,-0.1111111111111111,-0.2222222222222222,0.0,2.67,0.0029,0.0029,0.0,1
41,-0.1111111111111111,-0.2222222222222222,0.0,2.68,0.003,0.003,0.0,1
41,-0.1111111111111111,-0.2222222222222222,0.0,2.69,0.0033,0.0033,0.0,1
41,-0.1111111111111111,-0.2222222222222222,0.0,2.7,0.0037,0.0037,0.0,1
41,-0.1111111111111111,-0.2222222222222222,0.0,2.71,0.0042,0.0042,0.0,1
41,-0.1111111111111111,-0.2222222222222222,0.0,2.72,0.0048,0.0048,0.0,1
41,-0.1111111111111111,-0.2222222222222222,0.0,2.73,0.0054,0.0054,0.0,1
41,-0.1111111111111111,-0.2222222222222222,0.0,2.74,0.0059,0.0059,0.0,1
41,-0.1111111111111111,-0.2222222222222222,0.0,2.75,0.0062,0.0062,0.0,1
41,-0.1111111111111111,-0.2222222222222222,0.0,2.76,0.0063,0.0063,0.0,1
41,-0.1111111111111111,-0.2222222222222222,0.0,2.77,0.0061,0.0061,0.0,1
41,-0.1111111111111111,-0.2222222222222222,0.0,2.78,0.0057,0.0057,0.0,1
41,-0.1111111111111111,-0.2222222222222222,0.0,2.79,0.0052,0.0052,0.0,1
41,-0.1111111111111111,-0.2222222222222222,0.0,2.8,0.0045,0.0045,0.0,1
41,-0.1111111111111111,-0.2222222222222222,0.0,2.81,0.0038,0.0037,0.013333333333333312,1
41,-0.1111111111111111,-0.2222222222222222,0.0,2.82,0.003,0.003,0.0,1
41,-0.1111111111111111,-0.2222222222222222,0.0,2.83,0.0023,0.0023,0.0,1
41,-0.1111111111111111,-0.2222222222222222,0.0,2.84,0.0017,0.0017,0.0,1
41,-0.1111111111111111,-0.2222222222222222,0.0,2.85,0.0012,0.0012,0.0,1
41,-0.1111111111111111,-0.2222222222222222,0.0,2.86,0.0008,0.0008,0.0,1
41,-0.1111111111111111,-0.2222222222222222,0.0,2.87,0.0006,0.0006,0.0,1
41,-0.1111111111111111,-0.2222222222222222,0.0,2.88,0.0004,0.0004,0.0,1
41,-0.1111111111111111,-0.2222222222222222,0.0,2.89,0.0002,0.0002,0.0,1
41,-0.1111111111111111,-0.2222222222222222,0.0,2.9,0.0002,0.0002,0.0,1
41,-0.1111111111111111,-0.2222222222222222,0.0,2.91,0.0002,0.0002,0.0,1
41,-0.1111111111111111,-0.2222222222222222,0.0,2.92,0.0002,0.0002,0.0,1
41,-0.1111111111111111,-0.2222222222222222,0.0,2.93,0.0003,0.0003,0.0,1
41,-0.1111111111111111,-0.2222222222222222,0.0,2.94,0.0004,0.0004,0.0,1
41,-0.1111111111111111,-0.2222222222222222,0.0,2.95,0.0006,0.0006,0.0,1
41,-0.1111111111111111,-0.2222222222222222,0.0,2.96,0.0008,0.0008,0.0,1
41,-0.1111111111111111,-0.2222222222222222,0.0,2.97,0.001,0.001,0.0,1
41,-0.1111111111111111,-0.2222222222222222,0.0,2.98,0.0013,0.0013,0.0,1
41,-0.1111111111111111,-0.2222222222222222,0.0,2.99,0.0015,0.0015,0.0,1
41,-0.1111111111111111,-0.2222222222222222,0.0,3.0,0.0018,0.0018,0.0,1
41,-0.1111111111111111,-0.2222222222222222,0.0,3.01,0.002,0.002,0.0,1
41,-0.1111111111111111,-0.2222222222222222,0.0,3.02,0.0021,0.0021,0.0,1
41,-0.1111111111111111,-0.2222222222222222,0.0,3.03,0.0022,0.0022,0.0,1
41,-0.1111111111111111,-0.2222222222222222,0.0,3.04,0.0022,0.0022,0.0,1
41,-0.1111111111111111,-0.2222222222222222,0.0,3.05,0.0021,0.0021,0.0,1
41,-0.1111111111111111,-0.2222222222222222,0.0,3.06,0.0019,0.0019,0.0,1
41,-0.1111111111111111,-0.2222222222222222,0.0,3.07,0.0016,0.0016,0.0,1
41,-0.1111111111111111,-0.2222222222222222,0.0,3.08,0.0014,0.0014,0.0,1
41,-0.1111111111111111,-0.2222222222222222,0.0,3.09,0.0011,0.0011,0.0,1
41,-0.1111111111111111,-0.2222222222222222,0.0,3.1,0.0009,0.0009,0.0,1
41,-0.1111111111111111,-0.2222222222222222,0.0,3.11,0.0007,0.0007,0.0,1
41,-0.1111111111111111,-0.2222222222222222,0.0,3.12,0.0005,0.0005,0.0,1
41,-0.1111111111111111,-0.2222222222222222,0.0,3.13,0.0003,0.0003,0.0,1
41,-0.1111111111111111,-0.2222222222222222,0.0,3.14,0.0002,0.0002,0.0,1
41,-0.1111111111111111,-0.2222222222222222,0.0,3.15,0.0002,0.0002,0.0,1
41,-0.1111111111111111,-0.2222222222222222,0.0,3.16,0.0001,0.0001,0.0,1
41,-0.1111111111111111,-0.2222222222222222,0.0,3.17,0.0001,0.0001,0.0,1
41,-0.1111111111111111,-0.2222222222222222,0.0,3.18,0.0001,0.0001,0.0,1
41,-0.1111111111111111,-0.2222222222222222,0.0,3.19,0.0002,0.0002,0.0,1
41,-0.1111111111111111,-0.2222222222222222,0.0,3.2,0.0002,0.0002,0.0,1
41,-0.1111111111111111,-0.2222222222222222,0.0,3.21,0.0003,0.0003,0.0,1
41,-0.1111111111111111,-0.2222222222222222,0.0,3.22,0.0005,0.0005,0.0,1
41,-0.1111111111111111,-0.2222222222222222,0.0,3.23,0.0007,0.0007,0.0,1
41,-0.1111111111111111,-0.2222222222222222,0.0,3.24,0.0009,0.0009,0.0,1
41,-0.1111111111111111,-0.2222222222222222,0.0,3.25,0.0012,0.0012,0.0,1
41,-0.1111111111111111,-0.2222222222222222,0.0,3.26,0.0014,0.0014,0.0,1
41,-0.1111111111111111,-0.2222222222222222,0.0,3.27,0.0017,0.0017,0.0,1
41,-0.1111111111111111,-0.2222222222222222,0.0,3.28,0.0019,0.0019,0.0,1
41,-0.1111111111111111,-0.2222222222222222,0.0,3.29,0.0021,0.0021,0.0,1
41,-0.1111111111111111,-0.2222222222222222,0.0,3.3,0.0022,0.0022,0.0,1
41,-0.1111111111111111,-0.2222222222222222,0.0,3.31,0.0022,0.0022,0.0,1
41,-0.1111111111111111,-0.2222222222222222,0.0,3.32,0.0022,0.0022,0.0,1
41,-0.1111111111111111,-0.2222222222222222,0.0,3.33,0.002,0.002,0.0,1
41,-0.1111111111111111,-0.2222222222222222,0.0,3.34,0.0018,0.0018,0.0,1
41,-0.1111111111111111,-0.2222222222222222,0.0,3.35,0.0016,0.0016,0.0,1
41,-0.1111111111111111,-0.2222222222222222,0.0,3.36,0.0013,0.0013,0.0,1
41,-0.1111111111111111,-0.2222222222222222,0.0,3.37,0.001,0.001,0.0,1
41,-0.1111111111111111,-0.2222222222222222,0.0,3.38,0.0008,0.0008,0.0,1
41,-0.1111111111111111,-0.2222222222222222,0.0,3.39,0.0006,0.0006,0.0,1
41,-0.1111111111111111,-0.2222222222222222,0.0,3.4,0.0004,0.0004,0.0,1
41,-0.1111111111111111,-0.2222222222222222,0.0,3.41,0.0003,0.0003,0.0,1
41,-0.1111111111111111,-0.2222222222222222,0.0,3.42,0.0002,0.0002,0.0,1
41,-0.1111111111111111,-0.2222222222222222,0.0,3.43,0.0001,0.0001,0.0,1
41,-0.1111111111111111,-0.2222222222222222,0.0,3.44,0.0001,0.0001,0.0,1
41,-0.1111111111111111,-0.2222222222222222,0.0,3.45,0.0,0.0,,0
41,-0.1111111111111111,-0.2222222222222222,0.0,3.46,0.0,0.0,,0
41,-0.1111111111111111,-0.2222222222222222,0.0,3.47,0.0,0.0,,0
41,-0.1111111111111111,-0.2222222222222222,0.0,3.48,0.0,0.0,,0
41,-0.1111111111111111,-0.2222222222222222,0.0,3.49,0.0,0.0,,0
41,-0.1111111111111111,-0.2222222222222222,0.0,3.5,0.0,0.0,,0
41,-0.1111111111111111,-0.2222222222222222,0.0,3.51,0.0,0.0,,0
41,-0.1111111111111111,-0.2222222222222222,0.0,3.52,0.0,0.0,,0
41,-0.1111111111111111,-0.2222222222222222,0.0,3.53,0.0,0.0,,0
41,-0.1111111111111111,-0.2222222222222222,0.0,3.54,0.0,0.0,,0
41,-0.1111111111111111,-0.2222222222222222,0.0,3.55,0.0,0.0,,0
41,-0.1111111111111111,-0.2222222222222222,0.0,3.56,0.0,0.0,,0
41,-0.1111111111111111,-0.2222222222222222,0.0,3.57,0.0,0.0,,0
41,-0.1111111111111111,-0.2222222222222222,0.0,3.58,0.0,0.0,,0
41,-0.1111111111111111,-0.2222222222222222,0.0,3.59,0.0,0.0,,0
41,-0.1111111111111111,-0.2222222222222222,0.0,3.6,0.0,0.0,,0
41,-0.1111111111111111,-0.2222222222222222,0.0,3.61,0.0,0.0,,0
41,-0.1111111111111111,-0.2222222222222222,0.0,3.62,0.0,0.0,,0
41,-0.1111111111111111,-0.2222222222222222,0.0,3.63,0.0,0.0,,0
41,-0.1111111111111111,-0.2222222222222222,0.0,3.64,0.0,0.0,,0
41,-0.1111111111111111,-0.2222222222222222,0.0,3.65,0.0,0.0,,0
41,-0.1111111111111111,-0.2222222222222222,0.0,3.66,0.0,0.0,,0
41,-0.1111111111111111,-0.2222222222222222,0.0,3.67,0.0,0.0,,0
41,-0.1111111111111111,-0.2222222222222222,0.0,3.68,0.0,0.0,,0
41,-0.1111111111111111,-0.2222222222222222,0.0,3.69,0.0,0.0,,0
41,-0.1111111111111111,-0.2222222222222222,0.0,3.7,0.0,0.0,,0
41,-0.1111111111111111,-0.2222222222222222,0.0,3.71,0.0,0.0,,0
41,-0.1111111111111111,-0.2222222222222222,0.0,3.72,0.0,0.0,,0
41,-0.1111111111111111,-0.2222222222222222,0.0,3.73,0.0,0.0,,0
41,-0.1111111111111111,-0.2222222222222222,0.0,3.74,0.0,0.0,,0
41,-0.1111111111111111,-0.2222222222222222,0.0,3.75,0.0,0.0,,0
41,-0.1111111111111111,-0.2222222222222222,0.0,3.76,0.0,0.0,,0
41,-0.1111111111111111,-0.2222222222222222,0.0,3.77,0.0,0.0,,0
41,-0.1111111111111111,-0.2222222222222222,0.0,3.78,0.0,0.0,,0
41,-0.1111111111111111,-0.2222222222222222,0.0,3.79,0.0,0.0,,0
41,-0.1111111111111111,-0.2222222222222222,0.0,3.8,0.0,0.0,,0
41,-0.1111111111111111,-0.2222222222222222,0.0,3.81,0.0,0.0,,0
41,-0.1111111111111111,-0.2222222222222222,0.0,3.82,0.0,0.0,,0
41,-0.1111111111111111,-0.2222222222222222,0.0,3.83,0.0,0.0,,0
41,-0.1111111111111111,-0.2222222222222222,0.0,3.84,0.0,0.0,,0
41,-0.1111111111111111,-0.2222222222222222,0.0,3.85,0.0,0.0,,0
41,-0.1111111111111111,-0.2222222222222222,0.0,3.86,0.0,0.0,,0
41,-0.1111111111111111,-0.2222222222222222,0.0,3.87,0.0,0.0,,0
41,-0.1111111111111111,-0.2222222222222222,0.0,3.88,0.0,0.0,,0
41,-0.1111111111111111,-0.2222222222222222,0.0,3.89,0.0,0.0,,0
41,-0.1111111111111111,-0.2222222222222222,0.0,3.9,0.0,0.0,,0
41,-0.1111111111111111,-0.2222222222222222,0.0,3.91,0.0,0.0,,0
41,-0.1111111111111111,-0.2222222222222222,0.0,3.92,0.0,0.0,,0
41,-0.1111111111111111,-0.2222222222222222,0.0,3.93,0.0,0.0,,0
41,-0.1111111111111111,-0.2222222222222222,0.0,3.94,0.0,0.0,,0
41,-0.1111111111111111,-0.2222222222222222,0.0,3.95,0.0,0.0,,0
41,-0.1111111111111111,-0.2222222222222222,0.0,3.96,0.0,0.0,,0
41,-0.1111111111111111,-0.2222222222222222,0.0,3.97,0.0,0.0,,0
41,-0.1111111111111111,-0.2222222222222222,0.0,3.98,0.0,0.0,,0
41,-0.1111111111111111,-0.2222222222222222,0.0,3.99,0.0,0.0,,0
41,-0.1111111111111111,-0.2222222222222222,0.0,4.0,0.0,0.0,,0
42,-0.1388888888888889,-0.2777777777777778,0.0,0.5,0.0,0.0,,0
42,-0.1388888888888889,-0.2777777777777778,0.0,0.51,0.0,0.0,,0
42,-0.1388888888888889,-0.2777777777777778,0.0,0.52,0.0,0.0,,0
42,-0.1388888888888889,-0.2777777777777778,0.0,0.53,0.0,0.0,,0
42,-0.1388888888888889,-0.2777777777777778,0.0,0.54,0.0,0.0,,0
42,-0.1388888888888889,-0.2777777777777778,0.0,0.55,0.0,0.0,,0
42,-0.1388888888888889,-0.2777777777777778,0.0,0.56,0.0,0.0,,0
42,-0.1388888888888889,-0.2777777777777778,0.0,0.57,0.0,0.0,,0
42,-0.1388888888888889,-0.2777777777777778,0.0,0.58,0.0,0.0,,0
42,-0.1388888888888889,-0.2777777777777778,0.0,0.59,0.0,0.0,,0
42,-0.1388888888888889,-0.2777777777777778,0.0,0.6,0.0,0.0,,0
42,-0.1388888888888889,-0.2777777777777778,0.0,0.61,0.0,0.0,,0
42,-0.1388888888888889,-0.2777777777777778,0.0,0.62,0.0,0.0,,0
42,-0.1388888888888889,-0.2777777777777778,0.0,0.63,0.0,0.0,,0
42,-0.1388888888888889,-0.2777777777777778,0.0,0.64,0.0,0.0,,0
42,-0.1388888888888889,-0.2777777777777778,0.0,0.65,0.0,0.0,,0
42,-0.1388888888888889,-0.2777777777777778,0.0,0.66,0.0,0.0,,0
42,-0.1388888888888889,-0.2777777777777778,0.0,0.67,0.0,0.0,,0
42,-0.1388888888888889,-0.2777777777777778,0.0,0.68,0.0,0.0,,0
42,-0.1388888888888889,-0.2777777777777778,0.0,0.69,0.0,0.0,,0
42,-0.1388888888888889,-0.2777777777777778,0.0,0.7,0.0,0.0,,0
42,-0.1388888888888889,-0.2777777777777778,0.0,0.71,0.0,0.0,,0
42,-0.1388888888888889,-0.2777777777777778,0.0,0.72,0.0,0.0,,0
42,-0.1388888888888889,-0.2777777777777778,0.0,0.73,0.0,0.0,,0
42,-0.1388888888888889,-0.2777777777777778,0.0,0.74,0.0,0.0,,0
42,-0.1388888888888889,-0.2777777777777778,0.0,0.75,0.0,0.0,,0
42,-0.1388888888888889,-0.2777777777777778,0.0,0.76,0.0,0.0,,0
42,-0.1388888888888889,-0.2777777777777778,0.0,0.77,0.0,0.0,,0
42,-0.1388888888888889,-0.2777777777777778,0.0,0.78,0.0,0.0,,0
42,-0.1388888888888889,-0.2777777777777778,0.0,0.79,0.0,0.0,,0
42,-0.1388888888888889,-0.2777777777777778,0.0,0.8,0.0,0.0,,0
42,-0.1388888888888889,-0.2777777777777778,0.0,0.81,0.0,0.0,,0
42,-0.1388888888888889,-0.2777777777777778,0.0,0.82,0.0,0.0,,0
42,-0.1388888888888889,-0.2777777777777778,0.0,0.83,0.0,0.0,,0
42,-0.1388888888888889,-0.2777777777777778,0.0,0.84,0.0,0.0,,0
42,-0.1388888888888889,-0.2777777777777778,0.0,0.85,0.0,0.0,,0
42,-0.1388888888888889,-0.2777777777777778,0.0,0.86,0.0,0.0,,0
42,-0.1388888888888889,-0.2777777777777778,0.0,0.87,0.0,0.0,,0
42,-0.1388888888888889,-0.2777777777777778,0.0,0.88,0.0,0.0,,0
42,-0.1388888888888889,-0.2777777777777778,0.0,0.89,0.0,0.0,,0
42,-0.1388888888888889,-0.2777777777777778,0.0,0.9,0.0,0.0,,0
42,-0.1388888888888889,-0.2777777777777778,0.0,0.91,0.0,0.0,,0
42,-0.1388888888888889,-0.2777777777777778,0.0,0.92,0.0,0.0,,0
42,-0.1388888888888889,-0.2777777777777778,0.0,0.93,0.0,0.0,,0
42,-0.1388888888888889,-0.2777777777777778,0.0,0.94,0.0,0.0,,0
42,-0.1388888888888889,-0.2777777777777778,0.0,0.95,0.0,0.0,,0
42,-0.1388888888888889,-0.2777777777777778,0.0,0.96,0.0,0.0,,0
42,-0.1388888888888889,-0.2777777777777778,0.0,0.97,0.0,0.0,,0
42,-0.1388888888888889,-0.2777777777777778,0.0,0.98,0.0,0.0,,0
42,-0.1388888888888889,-0.2777777777777778,0.0,0.99,0.0,0.0,,0
42,-0.1388888888888889,-0.2777777777777778,0.0,1.0,0.0,0.0,,0
42,-0.1388888888888889,-0.2777777777777778,0.0,1.01,0.0,0.0,,0
42,-0.1388888888888889,-0.2777777777777778,0.0,1.02,0.0,0.0,,0
42,-0.1388888888888889,-0.2777777777777778,0.0,1.03,0.0,0.0,,0
42,-0.1388888888888889,-0.2777777777777778,0.0,1.04,0.0,0.0,,0
42,-0.1388888888888889,-0.2777777777777778,0.0,1.05,0.0,0.0,,0
42,-0.1388888888888889,-0.2777777777777778,0.0,1.06,0.0,0.0,,0
42,-0.1388888888888889,-0.2777777777777778,0.0,1.07,0.0,0.0,,0
42,-0.1388888888888889,-0.2777777777777778,0.0,1.08,0.0,0.0,,0
42,-0.1388888888888889,-0.2777777777777778,0.0,1.09,0.0,0.0,,0
42,-0.1388888888888889,-0.2777777777777778,0.0,1.1,0.0,0.0,,0
42,-0.1388888888888889,-0.2777777777777778,0.0,1.11,0.0,0.0,,0
42,-0.1388888888888889,-0.2777777777777778,0.0,1.12,0.0,0.0,,0
42,-0.1388888888888889,-0.2777777777777778,0.0,1.13,0.0,0.0,,0
42,-0.1388888888888889,-0.2777777777777778,0.0,1.14,0.0,0.0,,0
42,-0.1388888888888889,-0.2777777777777778,0.0,1.15,0.0,0.0,,0
42,-0.1388888888888889,-0.2777777777777778,0.0,1.16,0.0,0.0,,0
42,-0.1388888888888889,-0.2777777777777778,0.0,1.17,0.0,0.0,,0
42,-0.1388888888888889,-0.2777777777777778,0.0,1.18,0.0,0.0,,0
42,-0.1388888888888889,-0.2777777777777778,0.0,1.19,0.0,0.0,,0
42,-0.1388888888888889,-0.2777777777777778,0.0,1.2,0.0,0.0,,0
42,-0.1388888888888889,-0.2777777777777778,0.0,1.21,0.0,0.0,,0
42,-0.1388888888888889,-0.2777777777777778,0.0,1.22,0.0,0.0,,0
42,-0.1388888888888889,-0.2777777777777778,0.0,1.23,0.0,0.0,,0
42,-0.1388888888888889,-0.2777777777777778,0.0,1.24,0.0,0.0,,0
42,-0.1388888888888889,-0.2777777777777778,0.0,1.25,0.0,0.0,,0
42,-0.1388888888888889,-0.2777777777777778,0.0,1.26,0.0,0.0,,0
42,-0.1388888888888889,-0.2777777777777778,0.0,1.27,0.0,0.0,,0
42,-0.1388888888888889,-0.2777777777777778,0.0,1.28,0.0,0.0,,0
42,-0.1388888888888889,-0.2777777777777778,0.0,1.29,0.0,0.0,,0
42,-0.1388888888888889,-0.2777777777777778,0.0,1.3,0.0,0.0,,0
42,-0.1388888888888889,-0.2777777777777778,0.0,1.31,0.0,0.0,,0
42,-0.1388888888888889,-0.2777777777777778,0.0,1.32,0.0,0.0,,0
42,-0.1388888888888889,-0.2777777777777778,0.0,1.33,0.0,0.0,,0
42,-0.1388888888888889,-0.2777777777777778,0.0,1.34,0.0,0.0,,0
42,-0.1388888888888889,-0.2777777777777778,0.0,1.35,0.0,0.0,,0
42,-0.1388888888888889,-0.2777777777777778,0.0,1.36,0.0,0.0,,0
42,-0.1388888888888889,-0.2777777777777778,0.0,1.37,0.0,0.0,,0
42,-0.1388888888888889,-0.2777777777777778,0.0,1.38,0.0,0.0,,0
42,-0.1388888888888889,-0.2777777777777778,0.0,1.39,0.0,0.0,,0
42,-0.1388888888888889,-0.2777777777777778,0.0,1.4,0.0,0.0,,0
42,-0.1388888888888889,-0.2777777777777778,0.0,1.41,0.0,0.0,,0
42,-0.1388888888888889,-0.2777777777777778,0.0,1.42,0.0,0.0,,0
42,-0.1388888888888889,-0.2777777777777778,0.0,1.43,0.0,0.0,,0
42,-0.1388888888888889,-0.2777777777777778,0.0,1.44,0.0,0.0,,0
42,-0.1388888888888889,-0.2777777777777778,0.0,1.45,0.0,0.0,,0
42,-0.1388888888888889,-0.2777777777777778,0.0,1.46,0.0,0.0,,0
42,-0.1388888888888889,-0.2777777777777778,0.0,1.47,0.0,0.0,,0
42,-0.1388888888888889,-0.2777777777777778,0.0,1.48,0.0,0.0,,0
42,-0.1388888888888889,-0.2777777777777778,0.0,1.49,0.0,0.0,,0
42,-0.1388888888888889,-0.2777777777777778,0.0,1.5,0.0,0.0,,0
42,-0.1388888888888889,-0.2777777777777778,0.0,1.51,0.0,0.0,,0
42,-0.1388888888888889,-0.2777777777777778,0.0,1.52,0.0,0.0,,0
42,-0.1388888888888889,-0.2777777777777778,0.0,1.53,0.0,0.0,,0
42,-0.1388888888888889,-0.2777777777777778,0.0,1.54,0.0,0.0,,0
42,-0.1388888888888889,-0.2777777777777778,0.0,1.55,0.0,0.0,,0
42,-0.1388888888888889,-0.2777777777777778,0.0,1.56,0.0,0.0,,0
42,-0.1388888888888889,-0.2777777777777778,0.0,1.57,0.0,0.0,,0
42,-0.1388888888888889,-0.2777777777777778,0.0,1.58,0.0,0.0,,0
42,-0.1388888888888889,-0.2777777777777778,0.0,1.59,0.0,0.0,,0
42,-0.1388888888888889,-0.2777777777777778,0.0,1.6,0.0,0.0,,0
42,-0.1388888888888889,-0.2777777777777778,0.0,1.61,0.0,0.0,,0
42,-0.1388888888888889,-0.2777777777777778,0.0,1.62,0.0,0.0,,0
42,-0.1388888888888889,-0.2777777777777778,0.0,1.63,0.0,0.0,,0
42,-0.1388888888888889,-0.2777777777777778,0.0,1.64,0.0,0.0,,0
42,-0.1388888888888889,-0.2777777777777778,0.0,1.65,0.0,0.0,,0
42,-0.1388888888888889,-0.2777777777777778,0.0,1.66,0.0,0.0,,0
42,-0.1388888888888889,-0.2777777777777778,0.0,1.67,0.0,0.0,,0
42,-0.1388888888888889,-0.2777777777777778,0.0,1.68,0.0,0.0,,0
42,-0.1388888888888889,-0.2777777777777778,0.0,1.69,0.0,0.0,,0
42,-0.1388888888888889,-0.2777777777777778,0.0,1.7,0.0,0.0,,0
42,-0.1388888888888889,-0.2777777777777778,0.0,1.71,0.0,0.0,,0
42,-0.1388888888888889,-0.2777777777777778,0.0,1.72,0.0,0.0,,0
42,-0.1388888888888889,-0.2777777777777778,0.0,1.73,0.0,0.0,,0
42,-0.1388888888888889,-0.2777777777777778,0.0,1.74,0.0,0.0,,0
42,-0.1388888888888889,-0.2777777777777778,0.0,1.75,0.0,0.0,,0
42,-0.1388888888888889,-0.2777777777777778,0.0,1.76,0.0,0.0,,0
42,-0.1388888888888889,-0.2777777777777778,0.0,1.77,0.0,0.0,,0
42,-0.1388888888888889,-0.2777777777777778,0.0,1.78,0.0,0.0,,0
42,-0.1388888888888889,-0.2777777777777778,0.0,1.79,0.0,0.0,,0
42,-0.1388888888888889,-0.2777777777777778,0.0,1.8,0.0,0.0,,0
42,-0.1388888888888889,-0.2777777777777778,0.0,1.81,0.0,0.0,,0
42,-0.1388888888888889,-0.2777777777777778,0.0,1.82,0.0,0.0,,0
42,-0.1388888888888889,-0.2777777777777778,0.0,1.83,0.0,0.0,,0
42,-0.1388888888888889,-0.2777777777777778,0.0,1.84,0.0,0.0,,0
42,-0.1388888888888889,-0.2777777777777778,0.0,1.85,0.0,0.0,,0
42,-0.1388888888888889,-0.2777777777777778,0.0,1.86,0.0,0.0,,0
42,-0.1388888888888889,-0.2777777777777778,0.0,1.87,0.0,0.0,,0
42,-0.1388888888888889,-0.2777777777777778,0.0,1.88,0.0,0.0,,0
42,-0.1388888888888889,-0.2777777777777778,0.0,1.89,0.0,0.0,,0
42,-0.1388888888888889,-0.2777777777777778,0.0,1.9,0.0,0.0,,0
42,-0.1388888888888889,-0.2777777777777778,0.0,1.91,0.0,0.0,,0
42,-0.1388888888888889,-0.2777777777777778,0.0,1.92,0.0,0.0,,0
42,-0.1388888888888889,-0.2777777777777778,0.0,1.93,0.0,0.0,,0
42,-0.1388888888888889,-0.2777777777777778,0.0,1.94,0.0,0.0,,0
42,-0.1388888888888889,-0.2777777777777778,0.0,1.95,0.0,0.0,,0
42,-0.1388888888888889,-0.2777777777777778,0.0,1.96,0.0,0.0,,0
42,-0.1388888888888889,-0.2777777777777778,0.0,1.97,0.0,0.0,,0
42,-0.1388888888888889,-0.2777777777777778,0.0,1.98,0.0,0.0,,0
42,-0.1388888888888889,-0.2777777777777778,0.0,1.99,0.0,0.0,,0
42,-0.1388888888888889,-0.2777777777777778,0.0,2.0,0.0,0.0,,0
42,-0.1388888888888889,-0.2777777777777778,0.0,2.01,0.0,0.0,,0
42,-0.1388888888888889,-0.2777777777777778,0.0,2.02,0.0,0.0,,0
42,-0.1388888888888889,-0.2777777777777778,0.0,2.03,0.0,0.0,,0
42,-0.1388888888888889,-0.2777777777777778,0.0,2.04,0.0,0.0,,0
42,-0.1388888888888889,-0.2777777777777778,0.0,2.05,0.0,0.0,,0
42,-0.1388888888888889,-0.2777777777777778,0.0,2.06,0.0,0.0,,0
42,-0.1388888888888889,-0.2777777777777778,0.0,2.07,0.0,0.0,,0
42,-0.1388888888888889,-0.2777777777777778,0.0,2.08,0.0,0.0,,0
42,-0.1388888888888889,-0.2777777777777778,0.0,2.09,0.0,0.0,,0
42,-0.1388888888888889,-0.2777777777777778,0.0,2.1,0.0,0.0,,0
42,-0.1388888888888889,-0.2777777777777778,0.0,2.11,0.0,0.0,,0
42,-0.1388888888888889,-0.2777777777777778,0.0,2.12,0.0,0.0,,0
42,-0.1388888888888889,-0.2777777777777778,0.0,2.13,0.0,0.0,,0
42,-0.1388888888888889,-0.2777777777777778,0.0,2.14,0.0,0.0,,0
42,-0.1388888888888889,-0.2777777777777778,0.0,2.15,0.0,0.0,,0
42,-0.1388888888888889,-0.2777777777777778,0.0,2.16,0.0,0.0,,0
42,-0.1388888888888889,-0.2777777777777778,0.0,2.17,0.0,0.0,,0
42,-0.1388888888888889,-0.2777777777777778,0.0,2.18,0.0,0.0,,0
42,-0.1388888888888889,-0.2777777777777778,0.0,2.19,0.0,0.0,,0
42,-0.1388888888888889,-0.2777777777777778,0.0,2.2,0.0,0.0,,0
42,-0.1388888888888889,-0.2777777777777778,0.0,2.21,0.0001,0.0001,0.0,1
42,-0.1388888888888889,-0.2777777777777778,0.0,2.22,0.0001,0.0001,0.0,1
42,-0.1388888888888889,-0.2777777777777778,0.0,2.23,0.0003,0.0003,0.0,1
42,-0.1388888888888889,-0.2777777777777778,0.0,2.24,0.0004,0.0004,0.0,1
42,-0.1388888888888889,-0.2777777777777778,0.0,2.25,0.0007,0.0007,0.0,1
42,-0.1388888888888889,-0.2777777777777778,0.0,2.26,0.0012,0.0012,0.0,1
42,-0.1388888888888889,-0.2777777777777778,0.0,2.27,0.0018,0.0018,0.0,1
42,-0.1388888888888889,-0.2777777777777778,0.0,2.28,0.0026,0.0026,0.0,1
42,-0.1388888888888889,-0.2777777777777778,0.0,2.29,0.0037,0.0037,0.0,1
42,-0.1388888888888889,-0.2777777777777778,0.0,2.3,0.005,0.005,0.0,1
42,-0.1388888888888889,-0.2777777777777778,0.0,2.31,0.0066,0.0066,0.0,1
42,-0.1388888888888889,-0.2777777777777778,0.0,2.32,0.0084,0.0084,0.0,1
42,-0.1388888888888889,-0.2777777777777778,0.0,2.33,0.0103,0.0103,0.0,1
42,-0.1388888888888889,-0.2777777777777778,0.0,2.34,0.0122,0.0122,0.0,1
42,-0.1388888888888889,-0.2777777777777778,0.0,2.35,0.0139,0.0139,0.0,1
42,-0.1388888888888889,-0.2777777777777778,0.0,2.36,0.0154,0.0154,0.0,1
42,-0.1388888888888889,-0.2777777777777778,0.0,2.37,0.0165,0.0165,0.0,1
42,-0.1388888888888889,-0.2777777777777778,0.0,2.38,0.0171,0.0171,0.0,1
42,-0.1388888888888889,-0.2777777777777778,0.0,2.39,0.0172,0.0172,0.0,1
42,-0.1388888888888889,-0.2777777777777778,0.0,2.4,0.0168,0.0168,0.0,1
42,-0.1388888888888889,-0.2777777777777778,0.0,2.41,0.016,0.016,0.0,1
42,-0.1388888888888889,-0.2777777777777778,0.0,2.42,0.0148,0.0148,0.0,1
42,-0.1388888888888889,-0.2777777777777778,0.0,2.43,0.0133,0.0133,0.0,1
42,-0.1388888888888889,-0.2777777777777778,0.0,2.44,0.0116,0.0116,0.0,1
42,-0.1388888888888889,-0.2777777777777778,0.0,2.45,0.0099,0.0099,0.0,1
42,-0.1388888888888889,-0.2777777777777778,0.0,2.46,0.0082,0.0082,0.0,1
42,-0.1388888888888889,-0.2777777777777778,0.0,2.47,0.0066,0.0066,0.0,1
42,-0.1388888888888889,-0.2777777777777778,0.0,2.48,0.0051,0.0051,0.0,1
42,-0.1388888888888889,-0.2777777777777778,0.0,2.49,0.0039,0.0039,0.0,1
42,-0.1388888888888889,-0.2777777777777778,0.0,2.5,0.0028,0.0028,0.0,1
42,-0.1388888888888889,-0.2777777777777778,0.0,2.51,0.002,0.002,0.0,1
42,-0.1388888888888889,-0.2777777777777778,0.0,2.52,0.0014,0.0014,0.0,1
42,-0.1388888888888889,-0.2777777777777778,0.0,2.53,0.0009,0.0009,0.0,1
42,-0.1388888888888889,-0.2777777777777778,0.0,2.54,0.0006,0.0006,0.0,1
42,-0.1388888888888889,-0.2777777777777778,0.0,2.55,0.0004,0.0004,0.0,1
42,-0.1388888888888889,-0.2777777777777778,0.0,2.56,0.0003,0.0003,0.0,1
42,-0.1388888888888889,-0.2777777777777778,0.0,2.57,0.0003,0.0003,0.0,1
42,-0.1388888888888889,-0.2777777777777778,0.0,2.58,0.0003,0.0003,0.0,1
42,-0.1388888888888889,-0.2777777777777778,0.0,2.59,0.0003,0.0003,0.0,1
42,-0.1388888888888889,-0.2777777777777778,0.0,2.6,0.0003,0.0003,0.0,1
42,-0.1388888888888889,-0.2777777777777778,0.0,2.61,0.0004,0.0004,0.0,1
42,-0.1388888888888889,-0.2777777777777778,0.0,2.62,0.0005,0.0005,0.0,1
42,-0.1388888888888889,-0.2777777777777778,0.0,2.63,0.0007,0.0007,0.0,1
42,-0.1388888888888889,-0.2777777777777778,0.0,2.64,0.0009,0.0009,0.0,1
42,-0.1388888888888889,-0.2777777777777778,0.0,2.65,0.0012,0.0012,0.0,1
42,-0.1388888888888889,-0.2777777777777778,0.0,2.66,0.0016,0.0016,0.0,1
42,-0.1388888888888889,-0.2777777777777778,0.0,2.67,0.0021,0.0021,0.0,1
42,-0.1388888888888889,-0.2777777777777778,0.0,2.68,0.0028,0.0028,0.0,1
42,-0.1388888888888889,-0.2777777777777778,0.0,2.69,0.0036,0.0036,0.0,1
42,-0.1388888888888889,-0.2777777777777778,0.0,2.7,0.0045,0.0045,0.0,1
42,-0.1388888888888889,-0.2777777777777778,0.0,2.71,0.0055,0.0055,0.0,1
42,-0.1388888888888889,-0.2777777777777778,0.0,2.72,0.0066,0.0066,0.0,1
42,-0.1388888888888889,-0.2777777777777778,0.0,2.73,0.0077,0.0077,0.0,1
42,-0.1388888888888889,-0.2777777777777778,0.0,2.74,0.0088,0.0088,0.0,1
42,-0.1388888888888889,-0.2777777777777778,0.0,2.75,0.0097,0.0097,0.0,1
42,-0.1388888888888889,-0.2777777777777778,0.0,2.76,0.0104,0.0104,0.0,1
42,-0.1388888888888889,-0.2777777777777778,0.0,2.77,0.0109,0.0109,0.0,1
42,-0.1388888888888889,-0.2777777777777778,0.0,2.78,0.011,0.011,0.0,1
42,-0.1388888888888889,-0.2777777777777778,0.0,2.79,0.0108,0.0108,0.0,1
42,-0.1388888888888889,-0.2777777777777778,0.0,2.8,0.0103,0.0103,0.0,1
42,-0.1388888888888889,-0.2777777777777778,0.0,2.81,0.0095,0.0095,0.0,1
42,-0.1388888888888889,-0.2777777777777778,0.0,2.82,0.0084,0.0084,0.0,1
42,-0.1388888888888889,-0.2777777777777778,0.0,2.83,0.0072,0.0072,0.0,1
42,-0.1388888888888889,-0.2777777777777778,0.0,2.84,0.006,0.006,0.0,1
42,-0.1388888888888889,-0.2777777777777778,0.0,2.85,0.0048,0.0048,0.0,1
42,-0.1388888888888889,-0.2777777777777778,0.0,2.86,0.0037,0.0037,0.0,1
42,-0.1388888888888889,-0.2777777777777778,0.0,2.87,0.0028,0.0028,0.0,1
42,-0.1388888888888889,-0.2777777777777778,0.0,2.88,0.002,0.002,0.0,1
42,-0.1388888888888889,-0.2777777777777778,0.0,2.89,0.0015,0.0015,0.0,1
42,-0.1388888888888889,-0.2777777777777778,0.0,2.9,0.0011,0.0011,0.0,1
42,-0.1388888888888889,-0.2777777777777778,0.0,2.91,0.0008,0.0008,0.0,1
42,-0.1388888888888889,-0.2777777777777778,0.0,2.92,0.0007,0.0007,0.0,1
42,-0.1388888888888889,-0.2777777777777778,0.0,2.93,0.0007,0.0007,0.0,1
42,-0.1388888888888889,-0.2777777777777778,0.0,2.94,0.0007,0.0007,0.0,1
42,-0.1388888888888889,-0.2777777777777778,0.0,2.95,0.0007,0.0007,0.0,1
42,-0.1388888888888889,-0.2777777777777778,0.0,2.96,0.0008,0.0008,0.0,1
42,-0.1388888888888889,-0.2777777777777778,0.0,2.97,0.0008,0.0008,0.0,1
42,-0.1388888888888889,-0.2777777777777778,0.0,2.98,0.0008,0.0008,0.0,1
42,-0.1388888888888889,-0.2777777777777778,0.0,2.99,0.0008,0.0008,0.0,1
42,-0.1388888888888889,-0.2777777777777778,0.0,3.0,0.0008,0.0008,0.0,1
42,-0.1388888888888889,-0.2777777777777778,0.0,3.01,0.0007,0.0007,0.0,1
42,-0.1388888888888889,-0.2777777777777778,0.0,3.02,0.0007,0.0007,0.0,1
42,-0.1388888888888889,-0.2777777777777778,0.0,3.03,0.0006,0.0006,0.0,1
42,-0.1388888888888889,-0.2777777777777778,0.0,3.04,0.0005,0.0005,0.0,1
42,-0.1388888888888889,-0.2777777777777778,0.0,3.05,0.0004,0.0004,0.0,1
42,-0.1388888888888889,-0.2777777777777778,0.0,3.06,0.0004,0.0004,0.0,1
42,-0.1388888888888889,-0.2777777777777778,0.0,3.07,0.0004,0.0004,0.0,1
42,-0.1388888888888889,-0.2777777777777778,0.0,3.08,0.0004,0.0004,0.0,1
42,-0.1388888888888889,-0.2777777777777778,0.0,3.09,0.0005,0.0005,0.0,1
42,-0.1388888888888889,-0.2777777777777778,0.0,3.1,0.0006,0.0006,0.0,1
42,-0.1388888888888889,-0.2777777777777778,0.0,3.11,0.0007,0.0007,0.0,1
42,-0.1388888888888889,-0.2777777777777778,0.0,3.12,0.0009,0.0009,0.0,1
42,-0.1388888888888889,-0.2777777777777778,0.0,3.13,0.001,0.001,0.0,1
42,-0.1388888888888889,-0.2777777777777778,0.0,3.14,0.0011,0.0011,0.0,1
42,-0.1388888888888889,-0.2777777777777778,0.0,3.15,0.0013,0.0013,0.0,1
42,-0.1388888888888889,-0.2777777777777778,0.0,3.16,0.0013,0.0013,0.0,1
42,-0.1388888888888889,-0.2777777777777778,0.0,3.17,0.0013,0.0013,0.0,1
42,-0.1388888888888889,-0.2777777777777778,0.0,3.18,0.0013,0.0013,0.0,1
42,-0.1388888888888889,-0.2777777777777778,0.0,3.19,0.0012,0.0012,0.0,1
42,-0.1388888888888889,-0.2777777777777778,0.0,3.2,0.0011,0.0011,0.0,1
42,-0.1388888888888889,-0.2777777777777778,0.0,3.21,0.0009,0.0009,0.0,1
42,-0.1388888888888889,-0.2777777777777778,0.0,3.22,0.0008,0.0008,0.0,1
42,-0.1388888888888889,-0.2777777777777778,0.0,3.23,0.0006,0.0006,0.0,1
42,-0.1388888888888889,-0.2777777777777778,0.0,3.24,0.0005,0.0005,0.0,1
42,-0.1388888888888889,-0.2777777777777778,0.0,3.25,0.0003,0.0003,0.0,1
42,-0.1388888888888889,-0.2777777777777778,0.0,3.26,0.0002,0.0002,0.0,1
42,-0.1388888888888889,-0.2777777777777778,0.0,3.27,0.0002,0.0002,0.0,1
42,-0.1388888888888889,-0.2777777777777778,0.0,3.28,0.0001,0.0001,0.0,1
42,-0.1388888888888889,-0.2777777777777778,0.0,3.29,0.0001,0.0001,0.0,1
42,-0.1388888888888889,-0.2777777777777778,0.0,3.3,0.0,0.0,,0
42,-0.1388888888888889,-0.2777777777777778,0.0,3.31,0.0,0.0,,0
42,-0.1388888888888889,-0.2777777777777778,0.0,3.32,0.0,0.0,,0
42,-0.1388888888888889,-0.2777777777777778,0.0,3.33,0.0,0.0,,0
42,-0.1388888888888889,-0.2777777777777778,0.0,3.34,0.0,0.0,,0
42,-0.1388888888888889,-0.2777777777777778,0.0,3.35,0.0,0.0,,0
42,-0.1388888888888889,-0.2777777777777778,0.0,3.36,0.0,0.0,,0
42,-0.1388888888888889,-0.2777777777777778,0.0,3.37,0.0,0.0,,0
42,-0.1388888888888889,-0.2777777777777778,0.0,3.38,0.0,0.0,,0
42,-0.1388888888888889,-0.2777777777777778,0.0,3.39,0.0,0.0,,0
42,-0.1388888888888889,-0.2777777777777778,0.0,3.4,0.0,0.0,,0
42,-0.1388888888888889,-0.2777777777777778,0.0,3.41,0.0,0.0,,0
42,-0.1388888888888889,-0.2777777777777778,0.0,3.42,0.0,0.0,,0
42,-0.1388888888888889,-0.2777777777777778,0.0,3.43,0.0,0.0,,0
42,-0.1388888888888889,-0.2777777777777778,0.0,3.44,0.0,0.0,,0
42,-0.1388888888888889,-0.2777777777777778,0.0,3.45,0.0,0.0,,0
42,-0.1388888888888889,-0.2777777777777778,0.0,3.46,0.0,0.0,,0
42,-0.1388888888888889,-0.2777777777777778,0.0,3.47,0.0001,0.0001,0.0,1
42,-0.1388888888888889,-0.2777777777777778,0.0,3.48,0.0001,0.0001,0.0,1
42,-0.1388888888888889,-0.2777777777777778,0.0,3.49,0.0001,0.0001,0.0,1
42,-0.1388888888888889,-0.2777777777777778,0.0,3.5,0.0001,0.0001,0.0,1
42,-0.1388888888888889,-0.2777777777777778,0.0,3.51,0.0001,0.0001,0.0,1
42,-0.1388888888888889,-0.2777777777777778,0.0,3.52,0.0001,0.0001,0.0,1
42,-0.1388888888888889,-0.2777777777777778,0.0,3.53,0.0001,0.0001,0.0,1
42,-0.1388888888888889,-0.2777777777777778,0.0,3.54,0.0001,0.0001,0.0,1
42,-0.1388888888888889,-0.2777777777777778,0.0,3.55,0.0001,0.0001,0.0,1
42,-0.1388888888888889,-0.2777777777777778,0.0,3.56,0.0001,0.0001,0.0,1
42,-0.1388888888888889,-0.2777777777777778,0.0,3.57,0.0001,0.0001,0.0,1
42,-0.1388888888888889,-0.2777777777777778,0.0,3.58,0.0001,0.0001,0.0,1
42,-0.1388888888888889,-0.2777777777777778,0.0,3.59,0.0001,0.0001,0.0,1
42,-0.1388888888888889,-0.2777777777777778,0.0,3.6,0.0001,0.0001,0.0,1
42,-0.1388888888888889,-0.2777777777777778,0.0,3.61,0.0001,0.0001,0.0,1
42,-0.1388888888888889,-0.2777777777777778,0.0,3.62,0.0,0.0,,0
42,-0.1388888888888889,-0.2777777777777778,0.0,3.63,0.0,0.0,,0
42,-0.1388888888888889,-0.2777777777777778,0.0,3.64,0.0,0.0,,0
42,-0.1388888888888889,-0.2777777777777778,0.0,3.65,0.0,0.0,,0
42,-0.1388888888888889,-0.2777777777777778,0.0,3.66,0.0,0.0,,0
42,-0.1388888888888889,-0.2777777777777778,0.0,3.67,0.0,0.0,,0
42,-0.1388888888888889,-0.2777777777777778,0.0,3.68,0.0,0.0,,0
42,-0.1388888888888889,-0.2777777777777778,0.0,3.69,0.0,0.0,,0
42,-0.1388888888888889,-0.2777777777777778,0.0,3.7,0.0,0.0,,0
42,-0.1388888888888889,-0.2777777777777778,0.0,3.71,0.0,0.0,,0
42,-0.1388888888888889,-0.2777777777777778,0.0,3.72,0.0,0.0,,0
42,-0.1388888888888889,-0.2777777777777778,0.0,3.73,0.0,0.0,,0
42,-0.1388888888888889,-0.2777777777777778,0.0,3.74,0.0,0.0,,0
42,-0.1388888888888889,-0.2777777777777778,0.0,3.75,0.0,0.0,,0
42,-0.1388888888888889,-0.2777777777777778,0.0,3.76,0.0,0.0,,0
42,-0.1388888888888889,-0.2777777777777778,0.0,3.77,0.0,0.0,,0
42,-0.1388888888888889,-0.2777777777777778,0.0,3.78,0.0001,0.0001,0.0,1
42,-0.1388888888888889,-0.2777777777777778,0.0,3.79,0.0001,0.0001,0.0,1
42,-0.1388888888888889,-0.2777777777777778,0.0,3.8,0.0001,0.0001,0.0,1
42,-0.1388888888888889,-0.2777777777777778,0.0,3.81,0.0001,0.0001,0.0,1
42,-0.1388888888888889,-0.2777777777777778,0.0,3.82,0.0002,0.0002,0.0,1
42,-0.1388888888888889,-0.2777777777777778,0.0,3.83,0.0002,0.0002,0.0,1
42,-0.1388888888888889,-0.2777777777777778,0.0,3.84,0.0003,0.0003,0.0,1
42,-0.1388888888888889,-0.2777777777777778,0.0,3.85,0.0003,0.0003,0.0,1
42,-0.1388888888888889,-0.2777777777777778,0.0,3.86,0.0004,0.0004,0.0,1
42,-0.1388888888888889,-0.2777777777777778,0.0,3.87,0.0004,0.0004,0.0,1
42,-0.1388888888888889,-0.2777777777777778,0.0,3.88,0.0004,0.0004,0.0,1
42,-0.1388888888888889,-0.2777777777777778,0.0,3.89,0.0005,0.0005,0.0,1
42,-0.1388888888888889,-0.2777777777777778,0.0,3.9,0.0005,0.0005,0.0,1
42,-0.1388888888888889,-0.2777777777777778,0.0,3.91,0.0005,0.0005,0.0,1
42,-0.1388888888888889,-0.2777777777777778,0.0,3.92,0.0004,0.0004,0.0,1
42,-0.1388888888888889,-0.2777777777777778,0.0,3.93,0.0004,0.0004,0.0,1
42,-0.1388888888888889,-0.2777777777777778,0.0,3.94,0.0004,0.0004,0.0,1
42,-0.1388888888888889,-0.2777777777777778,0.0,3.95,0.0003,0.0003,0.0,1
42,-0.1388888888888889,-0.2777777777777778,0.0,3.96,0.0003,0.0003,0.0,1
42,-0.1388888888888889,-0.2777777777777778,0.0,3.97,0.0002,0.0002,0.0,1
42,-0.1388888888888889,-0.2777777777777778,0.0,3.98,0.0002,0.0002,0.0,1
42,-0.1388888888888889,-0.2777777777777778,0.0,3.99,0.0001,0.0001,0.0,1
42,-0.1388888888888889,-0.2777777777777778,0.0,4.0,0.0001,0.0001,0.0,1
43,-0.1666666666666667,-0.3333333333333333,0.0,0.5,0.0,0.0,,0
43,-0.1666666666666667,-0.3333333333333333,0.0,0.51,0.0,0.0,,0
43,-0.1666666666666667,-0.3333333333333333,0.0,0.52,0.0,0.0,,0
43,-0.1666666666666667,-0.3333333333333333,0.0,0.53,0.0,0.0,,0
43,-0.1666666666666667,-0.3333333333333333,0.0,0.54,0.0,0.0,,0
43,-0.1666666666666667,-0.3333333333333333,0.0,0.55,0.0,0.0,,0
43,-0.1666666666666667,-0.3333333333333333,0.0,0.56,0.0,0.0,,0
43,-0.1666666666666667,-0.3333333333333333,0.0,0.57,0.0,0.0,,0
43,-0.1666666666666667,-0.3333333333333333,0.0,0.58,0.0,0.0,,0
43,-0.1666666666666667,-0.3333333333333333,0.0,0.59,0.0,0.0,,0
43,-0.1666666666666667,-0.3333333333333333,0.0,0.6,0.0,0.0,,0
43,-0.1666666666666667,-0.3333333333333333,0.0,0.61,0.0,0.0,,0
43,-0.1666666666666667,-0.3333333333333333,0.0,0.62,0.0,0.0,,0
43,-0.1666666666666667,-0.3333333333333333,0.0,0.63,0.0,0.0,,0
43,-0.1666666666666667,-0.3333333333333333,0.0,0.64,0.0,0.0,,0
43,-0.1666666666666667,-0.3333333333333333,0.0,0.65,0.0,0.0,,0
43,-0.1666666666666667,-0.3333333333333333,0.0,0.66,0.0,0.0,,0
43,-0.1666666666666667,-0.3333333333333333,0.0,0.67,0.0,0.0,,0
43,-0.1666666666666667,-0.3333333333333333,0.0,0.68,0.0,0.0,,0
43,-0.1666666666666667,-0.3333333333333333,0.0,0.69,0.0,0.0,,0
43,-0.1666666666666667,-0.3333333333333333,0.0,0.7,0.0,0.0,,0
43,-0.1666666666666667,-0.3333333333333333,0.0,0.71,0.0,0.0,,0
43,-0.1666666666666667,-0.3333333333333333,0.0,0.72,0.0,0.0,,0
43,-0.1666666666666667,-0.3333333333333333,0.0,0.73,0.0,0.0,,0
43,-0.1666666666666667,-0.3333333333333333,0.0,0.74,0.0,0.0,,0
43,-0.1666666666666667,-0.3333333333333333,0.0,0.75,0.0,0.0,,0
43,-0.1666666666666667,-0.3333333333333333,0.0,0.76,0.0,0.0,,0
43,-0.1666666666666667,-0.3333333333333333,0.0,0.77,0.0,0.0,,0
43,-0.1666666666666667,-0.3333333333333333,0.0,0.78,0.0,0.0,,0
43,-0.1666666666666667,-0.3333333333333333,0.0,0.79,0.0,0.0,,0
43,-0.1666666666666667,-0.3333333333333333,0.0,0.8,0.0,0.0,,0
43,-0.1666666666666667,-0.3333333333333333,0.0,0.81,0.0,0.0,,0
43,-0.1666666666666667,-0.3333333333333333,0.0,0.82,0.0,0.0,,0
43,-0.1666666666666667,-0.3333333333333333,0.0,0.83,0.0,0.0,,0
43,-0.1666666666666667,-0.3333333333333333,0.0,0.84,0.0,0.0,,0
43,-0.1666666666666667,-0.3333333333333333,0.0,0.85,0.0,0.0,,0
43,-0.1666666666666667,-0.3333333333333333,0.0,0.86,0.0,0.0,,0
43,-0.1666666666666667,-0.3333333333333333,0.0,0.87,0.0,0.0,,0
43,-0.1666666666666667,-0.3333333333333333,0.0,0.88,0.0,0.0,,0
43,-0.1666666666666667,-0.3333333333333333,0.0,0.89,0.0,0.0,,0
43,-0.1666666666666667,-0.3333333333333333,0.0,0.9,0.0,0.0,,0
43,-0.1666666666666667,-0.3333333333333333,0.0,0.91,0.0,0.0,,0
43,-0.1666666666666667,-0.3333333333333333,0.0,0.92,0.0,0.0,,0
43,-0.1666666666666667,-0.3333333333333333,0.0,0.93,0.0,0.0,,0
43,-0.1666666666666667,-0.3333333333333333,0.0,0.94,0.0,0.0,,0
43,-0.1666666666666667,-0.3333333333333333,0.0,0.95,0.0,0.0,,0
43,-0.1666666666666667,-0.3333333333333333,0.0,0.96,0.0,0.0,,0
43,-0.1666666666666667,-0.3333333333333333,0.0,0.97,0.0,0.0,,0
43,-0.1666666666666667,-0.3333333333333333,0.0,0.98,0.0,0.0,,0
43,-0.1666666666666667,-0.3333333333333333,0.0,0.99,0.0,0.0,,0
43,-0.1666666666666667,-0.3333333333333333,0.0,1.0,0.0,0.0,,0
43,-0.1666666666666667,-0.3333333333333333,0.0,1.01,0.0,0.0,,0
43,-0.1666666666666667,-0.3333333333333333,0.0,1.02,0.0,0.0,,0
43,-0.1666666666666667,-0.3333333333333333,0.0,1.03,0.0,0.0,,0
43,-0.1666666666666667,-0.3333333333333333,0.0,1.04,0.0,0.0,,0
43,-0.1666666666666667,-0.3333333333333333,0.0,1.05,0.0,0.0,,0
43,-0.1666666666666667,-0.3333333333333333,0.0,1.06,0.0,0.0,,0
43,-0.1666666666666667,-0.3333333333333333,0.0,1.07,0.0,0.0,,0
43,-0.1666666666666667,-0.3333333333333333,0.0,1.08,0.0,0.0,,0
43,-0.1666666666666667,-0.3333333333333333,0.0,1.09,0.0,0.0,,0
43,-0.1666666666666667,-0.3333333333333333,0.0,1.1,0.0,0.0,,0
43,-0.1666666666666667,-0.3333333333333333,0.0,1.11,0.0,0.0,,0
43,-0.1666666666666667,-0.3333333333333333,0.0,1.12,0.0,0.0,,0
43,-0.1666666666666667,-0.3333333333333333,0.0,1.13,0.0,0.0,,0
43,-0.1666666666666667,-0.3333333333333333,0.0,1.14,0.0,0.0,,0
43,-0.1666666666666667,-0.3333333333333333,0.0,1.15,0.0,0.0,,0
43,-0.1666666666666667,-0.3333333333333333,0.0,1.16,0.0,0.0,,0
43,-0.1666666666666667,-0.3333333333333333,0.0,1.17,0.0,0.0,,0
43,-0.1666666666666667,-0.3333333333333333,0.0,1.18,0.0,0.0,,0
43,-0.1666666666666667,-0.3333333333333333,0.0,1.19,0.0,0.0,,0
43,-0.1666666666666667,-0.3333333333333333,0.0,1.2,0.0,0.0,,0
43,-0.1666666666666667,-0.3333333333333333,0.0,1.21,0.0,0.0,,0
43,-0.1666666666666667,-0.3333333333333333,0.0,1.22,0.0,0.0,,0
43,-0.1666666666666667,-0.3333333333333333,0.0,1.23,0.0,0.0,,0
43,-0.1666666666666667,-0.3333333333333333,0.0,1.24,0.0,0.0,,0
43,-0.1666666666666667,-0.3333333333333333,0.0,1.25,0.0,0.0,,0
43,-0.1666666666666667,-0.3333333333333333,0.0,1.26,0.0,0.0,,0
43,-0.1666666666666667,-0.3333333333333333,0.0,1.27,0.0,0.0,,0
43,-0.1666666666666667,-0.3333333333333333,0.0,1.28,0.0,0.0,,0
43,-0.1666666666666667,-0.3333333333333333,0.0,1.29,0.0,0.0,,0
43,-0.1666666666666667,-0.3333333333333333,0.0,1.3,0.0,0.0,,0
43,-0.1666666666666667,-0.3333333333333333,0.0,1.31,0.0,0.0,,0
43,-0.1666666666666667,-0.3333333333333333,0.0,1.32,0.0,0.0,,0
43,-0.1666666666666667,-0.3333333333333333,0.0,1.33,0.0,0.0,,0
43,-0.1666666666666667,-0.3333333333333333,0.0,1.34,0.0,0.0,,0
43,-0.1666666666666667,-0.3333333333333333,0.0,1.35,0.0,0.0,,0
43,-0.1666666666666667,-0.3333333333333333,0.0,1.36,0.0,0.0,,0
43,-0.1666666666666667,-0.3333333333333333,0.0,1.37,0.0,0.0,,0
43,-0.1666666666666667,-0.3333333333333333,0.0,1.38,0.0,0.0,,0
43,-0.1666666666666667,-0.3333333333333333,0.0,1.39,0.0,0.0,,0
43,-0.1666666666666667,-0.3333333333333333,0.0,1.4,0.0,0.0,,0
43,-0.1666666666666667,-0.3333333333333333,0.0,1.41,0.0,0.0,,0
43,-0.1666666666666667,-0.3333333333333333,0.0,1.42,0.0,0.0,,0
43,-0.1666666666666667,-0.3333333333333333,0.0,1.43,0.0,0.0,,0
43,-0.1666666666666667,-0.3333333333333333,0.0,1.44,0.0,0.0,,0
43,-0.1666666666666667,-0.3333333333333333,0.0,1.45,0.0,0.0,,0
43,-0.1666666666666667,-0.3333333333333333,0.0,1.46,0.0,0.0,,0
43,-0.1666666666666667,-0.3333333333333333,0.0,1.47,0.0,0.0,,0
43,-0.1666666666666667,-0.3333333333333333,0.0,1.48,0.0,0.0,,0
43,-0.1666666666666667,-0.3333333333333333,0.0,1.49,0.0,0.0,,0
43,-0.1666666666666667,-0.3333333333333333,0.0,1.5,0.0,0.0,,0
43,-0.1666666666666667,-0.3333333333333333,0.0,1.51,0.0,0.0,,0
43,-0.1666666666666667,-0.3333333333333333,0.0,1.52,0.0,0.0,,0
43,-0.1666666666666667,-0.3333333333333333,0.0,1.53,0.0,0.0,,0
43,-0.1666666666666667,-0.3333333333333333,0.0,1.54,0.0,0.0,,0
43,-0.1666666666666667,-0.3333333333333333,0.0,1.55,0.0,0.0,,0
43,-0.1666666666666667,-0.3333333333333333,0.0,1.56,0.0,0.0,,0
43,-0.1666666666666667,-0.3333333333333333,0.0,1.57,0.0,0.0,,0
43,-0.1666666666666667,-0.3333333333333333,0.0,1.58,0.0,0.0,,0
43,-0.1666666666666667,-0.3333333333333333,0.0,1.59,0.0,0.0,,0
43,-0.1666666666666667,-0.3333333333333333,0.0,1.6,0.0,0.0,,0
43,-0.1666666666666667,-0.3333333333333333,0.0,1.61,0.0,0.0,,0
43,-0.1666666666666667,-0.3333333333333333,0.0,1.62,0.0,0.0,,0
43,-0.1666666666666667,-0.3333333333333333,0.0,1.63,0.0,0.0,,0
43,-0.1666666666666667,-0.3333333333333333,0.0,1.64,0.0,0.0,,0
43,-0.1666666666666667,-0.3333333333333333,0.0,1.65,0.0,0.0,,0
43,-0.1666666666666667,-0.3333333333333333,0.0,1.66,0.0,0.0,,0
43,-0.1666666666666667,-0.3333333333333333,0.0,1.67,0.0,0.0,,0
43,-0.1666666666666667,-0.3333333333333333,0.0,1.68,0.0,0.0,,0
43,-0.1666666666666667,-0.3333333333333333,0.0,1.69,0.0,0.0,,0
43,-0.1666666666666667,-0.3333333333333333,0.0,1.7,0.0,0.0,,0
43,-0.1666666666666667,-0.3333333333333333,0.0,1.71,0.0,0.0,,0
43,-0.1666666666666667,-0.3333333333333333,0.0,1.72,0.0,0.0,,0
43,-0.1666666666666667,-0.3333333333333333,0.0,1.73,0.0,0.0,,0
43,-0.1666666666666667,-0.3333333333333333,0.0,1.74,0.0,0.0,,0
43,-0.1666666666666667,-0.3333333333333333,0.0,1.75,0.0,0.0,,0
43,-0.1666666666666667,-0.3333333333333333,0.0,1.76,0.0,0.0,,0
43,-0.1666666666666667,-0.3333333333333333,0.0,1.77,0.0,0.0,,0
43,-0.1666666666666667,-0.3333333333333333,0.0,1.78,0.0,0.0,,0
43,-0.1666666666666667,-0.3333333333333333,0.0,1.79,0.0,0.0,,0
43,-0.1666666666666667,-0.3333333333333333,0.0,1.8,0.0,0.0,,0
43,-0.1666666666666667,-0.3333333333333333,0.0,1.81,0.0,0.0,,0
43,-0.1666666666666667,-0.3333333333333333,0.0,1.82,0.0,0.0,,0
43,-0.1666666666666667,-0.3333333333333333,0.0,1.83,0.0,0.0,,0
43,-0.1666666666666667,-0.3333333333333333,0.0,1.84,0.0,0.0,,0
43,-0.1666666666666667,-0.3333333333333333,0.0,1.85,0.0,0.0,,0
43,-0.1666666666666667,-0.3333333333333333,0.0,1.86,0.0,0.0,,0
43,-0.1666666666666667,-0.3333333333333333,0.0,1.87,0.0,0.0,,0
43,-0.1666666666666667,-0.3333333333333333,0.0,1.88,0.0,0.0,,0
43,-0.1666666666666667,-0.3333333333333333,0.0,1.89,0.0,0.0,,0
43,-0.1666666666666667,-0.3333333333333333,0.0,1.9,0.0,0.0,,0
43,-0.1666666666666667,-0.3333333333333333,0.0,1.91,0.0,0.0,,0
43,-0.1666666666666667,-0.3333333333333333,0.0,1.92,0.0,0.0,,0
43,-0.1666666666666667,-0.3333333333333333,0.0,1.93,0.0,0.0,,0
43,-0.1666666666666667,-0.3333333333333333,0.0,1.94,0.0,0.0,,0
43,-0.1666666666666667,-0.3333333333333333,0.0,1.95,0.0,0.0,,0
43,-0.1666666666666667,-0.3333333333333333,0.0,1.96,0.0,0.0,,0
43,-0.1666666666666667,-0.3333333333333333,0.0,1.97,0.0,0.0,,0
43,-0.1666666666666667,-0.3333333333333333,0.0,1.98,0.0,0.0,,0
43,-0.1666666666666667,-0.3333333333333333,0.0,1.99,0.0,0.0,,0
43,-0.1666666666666667,-0.3333333333333333,0.0,2.0,0.0,0.0,,0
43,-0.1666666666666667,-0.3333333333333333,0.0,2.01,0.0,0.0,,0
43,-0.1666666666666667,-0.3333333333333333,0.0,2.02,0.0,0.0,,0
43,-0.1666666666666667,-0.3333333333333333,0.0,2.03,0.0,0.0,,0
43,-0.1666666666666667,-0.3333333333333333,0.0,2.04,0.0,0.0,,0
43,-0.1666666666666667,-0.3333333333333333,0.0,2.05,0.0,0.0,,0
43,-0.1666666666666667,-0.3333333333333333,0.0,2.06,0.0,0.0,,0
43,-0.1666666666666667,-0.3333333333333333,0.0,2.07,0.0,0.0,,0
43,-0.1666666666666667,-0.3333333333333333,0.0,2.08,0.0,0.0,,0
43,-0.1666666666666667,-0.3333333333333333,0.0,2.09,0.0,0.0,,0
43,-0.1666666666666667,-0.3333333333333333,0.0,2.1,0.0,0.0,,0
43,-0.1666666666666667,-0.3333333333333333,0.0,2.11,0.0,0.0,,0
43,-0.1666666666666667,-0.3333333333333333,0.0,2.12,0.0,0.0,,0
43,-0.1666666666666667,-0.3333333333333333,0.0,2.13,0.0,0.0,,0
43,-0.1666666666666667,-0.3333333333333333,0.0,2.14,0.0,0.0,,0
43,-0.1666666666666667,-0.3333333333333333,0.0,2.15,0.0,0.0,,0
43,-0.1666666666666667,-0.3333333333333333,0.0,2.16,0.0,0.0,,0
43,-0.1666666666666667,-0.3333333333333333,0.0,2.17,0.0,0.0,,0
43,-0.1666666666666667,-0.3333333333333333,0.0,2.18,0.0,0.0,,0
43,-0.1666666666666667,-0.3333333333333333,0.0,2.19,0.0001,0.0001,0.0,1
43,-0.1666666666666667,-0.3333333333333333,0.0,2.2,0.0001,0.0001,0.0,1
43,-0.1666666666666667,-0.3333333333333333,0.0,2.21,0.0002,0.0002,0.0,1
43,-0.1666666666666667,-0.3333333333333333,0.0,2.22,0.0003,0.0003,0.0,1
43,-0.1666666666666667,-0.3333333333333333,0.0,2.23,0.0006,0.0006,0.0,1
43,-0.1666666666666667,-0.3333333333333333,0.0,2.24,0.0009,0.0009,0.0,1
43,-0.1666666666666667,-0.3333333333333333,0.0,2.25,0.0014,0.0014,0.0,1
43,-0.1666666666666667,-0.3333333333333333,0.0,2.26,0.002,0.002,0.0,1
43,-0.1666666666666667,-0.3333333333333333,0.0,2.27,0.0029,0.0029,0.0,1
43,-0.1666666666666667,-0.3333333333333333,0.0,2.28,0.0039,0.0039,0.0,1
43,-0.1666666666666667,-0.3333333333333333,0.0,2.29,0.0051,0.0051,0.0,1
43,-0.1666666666666667,-0.3333333333333333,0.0,2.3,0.0065,0.0065,0.0,1
43,-0.1666666666666667,-0.3333333333333333,0.0,2.31,0.0079,0.0079,0.0,1
43,-0.1666666666666667,-0.3333333333333333,0.0,2.32,0.0093,0.0093,0.0,1
43,-0.1666666666666667,-0.3333333333333333,0.0,2.33,0.0106,0.0106,0.0,1
43,-0.1666666666666667,-0.3333333333333333,0.0,2.34,0.0117,0.0117,0.0,1
43,-0.1666666666666667,-0.3333333333333333,0.0,2.35,0.0125,0.0125,0.0,1
43,-0.1666666666666667,-0.3333333333333333,0.0,2.36,0.013,0.013,0.0,1
43,-0.1666666666666667,-0.3333333333333333,0.0,2.37,0.0133,0.0133,0.0,1
43,-0.1666666666666667,-0.3333333333333333,0.0,2.38,0.0132,0.0132,0.0,1
43,-0.1666666666666667,-0.3333333333333333,0.0,2.39,0.013,0.013,0.0,1
43,-0.1666666666666667,-0.3333333333333333,0.0,2.4,0.0125,0.0125,0.0,1
43,-0.1666666666666667,-0.3333333333333333,0.0,2.41,0.0118,0.0118,0.0,1
43,-0.1666666666666667,-0.3333333333333333,0.0,2.42,0.011,0.011,0.0,1
43,-0.1666666666666667,-0.3333333333333333,0.0,2.43,0.0101,0.0101,0.0,1
43,-0.1666666666666667,-0.3333333333333333,0.0,2.44,0.009,0.009,0.0,1
43,-0.1666666666666667,-0.3333333333333333,0.0,2.45,0.0079,0.0079,0.0,1
43,-0.1666666666666667,-0.3333333333333333,0.0,2.46,0.0067,0.0067,0.0,1
43,-0.1666666666666667,-0.3333333333333333,0.0,2.47,0.0056,0.0056,0.0,1
43,-0.1666666666666667,-0.3333333333333333,0.0,2.48,0.0045,0.0045,0.0,1
43,-0.1666666666666667,-0.3333333333333333,0.0,2.49,0.0035,0.0035,0.0,1
43,-0.1666666666666667,-0.3333333333333333,0.0,2.5,0.0026,0.0026,0.0,1
43,-0.1666666666666667,-0.3333333333333333,0.0,2.51,0.0019,0.0019,0.0,1
43,-0.1666666666666667,-0.3333333333333333,0.0,2.52,0.0013,0.0013,0.0,1
43,-0.1666666666666667,-0.3333333333333333,0.0,2.53,0.0009,0.0009,0.0,1
43,-0.1666666666666667,-0.3333333333333333,0.0,2.54,0.0006,0.0006,0.0,1
43,-0.1666666666666667,-0.3333333333333333,0.0,2.55,0.0004,0.0004,0.0,1
43,-0.1666666666666667,-0.3333333333333333,0.0,2.56,0.0003,0.0003,0.0,1
43,-0.1666666666666667,-0.3333333333333333,0.0,2.57,0.0002,0.0002,0.0,1
43,-0.1666666666666667,-0.3333333333333333,0.0,2.58,0.0002,0.0002,0.0,1
43,-0.1666666666666667,-0.3333333333333333,0.0,2.59,0.0003,0.0003,0.0,1
43,-0.1666666666666667,-0.3333333333333333,0.0,2.6,0.0003,0.0003,0.0,1
43,-0.1666666666666667,-0.3333333333333333,0.0,2.61,0.0004,0.0004,0.0,1
43,-0.1666666666666667,-0.3333333333333333,0.0,2.62,0.0006,0.0006,0.0,1
43,-0.1666666666666667,-0.3333333333333333,0.0,2.63,0.0007,0.0007,0.0,1
43,-0.1666666666666667,-0.3333333333333333,0.0,2.64,0.0009,0.0009,0.0,1
43,-0.1666666666666667,-0.3333333333333333,0.0,2.65,0.0012,0.0012,0.0,1
43,-0.1666666666666667,-0.3333333333333333,0.0,2.66,0.0015,0.0015,0.0,1
43,-0.1666666666666667,-0.3333333333333333,0.0,2.67,0.0019,0.0019,0.0,1
43,-0.1666666666666667,-0.3333333333333333,0.0,2.68,0.0023,0.0023,0.0,1
43,-0.1666666666666667,-0.3333333333333333,0.0,2.69,0.0028,0.0028,0.0,1
43,-0.1666666666666667,-0.3333333333333333,0.0,2.7,0.0034,0.0034,0.0,1
43,-0.1666666666666667,-0.3333333333333333,0.0,2.71,0.0041,0.0041,0.0,1
43,-0.1666666666666667,-0.3333333333333333,0.0,2.72,0.0048,0.0048,0.0,1
43,-0.1666666666666667,-0.3333333333333333,0.0,2.73,0.0056,0.0056,0.0,1
43,-0.1666666666666667,-0.3333333333333333,0.0,2.74,0.0063,0.0063,0.0,1
43,-0.1666666666666667,-0.3333333333333333,0.0,2.75,0.007,0.007,0.0,1
43,-0.1666666666666667,-0.3333333333333333,0.0,2.76,0.0076,0.0076,0.0,1
43,-0.1666666666666667,-0.3333333333333333,0.0,2.77,0.0081,0.0081,0.0,1
43,-0.1666666666666667,-0.3333333333333333,0.0,2.78,0.0086,0.0086,0.0,1
43,-0.1666666666666667,-0.3333333333333333,0.0,2.79,0.0089,0.0089,0.0,1
43,-0.1666666666666667,-0.3333333333333333,0.0,2.8,0.0091,0.0091,0.0,1
43,-0.1666666666666667,-0.3333333333333333,0.0,2.81,0.0091,0.0091,0.0,1
43,-0.1666666666666667,-0.3333333333333333,0.0,2.82,0.009,0.009,0.0,1
43,-0.1666666666666667,-0.3333333333333333,0.0,2.83,0.0088,0.0088,0.0,1
43,-0.1666666666666667,-0.3333333333333333,0.0,2.84,0.0083,0.0083,0.0,1
43,-0.1666666666666667,-0.3333333333333333,0.0,2.85,0.0077,0.0077,0.0,1
43,-0.1666666666666667,-0.3333333333333333,0.0,2.86,0.0069,0.0069,0.0,1
43,-0.1666666666666667,-0.3333333333333333,0.0,2.87,0.006,0.006,0.0,1
43,-0.1666666666666667,-0.3333333333333333,0.0,2.88,0.0051,0.0051,0.0,1
43,-0.1666666666666667,-0.3333333333333333,0.0,2.89,0.0041,0.0041,0.0,1
43,-0.1666666666666667,-0.3333333333333333,0.0,2.9,0.0032,0.0032,0.0,1
43,-0.1666666666666667,-0.3333333333333333,0.0,2.91,0.0025,0.0025,0.0,1
43,-0.1666666666666667,-0.3333333333333333,0.0,2.92,0.0018,0.0018,0.0,1
43,-0.1666666666666667,-0.3333333333333333,0.0,2.93,0.0013,0.0013,0.0,1
43,-0.1666666666666667,-0.3333333333333333,0.0,2.94,0.0009,0.0009,0.0,1
43,-0.1666666666666667,-0.3333333333333333,0.0,2.95,0.0006,0.0006,0.0,1
43,-0.1666666666666667,-0.3333333333333333,0.0,2.96,0.0004,0.0004,0.0,1
43,-0.1666666666666667,-0.3333333333333333,0.0,2.97,0.0002,0.0002,0.0,1
43,-0.1666666666666667,-0.3333333333333333,0.0,2.98,0.0002,0.0002,0.0,1
43,-0.1666666666666667,-0.3333333333333333,0.0,2.99,0.0001,0.0001,0.0,1
43,-0.1666666666666667,-0.3333333333333333,0.0,3.0,0.0001,0.0001,0.0,1
43,-0.1666666666666667,-0.3333333333333333,0.0,3.01,0.0001,0.0001,0.0,1
43,-0.1666666666666667,-0.3333333333333333,0.0,3.02,0.0001,0.0001,0.0,1
43,-0.1666666666666667,-0.3333333333333333,0.0,3.03,0.0002,0.0002,0.0,1
43,-0.1666666666666667,-0.3333333333333333,0.0,3.04,0.0002,0.0002,0.0,1
43,-0.1666666666666667,-0.3333333333333333,0.0,3.05,0.0003,0.0003,0.0,1
43,-0.1666666666666667,-0.3333333333333333,0.0,3.06,0.0004,0.0004,0.0,1
43,-0.1666666666666667,-0.3333333333333333,0.0,3.07,0.0005,0.0005,0.0,1
43,-0.1666666666666667,-0.3333333333333333,0.0,3.08,0.0006,0.0006,0.0,1
43,-0.1666666666666667,-0.3333333333333333,0.0,3.09,0.0007,0.0007,0.0,1
43,-0.1666666666666667,-0.3333333333333333,0.0,3.1,0.0009,0.0009,0.0,1
43,-0.1666666666666667,-0.3333333333333333,0.0,3.11,0.001,0.001,0.0,1
43,-0.1666666666666667,-0.3333333333333333,0.0,3.12,0.0011,0.0011,0.0,1
43,-0.1666666666666667,-0.3333333333333333,0.0,3.13,0.0012,0.0012,0.0,1
43,-0.1666666666666667,-0.3333333333333333,0.0,3.14,0.0013,0.0013,0.0,1
43,-0.1666666666666667,-0.3333333333333333,0.0,3.15,0.0013,0.0013,0.0,1
43,-0.1666666666666667,-0.3333333333333333,0.0,3.16,0.0013,0.0013,0.0,1
43,-0.1666666666666667,-0.3333333333333333,0.0,3.17,0.0012,0.0012,0.0,1
43,-0.1666666666666667,-0.3333333333333333,0.0,3.18,0.0011,0.0011,0.0,1
43,-0.1666666666666667,-0.3333333333333333,0.0,3.19,0.001,0.001,0.0,1
43,-0.1666666666666667,-0.3333333333333333,0.0,3.2,0.0009,0.0009,0.0,1
43,-0.1666666666666667,-0.3333333333333333,0.0,3.21,0.0007,0.0007,0.0,1
43,-0.1666666666666667,-0.3333333333333333,0.0,3.22,0.0006,0.0006,0.0,1
43,-0.1666666666666667,-0.3333333333333333,0.0,3.23,0.0004,0.0004,0.0,1
43,-0.1666666666666667,-0.3333333333333333,0.0,3.24,0.0003,0.0003,0.0,1
43,-0.1666666666666667,-0.3333333333333333,0.0,3.25,0.0002,0.0002,0.0,1
43,-0.1666666666666667,-0.3333333333333333,0.0,3.26,0.0002,0.0002,0.0,1
43,-0.1666666666666667,-0.3333333333333333,0.0,3.27,0.0001,0.0001,0.0,1
43,-0.1666666666666667,-0.3333333333333333,0.0,3.28,0.0001,0.0001,0.0,1
43,-0.1666666666666667,-0.3333333333333333,0.0,3.29,0.0,0.0,,0
43,-0.1666666666666667,-0.3333333333333333,0.0,3.3,0.0,0.0,,0
43,-0.1666666666666667,-0.3333333333333333,0.0,3.31,0.0,0.0,,0
43,-0.1666666666666667,-0.3333333333333333,0.0,3.32,0.0,0.0,,0
43,-0.1666666666666667,-0.3333333333333333,0.0,3.33,0.0,0.0,,0
43,-0.1666666666666667,-0.3333333333333333,0.0,3.34,0.0001,0.0001,0.0,1
43,-0.1666666666666667,-0.3333333333333333,0.0,3.35,0.0001,0.0001,0.0,1
43,-0.1666666666666667,-0.3333333333333333,0.0,3.36,0.0001,0.0001,0.0,1
43,-0.1666666666666667,-0.3333333333333333,0.0,3.37,0.0002,0.0002,0.0,1
43,-0.1666666666666667,-0.3333333333333333,0.0,3.38,0.0002,0.0002,0.0,1
43,-0.1666666666666667,-0.3333333333333333,0.0,3.39,0.0003,0.0003,0.0,1
43,-0.1666666666666667,-0.3333333333333333,0.0,3.4,0.0003,0.0003,0.0,1
43,-0.1666666666666667,-0.3333333333333333,0.0,3.41,0.0004,0.0004,0.0,1
43,-0.1666666666666667,-0.3333333333333333,0.0,3.42,0.0005,0.0005,0.0,1
43,-0.1666666666666667,-0.3333333333333333,0.0,3.43,0.0006,0.0006,0.0,1
43,-0.1666666666666667,-0.3333333333333333,0.0,3.44,0.0006,0.0006,0.0,1
43,-0.1666666666666667,-0.3333333333333333,0.0,3.45,0.0007,0.0007,0.0,1
43,-0.1666666666666667,-0.3333333333333333,0.0,3.46,0.0007,0.0007,0.0,1
43,-0.1666666666666667,-0.3333333333333333,0.0,3.47,0.0008,0.0008,0.0,1
43,-0.1666666666666667,-0.3333333333333333,0.0,3.48,0.0008,0.0008,0.0,1
43,-0.1666666666666667,-0.3333333333333333,0.0,3.49,0.0008,0.0008,0.0,1
43,-0.1666666666666667,-0.3333333333333333,0.0,3.5,0.0008,0.0008,0.0,1
43,-0.1666666666666667,-0.3333333333333333,0.0,3.51,0.0007,0.0007,0.0,1
43,-0.1666666666666667,-0.3333333333333333,0.0,3.52,0.0007,0.0007,0.0,1
43,-0.1666666666666667,-0.3333333333333333,0.0,3.53,0.0006,0.0006,0.0,1
43,-0.1666666666666667,-0.3333333333333333,0.0,3.54,0.0005,0.0005,0.0,1
43,-0.1666666666666667,-0.3333333333333333,0.0,3.55,0.0004,0.0004,0.0,1
43,-0.1666666666666667,-0.3333333333333333,0.0,3.56,0.0003,0.0003,0.0,1
43,-0.1666666666666667,-0.3333333333333333,0.0,3.57,0.0002,0.0002,0.0,1
43,-0.1666666666666667,-0.3333333333333333,0.0,3.58,0.0002,0.0002,0.0,1
43,-0.1666666666666667,-0.3333333333333333,0.0,3.59,0.0001,0.0001,0.0,1
43,-0.1666666666666667,-0.3333333333333333,0.0,3.6,0.0001,0.0001,0.0,1
43,-0.1666666666666667,-0.3333333333333333,0.0,3.61,0.0001,0.0001,0.0,1
43,-0.1666666666666667,-0.3333333333333333,0.0,3.62,0.0,0.0,,0
43,-0.1666666666666667,-0.3333333333333333,0.0,3.63,0.0,0.0,,0
43,-0.1666666666666667,-0.3333333333333333,0.0,3.64,0.0,0.0,,0
43,-0.1666666666666667,-0.3333333333333333,0.0,3.65,0.0,0.0,,0
43,-0.1666666666666667,-0.3333333333333333,0.0,3.66,0.0,0.0,,0
43,-0.1666666666666667,-0.3333333333333333,0.0,3.67,0.0,0.0,,0
43,-0.1666666666666667,-0.3333333333333333,0.0,3.68,0.0,0.0,,0
43,-0.1666666666666667,-0.3333333333333333,0.0,3.69,0.0,0.0,,0
43,-0.1666666666666667,-0.3333333333333333,0.0,3.7,0.0,0.0,,0
43,-0.1666666666666667,-0.3333333333333333,0.0,3.71,0.0,0.0,,0
43,-0.1666666666666667,-0.3333333333333333,0.0,3.72,0.0,0.0,,0
43,-0.1666666666666667,-0.3333333333333333,0.0,3.73,0.0,0.0,,0
43,-0.1666666666666667,-0.3333333333333333,0.0,3.74,0.0001,0.0001,0.0,1
43,-0.1666666666666667,-0.3333333333333333,0.0,3.75,0.0001,0.0001,0.0,1
43,-0.1666666666666667,-0.3333333333333333,0.0,3.76,0.0001,0.0001,0.0,1
43,-0.1666666666666667,-0.3333333333333333,0.0,3.77,0.0002,0.0002,0.0,1
43,-0.1666666666666667,-0.3333333333333333,0.0,3.78,0.0003,0.0003,0.0,1
43,-0.1666666666666667,-0.3333333333333333,0.0,3.79,0.0003,0.0003,0.0,1
43,-0.1666666666666667,-0.3333333333333333,0.0,3.8,0.0004,0.0004,0.0,1
43,-0.1666666666666667,-0.3333333333333333,0.0,3.81,0.0005,0.0005,0.0,1
43,-0.1666666666666667,-0.3333333333333333,0.0,3.82,0.0006,0.0006,0.0,1
43,-0.1666666666666667,-0.3333333333333333,0.0,3.83,0.0007,0.0007,0.0,1
43,-0.1666666666666667,-0.3333333333333333,0.0,3.84,0.0008,0.0008,0.0,1
43,-0.1666666666666667,-0.3333333333333333,0.0,3.85,0.0009,0.0009,0.0,1
43,-0.1666666666666667,-0.3333333333333333,0.0,3.86,0.0009,0.0009,0.0,1
43,-0.1666666666666667,-0.3333333333333333,0.0,3.87,0.001,0.001,0.0,1
43,-0.1666666666666667,-0.3333333333333333,0.0,3.88,0.001,0.001,0.0,1
43,-0.1666666666666667,-0.3333333333333333,0.0,3.89,0.001,0.001,0.0,1
43,-0.1666666666666667,-0.3333333333333333,0.0,3.9,0.001,0.001,0.0,1
43,-0.1666666666666667,-0.3333333333333333,0.0,3.91,0.0009,0.0009,0.0,1
43,-0.1666666666666667,-0.3333333333333333,0.0,3.92,0.0009,0.0009,0.0,1
43,-0.1666666666666667,-0.3333333333333333,0.0,3.93,0.0008,0.0008,0.0,1
43,-0.1666666666666667,-0.3333333333333333,0.0,3.94,0.0007,0.0007,0.0,1
43,-0.1666666666666667,-0.3333333333333333,0.0,3.95,0.0006,0.0006,0.0,1
43,-0.1666666666666667,-0.3333333333333333,0.0,3.96,0.0005,0.0005,0.0,1
43,-0.1666666666666667,-0.3333333333333333,0.0,3.97,0.0004,0.0004,0.0,1
43,-0.1666666666666667,-0.3333333333333333,0.0,3.98,0.0003,0.0003,0.0,1
43,-0.1666666666666667,-0.3333333333333333,0.0,3.99,0.0002,0.0002,0.0,1
43,-0.1666666666666667,-0.3333333333333333,0.0,4.0,0.0002,0.0002,0.0,1
44,-0.1944444444444444,-0.3888888888888889,0.0,0.5,0.0,0.0,,0
44,-0.1944444444444444,-0.3888888888888889,0.0,0.51,0.0,0.0,,0
44,-0.1944444444444444,-0.3888888888888889,0.0,0.52,0.0,0.0,,0
44,-0.1944444444444444,-0.3888888888888889,0.0,0.53,0.0,0.0,,0
44,-0.1944444444444444,-0.3888888888888889,0.0,0.54,0.0,0.0,,0
44,-0.1944444444444444,-0.3888888888888889,0.0,0.55,0.0,0.0,,0
44,-0.1944444444444444,-0.3888888888888889,0.0,0.56,0.0,0.0,,0
44,-0.1944444444444444,-0.3888888888888889,0.0,0.57,0.0,0.0,,0
44,-0.1944444444444444,-0.3888888888888889,0.0,0.58,0.0,0.0,,0
44,-0.1944444444444444,-0.3888888888888889,0.0,0.59,0.0,0.0,,0
44,-0.1944444444444444,-0.3888888888888889,0.0,0.6,0.0,0.0,,0
44,-0.1944444444444444,-0.3888888888888889,0.0,0.61,0.0,0.0,,0
44,-0.1944444444444444,-0.3888888888888889,0.0,0.62,0.0,0.0,,0
44,-0.1944444444444444,-0.3888888888888889,0.0,0.63,0.0,0.0,,0
44,-0.1944444444444444,-0.3888888888888889,0.0,0.64,0.0,0.0,,0
44,-0.1944444444444444,-0.3888888888888889,0.0,0.65,0.0,0.0,,0
44,-0.1944444444444444,-0.3888888888888889,0.0,0.66,0.0,0.0,,0
44,-0.1944444444444444,-0.3888888888888889,0.0,0.67,0.0,0.0,,0
44,-0.1944444444444444,-0.3888888888888889,0.0,0.68,0.0,0.0,,0
44,-0.1944444444444444,-0.3888888888888889,0.0,0.69,0.0,0.0,,0
44,-0.1944444444444444,-0.3888888888888889,0.0,0.7,0.0,0.0,,0
44,-0.1944444444444444,-0.3888888888888889,0.0,0.71,0.0,0.0,,0
44,-0.1944444444444444,-0.3888888888888889,0.0,0.72,0.0,0.0,,0
44,-0.1944444444444444,-0.3888888888888889,0.0,0.73,0.0,0.0,,0
44,-0.1944444444444444,-0.3888888888888889,0.0,0.74,0.0,0.0,,0
44,-0.1944444444444444,-0.3888888888888889,0.0,0.75,0.0,0.0,,0
44,-0.1944444444444444,-0.3888888888888889,0.0,0.76,0.0,0.0,,0
44,-0.1944444444444444,-0.3888888888888889,0.0,0.77,0.0,0.0,,0
44,-0.1944444444444444,-0.3888888888888889,0.0,0.78,0.0,0.0,,0
44,-0.1944444444444444,-0.3888888888888889,0.0,0.79,0.0,0.0,,0
44,-0.1944444444444444,-0.3888888888888889,0.0,0.8,0.0,0.0,,0
44,-0.1944444444444444,-0.3888888888888889,0.0,0.81,0.0,0.0,,0
44,-0.1944444444444444,-0.3888888888888889,0.0,0.82,0.0,0.0,,0
44,-0.1944444444444444,-0.3888888888888889,0.0,0.83,0.0,0.0,,0
44,-0.1944444444444444,-0.3888888888888889,0.0,0.84,0.0,0.0,,0
44,-0.1944444444444444,-0.3888888888888889,0.0,0.85,0.0,0.0,,0
44,-0.1944444444444444,-0.3888888888888889,0.0,0.86,0.0,0.0,,0
44,-0.1944444444444444,-0.3888888888888889,0.0,0.87,0.0,0.0,,0
44,-0.1944444444444444,-0.3888888888888889,0.0,0.88,0.0,0.0,,0
44,-0.1944444444444444,-0.3888888888888889,0.0,0.89,0.0,0.0,,0
44,-0.1944444444444444,-0.3888888888888889,0.0,0.9,0.0,0.0,,0
44,-0.1944444444444444,-0.3888888888888889,0.0,0.91,0.0,0.0,,0
44,-0.1944444444444444,-0.3888888888888889,0.0,0.92,0.0,0.0,,0
44,-0.1944444444444444,-0.3888888888888889,0.0,0.93,0.0,0.0,,0
44,-0.1944444444444444,-0.3888888888888889,0.0,0.94,0.0,0.0,,0
44,-0.1944444444444444,-0.3888888888888889,0.0,0.95,0.0,0.0,,0
44,-0.1944444444444444,-0.3888888888888889,0.0,0.96,0.0,0.0,,0
44,-0.1944444444444444,-0.3888888888888889,0.0,0.97,0.0,0.0,,0
44,-0.1944444444444444,-0.3888888888888889,0.0,0.98,0.0,0.0,,0
44,-0.1944444444444444,-0.3888888888888889,0.0,0.99,0.0,0.0,,0
44,-0.1944444444444444,-0.3888888888888889,0.0,1.0,0.0,0.0,,0
44,-0.1944444444444444,-0.3888888888888889,0.0,1.01,0.0,0.0,,0
44,-0.1944444444444444,-0.3888888888888889,0.0,1.02,0.0,0.0,,0
44,-0.1944444444444444,-0.3888888888888889,0.0,1.03,0.0,0.0,,0
44,-0.1944444444444444,-0.3888888888888889,0.0,1.04,0.0,0.0,,0
44,-0.1944444444444444,-0.3888888888888889,0.0,1.05,0.0,0.0,,0
44,-0.1944444444444444,-0.3888888888888889,0.0,1.06,0.0,0.0,,0
44,-0.1944444444444444,-0.3888888888888889,0.0,1.07,0.0,0.0,,0
44,-0.1944444444444444,-0.3888888888888889,0.0,1.08,0.0,0.0,,0
44,-0.1944444444444444,-0.3888888888888889,0.0,1.09,0.0,0.0,,0
44,-0.1944444444444444,-0.3888888888888889,0.0,1.1,0.0,0.0,,0
44,-0.1944444444444444,-0.3888888888888889,0.0,1.11,0.0,0.0,,0
44,-0.1944444444444444,-0.3888888888888889,0.0,1.12,0.0,0.0,,0
44,-0.1944444444444444,-0.3888888888888889,0.0,1.13,0.0,0.0,,0
44,-0.1944444444444444,-0.3888888888888889,0.0,1.14,0.0,0.0,,0
44,-0.1944444444444444,-0.3888888888888889,0.0,1.15,0.0,0.0,,0
44,-0.1944444444444444,-0.3888888888888889,0.0,1.16,0.0,0.0,,0
44,-0.1944444444444444,-0.3888888888888889,0.0,1.17,0.0,0.0,,0
44,-0.1944444444444444,-0.3888888888888889,0.0,1.18,0.0,0.0,,0
44,-0.1944444444444444,-0.3888888888888889,0.0,1.19,0.0,0.0,,0
44,-0.1944444444444444,-0.3888888888888889,0.0,1.2,0.0,0.0,,0
44,-0.1944444444444444,-0.3888888888888889,0.0,1.21,0.0,0.0,,0
44,-0.1944444444444444,-0.3888888888888889,0.0,1.22,0.0,0.0,,0
44,-0.1944444444444444,-0.3888888888888889,0.0,1.23,0.0,0.0,,0
44,-0.1944444444444444,-0.3888888888888889,0.0,1.24,0.0,0.0,,0
44,-0.1944444444444444,-0.3888888888888889,0.0,1.25,0.0,0.0,,0
44,-0.1944444444444444,-0.3888888888888889,0.0,1.26,0.0,0.0,,0
44,-0.1944444444444444,-0.3888888888888889,0.0,1.27,0.0,0.0,,0
44,-0.1944444444444444,-0.3888888888888889,0.0,1.28,0.0,0.0,,0
44,-0.1944444444444444,-0.3888888888888889,0.0,1.29,0.0,0.0,,0
44,-0.1944444444444444,-0.3888888888888889,0.0,1.3,0.0,0.0,,0
44,-0.1944444444444444,-0.3888888888888889,0.0,1.31,0.0,0.0,,0
44,-0.1944444444444444,-0.3888888888888889,0.0,1.32,0.0,0.0,,0
44,-0.1944444444444444,-0.3888888888888889,0.0,1.33,0.0,0.0,,0
44,-0.1944444444444444,-0.3888888888888889,0.0,1.34,0.0,0.0,,0
44,-0.1944444444444444,-0.3888888888888889,0.0,1.35,0.0,0.0,,0
44,-0.1944444444444444,-0.3888888888888889,0.0,1.36,0.0,0.0,,0
44,-0.1944444444444444,-0.3888888888888889,0.0,1.37,0.0,0.0,,0
44,-0.1944444444444444,-0.3888888888888889,0.0,1.38,0.0,0.0,,0
44,-0.1944444444444444,-0.3888888888888889,0.0,1.39,0.0,0.0,,0
44,-0.1944444444444444,-0.3888888888888889,0.0,1.4,0.0,0.0,,0
44,-0.1944444444444444,-0.3888888888888889,0.0,1.41,0.0,0.0,,0
44,-0.1944444444444444,-0.3888888888888889,0.0,1.42,0.0,0.0,,0
44,-0.1944444444444444,-0.3888888888888889,0.0,1.43,0.0,0.0,,0
44,-0.1944444444444444,-0.3888888888888889,0.0,1.44,0.0,0.0,,0
44,-0.1944444444444444,-0.3888888888888889,0.0,1.45,0.0,0.0,,0
44,-0.1944444444444444,-0.3888888888888889,0.0,1.46,0.0,0.0,,0
44,-0.1944444444444444,-0.3888888888888889,0.0,1.47,0.0,0.0,,0
44,-0.1944444444444444,-0.3888888888888889,0.0,1.48,0.0,0.0,,0
44,-0.1944444444444444,-0.3888888888888889,0.0,1.49,0.0,0.0,,0
44,-0.1944444444444444,-0.3888888888888889,0.0,1.5,0.0,0.0,,0
44,-0.1944444444444444,-0.3888888888888889,0.0,1.51,0.0,0.0,,0
44,-0.1944444444444444,-0.3888888888888889,0.0,1.52,0.0,0.0,,0
44,-0.1944444444444444,-0.3888888888888889,0.0,1.53,0.0,0.0,,0
44,-0.1944444444444444,-0.3888888888888889,0.0,1.54,0.0,0.0,,0
44,-0.1944444444444444,-0.3888888888888889,0.0,1.55,0.0,0.0,,0
44,-0.1944444444444444,-0.3888888888888889,0.0,1.56,0.0,0.0,,0
44,-0.1944444444444444,-0.3888888888888889,0.0,1.57,0.0,0.0,,0
44,-0.1944444444444444,-0.3888888888888889,0.0,1.58,0.0,0.0,,0
44,-0.1944444444444444,-0.3888888888888889,0.0,1.59,0.0,0.0,,0
44,-0.1944444444444444,-0.3888888888888889,0.0,1.6,0.0,0.0,,0
44,-0.1944444444444444,-0.3888888888888889,0.0,1.61,0.0,0.0,,0
44,-0.1944444444444444,-0.3888888888888889,0.0,1.62,0.0,0.0,,0
44,-0.1944444444444444,-0.3888888888888889,0.0,1.63,0.0,0.0,,0
44,-0.1944444444444444,-0.3888888888888889,0.0,1.64,0.0,0.0,,0
44,-0.1944444444444444,-0.3888888888888889,0.0,1.65,0.0,0.0,,0
44,-0.1944444444444444,-0.3888888888888889,0.0,1.66,0.0,0.0,,0
44,-0.1944444444444444,-0.3888888888888889,0.0,1.67,0.0,0.0,,0
44,-0.1944444444444444,-0.3888888888888889,0.0,1.68,0.0,0.0,,0
44,-0.1944444444444444,-0.3888888888888889,0.0,1.69,0.0,0.0,,0
44,-0.1944444444444444,-0.3888888888888889,0.0,1.7,0.0,0.0,,0
44,-0.1944444444444444,-0.3888888888888889,0.0,1.71,0.0,0.0,,0
44,-0.1944444444444444,-0.3888888888888889,0.0,1.72,0.0,0.0,,0
44,-0.1944444444444444,-0.3888888888888889,0.0,1.73,0.0,0.0,,0
44,-0.1944444444444444,-0.3888888888888889,0.0,1.74,0.0,0.0,,0
44,-0.1944444444444444,-0.3888888888888889,0.0,1.75,0.0,0.0,,0
44,-0.1944444444444444,-0.3888888888888889,0.0,1.76,0.0,0.0,,0
44,-0.1944444444444444,-0.3888888888888889,0.0,1.77,0.0,0.0,,0
44,-0.1944444444444444,-0.3888888888888889,0.0,1.78,0.0,0.0,,0
44,-0.1944444444444444,-0.3888888888888889,0.0,1.79,0.0,0.0,,0
44,-0.1944444444444444,-0.3888888888888889,0.0,1.8,0.0,0.0,,0
44,-0.1944444444444444,-0.3888888888888889,0.0,1.81,0.0,0.0,,0
44,-0.1944444444444444,-0.3888888888888889,0.0,1.82,0.0,0.0,,0
44,-0.1944444444444444,-0.3888888888888889,0.0,1.83,0.0,0.0,,0
44,-0.1944444444444444,-0.3888888888888889,0.0,1.84,0.0,0.0,,0
44,-0.1944444444444444,-0.3888888888888889,0.0,1.85,0.0,0.0,,0
44,-0.1944444444444444,-0.3888888888888889,0.0,1.86,0.0,0.0,,0
44,-0.1944444444444444,-0.3888888888888889,0.0,1.87,0.0,0.0,,0
44,-0.1944444444444444,-0.3888888888888889,0.0,1.88,0.0,0.0,,0
44,-0.1944444444444444,-0.3888888888888889,0.0,1.89,0.0,0.0,,0
44,-0.1944444444444444,-0.3888888888888889,0.0,1.9,0.0,0.0,,0
44,-0.1944444444444444,-0.3888888888888889,0.0,1.91,0.0,0.0,,0
44,-0.1944444444444444,-0.3888888888888889,0.0,1.92,0.0,0.0,,0
44,-0.1944444444444444,-0.3888888888888889,0.0,1.93,0.0,0.0,,0
44,-0.1944444444444444,-0.3888888888888889,0.0,1.94,0.0,0.0,,0
44,-0.1944444444444444,-0.3888888888888889,0.0,1.95,0.0,0.0,,0
44,-0.1944444444444444,-0.3888888888888889,0.0,1.96,0.0,0.0,,0
44,-0.1944444444444444,-0.3888888888888889,0.0,1.97,0.0,0.0,,0
44,-0.1944444444444444,-0.3888888888888889,0.0,1.98,0.0,0.0,,0
44,-0.1944444444444444,-0.3888888888888889,0.0,1.99,0.0,0.0,,0
44,-0.1944444444444444,-0.3888888888888889,0.0,2.0,0.0,0.0,,0
44,-0.1944444444444444,-0.3888888888888889,0.0,2.01,0.0,0.0,,0
44,-0.1944444444444444,-0.3888888888888889,0.0,2.02,0.0,0.0,,0
44,-0.1944444444444444,-0.3888888888888889,0.0,2.03,0.0,0.0,,0
44,-0.1944444444444444,-0.3888888888888889,0.0,2.04,0.0,0.0,,0
44,-0.1944444444444444,-0.3888888888888889,0.0,2.05,0.0,0.0,,0
44,-0.1944444444444444,-0.3888888888888889,0.0,2.06,0.0,0.0,,0
44,-0.1944444444444444,-0.3888888888888889,0.0,2.07,0.0,0.0,,0
44,-0.1944444444444444,-0.3888888888888889,0.0,2.08,0.0,0.0,,0
44,-0.1944444444444444,-0.3888888888888889,0.0,2.09,0.0,0.0,,0
44,-0.1944444444444444,-0.3888888888888889,0.0,2.1,0.0,0.0,,0
44,-0.1944444444444444,-0.3888888888888889,0.0,2.11,0.0,0.0,,0
44,-0.1944444444444444,-0.3888888888888889,0.0,2.12,0.0,0.0,,0
44,-0.1944444444444444,-0.3888888888888889,0.0,2.13,0.0,0.0,,0
44,-0.1944444444444444,-0.3888888888888889,0.0,2.14,0.0,0.0,,0
44,-0.1944444444444444,-0.3888888888888889,0.0,2.15,0.0,0.0,,0
44,-0.1944444444444444,-0.3888888888888889,0.0,2.16,0.0,0.0,,0
44,-0.1944444444444444,-0.3888888888888889,0.0,2.17,0.0,0.0,,0
44,-0.1944444444444444,-0.3888888888888889,0.0,2.18,0.0001,0.0001,0.0,1
44,-0.1944444444444444,-0.3888888888888889,0.0,2.19,0.0002,0.0002,0.0,1
44,-0.1944444444444444,-0.3888888888888889,0.0,2.2,0.0003,0.0003,0.0,1
44,-0.1944444444444444,-0.3888888888888889,0.0,2.21,0.0005,0.0005,0.0,1
44,-0.1944444444444444,-0.3888888888888889,0.0,2.22,0.0008,0.0008,0.0,1
44,-0.1944444444444444,-0.3888888888888889,0.0,2.23,0.0011,0.0011,0.0,1
44,-0.1944444444444444,-0.3888888888888889,0.0,2.24,0.0017,0.0017,0.0,1
44,-0.1944444444444444,-0.3888888888888889,0.0,2.25,0.0024,0.0024,0.0,1
44,-0.1944444444444444,-0.3888888888888889,0.0,2.26,0.0032,0.0032,0.0,1
44,-0.1944444444444444,-0.3888888888888889,0.0,2.27,0.0042,0.0042,0.0,1
44,-0.1944444444444444,-0.3888888888888889,0.0,2.28,0.0053,0.0053,0.0,1
44,-0.1944444444444444,-0.3888888888888889,0.0,2.29,0.0065,0.0065,0.0,1
44,-0.1944444444444444,-0.3888888888888889,0.0,2.3,0.0076,0.0076,0.0,1
44,-0.1944444444444444,-0.3888888888888889,0.0,2.31,0.0085,0.0085,0.0,1
44,-0.1944444444444444,-0.3888888888888889,0.0,2.32,0.0093,0.0093,0.0,1
44,-0.1944444444444444,-0.3888888888888889,0.0,2.33,0.0098,0.0098,0.0,1
44,-0.1944444444444444,-0.3888888888888889,0.0,2.34,0.01,0.01,0.0,1
44,-0.1944444444444444,-0.3888888888888889,0.0,2.35,0.0101,0.0101,0.0,1
44,-0.1944444444444444,-0.3888888888888889,0.0,2.36,0.0099,0.0099,0.0,1
44,-0.1944444444444444,-0.3888888888888889,0.0,2.37,0.0096,0.0096,0.0,1
44,-0.1944444444444444,-0.3888888888888889,0.0,2.38,0.0092,0.0092,0.0,1
44,-0.1944444444444444,-0.3888888888888889,0.0,2.39,0.0088,0.0088,0.0,1
44,-0.1944444444444444,-0.3888888888888889,0.0,2.4,0.0083,0.0083,0.0,1
44,-0.1944444444444444,-0.3888888888888889,0.0,2.41,0.0079,0.0079,0.0,1
44,-0.1944444444444444,-0.3888888888888889,0.0,2.42,0.0074,0.0074,0.0,1
44,-0.1944444444444444,-0.3888888888888889,0.0,2.43,0.0068,0.0068,0.0,1
44,-0.1944444444444444,-0.3888888888888889,0.0,2.44,0.0062,0.0062,0.0,1
44,-0.1944444444444444,-0.3888888888888889,0.0,2.45,0.0055,0.0055,0.0,1
44,-0.1944444444444444,-0.3888888888888889,0.0,2.46,0.0047,0.0047,0.0,1
44,-0.1944444444444444,-0.3888888888888889,0.0,2.47,0.0039,0.0039,0.0,1
44,-0.1944444444444444,-0.3888888888888889,0.0,2.48,0.0032,0.0032,0.0,1
44,-0.1944444444444444,-0.3888888888888889,0.0,2.49,0.0025,0.0025,0.0,1
44,-0.1944444444444444,-0.3888888888888889,0.0,2.5,0.0019,0.0019,0.0,1
44,-0.1944444444444444,-0.3888888888888889,0.0,2.51,0.0013,0.0013,0.0,1
44,-0.1944444444444444,-0.3888888888888889,0.0,2.52,0.0009,0.0009,0.0,1
44,-0.1944444444444444,-0.3888888888888889,0.0,2.53,0.0006,0.0006,0.0,1
44,-0.1944444444444444,-0.3888888888888889,0.0,2.54,0.0004,0.0004,0.0,1
44,-0.1944444444444444,-0.3888888888888889,0.0,2.55,0.0003,0.0003,0.0,1
44,-0.1944444444444444,-0.3888888888888889,0.0,2.56,0.0001,0.0001,0.0,1
44,-0.1944444444444444,-0.3888888888888889,0.0,2.57,0.0001,0.0001,0.0,1
44,-0.1944444444444444,-0.3888888888888889,0.0,2.58,0.0,0.0,,0
44,-0.1944444444444444,-0.3888888888888889,0.0,2.59,0.0,0.0,,0
44,-0.1944444444444444,-0.3888888888888889,0.0,2.6,0.0,0.0,,0
44,-0.1944444444444444,-0.3888888888888889,0.0,2.61,0.0,0.0,,0
44,-0.1944444444444444,-0.3888888888888889,0.0,2.62,0.0,0.0,,0
44,-0.1944444444444444,-0.3888888888888889,0.0,2.63,0.0,0.0,,0
44,-0.1944444444444444,-0.3888888888888889,0.0,2.64,0.0001,0.0001,0.0,1
44,-0.1944444444444444,-0.3888888888888889,0.0,2.65,0.0001,0.0001,0.0,1
44,-0.1944444444444444,-0.3888888888888889,0.0,2.66,0.0002,0.0002,0.0,1
44,-0.1944444444444444,-0.3888888888888889,0.0,2.67,0.0003,0.0003,0.0,1
44,-0.1944444444444444,-0.3888888888888889,0.0,2.68,0.0005,0.0005,0.0,1
44,-0.1944444444444444,-0.3888888888888889,0.0,2.69,0.0008,0.0008,0.0,1
44,-0.1944444444444444,-0.3888888888888889,0.0,2.7,0.0011,0.0011,0.0,1
44,-0.1944444444444444,-0.3888888888888889,0.0,2.71,0.0015,0.0015,0.0,1
44,-0.1944444444444444,-0.3888888888888889,0.0,2.72,0.0019,0.0019,0.0,1
44,-0.1944444444444444,-0.3888888888888889,0.0,2.73,0.0024,0.0024,0.0,1
44,-0.1944444444444444,-0.3888888888888889,0.0,2.74,0.003,0.003,0.0,1
44,-0.1944444444444444,-0.3888888888888889,0.0,2.75,0.0035,0.0035,0.0,1
44,-0.1944444444444444,-0.3888888888888889,0.0,2.76,0.0041,0.0041,0.0,1
44,-0.1944444444444444,-0.3888888888888889,0.0,2.77,0.0045,0.0045,0.0,1
44,-0.1944444444444444,-0.3888888888888889,0.0,2.78,0.005,0.005,0.0,1
44,-0.1944444444444444,-0.3888888888888889,0.0,2.79,0.0053,0.0053,0.0,1
44,-0.1944444444444444,-0.3888888888888889,0.0,2.8,0.0057,0.0057,0.0,1
44,-0.1944444444444444,-0.3888888888888889,0.0,2.81,0.006,0.006,0.0,1
44,-0.1944444444444444,-0.3888888888888889,0.0,2.82,0.0063,0.0063,0.0,1
44,-0.1944444444444444,-0.3888888888888889,0.0,2.83,0.0066,0.0066,0.0,1
44,-0.1944444444444444,-0.3888888888888889,0.0,2.84,0.0069,0.0069,0.0,1
44,-0.1944444444444444,-0.3888888888888889,0.0,2.85,0.0071,0.0071,0.0,1
44,-0.1944444444444444,-0.3888888888888889,0.0,2.86,0.0072,0.0072,0.0,1
44,-0.1944444444444444,-0.3888888888888889,0.0,2.87,0.0072,0.0072,0.0,1
44,-0.1944444444444444,-0.3888888888888889,0.0,2.88,0.007,0.007,0.0,1
44,-0.1944444444444444,-0.3888888888888889,0.0,2.89,0.0067,0.0067,0.0,1
44,-0.1944444444444444,-0.3888888888888889,0.0,2.9,0.0061,0.0061,0.0,1
44,-0.1944444444444444,-0.3888888888888889,0.0,2.91,0.0055,0.0055,0.0,1
44,-0.1944444444444444,-0.3888888888888889,0.0,2.92,0.0048,0.0048,0.0,1
44,-0.1944444444444444,-0.3888888888888889,0.0,2.93,0.004,0.004,0.0,1
44,-0.1944444444444444,-0.3888888888888889,0.0,2.94,0.0033,0.0033,0.0,1
44,-0.1944444444444444,-0.3888888888888889,0.0,2.95,0.0026,0.0026,0.0,1
44,-0.1944444444444444,-0.3888888888888889,0.0,2.96,0.002,0.002,0.0,1
44,-0.1944444444444444,-0.3888888888888889,0.0,2.97,0.0015,0.0015,0.0,1
44,-0.1944444444444444,-0.3888888888888889,0.0,2.98,0.0011,0.0011,0.0,1
44,-0.1944444444444444,-0.3888888888888889,0.0,2.99,0.0008,0.0008,0.0,1
44,-0.1944444444444444,-0.3888888888888889,0.0,3.0,0.0005,0.0005,0.0,1
44,-0.1944444444444444,-0.3888888888888889,0.0,3.01,0.0003,0.0003,0.0,1
44,-0.1944444444444444,-0.3888888888888889,0.0,3.02,0.0002,0.0002,0.0,1
44,-0.1944444444444444,-0.3888888888888889,0.0,3.03,0.0001,0.0001,0.0,1
44,-0.1944444444444444,-0.3888888888888889,0.0,3.04,0.0001,0.0001,0.0,1
44,-0.1944444444444444,-0.3888888888888889,0.0,3.05,0.0001,0.0001,0.0,1
44,-0.1944444444444444,-0.3888888888888889,0.0,3.06,0.0,0.0,,0
44,-0.1944444444444444,-0.3888888888888889,0.0,3.07,0.0,0.0,,0
44,-0.1944444444444444,-0.3888888888888889,0.0,3.08,0.0,0.0,,0
44,-0.1944444444444444,-0.3888888888888889,0.0,3.09,0.0,0.0,,0
44,-0.1944444444444444,-0.3888888888888889,0.0,3.1,0.0,0.0,,0
44,-0.1944444444444444,-0.3888888888888889,0.0,3.11,0.0,0.0,,0
44,-0.1944444444444444,-0.3888888888888889,0.0,3.12,0.0,0.0,,0
44,-0.1944444444444444,-0.3888888888888889,0.0,3.13,0.0,0.0,,0
44,-0.1944444444444444,-0.3888888888888889,0.0,3.14,0.0,0.0,,0
44,-0.1944444444444444,-0.3888888888888889,0.0,3.15,0.0,0.0,,0
44,-0.1944444444444444,-0.3888888888888889,0.0,3.16,0.0,0.0,,0
44,-0.1944444444444444,-0.3888888888888889,0.0,3.17,0.0,0.0,,0
44,-0.1944444444444444,-0.3888888888888889,0.0,3.18,0.0,0.0,,0
44,-0.1944444444444444,-0.3888888888888889,0.0,3.19,0.0,0.0,,0
44,-0.1944444444444444,-0.3888888888888889,0.0,3.2,0.0,0.0,,0
44,-0.1944444444444444,-0.3888888888888889,0.0,3.21,0.0,0.0,,0
44,-0.1944444444444444,-0.3888888888888889,0.0,3.22,0.0001,0.0001,0.0,1
44,-0.1944444444444444,-0.3888888888888889,0.0,3.23,0.0001,0.0001,0.0,1
44,-0.1944444444444444,-0.3888888888888889,0.0,3.24,0.0002,0.0002,0.0,1
44,-0.1944444444444444,-0.3888888888888889,0.0,3.25,0.0002,0.0002,0.0,1
44,-0.1944444444444444,-0.3888888888888889,0.0,3.26,0.0003,0.0003,0.0,1
44,-0.1944444444444444,-0.3888888888888889,0.0,3.27,0.0004,0.0004,0.0,1
44,-0.1944444444444444,-0.3888888888888889,0.0,3.28,0.0005,0.0005,0.0,1
44,-0.1944444444444444,-0.3888888888888889,0.0,3.29,0.0007,0.0007,0.0,1
44,-0.1944444444444444,-0.3888888888888889,0.0,3.3,0.0008,0.0008,0.0,1
44,-0.1944444444444444,-0.3888888888888889,0.0,3.31,0.0009,0.0009,0.0,1
44,-0.1944444444444444,-0.3888888888888889,0.0,3.32,0.001,0.001,0.0,1
44,-0.1944444444444444,-0.3888888888888889,0.0,3.33,0.0011,0.0011,0.0,1
44,-0.1944444444444444,-0.3888888888888889,0.0,3.34,0.0011,0.0011,0.0,1
44,-0.1944444444444444,-0.3888888888888889,0.0,3.35,0.0011,0.0011,0.0,1
44,-0.1944444444444444,-0.3888888888888889,0.0,3.36,0.0011,0.0011,0.0,1
44,-0.1944444444444444,-0.3888888888888889,0.0,3.37,0.001,0.001,0.0,1
44,-0.1944444444444444,-0.3888888888888889,0.0,3.38,0.0009,0.0009,0.0,1
44,-0.1944444444444444,-0.3888888888888889,0.0,3.39,0.0008,0.0008,0.0,1
44,-0.1944444444444444,-0.3888888888888889,0.0,3.4,0.0007,0.0007,0.0,1
44,-0.1944444444444444,-0.3888888888888889,0.0,3.41,0.0006,0.0006,0.0,1
44,-0.1944444444444444,-0.3888888888888889,0.0,3.42,0.0004,0.0004,0.0,1
44,-0.1944444444444444,-0.3888888888888889,0.0,3.43,0.0003,0.0003,0.0,1
44,-0.1944444444444444,-0.3888888888888889,0.0,3.44,0.0003,0.0003,0.0,1
44,-0.1944444444444444,-0.3888888888888889,0.0,3.45,0.0002,0.0002,0.0,1
44,-0.1944444444444444,-0.3888888888888889,0.0,3.46,0.0001,0.0001,0.0,1
44,-0.1944444444444444,-0.3888888888888889,0.0,3.47,0.0001,0.0001,0.0,1
44,-0.1944444444444444,-0.3888888888888889,0.0,3.48,0.0001,0.0001,0.0,1
44,-0.1944444444444444,-0.3888888888888889,0.0,3.49,0.0,0.0,,0
44,-0.1944444444444444,-0.3888888888888889,0.0,3.5,0.0,0.0,,0
44,-0.1944444444444444,-0.3888888888888889,0.0,3.51,0.0,0.0,,0
44,-0.1944444444444444,-0.3888888888888889,0.0,3.52,0.0,0.0,,0
44,-0.1944444444444444,-0.3888888888888889,0.0,3.53,0.0,0.0,,0
44,-0.1944444444444444,-0.3888888888888889,0.0,3.54,0.0,0.0,,0
44,-0.1944444444444444,-0.3888888888888889,0.0,3.55,0.0,0.0,,0
44,-0.1944444444444444,-0.3888888888888889,0.0,3.56,0.0,0.0,,0
44,-0.1944444444444444,-0.3888888888888889,0.0,3.57,0.0,0.0,,0
44,-0.1944444444444444,-0.3888888888888889,0.0,3.58,0.0,0.0,,0
44,-0.1944444444444444,-0.3888888888888889,0.0,3.59,0.0,0.0,,0
44,-0.1944444444444444,-0.3888888888888889,0.0,3.6,0.0,0.0,,0
44,-0.1944444444444444,-0.3888888888888889,0.0,3.61,0.0,0.0,,0
44,-0.1944444444444444,-0.3888888888888889,0.0,3.62,0.0001,0.0001,0.0,1
44,-0.1944444444444444,-0.3888888888888889,0.0,3.63,0.0001,0.0001,0.0,1
44,-0.1944444444444444,-0.3888888888888889,0.0,3.64,0.0001,0.0001,0.0,1
44,-0.1944444444444444,-0.3888888888888889,0.0,3.65,0.0002,0.0002,0.0,1
44,-0.1944444444444444,-0.3888888888888889,0.0,3.66,0.0003,0.0003,0.0,1
44,-0.1944444444444444,-0.3888888888888889,0.0,3.67,0.0003,0.0003,0.0,1
44,-0.1944444444444444,-0.3888888888888889,0.0,3.68,0.0004,0.0004,0.0,1
44,-0.1944444444444444,-0.3888888888888889,0.0,3.69,0.0005,0.0005,0.0,1
44,-0.1944444444444444,-0.3888888888888889,0.0,3.7,0.0006,0.0006,0.0,1
44,-0.1944444444444444,-0.3888888888888889,0.0,3.71,0.0007,0.0007,0.0,1
44,-0.1944444444444444,-0.3888888888888889,0.0,3.72,0.0008,0.0008,0.0,1
44,-0.1944444444444444,-0.3888888888888889,0.0,3.73,0.0008,0.0008,0.0,1
44,-0.1944444444444444,-0.3888888888888889,0.0,3.74,0.0009,0.0009,0.0,1
44,-0.1944444444444444,-0.3888888888888889,0.0,3.75,0.0009,0.0009,0.0,1
44,-0.1944444444444444,-0.3888888888888889,0.0,3.76,0.0009,0.0009,0.0,1
44,-0.1944444444444444,-0.3888888888888889,0.0,3.77,0.0009,0.0009,0.0,1
44,-0.1944444444444444,-0.3888888888888889,0.0,3.78,0.0009,0.0009,0.0,1
44,-0.1944444444444444,-0.3888888888888889,0.0,3.79,0.0008,0.0008,0.0,1
44,-0.1944444444444444,-0.3888888888888889,0.0,3.8,0.0008,0.0008,0.0,1
44,-0.1944444444444444,-0.3888888888888889,0.0,3.81,0.0007,0.0007,0.0,1
44,-0.1944444444444444,-0.3888888888888889,0.0,3.82,0.0006,0.0006,0.0,1
44,-0.1944444444444444,-0.3888888888888889,0.0,3.83,0.0005,0.0005,0.0,1
44,-0.1944444444444444,-0.3888888888888889,0.0,3.84,0.0004,0.0004,0.0,1
44,-0.1944444444444444,-0.3888888888888889,0.0,3.85,0.0003,0.0003,0.0,1
44,-0.1944444444444444,-0.3888888888888889,0.0,3.86,0.0002,0.0002,0.0,1
44,-0.1944444444444444,-0.3888888888888889,0.0,3.87,0.0001,0.0001,0.0,1
44,-0.1944444444444444,-0.3888888888888889,0.0,3.88,0.0001,0.0001,0.0,1
44,-0.1944444444444444,-0.3888888888888889,0.0,3.89,0.0001,0.0001,0.0,1
44,-0.1944444444444444,-0.3888888888888889,0.0,3.9,0.0,0.0,,0
44,-0.1944444444444444,-0.3888888888888889,0.0,3.91,0.0,0.0,,0
44,-0.1944444444444444,-0.3888888888888889,0.0,3.92,0.0,0.0,,0
44,-0.1944444444444444,-0.3888888888888889,0.0,3.93,0.0,0.0,,0
44,-0.1944444444444444,-0.3888888888888889,0.0,3.94,0.0,0.0,,0
44,-0.1944444444444444,-0.3888888888888889,0.0,3.95,0.0,0.0,,0
44,-0.1944444444444444,-0.3888888888888889,0.0,3.96,0.0,0.0,,0
44,-0.1944444444444444,-0.3888888888888889,0.0,3.97,0.0,0.0,,0
44,-0.1944444444444444,-0.3888888888888889,0.0,3.98,0.0,0.0,,0
44,-0.1944444444444444,-0.3888888888888889,0.0,3.99,0.0,0.0,,0
44,-0.1944444444444444,-0.3888888888888889,0.0,4.0,0.0,0.0,,0
45,-0.2222222222222222,-0.4444444444444444,0.0,0.5,0.0,0.0,,0
45,-0.2222222222222222,-0.4444444444444444,0.0,0.51,0.0,0.0,,0
45,-0.2222222222222222,-0.4444444444444444,0.0,0.52,0.0,0.0,,0
45,-0.2222222222222222,-0.4444444444444444,0.0,0.53,0.0,0.0,,0
45,-0.2222222222222222,-0.4444444444444444,0.0,0.54,0.0,0.0,,0
45,-0.2222222222222222,-0.4444444444444444,0.0,0.55,0.0,0.0,,0
45,-0.2222222222222222,-0.4444444444444444,0.0,0.56,0.0,0.0,,0
45,-0.2222222222222222,-0.4444444444444444,0.0,0.57,0.0,0.0,,0
45,-0.2222222222222222,-0.4444444444444444,0.0,0.58,0.0,0.0,,0
45,-0.2222222222222222,-0.4444444444444444,0.0,0.59,0.0,0.0,,0
45,-0.2222222222222222,-0.4444444444444444,0.0,0.6,0.0,0.0,,0
45,-0.2222222222222222,-0.4444444444444444,0.0,0.61,0.0,0.0,,0
45,-0.2222222222222222,-0.4444444444444444,0.0,0.62,0.0,0.0,,0
45,-0.2222222222222222,-0.4444444444444444,0.0,0.63,0.0,0.0,,0
45,-0.2222222222222222,-0.4444444444444444,0.0,0.64,0.0,0.0,,0
45,-0.2222222222222222,-0.4444444444444444,0.0,0.65,0.0,0.0,,0
45,-0.2222222222222222,-0.4444444444444444,0.0,0.66,0.0,0.0,,0
45,-0.2222222222222222,-0.4444444444444444,0.0,0.67,0.0,0.0,,0
45,-0.2222222222222222,-0.4444444444444444,0.0,0.68,0.0,0.0,,0
45,-0.2222222222222222,-0.4444444444444444,0.0,0.69,0.0,0.0,,0
45,-0.2222222222222222,-0.4444444444444444,0.0,0.7,0.0,0.0,,0
45,-0.2222222222222222,-0.4444444444444444,0.0,0.71,0.0,0.0,,0
45,-0.2222222222222222,-0.4444444444444444,0.0,0.72,0.0,0.0,,0
45,-0.2222222222222222,-0.4444444444444444,0.0,0.73,0.0,0.0,,0
45,-0.2222222222222222,-0.4444444444444444,0.0,0.74,0.0,0.0,,0
45,-0.2222222222222222,-0.4444444444444444,0.0,0.75,0.0,0.0,,0
45,-0.2222222222222222,-0.4444444444444444,0.0,0.76,0.0,0.0,,0
45,-0.2222222222222222,-0.4444444444444444,0.0,0.77,0.0,0.0,,0
45,-0.2222222222222222,-0.4444444444444444,0.0,0.78,0.0,0.0,,0
45,-0.2222222222222222,-0.4444444444444444,0.0,0.79,0.0,0.0,,0
45,-0.2222222222222222,-0.4444444444444444,0.0,0.8,0.0,0.0,,0
45,-0.2222222222222222,-0.4444444444444444,0.0,0.81,0.0,0.0,,0
45,-0.2222222222222222,-0.4444444444444444,0.0,0.82,0.0,0.0,,0
45,-0.2222222222222222,-0.4444444444444444,0.0,0.83,0.0,0.0,,0
45,-0.2222222222222222,-0.4444444444444444,0.0,0.84,0.0,0.0,,0
45,-0.2222222222222222,-0.4444444444444444,0.0,0.85,0.0,0.0,,0
45,-0.2222222222222222,-0.4444444444444444,0.0,0.86,0.0,0.0,,0
45,-0.2222222222222222,-0.4444444444444444,0.0,0.87,0.0,0.0,,0
45,-0.2222222222222222,-0.4444444444444444,0.0,0.88,0.0,0.0,,0
45,-0.2222222222222222,-0.4444444444444444,0.0,0.89,0.0,0.0,,0
45,-0.2222222222222222,-0.4444444444444444,0.0,0.9,0.0,0.0,,0
45,-0.2222222222222222,-0.4444444444444444,0.0,0.91,0.0,0.0,,0
45,-0.2222222222222222,-0.4444444444444444,0.0,0.92,0.0,0.0,,0
45,-0.2222222222222222,-0.4444444444444444,0.0,0.93,0.0,0.0,,0
45,-0.2222222222222222,-0.4444444444444444,0.0,0.94,0.0,0.0,,0
45,-0.2222222222222222,-0.4444444444444444,0.0,0.95,0.0,0.0,,0
45,-0.2222222222222222,-0.4444444444444444,0.0,0.96,0.0,0.0,,0
45,-0.2222222222222222,-0.4444444444444444,0.0,0.97,0.0,0.0,,0
45,-0.2222222222222222,-0.4444444444444444,0.0,0.98,0.0,0.0,,0
45,-0.2222222222222222,-0.4444444444444444,0.0,0.99,0.0,0.0,,0
45,-0.2222222222222222,-0.4444444444444444,0.0,1.0,0.0,0.0,,0
45,-0.2222222222222222,-0.4444444444444444,0.0,1.01,0.0,0.0,,0
45,-0.2222222222222222,-0.4444444444444444,0.0,1.02,0.0,0.0,,0
45,-0.2222222222222222,-0.4444444444444444,0.0,1.03,0.0,0.0,,0
45,-0.2222222222222222,-0.4444444444444444,0.0,1.04,0.0,0.0,,0
45,-0.2222222222222222,-0.4444444444444444,0.0,1.05,0.0,0.0,,0
45,-0.2222222222222222,-0.4444444444444444,0.0,1.06,0.0,0.0,,0
45,-0.2222222222222222,-0.4444444444444444,0.0,1.07,0.0,0.0,,0
45,-0.2222222222222222,-0.4444444444444444,0.0,1.08,0.0,0.0,,0
45,-0.2222222222222222,-0.4444444444444444,0.0,1.09,0.0,0.0,,0
45,-0.2222222222222222,-0.4444444444444444,0.0,1.1,0.0,0.0,,0
45,-0.2222222222222222,-0.4444444444444444,0.0,1.11,0.0,0.0,,0
45,-0.2222222222222222,-0.4444444444444444,0.0,1.12,0.0,0.0,,0
45,-0.2222222222222222,-0.4444444444444444,0.0,1.13,0.0,0.0,,0
45,-0.2222222222222222,-0.4444444444444444,0.0,1.14,0.0,0.0,,0
45,-0.2222222222222222,-0.4444444444444444,0.0,1.15,0.0,0.0,,0
45,-0.2222222222222222,-0.4444444444444444,0.0,1.16,0.0,0.0,,0
45,-0.2222222222222222,-0.4444444444444444,0.0,1.17,0.0,0.0,,0
45,-0.2222222222222222,-0.4444444444444444,0.0,1.18,0.0,0.0,,0
45,-0.2222222222222222,-0.4444444444444444,0.0,1.19,0.0,0.0,,0
45,-0.2222222222222222,-0.4444444444444444,0.0,1.2,0.0,0.0,,0
45,-0.2222222222222222,-0.4444444444444444,0.0,1.21,0.0,0.0,,0
45,-0.2222222222222222,-0.4444444444444444,0.0,1.22,0.0,0.0,,0
45,-0.2222222222222222,-0.4444444444444444,0.0,1.23,0.0,0.0,,0
45,-0.2222222222222222,-0.4444444444444444,0.0,1.24,0.0,0.0,,0
45,-0.2222222222222222,-0.4444444444444444,0.0,1.25,0.0,0.0,,0
45,-0.2222222222222222,-0.4444444444444444,0.0,1.26,0.0,0.0,,0
45,-0.2222222222222222,-0.4444444444444444,0.0,1.27,0.0,0.0,,0
45,-0.2222222222222222,-0.4444444444444444,0.0,1.28,0.0,0.0,,0
45,-0.2222222222222222,-0.4444444444444444,0.0,1.29,0.0,0.0,,0
45,-0.2222222222222222,-0.4444444444444444,0.0,1.3,0.0,0.0,,0
45,-0.2222222222222222,-0.4444444444444444,0.0,1.31,0.0,0.0,,0
45,-0.2222222222222222,-0.4444444444444444,0.0,1.32,0.0,0.0,,0
45,-0.2222222222222222,-0.4444444444444444,0.0,1.33,0.0,0.0,,0
45,-0.2222222222222222,-0.4444444444444444,0.0,1.34,0.0,0.0,,0
45,-0.2222222222222222,-0.4444444444444444,0.0,1.35,0.0,0.0,,0
45,-0.2222222222222222,-0.4444444444444444,0.0,1.36,0.0,0.0,,0
45,-0.2222222222222222,-0.4444444444444444,0.0,1.37,0.0,0.0,,0
45,-0.2222222222222222,-0.4444444444444444,0.0,1.38,0.0,0.0,,0
45,-0.2222222222222222,-0.4444444444444444,0.0,1.39,0.0,0.0,,0
45,-0.2222222222222222,-0.4444444444444444,0.0,1.4,0.0,0.0,,0
45,-0.2222222222222222,-0.4444444444444444,0.0,1.41,0.0,0.0,,0
45,-0.2222222222222222,-0.4444444444444444,0.0,1.42,0.0,0.0,,0
45,-0.2222222222222222,-0.4444444444444444,0.0,1.43,0.0,0.0,,0
45,-0.2222222222222222,-0.4444444444444444,0.0,1.44,0.0,0.0,,0
45,-0.2222222222222222,-0.4444444444444444,0.0,1.45,0.0,0.0,,0
45,-0.2222222222222222,-0.4444444444444444,0.0,1.46,0.0,0.0,,0
45,-0.2222222222222222,-0.4444444444444444,0.0,1.47,0.0,0.0,,0
45,-0.2222222222222222,-0.4444444444444444,0.0,1.48,0.0,0.0,,0
45,-0.2222222222222222,-0.4444444444444444,0.0,1.49,0.0,0.0,,0
45,-0.2222222222222222,-0.4444444444444444,0.0,1.5,0.0,0.0,,0
45,-0.2222222222222222,-0.4444444444444444,0.0,1.51,0.0,0.0,,0
45,-0.2222222222222222,-0.4444444444444444,0.0,1.52,0.0,0.0,,0
45,-0.2222222222222222,-0.4444444444444444,0.0,1.53,0.0,0.0,,0
45,-0.2222222222222222,-0.4444444444444444,0.0,1.54,0.0,0.0,,0
45,-0.2222222222222222,-0.4444444444444444,0.0,1.55,0.0,0.0,,0
45,-0.2222222222222222,-0.4444444444444444,0.0,1.56,0.0,0.0,,0
45,-0.2222222222222222,-0.4444444444444444,0.0,1.57,0.0,0.0,,0
45,-0.2222222222222222,-0.4444444444444444,0.0,1.58,0.0,0.0,,0
45,-0.2222222222222222,-0.4444444444444444,0.0,1.59,0.0,0.0,,0
45,-0.2222222222222222,-0.4444444444444444,0.0,1.6,0.0,0.0,,0
45,-0.2222222222222222,-0.4444444444444444,0.0,1.61,0.0,0.0,,0
45,-0.2222222222222222,-0.4444444444444444,0.0,1.62,0.0,0.0,,0
45,-0.2222222222222222,-0.4444444444444444,0.0,1.63,0.0,0.0,,0
45,-0.2222222222222222,-0.4444444444444444,0.0,1.64,0.0,0.0,,0
45,-0.2222222222222222,-0.4444444444444444,0.0,1.65,0.0,0.0,,0
45,-0.2222222222222222,-0.4444444444444444,0.0,1.66,0.0,0.0,,0
45,-0.2222222222222222,-0.4444444444444444,0.0,1.67,0.0,0.0,,0
45,-0.2222222222222222,-0.4444444444444444,0.0,1.68,0.0,0.0,,0
45,-0.2222222222222222,-0.4444444444444444,0.0,1.69,0.0,0.0,,0
45,-0.2222222222222222,-0.4444444444444444,0.0,1.7,0.0,0.0,,0
45,-0.2222222222222222,-0.4444444444444444,0.0,1.71,0.0,0.0,,0
45,-0.2222222222222222,-0.4444444444444444,0.0,1.72,0.0,0.0,,0
45,-0.2222222222222222,-0.4444444444444444,0.0,1.73,0.0,0.0,,0
45,-0.2222222222222222,-0.4444444444444444,0.0,1.74,0.0,0.0,,0
45,-0.2222222222222222,-0.4444444444444444,0.0,1.75,0.0,0.0,,0
45,-0.2222222222222222,-0.4444444444444444,0.0,1.76,0.0,0.0,,0
45,-0.2222222222222222,-0.4444444444444444,0.0,1.77,0.0,0.0,,0
45,-0.2222222222222222,-0.4444444444444444,0.0,1.78,0.0,0.0,,0
45,-0.2222222222222222,-0.4444444444444444,0.0,1.79,0.0,0.0,,0
45,-0.2222222222222222,-0.4444444444444444,0.0,1.8,0.0,0.0,,0
45,-0.2222222222222222,-0.4444444444444444,0.0,1.81,0.0,0.0,,0
45,-0.2222222222222222,-0.4444444444444444,0.0,1.82,0.0,0.0,,0
45,-0.2222222222222222,-0.4444444444444444,0.0,1.83,0.0,0.0,,0
45,-0.2222222222222222,-0.4444444444444444,0.0,1.84,0.0,0.0,,0
45,-0.2222222222222222,-0.4444444444444444,0.0,1.85,0.0,0.0,,0
45,-0.2222222222222222,-0.4444444444444444,0.0,1.86,0.0,0.0,,0
45,-0.2222222222222222,-0.4444444444444444,0.0,1.87,0.0,0.0,,0
45,-0.2222222222222222,-0.4444444444444444,0.0,1.88,0.0,0.0,,0
45,-0.2222222222222222,-0.4444444444444444,0.0,1.89,0.0,0.0,,0
45,-0.2222222222222222,-0.4444444444444444,0.0,1.9,0.0,0.0,,0
45,-0.2222222222222222,-0.4444444444444444,0.0,1.91,0.0,0.0,,0
45,-0.2222222222222222,-0.4444444444444444,0.0,1.92,0.0,0.0,,0
45,-0.2222222222222222,-0.4444444444444444,0.0,1.93,0.0,0.0,,0
45,-0.2222222222222222,-0.4444444444444444,0.0,1.94,0.0,0.0,,0
45,-0.2222222222222222,-0.4444444444444444,0.0,1.95,0.0,0.0,,0
45,-0.2222222222222222,-0.4444444444444444,0.0,1.96,0.0,0.0,,0
45,-0.2222222222222222,-0.4444444444444444,0.0,1.97,0.0,0.0,,0
45,-0.2222222222222222,-0.4444444444444444,0.0,1.98,0.0,0.0,,0
45,-0.2222222222222222,-0.4444444444444444,0.0,1.99,0.0,0.0,,0
45,-0.2222222222222222,-0.4444444444444444,0.0,2.0,0.0,0.0,,0
45,-0.2222222222222222,-0.4444444444444444,0.0,2.01,0.0,0.0,,0
45,-0.2222222222222222,-0.4444444444444444,0.0,2.02,0.0,0.0,,0
45,-0.2222222222222222,-0.4444444444444444,0.0,2.03,0.0,0.0,,0
45,-0.2222222222222222,-0.4444444444444444,0.0,2.04,0.0,0.0,,0
45,-0.2222222222222222,-0.4444444444444444,0.0,2.05,0.0,0.0,,0
45,-0.2222222222222222,-0.4444444444444444,0.0,2.06,0.0,0.0,,0
45,-0.2222222222222222,-0.4444444444444444,0.0,2.07,0.0,0.0,,0
45,-0.2222222222222222,-0.4444444444444444,0.0,2.08,0.0,0.0,,0
45,-0.2222222222222222,-0.4444444444444444,0.0,2.09,0.0,0.0,,0
45,-0.2222222222222222,-0.4444444444444444,0.0,2.1,0.0,0.0,,0
45,-0.2222222222222222,-0.4444444444444444,0.0,2.11,0.0,0.0,,0
45,-0.2222222222222222,-0.4444444444444444,0.0,2.12,0.0,0.0,,0
45,-0.2222222222222222,-0.4444444444444444,0.0,2.13,0.0,0.0,,0
45,-0.2222222222222222,-0.4444444444444444,0.0,2.14,0.0,0.0,,0
45,-0.2222222222222222,-0.4444444444444444,0.0,2.15,0.0,0.0,,0
45,-0.2222222222222222,-0.4444444444444444,0.0,2.16,0.0,0.0,,0
45,-0.2222222222222222,-0.4444444444444444,0.0,2.17,0.0,0.0,,0
45,-0.2222222222222222,-0.4444444444444444,0.0,2.18,0.0,0.0,,0
45,-0.2222222222222222,-0.4444444444444444,0.0,2.19,0.0,0.0,,0
45,-0.2222222222222222,-0.4444444444444444,0.0,2.2,0.0,0.0,,0
45,-0.2222222222222222,-0.4444444444444444,0.0,2.21,0.0001,0.0001,0.0,1
45,-0.2222222222222222,-0.4444444444444444,0.0,2.22,0.0001,0.0001,0.0,1
45,-0.2222222222222222,-0.4444444444444444,0.0,2.23,0.0002,0.0002,0.0,1
45,-0.2222222222222222,-0.4444444444444444,0.0,2.24,0.0003,0.0003,0.0,1
45,-0.2222222222222222,-0.4444444444444444,0.0,2.25,0.0005,0.0005,0.0,1
45,-0.2222222222222222,-0.4444444444444444,0.0,2.26,0.0007,0.0007,0.0,1
45,-0.2222222222222222,-0.4444444444444444,0.0,2.27,0.0011,0.0011,0.0,1
45,-0.2222222222222222,-0.4444444444444444,0.0,2.28,0.0016,0.0016,0.0,1
45,-0.2222222222222222,-0.4444444444444444,0.0,2.29,0.0022,0.0022,0.0,1
45,-0.2222222222222222,-0.4444444444444444,0.0,2.3,0.0029,0.0029,0.0,1
45,-0.2222222222222222,-0.4444444444444444,0.0,2.31,0.0037,0.0037,0.0,1
45,-0.2222222222222222,-0.4444444444444444,0.0,2.32,0.0046,0.0046,0.0,1
45,-0.2222222222222222,-0.4444444444444444,0.0,2.33,0.0055,0.0055,0.0,1
45,-0.2222222222222222,-0.4444444444444444,0.0,2.34,0.0063,0.0063,0.0,1
45,-0.2222222222222222,-0.4444444444444444,0.0,2.35,0.007,0.007,0.0,1
45,-0.2222222222222222,-0.4444444444444444,0.0,2.36,0.0074,0.0074,0.0,1
45,-0.2222222222222222,-0.4444444444444444,0.0,2.37,0.0077,0.0077,0.0,1
45,-0.2222222222222222,-0.4444444444444444,0.0,2.38,0.0077,0.0077,0.0,1
45,-0.2222222222222222,-0.4444444444444444,0.0,2.39,0.0075,0.0075,0.0,1
45,-0.2222222222222222,-0.4444444444444444,0.0,2.4,0.0072,0.0072,0.0,1
45,-0.2222222222222222,-0.4444444444444444,0.0,2.41,0.0068,0.0068,0.0,1
45,-0.2222222222222222,-0.4444444444444444,0.0,2.42,0.0064,0.0064,0.0,1
45,-0.2222222222222222,-0.4444444444444444,0.0,2.43,0.006,0.006,0.0,1
45,-0.2222222222222222,-0.4444444444444444,0.0,2.44,0.0057,0.0057,0.0,1
45,-0.2222222222222222,-0.4444444444444444,0.0,2.45,0.0054,0.0054,0.0,1
45,-0.2222222222222222,-0.4444444444444444,0.0,2.46,0.0051,0.0051,0.0,1
45,-0.2222222222222222,-0.4444444444444444,0.0,2.47,0.0049,0.0049,0.0,1
45,-0.2222222222222222,-0.4444444444444444,0.0,2.48,0.0046,0.0046,0.0,1
45,-0.2222222222222222,-0.4444444444444444,0.0,2.49,0.0042,0.0042,0.0,1
45,-0.2222222222222222,-0.4444444444444444,0.0,2.5,0.0038,0.0038,0.0,1
45,-0.2222222222222222,-0.4444444444444444,0.0,2.51,0.0033,0.0033,0.0,1
45,-0.2222222222222222,-0.4444444444444444,0.0,2.52,0.0027,0.0027,0.0,1
45,-0.2222222222222222,-0.4444444444444444,0.0,2.53,0.0022,0.0022,0.0,1
45,-0.2222222222222222,-0.4444444444444444,0.0,2.54,0.0017,0.0017,0.0,1
45,-0.2222222222222222,-0.4444444444444444,0.0,2.55,0.0013,0.0013,0.0,1
45,-0.2222222222222222,-0.4444444444444444,0.0,2.56,0.001,0.001,0.0,1
45,-0.2222222222222222,-0.4444444444444444,0.0,2.57,0.0007,0.0007,0.0,1
45,-0.2222222222222222,-0.4444444444444444,0.0,2.58,0.0004,0.0004,0.0,1
45,-0.2222222222222222,-0.4444444444444444,0.0,2.59,0.0003,0.0003,0.0,1
45,-0.2222222222222222,-0.4444444444444444,0.0,2.6,0.0002,0.0002,0.0,1
45,-0.2222222222222222,-0.4444444444444444,0.0,2.61,0.0001,0.0001,0.0,1
45,-0.2222222222222222,-0.4444444444444444,0.0,2.62,0.0001,0.0001,0.0,1
45,-0.2222222222222222,-0.4444444444444444,0.0,2.63,0.0,0.0,,0
45,-0.2222222222222222,-0.4444444444444444,0.0,2.64,0.0,0.0,,0
45,-0.2222222222222222,-0.4444444444444444,0.0,2.65,0.0,0.0,,0
45,-0.2222222222222222,-0.4444444444444444,0.0,2.66,0.0,0.0,,0
45,-0.2222222222222222,-0.4444444444444444,0.0,2.67,0.0,0.0,,0
45,-0.2222222222222222,-0.4444444444444444,0.0,2.68,0.0,0.0,,0
45,-0.2222222222222222,-0.4444444444444444,0.0,2.69,0.0001,0.0001,0.0,1
45,-0.2222222222222222,-0.4444444444444444,0.0,2.7,0.0001,0.0001,0.0,1
45,-0.2222222222222222,-0.4444444444444444,0.0,2.71,0.0002,0.0002,0.0,1
45,-0.2222222222222222,-0.4444444444444444,0.0,2.72,0.0003,0.0003,0.0,1
45,-0.2222222222222222,-0.4444444444444444,0.0,2.73,0.0005,0.0005,0.0,1
45,-0.2222222222222222,-0.4444444444444444,0.0,2.74,0.0007,0.0007,0.0,1
45,-0.2222222222222222,-0.4444444444444444,0.0,2.75,0.0009,0.0009,0.0,1
45,-0.2222222222222222,-0.4444444444444444,0.0,2.76,0.0013,0.0013,0.0,1
45,-0.2222222222222222,-0.4444444444444444,0.0,2.77,0.0016,0.0016,0.0,1
45,-0.2222222222222222,-0.4444444444444444,0.0,2.78,0.002,0.002,0.0,1
45,-0.2222222222222222,-0.4444444444444444,0.0,2.79,0.0024,0.0024,0.0,1
45,-0.2222222222222222,-0.4444444444444444,0.0,2.8,0.0027,0.0027,0.0,1
45,-0.2222222222222222,-0.4444444444444444,0.0,2.81,0.003,0.003,0.0,1
45,-0.2222222222222222,-0.4444444444444444,0.0,2.82,0.0033,0.0033,0.0,1
45,-0.2222222222222222,-0.4444444444444444,0.0,2.83,0.0035,0.0035,0.0,1
45,-0.2222222222222222,-0.4444444444444444,0.0,2.84,0.0037,0.0037,0.0,1
45,-0.2222222222222222,-0.4444444444444444,0.0,2.85,0.0039,0.0039,0.0,1
45,-0.2222222222222222,-0.4444444444444444,0.0,2.86,0.0041,0.0041,0.0,1
45,-0.2222222222222222,-0.4444444444444444,0.0,2.87,0.0044,0.0044,0.0,1
45,-0.2222222222222222,-0.4444444444444444,0.0,2.88,0.0047,0.0047,0.0,1
45,-0.2222222222222222,-0.4444444444444444,0.0,2.89,0.005,0.005,0.0,1
45,-0.2222222222222222,-0.4444444444444444,0.0,2.9,0.0053,0.0053,0.0,1
45,-0.2222222222222222,-0.4444444444444444,0.0,2.91,0.0055,0.0055,0.0,1
45,-0.2222222222222222,-0.4444444444444444,0.0,2.92,0.0057,0.0057,0.0,1
45,-0.2222222222222222,-0.4444444444444444,0.0,2.93,0.0057,0.0057,0.0,1
45,-0.2222222222222222,-0.4444444444444444,0.0,2.94,0.0055,0.0055,0.0,1
45,-0.2222222222222222,-0.4444444444444444,0.0,2.95,0.0052,0.0052,0.0,1
45,-0.2222222222222222,-0.4444444444444444,0.0,2.96,0.0047,0.0047,0.0,1
45,-0.2222222222222222,-0.4444444444444444,0.0,2.97,0.0041,0.0041,0.0,1
45,-0.2222222222222222,-0.4444444444444444,0.0,2.98,0.0034,0.0034,0.0,1
45,-0.2222222222222222,-0.4444444444444444,0.0,2.99,0.0028,0.0028,0.0,1
45,-0.2222222222222222,-0.4444444444444444,0.0,3.0,0.0022,0.0022,0.0,1
45,-0.2222222222222222,-0.4444444444444444,0.0,3.01,0.0016,0.0016,0.0,1
45,-0.2222222222222222,-0.4444444444444444,0.0,3.02,0.0012,0.0012,0.0,1
45,-0.2222222222222222,-0.4444444444444444,0.0,3.03,0.0008,0.0008,0.0,1
45,-0.2222222222222222,-0.4444444444444444,0.0,3.04,0.0005,0.0005,0.0,1
45,-0.2222222222222222,-0.4444444444444444,0.0,3.05,0.0003,0.0003,0.0,1
45,-0.2222222222222222,-0.4444444444444444,0.0,3.06,0.0002,0.0002,0.0,1
45,-0.2222222222222222,-0.4444444444444444,0.0,3.07,0.0001,0.0001,0.0,1
45,-0.2222222222222222,-0.4444444444444444,0.0,3.08,0.0001,0.0001,0.0,1
45,-0.2222222222222222,-0.4444444444444444,0.0,3.09,0.0,0.0,,0
45,-0.2222222222222222,-0.4444444444444444,0.0,3.1,0.0,0.0,,0
45,-0.2222222222222222,-0.4444444444444444,0.0,3.11,0.0,0.0,,0
45,-0.2222222222222222,-0.4444444444444444,0.0,3.12,0.0,0.0,,0
45,-0.2222222222222222,-0.4444444444444444,0.0,3.13,0.0001,0.0001,0.0,1
45,-0.2222222222222222,-0.4444444444444444,0.0,3.14,0.0001,0.0001,0.0,1
45,-0.2222222222222222,-0.4444444444444444,0.0,3.15,0.0001,0.0001,0.0,1
45,-0.2222222222222222,-0.4444444444444444,0.0,3.16,0.0001,0.0001,0.0,1
45,-0.2222222222222222,-0.4444444444444444,0.0,3.17,0.0001,0.0001,0.0,1
45,-0.2222222222222222,-0.4444444444444444,0.0,3.18,0.0002,0.0002,0.0,1
45,-0.2222222222222222,-0.4444444444444444,0.0,3.19,0.0002,0.0002,0.0,1
45,-0.2222222222222222,-0.4444444444444444,0.0,3.2,0.0002,0.0002,0.0,1
45,-0.2222222222222222,-0.4444444444444444,0.0,3.21,0.0002,0.0002,0.0,1
45,-0.2222222222222222,-0.4444444444444444,0.0,3.22,0.0002,0.0002,0.0,1
45,-0.2222222222222222,-0.4444444444444444,0.0,3.23,0.0002,0.0002,0.0,1
45,-0.2222222222222222,-0.4444444444444444,0.0,3.24,0.0002,0.0002,0.0,1
45,-0.2222222222222222,-0.4444444444444444,0.0,3.25,0.0002,0.0002,0.0,1
45,-0.2222222222222222,-0.4444444444444444,0.0,3.26,0.0002,0.0002,0.0,1
45,-0.2222222222222222,-0.4444444444444444,0.0,3.27,0.0002,0.0002,0.0,1
45,-0.2222222222222222,-0.4444444444444444,0.0,3.28,0.0002,0.0002,0.0,1
45,-0.2222222222222222,-0.4444444444444444,0.0,3.29,0.0002,0.0002,0.0,1
45,-0.2222222222222222,-0.4444444444444444,0.0,3.3,0.0003,0.0003,0.0,1
45,-0.2222222222222222,-0.4444444444444444,0.0,3.31,0.0003,0.0003,0.0,1
45,-0.2222222222222222,-0.4444444444444444,0.0,3.32,0.0003,0.0003,0.0,1
45,-0.2222222222222222,-0.4444444444444444,0.0,3.33,0.0004,0.0004,0.0,1
45,-0.2222222222222222,-0.4444444444444444,0.0,3.34,0.0004,0.0004,0.0,1
45,-0.2222222222222222,-0.4444444444444444,0.0,3.35,0.0004,0.0004,0.0,1
45,-0.2222222222222222,-0.4444444444444444,0.0,3.36,0.0004,0.0004,0.0,1
45,-0.2222222222222222,-0.4444444444444444,0.0,3.37,0.0004,0.0004,0.0,1
45,-0.2222222222222222,-0.4444444444444444,0.0,3.38,0.0003,0.0003,0.0,1
45,-0.2222222222222222,-0.4444444444444444,0.0,3.39,0.0003,0.0003,0.0,1
45,-0.2222222222222222,-0.4444444444444444,0.0,3.4,0.0003,0.0003,0.0,1
45,-0.2222222222222222,-0.4444444444444444,0.0,3.41,0.0002,0.0002,0.0,1
45,-0.2222222222222222,-0.4444444444444444,0.0,3.42,0.0002,0.0002,0.0,1
45,-0.2222222222222222,-0.4444444444444444,0.0,3.43,0.0001,0.0001,0.0,1
45,-0.2222222222222222,-0.4444444444444444,0.0,3.44,0.0001,0.0001,0.0,1
45,-0.2222222222222222,-0.4444444444444444,0.0,3.45,0.0001,0.0001,0.0,1
45,-0.2222222222222222,-0.4444444444444444,0.0,3.46,0.0,0.0,,0
45,-0.2222222222222222,-0.4444444444444444,0.0,3.47,0.0,0.0,,0
45,-0.2222222222222222,-0.4444444444444444,0.0,3.48,0.0,0.0,,0
45,-0.2222222222222222,-0.4444444444444444,0.0,3.49,0.0,0.0,,0
45,-0.2222222222222222,-0.4444444444444444,0.0,3.5,0.0,0.0,,0
45,-0.2222222222222222,-0.4444444444444444,0.0,3.51,0.0,0.0,,0
45,-0.2222222222222222,-0.4444444444444444,0.0,3.52,0.0,0.0,,0
45,-0.2222222222222222,-0.4444444444444444,0.0,3.53,0.0,0.0,,0
45,-0.2222222222222222,-0.4444444444444444,0.0,3.54,0.0,0.0,,0
45,-0.2222222222222222,-0.4444444444444444,0.0,3.55,0.0,0.0,,0
45,-0.2222222222222222,-0.4444444444444444,0.0,3.56,0.0001,0.0001,0.0,1
45,-0.2222222222222222,-0.4444444444444444,0.0,3.57,0.0001,0.0001,0.0,1
45,-0.2222222222222222,-0.4444444444444444,0.0,3.58,0.0002,0.0002,0.0,1
45,-0.2222222222222222,-0.4444444444444444,0.0,3.59,0.0002,0.0002,0.0,1
45,-0.2222222222222222,-0.4444444444444444,0.0,3.6,0.0003,0.0003,0.0,1
45,-0.2222222222222222,-0.4444444444444444,0.0,3.61,0.0004,0.0004,0.0,1
45,-0.2222222222222222,-0.4444444444444444,0.0,3.62,0.0005,0.0005,0.0,1
45,-0.2222222222222222,-0.4444444444444444,0.0,3.63,0.0005,0.0005,0.0,1
45,-0.2222222222222222,-0.4444444444444444,0.0,3.64,0.0006,0.0006,0.0,1
45,-0.2222222222222222,-0.4444444444444444,0.0,3.65,0.0007,0.0007,0.0,1
45,-0.2222222222222222,-0.4444444444444444,0.0,3.66,0.0007,0.0007,0.0,1
45,-0.2222222222222222,-0.4444444444444444,0.0,3.67,0.0007,0.0007,0.0,1
45,-0.2222222222222222,-0.4444444444444444,0.0,3.68,0.0007,0.0007,0.0,1
45,-0.2222222222222222,-0.4444444444444444,0.0,3.69,0.0006,0.0006,0.0,1
45,-0.2222222222222222,-0.4444444444444444,0.0,3.7,0.0006,0.0006,0.0,1
45,-0.2222222222222222,-0.4444444444444444,0.0,3.71,0.0005,0.0005,0.0,1
45,-0.2222222222222222,-0.4444444444444444,0.0,3.72,0.0004,0.0004,0.0,1
45,-0.2222222222222222,-0.4444444444444444,0.0,3.73,0.0004,0.0004,0.0,1
45,-0.2222222222222222,-0.4444444444444444,0.0,3.74,0.0003,0.0003,0.0,1
45,-0.2222222222222222,-0.4444444444444444,0.0,3.75,0.0003,0.0003,0.0,1
45,-0.2222222222222222,-0.4444444444444444,0.0,3.76,0.0003,0.0003,0.0,1
45,-0.2222222222222222,-0.4444444444444444,0.0,3.77,0.0003,0.0003,0.0,1
45,-0.2222222222222222,-0.4444444444444444,0.0,3.78,0.0003,0.0003,0.0,1
45,-0.2222222222222222,-0.4444444444444444,0.0,3.79,0.0003,0.0003,0.0,1
45,-0.2222222222222222,-0.4444444444444444,0.0,3.8,0.0003,0.0003,0.0,1
45,-0.2222222222222222,-0.4444444444444444,0.0,3.81,0.0003,0.0003,0.0,1
45,-0.2222222222222222,-0.4444444444444444,0.0,3.82,0.0003,0.0003,0.0,1
45,-0.2222222222222222,-0.4444444444444444,0.0,3.83,0.0002,0.0002,0.0,1
45,-0.2222222222222222,-0.4444444444444444,0.0,3.84,0.0002,0.0002,0.0,1
45,-0.2222222222222222,-0.4444444444444444,0.0,3.85,0.0002,0.0002,0.0,1
45,-0.2222222222222222,-0.4444444444444444,0.0,3.86,0.0002,0.0002,0.0,1
45,-0.2222222222222222,-0.4444444444444444,0.0,3.87,0.0001,0.0001,0.0,1
45,-0.2222222222222222,-0.4444444444444444,0.0,3.88,0.0001,0.0001,0.0,1
45,-0.2222222222222222,-0.4444444444444444,0.0,3.89,0.0001,0.0001,0.0,1
45,-0.2222222222222222,-0.4444444444444444,0.0,3.9,0.0001,0.0001,0.0,1
45,-0.2222222222222222,-0.4444444444444444,0.0,3.91,0.0,0.0,,0
45,-0.2222222222222222,-0.4444444444444444,0.0,3.92,0.0,0.0,,0
45,-0.2222222222222222,-0.4444444444444444,0.0,3.93,0.0,0.0,,0
45,-0.2222222222222222,-0.4444444444444444,0.0,3.94,0.0,0.0,,0
45,-0.2222222222222222,-0.4444444444444444,0.0,3.95,0.0,0.0,,0
45,-0.2222222222222222,-0.4444444444444444,0.0,3.96,0.0,0.0,,0
45,-0.2222222222222222,-0.4444444444444444,0.0,3.97,0.0,0.0,,0
45,-0.2222222222222222,-0.4444444444444444,0.0,3.98,0.0,0.0,,0
45,-0.2222222222222222,-0.4444444444444444,0.0,3.99,0.0,0.0,,0
45,-0.2222222222222222,-0.4444444444444444,0.0,4.0,0.0,0.0,,0
46,-0.25,-0.5,0.0,0.5,0.0,0.0,,0
46,-0.25,-0.5,0.0,0.51,0.0,0.0,,0
46,-0.25,-0.5,0.0,0.52,0.0,0.0,,0
46,-0.25,-0.5,0.0,0.53,0.0,0.0,,0
46,-0.25,-0.5,0.0,0.54,0.0,0.0,,0
46,-0.25,-0.5,0.0,0.55,0.0,0.0,,0
46,-0.25,-0.5,0.0,0.56,0.0,0.0,,0
46,-0.25,-0.5,0.0,0.57,0.0,0.0,,0
46,-0.25,-0.5,0.0,0.58,0.0,0.0,,0
46,-0.25,-0.5,0.0,0.59,0.0,0.0,,0
46,-0.25,-0.5,0.0,0.6,0.0,0.0,,0
46,-0.25,-0.5,0.0,0.61,0.0,0.0,,0
46,-0.25,-0.5,0.0,0.62,0.0,0.0,,0
46,-0.25,-0.5,0.0,0.63,0.0,0.0,,0
46,-0.25,-0.5,0.0,0.64,0.0,0.0,,0
46,-0.25,-0.5,0.0,0.65,0.0,0.0,,0
46,-0.25,-0.5,0.0,0.66,0.0,0.0,,0
46,-0.25,-0.5,0.0,0.67,0.0,0.0,,0
46,-0.25,-0.5,0.0,0.68,0.0,0.0,,0
46,-0.25,-0.5,0.0,0.69,0.0,0.0,,0
46,-0.25,-0.5,0.0,0.7,0.0,0.0,,0
46,-0.25,-0.5,0.0,0.71,0.0,0.0,,0
46,-0.25,-0.5,0.0,0.72,0.0,0.0,,0
46,-0.25,-0.5,0.0,0.73,0.0,0.0,,0
46,-0.25,-0.5,0.0,0.74,0.0,0.0,,0
46,-0.25,-0.5,0.0,0.75,0.0,0.0,,0
46,-0.25,-0.5,0.0,0.76,0.0,0.0,,0
46,-0.25,-0.5,0.0,0.77,0.0,0.0,,0
46,-0.25,-0.5,0.0,0.78,0.0,0.0,,0
46,-0.25,-0.5,0.0,0.79,0.0,0.0,,0
46,-0.25,-0.5,0.0,0.8,0.0,0.0,,0
46,-0.25,-0.5,0.0,0.81,0.0,0.0,,0
46,-0.25,-0.5,0.0,0.82,0.0,0.0,,0
46,-0.25,-0.5,0.0,0.83,0.0,0.0,,0
46,-0.25,-0.5,0.0,0.84,0.0,0.0,,0
46,-0.25,-0.5,0.0,0.85,0.0,0.0,,0
46,-0.25,-0.5,0.0,0.86,0.0,0.0,,0
46,-0.25,-0.5,0.0,0.87,0.0,0.0,,0
46,-0.25,-0.5,0.0,0.88,0.0,0.0,,0
46,-0.25,-0.5,0.0,0.89,0.0,0.0,,0
46,-0.25,-0.5,0.0,0.9,0.0,0.0,,0
46,-0.25,-0.5,0.0,0.91,0.0,0.0,,0
46,-0.25,-0.5,0.0,0.92,0.0,0.0,,0
46,-0.25,-0.5,0.0,0.93,0.0,0.0,,0
46,-0.25,-0.5,0.0,0.94,0.0,0.0,,0
46,-0.25,-0.5,0.0,0.95,0.0,0.0,,0
46,-0.25,-0.5,0.0,0.96,0.0,0.0,,0
46,-0.25,-0.5,0.0,0.97,0.0,0.0,,0
46,-0.25,-0.5,0.0,0.98,0.0,0.0,,0
46,-0.25,-0.5,0.0,0.99,0.0,0.0,,0
46,-0.25,-0.5,0.0,1.0,0.0,0.0,,0
46,-0.25,-0.5,0.0,1.01,0.0,0.0,,0
46,-0.25,-0.5,0.0,1.02,0.0,0.0,,0
46,-0.25,-0.5,0.0,1.03,0.0,0.0,,0
46,-0.25,-0.5,0.0,1.04,0.0,0.0,,0
46,-0.25,-0.5,0.0,1.05,0.0,0.0,,0
46,-0.25,-0.5,0.0,1.06,0.0,0.0,,0
46,-0.25,-0.5,0.0,1.07,0.0,0.0,,0
46,-0.25,-0.5,0.0,1.08,0.0,0.0,,0
46,-0.25,-0.5,0.0,1.09,0.0,0.0,,0
46,-0.25,-0.5,0.0,1.1,0.0,0.0,,0
46,-0.25,-0.5,0.0,1.11,0.0,0.0,,0
46,-0.25,-0.5,0.0,1.12,0.0,0.0,,0
46,-0.25,-0.5,0.0,1.13,0.0,0.0,,0
46,-0.25,-0.5,0.0,1.14,0.0,0.0,,0
46,-0.25,-0.5,0.0,1.15,0.0,0.0,,0
46,-0.25,-0.5,0.0,1.16,0.0,0.0,,0
46,-0.25,-0.5,0.0,1.17,0.0,0.0,,0
46,-0.25,-0.5,0.0,1.18,0.0,0.0,,0
46,-0.25,-0.5,0.0,1.19,0.0,0.0,,0
46,-0.25,-0.5,0.0,1.2,0.0,0.0,,0
46,-0.25,-0.5,0.0,1.21,0.0,0.0,,0
46,-0.25,-0.5,0.0,1.22,0.0,0.0,,0
46,-0.25,-0.5,0.0,1.23,0.0,0.0,,0
46,-0.25,-0.5,0.0,1.24,0.0,0.0,,0
46,-0.25,-0.5,0.0,1.25,0.0,0.0,,0
46,-0.25,-0.5,0.0,1.26,0.0,0.0,,0
46,-0.25,-0.5,0.0,1.27,0.0,0.0,,0
46,-0.25,-0.5,0.0,1.28,0.0,0.0,,0
46,-0.25,-0.5,0.0,1.29,0.0,0.0,,0
46,-0.25,-0.5,0.0,1.3,0.0,0.0,,0
46,-0.25,-0.5,0.0,1.31,0.0,0.0,,0
46,-0.25,-0.5,0.0,1.32,0.0,0.0,,0
46,-0.25,-0.5,0.0,1.33,0.0,0.0,,0
46,-0.25,-0.5,0.0,1.34,0.0,0.0,,0
46,-0.25,-0.5,0.0,1.35,0.0,0.0,,0
46,-0.25,-0.5,0.0,1.36,0.0,0.0,,0
46,-0.25,-0.5,0.0,1.37,0.0,0.0,,0
46,-0.25,-0.5,0.0,1.38,0.0,0.0,,0
46,-0.25,-0.5,0.0,1.39,0.0,0.0,,0
46,-0.25,-0.5,0.0,1.4,0.0,0.0,,0
46,-0.25,-0.5,0.0,1.41,0.0,0.0,,0
46,-0.25,-0.5,0.0,1.42,0.0,0.0,,0
46,-0.25,-0.5,0.0,1.43,0.0,0.0,,0
46,-0.25,-0.5,0.0,1.44,0.0,0.0,,0
46,-0.25,-0.5,0.0,1.45,0.0,0.0,,0
46,-0.25,-0.5,0.0,1.46,0.0,0.0,,0
46,-0.25,-0.5,0.0,1.47,0.0,0.0,,0
46,-0.25,-0.5,0.0,1.48,0.0,0.0,,0
46,-0.25,-0.5,0.0,1.49,0.0,0.0,,0
46,-0.25,-0.5,0.0,1.5,0.0,0.0,,0
46,-0.25,-0.5,0.0,1.51,0.0,0.0,,0
46,-0.25,-0.5,0.0,1.52,0.0,0.0,,0
46,-0.25,-0.5,0.0,1.53,0.0,0.0,,0
46,-0.25,-0.5,0.0,1.54,0.0,0.0,,0
46,-0.25,-0.5,0.0,1.55,0.0,0.0,,0
46,-0.25,-0.5,0.0,1.56,0.0,0.0,,0
46,-0.25,-0.5,0.0,1.57,0.0,0.0,,0
46,-0.25,-0.5,0.0,1.58,0.0,0.0,,0
46,-0.25,-0.5,0.0,1.59,0.0,0.0,,0
46,-0.25,-0.5,0.0,1.6,0.0,0.0,,0
46,-0.25,-0.5,0.0,1.61,0.0,0.0,,0
46,-0.25,-0.5,0.0,1.62,0.0,0.0,,0
46,-0.25,-0.5,0.0,1.63,0.0,0.0,,0
46,-0.25,-0.5,0.0,1.64,0.0,0.0,,0
46,-0.25,-0.5,0.0,1.65,0.0,0.0,,0
46,-0.25,-0.5,0.0,1.66,0.0,0.0,,0
46,-0.25,-0.5,0.0,1.67,0.0,0.0,,0
46,-0.25,-0.5,0.0,1.68,0.0,0.0,,0
46,-0.25,-0.5,0.0,1.69,0.0,0.0,,0
46,-0.25,-0.5,0.0,1.7,0.0,0.0,,0
46,-0.25,-0.5,0.0,1.71,0.0,0.0,,0
46,-0.25,-0.5,0.0,1.72,0.0,0.0,,0
46,-0.25,-0.5,0.0,1.73,0.0,0.0,,0
46,-0.25,-0.5,0.0,1.74,0.0,0.0,,0
46,-0.25,-0.5,0.0,1.75,0.0,0.0,,0
46,-0.25,-0.5,0.0,1.76,0.0,0.0,,0
46,-0.25,-0.5,0.0,1.77,0.0,0.0,,0
46,-0.25,-0.5,0.0,1.78,0.0,0.0,,0
46,-0.25,-0.5,0.0,1.79,0.0,0.0,,0
46,-0.25,-0.5,0.0,1.8,0.0,0.0,,0
46,-0.25,-0.5,0.0,1.81,0.0,0.0,,0
46,-0.25,-0.5,0.0,1.82,0.0,0.0,,0
46,-0.25,-0.5,0.0,1.83,0.0,0.0,,0
46,-0.25,-0.5,0.0,1.84,0.0,0.0,,0
46,-0.25,-0.5,0.0,1.85,0.0,0.0,,0
46,-0.25,-0.5,0.0,1.86,0.0,0.0,,0
46,-0.25,-0.5,0.0,1.87,0.0,0.0,,0
46,-0.25,-0.5,0.0,1.88,0.0,0.0,,0
46,-0.25,-0.5,0.0,1.89,0.0,0.0,,0
46,-0.25,-0.5,0.0,1.9,0.0,0.0,,0
46,-0.25,-0.5,0.0,1.91,0.0,0.0,,0
46,-0.25,-0.5,0.0,1.92,0.0,0.0,,0
46,-0.25,-0.5,0.0,1.93,0.0,0.0,,0
46,-0.25,-0.5,0.0,1.94,0.0,0.0,,0
46,-0.25,-0.5,0.0,1.95,0.0,0.0,,0
46,-0.25,-0.5,0.0,1.96,0.0,0.0,,0
46,-0.25,-0.5,0.0,1.97,0.0,0.0,,0
46,-0.25,-0.5,0.0,1.98,0.0,0.0,,0
46,-0.25,-0.5,0.0,1.99,0.0,0.0,,0
46,-0.25,-0.5,0.0,2.0,0.0,0.0,,0
46,-0.25,-0.5,0.0,2.01,0.0,0.0,,0
46,-0.25,-0.5,0.0,2.02,0.0,0.0,,0
46,-0.25,-0.5,0.0,2.03,0.0,0.0,,0
46,-0.25,-0.5,0.0,2.04,0.0,0.0,,0
46,-0.25,-0.5,0.0,2.05,0.0,0.0,,0
46,-0.25,-0.5,0.0,2.06,0.0,0.0,,0
46,-0.25,-0.5,0.0,2.07,0.0,0.0,,0
46,-0.25,-0.5,0.0,2.08,0.0,0.0,,0
46,-0.25,-0.5,0.0,2.09,0.0,0.0,,0
46,-0.25,-0.5,0.0,2.1,0.0,0.0,,0
46,-0.25,-0.5,0.0,2.11,0.0,0.0,,0
46,-0.25,-0.5,0.0,2.12,0.0,0.0,,0
46,-0.25,-0.5,0.0,2.13,0.0,0.0,,0
46,-0.25,-0.5,0.0,2.14,0.0,0.0,,0
46,-0.25,-0.5,0.0,2.15,0.0,0.0,,0
46,-0.25,-0.5,0.0,2.16,0.0,0.0,,0
46,-0.25,-0.5,0.0,2.17,0.0,0.0,,0
46,-0.25,-0.5,0.0,2.18,0.0,0.0,,0
46,-0.25,-0.5,0.0,2.19,0.0001,0.0001,0.0,1
46,-0.25,-0.5,0.0,2.2,0.0001,0.0001,0.0,1
46,-0.25,-0.5,0.0,2.21,0.0002,0.0002,0.0,1
46,-0.25,-0.5,0.0,2.22,0.0003,0.0003,0.0,1
46,-0.25,-0.5,0.0,2.23,0.0005,0.0005,0.0,1
46,-0.25,-0.5,0.0,2.24,0.0008,0.0008,0.0,1
46,-0.25,-0.5,0.0,2.25,0.0012,0.0012,0.0,1
46,-0.25,-0.5,0.0,2.26,0.0017,0.0017,0.0,1
46,-0.25,-0.5,0.0,2.27,0.0023,0.0023,0.0,1
46,-0.25,-0.5,0.0,2.28,0.0031,0.0031,0.0,1
46,-0.25,-0.5,0.0,2.29,0.0039,0.0039,0.0,1
46,-0.25,-0.5,0.0,2.3,0.0048,0.0048,0.0,1
46,-0.25,-0.5,0.0,2.31,0.0056,0.0056,0.0,1
46,-0.25,-0.5,0.0,2.32,0.0064,0.0064,0.0,1
46,-0.25,-0.5,0.0,2.33,0.007,0.007,0.0,1
46,-0.25,-0.5,0.0,2.34,0.0073,0.0073,0.0,1
46,-0.25,-0.5,0.0,2.35,0.0074,0.0074,0.0,1
46,-0.25,-0.5,0.0,2.36,0.0073,0.0073,0.0,1
46,-0.25,-0.5,0.0,2.37,0.0069,0.0069,0.0,1
46,-0.25,-0.5,0.0,2.38,0.0064,0.0064,0.0,1
46,-0.25,-0.5,0.0,2.39,0.0059,0.0059,0.0,1
46,-0.25,-0.5,0.0,2.4,0.0053,0.0053,0.0,1
46,-0.25,-0.5,0.0,2.41,0.0049,0.0049,0.0,1
46,-0.25,-0.5,0.0,2.42,0.0045,0.0045,0.0,1
46,-0.25,-0.5,0.0,2.43,0.0043,0.0043,0.0,1
46,-0.25,-0.5,0.0,2.44,0.0042,0.0042,0.0,1
46,-0.25,-0.5,0.0,2.45,0.0041,0.0041,0.0,1
46,-0.25,-0.5,0.0,2.46,0.004,0.004,0.0,1
46,-0.25,-0.5,0.0,2.47,0.0039,0.0039,0.0,1
46,-0.25,-0.5,0.0,2.48,0.0037,0.0037,0.0,1
46,-0.25,-0.5,0.0,2.49,0.0034,0.0034,0.0,1
46,-0.25,-0.5,0.0,2.5,0.0031,0.0031,0.0,1
46,-0.25,-0.5,0.0,2.51,0.0027,0.0027,0.0,1
46,-0.25,-0.5,0.0,2.52,0.0023,0.0023,0.0,1
46,-0.25,-0.5,0.0,2.53,0.0019,0.0019,0.0,1
46,-0.25,-0.5,0.0,2.54,0.0016,0.0016,0.0,1
46,-0.25,-0.5,0.0,2.55,0.0013,0.0013,0.0,1
46,-0.25,-0.5,0.0,2.56,0.0012,0.0012,0.0,1
46,-0.25,-0.5,0.0,2.57,0.0012,0.0012,0.0,1
46,-0.25,-0.5,0.0,2.58,0.0013,0.0013,0.0,1
46,-0.25,-0.5,0.0,2.59,0.0014,0.0014,0.0,1
46,-0.25,-0.5,0.0,2.6,0.0017,0.0017,0.0,1
46,-0.25,-0.5,0.0,2.61,0.002,0.002,0.0,1
46,-0.25,-0.5,0.0,2.62,0.0024,0.0024,0.0,1
46,-0.25,-0.5,0.0,2.63,0.0027,0.0027,0.0,1
46,-0.25,-0.5,0.0,2.64,0.003,0.003,0.0,1
46,-0.25,-0.5,0.0,2.65,0.0032,0.0032,0.0,1
46,-0.25,-0.5,0.0,2.66,0.0034,0.0034,0.0,1
46,-0.25,-0.5,0.0,2.67,0.0035,0.0035,0.0,1
46,-0.25,-0.5,0.0,2.68,0.0035,0.0035,0.0,1
46,-0.25,-0.5,0.0,2.69,0.0035,0.0035,0.0,1
46,-0.25,-0.5,0.0,2.7,0.0036,0.0036,0.0,1
46,-0.25,-0.5,0.0,2.71,0.0038,0.0038,0.0,1
46,-0.25,-0.5,0.0,2.72,0.004,0.004,0.0,1
46,-0.25,-0.5,0.0,2.73,0.0043,0.0043,0.0,1
46,-0.25,-0.5,0.0,2.74,0.0047,0.0047,0.0,1
46,-0.25,-0.5,0.0,2.75,0.0052,0.0052,0.0,1
46,-0.25,-0.5,0.0,2.76,0.0055,0.0055,0.0,1
46,-0.25,-0.5,0.0,2.77,0.0058,0.0058,0.0,1
46,-0.25,-0.5,0.0,2.78,0.0059,0.0059,0.0,1
46,-0.25,-0.5,0.0,2.79,0.0058,0.0058,0.0,1
46,-0.25,-0.5,0.0,2.8,0.0055,0.0055,0.0,1
46,-0.25,-0.5,0.0,2.81,0.005,0.005,0.0,1
46,-0.25,-0.5,0.0,2.82,0.0044,0.0044,0.0,1
46,-0.25,-0.5,0.0,2.83,0.0037,0.0037,0.0,1
46,-0.25,-0.5,0.0,2.84,0.003,0.003,0.0,1
46,-0.25,-0.5,0.0,2.85,0.0024,0.0024,0.0,1
46,-0.25,-0.5,0.0,2.86,0.0018,0.0018,0.0,1
46,-0.25,-0.5,0.0,2.87,0.0013,0.0013,0.0,1
46,-0.25,-0.5,0.0,2.88,0.0009,0.0009,0.0,1
46,-0.25,-0.5,0.0,2.89,0.0006,0.0006,0.0,1
46,-0.25,-0.5,0.0,2.9,0.0004,0.0004,0.0,1
46,-0.25,-0.5,0.0,2.91,0.0002,0.0002,0.0,1
46,-0.25,-0.5,0.0,2.92,0.0001,0.0001,0.0,1
46,-0.25,-0.5,0.0,2.93,0.0001,0.0001,0.0,1
46,-0.25,-0.5,0.0,2.94,0.0,0.0,,0
46,-0.25,-0.5,0.0,2.95,0.0,0.0,,0
46,-0.25,-0.5,0.0,2.96,0.0,0.0,,0
46,-0.25,-0.5,0.0,2.97,0.0,0.0,,0
46,-0.25,-0.5,0.0,2.98,0.0,0.0,,0
46,-0.25,-0.5,0.0,2.99,0.0,0.0,,0
46,-0.25,-0.5,0.0,3.0,0.0,0.0,,0
46,-0.25,-0.5,0.0,3.01,0.0,0.0,,0
46,-0.25,-0.5,0.0,3.02,0.0,0.0,,0
46,-0.25,-0.5,0.0,3.03,0.0,0.0,,0
46,-0.25,-0.5,0.0,3.04,0.0,0.0,,0
46,-0.25,-0.5,0.0,3.05,0.0,0.0,,0
46,-0.25,-0.5,0.0,3.06,0.0,0.0,,0
46,-0.25,-0.5,0.0,3.07,0.0,0.0,,0
46,-0.25,-0.5,0.0,3.08,0.0,0.0,,0
46,-0.25,-0.5,0.0,3.09,0.0,0.0,,0
46,-0.25,-0.5,0.0,3.1,0.0,0.0,,0
46,-0.25,-0.5,0.0,3.11,0.0,0.0,,0
46,-0.25,-0.5,0.0,3.12,0.0,0.0,,0
46,-0.25,-0.5,0.0,3.13,0.0,0.0,,0
46,-0.25,-0.5,0.0,3.14,0.0,0.0,,0
46,-0.25,-0.5,0.0,3.15,0.0,0.0,,0
46,-0.25,-0.5,0.0,3.16,0.0,0.0,,0
46,-0.25,-0.5,0.0,3.17,0.0,0.0,,0
46,-0.25,-0.5,0.0,3.18,0.0,0.0,,0
46,-0.25,-0.5,0.0,3.19,0.0,0.0,,0
46,-0.25,-0.5,0.0,3.2,0.0,0.0,,0
46,-0.25,-0.5,0.0,3.21,0.0,0.0,,0
46,-0.25,-0.5,0.0,3.22,0.0,0.0,,0
46,-0.25,-0.5,0.0,3.23,0.0,0.0,,0
46,-0.25,-0.5,0.0,3.24,0.0,0.0,,0
46,-0.25,-0.5,0.0,3.25,0.0,0.0,,0
46,-0.25,-0.5,0.0,3.26,0.0,0.0,,0
46,-0.25,-0.5,0.0,3.27,0.0,0.0,,0
46,-0.25,-0.5,0.0,3.28,0.0,0.0,,0
46,-0.25,-0.5,0.0,3.29,0.0,0.0,,0
46,-0.25,-0.5,0.0,3.3,0.0,0.0,,0
46,-0.25,-0.5,0.0,3.31,0.0,0.0,,0
46,-0.25,-0.5,0.0,3.32,0.0,0.0,,0
46,-0.25,-0.5,0.0,3.33,0.0,0.0,,0
46,-0.25,-0.5,0.0,3.34,0.0,0.0,,0
46,-0.25,-0.5,0.0,3.35,0.0,0.0,,0
46,-0.25,-0.5,0.0,3.36,0.0,0.0,,0
46,-0.25,-0.5,0.0,3.37,0.0,0.0,,0
46,-0.25,-0.5,0.0,3.38,0.0,0.0,,0
46,-0.25,-0.5,0.0,3.39,0.0,0.0,,0
46,-0.25,-0.5,0.0,3.4,0.0,0.0,,0
46,-0.25,-0.5,0.0,3.41,0.0,0.0,,0
46,-0.25,-0.5,0.0,3.42,0.0,0.0,,0
46,-0.25,-0.5,0.0,3.43,0.0,0.0,,0
46,-0.25,-0.5,0.0,3.44,0.0,0.0,,0
46,-0.25,-0.5,0.0,3.45,0.0,0.0,,0
46,-0.25,-0.5,0.0,3.46,0.0,0.0,,0
46,-0.25,-0.5,0.0,3.47,0.0,0.0,,0
46,-0.25,-0.5,0.0,3.48,0.0,0.0,,0
46,-0.25,-0.5,0.0,3.49,0.0001,0.0001,0.0,1
46,-0.25,-0.5,0.0,3.5,0.0001,0.0001,0.0,1
46,-0.25,-0.5,0.0,3.51,0.0001,0.0001,0.0,1
46,-0.25,-0.5,0.0,3.52,0.0001,0.0001,0.0,1
46,-0.25,-0.5,0.0,3.53,0.0001,0.0001,0.0,1
46,-0.25,-0.5,0.0,3.54,0.0002,0.0002,0.0,1
46,-0.25,-0.5,0.0,3.55,0.0002,0.0002,0.0,1
46,-0.25,-0.5,0.0,3.56,0.0002,0.0002,0.0,1
46,-0.25,-0.5,0.0,3.57,0.0002,0.0002,0.0,1
46,-0.25,-0.5,0.0,3.58,0.0002,0.0002,0.0,1
46,-0.25,-0.5,0.0,3.59,0.0002,0.0002,0.0,1
46,-0.25,-0.5,0.0,3.6,0.0001,0.0001,0.0,1
46,-0.25,-0.5,0.0,3.61,0.0001,0.0001,0.0,1
46,-0.25,-0.5,0.0,3.62,0.0001,0.0001,0.0,1
46,-0.25,-0.5,0.0,3.63,0.0001,0.0001,0.0,1
46,-0.25,-0.5,0.0,3.64,0.0001,0.0001,0.0,1
46,-0.25,-0.5,0.0,3.65,0.0001,0.0001,0.0,1
46,-0.25,-0.5,0.0,3.66,0.0,0.0,,0
46,-0.25,-0.5,0.0,3.67,0.0,0.0,,0
46,-0.25,-0.5,0.0,3.68,0.0,0.0,,0
46,-0.25,-0.5,0.0,3.69,0.0,0.0,,0
46,-0.25,-0.5,0.0,3.7,0.0001,0.0001,0.0,1
46,-0.25,-0.5,0.0,3.71,0.0001,0.0001,0.0,1
46,-0.25,-0.5,0.0,3.72,0.0001,0.0001,0.0,1
46,-0.25,-0.5,0.0,3.73,0.0001,0.0001,0.0,1
46,-0.25,-0.5,0.0,3.74,0.0002,0.0002,0.0,1
46,-0.25,-0.5,0.0,3.75,0.0002,0.0002,0.0,1
46,-0.25,-0.5,0.0,3.76,0.0002,0.0002,0.0,1
46,-0.25,-0.5,0.0,3.77,0.0002,0.0002,0.0,1
46,-0.25,-0.5,0.0,3.78,0.0003,0.0003,0.0,1
46,-0.25,-0.5,0.0,3.79,0.0003,0.0003,0.0,1
46,-0.25,-0.5,0.0,3.8,0.0003,0.0003,0.0,1
46,-0.25,-0.5,0.0,3.81,0.0003,0.0003,0.0,1
46,-0.25,-0.5,0.0,3.82,0.0003,0.0003,0.0,1
46,-0.25,-0.5,0.0,3.83,0.0003,0.0003,0.0,1
46,-0.25,-0.5,0.0,3.84,0.0003,0.0003,0.0,1
46,-0.25,-0.5,0.0,3.85,0.0003,0.0003,0.0,1
46,-0.25,-0.5,0.0,3.86,0.0003,0.0003,0.0,1
46,-0.25,-0.5,0.0,3.87,0.0003,0.0003,0.0,1
46,-0.25,-0.5,0.0,3.88,0.0003,0.0003,0.0,1
46,-0.25,-0.5,0.0,3.89,0.0002,0.0002,0.0,1
46,-0.25,-0.5,0.0,3.9,0.0002,0.0002,0.0,1
46,-0.25,-0.5,0.0,3.91,0.0002,0.0002,0.0,1
46,-0.25,-0.5,0.0,3.92,0.0002,0.0002,0.0,1
46,-0.25,-0.5,0.0,3.93,0.0001,0.0001,0.0,1
46,-0.25,-0.5,0.0,3.94,0.0001,0.0001,0.0,1
46,-0.25,-0.5,0.0,3.95,0.0001,0.0001,0.0,1
46,-0.25,-0.5,0.0,3.96,0.0001,0.0001,0.0,1
46,-0.25,-0.5,0.0,3.97,0.0,0.0,,0
46,-0.25,-0.5,0.0,3.98,0.0,0.0,,0
46,-0.25,-0.5,0.0,3.99,0.0,0.0,,0
46,-0.25,-0.5,0.0,4.0,0.0,0.0,,0
47,-0.2777777777777778,-0.5555555555555556,0.0,0.5,0.0,0.0,,0
47,-0.2777777777777778,-0.5555555555555556,0.0,0.51,0.0,0.0,,0
47,-0.2777777777777778,-0.5555555555555556,0.0,0.52,0.0,0.0,,0
47,-0.2777777777777778,-0.5555555555555556,0.0,0.53,0.0,0.0,,0
47,-0.2777777777777778,-0.5555555555555556,0.0,0.54,0.0,0.0,,0
47,-0.2777777777777778,-0.5555555555555556,0.0,0.55,0.0,0.0,,0
47,-0.2777777777777778,-0.5555555555555556,0.0,0.56,0.0,0.0,,0
47,-0.2777777777777778,-0.5555555555555556,0.0,0.57,0.0,0.0,,0
47,-0.2777777777777778,-0.5555555555555556,0.0,0.58,0.0,0.0,,0
47,-0.2777777777777778,-0.5555555555555556,0.0,0.59,0.0,0.0,,0
47,-0.2777777777777778,-0.5555555555555556,0.0,0.6,0.0,0.0,,0
47,-0.2777777777777778,-0.5555555555555556,0.0,0.61,0.0,0.0,,0
47,-0.2777777777777778,-0.5555555555555556,0.0,0.62,0.0,0.0,,0
47,-0.2777777777777778,-0.5555555555555556,0.0,0.63,0.0,0.0,,0
47,-0.2777777777777778,-0.5555555555555556,0.0,0.64,0.0,0.0,,0
47,-0.2777777777777778,-0.5555555555555556,0.0,0.65,0.0,0.0,,0
47,-0.2777777777777778,-0.5555555555555556,0.0,0.66,0.0,0.0,,0
47,-0.2777777777777778,-0.5555555555555556,0.0,0.67,0.0,0.0,,0
47,-0.2777777777777778,-0.5555555555555556,0.0,0.68,0.0,0.0,,0
47,-0.2777777777777778,-0.5555555555555556,0.0,0.69,0.0,0.0,,0
47,-0.2777777777777778,-0.5555555555555556,0.0,0.7,0.0,0.0,,0
47,-0.2777777777777778,-0.5555555555555556,0.0,0.71,0.0,0.0,,0
47,-0.2777777777777778,-0.5555555555555556,0.0,0.72,0.0,0.0,,0
47,-0.2777777777777778,-0.5555555555555556,0.0,0.73,0.0,0.0,,0
47,-0.2777777777777778,-0.5555555555555556,0.0,0.74,0.0,0.0,,0
47,-0.2777777777777778,-0.5555555555555556,0.0,0.75,0.0,0.0,,0
47,-0.2777777777777778,-0.5555555555555556,0.0,0.76,0.0,0.0,,0
47,-0.2777777777777778,-0.5555555555555556,0.0,0.77,0.0,0.0,,0
47,-0.2777777777777778,-0.5555555555555556,0.0,0.78,0.0,0.0,,0
47,-0.2777777777777778,-0.5555555555555556,0.0,0.79,0.0,0.0,,0
47,-0.2777777777777778,-0.5555555555555556,0.0,0.8,0.0,0.0,,0
47,-0.2777777777777778,-0.5555555555555556,0.0,0.81,0.0,0.0,,0
47,-0.2777777777777778,-0.5555555555555556,0.0,0.82,0.0,0.0,,0
47,-0.2777777777777778,-0.5555555555555556,0.0,0.83,0.0,0.0,,0
47,-0.2777777777777778,-0.5555555555555556,0.0,0.84,0.0,0.0,,0
47,-0.2777777777777778,-0.5555555555555556,0.0,0.85,0.0,0.0,,0
47,-0.2777777777777778,-0.5555555555555556,0.0,0.86,0.0,0.0,,0
47,-0.2777777777777778,-0.5555555555555556,0.0,0.87,0.0,0.0,,0
47,-0.2777777777777778,-0.5555555555555556,0.0,0.88,0.0,0.0,,0
47,-0.2777777777777778,-0.5555555555555556,0.0,0.89,0.0,0.0,,0
47,-0.2777777777777778,-0.5555555555555556,0.0,0.9,0.0,0.0,,0
47,-0.2777777777777778,-0.5555555555555556,0.0,0.91,0.0,0.0,,0
47,-0.2777777777777778,-0.5555555555555556,0.0,0.92,0.0,0.0,,0
47,-0.2777777777777778,-0.5555555555555556,0.0,0.93,0.0,0.0,,0
47,-0.2777777777777778,-0.5555555555555556,0.0,0.94,0.0,0.0,,0
47,-0.2777777777777778,-0.5555555555555556,0.0,0.95,0.0,0.0,,0
47,-0.2777777777777778,-0.5555555555555556,0.0,0.96,0.0,0.0,,0
47,-0.2777777777777778,-0.5555555555555556,0.0,0.97,0.0,0.0,,0
47,-0.2777777777777778,-0.5555555555555556,0.0,0.98,0.0,0.0,,0
47,-0.2777777777777778,-0.5555555555555556,0.0,0.99,0.0,0.0,,0
47,-0.2777777777777778,-0.5555555555555556,0.0,1.0,0.0,0.0,,0
47,-0.2777777777777778,-0.5555555555555556,0.0,1.01,0.0,0.0,,0
47,-0.2777777777777778,-0.5555555555555556,0.0,1.02,0.0,0.0,,0
47,-0.2777777777777778,-0.5555555555555556,0.0,1.03,0.0,0.0,,0
47,-0.2777777777777778,-0.5555555555555556,0.0,1.04,0.0,0.0,,0
47,-0.2777777777777778,-0.5555555555555556,0.0,1.05,0.0,0.0,,0
47,-0.2777777777777778,-0.5555555555555556,0.0,1.06,0.0,0.0,,0
47,-0.2777777777777778,-0.5555555555555556,0.0,1.07,0.0,0.0,,0
47,-0.2777777777777778,-0.5555555555555556,0.0,1.08,0.0,0.0,,0
47,-0.2777777777777778,-0.5555555555555556,0.0,1.09,0.0,0.0,,0
47,-0.2777777777777778,-0.5555555555555556,0.0,1.1,0.0,0.0,,0
47,-0.2777777777777778,-0.5555555555555556,0.0,1.11,0.0,0.0,,0
47,-0.2777777777777778,-0.5555555555555556,0.0,1.12,0.0,0.0,,0
47,-0.2777777777777778,-0.5555555555555556,0.0,1.13,0.0,0.0,,0
47,-0.2777777777777778,-0.5555555555555556,0.0,1.14,0.0,0.0,,0
47,-0.2777777777777778,-0.5555555555555556,0.0,1.15,0.0,0.0,,0
47,-0.2777777777777778,-0.5555555555555556,0.0,1.16,0.0,0.0,,0
47,-0.2777777777777778,-0.5555555555555556,0.0,1.17,0.0,0.0,,0
47,-0.2777777777777778,-0.5555555555555556,0.0,1.18,0.0,0.0,,0
47,-0.2777777777777778,-0.5555555555555556,0.0,1.19,0.0,0.0,,0
47,-0.2777777777777778,-0.5555555555555556,0.0,1.2,0.0,0.0,,0
47,-0.2777777777777778,-0.5555555555555556,0.0,1.21,0.0,0.0,,0
47,-0.2777777777777778,-0.5555555555555556,0.0,1.22,0.0,0.0,,0
47,-0.2777777777777778,-0.5555555555555556,0.0,1.23,0.0,0.0,,0
47,-0.2777777777777778,-0.5555555555555556,0.0,1.24,0.0,0.0,,0
47,-0.2777777777777778,-0.5555555555555556,0.0,1.25,0.0,0.0,,0
47,-0.2777777777777778,-0.5555555555555556,0.0,1.26,0.0,0.0,,0
47,-0.2777777777777778,-0.5555555555555556,0.0,1.27,0.0,0.0,,0
47,-0.2777777777777778,-0.5555555555555556,0.0,1.28,0.0,0.0,,0
47,-0.2777777777777778,-0.5555555555555556,0.0,1.29,0.0,0.0,,0
47,-0.2777777777777778,-0.5555555555555556,0.0,1.3,0.0,0.0,,0
47,-0.2777777777777778,-0.5555555555555556,0.0,1.31,0.0,0.0,,0
47,-0.2777777777777778,-0.5555555555555556,0.0,1.32,0.0,0.0,,0
47,-0.2777777777777778,-0.5555555555555556,0.0,1.33,0.0,0.0,,0
47,-0.2777777777777778,-0.5555555555555556,0.0,1.34,0.0,0.0,,0
47,-0.2777777777777778,-0.5555555555555556,0.0,1.35,0.0,0.0,,0
47,-0.2777777777777778,-0.5555555555555556,0.0,1.36,0.0,0.0,,0
47,-0.2777777777777778,-0.5555555555555556,0.0,1.37,0.0,0.0,,0
47,-0.2777777777777778,-0.5555555555555556,0.0,1.38,0.0,0.0,,0
47,-0.2777777777777778,-0.5555555555555556,0.0,1.39,0.0,0.0,,0
47,-0.2777777777777778,-0.5555555555555556,0.0,1.4,0.0,0.0,,0
47,-0.2777777777777778,-0.5555555555555556,0.0,1.41,0.0,0.0,,0
47,-0.2777777777777778,-0.5555555555555556,0.0,1.42,0.0,0.0,,0
47,-0.2777777777777778,-0.5555555555555556,0.0,1.43,0.0,0.0,,0
47,-0.2777777777777778,-0.5555555555555556,0.0,1.44,0.0,0.0,,0
47,-0.2777777777777778,-0.5555555555555556,0.0,1.45,0.0,0.0,,0
47,-0.2777777777777778,-0.5555555555555556,0.0,1.46,0.0,0.0,,0
47,-0.2777777777777778,-0.5555555555555556,0.0,1.47,0.0,0.0,,0
47,-0.2777777777777778,-0.5555555555555556,0.0,1.48,0.0,0.0,,0
47,-0.2777777777777778,-0.5555555555555556,0.0,1.49,0.0,0.0,,0
47,-0.2777777777777778,-0.5555555555555556,0.0,1.5,0.0,0.0,,0
47,-0.2777777777777778,-0.5555555555555556,0.0,1.51,0.0,0.0,,0
47,-0.2777777777777778,-0.5555555555555556,0.0,1.52,0.0,0.0,,0
47,-0.2777777777777778,-0.5555555555555556,0.0,1.53,0.0,0.0,,0
47,-0.2777777777777778,-0.5555555555555556,0.0,1.54,0.0,0.0,,0
47,-0.2777777777777778,-0.5555555555555556,0.0,1.55,0.0,0.0,,0
47,-0.2777777777777778,-0.5555555555555556,0.0,1.56,0.0,0.0,,0
47,-0.2777777777777778,-0.5555555555555556,0.0,1.57,0.0,0.0,,0
47,-0.2777777777777778,-0.5555555555555556,0.0,1.58,0.0,0.0,,0
47,-0.2777777777777778,-0.5555555555555556,0.0,1.59,0.0,0.0,,0
47,-0.2777777777777778,-0.5555555555555556,0.0,1.6,0.0,0.0,,0
47,-0.2777777777777778,-0.5555555555555556,0.0,1.61,0.0,0.0,,0
47,-0.2777777777777778,-0.5555555555555556,0.0,1.62,0.0,0.0,,0
47,-0.2777777777777778,-0.5555555555555556,0.0,1.63,0.0,0.0,,0
47,-0.2777777777777778,-0.5555555555555556,0.0,1.64,0.0,0.0,,0
47,-0.2777777777777778,-0.5555555555555556,0.0,1.65,0.0,0.0,,0
47,-0.2777777777777778,-0.5555555555555556,0.0,1.66,0.0,0.0,,0
47,-0.2777777777777778,-0.5555555555555556,0.0,1.67,0.0,0.0,,0
47,-0.2777777777777778,-0.5555555555555556,0.0,1.68,0.0,0.0,,0
47,-0.2777777777777778,-0.5555555555555556,0.0,1.69,0.0,0.0,,0
47,-0.2777777777777778,-0.5555555555555556,0.0,1.7,0.0,0.0,,0
47,-0.2777777777777778,-0.5555555555555556,0.0,1.71,0.0,0.0,,0
47,-0.2777777777777778,-0.5555555555555556,0.0,1.72,0.0,0.0,,0
47,-0.2777777777777778,-0.5555555555555556,0.0,1.73,0.0,0.0,,0
47,-0.2777777777777778,-0.5555555555555556,0.0,1.74,0.0,0.0,,0
47,-0.2777777777777778,-0.5555555555555556,0.0,1.75,0.0,0.0,,0
47,-0.2777777777777778,-0.5555555555555556,0.0,1.76,0.0,0.0,,0
47,-0.2777777777777778,-0.5555555555555556,0.0,1.77,0.0,0.0,,0
47,-0.2777777777777778,-0.5555555555555556,0.0,1.78,0.0,0.0,,0
47,-0.2777777777777778,-0.5555555555555556,0.0,1.79,0.0,0.0,,0
47,-0.2777777777777778,-0.5555555555555556,0.0,1.8,0.0,0.0,,0
47,-0.2777777777777778,-0.5555555555555556,0.0,1.81,0.0,0.0,,0
47,-0.2777777777777778,-0.5555555555555556,0.0,1.82,0.0,0.0,,0
47,-0.2777777777777778,-0.5555555555555556,0.0,1.83,0.0,0.0,,0
47,-0.2777777777777778,-0.5555555555555556,0.0,1.84,0.0,0.0,,0
47,-0.2777777777777778,-0.5555555555555556,0.0,1.85,0.0,0.0,,0
47,-0.2777777777777778,-0.5555555555555556,0.0,1.86,0.0,0.0,,0
47,-0.2777777777777778,-0.5555555555555556,0.0,1.87,0.0,0.0,,0
47,-0.2777777777777778,-0.5555555555555556,0.0,1.88,0.0,0.0,,0
47,-0.2777777777777778,-0.5555555555555556,0.0,1.89,0.0,0.0,,0
47,-0.2777777777777778,-0.5555555555555556,0.0,1.9,0.0,0.0,,0
47,-0.2777777777777778,-0.5555555555555556,0.0,1.91,0.0,0.0,,0
47,-0.2777777777777778,-0.5555555555555556,0.0,1.92,0.0,0.0,,0
47,-0.2777777777777778,-0.5555555555555556,0.0,1.93,0.0,0.0,,0
47,-0.2777777777777778,-0.5555555555555556,0.0,1.94,0.0,0.0,,0
47,-0.2777777777777778,-0.5555555555555556,0.0,1.95,0.0,0.0,,0
47,-0.2777777777777778,-0.5555555555555556,0.0,1.96,0.0,0.0,,0
47,-0.2777777777777778,-0.5555555555555556,0.0,1.97,0.0001,0.0001,0.0,1
47,-0.2777777777777778,-0.5555555555555556,0.0,1.98,0.0002,0.0002,0.0,1
47,-0.2777777777777778,-0.5555555555555556,0.0,1.99,0.0003,0.0003,0.0,1
47,-0.2777777777777778,-0.5555555555555556,0.0,2.0,0.0004,0.0004,0.0,1
47,-0.2777777777777778,-0.5555555555555556,0.0,2.01,0.0007,0.0007,0.0,1
47,-0.2777777777777778,-0.5555555555555556,0.0,2.02,0.0011,0.0011,0.0,1
47,-0.2777777777777778,-0.5555555555555556,0.0,2.03,0.0016,0.0016,0.0,1
47,-0.2777777777777778,-0.5555555555555556,0.0,2.04,0.0023,0.0023,0.0,1
47,-0.2777777777777778,-0.5555555555555556,0.0,2.05,0.0032,0.0032,0.0,1
47,-0.2777777777777778,-0.5555555555555556,0.0,2.06,0.0042,0.0042,0.0,1
47,-0.2777777777777778,-0.5555555555555556,0.0,2.07,0.0053,0.0053,0.0,1
47,-0.2777777777777778,-0.5555555555555556,0.0,2.08,0.0064,0.0064,0.0,1
47,-0.2777777777777778,-0.5555555555555556,0.0,2.09,0.0075,0.0075,0.0,1
47,-0.2777777777777778,-0.5555555555555556,0.0,2.1,0.0085,0.0085,0.0,1
47,-0.2777777777777778,-0.5555555555555556,0.0,2.11,0.0092,0.0092,0.0,1
47,-0.2777777777777778,-0.5555555555555556,0.0,2.12,0.0096,0.0096,0.0,1
47,-0.2777777777777778,-0.5555555555555556,0.0,2.13,0.0097,0.0097,0.0,1
47,-0.2777777777777778,-0.5555555555555556,0.0,2.14,0.0095,0.0095,0.0,1
47,-0.2777777777777778,-0.5555555555555556,0.0,2.15,0.0092,0.0092,0.0,1
47,-0.2777777777777778,-0.5555555555555556,0.0,2.16,0.0087,0.0087,0.0,1
47,-0.2777777777777778,-0.5555555555555556,0.0,2.17,0.0083,0.0083,0.0,1
47,-0.2777777777777778,-0.5555555555555556,0.0,2.18,0.0081,0.0081,0.0,1
47,-0.2777777777777778,-0.5555555555555556,0.0,2.19,0.0081,0.0081,0.0,1
47,-0.2777777777777778,-0.5555555555555556,0.0,2.2,0.0085,0.0085,0.0,1
47,-0.2777777777777778,-0.5555555555555556,0.0,2.21,0.009,0.009,0.0,1
47,-0.2777777777777778,-0.5555555555555556,0.0,2.22,0.0098,0.0098,0.0,1
47,-0.2777777777777778,-0.5555555555555556,0.0,2.23,0.0106,0.0106,0.0,1
47,-0.2777777777777778,-0.5555555555555556,0.0,2.24,0.0114,0.0114,0.0,1
47,-0.2777777777777778,-0.5555555555555556,0.0,2.25,0.0119,0.0119,0.0,1
47,-0.2777777777777778,-0.5555555555555556,0.0,2.26,0.0122,0.0122,0.0,1
47,-0.2777777777777778,-0.5555555555555556,0.0,2.27,0.0121,0.0121,0.0,1
47,-0.2777777777777778,-0.5555555555555556,0.0,2.28,0.0116,0.0116,0.0,1
47,-0.2777777777777778,-0.5555555555555556,0.0,2.29,0.0109,0.0109,0.0,1
47,-0.2777777777777778,-0.5555555555555556,0.0,2.3,0.01,0.01,0.0,1
47,-0.2777777777777778,-0.5555555555555556,0.0,2.31,0.0091,0.0091,0.0,1
47,-0.2777777777777778,-0.5555555555555556,0.0,2.32,0.0083,0.0083,0.0,1
47,-0.2777777777777778,-0.5555555555555556,0.0,2.33,0.0077,0.0077,0.0,1
47,-0.2777777777777778,-0.5555555555555556,0.0,2.34,0.0073,0.0073,0.0,1
47,-0.2777777777777778,-0.5555555555555556,0.0,2.35,0.0073,0.0073,0.0,1
47,-0.2777777777777778,-0.5555555555555556,0.0,2.36,0.0074,0.0074,0.0,1
47,-0.2777777777777778,-0.5555555555555556,0.0,2.37,0.0077,0.0077,0.0,1
47,-0.2777777777777778,-0.5555555555555556,0.0,2.38,0.008,0.008,0.0,1
47,-0.2777777777777778,-0.5555555555555556,0.0,2.39,0.0082,0.0082,0.0,1
47,-0.2777777777777778,-0.5555555555555556,0.0,2.4,0.0082,0.0082,0.0,1
47,-0.2777777777777778,-0.5555555555555556,0.0,2.41,0.0079,0.0079,0.0,1
47,-0.2777777777777778,-0.5555555555555556,0.0,2.42,0.0075,0.0075,0.0,1
47,-0.2777777777777778,-0.5555555555555556,0.0,2.43,0.0068,0.0068,0.0,1
47,-0.2777777777777778,-0.5555555555555556,0.0,2.44,0.0059,0.0059,0.0,1
47,-0.2777777777777778,-0.5555555555555556,0.0,2.45,0.005,0.005,0.0,1
47,-0.2777777777777778,-0.5555555555555556,0.0,2.46,0.004,0.004,0.0,1
47,-0.2777777777777778,-0.5555555555555556,0.0,2.47,0.0031,0.0031,0.0,1
47,-0.2777777777777778,-0.5555555555555556,0.0,2.48,0.0023,0.0023,0.0,1
47,-0.2777777777777778,-0.5555555555555556,0.0,2.49,0.0017,0.0017,0.0,1
47,-0.2777777777777778,-0.5555555555555556,0.0,2.5,0.0011,0.0011,0.0,1
47,-0.2777777777777778,-0.5555555555555556,0.0,2.51,0.0008,0.0008,0.0,1
47,-0.2777777777777778,-0.5555555555555556,0.0,2.52,0.0005,0.0005,0.0,1
47,-0.2777777777777778,-0.5555555555555556,0.0,2.53,0.0003,0.0003,0.0,1
47,-0.2777777777777778,-0.5555555555555556,0.0,2.54,0.0002,0.0002,0.0,1
47,-0.2777777777777778,-0.5555555555555556,0.0,2.55,0.0001,0.0001,0.0,1
47,-0.2777777777777778,-0.5555555555555556,0.0,2.56,0.0001,0.0001,0.0,1
47,-0.2777777777777778,-0.5555555555555556,0.0,2.57,0.0,0.0,,0
47,-0.2777777777777778,-0.5555555555555556,0.0,2.58,0.0,0.0,,0
47,-0.2777777777777778,-0.5555555555555556,0.0,2.59,0.0,0.0,,0
47,-0.2777777777777778,-0.5555555555555556,0.0,2.6,0.0,0.0,,0
47,-0.2777777777777778,-0.5555555555555556,0.0,2.61,0.0,0.0,,0
47,-0.2777777777777778,-0.5555555555555556,0.0,2.62,0.0,0.0,,0
47,-0.2777777777777778,-0.5555555555555556,0.0,2.63,0.0,0.0,,0
47,-0.2777777777777778,-0.5555555555555556,0.0,2.64,0.0,0.0,,0
47,-0.2777777777777778,-0.5555555555555556,0.0,2.65,0.0,0.0,,0
47,-0.2777777777777778,-0.5555555555555556,0.0,2.66,0.0,0.0,,0
47,-0.2777777777777778,-0.5555555555555556,0.0,2.67,0.0,0.0,,0
47,-0.2777777777777778,-0.5555555555555556,0.0,2.68,0.0,0.0,,0
47,-0.2777777777777778,-0.5555555555555556,0.0,2.69,0.0,0.0,,0
47,-0.2777777777777778,-0.5555555555555556,0.0,2.7,0.0,0.0,,0
47,-0.2777777777777778,-0.5555555555555556,0.0,2.71,0.0,0.0,,0
47,-0.2777777777777778,-0.5555555555555556,0.0,2.72,0.0,0.0,,0
47,-0.2777777777777778,-0.5555555555555556,0.0,2.73,0.0,0.0,,0
47,-0.2777777777777778,-0.5555555555555556,0.0,2.74,0.0,0.0,,0
47,-0.2777777777777778,-0.5555555555555556,0.0,2.75,0.0,0.0,,0
47,-0.2777777777777778,-0.5555555555555556,0.0,2.76,0.0,0.0,,0
47,-0.2777777777777778,-0.5555555555555556,0.0,2.77,0.0,0.0,,0
47,-0.2777777777777778,-0.5555555555555556,0.0,2.78,0.0,0.0,,0
47,-0.2777777777777778,-0.5555555555555556,0.0,2.79,0.0,0.0,,0
47,-0.2777777777777778,-0.5555555555555556,0.0,2.8,0.0,0.0,,0
47,-0.2777777777777778,-0.5555555555555556,0.0,2.81,0.0,0.0,,0
47,-0.2777777777777778,-0.5555555555555556,0.0,2.82,0.0,0.0,,0
47,-0.2777777777777778,-0.5555555555555556,0.0,2.83,0.0,0.0,,0
47,-0.2777777777777778,-0.5555555555555556,0.0,2.84,0.0,0.0,,0
47,-0.2777777777777778,-0.5555555555555556,0.0,2.85,0.0,0.0,,0
47,-0.2777777777777778,-0.5555555555555556,0.0,2.86,0.0,0.0,,0
47,-0.2777777777777778,-0.5555555555555556,0.0,2.87,0.0,0.0,,0
47,-0.2777777777777778,-0.5555555555555556,0.0,2.88,0.0,0.0,,0
47,-0.2777777777777778,-0.5555555555555556,0.0,2.89,0.0,0.0,,0
47,-0.2777777777777778,-0.5555555555555556,0.0,2.9,0.0,0.0,,0
47,-0.2777777777777778,-0.5555555555555556,0.0,2.91,0.0,0.0,,0
47,-0.2777777777777778,-0.5555555555555556,0.0,2.92,0.0,0.0,,0
47,-0.2777777777777778,-0.5555555555555556,0.0,2.93,0.0,0.0,,0
47,-0.2777777777777778,-0.5555555555555556,0.0,2.94,0.0,0.0,,0
47,-0.2777777777777778,-0.5555555555555556,0.0,2.95,0.0,0.0,,0
47,-0.2777777777777778,-0.5555555555555556,0.0,2.96,0.0,0.0,,0
47,-0.2777777777777778,-0.5555555555555556,0.0,2.97,0.0,0.0,,0
47,-0.2777777777777778,-0.5555555555555556,0.0,2.98,0.0,0.0,,0
47,-0.2777777777777778,-0.5555555555555556,0.0,2.99,0.0,0.0,,0
47,-0.2777777777777778,-0.5555555555555556,0.0,3.0,0.0,0.0,,0
47,-0.2777777777777778,-0.5555555555555556,0.0,3.01,0.0,0.0,,0
47,-0.2777777777777778,-0.5555555555555556,0.0,3.02,0.0,0.0,,0
47,-0.2777777777777778,-0.5555555555555556,0.0,3.03,0.0,0.0,,0
47,-0.2777777777777778,-0.5555555555555556,0.0,3.04,0.0,0.0,,0
47,-0.2777777777777778,-0.5555555555555556,0.0,3.05,0.0,0.0,,0
47,-0.2777777777777778,-0.5555555555555556,0.0,3.06,0.0,0.0,,0
47,-0.2777777777777778,-0.5555555555555556,0.0,3.07,0.0,0.0,,0
47,-0.2777777777777778,-0.5555555555555556,0.0,3.08,0.0,0.0,,0
47,-0.2777777777777778,-0.5555555555555556,0.0,3.09,0.0,0.0,,0
47,-0.2777777777777778,-0.5555555555555556,0.0,3.1,0.0,0.0,,0
47,-0.2777777777777778,-0.5555555555555556,0.0,3.11,0.0,0.0,,0
47,-0.2777777777777778,-0.5555555555555556,0.0,3.12,0.0,0.0,,0
47,-0.2777777777777778,-0.5555555555555556,0.0,3.13,0.0,0.0,,0
47,-0.2777777777777778,-0.5555555555555556,0.0,3.14,0.0,0.0,,0
47,-0.2777777777777778,-0.5555555555555556,0.0,3.15,0.0,0.0,,0
47,-0.2777777777777778,-0.5555555555555556,0.0,3.16,0.0,0.0,,0
47,-0.2777777777777778,-0.5555555555555556,0.0,3.17,0.0,0.0,,0
47,-0.2777777777777778,-0.5555555555555556,0.0,3.18,0.0,0.0,,0
47,-0.2777777777777778,-0.5555555555555556,0.0,3.19,0.0,0.0,,0
47,-0.2777777777777778,-0.5555555555555556,0.0,3.2,0.0,0.0,,0
47,-0.2777777777777778,-0.5555555555555556,0.0,3.21,0.0,0.0,,0
47,-0.2777777777777778,-0.5555555555555556,0.0,3.22,0.0,0.0,,0
47,-0.2777777777777778,-0.5555555555555556,0.0,3.23,0.0,0.0,,0
47,-0.2777777777777778,-0.5555555555555556,0.0,3.24,0.0,0.0,,0
47,-0.2777777777777778,-0.5555555555555556,0.0,3.25,0.0,0.0,,0
47,-0.2777777777777778,-0.5555555555555556,0.0,3.26,0.0,0.0,,0
47,-0.2777777777777778,-0.5555555555555556,0.0,3.27,0.0,0.0,,0
47,-0.2777777777777778,-0.5555555555555556,0.0,3.28,0.0,0.0,,0
47,-0.2777777777777778,-0.5555555555555556,0.0,3.29,0.0,0.0,,0
47,-0.2777777777777778,-0.5555555555555556,0.0,3.3,0.0,0.0,,0
47,-0.2777777777777778,-0.5555555555555556,0.0,3.31,0.0,0.0,,0
47,-0.2777777777777778,-0.5555555555555556,0.0,3.32,0.0,0.0,,0
47,-0.2777777777777778,-0.5555555555555556,0.0,3.33,0.0,0.0,,0
47,-0.2777777777777778,-0.5555555555555556,0.0,3.34,0.0,0.0,,0
47,-0.2777777777777778,-0.5555555555555556,0.0,3.35,0.0,0.0,,0
47,-0.2777777777777778,-0.5555555555555556,0.0,3.36,0.0,0.0,,0
47,-0.2777777777777778,-0.5555555555555556,0.0,3.37,0.0,0.0,,0
47,-0.2777777777777778,-0.5555555555555556,0.0,3.38,0.0,0.0,,0
47,-0.2777777777777778,-0.5555555555555556,0.0,3.39,0.0,0.0,,0
47,-0.2777777777777778,-0.5555555555555556,0.0,3.4,0.0,0.0,,0
47,-0.2777777777777778,-0.5555555555555556,0.0,3.41,0.0,0.0,,0
47,-0.2777777777777778,-0.5555555555555556,0.0,3.42,0.0,0.0,,0
47,-0.2777777777777778,-0.5555555555555556,0.0,3.43,0.0,0.0,,0
47,-0.2777777777777778,-0.5555555555555556,0.0,3.44,0.0,0.0,,0
47,-0.2777777777777778,-0.5555555555555556,0.0,3.45,0.0,0.0,,0
47,-0.2777777777777778,-0.5555555555555556,0.0,3.46,0.0,0.0,,0
47,-0.2777777777777778,-0.5555555555555556,0.0,3.47,0.0,0.0,,0
47,-0.2777777777777778,-0.5555555555555556,0.0,3.48,0.0,0.0,,0
47,-0.2777777777777778,-0.5555555555555556,0.0,3.49,0.0,0.0,,0
47,-0.2777777777777778,-0.5555555555555556,0.0,3.5,0.0,0.0,,0
47,-0.2777777777777778,-0.5555555555555556,0.0,3.51,0.0,0.0,,0
47,-0.2777777777777778,-0.5555555555555556,0.0,3.52,0.0,0.0,,0
47,-0.2777777777777778,-0.5555555555555556,0.0,3.53,0.0,0.0,,0
47,-0.2777777777777778,-0.5555555555555556,0.0,3.54,0.0,0.0,,0
47,-0.2777777777777778,-0.5555555555555556,0.0,3.55,0.0,0.0,,0
47,-0.2777777777777778,-0.5555555555555556,0.0,3.56,0.0,0.0,,0
47,-0.2777777777777778,-0.5555555555555556,0.0,3.57,0.0,0.0,,0
47,-0.2777777777777778,-0.5555555555555556,0.0,3.58,0.0,0.0,,0
47,-0.2777777777777778,-0.5555555555555556,0.0,3.59,0.0,0.0,,0
47,-0.2777777777777778,-0.5555555555555556,0.0,3.6,0.0,0.0,,0
47,-0.2777777777777778,-0.5555555555555556,0.0,3.61,0.0,0.0,,0
47,-0.2777777777777778,-0.5555555555555556,0.0,3.62,0.0,0.0,,0
47,-0.2777777777777778,-0.5555555555555556,0.0,3.63,0.0,0.0,,0
47,-0.2777777777777778,-0.5555555555555556,0.0,3.64,0.0,0.0,,0
47,-0.2777777777777778,-0.5555555555555556,0.0,3.65,0.0,0.0,,0
47,-0.2777777777777778,-0.5555555555555556,0.0,3.66,0.0,0.0,,0
47,-0.2777777777777778,-0.5555555555555556,0.0,3.67,0.0,0.0,,0
47,-0.2777777777777778,-0.5555555555555556,0.0,3.68,0.0,0.0,,0
47,-0.2777777777777778,-0.5555555555555556,0.0,3.69,0.0,0.0,,0
47,-0.2777777777777778,-0.5555555555555556,0.0,3.7,0.0,0.0,,0
47,-0.2777777777777778,-0.5555555555555556,0.0,3.71,0.0,0.0,,0
47,-0.2777777777777778,-0.5555555555555556,0.0,3.72,0.0,0.0,,0
47,-0.2777777777777778,-0.5555555555555556,0.0,3.73,0.0,0.0,,0
47,-0.2777777777777778,-0.5555555555555556,0.0,3.74,0.0001,0.0001,0.0,1
47,-0.2777777777777778,-0.5555555555555556,0.0,3.75,0.0001,0.0001,0.0,1
47,-0.2777777777777778,-0.5555555555555556,0.0,3.76,0.0001,0.0001,0.0,1
47,-0.2777777777777778,-0.5555555555555556,0.0,3.77,0.0001,0.0001,0.0,1
47,-0.2777777777777778,-0.5555555555555556,0.0,3.78,0.0001,0.0001,0.0,1
47,-0.2777777777777778,-0.5555555555555556,0.0,3.79,0.0001,0.0001,0.0,1
47,-0.2777777777777778,-0.5555555555555556,0.0,3.8,0.0001,0.0001,0.0,1
47,-0.2777777777777778,-0.5555555555555556,0.0,3.81,0.0001,0.0001,0.0,1
47,-0.2777777777777778,-0.5555555555555556,0.0,3.82,0.0001,0.0001,0.0,1
47,-0.2777777777777778,-0.5555555555555556,0.0,3.83,0.0001,0.0001,0.0,1
47,-0.2777777777777778,-0.5555555555555556,0.0,3.84,0.0001,0.0001,0.0,1
47,-0.2777777777777778,-0.5555555555555556,0.0,3.85,0.0,0.0,,0
47,-0.2777777777777778,-0.5555555555555556,0.0,3.86,0.0,0.0,,0
47,-0.2777777777777778,-0.5555555555555556,0.0,3.87,0.0,0.0,,0
47,-0.2777777777777778,-0.5555555555555556,0.0,3.88,0.0,0.0,,0
47,-0.2777777777777778,-0.5555555555555556,0.0,3.89,0.0,0.0,,0
47,-0.2777777777777778,-0.5555555555555556,0.0,3.9,0.0,0.0,,0
47,-0.2777777777777778,-0.5555555555555556,0.0,3.91,0.0001,0.0001,0.0,1
47,-0.2777777777777778,-0.5555555555555556,0.0,3.92,0.0001,0.0001,0.0,1
47,-0.2777777777777778,-0.5555555555555556,0.0,3.93,0.0001,0.0001,0.0,1
47,-0.2777777777777778,-0.5555555555555556,0.0,3.94,0.0001,0.0001,0.0,1
47,-0.2777777777777778,-0.5555555555555556,0.0,3.95,0.0001,0.0001,0.0,1
47,-0.2777777777777778,-0.5555555555555556,0.0,3.96,0.0001,0.0001,0.0,1
47,-0.2777777777777778,-0.5555555555555556,0.0,3.97,0.0001,0.0001,0.0,1
47,-0.2777777777777778,-0.5555555555555556,0.0,3.98,0.0001,0.0001,0.0,1
47,-0.2777777777777778,-0.5555555555555556,0.0,3.99,0.0001,0.0001,0.0,1
47,-0.2777777777777778,-0.5555555555555556,0.0,4.0,0.0001,0.0001,0.0,1
48,-0.3055555555555555,-0.611111111111111,0.0,0.5,0.0,0.0,,0
48,-0.3055555555555555,-0.611111111111111,0.0,0.51,0.0,0.0,,0
48,-0.3055555555555555,-0.611111111111111,0.0,0.52,0.0,0.0,,0
48,-0.3055555555555555,-0.611111111111111,0.0,0.53,0.0,0.0,,0
48,-0.3055555555555555,-0.611111111111111,0.0,0.54,0.0,0.0,,0
48,-0.3055555555555555,-0.611111111111111,0.0,0.55,0.0,0.0,,0
48,-0.3055555555555555,-0.611111111111111,0.0,0.56,0.0,0.0,,0
48,-0.3055555555555555,-0.611111111111111,0.0,0.57,0.0,0.0,,0
48,-0.3055555555555555,-0.611111111111111,0.0,0.58,0.0,0.0,,0
48,-0.3055555555555555,-0.611111111111111,0.0,0.59,0.0,0.0,,0
48,-0.3055555555555555,-0.611111111111111,0.0,0.6,0.0,0.0,,0
48,-0.3055555555555555,-0.611111111111111,0.0,0.61,0.0,0.0,,0
48,-0.3055555555555555,-0.611111111111111,0.0,0.62,0.0,0.0,,0
48,-0.3055555555555555,-0.611111111111111,0.0,0.63,0.0,0.0,,0
48,-0.3055555555555555,-0.611111111111111,0.0,0.64,0.0,0.0,,0
48,-0.3055555555555555,-0.611111111111111,0.0,0.65,0.0,0.0,,0
48,-0.3055555555555555,-0.611111111111111,0.0,0.66,0.0,0.0,,0
48,-0.3055555555555555,-0.611111111111111,0.0,0.67,0.0,0.0,,0
48,-0.3055555555555555,-0.611111111111111,0.0,0.68,0.0,0.0,,0
48,-0.3055555555555555,-0.611111111111111,0.0,0.69,0.0,0.0,,0
48,-0.3055555555555555,-0.611111111111111,0.0,0.7,0.0,0.0,,0
48,-0.3055555555555555,-0.611111111111111,0.0,0.71,0.0,0.0,,0
48,-0.3055555555555555,-0.611111111111111,0.0,0.72,0.0,0.0,,0
48,-0.3055555555555555,-0.611111111111111,0.0,0.73,0.0,0.0,,0
48,-0.3055555555555555,-0.611111111111111,0.0,0.74,0.0,0.0,,0
48,-0.3055555555555555,-0.611111111111111,0.0,0.75,0.0,0.0,,0
48,-0.3055555555555555,-0.611111111111111,0.0,0.76,0.0,0.0,,0
48,-0.3055555555555555,-0.611111111111111,0.0,0.77,0.0,0.0,,0
48,-0.3055555555555555,-0.611111111111111,0.0,0.78,0.0,0.0,,0
48,-0.3055555555555555,-0.611111111111111,0.0,0.79,0.0,0.0,,0
48,-0.3055555555555555,-0.611111111111111,0.0,0.8,0.0,0.0,,0
48,-0.3055555555555555,-0.611111111111111,0.0,0.81,0.0,0.0,,0
48,-0.3055555555555555,-0.611111111111111,0.0,0.82,0.0,0.0,,0
48,-0.3055555555555555,-0.611111111111111,0.0,0.83,0.0,0.0,,0
48,-0.3055555555555555,-0.611111111111111,0.0,0.84,0.0,0.0,,0
48,-0.3055555555555555,-0.611111111111111,0.0,0.85,0.0,0.0,,0
48,-0.3055555555555555,-0.611111111111111,0.0,0.86,0.0,0.0,,0
48,-0.3055555555555555,-0.611111111111111,0.0,0.87,0.0,0.0,,0
48,-0.3055555555555555,-0.611111111111111,0.0,0.88,0.0,0.0,,0
48,-0.3055555555555555,-0.611111111111111,0.0,0.89,0.0,0.0,,0
48,-0.3055555555555555,-0.611111111111111,0.0,0.9,0.0,0.0,,0
48,-0.3055555555555555,-0.611111111111111,0.0,0.91,0.0,0.0,,0
48,-0.3055555555555555,-0.611111111111111,0.0,0.92,0.0,0.0,,0
48,-0.3055555555555555,-0.611111111111111,0.0,0.93,0.0,0.0,,0
48,-0.3055555555555555,-0.611111111111111,0.0,0.94,0.0,0.0,,0
48,-0.3055555555555555,-0.611111111111111,0.0,0.95,0.0,0.0,,0
48,-0.3055555555555555,-0.611111111111111,0.0,0.96,0.0,0.0,,0
48,-0.3055555555555555,-0.611111111111111,0.0,0.97,0.0,0.0,,0
48,-0.3055555555555555,-0.611111111111111,0.0,0.98,0.0,0.0,,0
48,-0.3055555555555555,-0.611111111111111,0.0,0.99,0.0,0.0,,0
48,-0.3055555555555555,-0.611111111111111,0.0,1.0,0.0,0.0,,0
48,-0.3055555555555555,-0.611111111111111,0.0,1.01,0.0,0.0,,0
48,-0.3055555555555555,-0.611111111111111,0.0,1.02,0.0,0.0,,0
48,-0.3055555555555555,-0.611111111111111,0.0,1.03,0.0,0.0,,0
48,-0.3055555555555555,-0.611111111111111,0.0,1.04,0.0,0.0,,0
48,-0.3055555555555555,-0.611111111111111,0.0,1.05,0.0,0.0,,0
48,-0.3055555555555555,-0.611111111111111,0.0,1.06,0.0,0.0,,0
48,-0.3055555555555555,-0.611111111111111,0.0,1.07,0.0,0.0,,0
48,-0.3055555555555555,-0.611111111111111,0.0,1.08,0.0,0.0,,0
48,-0.3055555555555555,-0.611111111111111,0.0,1.09,0.0,0.0,,0
48,-0.3055555555555555,-0.611111111111111,0.0,1.1,0.0,0.0,,0
48,-0.3055555555555555,-0.611111111111111,0.0,1.11,0.0,0.0,,0
48,-0.3055555555555555,-0.611111111111111,0.0,1.12,0.0,0.0,,0
48,-0.3055555555555555,-0.611111111111111,0.0,1.13,0.0,0.0,,0
48,-0.3055555555555555,-0.611111111111111,0.0,1.14,0.0,0.0,,0
48,-0.3055555555555555,-0.611111111111111,0.0,1.15,0.0,0.0,,0
48,-0.3055555555555555,-0.611111111111111,0.0,1.16,0.0,0.0,,0
48,-0.3055555555555555,-0.611111111111111,0.0,1.17,0.0,0.0,,0
48,-0.3055555555555555,-0.611111111111111,0.0,1.18,0.0,0.0,,0
48,-0.3055555555555555,-0.611111111111111,0.0,1.19,0.0,0.0,,0
48,-0.3055555555555555,-0.611111111111111,0.0,1.2,0.0,0.0,,0
48,-0.3055555555555555,-0.611111111111111,0.0,1.21,0.0,0.0,,0
48,-0.3055555555555555,-0.611111111111111,0.0,1.22,0.0,0.0,,0
48,-0.3055555555555555,-0.611111111111111,0.0,1.23,0.0,0.0,,0
48,-0.3055555555555555,-0.611111111111111,0.0,1.24,0.0,0.0,,0
48,-0.3055555555555555,-0.611111111111111,0.0,1.25,0.0,0.0,,0
48,-0.3055555555555555,-0.611111111111111,0.0,1.26,0.0,0.0,,0
48,-0.3055555555555555,-0.611111111111111,0.0,1.27,0.0,0.0,,0
48,-0.3055555555555555,-0.611111111111111,0.0,1.28,0.0,0.0,,0
48,-0.3055555555555555,-0.611111111111111,0.0,1.29,0.0,0.0,,0
48,-0.3055555555555555,-0.611111111111111,0.0,1.3,0.0,0.0,,0
48,-0.3055555555555555,-0.611111111111111,0.0,1.31,0.0,0.0,,0
48,-0.3055555555555555,-0.611111111111111,0.0,1.32,0.0,0.0,,0
48,-0.3055555555555555,-0.611111111111111,0.0,1.33,0.0,0.0,,0
48,-0.3055555555555555,-0.611111111111111,0.0,1.34,0.0,0.0,,0
48,-0.3055555555555555,-0.611111111111111,0.0,1.35,0.0,0.0,,0
48,-0.3055555555555555,-0.611111111111111,0.0,1.36,0.0,0.0,,0
48,-0.3055555555555555,-0.611111111111111,0.0,1.37,0.0,0.0,,0
48,-0.3055555555555555,-0.611111111111111,0.0,1.38,0.0,0.0,,0
48,-0.3055555555555555,-0.611111111111111,0.0,1.39,0.0,0.0,,0
48,-0.3055555555555555,-0.611111111111111,0.0,1.4,0.0,0.0,,0
48,-0.3055555555555555,-0.611111111111111,0.0,1.41,0.0,0.0,,0
48,-0.3055555555555555,-0.611111111111111,0.0,1.42,0.0,0.0,,0
48,-0.3055555555555555,-0.611111111111111,0.0,1.43,0.0,0.0,,0
48,-0.3055555555555555,-0.611111111111111,0.0,1.44,0.0,0.0,,0
48,-0.3055555555555555,-0.611111111111111,0.0,1.45,0.0,0.0,,0
48,-0.3055555555555555,-0.611111111111111,0.0,1.46,0.0,0.0,,0
48,-0.3055555555555555,-0.611111111111111,0.0,1.47,0.0,0.0,,0
48,-0.3055555555555555,-0.611111111111111,0.0,1.48,0.0,0.0,,0
48,-0.3055555555555555,-0.611111111111111,0.0,1.49,0.0,0.0,,0
48,-0.3055555555555555,-0.611111111111111,0.0,1.5,0.0,0.0,,0
48,-0.3055555555555555,-0.611111111111111,0.0,1.51,0.0,0.0,,0
48,-0.3055555555555555,-0.611111111111111,0.0,1.52,0.0,0.0,,0
48,-0.3055555555555555,-0.611111111111111,0.0,1.53,0.0,0.0,,0
48,-0.3055555555555555,-0.611111111111111,0.0,1.54,0.0,0.0,,0
48,-0.3055555555555555,-0.611111111111111,0.0,1.55,0.0,0.0,,0
48,-0.3055555555555555,-0.611111111111111,0.0,1.56,0.0,0.0,,0
48,-0.3055555555555555,-0.611111111111111,0.0,1.57,0.0,0.0,,0
48,-0.3055555555555555,-0.611111111111111,0.0,1.58,0.0,0.0,,0
48,-0.3055555555555555,-0.611111111111111,0.0,1.59,0.0,0.0,,0
48,-0.3055555555555555,-0.611111111111111,0.0,1.6,0.0,0.0,,0
48,-0.3055555555555555,-0.611111111111111,0.0,1.61,0.0,0.0,,0
48,-0.3055555555555555,-0.611111111111111,0.0,1.62,0.0,0.0,,0
48,-0.3055555555555555,-0.611111111111111,0.0,1.63,0.0,0.0,,0
48,-0.3055555555555555,-0.611111111111111,0.0,1.64,0.0,0.0,,0
48,-0.3055555555555555,-0.611111111111111,0.0,1.65,0.0001,0.0001,0.0,1
48,-0.3055555555555555,-0.611111111111111,0.0,1.66,0.0002,0.0002,0.0,1
48,-0.3055555555555555,-0.611111111111111,0.0,1.67,0.0003,0.0003,0.0,1
48,-0.3055555555555555,-0.611111111111111,0.0,1.68,0.0005,0.0005,0.0,1
48,-0.3055555555555555,-0.611111111111111,0.0,1.69,0.0009,0.0009,0.0,1
48,-0.3055555555555555,-0.611111111111111,0.0,1.7,0.0014,0.0014,0.0,1
48,-0.3055555555555555,-0.611111111111111,0.0,1.71,0.0022,0.0022,0.0,1
48,-0.3055555555555555,-0.611111111111111,0.0,1.72,0.0033,0.0033,0.0,1
48,-0.3055555555555555,-0.611111111111111,0.0,1.73,0.0047,0.0047,0.0,1
48,-0.3055555555555555,-0.611111111111111,0.0,1.74,0.0066,0.0066,0.0,1
48,-0.3055555555555555,-0.611111111111111,0.0,1.75,0.0088,0.0088,0.0,1
48,-0.3055555555555555,-0.611111111111111,0.0,1.76,0.0114,0.0114,0.0,1
48,-0.3055555555555555,-0.611111111111111,0.0,1.77,0.0143,0.0143,0.0,1
48,-0.3055555555555555,-0.611111111111111,0.0,1.78,0.0173,0.0173,0.0,1
48,-0.3055555555555555,-0.611111111111111,0.0,1.79,0.0202,0.0202,0.0,1
48,-0.3055555555555555,-0.611111111111111,0.0,1.8,0.0227,0.0227,0.0,1
48,-0.3055555555555555,-0.611111111111111,0.0,1.81,0.0248,0.0248,0.0,1
48,-0.3055555555555555,-0.611111111111111,0.0,1.82,0.0261,0.0261,0.0,1
48,-0.3055555555555555,-0.611111111111111,0.0,1.83,0.0266,0.0266,0.0,1
48,-0.3055555555555555,-0.611111111111111,0.0,1.84,0.0263,0.0263,0.0,1
48,-0.3055555555555555,-0.611111111111111,0.0,1.85,0.0252,0.0252,0.0,1
48,-0.3055555555555555,-0.611111111111111,0.0,1.86,0.0235,0.0235,0.0,1
48,-0.3055555555555555,-0.611111111111111,0.0,1.87,0.0215,0.0215,0.0,1
48,-0.3055555555555555,-0.611111111111111,0.0,1.88,0.0194,0.0194,0.0,1
48,-0.3055555555555555,-0.611111111111111,0.0,1.89,0.0175,0.0175,0.0,1
48,-0.3055555555555555,-0.611111111111111,0.0,1.9,0.0161,0.0161,0.0,1
48,-0.3055555555555555,-0.611111111111111,0.0,1.91,0.0152,0.0152,0.0,1
48,-0.3055555555555555,-0.611111111111111,0.0,1.92,0.0151,0.0151,0.0,1
48,-0.3055555555555555,-0.611111111111111,0.0,1.93,0.0156,0.0156,0.0,1
48,-0.3055555555555555,-0.611111111111111,0.0,1.94,0.0166,0.0166,0.0,1
48,-0.3055555555555555,-0.611111111111111,0.0,1.95,0.018,0.018,0.0,1
48,-0.3055555555555555,-0.611111111111111,0.0,1.96,0.0195,0.0195,0.0,1
48,-0.3055555555555555,-0.611111111111111,0.0,1.97,0.0208,0.0208,0.0,1
48,-0.3055555555555555,-0.611111111111111,0.0,1.98,0.0218,0.0218,0.0,1
48,-0.3055555555555555,-0.611111111111111,0.0,1.99,0.0222,0.0222,0.0,1
48,-0.3055555555555555,-0.611111111111111,0.0,2.0,0.022,0.022,0.0,1
48,-0.3055555555555555,-0.611111111111111,0.0,2.01,0.0211,0.0211,0.0,1
48,-0.3055555555555555,-0.611111111111111,0.0,2.02,0.0195,0.0195,0.0,1
48,-0.3055555555555555,-0.611111111111111,0.0,2.03,0.0175,0.0175,0.0,1
48,-0.3055555555555555,-0.611111111111111,0.0,2.04,0.0152,0.0152,0.0,1
48,-0.3055555555555555,-0.611111111111111,0.0,2.05,0.0127,0.0127,0.0,1
48,-0.3055555555555555,-0.611111111111111,0.0,2.06,0.0103,0.0103,0.0,1
48,-0.3055555555555555,-0.611111111111111,0.0,2.07,0.008,0.008,0.0,1
48,-0.3055555555555555,-0.611111111111111,0.0,2.08,0.006,0.006,0.0,1
48,-0.3055555555555555,-0.611111111111111,0.0,2.09,0.0044,0.0044,0.0,1
48,-0.3055555555555555,-0.611111111111111,0.0,2.1,0.0031,0.0031,0.0,1
48,-0.3055555555555555,-0.611111111111111,0.0,2.11,0.0021,0.0021,0.0,1
48,-0.3055555555555555,-0.611111111111111,0.0,2.12,0.0014,0.0014,0.0,1
48,-0.3055555555555555,-0.611111111111111,0.0,2.13,0.0008,0.0008,0.0,1
48,-0.3055555555555555,-0.611111111111111,0.0,2.14,0.0005,0.0005,0.0,1
48,-0.3055555555555555,-0.611111111111111,0.0,2.15,0.0003,0.0003,0.0,1
48,-0.3055555555555555,-0.611111111111111,0.0,2.16,0.0002,0.0002,0.0,1
48,-0.3055555555555555,-0.611111111111111,0.0,2.17,0.0001,0.0001,0.0,1
48,-0.3055555555555555,-0.611111111111111,0.0,2.18,0.0,0.0,,0
48,-0.3055555555555555,-0.611111111111111,0.0,2.19,0.0,0.0,,0
48,-0.3055555555555555,-0.611111111111111,0.0,2.2,0.0,0.0,,0
48,-0.3055555555555555,-0.611111111111111,0.0,2.21,0.0,0.0,,0
48,-0.3055555555555555,-0.611111111111111,0.0,2.22,0.0,0.0,,0
48,-0.3055555555555555,-0.611111111111111,0.0,2.23,0.0,0.0,,0
48,-0.3055555555555555,-0.611111111111111,0.0,2.24,0.0,0.0,,0
48,-0.3055555555555555,-0.611111111111111,0.0,2.25,0.0,0.0,,0
48,-0.3055555555555555,-0.611111111111111,0.0,2.26,0.0,0.0,,0
48,-0.3055555555555555,-0.611111111111111,0.0,2.27,0.0,0.0,,0
48,-0.3055555555555555,-0.611111111111111,0.0,2.28,0.0,0.0,,0
48,-0.3055555555555555,-0.611111111111111,0.0,2.29,0.0,0.0,,0
48,-0.3055555555555555,-0.611111111111111,0.0,2.3,0.0,0.0,,0
48,-0.3055555555555555,-0.611111111111111,0.0,2.31,0.0,0.0,,0
48,-0.3055555555555555,-0.611111111111111,0.0,2.32,0.0,0.0,,0
48,-0.3055555555555555,-0.611111111111111,0.0,2.33,0.0,0.0,,0
48,-0.3055555555555555,-0.611111111111111,0.0,2.34,0.0,0.0,,0
48,-0.3055555555555555,-0.611111111111111,0.0,2.35,0.0,0.0,,0
48,-0.3055555555555555,-0.611111111111111,0.0,2.36,0.0,0.0,,0
48,-0.3055555555555555,-0.611111111111111,0.0,2.37,0.0,0.0,,0
48,-0.3055555555555555,-0.611111111111111,0.0,2.38,0.0,0.0,,0
48,-0.3055555555555555,-0.611111111111111,0.0,2.39,0.0,0.0,,0
48,-0.3055555555555555,-0.611111111111111,0.0,2.4,0.0,0.0,,0
48,-0.3055555555555555,-0.611111111111111,0.0,2.41,0.0,0.0,,0
48,-0.3055555555555555,-0.611111111111111,0.0,2.42,0.0,0.0,,0
48,-0.3055555555555555,-0.611111111111111,0.0,2.43,0.0,0.0,,0
48,-0.3055555555555555,-0.611111111111111,0.0,2.44,0.0,0.0,,0
48,-0.3055555555555555,-0.611111111111111,0.0,2.45,0.0,0.0,,0
48,-0.3055555555555555,-0.611111111111111,0.0,2.46,0.0,0.0,,0
48,-0.3055555555555555,-0.611111111111111,0.0,2.47,0.0,0.0,,0
48,-0.3055555555555555,-0.611111111111111,0.0,2.48,0.0,0.0,,0
48,-0.3055555555555555,-0.611111111111111,0.0,2.49,0.0,0.0,,0
48,-0.3055555555555555,-0.611111111111111,0.0,2.5,0.0,0.0,,0
48,-0.3055555555555555,-0.611111111111111,0.0,2.51,0.0,0.0,,0
48,-0.3055555555555555,-0.611111111111111,0.0,2.52,0.0,0.0,,0
48,-0.3055555555555555,-0.611111111111111,0.0,2.53,0.0,0.0,,0
48,-0.3055555555555555,-0.611111111111111,0.0,2.54,0.0,0.0,,0
48,-0.3055555555555555,-0.611111111111111,0.0,2.55,0.0,0.0,,0
48,-0.3055555555555555,-0.611111111111111,0.0,2.56,0.0,0.0,,0
48,-0.3055555555555555,-0.611111111111111,0.0,2.57,0.0,0.0,,0
48,-0.3055555555555555,-0.611111111111111,0.0,2.58,0.0,0.0,,0
48,-0.3055555555555555,-0.611111111111111,0.0,2.59,0.0,0.0,,0
48,-0.3055555555555555,-0.611111111111111,0.0,2.6,0.0,0.0,,0
48,-0.3055555555555555,-0.611111111111111,0.0,2.61,0.0,0.0,,0
48,-0.3055555555555555,-0.611111111111111,0.0,2.62,0.0,0.0,,0
48,-0.3055555555555555,-0.611111111111111,0.0,2.63,0.0,0.0,,0
48,-0.3055555555555555,-0.611111111111111,0.0,2.64,0.0,0.0,,0
48,-0.3055555555555555,-0.611111111111111,0.0,2.65,0.0,0.0,,0
48,-0.3055555555555555,-0.611111111111111,0.0,2.66,0.0,0.0,,0
48,-0.3055555555555555,-0.611111111111111,0.0,2.67,0.0,0.0,,0
48,-0.3055555555555555,-0.611111111111111,0.0,2.68,0.0,0.0,,0
48,-0.3055555555555555,-0.611111111111111,0.0,2.69,0.0,0.0,,0
48,-0.3055555555555555,-0.611111111111111,0.0,2.7,0.0,0.0,,0
48,-0.3055555555555555,-0.611111111111111,0.0,2.71,0.0,0.0,,0
48,-0.3055555555555555,-0.611111111111111,0.0,2.72,0.0,0.0,,0
48,-0.3055555555555555,-0.611111111111111,0.0,2.73,0.0,0.0,,0
48,-0.3055555555555555,-0.611111111111111,0.0,2.74,0.0,0.0,,0
48,-0.3055555555555555,-0.611111111111111,0.0,2.75,0.0,0.0,,0
48,-0.3055555555555555,-0.611111111111111,0.0,2.76,0.0,0.0,,0
48,-0.3055555555555555,-0.611111111111111,0.0,2.77,0.0,0.0,,0
48,-0.3055555555555555,-0.611111111111111,0.0,2.78,0.0,0.0,,0
48,-0.3055555555555555,-0.611111111111111,0.0,2.79,0.0,0.0,,0
48,-0.3055555555555555,-0.611111111111111,0.0,2.8,0.0,0.0,,0
48,-0.3055555555555555,-0.611111111111111,0.0,2.81,0.0,0.0,,0
48,-0.3055555555555555,-0.611111111111111,0.0,2.82,0.0,0.0,,0
48,-0.3055555555555555,-0.611111111111111,0.0,2.83,0.0,0.0,,0
48,-0.3055555555555555,-0.611111111111111,0.0,2.84,0.0,0.0,,0
48,-0.3055555555555555,-0.611111111111111,0.0,2.85,0.0,0.0,,0
48,-0.3055555555555555,-0.611111111111111,0.0,2.86,0.0,0.0,,0
48,-0.3055555555555555,-0.611111111111111,0.0,2.87,0.0,0.0,,0
48,-0.3055555555555555,-0.611111111111111,0.0,2.88,0.0,0.0,,0
48,-0.3055555555555555,-0.611111111111111,0.0,2.89,0.0,0.0,,0
48,-0.3055555555555555,-0.611111111111111,0.0,2.9,0.0,0.0,,0
48,-0.3055555555555555,-0.611111111111111,0.0,2.91,0.0,0.0,,0
48,-0.3055555555555555,-0.611111111111111,0.0,2.92,0.0,0.0,,0
48,-0.3055555555555555,-0.611111111111111,0.0,2.93,0.0,0.0,,0
48,-0.3055555555555555,-0.611111111111111,0.0,2.94,0.0,0.0,,0
48,-0.3055555555555555,-0.611111111111111,0.0,2.95,0.0,0.0,,0
48,-0.3055555555555555,-0.611111111111111,0.0,2.96,0.0,0.0,,0
48,-0.3055555555555555,-0.611111111111111,0.0,2.97,0.0,0.0,,0
48,-0.3055555555555555,-0.611111111111111,0.0,2.98,0.0,0.0,,0
48,-0.3055555555555555,-0.611111111111111,0.0,2.99,0.0,0.0,,0
48,-0.3055555555555555,-0.611111111111111,0.0,3.0,0.0,0.0,,0
48,-0.3055555555555555,-0.611111111111111,0.0,3.01,0.0,0.0,,0
48,-0.3055555555555555,-0.611111111111111,0.0,3.02,0.0,0.0,,0
48,-0.3055555555555555,-0.611111111111111,0.0,3.03,0.0,0.0,,0
48,-0.3055555555555555,-0.611111111111111,0.0,3.04,0.0,0.0,,0
48,-0.3055555555555555,-0.611111111111111,0.0,3.05,0.0,0.0,,0
48,-0.3055555555555555,-0.611111111111111,0.0,3.06,0.0,0.0,,0
48,-0.3055555555555555,-0.611111111111111,0.0,3.07,0.0,0.0,,0
48,-0.3055555555555555,-0.611111111111111,0.0,3.08,0.0,0.0,,0
48,-0.3055555555555555,-0.611111111111111,0.0,3.09,0.0,0.0,,0
48,-0.3055555555555555,-0.611111111111111,0.0,3.1,0.0,0.0,,0
48,-0.3055555555555555,-0.611111111111111,0.0,3.11,0.0,0.0,,0
48,-0.3055555555555555,-0.611111111111111,0.0,3.12,0.0,0.0,,0
48,-0.3055555555555555,-0.611111111111111,0.0,3.13,0.0,0.0,,0
48,-0.3055555555555555,-0.611111111111111,0.0,3.14,0.0,0.0,,0
48,-0.3055555555555555,-0.611111111111111,0.0,3.15,0.0,0.0,,0
48,-0.3055555555555555,-0.611111111111111,0.0,3.16,0.0,0.0,,0
48,-0.3055555555555555,-0.611111111111111,0.0,3.17,0.0,0.0,,0
48,-0.3055555555555555,-0.611111111111111,0.0,3.18,0.0,0.0,,0
48,-0.3055555555555555,-0.611111111111111,0.0,3.19,0.0,0.0,,0
48,-0.3055555555555555,-0.611111111111111,0.0,3.2,0.0,0.0,,0
48,-0.3055555555555555,-0.611111111111111,0.0,3.21,0.0,0.0,,0
48,-0.3055555555555555,-0.611111111111111,0.0,3.22,0.0,0.0,,0
48,-0.3055555555555555,-0.611111111111111,0.0,3.23,0.0,0.0,,0
48,-0.3055555555555555,-0.611111111111111,0.0,3.24,0.0,0.0,,0
48,-0.3055555555555555,-0.611111111111111,0.0,3.25,0.0,0.0,,0
48,-0.3055555555555555,-0.611111111111111,0.0,3.26,0.0,0.0,,0
48,-0.3055555555555555,-0.611111111111111,0.0,3.27,0.0,0.0,,0
48,-0.3055555555555555,-0.611111111111111,0.0,3.28,0.0,0.0,,0
48,-0.3055555555555555,-0.611111111111111,0.0,3.29,0.0,0.0,,0
48,-0.3055555555555555,-0.611111111111111,0.0,3.3,0.0,0.0,,0
48,-0.3055555555555555,-0.611111111111111,0.0,3.31,0.0,0.0,,0
48,-0.3055555555555555,-0.611111111111111,0.0,3.32,0.0,0.0,,0
48,-0.3055555555555555,-0.611111111111111,0.0,3.33,0.0,0.0,,0
48,-0.3055555555555555,-0.611111111111111,0.0,3.34,0.0,0.0,,0
48,-0.3055555555555555,-0.611111111111111,0.0,3.35,0.0,0.0,,0
48,-0.3055555555555555,-0.611111111111111,0.0,3.36,0.0,0.0,,0
48,-0.3055555555555555,-0.611111111111111,0.0,3.37,0.0,0.0,,0
48,-0.3055555555555555,-0.611111111111111,0.0,3.38,0.0,0.0,,0
48,-0.3055555555555555,-0.611111111111111,0.0,3.39,0.0,0.0,,0
48,-0.3055555555555555,-0.611111111111111,0.0,3.4,0.0,0.0,,0
48,-0.3055555555555555,-0.611111111111111,0.0,3.41,0.0,0.0,,0
48,-0.3055555555555555,-0.611111111111111,0.0,3.42,0.0,0.0,,0
48,-0.3055555555555555,-0.611111111111111,0.0,3.43,0.0,0.0,,0
48,-0.3055555555555555,-0.611111111111111,0.0,3.44,0.0,0.0,,0
48,-0.3055555555555555,-0.611111111111111,0.0,3.45,0.0,0.0,,0
48,-0.3055555555555555,-0.611111111111111,0.0,3.46,0.0,0.0,,0
48,-0.3055555555555555,-0.611111111111111,0.0,3.47,0.0,0.0,,0
48,-0.3055555555555555,-0.611111111111111,0.0,3.48,0.0,0.0,,0
48,-0.3055555555555555,-0.611111111111111,0.0,3.49,0.0,0.0,,0
48,-0.3055555555555555,-0.611111111111111,0.0,3.5,0.0,0.0,,0
48,-0.3055555555555555,-0.611111111111111,0.0,3.51,0.0,0.0,,0
48,-0.3055555555555555,-0.611111111111111,0.0,3.52,0.0,0.0,,0
48,-0.3055555555555555,-0.611111111111111,0.0,3.53,0.0,0.0,,0
48,-0.3055555555555555,-0.611111111111111,0.0,3.54,0.0,0.0,,0
48,-0.3055555555555555,-0.611111111111111,0.0,3.55,0.0,0.0,,0
48,-0.3055555555555555,-0.611111111111111,0.0,3.56,0.0,0.0,,0
48,-0.3055555555555555,-0.611111111111111,0.0,3.57,0.0,0.0,,0
48,-0.3055555555555555,-0.611111111111111,0.0,3.58,0.0,0.0,,0
48,-0.3055555555555555,-0.611111111111111,0.0,3.59,0.0,0.0,,0
48,-0.3055555555555555,-0.611111111111111,0.0,3.6,0.0,0.0,,0
48,-0.3055555555555555,-0.611111111111111,0.0,3.61,0.0,0.0,,0
48,-0.3055555555555555,-0.611111111111111,0.0,3.62,0.0,0.0,,0
48,-0.3055555555555555,-0.611111111111111,0.0,3.63,0.0,0.0,,0
48,-0.3055555555555555,-0.611111111111111,0.0,3.64,0.0,0.0,,0
48,-0.3055555555555555,-0.611111111111111,0.0,3.65,0.0,0.0,,0
48,-0.3055555555555555,-0.611111111111111,0.0,3.66,0.0,0.0,,0
48,-0.3055555555555555,-0.611111111111111,0.0,3.67,0.0,0.0,,0
48,-0.3055555555555555,-0.611111111111111,0.0,3.68,0.0,0.0,,0
48,-0.3055555555555555,-0.611111111111111,0.0,3.69,0.0,0.0,,0
48,-0.3055555555555555,-0.611111111111111,0.0,3.7,0.0,0.0,,0
48,-0.3055555555555555,-0.611111111111111,0.0,3.71,0.0,0.0,,0
48,-0.3055555555555555,-0.611111111111111,0.0,3.72,0.0,0.0,,0
48,-0.3055555555555555,-0.611111111111111,0.0,3.73,0.0,0.0,,0
48,-0.3055555555555555,-0.611111111111111,0.0,3.74,0.0,0.0,,0
48,-0.3055555555555555,-0.611111111111111,0.0,3.75,0.0,0.0,,0
48,-0.3055555555555555,-0.611111111111111,0.0,3.76,0.0,0.0,,0
48,-0.3055555555555555,-0.611111111111111,0.0,3.77,0.0,0.0,,0
48,-0.3055555555555555,-0.611111111111111,0.0,3.78,0.0,0.0,,0
48,-0.3055555555555555,-0.611111111111111,0.0,3.79,0.0,0.0,,0
48,-0.3055555555555555,-0.611111111111111,0.0,3.8,0.0,0.0,,0
48,-0.3055555555555555,-0.611111111111111,0.0,3.81,0.0,0.0,,0
48,-0.3055555555555555,-0.611111111111111,0.0,3.82,0.0,0.0,,0
48,-0.3055555555555555,-0.611111111111111,0.0,3.83,0.0,0.0,,0
48,-0.3055555555555555,-0.611111111111111,0.0,3.84,0.0,0.0,,0
48,-0.3055555555555555,-0.611111111111111,0.0,3.85,0.0,0.0,,0
48,-0.3055555555555555,-0.611111111111111,0.0,3.86,0.0,0.0,,0
48,-0.3055555555555555,-0.611111111111111,0.0,3.87,0.0,0.0,,0
48,-0.3055555555555555,-0.611111111111111,0.0,3.88,0.0,0.0,,0
48,-0.3055555555555555,-0.611111111111111,0.0,3.89,0.0,0.0,,0
48,-0.3055555555555555,-0.611111111111111,0.0,3.9,0.0,0.0,,0
48,-0.3055555555555555,-0.611111111111111,0.0,3.91,0.0,0.0,,0
48,-0.3055555555555555,-0.611111111111111,0.0,3.92,0.0,0.0,,0
48,-0.3055555555555555,-0.611111111111111,0.0,3.93,0.0,0.0,,0
48,-0.3055555555555555,-0.611111111111111,0.0,3.94,0.0,0.0,,0
48,-0.3055555555555555,-0.611111111111111,0.0,3.95,0.0,0.0,,0
48,-0.3055555555555555,-0.611111111111111,0.0,3.96,0.0,0.0,,0
48,-0.3055555555555555,-0.611111111111111,0.0,3.97,0.0,0.0,,0
48,-0.3055555555555555,-0.611111111111111,0.0,3.98,0.0,0.0,,0
48,-0.3055555555555555,-0.611111111111111,0.0,3.99,0.0,0.0,,0
48,-0.3055555555555555,-0.611111111111111,0.0,4.0,0.0,0.0,,0
49,-0.3333333333333333,-0.6666666666666666,0.0,0.5,0.0,0.0,,0
49,-0.3333333333333333,-0.6666666666666666,0.0,0.51,0.0,0.0,,0
49,-0.3333333333333333,-0.6666666666666666,0.0,0.52,0.0,0.0,,0
49,-0.3333333333333333,-0.6666666666666666,0.0,0.53,0.0,0.0,,0
49,-0.3333333333333333,-0.6666666666666666,0.0,0.54,0.0,0.0,,0
49,-0.3333333333333333,-0.6666666666666666,0.0,0.55,0.0,0.0,,0
49,-0.3333333333333333,-0.6666666666666666,0.0,0.56,0.0,0.0,,0
49,-0.3333333333333333,-0.6666666666666666,0.0,0.57,0.0,0.0,,0
49,-0.3333333333333333,-0.6666666666666666,0.0,0.58,0.0,0.0,,0
49,-0.3333333333333333,-0.6666666666666666,0.0,0.59,0.0,0.0,,0
49,-0.3333333333333333,-0.6666666666666666,0.0,0.6,0.0,0.0,,0
49,-0.3333333333333333,-0.6666666666666666,0.0,0.61,0.0,0.0,,0
49,-0.3333333333333333,-0.6666666666666666,0.0,0.62,0.0,0.0,,0
49,-0.3333333333333333,-0.6666666666666666,0.0,0.63,0.0,0.0,,0
49,-0.3333333333333333,-0.6666666666666666,0.0,0.64,0.0,0.0,,0
49,-0.3333333333333333,-0.6666666666666666,0.0,0.65,0.0,0.0,,0
49,-0.3333333333333333,-0.6666666666666666,0.0,0.66,0.0,0.0,,0
49,-0.3333333333333333,-0.6666666666666666,0.0,0.67,0.0,0.0,,0
49,-0.3333333333333333,-0.6666666666666666,0.0,0.68,0.0,0.0,,0
49,-0.3333333333333333,-0.6666666666666666,0.0,0.69,0.0,0.0,,0
49,-0.3333333333333333,-0.6666666666666666,0.0,0.7,0.0,0.0,,0
49,-0.3333333333333333,-0.6666666666666666,0.0,0.71,0.0,0.0,,0
49,-0.3333333333333333,-0.6666666666666666,0.0,0.72,0.0,0.0,,0
49,-0.3333333333333333,-0.6666666666666666,0.0,0.73,0.0,0.0,,0
49,-0.3333333333333333,-0.6666666666666666,0.0,0.74,0.0,0.0,,0
49,-0.3333333333333333,-0.6666666666666666,0.0,0.75,0.0,0.0,,0
49,-0.3333333333333333,-0.6666666666666666,0.0,0.76,0.0,0.0,,0
49,-0.3333333333333333,-0.6666666666666666,0.0,0.77,0.0,0.0,,0
49,-0.3333333333333333,-0.6666666666666666,0.0,0.78,0.0,0.0,,0
49,-0.3333333333333333,-0.6666666666666666,0.0,0.79,0.0,0.0,,0
49,-0.3333333333333333,-0.6666666666666666,0.0,0.8,0.0,0.0,,0
49,-0.3333333333333333,-0.6666666666666666,0.0,0.81,0.0,0.0,,0
49,-0.3333333333333333,-0.6666666666666666,0.0,0.82,0.0,0.0,,0
49,-0.3333333333333333,-0.6666666666666666,0.0,0.83,0.0,0.0,,0
49,-0.3333333333333333,-0.6666666666666666,0.0,0.84,0.0,0.0,,0
49,-0.3333333333333333,-0.6666666666666666,0.0,0.85,0.0,0.0,,0
49,-0.3333333333333333,-0.6666666666666666,0.0,0.86,0.0,0.0,,0
49,-0.3333333333333333,-0.6666666666666666,0.0,0.87,0.0,0.0,,0
49,-0.3333333333333333,-0.6666666666666666,0.0,0.88,0.0,0.0,,0
49,-0.3333333333333333,-0.6666666666666666,0.0,0.89,0.0,0.0,,0
49,-0.3333333333333333,-0.6666666666666666,0.0,0.9,0.0,0.0,,0
49,-0.3333333333333333,-0.6666666666666666,0.0,0.91,0.0,0.0,,0
49,-0.3333333333333333,-0.6666666666666666,0.0,0.92,0.0,0.0,,0
49,-0.3333333333333333,-0.6666666666666666,0.0,0.93,0.0,0.0,,0
49,-0.3333333333333333,-0.6666666666666666,0.0,0.94,0.0,0.0,,0
49,-0.3333333333333333,-0.6666666666666666,0.0,0.95,0.0,0.0,,0
49,-0.3333333333333333,-0.6666666666666666,0.0,0.96,0.0,0.0,,0
49,-0.3333333333333333,-0.6666666666666666,0.0,0.97,0.0,0.0,,0
49,-0.3333333333333333,-0.6666666666666666,0.0,0.98,0.0,0.0,,0
49,-0.3333333333333333,-0.6666666666666666,0.0,0.99,0.0,0.0,,0
49,-0.3333333333333333,-0.6666666666666666,0.0,1.0,0.0,0.0,,0
49,-0.3333333333333333,-0.6666666666666666,0.0,1.01,0.0,0.0,,0
49,-0.3333333333333333,-0.6666666666666666,0.0,1.02,0.0,0.0,,0
49,-0.3333333333333333,-0.6666666666666666,0.0,1.03,0.0,0.0,,0
49,-0.3333333333333333,-0.6666666666666666,0.0,1.04,0.0,0.0,,0
49,-0.3333333333333333,-0.6666666666666666,0.0,1.05,0.0,0.0,,0
49,-0.3333333333333333,-0.6666666666666666,0.0,1.06,0.0,0.0,,0
49,-0.3333333333333333,-0.6666666666666666,0.0,1.07,0.0,0.0,,0
49,-0.3333333333333333,-0.6666666666666666,0.0,1.08,0.0,0.0,,0
49,-0.3333333333333333,-0.6666666666666666,0.0,1.09,0.0,0.0,,0
49,-0.3333333333333333,-0.6666666666666666,0.0,1.1,0.0,0.0,,0
49,-0.3333333333333333,-0.6666666666666666,0.0,1.11,0.0,0.0,,0
49,-0.3333333333333333,-0.6666666666666666,0.0,1.12,0.0,0.0,,0
49,-0.3333333333333333,-0.6666666666666666,0.0,1.13,0.0,0.0,,0
49,-0.3333333333333333,-0.6666666666666666,0.0,1.14,0.0,0.0,,0
49,-0.3333333333333333,-0.6666666666666666,0.0,1.15,0.0,0.0,,0
49,-0.3333333333333333,-0.6666666666666666,0.0,1.16,0.0,0.0,,0
49,-0.3333333333333333,-0.6666666666666666,0.0,1.17,0.0,0.0,,0
49,-0.3333333333333333,-0.6666666666666666,0.0,1.18,0.0,0.0,,0
49,-0.3333333333333333,-0.6666666666666666,0.0,1.19,0.0,0.0,,0
49,-0.3333333333333333,-0.6666666666666666,0.0,1.2,0.0,0.0,,0
49,-0.3333333333333333,-0.6666666666666666,0.0,1.21,0.0,0.0,,0
49,-0.3333333333333333,-0.6666666666666666,0.0,1.22,0.0,0.0,,0
49,-0.3333333333333333,-0.6666666666666666,0.0,1.23,0.0,0.0,,0
49,-0.3333333333333333,-0.6666666666666666,0.0,1.24,0.0,0.0,,0
49,-0.3333333333333333,-0.6666666666666666,0.0,1.25,0.0,0.0,,0
49,-0.3333333333333333,-0.6666666666666666,0.0,1.26,0.0,0.0,,0
49,-0.3333333333333333,-0.6666666666666666,0.0,1.27,0.0,0.0,,0
49,-0.3333333333333333,-0.6666666666666666,0.0,1.28,0.0,0.0,,0
49,-0.3333333333333333,-0.6666666666666666,0.0,1.29,0.0,0.0,,0
49,-0.3333333333333333,-0.6666666666666666,0.0,1.3,0.0,0.0,,0
49,-0.3333333333333333,-0.6666666666666666,0.0,1.31,0.0,0.0,,0
49,-0.3333333333333333,-0.6666666666666666,0.0,1.32,0.0,0.0,,0
49,-0.3333333333333333,-0.6666666666666666,0.0,1.33,0.0,0.0,,0
49,-0.3333333333333333,-0.6666666666666666,0.0,1.34,0.0,0.0,,0
49,-0.3333333333333333,-0.6666666666666666,0.0,1.35,0.0,0.0,,0
49,-0.3333333333333333,-0.6666666666666666,0.0,1.36,0.0,0.0,,0
49,-0.3333333333333333,-0.6666666666666666,0.0,1.37,0.0,0.0,,0
49,-0.3333333333333333,-0.6666666666666666,0.0,1.38,0.0,0.0,,0
49,-0.3333333333333333,-0.6666666666666666,0.0,1.39,0.0,0.0,,0
49,-0.3333333333333333,-0.6666666666666666,0.0,1.4,0.0,0.0,,0
49,-0.3333333333333333,-0.6666666666666666,0.0,1.41,0.0,0.0,,0
49,-0.3333333333333333,-0.6666666666666666,0.0,1.42,0.0,0.0,,0
49,-0.3333333333333333,-0.6666666666666666,0.0,1.43,0.0,0.0,,0
49,-0.3333333333333333,-0.6666666666666666,0.0,1.44,0.0,0.0,,0
49,-0.3333333333333333,-0.6666666666666666,0.0,1.45,0.0,0.0,,0
49,-0.3333333333333333,-0.6666666666666666,0.0,1.46,0.0,0.0,,0
49,-0.3333333333333333,-0.6666666666666666,0.0,1.47,0.0,0.0,,0
49,-0.3333333333333333,-0.6666666666666666,0.0,1.48,0.0,0.0,,0
49,-0.3333333333333333,-0.6666666666666666,0.0,1.49,0.0001,0.0001,0.0,1
49,-0.3333333333333333,-0.6666666666666666,0.0,1.5,0.0001,0.0001,0.0,1
49,-0.3333333333333333,-0.6666666666666666,0.0,1.51,0.0002,0.0002,0.0,1
49,-0.3333333333333333,-0.6666666666666666,0.0,1.52,0.0004,0.0004,0.0,1
49,-0.3333333333333333,-0.6666666666666666,0.0,1.53,0.0008,0.0008,0.0,1
49,-0.3333333333333333,-0.6666666666666666,0.0,1.54,0.0013,0.0013,0.0,1
49,-0.3333333333333333,-0.6666666666666666,0.0,1.55,0.0022,0.0022,0.0,1
49,-0.3333333333333333,-0.6666666666666666,0.0,1.56,0.0034,0.0034,0.0,1
49,-0.3333333333333333,-0.6666666666666666,0.0,1.57,0.0052,0.0052,0.0,1
49,-0.3333333333333333,-0.6666666666666666,0.0,1.58,0.0077,0.0077,0.0,1
49,-0.3333333333333333,-0.6666666666666666,0.0,1.59,0.0108,0.0108,0.0,1
49,-0.3333333333333333,-0.6666666666666666,0.0,1.6,0.0146,0.0146,0.0,1
49,-0.3333333333333333,-0.6666666666666666,0.0,1.61,0.0189,0.0189,0.0,1
49,-0.3333333333333333,-0.6666666666666666,0.0,1.62,0.0236,0.0236,0.0,1
49,-0.3333333333333333,-0.6666666666666666,0.0,1.63,0.0283,0.0283,0.0,1
49,-0.3333333333333333,-0.6666666666666666,0.0,1.64,0.0326,0.0326,0.0,1
49,-0.3333333333333333,-0.6666666666666666,0.0,1.65,0.0361,0.0361,0.0,1
49,-0.3333333333333333,-0.6666666666666666,0.0,1.66,0.0384,0.0384,0.0,1
49,-0.3333333333333333,-0.6666666666666666,0.0,1.67,0.0393,0.0393,0.0,1
49,-0.3333333333333333,-0.6666666666666666,0.0,1.68,0.0386,0.0386,0.0,1
49,-0.3333333333333333,-0.6666666666666666,0.0,1.69,0.0366,0.0366,0.0,1
49,-0.3333333333333333,-0.6666666666666666,0.0,1.7,0.0334,0.0334,0.0,1
49,-0.3333333333333333,-0.6666666666666666,0.0,1.71,0.0295,0.0295,0.0,1
49,-0.3333333333333333,-0.6666666666666666,0.0,1.72,0.0254,0.0254,0.0,1
49,-0.3333333333333333,-0.6666666666666666,0.0,1.73,0.0215,0.0215,0.0,1
49,-0.3333333333333333,-0.6666666666666666,0.0,1.74,0.0184,0.0184,0.0,1
49,-0.3333333333333333,-0.6666666666666666,0.0,1.75,0.0162,0.0162,0.0,1
49,-0.3333333333333333,-0.6666666666666666,0.0,1.76,0.0153,0.0153,0.0,1
49,-0.3333333333333333,-0.6666666666666666,0.0,1.77,0.0156,0.0156,0.0,1
49,-0.3333333333333333,-0.6666666666666666,0.0,1.78,0.017,0.017,0.0,1
49,-0.3333333333333333,-0.6666666666666666,0.0,1.79,0.0193,0.0193,0.0,1
49,-0.3333333333333333,-0.6666666666666666,0.0,1.8,0.0222,0.0222,0.0,1
49,-0.3333333333333333,-0.6666666666666666,0.0,1.81,0.0253,0.0253,0.0,1
49,-0.3333333333333333,-0.6666666666666666,0.0,1.82,0.028,0.028,0.0,1
49,-0.3333333333333333,-0.6666666666666666,0.0,1.83,0.0301,0.0301,0.0,1
49,-0.3333333333333333,-0.6666666666666666,0.0,1.84,0.0312,0.0312,0.0,1
49,-0.3333333333333333,-0.6666666666666666,0.0,1.85,0.0311,0.0311,0.0,1
49,-0.3333333333333333,-0.6666666666666666,0.0,1.86,0.0299,0.0299,0.0,1
49,-0.3333333333333333,-0.6666666666666666,0.0,1.87,0.0276,0.0276,0.0,1
49,-0.3333333333333333,-0.6666666666666666,0.0,1.88,0.0244,0.0244,0.0,1
49,-0.3333333333333333,-0.6666666666666666,0.0,1.89,0.0208,0.0208,0.0,1
49,-0.3333333333333333,-0.6666666666666666,0.0,1.9,0.0171,0.0171,0.0,1
49,-0.3333333333333333,-0.6666666666666666,0.0,1.91,0.0134,0.0134,0.0,1
49,-0.3333333333333333,-0.6666666666666666,0.0,1.92,0.0101,0.0101,0.0,1
49,-0.3333333333333333,-0.6666666666666666,0.0,1.93,0.0074,0.0074,0.0,1
49,-0.3333333333333333,-0.6666666666666666,0.0,1.94,0.0051,0.0051,0.0,1
49,-0.3333333333333333,-0.6666666666666666,0.0,1.95,0.0034,0.0034,0.0,1
49,-0.3333333333333333,-0.6666666666666666,0.0,1.96,0.0022,0.0022,0.0,1
49,-0.3333333333333333,-0.6666666666666666,0.0,1.97,0.0014,0.0014,0.0,1
49,-0.3333333333333333,-0.6666666666666666,0.0,1.98,0.0008,0.0008,0.0,1
49,-0.3333333333333333,-0.6666666666666666,0.0,1.99,0.0005,0.0005,0.0,1
49,-0.3333333333333333,-0.6666666666666666,0.0,2.0,0.0003,0.0003,0.0,1
49,-0.3333333333333333,-0.6666666666666666,0.0,2.01,0.0001,0.0001,0.0,1
49,-0.3333333333333333,-0.6666666666666666,0.0,2.02,0.0001,0.0001,0.0,1
49,-0.3333333333333333,-0.6666666666666666,0.0,2.03,0.0,0.0,,0
49,-0.3333333333333333,-0.6666666666666666,0.0,2.04,0.0,0.0,,0
49,-0.3333333333333333,-0.6666666666666666,0.0,2.05,0.0,0.0,,0
49,-0.3333333333333333,-0.6666666666666666,0.0,2.06,0.0,0.0,,0
49,-0.3333333333333333,-0.6666666666666666,0.0,2.07,0.0,0.0,,0
49,-0.3333333333333333,-0.6666666666666666,0.0,2.08,0.0,0.0,,0
49,-0.3333333333333333,-0.6666666666666666,0.0,2.09,0.0,0.0,,0
49,-0.3333333333333333,-0.6666666666666666,0.0,2.1,0.0,0.0,,0
49,-0.3333333333333333,-0.6666666666666666,0.0,2.11,0.0,0.0,,0
49,-0.3333333333333333,-0.6666666666666666,0.0,2.12,0.0,0.0,,0
49,-0.3333333333333333,-0.6666666666666666,0.0,2.13,0.0,0.0,,0
49,-0.3333333333333333,-0.6666666666666666,0.0,2.14,0.0,0.0,,0
49,-0.3333333333333333,-0.6666666666666666,0.0,2.15,0.0,0.0,,0
49,-0.3333333333333333,-0.6666666666666666,0.0,2.16,0.0,0.0,,0
49,-0.3333333333333333,-0.6666666666666666,0.0,2.17,0.0,0.0,,0
49,-0.3333333333333333,-0.6666666666666666,0.0,2.18,0.0,0.0,,0
49,-0.3333333333333333,-0.6666666666666666,0.0,2.19,0.0,0.0,,0
49,-0.3333333333333333,-0.6666666666666666,0.0,2.2,0.0,0.0,,0
49,-0.3333333333333333,-0.6666666666666666,0.0,2.21,0.0,0.0,,0
49,-0.3333333333333333,-0.6666666666666666,0.0,2.22,0.0,0.0,,0
49,-0.3333333333333333,-0.6666666666666666,0.0,2.23,0.0,0.0,,0
49,-0.3333333333333333,-0.6666666666666666,0.0,2.24,0.0,0.0,,0
49,-0.3333333333333333,-0.6666666666666666,0.0,2.25,0.0,0.0,,0
49,-0.3333333333333333,-0.6666666666666666,0.0,2.26,0.0,0.0,,0
49,-0.3333333333333333,-0.6666666666666666,0.0,2.27,0.0,0.0,,0
49,-0.3333333333333333,-0.6666666666666666,0.0,2.28,0.0,0.0,,0
49,-0.3333333333333333,-0.6666666666666666,0.0,2.29,0.0,0.0,,0
49,-0.3333333333333333,-0.6666666666666666,0.0,2.3,0.0,0.0,,0
49,-0.3333333333333333,-0.6666666666666666,0.0,2.31,0.0,0.0,,0
49,-0.3333333333333333,-0.6666666666666666,0.0,2.32,0.0,0.0,,0
49,-0.3333333333333333,-0.6666666666666666,0.0,2.33,0.0,0.0,,0
49,-0.3333333333333333,-0.6666666666666666,0.0,2.34,0.0,0.0,,0
49,-0.3333333333333333,-0.6666666666666666,0.0,2.35,0.0,0.0,,0
49,-0.3333333333333333,-0.6666666666666666,0.0,2.36,0.0,0.0,,0
49,-0.3333333333333333,-0.6666666666666666,0.0,2.37,0.0,0.0,,0
49,-0.3333333333333333,-0.6666666666666666,0.0,2.38,0.0,0.0,,0
49,-0.3333333333333333,-0.6666666666666666,0.0,2.39,0.0,0.0,,0
49,-0.3333333333333333,-0.6666666666666666,0.0,2.4,0.0,0.0,,0
49,-0.3333333333333333,-0.6666666666666666,0.0,2.41,0.0,0.0,,0
49,-0.3333333333333333,-0.6666666666666666,0.0,2.42,0.0,0.0,,0
49,-0.3333333333333333,-0.6666666666666666,0.0,2.43,0.0,0.0,,0
49,-0.3333333333333333,-0.6666666666666666,0.0,2.44,0.0,0.0,,0
49,-0.3333333333333333,-0.6666666666666666,0.0,2.45,0.0,0.0,,0
49,-0.3333333333333333,-0.6666666666666666,0.0,2.46,0.0,0.0,,0
49,-0.3333333333333333,-0.6666666666666666,0.0,2.47,0.0,0.0,,0
49,-0.3333333333333333,-0.6666666666666666,0.0,2.48,0.0,0.0,,0
49,-0.3333333333333333,-0.6666666666666666,0.0,2.49,0.0,0.0,,0
49,-0.3333333333333333,-0.6666666666666666,0.0,2.5,0.0,0.0,,0
49,-0.3333333333333333,-0.6666666666666666,0.0,2.51,0.0,0.0,,0
49,-0.3333333333333333,-0.6666666666666666,0.0,2.52,0.0,0.0,,0
49,-0.3333333333333333,-0.6666666666666666,0.0,2.53,0.0,0.0,,0
49,-0.3333333333333333,-0.6666666666666666,0.0,2.54,0.0,0.0,,0
49,-0.3333333333333333,-0.6666666666666666,0.0,2.55,0.0,0.0,,0
49,-0.3333333333333333,-0.6666666666666666,0.0,2.56,0.0,0.0,,0
49,-0.3333333333333333,-0.6666666666666666,0.0,2.57,0.0,0.0,,0
49,-0.3333333333333333,-0.6666666666666666,0.0,2.58,0.0,0.0,,0
49,-0.3333333333333333,-0.6666666666666666,0.0,2.59,0.0,0.0,,0
49,-0.3333333333333333,-0.6666666666666666,0.0,2.6,0.0,0.0,,0
49,-0.3333333333333333,-0.6666666666666666,0.0,2.61,0.0,0.0,,0
49,-0.3333333333333333,-0.6666666666666666,0.0,2.62,0.0,0.0,,0
49,-0.3333333333333333,-0.6666666666666666,0.0,2.63,0.0,0.0,,0
49,-0.3333333333333333,-0.6666666666666666,0.0,2.64,0.0,0.0,,0
49,-0.3333333333333333,-0.6666666666666666,0.0,2.65,0.0,0.0,,0
49,-0.3333333333333333,-0.6666666666666666,0.0,2.66,0.0,0.0,,0
49,-0.3333333333333333,-0.6666666666666666,0.0,2.67,0.0,0.0,,0
49,-0.3333333333333333,-0.6666666666666666,0.0,2.68,0.0,0.0,,0
49,-0.3333333333333333,-0.6666666666666666,0.0,2.69,0.0,0.0,,0
49,-0.3333333333333333,-0.6666666666666666,0.0,2.7,0.0,0.0,,0
49,-0.3333333333333333,-0.6666666666666666,0.0,2.71,0.0,0.0,,0
49,-0.3333333333333333,-0.6666666666666666,0.0,2.72,0.0,0.0,,0
49,-0.3333333333333333,-0.6666666666666666,0.0,2.73,0.0,0.0,,0
49,-0.3333333333333333,-0.6666666666666666,0.0,2.74,0.0,0.0,,0
49,-0.3333333333333333,-0.6666666666666666,0.0,2.75,0.0,0.0,,0
49,-0.3333333333333333,-0.6666666666666666,0.0,2.76,0.0,0.0,,0
49,-0.3333333333333333,-0.6666666666666666,0.0,2.77,0.0,0.0,,0
49,-0.3333333333333333,-0.6666666666666666,0.0,2.78,0.0,0.0,,0
49,-0.3333333333333333,-0.6666666666666666,0.0,2.79,0.0,0.0,,0
49,-0.3333333333333333,-0.6666666666666666,0.0,2.8,0.0,0.0,,0
49,-0.3333333333333333,-0.6666666666666666,0.0,2.81,0.0,0.0,,0
49,-0.3333333333333333,-0.6666666666666666,0.0,2.82,0.0,0.0,,0
49,-0.3333333333333333,-0.6666666666666666,0.0,2.83,0.0,0.0,,0
49,-0.3333333333333333,-0.6666666666666666,0.0,2.84,0.0,0.0,,0
49,-0.3333333333333333,-0.6666666666666666,0.0,2.85,0.0,0.0,,0
49,-0.3333333333333333,-0.6666666666666666,0.0,2.86,0.0,0.0,,0
49,-0.3333333333333333,-0.6666666666666666,0.0,2.87,0.0,0.0,,0
49,-0.3333333333333333,-0.6666666666666666,0.0,2.88,0.0,0.0,,0
49,-0.3333333333333333,-0.6666666666666666,0.0,2.89,0.0,0.0,,0
49,-0.3333333333333333,-0.6666666666666666,0.0,2.9,0.0,0.0,,0
49,-0.3333333333333333,-0.6666666666666666,0.0,2.91,0.0,0.0,,0
49,-0.3333333333333333,-0.6666666666666666,0.0,2.92,0.0,0.0,,0
49,-0.3333333333333333,-0.6666666666666666,0.0,2.93,0.0,0.0,,0
49,-0.3333333333333333,-0.6666666666666666,0.0,2.94,0.0,0.0,,0
49,-0.3333333333333333,-0.6666666666666666,0.0,2.95,0.0,0.0,,0
49,-0.3333333333333333,-0.6666666666666666,0.0,2.96,0.0,0.0,,0
49,-0.3333333333333333,-0.6666666666666666,0.0,2.97,0.0,0.0,,0
49,-0.3333333333333333,-0.6666666666666666,0.0,2.98,0.0,0.0,,0
49,-0.3333333333333333,-0.6666666666666666,0.0,2.99,0.0,0.0,,0
49,-0.3333333333333333,-0.6666666666666666,0.0,3.0,0.0,0.0,,0
49,-0.3333333333333333,-0.6666666666666666,0.0,3.01,0.0,0.0,,0
49,-0.3333333333333333,-0.6666666666666666,0.0,3.02,0.0,0.0,,0
49,-0.3333333333333333,-0.6666666666666666,0.0,3.03,0.0,0.0,,0
49,-0.3333333333333333,-0.6666666666666666,0.0,3.04,0.0,0.0,,0
49,-0.3333333333333333,-0.6666666666666666,0.0,3.05,0.0,0.0,,0
49,-0.3333333333333333,-0.6666666666666666,0.0,3.06,0.0,0.0,,0
49,-0.3333333333333333,-0.6666666666666666,0.0,3.07,0.0,0.0,,0
49,-0.3333333333333333,-0.6666666666666666,0.0,3.08,0.0,0.0,,0
49,-0.3333333333333333,-0.6666666666666666,0.0,3.09,0.0,0.0,,0
49,-0.3333333333333333,-0.6666666666666666,0.0,3.1,0.0,0.0,,0
49,-0.3333333333333333,-0.6666666666666666,0.0,3.11,0.0,0.0,,0
49,-0.3333333333333333,-0.6666666666666666,0.0,3.12,0.0,0.0,,0
49,-0.3333333333333333,-0.6666666666666666,0.0,3.13,0.0,0.0,,0
49,-0.3333333333333333,-0.6666666666666666,0.0,3.14,0.0,0.0,,0
49,-0.3333333333333333,-0.6666666666666666,0.0,3.15,0.0,0.0,,0
49,-0.3333333333333333,-0.6666666666666666,0.0,3.16,0.0,0.0,,0
49,-0.3333333333333333,-0.6666666666666666,0.0,3.17,0.0,0.0,,0
49,-0.3333333333333333,-0.6666666666666666,0.0,3.18,0.0,0.0,,0
49,-0.3333333333333333,-0.6666666666666666,0.0,3.19,0.0,0.0,,0
49,-0.3333333333333333,-0.6666666666666666,0.0,3.2,0.0,0.0,,0
49,-0.3333333333333333,-0.6666666666666666,0.0,3.21,0.0,0.0,,0
49,-0.3333333333333333,-0.6666666666666666,0.0,3.22,0.0,0.0,,0
49,-0.3333333333333333,-0.6666666666666666,0.0,3.23,0.0,0.0,,0
49,-0.3333333333333333,-0.6666666666666666,0.0,3.24,0.0,0.0,,0
49,-0.3333333333333333,-0.6666666666666666,0.0,3.25,0.0,0.0,,0
49,-0.3333333333333333,-0.6666666666666666,0.0,3.26,0.0,0.0,,0
49,-0.3333333333333333,-0.6666666666666666,0.0,3.27,0.0,0.0,,0
49,-0.3333333333333333,-0.6666666666666666,0.0,3.28,0.0,0.0,,0
49,-0.3333333333333333,-0.6666666666666666,0.0,3.29,0.0,0.0,,0
49,-0.3333333333333333,-0.6666666666666666,0.0,3.3,0.0,0.0,,0
49,-0.3333333333333333,-0.6666666666666666,0.0,3.31,0.0,0.0,,0
49,-0.3333333333333333,-0.6666666666666666,0.0,3.32,0.0,0.0,,0
49,-0.3333333333333333,-0.6666666666666666,0.0,3.33,0.0,0.0,,0
49,-0.3333333333333333,-0.6666666666666666,0.0,3.34,0.0,0.0,,0
49,-0.3333333333333333,-0.6666666666666666,0.0,3.35,0.0,0.0,,0
49,-0.3333333333333333,-0.6666666666666666,0.0,3.36,0.0,0.0,,0
49,-0.3333333333333333,-0.6666666666666666,0.0,3.37,0.0,0.0,,0
49,-0.3333333333333333,-0.6666666666666666,0.0,3.38,0.0,0.0,,0
49,-0.3333333333333333,-0.6666666666666666,0.0,3.39,0.0,0.0,,0
49,-0.3333333333333333,-0.6666666666666666,0.0,3.4,0.0,0.0,,0
49,-0.3333333333333333,-0.6666666666666666,0.0,3.41,0.0,0.0,,0
49,-0.3333333333333333,-0.6666666666666666,0.0,3.42,0.0,0.0,,0
49,-0.3333333333333333,-0.6666666666666666,0.0,3.43,0.0,0.0,,0
49,-0.3333333333333333,-0.6666666666666666,0.0,3.44,0.0,0.0,,0
49,-0.3333333333333333,-0.6666666666666666,0.0,3.45,0.0,0.0,,0
49,-0.3333333333333333,-0.6666666666666666,0.0,3.46,0.0,0.0,,0
49,-0.3333333333333333,-0.6666666666666666,0.0,3.47,0.0,0.0,,0
49,-0.3333333333333333,-0.6666666666666666,0.0,3.48,0.0,0.0,,0
49,-0.3333333333333333,-0.6666666666666666,0.0,3.49,0.0,0.0,,0
49,-0.3333333333333333,-0.6666666666666666,0.0,3.5,0.0,0.0,,0
49,-0.3333333333333333,-0.6666666666666666,0.0,3.51,0.0,0.0,,0
49,-0.3333333333333333,-0.6666666666666666,0.0,3.52,0.0,0.0,,0
49,-0.3333333333333333,-0.6666666666666666,0.0,3.53,0.0,0.0,,0
49,-0.3333333333333333,-0.6666666666666666,0.0,3.54,0.0,0.0,,0
49,-0.3333333333333333,-0.6666666666666666,0.0,3.55,0.0,0.0,,0
49,-0.3333333333333333,-0.6666666666666666,0.0,3.56,0.0,0.0,,0
49,-0.3333333333333333,-0.6666666666666666,0.0,3.57,0.0,0.0,,0
49,-0.3333333333333333,-0.6666666666666666,0.0,3.58,0.0,0.0,,0
49,-0.3333333333333333,-0.6666666666666666,0.0,3.59,0.0,0.0,,0
49,-0.3333333333333333,-0.6666666666666666,0.0,3.6,0.0,0.0,,0
49,-0.3333333333333333,-0.6666666666666666,0.0,3.61,0.0,0.0,,0
49,-0.3333333333333333,-0.6666666666666666,0.0,3.62,0.0,0.0,,0
49,-0.3333333333333333,-0.6666666666666666,0.0,3.63,0.0,0.0,,0
49,-0.3333333333333333,-0.6666666666666666,0.0,3.64,0.0,0.0,,0
49,-0.3333333333333333,-0.6666666666666666,0.0,3.65,0.0,0.0,,0
49,-0.3333333333333333,-0.6666666666666666,0.0,3.66,0.0,0.0,,0
49,-0.3333333333333333,-0.6666666666666666,0.0,3.67,0.0,0.0,,0
49,-0.3333333333333333,-0.6666666666666666,0.0,3.68,0.0,0.0,,0
49,-0.3333333333333333,-0.6666666666666666,0.0,3.69,0.0,0.0,,0
49,-0.3333333333333333,-0.6666666666666666,0.0,3.7,0.0,0.0,,0
49,-0.3333333333333333,-0.6666666666666666,0.0,3.71,0.0,0.0,,0
49,-0.3333333333333333,-0.6666666666666666,0.0,3.72,0.0,0.0,,0
49,-0.3333333333333333,-0.6666666666666666,0.0,3.73,0.0,0.0,,0
49,-0.3333333333333333,-0.6666666666666666,0.0,3.74,0.0,0.0,,0
49,-0.3333333333333333,-0.6666666666666666,0.0,3.75,0.0,0.0,,0
49,-0.3333333333333333,-0.6666666666666666,0.0,3.76,0.0,0.0,,0
49,-0.3333333333333333,-0.6666666666666666,0.0,3.77,0.0,0.0,,0
49,-0.3333333333333333,-0.6666666666666666,0.0,3.78,0.0,0.0,,0
49,-0.3333333333333333,-0.6666666666666666,0.0,3.79,0.0,0.0,,0
49,-0.3333333333333333,-0.6666666666666666,0.0,3.8,0.0,0.0,,0
49,-0.3333333333333333,-0.6666666666666666,0.0,3.81,0.0,0.0,,0
49,-0.3333333333333333,-0.6666666666666666,0.0,3.82,0.0,0.0,,0
49,-0.3333333333333333,-0.6666666666666666,0.0,3.83,0.0,0.0,,0
49,-0.3333333333333333,-0.6666666666666666,0.0,3.84,0.0,0.0,,0
49,-0.3333333333333333,-0.6666666666666666,0.0,3.85,0.0,0.0,,0
49,-0.3333333333333333,-0.6666666666666666,0.0,3.86,0.0,0.0,,0
49,-0.3333333333333333,-0.6666666666666666,0.0,3.87,0.0,0.0,,0
49,-0.3333333333333333,-0.6666666666666666,0.0,3.88,0.0,0.0,,0
49,-0.3333333333333333,-0.6666666666666666,0.0,3.89,0.0,0.0,,0
49,-0.3333333333333333,-0.6666666666666666,0.0,3.9,0.0,0.0,,0
49,-0.3333333333333333,-0.6666666666666666,0.0,3.91,0.0,0.0,,0
49,-0.3333333333333333,-0.6666666666666666,0.0,3.92,0.0,0.0,,0
49,-0.3333333333333333,-0.6666666666666666,0.0,3.93,0.0,0.0,,0
49,-0.3333333333333333,-0.6666666666666666,0.0,3.94,0.0,0.0,,0
49,-0.3333333333333333,-0.6666666666666666,0.0,3.95,0.0,0.0,,0
49,-0.3333333333333333,-0.6666666666666666,0.0,3.96,0.0,0.0,,0
49,-0.3333333333333333,-0.6666666666666666,0.0,3.97,0.0,0.0,,0
49,-0.3333333333333333,-0.6666666666666666,0.0,3.98,0.0,0.0,,0
49,-0.3333333333333333,-0.6666666666666666,0.0,3.99,0.0,0.0,,0
49,-0.3333333333333333,-0.6666666666666666,0.0,4.0,0.0,0.0,,0
